 1  0.00278339535
 2  0.00278339535
 3  0.00240384135
 4  0.00253035943
 5  0.00278339535
 6  0.00265687727
 7  0.00278339535
 8  0.00278339535
 9  0.00278339535
 10  0.00290991319
 11  0.00290991319
 12  0.00290991319
 13  0.00290991319
 14  0.00303643127
 15  0.00278339535
 16  0.00290991319
 17  0.00290991319
 18  0.00278339535
 19  0.00290991319
 20  0.00290991319
 21  0.00290991319
 22  0.00278339535
 23  0.00290991319
 24  0.00290991319
 25  0.00278339535
 26  0.00290991319
 27  0.00290991319
 28  0.00290991319
 29  0.00316294911
 30  0.00303643127
 31  0.00303643127
 32  0.00303643127
 33  0.00303643127
 34  0.00316294911
 35  0.00303643127
 36  0.00303643127
 37  0.00303643127
 38  0.00328946719
 39  0.00316294911
 40  0.00303643127
 41  0.00303643127
 42  0.00316294911
 43  0.00316294911
 44  0.00303643127
 45  0.00316294911
 46  0.00316294911
 47  0.00316294911
 48  0.00316294911
 49  0.00303643127
 50  0.00303643127
 51  0.00303643127
 52  0.00303643127
 53  0.00303643127
 54  0.00316294911
 55  0.00316294911
 56  0.00316294911
 57  0.00316294911
 58  0.00303643127
 59  0.00303643127
 60  0.00303643127
 61  0.00316294911
 62  0.00316294911
 63  0.00303643127
 64  0.00303643127
 65  0.00328946719
 66  0.00303643127
 67  0.00303643127
 68  0.00316294911
 69  0.00303643127
 70  0.00303643127
 71  0.00303643127
 72  0.00303643127
 73  0.00303643127
 74  0.00290991319
 75  0.00303643127
 76  0.00316294911
 77  0.00316294911
 78  0.00316294911
 79  0.00303643127
 80  0.00316294911
 81  0.00303643127
 82  0.00316294911
 83  0.00316294911
 84  0.00316294911
 85  0.00328946719
 86  0.00316294911
 87  0.00316294911
 88  0.00328946719
 89  0.00316294911
 90  0.00316294911
 91  0.00316294911
 92  0.00316294911
 93  0.00316294911
 94  0.00303643127
 95  0.00316294911
 96  0.00303643127
 97  0.00316294911
 98  0.00303643127
 99  0.00303643127
 100  0.00316294911
 101  0.00316294911
 102  0.00316294911
 103  0.00316294911
 104  0.00303643127
 105  0.00316294911
 106  0.00316294911
 107  0.00316294911
 108  0.00316294911
 109  0.00316294911
 110  0.00316294911
 111  0.00316294911
 112  0.00316294911
 113  0.00316294911
 114  0.00303643127
 115  0.00316294911
 116  0.00303643127
 117  0.00316294911
 118  0.00303643127
 119  0.00303643127
 120  0.00303643127
 121  0.00290991319
 122  0.00316294911
 123  0.00316294911
 124  0.00303643127
 125  0.00316294911
 126  0.00303643127
 127  0.00316294911
 128  0.00316294911
 129  0.00316294911
 130  0.00316294911
 131  0.00316294911
 132  0.00303643127
 133  0.00303643127
 134  0.00316294911
 135  0.00316294911
 136  0.00303643127
 137  0.00303643127
 138  0.00316294911
 139  0.00303643127
 140  0.00303643127
 141  0.00316294911
 142  0.00303643127
 143  0.00303643127
 144  0.00303643127
 145  0.00303643127
 146  0.00303643127
 147  0.00290991319
 148  0.00290991319
 149  0.00303643127
 150  0.00290991319
 151  0.00278339535
 152  0.00290991319
 153  0.00290991319
 154  0.00290991319
 155  0.00290991319
 156  0.00290991319
 157  0.00290991319
 158  0.00290991319
 159  0.00290991319
 160  0.00290991319
 161  0.00290991319
 162  0.00290991319
 163  0.00278339535
 164  0.00278339535
 165  0.00278339535
 166  0.00290991319
 167  0.00278339535
 168  0.00278339535
 169  0.00278339535
 170  0.00278339535
 171  0.00278339535
 172  0.00290991319
 173  0.00290991319
 174  0.00290991319
 175  0.00278339535
 176  0.00290991319
 177  0.00290991319
 178  0.00290991319
 179  0.00290991319
 180  0.00290991319
 181  0.00303643127
 182  0.00290991319
 183  0.00290991319
 184  0.00290991319
 185  0.00303643127
 186  0.00290991319
 187  0.00303643127
 188  0.00290991319
 189  0.00290991319
 190  0.00290991319
 191  0.00290991319
 192  0.00290991319
 193  0.00303643127
 194  0.00290991319
 195  0.00303643127
 196  0.00303643127
 197  0.00303643127
 198  0.00316294911
 199  0.00303643127
 200  0.00303643127
 201  0.00328946719
 202  0.00303643127
 203  0.00303643127
 204  0.00316294911
 205  0.00316294911
 206  0.00316294911
 207  0.00328946719
 208  0.00316294911
 209  0.00316294911
 210  0.00328946719
 211  0.00303643127
 212  0.00316294911
 213  0.00316294911
 214  0.00303643127
 215  0.00316294911
 216  0.00316294911
 217  0.00316294911
 218  0.00303643127
 219  0.00316294911
 220  0.00316294911
 221  0.00303643127
 222  0.00316294911
 223  0.00303643127
 224  0.00316294911
 225  0.00316294911
 226  0.00316294911
 227  0.00316294911
 228  0.00316294911
 229  0.00316294911
 230  0.00316294911
 231  0.00328946719
 232  0.00316294911
 233  0.00328946719
 234  0.00316294911
 235  0.00316294911
 236  0.00303643127
 237  0.00303643127
 238  0.00316294911
 239  0.00328946719
 240  0.00303643127
 241  0.00328946719
 242  0.00316294911
 243  0.00316294911
 244  0.00316294911
 245  0.00328946719
 246  0.00328946719
 247  0.00341598503
 248  0.00316294911
 249  0.00328946719
 250  0.00316294911
 251  0.00316294911
 252  0.00328946719
 253  0.00328946719
 254  0.00316294911
 255  0.00328946719
 256  0.00328946719
 257  0.00328946719
 258  0.00316294911
 259  0.00316294911
 260  0.00316294911
 261  0.00328946719
 262  0.00316294911
 263  0.00316294911
 264  0.00316294911
 265  0.00303643127
 266  0.00316294911
 267  0.00316294911
 268  0.00316294911
 269  0.00316294911
 270  0.00316294911
 271  0.00328946719
 272  0.00328946719
 273  0.00316294911
 274  0.00316294911
 275  0.00328946719
 276  0.00316294911
 277  0.00328946719
 278  0.00316294911
 279  0.00316294911
 280  0.00316294911
 281  0.00328946719
 282  0.00328946719
 283  0.00316294911
 284  0.00303643127
 285  0.00303643127
 286  0.00316294911
 287  0.00303643127
 288  0.00316294911
 289  0.00303643127
 290  0.00316294911
 291  0.00328946719
 292  0.00328946719
 293  0.00316294911
 294  0.00303643127
 295  0.00316294911
 296  0.00303643127
 297  0.00316294911
 298  0.00316294911
 299  0.00316294911
 300  0.00316294911
 301  0.00303643127
 302  0.00316294911
 303  0.00316294911
 304  0.00328946719
 305  0.00316294911
 306  0.00316294911
 307  0.00303643127
 308  0.00316294911
 309  0.00303643127
 310  0.00303643127
 311  0.00303643127
 312  0.00303643127
 313  0.00290991319
 314  0.00303643127
 315  0.00303643127
 316  0.00303643127
 317  0.00290991319
 318  0.00303643127
 319  0.00316294911
 320  0.00290991319
 321  0.00303643127
 322  0.00303643127
 323  0.00316294911
 324  0.00303643127
 325  0.00303643127
 326  0.00290991319
 327  0.00303643127
 328  0.00303643127
 329  0.00303643127
 330  0.00290991319
 331  0.00290991319
 332  0.00290991319
 333  0.00303643127
 334  0.00290991319
 335  0.00290991319
 336  0.00290991319
 337  0.00290991319
 338  0.00290991319
 339  0.00290991319
 340  0.00290991319
 341  0.00290991319
 342  0.00290991319
 343  0.00303643127
 344  0.00303643127
 345  0.00290991319
 346  0.00303643127
 347  0.00290991319
 348  0.00303643127
 349  0.00303643127
 350  0.00303643127
 351  0.00278339535
 352  0.00316294911
 353  0.00303643127
 354  0.00303643127
 355  0.00303643127
 356  0.00303643127
 357  0.00303643127
 358  0.00316294911
 359  0.00290991319
 360  0.00303643127
 361  0.00316294911
 362  0.00316294911
 363  0.00316294911
 364  0.00328946719
 365  0.00303643127
 366  0.00316294911
 367  0.00328946719
 368  0.00328946719
 369  0.00328946719
 370  0.00341598503
 371  0.00316294911
 372  0.00328946719
 373  0.00328946719
 374  0.00341598503
 375  0.00316294911
 376  0.00328946719
 377  0.00316294911
 378  0.00316294911
 379  0.00303643127
 380  0.00316294911
 381  0.00316294911
 382  0.00316294911
 383  0.00316294911
 384  0.00316294911
 385  0.00328946719
 386  0.00303643127
 387  0.00316294911
 388  0.00328946719
 389  0.00328946719
 390  0.00316294911
 391  0.00316294911
 392  0.00328946719
 393  0.00328946719
 394  0.00328946719
 395  0.00328946719
 396  0.00328946719
 397  0.00316294911
 398  0.00303643127
 399  0.00341598503
 400  0.00328946719
 401  0.00328946719
 402  0.00316294911
 403  0.00316294911
 404  0.00328946719
 405  0.00316294911
 406  0.00316294911
 407  0.00316294911
 408  0.00316294911
 409  0.00328946719
 410  0.00328946719
 411  0.00316294911
 412  0.00316294911
 413  0.00328946719
 414  0.00316294911
 415  0.00316294911
 416  0.00328946719
 417  0.00328946719
 418  0.00328946719
 419  0.00328946719
 420  0.00328946719
 421  0.00328946719
 422  0.00328946719
 423  0.00328946719
 424  0.00341598503
 425  0.00328946719
 426  0.00328946719
 427  0.00316294911
 428  0.00328946719
 429  0.00316294911
 430  0.00328946719
 431  0.00316294911
 432  0.00316294911
 433  0.00316294911
 434  0.00316294911
 435  0.00328946719
 436  0.00328946719
 437  0.00328946719
 438  0.00316294911
 439  0.00328946719
 440  0.00316294911
 441  0.00328946719
 442  0.00341598503
 443  0.00328946719
 444  0.00328946719
 445  0.00328946719
 446  0.00328946719
 447  0.00328946719
 448  0.00328946719
 449  0.00328946719
 450  0.00328946719
 451  0.00341598503
 452  0.00316294911
 453  0.00316294911
 454  0.00316294911
 455  0.00328946719
 456  0.00328946719
 457  0.00328946719
 458  0.00316294911
 459  0.00328946719
 460  0.00341598503
 461  0.00328946719
 462  0.00316294911
 463  0.00328946719
 464  0.00328946719
 465  0.00316294911
 466  0.00316294911
 467  0.00328946719
 468  0.00328946719
 469  0.00328946719
 470  0.00328946719
 471  0.00328946719
 472  0.00316294911
 473  0.00316294911
 474  0.00316294911
 475  0.00328946719
 476  0.00316294911
 477  0.00316294911
 478  0.00316294911
 479  0.00316294911
 480  0.00316294911
 481  0.00328946719
 482  0.00316294911
 483  0.00328946719
 484  0.00316294911
 485  0.00316294911
 486  0.00303643127
 487  0.00316294911
 488  0.00316294911
 489  0.00303643127
 490  0.00303643127
 491  0.00303643127
 492  0.00303643127
 493  0.00290991319
 494  0.00303643127
 495  0.00303643127
 496  0.00303643127
 497  0.00303643127
 498  0.00303643127
 499  0.00290991319
 500  0.00290991319

 1  0.00366902095
 2  0.00366902095
 3  0.00328946719
 4  0.00354250311
 5  0.00366902095
 6  0.00354250311
 7  0.00366902095
 8  0.00379553903
 9  0.00366902095
 10  0.00379553903
 11  0.00392205687
 12  0.00379553903
 13  0.00392205687
 14  0.00392205687
 15  0.00379553903
 16  0.00392205687
 17  0.00392205687
 18  0.00379553903
 19  0.00392205687
 20  0.00379553903
 21  0.00392205687
 22  0.00379553903
 23  0.00392205687
 24  0.00379553903
 25  0.00379553903
 26  0.00392205687
 27  0.00379553903
 28  0.00392205687
 29  0.00404857472
 30  0.00404857472
 31  0.00404857472
 32  0.00392205687
 33  0.00404857472
 34  0.00417509302
 35  0.00417509302
 36  0.00404857472
 37  0.00404857472
 38  0.00417509302
 39  0.00417509302
 40  0.00417509302
 41  0.00404857472
 42  0.00404857472
 43  0.00417509302
 44  0.00392205687
 45  0.00404857472
 46  0.00417509302
 47  0.00417509302
 48  0.00404857472
 49  0.00417509302
 50  0.00404857472
 51  0.00404857472
 52  0.00404857472
 53  0.00404857472
 54  0.00417509302
 55  0.00404857472
 56  0.00417509302
 57  0.00417509302
 58  0.00404857472
 59  0.00404857472
 60  0.00404857472
 61  0.00417509302
 62  0.00404857472
 63  0.00404857472
 64  0.00417509302
 65  0.00430161087
 66  0.00404857472
 67  0.00404857472
 68  0.00404857472
 69  0.00404857472
 70  0.00404857472
 71  0.00404857472
 72  0.00392205687
 73  0.00404857472
 74  0.00404857472
 75  0.00417509302
 76  0.00417509302
 77  0.00404857472
 78  0.00417509302
 79  0.00404857472
 80  0.00417509302
 81  0.00417509302
 82  0.00417509302
 83  0.00417509302
 84  0.00404857472
 85  0.00417509302
 86  0.00417509302
 87  0.00417509302
 88  0.00430161087
 89  0.00430161087
 90  0.00404857472
 91  0.00417509302
 92  0.00404857472
 93  0.00417509302
 94  0.00404857472
 95  0.00404857472
 96  0.00392205687
 97  0.00404857472
 98  0.00404857472
 99  0.00404857472
 100  0.00404857472
 101  0.00417509302
 102  0.00417509302
 103  0.00404857472
 104  0.00404857472
 105  0.00404857472
 106  0.00404857472
 107  0.00417509302
 108  0.00404857472
 109  0.00417509302
 110  0.00417509302
 111  0.00404857472
 112  0.00417509302
 113  0.00404857472
 114  0.00404857472
 115  0.00404857472
 116  0.00417509302
 117  0.00417509302
 118  0.00404857472
 119  0.00392205687
 120  0.00404857472
 121  0.00392205687
 122  0.00417509302
 123  0.00417509302
 124  0.00417509302
 125  0.00417509302
 126  0.00417509302
 127  0.00417509302
 128  0.00417509302
 129  0.00430161087
 130  0.00417509302
 131  0.00417509302
 132  0.00417509302
 133  0.00404857472
 134  0.00417509302
 135  0.00404857472
 136  0.00430161087
 137  0.00417509302
 138  0.00417509302
 139  0.00392205687
 140  0.00404857472
 141  0.00404857472
 142  0.00392205687
 143  0.00404857472
 144  0.00392205687
 145  0.00404857472
 146  0.00404857472
 147  0.00392205687
 148  0.00392205687
 149  0.00404857472
 150  0.00392205687
 151  0.00392205687
 152  0.00392205687
 153  0.00392205687
 154  0.00392205687
 155  0.00392205687
 156  0.00392205687
 157  0.00379553903
 158  0.00379553903
 159  0.00392205687
 160  0.00392205687
 161  0.00392205687
 162  0.00379553903
 163  0.00366902095
 164  0.00379553903
 165  0.00379553903
 166  0.00379553903
 167  0.00379553903
 168  0.00379553903
 169  0.00366902095
 170  0.00379553903
 171  0.00379553903
 172  0.00392205687
 173  0.00379553903
 174  0.00392205687
 175  0.00379553903
 176  0.00392205687
 177  0.00392205687
 178  0.00379553903
 179  0.00404857472
 180  0.00404857472
 181  0.00404857472
 182  0.00392205687
 183  0.00392205687
 184  0.00404857472
 185  0.00404857472
 186  0.00392205687
 187  0.00392205687
 188  0.00392205687
 189  0.00392205687
 190  0.00404857472
 191  0.00392205687
 192  0.00392205687
 193  0.00392205687
 194  0.00392205687
 195  0.00392205687
 196  0.00404857472
 197  0.00404857472
 198  0.00417509302
 199  0.00417509302
 200  0.00392205687
 201  0.00417509302
 202  0.00404857472
 203  0.00417509302
 204  0.00404857472
 205  0.00417509302
 206  0.00417509302
 207  0.00417509302
 208  0.00417509302
 209  0.00404857472
 210  0.00417509302
 211  0.00404857472
 212  0.00417509302
 213  0.00404857472
 214  0.00404857472
 215  0.00417509302
 216  0.00417509302
 217  0.00417509302
 218  0.00404857472
 219  0.00417509302
 220  0.00417509302
 221  0.00417509302
 222  0.00417509302
 223  0.00404857472
 224  0.00417509302
 225  0.00417509302
 226  0.00404857472
 227  0.00417509302
 228  0.00404857472
 229  0.00417509302
 230  0.00417509302
 231  0.00430161087
 232  0.00417509302
 233  0.00430161087
 234  0.00417509302
 235  0.00417509302
 236  0.00404857472
 237  0.00417509302
 238  0.00417509302
 239  0.00417509302
 240  0.00404857472
 241  0.00430161087
 242  0.00417509302
 243  0.00417509302
 244  0.00417509302
 245  0.00417509302
 246  0.00430161087
 247  0.00430161087
 248  0.00430161087
 249  0.00430161087
 250  0.00430161087
 251  0.00417509302
 252  0.00430161087
 253  0.00430161087
 254  0.00417509302
 255  0.00430161087
 256  0.00417509302
 257  0.00430161087
 258  0.00417509302
 259  0.00404857472
 260  0.00417509302
 261  0.00417509302
 262  0.00404857472
 263  0.00417509302
 264  0.00417509302
 265  0.00417509302
 266  0.00417509302
 267  0.00417509302
 268  0.00417509302
 269  0.00430161087
 270  0.00430161087
 271  0.00430161087
 272  0.00417509302
 273  0.00417509302
 274  0.00417509302
 275  0.00430161087
 276  0.00430161087
 277  0.00430161087
 278  0.00417509302
 279  0.00417509302
 280  0.00430161087
 281  0.00430161087
 282  0.00417509302
 283  0.00430161087
 284  0.00417509302
 285  0.00417509302
 286  0.00417509302
 287  0.00404857472
 288  0.00417509302
 289  0.00417509302
 290  0.00417509302
 291  0.00430161087
 292  0.00417509302
 293  0.00430161087
 294  0.00417509302
 295  0.00404857472
 296  0.00430161087
 297  0.00430161087
 298  0.00417509302
 299  0.00417509302
 300  0.00417509302
 301  0.00417509302
 302  0.00417509302
 303  0.00430161087
 304  0.00430161087
 305  0.00417509302
 306  0.00417509302
 307  0.00404857472
 308  0.00417509302
 309  0.00404857472
 310  0.00417509302
 311  0.00404857472
 312  0.00392205687
 313  0.00392205687
 314  0.00404857472
 315  0.00404857472
 316  0.00404857472
 317  0.00404857472
 318  0.00417509302
 319  0.00417509302
 320  0.00404857472
 321  0.00404857472
 322  0.00404857472
 323  0.00404857472
 324  0.00404857472
 325  0.00404857472
 326  0.00404857472
 327  0.00404857472
 328  0.00404857472
 329  0.00404857472
 330  0.00404857472
 331  0.00392205687
 332  0.00392205687
 333  0.00392205687
 334  0.00392205687
 335  0.00379553903
 336  0.00392205687
 337  0.00379553903
 338  0.00379553903
 339  0.00392205687
 340  0.00392205687
 341  0.00404857472
 342  0.00392205687
 343  0.00404857472
 344  0.00404857472
 345  0.00404857472
 346  0.00404857472
 347  0.00404857472
 348  0.00392205687
 349  0.00404857472
 350  0.00404857472
 351  0.00392205687
 352  0.00417509302
 353  0.00404857472
 354  0.00404857472
 355  0.00404857472
 356  0.00404857472
 357  0.00404857472
 358  0.00417509302
 359  0.00404857472
 360  0.00404857472
 361  0.00404857472
 362  0.00417509302
 363  0.00430161087
 364  0.00430161087
 365  0.00417509302
 366  0.00417509302
 367  0.00442812871
 368  0.00430161087
 369  0.00430161087
 370  0.00442812871
 371  0.00417509302
 372  0.00430161087
 373  0.00430161087
 374  0.00430161087
 375  0.00417509302
 376  0.00430161087
 377  0.00430161087
 378  0.00417509302
 379  0.00417509302
 380  0.00417509302
 381  0.00430161087
 382  0.00417509302
 383  0.00417509302
 384  0.00417509302
 385  0.00417509302
 386  0.00417509302
 387  0.00430161087
 388  0.00430161087
 389  0.00430161087
 390  0.00430161087
 391  0.00430161087
 392  0.00430161087
 393  0.00430161087
 394  0.00430161087
 395  0.00430161087
 396  0.00430161087
 397  0.00417509302
 398  0.00417509302
 399  0.00442812871
 400  0.00430161087
 401  0.00430161087
 402  0.00417509302
 403  0.00430161087
 404  0.00430161087
 405  0.00417509302
 406  0.00417509302
 407  0.00404857472
 408  0.00417509302
 409  0.00430161087
 410  0.00430161087
 411  0.00417509302
 412  0.00417509302
 413  0.00430161087
 414  0.00430161087
 415  0.00430161087
 416  0.00417509302
 417  0.00430161087
 418  0.00417509302
 419  0.00430161087
 420  0.00442812871
 421  0.00430161087
 422  0.00442812871
 423  0.00430161087
 424  0.00442812871
 425  0.00417509302
 426  0.00430161087
 427  0.00430161087
 428  0.00430161087
 429  0.00417509302
 430  0.00430161087
 431  0.00417509302
 432  0.00430161087
 433  0.00430161087
 434  0.00430161087
 435  0.00430161087
 436  0.00430161087
 437  0.00430161087
 438  0.00430161087
 439  0.00430161087
 440  0.00417509302
 441  0.00442812871
 442  0.00442812871
 443  0.00430161087
 444  0.00430161087
 445  0.00430161087
 446  0.00430161087
 447  0.00442812871
 448  0.00442812871
 449  0.00430161087
 450  0.00430161087
 451  0.00442812871
 452  0.00417509302
 453  0.00430161087
 454  0.00417509302
 455  0.00442812871
 456  0.00430161087
 457  0.00417509302
 458  0.00430161087
 459  0.00430161087
 460  0.00442812871
 461  0.00430161087
 462  0.00417509302
 463  0.00430161087
 464  0.00442812871
 465  0.00417509302
 466  0.00417509302
 467  0.00442812871
 468  0.00442812871
 469  0.00430161087
 470  0.00430161087
 471  0.00442812871
 472  0.00442812871
 473  0.00430161087
 474  0.00417509302
 475  0.00430161087
 476  0.00430161087
 477  0.00417509302
 478  0.00430161087
 479  0.00417509302
 480  0.00417509302
 481  0.00417509302
 482  0.00417509302
 483  0.00417509302
 484  0.00417509302
 485  0.00417509302
 486  0.00417509302
 487  0.00417509302
 488  0.00417509302
 489  0.00404857472
 490  0.00404857472
 491  0.00417509302
 492  0.00404857472
 493  0.00392205687
 494  0.00417509302
 495  0.00404857472
 496  0.00404857472
 497  0.00404857472
 498  0.00392205687
 499  0.00404857472
 500  0.00392205687

 1  0.00442812871
 2  0.00455464702
 3  0.00404857472
 4  0.00442812871
 5  0.00442812871
 6  0.00430161087
 7  0.00455464702
 8  0.00468116486
 9  0.00455464702
 10  0.00455464702
 11  0.00468116486
 12  0.00455464702
 13  0.00468116486
 14  0.00468116486
 15  0.00455464702
 16  0.00468116486
 17  0.00468116486
 18  0.00468116486
 19  0.00480768271
 20  0.00455464702
 21  0.00480768271
 22  0.00455464702
 23  0.00468116486
 24  0.00455464702
 25  0.00455464702
 26  0.00468116486
 27  0.00468116486
 28  0.00468116486
 29  0.00480768271
 30  0.00480768271
 31  0.00493420055
 32  0.00468116486
 33  0.00493420055
 34  0.00493420055
 35  0.00493420055
 36  0.00506071886
 37  0.00493420055
 38  0.00506071886
 39  0.00506071886
 40  0.00493420055
 41  0.00480768271
 42  0.00480768271
 43  0.00493420055
 44  0.00468116486
 45  0.00480768271
 46  0.00493420055
 47  0.00506071886
 48  0.00480768271
 49  0.00493420055
 50  0.00480768271
 51  0.00493420055
 52  0.00493420055
 53  0.00493420055
 54  0.00493420055
 55  0.00493420055
 56  0.00493420055
 57  0.00506071886
 58  0.00493420055
 59  0.00493420055
 60  0.00493420055
 61  0.00493420055
 62  0.00493420055
 63  0.00493420055
 64  0.00506071886
 65  0.00506071886
 66  0.00480768271
 67  0.00493420055
 68  0.00480768271
 69  0.00480768271
 70  0.00493420055
 71  0.00480768271
 72  0.00480768271
 73  0.00480768271
 74  0.00480768271
 75  0.00493420055
 76  0.00480768271
 77  0.00493420055
 78  0.00493420055
 79  0.00493420055
 80  0.00506071886
 81  0.00493420055
 82  0.00506071886
 83  0.00493420055
 84  0.00493420055
 85  0.00506071886
 86  0.00506071886
 87  0.00493420055
 88  0.00506071886
 89  0.00506071886
 90  0.00493420055
 91  0.00493420055
 92  0.00493420055
 93  0.00493420055
 94  0.00480768271
 95  0.00480768271
 96  0.00468116486
 97  0.00493420055
 98  0.00480768271
 99  0.00480768271
 100  0.00493420055
 101  0.00493420055
 102  0.00493420055
 103  0.00493420055
 104  0.00493420055
 105  0.00493420055
 106  0.00493420055
 107  0.00506071886
 108  0.00493420055
 109  0.00493420055
 110  0.00493420055
 111  0.00493420055
 112  0.00506071886
 113  0.00493420055
 114  0.00493420055
 115  0.00493420055
 116  0.00493420055
 117  0.00506071886
 118  0.00480768271
 119  0.00480768271
 120  0.00493420055
 121  0.00493420055
 122  0.00493420055
 123  0.00493420055
 124  0.00493420055
 125  0.00506071886
 126  0.00493420055
 127  0.00506071886
 128  0.00506071886
 129  0.00506071886
 130  0.00506071886
 131  0.00506071886
 132  0.00493420055
 133  0.00493420055
 134  0.00506071886
 135  0.00493420055
 136  0.00493420055
 137  0.00493420055
 138  0.00493420055
 139  0.00480768271
 140  0.00480768271
 141  0.00480768271
 142  0.00468116486
 143  0.00480768271
 144  0.00480768271
 145  0.00493420055
 146  0.00480768271
 147  0.00480768271
 148  0.00480768271
 149  0.00493420055
 150  0.00480768271
 151  0.00480768271
 152  0.00493420055
 153  0.00480768271
 154  0.00468116486
 155  0.00480768271
 156  0.00480768271
 157  0.00468116486
 158  0.00480768271
 159  0.00480768271
 160  0.00468116486
 161  0.00468116486
 162  0.00468116486
 163  0.00455464702
 164  0.00468116486
 165  0.00455464702
 166  0.00455464702
 167  0.00455464702
 168  0.00455464702
 169  0.00455464702
 170  0.00455464702
 171  0.00480768271
 172  0.00468116486
 173  0.00468116486
 174  0.00480768271
 175  0.00468116486
 176  0.00468116486
 177  0.00493420055
 178  0.00468116486
 179  0.00480768271
 180  0.00480768271
 181  0.00480768271
 182  0.00480768271
 183  0.00493420055
 184  0.00480768271
 185  0.00493420055
 186  0.00480768271
 187  0.00468116486
 188  0.00468116486
 189  0.00468116486
 190  0.00480768271
 191  0.00468116486
 192  0.00468116486
 193  0.00480768271
 194  0.00468116486
 195  0.00480768271
 196  0.00493420055
 197  0.00493420055
 198  0.00506071886
 199  0.00506071886
 200  0.00493420055
 201  0.00493420055
 202  0.00493420055
 203  0.00493420055
 204  0.00493420055
 205  0.00506071886
 206  0.00493420055
 207  0.00506071886
 208  0.00506071886
 209  0.00493420055
 210  0.00506071886
 211  0.00493420055
 212  0.00493420055
 213  0.00493420055
 214  0.00493420055
 215  0.00493420055
 216  0.00493420055
 217  0.00493420055
 218  0.00493420055
 219  0.00493420055
 220  0.00493420055
 221  0.00506071886
 222  0.00506071886
 223  0.00506071886
 224  0.00506071886
 225  0.00506071886
 226  0.00493420055
 227  0.00506071886
 228  0.00493420055
 229  0.00506071886
 230  0.00506071886
 231  0.00506071886
 232  0.00506071886
 233  0.0051872367
 234  0.00506071886
 235  0.00506071886
 236  0.00493420055
 237  0.00506071886
 238  0.00506071886
 239  0.00493420055
 240  0.00493420055
 241  0.00506071886
 242  0.00493420055
 243  0.00493420055
 244  0.00506071886
 245  0.00506071886
 246  0.00506071886
 247  0.00506071886
 248  0.00506071886
 249  0.00506071886
 250  0.00506071886
 251  0.00506071886
 252  0.0051872367
 253  0.00506071886
 254  0.00506071886
 255  0.0051872367
 256  0.00506071886
 257  0.00506071886
 258  0.00506071886
 259  0.00493420055
 260  0.00506071886
 261  0.00506071886
 262  0.00493420055
 263  0.00506071886
 264  0.00493420055
 265  0.00506071886
 266  0.0051872367
 267  0.00506071886
 268  0.00506071886
 269  0.00506071886
 270  0.00506071886
 271  0.0051872367
 272  0.00506071886
 273  0.00506071886
 274  0.00506071886
 275  0.0051872367
 276  0.0051872367
 277  0.00506071886
 278  0.00506071886
 279  0.00506071886
 280  0.00506071886
 281  0.00506071886
 282  0.00506071886
 283  0.00506071886
 284  0.00506071886
 285  0.00506071886
 286  0.00493420055
 287  0.00493420055
 288  0.00493420055
 289  0.00493420055
 290  0.00493420055
 291  0.00506071886
 292  0.00506071886
 293  0.00506071886
 294  0.00506071886
 295  0.00493420055
 296  0.00506071886
 297  0.00506071886
 298  0.00506071886
 299  0.00506071886
 300  0.00506071886
 301  0.00506071886
 302  0.00506071886
 303  0.00506071886
 304  0.00506071886
 305  0.00493420055
 306  0.00493420055
 307  0.00493420055
 308  0.00506071886
 309  0.00493420055
 310  0.00493420055
 311  0.00480768271
 312  0.00480768271
 313  0.00480768271
 314  0.00493420055
 315  0.00493420055
 316  0.00493420055
 317  0.00480768271
 318  0.00506071886
 319  0.00506071886
 320  0.00480768271
 321  0.00493420055
 322  0.00493420055
 323  0.00493420055
 324  0.00480768271
 325  0.00493420055
 326  0.00493420055
 327  0.00493420055
 328  0.00493420055
 329  0.00493420055
 330  0.00480768271
 331  0.00480768271
 332  0.00480768271
 333  0.00468116486
 334  0.00480768271
 335  0.00468116486
 336  0.00468116486
 337  0.00468116486
 338  0.00468116486
 339  0.00468116486
 340  0.00480768271
 341  0.00493420055
 342  0.00480768271
 343  0.00480768271
 344  0.00493420055
 345  0.00493420055
 346  0.00493420055
 347  0.00493420055
 348  0.00480768271
 349  0.00480768271
 350  0.00493420055
 351  0.00480768271
 352  0.00506071886
 353  0.00493420055
 354  0.00493420055
 355  0.00493420055
 356  0.00493420055
 357  0.00493420055
 358  0.00493420055
 359  0.00493420055
 360  0.00480768271
 361  0.00493420055
 362  0.00493420055
 363  0.00506071886
 364  0.0051872367
 365  0.00506071886
 366  0.00506071886
 367  0.00531375455
 368  0.00531375455
 369  0.0051872367
 370  0.00531375455
 371  0.00506071886
 372  0.00506071886
 373  0.0051872367
 374  0.0051872367
 375  0.0051872367
 376  0.00531375455
 377  0.0051872367
 378  0.00506071886
 379  0.00506071886
 380  0.00506071886
 381  0.00506071886
 382  0.00506071886
 383  0.00506071886
 384  0.00506071886
 385  0.00506071886
 386  0.00506071886
 387  0.0051872367
 388  0.00506071886
 389  0.0051872367
 390  0.0051872367
 391  0.00506071886
 392  0.00506071886
 393  0.0051872367
 394  0.0051872367
 395  0.00531375455
 396  0.0051872367
 397  0.0051872367
 398  0.00506071886
 399  0.0051872367
 400  0.0051872367
 401  0.0051872367
 402  0.00506071886
 403  0.00506071886
 404  0.0051872367
 405  0.0051872367
 406  0.00493420055
 407  0.00506071886
 408  0.00493420055
 409  0.0051872367
 410  0.00506071886
 411  0.00506071886
 412  0.00506071886
 413  0.00506071886
 414  0.00493420055
 415  0.00506071886
 416  0.0051872367
 417  0.0051872367
 418  0.00506071886
 419  0.0051872367
 420  0.0051872367
 421  0.0051872367
 422  0.0051872367
 423  0.0051872367
 424  0.0051872367
 425  0.00506071886
 426  0.00506071886
 427  0.0051872367
 428  0.00506071886
 429  0.00506071886
 430  0.0051872367
 431  0.00506071886
 432  0.00506071886
 433  0.00506071886
 434  0.00506071886
 435  0.0051872367
 436  0.0051872367
 437  0.0051872367
 438  0.00531375455
 439  0.0051872367
 440  0.00506071886
 441  0.00531375455
 442  0.00531375455
 443  0.00506071886
 444  0.00506071886
 445  0.0051872367
 446  0.0051872367
 447  0.0051872367
 448  0.00531375455
 449  0.00506071886
 450  0.00506071886
 451  0.0051872367
 452  0.00493420055
 453  0.00506071886
 454  0.00506071886
 455  0.0051872367
 456  0.00506071886
 457  0.00506071886
 458  0.0051872367
 459  0.0051872367
 460  0.00531375455
 461  0.00506071886
 462  0.00506071886
 463  0.0051872367
 464  0.00506071886
 465  0.0051872367
 466  0.00506071886
 467  0.0051872367
 468  0.0051872367
 469  0.0051872367
 470  0.00506071886
 471  0.00531375455
 472  0.00531375455
 473  0.0051872367
 474  0.00506071886
 475  0.0051872367
 476  0.00506071886
 477  0.00506071886
 478  0.0051872367
 479  0.00493420055
 480  0.00493420055
 481  0.00493420055
 482  0.00493420055
 483  0.0051872367
 484  0.00506071886
 485  0.00493420055
 486  0.00493420055
 487  0.00493420055
 488  0.00493420055
 489  0.00493420055
 490  0.00506071886
 491  0.00506071886
 492  0.00493420055
 493  0.00480768271
 494  0.00506071886
 495  0.00480768271
 496  0.00480768271
 497  0.00480768271
 498  0.00493420055
 499  0.00480768271
 500  0.00480768271

 1  0.0051872367
 2  0.00531375455
 3  0.00480768271
 4  0.0051872367
 5  0.00531375455
 6  0.00506071886
 7  0.00531375455
 8  0.00544027239
 9  0.00531375455
 10  0.00531375455
 11  0.00544027239
 12  0.00531375455
 13  0.00544027239
 14  0.00544027239
 15  0.00544027239
 16  0.00544027239
 17  0.00544027239
 18  0.00544027239
 19  0.00544027239
 20  0.00531375455
 21  0.00544027239
 22  0.00531375455
 23  0.00544027239
 24  0.00531375455
 25  0.00531375455
 26  0.00544027239
 27  0.00544027239
 28  0.00544027239
 29  0.0055667907
 30  0.0055667907
 31  0.00569330854
 32  0.00544027239
 33  0.00569330854
 34  0.00569330854
 35  0.00569330854
 36  0.00581982639
 37  0.00569330854
 38  0.00569330854
 39  0.00569330854
 40  0.00569330854
 41  0.0055667907
 42  0.0055667907
 43  0.00569330854
 44  0.00544027239
 45  0.00569330854
 46  0.00569330854
 47  0.0055667907
 48  0.0055667907
 49  0.00569330854
 50  0.00544027239
 51  0.00569330854
 52  0.0055667907
 53  0.00569330854
 54  0.00569330854
 55  0.00569330854
 56  0.00569330854
 57  0.00569330854
 58  0.00569330854
 59  0.00569330854
 60  0.00569330854
 61  0.00581982639
 62  0.00569330854
 63  0.00569330854
 64  0.00569330854
 65  0.00581982639
 66  0.00569330854
 67  0.00569330854
 68  0.0055667907
 69  0.0055667907
 70  0.0055667907
 71  0.0055667907
 72  0.0055667907
 73  0.0055667907
 74  0.0055667907
 75  0.00569330854
 76  0.0055667907
 77  0.0055667907
 78  0.0055667907
 79  0.00569330854
 80  0.00581982639
 81  0.0055667907
 82  0.00581982639
 83  0.00569330854
 84  0.0055667907
 85  0.00569330854
 86  0.00581982639
 87  0.00569330854
 88  0.00581982639
 89  0.00581982639
 90  0.00569330854
 91  0.00569330854
 92  0.0055667907
 93  0.0055667907
 94  0.0055667907
 95  0.0055667907
 96  0.00544027239
 97  0.0055667907
 98  0.0055667907
 99  0.00544027239
 100  0.00569330854
 101  0.00581982639
 102  0.00581982639
 103  0.00569330854
 104  0.00569330854
 105  0.00569330854
 106  0.00569330854
 107  0.00569330854
 108  0.0055667907
 109  0.00569330854
 110  0.00569330854
 111  0.00581982639
 112  0.00581982639
 113  0.00581982639
 114  0.00569330854
 115  0.00569330854
 116  0.00581982639
 117  0.00581982639
 118  0.00569330854
 119  0.00544027239
 120  0.00569330854
 121  0.00569330854
 122  0.00569330854
 123  0.00581982639
 124  0.00569330854
 125  0.00581982639
 126  0.0055667907
 127  0.00581982639
 128  0.00569330854
 129  0.00581982639
 130  0.00581982639
 131  0.00581982639
 132  0.00569330854
 133  0.00569330854
 134  0.00569330854
 135  0.00569330854
 136  0.00569330854
 137  0.00569330854
 138  0.00569330854
 139  0.0055667907
 140  0.00544027239
 141  0.0055667907
 142  0.00544027239
 143  0.0055667907
 144  0.0055667907
 145  0.0055667907
 146  0.00544027239
 147  0.0055667907
 148  0.0055667907
 149  0.00569330854
 150  0.0055667907
 151  0.0055667907
 152  0.00569330854
 153  0.0055667907
 154  0.00544027239
 155  0.0055667907
 156  0.0055667907
 157  0.00544027239
 158  0.0055667907
 159  0.0055667907
 160  0.00544027239
 161  0.00544027239
 162  0.00544027239
 163  0.00544027239
 164  0.00544027239
 165  0.00544027239
 166  0.00531375455
 167  0.00544027239
 168  0.00531375455
 169  0.00531375455
 170  0.00531375455
 171  0.00544027239
 172  0.00544027239
 173  0.00544027239
 174  0.00544027239
 175  0.00544027239
 176  0.00544027239
 177  0.00569330854
 178  0.0055667907
 179  0.0055667907
 180  0.0055667907
 181  0.0055667907
 182  0.0055667907
 183  0.00569330854
 184  0.0055667907
 185  0.0055667907
 186  0.0055667907
 187  0.00544027239
 188  0.00544027239
 189  0.00544027239
 190  0.0055667907
 191  0.00544027239
 192  0.00544027239
 193  0.0055667907
 194  0.00544027239
 195  0.0055667907
 196  0.00569330854
 197  0.00569330854
 198  0.00581982639
 199  0.00569330854
 200  0.00569330854
 201  0.00581982639
 202  0.00569330854
 203  0.00569330854
 204  0.00569330854
 205  0.00581982639
 206  0.00581982639
 207  0.00581982639
 208  0.00581982639
 209  0.00569330854
 210  0.00581982639
 211  0.00569330854
 212  0.00569330854
 213  0.00569330854
 214  0.00569330854
 215  0.00581982639
 216  0.00569330854
 217  0.00569330854
 218  0.00569330854
 219  0.00569330854
 220  0.0055667907
 221  0.00581982639
 222  0.00581982639
 223  0.00581982639
 224  0.00581982639
 225  0.00581982639
 226  0.00569330854
 227  0.00581982639
 228  0.00569330854
 229  0.00569330854
 230  0.00594634423
 231  0.00594634423
 232  0.00594634423
 233  0.00594634423
 234  0.00581982639
 235  0.00581982639
 236  0.00569330854
 237  0.00569330854
 238  0.00581982639
 239  0.00569330854
 240  0.00569330854
 241  0.00581982639
 242  0.00569330854
 243  0.00569330854
 244  0.00569330854
 245  0.00581982639
 246  0.00569330854
 247  0.00581982639
 248  0.00581982639
 249  0.00581982639
 250  0.00581982639
 251  0.00581982639
 252  0.00594634423
 253  0.00581982639
 254  0.00581982639
 255  0.00581982639
 256  0.00581982639
 257  0.00569330854
 258  0.00581982639
 259  0.00569330854
 260  0.00581982639
 261  0.00569330854
 262  0.00569330854
 263  0.00569330854
 264  0.0055667907
 265  0.00569330854
 266  0.00594634423
 267  0.00581982639
 268  0.00581982639
 269  0.00581982639
 270  0.00581982639
 271  0.00594634423
 272  0.00581982639
 273  0.00569330854
 274  0.00581982639
 275  0.00594634423
 276  0.00594634423
 277  0.00581982639
 278  0.00581982639
 279  0.00581982639
 280  0.00581982639
 281  0.00581982639
 282  0.00581982639
 283  0.00581982639
 284  0.00581982639
 285  0.00581982639
 286  0.00569330854
 287  0.00569330854
 288  0.00569330854
 289  0.00581982639
 290  0.00569330854
 291  0.00569330854
 292  0.00581982639
 293  0.00581982639
 294  0.00569330854
 295  0.00581982639
 296  0.00581982639
 297  0.00594634423
 298  0.00581982639
 299  0.00569330854
 300  0.00581982639
 301  0.00581982639
 302  0.00581982639
 303  0.00581982639
 304  0.00581982639
 305  0.00569330854
 306  0.00569330854
 307  0.00581982639
 308  0.00581982639
 309  0.00569330854
 310  0.00569330854
 311  0.0055667907
 312  0.0055667907
 313  0.0055667907
 314  0.00569330854
 315  0.00569330854
 316  0.00569330854
 317  0.0055667907
 318  0.00581982639
 319  0.00569330854
 320  0.00569330854
 321  0.00569330854
 322  0.0055667907
 323  0.00569330854
 324  0.00569330854
 325  0.00569330854
 326  0.00569330854
 327  0.00581982639
 328  0.00569330854
 329  0.00569330854
 330  0.0055667907
 331  0.00544027239
 332  0.0055667907
 333  0.00544027239
 334  0.0055667907
 335  0.00544027239
 336  0.00544027239
 337  0.00544027239
 338  0.00544027239
 339  0.00544027239
 340  0.0055667907
 341  0.00569330854
 342  0.0055667907
 343  0.0055667907
 344  0.00569330854
 345  0.00569330854
 346  0.00569330854
 347  0.00581982639
 348  0.00569330854
 349  0.00569330854
 350  0.0055667907
 351  0.00544027239
 352  0.00581982639
 353  0.00569330854
 354  0.0055667907
 355  0.00569330854
 356  0.00569330854
 357  0.00569330854
 358  0.00569330854
 359  0.00569330854
 360  0.0055667907
 361  0.00569330854
 362  0.00569330854
 363  0.00581982639
 364  0.00581982639
 365  0.00594634423
 366  0.00569330854
 367  0.00607286254
 368  0.00594634423
 369  0.00594634423
 370  0.00607286254
 371  0.00581982639
 372  0.00594634423
 373  0.00594634423
 374  0.00594634423
 375  0.00594634423
 376  0.00607286254
 377  0.00594634423
 378  0.00581982639
 379  0.00594634423
 380  0.00581982639
 381  0.00581982639
 382  0.00594634423
 383  0.00581982639
 384  0.00569330854
 385  0.00594634423
 386  0.00594634423
 387  0.00594634423
 388  0.00581982639
 389  0.00594634423
 390  0.00581982639
 391  0.00581982639
 392  0.00581982639
 393  0.00607286254
 394  0.00594634423
 395  0.00607286254
 396  0.00594634423
 397  0.00594634423
 398  0.00581982639
 399  0.00594634423
 400  0.00581982639
 401  0.00594634423
 402  0.00581982639
 403  0.00581982639
 404  0.00594634423
 405  0.00581982639
 406  0.00569330854
 407  0.00581982639
 408  0.00569330854
 409  0.00594634423
 410  0.00581982639
 411  0.00569330854
 412  0.00581982639
 413  0.00581982639
 414  0.00581982639
 415  0.00581982639
 416  0.00581982639
 417  0.00581982639
 418  0.00581982639
 419  0.00594634423
 420  0.00594634423
 421  0.00594634423
 422  0.00607286254
 423  0.00594634423
 424  0.00594634423
 425  0.00581982639
 426  0.00581982639
 427  0.00594634423
 428  0.00594634423
 429  0.00581982639
 430  0.00581982639
 431  0.00581982639
 432  0.00581982639
 433  0.00581982639
 434  0.00594634423
 435  0.00581982639
 436  0.00594634423
 437  0.00594634423
 438  0.00594634423
 439  0.00581982639
 440  0.00581982639
 441  0.00607286254
 442  0.00607286254
 443  0.00581982639
 444  0.00581982639
 445  0.00594634423
 446  0.00594634423
 447  0.00594634423
 448  0.00607286254
 449  0.00581982639
 450  0.00581982639
 451  0.00607286254
 452  0.00581982639
 453  0.00581982639
 454  0.00594634423
 455  0.00581982639
 456  0.00581982639
 457  0.00581982639
 458  0.00594634423
 459  0.00581982639
 460  0.00607286254
 461  0.00594634423
 462  0.00581982639
 463  0.00594634423
 464  0.00581982639
 465  0.00594634423
 466  0.00594634423
 467  0.00594634423
 468  0.00594634423
 469  0.00594634423
 470  0.00594634423
 471  0.00607286254
 472  0.00607286254
 473  0.00594634423
 474  0.00581982639
 475  0.00581982639
 476  0.00581982639
 477  0.00581982639
 478  0.00581982639
 479  0.00569330854
 480  0.00569330854
 481  0.00581982639
 482  0.00581982639
 483  0.00581982639
 484  0.00581982639
 485  0.00569330854
 486  0.00581982639
 487  0.00581982639
 488  0.00581982639
 489  0.00569330854
 490  0.00581982639
 491  0.00581982639
 492  0.00569330854
 493  0.0055667907
 494  0.00581982639
 495  0.00569330854
 496  0.00569330854
 497  0.0055667907
 498  0.00569330854
 499  0.00569330854
 500  0.00569330854

 1  0.00594634423
 2  0.00594634423
 3  0.00544027239
 4  0.00607286254
 5  0.00594634423
 6  0.00581982639
 7  0.00607286254
 8  0.00619938038
 9  0.00619938038
 10  0.00619938038
 11  0.00619938038
 12  0.00607286254
 13  0.00607286254
 14  0.00619938038
 15  0.00619938038
 16  0.00619938038
 17  0.00607286254
 18  0.00607286254
 19  0.00619938038
 20  0.00619938038
 21  0.00619938038
 22  0.00607286254
 23  0.00619938038
 24  0.00594634423
 25  0.00594634423
 26  0.00619938038
 27  0.00619938038
 28  0.00619938038
 29  0.00632589823
 30  0.00619938038
 31  0.00632589823
 32  0.00619938038
 33  0.00632589823
 34  0.00632589823
 35  0.00645241607
 36  0.00645241607
 37  0.00645241607
 38  0.00645241607
 39  0.00645241607
 40  0.00632589823
 41  0.00632589823
 42  0.00632589823
 43  0.00632589823
 44  0.00619938038
 45  0.00632589823
 46  0.00645241607
 47  0.00632589823
 48  0.00632589823
 49  0.00632589823
 50  0.00619938038
 51  0.00632589823
 52  0.00632589823
 53  0.00645241607
 54  0.00645241607
 55  0.00645241607
 56  0.00645241607
 57  0.00645241607
 58  0.00645241607
 59  0.00645241607
 60  0.00645241607
 61  0.00645241607
 62  0.00645241607
 63  0.00645241607
 64  0.00657893438
 65  0.00645241607
 66  0.00632589823
 67  0.00645241607
 68  0.00645241607
 69  0.00619938038
 70  0.00632589823
 71  0.00619938038
 72  0.00619938038
 73  0.00632589823
 74  0.00632589823
 75  0.00632589823
 76  0.00619938038
 77  0.00632589823
 78  0.00632589823
 79  0.00632589823
 80  0.00645241607
 81  0.00632589823
 82  0.00645241607
 83  0.00645241607
 84  0.00632589823
 85  0.00645241607
 86  0.00645241607
 87  0.00645241607
 88  0.00645241607
 89  0.00645241607
 90  0.00645241607
 91  0.00645241607
 92  0.00632589823
 93  0.00619938038
 94  0.00632589823
 95  0.00632589823
 96  0.00619938038
 97  0.00619938038
 98  0.00619938038
 99  0.00619938038
 100  0.00632589823
 101  0.00645241607
 102  0.00645241607
 103  0.00645241607
 104  0.00645241607
 105  0.00632589823
 106  0.00657893438
 107  0.00645241607
 108  0.00632589823
 109  0.00632589823
 110  0.00645241607
 111  0.00657893438
 112  0.00645241607
 113  0.00645241607
 114  0.00645241607
 115  0.00645241607
 116  0.00645241607
 117  0.00645241607
 118  0.00632589823
 119  0.00619938038
 120  0.00632589823
 121  0.00632589823
 122  0.00645241607
 123  0.00657893438
 124  0.00645241607
 125  0.00645241607
 126  0.00632589823
 127  0.00645241607
 128  0.00645241607
 129  0.00645241607
 130  0.00645241607
 131  0.00657893438
 132  0.00645241607
 133  0.00645241607
 134  0.00645241607
 135  0.00645241607
 136  0.00645241607
 137  0.00632589823
 138  0.00632589823
 139  0.00632589823
 140  0.00619938038
 141  0.00619938038
 142  0.00632589823
 143  0.00619938038
 144  0.00619938038
 145  0.00632589823
 146  0.00619938038
 147  0.00645241607
 148  0.00619938038
 149  0.00645241607
 150  0.00645241607
 151  0.00632589823
 152  0.00645241607
 153  0.00632589823
 154  0.00619938038
 155  0.00632589823
 156  0.00632589823
 157  0.00619938038
 158  0.00632589823
 159  0.00632589823
 160  0.00619938038
 161  0.00619938038
 162  0.00619938038
 163  0.00607286254
 164  0.00619938038
 165  0.00607286254
 166  0.00607286254
 167  0.00607286254
 168  0.00594634423
 169  0.00619938038
 170  0.00607286254
 171  0.00619938038
 172  0.00607286254
 173  0.00619938038
 174  0.00607286254
 175  0.00619938038
 176  0.00607286254
 177  0.00632589823
 178  0.00632589823
 179  0.00632589823
 180  0.00619938038
 181  0.00632589823
 182  0.00645241607
 183  0.00645241607
 184  0.00632589823
 185  0.00619938038
 186  0.00619938038
 187  0.00619938038
 188  0.00619938038
 189  0.00619938038
 190  0.00632589823
 191  0.00619938038
 192  0.00619938038
 193  0.00619938038
 194  0.00632589823
 195  0.00632589823
 196  0.00645241607
 197  0.00645241607
 198  0.00645241607
 199  0.00645241607
 200  0.00645241607
 201  0.00645241607
 202  0.00645241607
 203  0.00657893438
 204  0.00657893438
 205  0.00645241607
 206  0.00657893438
 207  0.00657893438
 208  0.00657893438
 209  0.00645241607
 210  0.00657893438
 211  0.00645241607
 212  0.00645241607
 213  0.00645241607
 214  0.00645241607
 215  0.00657893438
 216  0.00632589823
 217  0.00645241607
 218  0.00645241607
 219  0.00645241607
 220  0.00645241607
 221  0.00645241607
 222  0.00657893438
 223  0.00645241607
 224  0.00657893438
 225  0.00657893438
 226  0.00645241607
 227  0.00645241607
 228  0.00645241607
 229  0.00645241607
 230  0.00657893438
 231  0.00657893438
 232  0.00657893438
 233  0.00657893438
 234  0.00657893438
 235  0.00657893438
 236  0.00632589823
 237  0.00632589823
 238  0.00657893438
 239  0.00645241607
 240  0.00632589823
 241  0.00645241607
 242  0.00645241607
 243  0.00645241607
 244  0.00645241607
 245  0.00645241607
 246  0.00632589823
 247  0.00657893438
 248  0.00657893438
 249  0.00657893438
 250  0.00657893438
 251  0.00657893438
 252  0.00657893438
 253  0.00645241607
 254  0.00670545222
 255  0.00657893438
 256  0.00657893438
 257  0.00657893438
 258  0.00657893438
 259  0.00645241607
 260  0.00657893438
 261  0.00645241607
 262  0.00645241607
 263  0.00657893438
 264  0.00619938038
 265  0.00645241607
 266  0.00657893438
 267  0.00670545222
 268  0.00657893438
 269  0.00657893438
 270  0.00657893438
 271  0.00657893438
 272  0.00657893438
 273  0.00632589823
 274  0.00657893438
 275  0.00657893438
 276  0.00657893438
 277  0.00657893438
 278  0.00645241607
 279  0.00657893438
 280  0.00645241607
 281  0.00657893438
 282  0.00657893438
 283  0.00657893438
 284  0.00645241607
 285  0.00657893438
 286  0.00645241607
 287  0.00645241607
 288  0.00645241607
 289  0.00645241607
 290  0.00645241607
 291  0.00645241607
 292  0.00645241607
 293  0.00645241607
 294  0.00657893438
 295  0.00645241607
 296  0.00645241607
 297  0.00657893438
 298  0.00670545222
 299  0.00645241607
 300  0.00657893438
 301  0.00657893438
 302  0.00657893438
 303  0.00657893438
 304  0.00657893438
 305  0.00645241607
 306  0.00645241607
 307  0.00670545222
 308  0.00645241607
 309  0.00645241607
 310  0.00645241607
 311  0.00619938038
 312  0.00632589823
 313  0.00632589823
 314  0.00645241607
 315  0.00645241607
 316  0.00632589823
 317  0.00632589823
 318  0.00645241607
 319  0.00645241607
 320  0.00632589823
 321  0.00645241607
 322  0.00632589823
 323  0.00632589823
 324  0.00645241607
 325  0.00645241607
 326  0.00645241607
 327  0.00645241607
 328  0.00645241607
 329  0.00632589823
 330  0.00632589823
 331  0.00619938038
 332  0.00619938038
 333  0.00619938038
 334  0.00632589823
 335  0.00619938038
 336  0.00619938038
 337  0.00632589823
 338  0.00619938038
 339  0.00619938038
 340  0.00632589823
 341  0.00657893438
 342  0.00645241607
 343  0.00632589823
 344  0.00657893438
 345  0.00645241607
 346  0.00645241607
 347  0.00645241607
 348  0.00645241607
 349  0.00645241607
 350  0.00632589823
 351  0.00619938038
 352  0.00657893438
 353  0.00645241607
 354  0.00632589823
 355  0.00632589823
 356  0.00645241607
 357  0.00632589823
 358  0.00645241607
 359  0.00645241607
 360  0.00632589823
 361  0.00632589823
 362  0.00645241607
 363  0.00645241607
 364  0.00657893438
 365  0.00657893438
 366  0.00645241607
 367  0.00683197007
 368  0.00670545222
 369  0.00670545222
 370  0.00670545222
 371  0.00657893438
 372  0.00657893438
 373  0.00657893438
 374  0.00670545222
 375  0.00670545222
 376  0.00683197007
 377  0.00657893438
 378  0.00657893438
 379  0.00670545222
 380  0.00657893438
 381  0.00645241607
 382  0.00670545222
 383  0.00657893438
 384  0.00645241607
 385  0.00670545222
 386  0.00657893438
 387  0.00657893438
 388  0.00657893438
 389  0.00657893438
 390  0.00657893438
 391  0.00657893438
 392  0.00657893438
 393  0.00670545222
 394  0.00670545222
 395  0.00670545222
 396  0.00670545222
 397  0.00657893438
 398  0.00657893438
 399  0.00683197007
 400  0.00657893438
 401  0.00657893438
 402  0.00657893438
 403  0.00657893438
 404  0.00670545222
 405  0.00657893438
 406  0.00645241607
 407  0.00657893438
 408  0.00645241607
 409  0.00657893438
 410  0.00657893438
 411  0.00645241607
 412  0.00657893438
 413  0.00657893438
 414  0.00657893438
 415  0.00670545222
 416  0.00645241607
 417  0.00657893438
 418  0.00657893438
 419  0.00670545222
 420  0.00670545222
 421  0.00670545222
 422  0.00670545222
 423  0.00657893438
 424  0.00657893438
 425  0.00645241607
 426  0.00645241607
 427  0.00670545222
 428  0.00657893438
 429  0.00670545222
 430  0.00657893438
 431  0.00670545222
 432  0.00657893438
 433  0.00657893438
 434  0.00657893438
 435  0.00657893438
 436  0.00683197007
 437  0.00670545222
 438  0.00670545222
 439  0.00657893438
 440  0.00645241607
 441  0.00683197007
 442  0.00683197007
 443  0.00657893438
 444  0.00657893438
 445  0.00670545222
 446  0.00670545222
 447  0.00657893438
 448  0.00670545222
 449  0.00657893438
 450  0.00657893438
 451  0.00670545222
 452  0.00657893438
 453  0.00657893438
 454  0.00683197007
 455  0.00657893438
 456  0.00645241607
 457  0.00657893438
 458  0.00670545222
 459  0.00657893438
 460  0.00683197007
 461  0.00657893438
 462  0.00645241607
 463  0.00670545222
 464  0.00670545222
 465  0.00670545222
 466  0.00670545222
 467  0.00657893438
 468  0.00670545222
 469  0.00670545222
 470  0.00670545222
 471  0.00683197007
 472  0.00683197007
 473  0.00657893438
 474  0.00657893438
 475  0.00645241607
 476  0.00657893438
 477  0.00670545222
 478  0.00657893438
 479  0.00645241607
 480  0.00645241607
 481  0.00645241607
 482  0.00645241607
 483  0.00657893438
 484  0.00645241607
 485  0.00645241607
 486  0.00657893438
 487  0.00645241607
 488  0.00657893438
 489  0.00657893438
 490  0.00657893438
 491  0.00657893438
 492  0.00645241607
 493  0.00632589823
 494  0.00657893438
 495  0.00645241607
 496  0.00632589823
 497  0.00632589823
 498  0.00645241607
 499  0.00645241607
 500  0.00632589823

 1  0.00657893438
 2  0.00683197007
 3  0.00607286254
 4  0.00670545222
 5  0.00683197007
 6  0.00657893438
 7  0.00695848837
 8  0.00683197007
 9  0.00695848837
 10  0.00695848837
 11  0.00695848837
 12  0.00695848837
 13  0.00683197007
 14  0.00683197007
 15  0.00695848837
 16  0.00695848837
 17  0.00683197007
 18  0.00683197007
 19  0.00683197007
 20  0.00683197007
 21  0.00683197007
 22  0.00683197007
 23  0.00695848837
 24  0.00670545222
 25  0.00670545222
 26  0.00683197007
 27  0.00695848837
 28  0.00683197007
 29  0.00695848837
 30  0.00695848837
 31  0.00708500622
 32  0.00695848837
 33  0.00695848837
 34  0.00708500622
 35  0.00708500622
 36  0.00721152406
 37  0.00708500622
 38  0.00708500622
 39  0.00721152406
 40  0.00708500622
 41  0.00695848837
 42  0.00695848837
 43  0.00695848837
 44  0.00695848837
 45  0.00708500622
 46  0.00721152406
 47  0.00695848837
 48  0.00708500622
 49  0.00708500622
 50  0.00695848837
 51  0.00695848837
 52  0.00695848837
 53  0.00708500622
 54  0.00708500622
 55  0.00721152406
 56  0.00708500622
 57  0.00721152406
 58  0.00721152406
 59  0.00721152406
 60  0.00708500622
 61  0.00721152406
 62  0.00721152406
 63  0.00721152406
 64  0.00721152406
 65  0.00721152406
 66  0.00708500622
 67  0.00708500622
 68  0.00708500622
 69  0.00695848837
 70  0.00695848837
 71  0.00695848837
 72  0.00683197007
 73  0.00708500622
 74  0.00708500622
 75  0.00695848837
 76  0.00695848837
 77  0.00695848837
 78  0.00708500622
 79  0.00695848837
 80  0.00721152406
 81  0.00695848837
 82  0.00721152406
 83  0.00721152406
 84  0.00708500622
 85  0.00721152406
 86  0.00708500622
 87  0.00721152406
 88  0.00721152406
 89  0.00721152406
 90  0.00721152406
 91  0.00721152406
 92  0.00708500622
 93  0.00683197007
 94  0.00695848837
 95  0.00695848837
 96  0.00695848837
 97  0.00695848837
 98  0.00683197007
 99  0.00695848837
 100  0.00695848837
 101  0.00708500622
 102  0.00708500622
 103  0.00708500622
 104  0.00708500622
 105  0.00708500622
 106  0.00721152406
 107  0.00721152406
 108  0.00695848837
 109  0.00721152406
 110  0.00708500622
 111  0.00733804191
 112  0.00721152406
 113  0.00708500622
 114  0.00721152406
 115  0.00708500622
 116  0.00708500622
 117  0.00708500622
 118  0.00708500622
 119  0.00695848837
 120  0.00708500622
 121  0.00708500622
 122  0.00708500622
 123  0.00721152406
 124  0.00708500622
 125  0.00721152406
 126  0.00708500622
 127  0.00721152406
 128  0.00721152406
 129  0.00721152406
 130  0.00721152406
 131  0.00721152406
 132  0.00721152406
 133  0.00708500622
 134  0.00721152406
 135  0.00721152406
 136  0.00721152406
 137  0.00708500622
 138  0.00695848837
 139  0.00708500622
 140  0.00683197007
 141  0.00695848837
 142  0.00695848837
 143  0.00708500622
 144  0.00695848837
 145  0.00708500622
 146  0.00708500622
 147  0.00708500622
 148  0.00695848837
 149  0.00708500622
 150  0.00708500622
 151  0.00708500622
 152  0.00721152406
 153  0.00708500622
 154  0.00695848837
 155  0.00695848837
 156  0.00695848837
 157  0.00695848837
 158  0.00708500622
 159  0.00708500622
 160  0.00695848837
 161  0.00695848837
 162  0.00683197007
 163  0.00670545222
 164  0.00683197007
 165  0.00670545222
 166  0.00670545222
 167  0.00670545222
 168  0.00657893438
 169  0.00683197007
 170  0.00670545222
 171  0.00683197007
 172  0.00695848837
 173  0.00695848837
 174  0.00695848837
 175  0.00683197007
 176  0.00683197007
 177  0.00695848837
 178  0.00708500622
 179  0.00708500622
 180  0.00695848837
 181  0.00708500622
 182  0.00708500622
 183  0.00721152406
 184  0.00695848837
 185  0.00695848837
 186  0.00708500622
 187  0.00695848837
 188  0.00695848837
 189  0.00695848837
 190  0.00708500622
 191  0.00695848837
 192  0.00695848837
 193  0.00708500622
 194  0.00708500622
 195  0.00695848837
 196  0.00721152406
 197  0.00721152406
 198  0.00708500622
 199  0.00708500622
 200  0.00733804191
 201  0.00708500622
 202  0.00721152406
 203  0.00721152406
 204  0.00721152406
 205  0.00721152406
 206  0.00733804191
 207  0.00733804191
 208  0.00733804191
 209  0.00721152406
 210  0.00721152406
 211  0.00708500622
 212  0.00721152406
 213  0.00708500622
 214  0.00708500622
 215  0.00733804191
 216  0.00708500622
 217  0.00708500622
 218  0.00708500622
 219  0.00708500622
 220  0.00721152406
 221  0.00721152406
 222  0.00721152406
 223  0.00721152406
 224  0.00733804191
 225  0.00721152406
 226  0.00721152406
 227  0.00733804191
 228  0.00721152406
 229  0.00708500622
 230  0.00721152406
 231  0.00721152406
 232  0.00733804191
 233  0.00721152406
 234  0.00721152406
 235  0.00733804191
 236  0.00708500622
 237  0.00708500622
 238  0.00721152406
 239  0.00708500622
 240  0.00708500622
 241  0.00708500622
 242  0.00721152406
 243  0.00721152406
 244  0.00721152406
 245  0.00721152406
 246  0.00708500622
 247  0.00721152406
 248  0.00733804191
 249  0.00733804191
 250  0.00733804191
 251  0.00733804191
 252  0.00733804191
 253  0.00721152406
 254  0.00746456021
 255  0.00733804191
 256  0.00733804191
 257  0.00721152406
 258  0.00733804191
 259  0.00721152406
 260  0.00721152406
 261  0.00708500622
 262  0.00708500622
 263  0.00721152406
 264  0.00695848837
 265  0.00708500622
 266  0.00721152406
 267  0.00733804191
 268  0.00721152406
 269  0.00733804191
 270  0.00733804191
 271  0.00721152406
 272  0.00733804191
 273  0.00708500622
 274  0.00721152406
 275  0.00733804191
 276  0.00733804191
 277  0.00733804191
 278  0.00721152406
 279  0.00733804191
 280  0.00721152406
 281  0.00733804191
 282  0.00721152406
 283  0.00733804191
 284  0.00721152406
 285  0.00721152406
 286  0.00721152406
 287  0.00708500622
 288  0.00708500622
 289  0.00733804191
 290  0.00721152406
 291  0.00721152406
 292  0.00721152406
 293  0.00721152406
 294  0.00733804191
 295  0.00721152406
 296  0.00721152406
 297  0.00733804191
 298  0.00746456021
 299  0.00721152406
 300  0.00733804191
 301  0.00746456021
 302  0.00733804191
 303  0.00733804191
 304  0.00733804191
 305  0.00721152406
 306  0.00721152406
 307  0.00733804191
 308  0.00721152406
 309  0.00721152406
 310  0.00708500622
 311  0.00695848837
 312  0.00721152406
 313  0.00695848837
 314  0.00721152406
 315  0.00708500622
 316  0.00721152406
 317  0.00708500622
 318  0.00721152406
 319  0.00721152406
 320  0.00708500622
 321  0.00721152406
 322  0.00708500622
 323  0.00708500622
 324  0.00721152406
 325  0.00721152406
 326  0.00708500622
 327  0.00708500622
 328  0.00721152406
 329  0.00708500622
 330  0.00708500622
 331  0.00695848837
 332  0.00695848837
 333  0.00695848837
 334  0.00695848837
 335  0.00683197007
 336  0.00695848837
 337  0.00695848837
 338  0.00695848837
 339  0.00695848837
 340  0.00708500622
 341  0.00721152406
 342  0.00721152406
 343  0.00708500622
 344  0.00721152406
 345  0.00721152406
 346  0.00708500622
 347  0.00733804191
 348  0.00708500622
 349  0.00721152406
 350  0.00708500622
 351  0.00695848837
 352  0.00733804191
 353  0.00721152406
 354  0.00695848837
 355  0.00708500622
 356  0.00721152406
 357  0.00695848837
 358  0.00721152406
 359  0.00708500622
 360  0.00708500622
 361  0.00721152406
 362  0.00708500622
 363  0.00721152406
 364  0.00733804191
 365  0.00733804191
 366  0.00733804191
 367  0.00746456021
 368  0.00746456021
 369  0.00746456021
 370  0.00746456021
 371  0.00746456021
 372  0.00733804191
 373  0.00721152406
 374  0.00746456021
 375  0.00733804191
 376  0.00759107806
 377  0.00746456021
 378  0.00733804191
 379  0.00733804191
 380  0.00733804191
 381  0.00721152406
 382  0.00746456021
 383  0.00721152406
 384  0.00721152406
 385  0.00733804191
 386  0.00733804191
 387  0.00733804191
 388  0.00733804191
 389  0.00746456021
 390  0.00733804191
 391  0.00733804191
 392  0.00721152406
 393  0.00746456021
 394  0.00746456021
 395  0.00746456021
 396  0.00733804191
 397  0.00733804191
 398  0.00721152406
 399  0.00759107806
 400  0.00733804191
 401  0.00733804191
 402  0.00733804191
 403  0.00721152406
 404  0.00746456021
 405  0.00733804191
 406  0.00708500622
 407  0.00733804191
 408  0.00721152406
 409  0.00733804191
 410  0.00721152406
 411  0.00721152406
 412  0.00733804191
 413  0.00746456021
 414  0.00733804191
 415  0.00733804191
 416  0.00721152406
 417  0.00733804191
 418  0.00733804191
 419  0.00733804191
 420  0.00733804191
 421  0.00746456021
 422  0.00746456021
 423  0.00721152406
 424  0.00733804191
 425  0.00733804191
 426  0.00721152406
 427  0.00733804191
 428  0.00721152406
 429  0.00733804191
 430  0.00733804191
 431  0.00733804191
 432  0.00733804191
 433  0.00708500622
 434  0.00721152406
 435  0.00721152406
 436  0.00746456021
 437  0.00733804191
 438  0.00733804191
 439  0.00733804191
 440  0.00708500622
 441  0.00746456021
 442  0.00733804191
 443  0.00733804191
 444  0.00733804191
 445  0.00746456021
 446  0.00733804191
 447  0.00733804191
 448  0.00733804191
 449  0.00733804191
 450  0.00733804191
 451  0.00746456021
 452  0.00721152406
 453  0.00721152406
 454  0.00746456021
 455  0.00733804191
 456  0.00721152406
 457  0.00733804191
 458  0.00746456021
 459  0.00721152406
 460  0.00746456021
 461  0.00733804191
 462  0.00721152406
 463  0.00746456021
 464  0.00746456021
 465  0.00746456021
 466  0.00733804191
 467  0.00733804191
 468  0.00733804191
 469  0.00746456021
 470  0.00746456021
 471  0.00746456021
 472  0.00746456021
 473  0.00721152406
 474  0.00746456021
 475  0.00721152406
 476  0.00721152406
 477  0.00746456021
 478  0.00733804191
 479  0.00708500622
 480  0.00721152406
 481  0.00733804191
 482  0.00721152406
 483  0.00733804191
 484  0.00721152406
 485  0.00721152406
 486  0.00721152406
 487  0.00721152406
 488  0.00746456021
 489  0.00721152406
 490  0.00746456021
 491  0.00733804191
 492  0.00721152406
 493  0.00708500622
 494  0.00733804191
 495  0.00733804191
 496  0.00721152406
 497  0.00708500622
 498  0.00708500622
 499  0.00721152406
 500  0.00721152406

 1  0.00733804191
 2  0.00759107806
 3  0.00683197007
 4  0.00746456021
 5  0.00746456021
 6  0.00733804191
 7  0.0077175959
 8  0.00759107806
 9  0.0077175959
 10  0.0077175959
 11  0.0077175959
 12  0.00759107806
 13  0.00746456021
 14  0.00759107806
 15  0.0077175959
 16  0.00759107806
 17  0.00759107806
 18  0.00759107806
 19  0.00759107806
 20  0.00759107806
 21  0.00759107806
 22  0.00746456021
 23  0.0077175959
 24  0.00746456021
 25  0.00746456021
 26  0.00759107806
 27  0.0077175959
 28  0.00759107806
 29  0.0077175959
 30  0.0077175959
 31  0.00784411374
 32  0.0077175959
 33  0.0077175959
 34  0.00797063205
 35  0.00784411374
 36  0.00797063205
 37  0.0077175959
 38  0.00784411374
 39  0.00797063205
 40  0.00784411374
 41  0.0077175959
 42  0.0077175959
 43  0.0077175959
 44  0.0077175959
 45  0.0077175959
 46  0.00784411374
 47  0.0077175959
 48  0.0077175959
 49  0.0077175959
 50  0.0077175959
 51  0.0077175959
 52  0.0077175959
 53  0.0077175959
 54  0.00784411374
 55  0.00797063205
 56  0.00784411374
 57  0.00784411374
 58  0.00784411374
 59  0.00797063205
 60  0.00784411374
 61  0.00797063205
 62  0.00784411374
 63  0.00797063205
 64  0.00797063205
 65  0.00784411374
 66  0.00784411374
 67  0.00784411374
 68  0.00784411374
 69  0.00759107806
 70  0.00759107806
 71  0.00759107806
 72  0.00759107806
 73  0.0077175959
 74  0.00784411374
 75  0.0077175959
 76  0.00759107806
 77  0.0077175959
 78  0.0077175959
 79  0.0077175959
 80  0.00797063205
 81  0.0077175959
 82  0.00784411374
 83  0.00784411374
 84  0.00784411374
 85  0.00784411374
 86  0.00784411374
 87  0.00797063205
 88  0.00797063205
 89  0.00797063205
 90  0.00797063205
 91  0.00797063205
 92  0.00784411374
 93  0.00759107806
 94  0.00784411374
 95  0.0077175959
 96  0.00759107806
 97  0.0077175959
 98  0.00759107806
 99  0.0077175959
 100  0.0077175959
 101  0.00784411374
 102  0.00784411374
 103  0.0077175959
 104  0.00784411374
 105  0.00784411374
 106  0.00809714943
 107  0.00797063205
 108  0.0077175959
 109  0.00784411374
 110  0.00784411374
 111  0.00809714943
 112  0.00797063205
 113  0.00784411374
 114  0.00797063205
 115  0.00784411374
 116  0.00784411374
 117  0.0077175959
 118  0.00784411374
 119  0.0077175959
 120  0.0077175959
 121  0.0077175959
 122  0.0077175959
 123  0.00797063205
 124  0.00784411374
 125  0.00797063205
 126  0.0077175959
 127  0.00797063205
 128  0.00797063205
 129  0.00797063205
 130  0.00784411374
 131  0.00797063205
 132  0.00784411374
 133  0.00784411374
 134  0.00784411374
 135  0.00797063205
 136  0.00784411374
 137  0.00797063205
 138  0.0077175959
 139  0.00784411374
 140  0.00759107806
 141  0.00784411374
 142  0.0077175959
 143  0.00784411374
 144  0.00784411374
 145  0.0077175959
 146  0.0077175959
 147  0.00784411374
 148  0.0077175959
 149  0.00797063205
 150  0.00784411374
 151  0.00784411374
 152  0.00784411374
 153  0.0077175959
 154  0.0077175959
 155  0.0077175959
 156  0.00784411374
 157  0.00784411374
 158  0.00784411374
 159  0.00784411374
 160  0.00759107806
 161  0.00784411374
 162  0.00759107806
 163  0.00759107806
 164  0.00759107806
 165  0.00746456021
 166  0.00746456021
 167  0.00759107806
 168  0.00733804191
 169  0.00759107806
 170  0.00746456021
 171  0.00759107806
 172  0.00759107806
 173  0.0077175959
 174  0.0077175959
 175  0.00759107806
 176  0.00759107806
 177  0.0077175959
 178  0.00784411374
 179  0.00784411374
 180  0.0077175959
 181  0.00784411374
 182  0.0077175959
 183  0.00784411374
 184  0.00784411374
 185  0.0077175959
 186  0.0077175959
 187  0.0077175959
 188  0.00797063205
 189  0.0077175959
 190  0.00784411374
 191  0.00759107806
 192  0.0077175959
 193  0.00784411374
 194  0.00784411374
 195  0.0077175959
 196  0.00797063205
 197  0.00797063205
 198  0.00784411374
 199  0.00784411374
 200  0.00809714943
 201  0.00784411374
 202  0.00784411374
 203  0.00797063205
 204  0.00797063205
 205  0.00797063205
 206  0.00809714943
 207  0.00797063205
 208  0.00797063205
 209  0.00784411374
 210  0.00797063205
 211  0.00784411374
 212  0.00784411374
 213  0.00784411374
 214  0.00784411374
 215  0.00797063205
 216  0.00797063205
 217  0.00784411374
 218  0.00784411374
 219  0.00784411374
 220  0.00784411374
 221  0.00809714943
 222  0.00797063205
 223  0.00784411374
 224  0.00809714943
 225  0.00797063205
 226  0.00797063205
 227  0.00797063205
 228  0.00797063205
 229  0.00784411374
 230  0.00797063205
 231  0.00797063205
 232  0.00809714943
 233  0.00797063205
 234  0.00784411374
 235  0.00797063205
 236  0.00784411374
 237  0.00784411374
 238  0.00784411374
 239  0.00784411374
 240  0.0077175959
 241  0.00784411374
 242  0.00797063205
 243  0.00784411374
 244  0.00784411374
 245  0.00797063205
 246  0.00784411374
 247  0.00809714943
 248  0.00809714943
 249  0.00809714943
 250  0.00797063205
 251  0.00809714943
 252  0.00809714943
 253  0.00797063205
 254  0.00822366774
 255  0.00797063205
 256  0.00809714943
 257  0.00784411374
 258  0.00797063205
 259  0.00797063205
 260  0.00797063205
 261  0.0077175959
 262  0.00784411374
 263  0.00784411374
 264  0.0077175959
 265  0.00784411374
 266  0.00797063205
 267  0.00797063205
 268  0.00809714943
 269  0.00797063205
 270  0.00797063205
 271  0.00809714943
 272  0.00797063205
 273  0.00784411374
 274  0.00797063205
 275  0.00809714943
 276  0.00797063205
 277  0.00797063205
 278  0.00797063205
 279  0.00797063205
 280  0.00809714943
 281  0.00809714943
 282  0.00809714943
 283  0.00809714943
 284  0.00797063205
 285  0.00797063205
 286  0.00797063205
 287  0.00784411374
 288  0.00784411374
 289  0.00797063205
 290  0.00797063205
 291  0.00784411374
 292  0.00809714943
 293  0.00797063205
 294  0.00797063205
 295  0.00809714943
 296  0.00797063205
 297  0.00797063205
 298  0.00822366774
 299  0.00809714943
 300  0.00809714943
 301  0.00822366774
 302  0.00809714943
 303  0.00809714943
 304  0.00809714943
 305  0.00797063205
 306  0.00797063205
 307  0.00809714943
 308  0.00797063205
 309  0.00797063205
 310  0.00784411374
 311  0.0077175959
 312  0.00797063205
 313  0.0077175959
 314  0.00784411374
 315  0.00784411374
 316  0.00797063205
 317  0.00784411374
 318  0.00797063205
 319  0.00784411374
 320  0.0077175959
 321  0.00784411374
 322  0.00784411374
 323  0.00784411374
 324  0.00797063205
 325  0.00797063205
 326  0.00784411374
 327  0.00784411374
 328  0.00797063205
 329  0.00797063205
 330  0.00784411374
 331  0.0077175959
 332  0.00784411374
 333  0.00759107806
 334  0.00784411374
 335  0.00759107806
 336  0.0077175959
 337  0.00784411374
 338  0.0077175959
 339  0.0077175959
 340  0.00784411374
 341  0.00784411374
 342  0.00797063205
 343  0.00784411374
 344  0.00797063205
 345  0.00797063205
 346  0.00797063205
 347  0.00797063205
 348  0.0077175959
 349  0.00797063205
 350  0.00784411374
 351  0.0077175959
 352  0.00797063205
 353  0.00797063205
 354  0.0077175959
 355  0.00784411374
 356  0.00797063205
 357  0.00784411374
 358  0.00784411374
 359  0.0077175959
 360  0.0077175959
 361  0.00797063205
 362  0.00784411374
 363  0.00797063205
 364  0.00797063205
 365  0.00797063205
 366  0.00809714943
 367  0.00809714943
 368  0.00809714943
 369  0.00809714943
 370  0.00809714943
 371  0.00809714943
 372  0.00797063205
 373  0.00797063205
 374  0.00822366774
 375  0.00809714943
 376  0.00822366774
 377  0.00822366774
 378  0.00797063205
 379  0.00797063205
 380  0.00809714943
 381  0.00797063205
 382  0.00809714943
 383  0.00797063205
 384  0.00797063205
 385  0.00809714943
 386  0.00809714943
 387  0.00797063205
 388  0.00797063205
 389  0.00822366774
 390  0.00822366774
 391  0.00797063205
 392  0.00809714943
 393  0.00822366774
 394  0.00809714943
 395  0.00809714943
 396  0.00797063205
 397  0.00809714943
 398  0.00797063205
 399  0.00822366774
 400  0.00809714943
 401  0.00809714943
 402  0.00809714943
 403  0.00784411374
 404  0.00809714943
 405  0.00797063205
 406  0.00784411374
 407  0.00809714943
 408  0.00797063205
 409  0.00809714943
 410  0.00809714943
 411  0.00797063205
 412  0.00822366774
 413  0.00822366774
 414  0.00809714943
 415  0.00809714943
 416  0.00797063205
 417  0.00809714943
 418  0.00809714943
 419  0.00809714943
 420  0.00809714943
 421  0.00822366774
 422  0.00809714943
 423  0.00797063205
 424  0.00797063205
 425  0.00797063205
 426  0.00797063205
 427  0.00809714943
 428  0.00797063205
 429  0.00809714943
 430  0.00809714943
 431  0.00809714943
 432  0.00797063205
 433  0.00784411374
 434  0.00809714943
 435  0.00784411374
 436  0.00809714943
 437  0.00809714943
 438  0.00809714943
 439  0.00809714943
 440  0.00784411374
 441  0.00822366774
 442  0.00809714943
 443  0.00809714943
 444  0.00822366774
 445  0.00809714943
 446  0.00809714943
 447  0.00809714943
 448  0.00809714943
 449  0.00797063205
 450  0.00809714943
 451  0.00822366774
 452  0.00797063205
 453  0.00797063205
 454  0.00809714943
 455  0.00797063205
 456  0.00797063205
 457  0.00809714943
 458  0.00809714943
 459  0.00797063205
 460  0.00822366774
 461  0.00809714943
 462  0.00797063205
 463  0.00809714943
 464  0.00809714943
 465  0.00809714943
 466  0.00809714943
 467  0.00809714943
 468  0.00809714943
 469  0.00822366774
 470  0.00809714943
 471  0.00822366774
 472  0.00822366774
 473  0.00797063205
 474  0.00809714943
 475  0.00797063205
 476  0.00797063205
 477  0.00809714943
 478  0.00797063205
 479  0.0077175959
 480  0.00784411374
 481  0.00797063205
 482  0.00784411374
 483  0.00809714943
 484  0.00822366774
 485  0.00797063205
 486  0.00797063205
 487  0.00797063205
 488  0.00822366774
 489  0.00809714943
 490  0.00822366774
 491  0.00809714943
 492  0.00797063205
 493  0.00797063205
 494  0.00809714943
 495  0.00809714943
 496  0.00797063205
 497  0.00797063205
 498  0.00797063205
 499  0.00797063205
 500  0.00784411374

 1  0.00809714943
 2  0.00822366774
 3  0.00759107806
 4  0.00835018605
 5  0.00822366774
 6  0.00809714943
 7  0.00847670343
 8  0.00835018605
 9  0.00847670343
 10  0.00847670343
 11  0.00860322174
 12  0.00835018605
 13  0.00822366774
 14  0.00835018605
 15  0.00847670343
 16  0.00835018605
 17  0.00835018605
 18  0.00835018605
 19  0.00847670343
 20  0.00835018605
 21  0.00847670343
 22  0.00822366774
 23  0.00847670343
 24  0.00822366774
 25  0.00822366774
 26  0.00822366774
 27  0.00847670343
 28  0.00847670343
 29  0.00847670343
 30  0.00835018605
 31  0.00860322174
 32  0.00847670343
 33  0.00847670343
 34  0.00872974005
 35  0.00860322174
 36  0.00860322174
 37  0.00860322174
 38  0.00860322174
 39  0.00872974005
 40  0.00847670343
 41  0.00847670343
 42  0.00847670343
 43  0.00847670343
 44  0.00847670343
 45  0.00847670343
 46  0.00847670343
 47  0.00860322174
 48  0.00847670343
 49  0.00847670343
 50  0.00847670343
 51  0.00847670343
 52  0.00847670343
 53  0.00847670343
 54  0.00860322174
 55  0.00872974005
 56  0.00872974005
 57  0.00860322174
 58  0.00860322174
 59  0.00872974005
 60  0.00860322174
 61  0.00860322174
 62  0.00860322174
 63  0.00872974005
 64  0.00860322174
 65  0.00860322174
 66  0.00860322174
 67  0.00847670343
 68  0.00847670343
 69  0.00835018605
 70  0.00835018605
 71  0.00835018605
 72  0.00835018605
 73  0.00847670343
 74  0.00860322174
 75  0.00835018605
 76  0.00847670343
 77  0.00847670343
 78  0.00835018605
 79  0.00847670343
 80  0.00872974005
 81  0.00847670343
 82  0.00860322174
 83  0.00872974005
 84  0.00872974005
 85  0.00860322174
 86  0.00860322174
 87  0.00860322174
 88  0.00872974005
 89  0.00872974005
 90  0.00872974005
 91  0.00860322174
 92  0.00860322174
 93  0.00835018605
 94  0.00847670343
 95  0.00847670343
 96  0.00835018605
 97  0.00847670343
 98  0.00835018605
 99  0.00847670343
 100  0.00860322174
 101  0.00860322174
 102  0.00847670343
 103  0.00847670343
 104  0.00860322174
 105  0.00860322174
 106  0.00885625742
 107  0.00872974005
 108  0.00847670343
 109  0.00872974005
 110  0.00860322174
 111  0.00885625742
 112  0.00872974005
 113  0.00860322174
 114  0.00860322174
 115  0.00860322174
 116  0.00860322174
 117  0.00860322174
 118  0.00847670343
 119  0.00835018605
 120  0.00847670343
 121  0.00860322174
 122  0.00860322174
 123  0.00872974005
 124  0.00860322174
 125  0.00860322174
 126  0.00860322174
 127  0.00872974005
 128  0.00860322174
 129  0.00872974005
 130  0.00860322174
 131  0.00872974005
 132  0.00860322174
 133  0.00860322174
 134  0.00860322174
 135  0.00872974005
 136  0.00860322174
 137  0.00872974005
 138  0.00847670343
 139  0.00860322174
 140  0.00835018605
 141  0.00847670343
 142  0.00847670343
 143  0.00860322174
 144  0.00847670343
 145  0.00847670343
 146  0.00860322174
 147  0.00847670343
 148  0.00835018605
 149  0.00872974005
 150  0.00860322174
 151  0.00847670343
 152  0.00860322174
 153  0.00847670343
 154  0.00860322174
 155  0.00847670343
 156  0.00860322174
 157  0.00860322174
 158  0.00860322174
 159  0.00847670343
 160  0.00847670343
 161  0.00847670343
 162  0.00835018605
 163  0.00847670343
 164  0.00847670343
 165  0.00822366774
 166  0.00835018605
 167  0.00835018605
 168  0.00809714943
 169  0.00835018605
 170  0.00822366774
 171  0.00835018605
 172  0.00847670343
 173  0.00847670343
 174  0.00847670343
 175  0.00847670343
 176  0.00835018605
 177  0.00847670343
 178  0.00872974005
 179  0.00860322174
 180  0.00847670343
 181  0.00860322174
 182  0.00860322174
 183  0.00872974005
 184  0.00847670343
 185  0.00860322174
 186  0.00847670343
 187  0.00847670343
 188  0.00872974005
 189  0.00847670343
 190  0.00860322174
 191  0.00835018605
 192  0.00847670343
 193  0.00860322174
 194  0.00847670343
 195  0.00847670343
 196  0.00860322174
 197  0.00872974005
 198  0.00860322174
 199  0.00872974005
 200  0.00885625742
 201  0.00860322174
 202  0.00860322174
 203  0.00872974005
 204  0.00885625742
 205  0.00872974005
 206  0.00885625742
 207  0.00872974005
 208  0.00872974005
 209  0.00860322174
 210  0.00860322174
 211  0.00860322174
 212  0.00860322174
 213  0.00860322174
 214  0.00860322174
 215  0.00860322174
 216  0.00860322174
 217  0.00872974005
 218  0.00872974005
 219  0.00860322174
 220  0.00847670343
 221  0.00885625742
 222  0.00885625742
 223  0.00872974005
 224  0.00872974005
 225  0.00860322174
 226  0.00872974005
 227  0.00872974005
 228  0.00872974005
 229  0.00860322174
 230  0.00860322174
 231  0.00860322174
 232  0.00885625742
 233  0.00872974005
 234  0.00860322174
 235  0.00885625742
 236  0.00847670343
 237  0.00872974005
 238  0.00860322174
 239  0.00872974005
 240  0.00860322174
 241  0.00872974005
 242  0.00885625742
 243  0.00860322174
 244  0.00872974005
 245  0.00872974005
 246  0.00860322174
 247  0.00872974005
 248  0.00885625742
 249  0.00885625742
 250  0.00860322174
 251  0.00885625742
 252  0.00872974005
 253  0.00872974005
 254  0.00885625742
 255  0.00872974005
 256  0.00885625742
 257  0.00872974005
 258  0.00885625742
 259  0.00872974005
 260  0.00872974005
 261  0.00847670343
 262  0.00860322174
 263  0.00847670343
 264  0.00847670343
 265  0.00847670343
 266  0.00885625742
 267  0.00872974005
 268  0.00872974005
 269  0.00872974005
 270  0.00885625742
 271  0.00885625742
 272  0.00872974005
 273  0.00872974005
 274  0.00885625742
 275  0.00885625742
 276  0.00885625742
 277  0.00872974005
 278  0.00872974005
 279  0.00872974005
 280  0.00872974005
 281  0.00885625742
 282  0.00885625742
 283  0.00872974005
 284  0.00872974005
 285  0.00872974005
 286  0.00872974005
 287  0.00872974005
 288  0.00860322174
 289  0.00872974005
 290  0.00872974005
 291  0.00872974005
 292  0.00885625742
 293  0.00860322174
 294  0.00885625742
 295  0.00885625742
 296  0.00872974005
 297  0.00872974005
 298  0.00898277573
 299  0.00885625742
 300  0.00898277573
 301  0.00885625742
 302  0.00885625742
 303  0.00885625742
 304  0.00885625742
 305  0.00872974005
 306  0.00885625742
 307  0.00872974005
 308  0.00872974005
 309  0.00872974005
 310  0.00860322174
 311  0.00860322174
 312  0.00872974005
 313  0.00847670343
 314  0.00860322174
 315  0.00860322174
 316  0.00872974005
 317  0.00860322174
 318  0.00872974005
 319  0.00872974005
 320  0.00860322174
 321  0.00872974005
 322  0.00872974005
 323  0.00847670343
 324  0.00885625742
 325  0.00872974005
 326  0.00860322174
 327  0.00860322174
 328  0.00885625742
 329  0.00872974005
 330  0.00847670343
 331  0.00860322174
 332  0.00860322174
 333  0.00835018605
 334  0.00860322174
 335  0.00847670343
 336  0.00847670343
 337  0.00847670343
 338  0.00847670343
 339  0.00847670343
 340  0.00872974005
 341  0.00860322174
 342  0.00885625742
 343  0.00872974005
 344  0.00872974005
 345  0.00885625742
 346  0.00872974005
 347  0.00885625742
 348  0.00847670343
 349  0.00885625742
 350  0.00872974005
 351  0.00847670343
 352  0.00872974005
 353  0.00885625742
 354  0.00847670343
 355  0.00872974005
 356  0.00885625742
 357  0.00860322174
 358  0.00860322174
 359  0.00860322174
 360  0.00847670343
 361  0.00872974005
 362  0.00860322174
 363  0.00872974005
 364  0.00872974005
 365  0.00872974005
 366  0.00885625742
 367  0.00885625742
 368  0.00885625742
 369  0.00885625742
 370  0.00885625742
 371  0.00885625742
 372  0.00872974005
 373  0.00885625742
 374  0.00885625742
 375  0.00872974005
 376  0.00898277573
 377  0.00898277573
 378  0.00872974005
 379  0.00872974005
 380  0.00885625742
 381  0.00872974005
 382  0.00885625742
 383  0.00872974005
 384  0.00885625742
 385  0.00885625742
 386  0.00885625742
 387  0.00872974005
 388  0.00885625742
 389  0.00885625742
 390  0.00898277573
 391  0.00885625742
 392  0.00885625742
 393  0.00898277573
 394  0.00885625742
 395  0.00898277573
 396  0.00885625742
 397  0.00898277573
 398  0.00885625742
 399  0.00898277573
 400  0.00885625742
 401  0.00885625742
 402  0.00885625742
 403  0.00860322174
 404  0.00885625742
 405  0.00872974005
 406  0.00860322174
 407  0.00885625742
 408  0.00872974005
 409  0.00885625742
 410  0.00885625742
 411  0.00872974005
 412  0.00898277573
 413  0.00898277573
 414  0.00872974005
 415  0.00885625742
 416  0.00872974005
 417  0.00898277573
 418  0.00885625742
 419  0.00885625742
 420  0.00898277573
 421  0.00898277573
 422  0.00885625742
 423  0.00872974005
 424  0.00872974005
 425  0.00872974005
 426  0.00872974005
 427  0.00885625742
 428  0.00872974005
 429  0.00885625742
 430  0.00885625742
 431  0.00872974005
 432  0.00872974005
 433  0.00860322174
 434  0.00885625742
 435  0.00872974005
 436  0.00885625742
 437  0.00885625742
 438  0.00885625742
 439  0.00885625742
 440  0.00872974005
 441  0.00898277573
 442  0.00885625742
 443  0.00885625742
 444  0.00898277573
 445  0.00872974005
 446  0.00885625742
 447  0.00885625742
 448  0.00885625742
 449  0.00872974005
 450  0.00885625742
 451  0.00885625742
 452  0.00872974005
 453  0.00872974005
 454  0.00885625742
 455  0.00872974005
 456  0.00872974005
 457  0.00885625742
 458  0.00898277573
 459  0.00872974005
 460  0.00898277573
 461  0.00885625742
 462  0.00885625742
 463  0.00885625742
 464  0.00898277573
 465  0.00885625742
 466  0.00885625742
 467  0.00885625742
 468  0.00885625742
 469  0.00898277573
 470  0.00898277573
 471  0.00898277573
 472  0.00898277573
 473  0.00872974005
 474  0.00885625742
 475  0.00885625742
 476  0.00872974005
 477  0.00885625742
 478  0.00885625742
 479  0.00860322174
 480  0.00860322174
 481  0.00885625742
 482  0.00872974005
 483  0.00885625742
 484  0.00885625742
 485  0.00872974005
 486  0.00885625742
 487  0.00872974005
 488  0.00898277573
 489  0.00885625742
 490  0.00898277573
 491  0.00898277573
 492  0.00872974005
 493  0.00872974005
 494  0.00885625742
 495  0.00885625742
 496  0.00885625742
 497  0.00872974005
 498  0.00872974005
 499  0.00872974005
 500  0.00860322174

 1  0.00885625742
 2  0.00910929404
 3  0.00822366774
 4  0.00923581142
 5  0.00910929404
 6  0.00885625742
 7  0.00936232973
 8  0.00910929404
 9  0.00923581142
 10  0.00923581142
 11  0.00948884711
 12  0.00910929404
 13  0.00910929404
 14  0.00923581142
 15  0.00923581142
 16  0.00923581142
 17  0.00910929404
 18  0.00898277573
 19  0.00923581142
 20  0.00923581142
 21  0.00923581142
 22  0.00923581142
 23  0.00936232973
 24  0.00898277573
 25  0.00898277573
 26  0.00910929404
 27  0.00923581142
 28  0.00923581142
 29  0.00923581142
 30  0.00936232973
 31  0.00936232973
 32  0.00936232973
 33  0.00923581142
 34  0.00948884711
 35  0.00948884711
 36  0.00936232973
 37  0.00948884711
 38  0.00936232973
 39  0.00936232973
 40  0.00923581142
 41  0.00923581142
 42  0.00923581142
 43  0.00936232973
 44  0.00923581142
 45  0.00936232973
 46  0.00923581142
 47  0.00936232973
 48  0.00923581142
 49  0.00923581142
 50  0.00936232973
 51  0.00936232973
 52  0.00936232973
 53  0.00923581142
 54  0.00936232973
 55  0.00948884711
 56  0.00948884711
 57  0.00936232973
 58  0.00936232973
 59  0.00948884711
 60  0.00936232973
 61  0.00936232973
 62  0.00936232973
 63  0.00936232973
 64  0.00948884711
 65  0.00948884711
 66  0.00936232973
 67  0.00923581142
 68  0.00936232973
 69  0.00910929404
 70  0.00923581142
 71  0.00923581142
 72  0.00923581142
 73  0.00923581142
 74  0.00948884711
 75  0.00910929404
 76  0.00923581142
 77  0.00936232973
 78  0.00910929404
 79  0.00936232973
 80  0.00948884711
 81  0.00923581142
 82  0.00948884711
 83  0.00936232973
 84  0.00948884711
 85  0.00936232973
 86  0.00948884711
 87  0.00948884711
 88  0.00948884711
 89  0.00948884711
 90  0.00948884711
 91  0.00948884711
 92  0.00936232973
 93  0.00923581142
 94  0.00936232973
 95  0.00923581142
 96  0.00923581142
 97  0.00923581142
 98  0.00923581142
 99  0.00936232973
 100  0.00936232973
 101  0.00936232973
 102  0.00923581142
 103  0.00948884711
 104  0.00936232973
 105  0.00948884711
 106  0.00961536542
 107  0.00961536542
 108  0.00923581142
 109  0.00961536542
 110  0.00936232973
 111  0.00961536542
 112  0.00948884711
 113  0.00948884711
 114  0.00936232973
 115  0.00948884711
 116  0.00936232973
 117  0.00936232973
 118  0.00936232973
 119  0.00923581142
 120  0.00936232973
 121  0.00948884711
 122  0.00936232973
 123  0.00948884711
 124  0.00948884711
 125  0.00936232973
 126  0.00936232973
 127  0.00948884711
 128  0.00936232973
 129  0.00948884711
 130  0.00948884711
 131  0.00948884711
 132  0.00948884711
 133  0.00936232973
 134  0.00936232973
 135  0.00948884711
 136  0.00936232973
 137  0.00948884711
 138  0.00923581142
 139  0.00936232973
 140  0.00923581142
 141  0.00923581142
 142  0.00936232973
 143  0.00923581142
 144  0.00936232973
 145  0.00923581142
 146  0.00936232973
 147  0.00923581142
 148  0.00923581142
 149  0.00948884711
 150  0.00936232973
 151  0.00923581142
 152  0.00936232973
 153  0.00923581142
 154  0.00936232973
 155  0.00936232973
 156  0.00948884711
 157  0.00936232973
 158  0.00948884711
 159  0.00923581142
 160  0.00923581142
 161  0.00923581142
 162  0.00910929404
 163  0.00936232973
 164  0.00923581142
 165  0.00910929404
 166  0.00910929404
 167  0.00910929404
 168  0.00898277573
 169  0.00910929404
 170  0.00910929404
 171  0.00923581142
 172  0.00936232973
 173  0.00936232973
 174  0.00923581142
 175  0.00936232973
 176  0.00923581142
 177  0.00923581142
 178  0.00948884711
 179  0.00936232973
 180  0.00923581142
 181  0.00948884711
 182  0.00936232973
 183  0.00948884711
 184  0.00936232973
 185  0.00936232973
 186  0.00936232973
 187  0.00936232973
 188  0.00948884711
 189  0.00923581142
 190  0.00936232973
 191  0.00923581142
 192  0.00923581142
 193  0.00948884711
 194  0.00923581142
 195  0.00936232973
 196  0.00936232973
 197  0.00936232973
 198  0.00936232973
 199  0.00948884711
 200  0.00974188372
 201  0.00936232973
 202  0.00936232973
 203  0.00961536542
 204  0.00974188372
 205  0.00948884711
 206  0.00961536542
 207  0.00948884711
 208  0.00948884711
 209  0.00948884711
 210  0.00948884711
 211  0.00936232973
 212  0.00936232973
 213  0.00923581142
 214  0.00936232973
 215  0.00948884711
 216  0.00936232973
 217  0.00936232973
 218  0.00936232973
 219  0.00936232973
 220  0.00936232973
 221  0.00961536542
 222  0.00961536542
 223  0.00948884711
 224  0.00948884711
 225  0.00936232973
 226  0.00948884711
 227  0.00948884711
 228  0.00948884711
 229  0.00948884711
 230  0.00948884711
 231  0.00936232973
 232  0.00961536542
 233  0.00948884711
 234  0.00948884711
 235  0.00948884711
 236  0.00923581142
 237  0.00936232973
 238  0.00948884711
 239  0.00948884711
 240  0.00936232973
 241  0.00948884711
 242  0.00961536542
 243  0.00936232973
 244  0.00948884711
 245  0.00948884711
 246  0.00948884711
 247  0.00961536542
 248  0.00961536542
 249  0.00948884711
 250  0.00948884711
 251  0.00961536542
 252  0.00948884711
 253  0.00948884711
 254  0.00961536542
 255  0.00948884711
 256  0.00961536542
 257  0.00961536542
 258  0.00961536542
 259  0.00961536542
 260  0.00961536542
 261  0.00936232973
 262  0.00948884711
 263  0.00923581142
 264  0.00923581142
 265  0.00936232973
 266  0.00961536542
 267  0.00948884711
 268  0.00961536542
 269  0.00948884711
 270  0.00974188372
 271  0.00974188372
 272  0.00948884711
 273  0.00974188372
 274  0.00961536542
 275  0.00961536542
 276  0.00961536542
 277  0.00948884711
 278  0.00948884711
 279  0.00948884711
 280  0.00961536542
 281  0.00961536542
 282  0.00961536542
 283  0.00948884711
 284  0.00948884711
 285  0.00948884711
 286  0.00948884711
 287  0.00948884711
 288  0.00936232973
 289  0.00948884711
 290  0.00961536542
 291  0.00948884711
 292  0.00961536542
 293  0.00948884711
 294  0.00974188372
 295  0.00961536542
 296  0.00961536542
 297  0.00961536542
 298  0.00974188372
 299  0.00948884711
 300  0.00974188372
 301  0.00974188372
 302  0.00974188372
 303  0.00961536542
 304  0.00961536542
 305  0.00948884711
 306  0.00961536542
 307  0.00961536542
 308  0.00948884711
 309  0.00948884711
 310  0.00948884711
 311  0.00936232973
 312  0.00948884711
 313  0.00923581142
 314  0.00948884711
 315  0.00948884711
 316  0.00948884711
 317  0.00948884711
 318  0.00961536542
 319  0.00961536542
 320  0.00936232973
 321  0.00948884711
 322  0.00961536542
 323  0.00948884711
 324  0.00948884711
 325  0.00948884711
 326  0.00948884711
 327  0.00948884711
 328  0.00948884711
 329  0.00948884711
 330  0.00936232973
 331  0.00936232973
 332  0.00936232973
 333  0.00923581142
 334  0.00936232973
 335  0.00923581142
 336  0.00936232973
 337  0.00936232973
 338  0.00936232973
 339  0.00936232973
 340  0.00961536542
 341  0.00936232973
 342  0.00974188372
 343  0.00948884711
 344  0.00948884711
 345  0.00961536542
 346  0.00961536542
 347  0.00961536542
 348  0.00936232973
 349  0.00974188372
 350  0.00961536542
 351  0.00936232973
 352  0.00948884711
 353  0.00961536542
 354  0.00936232973
 355  0.00948884711
 356  0.00961536542
 357  0.00948884711
 358  0.00936232973
 359  0.00936232973
 360  0.00923581142
 361  0.00974188372
 362  0.00948884711
 363  0.00948884711
 364  0.00948884711
 365  0.00948884711
 366  0.00961536542
 367  0.00961536542
 368  0.00974188372
 369  0.00961536542
 370  0.00961536542
 371  0.00961536542
 372  0.00948884711
 373  0.00961536542
 374  0.00974188372
 375  0.00961536542
 376  0.0098684011
 377  0.00974188372
 378  0.00974188372
 379  0.00961536542
 380  0.00961536542
 381  0.00948884711
 382  0.00961536542
 383  0.00948884711
 384  0.00961536542
 385  0.00961536542
 386  0.00961536542
 387  0.00948884711
 388  0.00974188372
 389  0.00961536542
 390  0.0098684011
 391  0.00961536542
 392  0.00961536542
 393  0.0098684011
 394  0.00961536542
 395  0.00961536542
 396  0.00974188372
 397  0.00974188372
 398  0.00974188372
 399  0.00974188372
 400  0.00974188372
 401  0.00961536542
 402  0.00974188372
 403  0.00948884711
 404  0.00961536542
 405  0.00961536542
 406  0.00948884711
 407  0.00961536542
 408  0.00961536542
 409  0.00961536542
 410  0.00961536542
 411  0.00961536542
 412  0.00961536542
 413  0.00974188372
 414  0.00948884711
 415  0.00974188372
 416  0.00961536542
 417  0.00974188372
 418  0.00948884711
 419  0.00974188372
 420  0.00974188372
 421  0.0098684011
 422  0.00974188372
 423  0.00948884711
 424  0.00948884711
 425  0.00961536542
 426  0.00948884711
 427  0.00974188372
 428  0.00961536542
 429  0.00961536542
 430  0.00948884711
 431  0.00948884711
 432  0.00948884711
 433  0.00948884711
 434  0.00948884711
 435  0.00936232973
 436  0.00961536542
 437  0.00961536542
 438  0.00961536542
 439  0.00961536542
 440  0.00948884711
 441  0.00974188372
 442  0.00948884711
 443  0.00961536542
 444  0.00974188372
 445  0.00961536542
 446  0.00961536542
 447  0.00961536542
 448  0.00961536542
 449  0.00948884711
 450  0.00961536542
 451  0.00961536542
 452  0.00948884711
 453  0.00948884711
 454  0.00961536542
 455  0.00961536542
 456  0.00948884711
 457  0.00961536542
 458  0.00974188372
 459  0.00961536542
 460  0.00974188372
 461  0.00974188372
 462  0.00961536542
 463  0.00974188372
 464  0.00961536542
 465  0.00961536542
 466  0.00974188372
 467  0.00961536542
 468  0.00974188372
 469  0.00974188372
 470  0.00974188372
 471  0.00974188372
 472  0.00974188372
 473  0.00961536542
 474  0.00961536542
 475  0.00961536542
 476  0.00936232973
 477  0.00961536542
 478  0.00961536542
 479  0.00936232973
 480  0.00948884711
 481  0.00961536542
 482  0.00961536542
 483  0.00961536542
 484  0.00961536542
 485  0.00948884711
 486  0.00961536542
 487  0.00948884711
 488  0.0098684011
 489  0.00974188372
 490  0.00961536542
 491  0.00974188372
 492  0.00948884711
 493  0.00948884711
 494  0.00961536542
 495  0.00974188372
 496  0.00974188372
 497  0.00961536542
 498  0.00961536542
 499  0.00948884711
 500  0.00961536542

 1  0.00974188372
 2  0.0098684011
 3  0.00923581142
 4  0.00999491941
 5  0.00999491941
 6  0.00974188372
 7  0.0102479551
 8  0.00999491941
 9  0.0101214377
 10  0.0101214377
 11  0.0103744734
 12  0.0101214377
 13  0.00999491941
 14  0.0101214377
 15  0.0101214377
 16  0.0101214377
 17  0.00999491941
 18  0.00999491941
 19  0.0101214377
 20  0.0101214377
 21  0.0101214377
 22  0.0101214377
 23  0.0102479551
 24  0.0098684011
 25  0.0098684011
 26  0.00999491941
 27  0.0102479551
 28  0.0101214377
 29  0.0101214377
 30  0.0101214377
 31  0.0102479551
 32  0.0102479551
 33  0.00999491941
 34  0.0103744734
 35  0.0102479551
 36  0.0102479551
 37  0.0102479551
 38  0.0101214377
 39  0.0102479551
 40  0.0101214377
 41  0.00999491941
 42  0.0101214377
 43  0.0101214377
 44  0.0103744734
 45  0.0101214377
 46  0.0101214377
 47  0.0102479551
 48  0.0101214377
 49  0.00999491941
 50  0.0101214377
 51  0.0102479551
 52  0.0101214377
 53  0.00999491941
 54  0.0103744734
 55  0.0102479551
 56  0.0102479551
 57  0.0102479551
 58  0.0101214377
 59  0.0103744734
 60  0.0102479551
 61  0.0102479551
 62  0.0103744734
 63  0.0101214377
 64  0.0102479551
 65  0.0102479551
 66  0.0101214377
 67  0.0101214377
 68  0.0101214377
 69  0.0101214377
 70  0.0101214377
 71  0.0101214377
 72  0.00999491941
 73  0.0102479551
 74  0.0102479551
 75  0.00999491941
 76  0.0101214377
 77  0.0101214377
 78  0.00999491941
 79  0.0102479551
 80  0.0103744734
 81  0.0101214377
 82  0.0103744734
 83  0.0102479551
 84  0.0103744734
 85  0.0103744734
 86  0.0102479551
 87  0.0103744734
 88  0.0103744734
 89  0.0102479551
 90  0.0103744734
 91  0.0102479551
 92  0.0102479551
 93  0.00999491941
 94  0.0102479551
 95  0.0098684011
 96  0.0101214377
 97  0.0101214377
 98  0.0102479551
 99  0.0101214377
 100  0.0102479551
 101  0.0101214377
 102  0.00999491941
 103  0.0102479551
 104  0.0102479551
 105  0.0102479551
 106  0.0103744734
 107  0.0103744734
 108  0.00999491941
 109  0.0103744734
 110  0.0102479551
 111  0.0103744734
 112  0.0103744734
 113  0.0102479551
 114  0.0102479551
 115  0.0103744734
 116  0.0102479551
 117  0.0101214377
 118  0.0102479551
 119  0.0101214377
 120  0.0102479551
 121  0.0102479551
 122  0.0101214377
 123  0.0102479551
 124  0.0102479551
 125  0.0102479551
 126  0.0102479551
 127  0.0103744734
 128  0.0102479551
 129  0.0103744734
 130  0.0103744734
 131  0.0105009908
 132  0.0105009908
 133  0.0102479551
 134  0.0101214377
 135  0.0103744734
 136  0.0103744734
 137  0.0103744734
 138  0.0101214377
 139  0.0102479551
 140  0.0101214377
 141  0.0101214377
 142  0.00999491941
 143  0.0101214377
 144  0.0101214377
 145  0.0102479551
 146  0.0102479551
 147  0.0101214377
 148  0.0102479551
 149  0.0103744734
 150  0.0102479551
 151  0.0101214377
 152  0.0102479551
 153  0.0102479551
 154  0.0102479551
 155  0.0102479551
 156  0.0102479551
 157  0.0101214377
 158  0.0103744734
 159  0.0102479551
 160  0.0101214377
 161  0.0101214377
 162  0.00999491941
 163  0.0102479551
 164  0.0101214377
 165  0.00999491941
 166  0.00999491941
 167  0.00999491941
 168  0.0098684011
 169  0.00999491941
 170  0.00999491941
 171  0.0101214377
 172  0.0101214377
 173  0.0102479551
 174  0.0101214377
 175  0.0101214377
 176  0.0102479551
 177  0.0101214377
 178  0.0103744734
 179  0.0101214377
 180  0.0101214377
 181  0.0103744734
 182  0.0103744734
 183  0.0103744734
 184  0.0102479551
 185  0.0102479551
 186  0.0102479551
 187  0.0102479551
 188  0.0103744734
 189  0.0101214377
 190  0.0102479551
 191  0.0102479551
 192  0.0101214377
 193  0.0103744734
 194  0.0101214377
 195  0.0101214377
 196  0.0102479551
 197  0.0102479551
 198  0.0102479551
 199  0.0103744734
 200  0.0106275091
 201  0.0103744734
 202  0.0102479551
 203  0.0103744734
 204  0.0106275091
 205  0.0103744734
 206  0.0103744734
 207  0.0103744734
 208  0.0102479551
 209  0.0103744734
 210  0.0103744734
 211  0.0102479551
 212  0.0103744734
 213  0.0102479551
 214  0.0102479551
 215  0.0102479551
 216  0.0102479551
 217  0.0102479551
 218  0.0102479551
 219  0.0102479551
 220  0.0101214377
 221  0.0105009908
 222  0.0103744734
 223  0.0105009908
 224  0.0103744734
 225  0.0103744734
 226  0.0105009908
 227  0.0103744734
 228  0.0103744734
 229  0.0103744734
 230  0.0103744734
 231  0.0103744734
 232  0.0105009908
 233  0.0103744734
 234  0.0103744734
 235  0.0103744734
 236  0.0101214377
 237  0.0102479551
 238  0.0103744734
 239  0.0105009908
 240  0.0102479551
 241  0.0102479551
 242  0.0105009908
 243  0.0102479551
 244  0.0105009908
 245  0.0103744734
 246  0.0103744734
 247  0.0103744734
 248  0.0103744734
 249  0.0105009908
 250  0.0103744734
 251  0.0105009908
 252  0.0103744734
 253  0.0103744734
 254  0.0106275091
 255  0.0102479551
 256  0.0105009908
 257  0.0105009908
 258  0.0105009908
 259  0.0103744734
 260  0.0105009908
 261  0.0102479551
 262  0.0102479551
 263  0.0101214377
 264  0.0101214377
 265  0.0102479551
 266  0.0103744734
 267  0.0103744734
 268  0.0105009908
 269  0.0103744734
 270  0.0105009908
 271  0.0106275091
 272  0.0103744734
 273  0.0105009908
 274  0.0103744734
 275  0.0105009908
 276  0.0105009908
 277  0.0103744734
 278  0.0105009908
 279  0.0103744734
 280  0.0103744734
 281  0.0103744734
 282  0.0105009908
 283  0.0103744734
 284  0.0103744734
 285  0.0102479551
 286  0.0103744734
 287  0.0103744734
 288  0.0101214377
 289  0.0103744734
 290  0.0103744734
 291  0.0103744734
 292  0.0105009908
 293  0.0105009908
 294  0.0105009908
 295  0.0106275091
 296  0.0106275091
 297  0.0106275091
 298  0.0106275091
 299  0.0105009908
 300  0.0106275091
 301  0.0106275091
 302  0.0105009908
 303  0.0105009908
 304  0.0106275091
 305  0.0105009908
 306  0.0103744734
 307  0.0105009908
 308  0.0103744734
 309  0.0105009908
 310  0.0103744734
 311  0.0102479551
 312  0.0103744734
 313  0.00999491941
 314  0.0103744734
 315  0.0103744734
 316  0.0105009908
 317  0.0103744734
 318  0.0105009908
 319  0.0106275091
 320  0.0102479551
 321  0.0105009908
 322  0.0105009908
 323  0.0103744734
 324  0.0103744734
 325  0.0103744734
 326  0.0105009908
 327  0.0103744734
 328  0.0103744734
 329  0.0105009908
 330  0.0101214377
 331  0.0103744734
 332  0.0102479551
 333  0.0102479551
 334  0.0102479551
 335  0.0101214377
 336  0.0102479551
 337  0.0102479551
 338  0.0101214377
 339  0.0102479551
 340  0.0105009908
 341  0.0102479551
 342  0.0106275091
 343  0.0103744734
 344  0.0103744734
 345  0.0105009908
 346  0.0103744734
 347  0.0103744734
 348  0.0102479551
 349  0.0105009908
 350  0.0106275091
 351  0.0103744734
 352  0.0103744734
 353  0.0105009908
 354  0.0102479551
 355  0.0103744734
 356  0.0103744734
 357  0.0103744734
 358  0.0102479551
 359  0.0101214377
 360  0.0102479551
 361  0.0105009908
 362  0.0103744734
 363  0.0102479551
 364  0.0103744734
 365  0.0103744734
 366  0.0105009908
 367  0.0105009908
 368  0.0105009908
 369  0.0106275091
 370  0.0105009908
 371  0.0105009908
 372  0.0103744734
 373  0.0105009908
 374  0.0106275091
 375  0.0103744734
 376  0.0106275091
 377  0.0105009908
 378  0.0105009908
 379  0.0103744734
 380  0.0103744734
 381  0.0102479551
 382  0.0105009908
 383  0.0103744734
 384  0.0105009908
 385  0.0103744734
 386  0.0105009908
 387  0.0105009908
 388  0.0105009908
 389  0.0105009908
 390  0.0106275091
 391  0.0105009908
 392  0.0103744734
 393  0.0107540274
 394  0.0105009908
 395  0.0105009908
 396  0.0105009908
 397  0.0106275091
 398  0.0106275091
 399  0.0105009908
 400  0.0105009908
 401  0.0105009908
 402  0.0105009908
 403  0.0103744734
 404  0.0103744734
 405  0.0103744734
 406  0.0103744734
 407  0.0105009908
 408  0.0105009908
 409  0.0105009908
 410  0.0103744734
 411  0.0105009908
 412  0.0105009908
 413  0.0105009908
 414  0.0105009908
 415  0.0106275091
 416  0.0103744734
 417  0.0106275091
 418  0.0103744734
 419  0.0106275091
 420  0.0106275091
 421  0.0107540274
 422  0.0106275091
 423  0.0103744734
 424  0.0103744734
 425  0.0105009908
 426  0.0103744734
 427  0.0105009908
 428  0.0103744734
 429  0.0105009908
 430  0.0105009908
 431  0.0103744734
 432  0.0105009908
 433  0.0103744734
 434  0.0103744734
 435  0.0102479551
 436  0.0105009908
 437  0.0105009908
 438  0.0103744734
 439  0.0105009908
 440  0.0103744734
 441  0.0103744734
 442  0.0103744734
 443  0.0106275091
 444  0.0105009908
 445  0.0103744734
 446  0.0105009908
 447  0.0106275091
 448  0.0105009908
 449  0.0103744734
 450  0.0103744734
 451  0.0105009908
 452  0.0103744734
 453  0.0103744734
 454  0.0103744734
 455  0.0103744734
 456  0.0103744734
 457  0.0105009908
 458  0.0105009908
 459  0.0103744734
 460  0.0105009908
 461  0.0106275091
 462  0.0105009908
 463  0.0105009908
 464  0.0105009908
 465  0.0105009908
 466  0.0105009908
 467  0.0106275091
 468  0.0106275091
 469  0.0107540274
 470  0.0106275091
 471  0.0107540274
 472  0.0106275091
 473  0.0103744734
 474  0.0105009908
 475  0.0106275091
 476  0.0102479551
 477  0.0105009908
 478  0.0105009908
 479  0.0102479551
 480  0.0105009908
 481  0.0106275091
 482  0.0106275091
 483  0.0103744734
 484  0.0106275091
 485  0.0105009908
 486  0.0103744734
 487  0.0105009908
 488  0.0106275091
 489  0.0107540274
 490  0.0105009908
 491  0.0105009908
 492  0.0103744734
 493  0.0105009908
 494  0.0105009908
 495  0.0106275091
 496  0.0106275091
 497  0.0105009908
 498  0.0103744734
 499  0.0103744734
 500  0.0105009908

 1  0.0107540274
 2  0.0107540274
 3  0.0101214377
 4  0.0108805448
 5  0.0110070631
 6  0.0106275091
 7  0.0111335814
 8  0.0107540274
 9  0.0112600988
 10  0.0111335814
 11  0.0112600988
 12  0.0110070631
 13  0.0108805448
 14  0.0111335814
 15  0.0111335814
 16  0.0111335814
 17  0.0110070631
 18  0.0108805448
 19  0.0110070631
 20  0.0111335814
 21  0.0111335814
 22  0.0110070631
 23  0.0111335814
 24  0.0107540274
 25  0.0108805448
 26  0.0110070631
 27  0.0112600988
 28  0.0111335814
 29  0.0111335814
 30  0.0111335814
 31  0.0113866171
 32  0.0112600988
 33  0.0110070631
 34  0.0112600988
 35  0.0112600988
 36  0.0112600988
 37  0.0112600988
 38  0.0110070631
 39  0.0111335814
 40  0.0111335814
 41  0.0108805448
 42  0.0111335814
 43  0.0112600988
 44  0.0112600988
 45  0.0111335814
 46  0.0111335814
 47  0.0112600988
 48  0.0111335814
 49  0.0108805448
 50  0.0112600988
 51  0.0111335814
 52  0.0111335814
 53  0.0110070631
 54  0.0113866171
 55  0.0111335814
 56  0.0112600988
 57  0.0111335814
 58  0.0111335814
 59  0.0113866171
 60  0.0112600988
 61  0.0111335814
 62  0.0112600988
 63  0.0110070631
 64  0.0112600988
 65  0.0111335814
 66  0.0110070631
 67  0.0110070631
 68  0.0111335814
 69  0.0110070631
 70  0.0110070631
 71  0.0111335814
 72  0.0110070631
 73  0.0112600988
 74  0.0112600988
 75  0.0110070631
 76  0.0111335814
 77  0.0110070631
 78  0.0108805448
 79  0.0112600988
 80  0.0111335814
 81  0.0111335814
 82  0.0112600988
 83  0.0113866171
 84  0.0112600988
 85  0.0111335814
 86  0.0112600988
 87  0.0112600988
 88  0.0113866171
 89  0.0112600988
 90  0.0112600988
 91  0.0112600988
 92  0.0112600988
 93  0.0110070631
 94  0.0111335814
 95  0.0108805448
 96  0.0111335814
 97  0.0111335814
 98  0.0112600988
 99  0.0111335814
 100  0.0111335814
 101  0.0110070631
 102  0.0110070631
 103  0.0111335814
 104  0.0112600988
 105  0.0111335814
 106  0.0113866171
 107  0.0112600988
 108  0.0111335814
 109  0.0113866171
 110  0.0112600988
 111  0.0113866171
 112  0.0112600988
 113  0.0111335814
 114  0.0110070631
 115  0.0111335814
 116  0.0112600988
 117  0.0110070631
 118  0.0111335814
 119  0.0111335814
 120  0.0111335814
 121  0.0112600988
 122  0.0110070631
 123  0.0111335814
 124  0.0111335814
 125  0.0110070631
 126  0.0111335814
 127  0.0112600988
 128  0.0112600988
 129  0.0112600988
 130  0.0113866171
 131  0.0113866171
 132  0.0113866171
 133  0.0111335814
 134  0.0111335814
 135  0.0112600988
 136  0.0112600988
 137  0.0113866171
 138  0.0110070631
 139  0.0112600988
 140  0.0111335814
 141  0.0110070631
 142  0.0110070631
 143  0.0112600988
 144  0.0111335814
 145  0.0112600988
 146  0.0111335814
 147  0.0111335814
 148  0.0112600988
 149  0.0113866171
 150  0.0111335814
 151  0.0111335814
 152  0.0111335814
 153  0.0112600988
 154  0.0111335814
 155  0.0113866171
 156  0.0111335814
 157  0.0111335814
 158  0.0113866171
 159  0.0110070631
 160  0.0110070631
 161  0.0110070631
 162  0.0110070631
 163  0.0111335814
 164  0.0111335814
 165  0.0111335814
 166  0.0110070631
 167  0.0110070631
 168  0.0107540274
 169  0.0111335814
 170  0.0108805448
 171  0.0110070631
 172  0.0112600988
 173  0.0111335814
 174  0.0111335814
 175  0.0112600988
 176  0.0112600988
 177  0.0112600988
 178  0.0112600988
 179  0.0111335814
 180  0.0111335814
 181  0.0111335814
 182  0.0112600988
 183  0.0113866171
 184  0.0112600988
 185  0.0112600988
 186  0.0111335814
 187  0.0111335814
 188  0.0113866171
 189  0.0110070631
 190  0.0111335814
 191  0.0110070631
 192  0.0110070631
 193  0.0113866171
 194  0.0110070631
 195  0.0111335814
 196  0.0112600988
 197  0.0112600988
 198  0.0112600988
 199  0.0113866171
 200  0.0115131354
 201  0.0113866171
 202  0.0113866171
 203  0.0115131354
 204  0.0115131354
 205  0.0112600988
 206  0.0113866171
 207  0.0113866171
 208  0.0111335814
 209  0.0113866171
 210  0.0113866171
 211  0.0110070631
 212  0.0112600988
 213  0.0112600988
 214  0.0112600988
 215  0.0112600988
 216  0.0111335814
 217  0.0112600988
 218  0.0111335814
 219  0.0112600988
 220  0.0111335814
 221  0.0115131354
 222  0.0112600988
 223  0.0115131354
 224  0.0113866171
 225  0.0111335814
 226  0.0113866171
 227  0.0113866171
 228  0.0113866171
 229  0.0111335814
 230  0.0113866171
 231  0.0112600988
 232  0.0113866171
 233  0.0112600988
 234  0.0113866171
 235  0.0112600988
 236  0.0111335814
 237  0.0112600988
 238  0.0112600988
 239  0.0113866171
 240  0.0112600988
 241  0.0111335814
 242  0.0113866171
 243  0.0112600988
 244  0.0113866171
 245  0.0113866171
 246  0.0113866171
 247  0.0112600988
 248  0.0115131354
 249  0.0113866171
 250  0.0112600988
 251  0.0115131354
 252  0.0112600988
 253  0.0112600988
 254  0.0115131354
 255  0.0111335814
 256  0.0113866171
 257  0.0113866171
 258  0.0113866171
 259  0.0113866171
 260  0.0115131354
 261  0.0112600988
 262  0.0111335814
 263  0.0111335814
 264  0.0111335814
 265  0.0111335814
 266  0.0112600988
 267  0.0113866171
 268  0.0113866171
 269  0.0112600988
 270  0.0113866171
 271  0.0116396528
 272  0.0112600988
 273  0.0115131354
 274  0.0112600988
 275  0.0113866171
 276  0.0113866171
 277  0.0113866171
 278  0.0113866171
 279  0.0112600988
 280  0.0115131354
 281  0.0113866171
 282  0.0115131354
 283  0.0113866171
 284  0.0113866171
 285  0.0111335814
 286  0.0113866171
 287  0.0112600988
 288  0.0111335814
 289  0.0111335814
 290  0.0113866171
 291  0.0113866171
 292  0.0113866171
 293  0.0113866171
 294  0.0115131354
 295  0.0115131354
 296  0.0116396528
 297  0.0115131354
 298  0.0115131354
 299  0.0116396528
 300  0.0115131354
 301  0.0116396528
 302  0.0113866171
 303  0.0115131354
 304  0.0115131354
 305  0.0113866171
 306  0.0112600988
 307  0.0113866171
 308  0.0111335814
 309  0.0113866171
 310  0.0113866171
 311  0.0112600988
 312  0.0112600988
 313  0.0111335814
 314  0.0112600988
 315  0.0113866171
 316  0.0115131354
 317  0.0113866171
 318  0.0115131354
 319  0.0113866171
 320  0.0112600988
 321  0.0113866171
 322  0.0115131354
 323  0.0112600988
 324  0.0112600988
 325  0.0111335814
 326  0.0113866171
 327  0.0112600988
 328  0.0113866171
 329  0.0112600988
 330  0.0110070631
 331  0.0112600988
 332  0.0112600988
 333  0.0111335814
 334  0.0112600988
 335  0.0110070631
 336  0.0113866171
 337  0.0111335814
 338  0.0111335814
 339  0.0113866171
 340  0.0115131354
 341  0.0112600988
 342  0.0116396528
 343  0.0113866171
 344  0.0112600988
 345  0.0115131354
 346  0.0111335814
 347  0.0115131354
 348  0.0112600988
 349  0.0113866171
 350  0.0116396528
 351  0.0111335814
 352  0.0112600988
 353  0.0115131354
 354  0.0112600988
 355  0.0112600988
 356  0.0113866171
 357  0.0113866171
 358  0.0111335814
 359  0.0110070631
 360  0.0112600988
 361  0.0115131354
 362  0.0113866171
 363  0.0112600988
 364  0.0113866171
 365  0.0112600988
 366  0.0113866171
 367  0.0115131354
 368  0.0115131354
 369  0.0115131354
 370  0.0113866171
 371  0.0113866171
 372  0.0112600988
 373  0.0115131354
 374  0.0116396528
 375  0.0113866171
 376  0.0115131354
 377  0.0113866171
 378  0.0113866171
 379  0.0113866171
 380  0.0113866171
 381  0.0112600988
 382  0.0113866171
 383  0.0112600988
 384  0.0113866171
 385  0.0113866171
 386  0.0115131354
 387  0.0113866171
 388  0.0113866171
 389  0.0112600988
 390  0.0116396528
 391  0.0115131354
 392  0.0112600988
 393  0.0117661711
 394  0.0113866171
 395  0.0113866171
 396  0.0115131354
 397  0.0115131354
 398  0.0115131354
 399  0.0115131354
 400  0.0113866171
 401  0.0115131354
 402  0.0115131354
 403  0.0113866171
 404  0.0113866171
 405  0.0113866171
 406  0.0115131354
 407  0.0113866171
 408  0.0113866171
 409  0.0115131354
 410  0.0113866171
 411  0.0115131354
 412  0.0115131354
 413  0.0115131354
 414  0.0113866171
 415  0.0115131354
 416  0.0113866171
 417  0.0116396528
 418  0.0112600988
 419  0.0116396528
 420  0.0113866171
 421  0.0116396528
 422  0.0115131354
 423  0.0112600988
 424  0.0113866171
 425  0.0113866171
 426  0.0112600988
 427  0.0116396528
 428  0.0113866171
 429  0.0115131354
 430  0.0115131354
 431  0.0112600988
 432  0.0113866171
 433  0.0112600988
 434  0.0115131354
 435  0.0112600988
 436  0.0113866171
 437  0.0113866171
 438  0.0113866171
 439  0.0113866171
 440  0.0115131354
 441  0.0113866171
 442  0.0113866171
 443  0.0115131354
 444  0.0113866171
 445  0.0115131354
 446  0.0113866171
 447  0.0116396528
 448  0.0115131354
 449  0.0112600988
 450  0.0112600988
 451  0.0115131354
 452  0.0113866171
 453  0.0112600988
 454  0.0111335814
 455  0.0113866171
 456  0.0111335814
 457  0.0113866171
 458  0.0112600988
 459  0.0113866171
 460  0.0113866171
 461  0.0113866171
 462  0.0115131354
 463  0.0115131354
 464  0.0115131354
 465  0.0115131354
 466  0.0115131354
 467  0.0115131354
 468  0.0115131354
 469  0.0116396528
 470  0.0116396528
 471  0.0117661711
 472  0.0117661711
 473  0.0113866171
 474  0.0115131354
 475  0.0115131354
 476  0.0112600988
 477  0.0116396528
 478  0.0113866171
 479  0.0112600988
 480  0.0113866171
 481  0.0115131354
 482  0.0115131354
 483  0.0115131354
 484  0.0113866171
 485  0.0113866171
 486  0.0113866171
 487  0.0113866171
 488  0.0115131354
 489  0.0116396528
 490  0.0113866171
 491  0.0113866171
 492  0.0113866171
 493  0.0115131354
 494  0.0113866171
 495  0.0116396528
 496  0.0115131354
 497  0.0113866171
 498  0.0113866171
 499  0.0113866171
 500  0.0113866171

 1  0.0117661711
 2  0.0117661711
 3  0.0111335814
 4  0.0118926885
 5  0.0118926885
 6  0.0117661711
 7  0.0121457251
 8  0.0117661711
 9  0.0122722425
 10  0.0123987608
 11  0.0122722425
 12  0.0121457251
 13  0.0121457251
 14  0.0121457251
 15  0.0123987608
 16  0.0120192068
 17  0.0120192068
 18  0.0118926885
 19  0.0120192068
 20  0.0122722425
 21  0.0121457251
 22  0.0120192068
 23  0.0121457251
 24  0.0118926885
 25  0.0120192068
 26  0.0121457251
 27  0.0121457251
 28  0.0121457251
 29  0.0121457251
 30  0.0122722425
 31  0.0123987608
 32  0.0122722425
 33  0.0120192068
 34  0.0122722425
 35  0.0123987608
 36  0.0121457251
 37  0.0123987608
 38  0.0120192068
 39  0.0122722425
 40  0.0121457251
 41  0.0120192068
 42  0.0122722425
 43  0.0120192068
 44  0.0122722425
 45  0.0120192068
 46  0.0120192068
 47  0.0123987608
 48  0.0122722425
 49  0.0118926885
 50  0.0123987608
 51  0.0121457251
 52  0.0122722425
 53  0.0120192068
 54  0.0123987608
 55  0.0122722425
 56  0.0123987608
 57  0.0123987608
 58  0.0121457251
 59  0.0123987608
 60  0.0121457251
 61  0.0121457251
 62  0.0123987608
 63  0.0121457251
 64  0.0123987608
 65  0.0121457251
 66  0.0121457251
 67  0.0120192068
 68  0.0120192068
 69  0.0122722425
 70  0.0121457251
 71  0.0121457251
 72  0.0120192068
 73  0.0122722425
 74  0.0122722425
 75  0.0121457251
 76  0.0121457251
 77  0.0118926885
 78  0.0118926885
 79  0.0123987608
 80  0.0121457251
 81  0.0122722425
 82  0.0122722425
 83  0.0123987608
 84  0.0122722425
 85  0.0122722425
 86  0.0121457251
 87  0.0122722425
 88  0.0123987608
 89  0.0123987608
 90  0.0123987608
 91  0.0121457251
 92  0.0122722425
 93  0.0121457251
 94  0.0122722425
 95  0.0118926885
 96  0.0121457251
 97  0.0121457251
 98  0.0123987608
 99  0.0122722425
 100  0.0121457251
 101  0.0121457251
 102  0.0121457251
 103  0.0120192068
 104  0.0123987608
 105  0.0121457251
 106  0.0125252791
 107  0.0123987608
 108  0.0122722425
 109  0.0126517965
 110  0.0123987608
 111  0.0122722425
 112  0.0122722425
 113  0.0122722425
 114  0.0121457251
 115  0.0121457251
 116  0.0121457251
 117  0.0120192068
 118  0.0121457251
 119  0.0122722425
 120  0.0121457251
 121  0.0121457251
 122  0.0122722425
 123  0.0121457251
 124  0.0122722425
 125  0.0121457251
 126  0.0120192068
 127  0.0123987608
 128  0.0123987608
 129  0.0122722425
 130  0.0123987608
 131  0.0123987608
 132  0.0123987608
 133  0.0121457251
 134  0.0121457251
 135  0.0123987608
 136  0.0122722425
 137  0.0125252791
 138  0.0121457251
 139  0.0122722425
 140  0.0122722425
 141  0.0121457251
 142  0.0121457251
 143  0.0122722425
 144  0.0123987608
 145  0.0123987608
 146  0.0122722425
 147  0.0121457251
 148  0.0123987608
 149  0.0125252791
 150  0.0120192068
 151  0.0121457251
 152  0.0121457251
 153  0.0121457251
 154  0.0123987608
 155  0.0123987608
 156  0.0123987608
 157  0.0122722425
 158  0.0123987608
 159  0.0122722425
 160  0.0121457251
 161  0.0121457251
 162  0.0121457251
 163  0.0121457251
 164  0.0121457251
 165  0.0121457251
 166  0.0121457251
 167  0.0121457251
 168  0.0120192068
 169  0.0121457251
 170  0.0117661711
 171  0.0121457251
 172  0.0121457251
 173  0.0121457251
 174  0.0122722425
 175  0.0122722425
 176  0.0122722425
 177  0.0123987608
 178  0.0122722425
 179  0.0121457251
 180  0.0121457251
 181  0.0122722425
 182  0.0122722425
 183  0.0125252791
 184  0.0123987608
 185  0.0122722425
 186  0.0122722425
 187  0.0121457251
 188  0.0123987608
 189  0.0121457251
 190  0.0120192068
 191  0.0120192068
 192  0.0120192068
 193  0.0123987608
 194  0.0121457251
 195  0.0120192068
 196  0.0123987608
 197  0.0122722425
 198  0.0123987608
 199  0.0123987608
 200  0.0125252791
 201  0.0122722425
 202  0.0125252791
 203  0.0125252791
 204  0.0125252791
 205  0.0123987608
 206  0.0125252791
 207  0.0123987608
 208  0.0125252791
 209  0.0122722425
 210  0.0123987608
 211  0.0121457251
 212  0.0122722425
 213  0.0123987608
 214  0.0123987608
 215  0.0123987608
 216  0.0121457251
 217  0.0122722425
 218  0.0122722425
 219  0.0121457251
 220  0.0122722425
 221  0.0125252791
 222  0.0122722425
 223  0.0125252791
 224  0.0125252791
 225  0.0122722425
 226  0.0125252791
 227  0.0122722425
 228  0.0122722425
 229  0.0122722425
 230  0.0123987608
 231  0.0122722425
 232  0.0123987608
 233  0.0122722425
 234  0.0125252791
 235  0.0122722425
 236  0.0121457251
 237  0.0121457251
 238  0.0123987608
 239  0.0126517965
 240  0.0123987608
 241  0.0122722425
 242  0.0125252791
 243  0.0123987608
 244  0.0123987608
 245  0.0123987608
 246  0.0122722425
 247  0.0121457251
 248  0.0125252791
 249  0.0123987608
 250  0.0123987608
 251  0.0125252791
 252  0.0123987608
 253  0.0121457251
 254  0.0125252791
 255  0.0121457251
 256  0.0123987608
 257  0.0125252791
 258  0.0125252791
 259  0.0123987608
 260  0.0123987608
 261  0.0122722425
 262  0.0122722425
 263  0.0122722425
 264  0.0121457251
 265  0.0121457251
 266  0.0121457251
 267  0.0123987608
 268  0.0123987608
 269  0.0122722425
 270  0.0123987608
 271  0.0126517965
 272  0.0121457251
 273  0.0125252791
 274  0.0123987608
 275  0.0126517965
 276  0.0123987608
 277  0.0122722425
 278  0.0123987608
 279  0.0121457251
 280  0.0126517965
 281  0.0123987608
 282  0.0126517965
 283  0.0125252791
 284  0.0123987608
 285  0.0121457251
 286  0.0123987608
 287  0.0123987608
 288  0.0121457251
 289  0.0122722425
 290  0.0123987608
 291  0.0123987608
 292  0.0125252791
 293  0.0123987608
 294  0.0125252791
 295  0.0126517965
 296  0.0125252791
 297  0.0126517965
 298  0.0125252791
 299  0.0126517965
 300  0.0125252791
 301  0.0126517965
 302  0.0123987608
 303  0.0125252791
 304  0.0123987608
 305  0.0123987608
 306  0.0122722425
 307  0.0122722425
 308  0.0122722425
 309  0.0123987608
 310  0.0122722425
 311  0.0122722425
 312  0.0123987608
 313  0.0121457251
 314  0.0123987608
 315  0.0123987608
 316  0.0125252791
 317  0.0122722425
 318  0.0125252791
 319  0.0122722425
 320  0.0123987608
 321  0.0125252791
 322  0.0126517965
 323  0.0123987608
 324  0.0123987608
 325  0.0121457251
 326  0.0125252791
 327  0.0122722425
 328  0.0125252791
 329  0.0122722425
 330  0.0121457251
 331  0.0123987608
 332  0.0123987608
 333  0.0121457251
 334  0.0123987608
 335  0.0121457251
 336  0.0123987608
 337  0.0123987608
 338  0.0122722425
 339  0.0123987608
 340  0.0125252791
 341  0.0121457251
 342  0.0127783148
 343  0.0126517965
 344  0.0123987608
 345  0.0125252791
 346  0.0123987608
 347  0.0125252791
 348  0.0122722425
 349  0.0125252791
 350  0.0127783148
 351  0.0122722425
 352  0.0122722425
 353  0.0125252791
 354  0.0123987608
 355  0.0122722425
 356  0.0123987608
 357  0.0122722425
 358  0.0122722425
 359  0.0120192068
 360  0.0123987608
 361  0.0125252791
 362  0.0123987608
 363  0.0121457251
 364  0.0123987608
 365  0.0122722425
 366  0.0125252791
 367  0.0126517965
 368  0.0125252791
 369  0.0125252791
 370  0.0123987608
 371  0.0125252791
 372  0.0125252791
 373  0.0125252791
 374  0.0126517965
 375  0.0123987608
 376  0.0125252791
 377  0.0122722425
 378  0.0123987608
 379  0.0123987608
 380  0.0123987608
 381  0.0123987608
 382  0.0125252791
 383  0.0121457251
 384  0.0122722425
 385  0.0122722425
 386  0.0126517965
 387  0.0125252791
 388  0.0123987608
 389  0.0122722425
 390  0.0126517965
 391  0.0126517965
 392  0.0122722425
 393  0.0127783148
 394  0.0123987608
 395  0.0123987608
 396  0.0125252791
 397  0.0125252791
 398  0.0123987608
 399  0.0125252791
 400  0.0125252791
 401  0.0125252791
 402  0.0125252791
 403  0.0123987608
 404  0.0125252791
 405  0.0126517965
 406  0.0123987608
 407  0.0125252791
 408  0.0123987608
 409  0.0126517965
 410  0.0123987608
 411  0.0126517965
 412  0.0125252791
 413  0.0123987608
 414  0.0125252791
 415  0.0125252791
 416  0.0125252791
 417  0.0126517965
 418  0.0122722425
 419  0.0127783148
 420  0.0122722425
 421  0.0127783148
 422  0.0126517965
 423  0.0123987608
 424  0.0125252791
 425  0.0123987608
 426  0.0122722425
 427  0.0126517965
 428  0.0123987608
 429  0.0123987608
 430  0.0125252791
 431  0.0123987608
 432  0.0123987608
 433  0.0121457251
 434  0.0125252791
 435  0.0123987608
 436  0.0122722425
 437  0.0125252791
 438  0.0125252791
 439  0.0123987608
 440  0.0123987608
 441  0.0123987608
 442  0.0125252791
 443  0.0125252791
 444  0.0123987608
 445  0.0125252791
 446  0.0123987608
 447  0.0126517965
 448  0.0126517965
 449  0.0125252791
 450  0.0122722425
 451  0.0125252791
 452  0.0123987608
 453  0.0123987608
 454  0.0121457251
 455  0.0123987608
 456  0.0121457251
 457  0.0125252791
 458  0.0123987608
 459  0.0123987608
 460  0.0125252791
 461  0.0125252791
 462  0.0126517965
 463  0.0125252791
 464  0.0125252791
 465  0.0125252791
 466  0.0126517965
 467  0.0126517965
 468  0.0126517965
 469  0.0127783148
 470  0.0126517965
 471  0.0127783148
 472  0.0127783148
 473  0.0123987608
 474  0.0125252791
 475  0.0125252791
 476  0.0122722425
 477  0.0126517965
 478  0.0123987608
 479  0.0125252791
 480  0.0126517965
 481  0.0123987608
 482  0.0126517965
 483  0.0126517965
 484  0.0125252791
 485  0.0125252791
 486  0.0123987608
 487  0.0125252791
 488  0.0125252791
 489  0.0126517965
 490  0.0123987608
 491  0.0123987608
 492  0.0126517965
 493  0.0127783148
 494  0.0122722425
 495  0.0125252791
 496  0.0126517965
 497  0.0125252791
 498  0.0125252791
 499  0.0126517965
 500  0.0123987608

 1  0.0130313504
 2  0.0131578688
 3  0.0122722425
 4  0.0130313504
 5  0.0131578688
 6  0.0127783148
 7  0.0131578688
 8  0.0130313504
 9  0.0134109044
 10  0.0136639401
 11  0.0136639401
 12  0.0134109044
 13  0.0134109044
 14  0.0135374228
 15  0.0136639401
 16  0.0132843861
 17  0.0131578688
 18  0.0131578688
 19  0.0131578688
 20  0.0135374228
 21  0.0132843861
 22  0.0134109044
 23  0.0134109044
 24  0.0131578688
 25  0.0131578688
 26  0.0132843861
 27  0.0134109044
 28  0.0132843861
 29  0.0134109044
 30  0.0134109044
 31  0.0135374228
 32  0.0134109044
 33  0.0130313504
 34  0.0132843861
 35  0.0134109044
 36  0.0132843861
 37  0.0135374228
 38  0.0130313504
 39  0.0134109044
 40  0.0134109044
 41  0.0131578688
 42  0.0134109044
 43  0.0131578688
 44  0.0134109044
 45  0.0131578688
 46  0.0132843861
 47  0.0136639401
 48  0.0135374228
 49  0.0131578688
 50  0.0135374228
 51  0.0134109044
 52  0.0135374228
 53  0.0132843861
 54  0.0135374228
 55  0.0134109044
 56  0.0136639401
 57  0.0135374228
 58  0.0134109044
 59  0.0137904584
 60  0.0134109044
 61  0.0134109044
 62  0.0135374228
 63  0.0134109044
 64  0.0136639401
 65  0.0132843861
 66  0.0134109044
 67  0.0132843861
 68  0.0131578688
 69  0.0134109044
 70  0.0135374228
 71  0.0134109044
 72  0.0132843861
 73  0.0135374228
 74  0.0135374228
 75  0.0132843861
 76  0.0131578688
 77  0.0129048321
 78  0.0131578688
 79  0.0135374228
 80  0.0134109044
 81  0.0132843861
 82  0.0134109044
 83  0.0135374228
 84  0.0135374228
 85  0.0134109044
 86  0.0134109044
 87  0.0135374228
 88  0.0136639401
 89  0.0135374228
 90  0.0134109044
 91  0.0134109044
 92  0.0134109044
 93  0.0134109044
 94  0.0132843861
 95  0.0132843861
 96  0.0134109044
 97  0.0134109044
 98  0.0135374228
 99  0.0135374228
 100  0.0131578688
 101  0.0132843861
 102  0.0131578688
 103  0.0134109044
 104  0.0136639401
 105  0.0132843861
 106  0.0137904584
 107  0.0137904584
 108  0.0134109044
 109  0.0139169767
 110  0.0137904584
 111  0.0135374228
 112  0.0134109044
 113  0.0135374228
 114  0.0132843861
 115  0.0134109044
 116  0.0132843861
 117  0.0131578688
 118  0.0132843861
 119  0.0132843861
 120  0.0134109044
 121  0.0134109044
 122  0.0132843861
 123  0.0131578688
 124  0.0134109044
 125  0.0134109044
 126  0.0132843861
 127  0.0135374228
 128  0.0134109044
 129  0.0134109044
 130  0.0136639401
 131  0.0135374228
 132  0.0135374228
 133  0.0132843861
 134  0.0134109044
 135  0.0135374228
 136  0.0136639401
 137  0.0136639401
 138  0.0135374228
 139  0.0134109044
 140  0.0135374228
 141  0.0134109044
 142  0.0132843861
 143  0.0136639401
 144  0.0135374228
 145  0.0135374228
 146  0.0134109044
 147  0.0132843861
 148  0.0136639401
 149  0.0135374228
 150  0.0132843861
 151  0.0134109044
 152  0.0135374228
 153  0.0135374228
 154  0.0136639401
 155  0.0136639401
 156  0.0135374228
 157  0.0132843861
 158  0.0137904584
 159  0.0135374228
 160  0.0134109044
 161  0.0131578688
 162  0.0132843861
 163  0.0132843861
 164  0.0135374228
 165  0.0135374228
 166  0.0134109044
 167  0.0132843861
 168  0.0132843861
 169  0.0132843861
 170  0.0132843861
 171  0.0134109044
 172  0.0132843861
 173  0.0132843861
 174  0.0136639401
 175  0.0135374228
 176  0.0134109044
 177  0.0137904584
 178  0.0134109044
 179  0.0135374228
 180  0.0134109044
 181  0.0134109044
 182  0.0134109044
 183  0.0137904584
 184  0.0136639401
 185  0.0134109044
 186  0.0134109044
 187  0.0132843861
 188  0.0136639401
 189  0.0134109044
 190  0.0132843861
 191  0.0131578688
 192  0.0132843861
 193  0.0134109044
 194  0.0134109044
 195  0.0132843861
 196  0.0135374228
 197  0.0137904584
 198  0.0136639401
 199  0.0136639401
 200  0.0136639401
 201  0.0136639401
 202  0.0136639401
 203  0.0137904584
 204  0.0137904584
 205  0.0135374228
 206  0.0136639401
 207  0.0135374228
 208  0.0135374228
 209  0.0132843861
 210  0.0135374228
 211  0.0131578688
 212  0.0134109044
 213  0.0135374228
 214  0.0135374228
 215  0.0135374228
 216  0.0135374228
 217  0.0135374228
 218  0.0135374228
 219  0.0135374228
 220  0.0134109044
 221  0.0136639401
 222  0.0132843861
 223  0.0136639401
 224  0.0136639401
 225  0.0136639401
 226  0.0136639401
 227  0.0136639401
 228  0.0135374228
 229  0.0134109044
 230  0.0136639401
 231  0.0134109044
 232  0.0134109044
 233  0.0134109044
 234  0.0136639401
 235  0.0136639401
 236  0.0134109044
 237  0.0132843861
 238  0.0135374228
 239  0.0137904584
 240  0.0136639401
 241  0.0135374228
 242  0.0137904584
 243  0.0139169767
 244  0.0136639401
 245  0.0136639401
 246  0.0135374228
 247  0.0134109044
 248  0.0137904584
 249  0.0135374228
 250  0.0135374228
 251  0.0137904584
 252  0.0135374228
 253  0.0134109044
 254  0.0137904584
 255  0.0134109044
 256  0.0135374228
 257  0.0134109044
 258  0.0136639401
 259  0.0136639401
 260  0.0137904584
 261  0.0134109044
 262  0.0135374228
 263  0.0135374228
 264  0.0135374228
 265  0.0134109044
 266  0.0134109044
 267  0.0135374228
 268  0.0137904584
 269  0.0135374228
 270  0.0136639401
 271  0.0137904584
 272  0.0135374228
 273  0.0136639401
 274  0.0134109044
 275  0.0137904584
 276  0.0135374228
 277  0.0135374228
 278  0.0135374228
 279  0.0132843861
 280  0.0139169767
 281  0.0136639401
 282  0.0137904584
 283  0.0135374228
 284  0.0136639401
 285  0.0134109044
 286  0.0135374228
 287  0.0135374228
 288  0.0132843861
 289  0.0135374228
 290  0.0136639401
 291  0.0136639401
 292  0.0136639401
 293  0.0135374228
 294  0.0136639401
 295  0.0137904584
 296  0.0139169767
 297  0.0137904584
 298  0.0136639401
 299  0.0137904584
 300  0.0136639401
 301  0.0137904584
 302  0.0135374228
 303  0.0139169767
 304  0.0136639401
 305  0.0136639401
 306  0.0134109044
 307  0.0135374228
 308  0.0134109044
 309  0.0136639401
 310  0.0134109044
 311  0.0132843861
 312  0.0137904584
 313  0.0134109044
 314  0.0135374228
 315  0.0135374228
 316  0.0137904584
 317  0.0135374228
 318  0.0137904584
 319  0.0134109044
 320  0.0137904584
 321  0.0139169767
 322  0.0136639401
 323  0.0136639401
 324  0.0136639401
 325  0.0132843861
 326  0.0137904584
 327  0.0136639401
 328  0.0139169767
 329  0.0136639401
 330  0.0135374228
 331  0.0136639401
 332  0.0135374228
 333  0.0132843861
 334  0.0135374228
 335  0.0134109044
 336  0.0136639401
 337  0.0136639401
 338  0.0135374228
 339  0.0137904584
 340  0.0136639401
 341  0.0134109044
 342  0.0141700124
 343  0.0137904584
 344  0.0135374228
 345  0.0139169767
 346  0.0136639401
 347  0.0137904584
 348  0.0135374228
 349  0.0137904584
 350  0.0140434941
 351  0.0135374228
 352  0.0135374228
 353  0.0137904584
 354  0.0137904584
 355  0.0135374228
 356  0.0135374228
 357  0.0135374228
 358  0.0132843861
 359  0.0132843861
 360  0.0135374228
 361  0.0135374228
 362  0.0135374228
 363  0.0132843861
 364  0.0136639401
 365  0.0135374228
 366  0.0135374228
 367  0.0139169767
 368  0.0136639401
 369  0.0137904584
 370  0.0132843861
 371  0.0137904584
 372  0.0137904584
 373  0.0137904584
 374  0.0140434941
 375  0.0135374228
 376  0.0136639401
 377  0.0135374228
 378  0.0134109044
 379  0.0135374228
 380  0.0136639401
 381  0.0136639401
 382  0.0136639401
 383  0.0135374228
 384  0.0132843861
 385  0.0136639401
 386  0.0137904584
 387  0.0135374228
 388  0.0135374228
 389  0.0134109044
 390  0.0139169767
 391  0.0136639401
 392  0.0136639401
 393  0.0140434941
 394  0.0135374228
 395  0.0136639401
 396  0.0137904584
 397  0.0137904584
 398  0.0135374228
 399  0.0139169767
 400  0.0135374228
 401  0.0136639401
 402  0.0137904584
 403  0.0135374228
 404  0.0139169767
 405  0.0139169767
 406  0.0134109044
 407  0.0134109044
 408  0.0135374228
 409  0.0136639401
 410  0.0135374228
 411  0.0137904584
 412  0.0135374228
 413  0.0135374228
 414  0.0136639401
 415  0.0137904584
 416  0.0136639401
 417  0.0137904584
 418  0.0135374228
 419  0.0137904584
 420  0.0135374228
 421  0.0139169767
 422  0.0137904584
 423  0.0134109044
 424  0.0136639401
 425  0.0135374228
 426  0.0134109044
 427  0.0137904584
 428  0.0135374228
 429  0.0139169767
 430  0.0137904584
 431  0.0135374228
 432  0.0135374228
 433  0.0134109044
 434  0.0137904584
 435  0.0136639401
 436  0.0136639401
 437  0.0136639401
 438  0.0136639401
 439  0.0135374228
 440  0.0137904584
 441  0.0136639401
 442  0.0136639401
 443  0.0137904584
 444  0.0136639401
 445  0.0137904584
 446  0.0136639401
 447  0.0139169767
 448  0.0136639401
 449  0.0136639401
 450  0.0135374228
 451  0.0136639401
 452  0.0135374228
 453  0.0136639401
 454  0.0135374228
 455  0.0136639401
 456  0.0134109044
 457  0.0136639401
 458  0.0136639401
 459  0.0135374228
 460  0.0136639401
 461  0.0139169767
 462  0.0136639401
 463  0.0137904584
 464  0.0136639401
 465  0.0136639401
 466  0.0136639401
 467  0.0139169767
 468  0.0139169767
 469  0.0139169767
 470  0.0136639401
 471  0.0139169767
 472  0.0140434941
 473  0.0136639401
 474  0.0137904584
 475  0.0136639401
 476  0.0134109044
 477  0.0137904584
 478  0.0137904584
 479  0.0137904584
 480  0.0137904584
 481  0.0136639401
 482  0.0139169767
 483  0.0136639401
 484  0.0136639401
 485  0.0136639401
 486  0.0136639401
 487  0.0137904584
 488  0.0136639401
 489  0.0137904584
 490  0.0136639401
 491  0.0136639401
 492  0.0139169767
 493  0.0139169767
 494  0.0135374228
 495  0.0137904584
 496  0.0139169767
 497  0.0135374228
 498  0.0137904584
 499  0.0139169767
 500  0.0136639401

 1  0.0144230481
 2  0.0146760838
 3  0.0135374228
 4  0.0144230481
 5  0.0146760838
 6  0.0142965298
 7  0.0146760838
 8  0.0146760838
 9  0.0148026021
 10  0.0151821561
 11  0.0149291204
 12  0.0149291204
 13  0.0148026021
 14  0.0148026021
 15  0.0151821561
 16  0.0148026021
 17  0.0146760838
 18  0.0146760838
 19  0.0145495664
 20  0.0148026021
 21  0.0146760838
 22  0.0149291204
 23  0.0149291204
 24  0.0146760838
 25  0.0146760838
 26  0.0148026021
 27  0.0149291204
 28  0.0145495664
 29  0.0148026021
 30  0.0149291204
 31  0.0150556378
 32  0.0149291204
 33  0.0145495664
 34  0.0148026021
 35  0.0146760838
 36  0.0146760838
 37  0.0148026021
 38  0.0144230481
 39  0.0148026021
 40  0.0148026021
 41  0.0145495664
 42  0.0148026021
 43  0.0146760838
 44  0.0149291204
 45  0.0146760838
 46  0.0144230481
 47  0.0150556378
 48  0.0150556378
 49  0.0146760838
 50  0.0149291204
 51  0.0145495664
 52  0.0146760838
 53  0.0148026021
 54  0.0149291204
 55  0.0150556378
 56  0.0149291204
 57  0.0146760838
 58  0.0148026021
 59  0.0150556378
 60  0.0148026021
 61  0.0149291204
 62  0.0148026021
 63  0.0149291204
 64  0.0150556378
 65  0.0146760838
 66  0.0146760838
 67  0.0148026021
 68  0.0145495664
 69  0.0148026021
 70  0.0149291204
 71  0.0149291204
 72  0.0146760838
 73  0.0148026021
 74  0.0148026021
 75  0.0148026021
 76  0.0146760838
 77  0.0144230481
 78  0.0144230481
 79  0.0150556378
 80  0.0146760838
 81  0.0148026021
 82  0.0146760838
 83  0.0149291204
 84  0.0149291204
 85  0.0149291204
 86  0.0148026021
 87  0.0148026021
 88  0.0150556378
 89  0.0149291204
 90  0.0148026021
 91  0.0149291204
 92  0.0148026021
 93  0.0148026021
 94  0.0146760838
 95  0.0146760838
 96  0.0148026021
 97  0.0148026021
 98  0.0150556378
 99  0.0149291204
 100  0.0146760838
 101  0.0148026021
 102  0.0146760838
 103  0.0146760838
 104  0.0150556378
 105  0.0145495664
 106  0.0150556378
 107  0.0150556378
 108  0.0148026021
 109  0.0151821561
 110  0.0149291204
 111  0.0148026021
 112  0.0146760838
 113  0.0148026021
 114  0.0146760838
 115  0.0146760838
 116  0.0146760838
 117  0.0145495664
 118  0.0146760838
 119  0.0149291204
 120  0.0150556378
 121  0.0148026021
 122  0.0148026021
 123  0.0146760838
 124  0.0150556378
 125  0.0148026021
 126  0.0145495664
 127  0.0150556378
 128  0.0149291204
 129  0.0148026021
 130  0.0150556378
 131  0.0150556378
 132  0.0149291204
 133  0.0148026021
 134  0.0146760838
 135  0.0151821561
 136  0.0151821561
 137  0.0151821561
 138  0.0150556378
 139  0.0149291204
 140  0.0150556378
 141  0.0149291204
 142  0.0149291204
 143  0.0150556378
 144  0.0150556378
 145  0.0151821561
 146  0.0150556378
 147  0.0146760838
 148  0.0150556378
 149  0.0148026021
 150  0.0145495664
 151  0.0149291204
 152  0.0150556378
 153  0.0150556378
 154  0.0151821561
 155  0.0151821561
 156  0.0151821561
 157  0.0148026021
 158  0.0151821561
 159  0.0148026021
 160  0.0146760838
 161  0.0145495664
 162  0.0149291204
 163  0.0146760838
 164  0.0149291204
 165  0.0148026021
 166  0.0150556378
 167  0.0148026021
 168  0.0145495664
 169  0.0146760838
 170  0.0148026021
 171  0.0148026021
 172  0.0148026021
 173  0.0146760838
 174  0.0150556378
 175  0.0149291204
 176  0.0149291204
 177  0.0150556378
 178  0.0149291204
 179  0.0148026021
 180  0.0150556378
 181  0.0149291204
 182  0.0149291204
 183  0.0150556378
 184  0.0150556378
 185  0.0150556378
 186  0.0146760838
 187  0.0148026021
 188  0.0150556378
 189  0.0150556378
 190  0.0149291204
 191  0.0145495664
 192  0.0146760838
 193  0.0150556378
 194  0.0148026021
 195  0.0146760838
 196  0.0150556378
 197  0.0153086735
 198  0.0149291204
 199  0.0151821561
 200  0.0149291204
 201  0.0153086735
 202  0.0151821561
 203  0.0153086735
 204  0.0150556378
 205  0.0148026021
 206  0.0151821561
 207  0.0150556378
 208  0.0148026021
 209  0.0148026021
 210  0.0149291204
 211  0.0145495664
 212  0.0148026021
 213  0.0149291204
 214  0.0150556378
 215  0.0150556378
 216  0.0148026021
 217  0.0150556378
 218  0.0149291204
 219  0.0149291204
 220  0.0148026021
 221  0.0150556378
 222  0.0148026021
 223  0.0151821561
 224  0.0150556378
 225  0.0150556378
 226  0.0153086735
 227  0.0149291204
 228  0.0149291204
 229  0.0148026021
 230  0.0150556378
 231  0.0148026021
 232  0.0145495664
 233  0.0149291204
 234  0.0149291204
 235  0.0149291204
 236  0.0149291204
 237  0.0148026021
 238  0.0148026021
 239  0.0151821561
 240  0.0150556378
 241  0.0149291204
 242  0.0151821561
 243  0.0153086735
 244  0.0151821561
 245  0.0150556378
 246  0.0149291204
 247  0.0149291204
 248  0.0151821561
 249  0.0150556378
 250  0.0150556378
 251  0.0151821561
 252  0.0149291204
 253  0.0146760838
 254  0.0150556378
 255  0.0146760838
 256  0.0150556378
 257  0.0148026021
 258  0.0150556378
 259  0.0150556378
 260  0.0151821561
 261  0.0148026021
 262  0.0149291204
 263  0.0148026021
 264  0.0149291204
 265  0.0148026021
 266  0.0148026021
 267  0.0149291204
 268  0.0150556378
 269  0.0149291204
 270  0.0151821561
 271  0.0151821561
 272  0.0149291204
 273  0.0150556378
 274  0.0149291204
 275  0.0151821561
 276  0.0150556378
 277  0.0149291204
 278  0.0149291204
 279  0.0146760838
 280  0.0151821561
 281  0.0150556378
 282  0.0151821561
 283  0.0150556378
 284  0.0150556378
 285  0.0149291204
 286  0.0149291204
 287  0.0149291204
 288  0.0148026021
 289  0.0149291204
 290  0.0148026021
 291  0.0150556378
 292  0.0151821561
 293  0.0150556378
 294  0.0151821561
 295  0.0151821561
 296  0.0153086735
 297  0.0149291204
 298  0.0151821561
 299  0.0153086735
 300  0.0150556378
 301  0.0151821561
 302  0.0150556378
 303  0.0151821561
 304  0.0149291204
 305  0.0149291204
 306  0.0146760838
 307  0.0146760838
 308  0.0148026021
 309  0.0153086735
 310  0.0148026021
 311  0.0148026021
 312  0.0154351918
 313  0.0148026021
 314  0.0149291204
 315  0.0149291204
 316  0.0151821561
 317  0.0150556378
 318  0.0151821561
 319  0.0148026021
 320  0.0150556378
 321  0.0151821561
 322  0.0151821561
 323  0.0151821561
 324  0.0149291204
 325  0.0145495664
 326  0.0153086735
 327  0.0151821561
 328  0.0151821561
 329  0.0150556378
 330  0.0150556378
 331  0.0151821561
 332  0.0148026021
 333  0.0146760838
 334  0.0149291204
 335  0.0148026021
 336  0.0150556378
 337  0.0151821561
 338  0.0151821561
 339  0.0151821561
 340  0.0150556378
 341  0.0150556378
 342  0.0155617101
 343  0.0151821561
 344  0.0150556378
 345  0.0153086735
 346  0.0150556378
 347  0.0153086735
 348  0.0148026021
 349  0.0151821561
 350  0.0154351918
 351  0.0149291204
 352  0.0151821561
 353  0.0154351918
 354  0.0150556378
 355  0.0148026021
 356  0.0149291204
 357  0.0148026021
 358  0.0149291204
 359  0.0146760838
 360  0.0148026021
 361  0.0149291204
 362  0.0151821561
 363  0.0144230481
 364  0.0151821561
 365  0.0149291204
 366  0.0150556378
 367  0.0153086735
 368  0.0150556378
 369  0.0151821561
 370  0.0148026021
 371  0.0153086735
 372  0.0150556378
 373  0.0151821561
 374  0.0155617101
 375  0.0151821561
 376  0.0150556378
 377  0.0149291204
 378  0.0150556378
 379  0.0150556378
 380  0.0151821561
 381  0.0150556378
 382  0.0149291204
 383  0.0149291204
 384  0.0148026021
 385  0.0150556378
 386  0.0151821561
 387  0.0150556378
 388  0.0150556378
 389  0.0148026021
 390  0.0153086735
 391  0.0150556378
 392  0.0151821561
 393  0.0153086735
 394  0.0149291204
 395  0.0150556378
 396  0.0151821561
 397  0.0153086735
 398  0.0148026021
 399  0.0151821561
 400  0.0149291204
 401  0.0149291204
 402  0.0150556378
 403  0.0148026021
 404  0.0151821561
 405  0.0151821561
 406  0.0148026021
 407  0.0148026021
 408  0.0149291204
 409  0.0151821561
 410  0.0149291204
 411  0.0151821561
 412  0.0149291204
 413  0.0149291204
 414  0.0151821561
 415  0.0151821561
 416  0.0150556378
 417  0.0151821561
 418  0.0150556378
 419  0.0153086735
 420  0.0149291204
 421  0.0150556378
 422  0.0151821561
 423  0.0148026021
 424  0.0151821561
 425  0.0149291204
 426  0.0149291204
 427  0.0150556378
 428  0.0149291204
 429  0.0154351918
 430  0.0150556378
 431  0.0149291204
 432  0.0149291204
 433  0.0149291204
 434  0.0151821561
 435  0.0150556378
 436  0.0150556378
 437  0.0149291204
 438  0.0150556378
 439  0.0150556378
 440  0.0150556378
 441  0.0150556378
 442  0.0151821561
 443  0.0153086735
 444  0.0151821561
 445  0.0151821561
 446  0.0151821561
 447  0.0151821561
 448  0.0150556378
 449  0.0151821561
 450  0.0150556378
 451  0.0151821561
 452  0.0150556378
 453  0.0150556378
 454  0.0148026021
 455  0.0151821561
 456  0.0148026021
 457  0.0149291204
 458  0.0151821561
 459  0.0150556378
 460  0.0151821561
 461  0.0153086735
 462  0.0150556378
 463  0.0151821561
 464  0.0151821561
 465  0.0151821561
 466  0.0150556378
 467  0.0153086735
 468  0.0151821561
 469  0.0153086735
 470  0.0151821561
 471  0.0154351918
 472  0.0154351918
 473  0.0148026021
 474  0.0153086735
 475  0.0151821561
 476  0.0150556378
 477  0.0151821561
 478  0.0150556378
 479  0.0151821561
 480  0.0153086735
 481  0.0151821561
 482  0.0151821561
 483  0.0153086735
 484  0.0151821561
 485  0.0149291204
 486  0.0151821561
 487  0.0149291204
 488  0.0149291204
 489  0.0153086735
 490  0.0150556378
 491  0.0153086735
 492  0.0153086735
 493  0.0153086735
 494  0.0149291204
 495  0.0153086735
 496  0.0151821561
 497  0.0150556378
 498  0.0153086735
 499  0.0154351918
 500  0.0149291204

 1  0.0160677824
 2  0.0161942989
 3  0.0150556378
 4  0.0161942989
 5  0.0164473355
 6  0.0160677824
 7  0.0163208172
 8  0.0164473355
 9  0.0167003721
 10  0.0169534069
 11  0.0168268904
 12  0.0167003721
 13  0.0167003721
 14  0.0164473355
 15  0.0167003721
 16  0.0164473355
 17  0.0164473355
 18  0.0165738538
 19  0.0164473355
 20  0.0167003721
 21  0.0163208172
 22  0.0165738538
 23  0.0168268904
 24  0.0163208172
 25  0.0164473355
 26  0.0164473355
 27  0.0164473355
 28  0.0165738538
 29  0.0165738538
 30  0.0167003721
 31  0.0168268904
 32  0.0167003721
 33  0.0164473355
 34  0.0165738538
 35  0.0165738538
 36  0.0164473355
 37  0.0164473355
 38  0.0163208172
 39  0.0167003721
 40  0.0164473355
 41  0.0163208172
 42  0.0164473355
 43  0.0163208172
 44  0.0167003721
 45  0.0164473355
 46  0.0163208172
 47  0.0169534069
 48  0.0167003721
 49  0.0163208172
 50  0.0165738538
 51  0.0163208172
 52  0.0163208172
 53  0.0167003721
 54  0.0164473355
 55  0.0167003721
 56  0.0167003721
 57  0.0164473355
 58  0.0164473355
 59  0.0165738538
 60  0.0164473355
 61  0.0167003721
 62  0.0165738538
 63  0.0168268904
 64  0.0168268904
 65  0.0165738538
 66  0.0164473355
 67  0.0163208172
 68  0.0164473355
 69  0.0165738538
 70  0.0167003721
 71  0.0165738538
 72  0.0165738538
 73  0.0167003721
 74  0.0164473355
 75  0.0164473355
 76  0.0163208172
 77  0.0159412641
 78  0.0163208172
 79  0.0164473355
 80  0.0163208172
 81  0.0164473355
 82  0.0164473355
 83  0.0167003721
 84  0.0164473355
 85  0.0163208172
 86  0.0163208172
 87  0.0165738538
 88  0.0167003721
 89  0.0165738538
 90  0.0163208172
 91  0.0164473355
 92  0.0161942989
 93  0.0164473355
 94  0.0164473355
 95  0.0165738538
 96  0.0164473355
 97  0.0164473355
 98  0.0165738538
 99  0.0165738538
 100  0.0164473355
 101  0.0164473355
 102  0.0165738538
 103  0.0164473355
 104  0.0168268904
 105  0.0164473355
 106  0.0165738538
 107  0.0168268904
 108  0.0164473355
 109  0.0168268904
 110  0.0165738538
 111  0.0163208172
 112  0.0163208172
 113  0.0165738538
 114  0.0163208172
 115  0.0165738538
 116  0.0164473355
 117  0.0164473355
 118  0.0165738538
 119  0.0167003721
 120  0.0167003721
 121  0.0168268904
 122  0.0168268904
 123  0.0165738538
 124  0.0168268904
 125  0.0168268904
 126  0.0164473355
 127  0.0167003721
 128  0.0164473355
 129  0.0165738538
 130  0.0167003721
 131  0.0167003721
 132  0.0167003721
 133  0.0165738538
 134  0.0164473355
 135  0.0167003721
 136  0.0168268904
 137  0.0167003721
 138  0.0167003721
 139  0.0167003721
 140  0.0167003721
 141  0.0164473355
 142  0.0168268904
 143  0.0168268904
 144  0.0168268904
 145  0.0167003721
 146  0.0167003721
 147  0.0163208172
 148  0.0167003721
 149  0.0165738538
 150  0.0161942989
 151  0.0165738538
 152  0.0169534069
 153  0.0165738538
 154  0.0170799252
 155  0.0169534069
 156  0.0168268904
 157  0.0165738538
 158  0.0168268904
 159  0.0165738538
 160  0.0161942989
 161  0.0163208172
 162  0.0167003721
 163  0.0163208172
 164  0.0165738538
 165  0.0163208172
 166  0.0169534069
 167  0.0165738538
 168  0.0164473355
 169  0.0164473355
 170  0.0165738538
 171  0.0164473355
 172  0.0165738538
 173  0.0163208172
 174  0.0169534069
 175  0.0165738538
 176  0.0165738538
 177  0.0169534069
 178  0.0165738538
 179  0.0165738538
 180  0.0167003721
 181  0.0165738538
 182  0.0165738538
 183  0.0165738538
 184  0.0167003721
 185  0.0167003721
 186  0.0165738538
 187  0.0163208172
 188  0.0168268904
 189  0.0168268904
 190  0.0167003721
 191  0.0161942989
 192  0.0164473355
 193  0.0167003721
 194  0.0164473355
 195  0.0165738538
 196  0.0169534069
 197  0.0168268904
 198  0.0167003721
 199  0.0172064435
 200  0.0165738538
 201  0.0169534069
 202  0.0168268904
 203  0.0169534069
 204  0.0169534069
 205  0.0165738538
 206  0.0169534069
 207  0.0165738538
 208  0.0164473355
 209  0.0167003721
 210  0.0167003721
 211  0.0163208172
 212  0.0164473355
 213  0.0167003721
 214  0.0169534069
 215  0.0168268904
 216  0.0165738538
 217  0.0165738538
 218  0.0168268904
 219  0.0168268904
 220  0.0164473355
 221  0.0167003721
 222  0.0165738538
 223  0.0168268904
 224  0.0169534069
 225  0.0170799252
 226  0.0168268904
 227  0.0167003721
 228  0.0167003721
 229  0.0164473355
 230  0.0168268904
 231  0.0163208172
 232  0.0164473355
 233  0.0165738538
 234  0.0165738538
 235  0.0164473355
 236  0.0167003721
 237  0.0164473355
 238  0.0165738538
 239  0.0169534069
 240  0.0167003721
 241  0.0165738538
 242  0.0169534069
 243  0.0168268904
 244  0.0168268904
 245  0.0167003721
 246  0.0167003721
 247  0.0167003721
 248  0.0169534069
 249  0.0168268904
 250  0.0167003721
 251  0.0168268904
 252  0.0165738538
 253  0.0163208172
 254  0.0165738538
 255  0.0164473355
 256  0.0167003721
 257  0.0164473355
 258  0.0165738538
 259  0.0168268904
 260  0.0165738538
 261  0.0167003721
 262  0.0167003721
 263  0.0168268904
 264  0.0168268904
 265  0.0165738538
 266  0.0165738538
 267  0.0167003721
 268  0.0167003721
 269  0.0167003721
 270  0.0169534069
 271  0.0167003721
 272  0.0164473355
 273  0.0169534069
 274  0.0165738538
 275  0.0169534069
 276  0.0165738538
 277  0.0168268904
 278  0.0167003721
 279  0.0164473355
 280  0.0165738538
 281  0.0168268904
 282  0.0168268904
 283  0.0165738538
 284  0.0167003721
 285  0.0165738538
 286  0.0167003721
 287  0.0167003721
 288  0.0167003721
 289  0.0167003721
 290  0.0164473355
 291  0.0165738538
 292  0.0168268904
 293  0.0168268904
 294  0.0168268904
 295  0.0169534069
 296  0.0167003721
 297  0.0167003721
 298  0.0165738538
 299  0.0169534069
 300  0.0165738538
 301  0.0167003721
 302  0.0165738538
 303  0.0169534069
 304  0.0165738538
 305  0.0167003721
 306  0.0165738538
 307  0.0165738538
 308  0.0167003721
 309  0.0169534069
 310  0.0165738538
 311  0.0163208172
 312  0.0168268904
 313  0.0167003721
 314  0.0168268904
 315  0.0167003721
 316  0.0169534069
 317  0.0168268904
 318  0.0170799252
 319  0.0167003721
 320  0.0165738538
 321  0.0168268904
 322  0.0170799252
 323  0.0168268904
 324  0.0168268904
 325  0.0163208172
 326  0.0169534069
 327  0.0167003721
 328  0.0169534069
 329  0.0167003721
 330  0.0167003721
 331  0.0169534069
 332  0.0165738538
 333  0.0165738538
 334  0.0167003721
 335  0.0165738538
 336  0.0167003721
 337  0.0169534069
 338  0.0168268904
 339  0.0168268904
 340  0.0168268904
 341  0.0167003721
 342  0.0169534069
 343  0.0168268904
 344  0.0168268904
 345  0.0169534069
 346  0.0168268904
 347  0.0169534069
 348  0.0167003721
 349  0.0169534069
 350  0.0169534069
 351  0.0165738538
 352  0.0168268904
 353  0.0169534069
 354  0.0165738538
 355  0.0165738538
 356  0.0167003721
 357  0.0165738538
 358  0.0164473355
 359  0.0163208172
 360  0.0164473355
 361  0.0168268904
 362  0.0169534069
 363  0.0163208172
 364  0.0169534069
 365  0.0167003721
 366  0.0167003721
 367  0.0173329618
 368  0.0167003721
 369  0.0167003721
 370  0.0167003721
 371  0.0169534069
 372  0.0168268904
 373  0.0167003721
 374  0.0168268904
 375  0.0167003721
 376  0.0167003721
 377  0.0167003721
 378  0.0169534069
 379  0.0165738538
 380  0.0168268904
 381  0.0165738538
 382  0.0167003721
 383  0.0165738538
 384  0.0165738538
 385  0.0167003721
 386  0.0169534069
 387  0.0164473355
 388  0.0168268904
 389  0.0164473355
 390  0.0172064435
 391  0.0168268904
 392  0.0168268904
 393  0.0169534069
 394  0.0167003721
 395  0.0168268904
 396  0.0169534069
 397  0.0169534069
 398  0.0165738538
 399  0.0168268904
 400  0.0167003721
 401  0.0167003721
 402  0.0168268904
 403  0.0167003721
 404  0.0167003721
 405  0.0169534069
 406  0.0167003721
 407  0.0164473355
 408  0.0167003721
 409  0.0169534069
 410  0.0164473355
 411  0.0168268904
 412  0.0165738538
 413  0.0167003721
 414  0.0165738538
 415  0.0167003721
 416  0.0168268904
 417  0.0169534069
 418  0.0165738538
 419  0.0168268904
 420  0.0165738538
 421  0.0165738538
 422  0.0167003721
 423  0.0165738538
 424  0.0170799252
 425  0.0170799252
 426  0.0165738538
 427  0.0172064435
 428  0.0165738538
 429  0.0170799252
 430  0.0167003721
 431  0.0165738538
 432  0.0167003721
 433  0.0169534069
 434  0.0170799252
 435  0.0169534069
 436  0.0169534069
 437  0.0165738538
 438  0.0167003721
 439  0.0169534069
 440  0.0164473355
 441  0.0168268904
 442  0.0169534069
 443  0.0169534069
 444  0.0169534069
 445  0.0169534069
 446  0.0169534069
 447  0.0169534069
 448  0.0168268904
 449  0.0169534069
 450  0.0167003721
 451  0.0168268904
 452  0.0165738538
 453  0.0170799252
 454  0.0165738538
 455  0.0168268904
 456  0.0164473355
 457  0.0165738538
 458  0.0167003721
 459  0.0165738538
 460  0.0169534069
 461  0.0168268904
 462  0.0169534069
 463  0.0167003721
 464  0.0168268904
 465  0.0169534069
 466  0.0168268904
 467  0.0169534069
 468  0.0169534069
 469  0.0169534069
 470  0.0169534069
 471  0.0170799252
 472  0.0170799252
 473  0.0169534069
 474  0.0169534069
 475  0.0170799252
 476  0.0168268904
 477  0.0169534069
 478  0.0169534069
 479  0.0170799252
 480  0.0169534069
 481  0.0169534069
 482  0.0168268904
 483  0.0169534069
 484  0.0167003721
 485  0.0165738538
 486  0.0170799252
 487  0.0167003721
 488  0.0168268904
 489  0.0172064435
 490  0.0165738538
 491  0.0170799252
 492  0.0170799252
 493  0.0169534069
 494  0.0167003721
 495  0.0169534069
 496  0.0167003721
 497  0.0168268904
 498  0.0169534069
 499  0.0168268904
 500  0.0168268904

 1  0.0183451045
 2  0.0184716228
 3  0.0173329618
 4  0.0182185881
 5  0.0185981411
 6  0.0183451045
 7  0.0184716228
 8  0.0187246595
 9  0.0185981411
 10  0.0189776942
 11  0.0191042125
 12  0.0188511778
 13  0.0188511778
 14  0.0185981411
 15  0.0188511778
 16  0.0185981411
 17  0.0187246595
 18  0.0189776942
 19  0.0185981411
 20  0.0189776942
 21  0.0191042125
 22  0.0187246595
 23  0.0193572491
 24  0.0189776942
 25  0.0188511778
 26  0.0188511778
 27  0.0189776942
 28  0.0187246595
 29  0.0193572491
 30  0.0188511778
 31  0.0187246595
 32  0.0189776942
 33  0.0191042125
 34  0.0185981411
 35  0.0185981411
 36  0.0184716228
 37  0.0185981411
 38  0.0184716228
 39  0.0188511778
 40  0.0185981411
 41  0.0183451045
 42  0.0185981411
 43  0.0184716228
 44  0.0189776942
 45  0.0187246595
 46  0.0185981411
 47  0.0191042125
 48  0.0188511778
 49  0.0185981411
 50  0.0191042125
 51  0.0185981411
 52  0.0187246595
 53  0.0187246595
 54  0.0189776942
 55  0.0188511778
 56  0.0188511778
 57  0.0184716228
 58  0.0189776942
 59  0.0188511778
 60  0.0183451045
 61  0.0188511778
 62  0.0187246595
 63  0.0192307308
 64  0.0188511778
 65  0.0189776942
 66  0.0188511778
 67  0.0187246595
 68  0.0185981411
 69  0.0185981411
 70  0.0185981411
 71  0.0189776942
 72  0.0188511778
 73  0.0188511778
 74  0.0187246595
 75  0.0184716228
 76  0.0188511778
 77  0.0183451045
 78  0.0183451045
 79  0.0189776942
 80  0.0184716228
 81  0.0188511778
 82  0.0187246595
 83  0.0188511778
 84  0.0185981411
 85  0.0184716228
 86  0.0185981411
 87  0.0187246595
 88  0.0189776942
 89  0.0187246595
 90  0.0187246595
 91  0.0183451045
 92  0.0182185881
 93  0.0185981411
 94  0.0185981411
 95  0.0187246595
 96  0.0185981411
 97  0.0188511778
 98  0.0185981411
 99  0.0188511778
 100  0.0191042125
 101  0.0187246595
 102  0.0188511778
 103  0.0187246595
 104  0.0189776942
 105  0.0188511778
 106  0.0189776942
 107  0.0192307308
 108  0.0188511778
 109  0.0189776942
 110  0.0185981411
 111  0.0185981411
 112  0.0187246595
 113  0.0185981411
 114  0.0183451045
 115  0.0191042125
 116  0.0182185881
 117  0.0183451045
 118  0.0191042125
 119  0.0189776942
 120  0.0188511778
 121  0.0191042125
 122  0.0192307308
 123  0.0191042125
 124  0.0189776942
 125  0.0188511778
 126  0.0185981411
 127  0.0188511778
 128  0.0188511778
 129  0.0188511778
 130  0.0188511778
 131  0.0187246595
 132  0.0187246595
 133  0.0187246595
 134  0.0184716228
 135  0.0189776942
 136  0.0191042125
 137  0.0188511778
 138  0.0189776942
 139  0.0189776942
 140  0.0192307308
 141  0.0187246595
 142  0.0192307308
 143  0.0192307308
 144  0.0188511778
 145  0.0191042125
 146  0.0191042125
 147  0.0184716228
 148  0.0187246595
 149  0.0183451045
 150  0.0187246595
 151  0.0188511778
 152  0.0189776942
 153  0.0187246595
 154  0.0187246595
 155  0.0192307308
 156  0.0189776942
 157  0.0187246595
 158  0.0191042125
 159  0.0191042125
 160  0.0183451045
 161  0.0184716228
 162  0.0191042125
 163  0.0185981411
 164  0.0189776942
 165  0.0188511778
 166  0.0192307308
 167  0.0184716228
 168  0.0185981411
 169  0.0187246595
 170  0.0187246595
 171  0.0188511778
 172  0.0188511778
 173  0.0188511778
 174  0.0191042125
 175  0.0187246595
 176  0.0191042125
 177  0.0189776942
 178  0.0189776942
 179  0.0188511778
 180  0.0189776942
 181  0.0192307308
 182  0.0188511778
 183  0.0187246595
 184  0.0187246595
 185  0.0189776942
 186  0.0187246595
 187  0.0188511778
 188  0.0191042125
 189  0.0188511778
 190  0.0188511778
 191  0.0188511778
 192  0.0189776942
 193  0.0191042125
 194  0.0187246595
 195  0.0189776942
 196  0.0191042125
 197  0.0191042125
 198  0.0185981411
 199  0.0191042125
 200  0.0188511778
 201  0.0191042125
 202  0.0191042125
 203  0.0187246595
 204  0.0194837674
 205  0.0192307308
 206  0.0189776942
 207  0.0187246595
 208  0.0189776942
 209  0.0189776942
 210  0.0189776942
 211  0.0184716228
 212  0.0187246595
 213  0.0189776942
 214  0.0192307308
 215  0.0191042125
 216  0.0187246595
 217  0.0188511778
 218  0.0188511778
 219  0.0188511778
 220  0.0185981411
 221  0.0189776942
 222  0.0188511778
 223  0.0189776942
 224  0.0191042125
 225  0.0192307308
 226  0.0187246595
 227  0.0185981411
 228  0.0187246595
 229  0.0187246595
 230  0.0189776942
 231  0.0184716228
 232  0.0188511778
 233  0.0188511778
 234  0.0185981411
 235  0.0187246595
 236  0.0188511778
 237  0.0189776942
 238  0.0188511778
 239  0.0193572491
 240  0.0187246595
 241  0.0187246595
 242  0.0192307308
 243  0.0189776942
 244  0.0189776942
 245  0.0188511778
 246  0.0187246595
 247  0.0185981411
 248  0.0189776942
 249  0.0188511778
 250  0.0189776942
 251  0.0189776942
 252  0.0187246595
 253  0.0187246595
 254  0.0187246595
 255  0.0185981411
 256  0.0187246595
 257  0.0187246595
 258  0.0187246595
 259  0.0188511778
 260  0.0188511778
 261  0.0188511778
 262  0.0187246595
 263  0.0189776942
 264  0.0187246595
 265  0.0187246595
 266  0.0187246595
 267  0.0189776942
 268  0.0187246595
 269  0.0187246595
 270  0.0192307308
 271  0.0188511778
 272  0.0184716228
 273  0.0189776942
 274  0.0187246595
 275  0.0192307308
 276  0.0188511778
 277  0.0188511778
 278  0.0185981411
 279  0.0188511778
 280  0.0187246595
 281  0.0185981411
 282  0.0188511778
 283  0.0187246595
 284  0.0192307308
 285  0.0187246595
 286  0.0187246595
 287  0.0191042125
 288  0.0191042125
 289  0.0191042125
 290  0.0187246595
 291  0.0192307308
 292  0.0191042125
 293  0.0193572491
 294  0.0189776942
 295  0.0193572491
 296  0.0189776942
 297  0.0189776942
 298  0.0185981411
 299  0.0189776942
 300  0.0191042125
 301  0.0191042125
 302  0.0187246595
 303  0.0191042125
 304  0.0188511778
 305  0.0192307308
 306  0.0191042125
 307  0.0188511778
 308  0.0192307308
 309  0.0193572491
 310  0.0188511778
 311  0.0191042125
 312  0.0192307308
 313  0.0189776942
 314  0.0189776942
 315  0.0188511778
 316  0.0193572491
 317  0.0191042125
 318  0.0192307308
 319  0.0188511778
 320  0.0187246595
 321  0.0188511778
 322  0.0191042125
 323  0.0187246595
 324  0.0188511778
 325  0.0187246595
 326  0.0188511778
 327  0.0187246595
 328  0.0191042125
 329  0.0191042125
 330  0.0187246595
 331  0.0192307308
 332  0.0185981411
 333  0.0188511778
 334  0.0189776942
 335  0.0189776942
 336  0.0193572491
 337  0.0191042125
 338  0.0192307308
 339  0.0188511778
 340  0.0189776942
 341  0.0188511778
 342  0.0192307308
 343  0.0189776942
 344  0.0191042125
 345  0.0193572491
 346  0.0192307308
 347  0.0191042125
 348  0.0192307308
 349  0.0191042125
 350  0.0192307308
 351  0.0189776942
 352  0.0191042125
 353  0.0192307308
 354  0.0188511778
 355  0.0189776942
 356  0.0191042125
 357  0.0189776942
 358  0.0188511778
 359  0.0189776942
 360  0.0185981411
 361  0.0191042125
 362  0.0192307308
 363  0.0189776942
 364  0.0188511778
 365  0.0189776942
 366  0.0188511778
 367  0.0192307308
 368  0.0188511778
 369  0.0188511778
 370  0.0189776942
 371  0.0191042125
 372  0.0189776942
 373  0.0189776942
 374  0.0188511778
 375  0.0187246595
 376  0.0188511778
 377  0.0187246595
 378  0.0188511778
 379  0.0185981411
 380  0.0191042125
 381  0.0187246595
 382  0.0188511778
 383  0.0187246595
 384  0.0188511778
 385  0.0191042125
 386  0.0189776942
 387  0.0187246595
 388  0.0189776942
 389  0.0187246595
 390  0.0193572491
 391  0.0187246595
 392  0.0189776942
 393  0.0192307308
 394  0.0192307308
 395  0.0191042125
 396  0.0191042125
 397  0.0191042125
 398  0.0189776942
 399  0.0189776942
 400  0.0189776942
 401  0.0189776942
 402  0.0191042125
 403  0.0191042125
 404  0.0187246595
 405  0.0188511778
 406  0.0191042125
 407  0.0187246595
 408  0.0187246595
 409  0.0189776942
 410  0.0184716228
 411  0.0189776942
 412  0.0185981411
 413  0.0185981411
 414  0.0185981411
 415  0.0189776942
 416  0.0187246595
 417  0.0189776942
 418  0.0187246595
 419  0.0192307308
 420  0.0191042125
 421  0.0188511778
 422  0.0192307308
 423  0.0192307308
 424  0.0192307308
 425  0.0191042125
 426  0.0187246595
 427  0.0193572491
 428  0.0187246595
 429  0.0192307308
 430  0.0187246595
 431  0.0185981411
 432  0.0185981411
 433  0.0189776942
 434  0.0192307308
 435  0.0191042125
 436  0.0189776942
 437  0.0185981411
 438  0.0188511778
 439  0.0194837674
 440  0.0187246595
 441  0.0192307308
 442  0.0192307308
 443  0.0191042125
 444  0.0192307308
 445  0.0193572491
 446  0.0191042125
 447  0.0191042125
 448  0.0188511778
 449  0.0191042125
 450  0.0189776942
 451  0.0192307308
 452  0.0188511778
 453  0.0192307308
 454  0.0191042125
 455  0.0191042125
 456  0.0185981411
 457  0.0192307308
 458  0.0188511778
 459  0.0184716228
 460  0.0191042125
 461  0.0189776942
 462  0.0191042125
 463  0.0192307308
 464  0.0187246595
 465  0.0189776942
 466  0.0188511778
 467  0.0191042125
 468  0.0188511778
 469  0.0191042125
 470  0.0191042125
 471  0.0193572491
 472  0.0193572491
 473  0.0191042125
 474  0.0191042125
 475  0.0192307308
 476  0.0189776942
 477  0.0188511778
 478  0.0194837674
 479  0.0192307308
 480  0.0192307308
 481  0.0191042125
 482  0.0191042125
 483  0.0189776942
 484  0.0192307308
 485  0.0189776942
 486  0.0192307308
 487  0.0188511778
 488  0.0188511778
 489  0.0196102839
 490  0.0189776942
 491  0.0193572491
 492  0.0191042125
 493  0.0191042125
 494  0.0187246595
 495  0.0191042125
 496  0.0189776942
 497  0.0189776942
 498  0.0193572491
 499  0.0192307308
 500  0.0189776942

 1  0.0213815365
 2  0.0216345731
 3  0.0206224285
 4  0.0215080548
 5  0.0221406445
 6  0.0213815365
 7  0.0220141262
 8  0.0220141262
 9  0.0217610896
 10  0.0221406445
 11  0.0217610896
 12  0.0217610896
 13  0.0222671628
 14  0.0220141262
 15  0.0218876079
 16  0.0220141262
 17  0.0218876079
 18  0.0218876079
 19  0.0215080548
 20  0.0221406445
 21  0.0223936792
 22  0.0228997525
 23  0.0222671628
 24  0.0223936792
 25  0.0221406445
 26  0.0217610896
 27  0.0221406445
 28  0.0220141262
 29  0.0222671628
 30  0.0220141262
 31  0.0217610896
 32  0.0221406445
 33  0.0218876079
 34  0.0217610896
 35  0.0218876079
 36  0.0220141262
 37  0.0220141262
 38  0.0221406445
 39  0.0217610896
 40  0.0218876079
 41  0.0216345731
 42  0.0217610896
 43  0.0216345731
 44  0.0218876079
 45  0.0217610896
 46  0.0218876079
 47  0.0220141262
 48  0.0218876079
 49  0.0220141262
 50  0.0221406445
 51  0.0221406445
 52  0.0215080548
 53  0.0220141262
 54  0.0220141262
 55  0.0221406445
 56  0.0221406445
 57  0.0213815365
 58  0.0222671628
 59  0.0217610896
 60  0.0218876079
 61  0.0218876079
 62  0.0221406445
 63  0.0225201976
 64  0.0221406445
 65  0.0221406445
 66  0.0221406445
 67  0.0222671628
 68  0.0223936792
 69  0.0213815365
 70  0.0216345731
 71  0.0218876079
 72  0.0222671628
 73  0.0222671628
 74  0.0216345731
 75  0.0216345731
 76  0.0220141262
 77  0.0220141262
 78  0.0212550182
 79  0.0222671628
 80  0.0222671628
 81  0.0217610896
 82  0.0218876079
 83  0.0220141262
 84  0.0217610896
 85  0.0213815365
 86  0.0223936792
 87  0.0222671628
 88  0.0220141262
 89  0.0218876079
 90  0.0217610896
 91  0.0216345731
 92  0.0212550182
 93  0.0218876079
 94  0.0218876079
 95  0.0221406445
 96  0.0220141262
 97  0.0220141262
 98  0.0218876079
 99  0.0216345731
 100  0.0226467159
 101  0.0221406445
 102  0.0223936792
 103  0.0220141262
 104  0.0218876079
 105  0.0220141262
 106  0.0221406445
 107  0.0225201976
 108  0.0223936792
 109  0.0223936792
 110  0.0221406445
 111  0.0218876079
 112  0.0220141262
 113  0.0215080548
 114  0.0216345731
 115  0.0221406445
 116  0.0221406445
 117  0.0215080548
 118  0.0221406445
 119  0.0227732342
 120  0.0222671628
 121  0.0223936792
 122  0.0225201976
 123  0.0220141262
 124  0.0220141262
 125  0.0220141262
 126  0.0218876079
 127  0.0221406445
 128  0.0218876079
 129  0.0221406445
 130  0.0220141262
 131  0.0218876079
 132  0.0222671628
 133  0.0216345731
 134  0.0211284999
 135  0.0223936792
 136  0.0223936792
 137  0.0215080548
 138  0.0221406445
 139  0.0222671628
 140  0.0221406445
 141  0.0217610896
 142  0.0220141262
 143  0.0221406445
 144  0.0223936792
 145  0.0225201976
 146  0.0218876079
 147  0.0222671628
 148  0.0221406445
 149  0.0218876079
 150  0.0221406445
 151  0.0222671628
 152  0.0218876079
 153  0.0218876079
 154  0.0223936792
 155  0.0223936792
 156  0.0223936792
 157  0.0218876079
 158  0.0222671628
 159  0.0222671628
 160  0.0220141262
 161  0.0220141262
 162  0.0222671628
 163  0.0221406445
 164  0.0220141262
 165  0.0221406445
 166  0.0226467159
 167  0.0217610896
 168  0.0225201976
 169  0.0220141262
 170  0.0223936792
 171  0.0217610896
 172  0.0221406445
 173  0.0220141262
 174  0.0221406445
 175  0.0218876079
 176  0.0218876079
 177  0.0222671628
 178  0.0221406445
 179  0.0222671628
 180  0.0223936792
 181  0.0221406445
 182  0.0221406445
 183  0.0222671628
 184  0.0217610896
 185  0.0221406445
 186  0.0221406445
 187  0.0221406445
 188  0.0221406445
 189  0.0223936792
 190  0.0217610896
 191  0.0226467159
 192  0.0216345731
 193  0.0226467159
 194  0.0226467159
 195  0.0222671628
 196  0.0222671628
 197  0.0222671628
 198  0.0221406445
 199  0.0220141262
 200  0.0220141262
 201  0.0221406445
 202  0.0223936792
 203  0.0217610896
 204  0.0225201976
 205  0.0221406445
 206  0.0222671628
 207  0.0218876079
 208  0.0225201976
 209  0.0220141262
 210  0.0217610896
 211  0.0225201976
 212  0.0220141262
 213  0.0218876079
 214  0.0227732342
 215  0.0221406445
 216  0.0220141262
 217  0.0220141262
 218  0.0220141262
 219  0.0221406445
 220  0.0216345731
 221  0.0220141262
 222  0.0217610896
 223  0.0221406445
 224  0.0222671628
 225  0.0225201976
 226  0.0221406445
 227  0.0213815365
 228  0.0217610896
 229  0.0217610896
 230  0.0223936792
 231  0.0213815365
 232  0.0218876079
 233  0.0221406445
 234  0.0221406445
 235  0.0213815365
 236  0.0222671628
 237  0.0223936792
 238  0.0216345731
 239  0.0226467159
 240  0.0218876079
 241  0.0220141262
 242  0.0220141262
 243  0.0223936792
 244  0.0218876079
 245  0.0220141262
 246  0.0218876079
 247  0.0218876079
 248  0.0217610896
 249  0.0220141262
 250  0.0221406445
 251  0.0221406445
 252  0.0220141262
 253  0.0221406445
 254  0.0218876079
 255  0.0220141262
 256  0.0218876079
 257  0.0221406445
 258  0.0220141262
 259  0.0218876079
 260  0.0223936792
 261  0.0220141262
 262  0.0217610896
 263  0.0223936792
 264  0.0218876079
 265  0.0222671628
 266  0.0221406445
 267  0.0221406445
 268  0.0218876079
 269  0.0225201976
 270  0.0217610896
 271  0.0216345731
 272  0.0215080548
 273  0.0220141262
 274  0.0216345731
 275  0.0221406445
 276  0.0218876079
 277  0.0222671628
 278  0.0218876079
 279  0.0220141262
 280  0.0212550182
 281  0.0221406445
 282  0.0221406445
 283  0.0220141262
 284  0.0223936792
 285  0.0225201976
 286  0.0220141262
 287  0.0222671628
 288  0.0222671628
 289  0.0225201976
 290  0.0220141262
 291  0.0226467159
 292  0.0223936792
 293  0.0223936792
 294  0.0221406445
 295  0.0222671628
 296  0.0222671628
 297  0.0223936792
 298  0.0222671628
 299  0.0218876079
 300  0.0222671628
 301  0.0223936792
 302  0.0220141262
 303  0.0221406445
 304  0.0225201976
 305  0.0225201976
 306  0.0222671628
 307  0.0220141262
 308  0.0222671628
 309  0.0223936792
 310  0.0220141262
 311  0.0223936792
 312  0.0226467159
 313  0.0223936792
 314  0.0223936792
 315  0.0217610896
 316  0.0221406445
 317  0.0221406445
 318  0.0222671628
 319  0.0221406445
 320  0.0220141262
 321  0.0221406445
 322  0.0222671628
 323  0.0221406445
 324  0.0223936792
 325  0.0220141262
 326  0.0218876079
 327  0.0220141262
 328  0.0225201976
 329  0.0221406445
 330  0.0221406445
 331  0.0223936792
 332  0.0216345731
 333  0.0221406445
 334  0.0221406445
 335  0.0223936792
 336  0.0222671628
 337  0.0223936792
 338  0.0225201976
 339  0.0220141262
 340  0.0222671628
 341  0.0221406445
 342  0.0218876079
 343  0.0220141262
 344  0.0221406445
 345  0.0225201976
 346  0.0228997525
 347  0.0222671628
 348  0.0225201976
 349  0.0230262708
 350  0.0220141262
 351  0.0222671628
 352  0.0221406445
 353  0.0221406445
 354  0.0221406445
 355  0.0220141262
 356  0.0225201976
 357  0.0217610896
 358  0.0226467159
 359  0.0221406445
 360  0.0223936792
 361  0.0223936792
 362  0.0223936792
 363  0.0221406445
 364  0.0220141262
 365  0.0221406445
 366  0.0220141262
 367  0.0225201976
 368  0.0220141262
 369  0.0216345731
 370  0.0223936792
 371  0.0221406445
 372  0.0222671628
 373  0.0218876079
 374  0.0216345731
 375  0.0220141262
 376  0.0217610896
 377  0.0221406445
 378  0.0220141262
 379  0.0212550182
 380  0.0222671628
 381  0.0218876079
 382  0.0221406445
 383  0.0220141262
 384  0.0222671628
 385  0.0221406445
 386  0.0222671628
 387  0.0217610896
 388  0.0223936792
 389  0.0217610896
 390  0.0223936792
 391  0.0218876079
 392  0.0220141262
 393  0.0223936792
 394  0.0221406445
 395  0.0221406445
 396  0.0222671628
 397  0.0221406445
 398  0.0218876079
 399  0.0222671628
 400  0.0216345731
 401  0.0218876079
 402  0.0217610896
 403  0.0223936792
 404  0.0222671628
 405  0.0218876079
 406  0.0222671628
 407  0.0220141262
 408  0.0220141262
 409  0.0221406445
 410  0.0217610896
 411  0.0221406445
 412  0.0218876079
 413  0.0221406445
 414  0.0218876079
 415  0.0220141262
 416  0.0216345731
 417  0.0221406445
 418  0.0218876079
 419  0.0223936792
 420  0.0222671628
 421  0.0217610896
 422  0.0223936792
 423  0.0222671628
 424  0.0220141262
 425  0.0222671628
 426  0.0222671628
 427  0.0221406445
 428  0.0216345731
 429  0.0225201976
 430  0.0220141262
 431  0.0217610896
 432  0.0216345731
 433  0.0225201976
 434  0.0227732342
 435  0.0221406445
 436  0.0221406445
 437  0.0221406445
 438  0.0218876079
 439  0.0222671628
 440  0.0215080548
 441  0.0221406445
 442  0.0227732342
 443  0.0220141262
 444  0.0215080548
 445  0.0223936792
 446  0.0220141262
 447  0.0222671628
 448  0.0220141262
 449  0.0223936792
 450  0.0222671628
 451  0.0223936792
 452  0.0218876079
 453  0.0222671628
 454  0.0221406445
 455  0.0220141262
 456  0.0217610896
 457  0.0221406445
 458  0.0220141262
 459  0.0218876079
 460  0.0223936792
 461  0.0223936792
 462  0.0221406445
 463  0.0222671628
 464  0.0222671628
 465  0.0221406445
 466  0.0221406445
 467  0.0220141262
 468  0.0220141262
 469  0.0221406445
 470  0.0221406445
 471  0.0225201976
 472  0.0225201976
 473  0.0223936792
 474  0.0221406445
 475  0.0220141262
 476  0.0218876079
 477  0.0220141262
 478  0.0225201976
 479  0.0227732342
 480  0.0222671628
 481  0.0221406445
 482  0.0225201976
 483  0.0221406445
 484  0.0222671628
 485  0.0222671628
 486  0.0217610896
 487  0.0216345731
 488  0.0223936792
 489  0.0227732342
 490  0.0221406445
 491  0.0223936792
 492  0.0221406445
 493  0.0220141262
 494  0.0218876079
 495  0.0221406445
 496  0.0216345731
 497  0.0221406445
 498  0.0223936792
 499  0.0223936792
 500  0.0220141262

 1  0.0275809169
 2  0.0279604699
 3  0.0255566295
 4  0.0274543986
 5  0.0277074352
 6  0.0277074352
 7  0.0275809169
 8  0.0288460962
 9  0.0279604699
 10  0.0280869883
 11  0.0274543986
 12  0.0274543986
 13  0.0275809169
 14  0.0283400249
 15  0.0275809169
 16  0.0275809169
 17  0.0275809169
 18  0.0285930596
 19  0.0277074352
 20  0.0275809169
 21  0.0277074352
 22  0.0283400249
 23  0.0283400249
 24  0.0282135066
 25  0.0282135066
 26  0.0273278803
 27  0.0283400249
 28  0.027201362
 29  0.0283400249
 30  0.027201362
 31  0.0278339535
 32  0.0280869883
 33  0.0278339535
 34  0.0278339535
 35  0.0280869883
 36  0.0278339535
 37  0.0275809169
 38  0.027201362
 39  0.0274543986
 40  0.0278339535
 41  0.0279604699
 42  0.027201362
 43  0.0274543986
 44  0.0279604699
 45  0.0277074352
 46  0.0277074352
 47  0.0268218089
 48  0.0280869883
 49  0.0277074352
 50  0.0279604699
 51  0.0275809169
 52  0.0283400249
 53  0.0282135066
 54  0.0279604699
 55  0.0280869883
 56  0.0279604699
 57  0.027201362
 58  0.0282135066
 59  0.0280869883
 60  0.0287195779
 61  0.0269483272
 62  0.0275809169
 63  0.0285930596
 64  0.0278339535
 65  0.0280869883
 66  0.0282135066
 67  0.0284665432
 68  0.0279604699
 69  0.0277074352
 70  0.0273278803
 71  0.0280869883
 72  0.0282135066
 73  0.0280869883
 74  0.0274543986
 75  0.0280869883
 76  0.0278339535
 77  0.0279604699
 78  0.0270748455
 79  0.0287195779
 80  0.0280869883
 81  0.0277074352
 82  0.0283400249
 83  0.0279604699
 84  0.0275809169
 85  0.0279604699
 86  0.0284665432
 87  0.0275809169
 88  0.0275809169
 89  0.0273278803
 90  0.0274543986
 91  0.0275809169
 92  0.0266952906
 93  0.0284665432
 94  0.0284665432
 95  0.0282135066
 96  0.0282135066
 97  0.0282135066
 98  0.0279604699
 99  0.0278339535
 100  0.0280869883
 101  0.0283400249
 102  0.0279604699
 103  0.0282135066
 104  0.0278339535
 105  0.0277074352
 106  0.0279604699
 107  0.0270748455
 108  0.0284665432
 109  0.0280869883
 110  0.0289726146
 111  0.027201362
 112  0.0285930596
 113  0.0278339535
 114  0.0277074352
 115  0.0280869883
 116  0.0277074352
 117  0.0278339535
 118  0.0284665432
 119  0.0289726146
 120  0.0285930596
 121  0.0279604699
 122  0.0279604699
 123  0.0280869883
 124  0.0274543986
 125  0.0273278803
 126  0.0275809169
 127  0.0274543986
 128  0.0270748455
 129  0.0274543986
 130  0.0278339535
 131  0.0274543986
 132  0.0278339535
 133  0.0277074352
 134  0.0273278803
 135  0.0275809169
 136  0.0280869883
 137  0.0275809169
 138  0.0278339535
 139  0.0279604699
 140  0.0280869883
 141  0.0278339535
 142  0.0278339535
 143  0.0273278803
 144  0.0284665432
 145  0.0284665432
 146  0.0279604699
 147  0.0287195779
 148  0.0279604699
 149  0.0280869883
 150  0.0283400249
 151  0.0275809169
 152  0.0282135066
 153  0.0282135066
 154  0.0284665432
 155  0.0284665432
 156  0.0278339535
 157  0.0285930596
 158  0.0274543986
 159  0.0282135066
 160  0.0274543986
 161  0.0279604699
 162  0.0279604699
 163  0.0273278803
 164  0.0282135066
 165  0.0289726146
 166  0.0284665432
 167  0.0283400249
 168  0.0283400249
 169  0.0282135066
 170  0.0279604699
 171  0.0280869883
 172  0.0284665432
 173  0.0273278803
 174  0.0278339535
 175  0.0275809169
 176  0.0279604699
 177  0.0275809169
 178  0.0283400249
 179  0.0279604699
 180  0.0275809169
 181  0.0282135066
 182  0.0277074352
 183  0.0283400249
 184  0.0282135066
 185  0.0278339535
 186  0.0278339535
 187  0.0275809169
 188  0.0275809169
 189  0.0277074352
 190  0.0285930596
 191  0.0280869883
 192  0.0275809169
 193  0.0289726146
 194  0.0287195779
 195  0.0280869883
 196  0.027201362
 197  0.0284665432
 198  0.0278339535
 199  0.0274543986
 200  0.0273278803
 201  0.0274543986
 202  0.0277074352
 203  0.0278339535
 204  0.0282135066
 205  0.0282135066
 206  0.0274543986
 207  0.0275809169
 208  0.0283400249
 209  0.0277074352
 210  0.0277074352
 211  0.0279604699
 212  0.0274543986
 213  0.0274543986
 214  0.0280869883
 215  0.0274543986
 216  0.0279604699
 217  0.0282135066
 218  0.0277074352
 219  0.0280869883
 220  0.0280869883
 221  0.0277074352
 222  0.0282135066
 223  0.0280869883
 224  0.0278339535
 225  0.0284665432
 226  0.0270748455
 227  0.0273278803
 228  0.0279604699
 229  0.0270748455
 230  0.0279604699
 231  0.0269483272
 232  0.0278339535
 233  0.0268218089
 234  0.0275809169
 235  0.0279604699
 236  0.0284665432
 237  0.0278339535
 238  0.0277074352
 239  0.0287195779
 240  0.0282135066
 241  0.0279604699
 242  0.0280869883
 243  0.0275809169
 244  0.0278339535
 245  0.0278339535
 246  0.0289726146
 247  0.0280869883
 248  0.0277074352
 249  0.0278339535
 250  0.0289726146
 251  0.0277074352
 252  0.0279604699
 253  0.0280869883
 254  0.0280869883
 255  0.0279604699
 256  0.0279604699
 257  0.0284665432
 258  0.0274543986
 259  0.0274543986
 260  0.0280869883
 261  0.0273278803
 262  0.0277074352
 263  0.0280869883
 264  0.0282135066
 265  0.0283400249
 266  0.0270748455
 267  0.0278339535
 268  0.0273278803
 269  0.0275809169
 270  0.0277074352
 271  0.0275809169
 272  0.0275809169
 273  0.0274543986
 274  0.0280869883
 275  0.0282135066
 276  0.0280869883
 277  0.0285930596
 278  0.027201362
 279  0.0283400249
 280  0.0268218089
 281  0.0275809169
 282  0.0274543986
 283  0.0282135066
 284  0.0278339535
 285  0.0279604699
 286  0.0283400249
 287  0.0277074352
 288  0.0282135066
 289  0.0283400249
 290  0.0279604699
 291  0.0274543986
 292  0.0277074352
 293  0.0278339535
 294  0.0278339535
 295  0.0274543986
 296  0.0284665432
 297  0.0274543986
 298  0.0279604699
 299  0.027201362
 300  0.0274543986
 301  0.0277074352
 302  0.0283400249
 303  0.027201362
 304  0.0278339535
 305  0.0278339535
 306  0.0270748455
 307  0.0275809169
 308  0.0280869883
 309  0.0280869883
 310  0.0280869883
 311  0.0285930596
 312  0.0284665432
 313  0.0280869883
 314  0.0280869883
 315  0.027201362
 316  0.0278339535
 317  0.0279604699
 318  0.0282135066
 319  0.0270748455
 320  0.0279604699
 321  0.0278339535
 322  0.0275809169
 323  0.0275809169
 324  0.0275809169
 325  0.0278339535
 326  0.0274543986
 327  0.0284665432
 328  0.0282135066
 329  0.0278339535
 330  0.0284665432
 331  0.0277074352
 332  0.0274543986
 333  0.0280869883
 334  0.0274543986
 335  0.0277074352
 336  0.0273278803
 337  0.0284665432
 338  0.0279604699
 339  0.0280869883
 340  0.0277074352
 341  0.0275809169
 342  0.0279604699
 343  0.0279604699
 344  0.0278339535
 345  0.0283400249
 346  0.0287195779
 347  0.0278339535
 348  0.0280869883
 349  0.0285930596
 350  0.0280869883
 351  0.0283400249
 352  0.0275809169
 353  0.0279604699
 354  0.0275809169
 355  0.0278339535
 356  0.0284665432
 357  0.0277074352
 358  0.0282135066
 359  0.0275809169
 360  0.0283400249
 361  0.0278339535
 362  0.0282135066
 363  0.0279604699
 364  0.0277074352
 365  0.0284665432
 366  0.0277074352
 367  0.0283400249
 368  0.0273278803
 369  0.0269483272
 370  0.0277074352
 371  0.0279604699
 372  0.0274543986
 373  0.0273278803
 374  0.027201362
 375  0.0278339535
 376  0.0274543986
 377  0.0274543986
 378  0.027201362
 379  0.027201362
 380  0.0277074352
 381  0.0284665432
 382  0.0275809169
 383  0.0273278803
 384  0.0275809169
 385  0.0277074352
 386  0.0275809169
 387  0.0283400249
 388  0.0293521676
 389  0.0273278803
 390  0.0278339535
 391  0.0273278803
 392  0.0279604699
 393  0.0275809169
 394  0.0282135066
 395  0.0278339535
 396  0.0274543986
 397  0.0280869883
 398  0.0268218089
 399  0.0275809169
 400  0.0285930596
 401  0.027201362
 402  0.0280869883
 403  0.0275809169
 404  0.027201362
 405  0.0277074352
 406  0.0282135066
 407  0.0285930596
 408  0.0282135066
 409  0.0280869883
 410  0.0282135066
 411  0.0275809169
 412  0.0275809169
 413  0.0273278803
 414  0.0277074352
 415  0.0273278803
 416  0.0280869883
 417  0.0277074352
 418  0.0280869883
 419  0.0275809169
 420  0.0279604699
 421  0.0280869883
 422  0.0277074352
 423  0.0278339535
 424  0.0275809169
 425  0.0284665432
 426  0.0284665432
 427  0.0277074352
 428  0.0285930596
 429  0.0283400249
 430  0.0285930596
 431  0.0279604699
 432  0.0278339535
 433  0.0279604699
 434  0.0280869883
 435  0.0273278803
 436  0.0282135066
 437  0.0288460962
 438  0.0278339535
 439  0.0277074352
 440  0.0279604699
 441  0.0275809169
 442  0.0279604699
 443  0.027201362
 444  0.0278339535
 445  0.0275809169
 446  0.0270748455
 447  0.0273278803
 448  0.0275809169
 449  0.0275809169
 450  0.0274543986
 451  0.0278339535
 452  0.0282135066
 453  0.0277074352
 454  0.0284665432
 455  0.0278339535
 456  0.0273278803
 457  0.0278339535
 458  0.0278339535
 459  0.027201362
 460  0.0278339535
 461  0.0274543986
 462  0.0277074352
 463  0.0275809169
 464  0.0275809169
 465  0.0274543986
 466  0.0275809169
 467  0.0270748455
 468  0.0279604699
 469  0.0283400249
 470  0.0275809169
 471  0.0277074352
 472  0.0270748455
 473  0.027201362
 474  0.0275809169
 475  0.0284665432
 476  0.0275809169
 477  0.0275809169
 478  0.0280869883
 479  0.0285930596
 480  0.0289726146
 481  0.0277074352
 482  0.0279604699
 483  0.0280869883
 484  0.0274543986
 485  0.0278339535
 486  0.0269483272
 487  0.0273278803
 488  0.0275809169
 489  0.0279604699
 490  0.0274543986
 491  0.0285930596
 492  0.0280869883
 493  0.0282135066
 494  0.0274543986
 495  0.0282135066
 496  0.0280869883
 497  0.0275809169
 498  0.0280869883
 499  0.0283400249
 500  0.0282135066

 1  0.0735069364
 2  0.0800858736
 3  0.0804654285
 4  0.0808449835
 5  0.0733804181
 6  0.0731273815
 7  0.0718622059
 8  0.0814775676
 9  0.0708500594
 10  0.0781881064
 11  0.0792002454
 12  0.0869178399
 13  0.0775555149
 14  0.0686992556
 15  0.079832837
 16  0.0742660463
 17  0.0803389102
 18  0.0716091692
 19  0.0821101591
 20  0.0786941722
 21  0.0750251561
 22  0.0780615881
 23  0.0808449835
 24  0.0714826509
 25  0.0770494416
 26  0.0803389102
 27  0.0759107769
 28  0.0726213157
 29  0.0752781928
 30  0.0790737271
 31  0.0736334547
 32  0.0755312294
 33  0.0738864914
 34  0.0731273815
 35  0.0780615881
 36  0.0823631957
 37  0.071103096
 38  0.0759107769
 39  0.0910929367
 40  0.0776820332
 41  0.0754047111
 42  0.0761638135
 43  0.0843874812
 44  0.0857791826
 45  0.0717356876
 46  0.0717356876
 47  0.0847670361
 48  0.0740130097
 49  0.0894481987
 50  0.0708500594
 51  0.0807184651
 52  0.0721152425
 53  0.0981779397
 54  0.0784411356
 55  0.0732538998
 56  0.0745190829
 57  0.0764168501
 58  0.0899542719
 59  0.0723682791
 60  0.0665484518
 61  0.0812245309
 62  0.0748986378
 63  0.0867913216
 64  0.0898277536
 65  0.0816040859
 66  0.0713561326
 67  0.074139528
 68  0.0883095413
 69  0.0626263916
 70  0.0850200728
 71  0.0874239132
 72  0.0967862457
 73  0.0835018605
 74  0.0766698867
 75  0.0752781928
 76  0.0757842585
 77  0.107540272
 78  0.0880565047
 79  0.0751516744
 80  0.0703439862
 81  0.0766698867
 82  0.0838814154
 83  0.088562578
 84  0.0786941722
 85  0.0840079263
 86  0.0668014884
 87  0.0794532821
 88  0.0770494416
 89  0.0697114021
 90  0.0774289966
 91  0.0761638135
 92  0.0683197007
 93  0.0769229233
 94  0.0789472088
 95  0.0781881064
 96  0.0714826509
 97  0.0864117742
 98  0.0690788105
 99  0.0808449835
 100  0.079832837
 101  0.0655363053
 102  0.0751516744
 103  0.0805919468
 104  0.0870443583
 105  0.0790737271
 106  0.0797063187
 107  0.0750251561
 108  0.0903338268
 109  0.0883095413
 110  0.0747721195
 111  0.0842609629
 112  0.0790737271
 113  0.0778085515
 114  0.0714826509
 115  0.0751516744
 116  0.085526146
 117  0.0719887242
 118  0.0826162323
 119  0.0780615881
 120  0.0784411356
 121  0.0745190829
 122  0.0786941722
 123  0.0769229233
 124  0.0818571225
 125  0.0785676539
 126  0.067054525
 127  0.0888156146
 128  0.0765433684
 129  0.0769229233
 130  0.0764168501
 131  0.0689522922
 132  0.074139528
 133  0.0748986378
 134  0.0751516744
 135  0.0745190829
 136  0.0704705045
 137  0.0790737271
 138  0.0716091692
 139  0.0770494416
 140  0.0724947974
 141  0.0766698867
 142  0.0827427506
 143  0.0790737271
 144  0.0745190829
 145  0.0867913216
 146  0.0821101591
 147  0.0771759599
 148  0.0748986378
 149  0.0835018605
 150  0.0751516744
 151  0.0813510492
 152  0.0736334547
 153  0.0803389102
 154  0.0804654285
 155  0.0781881064
 156  0.0829957873
 157  0.071103096
 158  0.0762903318
 159  0.0812245309
 160  0.0783146247
 161  0.0902073085
 162  0.0840079263
 163  0.0761638135
 164  0.082869269
 165  0.0733804181
 166  0.0764168501
 167  0.0909664184
 168  0.0842609629
 169  0.0924846306
 170  0.0745190829
 171  0.0742660463
 172  0.0771759599
 173  0.0766698867
 174  0.0780615881
 175  0.0751516744
 176  0.0733804181
 177  0.0745190829
 178  0.0769229233
 179  0.091219455
 180  0.0692053288
 181  0.0646506771
 182  0.073759973
 183  0.0695848837
 184  0.0689522922
 185  0.0850200728
 186  0.0747721195
 187  0.0742660463
 188  0.0754047111
 189  0.0731273815
 190  0.0886890963
 191  0.0845139995
 192  0.0719887242
 193  0.0800858736
 194  0.10526295
 195  0.0728743523
 196  0.0841344446
 197  0.0724947974
 198  0.0776820332
 199  0.0792002454
 200  0.0704705045
 201  0.0786941722
 202  0.0764168501
 203  0.0752781928
 204  0.0747721195
 205  0.0722417608
 206  0.0799593553
 207  0.0940028504
 208  0.0897012353
 209  0.0726213157
 210  0.0773024783
 211  0.0751516744
 212  0.0756577402
 213  0.0679401457
 214  0.0698379204
 215  0.0776820332
 216  0.0778085515
 217  0.0766698867
 218  0.0760372952
 219  0.0740130097
 220  0.0756577402
 221  0.0808449835
 222  0.0733804181
 223  0.0766698867
 224  0.0784411356
 225  0.0851465911
 226  0.0718622059
 227  0.0688257739
 228  0.0808449835
 229  0.0792002454
 230  0.0776820332
 231  0.071103096
 232  0.0752781928
 233  0.0808449835
 234  0.070090957
 235  0.0808449835
 236  0.0808449835
 237  0.0766698867
 238  0.0751516744
 239  0.0774289966
 240  0.0888156146
 241  0.0812245309
 242  0.0745190829
 243  0.079832837
 244  0.0755312294
 245  0.0785676539
 246  0.0913459733
 247  0.0794532821
 248  0.0718622059
 249  0.0790737271
 250  0.0759107769
 251  0.0746456012
 252  0.0681931823
 253  0.0738864914
 254  0.0681931823
 255  0.0738864914
 256  0.0728743523
 257  0.0810980201
 258  0.0759107769
 259  0.0823631957
 260  0.0748986378
 261  0.0835018605
 262  0.089574717
 263  0.0819836408
 264  0.0799593553
 265  0.0859057009
 266  0.0735069364
 267  0.0853996277
 268  0.0799593553
 269  0.0784411356
 270  0.0714826509
 271  0.0793267637
 272  0.0742660463
 273  0.0765433684
 274  0.0803389102
 275  0.0735069364
 276  0.0723682791
 277  0.0738864914
 278  0.0719887242
 279  0.0792002454
 280  0.0747721195
 281  0.072747834
 282  0.0809715018
 283  0.0698379204
 284  0.0704705045
 285  0.0755312294
 286  0.0770494416
 287  0.0735069364
 288  0.0714826509
 289  0.0812245309
 290  0.0760372952
 291  0.0773024783
 292  0.0797063187
 293  0.0716091692
 294  0.0756577402
 295  0.082869269
 296  0.0723682791
 297  0.0804654285
 298  0.071103096
 299  0.074139528
 300  0.0860322192
 301  0.0784411356
 302  0.0745190829
 303  0.0770494416
 304  0.0765433684
 305  0.0755312294
 306  0.0736334547
 307  0.0733804181
 308  0.0713561326
 309  0.0733804181
 310  0.0733804181
 311  0.0821101591
 312  0.0814775676
 313  0.0817306042
 314  0.0754047111
 315  0.0793267637
 316  0.0805919468
 317  0.072747834
 318  0.0685727373
 319  0.071103096
 320  0.0779350698
 321  0.0832488239
 322  0.0719887242
 323  0.0690788105
 324  0.0736334547
 325  0.0719887242
 326  0.072747834
 327  0.0771759599
 328  0.0765433684
 329  0.0779350698
 330  0.0756577402
 331  0.0754047111
 332  0.0703439862
 333  0.0714826509
 334  0.0694583654
 335  0.0804654285
 336  0.112094916
 337  0.071103096
 338  0.0794532821
 339  0.0750251561
 340  0.073759973
 341  0.0731273815
 342  0.0771759599
 343  0.0826162323
 344  0.0698379204
 345  0.0780615881
 346  0.0778085515
 347  0.0742660463
 348  0.0721152425
 349  0.0764168501
 350  0.0757842585
 351  0.0764168501
 352  0.0714826509
 353  0.0740130097
 354  0.0735069364
 355  0.0774289966
 356  0.0852731094
 357  0.0735069364
 358  0.0789472088
 359  0.0745190829
 360  0.0836283788
 361  0.0792002454
 362  0.0688257739
 363  0.0769229233
 364  0.0717356876
 365  0.0789472088
 366  0.0679401457
 367  0.0719887242
 368  0.0745190829
 369  0.0743925646
 370  0.0718622059
 371  0.073759973
 372  0.0755312294
 373  0.0748986378
 374  0.0756577402
 375  0.0747721195
 376  0.0757842585
 377  0.0746456012
 378  0.0755312294
 379  0.073759973
 380  0.0746456012
 381  0.0718622059
 382  0.0783146247
 383  0.0722417608
 384  0.0745190829
 385  0.0733804181
 386  0.0835018605
 387  0.0751516744
 388  0.0760372952
 389  0.0721152425
 390  0.0778085515
 391  0.0755312294
 392  0.0747721195
 393  0.0740130097
 394  0.0781881064
 395  0.0755312294
 396  0.0731273815
 397  0.0726213157
 398  0.0826162323
 399  0.0732538998
 400  0.0743925646
 401  0.0735069364
 402  0.0714826509
 403  0.0780615881
 404  0.0781881064
 405  0.0774289966
 406  0.0722417608
 407  0.0754047111
 408  0.092611149
 409  0.0681931823
 410  0.0864117742
 411  0.0794532821
 412  0.0689522922
 413  0.0822366774
 414  0.0714826509
 415  0.0833753422
 416  0.0770494416
 417  0.0743925646
 418  0.074139528
 419  0.0809715018
 420  0.0733804181
 421  0.0850200728
 422  0.0795798004
 423  0.0760372952
 424  0.0719887242
 425  0.0742660463
 426  0.0735069364
 427  0.0742660463
 428  0.0754047111
 429  0.0770494416
 430  0.0790737271
 431  0.0733804181
 432  0.0822366774
 433  0.0781881064
 434  0.0812245309
 435  0.0785676539
 436  0.0731273815
 437  0.0745190829
 438  0.0736334547
 439  0.073759973
 440  0.0891951695
 441  0.0750251561
 442  0.0788206905
 443  0.0775555149
 444  0.0699644387
 445  0.0762903318
 446  0.0748986378
 447  0.0750251561
 448  0.0733804181
 449  0.0699644387
 450  0.0742660463
 451  0.0750251561
 452  0.0726213157
 453  0.0747721195
 454  0.0678136274
 455  0.0732538998
 456  0.104756877
 457  0.0724947974
 458  0.0775555149
 459  0.0774289966
 460  0.0790737271
 461  0.0802123919
 462  0.0778085515
 463  0.0683197007
 464  0.0752781928
 465  0.0726213157
 466  0.0781881064
 467  0.0733804181
 468  0.0705970228
 469  0.0709765777
 470  0.0716091692
 471  0.0789472088
 472  0.0730008632
 473  0.0765433684
 474  0.0752781928
 475  0.0766698867
 476  0.0851465911
 477  0.0871708766
 478  0.0742660463
 479  0.0790737271
 480  0.0814775676
 481  0.0765433684
 482  0.0733804181
 483  0.0695848837
 484  0.0785676539
 485  0.0732538998
 486  0.0808449835
 487  0.0716091692
 488  0.0842609629
 489  0.0771759599
 490  0.0716091692
 491  0.0764168501
 492  0.0716091692
 493  0.0735069364
 494  0.0697114021
 495  0.0661688969
 496  0.0932437405
 497  0.0761638135
 498  0.0750251561
 499  0.0826162323
 500  0.0792002454

 1  0.
 2  0.
 3  0.
 4  0.
 5  0.
 6  0.
 7  0.
 8  0.
 9  0.
 10  0.
 11  0.
 12  0.
 13  0.
 14  0.
 15  0.
 16  0.
 17  0.
 18  0.
 19  0.
 20  0.
 21  0.
 22  0.
 23  0.
 24  0.
 25  0.
 26  0.
 27  0.
 28  0.
 29  0.
 30  0.
 31  0.
 32  0.
 33  0.
 34  0.
 35  0.
 36  0.
 37  0.
 38  0.
 39  0.
 40  0.
 41  0.
 42  0.
 43  0.
 44  0.
 45  0.
 46  0.
 47  0.
 48  0.
 49  0.
 50  0.
 51  0.
 52  0.
 53  0.
 54  0.
 55  0.
 56  0.
 57  0.
 58  0.
 59  0.
 60  0.
 61  0.
 62  0.
 63  0.
 64  0.
 65  0.
 66  0.
 67  0.
 68  0.
 69  0.
 70  0.
 71  0.
 72  0.
 73  0.
 74  0.
 75  0.
 76  0.
 77  0.
 78  0.
 79  0.
 80  0.
 81  0.
 82  0.
 83  0.
 84  0.
 85  0.
 86  0.
 87  0.
 88  0.
 89  0.
 90  0.
 91  0.
 92  0.
 93  0.
 94  0.
 95  0.
 96  0.
 97  0.
 98  0.
 99  0.
 100  0.
 101  0.
 102  0.
 103  0.
 104  0.
 105  0.
 106  0.
 107  0.
 108  0.
 109  0.
 110  0.
 111  0.
 112  0.
 113  0.
 114  0.
 115  0.
 116  0.
 117  0.
 118  0.
 119  0.
 120  0.
 121  0.
 122  0.
 123  0.
 124  0.
 125  0.
 126  0.
 127  0.
 128  0.
 129  0.
 130  0.
 131  0.
 132  0.
 133  0.
 134  0.
 135  0.
 136  0.
 137  0.
 138  0.
 139  0.
 140  0.
 141  0.
 142  0.
 143  0.
 144  0.
 145  0.
 146  0.
 147  0.
 148  0.
 149  0.
 150  0.
 151  0.
 152  0.
 153  0.
 154  0.
 155  0.
 156  0.
 157  0.
 158  0.
 159  0.
 160  0.
 161  0.
 162  0.
 163  0.
 164  0.
 165  0.
 166  0.
 167  0.
 168  0.
 169  0.
 170  0.
 171  0.
 172  0.
 173  0.
 174  0.
 175  0.
 176  0.
 177  0.
 178  0.
 179  0.
 180  0.
 181  0.
 182  0.
 183  0.
 184  0.
 185  0.
 186  0.
 187  0.
 188  0.
 189  0.
 190  0.
 191  0.
 192  0.
 193  0.
 194  0.
 195  0.
 196  0.
 197  0.
 198  0.
 199  0.
 200  0.
 201  0.
 202  0.
 203  0.
 204  0.
 205  0.
 206  0.
 207  0.
 208  0.
 209  0.
 210  0.
 211  0.
 212  0.
 213  0.
 214  0.
 215  0.
 216  0.
 217  0.
 218  0.
 219  0.
 220  0.
 221  0.
 222  0.
 223  0.
 224  0.
 225  0.
 226  0.
 227  0.
 228  0.
 229  0.
 230  0.
 231  0.
 232  0.
 233  0.
 234  0.
 235  0.
 236  0.
 237  0.
 238  0.
 239  0.
 240  0.
 241  0.
 242  0.
 243  0.
 244  0.
 245  0.
 246  0.
 247  0.
 248  0.
 249  0.
 250  0.
 251  0.
 252  0.
 253  0.
 254  0.
 255  0.
 256  0.
 257  0.
 258  0.
 259  0.
 260  0.
 261  0.
 262  0.
 263  0.
 264  0.
 265  0.
 266  0.
 267  0.
 268  0.
 269  0.
 270  0.
 271  0.
 272  0.
 273  0.
 274  0.
 275  0.
 276  0.
 277  0.
 278  0.
 279  0.
 280  0.
 281  0.
 282  0.
 283  0.
 284  0.
 285  0.
 286  0.
 287  0.
 288  0.
 289  0.
 290  0.
 291  0.
 292  0.
 293  0.
 294  0.
 295  0.
 296  0.
 297  0.
 298  0.
 299  0.
 300  0.
 301  0.
 302  0.
 303  0.
 304  0.
 305  0.
 306  0.
 307  0.
 308  0.
 309  0.
 310  0.
 311  0.
 312  0.
 313  0.
 314  0.
 315  0.
 316  0.
 317  0.
 318  0.
 319  0.
 320  0.
 321  0.
 322  0.
 323  0.
 324  0.
 325  0.
 326  0.
 327  0.
 328  0.
 329  0.
 330  0.
 331  0.
 332  0.
 333  0.
 334  0.
 335  0.
 336  0.
 337  0.
 338  0.
 339  0.
 340  0.
 341  0.
 342  0.
 343  0.
 344  0.
 345  0.
 346  0.
 347  0.
 348  0.
 349  0.
 350  0.
 351  0.
 352  0.
 353  0.
 354  0.
 355  0.
 356  0.
 357  0.
 358  0.
 359  0.
 360  0.
 361  0.
 362  0.
 363  0.
 364  0.
 365  0.
 366  0.
 367  0.
 368  0.
 369  0.
 370  0.
 371  0.
 372  0.
 373  0.
 374  0.
 375  0.
 376  0.
 377  0.
 378  0.
 379  0.
 380  0.
 381  0.
 382  0.
 383  0.
 384  0.
 385  0.
 386  0.
 387  0.
 388  0.
 389  0.
 390  0.
 391  0.
 392  0.
 393  0.
 394  0.
 395  0.
 396  0.
 397  0.
 398  0.
 399  0.
 400  0.
 401  0.
 402  0.
 403  0.
 404  0.
 405  0.
 406  0.
 407  0.
 408  0.
 409  0.
 410  0.
 411  0.
 412  0.
 413  0.
 414  0.
 415  0.
 416  0.
 417  0.
 418  0.
 419  0.
 420  0.
 421  0.
 422  0.
 423  0.
 424  0.
 425  0.
 426  0.
 427  0.
 428  0.
 429  0.
 430  0.
 431  0.
 432  0.
 433  0.
 434  0.
 435  0.
 436  0.
 437  0.
 438  0.
 439  0.
 440  0.
 441  0.
 442  0.
 443  0.
 444  0.
 445  0.
 446  0.
 447  0.
 448  0.
 449  0.
 450  0.
 451  0.
 452  0.
 453  0.
 454  0.
 455  0.
 456  0.
 457  0.
 458  0.
 459  0.
 460  0.
 461  0.
 462  0.
 463  0.
 464  0.
 465  0.
 466  0.
 467  0.
 468  0.
 469  0.
 470  0.
 471  0.
 472  0.
 473  0.
 474  0.
 475  0.
 476  0.
 477  0.
 478  0.
 479  0.
 480  0.
 481  0.
 482  0.
 483  0.
 484  0.
 485  0.
 486  0.
 487  0.
 488  0.
 489  0.
 490  0.
 491  0.
 492  0.
 493  0.
 494  0.
 495  0.
 496  0.
 497  0.
 498  0.
 499  0.
 500  0.

 1  0.
 2  0.
 3  0.
 4  0.
 5  0.
 6  0.
 7  0.
 8  0.
 9  0.
 10  0.
 11  0.
 12  0.
 13  0.
 14  0.
 15  0.
 16  0.
 17  0.
 18  0.
 19  0.
 20  0.
 21  0.
 22  0.
 23  0.
 24  0.
 25  0.
 26  0.
 27  0.
 28  0.
 29  0.
 30  0.
 31  0.
 32  0.
 33  0.
 34  0.
 35  0.
 36  0.
 37  0.
 38  0.
 39  0.
 40  0.
 41  0.
 42  0.
 43  0.
 44  0.
 45  0.
 46  0.
 47  0.
 48  0.
 49  0.
 50  0.
 51  0.
 52  0.
 53  0.
 54  0.
 55  0.
 56  0.
 57  0.
 58  0.
 59  0.
 60  0.
 61  0.
 62  0.
 63  0.
 64  0.
 65  0.
 66  0.
 67  0.
 68  0.
 69  0.
 70  0.
 71  0.
 72  0.
 73  0.
 74  0.
 75  0.
 76  0.
 77  0.
 78  0.
 79  0.
 80  0.
 81  0.
 82  0.
 83  0.
 84  0.
 85  0.
 86  0.
 87  0.
 88  0.
 89  0.
 90  0.
 91  0.
 92  0.
 93  0.
 94  0.
 95  0.
 96  0.
 97  0.
 98  0.
 99  0.
 100  0.
 101  0.
 102  0.
 103  0.
 104  0.
 105  0.
 106  0.
 107  0.
 108  0.
 109  0.
 110  0.
 111  0.
 112  0.
 113  0.
 114  0.
 115  0.
 116  0.
 117  0.
 118  0.
 119  0.
 120  0.
 121  0.
 122  0.
 123  0.
 124  0.
 125  0.
 126  0.
 127  0.
 128  0.
 129  0.
 130  0.
 131  0.
 132  0.
 133  0.
 134  0.
 135  0.
 136  0.
 137  0.
 138  0.
 139  0.
 140  0.
 141  0.
 142  0.
 143  0.
 144  0.
 145  0.
 146  0.
 147  0.
 148  0.
 149  0.
 150  0.
 151  0.
 152  0.
 153  0.
 154  0.
 155  0.
 156  0.
 157  0.
 158  0.
 159  0.
 160  0.
 161  0.
 162  0.
 163  0.
 164  0.
 165  0.
 166  0.
 167  0.
 168  0.
 169  0.
 170  0.
 171  0.
 172  0.
 173  0.
 174  0.
 175  0.
 176  0.
 177  0.
 178  0.
 179  0.
 180  0.
 181  0.
 182  0.
 183  0.
 184  0.
 185  0.
 186  0.
 187  0.
 188  0.
 189  0.
 190  0.
 191  0.
 192  0.
 193  0.
 194  0.
 195  0.
 196  0.
 197  0.
 198  0.
 199  0.
 200  0.
 201  0.
 202  0.
 203  0.
 204  0.
 205  0.
 206  0.
 207  0.
 208  0.
 209  0.
 210  0.
 211  0.
 212  0.
 213  0.
 214  0.
 215  0.
 216  0.
 217  0.
 218  0.
 219  0.
 220  0.
 221  0.
 222  0.
 223  0.
 224  0.
 225  0.
 226  0.
 227  0.
 228  0.
 229  0.
 230  0.
 231  0.
 232  0.
 233  0.
 234  0.
 235  0.
 236  0.
 237  0.
 238  0.
 239  0.
 240  0.
 241  0.
 242  0.
 243  0.
 244  0.
 245  0.
 246  0.
 247  0.
 248  0.
 249  0.
 250  0.
 251  0.
 252  0.
 253  0.
 254  0.
 255  0.
 256  0.
 257  0.
 258  0.
 259  0.
 260  0.
 261  0.
 262  0.
 263  0.
 264  0.
 265  0.
 266  0.
 267  0.
 268  0.
 269  0.
 270  0.
 271  0.
 272  0.
 273  0.
 274  0.
 275  0.
 276  0.
 277  0.
 278  0.
 279  0.
 280  0.
 281  0.
 282  0.
 283  0.
 284  0.
 285  0.
 286  0.
 287  0.
 288  0.
 289  0.
 290  0.
 291  0.
 292  0.
 293  0.
 294  0.
 295  0.
 296  0.
 297  0.
 298  0.
 299  0.
 300  0.
 301  0.
 302  0.
 303  0.
 304  0.
 305  0.
 306  0.
 307  0.
 308  0.
 309  0.
 310  0.
 311  0.
 312  0.
 313  0.
 314  0.
 315  0.
 316  0.
 317  0.
 318  0.
 319  0.
 320  0.
 321  0.
 322  0.
 323  0.
 324  0.
 325  0.
 326  0.
 327  0.
 328  0.
 329  0.
 330  0.
 331  0.
 332  0.
 333  0.
 334  0.
 335  0.
 336  0.
 337  0.
 338  0.
 339  0.
 340  0.
 341  0.
 342  0.
 343  0.
 344  0.
 345  0.
 346  0.
 347  0.
 348  0.
 349  0.
 350  0.
 351  0.
 352  0.
 353  0.
 354  0.
 355  0.
 356  0.
 357  0.
 358  0.
 359  0.
 360  0.
 361  0.
 362  0.
 363  0.
 364  0.
 365  0.
 366  0.
 367  0.
 368  0.
 369  0.
 370  0.
 371  0.
 372  0.
 373  0.
 374  0.
 375  0.
 376  0.
 377  0.
 378  0.
 379  0.
 380  0.
 381  0.
 382  0.
 383  0.
 384  0.
 385  0.
 386  0.
 387  0.
 388  0.
 389  0.
 390  0.
 391  0.
 392  0.
 393  0.
 394  0.
 395  0.
 396  0.
 397  0.
 398  0.
 399  0.
 400  0.
 401  0.
 402  0.
 403  0.
 404  0.
 405  0.
 406  0.
 407  0.
 408  0.
 409  0.
 410  0.
 411  0.
 412  0.
 413  0.
 414  0.
 415  0.
 416  0.
 417  0.
 418  0.
 419  0.
 420  0.
 421  0.
 422  0.
 423  0.
 424  0.
 425  0.
 426  0.
 427  0.
 428  0.
 429  0.
 430  0.
 431  0.
 432  0.
 433  0.
 434  0.
 435  0.
 436  0.
 437  0.
 438  0.
 439  0.
 440  0.
 441  0.
 442  0.
 443  0.
 444  0.
 445  0.
 446  0.
 447  0.
 448  0.
 449  0.
 450  0.
 451  0.
 452  0.
 453  0.
 454  0.
 455  0.
 456  0.
 457  0.
 458  0.
 459  0.
 460  0.
 461  0.
 462  0.
 463  0.
 464  0.
 465  0.
 466  0.
 467  0.
 468  0.
 469  0.
 470  0.
 471  0.
 472  0.
 473  0.
 474  0.
 475  0.
 476  0.
 477  0.
 478  0.
 479  0.
 480  0.
 481  0.
 482  0.
 483  0.
 484  0.
 485  0.
 486  0.
 487  0.
 488  0.
 489  0.
 490  0.
 491  0.
 492  0.
 493  0.
 494  0.
 495  0.
 496  0.
 497  0.
 498  0.
 499  0.
 500  0.

 1  0.
 2  0.
 3  0.
 4  0.
 5  0.
 6  0.
 7  0.
 8  0.
 9  0.
 10  0.
 11  0.
 12  0.
 13  0.
 14  0.
 15  0.
 16  0.
 17  0.
 18  0.
 19  0.
 20  0.
 21  0.
 22  0.
 23  0.
 24  0.
 25  0.
 26  0.
 27  0.
 28  0.
 29  0.
 30  0.
 31  0.
 32  0.
 33  0.
 34  0.
 35  0.
 36  0.
 37  0.
 38  0.
 39  0.
 40  0.
 41  0.
 42  0.
 43  0.
 44  0.
 45  0.
 46  0.
 47  0.
 48  0.
 49  0.
 50  0.
 51  0.
 52  0.
 53  0.
 54  0.
 55  0.
 56  0.
 57  0.
 58  0.
 59  0.
 60  0.
 61  0.
 62  0.
 63  0.
 64  0.
 65  0.
 66  0.
 67  0.
 68  0.
 69  0.
 70  0.
 71  0.
 72  0.
 73  0.
 74  0.
 75  0.
 76  0.
 77  0.
 78  0.
 79  0.
 80  0.
 81  0.
 82  0.
 83  0.
 84  0.
 85  0.
 86  0.
 87  0.
 88  0.
 89  0.
 90  0.
 91  0.
 92  0.
 93  0.
 94  0.
 95  0.
 96  0.
 97  0.
 98  0.
 99  0.
 100  0.
 101  0.
 102  0.
 103  0.
 104  0.
 105  0.
 106  0.
 107  0.
 108  0.
 109  0.
 110  0.
 111  0.
 112  0.
 113  0.
 114  0.
 115  0.
 116  0.
 117  0.
 118  0.
 119  0.
 120  0.
 121  0.
 122  0.
 123  0.
 124  0.
 125  0.
 126  0.
 127  0.
 128  0.
 129  0.
 130  0.
 131  0.
 132  0.
 133  0.
 134  0.
 135  0.
 136  0.
 137  0.
 138  0.
 139  0.
 140  0.
 141  0.
 142  0.
 143  0.
 144  0.
 145  0.
 146  0.
 147  0.
 148  0.
 149  0.
 150  0.
 151  0.
 152  0.
 153  0.
 154  0.
 155  0.
 156  0.
 157  0.
 158  0.
 159  0.
 160  0.
 161  0.
 162  0.
 163  0.
 164  0.
 165  0.
 166  0.
 167  0.
 168  0.
 169  0.
 170  0.
 171  0.
 172  0.
 173  0.
 174  0.
 175  0.
 176  0.
 177  0.
 178  0.
 179  0.
 180  0.
 181  0.
 182  0.
 183  0.
 184  0.
 185  0.
 186  0.
 187  0.
 188  0.
 189  0.
 190  0.
 191  0.
 192  0.
 193  0.
 194  0.
 195  0.
 196  0.
 197  0.
 198  0.
 199  0.
 200  0.
 201  0.
 202  0.
 203  0.
 204  0.
 205  0.
 206  0.
 207  0.
 208  0.
 209  0.
 210  0.
 211  0.
 212  0.
 213  0.
 214  0.
 215  0.
 216  0.
 217  0.
 218  0.
 219  0.
 220  0.
 221  0.
 222  0.
 223  0.
 224  0.
 225  0.
 226  0.
 227  0.
 228  0.
 229  0.
 230  0.
 231  0.
 232  0.
 233  0.
 234  0.
 235  0.
 236  0.
 237  0.
 238  0.
 239  0.
 240  0.
 241  0.
 242  0.
 243  0.
 244  0.
 245  0.
 246  0.
 247  0.
 248  0.
 249  0.
 250  0.
 251  0.
 252  0.
 253  0.
 254  0.
 255  0.
 256  0.
 257  0.
 258  0.
 259  0.
 260  0.
 261  0.
 262  0.
 263  0.
 264  0.
 265  0.
 266  0.
 267  0.
 268  0.
 269  0.
 270  0.
 271  0.
 272  0.
 273  0.
 274  0.
 275  0.
 276  0.
 277  0.
 278  0.
 279  0.
 280  0.
 281  0.
 282  0.
 283  0.
 284  0.
 285  0.
 286  0.
 287  0.
 288  0.
 289  0.
 290  0.
 291  0.
 292  0.
 293  0.
 294  0.
 295  0.
 296  0.
 297  0.
 298  0.
 299  0.
 300  0.
 301  0.
 302  0.
 303  0.
 304  0.
 305  0.
 306  0.
 307  0.
 308  0.
 309  0.
 310  0.
 311  0.
 312  0.
 313  0.
 314  0.
 315  0.
 316  0.
 317  0.
 318  0.
 319  0.
 320  0.
 321  0.
 322  0.
 323  0.
 324  0.
 325  0.
 326  0.
 327  0.
 328  0.
 329  0.
 330  0.
 331  0.
 332  0.
 333  0.
 334  0.
 335  0.
 336  0.
 337  0.
 338  0.
 339  0.
 340  0.
 341  0.
 342  0.
 343  0.
 344  0.
 345  0.
 346  0.
 347  0.
 348  0.
 349  0.
 350  0.
 351  0.
 352  0.
 353  0.
 354  0.
 355  0.
 356  0.
 357  0.
 358  0.
 359  0.
 360  0.
 361  0.
 362  0.
 363  0.
 364  0.
 365  0.
 366  0.
 367  0.
 368  0.
 369  0.
 370  0.
 371  0.
 372  0.
 373  0.
 374  0.
 375  0.
 376  0.
 377  0.
 378  0.
 379  0.
 380  0.
 381  0.
 382  0.
 383  0.
 384  0.
 385  0.
 386  0.
 387  0.
 388  0.
 389  0.
 390  0.
 391  0.
 392  0.
 393  0.
 394  0.
 395  0.
 396  0.
 397  0.
 398  0.
 399  0.
 400  0.
 401  0.
 402  0.
 403  0.
 404  0.
 405  0.
 406  0.
 407  0.
 408  0.
 409  0.
 410  0.
 411  0.
 412  0.
 413  0.
 414  0.
 415  0.
 416  0.
 417  0.
 418  0.
 419  0.
 420  0.
 421  0.
 422  0.
 423  0.
 424  0.
 425  0.
 426  0.
 427  0.
 428  0.
 429  0.
 430  0.
 431  0.
 432  0.
 433  0.
 434  0.
 435  0.
 436  0.
 437  0.
 438  0.
 439  0.
 440  0.
 441  0.
 442  0.
 443  0.
 444  0.
 445  0.
 446  0.
 447  0.
 448  0.
 449  0.
 450  0.
 451  0.
 452  0.
 453  0.
 454  0.
 455  0.
 456  0.
 457  0.
 458  0.
 459  0.
 460  0.
 461  0.
 462  0.
 463  0.
 464  0.
 465  0.
 466  0.
 467  0.
 468  0.
 469  0.
 470  0.
 471  0.
 472  0.
 473  0.
 474  0.
 475  0.
 476  0.
 477  0.
 478  0.
 479  0.
 480  0.
 481  0.
 482  0.
 483  0.
 484  0.
 485  0.
 486  0.
 487  0.
 488  0.
 489  0.
 490  0.
 491  0.
 492  0.
 493  0.
 494  0.
 495  0.
 496  0.
 497  0.
 498  0.
 499  0.
 500  0.

 1  0.
 2  0.
 3  0.
 4  0.
 5  0.
 6  0.
 7  0.
 8  0.
 9  0.
 10  0.
 11  0.
 12  0.
 13  0.
 14  0.
 15  0.
 16  0.
 17  0.
 18  0.
 19  0.
 20  0.
 21  0.
 22  0.
 23  0.
 24  0.
 25  0.
 26  0.
 27  0.
 28  0.
 29  0.
 30  0.
 31  0.
 32  0.
 33  0.
 34  0.
 35  0.
 36  0.
 37  0.
 38  0.
 39  0.
 40  0.
 41  0.
 42  0.
 43  0.
 44  0.
 45  0.
 46  0.
 47  0.
 48  0.
 49  0.
 50  0.
 51  0.
 52  0.
 53  0.
 54  0.
 55  0.
 56  0.
 57  0.
 58  0.
 59  0.
 60  0.
 61  0.
 62  0.
 63  0.
 64  0.
 65  0.
 66  0.
 67  0.
 68  0.
 69  0.
 70  0.
 71  0.
 72  0.
 73  0.
 74  0.
 75  0.
 76  0.
 77  0.
 78  0.
 79  0.
 80  0.
 81  0.
 82  0.
 83  0.
 84  0.
 85  0.
 86  0.
 87  0.
 88  0.
 89  0.
 90  0.
 91  0.
 92  0.
 93  0.
 94  0.
 95  0.
 96  0.
 97  0.
 98  0.
 99  0.
 100  0.
 101  0.
 102  0.
 103  0.
 104  0.
 105  0.
 106  0.
 107  0.
 108  0.
 109  0.
 110  0.
 111  0.
 112  0.
 113  0.
 114  0.
 115  0.
 116  0.
 117  0.
 118  0.
 119  0.
 120  0.
 121  0.
 122  0.
 123  0.
 124  0.
 125  0.
 126  0.
 127  0.
 128  0.
 129  0.
 130  0.
 131  0.
 132  0.
 133  0.
 134  0.
 135  0.
 136  0.
 137  0.
 138  0.
 139  0.
 140  0.
 141  0.
 142  0.
 143  0.
 144  0.
 145  0.
 146  0.
 147  0.
 148  0.
 149  0.
 150  0.
 151  0.
 152  0.
 153  0.
 154  0.
 155  0.
 156  0.
 157  0.
 158  0.
 159  0.
 160  0.
 161  0.
 162  0.
 163  0.
 164  0.
 165  0.
 166  0.
 167  0.
 168  0.
 169  0.
 170  0.
 171  0.
 172  0.
 173  0.
 174  0.
 175  0.
 176  0.
 177  0.
 178  0.
 179  0.
 180  0.
 181  0.
 182  0.
 183  0.
 184  0.
 185  0.
 186  0.
 187  0.
 188  0.
 189  0.
 190  0.
 191  0.
 192  0.
 193  0.
 194  0.
 195  0.
 196  0.
 197  0.
 198  0.
 199  0.
 200  0.
 201  0.
 202  0.
 203  0.
 204  0.
 205  0.
 206  0.
 207  0.
 208  0.
 209  0.
 210  0.
 211  0.
 212  0.
 213  0.
 214  0.
 215  0.
 216  0.
 217  0.
 218  0.
 219  0.
 220  0.
 221  0.
 222  0.
 223  0.
 224  0.
 225  0.
 226  0.
 227  0.
 228  0.
 229  0.
 230  0.
 231  0.
 232  0.
 233  0.
 234  0.
 235  0.
 236  0.
 237  0.
 238  0.
 239  0.
 240  0.
 241  0.
 242  0.
 243  0.
 244  0.
 245  0.
 246  0.
 247  0.
 248  0.
 249  0.
 250  0.
 251  0.
 252  0.
 253  0.
 254  0.
 255  0.
 256  0.
 257  0.
 258  0.
 259  0.
 260  0.
 261  0.
 262  0.
 263  0.
 264  0.
 265  0.
 266  0.
 267  0.
 268  0.
 269  0.
 270  0.
 271  0.
 272  0.
 273  0.
 274  0.
 275  0.
 276  0.
 277  0.
 278  0.
 279  0.
 280  0.
 281  0.
 282  0.
 283  0.
 284  0.
 285  0.
 286  0.
 287  0.
 288  0.
 289  0.
 290  0.
 291  0.
 292  0.
 293  0.
 294  0.
 295  0.
 296  0.
 297  0.
 298  0.
 299  0.
 300  0.
 301  0.
 302  0.
 303  0.
 304  0.
 305  0.
 306  0.
 307  0.
 308  0.
 309  0.
 310  0.
 311  0.
 312  0.
 313  0.
 314  0.
 315  0.
 316  0.
 317  0.
 318  0.
 319  0.
 320  0.
 321  0.
 322  0.
 323  0.
 324  0.
 325  0.
 326  0.
 327  0.
 328  0.
 329  0.
 330  0.
 331  0.
 332  0.
 333  0.
 334  0.
 335  0.
 336  0.
 337  0.
 338  0.
 339  0.
 340  0.
 341  0.
 342  0.
 343  0.
 344  0.
 345  0.
 346  0.
 347  0.
 348  0.
 349  0.
 350  0.
 351  0.
 352  0.
 353  0.
 354  0.
 355  0.
 356  0.
 357  0.
 358  0.
 359  0.
 360  0.
 361  0.
 362  0.
 363  0.
 364  0.
 365  0.
 366  0.
 367  0.
 368  0.
 369  0.
 370  0.
 371  0.
 372  0.
 373  0.
 374  0.
 375  0.
 376  0.
 377  0.
 378  0.
 379  0.
 380  0.
 381  0.
 382  0.
 383  0.
 384  0.
 385  0.
 386  0.
 387  0.
 388  0.
 389  0.
 390  0.
 391  0.
 392  0.
 393  0.
 394  0.
 395  0.
 396  0.
 397  0.
 398  0.
 399  0.
 400  0.
 401  0.
 402  0.
 403  0.
 404  0.
 405  0.
 406  0.
 407  0.
 408  0.
 409  0.
 410  0.
 411  0.
 412  0.
 413  0.
 414  0.
 415  0.
 416  0.
 417  0.
 418  0.
 419  0.
 420  0.
 421  0.
 422  0.
 423  0.
 424  0.
 425  0.
 426  0.
 427  0.
 428  0.
 429  0.
 430  0.
 431  0.
 432  0.
 433  0.
 434  0.
 435  0.
 436  0.
 437  0.
 438  0.
 439  0.
 440  0.
 441  0.
 442  0.
 443  0.
 444  0.
 445  0.
 446  0.
 447  0.
 448  0.
 449  0.
 450  0.
 451  0.
 452  0.
 453  0.
 454  0.
 455  0.
 456  0.
 457  0.
 458  0.
 459  0.
 460  0.
 461  0.
 462  0.
 463  0.
 464  0.
 465  0.
 466  0.
 467  0.
 468  0.
 469  0.
 470  0.
 471  0.
 472  0.
 473  0.
 474  0.
 475  0.
 476  0.
 477  0.
 478  0.
 479  0.
 480  0.
 481  0.
 482  0.
 483  0.
 484  0.
 485  0.
 486  0.
 487  0.
 488  0.
 489  0.
 490  0.
 491  0.
 492  0.
 493  0.
 494  0.
 495  0.
 496  0.
 497  0.
 498  0.
 499  0.
 500  0.

 1  0.
 2  0.
 3  0.
 4  0.
 5  0.
 6  0.
 7  0.
 8  0.
 9  0.
 10  0.
 11  0.
 12  0.
 13  0.
 14  0.
 15  0.
 16  0.
 17  0.
 18  0.
 19  0.
 20  0.
 21  0.
 22  0.
 23  0.
 24  0.
 25  0.
 26  0.
 27  0.
 28  0.
 29  0.
 30  0.
 31  0.
 32  0.
 33  0.
 34  0.
 35  0.
 36  0.
 37  0.
 38  0.
 39  0.
 40  0.
 41  0.
 42  0.
 43  0.
 44  0.
 45  0.
 46  0.
 47  0.
 48  0.
 49  0.
 50  0.
 51  0.
 52  0.
 53  0.
 54  0.
 55  0.
 56  0.
 57  0.
 58  0.
 59  0.
 60  0.
 61  0.
 62  0.
 63  0.
 64  0.
 65  0.
 66  0.
 67  0.
 68  0.
 69  0.
 70  0.
 71  0.
 72  0.
 73  0.
 74  0.
 75  0.
 76  0.
 77  0.
 78  0.
 79  0.
 80  0.
 81  0.
 82  0.
 83  0.
 84  0.
 85  0.
 86  0.
 87  0.
 88  0.
 89  0.
 90  0.
 91  0.
 92  0.
 93  0.
 94  0.
 95  0.
 96  0.
 97  0.
 98  0.
 99  0.
 100  0.
 101  0.
 102  0.
 103  0.
 104  0.
 105  0.
 106  0.
 107  0.
 108  0.
 109  0.
 110  0.
 111  0.
 112  0.
 113  0.
 114  0.
 115  0.
 116  0.
 117  0.
 118  0.
 119  0.
 120  0.
 121  0.
 122  0.
 123  0.
 124  0.
 125  0.
 126  0.
 127  0.
 128  0.
 129  0.
 130  0.
 131  0.
 132  0.
 133  0.
 134  0.
 135  0.
 136  0.
 137  0.
 138  0.
 139  0.
 140  0.
 141  0.
 142  0.
 143  0.
 144  0.
 145  0.
 146  0.
 147  0.
 148  0.
 149  0.
 150  0.
 151  0.
 152  0.
 153  0.
 154  0.
 155  0.
 156  0.
 157  0.
 158  0.
 159  0.
 160  0.
 161  0.
 162  0.
 163  0.
 164  0.
 165  0.
 166  0.
 167  0.
 168  0.
 169  0.
 170  0.
 171  0.
 172  0.
 173  0.
 174  0.
 175  0.
 176  0.
 177  0.
 178  0.
 179  0.
 180  0.
 181  0.
 182  0.
 183  0.
 184  0.
 185  0.
 186  0.
 187  0.
 188  0.
 189  0.
 190  0.
 191  0.
 192  0.
 193  0.
 194  0.
 195  0.
 196  0.
 197  0.
 198  0.
 199  0.
 200  0.
 201  0.
 202  0.
 203  0.
 204  0.
 205  0.
 206  0.
 207  0.
 208  0.
 209  0.
 210  0.
 211  0.
 212  0.
 213  0.
 214  0.
 215  0.
 216  0.
 217  0.
 218  0.
 219  0.
 220  0.
 221  0.
 222  0.
 223  0.
 224  0.
 225  0.
 226  0.
 227  0.
 228  0.
 229  0.
 230  0.
 231  0.
 232  0.
 233  0.
 234  0.
 235  0.
 236  0.
 237  0.
 238  0.
 239  0.
 240  0.
 241  0.
 242  0.
 243  0.
 244  0.
 245  0.
 246  0.
 247  0.
 248  0.
 249  0.
 250  0.
 251  0.
 252  0.
 253  0.
 254  0.
 255  0.
 256  0.
 257  0.
 258  0.
 259  0.
 260  0.
 261  0.
 262  0.
 263  0.
 264  0.
 265  0.
 266  0.
 267  0.
 268  0.
 269  0.
 270  0.
 271  0.
 272  0.
 273  0.
 274  0.
 275  0.
 276  0.
 277  0.
 278  0.
 279  0.
 280  0.
 281  0.
 282  0.
 283  0.
 284  0.
 285  0.
 286  0.
 287  0.
 288  0.
 289  0.
 290  0.
 291  0.
 292  0.
 293  0.
 294  0.
 295  0.
 296  0.
 297  0.
 298  0.
 299  0.
 300  0.
 301  0.
 302  0.
 303  0.
 304  0.
 305  0.
 306  0.
 307  0.
 308  0.
 309  0.
 310  0.
 311  0.
 312  0.
 313  0.
 314  0.
 315  0.
 316  0.
 317  0.
 318  0.
 319  0.
 320  0.
 321  0.
 322  0.
 323  0.
 324  0.
 325  0.
 326  0.
 327  0.
 328  0.
 329  0.
 330  0.
 331  0.
 332  0.
 333  0.
 334  0.
 335  0.
 336  0.
 337  0.
 338  0.
 339  0.
 340  0.
 341  0.
 342  0.
 343  0.
 344  0.
 345  0.
 346  0.
 347  0.
 348  0.
 349  0.
 350  0.
 351  0.
 352  0.
 353  0.
 354  0.
 355  0.
 356  0.
 357  0.
 358  0.
 359  0.
 360  0.
 361  0.
 362  0.
 363  0.
 364  0.
 365  0.
 366  0.
 367  0.
 368  0.
 369  0.
 370  0.
 371  0.
 372  0.
 373  0.
 374  0.
 375  0.
 376  0.
 377  0.
 378  0.
 379  0.
 380  0.
 381  0.
 382  0.
 383  0.
 384  0.
 385  0.
 386  0.
 387  0.
 388  0.
 389  0.
 390  0.
 391  0.
 392  0.
 393  0.
 394  0.
 395  0.
 396  0.
 397  0.
 398  0.
 399  0.
 400  0.
 401  0.
 402  0.
 403  0.
 404  0.
 405  0.
 406  0.
 407  0.
 408  0.
 409  0.
 410  0.
 411  0.
 412  0.
 413  0.
 414  0.
 415  0.
 416  0.
 417  0.
 418  0.
 419  0.
 420  0.
 421  0.
 422  0.
 423  0.
 424  0.
 425  0.
 426  0.
 427  0.
 428  0.
 429  0.
 430  0.
 431  0.
 432  0.
 433  0.
 434  0.
 435  0.
 436  0.
 437  0.
 438  0.
 439  0.
 440  0.
 441  0.
 442  0.
 443  0.
 444  0.
 445  0.
 446  0.
 447  0.
 448  0.
 449  0.
 450  0.
 451  0.
 452  0.
 453  0.
 454  0.
 455  0.
 456  0.
 457  0.
 458  0.
 459  0.
 460  0.
 461  0.
 462  0.
 463  0.
 464  0.
 465  0.
 466  0.
 467  0.
 468  0.
 469  0.
 470  0.
 471  0.
 472  0.
 473  0.
 474  0.
 475  0.
 476  0.
 477  0.
 478  0.
 479  0.
 480  0.
 481  0.
 482  0.
 483  0.
 484  0.
 485  0.
 486  0.
 487  0.
 488  0.
 489  0.
 490  0.
 491  0.
 492  0.
 493  0.
 494  0.
 495  0.
 496  0.
 497  0.
 498  0.
 499  0.
 500  0.

 1  0.
 2  0.
 3  0.
 4  0.
 5  0.
 6  0.
 7  0.
 8  0.
 9  0.
 10  0.
 11  0.
 12  0.
 13  0.
 14  0.
 15  0.
 16  0.
 17  0.
 18  0.
 19  0.
 20  0.
 21  0.
 22  0.
 23  0.
 24  0.
 25  0.
 26  0.
 27  0.
 28  0.
 29  0.
 30  0.
 31  0.
 32  0.
 33  0.
 34  0.
 35  0.
 36  0.
 37  0.
 38  0.
 39  0.
 40  0.
 41  0.
 42  0.
 43  0.
 44  0.
 45  0.
 46  0.
 47  0.
 48  0.
 49  0.
 50  0.
 51  0.
 52  0.
 53  0.
 54  0.
 55  0.
 56  0.
 57  0.
 58  0.
 59  0.
 60  0.
 61  0.
 62  0.
 63  0.
 64  0.
 65  0.
 66  0.
 67  0.
 68  0.
 69  0.
 70  0.
 71  0.
 72  0.
 73  0.
 74  0.
 75  0.
 76  0.
 77  0.
 78  0.
 79  0.
 80  0.
 81  0.
 82  0.
 83  0.
 84  0.
 85  0.
 86  0.
 87  0.
 88  0.
 89  0.
 90  0.
 91  0.
 92  0.
 93  0.
 94  0.
 95  0.
 96  0.
 97  0.
 98  0.
 99  0.
 100  0.
 101  0.
 102  0.
 103  0.
 104  0.
 105  0.
 106  0.
 107  0.
 108  0.
 109  0.
 110  0.
 111  0.
 112  0.
 113  0.
 114  0.
 115  0.
 116  0.
 117  0.
 118  0.
 119  0.
 120  0.
 121  0.
 122  0.
 123  0.
 124  0.
 125  0.
 126  0.
 127  0.
 128  0.
 129  0.
 130  0.
 131  0.
 132  0.
 133  0.
 134  0.
 135  0.
 136  0.
 137  0.
 138  0.
 139  0.
 140  0.
 141  0.
 142  0.
 143  0.
 144  0.
 145  0.
 146  0.
 147  0.
 148  0.
 149  0.
 150  0.
 151  0.
 152  0.
 153  0.
 154  0.
 155  0.
 156  0.
 157  0.
 158  0.
 159  0.
 160  0.
 161  0.
 162  0.
 163  0.
 164  0.
 165  0.
 166  0.
 167  0.
 168  0.
 169  0.
 170  0.
 171  0.
 172  0.
 173  0.
 174  0.
 175  0.
 176  0.
 177  0.
 178  0.
 179  0.
 180  0.
 181  0.
 182  0.
 183  0.
 184  0.
 185  0.
 186  0.
 187  0.
 188  0.
 189  0.
 190  0.
 191  0.
 192  0.
 193  0.
 194  0.
 195  0.
 196  0.
 197  0.
 198  0.
 199  0.
 200  0.
 201  0.
 202  0.
 203  0.
 204  0.
 205  0.
 206  0.
 207  0.
 208  0.
 209  0.
 210  0.
 211  0.
 212  0.
 213  0.
 214  0.
 215  0.
 216  0.
 217  0.
 218  0.
 219  0.
 220  0.
 221  0.
 222  0.
 223  0.
 224  0.
 225  0.
 226  0.
 227  0.
 228  0.
 229  0.
 230  0.
 231  0.
 232  0.
 233  0.
 234  0.
 235  0.
 236  0.
 237  0.
 238  0.
 239  0.
 240  0.
 241  0.
 242  0.
 243  0.
 244  0.
 245  0.
 246  0.
 247  0.
 248  0.
 249  0.
 250  0.
 251  0.
 252  0.
 253  0.
 254  0.
 255  0.
 256  0.
 257  0.
 258  0.
 259  0.
 260  0.
 261  0.
 262  0.
 263  0.
 264  0.
 265  0.
 266  0.
 267  0.
 268  0.
 269  0.
 270  0.
 271  0.
 272  0.
 273  0.
 274  0.
 275  0.
 276  0.
 277  0.
 278  0.
 279  0.
 280  0.
 281  0.
 282  0.
 283  0.
 284  0.
 285  0.
 286  0.
 287  0.
 288  0.
 289  0.
 290  0.
 291  0.
 292  0.
 293  0.
 294  0.
 295  0.
 296  0.
 297  0.
 298  0.
 299  0.
 300  0.
 301  0.
 302  0.
 303  0.
 304  0.
 305  0.
 306  0.
 307  0.
 308  0.
 309  0.
 310  0.
 311  0.
 312  0.
 313  0.
 314  0.
 315  0.
 316  0.
 317  0.
 318  0.
 319  0.
 320  0.
 321  0.
 322  0.
 323  0.
 324  0.
 325  0.
 326  0.
 327  0.
 328  0.
 329  0.
 330  0.
 331  0.
 332  0.
 333  0.
 334  0.
 335  0.
 336  0.
 337  0.
 338  0.
 339  0.
 340  0.
 341  0.
 342  0.
 343  0.
 344  0.
 345  0.
 346  0.
 347  0.
 348  0.
 349  0.
 350  0.
 351  0.
 352  0.
 353  0.
 354  0.
 355  0.
 356  0.
 357  0.
 358  0.
 359  0.
 360  0.
 361  0.
 362  0.
 363  0.
 364  0.
 365  0.
 366  0.
 367  0.
 368  0.
 369  0.
 370  0.
 371  0.
 372  0.
 373  0.
 374  0.
 375  0.
 376  0.
 377  0.
 378  0.
 379  0.
 380  0.
 381  0.
 382  0.
 383  0.
 384  0.
 385  0.
 386  0.
 387  0.
 388  0.
 389  0.
 390  0.
 391  0.
 392  0.
 393  0.
 394  0.
 395  0.
 396  0.
 397  0.
 398  0.
 399  0.
 400  0.
 401  0.
 402  0.
 403  0.
 404  0.
 405  0.
 406  0.
 407  0.
 408  0.
 409  0.
 410  0.
 411  0.
 412  0.
 413  0.
 414  0.
 415  0.
 416  0.
 417  0.
 418  0.
 419  0.
 420  0.
 421  0.
 422  0.
 423  0.
 424  0.
 425  0.
 426  0.
 427  0.
 428  0.
 429  0.
 430  0.
 431  0.
 432  0.
 433  0.
 434  0.
 435  0.
 436  0.
 437  0.
 438  0.
 439  0.
 440  0.
 441  0.
 442  0.
 443  0.
 444  0.
 445  0.
 446  0.
 447  0.
 448  0.
 449  0.
 450  0.
 451  0.
 452  0.
 453  0.
 454  0.
 455  0.
 456  0.
 457  0.
 458  0.
 459  0.
 460  0.
 461  0.
 462  0.
 463  0.
 464  0.
 465  0.
 466  0.
 467  0.
 468  0.
 469  0.
 470  0.
 471  0.
 472  0.
 473  0.
 474  0.
 475  0.
 476  0.
 477  0.
 478  0.
 479  0.
 480  0.
 481  0.
 482  0.
 483  0.
 484  0.
 485  0.
 486  0.
 487  0.
 488  0.
 489  0.
 490  0.
 491  0.
 492  0.
 493  0.
 494  0.
 495  0.
 496  0.
 497  0.
 498  0.
 499  0.
 500  0.

 1  0.
 2  0.
 3  0.
 4  0.
 5  0.
 6  0.
 7  0.
 8  0.
 9  0.
 10  0.
 11  0.
 12  0.
 13  0.
 14  0.
 15  0.
 16  0.
 17  0.
 18  0.
 19  0.
 20  0.
 21  0.
 22  0.
 23  0.
 24  0.
 25  0.
 26  0.
 27  0.
 28  0.
 29  0.
 30  0.
 31  0.
 32  0.
 33  0.
 34  0.
 35  0.
 36  0.
 37  0.
 38  0.
 39  0.
 40  0.
 41  0.
 42  0.
 43  0.
 44  0.
 45  0.
 46  0.
 47  0.
 48  0.
 49  0.
 50  0.
 51  0.
 52  0.
 53  0.
 54  0.
 55  0.
 56  0.
 57  0.
 58  0.
 59  0.
 60  0.
 61  0.
 62  0.
 63  0.
 64  0.
 65  0.
 66  0.
 67  0.
 68  0.
 69  0.
 70  0.
 71  0.
 72  0.
 73  0.
 74  0.
 75  0.
 76  0.
 77  0.
 78  0.
 79  0.
 80  0.
 81  0.
 82  0.
 83  0.
 84  0.
 85  0.
 86  0.
 87  0.
 88  0.
 89  0.
 90  0.
 91  0.
 92  0.
 93  0.
 94  0.
 95  0.
 96  0.
 97  0.
 98  0.
 99  0.
 100  0.
 101  0.
 102  0.
 103  0.
 104  0.
 105  0.
 106  0.
 107  0.
 108  0.
 109  0.
 110  0.
 111  0.
 112  0.
 113  0.
 114  0.
 115  0.
 116  0.
 117  0.
 118  0.
 119  0.
 120  0.
 121  0.
 122  0.
 123  0.
 124  0.
 125  0.
 126  0.
 127  0.
 128  0.
 129  0.
 130  0.
 131  0.
 132  0.
 133  0.
 134  0.
 135  0.
 136  0.
 137  0.
 138  0.
 139  0.
 140  0.
 141  0.
 142  0.
 143  0.
 144  0.
 145  0.
 146  0.
 147  0.
 148  0.
 149  0.
 150  0.
 151  0.
 152  0.
 153  0.
 154  0.
 155  0.
 156  0.
 157  0.
 158  0.
 159  0.
 160  0.
 161  0.
 162  0.
 163  0.
 164  0.
 165  0.
 166  0.
 167  0.
 168  0.
 169  0.
 170  0.
 171  0.
 172  0.
 173  0.
 174  0.
 175  0.
 176  0.
 177  0.
 178  0.
 179  0.
 180  0.
 181  0.
 182  0.
 183  0.
 184  0.
 185  0.
 186  0.
 187  0.
 188  0.
 189  0.
 190  0.
 191  0.
 192  0.
 193  0.
 194  0.
 195  0.
 196  0.
 197  0.
 198  0.
 199  0.
 200  0.
 201  0.
 202  0.
 203  0.
 204  0.
 205  0.
 206  0.
 207  0.
 208  0.
 209  0.
 210  0.
 211  0.
 212  0.
 213  0.
 214  0.
 215  0.
 216  0.
 217  0.
 218  0.
 219  0.
 220  0.
 221  0.
 222  0.
 223  0.
 224  0.
 225  0.
 226  0.
 227  0.
 228  0.
 229  0.
 230  0.
 231  0.
 232  0.
 233  0.
 234  0.
 235  0.
 236  0.
 237  0.
 238  0.
 239  0.
 240  0.
 241  0.
 242  0.
 243  0.
 244  0.
 245  0.
 246  0.
 247  0.
 248  0.
 249  0.
 250  0.
 251  0.
 252  0.
 253  0.
 254  0.
 255  0.
 256  0.
 257  0.
 258  0.
 259  0.
 260  0.
 261  0.
 262  0.
 263  0.
 264  0.
 265  0.
 266  0.
 267  0.
 268  0.
 269  0.
 270  0.
 271  0.
 272  0.
 273  0.
 274  0.
 275  0.
 276  0.
 277  0.
 278  0.
 279  0.
 280  0.
 281  0.
 282  0.
 283  0.
 284  0.
 285  0.
 286  0.
 287  0.
 288  0.
 289  0.
 290  0.
 291  0.
 292  0.
 293  0.
 294  0.
 295  0.
 296  0.
 297  0.
 298  0.
 299  0.
 300  0.
 301  0.
 302  0.
 303  0.
 304  0.
 305  0.
 306  0.
 307  0.
 308  0.
 309  0.
 310  0.
 311  0.
 312  0.
 313  0.
 314  0.
 315  0.
 316  0.
 317  0.
 318  0.
 319  0.
 320  0.
 321  0.
 322  0.
 323  0.
 324  0.
 325  0.
 326  0.
 327  0.
 328  0.
 329  0.
 330  0.
 331  0.
 332  0.
 333  0.
 334  0.
 335  0.
 336  0.
 337  0.
 338  0.
 339  0.
 340  0.
 341  0.
 342  0.
 343  0.
 344  0.
 345  0.
 346  0.
 347  0.
 348  0.
 349  0.
 350  0.
 351  0.
 352  0.
 353  0.
 354  0.
 355  0.
 356  0.
 357  0.
 358  0.
 359  0.
 360  0.
 361  0.
 362  0.
 363  0.
 364  0.
 365  0.
 366  0.
 367  0.
 368  0.
 369  0.
 370  0.
 371  0.
 372  0.
 373  0.
 374  0.
 375  0.
 376  0.
 377  0.
 378  0.
 379  0.
 380  0.
 381  0.
 382  0.
 383  0.
 384  0.
 385  0.
 386  0.
 387  0.
 388  0.
 389  0.
 390  0.
 391  0.
 392  0.
 393  0.
 394  0.
 395  0.
 396  0.
 397  0.
 398  0.
 399  0.
 400  0.
 401  0.
 402  0.
 403  0.
 404  0.
 405  0.
 406  0.
 407  0.
 408  0.
 409  0.
 410  0.
 411  0.
 412  0.
 413  0.
 414  0.
 415  0.
 416  0.
 417  0.
 418  0.
 419  0.
 420  0.
 421  0.
 422  0.
 423  0.
 424  0.
 425  0.
 426  0.
 427  0.
 428  0.
 429  0.
 430  0.
 431  0.
 432  0.
 433  0.
 434  0.
 435  0.
 436  0.
 437  0.
 438  0.
 439  0.
 440  0.
 441  0.
 442  0.
 443  0.
 444  0.
 445  0.
 446  0.
 447  0.
 448  0.
 449  0.
 450  0.
 451  0.
 452  0.
 453  0.
 454  0.
 455  0.
 456  0.
 457  0.
 458  0.
 459  0.
 460  0.
 461  0.
 462  0.
 463  0.
 464  0.
 465  0.
 466  0.
 467  0.
 468  0.
 469  0.
 470  0.
 471  0.
 472  0.
 473  0.
 474  0.
 475  0.
 476  0.
 477  0.
 478  0.
 479  0.
 480  0.
 481  0.
 482  0.
 483  0.
 484  0.
 485  0.
 486  0.
 487  0.
 488  0.
 489  0.
 490  0.
 491  0.
 492  0.
 493  0.
 494  0.
 495  0.
 496  0.
 497  0.
 498  0.
 499  0.
 500  0.

 1  0.
 2  0.
 3  0.
 4  0.
 5  0.
 6  0.
 7  0.
 8  0.
 9  0.
 10  0.
 11  0.
 12  0.
 13  0.
 14  0.
 15  0.
 16  0.
 17  0.
 18  0.
 19  0.
 20  0.
 21  0.
 22  0.
 23  0.
 24  0.
 25  0.
 26  0.
 27  0.
 28  0.
 29  0.
 30  0.
 31  0.
 32  0.
 33  0.
 34  0.
 35  0.
 36  0.
 37  0.
 38  0.
 39  0.
 40  0.
 41  0.
 42  0.
 43  0.
 44  0.
 45  0.
 46  0.
 47  0.
 48  0.
 49  0.
 50  0.
 51  0.
 52  0.
 53  0.
 54  0.
 55  0.
 56  0.
 57  0.
 58  0.
 59  0.
 60  0.
 61  0.
 62  0.
 63  0.
 64  0.
 65  0.
 66  0.
 67  0.
 68  0.
 69  0.
 70  0.
 71  0.
 72  0.
 73  0.
 74  0.
 75  0.
 76  0.
 77  0.
 78  0.
 79  0.
 80  0.
 81  0.
 82  0.
 83  0.
 84  0.
 85  0.
 86  0.
 87  0.
 88  0.
 89  0.
 90  0.
 91  0.
 92  0.
 93  0.
 94  0.
 95  0.
 96  0.
 97  0.
 98  0.
 99  0.
 100  0.
 101  0.
 102  0.
 103  0.
 104  0.
 105  0.
 106  0.
 107  0.
 108  0.
 109  0.
 110  0.
 111  0.
 112  0.
 113  0.
 114  0.
 115  0.
 116  0.
 117  0.
 118  0.
 119  0.
 120  0.
 121  0.
 122  0.
 123  0.
 124  0.
 125  0.
 126  0.
 127  0.
 128  0.
 129  0.
 130  0.
 131  0.
 132  0.
 133  0.
 134  0.
 135  0.
 136  0.
 137  0.
 138  0.
 139  0.
 140  0.
 141  0.
 142  0.
 143  0.
 144  0.
 145  0.
 146  0.
 147  0.
 148  0.
 149  0.
 150  0.
 151  0.
 152  0.
 153  0.
 154  0.
 155  0.
 156  0.
 157  0.
 158  0.
 159  0.
 160  0.
 161  0.
 162  0.
 163  0.
 164  0.
 165  0.
 166  0.
 167  0.
 168  0.
 169  0.
 170  0.
 171  0.
 172  0.
 173  0.
 174  0.
 175  0.
 176  0.
 177  0.
 178  0.
 179  0.
 180  0.
 181  0.
 182  0.
 183  0.
 184  0.
 185  0.
 186  0.
 187  0.
 188  0.
 189  0.
 190  0.
 191  0.
 192  0.
 193  0.
 194  0.
 195  0.
 196  0.
 197  0.
 198  0.
 199  0.
 200  0.
 201  0.
 202  0.
 203  0.
 204  0.
 205  0.
 206  0.
 207  0.
 208  0.
 209  0.
 210  0.
 211  0.
 212  0.
 213  0.
 214  0.
 215  0.
 216  0.
 217  0.
 218  0.
 219  0.
 220  0.
 221  0.
 222  0.
 223  0.
 224  0.
 225  0.
 226  0.
 227  0.
 228  0.
 229  0.
 230  0.
 231  0.
 232  0.
 233  0.
 234  0.
 235  0.
 236  0.
 237  0.
 238  0.
 239  0.
 240  0.
 241  0.
 242  0.
 243  0.
 244  0.
 245  0.
 246  0.
 247  0.
 248  0.
 249  0.
 250  0.
 251  0.
 252  0.
 253  0.
 254  0.
 255  0.
 256  0.
 257  0.
 258  0.
 259  0.
 260  0.
 261  0.
 262  0.
 263  0.
 264  0.
 265  0.
 266  0.
 267  0.
 268  0.
 269  0.
 270  0.
 271  0.
 272  0.
 273  0.
 274  0.
 275  0.
 276  0.
 277  0.
 278  0.
 279  0.
 280  0.
 281  0.
 282  0.
 283  0.
 284  0.
 285  0.
 286  0.
 287  0.
 288  0.
 289  0.
 290  0.
 291  0.
 292  0.
 293  0.
 294  0.
 295  0.
 296  0.
 297  0.
 298  0.
 299  0.
 300  0.
 301  0.
 302  0.
 303  0.
 304  0.
 305  0.
 306  0.
 307  0.
 308  0.
 309  0.
 310  0.
 311  0.
 312  0.
 313  0.
 314  0.
 315  0.
 316  0.
 317  0.
 318  0.
 319  0.
 320  0.
 321  0.
 322  0.
 323  0.
 324  0.
 325  0.
 326  0.
 327  0.
 328  0.
 329  0.
 330  0.
 331  0.
 332  0.
 333  0.
 334  0.
 335  0.
 336  0.
 337  0.
 338  0.
 339  0.
 340  0.
 341  0.
 342  0.
 343  0.
 344  0.
 345  0.
 346  0.
 347  0.
 348  0.
 349  0.
 350  0.
 351  0.
 352  0.
 353  0.
 354  0.
 355  0.
 356  0.
 357  0.
 358  0.
 359  0.
 360  0.
 361  0.
 362  0.
 363  0.
 364  0.
 365  0.
 366  0.
 367  0.
 368  0.
 369  0.
 370  0.
 371  0.
 372  0.
 373  0.
 374  0.
 375  0.
 376  0.
 377  0.
 378  0.
 379  0.
 380  0.
 381  0.
 382  0.
 383  0.
 384  0.
 385  0.
 386  0.
 387  0.
 388  0.
 389  0.
 390  0.
 391  0.
 392  0.
 393  0.
 394  0.
 395  0.
 396  0.
 397  0.
 398  0.
 399  0.
 400  0.
 401  0.
 402  0.
 403  0.
 404  0.
 405  0.
 406  0.
 407  0.
 408  0.
 409  0.
 410  0.
 411  0.
 412  0.
 413  0.
 414  0.
 415  0.
 416  0.
 417  0.
 418  0.
 419  0.
 420  0.
 421  0.
 422  0.
 423  0.
 424  0.
 425  0.
 426  0.
 427  0.
 428  0.
 429  0.
 430  0.
 431  0.
 432  0.
 433  0.
 434  0.
 435  0.
 436  0.
 437  0.
 438  0.
 439  0.
 440  0.
 441  0.
 442  0.
 443  0.
 444  0.
 445  0.
 446  0.
 447  0.
 448  0.
 449  0.
 450  0.
 451  0.
 452  0.
 453  0.
 454  0.
 455  0.
 456  0.
 457  0.
 458  0.
 459  0.
 460  0.
 461  0.
 462  0.
 463  0.
 464  0.
 465  0.
 466  0.
 467  0.
 468  0.
 469  0.
 470  0.
 471  0.
 472  0.
 473  0.
 474  0.
 475  0.
 476  0.
 477  0.
 478  0.
 479  0.
 480  0.
 481  0.
 482  0.
 483  0.
 484  0.
 485  0.
 486  0.
 487  0.
 488  0.
 489  0.
 490  0.
 491  0.
 492  0.
 493  0.
 494  0.
 495  0.
 496  0.
 497  0.
 498  0.
 499  0.
 500  0.

 1  0.
 2  0.
 3  0.
 4  0.
 5  0.
 6  0.
 7  0.
 8  0.
 9  0.
 10  0.
 11  0.
 12  0.
 13  0.
 14  0.
 15  0.
 16  0.
 17  0.
 18  0.
 19  0.
 20  0.
 21  0.
 22  0.
 23  0.
 24  0.
 25  0.
 26  0.
 27  0.
 28  0.
 29  0.
 30  0.
 31  0.
 32  0.
 33  0.
 34  0.
 35  0.
 36  0.
 37  0.
 38  0.
 39  0.
 40  0.
 41  0.
 42  0.
 43  0.
 44  0.
 45  0.
 46  0.
 47  0.
 48  0.
 49  0.
 50  0.
 51  0.
 52  0.
 53  0.
 54  0.
 55  0.
 56  0.
 57  0.
 58  0.
 59  0.
 60  0.
 61  0.
 62  0.
 63  0.
 64  0.
 65  0.
 66  0.
 67  0.
 68  0.
 69  0.
 70  0.
 71  0.
 72  0.
 73  0.
 74  0.
 75  0.
 76  0.
 77  0.
 78  0.
 79  0.
 80  0.
 81  0.
 82  0.
 83  0.
 84  0.
 85  0.
 86  0.
 87  0.
 88  0.
 89  0.
 90  0.
 91  0.
 92  0.
 93  0.
 94  0.
 95  0.
 96  0.
 97  0.
 98  0.
 99  0.
 100  0.
 101  0.
 102  0.
 103  0.
 104  0.
 105  0.
 106  0.
 107  0.
 108  0.
 109  0.
 110  0.
 111  0.
 112  0.
 113  0.
 114  0.
 115  0.
 116  0.
 117  0.
 118  0.
 119  0.
 120  0.
 121  0.
 122  0.
 123  0.
 124  0.
 125  0.
 126  0.
 127  0.
 128  0.
 129  0.
 130  0.
 131  0.
 132  0.
 133  0.
 134  0.
 135  0.
 136  0.
 137  0.
 138  0.
 139  0.
 140  0.
 141  0.
 142  0.
 143  0.
 144  0.
 145  0.
 146  0.
 147  0.
 148  0.
 149  0.
 150  0.
 151  0.
 152  0.
 153  0.
 154  0.
 155  0.
 156  0.
 157  0.
 158  0.
 159  0.
 160  0.
 161  0.
 162  0.
 163  0.
 164  0.
 165  0.
 166  0.
 167  0.
 168  0.
 169  0.
 170  0.
 171  0.
 172  0.
 173  0.
 174  0.
 175  0.
 176  0.
 177  0.
 178  0.
 179  0.
 180  0.
 181  0.
 182  0.
 183  0.
 184  0.
 185  0.
 186  0.
 187  0.
 188  0.
 189  0.
 190  0.
 191  0.
 192  0.
 193  0.
 194  0.
 195  0.
 196  0.
 197  0.
 198  0.
 199  0.
 200  0.
 201  0.
 202  0.
 203  0.
 204  0.
 205  0.
 206  0.
 207  0.
 208  0.
 209  0.
 210  0.
 211  0.
 212  0.
 213  0.
 214  0.
 215  0.
 216  0.
 217  0.
 218  0.
 219  0.
 220  0.
 221  0.
 222  0.
 223  0.
 224  0.
 225  0.
 226  0.
 227  0.
 228  0.
 229  0.
 230  0.
 231  0.
 232  0.
 233  0.
 234  0.
 235  0.
 236  0.
 237  0.
 238  0.
 239  0.
 240  0.
 241  0.
 242  0.
 243  0.
 244  0.
 245  0.
 246  0.
 247  0.
 248  0.
 249  0.
 250  0.
 251  0.
 252  0.
 253  0.
 254  0.
 255  0.
 256  0.
 257  0.
 258  0.
 259  0.
 260  0.
 261  0.
 262  0.
 263  0.
 264  0.
 265  0.
 266  0.
 267  0.
 268  0.
 269  0.
 270  0.
 271  0.
 272  0.
 273  0.
 274  0.
 275  0.
 276  0.
 277  0.
 278  0.
 279  0.
 280  0.
 281  0.
 282  0.
 283  0.
 284  0.
 285  0.
 286  0.
 287  0.
 288  0.
 289  0.
 290  0.
 291  0.
 292  0.
 293  0.
 294  0.
 295  0.
 296  0.
 297  0.
 298  0.
 299  0.
 300  0.
 301  0.
 302  0.
 303  0.
 304  0.
 305  0.
 306  0.
 307  0.
 308  0.
 309  0.
 310  0.
 311  0.
 312  0.
 313  0.
 314  0.
 315  0.
 316  0.
 317  0.
 318  0.
 319  0.
 320  0.
 321  0.
 322  0.
 323  0.
 324  0.
 325  0.
 326  0.
 327  0.
 328  0.
 329  0.
 330  0.
 331  0.
 332  0.
 333  0.
 334  0.
 335  0.
 336  0.
 337  0.
 338  0.
 339  0.
 340  0.
 341  0.
 342  0.
 343  0.
 344  0.
 345  0.
 346  0.
 347  0.
 348  0.
 349  0.
 350  0.
 351  0.
 352  0.
 353  0.
 354  0.
 355  0.
 356  0.
 357  0.
 358  0.
 359  0.
 360  0.
 361  0.
 362  0.
 363  0.
 364  0.
 365  0.
 366  0.
 367  0.
 368  0.
 369  0.
 370  0.
 371  0.
 372  0.
 373  0.
 374  0.
 375  0.
 376  0.
 377  0.
 378  0.
 379  0.
 380  0.
 381  0.
 382  0.
 383  0.
 384  0.
 385  0.
 386  0.
 387  0.
 388  0.
 389  0.
 390  0.
 391  0.
 392  0.
 393  0.
 394  0.
 395  0.
 396  0.
 397  0.
 398  0.
 399  0.
 400  0.
 401  0.
 402  0.
 403  0.
 404  0.
 405  0.
 406  0.
 407  0.
 408  0.
 409  0.
 410  0.
 411  0.
 412  0.
 413  0.
 414  0.
 415  0.
 416  0.
 417  0.
 418  0.
 419  0.
 420  0.
 421  0.
 422  0.
 423  0.
 424  0.
 425  0.
 426  0.
 427  0.
 428  0.
 429  0.
 430  0.
 431  0.
 432  0.
 433  0.
 434  0.
 435  0.
 436  0.
 437  0.
 438  0.
 439  0.
 440  0.
 441  0.
 442  0.
 443  0.
 444  0.
 445  0.
 446  0.
 447  0.
 448  0.
 449  0.
 450  0.
 451  0.
 452  0.
 453  0.
 454  0.
 455  0.
 456  0.
 457  0.
 458  0.
 459  0.
 460  0.
 461  0.
 462  0.
 463  0.
 464  0.
 465  0.
 466  0.
 467  0.
 468  0.
 469  0.
 470  0.
 471  0.
 472  0.
 473  0.
 474  0.
 475  0.
 476  0.
 477  0.
 478  0.
 479  0.
 480  0.
 481  0.
 482  0.
 483  0.
 484  0.
 485  0.
 486  0.
 487  0.
 488  0.
 489  0.
 490  0.
 491  0.
 492  0.
 493  0.
 494  0.
 495  0.
 496  0.
 497  0.
 498  0.
 499  0.
 500  0.

 1  0.
 2  0.
 3  0.
 4  0.
 5  0.
 6  0.
 7  0.
 8  0.
 9  0.
 10  0.
 11  0.
 12  0.
 13  0.
 14  0.
 15  0.
 16  0.
 17  0.
 18  0.
 19  0.
 20  0.
 21  0.
 22  0.
 23  0.
 24  0.
 25  0.
 26  0.
 27  0.
 28  0.
 29  0.
 30  0.
 31  0.
 32  0.
 33  0.
 34  0.
 35  0.
 36  0.
 37  0.
 38  0.
 39  0.
 40  0.
 41  0.
 42  0.
 43  0.
 44  0.
 45  0.
 46  0.
 47  0.
 48  0.
 49  0.
 50  0.
 51  0.
 52  0.
 53  0.
 54  0.
 55  0.
 56  0.
 57  0.
 58  0.
 59  0.
 60  0.
 61  0.
 62  0.
 63  0.
 64  0.
 65  0.
 66  0.
 67  0.
 68  0.
 69  0.
 70  0.
 71  0.
 72  0.
 73  0.
 74  0.
 75  0.
 76  0.
 77  0.
 78  0.
 79  0.
 80  0.
 81  0.
 82  0.
 83  0.
 84  0.
 85  0.
 86  0.
 87  0.
 88  0.
 89  0.
 90  0.
 91  0.
 92  0.
 93  0.
 94  0.
 95  0.
 96  0.
 97  0.
 98  0.
 99  0.
 100  0.
 101  0.
 102  0.
 103  0.
 104  0.
 105  0.
 106  0.
 107  0.
 108  0.
 109  0.
 110  0.
 111  0.
 112  0.
 113  0.
 114  0.
 115  0.
 116  0.
 117  0.
 118  0.
 119  0.
 120  0.
 121  0.
 122  0.
 123  0.
 124  0.
 125  0.
 126  0.
 127  0.
 128  0.
 129  0.
 130  0.
 131  0.
 132  0.
 133  0.
 134  0.
 135  0.
 136  0.
 137  0.
 138  0.
 139  0.
 140  0.
 141  0.
 142  0.
 143  0.
 144  0.
 145  0.
 146  0.
 147  0.
 148  0.
 149  0.
 150  0.
 151  0.
 152  0.
 153  0.
 154  0.
 155  0.
 156  0.
 157  0.
 158  0.
 159  0.
 160  0.
 161  0.
 162  0.
 163  0.
 164  0.
 165  0.
 166  0.
 167  0.
 168  0.
 169  0.
 170  0.
 171  0.
 172  0.
 173  0.
 174  0.
 175  0.
 176  0.
 177  0.
 178  0.
 179  0.
 180  0.
 181  0.
 182  0.
 183  0.
 184  0.
 185  0.
 186  0.
 187  0.
 188  0.
 189  0.
 190  0.
 191  0.
 192  0.
 193  0.
 194  0.
 195  0.
 196  0.
 197  0.
 198  0.
 199  0.
 200  0.
 201  0.
 202  0.
 203  0.
 204  0.
 205  0.
 206  0.
 207  0.
 208  0.
 209  0.
 210  0.
 211  0.
 212  0.
 213  0.
 214  0.
 215  0.
 216  0.
 217  0.
 218  0.
 219  0.
 220  0.
 221  0.
 222  0.
 223  0.
 224  0.
 225  0.
 226  0.
 227  0.
 228  0.
 229  0.
 230  0.
 231  0.
 232  0.
 233  0.
 234  0.
 235  0.
 236  0.
 237  0.
 238  0.
 239  0.
 240  0.
 241  0.
 242  0.
 243  0.
 244  0.
 245  0.
 246  0.
 247  0.
 248  0.
 249  0.
 250  0.
 251  0.
 252  0.
 253  0.
 254  0.
 255  0.
 256  0.
 257  0.
 258  0.
 259  0.
 260  0.
 261  0.
 262  0.
 263  0.
 264  0.
 265  0.
 266  0.
 267  0.
 268  0.
 269  0.
 270  0.
 271  0.
 272  0.
 273  0.
 274  0.
 275  0.
 276  0.
 277  0.
 278  0.
 279  0.
 280  0.
 281  0.
 282  0.
 283  0.
 284  0.
 285  0.
 286  0.
 287  0.
 288  0.
 289  0.
 290  0.
 291  0.
 292  0.
 293  0.
 294  0.
 295  0.
 296  0.
 297  0.
 298  0.
 299  0.
 300  0.
 301  0.
 302  0.
 303  0.
 304  0.
 305  0.
 306  0.
 307  0.
 308  0.
 309  0.
 310  0.
 311  0.
 312  0.
 313  0.
 314  0.
 315  0.
 316  0.
 317  0.
 318  0.
 319  0.
 320  0.
 321  0.
 322  0.
 323  0.
 324  0.
 325  0.
 326  0.
 327  0.
 328  0.
 329  0.
 330  0.
 331  0.
 332  0.
 333  0.
 334  0.
 335  0.
 336  0.
 337  0.
 338  0.
 339  0.
 340  0.
 341  0.
 342  0.
 343  0.
 344  0.
 345  0.
 346  0.
 347  0.
 348  0.
 349  0.
 350  0.
 351  0.
 352  0.
 353  0.
 354  0.
 355  0.
 356  0.
 357  0.
 358  0.
 359  0.
 360  0.
 361  0.
 362  0.
 363  0.
 364  0.
 365  0.
 366  0.
 367  0.
 368  0.
 369  0.
 370  0.
 371  0.
 372  0.
 373  0.
 374  0.
 375  0.
 376  0.
 377  0.
 378  0.
 379  0.
 380  0.
 381  0.
 382  0.
 383  0.
 384  0.
 385  0.
 386  0.
 387  0.
 388  0.
 389  0.
 390  0.
 391  0.
 392  0.
 393  0.
 394  0.
 395  0.
 396  0.
 397  0.
 398  0.
 399  0.
 400  0.
 401  0.
 402  0.
 403  0.
 404  0.
 405  0.
 406  0.
 407  0.
 408  0.
 409  0.
 410  0.
 411  0.
 412  0.
 413  0.
 414  0.
 415  0.
 416  0.
 417  0.
 418  0.
 419  0.
 420  0.
 421  0.
 422  0.
 423  0.
 424  0.
 425  0.
 426  0.
 427  0.
 428  0.
 429  0.
 430  0.
 431  0.
 432  0.
 433  0.
 434  0.
 435  0.
 436  0.
 437  0.
 438  0.
 439  0.
 440  0.
 441  0.
 442  0.
 443  0.
 444  0.
 445  0.
 446  0.
 447  0.
 448  0.
 449  0.
 450  0.
 451  0.
 452  0.
 453  0.
 454  0.
 455  0.
 456  0.
 457  0.
 458  0.
 459  0.
 460  0.
 461  0.
 462  0.
 463  0.
 464  0.
 465  0.
 466  0.
 467  0.
 468  0.
 469  0.
 470  0.
 471  0.
 472  0.
 473  0.
 474  0.
 475  0.
 476  0.
 477  0.
 478  0.
 479  0.
 480  0.
 481  0.
 482  0.
 483  0.
 484  0.
 485  0.
 486  0.
 487  0.
 488  0.
 489  0.
 490  0.
 491  0.
 492  0.
 493  0.
 494  0.
 495  0.
 496  0.
 497  0.
 498  0.
 499  0.
 500  0.

 1  0.
 2  0.
 3  0.
 4  0.
 5  0.
 6  0.
 7  0.
 8  0.
 9  0.
 10  0.
 11  0.
 12  0.
 13  0.
 14  0.
 15  0.
 16  0.
 17  0.
 18  0.
 19  0.
 20  0.
 21  0.
 22  0.
 23  0.
 24  0.
 25  0.
 26  0.
 27  0.
 28  0.
 29  0.
 30  0.
 31  0.
 32  0.
 33  0.
 34  0.
 35  0.
 36  0.
 37  0.
 38  0.
 39  0.
 40  0.
 41  0.
 42  0.
 43  0.
 44  0.
 45  0.
 46  0.
 47  0.
 48  0.
 49  0.
 50  0.
 51  0.
 52  0.
 53  0.
 54  0.
 55  0.
 56  0.
 57  0.
 58  0.
 59  0.
 60  0.
 61  0.
 62  0.
 63  0.
 64  0.
 65  0.
 66  0.
 67  0.
 68  0.
 69  0.
 70  0.
 71  0.
 72  0.
 73  0.
 74  0.
 75  0.
 76  0.
 77  0.
 78  0.
 79  0.
 80  0.
 81  0.
 82  0.
 83  0.
 84  0.
 85  0.
 86  0.
 87  0.
 88  0.
 89  0.
 90  0.
 91  0.
 92  0.
 93  0.
 94  0.
 95  0.
 96  0.
 97  0.
 98  0.
 99  0.
 100  0.
 101  0.
 102  0.
 103  0.
 104  0.
 105  0.
 106  0.
 107  0.
 108  0.
 109  0.
 110  0.
 111  0.
 112  0.
 113  0.
 114  0.
 115  0.
 116  0.
 117  0.
 118  0.
 119  0.
 120  0.
 121  0.
 122  0.
 123  0.
 124  0.
 125  0.
 126  0.
 127  0.
 128  0.
 129  0.
 130  0.
 131  0.
 132  0.
 133  0.
 134  0.
 135  0.
 136  0.
 137  0.
 138  0.
 139  0.
 140  0.
 141  0.
 142  0.
 143  0.
 144  0.
 145  0.
 146  0.
 147  0.
 148  0.
 149  0.
 150  0.
 151  0.
 152  0.
 153  0.
 154  0.
 155  0.
 156  0.
 157  0.
 158  0.
 159  0.
 160  0.
 161  0.
 162  0.
 163  0.
 164  0.
 165  0.
 166  0.
 167  0.
 168  0.
 169  0.
 170  0.
 171  0.
 172  0.
 173  0.
 174  0.
 175  0.
 176  0.
 177  0.
 178  0.
 179  0.
 180  0.
 181  0.
 182  0.
 183  0.
 184  0.
 185  0.
 186  0.
 187  0.
 188  0.
 189  0.
 190  0.
 191  0.
 192  0.
 193  0.
 194  0.
 195  0.
 196  0.
 197  0.
 198  0.
 199  0.
 200  0.
 201  0.
 202  0.
 203  0.
 204  0.
 205  0.
 206  0.
 207  0.
 208  0.
 209  0.
 210  0.
 211  0.
 212  0.
 213  0.
 214  0.
 215  0.
 216  0.
 217  0.
 218  0.
 219  0.
 220  0.
 221  0.
 222  0.
 223  0.
 224  0.
 225  0.
 226  0.
 227  0.
 228  0.
 229  0.
 230  0.
 231  0.
 232  0.
 233  0.
 234  0.
 235  0.
 236  0.
 237  0.
 238  0.
 239  0.
 240  0.
 241  0.
 242  0.
 243  0.
 244  0.
 245  0.
 246  0.
 247  0.
 248  0.
 249  0.
 250  0.
 251  0.
 252  0.
 253  0.
 254  0.
 255  0.
 256  0.
 257  0.
 258  0.
 259  0.
 260  0.
 261  0.
 262  0.
 263  0.
 264  0.
 265  0.
 266  0.
 267  0.
 268  0.
 269  0.
 270  0.
 271  0.
 272  0.
 273  0.
 274  0.
 275  0.
 276  0.
 277  0.
 278  0.
 279  0.
 280  0.
 281  0.
 282  0.
 283  0.
 284  0.
 285  0.
 286  0.
 287  0.
 288  0.
 289  0.
 290  0.
 291  0.
 292  0.
 293  0.
 294  0.
 295  0.
 296  0.
 297  0.
 298  0.
 299  0.
 300  0.
 301  0.
 302  0.
 303  0.
 304  0.
 305  0.
 306  0.
 307  0.
 308  0.
 309  0.
 310  0.
 311  0.
 312  0.
 313  0.
 314  0.
 315  0.
 316  0.
 317  0.
 318  0.
 319  0.
 320  0.
 321  0.
 322  0.
 323  0.
 324  0.
 325  0.
 326  0.
 327  0.
 328  0.
 329  0.
 330  0.
 331  0.
 332  0.
 333  0.
 334  0.
 335  0.
 336  0.
 337  0.
 338  0.
 339  0.
 340  0.
 341  0.
 342  0.
 343  0.
 344  0.
 345  0.
 346  0.
 347  0.
 348  0.
 349  0.
 350  0.
 351  0.
 352  0.
 353  0.
 354  0.
 355  0.
 356  0.
 357  0.
 358  0.
 359  0.
 360  0.
 361  0.
 362  0.
 363  0.
 364  0.
 365  0.
 366  0.
 367  0.
 368  0.
 369  0.
 370  0.
 371  0.
 372  0.
 373  0.
 374  0.
 375  0.
 376  0.
 377  0.
 378  0.
 379  0.
 380  0.
 381  0.
 382  0.
 383  0.
 384  0.
 385  0.
 386  0.
 387  0.
 388  0.
 389  0.
 390  0.
 391  0.
 392  0.
 393  0.
 394  0.
 395  0.
 396  0.
 397  0.
 398  0.
 399  0.
 400  0.
 401  0.
 402  0.
 403  0.
 404  0.
 405  0.
 406  0.
 407  0.
 408  0.
 409  0.
 410  0.
 411  0.
 412  0.
 413  0.
 414  0.
 415  0.
 416  0.
 417  0.
 418  0.
 419  0.
 420  0.
 421  0.
 422  0.
 423  0.
 424  0.
 425  0.
 426  0.
 427  0.
 428  0.
 429  0.
 430  0.
 431  0.
 432  0.
 433  0.
 434  0.
 435  0.
 436  0.
 437  0.
 438  0.
 439  0.
 440  0.
 441  0.
 442  0.
 443  0.
 444  0.
 445  0.
 446  0.
 447  0.
 448  0.
 449  0.
 450  0.
 451  0.
 452  0.
 453  0.
 454  0.
 455  0.
 456  0.
 457  0.
 458  0.
 459  0.
 460  0.
 461  0.
 462  0.
 463  0.
 464  0.
 465  0.
 466  0.
 467  0.
 468  0.
 469  0.
 470  0.
 471  0.
 472  0.
 473  0.
 474  0.
 475  0.
 476  0.
 477  0.
 478  0.
 479  0.
 480  0.
 481  0.
 482  0.
 483  0.
 484  0.
 485  0.
 486  0.
 487  0.
 488  0.
 489  0.
 490  0.
 491  0.
 492  0.
 493  0.
 494  0.
 495  0.
 496  0.
 497  0.
 498  0.
 499  0.
 500  0.

 1  0.
 2  0.
 3  0.
 4  0.
 5  0.
 6  0.
 7  0.
 8  0.
 9  0.
 10  0.
 11  0.
 12  0.
 13  0.
 14  0.
 15  0.
 16  0.
 17  0.
 18  0.
 19  0.
 20  0.
 21  0.
 22  0.
 23  0.
 24  0.
 25  0.
 26  0.
 27  0.
 28  0.
 29  0.
 30  0.
 31  0.
 32  0.
 33  0.
 34  0.
 35  0.
 36  0.
 37  0.
 38  0.
 39  0.
 40  0.
 41  0.
 42  0.
 43  0.
 44  0.
 45  0.
 46  0.
 47  0.
 48  0.
 49  0.
 50  0.
 51  0.
 52  0.
 53  0.
 54  0.
 55  0.
 56  0.
 57  0.
 58  0.
 59  0.
 60  0.
 61  0.
 62  0.
 63  0.
 64  0.
 65  0.
 66  0.
 67  0.
 68  0.
 69  0.
 70  0.
 71  0.
 72  0.
 73  0.
 74  0.
 75  0.
 76  0.
 77  0.
 78  0.
 79  0.
 80  0.
 81  0.
 82  0.
 83  0.
 84  0.
 85  0.
 86  0.
 87  0.
 88  0.
 89  0.
 90  0.
 91  0.
 92  0.
 93  0.
 94  0.
 95  0.
 96  0.
 97  0.
 98  0.
 99  0.
 100  0.
 101  0.
 102  0.
 103  0.
 104  0.
 105  0.
 106  0.
 107  0.
 108  0.
 109  0.
 110  0.
 111  0.
 112  0.
 113  0.
 114  0.
 115  0.
 116  0.
 117  0.
 118  0.
 119  0.
 120  0.
 121  0.
 122  0.
 123  0.
 124  0.
 125  0.
 126  0.
 127  0.
 128  0.
 129  0.
 130  0.
 131  0.
 132  0.
 133  0.
 134  0.
 135  0.
 136  0.
 137  0.
 138  0.
 139  0.
 140  0.
 141  0.
 142  0.
 143  0.
 144  0.
 145  0.
 146  0.
 147  0.
 148  0.
 149  0.
 150  0.
 151  0.
 152  0.
 153  0.
 154  0.
 155  0.
 156  0.
 157  0.
 158  0.
 159  0.
 160  0.
 161  0.
 162  0.
 163  0.
 164  0.
 165  0.
 166  0.
 167  0.
 168  0.
 169  0.
 170  0.
 171  0.
 172  0.
 173  0.
 174  0.
 175  0.
 176  0.
 177  0.
 178  0.
 179  0.
 180  0.
 181  0.
 182  0.
 183  0.
 184  0.
 185  0.
 186  0.
 187  0.
 188  0.
 189  0.
 190  0.
 191  0.
 192  0.
 193  0.
 194  0.
 195  0.
 196  0.
 197  0.
 198  0.
 199  0.
 200  0.
 201  0.
 202  0.
 203  0.
 204  0.
 205  0.
 206  0.
 207  0.
 208  0.
 209  0.
 210  0.
 211  0.
 212  0.
 213  0.
 214  0.
 215  0.
 216  0.
 217  0.
 218  0.
 219  0.
 220  0.
 221  0.
 222  0.
 223  0.
 224  0.
 225  0.
 226  0.
 227  0.
 228  0.
 229  0.
 230  0.
 231  0.
 232  0.
 233  0.
 234  0.
 235  0.
 236  0.
 237  0.
 238  0.
 239  0.
 240  0.
 241  0.
 242  0.
 243  0.
 244  0.
 245  0.
 246  0.
 247  0.
 248  0.
 249  0.
 250  0.
 251  0.
 252  0.
 253  0.
 254  0.
 255  0.
 256  0.
 257  0.
 258  0.
 259  0.
 260  0.
 261  0.
 262  0.
 263  0.
 264  0.
 265  0.
 266  0.
 267  0.
 268  0.
 269  0.
 270  0.
 271  0.
 272  0.
 273  0.
 274  0.
 275  0.
 276  0.
 277  0.
 278  0.
 279  0.
 280  0.
 281  0.
 282  0.
 283  0.
 284  0.
 285  0.
 286  0.
 287  0.
 288  0.
 289  0.
 290  0.
 291  0.
 292  0.
 293  0.
 294  0.
 295  0.
 296  0.
 297  0.
 298  0.
 299  0.
 300  0.
 301  0.
 302  0.
 303  0.
 304  0.
 305  0.
 306  0.
 307  0.
 308  0.
 309  0.
 310  0.
 311  0.
 312  0.
 313  0.
 314  0.
 315  0.
 316  0.
 317  0.
 318  0.
 319  0.
 320  0.
 321  0.
 322  0.
 323  0.
 324  0.
 325  0.
 326  0.
 327  0.
 328  0.
 329  0.
 330  0.
 331  0.
 332  0.
 333  0.
 334  0.
 335  0.
 336  0.
 337  0.
 338  0.
 339  0.
 340  0.
 341  0.
 342  0.
 343  0.
 344  0.
 345  0.
 346  0.
 347  0.
 348  0.
 349  0.
 350  0.
 351  0.
 352  0.
 353  0.
 354  0.
 355  0.
 356  0.
 357  0.
 358  0.
 359  0.
 360  0.
 361  0.
 362  0.
 363  0.
 364  0.
 365  0.
 366  0.
 367  0.
 368  0.
 369  0.
 370  0.
 371  0.
 372  0.
 373  0.
 374  0.
 375  0.
 376  0.
 377  0.
 378  0.
 379  0.
 380  0.
 381  0.
 382  0.
 383  0.
 384  0.
 385  0.
 386  0.
 387  0.
 388  0.
 389  0.
 390  0.
 391  0.
 392  0.
 393  0.
 394  0.
 395  0.
 396  0.
 397  0.
 398  0.
 399  0.
 400  0.
 401  0.
 402  0.
 403  0.
 404  0.
 405  0.
 406  0.
 407  0.
 408  0.
 409  0.
 410  0.
 411  0.
 412  0.
 413  0.
 414  0.
 415  0.
 416  0.
 417  0.
 418  0.
 419  0.
 420  0.
 421  0.
 422  0.
 423  0.
 424  0.
 425  0.
 426  0.
 427  0.
 428  0.
 429  0.
 430  0.
 431  0.
 432  0.
 433  0.
 434  0.
 435  0.
 436  0.
 437  0.
 438  0.
 439  0.
 440  0.
 441  0.
 442  0.
 443  0.
 444  0.
 445  0.
 446  0.
 447  0.
 448  0.
 449  0.
 450  0.
 451  0.
 452  0.
 453  0.
 454  0.
 455  0.
 456  0.
 457  0.
 458  0.
 459  0.
 460  0.
 461  0.
 462  0.
 463  0.
 464  0.
 465  0.
 466  0.
 467  0.
 468  0.
 469  0.
 470  0.
 471  0.
 472  0.
 473  0.
 474  0.
 475  0.
 476  0.
 477  0.
 478  0.
 479  0.
 480  0.
 481  0.
 482  0.
 483  0.
 484  0.
 485  0.
 486  0.
 487  0.
 488  0.
 489  0.
 490  0.
 491  0.
 492  0.
 493  0.
 494  0.
 495  0.
 496  0.
 497  0.
 498  0.
 499  0.
 500  0.

 1  0.
 2  0.
 3  0.
 4  0.
 5  0.
 6  0.
 7  0.
 8  0.
 9  0.
 10  0.
 11  0.
 12  0.
 13  0.
 14  0.
 15  0.
 16  0.
 17  0.
 18  0.
 19  0.
 20  0.
 21  0.
 22  0.
 23  0.
 24  0.
 25  0.
 26  0.
 27  0.
 28  0.
 29  0.
 30  0.
 31  0.
 32  0.
 33  0.
 34  0.
 35  0.
 36  0.
 37  0.
 38  0.
 39  0.
 40  0.
 41  0.
 42  0.
 43  0.
 44  0.
 45  0.
 46  0.
 47  0.
 48  0.
 49  0.
 50  0.
 51  0.
 52  0.
 53  0.
 54  0.
 55  0.
 56  0.
 57  0.
 58  0.
 59  0.
 60  0.
 61  0.
 62  0.
 63  0.
 64  0.
 65  0.
 66  0.
 67  0.
 68  0.
 69  0.
 70  0.
 71  0.
 72  0.
 73  0.
 74  0.
 75  0.
 76  0.
 77  0.
 78  0.
 79  0.
 80  0.
 81  0.
 82  0.
 83  0.
 84  0.
 85  0.
 86  0.
 87  0.
 88  0.
 89  0.
 90  0.
 91  0.
 92  0.
 93  0.
 94  0.
 95  0.
 96  0.
 97  0.
 98  0.
 99  0.
 100  0.
 101  0.
 102  0.
 103  0.
 104  0.
 105  0.
 106  0.
 107  0.
 108  0.
 109  0.
 110  0.
 111  0.
 112  0.
 113  0.
 114  0.
 115  0.
 116  0.
 117  0.
 118  0.
 119  0.
 120  0.
 121  0.
 122  0.
 123  0.
 124  0.
 125  0.
 126  0.
 127  0.
 128  0.
 129  0.
 130  0.
 131  0.
 132  0.
 133  0.
 134  0.
 135  0.
 136  0.
 137  0.
 138  0.
 139  0.
 140  0.
 141  0.
 142  0.
 143  0.
 144  0.
 145  0.
 146  0.
 147  0.
 148  0.
 149  0.
 150  0.
 151  0.
 152  0.
 153  0.
 154  0.
 155  0.
 156  0.
 157  0.
 158  0.
 159  0.
 160  0.
 161  0.
 162  0.
 163  0.
 164  0.
 165  0.
 166  0.
 167  0.
 168  0.
 169  0.
 170  0.
 171  0.
 172  0.
 173  0.
 174  0.
 175  0.
 176  0.
 177  0.
 178  0.
 179  0.
 180  0.
 181  0.
 182  0.
 183  0.
 184  0.
 185  0.
 186  0.
 187  0.
 188  0.
 189  0.
 190  0.
 191  0.
 192  0.
 193  0.
 194  0.
 195  0.
 196  0.
 197  0.
 198  0.
 199  0.
 200  0.
 201  0.
 202  0.
 203  0.
 204  0.
 205  0.
 206  0.
 207  0.
 208  0.
 209  0.
 210  0.
 211  0.
 212  0.
 213  0.
 214  0.
 215  0.
 216  0.
 217  0.
 218  0.
 219  0.
 220  0.
 221  0.
 222  0.
 223  0.
 224  0.
 225  0.
 226  0.
 227  0.
 228  0.
 229  0.
 230  0.
 231  0.
 232  0.
 233  0.
 234  0.
 235  0.
 236  0.
 237  0.
 238  0.
 239  0.
 240  0.
 241  0.
 242  0.
 243  0.
 244  0.
 245  0.
 246  0.
 247  0.
 248  0.
 249  0.
 250  0.
 251  0.
 252  0.
 253  0.
 254  0.
 255  0.
 256  0.
 257  0.
 258  0.
 259  0.
 260  0.
 261  0.
 262  0.
 263  0.
 264  0.
 265  0.
 266  0.
 267  0.
 268  0.
 269  0.
 270  0.
 271  0.
 272  0.
 273  0.
 274  0.
 275  0.
 276  0.
 277  0.
 278  0.
 279  0.
 280  0.
 281  0.
 282  0.
 283  0.
 284  0.
 285  0.
 286  0.
 287  0.
 288  0.
 289  0.
 290  0.
 291  0.
 292  0.
 293  0.
 294  0.
 295  0.
 296  0.
 297  0.
 298  0.
 299  0.
 300  0.
 301  0.
 302  0.
 303  0.
 304  0.
 305  0.
 306  0.
 307  0.
 308  0.
 309  0.
 310  0.
 311  0.
 312  0.
 313  0.
 314  0.
 315  0.
 316  0.
 317  0.
 318  0.
 319  0.
 320  0.
 321  0.
 322  0.
 323  0.
 324  0.
 325  0.
 326  0.
 327  0.
 328  0.
 329  0.
 330  0.
 331  0.
 332  0.
 333  0.
 334  0.
 335  0.
 336  0.
 337  0.
 338  0.
 339  0.
 340  0.
 341  0.
 342  0.
 343  0.
 344  0.
 345  0.
 346  0.
 347  0.
 348  0.
 349  0.
 350  0.
 351  0.
 352  0.
 353  0.
 354  0.
 355  0.
 356  0.
 357  0.
 358  0.
 359  0.
 360  0.
 361  0.
 362  0.
 363  0.
 364  0.
 365  0.
 366  0.
 367  0.
 368  0.
 369  0.
 370  0.
 371  0.
 372  0.
 373  0.
 374  0.
 375  0.
 376  0.
 377  0.
 378  0.
 379  0.
 380  0.
 381  0.
 382  0.
 383  0.
 384  0.
 385  0.
 386  0.
 387  0.
 388  0.
 389  0.
 390  0.
 391  0.
 392  0.
 393  0.
 394  0.
 395  0.
 396  0.
 397  0.
 398  0.
 399  0.
 400  0.
 401  0.
 402  0.
 403  0.
 404  0.
 405  0.
 406  0.
 407  0.
 408  0.
 409  0.
 410  0.
 411  0.
 412  0.
 413  0.
 414  0.
 415  0.
 416  0.
 417  0.
 418  0.
 419  0.
 420  0.
 421  0.
 422  0.
 423  0.
 424  0.
 425  0.
 426  0.
 427  0.
 428  0.
 429  0.
 430  0.
 431  0.
 432  0.
 433  0.
 434  0.
 435  0.
 436  0.
 437  0.
 438  0.
 439  0.
 440  0.
 441  0.
 442  0.
 443  0.
 444  0.
 445  0.
 446  0.
 447  0.
 448  0.
 449  0.
 450  0.
 451  0.
 452  0.
 453  0.
 454  0.
 455  0.
 456  0.
 457  0.
 458  0.
 459  0.
 460  0.
 461  0.
 462  0.
 463  0.
 464  0.
 465  0.
 466  0.
 467  0.
 468  0.
 469  0.
 470  0.
 471  0.
 472  0.
 473  0.
 474  0.
 475  0.
 476  0.
 477  0.
 478  0.
 479  0.
 480  0.
 481  0.
 482  0.
 483  0.
 484  0.
 485  0.
 486  0.
 487  0.
 488  0.
 489  0.
 490  0.
 491  0.
 492  0.
 493  0.
 494  0.
 495  0.
 496  0.
 497  0.
 498  0.
 499  0.
 500  0.

 1  0.
 2  0.
 3  0.
 4  0.
 5  0.
 6  0.
 7  0.
 8  0.
 9  0.
 10  0.
 11  0.
 12  0.
 13  0.
 14  0.
 15  0.
 16  0.
 17  0.
 18  0.
 19  0.
 20  0.
 21  0.
 22  0.
 23  0.
 24  0.
 25  0.
 26  0.
 27  0.
 28  0.
 29  0.
 30  0.
 31  0.
 32  0.
 33  0.
 34  0.
 35  0.
 36  0.
 37  0.
 38  0.
 39  0.
 40  0.
 41  0.
 42  0.
 43  0.
 44  0.
 45  0.
 46  0.
 47  0.
 48  0.
 49  0.
 50  0.
 51  0.
 52  0.
 53  0.
 54  0.
 55  0.
 56  0.
 57  0.
 58  0.
 59  0.
 60  0.
 61  0.
 62  0.
 63  0.
 64  0.
 65  0.
 66  0.
 67  0.
 68  0.
 69  0.
 70  0.
 71  0.
 72  0.
 73  0.
 74  0.
 75  0.
 76  0.
 77  0.
 78  0.
 79  0.
 80  0.
 81  0.
 82  0.
 83  0.
 84  0.
 85  0.
 86  0.
 87  0.
 88  0.
 89  0.
 90  0.
 91  0.
 92  0.
 93  0.
 94  0.
 95  0.
 96  0.
 97  0.
 98  0.
 99  0.
 100  0.
 101  0.
 102  0.
 103  0.
 104  0.
 105  0.
 106  0.
 107  0.
 108  0.
 109  0.
 110  0.
 111  0.
 112  0.
 113  0.
 114  0.
 115  0.
 116  0.
 117  0.
 118  0.
 119  0.
 120  0.
 121  0.
 122  0.
 123  0.
 124  0.
 125  0.
 126  0.
 127  0.
 128  0.
 129  0.
 130  0.
 131  0.
 132  0.
 133  0.
 134  0.
 135  0.
 136  0.
 137  0.
 138  0.
 139  0.
 140  0.
 141  0.
 142  0.
 143  0.
 144  0.
 145  0.
 146  0.
 147  0.
 148  0.
 149  0.
 150  0.
 151  0.
 152  0.
 153  0.
 154  0.
 155  0.
 156  0.
 157  0.
 158  0.
 159  0.
 160  0.
 161  0.
 162  0.
 163  0.
 164  0.
 165  0.
 166  0.
 167  0.
 168  0.
 169  0.
 170  0.
 171  0.
 172  0.
 173  0.
 174  0.
 175  0.
 176  0.
 177  0.
 178  0.
 179  0.
 180  0.
 181  0.
 182  0.
 183  0.
 184  0.
 185  0.
 186  0.
 187  0.
 188  0.
 189  0.
 190  0.
 191  0.
 192  0.
 193  0.
 194  0.
 195  0.
 196  0.
 197  0.
 198  0.
 199  0.
 200  0.
 201  0.
 202  0.
 203  0.
 204  0.
 205  0.
 206  0.
 207  0.
 208  0.
 209  0.
 210  0.
 211  0.
 212  0.
 213  0.
 214  0.
 215  0.
 216  0.
 217  0.
 218  0.
 219  0.
 220  0.
 221  0.
 222  0.
 223  0.
 224  0.
 225  0.
 226  0.
 227  0.
 228  0.
 229  0.
 230  0.
 231  0.
 232  0.
 233  0.
 234  0.
 235  0.
 236  0.
 237  0.
 238  0.
 239  0.
 240  0.
 241  0.
 242  0.
 243  0.
 244  0.
 245  0.
 246  0.
 247  0.
 248  0.
 249  0.
 250  0.
 251  0.
 252  0.
 253  0.
 254  0.
 255  0.
 256  0.
 257  0.
 258  0.
 259  0.
 260  0.
 261  0.
 262  0.
 263  0.
 264  0.
 265  0.
 266  0.
 267  0.
 268  0.
 269  0.
 270  0.
 271  0.
 272  0.
 273  0.
 274  0.
 275  0.
 276  0.
 277  0.
 278  0.
 279  0.
 280  0.
 281  0.
 282  0.
 283  0.
 284  0.
 285  0.
 286  0.
 287  0.
 288  0.
 289  0.
 290  0.
 291  0.
 292  0.
 293  0.
 294  0.
 295  0.
 296  0.
 297  0.
 298  0.
 299  0.
 300  0.
 301  0.
 302  0.
 303  0.
 304  0.
 305  0.
 306  0.
 307  0.
 308  0.
 309  0.
 310  0.
 311  0.
 312  0.
 313  0.
 314  0.
 315  0.
 316  0.
 317  0.
 318  0.
 319  0.
 320  0.
 321  0.
 322  0.
 323  0.
 324  0.
 325  0.
 326  0.
 327  0.
 328  0.
 329  0.
 330  0.
 331  0.
 332  0.
 333  0.
 334  0.
 335  0.
 336  0.
 337  0.
 338  0.
 339  0.
 340  0.
 341  0.
 342  0.
 343  0.
 344  0.
 345  0.
 346  0.
 347  0.
 348  0.
 349  0.
 350  0.
 351  0.
 352  0.
 353  0.
 354  0.
 355  0.
 356  0.
 357  0.
 358  0.
 359  0.
 360  0.
 361  0.
 362  0.
 363  0.
 364  0.
 365  0.
 366  0.
 367  0.
 368  0.
 369  0.
 370  0.
 371  0.
 372  0.
 373  0.
 374  0.
 375  0.
 376  0.
 377  0.
 378  0.
 379  0.
 380  0.
 381  0.
 382  0.
 383  0.
 384  0.
 385  0.
 386  0.
 387  0.
 388  0.
 389  0.
 390  0.
 391  0.
 392  0.
 393  0.
 394  0.
 395  0.
 396  0.
 397  0.
 398  0.
 399  0.
 400  0.
 401  0.
 402  0.
 403  0.
 404  0.
 405  0.
 406  0.
 407  0.
 408  0.
 409  0.
 410  0.
 411  0.
 412  0.
 413  0.
 414  0.
 415  0.
 416  0.
 417  0.
 418  0.
 419  0.
 420  0.
 421  0.
 422  0.
 423  0.
 424  0.
 425  0.
 426  0.
 427  0.
 428  0.
 429  0.
 430  0.
 431  0.
 432  0.
 433  0.
 434  0.
 435  0.
 436  0.
 437  0.
 438  0.
 439  0.
 440  0.
 441  0.
 442  0.
 443  0.
 444  0.
 445  0.
 446  0.
 447  0.
 448  0.
 449  0.
 450  0.
 451  0.
 452  0.
 453  0.
 454  0.
 455  0.
 456  0.
 457  0.
 458  0.
 459  0.
 460  0.
 461  0.
 462  0.
 463  0.
 464  0.
 465  0.
 466  0.
 467  0.
 468  0.
 469  0.
 470  0.
 471  0.
 472  0.
 473  0.
 474  0.
 475  0.
 476  0.
 477  0.
 478  0.
 479  0.
 480  0.
 481  0.
 482  0.
 483  0.
 484  0.
 485  0.
 486  0.
 487  0.
 488  0.
 489  0.
 490  0.
 491  0.
 492  0.
 493  0.
 494  0.
 495  0.
 496  0.
 497  0.
 498  0.
 499  0.
 500  0.

 1  0.
 2  0.
 3  0.
 4  0.
 5  0.
 6  0.
 7  0.
 8  0.
 9  0.
 10  0.
 11  0.
 12  0.
 13  0.
 14  0.
 15  0.
 16  0.
 17  0.
 18  0.
 19  0.
 20  0.
 21  0.
 22  0.
 23  0.
 24  0.
 25  0.
 26  0.
 27  0.
 28  0.
 29  0.
 30  0.
 31  0.
 32  0.
 33  0.
 34  0.
 35  0.
 36  0.
 37  0.
 38  0.
 39  0.
 40  0.
 41  0.
 42  0.
 43  0.
 44  0.
 45  0.
 46  0.
 47  0.
 48  0.
 49  0.
 50  0.
 51  0.
 52  0.
 53  0.
 54  0.
 55  0.
 56  0.
 57  0.
 58  0.
 59  0.
 60  0.
 61  0.
 62  0.
 63  0.
 64  0.
 65  0.
 66  0.
 67  0.
 68  0.
 69  0.
 70  0.
 71  0.
 72  0.
 73  0.
 74  0.
 75  0.
 76  0.
 77  0.
 78  0.
 79  0.
 80  0.
 81  0.
 82  0.
 83  0.
 84  0.
 85  0.
 86  0.
 87  0.
 88  0.
 89  0.
 90  0.
 91  0.
 92  0.
 93  0.
 94  0.
 95  0.
 96  0.
 97  0.
 98  0.
 99  0.
 100  0.
 101  0.
 102  0.
 103  0.
 104  0.
 105  0.
 106  0.
 107  0.
 108  0.
 109  0.
 110  0.
 111  0.
 112  0.
 113  0.
 114  0.
 115  0.
 116  0.
 117  0.
 118  0.
 119  0.
 120  0.
 121  0.
 122  0.
 123  0.
 124  0.
 125  0.
 126  0.
 127  0.
 128  0.
 129  0.
 130  0.
 131  0.
 132  0.
 133  0.
 134  0.
 135  0.
 136  0.
 137  0.
 138  0.
 139  0.
 140  0.
 141  0.
 142  0.
 143  0.
 144  0.
 145  0.
 146  0.
 147  0.
 148  0.
 149  0.
 150  0.
 151  0.
 152  0.
 153  0.
 154  0.
 155  0.
 156  0.
 157  0.
 158  0.
 159  0.
 160  0.
 161  0.
 162  0.
 163  0.
 164  0.
 165  0.
 166  0.
 167  0.
 168  0.
 169  0.
 170  0.
 171  0.
 172  0.
 173  0.
 174  0.
 175  0.
 176  0.
 177  0.
 178  0.
 179  0.
 180  0.
 181  0.
 182  0.
 183  0.
 184  0.
 185  0.
 186  0.
 187  0.
 188  0.
 189  0.
 190  0.
 191  0.
 192  0.
 193  0.
 194  0.
 195  0.
 196  0.
 197  0.
 198  0.
 199  0.
 200  0.
 201  0.
 202  0.
 203  0.
 204  0.
 205  0.
 206  0.
 207  0.
 208  0.
 209  0.
 210  0.
 211  0.
 212  0.
 213  0.
 214  0.
 215  0.
 216  0.
 217  0.
 218  0.
 219  0.
 220  0.
 221  0.
 222  0.
 223  0.
 224  0.
 225  0.
 226  0.
 227  0.
 228  0.
 229  0.
 230  0.
 231  0.
 232  0.
 233  0.
 234  0.
 235  0.
 236  0.
 237  0.
 238  0.
 239  0.
 240  0.
 241  0.
 242  0.
 243  0.
 244  0.
 245  0.
 246  0.
 247  0.
 248  0.
 249  0.
 250  0.
 251  0.
 252  0.
 253  0.
 254  0.
 255  0.
 256  0.
 257  0.
 258  0.
 259  0.
 260  0.
 261  0.
 262  0.
 263  0.
 264  0.
 265  0.
 266  0.
 267  0.
 268  0.
 269  0.
 270  0.
 271  0.
 272  0.
 273  0.
 274  0.
 275  0.
 276  0.
 277  0.
 278  0.
 279  0.
 280  0.
 281  0.
 282  0.
 283  0.
 284  0.
 285  0.
 286  0.
 287  0.
 288  0.
 289  0.
 290  0.
 291  0.
 292  0.
 293  0.
 294  0.
 295  0.
 296  0.
 297  0.
 298  0.
 299  0.
 300  0.
 301  0.
 302  0.
 303  0.
 304  0.
 305  0.
 306  0.
 307  0.
 308  0.
 309  0.
 310  0.
 311  0.
 312  0.
 313  0.
 314  0.
 315  0.
 316  0.
 317  0.
 318  0.
 319  0.
 320  0.
 321  0.
 322  0.
 323  0.
 324  0.
 325  0.
 326  0.
 327  0.
 328  0.
 329  0.
 330  0.
 331  0.
 332  0.
 333  0.
 334  0.
 335  0.
 336  0.
 337  0.
 338  0.
 339  0.
 340  0.
 341  0.
 342  0.
 343  0.
 344  0.
 345  0.
 346  0.
 347  0.
 348  0.
 349  0.
 350  0.
 351  0.
 352  0.
 353  0.
 354  0.
 355  0.
 356  0.
 357  0.
 358  0.
 359  0.
 360  0.
 361  0.
 362  0.
 363  0.
 364  0.
 365  0.
 366  0.
 367  0.
 368  0.
 369  0.
 370  0.
 371  0.
 372  0.
 373  0.
 374  0.
 375  0.
 376  0.
 377  0.
 378  0.
 379  0.
 380  0.
 381  0.
 382  0.
 383  0.
 384  0.
 385  0.
 386  0.
 387  0.
 388  0.
 389  0.
 390  0.
 391  0.
 392  0.
 393  0.
 394  0.
 395  0.
 396  0.
 397  0.
 398  0.
 399  0.
 400  0.
 401  0.
 402  0.
 403  0.
 404  0.
 405  0.
 406  0.
 407  0.
 408  0.
 409  0.
 410  0.
 411  0.
 412  0.
 413  0.
 414  0.
 415  0.
 416  0.
 417  0.
 418  0.
 419  0.
 420  0.
 421  0.
 422  0.
 423  0.
 424  0.
 425  0.
 426  0.
 427  0.
 428  0.
 429  0.
 430  0.
 431  0.
 432  0.
 433  0.
 434  0.
 435  0.
 436  0.
 437  0.
 438  0.
 439  0.
 440  0.
 441  0.
 442  0.
 443  0.
 444  0.
 445  0.
 446  0.
 447  0.
 448  0.
 449  0.
 450  0.
 451  0.
 452  0.
 453  0.
 454  0.
 455  0.
 456  0.
 457  0.
 458  0.
 459  0.
 460  0.
 461  0.
 462  0.
 463  0.
 464  0.
 465  0.
 466  0.
 467  0.
 468  0.
 469  0.
 470  0.
 471  0.
 472  0.
 473  0.
 474  0.
 475  0.
 476  0.
 477  0.
 478  0.
 479  0.
 480  0.
 481  0.
 482  0.
 483  0.
 484  0.
 485  0.
 486  0.
 487  0.
 488  0.
 489  0.
 490  0.
 491  0.
 492  0.
 493  0.
 494  0.
 495  0.
 496  0.
 497  0.
 498  0.
 499  0.
 500  0.

 1  0.
 2  0.
 3  0.
 4  0.
 5  0.
 6  0.
 7  0.
 8  0.
 9  0.
 10  0.
 11  0.
 12  0.
 13  0.
 14  0.
 15  0.
 16  0.
 17  0.
 18  0.
 19  0.
 20  0.
 21  0.
 22  0.
 23  0.
 24  0.
 25  0.
 26  0.
 27  0.
 28  0.
 29  0.
 30  0.
 31  0.
 32  0.
 33  0.
 34  0.
 35  0.
 36  0.
 37  0.
 38  0.
 39  0.
 40  0.
 41  0.
 42  0.
 43  0.
 44  0.
 45  0.
 46  0.
 47  0.
 48  0.
 49  0.
 50  0.
 51  0.
 52  0.
 53  0.
 54  0.
 55  0.
 56  0.
 57  0.
 58  0.
 59  0.
 60  0.
 61  0.
 62  0.
 63  0.
 64  0.
 65  0.
 66  0.
 67  0.
 68  0.
 69  0.
 70  0.
 71  0.
 72  0.
 73  0.
 74  0.
 75  0.
 76  0.
 77  0.
 78  0.
 79  0.
 80  0.
 81  0.
 82  0.
 83  0.
 84  0.
 85  0.
 86  0.
 87  0.
 88  0.
 89  0.
 90  0.
 91  0.
 92  0.
 93  0.
 94  0.
 95  0.
 96  0.
 97  0.
 98  0.
 99  0.
 100  0.
 101  0.
 102  0.
 103  0.
 104  0.
 105  0.
 106  0.
 107  0.
 108  0.
 109  0.
 110  0.
 111  0.
 112  0.
 113  0.
 114  0.
 115  0.
 116  0.
 117  0.
 118  0.
 119  0.
 120  0.
 121  0.
 122  0.
 123  0.
 124  0.
 125  0.
 126  0.
 127  0.
 128  0.
 129  0.
 130  0.
 131  0.
 132  0.
 133  0.
 134  0.
 135  0.
 136  0.
 137  0.
 138  0.
 139  0.
 140  0.
 141  0.
 142  0.
 143  0.
 144  0.
 145  0.
 146  0.
 147  0.
 148  0.
 149  0.
 150  0.
 151  0.
 152  0.
 153  0.
 154  0.
 155  0.
 156  0.
 157  0.
 158  0.
 159  0.
 160  0.
 161  0.
 162  0.
 163  0.
 164  0.
 165  0.
 166  0.
 167  0.
 168  0.
 169  0.
 170  0.
 171  0.
 172  0.
 173  0.
 174  0.
 175  0.
 176  0.
 177  0.
 178  0.
 179  0.
 180  0.
 181  0.
 182  0.
 183  0.
 184  0.
 185  0.
 186  0.
 187  0.
 188  0.
 189  0.
 190  0.
 191  0.
 192  0.
 193  0.
 194  0.
 195  0.
 196  0.
 197  0.
 198  0.
 199  0.
 200  0.
 201  0.
 202  0.
 203  0.
 204  0.
 205  0.
 206  0.
 207  0.
 208  0.
 209  0.
 210  0.
 211  0.
 212  0.
 213  0.
 214  0.
 215  0.
 216  0.
 217  0.
 218  0.
 219  0.
 220  0.
 221  0.
 222  0.
 223  0.
 224  0.
 225  0.
 226  0.
 227  0.
 228  0.
 229  0.
 230  0.
 231  0.
 232  0.
 233  0.
 234  0.
 235  0.
 236  0.
 237  0.
 238  0.
 239  0.
 240  0.
 241  0.
 242  0.
 243  0.
 244  0.
 245  0.
 246  0.
 247  0.
 248  0.
 249  0.
 250  0.
 251  0.
 252  0.
 253  0.
 254  0.
 255  0.
 256  0.
 257  0.
 258  0.
 259  0.
 260  0.
 261  0.
 262  0.
 263  0.
 264  0.
 265  0.
 266  0.
 267  0.
 268  0.
 269  0.
 270  0.
 271  0.
 272  0.
 273  0.
 274  0.
 275  0.
 276  0.
 277  0.
 278  0.
 279  0.
 280  0.
 281  0.
 282  0.
 283  0.
 284  0.
 285  0.
 286  0.
 287  0.
 288  0.
 289  0.
 290  0.
 291  0.
 292  0.
 293  0.
 294  0.
 295  0.
 296  0.
 297  0.
 298  0.
 299  0.
 300  0.
 301  0.
 302  0.
 303  0.
 304  0.
 305  0.
 306  0.
 307  0.
 308  0.
 309  0.
 310  0.
 311  0.
 312  0.
 313  0.
 314  0.
 315  0.
 316  0.
 317  0.
 318  0.
 319  0.
 320  0.
 321  0.
 322  0.
 323  0.
 324  0.
 325  0.
 326  0.
 327  0.
 328  0.
 329  0.
 330  0.
 331  0.
 332  0.
 333  0.
 334  0.
 335  0.
 336  0.
 337  0.
 338  0.
 339  0.
 340  0.
 341  0.
 342  0.
 343  0.
 344  0.
 345  0.
 346  0.
 347  0.
 348  0.
 349  0.
 350  0.
 351  0.
 352  0.
 353  0.
 354  0.
 355  0.
 356  0.
 357  0.
 358  0.
 359  0.
 360  0.
 361  0.
 362  0.
 363  0.
 364  0.
 365  0.
 366  0.
 367  0.
 368  0.
 369  0.
 370  0.
 371  0.
 372  0.
 373  0.
 374  0.
 375  0.
 376  0.
 377  0.
 378  0.
 379  0.
 380  0.
 381  0.
 382  0.
 383  0.
 384  0.
 385  0.
 386  0.
 387  0.
 388  0.
 389  0.
 390  0.
 391  0.
 392  0.
 393  0.
 394  0.
 395  0.
 396  0.
 397  0.
 398  0.
 399  0.
 400  0.
 401  0.
 402  0.
 403  0.
 404  0.
 405  0.
 406  0.
 407  0.
 408  0.
 409  0.
 410  0.
 411  0.
 412  0.
 413  0.
 414  0.
 415  0.
 416  0.
 417  0.
 418  0.
 419  0.
 420  0.
 421  0.
 422  0.
 423  0.
 424  0.
 425  0.
 426  0.
 427  0.
 428  0.
 429  0.
 430  0.
 431  0.
 432  0.
 433  0.
 434  0.
 435  0.
 436  0.
 437  0.
 438  0.
 439  0.
 440  0.
 441  0.
 442  0.
 443  0.
 444  0.
 445  0.
 446  0.
 447  0.
 448  0.
 449  0.
 450  0.
 451  0.
 452  0.
 453  0.
 454  0.
 455  0.
 456  0.
 457  0.
 458  0.
 459  0.
 460  0.
 461  0.
 462  0.
 463  0.
 464  0.
 465  0.
 466  0.
 467  0.
 468  0.
 469  0.
 470  0.
 471  0.
 472  0.
 473  0.
 474  0.
 475  0.
 476  0.
 477  0.
 478  0.
 479  0.
 480  0.
 481  0.
 482  0.
 483  0.
 484  0.
 485  0.
 486  0.
 487  0.
 488  0.
 489  0.
 490  0.
 491  0.
 492  0.
 493  0.
 494  0.
 495  0.
 496  0.
 497  0.
 498  0.
 499  0.
 500  0.

 1  0.
 2  0.
 3  0.
 4  0.
 5  0.
 6  0.
 7  0.
 8  0.
 9  0.
 10  0.
 11  0.
 12  0.
 13  0.
 14  0.
 15  0.
 16  0.
 17  0.
 18  0.
 19  0.
 20  0.
 21  0.
 22  0.
 23  0.
 24  0.
 25  0.
 26  0.
 27  0.
 28  0.
 29  0.
 30  0.
 31  0.
 32  0.
 33  0.
 34  0.
 35  0.
 36  0.
 37  0.
 38  0.
 39  0.
 40  0.
 41  0.
 42  0.
 43  0.
 44  0.
 45  0.
 46  0.
 47  0.
 48  0.
 49  0.
 50  0.
 51  0.
 52  0.
 53  0.
 54  0.
 55  0.
 56  0.
 57  0.
 58  0.
 59  0.
 60  0.
 61  0.
 62  0.
 63  0.
 64  0.
 65  0.
 66  0.
 67  0.
 68  0.
 69  0.
 70  0.
 71  0.
 72  0.
 73  0.
 74  0.
 75  0.
 76  0.
 77  0.
 78  0.
 79  0.
 80  0.
 81  0.
 82  0.
 83  0.
 84  0.
 85  0.
 86  0.
 87  0.
 88  0.
 89  0.
 90  0.
 91  0.
 92  0.
 93  0.
 94  0.
 95  0.
 96  0.
 97  0.
 98  0.
 99  0.
 100  0.
 101  0.
 102  0.
 103  0.
 104  0.
 105  0.
 106  0.
 107  0.
 108  0.
 109  0.
 110  0.
 111  0.
 112  0.
 113  0.
 114  0.
 115  0.
 116  0.
 117  0.
 118  0.
 119  0.
 120  0.
 121  0.
 122  0.
 123  0.
 124  0.
 125  0.
 126  0.
 127  0.
 128  0.
 129  0.
 130  0.
 131  0.
 132  0.
 133  0.
 134  0.
 135  0.
 136  0.
 137  0.
 138  0.
 139  0.
 140  0.
 141  0.
 142  0.
 143  0.
 144  0.
 145  0.
 146  0.
 147  0.
 148  0.
 149  0.
 150  0.
 151  0.
 152  0.
 153  0.
 154  0.
 155  0.
 156  0.
 157  0.
 158  0.
 159  0.
 160  0.
 161  0.
 162  0.
 163  0.
 164  0.
 165  0.
 166  0.
 167  0.
 168  0.
 169  0.
 170  0.
 171  0.
 172  0.
 173  0.
 174  0.
 175  0.
 176  0.
 177  0.
 178  0.
 179  0.
 180  0.
 181  0.
 182  0.
 183  0.
 184  0.
 185  0.
 186  0.
 187  0.
 188  0.
 189  0.
 190  0.
 191  0.
 192  0.
 193  0.
 194  0.
 195  0.
 196  0.
 197  0.
 198  0.
 199  0.
 200  0.
 201  0.
 202  0.
 203  0.
 204  0.
 205  0.
 206  0.
 207  0.
 208  0.
 209  0.
 210  0.
 211  0.
 212  0.
 213  0.
 214  0.
 215  0.
 216  0.
 217  0.
 218  0.
 219  0.
 220  0.
 221  0.
 222  0.
 223  0.
 224  0.
 225  0.
 226  0.
 227  0.
 228  0.
 229  0.
 230  0.
 231  0.
 232  0.
 233  0.
 234  0.
 235  0.
 236  0.
 237  0.
 238  0.
 239  0.
 240  0.
 241  0.
 242  0.
 243  0.
 244  0.
 245  0.
 246  0.
 247  0.
 248  0.
 249  0.
 250  0.
 251  0.
 252  0.
 253  0.
 254  0.
 255  0.
 256  0.
 257  0.
 258  0.
 259  0.
 260  0.
 261  0.
 262  0.
 263  0.
 264  0.
 265  0.
 266  0.
 267  0.
 268  0.
 269  0.
 270  0.
 271  0.
 272  0.
 273  0.
 274  0.
 275  0.
 276  0.
 277  0.
 278  0.
 279  0.
 280  0.
 281  0.
 282  0.
 283  0.
 284  0.
 285  0.
 286  0.
 287  0.
 288  0.
 289  0.
 290  0.
 291  0.
 292  0.
 293  0.
 294  0.
 295  0.
 296  0.
 297  0.
 298  0.
 299  0.
 300  0.
 301  0.
 302  0.
 303  0.
 304  0.
 305  0.
 306  0.
 307  0.
 308  0.
 309  0.
 310  0.
 311  0.
 312  0.
 313  0.
 314  0.
 315  0.
 316  0.
 317  0.
 318  0.
 319  0.
 320  0.
 321  0.
 322  0.
 323  0.
 324  0.
 325  0.
 326  0.
 327  0.
 328  0.
 329  0.
 330  0.
 331  0.
 332  0.
 333  0.
 334  0.
 335  0.
 336  0.
 337  0.
 338  0.
 339  0.
 340  0.
 341  0.
 342  0.
 343  0.
 344  0.
 345  0.
 346  0.
 347  0.
 348  0.
 349  0.
 350  0.
 351  0.
 352  0.
 353  0.
 354  0.
 355  0.
 356  0.
 357  0.
 358  0.
 359  0.
 360  0.
 361  0.
 362  0.
 363  0.
 364  0.
 365  0.
 366  0.
 367  0.
 368  0.
 369  0.
 370  0.
 371  0.
 372  0.
 373  0.
 374  0.
 375  0.
 376  0.
 377  0.
 378  0.
 379  0.
 380  0.
 381  0.
 382  0.
 383  0.
 384  0.
 385  0.
 386  0.
 387  0.
 388  0.
 389  0.
 390  0.
 391  0.
 392  0.
 393  0.
 394  0.
 395  0.
 396  0.
 397  0.
 398  0.
 399  0.
 400  0.
 401  0.
 402  0.
 403  0.
 404  0.
 405  0.
 406  0.
 407  0.
 408  0.
 409  0.
 410  0.
 411  0.
 412  0.
 413  0.
 414  0.
 415  0.
 416  0.
 417  0.
 418  0.
 419  0.
 420  0.
 421  0.
 422  0.
 423  0.
 424  0.
 425  0.
 426  0.
 427  0.
 428  0.
 429  0.
 430  0.
 431  0.
 432  0.
 433  0.
 434  0.
 435  0.
 436  0.
 437  0.
 438  0.
 439  0.
 440  0.
 441  0.
 442  0.
 443  0.
 444  0.
 445  0.
 446  0.
 447  0.
 448  0.
 449  0.
 450  0.
 451  0.
 452  0.
 453  0.
 454  0.
 455  0.
 456  0.
 457  0.
 458  0.
 459  0.
 460  0.
 461  0.
 462  0.
 463  0.
 464  0.
 465  0.
 466  0.
 467  0.
 468  0.
 469  0.
 470  0.
 471  0.
 472  0.
 473  0.
 474  0.
 475  0.
 476  0.
 477  0.
 478  0.
 479  0.
 480  0.
 481  0.
 482  0.
 483  0.
 484  0.
 485  0.
 486  0.
 487  0.
 488  0.
 489  0.
 490  0.
 491  0.
 492  0.
 493  0.
 494  0.
 495  0.
 496  0.
 497  0.
 498  0.
 499  0.
 500  0.

 1  0.
 2  0.
 3  0.
 4  0.
 5  0.
 6  0.
 7  0.
 8  0.
 9  0.
 10  0.
 11  0.
 12  0.
 13  0.
 14  0.
 15  0.
 16  0.
 17  0.
 18  0.
 19  0.
 20  0.
 21  0.
 22  0.
 23  0.
 24  0.
 25  0.
 26  0.
 27  0.
 28  0.
 29  0.
 30  0.
 31  0.
 32  0.
 33  0.
 34  0.
 35  0.
 36  0.
 37  0.
 38  0.
 39  0.
 40  0.
 41  0.
 42  0.
 43  0.
 44  0.
 45  0.
 46  0.
 47  0.
 48  0.
 49  0.
 50  0.
 51  0.
 52  0.
 53  0.
 54  0.
 55  0.
 56  0.
 57  0.
 58  0.
 59  0.
 60  0.
 61  0.
 62  0.
 63  0.
 64  0.
 65  0.
 66  0.
 67  0.
 68  0.
 69  0.
 70  0.
 71  0.
 72  0.
 73  0.
 74  0.
 75  0.
 76  0.
 77  0.
 78  0.
 79  0.
 80  0.
 81  0.
 82  0.
 83  0.
 84  0.
 85  0.
 86  0.
 87  0.
 88  0.
 89  0.
 90  0.
 91  0.
 92  0.
 93  0.
 94  0.
 95  0.
 96  0.
 97  0.
 98  0.
 99  0.
 100  0.
 101  0.
 102  0.
 103  0.
 104  0.
 105  0.
 106  0.
 107  0.
 108  0.
 109  0.
 110  0.
 111  0.
 112  0.
 113  0.
 114  0.
 115  0.
 116  0.
 117  0.
 118  0.
 119  0.
 120  0.
 121  0.
 122  0.
 123  0.
 124  0.
 125  0.
 126  0.
 127  0.
 128  0.
 129  0.
 130  0.
 131  0.
 132  0.
 133  0.
 134  0.
 135  0.
 136  0.
 137  0.
 138  0.
 139  0.
 140  0.
 141  0.
 142  0.
 143  0.
 144  0.
 145  0.
 146  0.
 147  0.
 148  0.
 149  0.
 150  0.
 151  0.
 152  0.
 153  0.
 154  0.
 155  0.
 156  0.
 157  0.
 158  0.
 159  0.
 160  0.
 161  0.
 162  0.
 163  0.
 164  0.
 165  0.
 166  0.
 167  0.
 168  0.
 169  0.
 170  0.
 171  0.
 172  0.
 173  0.
 174  0.
 175  0.
 176  0.
 177  0.
 178  0.
 179  0.
 180  0.
 181  0.
 182  0.
 183  0.
 184  0.
 185  0.
 186  0.
 187  0.
 188  0.
 189  0.
 190  0.
 191  0.
 192  0.
 193  0.
 194  0.
 195  0.
 196  0.
 197  0.
 198  0.
 199  0.
 200  0.
 201  0.
 202  0.
 203  0.
 204  0.
 205  0.
 206  0.
 207  0.
 208  0.
 209  0.
 210  0.
 211  0.
 212  0.
 213  0.
 214  0.
 215  0.
 216  0.
 217  0.
 218  0.
 219  0.
 220  0.
 221  0.
 222  0.
 223  0.
 224  0.
 225  0.
 226  0.
 227  0.
 228  0.
 229  0.
 230  0.
 231  0.
 232  0.
 233  0.
 234  0.
 235  0.
 236  0.
 237  0.
 238  0.
 239  0.
 240  0.
 241  0.
 242  0.
 243  0.
 244  0.
 245  0.
 246  0.
 247  0.
 248  0.
 249  0.
 250  0.
 251  0.
 252  0.
 253  0.
 254  0.
 255  0.
 256  0.
 257  0.
 258  0.
 259  0.
 260  0.
 261  0.
 262  0.
 263  0.
 264  0.
 265  0.
 266  0.
 267  0.
 268  0.
 269  0.
 270  0.
 271  0.
 272  0.
 273  0.
 274  0.
 275  0.
 276  0.
 277  0.
 278  0.
 279  0.
 280  0.
 281  0.
 282  0.
 283  0.
 284  0.
 285  0.
 286  0.
 287  0.
 288  0.
 289  0.
 290  0.
 291  0.
 292  0.
 293  0.
 294  0.
 295  0.
 296  0.
 297  0.
 298  0.
 299  0.
 300  0.
 301  0.
 302  0.
 303  0.
 304  0.
 305  0.
 306  0.
 307  0.
 308  0.
 309  0.
 310  0.
 311  0.
 312  0.
 313  0.
 314  0.
 315  0.
 316  0.
 317  0.
 318  0.
 319  0.
 320  0.
 321  0.
 322  0.
 323  0.
 324  0.
 325  0.
 326  0.
 327  0.
 328  0.
 329  0.
 330  0.
 331  0.
 332  0.
 333  0.
 334  0.
 335  0.
 336  0.
 337  0.
 338  0.
 339  0.
 340  0.
 341  0.
 342  0.
 343  0.
 344  0.
 345  0.
 346  0.
 347  0.
 348  0.
 349  0.
 350  0.
 351  0.
 352  0.
 353  0.
 354  0.
 355  0.
 356  0.
 357  0.
 358  0.
 359  0.
 360  0.
 361  0.
 362  0.
 363  0.
 364  0.
 365  0.
 366  0.
 367  0.
 368  0.
 369  0.
 370  0.
 371  0.
 372  0.
 373  0.
 374  0.
 375  0.
 376  0.
 377  0.
 378  0.
 379  0.
 380  0.
 381  0.
 382  0.
 383  0.
 384  0.
 385  0.
 386  0.
 387  0.
 388  0.
 389  0.
 390  0.
 391  0.
 392  0.
 393  0.
 394  0.
 395  0.
 396  0.
 397  0.
 398  0.
 399  0.
 400  0.
 401  0.
 402  0.
 403  0.
 404  0.
 405  0.
 406  0.
 407  0.
 408  0.
 409  0.
 410  0.
 411  0.
 412  0.
 413  0.
 414  0.
 415  0.
 416  0.
 417  0.
 418  0.
 419  0.
 420  0.
 421  0.
 422  0.
 423  0.
 424  0.
 425  0.
 426  0.
 427  0.
 428  0.
 429  0.
 430  0.
 431  0.
 432  0.
 433  0.
 434  0.
 435  0.
 436  0.
 437  0.
 438  0.
 439  0.
 440  0.
 441  0.
 442  0.
 443  0.
 444  0.
 445  0.
 446  0.
 447  0.
 448  0.
 449  0.
 450  0.
 451  0.
 452  0.
 453  0.
 454  0.
 455  0.
 456  0.
 457  0.
 458  0.
 459  0.
 460  0.
 461  0.
 462  0.
 463  0.
 464  0.
 465  0.
 466  0.
 467  0.
 468  0.
 469  0.
 470  0.
 471  0.
 472  0.
 473  0.
 474  0.
 475  0.
 476  0.
 477  0.
 478  0.
 479  0.
 480  0.
 481  0.
 482  0.
 483  0.
 484  0.
 485  0.
 486  0.
 487  0.
 488  0.
 489  0.
 490  0.
 491  0.
 492  0.
 493  0.
 494  0.
 495  0.
 496  0.
 497  0.
 498  0.
 499  0.
 500  0.

 1  0.
 2  0.
 3  0.
 4  0.
 5  0.
 6  0.
 7  0.
 8  0.
 9  0.
 10  0.
 11  0.
 12  0.
 13  0.
 14  0.
 15  0.
 16  0.
 17  0.
 18  0.
 19  0.
 20  0.
 21  0.
 22  0.
 23  0.
 24  0.
 25  0.
 26  0.
 27  0.
 28  0.
 29  0.
 30  0.
 31  0.
 32  0.
 33  0.
 34  0.
 35  0.
 36  0.
 37  0.
 38  0.
 39  0.
 40  0.
 41  0.
 42  0.
 43  0.
 44  0.
 45  0.
 46  0.
 47  0.
 48  0.
 49  0.
 50  0.
 51  0.
 52  0.
 53  0.
 54  0.
 55  0.
 56  0.
 57  0.
 58  0.
 59  0.
 60  0.
 61  0.
 62  0.
 63  0.
 64  0.
 65  0.
 66  0.
 67  0.
 68  0.
 69  0.
 70  0.
 71  0.
 72  0.
 73  0.
 74  0.
 75  0.
 76  0.
 77  0.
 78  0.
 79  0.
 80  0.
 81  0.
 82  0.
 83  0.
 84  0.
 85  0.
 86  0.
 87  0.
 88  0.
 89  0.
 90  0.
 91  0.
 92  0.
 93  0.
 94  0.
 95  0.
 96  0.
 97  0.
 98  0.
 99  0.
 100  0.
 101  0.
 102  0.
 103  0.
 104  0.
 105  0.
 106  0.
 107  0.
 108  0.
 109  0.
 110  0.
 111  0.
 112  0.
 113  0.
 114  0.
 115  0.
 116  0.
 117  0.
 118  0.
 119  0.
 120  0.
 121  0.
 122  0.
 123  0.
 124  0.
 125  0.
 126  0.
 127  0.
 128  0.
 129  0.
 130  0.
 131  0.
 132  0.
 133  0.
 134  0.
 135  0.
 136  0.
 137  0.
 138  0.
 139  0.
 140  0.
 141  0.
 142  0.
 143  0.
 144  0.
 145  0.
 146  0.
 147  0.
 148  0.
 149  0.
 150  0.
 151  0.
 152  0.
 153  0.
 154  0.
 155  0.
 156  0.
 157  0.
 158  0.
 159  0.
 160  0.
 161  0.
 162  0.
 163  0.
 164  0.
 165  0.
 166  0.
 167  0.
 168  0.
 169  0.
 170  0.
 171  0.
 172  0.
 173  0.
 174  0.
 175  0.
 176  0.
 177  0.
 178  0.
 179  0.
 180  0.
 181  0.
 182  0.
 183  0.
 184  0.
 185  0.
 186  0.
 187  0.
 188  0.
 189  0.
 190  0.
 191  0.
 192  0.
 193  0.
 194  0.
 195  0.
 196  0.
 197  0.
 198  0.
 199  0.
 200  0.
 201  0.
 202  0.
 203  0.
 204  0.
 205  0.
 206  0.
 207  0.
 208  0.
 209  0.
 210  0.
 211  0.
 212  0.
 213  0.
 214  0.
 215  0.
 216  0.
 217  0.
 218  0.
 219  0.
 220  0.
 221  0.
 222  0.
 223  0.
 224  0.
 225  0.
 226  0.
 227  0.
 228  0.
 229  0.
 230  0.
 231  0.
 232  0.
 233  0.
 234  0.
 235  0.
 236  0.
 237  0.
 238  0.
 239  0.
 240  0.
 241  0.
 242  0.
 243  0.
 244  0.
 245  0.
 246  0.
 247  0.
 248  0.
 249  0.
 250  0.
 251  0.
 252  0.
 253  0.
 254  0.
 255  0.
 256  0.
 257  0.
 258  0.
 259  0.
 260  0.
 261  0.
 262  0.
 263  0.
 264  0.
 265  0.
 266  0.
 267  0.
 268  0.
 269  0.
 270  0.
 271  0.
 272  0.
 273  0.
 274  0.
 275  0.
 276  0.
 277  0.
 278  0.
 279  0.
 280  0.
 281  0.
 282  0.
 283  0.
 284  0.
 285  0.
 286  0.
 287  0.
 288  0.
 289  0.
 290  0.
 291  0.
 292  0.
 293  0.
 294  0.
 295  0.
 296  0.
 297  0.
 298  0.
 299  0.
 300  0.
 301  0.
 302  0.
 303  0.
 304  0.
 305  0.
 306  0.
 307  0.
 308  0.
 309  0.
 310  0.
 311  0.
 312  0.
 313  0.
 314  0.
 315  0.
 316  0.
 317  0.
 318  0.
 319  0.
 320  0.
 321  0.
 322  0.
 323  0.
 324  0.
 325  0.
 326  0.
 327  0.
 328  0.
 329  0.
 330  0.
 331  0.
 332  0.
 333  0.
 334  0.
 335  0.
 336  0.
 337  0.
 338  0.
 339  0.
 340  0.
 341  0.
 342  0.
 343  0.
 344  0.
 345  0.
 346  0.
 347  0.
 348  0.
 349  0.
 350  0.
 351  0.
 352  0.
 353  0.
 354  0.
 355  0.
 356  0.
 357  0.
 358  0.
 359  0.
 360  0.
 361  0.
 362  0.
 363  0.
 364  0.
 365  0.
 366  0.
 367  0.
 368  0.
 369  0.
 370  0.
 371  0.
 372  0.
 373  0.
 374  0.
 375  0.
 376  0.
 377  0.
 378  0.
 379  0.
 380  0.
 381  0.
 382  0.
 383  0.
 384  0.
 385  0.
 386  0.
 387  0.
 388  0.
 389  0.
 390  0.
 391  0.
 392  0.
 393  0.
 394  0.
 395  0.
 396  0.
 397  0.
 398  0.
 399  0.
 400  0.
 401  0.
 402  0.
 403  0.
 404  0.
 405  0.
 406  0.
 407  0.
 408  0.
 409  0.
 410  0.
 411  0.
 412  0.
 413  0.
 414  0.
 415  0.
 416  0.
 417  0.
 418  0.
 419  0.
 420  0.
 421  0.
 422  0.
 423  0.
 424  0.
 425  0.
 426  0.
 427  0.
 428  0.
 429  0.
 430  0.
 431  0.
 432  0.
 433  0.
 434  0.
 435  0.
 436  0.
 437  0.
 438  0.
 439  0.
 440  0.
 441  0.
 442  0.
 443  0.
 444  0.
 445  0.
 446  0.
 447  0.
 448  0.
 449  0.
 450  0.
 451  0.
 452  0.
 453  0.
 454  0.
 455  0.
 456  0.
 457  0.
 458  0.
 459  0.
 460  0.
 461  0.
 462  0.
 463  0.
 464  0.
 465  0.
 466  0.
 467  0.
 468  0.
 469  0.
 470  0.
 471  0.
 472  0.
 473  0.
 474  0.
 475  0.
 476  0.
 477  0.
 478  0.
 479  0.
 480  0.
 481  0.
 482  0.
 483  0.
 484  0.
 485  0.
 486  0.
 487  0.
 488  0.
 489  0.
 490  0.
 491  0.
 492  0.
 493  0.
 494  0.
 495  0.
 496  0.
 497  0.
 498  0.
 499  0.
 500  0.

 1  0.
 2  0.
 3  0.
 4  0.
 5  0.
 6  0.
 7  0.
 8  0.
 9  0.
 10  0.
 11  0.
 12  0.
 13  0.
 14  0.
 15  0.
 16  0.
 17  0.
 18  0.
 19  0.
 20  0.
 21  0.
 22  0.
 23  0.
 24  0.
 25  0.
 26  0.
 27  0.
 28  0.
 29  0.
 30  0.
 31  0.
 32  0.
 33  0.
 34  0.
 35  0.
 36  0.
 37  0.
 38  0.
 39  0.
 40  0.
 41  0.
 42  0.
 43  0.
 44  0.
 45  0.
 46  0.
 47  0.
 48  0.
 49  0.
 50  0.
 51  0.
 52  0.
 53  0.
 54  0.
 55  0.
 56  0.
 57  0.
 58  0.
 59  0.
 60  0.
 61  0.
 62  0.
 63  0.
 64  0.
 65  0.
 66  0.
 67  0.
 68  0.
 69  0.
 70  0.
 71  0.
 72  0.
 73  0.
 74  0.
 75  0.
 76  0.
 77  0.
 78  0.
 79  0.
 80  0.
 81  0.
 82  0.
 83  0.
 84  0.
 85  0.
 86  0.
 87  0.
 88  0.
 89  0.
 90  0.
 91  0.
 92  0.
 93  0.
 94  0.
 95  0.
 96  0.
 97  0.
 98  0.
 99  0.
 100  0.
 101  0.
 102  0.
 103  0.
 104  0.
 105  0.
 106  0.
 107  0.
 108  0.
 109  0.
 110  0.
 111  0.
 112  0.
 113  0.
 114  0.
 115  0.
 116  0.
 117  0.
 118  0.
 119  0.
 120  0.
 121  0.
 122  0.
 123  0.
 124  0.
 125  0.
 126  0.
 127  0.
 128  0.
 129  0.
 130  0.
 131  0.
 132  0.
 133  0.
 134  0.
 135  0.
 136  0.
 137  0.
 138  0.
 139  0.
 140  0.
 141  0.
 142  0.
 143  0.
 144  0.
 145  0.
 146  0.
 147  0.
 148  0.
 149  0.
 150  0.
 151  0.
 152  0.
 153  0.
 154  0.
 155  0.
 156  0.
 157  0.
 158  0.
 159  0.
 160  0.
 161  0.
 162  0.
 163  0.
 164  0.
 165  0.
 166  0.
 167  0.
 168  0.
 169  0.
 170  0.
 171  0.
 172  0.
 173  0.
 174  0.
 175  0.
 176  0.
 177  0.
 178  0.
 179  0.
 180  0.
 181  0.
 182  0.
 183  0.
 184  0.
 185  0.
 186  0.
 187  0.
 188  0.
 189  0.
 190  0.
 191  0.
 192  0.
 193  0.
 194  0.
 195  0.
 196  0.
 197  0.
 198  0.
 199  0.
 200  0.
 201  0.
 202  0.
 203  0.
 204  0.
 205  0.
 206  0.
 207  0.
 208  0.
 209  0.
 210  0.
 211  0.
 212  0.
 213  0.
 214  0.
 215  0.
 216  0.
 217  0.
 218  0.
 219  0.
 220  0.
 221  0.
 222  0.
 223  0.
 224  0.
 225  0.
 226  0.
 227  0.
 228  0.
 229  0.
 230  0.
 231  0.
 232  0.
 233  0.
 234  0.
 235  0.
 236  0.
 237  0.
 238  0.
 239  0.
 240  0.
 241  0.
 242  0.
 243  0.
 244  0.
 245  0.
 246  0.
 247  0.
 248  0.
 249  0.
 250  0.
 251  0.
 252  0.
 253  0.
 254  0.
 255  0.
 256  0.
 257  0.
 258  0.
 259  0.
 260  0.
 261  0.
 262  0.
 263  0.
 264  0.
 265  0.
 266  0.
 267  0.
 268  0.
 269  0.
 270  0.
 271  0.
 272  0.
 273  0.
 274  0.
 275  0.
 276  0.
 277  0.
 278  0.
 279  0.
 280  0.
 281  0.
 282  0.
 283  0.
 284  0.
 285  0.
 286  0.
 287  0.
 288  0.
 289  0.
 290  0.
 291  0.
 292  0.
 293  0.
 294  0.
 295  0.
 296  0.
 297  0.
 298  0.
 299  0.
 300  0.
 301  0.
 302  0.
 303  0.
 304  0.
 305  0.
 306  0.
 307  0.
 308  0.
 309  0.
 310  0.
 311  0.
 312  0.
 313  0.
 314  0.
 315  0.
 316  0.
 317  0.
 318  0.
 319  0.
 320  0.
 321  0.
 322  0.
 323  0.
 324  0.
 325  0.
 326  0.
 327  0.
 328  0.
 329  0.
 330  0.
 331  0.
 332  0.
 333  0.
 334  0.
 335  0.
 336  0.
 337  0.
 338  0.
 339  0.
 340  0.
 341  0.
 342  0.
 343  0.
 344  0.
 345  0.
 346  0.
 347  0.
 348  0.
 349  0.
 350  0.
 351  0.
 352  0.
 353  0.
 354  0.
 355  0.
 356  0.
 357  0.
 358  0.
 359  0.
 360  0.
 361  0.
 362  0.
 363  0.
 364  0.
 365  0.
 366  0.
 367  0.
 368  0.
 369  0.
 370  0.
 371  0.
 372  0.
 373  0.
 374  0.
 375  0.
 376  0.
 377  0.
 378  0.
 379  0.
 380  0.
 381  0.
 382  0.
 383  0.
 384  0.
 385  0.
 386  0.
 387  0.
 388  0.
 389  0.
 390  0.
 391  0.
 392  0.
 393  0.
 394  0.
 395  0.
 396  0.
 397  0.
 398  0.
 399  0.
 400  0.
 401  0.
 402  0.
 403  0.
 404  0.
 405  0.
 406  0.
 407  0.
 408  0.
 409  0.
 410  0.
 411  0.
 412  0.
 413  0.
 414  0.
 415  0.
 416  0.
 417  0.
 418  0.
 419  0.
 420  0.
 421  0.
 422  0.
 423  0.
 424  0.
 425  0.
 426  0.
 427  0.
 428  0.
 429  0.
 430  0.
 431  0.
 432  0.
 433  0.
 434  0.
 435  0.
 436  0.
 437  0.
 438  0.
 439  0.
 440  0.
 441  0.
 442  0.
 443  0.
 444  0.
 445  0.
 446  0.
 447  0.
 448  0.
 449  0.
 450  0.
 451  0.
 452  0.
 453  0.
 454  0.
 455  0.
 456  0.
 457  0.
 458  0.
 459  0.
 460  0.
 461  0.
 462  0.
 463  0.
 464  0.
 465  0.
 466  0.
 467  0.
 468  0.
 469  0.
 470  0.
 471  0.
 472  0.
 473  0.
 474  0.
 475  0.
 476  0.
 477  0.
 478  0.
 479  0.
 480  0.
 481  0.
 482  0.
 483  0.
 484  0.
 485  0.
 486  0.
 487  0.
 488  0.
 489  0.
 490  0.
 491  0.
 492  0.
 493  0.
 494  0.
 495  0.
 496  0.
 497  0.
 498  0.
 499  0.
 500  0.

 1  0.
 2  0.
 3  0.
 4  0.
 5  0.
 6  0.
 7  0.
 8  0.
 9  0.
 10  0.
 11  0.
 12  0.
 13  0.
 14  0.
 15  0.
 16  0.
 17  0.
 18  0.
 19  0.
 20  0.
 21  0.
 22  0.
 23  0.
 24  0.
 25  0.
 26  0.
 27  0.
 28  0.
 29  0.
 30  0.
 31  0.
 32  0.
 33  0.
 34  0.
 35  0.
 36  0.
 37  0.
 38  0.
 39  0.
 40  0.
 41  0.
 42  0.
 43  0.
 44  0.
 45  0.
 46  0.
 47  0.
 48  0.
 49  0.
 50  0.
 51  0.
 52  0.
 53  0.
 54  0.
 55  0.
 56  0.
 57  0.
 58  0.
 59  0.
 60  0.
 61  0.
 62  0.
 63  0.
 64  0.
 65  0.
 66  0.
 67  0.
 68  0.
 69  0.
 70  0.
 71  0.
 72  0.
 73  0.
 74  0.
 75  0.
 76  0.
 77  0.
 78  0.
 79  0.
 80  0.
 81  0.
 82  0.
 83  0.
 84  0.
 85  0.
 86  0.
 87  0.
 88  0.
 89  0.
 90  0.
 91  0.
 92  0.
 93  0.
 94  0.
 95  0.
 96  0.
 97  0.
 98  0.
 99  0.
 100  0.
 101  0.
 102  0.
 103  0.
 104  0.
 105  0.
 106  0.
 107  0.
 108  0.
 109  0.
 110  0.
 111  0.
 112  0.
 113  0.
 114  0.
 115  0.
 116  0.
 117  0.
 118  0.
 119  0.
 120  0.
 121  0.
 122  0.
 123  0.
 124  0.
 125  0.
 126  0.
 127  0.
 128  0.
 129  0.
 130  0.
 131  0.
 132  0.
 133  0.
 134  0.
 135  0.
 136  0.
 137  0.
 138  0.
 139  0.
 140  0.
 141  0.
 142  0.
 143  0.
 144  0.
 145  0.
 146  0.
 147  0.
 148  0.
 149  0.
 150  0.
 151  0.
 152  0.
 153  0.
 154  0.
 155  0.
 156  0.
 157  0.
 158  0.
 159  0.
 160  0.
 161  0.
 162  0.
 163  0.
 164  0.
 165  0.
 166  0.
 167  0.
 168  0.
 169  0.
 170  0.
 171  0.
 172  0.
 173  0.
 174  0.
 175  0.
 176  0.
 177  0.
 178  0.
 179  0.
 180  0.
 181  0.
 182  0.
 183  0.
 184  0.
 185  0.
 186  0.
 187  0.
 188  0.
 189  0.
 190  0.
 191  0.
 192  0.
 193  0.
 194  0.
 195  0.
 196  0.
 197  0.
 198  0.
 199  0.
 200  0.
 201  0.
 202  0.
 203  0.
 204  0.
 205  0.
 206  0.
 207  0.
 208  0.
 209  0.
 210  0.
 211  0.
 212  0.
 213  0.
 214  0.
 215  0.
 216  0.
 217  0.
 218  0.
 219  0.
 220  0.
 221  0.
 222  0.
 223  0.
 224  0.
 225  0.
 226  0.
 227  0.
 228  0.
 229  0.
 230  0.
 231  0.
 232  0.
 233  0.
 234  0.
 235  0.
 236  0.
 237  0.
 238  0.
 239  0.
 240  0.
 241  0.
 242  0.
 243  0.
 244  0.
 245  0.
 246  0.
 247  0.
 248  0.
 249  0.
 250  0.
 251  0.
 252  0.
 253  0.
 254  0.
 255  0.
 256  0.
 257  0.
 258  0.
 259  0.
 260  0.
 261  0.
 262  0.
 263  0.
 264  0.
 265  0.
 266  0.
 267  0.
 268  0.
 269  0.
 270  0.
 271  0.
 272  0.
 273  0.
 274  0.
 275  0.
 276  0.
 277  0.
 278  0.
 279  0.
 280  0.
 281  0.
 282  0.
 283  0.
 284  0.
 285  0.
 286  0.
 287  0.
 288  0.
 289  0.
 290  0.
 291  0.
 292  0.
 293  0.
 294  0.
 295  0.
 296  0.
 297  0.
 298  0.
 299  0.
 300  0.
 301  0.
 302  0.
 303  0.
 304  0.
 305  0.
 306  0.
 307  0.
 308  0.
 309  0.
 310  0.
 311  0.
 312  0.
 313  0.
 314  0.
 315  0.
 316  0.
 317  0.
 318  0.
 319  0.
 320  0.
 321  0.
 322  0.
 323  0.
 324  0.
 325  0.
 326  0.
 327  0.
 328  0.
 329  0.
 330  0.
 331  0.
 332  0.
 333  0.
 334  0.
 335  0.
 336  0.
 337  0.
 338  0.
 339  0.
 340  0.
 341  0.
 342  0.
 343  0.
 344  0.
 345  0.
 346  0.
 347  0.
 348  0.
 349  0.
 350  0.
 351  0.
 352  0.
 353  0.
 354  0.
 355  0.
 356  0.
 357  0.
 358  0.
 359  0.
 360  0.
 361  0.
 362  0.
 363  0.
 364  0.
 365  0.
 366  0.
 367  0.
 368  0.
 369  0.
 370  0.
 371  0.
 372  0.
 373  0.
 374  0.
 375  0.
 376  0.
 377  0.
 378  0.
 379  0.
 380  0.
 381  0.
 382  0.
 383  0.
 384  0.
 385  0.
 386  0.
 387  0.
 388  0.
 389  0.
 390  0.
 391  0.
 392  0.
 393  0.
 394  0.
 395  0.
 396  0.
 397  0.
 398  0.
 399  0.
 400  0.
 401  0.
 402  0.
 403  0.
 404  0.
 405  0.
 406  0.
 407  0.
 408  0.
 409  0.
 410  0.
 411  0.
 412  0.
 413  0.
 414  0.
 415  0.
 416  0.
 417  0.
 418  0.
 419  0.
 420  0.
 421  0.
 422  0.
 423  0.
 424  0.
 425  0.
 426  0.
 427  0.
 428  0.
 429  0.
 430  0.
 431  0.
 432  0.
 433  0.
 434  0.
 435  0.
 436  0.
 437  0.
 438  0.
 439  0.
 440  0.
 441  0.
 442  0.
 443  0.
 444  0.
 445  0.
 446  0.
 447  0.
 448  0.
 449  0.
 450  0.
 451  0.
 452  0.
 453  0.
 454  0.
 455  0.
 456  0.
 457  0.
 458  0.
 459  0.
 460  0.
 461  0.
 462  0.
 463  0.
 464  0.
 465  0.
 466  0.
 467  0.
 468  0.
 469  0.
 470  0.
 471  0.
 472  0.
 473  0.
 474  0.
 475  0.
 476  0.
 477  0.
 478  0.
 479  0.
 480  0.
 481  0.
 482  0.
 483  0.
 484  0.
 485  0.
 486  0.
 487  0.
 488  0.
 489  0.
 490  0.
 491  0.
 492  0.
 493  0.
 494  0.
 495  0.
 496  0.
 497  0.
 498  0.
 499  0.
 500  0.

 1  0.
 2  0.
 3  0.
 4  0.
 5  0.
 6  0.
 7  0.
 8  0.
 9  0.
 10  0.
 11  0.
 12  0.
 13  0.
 14  0.
 15  0.
 16  0.
 17  0.
 18  0.
 19  0.
 20  0.
 21  0.
 22  0.
 23  0.
 24  0.
 25  0.
 26  0.
 27  0.
 28  0.
 29  0.
 30  0.
 31  0.
 32  0.
 33  0.
 34  0.
 35  0.
 36  0.
 37  0.
 38  0.
 39  0.
 40  0.
 41  0.
 42  0.
 43  0.
 44  0.
 45  0.
 46  0.
 47  0.
 48  0.
 49  0.
 50  0.
 51  0.
 52  0.
 53  0.
 54  0.
 55  0.
 56  0.
 57  0.
 58  0.
 59  0.
 60  0.
 61  0.
 62  0.
 63  0.
 64  0.
 65  0.
 66  0.
 67  0.
 68  0.
 69  0.
 70  0.
 71  0.
 72  0.
 73  0.
 74  0.
 75  0.
 76  0.
 77  0.
 78  0.
 79  0.
 80  0.
 81  0.
 82  0.
 83  0.
 84  0.
 85  0.
 86  0.
 87  0.
 88  0.
 89  0.
 90  0.
 91  0.
 92  0.
 93  0.
 94  0.
 95  0.
 96  0.
 97  0.
 98  0.
 99  0.
 100  0.
 101  0.
 102  0.
 103  0.
 104  0.
 105  0.
 106  0.
 107  0.
 108  0.
 109  0.
 110  0.
 111  0.
 112  0.
 113  0.
 114  0.
 115  0.
 116  0.
 117  0.
 118  0.
 119  0.
 120  0.
 121  0.
 122  0.
 123  0.
 124  0.
 125  0.
 126  0.
 127  0.
 128  0.
 129  0.
 130  0.
 131  0.
 132  0.
 133  0.
 134  0.
 135  0.
 136  0.
 137  0.
 138  0.
 139  0.
 140  0.
 141  0.
 142  0.
 143  0.
 144  0.
 145  0.
 146  0.
 147  0.
 148  0.
 149  0.
 150  0.
 151  0.
 152  0.
 153  0.
 154  0.
 155  0.
 156  0.
 157  0.
 158  0.
 159  0.
 160  0.
 161  0.
 162  0.
 163  0.
 164  0.
 165  0.
 166  0.
 167  0.
 168  0.
 169  0.
 170  0.
 171  0.
 172  0.
 173  0.
 174  0.
 175  0.
 176  0.
 177  0.
 178  0.
 179  0.
 180  0.
 181  0.
 182  0.
 183  0.
 184  0.
 185  0.
 186  0.
 187  0.
 188  0.
 189  0.
 190  0.
 191  0.
 192  0.
 193  0.
 194  0.
 195  0.
 196  0.
 197  0.
 198  0.
 199  0.
 200  0.
 201  0.
 202  0.
 203  0.
 204  0.
 205  0.
 206  0.
 207  0.
 208  0.
 209  0.
 210  0.
 211  0.
 212  0.
 213  0.
 214  0.
 215  0.
 216  0.
 217  0.
 218  0.
 219  0.
 220  0.
 221  0.
 222  0.
 223  0.
 224  0.
 225  0.
 226  0.
 227  0.
 228  0.
 229  0.
 230  0.
 231  0.
 232  0.
 233  0.
 234  0.
 235  0.
 236  0.
 237  0.
 238  0.
 239  0.
 240  0.
 241  0.
 242  0.
 243  0.
 244  0.
 245  0.
 246  0.
 247  0.
 248  0.
 249  0.
 250  0.
 251  0.
 252  0.
 253  0.
 254  0.
 255  0.
 256  0.
 257  0.
 258  0.
 259  0.
 260  0.
 261  0.
 262  0.
 263  0.
 264  0.
 265  0.
 266  0.
 267  0.
 268  0.
 269  0.
 270  0.
 271  0.
 272  0.
 273  0.
 274  0.
 275  0.
 276  0.
 277  0.
 278  0.
 279  0.
 280  0.
 281  0.
 282  0.
 283  0.
 284  0.
 285  0.
 286  0.
 287  0.
 288  0.
 289  0.
 290  0.
 291  0.
 292  0.
 293  0.
 294  0.
 295  0.
 296  0.
 297  0.
 298  0.
 299  0.
 300  0.
 301  0.
 302  0.
 303  0.
 304  0.
 305  0.
 306  0.
 307  0.
 308  0.
 309  0.
 310  0.
 311  0.
 312  0.
 313  0.
 314  0.
 315  0.
 316  0.
 317  0.
 318  0.
 319  0.
 320  0.
 321  0.
 322  0.
 323  0.
 324  0.
 325  0.
 326  0.
 327  0.
 328  0.
 329  0.
 330  0.
 331  0.
 332  0.
 333  0.
 334  0.
 335  0.
 336  0.
 337  0.
 338  0.
 339  0.
 340  0.
 341  0.
 342  0.
 343  0.
 344  0.
 345  0.
 346  0.
 347  0.
 348  0.
 349  0.
 350  0.
 351  0.
 352  0.
 353  0.
 354  0.
 355  0.
 356  0.
 357  0.
 358  0.
 359  0.
 360  0.
 361  0.
 362  0.
 363  0.
 364  0.
 365  0.
 366  0.
 367  0.
 368  0.
 369  0.
 370  0.
 371  0.
 372  0.
 373  0.
 374  0.
 375  0.
 376  0.
 377  0.
 378  0.
 379  0.
 380  0.
 381  0.
 382  0.
 383  0.
 384  0.
 385  0.
 386  0.
 387  0.
 388  0.
 389  0.
 390  0.
 391  0.
 392  0.
 393  0.
 394  0.
 395  0.
 396  0.
 397  0.
 398  0.
 399  0.
 400  0.
 401  0.
 402  0.
 403  0.
 404  0.
 405  0.
 406  0.
 407  0.
 408  0.
 409  0.
 410  0.
 411  0.
 412  0.
 413  0.
 414  0.
 415  0.
 416  0.
 417  0.
 418  0.
 419  0.
 420  0.
 421  0.
 422  0.
 423  0.
 424  0.
 425  0.
 426  0.
 427  0.
 428  0.
 429  0.
 430  0.
 431  0.
 432  0.
 433  0.
 434  0.
 435  0.
 436  0.
 437  0.
 438  0.
 439  0.
 440  0.
 441  0.
 442  0.
 443  0.
 444  0.
 445  0.
 446  0.
 447  0.
 448  0.
 449  0.
 450  0.
 451  0.
 452  0.
 453  0.
 454  0.
 455  0.
 456  0.
 457  0.
 458  0.
 459  0.
 460  0.
 461  0.
 462  0.
 463  0.
 464  0.
 465  0.
 466  0.
 467  0.
 468  0.
 469  0.
 470  0.
 471  0.
 472  0.
 473  0.
 474  0.
 475  0.
 476  0.
 477  0.
 478  0.
 479  0.
 480  0.
 481  0.
 482  0.
 483  0.
 484  0.
 485  0.
 486  0.
 487  0.
 488  0.
 489  0.
 490  0.
 491  0.
 492  0.
 493  0.
 494  0.
 495  0.
 496  0.
 497  0.
 498  0.
 499  0.
 500  0.

 1  0.
 2  0.
 3  0.
 4  0.
 5  0.
 6  0.
 7  0.
 8  0.
 9  0.
 10  0.
 11  0.
 12  0.
 13  0.
 14  0.
 15  0.
 16  0.
 17  0.
 18  0.
 19  0.
 20  0.
 21  0.
 22  0.
 23  0.
 24  0.
 25  0.
 26  0.
 27  0.
 28  0.
 29  0.
 30  0.
 31  0.
 32  0.
 33  0.
 34  0.
 35  0.
 36  0.
 37  0.
 38  0.
 39  0.
 40  0.
 41  0.
 42  0.
 43  0.
 44  0.
 45  0.
 46  0.
 47  0.
 48  0.
 49  0.
 50  0.
 51  0.
 52  0.
 53  0.
 54  0.
 55  0.
 56  0.
 57  0.
 58  0.
 59  0.
 60  0.
 61  0.
 62  0.
 63  0.
 64  0.
 65  0.
 66  0.
 67  0.
 68  0.
 69  0.
 70  0.
 71  0.
 72  0.
 73  0.
 74  0.
 75  0.
 76  0.
 77  0.
 78  0.
 79  0.
 80  0.
 81  0.
 82  0.
 83  0.
 84  0.
 85  0.
 86  0.
 87  0.
 88  0.
 89  0.
 90  0.
 91  0.
 92  0.
 93  0.
 94  0.
 95  0.
 96  0.
 97  0.
 98  0.
 99  0.
 100  0.
 101  0.
 102  0.
 103  0.
 104  0.
 105  0.
 106  0.
 107  0.
 108  0.
 109  0.
 110  0.
 111  0.
 112  0.
 113  0.
 114  0.
 115  0.
 116  0.
 117  0.
 118  0.
 119  0.
 120  0.
 121  0.
 122  0.
 123  0.
 124  0.
 125  0.
 126  0.
 127  0.
 128  0.
 129  0.
 130  0.
 131  0.
 132  0.
 133  0.
 134  0.
 135  0.
 136  0.
 137  0.
 138  0.
 139  0.
 140  0.
 141  0.
 142  0.
 143  0.
 144  0.
 145  0.
 146  0.
 147  0.
 148  0.
 149  0.
 150  0.
 151  0.
 152  0.
 153  0.
 154  0.
 155  0.
 156  0.
 157  0.
 158  0.
 159  0.
 160  0.
 161  0.
 162  0.
 163  0.
 164  0.
 165  0.
 166  0.
 167  0.
 168  0.
 169  0.
 170  0.
 171  0.
 172  0.
 173  0.
 174  0.
 175  0.
 176  0.
 177  0.
 178  0.
 179  0.
 180  0.
 181  0.
 182  0.
 183  0.
 184  0.
 185  0.
 186  0.
 187  0.
 188  0.
 189  0.
 190  0.
 191  0.
 192  0.
 193  0.
 194  0.
 195  0.
 196  0.
 197  0.
 198  0.
 199  0.
 200  0.
 201  0.
 202  0.
 203  0.
 204  0.
 205  0.
 206  0.
 207  0.
 208  0.
 209  0.
 210  0.
 211  0.
 212  0.
 213  0.
 214  0.
 215  0.
 216  0.
 217  0.
 218  0.
 219  0.
 220  0.
 221  0.
 222  0.
 223  0.
 224  0.
 225  0.
 226  0.
 227  0.
 228  0.
 229  0.
 230  0.
 231  0.
 232  0.
 233  0.
 234  0.
 235  0.
 236  0.
 237  0.
 238  0.
 239  0.
 240  0.
 241  0.
 242  0.
 243  0.
 244  0.
 245  0.
 246  0.
 247  0.
 248  0.
 249  0.
 250  0.
 251  0.
 252  0.
 253  0.
 254  0.
 255  0.
 256  0.
 257  0.
 258  0.
 259  0.
 260  0.
 261  0.
 262  0.
 263  0.
 264  0.
 265  0.
 266  0.
 267  0.
 268  0.
 269  0.
 270  0.
 271  0.
 272  0.
 273  0.
 274  0.
 275  0.
 276  0.
 277  0.
 278  0.
 279  0.
 280  0.
 281  0.
 282  0.
 283  0.
 284  0.
 285  0.
 286  0.
 287  0.
 288  0.
 289  0.
 290  0.
 291  0.
 292  0.
 293  0.
 294  0.
 295  0.
 296  0.
 297  0.
 298  0.
 299  0.
 300  0.
 301  0.
 302  0.
 303  0.
 304  0.
 305  0.
 306  0.
 307  0.
 308  0.
 309  0.
 310  0.
 311  0.
 312  0.
 313  0.
 314  0.
 315  0.
 316  0.
 317  0.
 318  0.
 319  0.
 320  0.
 321  0.
 322  0.
 323  0.
 324  0.
 325  0.
 326  0.
 327  0.
 328  0.
 329  0.
 330  0.
 331  0.
 332  0.
 333  0.
 334  0.
 335  0.
 336  0.
 337  0.
 338  0.
 339  0.
 340  0.
 341  0.
 342  0.
 343  0.
 344  0.
 345  0.
 346  0.
 347  0.
 348  0.
 349  0.
 350  0.
 351  0.
 352  0.
 353  0.
 354  0.
 355  0.
 356  0.
 357  0.
 358  0.
 359  0.
 360  0.
 361  0.
 362  0.
 363  0.
 364  0.
 365  0.
 366  0.
 367  0.
 368  0.
 369  0.
 370  0.
 371  0.
 372  0.
 373  0.
 374  0.
 375  0.
 376  0.
 377  0.
 378  0.
 379  0.
 380  0.
 381  0.
 382  0.
 383  0.
 384  0.
 385  0.
 386  0.
 387  0.
 388  0.
 389  0.
 390  0.
 391  0.
 392  0.
 393  0.
 394  0.
 395  0.
 396  0.
 397  0.
 398  0.
 399  0.
 400  0.
 401  0.
 402  0.
 403  0.
 404  0.
 405  0.
 406  0.
 407  0.
 408  0.
 409  0.
 410  0.
 411  0.
 412  0.
 413  0.
 414  0.
 415  0.
 416  0.
 417  0.
 418  0.
 419  0.
 420  0.
 421  0.
 422  0.
 423  0.
 424  0.
 425  0.
 426  0.
 427  0.
 428  0.
 429  0.
 430  0.
 431  0.
 432  0.
 433  0.
 434  0.
 435  0.
 436  0.
 437  0.
 438  0.
 439  0.
 440  0.
 441  0.
 442  0.
 443  0.
 444  0.
 445  0.
 446  0.
 447  0.
 448  0.
 449  0.
 450  0.
 451  0.
 452  0.
 453  0.
 454  0.
 455  0.
 456  0.
 457  0.
 458  0.
 459  0.
 460  0.
 461  0.
 462  0.
 463  0.
 464  0.
 465  0.
 466  0.
 467  0.
 468  0.
 469  0.
 470  0.
 471  0.
 472  0.
 473  0.
 474  0.
 475  0.
 476  0.
 477  0.
 478  0.
 479  0.
 480  0.
 481  0.
 482  0.
 483  0.
 484  0.
 485  0.
 486  0.
 487  0.
 488  0.
 489  0.
 490  0.
 491  0.
 492  0.
 493  0.
 494  0.
 495  0.
 496  0.
 497  0.
 498  0.
 499  0.
 500  0.

 1  0.
 2  0.
 3  0.
 4  0.
 5  0.
 6  0.
 7  0.
 8  0.
 9  0.
 10  0.
 11  0.
 12  0.
 13  0.
 14  0.
 15  0.
 16  0.
 17  0.
 18  0.
 19  0.
 20  0.
 21  0.
 22  0.
 23  0.
 24  0.
 25  0.
 26  0.
 27  0.
 28  0.
 29  0.
 30  0.
 31  0.
 32  0.
 33  0.
 34  0.
 35  0.
 36  0.
 37  0.
 38  0.
 39  0.
 40  0.
 41  0.
 42  0.
 43  0.
 44  0.
 45  0.
 46  0.
 47  0.
 48  0.
 49  0.
 50  0.
 51  0.
 52  0.
 53  0.
 54  0.
 55  0.
 56  0.
 57  0.
 58  0.
 59  0.
 60  0.
 61  0.
 62  0.
 63  0.
 64  0.
 65  0.
 66  0.
 67  0.
 68  0.
 69  0.
 70  0.
 71  0.
 72  0.
 73  0.
 74  0.
 75  0.
 76  0.
 77  0.
 78  0.
 79  0.
 80  0.
 81  0.
 82  0.
 83  0.
 84  0.
 85  0.
 86  0.
 87  0.
 88  0.
 89  0.
 90  0.
 91  0.
 92  0.
 93  0.
 94  0.
 95  0.
 96  0.
 97  0.
 98  0.
 99  0.
 100  0.
 101  0.
 102  0.
 103  0.
 104  0.
 105  0.
 106  0.
 107  0.
 108  0.
 109  0.
 110  0.
 111  0.
 112  0.
 113  0.
 114  0.
 115  0.
 116  0.
 117  0.
 118  0.
 119  0.
 120  0.
 121  0.
 122  0.
 123  0.
 124  0.
 125  0.
 126  0.
 127  0.
 128  0.
 129  0.
 130  0.
 131  0.
 132  0.
 133  0.
 134  0.
 135  0.
 136  0.
 137  0.
 138  0.
 139  0.
 140  0.
 141  0.
 142  0.
 143  0.
 144  0.
 145  0.
 146  0.
 147  0.
 148  0.
 149  0.
 150  0.
 151  0.
 152  0.
 153  0.
 154  0.
 155  0.
 156  0.
 157  0.
 158  0.
 159  0.
 160  0.
 161  0.
 162  0.
 163  0.
 164  0.
 165  0.
 166  0.
 167  0.
 168  0.
 169  0.
 170  0.
 171  0.
 172  0.
 173  0.
 174  0.
 175  0.
 176  0.
 177  0.
 178  0.
 179  0.
 180  0.
 181  0.
 182  0.
 183  0.
 184  0.
 185  0.
 186  0.
 187  0.
 188  0.
 189  0.
 190  0.
 191  0.
 192  0.
 193  0.
 194  0.
 195  0.
 196  0.
 197  0.
 198  0.
 199  0.
 200  0.
 201  0.
 202  0.
 203  0.
 204  0.
 205  0.
 206  0.
 207  0.
 208  0.
 209  0.
 210  0.
 211  0.
 212  0.
 213  0.
 214  0.
 215  0.
 216  0.
 217  0.
 218  0.
 219  0.
 220  0.
 221  0.
 222  0.
 223  0.
 224  0.
 225  0.
 226  0.
 227  0.
 228  0.
 229  0.
 230  0.
 231  0.
 232  0.
 233  0.
 234  0.
 235  0.
 236  0.
 237  0.
 238  0.
 239  0.
 240  0.
 241  0.
 242  0.
 243  0.
 244  0.
 245  0.
 246  0.
 247  0.
 248  0.
 249  0.
 250  0.
 251  0.
 252  0.
 253  0.
 254  0.
 255  0.
 256  0.
 257  0.
 258  0.
 259  0.
 260  0.
 261  0.
 262  0.
 263  0.
 264  0.
 265  0.
 266  0.
 267  0.
 268  0.
 269  0.
 270  0.
 271  0.
 272  0.
 273  0.
 274  0.
 275  0.
 276  0.
 277  0.
 278  0.
 279  0.
 280  0.
 281  0.
 282  0.
 283  0.
 284  0.
 285  0.
 286  0.
 287  0.
 288  0.
 289  0.
 290  0.
 291  0.
 292  0.
 293  0.
 294  0.
 295  0.
 296  0.
 297  0.
 298  0.
 299  0.
 300  0.
 301  0.
 302  0.
 303  0.
 304  0.
 305  0.
 306  0.
 307  0.
 308  0.
 309  0.
 310  0.
 311  0.
 312  0.
 313  0.
 314  0.
 315  0.
 316  0.
 317  0.
 318  0.
 319  0.
 320  0.
 321  0.
 322  0.
 323  0.
 324  0.
 325  0.
 326  0.
 327  0.
 328  0.
 329  0.
 330  0.
 331  0.
 332  0.
 333  0.
 334  0.
 335  0.
 336  0.
 337  0.
 338  0.
 339  0.
 340  0.
 341  0.
 342  0.
 343  0.
 344  0.
 345  0.
 346  0.
 347  0.
 348  0.
 349  0.
 350  0.
 351  0.
 352  0.
 353  0.
 354  0.
 355  0.
 356  0.
 357  0.
 358  0.
 359  0.
 360  0.
 361  0.
 362  0.
 363  0.
 364  0.
 365  0.
 366  0.
 367  0.
 368  0.
 369  0.
 370  0.
 371  0.
 372  0.
 373  0.
 374  0.
 375  0.
 376  0.
 377  0.
 378  0.
 379  0.
 380  0.
 381  0.
 382  0.
 383  0.
 384  0.
 385  0.
 386  0.
 387  0.
 388  0.
 389  0.
 390  0.
 391  0.
 392  0.
 393  0.
 394  0.
 395  0.
 396  0.
 397  0.
 398  0.
 399  0.
 400  0.
 401  0.
 402  0.
 403  0.
 404  0.
 405  0.
 406  0.
 407  0.
 408  0.
 409  0.
 410  0.
 411  0.
 412  0.
 413  0.
 414  0.
 415  0.
 416  0.
 417  0.
 418  0.
 419  0.
 420  0.
 421  0.
 422  0.
 423  0.
 424  0.
 425  0.
 426  0.
 427  0.
 428  0.
 429  0.
 430  0.
 431  0.
 432  0.
 433  0.
 434  0.
 435  0.
 436  0.
 437  0.
 438  0.
 439  0.
 440  0.
 441  0.
 442  0.
 443  0.
 444  0.
 445  0.
 446  0.
 447  0.
 448  0.
 449  0.
 450  0.
 451  0.
 452  0.
 453  0.
 454  0.
 455  0.
 456  0.
 457  0.
 458  0.
 459  0.
 460  0.
 461  0.
 462  0.
 463  0.
 464  0.
 465  0.
 466  0.
 467  0.
 468  0.
 469  0.
 470  0.
 471  0.
 472  0.
 473  0.
 474  0.
 475  0.
 476  0.
 477  0.
 478  0.
 479  0.
 480  0.
 481  0.
 482  0.
 483  0.
 484  0.
 485  0.
 486  0.
 487  0.
 488  0.
 489  0.
 490  0.
 491  0.
 492  0.
 493  0.
 494  0.
 495  0.
 496  0.
 497  0.
 498  0.
 499  0.
 500  0.

 1  0.
 2  0.
 3  0.
 4  0.
 5  0.
 6  0.
 7  0.
 8  0.
 9  0.
 10  0.
 11  0.
 12  0.
 13  0.
 14  0.
 15  0.
 16  0.
 17  0.
 18  0.
 19  0.
 20  0.
 21  0.
 22  0.
 23  0.
 24  0.
 25  0.
 26  0.
 27  0.
 28  0.
 29  0.
 30  0.
 31  0.
 32  0.
 33  0.
 34  0.
 35  0.
 36  0.
 37  0.
 38  0.
 39  0.
 40  0.
 41  0.
 42  0.
 43  0.
 44  0.
 45  0.
 46  0.
 47  0.
 48  0.
 49  0.
 50  0.
 51  0.
 52  0.
 53  0.
 54  0.
 55  0.
 56  0.
 57  0.
 58  0.
 59  0.
 60  0.
 61  0.
 62  0.
 63  0.
 64  0.
 65  0.
 66  0.
 67  0.
 68  0.
 69  0.
 70  0.
 71  0.
 72  0.
 73  0.
 74  0.
 75  0.
 76  0.
 77  0.
 78  0.
 79  0.
 80  0.
 81  0.
 82  0.
 83  0.
 84  0.
 85  0.
 86  0.
 87  0.
 88  0.
 89  0.
 90  0.
 91  0.
 92  0.
 93  0.
 94  0.
 95  0.
 96  0.
 97  0.
 98  0.
 99  0.
 100  0.
 101  0.
 102  0.
 103  0.
 104  0.
 105  0.
 106  0.
 107  0.
 108  0.
 109  0.
 110  0.
 111  0.
 112  0.
 113  0.
 114  0.
 115  0.
 116  0.
 117  0.
 118  0.
 119  0.
 120  0.
 121  0.
 122  0.
 123  0.
 124  0.
 125  0.
 126  0.
 127  0.
 128  0.
 129  0.
 130  0.
 131  0.
 132  0.
 133  0.
 134  0.
 135  0.
 136  0.
 137  0.
 138  0.
 139  0.
 140  0.
 141  0.
 142  0.
 143  0.
 144  0.
 145  0.
 146  0.
 147  0.
 148  0.
 149  0.
 150  0.
 151  0.
 152  0.
 153  0.
 154  0.
 155  0.
 156  0.
 157  0.
 158  0.
 159  0.
 160  0.
 161  0.
 162  0.
 163  0.
 164  0.
 165  0.
 166  0.
 167  0.
 168  0.
 169  0.
 170  0.
 171  0.
 172  0.
 173  0.
 174  0.
 175  0.
 176  0.
 177  0.
 178  0.
 179  0.
 180  0.
 181  0.
 182  0.
 183  0.
 184  0.
 185  0.
 186  0.
 187  0.
 188  0.
 189  0.
 190  0.
 191  0.
 192  0.
 193  0.
 194  0.
 195  0.
 196  0.
 197  0.
 198  0.
 199  0.
 200  0.
 201  0.
 202  0.
 203  0.
 204  0.
 205  0.
 206  0.
 207  0.
 208  0.
 209  0.
 210  0.
 211  0.
 212  0.
 213  0.
 214  0.
 215  0.
 216  0.
 217  0.
 218  0.
 219  0.
 220  0.
 221  0.
 222  0.
 223  0.
 224  0.
 225  0.
 226  0.
 227  0.
 228  0.
 229  0.
 230  0.
 231  0.
 232  0.
 233  0.
 234  0.
 235  0.
 236  0.
 237  0.
 238  0.
 239  0.
 240  0.
 241  0.
 242  0.
 243  0.
 244  0.
 245  0.
 246  0.
 247  0.
 248  0.
 249  0.
 250  0.
 251  0.
 252  0.
 253  0.
 254  0.
 255  0.
 256  0.
 257  0.
 258  0.
 259  0.
 260  0.
 261  0.
 262  0.
 263  0.
 264  0.
 265  0.
 266  0.
 267  0.
 268  0.
 269  0.
 270  0.
 271  0.
 272  0.
 273  0.
 274  0.
 275  0.
 276  0.
 277  0.
 278  0.
 279  0.
 280  0.
 281  0.
 282  0.
 283  0.
 284  0.
 285  0.
 286  0.
 287  0.
 288  0.
 289  0.
 290  0.
 291  0.
 292  0.
 293  0.
 294  0.
 295  0.
 296  0.
 297  0.
 298  0.
 299  0.
 300  0.
 301  0.
 302  0.
 303  0.
 304  0.
 305  0.
 306  0.
 307  0.
 308  0.
 309  0.
 310  0.
 311  0.
 312  0.
 313  0.
 314  0.
 315  0.
 316  0.
 317  0.
 318  0.
 319  0.
 320  0.
 321  0.
 322  0.
 323  0.
 324  0.
 325  0.
 326  0.
 327  0.
 328  0.
 329  0.
 330  0.
 331  0.
 332  0.
 333  0.
 334  0.
 335  0.
 336  0.
 337  0.
 338  0.
 339  0.
 340  0.
 341  0.
 342  0.
 343  0.
 344  0.
 345  0.
 346  0.
 347  0.
 348  0.
 349  0.
 350  0.
 351  0.
 352  0.
 353  0.
 354  0.
 355  0.
 356  0.
 357  0.
 358  0.
 359  0.
 360  0.
 361  0.
 362  0.
 363  0.
 364  0.
 365  0.
 366  0.
 367  0.
 368  0.
 369  0.
 370  0.
 371  0.
 372  0.
 373  0.
 374  0.
 375  0.
 376  0.
 377  0.
 378  0.
 379  0.
 380  0.
 381  0.
 382  0.
 383  0.
 384  0.
 385  0.
 386  0.
 387  0.
 388  0.
 389  0.
 390  0.
 391  0.
 392  0.
 393  0.
 394  0.
 395  0.
 396  0.
 397  0.
 398  0.
 399  0.
 400  0.
 401  0.
 402  0.
 403  0.
 404  0.
 405  0.
 406  0.
 407  0.
 408  0.
 409  0.
 410  0.
 411  0.
 412  0.
 413  0.
 414  0.
 415  0.
 416  0.
 417  0.
 418  0.
 419  0.
 420  0.
 421  0.
 422  0.
 423  0.
 424  0.
 425  0.
 426  0.
 427  0.
 428  0.
 429  0.
 430  0.
 431  0.
 432  0.
 433  0.
 434  0.
 435  0.
 436  0.
 437  0.
 438  0.
 439  0.
 440  0.
 441  0.
 442  0.
 443  0.
 444  0.
 445  0.
 446  0.
 447  0.
 448  0.
 449  0.
 450  0.
 451  0.
 452  0.
 453  0.
 454  0.
 455  0.
 456  0.
 457  0.
 458  0.
 459  0.
 460  0.
 461  0.
 462  0.
 463  0.
 464  0.
 465  0.
 466  0.
 467  0.
 468  0.
 469  0.
 470  0.
 471  0.
 472  0.
 473  0.
 474  0.
 475  0.
 476  0.
 477  0.
 478  0.
 479  0.
 480  0.
 481  0.
 482  0.
 483  0.
 484  0.
 485  0.
 486  0.
 487  0.
 488  0.
 489  0.
 490  0.
 491  0.
 492  0.
 493  0.
 494  0.
 495  0.
 496  0.
 497  0.
 498  0.
 499  0.
 500  0.

 1  0.
 2  0.
 3  0.
 4  0.
 5  0.
 6  0.
 7  0.
 8  0.
 9  0.
 10  0.
 11  0.
 12  0.
 13  0.
 14  0.
 15  0.
 16  0.
 17  0.
 18  0.
 19  0.
 20  0.
 21  0.
 22  0.
 23  0.
 24  0.
 25  0.
 26  0.
 27  0.
 28  0.
 29  0.
 30  0.
 31  0.
 32  0.
 33  0.
 34  0.
 35  0.
 36  0.
 37  0.
 38  0.
 39  0.
 40  0.
 41  0.
 42  0.
 43  0.
 44  0.
 45  0.
 46  0.
 47  0.
 48  0.
 49  0.
 50  0.
 51  0.
 52  0.
 53  0.
 54  0.
 55  0.
 56  0.
 57  0.
 58  0.
 59  0.
 60  0.
 61  0.
 62  0.
 63  0.
 64  0.
 65  0.
 66  0.
 67  0.
 68  0.
 69  0.
 70  0.
 71  0.
 72  0.
 73  0.
 74  0.
 75  0.
 76  0.
 77  0.
 78  0.
 79  0.
 80  0.
 81  0.
 82  0.
 83  0.
 84  0.
 85  0.
 86  0.
 87  0.
 88  0.
 89  0.
 90  0.
 91  0.
 92  0.
 93  0.
 94  0.
 95  0.
 96  0.
 97  0.
 98  0.
 99  0.
 100  0.
 101  0.
 102  0.
 103  0.
 104  0.
 105  0.
 106  0.
 107  0.
 108  0.
 109  0.
 110  0.
 111  0.
 112  0.
 113  0.
 114  0.
 115  0.
 116  0.
 117  0.
 118  0.
 119  0.
 120  0.
 121  0.
 122  0.
 123  0.
 124  0.
 125  0.
 126  0.
 127  0.
 128  0.
 129  0.
 130  0.
 131  0.
 132  0.
 133  0.
 134  0.
 135  0.
 136  0.
 137  0.
 138  0.
 139  0.
 140  0.
 141  0.
 142  0.
 143  0.
 144  0.
 145  0.
 146  0.
 147  0.
 148  0.
 149  0.
 150  0.
 151  0.
 152  0.
 153  0.
 154  0.
 155  0.
 156  0.
 157  0.
 158  0.
 159  0.
 160  0.
 161  0.
 162  0.
 163  0.
 164  0.
 165  0.
 166  0.
 167  0.
 168  0.
 169  0.
 170  0.
 171  0.
 172  0.
 173  0.
 174  0.
 175  0.
 176  0.
 177  0.
 178  0.
 179  0.
 180  0.
 181  0.
 182  0.
 183  0.
 184  0.
 185  0.
 186  0.
 187  0.
 188  0.
 189  0.
 190  0.
 191  0.
 192  0.
 193  0.
 194  0.
 195  0.
 196  0.
 197  0.
 198  0.
 199  0.
 200  0.
 201  0.
 202  0.
 203  0.
 204  0.
 205  0.
 206  0.
 207  0.
 208  0.
 209  0.
 210  0.
 211  0.
 212  0.
 213  0.
 214  0.
 215  0.
 216  0.
 217  0.
 218  0.
 219  0.
 220  0.
 221  0.
 222  0.
 223  0.
 224  0.
 225  0.
 226  0.
 227  0.
 228  0.
 229  0.
 230  0.
 231  0.
 232  0.
 233  0.
 234  0.
 235  0.
 236  0.
 237  0.
 238  0.
 239  0.
 240  0.
 241  0.
 242  0.
 243  0.
 244  0.
 245  0.
 246  0.
 247  0.
 248  0.
 249  0.
 250  0.
 251  0.
 252  0.
 253  0.
 254  0.
 255  0.
 256  0.
 257  0.
 258  0.
 259  0.
 260  0.
 261  0.
 262  0.
 263  0.
 264  0.
 265  0.
 266  0.
 267  0.
 268  0.
 269  0.
 270  0.
 271  0.
 272  0.
 273  0.
 274  0.
 275  0.
 276  0.
 277  0.
 278  0.
 279  0.
 280  0.
 281  0.
 282  0.
 283  0.
 284  0.
 285  0.
 286  0.
 287  0.
 288  0.
 289  0.
 290  0.
 291  0.
 292  0.
 293  0.
 294  0.
 295  0.
 296  0.
 297  0.
 298  0.
 299  0.
 300  0.
 301  0.
 302  0.
 303  0.
 304  0.
 305  0.
 306  0.
 307  0.
 308  0.
 309  0.
 310  0.
 311  0.
 312  0.
 313  0.
 314  0.
 315  0.
 316  0.
 317  0.
 318  0.
 319  0.
 320  0.
 321  0.
 322  0.
 323  0.
 324  0.
 325  0.
 326  0.
 327  0.
 328  0.
 329  0.
 330  0.
 331  0.
 332  0.
 333  0.
 334  0.
 335  0.
 336  0.
 337  0.
 338  0.
 339  0.
 340  0.
 341  0.
 342  0.
 343  0.
 344  0.
 345  0.
 346  0.
 347  0.
 348  0.
 349  0.
 350  0.
 351  0.
 352  0.
 353  0.
 354  0.
 355  0.
 356  0.
 357  0.
 358  0.
 359  0.
 360  0.
 361  0.
 362  0.
 363  0.
 364  0.
 365  0.
 366  0.
 367  0.
 368  0.
 369  0.
 370  0.
 371  0.
 372  0.
 373  0.
 374  0.
 375  0.
 376  0.
 377  0.
 378  0.
 379  0.
 380  0.
 381  0.
 382  0.
 383  0.
 384  0.
 385  0.
 386  0.
 387  0.
 388  0.
 389  0.
 390  0.
 391  0.
 392  0.
 393  0.
 394  0.
 395  0.
 396  0.
 397  0.
 398  0.
 399  0.
 400  0.
 401  0.
 402  0.
 403  0.
 404  0.
 405  0.
 406  0.
 407  0.
 408  0.
 409  0.
 410  0.
 411  0.
 412  0.
 413  0.
 414  0.
 415  0.
 416  0.
 417  0.
 418  0.
 419  0.
 420  0.
 421  0.
 422  0.
 423  0.
 424  0.
 425  0.
 426  0.
 427  0.
 428  0.
 429  0.
 430  0.
 431  0.
 432  0.
 433  0.
 434  0.
 435  0.
 436  0.
 437  0.
 438  0.
 439  0.
 440  0.
 441  0.
 442  0.
 443  0.
 444  0.
 445  0.
 446  0.
 447  0.
 448  0.
 449  0.
 450  0.
 451  0.
 452  0.
 453  0.
 454  0.
 455  0.
 456  0.
 457  0.
 458  0.
 459  0.
 460  0.
 461  0.
 462  0.
 463  0.
 464  0.
 465  0.
 466  0.
 467  0.
 468  0.
 469  0.
 470  0.
 471  0.
 472  0.
 473  0.
 474  0.
 475  0.
 476  0.
 477  0.
 478  0.
 479  0.
 480  0.
 481  0.
 482  0.
 483  0.
 484  0.
 485  0.
 486  0.
 487  0.
 488  0.
 489  0.
 490  0.
 491  0.
 492  0.
 493  0.
 494  0.
 495  0.
 496  0.
 497  0.
 498  0.
 499  0.
 500  0.

 1  0.
 2  0.
 3  0.
 4  0.
 5  0.
 6  0.
 7  0.
 8  0.
 9  0.
 10  0.
 11  0.
 12  0.
 13  0.
 14  0.
 15  0.
 16  0.
 17  0.
 18  0.
 19  0.
 20  0.
 21  0.
 22  0.
 23  0.
 24  0.
 25  0.
 26  0.
 27  0.
 28  0.
 29  0.
 30  0.
 31  0.
 32  0.
 33  0.
 34  0.
 35  0.
 36  0.
 37  0.
 38  0.
 39  0.
 40  0.
 41  0.
 42  0.
 43  0.
 44  0.
 45  0.
 46  0.
 47  0.
 48  0.
 49  0.
 50  0.
 51  0.
 52  0.
 53  0.
 54  0.
 55  0.
 56  0.
 57  0.
 58  0.
 59  0.
 60  0.
 61  0.
 62  0.
 63  0.
 64  0.
 65  0.
 66  0.
 67  0.
 68  0.
 69  0.
 70  0.
 71  0.
 72  0.
 73  0.
 74  0.
 75  0.
 76  0.
 77  0.
 78  0.
 79  0.
 80  0.
 81  0.
 82  0.
 83  0.
 84  0.
 85  0.
 86  0.
 87  0.
 88  0.
 89  0.
 90  0.
 91  0.
 92  0.
 93  0.
 94  0.
 95  0.
 96  0.
 97  0.
 98  0.
 99  0.
 100  0.
 101  0.
 102  0.
 103  0.
 104  0.
 105  0.
 106  0.
 107  0.
 108  0.
 109  0.
 110  0.
 111  0.
 112  0.
 113  0.
 114  0.
 115  0.
 116  0.
 117  0.
 118  0.
 119  0.
 120  0.
 121  0.
 122  0.
 123  0.
 124  0.
 125  0.
 126  0.
 127  0.
 128  0.
 129  0.
 130  0.
 131  0.
 132  0.
 133  0.
 134  0.
 135  0.
 136  0.
 137  0.
 138  0.
 139  0.
 140  0.
 141  0.
 142  0.
 143  0.
 144  0.
 145  0.
 146  0.
 147  0.
 148  0.
 149  0.
 150  0.
 151  0.
 152  0.
 153  0.
 154  0.
 155  0.
 156  0.
 157  0.
 158  0.
 159  0.
 160  0.
 161  0.
 162  0.
 163  0.
 164  0.
 165  0.
 166  0.
 167  0.
 168  0.
 169  0.
 170  0.
 171  0.
 172  0.
 173  0.
 174  0.
 175  0.
 176  0.
 177  0.
 178  0.
 179  0.
 180  0.
 181  0.
 182  0.
 183  0.
 184  0.
 185  0.
 186  0.
 187  0.
 188  0.
 189  0.
 190  0.
 191  0.
 192  0.
 193  0.
 194  0.
 195  0.
 196  0.
 197  0.
 198  0.
 199  0.
 200  0.
 201  0.
 202  0.
 203  0.
 204  0.
 205  0.
 206  0.
 207  0.
 208  0.
 209  0.
 210  0.
 211  0.
 212  0.
 213  0.
 214  0.
 215  0.
 216  0.
 217  0.
 218  0.
 219  0.
 220  0.
 221  0.
 222  0.
 223  0.
 224  0.
 225  0.
 226  0.
 227  0.
 228  0.
 229  0.
 230  0.
 231  0.
 232  0.
 233  0.
 234  0.
 235  0.
 236  0.
 237  0.
 238  0.
 239  0.
 240  0.
 241  0.
 242  0.
 243  0.
 244  0.
 245  0.
 246  0.
 247  0.
 248  0.
 249  0.
 250  0.
 251  0.
 252  0.
 253  0.
 254  0.
 255  0.
 256  0.
 257  0.
 258  0.
 259  0.
 260  0.
 261  0.
 262  0.
 263  0.
 264  0.
 265  0.
 266  0.
 267  0.
 268  0.
 269  0.
 270  0.
 271  0.
 272  0.
 273  0.
 274  0.
 275  0.
 276  0.
 277  0.
 278  0.
 279  0.
 280  0.
 281  0.
 282  0.
 283  0.
 284  0.
 285  0.
 286  0.
 287  0.
 288  0.
 289  0.
 290  0.
 291  0.
 292  0.
 293  0.
 294  0.
 295  0.
 296  0.
 297  0.
 298  0.
 299  0.
 300  0.
 301  0.
 302  0.
 303  0.
 304  0.
 305  0.
 306  0.
 307  0.
 308  0.
 309  0.
 310  0.
 311  0.
 312  0.
 313  0.
 314  0.
 315  0.
 316  0.
 317  0.
 318  0.
 319  0.
 320  0.
 321  0.
 322  0.
 323  0.
 324  0.
 325  0.
 326  0.
 327  0.
 328  0.
 329  0.
 330  0.
 331  0.
 332  0.
 333  0.
 334  0.
 335  0.
 336  0.
 337  0.
 338  0.
 339  0.
 340  0.
 341  0.
 342  0.
 343  0.
 344  0.
 345  0.
 346  0.
 347  0.
 348  0.
 349  0.
 350  0.
 351  0.
 352  0.
 353  0.
 354  0.
 355  0.
 356  0.
 357  0.
 358  0.
 359  0.
 360  0.
 361  0.
 362  0.
 363  0.
 364  0.
 365  0.
 366  0.
 367  0.
 368  0.
 369  0.
 370  0.
 371  0.
 372  0.
 373  0.
 374  0.
 375  0.
 376  0.
 377  0.
 378  0.
 379  0.
 380  0.
 381  0.
 382  0.
 383  0.
 384  0.
 385  0.
 386  0.
 387  0.
 388  0.
 389  0.
 390  0.
 391  0.
 392  0.
 393  0.
 394  0.
 395  0.
 396  0.
 397  0.
 398  0.
 399  0.
 400  0.
 401  0.
 402  0.
 403  0.
 404  0.
 405  0.
 406  0.
 407  0.
 408  0.
 409  0.
 410  0.
 411  0.
 412  0.
 413  0.
 414  0.
 415  0.
 416  0.
 417  0.
 418  0.
 419  0.
 420  0.
 421  0.
 422  0.
 423  0.
 424  0.
 425  0.
 426  0.
 427  0.
 428  0.
 429  0.
 430  0.
 431  0.
 432  0.
 433  0.
 434  0.
 435  0.
 436  0.
 437  0.
 438  0.
 439  0.
 440  0.
 441  0.
 442  0.
 443  0.
 444  0.
 445  0.
 446  0.
 447  0.
 448  0.
 449  0.
 450  0.
 451  0.
 452  0.
 453  0.
 454  0.
 455  0.
 456  0.
 457  0.
 458  0.
 459  0.
 460  0.
 461  0.
 462  0.
 463  0.
 464  0.
 465  0.
 466  0.
 467  0.
 468  0.
 469  0.
 470  0.
 471  0.
 472  0.
 473  0.
 474  0.
 475  0.
 476  0.
 477  0.
 478  0.
 479  0.
 480  0.
 481  0.
 482  0.
 483  0.
 484  0.
 485  0.
 486  0.
 487  0.
 488  0.
 489  0.
 490  0.
 491  0.
 492  0.
 493  0.
 494  0.
 495  0.
 496  0.
 497  0.
 498  0.
 499  0.
 500  0.

 1  0.
 2  0.
 3  0.
 4  0.
 5  0.
 6  0.
 7  0.
 8  0.
 9  0.
 10  0.
 11  0.
 12  0.
 13  0.
 14  0.
 15  0.
 16  0.
 17  0.
 18  0.
 19  0.
 20  0.
 21  0.
 22  0.
 23  0.
 24  0.
 25  0.
 26  0.
 27  0.
 28  0.
 29  0.
 30  0.
 31  0.
 32  0.
 33  0.
 34  0.
 35  0.
 36  0.
 37  0.
 38  0.
 39  0.
 40  0.
 41  0.
 42  0.
 43  0.
 44  0.
 45  0.
 46  0.
 47  0.
 48  0.
 49  0.
 50  0.
 51  0.
 52  0.
 53  0.
 54  0.
 55  0.
 56  0.
 57  0.
 58  0.
 59  0.
 60  0.
 61  0.
 62  0.
 63  0.
 64  0.
 65  0.
 66  0.
 67  0.
 68  0.
 69  0.
 70  0.
 71  0.
 72  0.
 73  0.
 74  0.
 75  0.
 76  0.
 77  0.
 78  0.
 79  0.
 80  0.
 81  0.
 82  0.
 83  0.
 84  0.
 85  0.
 86  0.
 87  0.
 88  0.
 89  0.
 90  0.
 91  0.
 92  0.
 93  0.
 94  0.
 95  0.
 96  0.
 97  0.
 98  0.
 99  0.
 100  0.
 101  0.
 102  0.
 103  0.
 104  0.
 105  0.
 106  0.
 107  0.
 108  0.
 109  0.
 110  0.
 111  0.
 112  0.
 113  0.
 114  0.
 115  0.
 116  0.
 117  0.
 118  0.
 119  0.
 120  0.
 121  0.
 122  0.
 123  0.
 124  0.
 125  0.
 126  0.
 127  0.
 128  0.
 129  0.
 130  0.
 131  0.
 132  0.
 133  0.
 134  0.
 135  0.
 136  0.
 137  0.
 138  0.
 139  0.
 140  0.
 141  0.
 142  0.
 143  0.
 144  0.
 145  0.
 146  0.
 147  0.
 148  0.
 149  0.
 150  0.
 151  0.
 152  0.
 153  0.
 154  0.
 155  0.
 156  0.
 157  0.
 158  0.
 159  0.
 160  0.
 161  0.
 162  0.
 163  0.
 164  0.
 165  0.
 166  0.
 167  0.
 168  0.
 169  0.
 170  0.
 171  0.
 172  0.
 173  0.
 174  0.
 175  0.
 176  0.
 177  0.
 178  0.
 179  0.
 180  0.
 181  0.
 182  0.
 183  0.
 184  0.
 185  0.
 186  0.
 187  0.
 188  0.
 189  0.
 190  0.
 191  0.
 192  0.
 193  0.
 194  0.
 195  0.
 196  0.
 197  0.
 198  0.
 199  0.
 200  0.
 201  0.
 202  0.
 203  0.
 204  0.
 205  0.
 206  0.
 207  0.
 208  0.
 209  0.
 210  0.
 211  0.
 212  0.
 213  0.
 214  0.
 215  0.
 216  0.
 217  0.
 218  0.
 219  0.
 220  0.
 221  0.
 222  0.
 223  0.
 224  0.
 225  0.
 226  0.
 227  0.
 228  0.
 229  0.
 230  0.
 231  0.
 232  0.
 233  0.
 234  0.
 235  0.
 236  0.
 237  0.
 238  0.
 239  0.
 240  0.
 241  0.
 242  0.
 243  0.
 244  0.
 245  0.
 246  0.
 247  0.
 248  0.
 249  0.
 250  0.
 251  0.
 252  0.
 253  0.
 254  0.
 255  0.
 256  0.
 257  0.
 258  0.
 259  0.
 260  0.
 261  0.
 262  0.
 263  0.
 264  0.
 265  0.
 266  0.
 267  0.
 268  0.
 269  0.
 270  0.
 271  0.
 272  0.
 273  0.
 274  0.
 275  0.
 276  0.
 277  0.
 278  0.
 279  0.
 280  0.
 281  0.
 282  0.
 283  0.
 284  0.
 285  0.
 286  0.
 287  0.
 288  0.
 289  0.
 290  0.
 291  0.
 292  0.
 293  0.
 294  0.
 295  0.
 296  0.
 297  0.
 298  0.
 299  0.
 300  0.
 301  0.
 302  0.
 303  0.
 304  0.
 305  0.
 306  0.
 307  0.
 308  0.
 309  0.
 310  0.
 311  0.
 312  0.
 313  0.
 314  0.
 315  0.
 316  0.
 317  0.
 318  0.
 319  0.
 320  0.
 321  0.
 322  0.
 323  0.
 324  0.
 325  0.
 326  0.
 327  0.
 328  0.
 329  0.
 330  0.
 331  0.
 332  0.
 333  0.
 334  0.
 335  0.
 336  0.
 337  0.
 338  0.
 339  0.
 340  0.
 341  0.
 342  0.
 343  0.
 344  0.
 345  0.
 346  0.
 347  0.
 348  0.
 349  0.
 350  0.
 351  0.
 352  0.
 353  0.
 354  0.
 355  0.
 356  0.
 357  0.
 358  0.
 359  0.
 360  0.
 361  0.
 362  0.
 363  0.
 364  0.
 365  0.
 366  0.
 367  0.
 368  0.
 369  0.
 370  0.
 371  0.
 372  0.
 373  0.
 374  0.
 375  0.
 376  0.
 377  0.
 378  0.
 379  0.
 380  0.
 381  0.
 382  0.
 383  0.
 384  0.
 385  0.
 386  0.
 387  0.
 388  0.
 389  0.
 390  0.
 391  0.
 392  0.
 393  0.
 394  0.
 395  0.
 396  0.
 397  0.
 398  0.
 399  0.
 400  0.
 401  0.
 402  0.
 403  0.
 404  0.
 405  0.
 406  0.
 407  0.
 408  0.
 409  0.
 410  0.
 411  0.
 412  0.
 413  0.
 414  0.
 415  0.
 416  0.
 417  0.
 418  0.
 419  0.
 420  0.
 421  0.
 422  0.
 423  0.
 424  0.
 425  0.
 426  0.
 427  0.
 428  0.
 429  0.
 430  0.
 431  0.
 432  0.
 433  0.
 434  0.
 435  0.
 436  0.
 437  0.
 438  0.
 439  0.
 440  0.
 441  0.
 442  0.
 443  0.
 444  0.
 445  0.
 446  0.
 447  0.
 448  0.
 449  0.
 450  0.
 451  0.
 452  0.
 453  0.
 454  0.
 455  0.
 456  0.
 457  0.
 458  0.
 459  0.
 460  0.
 461  0.
 462  0.
 463  0.
 464  0.
 465  0.
 466  0.
 467  0.
 468  0.
 469  0.
 470  0.
 471  0.
 472  0.
 473  0.
 474  0.
 475  0.
 476  0.
 477  0.
 478  0.
 479  0.
 480  0.
 481  0.
 482  0.
 483  0.
 484  0.
 485  0.
 486  0.
 487  0.
 488  0.
 489  0.
 490  0.
 491  0.
 492  0.
 493  0.
 494  0.
 495  0.
 496  0.
 497  0.
 498  0.
 499  0.
 500  0.

 1  0.
 2  0.
 3  0.
 4  0.
 5  0.
 6  0.
 7  0.
 8  0.
 9  0.
 10  0.
 11  0.
 12  0.
 13  0.
 14  0.
 15  0.
 16  0.
 17  0.
 18  0.
 19  0.
 20  0.
 21  0.
 22  0.
 23  0.
 24  0.
 25  0.
 26  0.
 27  0.
 28  0.
 29  0.
 30  0.
 31  0.
 32  0.
 33  0.
 34  0.
 35  0.
 36  0.
 37  0.
 38  0.
 39  0.
 40  0.
 41  0.
 42  0.
 43  0.
 44  0.
 45  0.
 46  0.
 47  0.
 48  0.
 49  0.
 50  0.
 51  0.
 52  0.
 53  0.
 54  0.
 55  0.
 56  0.
 57  0.
 58  0.
 59  0.
 60  0.
 61  0.
 62  0.
 63  0.
 64  0.
 65  0.
 66  0.
 67  0.
 68  0.
 69  0.
 70  0.
 71  0.
 72  0.
 73  0.
 74  0.
 75  0.
 76  0.
 77  0.
 78  0.
 79  0.
 80  0.
 81  0.
 82  0.
 83  0.
 84  0.
 85  0.
 86  0.
 87  0.
 88  0.
 89  0.
 90  0.
 91  0.
 92  0.
 93  0.
 94  0.
 95  0.
 96  0.
 97  0.
 98  0.
 99  0.
 100  0.
 101  0.
 102  0.
 103  0.
 104  0.
 105  0.
 106  0.
 107  0.
 108  0.
 109  0.
 110  0.
 111  0.
 112  0.
 113  0.
 114  0.
 115  0.
 116  0.
 117  0.
 118  0.
 119  0.
 120  0.
 121  0.
 122  0.
 123  0.
 124  0.
 125  0.
 126  0.
 127  0.
 128  0.
 129  0.
 130  0.
 131  0.
 132  0.
 133  0.
 134  0.
 135  0.
 136  0.
 137  0.
 138  0.
 139  0.
 140  0.
 141  0.
 142  0.
 143  0.
 144  0.
 145  0.
 146  0.
 147  0.
 148  0.
 149  0.
 150  0.
 151  0.
 152  0.
 153  0.
 154  0.
 155  0.
 156  0.
 157  0.
 158  0.
 159  0.
 160  0.
 161  0.
 162  0.
 163  0.
 164  0.
 165  0.
 166  0.
 167  0.
 168  0.
 169  0.
 170  0.
 171  0.
 172  0.
 173  0.
 174  0.
 175  0.
 176  0.
 177  0.
 178  0.
 179  0.
 180  0.
 181  0.
 182  0.
 183  0.
 184  0.
 185  0.
 186  0.
 187  0.
 188  0.
 189  0.
 190  0.
 191  0.
 192  0.
 193  0.
 194  0.
 195  0.
 196  0.
 197  0.
 198  0.
 199  0.
 200  0.
 201  0.
 202  0.
 203  0.
 204  0.
 205  0.
 206  0.
 207  0.
 208  0.
 209  0.
 210  0.
 211  0.
 212  0.
 213  0.
 214  0.
 215  0.
 216  0.
 217  0.
 218  0.
 219  0.
 220  0.
 221  0.
 222  0.
 223  0.
 224  0.
 225  0.
 226  0.
 227  0.
 228  0.
 229  0.
 230  0.
 231  0.
 232  0.
 233  0.
 234  0.
 235  0.
 236  0.
 237  0.
 238  0.
 239  0.
 240  0.
 241  0.
 242  0.
 243  0.
 244  0.
 245  0.
 246  0.
 247  0.
 248  0.
 249  0.
 250  0.
 251  0.
 252  0.
 253  0.
 254  0.
 255  0.
 256  0.
 257  0.
 258  0.
 259  0.
 260  0.
 261  0.
 262  0.
 263  0.
 264  0.
 265  0.
 266  0.
 267  0.
 268  0.
 269  0.
 270  0.
 271  0.
 272  0.
 273  0.
 274  0.
 275  0.
 276  0.
 277  0.
 278  0.
 279  0.
 280  0.
 281  0.
 282  0.
 283  0.
 284  0.
 285  0.
 286  0.
 287  0.
 288  0.
 289  0.
 290  0.
 291  0.
 292  0.
 293  0.
 294  0.
 295  0.
 296  0.
 297  0.
 298  0.
 299  0.
 300  0.
 301  0.
 302  0.
 303  0.
 304  0.
 305  0.
 306  0.
 307  0.
 308  0.
 309  0.
 310  0.
 311  0.
 312  0.
 313  0.
 314  0.
 315  0.
 316  0.
 317  0.
 318  0.
 319  0.
 320  0.
 321  0.
 322  0.
 323  0.
 324  0.
 325  0.
 326  0.
 327  0.
 328  0.
 329  0.
 330  0.
 331  0.
 332  0.
 333  0.
 334  0.
 335  0.
 336  0.
 337  0.
 338  0.
 339  0.
 340  0.
 341  0.
 342  0.
 343  0.
 344  0.
 345  0.
 346  0.
 347  0.
 348  0.
 349  0.
 350  0.
 351  0.
 352  0.
 353  0.
 354  0.
 355  0.
 356  0.
 357  0.
 358  0.
 359  0.
 360  0.
 361  0.
 362  0.
 363  0.
 364  0.
 365  0.
 366  0.
 367  0.
 368  0.
 369  0.
 370  0.
 371  0.
 372  0.
 373  0.
 374  0.
 375  0.
 376  0.
 377  0.
 378  0.
 379  0.
 380  0.
 381  0.
 382  0.
 383  0.
 384  0.
 385  0.
 386  0.
 387  0.
 388  0.
 389  0.
 390  0.
 391  0.
 392  0.
 393  0.
 394  0.
 395  0.
 396  0.
 397  0.
 398  0.
 399  0.
 400  0.
 401  0.
 402  0.
 403  0.
 404  0.
 405  0.
 406  0.
 407  0.
 408  0.
 409  0.
 410  0.
 411  0.
 412  0.
 413  0.
 414  0.
 415  0.
 416  0.
 417  0.
 418  0.
 419  0.
 420  0.
 421  0.
 422  0.
 423  0.
 424  0.
 425  0.
 426  0.
 427  0.
 428  0.
 429  0.
 430  0.
 431  0.
 432  0.
 433  0.
 434  0.
 435  0.
 436  0.
 437  0.
 438  0.
 439  0.
 440  0.
 441  0.
 442  0.
 443  0.
 444  0.
 445  0.
 446  0.
 447  0.
 448  0.
 449  0.
 450  0.
 451  0.
 452  0.
 453  0.
 454  0.
 455  0.
 456  0.
 457  0.
 458  0.
 459  0.
 460  0.
 461  0.
 462  0.
 463  0.
 464  0.
 465  0.
 466  0.
 467  0.
 468  0.
 469  0.
 470  0.
 471  0.
 472  0.
 473  0.
 474  0.
 475  0.
 476  0.
 477  0.
 478  0.
 479  0.
 480  0.
 481  0.
 482  0.
 483  0.
 484  0.
 485  0.
 486  0.
 487  0.
 488  0.
 489  0.
 490  0.
 491  0.
 492  0.
 493  0.
 494  0.
 495  0.
 496  0.
 497  0.
 498  0.
 499  0.
 500  0.

 1  0.
 2  0.
 3  0.
 4  0.
 5  0.
 6  0.
 7  0.
 8  0.
 9  0.
 10  0.
 11  0.
 12  0.
 13  0.
 14  0.
 15  0.
 16  0.
 17  0.
 18  0.
 19  0.
 20  0.
 21  0.
 22  0.
 23  0.
 24  0.
 25  0.
 26  0.
 27  0.
 28  0.
 29  0.
 30  0.
 31  0.
 32  0.
 33  0.
 34  0.
 35  0.
 36  0.
 37  0.
 38  0.
 39  0.
 40  0.
 41  0.
 42  0.
 43  0.
 44  0.
 45  0.
 46  0.
 47  0.
 48  0.
 49  0.
 50  0.
 51  0.
 52  0.
 53  0.
 54  0.
 55  0.
 56  0.
 57  0.
 58  0.
 59  0.
 60  0.
 61  0.
 62  0.
 63  0.
 64  0.
 65  0.
 66  0.
 67  0.
 68  0.
 69  0.
 70  0.
 71  0.
 72  0.
 73  0.
 74  0.
 75  0.
 76  0.
 77  0.
 78  0.
 79  0.
 80  0.
 81  0.
 82  0.
 83  0.
 84  0.
 85  0.
 86  0.
 87  0.
 88  0.
 89  0.
 90  0.
 91  0.
 92  0.
 93  0.
 94  0.
 95  0.
 96  0.
 97  0.
 98  0.
 99  0.
 100  0.
 101  0.
 102  0.
 103  0.
 104  0.
 105  0.
 106  0.
 107  0.
 108  0.
 109  0.
 110  0.
 111  0.
 112  0.
 113  0.
 114  0.
 115  0.
 116  0.
 117  0.
 118  0.
 119  0.
 120  0.
 121  0.
 122  0.
 123  0.
 124  0.
 125  0.
 126  0.
 127  0.
 128  0.
 129  0.
 130  0.
 131  0.
 132  0.
 133  0.
 134  0.
 135  0.
 136  0.
 137  0.
 138  0.
 139  0.
 140  0.
 141  0.
 142  0.
 143  0.
 144  0.
 145  0.
 146  0.
 147  0.
 148  0.
 149  0.
 150  0.
 151  0.
 152  0.
 153  0.
 154  0.
 155  0.
 156  0.
 157  0.
 158  0.
 159  0.
 160  0.
 161  0.
 162  0.
 163  0.
 164  0.
 165  0.
 166  0.
 167  0.
 168  0.
 169  0.
 170  0.
 171  0.
 172  0.
 173  0.
 174  0.
 175  0.
 176  0.
 177  0.
 178  0.
 179  0.
 180  0.
 181  0.
 182  0.
 183  0.
 184  0.
 185  0.
 186  0.
 187  0.
 188  0.
 189  0.
 190  0.
 191  0.
 192  0.
 193  0.
 194  0.
 195  0.
 196  0.
 197  0.
 198  0.
 199  0.
 200  0.
 201  0.
 202  0.
 203  0.
 204  0.
 205  0.
 206  0.
 207  0.
 208  0.
 209  0.
 210  0.
 211  0.
 212  0.
 213  0.
 214  0.
 215  0.
 216  0.
 217  0.
 218  0.
 219  0.
 220  0.
 221  0.
 222  0.
 223  0.
 224  0.
 225  0.
 226  0.
 227  0.
 228  0.
 229  0.
 230  0.
 231  0.
 232  0.
 233  0.
 234  0.
 235  0.
 236  0.
 237  0.
 238  0.
 239  0.
 240  0.
 241  0.
 242  0.
 243  0.
 244  0.
 245  0.
 246  0.
 247  0.
 248  0.
 249  0.
 250  0.
 251  0.
 252  0.
 253  0.
 254  0.
 255  0.
 256  0.
 257  0.
 258  0.
 259  0.
 260  0.
 261  0.
 262  0.
 263  0.
 264  0.
 265  0.
 266  0.
 267  0.
 268  0.
 269  0.
 270  0.
 271  0.
 272  0.
 273  0.
 274  0.
 275  0.
 276  0.
 277  0.
 278  0.
 279  0.
 280  0.
 281  0.
 282  0.
 283  0.
 284  0.
 285  0.
 286  0.
 287  0.
 288  0.
 289  0.
 290  0.
 291  0.
 292  0.
 293  0.
 294  0.
 295  0.
 296  0.
 297  0.
 298  0.
 299  0.
 300  0.
 301  0.
 302  0.
 303  0.
 304  0.
 305  0.
 306  0.
 307  0.
 308  0.
 309  0.
 310  0.
 311  0.
 312  0.
 313  0.
 314  0.
 315  0.
 316  0.
 317  0.
 318  0.
 319  0.
 320  0.
 321  0.
 322  0.
 323  0.
 324  0.
 325  0.
 326  0.
 327  0.
 328  0.
 329  0.
 330  0.
 331  0.
 332  0.
 333  0.
 334  0.
 335  0.
 336  0.
 337  0.
 338  0.
 339  0.
 340  0.
 341  0.
 342  0.
 343  0.
 344  0.
 345  0.
 346  0.
 347  0.
 348  0.
 349  0.
 350  0.
 351  0.
 352  0.
 353  0.
 354  0.
 355  0.
 356  0.
 357  0.
 358  0.
 359  0.
 360  0.
 361  0.
 362  0.
 363  0.
 364  0.
 365  0.
 366  0.
 367  0.
 368  0.
 369  0.
 370  0.
 371  0.
 372  0.
 373  0.
 374  0.
 375  0.
 376  0.
 377  0.
 378  0.
 379  0.
 380  0.
 381  0.
 382  0.
 383  0.
 384  0.
 385  0.
 386  0.
 387  0.
 388  0.
 389  0.
 390  0.
 391  0.
 392  0.
 393  0.
 394  0.
 395  0.
 396  0.
 397  0.
 398  0.
 399  0.
 400  0.
 401  0.
 402  0.
 403  0.
 404  0.
 405  0.
 406  0.
 407  0.
 408  0.
 409  0.
 410  0.
 411  0.
 412  0.
 413  0.
 414  0.
 415  0.
 416  0.
 417  0.
 418  0.
 419  0.
 420  0.
 421  0.
 422  0.
 423  0.
 424  0.
 425  0.
 426  0.
 427  0.
 428  0.
 429  0.
 430  0.
 431  0.
 432  0.
 433  0.
 434  0.
 435  0.
 436  0.
 437  0.
 438  0.
 439  0.
 440  0.
 441  0.
 442  0.
 443  0.
 444  0.
 445  0.
 446  0.
 447  0.
 448  0.
 449  0.
 450  0.
 451  0.
 452  0.
 453  0.
 454  0.
 455  0.
 456  0.
 457  0.
 458  0.
 459  0.
 460  0.
 461  0.
 462  0.
 463  0.
 464  0.
 465  0.
 466  0.
 467  0.
 468  0.
 469  0.
 470  0.
 471  0.
 472  0.
 473  0.
 474  0.
 475  0.
 476  0.
 477  0.
 478  0.
 479  0.
 480  0.
 481  0.
 482  0.
 483  0.
 484  0.
 485  0.
 486  0.
 487  0.
 488  0.
 489  0.
 490  0.
 491  0.
 492  0.
 493  0.
 494  0.
 495  0.
 496  0.
 497  0.
 498  0.
 499  0.
 500  0.

 1  0.
 2  0.
 3  0.
 4  0.
 5  0.
 6  0.
 7  0.
 8  0.
 9  0.
 10  0.
 11  0.
 12  0.
 13  0.
 14  0.
 15  0.
 16  0.
 17  0.
 18  0.
 19  0.
 20  0.
 21  0.
 22  0.
 23  0.
 24  0.
 25  0.
 26  0.
 27  0.
 28  0.
 29  0.
 30  0.
 31  0.
 32  0.
 33  0.
 34  0.
 35  0.
 36  0.
 37  0.
 38  0.
 39  0.
 40  0.
 41  0.
 42  0.
 43  0.
 44  0.
 45  0.
 46  0.
 47  0.
 48  0.
 49  0.
 50  0.
 51  0.
 52  0.
 53  0.
 54  0.
 55  0.
 56  0.
 57  0.
 58  0.
 59  0.
 60  0.
 61  0.
 62  0.
 63  0.
 64  0.
 65  0.
 66  0.
 67  0.
 68  0.
 69  0.
 70  0.
 71  0.
 72  0.
 73  0.
 74  0.
 75  0.
 76  0.
 77  0.
 78  0.
 79  0.
 80  0.
 81  0.
 82  0.
 83  0.
 84  0.
 85  0.
 86  0.
 87  0.
 88  0.
 89  0.
 90  0.
 91  0.
 92  0.
 93  0.
 94  0.
 95  0.
 96  0.
 97  0.
 98  0.
 99  0.
 100  0.
 101  0.
 102  0.
 103  0.
 104  0.
 105  0.
 106  0.
 107  0.
 108  0.
 109  0.
 110  0.
 111  0.
 112  0.
 113  0.
 114  0.
 115  0.
 116  0.
 117  0.
 118  0.
 119  0.
 120  0.
 121  0.
 122  0.
 123  0.
 124  0.
 125  0.
 126  0.
 127  0.
 128  0.
 129  0.
 130  0.
 131  0.
 132  0.
 133  0.
 134  0.
 135  0.
 136  0.
 137  0.
 138  0.
 139  0.
 140  0.
 141  0.
 142  0.
 143  0.
 144  0.
 145  0.
 146  0.
 147  0.
 148  0.
 149  0.
 150  0.
 151  0.
 152  0.
 153  0.
 154  0.
 155  0.
 156  0.
 157  0.
 158  0.
 159  0.
 160  0.
 161  0.
 162  0.
 163  0.
 164  0.
 165  0.
 166  0.
 167  0.
 168  0.
 169  0.
 170  0.
 171  0.
 172  0.
 173  0.
 174  0.
 175  0.
 176  0.
 177  0.
 178  0.
 179  0.
 180  0.
 181  0.
 182  0.
 183  0.
 184  0.
 185  0.
 186  0.
 187  0.
 188  0.
 189  0.
 190  0.
 191  0.
 192  0.
 193  0.
 194  0.
 195  0.
 196  0.
 197  0.
 198  0.
 199  0.
 200  0.
 201  0.
 202  0.
 203  0.
 204  0.
 205  0.
 206  0.
 207  0.
 208  0.
 209  0.
 210  0.
 211  0.
 212  0.
 213  0.
 214  0.
 215  0.
 216  0.
 217  0.
 218  0.
 219  0.
 220  0.
 221  0.
 222  0.
 223  0.
 224  0.
 225  0.
 226  0.
 227  0.
 228  0.
 229  0.
 230  0.
 231  0.
 232  0.
 233  0.
 234  0.
 235  0.
 236  0.
 237  0.
 238  0.
 239  0.
 240  0.
 241  0.
 242  0.
 243  0.
 244  0.
 245  0.
 246  0.
 247  0.
 248  0.
 249  0.
 250  0.
 251  0.
 252  0.
 253  0.
 254  0.
 255  0.
 256  0.
 257  0.
 258  0.
 259  0.
 260  0.
 261  0.
 262  0.
 263  0.
 264  0.
 265  0.
 266  0.
 267  0.
 268  0.
 269  0.
 270  0.
 271  0.
 272  0.
 273  0.
 274  0.
 275  0.
 276  0.
 277  0.
 278  0.
 279  0.
 280  0.
 281  0.
 282  0.
 283  0.
 284  0.
 285  0.
 286  0.
 287  0.
 288  0.
 289  0.
 290  0.
 291  0.
 292  0.
 293  0.
 294  0.
 295  0.
 296  0.
 297  0.
 298  0.
 299  0.
 300  0.
 301  0.
 302  0.
 303  0.
 304  0.
 305  0.
 306  0.
 307  0.
 308  0.
 309  0.
 310  0.
 311  0.
 312  0.
 313  0.
 314  0.
 315  0.
 316  0.
 317  0.
 318  0.
 319  0.
 320  0.
 321  0.
 322  0.
 323  0.
 324  0.
 325  0.
 326  0.
 327  0.
 328  0.
 329  0.
 330  0.
 331  0.
 332  0.
 333  0.
 334  0.
 335  0.
 336  0.
 337  0.
 338  0.
 339  0.
 340  0.
 341  0.
 342  0.
 343  0.
 344  0.
 345  0.
 346  0.
 347  0.
 348  0.
 349  0.
 350  0.
 351  0.
 352  0.
 353  0.
 354  0.
 355  0.
 356  0.
 357  0.
 358  0.
 359  0.
 360  0.
 361  0.
 362  0.
 363  0.
 364  0.
 365  0.
 366  0.
 367  0.
 368  0.
 369  0.
 370  0.
 371  0.
 372  0.
 373  0.
 374  0.
 375  0.
 376  0.
 377  0.
 378  0.
 379  0.
 380  0.
 381  0.
 382  0.
 383  0.
 384  0.
 385  0.
 386  0.
 387  0.
 388  0.
 389  0.
 390  0.
 391  0.
 392  0.
 393  0.
 394  0.
 395  0.
 396  0.
 397  0.
 398  0.
 399  0.
 400  0.
 401  0.
 402  0.
 403  0.
 404  0.
 405  0.
 406  0.
 407  0.
 408  0.
 409  0.
 410  0.
 411  0.
 412  0.
 413  0.
 414  0.
 415  0.
 416  0.
 417  0.
 418  0.
 419  0.
 420  0.
 421  0.
 422  0.
 423  0.
 424  0.
 425  0.
 426  0.
 427  0.
 428  0.
 429  0.
 430  0.
 431  0.
 432  0.
 433  0.
 434  0.
 435  0.
 436  0.
 437  0.
 438  0.
 439  0.
 440  0.
 441  0.
 442  0.
 443  0.
 444  0.
 445  0.
 446  0.
 447  0.
 448  0.
 449  0.
 450  0.
 451  0.
 452  0.
 453  0.
 454  0.
 455  0.
 456  0.
 457  0.
 458  0.
 459  0.
 460  0.
 461  0.
 462  0.
 463  0.
 464  0.
 465  0.
 466  0.
 467  0.
 468  0.
 469  0.
 470  0.
 471  0.
 472  0.
 473  0.
 474  0.
 475  0.
 476  0.
 477  0.
 478  0.
 479  0.
 480  0.
 481  0.
 482  0.
 483  0.
 484  0.
 485  0.
 486  0.
 487  0.
 488  0.
 489  0.
 490  0.
 491  0.
 492  0.
 493  0.
 494  0.
 495  0.
 496  0.
 497  0.
 498  0.
 499  0.
 500  0.

 1  0.
 2  0.
 3  0.
 4  0.
 5  0.
 6  0.
 7  0.
 8  0.
 9  0.
 10  0.
 11  0.
 12  0.
 13  0.
 14  0.
 15  0.
 16  0.
 17  0.
 18  0.
 19  0.
 20  0.
 21  0.
 22  0.
 23  0.
 24  0.
 25  0.
 26  0.
 27  0.
 28  0.
 29  0.
 30  0.
 31  0.
 32  0.
 33  0.
 34  0.
 35  0.
 36  0.
 37  0.
 38  0.
 39  0.
 40  0.
 41  0.
 42  0.
 43  0.
 44  0.
 45  0.
 46  0.
 47  0.
 48  0.
 49  0.
 50  0.
 51  0.
 52  0.
 53  0.
 54  0.
 55  0.
 56  0.
 57  0.
 58  0.
 59  0.
 60  0.
 61  0.
 62  0.
 63  0.
 64  0.
 65  0.
 66  0.
 67  0.
 68  0.
 69  0.
 70  0.
 71  0.
 72  0.
 73  0.
 74  0.
 75  0.
 76  0.
 77  0.
 78  0.
 79  0.
 80  0.
 81  0.
 82  0.
 83  0.
 84  0.
 85  0.
 86  0.
 87  0.
 88  0.
 89  0.
 90  0.
 91  0.
 92  0.
 93  0.
 94  0.
 95  0.
 96  0.
 97  0.
 98  0.
 99  0.
 100  0.
 101  0.
 102  0.
 103  0.
 104  0.
 105  0.
 106  0.
 107  0.
 108  0.
 109  0.
 110  0.
 111  0.
 112  0.
 113  0.
 114  0.
 115  0.
 116  0.
 117  0.
 118  0.
 119  0.
 120  0.
 121  0.
 122  0.
 123  0.
 124  0.
 125  0.
 126  0.
 127  0.
 128  0.
 129  0.
 130  0.
 131  0.
 132  0.
 133  0.
 134  0.
 135  0.
 136  0.
 137  0.
 138  0.
 139  0.
 140  0.
 141  0.
 142  0.
 143  0.
 144  0.
 145  0.
 146  0.
 147  0.
 148  0.
 149  0.
 150  0.
 151  0.
 152  0.
 153  0.
 154  0.
 155  0.
 156  0.
 157  0.
 158  0.
 159  0.
 160  0.
 161  0.
 162  0.
 163  0.
 164  0.
 165  0.
 166  0.
 167  0.
 168  0.
 169  0.
 170  0.
 171  0.
 172  0.
 173  0.
 174  0.
 175  0.
 176  0.
 177  0.
 178  0.
 179  0.
 180  0.
 181  0.
 182  0.
 183  0.
 184  0.
 185  0.
 186  0.
 187  0.
 188  0.
 189  0.
 190  0.
 191  0.
 192  0.
 193  0.
 194  0.
 195  0.
 196  0.
 197  0.
 198  0.
 199  0.
 200  0.
 201  0.
 202  0.
 203  0.
 204  0.
 205  0.
 206  0.
 207  0.
 208  0.
 209  0.
 210  0.
 211  0.
 212  0.
 213  0.
 214  0.
 215  0.
 216  0.
 217  0.
 218  0.
 219  0.
 220  0.
 221  0.
 222  0.
 223  0.
 224  0.
 225  0.
 226  0.
 227  0.
 228  0.
 229  0.
 230  0.
 231  0.
 232  0.
 233  0.
 234  0.
 235  0.
 236  0.
 237  0.
 238  0.
 239  0.
 240  0.
 241  0.
 242  0.
 243  0.
 244  0.
 245  0.
 246  0.
 247  0.
 248  0.
 249  0.
 250  0.
 251  0.
 252  0.
 253  0.
 254  0.
 255  0.
 256  0.
 257  0.
 258  0.
 259  0.
 260  0.
 261  0.
 262  0.
 263  0.
 264  0.
 265  0.
 266  0.
 267  0.
 268  0.
 269  0.
 270  0.
 271  0.
 272  0.
 273  0.
 274  0.
 275  0.
 276  0.
 277  0.
 278  0.
 279  0.
 280  0.
 281  0.
 282  0.
 283  0.
 284  0.
 285  0.
 286  0.
 287  0.
 288  0.
 289  0.
 290  0.
 291  0.
 292  0.
 293  0.
 294  0.
 295  0.
 296  0.
 297  0.
 298  0.
 299  0.
 300  0.
 301  0.
 302  0.
 303  0.
 304  0.
 305  0.
 306  0.
 307  0.
 308  0.
 309  0.
 310  0.
 311  0.
 312  0.
 313  0.
 314  0.
 315  0.
 316  0.
 317  0.
 318  0.
 319  0.
 320  0.
 321  0.
 322  0.
 323  0.
 324  0.
 325  0.
 326  0.
 327  0.
 328  0.
 329  0.
 330  0.
 331  0.
 332  0.
 333  0.
 334  0.
 335  0.
 336  0.
 337  0.
 338  0.
 339  0.
 340  0.
 341  0.
 342  0.
 343  0.
 344  0.
 345  0.
 346  0.
 347  0.
 348  0.
 349  0.
 350  0.
 351  0.
 352  0.
 353  0.
 354  0.
 355  0.
 356  0.
 357  0.
 358  0.
 359  0.
 360  0.
 361  0.
 362  0.
 363  0.
 364  0.
 365  0.
 366  0.
 367  0.
 368  0.
 369  0.
 370  0.
 371  0.
 372  0.
 373  0.
 374  0.
 375  0.
 376  0.
 377  0.
 378  0.
 379  0.
 380  0.
 381  0.
 382  0.
 383  0.
 384  0.
 385  0.
 386  0.
 387  0.
 388  0.
 389  0.
 390  0.
 391  0.
 392  0.
 393  0.
 394  0.
 395  0.
 396  0.
 397  0.
 398  0.
 399  0.
 400  0.
 401  0.
 402  0.
 403  0.
 404  0.
 405  0.
 406  0.
 407  0.
 408  0.
 409  0.
 410  0.
 411  0.
 412  0.
 413  0.
 414  0.
 415  0.
 416  0.
 417  0.
 418  0.
 419  0.
 420  0.
 421  0.
 422  0.
 423  0.
 424  0.
 425  0.
 426  0.
 427  0.
 428  0.
 429  0.
 430  0.
 431  0.
 432  0.
 433  0.
 434  0.
 435  0.
 436  0.
 437  0.
 438  0.
 439  0.
 440  0.
 441  0.
 442  0.
 443  0.
 444  0.
 445  0.
 446  0.
 447  0.
 448  0.
 449  0.
 450  0.
 451  0.
 452  0.
 453  0.
 454  0.
 455  0.
 456  0.
 457  0.
 458  0.
 459  0.
 460  0.
 461  0.
 462  0.
 463  0.
 464  0.
 465  0.
 466  0.
 467  0.
 468  0.
 469  0.
 470  0.
 471  0.
 472  0.
 473  0.
 474  0.
 475  0.
 476  0.
 477  0.
 478  0.
 479  0.
 480  0.
 481  0.
 482  0.
 483  0.
 484  0.
 485  0.
 486  0.
 487  0.
 488  0.
 489  0.
 490  0.
 491  0.
 492  0.
 493  0.
 494  0.
 495  0.
 496  0.
 497  0.
 498  0.
 499  0.
 500  0.

 1  0.
 2  0.
 3  0.
 4  0.
 5  0.
 6  0.
 7  0.
 8  0.
 9  0.
 10  0.
 11  0.
 12  0.
 13  0.
 14  0.
 15  0.
 16  0.
 17  0.
 18  0.
 19  0.
 20  0.
 21  0.
 22  0.
 23  0.
 24  0.
 25  0.
 26  0.
 27  0.
 28  0.
 29  0.
 30  0.
 31  0.
 32  0.
 33  0.
 34  0.
 35  0.
 36  0.
 37  0.
 38  0.
 39  0.
 40  0.
 41  0.
 42  0.
 43  0.
 44  0.
 45  0.
 46  0.
 47  0.
 48  0.
 49  0.
 50  0.
 51  0.
 52  0.
 53  0.
 54  0.
 55  0.
 56  0.
 57  0.
 58  0.
 59  0.
 60  0.
 61  0.
 62  0.
 63  0.
 64  0.
 65  0.
 66  0.
 67  0.
 68  0.
 69  0.
 70  0.
 71  0.
 72  0.
 73  0.
 74  0.
 75  0.
 76  0.
 77  0.
 78  0.
 79  0.
 80  0.
 81  0.
 82  0.
 83  0.
 84  0.
 85  0.
 86  0.
 87  0.
 88  0.
 89  0.
 90  0.
 91  0.
 92  0.
 93  0.
 94  0.
 95  0.
 96  0.
 97  0.
 98  0.
 99  0.
 100  0.
 101  0.
 102  0.
 103  0.
 104  0.
 105  0.
 106  0.
 107  0.
 108  0.
 109  0.
 110  0.
 111  0.
 112  0.
 113  0.
 114  0.
 115  0.
 116  0.
 117  0.
 118  0.
 119  0.
 120  0.
 121  0.
 122  0.
 123  0.
 124  0.
 125  0.
 126  0.
 127  0.
 128  0.
 129  0.
 130  0.
 131  0.
 132  0.
 133  0.
 134  0.
 135  0.
 136  0.
 137  0.
 138  0.
 139  0.
 140  0.
 141  0.
 142  0.
 143  0.
 144  0.
 145  0.
 146  0.
 147  0.
 148  0.
 149  0.
 150  0.
 151  0.
 152  0.
 153  0.
 154  0.
 155  0.
 156  0.
 157  0.
 158  0.
 159  0.
 160  0.
 161  0.
 162  0.
 163  0.
 164  0.
 165  0.
 166  0.
 167  0.
 168  0.
 169  0.
 170  0.
 171  0.
 172  0.
 173  0.
 174  0.
 175  0.
 176  0.
 177  0.
 178  0.
 179  0.
 180  0.
 181  0.
 182  0.
 183  0.
 184  0.
 185  0.
 186  0.
 187  0.
 188  0.
 189  0.
 190  0.
 191  0.
 192  0.
 193  0.
 194  0.
 195  0.
 196  0.
 197  0.
 198  0.
 199  0.
 200  0.
 201  0.
 202  0.
 203  0.
 204  0.
 205  0.
 206  0.
 207  0.
 208  0.
 209  0.
 210  0.
 211  0.
 212  0.
 213  0.
 214  0.
 215  0.
 216  0.
 217  0.
 218  0.
 219  0.
 220  0.
 221  0.
 222  0.
 223  0.
 224  0.
 225  0.
 226  0.
 227  0.
 228  0.
 229  0.
 230  0.
 231  0.
 232  0.
 233  0.
 234  0.
 235  0.
 236  0.
 237  0.
 238  0.
 239  0.
 240  0.
 241  0.
 242  0.
 243  0.
 244  0.
 245  0.
 246  0.
 247  0.
 248  0.
 249  0.
 250  0.
 251  0.
 252  0.
 253  0.
 254  0.
 255  0.
 256  0.
 257  0.
 258  0.
 259  0.
 260  0.
 261  0.
 262  0.
 263  0.
 264  0.
 265  0.
 266  0.
 267  0.
 268  0.
 269  0.
 270  0.
 271  0.
 272  0.
 273  0.
 274  0.
 275  0.
 276  0.
 277  0.
 278  0.
 279  0.
 280  0.
 281  0.
 282  0.
 283  0.
 284  0.
 285  0.
 286  0.
 287  0.
 288  0.
 289  0.
 290  0.
 291  0.
 292  0.
 293  0.
 294  0.
 295  0.
 296  0.
 297  0.
 298  0.
 299  0.
 300  0.
 301  0.
 302  0.
 303  0.
 304  0.
 305  0.
 306  0.
 307  0.
 308  0.
 309  0.
 310  0.
 311  0.
 312  0.
 313  0.
 314  0.
 315  0.
 316  0.
 317  0.
 318  0.
 319  0.
 320  0.
 321  0.
 322  0.
 323  0.
 324  0.
 325  0.
 326  0.
 327  0.
 328  0.
 329  0.
 330  0.
 331  0.
 332  0.
 333  0.
 334  0.
 335  0.
 336  0.
 337  0.
 338  0.
 339  0.
 340  0.
 341  0.
 342  0.
 343  0.
 344  0.
 345  0.
 346  0.
 347  0.
 348  0.
 349  0.
 350  0.
 351  0.
 352  0.
 353  0.
 354  0.
 355  0.
 356  0.
 357  0.
 358  0.
 359  0.
 360  0.
 361  0.
 362  0.
 363  0.
 364  0.
 365  0.
 366  0.
 367  0.
 368  0.
 369  0.
 370  0.
 371  0.
 372  0.
 373  0.
 374  0.
 375  0.
 376  0.
 377  0.
 378  0.
 379  0.
 380  0.
 381  0.
 382  0.
 383  0.
 384  0.
 385  0.
 386  0.
 387  0.
 388  0.
 389  0.
 390  0.
 391  0.
 392  0.
 393  0.
 394  0.
 395  0.
 396  0.
 397  0.
 398  0.
 399  0.
 400  0.
 401  0.
 402  0.
 403  0.
 404  0.
 405  0.
 406  0.
 407  0.
 408  0.
 409  0.
 410  0.
 411  0.
 412  0.
 413  0.
 414  0.
 415  0.
 416  0.
 417  0.
 418  0.
 419  0.
 420  0.
 421  0.
 422  0.
 423  0.
 424  0.
 425  0.
 426  0.
 427  0.
 428  0.
 429  0.
 430  0.
 431  0.
 432  0.
 433  0.
 434  0.
 435  0.
 436  0.
 437  0.
 438  0.
 439  0.
 440  0.
 441  0.
 442  0.
 443  0.
 444  0.
 445  0.
 446  0.
 447  0.
 448  0.
 449  0.
 450  0.
 451  0.
 452  0.
 453  0.
 454  0.
 455  0.
 456  0.
 457  0.
 458  0.
 459  0.
 460  0.
 461  0.
 462  0.
 463  0.
 464  0.
 465  0.
 466  0.
 467  0.
 468  0.
 469  0.
 470  0.
 471  0.
 472  0.
 473  0.
 474  0.
 475  0.
 476  0.
 477  0.
 478  0.
 479  0.
 480  0.
 481  0.
 482  0.
 483  0.
 484  0.
 485  0.
 486  0.
 487  0.
 488  0.
 489  0.
 490  0.
 491  0.
 492  0.
 493  0.
 494  0.
 495  0.
 496  0.
 497  0.
 498  0.
 499  0.
 500  0.

 1  0.
 2  0.
 3  0.
 4  0.
 5  0.
 6  0.
 7  0.
 8  0.
 9  0.
 10  0.
 11  0.
 12  0.
 13  0.
 14  0.
 15  0.
 16  0.
 17  0.
 18  0.
 19  0.
 20  0.
 21  0.
 22  0.
 23  0.
 24  0.
 25  0.
 26  0.
 27  0.
 28  0.
 29  0.
 30  0.
 31  0.
 32  0.
 33  0.
 34  0.
 35  0.
 36  0.
 37  0.
 38  0.
 39  0.
 40  0.
 41  0.
 42  0.
 43  0.
 44  0.
 45  0.
 46  0.
 47  0.
 48  0.
 49  0.
 50  0.
 51  0.
 52  0.
 53  0.
 54  0.
 55  0.
 56  0.
 57  0.
 58  0.
 59  0.
 60  0.
 61  0.
 62  0.
 63  0.
 64  0.
 65  0.
 66  0.
 67  0.
 68  0.
 69  0.
 70  0.
 71  0.
 72  0.
 73  0.
 74  0.
 75  0.
 76  0.
 77  0.
 78  0.
 79  0.
 80  0.
 81  0.
 82  0.
 83  0.
 84  0.
 85  0.
 86  0.
 87  0.
 88  0.
 89  0.
 90  0.
 91  0.
 92  0.
 93  0.
 94  0.
 95  0.
 96  0.
 97  0.
 98  0.
 99  0.
 100  0.
 101  0.
 102  0.
 103  0.
 104  0.
 105  0.
 106  0.
 107  0.
 108  0.
 109  0.
 110  0.
 111  0.
 112  0.
 113  0.
 114  0.
 115  0.
 116  0.
 117  0.
 118  0.
 119  0.
 120  0.
 121  0.
 122  0.
 123  0.
 124  0.
 125  0.
 126  0.
 127  0.
 128  0.
 129  0.
 130  0.
 131  0.
 132  0.
 133  0.
 134  0.
 135  0.
 136  0.
 137  0.
 138  0.
 139  0.
 140  0.
 141  0.
 142  0.
 143  0.
 144  0.
 145  0.
 146  0.
 147  0.
 148  0.
 149  0.
 150  0.
 151  0.
 152  0.
 153  0.
 154  0.
 155  0.
 156  0.
 157  0.
 158  0.
 159  0.
 160  0.
 161  0.
 162  0.
 163  0.
 164  0.
 165  0.
 166  0.
 167  0.
 168  0.
 169  0.
 170  0.
 171  0.
 172  0.
 173  0.
 174  0.
 175  0.
 176  0.
 177  0.
 178  0.
 179  0.
 180  0.
 181  0.
 182  0.
 183  0.
 184  0.
 185  0.
 186  0.
 187  0.
 188  0.
 189  0.
 190  0.
 191  0.
 192  0.
 193  0.
 194  0.
 195  0.
 196  0.
 197  0.
 198  0.
 199  0.
 200  0.
 201  0.
 202  0.
 203  0.
 204  0.
 205  0.
 206  0.
 207  0.
 208  0.
 209  0.
 210  0.
 211  0.
 212  0.
 213  0.
 214  0.
 215  0.
 216  0.
 217  0.
 218  0.
 219  0.
 220  0.
 221  0.
 222  0.
 223  0.
 224  0.
 225  0.
 226  0.
 227  0.
 228  0.
 229  0.
 230  0.
 231  0.
 232  0.
 233  0.
 234  0.
 235  0.
 236  0.
 237  0.
 238  0.
 239  0.
 240  0.
 241  0.
 242  0.
 243  0.
 244  0.
 245  0.
 246  0.
 247  0.
 248  0.
 249  0.
 250  0.
 251  0.
 252  0.
 253  0.
 254  0.
 255  0.
 256  0.
 257  0.
 258  0.
 259  0.
 260  0.
 261  0.
 262  0.
 263  0.
 264  0.
 265  0.
 266  0.
 267  0.
 268  0.
 269  0.
 270  0.
 271  0.
 272  0.
 273  0.
 274  0.
 275  0.
 276  0.
 277  0.
 278  0.
 279  0.
 280  0.
 281  0.
 282  0.
 283  0.
 284  0.
 285  0.
 286  0.
 287  0.
 288  0.
 289  0.
 290  0.
 291  0.
 292  0.
 293  0.
 294  0.
 295  0.
 296  0.
 297  0.
 298  0.
 299  0.
 300  0.
 301  0.
 302  0.
 303  0.
 304  0.
 305  0.
 306  0.
 307  0.
 308  0.
 309  0.
 310  0.
 311  0.
 312  0.
 313  0.
 314  0.
 315  0.
 316  0.
 317  0.
 318  0.
 319  0.
 320  0.
 321  0.
 322  0.
 323  0.
 324  0.
 325  0.
 326  0.
 327  0.
 328  0.
 329  0.
 330  0.
 331  0.
 332  0.
 333  0.
 334  0.
 335  0.
 336  0.
 337  0.
 338  0.
 339  0.
 340  0.
 341  0.
 342  0.
 343  0.
 344  0.
 345  0.
 346  0.
 347  0.
 348  0.
 349  0.
 350  0.
 351  0.
 352  0.
 353  0.
 354  0.
 355  0.
 356  0.
 357  0.
 358  0.
 359  0.
 360  0.
 361  0.
 362  0.
 363  0.
 364  0.
 365  0.
 366  0.
 367  0.
 368  0.
 369  0.
 370  0.
 371  0.
 372  0.
 373  0.
 374  0.
 375  0.
 376  0.
 377  0.
 378  0.
 379  0.
 380  0.
 381  0.
 382  0.
 383  0.
 384  0.
 385  0.
 386  0.
 387  0.
 388  0.
 389  0.
 390  0.
 391  0.
 392  0.
 393  0.
 394  0.
 395  0.
 396  0.
 397  0.
 398  0.
 399  0.
 400  0.
 401  0.
 402  0.
 403  0.
 404  0.
 405  0.
 406  0.
 407  0.
 408  0.
 409  0.
 410  0.
 411  0.
 412  0.
 413  0.
 414  0.
 415  0.
 416  0.
 417  0.
 418  0.
 419  0.
 420  0.
 421  0.
 422  0.
 423  0.
 424  0.
 425  0.
 426  0.
 427  0.
 428  0.
 429  0.
 430  0.
 431  0.
 432  0.
 433  0.
 434  0.
 435  0.
 436  0.
 437  0.
 438  0.
 439  0.
 440  0.
 441  0.
 442  0.
 443  0.
 444  0.
 445  0.
 446  0.
 447  0.
 448  0.
 449  0.
 450  0.
 451  0.
 452  0.
 453  0.
 454  0.
 455  0.
 456  0.
 457  0.
 458  0.
 459  0.
 460  0.
 461  0.
 462  0.
 463  0.
 464  0.
 465  0.
 466  0.
 467  0.
 468  0.
 469  0.
 470  0.
 471  0.
 472  0.
 473  0.
 474  0.
 475  0.
 476  0.
 477  0.
 478  0.
 479  0.
 480  0.
 481  0.
 482  0.
 483  0.
 484  0.
 485  0.
 486  0.
 487  0.
 488  0.
 489  0.
 490  0.
 491  0.
 492  0.
 493  0.
 494  0.
 495  0.
 496  0.
 497  0.
 498  0.
 499  0.
 500  0.

 1  0.
 2  0.
 3  0.
 4  0.
 5  0.
 6  0.
 7  0.
 8  0.
 9  0.
 10  0.
 11  0.
 12  0.
 13  0.
 14  0.
 15  0.
 16  0.
 17  0.
 18  0.
 19  0.
 20  0.
 21  0.
 22  0.
 23  0.
 24  0.
 25  0.
 26  0.
 27  0.
 28  0.
 29  0.
 30  0.
 31  0.
 32  0.
 33  0.
 34  0.
 35  0.
 36  0.
 37  0.
 38  0.
 39  0.
 40  0.
 41  0.
 42  0.
 43  0.
 44  0.
 45  0.
 46  0.
 47  0.
 48  0.
 49  0.
 50  0.
 51  0.
 52  0.
 53  0.
 54  0.
 55  0.
 56  0.
 57  0.
 58  0.
 59  0.
 60  0.
 61  0.
 62  0.
 63  0.
 64  0.
 65  0.
 66  0.
 67  0.
 68  0.
 69  0.
 70  0.
 71  0.
 72  0.
 73  0.
 74  0.
 75  0.
 76  0.
 77  0.
 78  0.
 79  0.
 80  0.
 81  0.
 82  0.
 83  0.
 84  0.
 85  0.
 86  0.
 87  0.
 88  0.
 89  0.
 90  0.
 91  0.
 92  0.
 93  0.
 94  0.
 95  0.
 96  0.
 97  0.
 98  0.
 99  0.
 100  0.
 101  0.
 102  0.
 103  0.
 104  0.
 105  0.
 106  0.
 107  0.
 108  0.
 109  0.
 110  0.
 111  0.
 112  0.
 113  0.
 114  0.
 115  0.
 116  0.
 117  0.
 118  0.
 119  0.
 120  0.
 121  0.
 122  0.
 123  0.
 124  0.
 125  0.
 126  0.
 127  0.
 128  0.
 129  0.
 130  0.
 131  0.
 132  0.
 133  0.
 134  0.
 135  0.
 136  0.
 137  0.
 138  0.
 139  0.
 140  0.
 141  0.
 142  0.
 143  0.
 144  0.
 145  0.
 146  0.
 147  0.
 148  0.
 149  0.
 150  0.
 151  0.
 152  0.
 153  0.
 154  0.
 155  0.
 156  0.
 157  0.
 158  0.
 159  0.
 160  0.
 161  0.
 162  0.
 163  0.
 164  0.
 165  0.
 166  0.
 167  0.
 168  0.
 169  0.
 170  0.
 171  0.
 172  0.
 173  0.
 174  0.
 175  0.
 176  0.
 177  0.
 178  0.
 179  0.
 180  0.
 181  0.
 182  0.
 183  0.
 184  0.
 185  0.
 186  0.
 187  0.
 188  0.
 189  0.
 190  0.
 191  0.
 192  0.
 193  0.
 194  0.
 195  0.
 196  0.
 197  0.
 198  0.
 199  0.
 200  0.
 201  0.
 202  0.
 203  0.
 204  0.
 205  0.
 206  0.
 207  0.
 208  0.
 209  0.
 210  0.
 211  0.
 212  0.
 213  0.
 214  0.
 215  0.
 216  0.
 217  0.
 218  0.
 219  0.
 220  0.
 221  0.
 222  0.
 223  0.
 224  0.
 225  0.
 226  0.
 227  0.
 228  0.
 229  0.
 230  0.
 231  0.
 232  0.
 233  0.
 234  0.
 235  0.
 236  0.
 237  0.
 238  0.
 239  0.
 240  0.
 241  0.
 242  0.
 243  0.
 244  0.
 245  0.
 246  0.
 247  0.
 248  0.
 249  0.
 250  0.
 251  0.
 252  0.
 253  0.
 254  0.
 255  0.
 256  0.
 257  0.
 258  0.
 259  0.
 260  0.
 261  0.
 262  0.
 263  0.
 264  0.
 265  0.
 266  0.
 267  0.
 268  0.
 269  0.
 270  0.
 271  0.
 272  0.
 273  0.
 274  0.
 275  0.
 276  0.
 277  0.
 278  0.
 279  0.
 280  0.
 281  0.
 282  0.
 283  0.
 284  0.
 285  0.
 286  0.
 287  0.
 288  0.
 289  0.
 290  0.
 291  0.
 292  0.
 293  0.
 294  0.
 295  0.
 296  0.
 297  0.
 298  0.
 299  0.
 300  0.
 301  0.
 302  0.
 303  0.
 304  0.
 305  0.
 306  0.
 307  0.
 308  0.
 309  0.
 310  0.
 311  0.
 312  0.
 313  0.
 314  0.
 315  0.
 316  0.
 317  0.
 318  0.
 319  0.
 320  0.
 321  0.
 322  0.
 323  0.
 324  0.
 325  0.
 326  0.
 327  0.
 328  0.
 329  0.
 330  0.
 331  0.
 332  0.
 333  0.
 334  0.
 335  0.
 336  0.
 337  0.
 338  0.
 339  0.
 340  0.
 341  0.
 342  0.
 343  0.
 344  0.
 345  0.
 346  0.
 347  0.
 348  0.
 349  0.
 350  0.
 351  0.
 352  0.
 353  0.
 354  0.
 355  0.
 356  0.
 357  0.
 358  0.
 359  0.
 360  0.
 361  0.
 362  0.
 363  0.
 364  0.
 365  0.
 366  0.
 367  0.
 368  0.
 369  0.
 370  0.
 371  0.
 372  0.
 373  0.
 374  0.
 375  0.
 376  0.
 377  0.
 378  0.
 379  0.
 380  0.
 381  0.
 382  0.
 383  0.
 384  0.
 385  0.
 386  0.
 387  0.
 388  0.
 389  0.
 390  0.
 391  0.
 392  0.
 393  0.
 394  0.
 395  0.
 396  0.
 397  0.
 398  0.
 399  0.
 400  0.
 401  0.
 402  0.
 403  0.
 404  0.
 405  0.
 406  0.
 407  0.
 408  0.
 409  0.
 410  0.
 411  0.
 412  0.
 413  0.
 414  0.
 415  0.
 416  0.
 417  0.
 418  0.
 419  0.
 420  0.
 421  0.
 422  0.
 423  0.
 424  0.
 425  0.
 426  0.
 427  0.
 428  0.
 429  0.
 430  0.
 431  0.
 432  0.
 433  0.
 434  0.
 435  0.
 436  0.
 437  0.
 438  0.
 439  0.
 440  0.
 441  0.
 442  0.
 443  0.
 444  0.
 445  0.
 446  0.
 447  0.
 448  0.
 449  0.
 450  0.
 451  0.
 452  0.
 453  0.
 454  0.
 455  0.
 456  0.
 457  0.
 458  0.
 459  0.
 460  0.
 461  0.
 462  0.
 463  0.
 464  0.
 465  0.
 466  0.
 467  0.
 468  0.
 469  0.
 470  0.
 471  0.
 472  0.
 473  0.
 474  0.
 475  0.
 476  0.
 477  0.
 478  0.
 479  0.
 480  0.
 481  0.
 482  0.
 483  0.
 484  0.
 485  0.
 486  0.
 487  0.
 488  0.
 489  0.
 490  0.
 491  0.
 492  0.
 493  0.
 494  0.
 495  0.
 496  0.
 497  0.
 498  0.
 499  0.
 500  0.

 1  0.
 2  0.
 3  0.
 4  0.
 5  0.
 6  0.
 7  0.
 8  0.
 9  0.
 10  0.
 11  0.
 12  0.
 13  0.
 14  0.
 15  0.
 16  0.
 17  0.
 18  0.
 19  0.
 20  0.
 21  0.
 22  0.
 23  0.
 24  0.
 25  0.
 26  0.
 27  0.
 28  0.
 29  0.
 30  0.
 31  0.
 32  0.
 33  0.
 34  0.
 35  0.
 36  0.
 37  0.
 38  0.
 39  0.
 40  0.
 41  0.
 42  0.
 43  0.
 44  0.
 45  0.
 46  0.
 47  0.
 48  0.
 49  0.
 50  0.
 51  0.
 52  0.
 53  0.
 54  0.
 55  0.
 56  0.
 57  0.
 58  0.
 59  0.
 60  0.
 61  0.
 62  0.
 63  0.
 64  0.
 65  0.
 66  0.
 67  0.
 68  0.
 69  0.
 70  0.
 71  0.
 72  0.
 73  0.
 74  0.
 75  0.
 76  0.
 77  0.
 78  0.
 79  0.
 80  0.
 81  0.
 82  0.
 83  0.
 84  0.
 85  0.
 86  0.
 87  0.
 88  0.
 89  0.
 90  0.
 91  0.
 92  0.
 93  0.
 94  0.
 95  0.
 96  0.
 97  0.
 98  0.
 99  0.
 100  0.
 101  0.
 102  0.
 103  0.
 104  0.
 105  0.
 106  0.
 107  0.
 108  0.
 109  0.
 110  0.
 111  0.
 112  0.
 113  0.
 114  0.
 115  0.
 116  0.
 117  0.
 118  0.
 119  0.
 120  0.
 121  0.
 122  0.
 123  0.
 124  0.
 125  0.
 126  0.
 127  0.
 128  0.
 129  0.
 130  0.
 131  0.
 132  0.
 133  0.
 134  0.
 135  0.
 136  0.
 137  0.
 138  0.
 139  0.
 140  0.
 141  0.
 142  0.
 143  0.
 144  0.
 145  0.
 146  0.
 147  0.
 148  0.
 149  0.
 150  0.
 151  0.
 152  0.
 153  0.
 154  0.
 155  0.
 156  0.
 157  0.
 158  0.
 159  0.
 160  0.
 161  0.
 162  0.
 163  0.
 164  0.
 165  0.
 166  0.
 167  0.
 168  0.
 169  0.
 170  0.
 171  0.
 172  0.
 173  0.
 174  0.
 175  0.
 176  0.
 177  0.
 178  0.
 179  0.
 180  0.
 181  0.
 182  0.
 183  0.
 184  0.
 185  0.
 186  0.
 187  0.
 188  0.
 189  0.
 190  0.
 191  0.
 192  0.
 193  0.
 194  0.
 195  0.
 196  0.
 197  0.
 198  0.
 199  0.
 200  0.
 201  0.
 202  0.
 203  0.
 204  0.
 205  0.
 206  0.
 207  0.
 208  0.
 209  0.
 210  0.
 211  0.
 212  0.
 213  0.
 214  0.
 215  0.
 216  0.
 217  0.
 218  0.
 219  0.
 220  0.
 221  0.
 222  0.
 223  0.
 224  0.
 225  0.
 226  0.
 227  0.
 228  0.
 229  0.
 230  0.
 231  0.
 232  0.
 233  0.
 234  0.
 235  0.
 236  0.
 237  0.
 238  0.
 239  0.
 240  0.
 241  0.
 242  0.
 243  0.
 244  0.
 245  0.
 246  0.
 247  0.
 248  0.
 249  0.
 250  0.
 251  0.
 252  0.
 253  0.
 254  0.
 255  0.
 256  0.
 257  0.
 258  0.
 259  0.
 260  0.
 261  0.
 262  0.
 263  0.
 264  0.
 265  0.
 266  0.
 267  0.
 268  0.
 269  0.
 270  0.
 271  0.
 272  0.
 273  0.
 274  0.
 275  0.
 276  0.
 277  0.
 278  0.
 279  0.
 280  0.
 281  0.
 282  0.
 283  0.
 284  0.
 285  0.
 286  0.
 287  0.
 288  0.
 289  0.
 290  0.
 291  0.
 292  0.
 293  0.
 294  0.
 295  0.
 296  0.
 297  0.
 298  0.
 299  0.
 300  0.
 301  0.
 302  0.
 303  0.
 304  0.
 305  0.
 306  0.
 307  0.
 308  0.
 309  0.
 310  0.
 311  0.
 312  0.
 313  0.
 314  0.
 315  0.
 316  0.
 317  0.
 318  0.
 319  0.
 320  0.
 321  0.
 322  0.
 323  0.
 324  0.
 325  0.
 326  0.
 327  0.
 328  0.
 329  0.
 330  0.
 331  0.
 332  0.
 333  0.
 334  0.
 335  0.
 336  0.
 337  0.
 338  0.
 339  0.
 340  0.
 341  0.
 342  0.
 343  0.
 344  0.
 345  0.
 346  0.
 347  0.
 348  0.
 349  0.
 350  0.
 351  0.
 352  0.
 353  0.
 354  0.
 355  0.
 356  0.
 357  0.
 358  0.
 359  0.
 360  0.
 361  0.
 362  0.
 363  0.
 364  0.
 365  0.
 366  0.
 367  0.
 368  0.
 369  0.
 370  0.
 371  0.
 372  0.
 373  0.
 374  0.
 375  0.
 376  0.
 377  0.
 378  0.
 379  0.
 380  0.
 381  0.
 382  0.
 383  0.
 384  0.
 385  0.
 386  0.
 387  0.
 388  0.
 389  0.
 390  0.
 391  0.
 392  0.
 393  0.
 394  0.
 395  0.
 396  0.
 397  0.
 398  0.
 399  0.
 400  0.
 401  0.
 402  0.
 403  0.
 404  0.
 405  0.
 406  0.
 407  0.
 408  0.
 409  0.
 410  0.
 411  0.
 412  0.
 413  0.
 414  0.
 415  0.
 416  0.
 417  0.
 418  0.
 419  0.
 420  0.
 421  0.
 422  0.
 423  0.
 424  0.
 425  0.
 426  0.
 427  0.
 428  0.
 429  0.
 430  0.
 431  0.
 432  0.
 433  0.
 434  0.
 435  0.
 436  0.
 437  0.
 438  0.
 439  0.
 440  0.
 441  0.
 442  0.
 443  0.
 444  0.
 445  0.
 446  0.
 447  0.
 448  0.
 449  0.
 450  0.
 451  0.
 452  0.
 453  0.
 454  0.
 455  0.
 456  0.
 457  0.
 458  0.
 459  0.
 460  0.
 461  0.
 462  0.
 463  0.
 464  0.
 465  0.
 466  0.
 467  0.
 468  0.
 469  0.
 470  0.
 471  0.
 472  0.
 473  0.
 474  0.
 475  0.
 476  0.
 477  0.
 478  0.
 479  0.
 480  0.
 481  0.
 482  0.
 483  0.
 484  0.
 485  0.
 486  0.
 487  0.
 488  0.
 489  0.
 490  0.
 491  0.
 492  0.
 493  0.
 494  0.
 495  0.
 496  0.
 497  0.
 498  0.
 499  0.
 500  0.

 1  0.
 2  0.
 3  0.
 4  0.
 5  0.
 6  0.
 7  0.
 8  0.
 9  0.
 10  0.
 11  0.
 12  0.
 13  0.
 14  0.
 15  0.
 16  0.
 17  0.
 18  0.
 19  0.
 20  0.
 21  0.
 22  0.
 23  0.
 24  0.
 25  0.
 26  0.
 27  0.
 28  0.
 29  0.
 30  0.
 31  0.
 32  0.
 33  0.
 34  0.
 35  0.
 36  0.
 37  0.
 38  0.
 39  0.
 40  0.
 41  0.
 42  0.
 43  0.
 44  0.
 45  0.
 46  0.
 47  0.
 48  0.
 49  0.
 50  0.
 51  0.
 52  0.
 53  0.
 54  0.
 55  0.
 56  0.
 57  0.
 58  0.
 59  0.
 60  0.
 61  0.
 62  0.
 63  0.
 64  0.
 65  0.
 66  0.
 67  0.
 68  0.
 69  0.
 70  0.
 71  0.
 72  0.
 73  0.
 74  0.
 75  0.
 76  0.
 77  0.
 78  0.
 79  0.
 80  0.
 81  0.
 82  0.
 83  0.
 84  0.
 85  0.
 86  0.
 87  0.
 88  0.
 89  0.
 90  0.
 91  0.
 92  0.
 93  0.
 94  0.
 95  0.
 96  0.
 97  0.
 98  0.
 99  0.
 100  0.
 101  0.
 102  0.
 103  0.
 104  0.
 105  0.
 106  0.
 107  0.
 108  0.
 109  0.
 110  0.
 111  0.
 112  0.
 113  0.
 114  0.
 115  0.
 116  0.
 117  0.
 118  0.
 119  0.
 120  0.
 121  0.
 122  0.
 123  0.
 124  0.
 125  0.
 126  0.
 127  0.
 128  0.
 129  0.
 130  0.
 131  0.
 132  0.
 133  0.
 134  0.
 135  0.
 136  0.
 137  0.
 138  0.
 139  0.
 140  0.
 141  0.
 142  0.
 143  0.
 144  0.
 145  0.
 146  0.
 147  0.
 148  0.
 149  0.
 150  0.
 151  0.
 152  0.
 153  0.
 154  0.
 155  0.
 156  0.
 157  0.
 158  0.
 159  0.
 160  0.
 161  0.
 162  0.
 163  0.
 164  0.
 165  0.
 166  0.
 167  0.
 168  0.
 169  0.
 170  0.
 171  0.
 172  0.
 173  0.
 174  0.
 175  0.
 176  0.
 177  0.
 178  0.
 179  0.
 180  0.
 181  0.
 182  0.
 183  0.
 184  0.
 185  0.
 186  0.
 187  0.
 188  0.
 189  0.
 190  0.
 191  0.
 192  0.
 193  0.
 194  0.
 195  0.
 196  0.
 197  0.
 198  0.
 199  0.
 200  0.
 201  0.
 202  0.
 203  0.
 204  0.
 205  0.
 206  0.
 207  0.
 208  0.
 209  0.
 210  0.
 211  0.
 212  0.
 213  0.
 214  0.
 215  0.
 216  0.
 217  0.
 218  0.
 219  0.
 220  0.
 221  0.
 222  0.
 223  0.
 224  0.
 225  0.
 226  0.
 227  0.
 228  0.
 229  0.
 230  0.
 231  0.
 232  0.
 233  0.
 234  0.
 235  0.
 236  0.
 237  0.
 238  0.
 239  0.
 240  0.
 241  0.
 242  0.
 243  0.
 244  0.
 245  0.
 246  0.
 247  0.
 248  0.
 249  0.
 250  0.
 251  0.
 252  0.
 253  0.
 254  0.
 255  0.
 256  0.
 257  0.
 258  0.
 259  0.
 260  0.
 261  0.
 262  0.
 263  0.
 264  0.
 265  0.
 266  0.
 267  0.
 268  0.
 269  0.
 270  0.
 271  0.
 272  0.
 273  0.
 274  0.
 275  0.
 276  0.
 277  0.
 278  0.
 279  0.
 280  0.
 281  0.
 282  0.
 283  0.
 284  0.
 285  0.
 286  0.
 287  0.
 288  0.
 289  0.
 290  0.
 291  0.
 292  0.
 293  0.
 294  0.
 295  0.
 296  0.
 297  0.
 298  0.
 299  0.
 300  0.
 301  0.
 302  0.
 303  0.
 304  0.
 305  0.
 306  0.
 307  0.
 308  0.
 309  0.
 310  0.
 311  0.
 312  0.
 313  0.
 314  0.
 315  0.
 316  0.
 317  0.
 318  0.
 319  0.
 320  0.
 321  0.
 322  0.
 323  0.
 324  0.
 325  0.
 326  0.
 327  0.
 328  0.
 329  0.
 330  0.
 331  0.
 332  0.
 333  0.
 334  0.
 335  0.
 336  0.
 337  0.
 338  0.
 339  0.
 340  0.
 341  0.
 342  0.
 343  0.
 344  0.
 345  0.
 346  0.
 347  0.
 348  0.
 349  0.
 350  0.
 351  0.
 352  0.
 353  0.
 354  0.
 355  0.
 356  0.
 357  0.
 358  0.
 359  0.
 360  0.
 361  0.
 362  0.
 363  0.
 364  0.
 365  0.
 366  0.
 367  0.
 368  0.
 369  0.
 370  0.
 371  0.
 372  0.
 373  0.
 374  0.
 375  0.
 376  0.
 377  0.
 378  0.
 379  0.
 380  0.
 381  0.
 382  0.
 383  0.
 384  0.
 385  0.
 386  0.
 387  0.
 388  0.
 389  0.
 390  0.
 391  0.
 392  0.
 393  0.
 394  0.
 395  0.
 396  0.
 397  0.
 398  0.
 399  0.
 400  0.
 401  0.
 402  0.
 403  0.
 404  0.
 405  0.
 406  0.
 407  0.
 408  0.
 409  0.
 410  0.
 411  0.
 412  0.
 413  0.
 414  0.
 415  0.
 416  0.
 417  0.
 418  0.
 419  0.
 420  0.
 421  0.
 422  0.
 423  0.
 424  0.
 425  0.
 426  0.
 427  0.
 428  0.
 429  0.
 430  0.
 431  0.
 432  0.
 433  0.
 434  0.
 435  0.
 436  0.
 437  0.
 438  0.
 439  0.
 440  0.
 441  0.
 442  0.
 443  0.
 444  0.
 445  0.
 446  0.
 447  0.
 448  0.
 449  0.
 450  0.
 451  0.
 452  0.
 453  0.
 454  0.
 455  0.
 456  0.
 457  0.
 458  0.
 459  0.
 460  0.
 461  0.
 462  0.
 463  0.
 464  0.
 465  0.
 466  0.
 467  0.
 468  0.
 469  0.
 470  0.
 471  0.
 472  0.
 473  0.
 474  0.
 475  0.
 476  0.
 477  0.
 478  0.
 479  0.
 480  0.
 481  0.
 482  0.
 483  0.
 484  0.
 485  0.
 486  0.
 487  0.
 488  0.
 489  0.
 490  0.
 491  0.
 492  0.
 493  0.
 494  0.
 495  0.
 496  0.
 497  0.
 498  0.
 499  0.
 500  0.

 1  0.
 2  0.
 3  0.
 4  0.
 5  0.
 6  0.
 7  0.
 8  0.
 9  0.
 10  0.
 11  0.
 12  0.
 13  0.
 14  0.
 15  0.
 16  0.
 17  0.
 18  0.
 19  0.
 20  0.
 21  0.
 22  0.
 23  0.
 24  0.
 25  0.
 26  0.
 27  0.
 28  0.
 29  0.
 30  0.
 31  0.
 32  0.
 33  0.
 34  0.
 35  0.
 36  0.
 37  0.
 38  0.
 39  0.
 40  0.
 41  0.
 42  0.
 43  0.
 44  0.
 45  0.
 46  0.
 47  0.
 48  0.
 49  0.
 50  0.
 51  0.
 52  0.
 53  0.
 54  0.
 55  0.
 56  0.
 57  0.
 58  0.
 59  0.
 60  0.
 61  0.
 62  0.
 63  0.
 64  0.
 65  0.
 66  0.
 67  0.
 68  0.
 69  0.
 70  0.
 71  0.
 72  0.
 73  0.
 74  0.
 75  0.
 76  0.
 77  0.
 78  0.
 79  0.
 80  0.
 81  0.
 82  0.
 83  0.
 84  0.
 85  0.
 86  0.
 87  0.
 88  0.
 89  0.
 90  0.
 91  0.
 92  0.
 93  0.
 94  0.
 95  0.
 96  0.
 97  0.
 98  0.
 99  0.
 100  0.
 101  0.
 102  0.
 103  0.
 104  0.
 105  0.
 106  0.
 107  0.
 108  0.
 109  0.
 110  0.
 111  0.
 112  0.
 113  0.
 114  0.
 115  0.
 116  0.
 117  0.
 118  0.
 119  0.
 120  0.
 121  0.
 122  0.
 123  0.
 124  0.
 125  0.
 126  0.
 127  0.
 128  0.
 129  0.
 130  0.
 131  0.
 132  0.
 133  0.
 134  0.
 135  0.
 136  0.
 137  0.
 138  0.
 139  0.
 140  0.
 141  0.
 142  0.
 143  0.
 144  0.
 145  0.
 146  0.
 147  0.
 148  0.
 149  0.
 150  0.
 151  0.
 152  0.
 153  0.
 154  0.
 155  0.
 156  0.
 157  0.
 158  0.
 159  0.
 160  0.
 161  0.
 162  0.
 163  0.
 164  0.
 165  0.
 166  0.
 167  0.
 168  0.
 169  0.
 170  0.
 171  0.
 172  0.
 173  0.
 174  0.
 175  0.
 176  0.
 177  0.
 178  0.
 179  0.
 180  0.
 181  0.
 182  0.
 183  0.
 184  0.
 185  0.
 186  0.
 187  0.
 188  0.
 189  0.
 190  0.
 191  0.
 192  0.
 193  0.
 194  0.
 195  0.
 196  0.
 197  0.
 198  0.
 199  0.
 200  0.
 201  0.
 202  0.
 203  0.
 204  0.
 205  0.
 206  0.
 207  0.
 208  0.
 209  0.
 210  0.
 211  0.
 212  0.
 213  0.
 214  0.
 215  0.
 216  0.
 217  0.
 218  0.
 219  0.
 220  0.
 221  0.
 222  0.
 223  0.
 224  0.
 225  0.
 226  0.
 227  0.
 228  0.
 229  0.
 230  0.
 231  0.
 232  0.
 233  0.
 234  0.
 235  0.
 236  0.
 237  0.
 238  0.
 239  0.
 240  0.
 241  0.
 242  0.
 243  0.
 244  0.
 245  0.
 246  0.
 247  0.
 248  0.
 249  0.
 250  0.
 251  0.
 252  0.
 253  0.
 254  0.
 255  0.
 256  0.
 257  0.
 258  0.
 259  0.
 260  0.
 261  0.
 262  0.
 263  0.
 264  0.
 265  0.
 266  0.
 267  0.
 268  0.
 269  0.
 270  0.
 271  0.
 272  0.
 273  0.
 274  0.
 275  0.
 276  0.
 277  0.
 278  0.
 279  0.
 280  0.
 281  0.
 282  0.
 283  0.
 284  0.
 285  0.
 286  0.
 287  0.
 288  0.
 289  0.
 290  0.
 291  0.
 292  0.
 293  0.
 294  0.
 295  0.
 296  0.
 297  0.
 298  0.
 299  0.
 300  0.
 301  0.
 302  0.
 303  0.
 304  0.
 305  0.
 306  0.
 307  0.
 308  0.
 309  0.
 310  0.
 311  0.
 312  0.
 313  0.
 314  0.
 315  0.
 316  0.
 317  0.
 318  0.
 319  0.
 320  0.
 321  0.
 322  0.
 323  0.
 324  0.
 325  0.
 326  0.
 327  0.
 328  0.
 329  0.
 330  0.
 331  0.
 332  0.
 333  0.
 334  0.
 335  0.
 336  0.
 337  0.
 338  0.
 339  0.
 340  0.
 341  0.
 342  0.
 343  0.
 344  0.
 345  0.
 346  0.
 347  0.
 348  0.
 349  0.
 350  0.
 351  0.
 352  0.
 353  0.
 354  0.
 355  0.
 356  0.
 357  0.
 358  0.
 359  0.
 360  0.
 361  0.
 362  0.
 363  0.
 364  0.
 365  0.
 366  0.
 367  0.
 368  0.
 369  0.
 370  0.
 371  0.
 372  0.
 373  0.
 374  0.
 375  0.
 376  0.
 377  0.
 378  0.
 379  0.
 380  0.
 381  0.
 382  0.
 383  0.
 384  0.
 385  0.
 386  0.
 387  0.
 388  0.
 389  0.
 390  0.
 391  0.
 392  0.
 393  0.
 394  0.
 395  0.
 396  0.
 397  0.
 398  0.
 399  0.
 400  0.
 401  0.
 402  0.
 403  0.
 404  0.
 405  0.
 406  0.
 407  0.
 408  0.
 409  0.
 410  0.
 411  0.
 412  0.
 413  0.
 414  0.
 415  0.
 416  0.
 417  0.
 418  0.
 419  0.
 420  0.
 421  0.
 422  0.
 423  0.
 424  0.
 425  0.
 426  0.
 427  0.
 428  0.
 429  0.
 430  0.
 431  0.
 432  0.
 433  0.
 434  0.
 435  0.
 436  0.
 437  0.
 438  0.
 439  0.
 440  0.
 441  0.
 442  0.
 443  0.
 444  0.
 445  0.
 446  0.
 447  0.
 448  0.
 449  0.
 450  0.
 451  0.
 452  0.
 453  0.
 454  0.
 455  0.
 456  0.
 457  0.
 458  0.
 459  0.
 460  0.
 461  0.
 462  0.
 463  0.
 464  0.
 465  0.
 466  0.
 467  0.
 468  0.
 469  0.
 470  0.
 471  0.
 472  0.
 473  0.
 474  0.
 475  0.
 476  0.
 477  0.
 478  0.
 479  0.
 480  0.
 481  0.
 482  0.
 483  0.
 484  0.
 485  0.
 486  0.
 487  0.
 488  0.
 489  0.
 490  0.
 491  0.
 492  0.
 493  0.
 494  0.
 495  0.
 496  0.
 497  0.
 498  0.
 499  0.
 500  0.

 1  0.
 2  0.
 3  0.
 4  0.
 5  0.
 6  0.
 7  0.
 8  0.
 9  0.
 10  0.
 11  0.
 12  0.
 13  0.
 14  0.
 15  0.
 16  0.
 17  0.
 18  0.
 19  0.
 20  0.
 21  0.
 22  0.
 23  0.
 24  0.
 25  0.
 26  0.
 27  0.
 28  0.
 29  0.
 30  0.
 31  0.
 32  0.
 33  0.
 34  0.
 35  0.
 36  0.
 37  0.
 38  0.
 39  0.
 40  0.
 41  0.
 42  0.
 43  0.
 44  0.
 45  0.
 46  0.
 47  0.
 48  0.
 49  0.
 50  0.
 51  0.
 52  0.
 53  0.
 54  0.
 55  0.
 56  0.
 57  0.
 58  0.
 59  0.
 60  0.
 61  0.
 62  0.
 63  0.
 64  0.
 65  0.
 66  0.
 67  0.
 68  0.
 69  0.
 70  0.
 71  0.
 72  0.
 73  0.
 74  0.
 75  0.
 76  0.
 77  0.
 78  0.
 79  0.
 80  0.
 81  0.
 82  0.
 83  0.
 84  0.
 85  0.
 86  0.
 87  0.
 88  0.
 89  0.
 90  0.
 91  0.
 92  0.
 93  0.
 94  0.
 95  0.
 96  0.
 97  0.
 98  0.
 99  0.
 100  0.
 101  0.
 102  0.
 103  0.
 104  0.
 105  0.
 106  0.
 107  0.
 108  0.
 109  0.
 110  0.
 111  0.
 112  0.
 113  0.
 114  0.
 115  0.
 116  0.
 117  0.
 118  0.
 119  0.
 120  0.
 121  0.
 122  0.
 123  0.
 124  0.
 125  0.
 126  0.
 127  0.
 128  0.
 129  0.
 130  0.
 131  0.
 132  0.
 133  0.
 134  0.
 135  0.
 136  0.
 137  0.
 138  0.
 139  0.
 140  0.
 141  0.
 142  0.
 143  0.
 144  0.
 145  0.
 146  0.
 147  0.
 148  0.
 149  0.
 150  0.
 151  0.
 152  0.
 153  0.
 154  0.
 155  0.
 156  0.
 157  0.
 158  0.
 159  0.
 160  0.
 161  0.
 162  0.
 163  0.
 164  0.
 165  0.
 166  0.
 167  0.
 168  0.
 169  0.
 170  0.
 171  0.
 172  0.
 173  0.
 174  0.
 175  0.
 176  0.
 177  0.
 178  0.
 179  0.
 180  0.
 181  0.
 182  0.
 183  0.
 184  0.
 185  0.
 186  0.
 187  0.
 188  0.
 189  0.
 190  0.
 191  0.
 192  0.
 193  0.
 194  0.
 195  0.
 196  0.
 197  0.
 198  0.
 199  0.
 200  0.
 201  0.
 202  0.
 203  0.
 204  0.
 205  0.
 206  0.
 207  0.
 208  0.
 209  0.
 210  0.
 211  0.
 212  0.
 213  0.
 214  0.
 215  0.
 216  0.
 217  0.
 218  0.
 219  0.
 220  0.
 221  0.
 222  0.
 223  0.
 224  0.
 225  0.
 226  0.
 227  0.
 228  0.
 229  0.
 230  0.
 231  0.
 232  0.
 233  0.
 234  0.
 235  0.
 236  0.
 237  0.
 238  0.
 239  0.
 240  0.
 241  0.
 242  0.
 243  0.
 244  0.
 245  0.
 246  0.
 247  0.
 248  0.
 249  0.
 250  0.
 251  0.
 252  0.
 253  0.
 254  0.
 255  0.
 256  0.
 257  0.
 258  0.
 259  0.
 260  0.
 261  0.
 262  0.
 263  0.
 264  0.
 265  0.
 266  0.
 267  0.
 268  0.
 269  0.
 270  0.
 271  0.
 272  0.
 273  0.
 274  0.
 275  0.
 276  0.
 277  0.
 278  0.
 279  0.
 280  0.
 281  0.
 282  0.
 283  0.
 284  0.
 285  0.
 286  0.
 287  0.
 288  0.
 289  0.
 290  0.
 291  0.
 292  0.
 293  0.
 294  0.
 295  0.
 296  0.
 297  0.
 298  0.
 299  0.
 300  0.
 301  0.
 302  0.
 303  0.
 304  0.
 305  0.
 306  0.
 307  0.
 308  0.
 309  0.
 310  0.
 311  0.
 312  0.
 313  0.
 314  0.
 315  0.
 316  0.
 317  0.
 318  0.
 319  0.
 320  0.
 321  0.
 322  0.
 323  0.
 324  0.
 325  0.
 326  0.
 327  0.
 328  0.
 329  0.
 330  0.
 331  0.
 332  0.
 333  0.
 334  0.
 335  0.
 336  0.
 337  0.
 338  0.
 339  0.
 340  0.
 341  0.
 342  0.
 343  0.
 344  0.
 345  0.
 346  0.
 347  0.
 348  0.
 349  0.
 350  0.
 351  0.
 352  0.
 353  0.
 354  0.
 355  0.
 356  0.
 357  0.
 358  0.
 359  0.
 360  0.
 361  0.
 362  0.
 363  0.
 364  0.
 365  0.
 366  0.
 367  0.
 368  0.
 369  0.
 370  0.
 371  0.
 372  0.
 373  0.
 374  0.
 375  0.
 376  0.
 377  0.
 378  0.
 379  0.
 380  0.
 381  0.
 382  0.
 383  0.
 384  0.
 385  0.
 386  0.
 387  0.
 388  0.
 389  0.
 390  0.
 391  0.
 392  0.
 393  0.
 394  0.
 395  0.
 396  0.
 397  0.
 398  0.
 399  0.
 400  0.
 401  0.
 402  0.
 403  0.
 404  0.
 405  0.
 406  0.
 407  0.
 408  0.
 409  0.
 410  0.
 411  0.
 412  0.
 413  0.
 414  0.
 415  0.
 416  0.
 417  0.
 418  0.
 419  0.
 420  0.
 421  0.
 422  0.
 423  0.
 424  0.
 425  0.
 426  0.
 427  0.
 428  0.
 429  0.
 430  0.
 431  0.
 432  0.
 433  0.
 434  0.
 435  0.
 436  0.
 437  0.
 438  0.
 439  0.
 440  0.
 441  0.
 442  0.
 443  0.
 444  0.
 445  0.
 446  0.
 447  0.
 448  0.
 449  0.
 450  0.
 451  0.
 452  0.
 453  0.
 454  0.
 455  0.
 456  0.
 457  0.
 458  0.
 459  0.
 460  0.
 461  0.
 462  0.
 463  0.
 464  0.
 465  0.
 466  0.
 467  0.
 468  0.
 469  0.
 470  0.
 471  0.
 472  0.
 473  0.
 474  0.
 475  0.
 476  0.
 477  0.
 478  0.
 479  0.
 480  0.
 481  0.
 482  0.
 483  0.
 484  0.
 485  0.
 486  0.
 487  0.
 488  0.
 489  0.
 490  0.
 491  0.
 492  0.
 493  0.
 494  0.
 495  0.
 496  0.
 497  0.
 498  0.
 499  0.
 500  0.

 1  0.
 2  0.
 3  0.
 4  0.
 5  0.
 6  0.
 7  0.
 8  0.
 9  0.
 10  0.
 11  0.
 12  0.
 13  0.
 14  0.
 15  0.
 16  0.
 17  0.
 18  0.
 19  0.
 20  0.
 21  0.
 22  0.
 23  0.
 24  0.
 25  0.
 26  0.
 27  0.
 28  0.
 29  0.
 30  0.
 31  0.
 32  0.
 33  0.
 34  0.
 35  0.
 36  0.
 37  0.
 38  0.
 39  0.
 40  0.
 41  0.
 42  0.
 43  0.
 44  0.
 45  0.
 46  0.
 47  0.
 48  0.
 49  0.
 50  0.
 51  0.
 52  0.
 53  0.
 54  0.
 55  0.
 56  0.
 57  0.
 58  0.
 59  0.
 60  0.
 61  0.
 62  0.
 63  0.
 64  0.
 65  0.
 66  0.
 67  0.
 68  0.
 69  0.
 70  0.
 71  0.
 72  0.
 73  0.
 74  0.
 75  0.
 76  0.
 77  0.
 78  0.
 79  0.
 80  0.
 81  0.
 82  0.
 83  0.
 84  0.
 85  0.
 86  0.
 87  0.
 88  0.
 89  0.
 90  0.
 91  0.
 92  0.
 93  0.
 94  0.
 95  0.
 96  0.
 97  0.
 98  0.
 99  0.
 100  0.
 101  0.
 102  0.
 103  0.
 104  0.
 105  0.
 106  0.
 107  0.
 108  0.
 109  0.
 110  0.
 111  0.
 112  0.
 113  0.
 114  0.
 115  0.
 116  0.
 117  0.
 118  0.
 119  0.
 120  0.
 121  0.
 122  0.
 123  0.
 124  0.
 125  0.
 126  0.
 127  0.
 128  0.
 129  0.
 130  0.
 131  0.
 132  0.
 133  0.
 134  0.
 135  0.
 136  0.
 137  0.
 138  0.
 139  0.
 140  0.
 141  0.
 142  0.
 143  0.
 144  0.
 145  0.
 146  0.
 147  0.
 148  0.
 149  0.
 150  0.
 151  0.
 152  0.
 153  0.
 154  0.
 155  0.
 156  0.
 157  0.
 158  0.
 159  0.
 160  0.
 161  0.
 162  0.
 163  0.
 164  0.
 165  0.
 166  0.
 167  0.
 168  0.
 169  0.
 170  0.
 171  0.
 172  0.
 173  0.
 174  0.
 175  0.
 176  0.
 177  0.
 178  0.
 179  0.
 180  0.
 181  0.
 182  0.
 183  0.
 184  0.
 185  0.
 186  0.
 187  0.
 188  0.
 189  0.
 190  0.
 191  0.
 192  0.
 193  0.
 194  0.
 195  0.
 196  0.
 197  0.
 198  0.
 199  0.
 200  0.
 201  0.
 202  0.
 203  0.
 204  0.
 205  0.
 206  0.
 207  0.
 208  0.
 209  0.
 210  0.
 211  0.
 212  0.
 213  0.
 214  0.
 215  0.
 216  0.
 217  0.
 218  0.
 219  0.
 220  0.
 221  0.
 222  0.
 223  0.
 224  0.
 225  0.
 226  0.
 227  0.
 228  0.
 229  0.
 230  0.
 231  0.
 232  0.
 233  0.
 234  0.
 235  0.
 236  0.
 237  0.
 238  0.
 239  0.
 240  0.
 241  0.
 242  0.
 243  0.
 244  0.
 245  0.
 246  0.
 247  0.
 248  0.
 249  0.
 250  0.
 251  0.
 252  0.
 253  0.
 254  0.
 255  0.
 256  0.
 257  0.
 258  0.
 259  0.
 260  0.
 261  0.
 262  0.
 263  0.
 264  0.
 265  0.
 266  0.
 267  0.
 268  0.
 269  0.
 270  0.
 271  0.
 272  0.
 273  0.
 274  0.
 275  0.
 276  0.
 277  0.
 278  0.
 279  0.
 280  0.
 281  0.
 282  0.
 283  0.
 284  0.
 285  0.
 286  0.
 287  0.
 288  0.
 289  0.
 290  0.
 291  0.
 292  0.
 293  0.
 294  0.
 295  0.
 296  0.
 297  0.
 298  0.
 299  0.
 300  0.
 301  0.
 302  0.
 303  0.
 304  0.
 305  0.
 306  0.
 307  0.
 308  0.
 309  0.
 310  0.
 311  0.
 312  0.
 313  0.
 314  0.
 315  0.
 316  0.
 317  0.
 318  0.
 319  0.
 320  0.
 321  0.
 322  0.
 323  0.
 324  0.
 325  0.
 326  0.
 327  0.
 328  0.
 329  0.
 330  0.
 331  0.
 332  0.
 333  0.
 334  0.
 335  0.
 336  0.
 337  0.
 338  0.
 339  0.
 340  0.
 341  0.
 342  0.
 343  0.
 344  0.
 345  0.
 346  0.
 347  0.
 348  0.
 349  0.
 350  0.
 351  0.
 352  0.
 353  0.
 354  0.
 355  0.
 356  0.
 357  0.
 358  0.
 359  0.
 360  0.
 361  0.
 362  0.
 363  0.
 364  0.
 365  0.
 366  0.
 367  0.
 368  0.
 369  0.
 370  0.
 371  0.
 372  0.
 373  0.
 374  0.
 375  0.
 376  0.
 377  0.
 378  0.
 379  0.
 380  0.
 381  0.
 382  0.
 383  0.
 384  0.
 385  0.
 386  0.
 387  0.
 388  0.
 389  0.
 390  0.
 391  0.
 392  0.
 393  0.
 394  0.
 395  0.
 396  0.
 397  0.
 398  0.
 399  0.
 400  0.
 401  0.
 402  0.
 403  0.
 404  0.
 405  0.
 406  0.
 407  0.
 408  0.
 409  0.
 410  0.
 411  0.
 412  0.
 413  0.
 414  0.
 415  0.
 416  0.
 417  0.
 418  0.
 419  0.
 420  0.
 421  0.
 422  0.
 423  0.
 424  0.
 425  0.
 426  0.
 427  0.
 428  0.
 429  0.
 430  0.
 431  0.
 432  0.
 433  0.
 434  0.
 435  0.
 436  0.
 437  0.
 438  0.
 439  0.
 440  0.
 441  0.
 442  0.
 443  0.
 444  0.
 445  0.
 446  0.
 447  0.
 448  0.
 449  0.
 450  0.
 451  0.
 452  0.
 453  0.
 454  0.
 455  0.
 456  0.
 457  0.
 458  0.
 459  0.
 460  0.
 461  0.
 462  0.
 463  0.
 464  0.
 465  0.
 466  0.
 467  0.
 468  0.
 469  0.
 470  0.
 471  0.
 472  0.
 473  0.
 474  0.
 475  0.
 476  0.
 477  0.
 478  0.
 479  0.
 480  0.
 481  0.
 482  0.
 483  0.
 484  0.
 485  0.
 486  0.
 487  0.
 488  0.
 489  0.
 490  0.
 491  0.
 492  0.
 493  0.
 494  0.
 495  0.
 496  0.
 497  0.
 498  0.
 499  0.
 500  0.

 1  0.
 2  0.
 3  0.
 4  0.
 5  0.
 6  0.
 7  0.
 8  0.
 9  0.
 10  0.
 11  0.
 12  0.
 13  0.
 14  0.
 15  0.
 16  0.
 17  0.
 18  0.
 19  0.
 20  0.
 21  0.
 22  0.
 23  0.
 24  0.
 25  0.
 26  0.
 27  0.
 28  0.
 29  0.
 30  0.
 31  0.
 32  0.
 33  0.
 34  0.
 35  0.
 36  0.
 37  0.
 38  0.
 39  0.
 40  0.
 41  0.
 42  0.
 43  0.
 44  0.
 45  0.
 46  0.
 47  0.
 48  0.
 49  0.
 50  0.
 51  0.
 52  0.
 53  0.
 54  0.
 55  0.
 56  0.
 57  0.
 58  0.
 59  0.
 60  0.
 61  0.
 62  0.
 63  0.
 64  0.
 65  0.
 66  0.
 67  0.
 68  0.
 69  0.
 70  0.
 71  0.
 72  0.
 73  0.
 74  0.
 75  0.
 76  0.
 77  0.
 78  0.
 79  0.
 80  0.
 81  0.
 82  0.
 83  0.
 84  0.
 85  0.
 86  0.
 87  0.
 88  0.
 89  0.
 90  0.
 91  0.
 92  0.
 93  0.
 94  0.
 95  0.
 96  0.
 97  0.
 98  0.
 99  0.
 100  0.
 101  0.
 102  0.
 103  0.
 104  0.
 105  0.
 106  0.
 107  0.
 108  0.
 109  0.
 110  0.
 111  0.
 112  0.
 113  0.
 114  0.
 115  0.
 116  0.
 117  0.
 118  0.
 119  0.
 120  0.
 121  0.
 122  0.
 123  0.
 124  0.
 125  0.
 126  0.
 127  0.
 128  0.
 129  0.
 130  0.
 131  0.
 132  0.
 133  0.
 134  0.
 135  0.
 136  0.
 137  0.
 138  0.
 139  0.
 140  0.
 141  0.
 142  0.
 143  0.
 144  0.
 145  0.
 146  0.
 147  0.
 148  0.
 149  0.
 150  0.
 151  0.
 152  0.
 153  0.
 154  0.
 155  0.
 156  0.
 157  0.
 158  0.
 159  0.
 160  0.
 161  0.
 162  0.
 163  0.
 164  0.
 165  0.
 166  0.
 167  0.
 168  0.
 169  0.
 170  0.
 171  0.
 172  0.
 173  0.
 174  0.
 175  0.
 176  0.
 177  0.
 178  0.
 179  0.
 180  0.
 181  0.
 182  0.
 183  0.
 184  0.
 185  0.
 186  0.
 187  0.
 188  0.
 189  0.
 190  0.
 191  0.
 192  0.
 193  0.
 194  0.
 195  0.
 196  0.
 197  0.
 198  0.
 199  0.
 200  0.
 201  0.
 202  0.
 203  0.
 204  0.
 205  0.
 206  0.
 207  0.
 208  0.
 209  0.
 210  0.
 211  0.
 212  0.
 213  0.
 214  0.
 215  0.
 216  0.
 217  0.
 218  0.
 219  0.
 220  0.
 221  0.
 222  0.
 223  0.
 224  0.
 225  0.
 226  0.
 227  0.
 228  0.
 229  0.
 230  0.
 231  0.
 232  0.
 233  0.
 234  0.
 235  0.
 236  0.
 237  0.
 238  0.
 239  0.
 240  0.
 241  0.
 242  0.
 243  0.
 244  0.
 245  0.
 246  0.
 247  0.
 248  0.
 249  0.
 250  0.
 251  0.
 252  0.
 253  0.
 254  0.
 255  0.
 256  0.
 257  0.
 258  0.
 259  0.
 260  0.
 261  0.
 262  0.
 263  0.
 264  0.
 265  0.
 266  0.
 267  0.
 268  0.
 269  0.
 270  0.
 271  0.
 272  0.
 273  0.
 274  0.
 275  0.
 276  0.
 277  0.
 278  0.
 279  0.
 280  0.
 281  0.
 282  0.
 283  0.
 284  0.
 285  0.
 286  0.
 287  0.
 288  0.
 289  0.
 290  0.
 291  0.
 292  0.
 293  0.
 294  0.
 295  0.
 296  0.
 297  0.
 298  0.
 299  0.
 300  0.
 301  0.
 302  0.
 303  0.
 304  0.
 305  0.
 306  0.
 307  0.
 308  0.
 309  0.
 310  0.
 311  0.
 312  0.
 313  0.
 314  0.
 315  0.
 316  0.
 317  0.
 318  0.
 319  0.
 320  0.
 321  0.
 322  0.
 323  0.
 324  0.
 325  0.
 326  0.
 327  0.
 328  0.
 329  0.
 330  0.
 331  0.
 332  0.
 333  0.
 334  0.
 335  0.
 336  0.
 337  0.
 338  0.
 339  0.
 340  0.
 341  0.
 342  0.
 343  0.
 344  0.
 345  0.
 346  0.
 347  0.
 348  0.
 349  0.
 350  0.
 351  0.
 352  0.
 353  0.
 354  0.
 355  0.
 356  0.
 357  0.
 358  0.
 359  0.
 360  0.
 361  0.
 362  0.
 363  0.
 364  0.
 365  0.
 366  0.
 367  0.
 368  0.
 369  0.
 370  0.
 371  0.
 372  0.
 373  0.
 374  0.
 375  0.
 376  0.
 377  0.
 378  0.
 379  0.
 380  0.
 381  0.
 382  0.
 383  0.
 384  0.
 385  0.
 386  0.
 387  0.
 388  0.
 389  0.
 390  0.
 391  0.
 392  0.
 393  0.
 394  0.
 395  0.
 396  0.
 397  0.
 398  0.
 399  0.
 400  0.
 401  0.
 402  0.
 403  0.
 404  0.
 405  0.
 406  0.
 407  0.
 408  0.
 409  0.
 410  0.
 411  0.
 412  0.
 413  0.
 414  0.
 415  0.
 416  0.
 417  0.
 418  0.
 419  0.
 420  0.
 421  0.
 422  0.
 423  0.
 424  0.
 425  0.
 426  0.
 427  0.
 428  0.
 429  0.
 430  0.
 431  0.
 432  0.
 433  0.
 434  0.
 435  0.
 436  0.
 437  0.
 438  0.
 439  0.
 440  0.
 441  0.
 442  0.
 443  0.
 444  0.
 445  0.
 446  0.
 447  0.
 448  0.
 449  0.
 450  0.
 451  0.
 452  0.
 453  0.
 454  0.
 455  0.
 456  0.
 457  0.
 458  0.
 459  0.
 460  0.
 461  0.
 462  0.
 463  0.
 464  0.
 465  0.
 466  0.
 467  0.
 468  0.
 469  0.
 470  0.
 471  0.
 472  0.
 473  0.
 474  0.
 475  0.
 476  0.
 477  0.
 478  0.
 479  0.
 480  0.
 481  0.
 482  0.
 483  0.
 484  0.
 485  0.
 486  0.
 487  0.
 488  0.
 489  0.
 490  0.
 491  0.
 492  0.
 493  0.
 494  0.
 495  0.
 496  0.
 497  0.
 498  0.
 499  0.
 500  0.

 1  0.
 2  0.
 3  0.
 4  0.
 5  0.
 6  0.
 7  0.
 8  0.
 9  0.
 10  0.
 11  0.
 12  0.
 13  0.
 14  0.
 15  0.
 16  0.
 17  0.
 18  0.
 19  0.
 20  0.
 21  0.
 22  0.
 23  0.
 24  0.
 25  0.
 26  0.
 27  0.
 28  0.
 29  0.
 30  0.
 31  0.
 32  0.
 33  0.
 34  0.
 35  0.
 36  0.
 37  0.
 38  0.
 39  0.
 40  0.
 41  0.
 42  0.
 43  0.
 44  0.
 45  0.
 46  0.
 47  0.
 48  0.
 49  0.
 50  0.
 51  0.
 52  0.
 53  0.
 54  0.
 55  0.
 56  0.
 57  0.
 58  0.
 59  0.
 60  0.
 61  0.
 62  0.
 63  0.
 64  0.
 65  0.
 66  0.
 67  0.
 68  0.
 69  0.
 70  0.
 71  0.
 72  0.
 73  0.
 74  0.
 75  0.
 76  0.
 77  0.
 78  0.
 79  0.
 80  0.
 81  0.
 82  0.
 83  0.
 84  0.
 85  0.
 86  0.
 87  0.
 88  0.
 89  0.
 90  0.
 91  0.
 92  0.
 93  0.
 94  0.
 95  0.
 96  0.
 97  0.
 98  0.
 99  0.
 100  0.
 101  0.
 102  0.
 103  0.
 104  0.
 105  0.
 106  0.
 107  0.
 108  0.
 109  0.
 110  0.
 111  0.
 112  0.
 113  0.
 114  0.
 115  0.
 116  0.
 117  0.
 118  0.
 119  0.
 120  0.
 121  0.
 122  0.
 123  0.
 124  0.
 125  0.
 126  0.
 127  0.
 128  0.
 129  0.
 130  0.
 131  0.
 132  0.
 133  0.
 134  0.
 135  0.
 136  0.
 137  0.
 138  0.
 139  0.
 140  0.
 141  0.
 142  0.
 143  0.
 144  0.
 145  0.
 146  0.
 147  0.
 148  0.
 149  0.
 150  0.
 151  0.
 152  0.
 153  0.
 154  0.
 155  0.
 156  0.
 157  0.
 158  0.
 159  0.
 160  0.
 161  0.
 162  0.
 163  0.
 164  0.
 165  0.
 166  0.
 167  0.
 168  0.
 169  0.
 170  0.
 171  0.
 172  0.
 173  0.
 174  0.
 175  0.
 176  0.
 177  0.
 178  0.
 179  0.
 180  0.
 181  0.
 182  0.
 183  0.
 184  0.
 185  0.
 186  0.
 187  0.
 188  0.
 189  0.
 190  0.
 191  0.
 192  0.
 193  0.
 194  0.
 195  0.
 196  0.
 197  0.
 198  0.
 199  0.
 200  0.
 201  0.
 202  0.
 203  0.
 204  0.
 205  0.
 206  0.
 207  0.
 208  0.
 209  0.
 210  0.
 211  0.
 212  0.
 213  0.
 214  0.
 215  0.
 216  0.
 217  0.
 218  0.
 219  0.
 220  0.
 221  0.
 222  0.
 223  0.
 224  0.
 225  0.
 226  0.
 227  0.
 228  0.
 229  0.
 230  0.
 231  0.
 232  0.
 233  0.
 234  0.
 235  0.
 236  0.
 237  0.
 238  0.
 239  0.
 240  0.
 241  0.
 242  0.
 243  0.
 244  0.
 245  0.
 246  0.
 247  0.
 248  0.
 249  0.
 250  0.
 251  0.
 252  0.
 253  0.
 254  0.
 255  0.
 256  0.
 257  0.
 258  0.
 259  0.
 260  0.
 261  0.
 262  0.
 263  0.
 264  0.
 265  0.
 266  0.
 267  0.
 268  0.
 269  0.
 270  0.
 271  0.
 272  0.
 273  0.
 274  0.
 275  0.
 276  0.
 277  0.
 278  0.
 279  0.
 280  0.
 281  0.
 282  0.
 283  0.
 284  0.
 285  0.
 286  0.
 287  0.
 288  0.
 289  0.
 290  0.
 291  0.
 292  0.
 293  0.
 294  0.
 295  0.
 296  0.
 297  0.
 298  0.
 299  0.
 300  0.
 301  0.
 302  0.
 303  0.
 304  0.
 305  0.
 306  0.
 307  0.
 308  0.
 309  0.
 310  0.
 311  0.
 312  0.
 313  0.
 314  0.
 315  0.
 316  0.
 317  0.
 318  0.
 319  0.
 320  0.
 321  0.
 322  0.
 323  0.
 324  0.
 325  0.
 326  0.
 327  0.
 328  0.
 329  0.
 330  0.
 331  0.
 332  0.
 333  0.
 334  0.
 335  0.
 336  0.
 337  0.
 338  0.
 339  0.
 340  0.
 341  0.
 342  0.
 343  0.
 344  0.
 345  0.
 346  0.
 347  0.
 348  0.
 349  0.
 350  0.
 351  0.
 352  0.
 353  0.
 354  0.
 355  0.
 356  0.
 357  0.
 358  0.
 359  0.
 360  0.
 361  0.
 362  0.
 363  0.
 364  0.
 365  0.
 366  0.
 367  0.
 368  0.
 369  0.
 370  0.
 371  0.
 372  0.
 373  0.
 374  0.
 375  0.
 376  0.
 377  0.
 378  0.
 379  0.
 380  0.
 381  0.
 382  0.
 383  0.
 384  0.
 385  0.
 386  0.
 387  0.
 388  0.
 389  0.
 390  0.
 391  0.
 392  0.
 393  0.
 394  0.
 395  0.
 396  0.
 397  0.
 398  0.
 399  0.
 400  0.
 401  0.
 402  0.
 403  0.
 404  0.
 405  0.
 406  0.
 407  0.
 408  0.
 409  0.
 410  0.
 411  0.
 412  0.
 413  0.
 414  0.
 415  0.
 416  0.
 417  0.
 418  0.
 419  0.
 420  0.
 421  0.
 422  0.
 423  0.
 424  0.
 425  0.
 426  0.
 427  0.
 428  0.
 429  0.
 430  0.
 431  0.
 432  0.
 433  0.
 434  0.
 435  0.
 436  0.
 437  0.
 438  0.
 439  0.
 440  0.
 441  0.
 442  0.
 443  0.
 444  0.
 445  0.
 446  0.
 447  0.
 448  0.
 449  0.
 450  0.
 451  0.
 452  0.
 453  0.
 454  0.
 455  0.
 456  0.
 457  0.
 458  0.
 459  0.
 460  0.
 461  0.
 462  0.
 463  0.
 464  0.
 465  0.
 466  0.
 467  0.
 468  0.
 469  0.
 470  0.
 471  0.
 472  0.
 473  0.
 474  0.
 475  0.
 476  0.
 477  0.
 478  0.
 479  0.
 480  0.
 481  0.
 482  0.
 483  0.
 484  0.
 485  0.
 486  0.
 487  0.
 488  0.
 489  0.
 490  0.
 491  0.
 492  0.
 493  0.
 494  0.
 495  0.
 496  0.
 497  0.
 498  0.
 499  0.
 500  0.

 1  0.
 2  0.
 3  0.
 4  0.
 5  0.
 6  0.
 7  0.
 8  0.
 9  0.
 10  0.
 11  0.
 12  0.
 13  0.
 14  0.
 15  0.
 16  0.
 17  0.
 18  0.
 19  0.
 20  0.
 21  0.
 22  0.
 23  0.
 24  0.
 25  0.
 26  0.
 27  0.
 28  0.
 29  0.
 30  0.
 31  0.
 32  0.
 33  0.
 34  0.
 35  0.
 36  0.
 37  0.
 38  0.
 39  0.
 40  0.
 41  0.
 42  0.
 43  0.
 44  0.
 45  0.
 46  0.
 47  0.
 48  0.
 49  0.
 50  0.
 51  0.
 52  0.
 53  0.
 54  0.
 55  0.
 56  0.
 57  0.
 58  0.
 59  0.
 60  0.
 61  0.
 62  0.
 63  0.
 64  0.
 65  0.
 66  0.
 67  0.
 68  0.
 69  0.
 70  0.
 71  0.
 72  0.
 73  0.
 74  0.
 75  0.
 76  0.
 77  0.
 78  0.
 79  0.
 80  0.
 81  0.
 82  0.
 83  0.
 84  0.
 85  0.
 86  0.
 87  0.
 88  0.
 89  0.
 90  0.
 91  0.
 92  0.
 93  0.
 94  0.
 95  0.
 96  0.
 97  0.
 98  0.
 99  0.
 100  0.
 101  0.
 102  0.
 103  0.
 104  0.
 105  0.
 106  0.
 107  0.
 108  0.
 109  0.
 110  0.
 111  0.
 112  0.
 113  0.
 114  0.
 115  0.
 116  0.
 117  0.
 118  0.
 119  0.
 120  0.
 121  0.
 122  0.
 123  0.
 124  0.
 125  0.
 126  0.
 127  0.
 128  0.
 129  0.
 130  0.
 131  0.
 132  0.
 133  0.
 134  0.
 135  0.
 136  0.
 137  0.
 138  0.
 139  0.
 140  0.
 141  0.
 142  0.
 143  0.
 144  0.
 145  0.
 146  0.
 147  0.
 148  0.
 149  0.
 150  0.
 151  0.
 152  0.
 153  0.
 154  0.
 155  0.
 156  0.
 157  0.
 158  0.
 159  0.
 160  0.
 161  0.
 162  0.
 163  0.
 164  0.
 165  0.
 166  0.
 167  0.
 168  0.
 169  0.
 170  0.
 171  0.
 172  0.
 173  0.
 174  0.
 175  0.
 176  0.
 177  0.
 178  0.
 179  0.
 180  0.
 181  0.
 182  0.
 183  0.
 184  0.
 185  0.
 186  0.
 187  0.
 188  0.
 189  0.
 190  0.
 191  0.
 192  0.
 193  0.
 194  0.
 195  0.
 196  0.
 197  0.
 198  0.
 199  0.
 200  0.
 201  0.
 202  0.
 203  0.
 204  0.
 205  0.
 206  0.
 207  0.
 208  0.
 209  0.
 210  0.
 211  0.
 212  0.
 213  0.
 214  0.
 215  0.
 216  0.
 217  0.
 218  0.
 219  0.
 220  0.
 221  0.
 222  0.
 223  0.
 224  0.
 225  0.
 226  0.
 227  0.
 228  0.
 229  0.
 230  0.
 231  0.
 232  0.
 233  0.
 234  0.
 235  0.
 236  0.
 237  0.
 238  0.
 239  0.
 240  0.
 241  0.
 242  0.
 243  0.
 244  0.
 245  0.
 246  0.
 247  0.
 248  0.
 249  0.
 250  0.
 251  0.
 252  0.
 253  0.
 254  0.
 255  0.
 256  0.
 257  0.
 258  0.
 259  0.
 260  0.
 261  0.
 262  0.
 263  0.
 264  0.
 265  0.
 266  0.
 267  0.
 268  0.
 269  0.
 270  0.
 271  0.
 272  0.
 273  0.
 274  0.
 275  0.
 276  0.
 277  0.
 278  0.
 279  0.
 280  0.
 281  0.
 282  0.
 283  0.
 284  0.
 285  0.
 286  0.
 287  0.
 288  0.
 289  0.
 290  0.
 291  0.
 292  0.
 293  0.
 294  0.
 295  0.
 296  0.
 297  0.
 298  0.
 299  0.
 300  0.
 301  0.
 302  0.
 303  0.
 304  0.
 305  0.
 306  0.
 307  0.
 308  0.
 309  0.
 310  0.
 311  0.
 312  0.
 313  0.
 314  0.
 315  0.
 316  0.
 317  0.
 318  0.
 319  0.
 320  0.
 321  0.
 322  0.
 323  0.
 324  0.
 325  0.
 326  0.
 327  0.
 328  0.
 329  0.
 330  0.
 331  0.
 332  0.
 333  0.
 334  0.
 335  0.
 336  0.
 337  0.
 338  0.
 339  0.
 340  0.
 341  0.
 342  0.
 343  0.
 344  0.
 345  0.
 346  0.
 347  0.
 348  0.
 349  0.
 350  0.
 351  0.
 352  0.
 353  0.
 354  0.
 355  0.
 356  0.
 357  0.
 358  0.
 359  0.
 360  0.
 361  0.
 362  0.
 363  0.
 364  0.
 365  0.
 366  0.
 367  0.
 368  0.
 369  0.
 370  0.
 371  0.
 372  0.
 373  0.
 374  0.
 375  0.
 376  0.
 377  0.
 378  0.
 379  0.
 380  0.
 381  0.
 382  0.
 383  0.
 384  0.
 385  0.
 386  0.
 387  0.
 388  0.
 389  0.
 390  0.
 391  0.
 392  0.
 393  0.
 394  0.
 395  0.
 396  0.
 397  0.
 398  0.
 399  0.
 400  0.
 401  0.
 402  0.
 403  0.
 404  0.
 405  0.
 406  0.
 407  0.
 408  0.
 409  0.
 410  0.
 411  0.
 412  0.
 413  0.
 414  0.
 415  0.
 416  0.
 417  0.
 418  0.
 419  0.
 420  0.
 421  0.
 422  0.
 423  0.
 424  0.
 425  0.
 426  0.
 427  0.
 428  0.
 429  0.
 430  0.
 431  0.
 432  0.
 433  0.
 434  0.
 435  0.
 436  0.
 437  0.
 438  0.
 439  0.
 440  0.
 441  0.
 442  0.
 443  0.
 444  0.
 445  0.
 446  0.
 447  0.
 448  0.
 449  0.
 450  0.
 451  0.
 452  0.
 453  0.
 454  0.
 455  0.
 456  0.
 457  0.
 458  0.
 459  0.
 460  0.
 461  0.
 462  0.
 463  0.
 464  0.
 465  0.
 466  0.
 467  0.
 468  0.
 469  0.
 470  0.
 471  0.
 472  0.
 473  0.
 474  0.
 475  0.
 476  0.
 477  0.
 478  0.
 479  0.
 480  0.
 481  0.
 482  0.
 483  0.
 484  0.
 485  0.
 486  0.
 487  0.
 488  0.
 489  0.
 490  0.
 491  0.
 492  0.
 493  0.
 494  0.
 495  0.
 496  0.
 497  0.
 498  0.
 499  0.
 500  0.

 1  0.
 2  0.
 3  0.
 4  0.
 5  0.
 6  0.
 7  0.
 8  0.
 9  0.
 10  0.
 11  0.
 12  0.
 13  0.
 14  0.
 15  0.
 16  0.
 17  0.
 18  0.
 19  0.
 20  0.
 21  0.
 22  0.
 23  0.
 24  0.
 25  0.
 26  0.
 27  0.
 28  0.
 29  0.
 30  0.
 31  0.
 32  0.
 33  0.
 34  0.
 35  0.
 36  0.
 37  0.
 38  0.
 39  0.
 40  0.
 41  0.
 42  0.
 43  0.
 44  0.
 45  0.
 46  0.
 47  0.
 48  0.
 49  0.
 50  0.
 51  0.
 52  0.
 53  0.
 54  0.
 55  0.
 56  0.
 57  0.
 58  0.
 59  0.
 60  0.
 61  0.
 62  0.
 63  0.
 64  0.
 65  0.
 66  0.
 67  0.
 68  0.
 69  0.
 70  0.
 71  0.
 72  0.
 73  0.
 74  0.
 75  0.
 76  0.
 77  0.
 78  0.
 79  0.
 80  0.
 81  0.
 82  0.
 83  0.
 84  0.
 85  0.
 86  0.
 87  0.
 88  0.
 89  0.
 90  0.
 91  0.
 92  0.
 93  0.
 94  0.
 95  0.
 96  0.
 97  0.
 98  0.
 99  0.
 100  0.
 101  0.
 102  0.
 103  0.
 104  0.
 105  0.
 106  0.
 107  0.
 108  0.
 109  0.
 110  0.
 111  0.
 112  0.
 113  0.
 114  0.
 115  0.
 116  0.
 117  0.
 118  0.
 119  0.
 120  0.
 121  0.
 122  0.
 123  0.
 124  0.
 125  0.
 126  0.
 127  0.
 128  0.
 129  0.
 130  0.
 131  0.
 132  0.
 133  0.
 134  0.
 135  0.
 136  0.
 137  0.
 138  0.
 139  0.
 140  0.
 141  0.
 142  0.
 143  0.
 144  0.
 145  0.
 146  0.
 147  0.
 148  0.
 149  0.
 150  0.
 151  0.
 152  0.
 153  0.
 154  0.
 155  0.
 156  0.
 157  0.
 158  0.
 159  0.
 160  0.
 161  0.
 162  0.
 163  0.
 164  0.
 165  0.
 166  0.
 167  0.
 168  0.
 169  0.
 170  0.
 171  0.
 172  0.
 173  0.
 174  0.
 175  0.
 176  0.
 177  0.
 178  0.
 179  0.
 180  0.
 181  0.
 182  0.
 183  0.
 184  0.
 185  0.
 186  0.
 187  0.
 188  0.
 189  0.
 190  0.
 191  0.
 192  0.
 193  0.
 194  0.
 195  0.
 196  0.
 197  0.
 198  0.
 199  0.
 200  0.
 201  0.
 202  0.
 203  0.
 204  0.
 205  0.
 206  0.
 207  0.
 208  0.
 209  0.
 210  0.
 211  0.
 212  0.
 213  0.
 214  0.
 215  0.
 216  0.
 217  0.
 218  0.
 219  0.
 220  0.
 221  0.
 222  0.
 223  0.
 224  0.
 225  0.
 226  0.
 227  0.
 228  0.
 229  0.
 230  0.
 231  0.
 232  0.
 233  0.
 234  0.
 235  0.
 236  0.
 237  0.
 238  0.
 239  0.
 240  0.
 241  0.
 242  0.
 243  0.
 244  0.
 245  0.
 246  0.
 247  0.
 248  0.
 249  0.
 250  0.
 251  0.
 252  0.
 253  0.
 254  0.
 255  0.
 256  0.
 257  0.
 258  0.
 259  0.
 260  0.
 261  0.
 262  0.
 263  0.
 264  0.
 265  0.
 266  0.
 267  0.
 268  0.
 269  0.
 270  0.
 271  0.
 272  0.
 273  0.
 274  0.
 275  0.
 276  0.
 277  0.
 278  0.
 279  0.
 280  0.
 281  0.
 282  0.
 283  0.
 284  0.
 285  0.
 286  0.
 287  0.
 288  0.
 289  0.
 290  0.
 291  0.
 292  0.
 293  0.
 294  0.
 295  0.
 296  0.
 297  0.
 298  0.
 299  0.
 300  0.
 301  0.
 302  0.
 303  0.
 304  0.
 305  0.
 306  0.
 307  0.
 308  0.
 309  0.
 310  0.
 311  0.
 312  0.
 313  0.
 314  0.
 315  0.
 316  0.
 317  0.
 318  0.
 319  0.
 320  0.
 321  0.
 322  0.
 323  0.
 324  0.
 325  0.
 326  0.
 327  0.
 328  0.
 329  0.
 330  0.
 331  0.
 332  0.
 333  0.
 334  0.
 335  0.
 336  0.
 337  0.
 338  0.
 339  0.
 340  0.
 341  0.
 342  0.
 343  0.
 344  0.
 345  0.
 346  0.
 347  0.
 348  0.
 349  0.
 350  0.
 351  0.
 352  0.
 353  0.
 354  0.
 355  0.
 356  0.
 357  0.
 358  0.
 359  0.
 360  0.
 361  0.
 362  0.
 363  0.
 364  0.
 365  0.
 366  0.
 367  0.
 368  0.
 369  0.
 370  0.
 371  0.
 372  0.
 373  0.
 374  0.
 375  0.
 376  0.
 377  0.
 378  0.
 379  0.
 380  0.
 381  0.
 382  0.
 383  0.
 384  0.
 385  0.
 386  0.
 387  0.
 388  0.
 389  0.
 390  0.
 391  0.
 392  0.
 393  0.
 394  0.
 395  0.
 396  0.
 397  0.
 398  0.
 399  0.
 400  0.
 401  0.
 402  0.
 403  0.
 404  0.
 405  0.
 406  0.
 407  0.
 408  0.
 409  0.
 410  0.
 411  0.
 412  0.
 413  0.
 414  0.
 415  0.
 416  0.
 417  0.
 418  0.
 419  0.
 420  0.
 421  0.
 422  0.
 423  0.
 424  0.
 425  0.
 426  0.
 427  0.
 428  0.
 429  0.
 430  0.
 431  0.
 432  0.
 433  0.
 434  0.
 435  0.
 436  0.
 437  0.
 438  0.
 439  0.
 440  0.
 441  0.
 442  0.
 443  0.
 444  0.
 445  0.
 446  0.
 447  0.
 448  0.
 449  0.
 450  0.
 451  0.
 452  0.
 453  0.
 454  0.
 455  0.
 456  0.
 457  0.
 458  0.
 459  0.
 460  0.
 461  0.
 462  0.
 463  0.
 464  0.
 465  0.
 466  0.
 467  0.
 468  0.
 469  0.
 470  0.
 471  0.
 472  0.
 473  0.
 474  0.
 475  0.
 476  0.
 477  0.
 478  0.
 479  0.
 480  0.
 481  0.
 482  0.
 483  0.
 484  0.
 485  0.
 486  0.
 487  0.
 488  0.
 489  0.
 490  0.
 491  0.
 492  0.
 493  0.
 494  0.
 495  0.
 496  0.
 497  0.
 498  0.
 499  0.
 500  0.

 1  0.
 2  0.
 3  0.
 4  0.
 5  0.
 6  0.
 7  0.
 8  0.
 9  0.
 10  0.
 11  0.
 12  0.
 13  0.
 14  0.
 15  0.
 16  0.
 17  0.
 18  0.
 19  0.
 20  0.
 21  0.
 22  0.
 23  0.
 24  0.
 25  0.
 26  0.
 27  0.
 28  0.
 29  0.
 30  0.
 31  0.
 32  0.
 33  0.
 34  0.
 35  0.
 36  0.
 37  0.
 38  0.
 39  0.
 40  0.
 41  0.
 42  0.
 43  0.
 44  0.
 45  0.
 46  0.
 47  0.
 48  0.
 49  0.
 50  0.
 51  0.
 52  0.
 53  0.
 54  0.
 55  0.
 56  0.
 57  0.
 58  0.
 59  0.
 60  0.
 61  0.
 62  0.
 63  0.
 64  0.
 65  0.
 66  0.
 67  0.
 68  0.
 69  0.
 70  0.
 71  0.
 72  0.
 73  0.
 74  0.
 75  0.
 76  0.
 77  0.
 78  0.
 79  0.
 80  0.
 81  0.
 82  0.
 83  0.
 84  0.
 85  0.
 86  0.
 87  0.
 88  0.
 89  0.
 90  0.
 91  0.
 92  0.
 93  0.
 94  0.
 95  0.
 96  0.
 97  0.
 98  0.
 99  0.
 100  0.
 101  0.
 102  0.
 103  0.
 104  0.
 105  0.
 106  0.
 107  0.
 108  0.
 109  0.
 110  0.
 111  0.
 112  0.
 113  0.
 114  0.
 115  0.
 116  0.
 117  0.
 118  0.
 119  0.
 120  0.
 121  0.
 122  0.
 123  0.
 124  0.
 125  0.
 126  0.
 127  0.
 128  0.
 129  0.
 130  0.
 131  0.
 132  0.
 133  0.
 134  0.
 135  0.
 136  0.
 137  0.
 138  0.
 139  0.
 140  0.
 141  0.
 142  0.
 143  0.
 144  0.
 145  0.
 146  0.
 147  0.
 148  0.
 149  0.
 150  0.
 151  0.
 152  0.
 153  0.
 154  0.
 155  0.
 156  0.
 157  0.
 158  0.
 159  0.
 160  0.
 161  0.
 162  0.
 163  0.
 164  0.
 165  0.
 166  0.
 167  0.
 168  0.
 169  0.
 170  0.
 171  0.
 172  0.
 173  0.
 174  0.
 175  0.
 176  0.
 177  0.
 178  0.
 179  0.
 180  0.
 181  0.
 182  0.
 183  0.
 184  0.
 185  0.
 186  0.
 187  0.
 188  0.
 189  0.
 190  0.
 191  0.
 192  0.
 193  0.
 194  0.
 195  0.
 196  0.
 197  0.
 198  0.
 199  0.
 200  0.
 201  0.
 202  0.
 203  0.
 204  0.
 205  0.
 206  0.
 207  0.
 208  0.
 209  0.
 210  0.
 211  0.
 212  0.
 213  0.
 214  0.
 215  0.
 216  0.
 217  0.
 218  0.
 219  0.
 220  0.
 221  0.
 222  0.
 223  0.
 224  0.
 225  0.
 226  0.
 227  0.
 228  0.
 229  0.
 230  0.
 231  0.
 232  0.
 233  0.
 234  0.
 235  0.
 236  0.
 237  0.
 238  0.
 239  0.
 240  0.
 241  0.
 242  0.
 243  0.
 244  0.
 245  0.
 246  0.
 247  0.
 248  0.
 249  0.
 250  0.
 251  0.
 252  0.
 253  0.
 254  0.
 255  0.
 256  0.
 257  0.
 258  0.
 259  0.
 260  0.
 261  0.
 262  0.
 263  0.
 264  0.
 265  0.
 266  0.
 267  0.
 268  0.
 269  0.
 270  0.
 271  0.
 272  0.
 273  0.
 274  0.
 275  0.
 276  0.
 277  0.
 278  0.
 279  0.
 280  0.
 281  0.
 282  0.
 283  0.
 284  0.
 285  0.
 286  0.
 287  0.
 288  0.
 289  0.
 290  0.
 291  0.
 292  0.
 293  0.
 294  0.
 295  0.
 296  0.
 297  0.
 298  0.
 299  0.
 300  0.
 301  0.
 302  0.
 303  0.
 304  0.
 305  0.
 306  0.
 307  0.
 308  0.
 309  0.
 310  0.
 311  0.
 312  0.
 313  0.
 314  0.
 315  0.
 316  0.
 317  0.
 318  0.
 319  0.
 320  0.
 321  0.
 322  0.
 323  0.
 324  0.
 325  0.
 326  0.
 327  0.
 328  0.
 329  0.
 330  0.
 331  0.
 332  0.
 333  0.
 334  0.
 335  0.
 336  0.
 337  0.
 338  0.
 339  0.
 340  0.
 341  0.
 342  0.
 343  0.
 344  0.
 345  0.
 346  0.
 347  0.
 348  0.
 349  0.
 350  0.
 351  0.
 352  0.
 353  0.
 354  0.
 355  0.
 356  0.
 357  0.
 358  0.
 359  0.
 360  0.
 361  0.
 362  0.
 363  0.
 364  0.
 365  0.
 366  0.
 367  0.
 368  0.
 369  0.
 370  0.
 371  0.
 372  0.
 373  0.
 374  0.
 375  0.
 376  0.
 377  0.
 378  0.
 379  0.
 380  0.
 381  0.
 382  0.
 383  0.
 384  0.
 385  0.
 386  0.
 387  0.
 388  0.
 389  0.
 390  0.
 391  0.
 392  0.
 393  0.
 394  0.
 395  0.
 396  0.
 397  0.
 398  0.
 399  0.
 400  0.
 401  0.
 402  0.
 403  0.
 404  0.
 405  0.
 406  0.
 407  0.
 408  0.
 409  0.
 410  0.
 411  0.
 412  0.
 413  0.
 414  0.
 415  0.
 416  0.
 417  0.
 418  0.
 419  0.
 420  0.
 421  0.
 422  0.
 423  0.
 424  0.
 425  0.
 426  0.
 427  0.
 428  0.
 429  0.
 430  0.
 431  0.
 432  0.
 433  0.
 434  0.
 435  0.
 436  0.
 437  0.
 438  0.
 439  0.
 440  0.
 441  0.
 442  0.
 443  0.
 444  0.
 445  0.
 446  0.
 447  0.
 448  0.
 449  0.
 450  0.
 451  0.
 452  0.
 453  0.
 454  0.
 455  0.
 456  0.
 457  0.
 458  0.
 459  0.
 460  0.
 461  0.
 462  0.
 463  0.
 464  0.
 465  0.
 466  0.
 467  0.
 468  0.
 469  0.
 470  0.
 471  0.
 472  0.
 473  0.
 474  0.
 475  0.
 476  0.
 477  0.
 478  0.
 479  0.
 480  0.
 481  0.
 482  0.
 483  0.
 484  0.
 485  0.
 486  0.
 487  0.
 488  0.
 489  0.
 490  0.
 491  0.
 492  0.
 493  0.
 494  0.
 495  0.
 496  0.
 497  0.
 498  0.
 499  0.
 500  0.

 1  0.
 2  0.
 3  0.
 4  0.
 5  0.
 6  0.
 7  0.
 8  0.
 9  0.
 10  0.
 11  0.
 12  0.
 13  0.
 14  0.
 15  0.
 16  0.
 17  0.
 18  0.
 19  0.
 20  0.
 21  0.
 22  0.
 23  0.
 24  0.
 25  0.
 26  0.
 27  0.
 28  0.
 29  0.
 30  0.
 31  0.
 32  0.
 33  0.
 34  0.
 35  0.
 36  0.
 37  0.
 38  0.
 39  0.
 40  0.
 41  0.
 42  0.
 43  0.
 44  0.
 45  0.
 46  0.
 47  0.
 48  0.
 49  0.
 50  0.
 51  0.
 52  0.
 53  0.
 54  0.
 55  0.
 56  0.
 57  0.
 58  0.
 59  0.
 60  0.
 61  0.
 62  0.
 63  0.
 64  0.
 65  0.
 66  0.
 67  0.
 68  0.
 69  0.
 70  0.
 71  0.
 72  0.
 73  0.
 74  0.
 75  0.
 76  0.
 77  0.
 78  0.
 79  0.
 80  0.
 81  0.
 82  0.
 83  0.
 84  0.
 85  0.
 86  0.
 87  0.
 88  0.
 89  0.
 90  0.
 91  0.
 92  0.
 93  0.
 94  0.
 95  0.
 96  0.
 97  0.
 98  0.
 99  0.
 100  0.
 101  0.
 102  0.
 103  0.
 104  0.
 105  0.
 106  0.
 107  0.
 108  0.
 109  0.
 110  0.
 111  0.
 112  0.
 113  0.
 114  0.
 115  0.
 116  0.
 117  0.
 118  0.
 119  0.
 120  0.
 121  0.
 122  0.
 123  0.
 124  0.
 125  0.
 126  0.
 127  0.
 128  0.
 129  0.
 130  0.
 131  0.
 132  0.
 133  0.
 134  0.
 135  0.
 136  0.
 137  0.
 138  0.
 139  0.
 140  0.
 141  0.
 142  0.
 143  0.
 144  0.
 145  0.
 146  0.
 147  0.
 148  0.
 149  0.
 150  0.
 151  0.
 152  0.
 153  0.
 154  0.
 155  0.
 156  0.
 157  0.
 158  0.
 159  0.
 160  0.
 161  0.
 162  0.
 163  0.
 164  0.
 165  0.
 166  0.
 167  0.
 168  0.
 169  0.
 170  0.
 171  0.
 172  0.
 173  0.
 174  0.
 175  0.
 176  0.
 177  0.
 178  0.
 179  0.
 180  0.
 181  0.
 182  0.
 183  0.
 184  0.
 185  0.
 186  0.
 187  0.
 188  0.
 189  0.
 190  0.
 191  0.
 192  0.
 193  0.
 194  0.
 195  0.
 196  0.
 197  0.
 198  0.
 199  0.
 200  0.
 201  0.
 202  0.
 203  0.
 204  0.
 205  0.
 206  0.
 207  0.
 208  0.
 209  0.
 210  0.
 211  0.
 212  0.
 213  0.
 214  0.
 215  0.
 216  0.
 217  0.
 218  0.
 219  0.
 220  0.
 221  0.
 222  0.
 223  0.
 224  0.
 225  0.
 226  0.
 227  0.
 228  0.
 229  0.
 230  0.
 231  0.
 232  0.
 233  0.
 234  0.
 235  0.
 236  0.
 237  0.
 238  0.
 239  0.
 240  0.
 241  0.
 242  0.
 243  0.
 244  0.
 245  0.
 246  0.
 247  0.
 248  0.
 249  0.
 250  0.
 251  0.
 252  0.
 253  0.
 254  0.
 255  0.
 256  0.
 257  0.
 258  0.
 259  0.
 260  0.
 261  0.
 262  0.
 263  0.
 264  0.
 265  0.
 266  0.
 267  0.
 268  0.
 269  0.
 270  0.
 271  0.
 272  0.
 273  0.
 274  0.
 275  0.
 276  0.
 277  0.
 278  0.
 279  0.
 280  0.
 281  0.
 282  0.
 283  0.
 284  0.
 285  0.
 286  0.
 287  0.
 288  0.
 289  0.
 290  0.
 291  0.
 292  0.
 293  0.
 294  0.
 295  0.
 296  0.
 297  0.
 298  0.
 299  0.
 300  0.
 301  0.
 302  0.
 303  0.
 304  0.
 305  0.
 306  0.
 307  0.
 308  0.
 309  0.
 310  0.
 311  0.
 312  0.
 313  0.
 314  0.
 315  0.
 316  0.
 317  0.
 318  0.
 319  0.
 320  0.
 321  0.
 322  0.
 323  0.
 324  0.
 325  0.
 326  0.
 327  0.
 328  0.
 329  0.
 330  0.
 331  0.
 332  0.
 333  0.
 334  0.
 335  0.
 336  0.
 337  0.
 338  0.
 339  0.
 340  0.
 341  0.
 342  0.
 343  0.
 344  0.
 345  0.
 346  0.
 347  0.
 348  0.
 349  0.
 350  0.
 351  0.
 352  0.
 353  0.
 354  0.
 355  0.
 356  0.
 357  0.
 358  0.
 359  0.
 360  0.
 361  0.
 362  0.
 363  0.
 364  0.
 365  0.
 366  0.
 367  0.
 368  0.
 369  0.
 370  0.
 371  0.
 372  0.
 373  0.
 374  0.
 375  0.
 376  0.
 377  0.
 378  0.
 379  0.
 380  0.
 381  0.
 382  0.
 383  0.
 384  0.
 385  0.
 386  0.
 387  0.
 388  0.
 389  0.
 390  0.
 391  0.
 392  0.
 393  0.
 394  0.
 395  0.
 396  0.
 397  0.
 398  0.
 399  0.
 400  0.
 401  0.
 402  0.
 403  0.
 404  0.
 405  0.
 406  0.
 407  0.
 408  0.
 409  0.
 410  0.
 411  0.
 412  0.
 413  0.
 414  0.
 415  0.
 416  0.
 417  0.
 418  0.
 419  0.
 420  0.
 421  0.
 422  0.
 423  0.
 424  0.
 425  0.
 426  0.
 427  0.
 428  0.
 429  0.
 430  0.
 431  0.
 432  0.
 433  0.
 434  0.
 435  0.
 436  0.
 437  0.
 438  0.
 439  0.
 440  0.
 441  0.
 442  0.
 443  0.
 444  0.
 445  0.
 446  0.
 447  0.
 448  0.
 449  0.
 450  0.
 451  0.
 452  0.
 453  0.
 454  0.
 455  0.
 456  0.
 457  0.
 458  0.
 459  0.
 460  0.
 461  0.
 462  0.
 463  0.
 464  0.
 465  0.
 466  0.
 467  0.
 468  0.
 469  0.
 470  0.
 471  0.
 472  0.
 473  0.
 474  0.
 475  0.
 476  0.
 477  0.
 478  0.
 479  0.
 480  0.
 481  0.
 482  0.
 483  0.
 484  0.
 485  0.
 486  0.
 487  0.
 488  0.
 489  0.
 490  0.
 491  0.
 492  0.
 493  0.
 494  0.
 495  0.
 496  0.
 497  0.
 498  0.
 499  0.
 500  0.

 1  0.
 2  0.
 3  0.
 4  0.
 5  0.
 6  0.
 7  0.
 8  0.
 9  0.
 10  0.
 11  0.
 12  0.
 13  0.
 14  0.
 15  0.
 16  0.
 17  0.
 18  0.
 19  0.
 20  0.
 21  0.
 22  0.
 23  0.
 24  0.
 25  0.
 26  0.
 27  0.
 28  0.
 29  0.
 30  0.
 31  0.
 32  0.
 33  0.
 34  0.
 35  0.
 36  0.
 37  0.
 38  0.
 39  0.
 40  0.
 41  0.
 42  0.
 43  0.
 44  0.
 45  0.
 46  0.
 47  0.
 48  0.
 49  0.
 50  0.
 51  0.
 52  0.
 53  0.
 54  0.
 55  0.
 56  0.
 57  0.
 58  0.
 59  0.
 60  0.
 61  0.
 62  0.
 63  0.
 64  0.
 65  0.
 66  0.
 67  0.
 68  0.
 69  0.
 70  0.
 71  0.
 72  0.
 73  0.
 74  0.
 75  0.
 76  0.
 77  0.
 78  0.
 79  0.
 80  0.
 81  0.
 82  0.
 83  0.
 84  0.
 85  0.
 86  0.
 87  0.
 88  0.
 89  0.
 90  0.
 91  0.
 92  0.
 93  0.
 94  0.
 95  0.
 96  0.
 97  0.
 98  0.
 99  0.
 100  0.
 101  0.
 102  0.
 103  0.
 104  0.
 105  0.
 106  0.
 107  0.
 108  0.
 109  0.
 110  0.
 111  0.
 112  0.
 113  0.
 114  0.
 115  0.
 116  0.
 117  0.
 118  0.
 119  0.
 120  0.
 121  0.
 122  0.
 123  0.
 124  0.
 125  0.
 126  0.
 127  0.
 128  0.
 129  0.
 130  0.
 131  0.
 132  0.
 133  0.
 134  0.
 135  0.
 136  0.
 137  0.
 138  0.
 139  0.
 140  0.
 141  0.
 142  0.
 143  0.
 144  0.
 145  0.
 146  0.
 147  0.
 148  0.
 149  0.
 150  0.
 151  0.
 152  0.
 153  0.
 154  0.
 155  0.
 156  0.
 157  0.
 158  0.
 159  0.
 160  0.
 161  0.
 162  0.
 163  0.
 164  0.
 165  0.
 166  0.
 167  0.
 168  0.
 169  0.
 170  0.
 171  0.
 172  0.
 173  0.
 174  0.
 175  0.
 176  0.
 177  0.
 178  0.
 179  0.
 180  0.
 181  0.
 182  0.
 183  0.
 184  0.
 185  0.
 186  0.
 187  0.
 188  0.
 189  0.
 190  0.
 191  0.
 192  0.
 193  0.
 194  0.
 195  0.
 196  0.
 197  0.
 198  0.
 199  0.
 200  0.
 201  0.
 202  0.
 203  0.
 204  0.
 205  0.
 206  0.
 207  0.
 208  0.
 209  0.
 210  0.
 211  0.
 212  0.
 213  0.
 214  0.
 215  0.
 216  0.
 217  0.
 218  0.
 219  0.
 220  0.
 221  0.
 222  0.
 223  0.
 224  0.
 225  0.
 226  0.
 227  0.
 228  0.
 229  0.
 230  0.
 231  0.
 232  0.
 233  0.
 234  0.
 235  0.
 236  0.
 237  0.
 238  0.
 239  0.
 240  0.
 241  0.
 242  0.
 243  0.
 244  0.
 245  0.
 246  0.
 247  0.
 248  0.
 249  0.
 250  0.
 251  0.
 252  0.
 253  0.
 254  0.
 255  0.
 256  0.
 257  0.
 258  0.
 259  0.
 260  0.
 261  0.
 262  0.
 263  0.
 264  0.
 265  0.
 266  0.
 267  0.
 268  0.
 269  0.
 270  0.
 271  0.
 272  0.
 273  0.
 274  0.
 275  0.
 276  0.
 277  0.
 278  0.
 279  0.
 280  0.
 281  0.
 282  0.
 283  0.
 284  0.
 285  0.
 286  0.
 287  0.
 288  0.
 289  0.
 290  0.
 291  0.
 292  0.
 293  0.
 294  0.
 295  0.
 296  0.
 297  0.
 298  0.
 299  0.
 300  0.
 301  0.
 302  0.
 303  0.
 304  0.
 305  0.
 306  0.
 307  0.
 308  0.
 309  0.
 310  0.
 311  0.
 312  0.
 313  0.
 314  0.
 315  0.
 316  0.
 317  0.
 318  0.
 319  0.
 320  0.
 321  0.
 322  0.
 323  0.
 324  0.
 325  0.
 326  0.
 327  0.
 328  0.
 329  0.
 330  0.
 331  0.
 332  0.
 333  0.
 334  0.
 335  0.
 336  0.
 337  0.
 338  0.
 339  0.
 340  0.
 341  0.
 342  0.
 343  0.
 344  0.
 345  0.
 346  0.
 347  0.
 348  0.
 349  0.
 350  0.
 351  0.
 352  0.
 353  0.
 354  0.
 355  0.
 356  0.
 357  0.
 358  0.
 359  0.
 360  0.
 361  0.
 362  0.
 363  0.
 364  0.
 365  0.
 366  0.
 367  0.
 368  0.
 369  0.
 370  0.
 371  0.
 372  0.
 373  0.
 374  0.
 375  0.
 376  0.
 377  0.
 378  0.
 379  0.
 380  0.
 381  0.
 382  0.
 383  0.
 384  0.
 385  0.
 386  0.
 387  0.
 388  0.
 389  0.
 390  0.
 391  0.
 392  0.
 393  0.
 394  0.
 395  0.
 396  0.
 397  0.
 398  0.
 399  0.
 400  0.
 401  0.
 402  0.
 403  0.
 404  0.
 405  0.
 406  0.
 407  0.
 408  0.
 409  0.
 410  0.
 411  0.
 412  0.
 413  0.
 414  0.
 415  0.
 416  0.
 417  0.
 418  0.
 419  0.
 420  0.
 421  0.
 422  0.
 423  0.
 424  0.
 425  0.
 426  0.
 427  0.
 428  0.
 429  0.
 430  0.
 431  0.
 432  0.
 433  0.
 434  0.
 435  0.
 436  0.
 437  0.
 438  0.
 439  0.
 440  0.
 441  0.
 442  0.
 443  0.
 444  0.
 445  0.
 446  0.
 447  0.
 448  0.
 449  0.
 450  0.
 451  0.
 452  0.
 453  0.
 454  0.
 455  0.
 456  0.
 457  0.
 458  0.
 459  0.
 460  0.
 461  0.
 462  0.
 463  0.
 464  0.
 465  0.
 466  0.
 467  0.
 468  0.
 469  0.
 470  0.
 471  0.
 472  0.
 473  0.
 474  0.
 475  0.
 476  0.
 477  0.
 478  0.
 479  0.
 480  0.
 481  0.
 482  0.
 483  0.
 484  0.
 485  0.
 486  0.
 487  0.
 488  0.
 489  0.
 490  0.
 491  0.
 492  0.
 493  0.
 494  0.
 495  0.
 496  0.
 497  0.
 498  0.
 499  0.
 500  0.

 1  0.
 2  0.
 3  0.
 4  0.
 5  0.
 6  0.
 7  0.
 8  0.
 9  0.
 10  0.
 11  0.
 12  0.
 13  0.
 14  0.
 15  0.
 16  0.
 17  0.
 18  0.
 19  0.
 20  0.
 21  0.
 22  0.
 23  0.
 24  0.
 25  0.
 26  0.
 27  0.
 28  0.
 29  0.
 30  0.
 31  0.
 32  0.
 33  0.
 34  0.
 35  0.
 36  0.
 37  0.
 38  0.
 39  0.
 40  0.
 41  0.
 42  0.
 43  0.
 44  0.
 45  0.
 46  0.
 47  0.
 48  0.
 49  0.
 50  0.
 51  0.
 52  0.
 53  0.
 54  0.
 55  0.
 56  0.
 57  0.
 58  0.
 59  0.
 60  0.
 61  0.
 62  0.
 63  0.
 64  0.
 65  0.
 66  0.
 67  0.
 68  0.
 69  0.
 70  0.
 71  0.
 72  0.
 73  0.
 74  0.
 75  0.
 76  0.
 77  0.
 78  0.
 79  0.
 80  0.
 81  0.
 82  0.
 83  0.
 84  0.
 85  0.
 86  0.
 87  0.
 88  0.
 89  0.
 90  0.
 91  0.
 92  0.
 93  0.
 94  0.
 95  0.
 96  0.
 97  0.
 98  0.
 99  0.
 100  0.
 101  0.
 102  0.
 103  0.
 104  0.
 105  0.
 106  0.
 107  0.
 108  0.
 109  0.
 110  0.
 111  0.
 112  0.
 113  0.
 114  0.
 115  0.
 116  0.
 117  0.
 118  0.
 119  0.
 120  0.
 121  0.
 122  0.
 123  0.
 124  0.
 125  0.
 126  0.
 127  0.
 128  0.
 129  0.
 130  0.
 131  0.
 132  0.
 133  0.
 134  0.
 135  0.
 136  0.
 137  0.
 138  0.
 139  0.
 140  0.
 141  0.
 142  0.
 143  0.
 144  0.
 145  0.
 146  0.
 147  0.
 148  0.
 149  0.
 150  0.
 151  0.
 152  0.
 153  0.
 154  0.
 155  0.
 156  0.
 157  0.
 158  0.
 159  0.
 160  0.
 161  0.
 162  0.
 163  0.
 164  0.
 165  0.
 166  0.
 167  0.
 168  0.
 169  0.
 170  0.
 171  0.
 172  0.
 173  0.
 174  0.
 175  0.
 176  0.
 177  0.
 178  0.
 179  0.
 180  0.
 181  0.
 182  0.
 183  0.
 184  0.
 185  0.
 186  0.
 187  0.
 188  0.
 189  0.
 190  0.
 191  0.
 192  0.
 193  0.
 194  0.
 195  0.
 196  0.
 197  0.
 198  0.
 199  0.
 200  0.
 201  0.
 202  0.
 203  0.
 204  0.
 205  0.
 206  0.
 207  0.
 208  0.
 209  0.
 210  0.
 211  0.
 212  0.
 213  0.
 214  0.
 215  0.
 216  0.
 217  0.
 218  0.
 219  0.
 220  0.
 221  0.
 222  0.
 223  0.
 224  0.
 225  0.
 226  0.
 227  0.
 228  0.
 229  0.
 230  0.
 231  0.
 232  0.
 233  0.
 234  0.
 235  0.
 236  0.
 237  0.
 238  0.
 239  0.
 240  0.
 241  0.
 242  0.
 243  0.
 244  0.
 245  0.
 246  0.
 247  0.
 248  0.
 249  0.
 250  0.
 251  0.
 252  0.
 253  0.
 254  0.
 255  0.
 256  0.
 257  0.
 258  0.
 259  0.
 260  0.
 261  0.
 262  0.
 263  0.
 264  0.
 265  0.
 266  0.
 267  0.
 268  0.
 269  0.
 270  0.
 271  0.
 272  0.
 273  0.
 274  0.
 275  0.
 276  0.
 277  0.
 278  0.
 279  0.
 280  0.
 281  0.
 282  0.
 283  0.
 284  0.
 285  0.
 286  0.
 287  0.
 288  0.
 289  0.
 290  0.
 291  0.
 292  0.
 293  0.
 294  0.
 295  0.
 296  0.
 297  0.
 298  0.
 299  0.
 300  0.
 301  0.
 302  0.
 303  0.
 304  0.
 305  0.
 306  0.
 307  0.
 308  0.
 309  0.
 310  0.
 311  0.
 312  0.
 313  0.
 314  0.
 315  0.
 316  0.
 317  0.
 318  0.
 319  0.
 320  0.
 321  0.
 322  0.
 323  0.
 324  0.
 325  0.
 326  0.
 327  0.
 328  0.
 329  0.
 330  0.
 331  0.
 332  0.
 333  0.
 334  0.
 335  0.
 336  0.
 337  0.
 338  0.
 339  0.
 340  0.
 341  0.
 342  0.
 343  0.
 344  0.
 345  0.
 346  0.
 347  0.
 348  0.
 349  0.
 350  0.
 351  0.
 352  0.
 353  0.
 354  0.
 355  0.
 356  0.
 357  0.
 358  0.
 359  0.
 360  0.
 361  0.
 362  0.
 363  0.
 364  0.
 365  0.
 366  0.
 367  0.
 368  0.
 369  0.
 370  0.
 371  0.
 372  0.
 373  0.
 374  0.
 375  0.
 376  0.
 377  0.
 378  0.
 379  0.
 380  0.
 381  0.
 382  0.
 383  0.
 384  0.
 385  0.
 386  0.
 387  0.
 388  0.
 389  0.
 390  0.
 391  0.
 392  0.
 393  0.
 394  0.
 395  0.
 396  0.
 397  0.
 398  0.
 399  0.
 400  0.
 401  0.
 402  0.
 403  0.
 404  0.
 405  0.
 406  0.
 407  0.
 408  0.
 409  0.
 410  0.
 411  0.
 412  0.
 413  0.
 414  0.
 415  0.
 416  0.
 417  0.
 418  0.
 419  0.
 420  0.
 421  0.
 422  0.
 423  0.
 424  0.
 425  0.
 426  0.
 427  0.
 428  0.
 429  0.
 430  0.
 431  0.
 432  0.
 433  0.
 434  0.
 435  0.
 436  0.
 437  0.
 438  0.
 439  0.
 440  0.
 441  0.
 442  0.
 443  0.
 444  0.
 445  0.
 446  0.
 447  0.
 448  0.
 449  0.
 450  0.
 451  0.
 452  0.
 453  0.
 454  0.
 455  0.
 456  0.
 457  0.
 458  0.
 459  0.
 460  0.
 461  0.
 462  0.
 463  0.
 464  0.
 465  0.
 466  0.
 467  0.
 468  0.
 469  0.
 470  0.
 471  0.
 472  0.
 473  0.
 474  0.
 475  0.
 476  0.
 477  0.
 478  0.
 479  0.
 480  0.
 481  0.
 482  0.
 483  0.
 484  0.
 485  0.
 486  0.
 487  0.
 488  0.
 489  0.
 490  0.
 491  0.
 492  0.
 493  0.
 494  0.
 495  0.
 496  0.
 497  0.
 498  0.
 499  0.
 500  0.

 1  0.
 2  0.
 3  0.
 4  0.
 5  0.
 6  0.
 7  0.
 8  0.
 9  0.
 10  0.
 11  0.
 12  0.
 13  0.
 14  0.
 15  0.
 16  0.
 17  0.
 18  0.
 19  0.
 20  0.
 21  0.
 22  0.
 23  0.
 24  0.
 25  0.
 26  0.
 27  0.
 28  0.
 29  0.
 30  0.
 31  0.
 32  0.
 33  0.
 34  0.
 35  0.
 36  0.
 37  0.
 38  0.
 39  0.
 40  0.
 41  0.
 42  0.
 43  0.
 44  0.
 45  0.
 46  0.
 47  0.
 48  0.
 49  0.
 50  0.
 51  0.
 52  0.
 53  0.
 54  0.
 55  0.
 56  0.
 57  0.
 58  0.
 59  0.
 60  0.
 61  0.
 62  0.
 63  0.
 64  0.
 65  0.
 66  0.
 67  0.
 68  0.
 69  0.
 70  0.
 71  0.
 72  0.
 73  0.
 74  0.
 75  0.
 76  0.
 77  0.
 78  0.
 79  0.
 80  0.
 81  0.
 82  0.
 83  0.
 84  0.
 85  0.
 86  0.
 87  0.
 88  0.
 89  0.
 90  0.
 91  0.
 92  0.
 93  0.
 94  0.
 95  0.
 96  0.
 97  0.
 98  0.
 99  0.
 100  0.
 101  0.
 102  0.
 103  0.
 104  0.
 105  0.
 106  0.
 107  0.
 108  0.
 109  0.
 110  0.
 111  0.
 112  0.
 113  0.
 114  0.
 115  0.
 116  0.
 117  0.
 118  0.
 119  0.
 120  0.
 121  0.
 122  0.
 123  0.
 124  0.
 125  0.
 126  0.
 127  0.
 128  0.
 129  0.
 130  0.
 131  0.
 132  0.
 133  0.
 134  0.
 135  0.
 136  0.
 137  0.
 138  0.
 139  0.
 140  0.
 141  0.
 142  0.
 143  0.
 144  0.
 145  0.
 146  0.
 147  0.
 148  0.
 149  0.
 150  0.
 151  0.
 152  0.
 153  0.
 154  0.
 155  0.
 156  0.
 157  0.
 158  0.
 159  0.
 160  0.
 161  0.
 162  0.
 163  0.
 164  0.
 165  0.
 166  0.
 167  0.
 168  0.
 169  0.
 170  0.
 171  0.
 172  0.
 173  0.
 174  0.
 175  0.
 176  0.
 177  0.
 178  0.
 179  0.
 180  0.
 181  0.
 182  0.
 183  0.
 184  0.
 185  0.
 186  0.
 187  0.
 188  0.
 189  0.
 190  0.
 191  0.
 192  0.
 193  0.
 194  0.
 195  0.
 196  0.
 197  0.
 198  0.
 199  0.
 200  0.
 201  0.
 202  0.
 203  0.
 204  0.
 205  0.
 206  0.
 207  0.
 208  0.
 209  0.
 210  0.
 211  0.
 212  0.
 213  0.
 214  0.
 215  0.
 216  0.
 217  0.
 218  0.
 219  0.
 220  0.
 221  0.
 222  0.
 223  0.
 224  0.
 225  0.
 226  0.
 227  0.
 228  0.
 229  0.
 230  0.
 231  0.
 232  0.
 233  0.
 234  0.
 235  0.
 236  0.
 237  0.
 238  0.
 239  0.
 240  0.
 241  0.
 242  0.
 243  0.
 244  0.
 245  0.
 246  0.
 247  0.
 248  0.
 249  0.
 250  0.
 251  0.
 252  0.
 253  0.
 254  0.
 255  0.
 256  0.
 257  0.
 258  0.
 259  0.
 260  0.
 261  0.
 262  0.
 263  0.
 264  0.
 265  0.
 266  0.
 267  0.
 268  0.
 269  0.
 270  0.
 271  0.
 272  0.
 273  0.
 274  0.
 275  0.
 276  0.
 277  0.
 278  0.
 279  0.
 280  0.
 281  0.
 282  0.
 283  0.
 284  0.
 285  0.
 286  0.
 287  0.
 288  0.
 289  0.
 290  0.
 291  0.
 292  0.
 293  0.
 294  0.
 295  0.
 296  0.
 297  0.
 298  0.
 299  0.
 300  0.
 301  0.
 302  0.
 303  0.
 304  0.
 305  0.
 306  0.
 307  0.
 308  0.
 309  0.
 310  0.
 311  0.
 312  0.
 313  0.
 314  0.
 315  0.
 316  0.
 317  0.
 318  0.
 319  0.
 320  0.
 321  0.
 322  0.
 323  0.
 324  0.
 325  0.
 326  0.
 327  0.
 328  0.
 329  0.
 330  0.
 331  0.
 332  0.
 333  0.
 334  0.
 335  0.
 336  0.
 337  0.
 338  0.
 339  0.
 340  0.
 341  0.
 342  0.
 343  0.
 344  0.
 345  0.
 346  0.
 347  0.
 348  0.
 349  0.
 350  0.
 351  0.
 352  0.
 353  0.
 354  0.
 355  0.
 356  0.
 357  0.
 358  0.
 359  0.
 360  0.
 361  0.
 362  0.
 363  0.
 364  0.
 365  0.
 366  0.
 367  0.
 368  0.
 369  0.
 370  0.
 371  0.
 372  0.
 373  0.
 374  0.
 375  0.
 376  0.
 377  0.
 378  0.
 379  0.
 380  0.
 381  0.
 382  0.
 383  0.
 384  0.
 385  0.
 386  0.
 387  0.
 388  0.
 389  0.
 390  0.
 391  0.
 392  0.
 393  0.
 394  0.
 395  0.
 396  0.
 397  0.
 398  0.
 399  0.
 400  0.
 401  0.
 402  0.
 403  0.
 404  0.
 405  0.
 406  0.
 407  0.
 408  0.
 409  0.
 410  0.
 411  0.
 412  0.
 413  0.
 414  0.
 415  0.
 416  0.
 417  0.
 418  0.
 419  0.
 420  0.
 421  0.
 422  0.
 423  0.
 424  0.
 425  0.
 426  0.
 427  0.
 428  0.
 429  0.
 430  0.
 431  0.
 432  0.
 433  0.
 434  0.
 435  0.
 436  0.
 437  0.
 438  0.
 439  0.
 440  0.
 441  0.
 442  0.
 443  0.
 444  0.
 445  0.
 446  0.
 447  0.
 448  0.
 449  0.
 450  0.
 451  0.
 452  0.
 453  0.
 454  0.
 455  0.
 456  0.
 457  0.
 458  0.
 459  0.
 460  0.
 461  0.
 462  0.
 463  0.
 464  0.
 465  0.
 466  0.
 467  0.
 468  0.
 469  0.
 470  0.
 471  0.
 472  0.
 473  0.
 474  0.
 475  0.
 476  0.
 477  0.
 478  0.
 479  0.
 480  0.
 481  0.
 482  0.
 483  0.
 484  0.
 485  0.
 486  0.
 487  0.
 488  0.
 489  0.
 490  0.
 491  0.
 492  0.
 493  0.
 494  0.
 495  0.
 496  0.
 497  0.
 498  0.
 499  0.
 500  0.

 1  0.
 2  0.
 3  0.
 4  0.
 5  0.
 6  0.
 7  0.
 8  0.
 9  0.
 10  0.
 11  0.
 12  0.
 13  0.
 14  0.
 15  0.
 16  0.
 17  0.
 18  0.
 19  0.
 20  0.
 21  0.
 22  0.
 23  0.
 24  0.
 25  0.
 26  0.
 27  0.
 28  0.
 29  0.
 30  0.
 31  0.
 32  0.
 33  0.
 34  0.
 35  0.
 36  0.
 37  0.
 38  0.
 39  0.
 40  0.
 41  0.
 42  0.
 43  0.
 44  0.
 45  0.
 46  0.
 47  0.
 48  0.
 49  0.
 50  0.
 51  0.
 52  0.
 53  0.
 54  0.
 55  0.
 56  0.
 57  0.
 58  0.
 59  0.
 60  0.
 61  0.
 62  0.
 63  0.
 64  0.
 65  0.
 66  0.
 67  0.
 68  0.
 69  0.
 70  0.
 71  0.
 72  0.
 73  0.
 74  0.
 75  0.
 76  0.
 77  0.
 78  0.
 79  0.
 80  0.
 81  0.
 82  0.
 83  0.
 84  0.
 85  0.
 86  0.
 87  0.
 88  0.
 89  0.
 90  0.
 91  0.
 92  0.
 93  0.
 94  0.
 95  0.
 96  0.
 97  0.
 98  0.
 99  0.
 100  0.
 101  0.
 102  0.
 103  0.
 104  0.
 105  0.
 106  0.
 107  0.
 108  0.
 109  0.
 110  0.
 111  0.
 112  0.
 113  0.
 114  0.
 115  0.
 116  0.
 117  0.
 118  0.
 119  0.
 120  0.
 121  0.
 122  0.
 123  0.
 124  0.
 125  0.
 126  0.
 127  0.
 128  0.
 129  0.
 130  0.
 131  0.
 132  0.
 133  0.
 134  0.
 135  0.
 136  0.
 137  0.
 138  0.
 139  0.
 140  0.
 141  0.
 142  0.
 143  0.
 144  0.
 145  0.
 146  0.
 147  0.
 148  0.
 149  0.
 150  0.
 151  0.
 152  0.
 153  0.
 154  0.
 155  0.
 156  0.
 157  0.
 158  0.
 159  0.
 160  0.
 161  0.
 162  0.
 163  0.
 164  0.
 165  0.
 166  0.
 167  0.
 168  0.
 169  0.
 170  0.
 171  0.
 172  0.
 173  0.
 174  0.
 175  0.
 176  0.
 177  0.
 178  0.
 179  0.
 180  0.
 181  0.
 182  0.
 183  0.
 184  0.
 185  0.
 186  0.
 187  0.
 188  0.
 189  0.
 190  0.
 191  0.
 192  0.
 193  0.
 194  0.
 195  0.
 196  0.
 197  0.
 198  0.
 199  0.
 200  0.
 201  0.
 202  0.
 203  0.
 204  0.
 205  0.
 206  0.
 207  0.
 208  0.
 209  0.
 210  0.
 211  0.
 212  0.
 213  0.
 214  0.
 215  0.
 216  0.
 217  0.
 218  0.
 219  0.
 220  0.
 221  0.
 222  0.
 223  0.
 224  0.
 225  0.
 226  0.
 227  0.
 228  0.
 229  0.
 230  0.
 231  0.
 232  0.
 233  0.
 234  0.
 235  0.
 236  0.
 237  0.
 238  0.
 239  0.
 240  0.
 241  0.
 242  0.
 243  0.
 244  0.
 245  0.
 246  0.
 247  0.
 248  0.
 249  0.
 250  0.
 251  0.
 252  0.
 253  0.
 254  0.
 255  0.
 256  0.
 257  0.
 258  0.
 259  0.
 260  0.
 261  0.
 262  0.
 263  0.
 264  0.
 265  0.
 266  0.
 267  0.
 268  0.
 269  0.
 270  0.
 271  0.
 272  0.
 273  0.
 274  0.
 275  0.
 276  0.
 277  0.
 278  0.
 279  0.
 280  0.
 281  0.
 282  0.
 283  0.
 284  0.
 285  0.
 286  0.
 287  0.
 288  0.
 289  0.
 290  0.
 291  0.
 292  0.
 293  0.
 294  0.
 295  0.
 296  0.
 297  0.
 298  0.
 299  0.
 300  0.
 301  0.
 302  0.
 303  0.
 304  0.
 305  0.
 306  0.
 307  0.
 308  0.
 309  0.
 310  0.
 311  0.
 312  0.
 313  0.
 314  0.
 315  0.
 316  0.
 317  0.
 318  0.
 319  0.
 320  0.
 321  0.
 322  0.
 323  0.
 324  0.
 325  0.
 326  0.
 327  0.
 328  0.
 329  0.
 330  0.
 331  0.
 332  0.
 333  0.
 334  0.
 335  0.
 336  0.
 337  0.
 338  0.
 339  0.
 340  0.
 341  0.
 342  0.
 343  0.
 344  0.
 345  0.
 346  0.
 347  0.
 348  0.
 349  0.
 350  0.
 351  0.
 352  0.
 353  0.
 354  0.
 355  0.
 356  0.
 357  0.
 358  0.
 359  0.
 360  0.
 361  0.
 362  0.
 363  0.
 364  0.
 365  0.
 366  0.
 367  0.
 368  0.
 369  0.
 370  0.
 371  0.
 372  0.
 373  0.
 374  0.
 375  0.
 376  0.
 377  0.
 378  0.
 379  0.
 380  0.
 381  0.
 382  0.
 383  0.
 384  0.
 385  0.
 386  0.
 387  0.
 388  0.
 389  0.
 390  0.
 391  0.
 392  0.
 393  0.
 394  0.
 395  0.
 396  0.
 397  0.
 398  0.
 399  0.
 400  0.
 401  0.
 402  0.
 403  0.
 404  0.
 405  0.
 406  0.
 407  0.
 408  0.
 409  0.
 410  0.
 411  0.
 412  0.
 413  0.
 414  0.
 415  0.
 416  0.
 417  0.
 418  0.
 419  0.
 420  0.
 421  0.
 422  0.
 423  0.
 424  0.
 425  0.
 426  0.
 427  0.
 428  0.
 429  0.
 430  0.
 431  0.
 432  0.
 433  0.
 434  0.
 435  0.
 436  0.
 437  0.
 438  0.
 439  0.
 440  0.
 441  0.
 442  0.
 443  0.
 444  0.
 445  0.
 446  0.
 447  0.
 448  0.
 449  0.
 450  0.
 451  0.
 452  0.
 453  0.
 454  0.
 455  0.
 456  0.
 457  0.
 458  0.
 459  0.
 460  0.
 461  0.
 462  0.
 463  0.
 464  0.
 465  0.
 466  0.
 467  0.
 468  0.
 469  0.
 470  0.
 471  0.
 472  0.
 473  0.
 474  0.
 475  0.
 476  0.
 477  0.
 478  0.
 479  0.
 480  0.
 481  0.
 482  0.
 483  0.
 484  0.
 485  0.
 486  0.
 487  0.
 488  0.
 489  0.
 490  0.
 491  0.
 492  0.
 493  0.
 494  0.
 495  0.
 496  0.
 497  0.
 498  0.
 499  0.
 500  0.

 1  0.
 2  0.
 3  0.
 4  0.
 5  0.
 6  0.
 7  0.
 8  0.
 9  0.
 10  0.
 11  0.
 12  0.
 13  0.
 14  0.
 15  0.
 16  0.
 17  0.
 18  0.
 19  0.
 20  0.
 21  0.
 22  0.
 23  0.
 24  0.
 25  0.
 26  0.
 27  0.
 28  0.
 29  0.
 30  0.
 31  0.
 32  0.
 33  0.
 34  0.
 35  0.
 36  0.
 37  0.
 38  0.
 39  0.
 40  0.
 41  0.
 42  0.
 43  0.
 44  0.
 45  0.
 46  0.
 47  0.
 48  0.
 49  0.
 50  0.
 51  0.
 52  0.
 53  0.
 54  0.
 55  0.
 56  0.
 57  0.
 58  0.
 59  0.
 60  0.
 61  0.
 62  0.
 63  0.
 64  0.
 65  0.
 66  0.
 67  0.
 68  0.
 69  0.
 70  0.
 71  0.
 72  0.
 73  0.
 74  0.
 75  0.
 76  0.
 77  0.
 78  0.
 79  0.
 80  0.
 81  0.
 82  0.
 83  0.
 84  0.
 85  0.
 86  0.
 87  0.
 88  0.
 89  0.
 90  0.
 91  0.
 92  0.
 93  0.
 94  0.
 95  0.
 96  0.
 97  0.
 98  0.
 99  0.
 100  0.
 101  0.
 102  0.
 103  0.
 104  0.
 105  0.
 106  0.
 107  0.
 108  0.
 109  0.
 110  0.
 111  0.
 112  0.
 113  0.
 114  0.
 115  0.
 116  0.
 117  0.
 118  0.
 119  0.
 120  0.
 121  0.
 122  0.
 123  0.
 124  0.
 125  0.
 126  0.
 127  0.
 128  0.
 129  0.
 130  0.
 131  0.
 132  0.
 133  0.
 134  0.
 135  0.
 136  0.
 137  0.
 138  0.
 139  0.
 140  0.
 141  0.
 142  0.
 143  0.
 144  0.
 145  0.
 146  0.
 147  0.
 148  0.
 149  0.
 150  0.
 151  0.
 152  0.
 153  0.
 154  0.
 155  0.
 156  0.
 157  0.
 158  0.
 159  0.
 160  0.
 161  0.
 162  0.
 163  0.
 164  0.
 165  0.
 166  0.
 167  0.
 168  0.
 169  0.
 170  0.
 171  0.
 172  0.
 173  0.
 174  0.
 175  0.
 176  0.
 177  0.
 178  0.
 179  0.
 180  0.
 181  0.
 182  0.
 183  0.
 184  0.
 185  0.
 186  0.
 187  0.
 188  0.
 189  0.
 190  0.
 191  0.
 192  0.
 193  0.
 194  0.
 195  0.
 196  0.
 197  0.
 198  0.
 199  0.
 200  0.
 201  0.
 202  0.
 203  0.
 204  0.
 205  0.
 206  0.
 207  0.
 208  0.
 209  0.
 210  0.
 211  0.
 212  0.
 213  0.
 214  0.
 215  0.
 216  0.
 217  0.
 218  0.
 219  0.
 220  0.
 221  0.
 222  0.
 223  0.
 224  0.
 225  0.
 226  0.
 227  0.
 228  0.
 229  0.
 230  0.
 231  0.
 232  0.
 233  0.
 234  0.
 235  0.
 236  0.
 237  0.
 238  0.
 239  0.
 240  0.
 241  0.
 242  0.
 243  0.
 244  0.
 245  0.
 246  0.
 247  0.
 248  0.
 249  0.
 250  0.
 251  0.
 252  0.
 253  0.
 254  0.
 255  0.
 256  0.
 257  0.
 258  0.
 259  0.
 260  0.
 261  0.
 262  0.
 263  0.
 264  0.
 265  0.
 266  0.
 267  0.
 268  0.
 269  0.
 270  0.
 271  0.
 272  0.
 273  0.
 274  0.
 275  0.
 276  0.
 277  0.
 278  0.
 279  0.
 280  0.
 281  0.
 282  0.
 283  0.
 284  0.
 285  0.
 286  0.
 287  0.
 288  0.
 289  0.
 290  0.
 291  0.
 292  0.
 293  0.
 294  0.
 295  0.
 296  0.
 297  0.
 298  0.
 299  0.
 300  0.
 301  0.
 302  0.
 303  0.
 304  0.
 305  0.
 306  0.
 307  0.
 308  0.
 309  0.
 310  0.
 311  0.
 312  0.
 313  0.
 314  0.
 315  0.
 316  0.
 317  0.
 318  0.
 319  0.
 320  0.
 321  0.
 322  0.
 323  0.
 324  0.
 325  0.
 326  0.
 327  0.
 328  0.
 329  0.
 330  0.
 331  0.
 332  0.
 333  0.
 334  0.
 335  0.
 336  0.
 337  0.
 338  0.
 339  0.
 340  0.
 341  0.
 342  0.
 343  0.
 344  0.
 345  0.
 346  0.
 347  0.
 348  0.
 349  0.
 350  0.
 351  0.
 352  0.
 353  0.
 354  0.
 355  0.
 356  0.
 357  0.
 358  0.
 359  0.
 360  0.
 361  0.
 362  0.
 363  0.
 364  0.
 365  0.
 366  0.
 367  0.
 368  0.
 369  0.
 370  0.
 371  0.
 372  0.
 373  0.
 374  0.
 375  0.
 376  0.
 377  0.
 378  0.
 379  0.
 380  0.
 381  0.
 382  0.
 383  0.
 384  0.
 385  0.
 386  0.
 387  0.
 388  0.
 389  0.
 390  0.
 391  0.
 392  0.
 393  0.
 394  0.
 395  0.
 396  0.
 397  0.
 398  0.
 399  0.
 400  0.
 401  0.
 402  0.
 403  0.
 404  0.
 405  0.
 406  0.
 407  0.
 408  0.
 409  0.
 410  0.
 411  0.
 412  0.
 413  0.
 414  0.
 415  0.
 416  0.
 417  0.
 418  0.
 419  0.
 420  0.
 421  0.
 422  0.
 423  0.
 424  0.
 425  0.
 426  0.
 427  0.
 428  0.
 429  0.
 430  0.
 431  0.
 432  0.
 433  0.
 434  0.
 435  0.
 436  0.
 437  0.
 438  0.
 439  0.
 440  0.
 441  0.
 442  0.
 443  0.
 444  0.
 445  0.
 446  0.
 447  0.
 448  0.
 449  0.
 450  0.
 451  0.
 452  0.
 453  0.
 454  0.
 455  0.
 456  0.
 457  0.
 458  0.
 459  0.
 460  0.
 461  0.
 462  0.
 463  0.
 464  0.
 465  0.
 466  0.
 467  0.
 468  0.
 469  0.
 470  0.
 471  0.
 472  0.
 473  0.
 474  0.
 475  0.
 476  0.
 477  0.
 478  0.
 479  0.
 480  0.
 481  0.
 482  0.
 483  0.
 484  0.
 485  0.
 486  0.
 487  0.
 488  0.
 489  0.
 490  0.
 491  0.
 492  0.
 493  0.
 494  0.
 495  0.
 496  0.
 497  0.
 498  0.
 499  0.
 500  0.

 1  0.
 2  0.
 3  0.
 4  0.
 5  0.
 6  0.
 7  0.
 8  0.
 9  0.
 10  0.
 11  0.
 12  0.
 13  0.
 14  0.
 15  0.
 16  0.
 17  0.
 18  0.
 19  0.
 20  0.
 21  0.
 22  0.
 23  0.
 24  0.
 25  0.
 26  0.
 27  0.
 28  0.
 29  0.
 30  0.
 31  0.
 32  0.
 33  0.
 34  0.
 35  0.
 36  0.
 37  0.
 38  0.
 39  0.
 40  0.
 41  0.
 42  0.
 43  0.
 44  0.
 45  0.
 46  0.
 47  0.
 48  0.
 49  0.
 50  0.
 51  0.
 52  0.
 53  0.
 54  0.
 55  0.
 56  0.
 57  0.
 58  0.
 59  0.
 60  0.
 61  0.
 62  0.
 63  0.
 64  0.
 65  0.
 66  0.
 67  0.
 68  0.
 69  0.
 70  0.
 71  0.
 72  0.
 73  0.
 74  0.
 75  0.
 76  0.
 77  0.
 78  0.
 79  0.
 80  0.
 81  0.
 82  0.
 83  0.
 84  0.
 85  0.
 86  0.
 87  0.
 88  0.
 89  0.
 90  0.
 91  0.
 92  0.
 93  0.
 94  0.
 95  0.
 96  0.
 97  0.
 98  0.
 99  0.
 100  0.
 101  0.
 102  0.
 103  0.
 104  0.
 105  0.
 106  0.
 107  0.
 108  0.
 109  0.
 110  0.
 111  0.
 112  0.
 113  0.
 114  0.
 115  0.
 116  0.
 117  0.
 118  0.
 119  0.
 120  0.
 121  0.
 122  0.
 123  0.
 124  0.
 125  0.
 126  0.
 127  0.
 128  0.
 129  0.
 130  0.
 131  0.
 132  0.
 133  0.
 134  0.
 135  0.
 136  0.
 137  0.
 138  0.
 139  0.
 140  0.
 141  0.
 142  0.
 143  0.
 144  0.
 145  0.
 146  0.
 147  0.
 148  0.
 149  0.
 150  0.
 151  0.
 152  0.
 153  0.
 154  0.
 155  0.
 156  0.
 157  0.
 158  0.
 159  0.
 160  0.
 161  0.
 162  0.
 163  0.
 164  0.
 165  0.
 166  0.
 167  0.
 168  0.
 169  0.
 170  0.
 171  0.
 172  0.
 173  0.
 174  0.
 175  0.
 176  0.
 177  0.
 178  0.
 179  0.
 180  0.
 181  0.
 182  0.
 183  0.
 184  0.
 185  0.
 186  0.
 187  0.
 188  0.
 189  0.
 190  0.
 191  0.
 192  0.
 193  0.
 194  0.
 195  0.
 196  0.
 197  0.
 198  0.
 199  0.
 200  0.
 201  0.
 202  0.
 203  0.
 204  0.
 205  0.
 206  0.
 207  0.
 208  0.
 209  0.
 210  0.
 211  0.
 212  0.
 213  0.
 214  0.
 215  0.
 216  0.
 217  0.
 218  0.
 219  0.
 220  0.
 221  0.
 222  0.
 223  0.
 224  0.
 225  0.
 226  0.
 227  0.
 228  0.
 229  0.
 230  0.
 231  0.
 232  0.
 233  0.
 234  0.
 235  0.
 236  0.
 237  0.
 238  0.
 239  0.
 240  0.
 241  0.
 242  0.
 243  0.
 244  0.
 245  0.
 246  0.
 247  0.
 248  0.
 249  0.
 250  0.
 251  0.
 252  0.
 253  0.
 254  0.
 255  0.
 256  0.
 257  0.
 258  0.
 259  0.
 260  0.
 261  0.
 262  0.
 263  0.
 264  0.
 265  0.
 266  0.
 267  0.
 268  0.
 269  0.
 270  0.
 271  0.
 272  0.
 273  0.
 274  0.
 275  0.
 276  0.
 277  0.
 278  0.
 279  0.
 280  0.
 281  0.
 282  0.
 283  0.
 284  0.
 285  0.
 286  0.
 287  0.
 288  0.
 289  0.
 290  0.
 291  0.
 292  0.
 293  0.
 294  0.
 295  0.
 296  0.
 297  0.
 298  0.
 299  0.
 300  0.
 301  0.
 302  0.
 303  0.
 304  0.
 305  0.
 306  0.
 307  0.
 308  0.
 309  0.
 310  0.
 311  0.
 312  0.
 313  0.
 314  0.
 315  0.
 316  0.
 317  0.
 318  0.
 319  0.
 320  0.
 321  0.
 322  0.
 323  0.
 324  0.
 325  0.
 326  0.
 327  0.
 328  0.
 329  0.
 330  0.
 331  0.
 332  0.
 333  0.
 334  0.
 335  0.
 336  0.
 337  0.
 338  0.
 339  0.
 340  0.
 341  0.
 342  0.
 343  0.
 344  0.
 345  0.
 346  0.
 347  0.
 348  0.
 349  0.
 350  0.
 351  0.
 352  0.
 353  0.
 354  0.
 355  0.
 356  0.
 357  0.
 358  0.
 359  0.
 360  0.
 361  0.
 362  0.
 363  0.
 364  0.
 365  0.
 366  0.
 367  0.
 368  0.
 369  0.
 370  0.
 371  0.
 372  0.
 373  0.
 374  0.
 375  0.
 376  0.
 377  0.
 378  0.
 379  0.
 380  0.
 381  0.
 382  0.
 383  0.
 384  0.
 385  0.
 386  0.
 387  0.
 388  0.
 389  0.
 390  0.
 391  0.
 392  0.
 393  0.
 394  0.
 395  0.
 396  0.
 397  0.
 398  0.
 399  0.
 400  0.
 401  0.
 402  0.
 403  0.
 404  0.
 405  0.
 406  0.
 407  0.
 408  0.
 409  0.
 410  0.
 411  0.
 412  0.
 413  0.
 414  0.
 415  0.
 416  0.
 417  0.
 418  0.
 419  0.
 420  0.
 421  0.
 422  0.
 423  0.
 424  0.
 425  0.
 426  0.
 427  0.
 428  0.
 429  0.
 430  0.
 431  0.
 432  0.
 433  0.
 434  0.
 435  0.
 436  0.
 437  0.
 438  0.
 439  0.
 440  0.
 441  0.
 442  0.
 443  0.
 444  0.
 445  0.
 446  0.
 447  0.
 448  0.
 449  0.
 450  0.
 451  0.
 452  0.
 453  0.
 454  0.
 455  0.
 456  0.
 457  0.
 458  0.
 459  0.
 460  0.
 461  0.
 462  0.
 463  0.
 464  0.
 465  0.
 466  0.
 467  0.
 468  0.
 469  0.
 470  0.
 471  0.
 472  0.
 473  0.
 474  0.
 475  0.
 476  0.
 477  0.
 478  0.
 479  0.
 480  0.
 481  0.
 482  0.
 483  0.
 484  0.
 485  0.
 486  0.
 487  0.
 488  0.
 489  0.
 490  0.
 491  0.
 492  0.
 493  0.
 494  0.
 495  0.
 496  0.
 497  0.
 498  0.
 499  0.
 500  0.

 1  0.
 2  0.
 3  0.
 4  0.
 5  0.
 6  0.
 7  0.
 8  0.
 9  0.
 10  0.
 11  0.
 12  0.
 13  0.
 14  0.
 15  0.
 16  0.
 17  0.
 18  0.
 19  0.
 20  0.
 21  0.
 22  0.
 23  0.
 24  0.
 25  0.
 26  0.
 27  0.
 28  0.
 29  0.
 30  0.
 31  0.
 32  0.
 33  0.
 34  0.
 35  0.
 36  0.
 37  0.
 38  0.
 39  0.
 40  0.
 41  0.
 42  0.
 43  0.
 44  0.
 45  0.
 46  0.
 47  0.
 48  0.
 49  0.
 50  0.
 51  0.
 52  0.
 53  0.
 54  0.
 55  0.
 56  0.
 57  0.
 58  0.
 59  0.
 60  0.
 61  0.
 62  0.
 63  0.
 64  0.
 65  0.
 66  0.
 67  0.
 68  0.
 69  0.
 70  0.
 71  0.
 72  0.
 73  0.
 74  0.
 75  0.
 76  0.
 77  0.
 78  0.
 79  0.
 80  0.
 81  0.
 82  0.
 83  0.
 84  0.
 85  0.
 86  0.
 87  0.
 88  0.
 89  0.
 90  0.
 91  0.
 92  0.
 93  0.
 94  0.
 95  0.
 96  0.
 97  0.
 98  0.
 99  0.
 100  0.
 101  0.
 102  0.
 103  0.
 104  0.
 105  0.
 106  0.
 107  0.
 108  0.
 109  0.
 110  0.
 111  0.
 112  0.
 113  0.
 114  0.
 115  0.
 116  0.
 117  0.
 118  0.
 119  0.
 120  0.
 121  0.
 122  0.
 123  0.
 124  0.
 125  0.
 126  0.
 127  0.
 128  0.
 129  0.
 130  0.
 131  0.
 132  0.
 133  0.
 134  0.
 135  0.
 136  0.
 137  0.
 138  0.
 139  0.
 140  0.
 141  0.
 142  0.
 143  0.
 144  0.
 145  0.
 146  0.
 147  0.
 148  0.
 149  0.
 150  0.
 151  0.
 152  0.
 153  0.
 154  0.
 155  0.
 156  0.
 157  0.
 158  0.
 159  0.
 160  0.
 161  0.
 162  0.
 163  0.
 164  0.
 165  0.
 166  0.
 167  0.
 168  0.
 169  0.
 170  0.
 171  0.
 172  0.
 173  0.
 174  0.
 175  0.
 176  0.
 177  0.
 178  0.
 179  0.
 180  0.
 181  0.
 182  0.
 183  0.
 184  0.
 185  0.
 186  0.
 187  0.
 188  0.
 189  0.
 190  0.
 191  0.
 192  0.
 193  0.
 194  0.
 195  0.
 196  0.
 197  0.
 198  0.
 199  0.
 200  0.
 201  0.
 202  0.
 203  0.
 204  0.
 205  0.
 206  0.
 207  0.
 208  0.
 209  0.
 210  0.
 211  0.
 212  0.
 213  0.
 214  0.
 215  0.
 216  0.
 217  0.
 218  0.
 219  0.
 220  0.
 221  0.
 222  0.
 223  0.
 224  0.
 225  0.
 226  0.
 227  0.
 228  0.
 229  0.
 230  0.
 231  0.
 232  0.
 233  0.
 234  0.
 235  0.
 236  0.
 237  0.
 238  0.
 239  0.
 240  0.
 241  0.
 242  0.
 243  0.
 244  0.
 245  0.
 246  0.
 247  0.
 248  0.
 249  0.
 250  0.
 251  0.
 252  0.
 253  0.
 254  0.
 255  0.
 256  0.
 257  0.
 258  0.
 259  0.
 260  0.
 261  0.
 262  0.
 263  0.
 264  0.
 265  0.
 266  0.
 267  0.
 268  0.
 269  0.
 270  0.
 271  0.
 272  0.
 273  0.
 274  0.
 275  0.
 276  0.
 277  0.
 278  0.
 279  0.
 280  0.
 281  0.
 282  0.
 283  0.
 284  0.
 285  0.
 286  0.
 287  0.
 288  0.
 289  0.
 290  0.
 291  0.
 292  0.
 293  0.
 294  0.
 295  0.
 296  0.
 297  0.
 298  0.
 299  0.
 300  0.
 301  0.
 302  0.
 303  0.
 304  0.
 305  0.
 306  0.
 307  0.
 308  0.
 309  0.
 310  0.
 311  0.
 312  0.
 313  0.
 314  0.
 315  0.
 316  0.
 317  0.
 318  0.
 319  0.
 320  0.
 321  0.
 322  0.
 323  0.
 324  0.
 325  0.
 326  0.
 327  0.
 328  0.
 329  0.
 330  0.
 331  0.
 332  0.
 333  0.
 334  0.
 335  0.
 336  0.
 337  0.
 338  0.
 339  0.
 340  0.
 341  0.
 342  0.
 343  0.
 344  0.
 345  0.
 346  0.
 347  0.
 348  0.
 349  0.
 350  0.
 351  0.
 352  0.
 353  0.
 354  0.
 355  0.
 356  0.
 357  0.
 358  0.
 359  0.
 360  0.
 361  0.
 362  0.
 363  0.
 364  0.
 365  0.
 366  0.
 367  0.
 368  0.
 369  0.
 370  0.
 371  0.
 372  0.
 373  0.
 374  0.
 375  0.
 376  0.
 377  0.
 378  0.
 379  0.
 380  0.
 381  0.
 382  0.
 383  0.
 384  0.
 385  0.
 386  0.
 387  0.
 388  0.
 389  0.
 390  0.
 391  0.
 392  0.
 393  0.
 394  0.
 395  0.
 396  0.
 397  0.
 398  0.
 399  0.
 400  0.
 401  0.
 402  0.
 403  0.
 404  0.
 405  0.
 406  0.
 407  0.
 408  0.
 409  0.
 410  0.
 411  0.
 412  0.
 413  0.
 414  0.
 415  0.
 416  0.
 417  0.
 418  0.
 419  0.
 420  0.
 421  0.
 422  0.
 423  0.
 424  0.
 425  0.
 426  0.
 427  0.
 428  0.
 429  0.
 430  0.
 431  0.
 432  0.
 433  0.
 434  0.
 435  0.
 436  0.
 437  0.
 438  0.
 439  0.
 440  0.
 441  0.
 442  0.
 443  0.
 444  0.
 445  0.
 446  0.
 447  0.
 448  0.
 449  0.
 450  0.
 451  0.
 452  0.
 453  0.
 454  0.
 455  0.
 456  0.
 457  0.
 458  0.
 459  0.
 460  0.
 461  0.
 462  0.
 463  0.
 464  0.
 465  0.
 466  0.
 467  0.
 468  0.
 469  0.
 470  0.
 471  0.
 472  0.
 473  0.
 474  0.
 475  0.
 476  0.
 477  0.
 478  0.
 479  0.
 480  0.
 481  0.
 482  0.
 483  0.
 484  0.
 485  0.
 486  0.
 487  0.
 488  0.
 489  0.
 490  0.
 491  0.
 492  0.
 493  0.
 494  0.
 495  0.
 496  0.
 497  0.
 498  0.
 499  0.
 500  0.

 1  0.
 2  0.
 3  0.
 4  0.
 5  0.
 6  0.
 7  0.
 8  0.
 9  0.
 10  0.
 11  0.
 12  0.
 13  0.
 14  0.
 15  0.
 16  0.
 17  0.
 18  0.
 19  0.
 20  0.
 21  0.
 22  0.
 23  0.
 24  0.
 25  0.
 26  0.
 27  0.
 28  0.
 29  0.
 30  0.
 31  0.
 32  0.
 33  0.
 34  0.
 35  0.
 36  0.
 37  0.
 38  0.
 39  0.
 40  0.
 41  0.
 42  0.
 43  0.
 44  0.
 45  0.
 46  0.
 47  0.
 48  0.
 49  0.
 50  0.
 51  0.
 52  0.
 53  0.
 54  0.
 55  0.
 56  0.
 57  0.
 58  0.
 59  0.
 60  0.
 61  0.
 62  0.
 63  0.
 64  0.
 65  0.
 66  0.
 67  0.
 68  0.
 69  0.
 70  0.
 71  0.
 72  0.
 73  0.
 74  0.
 75  0.
 76  0.
 77  0.
 78  0.
 79  0.
 80  0.
 81  0.
 82  0.
 83  0.
 84  0.
 85  0.
 86  0.
 87  0.
 88  0.
 89  0.
 90  0.
 91  0.
 92  0.
 93  0.
 94  0.
 95  0.
 96  0.
 97  0.
 98  0.
 99  0.
 100  0.
 101  0.
 102  0.
 103  0.
 104  0.
 105  0.
 106  0.
 107  0.
 108  0.
 109  0.
 110  0.
 111  0.
 112  0.
 113  0.
 114  0.
 115  0.
 116  0.
 117  0.
 118  0.
 119  0.
 120  0.
 121  0.
 122  0.
 123  0.
 124  0.
 125  0.
 126  0.
 127  0.
 128  0.
 129  0.
 130  0.
 131  0.
 132  0.
 133  0.
 134  0.
 135  0.
 136  0.
 137  0.
 138  0.
 139  0.
 140  0.
 141  0.
 142  0.
 143  0.
 144  0.
 145  0.
 146  0.
 147  0.
 148  0.
 149  0.
 150  0.
 151  0.
 152  0.
 153  0.
 154  0.
 155  0.
 156  0.
 157  0.
 158  0.
 159  0.
 160  0.
 161  0.
 162  0.
 163  0.
 164  0.
 165  0.
 166  0.
 167  0.
 168  0.
 169  0.
 170  0.
 171  0.
 172  0.
 173  0.
 174  0.
 175  0.
 176  0.
 177  0.
 178  0.
 179  0.
 180  0.
 181  0.
 182  0.
 183  0.
 184  0.
 185  0.
 186  0.
 187  0.
 188  0.
 189  0.
 190  0.
 191  0.
 192  0.
 193  0.
 194  0.
 195  0.
 196  0.
 197  0.
 198  0.
 199  0.
 200  0.
 201  0.
 202  0.
 203  0.
 204  0.
 205  0.
 206  0.
 207  0.
 208  0.
 209  0.
 210  0.
 211  0.
 212  0.
 213  0.
 214  0.
 215  0.
 216  0.
 217  0.
 218  0.
 219  0.
 220  0.
 221  0.
 222  0.
 223  0.
 224  0.
 225  0.
 226  0.
 227  0.
 228  0.
 229  0.
 230  0.
 231  0.
 232  0.
 233  0.
 234  0.
 235  0.
 236  0.
 237  0.
 238  0.
 239  0.
 240  0.
 241  0.
 242  0.
 243  0.
 244  0.
 245  0.
 246  0.
 247  0.
 248  0.
 249  0.
 250  0.
 251  0.
 252  0.
 253  0.
 254  0.
 255  0.
 256  0.
 257  0.
 258  0.
 259  0.
 260  0.
 261  0.
 262  0.
 263  0.
 264  0.
 265  0.
 266  0.
 267  0.
 268  0.
 269  0.
 270  0.
 271  0.
 272  0.
 273  0.
 274  0.
 275  0.
 276  0.
 277  0.
 278  0.
 279  0.
 280  0.
 281  0.
 282  0.
 283  0.
 284  0.
 285  0.
 286  0.
 287  0.
 288  0.
 289  0.
 290  0.
 291  0.
 292  0.
 293  0.
 294  0.
 295  0.
 296  0.
 297  0.
 298  0.
 299  0.
 300  0.
 301  0.
 302  0.
 303  0.
 304  0.
 305  0.
 306  0.
 307  0.
 308  0.
 309  0.
 310  0.
 311  0.
 312  0.
 313  0.
 314  0.
 315  0.
 316  0.
 317  0.
 318  0.
 319  0.
 320  0.
 321  0.
 322  0.
 323  0.
 324  0.
 325  0.
 326  0.
 327  0.
 328  0.
 329  0.
 330  0.
 331  0.
 332  0.
 333  0.
 334  0.
 335  0.
 336  0.
 337  0.
 338  0.
 339  0.
 340  0.
 341  0.
 342  0.
 343  0.
 344  0.
 345  0.
 346  0.
 347  0.
 348  0.
 349  0.
 350  0.
 351  0.
 352  0.
 353  0.
 354  0.
 355  0.
 356  0.
 357  0.
 358  0.
 359  0.
 360  0.
 361  0.
 362  0.
 363  0.
 364  0.
 365  0.
 366  0.
 367  0.
 368  0.
 369  0.
 370  0.
 371  0.
 372  0.
 373  0.
 374  0.
 375  0.
 376  0.
 377  0.
 378  0.
 379  0.
 380  0.
 381  0.
 382  0.
 383  0.
 384  0.
 385  0.
 386  0.
 387  0.
 388  0.
 389  0.
 390  0.
 391  0.
 392  0.
 393  0.
 394  0.
 395  0.
 396  0.
 397  0.
 398  0.
 399  0.
 400  0.
 401  0.
 402  0.
 403  0.
 404  0.
 405  0.
 406  0.
 407  0.
 408  0.
 409  0.
 410  0.
 411  0.
 412  0.
 413  0.
 414  0.
 415  0.
 416  0.
 417  0.
 418  0.
 419  0.
 420  0.
 421  0.
 422  0.
 423  0.
 424  0.
 425  0.
 426  0.
 427  0.
 428  0.
 429  0.
 430  0.
 431  0.
 432  0.
 433  0.
 434  0.
 435  0.
 436  0.
 437  0.
 438  0.
 439  0.
 440  0.
 441  0.
 442  0.
 443  0.
 444  0.
 445  0.
 446  0.
 447  0.
 448  0.
 449  0.
 450  0.
 451  0.
 452  0.
 453  0.
 454  0.
 455  0.
 456  0.
 457  0.
 458  0.
 459  0.
 460  0.
 461  0.
 462  0.
 463  0.
 464  0.
 465  0.
 466  0.
 467  0.
 468  0.
 469  0.
 470  0.
 471  0.
 472  0.
 473  0.
 474  0.
 475  0.
 476  0.
 477  0.
 478  0.
 479  0.
 480  0.
 481  0.
 482  0.
 483  0.
 484  0.
 485  0.
 486  0.
 487  0.
 488  0.
 489  0.
 490  0.
 491  0.
 492  0.
 493  0.
 494  0.
 495  0.
 496  0.
 497  0.
 498  0.
 499  0.
 500  0.

 1  0.
 2  0.
 3  0.
 4  0.
 5  0.
 6  0.
 7  0.
 8  0.
 9  0.
 10  0.
 11  0.
 12  0.
 13  0.
 14  0.
 15  0.
 16  0.
 17  0.
 18  0.
 19  0.
 20  0.
 21  0.
 22  0.
 23  0.
 24  0.
 25  0.
 26  0.
 27  0.
 28  0.
 29  0.
 30  0.
 31  0.
 32  0.
 33  0.
 34  0.
 35  0.
 36  0.
 37  0.
 38  0.
 39  0.
 40  0.
 41  0.
 42  0.
 43  0.
 44  0.
 45  0.
 46  0.
 47  0.
 48  0.
 49  0.
 50  0.
 51  0.
 52  0.
 53  0.
 54  0.
 55  0.
 56  0.
 57  0.
 58  0.
 59  0.
 60  0.
 61  0.
 62  0.
 63  0.
 64  0.
 65  0.
 66  0.
 67  0.
 68  0.
 69  0.
 70  0.
 71  0.
 72  0.
 73  0.
 74  0.
 75  0.
 76  0.
 77  0.
 78  0.
 79  0.
 80  0.
 81  0.
 82  0.
 83  0.
 84  0.
 85  0.
 86  0.
 87  0.
 88  0.
 89  0.
 90  0.
 91  0.
 92  0.
 93  0.
 94  0.
 95  0.
 96  0.
 97  0.
 98  0.
 99  0.
 100  0.
 101  0.
 102  0.
 103  0.
 104  0.
 105  0.
 106  0.
 107  0.
 108  0.
 109  0.
 110  0.
 111  0.
 112  0.
 113  0.
 114  0.
 115  0.
 116  0.
 117  0.
 118  0.
 119  0.
 120  0.
 121  0.
 122  0.
 123  0.
 124  0.
 125  0.
 126  0.
 127  0.
 128  0.
 129  0.
 130  0.
 131  0.
 132  0.
 133  0.
 134  0.
 135  0.
 136  0.
 137  0.
 138  0.
 139  0.
 140  0.
 141  0.
 142  0.
 143  0.
 144  0.
 145  0.
 146  0.
 147  0.
 148  0.
 149  0.
 150  0.
 151  0.
 152  0.
 153  0.
 154  0.
 155  0.
 156  0.
 157  0.
 158  0.
 159  0.
 160  0.
 161  0.
 162  0.
 163  0.
 164  0.
 165  0.
 166  0.
 167  0.
 168  0.
 169  0.
 170  0.
 171  0.
 172  0.
 173  0.
 174  0.
 175  0.
 176  0.
 177  0.
 178  0.
 179  0.
 180  0.
 181  0.
 182  0.
 183  0.
 184  0.
 185  0.
 186  0.
 187  0.
 188  0.
 189  0.
 190  0.
 191  0.
 192  0.
 193  0.
 194  0.
 195  0.
 196  0.
 197  0.
 198  0.
 199  0.
 200  0.
 201  0.
 202  0.
 203  0.
 204  0.
 205  0.
 206  0.
 207  0.
 208  0.
 209  0.
 210  0.
 211  0.
 212  0.
 213  0.
 214  0.
 215  0.
 216  0.
 217  0.
 218  0.
 219  0.
 220  0.
 221  0.
 222  0.
 223  0.
 224  0.
 225  0.
 226  0.
 227  0.
 228  0.
 229  0.
 230  0.
 231  0.
 232  0.
 233  0.
 234  0.
 235  0.
 236  0.
 237  0.
 238  0.
 239  0.
 240  0.
 241  0.
 242  0.
 243  0.
 244  0.
 245  0.
 246  0.
 247  0.
 248  0.
 249  0.
 250  0.
 251  0.
 252  0.
 253  0.
 254  0.
 255  0.
 256  0.
 257  0.
 258  0.
 259  0.
 260  0.
 261  0.
 262  0.
 263  0.
 264  0.
 265  0.
 266  0.
 267  0.
 268  0.
 269  0.
 270  0.
 271  0.
 272  0.
 273  0.
 274  0.
 275  0.
 276  0.
 277  0.
 278  0.
 279  0.
 280  0.
 281  0.
 282  0.
 283  0.
 284  0.
 285  0.
 286  0.
 287  0.
 288  0.
 289  0.
 290  0.
 291  0.
 292  0.
 293  0.
 294  0.
 295  0.
 296  0.
 297  0.
 298  0.
 299  0.
 300  0.
 301  0.
 302  0.
 303  0.
 304  0.
 305  0.
 306  0.
 307  0.
 308  0.
 309  0.
 310  0.
 311  0.
 312  0.
 313  0.
 314  0.
 315  0.
 316  0.
 317  0.
 318  0.
 319  0.
 320  0.
 321  0.
 322  0.
 323  0.
 324  0.
 325  0.
 326  0.
 327  0.
 328  0.
 329  0.
 330  0.
 331  0.
 332  0.
 333  0.
 334  0.
 335  0.
 336  0.
 337  0.
 338  0.
 339  0.
 340  0.
 341  0.
 342  0.
 343  0.
 344  0.
 345  0.
 346  0.
 347  0.
 348  0.
 349  0.
 350  0.
 351  0.
 352  0.
 353  0.
 354  0.
 355  0.
 356  0.
 357  0.
 358  0.
 359  0.
 360  0.
 361  0.
 362  0.
 363  0.
 364  0.
 365  0.
 366  0.
 367  0.
 368  0.
 369  0.
 370  0.
 371  0.
 372  0.
 373  0.
 374  0.
 375  0.
 376  0.
 377  0.
 378  0.
 379  0.
 380  0.
 381  0.
 382  0.
 383  0.
 384  0.
 385  0.
 386  0.
 387  0.
 388  0.
 389  0.
 390  0.
 391  0.
 392  0.
 393  0.
 394  0.
 395  0.
 396  0.
 397  0.
 398  0.
 399  0.
 400  0.
 401  0.
 402  0.
 403  0.
 404  0.
 405  0.
 406  0.
 407  0.
 408  0.
 409  0.
 410  0.
 411  0.
 412  0.
 413  0.
 414  0.
 415  0.
 416  0.
 417  0.
 418  0.
 419  0.
 420  0.
 421  0.
 422  0.
 423  0.
 424  0.
 425  0.
 426  0.
 427  0.
 428  0.
 429  0.
 430  0.
 431  0.
 432  0.
 433  0.
 434  0.
 435  0.
 436  0.
 437  0.
 438  0.
 439  0.
 440  0.
 441  0.
 442  0.
 443  0.
 444  0.
 445  0.
 446  0.
 447  0.
 448  0.
 449  0.
 450  0.
 451  0.
 452  0.
 453  0.
 454  0.
 455  0.
 456  0.
 457  0.
 458  0.
 459  0.
 460  0.
 461  0.
 462  0.
 463  0.
 464  0.
 465  0.
 466  0.
 467  0.
 468  0.
 469  0.
 470  0.
 471  0.
 472  0.
 473  0.
 474  0.
 475  0.
 476  0.
 477  0.
 478  0.
 479  0.
 480  0.
 481  0.
 482  0.
 483  0.
 484  0.
 485  0.
 486  0.
 487  0.
 488  0.
 489  0.
 490  0.
 491  0.
 492  0.
 493  0.
 494  0.
 495  0.
 496  0.
 497  0.
 498  0.
 499  0.
 500  0.

 1  0.
 2  0.
 3  0.
 4  0.
 5  0.
 6  0.
 7  0.
 8  0.
 9  0.
 10  0.
 11  0.
 12  0.
 13  0.
 14  0.
 15  0.
 16  0.
 17  0.
 18  0.
 19  0.
 20  0.
 21  0.
 22  0.
 23  0.
 24  0.
 25  0.
 26  0.
 27  0.
 28  0.
 29  0.
 30  0.
 31  0.
 32  0.
 33  0.
 34  0.
 35  0.
 36  0.
 37  0.
 38  0.
 39  0.
 40  0.
 41  0.
 42  0.
 43  0.
 44  0.
 45  0.
 46  0.
 47  0.
 48  0.
 49  0.
 50  0.
 51  0.
 52  0.
 53  0.
 54  0.
 55  0.
 56  0.
 57  0.
 58  0.
 59  0.
 60  0.
 61  0.
 62  0.
 63  0.
 64  0.
 65  0.
 66  0.
 67  0.
 68  0.
 69  0.
 70  0.
 71  0.
 72  0.
 73  0.
 74  0.
 75  0.
 76  0.
 77  0.
 78  0.
 79  0.
 80  0.
 81  0.
 82  0.
 83  0.
 84  0.
 85  0.
 86  0.
 87  0.
 88  0.
 89  0.
 90  0.
 91  0.
 92  0.
 93  0.
 94  0.
 95  0.
 96  0.
 97  0.
 98  0.
 99  0.
 100  0.
 101  0.
 102  0.
 103  0.
 104  0.
 105  0.
 106  0.
 107  0.
 108  0.
 109  0.
 110  0.
 111  0.
 112  0.
 113  0.
 114  0.
 115  0.
 116  0.
 117  0.
 118  0.
 119  0.
 120  0.
 121  0.
 122  0.
 123  0.
 124  0.
 125  0.
 126  0.
 127  0.
 128  0.
 129  0.
 130  0.
 131  0.
 132  0.
 133  0.
 134  0.
 135  0.
 136  0.
 137  0.
 138  0.
 139  0.
 140  0.
 141  0.
 142  0.
 143  0.
 144  0.
 145  0.
 146  0.
 147  0.
 148  0.
 149  0.
 150  0.
 151  0.
 152  0.
 153  0.
 154  0.
 155  0.
 156  0.
 157  0.
 158  0.
 159  0.
 160  0.
 161  0.
 162  0.
 163  0.
 164  0.
 165  0.
 166  0.
 167  0.
 168  0.
 169  0.
 170  0.
 171  0.
 172  0.
 173  0.
 174  0.
 175  0.
 176  0.
 177  0.
 178  0.
 179  0.
 180  0.
 181  0.
 182  0.
 183  0.
 184  0.
 185  0.
 186  0.
 187  0.
 188  0.
 189  0.
 190  0.
 191  0.
 192  0.
 193  0.
 194  0.
 195  0.
 196  0.
 197  0.
 198  0.
 199  0.
 200  0.
 201  0.
 202  0.
 203  0.
 204  0.
 205  0.
 206  0.
 207  0.
 208  0.
 209  0.
 210  0.
 211  0.
 212  0.
 213  0.
 214  0.
 215  0.
 216  0.
 217  0.
 218  0.
 219  0.
 220  0.
 221  0.
 222  0.
 223  0.
 224  0.
 225  0.
 226  0.
 227  0.
 228  0.
 229  0.
 230  0.
 231  0.
 232  0.
 233  0.
 234  0.
 235  0.
 236  0.
 237  0.
 238  0.
 239  0.
 240  0.
 241  0.
 242  0.
 243  0.
 244  0.
 245  0.
 246  0.
 247  0.
 248  0.
 249  0.
 250  0.
 251  0.
 252  0.
 253  0.
 254  0.
 255  0.
 256  0.
 257  0.
 258  0.
 259  0.
 260  0.
 261  0.
 262  0.
 263  0.
 264  0.
 265  0.
 266  0.
 267  0.
 268  0.
 269  0.
 270  0.
 271  0.
 272  0.
 273  0.
 274  0.
 275  0.
 276  0.
 277  0.
 278  0.
 279  0.
 280  0.
 281  0.
 282  0.
 283  0.
 284  0.
 285  0.
 286  0.
 287  0.
 288  0.
 289  0.
 290  0.
 291  0.
 292  0.
 293  0.
 294  0.
 295  0.
 296  0.
 297  0.
 298  0.
 299  0.
 300  0.
 301  0.
 302  0.
 303  0.
 304  0.
 305  0.
 306  0.
 307  0.
 308  0.
 309  0.
 310  0.
 311  0.
 312  0.
 313  0.
 314  0.
 315  0.
 316  0.
 317  0.
 318  0.
 319  0.
 320  0.
 321  0.
 322  0.
 323  0.
 324  0.
 325  0.
 326  0.
 327  0.
 328  0.
 329  0.
 330  0.
 331  0.
 332  0.
 333  0.
 334  0.
 335  0.
 336  0.
 337  0.
 338  0.
 339  0.
 340  0.
 341  0.
 342  0.
 343  0.
 344  0.
 345  0.
 346  0.
 347  0.
 348  0.
 349  0.
 350  0.
 351  0.
 352  0.
 353  0.
 354  0.
 355  0.
 356  0.
 357  0.
 358  0.
 359  0.
 360  0.
 361  0.
 362  0.
 363  0.
 364  0.
 365  0.
 366  0.
 367  0.
 368  0.
 369  0.
 370  0.
 371  0.
 372  0.
 373  0.
 374  0.
 375  0.
 376  0.
 377  0.
 378  0.
 379  0.
 380  0.
 381  0.
 382  0.
 383  0.
 384  0.
 385  0.
 386  0.
 387  0.
 388  0.
 389  0.
 390  0.
 391  0.
 392  0.
 393  0.
 394  0.
 395  0.
 396  0.
 397  0.
 398  0.
 399  0.
 400  0.
 401  0.
 402  0.
 403  0.
 404  0.
 405  0.
 406  0.
 407  0.
 408  0.
 409  0.
 410  0.
 411  0.
 412  0.
 413  0.
 414  0.
 415  0.
 416  0.
 417  0.
 418  0.
 419  0.
 420  0.
 421  0.
 422  0.
 423  0.
 424  0.
 425  0.
 426  0.
 427  0.
 428  0.
 429  0.
 430  0.
 431  0.
 432  0.
 433  0.
 434  0.
 435  0.
 436  0.
 437  0.
 438  0.
 439  0.
 440  0.
 441  0.
 442  0.
 443  0.
 444  0.
 445  0.
 446  0.
 447  0.
 448  0.
 449  0.
 450  0.
 451  0.
 452  0.
 453  0.
 454  0.
 455  0.
 456  0.
 457  0.
 458  0.
 459  0.
 460  0.
 461  0.
 462  0.
 463  0.
 464  0.
 465  0.
 466  0.
 467  0.
 468  0.
 469  0.
 470  0.
 471  0.
 472  0.
 473  0.
 474  0.
 475  0.
 476  0.
 477  0.
 478  0.
 479  0.
 480  0.
 481  0.
 482  0.
 483  0.
 484  0.
 485  0.
 486  0.
 487  0.
 488  0.
 489  0.
 490  0.
 491  0.
 492  0.
 493  0.
 494  0.
 495  0.
 496  0.
 497  0.
 498  0.
 499  0.
 500  0.

 1  0.
 2  0.
 3  0.
 4  0.
 5  0.
 6  0.
 7  0.
 8  0.
 9  0.
 10  0.
 11  0.
 12  0.
 13  0.
 14  0.
 15  0.
 16  0.
 17  0.
 18  0.
 19  0.
 20  0.
 21  0.
 22  0.
 23  0.
 24  0.
 25  0.
 26  0.
 27  0.
 28  0.
 29  0.
 30  0.
 31  0.
 32  0.
 33  0.
 34  0.
 35  0.
 36  0.
 37  0.
 38  0.
 39  0.
 40  0.
 41  0.
 42  0.
 43  0.
 44  0.
 45  0.
 46  0.
 47  0.
 48  0.
 49  0.
 50  0.
 51  0.
 52  0.
 53  0.
 54  0.
 55  0.
 56  0.
 57  0.
 58  0.
 59  0.
 60  0.
 61  0.
 62  0.
 63  0.
 64  0.
 65  0.
 66  0.
 67  0.
 68  0.
 69  0.
 70  0.
 71  0.
 72  0.
 73  0.
 74  0.
 75  0.
 76  0.
 77  0.
 78  0.
 79  0.
 80  0.
 81  0.
 82  0.
 83  0.
 84  0.
 85  0.
 86  0.
 87  0.
 88  0.
 89  0.
 90  0.
 91  0.
 92  0.
 93  0.
 94  0.
 95  0.
 96  0.
 97  0.
 98  0.
 99  0.
 100  0.
 101  0.
 102  0.
 103  0.
 104  0.
 105  0.
 106  0.
 107  0.
 108  0.
 109  0.
 110  0.
 111  0.
 112  0.
 113  0.
 114  0.
 115  0.
 116  0.
 117  0.
 118  0.
 119  0.
 120  0.
 121  0.
 122  0.
 123  0.
 124  0.
 125  0.
 126  0.
 127  0.
 128  0.
 129  0.
 130  0.
 131  0.
 132  0.
 133  0.
 134  0.
 135  0.
 136  0.
 137  0.
 138  0.
 139  0.
 140  0.
 141  0.
 142  0.
 143  0.
 144  0.
 145  0.
 146  0.
 147  0.
 148  0.
 149  0.
 150  0.
 151  0.
 152  0.
 153  0.
 154  0.
 155  0.
 156  0.
 157  0.
 158  0.
 159  0.
 160  0.
 161  0.
 162  0.
 163  0.
 164  0.
 165  0.
 166  0.
 167  0.
 168  0.
 169  0.
 170  0.
 171  0.
 172  0.
 173  0.
 174  0.
 175  0.
 176  0.
 177  0.
 178  0.
 179  0.
 180  0.
 181  0.
 182  0.
 183  0.
 184  0.
 185  0.
 186  0.
 187  0.
 188  0.
 189  0.
 190  0.
 191  0.
 192  0.
 193  0.
 194  0.
 195  0.
 196  0.
 197  0.
 198  0.
 199  0.
 200  0.
 201  0.
 202  0.
 203  0.
 204  0.
 205  0.
 206  0.
 207  0.
 208  0.
 209  0.
 210  0.
 211  0.
 212  0.
 213  0.
 214  0.
 215  0.
 216  0.
 217  0.
 218  0.
 219  0.
 220  0.
 221  0.
 222  0.
 223  0.
 224  0.
 225  0.
 226  0.
 227  0.
 228  0.
 229  0.
 230  0.
 231  0.
 232  0.
 233  0.
 234  0.
 235  0.
 236  0.
 237  0.
 238  0.
 239  0.
 240  0.
 241  0.
 242  0.
 243  0.
 244  0.
 245  0.
 246  0.
 247  0.
 248  0.
 249  0.
 250  0.
 251  0.
 252  0.
 253  0.
 254  0.
 255  0.
 256  0.
 257  0.
 258  0.
 259  0.
 260  0.
 261  0.
 262  0.
 263  0.
 264  0.
 265  0.
 266  0.
 267  0.
 268  0.
 269  0.
 270  0.
 271  0.
 272  0.
 273  0.
 274  0.
 275  0.
 276  0.
 277  0.
 278  0.
 279  0.
 280  0.
 281  0.
 282  0.
 283  0.
 284  0.
 285  0.
 286  0.
 287  0.
 288  0.
 289  0.
 290  0.
 291  0.
 292  0.
 293  0.
 294  0.
 295  0.
 296  0.
 297  0.
 298  0.
 299  0.
 300  0.
 301  0.
 302  0.
 303  0.
 304  0.
 305  0.
 306  0.
 307  0.
 308  0.
 309  0.
 310  0.
 311  0.
 312  0.
 313  0.
 314  0.
 315  0.
 316  0.
 317  0.
 318  0.
 319  0.
 320  0.
 321  0.
 322  0.
 323  0.
 324  0.
 325  0.
 326  0.
 327  0.
 328  0.
 329  0.
 330  0.
 331  0.
 332  0.
 333  0.
 334  0.
 335  0.
 336  0.
 337  0.
 338  0.
 339  0.
 340  0.
 341  0.
 342  0.
 343  0.
 344  0.
 345  0.
 346  0.
 347  0.
 348  0.
 349  0.
 350  0.
 351  0.
 352  0.
 353  0.
 354  0.
 355  0.
 356  0.
 357  0.
 358  0.
 359  0.
 360  0.
 361  0.
 362  0.
 363  0.
 364  0.
 365  0.
 366  0.
 367  0.
 368  0.
 369  0.
 370  0.
 371  0.
 372  0.
 373  0.
 374  0.
 375  0.
 376  0.
 377  0.
 378  0.
 379  0.
 380  0.
 381  0.
 382  0.
 383  0.
 384  0.
 385  0.
 386  0.
 387  0.
 388  0.
 389  0.
 390  0.
 391  0.
 392  0.
 393  0.
 394  0.
 395  0.
 396  0.
 397  0.
 398  0.
 399  0.
 400  0.
 401  0.
 402  0.
 403  0.
 404  0.
 405  0.
 406  0.
 407  0.
 408  0.
 409  0.
 410  0.
 411  0.
 412  0.
 413  0.
 414  0.
 415  0.
 416  0.
 417  0.
 418  0.
 419  0.
 420  0.
 421  0.
 422  0.
 423  0.
 424  0.
 425  0.
 426  0.
 427  0.
 428  0.
 429  0.
 430  0.
 431  0.
 432  0.
 433  0.
 434  0.
 435  0.
 436  0.
 437  0.
 438  0.
 439  0.
 440  0.
 441  0.
 442  0.
 443  0.
 444  0.
 445  0.
 446  0.
 447  0.
 448  0.
 449  0.
 450  0.
 451  0.
 452  0.
 453  0.
 454  0.
 455  0.
 456  0.
 457  0.
 458  0.
 459  0.
 460  0.
 461  0.
 462  0.
 463  0.
 464  0.
 465  0.
 466  0.
 467  0.
 468  0.
 469  0.
 470  0.
 471  0.
 472  0.
 473  0.
 474  0.
 475  0.
 476  0.
 477  0.
 478  0.
 479  0.
 480  0.
 481  0.
 482  0.
 483  0.
 484  0.
 485  0.
 486  0.
 487  0.
 488  0.
 489  0.
 490  0.
 491  0.
 492  0.
 493  0.
 494  0.
 495  0.
 496  0.
 497  0.
 498  0.
 499  0.
 500  0.

 1  0.
 2  0.
 3  0.
 4  0.
 5  0.
 6  0.
 7  0.
 8  0.
 9  0.
 10  0.
 11  0.
 12  0.
 13  0.
 14  0.
 15  0.
 16  0.
 17  0.
 18  0.
 19  0.
 20  0.
 21  0.
 22  0.
 23  0.
 24  0.
 25  0.
 26  0.
 27  0.
 28  0.
 29  0.
 30  0.
 31  0.
 32  0.
 33  0.
 34  0.
 35  0.
 36  0.
 37  0.
 38  0.
 39  0.
 40  0.
 41  0.
 42  0.
 43  0.
 44  0.
 45  0.
 46  0.
 47  0.
 48  0.
 49  0.
 50  0.
 51  0.
 52  0.
 53  0.
 54  0.
 55  0.
 56  0.
 57  0.
 58  0.
 59  0.
 60  0.
 61  0.
 62  0.
 63  0.
 64  0.
 65  0.
 66  0.
 67  0.
 68  0.
 69  0.
 70  0.
 71  0.
 72  0.
 73  0.
 74  0.
 75  0.
 76  0.
 77  0.
 78  0.
 79  0.
 80  0.
 81  0.
 82  0.
 83  0.
 84  0.
 85  0.
 86  0.
 87  0.
 88  0.
 89  0.
 90  0.
 91  0.
 92  0.
 93  0.
 94  0.
 95  0.
 96  0.
 97  0.
 98  0.
 99  0.
 100  0.
 101  0.
 102  0.
 103  0.
 104  0.
 105  0.
 106  0.
 107  0.
 108  0.
 109  0.
 110  0.
 111  0.
 112  0.
 113  0.
 114  0.
 115  0.
 116  0.
 117  0.
 118  0.
 119  0.
 120  0.
 121  0.
 122  0.
 123  0.
 124  0.
 125  0.
 126  0.
 127  0.
 128  0.
 129  0.
 130  0.
 131  0.
 132  0.
 133  0.
 134  0.
 135  0.
 136  0.
 137  0.
 138  0.
 139  0.
 140  0.
 141  0.
 142  0.
 143  0.
 144  0.
 145  0.
 146  0.
 147  0.
 148  0.
 149  0.
 150  0.
 151  0.
 152  0.
 153  0.
 154  0.
 155  0.
 156  0.
 157  0.
 158  0.
 159  0.
 160  0.
 161  0.
 162  0.
 163  0.
 164  0.
 165  0.
 166  0.
 167  0.
 168  0.
 169  0.
 170  0.
 171  0.
 172  0.
 173  0.
 174  0.
 175  0.
 176  0.
 177  0.
 178  0.
 179  0.
 180  0.
 181  0.
 182  0.
 183  0.
 184  0.
 185  0.
 186  0.
 187  0.
 188  0.
 189  0.
 190  0.
 191  0.
 192  0.
 193  0.
 194  0.
 195  0.
 196  0.
 197  0.
 198  0.
 199  0.
 200  0.
 201  0.
 202  0.
 203  0.
 204  0.
 205  0.
 206  0.
 207  0.
 208  0.
 209  0.
 210  0.
 211  0.
 212  0.
 213  0.
 214  0.
 215  0.
 216  0.
 217  0.
 218  0.
 219  0.
 220  0.
 221  0.
 222  0.
 223  0.
 224  0.
 225  0.
 226  0.
 227  0.
 228  0.
 229  0.
 230  0.
 231  0.
 232  0.
 233  0.
 234  0.
 235  0.
 236  0.
 237  0.
 238  0.
 239  0.
 240  0.
 241  0.
 242  0.
 243  0.
 244  0.
 245  0.
 246  0.
 247  0.
 248  0.
 249  0.
 250  0.
 251  0.
 252  0.
 253  0.
 254  0.
 255  0.
 256  0.
 257  0.
 258  0.
 259  0.
 260  0.
 261  0.
 262  0.
 263  0.
 264  0.
 265  0.
 266  0.
 267  0.
 268  0.
 269  0.
 270  0.
 271  0.
 272  0.
 273  0.
 274  0.
 275  0.
 276  0.
 277  0.
 278  0.
 279  0.
 280  0.
 281  0.
 282  0.
 283  0.
 284  0.
 285  0.
 286  0.
 287  0.
 288  0.
 289  0.
 290  0.
 291  0.
 292  0.
 293  0.
 294  0.
 295  0.
 296  0.
 297  0.
 298  0.
 299  0.
 300  0.
 301  0.
 302  0.
 303  0.
 304  0.
 305  0.
 306  0.
 307  0.
 308  0.
 309  0.
 310  0.
 311  0.
 312  0.
 313  0.
 314  0.
 315  0.
 316  0.
 317  0.
 318  0.
 319  0.
 320  0.
 321  0.
 322  0.
 323  0.
 324  0.
 325  0.
 326  0.
 327  0.
 328  0.
 329  0.
 330  0.
 331  0.
 332  0.
 333  0.
 334  0.
 335  0.
 336  0.
 337  0.
 338  0.
 339  0.
 340  0.
 341  0.
 342  0.
 343  0.
 344  0.
 345  0.
 346  0.
 347  0.
 348  0.
 349  0.
 350  0.
 351  0.
 352  0.
 353  0.
 354  0.
 355  0.
 356  0.
 357  0.
 358  0.
 359  0.
 360  0.
 361  0.
 362  0.
 363  0.
 364  0.
 365  0.
 366  0.
 367  0.
 368  0.
 369  0.
 370  0.
 371  0.
 372  0.
 373  0.
 374  0.
 375  0.
 376  0.
 377  0.
 378  0.
 379  0.
 380  0.
 381  0.
 382  0.
 383  0.
 384  0.
 385  0.
 386  0.
 387  0.
 388  0.
 389  0.
 390  0.
 391  0.
 392  0.
 393  0.
 394  0.
 395  0.
 396  0.
 397  0.
 398  0.
 399  0.
 400  0.
 401  0.
 402  0.
 403  0.
 404  0.
 405  0.
 406  0.
 407  0.
 408  0.
 409  0.
 410  0.
 411  0.
 412  0.
 413  0.
 414  0.
 415  0.
 416  0.
 417  0.
 418  0.
 419  0.
 420  0.
 421  0.
 422  0.
 423  0.
 424  0.
 425  0.
 426  0.
 427  0.
 428  0.
 429  0.
 430  0.
 431  0.
 432  0.
 433  0.
 434  0.
 435  0.
 436  0.
 437  0.
 438  0.
 439  0.
 440  0.
 441  0.
 442  0.
 443  0.
 444  0.
 445  0.
 446  0.
 447  0.
 448  0.
 449  0.
 450  0.
 451  0.
 452  0.
 453  0.
 454  0.
 455  0.
 456  0.
 457  0.
 458  0.
 459  0.
 460  0.
 461  0.
 462  0.
 463  0.
 464  0.
 465  0.
 466  0.
 467  0.
 468  0.
 469  0.
 470  0.
 471  0.
 472  0.
 473  0.
 474  0.
 475  0.
 476  0.
 477  0.
 478  0.
 479  0.
 480  0.
 481  0.
 482  0.
 483  0.
 484  0.
 485  0.
 486  0.
 487  0.
 488  0.
 489  0.
 490  0.
 491  0.
 492  0.
 493  0.
 494  0.
 495  0.
 496  0.
 497  0.
 498  0.
 499  0.
 500  0.

 1  0.
 2  0.
 3  0.
 4  0.
 5  0.
 6  0.
 7  0.
 8  0.
 9  0.
 10  0.
 11  0.
 12  0.
 13  0.
 14  0.
 15  0.
 16  0.
 17  0.
 18  0.
 19  0.
 20  0.
 21  0.
 22  0.
 23  0.
 24  0.
 25  0.
 26  0.
 27  0.
 28  0.
 29  0.
 30  0.
 31  0.
 32  0.
 33  0.
 34  0.
 35  0.
 36  0.
 37  0.
 38  0.
 39  0.
 40  0.
 41  0.
 42  0.
 43  0.
 44  0.
 45  0.
 46  0.
 47  0.
 48  0.
 49  0.
 50  0.
 51  0.
 52  0.
 53  0.
 54  0.
 55  0.
 56  0.
 57  0.
 58  0.
 59  0.
 60  0.
 61  0.
 62  0.
 63  0.
 64  0.
 65  0.
 66  0.
 67  0.
 68  0.
 69  0.
 70  0.
 71  0.
 72  0.
 73  0.
 74  0.
 75  0.
 76  0.
 77  0.
 78  0.
 79  0.
 80  0.
 81  0.
 82  0.
 83  0.
 84  0.
 85  0.
 86  0.
 87  0.
 88  0.
 89  0.
 90  0.
 91  0.
 92  0.
 93  0.
 94  0.
 95  0.
 96  0.
 97  0.
 98  0.
 99  0.
 100  0.
 101  0.
 102  0.
 103  0.
 104  0.
 105  0.
 106  0.
 107  0.
 108  0.
 109  0.
 110  0.
 111  0.
 112  0.
 113  0.
 114  0.
 115  0.
 116  0.
 117  0.
 118  0.
 119  0.
 120  0.
 121  0.
 122  0.
 123  0.
 124  0.
 125  0.
 126  0.
 127  0.
 128  0.
 129  0.
 130  0.
 131  0.
 132  0.
 133  0.
 134  0.
 135  0.
 136  0.
 137  0.
 138  0.
 139  0.
 140  0.
 141  0.
 142  0.
 143  0.
 144  0.
 145  0.
 146  0.
 147  0.
 148  0.
 149  0.
 150  0.
 151  0.
 152  0.
 153  0.
 154  0.
 155  0.
 156  0.
 157  0.
 158  0.
 159  0.
 160  0.
 161  0.
 162  0.
 163  0.
 164  0.
 165  0.
 166  0.
 167  0.
 168  0.
 169  0.
 170  0.
 171  0.
 172  0.
 173  0.
 174  0.
 175  0.
 176  0.
 177  0.
 178  0.
 179  0.
 180  0.
 181  0.
 182  0.
 183  0.
 184  0.
 185  0.
 186  0.
 187  0.
 188  0.
 189  0.
 190  0.
 191  0.
 192  0.
 193  0.
 194  0.
 195  0.
 196  0.
 197  0.
 198  0.
 199  0.
 200  0.
 201  0.
 202  0.
 203  0.
 204  0.
 205  0.
 206  0.
 207  0.
 208  0.
 209  0.
 210  0.
 211  0.
 212  0.
 213  0.
 214  0.
 215  0.
 216  0.
 217  0.
 218  0.
 219  0.
 220  0.
 221  0.
 222  0.
 223  0.
 224  0.
 225  0.
 226  0.
 227  0.
 228  0.
 229  0.
 230  0.
 231  0.
 232  0.
 233  0.
 234  0.
 235  0.
 236  0.
 237  0.
 238  0.
 239  0.
 240  0.
 241  0.
 242  0.
 243  0.
 244  0.
 245  0.
 246  0.
 247  0.
 248  0.
 249  0.
 250  0.
 251  0.
 252  0.
 253  0.
 254  0.
 255  0.
 256  0.
 257  0.
 258  0.
 259  0.
 260  0.
 261  0.
 262  0.
 263  0.
 264  0.
 265  0.
 266  0.
 267  0.
 268  0.
 269  0.
 270  0.
 271  0.
 272  0.
 273  0.
 274  0.
 275  0.
 276  0.
 277  0.
 278  0.
 279  0.
 280  0.
 281  0.
 282  0.
 283  0.
 284  0.
 285  0.
 286  0.
 287  0.
 288  0.
 289  0.
 290  0.
 291  0.
 292  0.
 293  0.
 294  0.
 295  0.
 296  0.
 297  0.
 298  0.
 299  0.
 300  0.
 301  0.
 302  0.
 303  0.
 304  0.
 305  0.
 306  0.
 307  0.
 308  0.
 309  0.
 310  0.
 311  0.
 312  0.
 313  0.
 314  0.
 315  0.
 316  0.
 317  0.
 318  0.
 319  0.
 320  0.
 321  0.
 322  0.
 323  0.
 324  0.
 325  0.
 326  0.
 327  0.
 328  0.
 329  0.
 330  0.
 331  0.
 332  0.
 333  0.
 334  0.
 335  0.
 336  0.
 337  0.
 338  0.
 339  0.
 340  0.
 341  0.
 342  0.
 343  0.
 344  0.
 345  0.
 346  0.
 347  0.
 348  0.
 349  0.
 350  0.
 351  0.
 352  0.
 353  0.
 354  0.
 355  0.
 356  0.
 357  0.
 358  0.
 359  0.
 360  0.
 361  0.
 362  0.
 363  0.
 364  0.
 365  0.
 366  0.
 367  0.
 368  0.
 369  0.
 370  0.
 371  0.
 372  0.
 373  0.
 374  0.
 375  0.
 376  0.
 377  0.
 378  0.
 379  0.
 380  0.
 381  0.
 382  0.
 383  0.
 384  0.
 385  0.
 386  0.
 387  0.
 388  0.
 389  0.
 390  0.
 391  0.
 392  0.
 393  0.
 394  0.
 395  0.
 396  0.
 397  0.
 398  0.
 399  0.
 400  0.
 401  0.
 402  0.
 403  0.
 404  0.
 405  0.
 406  0.
 407  0.
 408  0.
 409  0.
 410  0.
 411  0.
 412  0.
 413  0.
 414  0.
 415  0.
 416  0.
 417  0.
 418  0.
 419  0.
 420  0.
 421  0.
 422  0.
 423  0.
 424  0.
 425  0.
 426  0.
 427  0.
 428  0.
 429  0.
 430  0.
 431  0.
 432  0.
 433  0.
 434  0.
 435  0.
 436  0.
 437  0.
 438  0.
 439  0.
 440  0.
 441  0.
 442  0.
 443  0.
 444  0.
 445  0.
 446  0.
 447  0.
 448  0.
 449  0.
 450  0.
 451  0.
 452  0.
 453  0.
 454  0.
 455  0.
 456  0.
 457  0.
 458  0.
 459  0.
 460  0.
 461  0.
 462  0.
 463  0.
 464  0.
 465  0.
 466  0.
 467  0.
 468  0.
 469  0.
 470  0.
 471  0.
 472  0.
 473  0.
 474  0.
 475  0.
 476  0.
 477  0.
 478  0.
 479  0.
 480  0.
 481  0.
 482  0.
 483  0.
 484  0.
 485  0.
 486  0.
 487  0.
 488  0.
 489  0.
 490  0.
 491  0.
 492  0.
 493  0.
 494  0.
 495  0.
 496  0.
 497  0.
 498  0.
 499  0.
 500  0.

 1  0.
 2  0.
 3  0.
 4  0.
 5  0.
 6  0.
 7  0.
 8  0.
 9  0.
 10  0.
 11  0.
 12  0.
 13  0.
 14  0.
 15  0.
 16  0.
 17  0.
 18  0.
 19  0.
 20  0.
 21  0.
 22  0.
 23  0.
 24  0.
 25  0.
 26  0.
 27  0.
 28  0.
 29  0.
 30  0.
 31  0.
 32  0.
 33  0.
 34  0.
 35  0.
 36  0.
 37  0.
 38  0.
 39  0.
 40  0.
 41  0.
 42  0.
 43  0.
 44  0.
 45  0.
 46  0.
 47  0.
 48  0.
 49  0.
 50  0.
 51  0.
 52  0.
 53  0.
 54  0.
 55  0.
 56  0.
 57  0.
 58  0.
 59  0.
 60  0.
 61  0.
 62  0.
 63  0.
 64  0.
 65  0.
 66  0.
 67  0.
 68  0.
 69  0.
 70  0.
 71  0.
 72  0.
 73  0.
 74  0.
 75  0.
 76  0.
 77  0.
 78  0.
 79  0.
 80  0.
 81  0.
 82  0.
 83  0.
 84  0.
 85  0.
 86  0.
 87  0.
 88  0.
 89  0.
 90  0.
 91  0.
 92  0.
 93  0.
 94  0.
 95  0.
 96  0.
 97  0.
 98  0.
 99  0.
 100  0.
 101  0.
 102  0.
 103  0.
 104  0.
 105  0.
 106  0.
 107  0.
 108  0.
 109  0.
 110  0.
 111  0.
 112  0.
 113  0.
 114  0.
 115  0.
 116  0.
 117  0.
 118  0.
 119  0.
 120  0.
 121  0.
 122  0.
 123  0.
 124  0.
 125  0.
 126  0.
 127  0.
 128  0.
 129  0.
 130  0.
 131  0.
 132  0.
 133  0.
 134  0.
 135  0.
 136  0.
 137  0.
 138  0.
 139  0.
 140  0.
 141  0.
 142  0.
 143  0.
 144  0.
 145  0.
 146  0.
 147  0.
 148  0.
 149  0.
 150  0.
 151  0.
 152  0.
 153  0.
 154  0.
 155  0.
 156  0.
 157  0.
 158  0.
 159  0.
 160  0.
 161  0.
 162  0.
 163  0.
 164  0.
 165  0.
 166  0.
 167  0.
 168  0.
 169  0.
 170  0.
 171  0.
 172  0.
 173  0.
 174  0.
 175  0.
 176  0.
 177  0.
 178  0.
 179  0.
 180  0.
 181  0.
 182  0.
 183  0.
 184  0.
 185  0.
 186  0.
 187  0.
 188  0.
 189  0.
 190  0.
 191  0.
 192  0.
 193  0.
 194  0.
 195  0.
 196  0.
 197  0.
 198  0.
 199  0.
 200  0.
 201  0.
 202  0.
 203  0.
 204  0.
 205  0.
 206  0.
 207  0.
 208  0.
 209  0.
 210  0.
 211  0.
 212  0.
 213  0.
 214  0.
 215  0.
 216  0.
 217  0.
 218  0.
 219  0.
 220  0.
 221  0.
 222  0.
 223  0.
 224  0.
 225  0.
 226  0.
 227  0.
 228  0.
 229  0.
 230  0.
 231  0.
 232  0.
 233  0.
 234  0.
 235  0.
 236  0.
 237  0.
 238  0.
 239  0.
 240  0.
 241  0.
 242  0.
 243  0.
 244  0.
 245  0.
 246  0.
 247  0.
 248  0.
 249  0.
 250  0.
 251  0.
 252  0.
 253  0.
 254  0.
 255  0.
 256  0.
 257  0.
 258  0.
 259  0.
 260  0.
 261  0.
 262  0.
 263  0.
 264  0.
 265  0.
 266  0.
 267  0.
 268  0.
 269  0.
 270  0.
 271  0.
 272  0.
 273  0.
 274  0.
 275  0.
 276  0.
 277  0.
 278  0.
 279  0.
 280  0.
 281  0.
 282  0.
 283  0.
 284  0.
 285  0.
 286  0.
 287  0.
 288  0.
 289  0.
 290  0.
 291  0.
 292  0.
 293  0.
 294  0.
 295  0.
 296  0.
 297  0.
 298  0.
 299  0.
 300  0.
 301  0.
 302  0.
 303  0.
 304  0.
 305  0.
 306  0.
 307  0.
 308  0.
 309  0.
 310  0.
 311  0.
 312  0.
 313  0.
 314  0.
 315  0.
 316  0.
 317  0.
 318  0.
 319  0.
 320  0.
 321  0.
 322  0.
 323  0.
 324  0.
 325  0.
 326  0.
 327  0.
 328  0.
 329  0.
 330  0.
 331  0.
 332  0.
 333  0.
 334  0.
 335  0.
 336  0.
 337  0.
 338  0.
 339  0.
 340  0.
 341  0.
 342  0.
 343  0.
 344  0.
 345  0.
 346  0.
 347  0.
 348  0.
 349  0.
 350  0.
 351  0.
 352  0.
 353  0.
 354  0.
 355  0.
 356  0.
 357  0.
 358  0.
 359  0.
 360  0.
 361  0.
 362  0.
 363  0.
 364  0.
 365  0.
 366  0.
 367  0.
 368  0.
 369  0.
 370  0.
 371  0.
 372  0.
 373  0.
 374  0.
 375  0.
 376  0.
 377  0.
 378  0.
 379  0.
 380  0.
 381  0.
 382  0.
 383  0.
 384  0.
 385  0.
 386  0.
 387  0.
 388  0.
 389  0.
 390  0.
 391  0.
 392  0.
 393  0.
 394  0.
 395  0.
 396  0.
 397  0.
 398  0.
 399  0.
 400  0.
 401  0.
 402  0.
 403  0.
 404  0.
 405  0.
 406  0.
 407  0.
 408  0.
 409  0.
 410  0.
 411  0.
 412  0.
 413  0.
 414  0.
 415  0.
 416  0.
 417  0.
 418  0.
 419  0.
 420  0.
 421  0.
 422  0.
 423  0.
 424  0.
 425  0.
 426  0.
 427  0.
 428  0.
 429  0.
 430  0.
 431  0.
 432  0.
 433  0.
 434  0.
 435  0.
 436  0.
 437  0.
 438  0.
 439  0.
 440  0.
 441  0.
 442  0.
 443  0.
 444  0.
 445  0.
 446  0.
 447  0.
 448  0.
 449  0.
 450  0.
 451  0.
 452  0.
 453  0.
 454  0.
 455  0.
 456  0.
 457  0.
 458  0.
 459  0.
 460  0.
 461  0.
 462  0.
 463  0.
 464  0.
 465  0.
 466  0.
 467  0.
 468  0.
 469  0.
 470  0.
 471  0.
 472  0.
 473  0.
 474  0.
 475  0.
 476  0.
 477  0.
 478  0.
 479  0.
 480  0.
 481  0.
 482  0.
 483  0.
 484  0.
 485  0.
 486  0.
 487  0.
 488  0.
 489  0.
 490  0.
 491  0.
 492  0.
 493  0.
 494  0.
 495  0.
 496  0.
 497  0.
 498  0.
 499  0.
 500  0.

 1  0.
 2  0.
 3  0.
 4  0.
 5  0.
 6  0.
 7  0.
 8  0.
 9  0.
 10  0.
 11  0.
 12  0.
 13  0.
 14  0.
 15  0.
 16  0.
 17  0.
 18  0.
 19  0.
 20  0.
 21  0.
 22  0.
 23  0.
 24  0.
 25  0.
 26  0.
 27  0.
 28  0.
 29  0.
 30  0.
 31  0.
 32  0.
 33  0.
 34  0.
 35  0.
 36  0.
 37  0.
 38  0.
 39  0.
 40  0.
 41  0.
 42  0.
 43  0.
 44  0.
 45  0.
 46  0.
 47  0.
 48  0.
 49  0.
 50  0.
 51  0.
 52  0.
 53  0.
 54  0.
 55  0.
 56  0.
 57  0.
 58  0.
 59  0.
 60  0.
 61  0.
 62  0.
 63  0.
 64  0.
 65  0.
 66  0.
 67  0.
 68  0.
 69  0.
 70  0.
 71  0.
 72  0.
 73  0.
 74  0.
 75  0.
 76  0.
 77  0.
 78  0.
 79  0.
 80  0.
 81  0.
 82  0.
 83  0.
 84  0.
 85  0.
 86  0.
 87  0.
 88  0.
 89  0.
 90  0.
 91  0.
 92  0.
 93  0.
 94  0.
 95  0.
 96  0.
 97  0.
 98  0.
 99  0.
 100  0.
 101  0.
 102  0.
 103  0.
 104  0.
 105  0.
 106  0.
 107  0.
 108  0.
 109  0.
 110  0.
 111  0.
 112  0.
 113  0.
 114  0.
 115  0.
 116  0.
 117  0.
 118  0.
 119  0.
 120  0.
 121  0.
 122  0.
 123  0.
 124  0.
 125  0.
 126  0.
 127  0.
 128  0.
 129  0.
 130  0.
 131  0.
 132  0.
 133  0.
 134  0.
 135  0.
 136  0.
 137  0.
 138  0.
 139  0.
 140  0.
 141  0.
 142  0.
 143  0.
 144  0.
 145  0.
 146  0.
 147  0.
 148  0.
 149  0.
 150  0.
 151  0.
 152  0.
 153  0.
 154  0.
 155  0.
 156  0.
 157  0.
 158  0.
 159  0.
 160  0.
 161  0.
 162  0.
 163  0.
 164  0.
 165  0.
 166  0.
 167  0.
 168  0.
 169  0.
 170  0.
 171  0.
 172  0.
 173  0.
 174  0.
 175  0.
 176  0.
 177  0.
 178  0.
 179  0.
 180  0.
 181  0.
 182  0.
 183  0.
 184  0.
 185  0.
 186  0.
 187  0.
 188  0.
 189  0.
 190  0.
 191  0.
 192  0.
 193  0.
 194  0.
 195  0.
 196  0.
 197  0.
 198  0.
 199  0.
 200  0.
 201  0.
 202  0.
 203  0.
 204  0.
 205  0.
 206  0.
 207  0.
 208  0.
 209  0.
 210  0.
 211  0.
 212  0.
 213  0.
 214  0.
 215  0.
 216  0.
 217  0.
 218  0.
 219  0.
 220  0.
 221  0.
 222  0.
 223  0.
 224  0.
 225  0.
 226  0.
 227  0.
 228  0.
 229  0.
 230  0.
 231  0.
 232  0.
 233  0.
 234  0.
 235  0.
 236  0.
 237  0.
 238  0.
 239  0.
 240  0.
 241  0.
 242  0.
 243  0.
 244  0.
 245  0.
 246  0.
 247  0.
 248  0.
 249  0.
 250  0.
 251  0.
 252  0.
 253  0.
 254  0.
 255  0.
 256  0.
 257  0.
 258  0.
 259  0.
 260  0.
 261  0.
 262  0.
 263  0.
 264  0.
 265  0.
 266  0.
 267  0.
 268  0.
 269  0.
 270  0.
 271  0.
 272  0.
 273  0.
 274  0.
 275  0.
 276  0.
 277  0.
 278  0.
 279  0.
 280  0.
 281  0.
 282  0.
 283  0.
 284  0.
 285  0.
 286  0.
 287  0.
 288  0.
 289  0.
 290  0.
 291  0.
 292  0.
 293  0.
 294  0.
 295  0.
 296  0.
 297  0.
 298  0.
 299  0.
 300  0.
 301  0.
 302  0.
 303  0.
 304  0.
 305  0.
 306  0.
 307  0.
 308  0.
 309  0.
 310  0.
 311  0.
 312  0.
 313  0.
 314  0.
 315  0.
 316  0.
 317  0.
 318  0.
 319  0.
 320  0.
 321  0.
 322  0.
 323  0.
 324  0.
 325  0.
 326  0.
 327  0.
 328  0.
 329  0.
 330  0.
 331  0.
 332  0.
 333  0.
 334  0.
 335  0.
 336  0.
 337  0.
 338  0.
 339  0.
 340  0.
 341  0.
 342  0.
 343  0.
 344  0.
 345  0.
 346  0.
 347  0.
 348  0.
 349  0.
 350  0.
 351  0.
 352  0.
 353  0.
 354  0.
 355  0.
 356  0.
 357  0.
 358  0.
 359  0.
 360  0.
 361  0.
 362  0.
 363  0.
 364  0.
 365  0.
 366  0.
 367  0.
 368  0.
 369  0.
 370  0.
 371  0.
 372  0.
 373  0.
 374  0.
 375  0.
 376  0.
 377  0.
 378  0.
 379  0.
 380  0.
 381  0.
 382  0.
 383  0.
 384  0.
 385  0.
 386  0.
 387  0.
 388  0.
 389  0.
 390  0.
 391  0.
 392  0.
 393  0.
 394  0.
 395  0.
 396  0.
 397  0.
 398  0.
 399  0.
 400  0.
 401  0.
 402  0.
 403  0.
 404  0.
 405  0.
 406  0.
 407  0.
 408  0.
 409  0.
 410  0.
 411  0.
 412  0.
 413  0.
 414  0.
 415  0.
 416  0.
 417  0.
 418  0.
 419  0.
 420  0.
 421  0.
 422  0.
 423  0.
 424  0.
 425  0.
 426  0.
 427  0.
 428  0.
 429  0.
 430  0.
 431  0.
 432  0.
 433  0.
 434  0.
 435  0.
 436  0.
 437  0.
 438  0.
 439  0.
 440  0.
 441  0.
 442  0.
 443  0.
 444  0.
 445  0.
 446  0.
 447  0.
 448  0.
 449  0.
 450  0.
 451  0.
 452  0.
 453  0.
 454  0.
 455  0.
 456  0.
 457  0.
 458  0.
 459  0.
 460  0.
 461  0.
 462  0.
 463  0.
 464  0.
 465  0.
 466  0.
 467  0.
 468  0.
 469  0.
 470  0.
 471  0.
 472  0.
 473  0.
 474  0.
 475  0.
 476  0.
 477  0.
 478  0.
 479  0.
 480  0.
 481  0.
 482  0.
 483  0.
 484  0.
 485  0.
 486  0.
 487  0.
 488  0.
 489  0.
 490  0.
 491  0.
 492  0.
 493  0.
 494  0.
 495  0.
 496  0.
 497  0.
 498  0.
 499  0.
 500  0.

 1  0.
 2  0.
 3  0.
 4  0.
 5  0.
 6  0.
 7  0.
 8  0.
 9  0.
 10  0.
 11  0.
 12  0.
 13  0.
 14  0.
 15  0.
 16  0.
 17  0.
 18  0.
 19  0.
 20  0.
 21  0.
 22  0.
 23  0.
 24  0.
 25  0.
 26  0.
 27  0.
 28  0.
 29  0.
 30  0.
 31  0.
 32  0.
 33  0.
 34  0.
 35  0.
 36  0.
 37  0.
 38  0.
 39  0.
 40  0.
 41  0.
 42  0.
 43  0.
 44  0.
 45  0.
 46  0.
 47  0.
 48  0.
 49  0.
 50  0.
 51  0.
 52  0.
 53  0.
 54  0.
 55  0.
 56  0.
 57  0.
 58  0.
 59  0.
 60  0.
 61  0.
 62  0.
 63  0.
 64  0.
 65  0.
 66  0.
 67  0.
 68  0.
 69  0.
 70  0.
 71  0.
 72  0.
 73  0.
 74  0.
 75  0.
 76  0.
 77  0.
 78  0.
 79  0.
 80  0.
 81  0.
 82  0.
 83  0.
 84  0.
 85  0.
 86  0.
 87  0.
 88  0.
 89  0.
 90  0.
 91  0.
 92  0.
 93  0.
 94  0.
 95  0.
 96  0.
 97  0.
 98  0.
 99  0.
 100  0.
 101  0.
 102  0.
 103  0.
 104  0.
 105  0.
 106  0.
 107  0.
 108  0.
 109  0.
 110  0.
 111  0.
 112  0.
 113  0.
 114  0.
 115  0.
 116  0.
 117  0.
 118  0.
 119  0.
 120  0.
 121  0.
 122  0.
 123  0.
 124  0.
 125  0.
 126  0.
 127  0.
 128  0.
 129  0.
 130  0.
 131  0.
 132  0.
 133  0.
 134  0.
 135  0.
 136  0.
 137  0.
 138  0.
 139  0.
 140  0.
 141  0.
 142  0.
 143  0.
 144  0.
 145  0.
 146  0.
 147  0.
 148  0.
 149  0.
 150  0.
 151  0.
 152  0.
 153  0.
 154  0.
 155  0.
 156  0.
 157  0.
 158  0.
 159  0.
 160  0.
 161  0.
 162  0.
 163  0.
 164  0.
 165  0.
 166  0.
 167  0.
 168  0.
 169  0.
 170  0.
 171  0.
 172  0.
 173  0.
 174  0.
 175  0.
 176  0.
 177  0.
 178  0.
 179  0.
 180  0.
 181  0.
 182  0.
 183  0.
 184  0.
 185  0.
 186  0.
 187  0.
 188  0.
 189  0.
 190  0.
 191  0.
 192  0.
 193  0.
 194  0.
 195  0.
 196  0.
 197  0.
 198  0.
 199  0.
 200  0.
 201  0.
 202  0.
 203  0.
 204  0.
 205  0.
 206  0.
 207  0.
 208  0.
 209  0.
 210  0.
 211  0.
 212  0.
 213  0.
 214  0.
 215  0.
 216  0.
 217  0.
 218  0.
 219  0.
 220  0.
 221  0.
 222  0.
 223  0.
 224  0.
 225  0.
 226  0.
 227  0.
 228  0.
 229  0.
 230  0.
 231  0.
 232  0.
 233  0.
 234  0.
 235  0.
 236  0.
 237  0.
 238  0.
 239  0.
 240  0.
 241  0.
 242  0.
 243  0.
 244  0.
 245  0.
 246  0.
 247  0.
 248  0.
 249  0.
 250  0.
 251  0.
 252  0.
 253  0.
 254  0.
 255  0.
 256  0.
 257  0.
 258  0.
 259  0.
 260  0.
 261  0.
 262  0.
 263  0.
 264  0.
 265  0.
 266  0.
 267  0.
 268  0.
 269  0.
 270  0.
 271  0.
 272  0.
 273  0.
 274  0.
 275  0.
 276  0.
 277  0.
 278  0.
 279  0.
 280  0.
 281  0.
 282  0.
 283  0.
 284  0.
 285  0.
 286  0.
 287  0.
 288  0.
 289  0.
 290  0.
 291  0.
 292  0.
 293  0.
 294  0.
 295  0.
 296  0.
 297  0.
 298  0.
 299  0.
 300  0.
 301  0.
 302  0.
 303  0.
 304  0.
 305  0.
 306  0.
 307  0.
 308  0.
 309  0.
 310  0.
 311  0.
 312  0.
 313  0.
 314  0.
 315  0.
 316  0.
 317  0.
 318  0.
 319  0.
 320  0.
 321  0.
 322  0.
 323  0.
 324  0.
 325  0.
 326  0.
 327  0.
 328  0.
 329  0.
 330  0.
 331  0.
 332  0.
 333  0.
 334  0.
 335  0.
 336  0.
 337  0.
 338  0.
 339  0.
 340  0.
 341  0.
 342  0.
 343  0.
 344  0.
 345  0.
 346  0.
 347  0.
 348  0.
 349  0.
 350  0.
 351  0.
 352  0.
 353  0.
 354  0.
 355  0.
 356  0.
 357  0.
 358  0.
 359  0.
 360  0.
 361  0.
 362  0.
 363  0.
 364  0.
 365  0.
 366  0.
 367  0.
 368  0.
 369  0.
 370  0.
 371  0.
 372  0.
 373  0.
 374  0.
 375  0.
 376  0.
 377  0.
 378  0.
 379  0.
 380  0.
 381  0.
 382  0.
 383  0.
 384  0.
 385  0.
 386  0.
 387  0.
 388  0.
 389  0.
 390  0.
 391  0.
 392  0.
 393  0.
 394  0.
 395  0.
 396  0.
 397  0.
 398  0.
 399  0.
 400  0.
 401  0.
 402  0.
 403  0.
 404  0.
 405  0.
 406  0.
 407  0.
 408  0.
 409  0.
 410  0.
 411  0.
 412  0.
 413  0.
 414  0.
 415  0.
 416  0.
 417  0.
 418  0.
 419  0.
 420  0.
 421  0.
 422  0.
 423  0.
 424  0.
 425  0.
 426  0.
 427  0.
 428  0.
 429  0.
 430  0.
 431  0.
 432  0.
 433  0.
 434  0.
 435  0.
 436  0.
 437  0.
 438  0.
 439  0.
 440  0.
 441  0.
 442  0.
 443  0.
 444  0.
 445  0.
 446  0.
 447  0.
 448  0.
 449  0.
 450  0.
 451  0.
 452  0.
 453  0.
 454  0.
 455  0.
 456  0.
 457  0.
 458  0.
 459  0.
 460  0.
 461  0.
 462  0.
 463  0.
 464  0.
 465  0.
 466  0.
 467  0.
 468  0.
 469  0.
 470  0.
 471  0.
 472  0.
 473  0.
 474  0.
 475  0.
 476  0.
 477  0.
 478  0.
 479  0.
 480  0.
 481  0.
 482  0.
 483  0.
 484  0.
 485  0.
 486  0.
 487  0.
 488  0.
 489  0.
 490  0.
 491  0.
 492  0.
 493  0.
 494  0.
 495  0.
 496  0.
 497  0.
 498  0.
 499  0.
 500  0.

 1  0.
 2  0.
 3  0.
 4  0.
 5  0.
 6  0.
 7  0.
 8  0.
 9  0.
 10  0.
 11  0.
 12  0.
 13  0.
 14  0.
 15  0.
 16  0.
 17  0.
 18  0.
 19  0.
 20  0.
 21  0.
 22  0.
 23  0.
 24  0.
 25  0.
 26  0.
 27  0.
 28  0.
 29  0.
 30  0.
 31  0.
 32  0.
 33  0.
 34  0.
 35  0.
 36  0.
 37  0.
 38  0.
 39  0.
 40  0.
 41  0.
 42  0.
 43  0.
 44  0.
 45  0.
 46  0.
 47  0.
 48  0.
 49  0.
 50  0.
 51  0.
 52  0.
 53  0.
 54  0.
 55  0.
 56  0.
 57  0.
 58  0.
 59  0.
 60  0.
 61  0.
 62  0.
 63  0.
 64  0.
 65  0.
 66  0.
 67  0.
 68  0.
 69  0.
 70  0.
 71  0.
 72  0.
 73  0.
 74  0.
 75  0.
 76  0.
 77  0.
 78  0.
 79  0.
 80  0.
 81  0.
 82  0.
 83  0.
 84  0.
 85  0.
 86  0.
 87  0.
 88  0.
 89  0.
 90  0.
 91  0.
 92  0.
 93  0.
 94  0.
 95  0.
 96  0.
 97  0.
 98  0.
 99  0.
 100  0.
 101  0.
 102  0.
 103  0.
 104  0.
 105  0.
 106  0.
 107  0.
 108  0.
 109  0.
 110  0.
 111  0.
 112  0.
 113  0.
 114  0.
 115  0.
 116  0.
 117  0.
 118  0.
 119  0.
 120  0.
 121  0.
 122  0.
 123  0.
 124  0.
 125  0.
 126  0.
 127  0.
 128  0.
 129  0.
 130  0.
 131  0.
 132  0.
 133  0.
 134  0.
 135  0.
 136  0.
 137  0.
 138  0.
 139  0.
 140  0.
 141  0.
 142  0.
 143  0.
 144  0.
 145  0.
 146  0.
 147  0.
 148  0.
 149  0.
 150  0.
 151  0.
 152  0.
 153  0.
 154  0.
 155  0.
 156  0.
 157  0.
 158  0.
 159  0.
 160  0.
 161  0.
 162  0.
 163  0.
 164  0.
 165  0.
 166  0.
 167  0.
 168  0.
 169  0.
 170  0.
 171  0.
 172  0.
 173  0.
 174  0.
 175  0.
 176  0.
 177  0.
 178  0.
 179  0.
 180  0.
 181  0.
 182  0.
 183  0.
 184  0.
 185  0.
 186  0.
 187  0.
 188  0.
 189  0.
 190  0.
 191  0.
 192  0.
 193  0.
 194  0.
 195  0.
 196  0.
 197  0.
 198  0.
 199  0.
 200  0.
 201  0.
 202  0.
 203  0.
 204  0.
 205  0.
 206  0.
 207  0.
 208  0.
 209  0.
 210  0.
 211  0.
 212  0.
 213  0.
 214  0.
 215  0.
 216  0.
 217  0.
 218  0.
 219  0.
 220  0.
 221  0.
 222  0.
 223  0.
 224  0.
 225  0.
 226  0.
 227  0.
 228  0.
 229  0.
 230  0.
 231  0.
 232  0.
 233  0.
 234  0.
 235  0.
 236  0.
 237  0.
 238  0.
 239  0.
 240  0.
 241  0.
 242  0.
 243  0.
 244  0.
 245  0.
 246  0.
 247  0.
 248  0.
 249  0.
 250  0.
 251  0.
 252  0.
 253  0.
 254  0.
 255  0.
 256  0.
 257  0.
 258  0.
 259  0.
 260  0.
 261  0.
 262  0.
 263  0.
 264  0.
 265  0.
 266  0.
 267  0.
 268  0.
 269  0.
 270  0.
 271  0.
 272  0.
 273  0.
 274  0.
 275  0.
 276  0.
 277  0.
 278  0.
 279  0.
 280  0.
 281  0.
 282  0.
 283  0.
 284  0.
 285  0.
 286  0.
 287  0.
 288  0.
 289  0.
 290  0.
 291  0.
 292  0.
 293  0.
 294  0.
 295  0.
 296  0.
 297  0.
 298  0.
 299  0.
 300  0.
 301  0.
 302  0.
 303  0.
 304  0.
 305  0.
 306  0.
 307  0.
 308  0.
 309  0.
 310  0.
 311  0.
 312  0.
 313  0.
 314  0.
 315  0.
 316  0.
 317  0.
 318  0.
 319  0.
 320  0.
 321  0.
 322  0.
 323  0.
 324  0.
 325  0.
 326  0.
 327  0.
 328  0.
 329  0.
 330  0.
 331  0.
 332  0.
 333  0.
 334  0.
 335  0.
 336  0.
 337  0.
 338  0.
 339  0.
 340  0.
 341  0.
 342  0.
 343  0.
 344  0.
 345  0.
 346  0.
 347  0.
 348  0.
 349  0.
 350  0.
 351  0.
 352  0.
 353  0.
 354  0.
 355  0.
 356  0.
 357  0.
 358  0.
 359  0.
 360  0.
 361  0.
 362  0.
 363  0.
 364  0.
 365  0.
 366  0.
 367  0.
 368  0.
 369  0.
 370  0.
 371  0.
 372  0.
 373  0.
 374  0.
 375  0.
 376  0.
 377  0.
 378  0.
 379  0.
 380  0.
 381  0.
 382  0.
 383  0.
 384  0.
 385  0.
 386  0.
 387  0.
 388  0.
 389  0.
 390  0.
 391  0.
 392  0.
 393  0.
 394  0.
 395  0.
 396  0.
 397  0.
 398  0.
 399  0.
 400  0.
 401  0.
 402  0.
 403  0.
 404  0.
 405  0.
 406  0.
 407  0.
 408  0.
 409  0.
 410  0.
 411  0.
 412  0.
 413  0.
 414  0.
 415  0.
 416  0.
 417  0.
 418  0.
 419  0.
 420  0.
 421  0.
 422  0.
 423  0.
 424  0.
 425  0.
 426  0.
 427  0.
 428  0.
 429  0.
 430  0.
 431  0.
 432  0.
 433  0.
 434  0.
 435  0.
 436  0.
 437  0.
 438  0.
 439  0.
 440  0.
 441  0.
 442  0.
 443  0.
 444  0.
 445  0.
 446  0.
 447  0.
 448  0.
 449  0.
 450  0.
 451  0.
 452  0.
 453  0.
 454  0.
 455  0.
 456  0.
 457  0.
 458  0.
 459  0.
 460  0.
 461  0.
 462  0.
 463  0.
 464  0.
 465  0.
 466  0.
 467  0.
 468  0.
 469  0.
 470  0.
 471  0.
 472  0.
 473  0.
 474  0.
 475  0.
 476  0.
 477  0.
 478  0.
 479  0.
 480  0.
 481  0.
 482  0.
 483  0.
 484  0.
 485  0.
 486  0.
 487  0.
 488  0.
 489  0.
 490  0.
 491  0.
 492  0.
 493  0.
 494  0.
 495  0.
 496  0.
 497  0.
 498  0.
 499  0.
 500  0.

 1  0.
 2  0.
 3  0.
 4  0.
 5  0.
 6  0.
 7  0.
 8  0.
 9  0.
 10  0.
 11  0.
 12  0.
 13  0.
 14  0.
 15  0.
 16  0.
 17  0.
 18  0.
 19  0.
 20  0.
 21  0.
 22  0.
 23  0.
 24  0.
 25  0.
 26  0.
 27  0.
 28  0.
 29  0.
 30  0.
 31  0.
 32  0.
 33  0.
 34  0.
 35  0.
 36  0.
 37  0.
 38  0.
 39  0.
 40  0.
 41  0.
 42  0.
 43  0.
 44  0.
 45  0.
 46  0.
 47  0.
 48  0.
 49  0.
 50  0.
 51  0.
 52  0.
 53  0.
 54  0.
 55  0.
 56  0.
 57  0.
 58  0.
 59  0.
 60  0.
 61  0.
 62  0.
 63  0.
 64  0.
 65  0.
 66  0.
 67  0.
 68  0.
 69  0.
 70  0.
 71  0.
 72  0.
 73  0.
 74  0.
 75  0.
 76  0.
 77  0.
 78  0.
 79  0.
 80  0.
 81  0.
 82  0.
 83  0.
 84  0.
 85  0.
 86  0.
 87  0.
 88  0.
 89  0.
 90  0.
 91  0.
 92  0.
 93  0.
 94  0.
 95  0.
 96  0.
 97  0.
 98  0.
 99  0.
 100  0.
 101  0.
 102  0.
 103  0.
 104  0.
 105  0.
 106  0.
 107  0.
 108  0.
 109  0.
 110  0.
 111  0.
 112  0.
 113  0.
 114  0.
 115  0.
 116  0.
 117  0.
 118  0.
 119  0.
 120  0.
 121  0.
 122  0.
 123  0.
 124  0.
 125  0.
 126  0.
 127  0.
 128  0.
 129  0.
 130  0.
 131  0.
 132  0.
 133  0.
 134  0.
 135  0.
 136  0.
 137  0.
 138  0.
 139  0.
 140  0.
 141  0.
 142  0.
 143  0.
 144  0.
 145  0.
 146  0.
 147  0.
 148  0.
 149  0.
 150  0.
 151  0.
 152  0.
 153  0.
 154  0.
 155  0.
 156  0.
 157  0.
 158  0.
 159  0.
 160  0.
 161  0.
 162  0.
 163  0.
 164  0.
 165  0.
 166  0.
 167  0.
 168  0.
 169  0.
 170  0.
 171  0.
 172  0.
 173  0.
 174  0.
 175  0.
 176  0.
 177  0.
 178  0.
 179  0.
 180  0.
 181  0.
 182  0.
 183  0.
 184  0.
 185  0.
 186  0.
 187  0.
 188  0.
 189  0.
 190  0.
 191  0.
 192  0.
 193  0.
 194  0.
 195  0.
 196  0.
 197  0.
 198  0.
 199  0.
 200  0.
 201  0.
 202  0.
 203  0.
 204  0.
 205  0.
 206  0.
 207  0.
 208  0.
 209  0.
 210  0.
 211  0.
 212  0.
 213  0.
 214  0.
 215  0.
 216  0.
 217  0.
 218  0.
 219  0.
 220  0.
 221  0.
 222  0.
 223  0.
 224  0.
 225  0.
 226  0.
 227  0.
 228  0.
 229  0.
 230  0.
 231  0.
 232  0.
 233  0.
 234  0.
 235  0.
 236  0.
 237  0.
 238  0.
 239  0.
 240  0.
 241  0.
 242  0.
 243  0.
 244  0.
 245  0.
 246  0.
 247  0.
 248  0.
 249  0.
 250  0.
 251  0.
 252  0.
 253  0.
 254  0.
 255  0.
 256  0.
 257  0.
 258  0.
 259  0.
 260  0.
 261  0.
 262  0.
 263  0.
 264  0.
 265  0.
 266  0.
 267  0.
 268  0.
 269  0.
 270  0.
 271  0.
 272  0.
 273  0.
 274  0.
 275  0.
 276  0.
 277  0.
 278  0.
 279  0.
 280  0.
 281  0.
 282  0.
 283  0.
 284  0.
 285  0.
 286  0.
 287  0.
 288  0.
 289  0.
 290  0.
 291  0.
 292  0.
 293  0.
 294  0.
 295  0.
 296  0.
 297  0.
 298  0.
 299  0.
 300  0.
 301  0.
 302  0.
 303  0.
 304  0.
 305  0.
 306  0.
 307  0.
 308  0.
 309  0.
 310  0.
 311  0.
 312  0.
 313  0.
 314  0.
 315  0.
 316  0.
 317  0.
 318  0.
 319  0.
 320  0.
 321  0.
 322  0.
 323  0.
 324  0.
 325  0.
 326  0.
 327  0.
 328  0.
 329  0.
 330  0.
 331  0.
 332  0.
 333  0.
 334  0.
 335  0.
 336  0.
 337  0.
 338  0.
 339  0.
 340  0.
 341  0.
 342  0.
 343  0.
 344  0.
 345  0.
 346  0.
 347  0.
 348  0.
 349  0.
 350  0.
 351  0.
 352  0.
 353  0.
 354  0.
 355  0.
 356  0.
 357  0.
 358  0.
 359  0.
 360  0.
 361  0.
 362  0.
 363  0.
 364  0.
 365  0.
 366  0.
 367  0.
 368  0.
 369  0.
 370  0.
 371  0.
 372  0.
 373  0.
 374  0.
 375  0.
 376  0.
 377  0.
 378  0.
 379  0.
 380  0.
 381  0.
 382  0.
 383  0.
 384  0.
 385  0.
 386  0.
 387  0.
 388  0.
 389  0.
 390  0.
 391  0.
 392  0.
 393  0.
 394  0.
 395  0.
 396  0.
 397  0.
 398  0.
 399  0.
 400  0.
 401  0.
 402  0.
 403  0.
 404  0.
 405  0.
 406  0.
 407  0.
 408  0.
 409  0.
 410  0.
 411  0.
 412  0.
 413  0.
 414  0.
 415  0.
 416  0.
 417  0.
 418  0.
 419  0.
 420  0.
 421  0.
 422  0.
 423  0.
 424  0.
 425  0.
 426  0.
 427  0.
 428  0.
 429  0.
 430  0.
 431  0.
 432  0.
 433  0.
 434  0.
 435  0.
 436  0.
 437  0.
 438  0.
 439  0.
 440  0.
 441  0.
 442  0.
 443  0.
 444  0.
 445  0.
 446  0.
 447  0.
 448  0.
 449  0.
 450  0.
 451  0.
 452  0.
 453  0.
 454  0.
 455  0.
 456  0.
 457  0.
 458  0.
 459  0.
 460  0.
 461  0.
 462  0.
 463  0.
 464  0.
 465  0.
 466  0.
 467  0.
 468  0.
 469  0.
 470  0.
 471  0.
 472  0.
 473  0.
 474  0.
 475  0.
 476  0.
 477  0.
 478  0.
 479  0.
 480  0.
 481  0.
 482  0.
 483  0.
 484  0.
 485  0.
 486  0.
 487  0.
 488  0.
 489  0.
 490  0.
 491  0.
 492  0.
 493  0.
 494  0.
 495  0.
 496  0.
 497  0.
 498  0.
 499  0.
 500  0.

 1  0.
 2  0.
 3  0.
 4  0.
 5  0.
 6  0.
 7  0.
 8  0.
 9  0.
 10  0.
 11  0.
 12  0.
 13  0.
 14  0.
 15  0.
 16  0.
 17  0.
 18  0.
 19  0.
 20  0.
 21  0.
 22  0.
 23  0.
 24  0.
 25  0.
 26  0.
 27  0.
 28  0.
 29  0.
 30  0.
 31  0.
 32  0.
 33  0.
 34  0.
 35  0.
 36  0.
 37  0.
 38  0.
 39  0.
 40  0.
 41  0.
 42  0.
 43  0.
 44  0.
 45  0.
 46  0.
 47  0.
 48  0.
 49  0.
 50  0.
 51  0.
 52  0.
 53  0.
 54  0.
 55  0.
 56  0.
 57  0.
 58  0.
 59  0.
 60  0.
 61  0.
 62  0.
 63  0.
 64  0.
 65  0.
 66  0.
 67  0.
 68  0.
 69  0.
 70  0.
 71  0.
 72  0.
 73  0.
 74  0.
 75  0.
 76  0.
 77  0.
 78  0.
 79  0.
 80  0.
 81  0.
 82  0.
 83  0.
 84  0.
 85  0.
 86  0.
 87  0.
 88  0.
 89  0.
 90  0.
 91  0.
 92  0.
 93  0.
 94  0.
 95  0.
 96  0.
 97  0.
 98  0.
 99  0.
 100  0.
 101  0.
 102  0.
 103  0.
 104  0.
 105  0.
 106  0.
 107  0.
 108  0.
 109  0.
 110  0.
 111  0.
 112  0.
 113  0.
 114  0.
 115  0.
 116  0.
 117  0.
 118  0.
 119  0.
 120  0.
 121  0.
 122  0.
 123  0.
 124  0.
 125  0.
 126  0.
 127  0.
 128  0.
 129  0.
 130  0.
 131  0.
 132  0.
 133  0.
 134  0.
 135  0.
 136  0.
 137  0.
 138  0.
 139  0.
 140  0.
 141  0.
 142  0.
 143  0.
 144  0.
 145  0.
 146  0.
 147  0.
 148  0.
 149  0.
 150  0.
 151  0.
 152  0.
 153  0.
 154  0.
 155  0.
 156  0.
 157  0.
 158  0.
 159  0.
 160  0.
 161  0.
 162  0.
 163  0.
 164  0.
 165  0.
 166  0.
 167  0.
 168  0.
 169  0.
 170  0.
 171  0.
 172  0.
 173  0.
 174  0.
 175  0.
 176  0.
 177  0.
 178  0.
 179  0.
 180  0.
 181  0.
 182  0.
 183  0.
 184  0.
 185  0.
 186  0.
 187  0.
 188  0.
 189  0.
 190  0.
 191  0.
 192  0.
 193  0.
 194  0.
 195  0.
 196  0.
 197  0.
 198  0.
 199  0.
 200  0.
 201  0.
 202  0.
 203  0.
 204  0.
 205  0.
 206  0.
 207  0.
 208  0.
 209  0.
 210  0.
 211  0.
 212  0.
 213  0.
 214  0.
 215  0.
 216  0.
 217  0.
 218  0.
 219  0.
 220  0.
 221  0.
 222  0.
 223  0.
 224  0.
 225  0.
 226  0.
 227  0.
 228  0.
 229  0.
 230  0.
 231  0.
 232  0.
 233  0.
 234  0.
 235  0.
 236  0.
 237  0.
 238  0.
 239  0.
 240  0.
 241  0.
 242  0.
 243  0.
 244  0.
 245  0.
 246  0.
 247  0.
 248  0.
 249  0.
 250  0.
 251  0.
 252  0.
 253  0.
 254  0.
 255  0.
 256  0.
 257  0.
 258  0.
 259  0.
 260  0.
 261  0.
 262  0.
 263  0.
 264  0.
 265  0.
 266  0.
 267  0.
 268  0.
 269  0.
 270  0.
 271  0.
 272  0.
 273  0.
 274  0.
 275  0.
 276  0.
 277  0.
 278  0.
 279  0.
 280  0.
 281  0.
 282  0.
 283  0.
 284  0.
 285  0.
 286  0.
 287  0.
 288  0.
 289  0.
 290  0.
 291  0.
 292  0.
 293  0.
 294  0.
 295  0.
 296  0.
 297  0.
 298  0.
 299  0.
 300  0.
 301  0.
 302  0.
 303  0.
 304  0.
 305  0.
 306  0.
 307  0.
 308  0.
 309  0.
 310  0.
 311  0.
 312  0.
 313  0.
 314  0.
 315  0.
 316  0.
 317  0.
 318  0.
 319  0.
 320  0.
 321  0.
 322  0.
 323  0.
 324  0.
 325  0.
 326  0.
 327  0.
 328  0.
 329  0.
 330  0.
 331  0.
 332  0.
 333  0.
 334  0.
 335  0.
 336  0.
 337  0.
 338  0.
 339  0.
 340  0.
 341  0.
 342  0.
 343  0.
 344  0.
 345  0.
 346  0.
 347  0.
 348  0.
 349  0.
 350  0.
 351  0.
 352  0.
 353  0.
 354  0.
 355  0.
 356  0.
 357  0.
 358  0.
 359  0.
 360  0.
 361  0.
 362  0.
 363  0.
 364  0.
 365  0.
 366  0.
 367  0.
 368  0.
 369  0.
 370  0.
 371  0.
 372  0.
 373  0.
 374  0.
 375  0.
 376  0.
 377  0.
 378  0.
 379  0.
 380  0.
 381  0.
 382  0.
 383  0.
 384  0.
 385  0.
 386  0.
 387  0.
 388  0.
 389  0.
 390  0.
 391  0.
 392  0.
 393  0.
 394  0.
 395  0.
 396  0.
 397  0.
 398  0.
 399  0.
 400  0.
 401  0.
 402  0.
 403  0.
 404  0.
 405  0.
 406  0.
 407  0.
 408  0.
 409  0.
 410  0.
 411  0.
 412  0.
 413  0.
 414  0.
 415  0.
 416  0.
 417  0.
 418  0.
 419  0.
 420  0.
 421  0.
 422  0.
 423  0.
 424  0.
 425  0.
 426  0.
 427  0.
 428  0.
 429  0.
 430  0.
 431  0.
 432  0.
 433  0.
 434  0.
 435  0.
 436  0.
 437  0.
 438  0.
 439  0.
 440  0.
 441  0.
 442  0.
 443  0.
 444  0.
 445  0.
 446  0.
 447  0.
 448  0.
 449  0.
 450  0.
 451  0.
 452  0.
 453  0.
 454  0.
 455  0.
 456  0.
 457  0.
 458  0.
 459  0.
 460  0.
 461  0.
 462  0.
 463  0.
 464  0.
 465  0.
 466  0.
 467  0.
 468  0.
 469  0.
 470  0.
 471  0.
 472  0.
 473  0.
 474  0.
 475  0.
 476  0.
 477  0.
 478  0.
 479  0.
 480  0.
 481  0.
 482  0.
 483  0.
 484  0.
 485  0.
 486  0.
 487  0.
 488  0.
 489  0.
 490  0.
 491  0.
 492  0.
 493  0.
 494  0.
 495  0.
 496  0.
 497  0.
 498  0.
 499  0.
 500  0.

 1  0.
 2  0.
 3  0.
 4  0.
 5  0.
 6  0.
 7  0.
 8  0.
 9  0.
 10  0.
 11  0.
 12  0.
 13  0.
 14  0.
 15  0.
 16  0.
 17  0.
 18  0.
 19  0.
 20  0.
 21  0.
 22  0.
 23  0.
 24  0.
 25  0.
 26  0.
 27  0.
 28  0.
 29  0.
 30  0.
 31  0.
 32  0.
 33  0.
 34  0.
 35  0.
 36  0.
 37  0.
 38  0.
 39  0.
 40  0.
 41  0.
 42  0.
 43  0.
 44  0.
 45  0.
 46  0.
 47  0.
 48  0.
 49  0.
 50  0.
 51  0.
 52  0.
 53  0.
 54  0.
 55  0.
 56  0.
 57  0.
 58  0.
 59  0.
 60  0.
 61  0.
 62  0.
 63  0.
 64  0.
 65  0.
 66  0.
 67  0.
 68  0.
 69  0.
 70  0.
 71  0.
 72  0.
 73  0.
 74  0.
 75  0.
 76  0.
 77  0.
 78  0.
 79  0.
 80  0.
 81  0.
 82  0.
 83  0.
 84  0.
 85  0.
 86  0.
 87  0.
 88  0.
 89  0.
 90  0.
 91  0.
 92  0.
 93  0.
 94  0.
 95  0.
 96  0.
 97  0.
 98  0.
 99  0.
 100  0.
 101  0.
 102  0.
 103  0.
 104  0.
 105  0.
 106  0.
 107  0.
 108  0.
 109  0.
 110  0.
 111  0.
 112  0.
 113  0.
 114  0.
 115  0.
 116  0.
 117  0.
 118  0.
 119  0.
 120  0.
 121  0.
 122  0.
 123  0.
 124  0.
 125  0.
 126  0.
 127  0.
 128  0.
 129  0.
 130  0.
 131  0.
 132  0.
 133  0.
 134  0.
 135  0.
 136  0.
 137  0.
 138  0.
 139  0.
 140  0.
 141  0.
 142  0.
 143  0.
 144  0.
 145  0.
 146  0.
 147  0.
 148  0.
 149  0.
 150  0.
 151  0.
 152  0.
 153  0.
 154  0.
 155  0.
 156  0.
 157  0.
 158  0.
 159  0.
 160  0.
 161  0.
 162  0.
 163  0.
 164  0.
 165  0.
 166  0.
 167  0.
 168  0.
 169  0.
 170  0.
 171  0.
 172  0.
 173  0.
 174  0.
 175  0.
 176  0.
 177  0.
 178  0.
 179  0.
 180  0.
 181  0.
 182  0.
 183  0.
 184  0.
 185  0.
 186  0.
 187  0.
 188  0.
 189  0.
 190  0.
 191  0.
 192  0.
 193  0.
 194  0.
 195  0.
 196  0.
 197  0.
 198  0.
 199  0.
 200  0.
 201  0.
 202  0.
 203  0.
 204  0.
 205  0.
 206  0.
 207  0.
 208  0.
 209  0.
 210  0.
 211  0.
 212  0.
 213  0.
 214  0.
 215  0.
 216  0.
 217  0.
 218  0.
 219  0.
 220  0.
 221  0.
 222  0.
 223  0.
 224  0.
 225  0.
 226  0.
 227  0.
 228  0.
 229  0.
 230  0.
 231  0.
 232  0.
 233  0.
 234  0.
 235  0.
 236  0.
 237  0.
 238  0.
 239  0.
 240  0.
 241  0.
 242  0.
 243  0.
 244  0.
 245  0.
 246  0.
 247  0.
 248  0.
 249  0.
 250  0.
 251  0.
 252  0.
 253  0.
 254  0.
 255  0.
 256  0.
 257  0.
 258  0.
 259  0.
 260  0.
 261  0.
 262  0.
 263  0.
 264  0.
 265  0.
 266  0.
 267  0.
 268  0.
 269  0.
 270  0.
 271  0.
 272  0.
 273  0.
 274  0.
 275  0.
 276  0.
 277  0.
 278  0.
 279  0.
 280  0.
 281  0.
 282  0.
 283  0.
 284  0.
 285  0.
 286  0.
 287  0.
 288  0.
 289  0.
 290  0.
 291  0.
 292  0.
 293  0.
 294  0.
 295  0.
 296  0.
 297  0.
 298  0.
 299  0.
 300  0.
 301  0.
 302  0.
 303  0.
 304  0.
 305  0.
 306  0.
 307  0.
 308  0.
 309  0.
 310  0.
 311  0.
 312  0.
 313  0.
 314  0.
 315  0.
 316  0.
 317  0.
 318  0.
 319  0.
 320  0.
 321  0.
 322  0.
 323  0.
 324  0.
 325  0.
 326  0.
 327  0.
 328  0.
 329  0.
 330  0.
 331  0.
 332  0.
 333  0.
 334  0.
 335  0.
 336  0.
 337  0.
 338  0.
 339  0.
 340  0.
 341  0.
 342  0.
 343  0.
 344  0.
 345  0.
 346  0.
 347  0.
 348  0.
 349  0.
 350  0.
 351  0.
 352  0.
 353  0.
 354  0.
 355  0.
 356  0.
 357  0.
 358  0.
 359  0.
 360  0.
 361  0.
 362  0.
 363  0.
 364  0.
 365  0.
 366  0.
 367  0.
 368  0.
 369  0.
 370  0.
 371  0.
 372  0.
 373  0.
 374  0.
 375  0.
 376  0.
 377  0.
 378  0.
 379  0.
 380  0.
 381  0.
 382  0.
 383  0.
 384  0.
 385  0.
 386  0.
 387  0.
 388  0.
 389  0.
 390  0.
 391  0.
 392  0.
 393  0.
 394  0.
 395  0.
 396  0.
 397  0.
 398  0.
 399  0.
 400  0.
 401  0.
 402  0.
 403  0.
 404  0.
 405  0.
 406  0.
 407  0.
 408  0.
 409  0.
 410  0.
 411  0.
 412  0.
 413  0.
 414  0.
 415  0.
 416  0.
 417  0.
 418  0.
 419  0.
 420  0.
 421  0.
 422  0.
 423  0.
 424  0.
 425  0.
 426  0.
 427  0.
 428  0.
 429  0.
 430  0.
 431  0.
 432  0.
 433  0.
 434  0.
 435  0.
 436  0.
 437  0.
 438  0.
 439  0.
 440  0.
 441  0.
 442  0.
 443  0.
 444  0.
 445  0.
 446  0.
 447  0.
 448  0.
 449  0.
 450  0.
 451  0.
 452  0.
 453  0.
 454  0.
 455  0.
 456  0.
 457  0.
 458  0.
 459  0.
 460  0.
 461  0.
 462  0.
 463  0.
 464  0.
 465  0.
 466  0.
 467  0.
 468  0.
 469  0.
 470  0.
 471  0.
 472  0.
 473  0.
 474  0.
 475  0.
 476  0.
 477  0.
 478  0.
 479  0.
 480  0.
 481  0.
 482  0.
 483  0.
 484  0.
 485  0.
 486  0.
 487  0.
 488  0.
 489  0.
 490  0.
 491  0.
 492  0.
 493  0.
 494  0.
 495  0.
 496  0.
 497  0.
 498  0.
 499  0.
 500  0.

 1  0.
 2  0.
 3  0.
 4  0.
 5  0.
 6  0.
 7  0.
 8  0.
 9  0.
 10  0.
 11  0.
 12  0.
 13  0.
 14  0.
 15  0.
 16  0.
 17  0.
 18  0.
 19  0.
 20  0.
 21  0.
 22  0.
 23  0.
 24  0.
 25  0.
 26  0.
 27  0.
 28  0.
 29  0.
 30  0.
 31  0.
 32  0.
 33  0.
 34  0.
 35  0.
 36  0.
 37  0.
 38  0.
 39  0.
 40  0.
 41  0.
 42  0.
 43  0.
 44  0.
 45  0.
 46  0.
 47  0.
 48  0.
 49  0.
 50  0.
 51  0.
 52  0.
 53  0.
 54  0.
 55  0.
 56  0.
 57  0.
 58  0.
 59  0.
 60  0.
 61  0.
 62  0.
 63  0.
 64  0.
 65  0.
 66  0.
 67  0.
 68  0.
 69  0.
 70  0.
 71  0.
 72  0.
 73  0.
 74  0.
 75  0.
 76  0.
 77  0.
 78  0.
 79  0.
 80  0.
 81  0.
 82  0.
 83  0.
 84  0.
 85  0.
 86  0.
 87  0.
 88  0.
 89  0.
 90  0.
 91  0.
 92  0.
 93  0.
 94  0.
 95  0.
 96  0.
 97  0.
 98  0.
 99  0.
 100  0.
 101  0.
 102  0.
 103  0.
 104  0.
 105  0.
 106  0.
 107  0.
 108  0.
 109  0.
 110  0.
 111  0.
 112  0.
 113  0.
 114  0.
 115  0.
 116  0.
 117  0.
 118  0.
 119  0.
 120  0.
 121  0.
 122  0.
 123  0.
 124  0.
 125  0.
 126  0.
 127  0.
 128  0.
 129  0.
 130  0.
 131  0.
 132  0.
 133  0.
 134  0.
 135  0.
 136  0.
 137  0.
 138  0.
 139  0.
 140  0.
 141  0.
 142  0.
 143  0.
 144  0.
 145  0.
 146  0.
 147  0.
 148  0.
 149  0.
 150  0.
 151  0.
 152  0.
 153  0.
 154  0.
 155  0.
 156  0.
 157  0.
 158  0.
 159  0.
 160  0.
 161  0.
 162  0.
 163  0.
 164  0.
 165  0.
 166  0.
 167  0.
 168  0.
 169  0.
 170  0.
 171  0.
 172  0.
 173  0.
 174  0.
 175  0.
 176  0.
 177  0.
 178  0.
 179  0.
 180  0.
 181  0.
 182  0.
 183  0.
 184  0.
 185  0.
 186  0.
 187  0.
 188  0.
 189  0.
 190  0.
 191  0.
 192  0.
 193  0.
 194  0.
 195  0.
 196  0.
 197  0.
 198  0.
 199  0.
 200  0.
 201  0.
 202  0.
 203  0.
 204  0.
 205  0.
 206  0.
 207  0.
 208  0.
 209  0.
 210  0.
 211  0.
 212  0.
 213  0.
 214  0.
 215  0.
 216  0.
 217  0.
 218  0.
 219  0.
 220  0.
 221  0.
 222  0.
 223  0.
 224  0.
 225  0.
 226  0.
 227  0.
 228  0.
 229  0.
 230  0.
 231  0.
 232  0.
 233  0.
 234  0.
 235  0.
 236  0.
 237  0.
 238  0.
 239  0.
 240  0.
 241  0.
 242  0.
 243  0.
 244  0.
 245  0.
 246  0.
 247  0.
 248  0.
 249  0.
 250  0.
 251  0.
 252  0.
 253  0.
 254  0.
 255  0.
 256  0.
 257  0.
 258  0.
 259  0.
 260  0.
 261  0.
 262  0.
 263  0.
 264  0.
 265  0.
 266  0.
 267  0.
 268  0.
 269  0.
 270  0.
 271  0.
 272  0.
 273  0.
 274  0.
 275  0.
 276  0.
 277  0.
 278  0.
 279  0.
 280  0.
 281  0.
 282  0.
 283  0.
 284  0.
 285  0.
 286  0.
 287  0.
 288  0.
 289  0.
 290  0.
 291  0.
 292  0.
 293  0.
 294  0.
 295  0.
 296  0.
 297  0.
 298  0.
 299  0.
 300  0.
 301  0.
 302  0.
 303  0.
 304  0.
 305  0.
 306  0.
 307  0.
 308  0.
 309  0.
 310  0.
 311  0.
 312  0.
 313  0.
 314  0.
 315  0.
 316  0.
 317  0.
 318  0.
 319  0.
 320  0.
 321  0.
 322  0.
 323  0.
 324  0.
 325  0.
 326  0.
 327  0.
 328  0.
 329  0.
 330  0.
 331  0.
 332  0.
 333  0.
 334  0.
 335  0.
 336  0.
 337  0.
 338  0.
 339  0.
 340  0.
 341  0.
 342  0.
 343  0.
 344  0.
 345  0.
 346  0.
 347  0.
 348  0.
 349  0.
 350  0.
 351  0.
 352  0.
 353  0.
 354  0.
 355  0.
 356  0.
 357  0.
 358  0.
 359  0.
 360  0.
 361  0.
 362  0.
 363  0.
 364  0.
 365  0.
 366  0.
 367  0.
 368  0.
 369  0.
 370  0.
 371  0.
 372  0.
 373  0.
 374  0.
 375  0.
 376  0.
 377  0.
 378  0.
 379  0.
 380  0.
 381  0.
 382  0.
 383  0.
 384  0.
 385  0.
 386  0.
 387  0.
 388  0.
 389  0.
 390  0.
 391  0.
 392  0.
 393  0.
 394  0.
 395  0.
 396  0.
 397  0.
 398  0.
 399  0.
 400  0.
 401  0.
 402  0.
 403  0.
 404  0.
 405  0.
 406  0.
 407  0.
 408  0.
 409  0.
 410  0.
 411  0.
 412  0.
 413  0.
 414  0.
 415  0.
 416  0.
 417  0.
 418  0.
 419  0.
 420  0.
 421  0.
 422  0.
 423  0.
 424  0.
 425  0.
 426  0.
 427  0.
 428  0.
 429  0.
 430  0.
 431  0.
 432  0.
 433  0.
 434  0.
 435  0.
 436  0.
 437  0.
 438  0.
 439  0.
 440  0.
 441  0.
 442  0.
 443  0.
 444  0.
 445  0.
 446  0.
 447  0.
 448  0.
 449  0.
 450  0.
 451  0.
 452  0.
 453  0.
 454  0.
 455  0.
 456  0.
 457  0.
 458  0.
 459  0.
 460  0.
 461  0.
 462  0.
 463  0.
 464  0.
 465  0.
 466  0.
 467  0.
 468  0.
 469  0.
 470  0.
 471  0.
 472  0.
 473  0.
 474  0.
 475  0.
 476  0.
 477  0.
 478  0.
 479  0.
 480  0.
 481  0.
 482  0.
 483  0.
 484  0.
 485  0.
 486  0.
 487  0.
 488  0.
 489  0.
 490  0.
 491  0.
 492  0.
 493  0.
 494  0.
 495  0.
 496  0.
 497  0.
 498  0.
 499  0.
 500  0.

 1  0.
 2  0.
 3  0.
 4  0.
 5  0.
 6  0.
 7  0.
 8  0.
 9  0.
 10  0.
 11  0.
 12  0.
 13  0.
 14  0.
 15  0.
 16  0.
 17  0.
 18  0.
 19  0.
 20  0.
 21  0.
 22  0.
 23  0.
 24  0.
 25  0.
 26  0.
 27  0.
 28  0.
 29  0.
 30  0.
 31  0.
 32  0.
 33  0.
 34  0.
 35  0.
 36  0.
 37  0.
 38  0.
 39  0.
 40  0.
 41  0.
 42  0.
 43  0.
 44  0.
 45  0.
 46  0.
 47  0.
 48  0.
 49  0.
 50  0.
 51  0.
 52  0.
 53  0.
 54  0.
 55  0.
 56  0.
 57  0.
 58  0.
 59  0.
 60  0.
 61  0.
 62  0.
 63  0.
 64  0.
 65  0.
 66  0.
 67  0.
 68  0.
 69  0.
 70  0.
 71  0.
 72  0.
 73  0.
 74  0.
 75  0.
 76  0.
 77  0.
 78  0.
 79  0.
 80  0.
 81  0.
 82  0.
 83  0.
 84  0.
 85  0.
 86  0.
 87  0.
 88  0.
 89  0.
 90  0.
 91  0.
 92  0.
 93  0.
 94  0.
 95  0.
 96  0.
 97  0.
 98  0.
 99  0.
 100  0.
 101  0.
 102  0.
 103  0.
 104  0.
 105  0.
 106  0.
 107  0.
 108  0.
 109  0.
 110  0.
 111  0.
 112  0.
 113  0.
 114  0.
 115  0.
 116  0.
 117  0.
 118  0.
 119  0.
 120  0.
 121  0.
 122  0.
 123  0.
 124  0.
 125  0.
 126  0.
 127  0.
 128  0.
 129  0.
 130  0.
 131  0.
 132  0.
 133  0.
 134  0.
 135  0.
 136  0.
 137  0.
 138  0.
 139  0.
 140  0.
 141  0.
 142  0.
 143  0.
 144  0.
 145  0.
 146  0.
 147  0.
 148  0.
 149  0.
 150  0.
 151  0.
 152  0.
 153  0.
 154  0.
 155  0.
 156  0.
 157  0.
 158  0.
 159  0.
 160  0.
 161  0.
 162  0.
 163  0.
 164  0.
 165  0.
 166  0.
 167  0.
 168  0.
 169  0.
 170  0.
 171  0.
 172  0.
 173  0.
 174  0.
 175  0.
 176  0.
 177  0.
 178  0.
 179  0.
 180  0.
 181  0.
 182  0.
 183  0.
 184  0.
 185  0.
 186  0.
 187  0.
 188  0.
 189  0.
 190  0.
 191  0.
 192  0.
 193  0.
 194  0.
 195  0.
 196  0.
 197  0.
 198  0.
 199  0.
 200  0.
 201  0.
 202  0.
 203  0.
 204  0.
 205  0.
 206  0.
 207  0.
 208  0.
 209  0.
 210  0.
 211  0.
 212  0.
 213  0.
 214  0.
 215  0.
 216  0.
 217  0.
 218  0.
 219  0.
 220  0.
 221  0.
 222  0.
 223  0.
 224  0.
 225  0.
 226  0.
 227  0.
 228  0.
 229  0.
 230  0.
 231  0.
 232  0.
 233  0.
 234  0.
 235  0.
 236  0.
 237  0.
 238  0.
 239  0.
 240  0.
 241  0.
 242  0.
 243  0.
 244  0.
 245  0.
 246  0.
 247  0.
 248  0.
 249  0.
 250  0.
 251  0.
 252  0.
 253  0.
 254  0.
 255  0.
 256  0.
 257  0.
 258  0.
 259  0.
 260  0.
 261  0.
 262  0.
 263  0.
 264  0.
 265  0.
 266  0.
 267  0.
 268  0.
 269  0.
 270  0.
 271  0.
 272  0.
 273  0.
 274  0.
 275  0.
 276  0.
 277  0.
 278  0.
 279  0.
 280  0.
 281  0.
 282  0.
 283  0.
 284  0.
 285  0.
 286  0.
 287  0.
 288  0.
 289  0.
 290  0.
 291  0.
 292  0.
 293  0.
 294  0.
 295  0.
 296  0.
 297  0.
 298  0.
 299  0.
 300  0.
 301  0.
 302  0.
 303  0.
 304  0.
 305  0.
 306  0.
 307  0.
 308  0.
 309  0.
 310  0.
 311  0.
 312  0.
 313  0.
 314  0.
 315  0.
 316  0.
 317  0.
 318  0.
 319  0.
 320  0.
 321  0.
 322  0.
 323  0.
 324  0.
 325  0.
 326  0.
 327  0.
 328  0.
 329  0.
 330  0.
 331  0.
 332  0.
 333  0.
 334  0.
 335  0.
 336  0.
 337  0.
 338  0.
 339  0.
 340  0.
 341  0.
 342  0.
 343  0.
 344  0.
 345  0.
 346  0.
 347  0.
 348  0.
 349  0.
 350  0.
 351  0.
 352  0.
 353  0.
 354  0.
 355  0.
 356  0.
 357  0.
 358  0.
 359  0.
 360  0.
 361  0.
 362  0.
 363  0.
 364  0.
 365  0.
 366  0.
 367  0.
 368  0.
 369  0.
 370  0.
 371  0.
 372  0.
 373  0.
 374  0.
 375  0.
 376  0.
 377  0.
 378  0.
 379  0.
 380  0.
 381  0.
 382  0.
 383  0.
 384  0.
 385  0.
 386  0.
 387  0.
 388  0.
 389  0.
 390  0.
 391  0.
 392  0.
 393  0.
 394  0.
 395  0.
 396  0.
 397  0.
 398  0.
 399  0.
 400  0.
 401  0.
 402  0.
 403  0.
 404  0.
 405  0.
 406  0.
 407  0.
 408  0.
 409  0.
 410  0.
 411  0.
 412  0.
 413  0.
 414  0.
 415  0.
 416  0.
 417  0.
 418  0.
 419  0.
 420  0.
 421  0.
 422  0.
 423  0.
 424  0.
 425  0.
 426  0.
 427  0.
 428  0.
 429  0.
 430  0.
 431  0.
 432  0.
 433  0.
 434  0.
 435  0.
 436  0.
 437  0.
 438  0.
 439  0.
 440  0.
 441  0.
 442  0.
 443  0.
 444  0.
 445  0.
 446  0.
 447  0.
 448  0.
 449  0.
 450  0.
 451  0.
 452  0.
 453  0.
 454  0.
 455  0.
 456  0.
 457  0.
 458  0.
 459  0.
 460  0.
 461  0.
 462  0.
 463  0.
 464  0.
 465  0.
 466  0.
 467  0.
 468  0.
 469  0.
 470  0.
 471  0.
 472  0.
 473  0.
 474  0.
 475  0.
 476  0.
 477  0.
 478  0.
 479  0.
 480  0.
 481  0.
 482  0.
 483  0.
 484  0.
 485  0.
 486  0.
 487  0.
 488  0.
 489  0.
 490  0.
 491  0.
 492  0.
 493  0.
 494  0.
 495  0.
 496  0.
 497  0.
 498  0.
 499  0.
 500  0.

 1  0.
 2  0.
 3  0.
 4  0.
 5  0.
 6  0.
 7  0.
 8  0.
 9  0.
 10  0.
 11  0.
 12  0.
 13  0.
 14  0.
 15  0.
 16  0.
 17  0.
 18  0.
 19  0.
 20  0.
 21  0.
 22  0.
 23  0.
 24  0.
 25  0.
 26  0.
 27  0.
 28  0.
 29  0.
 30  0.
 31  0.
 32  0.
 33  0.
 34  0.
 35  0.
 36  0.
 37  0.
 38  0.
 39  0.
 40  0.
 41  0.
 42  0.
 43  0.
 44  0.
 45  0.
 46  0.
 47  0.
 48  0.
 49  0.
 50  0.
 51  0.
 52  0.
 53  0.
 54  0.
 55  0.
 56  0.
 57  0.
 58  0.
 59  0.
 60  0.
 61  0.
 62  0.
 63  0.
 64  0.
 65  0.
 66  0.
 67  0.
 68  0.
 69  0.
 70  0.
 71  0.
 72  0.
 73  0.
 74  0.
 75  0.
 76  0.
 77  0.
 78  0.
 79  0.
 80  0.
 81  0.
 82  0.
 83  0.
 84  0.
 85  0.
 86  0.
 87  0.
 88  0.
 89  0.
 90  0.
 91  0.
 92  0.
 93  0.
 94  0.
 95  0.
 96  0.
 97  0.
 98  0.
 99  0.
 100  0.
 101  0.
 102  0.
 103  0.
 104  0.
 105  0.
 106  0.
 107  0.
 108  0.
 109  0.
 110  0.
 111  0.
 112  0.
 113  0.
 114  0.
 115  0.
 116  0.
 117  0.
 118  0.
 119  0.
 120  0.
 121  0.
 122  0.
 123  0.
 124  0.
 125  0.
 126  0.
 127  0.
 128  0.
 129  0.
 130  0.
 131  0.
 132  0.
 133  0.
 134  0.
 135  0.
 136  0.
 137  0.
 138  0.
 139  0.
 140  0.
 141  0.
 142  0.
 143  0.
 144  0.
 145  0.
 146  0.
 147  0.
 148  0.
 149  0.
 150  0.
 151  0.
 152  0.
 153  0.
 154  0.
 155  0.
 156  0.
 157  0.
 158  0.
 159  0.
 160  0.
 161  0.
 162  0.
 163  0.
 164  0.
 165  0.
 166  0.
 167  0.
 168  0.
 169  0.
 170  0.
 171  0.
 172  0.
 173  0.
 174  0.
 175  0.
 176  0.
 177  0.
 178  0.
 179  0.
 180  0.
 181  0.
 182  0.
 183  0.
 184  0.
 185  0.
 186  0.
 187  0.
 188  0.
 189  0.
 190  0.
 191  0.
 192  0.
 193  0.
 194  0.
 195  0.
 196  0.
 197  0.
 198  0.
 199  0.
 200  0.
 201  0.
 202  0.
 203  0.
 204  0.
 205  0.
 206  0.
 207  0.
 208  0.
 209  0.
 210  0.
 211  0.
 212  0.
 213  0.
 214  0.
 215  0.
 216  0.
 217  0.
 218  0.
 219  0.
 220  0.
 221  0.
 222  0.
 223  0.
 224  0.
 225  0.
 226  0.
 227  0.
 228  0.
 229  0.
 230  0.
 231  0.
 232  0.
 233  0.
 234  0.
 235  0.
 236  0.
 237  0.
 238  0.
 239  0.
 240  0.
 241  0.
 242  0.
 243  0.
 244  0.
 245  0.
 246  0.
 247  0.
 248  0.
 249  0.
 250  0.
 251  0.
 252  0.
 253  0.
 254  0.
 255  0.
 256  0.
 257  0.
 258  0.
 259  0.
 260  0.
 261  0.
 262  0.
 263  0.
 264  0.
 265  0.
 266  0.
 267  0.
 268  0.
 269  0.
 270  0.
 271  0.
 272  0.
 273  0.
 274  0.
 275  0.
 276  0.
 277  0.
 278  0.
 279  0.
 280  0.
 281  0.
 282  0.
 283  0.
 284  0.
 285  0.
 286  0.
 287  0.
 288  0.
 289  0.
 290  0.
 291  0.
 292  0.
 293  0.
 294  0.
 295  0.
 296  0.
 297  0.
 298  0.
 299  0.
 300  0.
 301  0.
 302  0.
 303  0.
 304  0.
 305  0.
 306  0.
 307  0.
 308  0.
 309  0.
 310  0.
 311  0.
 312  0.
 313  0.
 314  0.
 315  0.
 316  0.
 317  0.
 318  0.
 319  0.
 320  0.
 321  0.
 322  0.
 323  0.
 324  0.
 325  0.
 326  0.
 327  0.
 328  0.
 329  0.
 330  0.
 331  0.
 332  0.
 333  0.
 334  0.
 335  0.
 336  0.
 337  0.
 338  0.
 339  0.
 340  0.
 341  0.
 342  0.
 343  0.
 344  0.
 345  0.
 346  0.
 347  0.
 348  0.
 349  0.
 350  0.
 351  0.
 352  0.
 353  0.
 354  0.
 355  0.
 356  0.
 357  0.
 358  0.
 359  0.
 360  0.
 361  0.
 362  0.
 363  0.
 364  0.
 365  0.
 366  0.
 367  0.
 368  0.
 369  0.
 370  0.
 371  0.
 372  0.
 373  0.
 374  0.
 375  0.
 376  0.
 377  0.
 378  0.
 379  0.
 380  0.
 381  0.
 382  0.
 383  0.
 384  0.
 385  0.
 386  0.
 387  0.
 388  0.
 389  0.
 390  0.
 391  0.
 392  0.
 393  0.
 394  0.
 395  0.
 396  0.
 397  0.
 398  0.
 399  0.
 400  0.
 401  0.
 402  0.
 403  0.
 404  0.
 405  0.
 406  0.
 407  0.
 408  0.
 409  0.
 410  0.
 411  0.
 412  0.
 413  0.
 414  0.
 415  0.
 416  0.
 417  0.
 418  0.
 419  0.
 420  0.
 421  0.
 422  0.
 423  0.
 424  0.
 425  0.
 426  0.
 427  0.
 428  0.
 429  0.
 430  0.
 431  0.
 432  0.
 433  0.
 434  0.
 435  0.
 436  0.
 437  0.
 438  0.
 439  0.
 440  0.
 441  0.
 442  0.
 443  0.
 444  0.
 445  0.
 446  0.
 447  0.
 448  0.
 449  0.
 450  0.
 451  0.
 452  0.
 453  0.
 454  0.
 455  0.
 456  0.
 457  0.
 458  0.
 459  0.
 460  0.
 461  0.
 462  0.
 463  0.
 464  0.
 465  0.
 466  0.
 467  0.
 468  0.
 469  0.
 470  0.
 471  0.
 472  0.
 473  0.
 474  0.
 475  0.
 476  0.
 477  0.
 478  0.
 479  0.
 480  0.
 481  0.
 482  0.
 483  0.
 484  0.
 485  0.
 486  0.
 487  0.
 488  0.
 489  0.
 490  0.
 491  0.
 492  0.
 493  0.
 494  0.
 495  0.
 496  0.
 497  0.
 498  0.
 499  0.
 500  0.

 1  0.
 2  0.
 3  0.
 4  0.
 5  0.
 6  0.
 7  0.
 8  0.
 9  0.
 10  0.
 11  0.
 12  0.
 13  0.
 14  0.
 15  0.
 16  0.
 17  0.
 18  0.
 19  0.
 20  0.
 21  0.
 22  0.
 23  0.
 24  0.
 25  0.
 26  0.
 27  0.
 28  0.
 29  0.
 30  0.
 31  0.
 32  0.
 33  0.
 34  0.
 35  0.
 36  0.
 37  0.
 38  0.
 39  0.
 40  0.
 41  0.
 42  0.
 43  0.
 44  0.
 45  0.
 46  0.
 47  0.
 48  0.
 49  0.
 50  0.
 51  0.
 52  0.
 53  0.
 54  0.
 55  0.
 56  0.
 57  0.
 58  0.
 59  0.
 60  0.
 61  0.
 62  0.
 63  0.
 64  0.
 65  0.
 66  0.
 67  0.
 68  0.
 69  0.
 70  0.
 71  0.
 72  0.
 73  0.
 74  0.
 75  0.
 76  0.
 77  0.
 78  0.
 79  0.
 80  0.
 81  0.
 82  0.
 83  0.
 84  0.
 85  0.
 86  0.
 87  0.
 88  0.
 89  0.
 90  0.
 91  0.
 92  0.
 93  0.
 94  0.
 95  0.
 96  0.
 97  0.
 98  0.
 99  0.
 100  0.
 101  0.
 102  0.
 103  0.
 104  0.
 105  0.
 106  0.
 107  0.
 108  0.
 109  0.
 110  0.
 111  0.
 112  0.
 113  0.
 114  0.
 115  0.
 116  0.
 117  0.
 118  0.
 119  0.
 120  0.
 121  0.
 122  0.
 123  0.
 124  0.
 125  0.
 126  0.
 127  0.
 128  0.
 129  0.
 130  0.
 131  0.
 132  0.
 133  0.
 134  0.
 135  0.
 136  0.
 137  0.
 138  0.
 139  0.
 140  0.
 141  0.
 142  0.
 143  0.
 144  0.
 145  0.
 146  0.
 147  0.
 148  0.
 149  0.
 150  0.
 151  0.
 152  0.
 153  0.
 154  0.
 155  0.
 156  0.
 157  0.
 158  0.
 159  0.
 160  0.
 161  0.
 162  0.
 163  0.
 164  0.
 165  0.
 166  0.
 167  0.
 168  0.
 169  0.
 170  0.
 171  0.
 172  0.
 173  0.
 174  0.
 175  0.
 176  0.
 177  0.
 178  0.
 179  0.
 180  0.
 181  0.
 182  0.
 183  0.
 184  0.
 185  0.
 186  0.
 187  0.
 188  0.
 189  0.
 190  0.
 191  0.
 192  0.
 193  0.
 194  0.
 195  0.
 196  0.
 197  0.
 198  0.
 199  0.
 200  0.
 201  0.
 202  0.
 203  0.
 204  0.
 205  0.
 206  0.
 207  0.
 208  0.
 209  0.
 210  0.
 211  0.
 212  0.
 213  0.
 214  0.
 215  0.
 216  0.
 217  0.
 218  0.
 219  0.
 220  0.
 221  0.
 222  0.
 223  0.
 224  0.
 225  0.
 226  0.
 227  0.
 228  0.
 229  0.
 230  0.
 231  0.
 232  0.
 233  0.
 234  0.
 235  0.
 236  0.
 237  0.
 238  0.
 239  0.
 240  0.
 241  0.
 242  0.
 243  0.
 244  0.
 245  0.
 246  0.
 247  0.
 248  0.
 249  0.
 250  0.
 251  0.
 252  0.
 253  0.
 254  0.
 255  0.
 256  0.
 257  0.
 258  0.
 259  0.
 260  0.
 261  0.
 262  0.
 263  0.
 264  0.
 265  0.
 266  0.
 267  0.
 268  0.
 269  0.
 270  0.
 271  0.
 272  0.
 273  0.
 274  0.
 275  0.
 276  0.
 277  0.
 278  0.
 279  0.
 280  0.
 281  0.
 282  0.
 283  0.
 284  0.
 285  0.
 286  0.
 287  0.
 288  0.
 289  0.
 290  0.
 291  0.
 292  0.
 293  0.
 294  0.
 295  0.
 296  0.
 297  0.
 298  0.
 299  0.
 300  0.
 301  0.
 302  0.
 303  0.
 304  0.
 305  0.
 306  0.
 307  0.
 308  0.
 309  0.
 310  0.
 311  0.
 312  0.
 313  0.
 314  0.
 315  0.
 316  0.
 317  0.
 318  0.
 319  0.
 320  0.
 321  0.
 322  0.
 323  0.
 324  0.
 325  0.
 326  0.
 327  0.
 328  0.
 329  0.
 330  0.
 331  0.
 332  0.
 333  0.
 334  0.
 335  0.
 336  0.
 337  0.
 338  0.
 339  0.
 340  0.
 341  0.
 342  0.
 343  0.
 344  0.
 345  0.
 346  0.
 347  0.
 348  0.
 349  0.
 350  0.
 351  0.
 352  0.
 353  0.
 354  0.
 355  0.
 356  0.
 357  0.
 358  0.
 359  0.
 360  0.
 361  0.
 362  0.
 363  0.
 364  0.
 365  0.
 366  0.
 367  0.
 368  0.
 369  0.
 370  0.
 371  0.
 372  0.
 373  0.
 374  0.
 375  0.
 376  0.
 377  0.
 378  0.
 379  0.
 380  0.
 381  0.
 382  0.
 383  0.
 384  0.
 385  0.
 386  0.
 387  0.
 388  0.
 389  0.
 390  0.
 391  0.
 392  0.
 393  0.
 394  0.
 395  0.
 396  0.
 397  0.
 398  0.
 399  0.
 400  0.
 401  0.
 402  0.
 403  0.
 404  0.
 405  0.
 406  0.
 407  0.
 408  0.
 409  0.
 410  0.
 411  0.
 412  0.
 413  0.
 414  0.
 415  0.
 416  0.
 417  0.
 418  0.
 419  0.
 420  0.
 421  0.
 422  0.
 423  0.
 424  0.
 425  0.
 426  0.
 427  0.
 428  0.
 429  0.
 430  0.
 431  0.
 432  0.
 433  0.
 434  0.
 435  0.
 436  0.
 437  0.
 438  0.
 439  0.
 440  0.
 441  0.
 442  0.
 443  0.
 444  0.
 445  0.
 446  0.
 447  0.
 448  0.
 449  0.
 450  0.
 451  0.
 452  0.
 453  0.
 454  0.
 455  0.
 456  0.
 457  0.
 458  0.
 459  0.
 460  0.
 461  0.
 462  0.
 463  0.
 464  0.
 465  0.
 466  0.
 467  0.
 468  0.
 469  0.
 470  0.
 471  0.
 472  0.
 473  0.
 474  0.
 475  0.
 476  0.
 477  0.
 478  0.
 479  0.
 480  0.
 481  0.
 482  0.
 483  0.
 484  0.
 485  0.
 486  0.
 487  0.
 488  0.
 489  0.
 490  0.
 491  0.
 492  0.
 493  0.
 494  0.
 495  0.
 496  0.
 497  0.
 498  0.
 499  0.
 500  0.

 1  0.
 2  0.
 3  0.
 4  0.
 5  0.
 6  0.
 7  0.
 8  0.
 9  0.
 10  0.
 11  0.
 12  0.
 13  0.
 14  0.
 15  0.
 16  0.
 17  0.
 18  0.
 19  0.
 20  0.
 21  0.
 22  0.
 23  0.
 24  0.
 25  0.
 26  0.
 27  0.
 28  0.
 29  0.
 30  0.
 31  0.
 32  0.
 33  0.
 34  0.
 35  0.
 36  0.
 37  0.
 38  0.
 39  0.
 40  0.
 41  0.
 42  0.
 43  0.
 44  0.
 45  0.
 46  0.
 47  0.
 48  0.
 49  0.
 50  0.
 51  0.
 52  0.
 53  0.
 54  0.
 55  0.
 56  0.
 57  0.
 58  0.
 59  0.
 60  0.
 61  0.
 62  0.
 63  0.
 64  0.
 65  0.
 66  0.
 67  0.
 68  0.
 69  0.
 70  0.
 71  0.
 72  0.
 73  0.
 74  0.
 75  0.
 76  0.
 77  0.
 78  0.
 79  0.
 80  0.
 81  0.
 82  0.
 83  0.
 84  0.
 85  0.
 86  0.
 87  0.
 88  0.
 89  0.
 90  0.
 91  0.
 92  0.
 93  0.
 94  0.
 95  0.
 96  0.
 97  0.
 98  0.
 99  0.
 100  0.
 101  0.
 102  0.
 103  0.
 104  0.
 105  0.
 106  0.
 107  0.
 108  0.
 109  0.
 110  0.
 111  0.
 112  0.
 113  0.
 114  0.
 115  0.
 116  0.
 117  0.
 118  0.
 119  0.
 120  0.
 121  0.
 122  0.
 123  0.
 124  0.
 125  0.
 126  0.
 127  0.
 128  0.
 129  0.
 130  0.
 131  0.
 132  0.
 133  0.
 134  0.
 135  0.
 136  0.
 137  0.
 138  0.
 139  0.
 140  0.
 141  0.
 142  0.
 143  0.
 144  0.
 145  0.
 146  0.
 147  0.
 148  0.
 149  0.
 150  0.
 151  0.
 152  0.
 153  0.
 154  0.
 155  0.
 156  0.
 157  0.
 158  0.
 159  0.
 160  0.
 161  0.
 162  0.
 163  0.
 164  0.
 165  0.
 166  0.
 167  0.
 168  0.
 169  0.
 170  0.
 171  0.
 172  0.
 173  0.
 174  0.
 175  0.
 176  0.
 177  0.
 178  0.
 179  0.
 180  0.
 181  0.
 182  0.
 183  0.
 184  0.
 185  0.
 186  0.
 187  0.
 188  0.
 189  0.
 190  0.
 191  0.
 192  0.
 193  0.
 194  0.
 195  0.
 196  0.
 197  0.
 198  0.
 199  0.
 200  0.
 201  0.
 202  0.
 203  0.
 204  0.
 205  0.
 206  0.
 207  0.
 208  0.
 209  0.
 210  0.
 211  0.
 212  0.
 213  0.
 214  0.
 215  0.
 216  0.
 217  0.
 218  0.
 219  0.
 220  0.
 221  0.
 222  0.
 223  0.
 224  0.
 225  0.
 226  0.
 227  0.
 228  0.
 229  0.
 230  0.
 231  0.
 232  0.
 233  0.
 234  0.
 235  0.
 236  0.
 237  0.
 238  0.
 239  0.
 240  0.
 241  0.
 242  0.
 243  0.
 244  0.
 245  0.
 246  0.
 247  0.
 248  0.
 249  0.
 250  0.
 251  0.
 252  0.
 253  0.
 254  0.
 255  0.
 256  0.
 257  0.
 258  0.
 259  0.
 260  0.
 261  0.
 262  0.
 263  0.
 264  0.
 265  0.
 266  0.
 267  0.
 268  0.
 269  0.
 270  0.
 271  0.
 272  0.
 273  0.
 274  0.
 275  0.
 276  0.
 277  0.
 278  0.
 279  0.
 280  0.
 281  0.
 282  0.
 283  0.
 284  0.
 285  0.
 286  0.
 287  0.
 288  0.
 289  0.
 290  0.
 291  0.
 292  0.
 293  0.
 294  0.
 295  0.
 296  0.
 297  0.
 298  0.
 299  0.
 300  0.
 301  0.
 302  0.
 303  0.
 304  0.
 305  0.
 306  0.
 307  0.
 308  0.
 309  0.
 310  0.
 311  0.
 312  0.
 313  0.
 314  0.
 315  0.
 316  0.
 317  0.
 318  0.
 319  0.
 320  0.
 321  0.
 322  0.
 323  0.
 324  0.
 325  0.
 326  0.
 327  0.
 328  0.
 329  0.
 330  0.
 331  0.
 332  0.
 333  0.
 334  0.
 335  0.
 336  0.
 337  0.
 338  0.
 339  0.
 340  0.
 341  0.
 342  0.
 343  0.
 344  0.
 345  0.
 346  0.
 347  0.
 348  0.
 349  0.
 350  0.
 351  0.
 352  0.
 353  0.
 354  0.
 355  0.
 356  0.
 357  0.
 358  0.
 359  0.
 360  0.
 361  0.
 362  0.
 363  0.
 364  0.
 365  0.
 366  0.
 367  0.
 368  0.
 369  0.
 370  0.
 371  0.
 372  0.
 373  0.
 374  0.
 375  0.
 376  0.
 377  0.
 378  0.
 379  0.
 380  0.
 381  0.
 382  0.
 383  0.
 384  0.
 385  0.
 386  0.
 387  0.
 388  0.
 389  0.
 390  0.
 391  0.
 392  0.
 393  0.
 394  0.
 395  0.
 396  0.
 397  0.
 398  0.
 399  0.
 400  0.
 401  0.
 402  0.
 403  0.
 404  0.
 405  0.
 406  0.
 407  0.
 408  0.
 409  0.
 410  0.
 411  0.
 412  0.
 413  0.
 414  0.
 415  0.
 416  0.
 417  0.
 418  0.
 419  0.
 420  0.
 421  0.
 422  0.
 423  0.
 424  0.
 425  0.
 426  0.
 427  0.
 428  0.
 429  0.
 430  0.
 431  0.
 432  0.
 433  0.
 434  0.
 435  0.
 436  0.
 437  0.
 438  0.
 439  0.
 440  0.
 441  0.
 442  0.
 443  0.
 444  0.
 445  0.
 446  0.
 447  0.
 448  0.
 449  0.
 450  0.
 451  0.
 452  0.
 453  0.
 454  0.
 455  0.
 456  0.
 457  0.
 458  0.
 459  0.
 460  0.
 461  0.
 462  0.
 463  0.
 464  0.
 465  0.
 466  0.
 467  0.
 468  0.
 469  0.
 470  0.
 471  0.
 472  0.
 473  0.
 474  0.
 475  0.
 476  0.
 477  0.
 478  0.
 479  0.
 480  0.
 481  0.
 482  0.
 483  0.
 484  0.
 485  0.
 486  0.
 487  0.
 488  0.
 489  0.
 490  0.
 491  0.
 492  0.
 493  0.
 494  0.
 495  0.
 496  0.
 497  0.
 498  0.
 499  0.
 500  0.

 1  0.
 2  0.
 3  0.
 4  0.
 5  0.
 6  0.
 7  0.
 8  0.
 9  0.
 10  0.
 11  0.
 12  0.
 13  0.
 14  0.
 15  0.
 16  0.
 17  0.
 18  0.
 19  0.
 20  0.
 21  0.
 22  0.
 23  0.
 24  0.
 25  0.
 26  0.
 27  0.
 28  0.
 29  0.
 30  0.
 31  0.
 32  0.
 33  0.
 34  0.
 35  0.
 36  0.
 37  0.
 38  0.
 39  0.
 40  0.
 41  0.
 42  0.
 43  0.
 44  0.
 45  0.
 46  0.
 47  0.
 48  0.
 49  0.
 50  0.
 51  0.
 52  0.
 53  0.
 54  0.
 55  0.
 56  0.
 57  0.
 58  0.
 59  0.
 60  0.
 61  0.
 62  0.
 63  0.
 64  0.
 65  0.
 66  0.
 67  0.
 68  0.
 69  0.
 70  0.
 71  0.
 72  0.
 73  0.
 74  0.
 75  0.
 76  0.
 77  0.
 78  0.
 79  0.
 80  0.
 81  0.
 82  0.
 83  0.
 84  0.
 85  0.
 86  0.
 87  0.
 88  0.
 89  0.
 90  0.
 91  0.
 92  0.
 93  0.
 94  0.
 95  0.
 96  0.
 97  0.
 98  0.
 99  0.
 100  0.
 101  0.
 102  0.
 103  0.
 104  0.
 105  0.
 106  0.
 107  0.
 108  0.
 109  0.
 110  0.
 111  0.
 112  0.
 113  0.
 114  0.
 115  0.
 116  0.
 117  0.
 118  0.
 119  0.
 120  0.
 121  0.
 122  0.
 123  0.
 124  0.
 125  0.
 126  0.
 127  0.
 128  0.
 129  0.
 130  0.
 131  0.
 132  0.
 133  0.
 134  0.
 135  0.
 136  0.
 137  0.
 138  0.
 139  0.
 140  0.
 141  0.
 142  0.
 143  0.
 144  0.
 145  0.
 146  0.
 147  0.
 148  0.
 149  0.
 150  0.
 151  0.
 152  0.
 153  0.
 154  0.
 155  0.
 156  0.
 157  0.
 158  0.
 159  0.
 160  0.
 161  0.
 162  0.
 163  0.
 164  0.
 165  0.
 166  0.
 167  0.
 168  0.
 169  0.
 170  0.
 171  0.
 172  0.
 173  0.
 174  0.
 175  0.
 176  0.
 177  0.
 178  0.
 179  0.
 180  0.
 181  0.
 182  0.
 183  0.
 184  0.
 185  0.
 186  0.
 187  0.
 188  0.
 189  0.
 190  0.
 191  0.
 192  0.
 193  0.
 194  0.
 195  0.
 196  0.
 197  0.
 198  0.
 199  0.
 200  0.
 201  0.
 202  0.
 203  0.
 204  0.
 205  0.
 206  0.
 207  0.
 208  0.
 209  0.
 210  0.
 211  0.
 212  0.
 213  0.
 214  0.
 215  0.
 216  0.
 217  0.
 218  0.
 219  0.
 220  0.
 221  0.
 222  0.
 223  0.
 224  0.
 225  0.
 226  0.
 227  0.
 228  0.
 229  0.
 230  0.
 231  0.
 232  0.
 233  0.
 234  0.
 235  0.
 236  0.
 237  0.
 238  0.
 239  0.
 240  0.
 241  0.
 242  0.
 243  0.
 244  0.
 245  0.
 246  0.
 247  0.
 248  0.
 249  0.
 250  0.
 251  0.
 252  0.
 253  0.
 254  0.
 255  0.
 256  0.
 257  0.
 258  0.
 259  0.
 260  0.
 261  0.
 262  0.
 263  0.
 264  0.
 265  0.
 266  0.
 267  0.
 268  0.
 269  0.
 270  0.
 271  0.
 272  0.
 273  0.
 274  0.
 275  0.
 276  0.
 277  0.
 278  0.
 279  0.
 280  0.
 281  0.
 282  0.
 283  0.
 284  0.
 285  0.
 286  0.
 287  0.
 288  0.
 289  0.
 290  0.
 291  0.
 292  0.
 293  0.
 294  0.
 295  0.
 296  0.
 297  0.
 298  0.
 299  0.
 300  0.
 301  0.
 302  0.
 303  0.
 304  0.
 305  0.
 306  0.
 307  0.
 308  0.
 309  0.
 310  0.
 311  0.
 312  0.
 313  0.
 314  0.
 315  0.
 316  0.
 317  0.
 318  0.
 319  0.
 320  0.
 321  0.
 322  0.
 323  0.
 324  0.
 325  0.
 326  0.
 327  0.
 328  0.
 329  0.
 330  0.
 331  0.
 332  0.
 333  0.
 334  0.
 335  0.
 336  0.
 337  0.
 338  0.
 339  0.
 340  0.
 341  0.
 342  0.
 343  0.
 344  0.
 345  0.
 346  0.
 347  0.
 348  0.
 349  0.
 350  0.
 351  0.
 352  0.
 353  0.
 354  0.
 355  0.
 356  0.
 357  0.
 358  0.
 359  0.
 360  0.
 361  0.
 362  0.
 363  0.
 364  0.
 365  0.
 366  0.
 367  0.
 368  0.
 369  0.
 370  0.
 371  0.
 372  0.
 373  0.
 374  0.
 375  0.
 376  0.
 377  0.
 378  0.
 379  0.
 380  0.
 381  0.
 382  0.
 383  0.
 384  0.
 385  0.
 386  0.
 387  0.
 388  0.
 389  0.
 390  0.
 391  0.
 392  0.
 393  0.
 394  0.
 395  0.
 396  0.
 397  0.
 398  0.
 399  0.
 400  0.
 401  0.
 402  0.
 403  0.
 404  0.
 405  0.
 406  0.
 407  0.
 408  0.
 409  0.
 410  0.
 411  0.
 412  0.
 413  0.
 414  0.
 415  0.
 416  0.
 417  0.
 418  0.
 419  0.
 420  0.
 421  0.
 422  0.
 423  0.
 424  0.
 425  0.
 426  0.
 427  0.
 428  0.
 429  0.
 430  0.
 431  0.
 432  0.
 433  0.
 434  0.
 435  0.
 436  0.
 437  0.
 438  0.
 439  0.
 440  0.
 441  0.
 442  0.
 443  0.
 444  0.
 445  0.
 446  0.
 447  0.
 448  0.
 449  0.
 450  0.
 451  0.
 452  0.
 453  0.
 454  0.
 455  0.
 456  0.
 457  0.
 458  0.
 459  0.
 460  0.
 461  0.
 462  0.
 463  0.
 464  0.
 465  0.
 466  0.
 467  0.
 468  0.
 469  0.
 470  0.
 471  0.
 472  0.
 473  0.
 474  0.
 475  0.
 476  0.
 477  0.
 478  0.
 479  0.
 480  0.
 481  0.
 482  0.
 483  0.
 484  0.
 485  0.
 486  0.
 487  0.
 488  0.
 489  0.
 490  0.
 491  0.
 492  0.
 493  0.
 494  0.
 495  0.
 496  0.
 497  0.
 498  0.
 499  0.
 500  0.

 1  0.
 2  0.
 3  0.
 4  0.
 5  0.
 6  0.
 7  0.
 8  0.
 9  0.
 10  0.
 11  0.
 12  0.
 13  0.
 14  0.
 15  0.
 16  0.
 17  0.
 18  0.
 19  0.
 20  0.
 21  0.
 22  0.
 23  0.
 24  0.
 25  0.
 26  0.
 27  0.
 28  0.
 29  0.
 30  0.
 31  0.
 32  0.
 33  0.
 34  0.
 35  0.
 36  0.
 37  0.
 38  0.
 39  0.
 40  0.
 41  0.
 42  0.
 43  0.
 44  0.
 45  0.
 46  0.
 47  0.
 48  0.
 49  0.
 50  0.
 51  0.
 52  0.
 53  0.
 54  0.
 55  0.
 56  0.
 57  0.
 58  0.
 59  0.
 60  0.
 61  0.
 62  0.
 63  0.
 64  0.
 65  0.
 66  0.
 67  0.
 68  0.
 69  0.
 70  0.
 71  0.
 72  0.
 73  0.
 74  0.
 75  0.
 76  0.
 77  0.
 78  0.
 79  0.
 80  0.
 81  0.
 82  0.
 83  0.
 84  0.
 85  0.
 86  0.
 87  0.
 88  0.
 89  0.
 90  0.
 91  0.
 92  0.
 93  0.
 94  0.
 95  0.
 96  0.
 97  0.
 98  0.
 99  0.
 100  0.
 101  0.
 102  0.
 103  0.
 104  0.
 105  0.
 106  0.
 107  0.
 108  0.
 109  0.
 110  0.
 111  0.
 112  0.
 113  0.
 114  0.
 115  0.
 116  0.
 117  0.
 118  0.
 119  0.
 120  0.
 121  0.
 122  0.
 123  0.
 124  0.
 125  0.
 126  0.
 127  0.
 128  0.
 129  0.
 130  0.
 131  0.
 132  0.
 133  0.
 134  0.
 135  0.
 136  0.
 137  0.
 138  0.
 139  0.
 140  0.
 141  0.
 142  0.
 143  0.
 144  0.
 145  0.
 146  0.
 147  0.
 148  0.
 149  0.
 150  0.
 151  0.
 152  0.
 153  0.
 154  0.
 155  0.
 156  0.
 157  0.
 158  0.
 159  0.
 160  0.
 161  0.
 162  0.
 163  0.
 164  0.
 165  0.
 166  0.
 167  0.
 168  0.
 169  0.
 170  0.
 171  0.
 172  0.
 173  0.
 174  0.
 175  0.
 176  0.
 177  0.
 178  0.
 179  0.
 180  0.
 181  0.
 182  0.
 183  0.
 184  0.
 185  0.
 186  0.
 187  0.
 188  0.
 189  0.
 190  0.
 191  0.
 192  0.
 193  0.
 194  0.
 195  0.
 196  0.
 197  0.
 198  0.
 199  0.
 200  0.
 201  0.
 202  0.
 203  0.
 204  0.
 205  0.
 206  0.
 207  0.
 208  0.
 209  0.
 210  0.
 211  0.
 212  0.
 213  0.
 214  0.
 215  0.
 216  0.
 217  0.
 218  0.
 219  0.
 220  0.
 221  0.
 222  0.
 223  0.
 224  0.
 225  0.
 226  0.
 227  0.
 228  0.
 229  0.
 230  0.
 231  0.
 232  0.
 233  0.
 234  0.
 235  0.
 236  0.
 237  0.
 238  0.
 239  0.
 240  0.
 241  0.
 242  0.
 243  0.
 244  0.
 245  0.
 246  0.
 247  0.
 248  0.
 249  0.
 250  0.
 251  0.
 252  0.
 253  0.
 254  0.
 255  0.
 256  0.
 257  0.
 258  0.
 259  0.
 260  0.
 261  0.
 262  0.
 263  0.
 264  0.
 265  0.
 266  0.
 267  0.
 268  0.
 269  0.
 270  0.
 271  0.
 272  0.
 273  0.
 274  0.
 275  0.
 276  0.
 277  0.
 278  0.
 279  0.
 280  0.
 281  0.
 282  0.
 283  0.
 284  0.
 285  0.
 286  0.
 287  0.
 288  0.
 289  0.
 290  0.
 291  0.
 292  0.
 293  0.
 294  0.
 295  0.
 296  0.
 297  0.
 298  0.
 299  0.
 300  0.
 301  0.
 302  0.
 303  0.
 304  0.
 305  0.
 306  0.
 307  0.
 308  0.
 309  0.
 310  0.
 311  0.
 312  0.
 313  0.
 314  0.
 315  0.
 316  0.
 317  0.
 318  0.
 319  0.
 320  0.
 321  0.
 322  0.
 323  0.
 324  0.
 325  0.
 326  0.
 327  0.
 328  0.
 329  0.
 330  0.
 331  0.
 332  0.
 333  0.
 334  0.
 335  0.
 336  0.
 337  0.
 338  0.
 339  0.
 340  0.
 341  0.
 342  0.
 343  0.
 344  0.
 345  0.
 346  0.
 347  0.
 348  0.
 349  0.
 350  0.
 351  0.
 352  0.
 353  0.
 354  0.
 355  0.
 356  0.
 357  0.
 358  0.
 359  0.
 360  0.
 361  0.
 362  0.
 363  0.
 364  0.
 365  0.
 366  0.
 367  0.
 368  0.
 369  0.
 370  0.
 371  0.
 372  0.
 373  0.
 374  0.
 375  0.
 376  0.
 377  0.
 378  0.
 379  0.
 380  0.
 381  0.
 382  0.
 383  0.
 384  0.
 385  0.
 386  0.
 387  0.
 388  0.
 389  0.
 390  0.
 391  0.
 392  0.
 393  0.
 394  0.
 395  0.
 396  0.
 397  0.
 398  0.
 399  0.
 400  0.
 401  0.
 402  0.
 403  0.
 404  0.
 405  0.
 406  0.
 407  0.
 408  0.
 409  0.
 410  0.
 411  0.
 412  0.
 413  0.
 414  0.
 415  0.
 416  0.
 417  0.
 418  0.
 419  0.
 420  0.
 421  0.
 422  0.
 423  0.
 424  0.
 425  0.
 426  0.
 427  0.
 428  0.
 429  0.
 430  0.
 431  0.
 432  0.
 433  0.
 434  0.
 435  0.
 436  0.
 437  0.
 438  0.
 439  0.
 440  0.
 441  0.
 442  0.
 443  0.
 444  0.
 445  0.
 446  0.
 447  0.
 448  0.
 449  0.
 450  0.
 451  0.
 452  0.
 453  0.
 454  0.
 455  0.
 456  0.
 457  0.
 458  0.
 459  0.
 460  0.
 461  0.
 462  0.
 463  0.
 464  0.
 465  0.
 466  0.
 467  0.
 468  0.
 469  0.
 470  0.
 471  0.
 472  0.
 473  0.
 474  0.
 475  0.
 476  0.
 477  0.
 478  0.
 479  0.
 480  0.
 481  0.
 482  0.
 483  0.
 484  0.
 485  0.
 486  0.
 487  0.
 488  0.
 489  0.
 490  0.
 491  0.
 492  0.
 493  0.
 494  0.
 495  0.
 496  0.
 497  0.
 498  0.
 499  0.
 500  0.

 1  0.
 2  0.
 3  0.
 4  0.
 5  0.
 6  0.
 7  0.
 8  0.
 9  0.
 10  0.
 11  0.
 12  0.
 13  0.
 14  0.
 15  0.
 16  0.
 17  0.
 18  0.
 19  0.
 20  0.
 21  0.
 22  0.
 23  0.
 24  0.
 25  0.
 26  0.
 27  0.
 28  0.
 29  0.
 30  0.
 31  0.
 32  0.
 33  0.
 34  0.
 35  0.
 36  0.
 37  0.
 38  0.
 39  0.
 40  0.
 41  0.
 42  0.
 43  0.
 44  0.
 45  0.
 46  0.
 47  0.
 48  0.
 49  0.
 50  0.
 51  0.
 52  0.
 53  0.
 54  0.
 55  0.
 56  0.
 57  0.
 58  0.
 59  0.
 60  0.
 61  0.
 62  0.
 63  0.
 64  0.
 65  0.
 66  0.
 67  0.
 68  0.
 69  0.
 70  0.
 71  0.
 72  0.
 73  0.
 74  0.
 75  0.
 76  0.
 77  0.
 78  0.
 79  0.
 80  0.
 81  0.
 82  0.
 83  0.
 84  0.
 85  0.
 86  0.
 87  0.
 88  0.
 89  0.
 90  0.
 91  0.
 92  0.
 93  0.
 94  0.
 95  0.
 96  0.
 97  0.
 98  0.
 99  0.
 100  0.
 101  0.
 102  0.
 103  0.
 104  0.
 105  0.
 106  0.
 107  0.
 108  0.
 109  0.
 110  0.
 111  0.
 112  0.
 113  0.
 114  0.
 115  0.
 116  0.
 117  0.
 118  0.
 119  0.
 120  0.
 121  0.
 122  0.
 123  0.
 124  0.
 125  0.
 126  0.
 127  0.
 128  0.
 129  0.
 130  0.
 131  0.
 132  0.
 133  0.
 134  0.
 135  0.
 136  0.
 137  0.
 138  0.
 139  0.
 140  0.
 141  0.
 142  0.
 143  0.
 144  0.
 145  0.
 146  0.
 147  0.
 148  0.
 149  0.
 150  0.
 151  0.
 152  0.
 153  0.
 154  0.
 155  0.
 156  0.
 157  0.
 158  0.
 159  0.
 160  0.
 161  0.
 162  0.
 163  0.
 164  0.
 165  0.
 166  0.
 167  0.
 168  0.
 169  0.
 170  0.
 171  0.
 172  0.
 173  0.
 174  0.
 175  0.
 176  0.
 177  0.
 178  0.
 179  0.
 180  0.
 181  0.
 182  0.
 183  0.
 184  0.
 185  0.
 186  0.
 187  0.
 188  0.
 189  0.
 190  0.
 191  0.
 192  0.
 193  0.
 194  0.
 195  0.
 196  0.
 197  0.
 198  0.
 199  0.
 200  0.
 201  0.
 202  0.
 203  0.
 204  0.
 205  0.
 206  0.
 207  0.
 208  0.
 209  0.
 210  0.
 211  0.
 212  0.
 213  0.
 214  0.
 215  0.
 216  0.
 217  0.
 218  0.
 219  0.
 220  0.
 221  0.
 222  0.
 223  0.
 224  0.
 225  0.
 226  0.
 227  0.
 228  0.
 229  0.
 230  0.
 231  0.
 232  0.
 233  0.
 234  0.
 235  0.
 236  0.
 237  0.
 238  0.
 239  0.
 240  0.
 241  0.
 242  0.
 243  0.
 244  0.
 245  0.
 246  0.
 247  0.
 248  0.
 249  0.
 250  0.
 251  0.
 252  0.
 253  0.
 254  0.
 255  0.
 256  0.
 257  0.
 258  0.
 259  0.
 260  0.
 261  0.
 262  0.
 263  0.
 264  0.
 265  0.
 266  0.
 267  0.
 268  0.
 269  0.
 270  0.
 271  0.
 272  0.
 273  0.
 274  0.
 275  0.
 276  0.
 277  0.
 278  0.
 279  0.
 280  0.
 281  0.
 282  0.
 283  0.
 284  0.
 285  0.
 286  0.
 287  0.
 288  0.
 289  0.
 290  0.
 291  0.
 292  0.
 293  0.
 294  0.
 295  0.
 296  0.
 297  0.
 298  0.
 299  0.
 300  0.
 301  0.
 302  0.
 303  0.
 304  0.
 305  0.
 306  0.
 307  0.
 308  0.
 309  0.
 310  0.
 311  0.
 312  0.
 313  0.
 314  0.
 315  0.
 316  0.
 317  0.
 318  0.
 319  0.
 320  0.
 321  0.
 322  0.
 323  0.
 324  0.
 325  0.
 326  0.
 327  0.
 328  0.
 329  0.
 330  0.
 331  0.
 332  0.
 333  0.
 334  0.
 335  0.
 336  0.
 337  0.
 338  0.
 339  0.
 340  0.
 341  0.
 342  0.
 343  0.
 344  0.
 345  0.
 346  0.
 347  0.
 348  0.
 349  0.
 350  0.
 351  0.
 352  0.
 353  0.
 354  0.
 355  0.
 356  0.
 357  0.
 358  0.
 359  0.
 360  0.
 361  0.
 362  0.
 363  0.
 364  0.
 365  0.
 366  0.
 367  0.
 368  0.
 369  0.
 370  0.
 371  0.
 372  0.
 373  0.
 374  0.
 375  0.
 376  0.
 377  0.
 378  0.
 379  0.
 380  0.
 381  0.
 382  0.
 383  0.
 384  0.
 385  0.
 386  0.
 387  0.
 388  0.
 389  0.
 390  0.
 391  0.
 392  0.
 393  0.
 394  0.
 395  0.
 396  0.
 397  0.
 398  0.
 399  0.
 400  0.
 401  0.
 402  0.
 403  0.
 404  0.
 405  0.
 406  0.
 407  0.
 408  0.
 409  0.
 410  0.
 411  0.
 412  0.
 413  0.
 414  0.
 415  0.
 416  0.
 417  0.
 418  0.
 419  0.
 420  0.
 421  0.
 422  0.
 423  0.
 424  0.
 425  0.
 426  0.
 427  0.
 428  0.
 429  0.
 430  0.
 431  0.
 432  0.
 433  0.
 434  0.
 435  0.
 436  0.
 437  0.
 438  0.
 439  0.
 440  0.
 441  0.
 442  0.
 443  0.
 444  0.
 445  0.
 446  0.
 447  0.
 448  0.
 449  0.
 450  0.
 451  0.
 452  0.
 453  0.
 454  0.
 455  0.
 456  0.
 457  0.
 458  0.
 459  0.
 460  0.
 461  0.
 462  0.
 463  0.
 464  0.
 465  0.
 466  0.
 467  0.
 468  0.
 469  0.
 470  0.
 471  0.
 472  0.
 473  0.
 474  0.
 475  0.
 476  0.
 477  0.
 478  0.
 479  0.
 480  0.
 481  0.
 482  0.
 483  0.
 484  0.
 485  0.
 486  0.
 487  0.
 488  0.
 489  0.
 490  0.
 491  0.
 492  0.
 493  0.
 494  0.
 495  0.
 496  0.
 497  0.
 498  0.
 499  0.
 500  0.

 1  0.
 2  0.
 3  0.
 4  0.
 5  0.
 6  0.
 7  0.
 8  0.
 9  0.
 10  0.
 11  0.
 12  0.
 13  0.
 14  0.
 15  0.
 16  0.
 17  0.
 18  0.
 19  0.
 20  0.
 21  0.
 22  0.
 23  0.
 24  0.
 25  0.
 26  0.
 27  0.
 28  0.
 29  0.
 30  0.
 31  0.
 32  0.
 33  0.
 34  0.
 35  0.
 36  0.
 37  0.
 38  0.
 39  0.
 40  0.
 41  0.
 42  0.
 43  0.
 44  0.
 45  0.
 46  0.
 47  0.
 48  0.
 49  0.
 50  0.
 51  0.
 52  0.
 53  0.
 54  0.
 55  0.
 56  0.
 57  0.
 58  0.
 59  0.
 60  0.
 61  0.
 62  0.
 63  0.
 64  0.
 65  0.
 66  0.
 67  0.
 68  0.
 69  0.
 70  0.
 71  0.
 72  0.
 73  0.
 74  0.
 75  0.
 76  0.
 77  0.
 78  0.
 79  0.
 80  0.
 81  0.
 82  0.
 83  0.
 84  0.
 85  0.
 86  0.
 87  0.
 88  0.
 89  0.
 90  0.
 91  0.
 92  0.
 93  0.
 94  0.
 95  0.
 96  0.
 97  0.
 98  0.
 99  0.
 100  0.
 101  0.
 102  0.
 103  0.
 104  0.
 105  0.
 106  0.
 107  0.
 108  0.
 109  0.
 110  0.
 111  0.
 112  0.
 113  0.
 114  0.
 115  0.
 116  0.
 117  0.
 118  0.
 119  0.
 120  0.
 121  0.
 122  0.
 123  0.
 124  0.
 125  0.
 126  0.
 127  0.
 128  0.
 129  0.
 130  0.
 131  0.
 132  0.
 133  0.
 134  0.
 135  0.
 136  0.
 137  0.
 138  0.
 139  0.
 140  0.
 141  0.
 142  0.
 143  0.
 144  0.
 145  0.
 146  0.
 147  0.
 148  0.
 149  0.
 150  0.
 151  0.
 152  0.
 153  0.
 154  0.
 155  0.
 156  0.
 157  0.
 158  0.
 159  0.
 160  0.
 161  0.
 162  0.
 163  0.
 164  0.
 165  0.
 166  0.
 167  0.
 168  0.
 169  0.
 170  0.
 171  0.
 172  0.
 173  0.
 174  0.
 175  0.
 176  0.
 177  0.
 178  0.
 179  0.
 180  0.
 181  0.
 182  0.
 183  0.
 184  0.
 185  0.
 186  0.
 187  0.
 188  0.
 189  0.
 190  0.
 191  0.
 192  0.
 193  0.
 194  0.
 195  0.
 196  0.
 197  0.
 198  0.
 199  0.
 200  0.
 201  0.
 202  0.
 203  0.
 204  0.
 205  0.
 206  0.
 207  0.
 208  0.
 209  0.
 210  0.
 211  0.
 212  0.
 213  0.
 214  0.
 215  0.
 216  0.
 217  0.
 218  0.
 219  0.
 220  0.
 221  0.
 222  0.
 223  0.
 224  0.
 225  0.
 226  0.
 227  0.
 228  0.
 229  0.
 230  0.
 231  0.
 232  0.
 233  0.
 234  0.
 235  0.
 236  0.
 237  0.
 238  0.
 239  0.
 240  0.
 241  0.
 242  0.
 243  0.
 244  0.
 245  0.
 246  0.
 247  0.
 248  0.
 249  0.
 250  0.
 251  0.
 252  0.
 253  0.
 254  0.
 255  0.
 256  0.
 257  0.
 258  0.
 259  0.
 260  0.
 261  0.
 262  0.
 263  0.
 264  0.
 265  0.
 266  0.
 267  0.
 268  0.
 269  0.
 270  0.
 271  0.
 272  0.
 273  0.
 274  0.
 275  0.
 276  0.
 277  0.
 278  0.
 279  0.
 280  0.
 281  0.
 282  0.
 283  0.
 284  0.
 285  0.
 286  0.
 287  0.
 288  0.
 289  0.
 290  0.
 291  0.
 292  0.
 293  0.
 294  0.
 295  0.
 296  0.
 297  0.
 298  0.
 299  0.
 300  0.
 301  0.
 302  0.
 303  0.
 304  0.
 305  0.
 306  0.
 307  0.
 308  0.
 309  0.
 310  0.
 311  0.
 312  0.
 313  0.
 314  0.
 315  0.
 316  0.
 317  0.
 318  0.
 319  0.
 320  0.
 321  0.
 322  0.
 323  0.
 324  0.
 325  0.
 326  0.
 327  0.
 328  0.
 329  0.
 330  0.
 331  0.
 332  0.
 333  0.
 334  0.
 335  0.
 336  0.
 337  0.
 338  0.
 339  0.
 340  0.
 341  0.
 342  0.
 343  0.
 344  0.
 345  0.
 346  0.
 347  0.
 348  0.
 349  0.
 350  0.
 351  0.
 352  0.
 353  0.
 354  0.
 355  0.
 356  0.
 357  0.
 358  0.
 359  0.
 360  0.
 361  0.
 362  0.
 363  0.
 364  0.
 365  0.
 366  0.
 367  0.
 368  0.
 369  0.
 370  0.
 371  0.
 372  0.
 373  0.
 374  0.
 375  0.
 376  0.
 377  0.
 378  0.
 379  0.
 380  0.
 381  0.
 382  0.
 383  0.
 384  0.
 385  0.
 386  0.
 387  0.
 388  0.
 389  0.
 390  0.
 391  0.
 392  0.
 393  0.
 394  0.
 395  0.
 396  0.
 397  0.
 398  0.
 399  0.
 400  0.
 401  0.
 402  0.
 403  0.
 404  0.
 405  0.
 406  0.
 407  0.
 408  0.
 409  0.
 410  0.
 411  0.
 412  0.
 413  0.
 414  0.
 415  0.
 416  0.
 417  0.
 418  0.
 419  0.
 420  0.
 421  0.
 422  0.
 423  0.
 424  0.
 425  0.
 426  0.
 427  0.
 428  0.
 429  0.
 430  0.
 431  0.
 432  0.
 433  0.
 434  0.
 435  0.
 436  0.
 437  0.
 438  0.
 439  0.
 440  0.
 441  0.
 442  0.
 443  0.
 444  0.
 445  0.
 446  0.
 447  0.
 448  0.
 449  0.
 450  0.
 451  0.
 452  0.
 453  0.
 454  0.
 455  0.
 456  0.
 457  0.
 458  0.
 459  0.
 460  0.
 461  0.
 462  0.
 463  0.
 464  0.
 465  0.
 466  0.
 467  0.
 468  0.
 469  0.
 470  0.
 471  0.
 472  0.
 473  0.
 474  0.
 475  0.
 476  0.
 477  0.
 478  0.
 479  0.
 480  0.
 481  0.
 482  0.
 483  0.
 484  0.
 485  0.
 486  0.
 487  0.
 488  0.
 489  0.
 490  0.
 491  0.
 492  0.
 493  0.
 494  0.
 495  0.
 496  0.
 497  0.
 498  0.
 499  0.
 500  0.

 1  0.
 2  0.
 3  0.
 4  0.
 5  0.
 6  0.
 7  0.
 8  0.
 9  0.
 10  0.
 11  0.
 12  0.
 13  0.
 14  0.
 15  0.
 16  0.
 17  0.
 18  0.
 19  0.
 20  0.
 21  0.
 22  0.
 23  0.
 24  0.
 25  0.
 26  0.
 27  0.
 28  0.
 29  0.
 30  0.
 31  0.
 32  0.
 33  0.
 34  0.
 35  0.
 36  0.
 37  0.
 38  0.
 39  0.
 40  0.
 41  0.
 42  0.
 43  0.
 44  0.
 45  0.
 46  0.
 47  0.
 48  0.
 49  0.
 50  0.
 51  0.
 52  0.
 53  0.
 54  0.
 55  0.
 56  0.
 57  0.
 58  0.
 59  0.
 60  0.
 61  0.
 62  0.
 63  0.
 64  0.
 65  0.
 66  0.
 67  0.
 68  0.
 69  0.
 70  0.
 71  0.
 72  0.
 73  0.
 74  0.
 75  0.
 76  0.
 77  0.
 78  0.
 79  0.
 80  0.
 81  0.
 82  0.
 83  0.
 84  0.
 85  0.
 86  0.
 87  0.
 88  0.
 89  0.
 90  0.
 91  0.
 92  0.
 93  0.
 94  0.
 95  0.
 96  0.
 97  0.
 98  0.
 99  0.
 100  0.
 101  0.
 102  0.
 103  0.
 104  0.
 105  0.
 106  0.
 107  0.
 108  0.
 109  0.
 110  0.
 111  0.
 112  0.
 113  0.
 114  0.
 115  0.
 116  0.
 117  0.
 118  0.
 119  0.
 120  0.
 121  0.
 122  0.
 123  0.
 124  0.
 125  0.
 126  0.
 127  0.
 128  0.
 129  0.
 130  0.
 131  0.
 132  0.
 133  0.
 134  0.
 135  0.
 136  0.
 137  0.
 138  0.
 139  0.
 140  0.
 141  0.
 142  0.
 143  0.
 144  0.
 145  0.
 146  0.
 147  0.
 148  0.
 149  0.
 150  0.
 151  0.
 152  0.
 153  0.
 154  0.
 155  0.
 156  0.
 157  0.
 158  0.
 159  0.
 160  0.
 161  0.
 162  0.
 163  0.
 164  0.
 165  0.
 166  0.
 167  0.
 168  0.
 169  0.
 170  0.
 171  0.
 172  0.
 173  0.
 174  0.
 175  0.
 176  0.
 177  0.
 178  0.
 179  0.
 180  0.
 181  0.
 182  0.
 183  0.
 184  0.
 185  0.
 186  0.
 187  0.
 188  0.
 189  0.
 190  0.
 191  0.
 192  0.
 193  0.
 194  0.
 195  0.
 196  0.
 197  0.
 198  0.
 199  0.
 200  0.
 201  0.
 202  0.
 203  0.
 204  0.
 205  0.
 206  0.
 207  0.
 208  0.
 209  0.
 210  0.
 211  0.
 212  0.
 213  0.
 214  0.
 215  0.
 216  0.
 217  0.
 218  0.
 219  0.
 220  0.
 221  0.
 222  0.
 223  0.
 224  0.
 225  0.
 226  0.
 227  0.
 228  0.
 229  0.
 230  0.
 231  0.
 232  0.
 233  0.
 234  0.
 235  0.
 236  0.
 237  0.
 238  0.
 239  0.
 240  0.
 241  0.
 242  0.
 243  0.
 244  0.
 245  0.
 246  0.
 247  0.
 248  0.
 249  0.
 250  0.
 251  0.
 252  0.
 253  0.
 254  0.
 255  0.
 256  0.
 257  0.
 258  0.
 259  0.
 260  0.
 261  0.
 262  0.
 263  0.
 264  0.
 265  0.
 266  0.
 267  0.
 268  0.
 269  0.
 270  0.
 271  0.
 272  0.
 273  0.
 274  0.
 275  0.
 276  0.
 277  0.
 278  0.
 279  0.
 280  0.
 281  0.
 282  0.
 283  0.
 284  0.
 285  0.
 286  0.
 287  0.
 288  0.
 289  0.
 290  0.
 291  0.
 292  0.
 293  0.
 294  0.
 295  0.
 296  0.
 297  0.
 298  0.
 299  0.
 300  0.
 301  0.
 302  0.
 303  0.
 304  0.
 305  0.
 306  0.
 307  0.
 308  0.
 309  0.
 310  0.
 311  0.
 312  0.
 313  0.
 314  0.
 315  0.
 316  0.
 317  0.
 318  0.
 319  0.
 320  0.
 321  0.
 322  0.
 323  0.
 324  0.
 325  0.
 326  0.
 327  0.
 328  0.
 329  0.
 330  0.
 331  0.
 332  0.
 333  0.
 334  0.
 335  0.
 336  0.
 337  0.
 338  0.
 339  0.
 340  0.
 341  0.
 342  0.
 343  0.
 344  0.
 345  0.
 346  0.
 347  0.
 348  0.
 349  0.
 350  0.
 351  0.
 352  0.
 353  0.
 354  0.
 355  0.
 356  0.
 357  0.
 358  0.
 359  0.
 360  0.
 361  0.
 362  0.
 363  0.
 364  0.
 365  0.
 366  0.
 367  0.
 368  0.
 369  0.
 370  0.
 371  0.
 372  0.
 373  0.
 374  0.
 375  0.
 376  0.
 377  0.
 378  0.
 379  0.
 380  0.
 381  0.
 382  0.
 383  0.
 384  0.
 385  0.
 386  0.
 387  0.
 388  0.
 389  0.
 390  0.
 391  0.
 392  0.
 393  0.
 394  0.
 395  0.
 396  0.
 397  0.
 398  0.
 399  0.
 400  0.
 401  0.
 402  0.
 403  0.
 404  0.
 405  0.
 406  0.
 407  0.
 408  0.
 409  0.
 410  0.
 411  0.
 412  0.
 413  0.
 414  0.
 415  0.
 416  0.
 417  0.
 418  0.
 419  0.
 420  0.
 421  0.
 422  0.
 423  0.
 424  0.
 425  0.
 426  0.
 427  0.
 428  0.
 429  0.
 430  0.
 431  0.
 432  0.
 433  0.
 434  0.
 435  0.
 436  0.
 437  0.
 438  0.
 439  0.
 440  0.
 441  0.
 442  0.
 443  0.
 444  0.
 445  0.
 446  0.
 447  0.
 448  0.
 449  0.
 450  0.
 451  0.
 452  0.
 453  0.
 454  0.
 455  0.
 456  0.
 457  0.
 458  0.
 459  0.
 460  0.
 461  0.
 462  0.
 463  0.
 464  0.
 465  0.
 466  0.
 467  0.
 468  0.
 469  0.
 470  0.
 471  0.
 472  0.
 473  0.
 474  0.
 475  0.
 476  0.
 477  0.
 478  0.
 479  0.
 480  0.
 481  0.
 482  0.
 483  0.
 484  0.
 485  0.
 486  0.
 487  0.
 488  0.
 489  0.
 490  0.
 491  0.
 492  0.
 493  0.
 494  0.
 495  0.
 496  0.
 497  0.
 498  0.
 499  0.
 500  0.

 1  0.
 2  0.
 3  0.
 4  0.
 5  0.
 6  0.
 7  0.
 8  0.
 9  0.
 10  0.
 11  0.
 12  0.
 13  0.
 14  0.
 15  0.
 16  0.
 17  0.
 18  0.
 19  0.
 20  0.
 21  0.
 22  0.
 23  0.
 24  0.
 25  0.
 26  0.
 27  0.
 28  0.
 29  0.
 30  0.
 31  0.
 32  0.
 33  0.
 34  0.
 35  0.
 36  0.
 37  0.
 38  0.
 39  0.
 40  0.
 41  0.
 42  0.
 43  0.
 44  0.
 45  0.
 46  0.
 47  0.
 48  0.
 49  0.
 50  0.
 51  0.
 52  0.
 53  0.
 54  0.
 55  0.
 56  0.
 57  0.
 58  0.
 59  0.
 60  0.
 61  0.
 62  0.
 63  0.
 64  0.
 65  0.
 66  0.
 67  0.
 68  0.
 69  0.
 70  0.
 71  0.
 72  0.
 73  0.
 74  0.
 75  0.
 76  0.
 77  0.
 78  0.
 79  0.
 80  0.
 81  0.
 82  0.
 83  0.
 84  0.
 85  0.
 86  0.
 87  0.
 88  0.
 89  0.
 90  0.
 91  0.
 92  0.
 93  0.
 94  0.
 95  0.
 96  0.
 97  0.
 98  0.
 99  0.
 100  0.
 101  0.
 102  0.
 103  0.
 104  0.
 105  0.
 106  0.
 107  0.
 108  0.
 109  0.
 110  0.
 111  0.
 112  0.
 113  0.
 114  0.
 115  0.
 116  0.
 117  0.
 118  0.
 119  0.
 120  0.
 121  0.
 122  0.
 123  0.
 124  0.
 125  0.
 126  0.
 127  0.
 128  0.
 129  0.
 130  0.
 131  0.
 132  0.
 133  0.
 134  0.
 135  0.
 136  0.
 137  0.
 138  0.
 139  0.
 140  0.
 141  0.
 142  0.
 143  0.
 144  0.
 145  0.
 146  0.
 147  0.
 148  0.
 149  0.
 150  0.
 151  0.
 152  0.
 153  0.
 154  0.
 155  0.
 156  0.
 157  0.
 158  0.
 159  0.
 160  0.
 161  0.
 162  0.
 163  0.
 164  0.
 165  0.
 166  0.
 167  0.
 168  0.
 169  0.
 170  0.
 171  0.
 172  0.
 173  0.
 174  0.
 175  0.
 176  0.
 177  0.
 178  0.
 179  0.
 180  0.
 181  0.
 182  0.
 183  0.
 184  0.
 185  0.
 186  0.
 187  0.
 188  0.
 189  0.
 190  0.
 191  0.
 192  0.
 193  0.
 194  0.
 195  0.
 196  0.
 197  0.
 198  0.
 199  0.
 200  0.
 201  0.
 202  0.
 203  0.
 204  0.
 205  0.
 206  0.
 207  0.
 208  0.
 209  0.
 210  0.
 211  0.
 212  0.
 213  0.
 214  0.
 215  0.
 216  0.
 217  0.
 218  0.
 219  0.
 220  0.
 221  0.
 222  0.
 223  0.
 224  0.
 225  0.
 226  0.
 227  0.
 228  0.
 229  0.
 230  0.
 231  0.
 232  0.
 233  0.
 234  0.
 235  0.
 236  0.
 237  0.
 238  0.
 239  0.
 240  0.
 241  0.
 242  0.
 243  0.
 244  0.
 245  0.
 246  0.
 247  0.
 248  0.
 249  0.
 250  0.
 251  0.
 252  0.
 253  0.
 254  0.
 255  0.
 256  0.
 257  0.
 258  0.
 259  0.
 260  0.
 261  0.
 262  0.
 263  0.
 264  0.
 265  0.
 266  0.
 267  0.
 268  0.
 269  0.
 270  0.
 271  0.
 272  0.
 273  0.
 274  0.
 275  0.
 276  0.
 277  0.
 278  0.
 279  0.
 280  0.
 281  0.
 282  0.
 283  0.
 284  0.
 285  0.
 286  0.
 287  0.
 288  0.
 289  0.
 290  0.
 291  0.
 292  0.
 293  0.
 294  0.
 295  0.
 296  0.
 297  0.
 298  0.
 299  0.
 300  0.
 301  0.
 302  0.
 303  0.
 304  0.
 305  0.
 306  0.
 307  0.
 308  0.
 309  0.
 310  0.
 311  0.
 312  0.
 313  0.
 314  0.
 315  0.
 316  0.
 317  0.
 318  0.
 319  0.
 320  0.
 321  0.
 322  0.
 323  0.
 324  0.
 325  0.
 326  0.
 327  0.
 328  0.
 329  0.
 330  0.
 331  0.
 332  0.
 333  0.
 334  0.
 335  0.
 336  0.
 337  0.
 338  0.
 339  0.
 340  0.
 341  0.
 342  0.
 343  0.
 344  0.
 345  0.
 346  0.
 347  0.
 348  0.
 349  0.
 350  0.
 351  0.
 352  0.
 353  0.
 354  0.
 355  0.
 356  0.
 357  0.
 358  0.
 359  0.
 360  0.
 361  0.
 362  0.
 363  0.
 364  0.
 365  0.
 366  0.
 367  0.
 368  0.
 369  0.
 370  0.
 371  0.
 372  0.
 373  0.
 374  0.
 375  0.
 376  0.
 377  0.
 378  0.
 379  0.
 380  0.
 381  0.
 382  0.
 383  0.
 384  0.
 385  0.
 386  0.
 387  0.
 388  0.
 389  0.
 390  0.
 391  0.
 392  0.
 393  0.
 394  0.
 395  0.
 396  0.
 397  0.
 398  0.
 399  0.
 400  0.
 401  0.
 402  0.
 403  0.
 404  0.
 405  0.
 406  0.
 407  0.
 408  0.
 409  0.
 410  0.
 411  0.
 412  0.
 413  0.
 414  0.
 415  0.
 416  0.
 417  0.
 418  0.
 419  0.
 420  0.
 421  0.
 422  0.
 423  0.
 424  0.
 425  0.
 426  0.
 427  0.
 428  0.
 429  0.
 430  0.
 431  0.
 432  0.
 433  0.
 434  0.
 435  0.
 436  0.
 437  0.
 438  0.
 439  0.
 440  0.
 441  0.
 442  0.
 443  0.
 444  0.
 445  0.
 446  0.
 447  0.
 448  0.
 449  0.
 450  0.
 451  0.
 452  0.
 453  0.
 454  0.
 455  0.
 456  0.
 457  0.
 458  0.
 459  0.
 460  0.
 461  0.
 462  0.
 463  0.
 464  0.
 465  0.
 466  0.
 467  0.
 468  0.
 469  0.
 470  0.
 471  0.
 472  0.
 473  0.
 474  0.
 475  0.
 476  0.
 477  0.
 478  0.
 479  0.
 480  0.
 481  0.
 482  0.
 483  0.
 484  0.
 485  0.
 486  0.
 487  0.
 488  0.
 489  0.
 490  0.
 491  0.
 492  0.
 493  0.
 494  0.
 495  0.
 496  0.
 497  0.
 498  0.
 499  0.
 500  0.

 1  0.
 2  0.
 3  0.
 4  0.
 5  0.
 6  0.
 7  0.
 8  0.
 9  0.
 10  0.
 11  0.
 12  0.
 13  0.
 14  0.
 15  0.
 16  0.
 17  0.
 18  0.
 19  0.
 20  0.
 21  0.
 22  0.
 23  0.
 24  0.
 25  0.
 26  0.
 27  0.
 28  0.
 29  0.
 30  0.
 31  0.
 32  0.
 33  0.
 34  0.
 35  0.
 36  0.
 37  0.
 38  0.
 39  0.
 40  0.
 41  0.
 42  0.
 43  0.
 44  0.
 45  0.
 46  0.
 47  0.
 48  0.
 49  0.
 50  0.
 51  0.
 52  0.
 53  0.
 54  0.
 55  0.
 56  0.
 57  0.
 58  0.
 59  0.
 60  0.
 61  0.
 62  0.
 63  0.
 64  0.
 65  0.
 66  0.
 67  0.
 68  0.
 69  0.
 70  0.
 71  0.
 72  0.
 73  0.
 74  0.
 75  0.
 76  0.
 77  0.
 78  0.
 79  0.
 80  0.
 81  0.
 82  0.
 83  0.
 84  0.
 85  0.
 86  0.
 87  0.
 88  0.
 89  0.
 90  0.
 91  0.
 92  0.
 93  0.
 94  0.
 95  0.
 96  0.
 97  0.
 98  0.
 99  0.
 100  0.
 101  0.
 102  0.
 103  0.
 104  0.
 105  0.
 106  0.
 107  0.
 108  0.
 109  0.
 110  0.
 111  0.
 112  0.
 113  0.
 114  0.
 115  0.
 116  0.
 117  0.
 118  0.
 119  0.
 120  0.
 121  0.
 122  0.
 123  0.
 124  0.
 125  0.
 126  0.
 127  0.
 128  0.
 129  0.
 130  0.
 131  0.
 132  0.
 133  0.
 134  0.
 135  0.
 136  0.
 137  0.
 138  0.
 139  0.
 140  0.
 141  0.
 142  0.
 143  0.
 144  0.
 145  0.
 146  0.
 147  0.
 148  0.
 149  0.
 150  0.
 151  0.
 152  0.
 153  0.
 154  0.
 155  0.
 156  0.
 157  0.
 158  0.
 159  0.
 160  0.
 161  0.
 162  0.
 163  0.
 164  0.
 165  0.
 166  0.
 167  0.
 168  0.
 169  0.
 170  0.
 171  0.
 172  0.
 173  0.
 174  0.
 175  0.
 176  0.
 177  0.
 178  0.
 179  0.
 180  0.
 181  0.
 182  0.
 183  0.
 184  0.
 185  0.
 186  0.
 187  0.
 188  0.
 189  0.
 190  0.
 191  0.
 192  0.
 193  0.
 194  0.
 195  0.
 196  0.
 197  0.
 198  0.
 199  0.
 200  0.
 201  0.
 202  0.
 203  0.
 204  0.
 205  0.
 206  0.
 207  0.
 208  0.
 209  0.
 210  0.
 211  0.
 212  0.
 213  0.
 214  0.
 215  0.
 216  0.
 217  0.
 218  0.
 219  0.
 220  0.
 221  0.
 222  0.
 223  0.
 224  0.
 225  0.
 226  0.
 227  0.
 228  0.
 229  0.
 230  0.
 231  0.
 232  0.
 233  0.
 234  0.
 235  0.
 236  0.
 237  0.
 238  0.
 239  0.
 240  0.
 241  0.
 242  0.
 243  0.
 244  0.
 245  0.
 246  0.
 247  0.
 248  0.
 249  0.
 250  0.
 251  0.
 252  0.
 253  0.
 254  0.
 255  0.
 256  0.
 257  0.
 258  0.
 259  0.
 260  0.
 261  0.
 262  0.
 263  0.
 264  0.
 265  0.
 266  0.
 267  0.
 268  0.
 269  0.
 270  0.
 271  0.
 272  0.
 273  0.
 274  0.
 275  0.
 276  0.
 277  0.
 278  0.
 279  0.
 280  0.
 281  0.
 282  0.
 283  0.
 284  0.
 285  0.
 286  0.
 287  0.
 288  0.
 289  0.
 290  0.
 291  0.
 292  0.
 293  0.
 294  0.
 295  0.
 296  0.
 297  0.
 298  0.
 299  0.
 300  0.
 301  0.
 302  0.
 303  0.
 304  0.
 305  0.
 306  0.
 307  0.
 308  0.
 309  0.
 310  0.
 311  0.
 312  0.
 313  0.
 314  0.
 315  0.
 316  0.
 317  0.
 318  0.
 319  0.
 320  0.
 321  0.
 322  0.
 323  0.
 324  0.
 325  0.
 326  0.
 327  0.
 328  0.
 329  0.
 330  0.
 331  0.
 332  0.
 333  0.
 334  0.
 335  0.
 336  0.
 337  0.
 338  0.
 339  0.
 340  0.
 341  0.
 342  0.
 343  0.
 344  0.
 345  0.
 346  0.
 347  0.
 348  0.
 349  0.
 350  0.
 351  0.
 352  0.
 353  0.
 354  0.
 355  0.
 356  0.
 357  0.
 358  0.
 359  0.
 360  0.
 361  0.
 362  0.
 363  0.
 364  0.
 365  0.
 366  0.
 367  0.
 368  0.
 369  0.
 370  0.
 371  0.
 372  0.
 373  0.
 374  0.
 375  0.
 376  0.
 377  0.
 378  0.
 379  0.
 380  0.
 381  0.
 382  0.
 383  0.
 384  0.
 385  0.
 386  0.
 387  0.
 388  0.
 389  0.
 390  0.
 391  0.
 392  0.
 393  0.
 394  0.
 395  0.
 396  0.
 397  0.
 398  0.
 399  0.
 400  0.
 401  0.
 402  0.
 403  0.
 404  0.
 405  0.
 406  0.
 407  0.
 408  0.
 409  0.
 410  0.
 411  0.
 412  0.
 413  0.
 414  0.
 415  0.
 416  0.
 417  0.
 418  0.
 419  0.
 420  0.
 421  0.
 422  0.
 423  0.
 424  0.
 425  0.
 426  0.
 427  0.
 428  0.
 429  0.
 430  0.
 431  0.
 432  0.
 433  0.
 434  0.
 435  0.
 436  0.
 437  0.
 438  0.
 439  0.
 440  0.
 441  0.
 442  0.
 443  0.
 444  0.
 445  0.
 446  0.
 447  0.
 448  0.
 449  0.
 450  0.
 451  0.
 452  0.
 453  0.
 454  0.
 455  0.
 456  0.
 457  0.
 458  0.
 459  0.
 460  0.
 461  0.
 462  0.
 463  0.
 464  0.
 465  0.
 466  0.
 467  0.
 468  0.
 469  0.
 470  0.
 471  0.
 472  0.
 473  0.
 474  0.
 475  0.
 476  0.
 477  0.
 478  0.
 479  0.
 480  0.
 481  0.
 482  0.
 483  0.
 484  0.
 485  0.
 486  0.
 487  0.
 488  0.
 489  0.
 490  0.
 491  0.
 492  0.
 493  0.
 494  0.
 495  0.
 496  0.
 497  0.
 498  0.
 499  0.
 500  0.

 1  0.
 2  0.
 3  0.
 4  0.
 5  0.
 6  0.
 7  0.
 8  0.
 9  0.
 10  0.
 11  0.
 12  0.
 13  0.
 14  0.
 15  0.
 16  0.
 17  0.
 18  0.
 19  0.
 20  0.
 21  0.
 22  0.
 23  0.
 24  0.
 25  0.
 26  0.
 27  0.
 28  0.
 29  0.
 30  0.
 31  0.
 32  0.
 33  0.
 34  0.
 35  0.
 36  0.
 37  0.
 38  0.
 39  0.
 40  0.
 41  0.
 42  0.
 43  0.
 44  0.
 45  0.
 46  0.
 47  0.
 48  0.
 49  0.
 50  0.
 51  0.
 52  0.
 53  0.
 54  0.
 55  0.
 56  0.
 57  0.
 58  0.
 59  0.
 60  0.
 61  0.
 62  0.
 63  0.
 64  0.
 65  0.
 66  0.
 67  0.
 68  0.
 69  0.
 70  0.
 71  0.
 72  0.
 73  0.
 74  0.
 75  0.
 76  0.
 77  0.
 78  0.
 79  0.
 80  0.
 81  0.
 82  0.
 83  0.
 84  0.
 85  0.
 86  0.
 87  0.
 88  0.
 89  0.
 90  0.
 91  0.
 92  0.
 93  0.
 94  0.
 95  0.
 96  0.
 97  0.
 98  0.
 99  0.
 100  0.
 101  0.
 102  0.
 103  0.
 104  0.
 105  0.
 106  0.
 107  0.
 108  0.
 109  0.
 110  0.
 111  0.
 112  0.
 113  0.
 114  0.
 115  0.
 116  0.
 117  0.
 118  0.
 119  0.
 120  0.
 121  0.
 122  0.
 123  0.
 124  0.
 125  0.
 126  0.
 127  0.
 128  0.
 129  0.
 130  0.
 131  0.
 132  0.
 133  0.
 134  0.
 135  0.
 136  0.
 137  0.
 138  0.
 139  0.
 140  0.
 141  0.
 142  0.
 143  0.
 144  0.
 145  0.
 146  0.
 147  0.
 148  0.
 149  0.
 150  0.
 151  0.
 152  0.
 153  0.
 154  0.
 155  0.
 156  0.
 157  0.
 158  0.
 159  0.
 160  0.
 161  0.
 162  0.
 163  0.
 164  0.
 165  0.
 166  0.
 167  0.
 168  0.
 169  0.
 170  0.
 171  0.
 172  0.
 173  0.
 174  0.
 175  0.
 176  0.
 177  0.
 178  0.
 179  0.
 180  0.
 181  0.
 182  0.
 183  0.
 184  0.
 185  0.
 186  0.
 187  0.
 188  0.
 189  0.
 190  0.
 191  0.
 192  0.
 193  0.
 194  0.
 195  0.
 196  0.
 197  0.
 198  0.
 199  0.
 200  0.
 201  0.
 202  0.
 203  0.
 204  0.
 205  0.
 206  0.
 207  0.
 208  0.
 209  0.
 210  0.
 211  0.
 212  0.
 213  0.
 214  0.
 215  0.
 216  0.
 217  0.
 218  0.
 219  0.
 220  0.
 221  0.
 222  0.
 223  0.
 224  0.
 225  0.
 226  0.
 227  0.
 228  0.
 229  0.
 230  0.
 231  0.
 232  0.
 233  0.
 234  0.
 235  0.
 236  0.
 237  0.
 238  0.
 239  0.
 240  0.
 241  0.
 242  0.
 243  0.
 244  0.
 245  0.
 246  0.
 247  0.
 248  0.
 249  0.
 250  0.
 251  0.
 252  0.
 253  0.
 254  0.
 255  0.
 256  0.
 257  0.
 258  0.
 259  0.
 260  0.
 261  0.
 262  0.
 263  0.
 264  0.
 265  0.
 266  0.
 267  0.
 268  0.
 269  0.
 270  0.
 271  0.
 272  0.
 273  0.
 274  0.
 275  0.
 276  0.
 277  0.
 278  0.
 279  0.
 280  0.
 281  0.
 282  0.
 283  0.
 284  0.
 285  0.
 286  0.
 287  0.
 288  0.
 289  0.
 290  0.
 291  0.
 292  0.
 293  0.
 294  0.
 295  0.
 296  0.
 297  0.
 298  0.
 299  0.
 300  0.
 301  0.
 302  0.
 303  0.
 304  0.
 305  0.
 306  0.
 307  0.
 308  0.
 309  0.
 310  0.
 311  0.
 312  0.
 313  0.
 314  0.
 315  0.
 316  0.
 317  0.
 318  0.
 319  0.
 320  0.
 321  0.
 322  0.
 323  0.
 324  0.
 325  0.
 326  0.
 327  0.
 328  0.
 329  0.
 330  0.
 331  0.
 332  0.
 333  0.
 334  0.
 335  0.
 336  0.
 337  0.
 338  0.
 339  0.
 340  0.
 341  0.
 342  0.
 343  0.
 344  0.
 345  0.
 346  0.
 347  0.
 348  0.
 349  0.
 350  0.
 351  0.
 352  0.
 353  0.
 354  0.
 355  0.
 356  0.
 357  0.
 358  0.
 359  0.
 360  0.
 361  0.
 362  0.
 363  0.
 364  0.
 365  0.
 366  0.
 367  0.
 368  0.
 369  0.
 370  0.
 371  0.
 372  0.
 373  0.
 374  0.
 375  0.
 376  0.
 377  0.
 378  0.
 379  0.
 380  0.
 381  0.
 382  0.
 383  0.
 384  0.
 385  0.
 386  0.
 387  0.
 388  0.
 389  0.
 390  0.
 391  0.
 392  0.
 393  0.
 394  0.
 395  0.
 396  0.
 397  0.
 398  0.
 399  0.
 400  0.
 401  0.
 402  0.
 403  0.
 404  0.
 405  0.
 406  0.
 407  0.
 408  0.
 409  0.
 410  0.
 411  0.
 412  0.
 413  0.
 414  0.
 415  0.
 416  0.
 417  0.
 418  0.
 419  0.
 420  0.
 421  0.
 422  0.
 423  0.
 424  0.
 425  0.
 426  0.
 427  0.
 428  0.
 429  0.
 430  0.
 431  0.
 432  0.
 433  0.
 434  0.
 435  0.
 436  0.
 437  0.
 438  0.
 439  0.
 440  0.
 441  0.
 442  0.
 443  0.
 444  0.
 445  0.
 446  0.
 447  0.
 448  0.
 449  0.
 450  0.
 451  0.
 452  0.
 453  0.
 454  0.
 455  0.
 456  0.
 457  0.
 458  0.
 459  0.
 460  0.
 461  0.
 462  0.
 463  0.
 464  0.
 465  0.
 466  0.
 467  0.
 468  0.
 469  0.
 470  0.
 471  0.
 472  0.
 473  0.
 474  0.
 475  0.
 476  0.
 477  0.
 478  0.
 479  0.
 480  0.
 481  0.
 482  0.
 483  0.
 484  0.
 485  0.
 486  0.
 487  0.
 488  0.
 489  0.
 490  0.
 491  0.
 492  0.
 493  0.
 494  0.
 495  0.
 496  0.
 497  0.
 498  0.
 499  0.
 500  0.

 1  0.
 2  0.
 3  0.
 4  0.
 5  0.
 6  0.
 7  0.
 8  0.
 9  0.
 10  0.
 11  0.
 12  0.
 13  0.
 14  0.
 15  0.
 16  0.
 17  0.
 18  0.
 19  0.
 20  0.
 21  0.
 22  0.
 23  0.
 24  0.
 25  0.
 26  0.
 27  0.
 28  0.
 29  0.
 30  0.
 31  0.
 32  0.
 33  0.
 34  0.
 35  0.
 36  0.
 37  0.
 38  0.
 39  0.
 40  0.
 41  0.
 42  0.
 43  0.
 44  0.
 45  0.
 46  0.
 47  0.
 48  0.
 49  0.
 50  0.
 51  0.
 52  0.
 53  0.
 54  0.
 55  0.
 56  0.
 57  0.
 58  0.
 59  0.
 60  0.
 61  0.
 62  0.
 63  0.
 64  0.
 65  0.
 66  0.
 67  0.
 68  0.
 69  0.
 70  0.
 71  0.
 72  0.
 73  0.
 74  0.
 75  0.
 76  0.
 77  0.
 78  0.
 79  0.
 80  0.
 81  0.
 82  0.
 83  0.
 84  0.
 85  0.
 86  0.
 87  0.
 88  0.
 89  0.
 90  0.
 91  0.
 92  0.
 93  0.
 94  0.
 95  0.
 96  0.
 97  0.
 98  0.
 99  0.
 100  0.
 101  0.
 102  0.
 103  0.
 104  0.
 105  0.
 106  0.
 107  0.
 108  0.
 109  0.
 110  0.
 111  0.
 112  0.
 113  0.
 114  0.
 115  0.
 116  0.
 117  0.
 118  0.
 119  0.
 120  0.
 121  0.
 122  0.
 123  0.
 124  0.
 125  0.
 126  0.
 127  0.
 128  0.
 129  0.
 130  0.
 131  0.
 132  0.
 133  0.
 134  0.
 135  0.
 136  0.
 137  0.
 138  0.
 139  0.
 140  0.
 141  0.
 142  0.
 143  0.
 144  0.
 145  0.
 146  0.
 147  0.
 148  0.
 149  0.
 150  0.
 151  0.
 152  0.
 153  0.
 154  0.
 155  0.
 156  0.
 157  0.
 158  0.
 159  0.
 160  0.
 161  0.
 162  0.
 163  0.
 164  0.
 165  0.
 166  0.
 167  0.
 168  0.
 169  0.
 170  0.
 171  0.
 172  0.
 173  0.
 174  0.
 175  0.
 176  0.
 177  0.
 178  0.
 179  0.
 180  0.
 181  0.
 182  0.
 183  0.
 184  0.
 185  0.
 186  0.
 187  0.
 188  0.
 189  0.
 190  0.
 191  0.
 192  0.
 193  0.
 194  0.
 195  0.
 196  0.
 197  0.
 198  0.
 199  0.
 200  0.
 201  0.
 202  0.
 203  0.
 204  0.
 205  0.
 206  0.
 207  0.
 208  0.
 209  0.
 210  0.
 211  0.
 212  0.
 213  0.
 214  0.
 215  0.
 216  0.
 217  0.
 218  0.
 219  0.
 220  0.
 221  0.
 222  0.
 223  0.
 224  0.
 225  0.
 226  0.
 227  0.
 228  0.
 229  0.
 230  0.
 231  0.
 232  0.
 233  0.
 234  0.
 235  0.
 236  0.
 237  0.
 238  0.
 239  0.
 240  0.
 241  0.
 242  0.
 243  0.
 244  0.
 245  0.
 246  0.
 247  0.
 248  0.
 249  0.
 250  0.
 251  0.
 252  0.
 253  0.
 254  0.
 255  0.
 256  0.
 257  0.
 258  0.
 259  0.
 260  0.
 261  0.
 262  0.
 263  0.
 264  0.
 265  0.
 266  0.
 267  0.
 268  0.
 269  0.
 270  0.
 271  0.
 272  0.
 273  0.
 274  0.
 275  0.
 276  0.
 277  0.
 278  0.
 279  0.
 280  0.
 281  0.
 282  0.
 283  0.
 284  0.
 285  0.
 286  0.
 287  0.
 288  0.
 289  0.
 290  0.
 291  0.
 292  0.
 293  0.
 294  0.
 295  0.
 296  0.
 297  0.
 298  0.
 299  0.
 300  0.
 301  0.
 302  0.
 303  0.
 304  0.
 305  0.
 306  0.
 307  0.
 308  0.
 309  0.
 310  0.
 311  0.
 312  0.
 313  0.
 314  0.
 315  0.
 316  0.
 317  0.
 318  0.
 319  0.
 320  0.
 321  0.
 322  0.
 323  0.
 324  0.
 325  0.
 326  0.
 327  0.
 328  0.
 329  0.
 330  0.
 331  0.
 332  0.
 333  0.
 334  0.
 335  0.
 336  0.
 337  0.
 338  0.
 339  0.
 340  0.
 341  0.
 342  0.
 343  0.
 344  0.
 345  0.
 346  0.
 347  0.
 348  0.
 349  0.
 350  0.
 351  0.
 352  0.
 353  0.
 354  0.
 355  0.
 356  0.
 357  0.
 358  0.
 359  0.
 360  0.
 361  0.
 362  0.
 363  0.
 364  0.
 365  0.
 366  0.
 367  0.
 368  0.
 369  0.
 370  0.
 371  0.
 372  0.
 373  0.
 374  0.
 375  0.
 376  0.
 377  0.
 378  0.
 379  0.
 380  0.
 381  0.
 382  0.
 383  0.
 384  0.
 385  0.
 386  0.
 387  0.
 388  0.
 389  0.
 390  0.
 391  0.
 392  0.
 393  0.
 394  0.
 395  0.
 396  0.
 397  0.
 398  0.
 399  0.
 400  0.
 401  0.
 402  0.
 403  0.
 404  0.
 405  0.
 406  0.
 407  0.
 408  0.
 409  0.
 410  0.
 411  0.
 412  0.
 413  0.
 414  0.
 415  0.
 416  0.
 417  0.
 418  0.
 419  0.
 420  0.
 421  0.
 422  0.
 423  0.
 424  0.
 425  0.
 426  0.
 427  0.
 428  0.
 429  0.
 430  0.
 431  0.
 432  0.
 433  0.
 434  0.
 435  0.
 436  0.
 437  0.
 438  0.
 439  0.
 440  0.
 441  0.
 442  0.
 443  0.
 444  0.
 445  0.
 446  0.
 447  0.
 448  0.
 449  0.
 450  0.
 451  0.
 452  0.
 453  0.
 454  0.
 455  0.
 456  0.
 457  0.
 458  0.
 459  0.
 460  0.
 461  0.
 462  0.
 463  0.
 464  0.
 465  0.
 466  0.
 467  0.
 468  0.
 469  0.
 470  0.
 471  0.
 472  0.
 473  0.
 474  0.
 475  0.
 476  0.
 477  0.
 478  0.
 479  0.
 480  0.
 481  0.
 482  0.
 483  0.
 484  0.
 485  0.
 486  0.
 487  0.
 488  0.
 489  0.
 490  0.
 491  0.
 492  0.
 493  0.
 494  0.
 495  0.
 496  0.
 497  0.
 498  0.
 499  0.
 500  0.

 1  0.
 2  0.
 3  0.
 4  0.
 5  0.
 6  0.
 7  0.
 8  0.
 9  0.
 10  0.
 11  0.
 12  0.
 13  0.
 14  0.
 15  0.
 16  0.
 17  0.
 18  0.
 19  0.
 20  0.
 21  0.
 22  0.
 23  0.
 24  0.
 25  0.
 26  0.
 27  0.
 28  0.
 29  0.
 30  0.
 31  0.
 32  0.
 33  0.
 34  0.
 35  0.
 36  0.
 37  0.
 38  0.
 39  0.
 40  0.
 41  0.
 42  0.
 43  0.
 44  0.
 45  0.
 46  0.
 47  0.
 48  0.
 49  0.
 50  0.
 51  0.
 52  0.
 53  0.
 54  0.
 55  0.
 56  0.
 57  0.
 58  0.
 59  0.
 60  0.
 61  0.
 62  0.
 63  0.
 64  0.
 65  0.
 66  0.
 67  0.
 68  0.
 69  0.
 70  0.
 71  0.
 72  0.
 73  0.
 74  0.
 75  0.
 76  0.
 77  0.
 78  0.
 79  0.
 80  0.
 81  0.
 82  0.
 83  0.
 84  0.
 85  0.
 86  0.
 87  0.
 88  0.
 89  0.
 90  0.
 91  0.
 92  0.
 93  0.
 94  0.
 95  0.
 96  0.
 97  0.
 98  0.
 99  0.
 100  0.
 101  0.
 102  0.
 103  0.
 104  0.
 105  0.
 106  0.
 107  0.
 108  0.
 109  0.
 110  0.
 111  0.
 112  0.
 113  0.
 114  0.
 115  0.
 116  0.
 117  0.
 118  0.
 119  0.
 120  0.
 121  0.
 122  0.
 123  0.
 124  0.
 125  0.
 126  0.
 127  0.
 128  0.
 129  0.
 130  0.
 131  0.
 132  0.
 133  0.
 134  0.
 135  0.
 136  0.
 137  0.
 138  0.
 139  0.
 140  0.
 141  0.
 142  0.
 143  0.
 144  0.
 145  0.
 146  0.
 147  0.
 148  0.
 149  0.
 150  0.
 151  0.
 152  0.
 153  0.
 154  0.
 155  0.
 156  0.
 157  0.
 158  0.
 159  0.
 160  0.
 161  0.
 162  0.
 163  0.
 164  0.
 165  0.
 166  0.
 167  0.
 168  0.
 169  0.
 170  0.
 171  0.
 172  0.
 173  0.
 174  0.
 175  0.
 176  0.
 177  0.
 178  0.
 179  0.
 180  0.
 181  0.
 182  0.
 183  0.
 184  0.
 185  0.
 186  0.
 187  0.
 188  0.
 189  0.
 190  0.
 191  0.
 192  0.
 193  0.
 194  0.
 195  0.
 196  0.
 197  0.
 198  0.
 199  0.
 200  0.
 201  0.
 202  0.
 203  0.
 204  0.
 205  0.
 206  0.
 207  0.
 208  0.
 209  0.
 210  0.
 211  0.
 212  0.
 213  0.
 214  0.
 215  0.
 216  0.
 217  0.
 218  0.
 219  0.
 220  0.
 221  0.
 222  0.
 223  0.
 224  0.
 225  0.
 226  0.
 227  0.
 228  0.
 229  0.
 230  0.
 231  0.
 232  0.
 233  0.
 234  0.
 235  0.
 236  0.
 237  0.
 238  0.
 239  0.
 240  0.
 241  0.
 242  0.
 243  0.
 244  0.
 245  0.
 246  0.
 247  0.
 248  0.
 249  0.
 250  0.
 251  0.
 252  0.
 253  0.
 254  0.
 255  0.
 256  0.
 257  0.
 258  0.
 259  0.
 260  0.
 261  0.
 262  0.
 263  0.
 264  0.
 265  0.
 266  0.
 267  0.
 268  0.
 269  0.
 270  0.
 271  0.
 272  0.
 273  0.
 274  0.
 275  0.
 276  0.
 277  0.
 278  0.
 279  0.
 280  0.
 281  0.
 282  0.
 283  0.
 284  0.
 285  0.
 286  0.
 287  0.
 288  0.
 289  0.
 290  0.
 291  0.
 292  0.
 293  0.
 294  0.
 295  0.
 296  0.
 297  0.
 298  0.
 299  0.
 300  0.
 301  0.
 302  0.
 303  0.
 304  0.
 305  0.
 306  0.
 307  0.
 308  0.
 309  0.
 310  0.
 311  0.
 312  0.
 313  0.
 314  0.
 315  0.
 316  0.
 317  0.
 318  0.
 319  0.
 320  0.
 321  0.
 322  0.
 323  0.
 324  0.
 325  0.
 326  0.
 327  0.
 328  0.
 329  0.
 330  0.
 331  0.
 332  0.
 333  0.
 334  0.
 335  0.
 336  0.
 337  0.
 338  0.
 339  0.
 340  0.
 341  0.
 342  0.
 343  0.
 344  0.
 345  0.
 346  0.
 347  0.
 348  0.
 349  0.
 350  0.
 351  0.
 352  0.
 353  0.
 354  0.
 355  0.
 356  0.
 357  0.
 358  0.
 359  0.
 360  0.
 361  0.
 362  0.
 363  0.
 364  0.
 365  0.
 366  0.
 367  0.
 368  0.
 369  0.
 370  0.
 371  0.
 372  0.
 373  0.
 374  0.
 375  0.
 376  0.
 377  0.
 378  0.
 379  0.
 380  0.
 381  0.
 382  0.
 383  0.
 384  0.
 385  0.
 386  0.
 387  0.
 388  0.
 389  0.
 390  0.
 391  0.
 392  0.
 393  0.
 394  0.
 395  0.
 396  0.
 397  0.
 398  0.
 399  0.
 400  0.
 401  0.
 402  0.
 403  0.
 404  0.
 405  0.
 406  0.
 407  0.
 408  0.
 409  0.
 410  0.
 411  0.
 412  0.
 413  0.
 414  0.
 415  0.
 416  0.
 417  0.
 418  0.
 419  0.
 420  0.
 421  0.
 422  0.
 423  0.
 424  0.
 425  0.
 426  0.
 427  0.
 428  0.
 429  0.
 430  0.
 431  0.
 432  0.
 433  0.
 434  0.
 435  0.
 436  0.
 437  0.
 438  0.
 439  0.
 440  0.
 441  0.
 442  0.
 443  0.
 444  0.
 445  0.
 446  0.
 447  0.
 448  0.
 449  0.
 450  0.
 451  0.
 452  0.
 453  0.
 454  0.
 455  0.
 456  0.
 457  0.
 458  0.
 459  0.
 460  0.
 461  0.
 462  0.
 463  0.
 464  0.
 465  0.
 466  0.
 467  0.
 468  0.
 469  0.
 470  0.
 471  0.
 472  0.
 473  0.
 474  0.
 475  0.
 476  0.
 477  0.
 478  0.
 479  0.
 480  0.
 481  0.
 482  0.
 483  0.
 484  0.
 485  0.
 486  0.
 487  0.
 488  0.
 489  0.
 490  0.
 491  0.
 492  0.
 493  0.
 494  0.
 495  0.
 496  0.
 497  0.
 498  0.
 499  0.
 500  0.

