6 6046
6 3204
6 1330
6 800
7 4998
7 293
8 8627
8 7286
8 5894
8 4059
8 2326
8 694
8 8610
8 8511
8 8470
8 8321
8 8260
8 8133
8 7579
8 7422
8 7272
8 7144
8 6983
8 6012
8 5757
8 5747
8 5302
8 3099
8 2958
8 1012
8 7398
10 3205
10 1804
10 970
10 7004
10 6991
10 5635
10 4236
10 1431
10 958
11 7897
11 372
12 4608
12 5473
12 3956
12 571
13 5082
13 5002
13 3192
13 609
13 1979
13 18
14 1579
14 771
14 1908
15 7660
15 7228
15 7016
15 5356
15 4981
15 3748
15 3156
15 1950
15 1340
15 1165
15 7557
15 5409
15 4702
15 3592
15 2937
15 2880
15 2820
15 1981
15 455
15 6138
16 1757
16 3799
16 1403
16 2832
17 7518
17 7388
17 4522
17 1750
17 188
17 7426
17 6988
17 6733
17 3740
17 3196
17 2700
17 2611
17 423
18 6164
18 1001
18 599
18 430
18 243
19 4361
19 2702
19 8683
19 8153
19 6941
19 5210
19 3912
19 3124
19 2366
19 1779
19 683
19 408
19 62
19 7209
19 6186
19 5829
19 1824
19 1468
20 3889
20 2770
20 6607
20 6546
20 2341
20 1110
20 850
20 603
20 4469
20 3020
21 8295
21 7691
21 6834
21 5609
21 5263
21 4760
21 4552
21 4035
21 3761
21 2507
21 1862
21 1300
21 1002
21 3824
21 161
22 858
22 852
22 3056
22 6172
22 3871
23 7187
23 6587
23 4062
23 1110
23 128
23 7643
23 5026
23 5004
23 4603
23 3309
23 3102
23 2697
23 2224
23 1968
23 589
23 8250
23 6168
23 2606
23 1130
23 601
24 8425
24 8077
24 6549
24 5551
24 4942
24 4559
24 4487
24 4467
24 3058
24 2783
24 1300
24 924
24 269
24 7906
24 4674
25 8517
25 7867
25 151
25 8293
25 8215
25 8023
25 7348
25 5479
25 5028
25 4820
25 2593
25 2369
25 2127
25 1634
25 1338
25 1330
25 1060
25 484
25 8369
25 8005
25 5216
25 3903
25 3276
25 1675
25 106
26 568
26 253
26 8533
26 8488
26 8144
26 8084
26 7426
26 6618
26 6606
26 6369
26 5119
26 3789
26 3345
26 923
26 845
26 117
27 8663
27 8282
27 7560
27 7301
27 7129
27 6700
27 4926
27 4749
27 4591
27 3952
27 3928
27 3795
27 3753
27 3109
27 2415
27 2259
27 1948
27 1146
27 907
27 828
27 8475
27 8361
27 7789
27 7630
27 6611
27 6441
27 5477
27 4822
27 2589
27 2588
27 1079
27 928
27 606
28 8647
28 6232
28 6064
28 5862
28 2929
28 905
28 871
28 8755
28 8258
28 7694
28 7580
28 5775
28 5261
28 4142
28 4116
28 2566
28 2505
28 1580
28 1138
28 870
28 95
28 6693
28 3448
28 371
29 8310
29 6320
29 5945
29 5352
29 5281
29 5211
29 3756
29 3687
29 2668
29 254
29 8378
29 8348
29 8343
29 8303
29 8148
29 7740
29 7146
29 6612
29 6608
29 6426
29 5745
29 3840
29 3351
29 3056
29 2742
29 2658
29 2484
29 2359
29 2012
29 8115
29 7248
29 5868
29 5489
29 4169
29 3796
29 3779
29 604
30 3260
30 1903
30 848
30 5167
30 5005
30 2698
30 1582
30 959
30 448
30 8404
31 6369
31 8317
31 8264
31 8038
31 7279
31 7265
31 7205
31 7112
31 6582
31 6441
31 5887
31 5677
31 5513
31 5277
31 5236
31 4110
31 2502
31 1861
31 1385
31 1340
31 1132
31 1106
31 8362
31 7890
31 7359
31 4544
31 3610
31 1387
31 371
32 8656
32 8441
32 5106
32 1327
32 372
32 6442
32 4689
32 3072
32 6400
33 5517
33 1259
35 8562
36 1432
38 2235
40 4833
40 5333
40 4549
41 5016
43 8228
43 1412
45 5854
45 3106
47 8377
47 8058
47 5954
47 5114
47 4861
47 3115
47 8203
47 5300
47 4377
47 4110
47 2757
47 394
48 4323
48 1351
49 8561
49 3065
49 2375
49 8669
49 7481
49 5205
49 2785
49 1342
49 934
49 868
49 724
49 466
50 1301
50 1505
50 123
51 7997
52 850
52 592
52 8288
52 7480
52 7074
52 6683
52 6340
52 5112
52 4050
52 3728
52 2829
52 1948
52 1921
52 567
52 8626
52 8295
52 7901
52 7458
52 6873
52 5774
52 5058
52 2941
54 2193
54 6381
54 816
54 7032
54 3940
55 3823
55 4557
55 3287
55 864
56 6383
56 1253
56 6857
56 3437
56 2337
56 1237
57 7112
57 1257
57 8008
57 3432
57 455
57 836
58 534
59 5515
59 4668
59 3747
59 4815
60 1831
60 4483
60 4311
61 7077
61 7990
61 3080
61 73
61 6750
61 4977
61 2604
63 7311
63 5899
63 5262
63 2425
63 925
63 8341
63 8275
63 7625
63 6699
63 5937
63 5028
63 4913
63 3297
63 2629
63 2413
63 2127
63 1580
63 1112
63 6960
63 6777
63 4741
63 4544
63 371
64 7081
64 2978
64 8721
64 7405
64 3518
64 7809
64 244
65 7890
65 879
65 3464
65 2217
65 1028
66 4919
66 6626
66 8681
66 8469
66 8319
66 8188
66 8133
66 8062
66 8050
66 7761
66 7428
66 7011
66 5384
66 4974
66 4471
66 4179
66 899
66 148
67 6928
67 8447
67 3148
67 914
67 8112
67 2924
68 7528
68 6548
68 6280
68 5850
68 4555
68 3613
68 862
68 694
68 7816
68 7723
68 7403
68 7125
68 6556
68 4970
68 3603
68 2437
68 2328
68 2278
68 1659
68 742
68 6858
68 4552
68 3106
68 228
69 1112
70 6955
70 6132
70 5118
70 8680
70 8225
70 7324
70 6936
70 6813
70 3234
70 2260
70 2201
70 628
70 619
70 335
70 7394
70 6834
70 5341
70 2762
70 2598
70 2164
70 2115
70 1075
71 8291
71 8255
71 7614
71 5084
71 5047
71 3771
71 3341
71 2954
71 2643
71 1855
71 1350
71 976
71 8264
71 8030
71 7491
71 7374
71 7318
71 6952
71 6441
71 4312
71 3608
71 1613
71 1095
72 8312
72 5876
72 8574
72 7983
72 7786
72 7640
72 7469
72 6556
72 5954
72 5854
72 5746
72 5175
72 4943
72 4932
72 4714
72 4647
72 3203
72 2781
72 1948
72 335
72 8736
72 8164
72 7249
72 6673
72 6483
72 2789
72 2126
73 8421
73 5992
73 5554
73 3549
73 955
73 8269
73 8143
73 5942
73 5276
73 3311
73 3150
73 2608
73 151
74 8730
74 8328
74 7677
74 6942
74 5924
74 5659
74 4385
74 3689
74 3253
74 2511
74 104
74 8698
74 8553
74 8376
74 7477
74 7465
74 5949
74 5923
74 5911
74 5356
74 5271
74 4888
74 4543
74 3939
74 3107
74 3018
74 2854
74 2626
74 1859
74 1150
74 1139
74 126
75 7407
75 4727
75 7402
75 6185
75 5788
75 5386
75 5354
75 4951
75 4790
75 4596
75 2447
75 1053
75 308
75 8716
75 8263
75 7271
75 5413
75 5408
75 2094
75 1040
76 6613
76 8535
76 8403
76 8292
76 7700
76 6700
76 6644
76 6570
76 5294
76 4634
76 3923
76 3778
76 3367
76 2728
76 2096
76 1925
76 1778
76 1587
76 828
76 561
76 282
76 8524
76 8473
76 7149
76 6649
76 6490
76 5947
76 5923
76 5115
76 3507
76 2793
76 2321
76 566
76 100
77 4555
77 8537
77 7425
77 6379
77 6230
77 3753
77 2835
77 2471
77 2205
77 1854
77 3258
78 7720
78 388
78 8630
78 8121
78 7675
78 7645
78 7577
78 7479
78 7475
78 7125
78 6535
78 6354
78 5962
78 5192
78 4957
78 4771
78 4564
78 3111
78 2849
78 1051
78 234
78 8477
78 8038
78 7398
78 7112
78 5777
78 5615
78 4874
78 4624
78 4230
78 3134
78 2841
78 2618
78 2593
78 1774
78 1696
78 786
79 3491
79 1701
80 7787
80 7085
80 6832
80 5944
80 3029
80 2852
80 1089
80 8723
80 8330
80 8284
80 8263
80 7132
80 6898
80 6011
80 5990
80 5630
80 5628
80 5100
80 4760
80 4649
80 1572
80 854
80 738
80 596
80 422
80 5993
80 5177
80 3043
81 7875
81 6868
81 5376
81 3516
81 2392
82 8320
82 8271
82 8139
82 7770
82 7660
82 5820
82 5506
82 3744
82 2527
82 2369
82 6679
82 5310
82 4293
82 3432
82 3119
82 3100
82 6447
83 5487
84 8577
84 4269
84 3262
84 2720
84 1996
84 8112
84 7856
84 7770
84 7658
84 7114
84 3792
84 3782
84 1868
85 7241
85 6003
85 2361
85 8282
85 7511
85 7313
85 7253
85 5699
85 5629
85 5107
85 1777
85 905
85 8471
85 8326
85 7274
85 5163
85 3712
85 2768
85 2582
85 1396
85 434
86 324
86 8625
86 8511
86 7976
86 1522
86 8353
86 7901
86 7230
86 6945
86 2645
86 1923
86 601
87 5006
87 707
87 7065
87 5992
87 5553
87 4982
87 2892
88 8647
88 8515
88 8080
88 7514
88 7422
88 7403
88 7118
88 6648
88 4970
88 4771
88 3770
88 3643
88 3080
88 2992
88 2703
88 2668
88 1336
88 828
88 8702
88 8559
88 8287
88 8033
88 7901
88 7747
88 7350
88 7295
88 7127
88 5308
88 5301
88 4601
88 4542
88 3194
88 2854
88 2589
88 1665
88 1611
88 1425
88 830
88 228
88 100
88 8419
88 3580
88 2718
89 8071
89 1606
90 7227
90 3981
90 3091
90 7861
90 4293
90 3755
90 1169
90 7905
90 6986
90 6588
91 183
91 2784
91 97
92 6695
92 5087
92 7895
92 6754
93 5345
93 5179
93 4671
93 4546
93 4190
93 2300
93 316
94 817
94 753
95 281
95 7608
95 1040
95 172
96 4924
96 2907
97 7411
97 7145
97 1608
97 411
98 7977
98 6174
98 5577
98 4287
98 3085
98 2255
98 1971
98 636
98 8108
98 7914
98 7436
98 5477
98 5303
98 4826
98 4649
98 3768
98 3744
98 3430
98 3167
98 3101
98 2825
98 2600
98 1862
98 1723
98 1381
98 585
98 421
98 294
98 229
99 6003
99 8025
99 6610
99 5004
99 4983
99 3326
99 2172
99 1450
99 1423
99 1087
99 278
99 8437
99 8238
99 8122
99 6654
99 4663
99 3792
99 2924
99 2737
99 2524
99 1872
100 7979
100 7977
100 7975
100 7838
100 7793
100 6828
100 6568
100 6456
100 6234
100 5222
100 3114
100 8654
100 8376
100 7840
100 7131
100 6634
100 5511
100 5178
100 4985
100 3921
100 3366
100 3194
100 3117
100 3019
100 2660
101 460
102 8622
102 8223
102 7786
102 7761
102 7578
102 7511
102 7449
102 7005
102 6354
102 6035
102 5756
102 5211
102 5112
102 4948
102 3199
102 906
102 591
102 8723
102 8707
102 8286
102 8284
102 8244
102 7985
102 7764
102 7641
102 7232
102 6968
102 6940
102 6356
102 5779
102 5086
102 4958
102 4518
102 3749
102 2899
102 2814
102 1106
102 599
102 353
102 129
102 7457
102 4544
102 1315
103 1254
104 7128
104 4329
104 4136
104 2594
104 8705
104 8200
104 8119
104 7825
104 7796
104 7471
104 7229
104 5269
104 3729
104 3097
104 3064
104 2958
104 2620
104 1088
104 1013
104 420
104 329
104 8646
104 8513
104 8060
104 8057
104 7914
104 7795
104 7429
104 7370
104 7307
104 6612
104 6374
104 5745
104 5548
104 4927
104 4566
104 3950
104 3093
104 2636
104 131
106 8725
106 8701
106 8418
106 8267
106 7880
106 7215
106 6586
106 6033
106 5896
106 5729
106 5226
106 4688
106 4042
106 3921
106 3716
106 2925
106 2127
106 902
106 387
106 286
106 8167
106 7621
106 7339
106 5933
106 3762
106 1190
106 1163
106 802
106 621
106 546
107 8202
107 7231
107 6843
107 6372
107 6064
107 6019
107 5727
107 4471
107 4069
107 1794
107 814
107 8210
107 8194
107 7193
107 7047
107 5448
107 5201
107 3773
107 2995
107 562
108 8646
108 8601
108 8573
108 8303
108 8166
108 7203
108 6703
108 5051
108 3856
108 2631
108 674
108 8760
108 8386
108 7049
108 4499
108 3432
108 2487
108 1021
108 8404
108 5343
108 4520
109 8590
109 8294
109 8289
109 7896
109 7463
109 6110
109 5990
109 5963
109 5949
109 5774
109 5630
109 5308
109 5228
109 5035
109 4672
109 3258
109 2090
109 7861
109 3964
109 3135
109 2830
109 1793
109 1722
110 8571
110 4695
110 3814
110 8380
110 6430
111 4982
111 4709
111 7734
111 3262
111 1925
112 8010
112 5681
112 3102
112 7865
113 2144
113 7767
113 6589
113 6005
113 5530
113 3648
113 2849
113 338
113 7366
113 4116
113 2543
114 5910
114 8027
114 7438
114 6164
114 5210
114 5108
114 1770
114 484
114 5764
114 5409
114 3903
115 8359
115 2059
115 6347
116 2065
116 8350
116 2335
116 832
117 8700
117 8515
117 8221
117 7009
117 5151
117 3952
117 2351
117 1614
117 972
117 689
117 8126
117 7743
117 5779
117 5751
117 2913
117 2428
117 781
119 7959
119 4533
119 5205
120 5905
120 2291
120 607
122 4177
122 3374
122 883
123 2388
123 4467
123 1505
123 1033
123 892
124 7540
124 7115
124 6832
124 3299
124 8744
124 6869
124 5952
124 5472
124 4284
124 2908
124 7637
124 2318
124 864
125 3710
125 3398
125 8712
125 8625
125 8256
125 7700
125 6836
125 5140
125 3593
125 824
125 8555
125 8238
125 8129
125 5387
125 4929
126 8668
126 8437
126 8430
126 8323
126 8113
126 7698
126 7491
126 7265
126 7069
126 5625
126 5308
126 5303
126 3805
126 3758
126 3260
126 1482
126 244
126 8758
126 5349
126 2972
126 1793
126 813
127 7322
127 4727
127 415
127 8720
127 8630
127 8584
127 8410
127 8165
127 7668
127 7116
127 5828
127 5788
127 5599
127 5198
127 3247
127 1000
127 8341
127 570
128 336
128 8670
128 8197
128 6545
128 4545
128 3274
128 1597
128 1590
128 547
128 324
128 240
128 8335
128 8256
128 8255
128 7960
128 5619
128 2623
128 1902
128 972
128 495
129 6852
129 5607
129 4928
129 3257
129 1942
129 8727
129 8430
129 8055
129 7155
129 7150
129 6603
129 5271
129 5025
129 3344
129 3338
129 3267
129 2582
129 1334
129 993
129 3718
129 2972
130 4872
130 2930
130 7608
130 5937
130 5278
130 1949
130 1853
130 397
130 8337
130 4192
130 3343
130 2547
131 8586
131 8123
131 7469
131 7393
131 7121
131 6622
131 4050
131 3605
131 2173
131 8294
131 5491
131 5408
131 4858
131 4609
131 2731
131 2428
131 2321
131 1424
131 1095
131 322
131 5128
132 8260
132 7575
132 7009
132 5958
132 5366
132 3924
132 2933
132 602
132 306
132 7691
132 6806
132 5341
132 2710
132 1608
133 8219
133 6662
133 5790
133 5361
133 4209
133 7637
133 6565
133 5968
133 5608
133 5394
133 4109
133 3755
133 2935
133 2823
133 2517
133 6447
134 8185
134 7196
134 7107
134 6941
134 6616
134 6098
134 5895
134 5024
134 4953
134 4828
134 2502
134 2336
134 1161
134 7424
134 5500
134 5471
134 5394
134 2171
135 8122
135 7836
135 7652
135 5637
135 5249
135 4821
135 2632
135 2937
135 7938
136 7649
136 6874
136 8681
136 8645
136 8277
136 7300
136 7292
136 7098
136 6808
136 6610
136 6606
136 5516
136 5407
136 5214
136 3928
136 2816
136 2791
136 2786
136 1806
136 548
136 8745
136 8555
136 8553
136 8483
136 7957
136 7279
136 7025
136 6952
136 5904
136 5677
136 5051
136 2497
137 8747
137 8305
137 6824
137 4977
137 4519
137 1099
137 2575
138 6690
138 6638
138 6564
138 6345
138 4101
138 3962
138 2930
138 2697
138 1800
138 1587
138 897
138 615
138 591
138 6429
138 6000
138 5364
138 4929
138 3945
138 3921
138 3848
138 3763
138 3301
138 2746
138 2618
138 1611
138 1160
138 375
138 274
139 5810
139 4875
139 2890
139 1081
139 8737
139 8193
139 6919
139 3122
139 3080
139 2791
139 2268
139 978
139 7630
139 7345
139 4793
139 1863
140 8714
140 7951
140 7449
140 7440
140 3109
140 2668
140 1778
140 1712
140 1520
140 8361
140 8175
140 8146
140 8108
140 8076
140 7334
140 6624
140 6429
140 5963
140 5795
140 5470
140 5361
140 5115
140 4963
140 4543
140 3852
140 3805
140 3782
140 3509
140 3366
140 2632
140 2593
140 1842
140 566
140 6344
140 2718
140 1093
140 268
141 3811
141 3177
141 2709
141 2690
141 2361
141 4087
141 3953
141 2987
141 2592
141 1740
141 878
142 8190
142 7893
142 7200
142 4937
142 4363
142 3941
142 2669
142 620
142 6447
142 6428
142 5838
142 5480
143 8542
143 6445
143 1308
143 8359
143 7472
143 7275
143 1106
144 8045
144 6720
144 5782
144 4097
144 2577
144 7935
144 5608
145 7330
145 3646
146 8548
146 8340
146 7910
146 6451
146 4443
146 382
146 7499
146 931
147 7514
147 641
147 8375
147 7866
147 2761
147 1103
147 857
147 524
147 159
147 3871
147 3135
148 8069
148 5296
148 4553
148 3368
148 8511
148 6877
148 5778
148 5403
148 5367
148 5353
148 5279
148 2942
148 2174
148 549
149 7800
149 3714
149 3210
149 335
149 8757
149 7965
149 7624
149 6341
149 5923
149 2059
149 269
150 6051
150 5222
150 4862
150 3821
150 957
150 8330
150 7896
150 7446
150 5348
150 2925
150 1106
151 8334
151 2951
151 1699
151 8705
151 7668
151 7293
151 6861
151 5267
151 5107
151 4573
151 3114
151 2262
151 1712
151 980
151 695
151 406
151 246
151 153
151 8194
151 8126
151 7477
151 5800
151 5348
151 2874
151 2585
151 2582
151 2539
151 2267
151 2094
152 8389
152 7353
152 6832
152 6651
152 5945
152 3944
152 3096
152 1854
152 8640
152 8538
152 6582
152 5952
152 5611
152 5564
152 5100
152 4700
152 4621
152 3683
152 3189
152 3113
152 2760
152 1381
152 1109
152 4816
152 3718
152 1279
153 7613
153 6631
153 4792
153 4280
153 3855
153 2580
153 2368
153 2361
153 8586
153 8385
153 8261
153 7441
153 6983
153 6692
153 6064
153 5451
153 5304
153 5114
153 3115
153 1843
153 1777
153 1570
153 957
153 828
153 664
153 619
153 8196
153 3094
154 8506
154 8202
154 8117
154 7975
154 6641
154 6096
154 6013
154 5699
154 5126
154 5026
154 3249
154 1855
154 1522
154 828
154 8364
154 8146
154 8055
154 7888
154 7880
154 6436
154 6368
154 6309
154 6011
154 5729
154 4683
154 3260
154 3233
154 2821
154 2514
154 1446
154 1165
154 233
155 1948
155 8549
155 8142
155 7366
155 7189
155 5083
155 4291
155 3937
155 3921
155 3324
155 1696
155 1078
155 5868
155 3296
155 910
156 6856
156 6236
156 5850
156 4965
156 8304
156 7951
156 7815
156 7761
156 6437
156 5222
156 5214
156 4951
156 4383
156 3262
156 2579
157 8611
157 7820
157 4743
157 2529
157 509
157 424
157 8582
157 6055
157 3191
157 1314
158 8751
158 8695
158 8435
158 6422
158 5714
158 5357
158 5170
158 4208
158 3963
158 3732
158 3101
158 1661
158 1338
158 887
158 644
158 6022
159 5614
159 3712
159 2691
159 2267
159 1815
159 1237
159 8068
159 4138
159 1015
160 3137
160 2345
160 1092
160 7683
160 5904
160 5228
160 1050
160 543
160 447
161 5349
161 2330
161 1790
162 8747
162 7578
162 6810
162 6355
162 3286
162 2831
162 7591
162 7376
162 7345
162 6620
162 6586
162 5812
162 4688
162 3945
162 1613
162 935
162 609
162 404
162 3903
162 3625
162 658
163 7074
163 4004
163 3321
163 1983
163 7756
163 7086
163 6487
163 5335
163 5051
164 6480
164 4778
164 6102
164 3811
164 3397
164 2206
164 1670
164 518
165 440
165 8003
165 7182
165 6041
165 4615
165 4599
165 2816
165 2334
165 1407
165 7254
165 5053
165 2347
165 1086
166 3587
166 417
167 8539
167 8306
167 8289
167 7249
167 6966
167 3805
167 2042
167 1198
167 884
167 8743
167 7359
167 6653
167 3824
167 3513
167 3135
167 523
168 6936
168 7963
168 5188
169 1831
169 7833
169 6900
169 3710
169 2206
169 1698
169 1640
169 8117
169 7098
169 6651
169 6627
169 4955
169 4788
169 628
171 6603
171 6547
171 5142
171 7831
171 3926
171 2922
171 2903
171 497
171 7354
171 7255
171 4343
171 2650
172 4653
173 5981
173 2382
173 1309
173 4043
173 1756
173 229
174 7152
174 6336
174 345
175 6905
175 1931
175 7358
176 7077
176 2145
176 1947
176 8370
176 7960
176 6512
176 4764
176 4001
176 3122
178 6867
180 8407
180 8389
180 4794
180 7288
181 853
181 300
182 3714
182 7964
182 5890
182 3131
182 2777
182 1159
182 491
182 5923
182 2510
182 1835
182 1626
183 8633
183 6871
183 5923
183 805
184 8431
184 7739
184 7677
184 7645
184 7469
184 6638
184 5787
184 5704
184 5607
184 4636
184 4581
184 4289
184 3103
184 2942
184 2616
184 2596
184 1967
184 1162
184 907
184 444
184 8739
184 8547
184 8057
184 7608
184 7133
184 5921
184 5548
184 5292
184 5170
184 5125
184 4947
184 4856
184 3950
184 3851
184 3775
184 3404
184 3266
184 2714
184 1903
184 1338
184 408
184 228
185 8054
185 7456
185 6133
185 5961
185 5095
185 3612
185 2859
185 1146
185 413
185 8297
185 7756
185 5995
185 5955
185 5108
185 3792
185 2915
185 2593
185 1613
185 1099
185 276
185 243
185 7704
185 7331
185 6777
185 5675
185 231
186 8290
186 6618
186 5454
186 3539
186 3108
186 2216
186 736
186 488
186 8727
186 8666
186 8665
186 8553
186 8196
186 7989
186 6438
186 5957
186 5627
186 5163
186 5030
186 3313
186 1969
186 829
186 563
186 208
186 8675
186 8365
186 8333
186 7595
186 6628
186 6491
186 5806
186 5073
186 4221
186 3964
186 2512
186 937
186 813
186 587
187 8603
187 7523
187 7361
187 316
187 1003
188 5323
188 4778
188 1367
188 8035
188 5894
188 2506
188 7293
188 3136
188 2699
188 1285
188 845
189 7118
189 3523
189 858
189 8175
189 7215
189 6791
189 5623
189 5325
189 4909
189 3168
189 409
189 3088
190 3587
190 4555
190 7410
190 4383
190 1899
191 6332
191 3714
191 7903
191 7757
191 513
192 4731
192 4557
192 829
192 472
193 7997
193 5296
193 5120
193 4040
193 3104
193 8610
193 7511
193 6067
193 226
194 1731
194 8073
194 8067
194 5371
194 4457
194 6751
194 3764
194 1196
195 5921
195 3061
195 1047
195 301
195 228
195 6782
195 1575
195 774
196 8006
196 4672
196 7248
196 3003
197 6184
197 6002
197 1719
197 5860
198 5184
198 3213
198 552
200 1178
204 1840
205 7533
205 3684
205 1980
206 8260
206 7700
206 6810
206 5112
206 8751
206 8716
206 8524
206 8513
206 8475
206 8270
206 8168
206 7770
206 7126
206 6426
206 6015
206 5405
206 4963
206 4953
206 3126
206 3063
206 2712
206 1771
206 699
206 8492
206 8095
206 7564
206 3769
206 2749
206 1015
206 901
207 3327
208 8581
208 8079
208 8054
208 7603
208 6062
208 5945
208 5516
208 4560
208 4273
208 3511
208 3005
208 2559
208 1285
208 1000
208 690
208 8646
208 8278
208 8000
208 7888
208 7576
208 7505
208 7376
208 7318
208 7279
208 6956
208 6945
208 6100
208 5552
208 5515
208 5265
208 5228
208 4935
208 4931
208 4692
208 4211
208 3627
208 3430
208 2768
208 2626
208 1776
208 1771
208 1086
208 410
208 325
208 322
208 288
208 2647
210 6808
210 4961
210 2061
210 8698
210 7751
210 6889
210 6112
210 5684
210 5552
210 3902
210 3066
210 3015
210 2636
210 2614
210 2497
210 2336
210 1150
210 408
210 387
210 7502
210 3779
210 493
210 412
210 378
211 8740
211 3943
211 3826
211 2314
212 7493
212 3288
212 1490
212 8035
212 3734
212 2790
212 2416
212 348
213 7998
213 6176
213 8360
213 8023
213 6941
213 4669
213 3197
213 2645
213 857
213 4789
214 5147
214 2849
214 7904
214 4208
214 2242
214 718
216 2116
217 454
218 3667
218 5312
218 749
218 3200
220 503
220 6697
220 2364
222 7428
222 5872
222 1998
222 615
222 567
222 6970
222 5289
222 4823
222 3938
222 3175
222 2658
222 274
224 6043
224 716
224 8059
224 7405
224 6744
224 6320
224 6067
224 5803
224 5619
224 4765
224 3271
224 2523
224 2418
224 2260
224 7978
224 7288
224 5631
226 5839
226 1716
226 1057
226 466
226 8730
226 8714
226 7954
226 7783
226 7440
226 7176
226 6734
226 6478
226 5656
226 3111
226 2437
226 2088
226 1718
226 617
226 7981
227 4883
228 8586
228 5757
228 5573
228 4767
228 4554
228 3322
228 3306
228 3210
228 2835
228 2817
228 2732
228 1710
228 1663
228 442
228 8209
228 7971
228 7792
228 7184
228 7142
228 6582
228 6374
228 5025
228 4940
228 4284
228 2598
228 1853
228 6344
229 1301
229 8688
229 5751
229 1832
229 1756
229 606
229 6380
230 7644
230 5792
230 5789
230 5118
230 2580
230 8557
230 8506
230 8261
230 8125
230 7579
230 7511
230 7282
230 7180
230 6534
230 5830
230 4917
230 3795
230 3785
230 2835
230 2262
230 1427
230 875
230 664
230 8590
230 8265
230 8195
230 7896
230 7068
230 6654
230 6309
230 5774
230 5035
230 3251
230 3167
230 1574
231 8210
231 7055
231 2866
231 7732
231 3123
231 2836
232 6633
232 5330
232 5231
232 4059
232 4016
232 3791
232 2706
232 509
232 7441
232 7311
232 7011
232 5945
232 3695
232 3593
232 2535
232 2417
232 742
232 254
233 7867
233 6416
233 5047
233 4667
233 3771
233 3740
233 3728
233 3512
233 1968
233 1578
233 1566
233 571
233 8656
233 7201
233 6974
233 5628
233 5249
233 4902
233 781
233 376
234 8230
234 5876
234 5050
234 4972
234 4938
234 2490
234 8572
234 8285
234 7323
234 7321
234 6379
234 5964
234 5962
234 3601
234 2515
234 1802
235 6801
236 7786
236 6936
236 5964
236 4187
236 8649
236 7807
236 7394
236 6053
236 5408
236 5025
236 3250
236 2534
236 8552
236 910
237 5663
237 293
238 8704
238 7531
238 5445
238 3923
238 3084
238 284
238 8588
238 7386
238 6776
238 6689
238 6637
238 5212
238 5030
238 4716
238 2771
238 2598
238 2164
238 1340
238 1084
238 422
238 7970
238 620
238 556
239 3388
240 8405
240 8540
240 8042
240 6796
240 6054
240 5436
240 3760
240 2361
240 2044
240 248
240 7960
240 7825
240 7811
240 7643
240 7439
240 6944
240 6561
240 5222
240 5192
240 5105
240 3027
240 2579
240 2265
240 828
240 706
240 278
241 8364
241 7075
241 1327
241 4462
242 7977
242 5964
242 8708
242 7249
242 5812
242 5383
242 4913
242 4672
242 4208
242 3533
242 3101
242 1669
242 1072
242 884
242 4742
242 4268
242 3135
242 1927
242 1824
242 727
242 726
242 523
243 6958
243 6416
243 3729
243 2559
243 560
243 5268
243 4211
244 4948
244 3923
244 3905
244 3391
244 3112
244 2872
244 8514
244 8264
244 8029
244 5990
244 5511
244 5219
244 4097
244 3859
244 3507
244 3252
244 2811
244 2507
244 2059
244 1313
244 911
244 2277
245 4686
245 1081
245 8340
245 7636
245 7401
245 3229
245 1983
245 395
245 8109
245 1419
245 402
245 323
246 7911
246 933
246 8535
246 8290
246 8003
246 7292
246 6947
246 6079
246 5403
246 3785
246 3771
246 2750
246 1455
246 915
246 488
246 414
246 8643
246 8637
246 8417
246 8131
246 7467
246 7446
246 7298
246 5368
246 4863
246 3767
246 2874
246 2636
246 1615
246 713
246 408
247 7969
247 7686
247 7264
247 7235
247 6081
247 5621
247 2401
247 1057
247 7705
247 7313
247 6535
247 5110
247 4740
247 1712
247 1238
247 1137
248 7148
248 4696
248 3628
248 2361
248 1883
248 7962
248 6835
248 5224
248 4626
248 4085
248 1013
248 814
249 7984
249 5956
249 5670
249 5112
249 1119
249 282
249 7818
249 6228
249 702
249 682
250 8705
250 7761
250 7067
250 5830
250 2994
250 515
250 8678
250 8412
250 8175
250 7492
250 5470
250 1157
250 5463
250 3836
250 1793
251 6966
251 6466
251 5266
251 3780
251 6986
251 4068
251 2832
252 5898
252 2978
252 744
252 7881
252 7246
252 5860
252 3539
252 3210
252 444
253 3009
253 2551
253 2348
253 298
254 8081
254 7651
254 7303
254 6685
254 5821
254 5715
254 5367
254 4831
254 4276
254 2574
254 308
254 8061
254 7795
254 5896
254 4947
254 3863
254 826
254 708
254 409
255 8015
255 4133
255 3486
255 772
256 4348
256 4333
257 2947
257 4569
258 4827
258 6231
258 4094
258 510
259 3585
259 1826
259 8515
259 3795
259 2584
259 825
260 892
261 7519
261 4586
261 6086
261 4281
262 1001
262 6131
263 6493
264 8324
264 5681
264 4764
264 7836
264 7262
264 4683
264 2721
264 2093
266 7716
266 7591
266 7489
266 2557
266 2413
266 1789
266 1348
266 599
266 8300
266 3814
266 2864
266 1315
267 883
267 865
268 8318
268 8139
268 7749
268 6784
268 6662
268 3950
268 3792
268 2917
268 2660
268 2266
268 1684
268 427
268 376
268 6954
268 6695
268 6593
268 3746
268 3100
268 1335
268 1145
269 8636
269 8385
269 7030
269 6377
269 8473
269 6834
269 6687
269 6014
269 5551
269 5003
269 2170
269 1788
269 403
270 8187
270 8168
270 8002
270 7751
270 5106
270 4171
270 2557
270 781
270 7893
270 7154
270 6398
270 6264
270 5853
270 5077
270 3517
270 1844
271 5874
271 5196
271 5118
271 5099
271 3811
271 1883
271 8700
271 8328
271 7787
271 7693
271 7682
271 7469
271 6639
271 6133
271 6063
271 5948
271 5798
271 5699
271 5508
271 5372
271 4961
271 4087
271 3247
271 2934
271 2608
271 1587
271 1520
271 1336
271 915
271 784
271 290
271 8701
271 8211
271 7968
271 5453
271 5452
271 5380
271 5344
271 5341
271 3597
271 3236
271 3066
271 2638
271 289
272 7989
272 4735
272 3590
272 1428
272 482
272 8516
272 4665
272 4109
272 1595
273 3678
273 2166
273 7992
273 5355
273 4982
273 2440
274 8467
274 4830
274 3729
274 3295
274 2942
274 2831
274 1778
274 8236
274 5634
274 5632
274 4314
274 2667
274 1842
274 601
274 457
274 5764
274 4691
274 1807
275 7034
275 2530
275 8523
275 2930
275 1942
275 8071
275 7275
275 7249
275 6422
275 5067
275 502
276 8428
276 8119
276 8034
276 7977
276 7144
276 6584
276 5386
276 5047
276 4944
276 2265
276 913
276 8654
276 8531
276 8325
276 8219
276 5795
276 5732
276 5383
276 5102
276 4683
276 4213
276 3298
276 686
276 586
276 5780
276 5202
276 4169
277 7724
277 7648
277 6885
277 5952
277 5859
277 301
277 5197
278 8706
278 3995
278 2642
278 1940
278 603
278 8572
278 8428
278 8207
278 8202
278 7746
278 7440
278 7314
278 7293
278 7005
278 5337
278 2680
278 1587
278 1383
278 923
278 8553
278 8240
278 7789
278 5866
278 3948
278 2825
278 2640
279 1264
279 7623
279 4651
279 3137
279 2944
279 955
279 518
280 4548
280 2530
280 1716
280 8410
280 8290
280 8202
280 7998
280 7483
280 7468
280 5339
280 4711
280 4581
280 3742
280 2526
280 2262
280 1091
280 473
280 7249
281 5739
281 7736
281 5171
281 4644
281 1889
281 1237
282 8667
282 5956
282 5803
282 5123
282 3953
282 3611
282 3097
282 2203
282 8588
282 6948
282 5887
282 5878
282 5341
282 5170
282 3101
282 1291
282 993
282 843
283 5551
283 3529
283 2763
283 988
283 854
283 472
284 8685
284 8387
284 7432
284 5636
284 2580
284 2530
284 7707
284 7422
284 6379
284 5607
284 4715
284 4162
284 3789
284 3778
284 3115
284 2852
284 938
284 664
284 564
284 307
284 8308
284 8160
284 7866
284 7789
284 6943
284 5674
284 5098
284 4444
284 3269
284 2821
284 880
284 786
285 8729
285 8635
285 8623
285 7336
285 7097
285 7075
285 6922
285 5292
285 2950
285 990
285 4816
285 2621
285 377
286 8125
286 7471
286 5454
286 8442
286 8154
286 8147
286 8029
286 7981
286 7442
286 7409
286 7295
286 7002
286 5617
286 5382
286 4963
286 3712
286 3537
286 3106
286 2746
286 1693
286 1665
286 1385
286 586
286 8028
286 7325
286 4611
286 4221
286 3376
286 1145
287 8641
287 8548
287 5699
287 5351
287 4772
287 4766
287 2956
287 913
287 8531
287 3724
287 3604
287 3121
287 3019
287 1693
288 8426
288 8311
288 8054
288 7693
288 7352
288 6691
288 6486
288 6370
288 6019
288 5435
288 5366
288 3326
288 2172
288 1274
288 8716
288 8364
288 7804
288 7770
288 7521
288 7334
288 6634
288 6591
288 6468
288 6110
288 5820
288 5743
288 5552
288 5446
288 3018
288 2631
288 2591
288 1482
288 1074
288 7728
289 8066
289 7884
289 7671
289 6921
289 6629
289 5961
289 5121
289 3930
289 3357
289 2835
289 2829
289 2511
289 1148
289 8559
289 8529
289 8154
289 7451
289 7262
289 7114
289 5922
289 5631
289 5301
289 4823
289 4601
289 4095
289 3950
289 3763
289 3094
289 2855
289 2626
289 1446
289 1130
289 826
289 354
289 5822
290 6607
290 8720
290 8677
290 8641
290 8451
290 8282
290 7748
290 7643
290 6753
290 6629
290 5613
290 4049
290 3060
290 1146
290 812
290 429
290 8109
290 5953
290 5548
290 5467
290 4722
290 4489
290 4211
290 3093
290 2695
290 699
290 435
291 7672
292 7067
292 8683
292 8559
292 8472
292 8294
292 8076
292 7968
292 7379
292 6872
292 6703
292 6566
292 6135
292 5896
292 5024
292 4960
292 4692
292 4556
292 3313
292 2792
292 718
292 375
292 312
292 8486
292 8365
292 8181
292 2473
292 1579
292 1558
292 970
293 2026
294 8426
294 7874
294 6370
294 5160
294 4987
294 3717
294 3612
294 2744
294 8651
294 8196
294 8030
294 7521
294 7445
294 7133
294 5911
294 4035
294 3937
294 2814
294 2794
294 1313
294 1085
294 572
294 322
294 8448
294 7084
294 6652
294 5993
294 5266
294 3045
296 5997
296 4126
296 2719
296 2232
297 298
298 7170
298 5457
299 3696
299 4590
300 4272
300 3545
300 3174
300 618
301 2809
301 2474
301 7485
302 4719
302 4506
302 8159
302 3005
302 2981
303 4266
303 7590
303 7239
303 7180
303 6847
303 5964
303 5603
303 2259
303 657
303 8259
303 8211
304 8702
304 6964
304 4687
304 3180
304 2215
304 6272
304 3926
305 8372
305 8269
305 8136
305 7700
305 7577
305 7027
305 6320
305 5945
305 5629
305 5119
305 3254
305 2333
305 8715
305 8305
305 8061
305 7384
305 7254
305 6612
305 6609
305 6000
305 5800
305 5434
305 3749
305 3317
305 2618
305 902
305 8613
306 8674
306 2529
306 835
306 5756
306 4531
306 3905
306 2173
306 4043
307 8387
307 6772
307 3825
307 3246
307 3087
307 933
307 8221
307 7793
307 7455
307 6946
307 6650
307 6618
307 6610
307 5962
307 5787
307 5362
307 5175
307 4740
307 3286
307 2852
307 2704
307 1087
307 743
307 8736
307 8638
307 8588
307 8437
307 8435
307 8374
307 8318
307 8252
307 8244
307 7749
307 7374
307 7131
307 6624
307 6616
307 5800
307 4312
307 2660
307 2583
307 2539
307 2320
307 1241
307 1085
307 738
307 469
308 7982
308 5556
308 1857
308 8050
308 7929
308 5942
308 5913
308 4276
308 3742
308 3304
308 1802
308 1089
308 8699
308 7880
308 5383
308 5097
308 1142
308 1078
309 7618
309 7454
309 7216
309 6960
309 6048
309 5310
309 6905
309 5343
310 8541
310 7065
310 6969
310 6132
310 5050
310 5031
310 3397
310 1502
310 7721
310 7538
310 7321
310 7314
310 6535
310 5659
310 2807
310 2260
310 1663
310 882
310 706
310 656
310 1637
311 1647
311 1416
311 477
312 7977
312 8359
312 8257
312 8055
312 7994
312 7798
312 7447
312 6098
312 5864
312 5729
312 5098
312 4940
312 4609
312 2962
312 2854
312 1344
312 511
312 8486
312 8120
312 8052
312 7557
312 6565
312 761
313 7351
313 5094
314 8489
314 8259
314 8077
314 5990
314 5399
314 5263
314 4822
314 4791
314 2693
314 5280
314 1762
315 4182
315 6811
315 1719
316 5139
316 4694
316 2649
316 2354
317 5141
318 7767
318 8672
318 3917
320 1518
320 411
322 8288
322 7439
322 1594
322 8590
322 8585
322 8551
322 7634
322 6060
322 5811
322 5203
322 2695
322 904
322 427
322 7339
322 7299
322 6485
322 4762
322 3746
322 2823
322 2522
323 7147
323 5576
323 3833
323 3229
323 1707
323 1471
323 731
323 584
323 8571
323 8270
323 5002
323 1596
324 8648
324 7758
324 6796
324 6519
324 5204
324 8677
324 8556
324 6488
324 6340
324 5908
324 4381
324 3737
324 3730
324 2920
324 897
324 705
325 8490
325 6456
325 5872
325 5151
325 564
325 8559
325 8297
325 8153
325 8103
325 5356
325 5163
325 4858
325 4314
325 4116
325 3792
325 3124
325 2950
325 2841
325 2587
325 2518
325 2347
325 1421
325 1334
325 1181
325 931
325 702
325 7771
325 7359
325 5394
325 2684
325 735
325 611
325 588
326 5862
326 8683
326 8061
326 5768
326 3917
326 3533
326 833
326 718
326 3211
326 1069
326 1019
326 896
327 8642
327 8427
327 8358
327 8288
327 8220
327 8200
327 7668
327 7125
327 5516
327 4685
327 4597
327 4273
327 3717
327 1802
327 8368
327 8286
327 8127
327 7133
327 6675
327 6654
327 6582
327 5966
327 5957
327 5782
327 5628
327 5115
327 4760
327 4633
327 4097
327 4035
327 3662
327 1863
327 713
327 599
327 7704
327 5138
327 4105
327 587
328 8744
328 8547
328 8137
328 7474
328 3782
328 3510
328 2638
328 1518
328 1470
328 5478
328 5177
328 1061
329 8627
329 7967
329 5976
329 4938
329 8661
329 7400
329 6568
329 5924
329 5699
329 5110
329 4954
329 2511
329 1973
329 1673
329 895
329 7703
329 6642
329 5631
329 3235
330 8227
330 6170
330 3521
330 3224
330 850
330 8655
330 8535
330 7916
330 7892
330 7293
330 7151
330 6891
330 6437
330 5403
330 5351
330 5095
330 4554
330 4232
330 3302
330 3095
330 2838
330 807
331 7431
331 6737
331 4275
331 8627
331 1643
331 1306
331 7670
331 6372
331 5755
331 4594
331 3030
331 2447
331 2201
332 7781
332 4234
332 2690
332 8610
332 8136
332 7310
332 7231
332 6835
332 6589
332 5900
332 4957
332 2592
332 899
332 384
332 7458
332 6392
332 5153
332 5082
332 4913
332 2274
332 857
332 425
333 1602
333 7392
333 4966
333 4278
333 1119
333 561
333 6637
333 6228
333 5020
334 8678
334 8245
334 8201
334 8076
334 7879
334 6701
334 4940
334 4377
334 3691
334 3660
334 2264
334 1291
334 8552
334 7485
334 6994
334 5310
334 4915
334 3934
334 2339
334 2318
334 481
335 5532
335 3428
335 3326
335 3253
335 2732
335 1843
335 602
335 8160
335 7896
335 7617
335 7113
335 6007
335 5911
335 5328
335 5271
335 5149
335 3529
335 2059
335 1969
336 5660
336 3010
336 2759
336 6978
336 6594
336 4295
336 3976
336 2206
336 518
337 7431
337 6927
337 8709
337 8521
337 7261
337 5856
337 3206
337 2910
337 934
337 8712
337 7815
337 7292
337 5830
337 5801
337 5123
337 4581
337 3262
337 2592
337 1841
337 1013
337 783
338 8691
338 2921
339 6574
339 1752
339 7513
339 7407
339 7032
339 6327
340 4969
341 5721
341 6383
342 7833
342 4311
342 3137
342 8488
342 3612
342 3084
342 2902
342 1594
342 660
342 5393
343 5596
343 6152
343 475
344 8619
344 2681
344 420
344 8715
344 8194
344 7458
344 4669
344 2443
344 2347
345 7145
345 3091
345 5740
345 3500
345 2621
345 8404
345 5880
345 912
346 7977
346 6692
346 5545
346 5454
346 4771
346 8524
346 8378
346 7823
346 6940
346 6703
346 6322
346 6068
346 4700
346 4616
346 4609
346 3676
346 3395
346 704
346 7890
346 5806
346 5370
346 4733
346 787
347 5610
347 5156
347 3722
347 1241
347 997
347 778
347 2087
347 1807
348 6874
348 5411
348 7475
348 7059
348 2205
349 4663
349 2723
349 400
349 8366
349 5537
349 4152
349 2261
350 2370
350 8750
350 8558
350 7451
350 7275
350 6033
350 3803
350 2792
350 687
350 416
351 4764
351 3717
351 3664
351 3286
351 8635
351 8305
351 8297
351 8210
351 7698
351 7203
351 6750
351 6011
351 5897
351 2514
351 1026
351 558
351 701
352 5172
352 4759
352 4736
352 3980
352 3115
352 2139
352 8710
352 7896
352 7068
352 6885
352 6441
352 5056
352 4623
352 7339
352 6463
353 8658
353 8309
353 8269
353 8010
353 7389
353 5270
353 4593
353 3771
353 3730
353 2623
353 2538
353 1707
353 8390
353 6903
353 5995
353 5610
353 5515
353 5059
353 4821
353 4793
353 3239
353 2899
353 2500
353 1809
353 2718
354 8484
354 7983
354 7811
354 7700
354 7671
354 7439
354 6300
354 5294
354 1455
354 1146
354 1012
354 429
354 8555
354 8418
354 8055
354 7858
354 6624
354 6612
354 5368
354 5201
354 4722
354 3807
354 2371
354 2359
354 8128
354 7970
354 2738
354 2705
354 1579
354 1169
355 8733
355 8189
355 2804
355 4343
355 2077
355 490
356 2013
357 8382
357 6088
357 8569
357 7559
357 7505
357 6748
357 6449
357 3207
358 1631
360 6506
360 1469
362 5162
369 7518
369 7117
369 8123
369 8121
369 7723
369 7678
369 7444
369 7229
369 7085
369 6854
369 6688
369 6032
369 5860
369 4596
369 3789
369 2977
369 2777
369 2615
369 729
369 8524
369 8435
369 8211
369 8055
369 7702
369 7420
369 6011
369 5770
369 5477
369 5271
369 4718
369 4556
369 3330
369 2612
369 585
370 7327
370 5779
370 5399
370 5282
370 2796
370 585
370 5731
370 4118
371 8666
371 8527
371 8284
371 8264
371 8259
371 8160
371 8012
371 7876
371 7149
371 7110
371 5194
371 3939
371 3927
371 3863
371 3330
371 3251
371 3018
371 2628
371 2600
371 1613
371 7771
371 7457
371 2684
371 2520
371 1093
372 8151
372 6697
372 5516
372 382
372 7656
372 7376
372 3639
372 2737
372 4661
373 8648
373 7649
373 5204
373 5196
373 2387
373 8618
373 8256
373 7296
373 5295
373 5004
373 3512
373 3143
373 3112
373 2611
373 1594
373 613
373 429
373 8211
373 5292
373 4933
373 3749
373 3233
373 2768
374 3209
374 2739
374 908
374 8555
374 8023
374 6768
374 6632
374 5252
374 5201
374 3763
374 3165
374 2305
374 1065
374 877
374 375
375 8050
375 7668
375 6849
375 6355
375 5565
375 5112
375 4739
375 4635
375 4185
375 1973
375 8624
375 6015
375 4485
375 4310
375 4142
375 2606
375 2430
375 1185
375 8512
375 3296
375 3276
375 3008
376 8311
376 7439
376 6744
376 3742
376 3685
376 8329
376 8139
376 8000
376 7856
376 7384
376 7039
376 5263
376 4953
376 4107
376 3752
376 3323
376 3113
376 2630
376 1446
376 1348
376 1130
376 7564
376 7482
376 4979
376 3814
376 3272
377 8267
377 8208
377 8011
377 7429
377 6974
377 6582
377 6536
377 6136
377 5548
377 5308
377 4775
377 4700
377 3301
377 1346
377 8105
377 8014
377 7503
377 5822
377 4325
377 3579
377 2698
378 6872
378 5513
378 4735
378 4601
378 8446
378 6695
378 5311
378 3610
378 3045
378 2918
378 2171
378 1564
378 6588
378 6097
378 4627
380 8441
380 7205
380 5999
380 5156
380 2737
380 2303
380 6756
382 7806
382 6337
382 3694
382 2885
382 6489
382 3075
382 2224
382 1566
382 5626
382 3121
383 3202
384 6989
384 1025
384 692
384 7736
384 7269
384 7135
384 5892
384 5799
384 3286
384 3226
384 2590
384 1948
384 8551
384 7489
384 6021
384 5627
384 4692
384 3917
384 2841
384 1583
384 402
385 4632
385 4380
385 4361
386 8328
386 8321
386 8178
386 7966
386 7422
386 6685
386 5350
386 4634
386 4594
386 3809
386 2216
386 2172
386 8668
386 8664
386 8281
386 8196
386 8147
386 7985
386 7691
386 5795
386 5790
386 5486
386 5361
386 4888
386 1338
387 3365
387 8708
387 8281
387 8242
387 8209
387 8036
387 7256
387 7131
387 6858
387 6108
387 5804
387 5771
387 5682
387 5278
387 4042
387 3130
387 1856
387 1198
387 8492
387 8091
387 7299
387 5829
387 5409
387 4363
387 4306
387 4268
387 3796
387 3779
387 3008
388 7195
388 6626
388 4982
388 4875
388 3607
388 2853
388 856
388 8681
388 8572
388 8451
388 8399
388 8298
388 8288
388 7785
388 7443
388 5573
388 5372
388 5346
388 5294
388 5174
388 3965
388 3595
388 3163
388 3001
388 2949
388 1455
388 926
389 5193
389 1937
389 8048
389 3826
389 3352
389 3191
389 3136
389 3064
389 2977
389 1858
389 1196
389 660
389 491
390 3813
390 3791
390 3520
390 3246
390 8610
390 8357
390 7813
390 7735
390 7723
390 7428
390 7427
390 5715
390 5224
390 3523
391 7930
391 7716
391 7263
391 7189
391 7007
391 6620
391 5453
391 5434
391 5272
391 4310
391 4142
391 6653
391 5644
391 5138
391 4272
391 3291
391 3222
391 2922
391 445
392 7677
392 5573
392 4734
392 3153
392 2851
392 2833
392 2596
392 1308
392 8137
392 7140
392 5875
392 2115
393 7393
393 6571
393 5022
393 8725
393 8286
393 7749
393 7350
393 5212
393 3775
393 3510
393 3233
393 2609
393 2263
393 1518
393 436
393 7726
393 3461
394 8177
394 6966
394 6687
394 5707
394 5226
394 5020
394 4284
394 3597
394 2624
394 2619
394 502
394 7419
394 7216
394 5133
394 5103
394 2116
395 8130
395 4938
395 4062
395 2416
395 2354
395 1750
395 8737
395 8642
395 8526
395 8156
395 5730
395 5507
395 5192
395 4469
395 3593
395 2648
395 2202
395 1111
395 932
395 642
395 613
395 423
395 414
396 3703
396 7728
396 5938
396 4811
396 3718
396 2362
396 8495
396 4118
397 5799
397 5788
397 852
397 8375
397 7985
397 7146
397 7003
397 3056
397 2787
397 2094
397 562
397 6862
397 5575
398 8520
398 7856
398 7072
398 6468
398 6716
398 2234
399 5712
399 3837
399 2893
399 8197
399 4982
399 2368
399 509
399 8704
399 8332
399 7449
399 6610
399 5435
399 3960
399 2545
399 1114
400 8476
400 7179
400 2688
400 432
400 1167
400 5501
401 5807
401 8683
401 8513
401 8438
401 8065
401 7993
401 7840
401 7608
401 5584
401 5244
401 4779
401 2855
401 8068
401 3739
401 3370
401 3044
401 3003
401 1575
402 8205
402 8165
402 7598
402 7563
402 7144
402 6465
402 5121
402 4941
402 3794
402 3750
402 3687
402 3626
402 2739
402 2634
402 8654
402 8293
402 7256
402 7110
402 5055
402 5024
402 4142
402 1779
402 1607
402 2718
403 7396
403 7317
403 7001
403 5981
403 4531
403 1159
403 976
403 8651
403 8473
403 8092
403 6611
403 4752
404 7975
404 7746
404 7440
404 4945
404 3962
404 3689
404 2732
404 734
404 8701
404 8623
404 8252
404 7612
404 7357
404 7256
404 6100
404 5782
404 5434
404 5212
404 5113
404 4616
404 3929
404 3608
404 3507
404 3323
404 3260
404 2837
404 2607
404 2606
404 2604
404 2600
404 2585
404 2555
404 702
404 6901
404 5394
404 2878
404 1793
405 7128
405 4545
405 1306
405 8476
405 8040
405 7116
405 6942
405 6595
405 6489
405 6445
405 5798
405 4101
405 3777
405 438
405 8638
405 8417
405 6703
405 3705
405 2591
405 1039
405 484
405 408
406 7679
406 6923
406 6010
406 692
406 8659
406 8645
406 8451
406 7320
406 7246
406 6133
406 5340
406 5047
406 5032
406 4861
406 1843
406 920
406 783
406 733
406 8315
406 8064
406 7652
406 7465
406 7446
406 7133
406 6945
406 6538
406 5634
406 5408
406 4687
406 3765
406 3251
406 2636
406 2373
406 826
406 688
406 425
407 3678
407 7490
407 6856
407 6081
407 2828
407 8469
407 7448
407 6942
407 6836
407 6535
407 5871
407 5747
407 4573
407 2590
408 8747
408 8705
408 8199
408 7998
408 7815
408 7671
408 7427
408 7415
408 7042
408 6559
408 5899
408 5508
408 4961
408 3234
408 2616
408 2488
408 2418
408 1383
408 1336
408 925
408 8585
408 8529
408 8429
408 8160
408 8027
408 6775
408 6632
408 5292
408 5210
408 5101
408 4935
408 3931
408 3716
408 2876
408 1770
408 8486
409 8385
409 7964
409 5962
409 3689
409 3230
409 2544
409 8375
409 8314
409 7690
409 7315
409 3130
409 7883
410 8539
410 8125
410 7977
410 7655
410 7444
410 6639
410 5350
410 2732
410 915
410 8673
410 8376
410 8064
410 7770
410 7647
410 7193
410 7140
410 7132
410 6948
410 5272
410 4683
410 3606
410 3018
410 2837
410 1775
410 6344
410 5968
410 5202
410 4379
410 3513
411 8721
411 8574
411 7487
411 5616
411 4987
411 3919
411 1781
411 7297
411 6296
411 2783
411 2734
411 1300
411 5740
411 4776
411 1163
412 8707
412 8434
412 8154
412 7985
412 7856
412 7149
412 6616
412 5178
412 4873
412 4838
412 4722
412 1609
412 990
412 8218
412 7331
412 7070
412 5155
412 2916
412 569
412 4561
413 7620
413 6978
413 4234
413 3087
413 2706
413 8339
413 8220
413 6677
413 5948
413 5776
413 5766
413 4951
413 4667
413 3785
413 3154
413 2704
413 678
413 8585
413 8265
413 8206
413 8196
413 7398
413 7002
413 6970
413 6642
413 6585
413 5086
413 3157
413 2939
413 2818
413 902
414 3860
414 740
414 8256
414 7900
414 7054
414 6639
414 6369
414 5872
414 5450
414 4604
414 4300
414 4141
414 3102
414 824
414 8214
414 6903
415 5638
415 7992
415 5876
415 5168
415 7402
415 7253
415 4521
416 8309
416 8727
416 8153
416 7849
416 4116
416 3963
416 3958
416 3231
416 3076
416 2845
416 1669
416 1157
416 902
416 453
416 8365
416 8337
416 6008
416 4241
416 3583
416 3465
416 2147
417 3034
417 6702
417 6532
417 5008
417 3030
417 1942
417 8634
417 7472
417 7284
417 502
418 7512
418 8506
418 8328
418 8078
418 7396
418 6580
418 4274
418 1782
418 8624
418 7283
418 5625
418 5277
418 4043
418 4033
418 2913
418 2539
418 2252
418 1872
419 7353
419 4550
419 6123
419 5341
419 5030
419 2962
419 1572
419 3738
420 7913
420 8291
420 8223
420 8104
420 7311
420 6691
420 5269
420 4562
420 3655
420 2942
420 2172
420 871
420 8722
420 8702
420 8145
420 7985
420 7370
420 7047
420 6227
420 5866
420 5614
420 5261
420 2366
420 1613
420 1132
421 5445
421 8727
421 8529
421 8296
421 8262
421 8242
421 7981
421 7291
421 6100
421 5793
421 3627
421 2588
421 2352
421 1424
421 776
421 7594
421 6396
421 5394
421 3755
422 7450
422 6944
422 6942
422 6861
422 6808
422 6580
422 3356
422 2942
422 2909
422 2835
422 2544
422 1143
422 564
422 8665
422 8513
422 8318
422 8317
422 8294
422 8264
422 8166
422 8108
422 7985
422 7742
422 7316
422 6563
422 5356
422 5115
422 4985
422 4856
422 4543
422 3981
422 3921
422 3165
422 3018
422 2854
422 2701
422 2607
422 2267
422 935
422 708
422 5575
422 5394
422 5202
422 3513
423 8578
423 8170
423 4875
423 3318
423 2773
423 2354
423 8577
423 8511
423 7979
423 7352
423 7211
423 6610
423 6171
423 5633
423 3809
423 3612
423 3247
423 2509
423 1162
423 544
423 7772
423 7384
423 6707
423 5790
423 5058
423 3126
423 2589
423 1684
423 781
424 8748
424 8709
424 7117
424 5411
424 3646
424 1342
424 8173
424 6636
424 3136
424 3115
424 2958
425 8550
425 6849
425 6355
425 6041
425 5373
425 5004
425 4456
425 2791
425 1570
425 8698
425 8683
425 8626
425 8215
425 7768
425 7056
425 5768
425 5383
425 5142
425 5053
425 4095
425 2691
425 1638
425 486
426 1799
426 7354
426 6739
426 6306
426 1267
427 8125
427 3029
427 8695
427 8638
427 8296
427 8244
427 8212
427 8195
427 8139
427 8103
427 8076
427 8055
427 8029
427 7260
427 6426
427 6324
427 5946
427 5774
427 5632
427 5448
427 5356
427 5178
427 5117
427 4856
427 4556
427 3194
427 3094
427 1950
427 469
427 7070
427 2999
427 1882
428 3704
428 4662
428 1560
429 8535
429 8410
429 8269
429 8191
429 7951
429 7300
429 7116
429 5346
429 3511
429 3270
429 2819
429 1946
429 8551
429 8329
429 8183
429 8131
429 7604
429 5117
429 3807
429 3078
429 2913
430 7990
430 6079
430 4443
430 4249
431 8668
431 8208
431 6894
431 6873
431 5866
431 4931
431 4687
431 2658
431 1580
431 4112
431 1036
431 2409
432 3521
432 7838
432 7198
432 6644
432 6638
432 6133
432 5778
432 3730
432 3254
432 2697
432 1350
432 1023
432 785
432 567
432 8293
432 8027
432 7576
432 7458
432 5804
432 4031
432 3403
432 1334
432 998
433 7908
433 4209
433 2252
433 1446
433 703
433 8675
433 6593
433 6423
433 5822
433 5550
433 3824
433 1907
434 8667
434 8661
434 8372
434 8331
434 7642
434 4784
434 4607
434 3766
434 2992
434 2670
434 8664
434 8293
434 8210
434 8139
434 7978
434 7795
434 7593
434 6616
434 5790
434 5117
434 5097
434 3105
434 2766
434 2443
434 2167
434 638
435 8747
435 7382
435 7301
435 6369
435 5641
435 5619
435 4667
435 3809
435 3641
435 3593
435 3109
435 3040
435 8571
435 2822
435 8254
435 1448
436 8260
436 5386
436 4917
436 3114
436 8160
436 8057
436 7968
436 7949
436 7763
436 7626
436 6975
436 3807
436 2640
436 2548
436 1856
436 507
436 7299
436 5809
436 5415
436 4499
436 1582
437 7860
437 6270
437 3383
438 2671
438 440
438 7793
438 7395
438 7129
438 5965
438 5384
438 5346
438 5192
438 5151
438 4951
438 4574
438 4381
438 3131
438 2933
438 2623
438 2448
438 1610
438 1162
438 845
438 798
438 693
438 8289
438 8265
438 8183
438 7025
438 6952
438 6624
438 6426
438 5808
438 5055
438 4365
438 3366
438 2822
438 2593
438 2577
438 2430
439 8044
439 6780
439 3348
439 3208
439 2651
439 1388
439 4967
439 2168
440 5636
440 1195
440 8399
440 8062
440 7469
440 7289
440 7125
440 6034
440 5778
440 5395
440 5270
440 5110
440 5004
440 4951
440 4943
440 4830
440 4456
440 3776
440 3060
440 2728
440 2668
440 2515
440 913
440 636
441 956
441 5321
441 2947
441 2908
441 1488
442 8482
442 8188
442 7952
442 7638
442 5964
442 2561
442 991
442 922
442 446
442 8662
442 7993
442 7398
442 7150
442 5952
442 5749
442 5369
442 5332
442 4934
442 4103
442 928
443 4051
443 7206
443 6270
443 5330
443 4671
443 4040
443 2910
443 1822
443 8618
443 7682
443 5962
443 3163
443 2707
443 1839
443 1304
443 785
444 4266
444 3246
444 1131
444 8523
444 8102
444 7980
444 7762
444 7323
444 6618
444 6571
444 6320
444 5366
444 4959
444 4955
444 2744
444 2415
444 733
444 8588
444 7624
444 2207
444 688
445 8430
445 1230
445 7391
445 3665
445 3399
445 2449
445 2275
445 1845
446 7481
446 6856
446 8155
446 7700
446 7514
446 7135
446 6951
446 6570
446 5026
446 3271
446 2515
446 1659
446 1114
446 8722
446 8465
446 8160
446 7558
446 7256
446 7132
446 7131
446 6873
446 6834
446 6356
446 5946
446 4856
446 4621
446 2267
446 1779
447 7246
447 6847
447 1301
447 8093
447 7683
447 6630
447 5989
447 6314
448 6872
448 8446
448 8365
448 7339
448 7049
448 6187
448 4776
448 4702
449 8095
449 5146
449 5104
449 5419
450 3757
450 2879
450 495
450 7597
450 5677
450 4563
450 3705
451 5466
451 8581
451 6865
451 6697
451 4906
451 3345
451 2639
451 1172
451 7597
451 7177
451 6449
451 5288
452 5973
452 1924
452 4190
452 2904
453 8047
453 7654
453 7014
453 5113
453 3653
454 3067
455 8441
455 7972
455 7112
455 5506
455 2536
455 1257
455 8362
455 7595
455 7325
455 7073
455 4091
455 3715
455 3536
455 1882
456 4923
457 3826
457 1890
457 8322
457 7924
457 7856
457 7587
457 7559
457 7376
457 4821
457 3792
457 3220
457 1872
457 1079
457 4762
458 2221
458 4983
458 3484
458 2579
458 7201
458 5626
458 4925
458 2524
458 1769
459 8460
459 7629
459 8384
459 6716
459 5853
459 1990
459 1931
460 4037
460 2381
461 8495
461 2217
462 7006
462 6575
462 3149
462 7356
464 6454
465 4378
466 7117
466 5832
466 2898
466 694
466 6700
466 6559
466 5224
466 1851
467 2068
467 7547
467 6078
467 895
468 6277
468 6932
468 6633
469 8080
469 7441
469 7396
469 7067
469 6983
469 4949
469 2722
469 2172
469 8687
469 7896
469 7451
469 7430
469 6068
469 5820
469 5774
469 5614
469 5479
469 4505
469 2607
469 2586
469 834
469 562
469 554
469 8486
469 5158
469 3033
469 2749
469 1090
470 6118
471 7885
471 7788
471 5023
471 3699
471 1667
471 832
471 7040
471 6067
471 6032
472 7690
472 7113
472 5859
472 5647
472 5586
472 4326
473 5708
473 3433
473 6589
473 5224
473 2418
473 2370
473 2324
473 1899
475 3498
475 551
475 2989
475 1494
477 7551
477 3956
477 3802
477 3143
479 654
480 5309
481 7152
482 6276
482 5610
482 3748
482 3639
482 2373
482 4499
483 5411
483 8084
483 6733
483 6038
483 5047
483 2859
483 2348
483 1115
483 6498
483 5870
483 4939
484 8642
484 6735
484 5021
484 3040
484 1707
484 8094
484 7348
484 7309
484 2827
484 2636
484 2604
485 3003
485 1347
486 7657
486 7301
486 6606
486 6300
486 4936
486 3770
486 3728
486 3311
486 2670
486 8701
486 8401
486 8302
486 8096
486 6970
486 6649
486 6612
486 5897
486 5808
486 5782
486 5360
486 5272
486 5228
486 3683
486 3606
486 3231
486 1950
486 1596
486 911
486 1722
486 802
487 6219
487 7833
487 6010
487 4355
487 6681
487 5214
487 4328
487 1136
488 7911
488 6613
488 8749
488 8511
488 8313
488 8191
488 8155
488 6828
488 6636
488 5753
488 5456
488 5223
488 4636
488 3789
488 3103
488 3092
488 1023
488 828
488 8666
488 8187
488 6985
488 6540
488 6009
488 5745
488 4933
488 4489
488 3330
488 2587
489 3540
489 2884
489 8023
489 3598
489 2677
489 3926
490 6428
491 8752
491 4738
491 2817
491 2546
491 2544
491 1851
491 693
491 8437
491 5974
491 1588
491 1141
492 5742
492 8569
492 6449
492 1619
492 960
493 8412
493 4935
493 3323
493 3134
493 8743
493 7771
493 6746
493 6560
493 1804
493 1100
494 5528
494 1758
494 7423
494 6316
494 6183
494 5220
494 8047
494 5002
494 4980
495 7945
495 7820
495 2773
495 7878
495 7296
495 6171
495 5276
495 3952
495 3148
495 3017
495 2436
495 875
495 8273
495 7772
495 7262
495 6168
495 3078
496 1251
496 6737
496 5181
496 1123
496 6732
496 6633
496 5238
496 1057
497 7654
497 2696
497 8500
497 3003
497 1979
497 1209
497 4261
498 6051
498 4970
498 4807
499 4399
500 3823
501 3517
502 6294
502 6047
502 5657
502 3387
502 2732
502 1289
502 7968
502 7724
502 7066
502 2757
502 507
502 3135
504 3911
504 1629
504 4995
505 2508
505 8459
505 8119
505 6981
505 5752
505 5161
505 2840
505 691
505 8429
505 5888
505 4297
505 2531
505 2438
505 1596
506 5063
506 2467
507 7784
507 5224
507 3155
507 6950
507 6640
507 3091
507 6036
508 1045
509 8648
509 6081
509 4671
509 2706
509 2568
509 2465
509 7312
509 734
510 2393
510 6904
510 6710
511 7486
511 5862
511 2651
511 1926
511 7832
511 6898
511 5896
511 3180
512 821
512 3038
513 8134
513 3054
513 8581
513 8225
513 5250
513 3289
513 1951
513 720
513 684
513 602
513 5446
513 5300
513 3330
514 7992
514 7076
514 6732
514 6530
514 5643
514 3363
514 1616
514 8340
514 6005
514 5907
514 4831
514 2942
514 2324
514 1522
514 1094
514 615
515 4329
515 3995
515 3760
515 7929
515 7427
515 7352
515 6618
515 5549
515 4739
515 4636
515 4331
515 2535
515 2425
515 8549
515 8055
515 7473
515 7142
515 6964
515 6536
515 5795
515 5083
515 5059
515 4485
515 2658
515 2543
515 1696
515 1439
515 741
515 586
516 8588
516 8463
516 8435
516 6175
516 5858
516 5804
516 4953
516 4731
516 3683
516 1083
516 833
516 803
516 708
516 563
516 6134
516 3650
516 3389
516 909
516 787
517 4280
517 1589
517 8260
517 7815
517 7115
517 5956
517 2958
517 2730
517 2216
517 809
517 636
517 7965
517 7691
517 7602
517 7467
517 7447
517 7386
517 7113
517 5630
517 5200
517 3772
517 3324
517 2841
517 2809
517 2734
517 2600
517 2586
517 2059
517 1861
517 699
518 6655
518 5660
518 3741
518 7829
518 7649
518 3806
518 2441
518 8681
518 6891
518 5334
519 5099
519 4280
519 8533
519 7814
519 7700
519 7619
519 7253
519 6854
519 6232
519 5545
519 4945
519 4645
519 4607
519 2852
519 2513
519 980
519 690
519 8374
519 8149
519 8146
519 7879
519 7626
519 7477
519 7140
519 5774
519 5630
519 4953
519 4284
519 3726
519 2768
519 2619
520 2137
520 1963
520 7189
520 4103
520 2531
520 870
520 853
521 8464
521 5553
521 3855
521 3283
521 2853
521 1155
521 8749
521 8741
521 8213
521 7761
521 7312
521 5699
521 5567
521 4581
521 3103
521 2417
521 2255
522 5832
522 3181
522 3137
522 5334
522 1710
522 942
523 8683
523 5578
524 8037
524 5791
524 4385
524 3766
524 2561
524 2370
524 8719
524 7896
524 7763
524 7558
524 7357
524 5509
524 5364
524 4940
524 3686
524 2586
524 2543
524 1827
524 570
525 1281
525 7454
525 6207
527 4912
527 1343
528 7495
531 5722
531 2208
532 4867
532 3429
533 8507
533 1895
536 1413
536 7544
536 3564
541 8412
541 8204
541 7659
541 6490
541 5878
541 5674
541 5321
541 2821
541 1627
541 8082
541 7861
541 7637
541 7305
541 4841
541 909
543 8332
543 7983
543 5407
543 3923
543 3905
543 3904
543 3770
543 3064
543 3005
543 1577
543 684
543 8725
543 8651
543 8623
543 7574
543 7307
543 6966
543 6368
543 5904
543 5671
543 4526
543 4299
543 3026
543 2445
543 5266
544 8180
544 7765
544 7644
544 4671
544 8749
544 8660
544 8255
544 8111
544 8034
544 7916
544 7475
544 7198
544 6067
544 5941
544 5372
544 4954
544 4469
544 3668
544 3354
544 3286
544 3085
544 3031
544 3020
544 2268
544 932
544 660
544 8477
544 7794
544 5947
544 5866
544 4314
544 2950
544 1809
544 921
544 902
545 8559
545 8508
545 8139
545 2557
545 8369
545 7844
545 7637
545 6446
545 5275
545 5049
545 3769
545 2820
545 4173
546 8222
546 7930
546 7298
546 5614
546 5342
546 2854
546 2827
546 2793
546 2788
546 7621
546 7299
546 6169
546 6134
546 5489
546 3665
546 6004
547 6219
547 2550
547 8717
547 8004
547 6509
547 1017
547 8298
547 5620
547 3905
547 2424
547 2411
547 1581
547 548
548 6002
548 8510
548 8488
548 7469
548 6891
548 5407
548 2713
548 737
548 8483
548 8273
548 8206
548 5597
548 5274
548 2612
548 2191
548 1109
549 7076
549 7138
549 5752
549 5696
549 5504
549 2467
549 1543
549 2975
550 8699
550 8559
550 8152
550 7193
550 7126
550 5364
550 2585
550 1773
550 1040
550 6491
550 6186
550 3858
550 1650
551 5356
551 1976
551 3389
552 7830
552 6010
552 4719
552 2928
552 2689
552 2387
552 7257
552 7212
552 5836
552 5469
552 3952
552 2564
552 1437
552 1427
553 7697
553 2759
553 6010
553 4295
553 1017
553 5598
553 3924
553 1555
554 6944
554 5373
554 3756
554 3523
554 3486
554 3256
554 925
554 561
554 8723
554 8263
554 7214
554 5244
554 4485
554 4302
554 1316
554 916
554 833
555 6963
555 3180
555 1911
555 846
555 8356
555 5644
555 1799
555 1422
556 4871
556 3063
556 2536
556 1300
556 1139
556 7834
556 5109
556 4181
556 4105
556 2116
557 3341
557 2703
557 2357
557 1196
557 8414
557 8346
557 6931
557 3038
557 2802
557 2588
557 2445
557 1424
557 7381
558 8151
558 8441
558 8327
558 7823
558 7226
558 6634
558 5030
558 3293
558 2632
558 1862
558 2487
559 7153
559 4428
559 739
559 8342
559 8171
559 8143
559 8003
559 6488
559 5910
559 4573
559 4022
559 1111
559 1051
559 812
559 8252
559 7909
559 7641
559 7262
559 5786
559 3929
559 2715
559 566
560 6003
560 1342
560 8658
560 7116
560 6443
560 5694
560 4914
560 4613
560 2688
560 1983
560 8297
560 4817
560 3403
560 1611
561 8671
561 5941
561 5269
561 4932
561 3962
561 3601
561 2590
561 1064
561 908
561 8634
561 8558
561 7694
561 7357
561 7298
561 7291
561 7002
561 6940
561 6858
561 5812
561 5800
561 5729
561 5308
561 5291
561 5252
561 4614
561 4213
561 3912
561 3701
561 2359
562 8728
562 8714
562 7910
562 7719
562 7511
562 5395
562 3766
562 3040
562 8481
562 8284
562 8152
562 8061
562 5895
562 5618
562 5360
562 5097
562 3773
562 2941
562 2591
562 2516
562 2442
562 1181
562 1107
562 3779
562 940
563 7085
563 8551
563 8412
563 8376
563 8374
563 6522
563 5707
563 2586
563 829
563 1312
564 8697
564 8519
564 8292
564 8066
564 8022
564 7785
564 7677
564 7579
564 7427
564 7399
564 7355
564 7212
564 6627
564 6622
564 6096
564 5940
564 3643
564 3253
564 3232
564 942
564 785
564 737
564 8585
564 7398
564 7205
564 7203
564 6968
564 6616
564 6060
564 5491
564 5382
564 5035
564 3078
564 884
564 779
565 1647
565 7980
565 6691
565 6622
565 6234
565 5481
565 4936
565 3785
565 3777
565 3122
565 3099
565 2954
565 2764
565 2616
565 1884
565 734
565 8286
565 8265
565 8211
565 5586
565 4616
565 3747
565 2514
565 703
566 8740
566 8705
566 8536
566 8313
566 8140
566 8116
566 7746
566 7292
566 5629
566 4930
566 4738
566 4594
566 3923
566 3539
566 3326
566 664
566 8623
566 8555
566 8472
566 8244
566 8217
566 8195
566 8126
566 8076
566 7763
566 7600
566 5509
566 5369
566 4823
566 4669
566 3323
566 3266
566 3113
566 2876
567 6613
567 7645
567 7042
567 5801
567 5147
567 4932
567 3946
567 3643
567 3342
567 2934
567 2868
567 2750
567 8702
567 8513
567 8341
567 8330
567 8164
567 8129
567 6894
567 5800
567 5397
567 5191
567 5086
567 4909
567 4823
567 3783
567 2957
567 2640
567 2586
567 570
568 7481
568 7432
568 6613
568 3261
568 3028
568 8730
568 8431
568 7791
568 7766
568 7642
568 7577
568 7310
568 7144
568 6390
568 6345
568 5801
568 5366
568 4951
568 4861
568 4763
568 4740
568 4049
568 3778
568 3539
568 3159
568 2750
568 2278
568 1978
568 907
569 8435
569 8314
569 8248
569 8187
569 8166
569 8148
569 7491
569 5804
569 3189
569 2854
569 2712
569 1585
569 722
569 8492
569 6752
569 5781
569 5280
569 1113
569 621
569 6884
569 5293
570 8535
570 7319
570 5304
570 4943
570 4711
570 3356
570 2831
570 2670
570 8643
570 7764
570 7608
570 6768
570 5368
570 5325
570 5272
570 5113
570 4947
570 2586
570 2442
570 1815
570 8091
570 2749
571 5636
571 3646
571 2785
571 2145
571 1183
571 7399
571 7059
571 6688
571 6617
571 5208
571 5047
571 3798
571 3672
571 3539
571 2620
571 1772
571 1196
571 589
571 8652
571 8278
571 5923
571 5743
571 4171
571 2695
571 1684
572 8255
572 8066
572 7785
572 6639
572 5964
572 5545
572 4736
572 2620
572 2471
572 918
572 664
572 8649
572 8547
572 8029
572 6966
572 5228
572 5010
572 4958
572 3851
572 990
572 5415
573 7969
573 5330
573 2936
573 2848
573 6005
573 5744
573 5269
573 5021
573 2831
573 2722
573 2668
573 2172
573 913
573 731
573 8341
573 5387
573 4045
574 5436
574 3760
574 7478
574 7449
574 7448
574 6066
574 5629
574 5579
574 3203
574 2934
574 2540
574 1978
576 5216
576 2355
576 5233
576 2478
578 3341
578 729
578 2794
578 1585
578 6314
579 1938
580 7200
581 6143
581 5193
581 4982
581 3177
581 3034
581 8385
581 7979
581 7718
581 7123
581 6284
581 4769
581 695
581 7973
581 7971
581 7445
581 7284
581 1720
582 976
582 6241
582 2483
582 3184
583 8125
583 7115
583 5567
583 4287
583 4282
583 3823
583 3306
583 693
583 8374
583 8152
583 8055
583 7328
583 4160
583 3863
583 2925
583 2811
583 2783
583 2638
583 2585
583 2420
583 1396
583 1002
583 7650
583 7073
583 6686
583 5938
583 4595
583 2830
584 4119
584 1850
585 8622
585 8339
585 2819
585 2259
585 926
585 828
585 8139
585 8030
585 7516
585 7446
585 5947
585 5586
585 5389
585 4821
585 4458
585 2811
585 2429
585 1381
585 8082
585 8052
585 7070
585 5370
585 4773
585 1888
586 7975
586 7303
586 5967
586 5941
586 5046
586 2509
586 2216
586 8718
586 8434
586 8210
586 8161
586 7832
586 7694
586 7348
586 7332
586 4095
586 3614
586 3507
586 3339
586 2581
586 2484
586 1181
586 8344
586 7695
586 3926
586 1866
586 1576
586 1015
587 8529
587 8348
587 8214
587 8152
587 7254
587 6872
587 5995
587 5449
587 5274
587 3590
587 2606
587 1044
587 1026
587 699
587 6360
587 4702
587 4611
587 3432
588 8640
588 8462
588 7763
588 7617
588 7291
588 7071
588 6943
588 6616
588 3330
588 3167
588 2736
588 2555
588 1872
588 1109
588 830
588 8120
588 7594
588 6302
588 2857
588 1312
589 881
589 8625
589 8526
589 7377
589 5481
589 5403
589 3512
589 3112
589 3020
589 2173
589 8185
589 7756
589 2539
590 8098
590 7128
590 6567
590 4062
590 856
590 8415
590 8066
590 7811
590 7116
590 6486
590 5481
590 4787
590 3785
590 1666
590 1541
591 5976
591 4852
591 944
591 7269
591 5910
591 4943
591 4615
591 4087
591 3256
591 2840
591 1522
591 5768
591 5509
591 5113
591 5082
591 3724
591 3235
591 3165
591 2094
592 4721
592 1025
592 8136
592 7841
592 5821
592 5752
592 5336
593 5165
593 4363
593 4293
593 4089
593 5635
593 3147
594 6030
594 5175
594 4494
594 4179
594 2960
594 2732
594 2542
594 2470
594 1965
594 1305
594 8315
594 5564
594 5543
594 4750
594 4505
594 2708
594 2619
594 2420
594 2115
595 7145
595 3207
595 8546
595 3515
596 7738
596 6614
596 3387
596 8736
596 8273
596 7491
596 7411
596 7142
596 5878
596 5274
596 5149
596 2736
596 8492
596 8014
596 7824
596 2784
596 1928
597 7730
597 5689
597 4099
597 3190
598 7065
598 5792
598 3177
598 2642
598 2354
598 8618
598 7816
598 3102
599 8331
599 7990
599 6416
599 4840
599 3717
599 1890
599 1697
599 1350
599 8635
599 8141
599 8124
599 7285
599 7260
599 5058
599 4217
599 3898
600 8135
600 6780
600 5373
600 2467
600 1133
600 1096
600 915
600 8739
600 3138
600 2895
601 8536
601 6808
601 5352
601 4764
601 3486
601 3109
601 1973
601 8056
601 7821
601 7507
601 7295
601 5959
601 5775
601 5634
601 5272
601 5153
601 4933
601 2606
601 2593
601 2557
601 1580
601 1316
601 5764
602 7286
602 7217
602 1714
602 8510
602 7769
602 7009
602 6419
602 5445
602 3904
602 2851
602 7724
602 3805
602 3026
603 2759
603 7606
603 7076
603 3657
603 3086
603 1940
603 1667
603 2324
604 7562
604 7110
604 6709
604 6616
604 5479
604 3101
604 2957
604 1618
604 8128
604 7831
604 7079
604 5165
604 2878
604 1145
604 910
605 5927
605 4742
605 4268
605 1575
605 4448
606 6779
606 5454
606 4591
606 3131
606 1925
606 8725
606 8623
606 5363
606 5344
606 3781
606 3266
606 2768
606 2588
606 5993
606 2937
607 8713
607 5563
607 4705
607 1050
608 7854
608 7519
608 6439
608 2808
608 5984
609 7428
609 7501
609 5895
609 4485
609 2827
609 1138
609 3448
610 5424
610 2351
610 8554
610 8278
610 5051
610 3118
611 8301
611 8011
611 7016
611 3691
611 2771
611 1074
611 8028
611 7844
611 4387
611 2487
611 879
611 822
611 6755
611 6573
611 5880
611 1100
612 6268
612 6826
612 1886
613 7649
613 2118
613 8440
613 7734
613 7377
613 5998
613 3771
613 2806
613 1023
613 8474
613 7192
613 7133
613 3916
613 3854
613 2822
614 7770
614 8448
614 2684
614 994
615 8383
615 4119
615 2144
615 624
615 7603
615 6835
615 5395
615 5336
615 4941
615 2929
615 8353
615 8341
615 6612
615 4774
615 4271
616 7077
616 4764
616 2859
616 1996
616 1763
616 7865
616 4939
616 4817
616 3305
616 1684
617 8669
617 8600
617 6989
617 4972
617 4792
617 3647
617 7739
617 7682
617 7440
617 6534
617 5549
617 5350
617 3153
617 2255
617 1858
617 938
617 8662
617 8525
617 7215
617 5952
618 6709
618 3938
618 3804
618 2426
618 4272
618 2570
619 6856
619 4172
619 2869
619 8426
619 8255
619 8125
619 7530
619 7479
619 7418
619 7311
619 7239
619 6580
619 5350
619 5112
619 5032
619 4936
619 3328
619 2726
619 2578
619 2542
619 1238
619 1133
619 885
619 8624
619 8473
619 8055
619 8041
619 7628
619 5631
619 5200
619 4947
619 3094
619 2640
620 8474
620 7988
620 7336
620 6352
620 5989
620 5923
620 5152
620 2883
620 2822
620 2768
620 2609
620 2549
621 8306
621 5896
621 4155
621 3691
621 2734
621 2626
621 2257
621 2090
621 1773
621 697
621 8743
621 7958
621 7482
621 5280
621 4236
622 4830
622 4764
622 4381
622 3750
622 7597
623 6050
623 5906
623 5311
623 3500
623 937
623 4462
623 728
624 1303
624 663
624 8470
624 6918
624 5696
624 1089
624 1013
624 878
625 3184
626 7085
626 6635
626 4769
626 2945
626 2532
626 1310
626 8263
626 7968
626 7227
626 7095
626 6925
626 5771
626 4430
626 3942
626 3744
626 3251
626 2537
628 7364
628 6225
628 5719
628 3699
628 7414
628 7191
628 6518
628 5605
628 4759
628 4289
628 3789
628 2807
628 2546
628 1049
628 8308
628 4552
628 4518
628 2940
628 1075
630 6311
630 3435
634 7247
634 7225
635 4686
635 2848
635 6451
635 3295
635 3173
635 7194
635 2414
636 7797
636 7241
636 6607
636 6002
636 3087
636 1027
636 8647
636 8622
636 7367
636 6650
636 6561
636 6445
636 5607
636 5306
636 5294
636 4634
636 4385
636 3770
636 3191
636 3131
636 3081
636 2815
636 8297
636 8204
636 7608
636 7130
636 4291
636 4189
636 2768
636 2636
636 2622
637 8243
637 4670
637 8469
637 8251
637 7998
637 7894
637 7884
637 7793
637 5848
637 3626
637 2805
637 2676
637 1051
637 705
637 8442
637 7840
637 7832
637 6703
637 6699
637 6000
637 5768
637 5244
637 5086
637 2975
637 2715
637 686
638 8517
638 7471
638 7450
638 6030
638 5604
638 5359
638 2096
638 1837
638 8477
638 7896
638 7288
638 7142
638 6701
638 6429
638 6009
638 5896
638 5790
638 5408
638 5101
638 5059
638 2766
638 2691
638 2257
638 884
638 7299
638 5370
638 3296
638 2830
638 2439
639 6107
640 8440
640 7590
640 5454
640 4591
640 3154
640 7516
640 6675
640 5911
640 5777
640 5236
640 4981
640 2724
640 2624
640 2583
640 1121
640 702
640 699
640 7834
640 5606
640 4499
640 1582
640 1004
642 5139
642 3855
642 2828
642 2671
642 2486
642 1834
642 8550
642 7983
642 6570
642 4101
642 3946
642 3943
642 3286
642 3083
642 2813
642 2590
642 1304
642 8307
642 8286
642 8252
642 7882
642 5289
642 2950
642 884
643 6223
643 6885
643 4782
643 3887
643 2760
644 8299
644 8251
644 8083
644 5801
644 5198
644 5112
644 4711
644 2521
644 2262
644 7953
644 7912
644 7451
644 7398
644 6467
644 5768
644 5361
644 5264
644 5163
644 3963
644 3712
644 3392
644 2855
644 2854
644 2531
644 8613
644 7525
644 5968
644 5868
644 5500
644 4589
644 2980
645 6002
645 4355
645 4136
645 3646
645 3318
645 3042
645 2272
645 933
645 8557
645 8319
645 8282
645 8173
645 7964
645 7813
645 7796
645 7791
645 7723
645 7267
645 7118
645 6688
645 6570
645 6456
645 6019
645 5954
645 4932
645 4862
645 4749
645 3685
645 2447
645 2172
645 1140
645 1000
645 8585
645 8257
645 8252
645 7981
645 5751
645 5408
645 4822
645 4592
645 704
646 6137
648 1016
650 2301
652 6590
653 6990
653 4553
653 3696
653 8737
653 4285
653 2755
653 1998
653 1188
653 4031
655 7818
655 5864
655 1976
655 1518
655 8232
655 7986
655 5834
655 5478
655 1730
655 1066
656 7527
656 8700
656 8582
656 8140
656 7927
656 7554
656 7365
656 2872
656 6630
656 2940
657 835
657 8377
657 7757
657 7272
657 7080
657 6677
657 4604
657 918
657 8338
657 7852
657 4942
657 4534
658 8293
658 7193
658 6033
658 4927
658 4547
658 3763
658 2610
658 2593
658 1150
658 7276
658 6421
658 5679
658 3665
658 3205
658 1553
658 822
659 4173
660 8645
660 8506
660 7960
660 7575
660 7377
660 7041
660 6847
660 6688
660 5924
660 4315
660 3952
660 3599
660 3262
660 2411
660 2202
660 2128
660 1837
660 1483
660 8718
660 8474
660 8129
660 6188
660 5385
660 3507
660 1281
660 866
661 2974
661 2119
661 1110
661 6386
661 3623
662 8705
662 8453
662 8207
662 7415
662 6005
662 5755
662 5270
662 4860
662 908
662 6098
662 5272
662 5028
662 5002
662 4980
662 4142
662 3653
662 2012
662 1665
662 8743
662 2749
663 7486
663 6671
664 8706
664 7148
664 3397
664 2943
664 2928
664 2368
664 934
664 8756
664 8659
664 8431
664 8309
664 8282
664 7884
664 7267
664 6606
664 5386
664 5340
664 5281
664 2608
664 2129
664 1778
664 783
664 734
664 8265
664 7442
664 6646
664 4963
664 4171
664 1692
664 1446
665 6762
665 7044
666 6746
666 787
666 761
666 8379
666 6884
666 6145
666 3690
666 1431
667 6148
667 3830
668 7006
668 6617
668 6590
668 4150
668 3817
668 1483
668 7521
668 7045
668 3293
669 3336
670 7611
670 5244
670 5221
671 6518
672 6845
672 5486
672 2527
672 8492
672 8419
672 8115
672 5822
672 5109
672 4549
672 4286
672 3858
672 3169
672 2669
672 2647
673 6855
673 6045
673 3488
673 1625
674 8339
674 8169
674 6575
674 5363
674 5156
674 4939
674 3781
674 2428
674 1302
674 1102
676 8114
676 8003
676 8520
676 6709
676 5732
676 5108
676 4823
676 2577
676 2557
678 7753
678 6010
678 1658
678 8749
678 8655
678 8467
678 8213
678 7977
678 7402
678 7313
678 6427
678 5753
678 5696
678 5174
678 5071
678 5032
678 3083
678 1136
678 1076
678 7274
679 5245
680 5483
680 1980
680 7416
680 7322
680 6772
680 6236
680 6210
680 3791
680 3489
680 3246
680 2898
681 6509
681 4039
681 1105
681 8220
681 8084
681 7054
681 6323
681 4551
681 4283
681 1158
682 4504
682 2392
682 951
683 5252
683 4973
683 4622
683 2599
683 1880
683 1789
683 7096
683 5049
684 6377
684 5890
684 3259
684 5477
685 969
685 3933
685 985
685 7422
685 6896
685 5940
685 5359
685 5071
685 3774
685 3693
686 8288
686 8255
686 8207
686 7976
686 6843
686 5281
686 3730
686 2688
686 897
686 8683
686 8375
686 8326
686 7599
686 7274
686 5946
686 5800
686 3921
686 3508
686 3505
686 2793
686 2359
686 1856
686 8743
686 8115
687 8542
687 6877
687 7529
687 7510
687 4116
687 2812
687 2127
687 3922
687 1986
688 8636
688 7455
688 7396
688 6424
688 5545
688 3753
688 2872
688 737
688 8320
688 8011
688 7972
688 7876
688 7696
688 7265
688 7258
688 6175
688 5951
688 5586
688 4487
688 3781
688 3708
688 3676
688 3313
688 2352
688 1853
688 1572
688 7958
688 5103
688 4286
689 8674
689 2847
689 8581
689 8339
689 6678
689 6390
689 5114
689 3367
689 2407
689 1837
689 1710
689 1594
689 8483
689 5124
689 3233
689 2638
689 2445
690 2910
690 8712
690 7816
690 7509
690 5908
690 2670
690 2546
690 706
690 695
690 8640
690 8485
690 8296
690 8148
690 7467
690 6324
690 5261
690 3975
690 2734
690 2660
690 2640
690 1864
690 884
691 8202
691 8135
691 8062
691 6366
691 6345
691 6343
691 5386
691 3962
691 3342
691 2688
691 8438
691 8216
691 7789
691 7003
691 6703
691 5963
691 5949
691 5937
691 5794
691 4302
691 4047
691 3772
691 3317
691 2207
691 1669
691 1344
691 935
692 6326
692 6236
692 5355
692 4509
692 4364
692 3791
692 3318
692 740
692 8557
692 5353
692 4944
692 3742
692 3060
692 3027
692 2843
692 2728
692 2605
692 2592
693 6856
693 3642
693 3181
693 8645
693 8357
693 8058
693 7121
693 4273
693 3306
693 2833
693 1967
693 1409
693 1137
693 1089
693 8435
693 8038
693 7955
693 7882
693 7743
693 7653
693 7558
693 6014
693 5974
693 5790
693 4616
693 3358
693 2925
693 2814
693 2724
693 2602
693 1109
694 8627
694 6732
694 6107
694 3283
694 8572
694 8469
694 7483
694 6629
694 5967
694 5956
694 5755
694 4331
694 3285
694 1712
695 6626
695 8478
695 8261
695 8251
695 7825
695 7723
695 7619
695 7560
695 7041
695 6062
695 5788
695 5776
695 4987
695 3730
695 3603
695 3085
695 3017
695 2732
695 8738
695 8585
695 8315
695 8294
695 8250
695 6228
695 5957
695 5382
695 4856
695 4716
695 3948
695 3744
695 3608
695 3344
695 2712
695 2631
695 1856
695 722
697 8309
697 7444
697 6685
697 6618
697 5545
697 3946
697 3299
697 3017
697 2815
697 1437
697 1143
697 8725
697 8626
697 8575
697 8508
697 8209
697 8147
697 7647
697 6583
697 6543
697 6014
697 5627
697 5449
697 5344
697 5203
697 5083
697 4547
697 4518
697 3927
697 3301
697 2793
697 2141
697 7424
697 5213
697 5177
697 5165
697 4689
697 3755
697 3376
697 1576
697 1163
698 4058
699 8622
699 8502
699 8428
699 7979
699 7144
699 6691
699 6064
699 5766
699 5116
699 3685
699 908
699 8588
699 8264
699 8106
699 7978
699 7880
699 7071
699 5951
699 5358
699 5328
699 5261
699 4947
699 4821
699 4649
699 4213
699 3597
699 3165
699 3078
699 1639
699 1082
699 928
699 6360
700 1551
700 5468
700 4362
700 2747
700 5260
701 8139
701 5779
701 2609
701 8254
701 7890
701 7704
701 6954
701 6752
701 4558
701 4221
701 3814
701 1134
701 6040
701 5838
702 7323
702 6648
702 6370
702 5386
702 3326
702 3256
702 2659
702 1137
702 1088
702 809
702 807
702 8326
702 8219
702 6950
702 5959
702 5858
702 4960
702 4556
702 4155
702 3863
702 3793
702 3269
702 2588
702 2264
702 1385
702 1332
702 1198
702 779
702 722
703 8502
703 3685
703 3136
703 2680
703 2169
703 8302
703 7380
703 7025
703 6654
703 5399
703 4939
703 3239
703 2674
703 1193
704 8618
704 7560
704 7293
704 7151
704 7144
704 5294
704 3367
704 2909
704 2852
704 2720
704 1971
704 783
704 8657
704 8624
704 8203
704 6952
704 6673
704 6543
704 5955
704 5363
704 5291
704 3765
704 3157
704 3113
704 2841
704 2527
704 1903
704 1116
705 7076
705 6170
705 5169
705 4503
705 2904
705 8511
705 6981
705 5744
705 4632
705 4593
705 4573
705 3766
705 2040
705 1101
705 7772
705 3840
706 8706
706 6989
706 827
706 8557
706 8416
706 8260
706 8125
706 8059
706 7441
706 7289
706 6622
706 6580
706 6561
706 5224
706 4987
706 4765
706 3952
706 3932
706 3354
706 3289
706 3270
706 2324
706 1111
706 733
706 8592
706 8273
706 6945
706 5990
706 5959
706 5951
706 5509
706 1302
706 1241
707 5461
707 816
708 8403
708 8178
708 7471
708 7323
708 6062
708 5602
708 5294
708 4564
708 3648
708 3114
708 2515
708 8531
708 7904
708 7882
708 7821
708 6586
708 5774
708 5548
708 5357
708 3712
708 3179
708 3167
708 2876
708 779
708 7143
708 7073
708 5280
708 3922
708 1189
709 1464
710 4618
710 1877
711 3329
711 820
712 6305
712 6092
712 2100
713 8720
713 8261
713 7635
713 7303
713 6369
713 5798
713 3729
713 2824
713 2819
713 8644
713 8531
713 8343
713 8286
713 8284
713 8210
713 8166
713 7386
713 7131
713 6612
713 5953
713 5790
713 5774
713 5754
713 5600
713 5509
713 4958
713 4947
713 4099
713 3927
713 3392
713 2716
713 2604
713 2254
713 1613
713 780
713 4824
713 3580
713 1279
713 822
714 7666
714 2875
715 8428
715 7425
715 5451
715 2415
715 1423
715 737
715 8538
715 8437
715 8293
715 7957
715 7580
715 7196
715 6654
715 6367
715 5632
715 5446
715 5058
715 4823
715 4614
715 3816
715 3330
715 2636
715 2632
715 2591
715 1684
715 1001
715 5138
715 4112
715 1682
715 1448
716 7679
716 7117
716 5792
716 3206
716 8537
716 5756
716 5573
716 4784
716 2955
718 8026
718 7540
718 3133
718 8699
718 8375
718 7901
718 7747
718 7155
718 5368
718 3852
718 2792
718 2167
718 887
720 8039
720 5856
720 2326
720 8377
720 7538
720 7317
720 6067
720 5114
720 3352
720 3340
720 2201
720 1710
720 8525
720 8204
720 7737
720 7617
720 5743
720 4874
720 1720
720 805
721 6729
722 7707
722 7314
722 6359
722 5945
722 5454
722 4598
722 3751
722 2561
722 736
722 8177
722 7703
722 7256
722 6889
722 6436
722 5630
722 5153
722 4931
722 4858
722 4042
722 3126
722 2622
722 1425
722 1106
722 1086
722 803
722 6752
722 5829
722 4979
722 3755
723 4690
723 4299
723 2771
723 2445
723 988
723 6466
724 8405
724 8669
724 7765
724 7062
724 3564
724 3489
724 3224
724 2154
724 8488
724 8292
724 7983
724 7670
724 7640
724 5384
724 5334
724 3102
724 3099
724 2888
724 737
725 7606
725 4509
725 4190
725 2773
725 2341
725 1501
725 955
725 3757
726 6037
726 5405
726 5194
726 3614
726 1774
726 2446
726 1860
726 974
727 8466
727 2895
727 1083
727 1072
727 6334
727 5933
727 3857
728 849
729 4719
729 8458
729 8169
729 6020
729 5259
729 3682
729 1196
730 7714
730 7053
730 6756
731 8728
731 8478
731 7680
731 7671
731 7668
731 6638
731 6589
731 6488
731 5752
731 5504
731 4645
731 4632
731 4471
731 878
731 7876
731 7281
731 7130
731 5368
731 4925
731 4497
731 4108
731 3392
731 2975
731 2941
731 1889
731 1811
731 1060
731 902
731 823
732 6340
732 2747
732 1921
732 7499
732 7438
732 7021
732 4045
732 2788
732 2413
733 8355
733 8334
733 7720
733 7432
733 6626
733 1598
733 8451
733 8426
733 8062
733 7640
733 7311
733 6808
733 6678
733 5112
733 4594
733 4071
733 3289
733 3031
733 2729
733 2447
733 1925
733 8551
733 8289
733 5897
733 5790
733 5102
733 4963
733 4624
733 4559
733 3765
733 2428
733 2059
733 1291
734 8283
734 2568
734 2118
734 1038
734 933
734 8658
734 7766
734 7680
734 7439
734 6944
734 6342
734 5797
734 4232
734 4085
734 3766
734 3750
734 3247
734 3203
734 1973
734 1091
734 8723
734 8196
734 7749
734 7384
734 5957
734 5627
734 5291
734 4291
734 3330
734 3079
734 1863
734 931
735 8573
735 8418
735 8027
735 6068
735 5470
735 5086
735 4284
735 3058
735 2938
735 2619
735 2588
735 1853
735 7525
735 7216
735 5500
735 4024
735 3082
735 787
735 5343
735 2887
736 6923
736 8647
736 8461
736 8155
736 8111
736 7816
736 7469
736 7448
736 7422
736 7311
736 5797
736 4599
736 3730
736 1946
736 915
736 8483
736 8318
736 8129
736 7985
736 7866
736 7776
736 7741
736 7348
736 6940
736 6490
736 5634
736 5387
736 5360
736 5271
736 3848
736 3533
736 3344
736 3313
736 2613
736 993
737 7620
737 8720
737 8680
737 7779
737 7487
737 7448
737 7098
737 6013
737 5450
737 3757
737 2872
737 2867
737 8093
737 5808
737 5358
737 5291
737 4489
737 3761
737 2822
737 2518
738 8536
738 6861
738 4948
738 4928
738 3212
738 3155
738 925
738 8722
738 8673
738 8573
738 7743
738 7131
738 7002
738 6591
738 6322
738 6021
738 5904
738 5749
738 5292
738 5226
738 3768
738 2998
738 2432
738 2352
738 1615
738 7359
738 4286
738 2718
738 1866
738 901
739 8464
739 5925
739 8627
739 6326
739 6102
739 7182
739 6427
739 5950
739 5336
739 5110
739 4576
739 4143
739 3687
739 3641
739 3271
739 3133
739 1839
739 784
740 6125
740 7151
740 5773
740 5223
740 4300
740 3254
740 1777
740 1427
741 8321
741 8080
741 7312
741 5123
741 3778
741 7817
741 4967
741 4444
741 2850
741 2582
741 5128
742 5556
742 2681
742 814
742 3138
743 6860
743 3734
743 3006
743 8519
743 7964
743 7312
743 6627
743 4955
743 3199
743 1636
743 8585
743 8547
743 1332
743 805
744 7526
744 7330
744 4891
744 7414
744 3834
744 1114
745 6992
745 5789
745 3128
745 2060
745 933
745 8714
745 7767
745 7675
745 7443
745 7312
745 6987
745 6648
745 6614
745 5629
745 5601
745 5469
745 5384
745 4763
745 3751
745 2833
745 2425
745 1336
745 1064
745 1053
745 907
745 8718
745 8444
745 8158
745 8036
745 2539
745 1661
746 8706
746 7646
746 7416
746 6476
746 8135
746 7615
746 6345
746 5033
746 852
746 7724
746 6482
746 6108
746 5029
747 8472
747 8397
747 7955
747 7095
747 5486
747 5263
747 3744
747 6565
747 6205
747 6378
747 5588
747 1066
749 7972
749 2602
749 4900
749 4517
751 8388
751 7057
751 6131
751 3184
753 8548
753 6444
753 1797
753 7772
753 6995
754 5001
755 4606
756 1974
756 6684
756 6074
757 6088
757 1166
757 5825
757 5431
757 4900
759 5931
759 2848
759 4443
759 4338
759 4031
759 3192
761 2931
761 7557
761 5490
761 3513
761 3205
761 6004
761 1734
762 5331
763 3908
763 8760
763 1403
765 1983
765 1648
767 1668
769 4608
769 6928
769 4648
769 7780
772 5907
772 2521
774 8138
774 6591
774 6014
774 5710
774 5035
774 4833
774 3832
774 3162
776 8178
776 5971
776 5917
776 8259
776 5692
776 5682
776 5030
776 4718
776 3782
776 3676
776 7596
776 5740
776 2820
776 1722
777 2049
778 6835
778 5694
778 5395
778 5071
778 3209
778 932
778 869
778 8621
778 7226
778 5745
778 5024
778 3975
778 5822
778 5764
779 8081
779 7705
779 6947
779 4634
779 4554
779 2791
779 1768
779 1000
779 8394
779 8029
779 8027
779 7114
779 6662
779 6438
779 6426
779 5282
779 5154
779 4716
779 4601
779 4209
779 3726
779 3645
779 2601
779 2587
779 1842
779 781
779 8266
779 6302
779 4460
779 3769
779 3467
779 3465
779 3045
780 8476
780 8451
780 8653
780 8481
780 7747
780 7658
780 7384
780 5634
780 5265
780 4929
780 3392
780 2716
780 2606
780 1638
780 8486
780 6440
780 4815
780 4460
780 3769
780 1695
780 1576
781 8663
781 8502
781 6677
781 5776
781 5633
781 3905
781 3196
781 2835
781 1094
781 8329
781 8093
781 7372
781 7307
781 5811
781 5361
781 5203
781 4963
781 4956
781 4935
781 3840
781 3767
781 3749
781 2939
781 2638
781 2630
781 5150
781 2820
781 2575
781 1576
782 7117
782 8641
782 8622
782 8225
782 8169
782 7714
782 5384
782 4574
782 3928
782 3254
782 2590
782 2260
782 2256
782 1053
782 939
782 875
782 8318
782 7559
782 7071
782 5947
782 5866
782 5627
782 4929
782 4489
782 4213
782 2434
783 6587
783 6010
783 3531
783 1429
783 8720
783 7296
783 5945
783 5456
783 4840
783 4784
783 4777
783 4273
783 3593
783 3027
783 3020
783 2559
783 1858
783 1610
783 8483
783 8153
783 8129
783 8124
783 7716
783 7501
783 7274
783 5800
783 4211
783 2768
783 2614
783 1611
784 8578
784 7416
784 5488
784 5231
784 1342
784 8533
784 8428
784 7841
784 7791
784 7311
784 7042
784 7041
784 6012
784 5032
784 4784
784 2268
784 1383
784 1101
784 1013
784 7146
785 7273
785 7153
785 5792
785 7916
785 7815
785 7449
785 6967
785 6559
785 5945
785 4573
785 3064
785 2958
785 2730
785 2592
785 1148
785 809
785 8664
785 8263
785 8129
786 8121
786 7979
786 7392
786 6629
786 5950
786 4598
786 3095
786 2704
786 2546
786 8649
786 8513
786 8293
786 8113
786 8103
786 7994
786 7747
786 6620
786 6609
786 6299
786 4946
786 4779
786 4430
786 3772
786 3113
786 2854
786 2837
786 2708
786 2610
786 1338
786 1198
786 917
786 5606
786 3762
787 8100
787 7384
787 6299
787 5812
787 8333
787 7197
787 6628
787 5073
787 4024
787 3670
787 2647
787 7004
788 4293
788 2911
788 1190
788 3600
789 7697
789 5235
790 5733
790 8684
798 4875
798 7900
798 5908
798 5412
798 4093
798 1566
798 8524
798 8351
798 7307
798 7279
798 5058
800 4177
800 8434
800 8161
800 7625
800 7489
800 7348
800 7232
800 3614
800 2787
800 2622
800 1311
800 1870
802 8640
802 8206
802 8033
802 6624
802 6112
802 6011
802 5957
802 5947
802 5506
802 5472
802 2632
802 904
802 6694
802 5806
802 5478
802 5349
802 2672
802 1695
803 7063
803 2994
803 7994
803 6637
803 5176
803 5025
803 4505
803 3358
803 3179
803 1627
803 1516
803 4656
803 1730
804 5455
804 5230
804 1491
805 8700
805 5381
805 2933
805 1951
805 1437
805 1049
805 8474
805 7770
805 7696
805 3450
805 3233
805 2811
805 1585
805 1141
805 3461
807 6102
807 5869
807 5643
807 1658
807 8535
807 8188
807 8040
807 7320
807 7253
807 6753
807 6395
807 6013
807 5604
807 5474
807 3311
807 3114
807 8060
807 7658
809 6692
809 6065
809 5962
809 4071
809 8153
809 8006
809 7274
809 6889
809 6015
809 5609
809 5272
809 5098
809 4718
809 3805
809 3101
809 2938
809 2793
809 2589
809 1815
809 1591
809 1344
809 1106
811 7261
811 5832
811 2528
811 8428
811 8313
811 8125
811 7627
811 5845
811 4943
811 2927
811 2592
811 1437
811 8553
811 8195
811 7978
811 6776
811 6009
811 5795
811 3098
811 2626
811 2428
811 993
812 6326
812 4545
812 2354
812 850
812 8220
812 7825
812 7633
812 7267
812 5004
812 2559
812 1013
812 5632
812 2593
812 2585
812 1037
813 8376
813 1042
813 7419
813 5439
813 4460
813 2171
813 1660
814 4938
814 2508
814 8459
814 7977
814 7440
814 7311
814 6683
814 5848
814 5705
814 3626
814 1985
814 1051
814 8475
814 7130
814 5680
814 1086
815 7801
815 1400
816 3525
816 2225
816 5120
816 3647
816 2154
816 1813
817 1207
818 6494
818 4857
818 4698
818 4550
818 5812
818 3527
818 3263
818 2337
819 1765
820 6558
820 6296
820 5200
821 5905
821 8697
821 8502
821 5019
821 1933
821 6095
822 8657
822 8437
822 8267
822 8029
822 7821
822 7591
822 7271
822 6701
822 6634
822 6620
822 6563
822 5674
822 5271
822 5265
822 4624
822 3963
822 3931
822 3161
822 2736
822 2321
822 7052
822 5675
822 5127
822 4691
822 4112
822 2684
823 8270
823 6798
823 4973
823 1827
823 1122
823 1060
823 8369
823 7887
824 8272
824 3710
824 3398
824 2519
824 8151
824 8078
824 7414
824 6733
824 6354
824 5948
824 5004
824 3512
824 3001
824 2843
824 2424
824 2322
824 8646
824 8289
824 8273
824 5393
824 5117
824 3851
824 1905
824 1302
825 8709
825 4709
825 1641
825 8506
825 8358
825 7975
825 7614
825 6896
825 5384
825 4926
825 4788
825 4759
825 3623
825 1837
825 8127
825 8101
825 7436
825 6399
825 5989
825 1332
826 8714
826 8712
826 6629
826 6489
826 6366
826 6185
826 6176
826 4605
826 4599
826 2739
826 8318
826 8244
826 8150
826 7476
826 7146
826 6624
826 5749
826 5684
826 4946
826 4927
826 4692
826 4672
826 4669
826 3608
826 2827
826 2742
826 2606
826 1167
826 1130
827 7967
827 2528
827 8517
827 8173
827 7563
827 7475
827 7313
827 5384
827 5033
827 3751
827 3295
827 932
828 5636
828 1641
828 8630
828 8125
828 7739
828 7400
828 7355
828 5619
828 4943
828 4771
828 3778
828 3693
828 3658
828 2730
828 2357
828 2262
828 1712
828 1310
828 8524
828 7626
828 6009
828 5774
828 5627
828 5024
828 4542
828 3126
828 2950
828 2589
828 2588
828 1774
829 8480
829 7793
829 7787
829 7783
829 6556
829 5114
829 4564
829 4494
829 2833
829 1712
829 8471
829 8359
829 8262
829 8146
829 8000
829 7888
829 7394
829 7140
829 7113
829 6959
829 6175
829 5800
829 5771
829 5264
829 4947
829 4042
829 1291
829 3033
830 5633
830 8727
830 8465
830 8329
830 8259
830 8242
830 8196
830 7193
830 6563
830 6540
830 5684
830 5369
830 5289
830 5024
830 3716
830 2628
830 1950
830 1638
830 887
830 5806
830 5370
830 2935
830 1036
831 4732
831 7330
831 6125
831 4059
831 3760
831 2974
831 7670
831 7619
831 6627
831 6419
831 5890
831 1249
832 6346
832 7544
832 6003
832 5636
832 5299
832 4962
832 2901
832 2440
832 6055
833 3365
833 8175
833 6876
833 6104
833 6037
833 5614
833 4518
833 4430
833 3716
833 3317
833 3117
833 2274
833 2267
833 6446
833 3580
833 3370
833 2570
834 8006
834 6964
834 3537
834 6334
834 5915
834 5240
834 1422
835 7623
835 7508
835 7560
835 6230
835 5208
835 2096
835 1851
836 4811
837 6772
839 3494
839 8734
839 6478
839 1627
841 7517
841 5841
841 5324
841 5974
841 3041
843 6456
843 7763
843 7332
843 5397
843 5380
843 4557
843 3691
843 2589
843 2527
843 2429
843 8758
843 5933
843 5759
843 5165
843 1804
843 1189
844 2798
844 4300
845 7117
845 5898
845 1940
845 8328
845 8282
845 8169
845 8062
845 7975
845 7640
845 7560
845 7393
845 7367
845 7040
845 7005
845 6864
845 5366
845 5140
845 2707
845 8242
845 6438
846 1407
846 4313
846 3945
846 1040
847 8654
847 8027
847 7755
847 7600
847 6768
847 6566
847 6108
847 6018
847 5804
847 5028
847 4745
847 3598
847 3317
847 2874
847 2766
847 2012
847 1072
847 7434
847 3665
847 2473
847 2063
848 3518
848 1636
848 8710
848 6776
848 5923
848 4690
848 3510
848 6485
848 3650
849 3746
849 8043
849 4785
849 4063
850 7967
850 7869
850 5411
850 5099
850 8557
850 8479
850 6437
850 5456
850 4944
850 3750
850 2603
850 1088
851 1622
851 1954
852 8274
852 7638
852 6005
852 5807
852 5171
852 4970
852 4957
852 2840
852 1388
852 878
852 8657
852 6467
852 2769
852 2531
852 1103
852 987
853 4789
854 8377
854 8328
854 5607
854 4287
854 8744
854 7452
854 5100
854 1187
854 5177
855 8067
855 7330
855 6961
855 4206
855 3585
855 8468
855 7996
855 6678
855 6284
855 5084
855 4788
855 4612
855 3798
855 1951
856 8088
856 5660
856 3678
856 8004
856 7692
856 5970
856 933
856 5140
856 3693
857 6589
857 6012
857 3256
857 2930
857 2912
857 1088
857 1051
857 8643
857 8620
857 8558
857 8423
857 7254
857 5614
857 5548
857 5153
857 4313
857 4302
857 1082
857 1002
857 6999
857 5489
857 5206
858 2892
858 5871
858 5476
858 878
858 4877
858 1157
859 8420
859 4446
859 8070
859 6643
859 4496
860 2076
860 7330
860 6275
863 1371
864 6687
864 3036
865 7835
866 8025
866 4597
866 3341
866 3253
866 2981
866 1092
866 8093
866 7574
866 6436
866 3627
866 6712
867 7184
867 1830
867 7359
867 5912
867 4969
867 3964
867 1804
867 872
868 1276
868 3907
868 3855
868 8726
869 8611
869 4311
869 4039
869 7158
869 6681
869 5412
869 5130
869 2859
869 1673
869 1541
869 1432
869 1079
870 8539
870 8072
870 4278
870 2333
870 7827
871 8476
871 7736
871 2333
871 1985
871 8258
871 7214
871 3508
871 3077
871 2658
871 2359
872 3319
872 948
873 8723
873 8698
873 8621
873 8246
873 7818
873 6014
873 5777
873 5369
873 4822
873 3716
873 3297
873 3126
873 2925
873 2724
873 2266
873 1141
873 1042
873 8455
873 8446
873 7834
873 4387
873 2784
873 2678
874 8298
874 7714
874 6979
874 6696
874 5424
874 4917
874 4625
874 4551
874 2927
874 8653
874 8497
874 8273
874 5154
874 5058
874 3792
874 3602
874 1615
874 7728
874 3467
874 2804
875 3137
875 2580
875 8704
875 8256
875 7892
875 7791
875 6062
875 6039
875 5971
875 5958
875 5773
875 5144
875 4308
875 3511
875 2679
875 2584
875 2447
875 2259
875 1858
875 1437
875 8211
875 7290
875 4822
875 4205
875 3018
875 2924
875 2883
875 2164
876 2095
876 4761
876 3209
876 3201
876 2840
877 7736
877 7289
877 5899
877 4562
877 8485
877 8442
877 8348
877 8145
877 7625
877 5745
877 5732
877 5387
877 5113
877 4927
877 4033
877 2742
877 2614
877 1330
877 1160
877 1157
877 8743
877 6960
877 4783
878 8069
878 8536
878 8050
878 7814
878 6967
878 6753
878 5171
878 4179
878 2840
878 2831
878 980
878 7284
879 8640
879 8621
879 7742
879 2736
879 8552
879 8052
879 7893
879 6440
879 6036
879 5781
879 3715
879 2149
879 3303
880 8231
880 7353
880 6478
880 3611
880 2833
880 2729
880 1901
880 8716
880 8137
880 7488
880 4155
880 2059
880 4834
881 8684
881 1038
881 4501
882 4040
882 8659
882 7642
882 7292
882 5924
882 4949
882 4554
882 3789
882 3031
882 2545
882 2513
882 8281
882 8247
882 8204
882 8137
882 7215
882 5446
882 2612
882 1257
883 6990
883 2521
883 2467
883 4774
884 8630
884 8557
884 7441
884 7440
884 6650
884 6370
884 6295
884 5797
884 5339
884 5224
884 3753
884 3299
884 2513
884 2061
884 1967
884 8293
884 8284
884 8271
884 8206
884 8094
884 8031
884 7189
884 7142
884 6356
884 5600
884 5486
884 5452
884 5448
884 5191
884 4047
884 3509
884 3507
884 3107
884 3089
884 2845
884 2821
884 2618
884 1950
884 1774
884 1198
884 7397
884 5822
884 5280
884 4602
885 7235
885 6476
885 5719
885 2326
885 8586
885 7964
885 7701
885 5672
885 5084
885 4948
885 4796
885 4769
885 2996
885 2578
885 2542
885 1791
885 7069
885 4621
886 8439
886 6524
886 4741
886 2517
886 2473
886 4754
886 2323
887 8636
887 5956
887 2546
887 8315
887 7842
887 7467
887 7016
887 6985
887 5921
887 4525
887 4518
887 3909
887 3156
887 2962
887 2948
887 2762
887 2585
887 7305
887 6347
887 4915
887 3033
887 2439
889 4876
889 3889
889 8685
889 7117
889 7109
889 3933
889 3646
889 2828
889 8581
889 8557
889 8478
889 8428
889 7292
889 6949
889 6651
889 5215
889 5199
889 3798
889 3754
889 3096
889 1791
889 1450
890 4256
891 7060
891 7887
891 6439
891 6022
891 5780
891 3007
891 940
891 2844
893 6784
893 5465
893 5152
893 4257
894 5691
894 2824
895 7926
895 6995
895 5467
895 5137
895 4519
895 4207
895 3590
895 1065
895 999
896 8592
896 8418
896 8262
896 3537
896 3301
896 2626
896 1607
896 1060
896 8356
896 4121
896 1448
897 8170
897 2144
897 8416
897 8309
897 8116
897 6671
897 6437
897 6211
897 3643
897 3540
897 3304
897 3256
897 3020
897 2353
897 1143
897 7828
897 7477
897 1638
898 8659
898 7757
898 7396
898 6039
898 5917
898 2748
898 1946
898 1541
898 8208
898 8122
898 7279
898 5328
898 5263
898 4690
898 4389
898 3627
898 2518
898 2252
898 5202
898 4589
898 4325
898 2878
899 3128
899 2944
899 7673
899 7642
899 7444
899 7400
899 5619
899 5294
899 4647
899 4143
899 3979
899 3776
899 3253
899 2929
899 2835
899 2764
899 1119
899 991
899 980
899 8212
899 7610
899 6538
899 5628
899 2581
900 8107
900 7011
900 5507
900 5121
900 4983
900 3109
900 2983
900 2942
900 1350
900 8252
900 7989
900 7489
900 6438
900 5467
900 5057
900 4489
900 3614
900 2826
900 2686
900 1611
900 1446
901 8472
901 8245
901 8164
901 7879
901 5864
901 5272
901 4856
901 3852
901 3807
901 2762
901 2701
901 2610
901 1773
901 6485
901 970
901 6550
902 7841
902 7509
902 7413
902 7343
902 6958
902 6854
902 6836
902 6779
902 6535
902 6359
902 3809
902 3729
902 3599
902 3286
902 2960
902 2616
902 2544
902 1096
902 8623
902 8301
902 8258
902 8108
902 7741
902 7702
902 7447
902 7284
902 7146
902 7016
902 6945
902 6367
902 6000
902 5453
902 5399
902 5360
902 5289
902 5263
902 4947
902 4779
902 4687
902 4542
902 4035
902 2998
902 2931
902 2899
902 2874
902 2821
902 2430
902 2429
902 1611
902 7457
902 3300
902 2520
903 6916
903 8339
903 7449
903 5172
903 3623
903 8483
903 8126
903 6707
904 8223
904 7791
904 6595
904 5022
904 3539
904 2704
904 907
904 8679
904 8573
904 7818
904 7629
904 7271
904 6367
904 5631
904 5548
904 5486
904 5393
904 4720
904 3749
904 2876
904 2746
904 2336
904 1332
904 8512
904 7070
904 4169
904 3465
904 2916
904 2820
905 2144
905 7884
905 7822
905 6849
905 5942
905 4471
905 3540
905 1973
905 7676
905 5509
905 4820
905 4485
905 3945
905 3804
905 1680
906 7349
906 5547
906 3710
906 2828
906 8261
906 7635
906 7212
906 5861
906 5633
906 4987
906 3924
906 3605
906 3092
906 2615
906 2172
906 8725
906 8444
906 8148
906 5057
906 4668
906 2539
906 1611
907 6051
907 2594
907 7816
907 7739
907 7418
907 6987
907 6953
907 6650
907 6648
907 6618
907 6359
907 5797
907 5532
907 4854
907 3539
907 2418
907 1967
907 956
907 7452
907 6341
907 5586
907 4814
907 4033
907 3805
907 2789
907 2582
907 2141
907 1139
908 7992
908 8705
908 8584
908 8478
908 7983
908 7292
908 7289
908 6359
908 5769
908 5753
908 5727
908 5373
908 5270
908 4331
908 3776
908 2521
908 8718
908 8538
908 8146
908 7659
908 6970
908 6898
908 4913
908 2626
908 1827
908 1132
909 8432
909 8198
909 7132
909 5949
909 4487
909 3394
909 3058
909 7482
909 6653
909 5103
909 4950
909 3670
909 3498
909 2355
909 2346
909 1762
909 1134
909 4236
910 8551
910 8076
910 7476
910 7328
910 7294
910 6009
910 5963
910 5749
910 5548
910 2931
910 2841
910 2321
910 1574
910 1144
910 5005
910 4407
910 3399
910 8682
911 7826
911 7352
911 6639
911 5384
911 4788
911 4114
911 2564
911 1772
911 1566
911 1541
911 976
911 8656
911 7114
911 5358
911 5228
911 3781
911 3450
911 3268
911 2320
911 929
912 5349
912 4816
912 2522
912 8224
913 5437
913 3028
913 2890
913 7841
913 6691
913 6114
913 3209
913 3150
913 2540
913 2526
913 1973
913 1587
913 8297
913 8194
913 7451
913 3509
913 2636
913 1419
913 928
914 2506
914 2224
914 1566
915 8586
915 7700
915 6946
915 6041
915 5629
915 5476
915 5386
915 5270
915 3777
915 3605
915 3027
915 2596
915 2525
915 2201
915 8267
915 8158
915 8029
915 7691
915 7142
915 6675
915 6612
915 6582
915 6483
915 5820
915 5634
915 5380
915 5101
915 5098
915 4687
915 3917
915 3269
915 2938
915 2854
915 2746
915 1779
915 1039
916 4941
916 4285
916 1998
916 7625
916 5082
916 2566
916 1580
917 7085
917 6456
917 1146
917 8736
917 8640
917 8529
917 8412
917 8267
917 7973
917 7751
917 7626
917 7446
917 7205
917 6689
917 6616
917 6611
917 6068
917 5446
917 5274
917 4609
917 4487
917 4377
917 3768
917 3744
917 982
917 5809
917 5581
917 5266
917 2830
918 1038
918 8576
918 8484
918 7368
918 5964
918 5340
918 3850
918 3099
918 2786
918 1577
918 8473
918 8374
918 6776
918 6007
918 4947
918 3854
919 3352
919 2786
919 2703
919 8524
919 8308
919 7521
919 7374
919 7114
919 6654
919 5959
919 5684
919 5682
919 4110
919 4047
919 3107
919 2811
919 2736
919 2714
919 1842
919 5247
919 5167
919 3353
920 5874
920 5636
920 5569
920 4190
920 1698
920 7125
920 7027
920 5828
920 5450
920 5384
920 5033
920 3254
920 2791
921 8021
921 5961
921 5801
921 5629
921 5121
921 3751
921 2806
921 8162
921 8032
921 7924
921 7658
921 7260
921 7196
921 6903
921 6268
921 4775
921 3194
921 2716
921 2593
921 2430
921 1609
921 7424
921 7070
921 6440
921 2937
921 2171
922 8229
922 8628
922 8428
922 7796
922 7592
922 7237
922 6702
922 6635
922 5958
922 5803
922 5797
922 4970
922 4494
922 4289
922 3367
922 3365
922 2730
922 8665
922 6624
923 5179
923 3657
923 2910
923 2767
923 7990
923 7748
923 7382
923 6644
923 6366
923 5908
923 5337
923 3751
923 3295
923 2829
923 2348
923 1858
923 972
923 8442
923 8343
923 7730
923 5632
923 1638
923 1302
924 8636
924 7721
924 6614
924 6230
924 4959
924 3753
924 2372
924 8444
924 8287
924 8281
924 8160
924 7888
924 6640
924 6017
924 5200
924 4888
924 3851
924 1969
924 1161
924 8091
924 3824
925 2890
925 8676
925 8576
925 8453
925 8202
925 7324
925 6987
925 6967
925 6832
925 5629
925 3601
925 3486
925 3114
925 2835
925 2605
925 1659
925 8442
925 7880
925 7591
925 7130
925 6522
925 3330
925 3269
925 3126
925 2347
926 7800
926 7512
926 7062
926 6892
926 8756
926 8117
926 8083
926 8058
926 7673
926 6320
926 5962
926 5799
926 5769
926 5208
926 4917
926 3905
926 3826
926 3685
926 3595
926 2843
926 2260
926 8646
926 8592
926 8206
926 6642
926 5149
926 5115
926 4927
926 4609
926 3404
926 2841
927 8267
927 8247
927 7442
927 7258
927 7227
927 6175
927 6037
927 5777
927 5397
927 4609
927 1161
927 1132
927 8552
927 8181
927 8167
927 7632
927 1398
928 8647
928 8436
928 8309
928 8304
928 8299
928 8213
928 8104
928 5476
928 5116
928 3114
928 2704
928 1520
928 8644
928 8638
928 8553
928 8306
928 8270
928 8061
928 7985
928 7654
928 7562
928 7274
928 7189
928 6608
928 6227
928 5630
928 5102
928 5086
928 4209
928 3852
928 3807
928 3608
928 3233
928 3152
928 2957
928 2607
928 1950
928 1613
928 7248
928 2738
929 4274
929 4050
929 1855
929 1578
929 1427
929 1087
929 8573
929 7652
929 7279
929 6776
929 6011
929 2768
929 2736
929 1842
929 1241
929 2918
930 8642
930 8576
930 8313
930 7784
930 7198
930 7123
930 6947
930 5567
930 5121
930 4932
930 4603
930 3655
930 2372
930 1423
930 942
930 8738
930 8263
930 8154
930 7770
930 7724
930 7294
930 7265
930 7203
930 7140
930 7002
930 6438
930 6429
930 6309
930 5946
930 5387
930 5274
930 2932
930 2716
930 2591
930 2588
930 1585
930 8128
931 6595
931 6559
931 5899
931 3209
931 2956
931 2526
931 8573
931 7909
931 7576
931 5673
931 5097
931 4314
931 2854
931 2336
931 2270
931 2200
931 1766
931 999
931 6901
931 4665
932 7481
932 8321
932 7814
932 7471
932 7377
932 7180
932 6810
932 5965
932 4788
932 3689
932 1802
932 1663
932 1076
932 8701
932 8242
932 7957
932 7370
932 6646
932 6624
932 4669
932 1811
932 1696
933 7830
933 7128
933 6856
933 5792
933 5205
933 3246
933 8506
933 8079
933 7966
933 7884
933 7441
933 6854
933 6372
933 6038
933 5474
933 5214
933 3794
933 3668
933 3064
933 2744
933 1858
934 6057
934 1303
934 6818
934 5621
934 4727
934 3397
934 2642
934 8431
934 8428
934 8188
934 5469
934 5281
934 3695
935 7417
935 7063
935 3029
935 8723
935 8418
935 7912
935 5943
935 5252
935 3827
935 2787
935 2127
935 2126
935 1770
935 1439
935 5500
935 4306
935 2570
935 1612
936 3257
936 2544
936 1305
936 8751
936 8138
936 6959
936 6925
936 6869
936 6322
936 6227
936 4547
936 3324
936 3066
936 2618
937 8296
937 6689
937 5782
937 5609
937 3645
937 3510
937 2352
937 8419
937 7381
937 7084
937 6302
937 4602
937 3755
937 3461
938 7692
938 3006
938 8144
938 7058
938 5845
938 1098
938 8074
938 6007
938 5300
938 4947
938 3805
938 2420
938 1381
939 6114
939 5908
939 5766
939 4914
939 4232
939 1520
939 1285
939 8210
939 5156
939 2252
939 1165
940 8430
940 8137
940 7660
940 7328
940 7274
940 6538
940 5990
940 5887
940 5261
940 5125
940 2630
940 8190
940 7052
940 6694
940 6615
940 5177
940 2916
940 1804
940 2402
942 7851
942 4890
942 8622
942 7951
942 7791
942 7448
942 7058
942 5860
942 5172
942 2977
942 8590
942 6784
942 6438
942 3026
942 1079
944 6514
944 6056
944 5874
944 5168
944 2890
944 7310
944 6443
944 1336
946 7984
946 7790
946 7642
946 7514
946 7418
946 7323
946 6556
946 986
946 8708
946 8707
946 8041
946 7994
946 7515
946 6522
946 5902
946 5248
946 4557
946 8232
946 5780
946 3857
947 6383
947 2732
947 2659
947 7284
947 3701
948 6689
948 5486
948 5472
948 3266
948 3078
948 7052
948 6036
948 5740
948 1190
949 984
950 8729
950 6468
950 2736
950 8448
950 7049
950 4937
950 3171
950 6151
951 6929
952 1046
952 7945
952 8143
952 4453
952 2639
952 1673
953 4836
954 8072
954 7719
954 8613
954 6749
955 7991
955 6613
955 6514
955 6016
955 5970
955 5254
955 3631
955 3206
955 2706
955 8577
955 8550
955 8078
955 7399
955 7303
955 6700
955 5908
955 5071
955 4781
955 3693
955 3254
955 2605
955 2579
955 1740
956 8482
956 8102
956 7954
956 5616
956 3090
956 8359
956 7334
956 7069
956 5472
956 4856
956 3981
957 4696
957 1589
957 8676
957 8372
957 7719
957 6456
957 4761
957 4383
957 3097
957 2758
957 1064
957 8754
957 8742
957 7100
957 4985
957 4820
957 3849
957 3089
957 1142
958 5748
958 6428
958 5838
958 3797
958 1845
958 3709
958 1214
959 6110
959 5543
959 4888
959 1796
960 3243
961 8154
961 6387
961 3916
961 2428
961 3720
963 5169
965 5736
965 5655
965 8037
965 3523
967 7355
967 7971
967 2420
967 2393
967 2304
968 7954
968 6571
968 5573
968 8532
968 7210
968 1976
968 1835
969 8709
969 7679
969 2594
969 1667
969 984
970 8154
970 6053
970 5963
970 5951
970 5777
970 5363
970 4616
970 4189
970 3597
970 1661
970 8344
970 7837
970 7827
970 7305
970 6972
970 6463
970 3353
971 6473
971 6780
971 5715
971 1305
972 8506
972 7320
972 7135
972 6847
972 6678
972 3149
972 2888
972 2867
972 2852
972 8585
972 8465
972 5203
972 3775
972 3018
972 2883
972 2604
973 7586
973 6635
973 4698
974 8683
974 4268
974 2935
974 4357
975 4911
975 4145
975 2335
975 7864
975 5334
975 3191
976 8713
976 8007
976 6575
976 6448
976 5836
976 2786
976 1732
976 6449
976 6162
976 5811
976 5491
976 3239
976 2612
976 1862
977 7822
977 8634
977 8175
977 5029
977 2938
977 6134
977 5216
978 3449
978 8696
978 8408
978 8114
978 8020
978 5565
978 3540
978 2727
978 5297
978 3724
979 7569
979 6091
980 7111
980 6856
980 5195
980 1055
980 8721
980 4860
980 4187
980 3133
980 2777
980 2659
980 8036
980 3758
982 8313
982 8121
982 6852
982 6580
982 5788
982 4147
982 3697
982 2960
982 8744
982 7384
982 7068
982 7038
982 5795
982 2711
982 1047
983 6074
984 8561
984 8088
984 7432
984 7217
984 7032
984 5492
984 5193
984 3137
985 8561
985 3741
985 7932
985 1698
985 8645
985 4183
985 1906
986 7034
986 1623
986 7687
986 1388
986 5357
987 7934
987 7629
987 7477
987 7003
987 1827
987 5829
987 3836
987 3272
988 5359
988 5878
988 2789
988 8046
988 5478
989 2896
989 8582
989 8426
989 7678
989 6096
989 5111
989 3993
989 8465
990 8659
990 8484
990 8291
990 7590
990 7396
990 6638
990 2835
990 2511
990 1179
990 7656
990 7631
990 7576
990 5800
990 5479
990 5228
990 4616
990 3258
990 2962
990 2626
990 2445
990 1944
990 1842
990 1446
990 1085
990 7595
990 5912
990 5165
990 4286
990 2820
991 7767
991 6987
991 6379
991 5899
991 3774
991 3145
991 1841
991 1137
991 8666
991 8620
991 8477
991 8179
991 8109
991 8057
991 6616
991 5774
991 5086
991 4204
991 3101
991 2215
991 2094
991 1815
992 8575
992 8394
992 6889
992 5399
992 4775
992 4097
992 3783
992 3268
992 2766
992 2432
992 2263
992 2012
992 1905
992 8181
992 7844
992 7359
992 5853
992 3824
992 3169
992 2698
992 2633
993 7785
993 7721
993 7323
993 5573
993 5119
993 3322
993 2058
993 1901
993 8359
993 8196
993 7350
993 6540
993 3301
993 7482
993 6302
994 7260
994 5959
994 5251
994 1165
994 6976
994 6398
994 3184
995 8181
995 8110
995 7359
995 7070
995 2935
995 1866
995 2402
996 6369
996 4667
996 8307
996 7498
996 5401
996 2373
997 4563
997 3023
997 5311
997 3515
997 2971
998 8207
998 7320
998 6595
998 6418
998 4944
998 2956
998 1983
998 1707
998 8493
998 8322
998 8270
998 8240
998 8212
998 5268
998 4823
998 4687
998 3938
998 2712
998 2258
998 1425
998 1981
999 6750
999 5249
999 6495
1000 1589
1000 8469
1000 7976
1000 7509
1000 7310
1000 6770
1000 6648
1000 3785
1000 2888
1000 2605
1000 1948
1000 1091
1000 8323
1000 7747
1000 7639
1000 5953
1000 5784
1000 5552
1000 4722
1000 3840
1000 3267
1000 2585
1000 2429
1001 7977
1001 2697
1001 8322
1001 8185
1001 8064
1001 7274
1001 6917
1001 6540
1001 6112
1001 5102
1001 4720
1001 3748
1001 3722
1001 3608
1001 2826
1001 2606
1001 2602
1001 2489
1001 6777
1001 6169
1002 7793
1002 7791
1002 7635
1002 6887
1002 6614
1002 5801
1002 5613
1002 5450
1002 5352
1002 4860
1002 3729
1002 3664
1002 2744
1002 2608
1002 2415
1002 1196
1002 8744
1002 8644
1002 8590
1002 8551
1002 8508
1002 8240
1002 8154
1002 8137
1002 7370
1002 7205
1002 7189
1002 5673
1002 3113
1002 2618
1002 2352
1002 8181
1002 5906
1002 4702
1002 4602
1003 8098
1003 7869
1003 7261
1003 5204
1003 4938
1003 1405
1003 8436
1003 7916
1003 7289
1003 7278
1003 5913
1003 5826
1003 5454
1003 5270
1003 5140
1003 4954
1003 4635
1003 4300
1003 3757
1003 3247
1003 2061
1003 1777
1003 7858
1003 6642
1003 5086
1003 2614
1004 8695
1004 8554
1004 8483
1004 8297
1004 7742
1004 7604
1004 6436
1004 5083
1004 5058
1004 4874
1004 2957
1004 2548
1004 1872
1004 7605
1004 7043
1004 6537
1004 6463
1004 5906
1004 5391
1004 5177
1004 5165
1004 1593
1005 8085
1005 7255
1005 5293
1005 5458
1006 8589
1006 4462
1006 2381
1008 2003
1010 2010
1012 5411
1012 3137
1012 8720
1012 8321
1012 7540
1012 7125
1012 7005
1012 6847
1012 5603
1012 5340
1012 3299
1012 3083
1012 2345
1012 1092
1012 8209
1012 8126
1012 7743
1012 7465
1012 6110
1012 5417
1012 3807
1012 3597
1012 2619
1012 2429
1012 1121
1013 4651
1013 3087
1013 8331
1013 8034
1013 7761
1013 7450
1013 7400
1013 7135
1013 6958
1013 6944
1013 6340
1013 6300
1013 6133
1013 6013
1013 5913
1013 5384
1013 5220
1013 3060
1013 2173
1013 1983
1013 7630
1013 7438
1013 3165
1014 8088
1014 6361
1014 5181
1015 8699
1015 8559
1015 7529
1015 7452
1015 6543
1015 1779
1015 1425
1015 7397
1015 5891
1015 4742
1015 3755
1015 2903
1016 8596
1016 3885
1017 7349
1017 2044
1017 8155
1017 8054
1017 5769
1017 5111
1017 4336
1017 2765
1017 1663
1019 8023
1019 7529
1019 6768
1019 6015
1019 5447
1019 5364
1019 4980
1019 3264
1019 2553
1019 1665
1019 1638
1019 6421
1019 6334
1019 5049
1019 3665
1019 3370
1020 2481
1021 6773
1021 1313
1021 1141
1021 3100
1021 3999
1021 2832
1023 8648
1023 1110
1023 5694
1023 4574
1023 3861
1023 2579
1025 6732
1025 8584
1025 7671
1025 6735
1025 5967
1025 5579
1025 3742
1025 2668
1026 8641
1026 7779
1026 6354
1026 6318
1026 2597
1026 1797
1026 8252
1026 6917
1026 5533
1026 4977
1026 4687
1026 4519
1026 4314
1026 2926
1026 2793
1026 2434
1026 1771
1026 4665
1026 4661
1027 5461
1027 3525
1027 7392
1027 4596
1027 3955
1027 2452
1028 8439
1028 6977
1028 5781
1028 5034
1028 3922
1028 3796
1028 3769
1028 3625
1028 6588
1028 4037
1029 2241
1029 2070
1029 8604
1029 2898
1030 1370
1031 3162
1033 2245
1034 6506
1035 7641
1035 6970
1035 4737
1035 2238
1036 8635
1036 8378
1036 8236
1036 8212
1036 7987
1036 7281
1036 7016
1036 5947
1036 5600
1036 5479
1036 5210
1036 5191
1036 5086
1036 5057
1036 4692
1036 3767
1036 2695
1036 2366
1036 8254
1036 5781
1036 3169
1037 8191
1037 3771
1037 1983
1037 8141
1037 7849
1037 7587
1037 6112
1037 5552
1037 5360
1037 5108
1037 4737
1037 2993
1037 6131
1037 5537
1038 7967
1038 4651
1038 3734
1038 2910
1038 1640
1038 8403
1038 8040
1038 7779
1038 5998
1038 5939
1038 5629
1038 5435
1038 5022
1038 2859
1038 1115
1039 8720
1039 6211
1039 5403
1039 1455
1039 8592
1039 8327
1039 8257
1039 7744
1039 7298
1039 6703
1039 6662
1039 5895
1039 5282
1039 3765
1039 3763
1039 1880
1039 8095
1039 6976
1039 6360
1039 5718
1039 3082
1039 2735
1039 2261
1040 6185
1040 4516
1040 2929
1040 2370
1040 8418
1040 8100
1040 7591
1040 7149
1040 7107
1040 6037
1040 5201
1040 5082
1040 3066
1040 2874
1040 2581
1041 1628
1042 8539
1042 5945
1042 3306
1042 8695
1042 8361
1042 8103
1042 8077
1042 7914
1042 7792
1042 6885
1042 6368
1042 6358
1042 6100
1042 4284
1042 3662
1042 3026
1042 2908
1042 2631
1042 2164
1042 2042
1042 1300
1042 8046
1042 8028
1042 6652
1042 6347
1042 4595
1042 4432
1042 3319
1043 4878
1043 2780
1044 8364
1044 8301
1044 7842
1044 7297
1044 6943
1044 5808
1044 5328
1044 4775
1044 4211
1044 3268
1044 3093
1044 2604
1044 2012
1044 8105
1044 8014
1044 3715
1044 3432
1044 3291
1044 2522
1044 2349
1044 1981
1046 3380
1046 7685
1046 2240
1046 1831
1046 7851
1046 6875
1046 2044
1047 7392
1047 4765
1047 4385
1047 6984
1047 6817
1047 3024
1047 1812
1048 5714
1048 4940
1049 2689
1049 2476
1049 7701
1049 7414
1049 7121
1049 6055
1049 5573
1049 2817
1049 1913
1049 8465
1049 7297
1049 6673
1049 5597
1049 5586
1049 5228
1049 3078
1050 4986
1050 3518
1050 4942
1050 3591
1051 8610
1051 8576
1051 7962
1051 7783
1051 7721
1051 7310
1051 7269
1051 6832
1051 6808
1051 5384
1051 5121
1051 4957
1051 4749
1051 2699
1051 1802
1051 8662
1051 8444
1051 8430
1051 8195
1051 8100
1051 7985
1051 6768
1051 5875
1051 5301
1051 5264
1051 5101
1051 4863
1051 3772
1051 3301
1051 3194
1051 2769
1051 2321
1051 1385
1052 5874
1052 3549
1052 3151
1052 6830
1052 4521
1053 7241
1053 3642
1053 2568
1053 1598
1053 8659
1053 7929
1053 7405
1053 7313
1053 6770
1053 6638
1053 6320
1053 5960
1053 5924
1053 5474
1053 2997
1053 2958
1053 2201
1053 1636
1053 7626
1053 7295
1053 5548
1053 2811
1053 1905
1053 1903
1053 1381
1054 8691
1054 5828
1054 5549
1054 3385
1054 2921
1054 1926
1055 5925
1055 1709
1055 7991
1055 7684
1055 5792
1055 3542
1055 3087
1055 8133
1055 8116
1055 7321
1055 7129
1055 4943
1055 4930
1055 4763
1055 3486
1056 8507
1057 1711
1057 7410
1057 4765
1057 3695
1057 2807
1058 7917
1058 8335
1058 7717
1058 5836
1058 5199
1058 4279
1058 3199
1058 1301
1058 1166
1058 3561
1059 5369
1059 4750
1059 2257
1059 3534
1059 7078
1060 3742
1060 8348
1060 5673
1060 4707
1060 4622
1060 3945
1060 3316
1060 2566
1060 1979
1061 3146
1061 8615
1061 6289
1062 8130
1062 7917
1062 7851
1062 5734
1062 5636
1062 4968
1062 4262
1062 1698
1062 8515
1062 6627
1062 6062
1062 4594
1062 3920
1062 3789
1062 2934
1062 1764
1062 1587
1062 1114
1062 1076
1063 6338
1064 5541
1064 5171
1064 2467
1064 2333
1064 6646
1065 8304
1065 7252
1065 6078
1065 5287
1065 5095
1065 4983
1065 3148
1065 1694
1065 8268
1065 7501
1065 6824
1065 3245
1065 2737
1066 8115
1066 7986
1066 3650
1066 2250
1066 6755
1067 5554
1067 1813
1067 8705
1067 8511
1067 8476
1067 8171
1067 7441
1067 7212
1067 7147
1067 6340
1067 5967
1067 5785
1067 5755
1067 5192
1067 5126
1067 4790
1067 4069
1067 3742
1067 3393
1067 3095
1067 2592
1067 2581
1068 6748
1068 6129
1068 3586
1068 5608
1068 5167
1069 7122
1069 2527
1069 8300
1069 5419
1070 6497
1070 6278
1070 5528
1071 2572
1072 5892
1072 8751
1072 8638
1072 8429
1072 7150
1072 7095
1072 5794
1072 3395
1072 3165
1072 8605
1073 7947
1073 6690
1073 3226
1074 7784
1074 7393
1074 5954
1074 3199
1074 3108
1074 2833
1074 8716
1074 7145
1074 7124
1074 6675
1074 5399
1074 4814
1074 4487
1074 2794
1074 2771
1074 4602
1075 7355
1075 5672
1075 8547
1075 5878
1075 5741
1075 5190
1075 1639
1075 1291
1075 1187
1076 7490
1076 7388
1076 7261
1076 4528
1076 3521
1076 1857
1076 8304
1076 8288
1076 8151
1076 7884
1076 7746
1076 7041
1076 6691
1076 6621
1076 6366
1076 5294
1076 3391
1076 1968
1076 8325
1076 8315
1076 7370
1076 5417
1076 2874
1076 2514
1076 2258
1076 1241
1077 8727
1077 7751
1077 7647
1077 7384
1077 7334
1077 7316
1077 5777
1077 5511
1077 5356
1077 5308
1077 5226
1077 4871
1077 4821
1077 2507
1077 2369
1077 2352
1077 8758
1077 6537
1077 5822
1077 5575
1077 3353
1078 8691
1078 8135
1078 8037
1078 6832
1078 5939
1078 5476
1078 2172
1078 8588
1078 8430
1078 8150
1078 8131
1078 8023
1078 7489
1078 7149
1078 6583
1078 5922
1078 3316
1078 2931
1078 7827
1079 8034
1079 7058
1079 6947
1079 4603
1079 3794
1079 3539
1079 3001
1079 8573
1079 8394
1079 7285
1079 6968
1079 6945
1079 5840
1079 5178
1079 5030
1079 2632
1079 1281
1080 8134
1080 6923
1080 6626
1080 5636
1080 8740
1080 8730
1080 8697
1080 8135
1080 8062
1080 7531
1080 6035
1080 5924
1080 5757
1080 5605
1080 4647
1080 2829
1080 1636
1080 8725
1080 8623
1080 8590
1080 8203
1080 7742
1080 5951
1080 5408
1080 5115
1080 2724
1080 1381
1081 8464
1081 7911
1081 7606
1081 5667
1081 4329
1081 2984
1081 8655
1081 8213
1081 8188
1081 8143
1081 7556
1081 7450
1081 6355
1081 5899
1081 5456
1081 4562
1081 4087
1082 8440
1082 8058
1082 4860
1082 8558
1082 7744
1082 7271
1082 7131
1082 6299
1082 5911
1082 5754
1082 5356
1082 4683
1082 3931
1082 3537
1082 3430
1082 3264
1082 2850
1082 2826
1082 2766
1082 2606
1082 2581
1082 1139
1082 7434
1082 7216
1082 6565
1082 3169
1082 2621
1082 1804
1083 2930
1083 2328
1083 8751
1083 8106
1083 7817
1083 7798
1083 7647
1083 7131
1083 7110
1083 7060
1083 6426
1083 4985
1083 3921
1083 3267
1083 3130
1083 2850
1083 2787
1083 2708
1083 1107
1083 5128
1083 3211
1084 8510
1084 8502
1084 8440
1084 8192
1084 6230
1084 5469
1084 5047
1084 4085
1084 1925
1084 1837
1084 8325
1084 8278
1084 8217
1084 8129
1084 7955
1084 7912
1084 7467
1084 7196
1084 5922
1084 5728
1084 5632
1084 5548
1084 5282
1084 4556
1084 4217
1084 3851
1084 3313
1084 2609
1084 2604
1085 8123
1085 5199
1085 3084
1085 2888
1085 2128
1085 2096
1085 1140
1085 8296
1085 6095
1085 5625
1085 5209
1085 4942
1085 3703
1085 1302
1086 8490
1086 8309
1086 7367
1086 6318
1086 5788
1086 3750
1086 3687
1086 3309
1086 3196
1086 3159
1086 2927
1086 2750
1086 1088
1086 8551
1086 8161
1086 6775
1086 5804
1086 5393
1086 3653
1086 3093
1086 2640
1087 8648
1087 2910
1087 8576
1087 8451
1087 8173
1087 8143
1087 7867
1087 7635
1087 7511
1087 7180
1087 6559
1087 5262
1087 2992
1087 2590
1087 8434
1087 8209
1087 7981
1087 7744
1087 7193
1087 5995
1087 5387
1087 5057
1087 4566
1087 4230
1087 4031
1087 3509
1087 3192
1087 2602
1087 2366
1087 1615
1088 8732
1088 7649
1088 6923
1088 3128
1088 1857
1088 8313
1088 8279
1088 7793
1088 7011
1088 6369
1088 6041
1088 5174
1088 4861
1088 8585
1088 8289
1088 8204
1088 7956
1088 7901
1088 6768
1088 5615
1088 3666
1088 3597
1088 1811
1089 6875
1089 6297
1089 4938
1089 2785
1089 1641
1089 8403
1089 8050
1089 7723
1089 7670
1089 7480
1089 7352
1089 7282
1089 6650
1089 6584
1089 6520
1089 6345
1089 6064
1089 5607
1089 5451
1089 5353
1089 5270
1089 4951
1089 4784
1089 4141
1089 3234
1089 3085
1089 1520
1089 1137
1089 8549
1089 8263
1089 5946
1089 5191
1089 5028
1089 4614
1089 2585
1089 2258
1090 8727
1090 8438
1090 6774
1090 5777
1090 5271
1090 5170
1090 3301
1090 3062
1090 2527
1090 1856
1090 8605
1090 6752
1090 5701
1090 5275
1090 3579
1090 2999
1090 2823
1090 2595
1090 2844
1091 8669
1091 8600
1091 8578
1091 7364
1091 6548
1091 5805
1091 3087
1091 1716
1091 8062
1091 7964
1091 7314
1091 6770
1091 6354
1091 5755
1091 5373
1091 5174
1091 4959
1091 3234
1091 3064
1091 2849
1091 2726
1091 1858
1091 1133
1091 7866
1091 7840
1091 7724
1091 7698
1091 6483
1091 5946
1091 5615
1091 4042
1091 3330
1091 2606
1092 5407
1092 4603
1092 3599
1092 2791
1092 8378
1092 8267
1092 8187
1092 8029
1092 7988
1092 7743
1092 5870
1092 5274
1092 2674
1092 1872
1092 1615
1092 1346
1092 1187
1093 8736
1093 8707
1093 8150
1093 8106
1093 7866
1093 7122
1093 7066
1093 6536
1093 6007
1093 5380
1093 4963
1093 4047
1093 3768
1093 3058
1093 2582
1093 2537
1093 1116
1093 8276
1093 7542
1093 7485
1093 2900
1094 8299
1094 6861
1094 6619
1094 5727
1094 5021
1094 4232
1094 4085
1094 3512
1094 3311
1094 3020
1094 2559
1094 1985
1094 6566
1094 3093
1094 2695
1094 2658
1095 8291
1095 3286
1095 1541
1095 8656
1095 8626
1095 8553
1095 8462
1095 8278
1095 8211
1095 8141
1095 8122
1095 8033
1095 7988
1095 7203
1095 7112
1095 5911
1095 5382
1095 5106
1095 3662
1095 3450
1095 3268
1095 2924
1095 2555
1095 1862
1095 7728
1095 6565
1095 1189
1096 7117
1096 5876
1096 5636
1096 8024
1096 7121
1096 6849
1096 6376
1096 4761
1096 4740
1096 4554
1096 3115
1096 2616
1096 1791
1096 1336
1096 7789
1096 7316
1096 7288
1096 6422
1096 6392
1096 5966
1096 5936
1096 5896
1096 5772
1096 5125
1096 4189
1097 8236
1097 6872
1097 5405
1097 4902
1097 1283
1097 2077
1097 1686
1098 5898
1098 4040
1098 3087
1098 8484
1098 7643
1098 7352
1098 6987
1098 6938
1098 5747
1098 5605
1098 4930
1098 4862
1098 4218
1098 3774
1098 3611
1098 3064
1098 2704
1098 2544
1098 2472
1098 2216
1098 2202
1098 1520
1098 8701
1098 8585
1098 8214
1098 8196
1098 7953
1098 7270
1098 7146
1098 7068
1098 5030
1098 4547
1098 4518
1098 4042
1098 3666
1098 3510
1098 2771
1098 2474
1098 1300
1099 8238
1099 7907
1100 7618
1100 3205
1100 8587
1101 6389
1101 2247
1101 3538
1101 1800
1101 7438
1102 3619
1102 8112
1102 3602
1103 6366
1103 8715
1103 8504
1103 8109
1103 7901
1103 6768
1103 6566
1103 6018
1103 3395
1103 3056
1103 2369
1103 1760
1103 1138
1103 5829
1103 5128
1103 2979
1104 6990
1104 1621
1104 6211
1104 5432
1104 4521
1104 5937
1105 4655
1105 8197
1105 7950
1105 4982
1105 4355
1105 3940
1105 1598
1105 6284
1106 8576
1106 8533
1106 8111
1106 7592
1106 7540
1106 7471
1106 7417
1106 7400
1106 7011
1106 5802
1106 5116
1106 3962
1106 8551
1106 8262
1106 8029
1106 7698
1106 7641
1106 7196
1106 4985
1106 8028
1106 6360
1106 5158
1106 5138
1106 4783
1106 2355
1106 1675
1107 7822
1107 7930
1107 5301
1107 4913
1107 1923
1107 7143
1108 8738
1108 7955
1108 3194
1108 2609
1108 2548
1108 1313
1108 8675
1108 8439
1108 8181
1108 8115
1108 8105
1108 6695
1108 5394
1108 5311
1108 4816
1108 4118
1109 7996
1109 5917
1109 8437
1109 8376
1109 7411
1109 7068
1109 6605
1109 5904
1109 5069
1109 2789
1109 7359
1109 6652
1109 3738
1110 1961
1110 8277
1110 6677
1110 6444
1110 5681
1110 4336
1110 3309
1110 3262
1110 2859
1110 2740
1110 1136
1111 4724
1111 3224
1111 8740
1111 8641
1111 8556
1111 8536
1111 8311
1111 8299
1111 8171
1111 7592
1111 7449
1111 7441
1111 7440
1111 6300
1111 5337
1111 5148
1111 3777
1111 3774
1111 3664
1111 3302
1111 8549
1111 8244
1111 8129
1111 8055
1111 7981
1111 7716
1111 6903
1112 4924
1112 8644
1112 7056
1112 5347
1112 4297
1112 3533
1112 2742
1112 2413
1112 1122
1113 7492
1113 7890
1113 7883
1113 7397
1113 6134
1113 5575
1113 2911
1113 2644
1113 1579
1113 2887
1114 2580
1114 1598
1114 7996
1114 7517
1114 7239
1114 7151
1114 6648
1114 6154
1114 5945
1114 4187
1114 3112
1114 3064
1114 1135
1114 3107
1115 8048
1115 7211
1115 6979
1115 2348
1115 1792
1115 1314
1116 8433
1116 8357
1116 7790
1116 6744
1116 3753
1116 3648
1116 3328
1116 3109
1116 3097
1116 8665
1116 8551
1116 8508
1116 8418
1116 7795
1116 7629
1116 6640
1116 6612
1116 4707
1116 4291
1116 3701
1116 3330
1116 2931
1116 2207
1116 5829
1116 2870
1116 2776
1117 4240
1117 3951
1117 2144
1117 6418
1118 6537
1118 8085
1119 8357
1119 5941
1119 3697
1119 3603
1119 2255
1119 1841
1119 8665
1119 8175
1119 7703
1120 4351
1120 1954
1121 8121
1121 7675
1121 7314
1121 6953
1121 6651
1121 6627
1121 2444
1121 8281
1121 7297
1121 7178
1121 6985
1121 6676
1121 5864
1121 5321
1121 5274
1121 3324
1121 2908
1121 1861
1121 1300
1121 7173
1121 5338
1121 1593
1122 4562
1122 8460
1122 2022
1123 6737
1123 6229
1123 5006
1123 8197
1123 8063
1123 7273
1123 6900
1123 3714
1125 2120
1128 6451
1128 6164
1129 5707
1130 8712
1130 8311
1130 8040
1130 7577
1130 6854
1130 6606
1130 5941
1130 5910
1130 4944
1130 3304
1130 2835
1130 2676
1130 8662
1130 8154
1130 8076
1130 7656
1130 7489
1130 6775
1130 6438
1130 6037
1130 4291
1130 3366
1130 2438
1130 2267
1130 2254
1130 2215
1130 1863
1130 1775
1130 1334
1130 7621
1130 5993
1130 4595
1130 3779
1130 2647
1130 1804
1130 1576
1131 1719
1131 8389
1131 7293
1131 7120
1131 6953
1131 5962
1131 5173
1131 4071
1131 2777
1131 1925
1131 1851
1132 8628
1132 8535
1132 8476
1132 8123
1132 7320
1132 7314
1132 7292
1132 7041
1132 6618
1132 6559
1132 4945
1132 4766
1132 4604
1132 3643
1132 3286
1132 2909
1132 2278
1132 1581
1132 8646
1132 8553
1132 8531
1132 8429
1132 8294
1132 8113
1132 7972
1132 7703
1132 7131
1132 6583
1132 5479
1132 5265
1132 5178
1132 3220
1132 2716
1132 2524
1132 1141
1132 7695
1132 2346
1133 5304
1133 5175
1133 3656
1133 2262
1133 8287
1133 7760
1133 7608
1133 6392
1133 6018
1133 5749
1133 4302
1133 3106
1133 2636
1134 8666
1134 8575
1134 8504
1134 8002
1134 7452
1134 6538
1134 6112
1134 5453
1134 5265
1134 4981
1134 4107
1134 3773
1134 3161
1134 2682
1134 2610
1134 1421
1134 1165
1134 7704
1134 7216
1134 6653
1134 4676
1134 4379
1134 4293
1134 3169
1134 2717
1134 2549
1134 8587
1134 6400
1135 3642
1135 3397
1135 8111
1135 7814
1135 7272
1135 5854
1135 3367
1135 2437
1135 1967
1135 1946
1135 8688
1135 7823
1135 7817
1135 7474
1135 5470
1135 3167
1136 7504
1136 6962
1136 6270
1136 5889
1136 5792
1136 4062
1136 8704
1136 7421
1136 7389
1136 7151
1136 6891
1136 5105
1136 2810
1137 5231
1137 4671
1137 8703
1137 8574
1137 8428
1137 8403
1137 8310
1137 8274
1137 7951
1137 7677
1137 7668
1137 7425
1137 7063
1137 6618
1137 6379
1137 6066
1137 5801
1137 5269
1137 4987
1137 2452
1137 1948
1137 8252
1137 3775
1137 3152
1137 2622
1137 1446
1138 8223
1138 8099
1138 7280
1138 6690
1138 4438
1138 7204
1138 7149
1138 7100
1138 6699
1138 5194
1138 2682
1138 8512
1138 6913
1139 8714
1139 8641
1139 7721
1139 7440
1139 6534
1139 4071
1139 2894
1139 8301
1139 8101
1139 7978
1139 7896
1139 7420
1139 7366
1139 5453
1139 3848
1139 3395
1139 2793
1139 2164
1139 8232
1139 8120
1139 8068
1139 6686
1139 3715
1139 3205
1140 5560
1140 5299
1140 3646
1140 8622
1140 8292
1140 7448
1140 5454
1140 8289
1140 7251
1140 5777
1140 5609
1140 3164
1140 2598
1141 8123
1141 8121
1141 8102
1141 7787
1141 5144
1141 5047
1141 3299
1141 2839
1141 8206
1141 8113
1141 8077
1141 7199
1141 6611
1141 5548
1141 5273
1141 5035
1141 4934
1141 4858
1141 3937
1141 3430
1141 2837
1141 2527
1141 2507
1141 2019
1141 1639
1141 5914
1142 7027
1142 6786
1142 3664
1142 3083
1142 8672
1142 8219
1142 8194
1142 7832
1142 7798
1142 7654
1142 7630
1142 7501
1142 5786
1142 5611
1142 5055
1142 4688
1142 4108
1142 3848
1142 3124
1142 2793
1142 2696
1142 2586
1142 6628
1142 5906
1143 8304
1143 8200
1143 7509
1143 5105
1143 3965
1143 3612
1143 3247
1143 2623
1143 2417
1143 1336
1143 8323
1143 8284
1143 8242
1143 8055
1143 7742
1143 7628
1143 7384
1143 7374
1143 6634
1143 5274
1143 3220
1143 2548
1144 7592
1144 6987
1144 7420
1144 7290
1144 7002
1144 6620
1144 6007
1144 5774
1144 3950
1144 2164
1144 1780
1144 8758
1144 8115
1144 4215
1144 3718
1144 3396
1144 2937
1145 8579
1145 3222
1145 2575
1145 2449
1145 1169
1145 7255
1146 8557
1146 7878
1146 7643
1146 6696
1146 6677
1146 6584
1146 5742
1146 5160
1146 4501
1146 4273
1146 4232
1146 2839
1146 2415
1146 8527
1146 8033
1146 7593
1146 6634
1146 2941
1146 2866
1146 2674
1147 6784
1147 5580
1147 3782
1147 4900
1147 4288
1148 7416
1148 5869
1148 8155
1148 6541
1148 6065
1148 5948
1148 5691
1148 5476
1148 4916
1148 3785
1148 2835
1148 8759
1148 8620
1148 8248
1148 8142
1148 7789
1148 7438
1148 7309
1148 6876
1148 6768
1148 4823
1148 3392
1148 2645
1150 8123
1150 7418
1150 5862
1150 4936
1150 2930
1150 8701
1150 8555
1150 8477
1150 8210
1150 8196
1150 5511
1150 5448
1150 5125
1150 4547
1150 4377
1150 4213
1150 3827
1150 3793
1150 3508
1150 3126
1150 2787
1150 1773
1150 1262
1150 3610
1150 3291
1150 3135
1151 7492
1151 5994
1152 8495
1152 5831
1152 5464
1152 4618
1152 4118
1152 2143
1152 6812
1153 8688
1153 7555
1153 5586
1153 5300
1153 5056
1153 1488
1153 2277
1154 6575
1155 3684
1155 1784
1155 7967
1155 7950
1155 7388
1155 7102
1155 6643
1155 3647
1155 2828
1155 2341
1155 1597
1155 8200
1155 6700
1155 5826
1155 5747
1155 4594
1155 3096
1157 6967
1157 6355
1157 4645
1157 2425
1157 8650
1157 6948
1157 5615
1157 4780
1157 4529
1157 3598
1157 2442
1158 8269
1158 4597
1158 3728
1158 3195
1158 2981
1158 8746
1158 7476
1158 6112
1158 5303
1158 4821
1158 4389
1158 3608
1158 2982
1159 7540
1159 5022
1159 4162
1159 3770
1159 8108
1159 4822
1159 3107
1159 2420
1160 7990
1160 7198
1160 5753
1160 5507
1160 5352
1160 4957
1160 4685
1160 3756
1160 2840
1160 2540
1160 8210
1160 8056
1160 7840
1160 7398
1160 3803
1160 3767
1160 3105
1160 2788
1160 2716
1160 2430
1160 4112
1160 3903
1160 2870
1161 8705
1161 8572
1161 8535
1161 8311
1161 8251
1161 8123
1161 5386
1161 5112
1161 4645
1161 2722
1161 8314
1161 7994
1161 7981
1161 7953
1161 7901
1161 7580
1161 7451
1161 7409
1161 6068
1161 4863
1161 3716
1161 3317
1161 3235
1161 2585
1161 2264
1161 1856
1161 1385
1161 5500
1161 1401
1162 8180
1162 8070
1162 7264
1162 5792
1162 2890
1162 2368
1162 8704
1162 8645
1162 8534
1162 8479
1162 8213
1162 7693
1162 7480
1162 7413
1162 7367
1162 7319
1162 6946
1162 6105
1162 4840
1162 4187
1162 4087
1162 3717
1162 3159
1162 2835
1162 2740
1162 2703
1162 1948
1162 1772
1162 8308
1162 5966
1162 5153
1162 3662
1162 2624
1162 1771
1163 8707
1163 8093
1163 6975
1163 5990
1163 5946
1163 5782
1163 5472
1163 4600
1163 3313
1163 8446
1163 4950
1163 2878
1163 1378
1164 4121
1164 8587
1164 5293
1164 2499
1164 2077
1164 6499
1165 8291
1165 8059
1165 7700
1165 2942
1165 8569
1165 8529
1165 8212
1165 8112
1165 7380
1165 7283
1165 7226
1165 3726
1165 3608
1165 2883
1165 2695
1165 6777
1165 5312
1165 4816
1165 4109
1165 2820
1166 7734
1166 6865
1166 7505
1166 7462
1166 5431
1167 8171
1167 7578
1167 6619
1167 6295
1167 5961
1167 5742
1167 5095
1167 3742
1167 3593
1167 3357
1167 8275
1167 8246
1167 8214
1167 8027
1167 7576
1167 7260
1167 7086
1167 6956
1167 4929
1167 4683
1167 1770
1167 1193
1168 8571
1168 7055
1168 3120
1169 8588
1169 8323
1169 8238
1169 8023
1169 7629
1169 7127
1169 7110
1169 6368
1169 6324
1169 5397
1169 5360
1169 5028
1169 4624
1169 3117
1169 1607
1169 7771
1169 5158
1169 4589
1169 3746
1169 2517
1170 7773
1170 5517
1170 4486
1170 2381
1171 8002
1171 7661
1171 7359
1171 1844
1172 1210
1172 7356
1173 4120
1173 5372
1174 6164
1174 6517
1174 3545
1174 3895
1175 6690
1175 5727
1175 2722
1175 5475
1175 4745
1175 3459
1176 4995
1177 8633
1177 7516
1177 6871
1177 5793
1177 4633
1177 8046
1177 7861
1179 7609
1179 8291
1179 8221
1179 7135
1179 6369
1179 5948
1179 5945
1179 4944
1179 3717
1179 3685
1179 1304
1179 8242
1179 6970
1179 5673
1179 5274
1179 3767
1179 3126
1179 2371
1180 3866
1181 8079
1181 7423
1181 7289
1181 4471
1181 2956
1181 8722
1181 8654
1181 8504
1181 8477
1181 8064
1181 7849
1181 7477
1181 7201
1181 6952
1181 6898
1181 6768
1181 6015
1181 6000
1181 5453
1181 5444
1181 5434
1181 4820
1181 3773
1181 3707
1181 3537
1181 3110
1181 2841
1181 2716
1181 2610
1181 2430
1181 2254
1181 8110
1181 5822
1181 5150
1181 3715
1181 2261
1182 3440
1183 8063
1183 7967
1183 7349
1183 6860
1183 5869
1183 3710
1183 1667
1183 7966
1183 6891
1183 2584
1184 5618
1184 7276
1184 7070
1184 3824
1184 3237
1184 2844
1184 2381
1185 8037
1185 5304
1185 4964
1185 7007
1185 6547
1185 5936
1185 4940
1185 4820
1185 4780
1185 1680
1185 6999
1185 6446
1185 3580
1185 3033
1186 3224
1186 8488
1186 8241
1186 6688
1186 6590
1186 5199
1186 3084
1186 2564
1186 1666
1186 7025
1186 6654
1187 7874
1187 7129
1187 6115
1187 6096
1187 5836
1187 5567
1187 4926
1187 4597
1187 2372
1187 6061
1187 3430
1187 2948
1187 4776
1187 4432
1188 4553
1188 6835
1188 4941
1189 8666
1189 8643
1189 8477
1189 8286
1189 8284
1189 8185
1189 7285
1189 6616
1189 6612
1189 6356
1189 5486
1189 4838
1189 2917
1189 2609
1189 2587
1189 8128
1189 7378
1189 5679
1189 5550
1189 4950
1189 4301
1189 2705
1189 2422
1190 8209
1190 7879
1190 7409
1190 1830
1190 8552
1190 6686
1190 5581
1190 5109
1190 4061
1190 3906
1191 7114
1191 7112
1191 5811
1191 5363
1191 3627
1191 2917
1191 8392
1191 6593
1191 5993
1191 5266
1191 4499
1191 2346
1191 6428
1191 4434
1191 4037
1191 2499
1192 4875
1192 4206
1192 2486
1192 8117
1192 7889
1192 7545
1192 7229
1192 6979
1192 4274
1192 2981
1192 2345
1192 8308
1192 3233
1193 7867
1193 5940
1193 8571
1193 8166
1193 7597
1193 7498
1193 6487
1193 6338
1193 3929
1193 2917
1193 2899
1193 2522
1194 8449
1194 4095
1194 1870
1195 7264
1195 4428
1195 2671
1196 8669
1196 7526
1196 7062
1196 8645
1196 8066
1196 8022
1196 7723
1196 7670
1196 7427
1196 7367
1196 4187
1196 4050
1196 3789
1196 3717
1196 2914
1196 2835
1196 2515
1196 8346
1196 8259
1196 6441
1196 5866
1196 5385
1196 5335
1196 4747
1196 4624
1196 4542
1196 4284
1196 3366
1196 2837
1196 2825
1196 2164
1196 1381
1197 8065
1197 6228
1197 5207
1197 4644
1197 4313
1197 3917
1197 8613
1197 6186
1198 7791
1198 8638
1198 8588
1198 8513
1198 8216
1198 8210
1198 7558
1198 7281
1198 5113
1198 4116
1198 3917
1198 3267
1198 1766
1198 1334
1198 6439
1198 3296
1198 2717
1198 2647
1199 1280
1201 7026
1201 8226
1205 2362
1205 3464
1209 4122
1209 1422
1209 1299
1211 7773
1212 7179
1212 5767
1214 6431
1214 2563
1214 2024
1216 2181
1218 5653
1220 5987
1228 3870
1228 7928
1228 4503
1230 4672
1230 2242
1230 1982
1230 1815
1230 4656
1230 4094
1233 7268
1233 7648
1235 8753
1235 8541
1235 7513
1235 5048
1235 4709
1237 5571
1237 8634
1237 8006
1237 7993
1237 7130
1237 6422
1238 6732
1238 8309
1238 8292
1238 8140
1238 7791
1238 6372
1238 5941
1238 5788
1238 3030
1238 2447
1238 2172
1238 2129
1238 4042
1238 3698
1239 6931
1239 4833
1239 1505
1239 1346
1239 3650
1240 7750
1241 7382
1241 7147
1241 6622
1241 6595
1241 5121
1241 4603
1241 3742
1241 2526
1241 2174
1241 8643
1241 8549
1241 8538
1241 8475
1241 8268
1241 8219
1241 8103
1241 7957
1241 6583
1241 5761
1241 5515
1241 3676
1241 3267
1241 2917
1241 2636
1241 2577
1241 2518
1241 1611
1241 6826
1241 2684
1241 2520
1243 1251
1243 3967
1244 6405
1249 4588
1249 8354
1249 7396
1249 6678
1249 5144
1249 3924
1249 3623
1249 3149
1249 3090
1249 2444
1249 1614
1249 3078
1249 2710
1251 3843
1253 2227
1254 3445
1257 8622
1257 8225
1257 7614
1257 6779
1257 6232
1257 5151
1257 4949
1257 8524
1257 8320
1257 8316
1257 8187
1257 8033
1257 7849
1257 7445
1257 7429
1257 7294
1257 7256
1257 6646
1257 5743
1257 5417
1257 5380
1257 5265
1257 5226
1257 5203
1257 5024
1257 3767
1257 3107
1257 2686
1257 8365
1257 7209
1257 6362
1257 5213
1257 4733
1257 4589
1257 3780
1257 1795
1258 6472
1258 4971
1258 2351
1258 1432
1258 7908
1258 5495
1259 7607
1259 4937
1259 4795
1259 1457
1259 7175
1259 3116
1259 1877
1260 2904
1260 8459
1262 7671
1262 6877
1262 4913
1262 4377
1262 3189
1262 2274
1262 1637
1262 7771
1262 7482
1262 5500
1262 5240
1262 4192
1262 1804
1262 1612
1262 1575
1262 1279
1264 5660
1266 7095
1266 2552
1267 7043
1268 3146
1268 8615
1269 1818
1270 6054
1270 6595
1270 6465
1270 7658
1270 6995
1271 6474
1271 3383
1272 3323
1272 6417
1272 4717
1273 2895
1273 8711
1274 2974
1274 6171
1274 3581
1274 2879
1274 2079
1274 6943
1274 5491
1274 3293
1274 3207
1275 7996
1275 7040
1275 6154
1275 3901
1275 2872
1275 8338
1277 6054
1277 5810
1277 5582
1277 4503
1277 2416
1277 8625
1277 8324
1277 7899
1277 7719
1277 7401
1277 7395
1277 6843
1277 5696
1277 5269
1277 4626
1277 4521
1277 3737
1277 5673
1278 7197
1278 5555
1278 4448
1279 8513
1279 7660
1279 3852
1279 3344
1279 2995
1279 2953
1279 2619
1279 1780
1279 7594
1279 3824
1279 2171
1279 1592
1280 1519
1281 6696
1281 4597
1281 3838
1281 2905
1281 8361
1281 8325
1281 7327
1281 5491
1281 5102
1281 4690
1281 3293
1281 2588
1281 4451
1281 1910
1281 1593
1282 5087
1282 4028
1283 7566
1283 6945
1283 4902
1283 3931
1283 3562
1283 1607
1283 7557
1283 2499
1283 1686
1284 2185
1285 8403
1285 8363
1285 6939
1285 4944
1285 4085
1285 3262
1285 1792
1285 3775
1287 7959
1287 1752
1287 5414
1287 8310
1287 6671
1287 4761
1287 2353
1287 1828
1288 6308
1288 2902
1289 6982
1289 6045
1289 6294
1289 5656
1289 4769
1289 7249
1289 5724
1289 3324
1290 1573
1291 6357
1291 6047
1291 2139
1291 8424
1291 7038
1291 6436
1291 6365
1291 2344
1291 1627
1291 7861
1291 4432
1291 4089
1292 6862
1295 5662
1296 4433
1298 6914
1300 8757
1300 7430
1300 7337
1300 7022
1300 5564
1300 5149
1300 2962
1300 2537
1300 2090
1300 6187
1300 4325
1300 1730
1301 6864
1301 3518
1301 1546
1301 8237
1301 1346
1302 8277
1302 7903
1302 7009
1302 5939
1302 5742
1302 5381
1302 2697
1302 2668
1302 8441
1302 8244
1302 8166
1302 7856
1302 7652
1302 7445
1302 5904
1302 5820
1302 5218
1302 3948
1302 3854
1302 2628
1302 2522
1303 8748
1303 4962
1304 7077
1304 6054
1304 3995
1304 2944
1304 1750
1304 8749
1304 8584
1304 8511
1304 7974
1304 7813
1304 7707
1304 6418
1304 5960
1304 5885
1304 5222
1304 5032
1304 4943
1304 4932
1304 3777
1304 2513
1304 6467
1304 5922
1304 2926
1305 8671
1305 4853
1306 6420
1306 5556
1306 4172
1306 3104
1306 2440
1306 8484
1306 8461
1306 8304
1306 7761
1306 7673
1306 7635
1306 7319
1306 3299
1306 3257
1306 3212
1306 3096
1306 2815
1306 1942
1307 6550
1307 2653
1308 8732
1308 2060
1308 7530
1308 7085
1308 6532
1308 4647
1308 4036
1308 2960
1308 2596
1308 8471
1308 7703
1308 7215
1308 6898
1308 6464
1308 5025
1308 4600
1308 2586
1308 2510
1309 4513
1309 2643
1309 2424
1309 8278
1309 5989
1310 2779
1310 7979
1310 7954
1310 6852
1310 6357
1310 4763
1310 4647
1310 4038
1310 2977
1310 2852
1310 8281
1310 7896
1310 7724
1310 7610
1310 7593
1310 7142
1310 6885
1310 5795
1310 5025
1310 3252
1310 2539
1310 1950
1311 4924
1311 5221
1311 1765
1312 8323
1312 7196
1312 6068
1312 5779
1312 5513
1312 3117
1312 2938
1312 6628
1312 5349
1312 4768
1312 3610
1312 1398
1312 6378
1313 5445
1313 7639
1313 7336
1313 7192
1313 4933
1313 8675
1313 6362
1313 5349
1313 4996
1313 3319
1314 6928
1314 5441
1314 2368
1314 8155
1314 7426
1314 7422
1314 6133
1314 5846
1314 5474
1314 4150
1314 3195
1314 2674
1315 8219
1315 7566
1315 7380
1315 6632
1315 5627
1315 5108
1315 4663
1315 1615
1315 5822
1315 4665
1315 3769
1315 1595
1316 6366
1316 5794
1316 5244
1316 2788
1316 2715
1316 2022
1316 1760
1316 1634
1316 1580
1316 8605
1316 8579
1316 7160
1316 1824
1318 7419
1318 5646
1318 2338
1318 8043
1318 7010
1318 5635
1318 2431
1320 1380
1320 3502
1325 4117
1327 8450
1327 6564
1327 7836
1327 5824
1327 2939
1327 2514
1327 4813
1328 6167
1328 6995
1329 4805
1329 4565
1330 7719
1330 7138
1330 6735
1330 6176
1330 5942
1330 3374
1330 2983
1330 2907
1330 7676
1330 4838
1330 3724
1330 2645
1330 3123
1331 2299
1332 7878
1332 7627
1332 7455
1332 7439
1332 7320
1332 7312
1332 6437
1332 5787
1332 5699
1332 5619
1332 5372
1332 4943
1332 2679
1332 2608
1332 8462
1332 7957
1332 7794
1332 7447
1332 7145
1332 6642
1332 6585
1332 6436
1332 5804
1332 5564
1332 5272
1332 4956
1332 2600
1332 2270
1332 1872
1332 1830
1332 7837
1332 7381
1332 7305
1332 2916
1332 2878
1333 3600
1334 8740
1334 8200
1334 8188
1334 7212
1334 6891
1334 6614
1334 6038
1334 5960
1334 5801
1334 5773
1334 5696
1334 5577
1334 5454
1334 5281
1334 3689
1334 2620
1334 2540
1334 1350
1334 8746
1334 8551
1334 8401
1334 8376
1334 8317
1334 8148
1334 7772
1334 7576
1334 7294
1334 7214
1334 7140
1334 6563
1334 5627
1334 5434
1334 5382
1334 5261
1334 3775
1334 3113
1334 2818
1334 2555
1334 1832
1334 2355
1334 2346
1335 7926
1335 6917
1335 2602
1335 5648
1335 3396
1335 1426
1336 8312
1336 5023
1336 4968
1336 2951
1336 2779
1336 8658
1336 8436
1336 8034
1336 7310
1336 6629
1336 6622
1336 5032
1336 4141
1336 3850
1336 3249
1336 2927
1336 2791
1336 1839
1336 8538
1336 8307
1336 8158
1336 7953
1336 7309
1336 5673
1336 3676
1336 3126
1337 8373
1338 8225
1338 8026
1338 7042
1338 2544
1338 8742
1338 8555
1338 8164
1338 7904
1338 7832
1338 7274
1338 6227
1338 5600
1338 3606
1338 3236
1338 1760
1338 8675
1338 7861
1338 7419
1338 5834
1338 5177
1338 4741
1338 3739
1338 2487
1339 6749
1339 5891
1339 4306
1339 1468
1340 8628
1340 8123
1340 7738
1340 6692
1340 6039
1340 3728
1340 3253
1340 2259
1340 8744
1340 8701
1340 8244
1340 8214
1340 8206
1340 8139
1340 8093
1340 7972
1340 7795
1340 6368
1340 4929
1340 3606
1340 3507
1340 3233
1340 3062
1340 2628
1340 1776
1340 5675
1340 4975
1340 4795
1340 4762
1341 2277
1342 3647
1342 8556
1342 6836
1342 5612
1342 3730
1344 8714
1344 2262
1344 7866
1344 5097
1344 4779
1344 3942
1344 3179
1344 1923
1344 1396
1344 1385
1344 3011
1344 2570
1344 1721
1345 4001
1345 7539
1345 5288
1346 8659
1346 8515
1346 8377
1346 8163
1346 5939
1346 5084
1346 2345
1346 8316
1346 7436
1346 3859
1346 3233
1346 7381
1348 5885
1348 8031
1348 7985
1348 7612
1348 5784
1348 5452
1348 5057
1348 7209
1348 5138
1348 4109
1348 3769
1348 3719
1350 7797
1350 7349
1350 7128
1350 4329
1350 3564
1350 2853
1350 8453
1350 8054
1350 7578
1350 7269
1350 7151
1350 5861
1350 5742
1350 3306
1350 2958
1350 2838
1350 2806
1350 2680
1350 2415
1350 2322
1350 8475
1350 8148
1350 7438
1350 4977
1350 4952
1350 3939
1350 3645
1350 2585
1353 5851
1355 4221
1355 2880
1355 2349
1355 4303
1358 4373
1362 6706
1366 3516
1366 3377
1367 6916
1367 5553
1368 6160
1370 4223
1373 6722
1378 8091
1378 7542
1378 7454
1378 7347
1378 3650
1378 3515
1381 8358
1381 8058
1381 8048
1381 7575
1381 7115
1381 5965
1381 4274
1381 4162
1381 8640
1381 8514
1381 6773
1381 6095
1381 5864
1381 5291
1381 4534
1381 4043
1381 2962
1381 2794
1381 1776
1381 1505
1383 8249
1383 5810
1383 8104
1383 7878
1383 7561
1383 7401
1383 6779
1383 6013
1383 5727
1383 5116
1383 4917
1383 3946
1383 3114
1383 2816
1383 2348
1383 2268
1383 8665
1383 8485
1383 8238
1383 6873
1383 5775
1383 1856
1383 1425
1385 8539
1385 5476
1385 4385
1385 8665
1385 8320
1385 8214
1385 8179
1385 8036
1385 7849
1385 7776
1385 7558
1385 6963
1385 6869
1385 6033
1385 5875
1385 5634
1385 5614
1385 5252
1385 4688
1385 4518
1385 3236
1385 3107
1385 2957
1385 2258
1385 6954
1385 6446
1385 5891
1385 5138
1385 4783
1385 2776
1385 2449
1385 1844
1387 8727
1387 8411
1387 8105
1387 7890
1387 4776
1387 2647
1387 2451
1387 7778
1387 2330
1388 5785
1388 8090
1388 7288
1388 3598
1390 1629
1395 1497
1396 8357
1396 8037
1396 7671
1396 7269
1396 6638
1396 6629
1396 6359
1396 4961
1396 2546
1396 8194
1396 7798
1396 7332
1396 7295
1396 6858
1396 4935
1396 4302
1396 4213
1396 2622
1396 2618
1396 1406
1396 7594
1397 7769
1397 4612
1397 7689
1398 3260
1398 8046
1398 6977
1398 6694
1398 6187
1398 5731
1398 4975
1398 3205
1398 2717
1398 7898
1399 4073
1399 8039
1399 7613
1399 7326
1399 7640
1400 4288
1401 8071
1401 7369
1401 6959
1401 3827
1401 3338
1401 3089
1401 6904
1401 5903
1401 3036
1401 1553
1402 3445
1402 2721
1403 4923
1403 4559
1403 4058
1403 2536
1403 6993
1403 4900
1404 6497
1404 4072
1404 8003
1404 1707
1405 8013
1405 2928
1405 8324
1405 4777
1405 4114
1406 5862
1406 8194
1406 8145
1406 8006
1406 7741
1406 5509
1406 5252
1406 5210
1406 3935
1406 1717
1406 1425
1406 8579
1406 6615
1406 3903
1407 5168
1407 3400
1407 1699
1407 8050
1407 7998
1407 7616
1407 4711
1407 4438
1407 3523
1407 2728
1407 8438
1407 6135
1407 3264
1408 8386
1408 5968
1408 4674
1408 4293
1408 1795
1408 8404
1408 6986
1409 7649
1409 6118
1409 3433
1409 3034
1409 3960
1409 3299
1409 1718
1409 8590
1409 5446
1409 3948
1410 3380
1410 4023
1410 2753
1411 7861
1411 3225
1411 4061
1411 2363
1417 6319
1417 5716
1418 7082
1418 4515
1419 7343
1419 7269
1419 6958
1419 5507
1419 5372
1419 5302
1419 4574
1419 3286
1419 2634
1419 2559
1419 8653
1419 8238
1419 8141
1419 7849
1419 7566
1419 7476
1419 7228
1419 5947
1419 4819
1419 3765
1419 2926
1419 1693
1420 7885
1420 6962
1420 6738
1420 3841
1420 3798
1420 2444
1421 8584
1421 8319
1421 8261
1421 7668
1421 7509
1421 6078
1421 5220
1421 3689
1421 3463
1421 1983
1421 8620
1421 8219
1421 8152
1421 8027
1421 7849
1421 7789
1421 7489
1421 6956
1421 6768
1421 5509
1421 5265
1421 4977
1421 4669
1421 4637
1421 2957
1421 8300
1422 8027
1422 2215
1422 4631
1422 2171
1423 4234
1423 2416
1423 2354
1423 8431
1423 8324
1423 7478
1423 7448
1423 7425
1423 6953
1423 5699
1423 3798
1423 3512
1423 3354
1423 8527
1423 8432
1423 8076
1423 7981
1423 6640
1423 6436
1423 4760
1423 4663
1423 4649
1423 4047
1423 3645
1423 3358
1423 3098
1423 1585
1424 8192
1424 7097
1424 5446
1424 5115
1424 4526
1424 4409
1424 1776
1424 8019
1424 5349
1424 4549
1425 7793
1425 7766
1425 6359
1425 5353
1425 5270
1425 4860
1425 3930
1425 3159
1425 2509
1425 2417
1425 2322
1425 1522
1425 8650
1425 8644
1425 8553
1425 8154
1425 8000
1425 7740
1425 7249
1425 7003
1425 6540
1425 6438
1425 5618
1425 5203
1425 4047
1425 3948
1425 3708
1425 3316
1425 2845
1425 2630
1425 1609
1425 8115
1425 7704
1425 7457
1425 7397
1425 6954
1425 6446
1425 1793
1426 7496
1426 3184
1426 1844
1427 7967
1427 7885
1427 7481
1427 6236
1427 6132
1427 5889
1427 3652
1427 1883
1427 8151
1427 7874
1427 7449
1427 7310
1427 7301
1427 7292
1427 7272
1427 6946
1427 5802
1427 5302
1427 4749
1427 3535
1427 2202
1427 1712
1427 1636
1427 8710
1427 8195
1427 8160
1427 8113
1427 7968
1427 7659
1427 7451
1427 7271
1427 5990
1427 5086
1427 3854
1428 5742
1429 8405
1429 7148
1429 6623
1429 8313
1429 8116
1429 7745
1429 7579
1429 7282
1429 5715
1429 5126
1429 2958
1429 1946
1430 6470
1431 4894
1432 7360
1432 6697
1432 1792
1433 5019
1434 6434
1435 4495
1435 1480
1436 8043
1436 1620
1437 6623
1437 6236
1437 3933
1437 2118
1437 8667
1437 8576
1437 8515
1437 7791
1437 7769
1437 7723
1437 7693
1437 7531
1437 6983
1437 5787
1437 5725
1437 5563
1437 5481
1437 5111
1437 4861
1437 4796
1437 2997
1437 8524
1437 8295
1437 7291
1437 5328
1437 4633
1437 2762
1437 2660
1438 2211
1439 7466
1439 5956
1439 5910
1439 5803
1439 5798
1439 5788
1439 5354
1439 2544
1439 8624
1439 8549
1439 8295
1439 8179
1439 7953
1439 7904
1439 7447
1439 7442
1439 6869
1439 6701
1439 5369
1439 5278
1439 3793
1439 3392
1439 2691
1439 7883
1439 3100
1443 6575
1443 2411
1444 3571
1444 3004
1445 6805
1445 4006
1446 8625
1446 8292
1446 8188
1446 8151
1446 7314
1446 7253
1446 7135
1446 5148
1446 4576
1446 3081
1446 2579
1446 2174
1446 8651
1446 7981
1446 7274
1446 6009
1446 5995
1446 5479
1446 5401
1446 4821
1446 4097
1446 3606
1446 3349
1446 3126
1446 3078
1446 2876
1446 2610
1446 2601
1446 2430
1446 2266
1446 8486
1448 8624
1448 8472
1448 8348
1448 8323
1448 8094
1448 7376
1448 7315
1448 7260
1448 6952
1448 6068
1448 5397
1448 5360
1448 4828
1448 4489
1448 3156
1448 2207
1448 6901
1448 3033
1448 1576
1448 6588
1448 5698
1450 7187
1450 2272
1450 1834
1450 8639
1450 7098
1450 7058
1450 6590
1450 5508
1450 5372
1450 5346
1450 2934
1450 2927
1450 1792
1450 8553
1450 7772
1452 4908
1452 3954
1452 3359
1452 3731
1453 4622
1453 3706
1453 3562
1455 6928
1455 2928
1455 2368
1455 6987
1455 6891
1455 6590
1455 5481
1455 5276
1455 3771
1455 3693
1455 3247
1455 2954
1455 8653
1455 8327
1455 8187
1455 7639
1455 6956
1455 6775
1455 6487
1455 5055
1455 2518
1457 8650
1457 5701
1457 4544
1457 3300
1457 4343
1459 2110
1461 4212
1464 2163
1468 8466
1468 6603
1468 6228
1468 5888
1468 5585
1468 5248
1468 5207
1468 2343
1470 5860
1470 5642
1470 3901
1470 7436
1470 6931
1470 5989
1470 4752
1470 3859
1471 8370
1471 7714
1471 7578
1471 7147
1471 4300
1471 3357
1471 3017
1471 3767
1471 2577
1472 1931
1472 4330
1473 5976
1473 5556
1473 2885
1473 7135
1478 2873
1479 1561
1481 3835
1481 7520
1481 4448
1482 8159
1482 7191
1482 7098
1482 5616
1482 4978
1482 3980
1482 3919
1482 2902
1482 2872
1482 8206
1482 8011
1482 7610
1482 5212
1482 4752
1482 3164
1482 6712
1483 6962
1483 8713
1483 7421
1483 1806
1484 5061
1484 2375
1486 6144
1486 7934
1486 3680
1486 2392
1488 1588
1489 2108
1489 2028
1490 3288
1490 7195
1491 6430
1492 3532
1492 8065
1493 2303
1494 4809
1496 8457
1496 5080
1496 5840
1497 7335
1497 5932
1497 2377
1498 4721
1498 4670
1498 2226
1499 3745
1500 3525
1500 7528
1500 7034
1500 6572
1500 6292
1500 6561
1500 5717
1500 2732
1500 2532
1501 5560
1501 5492
1501 2441
1501 2341
1501 1658
1501 3757
1502 6574
1502 5052
1502 7407
1502 8461
1503 8132
1503 3917
1503 3640
1503 6657
1504 6807
1504 2225
1505 8713
1505 7575
1505 6424
1505 5725
1505 2771
1505 1756
1505 3319
1506 6635
1507 6656
1514 6997
1516 3820
1516 3697
1516 2906
1516 6603
1517 7506
1518 5602
1518 5491
1518 5341
1518 1976
1518 7494
1519 5646
1519 2362
1520 7797
1520 7649
1520 5179
1520 3860
1520 8749
1520 8697
1520 8659
1520 8151
1520 7714
1520 7635
1520 7129
1520 6847
1520 5958
1520 5121
1520 4049
1520 2764
1520 2668
1520 2448
1520 8746
1520 8329
1520 8317
1520 7350
1520 7107
1520 7025
1520 5505
1520 3851
1520 2793
1522 7992
1522 6081
1522 5869
1522 7916
1522 7428
1522 7135
1522 6944
1522 6683
1522 6570
1522 6512
1522 6359
1522 5941
1522 5900
1522 5192
1522 4790
1522 3946
1522 2324
1522 8341
1522 3608
1522 2658
1522 2628
1522 1638
1529 2008
1531 4730
1535 6706
1540 7238
1541 8726
1541 5407
1541 5105
1541 4551
1541 4328
1541 4175
1541 3789
1541 2079
1541 8554
1541 8394
1541 7177
1541 6498
1541 2913
1542 6574
1543 8747
1543 8476
1543 8114
1543 7782
1543 7547
1543 5161
1543 5046
1543 3304
1543 2265
1545 6213
1545 6109
1545 3957
1546 4658
1546 2694
1551 6882
1551 6533
1551 3447
1553 2270
1553 7887
1553 6537
1553 5489
1554 2003
1554 6666
1555 3564
1555 2689
1555 7627
1555 7308
1555 7040
1555 5215
1555 3672
1555 3352
1555 3341
1555 2646
1555 8273
1555 6784
1558 7430
1558 2336
1558 8115
1558 7434
1558 7305
1558 4363
1558 3222
1558 2275
1558 8336
1558 7672
1560 7634
1560 7505
1560 7097
1560 3349
1560 2602
1560 8386
1562 2224
1562 3517
1563 6499
1564 6972
1564 6714
1564 5781
1564 4221
1564 4169
1564 2520
1564 1807
1566 6828
1566 6733
1566 6696
1566 4787
1566 2920
1566 2740
1566 7597
1566 6956
1566 5515
1566 2514
1566 1692
1567 5867
1568 6546
1568 4503
1568 7231
1568 5267
1568 4916
1568 3626
1569 4618
1569 2431
1569 6401
1570 8223
1570 7966
1570 7862
1570 7675
1570 5807
1570 5746
1570 4889
1570 4765
1570 4598
1570 4071
1570 2930
1570 7764
1570 7149
1570 6869
1570 6522
1570 6429
1570 6227
1570 5271
1570 4649
1570 4518
1570 2438
1571 7170
1572 8756
1572 8083
1572 7980
1572 7931
1572 7784
1572 7640
1572 7085
1572 6535
1572 6301
1572 5854
1572 5830
1572 3658
1572 2994
1572 8287
1572 7949
1572 7882
1572 7763
1572 7452
1572 7372
1572 5682
1572 4718
1572 3851
1572 2638
1572 1661
1572 8419
1572 5938
1572 4689
1572 2916
1573 6601
1574 8428
1574 7886
1574 7721
1574 5633
1574 5605
1574 5602
1574 5144
1574 3965
1574 3286
1574 3154
1574 3001
1574 2611
1574 2372
1574 2259
1574 8725
1574 8308
1574 8307
1574 5363
1574 5344
1574 4786
1574 4614
1574 2632
1574 2420
1574 1950
1574 1609
1574 7970
1574 7299
1574 5109
1575 8145
1575 8090
1575 7608
1575 5170
1575 2787
1575 4595
1575 7672
1575 5233
1576 8317
1576 8209
1576 8027
1576 7226
1576 6950
1576 6009
1576 5777
1576 5630
1576 5449
1576 5291
1576 4814
1576 4760
1576 2632
1576 2604
1576 2587
1576 2204
1576 8014
1576 7070
1576 4762
1576 2878
1576 2633
1577 2272
1577 7678
1577 6281
1577 3046
1577 7823
1577 3973
1578 2671
1578 2568
1578 8735
1578 8557
1578 8261
1578 7700
1578 7422
1578 7293
1578 7074
1578 6610
1578 6013
1578 5577
1578 5295
1578 5270
1578 4501
1578 8485
1578 8112
1578 6968
1578 5959
1578 5779
1578 5274
1578 3269
1578 2695
1579 8493
1579 8418
1579 7676
1579 5244
1579 4116
1579 3124
1579 2917
1579 8439
1579 7695
1579 5034
1579 2749
1579 2547
1580 7042
1580 5892
1580 5885
1580 2676
1580 8573
1580 8529
1580 8214
1580 7600
1580 7510
1580 4927
1580 4314
1580 3763
1580 3392
1580 3019
1580 2818
1580 2167
1580 3739
1580 3296
1581 8645
1581 8458
1581 8007
1581 5981
1581 5917
1581 5381
1581 5144
1581 2169
1581 1663
1581 8746
1581 8473
1581 8346
1581 8295
1581 8278
1581 6748
1581 5219
1581 4312
1581 4123
1581 3366
1581 3078
1581 2428
1582 8031
1582 6773
1582 6703
1582 6017
1582 3925
1582 3161
1582 2746
1582 7502
1582 4691
1582 2820
1582 2504
1582 1846
1583 4185
1583 3201
1583 7840
1583 7676
1583 7562
1583 6889
1583 6566
1583 2336
1584 8748
1584 3940
1584 3318
1584 1598
1584 3952
1585 8451
1585 6953
1585 6828
1585 5121
1585 4860
1585 4564
1585 8722
1585 8262
1585 8162
1585 7912
1585 7631
1585 6974
1585 6968
1585 6624
1585 6620
1585 6309
1585 5790
1585 5100
1585 4637
1585 3772
1585 2822
1585 2497
1585 2266
1585 8413
1585 1866
1586 3374
1587 7261
1587 3710
1587 3520
1587 2890
1587 8536
1587 7680
1587 5766
1587 4954
1587 4860
1587 4784
1587 4766
1587 3463
1587 3295
1587 2764
1587 7730
1587 7254
1587 6108
1587 5937
1587 5387
1587 3395
1587 3124
1587 2793
1587 2428
1588 7411
1588 7097
1588 6060
1588 4836
1588 2789
1588 1608
1588 8008
1588 4481
1589 6957
1589 6732
1589 3811
1589 2223
1589 1857
1589 7793
1589 7722
1589 7577
1589 5629
1589 5373
1589 4289
1589 3522
1589 3256
1589 2488
1590 4651
1590 2910
1590 1698
1590 8116
1590 8104
1590 7211
1590 6114
1590 5755
1590 4983
1590 4625
1590 4022
1590 3757
1590 3751
1590 3112
1590 3081
1590 2838
1591 7862
1591 7677
1591 5704
1591 4187
1591 3155
1591 3097
1591 2851
1591 2427
1591 2372
1591 8315
1591 8064
1591 7807
1591 7291
1591 7215
1591 5878
1591 5332
1591 4566
1591 3698
1591 7827
1591 3544
1592 7956
1592 6228
1592 5896
1592 4310
1592 3508
1592 8613
1592 8344
1592 5891
1592 4309
1592 3088
1593 8038
1593 6640
1593 5465
1593 5449
1593 4507
1593 3635
1593 7250
1594 3181
1594 2974
1594 7826
1594 7619
1594 2902
1594 2620
1594 1971
1594 1663
1594 5477
1594 3063
1594 3013
1595 8305
1595 7260
1595 6970
1595 5779
1595 3763
1595 2737
1595 1693
1595 6396
1595 5914
1595 7234
1596 8661
1596 7382
1596 6012
1596 5353
1596 3304
1596 2688
1596 8306
1596 8214
1596 8124
1596 7510
1596 7146
1596 5615
1596 3925
1596 3708
1596 2788
1596 2636
1596 1766
1596 7143
1596 7079
1596 3836
1597 4436
1597 2340
1597 1750
1597 2579
1598 4876
1598 6962
1598 5299
1598 8470
1598 8431
1598 8292
1598 8079
1598 8058
1598 7723
1598 7475
1598 7426
1598 7253
1598 5958
1598 5940
1598 5860
1598 5787
1598 4341
1598 4287
1598 3757
1598 3740
1598 2949
1598 2764
1598 2372
1598 2256
1598 1906
1598 1740
1599 7563
1599 6173
1599 4892
1599 2651
1600 8627
1600 7416
1600 6856
1600 4696
1600 3489
1600 2000
1600 1857
1600 8661
1600 8484
1600 7886
1600 6621
1600 6232
1600 6030
1600 5956
1600 3486
1600 3385
1600 3111
1600 2945
1600 8672
1602 7065
1602 5850
1602 8663
1602 7783
1602 6946
1602 5659
1602 4889
1602 4796
1602 3774
1602 3154
1602 1901
1604 6297
1604 6280
1604 5721
1604 4555
1606 6858
1606 3089
1606 6831
1606 3559
1607 6079
1607 5899
1607 1778
1607 7629
1607 6620
1607 5360
1607 3156
1607 2854
1607 2845
1607 2626
1607 2215
1607 1774
1607 8254
1607 7391
1607 2261
1608 5796
1608 6188
1608 4747
1608 2320
1609 8535
1609 8515
1609 8311
1609 7745
1609 7443
1609 5944
1609 5753
1609 4830
1609 4604
1609 3729
1609 3463
1609 3341
1609 2680
1609 2511
1609 8529
1609 8483
1609 8273
1609 8093
1609 8000
1609 7476
1609 6640
1609 5515
1609 4823
1609 3313
1609 3110
1609 2609
1609 1692
1609 6524
1609 5391
1609 5266
1610 7128
1610 5169
1610 4234
1610 2341
1610 2044
1610 8331
1610 8291
1610 7367
1610 7144
1610 6891
1610 6395
1610 5279
1610 2590
1611 8443
1611 8331
1611 7352
1611 7296
1611 7027
1611 5872
1611 2934
1611 2676
1611 8729
1611 8722
1611 8718
1611 8442
1611 8364
1611 8301
1611 8219
1611 7591
1611 5866
1611 5684
1611 5453
1611 5452
1611 4760
1611 4031
1611 3950
1611 3614
1611 2430
1611 2428
1611 1692
1611 8254
1611 7331
1611 7070
1611 6593
1611 4169
1612 8271
1612 7007
1612 5244
1612 3105
1612 1766
1612 5146
1612 4602
1612 3222
1613 6887
1613 3286
1613 8621
1613 8286
1613 8158
1613 8096
1613 7345
1613 6467
1613 5632
1613 5615
1613 5086
1613 4960
1613 4209
1613 4171
1613 2638
1613 2607
1613 8579
1613 6794
1613 5731
1613 4215
1613 3941
1613 3814
1613 2718
1613 2595
1614 5700
1614 7757
1614 7717
1614 6539
1614 8148
1614 6341
1615 7439
1615 7425
1615 5294
1615 2806
1615 2704
1615 8549
1615 8474
1615 8305
1615 8164
1615 8141
1615 7926
1615 7702
1615 7602
1615 4977
1615 4566
1615 3627
1615 3260
1615 2686
1615 2539
1615 8105
1615 4112
1615 3755
1615 3184
1616 7962
1616 7401
1616 5126
1616 1985
1618 7353
1618 6535
1618 6363
1618 4282
1618 1841
1618 5248
1618 4703
1618 3857
1619 4478
1619 3831
1619 3445
1620 4520
1620 4473
1620 3170
1620 4210
1622 8381
1623 8705
1623 7984
1623 4645
1623 3532
1625 8732
1625 2391
1625 6520
1625 3153
1626 5625
1626 4822
1627 7968
1627 2938
1629 3957
1631 6363
1631 2493
1631 8596
1632 1984
1632 7877
1633 1753
1633 7048
1634 5960
1634 5828
1634 3643
1634 4967
1634 3339
1634 3317
1634 2350
1634 7079
1634 6653
1634 6172
1635 7911
1635 6851
1635 5839
1635 2892
1635 2828
1635 8292
1635 7723
1635 7468
1635 7067
1635 6469
1635 6034
1635 4763
1635 4282
1635 4036
1635 1740
1636 2842
1636 8488
1636 7120
1636 6066
1636 6055
1636 5861
1636 6834
1636 2429
1636 1661
1637 8537
1637 7954
1637 7816
1637 7670
1637 5964
1637 5873
1637 5605
1637 4287
1637 4218
1637 3643
1637 3385
1637 1851
1637 8472
1637 8064
1637 8041
1637 7949
1637 7140
1637 6940
1637 4566
1638 8399
1638 7791
1638 7041
1638 6379
1638 5899
1638 5032
1638 3626
1638 2262
1638 2172
1638 8160
1638 8145
1638 7629
1638 7298
1638 6543
1638 6374
1638 5513
1638 4838
1638 4672
1638 4518
1638 4230
1638 3783
1638 3533
1638 3268
1638 3165
1638 3157
1638 3110
1638 2667
1638 8157
1638 1804
1639 5939
1639 2415
1639 2407
1639 8253
1639 8137
1639 8127
1639 7127
1639 6017
1639 5551
1639 5486
1639 3189
1639 2207
1639 2019
1639 7726
1639 7173
1639 6782
1639 3033
1640 8197
1640 7481
1640 7109
1640 7032
1640 5856
1640 4911
1640 3825
1640 2901
1640 8332
1640 7670
1640 5346
1640 5140
1640 4885
1640 4784
1640 3342
1640 1839
1641 7206
1641 5720
1641 5678
1641 5254
1641 1658
1641 7739
1641 7449
1641 7212
1641 5965
1641 5403
1641 5140
1641 4930
1641 3109
1641 2634
1641 2260
1642 3359
1643 8229
1643 8015
1643 6732
1643 5708
1643 8202
1643 7324
1643 6753
1643 3356
1643 3249
1643 2216
1645 4888
1645 2962
1645 8017
1645 3544
1645 1928
1645 6385
1647 8717
1647 7508
1647 6738
1647 4304
1647 3646
1647 2785
1647 6106
1648 3173
1648 7865
1648 6824
1650 7387
1650 4272
1650 3759
1650 3276
1652 4522
1654 3180
1656 7069
1656 6899
1657 3244
1658 5925
1658 4876
1658 6102
1658 6010
1658 5976
1658 5720
1658 5179
1658 7041
1658 6644
1658 5508
1658 4114
1658 2740
1658 2707
1658 2676
1659 3813
1659 2853
1659 2361
1659 8537
1659 8428
1659 8135
1659 7289
1659 6949
1659 6234
1659 5900
1659 5302
1659 4872
1659 3320
1659 2996
1659 8701
1659 8252
1659 8055
1659 5035
1660 7519
1660 3399
1660 6507
1660 6286
1661 7707
1661 7540
1661 6944
1661 6345
1661 3111
1661 3108
1661 2781
1661 2418
1661 8722
1661 8103
1661 6058
1661 5609
1661 5434
1661 4814
1661 4592
1661 3597
1661 3297
1661 2932
1661 1853
1662 3928
1663 7407
1663 4355
1663 3318
1663 2974
1663 8332
1663 7678
1663 7487
1663 6627
1663 6357
1663 5981
1663 5450
1663 3511
1663 3131
1663 8437
1663 8302
1663 8293
1663 7698
1663 7429
1663 7316
1663 6776
1663 6538
1663 5990
1663 5344
1663 5163
1663 4822
1663 3660
1663 2768
1663 2638
1663 2539
1663 1720
1664 7500
1664 6388
1664 2500
1664 6169
1664 4459
1665 8357
1665 6810
1665 6357
1665 6185
1665 3306
1665 3029
1665 2960
1665 8698
1665 8679
1665 8657
1665 8375
1665 8250
1665 8198
1665 7591
1665 7369
1665 7193
1665 6872
1665 6768
1665 5732
1665 5387
1665 5272
1665 2630
1665 2350
1665 2336
1665 8758
1665 7681
1665 4979
1665 3003
1666 8659
1666 8205
1666 8084
1666 7455
1666 7421
1666 6610
1666 5026
1666 4978
1666 3623
1666 3309
1666 3017
1666 8531
1666 5632
1666 5335
1666 2924
1666 1692
1667 8578
1667 8197
1667 7644
1667 7481
1667 5805
1667 7579
1667 7005
1667 6770
1667 5769
1667 5563
1667 5366
1667 5026
1667 4885
1667 2843
1667 1806
1667 1791
1668 8305
1668 8250
1668 8149
1668 7891
1668 2505
1668 8337
1668 6901
1668 3665
1668 4561
1669 6638
1669 4928
1669 8245
1669 7818
1669 4204
1669 3849
1669 6022
1670 3035
1670 8035
1670 5678
1670 4131
1671 5743
1671 5356
1671 5069
1671 4299
1671 3854
1671 3252
1671 2638
1671 2583
1671 5646
1671 4432
1671 3119
1671 2549
1672 5722
1673 6613
1673 6081
1673 4962
1673 4724
1673 8726
1673 8556
1673 8488
1673 8311
1673 8178
1673 8133
1673 7705
1673 7041
1673 5730
1673 5365
1673 5302
1673 5192
1673 4840
1673 4739
1673 2720
1673 2699
1673 2417
1673 2202
1673 7630
1673 7345
1675 7764
1675 6582
1675 5444
1675 5201
1675 4601
1675 8500
1675 7519
1675 3448
1678 3090
1680 7790
1680 7719
1680 7118
1680 3751
1680 3256
1680 8583
1680 7981
1680 7003
1680 3056
1680 2946
1680 2443
1680 8743
1680 7143
1680 3759
1682 8668
1682 8323
1682 8011
1682 6834
1682 5611
1682 4649
1682 4507
1682 3859
1682 2736
1682 8091
1682 8019
1682 8008
1682 1790
1684 8205
1684 8107
1684 7693
1684 6942
1684 5802
1684 5151
1684 4840
1684 2927
1684 8531
1684 8325
1684 7988
1684 7751
1684 7285
1684 4823
1684 3765
1684 5993
1686 7496
1686 3835
1687 8682
1687 3617
1688 7211
1688 5080
1688 4620
1688 2483
1689 3547
1690 7185
1690 6941
1690 6164
1690 3316
1690 3076
1690 2677
1690 7160
1690 2562
1691 4664
1691 6268
1692 8735
1692 7693
1692 5384
1692 5366
1692 2934
1692 8668
1692 8246
1692 8126
1692 8031
1692 6654
1692 6642
1692 6540
1692 5051
1692 3608
1692 3547
1692 2674
1692 2518
1692 1798
1693 8290
1693 8279
1693 5384
1693 4604
1693 4022
1693 1890
1693 8723
1693 7628
1693 7279
1693 7230
1693 7193
1693 5393
1693 3519
1693 2995
1693 2825
1693 2682
1693 2373
1693 7695
1693 7331
1693 5914
1693 5275
1693 4783
1693 1860
1694 8610
1694 8200
1694 6443
1694 3946
1694 3742
1694 3463
1694 2668
1694 8161
1694 7953
1694 5804
1694 5634
1694 5210
1695 8646
1695 8103
1695 6011
1695 4230
1695 6440
1695 5718
1695 5034
1695 4676
1695 4112
1695 2749
1695 1866
1695 2402
1696 8479
1696 8328
1696 8260
1696 8255
1696 7813
1696 7449
1696 6690
1696 5954
1696 5354
1696 4957
1696 4331
1696 3728
1696 3593
1696 3253
1696 8746
1696 8096
1696 7641
1696 7258
1696 6566
1696 6490
1696 6438
1696 6374
1696 5969
1696 5408
1696 4960
1696 2766
1696 2716
1696 2347
1696 8028
1696 7482
1696 7397
1696 5575
1697 7851
1697 7349
1697 7261
1697 6874
1697 5169
1697 4651
1697 3897
1697 8282
1697 8117
1697 7693
1697 7456
1697 4983
1697 8307
1697 8273
1697 7279
1697 5401
1698 7018
1698 6361
1698 3684
1698 7950
1698 7527
1698 5621
1698 4364
1698 6610
1698 6063
1698 4114
1698 3131
1699 6481
1699 6203
1699 2226
1699 5395
1699 5174
1699 5147
1699 2521
1700 8334
1700 7684
1700 3385
1701 7013
1701 5461
1701 1871
1702 4757
1705 5250
1705 4659
1706 1743
1707 5872
1707 4362
1707 3641
1707 3484
1707 3295
1707 2702
1707 5053
1709 6492
1709 6213
1709 3452
1709 6631
1709 6043
1709 4059
1709 1808
1710 7093
1710 6208
1711 4369
1711 7266
1711 3808
1711 7046
1712 7774
1712 5118
1712 2869
1712 8756
1712 8523
1712 8207
1712 8024
1712 7796
1712 7642
1712 7425
1712 7083
1712 5123
1712 4928
1712 2697
1712 8723
1712 8057
1712 8055
1712 7366
1712 7140
1712 6876
1712 6609
1712 5028
1712 4953
1712 3666
1712 3126
1712 2995
1713 4066
1714 7117
1714 6900
1714 6572
1714 4965
1714 8133
1714 8121
1714 7954
1714 7791
1714 6067
1714 5788
1714 4932
1714 4289
1714 3254
1715 3054
1716 6853
1716 6107
1716 5296
1716 7966
1716 7392
1716 3932
1716 3689
1716 2960
1717 6318
1717 1833
1717 4745
1717 1889
1717 1789
1718 7326
1718 4038
1718 3697
1718 3611
1718 8287
1718 6483
1718 6374
1718 3250
1719 5323
1719 8073
1719 7950
1719 7081
1719 5668
1719 5027
1719 4304
1719 6648
1719 6032
1719 3834
1720 5954
1720 3387
1720 1965
1720 7452
1720 6931
1720 6558
1720 2710
1720 2537
1720 6036
1721 8513
1721 6374
1721 2976
1721 3759
1721 3033
1722 8147
1722 7131
1722 5472
1722 5152
1722 3765
1722 2012
1722 1774
1722 8365
1722 8276
1722 7595
1722 5370
1722 5247
1723 8680
1723 7229
1723 6751
1723 3993
1723 2852
1723 7436
1723 6859
1724 3325
1730 8708
1730 8606
1730 4750
1730 3852
1730 2090
1730 1903
1730 1812
1730 7525
1730 6694
1730 6134
1730 5578
1730 3964
1731 4655
1731 3010
1731 6961
1731 4658
1732 7889
1732 7826
1732 7229
1732 6154
1732 4630
1732 3199
1732 8465
1732 6358
1732 5124
1733 1916
1734 5517
1736 2314
1739 6901
1739 4152
1739 3300
1739 6507
1739 5517
1740 8035
1740 7064
1740 6545
1740 4190
1740 3607
1740 8645
1740 8436
1740 7761
1740 7668
1740 7640
1740 7603
1740 6234
1740 5945
1740 5004
1740 4983
1740 4944
1740 4454
1740 4331
1740 4179
1740 3753
1740 3626
1740 2511
1740 8444
1740 6876
1740 6873
1740 5866
1740 3676
1744 6449
1747 7588
1747 6375
1747 3524
1747 2197
1747 8424
1747 8409
1747 5543
1747 4479
1748 8474
1748 8364
1748 5335
1748 4211
1748 3939
1748 3927
1748 5535
1748 5312
1748 5167
1749 2661
1750 5919
1750 2226
1750 8363
1750 6636
1750 6512
1750 4599
1750 4022
1750 2740
1752 8405
1752 6893
1752 3499
1752 3862
1754 2456
1755 4138
1755 3448
1755 2036
1756 6129
1756 5491
1756 4123
1757 6605
1757 4633
1757 3546
1758 1914
1758 4983
1758 3357
1759 8516
1759 6398
1759 2922
1760 5339
1760 5112
1760 7315
1760 6000
1760 5896
1760 5301
1760 5278
1760 5194
1760 4302
1760 4834
1760 3580
1760 2570
1761 5313
1761 4154
1761 3432
1762 8525
1762 8361
1762 6352
1762 5382
1762 5200
1762 2962
1762 2734
1762 2507
1762 5266
1762 4432
1762 4293
1762 3378
1762 4894
1763 3694
1763 5159
1764 8339
1764 8256
1764 7811
1764 7253
1764 6622
1764 4914
1764 3302
1764 1858
1764 8210
1764 6945
1764 6662
1764 5673
1764 2587
1764 1872
1765 8613
1766 2930
1766 8280
1766 8152
1766 8032
1766 7630
1766 6586
1766 5634
1766 3509
1766 3339
1766 2793
1766 5764
1766 3941
1767 6696
1767 8514
1767 8489
1767 6387
1767 5513
1767 6050
1767 4451
1768 8458
1768 8299
1768 7819
1768 5860
1768 5602
1768 2813
1768 2764
1768 8325
1768 8147
1768 7749
1768 7602
1768 6950
1768 6538
1768 6412
1768 6112
1768 2762
1768 2601
1768 2587
1769 7498
1769 6917
1769 6164
1769 5249
1769 4793
1769 4347
1769 4314
1769 3639
1770 5785
1770 3511
1770 2722
1770 8360
1770 8348
1770 8341
1770 8320
1770 8166
1770 7751
1770 7716
1770 7295
1770 7047
1770 6968
1770 5673
1770 5397
1770 5154
1770 4302
1770 3726
1770 2714
1770 2630
1770 2589
1770 7883
1770 2669
1770 1844
1771 8658
1771 7998
1771 7638
1771 7395
1771 7289
1771 7280
1771 6690
1771 6342
1771 5112
1771 4951
1771 3756
1771 2417
1771 2172
1771 8216
1771 8150
1771 7467
1771 7274
1771 7007
1771 4601
1771 3747
1771 3316
1771 3110
1771 2645
1771 2632
1771 2626
1771 2610
1771 2577
1771 1864
1771 5128
1771 4544
1772 8197
1772 8130
1772 7911
1772 7774
1772 6955
1772 6923
1772 5196
1772 3860
1772 3177
1772 8311
1772 8269
1772 8144
1772 7207
1772 6896
1772 6692
1772 5755
1772 5602
1772 5454
1772 5351
1772 5281
1772 4564
1772 3965
1772 3826
1772 3539
1772 3234
1772 2616
1772 2173
1772 8477
1772 8473
1772 8217
1772 8206
1772 7071
1772 5947
1772 5875
1772 5804
1772 5448
1772 5328
1772 5303
1772 5203
1772 4874
1772 4858
1772 3358
1772 3167
1772 2695
1772 1872
1773 8641
1773 8639
1773 8574
1773 8403
1773 8261
1773 7793
1773 7320
1773 6019
1773 5619
1773 3328
1773 2839
1773 2817
1773 1778
1773 8103
1773 8027
1773 7953
1773 7442
1773 7262
1773 6538
1773 6536
1773 6438
1773 5953
1773 5786
1773 4621
1773 3787
1773 3775
1773 2917
1773 2631
1773 2438
1773 1863
1773 8419
1773 8052
1773 4665
1774 7592
1774 3081
1774 8265
1774 8246
1774 7263
1774 7150
1774 6872
1774 5795
1774 4566
1774 4310
1774 3912
1774 3640
1774 3267
1774 2827
1774 5906
1774 4773
1775 8040
1775 8025
1775 5629
1775 5130
1775 4766
1775 2707
1775 2202
1775 8695
1775 8493
1775 8432
1775 8271
1775 8030
1775 7772
1775 7743
1775 7446
1775 7372
1775 6586
1775 5824
1775 5271
1775 4489
1775 4389
1775 2821
1775 2818
1775 2626
1775 5906
1776 8535
1776 8169
1776 7670
1776 7198
1776 6678
1776 5603
1776 4926
1776 3306
1776 2955
1776 8160
1776 7749
1776 7132
1776 6773
1776 6611
1776 5548
1776 5358
1776 5035
1776 3981
1776 3726
1776 3062
1776 2591
1776 5167
1777 8170
1777 7241
1777 3933
1777 8256
1777 8151
1777 7746
1777 7151
1777 6942
1777 6891
1777 6366
1777 6133
1777 6038
1777 5802
1777 5351
1777 5262
1777 4761
1777 4576
1777 3114
1777 2816
1777 2415
1777 8317
1777 7193
1777 7107
1777 6701
1777 6642
1777 2939
1778 8467
1778 8261
1778 8083
1778 8080
1778 8050
1778 7182
1778 7144
1778 6456
1778 6372
1778 6342
1778 4554
1778 4454
1778 4300
1778 4022
1778 3777
1778 3751
1778 3687
1778 3159
1778 8106
1778 7345
1778 5732
1778 3767
1778 2874
1778 2632
1779 8125
1779 8118
1779 7590
1779 8258
1779 8198
1779 8027
1779 7379
1779 5775
1779 5357
1779 2946
1779 2548
1779 2429
1779 2369
1779 2167
1779 1853
1779 5764
1779 5391
1779 3465
1780 8207
1780 7983
1780 6810
1780 6690
1780 6357
1780 5306
1780 5126
1780 4951
1780 4936
1780 4050
1780 3605
1780 3131
1780 3081
1780 8485
1780 8326
1780 8317
1780 8206
1780 8139
1780 8096
1780 7658
1780 7060
1780 5627
1780 5368
1780 5102
1780 4934
1780 4927
1780 4687
1780 3863
1780 3194
1780 3152
1780 2917
1780 2795
1780 2793
1780 2602
1780 2430
1780 4979
1780 4950
1781 8440
1781 7874
1781 7191
1781 7123
1781 6852
1781 6534
1781 5407
1781 5199
1781 3655
1781 3605
1781 3262
1781 3199
1781 2707
1781 2703
1781 2169
1781 8722
1781 8361
1781 8323
1781 8320
1781 8308
1781 5943
1781 3507
1781 3026
1781 2814
1781 2628
1782 3710
1782 8697
1782 8641
1782 8625
1782 8140
1782 8116
1782 8010
1782 7739
1782 7675
1782 7399
1782 6849
1782 6677
1782 5340
1782 3794
1782 3199
1782 3102
1782 2720
1782 8149
1782 7702
1782 7628
1782 7370
1782 6426
1782 5771
1782 5393
1782 5102
1782 4960
1782 4722
1782 4543
1782 4327
1782 3950
1782 3854
1782 3752
1782 2854
1782 2428
1784 2759
1784 8227
1784 6545
1784 5837
1786 8629
1786 8530
1786 3736
1786 1926
1788 6938
1788 7792
1788 3822
1788 2948
1788 2760
1788 1835
1788 5996
1789 7835
1789 4069
1789 3540
1789 8032
1789 7611
1789 7510
1789 7056
1789 5297
1789 2443
1789 2127
1790 6593
1790 5177
1790 4915
1790 3755
1790 2717
1790 8085
1790 7181
1790 3947
1791 6989
1791 4792
1791 3714
1791 3531
1791 8730
1791 8659
1791 8636
1791 8436
1791 7791
1791 7396
1791 6744
1791 6301
1791 5948
1791 5778
1791 5481
1791 5208
1791 5119
1791 3697
1791 3603
1791 3096
1791 2807
1791 2791
1791 2544
1791 2542
1791 2447
1791 2203
1791 8553
1791 8281
1791 6585
1791 4953
1791 3330
1791 2660
1792 8457
1792 7892
1792 7301
1792 4914
1792 6579
1793 8215
1793 8152
1793 7409
1793 7348
1793 7297
1793 7060
1793 4953
1793 3863
1793 3117
1793 2850
1793 2600
1793 2266
1793 5748
1793 5202
1793 5109
1793 3198
1793 2192
1794 6760
1794 3221
1794 7622
1794 6740
1794 6698
1794 4383
1795 8246
1795 6112
1795 5212
1795 6593
1795 6050
1795 3171
1795 3100
1796 3100
1796 2784
1796 6755
1797 6054
1797 4509
1797 2453
1797 8304
1797 7974
1797 3309
1797 5000
1798 8677
1798 8169
1798 3149
1798 6498
1798 1862
1798 8019
1799 6693
1799 5829
1799 4121
1799 3926
1799 3835
1799 7088
1800 7461
1800 3209
1800 7847
1800 4774
1800 4116
1800 3706
1801 6567
1801 5560
1801 8502
1801 7202
1801 6419
1802 8069
1802 7781
1802 5023
1802 8659
1802 8321
1802 8223
1802 6702
1802 5211
1802 5084
1802 3306
1802 2791
1802 2511
1802 1925
1802 8330
1802 7133
1802 5153
1802 3107
1802 1811
1803 6913
1803 4459
1804 8301
1804 7491
1804 7297
1804 6963
1804 6368
1804 5777
1804 5615
1804 5397
1804 4688
1804 3061
1804 8411
1804 6344
1804 6022
1805 2320
1805 3401
1806 5411
1806 2790
1806 8681
1806 7960
1806 7674
1806 7041
1806 6437
1806 5861
1806 5602
1806 4315
1806 4243
1806 3199
1806 3136
1806 2424
1806 2128
1806 8196
1806 8148
1806 3781
1806 2674
1807 7230
1807 3706
1807 2864
1807 2836
1807 2091
1808 7997
1808 6902
1808 6554
1808 6056
1808 4670
1808 8691
1808 7118
1808 6065
1808 5699
1808 4576
1808 3095
1808 2526
1809 8628
1809 8269
1809 7811
1809 7158
1809 6958
1809 5270
1809 4981
1809 4821
1809 2632
1809 2500
1809 4544
1810 3034
1810 2898
1810 2060
1811 7449
1811 5747
1811 5004
1811 3717
1811 3286
1811 3262
1811 2348
1811 8715
1811 8187
1811 7856
1811 7744
1811 7107
1811 6945
1811 5194
1811 3931
1811 3921
1811 3194
1812 8184
1812 6676
1812 2257
1812 4089
1813 7797
1813 7765
1813 6545
1813 4190
1813 2440
1813 2095
1813 6437
1813 4143
1813 3064
1813 2559
1814 6002
1814 2533
1815 7964
1815 4964
1815 2418
1815 5348
1815 4672
1815 3527
1815 2895
1815 3762
1815 2980
1816 4511
1817 7494
1817 6466
1822 4876
1822 8007
1822 6419
1822 3046
1824 4786
1824 7525
1825 2034
1826 7081
1826 6063
1826 3936
1826 3046
1827 7395
1827 7083
1827 8644
1827 8375
1827 7348
1827 7204
1827 6963
1827 6392
1827 5614
1827 3019
1828 6474
1828 4852
1828 8223
1828 5281
1828 3881
1828 2727
1828 2114
1828 2274
1829 7770
1829 6347
1829 5608
1829 4773
1829 3755
1829 6447
1830 6571
1830 6534
1830 2578
1830 7297
1830 7140
1830 6110
1830 5357
1830 5321
1830 4552
1830 3061
1830 2059
1830 7861
1830 7715
1830 5809
1831 5733
1831 2145
1832 8713
1832 8358
1832 7979
1832 5944
1832 2513
1832 8303
1832 8127
1832 7914
1832 7742
1832 7290
1832 5989
1832 5363
1832 4963
1832 2940
1832 4816
1832 4702
1832 3319
1833 2342
1834 8669
1834 8035
1834 6607
1834 5789
1834 3028
1834 2773
1834 8641
1834 8476
1834 8436
1834 7269
1834 6828
1834 6808
1834 6570
1834 5961
1834 5730
1834 5071
1834 4574
1834 3271
1834 2997
1834 2920
1835 1851
1835 5707
1835 1976
1835 5996
1836 7137
1837 6856
1837 7590
1837 6953
1837 6692
1837 6232
1837 5803
1837 5756
1837 5172
1837 4289
1837 3952
1837 8727
1837 8397
1837 8302
1837 8267
1837 7987
1837 7265
1837 7196
1837 6341
1837 6011
1837 5902
1837 5200
1837 4592
1837 2841
1837 2771
1839 8732
1839 6587
1839 6125
1839 3647
1839 8539
1839 8453
1839 8433
1839 8332
1839 8288
1839 8200
1839 7721
1839 7635
1839 6744
1839 6644
1839 6561
1839 5960
1839 5924
1839 5799
1839 5778
1839 4777
1839 2843
1839 2688
1839 8716
1839 7698
1839 7376
1839 3948
1839 3509
1840 3713
1840 7375
1841 6002
1841 5719
1841 8470
1841 8342
1841 8299
1841 8135
1841 7815
1841 6832
1841 6300
1841 5960
1841 4854
1841 3953
1841 3664
1841 3626
1841 8257
1841 7467
1841 6703
1841 6426
1841 5786
1841 5086
1841 5025
1841 4718
1841 3666
1841 3061
1841 1950
1842 8641
1842 8040
1842 6677
1842 4667
1842 3299
1842 2172
1842 8590
1842 8126
1842 7691
1842 7279
1842 7201
1842 6368
1842 5728
1842 5467
1842 4775
1842 4663
1842 4047
1842 3705
1842 3606
1842 2825
1842 2497
1842 7154
1842 6565
1842 4602
1843 7644
1843 7117
1843 2528
1843 8328
1843 7931
1843 7816
1843 7718
1843 5958
1843 4796
1843 4636
1843 3103
1843 3031
1843 2833
1843 2471
1843 2262
1843 5586
1843 3666
1844 8522
1844 8306
1844 8246
1844 7865
1844 3019
1844 2915
1844 2841
1844 2577
1844 1864
1844 6169
1844 7088
1845 6391
1845 3670
1845 7750
1846 8095
1846 7070
1846 6262
1846 5394
1846 4611
1846 3637
1846 3432
1846 3045
1846 2633
1846 2549
1846 2110
1849 7947
1849 7611
1849 4386
1850 7074
1850 3484
1850 2939
1851 6297
1851 4982
1851 8721
1851 8608
1851 3253
1851 3228
1851 2542
1851 2058
1851 1901
1851 5408
1851 1861
1852 8050
1852 7719
1852 7382
1852 3311
1852 3095
1852 8023
1852 8009
1852 7489
1852 5991
1852 5600
1852 4925
1852 4260
1852 4134
1853 8714
1853 8482
1853 8291
1853 8125
1853 6877
1853 4854
1853 4554
1853 1948
1853 8751
1853 8657
1853 8418
1853 8244
1853 8158
1853 7832
1853 7794
1853 7580
1853 7130
1853 6110
1853 5749
1853 5509
1853 4958
1853 3726
1853 3019
1853 2826
1853 2691
1853 8486
1853 7070
1853 6312
1853 4795
1853 3237
1853 2473
1854 7967
1854 7606
1854 5869
1854 8658
1854 8482
1854 8291
1854 7761
1854 7707
1854 7682
1854 7675
1854 7475
1854 7367
1854 6636
1854 5956
1854 4870
1854 4788
1854 4685
1854 4617
1854 2996
1854 2817
1854 2681
1854 2417
1854 8739
1854 8558
1854 8293
1854 7842
1854 5897
1854 5866
1854 5751
1854 5236
1854 4946
1854 4600
1854 4213
1854 4211
1854 3645
1854 3113
1854 2585
1854 2266
1855 5898
1855 4136
1855 8510
1855 8133
1855 7784
1855 6938
1855 6610
1855 5747
1855 3928
1855 3764
1855 2934
1855 2680
1855 8710
1855 8317
1855 7888
1855 5897
1855 5597
1855 3293
1855 2913
1855 1862
1856 8642
1856 8163
1856 7783
1856 7705
1856 7590
1856 7440
1856 7207
1856 6702
1856 6064
1856 4273
1856 3730
1856 3664
1856 3626
1856 2617
1856 2061
1856 8702
1856 8649
1856 8621
1856 8538
1856 8323
1856 8281
1856 8033
1856 7795
1856 7295
1856 7258
1856 7184
1856 2736
1856 2714
1856 2632
1856 2359
1856 2336
1856 7073
1856 5284
1856 4816
1856 3941
1856 3779
1856 2980
1857 4275
1857 7851
1857 6997
1857 6607
1857 6548
1857 4234
1857 3489
1857 8171
1857 7680
1857 7041
1857 5395
1857 5365
1857 4521
1857 4085
1857 3695
1857 3354
1857 3096
1857 2605
1857 2540
1857 2535
1858 5179
1858 8427
1858 8083
1858 7511
1858 7287
1858 6621
1858 5861
1858 5803
1858 5613
1858 5607
1858 5302
1858 5110
1858 4862
1858 4685
1858 4341
1858 3946
1858 3764
1858 3512
1858 3133
1858 8435
1858 8401
1858 8064
1858 7985
1858 6687
1858 5684
1858 5617
1858 5408
1858 4722
1858 3507
1858 2601
1858 2589
1859 8542
1859 8539
1859 8707
1859 8649
1859 7896
1859 7840
1859 7724
1859 7184
1859 6228
1859 6018
1859 4525
1859 3330
1859 3317
1859 3062
1859 8552
1859 7986
1859 6127
1860 8727
1860 8417
1860 8175
1860 7955
1860 7446
1860 7332
1860 7294
1860 7285
1860 4960
1860 4820
1860 4687
1860 4213
1860 2998
1860 2660
1860 8095
1860 7542
1860 5034
1860 3871
1860 3276
1860 2487
1861 5945
1861 5616
1861 2584
1861 2129
1861 8473
1861 8217
1861 8137
1861 6309
1861 5625
1861 5399
1861 3854
1861 3805
1861 3782
1861 3157
1861 2660
1861 5280
1861 4915
1861 3738
1862 7246
1862 6552
1862 4625
1862 3838
1862 3798
1862 3096
1862 3084
1862 2786
1862 8489
1862 7601
1862 7491
1862 7192
1862 5203
1862 2638
1862 6593
1862 2346
1862 1981
1863 8645
1863 8399
1863 8319
1863 8050
1863 8040
1863 7998
1863 7561
1863 7253
1863 5116
1863 3943
1863 2697
1863 8538
1863 8146
1863 8027
1863 7744
1863 7386
1863 7254
1863 5937
1863 2373
1863 7637
1863 5780
1863 2999
1863 2937
1863 2705
1864 7746
1864 7441
1864 5353
1864 3593
1864 3114
1864 2840
1864 8624
1864 8481
1864 7730
1864 7716
1864 5768
1864 5252
1864 2993
1864 2604
1866 8364
1866 8360
1866 8031
1866 7639
1866 7336
1866 5732
1866 4819
1866 4213
1866 2557
1866 8362
1866 7454
1866 6442
1866 6302
1866 4689
1866 4558
1866 2279
1866 8587
1866 5293
1868 8331
1868 8054
1868 7714
1868 6861
1868 6697
1868 3965
1868 3655
1868 3064
1868 2888
1868 8590
1868 8524
1868 8483
1868 7262
1868 6100
1868 4209
1868 3767
1870 8679
1870 8460
1870 7228
1870 6945
1870 6608
1870 6356
1870 4823
1870 3783
1870 3138
1870 2658
1870 6960
1870 3800
1870 3715
1872 8261
1872 5908
1872 4554
1872 3299
1872 2879
1872 2424
1872 8590
1872 8527
1872 8371
1872 7987
1872 7279
1872 6642
1872 5761
1872 3782
1872 4379
1872 2575
1874 5230
1875 4481
1875 2116
1877 3784
1879 4159
1879 4065
1880 8114
1880 6489
1880 5942
1880 4516
1880 4022
1880 6164
1880 4774
1880 4134
1880 3849
1880 2238
1881 6031
1881 4134
1882 5955
1882 5771
1882 5618
1882 4931
1882 8439
1882 8068
1882 7397
1882 6679
1882 2717
1882 2517
1882 7905
1882 5464
1883 8373
1883 2709
1883 2000
1883 8577
1883 7719
1883 7448
1883 6345
1883 6065
1883 5110
1883 5107
1883 4087
1883 4050
1883 3920
1883 2728
1884 8117
1884 6677
1884 5998
1884 5965
1884 5750
1884 3943
1884 3270
1884 6112
1884 5152
1885 8075
1885 7580
1885 5298
1885 3236
1885 6862
1885 4717
1885 4089
1885 3193
1886 7228
1886 4935
1886 4260
1886 3134
1886 6960
1886 6446
1887 6961
1887 5027
1887 2568
1887 8741
1887 7545
1887 7009
1887 6639
1887 3623
1887 3472
1887 3132
1887 2680
1888 7972
1888 5499
1888 2601
1888 7728
1888 5503
1888 4091
1889 8660
1889 8099
1889 7657
1889 6843
1889 6366
1889 3601
1889 2722
1889 8258
1889 8012
1889 7489
1889 6964
1889 6021
1889 5101
1889 8300
1890 8373
1890 8021
1890 3538
1890 3017
1890 2623
1890 2364
1890 5315
1890 3856
1890 3355
1890 2899
1890 2667
1891 6213
1891 2218
1891 6361
1891 2176
1892 1931
1892 4052
1892 2153
1893 4075
1897 5250
1899 5168
1899 8676
1899 8089
1899 5562
1899 4853
1899 4615
1899 3328
1899 3256
1899 1985
1899 8719
1899 8263
1901 7148
1901 7819
1901 7237
1901 4945
1901 4278
1901 3605
1901 7949
1901 6975
1901 3152
1902 8748
1902 7128
1902 4832
1902 8696
1902 8410
1902 7916
1902 7471
1902 7413
1902 6691
1902 6559
1902 6211
1902 6041
1902 5798
1902 4605
1902 3777
1902 3393
1902 2648
1902 5673
1902 3772
1903 7396
1903 6832
1903 5602
1903 4273
1903 3778
1903 8435
1903 8057
1903 7955
1903 7150
1903 6984
1903 6299
1903 5369
1903 2932
1903 2931
1903 8675
1903 8580
1903 7681
1903 6187
1903 5606
1903 3319
1904 7110
1904 5397
1904 3942
1904 2442
1904 8486
1904 6960
1904 6022
1904 5471
1904 4236
1904 3954
1905 8574
1905 8121
1905 7721
1905 7479
1905 7320
1905 7229
1905 6987
1905 5567
1905 5084
1905 3965
1905 3751
1905 3539
1905 2668
1905 8524
1905 8322
1905 5943
1905 5864
1905 5446
1905 5086
1905 4623
1905 4556
1905 4312
1905 3509
1905 2962
1905 2012
1905 8266
1905 8254
1905 8008
1905 7339
1905 6705
1905 6187
1906 7623
1906 2689
1906 8354
1906 8163
1906 7257
1906 7191
1906 7080
1906 6864
1906 2680
1907 7424
1907 5311
1907 5310
1907 5247
1907 4024
1907 2776
1907 3116
1908 7802
1908 5891
1908 3800
1908 3465
1908 2673
1909 2065
1909 8611
1909 3802
1909 2649
1909 2341
1909 1937
1910 8001
1910 7845
1910 5580
1910 4058
1910 2230
1910 4900
1911 4438
1912 4441
1913 7081
1913 4299
1913 4284
1914 7388
1914 4546
1914 6444
1915 6378
1915 3906
1915 3551
1917 8546
1917 5663
1917 3386
1919 4347
1921 5931
1921 8548
1921 8370
1921 4906
1922 4258
1922 7845
1922 6498
1923 8714
1923 8251
1923 5353
1923 4951
1923 2535
1923 8754
1923 8402
1923 8006
1923 7214
1923 5614
1923 5361
1923 5342
1923 4485
1923 6172
1923 2547
1925 8272
1925 8067
1925 7187
1925 5031
1925 4266
1925 3977
1925 2978
1925 2528
1925 2368
1925 8700
1925 8277
1925 7459
1925 7253
1925 6284
1925 3993
1925 2444
1925 2278
1925 5875
1925 1944
1926 7822
1926 2543
1927 8472
1927 8115
1927 7419
1927 7391
1927 5578
1927 8445
1928 6558
1928 7152
1928 3534
1928 2512
1928 2250
1929 6865
1929 5080
1929 3345
1929 2079
1930 2751
1931 3899
1931 2641
1931 3584
1931 2673
1933 6594
1933 2155
1935 4973
1935 4898
1937 7917
1937 6796
1937 2300
1937 3952
1939 3712
1939 2343
1939 8352
1940 7490
1940 4982
1940 4709
1940 2486
1940 2465
1940 2335
1940 8659
1940 8519
1940 8506
1940 8469
1940 8261
1940 8048
1940 7678
1940 7253
1940 5958
1940 5954
1940 5948
1940 5603
1940 3776
1940 2955
1940 2605
1942 8600
1942 8251
1942 8080
1942 7952
1942 6185
1942 6005
1942 3626
1942 2960
1942 2561
1942 1948
1942 7956
1942 7208
1942 6422
1942 4264
1943 8045
1943 3118
1944 7403
1944 5114
1944 3850
1944 2777
1944 2058
1944 8076
1944 7792
1944 7488
1944 6490
1944 6014
1944 5707
1944 2938
1944 2731
1944 7958
1944 5723
1944 2250
1946 4694
1946 3318
1946 8133
1946 7475
1946 6419
1946 5223
1946 5130
1946 4619
1946 3823
1946 3096
1946 2407
1946 8483
1946 8244
1946 8131
1946 8033
1946 7724
1946 6687
1946 4033
1946 3747
1946 2837
1946 2507
1947 6613
1947 4528
1947 2813
1948 8282
1948 8255
1948 8123
1948 8079
1948 7962
1948 7723
1948 7705
1948 7603
1948 7413
1948 6041
1948 5913
1948 3962
1948 2960
1948 2839
1948 2726
1948 8679
1948 8215
1948 6563
1948 6438
1948 6429
1948 5966
1948 5777
1948 5770
1948 5278
1948 5210
1948 3927
1948 3533
1948 3509
1948 3077
1948 2917
1948 2746
1948 2359
1948 1969
1949 5198
1949 4745
1949 3912
1949 2761
1949 2274
1949 6272
1950 8576
1950 5269
1950 4949
1950 3685
1950 3155
1950 2515
1950 8592
1950 8471
1950 8430
1950 8376
1950 8257
1950 8196
1950 7742
1950 7724
1950 7656
1950 7477
1950 7473
1950 7453
1950 5990
1950 5086
1950 4953
1950 3929
1950 7726
1950 4379
1950 2684
1951 7874
1951 6039
1951 5890
1951 4788
1951 3682
1951 3611
1951 2372
1951 8425
1951 8092
1951 7973
1951 7965
1951 7896
1951 7809
1951 7463
1951 7069
1951 6060
1951 4534
1951 3761
1951 3266
1952 6754
1952 7099
1952 5455
1953 5863
1954 5985
1954 5681
1954 5482
1954 2483
1955 6814
1956 7947
1956 7736
1956 7666
1957 5867
1957 2865
1957 5078
1959 7276
1959 3296
1961 5466
1961 8226
1961 4501
1963 6530
1963 2389
1963 2144
1963 2435
1964 7106
1965 2533
1965 7931
1965 7538
1965 6571
1965 4594
1965 4385
1966 4572
1967 7241
1967 2828
1967 8622
1967 8385
1967 8357
1967 7819
1967 7417
1967 6780
1967 5603
1967 2255
1967 2096
1967 8549
1967 5966
1967 4444
1968 7207
1968 4772
1968 4501
1968 4469
1968 2920
1968 7507
1969 7814
1969 7700
1969 4287
1969 8513
1969 8320
1969 8259
1969 7955
1969 7866
1969 7659
1969 7332
1969 7251
1969 7215
1969 6950
1969 6100
1969 5904
1969 5878
1969 5777
1969 5226
1969 3358
1969 3130
1969 2925
1969 2660
1969 2141
1969 8455
1969 7986
1969 6466
1970 5973
1970 3870
1970 4548
1970 3104
1971 7273
1971 4136
1971 3976
1971 3642
1971 8169
1971 7469
1971 6779
1971 5958
1971 3599
1971 8553
1971 3404
1972 6895
1972 2358
1973 6548
1973 8749
1973 7657
1973 7415
1973 5530
1973 4860
1973 3979
1973 8060
1973 7880
1973 7274
1973 7149
1973 7146
1973 6709
1973 6620
1973 5772
1973 5680
1973 5342
1973 3264
1974 2782
1974 2115
1975 7861
1975 3291
1975 6289
1975 5458
1976 8102
1976 3259
1976 7132
1976 6859
1976 6676
1976 6591
1976 5586
1976 5200
1976 3973
1976 3404
1976 2947
1976 2598
1976 4432
1976 3498
1977 2806
1977 8514
1977 5811
1978 8197
1978 8004
1978 7195
1978 5970
1978 2486
1978 7393
1978 7198
1978 7058
1978 6639
1978 6448
1978 6343
1978 6032
1978 4906
1978 4381
1978 4287
1978 3685
1978 3005
1978 2954
1978 2888
1978 2471
1978 2172
1978 8252
1978 7981
1978 7476
1978 3939
1979 8571
1980 6311
1980 4364
1981 8364
1981 7957
1981 6952
1981 5728
1981 5673
1981 5486
1981 5393
1981 5363
1981 4858
1981 3220
1981 2950
1981 2460
1981 4196
1981 3045
1981 2279
1982 4147
1982 4723
1982 2393
1983 6978
1983 6054
1983 2773
1983 8642
1983 8639
1983 8450
1983 7990
1983 5961
1983 4101
1983 2503
1983 5808
1985 4528
1985 3907
1985 7615
1985 7440
1985 6589
1985 6372
1985 5171
1985 3286
1985 3139
1985 7611
1986 8167
1986 6334
1987 4726
1988 5981
1988 5219
1988 4110
1988 3635
1990 5622
1990 4109
1990 2625
1990 2232
1992 5130
1992 8441
1992 5811
1992 4217
1994 3992
1996 4620
1996 2879
1996 2656
1996 8278
1996 3121
1996 2655
1998 2848
1998 8696
1998 8089
1998 6512
1998 3641
1998 3440
1998 2868
1998 7891
1998 7611
1998 5392
1999 7450
1999 3097
1999 7492
1999 5383
1999 5325
1999 4953
1999 8579
1999 5644
2000 7565
2000 6480
2000 7195
2000 7109
2000 6016
2000 5205
2000 3647
2000 2440
2000 2060
2000 8676
2000 7813
2000 5871
2000 5123
2000 2201
2001 2209
2002 7993
2002 5771
2002 5207
2002 4672
2002 8580
2002 4841
2002 4595
2002 4277
2002 4066
2002 2844
2003 7006
2003 3460
2005 5484
2005 3895
2007 2209
2010 5290
2012 8299
2012 8223
2012 8059
2012 7976
2012 6849
2012 6606
2012 6580
2012 5450
2012 5304
2012 2942
2012 2732
2012 2722
2012 8729
2012 8462
2012 8401
2012 8296
2012 8293
2012 8179
2012 8126
2012 8108
2012 7451
2012 7318
2012 7309
2012 7215
2012 7205
2012 6583
2012 4683
2012 3975
2012 3931
2012 3339
2012 3077
2012 2793
2012 5968
2014 7768
2014 7559
2014 3019
2014 2548
2014 7519
2014 6731
2014 6652
2014 5806
2014 4702
2014 2575
2014 2504
2014 2741
2016 6779
2016 5160
2016 2954
2016 5728
2017 4048
2018 2261
2019 8667
2019 8426
2019 7296
2019 5846
2019 2744
2019 8729
2019 8414
2019 8148
2019 7491
2019 7476
2019 6968
2019 6611
2019 5630
2019 5212
2019 4489
2019 3667
2019 3063
2019 2948
2019 2913
2019 2612
2019 2589
2019 8052
2019 7726
2019 7596
2020 6531
2020 4093
2020 7498
2020 7385
2020 6487
2022 8119
2022 3304
2022 7194
2022 7056
2022 5972
2022 3938
2022 2553
2022 5443
2024 4704
2024 5661
2024 3709
2024 2563
2036 2446
2036 6384
2036 2625
2038 4258
2038 4205
2038 2846
2040 7423
2040 5507
2040 2367
2040 7458
2042 8309
2042 8649
2042 8162
2042 8131
2042 7888
2042 7384
2042 7114
2042 6675
2042 5974
2042 5515
2042 5369
2042 5344
2042 4314
2042 2581
2042 2537
2042 2474
2042 5676
2042 5213
2042 5165
2042 4741
2042 4733
2042 2749
2042 2473
2043 4370
2044 8035
2044 6613
2044 5371
2044 4982
2044 3855
2044 3802
2044 3631
2044 2206
2044 7426
2044 7399
2044 6678
2044 4715
2044 3920
2044 3102
2045 6879
2046 6048
2046 5915
2046 7843
2048 5184
2048 7917
2048 6906
2048 6738
2048 5560
2050 8613
2050 7506
2050 4241
2051 5180
2051 7753
2051 5254
2051 2340
2058 2533
2058 4690
2058 3662
2059 8058
2059 7983
2059 7085
2059 5454
2059 4936
2059 4218
2059 3919
2059 3265
2059 3212
2059 3085
2059 7516
2059 5770
2059 5273
2059 2837
2059 7936
2059 7704
2059 7564
2059 6463
2060 7869
2060 7720
2060 6818
2060 5556
2060 2890
2060 8357
2060 8188
2060 7670
2060 7352
2060 6648
2060 6559
2060 5950
2060 5211
2060 4955
2060 3774
2060 3064
2060 2732
2061 8048
2061 7422
2061 7289
2061 6953
2061 6836
2061 6677
2061 6639
2061 5965
2061 5602
2061 4885
2061 3115
2061 8307
2061 8154
2061 8139
2061 7882
2061 7702
2061 7660
2061 7230
2061 6100
2061 5800
2061 5634
2061 5453
2061 2762
2061 2607
2061 2263
2062 3526
2062 2176
2063 8187
2063 8076
2063 7386
2063 6608
2063 2618
2064 2083
2065 3000
2065 7493
2065 4778
2068 5131
2068 4158
2070 5638
2074 4884
2074 2782
2076 4100
2076 6855
2077 6491
2077 6440
2077 5993
2077 5906
2077 5049
2077 4455
2077 4286
2077 3579
2077 6926
2077 4754
2078 4703
2079 6757
2079 3956
2079 7734
2079 7012
2079 2639
2083 5014
2087 7587
2087 4195
2088 5856
2088 8385
2090 8225
2090 4187
2090 3609
2090 8472
2090 7792
2090 6948
2090 6058
2090 5163
2090 4649
2090 5834
2090 4776
2091 6268
2091 4838
2091 4683
2091 2723
2091 2604
2091 4561
2092 6955
2092 3642
2092 3054
2092 2335
2092 8659
2092 8377
2092 7979
2092 7560
2092 7444
2092 7191
2092 5945
2092 4945
2092 3234
2092 3136
2092 2427
2092 2260
2092 8281
2093 6209
2093 8126
2093 7500
2093 7228
2093 7086
2093 6412
2093 6164
2093 5673
2093 4171
2093 4107
2093 3749
2093 3403
2093 6398
2093 4221
2094 7468
2094 5944
2094 5778
2094 3328
2094 7529
2094 7189
2094 6963
2094 3138
2094 2274
2095 5733
2095 6102
2095 4234
2095 4914
2096 7682
2096 7640
2096 6700
2096 6377
2096 6301
2096 4961
2096 4932
2096 4554
2096 3955
2096 3326
2096 2707
2096 8538
2096 8286
2096 8259
2096 8038
2096 7973
2096 7809
2096 3859
2097 7939
2097 6306
2097 2192
2098 3483
2098 6450
2098 7024
2100 6288
2107 4040
2107 2401
2109 4244
2109 7403
2110 3070
2112 2453
2112 6432
2113 4071
2114 5468
2114 4361
2114 6434
2114 3056
2115 7121
2115 7617
2115 4723
2116 8736
2116 4856
2116 2947
2116 8411
2116 7958
2117 3238
2118 4876
2118 7187
2118 8680
2118 8506
2118 8269
2118 7674
2118 6627
2118 4784
2118 4328
2118 2977
2118 2720
2119 3802
2119 7421
2119 6472
2119 3936
2122 7046
2124 2273
2126 5033
2126 4831
2126 2651
2126 2535
2126 8294
2126 6625
2126 6603
2126 6299
2126 6033
2126 5896
2126 5771
2126 5509
2126 5308
2126 3732
2126 2711
2126 7883
2126 6446
2126 5622
2126 5073
2126 2870
2126 2547
2127 8490
2127 7719
2127 7615
2127 7042
2127 6342
2127 4943
2127 4892
2127 3601
2127 3201
2127 2670
2127 8158
2127 7056
2127 6000
2127 5444
2127 5325
2127 4946
2127 4820
2127 3743
2127 2874
2127 2622
2127 2618
2127 2599
2127 2274
2127 8500
2128 8197
2128 8721
2128 8713
2128 8506
2128 7980
2128 7881
2128 7619
2128 7115
2128 7005
2128 5111
2128 4955
2128 3341
2128 3253
2128 2546
2128 2169
2129 7885
2129 5492
2129 4972
2129 4280
2129 3699
2129 2689
2129 8515
2129 8121
2129 7405
2129 6692
2129 6639
2129 5603
2129 4315
2129 3823
2129 3658
2129 3155
2129 7973
2129 7724
2129 7394
2129 3152
2129 2583
2130 6156
2130 7860
2130 7032
2133 3799
2137 4297
2139 6532
2139 3611
2139 3287
2141 8523
2141 8482
2141 8223
2141 7984
2141 7118
2141 3946
2141 2732
2141 8643
2141 8195
2141 8126
2141 8113
2141 7698
2141 7453
2141 7260
2141 5059
2141 5028
2141 4931
2141 3662
2141 2938
2141 6524
2141 6360
2142 5700
2142 3897
2142 7889
2142 3771
2142 2173
2142 6776
2143 4499
2143 3858
2143 2751
2144 5785
2145 2300
2145 4004
2147 8460
2147 7244
2147 5150
2149 5203
2149 5178
2149 2897
2151 8018
2151 7714
2151 7633
2151 6340
2151 4131
2151 2265
2151 3403
2152 6094
2152 5484
2153 7543
2154 6381
2154 7797
2154 7753
2154 7513
2154 7361
2154 6778
2154 3283
2155 6599
2155 2365
2156 5839
2156 3034
2156 8671
2156 8037
2159 7304
2159 5239
2163 4472
2164 8574
2164 7761
2164 7448
2164 5407
2164 4781
2164 4759
2164 2276
2164 8308
2164 7647
2164 7284
2164 5124
2164 3758
2164 3252
2164 3251
2165 3372
2166 5992
2167 5339
2167 8620
2167 8146
2167 5380
2167 5252
2167 4823
2167 3019
2167 2995
2167 2915
2167 4524
2167 2980
2168 7862
2168 6791
2168 5307
2168 3441
2169 7800
2169 3860
2169 8457
2169 8169
2169 8054
2169 7705
2169 5022
2169 4715
2169 4270
2169 3901
2169 3391
2169 3315
2169 3302
2169 2615
2169 7639
2169 7631
2169 7602
2169 7593
2169 7384
2169 5677
2169 3676
2169 3313
2169 2583
2169 2445
2170 6885
2171 8624
2171 8402
2171 8244
2171 8166
2171 8142
2171 5963
2171 5959
2171 5922
2171 5548
2171 5194
2171 3724
2171 3505
2171 3015
2171 2768
2171 2553
2171 8337
2171 7434
2171 6862
2171 6508
2171 5906
2171 3824
2171 2979
2171 2952
2171 8085
2172 8180
2172 7432
2172 8584
2172 8321
2172 7791
2172 7439
2172 6808
2172 6636
2172 5696
2172 4932
2172 4289
2172 3766
2172 3730
2172 3599
2172 3027
2172 2748
2172 2592
2172 2511
2172 8475
2172 8295
2172 8094
2172 8031
2172 7880
2172 7839
2172 7795
2172 7285
2172 5745
2172 3726
2173 3009
2173 8331
2173 7705
2173 7421
2173 6013
2173 5924
2173 5004
2173 4270
2173 3717
2173 8297
2173 8208
2173 7279
2173 5870
2173 4960
2174 7102
2174 8399
2174 8081
2174 7563
2174 7514
2174 7475
2174 7289
2174 6622
2174 5924
2174 5803
2174 5373
2174 4273
2174 3103
2174 2927
2174 2268
2174 7473
2174 7429
2174 7107
2174 3902
2174 3853
2174 3509
2175 6801
2175 5230
2176 6311
2177 5651
2178 3969
2191 8741
2191 8680
2191 8582
2191 6106
2191 5756
2191 7683
2191 6834
2191 6806
2191 6436
2191 5300
2191 5100
2191 3805
2191 2811
2191 2536
2192 6862
2192 4984
2192 3978
2192 6286
2194 6493
2198 8443
2198 7561
2198 7179
2198 3209
2198 7259
2198 5297
2198 3190
2198 5462
2199 6143
2199 8231
2199 7903
2199 5841
2199 3834
2200 8658
2200 8625
2200 7614
2200 7450
2200 7287
2200 6644
2200 6606
2200 3286
2200 2831
2200 2765
2200 8297
2200 8027
2200 7630
2200 3124
2200 3110
2200 2841
2200 2566
2200 8609
2200 8254
2200 5409
2200 3739
2200 2684
2200 2647
2200 2338
2200 2261
2201 6969
2201 7931
2201 7085
2201 5603
2201 5222
2201 4698
2201 3099
2201 8631
2202 8611
2202 5554
2202 2568
2202 2361
2202 8667
2202 8163
2202 8059
2202 7819
2202 7182
2202 6610
2202 6568
2202 4948
2202 4764
2202 4738
2202 4636
2202 4049
2202 3946
2202 3771
2202 3685
2202 3593
2202 2920
2202 2656
2202 2623
2202 8286
2202 8257
2202 6620
2202 5953
2202 5684
2202 5627
2202 4205
2202 3782
2203 8543
2203 8542
2203 7815
2203 7787
2203 5704
2203 3212
2203 7764
2203 7647
2203 6646
2203 5878
2203 4940
2203 4731
2203 3258
2204 7858
2204 7795
2204 7742
2204 7256
2204 7127
2204 6963
2204 6392
2204 5772
2204 5278
2204 5210
2204 5083
2204 4931
2204 3301
2204 3110
2204 2931
2204 2793
2204 2626
2204 2429
2204 8369
2204 6976
2204 6679
2204 5581
2204 5217
2204 4595
2204 3739
2204 2823
2204 2808
2205 8355
2205 7692
2205 6132
2205 7296
2205 5532
2205 4289
2205 4287
2205 3823
2205 3524
2205 3306
2205 4963
2206 4111
2206 7286
2206 6874
2206 4527
2206 4355
2206 3564
2206 2689
2206 2237
2207 8625
2207 8083
2207 8081
2207 7980
2207 7787
2207 7592
2207 5899
2207 5033
2207 8508
2207 8323
2207 8164
2207 8127
2207 8038
2207 8006
2207 7690
2207 7660
2207 7463
2207 7068
2207 6858
2207 6394
2207 5771
2207 3156
2207 2821
2207 2793
2207 2701
2207 2585
2207 2321
2207 8068
2207 7637
2208 4463
2208 6056
2208 2223
2209 4473
2209 3966
2211 3386
2212 7586
2213 3075
2213 5260
2213 2305
2215 8080
2215 7107
2215 6135
2215 5937
2215 5383
2215 5342
2215 2941
2215 4221
2216 7679
2216 8542
2216 7767
2216 7707
2216 7483
2216 6849
2216 5601
2216 5352
2216 4790
2216 4282
2216 4187
2216 3085
2216 2930
2216 2370
2216 8620
2216 8209
2216 7740
2216 6392
2216 5332
2216 5272
2216 5101
2216 4967
2216 4430
2217 3432
2217 3331
2217 2832
2219 8406
2219 4127
2219 2635
2220 6158
2220 2421
2220 2392
2220 2386
2221 6337
2223 7322
2223 5414
2223 3862
2223 8433
2223 8274
2223 3523
2224 7960
2224 6416
2224 3717
2224 7336
2224 7053
2224 6291
2224 5277
2224 2252
2225 2391
2226 4006
2226 8243
2226 7928
2226 2725
2226 7182
2226 4069
2227 4008
2228 8090
2228 7155
2230 6006
2230 5019
2230 4597
2234 3310
2236 8520
2237 7582
2237 8283
2237 7102
2237 6856
2237 6545
2237 6125
2237 4172
2237 3933
2237 2529
2238 8086
2238 3120
2238 2562
2239 6670
2239 5556
2240 7333
2240 7928
2240 3224
2240 2790
2241 5052
2242 7822
2242 7687
2242 7176
2242 3030
2242 5585
2242 3168
2242 2271
2247 4428
2247 6340
2247 3357
2249 3587
2249 2384
2249 7969
2249 7322
2249 4721
2250 8633
2250 8532
2250 7948
2250 7210
2250 5597
2250 3358
2250 2771
2250 7906
2250 7277
2250 5726
2250 4481
2251 6516
2251 5571
2252 8079
2252 7287
2252 5294
2252 3838
2252 2888
2252 2786
2252 7823
2252 7566
2252 6412
2252 5385
2252 5265
2252 5203
2252 5030
2252 4563
2252 2606
2252 5312
2252 4112
2252 2918
2252 2621
2253 4440
2253 7368
2253 6578
2253 6007
2253 5010
2254 8094
2254 7924
2254 7612
2254 7283
2254 6021
2254 7503
2254 6508
2254 5284
2254 3082
2255 8578
2255 5569
2255 2528
2255 8389
2255 7964
2255 7785
2255 6651
2255 6469
2255 4784
2255 4287
2256 2773
2256 2368
2256 2354
2256 8079
2256 7059
2256 6947
2256 5766
2256 5220
2256 4603
2256 3148
2256 2668
2256 2265
2256 8343
2256 8153
2256 7914
2256 7702
2256 7438
2256 3707
2256 2737
2256 2373
2256 2359
2257 7721
2257 5803
2257 4860
2257 6872
2257 6834
2257 3251
2257 3179
2257 2624
2257 7052
2257 6344
2257 5391
2257 5133
2257 3205
2257 3141
2258 8199
2258 7671
2258 7668
2258 7616
2258 7289
2258 7118
2258 5798
2258 5696
2258 3354
2258 2816
2258 2702
2258 8305
2258 8096
2258 8031
2258 7189
2258 5397
2258 4033
2258 2715
2258 8344
2259 8510
2259 8440
2259 8155
2259 5598
2259 5445
2259 8346
2259 6985
2259 6441
2259 6399
2259 3313
2259 2924
2259 2548
2259 2518
2260 8648
2260 2476
2260 2361
2260 8536
2260 8488
2260 8372
2260 7979
2260 7786
2260 7459
2260 7448
2260 7229
2260 6359
2260 5350
2260 4764
2260 4634
2260 3342
2260 3302
2260 3608
2261 8504
2261 8326
2261 7127
2261 6872
2261 6021
2261 6015
2261 5361
2261 5308
2261 5024
2261 3066
2261 2593
2261 7397
2261 4215
2261 4628
2261 4627
2261 4561
2262 8355
2262 8661
2262 8526
2262 8290
2262 8059
2262 8022
2262 7645
2262 7635
2262 7083
2262 6967
2262 6648
2262 6535
2262 6354
2262 5899
2262 5571
2262 5224
2262 4951
2262 4943
2262 4456
2262 4036
2262 3523
2262 2960
2262 2699
2262 2425
2262 8245
2262 7817
2262 7149
2262 7146
2262 6422
2262 5963
2262 5754
2262 4958
2262 4621
2262 4518
2262 4108
2262 3707
2262 3392
2262 3152
2262 3130
2263 8639
2263 7578
2263 7009
2263 6369
2263 8434
2263 8364
2263 7772
2263 7232
2263 3765
2263 3662
2263 3590
2263 3547
2263 3450
2263 2866
2263 2536
2263 2501
2263 2352
2263 4112
2264 6808
2264 6650
2264 5545
2264 4987
2264 4854
2264 2777
2264 2372
2264 8626
2264 8148
2264 8029
2264 7196
2264 7068
2264 6324
2264 5951
2264 5911
2264 5586
2264 5506
2264 5200
2264 3330
2264 3161
2264 2925
2265 7541
2265 6389
2265 8661
2265 8089
2265 7714
2265 7668
2265 7556
2265 5872
2265 5613
2265 5507
2265 4667
2265 4443
2265 8442
2266 8440
2266 8310
2266 8104
2266 7878
2266 7786
2266 7678
2266 5605
2266 4870
2266 3309
2266 2888
2266 8374
2266 8317
2266 8141
2266 8011
2266 7071
2266 6543
2266 5790
2266 4873
2266 3366
2266 3251
2266 2716
2266 5912
2266 5165
2267 2831
2267 2702
2267 2668
2267 8429
2267 8402
2267 8245
2267 8145
2267 8076
2267 7912
2267 7446
2267 7332
2267 7110
2267 6392
2267 6068
2267 5634
2267 5389
2267 4931
2267 3505
2267 2899
2267 2821
2267 2715
2267 8254
2267 5606
2267 3762
2268 7128
2268 8470
2268 8298
2268 7779
2268 7670
2268 6688
2268 5386
2268 5140
2268 3083
2268 4933
2268 2524
2269 4995
2269 8753
2269 4206
2269 2529
2270 8111
2270 7425
2270 3257
2270 8702
2270 8475
2270 6858
2270 5969
2270 5963
2270 5820
2270 5774
2270 5024
2270 4888
2270 4314
2270 4103
2270 3235
2270 2925
2270 2587
2270 5868
2270 5391
2270 3237
2270 2318
2271 5888
2272 5706
2272 5179
2272 5023
2272 7211
2272 3001
2273 4855
2273 4725
2273 6284
2274 8647
2274 7450
2274 6753
2274 3648
2274 2849
2274 7315
2274 6963
2274 4644
2274 4116
2274 3773
2274 3752
2274 3686
2274 2531
2274 2343
2274 3276
2275 3909
2275 8711
2275 5701
2275 2980
2275 3193
2276 4972
2276 3306
2276 3132
2276 2732
2276 8437
2276 8296
2276 4525
2276 3061
2276 2783
2277 3510
2277 5135
2278 6923
2278 3615
2278 3397
2278 8741
2278 8372
2278 8188
2278 8133
2278 7645
2278 7511
2278 7135
2278 6702
2278 5579
2278 5269
2278 5192
2278 4085
2278 3230
2278 3017
2278 2942
2278 2578
2278 2509
2278 8585
2278 8273
2278 7370
2278 5163
2278 3948
2278 3939
2278 3645
2278 3106
2278 2604
2279 8266
2279 3896
2279 5286
2280 6812
2290 5700
2290 7674
2290 7183
2290 6865
2290 4684
2299 7035
2299 6351
2300 3585
2302 5541
2302 5530
2303 6241
2303 5833
2303 5091
2303 3305
2303 5312
2304 7270
2304 3589
2304 6904
2305 3440
2305 6435
2305 4661
2307 5253
2307 2419
2309 4237
2309 3913
2310 7108
2310 4869
2311 8598
2311 7037
2312 7595
2312 2952
2312 2517
2312 2504
2312 7354
2313 5330
2313 2767
2313 8691
2313 7748
2313 7719
2313 7231
2313 4605
2313 2651
2313 2617
2314 8735
2314 7780
2314 5080
2315 3934
2315 4382
2315 7750
2316 8228
2317 6509
2317 5560
2317 5917
2317 4132
2318 8751
2318 8650
2318 7249
2318 6640
2318 5793
2318 4947
2318 3165
2318 3110
2319 7523
2319 6339
2319 5988
2320 5359
2320 2905
2320 8757
2320 8148
2320 6394
2320 5465
2320 5399
2320 4952
2320 4409
2320 3662
2320 3260
2320 3013
2320 2507
2320 2698
2321 7964
2321 7469
2321 5776
2321 3753
2321 3097
2321 8175
2321 5754
2321 3703
2321 3344
2321 8190
2321 7485
2321 2820
2322 4546
2322 2450
2322 8712
2322 8304
2322 8277
2322 8117
2322 7838
2322 7793
2322 7469
2322 7303
2322 6364
2322 5435
2322 3393
2322 3309
2322 6566
2323 3914
2324 5231
2324 8223
2324 7441
2324 7400
2324 6559
2324 6012
2324 5958
2324 5696
2324 5339
2324 5304
2324 3946
2324 3756
2324 3249
2324 2945
2324 8055
2324 3712
2324 3152
2324 3094
2326 5901
2326 8629
2326 6107
2326 3699
2326 2457
2326 7645
2326 7050
2326 6946
2326 3821
2328 7684
2328 7761
2328 7324
2328 7085
2328 5854
2328 5175
2328 4966
2328 4928
2328 8374
2328 5025
2329 7897
2330 6994
2330 4293
2330 6920
2331 2756
2332 4332
2332 4409
2332 2866
2333 8470
2333 5967
2333 5910
2333 5702
2333 4471
2333 8644
2333 7263
2333 5113
2333 3076
2333 2976
2333 2443
2334 8450
2334 6981
2334 5835
2335 8420
2335 7613
2335 6049
2335 5196
2335 3181
2335 8461
2336 8727
2336 8702
2336 8558
2336 8305
2336 7749
2336 7612
2336 7445
2336 7260
2336 7189
2336 6582
2336 5794
2336 4687
2336 3931
2336 3708
2336 3533
2336 8362
2336 8181
2336 7397
2336 6615
2336 5701
2336 4589
2336 4112
2336 3824
2337 7952
2337 4471
2337 4442
2337 4672
2338 8364
2338 7988
2338 7634
2338 4047
2338 7596
2338 6977
2338 6493
2338 6314
2338 6262
2338 3824
2338 3814
2338 6239
2338 5880
2339 7132
2339 5551
2339 4752
2339 2811
2339 2783
2339 2763
2339 4512
2340 5650
2340 4778
2340 7734
2341 8709
2341 6874
2341 4724
2341 2882
2341 2790
2341 2506
2341 8427
2341 7308
2341 6038
2341 5214
2341 4560
2341 3693
2341 3315
2342 4567
2342 2455
2342 7335
2342 4610
2342 8620
2343 5862
2343 8065
2343 8056
2343 3743
2343 2618
2343 4268
2343 3580
2343 3448
2344 7368
2344 7365
2344 4765
2344 8707
2344 7516
2344 7022
2344 6611
2344 2405
2345 7560
2345 6864
2345 5965
2345 4597
2345 3341
2345 8688
2345 5990
2345 5624
2345 2352
2346 8148
2346 7987
2346 7821
2346 7430
2346 7203
2346 7016
2346 5770
2346 5754
2346 5506
2346 3606
2346 8552
2346 7771
2346 6653
2346 5550
2346 5394
2346 4558
2346 4387
2346 4024
2347 7990
2347 7415
2347 7382
2347 6541
2347 6443
2347 6366
2347 6176
2347 5785
2347 5727
2347 5604
2347 5269
2347 2824
2347 7716
2347 7658
2347 7630
2347 7446
2347 7294
2347 6952
2347 5866
2347 5771
2347 4828
2347 4047
2347 3161
2347 2632
2347 7695
2347 5718
2347 3222
2348 8670
2348 8648
2348 5129
2348 8655
2348 8557
2348 7796
2348 7448
2348 7317
2348 7198
2348 6614
2348 6298
2348 5756
2348 5032
2348 3728
2348 4543
2349 8472
2349 7770
2349 8411
2349 7557
2349 7154
2349 5806
2349 2672
2349 2487
2350 7910
2350 8583
2350 7398
2350 7281
2350 7263
2350 3963
2350 3674
2350 6653
2350 6397
2350 5644
2350 3978
2350 3903
2350 2999
2351 7006
2351 5204
2351 8581
2351 5160
2351 2954
2351 2786
2351 2601
2352 8058
2352 6568
2352 8736
2352 8465
2352 8289
2352 8154
2352 6634
2352 6468
2352 6309
2352 5624
2352 5218
2352 4230
2352 2660
2352 2640
2352 7454
2352 7277
2352 4105
2352 2911
2353 5643
2353 8193
2353 7363
2353 7182
2353 5530
2354 8578
2354 5869
2354 8479
2354 8078
2354 8040
2354 6919
2354 6512
2354 5384
2354 4085
2354 2958
2354 2551
2354 2513
2355 7467
2355 7447
2355 4033
2355 3597
2355 8552
2355 7986
2355 7915
2355 6172
2355 5723
2355 3579
2356 6680
2356 7032
2357 7469
2357 7257
2357 7191
2357 6639
2357 6115
2357 3281
2357 2927
2357 8483
2357 8465
2357 8160
2357 5625
2357 5586
2357 3854
2357 2660
2359 8628
2359 7746
2359 6677
2359 6295
2359 4951
2359 4645
2359 3946
2359 3271
2359 8460
2359 8252
2359 8236
2359 8094
2359 7196
2359 5779
2359 5513
2359 5360
2359 4047
2359 3093
2359 2788
2360 6200
2361 4446
2361 6125
2361 4280
2361 3531
2361 8647
2361 8642
2361 8479
2361 8133
2361 7466
2361 6942
2361 6035
2361 4187
2361 3109
2361 2934
2362 7139
2363 7549
2364 8003
2364 6276
2364 5626
2366 5565
2366 8023
2366 7489
2366 6750
2366 5991
2366 5626
2366 8110
2366 2980
2368 7885
2368 7644
2368 7606
2368 4982
2368 4968
2368 2790
2368 7705
2368 7603
2368 6949
2368 5192
2368 5119
2368 3946
2368 3655
2368 3623
2368 3083
2368 2728
2368 2656
2369 7786
2369 5862
2369 8665
2369 8435
2369 7763
2369 7608
2369 7095
2369 5946
2369 5911
2369 5382
2369 5163
2369 4888
2369 3716
2369 3662
2369 2962
2369 8218
2369 8120
2369 6022
2369 3762
2370 8728
2370 8714
2370 7793
2370 7786
2370 6295
2370 5033
2370 3689
2370 2418
2370 7558
2370 7274
2370 6646
2370 5272
2370 5163
2370 4430
2371 6301
2371 3655
2371 8646
2371 8317
2371 8238
2371 7972
2371 7265
2371 7262
2371 6487
2371 6436
2371 5632
2371 5007
2371 4497
2371 4035
2371 2950
2371 2940
2371 2609
2371 2507
2371 7070
2371 3746
2371 3296
2371 3119
2372 7490
2372 8178
2372 7538
2372 7123
2372 6744
2372 6685
2372 5573
2372 4736
2372 4531
2372 3611
2372 3112
2372 2914
2372 8725
2372 6940
2372 6536
2372 5966
2372 5446
2372 5020
2372 2583
2373 8205
2373 7714
2373 7589
2373 6939
2373 3717
2373 8626
2373 8371
2373 8150
2373 8149
2373 8086
2373 6750
2373 6624
2373 6582
2373 5813
2373 5774
2373 5083
2373 2995
2373 5503
2373 2520
2374 4164
2374 6969
2375 5012
2375 4825
2376 2664
2377 2895
2377 4192
2378 7408
2378 5487
2379 3960
2379 3823
2379 6296
2380 8352
2380 3012
2381 7503
2381 6977
2381 5480
2381 5458
2382 7080
2382 3960
2382 8237
2383 6452
2383 4269
2384 3843
2384 4825
2386 4656
2387 5970
2387 3956
2387 2465
2388 4029
2388 2897
2389 6325
2389 4516
2389 2467
2390 4568
2390 5181
2391 8233
2391 5894
2391 2530
2391 2532
2392 3527
2393 7530
2393 4889
2393 8314
2394 6751
2396 3369
2396 2662
2397 7664
2398 5307
2400 7037
2401 7997
2401 5719
2401 4040
2401 3995
2401 3907
2402 8300
2402 6862
2402 7549
2402 4627
2403 3557
2403 6932
2403 6107
2403 4767
2404 6207
2404 5157
2404 2743
2405 5843
2405 5710
2405 3338
2407 8741
2407 8102
2407 7272
2407 7120
2407 4385
2407 3795
2407 8108
2407 7949
2407 7839
2407 6110
2407 5470
2407 4110
2409 7618
2409 5906
2409 5216
2409 4768
2409 3003
2409 2717
2409 2487
2409 5635
2411 5179
2411 3936
2411 2786
2411 7908
2412 4337
2413 7423
2413 7027
2413 6632
2413 7160
2413 4041
2413 3120
2414 7666
2414 5287
2414 7014
2415 5502
2415 5441
2415 7459
2415 7389
2415 5776
2415 5755
2415 5084
2415 5047
2415 4930
2415 3693
2415 3599
2415 2958
2415 2728
2415 8483
2415 8302
2415 7981
2415 7372
2415 6634
2415 5974
2415 5308
2415 5291
2415 5083
2415 4735
2415 3509
2415 2950
2415 2837
2415 2539
2416 8748
2416 4503
2416 3520
2416 8572
2416 8213
2416 7748
2416 7466
2416 5267
2416 5026
2416 4784
2416 2840
2417 8521
2417 8373
2417 5805
2417 8453
2417 8251
2417 7074
2417 6644
2417 6427
2417 5778
2417 5469
2417 5281
2417 5116
2417 4784
2417 8583
2417 8031
2417 7262
2417 6873
2417 6768
2417 6703
2417 6566
2417 6108
2417 5866
2417 5600
2417 5363
2417 5201
2417 5058
2417 4614
2417 3267
2417 2581
2418 8691
2418 8389
2418 7417
2418 7324
2418 7042
2418 6650
2418 5944
2418 5171
2418 4278
2418 3256
2418 2488
2418 2425
2418 6569
2418 4264
2419 4990
2419 4989
2420 6936
2420 6836
2420 5549
2420 3340
2420 3234
2420 2835
2420 2833
2420 2819
2420 8376
2420 8296
2420 6637
2420 6536
2420 5176
2420 4934
2420 3091
2420 2769
2420 6652
2421 4482
2421 7535
2422 8724
2422 7043
2422 5535
2422 3755
2422 3100
2422 3616
2424 8084
2424 7674
2424 6386
2424 6133
2424 5574
2424 5381
2424 7045
2424 5505
2424 4981
2424 3781
2425 8572
2425 8536
2425 8480
2425 7894
2425 6698
2425 6232
2425 5785
2425 2849
2425 7214
2425 6624
2425 6135
2425 5029
2425 3674
2425 3505
2425 3077
2425 3056
2425 2691
2426 6079
2426 2443
2426 6169
2427 7797
2427 2530
2427 6744
2427 6618
2427 5454
2427 4071
2427 3029
2427 2546
2427 8662
2427 8640
2427 8545
2427 8076
2427 7866
2427 6611
2427 5472
2427 5209
2427 3775
2427 3402
2428 8399
2428 6836
2428 6614
2428 6354
2428 5799
2428 5450
2428 3685
2428 3672
2428 2888
2428 2838
2428 8293
2428 8246
2428 7839
2428 7683
2428 4033
2428 3950
2428 3313
2428 2638
2428 2600
2428 2507
2428 7970
2429 8534
2429 8299
2429 8165
2429 8125
2429 7878
2429 7540
2429 7425
2429 7415
2429 7267
2429 6987
2429 6942
2429 5456
2429 5151
2429 5110
2429 3778
2429 2750
2429 8664
2429 8150
2429 7955
2429 7612
2429 7097
2429 6889
2429 6543
2429 5618
2429 5615
2429 5551
2429 5194
2429 4204
2429 3981
2429 3507
2429 2618
2429 6777
2429 3718
2430 8628
2430 8269
2430 7975
2430 7267
2430 6133
2430 5450
2430 2564
2430 8475
2430 7756
2430 7260
2430 7016
2430 6426
2430 6135
2430 5368
2430 3792
2430 3161
2430 3134
2430 2502
2430 8609
2430 3941
2430 3513
2430 2575
2431 6926
2431 5464
2431 2741
2432 5797
2432 8293
2432 7566
2432 7491
2432 7256
2432 6985
2432 6903
2432 6112
2432 5360
2432 4720
2432 2593
2432 7359
2432 3169
2433 4159
2434 8720
2434 8178
2434 7746
2434 8573
2434 8529
2434 8348
2434 6943
2434 5265
2434 4775
2434 3639
2434 2795
2434 2667
2434 8446
2434 8392
2434 4169
2434 4109
2434 3188
2435 6990
2435 3221
2435 7547
2435 2990
2436 8130
2436 8577
2436 8557
2436 8304
2436 8256
2436 5913
2436 5481
2436 5469
2436 5403
2436 4954
2436 4232
2436 3081
2436 2997
2436 7318
2436 4314
2436 3840
2436 3639
2436 3121
2436 3093
2437 8578
2437 7093
2437 5894
2437 4172
2437 3607
2437 2528
2437 8332
2437 8173
2437 7368
2437 6938
2437 5954
2437 5532
2437 5354
2437 3228
2437 2867
2437 2732
2437 2578
2437 2535
2437 7284
2438 7067
2438 6561
2438 5942
2438 4988
2438 3756
2438 2513
2438 8481
2438 8284
2438 8161
2438 7876
2438 7345
2438 7003
2438 6392
2438 5380
2438 5083
2438 4302
2438 2566
2439 7912
2439 4833
2439 7999
2439 5575
2439 3780
2439 3225
2439 2678
2439 2547
2440 7982
2440 6567
2440 4340
2440 8428
2440 7399
2440 7352
2440 7313
2440 5469
2440 4571
2440 3764
2441 6928
2441 5436
2441 3372
2442 8480
2442 4957
2442 3820
2442 3097
2442 8423
2442 5754
2442 2543
2442 7434
2442 6628
2442 4018
2442 3044
2443 8119
2443 7441
2443 6944
2443 5198
2443 8650
2443 3849
2444 8354
2444 7554
2444 4287
2444 4274
2444 3904
2444 8177
2445 8741
2445 7966
2445 7787
2445 7785
2445 7705
2445 7701
2445 7579
2445 6896
2445 6520
2445 6063
2445 4619
2445 3090
2445 3084
2445 2867
2445 8646
2445 8465
2445 7071
2445 4194
2445 3063
2446 7203
2446 7056
2446 6632
2446 5272
2446 6491
2446 5581
2446 8682
2446 7905
2446 6097
2447 8709
2447 2944
2447 2890
2447 2785
2447 8584
2447 7428
2447 7320
2447 6942
2447 6584
2447 5579
2447 4943
2447 4840
2447 3952
2447 3286
2447 2616
2447 8211
2447 7882
2447 7274
2447 7071
2447 4933
2448 7062
2448 2689
2448 8159
2448 8058
2448 7757
2448 7627
2448 6171
2448 4629
2448 4625
2448 8569
2449 7912
2449 4302
2449 2691
2449 6693
2449 5675
2449 5128
2449 4024
2449 3222
2449 4382
2450 7011
2450 5696
2450 4516
2450 2540
2451 8441
2451 5782
2451 5637
2451 6593
2451 5646
2452 5195
2452 2594
2452 7312
2452 7119
2452 4087
2452 7472
2452 7130
2452 6422
2452 5936
2452 5875
2452 5170
2452 4264
2452 3263
2452 3066
2452 2581
2453 7059
2454 5246
2454 6900
2454 6208
2455 7919
2455 3486
2456 5485
2456 6313
2456 5927
2456 5903
2457 7688
2459 7036
2460 5833
2461 6809
2463 5741
2463 4859
2463 4326
2465 6219
2465 3721
2465 8097
2465 7967
2465 7623
2465 6016
2465 5869
2465 4914
2467 4098
2467 2758
2467 7332
2467 2531
2468 4617
2468 3658
2469 8693
2469 8482
2469 6684
2469 6123
2469 4552
2470 6047
2470 5841
2470 5607
2470 4619
2471 8709
2471 7720
2471 6856
2471 5569
2471 8574
2471 8515
2471 8116
2471 7575
2471 7450
2471 5469
2471 5224
2471 4781
2471 4617
2471 3757
2471 3658
2471 3289
2471 2839
2471 2546
2471 8716
2471 4822
2472 5721
2472 5050
2472 3825
2472 8484
2472 8385
2472 7785
2472 4959
2472 4767
2472 3029
2472 2729
2472 7792
2473 7372
2473 7122
2473 5955
2473 4208
2473 3156
2473 8120
2473 3835
2473 3649
2473 2672
2473 2478
2474 5788
2474 5571
2474 4889
2474 2596
2474 8397
2474 8343
2474 8137
2474 7113
2474 7068
2474 7002
2474 6687
2474 5943
2474 5707
2474 5357
2474 3981
2474 2947
2474 7986
2474 7277
2474 5723
2474 5197
2476 8227
2476 7950
2476 6002
2476 5436
2476 5411
2476 3825
2476 3397
2476 8515
2476 3031
2478 3954
2479 2665
2480 6314
2482 6338
2482 5835
2482 3918
2484 5785
2484 8573
2484 8208
2484 7772
2484 6768
2484 5347
2484 5718
2484 5150
2485 7014
2485 5501
2486 8611
2486 7484
2486 6643
2486 5837
2486 4962
2486 8140
2486 7413
2486 7207
2486 6448
2486 3777
2486 3096
2486 3005
2487 5511
2487 5360
2487 7595
2487 6977
2487 6463
2488 7767
2488 6366
2488 3736
2488 3145
2488 8620
2488 5509
2488 5082
2488 4909
2488 3098
2489 7826
2489 7598
2489 6779
2489 4978
2489 5833
2489 5106
2490 8674
2490 4725
2490 7864
2490 7355
2490 6896
2490 5791
2490 4162
2490 4038
2490 3932
2497 8625
2497 8577
2497 8358
2497 7980
2497 7889
2497 7739
2497 7619
2497 7212
2497 7098
2497 6133
2497 5456
2497 5192
2497 4951
2497 4936
2497 4554
2497 3904
2497 3751
2497 3717
2497 8477
2497 8265
2497 8152
2497 7744
2497 7521
2497 7376
2497 7307
2497 7291
2497 7283
2497 7071
2497 6630
2497 6399
2497 5790
2497 5682
2497 5611
2497 4958
2497 3608
2497 2693
2497 2630
2497 2628
2497 2600
2497 4975
2498 2774
2498 8237
2499 8190
2499 7503
2499 7043
2499 5216
2499 4666
2499 4109
2499 2979
2499 3021
2500 8526
2500 8715
2500 7730
2500 7658
2500 7566
2500 7507
2500 7376
2500 7201
2500 5360
2501 8220
2501 7012
2501 7908
2501 3293
2502 8328
2502 8021
2502 5944
2502 3771
2502 3203
2502 3112
2502 8112
2502 5820
2502 5548
2502 3950
2502 3925
2502 3767
2502 2866
2502 2827
2502 8362
2502 6794
2502 5968
2503 8603
2503 4428
2503 6505
2503 4452
2503 2648
2504 8731
2504 8621
2504 7072
2504 7844
2504 5213
2504 5155
2505 4928
2505 8750
2505 8513
2505 8418
2505 8293
2505 8086
2505 8056
2505 8006
2505 7795
2505 7694
2505 7366
2505 7208
2505 7127
2505 5946
2505 5790
2505 3902
2505 3787
2505 3339
2505 3231
2505 2715
2505 2553
2505 2531
2505 7391
2505 5206
2505 3276
2506 7717
2506 7487
2506 4175
2506 3965
2506 3789
2507 8697
2507 7443
2507 7365
2507 6606
2507 5945
2507 5917
2507 5130
2507 4289
2507 3944
2507 2851
2507 8437
2507 8343
2507 8278
2507 8093
2507 7256
2507 6358
2507 5795
2507 5790
2507 5149
2507 4871
2507 4690
2507 4633
2507 7594
2507 6302
2507 5912
2508 5643
2508 4852
2508 5046
2509 2671
2509 8221
2509 8123
2509 8114
2509 7826
2509 6949
2509 6641
2509 6486
2509 5730
2509 4840
2509 3753
2509 3730
2509 3685
2509 3201
2509 3060
2509 2608
2509 8280
2509 7981
2509 7072
2509 5808
2509 5684
2509 5611
2509 3590
2509 2686
2509 2636
2509 2539
2510 2809
2510 2711
2510 3964
2511 7518
2511 8288
2511 8279
2511 8225
2511 7791
2511 7682
2511 7395
2511 6584
2511 4784
2511 4766
2511 4626
2511 4605
2511 4596
2511 3794
2511 3693
2511 3689
2511 2764
2511 2525
2511 2513
2511 8716
2511 8442
2511 8320
2511 7953
2511 6582
2511 5790
2511 5024
2511 3939
2511 2768
2511 2626
2512 5969
2512 5176
2512 4871
2512 3812
2512 6667
2512 6344
2512 4379
2513 5869
2513 5805
2513 4911
2513 2594
2513 8712
2513 8121
2513 7980
2513 7784
2513 7705
2513 7619
2513 6692
2513 5950
2513 3027
2513 2833
2513 8719
2513 7968
2513 7451
2513 7370
2513 6324
2513 6033
2513 6017
2513 5990
2513 5226
2513 4566
2513 3264
2513 3110
2514 7598
2514 6038
2514 5215
2514 3905
2514 3717
2514 8325
2514 7226
2514 7196
2514 6945
2514 5779
2514 5677
2514 5552
2514 5228
2514 5203
2514 4952
2514 2714
2515 7606
2515 2530
2515 8714
2515 8712
2515 8311
2515 8251
2515 7825
2515 7680
2515 7444
2515 7321
2515 7287
2515 5958
2515 5616
2515 5481
2515 5365
2515 4974
2515 4932
2515 3163
2515 3109
2515 2704
2515 8477
2515 8289
2515 7989
2515 7743
2515 7691
2515 7630
2515 7420
2515 6646
2515 6015
2515 5770
2515 5291
2515 5115
2515 5086
2516 5386
2516 4452
2516 8508
2516 8219
2516 7260
2516 6164
2516 3931
2516 3062
2516 4824
2516 3941
2516 3665
2516 2776
2517 7453
2517 7424
2517 4105
2517 3779
2517 3513
2517 3033
2517 2595
2517 6573
2518 8700
2518 8697
2518 8677
2518 8048
2518 7448
2518 7393
2518 7289
2518 7098
2518 6696
2518 5899
2518 5619
2518 2765
2518 2740
2518 8746
2518 8654
2518 7467
2518 4314
2518 4209
2518 4205
2518 4171
2518 2630
2518 8105
2518 4773
2519 7697
2519 8358
2519 8335
2519 7058
2519 6939
2519 3623
2520 8152
2520 8126
2520 7891
2520 7828
2520 7698
2520 6135
2520 5955
2520 5153
2520 4953
2520 4779
2520 4760
2520 4099
2520 3853
2520 3156
2520 5284
2520 4815
2520 4762
2521 5556
2521 6488
2521 5336
2521 3626
2521 8036
2521 5732
2521 5289
2521 2636
2521 2531
2522 8651
2522 7849
2522 7112
2522 6974
2522 6945
2522 5610
2522 4981
2522 3590
2522 7331
2522 6777
2522 5537
2522 5155
2522 2633
2523 8622
2523 8118
2523 7575
2523 6844
2523 6692
2523 6456
2523 6424
2523 5616
2523 4949
2523 3850
2523 3823
2523 8471
2523 7807
2523 6625
2523 5551
2523 4747
2523 2624
2524 8427
2524 6590
2524 6340
2524 5516
2524 3750
2524 3309
2524 2791
2524 8187
2524 6425
2524 4497
2524 2950
2524 2589
2525 8732
2525 6626
2525 8534
2525 8313
2525 7739
2525 7688
2525 6983
2525 6580
2525 5778
2525 5084
2525 4594
2525 3664
2525 3601
2525 2732
2525 8718
2525 8323
2525 8317
2525 8297
2525 7742
2525 7467
2525 7069
2525 6356
2525 5858
2525 5804
2525 4621
2525 3324
2525 3157
2525 2587
2526 4545
2526 8363
2526 7556
2526 7450
2526 7011
2526 6958
2526 6921
2526 6173
2526 8150
2526 5627
2526 3392
2526 2658
2527 8585
2527 8525
2527 8378
2527 8211
2527 7516
2527 7227
2527 6646
2527 6612
2527 6341
2527 6037
2527 5586
2527 5369
2527 3856
2527 6862
2527 6302
2527 5701
2527 5439
2527 5138
2527 4286
2527 3739
2528 6737
2528 7490
2528 7076
2528 6327
2528 8655
2528 8645
2528 8536
2528 8118
2528 7815
2528 7796
2528 7675
2528 6295
2528 6064
2528 5913
2528 5604
2528 5386
2528 4961
2528 4860
2528 4738
2528 3778
2528 3756
2528 2764
2529 7174
2529 3318
2529 3128
2529 5208
2529 5140
2529 4955
2529 4469
2529 3315
2529 2559
2530 6923
2530 3489
2530 7862
2530 7761
2530 7675
2530 6854
2530 6379
2530 5373
2530 5173
2530 4943
2530 4698
2530 3306
2530 3232
2531 7514
2531 5046
2531 4615
2531 4516
2531 3695
2531 7760
2531 6963
2531 6408
2532 8604
2532 7646
2532 5856
2532 5850
2532 2706
2532 8044
2532 7050
2532 4794
2532 4147
2532 2819
2532 2807
2532 2729
2533 4701
2533 6208
2533 4304
2533 7769
2533 7762
2533 6520
2533 6039
2533 5602
2533 5250
2533 3611
2533 2955
2534 6223
2534 7879
2534 7516
2534 2809
2534 2760
2534 5478
2534 4773
2535 6051
2535 8539
2535 7540
2535 6967
2535 6921
2535 6780
2535 5549
2535 4740
2535 4607
2535 2912
2535 8215
2535 8209
2535 7694
2535 7477
2535 7288
2535 6649
2535 5364
2535 4430
2535 3935
2535 3106
2535 2701
2536 6568
2536 8527
2536 8259
2536 8234
2536 7789
2536 7316
2536 7256
2536 6538
2536 4871
2536 3026
2536 2674
2536 4549
2536 3291
2537 7723
2537 7400
2537 7365
2537 7239
2537 5964
2537 5843
2537 4564
2537 2576
2537 7896
2537 7069
2537 6483
2537 6009
2537 5170
2537 4312
2537 3727
2537 3252
2537 2876
2537 2789
2537 8411
2538 8476
2538 8309
2538 8054
2538 7614
2538 6340
2538 5192
2538 4625
2538 4114
2538 3381
2538 3196
2538 2859
2538 8179
2538 6968
2538 5959
2538 4365
2538 2995
2538 2626
2539 8663
2539 7975
2539 7745
2539 7229
2539 6779
2539 6298
2539 6019
2539 5362
2539 4784
2539 4597
2539 3728
2539 3658
2539 3302
2539 3256
2539 2833
2539 8723
2539 8638
2539 8203
2539 8160
2539 8137
2539 8096
2539 7823
2539 6490
2539 6374
2539 5509
2539 5449
2539 5178
2539 4718
2539 4444
2539 3848
2539 3792
2539 7482
2539 6396
2539 6362
2539 3100
2540 3907
2540 3813
2540 8517
2540 8342
2540 7977
2540 7469
2540 6488
2540 6366
2540 5294
2540 4739
2540 4645
2540 4593
2540 4101
2540 3654
2540 3208
2540 3040
2540 2983
2540 2958
2540 8429
2540 7477
2540 7384
2540 6429
2540 5972
2540 5614
2540 5113
2540 3849
2540 3264
2541 7565
2541 5006
2541 4446
2541 8748
2541 5299
2541 4938
2541 4190
2541 8221
2541 8202
2541 6921
2541 3740
2541 3463
2541 3111
2541 3095
2542 7330
2542 6548
2542 2828
2542 2779
2542 8535
2542 6650
2542 6559
2542 5605
2542 5601
2542 4581
2542 3609
2542 3228
2542 3029
2542 8374
2542 8259
2542 6948
2542 5682
2542 5674
2542 3402
2542 3126
2542 3018
2543 8574
2543 7577
2543 3821
2543 3311
2543 8750
2543 7146
2543 6482
2543 5969
2543 5858
2543 5301
2543 4208
2543 4116
2543 2769
2543 4138
2544 7684
2544 7111
2544 8720
2544 8163
2544 7688
2544 7063
2544 5571
2544 4930
2544 4179
2544 3770
2544 8744
2544 8722
2544 8698
2544 8041
2544 8029
2544 7691
2544 7318
2544 5387
2544 5153
2544 3094
2544 2850
2544 2589
2545 5492
2545 4506
2545 4355
2545 3714
2545 7678
2545 7479
2545 6614
2545 6376
2545 5836
2545 3340
2545 3265
2545 3131
2545 8074
2546 7686
2546 8163
2546 8116
2546 7282
2546 7272
2546 6887
2546 6648
2546 4955
2546 4943
2546 3299
2546 3114
2546 2805
2546 8635
2546 8244
2546 8198
2546 7271
2546 6058
2546 5974
2546 5966
2546 5584
2546 5397
2546 5190
2546 4621
2546 3716
2546 3507
2546 2932
2546 2710
2547 8654
2547 8508
2547 8326
2547 7626
2547 7294
2547 7003
2547 6709
2547 5732
2547 5101
2547 4720
2547 4616
2547 8110
2547 5489
2547 3769
2547 2717
2547 5343
2548 8121
2548 7876
2548 7795
2548 7473
2548 7007
2548 6367
2548 5949
2548 5904
2548 5631
2548 5627
2548 5614
2548 5261
2548 5117
2548 3767
2548 3167
2548 3165
2548 3019
2548 2957
2548 2626
2548 7970
2548 7771
2548 7695
2548 6862
2548 3389
2549 8656
2549 7987
2549 7097
2549 3266
2549 8014
2550 7062
2551 8097
2551 8450
2551 4667
2551 3122
2552 2903
2552 3012
2553 8099
2553 8194
2553 8032
2553 7901
2553 7281
2553 7060
2553 5768
2553 5383
2553 5210
2553 3783
2553 2606
2553 7209
2553 5433
2553 5158
2553 3759
2553 3222
2553 3123
2554 2646
2555 8576
2555 8479
2555 8335
2555 8192
2555 5801
2555 4860
2555 4625
2555 3199
2555 8343
2555 8329
2555 8152
2555 7386
2555 7350
2555 4722
2555 3950
2555 3666
2555 7359
2555 7152
2555 5370
2555 4762
2556 2885
2556 7343
2556 5318
2556 5287
2556 3484
2556 7676
2556 7014
2556 5626
2556 4541
2556 3604
2557 8062
2557 7746
2557 7267
2557 5942
2557 8481
2557 8394
2557 8318
2557 8262
2557 8168
2557 7601
2557 6426
2557 5732
2557 5108
2557 3925
2557 3629
2557 3507
2557 3235
2557 2645
2557 8516
2557 6954
2557 6794
2557 5275
2558 8379
2558 7843
2558 3483
2558 2844
2558 5926
2559 8355
2559 6010
2559 4234
2559 3178
2559 8536
2559 8319
2559 7714
2559 7556
2559 3345
2559 2648
2559 7445
2559 7398
2559 5673
2559 4952
2560 6979
2560 5295
2561 8372
2561 8202
2561 6835
2561 5046
2561 4872
2561 3109
2561 8739
2561 8158
2561 7789
2561 7369
2561 4786
2561 4707
2561 3935
2561 3931
2561 3316
2562 3735
2562 6517
2562 4515
2562 4129
2563 3238
2564 6626
2564 3009
2564 2568
2564 8339
2564 5412
2564 5337
2564 4944
2564 4914
2564 4469
2564 3809
2564 8367
2564 8122
2564 7279
2564 6775
2564 5630
2564 5446
2564 5393
2564 4692
2564 3782
2564 2695
2566 7867
2566 7287
2566 6753
2566 6638
2566 8754
2566 8650
2566 8434
2566 8305
2566 8257
2566 8252
2566 8222
2566 8187
2566 8009
2566 7193
2566 6356
2566 5745
2566 5342
2566 5086
2566 3921
2566 3674
2566 6334
2566 6008
2566 3903
2568 5660
2568 8648
2568 8540
2568 6270
2568 5976
2568 5492
2568 3585
2568 8700
2568 8311
2568 8083
2568 7892
2568 7421
2568 7272
2568 6437
2568 4955
2568 4948
2568 4944
2568 4594
2570 8262
2570 8145
2570 8100
2570 7840
2570 7477
2570 5308
2570 4786
2570 3752
2570 2850
2570 7802
2570 3839
2571 6531
2571 2954
2571 8183
2571 7159
2571 6291
2572 7490
2572 4890
2572 8618
2572 4270
2572 3928
2573 6775
2573 5290
2573 3519
2573 4060
2573 3188
2574 3696
2574 8072
2574 7952
2574 7767
2574 5413
2575 8273
2575 8094
2575 8033
2575 6412
2575 4230
2575 4209
2575 3929
2575 3194
2575 7073
2575 5396
2575 4816
2575 4602
2576 6692
2576 3632
2576 3259
2576 5952
2577 4667
2577 8475
2577 8002
2577 6540
2577 5959
2577 3220
2577 2695
2577 7341
2577 7154
2577 6826
2577 2595
2578 7796
2578 7511
2578 7400
2578 7365
2578 6115
2578 5033
2578 5022
2578 4617
2578 3159
2578 8718
2578 8343
2578 6966
2578 5356
2578 5163
2578 4649
2578 4600
2578 3805
2578 3395
2578 3269
2578 2953
2579 3907
2579 8107
2579 7825
2579 6958
2579 6595
2579 4917
2579 3463
2580 7470
2580 5856
2580 8519
2580 7718
2580 7272
2580 7233
2580 5629
2580 4951
2580 4581
2580 3850
2580 3689
2581 8647
2581 8480
2581 8165
2581 7670
2581 7638
2581 7592
2581 6843
2581 5801
2581 5373
2581 5112
2581 3486
2581 3208
2581 8755
2581 8657
2581 8650
2581 8245
2581 8075
2581 7832
2581 7716
2581 7529
2581 7489
2581 7039
2581 5453
2581 5142
2581 4547
2581 3716
2582 8313
2582 7680
2582 5116
2582 3778
2582 3648
2582 3356
2582 8644
2582 8435
2582 8323
2582 7184
2582 6018
2582 5368
2582 4609
2582 2821
2583 8680
2583 7682
2583 7640
2583 7531
2583 7121
2583 6946
2583 6692
2583 5873
2583 5861
2583 4784
2583 3753
2583 8289
2583 8139
2583 7467
2583 7307
2583 6611
2583 5866
2583 5586
2583 5472
2583 4747
2584 7195
2584 3760
2584 8659
2584 8618
2584 8484
2584 6320
2584 5830
2584 3944
2584 3031
2584 5586
2585 8645
2585 7814
2585 7693
2585 7675
2585 7633
2585 7439
2585 7207
2585 7011
2585 4936
2585 4769
2585 3096
2585 2611
2585 8707
2585 8624
2585 8303
2585 7839
2585 7467
2585 7372
2585 7184
2585 6689
2585 6583
2585 6367
2585 5800
2585 5552
2585 5397
2585 4692
2585 3963
2585 3297
2585 3264
2585 3107
2585 2950
2585 8758
2585 7073
2585 4602
2585 4499
2585 3513
2586 8309
2586 8037
2586 5892
2586 4738
2586 2670
2586 8538
2586 8418
2586 8064
2586 7912
2586 7372
2586 7294
2586 6538
2586 6522
2586 6009
2586 4556
2586 4377
2586 3793
2586 3258
2586 8005
2586 7525
2586 5146
2587 8221
2587 7655
2587 6469
2587 5964
2587 5746
2587 5403
2587 5126
2587 4861
2587 4766
2587 4599
2587 3770
2587 3097
2587 3083
2587 2819
2587 8294
2587 8032
2587 7489
2587 7232
2587 6490
2587 6468
2587 6436
2587 5117
2587 4669
2587 3853
2587 3782
2587 3194
2588 8645
2588 8574
2588 7426
2588 5956
2588 5026
2588 4759
2588 4604
2588 3259
2588 8710
2588 8626
2588 8553
2588 8376
2588 8055
2588 7291
2588 6358
2588 5682
2588 4713
2589 8576
2589 7638
2589 7635
2589 6677
2589 6618
2589 5386
2589 3643
2589 3304
2589 3289
2589 3154
2589 3112
2589 2668
2589 8475
2589 8394
2589 8164
2589 8141
2589 7839
2589 7316
2589 7294
2589 6948
2589 5745
2589 5513
2589 5479
2589 3313
2589 3079
2589 8181
2589 5906
2589 2647
2590 7273
2590 6874
2590 5355
2590 3652
2590 8331
2590 8282
2590 8255
2590 8151
2590 8143
2590 8050
2590 7616
2590 7231
2590 5971
2590 5956
2590 5942
2590 5223
2590 5032
2590 4383
2590 3943
2590 3809
2590 8477
2590 8108
2590 3749
2590 3093
2590 2636
2591 8476
2591 7884
2591 7816
2591 6298
2591 6067
2591 6064
2591 5956
2591 5766
2591 4987
2591 4050
2591 3254
2591 3083
2591 2824
2591 8262
2591 8210
2591 8149
2591 8131
2591 8106
2591 7856
2591 7473
2591 6646
2591 5397
2591 5382
2591 5282
2591 5268
2591 4760
2591 4489
2591 4171
2591 3645
2591 3597
2591 3063
2591 2939
2591 2626
2592 8627
2592 8334
2592 7911
2592 5976
2592 5569
2592 3248
2592 8576
2592 8536
2592 8428
2592 8389
2592 8188
2592 7984
2592 7759
2592 7671
2592 6651
2592 6535
2592 5281
2592 3511
2592 2833
2592 2668
2592 8716
2592 7284
2592 6563
2592 5631
2592 4956
2592 4291
2593 8740
2593 8123
2593 5971
2593 5116
2593 4615
2593 8664
2593 8588
2593 8575
2593 8573
2593 8315
2593 8179
2593 8141
2593 8055
2593 7770
2593 7639
2593 7294
2593 7230
2593 7131
2593 6632
2593 5955
2593 5264
2593 3787
2593 3233
2593 3018
2593 2821
2593 2613
2593 2612
2593 6360
2593 5575
2594 7431
2594 8039
2594 7148
2594 5355
2594 6946
2594 5954
2594 3230
2595 7836
2595 6950
2595 6017
2595 5959
2595 5368
2595 2957
2595 7052
2595 4816
2595 3100
2596 7720
2596 8714
2596 7417
2596 7067
2596 7050
2596 6813
2596 3932
2596 3697
2596 3595
2596 2730
2596 8471
2596 8175
2596 7429
2596 7215
2596 6053
2596 5543
2596 4940
2596 3848
2597 6962
2597 8339
2597 7878
2597 6465
2597 5412
2597 5080
2597 5047
2597 2888
2597 8646
2597 8361
2597 8268
2597 8122
2597 8108
2597 8096
2597 7071
2597 6970
2597 4981
2598 8681
2598 8659
2598 8225
2598 7723
2598 7655
2598 7627
2598 7448
2598 7121
2598 2996
2598 2704
2598 8673
2598 7069
2598 5597
2598 4716
2598 3078
2598 7305
2598 3780
2599 8719
2599 8702
2599 7149
2599 6970
2599 5475
2599 3963
2599 3863
2599 3707
2600 8223
2600 8062
2600 7267
2600 6692
2600 6456
2600 6232
2600 8635
2600 8551
2600 8322
2600 8204
2600 7849
2600 7612
2600 7297
2600 7232
2600 6943
2600 6566
2600 6543
2600 5790
2600 5368
2600 5178
2600 5117
2600 4958
2600 4947
2600 4786
2600 4716
2600 4614
2600 3975
2600 3708
2600 3597
2600 3165
2600 2950
2600 2686
2600 8189
2600 8181
2600 5213
2600 3376
2601 8741
2601 8328
2601 7903
2601 5032
2601 3777
2601 3060
2601 8701
2601 8361
2601 8238
2601 7626
2601 6188
2601 5277
2601 4690
2601 4623
2601 2626
2601 6463
2602 8084
2602 6692
2602 5788
2602 8585
2602 8297
2602 8267
2602 7702
2602 6952
2602 6707
2602 5106
2602 4935
2602 4097
2602 4047
2602 2612
2602 6508
2602 2935
2602 2684
2603 6003
2603 3977
2603 3042
2603 8533
2603 7841
2603 7643
2603 6340
2603 6318
2603 5766
2603 5730
2603 5599
2603 5384
2603 5105
2603 4917
2603 3809
2603 3643
2603 3511
2603 3463
2603 3249
2603 3102
2603 8341
2603 8179
2603 7384
2603 7258
2603 7039
2603 5387
2603 4960
2603 2995
2603 2606
2604 8533
2604 8310
2604 8277
2604 7766
2604 7278
2604 7144
2604 6836
2604 5766
2604 3668
2604 8654
2604 8434
2604 5137
2604 4389
2604 4047
2604 3708
2604 6901
2605 6626
2605 5805
2605 8703
2605 8526
2605 7979
2605 7975
2605 7707
2605 7509
2605 7425
2605 7400
2605 7303
2605 7063
2605 6176
2605 5339
2605 5174
2605 4581
2605 4442
2605 4282
2605 3979
2605 7882
2605 7258
2605 5308
2605 3773
2605 3113
2605 3089
2606 8193
2606 8171
2606 6622
2606 6232
2606 6211
2606 5353
2606 4766
2606 3923
2606 2840
2606 8549
2606 8212
2606 7856
2606 7795
2606 7283
2606 7039
2606 6098
2606 4211
2606 4097
2606 3220
2606 5247
2606 3082
2607 8639
2607 8225
2607 7721
2607 6987
2607 4456
2607 3365
2607 3257
2607 2831
2607 8666
2607 8463
2607 7776
2607 7316
2607 7288
2607 6768
2607 5684
2607 5618
2607 5486
2607 5083
2607 4444
2607 3106
2607 8110
2607 5844
2607 5675
2607 4544
2608 8717
2608 7481
2608 2828
2608 7974
2608 7402
2608 6830
2608 6038
2608 5942
2608 5803
2608 5130
2608 3247
2608 3081
2608 2997
2608 2934
2608 2843
2608 2680
2608 8429
2608 7467
2608 5745
2608 5634
2608 5615
2608 5453
2608 5448
2608 5117
2608 4871
2608 3767
2608 3606
2609 7889
2609 8475
2609 8437
2609 8315
2609 7823
2609 7602
2609 7336
2609 7265
2609 5911
2609 5634
2609 5630
2609 3430
2609 3267
2609 7084
2609 6954
2609 6076
2609 4773
2609 3746
2609 3043
2610 8223
2610 7977
2610 7700
2610 6947
2610 5151
2610 8434
2610 8318
2610 8289
2610 8146
2610 8032
2610 8000
2610 7591
2610 7130
2610 6394
2610 5820
2610 5632
2610 5261
2610 4960
2610 4958
2610 4953
2610 4621
2610 3807
2610 3644
2610 3507
2610 3066
2610 7143
2610 3665
2611 8578
2611 7851
2611 7490
2611 7195
2611 5488
2611 4671
2611 8639
2611 8536
2611 7746
2611 7459
2611 7382
2611 7320
2611 6691
2611 6370
2611 6019
2611 5160
2611 4951
2611 3463
2611 7789
2611 5632
2611 4035
2612 8557
2612 8534
2612 7739
2612 5836
2612 3163
2612 8527
2612 8483
2612 7908
2612 7265
2612 6956
2612 6871
2612 6324
2612 3761
2613 6753
2613 6355
2613 5803
2613 3946
2613 8683
2613 7985
2613 7741
2613 6583
2613 6033
2613 5794
2613 5097
2613 4786
2613 4485
2613 4291
2613 4047
2613 3975
2613 3902
2613 3231
2613 3110
2613 8005
2613 7695
2613 6169
2613 3759
2613 3625
2613 3291
2613 2870
2614 8282
2614 7207
2614 4604
2614 3751
2614 3728
2614 3687
2614 2992
2614 2824
2614 8124
2614 8002
2614 7660
2614 7254
2614 7149
2614 5673
2614 4819
2614 4637
2614 3724
2614 3674
2614 7070
2614 5906
2614 4544
2615 7349
2615 5492
2615 8663
2615 8428
2615 8342
2615 8084
2615 6035
2615 5148
2615 5080
2615 3191
2616 4545
2616 8660
2616 8299
2616 8291
2616 7578
2616 7125
2616 6944
2616 6835
2616 6369
2616 5960
2616 5047
2616 4596
2616 3286
2616 3249
2616 3017
2616 8665
2616 8549
2616 8142
2616 8057
2616 5448
2616 5261
2616 4314
2616 3732
2616 3251
2617 8572
2617 6300
2617 6173
2617 5715
2617 4831
2617 4605
2617 4087
2617 3328
2617 3226
2617 3201
2617 6569
2617 5244
2617 3124
2618 8526
2618 6832
2618 6568
2618 5799
2618 8558
2618 8275
2618 8210
2618 8208
2618 8076
2618 8000
2618 7828
2618 3921
2618 3098
2618 2946
2618 2941
2618 2742
2618 6960
2618 6439
2618 5202
2618 2870
2619 8026
2619 7365
2619 7063
2619 4949
2619 8175
2619 7978
2619 7463
2619 7453
2619 7215
2619 7133
2619 7132
2619 5328
2619 3106
2619 7650
2619 6187
2619 5103
2619 4742
2620 7620
2620 6613
2620 3714
2620 8703
2620 8282
2620 8066
2620 7903
2620 7766
2620 7469
2620 7301
2620 6376
2620 3795
2620 3777
2620 3031
2620 8371
2620 7965
2620 7602
2620 6017
2620 5677
2620 5446
2620 4043
2620 3313
2621 8378
2621 6943
2621 5263
2621 4110
2621 7695
2621 5731
2621 5608
2621 4301
2621 3389
2621 7773
2621 5831
2621 5410
2622 8104
2622 7894
2622 7563
2622 6062
2622 5699
2622 4562
2622 8666
2622 8057
2622 7751
2622 7702
2622 7628
2622 5683
2622 5301
2622 5201
2622 5028
2622 3156
2622 2957
2622 2826
2622 2787
2622 7391
2622 5128
2622 2718
2623 6010
2623 5554
2623 4509
2623 3652
2623 8079
2623 7974
2623 6939
2623 6444
2623 4381
2623 3538
2623 3302
2623 3017
2623 4929
2623 4389
2624 8741
2624 8720
2624 8118
2624 7296
2624 4949
2624 4289
2624 3943
2624 3785
2624 3685
2624 3017
2624 2764
2624 8649
2624 8465
2624 8412
2624 8219
2624 8154
2624 8141
2624 8126
2624 7698
2624 7452
2624 6009
2624 5946
2624 5274
2624 5030
2624 5024
2624 4958
2624 4609
2624 3921
2624 3507
2624 3267
2624 2995
2624 2718
2625 3198
2626 8628
2626 8118
2626 7723
2626 7590
2626 7440
2626 6744
2626 6114
2626 5787
2626 5365
2626 4961
2626 4287
2626 3203
2626 3109
2626 3064
2626 2744
2626 8621
2626 8435
2626 8177
2626 7876
2626 7842
2626 7612
2626 7580
2626 7205
2626 7146
2626 7124
2626 5264
2626 4097
2626 3807
2626 3782
2626 3165
2626 2925
2626 2638
2627 8048
2627 6539
2627 3672
2627 2872
2628 8628
2628 8436
2628 8290
2628 8125
2628 7323
2628 7303
2628 7182
2628 7005
2628 6891
2628 5940
2628 5619
2628 4761
2628 3655
2628 3060
2628 2829
2628 8746
2628 8590
2628 8219
2628 8162
2628 8149
2628 8146
2628 5768
2628 5368
2628 5117
2628 4775
2628 4718
2628 4566
2628 3950
2628 2736
2628 7305
2629 7056
2629 5475
2629 4095
2629 3598
2629 3076
2629 3903
2629 3625
2630 8125
2630 6584
2630 6176
2630 4232
2630 3753
2630 3097
2630 2819
2630 7214
2630 7122
2630 6640
2630 6624
2630 5824
2630 5447
2630 5083
2630 4958
2630 4621
2630 3509
2630 3157
2630 3126
2630 3107
2630 8486
2630 8439
2630 7861
2630 5535
2630 5284
2630 4824
2630 3779
2630 2820
2630 2735
2631 5454
2631 5084
2631 3809
2631 8302
2631 8030
2631 5772
2631 3161
2631 3058
2631 7594
2631 5968
2631 5266
2631 3536
2631 3461
2632 8700
2632 8290
2632 7714
2632 7427
2632 7198
2632 6606
2632 3923
2632 8219
2632 8096
2632 7882
2632 7658
2632 7576
2632 5360
2632 4211
2632 7216
2632 5280
2632 5177
2632 4816
2632 3176
2633 8441
2633 5263
2633 4497
2633 8518
2633 8386
2633 7154
2633 5868
2633 4795
2633 4215
2633 2647
2633 5157
2633 3331
2634 5636
2634 8677
2634 8639
2634 7455
2634 6854
2634 6019
2634 5351
2634 4830
2634 4050
2634 3757
2634 3740
2634 3737
2634 3229
2634 3095
2634 2829
2634 7849
2634 7291
2634 6487
2634 6426
2634 5959
2634 5448
2634 4189
2634 3297
2635 5351
2635 8112
2635 5268
2635 4668
2635 8518
2636 8705
2636 8479
2636 8304
2636 8261
2636 8119
2636 7791
2636 7603
2636 6489
2636 5862
2636 3593
2636 8236
2636 8056
2636 7625
2636 5194
2636 4967
2636 4774
2636 4213
2636 3676
2636 3138
2636 5806
2636 3796
2636 2820
2637 2836
2637 4693
2637 4125
2638 8178
2638 7996
2638 7355
2638 7296
2638 7129
2638 5939
2638 4049
2638 3081
2638 8668
2638 8549
2638 8210
2638 8093
2638 7896
2638 6368
2638 5774
2638 3662
2638 2736
2638 2731
2638 2724
2638 7339
2638 5266
2638 4499
2638 3513
2639 4039
2639 5372
2639 5390
2639 4493
2639 4327
2640 8720
2640 8655
2640 8515
2640 8488
2640 8255
2640 8121
2640 8118
2640 8050
2640 7578
2640 7478
2640 7301
2640 7287
2640 6364
2640 6300
2640 3390
2640 2824
2640 8701
2640 8665
2640 8654
2640 8238
2640 8023
2640 7842
2640 7196
2640 7126
2640 7112
2640 5866
2640 5274
2640 5163
2640 5113
2640 4692
2640 3134
2640 2837
2640 2795
2640 5575
2640 3237
2641 2696
2642 8464
2642 7982
2642 5789
2642 5193
2642 4709
2642 8511
2642 6379
2642 4763
2642 2997
2642 2833
2643 8502
2643 7487
2643 7278
2643 5445
2643 5047
2643 3345
2643 2786
2643 5431
2643 3547
2643 2652
2644 7189
2644 6299
2644 5357
2644 3640
2644 7883
2644 6862
2644 5780
2644 5575
2644 4089
2644 6884
2645 8658
2645 8310
2645 7303
2645 7280
2645 3979
2645 2983
2645 7214
2645 5347
2645 3938
2645 3763
2646 6751
2646 6106
2646 7436
2646 7097
2646 6393
2646 3745
2646 3013
2646 2794
2646 2693
2647 8707
2647 8361
2647 8322
2647 8217
2647 8060
2647 7193
2647 4103
2647 3752
2647 3645
2647 3608
2647 3062
2647 2789
2647 8115
2647 7347
2647 6777
2647 6440
2647 5701
2647 3068
2647 2918
2648 5976
2648 4528
2648 2984
2648 2725
2648 8370
2648 7135
2648 7116
2648 6342
2648 5842
2648 4576
2648 3687
2649 2919
2649 8097
2649 7504
2649 7148
2649 8703
2649 7960
2649 6688
2649 5826
2649 5105
2650 5578
2650 8682
2651 3953
2651 8402
2651 5936
2651 5812
2651 5614
2652 8087
2652 8278
2652 5692
2652 4058
2652 2655
2652 3444
2653 7933
2654 6338
2655 6865
2655 5460
2655 2754
2656 2725
2656 7598
2656 6486
2656 5276
2656 4150
2656 4114
2656 3826
2656 6974
2656 6707
2656 6112
2656 4939
2656 4489
2657 5576
2658 8584
2658 8476
2658 8363
2658 7622
2658 6340
2658 5842
2658 2824
2658 8504
2658 8418
2658 4045
2658 3763
2659 8543
2659 7556
2659 7511
2659 6561
2659 5530
2659 4714
2659 4576
2659 6869
2659 6227
2659 4963
2659 4688
2659 3912
2659 3089
2660 8721
2660 7198
2660 4597
2660 3809
2660 8316
2660 8303
2660 7955
2660 7888
2660 7744
2660 7659
2660 7491
2660 7463
2660 6017
2660 5358
2660 4873
2660 2826
2660 2795
2660 7704
2661 4568
2661 3346
2662 5901
2662 6043
2663 4482
2666 7588
2666 7531
2666 6353
2666 4162
2666 6605
2667 8641
2667 8313
2667 7793
2667 7280
2667 6698
2667 4625
2667 8442
2667 8210
2667 7741
2667 7429
2667 7146
2667 6873
2667 6586
2667 5991
2667 5963
2667 5448
2667 5108
2667 5057
2667 4614
2667 2686
2667 8005
2667 5550
2667 5167
2667 3814
2667 3465
2668 7261
2668 7117
2668 8642
2668 8536
2668 8431
2668 8324
2668 8292
2668 7975
2668 7951
2668 7816
2668 7677
2668 7466
2668 7444
2668 7116
2668 6580
2668 5755
2668 5269
2668 3952
2668 3923
2668 3861
2668 3774
2668 2958
2668 2831
2668 2824
2668 2730
2668 2722
2668 8699
2668 8531
2668 8481
2668 8301
2668 8214
2668 8064
2668 7968
2668 6585
2668 6490
2668 6358
2668 5800
2668 5614
2668 5444
2668 3537
2669 8585
2669 8553
2669 8297
2669 8055
2669 7858
2669 7740
2669 7628
2669 7203
2669 7039
2669 6616
2669 5368
2669 5308
2669 5249
2669 4189
2669 3767
2669 2682
2669 8052
2669 7073
2669 7070
2669 6972
2669 6302
2669 5396
2669 4558
2669 2878
2669 2705
2670 4696
2670 8645
2670 8574
2670 8288
2670 8223
2670 7813
2670 7761
2670 7120
2670 7116
2670 6019
2670 4050
2670 3778
2670 3730
2670 8754
2670 8739
2670 8216
2670 7691
2670 6616
2670 5774
2670 5444
2670 5228
2670 5178
2670 4863
2670 3805
2670 3269
2670 3167
2670 2837
2671 6796
2671 6102
2671 5792
2671 4694
2671 8133
2671 5945
2671 3254
2671 3112
2671 3060
2672 8323
2672 8306
2672 7842
2672 6774
2672 6687
2672 6356
2672 5858
2672 5272
2672 4873
2672 2716
2672 6694
2672 4816
2672 6428
2672 4397
2672 3193
2673 6391
2673 5933
2674 8427
2674 6622
2674 5836
2674 5750
2674 5372
2674 3163
2674 2744
2674 8524
2674 8378
2674 8325
2674 8011
2674 7576
2674 7265
2674 7114
2674 6943
2674 6309
2674 5677
2674 3667
2674 3013
2674 2684
2675 2685
2676 7077
2676 5931
2676 3549
2676 8415
2676 8363
2676 7382
2676 7310
2676 6300
2676 4593
2676 4516
2676 2739
2676 7756
2676 7345
2676 3016
2677 4622
2677 4466
2678 8739
2678 8429
2678 8219
2678 7795
2678 6394
2678 6135
2678 6098
2678 7905
2679 8134
2679 6860
2679 5889
2679 4982
2679 8241
2679 7826
2679 6627
2679 6390
2679 5766
2679 5340
2679 4971
2679 4781
2679 8162
2679 8131
2679 6654
2679 5772
2679 2982
2680 8048
2680 7889
2680 6891
2680 6847
2680 5699
2680 5412
2680 5407
2680 5172
2680 4987
2680 4917
2680 3919
2680 8585
2680 8432
2680 8126
2680 7989
2680 7907
2680 7823
2680 6952
2680 6324
2680 6100
2680 5974
2680 5761
2680 5358
2680 5059
2680 4960
2681 8627
2681 8600
2681 5299
2681 3283
2681 2885
2681 8290
2681 8288
2681 8059
2681 7469
2681 6951
2681 6559
2681 6342
2681 5942
2681 4988
2681 4831
2681 3226
2681 2929
2681 2728
2682 7657
2682 6300
2682 3040
2682 7744
2682 7204
2682 7149
2682 6775
2682 5794
2682 3644
2682 2746
2682 7519
2682 5409
2684 8638
2684 8305
2684 8030
2684 7744
2684 7145
2684 6510
2684 4871
2684 4856
2684 2811
2684 8413
2684 6396
2684 5914
2684 2937
2685 4231
2685 3619
2686 8479
2686 8403
2686 8021
2686 8010
2686 7974
2686 7211
2686 5861
2686 5047
2686 4049
2686 3717
2686 8653
2686 8640
2686 8444
2686 8122
2686 7226
2686 5236
2686 4819
2686 4035
2686 3590
2686 2827
2686 2737
2686 6954
2686 6362
2686 5550
2687 5318
2687 8353
2687 6434
2687 4260
2687 3475
2687 3279
2688 7481
2688 3042
2688 8299
2688 8050
2688 7135
2688 6355
2688 5842
2688 5826
2688 5696
2688 5386
2688 4380
2688 4087
2688 4085
2688 8064
2688 7438
2688 5028
2688 3853
2688 2818
2689 8578
2689 7081
2689 3806
2689 8292
2689 7951
2689 7475
2689 7443
2689 7439
2689 5924
2689 4162
2689 3944
2689 3923
2689 2867
2690 7774
2690 6125
2690 5837
2690 8484
2690 8479
2690 8111
2690 7815
2690 6944
2690 6034
2690 2775
2691 7790
2691 7671
2691 7441
2691 6951
2691 3979
2691 8621
2691 8588
2691 8430
2691 8064
2691 7968
2691 7608
2691 7056
2691 6490
2691 5947
2691 5768
2691 5444
2691 4967
2691 3935
2691 3088
2691 2705
2692 3670
2693 8721
2693 6618
2693 6377
2693 8432
2693 8122
2693 4649
2693 3981
2693 3529
2693 2982
2693 7970
2693 3780
2694 7833
2694 7098
2694 7054
2694 3623
2694 4123
2695 8299
2695 8277
2695 8156
2695 8007
2695 7816
2695 7670
2695 7310
2695 6488
2695 6456
2695 6298
2695 5899
2695 3750
2695 8668
2695 8076
2695 6632
2695 6624
2695 5957
2695 4873
2695 4637
2695 2841
2695 2822
2695 2796
2695 6901
2696 3979
2696 8145
2696 4207
2696 2788
2696 6976
2696 4041
2697 8372
2697 8321
2697 8178
2697 7633
2697 6614
2697 6610
2697 6369
2697 6064
2697 6013
2697 5294
2697 5214
2697 4932
2697 3965
2697 2728
2697 8585
2697 8432
2697 8281
2697 8242
2697 8031
2697 8002
2697 7142
2697 6426
2697 5786
2697 5292
2697 5086
2697 4624
2697 3975
2697 3792
2697 3763
2697 3098
2698 7145
2698 5486
2698 4097
2698 4549
2698 3610
2698 2820
2699 4724
2699 3855
2699 8535
2699 8202
2699 7976
2699 7815
2699 7671
2699 7511
2699 7415
2699 7269
2699 7233
2699 6949
2699 6622
2699 6614
2699 6437
2699 6063
2699 4954
2699 4928
2699 4554
2699 4341
2699 4087
2700 8577
2700 8416
2700 7278
2700 5872
2700 4514
2700 2879
2700 7858
2701 8310
2701 7767
2701 6638
2701 4951
2701 4273
2701 4779
2701 4649
2701 4518
2701 3358
2701 3135
2702 6587
2702 6481
2702 8641
2702 8625
2702 8020
2702 7638
2702 6325
2702 5727
2702 5702
2702 3304
2702 2929
2702 3912
2702 2941
2703 8283
2703 4355
2703 8125
2703 7996
2703 6854
2703 6627
2703 5573
2703 5454
2703 3923
2703 8432
2703 7372
2703 7318
2703 6689
2703 6014
2703 5363
2703 5152
2703 3507
2704 7720
2704 8479
2704 8118
2704 8062
2704 7678
2704 7469
2704 7441
2704 7191
2704 6987
2704 5860
2704 5573
2704 5454
2704 5350
2704 8744
2704 8547
2704 8412
2704 8281
2704 7955
2704 7949
2704 6616
2704 6112
2704 5743
2704 5479
2704 3107
2705 8727
2705 8127
2705 8029
2705 7285
2705 6689
2705 6135
2705 6017
2705 5383
2705 5025
2705 5024
2705 4314
2705 3863
2705 7827
2705 5150
2705 2922
2705 8682
2706 7992
2706 5254
2706 3699
2706 3246
2706 8681
2706 8116
2706 8034
2706 7675
2706 7466
2706 7402
2706 6921
2706 6437
2706 5276
2706 4581
2706 3695
2706 3605
2707 7829
2707 7800
2707 4509
2707 4457
2707 8192
2707 6370
2707 5620
2707 5616
2707 3740
2707 3352
2707 2764
2707 8214
2707 8162
2707 7652
2707 7476
2707 7318
2707 6748
2707 6399
2707 5911
2707 5277
2708 8672
2708 8644
2708 8438
2708 6963
2708 7681
2708 3964
2709 5131
2709 4749
2710 5939
2710 4647
2710 3795
2710 3289
2710 2949
2710 8473
2710 5625
2710 3822
2710 6686
2710 6302
2711 5008
2711 8472
2711 7840
2711 7155
2711 7066
2711 7827
2711 6172
2712 7723
2712 7311
2712 6359
2712 2726
2712 8759
2712 8738
2712 8592
2712 8493
2712 8009
2712 7743
2712 7658
2712 7291
2712 7203
2712 7039
2712 6903
2712 6624
2712 6426
2712 6108
2712 5405
2712 4935
2712 4720
2712 4624
2712 3509
2712 3297
2712 8758
2712 7695
2712 5503
2712 5128
2713 5242
2713 7678
2713 4788
2713 4597
2713 3539
2713 3136
2713 7792
2713 7610
2713 5777
2713 5218
2713 3854
2713 3546
2713 3026
2713 2908
2714 8255
2714 6987
2714 5797
2714 5577
2714 4685
2714 2829
2714 8317
2714 8250
2714 8208
2714 7882
2714 7641
2714 5804
2714 5552
2714 4692
2714 4637
2714 3235
2714 7605
2714 7023
2714 6362
2714 5177
2714 3941
2714 3045
2715 8467
2715 8324
2715 8200
2715 7718
2715 7478
2715 7382
2715 7367
2715 5110
2715 4615
2715 4282
2715 8412
2715 8208
2715 6964
2715 5244
2715 4720
2715 3840
2716 8104
2716 7787
2716 7439
2716 6810
2716 5910
2716 4591
2716 3905
2716 8637
2716 8549
2716 8303
2716 7764
2716 6707
2716 6642
2716 6536
2716 5995
2716 5866
2716 5627
2716 8115
2716 7424
2716 2735
2717 8651
2717 8031
2717 6872
2717 5264
2717 4623
2717 2796
2717 2789
2717 8181
2717 7958
2717 3922
2718 8722
2718 8481
2718 8315
2718 8162
2718 8146
2718 7741
2718 6943
2718 5308
2718 4981
2718 4931
2718 3925
2718 7496
2719 7935
2719 7084
2719 4618
2720 6545
2720 8488
2720 8328
2720 8256
2720 7598
2720 7469
2720 7456
2720 5924
2720 5620
2720 5365
2720 4050
2720 2838
2721 7496
2722 6772
2722 8749
2722 6488
2722 5862
2722 5476
2722 5281
2722 5112
2722 4957
2722 8301
2722 7298
2722 6429
2722 5097
2722 4687
2722 3935
2723 8571
2723 7086
2723 6775
2723 4339
2723 6414
2723 3992
2724 8178
2724 8118
2724 7983
2724 7723
2724 7239
2724 6606
2724 6571
2724 4071
2724 2748
2724 8633
2724 6646
2724 6637
2724 5943
2724 5385
2725 5976
2725 3166
2725 2773
2725 8291
2725 8117
2725 7990
2725 7960
2725 7059
2725 6570
2725 4685
2725 4453
2725 3463
2726 3977
2726 8641
2726 8220
2726 7951
2726 7878
2726 7766
2726 6648
2726 6559
2726 5944
2726 5787
2726 5199
2726 4840
2726 4085
2726 3668
2726 3664
2726 3463
2726 3354
2726 2764
2726 8665
2726 8371
2726 8038
2726 7452
2726 7291
2726 7260
2726 7131
2726 6952
2726 6634
2726 5203
2726 4858
2726 4107
2726 3863
2726 3313
2726 3266
2727 3907
2727 8080
2727 6830
2727 6065
2727 4761
2727 3946
2727 3426
2727 7366
2727 3395
2728 7606
2728 7490
2728 5355
2728 3255
2728 8533
2728 8478
2728 8133
2728 7787
2728 7761
2728 7448
2728 7400
2728 7116
2728 6949
2728 6832
2728 6019
2728 5373
2728 5107
2728 3754
2728 3753
2728 3256
2728 8475
2728 8257
2728 7659
2728 6616
2728 6358
2728 6000
2728 5947
2728 5098
2728 3666
2728 3062
2728 2818
2729 6030
2729 4698
2729 3031
2729 8000
2729 7763
2729 7290
2729 5864
2729 4934
2729 4552
2729 4505
2730 3714
2730 3647
2730 8537
2730 8255
2730 8223
2730 7979
2730 7723
2730 5956
2730 5571
2730 5175
2730 5174
2730 2992
2730 8214
2730 8060
2730 6673
2730 6649
2730 6007
2731 8539
2731 8083
2731 7878
2731 6096
2731 4945
2731 4278
2731 8736
2731 8718
2731 8538
2731 7978
2731 7888
2731 7386
2731 4047
2731 3775
2731 3258
2731 6652
2731 5759
2731 4702
2732 7322
2732 6989
2732 4911
2732 2842
2732 8536
2732 8479
2732 8321
2732 7368
2732 6614
2732 6032
2732 3285
2732 2819
2732 8127
2732 6858
2732 2809
2733 8220
2733 6618
2733 6614
2733 6580
2733 4861
2733 8725
2733 8329
2733 8238
2733 7576
2733 7372
2733 7149
2733 7142
2733 6950
2733 5922
2733 5506
2733 4929
2733 4556
2733 3747
2733 3683
2733 2837
2733 7250
2733 3610
2734 8328
2734 8062
2734 6987
2734 6650
2734 3257
2734 2829
2734 8722
2734 8437
2734 8320
2734 8289
2734 8209
2734 8206
2734 7409
2734 7372
2734 6689
2734 5472
2734 5035
2734 4956
2734 5073
2734 4950
2734 3824
2735 8668
2735 8638
2735 7912
2735 7744
2735 7260
2735 5453
2735 4838
2735 3590
2735 8758
2735 8189
2735 5396
2735 4112
2735 2911
2736 8125
2736 6987
2736 5119
2736 4936
2736 8585
2736 8514
2736 5897
2736 5630
2736 5586
2736 5292
2736 5263
2736 2789
2736 8115
2736 6731
2736 6362
2736 5912
2736 4824
2736 4288
2736 3296
2737 8087
2737 6779
2737 6369
2737 3463
2737 3390
2737 8668
2737 8573
2737 8351
2737 7652
2737 5959
2737 3519
2737 3305
2737 8189
2738 5774
2738 5505
2738 5261
2738 3639
2738 3235
2738 3019
2738 6752
2738 6508
2738 3720
2738 4785
2739 8373
2739 8370
2739 6114
2739 5694
2739 4944
2739 4605
2739 3209
2739 3150
2739 8307
2739 7865
2739 7828
2739 7345
2739 7285
2739 5515
2739 5113
2739 4946
2739 2993
2740 6607
2740 3977
2740 8577
2740 8107
2740 7826
2740 6013
2740 5507
2740 5469
2740 4560
2740 3809
2740 3771
2740 7380
2740 6945
2740 6487
2740 5991
2740 2950
2741 7502
2741 2911
2741 3442
2742 6808
2742 5910
2742 8719
2742 8348
2742 8280
2742 6033
2742 5774
2742 5768
2742 5634
2742 4313
2742 3803
2742 2793
2742 8254
2742 8128
2742 7557
2742 6360
2742 5644
2742 2881
2743 6262
2743 4154
2744 7797
2744 4234
2744 3760
2744 8703
2744 8469
2744 8339
2744 7640
2744 7475
2744 7427
2744 7300
2744 6606
2744 6174
2744 6115
2744 5778
2744 3254
2744 3102
2744 3060
2744 3001
2744 2829
2744 8664
2744 8262
2744 7914
2744 7626
2744 5617
2744 5382
2744 5308
2744 5149
2746 8274
2746 7700
2746 7118
2746 5801
2746 5757
2746 5504
2746 4456
2746 8699
2746 8215
2746 7501
2746 6889
2746 6768
2746 6392
2746 6033
2746 5966
2746 5775
2746 5278
2746 5272
2746 4985
2746 4485
2746 8609
2746 7695
2746 7209
2746 6131
2746 5275
2746 3796
2746 2870
2747 6581
2747 6564
2747 7194
2748 6989
2748 6860
2748 4280
2748 8756
2748 8639
2748 8557
2748 8399
2748 8313
2748 8220
2748 7791
2748 5836
2748 5803
2748 5747
2748 3341
2748 3321
2748 2933
2748 2888
2748 8554
2748 8547
2748 8183
2748 8152
2748 7914
2748 6536
2748 5804
2748 5745
2748 5448
2748 4963
2748 3948
2749 8651
2749 8323
2749 8275
2749 8187
2749 8032
2749 7789
2749 7654
2749 7628
2749 6963
2749 6952
2749 6945
2749 6925
2749 6000
2749 5684
2749 5509
2749 3948
2749 3098
2749 8344
2749 8190
2749 6446
2749 6312
2749 4611
2750 7967
2750 7720
2750 6626
2750 5168
2750 4548
2750 4545
2750 2984
2750 2767
2750 8714
2750 8467
2750 8119
2750 8083
2750 6861
2750 6343
2750 5799
2750 4599
2750 8214
2750 7628
2751 3432
2751 6754
2753 5650
2753 7360
2753 4464
2755 6339
2756 5827
2757 7237
2757 8532
2757 8359
2757 6604
2757 5682
2757 5470
2757 5726
2757 5197
2758 5131
2758 5504
2758 5171
2760 6294
2760 5573
2760 4926
2760 8138
2761 4711
2761 8075
2762 8515
2762 8178
2762 7317
2762 5616
2762 8359
2762 8196
2762 8057
2762 7973
2762 7290
2762 7265
2762 4934
2762 3252
2762 2886
2762 8552
2763 8425
2763 7337
2763 6123
2764 8714
2764 8081
2764 8059
2764 7717
2764 7468
2764 6234
2764 5948
2764 5302
2764 5095
2764 3249
2764 2819
2764 8701
2764 8252
2764 8160
2764 8152
2764 8055
2764 7702
2764 7107
2764 7072
2764 6943
2764 6940
2764 6689
2764 5615
2764 5024
2764 4623
2764 3748
2765 2785
2765 8169
2765 8007
2765 7144
2765 7058
2765 6887
2765 6639
2765 5965
2765 5148
2765 4944
2765 2839
2765 2816
2765 8211
2765 8129
2765 7955
2765 7601
2765 7491
2765 6324
2765 5156
2765 5083
2765 4958
2765 4939
2765 4929
2766 8539
2766 6951
2766 6651
2766 6359
2766 5084
2766 4928
2766 4830
2766 8640
2766 8210
2766 8149
2766 8106
2766 7914
2766 7840
2766 7751
2766 6872
2766 5972
2766 5897
2766 4946
2766 3110
2766 2827
2766 8028
2766 4702
2766 2820
2767 4533
2767 8703
2767 8647
2767 8034
2767 6691
2768 8700
2768 8661
2768 8586
2768 8221
2768 8140
2768 7300
2768 6638
2768 5861
2768 4554
2768 3095
2768 8695
2768 8364
2768 8326
2768 8250
2768 7741
2768 7628
2768 6309
2768 5904
2768 5866
2768 5795
2768 5782
2768 5264
2768 5059
2768 4956
2768 4601
2768 4097
2768 3948
2768 3769
2768 3461
2769 4889
2769 2906
2769 8665
2769 8036
2769 7817
2769 7288
2769 5364
2769 7525
2769 6397
2770 7013
2771 6692
2771 7955
2771 7350
2771 5586
2771 4752
2771 3591
2771 3546
2771 4776
2771 3043
2773 3521
2773 8081
2773 7293
2773 5961
2773 5941
2773 3234
2773 2942
2773 2791
2774 8067
2774 5044
2774 4752
2774 3561
2775 8180
2775 8660
2775 8584
2775 8290
2775 8188
2775 8173
2775 6535
2775 6185
2775 4761
2775 2958
2775 8258
2775 7107
2775 5086
2775 3062
2775 2874
2776 8635
2776 8508
2776 8326
2776 7849
2776 7660
2776 7580
2776 5600
2776 5194
2776 5059
2776 8758
2776 3193
2777 7797
2777 5099
2777 3813
2777 8519
2777 8062
2777 7592
2777 7575
2777 7468
2777 6647
2777 6230
2777 5354
2777 4456
2777 3108
2777 2867
2777 2852
2777 8041
2777 7789
2777 7737
2777 6341
2777 3507
2779 8405
2779 4164
2779 8197
2779 7117
2779 6613
2779 5569
2779 5231
2779 4968
2779 4016
2779 7403
2779 6946
2779 6230
2779 4948
2779 3955
2779 3342
2779 3212
2779 2805
2781 7528
2781 8121
2781 6650
2781 6372
2781 5670
2781 4932
2781 4331
2781 3027
2781 3098
2782 6089
2783 7814
2783 7314
2783 3387
2783 8074
2783 6687
2783 3358
2783 3330
2783 3252
2783 6652
2783 5938
2783 5658
2784 6966
2784 4155
2785 7644
2785 4651
2785 3806
2785 8581
2785 8078
2785 7377
2785 7272
2785 7229
2785 6688
2785 5965
2785 5801
2785 4959
2785 3789
2785 3770
2786 8577
2786 8159
2786 8066
2786 8040
2786 7881
2786 6942
2786 5381
2786 3345
2786 3270
2786 8414
2786 8196
2786 7770
2786 7743
2786 5870
2786 4858
2786 3792
2786 3722
2786 3107
2787 8171
2787 6921
2787 6877
2787 4916
2787 3595
2787 2884
2787 7379
2787 6941
2787 6940
2787 6392
2787 5732
2787 5082
2787 4688
2787 6446
2788 7867
2788 4927
2788 2818
2788 7387
2788 6826
2788 6508
2788 4544
2788 2935
2789 8586
2789 8123
2789 7538
2789 3823
2789 3155
2789 8588
2789 8374
2789 8316
2789 6975
2789 6585
2789 6175
2789 5946
2789 5178
2789 3854
2789 3597
2789 8190
2789 7173
2789 3100
2790 7062
2790 6892
2790 5492
2790 5296
2790 3825
2790 8704
2790 7881
2790 7640
2791 8625
2791 8484
2791 8309
2791 8205
2791 7816
2791 7253
2791 7125
2791 7054
2791 6595
2791 5776
2791 5481
2791 3626
2791 3253
2791 2942
2791 8462
2791 8326
2791 8305
2791 8265
2791 8203
2791 8185
2791 8154
2791 7856
2791 7446
2791 7318
2791 7232
2791 5446
2791 4963
2791 4952
2791 4817
2791 4637
2791 3268
2792 3304
2792 6612
2792 6408
2792 4946
2792 3101
2792 8352
2792 7883
2792 6421
2792 5240
2792 4268
2793 8642
2793 7448
2793 7428
2793 7310
2793 7303
2793 7300
2793 7144
2793 6849
2793 6512
2793 6369
2793 6019
2793 4840
2793 3695
2793 8273
2793 8270
2793 8222
2793 8129
2793 7702
2793 7501
2793 7379
2793 7284
2793 7127
2793 7016
2793 5949
2793 4931
2793 4033
2793 3939
2793 3775
2793 3323
2793 5158
2794 8432
2794 8316
2794 6966
2794 5974
2794 5228
2794 4836
2794 3781
2794 3761
2794 3430
2794 3107
2794 7339
2794 3536
2795 8309
2795 7786
2795 8327
2795 8293
2795 8149
2795 7430
2795 7203
2795 7127
2795 7060
2795 6903
2795 6015
2795 4444
2795 4103
2795 3939
2795 3313
2795 4950
2796 8178
2796 7400
2796 6618
2796 5899
2796 8150
2796 7914
2796 6585
2796 5953
2796 5277
2796 4365
2796 3975
2796 3239
2796 6794
2797 3889
2798 5238
2798 4190
2798 3647
2800 6391
2802 4308
2804 6412
2804 3614
2804 7209
2804 4129
2805 8334
2805 7997
2805 6056
2805 3248
2805 8671
2805 8279
2805 7871
2805 7783
2805 7466
2805 6983
2805 6516
2805 5960
2805 5319
2805 3772
2806 6892
2806 5970
2806 8451
2806 7598
2806 7278
2806 6939
2806 4514
2806 4131
2806 4085
2806 3750
2806 3148
2806 7639
2806 6943
2806 5784
2807 6860
2807 6685
2807 6357
2807 3697
2808 3316
2808 3739
2809 7365
2809 6951
2809 6852
2809 6234
2809 5659
2809 4494
2809 8643
2809 8315
2809 8209
2809 8204
2809 8138
2809 5025
2809 4757
2809 7637
2809 3755
2810 6874
2810 5179
2810 7746
2810 7426
2810 4315
2810 3345
2810 3196
2810 8524
2810 7683
2810 6974
2811 8121
2811 6448
2811 2852
2811 8209
2811 8147
2811 7882
2811 5291
2811 4592
2811 3851
2811 5349
2811 5266
2811 5165
2811 4674
2811 3922
2811 3515
2812 8050
2812 3311
2812 8702
2812 8036
2812 7379
2812 7298
2812 7259
2812 6889
2812 5991
2812 5745
2812 4485
2812 3019
2812 2827
2812 8609
2812 8579
2812 3198
2813 7928
2813 7911
2813 7774
2813 7148
2813 6270
2813 3582
2813 7198
2813 6618
2813 5699
2813 4667
2813 4454
2813 3952
2813 3390
2813 3099
2813 3085
2813 6566
2813 5770
2813 4327
2814 7614
2814 8031
2814 8030
2814 7836
2814 7652
2814 7465
2814 5974
2814 5385
2814 5341
2814 4616
2814 4489
2814 3394
2814 8419
2814 8276
2814 8105
2814 6466
2814 5993
2814 5968
2814 5806
2814 5349
2814 4975
2814 4915
2814 4460
2814 3353
2814 3119
2815 6587
2815 5023
2815 3995
2815 8625
2815 8467
2815 8309
2815 8044
2815 8037
2815 6568
2815 5395
2815 5171
2815 3328
2815 2833
2815 8624
2815 8583
2815 8481
2815 7370
2815 6467
2815 6018
2815 5947
2815 5383
2815 5368
2815 3235
2815 2975
2816 5547
2816 8436
2816 6987
2816 6183
2816 5899
2816 5337
2816 5270
2816 4914
2816 3771
2816 3728
2816 3080
2816 8112
2816 7756
2816 7279
2816 5959
2816 5102
2816 2995
2817 8671
2817 8282
2817 7984
2817 5939
2817 5791
2817 5454
2817 5384
2817 4769
2817 3603
2817 3060
2817 2934
2817 8590
2817 7558
2817 7249
2817 6858
2817 4700
2817 4525
2817 3683
2817 2946
2818 7635
2818 7514
2818 7478
2818 6744
2818 6185
2818 5753
2818 5601
2818 4331
2818 3080
2818 8715
2818 8262
2818 8248
2818 8103
2818 7630
2818 6426
2818 5866
2818 5368
2818 4314
2818 3783
2818 3773
2818 3796
2819 8521
2819 3613
2819 8058
2819 7903
2819 7680
2819 7468
2819 7422
2819 6469
2819 6013
2819 5704
2819 5359
2819 5144
2819 4647
2819 4071
2819 3770
2819 3655
2819 3322
2819 8662
2819 8549
2819 8538
2819 8314
2819 8057
2819 7955
2819 7617
2819 7066
2819 5957
2819 5382
2820 8553
2820 8166
2820 8002
2820 7133
2820 7124
2820 5335
2820 4692
2820 3939
2820 3744
2820 7958
2820 7557
2820 4816
2820 3353
2820 3296
2820 2857
2821 8714
2821 8431
2821 7413
2821 7313
2821 7311
2821 5778
2821 5508
2821 5114
2821 4930
2821 4765
2821 4471
2821 3904
2821 3753
2821 8640
2821 8585
2821 8203
2821 8177
2821 8064
2821 7628
2821 7386
2821 6925
2821 5794
2821 5548
2821 5261
2821 5024
2821 4720
2821 3963
2821 3856
2821 3251
2822 7791
2822 7469
2822 5802
2822 5454
2822 8250
2822 8108
2822 7972
2822 7849
2822 7639
2822 7114
2822 5808
2822 4735
2822 3853
2822 3590
2822 2913
2822 8419
2822 8413
2822 5370
2823 8751
2823 8284
2823 6689
2823 6175
2823 5951
2823 5782
2823 5263
2823 8446
2823 7542
2823 7397
2823 5780
2823 5128
2823 5034
2823 4762
2823 3824
2824 8143
2824 7998
2824 7793
2824 6698
2824 6559
2824 6512
2824 5220
2824 8722
2824 6956
2824 5808
2824 5252
2824 5083
2824 4310
2824 3403
2825 8205
2825 7296
2825 7257
2825 6390
2825 5971
2825 5407
2825 4591
2825 8729
2825 8573
2825 8033
2825 7656
2825 7124
2825 7045
2825 6952
2825 5820
2825 5552
2825 5218
2825 4365
2825 3018
2826 8740
2826 7787
2826 7427
2826 7415
2826 7311
2826 7125
2826 6343
2826 5944
2826 5279
2826 4607
2826 3080
2826 8640
2826 8265
2826 8141
2826 7740
2826 7369
2826 7309
2826 7285
2826 7071
2826 6135
2826 5618
2826 5210
2826 4863
2826 4543
2826 4207
2826 3803
2826 3775
2827 8740
2827 8081
2827 7207
2827 6958
2827 5270
2827 4599
2827 3730
2827 3626
2827 3463
2827 8715
2827 8460
2827 7891
2827 7654
2827 6952
2827 6903
2827 5467
2827 4213
2827 3975
2827 3931
2827 3629
2827 3316
2827 4665
2828 8753
2828 8070
2828 7992
2828 7797
2828 4875
2828 4527
2828 3042
2828 8667
2828 8469
2828 8202
2828 8165
2828 8143
2828 7881
2828 7761
2828 7475
2828 7308
2828 6983
2828 6067
2828 4943
2828 3905
2828 3776
2828 3115
2828 3085
2829 7407
2829 7241
2829 7187
2829 4234
2829 8704
2829 7814
2829 7471
2829 7400
2829 7367
2829 7229
2829 6133
2829 5971
2829 5211
2829 5116
2829 4928
2829 4634
2829 3952
2829 3539
2829 3328
2829 3109
2829 3085
2829 2996
2829 8150
2829 7442
2829 5055
2829 4863
2829 3925
2829 2925
2830 5397
2830 5210
2830 5194
2830 5170
2830 3921
2830 3117
2830 2998
2830 2957
2830 6134
2830 4595
2830 2922
2831 8720
2831 8572
2831 8304
2831 7443
2831 6854
2831 5116
2831 3356
2831 3354
2831 3027
2831 8746
2831 8055
2831 7291
2831 6483
2831 6392
2831 5866
2831 5272
2831 4946
2831 4909
2831 4888
2831 3231
2832 7454
2832 5608
2832 4286
2832 3990
2832 3536
2833 7982
2833 7322
2833 6989
2833 4911
2833 8756
2833 8663
2833 8461
2833 8140
2833 8104
2833 6942
2833 6847
2833 6114
2833 5532
2833 5469
2833 5123
2833 5121
2833 4581
2833 3658
2833 3605
2833 3595
2833 3256
2833 8623
2833 8308
2833 8106
2833 7626
2833 7142
2833 6358
2833 5614
2833 5086
2833 4649
2833 3948
2833 3854
2833 3848
2833 2995
2834 5833
2834 3186
2835 8321
2835 8173
2835 7680
2835 7675
2835 6810
2835 6520
2835 6300
2835 6105
2835 6066
2835 5830
2835 4987
2835 3354
2835 8549
2835 7350
2835 7285
2835 5955
2835 5101
2835 4858
2835 4600
2835 3732
2835 3194
2835 2899
2836 8571
2836 4142
2836 3653
2836 7092
2837 8586
2837 8433
2837 7680
2837 7627
2837 7590
2837 7483
2837 7320
2837 7317
2837 6951
2837 5116
2837 4860
2837 4749
2837 3131
2837 2909
2837 8475
2837 8281
2837 8259
2837 8137
2837 7795
2837 7290
2837 7284
2837 6426
2837 6098
2837 5618
2837 4518
2837 3404
2837 3079
2837 4762
2837 3715
2838 8381
2838 7187
2838 5889
2838 8048
2838 7211
2838 5940
2838 5872
2838 5346
2838 5192
2838 8329
2838 6654
2838 6544
2838 5761
2838 4035
2839 6003
2839 8557
2839 8431
2839 8282
2839 8223
2839 7739
2839 7723
2839 7455
2839 7417
2839 6887
2839 6629
2839 6561
2839 5960
2839 5845
2839 5830
2839 4943
2839 4287
2839 3668
2839 3326
2839 2997
2839 8745
2839 8736
2839 8723
2839 8662
2839 8029
2839 7849
2839 7283
2839 7271
2839 6009
2839 5824
2839 4946
2839 4871
2839 3608
2840 8274
2840 5365
2840 4766
2840 4452
2840 7348
2840 7254
2840 7100
2840 6632
2840 5634
2840 5615
2840 5252
2840 4031
2840 3264
2840 2874
2841 8586
2841 8539
2841 8291
2841 5798
2841 3946
2841 8698
2841 8329
2841 8103
2841 7994
2841 7196
2841 7003
2841 6608
2841 5628
2841 5408
2841 5228
2841 5203
2841 5115
2841 4953
2841 4823
2841 4542
2841 3945
2841 3726
2841 3260
2841 3134
2841 2950
2841 8218
2841 8189
2841 5275
2841 4602
2842 7582
2842 7286
2842 7217
2842 7109
2842 4965
2842 8480
2842 7041
2842 6951
2842 5755
2842 5567
2842 3955
2842 3785
2842 3096
2843 8670
2843 7128
2843 6626
2843 4968
2843 8712
2843 8260
2843 7951
2843 7811
2843 7766
2843 7293
2843 6390
2843 6298
2843 5998
2843 5944
2843 5769
2843 5602
2843 5567
2843 5214
2843 4861
2843 3306
2843 2997
2844 6693
2844 3272
2844 5283
2845 8517
2845 6556
2845 6456
2845 8326
2845 8153
2845 7776
2845 7214
2845 7131
2845 7107
2845 3152
2845 6679
2845 6439
2845 3343
2846 4123
2846 3546
2847 4876
2847 3206
2847 3054
2847 8582
2847 7819
2847 7282
2847 5114
2847 3764
2848 6911
2848 6170
2848 4565
2848 8089
2849 8223
2849 6951
2849 6921
2849 6366
2849 5956
2849 5942
2849 5862
2849 4596
2849 4562
2849 8109
2849 7451
2849 5794
2849 5342
2849 4774
2850 8480
2850 8199
2850 7976
2850 6556
2850 6366
2850 4831
2850 3365
2850 8621
2850 8430
2850 8195
2850 8146
2850 8064
2850 8023
2850 7149
2850 7060
2850 6640
2850 4529
2850 3863
2850 8743
2850 6186
2850 3008
2851 7417
2851 7365
2851 6692
2851 5756
2851 5366
2851 5334
2851 4736
2851 4179
2851 3203
2851 8664
2851 8265
2851 7653
2851 7617
2851 7420
2851 6322
2851 6309
2851 4822
2852 8752
2852 8159
2852 7951
2852 7787
2852 7121
2852 5787
2852 4961
2852 4959
2852 4273
2852 3112
2852 8538
2852 7794
2852 7593
2852 7452
2852 6436
2852 6367
2852 5551
2852 5178
2852 5030
2853 7860
2853 8578
2853 8042
2853 6326
2853 5894
2853 4724
2853 8433
2853 8221
2853 8173
2853 7671
2853 7511
2853 7282
2853 6808
2853 5352
2853 4943
2853 3777
2853 3247
2853 2996
2854 8574
2854 8291
2854 5862
2854 2994
2854 8153
2854 7957
2854 7601
2854 7309
2854 7297
2854 5943
2854 5511
2854 5446
2854 5210
2854 3323
2854 8014
2854 7637
2854 7594
2854 6653
2854 6421
2854 5581
2854 5177
2854 5165
2855 4278
2855 8481
2855 8315
2855 7694
2855 6929
2855 6018
2855 5348
2855 5029
2855 4913
2855 4430
2855 3152
2855 8580
2855 6999
2855 6491
2855 3044
2856 8561
2856 6846
2857 7861
2857 5912
2857 4549
2857 3914
2859 3581
2859 7836
2859 7597
2859 4327
2862 8694
2865 8395
2865 3129
2866 8339
2866 6939
2866 5620
2866 5295
2866 4685
2866 3943
2866 7656
2866 7336
2866 6707
2866 5513
2866 5236
2866 4107
2866 7341
2867 6916
2867 6856
2867 4172
2867 3318
2867 8659
2867 8582
2867 8502
2867 8479
2867 8225
2867 8024
2867 7881
2867 7673
2867 7253
2867 7191
2867 6836
2867 6320
2867 5620
2867 8113
2867 5385
2867 3152
2868 5931
2868 8476
2868 8089
2868 7916
2868 5612
2868 4593
2868 3750
2868 3626
2869 6992
2869 6772
2869 6643
2869 5805
2869 4555
2869 2985
2869 8433
2869 8022
2869 7813
2869 6949
2869 6342
2869 3776
2869 3133
2870 8041
2870 7315
2870 8439
2870 8091
2870 7424
2870 6272
2870 3033
2872 8659
2872 8645
2872 7823
2872 7491
2872 7386
2872 7097
2872 5617
2872 5477
2872 5446
2872 4526
2874 8517
2874 8089
2874 7287
2874 6921
2874 5469
2874 5395
2874 8742
2874 8683
2874 8592
2874 7604
2874 6952
2874 6566
2874 5732
2874 3803
2874 3724
2874 3077
2874 6777
2874 5206
2874 5158
2875 3804
2876 8714
2876 8178
2876 8163
2876 7819
2876 5753
2876 4781
2876 4604
2876 3131
2876 8320
2876 8212
2876 8029
2876 7842
2876 7839
2876 7628
2876 6009
2876 5203
2876 4649
2876 3948
2876 3152
2876 3461
2877 7564
2878 8656
2878 8297
2878 8250
2878 8196
2878 8076
2878 8031
2878 7476
2878 7039
2878 6135
2878 6015
2878 5083
2878 3939
2878 3691
2878 3167
2878 8413
2878 8254
2878 7070
2878 6694
2878 5748
2878 5247
2878 5104
2878 4379
2878 3237
2878 3068
2878 5343
2879 5345
2879 8084
2879 5095
2879 3355
2880 7075
2880 8105
2880 7084
2880 4676
2881 7625
2881 4707
2881 4142
2881 7732
2881 6186
2882 3102
2883 8740
2883 6979
2883 5981
2883 8553
2883 8351
2883 7124
2883 6367
2883 4816
2884 6176
2884 4916
2885 8603
2885 7911
2885 6514
2885 3563
2885 8677
2885 8459
2885 6691
2885 6636
2885 6395
2885 6013
2885 5262
2885 4338
2885 4085
2886 8102
2886 6123
2886 4747
2886 7152
2886 6771
2886 5726
2887 7482
2887 5748
2887 7543
2887 4330
2888 8681
2888 8667
2888 8557
2888 8058
2888 7881
2888 7449
2888 7198
2888 6939
2888 6681
2888 5346
2888 5294
2888 5160
2888 5119
2888 3463
2888 3309
2888 3289
2888 3143
2888 7804
2888 7380
2888 7196
2888 7068
2888 6640
2888 6436
2888 6011
2888 4958
2888 3220
2889 7551
2889 7527
2889 4885
2890 7431
2890 3818
2890 7416
2890 7322
2890 6132
2890 3449
2890 8511
2890 7480
2890 6559
2890 6343
2890 5336
2890 5116
2890 4870
2891 2976
2892 5706
2892 7997
2892 4763
2892 3153
2893 4744
2893 6906
2894 7682
2894 6059
2894 4854
2894 3697
2894 7971
2894 7624
2894 7328
2895 8075
2895 7832
2895 8711
2895 6093
2896 7684
2896 6118
2896 3825
2896 3177
2896 3367
2897 6659
2898 8632
2898 4792
2898 2985
2898 7321
2899 5730
2899 8573
2899 8551
2899 8194
2899 8164
2899 8152
2899 7858
2899 7856
2899 7756
2899 6583
2899 5467
2899 5156
2899 3807
2899 3124
2899 8760
2899 8300
2899 7519
2899 7378
2899 3300
2900 7915
2900 7715
2900 3451
2900 3135
2901 6219
2901 8097
2901 7950
2901 6778
2901 6081
2901 5976
2901 7399
2901 7182
2901 7135
2901 6343
2901 5372
2901 3693
2902 4457
2902 3802
2902 3764
2903 6421
2904 6980
2904 6489
2904 6325
2904 4590
2904 3139
2905 3046
2905 4836
2906 5112
2906 4598
2906 8215
2906 6898
2906 4621
2907 6619
2907 5702
2907 5279
2907 2983
2907 7716
2907 6135
2907 5383
2908 8440
2908 4987
2908 8287
2908 8217
2908 7610
2908 7394
2908 3319
2909 7187
2909 8433
2909 8363
2909 8309
2909 8221
2909 8199
2909 7786
2909 7759
2909 7635
2909 6034
2909 4647
2909 4141
2909 4087
2909 3776
2909 8265
2909 8106
2909 7764
2909 7580
2909 7274
2909 7203
2909 6689
2909 6392
2909 6112
2909 5364
2909 3676
2910 7967
2910 4965
2910 3255
2910 8377
2910 8007
2910 7693
2910 6539
2910 5681
2910 5384
2910 5119
2910 4050
2910 3826
2911 8621
2911 8527
2911 6582
2911 3091
2911 7632
2911 6508
2911 5676
2911 4824
2911 3319
2911 2979
2912 8660
2912 8537
2912 8165
2912 8037
2912 7835
2912 7428
2912 8754
2912 8257
2912 7591
2912 5101
2913 7191
2913 6779
2913 6448
2913 5144
2913 4971
2913 4604
2913 3923
2913 3905
2913 3826
2913 3789
2913 8371
2913 5102
2913 5007
2913 4910
2913 3293
2913 7596
2913 7564
2914 8521
2914 7065
2914 6002
2914 4280
2914 5354
2914 3115
2914 8588
2914 8473
2914 8316
2914 7290
2914 6950
2914 4291
2914 3507
2914 3251
2915 7828
2915 7259
2915 6775
2915 4095
2915 6714
2916 8722
2916 8301
2916 7953
2916 7798
2916 7624
2916 7372
2916 7256
2916 6899
2916 6898
2916 6543
2916 5990
2916 5866
2916 5369
2916 4760
2916 4609
2916 7224
2916 6972
2916 6347
2916 4741
2917 8225
2917 7746
2917 6456
2917 5151
2917 8643
2917 8493
2917 8483
2917 8301
2917 8281
2917 8194
2917 8146
2917 7698
2917 7501
2917 6943
2917 6108
2917 5447
2917 5055
2917 4958
2917 3856
2917 3752
2917 8110
2917 7496
2917 7250
2917 6508
2917 6169
2917 5781
2917 4221
2917 3746
2918 8601
2918 8489
2918 8316
2918 8289
2918 8238
2918 8031
2918 7957
2918 7804
2918 7251
2918 6188
2918 5951
2918 4690
2918 3781
2918 3708
2918 6752
2918 6695
2918 6560
2918 6050
2918 5394
2918 5075
2918 4549
2918 3378
2919 6304
2920 7128
2920 3855
2920 3655
2920 3102
2920 5315
2920 5053
2920 4933
2920 3722
2921 7486
2921 7020
2921 3168
2922 8650
2922 7741
2922 6356
2922 3351
2922 8218
2922 7519
2922 7079
2922 3800
2922 3291
2922 6507
2923 4440
2923 5587
2923 3244
2923 3745
2924 3993
2924 3361
2924 8112
2924 6585
2925 8225
2925 7964
2925 5802
2925 3108
2925 8673
2925 8317
2925 7955
2925 7630
2925 7336
2925 6776
2925 5344
2925 4871
2925 4047
2925 3236
2925 3157
2926 7303
2926 6981
2926 6849
2926 4452
2926 7348
2926 7047
2926 4213
2926 6360
2926 3896
2927 8677
2927 8205
2927 8200
2927 7951
2927 7759
2927 7478
2927 7098
2927 6559
2927 6376
2927 6370
2927 5787
2927 5616
2927 5366
2927 4914
2927 3599
2927 3593
2927 3154
2927 8485
2927 8326
2927 8250
2927 8216
2927 8149
2927 7789
2927 7473
2927 7298
2927 4981
2927 4775
2928 7830
2928 3166
2928 8658
2928 8655
2928 8403
2928 8010
2928 7813
2928 7395
2928 5944
2928 5788
2928 5121
2928 3774
2928 3771
2928 3655
2928 3247
2928 3203
2929 5299
2929 3977
2929 3489
2929 3028
2929 8572
2929 8143
2929 8083
2929 7466
2929 7441
2929 7135
2929 7116
2929 6835
2929 6418
2929 6359
2929 6034
2929 5747
2929 5481
2929 4983
2929 4593
2929 4521
2929 3081
2929 8211
2929 7465
2929 5467
2929 3676
2929 3235
2930 8671
2930 8461
2930 7977
2930 7118
2930 6645
2930 6366
2930 4862
2930 4740
2930 3643
2930 8698
2930 7993
2930 7298
2930 6603
2930 6583
2930 6547
2930 5768
2930 5444
2930 5252
2930 3330
2931 8318
2931 8295
2931 8250
2931 8113
2931 7630
2931 6889
2931 6675
2931 5086
2931 4547
2931 3339
2931 3138
2931 3062
2931 3061
2931 6565
2931 5128
2931 3343
2932 7314
2932 5962
2932 5602
2932 3356
2932 3154
2932 8757
2932 8738
2932 8633
2932 8303
2932 7794
2932 7270
2932 6940
2932 6605
2932 6324
2932 8675
2932 3376
2932 2972
2933 8426
2933 7614
2933 5860
2933 5223
2933 5022
2933 3850
2933 3381
2933 3060
2933 8710
2933 8646
2933 8585
2933 8247
2933 6952
2933 6703
2933 6352
2933 5990
2933 5007
2933 4690
2933 4035
2934 8004
2934 3647
2934 3206
2934 8641
2934 8488
2934 8291
2934 8261
2934 8025
2934 7469
2934 7455
2934 7317
2934 6949
2934 6300
2934 6019
2934 5474
2934 4619
2934 3965
2934 3728
2934 3302
2934 2992
2934 8592
2934 8473
2934 8160
2934 7978
2934 5631
2934 4614
2935 8460
2935 8055
2935 7953
2935 7703
2935 6941
2935 6608
2935 6426
2935 5261
2935 4720
2935 5993
2935 5718
2936 5461
2936 6328
2936 5734
2936 3862
2936 8311
2936 8207
2936 7929
2936 7759
2936 7642
2936 7303
2936 7118
2936 6012
2936 5619
2936 4955
2936 3962
2936 3687
2937 8575
2937 8265
2937 8196
2937 7285
2937 6956
2937 3676
2937 3590
2937 7863
2937 5503
2938 8574
2938 6852
2938 6621
2938 8323
2938 7953
2938 7818
2938 6322
2938 5308
2938 4504
2938 3106
2938 2946
2939 8114
2939 7867
2939 6512
2939 6444
2939 4591
2939 8216
2939 7086
2939 6487
2939 5955
2939 5106
2939 3816
2940 8697
2940 8025
2940 6852
2940 6301
2940 6230
2940 3391
2940 2977
2940 7770
2940 4507
2940 3781
2940 7650
2941 8119
2941 6644
2941 6062
2941 3270
2941 8759
2941 8250
2941 8124
2941 8096
2941 7660
2941 6098
2941 4819
2941 3938
2941 3077
2941 3019
2941 3015
2941 2995
2942 3977
2942 8749
2942 8740
2942 8309
2942 8079
2942 7603
2942 5599
2942 4667
2942 3943
2942 3923
2942 3900
2942 3774
2942 8742
2942 8624
2942 8485
2942 7985
2942 7849
2942 7828
2942 7626
2942 5761
2942 5401
2942 5308
2942 5083
2942 4687
2942 3840
2942 3807
2942 3167
2942 3124
2942 3062
2943 4533
2943 4446
2943 7928
2943 7388
2943 7361
2943 7286
2943 5179
2943 4545
2943 8557
2943 7308
2943 5222
2943 3136
2944 7518
2944 6923
2944 3520
2944 8478
2944 7951
2944 7480
2944 5961
2944 5861
2944 3695
2945 8610
2945 8026
2945 7577
2945 6843
2945 3532
2946 7761
2946 7480
2946 6877
2946 6535
2946 3212
2946 8065
2946 7007
2946 5544
2946 4672
2946 3779
2947 8071
2947 7648
2947 7430
2947 7038
2947 6675
2947 5952
2947 3324
2947 5133
2948 6844
2948 5130
2948 7888
2948 6637
2948 6322
2948 6188
2948 5491
2948 3822
2949 6208
2949 8054
2949 8048
2949 7979
2949 7723
2949 7554
2949 7469
2949 6584
2949 5788
2949 4784
2949 4049
2949 3901
2949 3143
2949 8302
2949 7467
2949 6393
2949 5682
2949 5389
2949 4312
2950 8534
2950 8453
2950 8290
2950 8079
2950 7966
2950 7766
2950 7440
2950 7427
2950 6958
2950 6639
2950 6039
2950 5753
2950 3196
2950 8318
2950 8264
2950 8259
2950 8146
2950 8093
2950 7914
2950 7856
2950 7112
2950 6536
2950 5779
2950 5178
2950 4556
2950 4171
2950 3939
2950 3233
2951 7032
2951 3128
2951 8059
2951 7643
2951 7401
2951 6559
2951 4596
2951 3794
2951 3687
2951 3641
2951 3020
2952 8575
2952 8103
2952 5434
2952 3268
2952 8760
2952 6169
2952 5853
2953 8274
2953 4331
2953 6857
2953 5994
2953 4291
2954 5742
2954 5620
2954 7462
2954 6168
2954 5824
2954 4828
2954 3781
2955 7330
2955 8121
2955 7769
2955 7129
2955 6833
2955 6055
2955 8547
2955 6017
2955 3330
2956 7616
2956 6632
2956 6467
2957 8517
2957 8309
2957 7642
2957 4635
2957 3029
2957 8754
2957 8718
2957 8624
2957 8284
2957 7691
2957 7659
2957 6646
2957 6538
2957 5775
2957 4960
2957 4556
2957 3827
2957 8580
2957 7557
2957 6794
2957 5443
2957 4138
2957 3448
2958 8098
2958 7388
2958 7273
2958 7195
2958 6545
2958 6132
2958 5805
2958 4304
2958 3613
2958 8519
2958 8163
2958 8125
2958 7886
2958 7748
2958 6854
2958 6390
2958 5304
2958 4948
2958 4626
2958 3352
2958 3095
2958 3031
2958 8742
2958 8524
2958 8131
2958 7794
2958 7262
2960 3760
2960 8539
2960 8467
2960 8389
2960 7443
2960 7269
2960 7233
2960 5787
2960 5704
2960 3029
2960 8442
2960 8131
2960 7741
2960 7702
2960 6104
2960 5966
2960 5921
2960 5729
2960 5086
2960 4621
2960 4430
2960 3863
2960 3157
2960 3062
2962 8751
2962 8549
2962 7776
2962 7251
2962 5966
2962 4542
2962 3597
2962 7970
2962 3291
2967 5640
2967 5927
2967 3371
2970 8026
2970 7931
2970 8374
2971 6162
2971 5187
2972 8525
2972 7452
2972 7113
2972 6110
2972 5858
2972 5341
2972 3529
2972 7999
2972 7837
2972 6187
2972 5809
2972 3738
2973 6758
2974 8689
2974 7349
2974 3224
2974 8557
2974 8155
2974 7766
2974 7389
2974 7229
2974 7040
2974 6678
2974 6096
2974 5890
2974 3115
2974 2997
2975 8037
2975 3249
2975 7214
2975 3963
2976 8321
2976 3540
2976 8742
2976 7930
2976 2980
2977 7364
2977 6678
2977 5545
2977 3265
2977 3099
2977 8108
2977 6611
2977 5470
2978 8685
2978 5668
2978 8225
2978 6469
2978 3611
2978 3605
2978 3352
2978 3005
2979 5301
2979 8579
2979 7347
2979 4138
2979 3205
2979 8379
2979 3116
2980 8643
2980 7930
2980 7357
2980 6898
2980 4909
2980 8758
2980 5216
2980 5146
2980 4717
2980 3755
2980 3211
2981 7081
2981 6874
2981 5560
2981 4483
2981 8458
2981 5846
2981 7380
2981 6498
2981 3038
2982 8636
2982 8458
2982 5846
2982 4781
2982 4150
2982 3623
2982 8367
2982 4194
2982 4674
2983 6389
2983 6226
2983 6170
2983 5131
2983 7382
2983 4605
2984 8648
2984 8350
2984 7992
2984 6270
2984 6054
2984 3811
2984 3791
2984 8410
2984 6444
2985 3684
2985 6772
2985 6081
2985 5120
2985 3006
2985 7643
2985 5110
2985 4784
2985 3776
2987 7118
2987 6034
2987 5112
2988 6288
2989 6205
2989 3141
2990 5459
2991 8713
2991 7487
2991 5047
2991 5152
2991 4952
2991 4194
2991 4662
2992 7969
2992 7753
2992 3087
2992 8470
2992 8140
2992 7841
2992 6520
2992 5757
2992 5633
2992 5607
2992 5306
2992 5022
2992 4790
2992 3304
2992 7698
2992 6858
2993 3484
2993 5392
2993 4095
2993 3519
2994 8135
2994 7815
2994 7643
2994 7579
2994 7144
2994 5222
2994 4767
2994 4179
2994 3697
2994 3249
2994 8650
2994 8376
2994 8294
2994 8002
2994 7747
2994 7467
2994 7447
2994 7315
2994 7196
2994 6175
2994 5586
2994 4700
2994 3909
2995 8639
2995 7867
2995 6638
2995 6366
2995 5956
2995 5352
2995 3753
2995 3687
2995 2997
2995 8666
2995 8637
2995 8531
2995 8162
2995 8127
2995 8009
2995 7876
2995 7703
2995 7357
2995 6945
2995 6903
2995 6015
2995 5955
2995 5813
2995 5628
2995 8419
2995 7424
2995 5606
2995 5158
2995 3941
2996 8321
2996 8135
2996 7402
2996 7311
2996 7040
2996 6357
2996 5965
2996 5924
2996 5704
2996 4740
2996 3776
2996 3131
2996 3108
2996 8142
2996 7140
2996 6352
2996 5793
2996 5369
2996 3851
2997 7797
2997 8660
2997 8641
2997 8200
2997 8121
2997 8040
2997 7616
2997 7282
2997 7144
2997 6570
2997 5270
2997 3655
2997 3254
2997 7465
2997 7262
2997 6634
2997 6566
2997 5358
2997 5083
2997 4716
2997 3939
2997 3358
2997 3079
2998 8026
2998 5339
2998 8719
2998 7288
2998 7002
2998 5864
2998 5511
2998 4103
2998 3708
2998 3260
2998 3235
2998 7525
2998 7378
2998 4783
2998 4611
2998 3169
2999 8195
2999 8160
2999 8057
2999 7357
2999 6538
2999 5356
2999 5113
2999 4542
2999 3950
2999 3597
2999 3323
2999 3301
2999 3235
2999 5202
2999 3198
2999 3169
2999 8587
3000 4879
3000 6349
3001 5869
3001 5703
3001 3897
3001 3206
3001 8403
3001 5563
3001 5019
3001 4749
3001 4604
3001 3798
3001 3757
3001 3728
3001 3599
3001 8126
3001 5774
3001 4043
3002 5559
3002 3429
3003 5794
3003 5210
3003 3180
3003 8711
3003 6826
3004 4839
3004 4170
3004 3846
3004 4883
3005 5636
3005 4890
3005 4457
3005 5998
3005 5836
3005 5334
3005 5148
3005 3612
3005 8346
3005 7307
3005 5303
3005 4858
3005 4821
3005 3761
3006 4995
3006 8541
3006 8134
3006 4304
3006 3647
3006 3181
3006 8431
3006 8117
3006 8007
3006 7960
3006 3757
3006 3249
3007 8031
3007 7612
3007 5963
3007 3653
3007 8068
3007 7387
3007 6397
3007 5049
3007 3715
3008 8075
3008 6547
3008 4953
3008 4653
3008 3665
3008 6083
3009 5889
3009 5345
3009 5204
3009 4694
3009 7900
3009 7414
3009 7246
3009 7009
3009 6298
3009 5208
3009 3785
3009 3764
3009 3136
3010 7484
3011 4108
3011 8157
3013 7757
3013 7554
3013 3672
3013 3084
3013 8757
3013 8745
3013 6441
3013 4205
3013 4097
3013 4058
3013 3635
3013 3349
3013 3227
3013 4091
3014 6659
3014 4923
3015 6133
3015 8401
3015 7345
3015 7329
3015 6941
3015 5835
3015 3763
3015 3898
3016 7027
3016 5942
3016 5021
3016 4988
3016 8583
3016 6094
3016 6000
3016 3918
3016 4661
3017 6626
3017 8535
3017 8107
3017 7816
3017 7147
3017 6854
3017 6622
3017 5469
3017 5262
3017 5160
3017 5004
3017 4685
3017 4341
3017 4150
3017 3826
3017 3163
3017 8731
3017 8348
3017 8318
3017 8154
3017 8148
3017 7772
3017 7258
3017 6943
3017 6624
3017 5824
3017 5790
3018 7983
3018 7269
3018 6644
3018 6636
3018 6234
3018 5908
3018 5619
3018 4287
3018 8524
3018 8437
3018 8281
3018 8259
3018 8152
3018 8146
3018 8122
3018 7842
3018 7580
3018 6956
3018 6950
3018 5795
3018 5751
3018 5479
3018 5452
3018 5344
3018 3513
3019 8747
3019 7668
3019 4949
3019 3230
3019 8508
3019 8252
3019 8209
3019 7879
3019 7876
3019 6642
3019 6540
3019 3507
3019 3317
3019 3066
3019 7883
3019 7595
3019 7594
3019 7305
3019 4979
3019 4762
3020 7911
3020 7830
3020 5254
3020 8506
3020 8484
3020 8277
3020 8048
3020 7619
3020 5940
3020 5163
3020 4963
3021 4293
3022 7788
3022 7774
3022 4938
3022 4234
3022 8342
3022 7282
3022 5224
3023 6495
3024 7558
3024 6831
3024 5723
3024 3498
3024 3044
3025 6454
3025 6395
3025 5691
3025 6924
3026 8700
3026 5199
3026 4187
3026 8601
3026 8509
3026 6630
3026 5212
3027 7781
3027 6875
3027 6623
3027 8628
3027 8523
3027 8062
3027 7027
3027 6843
3027 6832
3027 6650
3027 6034
3027 5619
3027 4635
3027 3654
3027 3081
3027 8417
3027 8307
3027 8212
3027 8029
3027 6017
3027 5452
3027 5278
3028 7991
3028 3178
3028 8511
3028 7480
3028 7313
3028 7011
3029 8749
3029 8332
3029 8024
3029 7480
3029 7400
3029 7311
3029 5306
3029 5121
3029 5114
3029 4581
3029 3281
3029 8525
3029 8374
3029 8215
3029 8148
3029 8146
3029 8031
3029 7904
3029 7776
3029 7741
3029 7562
3029 7386
3029 7284
3029 7122
3029 6566
3029 6522
3029 6394
3029 4042
3029 3152
3030 7390
3030 8480
3030 7815
3030 7615
3030 7312
3030 6690
3030 5715
3030 5175
3030 3320
3030 3249
3030 8620
3030 4985
3030 4518
3030 3101
3031 7062
3031 4545
3031 3397
3031 8703
3031 8155
3031 7964
3031 7643
3031 7355
3031 6887
3031 6359
3031 5629
3031 4861
3031 4617
3031 8626
3031 5631
3032 7403
3033 8164
3033 7348
3033 7140
3033 7127
3033 7060
3033 5028
3033 4103
3033 3430
3033 8512
3033 8492
3033 8352
3033 8068
3033 7519
3033 7052
3033 6862
3033 6653
3033 3670
3034 4220
3034 6957
3034 6934
3034 3283
3034 4767
3035 6085
3035 3741
3035 3721
3036 6068
3036 6782
3038 6006
3040 8619
3040 8476
3040 6079
3040 5872
3040 5395
3040 4988
3040 7201
3040 3392
3041 7946
3041 6647
3041 3228
3041 3155
3041 5564
3042 6003
3042 5139
3042 4234
3042 3628
3042 8663
3042 8645
3042 8363
3042 8155
3042 8133
3042 7951
3042 7578
3042 7317
3042 6942
3042 5071
3042 4636
3042 4576
3043 8376
3043 8076
3043 7968
3043 7740
3043 6352
3043 4836
3043 4110
3043 8167
3043 5748
3043 4595
3044 7755
3044 7647
3044 7562
3044 4208
3044 8605
3044 6022
3044 4306
3044 3922
3044 3399
3045 8394
3045 6773
3045 6540
3045 4301
3045 3461
3046 7995
3046 8681
3046 8335
3046 7129
3046 6154
3046 5836
3046 5328
3047 5733
3048 5162
3050 4392
3054 8070
3054 4506
3056 8188
3056 7638
3056 5900
3056 5821
3056 5147
3056 8683
3056 8009
3056 7600
3056 6894
3056 6135
3056 5194
3056 3674
3057 8454
3057 6285
3058 8576
3058 8121
3058 7439
3058 8462
3058 8201
3058 6605
3058 5743
3058 5511
3058 7381
3058 5806
3058 3738
3060 7432
3060 3860
3060 8663
3060 8156
3060 7293
3060 7125
3060 6295
3060 5306
3060 4636
3060 8263
3060 8246
3060 8217
3060 6608
3060 4649
3060 3950
3060 3767
3060 3358
3061 8572
3061 8534
3061 7538
3061 6946
3061 5939
3061 6522
3061 6018
3061 5969
3061 4556
3061 7837
3061 6653
3061 5391
3062 8539
3062 8304
3062 7592
3062 7448
3062 7311
3062 6861
3062 6354
3062 6062
3062 5924
3062 5892
3062 5384
3062 5270
3062 4049
3062 3601
3062 3114
3062 8315
3062 8057
3062 7794
3062 7716
3062 7698
3062 5627
3062 5361
3062 5028
3062 3752
3062 3161
3062 6693
3062 4112
3063 8121
3063 8083
3063 7479
3063 5941
3063 8649
3063 8527
3063 8306
3063 7653
3063 6583
3063 5911
3063 5344
3063 4858
3063 4833
3063 4556
3063 4312
3063 3161
3063 7276
3063 4602
3064 7148
3064 6989
3064 5330
3064 4059
3064 8756
3064 8700
3064 8641
3064 8557
3064 8116
3064 7308
3064 6808
3064 6641
3064 3191
3064 8477
3064 8475
3064 8286
3064 5470
3065 4919
3065 4778
3065 4275
3066 8667
3066 8655
3066 7471
3066 7063
3066 3643
3066 8471
3066 7776
3066 6625
3066 5955
3066 3113
3066 3105
3066 8579
3066 6693
3066 6186
3068 5399
3068 4760
3068 3851
3068 7661
3068 7154
3068 5266
3068 3873
3068 3205
3073 6787
3074 6167
3074 5525
3075 8408
3075 5691
3075 4067
3075 3706
3076 8099
3076 8555
3076 8109
3076 5447
3076 4541
3076 4313
3076 3537
3076 5409
3077 8660
3077 8639
3077 8410
3077 8309
3077 7835
3077 7745
3077 7395
3077 7313
3077 6949
3077 6810
3077 4916
3077 4714
3077 3861
3077 8754
3077 7492
3077 7489
3077 3931
3077 3123
3078 8667
3078 8292
3078 8058
3078 6677
3078 5802
3078 5080
3078 3980
3078 8626
3078 8483
3078 8162
3078 7740
3078 6834
3078 5548
3078 4637
3078 4312
3078 3744
3078 6362
3078 5550
3078 4689
3079 8022
3079 7300
3079 7135
3079 6691
3079 5372
3079 4959
3079 8729
3079 8725
3079 8306
3079 8204
3079 8196
3079 8177
3079 7896
3079 7770
3079 7624
3079 7463
3079 7068
3079 6100
3079 5957
3079 5947
3079 4542
3079 4487
3079 3330
3080 4818
3080 3710
3080 8370
3080 8261
3080 7766
3080 7439
3080 7395
3080 7125
3080 7041
3080 6584
3080 5599
3080 5140
3080 4521
3080 4050
3080 4049
3080 8623
3080 8293
3080 8271
3080 8210
3080 7641
3080 3925
3081 8660
3081 8574
3081 8428
3081 6636
3081 6370
3081 4830
3081 4385
3081 3756
3081 3668
3081 3114
3081 8662
3081 8127
3081 7742
3081 7491
3081 7357
3081 6436
3081 4821
3081 4621
3081 4103
3081 3775
3081 3507
3082 8638
3082 8211
3082 8009
3082 7989
3082 7858
3082 7828
3082 7743
3082 7698
3082 7294
3082 7263
3082 6068
3082 5949
3082 5866
3082 5251
3082 3939
3082 3608
3082 7890
3082 7618
3082 7605
3082 5906
3082 5675
3082 3296
3082 3237
3083 7911
3083 8680
3083 8399
3083 8313
3083 8279
3083 8026
3083 7975
3083 7011
3083 6370
3083 6013
3083 5799
3083 5604
3083 5481
3083 5354
3083 5121
3083 4598
3083 4564
3083 3306
3083 3247
3083 8558
3083 7842
3083 7764
3083 7751
3083 7193
3083 6033
3083 6011
3083 5115
3083 5025
3083 3752
3083 3189
3084 8048
3084 7296
3084 7180
3084 6622
3084 5747
3084 4948
3084 4749
3084 4114
3084 8575
3084 8489
3084 8378
3084 8187
3084 7836
3084 7576
3084 6309
3084 5904
3084 4822
3084 4791
3084 4722
3084 4327
3084 4217
3084 4209
3084 3507
3084 3239
3085 8387
3085 7911
3085 8269
3085 8059
3085 7819
3085 7120
3085 6372
3085 6359
3085 6234
3085 6067
3085 5892
3085 5802
3085 5605
3085 5362
3085 5119
3085 5022
3085 4765
3085 3920
3085 8725
3085 8590
3085 8374
3085 8127
3085 7978
3085 7882
3085 7840
3085 7763
3085 7146
3085 6356
3085 5632
3085 5449
3085 4042
3085 3775
3085 3691
3086 7117
3086 3368
3086 5913
3086 5121
3087 7512
3087 5976
3087 8523
3087 8484
3087 8331
3087 8155
3087 8135
3087 8116
3087 7425
3087 6301
3087 5960
3087 4959
3087 4769
3087 3751
3088 6963
3088 6609
3088 6522
3088 6464
3088 5332
3088 4967
3088 8344
3088 4268
3089 8519
3089 8372
3089 6951
3089 5757
3089 3356
3089 3249
3089 8315
3089 8175
3089 7832
3089 7580
3089 7492
3089 7215
3089 5963
3089 5749
3089 5101
3089 3358
3089 6187
3089 3857
3090 5031
3090 8426
3090 8102
3090 7396
3090 6833
3090 4315
3090 7823
3090 7411
3090 5716
3090 5477
3090 4194
3090 4020
3091 8260
3091 7903
3091 8688
3091 8414
3091 7948
3091 7823
3091 3854
3091 3775
3091 5005
3092 8003
3092 7471
3092 6691
3092 6185
3092 6012
3092 5862
3092 5033
3092 4635
3092 4454
3092 3920
3092 3357
3092 8460
3092 8275
3092 8187
3092 5630
3092 5600
3092 5387
3092 5153
3092 3863
3092 3537
3093 7074
3093 5516
3093 4954
3093 4917
3093 4381
3093 4300
3093 3770
3093 3254
3093 8320
3093 8240
3093 8219
3093 7521
3093 7438
3093 6654
3093 6011
3093 4389
3093 3927
3093 4691
3093 3237
3094 8705
3094 8223
3094 7119
3094 7005
3094 6987
3094 6610
3094 5603
3094 4951
3094 8701
3094 8036
3094 8029
3094 7888
3094 7316
3094 6098
3094 5969
3094 5611
3094 5115
3094 5057
3094 4609
3094 3948
3094 3666
3094 3339
3094 3101
3095 7851
3095 8749
3095 8535
3095 8062
3095 7680
3095 7603
3095 7074
3095 5613
3095 5481
3095 5451
3095 5294
3095 5267
3095 4784
3095 4574
3095 4341
3095 3900
3095 3785
3095 8723
3095 8162
3095 7591
3095 7507
3095 5897
3095 5768
3095 4946
3095 3724
3096 8669
3096 6236
3096 5792
3096 8479
3096 8451
3096 8066
3096 7796
3096 7578
3096 7577
3096 7468
3096 7323
3096 7125
3096 5281
3096 4232
3096 3920
3096 3737
3096 3626
3096 3463
3096 3099
3096 8665
3096 8429
3096 8273
3096 7896
3096 7630
3096 7251
3096 5453
3096 4985
3096 4821
3096 4718
3096 3792
3097 8622
3097 7651
3097 7292
3097 7289
3097 5956
3097 5757
3097 5699
3097 5174
3097 5110
3097 5033
3097 4974
3097 4331
3097 3736
3097 3249
3097 8485
3097 8161
3097 7981
3097 7294
3097 7122
3097 6858
3097 6392
3097 4874
3097 4302
3097 3608
3097 3235
3098 8515
3098 8389
3098 8163
3098 6651
3098 5602
3098 3099
3098 8738
3098 8527
3098 8444
3098 8153
3098 7473
3098 7398
3098 7345
3098 7133
3098 6009
3098 5301
3098 4543
3098 3758
3098 3732
3098 3117
3098 7299
3098 5409
3098 3769
3099 6132
3099 4136
3099 8484
3099 8024
3099 7903
3099 7762
3099 7402
3099 7085
3099 6580
3099 6568
3099 5964
3099 5629
3099 5359
3099 3326
3099 3199
3099 8257
3099 8029
3099 3854
3099 3812
3099 3775
3099 3404
3099 3330
3099 3236
3099 3110
3100 8745
3100 8201
3100 7823
3100 7580
3100 6021
3100 5682
3100 5408
3100 5271
3100 4826
3100 4556
3100 3161
3100 8266
3100 7052
3100 4689
3100 4105
3100 3389
3101 7793
3101 7783
3101 7678
3101 7478
3101 6987
3101 6535
3101 6300
3101 6062
3101 4860
3101 4050
3101 3365
3101 6925
3101 6490
3101 5779
3101 5630
3101 5055
3101 4291
3101 3775
3101 8068
3101 7771
3102 8130
3102 5837
3102 7448
3102 6677
3102 6639
3102 4629
3102 4560
3102 3789
3102 3728
3102 4933
3102 3126
3103 8004
3103 7982
3103 7117
3103 5118
3103 4938
3103 4651
3103 8576
3103 8428
3103 7425
3103 7151
3103 7129
3103 7120
3103 6770
3103 6584
3103 6568
3103 5964
3103 5797
3103 5788
3103 5699
3103 5306
3103 4926
3103 4594
3103 4274
3103 3809
3103 3328
3103 7888
3103 6341
3103 5770
3103 4963
3104 7997
3104 6732
3104 4158
3104 3160
3104 8655
3104 8610
3104 7423
3104 5395
3104 4790
3105 7976
3105 7303
3105 6614
3105 5899
3105 5504
3105 4471
3105 3736
3105 8592
3105 8471
3105 8430
3105 8360
3105 8064
3105 8061
3105 7760
3105 7184
3105 6703
3105 5963
3105 5921
3105 4947
3105 4614
3105 3803
3105 3130
3105 8552
3105 3755
3106 8285
3106 7814
3106 7314
3106 4961
3106 4794
3106 3356
3106 8673
3106 7949
3106 7647
3106 6948
3106 6296
3106 5564
3106 5122
3106 4967
3106 3152
3107 8292
3107 8225
3107 7784
3107 7538
3107 7443
3107 4949
3107 3838
3107 3809
3107 3306
3107 3131
3107 8657
3107 8623
3107 8477
3107 8317
3107 8183
3107 8061
3107 7749
3107 7203
3107 7145
3107 6368
3107 6017
3107 5770
3107 5178
3107 4566
3107 3812
3107 3164
3108 3181
3108 8534
3108 7414
3108 6301
3108 5672
3108 5454
3108 4179
3108 8106
3108 7968
3108 7659
3108 7357
3108 5609
3108 5209
3108 4856
3108 3597
3109 8098
3109 4938
3109 8720
3109 8511
3109 7916
3109 7455
3109 6944
3109 6891
3109 5619
3109 5119
3109 4983
3109 4576
3109 3271
3109 8718
3109 7891
3109 7626
3109 7451
3110 8586
3110 8309
3110 8207
3110 7738
3110 7400
3110 7395
3110 7198
3110 6622
3110 6535
3110 5211
3110 4987
3110 4948
3110 4840
3110 3756
3110 8742
3110 8162
3110 8154
3110 7789
3110 7447
3110 6356
3110 5771
3110 5732
3110 4858
3110 3863
3111 8334
3111 8098
3111 7720
3111 6607
3111 5850
3111 4727
3111 3760
3111 8749
3111 8363
3111 8026
3111 7577
3111 7417
3111 7125
3111 6700
3111 6691
3111 5757
3111 5715
3111 5601
3111 3850
3111 3778
3111 8592
3111 8212
3111 7271
3111 6873
3111 6612
3111 5348
3111 4291
3111 3269
3112 7330
3112 6955
3112 8290
3112 7816
3112 7673
3112 7471
3112 7402
3112 5964
3112 5962
3112 5944
3112 5801
3112 5776
3112 5753
3112 5747
3112 5384
3112 5362
3112 4749
3112 3511
3112 3212
3112 3136
3112 8585
3112 8558
3112 8444
3112 8303
3112 8273
3112 8242
3112 8000
3112 7957
3112 7610
3112 7447
3112 7291
3112 6689
3112 5866
3112 5774
3112 5634
3112 5551
3112 3792
3113 7642
3113 5941
3113 5306
3113 4442
3113 3322
3113 3159
3113 8716
3113 8214
3113 8139
3113 8064
3113 7740
3113 7372
3113 7288
3113 7227
3113 6543
3113 6068
3113 5921
3113 5794
3113 4985
3113 4103
3113 4047
3113 3981
3113 3937
3113 3167
3113 7695
3113 7681
3113 5834
3114 8610
3114 8526
3114 8372
3114 7638
3114 7540
3114 7471
3114 7321
3114 7319
3114 6066
3114 6064
3114 4289
3114 3794
3114 8723
3114 8664
3114 8215
3114 8145
3114 8106
3114 8061
3114 7409
3114 7110
3114 6858
3114 5800
3114 5777
3114 5446
3114 5387
3114 4718
3114 4692
3114 3507
3114 3152
3115 8334
3115 7512
3115 7065
3115 6892
3115 3825
3115 8292
3115 7951
3115 7766
3115 7705
3115 7469
3115 7443
3115 7405
3115 7311
3115 4604
3115 3668
3115 8316
3115 7132
3115 5804
3115 5446
3115 3167
3116 5410
3116 5293
3116 3147
3116 4191
3117 8538
3117 8374
3117 8146
3117 6940
3117 6616
3117 6583
3117 6299
3117 5749
3117 5509
3117 3856
3117 3783
3117 3708
3117 8743
3117 6746
3117 6172
3117 5834
3117 5489
3117 5409
3117 3769
3118 4684
3119 7411
3119 8189
3119 8019
3119 5731
3119 5646
3119 5280
3119 3378
3119 4462
3121 6733
3121 5047
3121 4269
3121 3785
3121 7972
3121 7462
3121 7376
3121 6562
3121 4327
3121 3602
3122 3531
3122 8241
3122 8010
3122 6688
3122 5262
3122 3463
3122 7601
3122 6324
3122 5897
3122 5401
3122 5106
3123 8571
3123 7828
3123 3925
3123 3505
3123 3220
3123 8128
3123 6826
3123 4196
3123 3625
3124 8269
3124 8119
3124 8034
3124 7719
3124 7633
3124 7144
3124 5476
3124 5174
3124 8210
3124 7658
3124 7477
3124 7193
3124 6970
3124 5194
3124 4819
3124 3963
3124 3921
3124 3583
3126 8741
3126 8647
3126 8202
3126 8178
3126 8079
3126 7707
3126 7135
3126 7005
3126 6828
3126 6692
3126 6621
3126 6354
3126 5776
3126 5366
3126 4936
3126 4625
3126 4187
3126 3952
3126 3776
3126 3717
3126 3605
3126 3299
3126 3163
3126 3131
3126 8664
3126 8559
3126 8527
3126 8524
3126 8481
3126 8297
3126 8253
3126 8201
3126 8187
3126 8137
3126 8031
3126 7842
3126 7698
3126 7626
3126 7436
3126 5911
3126 5793
3126 5632
3126 5446
3126 5408
3126 5382
3126 3430
3128 8669
3128 8355
3128 8013
3128 6125
3128 4340
3128 3246
3128 7475
3128 5456
3128 5121
3130 7323
3130 5807
3130 8006
3130 6422
3130 6015
3130 5301
3130 8512
3130 5915
3131 6856
3131 5371
3131 8537
3131 7769
3131 7762
3131 7705
3131 8547
3131 8148
3131 5772
3131 5358
3131 4284
3131 3233
3132 7980
3132 5381
3132 5259
3132 3367
3132 8316
3132 8206
3132 6605
3132 5300
3132 3854
3133 6116
3133 3995
3133 3489
3133 8572
3133 3511
3133 8665
3134 7700
3134 8620
3134 8275
3134 8270
3134 8023
3134 7828
3134 7345
3134 6227
3134 3297
3134 3264
3134 3156
3134 8128
3134 5868
3135 8430
3135 8257
3135 8201
3135 7912
3135 7896
3135 7653
3135 6898
3135 6603
3135 6037
3135 5341
3135 5332
3135 3732
3135 3251
3135 5213
3135 5128
3135 4768
3135 3964
3135 3498
3136 7967
3136 3181
3136 8506
3136 8335
3136 8140
3136 7892
3136 7531
3136 7414
3136 6559
3136 6376
3136 5481
3136 3785
3136 8252
3137 6965
3137 5553
3137 5179
3137 4388
3137 8608
3137 7308
3137 5563
3137 5350
3137 3936
3138 5476
3138 3946
3138 8751
3138 8006
3138 6964
3138 5804
3138 5380
3138 4786
3138 4720
3138 4310
3138 3640
3138 5206
3139 6521
3139 3907
3139 6740
3139 6671
3139 6176
3139 5892
3139 5565
3139 4573
3139 3540
3139 3145
3141 8599
3143 6010
3143 4461
3143 8502
3143 6847
3143 6298
3145 4064
3145 5353
3145 7193
3147 8492
3147 7650
3147 5759
3147 3389
3147 3906
3148 4787
3148 4613
3148 7177
3148 5265
3149 5015
3149 7674
3149 7183
3150 7835
3150 6489
3150 5910
3150 4590
3150 7507
3150 6339
3150 5053
3151 7213
3151 3374
3152 8309
3152 8274
3152 7784
3152 7444
3152 6232
3152 6185
3152 6064
3152 4951
3152 4698
3152 8739
3152 8725
3152 8242
3152 8195
3152 7558
3152 7318
3152 7142
3152 6845
3152 6687
3152 5949
3152 4497
3152 4204
3152 4042
3152 3179
3153 5739
3153 7314
3153 6059
3153 8175
3153 7127
3153 5793
3154 8133
3154 8111
3154 7540
3154 5222
3154 5199
3154 4594
3154 4278
3154 3932
3154 8698
3154 8551
3154 8361
3154 8323
3154 8257
3154 7659
3154 5949
3154 5777
3154 4722
3154 3782
3154 3768
3154 3666
3155 8636
3155 8231
3155 7579
3155 7312
3155 7050
3155 5890
3155 5841
3155 4273
3155 8359
3155 8317
3155 6637
3155 6604
3155 6009
3155 5617
3155 3252
3156 8375
3156 8286
3156 8158
3156 8033
3156 8011
3156 7981
3156 7912
3156 7849
3156 7284
3156 6768
3156 6640
3156 6356
3156 5754
3156 5632
3156 5326
3156 5301
3156 5291
3156 5201
3156 4960
3156 4931
3156 4042
3156 3691
3156 8344
3156 6537
3156 5578
3156 5127
3156 4816
3156 3814
3157 8024
3157 7722
3157 7682
3157 7425
3157 6942
3157 6887
3157 6639
3157 6535
3157 6354
3157 5407
3157 8739
3157 8668
3157 8463
3157 8303
3157 8196
3157 7866
3157 7630
3157 7411
3157 7386
3157 7370
3157 7203
3157 6014
3157 5226
3157 4230
3157 3194
3158 7364
3158 7128
3158 3710
3158 8155
3158 8066
3158 7202
3158 6063
3158 5481
3158 5302
3159 7982
3159 7117
3159 3642
3159 8667
3159 8659
3159 8534
3159 8436
3159 8213
3159 8059
3159 7675
3159 7638
3159 7312
3159 7289
3159 7041
3159 4944
3159 4564
3159 3328
3159 8624
3159 8588
3159 8483
3159 8281
3159 6873
3159 6649
3159 5902
3159 4956
3159 4716
3159 4649
3159 4624
3160 6908
3160 6680
3160 7401
3161 8480
3161 7439
3161 7314
3161 6947
3161 6832
3161 4598
3161 3511
3161 8621
3161 8303
3161 7593
3161 6583
3161 6536
3161 5953
3161 5083
3161 3236
3161 8115
3161 7525
3161 5581
3161 5138
3161 4301
3162 6936
3162 6223
3162 3660
3163 8197
3163 8741
3163 8720
3163 8661
3163 8659
3163 8332
3163 8066
3163 7487
3163 7278
3163 7180
3163 6836
3163 6688
3163 3774
3163 3770
3163 8318
3163 7981
3163 7836
3163 6566
3163 5632
3163 3608
3164 7757
3164 6534
3164 6230
3164 5577
3164 4871
3165 7478
3165 7427
3165 7135
3165 7119
3165 7042
3165 7011
3165 6320
3165 4069
3165 3687
3165 8742
3165 8683
3165 8438
3165 8281
3165 8209
3165 8162
3165 5937
3165 5405
3165 5361
3165 5292
3165 5263
3165 4116
3165 5158
3166 5889
3166 5720
3166 4694
3167 8576
3167 7884
3167 6987
3167 6627
3167 6437
3167 6372
3167 6062
3167 5384
3167 5359
3167 4788
3167 4554
3167 4289
3167 3905
3167 3774
3167 3535
3167 3286
3167 8592
3167 8271
3167 8177
3167 8162
3167 8055
3167 7473
3167 7420
3167 7205
3167 6356
3167 5887
3167 5875
3167 5772
3167 5291
3167 5086
3167 4302
3167 4595
3168 7176
3168 7379
3168 7130
3168 6894
3168 6869
3168 4834
3169 7430
3169 7112
3169 5264
3169 8189
3169 7695
3169 5138
3169 8682
3169 7234
3170 4894
3171 8413
3171 7728
3171 3184
3171 4486
3171 3241
3172 6865
3173 5482
3173 4453
3173 3190
3175 6876
3175 5383
3175 4973
3175 3192
3175 6008
3176 8211
3176 7386
3176 6773
3176 6630
3176 5303
3176 5258
3176 4722
3176 3293
3176 6396
3176 3432
3177 8732
3177 8604
3177 6965
3177 6851
3177 5789
3177 8697
3177 7966
3177 7405
3177 7040
3177 6953
3177 6678
3177 6437
3177 6067
3177 6035
3177 5352
3177 3993
3177 3658
3178 8098
3178 7609
3178 7388
3179 8480
3179 5198
3179 4456
3179 8742
3179 7818
3179 7768
3179 7332
3179 7189
3179 6522
3179 6422
3179 6322
3179 5264
3179 5025
3179 8711
3179 7434
3179 7079
3179 3857
3180 8099
3180 8145
3180 5775
3180 7827
3180 6272
3180 3370
3181 6002
3181 4059
3181 7058
3181 7009
3181 6038
3181 5381
3181 3795
3181 3341
3182 8492
3185 5695
3186 7654
3186 7126
3186 8733
3186 7496
3186 6264
3188 7053
3188 5959
3188 5106
3188 7496
3189 7417
3189 8683
3189 8559
3189 8284
3189 7140
3189 5452
3189 5153
3189 3358
3189 3338
3189 8486
3189 8120
3189 8068
3190 6733
3190 5908
3190 7385
3190 4339
3191 8140
3191 7426
3191 6614
3191 6370
3191 6298
3191 5801
3191 4162
3191 3605
3191 3599
3192 8410
3192 5267
3192 8702
3192 5745
3193 7618
3193 7305
3193 5034
3193 3399
3193 5233
3193 3359
3194 8451
3194 7314
3194 7311
3194 8626
3194 8444
3194 8246
3194 8061
3194 8011
3194 7896
3194 7628
3194 7453
3194 7214
3194 7016
3194 6873
3194 6367
3194 5864
3194 5820
3194 5749
3194 5614
3194 4956
3194 3732
3194 7564
3194 4702
3194 3779
3195 7459
3195 4274
3195 7521
3195 5219
3195 4668
3195 3859
3195 3485
3196 7518
3196 8324
3196 8123
3196 7455
3196 7413
3196 7144
3196 6437
3196 6357
3196 5577
3196 5381
3196 5111
3196 3612
3196 3345
3196 8317
3196 7626
3196 6011
3196 5824
3196 3220
3197 7891
3197 6434
3197 5988
3197 4309
3198 8493
3198 6583
3198 5434
3198 4688
3198 7347
3198 5891
3198 4783
3198 4121
3198 4236
3199 3860
3199 8506
3199 8144
3199 8058
3199 7352
3199 6987
3199 6370
3199 5954
3199 5940
3199 5144
3199 5004
3199 4971
3199 3838
3199 3345
3199 8273
3199 8212
3199 7743
3199 7372
3199 7071
3199 6436
3199 5761
3199 5341
3199 5274
3199 5236
3199 4123
3199 3782
3199 3726
3199 3349
3201 4694
3201 8363
3201 8309
3201 8221
3201 7292
3201 4576
3201 3920
3201 8626
3201 8583
3201 8438
3201 8418
3201 8216
3201 8131
3201 8064
3201 8033
3201 7477
3201 6703
3201 5866
3201 5820
3201 5749
3201 5673
3201 5191
3201 5028
3201 3863
3201 3392
3202 6988
3202 6697
3203 7982
3203 8291
3203 7951
3203 7718
3203 7592
3203 7440
3203 7402
3203 7352
3203 7312
3203 5954
3203 5945
3203 4788
3203 4469
3203 8343
3203 8211
3203 7467
3203 3236
3204 5683
3205 3787
3205 3744
3205 7661
3205 5635
3206 8627
3206 7518
3206 7174
3206 7065
3206 3224
3206 8319
3206 5114
3206 3512
3207 5130
3207 7751
3207 7639
3207 7192
3207 6871
3207 6399
3207 4900
3208 7720
3208 6116
3208 8470
3208 8433
3208 8072
3208 7468
3208 7119
3208 7798
3208 5749
3208 5029
3208 3902
3209 5267
3209 4764
3209 3687
3209 3393
3209 7641
3209 4925
3209 3220
3210 4982
3210 7317
3210 5114
3210 4634
3210 6985
3210 6975
3211 8245
3211 8194
3211 8145
3211 7294
3211 4095
3211 8239
3211 7391
3211 6048
3211 4221
3211 3759
3212 5355
3212 4696
3212 8705
3212 7964
3212 7402
3212 6614
3212 6535
3212 6019
3212 5746
3212 5198
3212 4523
3212 3920
3212 3658
3212 3605
3212 8725
3212 7763
3212 7297
3212 6948
3212 6490
3212 3701
3212 3297
3214 6286
3215 6728
3216 5011
3218 7021
3218 5501
3219 5457
3220 8324
3220 6942
3220 5945
3220 5620
3220 4022
3220 3740
3220 8653
3220 8154
3220 8141
3220 7924
3220 7730
3220 4826
3222 8746
3222 8729
3222 8198
3222 8369
3222 7883
3222 7248
3222 4499
3222 3926
3222 3779
3222 3769
3223 6829
3223 5717
3224 8004
3224 7820
3224 5792
3224 7892
3224 6038
3224 4050
3224 3952
3226 5131
3226 8072
3226 7822
3226 6918
3226 5785
3226 4892
3226 3374
3227 8008
3227 4996
3228 8734
3228 8231
3228 8102
3228 7931
3228 7927
3228 7588
3228 7425
3228 6518
3228 6106
3228 5791
3228 3960
3228 5625
3229 8151
3229 8143
3229 8107
3229 7759
3229 7748
3229 7638
3229 7230
3230 8355
3230 8730
3230 8622
3230 8199
3230 8118
3230 7787
3230 7668
3230 7483
3230 6810
3230 5964
3230 5950
3230 5476
3230 5114
3230 4036
3230 8634
3230 7978
3230 7626
3230 5408
3230 4874
3230 3768
3230 3701
3231 7671
3231 7400
3231 6589
3231 5942
3231 8759
3231 8558
3231 8434
3231 8297
3231 8216
3231 8055
3231 7641
3231 7348
3231 7056
3231 6894
3231 6873
3231 5101
3231 5028
3231 4956
3231 4940
3231 4779
3231 4692
3231 4230
3231 3921
3231 3608
3231 8300
3231 7503
3231 4795
3232 8630
3232 8482
3232 7984
3232 7814
3232 7721
3232 7439
3232 7355
3232 6678
3232 5567
3232 8359
3232 8204
3232 7297
3232 6536
3232 5382
3232 3775
3233 8506
3233 8332
3233 7678
3233 7640
3233 7449
3233 7368
3233 7367
3233 5836
3233 5699
3233 5084
3233 4594
3233 3789
3233 7842
3233 7593
3233 7307
3233 7251
3233 5684
3233 5203
3233 5106
3233 3645
3234 8627
3234 6892
3234 6420
3234 8399
3234 8290
3234 7635
3234 6953
3234 4987
3234 4596
3234 3753
3234 5584
3235 8443
3235 6644
3235 6486
3235 5910
3235 5776
3235 5629
3235 8739
3235 8417
3235 8061
3235 8002
3235 6467
3235 4737
3235 4687
3235 4213
3235 3763
3235 3239
3235 6396
3235 3769
3236 7443
3236 6034
3236 4961
3236 3946
3236 8723
3236 7968
3236 7446
3236 6368
3236 5298
3236 7681
3236 5165
3236 4192
3237 8646
3237 8529
3237 8438
3237 8027
3237 7703
3237 7476
3237 6943
3237 5864
3237 5617
3237 5100
3237 7893
3237 7595
3237 5676
3237 5370
3237 3769
3237 7938
3238 7460
3239 8288
3239 6568
3239 3391
3239 8718
3239 8569
3239 8303
3239 8265
3239 8038
3239 7858
3239 7385
3239 7380
3239 6945
3239 5795
3239 5389
3239 5335
3239 4211
3241 4126
3245 7547
3245 6924
3245 4925
3246 8180
3246 7686
3246 6732
3246 4972
3246 3607
3246 8641
3246 8537
3246 8461
3246 8426
3246 7722
3246 7640
3246 6379
3246 4087
3246 3609
3247 4234
3247 3397
3247 8704
3247 8517
3247 8443
3247 7884
3247 7399
3247 6066
3247 5801
3247 5110
3247 3664
3247 8558
3247 8432
3247 8401
3247 7376
3247 6642
3247 5335
3247 5117
3248 6829
3248 8521
3248 8229
3248 7266
3248 3433
3248 8022
3248 7722
3248 6813
3248 4740
3248 3522
3249 8180
3249 5118
3249 8720
3249 8269
3249 8165
3249 6685
3249 6359
3249 5605
3249 4594
3249 3687
3249 8267
3249 8258
3249 8029
3249 7985
3249 6612
3249 6227
3249 6098
3249 5408
3249 5125
3249 3775
3249 3330
3250 7677
3250 5656
3250 3955
3250 7113
3250 6817
3250 4888
3250 4742
3251 8083
3251 7984
3251 7931
3251 7884
3251 7680
3251 7440
3251 4456
3251 4282
3251 8707
3251 8673
3251 8252
3251 8103
3251 6649
3251 5115
3251 4602
3251 3796
3251 3580
3252 8741
3252 8757
3252 4518
3252 3822
3252 6686
3253 8502
3253 8269
3253 8121
3253 8066
3253 7455
3253 7448
3253 7123
3253 6779
3253 6584
3253 5755
3253 5222
3253 4862
3253 8745
3253 8695
3253 8301
3253 8209
3253 7989
3253 7912
3253 7795
3253 7446
3253 5632
3253 5363
3253 5344
3253 5153
3253 4873
3253 4700
3253 3266
3254 8709
3254 5330
3254 3397
3254 8660
3254 8534
3254 8506
3254 8428
3254 7766
3254 7603
3254 7469
3254 7444
3254 6836
3254 6828
3254 5766
3254 5456
3254 5032
3254 4381
3254 3920
3254 8217
3254 5966
3254 5417
3254 4718
3255 5789
3255 4509
3255 4761
3255 4469
3255 4383
3255 3326
3256 7720
3256 8535
3256 8178
3256 8050
3256 7707
3256 7556
3256 5950
3256 4930
3256 4442
3256 3511
3256 8662
3256 8257
3256 7760
3256 7465
3256 7429
3256 7193
3256 7039
3256 6876
3256 6858
3256 5634
3256 5389
3257 7871
3257 7050
3257 7042
3257 6342
3257 5607
3257 4771
3257 8742
3257 8558
3257 8100
3257 8041
3257 7608
3257 7249
3257 3827
3257 3344
3258 8173
3258 7673
3258 6518
3258 5924
3258 4634
3258 3539
3258 8289
3258 8101
3258 7558
3258 7291
3258 7016
3258 6640
3258 5887
3258 4718
3258 4284
3258 3950
3258 5370
3258 3964
3259 8058
3259 5567
3259 5545
3259 4796
3259 3658
3259 3265
3259 8147
3259 7653
3259 5909
3259 4731
3259 4507
3260 8576
3260 7903
3260 7471
3260 6606
3260 6359
3260 4860
3260 8108
3260 7821
3260 7653
3260 7639
3260 7576
3260 7334
3260 6642
3260 6522
3260 5990
3260 5947
3260 3948
3260 3768
3260 3597
3260 8411
3260 6466
3260 4776
3261 6927
3261 5837
3261 4527
3261 5336
3261 4143
3261 3693
3262 7820
3262 7109
3262 8667
3262 8079
3262 7980
3262 7881
3262 7287
3262 7041
3262 6038
3262 5351
3262 3905
3262 3664
3262 5786
3262 5761
3262 5548
3262 4817
3263 6967
3263 6702
3263 4331
3263 6603
3263 5994
3263 5301
3263 3516
3264 8479
3264 7118
3264 6176
3264 5862
3264 3766
3264 3756
3264 3374
3264 8702
3264 8060
3264 8057
3264 7716
3264 6894
3264 6582
3264 4720
3264 4208
3264 3849
3264 3707
3265 7885
3265 7903
3265 7701
3265 6751
3265 6571
3265 6020
3265 5704
3265 5172
3265 8397
3265 6611
3265 6341
3265 5793
3265 5300
3266 8484
3266 7979
3266 7592
3266 6614
3266 6534
3266 6359
3266 5545
3266 8722
3266 8346
3266 8286
3266 8265
3266 7842
3266 7743
3266 7516
3266 7334
3266 5397
3266 5176
3266 5102
3266 3805
3266 3608
3266 8218
3266 7216
3266 5806
3266 5415
3266 3746
3267 8639
3267 8490
3267 8288
3267 7198
3267 6610
3267 4278
3267 8739
3267 8718
3267 8289
3267 8209
3267 8061
3267 8055
3267 7912
3267 6701
3267 5959
3267 5953
3267 5399
3267 4931
3267 3927
3267 3853
3267 3708
3267 8758
3267 3759
3268 8291
3268 7867
3268 5939
3268 5799
3268 3655
3268 8727
3268 8303
3268 7698
3268 7285
3268 7112
3268 5630
3268 5610
3268 5446
3268 3747
3268 3293
3268 5284
3269 8663
3269 8151
3269 7966
3269 7444
3269 7440
3269 6953
3269 6861
3269 6651
3269 5961
3269 5802
3269 5704
3269 4917
3269 4764
3269 4685
3269 4625
3269 3352
3269 8558
3269 8547
3269 8485
3269 8273
3269 7989
3269 7957
3269 7749
3269 5887
3269 5615
3269 5611
3269 5363
3269 5228
3269 5163
3269 5102
3269 7637
3269 7397
3269 7224
3269 5993
3269 4824
3269 3376
3270 5976
3270 5179
3270 4965
3270 3855
3270 7287
3270 5270
3270 4761
3270 8623
3270 8295
3270 8278
3270 7376
3270 6970
3270 5627
3270 4956
3271 8669
3271 7774
3271 4355
3271 3791
3271 8661
3271 8490
3271 8026
3271 7983
3271 7671
3271 7619
3271 7480
3271 7449
3271 7444
3271 7314
3271 7296
3271 7289
3271 6942
3271 6520
3271 5384
3271 4872
3271 3730
3272 7492
3272 4863
3272 4687
3272 4204
3272 7632
3272 7434
3272 5471
3272 4309
3272 6083
3272 4606
3274 4527
3274 4206
3274 8681
3274 8117
3274 7211
3274 7054
3274 6590
3274 6301
3274 5924
3274 4759
3276 8326
3276 7901
3276 5615
3276 7248
3276 6446
3278 6493
3278 8560
3279 4632
3279 4622
3279 4134
3281 8312
3281 7364
3281 8291
3281 7417
3281 6618
3281 6379
3281 5602
3281 3774
3281 8549
3281 8437
3281 8281
3281 8273
3281 5328
3281 4822
3281 3812
3283 7390
3283 6643
3283 5805
3283 5789
3283 5231
3283 4832
3283 3449
3283 4767
3284 7178
3284 5716
3284 5671
3285 6832
3285 4729
3285 7275
3286 8479
3286 8200
3286 8116
3286 7884
3286 7705
3286 7278
3286 7144
3286 5910
3286 5753
3286 5346
3286 5223
3286 5222
3286 5022
3286 4951
3286 4840
3286 3315
3286 8644
3286 8429
3286 8263
3286 8204
3286 8076
3286 7839
3286 6968
3286 6646
3286 6642
3286 5479
3286 5228
3287 8547
3287 8532
3287 8525
3287 5911
3287 5226
3288 6551
3288 8272
3288 3607
3289 8720
3289 7738
3289 7682
3289 5962
3289 5532
3289 5223
3289 5175
3289 4861
3289 4596
3289 4594
3289 4315
3289 8055
3289 7631
3289 7122
3289 7002
3289 6583
3289 6309
3289 5586
3289 3744
3291 7060
3291 5472
3291 5059
3291 4873
3291 4683
3291 4110
3291 8254
3291 7771
3291 6954
3291 5968
3291 3343
3292 7245
3293 7455
3293 5681
3293 4630
3293 3826
3293 3789
3293 8745
3293 8211
3293 8141
3293 6903
3293 5811
3293 4929
3293 4826
3293 4211
3294 7346
3294 6578
3294 3681
3294 8092
3294 4859
3295 5554
3295 8370
3295 7998
3295 7509
3295 7343
3295 6944
3295 6564
3295 8434
3295 8240
3295 7285
3295 5082
3295 3783
3295 3604
3296 8635
3296 8275
3296 8246
3296 8242
3296 8094
3296 7039
3296 6322
3296 5947
3296 5358
3296 5274
3296 5203
3296 3950
3296 8675
3296 7519
3296 7057
3296 7043
3296 5049
3296 8587
3297 8714
3297 8625
3297 8535
3297 8467
3297 8310
3297 8034
3297 7983
3297 7976
3297 7129
3297 6096
3297 5373
3297 5281
3297 3742
3297 8708
3297 8635
3297 8620
3297 8412
3297 8179
3297 8131
3297 7764
3297 7626
3297 6950
3297 6608
3297 6536
3297 6068
3297 6037
3297 5957
3297 5777
3297 5628
3297 4601
3297 4497
3297 3644
3297 3395
3297 7970
3298 8658
3298 8533
3298 8416
3298 8054
3298 6370
3298 5351
3298 8590
3298 8348
3298 8002
3298 7656
3298 6968
3298 5617
3298 5511
3298 4939
3298 4035
3299 6892
3299 3710
3299 3607
3299 8469
3299 8165
3299 8081
3299 6096
3299 4141
3299 8666
3299 8289
3299 8244
3299 8219
3299 8142
3299 7789
3299 7411
3299 7370
3299 7256
3299 7071
3299 6642
3299 6017
3299 5955
3299 5904
3299 5804
3299 5800
3299 5446
3300 8637
3300 8270
3300 8131
3300 7580
3300 7047
3300 5082
3300 4935
3300 7096
3300 6777
3301 8714
3301 8123
3301 7977
3301 7723
3301 8259
3301 7912
3301 7828
3301 6033
3301 5875
3301 5812
3301 5770
3301 5102
3301 4720
3301 4033
3301 7618
3301 6347
3301 4742
3301 4112
3302 8577
3302 8557
3302 6733
3302 6590
3302 6376
3302 6354
3302 4603
3302 4469
3302 8745
3302 8555
3302 8325
3302 8126
3302 7025
3302 6642
3302 6438
3302 4821
3302 4722
3302 4489
3302 4230
3303 3515
3303 8560
3303 6239
3303 3308
3303 5455
3304 8249
3304 8299
3304 8104
3304 7578
3304 5699
3304 5302
3304 4954
3304 4872
3304 8672
3304 8434
3304 8214
3304 7477
3304 6873
3304 4314
3304 3921
3304 3804
3305 6733
3305 8368
3305 7462
3305 6562
3305 3816
3305 3594
3306 4972
3306 7977
3306 7480
3306 7441
3306 4645
3306 3932
3306 3643
3306 3315
3306 8624
3306 8513
3306 8244
3306 7794
3306 7374
3306 6975
3306 5387
3306 5264
3306 5115
3306 4947
3306 4716
3307 7014
3307 5260
3307 7160
3307 6149
3308 7347
3308 6694
3308 3617
3309 6978
3309 8277
3309 8178
3309 8066
3309 8054
3309 5939
3309 3381
3311 7064
3311 8655
3311 8099
3311 8037
3311 7838
3311 7556
3311 7402
3311 6232
3311 5747
3311 5481
3311 3648
3311 8475
3311 8418
3311 8216
3311 8113
3311 8032
3311 7467
3311 6624
3311 6609
3311 6429
3311 4820
3311 3921
3311 3640
3312 3788
3313 8140
3313 7878
3313 5788
3313 5619
3313 8736
3313 8281
3313 8138
3313 8131
3313 7794
3313 6624
3313 5632
3313 5506
3313 5486
3313 5236
3313 5178
3313 4624
3313 3939
3313 3662
3313 3606
3313 4742
3315 7869
3315 7692
3315 6796
3315 6102
3315 4968
3315 8453
3315 7998
3315 7396
3315 6828
3315 6570
3315 6041
3315 5160
3315 4685
3315 4274
3315 4273
3315 3962
3315 3850
3316 8641
3316 8274
3316 5021
3316 8194
3316 7149
3316 6750
3316 5244
3316 5082
3316 5644
3317 8660
3317 7443
3317 6320
3317 6185
3317 8360
3317 8065
3317 7993
3317 7741
3317 7379
3317 7295
3317 7271
3317 5615
3317 5447
3317 5264
3317 4909
3317 4669
3317 4142
3317 8157
3317 4773
3317 3762
3318 8035
3318 7765
3318 7512
3318 7273
3318 6892
3318 6519
3318 3531
3318 8332
3318 7448
3318 7422
3318 5208
3318 4715
3318 4604
3319 8259
3319 7516
3319 6582
3319 5449
3319 4097
3319 4733
3320 8600
3320 7646
3320 5556
3320 7952
3320 7822
3320 7577
3320 7067
3320 5950
3320 3776
3321 8309
3321 8221
3321 6364
3321 4667
3321 8152
3321 8108
3321 6168
3321 5115
3321 4933
3321 4722
3322 8283
3322 6623
3322 8231
3322 8024
3322 7120
3322 4796
3322 8127
3322 7888
3322 6563
3322 4518
3323 8490
3323 6541
3323 8722
3323 7702
3323 5771
3323 5251
3323 5210
3323 5002
3323 4314
3323 7695
3323 6414
3323 3858
3324 8178
3324 7787
3324 7292
3324 5757
3324 5224
3324 5022
3324 7904
3324 7488
3324 7357
3324 6394
3324 4822
3324 4742
3326 8717
3326 5792
3326 5118
3326 3977
3326 8647
3326 8298
3326 8221
3326 7791
3326 7787
3326 7449
3326 7191
3326 7041
3326 6648
3326 6610
3326 6232
3326 5773
3326 5362
3326 5032
3326 4597
3326 3655
3326 8177
3326 7436
3326 5470
3326 5385
3326 5035
3326 3666
3328 7911
3328 8625
3328 8586
3328 8165
3328 7638
3328 7427
3328 7135
3328 6370
3328 6295
3328 6019
3328 5757
3328 5071
3328 4961
3328 4714
3328 4564
3328 4454
3328 3774
3328 8483
3328 8330
3328 8217
3328 5795
3328 5779
3328 5777
3328 5729
3328 5326
3328 5057
3328 5024
3328 4616
3328 4213
3329 7437
3330 8576
3330 8299
3330 8102
3330 7980
3330 7784
3330 7721
3330 6861
3330 6534
3330 5607
3330 5549
3330 5359
3330 4945
3330 8217
3330 8002
3330 7256
3330 7142
3330 6966
3330 5800
3330 5326
3330 5291
3330 7958
3331 6166
3331 6754
3331 6428
3331 4785
3332 7493
3332 7044
3332 4446
3337 3915
3338 3365
3338 5647
3338 4160
3339 7786
3339 7384
3339 6858
3339 5937
3339 5790
3339 5749
3339 5600
3339 4095
3339 7618
3339 7419
3339 5581
3339 4950
3340 4829
3340 8741
3340 7954
3340 7040
3340 5096
3340 8688
3340 7888
3340 6975
3340 4600
3341 8067
3341 5441
3341 8066
3341 8054
3341 7414
3341 6617
3341 5215
3341 3472
3341 6436
3341 4543
3341 3781
3342 8197
3342 4545
3342 3615
3342 8647
3342 8526
3342 7540
3342 7514
3342 7428
3342 3946
3342 8129
3342 4947
3343 8715
3343 5955
3343 5434
3343 8758
3343 7695
3343 7621
3343 6446
3343 5500
3343 5150
3344 5033
3344 4647
3344 3697
3344 3603
3344 8665
3344 8412
3344 8314
3344 8055
3344 7690
3344 6948
3344 5812
3344 4505
3344 3793
3344 8232
3344 6653
3345 8097
3345 4709
3345 8607
3345 7881
3345 5259
3345 4283
3345 3672
3345 5580
3347 8715
3347 7629
3348 6072
3349 8163
3349 7129
3349 6486
3349 4050
3349 8346
3349 7283
3349 4097
3349 3507
3349 5993
3350 4246
3351 8151
3351 8327
3351 7274
3351 7107
3351 7003
3351 4828
3351 4339
3351 3604
3351 8579
3351 7160
3351 5104
3352 5898
3352 8328
3352 8025
3352 7954
3352 7951
3352 7723
3352 7400
3352 6854
3352 7698
3352 7447
3352 7251
3352 7068
3353 8731
3353 3707
3353 7347
3353 6777
3353 5266
3353 6400
3354 8627
3354 5976
3354 5231
3354 4965
3354 4503
3354 8291
3354 8255
3354 7976
3354 7280
3354 7011
3354 6641
3354 5579
3354 5346
3354 8281
3354 7465
3355 8277
3355 6696
3355 6078
3355 8489
3355 7756
3355 5824
3355 5137
3355 4211
3356 8669
3356 8357
3356 7392
3356 6692
3356 6520
3356 6105
3356 5304
3356 4928
3356 4564
3356 3730
3356 7817
3356 4963
3356 4600
3357 8279
3358 8645
3358 8022
3358 5801
3358 7956
3358 7866
3358 7215
3358 7142
3358 6858
3358 6616
3358 5858
3358 5790
3358 5408
3358 4958
3358 4833
3358 3909
3358 3744
3358 7359
3358 6172
3359 8446
3359 5581
3359 3649
3359 3483
3361 5700
3361 6590
3363 6930
3363 6867
3363 4553
3365 6372
3365 5828
3365 4282
3365 8271
3365 7445
3365 7332
3365 6959
3365 5707
3365 5669
3365 4649
3365 4600
3366 8403
3366 6733
3366 5788
3366 5384
3366 5144
3366 4971
3366 4604
3366 8569
3366 8297
3366 8166
3366 7336
3366 6968
3366 6394
3366 5728
3366 5291
3366 7378
3366 3941
3367 5856
3367 5118
3367 8741
3367 7954
3367 7864
3367 7355
3367 7123
3367 5802
3367 3428
3367 8308
3368 7018
3369 7104
3370 6603
3370 6862
3370 7799
3370 3997
3371 4510
3372 5492
3372 5441
3372 6174
3374 5705
3375 7959
3375 5638
3375 4533
3376 7334
3376 7715
3376 7482
3376 6485
3376 4611
3376 4293
3376 4894
3377 3872
3378 8554
3378 8011
3378 5513
3378 5335
3378 8019
3378 4434
3379 4572
3381 7487
3381 6171
3381 5766
3381 5140
3381 6168
3381 5870
3381 5249
3383 4686
3385 4427
3385 7783
3385 5373
3385 3872
3385 7904
3387 7792
3387 6684
3389 8707
3389 8695
3389 4047
3389 3510
3389 7482
3389 6667
3389 5581
3389 6378
3390 6892
3390 8712
3390 8156
3390 7838
3390 7212
3390 6395
3390 6183
3390 7230
3390 5808
3390 5000
3391 8681
3391 6323
3391 5340
3391 5119
3391 8474
3391 8183
3391 7639
3391 7205
3391 7114
3391 4312
3392 7144
3392 6921
3392 5956
3392 5126
3392 7150
3392 6429
3392 5342
3392 5261
3392 4820
3392 3925
3392 3903
3393 8749
3393 8655
3393 7811
3393 7207
3393 6019
3393 4941
3393 3946
3393 8270
3393 7194
3393 6775
3393 4541
3394 8746
3394 8725
3394 8473
3394 8435
3394 8318
3394 8154
3394 7630
3394 7398
3394 6558
3394 6100
3394 5551
3394 5058
3394 4927
3394 3848
3394 7906
3394 6491
3394 5844
3394 5535
3394 5213
3394 4181
3395 8517
3395 7739
3395 6644
3395 5960
3395 5481
3395 5222
3395 4300
3395 3776
3395 8702
3395 8281
3395 8187
3395 8142
3395 7429
3395 7193
3395 6609
3395 6356
3395 5291
3395 5059
3395 3793
3396 7836
3396 7770
3396 6968
3396 4624
3396 4097
3396 5127
3396 3898
3396 5036
3397 7431
3397 4694
3397 4527
3397 3734
3397 8331
3397 7819
3397 7680
3397 7151
3397 6953
3397 5620
3397 4341
3397 3920
3398 6828
3398 6114
3398 5140
3398 3581
3399 6653
3399 3670
3399 6145
3400 5001
3400 6944
3400 4615
3402 8175
3402 7690
3402 5834
3403 6697
3403 6338
3404 7966
3404 7191
3404 6692
3404 4945
3404 7691
3404 7068
3404 5952
3404 5200
3404 3812
3404 3461
3405 4197
3405 3548
3407 5227
3408 8614
3409 5229
3409 3431
3426 7687
3426 7324
3426 6813
3426 6556
3426 6176
3426 3648
3426 3532
3428 6953
3428 4557
3429 5063
3430 8673
3430 8590
3430 8294
3430 8244
3430 8215
3430 8055
3430 7146
3430 6975
3430 6060
3430 5477
3430 4822
3430 4592
3430 4377
3430 8120
3430 7650
3430 7276
3430 7173
3430 5109
3432 8651
3432 7453
3432 5370
3432 5005
3432 4937
3432 4379
3432 3715
3432 6754
3432 5880
3432 5517
3433 7869
3433 7684
3433 5645
3433 5281
3437 5376
3440 5189
3440 3713
3442 7868
3444 4193
3448 5732
3448 5201
3448 4980
3448 4208
3448 3921
3448 3849
3448 5829
3449 6908
3449 8669
3449 8069
3449 8630
3449 7440
3449 7428
3449 3654
3450 8502
3450 7560
3450 7115
3450 8514
3450 7907
3450 5692
3450 5292
3450 5124
3450 6314
3450 4105
3451 6322
3451 5226
3451 8580
3451 8091
3451 7173
3451 4834
3451 4277
3451 6991
3452 6551
3459 7622
3459 6740
3459 6541
3459 5318
3459 5097
3459 4272
3461 8745
3461 7291
3461 6368
3461 5923
3461 5887
3461 4958
3461 4299
3461 4189
3461 3807
3461 3781
3461 4674
3461 4549
3461 4785
3463 8648
3463 5488
3463 5345
3463 8720
3463 8443
3463 8363
3463 8298
3463 7292
3463 6648
3463 5270
3463 4784
3463 3826
3463 3668
3463 8725
3463 8030
3463 7856
3463 3782
3464 8052
3464 7661
3464 4432
3465 8320
3465 8222
3465 5342
3465 4760
3465 3852
3465 8579
3465 8333
3465 7160
3465 5394
3465 5034
3465 4221
3465 3814
3466 3721
3466 4464
3466 3860
3467 8303
3467 7075
3467 6634
3467 6188
3467 5728
3467 4058
3467 6396
3467 5906
3467 4770
3472 5860
3472 5350
3472 3961
3475 3621
3482 5430
3483 7549
3483 4184
3483 3954
3483 5661
3484 4664
3484 7499
3485 7852
3486 8355
3486 8180
3486 7919
3486 4158
3486 8728
3486 8288
3486 8193
3486 7822
3486 7748
3486 7083
3486 6489
3486 6379
3486 5778
3486 4988
3486 4954
3486 4521
3486 8263
3486 7698
3486 7458
3487 5406
3487 7847
3488 6815
3488 6361
3488 8283
3488 6992
3488 6633
3488 6236
3488 3714
3488 6702
3489 7431
3489 5180
3489 8600
3489 7128
3489 4503
3489 8610
3489 8480
3489 8285
3489 7759
3489 7556
3489 7395
3489 6345
3489 5367
3489 5046
3489 4948
3489 4596
3490 3813
3490 6478
3490 4872
3490 3820
3490 3524
3490 8631
3490 8471
3490 7558
3490 5326
3490 3827
3490 3660
3491 4174
3491 8233
3491 8182
3491 6329
3492 3806
3494 5322
3494 3872
3496 8532
3496 5003
3498 6591
3498 5122
3498 8492
3498 8046
3498 4363
3498 4076
3498 5880
3499 8563
3500 3873
3500 3720
3503 5442
3503 4659
3505 5021
3505 4185
3505 7131
3505 6699
3505 6632
3505 5600
3505 3537
3507 8625
3507 8574
3507 8484
3507 7745
3507 7590
3507 5971
3507 5941
3507 5603
3507 5004
3507 4870
3507 8759
3507 8707
3507 8371
3507 8346
3507 8103
3507 7985
3507 5408
3507 5228
3507 4600
3507 3748
3507 7381
3507 7359
3508 5112
3508 8145
3508 7625
3508 7056
3508 6929
3508 6408
3508 5749
3508 5683
3508 4997
3508 4985
3508 8356
3509 8658
3509 8490
3509 7399
3509 7310
3509 4951
3509 4840
3509 4634
3509 3952
3509 3740
3509 8638
3509 8330
3509 8029
3509 7075
3509 5897
3509 5632
3509 5447
3509 5264
3509 4985
3509 4722
3509 3927
3509 8068
3510 7479
3510 3838
3510 8206
3510 6605
3510 5356
3510 5124
3510 7052
3510 5103
3511 8416
3511 8123
3511 7975
3511 7579
3511 7401
3511 6779
3511 6691
3511 6445
3511 5802
3511 5469
3511 5306
3511 5160
3511 4955
3511 4605
3511 3952
3511 3689
3511 8442
3511 8330
3511 8257
3511 8252
3511 7880
3511 7764
3511 6634
3511 6426
3511 6392
3511 6011
3511 5617
3511 5479
3511 5453
3511 4624
3511 4312
3511 3662
3512 8097
3512 5792
3512 8331
3512 8256
3512 8192
3512 7440
3512 7395
3512 7287
3512 7267
3512 6595
3512 5599
3512 5214
3512 5047
3512 4766
3512 8325
3512 8259
3512 8122
3512 7601
3512 7279
3512 6970
3512 6945
3512 5824
3512 5784
3512 5058
3513 8259
3513 8032
3513 7896
3513 7876
3513 5614
3513 5444
3513 5194
3513 4302
3513 4035
3513 3752
3513 5675
3513 5535
3513 3941
3514 5992
3515 5152
3515 6954
3515 4549
3515 4379
3515 3610
3516 3959
3516 4905
3517 7566
3517 6362
3518 6931
3518 6129
3518 4836
3519 4803
3519 7756
3519 8366
3519 5639
3519 4998
3520 7928
3520 6587
3520 5621
3520 5317
3520 5599
3521 4329
3521 8010
3521 5612
3521 5395
3521 4870
3522 7076
3522 6772
3522 5556
3522 8676
3522 6951
3522 6843
3522 6535
3522 6516
3523 7111
3523 7486
3523 6589
3523 5367
3523 5147
3523 3643
3523 7747
3523 6482
3524 5721
3524 4496
3524 7588
3524 5672
3524 4854
3524 4246
3526 7243
3527 8634
3527 6482
3527 3701
3527 3698
3527 3528
3528 5122
3528 6831
3529 5920
3529 7516
3529 5974
3529 5056
3529 4487
3529 7837
3529 5938
3530 3675
3531 6219
3531 8578
3531 8283
3531 8004
3531 7388
3531 6102
3531 5636
3531 5238
3531 4483
3531 7980
3531 7881
3531 6828
3531 6770
3531 6234
3531 6038
3531 5366
3531 4971
3532 8543
3532 5645
3532 7862
3532 7483
3532 5735
3532 4892
3533 7952
3533 8481
3533 7348
3533 7007
3533 5272
3533 5113
3533 4950
3534 6984
3535 7527
3535 4968
3535 4890
3535 8576
3535 8123
3535 7819
3535 6938
3535 6376
3535 5340
3535 5084
3535 4597
3535 8302
3535 6701
3535 5465
3535 5203
3535 4534
3536 8008
3537 7719
3537 7718
3537 7700
3537 7671
3537 6535
3537 5601
3537 4928
3537 8508
3537 7747
3537 7702
3537 7201
3537 6963
3537 5972
3537 4497
3537 8300
3537 8005
3538 5095
3538 3722
3539 7117
3539 8756
3539 8663
3539 8255
3539 7966
3539 6638
3539 6570
3539 5208
3539 4603
3539 8316
3539 8219
3539 8147
3539 7981
3539 7315
3539 6324
3539 5966
3539 5277
3539 5035
3539 4542
3539 3805
3540 5437
3540 7138
3540 6690
3540 3958
3541 4221
3541 8445
3542 7431
3542 3957
3542 8674
3542 5734
3542 4388
3542 3613
3542 7670
3542 7120
3542 4788
3543 7360
3543 8457
3543 8335
3543 7804
3543 4684
3544 4277
3544 6884
3544 6145
3545 4126
3545 4125
3547 6939
3547 3717
3547 8745
3547 8569
3547 7097
3547 3782
3547 5167
3548 6326
3549 7838
3549 6065
3549 5337
3549 3641
3557 4075
3557 8600
3557 6328
3561 3944
3561 5465
3561 8008
3562 5244
3563 6278
3563 6054
3563 3596
3563 5599
3563 5337
3563 5174
3564 5660
3564 8578
3564 6270
3564 5703
3564 5861
3573 6492
3576 8045
3577 6377
3577 5859
3578 7000
3579 8695
3579 8167
3579 7424
3579 5806
3579 5280
3579 4689
3579 3670
3579 7898
3580 8257
3580 8244
3580 8142
3580 7798
3580 7741
3580 7452
3580 7451
3580 5101
3580 4935
3580 4616
3580 3644
3580 7621
3580 6421
3580 5675
3580 5206
3581 8381
3581 5502
3581 8382
3581 6590
3581 5766
3581 4917
3581 4685
3581 8351
3582 5703
3582 7300
3582 7080
3582 5836
3583 5097
3583 4466
3584 6397
3584 5844
3584 4653
3584 5662
3584 4261
3585 5323
3585 5898
3586 6493
3586 3990
3587 4025
3587 7390
3587 4887
3587 4530
3587 3808
3588 4219
3589 5738
3590 4591
3590 8166
3590 5552
3590 5515
3590 8266
3591 6377
3591 8688
3592 7387
3592 7092
3592 4126
3593 7322
3593 3710
3593 8410
3593 7960
3593 7367
3593 7267
3593 6946
3593 5967
3593 5276
3593 5262
3593 4961
3593 4860
3593 4383
3593 4143
3593 8643
3593 8558
3593 8161
3593 7232
3593 7214
3593 6948
3593 6612
3593 6566
3593 5732
3593 5449
3593 5408
3593 4213
3593 3939
3593 3705
3594 8575
3594 7914
3594 6968
3594 5833
3594 5610
3594 4828
3594 4737
3594 6716
3594 4937
3594 4288
3595 8272
3595 7128
3595 4938
3595 8730
3595 8526
3595 8133
3595 7791
3595 7619
3595 7483
3595 6469
3595 5967
3595 5715
3595 5116
3595 3850
3595 8662
3595 8242
3595 7477
3595 5770
3595 5055
3596 8603
3596 4724
3596 4670
3597 8741
3597 7964
3597 7738
3597 6638
3597 6320
3597 5961
3597 5373
3597 5281
3597 4796
3597 4564
3597 4523
3597 3962
3597 8650
3597 8214
3597 7095
3597 6227
3597 6058
3597 5453
3597 5326
3597 4822
3597 3793
3597 3758
3597 7381
3597 6134
3597 4595
3598 6671
3598 8686
3598 8402
3598 8090
3598 5278
3598 5248
3598 3803
3598 3640
3599 3646
3599 8535
3599 8515
3599 8321
3599 8200
3599 8159
3599 8155
3599 8062
3599 7785
3599 7471
3599 7377
3599 6983
3599 6580
3599 5954
3599 5172
3599 5121
3599 3605
3599 7291
3599 6426
3599 5631
3601 6923
3601 5810
3601 5099
3601 3615
3601 8261
3601 8059
3601 7962
3601 7721
3601 7443
3601 6638
3601 6445
3601 5967
3601 5384
3601 5339
3601 4714
3601 3695
3601 8212
3601 8146
3601 5252
3601 4956
3601 4716
3602 8367
3602 8183
3602 8112
3602 7597
3602 4735
3602 4684
3603 6143
3603 5852
3603 4136
3603 8484
3603 8428
3603 8261
3603 8078
3603 7983
3603 7468
3603 7418
3603 5803
3603 4523
3603 4278
3603 3770
3603 8323
3603 7724
3603 6522
3603 5770
3604 4983
3604 7909
3604 4045
3604 3653
3605 6955
3605 8288
3605 7414
3605 6942
3605 5956
3605 5797
3605 5602
3605 5033
3605 4071
3605 3693
3605 8444
3605 8029
3605 7985
3605 7968
3605 7866
3605 7604
3605 7215
3605 5344
3606 8476
3606 8428
3606 7267
3606 6987
3606 6958
3606 5454
3606 5365
3606 5352
3606 4961
3606 4739
3606 3655
3606 8585
3606 8462
3606 8374
3606 8303
3606 7626
3606 7386
3606 7002
3606 6985
3606 6943
3606 6540
3606 6033
3606 5176
3606 8758
3606 6777
3606 6705
3606 4773
3607 8632
3607 7684
3607 5553
3607 5355
3607 4388
3607 7722
3607 6896
3607 6570
3607 6376
3608 8660
3608 8479
3608 7966
3608 7511
3608 6456
3608 5802
3608 4594
3608 4289
3608 8637
3608 8553
3608 8551
3608 8327
3608 8273
3608 7768
3608 4977
3608 4935
3608 4871
3609 7120
3609 4945
3609 4771
3609 4071
3609 8649
3609 6227
3609 5470
3609 4592
3610 7955
3610 3726
3610 8095
3610 7424
3610 6440
3610 6360
3610 5622
3610 5391
3610 5128
3610 6926
3610 5419
3610 4627
3611 8067
3611 8539
3611 8332
3611 7964
3611 7931
3611 7540
3611 5954
3611 4594
3611 4218
3611 7948
3611 3805
3612 6892
3612 3977
3612 3860
3612 4560
3612 3952
3612 8640
3612 7914
3612 7908
3612 7505
3612 7262
3612 4981
3613 6633
3613 6357
3613 5939
3613 4619
3614 8418
3614 7654
3614 7100
3614 6164
3614 5953
3614 5002
3614 4687
3614 7883
3614 6777
3614 5679
3614 5104
3615 7513
3615 5569
3615 4972
3615 4016
3615 8523
3615 7790
3615 7635
3615 7443
3615 6983
3615 6556
3615 4494
3618 5986
3619 4238
3619 6575
3623 7261
3623 8221
3623 7253
3623 5924
3623 5259
3623 8278
3623 6162
3623 5303
3623 4205
3623 4020
3623 3651
3625 8009
3625 8006
3625 6963
3625 4779
3625 6022
3625 4109
3625 7088
3625 4908
3626 7128
3626 8533
3626 8357
3626 8311
3626 7975
3626 7793
3626 7289
3626 6891
3626 6437
3626 6295
3626 5848
3626 3648
3626 8318
3626 7957
3626 7901
3626 5292
3626 5055
3626 4045
3627 7296
3627 5119
3627 8710
3627 8475
3627 7576
3627 7258
3627 6974
3628 8042
3628 6297
3628 5296
3628 5120
3628 4982
3628 8478
3628 7135
3629 8526
3629 7746
3629 8284
3629 7656
3629 5249
3629 3653
3629 6714
3629 6166
3630 6957
3630 5120
3630 4008
3631 8088
3631 5650
3631 4778
3631 8249
3631 8004
3631 5488
3631 5204
3631 4545
3632 8231
3632 4765
3632 8565
3632 3971
3633 7608
3633 3827
3635 5250
3635 8425
3635 6129
3635 5893
3635 5303
3635 7936
3637 8573
3637 8275
3637 7281
3637 5077
3637 5049
3637 4169
3639 8298
3639 6988
3639 6696
3639 8278
3639 5268
3639 4826
3640 8223
3640 8050
3640 3643
3640 8027
3640 7562
3640 7477
3640 7204
3640 7130
3640 7039
3640 7007
3640 5452
3640 4031
3640 8356
3640 8337
3641 7974
3641 7910
3641 7838
3641 6849
3641 6753
3641 6355
3641 6211
3641 5826
3641 5161
3641 4383
3641 4361
3641 8109
3641 4271
3642 8674
3642 7518
3642 6874
3642 4891
3642 8102
3642 7427
3642 6284
3642 5939
3642 5598
3642 4273
3643 8661
3643 8576
3643 8260
3643 8026
3643 7796
3643 7540
3643 7439
3643 6354
3643 5862
3643 5753
3643 3687
3643 8759
3643 8723
3643 8348
3643 8297
3643 8027
3643 7828
3643 6952
3643 6483
3643 5768
3643 5673
3643 4935
3643 4871
3643 4687
3643 4609
3643 3948
3643 3707
3644 8290
3644 5304
3644 8195
3644 7741
3644 7629
3644 7291
3644 7288
3644 7146
3644 7095
3644 5674
3644 4997
3644 4547
3644 5622
3644 3665
3645 7313
3645 5173
3645 4932
3645 4085
3645 3778
3645 8656
3645 8638
3645 8267
3645 8262
3645 8246
3645 8209
3645 8154
3645 8033
3645 7447
3645 7297
3645 7097
3645 6583
3645 6438
3645 5820
3645 5272
3645 8254
3645 7339
3645 6901
3646 7512
3646 7187
3646 7678
3646 5620
3646 4308
3646 3754
3647 5246
3647 7148
3647 6875
3647 4938
3647 8557
3647 8519
3647 8511
3647 8342
3647 7705
3647 4087
3648 8490
3648 8116
3648 6780
3648 6064
3648 5956
3648 3881
3648 8723
3648 6482
3648 6018
3648 5794
3648 5298
3648 4913
3649 8472
3649 8006
3649 7562
3649 5794
3649 7397
3649 6960
3649 6334
3649 6413
3650 8314
3650 7420
3650 7290
3650 7069
3650 5271
3650 4284
3650 7052
3650 6782
3650 6302
3650 5676
3650 4432
3650 4181
3651 7627
3651 4132
3651 6393
3652 8753
3652 8700
3652 8515
3652 8155
3652 5846
3652 5776
3652 5577
3652 4613
3652 3838
3653 8050
3653 7990
3653 6564
3653 5885
3653 8270
3653 7880
3653 7110
3653 6360
3654 7076
3654 8517
3654 8470
3654 8223
3654 6232
3654 5319
3654 4761
3655 8283
3655 4818
3655 8630
3655 8309
3655 8125
3655 8083
3655 7960
3655 7616
3655 7180
3655 7123
3655 6849
3655 5801
3655 5384
3655 5022
3655 8160
3655 8146
3655 7749
3655 7521
3655 6970
3655 6634
3655 6563
3655 5947
3655 4637
3655 4312
3656 6851
3656 5118
3656 4040
3656 7964
3656 6983
3656 6744
3656 5096
3656 4794
3656 3955
3656 6007
3657 8180
3657 7117
3657 6613
3657 5556
3657 5231
3658 7644
3658 6049
3658 6534
3658 6377
3658 4854
3658 4784
3658 4385
3658 4218
3658 4147
3658 7904
3658 4956
3658 4291
3659 5978
3659 5638
3660 7977
3660 7814
3660 7785
3660 4949
3660 3697
3660 8673
3660 8525
3660 8209
3660 7949
3660 7447
3660 7184
3660 5551
3660 5226
3660 7305
3661 6279
3662 8277
3662 7791
3662 5573
3662 5366
3662 8744
3662 8177
3662 8129
3662 7639
3662 7068
3662 6871
3662 6776
3662 4960
3662 4826
3662 3812
3663 3961
3664 8625
3664 8453
3664 8427
3664 8288
3664 7761
3664 7675
3664 6618
3664 5633
3664 5151
3664 5123
3664 4840
3664 4714
3664 4596
3664 3774
3664 8656
3664 8418
3664 8139
3664 8031
3664 7429
3664 7039
3664 6640
3664 5966
3664 5210
3664 3749
3665 7492
3665 6583
3665 4601
3665 8605
3665 7827
3665 6863
3665 4061
3666 8534
3666 8321
3666 7966
3666 7813
3666 7293
3666 5192
3666 4289
3666 8575
3666 8432
3666 8401
3666 8295
3666 8252
3666 7660
3666 7628
3666 7398
3666 5790
3666 5770
3666 5449
3667 5917
3667 5445
3667 7652
3667 7411
3667 6993
3667 6362
3668 5569
3668 3760
3668 8660
3668 8144
3668 8058
3668 7878
3668 7766
3668 7655
3668 7643
3668 7308
3668 7267
3668 6039
3668 5787
3668 5607
3668 5214
3668 5126
3668 4594
3668 8716
3668 7956
3668 5990
3670 7369
3670 6960
3670 4293
3670 4343
3672 3802
3672 6696
3672 6063
3672 6038
3672 5940
3672 5148
3672 5989
3672 5143
3674 8449
3674 5988
3674 4219
3676 8586
3676 8292
3676 8058
3676 7680
3676 7645
3676 7633
3676 7323
3676 7311
3676 7120
3676 6828
3676 6584
3676 5567
3676 4788
3676 4232
3676 8744
3676 8418
3676 8273
3676 8238
3676 8142
3676 7749
3676 7142
3676 7124
3676 6110
3676 5393
3676 5389
3676 5265
3676 4874
3676 4556
3676 7970
3676 7958
3678 6492
3678 6361
3680 4892
3680 7155
3680 7150
3680 5623
3680 3942
3681 7877
3682 8713
3682 3961
3682 8077
3683 8440
3683 8205
3683 7427
3683 8662
3683 8432
3683 8305
3683 8201
3683 8141
3683 7985
3683 7749
3683 7602
3683 7232
3683 7142
3683 7068
3683 7016
3683 6536
3683 5897
3683 5292
3683 5163
3683 5059
3683 4927
3683 4822
3683 4601
3683 4489
3683 3927
3683 8110
3683 6901
3683 4762
3684 7860
3684 5355
3684 5296
3685 7261
3685 7117
3685 5488
3685 8192
3685 8010
3685 7892
3685 7673
3685 7267
3685 7059
3685 6039
3685 6032
3685 5699
3685 5372
3685 4554
3685 4381
3685 8524
3685 8055
3685 7297
3685 7279
3685 6634
3685 5949
3685 5472
3685 5291
3685 5274
3685 4047
3685 3765
3685 3749
3686 6918
3686 8466
3686 6999
3687 8521
3687 7774
3687 8728
3687 8311
3687 7367
3687 6843
3687 6561
3687 6295
3687 5373
3687 5276
3687 4615
3687 4521
3687 4516
3687 4232
3687 3730
3687 3695
3687 8643
3687 8113
3687 7772
3687 6873
3688 4531
3689 3813
3689 8712
3689 8403
3689 8313
3689 7791
3689 7745
3689 7707
3689 7479
3689 7469
3689 7312
3689 7292
3689 6066
3689 5801
3689 4961
3689 4617
3689 4456
3689 4179
3689 3756
3689 8060
3689 7366
3689 7284
3689 7214
3689 6894
3689 6889
3689 5472
3689 5153
3689 5117
3690 8609
3690 4181
3690 3871
3690 3796
3690 4236
3691 8121
3691 7983
3691 7979
3691 6232
3691 5373
3691 4698
3691 8146
3691 7429
3691 5804
3691 5800
3691 7837
3691 7827
3691 5581
3692 6695
3693 8227
3693 7692
3693 6965
3693 5894
3693 4483
3693 8007
3693 7826
3693 7287
3693 6854
3693 6622
3693 6376
3693 5545
3693 5214
3694 4810
3695 7111
3695 6116
3695 4548
3695 3995
3695 8517
3695 8428
3695 8080
3695 7980
3695 7514
3695 6066
3695 5848
3695 5171
3695 3776
3695 5584
3696 6990
3696 4074
3696 7083
3696 4590
3696 3766
3697 8576
3697 7785
3697 7640
3697 7417
3697 6832
3697 6702
3697 4740
3697 8195
3697 7896
3697 7394
3697 7316
3697 7002
3697 6925
3697 5326
3697 4284
3698 6518
3698 5843
3698 4794
3698 7807
3698 7763
3699 6361
3699 5706
3699 8230
3699 6043
3699 7367
3699 5004
3700 7582
3700 7470
3700 5246
3701 8691
3701 7119
3701 5656
3701 4523
3701 4071
3701 8673
3701 7968
3701 5994
3703 8201
3703 8092
3703 7132
3703 6966
3703 5793
3703 5477
3703 4552
3703 8675
3703 6686
3703 5280
3705 8256
3705 7700
3705 6779
3705 6584
3705 6114
3705 5766
3705 5223
3705 5095
3705 4861
3705 4788
3705 4739
3705 3838
3705 8318
3705 8275
3705 7602
3705 4691
3706 5287
3706 3938
3706 7387
3707 8080
3707 7461
3707 8434
3707 7599
3707 7580
3707 7016
3707 5364
3707 7057
3707 5155
3707 4666
3708 4764
3708 4554
3708 8573
3708 8551
3708 8475
3708 8430
3708 7772
3708 7398
3708 7357
3708 7274
3708 5417
3708 5291
3708 5102
3708 4497
3708 3950
3708 8512
3708 8492
3708 7596
3709 6458
3709 8494
3710 6643
3710 6587
3710 8213
3710 7448
3710 6644
3710 6580
3710 6370
3710 4971
3710 4784
3710 4328
3712 8749
3712 8661
3712 8171
3712 7402
3712 7310
3712 6342
3712 4456
3712 3820
3712 7315
3712 6467
3712 6037
3712 5444
3712 5082
3712 4745
3714 6874
3714 5371
3714 4506
3714 3825
3714 8510
3714 7058
3714 6836
3714 6742
3714 5954
3714 5598
3714 4948
3715 8727
3715 8527
3715 8303
3715 8296
3715 7600
3715 7451
3715 5611
3715 5408
3715 7331
3715 6960
3715 5073
3715 4824
3715 4309
3715 4561
3716 6650
3716 5352
3716 4282
3716 8699
3716 8644
3716 8294
3716 8195
3716 7879
3716 6625
3716 5348
3716 4967
3716 4649
3716 4192
3717 8170
3717 8659
3717 8403
3717 7878
3717 6622
3717 4626
3717 3754
3717 8394
3717 8322
3717 7823
3717 7601
3717 7285
3717 7258
3717 7230
3717 6945
3717 6510
3717 6441
3717 4735
3717 4722
3718 8695
3718 6014
3718 5203
3718 4181
3718 3738
3719 5622
3719 5216
3720 7299
3720 6972
3720 4451
3721 5889
3721 5436
3722 8677
3722 6472
3722 5499
3722 5401
3722 4099
3724 8443
3724 6488
3724 6079
3724 5365
3724 5276
3724 3930
3724 8759
3724 7880
3724 7847
3724 5813
3724 5467
3724 5360
3724 4099
3724 7457
3725 7245
3725 8424
3726 8576
3726 6486
3726 5602
3726 8716
3726 8654
3726 8635
3726 8326
3726 8271
3726 8214
3726 8142
3726 7702
3726 7316
3726 7131
3726 6952
3726 6646
3726 5552
3726 5434
3726 5401
3726 5086
3726 4874
3726 4683
3726 4623
3726 5167
3727 7334
3728 8717
3728 5678
3728 8756
3728 8309
3728 8192
3728 8062
3728 6947
3728 6584
3728 5778
3728 5110
3728 4930
3728 8538
3728 8177
3728 8127
3728 8061
3728 7604
3728 7071
3728 5779
3728 5203
3728 4958
3728 3807
3729 7481
3729 3977
3729 8749
3729 8526
3729 8479
3729 7400
3729 6570
3729 5372
3729 4906
3729 4870
3729 7743
3729 6707
3729 5448
3729 4230
3730 7911
3730 7797
3730 7523
3730 8661
3730 8133
3730 7979
3730 7916
3730 6786
3730 6700
3730 5960
3730 5613
3730 4289
3730 4232
3730 3962
3730 3753
3730 8060
3730 7743
3730 7438
3730 3945
3732 8290
3732 8282
3732 7886
3732 7657
3732 6614
3732 5350
3732 4957
3732 8701
3732 8634
3732 8306
3732 8196
3732 7653
3732 7608
3732 6948
3732 5990
3732 3925
3732 3787
3732 4841
3733 5574
3734 8561
3734 6655
3734 6346
3734 8227
3734 6236
3734 6081
3734 5992
3734 5805
3734 5196
3734 6035
3734 3774
3736 8490
3736 8037
3736 6690
3736 8620
3736 6228
3736 5028
3737 7788
3737 6545
3737 5792
3737 5317
3737 5231
3737 4965
3737 8050
3737 7878
3737 7791
3737 7657
3737 7267
3737 6887
3737 6861
3737 6836
3737 5908
3737 5899
3737 5753
3737 5508
3737 5454
3737 5384
3737 4784
3737 7628
3737 7398
3738 7113
3738 5707
3738 5809
3739 7832
3739 7492
3739 5368
3739 5207
3739 5083
3739 4720
3739 7197
3740 3897
3740 8581
3740 8260
3740 8205
3740 7098
3740 5148
3740 5047
3740 4625
3740 8485
3740 8259
3740 6634
3740 6487
3740 4668
3741 5660
3741 4461
3742 8655
3742 8641
3742 7461
3742 7116
3742 6849
3742 6019
3742 5942
3742 4185
3742 8620
3742 8571
3742 8418
3742 7901
3742 7501
3742 7298
3742 5820
3742 5631
3742 5614
3742 4925
3742 4909
3744 8673
3744 8325
3744 8296
3744 7985
3744 7398
3744 7370
3744 5921
3744 5674
3744 5470
3744 5083
3744 4616
3744 5968
3744 5109
3745 6557
3745 3980
3745 7696
3745 5465
3745 4782
3745 4552
3746 8325
3746 8244
3746 7972
3746 6110
3746 3975
3746 7542
3746 7216
3747 8533
3747 8363
3747 8319
3747 8269
3747 8059
3747 7144
3747 5633
3747 5119
3747 4273
3747 8727
3747 8322
3747 8302
3747 8031
3747 8029
3747 7593
3747 7336
3747 6940
3747 6624
3747 6616
3747 5947
3747 5808
3747 5745
3747 5446
3747 5268
3747 4683
3747 5275
3747 3896
3747 3858
3748 6584
3748 4625
3748 7559
3748 4211
3749 8655
3749 8221
3749 8188
3749 8156
3749 7668
3749 7556
3749 7303
3749 7144
3749 6700
3749 6580
3749 6019
3749 5788
3749 5769
3749 5346
3749 5026
3749 4604
3749 4114
3749 3771
3749 8485
3749 8475
3749 8060
3749 7230
3749 6889
3749 6268
3749 5673
3749 4099
3750 8035
3750 5678
3750 8625
3750 8577
3750 8188
3750 6395
3750 5294
3750 5105
3750 4022
3750 7230
3750 4045
3751 8416
3751 7841
3751 7787
3751 7766
3751 7670
3751 7450
3751 7027
3751 6849
3751 6318
3751 5862
3751 5801
3751 5126
3751 4141
3751 4085
3751 8679
3751 8553
3751 8341
3751 8258
3751 8109
3751 8055
3751 6640
3751 6566
3751 5963
3751 5272
3751 5191
3751 4858
3751 3945
3751 3853
3751 3840
3752 8638
3752 8430
3752 8348
3752 7492
3752 7445
3752 7060
3752 6858
3752 5627
3752 5452
3752 5308
3752 4189
3752 3935
3752 3848
3752 6960
3752 6794
3752 6169
3752 3978
3752 3779
3753 4280
3753 8533
3753 8399
3753 7645
3753 5746
3753 5336
3753 3777
3753 8656
3753 8640
3753 8294
3753 8271
3753 8211
3753 8196
3753 7798
3753 7744
3753 7628
3753 7453
3753 6490
3753 5486
3753 4779
3753 4621
3754 7117
3754 7975
3754 7422
3754 7229
3754 6861
3754 6584
3754 6563
3754 4947
3755 8723
3755 8531
3755 8203
3755 7896
3755 6703
3755 5946
3755 5628
3755 5405
3755 5212
3755 3950
3755 8455
3755 8028
3755 7070
3755 5202
3755 4460
3755 4112
3755 3858
3756 8334
3756 7992
3756 8661
3756 8641
3756 8178
3756 7382
3756 4916
3756 4069
3756 8481
3756 8402
3756 7981
3756 7458
3756 6964
3756 6768
3756 6429
3756 5261
3756 4430
3757 7623
3757 8399
3757 8288
3757 7718
3757 7267
3757 6836
3757 5407
3757 5403
3757 4597
3758 7151
3758 6938
3758 6854
3758 6700
3758 6035
3758 5807
3758 4959
3758 4943
3758 8444
3758 8201
3758 7987
3758 7409
3758 5866
3758 5506
3758 5115
3758 4814
3758 4757
3759 8679
3759 8055
3759 8027
3759 7702
3759 3804
3759 7695
3759 3796
3760 8604
3760 8578
3760 8227
3760 8428
3760 7975
3760 7233
3760 7212
3760 7125
3760 6836
3760 6372
3760 6298
3760 5616
3760 5110
3760 4769
3761 8335
3761 8058
3761 7791
3761 7717
3761 6096
3761 8652
3761 8651
3761 8196
3761 8038
3761 7192
3761 7145
3761 6773
3761 6748
3761 6100
3761 5795
3761 5399
3761 4958
3761 4543
3761 3812
3761 7970
3762 8606
3762 8559
3762 6098
3762 5357
3762 8580
3762 8091
3762 7052
3762 6913
3762 6134
3762 6022
3762 4768
3763 8533
3763 8050
3763 5351
3763 4685
3763 8305
3763 8293
3763 8162
3763 8158
3763 8142
3763 8109
3763 7989
3763 7698
3763 7262
3763 7260
3763 5360
3763 4793
3763 5906
3764 7527
3764 6332
3764 5031
3764 4719
3764 4262
3764 8457
3764 7881
3764 7717
3764 6864
3764 6614
3764 5602
3764 5431
3765 8756
3765 7425
3765 5294
3765 3946
3765 8477
3765 8139
3765 8057
3765 7880
3765 7691
3765 7476
3765 6970
3765 5467
3765 4838
3765 8128
3766 8526
3766 8433
3766 8213
3766 7423
3766 6185
3766 5071
3766 4590
3766 8109
3766 8065
3766 7348
3766 7332
3766 6624
3766 6616
3766 3912
3767 8290
3767 7293
3767 6636
3767 5223
3767 8640
3767 8529
3767 8216
3767 7865
3767 7740
3767 6608
3767 5479
3767 4858
3767 4737
3767 4189
3767 7154
3767 5906
3768 7425
3768 6987
3768 5450
3768 5112
3768 4948
3768 8708
3768 8376
3768 8177
3768 6227
3768 5511
3768 5506
3768 5308
3768 4284
3768 7970
3768 5759
3769 8621
3769 8573
3769 8378
3769 7203
3769 5261
3769 4819
3769 8486
3769 6679
3769 5606
3769 4689
3770 8312
3770 7518
3770 8740
3770 8572
3770 8377
3770 7785
3770 7723
3770 7680
3770 7449
3770 7308
3770 6953
3770 6561
3770 5362
3770 4955
3770 8527
3770 8473
3770 7809
3770 7744
3770 7601
3770 7318
3770 6563
3770 5630
3770 5446
3770 5277
3770 5271
3770 5265
3771 4818
3771 4355
3771 7892
3771 7487
3771 7158
3771 6688
3771 6636
3771 6323
3771 5826
3771 5130
3771 5004
3771 4685
3771 3809
3771 8725
3771 5617
3771 4817
3771 3939
3772 8660
3772 8659
3772 8261
3772 8119
3772 7651
3772 7511
3772 7198
3772 7083
3772 6456
3772 6390
3772 6066
3772 8325
3772 8203
3772 8175
3772 7858
3772 7776
3772 7445
3772 7214
3772 5953
3772 5820
3772 5289
3772 4108
3773 8274
3773 5565
3773 8475
3773 5680
3773 5028
3773 4707
3773 3863
3773 7160
3773 5500
3774 8004
3774 6545
3774 5869
3774 4262
3774 8436
3774 8156
3774 7960
3774 7786
3774 7739
3774 6951
3774 6034
3774 5924
3774 5797
3774 3965
3774 8652
3774 8287
3774 7789
3774 5548
3774 4956
3775 8756
3775 8749
3775 8535
3775 8298
3775 8159
3775 7402
3775 6534
3775 6486
3775 4932
3775 4930
3775 4634
3775 8718
3775 8626
3775 8293
3775 8142
3775 8101
3775 7307
3775 6540
3775 6490
3775 6188
3775 6110
3775 4189
3775 3948
3775 8486
3776 7781
3776 7407
3776 7241
3776 5547
3776 4145
3776 8410
3776 7450
3776 7292
3776 4961
3776 4576
3776 8294
3776 8281
3776 7463
3777 8312
3777 7765
3777 7518
3777 6054
3777 5869
3777 5196
3777 4546
3777 3811
3777 8642
3777 8155
3777 7980
3777 7643
3777 7321
3777 6947
3777 6614
3777 6488
3777 6063
3777 5899
3777 5633
3777 5362
3777 5276
3777 5116
3777 8623
3777 8216
3777 7659
3777 7628
3778 6297
3778 8671
3778 7790
3778 7640
3778 6951
3778 5788
3778 4038
3778 8643
3778 8281
3778 7275
3778 7251
3778 5470
3778 4874
3779 8161
3779 7315
3779 8082
3779 8052
3779 7347
3779 4387
3780 8435
3780 8295
3780 8286
3780 8138
3780 6975
3780 5875
3780 5609
3780 5472
3780 5115
3780 4458
3780 8190
3780 7224
3780 4733
3781 8403
3781 7874
3781 7296
3781 5981
3781 5620
3781 5435
3781 6776
3781 6605
3781 5472
3781 5382
3781 5282
3781 4389
3781 7958
3781 7596
3782 8720
3782 8358
3782 8192
3782 7693
3782 3809
3782 8668
3782 8485
3782 6468
3782 5218
3782 6705
3782 5415
3783 6512
3783 8559
3783 8009
3783 7953
3783 7628
3783 5897
3783 5627
3783 5053
3783 4980
3783 5158
3783 4912
3784 8758
3785 8332
3785 8313
3785 8299
3785 8111
3785 8084
3785 7796
3785 7723
3785 7282
3785 6849
3785 5910
3785 5407
3785 5270
3785 5267
3785 4861
3785 4777
3785 3905
3785 8553
3785 8214
3785 8108
3785 7039
3785 6968
3785 5153
3785 3948
3787 6366
3787 8242
3787 6952
3787 6709
3787 5509
3787 4909
3787 4313
3787 7434
3787 7397
3787 6972
3789 8674
3789 8618
3789 8506
3789 7717
3789 7320
3789 7246
3789 7151
3789 6234
3789 4328
3789 3980
3789 8554
3789 8127
3789 7698
3789 6968
3789 5303
3789 3816
3791 6056
3791 5317
3791 4553
3791 4119
3791 6489
3791 5269
3791 5211
3792 8645
3792 8261
3792 8156
3792 7267
3792 6947
3792 6644
3792 6618
3792 6416
3792 6114
3792 5899
3792 4954
3792 8624
3792 8064
3792 7882
3792 7230
3792 7203
3792 6775
3792 6368
3792 5452
3792 3840
3792 5764
3793 8482
3793 6064
3793 5175
3793 4698
3793 4071
3793 7971
3793 7430
3793 7249
3793 7227
3793 6625
3793 5963
3793 8552
3793 4841
3793 4192
3794 6607
3794 5789
3794 5488
3794 8747
3794 7212
3794 5961
3794 5940
3794 5778
3794 7262
3794 4858
3795 8689
3795 7885
3795 7829
3795 7102
3795 4725
3795 8618
3795 7980
3795 7816
3795 7180
3795 5773
3795 5366
3795 5259
3795 4926
3795 4600
3796 8702
3796 8555
3796 7912
3796 7840
3796 7562
3796 7316
3796 7201
3796 6898
3796 6098
3796 6021
3796 5804
3796 5600
3796 5452
3796 5024
3798 7620
3798 7261
3798 3802
3798 8645
3798 7560
3798 7389
3798 6552
3798 5725
3798 5446
3798 4534
3800 5251
3800 7079
3800 5433
3801 6758
3801 6389
3801 4452
3801 4378
3802 6757
3802 6519
3802 8007
3802 7545
3802 6539
3802 5981
3802 5372
3802 4604
3802 4571
3803 8467
3803 4954
3803 8715
3803 8284
3803 5361
3803 5142
3803 5101
3803 7160
3804 4916
3804 8504
3804 7204
3804 4980
3804 4095
3804 3871
3805 8102
3805 7314
3805 5603
3805 4861
3805 4617
3805 3905
3805 7770
3805 7071
3805 6675
3805 6563
3805 6540
3805 6309
3805 6017
3805 4312
3805 4033
3805 3854
3805 7482
3805 6344
3806 7649
3806 7187
3806 6965
3806 4136
3806 4059
3806 6770
3807 8628
3807 5945
3807 5797
3807 5032
3807 8558
3807 8553
3807 8293
3807 8244
3807 8113
3807 7629
3807 7258
3807 6889
3807 6616
3807 6368
3807 6112
3807 5820
3807 5674
3807 5673
3807 5236
3807 4960
3807 4958
3807 4649
3807 3921
3807 3852
3807 7621
3807 7482
3807 4665
3807 4089
3808 4727
3808 8691
3808 7645
3808 6516
3808 3821
3809 8410
3809 7825
3809 7603
3809 6849
3809 6595
3809 6096
3809 5742
3809 4862
3809 4740
3809 4576
3809 8725
3809 8555
3809 8538
3809 8474
3809 8164
3809 8152
3809 8038
3809 8011
3809 7823
3809 6536
3809 5943
3809 5611
3809 4977
3809 4958
3809 3853
3810 5909
3811 8272
3811 7187
3811 6125
3811 8165
3811 6066
3811 5913
3812 6692
3812 8514
3812 7132
3812 7068
3812 5716
3813 7064
3813 5789
3813 7722
3813 6144
3813 4581
3814 8727
3814 8558
3814 8246
3814 7702
3814 6540
3814 6112
3814 5552
3814 5251
3814 4775
3814 8579
3814 8366
3814 8091
3814 4602
3814 7905
3814 4627
3815 6755
3816 8488
3816 7252
3816 8656
3816 8529
3816 5761
3818 7992
3819 8228
3819 4380
3820 5876
3820 8542
3820 8389
3820 6383
3820 4831
3820 8090
3820 6963
3820 5623
3820 5357
3820 3827
3821 8543
3821 7528
3821 6118
3821 7783
3821 7121
3821 6589
3821 5173
3822 6377
3822 5873
3822 5743
3822 4507
3823 7323
3823 7237
3823 5964
3823 7290
3823 5710
3823 5470
3823 5069
3823 4814
3824 8329
3824 8301
3824 8141
3824 7989
3824 7205
3824 5364
3824 4314
3824 5608
3824 4996
3824 4691
3824 4105
3824 8682
3824 6926
3825 7932
3825 7644
3825 4016
3825 8647
3825 7673
3825 7455
3825 5924
3825 4932
3826 8117
3826 6947
3826 4861
3826 8651
3826 8248
3826 8206
3826 8030
3826 7597
3826 7380
3826 7203
3826 7124
3826 6950
3826 6510
3827 8433
3827 8313
3827 7952
3827 7822
3827 7638
3827 7466
3827 5670
3827 8672
3827 8323
3827 7978
3827 7284
3827 7197
3829 6447
3829 5831
3830 4502
3831 8382
3831 5424
3831 7907
3832 8565
3832 6365
3832 4731
3833 6533
3833 6293
3833 7014
3833 6995
3833 5392
3834 7062
3834 8667
3834 8025
3834 4736
3834 4038
3834 5875
3834 5069
3835 8683
3835 7196
3835 6186
3835 5606
3835 5391
3835 5104
3835 5588
3836 8471
3836 8284
3836 7621
3836 5490
3836 7905
3837 6349
3838 5898
3838 8282
3838 7080
3838 6298
3838 5577
3838 4629
3838 8361
3838 8273
3838 8030
3838 6309
3838 5393
3839 6913
3840 8556
3840 8517
3840 8080
3840 8079
3840 7669
3840 5744
3840 4941
3840 8236
3840 8158
3840 8036
3840 7849
3840 7562
3840 7160
3841 6332
3843 6596
3843 3967
3847 6319
3848 8663
3848 8288
3848 7975
3848 7748
3848 7671
3848 7417
3848 7269
3848 6067
3848 5967
3848 5960
3848 5715
3848 5046
3848 4036
3848 8702
3848 8662
3848 8551
3848 8323
3848 8296
3848 7760
3848 5117
3848 4935
3848 4786
3849 8081
3849 6849
3849 8280
3849 8152
3849 7755
3849 4271
3850 7684
3850 7439
3850 7314
3850 6568
3850 6185
3850 5787
3850 5173
3850 8435
3850 8179
3850 8160
3850 7463
3850 5751
3850 4960
3851 7977
3851 7826
3851 7450
3851 6828
3851 6568
3851 5766
3851 5545
3851 5199
3851 5114
3851 5032
3851 4961
3851 3993
3851 8624
3851 8430
3851 8329
3851 8316
3851 8306
3851 8294
3851 8247
3851 8103
3851 7795
3851 6558
3851 6136
3851 6011
3851 5611
3851 5609
3851 5282
3851 4189
3851 3981
3851 7305
3851 5280
3852 7668
3852 5147
3852 8665
3852 8588
3852 8493
3852 8463
3852 8418
3852 8294
3852 8161
3852 8152
3852 7888
3852 6640
3852 6612
3852 6322
3852 5777
3852 5397
3852 6679
3852 4589
3853 8363
3853 8104
3853 7425
3853 7382
3853 6946
3853 6488
3853 5386
3853 4949
3853 8731
3853 8723
3853 7770
3853 7742
3853 6135
3853 5955
3853 5745
3853 5212
3853 5178
3853 4958
3853 4566
3853 5806
3854 7723
3854 7531
3854 6230
3854 5945
3854 5799
3854 4759
3854 8652
3854 7142
3854 7072
3854 8019
3854 5478
3854 4762
3854 4602
3854 4499
3855 4876
3855 8670
3855 7322
3855 6003
3855 5976
3855 4832
3855 7825
3855 7619
3855 4944
3855 4381
3856 8309
3856 4954
3856 3946
3856 8679
3856 8493
3856 8307
3856 8195
3856 7658
3856 7476
3856 7380
3856 7295
3856 6616
3856 6467
3856 5055
3856 4601
3856 8439
3856 5780
3856 5409
3857 8100
3857 6522
3857 5326
3857 4742
3857 4192
3858 8654
3858 8551
3858 8153
3858 6689
3858 6675
3858 6098
3858 6009
3858 3931
3858 8733
3858 8724
3858 6746
3858 6442
3858 4783
3859 8025
3859 4140
3859 7683
3860 8363
3860 7578
3860 6891
3860 6133
3860 5381
3860 4603
3861 7207
3861 6636
3861 6595
3861 5778
3861 8238
3861 8158
3862 3907
3862 4790
3863 8714
3863 8536
3863 8321
3863 8269
3863 4949
3863 4739
3863 3979
3863 8412
3863 8297
3863 7828
3863 7409
3863 7095
3863 6467
3863 5779
3863 5770
3863 4688
3863 8758
3863 8128
3863 7595
3863 7276
3863 5409
3863 4742
3868 6841
3871 8650
3871 8009
3871 8006
3871 4204
3871 6334
3872 5322
3872 3942
3873 5399
3873 4975
3873 6289
3874 6766
3874 4170
3881 6848
3881 6292
3881 4350
3881 7130
3882 7571
3882 7651
3882 6005
3882 7930
3882 6569
3882 6033
3882 5342
3883 6212
3889 5733
3889 6669
3889 6587
3889 5436
3892 7567
3896 8439
3896 8369
3896 3992
3896 6321
3897 5678
3897 6828
3897 5105
3898 8307
3898 6468
3898 6168
3898 5866
3898 5106
3898 4209
3899 5150
3900 7077
3900 4686
3900 7910
3900 7147
3900 7135
3900 6354
3900 4914
3900 4635
3901 7081
3901 8582
3901 8339
3901 5836
3901 5563
3901 3936
3901 8474
3901 6324
3902 8410
3902 4860
3902 8650
3902 8508
3902 8360
3902 8153
3902 8023
3902 7451
3902 7348
3902 6037
3902 5947
3902 5347
3902 4779
3903 8504
3903 5210
3904 8689
3904 7820
3904 7432
3904 6874
3904 8700
3904 7983
3904 7448
3904 7425
3904 6692
3904 6622
3904 5450
3904 8294
3904 5990
3904 4035
3905 4724
3905 8642
3905 8618
3905 7444
3905 7246
3905 7198
3905 6639
3905 6343
3905 5620
3905 5026
3905 4315
3905 8601
3905 8259
3905 7957
3905 7631
3905 6399
3905 5219
3905 4822
3906 5675
3906 4363
3906 3934
3906 4627
3906 4511
3906 4473
3907 7967
3907 7481
3907 6514
3907 5554
3907 8557
3907 8459
3907 7319
3907 5848
3907 5744
3907 5276
3907 4590
3907 4380
3908 6487
3908 6262
3909 8739
3909 6858
3909 5584
3909 8344
3910 6142
3911 7186
3912 8223
3912 6638
3912 5907
3912 5373
3912 3930
3912 7288
3912 6876
3912 6339
3914 8560
3915 5229
3916 7183
3916 4365
3917 8661
3917 8223
3917 6918
3917 6300
3917 3979
3917 8742
3917 7208
3917 5207
3918 8737
3918 5576
3918 7654
3918 4973
3918 4707
3919 8377
3919 7784
3919 6946
3919 6106
3919 5084
3919 4926
3919 8437
3919 7888
3919 7372
3919 7297
3919 5682
3919 5069
3919 4600
3920 8197
3920 7684
3920 7416
3920 8165
3920 8081
3920 7700
3920 7466
3920 7123
3920 7063
3920 6958
3920 6810
3920 5913
3920 5395
3920 5386
3920 8281
3920 8216
3920 7957
3920 7442
3920 6646
3921 7786
3921 6176
3921 4282
3921 8327
3921 7476
3921 7442
3921 7260
3921 6540
3921 5953
3921 5813
3921 4722
3921 8254
3922 6603
3922 5472
3922 7419
3922 7305
3923 8431
3923 7413
3923 7144
3923 6359
3923 5130
3923 5114
3923 5004
3923 4951
3923 4114
3923 8514
3923 8029
3923 7987
3923 7698
3923 7652
3923 6974
3923 6634
3923 6017
3923 5959
3924 5703
3924 5700
3924 8506
3924 7308
3924 7278
3924 6590
3924 6390
3924 5545
3925 8062
3925 7793
3925 7668
3925 7514
3925 6650
3925 6366
3925 5956
3925 5776
3925 4456
3925 8460
3925 8264
3925 8244
3925 7451
3925 7309
3925 7285
3925 7271
3925 5813
3925 5683
3925 5634
3925 5444
3925 5389
3925 4956
3925 6169
3925 6131
3925 5644
3925 4460
3926 8360
3926 8161
3926 6941
3926 7079
3926 4666
3926 6321
3926 4256
3927 8440
3927 6810
3927 4287
3927 8638
3927 8322
3927 8271
3927 7989
3927 7957
3927 7626
3927 7420
3927 7262
3927 6110
3927 5551
3927 5100
3927 4205
3927 8254
3927 7726
3927 4288
3928 8272
3928 4719
3928 8697
3928 5172
3928 3952
3929 8328
3929 8269
3929 8117
3929 8111
3929 7759
3929 7439
3929 7389
3929 6835
3929 6644
3929 4604
3929 8303
3929 8194
3929 7924
3929 7473
3929 6487
3929 6468
3929 6438
3929 5946
3929 6442
3930 8274
3930 5702
3930 4892
3930 4383
3930 4285
3930 5387
3930 5289
3930 3945
3930 3935
3931 8490
3931 7700
3931 4954
3931 8626
3931 8146
3931 7660
3931 7284
3931 6624
3931 5897
3931 4219
3931 4031
3931 7378
3931 7070
3931 6491
3931 6446
3931 5968
3932 8197
3932 7330
3932 8693
3932 8536
3932 8311
3932 6376
3932 5114
3932 4456
3932 7817
3932 5291
3933 7102
3933 5169
3933 4136
3933 8502
3933 8479
3933 7975
3933 7478
3933 7449
3933 7246
3933 5599
3934 7594
3934 7052
3934 6466
3934 6205
3934 5606
3934 4773
3934 6550
3934 5635
3934 5388
3935 8728
3935 8647
3935 7615
3935 7067
3935 5828
3935 4853
3935 8009
3935 7747
3935 5936
3935 8157
3935 7883
3935 5443
3936 7459
3936 5620
3937 7785
3937 7701
3937 7417
3937 6096
3937 8029
3937 7949
3937 7452
3937 7133
3937 6899
3937 7986
3937 5996
3937 5266
3937 5165
3937 3964
3938 7835
3938 6835
3938 5785
3938 4185
3938 4177
3938 7126
3938 5484
3938 5201
3939 8225
3939 8156
3939 7655
3939 6568
3939 5797
3939 5211
3939 8731
3939 8624
3939 8442
3939 8162
3939 7465
3939 7193
3939 5808
3939 5511
3939 5158
3939 4112
3940 6613
3940 6236
3940 5832
3940 5621
3940 5296
3940 4968
3940 4059
3941 8248
3941 7747
3941 7451
3941 7315
3941 7294
3941 5452
3941 8760
3941 8486
3941 8091
3941 7618
3941 7519
3941 6954
3941 5780
3941 5718
3941 5284
3942 5504
3942 6018
3942 5812
3942 4688
3942 5555
3943 8130
3943 7195
3943 8339
3943 8054
3943 6979
3943 6606
3943 6343
3943 5899
3943 4604
3943 4114
3943 8329
3944 6938
3944 4110
3945 8490
3945 7975
3945 7423
3945 6636
3945 6443
3945 6065
3945 5696
3945 8131
3945 8036
3945 6021
3945 5002
3945 4909
3945 5443
3946 8373
3946 8050
3946 7514
3946 7448
3946 7428
3946 7182
3946 6987
3946 6967
3946 6843
3946 6650
3946 6370
3946 6114
3946 6066
3946 4761
3946 8723
3946 8493
3946 8195
3946 8060
3946 6374
3946 6100
3946 5086
3946 4672
3947 8487
3948 8290
3948 8207
3948 8040
3948 7784
3948 7417
3948 7311
3948 6921
3948 5613
3948 5175
3948 4961
3948 8638
3948 7334
3948 7071
3948 6687
3948 5586
3948 5356
3948 5301
3948 6752
3949 8084
3949 6696
3949 6544
3949 4127
3950 7886
3950 7267
3950 4936
3950 8644
3950 8592
3950 8590
3950 8196
3950 7823
3950 7821
3950 7818
3950 7232
3950 7146
3950 7142
3950 7002
3950 6675
3950 6543
3950 5897
3950 5793
3950 5627
3950 4929
3950 4616
3950 4047
3950 8120
3950 6565
3950 4950
3951 4119
3951 5189
3952 8042
3952 7869
3952 6856
3952 5553
3952 5411
3952 8749
3952 8502
3952 8342
3952 8282
3952 7723
3952 7439
3952 7300
3952 7272
3952 7269
3952 6343
3952 6171
3952 5602
3952 4944
3952 4906
3952 4625
3952 4327
3953 8422
3953 6116
3953 7931
3953 6034
3953 4607
3953 4036
3953 3962
3953 7956
3953 7451
3954 7605
3954 6439
3954 4152
3954 6004
3955 7326
3955 6049
3955 7964
3955 7784
3955 7314
3955 4187
3955 5069
3957 6107
3958 5735
3958 6417
3959 6929
3959 5640
3959 4510
3960 8582
3960 8058
3960 7655
3960 7414
3960 4788
3960 8525
3960 7823
3960 5729
3961 4612
3961 5300
3962 8180
3962 8584
3962 8490
3962 8173
3962 8080
3962 8050
3962 7975
3962 7428
3962 7311
3962 7231
3962 6808
3962 6556
3962 5791
3962 5353
3962 4766
3962 4599
3962 4576
3962 4523
3962 4143
3962 8665
3962 8485
3962 8374
3962 8215
3962 7193
3963 8263
3963 8012
3963 7742
3963 7315
3963 6940
3963 5963
3963 5866
3963 5615
3963 5025
3963 4858
3963 7502
3963 7424
3963 5622
3964 8736
3964 8649
3964 8626
3964 8463
3964 8247
3964 7987
3964 7628
3964 7409
3964 7384
3964 7316
3964 7184
3964 6367
3964 6227
3964 4967
3964 4940
3964 4377
3964 4291
3964 8218
3964 8181
3964 7827
3964 7681
3964 7299
3964 7073
3964 6628
3964 5731
3964 5701
3964 4841
3964 4301
3965 8622
3965 8048
3965 8034
3965 5908
3965 5766
3965 5340
3965 5192
3965 5026
3967 4533
3967 4051
3968 7870
3969 6045
3969 4350
3973 7927
3975 8657
3975 8624
3975 8621
3975 8329
3975 7828
3975 6889
3975 5446
3975 5282
3975 4314
3975 4230
3976 4999
3976 8611
3976 6965
3976 6055
3976 5381
3977 6326
3977 8642
3977 7779
3977 4469
3977 4114
3979 5556
3979 8661
3979 8410
3979 8290
3979 8188
3979 7514
3979 6849
3979 6065
3979 4943
3979 7629
3979 7345
3979 7263
3980 6617
3980 7265
3980 5580
3981 8432
3981 8204
3981 5586
3981 5363
3981 4934
3981 8008
3981 7906
3981 7173
3990 5258
3990 6915
3992 6335
3993 7364
3993 8506
3993 8431
3993 8169
3993 8163
3993 8058
3993 7705
3993 5359
3993 4788
3993 7297
3993 7199
3993 5923
3993 5341
3994 7924
3994 6510
3995 7322
3995 8691
3995 7469
3995 6395
3995 6183
4004 5986
4004 5095
4004 8351
4004 5610
4014 7859
4014 7812
4016 6680
4016 6210
4016 7759
4016 7680
4018 8430
4018 7763
4018 5933
4018 4066
4020 8752
4020 4571
4020 8474
4022 6546
4022 6054
4022 4686
4022 7423
4022 5694
4022 4954
4022 4521
4022 4516
4022 8360
4023 5061
4023 7697
4023 5837
4023 5734
4024 8236
4024 8758
4024 7049
4024 6560
4029 6787
4029 6319
4031 8535
4031 6541
4031 6041
4031 5910
4031 5694
4031 5336
4031 5161
4031 5121
4031 4615
4031 8438
4031 8240
4031 8158
4031 7604
4031 7214
4032 6697
4032 7664
4033 8526
4033 8363
4033 6951
4033 6808
4033 6636
4033 6486
4033 6065
4033 5899
4033 4769
4033 8699
4033 8432
4033 7817
4033 7196
4033 7016
4033 6662
4033 6705
4033 5370
4033 5338
4034 5131
4035 8697
4035 8519
4035 8511
4035 8220
4035 8192
4035 8244
4035 8196
4035 8152
4035 7794
4035 7768
4035 7763
4035 7465
4035 7294
4035 7126
4035 6968
4035 5627
4035 5083
4035 4649
4035 4314
4035 4189
4035 7341
4035 5138
4035 4702
4036 5876
4036 8118
4036 5549
4036 7953
4036 7249
4036 5564
4036 4967
4037 6746
4038 7644
4038 5031
4038 8693
4038 7323
4038 7121
4038 5704
4038 4767
4038 8424
4038 5200
4039 5179
4039 7257
4040 7644
4040 7330
4040 7931
4040 5603
4040 5354
4040 5114
4040 5071
4041 5342
4042 8647
4042 7871
4042 7353
4042 5354
4042 5222
4042 4928
4042 4765
4042 4287
4042 7328
4042 7095
4042 6522
4042 6068
4042 5226
4042 4913
4042 4155
4043 5199
4043 8302
4043 7199
4043 6449
4043 4684
4044 6525
4044 4855
4045 7884
4045 7638
4045 6512
4045 6489
4045 4341
4045 4276
4045 8258
4045 7926
4046 7046
4046 6215
4047 8451
4047 8144
4047 8080
4047 7396
4047 6677
4047 8739
4047 8738
4047 8551
4047 8030
4047 7601
4047 7476
4047 7350
4047 7215
4047 6536
4047 6098
4047 5236
4047 7482
4047 7224
4047 7057
4047 5177
4047 4293
4047 4112
4049 8581
4049 7714
4049 7673
4049 7640
4049 6854
4049 8437
4049 8297
4049 7196
4049 6968
4049 5761
4049 5115
4049 4929
4050 8669
4050 7692
4050 8639
4050 8342
4050 8062
4050 7966
4050 7633
4050 6836
4050 6039
4050 5971
4050 5797
4050 5354
4050 8531
4050 8257
4050 8122
4050 7747
4050 7316
4050 7149
4050 6950
4050 6563
4050 6015
4050 5617
4051 7128
4051 6514
4051 4545
4054 4128
4058 8514
4059 5901
4059 8709
4059 8227
4059 8063
4059 7416
4059 8749
4059 8431
4059 8292
4059 8221
4059 7440
4059 6445
4059 5913
4059 5828
4059 4141
4060 6794
4061 4121
4062 8035
4062 4840
4064 7238
4064 4699
4066 6068
4066 5623
4066 6771
4068 5831
4069 5437
4069 8193
4069 7884
4069 7135
4070 6495
4071 8387
4071 8197
4071 4280
4071 8663
4071 7874
4071 7590
4071 4767
4071 4698
4071 8293
4071 7896
4072 4254
4073 5048
4073 4388
4074 7947
4076 8707
4076 7653
4076 6061
4076 5741
4085 6326
4085 8476
4085 6114
4085 5151
4085 4830
4085 8553
4085 8538
4085 8240
4085 7789
4085 6438
4085 4189
4086 8421
4086 5553
4087 7997
4087 5139
4087 8703
4087 8291
4087 8119
4087 7292
4087 7182
4087 6345
4087 5941
4087 5757
4087 8129
4087 5584
4089 8430
4089 6869
4089 6021
4089 5707
4089 4236
4091 7386
4091 6549
4093 8408
4093 8370
4093 5730
4093 5694
4093 4667
4093 7989
4095 6033
4095 5922
4095 8609
4095 7096
4095 5217
4096 7569
4097 8637
4097 8547
4097 8265
4097 7683
4097 6748
4097 6701
4097 6009
4097 5811
4097 5393
4097 4791
4097 8518
4097 8189
4097 5822
4097 4689
4099 8639
4099 6828
4099 5776
4099 5619
4099 5119
4099 4667
4099 8320
4099 6268
4100 6146
4101 8220
4101 6958
4101 4777
4101 4626
4101 7201
4103 8290
4103 8099
4103 7723
4103 5797
4103 5788
4103 5112
4103 8297
4103 7930
4103 7776
4103 7332
4103 5895
4103 4707
4103 4291
4103 8365
4103 7827
4103 7771
4103 5138
4105 8346
4105 7447
4105 7016
4105 5102
4105 6166
4107 4574
4107 8746
4107 8520
4107 8307
4107 8273
4107 7126
4107 6438
4107 5282
4107 4389
4107 4544
4108 8036
4108 7768
4108 7274
4108 7149
4108 6612
4108 5936
4108 5453
4108 4306
4109 8715
4109 8679
4109 8284
4109 6021
4109 5154
4109 8743
4109 6794
4109 6414
4109 6169
4109 5679
4109 5247
4110 7791
4110 7678
4110 6096
4110 4554
4110 8259
4110 6630
4110 6582
4110 5682
4110 5486
4110 4770
4111 7697
4112 8141
4112 4702
4114 8098
4114 5869
4114 4483
4114 8443
4114 8291
4114 7320
4114 6681
4114 5998
4114 5861
4114 5105
4114 4830
4114 8718
4116 7976
4116 7767
4116 5601
4116 8027
4116 6616
4116 7887
4116 7197
4118 7157
4119 6778
4119 5145
4119 6395
4119 5967
4119 5579
4120 6978
4121 7409
4121 6446
4121 5217
4121 5182
4121 4628
4123 7257
4123 7180
4123 7852
4123 7199
4124 8607
4124 7554
4124 8237
4124 4923
4125 6976
4125 6905
4126 6414
4127 7924
4127 6498
4127 5313
4129 7387
4131 4810
4131 4150
4133 6530
4133 8020
4133 7736
4133 5848
4133 4177
4133 6699
4133 4758
4134 7204
4134 4909
4134 4912
4136 6219
4136 7991
4136 7102
4136 5299
4136 5023
4136 4818
4136 8506
4136 7738
4136 7509
4136 7440
4136 5948
4136 4454
4137 5285
4138 8638
4138 8301
4138 7994
4138 4953
4138 4310
4138 7802
4138 7043
4138 8379
4138 5838
4139 8353
4139 7499
4139 5234
4139 4188
4140 7187
4140 8659
4140 8339
4140 7575
4140 7191
4140 7009
4140 7265
4140 6943
4140 6605
4140 4910
4140 4836
4140 4616
4141 4724
4141 8655
4141 8488
4141 7151
4141 6949
4141 6688
4141 5826
4141 5351
4141 5294
4141 4300
4141 8055
4141 7309
4141 6586
4141 6585
4141 5289
4142 4860
4142 8583
4142 8149
4142 7744
4142 7604
4142 6699
4142 6135
4142 5467
4142 5448
4142 6439
4142 5409
4143 8521
4143 7911
4143 8676
4143 8213
4143 7042
4143 7011
4143 5871
4143 4957
4143 4761
4143 4774
4145 6480
4145 5901
4145 8039
4145 6132
4145 8173
4145 5958
4145 5224
4145 4862
4147 7514
4147 7353
4147 7866
4148 6260
4150 7246
4150 6416
4150 5111
4150 4667
4150 4629
4150 5390
4150 5218
4150 4821
4150 4489
4152 8356
4152 6439
4152 5644
4153 8176
4154 5247
4154 7663
4155 8125
4155 7971
4155 7691
4155 7429
4155 7227
4155 7066
4155 5623
4155 5470
4155 7771
4155 6205
4155 5165
4157 5455
4159 4493
4160 7321
4162 5894
4162 8636
4162 7479
4162 6742
4162 6284
4162 5350
4164 7959
4164 4275
4164 7528
4166 6212
4166 6373
4167 5587
4169 8722
4169 7912
4169 7656
4169 7566
4169 6952
4169 6945
4169 5949
4169 8392
4169 6396
4169 5155
4169 5293
4170 8074
4170 4782
4171 7426
4171 6584
4171 8122
4171 7226
4171 6642
4171 6112
4171 5728
4171 4821
4172 5006
4172 7800
4172 7644
4172 6875
4172 6125
4172 8034
4172 7511
4172 7293
4172 6942
4172 6651
4172 5843
4172 5474
4173 7057
4173 7023
4173 5286
4173 4693
4174 7243
4175 6962
4175 6697
4175 7045
4177 6546
4177 4386
4179 7217
4179 8431
4179 8062
4179 7796
4179 7418
4179 7120
4179 6921
4179 5964
4179 5619
4179 5602
4179 5119
4179 4948
4179 8725
4179 7445
4179 6374
4179 5153
4181 8695
4181 5405
4181 4601
4181 5558
4181 5391
4181 7137
4183 8070
4185 7622
4185 7280
4185 7138
4185 6690
4185 4916
4185 8699
4185 8687
4185 7529
4185 6000
4185 5972
4187 7326
4187 8285
4187 7796
4187 7762
4187 7312
4187 6469
4187 5747
4187 5259
4187 4862
4187 4796
4187 4767
4187 8361
4187 8000
4187 5864
4187 5408
4187 5308
4187 5200
4187 4284
4188 7909
4188 7499
4188 6917
4189 8399
4189 8083
4189 7811
4189 7577
4189 7121
4189 5450
4189 5033
4189 4928
4189 4714
4189 8621
4189 8475
4189 8000
4189 7262
4189 7140
4189 6394
4189 5858
4189 5328
4189 6036
4190 6997
4190 6116
4190 5231
4190 6949
4190 5699
4190 5302
4191 5464
4191 5293
4192 5584
4192 5364
4192 5342
4192 5248
4194 7097
4194 5929
4194 5280
4196 7336
4196 8181
4196 6508
4196 6008
4196 5993
4196 5648
4198 4223
4204 8121
4204 7357
4204 7316
4204 6894
4204 6858
4204 5921
4204 5380
4204 5252
4204 4614
4205 7655
4205 6298
4205 5965
4205 5295
4205 7823
4205 7601
4205 7336
4205 7072
4205 6352
4206 7174
4206 5027
4206 4982
4207 8341
4207 8240
4207 8185
4207 8023
4207 4935
4207 5718
4208 8755
4208 8650
4208 7315
4208 7127
4208 6569
4208 5301
4209 8483
4209 8305
4209 8177
4209 7698
4209 5673
4209 5449
4209 8413
4209 7347
4209 5718
4210 6274
4210 7371
4211 8726
4211 8062
4211 6733
4211 6512
4211 6316
4211 5998
4211 8551
4211 8240
4211 8166
4211 7262
4211 6750
4211 4873
4211 4858
4212 5687
4213 8119
4213 7975
4213 7910
4213 6944
4213 6690
4213 5629
4213 8759
4213 8522
4213 8257
4213 8179
4213 6699
4213 6467
4213 5784
4213 5251
4213 8337
4213 5993
4213 5906
4213 5213
4213 4950
4215 8621
4215 7453
4215 7452
4215 5513
4215 6731
4216 6273
4216 5094
4216 7510
4216 4812
4217 8637
4217 8617
4217 8529
4217 8322
4217 8122
4217 7772
4217 7756
4217 4489
4218 7512
4218 4440
4218 7964
4218 7515
4218 5200
4219 8191
4219 7252
4219 4664
4219 6917
4219 6586
4219 5081
4219 5275
4220 4792
4221 7599
4221 5361
4221 8516
4221 5409
4221 4950
4221 4795
4221 7134
4230 8704
4230 8586
4230 8479
4230 8299
4230 8192
4230 8081
4230 7487
4230 7440
4230 5756
4230 8701
4230 8651
4230 8549
4230 8320
4230 8168
4230 8038
4230 8002
4230 7836
4230 6675
4230 5751
4230 5513
4230 5405
4230 4614
4230 8028
4230 6731
4230 4816
4232 6892
4232 8469
4232 7960
4232 7838
4232 6987
4232 6958
4232 6641
4232 5474
4232 8590
4232 8493
4232 8289
4232 8214
4232 8208
4232 8164
4232 8160
4232 7914
4232 7770
4232 6467
4232 6324
4232 5795
4232 5277
4232 5274
4232 5024
4234 7273
4234 7117
4234 4938
4234 8667
4234 8519
4234 8476
4234 8255
4234 8136
4234 8133
4234 6830
4234 6702
4234 6013
4234 5362
4235 6492
4235 8420
4236 6134
4236 4627
4237 4570
4237 6657
4238 6386
4240 5414
4241 7625
4241 4260
4241 4631
4243 5235
4243 4506
4243 8582
4243 8510
4243 5971
4243 5144
4245 4317
4246 8385
4246 7048
4246 5878
4252 4801
4257 6314
4260 8584
4260 8353
4260 6434
4260 6000
4260 7096
4261 7244
4261 4357
4262 6304
4262 8689
4262 6874
4262 7125
4264 8006
4264 7840
4264 7249
4264 7681
4265 6317
4266 8073
4266 8039
4266 4506
4266 7927
4268 7525
4269 5159
4269 4519
4270 7531
4270 6448
4270 5620
4270 6441
4271 5910
4271 8023
4271 5053
4272 5732
4272 7831
4272 5829
4272 5158
4272 5049
4272 4898
4273 8648
4273 5898
4273 8667
4273 8140
4273 7721
4273 6013
4273 5778
4273 5294
4273 5224
4273 4959
4273 4738
4273 8701
4273 8662
4273 8263
4273 8127
4273 7284
4273 7271
4273 7068
4273 6616
4273 5491
4274 8282
4274 7619
4274 5935
4274 4603
4274 7631
4274 6352
4274 5580
4274 5335
4275 8464
4275 6623
4275 6545
4275 5621
4276 7758
4276 7388
4276 7351
4276 8660
4276 8372
4276 7811
4276 7603
4276 7547
4276 7395
4276 6629
4276 5910
4277 5933
4278 5023
4278 7816
4278 7761
4278 7511
4278 7321
4278 4767
4278 4442
4278 8708
4278 8638
4278 8284
4278 8257
4278 7832
4278 7659
4278 7372
4278 6616
4278 6608
4278 6021
4278 4556
4279 6965
4279 4658
4279 5250
4279 4759
4280 6327
4280 8123
4280 8102
4280 5954
4280 5366
4281 7831
4281 6169
4281 5891
4281 7543
4281 4660
4282 7966
4282 7314
4282 5791
4282 4853
4282 4794
4282 8106
4282 7981
4282 7817
4282 7316
4282 7146
4283 4295
4284 7642
4284 8736
4284 8664
4284 5923
4284 5200
4284 5124
4284 4518
4284 7970
4284 7485
4284 5996
4285 8383
4285 6735
4285 5972
4286 8746
4286 8657
4286 7741
4286 7656
4286 7232
4286 5618
4286 5449
4286 4377
4286 7073
4286 5391
4286 5005
4286 6926
4287 8721
4287 8523
4287 8389
4287 7575
4287 7449
4287 7041
4287 6568
4287 6518
4287 6424
4287 5960
4287 5629
4287 8483
4287 7751
4287 7420
4287 6687
4287 6582
4287 4291
4288 7926
4288 8386
4288 4517
4288 4693
4289 7388
4289 5569
4289 4968
4289 4304
4289 7579
4289 7560
4289 7475
4289 7317
4289 7041
4289 6953
4289 6944
4289 6651
4289 6580
4289 5873
4289 5123
4289 5119
4289 4948
4289 4341
4289 8665
4289 8179
4289 7840
4289 6985
4289 6324
4289 5477
4291 8066
4291 7811
4291 7417
4291 7392
4291 7011
4291 6641
4291 5633
4291 5126
4291 4928
4291 4854
4291 8275
4291 7842
4291 7284
4291 6108
4291 5684
4291 5364
4291 5272
4291 4786
4291 4623
4291 4430
4291 8675
4291 7079
4293 7656
4293 4700
4293 7276
4293 4434
4295 8420
4295 7534
4298 7437
4299 8636
4299 4612
4299 8201
4299 7949
4299 5149
4300 7241
4300 5874
4300 8677
4300 8660
4300 8269
4300 7680
4300 7466
4300 7400
4300 7289
4300 5605
4300 5352
4300 5004
4300 4932
4300 4749
4300 4501
4300 8444
4300 6646
4301 8702
4301 8322
4301 7770
4301 7741
4301 7336
4301 5515
4301 4814
4301 7861
4301 7331
4301 5731
4301 5500
4301 4691
4302 7886
4302 6753
4302 5956
4302 5944
4302 8429
4302 7379
4302 5969
4302 5775
4302 5453
4302 5289
4302 5191
4302 7890
4302 6344
4304 7018
4304 6896
4304 4986
4305 7775
4306 7879
4306 7529
4306 8609
4306 6172
4306 5891
4307 4378
4308 8510
4308 5602
4308 7852
4308 6188
4308 5671
4309 7294
4309 7802
4309 5490
4310 8270
4310 8012
4310 7600
4310 7591
4310 7274
4310 7232
4310 4820
4310 8605
4310 6693
4310 5829
4311 7518
4311 8034
4311 6539
4312 7951
4312 7657
4312 6298
4312 6133
4312 5935
4312 5351
4312 4917
4312 7955
4312 7576
4312 7133
4312 6985
4312 6608
4312 5611
4312 5303
4312 5203
4312 5058
4312 4683
4312 5822
4312 5167
4313 6753
4313 4632
4313 7611
4313 7204
4313 6699
4313 7391
4313 7244
4314 8428
4314 8223
4314 6342
4314 4860
4314 8559
4314 8322
4314 8301
4314 7849
4314 7641
4314 7274
4314 5790
4314 5251
4314 5249
4314 6752
4314 5167
4315 4725
4315 8163
4315 8121
4315 8102
4315 7211
4315 7040
4315 7009
4315 5445
4315 8000
4315 5228
4317 8690
4317 7918
4325 4633
4325 7339
4325 4549
4326 7022
4326 6484
4327 8117
4327 7916
4327 7320
4327 6891
4327 5998
4327 5262
4327 8727
4327 8640
4327 8150
4327 7658
4327 7505
4327 6968
4327 6540
4327 5449
4328 4965
4328 8332
4328 8169
4328 8048
4328 8010
4328 6770
4328 6234
4328 5262
4328 8273
4328 8211
4329 4546
4329 7813
4329 6372
4329 5755
4329 5362
4329 5353
4329 5269
4330 8587
4330 7905
4331 8730
4331 7615
4331 6629
4331 5696
4331 5601
4331 5336
4331 4471
4331 8634
4331 8463
4331 7798
4331 7699
4331 7591
4331 7107
4331 4940
4331 4913
4332 5345
4336 8358
4336 7377
4336 8601
4336 6562
4338 5437
4339 8443
4339 4793
4340 6680
4340 7195
4340 5296
4340 5231
4340 7796
4341 8350
4341 8312
4341 8170
4341 7758
4341 7518
4341 6587
4341 6016
4341 8304
4341 7951
4341 7786
4341 7745
4341 7402
4341 6641
4341 6580
4341 6456
4341 5746
4341 4949
4341 4764
4341 4599
4341 4573
4341 8664
4343 6615
4345 5728
4345 5928
4348 5246
4348 4895
4351 5011
4352 6742
4354 6229
4355 4995
4355 7102
4355 4875
4355 8645
4355 7975
4355 5965
4355 5026
4357 8605
4357 5915
4357 5622
4359 5917
4361 8228
4361 7213
4361 6511
4361 6173
4361 7185
4362 8047
4363 8166
4363 5880
4364 7018
4364 6732
4364 4965
4364 4671
4364 7929
4365 5981
4365 8168
4365 5393
4365 7596
4366 5975
4369 7584
4372 7921
4377 5956
4377 8744
4377 8175
4377 7956
4377 7465
4377 5966
4377 5614
4377 5086
4377 7339
4377 4915
4379 8376
4379 8316
4379 8112
4379 7334
4379 6436
4379 6393
4379 8487
4379 7834
4379 6686
4380 6481
4380 8304
4380 7428
4380 5171
4380 5161
4380 4635
4381 8004
4381 8299
4381 8114
4381 7916
4381 7811
4381 7116
4381 4917
4381 7957
4381 7385
4381 4929
4382 8082
4382 7933
4382 6755
4383 8706
4383 6203
4383 7947
4383 7707
4383 6843
4383 5744
4383 5619
4383 5612
4383 5110
4383 4471
4383 8036
4383 6750
4383 5768
4383 5380
4384 7080
4384 7054
4385 8693
4385 8519
4385 8426
4385 7791
4385 7063
4385 6832
4385 6650
4385 5830
4385 4932
4385 4765
4385 4619
4385 4617
4385 8634
4385 8551
4385 8253
4385 7515
4385 7328
4385 6649
4385 6611
4385 5369
4385 4444
4386 8686
4386 5680
4387 6582
4387 5190
4387 5178
4387 8599
4387 7661
4387 5578
4387 5550
4388 7885
4388 6969
4388 5436
4388 7769
4389 8025
4389 6622
4389 4685
4389 8569
4389 8364
4389 8238
4389 7804
4389 7336
4389 6358
4389 5743
4389 5677
4389 5552
4389 5277
4389 4929
4390 6069
4407 8046
4407 6904
4407 6820
4407 6385
4409 6092
4416 8398
4416 6245
4427 6932
4427 6848
4428 4697
4428 5145
4428 8459
4428 6489
4428 4605
4430 8660
4430 7722
4430 7671
4430 7579
4430 7486
4430 7067
4430 6877
4430 5373
4430 5222
4430 8271
4430 8215
4430 8142
4430 8006
4430 7492
4430 5768
4430 5163
4432 4747
4432 7419
4432 7339
4434 7454
4434 6400
4434 4520
4436 5678
4438 7947
4438 5468
4440 7769
4440 6301
4440 4959
4442 7481
4442 6051
4442 5050
4442 8749
4442 8671
4442 8519
4442 7651
4442 7480
4442 5807
4442 5798
4442 5121
4442 8716
4442 8293
4442 7146
4442 6624
4442 5936
4442 5125
4443 7074
4443 6293
4444 7121
4444 5350
4444 8708
4444 8201
4444 8000
4444 7610
4444 7284
4444 7251
4444 6007
4444 5770
4444 5369
4444 4487
4444 5045
4446 7361
4446 6860
4448 7197
4448 6657
4448 6272
4448 5829
4451 8011
4451 7505
4451 5624
4451 7224
4452 8021
4452 5337
4452 7926
4452 5392
4452 5290
4453 7128
4453 8726
4453 5908
4454 6043
4454 6016
4454 4724
4454 7440
4454 6488
4454 6355
4454 5845
4454 5613
4454 5365
4454 5281
4454 4943
4455 7802
4455 7079
4455 5049
4455 4666
4455 5572
4456 8428
4456 8173
4456 8024
4456 7722
4456 5778
4456 5549
4456 4892
4456 4765
4456 8471
4456 7463
4456 6603
4456 6374
4456 6021
4456 5408
4456 4956
4456 4863
4457 6567
4457 5560
4457 5179
4457 5381
4458 8574
4458 7531
4458 7444
4458 6702
4458 6648
4458 6532
4458 6379
4458 5084
4458 8664
4458 7795
4458 7764
4458 7624
4458 6649
4458 6394
4458 5035
4458 4757
4460 8683
4460 8481
4460 7127
4460 6889
4460 5782
4460 5611
4460 4683
4460 7890
4460 7650
4460 7594
4460 6036
4460 5478
4460 6754
4461 8709
4461 7206
4461 6757
4462 5781
4462 5608
4463 6057
4463 5414
4465 4532
4466 4660
4466 4657
4467 8102
4467 5671
4467 5625
4467 4752
4468 7936
4469 8035
4469 5874
4469 4528
4469 8550
4469 8220
4469 8010
4469 7448
4469 6828
4469 4761
4469 8626
4469 7772
4469 7630
4471 8630
4471 8274
4471 7645
4471 7119
4471 6234
4471 5913
4471 8504
4471 7821
4471 7608
4471 7429
4471 4985
4472 4570
4473 6977
4473 5310
4474 5982
4476 6722
4476 6090
4476 6715
4479 7573
4481 6365
4481 5491
4481 7650
4482 8174
4483 8709
4483 8004
4483 5129
4483 4546
4483 8436
4483 4613
4485 7976
4485 7310
4485 4831
4485 8504
4485 8460
4485 8158
4485 7529
4485 5194
4485 7391
4486 8386
4486 4937
4486 5464
4487 5022
4487 8588
4487 8206
4487 8074
4487 6605
4487 6061
4487 5152
4487 7650
4489 8277
4489 8260
4489 7714
4489 7098
4489 5641
4489 8664
4489 8475
4489 7438
4489 7232
4489 7075
4489 5058
4489 8413
4489 7073
4489 6565
4489 5275
4491 5493
4493 8447
4494 8069
4494 7403
4494 6877
4494 6813
4494 5008
4494 5098
4494 4505
4495 4980
4496 6969
4496 6811
4497 8151
4497 8303
4497 7795
4497 7660
4497 7453
4497 6948
4497 5790
4497 5389
4497 4779
4497 6694
4497 6442
4497 4783
4498 4502
4499 8573
4499 8264
4499 8212
4499 8148
4499 7639
4499 7350
4499 7285
4499 5106
4499 4737
4499 8487
4499 8052
4499 6442
4499 5158
4500 8604
4500 8541
4500 6860
4500 4502
4501 8670
4501 7606
4501 4528
4501 8450
4501 7908
4501 5953
4501 4823
4502 6923
4502 5852
4503 7774
4503 7523
4503 7264
4503 6930
4503 5582
4503 7182
4504 6959
4504 6282
4504 5858
4504 5122
4505 5549
4505 4607
4505 8513
4505 7724
4506 7917
4506 7508
4506 6091
4506 8102
4506 7272
4506 6154
4506 5890
4507 8636
4507 5796
4507 5506
4507 5472
4507 5045
4507 4969
4507 4674
4508 7032
4509 6010
4509 6003
4509 5547
4509 8292
4509 7300
4510 6134
4510 4834
4511 8455
4511 7137
4511 5926
4514 7455
4514 4764
4514 4685
4514 6775
4515 5497
4516 8619
4516 7563
4516 7213
4516 7116
4516 6981
4516 6786
4516 4988
4516 7716
4516 5680
4517 6076
4518 8714
4518 8628
4518 8123
4518 7931
4518 7579
4518 7115
4518 5843
4518 8657
4518 8177
4518 7453
4518 7350
4518 5921
4518 5551
4518 4947
4518 6302
4519 5507
4519 4828
4520 7650
4520 7618
4520 7277
4521 8170
4521 8410
4521 8279
4521 6183
4523 7997
4523 8104
4523 7480
4523 7120
4523 6561
4523 6234
4523 5950
4523 5788
4523 5071
4523 4889
4523 4765
4523 8592
4523 8000
4523 6925
4523 5113
4524 7391
4525 8734
4525 8482
4525 8666
4525 8513
4525 6948
4525 6834
4525 6068
4525 5682
4525 5548
4525 4760
4525 8580
4525 5439
4526 4759
4526 7097
4526 7045
4526 6399
4526 6188
4526 7494
4526 5135
4527 6229
4527 8709
4527 8004
4527 6796
4527 5474
4528 6054
4528 7116
4528 4576
4529 7189
4529 5994
4529 5891
4529 4834
4530 7962
4530 7731
4530 7083
4531 6002
4531 5208
4532 7690
4532 7038
4532 5226
4532 5188
4532 7915
4533 8182
4533 7967
4533 6420
4534 7627
4534 5545
4534 4978
4534 4597
4534 7852
4537 4582
4541 5730
4542 8515
4542 7427
4542 7246
4542 6691
4542 5604
4542 4944
4542 4636
4542 8727
4542 8701
4542 8273
4542 8103
4542 7747
4542 7072
4542 6889
4542 6845
4542 6543
4542 5030
4542 8413
4542 8128
4542 7958
4542 6593
4543 8714
4543 8576
4543 8557
4543 8403
4543 8311
4543 8269
4543 8260
4543 8200
4543 8173
4543 8025
4543 7878
4543 7723
4543 7705
4543 7614
4543 7466
4543 7422
4543 6861
4543 6779
4543 6230
4543 5971
4543 8666
4543 8656
4543 8651
4543 8637
4543 8287
4543 8152
4543 8148
4543 7430
4543 7260
4543 6563
4543 6009
4543 4981
4543 4716
4543 4691
4544 8727
4544 8250
4544 7957
4544 7626
4544 7604
4544 7602
4544 7205
4544 5552
4544 5479
4544 5154
4544 7378
4544 7341
4544 6362
4544 4666
4545 7261
4545 5118
4545 8292
4545 8121
4545 7867
4545 7448
4545 6570
4545 4930
4546 8013
4546 8735
4546 8403
4546 7884
4546 6733
4546 6614
4547 7786
4547 7707
4547 6650
4547 4943
4547 4738
4547 8739
4547 7647
4547 7580
4547 7140
4547 5858
4547 5732
4547 5615
4547 4672
4547 8486
4548 7992
4548 6116
4548 8372
4548 4761
4549 8115
4549 8014
4549 7359
4549 6463
4549 4768
4549 4602
4550 5571
4550 8195
4551 5095
4552 8586
4552 6953
4552 6614
4552 6115
4552 5359
4552 8203
4552 7949
4552 6975
4552 5716
4552 5564
4552 4747
4552 7482
4553 5353
4554 8155
4554 8024
4554 7983
4554 7766
4554 7680
4554 6234
4554 5778
4554 5084
4554 4840
4554 8644
4554 8575
4554 8573
4554 8401
4554 8346
4554 7914
4554 7591
4554 7348
4554 7260
4554 5963
4554 5949
4554 5363
4554 5212
4555 8069
4555 6955
4555 6633
4555 5850
4555 5715
4555 5367
4556 8026
4556 7396
4556 7207
4556 6808
4556 5604
4556 8725
4556 8590
4556 8257
4556 8113
4556 8076
4556 7914
4556 6608
4556 6009
4556 5252
4556 5030
4556 4947
4556 4779
4556 8190
4557 7418
4557 5878
4557 5754
4557 8235
4558 8413
4558 8110
4558 7503
4558 6493
4558 8587
4558 5685
4559 8121
4559 7683
4559 7574
4559 7068
4559 6175
4559 7958
4559 5646
4560 7006
4560 7456
4560 6133
4560 5641
4560 5295
4560 5897
4561 8369
4561 7595
4561 6976
4561 6714
4561 5158
4561 4815
4562 7182
4562 6827
4562 7489
4562 7100
4562 5475
4563 6979
4563 6442
4564 8040
4564 7796
4564 7769
4564 7471
4564 6854
4564 5958
4564 5797
4564 5607
4564 5601
4564 4765
4564 8739
4564 5800
4564 4929
4564 4621
4564 4614
4565 5139
4565 4772
4566 7396
4566 6320
4566 4943
4566 8725
4566 8644
4566 8558
4566 8318
4566 8208
4566 8149
4566 7818
4566 7602
4566 6768
4566 8552
4566 5280
4566 4816
4567 8136
4569 4731
4569 7837
4569 6782
4570 6868
4571 7903
4571 5923
4573 7153
4573 8269
4573 7884
4573 7231
4573 6644
4573 6636
4573 6318
4573 5913
4573 5776
4573 5696
4573 5281
4573 5413
4574 5636
4574 8479
4574 8451
4574 7478
4574 6416
4574 8153
4574 5824
4576 6326
4576 8584
4576 7977
4576 7680
4576 7657
4576 7289
4576 6700
4576 6683
4576 6638
4576 5629
4576 5071
4576 4626
4576 7507
4576 7262
4576 6467
4576 5108
4578 6311
4578 7243
4581 8540
4581 5805
4581 5330
4581 8178
4581 7884
4581 6580
4581 6568
4581 6556
4581 6234
4581 5281
4581 8759
4581 8485
4581 8138
4588 5905
4588 6730
4588 6281
4589 7749
4589 7131
4589 5820
4589 5486
4589 5356
4589 8743
4589 8266
4589 7043
4589 6901
4589 5266
4589 5213
4589 5155
4589 4950
4590 7992
4590 5655
4590 8136
4590 6843
4590 6488
4590 6342
4590 5900
4591 7151
4591 4788
4591 8286
4591 7602
4591 7226
4591 6399
4591 5236
4591 4981
4592 7123
4592 6105
4592 5841
4592 5672
4592 8029
4592 7394
4592 6676
4592 5904
4592 5754
4592 5682
4593 7264
4593 8470
4593 8003
4593 6443
4593 5507
4593 5476
4593 7262
4594 8066
4594 7874
4594 7480
4594 7469
4594 6618
4594 5354
4594 5224
4594 8316
4594 8257
4594 8148
4594 8142
4594 7817
4594 6490
4594 6060
4594 5385
4595 8718
4595 8525
4595 8296
4595 7798
4595 7477
4595 7251
4595 6624
4595 6175
4595 5800
4595 5194
4595 4718
4595 8333
4595 5109
4595 4841
4596 7997
4596 4968
4596 4696
4596 7509
4596 5605
4596 5116
4597 8697
4597 7718
4597 6618
4597 8549
4597 8166
4597 7574
4597 7097
4597 6899
4597 5393
4597 4623
4598 8732
4598 5839
4598 8121
4598 6983
4598 6359
4598 5567
4598 8000
4598 7953
4598 7741
4598 7724
4598 7702
4599 7128
4599 8661
4599 8535
4599 8410
4599 8342
4599 8151
4599 7975
4599 7589
4599 5848
4599 5352
4599 8131
4599 7703
4599 6945
4599 6608
4599 6566
4599 4737
4600 7425
4600 7323
4600 6836
4600 6520
4600 5481
4600 5022
4600 8664
4600 8397
4600 8317
4600 8314
4600 8273
4600 8203
4600 7453
4600 7122
4600 7173
4601 8701
4601 8164
4601 6374
4601 5790
4601 8254
4601 6542
4601 5676
4601 5391
4601 4783
4601 4689
4602 8702
4602 8154
4602 7703
4602 7629
4602 7251
4602 7205
4602 6872
4602 5864
4602 5341
4602 5282
4602 5100
4602 4934
4602 4624
4602 6652
4602 5280
4602 5005
4603 7797
4603 6669
4603 6003
4603 5473
4603 5371
4603 8721
4603 8140
4603 8025
4603 6678
4603 6618
4603 6437
4603 6062
4603 8718
4603 7467
4603 5911
4603 5627
4603 5401
4603 4952
4604 7649
4604 4694
4604 8087
4604 7449
4604 6639
4604 5753
4604 5004
4604 4955
4604 8718
4604 8112
4604 7380
4604 7232
4604 6950
4604 5995
4604 5401
4604 4720
4605 4670
4605 8467
4605 8290
4605 8155
4605 6343
4605 6185
4605 8210
4605 5627
4606 8369
4606 8218
4606 5781
4606 6378
4607 6631
4607 4911
4607 8661
4607 7144
4607 4862
4607 8664
4607 7702
4607 7659
4607 6616
4607 5896
4607 5682
4607 4985
4607 4614
4609 8734
4609 8385
4609 7791
4609 6808
4609 5746
4609 5114
4609 8707
4609 8664
4609 8477
4609 8137
4609 8002
4609 7965
4609 7956
4609 7764
4609 7370
4609 6649
4609 5887
4609 5176
4609 4873
4609 7339
4609 7070
4609 6565
4611 8656
4611 7842
4611 7683
4611 6675
4611 5397
4611 5271
4611 4720
4611 8014
4611 6652
4611 7933
4612 7762
4612 7588
4612 5878
4613 8677
4613 8642
4613 8581
4613 8577
4613 6610
4613 5742
4613 6487
4613 5203
4613 4929
4614 8535
4614 8484
4614 8313
4614 7680
4614 7417
4614 7144
4614 6692
4614 5746
4614 8166
4614 8142
4614 8076
4614 7398
4614 7122
4614 6952
4614 6646
4614 6540
4614 5348
4614 5264
4614 4616
4614 8068
4614 5146
4615 6530
4615 7894
4615 7061
4615 5900
4615 5696
4615 5691
4616 8121
4616 7671
4616 7590
4616 6987
4616 6062
4616 5753
4616 5151
4616 5130
4616 8317
4616 8306
4616 8164
4616 8162
4616 8139
4616 7912
4616 7473
4616 7205
4616 7114
4616 6687
4616 6367
4616 5957
4616 5448
4616 5115
4616 8486
4616 7397
4616 5780
4617 7950
4617 5569
4617 4911
4617 8523
4617 6535
4617 8626
4617 8257
4617 7973
4617 7628
4617 6834
4617 6563
4617 5909
4619 6548
4619 5621
4619 4938
4619 8535
4619 8479
4619 7884
4619 7673
4619 7355
4619 6836
4619 6810
4619 5456
4619 4959
4619 8626
4619 8113
4619 6558
4621 8630
4621 8332
4621 8251
4621 8178
4621 7483
4621 6951
4621 6535
4621 8559
4621 8538
4621 8513
4621 8061
4621 8041
4621 7741
4621 6583
4621 6490
4621 6299
4621 5946
4621 5771
4621 5618
4621 5586
4622 4793
4622 7160
4622 6517
4623 8574
4623 7479
4623 5607
4623 4861
4623 8716
4623 8585
4623 8162
4623 7743
4623 7133
4623 6611
4623 5486
4623 5344
4623 5606
4624 7718
4624 7198
4624 6580
4624 5935
4624 8666
4624 8187
4624 7955
4624 6021
4624 5957
4624 5682
4624 5491
4624 5449
4624 5115
4624 6362
4624 5550
4625 8648
4625 6010
4625 8756
4625 8328
4625 8084
4625 7657
4625 6038
4625 5362
4625 5114
4625 8623
4625 8217
4625 7604
4625 7112
4625 5943
4625 4956
4626 8035
4626 7967
4626 7753
4626 7720
4626 7261
4626 5720
4626 8663
4626 8625
4626 8342
4626 7074
4626 6861
4626 6854
4626 6465
4626 6064
4626 4917
4626 4862
4626 6903
4627 8552
4627 8516
4627 8337
4627 7621
4627 5085
4628 8167
4630 7527
4630 6448
4630 6784
4630 5989
4631 8337
4631 7096
4632 8584
4632 7309
4633 8451
4633 7272
4633 6617
4633 5381
4633 4986
4633 8462
4633 8320
4633 8286
4633 6968
4633 6871
4633 6630
4633 6060
4633 5358
4633 5228
4633 4722
4634 8479
4634 8331
4634 8118
4634 7874
4634 7705
4634 6887
4634 6627
4634 6376
4634 5956
4634 5913
4634 5508
4634 5362
4634 5304
4634 5172
4634 8646
4634 8643
4634 8483
4634 8481
4634 8296
4634 8198
4634 8138
4634 7659
4634 7394
4634 7357
4634 6522
4634 5966
4634 5308
4634 4958
4635 8625
4635 7556
4635 5967
4635 5961
4635 7348
4635 6941
4636 8249
4636 8705
4636 8681
4636 8659
4636 8506
4636 8261
4636 8156
4636 7786
4636 7448
4636 7289
4636 6301
4636 5386
4636 5126
4636 8555
4636 8295
4636 8286
4636 8248
4636 7956
4636 5911
4636 5364
4636 5098
4637 7707
4637 7450
4637 5803
4637 5798
4637 5607
4637 5454
4637 8286
4637 8216
4637 8212
4637 8113
4637 8033
4637 7747
4637 7641
4637 7629
4637 7127
4637 7122
4637 6943
4637 6872
4637 5794
4637 4838
4637 4824
4645 8691
4645 8428
4645 7486
4645 7176
4645 6700
4645 6359
4645 5352
4645 5269
4645 8315
4645 8009
4645 7130
4645 5097
4645 4934
4646 6200
4647 7286
4647 5792
4647 7819
4647 7579
4647 7314
4647 7239
4647 6854
4647 8649
4647 7981
4647 7956
4647 7949
4647 7817
4647 7133
4647 5308
4647 5125
4648 5985
4649 8539
4649 7931
4649 4796
4649 8665
4649 8264
4649 8147
4649 7477
4649 7473
4649 7350
4649 6703
4649 6649
4649 6309
4649 5479
4649 5405
4649 5263
4649 5024
4649 4942
4649 8190
4649 8115
4649 7834
4649 7276
4649 5912
4649 5394
4649 5349
4651 8706
4651 8578
4651 7967
4651 7388
4651 7065
4651 6796
4651 8681
4651 8431
4651 7796
4651 7680
4651 7125
4652 7586
4653 8708
4653 7007
4653 7831
4653 6186
4653 6739
4655 5703
4658 4995
4658 8608
4660 5662
4661 8280
4661 6995
4661 8392
4662 5143
4662 7935
4663 8655
4663 8114
4663 8087
4663 8062
4663 6078
4663 5032
4663 8236
4663 7652
4663 7258
4663 5870
4663 5824
4663 8110
4663 5718
4663 4702
4664 7161
4664 5694
4664 5991
4665 8214
4665 8126
4665 7580
4665 6768
4665 6510
4665 6112
4665 4904
4666 8609
4666 7844
4666 7519
4666 7160
4666 5034
4666 6863
4667 8170
4667 8639
4667 8319
4667 8021
4667 5508
4667 8141
4667 7926
4667 7639
4667 5795
4668 8704
4668 8277
4668 7317
4668 6939
4668 6539
4668 5148
4668 5105
4668 7462
4668 7307
4668 5995
4668 5811
4668 4691
4669 8628
4669 7719
4669 7668
4669 7027
4669 6786
4669 6559
4669 8320
4669 8262
4669 8208
4669 7110
4669 5683
4669 5644
4670 6546
4670 6355
4670 6078
4671 5323
4671 4778
4671 6900
4671 6236
4671 5371
4671 5998
4671 5474
4672 8389
4672 8118
4672 6300
4672 5942
4672 5941
4672 8650
4672 8472
4672 8215
4672 8145
4672 8061
4672 7755
4672 7472
4672 6929
4672 6858
4672 5176
4672 5025
4672 4967
4672 5759
4672 5500
4673 7672
4673 7520
4674 8108
4674 7965
4674 7574
4674 7420
4674 7726
4674 7276
4674 7216
4674 6466
4676 8575
4676 4735
4676 7596
4676 6705
4676 6593
4676 7051
4676 5157
4679 4849
4683 6696
4683 7447
4683 7438
4683 7283
4683 6538
4683 5236
4683 7049
4683 6440
4684 6733
4684 4791
4685 8747
4685 8269
4685 7974
4685 5516
4685 8640
4685 8531
4685 8267
4685 7957
4685 7438
4685 6974
4685 5772
4685 5467
4686 8373
4686 6418
4687 8040
4687 7289
4687 5033
4687 8583
4687 8504
4687 7146
4687 5866
4687 6752
4687 6186
4687 4762
4688 8321
4688 8274
4688 8175
4688 5348
4688 4786
4689 8725
4689 8514
4689 8367
4689 8267
4689 8265
4689 8108
4689 7794
4689 6872
4689 5634
4689 5452
4689 8014
4689 7844
4689 5993
4689 4915
4690 8468
4690 7619
4690 6377
4690 5964
4690 5944
4690 4959
4690 4759
4690 8308
4690 8247
4690 7973
4690 7888
4690 7290
4690 6776
4690 5358
4690 4934
4690 4871
4690 5938
4691 8489
4691 8390
4691 5684
4691 5467
4692 8714
4692 8517
4692 8443
4692 8261
4692 6786
4692 5942
4692 5619
4692 5279
4692 8624
4692 8166
4692 8012
4692 7795
4692 7639
4692 7593
4692 5804
4692 5057
4692 4720
4692 8758
4692 7276
4692 5912
4692 4702
4693 5537
4694 8748
4694 7991
4694 7361
4694 6102
4694 5636
4694 5299
4694 4938
4694 8749
4694 8660
4694 5353
4694 5026
4695 8371
4695 8183
4695 7072
4695 6165
4695 5396
4696 7241
4696 6420
4696 8433
4696 8080
4696 7466
4696 5367
4697 5528
4698 8734
4698 8231
4698 7735
4698 7113
4698 6637
4698 5369
4699 5705
4699 7699
4700 8308
4700 7097
4700 7069
4700 6675
4700 6367
4700 6322
4700 5707
4700 4934
4700 7359
4701 8604
4702 8361
4702 8318
4702 5800
4702 5479
4702 5153
4702 7596
4702 7594
4702 5415
4703 7994
4703 5197
4703 4897
4704 7099
4707 8280
4707 8161
4707 7130
4707 5615
4707 5509
4707 7424
4708 6723
4709 5712
4709 5502
4709 5492
4709 7054
4709 6891
4711 8610
4711 8433
4711 7962
4711 7790
4711 6780
4711 5033
4711 4790
4711 7699
4711 7150
4711 6964
4711 5680
4711 5413
4711 5301
4713 5545
4714 8197
4714 8533
4714 8526
4714 8199
4714 8121
4714 7761
4714 7427
4714 6559
4714 5961
4714 5958
4714 5456
4714 4749
4714 8742
4714 8708
4714 8150
4714 8113
4714 7295
4714 6898
4714 6228
4714 5922
4714 5548
4714 5385
4714 5201
4715 7797
4715 7349
4715 8220
4715 8140
4715 7439
4715 7292
4715 6568
4715 5469
4715 5215
4715 5151
4715 5140
4715 4951
4715 4906
4715 7957
4716 8721
4716 8484
4716 7966
4716 7903
4716 7514
4716 7448
4716 7425
4716 7119
4716 6650
4716 6618
4716 6379
4716 5633
4716 5004
4716 4872
4716 6966
4716 6611
4716 5820
4716 5812
4716 5682
4716 5382
4716 5356
4716 4960
4717 7887
4717 7621
4717 6794
4717 6397
4717 5838
4718 8700
4718 8135
4718 8121
4718 7198
4718 6847
4718 6234
4718 5294
4718 4765
4718 8437
4718 8264
4718 8211
4718 7612
4718 7068
4718 5990
4718 5513
4718 5444
4718 5236
4719 5179
4719 5935
4719 5340
4720 8628
4720 7422
4720 7323
4720 6983
4720 6614
4720 5130
4720 8657
4720 8315
4720 8295
4720 8154
4720 8127
4720 7744
4720 7345
4720 6392
4720 5732
4720 5125
4720 4863
4721 7213
4722 8533
4722 7469
4722 5899
4722 8217
4722 8146
4722 5280
4723 7155
4724 5205
4724 5169
4724 8255
4724 6849
4724 6691
4725 7408
4725 6480
4725 5890
4727 8469
4727 4763
4728 5076
4729 6476
4729 7063
4729 5607
4731 7312
4731 4889
4731 7807
4731 6604
4731 6483
4731 5415
4732 7982
4732 7512
4732 6572
4732 5805
4733 7452
4733 6538
4733 7986
4733 5343
4734 5739
4734 5050
4734 7952
4734 7328
4734 6482
4735 7656
4735 6943
4735 5137
4735 4817
4735 7496
4735 5312
4736 6225
4736 6518
4736 8253
4736 7971
4736 7412
4736 6007
4737 5451
4737 8434
4737 8307
4737 7909
4737 7641
4737 6425
4738 6225
4738 8389
4738 7367
4738 7292
4738 5962
4738 5704
4738 5602
4738 4970
4738 4955
4738 8725
4738 8673
4738 7832
4738 7386
4738 7357
4738 5812
4738 5770
4738 5682
4739 8706
4739 8625
4739 8223
4739 8143
4739 8107
4739 7311
4739 7300
4739 6595
4739 5508
4739 4928
4739 4860
4739 8679
4739 8491
4739 8212
4739 8194
4739 8031
4739 7467
4739 5677
4740 8385
4740 7966
4740 7480
4740 5871
4740 5616
4741 8361
4741 8348
4741 8164
4741 8161
4741 7315
4741 7359
4741 6344
4741 5606
4741 5443
4741 5034
4742 8624
4742 7372
4742 5368
4742 5332
4742 5298
4742 8120
4742 6391
4742 5500
4743 6738
4743 8436
4743 7005
4743 5481
4745 5735
4745 5339
4745 8755
4745 7699
4745 5680
4747 8680
4747 7365
4747 7265
4747 5597
4747 7339
4747 5280
4749 8627
4749 7928
4749 5789
4749 8104
4749 8059
4749 7841
4749 7815
4749 7796
4749 7635
4749 6366
4749 6298
4749 6019
4749 5223
4749 7345
4749 7295
4749 7107
4749 6873
4749 6586
4750 5994
4750 5584
4750 4827
4752 7115
4752 6424
4752 5851
4752 5586
4752 8046
4752 6712
4752 6466
4754 8690
4754 6218
4757 8532
4757 6687
4757 5020
4758 6388
4759 8255
4759 7678
4759 7619
4759 7272
4759 6622
4759 6035
4759 5939
4759 8397
4759 8093
4759 6630
4759 6352
4760 8628
4760 8484
4760 7642
4760 6595
4760 5797
4760 4928
4760 8585
4760 8513
4760 8493
4760 8444
4760 8267
4760 8160
4760 7576
4760 7124
4760 6522
4760 6324
4760 5866
4760 5513
4760 5273
4761 8670
4761 8600
4761 8098
4761 4852
4761 8584
4761 8199
4761 8165
4761 7657
4761 7514
4761 6947
4761 6488
4761 5899
4761 5192
4761 4928
4761 7370
4761 5289
4762 8317
4762 8293
4762 8246
4762 8131
4762 7380
4762 6582
4762 6100
4762 5268
4762 5024
4762 4935
4762 7890
4762 7347
4762 6695
4763 7679
4763 7644
4763 5621
4763 5195
4763 5023
4763 8574
4763 8357
4763 8285
4763 7929
4763 7677
4763 7418
4763 6580
4763 5367
4763 5123
4763 5112
4764 8451
4764 5769
4764 5620
4764 5451
4764 8124
4764 7698
4764 7201
4764 6917
4764 6775
4765 7526
4765 5569
4765 7237
4765 5799
4765 4771
4765 4769
4765 8716
4766 8603
4766 8249
4766 7911
4766 7388
4766 7077
4766 7076
4766 6892
4766 6546
4766 8221
4766 8200
4766 5956
4766 5872
4766 8280
4766 8214
4766 8162
4766 5937
4766 5342
4766 5086
4767 7931
4767 6692
4767 6614
4767 6357
4767 5830
4767 5605
4767 7760
4768 8306
4768 7227
4768 7007
4768 5264
4768 8189
4768 5912
4768 4776
4769 8387
4769 7686
4769 5569
4769 8714
4769 8173
4769 7816
4769 7125
4769 6877
4769 6376
4769 8374
4769 7724
4769 6464
4769 6282
4771 8285
4771 7738
4771 7483
4771 7115
4771 6456
4771 6234
4771 5939
4771 8725
4771 8657
4771 8463
4771 8201
4771 7465
4771 7127
4771 6014
4771 5674
4771 4934
4772 8021
4772 6903
4773 8739
4773 8698
4773 8295
4773 8244
4773 8238
4773 7795
4773 7659
4773 7516
4773 7473
4773 7258
4773 5405
4773 5057
4773 5993
4773 5127
4773 4950
4774 8099
4774 8145
4774 8009
4774 7599
4774 5447
4775 7842
4775 7823
4775 7634
4775 7230
4775 6168
4775 5957
4775 5630
4775 5385
4775 8105
4775 5906
4775 5718
4775 5349
4776 8673
4776 7516
4776 5303
4776 5149
4776 7494
4776 6705
4776 6524
4776 5748
4776 5103
4776 5073
4777 8749
4777 8309
4777 8079
4777 6939
4777 5365
4777 4840
4777 8208
4777 6970
4778 7851
4779 8290
4779 6568
4779 6300
4779 8715
4779 5790
4779 5775
4779 5380
4779 5082
4779 4946
4779 4940
4779 5575
4780 6255
4780 5932
4781 8355
4781 7796
4781 7278
4781 6696
4781 6678
4781 5620
4781 8483
4781 8238
4781 8160
4781 7957
4781 7602
4781 7002
4781 5911
4781 5344
4781 5292
4782 6061
4783 8012
4783 7203
4783 6940
4783 5820
4783 5201
4783 6440
4784 8717
4784 7982
4784 7388
4784 7261
4784 7148
4784 8342
4784 8299
4784 7903
4784 7668
4784 7511
4784 7005
4784 6861
4784 6379
4784 6320
4784 6298
4784 6065
4784 5119
4784 4987
4784 7628
4784 5897
4784 5163
4784 4947
4786 8490
4786 8080
4786 7984
4786 7657
4786 7642
4786 6621
4786 6359
4786 5954
4786 8477
4786 8418
4786 8000
4786 7832
4786 7764
4786 7445
4786 6422
4786 5800
4786 6127
4787 5466
4787 5783
4788 8697
4788 8557
4788 8377
4788 8059
4788 7785
4788 7399
4788 7229
4788 6309
4788 5761
4789 7259
4789 7831
4790 6732
4790 8223
4790 7428
4790 7363
4790 7311
4790 6443
4790 6343
4790 5629
4790 7760
4791 7757
4791 8001
4791 7411
4791 6549
4791 6993
4792 7470
4792 7982
4792 7322
4792 6297
4792 5828
4793 8003
4793 7910
4793 7303
4793 5942
4793 7591
4793 7039
4793 6995
4793 5991
4794 8671
4794 8385
4794 7233
4794 5807
4794 7357
4794 4953
4795 8376
4795 8322
4795 6956
4795 4931
4795 8512
4795 6396
4795 4975
4795 5343
4796 7364
4796 4890
4796 7931
4796 6106
4796 8525
4796 8273
4796 6859
4796 6605
4796 4874
4803 7464
4803 6775
4803 6268
4807 5708
4810 6528
4810 6472
4810 6168
4811 4826
4811 5831
4812 6211
4812 8449
4812 6388
4812 6339
4812 5221
4813 7865
4813 5813
4813 7156
4814 8225
4814 8062
4814 7417
4814 5633
4814 8723
4814 8585
4814 8430
4814 8359
4814 7968
4814 7146
4814 6899
4814 6591
4814 6036
4815 8392
4815 5104
4816 8462
4816 8302
4816 8206
4816 8198
4816 7744
4816 5745
4816 5453
4816 4873
4816 8189
4817 5412
4817 8637
4817 7604
4817 7380
4817 7205
4818 6326
4818 5553
4818 8040
4818 7878
4818 7469
4819 8742
4819 8250
4819 5732
4819 5448
4819 5401
4819 6446
4820 6810
4820 6173
4820 7529
4820 7295
4820 6620
4820 5150
4821 8720
4821 8628
4821 8291
4821 7207
4821 5641
4821 5454
4821 8252
4821 7987
4821 7842
4821 6100
4821 7378
4821 6362
4822 8484
4822 8083
4822 7675
4822 7120
4822 6621
4822 5022
4822 8361
4822 8137
4822 7770
4822 7265
4822 7142
4822 6309
4822 6007
4822 8019
4823 8677
4823 8207
4823 8116
4823 8104
4823 7147
4823 6636
4823 5908
4823 5797
4823 5223
4823 8329
4823 8179
4823 7566
4823 7285
4823 7193
4823 6750
4823 6699
4823 5251
4823 5236
4823 7457
4824 8219
4824 7742
4824 7491
4824 5627
4824 5364
4824 5115
4824 8512
4826 5454
4826 8573
4826 8295
4826 7380
4826 7309
4826 6970
4826 6112
4826 5277
4826 7502
4826 7359
4826 7073
4826 5310
4827 6569
4828 8555
4828 8168
4828 8032
4828 7599
4828 5955
4828 5552
4828 4902
4828 7073
4829 8570
4829 5378
4830 5970
4830 8078
4830 7253
4830 6849
4830 6570
4830 6444
4830 6183
4830 8549
4830 8348
4830 7730
4830 7658
4830 7398
4831 4852
4831 8542
4831 8490
4831 5562
4831 8423
4831 5101
4832 8528
4832 5180
4832 8069
4832 7911
4832 6955
4832 7556
4833 8547
4833 7617
4833 5682
4833 5212
4833 5069
4833 7861
4835 5925
4836 7517
4836 6115
4836 8092
4836 7097
4836 6899
4836 5929
4836 6686
4837 7687
4838 8185
4838 7741
4838 7599
4838 7259
4838 7149
4838 5479
4838 7457
4838 7378
4839 8608
4839 7864
4839 8176
4840 7490
4840 5970
4840 8288
4840 8117
4840 8078
4840 6733
4840 6636
4840 5456
4840 8185
4840 8112
4841 8434
4841 7227
4841 6436
4841 5949
4841 5794
4841 5170
4841 4967
4842 5060
4851 5930
4852 7064
4852 4887
4852 8089
4852 7616
4852 7428
4852 7401
4852 6835
4853 7822
4853 7056
4854 8602
4854 7931
4854 7323
4854 6953
4854 6518
4854 7763
4854 7724
4854 7653
4854 6984
4854 5878
4854 5067
4856 8523
4856 8426
4856 7538
4856 7312
4856 6621
4856 6584
4856 5787
4856 8678
4856 8435
4856 7429
4856 6642
4856 5707
4856 5369
4856 5098
4856 5020
4856 5010
4856 6565
4857 7952
4858 8577
4858 8436
4858 6836
4858 6320
4858 8745
4858 8727
4858 7912
4858 7039
4858 5824
4858 5393
4858 4953
4858 4931
4860 8312
4860 8283
4860 8155
4860 8123
4860 7511
4860 7308
4860 7267
4860 6849
4860 6570
4860 5845
4860 5451
4860 5367
4860 5365
4860 8296
4860 8265
4860 8108
4860 8033
4860 7914
4860 7744
4860 7215
4860 6940
4860 6582
4860 5784
4860 5511
4860 5326
4860 5289
4861 7723
4861 7575
4861 7296
4861 5435
4861 4986
4861 8635
4861 7602
4861 7374
4861 5385
4861 5277
4862 8540
4862 7774
4862 7692
4862 7174
4862 7102
4862 6270
4862 5196
4862 8116
4862 8022
4862 7816
4862 7739
4862 7678
4862 7670
4862 7640
4862 7267
4862 6951
4863 8119
4863 5730
4863 8719
4863 8491
4863 8327
4863 8131
4863 5922
4863 5673
4863 5632
4863 5264
4863 4931
4863 4927
4863 5443
4870 8453
4870 7616
4870 6677
4870 8665
4871 8663
4871 8645
4871 8282
4871 7678
4871 7579
4871 6561
4871 8738
4871 7879
4871 7071
4871 6950
4871 6703
4871 6687
4871 6605
4871 5957
4871 5618
4871 5611
4871 5389
4871 5344
4871 5200
4871 5020
4871 5045
4872 8576
4872 8470
4872 8319
4872 7475
4872 7144
4872 6877
4872 5958
4872 5791
4872 5270
4872 8702
4872 8259
4872 8152
4872 7795
4872 7409
4872 6873
4872 6620
4872 6563
4872 6429
4872 5955
4872 5943
4873 8451
4873 8026
4873 8303
4873 8198
4873 7912
4873 7660
4873 7376
4873 7196
4873 6968
4873 6889
4873 6616
4873 8082
4873 8028
4873 6440
4873 5155
4874 8433
4874 7966
4874 7314
4874 7311
4874 7123
4874 6456
4874 8308
4874 8175
4874 7973
4874 7146
4874 7066
4874 6687
4874 6675
4874 5923
4874 5479
4874 5470
4874 5291
4874 8008
4875 7117
4875 8712
4875 8399
4875 8221
4875 8133
4875 7144
4875 7116
4875 6651
4876 7533
4876 6346
4876 5323
4876 8421
4876 7992
4876 7830
4876 7187
4876 6900
4876 5636
4876 5553
4877 8647
4877 5892
4877 8061
4877 6646
4877 5994
4877 5272
4877 8613
4877 4950
4878 6848
4881 5255
4885 7187
4885 7098
4885 6390
4885 5890
4885 5223
4885 8316
4887 5006
4888 7592
4888 7323
4888 6478
4888 8435
4888 8142
4888 7332
4888 7275
4888 5614
4888 6653
4888 6187
4889 8542
4889 7783
4889 7324
4889 6685
4889 5571
4889 8739
4889 6869
4890 4995
4890 7932
4890 7885
4890 7819
4890 6038
4890 5890
4891 7733
4892 6918
4892 5900
4892 8142
4892 7130
4893 6645
4895 6407
4895 7873
4896 5700
4896 5502
4896 6696
4896 5742
4896 4971
4900 6549
4900 6136
4901 7609
4901 8018
4902 6595
4902 7566
4904 8275
4904 5895
4904 5360
4905 7535
4906 8443
4906 7377
4906 6733
4906 5159
4906 8569
4906 5282
4907 6659
4909 8712
4909 8433
4909 7976
4909 4954
4909 5348
4909 8300
4909 6752
4910 7559
4910 6748
4911 6381
4911 7982
4911 7187
4911 7796
4911 6063
4911 5123
4912 6976
4913 8104
4913 7461
4913 6702
4913 6685
4913 6556
4913 6300
4913 5956
4913 5354
4913 8662
4913 8466
4913 8374
4913 8023
4913 7968
4913 7821
4913 7184
4913 7681
4914 8350
4914 6757
4914 5129
4914 8151
4914 7455
4914 6828
4914 5742
4915 7882
4915 7453
4915 6701
4915 7305
4915 6463
4916 7638
4916 7061
4916 7345
4917 7881
4917 7422
4917 7396
4917 6416
4917 5577
4917 8329
4917 8307
4917 8196
4917 8129
4917 6873
4917 5774
4917 5117
4917 5115
4917 4977
4919 6997
4919 6732
4921 8605
4923 7683
4924 5752
4924 6339
4925 8171
4925 8114
4925 7598
4925 6786
4925 7865
4926 7819
4926 5920
4926 5350
4926 4945
4926 8710
4926 8247
4926 7069
4927 8536
4927 8328
4927 7975
4927 6370
4927 5776
4927 8666
4927 8549
4927 8240
4927 7747
4927 7576
4927 7476
4927 7285
4927 7230
4927 7203
4927 6943
4927 6566
4927 6135
4927 6009
4927 5946
4927 5449
4927 5405
4927 8014
4927 7419
4927 4975
4928 8523
4928 8470
4928 8291
4928 8290
4928 8260
4928 8155
4928 7578
4928 7577
4928 8214
4928 7956
4928 7492
4928 7095
4928 6624
4928 6620
4928 5405
4928 5125
4928 5024
4929 8641
4929 8010
4929 7487
4929 5769
4929 8718
4929 8477
4929 8162
4929 7580
4929 7345
4929 7203
4929 7142
4929 7071
4929 7002
4929 6903
4929 6438
4929 6367
4929 5472
4929 4977
4929 4952
4929 4934
4929 4931
4929 6302
4929 5165
4930 7830
4930 8740
4930 8428
4930 8102
4930 8062
4930 7786
4930 7414
4930 7229
4930 7212
4930 7180
4930 6343
4930 5788
4930 5508
4930 5456
4930 5454
4930 8195
4930 7350
4930 6948
4930 6646
4930 6558
4930 5631
4931 8657
4931 8590
4931 8164
4931 8086
4931 7981
4931 7912
4931 7698
4931 7600
4931 5897
4931 5611
4931 5360
4931 8105
4931 5550
4932 5876
4932 8680
4932 7723
4932 7722
4932 7671
4932 6692
4932 6005
4932 8620
4932 8164
4932 7288
4932 6536
4932 6227
4932 5812
4932 5452
4933 7811
4933 7717
4933 6369
4933 5004
4933 8493
4933 8444
4933 7467
4933 7114
4933 5268
4933 5156
4934 8291
4934 8261
4934 7784
4934 5151
4934 8592
4934 8465
4934 8306
4934 7953
4934 7610
4934 7295
4934 6675
4934 5452
4934 7827
4934 6954
4935 8526
4935 8329
4935 8158
4935 7600
4935 7591
4935 7294
4935 7254
4935 6392
4935 5947
4935 5745
4935 4973
4935 6022
4936 8478
4936 8223
4936 7468
4936 7459
4936 7402
4936 6942
4936 6369
4936 6039
4936 5362
4936 5111
4936 8656
4936 8208
4936 8126
4936 7107
4936 6021
4936 5959
4936 5291
4936 5273
4936 5264
4937 8166
4937 7453
4937 7863
4937 6593
4938 8283
4938 8469
4938 8116
4938 8078
4939 8220
4939 7456
4940 4945
4940 7332
4940 7771
4941 8114
4941 6981
4941 6046
4941 6467
4941 5260
4942 7739
4942 5250
4942 8425
4942 7474
4942 6871
4942 6367
4942 5969
4942 6686
4943 7992
4943 7976
4943 7293
4943 7144
4943 6744
4943 6105
4943 5807
4943 5602
4943 8160
4943 7880
4943 7630
4943 5790
4944 6587
4944 8304
4944 8083
4944 7983
4944 7180
4944 6621
4944 6610
4944 6437
4944 5776
4944 5451
4944 5346
4944 4949
4944 8531
4944 8252
4944 8248
4944 8029
4944 7772
4944 7429
4944 7380
4944 6945
4944 5268
4945 8197
4945 7115
4945 6320
4945 5121
4945 8718
4945 8323
4945 8101
4945 6015
4945 4985
4946 8519
4946 8357
4946 8111
4946 7483
4946 7466
4946 6318
4946 6183
4946 6065
4946 5373
4946 5339
4946 8559
4946 8417
4946 7315
4946 7095
4946 6876
4946 6873
4946 5966
4946 7681
4947 8705
4947 8622
4947 8537
4947 8431
4947 8083
4947 7682
4947 7253
4947 7121
4947 6370
4947 6234
4947 6115
4947 5602
4947 5373
4947 8744
4947 8318
4947 8294
4947 8196
4947 8150
4947 7879
4947 7476
4947 7429
4947 7196
4947 5617
4947 5292
4948 8669
4948 6010
4948 5789
4948 8078
4948 7480
4948 7455
4948 7229
4948 6744
4948 6622
4948 6232
4948 5746
4948 5469
4948 5445
4948 8263
4948 8057
4948 6968
4948 6538
4949 8312
4949 8277
4949 8081
4949 7826
4949 7292
4949 6896
4949 6357
4949 6066
4949 5773
4949 5769
4949 8637
4949 8585
4949 8555
4949 7743
4949 5446
4950 8725
4950 8150
4950 8023
4950 7612
4950 7140
4950 6894
4950 5955
4950 5774
4950 5357
4950 5113
4950 8128
4950 5829
4951 7684
4951 6955
4951 8610
4951 8026
4951 7811
4951 7722
4951 7638
4951 7439
4951 7313
4951 6847
4951 5939
4951 5845
4951 8653
4951 8483
4951 8471
4951 8244
4951 8177
4951 8137
4951 7896
4951 7626
4951 7370
4951 5770
4951 5673
4951 4985
4952 8607
4952 7779
4952 7739
4952 7655
4952 7448
4952 7272
4952 5773
4952 8745
4952 8030
4952 7987
4952 7133
4952 5728
4953 7677
4953 7425
4953 6854
4953 5967
4953 5603
4953 5032
4953 8727
4953 8662
4953 8437
4953 8429
4953 8314
4953 8265
4953 7842
4953 7764
4953 7370
4953 7232
4953 6625
4953 6616
4953 5990
4953 5368
4953 8115
4954 8202
4954 7998
4954 7061
4954 5941
4954 5565
4954 8305
4954 7747
4954 7628
4954 7203
4954 7039
4954 6616
4954 5194
4955 7885
4955 7081
4955 5436
4955 8519
4955 8290
4955 7785
4955 7738
4955 7402
4955 7239
4955 5620
4955 7630
4956 8123
4956 7979
4956 7779
4956 7678
4956 7441
4956 7308
4956 6390
4956 5954
4956 5945
4956 5797
4956 5755
4956 5366
4956 5336
4956 8651
4956 8432
4956 8361
4956 8326
4956 8305
4956 8060
4956 7445
4956 7372
4956 7369
4956 6940
4956 6634
4956 6110
4956 5511
4956 5273
4957 7671
4957 6185
4957 5845
4957 8702
4957 7446
4957 7146
4957 7107
4957 5369
4958 8223
4958 8140
4958 7638
4958 6849
4958 6234
4958 5956
4958 8437
4958 7953
4958 7691
4958 7629
4958 7446
4958 7295
4958 7122
4958 6356
4958 5790
4958 5774
4958 5745
4958 6901
4958 5718
4959 8669
4959 7684
4959 6626
4959 8756
4959 8111
4959 7983
4959 7233
4959 5605
4959 5334
4959 8444
4959 5943
4959 5729
4959 5209
4960 8062
4960 7721
4960 7396
4960 6921
4960 6861
4960 5211
4960 5192
4960 8646
4960 8575
4960 8376
4960 8326
4960 8257
4960 8250
4960 7703
4960 7629
4960 6954
4961 8469
4961 8321
4961 7483
4961 7041
4961 6067
4961 5950
4961 5116
4961 5022
4961 8751
4961 8626
4961 8412
4961 7702
4961 7429
4961 7291
4961 7150
4961 7127
4961 6612
4961 6543
4961 6108
4961 5936
4962 7582
4962 6875
4962 5023
4962 8431
4962 5281
4963 8630
4963 8319
4963 8269
4963 8200
4963 7881
4963 7721
4963 7655
4963 7468
4963 6685
4963 6627
4963 6610
4963 6055
4963 5603
4963 5573
4963 5454
4963 5352
4963 5114
4963 5026
4963 8477
4963 8259
4963 8238
4963 8137
4963 8103
4963 7809
4963 7624
4963 6687
4963 5963
4963 5228
4964 7461
4964 5601
4964 7866
4965 7992
4965 7684
4965 6043
4965 5874
4965 5355
4965 7577
4965 7563
4965 6921
4965 5787
4965 5778
4965 5366
4966 7588
4966 5830
4966 8435
4966 6007
4966 5729
4966 5551
4967 8251
4967 7964
4967 6621
4967 5962
4967 5862
4967 7978
4967 6768
4967 5357
4968 7967
4968 7235
4968 6965
4968 6623
4968 5299
4968 8680
4968 8510
4968 7475
4968 5173
4969 7334
4969 5716
4969 8276
4969 7650
4969 7277
4969 6537
4969 7778
4970 8407
4970 7913
4970 7390
4970 6292
4970 6056
4970 5852
4970 5736
4970 7862
4971 5129
4971 7598
4971 7399
4971 6595
4971 7908
4971 5268
4972 8197
4972 6275
4972 5894
4972 7417
4973 5565
4973 8056
4973 5108
4974 8734
4974 8313
4974 7579
4974 5605
4974 8481
4974 7690
4974 7420
4974 6985
4975 8160
4975 7465
4975 5795
4975 5682
4975 5363
4975 5051
4975 8028
4975 7632
4975 5266
4976 8190
4976 7890
4976 7325
4976 6428
4976 5388
4977 6062
4977 5776
4977 5095
4977 8571
4977 8164
4977 7566
4977 7476
4977 7318
4977 7114
4977 6632
4977 5634
4977 5083
4977 5968
4978 8607
4978 8447
4978 7436
4978 7356
4979 8164
4979 7972
4979 7580
4979 5615
4979 7057
4979 5213
4980 7736
4980 7461
4980 6941
4980 5991
4980 7023
4981 8533
4981 8191
4981 6887
4981 5424
4981 5407
4981 7604
4981 7072
4981 5808
4981 5993
4982 8703
4982 8173
4982 8155
4982 7813
4982 7619
4982 7560
4982 7253
4983 7911
4983 7481
4983 7128
4983 7974
4983 6735
4983 6644
4983 5214
4984 8455
4984 6991
4985 8572
4985 5198
4985 8242
4985 7379
4985 7366
4985 7215
4985 6798
4985 5922
4985 5800
4985 5342
4986 8457
4986 8688
4986 8234
4987 8537
4987 7769
4987 7614
4987 7475
4987 6639
4987 5843
4987 5788
4987 5616
4987 8378
4987 7626
4987 7140
4987 6309
4987 5552
4987 5176
4987 5102
4988 8310
4988 7303
4988 6644
4988 6065
4988 5967
4988 8109
4988 7641
4988 5108
4989 5162
4995 7649
4995 5235
4996 7112
4996 8386
4996 6695
4997 5918
4998 8733
5000 6168
5000 5268
5000 5079
5001 7176
5002 7563
5002 7600
5002 7254
5002 7204
5002 7126
5002 6268
5003 7859
5003 5324
5003 8074
5004 5554
5004 8431
5004 8428
5004 7707
5004 7449
5004 7400
5004 7125
5004 6861
5004 6830
5004 6692
5004 5924
5004 5130
5004 8096
5004 7659
5004 5627
5005 7359
5005 6485
5005 6986
5006 5542
5006 8334
5006 6548
5007 6779
5007 5407
5007 6903
5007 6324
5008 7862
5010 6766
5010 7653
5010 7132
5012 8420
5016 5905
5018 7919
5019 8122
5019 5465
5019 5335
5020 7739
5020 7123
5020 7617
5020 6296
5020 6123
5021 8737
5021 6564
5021 5337
5021 5161
5022 7982
5022 5898
5022 8720
5022 8700
5022 8636
5022 8630
5022 8502
5022 8484
5022 8428
5022 7253
5022 6847
5022 5962
5022 5773
5022 5603
5022 5567
5022 5445
5022 5192
5022 5148
5022 8665
5022 8538
5022 7770
5022 7764
5022 7453
5022 7112
5022 6368
5022 6188
5022 5609
5022 5552
5022 5387
5023 6927
5023 7869
5023 8705
5023 8537
5023 7693
5024 8576
5024 8403
5024 8151
5024 7455
5024 5407
5024 8558
5024 8508
5024 8244
5024 8009
5024 7122
5024 7110
5024 7003
5024 7002
5024 6009
5024 5201
5024 7695
5024 7057
5024 5806
5025 8385
5025 7767
5025 7642
5025 7118
5025 6650
5025 6561
5025 6064
5025 5963
5025 5348
5025 5128
5026 7644
5026 6623
5026 5869
5026 8726
5026 8342
5026 8192
5026 7448
5026 5798
5026 8549
5026 8316
5026 7262
5026 7193
5026 7071
5027 7044
5027 8070
5027 6678
5028 8526
5028 8223
5028 8119
5028 7998
5028 7841
5028 5339
5028 5112
5028 8294
5028 8216
5028 7968
5028 7876
5028 7489
5028 7274
5028 5278
5028 5142
5029 8314
5029 5248
5029 5490
5030 8328
5030 7365
5030 6614
5030 6448
5030 5962
5030 8651
5030 8640
5030 8623
5030 8289
5030 8093
5030 6583
5030 6466
5031 5934
5031 5704
5032 7606
5032 5970
5032 8536
5032 7478
5032 7041
5032 6946
5032 6944
5032 6677
5032 6366
5032 5941
5032 5211
5032 5105
5032 8668
5032 8297
5032 8179
5032 8094
5032 7205
5032 6985
5032 5784
5032 5745
5032 5447
5033 6923
5033 8461
5033 7615
5033 5807
5033 8463
5033 8423
5033 7798
5033 7208
5033 6108
5033 5896
5034 8472
5034 7612
5034 7594
5034 6508
5034 5213
5034 6755
5034 6321
5035 8663
5035 8385
5035 8111
5035 7722
5035 6301
5035 6055
5035 5144
5035 8744
5035 8738
5035 8725
5035 8673
5035 8211
5035 8138
5035 7763
5035 5369
5035 5321
5036 8724
5036 7564
5036 7250
5036 7706
5045 8472
5045 7132
5045 6637
5045 5751
5045 7861
5045 7485
5045 7173
5045 5938
5045 5676
5046 7571
5046 7064
5046 6877
5046 8687
5046 5994
5046 5680
5047 5636
5047 8700
5047 8169
5047 7678
5047 7578
5047 7180
5047 7058
5047 5412
5047 5160
5047 8297
5047 8267
5047 6654
5047 6585
5047 5628
5048 8387
5048 7324
5048 7321
5049 7056
5049 7799
5050 7720
5050 7686
5050 6955
5050 5123
5051 8451
5051 8141
5053 5910
5053 8009
5055 8484
5055 7723
5055 7439
5055 7289
5055 6606
5055 8575
5055 8554
5055 8295
5055 8265
5055 8179
5055 7473
5055 7445
5055 7274
5055 6945
5055 6358
5055 5957
5055 5397
5055 7299
5056 8425
5057 8192
5057 6621
5057 6366
5057 6357
5057 5788
5057 5403
5057 5148
5057 8701
5057 8437
5057 8371
5057 8360
5057 7836
5057 7601
5057 7374
5057 7281
5057 6017
5057 5922
5057 5729
5057 5632
5057 5389
5057 8115
5057 7331
5057 6777
5057 6752
5057 6344
5057 5391
5058 8502
5058 8260
5058 8062
5058 7826
5058 7655
5058 7395
5058 6234
5058 5699
5058 5456
5058 8744
5058 8624
5058 8378
5058 7593
5058 7232
5058 5228
5059 6370
5059 6366
5059 5450
5059 8644
5059 8549
5059 8485
5059 8271
5059 7384
5059 7336
5059 5951
5059 5097
5059 8189
5059 7209
5059 7070
5059 5993
5063 5559
5067 5571
5067 8634
5069 7762
5069 7239
5069 5659
5069 8092
5071 8170
5071 5869
5071 5850
5071 8655
5071 8628
5071 7976
5071 7682
5071 7603
5071 5961
5071 8742
5071 6566
5073 7294
5073 6110
5073 8005
5073 6628
5073 5138
5074 6879
5075 8668
5075 7804
5075 6136
5075 5624
5075 5143
5077 5679
5079 7158
5079 6779
5079 5249
5080 6669
5080 5836
5080 5199
5080 8514
5080 7521
5080 6487
5080 6324
5081 8747
5081 6981
5081 7756
5082 7547
5082 6488
5082 8185
5082 7599
5082 6612
5082 5297
5082 8005
5082 7391
5083 8705
5083 8451
5083 8288
5083 8225
5083 7983
5083 7693
5083 7027
5083 8662
5083 8538
5083 8301
5083 8297
5083 8270
5083 8148
5083 7438
5083 7372
5083 6768
5083 6642
5083 6583
5083 6438
5083 6098
5083 5754
5083 5618
5083 5611
5083 5194
5083 5718
5083 5675
5084 7911
5084 8645
5084 8510
5084 7815
5084 6610
5084 6456
5084 8329
5084 7075
5084 6426
5084 5790
5084 5682
5084 5486
5084 5385
5085 5503
5085 8682
5085 7134
5086 8490
5086 8389
5086 8123
5086 8022
5086 7471
5086 7314
5086 7289
5086 6854
5086 5941
5086 8638
5086 8330
5086 8275
5086 8210
5086 7741
5086 6394
5086 5745
5087 7090
5088 7206
5088 6420
5088 5231
5089 6722
5093 7500
5094 6511
5095 8170
5095 8740
5095 8221
5095 8010
5095 7811
5095 6696
5095 5742
5095 7597
5095 6974
5095 5632
5096 7512
5097 8584
5097 7289
5097 7149
5097 6429
5097 5600
5097 5261
5098 8749
5098 8321
5098 7761
5098 7688
5098 7635
5098 7450
5098 6532
5098 6067
5098 6066
5098 8374
5098 8075
5098 5609
5098 5408
5099 5323
5099 7322
5099 6875
5099 6102
5099 5371
5099 8506
5099 7816
5099 7440
5099 6610
5100 7814
5100 8666
5100 8657
5100 8259
5100 8147
5100 8129
5100 7770
5100 6640
5100 5609
5100 5446
5100 5178
5100 5202
5101 8024
5101 7677
5101 7577
5101 7314
5101 7968
5101 7442
5101 7366
5101 6649
5101 5804
5101 5444
5101 5264
5101 8300
5101 6134
5102 8403
5102 8313
5102 7657
5102 6847
5102 6298
5102 5766
5102 5144
5102 8166
5102 7226
5102 6873
5102 6616
5102 6566
5102 5291
5102 5968
5102 5906
5103 8745
5103 6352
5103 5617
5103 8276
5103 6746
5104 7226
5104 5434
5104 8369
5104 6901
5105 5970
5105 5411
5105 8659
5105 8399
5105 8078
5105 7158
5105 6595
5105 5337
5105 7743
5106 8443
5106 7456
5106 8351
5106 7924
5107 8470
5107 8165
5107 7680
5107 7231
5107 6981
5107 6753
5107 8158
5108 6488
5108 5403
5108 5189
5108 8270
5109 8695
5109 8435
5109 8038
5109 7795
5109 7776
5109 6984
5109 6522
5109 5125
5109 8599
5109 6485
5109 5912
5110 7992
5110 6989
5110 6010
5110 5330
5110 8461
5110 8321
5110 7979
5110 7977
5110 7705
5110 7693
5110 7671
5110 7443
5110 5958
5110 5112
5110 8623
5110 8057
5110 7981
5110 7284
5110 6646
5111 8720
5111 8681
5111 7718
5111 6942
5111 5208
5111 8030
5111 7907
5112 8663
5112 8279
5112 7182
5112 6520
5112 5942
5112 8306
5112 8271
5112 8263
5112 7832
5112 7821
5112 7193
5112 7149
5112 7095
5112 5858
5112 5369
5113 8470
5113 7510
5113 8157
5114 7432
5114 6856
5114 5898
5114 8515
5114 7954
5114 7707
5114 7311
5114 7293
5114 6700
5114 6520
5114 6379
5114 6298
5114 5945
5114 5873
5114 8265
5114 7724
5114 7698
5114 7610
5114 7002
5114 6309
5114 5911
5115 8377
5115 8358
5115 8007
5115 7560
5115 7313
5115 6584
5115 6230
5115 5769
5115 8668
5115 8378
5115 8343
5115 8204
5115 8166
5115 7334
5115 6940
5115 6687
5115 6675
5115 8486
5115 6705
5115 5912
5116 6051
5116 8135
5116 8111
5116 7796
5116 7475
5116 7312
5116 7121
5116 5599
5116 5456
5116 8664
5116 8330
5116 8250
5116 8031
5116 6873
5117 8756
5117 8659
5117 7590
5117 6133
5117 5607
5117 8654
5117 8348
5117 8343
5117 8323
5117 8153
5117 7972
5117 7741
5117 7447
5117 7075
5117 5154
5117 7359
5118 5925
5118 7765
5118 7644
5118 5193
5118 8431
5118 8199
5118 7819
5118 5787
5119 8667
5119 8658
5119 8213
5119 7399
5119 5971
5119 5910
5119 5395
5119 5276
5119 8259
5119 8209
5119 8187
5119 8093
5119 7764
5119 5824
5119 5358
5119 5261
5120 6732
5120 6327
5121 8521
5121 7076
5121 8024
5121 7976
5121 7815
5121 7811
5121 7722
5121 7319
5121 6621
5121 5802
5121 5269
5121 8240
5121 7376
5121 7146
5122 7270
5122 6857
5122 6483
5123 6923
5123 6613
5123 8428
5123 7671
5123 7577
5123 7475
5123 8330
5123 7271
5123 5745
5124 8756
5124 8534
5124 7701
5124 5598
5124 8757
5124 5864
5124 5300
5125 7700
5125 7673
5125 7590
5125 7405
5125 8219
5125 8179
5125 7196
5125 6948
5125 5369
5126 8312
5126 6170
5126 8641
5126 8630
5126 7878
5126 7231
5126 6427
5126 8718
5126 8257
5126 7747
5126 7703
5127 7958
5127 7542
5127 6588
5128 8477
5128 8271
5128 8209
5128 7896
5128 8005
5128 7970
5128 7043
5128 6679
5128 5155
5129 5435
5130 5792
5130 8636
5130 6617
5130 5619
5130 8196
5130 8122
5130 7639
5130 6100
5130 5335
5131 7805
5131 7719
5133 8430
5133 6175
5133 7986
5133 7915
5135 7602
5135 5465
5135 7607
5137 7499
5137 7329
5137 5610
5138 8729
5138 8702
5138 8438
5138 8168
5138 7828
5138 7232
5138 5628
5138 6439
5138 6360
5138 6347
5138 5675
5138 5213
5138 8085
5138 7672
5139 7860
5139 8603
5139 8035
5139 7556
5139 7182
5140 6626
5140 6016
5140 7878
5140 7389
5140 7257
5140 6861
5140 6770
5140 6678
5140 6465
5140 6019
5140 5766
5140 5393
5141 6286
5141 6083
5142 7822
5142 8142
5142 8027
5142 5347
5142 5342
5142 7519
5142 6491
5142 5675
5144 8484
5144 7816
5144 7784
5144 7448
5144 6301
5144 6039
5144 5481
5144 5359
5144 5199
5144 8718
5144 8666
5144 7823
5144 7743
5144 7696
5144 7453
5145 7547
5146 8668
5146 8654
5146 8460
5146 6898
5146 5368
5146 5261
5146 6960
5146 5155
5147 8292
5147 7671
5147 7486
5147 5807
5147 8513
5147 7832
5147 7315
5147 5383
5148 5362
5148 8329
5148 8183
5149 7050
5149 6651
5149 5964
5149 5945
5149 7743
5149 6563
5149 6436
5149 6017
5149 5990
5149 5923
5149 5326
5149 8411
5150 8280
5150 7612
5150 7600
5150 6963
5150 6894
5150 8356
5150 5275
5151 8680
5151 8207
5151 8165
5151 8159
5151 8155
5151 7657
5151 7449
5151 7377
5151 7287
5151 7115
5151 6987
5151 6688
5151 6584
5151 6370
5151 5773
5151 8725
5151 8485
5151 8430
5151 8271
5151 8057
5151 8029
5151 7445
5151 7334
5151 6952
5151 6646
5151 6438
5151 5800
5151 5617
5151 5515
5152 8166
5152 8112
5152 7955
5152 6441
5152 5292
5152 5938
5153 8511
5153 8255
5153 8123
5153 7867
5153 7461
5153 6942
5153 6891
5153 6618
5153 6232
5153 5699
5153 8664
5153 8558
5153 8429
5153 8330
5153 8281
5153 8248
5153 8139
5153 6098
5153 5274
5153 7883
5154 8747
5154 8533
5154 8476
5154 8450
5154 8183
5154 8086
5154 7972
5154 7576
5154 7336
5154 6952
5154 5779
5155 8139
5155 7122
5155 6110
5155 8014
5155 6588
5156 8550
5156 5699
5156 7075
5156 6873
5156 6632
5156 5628
5156 5387
5156 5261
5157 6754
5158 8417
5158 8126
5158 7795
5158 7214
5158 7201
5158 5937
5158 5397
5158 7502
5159 6266
5160 6587
5160 8655
5160 8431
5160 8040
5160 7098
5160 6486
5160 8485
5160 8462
5160 8394
5160 8198
5160 8029
5160 7751
5160 7385
5160 7075
5160 6903
5161 8737
5161 7910
5161 7061
5161 6533
5163 8519
5163 8428
5163 8260
5163 8118
5163 7615
5163 6685
5163 5699
5163 5567
5163 5304
5163 8646
5163 8634
5163 8376
5163 7795
5163 7789
5163 7741
5163 7724
5163 7131
5163 7107
5165 8623
5165 8529
5165 8435
5165 8215
5165 8103
5165 7809
5165 7691
5165 7558
5165 7369
5165 7227
5165 7069
5165 6620
5165 6394
5165 6356
5165 5382
5165 8167
5165 6485
5165 5575
5167 8725
5167 8246
5167 8242
5167 7988
5167 7743
5167 6358
5167 5627
5167 5513
5167 5363
5168 6226
5168 8459
5168 8188
5168 7303
5168 5171
5169 8272
5169 5992
5170 7673
5170 7514
5170 8665
5170 8041
5170 7215
5170 6282
5170 5308
5171 7707
5172 7797
5172 5832
5172 5805
5172 8102
5172 6359
5172 6106
5172 5958
5172 5796
5172 8554
5172 8317
5172 7659
5172 7068
5172 6871
5172 5904
5172 5200
5173 8385
5173 8026
5173 7735
5173 6852
5173 5958
5173 6948
5174 8098
5174 5810
5174 8610
5174 8535
5174 7791
5174 7400
5174 5799
5174 5302
5174 8754
5174 8718
5174 8402
5174 8360
5174 7398
5174 5630
5175 8231
5175 8173
5175 7402
5175 6379
5175 6376
5175 5843
5175 5224
5175 8259
5175 7776
5175 7284
5175 7210
5175 6007
5175 5754
5176 8628
5176 7886
5176 7678
5176 6983
5176 6230
5176 5801
5176 5757
5176 5704
5176 8646
5176 8477
5176 8217
5176 8064
5176 8055
5176 8000
5176 6774
5176 5946
5176 5611
5176 5391
5177 8146
5177 7818
5177 7626
5177 7256
5177 6322
5177 8419
5177 7632
5177 5550
5178 7996
5178 7700
5178 7540
5178 5567
5178 8316
5178 8187
5178 8108
5178 6968
5178 6649
5178 5770
5178 5513
5178 5356
5179 7062
5179 8457
5179 8156
5179 7377
5179 5773
5179 5350
5180 7333
5180 8180
5181 5655
5182 6391
5182 5256
5188 6850
5188 8424
5188 5543
5190 7965
5190 7770
5190 6352
5190 6322
5190 6485
5190 6036
5191 8526
5191 7642
5191 7615
5191 7289
5191 6343
5191 6318
5191 5752
5191 5619
5191 8485
5191 8284
5191 8222
5191 8129
5191 5278
5191 7079
5192 7606
5192 7261
5192 8427
5192 7718
5192 7598
5192 7439
5192 7303
5192 6580
5192 6019
5192 5924
5192 5910
5192 5769
5193 7431
5193 8685
5193 6002
5193 5299
5193 7575
5194 7668
5194 6987
5194 8481
5194 8264
5194 8164
5194 8103
5194 7832
5194 7818
5194 6646
5194 5963
5194 6752
5195 7646
5195 6992
5195 7783
5195 7642
5196 7917
5196 6626
5196 5362
5197 8201
5197 6676
5197 7715
5198 8357
5198 8072
5198 7563
5198 6176
5198 5269
5198 8161
5198 7755
5198 5994
5199 8328
5199 8159
5199 7444
5199 7054
5199 7040
5199 5945
5199 5602
5199 5454
5199 7521
5199 5382
5200 7405
5200 6627
5200 8472
5200 5564
5200 5228
5201 7835
5201 7428
5201 5910
5201 5262
5201 8571
5201 8513
5201 8055
5201 7821
5201 7641
5201 7500
5201 7110
5201 5389
5201 8110
5202 8722
5202 8323
5202 7350
5202 7294
5202 6768
5202 6188
5202 8743
5202 7485
5203 8121
5203 7487
5203 5846
5203 8664
5203 7283
5203 6468
5203 6438
5203 6426
5203 5630
5203 5627
5203 5511
5203 7305
5204 8648
5204 7426
5204 7301
5204 7229
5204 6444
5204 5381
5205 8670
5205 8355
5205 8249
5205 5355
5205 5299
5205 5238
5205 7231
5206 8158
5206 5972
5206 5963
5206 7209
5207 7118
5207 7956
5207 7832
5207 5994
5208 7820
5208 6332
5208 5242
5208 8358
5208 6896
5208 6154
5208 5893
5209 6301
5209 5271
5209 6712
5210 7867
5210 6541
5210 8620
5210 8194
5210 8164
5210 7110
5210 6703
5210 5820
5210 5264
5210 7079
5210 6794
5210 5764
5210 5213
5211 8213
5211 7975
5211 7675
5211 7377
5211 7278
5211 7144
5211 6133
5211 8295
5211 6775
5211 5627
5212 5956
5212 7834
5212 7049
5212 6686
5213 8683
5213 8100
5213 5800
5213 5627
5213 5368
5213 5301
5213 8128
5213 8068
5213 7771
5213 6391
5213 5701
5214 7851
5214 7774
5214 5976
5214 5889
5214 5678
5214 5488
5214 8726
5214 8339
5214 8034
5214 7320
5214 7278
5214 7207
5214 6697
5214 6584
5214 5641
5215 8073
5215 8377
5215 7278
5215 6896
5215 5223
5215 5477
5216 8605
5216 7605
5216 7354
5217 8300
5217 6926
5218 8458
5218 8192
5218 7436
5218 6899
5218 7935
5219 8354
5219 6773
5219 6399
5220 6489
5220 6079
5220 8096
5220 6429
5221 6632
5221 5252
5222 7273
5222 6056
5222 5874
5222 8703
5222 8440
5222 8357
5222 8178
5222 7816
5222 7796
5222 7323
5222 7231
5222 6343
5222 6185
5222 6062
5222 5746
5222 5346
5222 8057
5222 7130
5222 5389
5223 8578
5223 5678
5223 8677
5223 8581
5223 8288
5223 7389
5223 7212
5223 6891
5223 6691
5223 6488
5223 5454
5223 5366
5223 8701
5223 5228
5224 7977
5224 7816
5224 7815
5224 7367
5224 6650
5224 6580
5224 6570
5224 6066
5224 5755
5224 7968
5224 7291
5224 6925
5224 5902
5226 7538
5226 7530
5226 6987
5226 6983
5226 5801
5226 5354
5226 8678
5226 8590
5226 8551
5226 8316
5226 7659
5226 7653
5226 7463
5226 7095
5226 5397
5226 5356
5226 7485
5226 7299
5228 8536
5228 8484
5228 8426
5228 7426
5228 7212
5228 8323
5228 6871
5228 6616
5228 6563
5228 6438
5228 6368
5228 5264
5228 6686
5229 6730
5229 7337
5229 6319
5230 5493
5231 6670
5231 8355
5231 8249
5231 7407
5231 7881
5233 6172
5236 8309
5236 8107
5236 7746
5236 6861
5236 8434
5236 8297
5236 8296
5236 8187
5236 8164
5236 7192
5236 5761
5236 5728
5236 8105
5238 8421
5238 6514
5238 5299
5240 5918
5240 5891
5242 5492
5242 6751
5244 7622
5244 8360
5244 6612
5244 6392
5246 7829
5246 7217
5246 5734
5247 8441
5247 8325
5247 8303
5247 8295
5247 7601
5247 6412
5247 8760
5247 7728
5247 7347
5247 6463
5247 5914
5247 5503
5248 8750
5248 6547
5249 7059
5249 8571
5249 8348
5249 8112
5249 7836
5249 7658
5249 6540
5249 5953
5249 5813
5250 7996
5250 7927
5250 6751
5250 8237
5250 6776
5251 8637
5251 8491
5251 7576
5251 6438
5251 5953
5251 5937
5251 5479
5251 5383
5251 7341
5251 6442
5251 5396
5252 7415
5252 6342
5252 8485
5252 8023
5252 7079
5254 8035
5254 7286
5254 6989
5254 6874
5254 6643
5256 5915
5256 5622
5258 6129
5259 8581
5259 8519
5259 7739
5259 7678
5259 7655
5259 7399
5259 6953
5259 6063
5259 5954
5259 6563
5259 5777
5259 5356
5261 8645
5261 8156
5261 6987
5261 6919
5261 6610
5261 6340
5261 5633
5261 5403
5261 8739
5261 8529
5261 8148
5261 7451
5261 7379
5261 5895
5261 5684
5261 5515
5261 5452
5261 5401
5261 7827
5262 7077
5262 5792
5262 5355
5262 8661
5262 8533
5262 8517
5262 8321
5262 8298
5262 8282
5262 7976
5262 7635
5262 7041
5262 6958
5262 6921
5262 5798
5262 5744
5262 5629
5262 8327
5262 8270
5262 7716
5262 7703
5262 7442
5262 7307
5262 7201
5262 5937
5262 5408
5263 8549
5263 8429
5263 8154
5263 8147
5263 7384
5263 7357
5263 7131
5263 5273
5263 7557
5263 7397
5264 8504
5264 8023
5264 5772
5264 5627
5264 5382
5264 8167
5264 7542
5264 7325
5265 8747
5265 8299
5265 8040
5265 7207
5265 5351
5265 8623
5265 8343
5265 8295
5265 8286
5265 8264
5265 8194
5265 7955
5265 7756
5265 7658
5265 6100
5265 6017
5266 7384
5266 6675
5266 6686
5266 5968
5267 8603
5267 7361
5267 5720
5267 8290
5267 7878
5267 7598
5267 6949
5267 6861
5267 6779
5267 6079
5267 5941
5267 5372
5267 7730
5268 8677
5268 8324
5268 5507
5268 7385
5268 7376
5268 5784
5269 8521
5269 8334
5269 7646
5269 7117
5269 8478
5269 8111
5269 7886
5269 7707
5269 7668
5269 6849
5269 8242
5269 8145
5269 5947
5269 5812
5269 5548
5270 8450
5270 8133
5270 7841
5270 7825
5270 6921
5270 6369
5270 5362
5270 8442
5270 8297
5270 7258
5270 7149
5270 5768
5271 7874
5271 7738
5271 7592
5271 7422
5271 8716
5271 8551
5271 8481
5271 8286
5271 8204
5271 8166
5271 7809
5271 6483
5271 5946
5271 5790
5271 5586
5271 8052
5271 7277
5271 6485
5272 8628
5272 7042
5272 5910
5272 8444
5272 8437
5272 8267
5272 7981
5272 7849
5272 7703
5272 7451
5272 7316
5272 7214
5272 7133
5272 5966
5272 5673
5272 5548
5272 5292
5272 5622
5272 5575
5273 8639
5273 8282
5273 7422
5273 7402
5273 6836
5273 5941
5273 5776
5273 5508
5273 5469
5273 8477
5273 8238
5273 8131
5273 7914
5273 7912
5273 7876
5273 7491
5273 5966
5273 5772
5273 5682
5273 5453
5274 8288
5274 8058
5274 7878
5274 7874
5274 7422
5274 7180
5274 5306
5274 8646
5274 8441
5274 7743
5274 6441
5274 5743
5274 7970
5274 6954
5275 8746
5275 8729
5275 8012
5275 7821
5275 7184
5275 5630
5275 8743
5275 7331
5275 6694
5275 6926
5276 8670
5276 7992
5276 8557
5276 8550
5276 7616
5276 7614
5276 7440
5276 7151
5276 6584
5276 5769
5276 5353
5276 7858
5276 7345
5276 5866
5277 7811
5277 5641
5277 8394
5277 8364
5277 8361
5277 8303
5277 8093
5277 8031
5277 7559
5277 7476
5277 5611
5277 5399
5277 5284
5278 7952
5278 7645
5278 6445
5278 6418
5278 5900
5278 8739
5278 8683
5278 8326
5278 7384
5278 7271
5278 7060
5278 6429
5278 6000
5278 5291
5279 8511
5279 7616
5279 6849
5279 6595
5279 6343
5279 5599
5279 8150
5279 5991
5280 8710
5280 8643
5280 8638
5280 7985
5280 7740
5280 6322
5280 5397
5280 6652
5280 5550
5281 6955
5281 5556
5281 8557
5281 8533
5281 8165
5281 8037
5281 6983
5281 6942
5281 6753
5281 6589
5281 6355
5281 8549
5281 8374
5281 8208
5281 7473
5281 5921
5281 5509
5282 8533
5282 7301
5282 8637
5282 8361
5282 8236
5282 8149
5282 7630
5282 7597
5282 7385
5282 7126
5282 6956
5282 5627
5282 8724
5282 8448
5282 6396
5282 5676
5283 7605
5284 8522
5284 8212
5284 7849
5284 7489
5284 7259
5284 7114
5284 6510
5284 8413
5284 8239
5284 8110
5285 6423
5286 6151
5286 5455
5287 6497
5288 8735
5288 7775
5289 8116
5289 7578
5289 6488
5289 6372
5289 6062
5289 5336
5289 8592
5289 8124
5289 8060
5289 7776
5289 7386
5289 6112
5289 5786
5290 5432
5290 8571
5290 6388
5291 8515
5291 8261
5291 8159
5291 7469
5291 5981
5291 5773
5291 8643
5291 8462
5291 8214
5291 8166
5291 7879
5291 7446
5291 7376
5291 6834
5291 6703
5291 6701
5291 6634
5291 6015
5291 5627
5291 5415
5292 8622
5292 7441
5292 5945
5292 5798
5292 8305
5292 8250
5292 8164
5292 7823
5292 7656
5292 7318
5292 6640
5292 6540
5292 6441
5292 6368
5292 5943
5292 5897
5292 5772
5292 8486
5292 8028
5292 7397
5292 6302
5293 8492
5293 8487
5293 8167
5293 8014
5293 7549
5294 5488
5294 8663
5294 7450
5294 7427
5294 6835
5294 6700
5294 6359
5294 6066
5294 5942
5294 5776
5294 5450
5294 8643
5294 8317
5294 8153
5294 8023
5294 7981
5294 7142
5294 6968
5294 5771
5294 5453
5295 8447
5295 5783
5295 8367
5296 8013
5297 7838
5298 6832
5298 6272
5298 5915
5299 7967
5299 7765
5299 7720
5299 7261
5299 6626
5299 8469
5299 8269
5299 7402
5299 5913
5299 5456
5300 5587
5300 8710
5300 6871
5301 7888
5301 7840
5301 7832
5301 7776
5301 7755
5301 7562
5301 7357
5301 7060
5301 6033
5301 5606
5302 8035
5302 5355
5302 8556
5302 8292
5302 7311
5302 6568
5302 5769
5302 5766
5302 8444
5303 7979
5303 5454
5303 8483
5303 7602
5303 7447
5303 7494
5304 7707
5304 7425
5304 6685
5304 5633
5304 5352
5304 8152
5304 8137
5304 7956
5304 7630
5304 7558
5304 6547
5304 5858
5306 7966
5306 7614
5306 7005
5306 6677
5306 5924
5306 5598
5306 5450
5306 5334
5306 7602
5306 7284
5306 6563
5306 6324
5306 5389
5306 5308
5308 8403
5308 8104
5308 7673
5308 7635
5308 6651
5308 5807
5308 8219
5308 8196
5308 8131
5308 7818
5308 7429
5308 7376
5308 7285
5308 6356
5308 5949
5308 5615
5308 5509
5310 8552
5310 7460
5311 8364
5311 7893
5312 8386
5313 8388
5313 5537
5313 7943
5314 8733
5314 6722
5315 8370
5315 7094
5315 6958
5316 5412
5317 6497
5317 5842
5318 6698
5319 7076
5319 7208
5321 5603
5321 8547
5321 7339
5321 5658
5321 5415
5323 7322
5324 7689
5325 7409
5326 8714
5326 8628
5326 8649
5326 8442
5326 8412
5326 7968
5326 7794
5326 7624
5326 7370
5326 6302
5328 8488
5328 8256
5328 8125
5328 7655
5328 7098
5328 6096
5328 5797
5328 8474
5328 8265
5328 7025
5328 6634
5328 6605
5328 6540
5328 6309
5328 6136
5328 5761
5328 5449
5330 8627
5330 8180
5330 5992
5330 8647
5330 8557
5330 8410
5332 7450
5332 7323
5332 8751
5332 8065
5332 8006
5332 6603
5332 5749
5332 6439
5333 8077
5333 6637
5333 6123
5333 5859
5334 7644
5334 7554
5334 7129
5334 7120
5334 6938
5334 6424
5334 6284
5335 8058
5335 7693
5335 7198
5335 7129
5335 8489
5335 7114
5335 5782
5336 6623
5336 5805
5336 8628
5336 8285
5336 6300
5336 5798
5336 6612
5337 6587
5337 6554
5337 5837
5337 8661
5337 8470
5337 8436
5337 7975
5337 6981
5338 8323
5338 7764
5338 6068
5339 8749
5339 6366
5339 8657
5339 8065
5339 6490
5339 5618
5339 5600
5339 5584
5340 5411
5340 8040
5340 7098
5340 6106
5341 8260
5341 8255
5341 8125
5341 7785
5341 7427
5341 5964
5341 8325
5341 8217
5341 8175
5341 7914
5341 7488
5341 6543
5341 5793
5341 5446
5342 7345
5342 7294
5342 5584
5342 5444
5342 8743
5343 8028
5343 7632
5343 7049
5343 6746
5343 5914
5343 6086
5344 8102
5344 7814
5344 7766
5344 7469
5344 6622
5344 6606
5344 8273
5344 7316
5344 6642
5344 6582
5344 5793
5344 5743
5344 7704
5344 6652
5345 7826
5345 5574
5346 7950
5346 8740
5346 8479
5346 8427
5346 8256
5346 7475
5346 7468
5346 7352
5346 6456
5346 6062
5346 5948
5346 5803
5346 5778
5346 5744
5346 7370
5347 5683
5347 5447
5348 8536
5348 8470
5348 7511
5348 7289
5348 6185
5348 8423
5348 7876
5348 7866
5348 5361
5348 5357
5348 5912
5349 8462
5349 5912
5349 5608
5349 5370
5350 8578
5350 8756
5350 8163
5350 7677
5350 7590
5350 5860
5350 5845
5350 8757
5350 8148
5350 7132
5351 8117
5351 8066
5351 6622
5351 5940
5351 8520
5351 6974
5351 6956
5351 6748
5351 5628
5351 5467
5352 7992
5352 7111
5352 5874
5352 8328
5352 8121
5352 7440
5352 7011
5352 6621
5352 6589
5352 5900
5352 5778
5352 5599
5352 5384
5352 8265
5352 8210
5352 8146
5352 8055
5352 7438
5352 7370
5352 7332
5353 8035
5353 5919
5353 8705
5353 5386
5353 7446
5353 5951
5354 8648
5354 7481
5354 8389
5354 8290
5354 8123
5354 7311
5354 7063
5354 5616
5354 8463
5354 8217
5354 7956
5354 7896
5354 7789
5354 7445
5354 7370
5354 7290
5354 6649
5354 6620
5354 5749
5354 5611
5354 5408
5355 8230
5355 8197
5355 6900
5355 5734
5355 5547
5355 7761
5355 7469
5355 6066
5355 5830
5356 6359
5356 5607
5356 8695
5356 8621
5356 8374
5356 8323
5356 8318
5356 7953
5356 7821
5356 7818
5356 7142
5356 5887
5356 5866
5356 5790
5356 5617
5356 5399
5357 7952
5357 7721
5357 6535
5358 8585
5358 8493
5358 8432
5358 6834
5358 6438
5358 6324
5358 8419
5359 7723
5359 7673
5359 6648
5359 6154
5359 7420
5359 5671
5360 7746
5360 7671
5360 6677
5360 8746
5360 8330
5360 8268
5360 8208
5360 8154
5360 7856
5360 7370
5360 7309
5360 7260
5360 7254
5360 6945
5360 6794
5361 8539
5361 8654
5361 8360
5361 8275
5361 8263
5361 8113
5361 7716
5361 7345
5361 6640
5361 6098
5361 8052
5361 7391
5361 6344
5361 5391
5362 8669
5362 6607
5362 5889
5362 5488
5362 8720
5362 8299
5362 7556
5362 7399
5362 5769
5362 5629
5362 5943
5363 8581
5363 8399
5363 5407
5363 8722
5363 8441
5363 8057
5363 7912
5363 7908
5363 7743
5364 7886
5364 6918
5364 5885
5364 8657
5364 8549
5364 8460
5364 8402
5364 7981
5364 7442
5364 7345
5364 8337
5364 7771
5364 7618
5364 5606
5364 5500
5365 5810
5365 8470
5365 8290
5365 8213
5365 8062
5365 7636
5365 6584
5365 6443
5365 6013
5365 7114
5365 6750
5365 5628
5365 5626
5365 5615
5366 6010
5366 7980
5366 7766
5366 6534
5366 6370
5366 5788
5366 5773
5366 5435
5366 8623
5366 8524
5367 8632
5367 5569
5367 8523
5367 8372
5367 8251
5367 8118
5367 7886
5367 7748
5367 7670
5367 6030
5367 5456
5368 8274
5368 8062
5368 8059
5368 6589
5368 5798
5368 8185
5368 8000
5368 7628
5368 7608
5368 7189
5368 5509
5368 8369
5368 7771
5369 8647
5369 7721
5369 6692
5369 6638
5369 6232
5369 5962
5369 8716
5369 8606
5369 8201
5369 8146
5369 7789
5369 7741
5369 6014
5369 6653
5370 8267
5370 8262
5370 8238
5370 8131
5370 8029
5370 7747
5370 6899
5370 6582
5370 5682
5370 5479
5370 8091
5370 7837
5371 6390
5371 6234
5372 8373
5372 7851
5372 7878
5372 6939
5372 6887
5372 5424
5372 8553
5372 8485
5372 8329
5372 7772
5373 5547
5373 8469
5373 8116
5373 5715
5373 5670
5373 8513
5373 8504
5373 8429
5373 8175
5374 6893
5380 8526
5380 7718
5380 7675
5380 7428
5380 7050
5380 6983
5380 6589
5380 6012
5380 5798
5380 8142
5380 8060
5380 7955
5380 7318
5380 7284
5380 7122
5380 7016
5380 6646
5380 6483
5380 6344
5381 5703
5381 8740
5381 8502
5381 8155
5381 7272
5381 6063
5381 5699
5382 8313
5382 8299
5382 8034
5382 8026
5382 7560
5382 7425
5382 6852
5382 6836
5382 6379
5382 5956
5382 8727
5382 8701
5382 8652
5382 8316
5382 8064
5382 7763
5382 6110
5382 5963
5382 5951
5382 5385
5382 5912
5383 8114
5383 8727
5383 8672
5383 8152
5383 7204
5383 5732
5383 5467
5383 5434
5384 8667
5384 8288
5384 8151
5384 7668
5384 7422
5384 7311
5384 6942
5384 6836
5384 6650
5384 8329
5384 8029
5384 7576
5384 7107
5385 8659
5385 8636
5385 8328
5385 7983
5385 7881
5385 7123
5385 7120
5385 6810
5385 6570
5385 6456
5385 8554
5385 8287
5385 8247
5385 5946
5385 5677
5385 5617
5385 5389
5386 8453
5386 8431
5386 8080
5386 6949
5386 5757
5386 7956
5386 7641
5386 7384
5386 7260
5386 5770
5387 8661
5387 8536
5387 8479
5387 8436
5387 8321
5387 8313
5387 8200
5387 7468
5387 7293
5387 6958
5387 6891
5387 6618
5387 6300
5387 5845
5387 5802
5387 5619
5387 8374
5387 8262
5387 8103
5387 7957
5387 7384
5387 7294
5387 7230
5387 7039
5387 6426
5387 5397
5388 7893
5388 6166
5388 5455
5389 8740
5389 8436
5389 6486
5389 6445
5389 6234
5389 6065
5389 5788
5389 5776
5389 8414
5389 8326
5389 8263
5389 7817
5389 7262
5389 7007
5389 6582
5389 6543
5389 5729
5389 5552
5390 7456
5390 7136
5391 8746
5391 8271
5391 8027
5391 7956
5391 7879
5391 6011
5391 5959
5391 5800
5391 5513
5391 6746
5391 6360
5391 5780
5392 7636
5392 8047
5393 8726
5393 8704
5393 8328
5393 7745
5393 7396
5393 7253
5393 7180
5393 6568
5393 8701
5393 8367
5393 8302
5393 8126
5393 5511
5393 5417
5394 8738
5394 8481
5394 8264
5394 8187
5394 8146
5394 8106
5394 7702
5394 7230
5394 6367
5394 5955
5394 5513
5394 8095
5394 6565
5395 8004
5395 7967
5395 7481
5395 8712
5395 8427
5395 8319
5395 8135
5395 7638
5395 6779
5395 6342
5395 5941
5395 8699
5395 7676
5395 7501
5395 7438
5396 8362
5397 7979
5397 6589
5397 5803
5397 8702
5397 8666
5397 7985
5397 7968
5397 7789
5397 7580
5397 7467
5397 7294
5397 7637
5398 6716
5399 7874
5399 7287
5399 8585
5399 8554
5399 7839
5399 7025
5399 6689
5399 6309
5399 5728
5401 8213
5401 8078
5401 7439
5401 7252
5401 6465
5401 5753
5401 8368
5401 8364
5401 8270
5401 8262
5401 7772
5401 7299
5403 7982
5403 8416
5403 7813
5403 7748
5403 7745
5403 7700
5403 7423
5403 7395
5403 7320
5403 6779
5403 5747
5403 5744
5403 5604
5403 8009
5403 7756
5403 7703
5403 7458
5403 7002
5403 6970
5403 6108
5405 8290
5405 7287
5405 8702
5405 8306
5405 7477
5405 6985
5405 6948
5405 6898
5405 6299
5405 8743
5405 8344
5405 8068
5405 6491
5405 5915
5405 5829
5405 5806
5406 7666
5406 7362
5407 8557
5407 8140
5407 7575
5407 6949
5407 8744
5407 8252
5407 8248
5407 8129
5407 5946
5407 5923
5407 5448
5408 8311
5408 7813
5408 8664
5408 8307
5408 7879
5408 7866
5408 7776
5408 6940
5408 6898
5408 6426
5408 6011
5408 8419
5408 8190
5409 8153
5409 8439
5409 7299
5409 6954
5409 6446
5410 8082
5410 5748
5410 6711
5411 8611
5411 6892
5411 8339
5411 8200
5411 7674
5411 7545
5411 5750
5412 8611
5412 5473
5412 7426
5412 6590
5412 6416
5412 8268
5412 7356
5412 6449
5413 7441
5413 6735
5413 5752
5413 6941
5413 6135
5414 6533
5414 5907
5415 8725
5415 7411
5415 5864
5415 5795
5415 5912
5417 8697
5417 6808
5417 8477
5417 8432
5417 8150
5417 7641
5417 7192
5417 7126
5417 5728
5419 8439
5419 5844
5419 7255
5419 7181
5419 6884
5421 8386
5422 6274
5424 8581
5424 7714
5424 6276
5424 7836
5424 6449
5431 8514
5432 7902
5433 8516
5433 8337
5434 7786
5434 8296
5434 8187
5434 8064
5434 7840
5434 7798
5434 7232
5434 7149
5434 5444
5434 7391
5434 7023
5434 6746
5435 6962
5435 8740
5435 8339
5435 8191
5436 8421
5436 7361
5436 6519
5437 7860
5437 7902
5437 6778
5437 8660
5437 8037
5437 7759
5437 7182
5437 7042
5438 6553
5444 8080
5444 6810
5444 5798
5444 5571
5444 8751
5444 8739
5444 8472
5444 8286
5444 7818
5444 6948
5444 6872
5444 6703
5444 6374
5444 8552
5444 5644
5445 7330
5445 5971
5445 5577
5445 8029
5445 5904
5445 5446
5446 8534
5446 8331
5446 8200
5446 7509
5446 7440
5446 7402
5446 7278
5446 7272
5446 6946
5446 5799
5446 8745
5446 8635
5446 8364
5446 8064
5446 7350
5446 6872
5446 6585
5446 5777
5446 5513
5447 8714
5447 7693
5447 7633
5447 6753
5447 8683
5447 8638
5447 8179
5447 8064
5447 7957
5447 7332
5447 7204
5447 5509
5447 8369
5447 7082
5447 6440
5448 7320
5448 6921
5448 8588
5448 8555
5448 8553
5448 8210
5448 8139
5448 7429
5448 7372
5448 7271
5448 6009
5448 5768
5448 7391
5448 5868
5449 8535
5449 8467
5449 8059
5449 7635
5449 7267
5449 8664
5449 8297
5449 8267
5449 8149
5449 8131
5449 8112
5449 7795
5449 7770
5449 7372
5449 6591
5449 5795
5449 5774
5449 8014
5450 8355
5450 8628
5450 8282
5450 7041
5450 6854
5450 6636
5450 5629
5450 8273
5450 8217
5450 8142
5450 8061
5450 8033
5450 7989
5450 7764
5450 7372
5450 7071
5450 6950
5450 6538
5450 5995
5450 5795
5450 5751
5451 8677
5451 8661
5451 8484
5451 8399
5451 6735
5451 6610
5451 6456
5451 5910
5451 8284
5451 8149
5451 6968
5451 6585
5452 8282
5452 8261
5452 8118
5452 7461
5452 7441
5452 6810
5452 6650
5452 6535
5452 6488
5452 8654
5452 8575
5452 8061
5452 8055
5452 8027
5452 7601
5452 6011
5452 7276
5453 7746
5453 7287
5453 6622
5453 6030
5453 8158
5453 6701
5453 5632
5453 8266
5453 8091
5454 8059
5454 6448
5454 6298
5454 6013
5454 8653
5454 8637
5454 8154
5454 8076
5454 7350
5454 6566
5454 5875
5454 5552
5456 8670
5456 7261
5456 5810
5456 8399
5456 8151
5456 8111
5456 7975
5456 7511
5456 7401
5456 6641
5456 6469
5456 6298
5456 8723
5456 7749
5456 7345
5456 6467
5456 5732
5456 5509
5457 7183
5457 6323
5457 6880
5458 6458
5459 5576
5461 7219
5461 8283
5461 7913
5461 7512
5461 6969
5461 6623
5461 6572
5463 6774
5464 7502
5465 8102
5466 5516
5467 6395
5467 8571
5467 8153
5468 5919
5468 8089
5469 8670
5469 8312
5469 6587
5469 8677
5469 8586
5469 8536
5469 8428
5469 8324
5469 8311
5469 8083
5469 7563
5469 7402
5469 7074
5469 6983
5469 6641
5469 6535
5469 6443
5469 6062
5469 5746
5469 8286
5469 8252
5469 8215
5469 8131
5469 7601
5469 6985
5470 8586
5470 6973
5470 5603
5470 8725
5470 7842
5470 7626
5470 6985
5470 6774
5470 6296
5471 8758
5471 8344
5471 8157
5471 8128
5471 7661
5471 7209
5471 7073
5471 5780
5472 7878
5472 7393
5472 6779
5472 6424
5472 6370
5472 5616
5472 8131
5472 7972
5472 7953
5472 7447
5472 6871
5472 6175
5472 6112
5472 5800
5472 8082
5472 7564
5473 5660
5473 7917
5473 6738
5473 5940
5474 7102
5474 7825
5474 7638
5474 6105
5474 5899
5475 7976
5475 7736
5476 8118
5476 8679
5476 8644
5476 6869
5476 6021
5477 7784
5477 6038
5477 8554
5477 8000
5477 7763
5477 7491
5477 7210
5477 6899
5477 6834
5477 6776
5477 5875
5478 8000
5478 7647
5478 7558
5478 7442
5478 7178
5478 6611
5478 6060
5478 7173
5478 6428
5479 8433
5479 8207
5479 7793
5479 6944
5479 6942
5479 6355
5479 8666
5479 8429
5479 8374
5479 8208
5479 7016
5479 6872
5479 5632
5481 7851
5481 7788
5481 7623
5481 5720
5481 8451
5481 8321
5481 8159
5481 8111
5481 7814
5481 7738
5481 7296
5481 6105
5481 5962
5481 5778
5481 8179
5481 8131
5481 7630
5481 5632
5484 6454
5484 6699
5486 8290
5486 7786
5486 8656
5486 8554
5486 8547
5486 8031
5486 7949
5486 7696
5486 7372
5486 7072
5486 6707
5486 6014
5486 8486
5486 8276
5486 6524
5487 5934
5488 8403
5488 7469
5489 7007
5489 6547
5489 5749
5489 6172
5490 8438
5490 8086
5490 8012
5490 6894
5490 6000
5490 5771
5490 8743
5490 8605
5490 8500
5490 5915
5491 8346
5491 8038
5491 7970
5491 7834
5492 7286
5492 7195
5492 6208
5492 5734
5492 5703
5492 7293
5492 7272
5493 6400
5493 6138
5494 7163
5500 8418
5500 7818
5500 6620
5500 5820
5500 8333
5501 6268
5501 7854
5501 7754
5502 7693
5502 7040
5503 7654
5503 7386
5503 5895
5503 8105
5503 5822
5503 5764
5504 7423
5504 7042
5504 5601
5504 8504
5504 6586
5505 8553
5506 8590
5506 8376
5506 8253
5506 7792
5506 7357
5506 5946
5506 6466
5507 7464
5507 6775
5507 6750
5508 7623
5508 6778
5508 8292
5508 7960
5508 7748
5508 7459
5508 6343
5508 6642
5509 8728
5509 8641
5509 5942
5509 8672
5509 8559
5509 8210
5509 8032
5509 7309
5509 5775
5509 5749
5509 7073
5510 7725
5511 8576
5511 8534
5511 8118
5511 8083
5511 7784
5511 7272
5511 8474
5511 8242
5511 8126
5511 7602
5511 7336
5511 7075
5511 7072
5511 6673
5511 5731
5513 8666
5513 8432
5513 8348
5513 7972
5513 7744
5513 7230
5513 7226
5513 7112
5513 6903
5513 6563
5513 5627
5513 5611
5513 8005
5513 6901
5515 8536
5515 7180
5515 6416
5515 5799
5515 5633
5515 8520
5515 8444
5515 8305
5515 8295
5515 8264
5515 8194
5515 8031
5515 7924
5515 7587
5515 7384
5515 6608
5515 5870
5515 5677
5515 8516
5515 7070
5515 6901
5515 5806
5516 8436
5516 7212
5516 6276
5518 8172
5530 8037
5530 7671
5530 6372
5530 6325
5532 7036
5532 7355
5532 6852
5532 5607
5533 7280
5533 6173
5533 6388
5533 6001
5533 7854
5535 7656
5535 8005
5537 8640
5537 8371
5537 5637
5537 6756
5539 6142
5539 7077
5541 8422
5541 6056
5541 7486
5543 7588
5543 8287
5544 8044
5544 6780
5544 8466
5545 7081
5545 7393
5545 7293
5545 7040
5545 6039
5545 7809
5545 7740
5545 7463
5546 6020
5546 8688
5546 7948
5547 8063
5547 7967
5547 6236
5547 6125
5547 6043
5547 6003
5547 8728
5547 8484
5547 8116
5547 7825
5547 7469
5547 6951
5547 6942
5547 6691
5547 5961
5548 8121
5548 7723
5548 6621
5548 6559
5548 5862
5548 5787
5548 5603
5548 8343
5548 8295
5548 8246
5548 7749
5548 6640
5548 5864
5548 5768
5548 7359
5548 5575
5549 8389
5549 7790
5549 7783
5549 7441
5549 6535
5549 8061
5549 7968
5549 7904
5549 7189
5549 6104
5549 5551
5550 8624
5550 8430
5550 8302
5550 8265
5550 8253
5550 8210
5550 8141
5550 7763
5550 7691
5550 7467
5550 7372
5550 5969
5550 5887
5550 7383
5550 7381
5550 5718
5551 8058
5551 7439
5551 6571
5551 8665
5551 8585
5551 8397
5551 8296
5551 7818
5551 7488
5551 6563
5552 8241
5552 8220
5552 6369
5552 8378
5552 8286
5552 8273
5552 8259
5552 8238
5552 8211
5552 7045
5552 5777
5552 7863
5553 8578
5553 7753
5553 7692
5553 7459
5554 7753
5554 7606
5554 7117
5554 6514
5554 5643
5554 8655
5554 8298
5554 8040
5554 7680
5554 7636
5554 5913
5554 5613
5555 5918
5555 6272
5556 6980
5556 5876
5556 7461
5556 7450
5556 7011
5556 6621
5556 6012
5557 6819
5559 6026
5560 5660
5560 6298
5562 7379
5563 8488
5563 7296
5563 6617
5564 8323
5564 8160
5564 7488
5564 7334
5564 6611
5564 6591
5564 5586
5564 8017
5565 7563
5565 6735
5565 8330
5565 7625
5565 7214
5567 6297
5567 8461
5567 8313
5567 7005
5567 6953
5567 6946
5567 6376
5567 6030
5567 5704
5567 8538
5567 8057
5567 7879
5567 7626
5567 6358
5568 8045
5568 7935
5569 7774
5569 7490
5569 6989
5569 6270
5569 8610
5569 7635
5569 6372
5569 6320
5569 5613
5571 7862
5571 7119
5571 5757
5571 8401
5571 8287
5571 8061
5571 7127
5571 6322
5573 7065
5573 8121
5573 7721
5573 7121
5573 8590
5574 5700
5574 8001
5575 8257
5575 7879
5575 7691
5575 7420
5575 7142
5575 6675
5575 6609
5575 5955
5575 6667
5575 5606
5577 8299
5577 7739
5577 7475
5577 7399
5577 8196
5577 7307
5577 6943
5578 8650
5578 8508
5578 7189
5578 6608
5578 5794
5578 7827
5579 8670
5579 7606
5579 6587
5579 5874
5579 8642
5579 8459
5579 7450
5579 7289
5579 6835
5579 6636
5580 8192
5580 7191
5580 6610
5580 7097
5580 5840
5581 8650
5581 7741
5581 6620
5581 5771
5581 7519
5581 7200
5581 5933
5582 8464
5582 7902
5582 7547
5582 6395
5583 6271
5583 6219
5583 6091
5584 8537
5584 7514
5584 6629
5584 5601
5584 7131
5584 6467
5585 5932
5586 7590
5586 7444
5586 7282
5586 8346
5586 8323
5586 8317
5586 8138
5586 7839
5586 7463
5586 7270
5586 6341
5586 5909
5586 5682
5586 5625
5586 5597
5587 6319
5587 5859
5588 8487
5588 6022
5588 5698
5589 7565
5589 7404
5595 7782
5597 8458
5597 8426
5597 7738
5597 7627
5597 6039
5597 6630
5597 5974
5598 7093
5598 6860
5598 7739
5598 7414
5598 7123
5598 6751
5599 7322
5599 5869
5599 8261
5599 8171
5599 8117
5599 7478
5599 7278
5599 6698
5600 8290
5600 8104
5600 7998
5600 7450
5600 8429
5600 8161
5600 7294
5600 7107
5600 6603
5600 6586
5600 7827
5600 6794
5601 5876
5601 7929
5601 6921
5601 8699
5601 8301
5601 7477
5601 7298
5602 8277
5602 6627
5602 5796
5602 8633
5602 8588
5602 7763
5602 6014
5602 6007
5602 5949
5602 5943
5603 8118
5603 7984
5603 7966
5603 7417
5603 7355
5603 6115
5603 6035
5603 5787
5603 8739
5603 8195
5603 8162
5603 7593
5603 7350
5603 7316
5604 8328
5604 8279
5604 8178
5604 8119
5604 7603
5604 8429
5604 8270
5604 8126
5604 7978
5604 7956
5604 6536
5604 5957
5604 5674
5605 7528
5605 7111
5605 8066
5605 7721
5605 7682
5605 7063
5605 6559
5605 6357
5605 6062
5605 5913
5605 6858
5606 8727
5606 8483
5606 8463
5606 7107
5606 6436
5606 5627
5606 7454
5606 7305
5606 7299
5606 6560
5606 6524
5606 5968
5606 5701
5607 8199
5607 7123
5607 6357
5607 7953
5607 7741
5607 7445
5608 7634
5608 8266
5609 8062
5609 6953
5609 6622
5609 6345
5609 8640
5609 7068
5609 6689
5609 5951
5609 8486
5609 7704
5610 7198
5610 8141
5611 8526
5611 7592
5611 6854
5611 6638
5611 8723
5611 8401
5611 8301
5611 8122
5611 7981
5611 7740
5611 7357
5611 6985
5611 5957
5611 8218
5611 8110
5611 7339
5613 8290
5613 8081
5613 8054
5613 7787
5613 7705
5613 7638
5613 7619
5613 7059
5613 7027
5613 6295
5613 6133
5613 5958
5613 7652
5614 8535
5614 8372
5614 8225
5614 7123
5614 8412
5614 7703
5614 7249
5614 7227
5614 6582
5614 6392
5614 8068
5615 8645
5615 7083
5615 6561
5615 8317
5615 8164
5615 7149
5615 6037
5615 5921
5615 5896
5615 6565
5616 6965
5616 8133
5616 7705
5616 7670
5616 7443
5616 7427
5616 6987
5616 8359
5616 7794
5616 7394
5616 6975
5616 6968
5616 5743
5617 7813
5617 7293
5617 8444
5617 8248
5617 7698
5617 7436
5617 7411
5617 6582
5617 5779
5617 5761
5617 8758
5618 8751
5618 8722
5618 8718
5618 8666
5618 8412
5618 8275
5618 8187
5618 7842
5618 7258
5618 7016
5618 6945
5618 6582
5618 6228
5618 6108
5618 6021
5618 5946
5618 5911
5618 5768
5618 8552
5618 6439
5618 5731
5619 8639
5619 7680
5619 5776
5619 8588
5619 8307
5619 8208
5619 6368
5619 6098
5619 5824
5620 8700
5620 8192
5620 7903
5620 7881
5620 6568
5620 6369
5620 5846
5620 8129
5620 6784
5620 6438
5620 5974
5621 6829
5621 6680
5621 8578
5621 7911
5621 6856
5621 8469
5621 7796
5621 5950
5621 5826
5622 8236
5622 8100
5622 8056
5622 7003
5622 7049
5622 5701
5623 8471
5623 7760
5623 6609
5623 6429
5624 7296
5624 7307
5624 6358
5625 7739
5625 6106
5625 7809
5626 8639
5626 8310
5626 8191
5626 8654
5626 8124
5626 7599
5626 7329
5626 6995
5626 6945
5626 5745
5626 6714
5627 8577
5627 8550
5627 8363
5627 7884
5627 7563
5627 7471
5627 7441
5627 5727
5627 8064
5627 7626
5627 7442
5627 6701
5627 6582
5627 6426
5627 5800
5627 8758
5627 7359
5627 6693
5627 5912
5628 8488
5628 7144
5628 6568
5628 6019
5628 8286
5628 8168
5628 8158
5628 8027
5628 5866
5628 6653
5629 8578
5629 8197
5629 7261
5629 8533
5629 7633
5629 7616
5629 7577
5629 7272
5629 7125
5629 6770
5629 6066
5629 8462
5629 7823
5629 7295
5629 6563
5629 5631
5630 8313
5630 8299
5630 7635
5630 8573
5630 8434
5630 8267
5630 8264
5630 8263
5630 8029
5630 8000
5630 7953
5630 7924
5630 7476
5630 7142
5630 7126
5630 6903
5630 7341
5630 6398
5630 5675
5631 8660
5631 8517
5631 8511
5631 8285
5631 8255
5631 7475
5631 7402
5631 7396
5631 7308
5631 6065
5631 5962
5631 8485
5631 8437
5631 8281
5631 8216
5631 7370
5631 7258
5631 5946
5631 5866
5632 8476
5632 7638
5632 7005
5632 5696
5632 8296
5632 8281
5632 8210
5632 8122
5632 7978
5632 7957
5632 7880
5632 7828
5632 6970
5632 6649
5632 5904
5632 7695
5633 8630
5633 8313
5633 7655
5633 7041
5633 6947
5633 5757
5633 8652
5633 8374
5633 8320
5633 8303
5633 7823
5633 7770
5633 7372
5633 6522
5633 5949
5633 5804
5634 8642
5634 8427
5634 8282
5634 8135
5634 7657
5634 6810
5634 6636
5634 5944
5634 8654
5634 8030
5634 8000
5634 7989
5634 7957
5634 7230
5634 5824
5634 5745
5634 5732
5634 7637
5634 5906
5635 7564
5635 7209
5635 6048
5635 8560
5635 7181
5636 7481
5636 8642
5636 8431
5636 8428
5636 8403
5636 8292
5636 8156
5636 8123
5636 7578
5636 7212
5636 6320
5636 5899
5637 6380
5639 8239
5639 6794
5640 6576
5641 7252
5641 7597
5642 8608
5642 7927
5643 6278
5644 8687
5645 7646
5645 6292
5645 5721
5646 7145
5646 8546
5647 6299
5647 6058
5648 6131
5650 8562
5652 6530
5655 6155
5656 6148
5656 5852
5656 8568
5656 7971
5657 7392
5658 6053
5659 8730
5659 7282
5659 6284
5659 8071
5660 7217
5661 6458
5664 5905
5667 7541
5667 6867
5667 6310
5668 7408
5668 8039
5669 8755
5669 6868
5670 6476
5671 8607
5671 7809
5671 6188
5671 5923
5672 7326
5673 8311
5673 8151
5673 6828
5673 5788
5673 8027
5673 6945
5673 6917
5674 8299
5674 8290
5674 7738
5674 7671
5674 6953
5674 7297
5674 6464
5674 5779
5674 7681
5674 6347
5674 5968
5675 8493
5675 7987
5675 7660
5675 7576
5675 6943
5675 6068
5675 8091
5675 7594
5675 5679
5675 8587
5675 6588
5676 8322
5676 6582
5677 8668
5677 8303
5677 8302
5677 7634
5677 7601
5677 7232
5677 8362
5678 8443
5678 8339
5678 6979
5679 8023
5679 6632
5679 5963
5679 8579
5679 8500
5680 7423
5680 5715
5680 8679
5681 7518
5681 7780
5681 6713
5682 8058
5682 7786
5682 7592
5682 8273
5682 7290
5682 8046
5682 7715
5682 6463
5682 5996
5682 5806
5683 8719
5683 8620
5683 8402
5683 8009
5683 5888
5684 8467
5684 8269
5684 7721
5684 6733
5684 7641
5684 7628
5684 7316
5684 7260
5684 5732
5684 6593
5684 5968
5685 8404
5688 6180
5688 8454
5691 6587
5691 6078
5691 5730
5692 7356
5692 6336
5694 6364
5694 6078
5694 7086
5696 8363
5696 8081
5696 8079
5696 7910
5696 7480
5696 7415
5696 7401
5696 7352
5696 7280
5696 6735
5696 6345
5696 6232
5696 8329
5696 8210
5696 7828
5696 7458
5698 8605
5698 6083
5699 8470
5699 8451
5699 8311
5699 8104
5699 7293
5699 6636
5699 8742
5699 8240
5699 8214
5699 7307
5700 6403
5700 6864
5701 8296
5701 7519
5701 7023
5701 6439
5702 8228
5702 8728
5702 7280
5702 7061
5702 8341
5703 7623
5703 6965
5703 6738
5703 6010
5703 5970
5704 6571
5704 8649
5704 8106
5704 7965
5704 7429
5704 6522
5705 7076
5705 6690
5705 5785
5706 6737
5706 7286
5706 6016
5707 8376
5707 8314
5707 8074
5707 7328
5708 6210
5709 6218
5710 5841
5714 8065
5715 7997
5715 8542
5715 7213
5715 6964
5716 5851
5717 8730
5717 7722
5717 7314
5717 7233
5718 8624
5718 7656
5718 7149
5718 8733
5718 6954
5718 6362
5718 6926
5719 8387
5719 6633
5719 7368
5721 6381
5721 8604
5721 6955
5721 6934
5721 6476
5721 5854
5723 8359
5725 6035
5725 5893
5727 8712
5727 7910
5727 7401
5727 6636
5727 5753
5727 8722
5727 8687
5727 8555
5727 8257
5727 7953
5727 6620
5727 6429
5727 5732
5728 5971
5728 8623
5729 8659
5729 8440
5729 7761
5729 7313
5729 7239
5729 6622
5729 8739
5729 8316
5729 7271
5729 7127
5729 6558
5729 6110
5729 5754
5729 8675
5730 7748
5730 6465
5730 6418
5730 6209
5730 5783
5730 8240
5730 8094
5730 7047
5731 8264
5731 7972
5731 6872
5731 7650
5731 6396
5732 8467
5732 8282
5732 7440
5732 7147
5732 6951
5732 5872
5732 8626
5732 8444
5732 8438
5732 8164
5732 8094
5732 7740
5732 7249
5732 7230
5732 5937
5732 7457
5732 6439
5734 6623
5734 6032
5734 5998
5736 8543
5736 8015
5736 6210
5736 6685
5736 6383
5737 7093
5739 8543
5739 7046
5739 6918
5740 6604
5740 6274
5742 8399
5742 7207
5742 7202
5742 6779
5742 5940
5742 8623
5742 8325
5742 7634
5742 6903
5742 6544
5743 8426
5743 7425
5743 7293
5743 8462
5743 8316
5743 7251
5743 6975
5743 6899
5743 6585
5743 6009
5743 5811
5744 8603
5744 7774
5744 7128
5744 8304
5744 6183
5744 6013
5744 7828
5744 6000
5745 6921
5745 6629
5745 5861
5745 5802
5745 5801
5745 8754
5745 8699
5745 8644
5745 8242
5745 7629
5745 7336
5745 7295
5745 7294
5745 7071
5745 6968
5745 5963
5745 5949
5745 8392
5746 6631
5746 5850
5746 8714
5746 8476
5746 8121
5746 8111
5746 8081
5746 7721
5746 7511
5746 6568
5746 5862
5746 8318
5746 7332
5746 5775
5747 6955
5747 6102
5747 7323
5747 6595
5747 6568
5747 6354
5747 6032
5747 5961
5747 5753
5747 8268
5748 7184
5748 7771
5749 8661
5749 8081
5749 6561
5749 8294
5749 8103
5749 7740
5749 5912
5749 5891
5750 7432
5750 6669
5750 7421
5750 7377
5750 7080
5751 7762
5751 7678
5751 7365
5751 7001
5751 8757
5751 8640
5751 8414
5751 8343
5751 8303
5751 7133
5751 6950
5751 6630
5751 5946
5751 6593
5752 7919
5752 5919
5752 6786
5753 7967
5753 7261
5753 8484
5753 8298
5753 7293
5753 6688
5753 8559
5753 8551
5753 8326
5753 7386
5753 7307
5753 7193
5753 6948
5753 6707
5753 6662
5754 8291
5754 8260
5754 5797
5754 8695
5754 8101
5754 7994
5754 7741
5754 7558
5754 7294
5754 6966
5754 6538
5754 5990
5754 8487
5755 8180
5755 7967
5755 6772
5755 5810
5755 8660
5755 8576
5755 8104
5755 7786
5755 7011
5755 5871
5755 5828
5755 5803
5755 8485
5755 8444
5755 8196
5755 6624
5755 6467
5756 8717
5756 8484
5756 8256
5756 7826
5756 7717
5756 7705
5756 8483
5756 6352
5757 7797
5757 8357
5757 8202
5757 7984
5757 7813
5757 7670
5757 7657
5757 7645
5757 7323
5757 6947
5757 6568
5757 6066
5757 6005
5757 5950
5757 5948
5757 5802
5757 8592
5757 8259
5757 8100
5757 8071
5757 7971
5757 7451
5757 6925
5757 6483
5759 8751
5759 8527
5759 8376
5759 8147
5759 8031
5759 7844
5759 6652
5759 6036
5761 8740
5761 7180
5761 6836
5761 6437
5761 8246
5761 8030
5761 8011
5761 7376
5761 5811
5762 6506
5764 8715
5764 8485
5764 8222
5764 8185
5764 7856
5764 7630
5764 8365
5764 8254
5766 8169
5766 8133
5766 6610
5766 6539
5766 8305
5766 8248
5766 8129
5766 7630
5766 5784
5768 8319
5768 7027
5768 7011
5768 5799
5768 8666
5768 8657
5768 8493
5768 8162
5768 7612
5768 7060
5768 6752
5769 8130
5769 8655
5769 8490
5769 7960
5769 7313
5769 6677
5769 6641
5769 5924
5769 7465
5769 6768
5770 8510
5770 8484
5770 8482
5770 7614
5770 7471
5770 7323
5770 7289
5770 6987
5770 6692
5770 6520
5770 6379
5770 5788
5770 8284
5770 7955
5770 7691
5770 7624
5770 7463
5770 7316
5770 7205
5770 5800
5771 8412
5771 8329
5771 7768
5771 7291
5771 7184
5771 7007
5771 5922
5771 7732
5771 7621
5771 6679
5772 8647
5772 8436
5772 8399
5772 8133
5772 7614
5772 7417
5772 7207
5772 6947
5772 8215
5772 8142
5772 7840
5772 7260
5772 6135
5772 5864
5772 5820
5773 7261
5773 7117
5773 6989
5773 8697
5773 8291
5773 8083
5773 7005
5773 6770
5773 6618
5773 8131
5773 7597
5774 8712
5774 8121
5774 7886
5774 7675
5774 7614
5774 5940
5774 8635
5774 8306
5774 8131
5774 7309
5774 6945
5775 8584
5775 8135
5775 6849
5775 5798
5775 8275
5775 8263
5775 7298
5775 7146
5775 6616
5775 6609
5776 7388
5776 8467
5776 8165
5776 8079
5776 7443
5776 7396
5776 7293
5776 7123
5776 6465
5776 8621
5776 8529
5776 8305
5776 8129
5776 7630
5776 7298
5776 7196
5776 6945
5776 6662
5776 6368
5777 7793
5777 7469
5777 7439
5777 7405
5777 6847
5777 6357
5777 6064
5777 8746
5777 8635
5777 8538
5777 8214
5777 7842
5777 7384
5777 5966
5777 7704
5778 6326
5778 6003
5778 8704
5778 8647
5778 8639
5778 8584
5778 8537
5778 8536
5778 8533
5778 8478
5778 8469
5778 8324
5778 8079
5778 7382
5778 7319
5778 7292
5778 7135
5778 6561
5778 6535
5778 6372
5778 6342
5778 8196
5778 7828
5778 6768
5778 6624
5778 6438
5779 8574
5779 8220
5779 6580
5779 5964
5779 5944
5779 8738
5779 8318
5779 8286
5779 8154
5779 7376
5779 7232
5779 7131
5779 6642
5779 6135
5779 7704
5779 6705
5780 8152
5780 6673
5780 6612
5780 6566
5780 5990
5780 8580
5780 8344
5781 5822
5781 7088
5782 8318
5782 7652
5782 7279
5782 6748
5782 6549
5782 8413
5782 5906
5783 7136
5784 8740
5784 8291
5784 6949
5784 6919
5784 8154
5784 7345
5784 7258
5784 7254
5785 7835
5785 8353
5786 8470
5786 7998
5786 7466
5786 7402
5786 7352
5786 6342
5786 5910
5786 8524
5786 7772
5786 6000
5787 7062
5787 8667
5787 8026
5787 7444
5787 7367
5787 7321
5787 5803
5787 8664
5787 8473
5787 5952
5787 5911
5788 8066
5788 7983
5788 7468
5788 7310
5788 7289
5788 6606
5788 5981
5788 5960
5788 5954
5788 8029
5788 7978
5788 7896
5788 7772
5788 7741
5788 7465
5788 6426
5789 8521
5789 7967
5789 7579
5789 7577
5789 7135
5789 5954
5789 5802
5790 8515
5790 8467
5790 8440
5790 8261
5790 7964
5790 7207
5790 8716
5790 8284
5790 8275
5790 8195
5790 8141
5790 8027
5790 7888
5790 7751
5790 7747
5790 7703
5790 7647
5790 7463
5790 7039
5790 6436
5790 8512
5791 7722
5791 7675
5791 7312
5791 6650
5791 5950
5791 5807
5791 7981
5791 6014
5792 8645
5792 8515
5792 8121
5792 8010
5792 7979
5792 7705
5792 7680
5792 7619
5792 7011
5792 6891
5792 6733
5792 6114
5793 8534
5793 7980
5793 7396
5793 6946
5793 8678
5793 8108
5793 7749
5793 5909
5793 7681
5794 8714
5794 7067
5794 8146
5794 8109
5794 8006
5794 7930
5794 7832
5794 7760
5794 7625
5794 7288
5794 8605
5794 7079
5794 6439
5795 8125
5795 7826
5795 7135
5795 8323
5795 7818
5795 7631
5795 7071
5795 6322
5795 6021
5796 7396
5796 8640
5796 8308
5796 8147
5796 6899
5796 6642
5796 5811
5797 8574
5797 8535
5797 8342
5797 8213
5797 8144
5797 7826
5797 7721
5797 7705
5797 7229
5797 7144
5797 6185
5797 8483
5797 8096
5797 8030
5797 5911
5798 8282
5798 8155
5798 7811
5798 7680
5798 6318
5798 5828
5798 8640
5798 8485
5798 8209
5798 8145
5798 8086
5798 8027
5798 7957
5798 7659
5798 7591
5798 6467
5798 5804
5799 8034
5799 7977
5799 7603
5799 7292
5799 7151
5799 6295
5799 5924
5799 8624
5799 8148
5799 8002
5799 7629
5799 7612
5799 7491
5800 8705
5800 8628
5800 8288
5800 8221
5800 7931
5800 7560
5800 7427
5800 6685
5800 8668
5800 8472
5800 8465
5800 8281
5800 8242
5800 8215
5800 7580
5800 6948
5800 5866
5800 6036
5801 8521
5801 7992
5801 8661
5801 8299
5801 7478
5801 8657
5801 8638
5801 8626
5801 8585
5801 8212
5801 8175
5801 7628
5801 7232
5801 6834
5801 6033
5802 7829
5802 8188
5802 7966
5802 7787
5802 7673
5802 7643
5802 7640
5802 7509
5802 7399
5802 7253
5802 6621
5802 6354
5802 6232
5802 6032
5802 8623
5802 8432
5802 8361
5802 8055
5802 7380
5802 6873
5802 6538
5802 6309
5803 8586
5803 8574
5803 8467
5803 8461
5803 8321
5803 8034
5803 7643
5803 7577
5803 7135
5803 6861
5803 8742
5803 8477
5803 8434
5803 8131
5803 7866
5803 7647
5803 7196
5803 7107
5803 5902
5804 8526
5804 8288
5804 7979
5804 6443
5804 6300
5804 5941
5804 8430
5804 8284
5804 8113
5804 7821
5804 7659
5804 7477
5804 7291
5804 7256
5804 7215
5804 7133
5804 5953
5805 8521
5805 8645
5805 8467
5805 7675
5805 7293
5805 6921
5805 5960
5806 8657
5806 8361
5806 7768
5806 7446
5806 7283
5806 5957
5806 8276
5806 7250
5807 8480
5807 7120
5807 6456
5807 8438
5807 8412
5807 8257
5807 7896
5807 7451
5807 6929
5807 6673
5808 8151
5808 8054
5808 7267
5808 6636
5808 8437
5808 8305
5808 7751
5808 7658
5808 7205
5808 6952
5808 6689
5809 7210
5809 6675
5809 8567
5810 8703
5810 8279
5810 7976
5810 6698
5810 6691
5810 6064
5810 6019
5810 5940
5811 7257
5811 8554
5811 8325
5811 8093
5811 7601
5812 8321
5812 8121
5812 7952
5812 8023
5812 7747
5812 6037
5813 8003
5813 6079
5813 7599
5813 7500
5813 5959
5820 7791
5820 7707
5820 6987
5820 6983
5820 6366
5820 8722
5820 8716
5820 8166
5820 8148
5820 7957
5820 7742
5820 7447
5820 7357
5820 7271
5820 7126
5820 6948
5820 7595
5820 7299
5820 6440
5820 6360
5821 7310
5821 6355
5822 8514
5822 8208
5822 7521
5822 6510
5822 7704
5824 8740
5824 8117
5824 6861
5824 8303
5824 7856
5824 6634
5824 6705
5826 8098
5826 8410
5826 8207
5826 8205
5826 7916
5826 6949
5826 6595
5826 6295
5828 8180
5828 7992
5828 8279
5828 6650
5828 6379
5828 6065
5828 8759
5828 7866
5828 7275
5828 6609
5829 8643
5829 7802
5829 7457
5830 8578
5830 8283
5830 7723
5830 7677
5830 7640
5830 7312
5830 7292
5830 6469
5830 5945
5830 5939
5830 8718
5830 6436
5831 8404
5832 5925
5832 8312
5832 7851
5832 7481
5832 6613
5832 6545
5832 8693
5832 8269
5832 7980
5832 7320
5832 7151
5832 5913
5833 6531
5834 6429
5834 6356
5834 5875
5834 7915
5834 6172
5834 5933
5835 8460
5835 8500
5836 7296
5836 8757
5837 6846
5838 6491
5839 8422
5839 7822
5839 7651
5839 6702
5840 8335
5840 6864
5840 8112
5840 6449
5840 5893
5841 8387
5841 8678
5841 7949
5841 7412
5841 5952
5842 8193
5842 8089
5842 6427
5843 8632
5843 7036
5843 8721
5843 7293
5843 6020
5843 8736
5843 7113
5844 8412
5844 7741
5844 7131
5844 8352
5844 5968
5844 6428
5845 8521
5845 7330
5845 8083
5845 7815
5845 7645
5845 7514
5845 7355
5845 6635
5845 6035
5846 8717
5846 7674
5846 8524
5846 6943
5848 6481
5848 6116
5848 8193
5848 7867
5848 6395
5849 7406
5850 6118
5850 8628
5850 8372
5850 8285
5850 7980
5850 7871
5851 6859
5851 6787
5851 6410
5852 7579
5852 7312
5852 6059
5853 7341
5853 6752
5853 6166
5853 7938
5854 7814
5854 7405
5854 7215
5856 7932
5856 7405
5856 6067
5858 7121
5858 6832
5858 8435
5858 8306
5858 6625
5858 5963
5858 7052
5860 8067
5860 7679
5860 7065
5860 8756
5860 7365
5861 7820
5861 7800
5861 8506
5861 8358
5861 8335
5861 7058
5861 6437
5861 8652
5861 8432
5861 8265
5861 7639
5861 7297
5861 6616
5862 8647
5862 8625
5862 7483
5862 7367
5862 7269
5862 8722
5862 7529
5862 7184
5862 7130
5862 7002
5862 6356
5863 6283
5864 8484
5864 8040
5864 7980
5864 7705
5864 6606
5864 6580
5864 8651
5864 8412
5864 8253
5864 8147
5864 8064
5864 8057
5864 7949
5864 7258
5864 6950
5864 6112
5864 5990
5864 7837
5865 6880
5866 8639
5866 8059
5866 7793
5866 7745
5866 7678
5866 7413
5866 6891
5866 6295
5866 8725
5866 8330
5866 8305
5866 7888
5866 7559
5866 7039
5866 6563
5866 7305
5867 7000
5868 8326
5868 8222
5868 8212
5868 8061
5868 6632
5868 8266
5868 7557
5869 7860
5869 8642
5869 8577
5869 7633
5869 7487
5869 7352
5869 6847
5869 6062
5869 6013
5870 8364
5870 8250
5870 7955
5870 6412
5871 7982
5871 7390
5871 6292
5871 8374
5871 8330
5871 8109
5871 7981
5871 7429
5871 6798
5871 6392
5872 8443
5872 7680
5872 6013
5872 8759
5872 8280
5872 7654
5872 7047
5873 7068
5873 5943
5874 6572
5874 6132
5874 8537
5874 7838
5874 6921
5874 6700
5874 5958
5875 8647
5875 8479
5875 8428
5875 8299
5875 7722
5875 7718
5875 7645
5875 7640
5875 7085
5875 6456
5875 8271
5875 8209
5875 8041
5875 8000
5875 7795
5875 7558
5875 7270
5876 8202
5876 7642
5876 6629
5876 5950
5877 6838
5878 7721
5878 6845
5878 6684
5880 6289
5885 8310
5885 8279
5885 8583
5885 6467
5887 8622
5887 8026
5887 7787
5887 8293
5887 8057
5887 7698
5887 7580
5887 7467
5887 7203
5887 7184
5887 6689
5887 6011
5888 8584
5888 8672
5888 8006
5889 8063
5889 8004
5889 7620
5889 6465
5890 6115
5891 8090
5891 7625
5891 7060
5891 7506
5892 8723
5892 8477
5892 8194
5892 8131
5892 7703
5892 7451
5892 6858
5893 8681
5893 8234
5893 8019
5894 7613
5894 6860
5894 7816
5894 7427
5894 6951
5895 7280
5895 8109
5895 8086
5895 7828
5895 7641
5895 6135
5895 5991
5896 8734
5896 8313
5896 6561
5896 6556
5896 8702
5896 8695
5897 8659
5897 8581
5897 8415
5897 7144
5897 6949
5897 6887
5897 6614
5897 8716
5897 8653
5897 8575
5897 7744
5897 7380
5897 5946
5897 6954
5898 7800
5898 7148
5898 7517
5898 7448
5898 6035
5899 7781
5899 8342
5899 7867
5899 7603
5899 7400
5899 6489
5899 8666
5899 8161
5899 7256
5899 7071
5899 6608
5900 6955
5900 8572
5900 8537
5900 7310
5900 8294
5900 7291
5901 7753
5902 7323
5902 6744
5902 6034
5902 8000
5902 7122
5902 7002
5904 8140
5904 7678
5904 6534
5904 6064
5904 8657
5904 8547
5904 8061
5904 8011
5904 7702
5904 7610
5904 7350
5904 7071
5904 6543
5904 5911
5904 7276
5904 6362
5906 8592
5906 8320
5906 8141
5906 8419
5906 8266
5906 8254
5906 6960
5906 6954
5908 7490
5908 7388
5908 7187
5908 8335
5908 7811
5908 7643
5908 7320
5908 7158
5908 5945
5908 8122
5908 8094
5908 7751
5909 5952
5910 8703
5910 7622
5910 6835
5910 7612
5910 6945
5910 6699
5911 8586
5911 8572
5911 8083
5911 7793
5911 7707
5911 7417
5911 7293
5911 5940
5911 8294
5911 7747
5911 7307
5911 6007
5912 8206
5912 7956
5912 7953
5912 7763
5912 7420
5912 7112
5912 7007
5912 7070
5913 8309
5913 8202
5913 7675
5913 7616
5913 7563
5913 7321
5913 7118
5913 6486
5914 7770
5914 7285
5914 8386
5915 6582
5915 8333
5915 6347
5916 6789
5917 8713
5917 7717
5917 6696
5917 6606
5917 6575
5917 7914
5918 7625
5918 7079
5918 6093
5919 8603
5919 8243
5919 7401
5920 6659
5920 6377
5921 8586
5921 7067
5921 6650
5921 8263
5921 8071
5921 7472
5921 7215
5922 8135
5922 7428
5922 6370
5922 8759
5922 8668
5922 8551
5922 8430
5922 8196
5922 7968
5922 7794
5922 7764
5922 7654
5922 7476
5922 7149
5922 6108
5922 8068
5922 7331
5923 8574
5923 7785
5923 6742
5923 6647
5923 5944
5923 8093
5923 7491
5923 7251
5924 8627
5924 8130
5924 8098
5924 7644
5924 7286
5924 8428
5924 8410
5924 8399
5924 8151
5924 8104
5924 6987
5924 8308
5924 7133
5925 7013
5925 8540
5927 6083
5929 8608
5929 6076
5931 8170
5931 7976
5931 6295
5932 7363
5932 6763
5933 8375
5933 8023
5933 7580
5933 8552
5934 7517
5934 6766
5935 8757
5935 6784
5936 8313
5936 8050
5936 7657
5936 6690
5936 8715
5936 8429
5936 8401
5936 8161
5936 7591
5936 7193
5937 8470
5937 8363
5937 7269
5937 8555
5937 6108
5938 8633
5938 8127
5938 6966
5938 8082
5939 6010
5939 8140
5939 7884
5939 6677
5939 6379
5939 6115
5939 8538
5939 8294
5939 8289
5939 8259
5939 6654
5939 6558
5940 8704
5940 8324
5940 7158
5940 8148
5940 8032
5940 7641
5940 7631
5941 8433
5941 8111
5941 8066
5941 7233
5941 7207
5941 5960
5941 8662
5941 8329
5941 8281
5941 7703
5941 7600
5941 7476
5941 7451
5941 7295
5941 7284
5941 6701
5941 5966
5942 8370
5942 8288
5942 8165
5942 8116
5942 8104
5942 7962
5942 7428
5942 7231
5942 6735
5942 6418
5942 8654
5942 8341
5942 8152
5942 8096
5942 7451
5942 7130
5942 7060
5942 6952
5943 8756
5943 8721
5943 8622
5943 7469
5943 7449
5943 7289
5943 7191
5943 6114
5943 7604
5943 7562
5943 7149
5943 6894
5943 6368
5943 6011
5943 7305
5944 8387
5944 8523
5944 8059
5944 7635
5944 7115
5944 6949
5944 5956
5944 8653
5944 8638
5944 8217
5944 6689
5945 8260
5945 7675
5945 7402
5945 7319
5945 7301
5945 6953
5945 6622
5945 6559
5945 6067
5945 8745
5945 8716
5945 8656
5945 8203
5945 7372
5945 7297
5945 7291
5945 6634
5945 6616
5946 7448
5946 8657
5946 8573
5946 8432
5946 8219
5946 8002
5946 7131
5946 6889
5947 8470
5947 7813
5947 7693
5947 7680
5947 7319
5947 6847
5947 6359
5947 6065
5947 8036
5947 7764
5947 7749
5947 7467
5947 8068
5948 7765
5948 7195
5948 6132
5948 5976
5948 8372
5948 7405
5948 7292
5948 6854
5948 6678
5948 6486
5948 5998
5949 8291
5949 8205
5949 7671
5949 8745
5949 8635
5949 8376
5949 8168
5949 8129
5949 7770
5949 7146
5949 8028
5949 7424
5949 6731
5950 7324
5950 6629
5950 8341
5950 7760
5951 7979
5951 7180
5951 6808
5951 8368
5951 8139
5951 7856
5951 6616
5952 8574
5952 8539
5952 7592
5952 7367
5952 8076
5952 6058
5953 8642
5953 8331
5953 6691
5953 8722
5953 8270
5953 7989
5953 7914
5953 7446
5953 7438
5953 7100
5953 7071
5953 6620
5954 8537
5954 8298
5954 8155
5954 7964
5954 7323
5954 7639
5954 7002
5954 6522
5954 5974
5955 8083
5955 8179
5955 7702
5955 5963
5955 7704
5956 8730
5956 8478
5956 8104
5956 7825
5956 7793
5956 7675
5956 7480
5956 7413
5956 6949
5956 6861
5956 8742
5956 8555
5956 8375
5956 8212
5956 7953
5956 7445
5956 7369
5956 7271
5956 7232
5956 7016
5956 6845
5956 6033
5957 6614
5957 6359
5957 8551
5957 8183
5957 8153
5957 8000
5957 7955
5957 7741
5957 7626
5957 7376
5957 7374
5957 7341
5958 8312
5958 7512
5958 7416
5958 8428
5958 8290
5958 7966
5958 7469
5958 7402
5958 7119
5958 6983
5958 6808
5958 6677
5958 8525
5958 8253
5958 8242
5958 8215
5958 8057
5958 7978
5959 7303
5959 6078
5959 8668
5959 8325
5959 8320
5959 8198
5959 8033
5959 7659
5959 6707
5959 6616
5960 8355
5960 8069
5960 6772
5960 8523
5960 8309
5960 8173
5960 8125
5960 7400
5960 6700
5960 6568
5960 6105
5960 6041
5960 6894
5961 8706
5961 8078
5961 7787
5961 7459
5961 7011
5961 6638
5961 8555
5961 8524
5961 8263
5961 8027
5962 6476
5962 7983
5962 7739
5962 7705
5962 7353
5962 6376
5962 8206
5962 8152
5962 7981
5962 6007
5963 8517
5963 6366
5963 8129
5963 8027
5963 7465
5963 6490
5964 8572
5964 8484
5964 8135
5964 8062
5964 7723
5964 7718
5964 7119
5964 6987
5964 6852
5964 6678
5964 8738
5964 8635
5964 7477
5964 7463
5964 6701
5964 6490
5964 6394
5965 8636
5965 8078
5965 8034
5965 6171
5965 6871
5966 8313
5966 7931
5966 7813
5966 7619
5966 7320
5966 6535
5966 6019
5966 8718
5966 8683
5966 8296
5967 8180
5967 8536
5967 7822
5967 7067
5967 8401
5967 7130
5968 8621
5968 8429
5968 8206
5968 8203
5968 8153
5968 6616
5968 8218
5968 7970
5968 7621
5968 7397
5968 6560
5968 6542
5969 8736
5969 8316
5969 8314
5969 8263
5969 8000
5969 7978
5969 6899
5969 8486
5969 8052
5969 7482
5969 7397
5970 8436
5970 8282
5970 8241
5970 7426
5970 7422
5970 6606
5970 6416
5971 8607
5971 8332
5971 8653
5971 8569
5971 8030
5972 8584
5972 8341
5972 8075
5972 7451
5973 7928
5974 8534
5974 8488
5974 8178
5974 7317
5974 7129
5974 8315
5974 7948
5974 6654
5976 8669
5976 7490
5976 6297
5976 8116
5978 8182
5979 8176
5981 7448
5981 7414
5981 7151
5981 8286
5981 8160
5984 8239
5984 6401
5986 8351
5988 7947
5988 6094
5989 8302
5989 6549
5989 6712
5990 8502
5990 7966
5990 7721
5990 7405
5990 7313
5990 6896
5990 6469
5990 8294
5990 8201
5990 8177
5990 6673
5990 6543
5990 6352
5990 8486
5990 7485
5991 8660
5991 7382
5991 7345
5991 7457
5992 8063
5992 7830
5992 7518
5992 6613
5992 6132
5993 7378
5993 6901
5994 7150
5994 7827
5995 8677
5995 8261
5995 8646
5995 8214
5995 8183
5995 8141
5995 7566
5995 6943
5995 6873
5995 6100
5996 6352
5998 7261
5998 6003
5998 7578
5998 7377
5998 6836
5999 7634
6000 8116
6000 7657
6000 8401
6000 7007
6000 6624
6002 8387
6002 6091
6002 8741
6002 7718
6002 7058
6002 6115
6003 6623
6003 8628
6003 8550
6003 8342
6004 6391
6005 7571
6005 8705
6005 8024
6005 7592
6005 6813
6005 6650
6005 8429
6005 7284
6005 6898
6006 7988
6007 8645
6007 7931
6007 6742
6007 6320
6007 8160
6007 7648
6008 8124
6008 8047
6008 7003
6009 8756
6009 7996
6009 7312
6009 6614
6009 6561
6009 8739
6009 8725
6009 8444
6009 8287
6009 7896
6009 7593
6009 7398
6009 7227
6009 6687
6009 6347
6010 6626
6010 8328
6010 8200
6010 7426
6011 8660
6011 8151
6011 7998
6011 7977
6011 7766
6011 7578
6011 8744
6011 8668
6011 8325
6011 8262
6011 8242
6011 8093
6011 8033
6011 7749
6011 7316
6011 6952
6012 8069
6012 7615
6012 6843
6012 8719
6012 8620
6012 7348
6013 8670
6013 7432
6013 8659
6013 8010
6013 7793
6013 7540
6013 7509
6013 7402
6013 8064
6013 7465
6013 6368
6014 8586
6014 7323
6014 6561
6014 6534
6014 6456
6014 7948
6014 7837
6015 8083
6015 6967
6015 8702
6015 8131
6015 7795
6015 7372
6015 6609
6015 6228
6015 7359
6016 6655
6016 8283
6016 6874
6017 7996
6017 7718
6017 7352
6017 6677
6017 6534
6017 8551
6017 8374
6017 8259
6017 8203
6017 8150
6017 8122
6017 7350
6017 6773
6017 6583
6018 8135
6018 7783
6018 7461
6018 8719
6018 8412
6018 6569
6019 8576
6019 8372
6019 8288
6019 7825
6019 7759
6019 7619
6019 7313
6019 6641
6019 6568
6019 8558
6019 8551
6019 8485
6019 8286
6019 7789
6019 7601
6019 6970
6019 6098
6020 7364
6020 7065
6020 6225
6020 7903
6020 6678
6020 6534
6020 7555
6020 6630
6020 6441
6021 7289
6021 7207
6021 6300
6021 8485
6021 8481
6021 8301
6021 8246
6021 8166
6021 8076
6021 7258
6021 7112
6021 8052
6022 8698
6022 8472
6022 8100
6022 7768
6022 6037
6022 8439
6022 8352
6022 7200
6022 7143
6030 8537
6030 8292
6030 7119
6030 8707
6030 8215
6030 8209
6030 7580
6030 6959
6030 6563
6031 7141
6032 8313
6032 8025
6032 7670
6032 6520
6033 8728
6033 8572
6033 8357
6033 7514
6033 7443
6033 6650
6033 8687
6033 8103
6033 7741
6033 7716
6034 8461
6034 7638
6034 6638
6034 6621
6034 7149
6034 6464
6035 8674
6035 7148
6035 8586
6035 7642
6035 7590
6035 7698
6036 8397
6036 7742
6037 7314
6037 8699
6037 8215
6037 7580
6037 6869
6037 6134
6038 7833
6038 7606
6038 7509
6038 7080
6038 8329
6038 7743
6038 6703
6039 8502
6039 8440
6039 7717
6039 6469
6039 8640
6039 8551
6039 8444
6039 8432
6039 7882
6039 7336
6040 8690
6041 8600
6041 8703
6041 8661
6041 8476
6041 8459
6041 7998
6041 6810
6041 8215
6043 8578
6043 7235
6043 8461
6043 8342
6044 6998
6044 6531
6046 6581
6046 6293
6047 7412
6047 6350
6048 6439
6048 7354
6049 6860
6049 7769
6051 6292
6051 6056
6051 7418
6051 6520
6051 6185
6052 8124
6052 7858
6052 6266
6052 6414
6053 7896
6053 7888
6053 7737
6053 7178
6053 6637
6053 6269
6053 6187
6053 6152
6055 8581
6055 7723
6055 7399
6055 6234
6055 7973
6056 7219
6056 6280
6057 7390
6057 6420
6058 7783
6058 6832
6058 8435
6058 8287
6058 7215
6059 7871
6059 7150
6060 8576
6060 7588
6060 8716
6060 8077
6060 7473
6060 7069
6060 7173
6061 7210
6062 8279
6062 8225
6062 7841
6062 7619
6062 7468
6062 6887
6062 8621
6062 8268
6062 8214
6062 7445
6062 7258
6062 6952
6062 6324
6063 8479
6063 7399
6063 6678
6063 6677
6063 8162
6064 6607
6064 8625
6064 8342
6064 7746
6064 7619
6064 7449
6064 7267
6064 6644
6064 8108
6064 8106
6064 7989
6064 7215
6064 6948
6065 7774
6065 8535
6065 8309
6065 8290
6065 6810
6065 8592
6065 7131
6065 6964
6065 6873
6065 6098
6066 8540
6066 6732
6066 8602
6066 8433
6066 7813
6066 7700
6066 7396
6066 6836
6066 6744
6066 6702
6066 6105
6066 8281
6067 8069
6067 7613
6067 8135
6067 7783
6067 8665
6068 7155
6068 6625
6068 6652
6076 8234
6076 6314
6076 6262
6078 8670
6079 8522
6081 8540
6081 7102
6081 6607
6081 8461
6081 8332
6081 8213
6081 6343
6090 6592
6091 8420
6091 7995
6091 7820
6093 8075
6095 6885
6096 7649
6096 8636
6096 8059
6096 7819
6096 7718
6096 7675
6096 6938
6096 8554
6096 8549
6096 8108
6096 7442
6096 7316
6096 7256
6096 7140
6097 8366
6098 8111
6098 7787
6098 7320
6098 7287
6098 6535
6098 6185
6098 6176
6098 8430
6098 8429
6098 8317
6098 8297
6098 8198
6098 8179
6098 8162
6098 8154
6098 7901
6098 7309
6098 7184
6098 7071
6098 6963
6098 6889
6098 6693
6100 7693
6100 6584
6100 6456
6100 8656
6100 8271
6100 8177
6100 8160
6100 8096
6100 8002
6100 7411
6100 8439
6102 8155
6102 7748
6103 6216
6104 6176
6104 8245
6104 8006
6104 7993
6104 7866
6104 7060
6104 6964
6104 6429
6105 8689
6105 7217
6105 8667
6105 7796
6105 7511
6105 7468
6105 7439
6105 7355
6105 7005
6105 6478
6105 7978
6105 6558
6106 6692
6107 8312
6108 8199
6108 8125
6108 6808
6108 6568
6108 8751
6108 8522
6108 8341
6108 8271
6108 8061
6108 6429
6110 6650
6110 6584
6110 6580
6110 8214
6110 8164
6110 8147
6110 7290
6110 8675
6112 8291
6112 8125
6112 7791
6112 6369
6112 8493
6112 8474
6112 8108
6112 7836
6112 6873
6112 6662
6112 6426
6112 7695
6113 7946
6113 7588
6114 8603
6114 8004
6114 6613
6114 8328
6114 8205
6114 7796
6114 7509
6114 7252
6114 6949
6114 6343
6114 8238
6114 8179
6114 7465
6114 6536
6115 8426
6115 7927
6115 7769
6115 8646
6115 7350
6116 8706
6116 8069
6116 6210
6116 7825
6116 7116
6116 7083
6118 8407
6118 7153
6123 7048
6123 6870
6123 6647
6125 7774
6125 6132
6125 8506
6125 8116
6125 7813
6127 7994
6127 7492
6127 7122
6129 7436
6130 6665
6131 8307
6131 8109
6131 7329
6131 6824
6131 7378
6132 8355
6132 7649
6132 8357
6132 7413
6132 7310
6132 7135
6132 6445
6133 8249
6133 8577
6133 8533
6133 8155
6133 6891
6133 6443
6133 8371
6133 8325
6133 8238
6133 8002
6133 7376
6133 6540
6134 6491
6134 6344
6135 8641
6135 8291
6135 6300
6135 8327
6135 8320
6135 8246
6135 7298
6135 7003
6135 7883
6135 6186
6136 7124
6136 6441
6140 7498
6140 7327
6140 6498
6143 8039
6143 6643
6143 8576
6143 7701
6143 7588
6144 7266
6144 7366
6147 7084
6148 7731
6151 7938
6152 6817
6152 6904
6154 7885
6162 8087
6162 6865
6162 6713
6162 8569
6162 6773
6162 6168
6164 7990
6164 8522
6166 6777
6166 6560
6167 7021
6168 8278
6168 7652
6168 7072
6168 6917
6168 6707
6169 6608
6169 8095
6169 7248
6170 7992
6170 6546
6170 8696
6170 7838
6170 6489
6171 7062
6171 8169
6171 7900
6171 8367
6171 6441
6172 8698
6172 8375
6172 7618
6172 6653
6173 8526
6173 8467
6173 8207
6173 7759
6173 7651
6173 7061
6173 8270
6173 6798
6174 7800
6174 8058
6174 7517
6175 8376
6175 8301
6175 8196
6175 8138
6175 7384
6175 8167
6175 7834
6175 7419
6175 7277
6175 7052
6175 6653
6176 6644
6176 8551
6176 8153
6176 7130
6183 7077
6183 8511
6183 7147
6185 7668
6185 7363
6185 6946
6185 8442
6185 7295
6185 7002
6185 6873
6186 8508
6186 7519
6187 8649
6187 8513
6187 8471
6187 7409
6187 7384
6188 7444
6188 8001
6188 7124
6188 6776
6188 6358
6188 7224
6205 6736
6208 7414
6209 6416
6209 6316
6209 7086
6210 6572
6211 6554
6211 6226
6211 7910
6211 7782
6211 7061
6211 8326
6219 8611
6220 8562
6221 7835
6223 6478
6223 7573
6225 8067
6225 6631
6225 8680
6225 7531
6225 7129
6225 6847
6225 6230
6226 7141
6226 6481
6226 7782
6227 7822
6227 7443
6227 7405
6227 6621
6227 8754
6227 8525
6227 8263
6227 7912
6227 7558
6227 7332
6227 6347
6228 8313
6228 8672
6228 8606
6228 8263
6228 8138
6228 7409
6230 6860
6230 8431
6230 8377
6230 8102
6230 7979
6230 7001
6230 6419
6230 8127
6231 6999
6231 6657
6232 8610
6232 7643
6232 7439
6232 7253
6232 7123
6232 6967
6232 6753
6232 6744
6232 8418
6232 8286
6232 7912
6232 7858
6232 7828
6234 8670
6234 6236
6234 8661
6234 8523
6234 8123
6234 7469
6234 6891
6234 6369
6234 8662
6234 8314
6234 8267
6234 8175
6234 8127
6234 7297
6234 7142
6234 6634
6236 8355
6236 8042
6236 7967
6236 7390
6236 7640
6239 6731
6239 8495
6263 7164
6268 7345
6270 7431
6270 7758
6270 8078
6270 7556
6271 6406
6271 7829
6272 7529
6272 7208
6276 8617
6278 7902
6278 6293
6280 8334
6280 8469
6280 7735
6281 6730
6284 8102
6293 6340
6294 7690
6295 7416
6295 8628
6295 6671
6295 8307
6295 8240
6295 8126
6296 8482
6296 8201
6296 7610
6297 6737
6297 7679
6297 7174
6297 6989
6297 8313
6297 8104
6297 6621
6297 6342
6298 8618
6298 7738
6298 7449
6298 7320
6298 7115
6298 7132
6299 7783
6299 8695
6299 8323
6299 7821
6299 7357
6299 6925
6299 7397
6300 8285
6300 7668
6300 7027
6300 6967
6300 6443
6300 8132
6300 8006
6300 7127
6301 8169
6301 7655
6301 7439
6301 6627
6301 7965
6302 8317
6302 8293
6302 8257
6302 8148
6302 6358
6302 7224
6309 8700
6309 8225
6309 8102
6309 7983
6309 7874
6309 7766
6309 7739
6309 8473
6309 7955
6311 8528
6311 7431
6312 6667
6312 6550
6314 7631
6314 6712
6316 8124
6318 6772
6318 6735
6318 7262
6318 6970
6320 8648
6320 8661
6320 8321
6320 7791
6320 7680
6320 7135
6320 6808
6320 8148
6320 7930
6320 7420
6320 6646
6321 6508
6321 6491
6321 8380
6322 8483
6322 8177
6322 8147
6322 8138
6322 8061
6322 7698
6322 7492
6322 7447
6322 7442
6322 7270
6322 8552
6322 7595
6322 7519
6322 7339
6323 7246
6324 8025
6324 7889
6324 7627
6324 7313
6324 6559
6324 8376
6324 8325
6324 7491
6324 7114
6324 6634
6324 6393
6325 8171
6327 6853
6330 7113
6330 6684
6332 7927
6334 8068
6338 7990
6338 7746
6338 7385
6339 7998
6339 7894
6339 7214
6339 7391
6340 8079
6340 6903
6341 6847
6341 8525
6341 8074
6341 6484
6341 8115
6341 7958
6342 6548
6342 8135
6342 8050
6342 7761
6342 7313
6342 8754
6342 7039
6342 6646
6343 7797
6343 7788
6343 7195
6343 8556
6343 8291
6343 8083
6343 8050
6343 7787
6343 7592
6343 7144
6343 6770
6343 6465
6343 8297
6343 7630
6343 7438
6343 6654
6344 8376
6344 8289
6344 8209
6344 8106
6344 7896
6344 7740
6344 7659
6344 7357
6344 6646
6344 6464
6344 8580
6344 7661
6344 7595
6344 7525
6345 6623
6345 6587
6345 8535
6345 8526
6345 8304
6345 8288
6345 8251
6345 8121
6345 7579
6345 6621
6345 8263
6345 8057
6345 7930
6345 7297
6347 8246
6347 7430
6347 8419
6347 8218
6347 7216
6348 8563
6352 8260
6352 8169
6352 6946
6352 8465
6352 6399
6354 8180
6354 8292
6354 8291
6354 7960
6354 7592
6354 7511
6354 7468
6354 6610
6354 6359
6354 8113
6354 8109
6354 7981
6354 6903
6354 6566
6355 6587
6355 8202
6355 7027
6355 7194
6355 6873
6355 6566
6356 8480
6356 8476
6356 7633
6356 7303
6356 8620
6356 7608
6356 6649
6356 6620
6356 7802
6356 7434
6357 8537
6357 7239
6357 8746
6357 8397
6357 8127
6357 8038
6357 7445
6357 6582
6358 8458
6358 8436
6358 7826
6358 6896
6358 8601
6358 8549
6358 8131
6358 8002
6358 7972
6358 7142
6358 7133
6358 6705
6359 7911
6359 7720
6359 8721
6359 8200
6359 7929
6359 7884
6359 7191
6359 6847
6359 8330
6359 8314
6359 8294
6359 7840
6359 7691
6359 7451
6359 7146
6359 6950
6360 8179
6360 8153
6360 8086
6360 8064
6360 7849
6360 7828
6360 7795
6360 7599
6360 6662
6360 8266
6360 6977
6362 7350
6362 7203
6362 8518
6363 7760
6363 7275
6364 8531
6364 6662
6365 6938
6366 8165
6366 7975
6366 7813
6366 8702
6366 8262
6366 8208
6366 8036
6366 7660
6366 7298
6366 7194
6366 6586
6367 8667
6367 7786
6367 8441
6367 8106
6367 7631
6367 7370
6367 7318
6367 7025
6367 6566
6367 6540
6367 6652
6368 8328
6368 7471
6368 7450
6368 7289
6368 8558
6368 8412
6368 8246
6368 8147
6368 7953
6368 7127
6368 6566
6368 8190
6368 8189
6368 6565
6369 7388
6369 8339
6369 8324
6369 8288
6369 8261
6369 7766
6369 6949
6369 6942
6369 6570
6369 8055
6369 7749
6370 8180
6370 7606
6370 6613
6370 8641
6370 8372
6370 8125
6370 7635
6370 7509
6370 7402
6370 6953
6370 8346
6370 8029
6370 6662
6370 6392
6372 7481
6372 8572
6372 8537
6372 8399
6372 8274
6372 8213
6372 7975
6372 7884
6372 7441
6372 7125
6372 6644
6372 6639
6372 8538
6372 7716
6372 7703
6372 7442
6372 7142
6374 8756
6374 7819
6374 7120
6374 7968
6374 7516
6374 7066
6374 6768
6375 6936
6376 8669
6376 7187
6376 8123
6376 7977
6376 7707
6376 7041
6376 6776
6377 6742
6379 8706
6379 8576
6379 8188
6379 7643
6379 7282
6379 7269
6379 8538
6379 8263
6379 8242
6379 8216
6379 7888
6379 7442
6380 6493
6381 6572
6383 7245
6385 8544
6387 6441
6388 7014
6390 7800
6390 7679
6390 8256
6390 8159
6390 8140
6390 7786
6390 7619
6390 7440
6390 7151
6390 6648
6390 8146
6390 7809
6390 7652
6390 7593
6390 7279
6390 6611
6391 8157
6391 7843
6392 8490
6392 8428
6392 7998
6392 7680
6392 8341
6392 7232
6392 6941
6392 6752
6393 8001
6393 6776
6394 8722
6394 8643
6394 8315
6394 8216
6394 8212
6394 8211
6394 8011
6394 7823
6394 7696
6394 7656
6394 7271
6394 6950
6394 6582
6394 8492
6394 8266
6395 7345
6396 8701
6396 8555
6396 8141
6396 7989
6396 7652
6396 7372
6396 6487
6396 8675
6396 8115
6396 7958
6396 7632
6397 7492
6397 7294
6397 6582
6397 8352
6397 7542
6397 7209
6398 7924
6398 6970
6398 8181
6398 7331
6398 7051
6399 7892
6399 6681
6399 7634
6402 6432
6403 7870
6406 7569
6407 6855
6412 7296
6412 8569
6412 6634
6412 7844
6412 7704
6414 8086
6414 7228
6416 8740
6416 8399
6416 7380
6418 8151
6418 7461
6418 7611
6418 7451
6418 6970
6419 8667
6419 7001
6419 6571
6420 8600
6420 7815
6420 7651
6421 8504
6421 7160
6422 8705
6422 7971
6422 6464
6424 8140
6424 7368
6424 7792
6424 7696
6425 8415
6425 7587
6425 7385
6426 8630
6426 8111
6426 7413
6426 7300
6426 7182
6426 6835
6426 8722
6426 8699
6426 8055
6426 7743
6426 7452
6426 7140
6427 8655
6427 8467
6427 8050
6427 7916
6427 6735
6427 7756
6428 7726
6428 7632
6428 7621
6428 7359
6429 8311
6429 7671
6429 7461
6429 7319
6429 7067
6429 8263
6429 8162
6429 7985
6429 7369
6429 7298
6429 7100
6430 8589
6432 7609
6433 8497
6434 7547
6436 8622
6436 8574
6436 8059
6436 7425
6436 6606
6436 7316
6436 7145
6436 6948
6436 6654
6436 6634
6436 6558
6436 7594
6437 8355
6437 8170
6437 7273
6437 8677
6437 8502
6437 7269
6437 7212
6437 8623
6437 8477
6437 8437
6438 8630
6438 8535
6438 8533
6438 8416
6438 8163
6438 7980
6438 6946
6438 6808
6438 6641
6438 6469
6438 8702
6438 8302
6438 8262
6438 8206
6438 7473
6438 7196
6438 7016
6438 7341
6438 6777
6439 6616
6439 7347
6440 8731
6440 8722
6440 8270
6440 8030
6440 7467
6440 6873
6441 8510
6441 8377
6441 6618
6441 8729
6442 8030
6442 7988
6442 7336
6442 7285
6442 6510
6442 7073
6443 8625
6443 7746
6443 7616
6443 8252
6443 7194
6444 7541
6444 7388
6444 6546
6444 8655
6444 6903
6445 7781
6445 8285
6445 8173
6445 7814
6445 6702
6445 8242
6445 8060
6445 7694
6445 7291
6446 8583
6446 8161
6446 7060
6446 8333
6447 8082
6447 6862
6447 6550
6448 8358
6448 8102
6448 7449
6448 7300
6448 6622
6448 8746
6448 8652
6448 8549
6448 8203
6448 7751
6449 6575
6451 7541
6451 7669
6452 7012
6456 8519
6456 8260
6456 8125
6456 8121
6456 6953
6456 6896
6456 8477
6456 8137
6456 7370
6456 6948
6456 6925
6463 8166
6463 6746
6464 7722
6464 7896
6464 7866
6465 8205
6465 7892
6465 7267
6465 6891
6465 8553
6465 7438
6466 8204
6466 7574
6466 7133
6466 6611
6466 7359
6466 6485
6467 8089
6467 8592
6467 8306
6467 8242
6467 7611
6467 7600
6467 7501
6468 8451
6468 8151
6468 8033
6468 7882
6468 7602
6468 7386
6468 7454
6469 7851
6469 7765
6469 7286
6469 8428
6469 8299
6469 8062
6469 7787
6469 7323
6469 6938
6471 6670
6472 6575
6472 8112
6472 7908
6473 6895
6476 8069
6476 8024
6476 7405
6476 7312
6478 8041
6478 7472
6483 7964
6483 7590
6483 8649
6483 8281
6483 7442
6483 7369
6483 7366
6483 6582
6484 7617
6484 7485
6485 7726
6485 7173
6485 6686
6485 7933
6486 8712
6486 8309
6486 8205
6486 8151
6486 8554
6486 8248
6486 8240
6486 7604
6486 7602
6486 6873
6486 6634
6487 8575
6487 7845
6487 7744
6487 6634
6487 7331
6488 6548
6488 8610
6488 8331
6488 7415
6488 8113
6489 8050
6489 7669
6490 8663
6490 8178
6490 8024
6490 7980
6490 7903
6490 7353
6490 8296
6490 7958
6491 8219
6491 7452
6491 8120
6491 7827
6491 6752
6493 7175
6497 7609
6498 8054
6498 8278
6498 6748
6508 8164
6508 7926
6508 6662
6508 8380
6510 7746
6510 8729
6510 6956
6511 8228
6512 7909
6512 7376
6512 7126
6512 6924
6514 8312
6514 8098
6514 7390
6514 6613
6516 6895
6516 8676
6518 7686
6518 6647
6518 7394
6519 7333
6520 7982
6520 8385
6520 7984
6520 7931
6520 7903
6520 7819
6520 7640
6520 7237
6520 7888
6520 7794
6520 7696
6522 7886
6522 8492
6523 7648
6523 7038
6524 7516
6524 7336
6524 7265
6524 7258
6524 8120
6524 6652
6530 8564
6531 7609
6532 8525
6532 7066
6534 7787
6534 7785
6534 7314
6534 6854
6534 8074
6535 8669
6535 6623
6535 8667
6535 7952
6535 7815
6535 7125
6535 6638
6535 8429
6536 8642
6536 8225
6536 7951
6536 7931
6536 7816
6536 7678
6536 7400
6536 6953
6536 6650
6536 8746
6536 8742
6536 8656
6536 8637
6536 8442
6536 8361
6536 8242
6536 8206
6536 7626
6536 7262
6536 6646
6536 8675
6537 7369
6537 8455
6537 7359
6538 8639
6538 8574
6538 8288
6538 8277
6538 8223
6538 7964
6538 7814
6538 7540
6538 7471
6538 7180
6538 8665
6538 7768
6538 7350
6538 8758
6539 8381
6539 7261
6539 8582
6539 8302
6540 8628
6540 8299
6540 8156
6540 7443
6540 8531
6540 8504
6540 8301
6540 7447
6540 7112
6540 6889
6541 7622
6542 8487
6542 8486
6543 8313
6543 8178
6543 7642
6543 7540
6543 7400
6543 6584
6543 8739
6543 8314
6543 8113
6543 7876
6543 7601
6543 7336
6543 7295
6543 7251
6543 8362
6543 7771
6544 8488
6544 8048
6544 7907
6544 8392
6546 8170
6548 7034
6548 6853
6548 7083
6549 8757
6549 8147
6549 7970
6550 7052
6552 7145
6554 7541
6554 6735
6556 8542
6556 7671
6556 7392
6556 7818
6556 7690
6558 8574
6558 8377
6558 8260
6558 8058
6558 7517
6558 7121
6558 8710
6558 8678
6558 8651
6558 6859
6559 8283
6559 7851
6559 8119
6559 7979
6559 7443
6559 7311
6559 7267
6559 6958
6559 8485
6559 8273
6559 7981
6559 6970
6559 6563
6560 8166
6560 8190
6560 7594
6560 7843
6561 8706
6561 7911
6561 8470
6561 7739
6561 7592
6561 7314
6561 8657
6561 8547
6561 8127
6561 8036
6561 7930
6561 7763
6561 7271
6562 7566
6562 6956
6563 8720
6563 8645
6563 7468
6563 6651
6563 8472
6563 8215
6563 8201
6563 7978
6563 7866
6564 8170
6564 7231
6564 6981
6564 8341
6564 6941
6565 8525
6565 7818
6565 7604
6565 7297
6565 6966
6565 6889
6565 6583
6565 8419
6565 7893
6565 7883
6565 7771
6565 7564
6566 7395
6566 6891
6566 6622
6566 8665
6566 8263
6566 8250
6566 7768
6566 7196
6566 6768
6566 6709
6566 6583
6568 8663
6568 8537
6568 8536
6568 7668
6568 7292
6568 6854
6568 6651
6568 8529
6568 8444
6568 8325
6568 8275
6568 8267
6568 7880
6568 7473
6568 7386
6568 7315
6568 7307
6568 6950
6568 6701
6569 6671
6569 7755
6569 7608
6570 8572
6570 8319
6570 7693
6570 7635
6570 7352
6570 7314
6570 7287
6570 6951
6570 6610
6571 7009
6571 8074
6571 7696
6571 7653
6571 6591
6572 7324
6573 7898
6574 7243
6575 7170
6575 7045
6578 8092
6578 7648
6578 7574
6579 6713
6579 7373
6580 8526
6580 8309
6580 8213
6580 8058
6580 7814
6580 7673
6580 8549
6580 8462
6580 8412
6580 8064
6580 7576
6580 7445
6580 7442
6580 7384
6580 7127
6582 8714
6582 8639
6582 7981
6582 7968
6582 7467
6582 7274
6582 6945
6582 6845
6582 7595
6582 7557
6583 8754
6583 8722
6583 8707
6583 8695
6583 8265
6583 8175
6583 8148
6583 8060
6583 7601
6583 8028
6583 7681
6584 7717
6584 7693
6584 7425
6584 7317
6584 7129
6584 8462
6584 8325
6584 8302
6584 8238
6584 8064
6584 7597
6584 7491
6584 7372
6584 7196
6584 7124
6584 6634
6585 8680
6585 8667
6585 8655
6585 8255
6585 8048
6585 8238
6585 6703
6585 7958
6586 8747
6586 8641
6586 8453
6586 7838
6586 6849
6586 8194
6586 7821
6586 7284
6586 7256
6586 7100
6586 6616
6587 8350
6587 7982
6587 7264
6587 6997
6587 8342
6587 7480
6588 7986
6589 8647
6589 7931
6589 7814
6589 7682
6589 6830
6589 8739
6589 8215
6589 8012
6590 7025
6591 7314
6591 8308
6591 8101
6591 7429
6591 7297
6593 8441
6593 8343
6593 8149
6593 8126
6593 7770
6593 7742
6593 7374
6593 7265
6593 7196
6593 6689
6593 7542
6593 6954
6594 8458
6594 8087
6594 7734
6595 8712
6595 8476
6595 8241
6595 7382
6595 6610
6595 8214
6595 7500
6595 7374
6595 7279
6595 6974
6595 6748
6603 7409
6603 6948
6603 8352
6604 8425
6605 8058
6605 8316
6605 7145
6605 6784
6606 7606
6606 8680
6606 8639
6606 7983
6606 7975
6606 7889
6606 7487
6606 6636
6606 8701
6606 8475
6606 8244
6606 7691
6606 7521
6606 7196
6607 8249
6607 8372
6607 8133
6607 6942
6607 6735
6608 7787
6608 7450
6608 8559
6608 8293
6608 8141
6608 7891
6608 7438
6608 7386
6608 7336
6608 7295
6608 7291
6608 6940
6608 6775
6608 6624
6609 6685
6609 8588
6609 8245
6609 8132
6609 7625
6609 7007
6609 6858
6609 7827
6610 8669
6610 7967
6610 8697
6610 8628
6610 8339
6610 8311
6610 7745
6610 7678
6610 7413
6610 7396
6610 8289
6610 8210
6611 8721
6611 8296
6611 7696
6611 7463
6611 7430
6611 6845
6612 8661
6612 8535
6612 7293
6612 8481
6612 8348
6612 8297
6612 8106
6612 8064
6612 7451
6612 7446
6612 7288
6612 7150
6612 7146
6612 7003
6613 8658
6613 8536
6613 7813
6613 7400
6613 7319
6613 7282
6613 6942
6613 6828
6614 8667
6614 8116
6614 7655
6614 8462
6614 8316
6614 7452
6614 7445
6614 7411
6615 7768
6615 8552
6616 8202
6616 7455
6616 6622
6616 8527
6616 8504
6616 8493
6616 8318
6616 8153
6616 8033
6616 6943
6616 6876
6616 6620
6617 7508
6617 8745
6618 8625
6618 8557
6618 8372
6618 8313
6618 7975
6618 7745
6618 7479
6618 7389
6618 8183
6618 7334
6619 7523
6619 7458
6619 7201
6620 7983
6620 7668
6620 6967
6620 6644
6620 8662
6620 8374
6620 8198
6620 8179
6620 8158
6620 7660
6620 7386
6620 7262
6620 8190
6620 7887
6621 8669
6621 7884
6621 7478
6621 7418
6621 8473
6621 8314
6621 8297
6621 7896
6621 7580
6621 7258
6622 8574
6622 8025
6622 7779
6622 7705
6622 7116
6622 6651
6622 8759
6622 8547
6622 8473
6622 8465
6622 8346
6622 8209
6622 8137
6622 7836
6622 7291
6622 6640
6623 7753
6623 7235
6623 7065
6623 8749
6623 7050
6624 8111
6624 7311
6624 6944
6624 6861
6624 6854
6624 8315
6624 8096
6624 7291
6624 7140
6624 8552
6624 8300
6624 7397
6624 7331
6625 7931
6625 8657
6625 7768
6625 7127
6626 7967
6626 7407
6626 7065
6626 8010
6626 6808
6626 6677
6626 6651
6627 7701
6627 6938
6628 8638
6628 8006
6628 8344
6628 7771
6628 7482
6629 7758
6629 7416
6629 8288
6629 7793
6629 7668
6629 7289
6629 7083
6629 6690
6629 8759
6629 8265
6629 8057
6629 7451
6629 7345
6629 6964
6630 8651
6630 8108
6630 8093
6631 8173
6631 7929
6631 7688
6631 7312
6632 7633
6632 8742
6633 7266
6633 6934
6634 8720
6634 8642
6634 8403
6634 8331
6634 8324
6634 7400
6634 8744
6634 8590
6635 7817
6635 7328
6636 6874
6636 8655
6636 8572
6636 7455
6636 7377
6636 6786
6636 8491
6636 7271
6636 6945
6637 7696
6637 7132
6637 6676
6638 8706
6638 8749
6638 8213
6638 7984
6638 7748
6638 7668
6638 6921
6638 8412
6638 8252
6638 7981
6638 7794
6638 7232
6639 8659
6639 8299
6639 8277
6639 8256
6639 8255
6639 8289
6639 7630
6640 8701
6640 8376
6640 8253
6640 8131
6640 8113
6640 7794
6640 7647
6640 7454
6641 7577
6641 7395
6641 8718
6641 8297
6641 8222
6641 7146
6641 7100
6641 7095
6642 7826
6642 7723
6642 7422
6642 8710
6642 8303
6642 8284
6642 8273
6642 8210
6642 7602
6642 7142
6642 6872
6643 7860
6643 7684
6643 7407
6644 8533
6644 8125
6644 8066
6644 7990
6644 7975
6644 7746
6644 7670
6644 6919
6644 8216
6645 7235
6645 7871
6646 8655
6646 8526
6646 8135
6646 8024
6646 7962
6646 7791
6646 7367
6646 6849
6646 8687
6646 8559
6646 8210
6646 8036
6646 7879
6646 7659
6646 7398
6646 7130
6646 7007
6647 8721
6647 7355
6647 7353
6647 6973
6647 7066
6648 7109
6648 8720
6648 8461
6648 6944
6648 8315
6648 8281
6649 7441
6649 6953
6649 6861
6649 8585
6649 8314
6649 8287
6649 7747
6649 7647
6649 7334
6649 7184
6649 7150
6649 7002
6650 8461
6650 8453
6650 8121
6650 7748
6650 7675
6650 7511
6650 7182
6650 6832
6650 8643
6650 6898
6651 8334
6651 8645
6651 8515
6651 8342
6651 8260
6651 8159
6651 7723
6651 8646
6651 8553
6651 8142
6651 8057
6651 7789
6651 7283
6652 8177
6652 8675
6652 8362
6653 8558
6653 8297
6653 8198
6653 7491
6653 7477
6653 7350
6653 7298
6653 7232
6653 7958
6654 8291
6654 7260
6655 8748
6662 7469
6662 8378
6662 7730
6662 7281
6662 6952
6667 6736
6669 7620
6669 7349
6669 8618
6673 7677
6675 8483
6675 8315
6676 7038
6677 8704
6677 7975
6677 7425
6677 7377
6677 7059
6677 8646
6677 8527
6677 8094
6678 8197
6678 7081
6678 8469
6678 7619
6678 8710
6678 8113
6679 8455
6680 7533
6681 7459
6681 7377
6681 8238
6685 8180
6685 7313
6685 8253
6686 8651
6686 7173
6687 8118
6687 7517
6687 7050
6687 8673
6687 7888
6687 7724
6687 7465
6687 7256
6687 7837
6688 8488
6688 7700
6688 7320
6688 8252
6688 8057
6688 7628
6689 8025
6689 7693
6689 6810
6689 8710
6689 8656
6689 8414
6689 8244
6689 8203
6689 8139
6689 8103
6689 8011
6689 7914
6689 7025
6689 7276
6690 8660
6690 8647
6690 8583
6690 7146
6691 6962
6691 8661
6691 8256
6691 8116
6691 7443
6691 8330
6691 8122
6691 8113
6691 7316
6692 8480
6692 7693
6692 8483
6692 8444
6692 8295
6692 8204
6693 8727
6693 8508
6693 7953
6693 7912
6693 7764
6693 7741
6693 7529
6693 7605
6693 7519
6693 7799
6694 8733
6694 7255
6695 8139
6695 7502
6695 7049
6696 8324
6696 6828
6697 8238
6697 7205
6698 8747
6698 7899
6698 8009
6698 7658
6698 7348
6699 7259
6700 8387
6700 8283
6700 8712
6700 8557
6700 7951
6700 7403
6701 8572
6701 7444
6701 6953
6701 8623
6701 8126
6701 7467
6701 7122
6702 7871
6702 7784
6702 7310
6702 8314
6702 7724
6702 7370
6702 7146
6703 8697
6703 8484
6703 8328
6703 7811
6703 6983
6703 8738
6703 8444
6703 8343
6703 7818
6703 7768
6703 7628
6703 7374
6705 8656
6705 8527
6705 8267
6705 8150
6705 8141
6705 7453
6705 7452
6705 7376
6705 7285
6705 7260
6705 6945
6705 8552
6707 8577
6707 8443
6707 8324
6707 7718
6707 8259
6707 6748
6707 6777
6709 8331
6709 7118
6709 6944
6709 6828
6709 8559
6709 8434
6709 7768
6709 7285
6709 7259
6709 7039
6711 7454
6711 7276
6712 8092
6712 6915
6714 7500
6714 7126
6714 8110
6714 7092
6716 8531
6728 8423
6730 8067
6730 6766
6731 8668
6731 7453
6731 7386
6731 7251
6731 7906
6731 7824
6731 7347
6731 7277
6733 6988
6733 8637
6733 8112
6734 6992
6734 8602
6734 7790
6735 7902
6735 7076
6735 8370
6735 6843
6735 8341
6738 6796
6742 7874
6742 7762
6742 7040
6744 8292
6744 8125
6744 7693
6744 7645
6744 7590
6744 7402
6744 8638
6744 8138
6744 7612
6744 7297
6744 6966
6746 8683
6746 8333
6746 8218
6746 7482
6748 7456
6748 8474
6748 6974
6750 7916
6750 8236
6752 8432
6752 8216
6752 7445
6752 7316
6752 7149
6752 7661
6753 8628
6753 7311
6753 8477
6753 8257
6753 8086
6755 7549
6756 7505
6757 8381
6760 7781
6763 7035
6764 6817
6766 8237
6768 7886
6768 8739
6768 8418
6768 8252
6768 8132
6768 7625
6770 8689
6770 8227
6770 8180
6770 7851
6770 8059
6770 8034
6770 7135
6770 8664
6770 7839
6771 8633
6771 7022
6772 8479
6772 8428
6773 7487
6774 7785
6774 8071
6774 7140
6774 7173
6775 8642
6775 8619
6775 8556
6775 7865
6776 7903
6776 7701
6776 7988
6776 7639
6776 7199
6777 8307
6777 7985
6777 7764
6777 7232
6777 8512
6777 8181
6777 7732
6777 7557
6778 7774
6778 8511
6779 8639
6779 8241
6779 8155
6779 7878
6779 8322
6779 8214
6779 7559
6780 8229
6780 6848
6780 7119
6782 8201
6784 8377
6784 8087
6784 7272
6784 7804
6786 8427
6786 8050
6786 7382
6786 7891
6786 7772
6786 7641
6786 7489
6792 6841
6794 8401
6794 8512
6796 7349
6796 7674
6796 7619
6796 7293
6800 7868
6806 7517
6808 8639
6808 8490
6808 8034
6808 7960
6808 7916
6808 7721
6808 7395
6808 7317
6808 7296
6808 8668
6808 8289
6808 8164
6808 7763
6808 7232
6808 7071
6810 8324
6810 8282
6810 7642
6810 6847
6810 8754
6810 8638
6810 8361
6810 7660
6810 7612
6810 7429
6810 7274
6810 6950
6810 6873
6813 7735
6813 7731
6813 7642
6813 7085
6813 6832
6814 6865
6815 8230
6817 8606
6822 8001
6825 7508
6826 7909
6826 7348
6826 7254
6826 7194
6827 7523
6828 7623
6828 7734
6828 7422
6828 6836
6828 8361
6828 7114
6828 7071
6829 7065
6829 6955
6830 8749
6830 7671
6830 7643
6830 7478
6831 7155
6832 8321
6832 7635
6832 7233
6832 7740
6832 7384
6832 7066
6834 8426
6834 8025
6834 7531
6834 7403
6834 6987
6834 8343
6834 8315
6834 8175
6834 6899
6834 7397
6834 7339
6834 7152
6835 8648
6835 8243
6835 7606
6835 8728
6835 8490
6835 8324
6835 8116
6835 7779
6835 7603
6835 7578
6835 7267
6835 8475
6835 7194
6836 7753
6836 7388
6836 7322
6836 8645
6836 7272
6836 7011
6836 8442
6836 8374
6836 8057
6843 8578
6843 8223
6843 8171
6843 7886
6843 7483
6843 7303
6843 8109
6843 7716
6844 8673
6844 7394
6844 7270
6845 8698
6845 7994
6846 8528
6847 8703
6847 8034
6847 7975
6847 7791
6847 8031
6847 8029
6847 8000
6847 7429
6848 6853
6849 8706
6849 8034
6849 7811
6849 6887
6849 8252
6849 7193
6851 8063
6852 8431
6852 7903
6852 7317
6852 7282
6852 7965
6853 6895
6853 8357
6853 7688
6854 7062
6854 8586
6854 8079
6854 7738
6854 7418
6854 7198
6854 6944
6854 6887
6854 8555
6854 8209
6854 8201
6854 8198
6854 8138
6854 6925
6854 6889
6855 8230
6856 8180
6856 8063
6856 8680
6856 8515
6856 8066
6856 7984
6856 7931
6856 7642
6856 7449
6856 7116
6858 8576
6858 7952
6858 7592
6858 7443
6858 8284
6860 7217
6860 8700
6860 8515
6861 7241
6861 6875
6861 8319
6861 8107
6861 7826
6861 7614
6861 7212
6861 6887
6861 7630
6862 8552
6863 7543
6864 8717
6864 8688
6869 7886
6869 8041
6869 8036
6869 7760
6871 8622
6871 7683
6871 8046
6872 8751
6872 8731
6872 8559
6872 8246
6872 7772
6872 7641
6872 7318
6872 7298
6872 7271
6872 7203
6872 7131
6872 8419
6873 8704
6873 8282
6873 8010
6873 8257
6874 8156
6874 7487
6875 8703
6875 8586
6875 7916
6875 7705
6875 7399
6876 8251
6876 7976
6876 7319
6876 6944
6876 8754
6876 7625
6876 7007
6876 6963
6876 8500
6877 7363
6877 7562
6880 7664
6884 7594
6884 7503
6884 6991
6887 8416
6887 7960
6887 7718
6887 7673
6887 7638
6887 7269
6887 8032
6887 7376
6887 7307
6887 7142
6889 8444
6889 8257
6889 8150
6889 7345
6889 7254
6889 8005
6889 7276
6891 7644
6891 7109
6891 7065
6891 8169
6891 7289
6891 7041
6891 8444
6892 8611
6892 8013
6892 7869
6894 8044
6894 6921
6894 7879
6894 7445
6896 8709
6896 8681
6896 7723
6896 7417
6896 8444
6896 7888
6898 8628
6898 8199
6898 8081
6898 8719
6898 8041
6898 7985
6898 7626
6898 7442
6899 8688
6899 8432
6899 7973
6899 7173
6900 7407
6900 8332
6900 7954
6901 8250
6901 7691
6901 7429
6901 7298
6901 6952
6901 8366
6901 6977
6902 8334
6902 7513
6903 8304
6903 7826
6903 7385
6904 7155
6904 8235
6915 7124
6916 8611
6916 7881
6917 7714
6917 7589
6917 7464
6917 7587
6917 7228
6917 7086
6918 8312
6918 8714
6918 7952
6918 7622
6918 6967
6918 7348
6919 8035
6919 8279
6919 7867
6919 7779
6919 7201
6920 8560
6921 8691
6921 8288
6921 7983
6921 7041
6921 8719
6921 8687
6921 8113
6921 7467
6921 7357
6922 7836
6923 8062
6923 7951
6923 6983
6924 7213
6925 8647
6925 8539
6925 8026
6925 7312
6925 7118
6925 6953
6925 7764
6925 7763
6925 7398
6926 8724
6926 7890
6926 7618
6928 8502
6928 8169
6929 8719
6929 7993
6929 7567
6929 7143
6929 6999
6930 8459
6938 7326
6938 8693
6938 8389
6938 7673
6938 7323
6938 8547
6938 7132
6939 8577
6939 7598
6939 7278
6939 7207
6939 7385
6940 8135
6940 7984
6940 7980
6940 7671
6940 7287
6940 7207
6940 7050
6940 7009
6940 8698
6940 7558
6940 7491
6940 7445
6941 8023
6942 8130
6942 7518
6942 8517
6942 8510
6942 8399
6942 8310
6942 8279
6942 7746
6942 7670
6942 7455
6942 7320
6942 7311
6942 7180
6942 8585
6943 8533
6943 7714
6943 8666
6943 8432
6943 8322
6943 8259
6943 8248
6943 8187
6943 7336
6943 7258
6943 7203
6943 7704
6943 6954
6944 8749
6944 8288
6944 7645
6944 7116
6944 6951
6944 8429
6944 8326
6944 7702
6944 7140
6945 8720
6945 8319
6945 8291
6945 7252
6945 8329
6945 8262
6945 8246
6946 7969
6946 8572
6946 8523
6946 7450
6946 7063
6946 8101
6947 8034
6947 7670
6947 8330
6947 8327
6947 8009
6947 7751
6947 7591
6948 8389
6948 6953
6948 8296
6948 8060
6948 7971
6948 7398
6948 7068
6948 7339
6949 8372
6949 8332
6949 8324
6949 8200
6949 8066
6949 8040
6949 7563
6949 7413
6949 7144
6949 8653
6949 8131
6949 7772
6950 8700
6950 7368
6950 7115
6950 8547
6950 8477
6950 8246
6950 8179
6950 8126
6950 7896
6950 7624
6950 7491
6950 8486
6950 8439
6951 8706
6951 8676
6951 8482
6951 8223
6951 8135
6951 7403
6951 8664
6951 8326
6951 7956
6952 8661
6952 8660
6952 8313
6952 8255
6952 8275
6952 8268
6952 8263
6952 8209
6952 7628
6952 7473
6952 7016
6952 8005
6952 7224
6953 7065
6953 8704
6953 8680
6953 7954
6953 6983
6953 8739
6953 8247
6953 8137
6953 7691
6953 7394
6954 8164
6954 8161
6954 8131
6954 8052
6955 8706
6955 7686
6955 7187
6956 7700
6956 7343
6956 8745
6956 8485
6956 8278
6956 8183
6956 8122
6956 6974
6956 8181
6956 8105
6956 8095
6957 8182
6957 7404
6957 7982
6957 6969
6958 7388
6958 8641
6958 7313
6958 8262
6958 7730
6958 7641
6960 8306
6960 8198
6960 8064
6960 7741
6960 7384
6960 8337
6960 7200
6961 7932
6961 7364
6962 7361
6963 7901
6964 8728
6964 8104
6964 7638
6964 7280
6964 7379
6964 7107
6965 8488
6965 7517
6965 7399
6966 8397
6966 8177
6966 8074
6966 7270
6967 7107
6968 7705
6968 7289
6968 7198
6968 8462
6968 7084
6970 8200
6970 8034
6970 7598
6970 8553
6970 8529
6970 7703
6970 7467
6970 7398
6971 8691
6972 8702
6972 8575
6972 7281
6974 8653
6974 8413
6974 7341
6975 7129
6975 7737
6976 8094
6976 7660
6977 8455
6977 8167
6977 8128
6977 7381
6977 7354
6978 8740
6978 7300
6979 8097
6979 8726
6979 8226
6979 7960
6979 7734
6980 7919
6981 7806
6981 7138
6981 7008
6983 8557
6983 8282
6983 8261
6983 8133
6983 8678
6983 8657
6983 8293
6983 8076
6983 7876
6983 7832
6983 7445
6984 8678
6985 8721
6985 8622
6985 8083
6985 8062
6985 7884
6985 7511
6985 7144
6985 8549
6985 8547
6985 8303
6985 8064
6985 7882
6985 7840
6985 7477
6985 7467
6985 7430
6985 7411
6985 7369
6985 7251
6986 8544
6987 8535
6987 8534
6987 8416
6987 8163
6987 7450
6987 7292
6987 8640
6987 8252
6987 8206
6987 8057
6987 7968
6987 7576
6987 7140
6988 7900
6989 7153
6989 8577
6989 7402
6991 7255
6994 8507
6995 7094
6995 8047
6995 7086
6997 8035
6999 8344
6999 7197
7001 8713
7001 8757
7001 8316
7002 8642
7002 8288
7002 7739
7002 7678
7002 7443
7002 8638
7002 8558
7002 8103
7002 7297
7003 7635
7003 7269
7003 8330
7003 8262
7003 8216
7003 8145
7003 8027
7003 7608
7003 7599
7003 7203
7003 8337
7003 7887
7004 8682
7005 7422
7005 8524
7005 8263
7005 8217
7007 7952
7007 7311
7007 8326
7007 8012
7007 7981
7007 7703
7007 7630
7007 7288
7007 7131
7008 7622
7009 8292
7009 8117
7009 7983
7009 7554
7009 8514
7009 7436
7011 8467
7011 8205
7011 7916
7011 7313
7011 7880
7011 7716
7011 7345
7011 7110
7012 8087
7013 8528
7014 7161
7014 8353
7014 8047
7014 7185
7016 8714
7016 7642
7016 8590
7016 8444
7016 8286
7016 8212
7016 8113
7016 7740
7016 7271
7016 8439
7016 7861
7018 8540
7018 7928
7020 7266
7020 7699
7022 8636
7023 8508
7023 7883
7025 8399
7025 8308
7025 8183
7025 8122
7025 7336
7027 7781
7027 7507
7027 7376
7030 7365
7038 8026
7038 8665
7038 8430
7038 7394
7038 7127
7039 8714
7039 7791
7039 8275
7039 8103
7040 8664
7041 8685
7041 7613
7041 8515
7041 8118
7041 8059
7041 7766
7041 7638
7041 7633
7041 8759
7041 8549
7041 8212
7041 8131
7041 7071
7042 8655
7042 8178
7042 8072
7042 7998
7042 7269
7042 7125
7042 8665
7042 7332
7043 8727
7043 8300
7043 7594
7047 8240
7047 8236
7047 7345
7049 8166
7050 7217
7050 8730
7050 8357
7050 7814
7050 7793
7050 7450
7050 7352
7050 8626
7050 7476
7052 8638
7052 8115
7052 7485
7052 8682
7053 8617
7053 7385
7054 7889
7054 7267
7055 8360
7055 8185
7055 7501
7056 7131
7056 7160
7057 8141
7057 8369
7057 7378
7057 7938
7058 8717
7058 8272
7058 8576
7058 8458
7058 8354
7058 7786
7058 7619
7058 8590
7058 7839
7058 7307
7058 7199
7059 8740
7059 8221
7059 8143
7059 7094
7060 8551
7060 8146
7060 8132
7060 7768
7060 7348
7060 7107
7060 7248
7061 7382
7062 7950
7062 8059
7062 7793
7063 8290
7063 8638
7063 8314
7063 8175
7063 8061
7063 7095
7064 8630
7065 8197
7065 7830
7065 8292
7065 7682
7066 7722
7066 7365
7066 8175
7066 7763
7067 8407
7067 7514
7068 8225
7068 8698
7068 8688
7068 8527
7068 8101
7068 7394
7068 7485
7069 7396
7069 8646
7069 8376
7070 8322
7070 8257
7070 8238
7070 8161
7070 8141
7070 7626
7070 7442
7070 7331
7071 8576
7071 8470
7071 8427
7071 8311
7071 8288
7071 8007
7071 7640
7071 7455
7071 7319
7071 7652
7071 7639
7071 7593
7071 7562
7071 7372
7071 8675
7071 7970
7072 7714
7072 8208
7072 8029
7072 7772
7072 7075
7072 8448
7072 7844
7072 7224
7073 8729
7073 8315
7073 8296
7073 8164
7073 8146
7073 7989
7073 7914
7073 7639
7073 7467
7073 8068
7073 7594
7073 7542
7073 8587
7073 7905
7074 8171
7074 7311
7075 8738
7075 7823
7075 8266
7076 7913
7076 8655
7076 8469
7076 8104
7076 7176
7077 8737
7077 8655
7077 7556
7079 8429
7079 8375
7079 8257
7079 7591
7079 7492
7080 7257
7081 7444
7081 7426
7083 8069
7083 7952
7083 8672
7083 8027
7084 8668
7084 8386
7085 7964
7085 8029
7086 7589
7086 8731
7086 8096
7086 7498
7090 7327
7094 8018
7095 8606
7095 8435
7095 8281
7095 8300
7096 7600
7097 8225
7097 8664
7097 8361
7097 7823
7097 7804
7097 7210
7098 8704
7098 8048
7098 7301
7098 8524
7100 8754
7100 8719
7100 8275
7100 7695
7102 8421
7102 7692
7102 7527
7102 8469
7102 8221
7102 7402
7102 7355
7107 8188
7107 8326
7107 8297
7107 7789
7109 8042
7109 7286
7109 8642
7109 7813
7109 7511
7110 8747
7110 8526
7110 8363
7110 8188
7110 8040
7110 7657
7110 8715
7110 8665
7110 8286
7110 8267
7110 8145
7110 8129
7110 8076
7110 7510
7110 7438
7110 7298
7110 7457
7111 8563
7111 8543
7111 7153
7111 7815
7111 7577
7112 8437
7112 8152
7112 8033
7112 7751
7112 7559
7112 8254
7112 7704
7113 8204
7113 7737
7114 8659
7114 8292
7114 8178
7114 8621
7114 8378
7114 8317
7114 7630
7114 7438
7115 7954
7115 8414
7115 8296
7115 8273
7115 7145
7116 8207
7116 7313
7116 7300
7117 8063
7117 7928
7117 7869
7117 7322
7117 8506
7117 7693
7117 7577
7117 7449
7117 7144
7118 8712
7118 8641
7118 8484
7118 8389
7118 8188
7118 8119
7118 7321
7118 7310
7118 7231
7118 8624
7119 8136
7119 7793
7119 7441
7119 7289
7119 7176
7119 8525
7119 7904
7120 8067
7120 8536
7120 8022
7120 7783
7120 7766
7120 7317
7120 7282
7121 8482
7121 7365
7121 8525
7121 7249
7122 8430
7122 8401
7122 8343
7122 7956
7122 7430
7122 8605
7122 8120
7123 8385
7123 8277
7123 7738
7123 7655
7123 7405
7123 7282
7123 8736
7123 8722
7123 8701
7123 8698
7123 8397
7123 8314
7123 7949
7124 8144
7124 8640
7124 7973
7124 7132
7124 8411
7124 7958
7124 7216
7125 8648
7125 8515
7125 7269
7125 7151
7125 8437
7125 7978
7126 8479
7126 8288
7126 8079
7126 7144
7126 8575
7126 8270
7126 8113
7126 8413
7126 8266
7127 8572
7127 8517
7127 7786
7127 7417
7127 8265
7127 8195
7127 8486
7128 8669
7128 7851
7128 7195
7128 8740
7128 8470
7128 8403
7128 7444
7128 7367
7129 8622
7129 8269
7129 8159
7129 8116
7129 7983
7129 7785
7129 7427
7129 7393
7129 7389
7129 8725
7129 8524
7129 7436
7129 7370
7130 8480
7130 8136
7130 7274
7131 8533
7131 7814
7131 7786
7131 8723
7131 8592
7131 8471
7131 7694
7131 7558
7131 7491
7131 7348
7131 7294
7131 7285
7131 7201
7131 7146
7132 7560
7132 8738
7132 8203
7132 7955
7132 7749
7132 7227
7132 8675
7132 8091
7132 8008
7132 7958
7133 8510
7133 7975
7133 8315
7133 8219
7133 7656
7133 7576
7133 7386
7133 7372
7135 8312
7135 8740
7135 7990
7135 7144
7135 8538
7135 8330
7135 8240
7140 8515
7140 8385
7140 7287
7140 8736
7140 8323
7140 8242
7142 8140
7142 8062
7142 7787
7142 7700
7142 8549
7142 8472
7142 8378
7142 8273
7142 7290
7142 7958
7143 8643
7143 8257
7144 7982
7144 7649
7144 8756
7144 7929
7144 7816
7144 7675
7144 7858
7144 7262
7145 8590
7145 8148
7145 7955
7145 7809
7145 7265
7145 7210
7145 8419
7146 8671
7146 8433
7146 8199
7146 7638
7146 7352
7146 8317
7146 8293
7146 8216
7146 8060
7146 7832
7147 8149
7147 7201
7148 7432
7148 7368
7149 8655
7149 8288
7149 7303
7149 8727
7149 8624
7149 8378
7149 8209
7149 7744
7149 7698
7149 7659
7149 7628
7149 7184
7150 8202
7150 7579
7150 8719
7151 7851
7151 7765
7151 7490
7151 8517
7151 8410
7151 8718
7151 8716
7152 8147
7152 7809
7153 7640
7154 8240
7154 7505
7155 7525
7156 8587
7158 7865
7160 7641
7160 7259
7171 7859
7173 7337
7173 7334
7174 7788
7174 7490
7174 7217
7174 7682
7174 7402
7176 7288
7178 7485
7179 7464
7180 8515
7180 8451
7180 8377
7180 7352
7180 8624
7180 8198
7180 7260
7182 8312
7182 7992
7182 7390
7182 8749
7182 7471
7184 8038
7184 7930
7184 8758
7184 8492
7184 8411
7184 8254
7187 8709
7187 8541
7187 8130
7187 7679
7187 8319
7187 8256
7187 8083
7187 7748
7187 7738
7189 7427
7189 8665
7189 8330
7189 8064
7189 7904
7189 7591
7189 7451
7191 8328
7191 8225
7191 8211
7191 8093
7192 8488
7192 7393
7193 8304
7193 7633
7193 7428
7193 8719
7193 8460
7193 8327
7193 8307
7193 8215
7193 8164
7193 7912
7193 7768
7194 7974
7194 7828
7195 8669
7195 7670
7196 8164
7196 7628
7196 7580
7196 7228
7196 7299
7197 7409
7197 7771
7198 8726
7198 8332
7198 8331
7198 8192
7198 8133
7198 7590
7198 8442
7198 8278
7199 8601
7200 8224
7201 8642
7201 8309
7201 7680
7201 7563
7201 7287
7201 8715
7201 7880
7201 7274
7201 7259
7202 8054
7203 8291
7203 7977
7203 7787
7203 7303
7203 8727
7203 8524
7203 8329
7203 8758
7203 7890
7203 7595
7204 7387
7205 8641
7205 8205
7205 7791
7205 8664
7205 8489
7205 8126
7205 7341
7206 7917
7206 7620
7206 7377
7207 8556
7207 7395
7207 8592
7207 8149
7207 7601
7207 7507
7207 7274
7207 7230
7208 8687
7209 8683
7209 8638
7209 8320
7209 8246
7209 7876
7209 7558
7209 7374
7209 7799
7210 7784
7210 8465
7210 7574
7210 7420
7210 7265
7211 7261
7211 8040
7212 8143
7212 8007
7212 7779
7212 7705
7212 8212
7214 8493
7214 8267
7214 8036
7214 8023
7214 7477
7215 7675
7215 7635
7215 8201
7215 8142
7216 7770
7217 8541
7217 8618
7217 8298
7217 8133
7224 8152
7224 8076
7224 8038
7224 7357
7224 8743
7224 7905
7226 8327
7226 8273
7226 7989
7226 7658
7226 8095
7227 8471
7227 8055
7227 7724
7227 7447
7227 7430
7227 8218
7227 7681
7228 8619
7228 8434
7228 8329
7228 8322
7229 8700
7229 8332
7229 8256
7229 7979
7229 7399
7229 8101
7229 7973
7229 7809
7230 8479
7230 7793
7230 7269
7230 7744
7231 8180
7231 7720
7231 7977
7231 7916
7231 7511
7231 7461
7231 7441
7232 8081
7232 7707
7232 7693
7232 8583
7233 7869
7233 8461
7233 8342
7233 7790
7233 7786
7233 7783
7233 7468
7234 8110
7237 8545
7237 8525
7238 7351
7239 7684
7239 8022
7239 7365
7239 7272
7239 8077
7239 7610
7241 7913
7241 7563
7241 7466
7241 7300
7242 8169
7244 8280
7246 8607
7246 7892
7246 7393
7246 7907
7246 7804
7248 7840
7249 8202
7249 8188
7249 8083
7249 7645
7249 7540
7249 7450
7249 8301
7249 8271
7249 7795
7249 7409
7251 8586
7251 8440
7251 8701
7251 8585
7251 8038
7251 7763
7251 7647
7251 7488
7253 8042
7253 8681
7253 8510
7253 8151
7253 7825
7253 7705
7253 7592
7253 7509
7253 7413
7253 7823
7253 7309
7253 7271
7254 7616
7254 8460
7254 7591
7254 7331
7255 8512
7255 8091
7255 7672
7256 8677
7256 8502
7256 8282
7256 8123
7256 7746
7256 7738
7256 7718
7256 7400
7256 7289
7256 8699
7256 8683
7256 8430
7256 8036
7256 7914
7256 7562
7256 7386
7257 7845
7258 8440
7258 8321
7258 8058
7258 7766
7258 7578
7258 8307
7258 7988
7258 7981
7258 7591
7259 7382
7260 8531
7260 8322
7260 8246
7260 7457
7261 7830
7261 7788
7261 7765
7261 7349
7261 8467
7261 8255
7261 7439
7262 8535
7262 8328
7262 7748
7262 7705
7262 7439
7262 8718
7262 8211
7263 8714
7263 8755
7263 8301
7263 8215
7263 7821
7263 7768
7263 8613
7264 8670
7264 8098
7264 7825
7264 7816
7265 8590
7265 8253
7265 8148
7265 8077
7265 7955
7265 7839
7265 7809
7265 8120
7266 8610
7267 8663
7267 7367
7267 8322
7267 8240
7267 7794
7267 7429
7268 8602
7269 8661
7269 8470
7269 8151
7269 8059
7269 7779
7269 7556
7269 8326
7270 7691
7271 8261
7271 7784
7271 7738
7271 7633
7271 7449
7271 8701
7271 8343
7271 8293
7271 8000
7271 7334
7271 7299
7272 7885
7272 7769
7272 8483
7272 8378
7273 7967
7273 8506
7273 8165
7273 7619
7273 7414
7274 8199
7274 7413
7274 7292
7274 8738
7274 8477
7274 8303
7274 8027
7274 7397
7275 8634
7276 8474
7276 8301
7276 8147
7276 7751
7276 8365
7276 8333
7276 7503
7276 8404
7276 8379
7276 7354
7278 7714
7278 7279
7279 7352
7279 8183
7279 7285
7280 8310
7280 7736
7280 8759
7281 8309
7281 8475
7281 8158
7281 7656
7281 7599
7282 8734
7282 8026
7282 7816
7282 7787
7282 7705
7282 7655
7282 7973
7282 7698
7283 8324
7283 8156
7283 8111
7283 7705
7283 7614
7283 7296
7283 8076
7283 7597
7283 7372
7283 7285
7283 8675
7284 8676
7284 8173
7284 7822
7284 7793
7284 7786
7284 7312
7284 8262
7284 7591
7284 7452
7284 7315
7285 8533
7285 8205
7285 7671
7285 7455
7285 7395
7285 8656
7285 8644
7285 8401
7285 8187
7285 7580
7285 7467
7285 7298
7285 7299
7286 8717
7286 8709
7286 7432
7286 8700
7286 8078
7287 8125
7287 7717
7287 7700
7287 8679
7287 8236
7287 8139
7287 7743
7288 8661
7288 7977
7288 7721
7288 8245
7288 7562
7289 8249
7289 8740
7289 8282
7289 8165
7289 7761
7289 7670
7289 7468
7289 8590
7289 8327
7289 7703
7289 7576
7289 7384
7290 7931
7290 8710
7290 7430
7291 8639
7291 8372
7291 8311
7291 8261
7291 7479
7291 8585
7291 8483
7291 8314
7291 8214
7291 8150
7291 8127
7291 7883
7292 8630
7292 8328
7292 7707
7292 7619
7292 7426
7292 8475
7292 8473
7292 8374
7292 8238
7292 8195
7292 7849
7292 7659
7293 8709
7293 8350
7293 7512
7293 7481
7293 8488
7293 8470
7293 7815
7294 8555
7294 8242
7294 8166
7294 8161
7294 7562
7294 7386
7294 8091
7294 7594
7294 7378
7294 7359
7294 7305
7295 8714
7295 8453
7295 8699
7295 7608
7295 7473
7295 7452
7295 7637
7296 8681
7296 8269
7296 8155
7296 8140
7296 8066
7296 8716
7296 8553
7296 8303
7296 7334
7296 7318
7297 8311
7297 8585
7297 8329
7297 8246
7297 8166
7297 7973
7297 7882
7297 7442
7297 8115
7298 8533
7298 7303
7298 8531
7298 8524
7298 8258
7298 8027
7299 8746
7299 8160
7299 7844
7299 7542
7300 8431
7300 7723
7300 7700
7300 7670
7300 7628
7300 7350
7300 7316
7301 7432
7301 7448
7301 7426
7301 7957
7301 7914
7303 8188
7303 7838
7303 7441
7303 8624
7303 8329
7303 7501
7303 7500
7303 7446
7305 8508
7305 8375
7307 8475
7307 8434
7307 8238
7307 8208
7307 7601
7308 8709
7308 7322
7308 8298
7308 7439
7308 7425
7308 8643
7308 8444
7309 8660
7309 8309
7309 7779
7309 7748
7309 7561
7309 8656
7309 8240
7309 8236
7310 8557
7310 8119
7310 7980
7310 7657
7310 7651
7310 8624
7310 8417
7310 8257
7310 8216
7310 7840
7311 8291
7311 8144
7311 7975
7311 7814
7311 7796
7311 7616
7311 8739
7311 8727
7311 8725
7311 8096
7311 8011
7311 7660
7311 7641
7312 8261
7312 7903
7312 7723
7312 7468
7312 7314
7312 8253
7313 8714
7313 8311
7313 7793
7313 7556
7313 7417
7313 8437
7313 7794
7313 7446
7314 7800
7314 8403
7314 7819
7314 8590
7314 7740
7315 8311
7315 8643
7315 8103
7315 8128
7315 7419
7316 8519
7316 8321
7316 8255
7316 7645
7316 7577
7316 7455
7316 8729
7316 8149
7316 7989
7316 7593
7316 7451
7316 7650
7317 8133
7317 8066
7317 7399
7317 8744
7317 8473
7317 8129
7317 7593
7318 8535
7318 7678
7318 8754
7318 8744
7318 8640
7318 8547
7318 8327
7318 8325
7318 8142
7318 7604
7318 7424
7319 7490
7319 8517
7319 8119
7320 8706
7320 7606
7320 8535
7320 8436
7320 7700
7320 7395
7320 8158
7321 7964
7321 7718
7321 7682
7321 8242
7322 7991
7322 8372
7322 8116
7322 7577
7323 8144
7323 8026
7323 7791
7323 8162
7324 7978
7326 7984
7326 7979
7326 7954
7327 8569
7327 8149
7328 7673
7328 8245
7328 8137
7328 7994
7329 8275
7329 7924
7329 7496
7330 8134
7330 8067
7330 7797
7330 7788
7331 8267
7331 7876
7331 7751
7331 7503
7332 8691
7332 7822
7332 8750
7332 8430
7332 7647
7334 7417
7334 8108
7334 7879
7334 7593
7334 8167
7336 8738
7336 8318
7336 8212
7336 8064
7336 8005
7339 8076
7339 8002
7339 7970
7339 7650
7341 7926
7341 7641
7341 7521
7343 8096
7345 8712
7345 8577
7345 8550
7345 8279
7345 8156
7345 8104
7345 7643
7345 8722
7345 8553
7345 8549
7345 8284
7345 8113
7345 7858
7345 7840
7347 8002
7347 8486
7348 8372
7348 8311
7348 8279
7348 7884
7348 7638
7348 7483
7348 8275
7348 8215
7348 8153
7348 8036
7348 8009
7348 8002
7348 7694
7348 8743
7349 7945
7349 8726
7349 8618
7349 8200
7349 7779
7350 8576
7350 8025
7350 7766
7350 7422
7350 8559
7350 8538
7350 8113
7350 7896
7350 7749
7350 7467
7351 7962
7351 7486
7352 8712
7352 8192
7352 8078
7352 8211
7352 8146
7353 7673
7353 8525
7353 7357
7354 8512
7356 8457
7357 8641
7357 8403
7357 7931
7357 8343
7357 8317
7357 8196
7357 8177
7357 8150
7357 8036
7357 7888
7357 7818
7357 7453
7359 8640
7359 8322
7359 8262
7359 8029
7359 7647
7359 8365
7359 8218
7359 7986
7361 8561
7361 8416
7363 8691
7363 8065
7364 7885
7364 7512
7364 7575
7365 8741
7365 7762
7365 7655
7365 7414
7365 8253
7365 8247
7366 8742
7366 8708
7366 8650
7366 8558
7366 7558
7367 7781
7367 8536
7367 8431
7367 8083
7367 7903
7367 7784
7367 7475
7367 7471
7367 7427
7368 7800
7368 7679
7368 8468
7369 8683
7369 8430
7369 8065
7370 8708
7370 8701
7370 8198
7370 7842
7372 8309
7372 8123
7372 7655
7372 7981
7372 7879
7372 7842
7372 7749
7372 7602
7372 7374
7372 7637
7374 7396
7374 7393
7374 8322
7374 8154
7374 8038
7374 8030
7374 7880
7374 7652
7374 7465
7374 7844
7374 7704
7374 7557
7376 8220
7376 8010
7376 7786
7376 8129
7376 7591
7376 7457
7377 8350
7377 8440
7377 8079
7378 8644
7378 8575
7378 8401
7378 7742
7379 8109
7379 8060
7380 7614
7380 8273
7380 8264
7380 7602
7380 7593
7381 8525
7381 7818
7381 7691
7381 8552
7381 7958
7382 8187
7383 8362
7383 8560
7384 8641
7384 8535
7384 8151
7384 8301
7384 8002
7384 8000
7384 7880
7384 7798
7384 7398
7384 8028
7384 7482
7385 8107
7386 8668
7386 8219
7386 8030
7386 8362
7387 8679
7387 8194
7388 8550
7388 8467
7388 8255
7389 8054
7389 8214
7389 8211
7390 7761
7391 7600
7391 7424
7392 8374
7392 7624
7393 8659
7393 8581
7393 8515
7393 8140
7393 8725
7393 8553
7393 8308
7393 7505
7394 8695
7394 8673
7394 7516
7395 8467
7395 8429
7395 8360
7395 8293
7395 7591
7396 7975
7396 7531
7396 7448
7396 8666
7396 8649
7396 7453
7396 7411
7397 8471
7397 8253
7397 8486
7397 8333
7397 8300
7398 8703
7398 8659
7398 8645
7398 8225
7398 8123
7398 8121
7398 8059
7398 7642
7398 7638
7398 7468
7398 7466
7398 8656
7398 8651
7398 8620
7398 8108
7398 8096
7398 8038
7398 7604
7398 7580
7399 8130
7399 8524
7400 8717
7400 8118
7400 7881
7400 8759
7400 8653
7400 8329
7400 8252
7400 8175
7400 8164
7401 8676
7401 8199
7402 8700
7402 8586
7402 8311
7402 7929
7402 7819
7403 8312
7403 8314
7403 8000
7403 7624
7405 8667
7405 8426
7405 8066
7405 8538
7405 7690
7407 8312
7407 8572
7409 7450
7409 8306
7409 7558
7411 8652
7411 8234
7413 8170
7413 8415
7413 8256
7413 7635
7413 8626
7413 8485
7414 8298
7415 8712
7415 8470
7415 8199
7415 8178
7415 7643
7415 7563
7415 7798
7416 7997
7416 8691
7416 8660
7416 8251
7416 7719
7416 7443
7417 8355
7417 8247
7418 7646
7418 8231
7420 8121
7420 7479
7420 8751
7420 8585
7420 8538
7420 8000
7420 7726
7421 7455
7421 8278
7422 8726
7422 8639
7422 8534
7422 8510
7422 8506
7422 8125
7422 8759
7422 8401
7422 8211
7423 8610
7423 8470
7423 8340
7423 8375
7424 8643
7424 8430
7424 8417
7424 8320
7424 8194
7424 8344
7425 8693
7425 8221
7425 8116
7425 8701
7425 8306
7425 8253
7425 8195
7425 8164
7425 7896
7425 7795
7425 7690
7426 8639
7426 8458
7426 7575
7426 8308
7426 8112
7427 8659
7427 8557
7427 8310
7427 7975
7427 7966
7427 8442
7427 8343
7427 7888
7427 7473
7428 8557
7428 7611
7429 8720
7429 8403
7429 8332
7429 7886
7429 7786
7429 7718
7429 7635
7429 8759
7429 8217
7429 7882
7429 7764
7429 7660
7429 7958
7430 8553
7430 8538
7430 8262
7430 8127
7430 7890
7430 7542
7431 8004
7432 8283
7432 8197
7432 8221
7432 8178
7432 8163
7432 8084
7432 7826
7434 8513
7434 8417
7434 8301
7434 7629
7434 7457
7436 7826
7436 7627
7438 8427
7438 7998
7438 8583
7438 8198
7438 8164
7438 8141
7438 8126
7438 7849
7439 8488
7439 8311
7439 8213
7439 8083
7439 8059
7439 7707
7439 7478
7439 8414
7439 8259
7439 7626
7440 8578
7440 7992
7440 8467
7440 7603
7440 8623
7440 8265
7440 8153
7440 8064
7440 7858
7440 7601
7441 7638
7441 7475
7441 8293
7442 8163
7442 7707
7442 7479
7442 8657
7442 8644
7442 8057
7442 8006
7442 7776
7443 8730
7443 8721
7443 8700
7443 8622
7443 8535
7443 8515
7443 8440
7443 8310
7443 8188
7443 8083
7443 7746
7443 7633
7443 8437
7443 8330
7443 7776
7443 7747
7443 7591
7444 7679
7444 8428
7444 8125
7444 7966
7444 7903
7444 7675
7444 7475
7444 8559
7444 8346
7444 8162
7444 8030
7445 8749
7445 8625
7445 8480
7445 8461
7445 7984
7445 7668
7445 7511
7445 8739
7445 8653
7445 8246
7445 8029
7445 7768
7445 7764
7445 7558
7446 8574
7446 8309
7446 8083
7446 8050
7446 7449
7446 8725
7446 8444
7446 8326
7446 8314
7446 8275
7446 8150
7446 8029
7446 7912
7446 7491
7446 8091
7446 7525
7447 8659
7447 7678
7447 8653
7447 8273
7447 8253
7447 7968
7447 7770
7447 7612
7447 7564
7448 8680
7448 8624
7448 8150
7448 7467
7449 8350
7449 8533
7449 7680
7449 7466
7449 8162
7449 7888
7450 8523
7450 8311
7450 7814
7450 7638
7450 8687
7450 8314
7451 8628
7451 8683
7451 8275
7451 7600
7452 8389
7452 8377
7452 7540
7452 8414
7452 8308
7453 8325
7453 8204
7453 7789
7453 7751
7455 8717
7455 7797
7455 8143
7455 8117
7455 7960
7455 7616
7455 8626
7455 8592
7455 8531
7455 8514
7455 8183
7455 8131
7456 7658
7457 8508
7457 8222
7457 7840
7457 7741
7457 8552
7458 7841
7458 8270
7459 8533
7459 8066
7461 7680
7462 8406
7463 8426
7463 7791
7463 7722
7463 7538
7463 7724
7464 8696
7464 7636
7464 7501
7465 8625
7465 8410
7465 8121
7465 8034
7465 7759
7465 7748
7465 8378
7465 8326
7465 8281
7465 8139
7465 7987
7465 7473
7466 7680
7466 7469
7466 8214
7466 8185
7466 7510
7467 8059
7467 8058
7467 7745
7467 7603
7467 8481
7467 8216
7467 8002
7467 8115
7468 8334
7468 8197
7468 8484
7468 8081
7468 7815
7468 7783
7468 7483
7468 8475
7468 7882
7469 8453
7469 8410
7469 8279
7469 8066
7469 7998
7469 7579
7469 8662
7469 8590
7470 8674
7471 8610
7471 8111
7471 7680
7471 8038
7471 8027
7471 8009
7471 7602
7472 7514
7472 7904
7473 8712
7473 8022
7473 8698
7473 8559
7473 8538
7473 8414
7473 8289
7473 8242
7473 7764
7475 7851
7475 7753
7475 8660
7475 8622
7475 8440
7475 8143
7476 8714
7476 7579
7476 8538
7476 8263
7476 8011
7476 7740
7476 8028
7477 8311
7477 7707
7477 8657
7477 7904
7478 8648
7478 8578
7478 8645
7478 8628
7478 8537
7478 8342
7478 8066
7478 7813
7478 8592
7478 8432
7478 8211
7478 7593
7479 8745
7479 8206
7479 7955
7479 7842
7479 7626
7480 8403
7480 8389
7480 8037
7480 7745
7480 8723
7481 8641
7481 8416
7481 8079
7481 7884
7482 8739
7482 8638
7482 7842
7483 8705
7483 8136
7483 8374
7485 8217
7486 8145
7487 8160
7488 8411
7489 8305
7489 7741
7490 7753
7490 7527
7490 8712
7490 8677
7490 8630
7490 8159
7491 8083
7491 7996
7491 8646
7491 8296
7491 8281
7491 8149
7491 7601
7491 8266
7492 7977
7492 8401
7492 8326
7492 8552
7492 7831
7496 7634
7496 8733
7498 8617
7498 7856
7499 8408
7499 7854
7500 7636
7500 8679
7501 8654
7501 8096
7502 8419
7502 8014
7502 8016
7503 8266
7503 7637
7505 7559
7507 8737
7507 8715
7507 8240
7509 7830
7509 8062
7509 7979
7509 8531
7509 8374
7509 8244
7509 7659
7510 7563
7510 8686
7511 8681
7511 8576
7511 8292
7511 8136
7511 7579
7511 8754
7511 8444
7511 8113
7512 7513
7512 8431
7514 7816
7514 7815
7514 7673
7514 7668
7514 7642
7514 8209
7514 7901
7514 7763
7516 8527
7516 7743
7516 7593
7516 7715
7517 8693
7518 8197
7518 8720
7518 8328
7518 8256
7518 8156
7518 7819
7519 7831
7519 7661
7521 8414
7525 8091
7525 7618
7526 7783
7527 8066
7527 7674
7529 8558
7530 7735
7530 8175
7530 7971
7531 8636
7531 8582
7531 8025
7531 7655
7531 8206
7532 8560
7540 8630
7540 8426
7540 8135
7540 8062
7540 7579
7540 8725
7540 8214
7542 8743
7542 8266
7542 7827
7554 8680
7555 7762
7556 8079
7557 8124
7557 7562
7557 8439
7558 8702
7558 8271
7558 8127
7558 8300
7558 8028
7559 8058
7559 8351
7559 8346
7559 7634
7560 8586
7560 8547
7561 7758
7561 7603
7562 8257
7562 8580
7563 8535
7563 8511
7563 8342
7563 8104
7563 7952
7563 7793
7563 8555
7563 8060
7564 8371
7564 8448
7564 7595
7566 8635
7566 7751
7566 7576
7571 7767
7575 8163
7575 7954
7575 7619
7575 7592
7575 8473
7575 7978
7575 7696
7576 8735
7576 8623
7576 8394
7576 8322
7576 8286
7576 8031
7576 7612
7576 7601
7577 8714
7577 8661
7577 8645
7577 8081
7577 8024
7577 7984
7577 7603
7577 8754
7577 8262
7577 7659
7578 8311
7578 8059
7578 8250
7578 7880
7579 7913
7579 8667
7579 8311
7579 7678
7579 8215
7579 8204
7579 8138
7579 7866
7580 8119
7580 7998
7580 8727
7580 8654
7580 8588
7580 8348
7580 8293
7580 8166
7580 8131
7580 7794
7580 7751
7580 7594
7582 8420
7588 7617
7589 7910
7589 8341
7590 8756
7590 8539
7590 8515
7590 7878
7590 7718
7590 7671
7590 8297
7590 8287
7590 7789
7591 8751
7591 8242
7591 8209
7591 8187
7591 7795
7591 7612
7591 8743
7592 8470
7592 8410
7592 7791
7592 7766
7592 7651
7592 8657
7592 8650
7592 8214
7592 7879
7592 7768
7593 8661
7593 8328
7593 8666
7593 8485
7593 8320
7593 7741
7594 8481
7594 8359
7594 7637
7595 8348
7595 8246
7595 8560
7596 8569
7596 8320
7596 8030
7596 7602
7596 7893
7598 8018
7598 8491
7599 8222
7599 8500
7600 8080
7600 8485
7600 8360
7600 7891
7600 8500
7601 8585
7601 8475
7601 7744
7602 8721
7602 8339
7602 8744
7602 8718
7602 8666
7602 8367
7602 8264
7603 7884
7603 8064
7603 7772
7603 7764
7604 8319
7604 8048
7604 7990
7604 8179
7604 8086
7604 8033
7604 7795
7605 8487
7605 7621
7606 8428
7606 7811
7606 7640
7608 8402
7608 8326
7608 8075
7608 8486
7610 8111
7610 7819
7610 8264
7610 7987
7611 8715
7612 8050
7612 7977
7612 8559
7612 8259
7612 8142
7612 8126
7612 8096
7612 7840
7613 8070
7613 8618
7613 8159
7613 7761
7613 7670
7614 8427
7614 8403
7614 8277
7614 7791
7614 7786
7614 8549
7614 8317
7614 8238
7615 8422
7615 7686
7615 8730
7615 8480
7615 7776
7616 8223
7616 8116
7616 7707
7616 8624
7616 7858
7617 7739
7618 7741
7619 8576
7619 8572
7619 8034
7620 8582
7620 8510
7620 8436
7621 8100
7622 8660
7622 8258
7623 8073
7624 8645
7624 7979
7624 8471
7625 8517
7625 8490
7625 8036
7626 8517
7626 8225
7626 8125
7626 8242
7627 7765
7627 8622
7627 8534
7627 8260
7627 8084
7627 7757
7627 8725
7627 8716
7628 8660
7628 8534
7628 8291
7628 8140
7628 8025
7628 8293
7628 8149
7629 8242
7629 8215
7629 8187
7629 7818
7629 8365
7629 8005
7630 8363
7630 7976
7630 7766
7630 8742
7630 8679
7631 8260
7631 8716
7631 8265
7631 8152
7631 8419
7632 8731
7632 8052
7633 8556
7633 8081
7633 7838
7633 7849
7633 7828
7634 7770
7635 8334
7635 8639
7635 8199
7635 8193
7635 8125
7635 7983
7635 8742
7635 8585
7635 8305
7635 8148
7635 8127
7635 8009
7636 8603
7637 8722
7637 8695
7637 8471
7637 8286
7637 8196
7637 8148
7637 7724
7637 7659
7637 8455
7637 7915
7637 7726
7638 8671
7638 8550
7638 8357
7638 8165
7638 7998
7638 8746
7638 8481
7638 8329
7638 8126
7638 7821
7639 8510
7639 8220
7639 8084
7639 8489
7639 8307
7639 8212
7639 8210
7640 8706
7640 8427
7640 7678
7640 8538
7640 8273
7641 7910
7641 8654
7641 8320
7641 8166
7641 8061
7641 8033
7642 8207
7642 8620
7642 8219
7642 8027
7642 7888
7643 7649
7643 8628
7643 8533
7643 8428
7643 8304
7643 8133
7643 8022
7643 7916
7643 8754
7643 8742
7643 8626
7643 7658
7645 7671
7645 8485
7645 8177
7646 7931
7647 8484
7647 7984
7647 8138
7647 8106
7647 8074
7647 7749
7647 8344
7648 8631
7648 8545
7649 8645
7649 8426
7649 8059
7649 8007
7651 8428
7651 8357
7651 8072
7651 8294
7651 7968
7652 8697
7652 7656
7653 7983
7653 7724
7654 8353
7654 8033
7654 7858
7655 7718
7655 8361
7655 8318
7655 8196
7656 7723
7656 8701
7656 8432
7656 8366
7657 8706
7657 8484
7657 8313
7657 8119
7657 7825
7657 7700
7657 8558
7657 8360
7657 8281
7657 8027
7657 7981
7658 8399
7658 8277
7658 8007
7658 8555
7658 8307
7658 8060
7659 8309
7659 8299
7659 8081
7659 8062
7659 8744
7659 8701
7659 8327
7659 8323
7659 8315
7659 8675
7659 8115
7660 8624
7660 8187
7660 8148
7660 7795
7660 8455
7660 8392
7661 8551
7661 8031
7661 8743
7662 8494
7664 8051
7668 8511
7668 8321
7668 8173
7668 7761
7668 7705
7668 8701
7668 8211
7670 8642
7670 8111
7670 7793
7670 7791
7670 8538
7670 8211
7670 8160
7670 8000
7670 7794
7671 8269
7671 8759
7671 8666
7671 8551
7671 8215
7671 7849
7672 7771
7673 8334
7673 8630
7673 8537
7673 8480
7673 8479
7673 8291
7673 8083
7673 8024
7673 8216
7673 7866
7674 8130
7674 8220
7675 8310
7675 8282
7675 8208
7678 8659
7678 8155
7678 8123
7679 8272
7680 7851
7680 8332
7680 8328
7680 8754
7680 8109
7681 8708
7681 8138
7681 7953
7682 8714
7682 8385
7682 7931
7683 8659
7683 8139
7683 7882
7684 7816
7684 7783
7687 7862
7689 7792
7690 8673
7690 8253
7691 8260
7691 8483
7691 8359
7691 8286
7691 8214
7691 8131
7691 8126
7691 8113
7691 8110
7692 8272
7693 8502
7693 8436
7693 8590
7693 8481
7693 8474
7693 8262
7693 8137
7694 7790
7694 8650
7694 7760
7695 8267
7695 8162
7695 8148
7695 8181
7695 8157
7695 7732
7696 8636
7696 8586
7696 8316
7698 8282
7698 7779
7698 8558
7698 8273
7698 8250
7698 7955
7699 8375
7700 8469
7700 8200
7700 8118
7700 8022
7700 7786
7700 8108
7700 7842
7700 7770
7701 8688
7702 8309
7702 8062
7702 8742
7702 8307
7702 8294
7702 8281
7702 8106
7702 8028
7703 8586
7703 8536
7703 8534
7703 8519
7703 8080
7703 8343
7703 8330
7703 8315
7703 8217
7703 8032
7703 7768
7704 8531
7704 8248
7704 8675
7704 8189
7705 8700
7705 8534
7705 8478
7705 8436
7705 8135
7705 7966
7705 8435
7705 8329
7705 8253
7705 8064
7707 7797
7707 8705
7707 8681
7707 8199
7707 8759
7707 8177
7707 7842
7707 7789
7714 8415
7714 8205
7714 8278
7714 8149
7714 7856
7716 8104
7716 7811
7716 8150
7716 8126
7718 7992
7718 8647
7718 8010
7718 8662
7718 8649
7718 8637
7718 8626
7718 8316
7718 8217
7718 8108
7719 7911
7719 7774
7719 8274
7719 8212
7719 7891
7720 8540
7720 8521
7720 8312
7720 8661
7721 8479
7721 8116
7721 8131
7722 8357
7722 7790
7723 8730
7723 8721
7723 8647
7723 8484
7723 8290
7723 8123
7723 7931
7723 7819
7723 8624
7723 8485
7723 8437
7723 8252
7723 8242
7723 7912
7726 8378
7728 8432
7728 8014
7730 8191
7734 8726
7736 8754
7737 8359
7738 8332
7738 8178
7738 7984
7738 7785
7738 7763
7739 7982
7740 8628
7740 8535
7740 8260
7740 7979
7740 8477
7740 8036
7740 7896
7740 8300
7740 7970
7741 8490
7741 7793
7741 8551
7741 8314
7741 8145
7741 7742
7742 8282
7742 7903
7742 8538
7742 8364
7742 8264
7742 8126
7742 8106
7743 8641
7743 8557
7743 8725
7743 7957
7744 8576
7744 8526
7744 8367
7745 7830
7745 7774
7745 8655
7745 8277
7745 8117
7745 7960
7745 7813
7745 8146
7745 8036
7745 7789
7746 8427
7746 8331
7746 8125
7746 7816
7746 8250
7746 8212
7746 8086
7746 8076
7747 8720
7747 8433
7747 8310
7747 8727
7747 8679
7747 8635
7747 8624
7747 8152
7747 8142
7747 8061
7747 7817
7748 8577
7748 8083
7748 7975
7748 8341
7748 8126
7749 8576
7749 8282
7749 8553
7749 8164
7749 8139
7749 8138
7749 8419
7749 8411
7751 8358
7751 8635
7751 8240
7753 7992
7755 8258
7755 7956
7755 7821
7756 8415
7756 8324
7756 8213
7756 8493
7756 8322
7756 8141
7757 8608
7757 8169
7757 7888
7759 8294
7760 7798
7761 8680
7761 8135
7761 7903
7761 8153
7761 8055
7762 8067
7762 8757
7762 8649
7762 8138
7762 8137
7762 8092
7763 8534
7763 8026
7763 8287
7763 8175
7763 8139
7763 7985
7763 8675
7764 8536
7764 8476
7764 8418
7764 7953
7764 8492
7765 8256
7766 8578
7766 8372
7766 8191
7766 7793
7766 8555
7766 8442
7766 8148
7767 8245
7768 8715
7768 8187
7768 8162
7768 8064
7769 8534
7769 8377
7770 8623
7770 8432
7770 8196
7770 8076
7770 8030
7770 8411
7771 8551
7771 7879
7772 8436
7772 8399
7772 8261
7772 8236
7773 8760
7774 8537
7775 8045
7776 8662
7776 7798
7776 8190
7778 7906
7779 8249
7779 8191
7779 8278
7780 8087
7783 8482
7783 8469
7783 8428
7783 8359
7783 8071
7784 8484
7784 8317
7784 7955
7785 8144
7785 8022
7785 8343
7785 7795
7786 8642
7786 8165
7786 8034
7786 8716
7786 8555
7786 8549
7786 8287
7786 8253
7786 8211
7786 8177
7786 8148
7786 7794
7787 8517
7787 8716
7787 8463
7787 8216
7787 8175
7787 8164
7787 8129
7787 8096
7787 7912
7788 8312
7788 7851
7789 8188
7789 8116
7789 8643
7789 8573
7789 8434
7789 7888
7790 8245
7790 7821
7791 8698
7791 8475
7791 8244
7791 8215
7791 8061
7793 8661
7793 8480
7793 8378
7793 8294
7793 8262
7793 8161
7793 7901
7794 8705
7794 8534
7794 8744
7794 8657
7794 8215
7794 7795
7794 7958
7795 8151
7795 8343
7795 8055
7796 8630
7796 8140
7797 7829
7797 8298
7797 8200
7797 7878
7798 8438
7798 8245
7798 8137
7798 8120
7798 8005
7799 7802
7800 7829
7800 8488
7800 8339
7800 8111
7802 8365
7804 7914
7806 8304
7809 8358
7809 8296
7809 8203
7811 8521
7811 8577
7811 8007
7811 8746
7811 8554
7811 8326
7811 8305
7811 8281
7811 8153
7811 8093
7813 8523
7813 8027
7814 8681
7814 8431
7814 8590
7814 8551
7814 7987
7815 8461
7815 8330
7816 8730
7816 8328
7816 8321
7816 8444
7816 8252
7816 8150
7817 8756
7817 8160
7817 8041
7817 7896
7818 8389
7818 8290
7818 8727
7818 8702
7818 8549
7818 7888
7819 7820
7819 8697
7819 8681
7819 8510
7819 8133
7819 8725
7820 8070
7820 8332
7820 8159
7821 8723
7821 8281
7821 8061
7821 8057
7821 7888
7821 7883
7822 8080
7822 8513
7822 8429
7822 8412
7823 8308
7823 8247
7823 8101
7825 7967
7825 8572
7825 8467
7825 8626
7826 8625
7826 8557
7826 8467
7826 8335
7826 8277
7826 8474
7826 8219
7826 7908
7827 8438
7827 8743
7828 8321
7828 8310
7828 8650
7829 8752
7829 8431
7830 8387
7830 7851
7830 7951
7832 8321
7832 8698
7832 8036
7834 8651
7834 8554
7834 8425
7836 8093
7837 8376
7837 7842
7837 7915
7839 8358
7839 8744
7839 8475
7840 8714
7840 8523
7840 8290
7840 8288
7840 8050
7840 8142
7840 8023
7841 8737
7841 8535
7841 8081
7841 8050
7841 8055
7842 8260
7842 8048
7842 8736
7842 8055
7842 8486
7843 8085
7844 8668
7844 8638
7844 8218
7845 8406
7845 7863
7847 8280
7849 8679
7849 8644
7849 8305
7849 8149
7849 8094
7849 8254
7851 8506
7854 8369
7856 8747
7856 8735
7856 8320
7856 8303
7856 8240
7856 7988
7858 8261
7858 8573
7858 8141
7861 8139
7865 8415
7866 8574
7866 8292
7866 8121
7866 7979
7866 8041
7866 7971
7866 8344
7871 8672
7874 8752
7874 8681
7874 8024
7874 7966
7876 8288
7876 8646
7876 8315
7877 8186
7878 8200
7878 8143
7878 8040
7878 8242
7878 8033
7879 8389
7879 8076
7879 8115
7879 7958
7880 8592
7880 8257
7880 8214
7880 8181
7881 8066
7881 8437
7882 8740
7882 8519
7882 8502
7882 8282
7882 8221
7882 8133
7882 8253
7882 8238
7882 8166
7883 8683
7883 8306
7883 8439
7884 8373
7884 8642
7884 8433
7884 8173
7884 8165
7884 8151
7884 8081
7884 8483
7884 8442
7884 8286
7886 8705
7886 8630
7886 8285
7886 8121
7886 8754
7886 8301
7887 8743
7888 8523
7888 8668
7888 8547
7888 8162
7889 7987
7890 8508
7890 8378
7890 7970
7891 8050
7891 8555
7892 8070
7892 8335
7892 8241
7893 8682
7894 7962
7894 8679
7896 8751
7896 8471
7896 8164
7896 8147
7896 8758
7896 8115
7897 8390
7900 8617
7900 8569
7900 8278
7901 8671
7901 8222
7901 8100
7903 8506
7904 8065
7906 8028
7909 8679
7910 8353
7910 8009
7911 8004
7911 8681
7911 8299
7911 8048
7912 8290
7912 8666
7912 8195
7912 8139
7912 8000
7912 7981
7913 8660
7914 8720
7914 8533
7914 8292
7914 8288
7914 8200
7914 8475
7914 8305
7914 8264
7914 8252
7914 8242
7914 8210
7914 8105
7915 8201
7917 8697
7917 8582
7917 8510
7924 8096
7924 7957
7926 8639
7926 8526
7926 8291
7928 8355
7928 8436
7928 8304
7928 8116
7929 8299
7930 8099
7930 8375
7931 8536
7945 8726
7948 8532
7948 8359
7949 8463
7950 8557
7950 8024
7951 8669
7951 8663
7951 8710
7951 8196
7952 8461
7952 8195
7952 8175
7953 8523
7953 8311
7953 8260
7953 8251
7953 7976
7953 8727
7953 8758
7954 8022
7954 8545
7955 8291
7955 8290
7955 8277
7955 8665
7955 8649
7955 8465
7955 8430
7955 8238
7955 8216
7955 8103
7955 8061
7955 8030
7956 8517
7956 8202
7956 8551
7956 8375
7956 8343
7957 8255
7957 8117
7957 8083
7957 8010
7957 8493
7957 8327
7957 8301
7958 8259
7958 8011
7959 8464
7960 8717
7960 8645
7960 8309
7960 8058
7962 7977
7964 8121
7964 8665
7964 8074
7966 8428
7966 8437
7967 8627
7968 8536
7968 8291
7968 8199
7968 8144
7968 7977
7968 8475
7968 8444
7968 8214
7968 8146
7968 8041
7970 8736
7970 8359
7970 8248
7970 8204
7970 8743
7972 8524
7972 8462
7972 8211
7973 8465
7974 8555
7975 8703
7975 8410
7975 8298
7975 8155
7975 8716
7975 8294
7975 8219
7975 8211
7975 8148
7975 8127
7976 8557
7976 8620
7976 8417
7976 8158
7976 7981
7977 8476
7977 8469
7977 8410
7977 8024
7977 8657
7977 8538
7977 8002
7978 8681
7978 8288
7978 8269
7978 8475
7978 8057
7979 8705
7979 8480
7979 8024
7979 8710
7979 8553
7979 8149
7980 8539
7980 8537
7980 8517
7980 8739
7980 8286
7981 8650
7981 8375
7981 8307
7981 8259
7981 8068
7981 8028
7982 8540
7982 8478
7982 8251
7983 8521
7983 8630
7983 8436
7983 8462
7983 8323
7983 8286
7984 8730
7984 8630
7984 8574
7984 8313
7984 8118
7985 8536
7985 8490
7985 8151
7985 8738
7985 8549
7985 8158
7985 8139
7986 8707
7986 8411
7987 8440
7987 8123
7987 8083
7987 8744
7987 8437
7987 8401
7987 8148
7988 8211
7988 8149
7989 8050
7989 8254
7992 8399
7992 8116
7994 8175
7994 8232
7997 8024
7998 8641
7998 8702
8000 8704
8000 8058
8000 8524
8000 8486
8002 8667
8002 8559
8002 8531
8002 8281
8002 8250
8002 8094
8004 8410
8005 8271
8005 8068
8006 8306
8006 8158
8007 8720
8007 8585
8008 8473
8009 8032
8010 8114
8010 8062
8010 8444
8010 8212
8012 8476
8012 8592
8012 8481
8012 8475
8012 8187
8014 8551
8014 8139
8016 8518
8016 8224
8020 8459
8022 8537
8022 8403
8023 8558
8023 8198
8023 8109
8023 8337
8024 8714
8024 8602
8024 8536
8024 8435
8025 8197
8025 8431
8025 8200
8025 8653
8026 8314
8026 8296
8026 8245
8026 8217
8026 8131
8027 8517
8027 8304
8027 8477
8027 8161
8028 8722
8028 8585
8028 8412
8028 8316
8028 8238
8028 8214
8028 8675
8029 8727
8029 8662
8029 8635
8029 8248
8030 8434
8030 8259
8030 8033
8031 8714
8031 8639
8031 8156
8031 8048
8031 8194
8031 8419
8032 8290
8032 8702
8032 8150
8033 8111
8033 8107
8033 8679
8033 8626
8033 8394
8033 8341
8033 8305
8033 8095
8034 8628
8034 8476
8034 8431
8034 8324
8034 8330
8034 8302
8035 8540
8035 8133
8036 8714
8036 8725
8036 8662
8036 8326
8036 8271
8036 8100
8037 8672
8037 8588
8038 8287
8038 8201
8039 8385
8040 8178
8040 8527
8040 8297
8041 8466
8041 8142
8042 8078
8044 8698
8046 8567
8047 8340
8048 8444
8048 8316
8048 8112
8050 8375
8050 8257
8054 8709
8054 8685
8055 8741
8055 8663
8055 8133
8055 8719
8055 8590
8055 8284
8055 8179
8055 8164
8056 8742
8056 8558
8057 8756
8057 8744
8057 8637
8057 8462
8057 8401
8057 8293
8057 8271
8057 8154
8058 8576
8058 8342
8058 8220
8058 8376
8059 8717
8059 8669
8059 8677
8059 8436
8059 8155
8059 8125
8059 8754
8059 8531
8060 8746
8061 8549
8061 8527
8061 8323
8061 8306
8061 8252
8061 8217
8061 8152
8061 8139
8062 8712
8062 8244
8062 8153
8062 8152
8062 8126
8065 8671
8066 8355
8066 8704
8066 8470
8066 8140
8066 8131
8068 8624
8068 8551
8068 8477
8071 8739
8073 8283
8074 8547
8075 8352
8076 8308
8077 8186
8078 8511
8078 8291
8078 8653
8078 8217
8079 8623
8079 8360
8079 8293
8079 8286
8079 8244
8080 8712
8080 8535
8080 8285
8080 8687
8080 8679
8080 8245
8080 8209
8081 8133
8081 8665
8081 8327
8081 8281
8083 8712
8083 8467
8083 8547
8084 8652
8084 8553
8091 8657
8091 8585
8091 8153
8091 8167
8093 8414
8093 8295
8094 8476
8094 8450
8094 8500
8095 8219
8095 8187
8096 8677
8096 8536
8096 8488
8096 8654
8096 8573
8097 8350
8097 8677
8097 8156
8098 8648
8098 8677
8098 8556
8098 8221
8098 8173
8099 8584
8100 8430
8101 8586
8103 8485
8103 8412
8104 8578
8104 8749
8104 8663
8104 8511
8104 8297
8105 8731
8105 8651
8105 8733
8106 8539
8106 8621
8106 8437
8106 8430
8106 8295
8106 8246
8107 8371
8108 8622
8108 8339
8108 8319
8108 8256
8108 8585
8108 8444
8109 8655
8109 8202
8109 8434
8110 8219
8111 8705
8111 8307
8111 8297
8112 8200
8113 8574
8113 8331
8113 8759
8113 8657
8113 8166
8113 8150
8114 8394
8115 8142
8115 8675
8115 8682
8116 8669
8116 8630
8116 8517
8116 8431
8116 8252
8116 8210
8117 8720
8117 8677
8119 8327
8120 8306
8120 8218
8121 8319
8121 8559
8121 8217
8122 8192
8122 8652
8123 8277
8123 8746
8123 8376
8123 8142
8124 8619
8124 8275
8124 8240
8124 8500
8125 8730
8125 8704
8125 8535
8125 8279
8125 8287
8125 8129
8126 8677
8126 8484
8126 8372
8126 8319
8126 8313
8126 8626
8126 8257
8126 8392
8127 8663
8127 8331
8127 8200
8127 8140
8127 8238
8127 8206
8127 8344
8128 8643
8128 8481
8128 8552
8129 8662
8129 8590
8129 8474
8129 8152
8129 8149
8130 8709
8130 8415
8131 8476
8131 8332
8131 8657
8131 8146
8131 8142
8132 8609
8133 8476
8133 8410
8133 8165
8133 8553
8133 8444
8133 8330
8134 8709
8134 8721
8134 8581
8135 8484
8135 8480
8135 8702
8135 8644
8135 8376
8135 8216
8135 8160
8136 8357
8136 8665
8137 8736
8137 8527
8137 8513
8138 8673
8138 8323
8139 8309
8139 8664
8139 8287
8139 8209
8140 8680
8140 8524
8140 8343
8141 8549
8141 8413
8142 8484
8142 8476
8142 8389
8142 8251
8142 8698
8142 8475
8142 8348
8142 8314
8144 8355
8144 8506
8144 8331
8144 8287
8144 8263
8145 8722
8146 8292
8146 8285
8146 8361
8146 8236
8146 8758
8146 8362
8147 8652
8147 8177
8148 8292
8148 8255
8148 8318
8148 8281
8148 8267
8148 8254
8149 8328
8149 8282
8149 8320
8149 8289
8149 8154
8149 8181
8151 8720
8151 8208
8151 8164
8152 8291
8152 8646
8152 8257
8152 8206
8153 8399
8153 8290
8153 8742
8154 8323
8154 8439
8155 8288
8155 8538
8156 8332
8156 8286
8156 8278
8157 8644
8158 8749
8158 8535
8158 8533
8159 8756
8159 8358
8159 8444
8159 8196
8160 8586
8160 8649
8160 8411
8161 8722
8161 8683
8161 8341
8161 8262
8162 8515
8162 8311
8162 8292
8162 8664
8162 8640
8162 8624
8162 8238
8162 8212
8163 8669
8163 8667
8163 8444
8163 8248
8164 8725
8164 8638
8164 8483
8164 8323
8165 8661
8165 8556
8165 8536
8165 8664
8167 8376
8167 8365
8168 8366
8169 8302
8170 8272
8170 8677
8173 8691
8173 8533
8173 8484
8177 8290
8177 8465
8177 8301
8177 8281
8177 8264
8178 8387
8178 8705
8178 8666
8178 8493
8178 8297
8179 8647
8179 8511
8179 8292
8179 8623
8179 8374
8180 8283
8181 8738
8181 8472
8183 8740
8183 8302
8183 8448
8187 8747
8187 8576
8187 8533
8187 8526
8187 8699
8187 8666
8187 8360
8187 8323
8187 8284
8187 8275
8187 8264
8187 8262
8187 8238
8188 8251
8189 8640
8189 8327
8190 8558
8190 8212
8190 8605
8192 8700
8192 8746
8192 8626
8193 8288
8193 8213
8194 8331
8194 8504
8194 8341
8194 8322
8194 8254
8195 8712
8195 8223
8195 8664
8196 8462
8196 8203
8197 8299
8198 8476
8198 8434
8198 8348
8199 8315
8200 8697
8200 8526
8200 8268
8201 8426
8201 8374
8202 8728
8202 8479
8202 8433
8202 8282
8202 8258
8202 8215
8204 8572
8204 8357
8204 8313
8204 8412
8204 8343
8204 8315
8204 8281
8205 8249
8205 8371
8205 8242
8205 8240
8206 8321
8206 8225
8207 8662
8207 8477
8207 8327
8208 8311
8208 8573
8208 8252
8209 8585
8209 8430
8210 8714
8210 8729
8210 8656
8210 8643
8210 8592
8210 8401
8211 8741
8211 8712
8211 8428
8211 8403
8211 8738
8211 8219
8211 8212
8212 8729
8212 8722
8212 8638
8212 8432
8212 8305
8212 8267
8213 8754
8213 8524
8213 8263
8214 8628
8214 8577
8214 8483
8214 8430
8214 8265
8214 8362
8215 8453
8215 8376
8215 8244
8215 8219
8216 8658
8216 8679
8216 8585
8216 8575
8216 8743
8217 8557
8217 8588
8217 8376
8217 8302
8217 8259
8218 8472
8218 8430
8219 8695
8220 8640
8220 8585
8221 8663
8221 8329
8221 8252
8222 8356
8223 8705
8223 8332
8223 8288
8223 8251
8223 8698
8223 8654
8223 8442
8225 8521
8225 8269
8225 8664
8225 8323
8225 8265
8227 8469
8230 8629
8236 8679
8238 8288
8238 8289
8240 8737
8240 8304
8240 8702
8240 8571
8240 8485
8240 8378
8242 8433
8242 8538
8242 8481
8244 8310
8244 8343
8244 8296
8245 8750
8245 8558
8246 8651
8246 8289
8247 8716
8247 8701
8248 8642
8248 8702
8248 8626
8248 8302
8249 8576
8250 8493
8250 8390
8250 8295
8250 8724
8251 8407
8251 8723
8251 8722
8252 8332
8252 8323
8253 8260
8253 8757
8254 8317
8255 8470
8255 8718
8255 8538
8255 8477
8256 8709
8256 8269
8256 8261
8256 8553
8256 8367
8256 8268
8257 8357
8257 8320
8257 8264
8257 8259
8258 8360
8259 8319
8259 8585
8259 8472
8259 8430
8260 8572
8261 8342
8261 8558
8261 8477
8261 8343
8261 8263
8262 8655
8262 8645
8262 8695
8262 8585
8262 8553
8262 8493
8263 8756
8263 8328
8263 8635
8263 8306
8264 8644
8265 8700
8265 8553
8265 8743
8266 8744
8266 8371
8267 8510
8267 8467
8267 8319
8267 8744
8267 8531
8267 8429
8267 8306
8267 8275
8268 8298
8268 8491
8269 8660
8269 8659
8269 8624
8270 8370
8270 8727
8270 8326
8272 8645
8273 8746
8273 8701
8273 8414
8275 8476
8279 8467
8279 8475
8279 8402
8280 8418
8281 8741
8281 8712
8281 8531
8282 8416
8282 8646
8282 8644
8283 8521
8283 8319
8284 8625
8286 8712
8286 8695
8286 8657
8286 8623
8286 8525
8286 8485
8286 8362
8287 8649
8288 8722
8288 8529
8289 8645
8289 8328
8289 8374
8289 8308
8289 8411
8290 8704
8290 8681
8290 8479
8290 8410
8290 8389
8290 8654
8290 8429
8290 8318
8291 8744
8292 8717
8292 8704
8292 8299
8292 8653
8293 8309
8293 8731
8293 8644
8293 8621
8293 8481
8294 8730
8294 8661
8294 8319
8294 8695
8294 8483
8296 8359
8296 8325
8296 8362
8297 8647
8297 8550
8297 8416
8297 8666
8297 8573
8297 8477
8298 8681
8298 8557
8298 8331
8298 8514
8299 8659
8299 8586
8299 8698
8300 8487
8300 8369
8301 8714
8301 8440
8301 8759
8301 8481
8301 8362
8302 8502
8302 8339
8302 8640
8302 8601
8303 8451
8303 8744
8303 8701
8303 8462
8304 8517
8304 8319
8304 8531
8305 8451
8305 8319
8305 8441
8305 8320
8306 8620
8306 8472
8306 8333
8307 8416
8307 8723
8307 8493
8308 8663
8308 8458
8308 8621
8308 8371
8308 8325
8309 8740
8309 8324
8309 8326
8310 8350
8311 8334
8311 8705
8311 8646
8311 8626
8312 8372
8313 8639
8313 8586
8313 8511
8313 8433
8314 8542
8314 8739
8314 8588
8315 8722
8315 8412
8315 8318
8315 8316
8316 8622
8316 8652
8317 8517
8317 8718
8317 8695
8317 8640
8318 8536
8318 8479
8318 8476
8319 8641
8320 8744
8320 8527
8321 8705
8321 8572
8321 8470
8321 8331
8321 8643
8323 8473
8323 8463
8323 8437
8323 8675
8324 8578
8324 8703
8324 8443
8325 8642
8325 8427
8325 8744
8325 8462
8326 8526
8327 8642
8327 8727
8327 8644
8327 8477
8327 8444
8328 8720
8328 8428
8329 8628
8329 8576
8329 8535
8329 8427
8329 8339
8329 8643
8330 8747
8330 8434
8330 8360
8331 8720
8331 8639
8331 8553
8331 8417
8332 8426
8334 8680
8335 8529
8341 8429
8342 8574
8343 8625
8344 8621
8350 8427
8352 8418
8352 8356
8353 8728
8355 8484
8357 8469
8358 8403
8359 8463
8360 8370
8361 8482
8361 8426
8361 8399
8361 8666
8362 8744
8362 8738
8362 8646
8362 8552
8363 8401
8364 8725
8365 8698
8367 8740
8367 8377
8367 8414
8368 8656
8368 8406
8368 8546
8370 8416
8371 8585
8372 8626
8374 8667
8374 8463
8375 8644
8376 8426
8376 8727
8377 8713
8378 8486
8385 8663
8387 8539
8389 8734
8389 8678
8389 8463
8397 8622
8399 8664
8401 8490
8401 8719
8401 8687
8401 8442
8401 8438
8402 8754
8403 8630
8403 8585
8403 8525
8410 8537
8411 8718
8412 8667
8412 8435
8412 8418
8414 8724
8415 8450
8416 8740
8417 8647
8417 8526
8418 8477
8424 8631
8426 8741
8427 8648
8429 8751
8430 8708
8430 8435
8431 8582
8433 8584
8433 8442
8434 8666
8434 8635
8436 8681
8436 8677
8436 8478
8436 8453
8437 8677
8437 8488
8437 8585
8438 8672
8439 8722
8440 8700
8441 8489
8442 8642
8442 8511
8442 8746
8444 8655
8444 8635
8444 8474
8445 8587
8448 8760
8450 8617
8451 8628
8451 8557
8451 8526
8453 8578
8453 8641
8453 8470
8458 8618
8460 8583
8460 8493
8462 8527
8463 8574
8465 8576
8465 8701
8467 8476
8469 8519
8470 8550
8470 8624
8473 8636
8473 8547
8475 8477
8476 8481
8478 8523
8479 8720
8479 8526
8479 8644
8479 8531
8480 8691
8480 8539
8481 8585
8481 8531
8482 8716
8483 8746
8484 8667
8484 8523
8484 8588
8485 8739
8486 8508
8488 8725
8489 8514
8490 8705
8490 8657
8490 8513
8493 8654
8495 8760
8500 8620
8506 8703
8510 8549
8511 8706
8511 8669
8511 8524
8512 8657
8512 8650
8513 8580
8515 8667
8516 8654
8521 8714
8521 8691
8523 8732
8523 8586
8523 8525
8524 8681
8525 8695
8526 8754
8526 8529
8529 8628
8529 8716
8533 8659
8534 8716
8535 8744
8535 8701
8535 8558
8536 8645
8536 8576
8536 8708
8537 8655
8538 8641
8539 8547
8541 8632
8549 8749
8549 8659
8549 8574
8549 8651
8550 8558
8551 8623
8552 8657
8552 8682
8555 8584
8557 8741
8558 8722
8558 8583
8559 8699
8559 8590
8569 8745
8569 8617
8572 8732
8574 8716
8575 8746
8578 8670
8578 8681
8582 8590
8583 8619
8583 8759
8585 8667
8586 8714
8588 8662
8590 8622
8590 8621
8592 8666
8592 8621
8620 8737
8620 8698
8620 8743
8621 8668
8621 8637
8622 8630
8624 8698
8624 8638
8624 8675
8625 8669
8626 8639
8626 8635
8628 8705
8628 8664
8632 8647
8635 8746
8635 8653
8636 8700
8638 8659
8639 8641
8639 8643
8641 8645
8642 8669
8644 8739
8647 8655
8647 8665
8649 8705
8650 8679
8652 8680
8653 8666
8654 8742
8655 8699
8655 8665
8656 8722
8657 8734
8659 8720
8662 8718
8663 8718
8664 8741
8665 8707
8667 8744
8668 8746
8673 8744
8681 8720
8681 8725
8695 8723
8696 8737
8698 8699
8705 8716
8714 8751
8723 8751
8725 8746
8738 8745
8744 8758
