 1  0.00174363679
 2  0.00174363679
 3  0.00174363679
 4  0.00174363679
 5  0.00152568228
 6  0.00174363679
 7  0.00167098537
 8  0.00174363679
 9  0.00181628834
 10  0.00167098537
 11  0.00181628834
 12  0.00181628834
 13  0.00174363679
 14  0.00181628834
 15  0.00181628834
 16  0.00181628834
 17  0.00181628834
 18  0.00188893988
 19  0.00174363679
 20  0.00181628834
 21  0.00188893988
 22  0.00188893988
 23  0.00188893988
 24  0.00188893988
 25  0.00181628834
 26  0.00188893988
 27  0.00181628834
 28  0.00188893988
 29  0.00196159142
 30  0.00196159142
 31  0.00203424296
 32  0.00196159142
 33  0.00196159142
 34  0.00203424296
 35  0.00203424296
 36  0.00203424296
 37  0.00203424296
 38  0.00203424296
 39  0.00210689451
 40  0.00203424296
 41  0.00196159142
 42  0.00196159142
 43  0.00203424296
 44  0.00203424296
 45  0.00203424296
 46  0.00203424296
 47  0.00203424296
 48  0.00203424296
 49  0.00210689451
 50  0.00203424296
 51  0.00188893988
 52  0.00196159142
 53  0.00210689451
 54  0.00210689451
 55  0.00203424296
 56  0.00210689451
 57  0.00210689451
 58  0.00203424296
 59  0.00203424296
 60  0.00203424296
 61  0.00210689451
 62  0.00210689451
 63  0.00210689451
 64  0.00210689451
 65  0.00203424296
 66  0.00210689451
 67  0.00210689451
 68  0.00203424296
 69  0.00210689451
 70  0.00203424296
 71  0.00210689451
 72  0.00203424296
 73  0.00203424296
 74  0.00203424296
 75  0.00210689451
 76  0.00203424296
 77  0.00203424296
 78  0.00210689451
 79  0.00210689451
 80  0.00210689451
 81  0.00203424296
 82  0.00210689451
 83  0.00203424296
 84  0.00210689451
 85  0.00210689451
 86  0.00203424296
 87  0.00210689451
 88  0.00210689451
 89  0.00203424296
 90  0.00210689451
 91  0.00203424296
 92  0.00210689451
 93  0.00203424296
 94  0.00203424296
 95  0.00210689451
 96  0.00210689451
 97  0.00210689451
 98  0.00203424296
 99  0.00217954605
 100  0.00210689451
 101  0.00210689451
 102  0.00217954605
 103  0.00210689451
 104  0.00210689451
 105  0.00203424296
 106  0.00210689451
 107  0.00210689451
 108  0.00203424296
 109  0.00217954605
 110  0.00203424296
 111  0.00203424296
 112  0.00210689451
 113  0.00217954605
 114  0.00203424296
 115  0.00203424296
 116  0.00203424296
 117  0.00210689451
 118  0.00210689451
 119  0.00203424296
 120  0.00203424296
 121  0.00203424296
 122  0.00210689451
 123  0.00210689451
 124  0.00203424296
 125  0.00210689451
 126  0.00210689451
 127  0.00210689451
 128  0.00210689451
 129  0.00203424296
 130  0.00210689451
 131  0.00203424296
 132  0.00203424296
 133  0.00203424296
 134  0.00203424296
 135  0.00210689451
 136  0.00203424296
 137  0.00203424296
 138  0.00203424296
 139  0.00203424296
 140  0.00203424296
 141  0.00203424296
 142  0.00196159142
 143  0.00188893988
 144  0.00196159142
 145  0.00196159142
 146  0.00188893988
 147  0.00188893988
 148  0.00188893988
 149  0.00188893988
 150  0.00196159142
 151  0.00196159142
 152  0.00188893988
 153  0.00188893988
 154  0.00188893988
 155  0.00188893988
 156  0.00188893988
 157  0.00181628834
 158  0.00174363679
 159  0.00188893988
 160  0.00181628834
 161  0.00174363679
 162  0.00181628834
 163  0.00188893988
 164  0.00181628834
 165  0.00174363679
 166  0.00181628834
 167  0.00174363679
 168  0.00181628834
 169  0.00181628834
 170  0.00174363679
 171  0.00181628834
 172  0.00174363679
 173  0.00188893988
 174  0.00181628834
 175  0.00181628834
 176  0.00181628834
 177  0.00181628834
 178  0.00188893988
 179  0.00181628834
 180  0.00188893988
 181  0.00181628834
 182  0.00188893988
 183  0.00196159142
 184  0.00181628834
 185  0.00188893988
 186  0.00188893988
 187  0.00181628834
 188  0.00188893988
 189  0.00188893988
 190  0.00188893988
 191  0.00196159142
 192  0.00188893988
 193  0.00188893988
 194  0.00188893988
 195  0.00203424296
 196  0.00203424296
 197  0.00196159142
 198  0.00203424296
 199  0.00203424296
 200  0.00196159142
 201  0.00203424296
 202  0.00203424296
 203  0.00196159142
 204  0.00203424296
 205  0.00203424296
 206  0.00203424296
 207  0.00210689451
 208  0.00203424296
 209  0.00210689451
 210  0.00203424296
 211  0.00203424296
 212  0.00203424296
 213  0.00203424296
 214  0.00203424296
 215  0.00210689451
 216  0.00210689451
 217  0.00210689451
 218  0.00217954605
 219  0.00203424296
 220  0.00210689451
 221  0.00210689451
 222  0.00210689451
 223  0.00210689451
 224  0.00203424296
 225  0.00210689451
 226  0.00210689451
 227  0.00217954605
 228  0.00203424296
 229  0.00210689451
 230  0.00210689451
 231  0.00210689451
 232  0.00210689451
 233  0.00210689451
 234  0.00210689451
 235  0.00210689451
 236  0.00210689451
 237  0.00203424296
 238  0.00203424296
 239  0.00203424296
 240  0.00210689451
 241  0.00210689451
 242  0.00210689451
 243  0.00210689451
 244  0.00210689451
 245  0.00210689451
 246  0.00210689451
 247  0.00217954605
 248  0.00210689451
 249  0.00210689451
 250  0.00210689451
 251  0.00203424296
 252  0.00203424296
 253  0.00203424296
 254  0.00210689451
 255  0.00217954605
 256  0.00210689451
 257  0.00210689451
 258  0.00203424296
 259  0.00210689451
 260  0.00217954605
 261  0.00210689451
 262  0.00203424296
 263  0.00210689451
 264  0.00210689451
 265  0.00210689451
 266  0.00210689451
 267  0.00210689451
 268  0.00217954605
 269  0.00210689451
 270  0.00210689451
 271  0.00217954605
 272  0.00210689451
 273  0.00210689451
 274  0.00210689451
 275  0.00210689451
 276  0.00217954605
 277  0.00210689451
 278  0.00210689451
 279  0.00203424296
 280  0.00203424296
 281  0.00217954605
 282  0.00203424296
 283  0.00210689451
 284  0.00210689451
 285  0.00210689451
 286  0.00225219759
 287  0.00217954605
 288  0.00210689451
 289  0.00210689451
 290  0.00210689451
 291  0.00210689451
 292  0.00217954605
 293  0.00203424296
 294  0.00217954605
 295  0.00210689451
 296  0.00210689451
 297  0.00203424296
 298  0.00203424296
 299  0.00217954605
 300  0.00210689451
 301  0.00210689451
 302  0.00210689451
 303  0.00203424296
 304  0.00217954605
 305  0.00196159142
 306  0.00203424296
 307  0.00196159142
 308  0.00203424296
 309  0.00210689451
 310  0.00196159142
 311  0.00196159142
 312  0.00203424296
 313  0.00196159142
 314  0.00196159142
 315  0.00188893988
 316  0.00188893988
 317  0.00196159142
 318  0.00196159142
 319  0.00188893988
 320  0.00188893988
 321  0.00181628834
 322  0.00188893988
 323  0.00188893988
 324  0.00181628834
 325  0.00188893988
 326  0.00188893988
 327  0.00196159142
 328  0.00188893988
 329  0.00174363679
 330  0.00188893988
 331  0.00188893988
 332  0.00196159142
 333  0.00188893988
 334  0.00188893988
 335  0.00174363679
 336  0.00181628834
 337  0.00181628834
 338  0.00181628834
 339  0.00181628834
 340  0.00181628834
 341  0.00188893988
 342  0.00174363679
 343  0.00188893988
 344  0.00196159142
 345  0.00188893988
 346  0.00196159142
 347  0.00181628834
 348  0.00196159142
 349  0.00188893988
 350  0.00196159142
 351  0.00188893988
 352  0.00188893988
 353  0.00181628834
 354  0.00188893988
 355  0.00188893988
 356  0.00188893988
 357  0.00203424296
 358  0.00203424296
 359  0.00203424296
 360  0.00196159142
 361  0.00196159142
 362  0.00196159142
 363  0.00196159142
 364  0.00203424296
 365  0.00203424296
 366  0.00203424296
 367  0.00210689451
 368  0.00203424296
 369  0.00210689451
 370  0.00217954605
 371  0.00210689451
 372  0.00210689451
 373  0.00196159142
 374  0.00210689451
 375  0.00210689451
 376  0.00217954605
 377  0.00210689451
 378  0.00203424296
 379  0.00210689451
 380  0.00210689451
 381  0.00210689451
 382  0.00210689451
 383  0.00210689451
 384  0.00203424296
 385  0.00210689451
 386  0.00210689451
 387  0.00210689451
 388  0.00210689451
 389  0.00210689451
 390  0.00203424296
 391  0.00203424296
 392  0.00210689451
 393  0.00210689451
 394  0.00203424296
 395  0.00217954605
 396  0.00210689451
 397  0.00210689451
 398  0.00210689451
 399  0.00210689451
 400  0.00210689451
 401  0.00217954605
 402  0.00210689451
 403  0.00210689451
 404  0.00217954605
 405  0.00210689451
 406  0.00196159142
 407  0.00217954605
 408  0.00210689451
 409  0.00210689451
 410  0.00217954605
 411  0.00203424296
 412  0.00217954605
 413  0.00217954605
 414  0.00217954605
 415  0.00217954605
 416  0.00203424296
 417  0.00217954605
 418  0.00217954605
 419  0.00217954605
 420  0.00217954605
 421  0.00210689451
 422  0.00217954605
 423  0.00217954605
 424  0.00210689451
 425  0.00217954605
 426  0.00210689451
 427  0.00217954605
 428  0.00210689451
 429  0.00225219759
 430  0.00203424296
 431  0.00210689451
 432  0.00210689451
 433  0.00203424296
 434  0.00217954605
 435  0.00217954605
 436  0.00217954605
 437  0.00203424296
 438  0.00210689451
 439  0.00225219759
 440  0.00203424296
 441  0.00217954605
 442  0.00210689451
 443  0.00225219759
 444  0.00225219759
 445  0.00217954605
 446  0.00210689451
 447  0.00217954605
 448  0.00217954605
 449  0.00210689451
 450  0.00210689451
 451  0.00217954605
 452  0.00210689451
 453  0.00217954605
 454  0.00217954605
 455  0.00217954605
 456  0.00217954605
 457  0.00203424296
 458  0.00217954605
 459  0.00203424296
 460  0.00203424296
 461  0.00210689451
 462  0.00210689451
 463  0.00217954605
 464  0.00210689451
 465  0.00210689451
 466  0.00210689451
 467  0.00203424296
 468  0.00203424296
 469  0.00210689451
 470  0.00217954605
 471  0.00203424296
 472  0.00203424296
 473  0.00210689451
 474  0.00210689451
 475  0.00210689451
 476  0.00203424296
 477  0.00203424296
 478  0.00210689451
 479  0.00203424296
 480  0.00210689451
 481  0.00196159142
 482  0.00196159142
 483  0.00210689451
 484  0.00203424296
 485  0.00196159142
 486  0.00196159142
 487  0.00196159142
 488  0.00196159142
 489  0.00203424296
 490  0.00196159142
 491  0.00196159142
 492  0.00196159142
 493  0.00196159142
 494  0.00196159142
 495  0.00203424296
 496  0.00188893988
 497  0.00188893988
 498  0.00188893988
 499  0.00196159142
 500  0.00181628834

 1  0.00239750068
 2  0.00232484913
 3  0.00232484913
 4  0.00232484913
 5  0.00210689451
 6  0.00239750068
 7  0.00232484913
 8  0.00239750068
 9  0.00239750068
 10  0.00232484913
 11  0.00239750068
 12  0.00239750068
 13  0.00239750068
 14  0.00247015222
 15  0.00247015222
 16  0.00239750068
 17  0.00247015222
 18  0.00247015222
 19  0.00239750068
 20  0.00247015222
 21  0.00254280376
 22  0.00247015222
 23  0.00254280376
 24  0.00247015222
 25  0.00247015222
 26  0.00247015222
 27  0.00247015222
 28  0.00254280376
 29  0.00261545531
 30  0.00261545531
 31  0.00276075839
 32  0.00261545531
 33  0.00268810685
 34  0.00268810685
 35  0.00254280376
 36  0.00268810685
 37  0.00261545531
 38  0.00268810685
 39  0.00276075839
 40  0.00268810685
 41  0.00261545531
 42  0.00261545531
 43  0.00268810685
 44  0.00268810685
 45  0.00261545531
 46  0.00268810685
 47  0.00268810685
 48  0.00268810685
 49  0.00268810685
 50  0.00261545531
 51  0.00261545531
 52  0.00268810685
 53  0.00276075839
 54  0.00276075839
 55  0.00268810685
 56  0.00268810685
 57  0.00276075839
 58  0.00276075839
 59  0.00268810685
 60  0.00268810685
 61  0.00276075839
 62  0.00276075839
 63  0.00276075839
 64  0.00276075839
 65  0.00261545531
 66  0.00268810685
 67  0.00268810685
 68  0.00268810685
 69  0.00268810685
 70  0.00268810685
 71  0.00268810685
 72  0.00268810685
 73  0.00268810685
 74  0.00268810685
 75  0.00276075839
 76  0.00261545531
 77  0.00268810685
 78  0.00268810685
 79  0.00276075839
 80  0.00268810685
 81  0.00268810685
 82  0.00276075839
 83  0.00268810685
 84  0.00276075839
 85  0.00276075839
 86  0.00268810685
 87  0.00276075839
 88  0.00276075839
 89  0.00268810685
 90  0.00283340993
 91  0.00268810685
 92  0.00268810685
 93  0.00268810685
 94  0.00276075839
 95  0.00268810685
 96  0.00268810685
 97  0.00268810685
 98  0.00268810685
 99  0.00276075839
 100  0.00283340993
 101  0.00276075839
 102  0.00276075839
 103  0.00276075839
 104  0.00283340993
 105  0.00268810685
 106  0.00276075839
 107  0.00276075839
 108  0.00268810685
 109  0.00283340993
 110  0.00276075839
 111  0.00276075839
 112  0.00268810685
 113  0.00276075839
 114  0.00276075839
 115  0.00268810685
 116  0.00268810685
 117  0.00276075839
 118  0.00276075839
 119  0.00268810685
 120  0.00268810685
 121  0.00268810685
 122  0.00276075839
 123  0.00276075839
 124  0.00268810685
 125  0.00276075839
 126  0.00276075839
 127  0.00276075839
 128  0.00276075839
 129  0.00276075839
 130  0.00268810685
 131  0.00276075839
 132  0.00268810685
 133  0.00268810685
 134  0.00276075839
 135  0.00268810685
 136  0.00268810685
 137  0.00261545531
 138  0.00268810685
 139  0.00268810685
 140  0.00261545531
 141  0.00268810685
 142  0.00254280376
 143  0.00261545531
 144  0.00261545531
 145  0.00254280376
 146  0.00247015222
 147  0.00254280376
 148  0.00261545531
 149  0.00254280376
 150  0.00261545531
 151  0.00254280376
 152  0.00254280376
 153  0.00247015222
 154  0.00254280376
 155  0.00247015222
 156  0.00247015222
 157  0.00247015222
 158  0.00239750068
 159  0.00247015222
 160  0.00239750068
 161  0.00247015222
 162  0.00247015222
 163  0.00239750068
 164  0.00239750068
 165  0.00239750068
 166  0.00239750068
 167  0.00239750068
 168  0.00239750068
 169  0.00239750068
 170  0.00239750068
 171  0.00239750068
 172  0.00239750068
 173  0.00247015222
 174  0.00247015222
 175  0.00239750068
 176  0.00239750068
 177  0.00247015222
 178  0.00247015222
 179  0.00239750068
 180  0.00254280376
 181  0.00247015222
 182  0.00254280376
 183  0.00261545531
 184  0.00247015222
 185  0.00254280376
 186  0.00247015222
 187  0.00247015222
 188  0.00254280376
 189  0.00247015222
 190  0.00254280376
 191  0.00254280376
 192  0.00254280376
 193  0.00254280376
 194  0.00247015222
 195  0.00261545531
 196  0.00261545531
 197  0.00254280376
 198  0.00261545531
 199  0.00276075839
 200  0.00268810685
 201  0.00276075839
 202  0.00268810685
 203  0.00261545531
 204  0.00268810685
 205  0.00261545531
 206  0.00268810685
 207  0.00268810685
 208  0.00276075839
 209  0.00276075839
 210  0.00268810685
 211  0.00268810685
 212  0.00276075839
 213  0.00268810685
 214  0.00268810685
 215  0.00276075839
 216  0.00268810685
 217  0.00276075839
 218  0.00276075839
 219  0.00268810685
 220  0.00276075839
 221  0.00276075839
 222  0.00268810685
 223  0.00268810685
 224  0.00276075839
 225  0.00268810685
 226  0.00283340993
 227  0.00283340993
 228  0.00268810685
 229  0.00268810685
 230  0.00276075839
 231  0.00276075839
 232  0.00276075839
 233  0.00276075839
 234  0.00283340993
 235  0.00276075839
 236  0.00276075839
 237  0.00268810685
 238  0.00276075839
 239  0.00268810685
 240  0.00276075839
 241  0.00276075839
 242  0.00276075839
 243  0.00283340993
 244  0.00276075839
 245  0.00276075839
 246  0.00283340993
 247  0.00283340993
 248  0.00276075839
 249  0.00283340993
 250  0.00276075839
 251  0.00276075839
 252  0.00276075839
 253  0.00268810685
 254  0.00276075839
 255  0.00283340993
 256  0.00283340993
 257  0.00268810685
 258  0.00276075839
 259  0.00276075839
 260  0.00283340993
 261  0.00276075839
 262  0.00276075839
 263  0.00276075839
 264  0.00276075839
 265  0.00276075839
 266  0.00276075839
 267  0.00283340993
 268  0.00283340993
 269  0.00276075839
 270  0.00276075839
 271  0.00283340993
 272  0.00283340993
 273  0.00276075839
 274  0.00283340993
 275  0.00276075839
 276  0.00283340993
 277  0.00276075839
 278  0.00276075839
 279  0.00268810685
 280  0.00276075839
 281  0.00283340993
 282  0.00276075839
 283  0.00283340993
 284  0.00276075839
 285  0.00276075839
 286  0.00290606148
 287  0.00283340993
 288  0.00276075839
 289  0.00283340993
 290  0.00283340993
 291  0.00276075839
 292  0.00283340993
 293  0.00276075839
 294  0.00283340993
 295  0.00276075839
 296  0.00290606148
 297  0.00283340993
 298  0.00268810685
 299  0.00283340993
 300  0.00276075839
 301  0.00276075839
 302  0.00283340993
 303  0.00276075839
 304  0.00283340993
 305  0.00261545531
 306  0.00268810685
 307  0.00268810685
 308  0.00261545531
 309  0.00276075839
 310  0.00268810685
 311  0.00268810685
 312  0.00268810685
 313  0.00261545531
 314  0.00261545531
 315  0.00261545531
 316  0.00254280376
 317  0.00261545531
 318  0.00268810685
 319  0.00261545531
 320  0.00254280376
 321  0.00254280376
 322  0.00254280376
 323  0.00254280376
 324  0.00254280376
 325  0.00254280376
 326  0.00254280376
 327  0.00268810685
 328  0.00247015222
 329  0.00247015222
 330  0.00254280376
 331  0.00254280376
 332  0.00254280376
 333  0.00247015222
 334  0.00254280376
 335  0.00239750068
 336  0.00247015222
 337  0.00247015222
 338  0.00239750068
 339  0.00254280376
 340  0.00247015222
 341  0.00261545531
 342  0.00239750068
 343  0.00254280376
 344  0.00254280376
 345  0.00254280376
 346  0.00261545531
 347  0.00247015222
 348  0.00254280376
 349  0.00247015222
 350  0.00254280376
 351  0.00254280376
 352  0.00261545531
 353  0.00254280376
 354  0.00261545531
 355  0.00261545531
 356  0.00261545531
 357  0.00268810685
 358  0.00261545531
 359  0.00268810685
 360  0.00261545531
 361  0.00261545531
 362  0.00268810685
 363  0.00261545531
 364  0.00261545531
 365  0.00268810685
 366  0.00276075839
 367  0.00283340993
 368  0.00276075839
 369  0.00268810685
 370  0.00276075839
 371  0.00276075839
 372  0.00276075839
 373  0.00268810685
 374  0.00276075839
 375  0.00276075839
 376  0.00283340993
 377  0.00276075839
 378  0.00276075839
 379  0.00283340993
 380  0.00276075839
 381  0.00283340993
 382  0.00276075839
 383  0.00276075839
 384  0.00276075839
 385  0.00276075839
 386  0.00276075839
 387  0.00268810685
 388  0.00276075839
 389  0.00283340993
 390  0.00276075839
 391  0.00276075839
 392  0.00276075839
 393  0.00283340993
 394  0.00283340993
 395  0.00290606148
 396  0.00276075839
 397  0.00276075839
 398  0.00276075839
 399  0.00283340993
 400  0.00276075839
 401  0.00283340993
 402  0.00276075839
 403  0.00276075839
 404  0.00283340993
 405  0.00276075839
 406  0.00268810685
 407  0.00283340993
 408  0.00268810685
 409  0.00276075839
 410  0.00283340993
 411  0.00276075839
 412  0.00283340993
 413  0.00283340993
 414  0.00276075839
 415  0.00283340993
 416  0.00268810685
 417  0.00276075839
 418  0.00283340993
 419  0.00283340993
 420  0.00283340993
 421  0.00276075839
 422  0.00283340993
 423  0.00290606148
 424  0.00290606148
 425  0.00283340993
 426  0.00276075839
 427  0.00276075839
 428  0.00276075839
 429  0.00290606148
 430  0.00283340993
 431  0.00276075839
 432  0.00276075839
 433  0.00268810685
 434  0.00283340993
 435  0.00283340993
 436  0.00290606148
 437  0.00276075839
 438  0.00276075839
 439  0.00283340993
 440  0.00268810685
 441  0.00290606148
 442  0.00283340993
 443  0.00283340993
 444  0.00290606148
 445  0.00283340993
 446  0.00283340993
 447  0.00283340993
 448  0.00283340993
 449  0.00276075839
 450  0.00283340993
 451  0.00290606148
 452  0.00268810685
 453  0.00276075839
 454  0.00283340993
 455  0.00276075839
 456  0.00283340993
 457  0.00283340993
 458  0.00283340993
 459  0.00276075839
 460  0.00276075839
 461  0.00276075839
 462  0.00283340993
 463  0.00283340993
 464  0.00276075839
 465  0.00283340993
 466  0.00276075839
 467  0.00276075839
 468  0.00276075839
 469  0.00283340993
 470  0.00283340993
 471  0.00276075839
 472  0.00276075839
 473  0.00276075839
 474  0.00276075839
 475  0.00276075839
 476  0.00268810685
 477  0.00268810685
 478  0.00276075839
 479  0.00268810685
 480  0.00276075839
 481  0.00261545531
 482  0.00268810685
 483  0.00268810685
 484  0.00268810685
 485  0.00268810685
 486  0.00261545531
 487  0.00261545531
 488  0.00261545531
 489  0.00268810685
 490  0.00261545531
 491  0.00261545531
 492  0.00261545531
 493  0.00261545531
 494  0.00254280376
 495  0.00261545531
 496  0.00254280376
 497  0.00254280376
 498  0.00254280376
 499  0.00261545531
 500  0.00247015222

 1  0.00290606148
 2  0.00290606148
 3  0.00283340993
 4  0.00283340993
 5  0.00254280376
 6  0.00290606148
 7  0.00283340993
 8  0.00290606148
 9  0.00290606148
 10  0.00276075839
 11  0.00297871302
 12  0.00290606148
 13  0.00297871302
 14  0.00297871302
 15  0.00297871302
 16  0.00297871302
 17  0.00305136456
 18  0.00297871302
 19  0.00305136456
 20  0.00297871302
 21  0.0031240161
 22  0.00305136456
 23  0.00305136456
 24  0.00305136456
 25  0.00297871302
 26  0.00297871302
 27  0.00297871302
 28  0.00305136456
 29  0.0031240161
 30  0.00319666765
 31  0.00319666765
 32  0.0031240161
 33  0.00319666765
 34  0.00319666765
 35  0.00305136456
 36  0.00326931919
 37  0.00319666765
 38  0.00326931919
 39  0.00326931919
 40  0.00326931919
 41  0.0031240161
 42  0.00319666765
 43  0.00319666765
 44  0.00319666765
 45  0.00319666765
 46  0.00319666765
 47  0.00326931919
 48  0.00319666765
 49  0.00319666765
 50  0.00319666765
 51  0.0031240161
 52  0.00326931919
 53  0.00326931919
 54  0.00326931919
 55  0.00319666765
 56  0.00326931919
 57  0.00334197073
 58  0.00326931919
 59  0.00319666765
 60  0.00326931919
 61  0.00326931919
 62  0.00326931919
 63  0.00326931919
 64  0.00334197073
 65  0.00319666765
 66  0.00326931919
 67  0.00319666765
 68  0.0031240161
 69  0.00326931919
 70  0.00319666765
 71  0.00319666765
 72  0.00319666765
 73  0.00319666765
 74  0.00319666765
 75  0.00326931919
 76  0.0031240161
 77  0.00319666765
 78  0.00319666765
 79  0.00334197073
 80  0.00326931919
 81  0.00326931919
 82  0.00326931919
 83  0.00319666765
 84  0.00326931919
 85  0.00326931919
 86  0.00326931919
 87  0.00326931919
 88  0.00326931919
 89  0.00326931919
 90  0.00334197073
 91  0.00319666765
 92  0.00326931919
 93  0.00319666765
 94  0.00326931919
 95  0.00326931919
 96  0.0031240161
 97  0.00326931919
 98  0.00319666765
 99  0.00326931919
 100  0.00334197073
 101  0.00319666765
 102  0.00326931919
 103  0.00326931919
 104  0.00334197073
 105  0.00319666765
 106  0.00326931919
 107  0.00326931919
 108  0.00326931919
 109  0.00334197073
 110  0.00326931919
 111  0.00334197073
 112  0.00326931919
 113  0.00326931919
 114  0.00326931919
 115  0.00319666765
 116  0.00319666765
 117  0.00326931919
 118  0.00326931919
 119  0.00319666765
 120  0.00326931919
 121  0.00319666765
 122  0.00326931919
 123  0.00326931919
 124  0.00326931919
 125  0.00334197073
 126  0.00326931919
 127  0.00326931919
 128  0.00334197073
 129  0.00334197073
 130  0.00319666765
 131  0.00319666765
 132  0.00319666765
 133  0.00319666765
 134  0.00326931919
 135  0.00319666765
 136  0.00319666765
 137  0.0031240161
 138  0.00319666765
 139  0.00319666765
 140  0.0031240161
 141  0.0031240161
 142  0.0031240161
 143  0.0031240161
 144  0.0031240161
 145  0.0031240161
 146  0.00305136456
 147  0.00305136456
 148  0.00305136456
 149  0.00305136456
 150  0.0031240161
 151  0.00305136456
 152  0.00319666765
 153  0.00305136456
 154  0.0031240161
 155  0.00305136456
 156  0.00297871302
 157  0.00305136456
 158  0.00297871302
 159  0.00297871302
 160  0.00290606148
 161  0.00297871302
 162  0.00297871302
 163  0.00297871302
 164  0.00297871302
 165  0.00290606148
 166  0.00297871302
 167  0.00290606148
 168  0.00290606148
 169  0.00290606148
 170  0.00290606148
 171  0.00290606148
 172  0.00297871302
 173  0.00305136456
 174  0.00297871302
 175  0.00297871302
 176  0.00297871302
 177  0.00297871302
 178  0.00305136456
 179  0.00305136456
 180  0.00305136456
 181  0.00297871302
 182  0.00305136456
 183  0.0031240161
 184  0.00305136456
 185  0.0031240161
 186  0.00297871302
 187  0.00297871302
 188  0.0031240161
 189  0.00297871302
 190  0.00305136456
 191  0.00305136456
 192  0.0031240161
 193  0.00305136456
 194  0.00305136456
 195  0.00319666765
 196  0.00319666765
 197  0.00319666765
 198  0.00319666765
 199  0.00326931919
 200  0.0031240161
 201  0.00319666765
 202  0.00319666765
 203  0.00319666765
 204  0.00326931919
 205  0.00319666765
 206  0.00319666765
 207  0.00319666765
 208  0.00326931919
 209  0.00326931919
 210  0.00326931919
 211  0.00319666765
 212  0.00326931919
 213  0.00334197073
 214  0.00326931919
 215  0.00326931919
 216  0.00319666765
 217  0.00326931919
 218  0.00334197073
 219  0.00319666765
 220  0.00334197073
 221  0.00334197073
 222  0.0031240161
 223  0.00334197073
 224  0.00334197073
 225  0.00326931919
 226  0.00334197073
 227  0.00326931919
 228  0.00326931919
 229  0.00326931919
 230  0.00326931919
 231  0.00326931919
 232  0.00326931919
 233  0.00334197073
 234  0.00334197073
 235  0.00326931919
 236  0.00334197073
 237  0.00326931919
 238  0.00319666765
 239  0.00319666765
 240  0.00326931919
 241  0.00334197073
 242  0.00326931919
 243  0.00326931919
 244  0.00334197073
 245  0.00334197073
 246  0.00334197073
 247  0.00334197073
 248  0.00326931919
 249  0.00326931919
 250  0.00334197073
 251  0.00326931919
 252  0.00326931919
 253  0.00326931919
 254  0.00326931919
 255  0.00334197073
 256  0.00334197073
 257  0.00319666765
 258  0.00334197073
 259  0.00326931919
 260  0.00334197073
 261  0.00334197073
 262  0.00326931919
 263  0.00326931919
 264  0.00326931919
 265  0.00326931919
 266  0.00326931919
 267  0.00334197073
 268  0.00334197073
 269  0.00334197073
 270  0.00326931919
 271  0.00334197073
 272  0.00334197073
 273  0.00334197073
 274  0.00334197073
 275  0.00334197073
 276  0.00341462204
 277  0.00326931919
 278  0.00326931919
 279  0.00326931919
 280  0.00326931919
 281  0.00334197073
 282  0.00334197073
 283  0.00341462204
 284  0.00326931919
 285  0.00334197073
 286  0.00341462204
 287  0.00334197073
 288  0.00334197073
 289  0.00334197073
 290  0.00334197073
 291  0.00334197073
 292  0.00334197073
 293  0.00326931919
 294  0.00334197073
 295  0.00334197073
 296  0.00341462204
 297  0.00334197073
 298  0.00334197073
 299  0.00334197073
 300  0.00326931919
 301  0.00334197073
 302  0.00334197073
 303  0.00334197073
 304  0.00334197073
 305  0.00319666765
 306  0.00319666765
 307  0.00319666765
 308  0.00319666765
 309  0.00326931919
 310  0.00319666765
 311  0.00319666765
 312  0.00326931919
 313  0.0031240161
 314  0.0031240161
 315  0.00319666765
 316  0.0031240161
 317  0.0031240161
 318  0.00326931919
 319  0.00319666765
 320  0.0031240161
 321  0.0031240161
 322  0.0031240161
 323  0.0031240161
 324  0.0031240161
 325  0.0031240161
 326  0.0031240161
 327  0.00326931919
 328  0.00305136456
 329  0.00305136456
 330  0.0031240161
 331  0.0031240161
 332  0.0031240161
 333  0.00305136456
 334  0.0031240161
 335  0.00290606148
 336  0.00297871302
 337  0.0031240161
 338  0.00297871302
 339  0.00305136456
 340  0.00297871302
 341  0.00305136456
 342  0.00297871302
 343  0.00305136456
 344  0.0031240161
 345  0.0031240161
 346  0.0031240161
 347  0.00305136456
 348  0.0031240161
 349  0.00305136456
 350  0.0031240161
 351  0.0031240161
 352  0.0031240161
 353  0.00319666765
 354  0.0031240161
 355  0.0031240161
 356  0.00319666765
 357  0.00326931919
 358  0.00319666765
 359  0.00319666765
 360  0.00319666765
 361  0.0031240161
 362  0.00319666765
 363  0.00319666765
 364  0.00319666765
 365  0.00326931919
 366  0.00326931919
 367  0.00334197073
 368  0.00326931919
 369  0.00326931919
 370  0.00334197073
 371  0.00334197073
 372  0.00326931919
 373  0.00326931919
 374  0.00326931919
 375  0.00334197073
 376  0.00341462204
 377  0.00326931919
 378  0.00326931919
 379  0.00334197073
 380  0.00326931919
 381  0.00334197073
 382  0.00334197073
 383  0.00326931919
 384  0.00326931919
 385  0.00326931919
 386  0.00334197073
 387  0.00326931919
 388  0.00334197073
 389  0.00326931919
 390  0.00334197073
 391  0.00334197073
 392  0.00334197073
 393  0.00334197073
 394  0.00334197073
 395  0.00341462204
 396  0.00326931919
 397  0.00334197073
 398  0.00326931919
 399  0.00334197073
 400  0.00334197073
 401  0.00334197073
 402  0.00326931919
 403  0.00334197073
 404  0.00334197073
 405  0.00334197073
 406  0.00319666765
 407  0.00334197073
 408  0.00326931919
 409  0.00326931919
 410  0.00334197073
 411  0.00326931919
 412  0.00334197073
 413  0.00334197073
 414  0.00334197073
 415  0.00341462204
 416  0.00326931919
 417  0.00334197073
 418  0.00334197073
 419  0.00334197073
 420  0.00334197073
 421  0.00326931919
 422  0.00341462204
 423  0.00341462204
 424  0.00341462204
 425  0.00334197073
 426  0.00326931919
 427  0.00334197073
 428  0.00326931919
 429  0.00341462204
 430  0.00326931919
 431  0.00334197073
 432  0.00326931919
 433  0.00326931919
 434  0.00334197073
 435  0.00326931919
 436  0.00341462204
 437  0.00334197073
 438  0.00334197073
 439  0.00334197073
 440  0.00326931919
 441  0.00341462204
 442  0.00334197073
 443  0.00341462204
 444  0.00341462204
 445  0.00341462204
 446  0.00326931919
 447  0.00326931919
 448  0.00334197073
 449  0.00334197073
 450  0.00334197073
 451  0.00341462204
 452  0.00326931919
 453  0.00334197073
 454  0.00334197073
 455  0.00334197073
 456  0.00334197073
 457  0.00334197073
 458  0.00341462204
 459  0.00334197073
 460  0.00334197073
 461  0.00334197073
 462  0.00334197073
 463  0.00334197073
 464  0.00334197073
 465  0.00341462204
 466  0.00334197073
 467  0.00334197073
 468  0.00334197073
 469  0.00334197073
 470  0.00334197073
 471  0.00334197073
 472  0.00334197073
 473  0.00326931919
 474  0.00326931919
 475  0.00334197073
 476  0.00319666765
 477  0.00326931919
 478  0.00326931919
 479  0.00319666765
 480  0.00326931919
 481  0.00319666765
 482  0.00319666765
 483  0.00326931919
 484  0.00326931919
 485  0.00326931919
 486  0.00319666765
 487  0.00319666765
 488  0.00326931919
 489  0.00326931919
 490  0.00319666765
 491  0.00319666765
 492  0.0031240161
 493  0.0031240161
 494  0.00305136456
 495  0.0031240161
 496  0.0031240161
 497  0.00305136456
 498  0.00305136456
 499  0.0031240161
 500  0.0031240161

 1  0.00334197073
 2  0.00334197073
 3  0.00334197073
 4  0.00341462204
 5  0.00297871302
 6  0.00334197073
 7  0.00341462204
 8  0.00334197073
 9  0.00341462204
 10  0.00326931919
 11  0.00355992513
 12  0.00341462204
 13  0.00341462204
 14  0.00348727359
 15  0.00341462204
 16  0.00348727359
 17  0.00348727359
 18  0.00348727359
 19  0.00348727359
 20  0.00348727359
 21  0.00355992513
 22  0.00355992513
 23  0.00355992513
 24  0.00348727359
 25  0.00341462204
 26  0.00348727359
 27  0.00348727359
 28  0.00355992513
 29  0.00363257667
 30  0.00370522821
 31  0.00363257667
 32  0.00363257667
 33  0.00370522821
 34  0.00363257667
 35  0.00355992513
 36  0.00370522821
 37  0.00355992513
 38  0.00370522821
 39  0.00377787976
 40  0.00370522821
 41  0.00363257667
 42  0.00363257667
 43  0.00370522821
 44  0.00370522821
 45  0.00363257667
 46  0.00370522821
 47  0.00370522821
 48  0.00363257667
 49  0.00370522821
 50  0.00363257667
 51  0.00363257667
 52  0.00370522821
 53  0.00370522821
 54  0.00370522821
 55  0.00363257667
 56  0.00370522821
 57  0.00377787976
 58  0.00377787976
 59  0.00370522821
 60  0.00377787976
 61  0.00370522821
 62  0.00377787976
 63  0.00370522821
 64  0.00377787976
 65  0.00363257667
 66  0.00370522821
 67  0.00370522821
 68  0.00363257667
 69  0.00370522821
 70  0.00370522821
 71  0.00370522821
 72  0.00363257667
 73  0.00363257667
 74  0.00370522821
 75  0.00370522821
 76  0.00363257667
 77  0.00370522821
 78  0.00370522821
 79  0.00363257667
 80  0.00377787976
 81  0.00370522821
 82  0.00377787976
 83  0.00363257667
 84  0.00377787976
 85  0.00370522821
 86  0.00377787976
 87  0.00377787976
 88  0.00377787976
 89  0.00370522821
 90  0.0038505313
 91  0.00370522821
 92  0.00377787976
 93  0.00370522821
 94  0.00370522821
 95  0.00377787976
 96  0.00363257667
 97  0.00377787976
 98  0.00370522821
 99  0.00377787976
 100  0.00377787976
 101  0.00370522821
 102  0.00370522821
 103  0.00377787976
 104  0.00377787976
 105  0.00370522821
 106  0.00377787976
 107  0.00370522821
 108  0.00370522821
 109  0.00377787976
 110  0.00377787976
 111  0.00377787976
 112  0.00370522821
 113  0.00377787976
 114  0.00370522821
 115  0.00363257667
 116  0.00370522821
 117  0.00370522821
 118  0.00370522821
 119  0.00363257667
 120  0.00377787976
 121  0.00370522821
 122  0.00370522821
 123  0.00370522821
 124  0.00377787976
 125  0.0038505313
 126  0.00377787976
 127  0.0038505313
 128  0.00377787976
 129  0.0038505313
 130  0.00370522821
 131  0.00370522821
 132  0.00370522821
 133  0.00370522821
 134  0.00377787976
 135  0.00370522821
 136  0.00370522821
 137  0.00363257667
 138  0.00363257667
 139  0.00370522821
 140  0.00363257667
 141  0.00363257667
 142  0.00363257667
 143  0.00363257667
 144  0.00363257667
 145  0.00363257667
 146  0.00355992513
 147  0.00355992513
 148  0.00355992513
 149  0.00355992513
 150  0.00355992513
 151  0.00355992513
 152  0.00370522821
 153  0.00355992513
 154  0.00355992513
 155  0.00355992513
 156  0.00355992513
 157  0.00355992513
 158  0.00355992513
 159  0.00348727359
 160  0.00341462204
 161  0.00348727359
 162  0.00348727359
 163  0.00348727359
 164  0.00348727359
 165  0.00334197073
 166  0.00341462204
 167  0.00334197073
 168  0.00334197073
 169  0.00341462204
 170  0.00341462204
 171  0.00334197073
 172  0.00348727359
 173  0.00348727359
 174  0.00348727359
 175  0.00348727359
 176  0.00355992513
 177  0.00348727359
 178  0.00355992513
 179  0.00341462204
 180  0.00355992513
 181  0.00355992513
 182  0.00355992513
 183  0.00363257667
 184  0.00363257667
 185  0.00363257667
 186  0.00355992513
 187  0.00348727359
 188  0.00363257667
 189  0.00348727359
 190  0.00363257667
 191  0.00355992513
 192  0.00363257667
 193  0.00363257667
 194  0.00355992513
 195  0.00363257667
 196  0.00363257667
 197  0.00370522821
 198  0.00363257667
 199  0.00370522821
 200  0.00363257667
 201  0.00370522821
 202  0.00370522821
 203  0.00370522821
 204  0.00370522821
 205  0.00370522821
 206  0.00370522821
 207  0.00370522821
 208  0.00377787976
 209  0.0038505313
 210  0.00370522821
 211  0.00370522821
 212  0.00377787976
 213  0.00377787976
 214  0.00370522821
 215  0.00370522821
 216  0.00370522821
 217  0.00370522821
 218  0.00377787976
 219  0.00370522821
 220  0.00377787976
 221  0.0038505313
 222  0.00363257667
 223  0.00377787976
 224  0.00377787976
 225  0.00377787976
 226  0.0038505313
 227  0.00370522821
 228  0.00370522821
 229  0.00370522821
 230  0.00377787976
 231  0.00377787976
 232  0.00370522821
 233  0.00377787976
 234  0.00377787976
 235  0.00370522821
 236  0.00377787976
 237  0.00370522821
 238  0.00370522821
 239  0.00370522821
 240  0.00377787976
 241  0.0038505313
 242  0.00377787976
 243  0.00377787976
 244  0.00377787976
 245  0.00377787976
 246  0.00377787976
 247  0.0038505313
 248  0.00377787976
 249  0.00377787976
 250  0.00377787976
 251  0.00370522821
 252  0.00370522821
 253  0.00377787976
 254  0.00377787976
 255  0.0038505313
 256  0.0038505313
 257  0.00377787976
 258  0.0038505313
 259  0.00377787976
 260  0.0038505313
 261  0.00377787976
 262  0.00377787976
 263  0.00377787976
 264  0.00377787976
 265  0.00377787976
 266  0.00377787976
 267  0.00377787976
 268  0.0038505313
 269  0.00370522821
 270  0.00377787976
 271  0.0038505313
 272  0.00377787976
 273  0.00377787976
 274  0.00377787976
 275  0.00377787976
 276  0.0038505313
 277  0.00377787976
 278  0.00377787976
 279  0.00377787976
 280  0.00377787976
 281  0.0038505313
 282  0.00377787976
 283  0.00392318284
 284  0.0038505313
 285  0.00377787976
 286  0.0038505313
 287  0.0038505313
 288  0.00377787976
 289  0.00377787976
 290  0.00377787976
 291  0.0038505313
 292  0.0038505313
 293  0.00377787976
 294  0.00377787976
 295  0.0038505313
 296  0.00392318284
 297  0.0038505313
 298  0.00377787976
 299  0.00377787976
 300  0.00377787976
 301  0.0038505313
 302  0.0038505313
 303  0.0038505313
 304  0.0038505313
 305  0.00370522821
 306  0.00370522821
 307  0.00370522821
 308  0.00370522821
 309  0.00377787976
 310  0.00363257667
 311  0.00370522821
 312  0.00377787976
 313  0.00363257667
 314  0.00363257667
 315  0.00370522821
 316  0.00363257667
 317  0.00370522821
 318  0.00370522821
 319  0.00370522821
 320  0.00363257667
 321  0.00363257667
 322  0.00363257667
 323  0.00363257667
 324  0.00363257667
 325  0.00363257667
 326  0.00363257667
 327  0.00377787976
 328  0.00363257667
 329  0.00348727359
 330  0.00363257667
 331  0.00355992513
 332  0.00355992513
 333  0.00348727359
 334  0.00363257667
 335  0.00341462204
 336  0.00341462204
 337  0.00355992513
 338  0.00348727359
 339  0.00355992513
 340  0.00355992513
 341  0.00363257667
 342  0.00348727359
 343  0.00355992513
 344  0.00363257667
 345  0.00363257667
 346  0.00363257667
 347  0.00363257667
 348  0.00355992513
 349  0.00355992513
 350  0.00363257667
 351  0.00355992513
 352  0.00363257667
 353  0.00370522821
 354  0.00363257667
 355  0.00363257667
 356  0.00370522821
 357  0.00370522821
 358  0.00363257667
 359  0.00363257667
 360  0.00363257667
 361  0.00363257667
 362  0.00370522821
 363  0.00370522821
 364  0.00363257667
 365  0.00370522821
 366  0.00370522821
 367  0.0038505313
 368  0.00377787976
 369  0.00377787976
 370  0.0038505313
 371  0.0038505313
 372  0.00377787976
 373  0.00377787976
 374  0.00377787976
 375  0.00377787976
 376  0.00392318284
 377  0.0038505313
 378  0.00377787976
 379  0.00377787976
 380  0.00377787976
 381  0.0038505313
 382  0.0038505313
 383  0.00377787976
 384  0.00377787976
 385  0.00377787976
 386  0.00377787976
 387  0.00370522821
 388  0.0038505313
 389  0.00377787976
 390  0.0038505313
 391  0.00377787976
 392  0.00392318284
 393  0.0038505313
 394  0.0038505313
 395  0.00392318284
 396  0.00377787976
 397  0.0038505313
 398  0.00377787976
 399  0.0038505313
 400  0.0038505313
 401  0.00377787976
 402  0.0038505313
 403  0.00377787976
 404  0.0038505313
 405  0.00377787976
 406  0.00370522821
 407  0.0038505313
 408  0.00377787976
 409  0.00377787976
 410  0.00377787976
 411  0.00377787976
 412  0.0038505313
 413  0.0038505313
 414  0.0038505313
 415  0.0038505313
 416  0.00377787976
 417  0.0038505313
 418  0.00377787976
 419  0.00377787976
 420  0.0038505313
 421  0.00377787976
 422  0.0038505313
 423  0.0038505313
 424  0.0038505313
 425  0.00377787976
 426  0.00377787976
 427  0.0038505313
 428  0.00370522821
 429  0.00392318284
 430  0.00370522821
 431  0.0038505313
 432  0.00377787976
 433  0.00377787976
 434  0.0038505313
 435  0.00377787976
 436  0.00392318284
 437  0.0038505313
 438  0.00377787976
 439  0.0038505313
 440  0.0038505313
 441  0.0038505313
 442  0.0038505313
 443  0.00392318284
 444  0.0038505313
 445  0.0038505313
 446  0.00377787976
 447  0.00377787976
 448  0.0038505313
 449  0.00377787976
 450  0.00377787976
 451  0.00392318284
 452  0.00377787976
 453  0.0038505313
 454  0.0038505313
 455  0.0038505313
 456  0.0038505313
 457  0.0038505313
 458  0.0038505313
 459  0.0038505313
 460  0.00377787976
 461  0.0038505313
 462  0.00377787976
 463  0.00377787976
 464  0.0038505313
 465  0.0038505313
 466  0.0038505313
 467  0.0038505313
 468  0.0038505313
 469  0.00392318284
 470  0.00377787976
 471  0.00377787976
 472  0.00377787976
 473  0.00377787976
 474  0.00377787976
 475  0.00377787976
 476  0.00370522821
 477  0.00377787976
 478  0.00377787976
 479  0.00370522821
 480  0.00377787976
 481  0.00370522821
 482  0.00370522821
 483  0.00377787976
 484  0.00377787976
 485  0.00377787976
 486  0.00363257667
 487  0.00363257667
 488  0.00377787976
 489  0.00370522821
 490  0.00370522821
 491  0.00363257667
 492  0.00363257667
 493  0.00363257667
 494  0.00355992513
 495  0.00363257667
 496  0.00355992513
 497  0.00355992513
 498  0.00355992513
 499  0.00355992513
 500  0.00363257667

 1  0.00377787976
 2  0.0038505313
 3  0.0038505313
 4  0.0038505313
 5  0.00341462204
 6  0.0038505313
 7  0.0038505313
 8  0.0038505313
 9  0.00392318284
 10  0.00370522821
 11  0.00392318284
 12  0.0038505313
 13  0.00392318284
 14  0.00399583438
 15  0.00392318284
 16  0.00392318284
 17  0.00399583438
 18  0.00392318284
 19  0.00399583438
 20  0.00392318284
 21  0.00406848593
 22  0.00399583438
 23  0.00399583438
 24  0.00392318284
 25  0.0038505313
 26  0.00399583438
 27  0.00399583438
 28  0.00406848593
 29  0.00406848593
 30  0.00414113747
 31  0.00414113747
 32  0.00406848593
 33  0.00414113747
 34  0.00414113747
 35  0.00399583438
 36  0.00414113747
 37  0.00406848593
 38  0.00421378901
 39  0.00428644056
 40  0.00414113747
 41  0.00406848593
 42  0.00406848593
 43  0.00421378901
 44  0.00414113747
 45  0.00406848593
 46  0.00406848593
 47  0.00421378901
 48  0.00414113747
 49  0.00414113747
 50  0.00414113747
 51  0.00414113747
 52  0.00414113747
 53  0.00421378901
 54  0.00421378901
 55  0.00414113747
 56  0.00414113747
 57  0.00421378901
 58  0.00421378901
 59  0.00421378901
 60  0.00421378901
 61  0.00414113747
 62  0.00428644056
 63  0.00421378901
 64  0.00421378901
 65  0.00414113747
 66  0.00414113747
 67  0.00414113747
 68  0.00406848593
 69  0.00421378901
 70  0.00414113747
 71  0.00406848593
 72  0.00414113747
 73  0.00399583438
 74  0.00406848593
 75  0.00414113747
 76  0.00414113747
 77  0.00414113747
 78  0.00406848593
 79  0.00414113747
 80  0.00421378901
 81  0.00414113747
 82  0.00414113747
 83  0.00406848593
 84  0.00421378901
 85  0.00421378901
 86  0.00421378901
 87  0.00421378901
 88  0.00421378901
 89  0.00414113747
 90  0.00428644056
 91  0.00414113747
 92  0.00414113747
 93  0.00406848593
 94  0.00421378901
 95  0.00414113747
 96  0.00406848593
 97  0.00421378901
 98  0.00406848593
 99  0.00421378901
 100  0.00428644056
 101  0.00414113747
 102  0.00421378901
 103  0.00414113747
 104  0.00428644056
 105  0.00414113747
 106  0.00421378901
 107  0.00421378901
 108  0.00414113747
 109  0.00421378901
 110  0.00428644056
 111  0.00428644056
 112  0.00414113747
 113  0.00421378901
 114  0.00414113747
 115  0.00421378901
 116  0.00414113747
 117  0.00421378901
 118  0.00414113747
 119  0.00414113747
 120  0.00414113747
 121  0.00414113747
 122  0.00421378901
 123  0.00414113747
 124  0.00421378901
 125  0.00428644056
 126  0.00421378901
 127  0.00428644056
 128  0.00414113747
 129  0.00428644056
 130  0.00414113747
 131  0.00421378901
 132  0.00414113747
 133  0.00406848593
 134  0.00428644056
 135  0.00421378901
 136  0.00414113747
 137  0.00414113747
 138  0.00414113747
 139  0.00406848593
 140  0.00406848593
 141  0.00414113747
 142  0.00406848593
 143  0.00406848593
 144  0.00406848593
 145  0.00406848593
 146  0.00399583438
 147  0.00406848593
 148  0.00399583438
 149  0.00399583438
 150  0.00406848593
 151  0.00406848593
 152  0.00406848593
 153  0.00406848593
 154  0.00406848593
 155  0.00406848593
 156  0.00399583438
 157  0.00406848593
 158  0.00406848593
 159  0.00392318284
 160  0.00392318284
 161  0.00392318284
 162  0.00392318284
 163  0.00392318284
 164  0.00392318284
 165  0.0038505313
 166  0.0038505313
 167  0.0038505313
 168  0.0038505313
 169  0.0038505313
 170  0.0038505313
 171  0.0038505313
 172  0.00392318284
 173  0.00406848593
 174  0.00392318284
 175  0.00399583438
 176  0.00399583438
 177  0.00392318284
 178  0.00399583438
 179  0.00392318284
 180  0.00406848593
 181  0.00406848593
 182  0.00406848593
 183  0.00414113747
 184  0.00406848593
 185  0.00406848593
 186  0.00399583438
 187  0.00399583438
 188  0.00406848593
 189  0.00406848593
 190  0.00406848593
 191  0.00399583438
 192  0.00406848593
 193  0.00406848593
 194  0.00406848593
 195  0.00406848593
 196  0.00406848593
 197  0.00414113747
 198  0.00414113747
 199  0.00414113747
 200  0.00414113747
 201  0.00414113747
 202  0.00414113747
 203  0.00414113747
 204  0.00414113747
 205  0.00414113747
 206  0.00414113747
 207  0.00421378901
 208  0.00421378901
 209  0.00428644056
 210  0.00414113747
 211  0.00414113747
 212  0.00421378901
 213  0.00421378901
 214  0.00421378901
 215  0.00421378901
 216  0.00421378901
 217  0.00421378901
 218  0.00421378901
 219  0.00421378901
 220  0.00421378901
 221  0.00428644056
 222  0.00406848593
 223  0.00421378901
 224  0.00421378901
 225  0.00421378901
 226  0.0043590921
 227  0.00421378901
 228  0.00414113747
 229  0.00414113747
 230  0.00421378901
 231  0.00421378901
 232  0.00421378901
 233  0.00428644056
 234  0.00421378901
 235  0.00421378901
 236  0.00421378901
 237  0.00421378901
 238  0.00414113747
 239  0.00421378901
 240  0.00428644056
 241  0.00421378901
 242  0.00421378901
 243  0.00428644056
 244  0.00421378901
 245  0.00428644056
 246  0.00421378901
 247  0.00428644056
 248  0.00421378901
 249  0.00421378901
 250  0.00428644056
 251  0.00421378901
 252  0.00414113747
 253  0.00421378901
 254  0.00421378901
 255  0.00421378901
 256  0.0043590921
 257  0.00421378901
 258  0.00421378901
 259  0.00421378901
 260  0.00428644056
 261  0.00421378901
 262  0.00421378901
 263  0.00421378901
 264  0.00421378901
 265  0.00421378901
 266  0.00421378901
 267  0.00428644056
 268  0.00428644056
 269  0.00414113747
 270  0.00428644056
 271  0.0043590921
 272  0.00421378901
 273  0.00428644056
 274  0.00421378901
 275  0.00428644056
 276  0.0043590921
 277  0.00428644056
 278  0.00421378901
 279  0.00421378901
 280  0.00421378901
 281  0.00428644056
 282  0.00428644056
 283  0.0043590921
 284  0.00428644056
 285  0.00428644056
 286  0.00428644056
 287  0.00428644056
 288  0.00428644056
 289  0.00428644056
 290  0.00428644056
 291  0.00428644056
 292  0.00428644056
 293  0.00428644056
 294  0.00428644056
 295  0.00428644056
 296  0.0043590921
 297  0.0043590921
 298  0.00428644056
 299  0.00428644056
 300  0.00421378901
 301  0.00428644056
 302  0.00421378901
 303  0.00428644056
 304  0.00428644056
 305  0.00428644056
 306  0.00414113747
 307  0.00414113747
 308  0.00421378901
 309  0.00421378901
 310  0.00414113747
 311  0.00414113747
 312  0.00428644056
 313  0.00414113747
 314  0.00414113747
 315  0.00421378901
 316  0.00414113747
 317  0.00414113747
 318  0.00421378901
 319  0.00421378901
 320  0.00414113747
 321  0.00414113747
 322  0.00406848593
 323  0.00406848593
 324  0.00421378901
 325  0.00414113747
 326  0.00414113747
 327  0.00428644056
 328  0.00406848593
 329  0.00406848593
 330  0.00406848593
 331  0.00406848593
 332  0.00406848593
 333  0.00399583438
 334  0.00406848593
 335  0.0038505313
 336  0.00392318284
 337  0.00406848593
 338  0.00392318284
 339  0.00406848593
 340  0.00406848593
 341  0.00406848593
 342  0.00406848593
 343  0.00406848593
 344  0.00406848593
 345  0.00406848593
 346  0.00406848593
 347  0.00406848593
 348  0.00406848593
 349  0.00406848593
 350  0.00414113747
 351  0.00399583438
 352  0.00421378901
 353  0.00421378901
 354  0.00406848593
 355  0.00406848593
 356  0.00414113747
 357  0.00421378901
 358  0.00414113747
 359  0.00421378901
 360  0.00406848593
 361  0.00414113747
 362  0.00414113747
 363  0.00414113747
 364  0.00414113747
 365  0.00421378901
 366  0.00421378901
 367  0.0043590921
 368  0.00428644056
 369  0.00428644056
 370  0.0043590921
 371  0.00428644056
 372  0.00421378901
 373  0.00421378901
 374  0.00421378901
 375  0.00421378901
 376  0.00443174364
 377  0.00428644056
 378  0.00428644056
 379  0.00428644056
 380  0.00428644056
 381  0.00421378901
 382  0.00428644056
 383  0.00421378901
 384  0.00421378901
 385  0.00428644056
 386  0.00428644056
 387  0.00428644056
 388  0.00428644056
 389  0.00421378901
 390  0.00428644056
 391  0.00421378901
 392  0.0043590921
 393  0.00428644056
 394  0.0043590921
 395  0.0043590921
 396  0.00428644056
 397  0.0043590921
 398  0.00421378901
 399  0.00421378901
 400  0.00428644056
 401  0.00428644056
 402  0.00428644056
 403  0.00421378901
 404  0.00428644056
 405  0.00428644056
 406  0.00414113747
 407  0.0043590921
 408  0.00421378901
 409  0.00428644056
 410  0.00421378901
 411  0.00421378901
 412  0.00428644056
 413  0.00428644056
 414  0.00428644056
 415  0.0043590921
 416  0.00421378901
 417  0.0043590921
 418  0.00421378901
 419  0.00421378901
 420  0.00428644056
 421  0.00428644056
 422  0.0043590921
 423  0.0043590921
 424  0.00428644056
 425  0.00428644056
 426  0.00421378901
 427  0.0043590921
 428  0.00428644056
 429  0.0043590921
 430  0.00421378901
 431  0.0043590921
 432  0.00414113747
 433  0.00421378901
 434  0.0043590921
 435  0.00421378901
 436  0.0043590921
 437  0.00428644056
 438  0.00428644056
 439  0.00428644056
 440  0.00428644056
 441  0.0043590921
 442  0.0043590921
 443  0.0043590921
 444  0.0043590921
 445  0.0043590921
 446  0.00428644056
 447  0.00421378901
 448  0.0043590921
 449  0.00421378901
 450  0.00428644056
 451  0.0043590921
 452  0.00421378901
 453  0.00428644056
 454  0.0043590921
 455  0.0043590921
 456  0.00428644056
 457  0.00428644056
 458  0.0043590921
 459  0.00428644056
 460  0.00428644056
 461  0.00421378901
 462  0.00421378901
 463  0.00428644056
 464  0.00428644056
 465  0.00428644056
 466  0.0043590921
 467  0.00428644056
 468  0.0043590921
 469  0.0043590921
 470  0.00428644056
 471  0.00421378901
 472  0.00421378901
 473  0.00421378901
 474  0.00421378901
 475  0.00421378901
 476  0.00414113747
 477  0.00421378901
 478  0.00428644056
 479  0.00414113747
 480  0.00421378901
 481  0.00414113747
 482  0.00421378901
 483  0.00414113747
 484  0.00428644056
 485  0.00421378901
 486  0.00414113747
 487  0.00414113747
 488  0.00421378901
 489  0.00414113747
 490  0.00421378901
 491  0.00414113747
 492  0.00414113747
 493  0.00406848593
 494  0.00399583438
 495  0.00421378901
 496  0.00414113747
 497  0.00406848593
 498  0.00406848593
 499  0.00406848593
 500  0.00406848593

 1  0.00428644056
 2  0.00428644056
 3  0.00428644056
 4  0.00428644056
 5  0.00392318284
 6  0.00428644056
 7  0.0043590921
 8  0.0043590921
 9  0.00443174364
 10  0.00414113747
 11  0.00443174364
 12  0.0043590921
 13  0.00443174364
 14  0.00443174364
 15  0.0043590921
 16  0.00443174364
 17  0.00450439518
 18  0.0043590921
 19  0.00450439518
 20  0.00443174364
 21  0.00450439518
 22  0.00443174364
 23  0.00443174364
 24  0.0043590921
 25  0.00428644056
 26  0.00443174364
 27  0.00450439518
 28  0.00443174364
 29  0.00450439518
 30  0.00457704673
 31  0.00464969827
 32  0.00450439518
 33  0.00457704673
 34  0.00457704673
 35  0.00450439518
 36  0.00464969827
 37  0.00457704673
 38  0.00464969827
 39  0.00472234981
 40  0.00457704673
 41  0.00457704673
 42  0.00457704673
 43  0.00464969827
 44  0.00464969827
 45  0.00450439518
 46  0.00457704673
 47  0.00464969827
 48  0.00457704673
 49  0.00457704673
 50  0.00457704673
 51  0.00464969827
 52  0.00457704673
 53  0.00457704673
 54  0.00457704673
 55  0.00457704673
 56  0.00464969827
 57  0.00472234981
 58  0.00472234981
 59  0.00464969827
 60  0.00464969827
 61  0.00457704673
 62  0.00464969827
 63  0.00464969827
 64  0.00472234981
 65  0.00457704673
 66  0.00457704673
 67  0.00450439518
 68  0.00457704673
 69  0.00464969827
 70  0.00464969827
 71  0.00457704673
 72  0.00457704673
 73  0.00450439518
 74  0.00457704673
 75  0.00457704673
 76  0.00457704673
 77  0.00457704673
 78  0.00450439518
 79  0.00457704673
 80  0.00464969827
 81  0.00457704673
 82  0.00464969827
 83  0.00457704673
 84  0.00464969827
 85  0.00464969827
 86  0.00464969827
 87  0.00464969827
 88  0.00472234981
 89  0.00457704673
 90  0.00472234981
 91  0.00457704673
 92  0.00464969827
 93  0.00450439518
 94  0.00464969827
 95  0.00457704673
 96  0.00450439518
 97  0.00464969827
 98  0.00457704673
 99  0.00464969827
 100  0.00472234981
 101  0.00457704673
 102  0.00464969827
 103  0.00464969827
 104  0.00472234981
 105  0.00457704673
 106  0.00464969827
 107  0.00464969827
 108  0.00457704673
 109  0.00464969827
 110  0.00472234981
 111  0.00464969827
 112  0.00457704673
 113  0.00464969827
 114  0.00464969827
 115  0.00472234981
 116  0.00464969827
 117  0.00464969827
 118  0.00464969827
 119  0.00457704673
 120  0.00464969827
 121  0.00457704673
 122  0.00472234981
 123  0.00464969827
 124  0.00464969827
 125  0.00472234981
 126  0.00464969827
 127  0.00479500135
 128  0.00457704673
 129  0.00472234981
 130  0.00464969827
 131  0.00464969827
 132  0.00464969827
 133  0.00457704673
 134  0.00472234981
 135  0.00464969827
 136  0.00464969827
 137  0.00464969827
 138  0.00457704673
 139  0.00457704673
 140  0.00450439518
 141  0.00457704673
 142  0.00450439518
 143  0.00450439518
 144  0.00457704673
 145  0.00450439518
 146  0.00450439518
 147  0.00457704673
 148  0.00450439518
 149  0.00450439518
 150  0.00457704673
 151  0.00457704673
 152  0.00457704673
 153  0.00457704673
 154  0.00443174364
 155  0.00450439518
 156  0.00450439518
 157  0.00457704673
 158  0.00450439518
 159  0.00443174364
 160  0.0043590921
 161  0.0043590921
 162  0.0043590921
 163  0.00443174364
 164  0.00443174364
 165  0.00443174364
 166  0.0043590921
 167  0.00428644056
 168  0.00428644056
 169  0.00428644056
 170  0.0043590921
 171  0.00443174364
 172  0.0043590921
 173  0.00450439518
 174  0.00450439518
 175  0.00443174364
 176  0.00450439518
 177  0.00443174364
 178  0.00443174364
 179  0.00443174364
 180  0.00450439518
 181  0.00450439518
 182  0.00450439518
 183  0.00450439518
 184  0.00457704673
 185  0.00457704673
 186  0.00450439518
 187  0.00450439518
 188  0.00450439518
 189  0.00450439518
 190  0.00450439518
 191  0.00450439518
 192  0.00450439518
 193  0.00457704673
 194  0.00457704673
 195  0.00457704673
 196  0.00450439518
 197  0.00464969827
 198  0.00457704673
 199  0.00464969827
 200  0.00464969827
 201  0.00464969827
 202  0.00457704673
 203  0.00464969827
 204  0.00457704673
 205  0.00464969827
 206  0.00464969827
 207  0.00457704673
 208  0.00472234981
 209  0.00479500135
 210  0.00464969827
 211  0.00457704673
 212  0.00472234981
 213  0.00464969827
 214  0.00464969827
 215  0.00464969827
 216  0.00464969827
 217  0.00457704673
 218  0.00464969827
 219  0.00472234981
 220  0.00472234981
 221  0.00464969827
 222  0.00457704673
 223  0.00464969827
 224  0.00464969827
 225  0.00464969827
 226  0.00479500135
 227  0.00464969827
 228  0.00457704673
 229  0.00464969827
 230  0.00472234981
 231  0.00472234981
 232  0.00464969827
 233  0.00464969827
 234  0.00464969827
 235  0.00464969827
 236  0.00464969827
 237  0.00464969827
 238  0.00464969827
 239  0.00464969827
 240  0.00472234981
 241  0.00464969827
 242  0.00464969827
 243  0.00472234981
 244  0.00472234981
 245  0.00472234981
 246  0.00464969827
 247  0.00472234981
 248  0.00464969827
 249  0.00472234981
 250  0.00472234981
 251  0.00472234981
 252  0.00464969827
 253  0.00464969827
 254  0.00472234981
 255  0.00472234981
 256  0.00479500135
 257  0.00472234981
 258  0.00472234981
 259  0.00472234981
 260  0.00479500135
 261  0.00464969827
 262  0.00464969827
 263  0.00457704673
 264  0.00464969827
 265  0.00464969827
 266  0.00472234981
 267  0.00472234981
 268  0.00472234981
 269  0.00472234981
 270  0.00472234981
 271  0.00479500135
 272  0.00472234981
 273  0.00472234981
 274  0.00472234981
 275  0.00479500135
 276  0.00479500135
 277  0.00472234981
 278  0.00464969827
 279  0.00464969827
 280  0.00472234981
 281  0.00472234981
 282  0.00472234981
 283  0.00479500135
 284  0.00479500135
 285  0.00472234981
 286  0.00472234981
 287  0.00464969827
 288  0.00464969827
 289  0.00472234981
 290  0.00472234981
 291  0.00479500135
 292  0.00472234981
 293  0.00472234981
 294  0.00472234981
 295  0.00479500135
 296  0.0048676529
 297  0.00479500135
 298  0.00479500135
 299  0.00472234981
 300  0.00464969827
 301  0.00479500135
 302  0.00472234981
 303  0.00479500135
 304  0.00479500135
 305  0.00472234981
 306  0.00457704673
 307  0.00464969827
 308  0.00464969827
 309  0.00464969827
 310  0.00457704673
 311  0.00450439518
 312  0.00472234981
 313  0.00457704673
 314  0.00457704673
 315  0.00464969827
 316  0.00464969827
 317  0.00472234981
 318  0.00464969827
 319  0.00464969827
 320  0.00464969827
 321  0.00464969827
 322  0.00464969827
 323  0.00457704673
 324  0.00464969827
 325  0.00457704673
 326  0.00464969827
 327  0.00472234981
 328  0.00450439518
 329  0.00457704673
 330  0.00457704673
 331  0.00450439518
 332  0.00450439518
 333  0.00443174364
 334  0.00457704673
 335  0.0043590921
 336  0.0043590921
 337  0.00450439518
 338  0.00443174364
 339  0.00450439518
 340  0.00450439518
 341  0.00464969827
 342  0.00457704673
 343  0.00457704673
 344  0.00457704673
 345  0.00457704673
 346  0.00450439518
 347  0.00457704673
 348  0.00450439518
 349  0.00457704673
 350  0.00464969827
 351  0.00457704673
 352  0.00464969827
 353  0.00464969827
 354  0.00457704673
 355  0.00457704673
 356  0.00464969827
 357  0.00472234981
 358  0.00464969827
 359  0.00457704673
 360  0.00457704673
 361  0.00457704673
 362  0.00457704673
 363  0.00464969827
 364  0.00464969827
 365  0.00464969827
 366  0.00472234981
 367  0.00479500135
 368  0.00479500135
 369  0.00472234981
 370  0.00479500135
 371  0.00479500135
 372  0.00472234981
 373  0.00472234981
 374  0.00464969827
 375  0.00464969827
 376  0.0048676529
 377  0.00472234981
 378  0.00479500135
 379  0.00472234981
 380  0.00472234981
 381  0.00472234981
 382  0.00472234981
 383  0.00472234981
 384  0.00472234981
 385  0.00472234981
 386  0.00472234981
 387  0.00479500135
 388  0.00472234981
 389  0.00464969827
 390  0.00479500135
 391  0.00464969827
 392  0.0048676529
 393  0.00472234981
 394  0.00472234981
 395  0.00472234981
 396  0.00472234981
 397  0.0048676529
 398  0.00472234981
 399  0.00464969827
 400  0.00479500135
 401  0.00472234981
 402  0.00472234981
 403  0.00464969827
 404  0.00472234981
 405  0.00479500135
 406  0.00472234981
 407  0.00479500135
 408  0.00464969827
 409  0.00472234981
 410  0.00464969827
 411  0.00472234981
 412  0.00479500135
 413  0.00479500135
 414  0.00472234981
 415  0.00479500135
 416  0.00479500135
 417  0.0048676529
 418  0.00472234981
 419  0.00472234981
 420  0.00472234981
 421  0.00472234981
 422  0.00479500135
 423  0.00479500135
 424  0.00479500135
 425  0.00479500135
 426  0.00472234981
 427  0.00479500135
 428  0.00472234981
 429  0.0048676529
 430  0.00472234981
 431  0.00479500135
 432  0.00464969827
 433  0.00464969827
 434  0.0048676529
 435  0.00472234981
 436  0.00479500135
 437  0.00479500135
 438  0.00472234981
 439  0.00472234981
 440  0.00479500135
 441  0.00479500135
 442  0.00479500135
 443  0.00479500135
 444  0.00479500135
 445  0.00479500135
 446  0.00472234981
 447  0.00464969827
 448  0.0048676529
 449  0.00472234981
 450  0.00479500135
 451  0.0048676529
 452  0.00472234981
 453  0.00472234981
 454  0.00472234981
 455  0.00479500135
 456  0.00464969827
 457  0.00472234981
 458  0.00479500135
 459  0.00472234981
 460  0.00472234981
 461  0.00472234981
 462  0.00472234981
 463  0.00472234981
 464  0.00479500135
 465  0.00472234981
 466  0.00479500135
 467  0.00472234981
 468  0.00479500135
 469  0.00479500135
 470  0.00472234981
 471  0.00464969827
 472  0.00479500135
 473  0.00464969827
 474  0.00472234981
 475  0.00472234981
 476  0.00457704673
 477  0.00472234981
 478  0.00472234981
 479  0.00457704673
 480  0.00472234981
 481  0.00457704673
 482  0.00472234981
 483  0.00464969827
 484  0.00479500135
 485  0.00464969827
 486  0.00464969827
 487  0.00457704673
 488  0.00464969827
 489  0.00464969827
 490  0.00472234981
 491  0.00457704673
 492  0.00457704673
 493  0.00464969827
 494  0.00457704673
 495  0.00464969827
 496  0.00464969827
 497  0.00457704673
 498  0.00457704673
 499  0.00457704673
 500  0.00464969827

 1  0.00472234981
 2  0.00479500135
 3  0.00472234981
 4  0.00479500135
 5  0.0043590921
 6  0.0048676529
 7  0.0048676529
 8  0.00479500135
 9  0.0048676529
 10  0.00464969827
 11  0.0048676529
 12  0.00479500135
 13  0.0048676529
 14  0.00494030444
 15  0.0048676529
 16  0.0048676529
 17  0.0048676529
 18  0.0048676529
 19  0.00494030444
 20  0.00494030444
 21  0.00494030444
 22  0.00494030444
 23  0.00501295598
 24  0.00479500135
 25  0.00472234981
 26  0.0048676529
 27  0.00494030444
 28  0.0048676529
 29  0.00494030444
 30  0.00494030444
 31  0.00508560752
 32  0.00501295598
 33  0.00501295598
 34  0.00508560752
 35  0.00494030444
 36  0.00508560752
 37  0.00501295598
 38  0.00508560752
 39  0.00515825907
 40  0.00508560752
 41  0.00501295598
 42  0.00501295598
 43  0.00508560752
 44  0.00515825907
 45  0.00501295598
 46  0.00501295598
 47  0.00508560752
 48  0.00508560752
 49  0.00501295598
 50  0.00508560752
 51  0.00508560752
 52  0.00501295598
 53  0.00508560752
 54  0.00501295598
 55  0.00501295598
 56  0.00508560752
 57  0.00515825907
 58  0.00515825907
 59  0.00508560752
 60  0.00508560752
 61  0.00508560752
 62  0.00515825907
 63  0.00508560752
 64  0.00515825907
 65  0.00508560752
 66  0.00508560752
 67  0.00501295598
 68  0.00508560752
 69  0.00508560752
 70  0.00508560752
 71  0.00501295598
 72  0.00501295598
 73  0.00494030444
 74  0.00501295598
 75  0.00501295598
 76  0.00501295598
 77  0.00501295598
 78  0.00501295598
 79  0.00508560752
 80  0.00515825907
 81  0.00501295598
 82  0.00501295598
 83  0.00501295598
 84  0.00508560752
 85  0.00515825907
 86  0.00501295598
 87  0.00508560752
 88  0.00515825907
 89  0.00508560752
 90  0.00515825907
 91  0.00501295598
 92  0.00508560752
 93  0.00501295598
 94  0.00508560752
 95  0.00501295598
 96  0.00494030444
 97  0.00508560752
 98  0.00501295598
 99  0.00508560752
 100  0.00515825907
 101  0.00508560752
 102  0.00508560752
 103  0.00508560752
 104  0.00515825907
 105  0.00501295598
 106  0.00508560752
 107  0.00508560752
 108  0.00501295598
 109  0.00515825907
 110  0.00515825907
 111  0.00508560752
 112  0.00508560752
 113  0.00515825907
 114  0.00508560752
 115  0.00523091061
 116  0.00508560752
 117  0.00515825907
 118  0.00508560752
 119  0.00508560752
 120  0.00508560752
 121  0.00501295598
 122  0.00515825907
 123  0.00515825907
 124  0.00501295598
 125  0.00515825907
 126  0.00508560752
 127  0.00530356215
 128  0.00501295598
 129  0.00515825907
 130  0.00508560752
 131  0.00515825907
 132  0.00508560752
 133  0.00501295598
 134  0.00515825907
 135  0.00515825907
 136  0.00508560752
 137  0.00508560752
 138  0.00508560752
 139  0.00501295598
 140  0.00494030444
 141  0.00508560752
 142  0.00501295598
 143  0.00501295598
 144  0.00508560752
 145  0.00508560752
 146  0.00494030444
 147  0.00508560752
 148  0.00501295598
 149  0.00494030444
 150  0.00508560752
 151  0.00508560752
 152  0.00508560752
 153  0.00501295598
 154  0.00494030444
 155  0.00501295598
 156  0.00501295598
 157  0.00501295598
 158  0.00501295598
 159  0.00494030444
 160  0.00494030444
 161  0.0048676529
 162  0.0048676529
 163  0.0048676529
 164  0.00494030444
 165  0.0048676529
 166  0.0048676529
 167  0.00479500135
 168  0.00479500135
 169  0.00479500135
 170  0.00479500135
 171  0.00494030444
 172  0.0048676529
 173  0.00494030444
 174  0.00501295598
 175  0.0048676529
 176  0.00501295598
 177  0.00501295598
 178  0.00494030444
 179  0.00494030444
 180  0.00494030444
 181  0.00501295598
 182  0.00501295598
 183  0.00508560752
 184  0.00508560752
 185  0.00501295598
 186  0.00494030444
 187  0.00508560752
 188  0.00501295598
 189  0.00508560752
 190  0.00501295598
 191  0.00494030444
 192  0.00501295598
 193  0.00508560752
 194  0.00501295598
 195  0.00508560752
 196  0.00501295598
 197  0.00508560752
 198  0.00515825907
 199  0.00508560752
 200  0.00515825907
 201  0.00508560752
 202  0.00508560752
 203  0.00508560752
 204  0.00508560752
 205  0.00523091061
 206  0.00508560752
 207  0.00508560752
 208  0.00515825907
 209  0.00523091061
 210  0.00515825907
 211  0.00508560752
 212  0.00515825907
 213  0.00508560752
 214  0.00515825907
 215  0.00508560752
 216  0.00508560752
 217  0.00508560752
 218  0.00508560752
 219  0.00508560752
 220  0.00523091061
 221  0.00515825907
 222  0.00508560752
 223  0.00508560752
 224  0.00508560752
 225  0.00508560752
 226  0.00523091061
 227  0.00508560752
 228  0.00501295598
 229  0.00508560752
 230  0.00515825907
 231  0.00523091061
 232  0.00515825907
 233  0.00515825907
 234  0.00508560752
 235  0.00515825907
 236  0.00515825907
 237  0.00508560752
 238  0.00508560752
 239  0.00515825907
 240  0.00523091061
 241  0.00508560752
 242  0.00515825907
 243  0.00515825907
 244  0.00515825907
 245  0.00523091061
 246  0.00515825907
 247  0.00523091061
 248  0.00515825907
 249  0.00515825907
 250  0.00515825907
 251  0.00523091061
 252  0.00515825907
 253  0.00515825907
 254  0.00515825907
 255  0.00515825907
 256  0.00523091061
 257  0.00515825907
 258  0.00515825907
 259  0.00515825907
 260  0.00523091061
 261  0.00515825907
 262  0.00515825907
 263  0.00515825907
 264  0.00515825907
 265  0.00508560752
 266  0.00515825907
 267  0.00523091061
 268  0.00515825907
 269  0.00515825907
 270  0.00515825907
 271  0.00530356215
 272  0.00515825907
 273  0.00515825907
 274  0.00515825907
 275  0.00523091061
 276  0.00523091061
 277  0.00523091061
 278  0.00515825907
 279  0.00508560752
 280  0.00523091061
 281  0.00515825907
 282  0.00523091061
 283  0.00523091061
 284  0.00523091061
 285  0.00515825907
 286  0.00515825907
 287  0.00508560752
 288  0.00515825907
 289  0.00523091061
 290  0.00515825907
 291  0.00523091061
 292  0.00523091061
 293  0.00515825907
 294  0.00515825907
 295  0.00523091061
 296  0.00530356215
 297  0.00523091061
 298  0.00530356215
 299  0.00523091061
 300  0.00515825907
 301  0.00530356215
 302  0.00515825907
 303  0.00523091061
 304  0.00523091061
 305  0.00515825907
 306  0.00508560752
 307  0.00515825907
 308  0.00508560752
 309  0.00508560752
 310  0.00508560752
 311  0.00508560752
 312  0.00523091061
 313  0.00508560752
 314  0.00501295598
 315  0.00508560752
 316  0.00515825907
 317  0.00515825907
 318  0.00508560752
 319  0.00508560752
 320  0.00515825907
 321  0.00508560752
 322  0.00515825907
 323  0.00501295598
 324  0.00515825907
 325  0.00508560752
 326  0.00508560752
 327  0.00515825907
 328  0.00501295598
 329  0.00501295598
 330  0.00508560752
 331  0.00508560752
 332  0.00494030444
 333  0.00494030444
 334  0.00508560752
 335  0.0048676529
 336  0.0048676529
 337  0.00501295598
 338  0.0048676529
 339  0.00501295598
 340  0.00494030444
 341  0.00515825907
 342  0.00508560752
 343  0.00501295598
 344  0.00508560752
 345  0.00508560752
 346  0.00501295598
 347  0.00508560752
 348  0.00501295598
 349  0.00508560752
 350  0.00508560752
 351  0.00508560752
 352  0.00515825907
 353  0.00508560752
 354  0.00508560752
 355  0.00515825907
 356  0.00515825907
 357  0.00515825907
 358  0.00508560752
 359  0.00508560752
 360  0.00501295598
 361  0.00515825907
 362  0.00508560752
 363  0.00515825907
 364  0.00508560752
 365  0.00523091061
 366  0.00515825907
 367  0.00523091061
 368  0.00523091061
 369  0.00523091061
 370  0.00530356215
 371  0.00523091061
 372  0.00515825907
 373  0.00523091061
 374  0.00515825907
 375  0.00515825907
 376  0.00530356215
 377  0.00515825907
 378  0.00523091061
 379  0.00523091061
 380  0.00523091061
 381  0.00515825907
 382  0.00530356215
 383  0.00508560752
 384  0.00523091061
 385  0.00515825907
 386  0.00530356215
 387  0.00530356215
 388  0.00530356215
 389  0.00515825907
 390  0.0053762137
 391  0.00515825907
 392  0.00530356215
 393  0.00523091061
 394  0.00523091061
 395  0.00523091061
 396  0.00515825907
 397  0.00530356215
 398  0.00515825907
 399  0.00523091061
 400  0.00523091061
 401  0.00515825907
 402  0.00523091061
 403  0.00515825907
 404  0.00523091061
 405  0.00523091061
 406  0.00515825907
 407  0.00523091061
 408  0.00515825907
 409  0.00515825907
 410  0.00508560752
 411  0.00523091061
 412  0.00523091061
 413  0.00523091061
 414  0.00523091061
 415  0.00523091061
 416  0.00515825907
 417  0.00530356215
 418  0.00523091061
 419  0.00523091061
 420  0.00515825907
 421  0.00515825907
 422  0.00523091061
 423  0.00523091061
 424  0.00523091061
 425  0.00530356215
 426  0.00523091061
 427  0.00530356215
 428  0.00523091061
 429  0.00530356215
 430  0.00508560752
 431  0.00530356215
 432  0.00508560752
 433  0.00515825907
 434  0.00530356215
 435  0.00515825907
 436  0.00523091061
 437  0.00523091061
 438  0.00515825907
 439  0.00530356215
 440  0.00523091061
 441  0.00523091061
 442  0.00523091061
 443  0.00523091061
 444  0.00515825907
 445  0.00523091061
 446  0.00523091061
 447  0.00523091061
 448  0.00530356215
 449  0.00515825907
 450  0.00523091061
 451  0.00530356215
 452  0.00515825907
 453  0.00523091061
 454  0.00523091061
 455  0.00530356215
 456  0.00515825907
 457  0.00523091061
 458  0.00523091061
 459  0.00515825907
 460  0.00523091061
 461  0.00515825907
 462  0.00515825907
 463  0.00515825907
 464  0.00523091061
 465  0.00523091061
 466  0.00530356215
 467  0.00523091061
 468  0.00515825907
 469  0.00523091061
 470  0.00523091061
 471  0.00515825907
 472  0.00530356215
 473  0.00508560752
 474  0.00515825907
 475  0.00523091061
 476  0.00501295598
 477  0.00515825907
 478  0.00523091061
 479  0.00508560752
 480  0.00508560752
 481  0.00508560752
 482  0.00515825907
 483  0.00515825907
 484  0.00523091061
 485  0.00515825907
 486  0.00515825907
 487  0.00508560752
 488  0.00515825907
 489  0.00515825907
 490  0.00515825907
 491  0.00523091061
 492  0.00508560752
 493  0.00508560752
 494  0.00508560752
 495  0.00515825907
 496  0.00508560752
 497  0.00515825907
 498  0.00501295598
 499  0.00501295598
 500  0.00508560752

 1  0.00523091061
 2  0.00530356215
 3  0.00530356215
 4  0.00530356215
 5  0.00494030444
 6  0.00544886524
 7  0.0053762137
 8  0.00530356215
 9  0.00544886524
 10  0.00515825907
 11  0.0053762137
 12  0.00530356215
 13  0.0053762137
 14  0.00544886524
 15  0.0053762137
 16  0.0053762137
 17  0.0053762137
 18  0.0053762137
 19  0.00544886524
 20  0.0053762137
 21  0.00544886524
 22  0.00544886524
 23  0.00544886524
 24  0.00530356215
 25  0.00523091061
 26  0.0053762137
 27  0.00552151678
 28  0.00544886524
 29  0.00544886524
 30  0.00544886524
 31  0.00559416832
 32  0.00552151678
 33  0.00544886524
 34  0.00559416832
 35  0.00544886524
 36  0.00559416832
 37  0.00552151678
 38  0.00559416832
 39  0.00559416832
 40  0.00552151678
 41  0.00544886524
 42  0.00552151678
 43  0.00552151678
 44  0.00566681987
 45  0.00552151678
 46  0.00552151678
 47  0.00552151678
 48  0.00552151678
 49  0.00552151678
 50  0.00559416832
 51  0.00552151678
 52  0.00559416832
 53  0.00552151678
 54  0.00559416832
 55  0.00552151678
 56  0.00559416832
 57  0.00559416832
 58  0.00559416832
 59  0.00559416832
 60  0.00552151678
 61  0.00559416832
 62  0.00573947141
 63  0.00559416832
 64  0.00566681987
 65  0.00559416832
 66  0.00552151678
 67  0.00559416832
 68  0.00552151678
 69  0.00552151678
 70  0.00559416832
 71  0.00552151678
 72  0.00552151678
 73  0.00552151678
 74  0.00544886524
 75  0.00552151678
 76  0.00552151678
 77  0.00544886524
 78  0.00544886524
 79  0.00552151678
 80  0.00559416832
 81  0.00552151678
 82  0.00544886524
 83  0.00544886524
 84  0.00559416832
 85  0.00566681987
 86  0.00552151678
 87  0.00559416832
 88  0.00566681987
 89  0.00559416832
 90  0.00566681987
 91  0.00552151678
 92  0.00552151678
 93  0.00544886524
 94  0.00552151678
 95  0.00552151678
 96  0.00544886524
 97  0.00552151678
 98  0.00552151678
 99  0.00559416832
 100  0.00559416832
 101  0.00552151678
 102  0.00566681987
 103  0.00552151678
 104  0.00559416832
 105  0.00552151678
 106  0.00559416832
 107  0.00559416832
 108  0.00544886524
 109  0.00566681987
 110  0.00566681987
 111  0.00559416832
 112  0.00559416832
 113  0.00559416832
 114  0.00559416832
 115  0.00566681987
 116  0.00559416832
 117  0.00566681987
 118  0.00552151678
 119  0.00552151678
 120  0.00552151678
 121  0.00552151678
 122  0.00566681987
 123  0.00559416832
 124  0.00552151678
 125  0.00559416832
 126  0.00559416832
 127  0.00573947141
 128  0.00552151678
 129  0.00566681987
 130  0.00566681987
 131  0.00559416832
 132  0.00566681987
 133  0.00544886524
 134  0.00559416832
 135  0.00566681987
 136  0.00559416832
 137  0.00559416832
 138  0.00559416832
 139  0.00552151678
 140  0.00544886524
 141  0.00552151678
 142  0.00552151678
 143  0.00544886524
 144  0.00552151678
 145  0.00552151678
 146  0.00544886524
 147  0.00559416832
 148  0.00552151678
 149  0.00552151678
 150  0.00552151678
 151  0.00552151678
 152  0.00552151678
 153  0.00552151678
 154  0.00544886524
 155  0.00544886524
 156  0.00552151678
 157  0.00552151678
 158  0.00559416832
 159  0.00552151678
 160  0.00544886524
 161  0.0053762137
 162  0.00544886524
 163  0.0053762137
 164  0.00544886524
 165  0.00530356215
 166  0.0053762137
 167  0.00530356215
 168  0.00530356215
 169  0.0053762137
 170  0.00530356215
 171  0.00544886524
 172  0.0053762137
 173  0.00544886524
 174  0.00544886524
 175  0.0053762137
 176  0.00552151678
 177  0.00552151678
 178  0.00552151678
 179  0.00544886524
 180  0.00544886524
 181  0.00552151678
 182  0.00552151678
 183  0.00552151678
 184  0.00559416832
 185  0.00552151678
 186  0.00544886524
 187  0.00559416832
 188  0.00544886524
 189  0.00559416832
 190  0.00559416832
 191  0.00544886524
 192  0.00552151678
 193  0.00552151678
 194  0.00552151678
 195  0.00559416832
 196  0.00552151678
 197  0.00566681987
 198  0.00559416832
 199  0.00552151678
 200  0.00566681987
 201  0.00552151678
 202  0.00559416832
 203  0.00559416832
 204  0.00559416832
 205  0.00566681987
 206  0.00566681987
 207  0.00559416832
 208  0.00566681987
 209  0.00566681987
 210  0.00559416832
 211  0.00559416832
 212  0.00559416832
 213  0.00552151678
 214  0.00566681987
 215  0.00559416832
 216  0.00559416832
 217  0.00559416832
 218  0.00559416832
 219  0.00559416832
 220  0.00573947141
 221  0.00566681987
 222  0.00566681987
 223  0.00559416832
 224  0.00559416832
 225  0.00559416832
 226  0.00566681987
 227  0.00566681987
 228  0.00552151678
 229  0.00559416832
 230  0.00566681987
 231  0.00566681987
 232  0.00559416832
 233  0.00559416832
 234  0.00566681987
 235  0.00566681987
 236  0.00566681987
 237  0.00559416832
 238  0.00552151678
 239  0.00566681987
 240  0.00573947141
 241  0.00559416832
 242  0.00566681987
 243  0.00566681987
 244  0.00566681987
 245  0.00566681987
 246  0.00559416832
 247  0.00573947141
 248  0.00573947141
 249  0.00559416832
 250  0.00566681987
 251  0.00573947141
 252  0.00559416832
 253  0.00559416832
 254  0.00573947141
 255  0.00559416832
 256  0.00573947141
 257  0.00566681987
 258  0.00566681987
 259  0.00566681987
 260  0.00573947141
 261  0.00559416832
 262  0.00566681987
 263  0.00559416832
 264  0.00559416832
 265  0.00566681987
 266  0.00566681987
 267  0.00573947141
 268  0.00573947141
 269  0.00559416832
 270  0.00566681987
 271  0.00581212295
 272  0.00566681987
 273  0.00559416832
 274  0.00566681987
 275  0.00566681987
 276  0.00573947141
 277  0.00573947141
 278  0.00566681987
 279  0.00559416832
 280  0.00566681987
 281  0.00566681987
 282  0.00566681987
 283  0.00566681987
 284  0.00566681987
 285  0.00559416832
 286  0.00559416832
 287  0.00559416832
 288  0.00559416832
 289  0.00573947141
 290  0.00566681987
 291  0.00566681987
 292  0.00573947141
 293  0.00559416832
 294  0.00566681987
 295  0.00566681987
 296  0.00581212295
 297  0.00573947141
 298  0.00573947141
 299  0.00566681987
 300  0.00566681987
 301  0.00581212295
 302  0.00566681987
 303  0.00566681987
 304  0.00573947141
 305  0.00566681987
 306  0.00559416832
 307  0.00566681987
 308  0.00566681987
 309  0.00559416832
 310  0.00559416832
 311  0.00552151678
 312  0.00573947141
 313  0.00559416832
 314  0.00552151678
 315  0.00559416832
 316  0.00573947141
 317  0.00566681987
 318  0.00559416832
 319  0.00559416832
 320  0.00566681987
 321  0.00552151678
 322  0.00566681987
 323  0.00552151678
 324  0.00566681987
 325  0.00552151678
 326  0.00559416832
 327  0.00566681987
 328  0.00559416832
 329  0.00559416832
 330  0.00552151678
 331  0.00559416832
 332  0.00552151678
 333  0.00544886524
 334  0.00552151678
 335  0.00544886524
 336  0.0053762137
 337  0.00544886524
 338  0.00544886524
 339  0.00552151678
 340  0.00559416832
 341  0.00566681987
 342  0.00552151678
 343  0.00552151678
 344  0.00559416832
 345  0.00559416832
 346  0.00544886524
 347  0.00559416832
 348  0.00559416832
 349  0.00566681987
 350  0.00559416832
 351  0.00559416832
 352  0.00566681987
 353  0.00566681987
 354  0.00559416832
 355  0.00566681987
 356  0.00566681987
 357  0.00566681987
 358  0.00559416832
 359  0.00552151678
 360  0.00544886524
 361  0.00559416832
 362  0.00552151678
 363  0.00559416832
 364  0.00559416832
 365  0.00573947141
 366  0.00566681987
 367  0.00566681987
 368  0.00573947141
 369  0.00573947141
 370  0.00581212295
 371  0.00573947141
 372  0.00566681987
 373  0.00573947141
 374  0.00566681987
 375  0.00566681987
 376  0.00573947141
 377  0.00559416832
 378  0.00573947141
 379  0.00573947141
 380  0.00573947141
 381  0.00573947141
 382  0.00573947141
 383  0.00559416832
 384  0.00573947141
 385  0.00566681987
 386  0.00581212295
 387  0.00573947141
 388  0.00573947141
 389  0.00559416832
 390  0.00581212295
 391  0.00566681987
 392  0.00581212295
 393  0.00573947141
 394  0.00566681987
 395  0.00573947141
 396  0.00566681987
 397  0.00573947141
 398  0.00566681987
 399  0.00566681987
 400  0.00581212295
 401  0.00566681987
 402  0.00566681987
 403  0.00559416832
 404  0.00573947141
 405  0.00573947141
 406  0.00566681987
 407  0.00566681987
 408  0.00566681987
 409  0.00573947141
 410  0.00559416832
 411  0.00573947141
 412  0.00566681987
 413  0.00573947141
 414  0.00573947141
 415  0.00573947141
 416  0.00573947141
 417  0.00581212295
 418  0.00566681987
 419  0.00573947141
 420  0.00566681987
 421  0.00566681987
 422  0.00573947141
 423  0.00573947141
 424  0.00566681987
 425  0.00581212295
 426  0.00566681987
 427  0.00573947141
 428  0.00573947141
 429  0.00581212295
 430  0.00566681987
 431  0.00573947141
 432  0.00559416832
 433  0.00566681987
 434  0.00573947141
 435  0.00566681987
 436  0.00566681987
 437  0.00566681987
 438  0.00566681987
 439  0.00581212295
 440  0.00566681987
 441  0.00573947141
 442  0.00566681987
 443  0.00573947141
 444  0.00573947141
 445  0.00573947141
 446  0.00573947141
 447  0.00573947141
 448  0.00581212295
 449  0.00566681987
 450  0.00573947141
 451  0.00573947141
 452  0.00573947141
 453  0.00573947141
 454  0.00573947141
 455  0.00581212295
 456  0.00559416832
 457  0.00566681987
 458  0.00566681987
 459  0.00559416832
 460  0.00573947141
 461  0.00566681987
 462  0.00573947141
 463  0.00566681987
 464  0.00573947141
 465  0.00573947141
 466  0.00573947141
 467  0.00566681987
 468  0.00566681987
 469  0.00566681987
 470  0.00566681987
 471  0.00566681987
 472  0.00573947141
 473  0.00552151678
 474  0.00566681987
 475  0.00573947141
 476  0.00559416832
 477  0.00566681987
 478  0.00573947141
 479  0.00552151678
 480  0.00559416832
 481  0.00559416832
 482  0.00566681987
 483  0.00566681987
 484  0.00566681987
 485  0.00566681987
 486  0.00566681987
 487  0.00559416832
 488  0.00566681987
 489  0.00566681987
 490  0.00566681987
 491  0.00573947141
 492  0.00559416832
 493  0.00559416832
 494  0.00559416832
 495  0.00566681987
 496  0.00559416832
 497  0.00559416832
 498  0.00552151678
 499  0.00552151678
 500  0.00559416832

 1  0.00573947141
 2  0.00588477449
 3  0.00581212295
 4  0.00588477449
 5  0.00544886524
 6  0.00588477449
 7  0.00595742604
 8  0.00588477449
 9  0.00603007758
 10  0.00573947141
 11  0.00595742604
 12  0.00581212295
 13  0.00595742604
 14  0.00588477449
 15  0.00588477449
 16  0.00595742604
 17  0.00581212295
 18  0.00595742604
 19  0.00595742604
 20  0.00595742604
 21  0.00595742604
 22  0.00595742604
 23  0.00603007758
 24  0.00581212295
 25  0.00573947141
 26  0.00595742604
 27  0.00603007758
 28  0.00595742604
 29  0.00603007758
 30  0.00595742604
 31  0.00610272912
 32  0.00610272912
 33  0.00595742604
 34  0.00603007758
 35  0.00603007758
 36  0.00610272912
 37  0.00595742604
 38  0.00610272912
 39  0.00610272912
 40  0.00610272912
 41  0.00588477449
 42  0.00610272912
 43  0.00610272912
 44  0.00610272912
 45  0.00603007758
 46  0.00603007758
 47  0.00603007758
 48  0.00603007758
 49  0.00610272912
 50  0.00603007758
 51  0.00603007758
 52  0.00603007758
 53  0.00603007758
 54  0.00610272912
 55  0.00603007758
 56  0.00617538067
 57  0.00610272912
 58  0.00617538067
 59  0.00603007758
 60  0.00603007758
 61  0.00603007758
 62  0.00624803221
 63  0.00617538067
 64  0.00617538067
 65  0.00603007758
 66  0.00595742604
 67  0.00610272912
 68  0.00603007758
 69  0.00603007758
 70  0.00610272912
 71  0.00603007758
 72  0.00603007758
 73  0.00603007758
 74  0.00595742604
 75  0.00603007758
 76  0.00595742604
 77  0.00603007758
 78  0.00595742604
 79  0.00603007758
 80  0.00610272912
 81  0.00595742604
 82  0.00595742604
 83  0.00603007758
 84  0.00610272912
 85  0.00610272912
 86  0.00595742604
 87  0.00610272912
 88  0.00617538067
 89  0.00610272912
 90  0.00617538067
 91  0.00595742604
 92  0.00603007758
 93  0.00603007758
 94  0.00610272912
 95  0.00610272912
 96  0.00588477449
 97  0.00603007758
 98  0.00603007758
 99  0.00595742604
 100  0.00610272912
 101  0.00603007758
 102  0.00617538067
 103  0.00603007758
 104  0.00610272912
 105  0.00603007758
 106  0.00610272912
 107  0.00610272912
 108  0.00603007758
 109  0.00617538067
 110  0.00610272912
 111  0.00617538067
 112  0.00610272912
 113  0.00603007758
 114  0.00610272912
 115  0.00617538067
 116  0.00610272912
 117  0.00617538067
 118  0.00603007758
 119  0.00603007758
 120  0.00603007758
 121  0.00603007758
 122  0.00610272912
 123  0.00610272912
 124  0.00603007758
 125  0.00610272912
 126  0.00610272912
 127  0.00624803221
 128  0.00603007758
 129  0.00617538067
 130  0.00610272912
 131  0.00610272912
 132  0.00610272912
 133  0.00603007758
 134  0.00610272912
 135  0.00610272912
 136  0.00617538067
 137  0.00610272912
 138  0.00617538067
 139  0.00610272912
 140  0.00603007758
 141  0.00603007758
 142  0.00603007758
 143  0.00603007758
 144  0.00603007758
 145  0.00595742604
 146  0.00595742604
 147  0.00603007758
 148  0.00603007758
 149  0.00603007758
 150  0.00603007758
 151  0.00610272912
 152  0.00617538067
 153  0.00603007758
 154  0.00603007758
 155  0.00603007758
 156  0.00603007758
 157  0.00603007758
 158  0.00610272912
 159  0.00603007758
 160  0.00595742604
 161  0.00595742604
 162  0.00588477449
 163  0.00595742604
 164  0.00603007758
 165  0.00581212295
 166  0.00588477449
 167  0.00588477449
 168  0.00581212295
 169  0.00588477449
 170  0.00581212295
 171  0.00603007758
 172  0.00595742604
 173  0.00595742604
 174  0.00595742604
 175  0.00595742604
 176  0.00595742604
 177  0.00603007758
 178  0.00610272912
 179  0.00603007758
 180  0.00595742604
 181  0.00603007758
 182  0.00603007758
 183  0.00603007758
 184  0.00610272912
 185  0.00603007758
 186  0.00603007758
 187  0.00603007758
 188  0.00603007758
 189  0.00610272912
 190  0.00610272912
 191  0.00595742604
 192  0.00603007758
 193  0.00595742604
 194  0.00603007758
 195  0.00610272912
 196  0.00603007758
 197  0.00624803221
 198  0.00617538067
 199  0.00610272912
 200  0.00624803221
 201  0.00610272912
 202  0.00610272912
 203  0.00610272912
 204  0.00610272912
 205  0.00617538067
 206  0.00624803221
 207  0.00617538067
 208  0.00617538067
 209  0.00617538067
 210  0.00617538067
 211  0.00610272912
 212  0.00610272912
 213  0.00610272912
 214  0.00617538067
 215  0.00610272912
 216  0.00610272912
 217  0.00617538067
 218  0.00610272912
 219  0.00617538067
 220  0.00624803221
 221  0.00624803221
 222  0.00617538067
 223  0.00610272912
 224  0.00617538067
 225  0.00610272912
 226  0.00624803221
 227  0.00610272912
 228  0.00610272912
 229  0.00610272912
 230  0.00610272912
 231  0.00610272912
 232  0.00610272912
 233  0.00610272912
 234  0.00610272912
 235  0.00617538067
 236  0.00624803221
 237  0.00610272912
 238  0.00610272912
 239  0.00617538067
 240  0.00617538067
 241  0.00603007758
 242  0.00624803221
 243  0.00610272912
 244  0.00617538067
 245  0.00624803221
 246  0.00617538067
 247  0.00617538067
 248  0.00624803221
 249  0.00617538067
 250  0.00617538067
 251  0.00624803221
 252  0.00617538067
 253  0.00610272912
 254  0.00624803221
 255  0.00617538067
 256  0.00632068375
 257  0.00617538067
 258  0.00617538067
 259  0.00617538067
 260  0.00624803221
 261  0.00610272912
 262  0.00617538067
 263  0.00610272912
 264  0.00603007758
 265  0.00617538067
 266  0.00617538067
 267  0.00617538067
 268  0.00624803221
 269  0.00617538067
 270  0.00617538067
 271  0.00624803221
 272  0.00624803221
 273  0.00617538067
 274  0.00617538067
 275  0.00617538067
 276  0.00617538067
 277  0.00624803221
 278  0.00624803221
 279  0.00610272912
 280  0.00617538067
 281  0.00617538067
 282  0.00617538067
 283  0.00617538067
 284  0.00617538067
 285  0.00610272912
 286  0.00617538067
 287  0.00610272912
 288  0.00610272912
 289  0.00624803221
 290  0.00610272912
 291  0.00617538067
 292  0.00624803221
 293  0.00610272912
 294  0.00617538067
 295  0.00617538067
 296  0.00632068375
 297  0.00624803221
 298  0.00624803221
 299  0.00624803221
 300  0.00617538067
 301  0.00632068375
 302  0.00610272912
 303  0.00624803221
 304  0.00617538067
 305  0.00610272912
 306  0.00610272912
 307  0.00617538067
 308  0.00617538067
 309  0.00610272912
 310  0.00610272912
 311  0.00603007758
 312  0.00632068375
 313  0.00610272912
 314  0.00610272912
 315  0.00610272912
 316  0.00624803221
 317  0.00610272912
 318  0.00610272912
 319  0.00617538067
 320  0.00617538067
 321  0.00610272912
 322  0.00624803221
 323  0.00610272912
 324  0.00617538067
 325  0.00603007758
 326  0.00617538067
 327  0.00610272912
 328  0.00610272912
 329  0.00603007758
 330  0.00610272912
 331  0.00603007758
 332  0.00603007758
 333  0.00588477449
 334  0.00603007758
 335  0.00603007758
 336  0.00588477449
 337  0.00610272912
 338  0.00603007758
 339  0.00603007758
 340  0.00610272912
 341  0.00610272912
 342  0.00603007758
 343  0.00610272912
 344  0.00610272912
 345  0.00610272912
 346  0.00603007758
 347  0.00617538067
 348  0.00610272912
 349  0.00617538067
 350  0.00617538067
 351  0.00610272912
 352  0.00617538067
 353  0.00617538067
 354  0.00610272912
 355  0.00617538067
 356  0.00617538067
 357  0.00610272912
 358  0.00617538067
 359  0.00603007758
 360  0.00603007758
 361  0.00610272912
 362  0.00610272912
 363  0.00617538067
 364  0.00617538067
 365  0.00617538067
 366  0.00617538067
 367  0.00617538067
 368  0.00624803221
 369  0.00624803221
 370  0.00624803221
 371  0.00632068375
 372  0.00617538067
 373  0.00624803221
 374  0.00617538067
 375  0.00617538067
 376  0.00632068375
 377  0.00603007758
 378  0.00624803221
 379  0.00624803221
 380  0.00632068375
 381  0.00624803221
 382  0.00632068375
 383  0.00603007758
 384  0.00624803221
 385  0.00617538067
 386  0.00632068375
 387  0.00624803221
 388  0.00632068375
 389  0.00610272912
 390  0.00632068375
 391  0.00617538067
 392  0.00624803221
 393  0.00624803221
 394  0.00632068375
 395  0.00624803221
 396  0.00624803221
 397  0.00632068375
 398  0.00617538067
 399  0.00617538067
 400  0.00624803221
 401  0.00617538067
 402  0.00610272912
 403  0.00610272912
 404  0.00632068375
 405  0.00617538067
 406  0.00617538067
 407  0.00624803221
 408  0.00610272912
 409  0.00624803221
 410  0.00610272912
 411  0.00624803221
 412  0.00617538067
 413  0.00624803221
 414  0.00632068375
 415  0.00617538067
 416  0.00624803221
 417  0.00624803221
 418  0.00617538067
 419  0.00617538067
 420  0.00610272912
 421  0.00617538067
 422  0.00624803221
 423  0.00617538067
 424  0.00617538067
 425  0.00624803221
 426  0.00617538067
 427  0.00624803221
 428  0.00617538067
 429  0.00632068375
 430  0.00624803221
 431  0.00624803221
 432  0.00610272912
 433  0.00624803221
 434  0.00624803221
 435  0.00617538067
 436  0.00624803221
 437  0.00617538067
 438  0.00617538067
 439  0.00632068375
 440  0.00617538067
 441  0.00624803221
 442  0.00617538067
 443  0.00624803221
 444  0.00617538067
 445  0.00624803221
 446  0.00624803221
 447  0.00624803221
 448  0.00632068375
 449  0.00617538067
 450  0.00624803221
 451  0.00632068375
 452  0.00617538067
 453  0.00624803221
 454  0.00624803221
 455  0.00624803221
 456  0.00617538067
 457  0.00617538067
 458  0.00624803221
 459  0.00617538067
 460  0.00624803221
 461  0.00617538067
 462  0.00624803221
 463  0.00617538067
 464  0.00624803221
 465  0.00624803221
 466  0.00632068375
 467  0.00624803221
 468  0.00617538067
 469  0.00624803221
 470  0.00617538067
 471  0.00624803221
 472  0.00632068375
 473  0.00603007758
 474  0.00617538067
 475  0.00624803221
 476  0.00610272912
 477  0.00617538067
 478  0.00624803221
 479  0.00610272912
 480  0.00610272912
 481  0.00610272912
 482  0.00617538067
 483  0.00617538067
 484  0.00617538067
 485  0.00617538067
 486  0.00617538067
 487  0.00610272912
 488  0.00624803221
 489  0.00610272912
 490  0.00624803221
 491  0.00632068375
 492  0.00603007758
 493  0.00610272912
 494  0.00610272912
 495  0.00617538067
 496  0.00624803221
 497  0.00610272912
 498  0.00603007758
 499  0.00610272912
 500  0.00617538067

 1  0.00624803221
 2  0.00646598684
 3  0.00639333529
 4  0.00639333529
 5  0.00603007758
 6  0.00646598684
 7  0.00646598684
 8  0.00646598684
 9  0.00653863838
 10  0.00624803221
 11  0.00653863838
 12  0.00639333529
 13  0.00653863838
 14  0.00646598684
 15  0.00646598684
 16  0.00646598684
 17  0.00639333529
 18  0.00653863838
 19  0.00646598684
 20  0.00653863838
 21  0.00646598684
 22  0.00661128992
 23  0.00653863838
 24  0.00639333529
 25  0.00624803221
 26  0.00646598684
 27  0.00653863838
 28  0.00646598684
 29  0.00653863838
 30  0.00653863838
 31  0.00661128992
 32  0.00661128992
 33  0.00653863838
 34  0.00661128992
 35  0.00668394146
 36  0.00661128992
 37  0.00661128992
 38  0.00661128992
 39  0.00668394146
 40  0.00668394146
 41  0.00646598684
 42  0.00661128992
 43  0.00668394146
 44  0.00668394146
 45  0.00653863838
 46  0.00653863838
 47  0.00661128992
 48  0.00661128992
 49  0.00661128992
 50  0.00661128992
 51  0.00653863838
 52  0.00653863838
 53  0.00653863838
 54  0.00661128992
 55  0.00653863838
 56  0.00668394146
 57  0.00661128992
 58  0.00668394146
 59  0.00661128992
 60  0.00653863838
 61  0.00653863838
 62  0.00675659301
 63  0.00668394146
 64  0.00668394146
 65  0.00661128992
 66  0.00653863838
 67  0.00661128992
 68  0.00661128992
 69  0.00661128992
 70  0.00668394146
 71  0.00653863838
 72  0.00653863838
 73  0.00653863838
 74  0.00653863838
 75  0.00661128992
 76  0.00653863838
 77  0.00653863838
 78  0.00646598684
 79  0.00646598684
 80  0.00668394146
 81  0.00653863838
 82  0.00653863838
 83  0.00653863838
 84  0.00661128992
 85  0.00661128992
 86  0.00653863838
 87  0.00661128992
 88  0.00675659301
 89  0.00661128992
 90  0.00675659301
 91  0.00661128992
 92  0.00653863838
 93  0.00661128992
 94  0.00668394146
 95  0.00661128992
 96  0.00646598684
 97  0.00653863838
 98  0.00653863838
 99  0.00653863838
 100  0.00653863838
 101  0.00653863838
 102  0.00668394146
 103  0.00661128992
 104  0.00661128992
 105  0.00653863838
 106  0.00661128992
 107  0.00668394146
 108  0.00653863838
 109  0.00668394146
 110  0.00661128992
 111  0.00668394146
 112  0.00668394146
 113  0.00653863838
 114  0.00661128992
 115  0.00661128992
 116  0.00661128992
 117  0.00668394146
 118  0.00661128992
 119  0.00661128992
 120  0.00646598684
 121  0.00661128992
 122  0.00668394146
 123  0.00661128992
 124  0.00668394146
 125  0.00661128992
 126  0.00668394146
 127  0.00682924408
 128  0.00653863838
 129  0.00668394146
 130  0.00668394146
 131  0.00668394146
 132  0.00668394146
 133  0.00653863838
 134  0.00661128992
 135  0.00661128992
 136  0.00675659301
 137  0.00675659301
 138  0.00668394146
 139  0.00661128992
 140  0.00661128992
 141  0.00661128992
 142  0.00661128992
 143  0.00661128992
 144  0.00653863838
 145  0.00653863838
 146  0.00653863838
 147  0.00653863838
 148  0.00668394146
 149  0.00653863838
 150  0.00653863838
 151  0.00668394146
 152  0.00668394146
 153  0.00661128992
 154  0.00653863838
 155  0.00653863838
 156  0.00653863838
 157  0.00661128992
 158  0.00661128992
 159  0.00668394146
 160  0.00646598684
 161  0.00639333529
 162  0.00646598684
 163  0.00661128992
 164  0.00661128992
 165  0.00646598684
 166  0.00653863838
 167  0.00646598684
 168  0.00646598684
 169  0.00646598684
 170  0.00646598684
 171  0.00661128992
 172  0.00653863838
 173  0.00646598684
 174  0.00653863838
 175  0.00646598684
 176  0.00646598684
 177  0.00661128992
 178  0.00668394146
 179  0.00661128992
 180  0.00653863838
 181  0.00668394146
 182  0.00653863838
 183  0.00661128992
 184  0.00668394146
 185  0.00661128992
 186  0.00653863838
 187  0.00661128992
 188  0.00661128992
 189  0.00668394146
 190  0.00661128992
 191  0.00653863838
 192  0.00661128992
 193  0.00653863838
 194  0.00661128992
 195  0.00661128992
 196  0.00661128992
 197  0.00668394146
 198  0.00668394146
 199  0.00668394146
 200  0.00675659301
 201  0.00661128992
 202  0.00668394146
 203  0.00668394146
 204  0.00668394146
 205  0.00675659301
 206  0.00675659301
 207  0.00675659301
 208  0.00668394146
 209  0.00675659301
 210  0.00675659301
 211  0.00661128992
 212  0.00668394146
 213  0.00661128992
 214  0.00675659301
 215  0.00661128992
 216  0.00661128992
 217  0.00668394146
 218  0.00668394146
 219  0.00668394146
 220  0.00675659301
 221  0.00682924408
 222  0.00675659301
 223  0.00661128992
 224  0.00682924408
 225  0.00661128992
 226  0.00675659301
 227  0.00668394146
 228  0.00668394146
 229  0.00668394146
 230  0.00668394146
 231  0.00668394146
 232  0.00661128992
 233  0.00668394146
 234  0.00661128992
 235  0.00668394146
 236  0.00675659301
 237  0.00661128992
 238  0.00668394146
 239  0.00675659301
 240  0.00675659301
 241  0.00653863838
 242  0.00682924408
 243  0.00661128992
 244  0.00668394146
 245  0.00675659301
 246  0.00668394146
 247  0.00661128992
 248  0.00675659301
 249  0.00675659301
 250  0.00668394146
 251  0.00682924408
 252  0.00675659301
 253  0.00668394146
 254  0.00675659301
 255  0.00668394146
 256  0.00682924408
 257  0.00675659301
 258  0.00675659301
 259  0.00675659301
 260  0.00675659301
 261  0.00661128992
 262  0.00682924408
 263  0.00668394146
 264  0.00661128992
 265  0.00668394146
 266  0.00668394146
 267  0.00675659301
 268  0.00682924408
 269  0.00675659301
 270  0.00675659301
 271  0.00675659301
 272  0.00675659301
 273  0.00675659301
 274  0.00668394146
 275  0.00682924408
 276  0.00675659301
 277  0.00668394146
 278  0.00675659301
 279  0.00661128992
 280  0.00668394146
 281  0.00675659301
 282  0.00675659301
 283  0.00668394146
 284  0.00668394146
 285  0.00668394146
 286  0.00668394146
 287  0.00668394146
 288  0.00661128992
 289  0.00675659301
 290  0.00668394146
 291  0.00675659301
 292  0.00682924408
 293  0.00661128992
 294  0.00661128992
 295  0.00682924408
 296  0.00682924408
 297  0.00675659301
 298  0.00682924408
 299  0.00675659301
 300  0.00675659301
 301  0.00690189563
 302  0.00661128992
 303  0.00682924408
 304  0.00668394146
 305  0.00675659301
 306  0.00668394146
 307  0.00675659301
 308  0.00675659301
 309  0.00661128992
 310  0.00668394146
 311  0.00668394146
 312  0.00682924408
 313  0.00661128992
 314  0.00668394146
 315  0.00661128992
 316  0.00682924408
 317  0.00668394146
 318  0.00661128992
 319  0.00675659301
 320  0.00675659301
 321  0.00668394146
 322  0.00675659301
 323  0.00668394146
 324  0.00668394146
 325  0.00661128992
 326  0.00675659301
 327  0.00668394146
 328  0.00675659301
 329  0.00661128992
 330  0.00661128992
 331  0.00668394146
 332  0.00661128992
 333  0.00646598684
 334  0.00653863838
 335  0.00661128992
 336  0.00653863838
 337  0.00661128992
 338  0.00661128992
 339  0.00661128992
 340  0.00675659301
 341  0.00668394146
 342  0.00668394146
 343  0.00675659301
 344  0.00668394146
 345  0.00668394146
 346  0.00661128992
 347  0.00675659301
 348  0.00661128992
 349  0.00668394146
 350  0.00675659301
 351  0.00668394146
 352  0.00675659301
 353  0.00668394146
 354  0.00661128992
 355  0.00668394146
 356  0.00675659301
 357  0.00668394146
 358  0.00682924408
 359  0.00653863838
 360  0.00661128992
 361  0.00668394146
 362  0.00675659301
 363  0.00675659301
 364  0.00682924408
 365  0.00668394146
 366  0.00675659301
 367  0.00675659301
 368  0.00675659301
 369  0.00675659301
 370  0.00682924408
 371  0.00682924408
 372  0.00675659301
 373  0.00675659301
 374  0.00682924408
 375  0.00675659301
 376  0.00690189563
 377  0.00668394146
 378  0.00675659301
 379  0.00675659301
 380  0.00682924408
 381  0.00675659301
 382  0.00690189563
 383  0.00661128992
 384  0.00675659301
 385  0.00675659301
 386  0.00682924408
 387  0.00675659301
 388  0.00682924408
 389  0.00668394146
 390  0.00690189563
 391  0.00682924408
 392  0.00675659301
 393  0.00682924408
 394  0.00690189563
 395  0.00675659301
 396  0.00675659301
 397  0.00682924408
 398  0.00668394146
 399  0.00668394146
 400  0.00690189563
 401  0.00668394146
 402  0.00668394146
 403  0.00668394146
 404  0.00675659301
 405  0.00682924408
 406  0.00675659301
 407  0.00690189563
 408  0.00668394146
 409  0.00682924408
 410  0.00668394146
 411  0.00675659301
 412  0.00682924408
 413  0.00682924408
 414  0.00682924408
 415  0.00675659301
 416  0.00668394146
 417  0.00682924408
 418  0.00668394146
 419  0.00675659301
 420  0.00668394146
 421  0.00682924408
 422  0.00682924408
 423  0.00675659301
 424  0.00675659301
 425  0.00682924408
 426  0.00668394146
 427  0.00675659301
 428  0.00675659301
 429  0.00682924408
 430  0.00682924408
 431  0.00682924408
 432  0.00668394146
 433  0.00668394146
 434  0.00682924408
 435  0.00668394146
 436  0.00675659301
 437  0.00675659301
 438  0.00675659301
 439  0.00682924408
 440  0.00668394146
 441  0.00682924408
 442  0.00675659301
 443  0.00675659301
 444  0.00668394146
 445  0.00682924408
 446  0.00682924408
 447  0.00690189563
 448  0.00682924408
 449  0.00668394146
 450  0.00675659301
 451  0.00675659301
 452  0.00675659301
 453  0.00675659301
 454  0.00675659301
 455  0.00675659301
 456  0.00675659301
 457  0.00668394146
 458  0.00682924408
 459  0.00668394146
 460  0.00682924408
 461  0.00682924408
 462  0.00675659301
 463  0.00675659301
 464  0.00675659301
 465  0.00682924408
 466  0.00690189563
 467  0.00675659301
 468  0.00675659301
 469  0.00682924408
 470  0.00675659301
 471  0.00675659301
 472  0.00682924408
 473  0.00661128992
 474  0.00675659301
 475  0.00675659301
 476  0.00661128992
 477  0.00682924408
 478  0.00675659301
 479  0.00668394146
 480  0.00668394146
 481  0.00675659301
 482  0.00675659301
 483  0.00668394146
 484  0.00675659301
 485  0.00675659301
 486  0.00675659301
 487  0.00668394146
 488  0.00682924408
 489  0.00668394146
 490  0.00682924408
 491  0.00682924408
 492  0.00661128992
 493  0.00668394146
 494  0.00668394146
 495  0.00668394146
 496  0.00675659301
 497  0.00661128992
 498  0.00668394146
 499  0.00668394146
 500  0.00668394146

 1  0.00682924408
 2  0.00711985026
 3  0.00697454717
 4  0.00697454717
 5  0.00668394146
 6  0.00704719871
 7  0.00711985026
 8  0.00704719871
 9  0.0071925018
 10  0.00682924408
 11  0.00711985026
 12  0.00697454717
 13  0.00711985026
 14  0.00711985026
 15  0.00704719871
 16  0.00711985026
 17  0.00690189563
 18  0.0071925018
 19  0.00704719871
 20  0.0071925018
 21  0.00704719871
 22  0.0071925018
 23  0.00711985026
 24  0.00697454717
 25  0.00690189563
 26  0.00711985026
 27  0.00726515334
 28  0.00704719871
 29  0.00711985026
 30  0.0071925018
 31  0.00726515334
 32  0.0071925018
 33  0.00704719871
 34  0.0071925018
 35  0.00726515334
 36  0.0071925018
 37  0.00733780488
 38  0.00726515334
 39  0.0071925018
 40  0.0071925018
 41  0.00704719871
 42  0.00726515334
 43  0.00726515334
 44  0.0071925018
 45  0.00711985026
 46  0.00711985026
 47  0.0071925018
 48  0.0071925018
 49  0.0071925018
 50  0.00726515334
 51  0.00711985026
 52  0.00711985026
 53  0.00711985026
 54  0.00726515334
 55  0.0071925018
 56  0.0071925018
 57  0.0071925018
 58  0.0071925018
 59  0.0071925018
 60  0.00711985026
 61  0.00711985026
 62  0.00733780488
 63  0.00726515334
 64  0.00733780488
 65  0.00711985026
 66  0.0071925018
 67  0.00726515334
 68  0.00711985026
 69  0.0071925018
 70  0.00726515334
 71  0.00711985026
 72  0.00711985026
 73  0.0071925018
 74  0.00711985026
 75  0.00726515334
 76  0.00711985026
 77  0.00704719871
 78  0.00711985026
 79  0.00711985026
 80  0.00726515334
 81  0.00711985026
 82  0.00711985026
 83  0.00711985026
 84  0.00711985026
 85  0.00711985026
 86  0.0071925018
 87  0.0071925018
 88  0.00733780488
 89  0.00711985026
 90  0.00733780488
 91  0.00711985026
 92  0.0071925018
 93  0.0071925018
 94  0.00726515334
 95  0.00711985026
 96  0.00704719871
 97  0.00711985026
 98  0.0071925018
 99  0.00704719871
 100  0.00711985026
 101  0.00711985026
 102  0.00726515334
 103  0.00711985026
 104  0.0071925018
 105  0.00704719871
 106  0.00711985026
 107  0.00726515334
 108  0.00704719871
 109  0.00726515334
 110  0.00726515334
 111  0.00726515334
 112  0.00726515334
 113  0.00704719871
 114  0.0071925018
 115  0.0071925018
 116  0.0071925018
 117  0.00733780488
 118  0.0071925018
 119  0.00711985026
 120  0.00711985026
 121  0.00733780488
 122  0.00733780488
 123  0.0071925018
 124  0.00733780488
 125  0.00726515334
 126  0.00726515334
 127  0.00733780488
 128  0.0071925018
 129  0.0071925018
 130  0.0071925018
 131  0.00726515334
 132  0.00733780488
 133  0.00704719871
 134  0.0071925018
 135  0.0071925018
 136  0.00733780488
 137  0.00741045643
 138  0.00726515334
 139  0.00733780488
 140  0.00726515334
 141  0.0071925018
 142  0.0071925018
 143  0.0071925018
 144  0.0071925018
 145  0.0071925018
 146  0.0071925018
 147  0.00711985026
 148  0.00726515334
 149  0.00711985026
 150  0.0071925018
 151  0.00726515334
 152  0.00726515334
 153  0.00711985026
 154  0.0071925018
 155  0.0071925018
 156  0.0071925018
 157  0.0071925018
 158  0.0071925018
 159  0.00726515334
 160  0.00711985026
 161  0.00704719871
 162  0.00704719871
 163  0.0071925018
 164  0.0071925018
 165  0.00711985026
 166  0.00726515334
 167  0.00704719871
 168  0.00711985026
 169  0.00711985026
 170  0.00711985026
 171  0.00711985026
 172  0.0071925018
 173  0.00704719871
 174  0.00711985026
 175  0.00704719871
 176  0.00711985026
 177  0.0071925018
 178  0.00733780488
 179  0.00726515334
 180  0.00726515334
 181  0.00733780488
 182  0.0071925018
 183  0.00726515334
 184  0.00726515334
 185  0.00726515334
 186  0.00726515334
 187  0.00726515334
 188  0.00726515334
 189  0.00726515334
 190  0.0071925018
 191  0.00704719871
 192  0.0071925018
 193  0.00726515334
 194  0.0071925018
 195  0.00726515334
 196  0.00726515334
 197  0.00733780488
 198  0.00726515334
 199  0.00733780488
 200  0.00733780488
 201  0.0071925018
 202  0.00726515334
 203  0.00726515334
 204  0.00726515334
 205  0.00733780488
 206  0.00741045643
 207  0.00733780488
 208  0.00726515334
 209  0.00726515334
 210  0.00741045643
 211  0.00726515334
 212  0.00733780488
 213  0.00726515334
 214  0.00733780488
 215  0.00726515334
 216  0.00726515334
 217  0.00726515334
 218  0.00733780488
 219  0.00726515334
 220  0.00733780488
 221  0.00733780488
 222  0.00726515334
 223  0.0071925018
 224  0.00741045643
 225  0.00733780488
 226  0.00741045643
 227  0.00726515334
 228  0.00726515334
 229  0.00733780488
 230  0.00733780488
 231  0.00726515334
 232  0.00726515334
 233  0.00726515334
 234  0.0071925018
 235  0.00726515334
 236  0.00741045643
 237  0.00726515334
 238  0.00726515334
 239  0.00741045643
 240  0.00733780488
 241  0.00711985026
 242  0.00741045643
 243  0.0071925018
 244  0.00726515334
 245  0.00741045643
 246  0.00726515334
 247  0.0071925018
 248  0.00741045643
 249  0.00733780488
 250  0.0071925018
 251  0.00755575951
 252  0.00741045643
 253  0.00726515334
 254  0.00733780488
 255  0.00726515334
 256  0.00741045643
 257  0.00733780488
 258  0.00733780488
 259  0.00733780488
 260  0.00733780488
 261  0.00726515334
 262  0.00733780488
 263  0.00726515334
 264  0.00726515334
 265  0.00733780488
 266  0.00733780488
 267  0.00733780488
 268  0.00741045643
 269  0.00733780488
 270  0.00733780488
 271  0.00733780488
 272  0.00741045643
 273  0.00733780488
 274  0.00726515334
 275  0.00748310797
 276  0.00733780488
 277  0.00733780488
 278  0.00733780488
 279  0.0071925018
 280  0.00726515334
 281  0.00741045643
 282  0.00733780488
 283  0.00726515334
 284  0.00726515334
 285  0.00733780488
 286  0.00733780488
 287  0.0071925018
 288  0.00726515334
 289  0.00733780488
 290  0.00726515334
 291  0.00733780488
 292  0.00741045643
 293  0.00726515334
 294  0.00726515334
 295  0.00748310797
 296  0.00741045643
 297  0.00741045643
 298  0.00748310797
 299  0.00726515334
 300  0.00733780488
 301  0.00741045643
 302  0.00726515334
 303  0.00748310797
 304  0.00726515334
 305  0.00726515334
 306  0.0071925018
 307  0.00741045643
 308  0.00733780488
 309  0.00726515334
 310  0.00726515334
 311  0.00726515334
 312  0.00733780488
 313  0.00726515334
 314  0.00733780488
 315  0.0071925018
 316  0.00741045643
 317  0.0071925018
 318  0.00726515334
 319  0.00733780488
 320  0.00733780488
 321  0.00733780488
 322  0.00733780488
 323  0.00733780488
 324  0.00726515334
 325  0.0071925018
 326  0.00741045643
 327  0.0071925018
 328  0.00741045643
 329  0.00733780488
 330  0.00726515334
 331  0.00726515334
 332  0.0071925018
 333  0.00711985026
 334  0.00726515334
 335  0.00726515334
 336  0.00711985026
 337  0.0071925018
 338  0.0071925018
 339  0.00733780488
 340  0.00733780488
 341  0.00726515334
 342  0.00733780488
 343  0.00748310797
 344  0.00726515334
 345  0.00733780488
 346  0.00726515334
 347  0.00748310797
 348  0.00726515334
 349  0.00733780488
 350  0.00733780488
 351  0.00733780488
 352  0.00741045643
 353  0.00733780488
 354  0.00726515334
 355  0.00733780488
 356  0.00741045643
 357  0.00726515334
 358  0.00741045643
 359  0.0071925018
 360  0.00726515334
 361  0.00741045643
 362  0.00741045643
 363  0.00741045643
 364  0.00741045643
 365  0.00733780488
 366  0.00741045643
 367  0.00733780488
 368  0.00733780488
 369  0.00748310797
 370  0.00748310797
 371  0.00755575951
 372  0.00741045643
 373  0.00733780488
 374  0.00741045643
 375  0.00726515334
 376  0.00748310797
 377  0.0071925018
 378  0.00741045643
 379  0.00733780488
 380  0.00741045643
 381  0.00733780488
 382  0.00741045643
 383  0.0071925018
 384  0.00733780488
 385  0.00741045643
 386  0.00741045643
 387  0.00726515334
 388  0.00733780488
 389  0.00726515334
 390  0.00755575951
 391  0.00741045643
 392  0.00733780488
 393  0.00733780488
 394  0.00755575951
 395  0.00733780488
 396  0.00733780488
 397  0.00741045643
 398  0.00741045643
 399  0.00733780488
 400  0.00748310797
 401  0.00726515334
 402  0.00733780488
 403  0.00733780488
 404  0.00741045643
 405  0.00748310797
 406  0.00733780488
 407  0.00748310797
 408  0.00726515334
 409  0.00741045643
 410  0.00726515334
 411  0.00733780488
 412  0.00741045643
 413  0.00741045643
 414  0.00748310797
 415  0.00726515334
 416  0.00733780488
 417  0.00741045643
 418  0.00733780488
 419  0.00726515334
 420  0.00726515334
 421  0.00741045643
 422  0.00741045643
 423  0.00733780488
 424  0.00733780488
 425  0.00733780488
 426  0.00726515334
 427  0.00741045643
 428  0.00741045643
 429  0.00741045643
 430  0.00741045643
 431  0.00733780488
 432  0.00726515334
 433  0.00726515334
 434  0.00733780488
 435  0.00733780488
 436  0.00733780488
 437  0.00733780488
 438  0.00741045643
 439  0.00748310797
 440  0.00726515334
 441  0.00748310797
 442  0.00733780488
 443  0.00733780488
 444  0.00726515334
 445  0.00741045643
 446  0.00733780488
 447  0.00748310797
 448  0.00741045643
 449  0.00726515334
 450  0.00726515334
 451  0.00733780488
 452  0.00726515334
 453  0.00741045643
 454  0.00733780488
 455  0.00741045643
 456  0.00733780488
 457  0.00733780488
 458  0.00741045643
 459  0.00726515334
 460  0.00741045643
 461  0.00741045643
 462  0.00741045643
 463  0.00741045643
 464  0.00733780488
 465  0.00741045643
 466  0.00741045643
 467  0.00741045643
 468  0.00733780488
 469  0.00741045643
 470  0.00741045643
 471  0.00741045643
 472  0.00741045643
 473  0.00726515334
 474  0.00733780488
 475  0.00741045643
 476  0.00711985026
 477  0.00748310797
 478  0.00755575951
 479  0.00733780488
 480  0.00726515334
 481  0.00733780488
 482  0.00741045643
 483  0.00733780488
 484  0.00726515334
 485  0.00741045643
 486  0.00733780488
 487  0.00726515334
 488  0.00733780488
 489  0.00733780488
 490  0.00748310797
 491  0.00748310797
 492  0.0071925018
 493  0.00726515334
 494  0.00733780488
 495  0.00733780488
 496  0.00741045643
 497  0.00726515334
 498  0.0071925018
 499  0.00733780488
 500  0.00733780488

 1  0.00748310797
 2  0.00777371414
 3  0.0077010626
 4  0.00762841105
 5  0.00733780488
 6  0.0077010626
 7  0.00777371414
 8  0.0077010626
 9  0.00784636568
 10  0.00755575951
 11  0.00791901723
 12  0.00762841105
 13  0.00791901723
 14  0.00784636568
 15  0.0077010626
 16  0.00777371414
 17  0.00762841105
 18  0.00784636568
 19  0.00784636568
 20  0.00799166877
 21  0.0077010626
 22  0.00784636568
 23  0.00784636568
 24  0.00755575951
 25  0.00755575951
 26  0.00784636568
 27  0.00799166877
 28  0.0077010626
 29  0.00784636568
 30  0.00791901723
 31  0.00791901723
 32  0.00784636568
 33  0.0077010626
 34  0.00784636568
 35  0.00791901723
 36  0.00784636568
 37  0.00799166877
 38  0.00791901723
 39  0.00784636568
 40  0.00791901723
 41  0.00777371414
 42  0.00791901723
 43  0.00784636568
 44  0.00791901723
 45  0.00777371414
 46  0.00777371414
 47  0.00791901723
 48  0.00784636568
 49  0.0077010626
 50  0.00791901723
 51  0.00784636568
 52  0.00784636568
 53  0.00777371414
 54  0.00784636568
 55  0.00784636568
 56  0.00784636568
 57  0.00777371414
 58  0.00784636568
 59  0.00777371414
 60  0.00762841105
 61  0.00784636568
 62  0.00799166877
 63  0.00799166877
 64  0.00806432031
 65  0.00777371414
 66  0.00777371414
 67  0.00777371414
 68  0.00784636568
 69  0.00777371414
 70  0.00791901723
 71  0.00777371414
 72  0.00777371414
 73  0.00791901723
 74  0.00784636568
 75  0.00784636568
 76  0.00777371414
 77  0.0077010626
 78  0.00777371414
 79  0.00777371414
 80  0.00799166877
 81  0.00777371414
 82  0.00784636568
 83  0.00784636568
 84  0.00777371414
 85  0.00777371414
 86  0.00777371414
 87  0.00784636568
 88  0.00791901723
 89  0.00777371414
 90  0.00799166877
 91  0.0077010626
 92  0.00777371414
 93  0.00784636568
 94  0.00784636568
 95  0.00777371414
 96  0.0077010626
 97  0.00777371414
 98  0.00799166877
 99  0.0077010626
 100  0.00777371414
 101  0.00784636568
 102  0.00784636568
 103  0.00777371414
 104  0.00784636568
 105  0.00777371414
 106  0.00777371414
 107  0.00791901723
 108  0.00777371414
 109  0.00791901723
 110  0.00784636568
 111  0.00799166877
 112  0.00799166877
 113  0.0077010626
 114  0.00784636568
 115  0.00777371414
 116  0.00791901723
 117  0.00784636568
 118  0.00784636568
 119  0.00777371414
 120  0.0077010626
 121  0.00799166877
 122  0.00799166877
 123  0.00784636568
 124  0.00799166877
 125  0.00791901723
 126  0.00791901723
 127  0.00813697185
 128  0.00784636568
 129  0.00791901723
 130  0.00784636568
 131  0.00799166877
 132  0.00799166877
 133  0.0077010626
 134  0.00799166877
 135  0.00791901723
 136  0.00791901723
 137  0.00799166877
 138  0.00784636568
 139  0.00806432031
 140  0.00791901723
 141  0.00791901723
 142  0.00791901723
 143  0.00784636568
 144  0.00791901723
 145  0.00784636568
 146  0.00784636568
 147  0.00784636568
 148  0.00791901723
 149  0.00784636568
 150  0.00791901723
 151  0.00784636568
 152  0.00799166877
 153  0.00784636568
 154  0.00791901723
 155  0.00791901723
 156  0.00777371414
 157  0.00784636568
 158  0.00791901723
 159  0.00791901723
 160  0.00777371414
 161  0.0077010626
 162  0.00777371414
 163  0.00777371414
 164  0.00784636568
 165  0.00777371414
 166  0.00791901723
 167  0.00777371414
 168  0.0077010626
 169  0.00777371414
 170  0.00791901723
 171  0.00777371414
 172  0.00784636568
 173  0.00777371414
 174  0.00777371414
 175  0.00784636568
 176  0.00791901723
 177  0.00791901723
 178  0.00799166877
 179  0.00799166877
 180  0.00784636568
 181  0.00791901723
 182  0.00791901723
 183  0.00791901723
 184  0.00799166877
 185  0.00784636568
 186  0.00806432031
 187  0.00791901723
 188  0.00806432031
 189  0.00799166877
 190  0.00784636568
 191  0.00777371414
 192  0.00784636568
 193  0.00806432031
 194  0.00784636568
 195  0.00799166877
 196  0.00791901723
 197  0.00806432031
 198  0.00791901723
 199  0.00806432031
 200  0.00799166877
 201  0.00791901723
 202  0.00799166877
 203  0.00799166877
 204  0.00799166877
 205  0.00799166877
 206  0.00806432031
 207  0.00799166877
 208  0.00784636568
 209  0.00791901723
 210  0.00799166877
 211  0.00791901723
 212  0.00806432031
 213  0.00799166877
 214  0.00806432031
 215  0.00791901723
 216  0.00791901723
 217  0.00799166877
 218  0.00799166877
 219  0.00791901723
 220  0.00799166877
 221  0.00806432031
 222  0.00799166877
 223  0.00784636568
 224  0.00806432031
 225  0.00799166877
 226  0.00806432031
 227  0.00791901723
 228  0.00791901723
 229  0.00791901723
 230  0.00799166877
 231  0.00791901723
 232  0.00799166877
 233  0.00799166877
 234  0.00791901723
 235  0.00806432031
 236  0.00799166877
 237  0.00799166877
 238  0.00777371414
 239  0.00806432031
 240  0.00799166877
 241  0.00784636568
 242  0.00813697185
 243  0.00791901723
 244  0.00799166877
 245  0.00806432031
 246  0.00784636568
 247  0.00791901723
 248  0.00813697185
 249  0.00806432031
 250  0.00784636568
 251  0.00813697185
 252  0.00806432031
 253  0.00799166877
 254  0.00806432031
 255  0.00791901723
 256  0.00813697185
 257  0.00806432031
 258  0.00799166877
 259  0.00791901723
 260  0.00806432031
 261  0.00799166877
 262  0.00806432031
 263  0.00784636568
 264  0.00791901723
 265  0.00791901723
 266  0.00799166877
 267  0.00791901723
 268  0.00791901723
 269  0.00791901723
 270  0.00799166877
 271  0.00799166877
 272  0.00806432031
 273  0.00806432031
 274  0.00791901723
 275  0.00806432031
 276  0.00799166877
 277  0.00791901723
 278  0.00791901723
 279  0.00791901723
 280  0.00799166877
 281  0.00799166877
 282  0.00791901723
 283  0.00791901723
 284  0.00791901723
 285  0.00799166877
 286  0.00806432031
 287  0.00791901723
 288  0.00791901723
 289  0.00806432031
 290  0.00791901723
 291  0.00799166877
 292  0.00806432031
 293  0.00799166877
 294  0.00791901723
 295  0.00806432031
 296  0.00799166877
 297  0.00806432031
 298  0.00806432031
 299  0.00791901723
 300  0.00806432031
 301  0.00806432031
 302  0.00806432031
 303  0.00806432031
 304  0.00799166877
 305  0.00791901723
 306  0.00799166877
 307  0.00806432031
 308  0.00806432031
 309  0.00791901723
 310  0.00799166877
 311  0.00791901723
 312  0.00806432031
 313  0.00791901723
 314  0.00806432031
 315  0.00784636568
 316  0.00813697185
 317  0.00799166877
 318  0.00791901723
 319  0.00799166877
 320  0.00791901723
 321  0.00799166877
 322  0.00813697185
 323  0.00799166877
 324  0.00799166877
 325  0.00784636568
 326  0.00813697185
 327  0.00784636568
 328  0.00806432031
 329  0.00799166877
 330  0.00799166877
 331  0.00799166877
 332  0.00784636568
 333  0.00784636568
 334  0.00799166877
 335  0.00791901723
 336  0.00784636568
 337  0.00784636568
 338  0.00784636568
 339  0.00806432031
 340  0.00799166877
 341  0.00799166877
 342  0.00791901723
 343  0.00813697185
 344  0.00799166877
 345  0.00806432031
 346  0.00799166877
 347  0.00813697185
 348  0.00799166877
 349  0.00799166877
 350  0.00806432031
 351  0.00799166877
 352  0.00806432031
 353  0.00813697185
 354  0.00791901723
 355  0.00799166877
 356  0.00799166877
 357  0.00791901723
 358  0.00799166877
 359  0.00791901723
 360  0.00791901723
 361  0.00806432031
 362  0.00813697185
 363  0.00806432031
 364  0.0082096234
 365  0.00799166877
 366  0.0082096234
 367  0.00806432031
 368  0.00799166877
 369  0.00813697185
 370  0.00813697185
 371  0.00813697185
 372  0.00799166877
 373  0.00799166877
 374  0.00813697185
 375  0.00806432031
 376  0.00813697185
 377  0.00784636568
 378  0.00799166877
 379  0.00806432031
 380  0.00806432031
 381  0.00799166877
 382  0.00806432031
 383  0.00784636568
 384  0.00799166877
 385  0.00813697185
 386  0.00806432031
 387  0.00791901723
 388  0.00799166877
 389  0.00799166877
 390  0.00813697185
 391  0.00813697185
 392  0.00799166877
 393  0.00799166877
 394  0.0082096234
 395  0.00799166877
 396  0.00799166877
 397  0.00806432031
 398  0.00799166877
 399  0.00806432031
 400  0.00799166877
 401  0.00799166877
 402  0.00799166877
 403  0.00791901723
 404  0.00799166877
 405  0.00806432031
 406  0.00806432031
 407  0.00806432031
 408  0.00784636568
 409  0.00806432031
 410  0.00799166877
 411  0.00799166877
 412  0.00806432031
 413  0.00799166877
 414  0.00813697185
 415  0.00791901723
 416  0.00791901723
 417  0.00806432031
 418  0.00806432031
 419  0.00799166877
 420  0.00791901723
 421  0.00806432031
 422  0.00806432031
 423  0.00799166877
 424  0.00799166877
 425  0.00791901723
 426  0.00791901723
 427  0.00799166877
 428  0.00799166877
 429  0.00799166877
 430  0.00799166877
 431  0.00799166877
 432  0.00784636568
 433  0.00784636568
 434  0.00806432031
 435  0.00799166877
 436  0.00791901723
 437  0.00806432031
 438  0.00806432031
 439  0.00806432031
 440  0.00799166877
 441  0.00806432031
 442  0.00806432031
 443  0.00799166877
 444  0.00799166877
 445  0.00813697185
 446  0.00806432031
 447  0.00813697185
 448  0.00806432031
 449  0.00791901723
 450  0.00791901723
 451  0.00806432031
 452  0.00799166877
 453  0.00806432031
 454  0.00799166877
 455  0.00806432031
 456  0.00799166877
 457  0.00806432031
 458  0.00806432031
 459  0.00791901723
 460  0.00813697185
 461  0.00813697185
 462  0.00806432031
 463  0.00799166877
 464  0.00791901723
 465  0.00791901723
 466  0.00813697185
 467  0.00806432031
 468  0.00791901723
 469  0.00813697185
 470  0.0082096234
 471  0.00813697185
 472  0.00806432031
 473  0.00806432031
 474  0.00799166877
 475  0.00799166877
 476  0.00777371414
 477  0.00813697185
 478  0.00813697185
 479  0.00799166877
 480  0.00799166877
 481  0.00806432031
 482  0.00806432031
 483  0.00806432031
 484  0.00791901723
 485  0.00806432031
 486  0.00806432031
 487  0.00799166877
 488  0.00813697185
 489  0.00806432031
 490  0.00813697185
 491  0.00813697185
 492  0.00799166877
 493  0.00799166877
 494  0.00791901723
 495  0.00806432031
 496  0.00806432031
 497  0.00791901723
 498  0.00791901723
 499  0.00799166877
 500  0.00799166877

 1  0.00835492648
 2  0.00850022957
 3  0.00842757802
 4  0.00842757802
 5  0.00799166877
 6  0.00850022957
 7  0.00850022957
 8  0.00842757802
 9  0.00864553265
 10  0.00842757802
 11  0.0087181842
 12  0.00850022957
 13  0.0087181842
 14  0.00857288111
 15  0.00864553265
 16  0.00850022957
 17  0.00835492648
 18  0.00864553265
 19  0.00857288111
 20  0.00864553265
 21  0.00850022957
 22  0.00864553265
 23  0.00864553265
 24  0.00835492648
 25  0.00835492648
 26  0.00864553265
 27  0.0087181842
 28  0.00835492648
 29  0.0087181842
 30  0.0087181842
 31  0.0087181842
 32  0.00850022957
 33  0.00850022957
 34  0.00864553265
 35  0.0087181842
 36  0.00864553265
 37  0.0087181842
 38  0.0087181842
 39  0.00864553265
 40  0.00850022957
 41  0.00850022957
 42  0.0087181842
 43  0.00857288111
 44  0.00857288111
 45  0.00857288111
 46  0.00850022957
 47  0.0087181842
 48  0.00857288111
 49  0.00842757802
 50  0.0087181842
 51  0.0087181842
 52  0.00857288111
 53  0.00857288111
 54  0.00857288111
 55  0.00864553265
 56  0.00857288111
 57  0.00864553265
 58  0.00857288111
 59  0.00857288111
 60  0.00842757802
 61  0.00857288111
 62  0.0087181842
 63  0.00886348728
 64  0.00879083574
 65  0.00850022957
 66  0.00864553265
 67  0.00857288111
 68  0.00864553265
 69  0.00857288111
 70  0.00864553265
 71  0.0087181842
 72  0.00850022957
 73  0.00864553265
 74  0.00864553265
 75  0.00864553265
 76  0.00864553265
 77  0.00842757802
 78  0.00857288111
 79  0.00850022957
 80  0.00864553265
 81  0.00842757802
 82  0.00850022957
 83  0.0087181842
 84  0.00864553265
 85  0.00850022957
 86  0.00857288111
 87  0.00864553265
 88  0.0087181842
 89  0.00850022957
 90  0.0087181842
 91  0.00850022957
 92  0.00850022957
 93  0.00857288111
 94  0.00864553265
 95  0.00850022957
 96  0.00850022957
 97  0.00857288111
 98  0.0087181842
 99  0.00850022957
 100  0.00857288111
 101  0.00850022957
 102  0.00857288111
 103  0.00857288111
 104  0.00857288111
 105  0.00857288111
 106  0.00864553265
 107  0.00857288111
 108  0.00850022957
 109  0.00879083574
 110  0.00864553265
 111  0.0087181842
 112  0.00864553265
 113  0.00835492648
 114  0.00857288111
 115  0.00857288111
 116  0.0087181842
 117  0.00857288111
 118  0.00864553265
 119  0.00864553265
 120  0.00857288111
 121  0.00879083574
 122  0.0087181842
 123  0.00864553265
 124  0.0087181842
 125  0.00857288111
 126  0.00857288111
 127  0.00886348728
 128  0.00857288111
 129  0.00879083574
 130  0.0087181842
 131  0.00864553265
 132  0.0087181842
 133  0.00857288111
 134  0.00879083574
 135  0.00864553265
 136  0.00864553265
 137  0.00886348728
 138  0.00857288111
 139  0.00886348728
 140  0.0087181842
 141  0.00864553265
 142  0.0087181842
 143  0.00857288111
 144  0.00864553265
 145  0.0087181842
 146  0.00857288111
 147  0.00857288111
 148  0.00864553265
 149  0.0087181842
 150  0.00857288111
 151  0.0087181842
 152  0.0087181842
 153  0.00857288111
 154  0.0087181842
 155  0.00864553265
 156  0.00864553265
 157  0.00864553265
 158  0.00857288111
 159  0.00886348728
 160  0.00850022957
 161  0.00850022957
 162  0.00857288111
 163  0.00850022957
 164  0.00879083574
 165  0.00850022957
 166  0.00879083574
 167  0.00850022957
 168  0.00857288111
 169  0.00864553265
 170  0.0087181842
 171  0.00857288111
 172  0.00857288111
 173  0.00864553265
 174  0.00850022957
 175  0.0087181842
 176  0.00879083574
 177  0.0087181842
 178  0.00879083574
 179  0.00879083574
 180  0.0087181842
 181  0.0087181842
 182  0.0087181842
 183  0.00879083574
 184  0.0087181842
 185  0.00864553265
 186  0.00879083574
 187  0.00864553265
 188  0.00886348728
 189  0.0087181842
 190  0.00857288111
 191  0.00850022957
 192  0.00857288111
 193  0.00886348728
 194  0.00857288111
 195  0.0087181842
 196  0.0087181842
 197  0.0087181842
 198  0.0087181842
 199  0.00879083574
 200  0.00879083574
 201  0.00857288111
 202  0.0087181842
 203  0.00886348728
 204  0.00886348728
 205  0.00886348728
 206  0.00879083574
 207  0.0087181842
 208  0.00857288111
 209  0.00864553265
 210  0.00879083574
 211  0.00879083574
 212  0.00879083574
 213  0.00879083574
 214  0.00886348728
 215  0.0087181842
 216  0.0087181842
 217  0.00864553265
 218  0.0087181842
 219  0.0087181842
 220  0.0087181842
 221  0.00886348728
 222  0.0087181842
 223  0.00879083574
 224  0.00879083574
 225  0.00879083574
 226  0.00879083574
 227  0.00857288111
 228  0.00857288111
 229  0.00864553265
 230  0.00857288111
 231  0.00879083574
 232  0.0087181842
 233  0.0087181842
 234  0.0087181842
 235  0.0087181842
 236  0.00864553265
 237  0.00879083574
 238  0.00864553265
 239  0.0087181842
 240  0.0087181842
 241  0.00864553265
 242  0.00886348728
 243  0.0087181842
 244  0.0087181842
 245  0.00886348728
 246  0.00857288111
 247  0.0087181842
 248  0.00886348728
 249  0.0087181842
 250  0.00864553265
 251  0.00893613882
 252  0.00879083574
 253  0.00864553265
 254  0.0087181842
 255  0.00864553265
 256  0.00886348728
 257  0.00886348728
 258  0.00879083574
 259  0.00864553265
 260  0.00879083574
 261  0.00879083574
 262  0.0087181842
 263  0.00864553265
 264  0.00857288111
 265  0.00864553265
 266  0.00864553265
 267  0.00864553265
 268  0.0087181842
 269  0.0087181842
 270  0.00879083574
 271  0.0087181842
 272  0.00879083574
 273  0.00879083574
 274  0.00864553265
 275  0.00886348728
 276  0.00864553265
 277  0.00857288111
 278  0.00864553265
 279  0.00864553265
 280  0.00886348728
 281  0.00886348728
 282  0.0087181842
 283  0.00864553265
 284  0.0087181842
 285  0.00864553265
 286  0.00879083574
 287  0.00879083574
 288  0.00886348728
 289  0.00879083574
 290  0.00879083574
 291  0.0087181842
 292  0.00879083574
 293  0.0087181842
 294  0.0087181842
 295  0.00879083574
 296  0.00886348728
 297  0.00886348728
 298  0.0087181842
 299  0.0087181842
 300  0.00879083574
 301  0.00893613882
 302  0.0087181842
 303  0.00886348728
 304  0.00879083574
 305  0.0087181842
 306  0.0087181842
 307  0.00886348728
 308  0.00886348728
 309  0.0087181842
 310  0.00879083574
 311  0.0087181842
 312  0.00893613882
 313  0.00864553265
 314  0.00879083574
 315  0.00864553265
 316  0.00879083574
 317  0.00879083574
 318  0.00864553265
 319  0.0087181842
 320  0.0087181842
 321  0.00879083574
 322  0.00886348728
 323  0.0087181842
 324  0.00879083574
 325  0.0087181842
 326  0.00893613882
 327  0.00864553265
 328  0.00900879037
 329  0.0087181842
 330  0.00879083574
 331  0.00879083574
 332  0.00857288111
 333  0.00864553265
 334  0.00879083574
 335  0.00886348728
 336  0.0087181842
 337  0.00864553265
 338  0.0087181842
 339  0.0087181842
 340  0.00879083574
 341  0.00879083574
 342  0.00879083574
 343  0.00893613882
 344  0.00879083574
 345  0.00886348728
 346  0.00879083574
 347  0.00893613882
 348  0.00879083574
 349  0.0087181842
 350  0.00879083574
 351  0.00864553265
 352  0.00879083574
 353  0.00879083574
 354  0.00864553265
 355  0.0087181842
 356  0.0087181842
 357  0.00857288111
 358  0.0087181842
 359  0.00864553265
 360  0.0087181842
 361  0.00893613882
 362  0.00893613882
 363  0.00886348728
 364  0.00886348728
 365  0.00893613882
 366  0.00886348728
 367  0.00879083574
 368  0.00879083574
 369  0.00900879037
 370  0.00879083574
 371  0.00893613882
 372  0.0087181842
 373  0.0087181842
 374  0.00886348728
 375  0.00886348728
 376  0.00886348728
 377  0.00864553265
 378  0.0087181842
 379  0.00879083574
 380  0.0087181842
 381  0.00879083574
 382  0.0087181842
 383  0.00864553265
 384  0.0087181842
 385  0.00893613882
 386  0.00879083574
 387  0.00879083574
 388  0.0087181842
 389  0.00879083574
 390  0.00886348728
 391  0.00886348728
 392  0.0087181842
 393  0.00879083574
 394  0.00886348728
 395  0.0087181842
 396  0.0087181842
 397  0.00879083574
 398  0.00879083574
 399  0.00879083574
 400  0.00879083574
 401  0.00879083574
 402  0.0087181842
 403  0.0087181842
 404  0.00886348728
 405  0.00879083574
 406  0.00879083574
 407  0.0087181842
 408  0.00879083574
 409  0.0087181842
 410  0.00879083574
 411  0.00879083574
 412  0.00886348728
 413  0.0087181842
 414  0.00879083574
 415  0.0087181842
 416  0.00864553265
 417  0.00879083574
 418  0.0087181842
 419  0.00893613882
 420  0.0087181842
 421  0.00879083574
 422  0.00879083574
 423  0.00879083574
 424  0.00864553265
 425  0.00879083574
 426  0.00864553265
 427  0.00879083574
 428  0.00886348728
 429  0.0087181842
 430  0.0087181842
 431  0.0087181842
 432  0.00864553265
 433  0.00864553265
 434  0.00893613882
 435  0.0087181842
 436  0.0087181842
 437  0.00879083574
 438  0.00886348728
 439  0.00879083574
 440  0.00864553265
 441  0.00893613882
 442  0.00886348728
 443  0.0087181842
 444  0.0087181842
 445  0.00879083574
 446  0.00886348728
 447  0.00893613882
 448  0.00879083574
 449  0.0087181842
 450  0.0087181842
 451  0.00879083574
 452  0.00864553265
 453  0.00879083574
 454  0.0087181842
 455  0.00893613882
 456  0.0087181842
 457  0.00886348728
 458  0.00879083574
 459  0.0087181842
 460  0.00886348728
 461  0.00893613882
 462  0.00879083574
 463  0.00893613882
 464  0.0087181842
 465  0.0087181842
 466  0.00886348728
 467  0.00886348728
 468  0.00864553265
 469  0.00893613882
 470  0.00900879037
 471  0.00886348728
 472  0.00886348728
 473  0.00886348728
 474  0.00886348728
 475  0.0087181842
 476  0.00857288111
 477  0.00893613882
 478  0.00879083574
 479  0.00879083574
 480  0.00879083574
 481  0.00879083574
 482  0.00893613882
 483  0.00886348728
 484  0.0087181842
 485  0.00879083574
 486  0.00886348728
 487  0.00886348728
 488  0.00893613882
 489  0.00908144191
 490  0.00893613882
 491  0.00900879037
 492  0.0087181842
 493  0.0087181842
 494  0.0087181842
 495  0.00886348728
 496  0.00886348728
 497  0.00879083574
 498  0.00879083574
 499  0.0087181842
 500  0.00886348728

 1  0.00937204808
 2  0.00944469962
 3  0.00929939654
 4  0.00944469962
 5  0.00879083574
 6  0.00929939654
 7  0.00944469962
 8  0.00929939654
 9  0.00951735117
 10  0.00951735117
 11  0.00966265425
 12  0.00951735117
 13  0.00973530579
 14  0.00951735117
 15  0.00973530579
 16  0.00951735117
 17  0.00922674499
 18  0.00951735117
 19  0.00959000271
 20  0.00966265425
 21  0.00951735117
 22  0.00973530579
 23  0.00966265425
 24  0.00929939654
 25  0.00922674499
 26  0.00951735117
 27  0.00959000271
 28  0.00929939654
 29  0.00959000271
 30  0.00966265425
 31  0.00966265425
 32  0.00944469962
 33  0.00944469962
 34  0.00944469962
 35  0.00959000271
 36  0.00944469962
 37  0.00959000271
 38  0.00959000271
 39  0.00959000271
 40  0.00951735117
 41  0.00944469962
 42  0.00959000271
 43  0.00944469962
 44  0.00959000271
 45  0.00959000271
 46  0.00951735117
 47  0.00951735117
 48  0.00944469962
 49  0.00937204808
 50  0.00959000271
 51  0.00966265425
 52  0.00944469962
 53  0.00944469962
 54  0.00944469962
 55  0.00951735117
 56  0.00951735117
 57  0.00959000271
 58  0.00951735117
 59  0.00959000271
 60  0.00937204808
 61  0.00951735117
 62  0.00959000271
 63  0.00959000271
 64  0.00966265425
 65  0.00929939654
 66  0.00951735117
 67  0.00944469962
 68  0.00944469962
 69  0.00944469962
 70  0.00966265425
 71  0.00959000271
 72  0.00944469962
 73  0.00944469962
 74  0.00944469962
 75  0.00959000271
 76  0.00944469962
 77  0.00929939654
 78  0.00937204808
 79  0.00951735117
 80  0.00951735117
 81  0.00937204808
 82  0.00929939654
 83  0.00966265425
 84  0.00951735117
 85  0.00937204808
 86  0.00937204808
 87  0.00951735117
 88  0.00944469962
 89  0.00937204808
 90  0.00951735117
 91  0.00929939654
 92  0.00929939654
 93  0.00944469962
 94  0.00959000271
 95  0.00937204808
 96  0.00929939654
 97  0.00951735117
 98  0.00959000271
 99  0.00944469962
 100  0.00944469962
 101  0.00937204808
 102  0.00944469962
 103  0.00959000271
 104  0.00951735117
 105  0.00951735117
 106  0.00966265425
 107  0.00966265425
 108  0.00937204808
 109  0.00966265425
 110  0.00944469962
 111  0.00951735117
 112  0.00959000271
 113  0.00922674499
 114  0.00944469962
 115  0.00951735117
 116  0.00959000271
 117  0.00951735117
 118  0.00959000271
 119  0.00951735117
 120  0.00959000271
 121  0.00966265425
 122  0.00959000271
 123  0.00959000271
 124  0.00959000271
 125  0.00951735117
 126  0.00944469962
 127  0.00959000271
 128  0.00951735117
 129  0.00959000271
 130  0.00959000271
 131  0.00959000271
 132  0.00951735117
 133  0.00951735117
 134  0.00973530579
 135  0.00951735117
 136  0.00966265425
 137  0.00966265425
 138  0.00937204808
 139  0.00980795734
 140  0.00966265425
 141  0.00966265425
 142  0.00966265425
 143  0.00951735117
 144  0.00959000271
 145  0.00973530579
 146  0.00951735117
 147  0.00951735117
 148  0.00951735117
 149  0.00959000271
 150  0.00944469962
 151  0.00966265425
 152  0.00951735117
 153  0.00951735117
 154  0.00966265425
 155  0.00966265425
 156  0.00966265425
 157  0.00973530579
 158  0.00951735117
 159  0.00973530579
 160  0.00944469962
 161  0.00944469962
 162  0.00951735117
 163  0.00937204808
 164  0.00966265425
 165  0.00959000271
 166  0.00973530579
 167  0.00951735117
 168  0.00959000271
 169  0.00951735117
 170  0.00966265425
 171  0.00951735117
 172  0.00944469962
 173  0.00944469962
 174  0.00951735117
 175  0.00951735117
 176  0.00973530579
 177  0.00966265425
 178  0.00973530579
 179  0.00966265425
 180  0.00959000271
 181  0.00966265425
 182  0.00959000271
 183  0.00966265425
 184  0.00951735117
 185  0.00951735117
 186  0.00973530579
 187  0.00966265425
 188  0.00980795734
 189  0.00966265425
 190  0.00944469962
 191  0.00951735117
 192  0.00959000271
 193  0.00980795734
 194  0.00951735117
 195  0.00973530579
 196  0.00959000271
 197  0.00973530579
 198  0.00966265425
 199  0.00966265425
 200  0.00973530579
 201  0.00937204808
 202  0.00966265425
 203  0.00973530579
 204  0.00973530579
 205  0.00973530579
 206  0.00966265425
 207  0.00966265425
 208  0.00951735117
 209  0.00959000271
 210  0.00951735117
 211  0.00959000271
 212  0.00973530579
 213  0.00966265425
 214  0.00980795734
 215  0.00959000271
 216  0.00951735117
 217  0.00966265425
 218  0.00951735117
 219  0.00973530579
 220  0.00959000271
 221  0.00959000271
 222  0.00951735117
 223  0.00973530579
 224  0.00966265425
 225  0.00973530579
 226  0.00966265425
 227  0.00944469962
 228  0.00951735117
 229  0.00959000271
 230  0.00951735117
 231  0.00959000271
 232  0.00959000271
 233  0.00966265425
 234  0.00959000271
 235  0.00966265425
 236  0.00951735117
 237  0.00966265425
 238  0.00951735117
 239  0.00966265425
 240  0.00966265425
 241  0.00959000271
 242  0.00973530579
 243  0.00951735117
 244  0.00966265425
 245  0.00973530579
 246  0.00951735117
 247  0.00959000271
 248  0.00966265425
 249  0.00966265425
 250  0.00966265425
 251  0.00988060888
 252  0.00966265425
 253  0.00951735117
 254  0.00966265425
 255  0.00951735117
 256  0.00966265425
 257  0.00966265425
 258  0.00959000271
 259  0.00959000271
 260  0.00966265425
 261  0.00966265425
 262  0.00973530579
 263  0.00951735117
 264  0.00951735117
 265  0.00959000271
 266  0.00959000271
 267  0.00959000271
 268  0.00959000271
 269  0.00959000271
 270  0.00966265425
 271  0.00980795734
 272  0.00966265425
 273  0.00973530579
 274  0.00959000271
 275  0.00966265425
 276  0.00951735117
 277  0.00959000271
 278  0.00959000271
 279  0.00973530579
 280  0.00973530579
 281  0.00959000271
 282  0.00959000271
 283  0.00959000271
 284  0.00966265425
 285  0.00959000271
 286  0.00959000271
 287  0.00951735117
 288  0.00973530579
 289  0.00959000271
 290  0.00973530579
 291  0.00951735117
 292  0.00973530579
 293  0.00973530579
 294  0.00966265425
 295  0.00973530579
 296  0.00966265425
 297  0.00980795734
 298  0.00966265425
 299  0.00959000271
 300  0.00973530579
 301  0.00988060888
 302  0.00966265425
 303  0.00973530579
 304  0.00959000271
 305  0.00959000271
 306  0.00966265425
 307  0.00988060888
 308  0.00973530579
 309  0.00966265425
 310  0.00973530579
 311  0.00980795734
 312  0.00988060888
 313  0.00959000271
 314  0.00980795734
 315  0.00944469962
 316  0.00973530579
 317  0.00966265425
 318  0.00959000271
 319  0.00959000271
 320  0.00966265425
 321  0.00980795734
 322  0.00980795734
 323  0.00959000271
 324  0.00959000271
 325  0.00966265425
 326  0.00973530579
 327  0.00966265425
 328  0.00988060888
 329  0.00966265425
 330  0.00966265425
 331  0.00973530579
 332  0.00951735117
 333  0.00959000271
 334  0.00973530579
 335  0.00959000271
 336  0.00973530579
 337  0.00951735117
 338  0.00966265425
 339  0.00966265425
 340  0.00959000271
 341  0.00973530579
 342  0.00980795734
 343  0.00973530579
 344  0.00966265425
 345  0.00973530579
 346  0.00980795734
 347  0.00995326042
 348  0.00966265425
 349  0.00973530579
 350  0.00966265425
 351  0.00951735117
 352  0.00973530579
 353  0.00966265425
 354  0.00959000271
 355  0.00951735117
 356  0.00973530579
 357  0.00951735117
 358  0.00951735117
 359  0.00951735117
 360  0.00951735117
 361  0.00988060888
 362  0.00980795734
 363  0.00980795734
 364  0.00988060888
 365  0.00980795734
 366  0.00973530579
 367  0.00973530579
 368  0.00973530579
 369  0.00988060888
 370  0.00973530579
 371  0.00980795734
 372  0.00966265425
 373  0.00959000271
 374  0.00973530579
 375  0.00973530579
 376  0.00980795734
 377  0.00951735117
 378  0.00959000271
 379  0.00973530579
 380  0.00973530579
 381  0.00966265425
 382  0.00966265425
 383  0.00951735117
 384  0.00951735117
 385  0.00980795734
 386  0.00973530579
 387  0.00959000271
 388  0.00959000271
 389  0.00966265425
 390  0.00988060888
 391  0.00966265425
 392  0.00966265425
 393  0.00980795734
 394  0.00973530579
 395  0.00973530579
 396  0.00959000271
 397  0.00959000271
 398  0.00973530579
 399  0.00973530579
 400  0.00966265425
 401  0.00973530579
 402  0.00966265425
 403  0.00951735117
 404  0.00988060888
 405  0.00973530579
 406  0.00966265425
 407  0.00951735117
 408  0.00966265425
 409  0.00966265425
 410  0.00959000271
 411  0.00966265425
 412  0.00966265425
 413  0.00959000271
 414  0.00959000271
 415  0.00966265425
 416  0.00944469962
 417  0.00973530579
 418  0.00966265425
 419  0.00988060888
 420  0.00959000271
 421  0.00973530579
 422  0.00966265425
 423  0.00973530579
 424  0.00951735117
 425  0.00959000271
 426  0.00959000271
 427  0.00966265425
 428  0.00980795734
 429  0.00959000271
 430  0.00966265425
 431  0.00944469962
 432  0.00951735117
 433  0.00951735117
 434  0.00973530579
 435  0.00966265425
 436  0.00973530579
 437  0.00959000271
 438  0.00980795734
 439  0.00959000271
 440  0.00959000271
 441  0.00966265425
 442  0.00966265425
 443  0.00951735117
 444  0.00973530579
 445  0.00980795734
 446  0.00973530579
 447  0.00988060888
 448  0.00966265425
 449  0.00966265425
 450  0.00966265425
 451  0.00973530579
 452  0.00966265425
 453  0.00966265425
 454  0.00959000271
 455  0.00973530579
 456  0.00959000271
 457  0.00973530579
 458  0.00966265425
 459  0.00959000271
 460  0.00973530579
 461  0.00980795734
 462  0.00966265425
 463  0.00980795734
 464  0.00959000271
 465  0.00973530579
 466  0.00973530579
 467  0.00966265425
 468  0.00959000271
 469  0.00995326042
 470  0.00995326042
 471  0.00988060888
 472  0.00980795734
 473  0.00980795734
 474  0.00980795734
 475  0.00966265425
 476  0.00951735117
 477  0.00980795734
 478  0.00973530579
 479  0.00973530579
 480  0.00973530579
 481  0.00973530579
 482  0.00988060888
 483  0.00988060888
 484  0.00966265425
 485  0.00973530579
 486  0.00966265425
 487  0.00966265425
 488  0.00988060888
 489  0.00995326042
 490  0.00973530579
 491  0.00988060888
 492  0.00973530579
 493  0.00973530579
 494  0.00973530579
 495  0.00980795734
 496  0.00966265425
 497  0.00980795734
 498  0.00973530579
 499  0.00959000271
 500  0.00973530579

 1  0.0105344728
 2  0.0106071243
 3  0.0104618212
 4  0.0103891697
 5  0.00988060888
 6  0.0105344728
 7  0.0106797758
 8  0.0103891697
 9  0.0106071243
 10  0.0105344728
 11  0.0108250789
 12  0.0107524274
 13  0.0108250789
 14  0.0105344728
 15  0.0108250789
 16  0.0106797758
 17  0.0103891697
 18  0.0105344728
 19  0.0106797758
 20  0.0108977305
 21  0.0106797758
 22  0.0106071243
 23  0.0106797758
 24  0.0105344728
 25  0.0105344728
 26  0.0106797758
 27  0.0107524274
 28  0.0103165181
 29  0.0107524274
 30  0.0106797758
 31  0.0107524274
 32  0.0104618212
 33  0.0104618212
 34  0.0106071243
 35  0.0106797758
 36  0.0104618212
 37  0.0106071243
 38  0.0106797758
 39  0.0106071243
 40  0.0104618212
 41  0.0106071243
 42  0.0106797758
 43  0.0106071243
 44  0.0107524274
 45  0.0107524274
 46  0.0106071243
 47  0.0106797758
 48  0.0105344728
 49  0.0106071243
 50  0.0106071243
 51  0.0106797758
 52  0.0104618212
 53  0.0104618212
 54  0.0106071243
 55  0.0106797758
 56  0.0106797758
 57  0.0106797758
 58  0.0106797758
 59  0.0106071243
 60  0.0105344728
 61  0.0106797758
 62  0.0106071243
 63  0.0106797758
 64  0.0108250789
 65  0.0103891697
 66  0.0105344728
 67  0.0106797758
 68  0.0106071243
 69  0.0105344728
 70  0.0108250789
 71  0.0106797758
 72  0.0105344728
 73  0.0106797758
 74  0.0106071243
 75  0.0106071243
 76  0.0106071243
 77  0.0103891697
 78  0.0103891697
 79  0.0107524274
 80  0.0106071243
 81  0.0106071243
 82  0.0103891697
 83  0.0105344728
 84  0.0105344728
 85  0.0105344728
 86  0.0106071243
 87  0.0106797758
 88  0.0106071243
 89  0.0105344728
 90  0.0106797758
 91  0.0105344728
 92  0.0105344728
 93  0.0106797758
 94  0.0106071243
 95  0.0104618212
 96  0.0104618212
 97  0.0107524274
 98  0.0106797758
 99  0.0106071243
 100  0.0106071243
 101  0.0106797758
 102  0.0105344728
 103  0.0106797758
 104  0.0106071243
 105  0.0106071243
 106  0.0107524274
 107  0.0107524274
 108  0.0104618212
 109  0.0108250789
 110  0.0105344728
 111  0.0105344728
 112  0.0106797758
 113  0.0103891697
 114  0.0103891697
 115  0.0106797758
 116  0.0106797758
 117  0.0106071243
 118  0.0106797758
 119  0.0106071243
 120  0.0106797758
 121  0.0106797758
 122  0.0106797758
 123  0.0107524274
 124  0.0106797758
 125  0.0106071243
 126  0.0105344728
 127  0.0106797758
 128  0.0106797758
 129  0.0106071243
 130  0.0106797758
 131  0.0108250789
 132  0.0106797758
 133  0.0105344728
 134  0.0107524274
 135  0.0106071243
 136  0.0108250789
 137  0.0107524274
 138  0.0106071243
 139  0.0108977305
 140  0.0107524274
 141  0.0107524274
 142  0.0107524274
 143  0.0108250789
 144  0.0107524274
 145  0.0108977305
 146  0.0106071243
 147  0.0105344728
 148  0.0108250789
 149  0.0106797758
 150  0.0105344728
 151  0.0107524274
 152  0.0106797758
 153  0.0106797758
 154  0.0108250789
 155  0.0108977305
 156  0.0107524274
 157  0.0108977305
 158  0.0106071243
 159  0.010970382
 160  0.0104618212
 161  0.0106071243
 162  0.0108250789
 163  0.0104618212
 164  0.010970382
 165  0.0107524274
 166  0.010970382
 167  0.0106797758
 168  0.0107524274
 169  0.0105344728
 170  0.0107524274
 171  0.0106797758
 172  0.0105344728
 173  0.0105344728
 174  0.0106797758
 175  0.0106797758
 176  0.0108977305
 177  0.0108977305
 178  0.0108250789
 179  0.0108250789
 180  0.0106071243
 181  0.0107524274
 182  0.0108977305
 183  0.010970382
 184  0.0107524274
 185  0.0106797758
 186  0.0108250789
 187  0.0107524274
 188  0.0108977305
 189  0.0108977305
 190  0.0105344728
 191  0.0108250789
 192  0.0106797758
 193  0.0110430336
 194  0.0106071243
 195  0.0107524274
 196  0.0108250789
 197  0.0108977305
 198  0.0106071243
 199  0.0108250789
 200  0.0108250789
 201  0.0106071243
 202  0.0106797758
 203  0.010970382
 204  0.0106797758
 205  0.0107524274
 206  0.0106071243
 207  0.0107524274
 208  0.0106071243
 209  0.0106071243
 210  0.0107524274
 211  0.0106797758
 212  0.0108977305
 213  0.0108250789
 214  0.0108977305
 215  0.0106797758
 216  0.0106071243
 217  0.0106071243
 218  0.0106797758
 219  0.0108250789
 220  0.0106071243
 221  0.0106797758
 222  0.0106797758
 223  0.0108250789
 224  0.0108250789
 225  0.0108250789
 226  0.0107524274
 227  0.0106797758
 228  0.0106071243
 229  0.0107524274
 230  0.0105344728
 231  0.0107524274
 232  0.0107524274
 233  0.0106797758
 234  0.0108250789
 235  0.0106797758
 236  0.0105344728
 237  0.0107524274
 238  0.0107524274
 239  0.0108977305
 240  0.0106071243
 241  0.0107524274
 242  0.0108250789
 243  0.0106071243
 244  0.010970382
 245  0.0107524274
 246  0.0107524274
 247  0.0106797758
 248  0.0108250789
 249  0.0106071243
 250  0.0108250789
 251  0.010970382
 252  0.0106797758
 253  0.0106071243
 254  0.0107524274
 255  0.0106071243
 256  0.0107524274
 257  0.0108250789
 258  0.0106071243
 259  0.0107524274
 260  0.0107524274
 261  0.0107524274
 262  0.0107524274
 263  0.0107524274
 264  0.0106071243
 265  0.0106797758
 266  0.0106797758
 267  0.0107524274
 268  0.0106797758
 269  0.0106797758
 270  0.0106071243
 271  0.0108977305
 272  0.0107524274
 273  0.0108977305
 274  0.0106797758
 275  0.0108250789
 276  0.0104618212
 277  0.0106797758
 278  0.0105344728
 279  0.0108977305
 280  0.0107524274
 281  0.0106797758
 282  0.0108250789
 283  0.0107524274
 284  0.0108250789
 285  0.0106071243
 286  0.0106797758
 287  0.0106797758
 288  0.0108977305
 289  0.0106797758
 290  0.0108250789
 291  0.0107524274
 292  0.0108250789
 293  0.0108250789
 294  0.0108250789
 295  0.0107524274
 296  0.0106071243
 297  0.0108250789
 298  0.0108250789
 299  0.0107524274
 300  0.0107524274
 301  0.0108977305
 302  0.0107524274
 303  0.0108250789
 304  0.0106797758
 305  0.0108250789
 306  0.0106071243
 307  0.0110430336
 308  0.0107524274
 309  0.0107524274
 310  0.0110430336
 311  0.0108977305
 312  0.0110430336
 313  0.0106797758
 314  0.0110430336
 315  0.0106797758
 316  0.0108977305
 317  0.0106797758
 318  0.0106071243
 319  0.0108250789
 320  0.0106797758
 321  0.0108250789
 322  0.0110430336
 323  0.0106071243
 324  0.0106797758
 325  0.0108250789
 326  0.0108250789
 327  0.0108250789
 328  0.0111883366
 329  0.0108250789
 330  0.0107524274
 331  0.0108977305
 332  0.0106797758
 333  0.0106797758
 334  0.0108250789
 335  0.0108250789
 336  0.0106797758
 337  0.0108250789
 338  0.0108977305
 339  0.0108250789
 340  0.0106797758
 341  0.0106797758
 342  0.0110430336
 343  0.0108977305
 344  0.0108250789
 345  0.0108977305
 346  0.0108977305
 347  0.0108977305
 348  0.0107524274
 349  0.0108977305
 350  0.0108977305
 351  0.0106797758
 352  0.0108250789
 353  0.0108977305
 354  0.0105344728
 355  0.0106071243
 356  0.010970382
 357  0.0107524274
 358  0.0106071243
 359  0.0106071243
 360  0.0107524274
 361  0.010970382
 362  0.0108977305
 363  0.0108250789
 364  0.0108250789
 365  0.0108250789
 366  0.0108977305
 367  0.0108977305
 368  0.0108977305
 369  0.0108250789
 370  0.0108250789
 371  0.0108977305
 372  0.0108977305
 373  0.0108977305
 374  0.0108250789
 375  0.0107524274
 376  0.010970382
 377  0.0106071243
 378  0.0106797758
 379  0.0107524274
 380  0.0106797758
 381  0.0107524274
 382  0.0108250789
 383  0.0105344728
 384  0.0107524274
 385  0.0107524274
 386  0.0108977305
 387  0.0107524274
 388  0.0108250789
 389  0.0107524274
 390  0.0110430336
 391  0.0107524274
 392  0.0107524274
 393  0.0108977305
 394  0.0108250789
 395  0.0107524274
 396  0.0105344728
 397  0.0106797758
 398  0.0107524274
 399  0.010970382
 400  0.0108250789
 401  0.0108977305
 402  0.0108250789
 403  0.0107524274
 404  0.0108977305
 405  0.0107524274
 406  0.0107524274
 407  0.0106797758
 408  0.0108250789
 409  0.0107524274
 410  0.0106797758
 411  0.0108250789
 412  0.0107524274
 413  0.0106797758
 414  0.0106797758
 415  0.0108250789
 416  0.0106071243
 417  0.010970382
 418  0.0108250789
 419  0.0110430336
 420  0.0108250789
 421  0.0108250789
 422  0.0108250789
 423  0.010970382
 424  0.0107524274
 425  0.0107524274
 426  0.0108977305
 427  0.0107524274
 428  0.0107524274
 429  0.0108977305
 430  0.0106071243
 431  0.0105344728
 432  0.0106797758
 433  0.0105344728
 434  0.0107524274
 435  0.0107524274
 436  0.0108250789
 437  0.0106797758
 438  0.0108250789
 439  0.0107524274
 440  0.0107524274
 441  0.0106797758
 442  0.0107524274
 443  0.0106071243
 444  0.010970382
 445  0.0108977305
 446  0.0108250789
 447  0.0108250789
 448  0.0107524274
 449  0.0106071243
 450  0.0107524274
 451  0.0108977305
 452  0.0108250789
 453  0.0108977305
 454  0.0106797758
 455  0.010970382
 456  0.0108250789
 457  0.0108250789
 458  0.0106797758
 459  0.0106797758
 460  0.0108977305
 461  0.010970382
 462  0.0108977305
 463  0.0108977305
 464  0.0108250789
 465  0.0108250789
 466  0.0108977305
 467  0.0107524274
 468  0.0106797758
 469  0.0111883366
 470  0.010970382
 471  0.010970382
 472  0.0111883366
 473  0.0108250789
 474  0.0108250789
 475  0.0107524274
 476  0.0106797758
 477  0.0110430336
 478  0.0108977305
 479  0.0110430336
 480  0.0106797758
 481  0.0108250789
 482  0.010970382
 483  0.0110430336
 484  0.0108977305
 485  0.0108977305
 486  0.0107524274
 487  0.0108977305
 488  0.0110430336
 489  0.0111156851
 490  0.010970382
 491  0.0111156851
 492  0.0108977305
 493  0.010970382
 494  0.0107524274
 495  0.0108977305
 496  0.010970382
 497  0.0108250789
 498  0.010970382
 499  0.0107524274
 500  0.0108250789

 1  0.0121328067
 2  0.0121328067
 3  0.0119875036
 4  0.0119148521
 5  0.0114062913
 6  0.0122054582
 7  0.0122054582
 8  0.0119148521
 9  0.0120601552
 10  0.0120601552
 11  0.0121328067
 12  0.0121328067
 13  0.0121328067
 14  0.0121328067
 15  0.0122781098
 16  0.0122781098
 17  0.0119875036
 18  0.0122781098
 19  0.0121328067
 20  0.0122054582
 21  0.0122054582
 22  0.0122054582
 23  0.0122054582
 24  0.0120601552
 25  0.0122054582
 26  0.0121328067
 27  0.0122781098
 28  0.0118422005
 29  0.0122781098
 30  0.0124234129
 31  0.0122781098
 32  0.0118422005
 33  0.0118422005
 34  0.0122054582
 35  0.0121328067
 36  0.0120601552
 37  0.0120601552
 38  0.0121328067
 39  0.0122054582
 40  0.0120601552
 41  0.0121328067
 42  0.0122054582
 43  0.0120601552
 44  0.0121328067
 45  0.012568716
 46  0.0119875036
 47  0.0121328067
 48  0.0120601552
 49  0.0121328067
 50  0.0122054582
 51  0.0120601552
 52  0.0122054582
 53  0.0119148521
 54  0.0119875036
 55  0.0122781098
 56  0.0119148521
 57  0.0119875036
 58  0.0122054582
 59  0.0122054582
 60  0.0122054582
 61  0.0121328067
 62  0.0120601552
 63  0.0122054582
 64  0.0124960644
 65  0.0120601552
 66  0.0120601552
 67  0.0122054582
 68  0.0123507613
 69  0.0121328067
 70  0.0122781098
 71  0.0121328067
 72  0.0121328067
 73  0.0121328067
 74  0.0119875036
 75  0.0119875036
 76  0.0121328067
 77  0.011769549
 78  0.0119148521
 79  0.0122054582
 80  0.0120601552
 81  0.0122781098
 82  0.0119148521
 83  0.0121328067
 84  0.0120601552
 85  0.0118422005
 86  0.0121328067
 87  0.0119875036
 88  0.0122054582
 89  0.0121328067
 90  0.0119148521
 91  0.0119875036
 92  0.0119148521
 93  0.0121328067
 94  0.0122054582
 95  0.0116968974
 96  0.0118422005
 97  0.0123507613
 98  0.0121328067
 99  0.0122781098
 100  0.0119875036
 101  0.0124234129
 102  0.0121328067
 103  0.0122781098
 104  0.0122781098
 105  0.0120601552
 106  0.0122781098
 107  0.0122054582
 108  0.0119875036
 109  0.0122054582
 110  0.0119875036
 111  0.0120601552
 112  0.0119875036
 113  0.0119875036
 114  0.0119875036
 115  0.0121328067
 116  0.0122054582
 117  0.0120601552
 118  0.0121328067
 119  0.0120601552
 120  0.0121328067
 121  0.0121328067
 122  0.0122781098
 123  0.0120601552
 124  0.0119875036
 125  0.0121328067
 126  0.0119875036
 127  0.0122054582
 128  0.0121328067
 129  0.0119875036
 130  0.0122781098
 131  0.0122054582
 132  0.0122054582
 133  0.0119148521
 134  0.0121328067
 135  0.0119875036
 136  0.0124234129
 137  0.0121328067
 138  0.0120601552
 139  0.0122781098
 140  0.0122054582
 141  0.0120601552
 142  0.0122781098
 143  0.0122781098
 144  0.0124960644
 145  0.0122781098
 146  0.0122054582
 147  0.0120601552
 148  0.0122054582
 149  0.0122054582
 150  0.0122781098
 151  0.0122054582
 152  0.0122781098
 153  0.0120601552
 154  0.0124234129
 155  0.0124960644
 156  0.0122054582
 157  0.0122781098
 158  0.0121328067
 159  0.0123507613
 160  0.0120601552
 161  0.0122781098
 162  0.0122054582
 163  0.0119148521
 164  0.0123507613
 165  0.0123507613
 166  0.0124234129
 167  0.0121328067
 168  0.0123507613
 169  0.0118422005
 170  0.0124960644
 171  0.0122781098
 172  0.0122781098
 173  0.0122781098
 174  0.0122054582
 175  0.0122781098
 176  0.012568716
 177  0.0124960644
 178  0.0122781098
 179  0.0124960644
 180  0.0122054582
 181  0.0122781098
 182  0.0122781098
 183  0.0124960644
 184  0.0122054582
 185  0.0122781098
 186  0.0122781098
 187  0.0122054582
 188  0.0123507613
 189  0.012568716
 190  0.0119875036
 191  0.0122781098
 192  0.0119875036
 193  0.0124960644
 194  0.0122781098
 195  0.0122054582
 196  0.0122781098
 197  0.0124234129
 198  0.0122054582
 199  0.0122781098
 200  0.0122054582
 201  0.0119875036
 202  0.0123507613
 203  0.0122781098
 204  0.0122781098
 205  0.0122054582
 206  0.0122054582
 207  0.0121328067
 208  0.0119148521
 209  0.0120601552
 210  0.0121328067
 211  0.0122054582
 212  0.0122054582
 213  0.0122781098
 214  0.0122781098
 215  0.0120601552
 216  0.0121328067
 217  0.0121328067
 218  0.0121328067
 219  0.0122781098
 220  0.0120601552
 221  0.0122054582
 222  0.0123507613
 223  0.0123507613
 224  0.0123507613
 225  0.0122054582
 226  0.0121328067
 227  0.0122054582
 228  0.0122054582
 229  0.0121328067
 230  0.0119875036
 231  0.0122054582
 232  0.0121328067
 233  0.0122054582
 234  0.0122781098
 235  0.0119148521
 236  0.0121328067
 237  0.0122781098
 238  0.0122781098
 239  0.0122054582
 240  0.0120601552
 241  0.0122781098
 242  0.0122781098
 243  0.0120601552
 244  0.0122781098
 245  0.0122054582
 246  0.0122054582
 247  0.0122781098
 248  0.0123507613
 249  0.0121328067
 250  0.0122781098
 251  0.0122054582
 252  0.0121328067
 253  0.0119875036
 254  0.0122054582
 255  0.0121328067
 256  0.0119875036
 257  0.0121328067
 258  0.0120601552
 259  0.0120601552
 260  0.0122781098
 261  0.0122054582
 262  0.0121328067
 263  0.0119875036
 264  0.0121328067
 265  0.0121328067
 266  0.0122054582
 267  0.0121328067
 268  0.0120601552
 269  0.0122054582
 270  0.0122054582
 271  0.0122781098
 272  0.0121328067
 273  0.0123507613
 274  0.0122781098
 275  0.0124234129
 276  0.0121328067
 277  0.0122054582
 278  0.0120601552
 279  0.0122781098
 280  0.0121328067
 281  0.0122781098
 282  0.0123507613
 283  0.0122781098
 284  0.0122781098
 285  0.0121328067
 286  0.0122054582
 287  0.0121328067
 288  0.0122781098
 289  0.0124234129
 290  0.0122781098
 291  0.0122054582
 292  0.0123507613
 293  0.0121328067
 294  0.0124234129
 295  0.0121328067
 296  0.0118422005
 297  0.0122054582
 298  0.0122781098
 299  0.0124234129
 300  0.0121328067
 301  0.0124234129
 302  0.0122054582
 303  0.0122781098
 304  0.0120601552
 305  0.0122054582
 306  0.0122781098
 307  0.0122781098
 308  0.0122781098
 309  0.0122054582
 310  0.0124960644
 311  0.0122781098
 312  0.0124234129
 313  0.0120601552
 314  0.0124960644
 315  0.0122054582
 316  0.0123507613
 317  0.0123507613
 318  0.0119875036
 319  0.0122781098
 320  0.0122781098
 321  0.0121328067
 322  0.0124960644
 323  0.0121328067
 324  0.0124234129
 325  0.0122054582
 326  0.0124234129
 327  0.0123507613
 328  0.012714019
 329  0.0123507613
 330  0.0122054582
 331  0.0123507613
 332  0.0122781098
 333  0.0122054582
 334  0.0123507613
 335  0.0122054582
 336  0.0122781098
 337  0.0123507613
 338  0.0123507613
 339  0.012568716
 340  0.0122781098
 341  0.0120601552
 342  0.0124960644
 343  0.0123507613
 344  0.012568716
 345  0.0126413675
 346  0.012568716
 347  0.0124960644
 348  0.0122781098
 349  0.0127866706
 350  0.012568716
 351  0.0122781098
 352  0.0123507613
 353  0.0124234129
 354  0.0122781098
 355  0.0121328067
 356  0.0124234129
 357  0.0122054582
 358  0.0123507613
 359  0.0121328067
 360  0.0122054582
 361  0.0124234129
 362  0.0124960644
 363  0.0122054582
 364  0.0123507613
 365  0.0120601552
 366  0.0124960644
 367  0.0124234129
 368  0.0122781098
 369  0.0122781098
 370  0.0122054582
 371  0.0123507613
 372  0.0123507613
 373  0.0124234129
 374  0.0122054582
 375  0.0122054582
 376  0.0122781098
 377  0.0119875036
 378  0.0121328067
 379  0.0120601552
 380  0.0119875036
 381  0.0121328067
 382  0.0122054582
 383  0.0122054582
 384  0.0123507613
 385  0.0122054582
 386  0.0123507613
 387  0.0120601552
 388  0.0122054582
 389  0.0123507613
 390  0.012568716
 391  0.0123507613
 392  0.0121328067
 393  0.0126413675
 394  0.0124960644
 395  0.0122781098
 396  0.0120601552
 397  0.0122054582
 398  0.0121328067
 399  0.0124960644
 400  0.0124234129
 401  0.0122781098
 402  0.0122054582
 403  0.0121328067
 404  0.0124234129
 405  0.0121328067
 406  0.0122054582
 407  0.0121328067
 408  0.012568716
 409  0.0123507613
 410  0.0122054582
 411  0.0123507613
 412  0.0122054582
 413  0.0120601552
 414  0.0120601552
 415  0.0122054582
 416  0.0119875036
 417  0.0124234129
 418  0.0124234129
 419  0.0124960644
 420  0.0122054582
 421  0.0122054582
 422  0.0123507613
 423  0.0124960644
 424  0.0119875036
 425  0.0122781098
 426  0.0122781098
 427  0.0122054582
 428  0.0122054582
 429  0.012568716
 430  0.0122781098
 431  0.0121328067
 432  0.0122054582
 433  0.0121328067
 434  0.0122054582
 435  0.0121328067
 436  0.0123507613
 437  0.0121328067
 438  0.0124960644
 439  0.0121328067
 440  0.0122054582
 441  0.0122054582
 442  0.0124234129
 443  0.0123507613
 444  0.0124234129
 445  0.0122781098
 446  0.0124234129
 447  0.0123507613
 448  0.0122781098
 449  0.0122054582
 450  0.0122781098
 451  0.0124234129
 452  0.0124960644
 453  0.0124234129
 454  0.0119875036
 455  0.0126413675
 456  0.0122054582
 457  0.0123507613
 458  0.0120601552
 459  0.0122054582
 460  0.0124234129
 461  0.0124234129
 462  0.0122054582
 463  0.0122054582
 464  0.0121328067
 465  0.0122054582
 466  0.0124234129
 467  0.0122054582
 468  0.0122781098
 469  0.012568716
 470  0.0126413675
 471  0.0124234129
 472  0.012568716
 473  0.0124960644
 474  0.0124234129
 475  0.0122781098
 476  0.0120601552
 477  0.0124960644
 478  0.0124960644
 479  0.0124234129
 480  0.0121328067
 481  0.0122781098
 482  0.0126413675
 483  0.0124960644
 484  0.012568716
 485  0.0122054582
 486  0.0121328067
 487  0.0123507613
 488  0.0123507613
 489  0.0126413675
 490  0.0123507613
 491  0.0124960644
 492  0.0124960644
 493  0.0124234129
 494  0.0122054582
 495  0.0122781098
 496  0.012568716
 497  0.0122781098
 498  0.0123507613
 499  0.0122054582
 500  0.0122781098

 1  0.0143850036
 2  0.0142397005
 3  0.014167049
 4  0.0140943974
 5  0.0135858376
 6  0.0145303067
 7  0.0145303067
 8  0.0144576551
 9  0.0143123521
 10  0.0139490943
 11  0.0143123521
 12  0.0144576551
 13  0.0144576551
 14  0.0143850036
 15  0.0146029582
 16  0.0143123521
 17  0.0143850036
 18  0.0144576551
 19  0.0142397005
 20  0.0148209129
 21  0.0149662159
 22  0.0144576551
 23  0.014167049
 24  0.0145303067
 25  0.0147482613
 26  0.0143123521
 27  0.0145303067
 28  0.0142397005
 29  0.0145303067
 30  0.0144576551
 31  0.0145303067
 32  0.0142397005
 33  0.0143123521
 34  0.0144576551
 35  0.0143123521
 36  0.0140217459
 37  0.0143123521
 38  0.0140943974
 39  0.0143123521
 40  0.0146756098
 41  0.014167049
 42  0.0145303067
 43  0.0143123521
 44  0.0142397005
 45  0.0144576551
 46  0.0145303067
 47  0.0143123521
 48  0.0144576551
 49  0.0143123521
 50  0.0144576551
 51  0.014167049
 52  0.0147482613
 53  0.0143850036
 54  0.0143850036
 55  0.0147482613
 56  0.0143850036
 57  0.0140217459
 58  0.0145303067
 59  0.0143123521
 60  0.0145303067
 61  0.014167049
 62  0.014167049
 63  0.0143850036
 64  0.0148935644
 65  0.014167049
 66  0.0143123521
 67  0.0143850036
 68  0.0145303067
 69  0.0144576551
 70  0.0142397005
 71  0.0147482613
 72  0.0140943974
 73  0.0143850036
 74  0.014167049
 75  0.0140217459
 76  0.0144576551
 77  0.0140217459
 78  0.0144576551
 79  0.0146029582
 80  0.0143123521
 81  0.0146029582
 82  0.0143850036
 83  0.014167049
 84  0.0144576551
 85  0.014167049
 86  0.0146756098
 87  0.0145303067
 88  0.0144576551
 89  0.0143850036
 90  0.0142397005
 91  0.0143123521
 92  0.0144576551
 93  0.0144576551
 94  0.0146029582
 95  0.0143123521
 96  0.0143850036
 97  0.0147482613
 98  0.0143850036
 99  0.0143123521
 100  0.0146029582
 101  0.0145303067
 102  0.0144576551
 103  0.0143850036
 104  0.0146756098
 105  0.0143850036
 106  0.0146756098
 107  0.0146029582
 108  0.0146029582
 109  0.0146029582
 110  0.0144576551
 111  0.0143123521
 112  0.0144576551
 113  0.0145303067
 114  0.0143123521
 115  0.0145303067
 116  0.0143850036
 117  0.0140943974
 118  0.0143850036
 119  0.0146029582
 120  0.0146029582
 121  0.014167049
 122  0.0144576551
 123  0.014167049
 124  0.0143123521
 125  0.0143123521
 126  0.0145303067
 127  0.0143850036
 128  0.0140217459
 129  0.014167049
 130  0.0143123521
 131  0.0143123521
 132  0.0143123521
 133  0.0142397005
 134  0.0144576551
 135  0.0142397005
 136  0.0145303067
 137  0.014167049
 138  0.0143123521
 139  0.0144576551
 140  0.0144576551
 141  0.0143123521
 142  0.0146029582
 143  0.0148209129
 144  0.0146029582
 145  0.0148209129
 146  0.0145303067
 147  0.0143123521
 148  0.0142397005
 149  0.0143123521
 150  0.0144576551
 151  0.014167049
 152  0.0146029582
 153  0.0143850036
 154  0.0147482613
 155  0.0146029582
 156  0.0143850036
 157  0.0142397005
 158  0.0144576551
 159  0.0146029582
 160  0.0144576551
 161  0.0145303067
 162  0.0143850036
 163  0.0143123521
 164  0.0142397005
 165  0.0146029582
 166  0.0148935644
 167  0.0147482613
 168  0.0150388675
 169  0.0143123521
 170  0.0147482613
 171  0.0144576551
 172  0.0148935644
 173  0.0142397005
 174  0.0146756098
 175  0.0145303067
 176  0.0145303067
 177  0.0146029582
 178  0.0143850036
 179  0.0147482613
 180  0.0145303067
 181  0.0143850036
 182  0.0143123521
 183  0.0145303067
 184  0.0143850036
 185  0.0143123521
 186  0.014167049
 187  0.0145303067
 188  0.0146029582
 189  0.0146756098
 190  0.0143123521
 191  0.0143850036
 192  0.0144576551
 193  0.0148935644
 194  0.0146029582
 195  0.0143850036
 196  0.0145303067
 197  0.0144576551
 198  0.0143123521
 199  0.0145303067
 200  0.0143850036
 201  0.0144576551
 202  0.0144576551
 203  0.0143850036
 204  0.0146756098
 205  0.0145303067
 206  0.0148209129
 207  0.0142397005
 208  0.0143123521
 209  0.0143850036
 210  0.0144576551
 211  0.0143123521
 212  0.0143123521
 213  0.0146756098
 214  0.0148935644
 215  0.0142397005
 216  0.0144576551
 217  0.0146756098
 218  0.0146029582
 219  0.0145303067
 220  0.0143850036
 221  0.0150388675
 222  0.0145303067
 223  0.0146029582
 224  0.0146756098
 225  0.0145303067
 226  0.0144576551
 227  0.0146029582
 228  0.0143850036
 229  0.0146029582
 230  0.0143850036
 231  0.0143850036
 232  0.0145303067
 233  0.0146029582
 234  0.0145303067
 235  0.014167049
 236  0.0145303067
 237  0.0146029582
 238  0.0144576551
 239  0.0147482613
 240  0.0143850036
 241  0.0146756098
 242  0.0146756098
 243  0.0144576551
 244  0.0144576551
 245  0.0143850036
 246  0.0146029582
 247  0.0144576551
 248  0.0146029582
 249  0.0147482613
 250  0.0145303067
 251  0.0143123521
 252  0.0144576551
 253  0.0146029582
 254  0.0145303067
 255  0.0140943974
 256  0.0144576551
 257  0.014167049
 258  0.0143123521
 259  0.0143850036
 260  0.0143123521
 261  0.0143850036
 262  0.0143850036
 263  0.0146029582
 264  0.0143850036
 265  0.014167049
 266  0.0143850036
 267  0.0142397005
 268  0.0140943974
 269  0.0146029582
 270  0.0143850036
 271  0.0147482613
 272  0.0143850036
 273  0.0143123521
 274  0.0145303067
 275  0.0144576551
 276  0.0143123521
 277  0.0142397005
 278  0.0142397005
 279  0.0146029582
 280  0.0143850036
 281  0.0144576551
 282  0.0146029582
 283  0.0143850036
 284  0.0147482613
 285  0.0147482613
 286  0.0144576551
 287  0.0145303067
 288  0.0143123521
 289  0.0148209129
 290  0.0146756098
 291  0.0146029582
 292  0.0146029582
 293  0.0145303067
 294  0.0146756098
 295  0.0148935644
 296  0.0143123521
 297  0.014167049
 298  0.0144576551
 299  0.0145303067
 300  0.0143850036
 301  0.0147482613
 302  0.0144576551
 303  0.0143123521
 304  0.0144576551
 305  0.0143850036
 306  0.0146029582
 307  0.0143123521
 308  0.0144576551
 309  0.0146029582
 310  0.0145303067
 311  0.0145303067
 312  0.0144576551
 313  0.0146029582
 314  0.0146756098
 315  0.0145303067
 316  0.0144576551
 317  0.0146029582
 318  0.0140217459
 319  0.0143850036
 320  0.0144576551
 321  0.0143850036
 322  0.0146029582
 323  0.0146029582
 324  0.0146029582
 325  0.0143850036
 326  0.0146029582
 327  0.0143850036
 328  0.0148209129
 329  0.0146756098
 330  0.0146029582
 331  0.0144576551
 332  0.0142397005
 333  0.0142397005
 334  0.0145303067
 335  0.0143123521
 336  0.0147482613
 337  0.0149662159
 338  0.0148935644
 339  0.0148209129
 340  0.0144576551
 341  0.0145303067
 342  0.0147482613
 343  0.0145303067
 344  0.0148935644
 345  0.0146756098
 346  0.0147482613
 347  0.0146029582
 348  0.0145303067
 349  0.015111519
 350  0.0146756098
 351  0.0146756098
 352  0.0145303067
 353  0.0146756098
 354  0.0145303067
 355  0.0144576551
 356  0.0143850036
 357  0.0148209129
 358  0.0146756098
 359  0.0143850036
 360  0.0146029582
 361  0.0143850036
 362  0.0146756098
 363  0.0143850036
 364  0.0146756098
 365  0.014167049
 366  0.0145303067
 367  0.0146756098
 368  0.0146029582
 369  0.014167049
 370  0.0145303067
 371  0.0146029582
 372  0.0143850036
 373  0.0146756098
 374  0.0143123521
 375  0.0145303067
 376  0.0140217459
 377  0.0145303067
 378  0.0142397005
 379  0.0142397005
 380  0.014167049
 381  0.0144576551
 382  0.0146029582
 383  0.0146029582
 384  0.0146029582
 385  0.0143850036
 386  0.0145303067
 387  0.0143850036
 388  0.0145303067
 389  0.0144576551
 390  0.0147482613
 391  0.0146029582
 392  0.0143123521
 393  0.0147482613
 394  0.0146756098
 395  0.0144576551
 396  0.0144576551
 397  0.0145303067
 398  0.0142397005
 399  0.0147482613
 400  0.0142397005
 401  0.0142397005
 402  0.0145303067
 403  0.0147482613
 404  0.0147482613
 405  0.0143850036
 406  0.0146756098
 407  0.0147482613
 408  0.0148935644
 409  0.0147482613
 410  0.0143123521
 411  0.0143850036
 412  0.0143850036
 413  0.0144576551
 414  0.0143850036
 415  0.0140943974
 416  0.014167049
 417  0.0146029582
 418  0.0146029582
 419  0.0144576551
 420  0.0146029582
 421  0.0146029582
 422  0.0145303067
 423  0.0148935644
 424  0.0148209129
 425  0.0146756098
 426  0.0146029582
 427  0.0146029582
 428  0.0145303067
 429  0.0148209129
 430  0.0145303067
 431  0.0143850036
 432  0.0143850036
 433  0.0143123521
 434  0.0146756098
 435  0.0143123521
 436  0.0146756098
 437  0.0145303067
 438  0.0146029582
 439  0.0144576551
 440  0.0140943974
 441  0.0145303067
 442  0.0149662159
 443  0.0145303067
 444  0.0145303067
 445  0.0146029582
 446  0.0145303067
 447  0.0147482613
 448  0.0145303067
 449  0.0144576551
 450  0.0143850036
 451  0.0147482613
 452  0.0144576551
 453  0.0145303067
 454  0.0143123521
 455  0.0147482613
 456  0.0143850036
 457  0.0143850036
 458  0.0143850036
 459  0.0143850036
 460  0.0148935644
 461  0.0146029582
 462  0.0140217459
 463  0.0146029582
 464  0.0144576551
 465  0.0144576551
 466  0.0146029582
 467  0.0146756098
 468  0.0146029582
 469  0.0146029582
 470  0.0146029582
 471  0.0145303067
 472  0.0145303067
 473  0.0143850036
 474  0.0145303067
 475  0.0144576551
 476  0.014167049
 477  0.0148935644
 478  0.0146756098
 479  0.0148209129
 480  0.0145303067
 481  0.0146756098
 482  0.0148935644
 483  0.0149662159
 484  0.0148209129
 485  0.0145303067
 486  0.0144576551
 487  0.0146029582
 488  0.0146756098
 489  0.0147482613
 490  0.0145303067
 491  0.0146029582
 492  0.0143123521
 493  0.0147482613
 494  0.0143850036
 495  0.0145303067
 496  0.0145303067
 497  0.0144576551
 498  0.0146756098
 499  0.0146756098
 500  0.0143850036

 1  0.0181628838
 2  0.0180902332
 3  0.01845349
 4  0.0180902332
 5  0.0175090209
 6  0.0183081869
 7  0.0185261406
 8  0.017799627
 9  0.0185987931
 10  0.0175816715
 11  0.0179449301
 12  0.0180902332
 13  0.0181628838
 14  0.0185261406
 15  0.0183081869
 16  0.0181628838
 17  0.0183808375
 18  0.01845349
 19  0.0183808375
 20  0.0182355344
 21  0.0185261406
 22  0.0183081869
 23  0.0186714437
 24  0.0185261406
 25  0.0182355344
 26  0.0181628838
 27  0.0186714437
 28  0.0181628838
 29  0.01845349
 30  0.0181628838
 31  0.0181628838
 32  0.0183081869
 33  0.0185261406
 34  0.0183808375
 35  0.0179449301
 36  0.0178722776
 37  0.0182355344
 38  0.0178722776
 39  0.0185987931
 40  0.0181628838
 41  0.0180902332
 42  0.01845349
 43  0.0185261406
 44  0.0183081869
 45  0.0183081869
 46  0.0185987931
 47  0.0187440962
 48  0.0191073529
 49  0.01845349
 50  0.0183081869
 51  0.0181628838
 52  0.0187440962
 53  0.0185261406
 54  0.0185987931
 55  0.0188167468
 56  0.0183808375
 57  0.0178722776
 58  0.0183808375
 59  0.0185987931
 60  0.0185261406
 61  0.0183081869
 62  0.0183808375
 63  0.0183081869
 64  0.0185261406
 65  0.0183081869
 66  0.0181628838
 67  0.0185987931
 68  0.0188167468
 69  0.0182355344
 70  0.01845349
 71  0.0189620499
 72  0.0180175807
 73  0.0183808375
 74  0.0182355344
 75  0.0180902332
 76  0.0183808375
 77  0.0180175807
 78  0.0180175807
 79  0.0189620499
 80  0.0182355344
 81  0.0183081869
 82  0.0185987931
 83  0.0189620499
 84  0.0185261406
 85  0.0183808375
 86  0.0187440962
 87  0.0185987931
 88  0.0185987931
 89  0.0188893992
 90  0.0185261406
 91  0.01845349
 92  0.0180902332
 93  0.0185987931
 94  0.0183808375
 95  0.0183808375
 96  0.0186714437
 97  0.0187440962
 98  0.0185261406
 99  0.01845349
 100  0.0185261406
 101  0.0187440962
 102  0.0185987931
 103  0.0185261406
 104  0.0183808375
 105  0.0183808375
 106  0.0183808375
 107  0.0181628838
 108  0.0182355344
 109  0.0185987931
 110  0.0188167468
 111  0.01845349
 112  0.0183081869
 113  0.0185987931
 114  0.0181628838
 115  0.0185987931
 116  0.0185261406
 117  0.0183808375
 118  0.0185261406
 119  0.0190347023
 120  0.0182355344
 121  0.0187440962
 122  0.0188167468
 123  0.0186714437
 124  0.0178722776
 125  0.0179449301
 126  0.01845349
 127  0.01845349
 128  0.0182355344
 129  0.0183081869
 130  0.0182355344
 131  0.0180175807
 132  0.0180902332
 133  0.0179449301
 134  0.0183808375
 135  0.0180902332
 136  0.0185987931
 137  0.0180902332
 138  0.017799627
 139  0.0189620499
 140  0.0185261406
 141  0.0181628838
 142  0.0183808375
 143  0.0185261406
 144  0.0183081869
 145  0.0189620499
 146  0.0182355344
 147  0.0185261406
 148  0.01845349
 149  0.0185987931
 150  0.0182355344
 151  0.0185987931
 152  0.01845349
 153  0.01845349
 154  0.0187440962
 155  0.0185261406
 156  0.0183081869
 157  0.0180175807
 158  0.0179449301
 159  0.0185261406
 160  0.0181628838
 161  0.0182355344
 162  0.0185987931
 163  0.0181628838
 164  0.0185987931
 165  0.01845349
 166  0.0189620499
 167  0.0182355344
 168  0.0188893992
 169  0.0188893992
 170  0.0181628838
 171  0.0180175807
 172  0.0185987931
 173  0.0183081869
 174  0.0183808375
 175  0.0183808375
 176  0.01845349
 177  0.0180902332
 178  0.0183081869
 179  0.0186714437
 180  0.0183081869
 181  0.01845349
 182  0.0180175807
 183  0.0187440962
 184  0.0183808375
 185  0.01845349
 186  0.0178722776
 187  0.01845349
 188  0.0183808375
 189  0.0185987931
 190  0.0182355344
 191  0.0181628838
 192  0.0183808375
 193  0.0188167468
 194  0.0185261406
 195  0.0188167468
 196  0.0183081869
 197  0.0185987931
 198  0.0181628838
 199  0.01845349
 200  0.0183808375
 201  0.0182355344
 202  0.0183808375
 203  0.0180175807
 204  0.01845349
 205  0.01845349
 206  0.0183081869
 207  0.0183081869
 208  0.0187440962
 209  0.0180902332
 210  0.0183081869
 211  0.0185987931
 212  0.0180175807
 213  0.0183081869
 214  0.0187440962
 215  0.0183808375
 216  0.01845349
 217  0.0183808375
 218  0.0186714437
 219  0.0182355344
 220  0.0181628838
 221  0.0186714437
 222  0.017799627
 223  0.01845349
 224  0.0185987931
 225  0.0185987931
 226  0.01845349
 227  0.0183081869
 228  0.0180175807
 229  0.0183808375
 230  0.0187440962
 231  0.0183808375
 232  0.0185987931
 233  0.0186714437
 234  0.0182355344
 235  0.0183081869
 236  0.0185261406
 237  0.0182355344
 238  0.0185987931
 239  0.0191800054
 240  0.0185987931
 241  0.0188893992
 242  0.0187440962
 243  0.0187440962
 244  0.0183808375
 245  0.0185987931
 246  0.0187440962
 247  0.0180902332
 248  0.0178722776
 249  0.01845349
 250  0.0185261406
 251  0.0186714437
 252  0.0185261406
 253  0.0182355344
 254  0.0186714437
 255  0.0181628838
 256  0.0179449301
 257  0.0187440962
 258  0.0183808375
 259  0.0179449301
 260  0.0180902332
 261  0.0183081869
 262  0.0183081869
 263  0.0185987931
 264  0.0188893992
 265  0.0182355344
 266  0.0183081869
 267  0.0181628838
 268  0.0178722776
 269  0.019252656
 270  0.0186714437
 271  0.0185987931
 272  0.0179449301
 273  0.0181628838
 274  0.0178722776
 275  0.01845349
 276  0.0181628838
 277  0.0182355344
 278  0.0183081869
 279  0.0182355344
 280  0.0183808375
 281  0.0180175807
 282  0.0188167468
 283  0.0179449301
 284  0.0189620499
 285  0.0185261406
 286  0.0179449301
 287  0.0183081869
 288  0.0180902332
 289  0.0187440962
 290  0.0187440962
 291  0.0182355344
 292  0.0183081869
 293  0.0185261406
 294  0.0183808375
 295  0.0186714437
 296  0.0182355344
 297  0.0183808375
 298  0.0180175807
 299  0.0185987931
 300  0.0182355344
 301  0.0183081869
 302  0.01845349
 303  0.0181628838
 304  0.0180175807
 305  0.0183081869
 306  0.0185261406
 307  0.0180902332
 308  0.0183808375
 309  0.0185987931
 310  0.0183808375
 311  0.01845349
 312  0.0188167468
 313  0.0185261406
 314  0.0190347023
 315  0.017799627
 316  0.0183081869
 317  0.0191073529
 318  0.0183808375
 319  0.0185261406
 320  0.0180902332
 321  0.0183081869
 322  0.0187440962
 323  0.0179449301
 324  0.0180902332
 325  0.0183808375
 326  0.0186714437
 327  0.0188893992
 328  0.0185987931
 329  0.0185261406
 330  0.0185261406
 331  0.0186714437
 332  0.0180175807
 333  0.0187440962
 334  0.0191073529
 335  0.0182355344
 336  0.0188893992
 337  0.01845349
 338  0.0188167468
 339  0.01845349
 340  0.0182355344
 341  0.0183081869
 342  0.0185987931
 343  0.0178722776
 344  0.0190347023
 345  0.01845349
 346  0.0188893992
 347  0.0181628838
 348  0.0185987931
 349  0.0188167468
 350  0.0183081869
 351  0.01845349
 352  0.0182355344
 353  0.0185987931
 354  0.0185987931
 355  0.0180902332
 356  0.0179449301
 357  0.0187440962
 358  0.0180902332
 359  0.0180175807
 360  0.0185987931
 361  0.0179449301
 362  0.0185987931
 363  0.0179449301
 364  0.0185261406
 365  0.01845349
 366  0.0180902332
 367  0.0187440962
 368  0.0180902332
 369  0.0182355344
 370  0.0185261406
 371  0.0180175807
 372  0.0180902332
 373  0.0187440962
 374  0.0180902332
 375  0.0188893992
 376  0.0180902332
 377  0.0185987931
 378  0.0178722776
 379  0.017654324
 380  0.0186714437
 381  0.0185261406
 382  0.0182355344
 383  0.0183808375
 384  0.0183808375
 385  0.01845349
 386  0.0185987931
 387  0.0187440962
 388  0.0187440962
 389  0.0180902332
 390  0.0185261406
 391  0.0182355344
 392  0.0183808375
 393  0.0187440962
 394  0.0183081869
 395  0.0183081869
 396  0.01845349
 397  0.0183081869
 398  0.0180902332
 399  0.0185261406
 400  0.0182355344
 401  0.0180175807
 402  0.0183808375
 403  0.0181628838
 404  0.0183081869
 405  0.0188167468
 406  0.0188167468
 407  0.0185987931
 408  0.0185987931
 409  0.0182355344
 410  0.01845349
 411  0.0185987931
 412  0.0182355344
 413  0.0182355344
 414  0.0183081869
 415  0.0183081869
 416  0.0186714437
 417  0.0187440962
 418  0.01845349
 419  0.01845349
 420  0.0181628838
 421  0.0182355344
 422  0.0182355344
 423  0.0180902332
 424  0.0185987931
 425  0.0186714437
 426  0.0183081869
 427  0.01845349
 428  0.0185987931
 429  0.01845349
 430  0.0183081869
 431  0.0180902332
 432  0.0179449301
 433  0.0183081869
 434  0.0185987931
 435  0.0178722776
 436  0.0183808375
 437  0.0185987931
 438  0.01845349
 439  0.0185987931
 440  0.0185261406
 441  0.0183808375
 442  0.0188893992
 443  0.0185261406
 444  0.0183808375
 445  0.0185987931
 446  0.0188167468
 447  0.0180902332
 448  0.0183808375
 449  0.0183081869
 450  0.0183081869
 451  0.0185987931
 452  0.0182355344
 453  0.0181628838
 454  0.0186714437
 455  0.0187440962
 456  0.0183081869
 457  0.01845349
 458  0.0188167468
 459  0.0181628838
 460  0.0183808375
 461  0.0182355344
 462  0.0185987931
 463  0.01845349
 464  0.017799627
 465  0.0183808375
 466  0.0182355344
 467  0.01845349
 468  0.0183808375
 469  0.0180175807
 470  0.0183081869
 471  0.0185261406
 472  0.01845349
 473  0.0180175807
 474  0.0181628838
 475  0.0181628838
 476  0.0181628838
 477  0.0185261406
 478  0.0185987931
 479  0.0186714437
 480  0.0181628838
 481  0.0187440962
 482  0.0182355344
 483  0.0183081869
 484  0.0181628838
 485  0.0180175807
 486  0.0183081869
 487  0.0182355344
 488  0.0186714437
 489  0.0185987931
 490  0.0183808375
 491  0.0185987931
 492  0.0185261406
 493  0.0185261406
 494  0.0186714437
 495  0.0187440962
 496  0.0182355344
 497  0.01845349
 498  0.0185987931
 499  0.0183808375
 500  0.0185987931

 1  0.0504201651
 2  0.0503475145
 3  0.0512919836
 4  0.0435909219
 5  0.0576126687
 6  0.0515099391
 7  0.0533262268
 8  0.0661855489
 9  0.0456251651
 10  0.0628435761
 11  0.0433003157
 12  0.0541253947
 13  0.0456978157
 14  0.0507834218
 15  0.0443900898
 16  0.0455525108
 17  0.048821833
 18  0.0436635725
 19  0.0446080416
 20  0.0439541787
 21  0.0488944836
 22  0.0456978157
 23  0.0504928157
 24  0.0459884219
 25  0.0471508466
 26  0.0451166034
 27  0.042937059
 28  0.0443900898
 29  0.0544886515
 30  0.044680696
 31  0.0462790281
 32  0.0496209972
 33  0.042791754
 34  0.0438815281
 35  0.0415566787
 36  0.0520185009
 37  0.0440994836
 38  0.0555784255
 39  0.0557237267
 40  0.0409754664
 41  0.0459157713
 42  0.0476594083
 43  0.0483859219
 44  0.0525270589
 45  0.0517278947
 46  0.0558690317
 47  0.0406122096
 48  0.0609546378
 49  0.0473688021
 50  0.0443174355
 51  0.0416293293
 52  0.0456251651
 53  0.0474414527
 54  0.0418472849
 55  0.0583391823
 56  0.0627709255
 57  0.0653137267
 58  0.0430823602
 59  0.0487491786
 60  0.0460610725
 61  0.0459884219
 62  0.0496936515
 63  0.0483132713
 64  0.0473688021
 65  0.0457704663
 66  0.0463516787
 67  0.0427191034
 68  0.0430097096
 69  0.0459884219
 70  0.0448986478
 71  0.0501295589
 72  0.0536894836
 73  0.0440268293
 74  0.0459884219
 75  0.040394254
 76  0.0394497849
 77  0.0623350181
 78  0.0419199355
 79  0.0451166034
 80  0.0442447849
 81  0.0538347885
 82  0.0433003157
 83  0.045189254
 84  0.0423558466
 85  0.0360351615
 86  0.0411934219
 87  0.0499842577
 88  0.0454798602
 89  0.0421378911
 90  0.0409028158
 91  0.0411207676
 92  0.0436635725
 93  0.0415566787
 94  0.0402489491
 95  0.0481679663
 96  0.0414840281
 97  0.0511466824
 98  0.0579032749
 99  0.0438088775
 100  0.0422831923
 101  0.0423558466
 102  0.0457704663
 103  0.0608093366
 104  0.0490397848
 105  0.0610272884
 106  0.0425011478
 107  0.0433729663
 108  0.0430823602
 109  0.0430823602
 110  0.0394497849
 111  0.0443174355
 112  0.0400309972
 113  0.0494030453
 114  0.0449713022
 115  0.0459884219
 116  0.0393771306
 117  0.0474414527
 118  0.0439541787
 119  0.0518731959
 120  0.0473688021
 121  0.0403216034
 122  0.0457704663
 123  0.043445617
 124  0.048676528
 125  0.044535391
 126  0.0446080416
 127  0.0478773601
 128  0.0531809255
 129  0.0462790281
 130  0.042937059
 131  0.0496209972
 132  0.0519458465
 133  0.0478773601
 134  0.0418472849
 135  0.0420652404
 136  0.0405395553
 137  0.0423558466
 138  0.0422105417
 139  0.0439541787
 140  0.0438088775
 141  0.0411207676
 142  0.0461337231
 143  0.043445617
 144  0.0431550108
 145  0.0451166034
 146  0.0417019799
 147  0.0430097096
 148  0.0472234972
 149  0.0440994836
 150  0.0421378911
 151  0.0518005453
 152  0.044535391
 153  0.0435909219
 154  0.0395950861
 155  0.0423558466
 156  0.0448986478
 157  0.0488944836
 158  0.0425011478
 159  0.0543433502
 160  0.0416293293
 161  0.0499842577
 162  0.0423558466
 163  0.0462790281
 164  0.0409028158
 165  0.0415566787
 166  0.0433729663
 167  0.0467149355
 168  0.055215165
 169  0.0441721343
 170  0.0460610725
 171  0.0440994836
 172  0.0432276651
 173  0.0459157713
 174  0.0417746343
 175  0.0441721343
 176  0.0467149355
 177  0.0443174355
 178  0.0589930452
 179  0.0463516787
 180  0.0412660725
 181  0.0613905489
 182  0.0639333501
 183  0.0443900898
 184  0.0420652404
 185  0.0413387232
 186  0.0475141034
 187  0.0404669046
 188  0.0456251651
 189  0.0436635725
 190  0.0456978157
 191  0.0488944836
 192  0.0532535762
 193  0.0443174355
 194  0.046932891
 195  0.0417019799
 196  0.0433003157
 197  0.0379240997
 198  0.0418472849
 199  0.0416293293
 200  0.042937059
 201  0.0430823602
 202  0.0444627404
 203  0.047078196
 204  0.0464243293
 205  0.0438815281
 206  0.0539800897
 207  0.0637153983
 208  0.0539800897
 209  0.042937059
 210  0.0435182713
 211  0.0395224355
 212  0.0416293293
 213  0.0466422848
 214  0.0462790281
 215  0.047586754
 216  0.0412660725
 217  0.0478773601
 218  0.0433729663
 219  0.0453345589
 220  0.0431550108
 221  0.0428644046
 222  0.0498389527
 223  0.0565228947
 224  0.0616811551
 225  0.0411207676
 226  0.0494030453
 227  0.0484585725
 228  0.0496209972
 229  0.0460610725
 230  0.0597195625
 231  0.0435909219
 232  0.040394254
 233  0.0425737984
 234  0.046932891
 235  0.0430823602
 236  0.0510013774
 237  0.0423558466
 238  0.0456251651
 239  0.0405395553
 240  0.0457704663
 241  0.0456251651
 242  0.046932891
 243  0.0478047095
 244  0.0440994836
 245  0.042937059
 246  0.0391591787
 247  0.0494030453
 248  0.0579032749
 249  0.0461337231
 250  0.0408301614
 251  0.0419925861
 252  0.0541980453
 253  0.0472234972
 254  0.0476594083
 255  0.0442447849
 256  0.0415566787
 257  0.0417746343
 258  0.0547792576
 259  0.045189254
 260  0.0486038774
 261  0.0497663021
 262  0.0450439528
 263  0.0467149355
 264  0.0438088775
 265  0.0500569083
 266  0.0426464528
 267  0.0496936515
 268  0.0456978157
 269  0.0385053121
 270  0.0451166034
 271  0.0485312268
 272  0.0425737984
 273  0.0415566787
 274  0.0454798602
 275  0.0394497849
 276  0.0420652404
 277  0.0534715317
 278  0.0437362231
 279  0.0385053121
 280  0.0396677367
 281  0.0477320589
 282  0.0502748638
 283  0.0392318293
 284  0.0385779664
 285  0.0411207676
 286  0.044680696
 287  0.0433729663
 288  0.042937059
 289  0.0441721343
 290  0.0452619083
 291  0.0408301614
 292  0.0430097096
 293  0.0376334935
 294  0.0395950861
 295  0.0377061479
 296  0.0444627404
 297  0.0549972132
 298  0.0476594083
 299  0.0422105417
 300  0.0417746343
 301  0.0456978157
 302  0.0401036479
 303  0.042791754
 304  0.0460610725
 305  0.047586754
 306  0.0500569083
 307  0.0397403911
 308  0.0388685726
 309  0.042791754
 310  0.0425011478
 311  0.0448986478
 312  0.0449713022
 313  0.0557963774
 314  0.0414113738
 315  0.0544160008
 316  0.0502748638
 317  0.0399583429
 318  0.0440994836
 319  0.0451166034
 320  0.0425011478
 321  0.0427191034
 322  0.0467875898
 323  0.0475141034
 324  0.0435909219
 325  0.0387959182
 326  0.0390138738
 327  0.0582665317
 328  0.0400309972
 329  0.0419199355
 330  0.0425011478
 331  0.0485312268
 332  0.0387959182
 333  0.0435909219
 334  0.045189254
 335  0.0414113738
 336  0.0522364527
 337  0.0471508466
 338  0.0483132713
 339  0.0453345589
 340  0.0462063774
 341  0.0425011478
 342  0.0400309972
 343  0.0404669046
 344  0.0403216034
 345  0.0390138738
 346  0.0440994836
 347  0.0408301614
 348  0.0478047095
 349  0.0387959182
 350  0.0456978157
 351  0.0507107712
 352  0.0431550108
 353  0.0485312268
 354  0.044680696
 355  0.0392318293
 356  0.0494030453
 357  0.042937059
 358  0.0527450144
 359  0.0456251651
 360  0.0453345589
 361  0.0496209972
 362  0.0415566787
 363  0.0443174355
 364  0.0401762985
 365  0.0443174355
 366  0.0435909219
 367  0.0414113738
 368  0.0436635725
 369  0.0647325143
 370  0.0455525108
 371  0.0439541787
 372  0.0417746343
 373  0.0565955453
 374  0.0477320589
 375  0.0457704663
 376  0.0454798602
 377  0.0442447849
 378  0.0454798602
 379  0.0409028158
 380  0.0436635725
 381  0.0508560762
 382  0.0507834218
 383  0.043445617
 384  0.0490397848
 385  0.0413387232
 386  0.0456978157
 387  0.0492577404
 388  0.0438815281
 389  0.0468602404
 390  0.048821833
 391  0.0411207676
 392  0.0464969836
 393  0.0541980453
 394  0.0518005453
 395  0.048676528
 396  0.0477320589
 397  0.0451166034
 398  0.0608819872
 399  0.0401036479
 400  0.0492577404
 401  0.0413387232
 402  0.0424284972
 403  0.044680696
 404  0.0578306206
 405  0.0470055416
 406  0.0421378911
 407  0.0480226651
 408  0.0698907748
 409  0.0448259972
 410  0.048676528
 411  0.0465696342
 412  0.0398130417
 413  0.0407575108
 414  0.0418472849
 415  0.0402489491
 416  0.046932891
 417  0.0468602404
 418  0.0433729663
 419  0.0478773601
 420  0.0401036479
 421  0.0560869835
 422  0.0459157713
 423  0.0490397848
 424  0.0433729663
 425  0.042791754
 426  0.0443174355
 427  0.047586754
 428  0.0401762985
 429  0.0499842577
 430  0.0459157713
 431  0.0487491786
 432  0.048676528
 433  0.0453345589
 434  0.0539074391
 435  0.0520911515
 436  0.0406122096
 437  0.0458431169
 438  0.0430097096
 439  0.0468602404
 440  0.0439541787
 441  0.0417746343
 442  0.0399583429
 443  0.044535391
 444  0.0438088775
 445  0.0441721343
 446  0.0440994836
 447  0.0415566787
 448  0.0480953157
 449  0.0382873602
 450  0.0402489491
 451  0.0474414527
 452  0.0413387232
 453  0.040394254
 454  0.0450439528
 455  0.0480226651
 456  0.043445617
 457  0.0419925861
 458  0.0424284972
 459  0.0464969836
 460  0.0438088775
 461  0.0554331206
 462  0.0595742576
 463  0.0453345589
 464  0.0573220626
 465  0.0458431169
 466  0.0539074391
 467  0.0422105417
 468  0.0417746343
 469  0.0426464528
 470  0.0422831923
 471  0.0388685726
 472  0.0417019799
 473  0.0405395553
 474  0.0420652404
 475  0.047078196
 476  0.0409028158
 477  0.043445617
 478  0.0499116033
 479  0.044680696
 480  0.0500569083
 481  0.0417019799
 482  0.0421378911
 483  0.0401762985
 484  0.0419925861
 485  0.0411934219
 486  0.0397403911
 487  0.044680696
 488  0.0419925861
 489  0.0419199355
 490  0.0485312268
 491  0.0437362231
 492  0.0430823602
 493  0.0423558466
 494  0.0425011478
 495  0.0457704663
 496  0.0460610725
 497  0.0402489491
 498  0.0517278947
 499  0.0488944836
 500  0.0411207676

 1  0.
 2  0.
 3  0.
 4  0.
 5  0.
 6  0.
 7  0.
 8  0.
 9  0.
 10  0.
 11  0.
 12  0.
 13  0.
 14  0.
 15  0.
 16  0.
 17  0.
 18  0.
 19  0.
 20  0.
 21  0.
 22  0.
 23  0.
 24  0.
 25  0.
 26  0.
 27  0.
 28  0.
 29  0.
 30  0.
 31  0.
 32  0.
 33  0.
 34  0.
 35  0.
 36  0.
 37  0.
 38  0.
 39  0.
 40  0.
 41  0.
 42  0.
 43  0.
 44  0.
 45  0.
 46  0.
 47  0.
 48  0.
 49  0.
 50  0.
 51  0.
 52  0.
 53  0.
 54  0.
 55  0.
 56  0.
 57  0.
 58  0.
 59  0.
 60  0.
 61  0.
 62  0.
 63  0.
 64  0.
 65  0.
 66  0.
 67  0.
 68  0.
 69  0.
 70  0.
 71  0.
 72  0.
 73  0.
 74  0.
 75  0.
 76  0.
 77  0.
 78  0.
 79  0.
 80  0.
 81  0.
 82  0.
 83  0.
 84  0.
 85  0.
 86  0.
 87  0.
 88  0.
 89  0.
 90  0.
 91  0.
 92  0.
 93  0.
 94  0.
 95  0.
 96  0.
 97  0.
 98  0.
 99  0.
 100  0.
 101  0.
 102  0.
 103  0.
 104  0.
 105  0.
 106  0.
 107  0.
 108  0.
 109  0.
 110  0.
 111  0.
 112  0.
 113  0.
 114  0.
 115  0.
 116  0.
 117  0.
 118  0.
 119  0.
 120  0.
 121  0.
 122  0.
 123  0.
 124  0.
 125  0.
 126  0.
 127  0.
 128  0.
 129  0.
 130  0.
 131  0.
 132  0.
 133  0.
 134  0.
 135  0.
 136  0.
 137  0.
 138  0.
 139  0.
 140  0.
 141  0.
 142  0.
 143  0.
 144  0.
 145  0.
 146  0.
 147  0.
 148  0.
 149  0.
 150  0.
 151  0.
 152  0.
 153  0.
 154  0.
 155  0.
 156  0.
 157  0.
 158  0.
 159  0.
 160  0.
 161  0.
 162  0.
 163  0.
 164  0.
 165  0.
 166  0.
 167  0.
 168  0.
 169  0.
 170  0.
 171  0.
 172  0.
 173  0.
 174  0.
 175  0.
 176  0.
 177  0.
 178  0.
 179  0.
 180  0.
 181  0.
 182  0.
 183  0.
 184  0.
 185  0.
 186  0.
 187  0.
 188  0.
 189  0.
 190  0.
 191  0.
 192  0.
 193  0.
 194  0.
 195  0.
 196  0.
 197  0.
 198  0.
 199  0.
 200  0.
 201  0.
 202  0.
 203  0.
 204  0.
 205  0.
 206  0.
 207  0.
 208  0.
 209  0.
 210  0.
 211  0.
 212  0.
 213  0.
 214  0.
 215  0.
 216  0.
 217  0.
 218  0.
 219  0.
 220  0.
 221  0.
 222  0.
 223  0.
 224  0.
 225  0.
 226  0.
 227  0.
 228  0.
 229  0.
 230  0.
 231  0.
 232  0.
 233  0.
 234  0.
 235  0.
 236  0.
 237  0.
 238  0.
 239  0.
 240  0.
 241  0.
 242  0.
 243  0.
 244  0.
 245  0.
 246  0.
 247  0.
 248  0.
 249  0.
 250  0.
 251  0.
 252  0.
 253  0.
 254  0.
 255  0.
 256  0.
 257  0.
 258  0.
 259  0.
 260  0.
 261  0.
 262  0.
 263  0.
 264  0.
 265  0.
 266  0.
 267  0.
 268  0.
 269  0.
 270  0.
 271  0.
 272  0.
 273  0.
 274  0.
 275  0.
 276  0.
 277  0.
 278  0.
 279  0.
 280  0.
 281  0.
 282  0.
 283  0.
 284  0.
 285  0.
 286  0.
 287  0.
 288  0.
 289  0.
 290  0.
 291  0.
 292  0.
 293  0.
 294  0.
 295  0.
 296  0.
 297  0.
 298  0.
 299  0.
 300  0.
 301  0.
 302  0.
 303  0.
 304  0.
 305  0.
 306  0.
 307  0.
 308  0.
 309  0.
 310  0.
 311  0.
 312  0.
 313  0.
 314  0.
 315  0.
 316  0.
 317  0.
 318  0.
 319  0.
 320  0.
 321  0.
 322  0.
 323  0.
 324  0.
 325  0.
 326  0.
 327  0.
 328  0.
 329  0.
 330  0.
 331  0.
 332  0.
 333  0.
 334  0.
 335  0.
 336  0.
 337  0.
 338  0.
 339  0.
 340  0.
 341  0.
 342  0.
 343  0.
 344  0.
 345  0.
 346  0.
 347  0.
 348  0.
 349  0.
 350  0.
 351  0.
 352  0.
 353  0.
 354  0.
 355  0.
 356  0.
 357  0.
 358  0.
 359  0.
 360  0.
 361  0.
 362  0.
 363  0.
 364  0.
 365  0.
 366  0.
 367  0.
 368  0.
 369  0.
 370  0.
 371  0.
 372  0.
 373  0.
 374  0.
 375  0.
 376  0.
 377  0.
 378  0.
 379  0.
 380  0.
 381  0.
 382  0.
 383  0.
 384  0.
 385  0.
 386  0.
 387  0.
 388  0.
 389  0.
 390  0.
 391  0.
 392  0.
 393  0.
 394  0.
 395  0.
 396  0.
 397  0.
 398  0.
 399  0.
 400  0.
 401  0.
 402  0.
 403  0.
 404  0.
 405  0.
 406  0.
 407  0.
 408  0.
 409  0.
 410  0.
 411  0.
 412  0.
 413  0.
 414  0.
 415  0.
 416  0.
 417  0.
 418  0.
 419  0.
 420  0.
 421  0.
 422  0.
 423  0.
 424  0.
 425  0.
 426  0.
 427  0.
 428  0.
 429  0.
 430  0.
 431  0.
 432  0.
 433  0.
 434  0.
 435  0.
 436  0.
 437  0.
 438  0.
 439  0.
 440  0.
 441  0.
 442  0.
 443  0.
 444  0.
 445  0.
 446  0.
 447  0.
 448  0.
 449  0.
 450  0.
 451  0.
 452  0.
 453  0.
 454  0.
 455  0.
 456  0.
 457  0.
 458  0.
 459  0.
 460  0.
 461  0.
 462  0.
 463  0.
 464  0.
 465  0.
 466  0.
 467  0.
 468  0.
 469  0.
 470  0.
 471  0.
 472  0.
 473  0.
 474  0.
 475  0.
 476  0.
 477  0.
 478  0.
 479  0.
 480  0.
 481  0.
 482  0.
 483  0.
 484  0.
 485  0.
 486  0.
 487  0.
 488  0.
 489  0.
 490  0.
 491  0.
 492  0.
 493  0.
 494  0.
 495  0.
 496  0.
 497  0.
 498  0.
 499  0.
 500  0.

 1  0.
 2  0.
 3  0.
 4  0.
 5  0.
 6  0.
 7  0.
 8  0.
 9  0.
 10  0.
 11  0.
 12  0.
 13  0.
 14  0.
 15  0.
 16  0.
 17  0.
 18  0.
 19  0.
 20  0.
 21  0.
 22  0.
 23  0.
 24  0.
 25  0.
 26  0.
 27  0.
 28  0.
 29  0.
 30  0.
 31  0.
 32  0.
 33  0.
 34  0.
 35  0.
 36  0.
 37  0.
 38  0.
 39  0.
 40  0.
 41  0.
 42  0.
 43  0.
 44  0.
 45  0.
 46  0.
 47  0.
 48  0.
 49  0.
 50  0.
 51  0.
 52  0.
 53  0.
 54  0.
 55  0.
 56  0.
 57  0.
 58  0.
 59  0.
 60  0.
 61  0.
 62  0.
 63  0.
 64  0.
 65  0.
 66  0.
 67  0.
 68  0.
 69  0.
 70  0.
 71  0.
 72  0.
 73  0.
 74  0.
 75  0.
 76  0.
 77  0.
 78  0.
 79  0.
 80  0.
 81  0.
 82  0.
 83  0.
 84  0.
 85  0.
 86  0.
 87  0.
 88  0.
 89  0.
 90  0.
 91  0.
 92  0.
 93  0.
 94  0.
 95  0.
 96  0.
 97  0.
 98  0.
 99  0.
 100  0.
 101  0.
 102  0.
 103  0.
 104  0.
 105  0.
 106  0.
 107  0.
 108  0.
 109  0.
 110  0.
 111  0.
 112  0.
 113  0.
 114  0.
 115  0.
 116  0.
 117  0.
 118  0.
 119  0.
 120  0.
 121  0.
 122  0.
 123  0.
 124  0.
 125  0.
 126  0.
 127  0.
 128  0.
 129  0.
 130  0.
 131  0.
 132  0.
 133  0.
 134  0.
 135  0.
 136  0.
 137  0.
 138  0.
 139  0.
 140  0.
 141  0.
 142  0.
 143  0.
 144  0.
 145  0.
 146  0.
 147  0.
 148  0.
 149  0.
 150  0.
 151  0.
 152  0.
 153  0.
 154  0.
 155  0.
 156  0.
 157  0.
 158  0.
 159  0.
 160  0.
 161  0.
 162  0.
 163  0.
 164  0.
 165  0.
 166  0.
 167  0.
 168  0.
 169  0.
 170  0.
 171  0.
 172  0.
 173  0.
 174  0.
 175  0.
 176  0.
 177  0.
 178  0.
 179  0.
 180  0.
 181  0.
 182  0.
 183  0.
 184  0.
 185  0.
 186  0.
 187  0.
 188  0.
 189  0.
 190  0.
 191  0.
 192  0.
 193  0.
 194  0.
 195  0.
 196  0.
 197  0.
 198  0.
 199  0.
 200  0.
 201  0.
 202  0.
 203  0.
 204  0.
 205  0.
 206  0.
 207  0.
 208  0.
 209  0.
 210  0.
 211  0.
 212  0.
 213  0.
 214  0.
 215  0.
 216  0.
 217  0.
 218  0.
 219  0.
 220  0.
 221  0.
 222  0.
 223  0.
 224  0.
 225  0.
 226  0.
 227  0.
 228  0.
 229  0.
 230  0.
 231  0.
 232  0.
 233  0.
 234  0.
 235  0.
 236  0.
 237  0.
 238  0.
 239  0.
 240  0.
 241  0.
 242  0.
 243  0.
 244  0.
 245  0.
 246  0.
 247  0.
 248  0.
 249  0.
 250  0.
 251  0.
 252  0.
 253  0.
 254  0.
 255  0.
 256  0.
 257  0.
 258  0.
 259  0.
 260  0.
 261  0.
 262  0.
 263  0.
 264  0.
 265  0.
 266  0.
 267  0.
 268  0.
 269  0.
 270  0.
 271  0.
 272  0.
 273  0.
 274  0.
 275  0.
 276  0.
 277  0.
 278  0.
 279  0.
 280  0.
 281  0.
 282  0.
 283  0.
 284  0.
 285  0.
 286  0.
 287  0.
 288  0.
 289  0.
 290  0.
 291  0.
 292  0.
 293  0.
 294  0.
 295  0.
 296  0.
 297  0.
 298  0.
 299  0.
 300  0.
 301  0.
 302  0.
 303  0.
 304  0.
 305  0.
 306  0.
 307  0.
 308  0.
 309  0.
 310  0.
 311  0.
 312  0.
 313  0.
 314  0.
 315  0.
 316  0.
 317  0.
 318  0.
 319  0.
 320  0.
 321  0.
 322  0.
 323  0.
 324  0.
 325  0.
 326  0.
 327  0.
 328  0.
 329  0.
 330  0.
 331  0.
 332  0.
 333  0.
 334  0.
 335  0.
 336  0.
 337  0.
 338  0.
 339  0.
 340  0.
 341  0.
 342  0.
 343  0.
 344  0.
 345  0.
 346  0.
 347  0.
 348  0.
 349  0.
 350  0.
 351  0.
 352  0.
 353  0.
 354  0.
 355  0.
 356  0.
 357  0.
 358  0.
 359  0.
 360  0.
 361  0.
 362  0.
 363  0.
 364  0.
 365  0.
 366  0.
 367  0.
 368  0.
 369  0.
 370  0.
 371  0.
 372  0.
 373  0.
 374  0.
 375  0.
 376  0.
 377  0.
 378  0.
 379  0.
 380  0.
 381  0.
 382  0.
 383  0.
 384  0.
 385  0.
 386  0.
 387  0.
 388  0.
 389  0.
 390  0.
 391  0.
 392  0.
 393  0.
 394  0.
 395  0.
 396  0.
 397  0.
 398  0.
 399  0.
 400  0.
 401  0.
 402  0.
 403  0.
 404  0.
 405  0.
 406  0.
 407  0.
 408  0.
 409  0.
 410  0.
 411  0.
 412  0.
 413  0.
 414  0.
 415  0.
 416  0.
 417  0.
 418  0.
 419  0.
 420  0.
 421  0.
 422  0.
 423  0.
 424  0.
 425  0.
 426  0.
 427  0.
 428  0.
 429  0.
 430  0.
 431  0.
 432  0.
 433  0.
 434  0.
 435  0.
 436  0.
 437  0.
 438  0.
 439  0.
 440  0.
 441  0.
 442  0.
 443  0.
 444  0.
 445  0.
 446  0.
 447  0.
 448  0.
 449  0.
 450  0.
 451  0.
 452  0.
 453  0.
 454  0.
 455  0.
 456  0.
 457  0.
 458  0.
 459  0.
 460  0.
 461  0.
 462  0.
 463  0.
 464  0.
 465  0.
 466  0.
 467  0.
 468  0.
 469  0.
 470  0.
 471  0.
 472  0.
 473  0.
 474  0.
 475  0.
 476  0.
 477  0.
 478  0.
 479  0.
 480  0.
 481  0.
 482  0.
 483  0.
 484  0.
 485  0.
 486  0.
 487  0.
 488  0.
 489  0.
 490  0.
 491  0.
 492  0.
 493  0.
 494  0.
 495  0.
 496  0.
 497  0.
 498  0.
 499  0.
 500  0.

 1  0.
 2  0.
 3  0.
 4  0.
 5  0.
 6  0.
 7  0.
 8  0.
 9  0.
 10  0.
 11  0.
 12  0.
 13  0.
 14  0.
 15  0.
 16  0.
 17  0.
 18  0.
 19  0.
 20  0.
 21  0.
 22  0.
 23  0.
 24  0.
 25  0.
 26  0.
 27  0.
 28  0.
 29  0.
 30  0.
 31  0.
 32  0.
 33  0.
 34  0.
 35  0.
 36  0.
 37  0.
 38  0.
 39  0.
 40  0.
 41  0.
 42  0.
 43  0.
 44  0.
 45  0.
 46  0.
 47  0.
 48  0.
 49  0.
 50  0.
 51  0.
 52  0.
 53  0.
 54  0.
 55  0.
 56  0.
 57  0.
 58  0.
 59  0.
 60  0.
 61  0.
 62  0.
 63  0.
 64  0.
 65  0.
 66  0.
 67  0.
 68  0.
 69  0.
 70  0.
 71  0.
 72  0.
 73  0.
 74  0.
 75  0.
 76  0.
 77  0.
 78  0.
 79  0.
 80  0.
 81  0.
 82  0.
 83  0.
 84  0.
 85  0.
 86  0.
 87  0.
 88  0.
 89  0.
 90  0.
 91  0.
 92  0.
 93  0.
 94  0.
 95  0.
 96  0.
 97  0.
 98  0.
 99  0.
 100  0.
 101  0.
 102  0.
 103  0.
 104  0.
 105  0.
 106  0.
 107  0.
 108  0.
 109  0.
 110  0.
 111  0.
 112  0.
 113  0.
 114  0.
 115  0.
 116  0.
 117  0.
 118  0.
 119  0.
 120  0.
 121  0.
 122  0.
 123  0.
 124  0.
 125  0.
 126  0.
 127  0.
 128  0.
 129  0.
 130  0.
 131  0.
 132  0.
 133  0.
 134  0.
 135  0.
 136  0.
 137  0.
 138  0.
 139  0.
 140  0.
 141  0.
 142  0.
 143  0.
 144  0.
 145  0.
 146  0.
 147  0.
 148  0.
 149  0.
 150  0.
 151  0.
 152  0.
 153  0.
 154  0.
 155  0.
 156  0.
 157  0.
 158  0.
 159  0.
 160  0.
 161  0.
 162  0.
 163  0.
 164  0.
 165  0.
 166  0.
 167  0.
 168  0.
 169  0.
 170  0.
 171  0.
 172  0.
 173  0.
 174  0.
 175  0.
 176  0.
 177  0.
 178  0.
 179  0.
 180  0.
 181  0.
 182  0.
 183  0.
 184  0.
 185  0.
 186  0.
 187  0.
 188  0.
 189  0.
 190  0.
 191  0.
 192  0.
 193  0.
 194  0.
 195  0.
 196  0.
 197  0.
 198  0.
 199  0.
 200  0.
 201  0.
 202  0.
 203  0.
 204  0.
 205  0.
 206  0.
 207  0.
 208  0.
 209  0.
 210  0.
 211  0.
 212  0.
 213  0.
 214  0.
 215  0.
 216  0.
 217  0.
 218  0.
 219  0.
 220  0.
 221  0.
 222  0.
 223  0.
 224  0.
 225  0.
 226  0.
 227  0.
 228  0.
 229  0.
 230  0.
 231  0.
 232  0.
 233  0.
 234  0.
 235  0.
 236  0.
 237  0.
 238  0.
 239  0.
 240  0.
 241  0.
 242  0.
 243  0.
 244  0.
 245  0.
 246  0.
 247  0.
 248  0.
 249  0.
 250  0.
 251  0.
 252  0.
 253  0.
 254  0.
 255  0.
 256  0.
 257  0.
 258  0.
 259  0.
 260  0.
 261  0.
 262  0.
 263  0.
 264  0.
 265  0.
 266  0.
 267  0.
 268  0.
 269  0.
 270  0.
 271  0.
 272  0.
 273  0.
 274  0.
 275  0.
 276  0.
 277  0.
 278  0.
 279  0.
 280  0.
 281  0.
 282  0.
 283  0.
 284  0.
 285  0.
 286  0.
 287  0.
 288  0.
 289  0.
 290  0.
 291  0.
 292  0.
 293  0.
 294  0.
 295  0.
 296  0.
 297  0.
 298  0.
 299  0.
 300  0.
 301  0.
 302  0.
 303  0.
 304  0.
 305  0.
 306  0.
 307  0.
 308  0.
 309  0.
 310  0.
 311  0.
 312  0.
 313  0.
 314  0.
 315  0.
 316  0.
 317  0.
 318  0.
 319  0.
 320  0.
 321  0.
 322  0.
 323  0.
 324  0.
 325  0.
 326  0.
 327  0.
 328  0.
 329  0.
 330  0.
 331  0.
 332  0.
 333  0.
 334  0.
 335  0.
 336  0.
 337  0.
 338  0.
 339  0.
 340  0.
 341  0.
 342  0.
 343  0.
 344  0.
 345  0.
 346  0.
 347  0.
 348  0.
 349  0.
 350  0.
 351  0.
 352  0.
 353  0.
 354  0.
 355  0.
 356  0.
 357  0.
 358  0.
 359  0.
 360  0.
 361  0.
 362  0.
 363  0.
 364  0.
 365  0.
 366  0.
 367  0.
 368  0.
 369  0.
 370  0.
 371  0.
 372  0.
 373  0.
 374  0.
 375  0.
 376  0.
 377  0.
 378  0.
 379  0.
 380  0.
 381  0.
 382  0.
 383  0.
 384  0.
 385  0.
 386  0.
 387  0.
 388  0.
 389  0.
 390  0.
 391  0.
 392  0.
 393  0.
 394  0.
 395  0.
 396  0.
 397  0.
 398  0.
 399  0.
 400  0.
 401  0.
 402  0.
 403  0.
 404  0.
 405  0.
 406  0.
 407  0.
 408  0.
 409  0.
 410  0.
 411  0.
 412  0.
 413  0.
 414  0.
 415  0.
 416  0.
 417  0.
 418  0.
 419  0.
 420  0.
 421  0.
 422  0.
 423  0.
 424  0.
 425  0.
 426  0.
 427  0.
 428  0.
 429  0.
 430  0.
 431  0.
 432  0.
 433  0.
 434  0.
 435  0.
 436  0.
 437  0.
 438  0.
 439  0.
 440  0.
 441  0.
 442  0.
 443  0.
 444  0.
 445  0.
 446  0.
 447  0.
 448  0.
 449  0.
 450  0.
 451  0.
 452  0.
 453  0.
 454  0.
 455  0.
 456  0.
 457  0.
 458  0.
 459  0.
 460  0.
 461  0.
 462  0.
 463  0.
 464  0.
 465  0.
 466  0.
 467  0.
 468  0.
 469  0.
 470  0.
 471  0.
 472  0.
 473  0.
 474  0.
 475  0.
 476  0.
 477  0.
 478  0.
 479  0.
 480  0.
 481  0.
 482  0.
 483  0.
 484  0.
 485  0.
 486  0.
 487  0.
 488  0.
 489  0.
 490  0.
 491  0.
 492  0.
 493  0.
 494  0.
 495  0.
 496  0.
 497  0.
 498  0.
 499  0.
 500  0.

 1  0.
 2  0.
 3  0.
 4  0.
 5  0.
 6  0.
 7  0.
 8  0.
 9  0.
 10  0.
 11  0.
 12  0.
 13  0.
 14  0.
 15  0.
 16  0.
 17  0.
 18  0.
 19  0.
 20  0.
 21  0.
 22  0.
 23  0.
 24  0.
 25  0.
 26  0.
 27  0.
 28  0.
 29  0.
 30  0.
 31  0.
 32  0.
 33  0.
 34  0.
 35  0.
 36  0.
 37  0.
 38  0.
 39  0.
 40  0.
 41  0.
 42  0.
 43  0.
 44  0.
 45  0.
 46  0.
 47  0.
 48  0.
 49  0.
 50  0.
 51  0.
 52  0.
 53  0.
 54  0.
 55  0.
 56  0.
 57  0.
 58  0.
 59  0.
 60  0.
 61  0.
 62  0.
 63  0.
 64  0.
 65  0.
 66  0.
 67  0.
 68  0.
 69  0.
 70  0.
 71  0.
 72  0.
 73  0.
 74  0.
 75  0.
 76  0.
 77  0.
 78  0.
 79  0.
 80  0.
 81  0.
 82  0.
 83  0.
 84  0.
 85  0.
 86  0.
 87  0.
 88  0.
 89  0.
 90  0.
 91  0.
 92  0.
 93  0.
 94  0.
 95  0.
 96  0.
 97  0.
 98  0.
 99  0.
 100  0.
 101  0.
 102  0.
 103  0.
 104  0.
 105  0.
 106  0.
 107  0.
 108  0.
 109  0.
 110  0.
 111  0.
 112  0.
 113  0.
 114  0.
 115  0.
 116  0.
 117  0.
 118  0.
 119  0.
 120  0.
 121  0.
 122  0.
 123  0.
 124  0.
 125  0.
 126  0.
 127  0.
 128  0.
 129  0.
 130  0.
 131  0.
 132  0.
 133  0.
 134  0.
 135  0.
 136  0.
 137  0.
 138  0.
 139  0.
 140  0.
 141  0.
 142  0.
 143  0.
 144  0.
 145  0.
 146  0.
 147  0.
 148  0.
 149  0.
 150  0.
 151  0.
 152  0.
 153  0.
 154  0.
 155  0.
 156  0.
 157  0.
 158  0.
 159  0.
 160  0.
 161  0.
 162  0.
 163  0.
 164  0.
 165  0.
 166  0.
 167  0.
 168  0.
 169  0.
 170  0.
 171  0.
 172  0.
 173  0.
 174  0.
 175  0.
 176  0.
 177  0.
 178  0.
 179  0.
 180  0.
 181  0.
 182  0.
 183  0.
 184  0.
 185  0.
 186  0.
 187  0.
 188  0.
 189  0.
 190  0.
 191  0.
 192  0.
 193  0.
 194  0.
 195  0.
 196  0.
 197  0.
 198  0.
 199  0.
 200  0.
 201  0.
 202  0.
 203  0.
 204  0.
 205  0.
 206  0.
 207  0.
 208  0.
 209  0.
 210  0.
 211  0.
 212  0.
 213  0.
 214  0.
 215  0.
 216  0.
 217  0.
 218  0.
 219  0.
 220  0.
 221  0.
 222  0.
 223  0.
 224  0.
 225  0.
 226  0.
 227  0.
 228  0.
 229  0.
 230  0.
 231  0.
 232  0.
 233  0.
 234  0.
 235  0.
 236  0.
 237  0.
 238  0.
 239  0.
 240  0.
 241  0.
 242  0.
 243  0.
 244  0.
 245  0.
 246  0.
 247  0.
 248  0.
 249  0.
 250  0.
 251  0.
 252  0.
 253  0.
 254  0.
 255  0.
 256  0.
 257  0.
 258  0.
 259  0.
 260  0.
 261  0.
 262  0.
 263  0.
 264  0.
 265  0.
 266  0.
 267  0.
 268  0.
 269  0.
 270  0.
 271  0.
 272  0.
 273  0.
 274  0.
 275  0.
 276  0.
 277  0.
 278  0.
 279  0.
 280  0.
 281  0.
 282  0.
 283  0.
 284  0.
 285  0.
 286  0.
 287  0.
 288  0.
 289  0.
 290  0.
 291  0.
 292  0.
 293  0.
 294  0.
 295  0.
 296  0.
 297  0.
 298  0.
 299  0.
 300  0.
 301  0.
 302  0.
 303  0.
 304  0.
 305  0.
 306  0.
 307  0.
 308  0.
 309  0.
 310  0.
 311  0.
 312  0.
 313  0.
 314  0.
 315  0.
 316  0.
 317  0.
 318  0.
 319  0.
 320  0.
 321  0.
 322  0.
 323  0.
 324  0.
 325  0.
 326  0.
 327  0.
 328  0.
 329  0.
 330  0.
 331  0.
 332  0.
 333  0.
 334  0.
 335  0.
 336  0.
 337  0.
 338  0.
 339  0.
 340  0.
 341  0.
 342  0.
 343  0.
 344  0.
 345  0.
 346  0.
 347  0.
 348  0.
 349  0.
 350  0.
 351  0.
 352  0.
 353  0.
 354  0.
 355  0.
 356  0.
 357  0.
 358  0.
 359  0.
 360  0.
 361  0.
 362  0.
 363  0.
 364  0.
 365  0.
 366  0.
 367  0.
 368  0.
 369  0.
 370  0.
 371  0.
 372  0.
 373  0.
 374  0.
 375  0.
 376  0.
 377  0.
 378  0.
 379  0.
 380  0.
 381  0.
 382  0.
 383  0.
 384  0.
 385  0.
 386  0.
 387  0.
 388  0.
 389  0.
 390  0.
 391  0.
 392  0.
 393  0.
 394  0.
 395  0.
 396  0.
 397  0.
 398  0.
 399  0.
 400  0.
 401  0.
 402  0.
 403  0.
 404  0.
 405  0.
 406  0.
 407  0.
 408  0.
 409  0.
 410  0.
 411  0.
 412  0.
 413  0.
 414  0.
 415  0.
 416  0.
 417  0.
 418  0.
 419  0.
 420  0.
 421  0.
 422  0.
 423  0.
 424  0.
 425  0.
 426  0.
 427  0.
 428  0.
 429  0.
 430  0.
 431  0.
 432  0.
 433  0.
 434  0.
 435  0.
 436  0.
 437  0.
 438  0.
 439  0.
 440  0.
 441  0.
 442  0.
 443  0.
 444  0.
 445  0.
 446  0.
 447  0.
 448  0.
 449  0.
 450  0.
 451  0.
 452  0.
 453  0.
 454  0.
 455  0.
 456  0.
 457  0.
 458  0.
 459  0.
 460  0.
 461  0.
 462  0.
 463  0.
 464  0.
 465  0.
 466  0.
 467  0.
 468  0.
 469  0.
 470  0.
 471  0.
 472  0.
 473  0.
 474  0.
 475  0.
 476  0.
 477  0.
 478  0.
 479  0.
 480  0.
 481  0.
 482  0.
 483  0.
 484  0.
 485  0.
 486  0.
 487  0.
 488  0.
 489  0.
 490  0.
 491  0.
 492  0.
 493  0.
 494  0.
 495  0.
 496  0.
 497  0.
 498  0.
 499  0.
 500  0.

 1  0.
 2  0.
 3  0.
 4  0.
 5  0.
 6  0.
 7  0.
 8  0.
 9  0.
 10  0.
 11  0.
 12  0.
 13  0.
 14  0.
 15  0.
 16  0.
 17  0.
 18  0.
 19  0.
 20  0.
 21  0.
 22  0.
 23  0.
 24  0.
 25  0.
 26  0.
 27  0.
 28  0.
 29  0.
 30  0.
 31  0.
 32  0.
 33  0.
 34  0.
 35  0.
 36  0.
 37  0.
 38  0.
 39  0.
 40  0.
 41  0.
 42  0.
 43  0.
 44  0.
 45  0.
 46  0.
 47  0.
 48  0.
 49  0.
 50  0.
 51  0.
 52  0.
 53  0.
 54  0.
 55  0.
 56  0.
 57  0.
 58  0.
 59  0.
 60  0.
 61  0.
 62  0.
 63  0.
 64  0.
 65  0.
 66  0.
 67  0.
 68  0.
 69  0.
 70  0.
 71  0.
 72  0.
 73  0.
 74  0.
 75  0.
 76  0.
 77  0.
 78  0.
 79  0.
 80  0.
 81  0.
 82  0.
 83  0.
 84  0.
 85  0.
 86  0.
 87  0.
 88  0.
 89  0.
 90  0.
 91  0.
 92  0.
 93  0.
 94  0.
 95  0.
 96  0.
 97  0.
 98  0.
 99  0.
 100  0.
 101  0.
 102  0.
 103  0.
 104  0.
 105  0.
 106  0.
 107  0.
 108  0.
 109  0.
 110  0.
 111  0.
 112  0.
 113  0.
 114  0.
 115  0.
 116  0.
 117  0.
 118  0.
 119  0.
 120  0.
 121  0.
 122  0.
 123  0.
 124  0.
 125  0.
 126  0.
 127  0.
 128  0.
 129  0.
 130  0.
 131  0.
 132  0.
 133  0.
 134  0.
 135  0.
 136  0.
 137  0.
 138  0.
 139  0.
 140  0.
 141  0.
 142  0.
 143  0.
 144  0.
 145  0.
 146  0.
 147  0.
 148  0.
 149  0.
 150  0.
 151  0.
 152  0.
 153  0.
 154  0.
 155  0.
 156  0.
 157  0.
 158  0.
 159  0.
 160  0.
 161  0.
 162  0.
 163  0.
 164  0.
 165  0.
 166  0.
 167  0.
 168  0.
 169  0.
 170  0.
 171  0.
 172  0.
 173  0.
 174  0.
 175  0.
 176  0.
 177  0.
 178  0.
 179  0.
 180  0.
 181  0.
 182  0.
 183  0.
 184  0.
 185  0.
 186  0.
 187  0.
 188  0.
 189  0.
 190  0.
 191  0.
 192  0.
 193  0.
 194  0.
 195  0.
 196  0.
 197  0.
 198  0.
 199  0.
 200  0.
 201  0.
 202  0.
 203  0.
 204  0.
 205  0.
 206  0.
 207  0.
 208  0.
 209  0.
 210  0.
 211  0.
 212  0.
 213  0.
 214  0.
 215  0.
 216  0.
 217  0.
 218  0.
 219  0.
 220  0.
 221  0.
 222  0.
 223  0.
 224  0.
 225  0.
 226  0.
 227  0.
 228  0.
 229  0.
 230  0.
 231  0.
 232  0.
 233  0.
 234  0.
 235  0.
 236  0.
 237  0.
 238  0.
 239  0.
 240  0.
 241  0.
 242  0.
 243  0.
 244  0.
 245  0.
 246  0.
 247  0.
 248  0.
 249  0.
 250  0.
 251  0.
 252  0.
 253  0.
 254  0.
 255  0.
 256  0.
 257  0.
 258  0.
 259  0.
 260  0.
 261  0.
 262  0.
 263  0.
 264  0.
 265  0.
 266  0.
 267  0.
 268  0.
 269  0.
 270  0.
 271  0.
 272  0.
 273  0.
 274  0.
 275  0.
 276  0.
 277  0.
 278  0.
 279  0.
 280  0.
 281  0.
 282  0.
 283  0.
 284  0.
 285  0.
 286  0.
 287  0.
 288  0.
 289  0.
 290  0.
 291  0.
 292  0.
 293  0.
 294  0.
 295  0.
 296  0.
 297  0.
 298  0.
 299  0.
 300  0.
 301  0.
 302  0.
 303  0.
 304  0.
 305  0.
 306  0.
 307  0.
 308  0.
 309  0.
 310  0.
 311  0.
 312  0.
 313  0.
 314  0.
 315  0.
 316  0.
 317  0.
 318  0.
 319  0.
 320  0.
 321  0.
 322  0.
 323  0.
 324  0.
 325  0.
 326  0.
 327  0.
 328  0.
 329  0.
 330  0.
 331  0.
 332  0.
 333  0.
 334  0.
 335  0.
 336  0.
 337  0.
 338  0.
 339  0.
 340  0.
 341  0.
 342  0.
 343  0.
 344  0.
 345  0.
 346  0.
 347  0.
 348  0.
 349  0.
 350  0.
 351  0.
 352  0.
 353  0.
 354  0.
 355  0.
 356  0.
 357  0.
 358  0.
 359  0.
 360  0.
 361  0.
 362  0.
 363  0.
 364  0.
 365  0.
 366  0.
 367  0.
 368  0.
 369  0.
 370  0.
 371  0.
 372  0.
 373  0.
 374  0.
 375  0.
 376  0.
 377  0.
 378  0.
 379  0.
 380  0.
 381  0.
 382  0.
 383  0.
 384  0.
 385  0.
 386  0.
 387  0.
 388  0.
 389  0.
 390  0.
 391  0.
 392  0.
 393  0.
 394  0.
 395  0.
 396  0.
 397  0.
 398  0.
 399  0.
 400  0.
 401  0.
 402  0.
 403  0.
 404  0.
 405  0.
 406  0.
 407  0.
 408  0.
 409  0.
 410  0.
 411  0.
 412  0.
 413  0.
 414  0.
 415  0.
 416  0.
 417  0.
 418  0.
 419  0.
 420  0.
 421  0.
 422  0.
 423  0.
 424  0.
 425  0.
 426  0.
 427  0.
 428  0.
 429  0.
 430  0.
 431  0.
 432  0.
 433  0.
 434  0.
 435  0.
 436  0.
 437  0.
 438  0.
 439  0.
 440  0.
 441  0.
 442  0.
 443  0.
 444  0.
 445  0.
 446  0.
 447  0.
 448  0.
 449  0.
 450  0.
 451  0.
 452  0.
 453  0.
 454  0.
 455  0.
 456  0.
 457  0.
 458  0.
 459  0.
 460  0.
 461  0.
 462  0.
 463  0.
 464  0.
 465  0.
 466  0.
 467  0.
 468  0.
 469  0.
 470  0.
 471  0.
 472  0.
 473  0.
 474  0.
 475  0.
 476  0.
 477  0.
 478  0.
 479  0.
 480  0.
 481  0.
 482  0.
 483  0.
 484  0.
 485  0.
 486  0.
 487  0.
 488  0.
 489  0.
 490  0.
 491  0.
 492  0.
 493  0.
 494  0.
 495  0.
 496  0.
 497  0.
 498  0.
 499  0.
 500  0.

 1  0.
 2  0.
 3  0.
 4  0.
 5  0.
 6  0.
 7  0.
 8  0.
 9  0.
 10  0.
 11  0.
 12  0.
 13  0.
 14  0.
 15  0.
 16  0.
 17  0.
 18  0.
 19  0.
 20  0.
 21  0.
 22  0.
 23  0.
 24  0.
 25  0.
 26  0.
 27  0.
 28  0.
 29  0.
 30  0.
 31  0.
 32  0.
 33  0.
 34  0.
 35  0.
 36  0.
 37  0.
 38  0.
 39  0.
 40  0.
 41  0.
 42  0.
 43  0.
 44  0.
 45  0.
 46  0.
 47  0.
 48  0.
 49  0.
 50  0.
 51  0.
 52  0.
 53  0.
 54  0.
 55  0.
 56  0.
 57  0.
 58  0.
 59  0.
 60  0.
 61  0.
 62  0.
 63  0.
 64  0.
 65  0.
 66  0.
 67  0.
 68  0.
 69  0.
 70  0.
 71  0.
 72  0.
 73  0.
 74  0.
 75  0.
 76  0.
 77  0.
 78  0.
 79  0.
 80  0.
 81  0.
 82  0.
 83  0.
 84  0.
 85  0.
 86  0.
 87  0.
 88  0.
 89  0.
 90  0.
 91  0.
 92  0.
 93  0.
 94  0.
 95  0.
 96  0.
 97  0.
 98  0.
 99  0.
 100  0.
 101  0.
 102  0.
 103  0.
 104  0.
 105  0.
 106  0.
 107  0.
 108  0.
 109  0.
 110  0.
 111  0.
 112  0.
 113  0.
 114  0.
 115  0.
 116  0.
 117  0.
 118  0.
 119  0.
 120  0.
 121  0.
 122  0.
 123  0.
 124  0.
 125  0.
 126  0.
 127  0.
 128  0.
 129  0.
 130  0.
 131  0.
 132  0.
 133  0.
 134  0.
 135  0.
 136  0.
 137  0.
 138  0.
 139  0.
 140  0.
 141  0.
 142  0.
 143  0.
 144  0.
 145  0.
 146  0.
 147  0.
 148  0.
 149  0.
 150  0.
 151  0.
 152  0.
 153  0.
 154  0.
 155  0.
 156  0.
 157  0.
 158  0.
 159  0.
 160  0.
 161  0.
 162  0.
 163  0.
 164  0.
 165  0.
 166  0.
 167  0.
 168  0.
 169  0.
 170  0.
 171  0.
 172  0.
 173  0.
 174  0.
 175  0.
 176  0.
 177  0.
 178  0.
 179  0.
 180  0.
 181  0.
 182  0.
 183  0.
 184  0.
 185  0.
 186  0.
 187  0.
 188  0.
 189  0.
 190  0.
 191  0.
 192  0.
 193  0.
 194  0.
 195  0.
 196  0.
 197  0.
 198  0.
 199  0.
 200  0.
 201  0.
 202  0.
 203  0.
 204  0.
 205  0.
 206  0.
 207  0.
 208  0.
 209  0.
 210  0.
 211  0.
 212  0.
 213  0.
 214  0.
 215  0.
 216  0.
 217  0.
 218  0.
 219  0.
 220  0.
 221  0.
 222  0.
 223  0.
 224  0.
 225  0.
 226  0.
 227  0.
 228  0.
 229  0.
 230  0.
 231  0.
 232  0.
 233  0.
 234  0.
 235  0.
 236  0.
 237  0.
 238  0.
 239  0.
 240  0.
 241  0.
 242  0.
 243  0.
 244  0.
 245  0.
 246  0.
 247  0.
 248  0.
 249  0.
 250  0.
 251  0.
 252  0.
 253  0.
 254  0.
 255  0.
 256  0.
 257  0.
 258  0.
 259  0.
 260  0.
 261  0.
 262  0.
 263  0.
 264  0.
 265  0.
 266  0.
 267  0.
 268  0.
 269  0.
 270  0.
 271  0.
 272  0.
 273  0.
 274  0.
 275  0.
 276  0.
 277  0.
 278  0.
 279  0.
 280  0.
 281  0.
 282  0.
 283  0.
 284  0.
 285  0.
 286  0.
 287  0.
 288  0.
 289  0.
 290  0.
 291  0.
 292  0.
 293  0.
 294  0.
 295  0.
 296  0.
 297  0.
 298  0.
 299  0.
 300  0.
 301  0.
 302  0.
 303  0.
 304  0.
 305  0.
 306  0.
 307  0.
 308  0.
 309  0.
 310  0.
 311  0.
 312  0.
 313  0.
 314  0.
 315  0.
 316  0.
 317  0.
 318  0.
 319  0.
 320  0.
 321  0.
 322  0.
 323  0.
 324  0.
 325  0.
 326  0.
 327  0.
 328  0.
 329  0.
 330  0.
 331  0.
 332  0.
 333  0.
 334  0.
 335  0.
 336  0.
 337  0.
 338  0.
 339  0.
 340  0.
 341  0.
 342  0.
 343  0.
 344  0.
 345  0.
 346  0.
 347  0.
 348  0.
 349  0.
 350  0.
 351  0.
 352  0.
 353  0.
 354  0.
 355  0.
 356  0.
 357  0.
 358  0.
 359  0.
 360  0.
 361  0.
 362  0.
 363  0.
 364  0.
 365  0.
 366  0.
 367  0.
 368  0.
 369  0.
 370  0.
 371  0.
 372  0.
 373  0.
 374  0.
 375  0.
 376  0.
 377  0.
 378  0.
 379  0.
 380  0.
 381  0.
 382  0.
 383  0.
 384  0.
 385  0.
 386  0.
 387  0.
 388  0.
 389  0.
 390  0.
 391  0.
 392  0.
 393  0.
 394  0.
 395  0.
 396  0.
 397  0.
 398  0.
 399  0.
 400  0.
 401  0.
 402  0.
 403  0.
 404  0.
 405  0.
 406  0.
 407  0.
 408  0.
 409  0.
 410  0.
 411  0.
 412  0.
 413  0.
 414  0.
 415  0.
 416  0.
 417  0.
 418  0.
 419  0.
 420  0.
 421  0.
 422  0.
 423  0.
 424  0.
 425  0.
 426  0.
 427  0.
 428  0.
 429  0.
 430  0.
 431  0.
 432  0.
 433  0.
 434  0.
 435  0.
 436  0.
 437  0.
 438  0.
 439  0.
 440  0.
 441  0.
 442  0.
 443  0.
 444  0.
 445  0.
 446  0.
 447  0.
 448  0.
 449  0.
 450  0.
 451  0.
 452  0.
 453  0.
 454  0.
 455  0.
 456  0.
 457  0.
 458  0.
 459  0.
 460  0.
 461  0.
 462  0.
 463  0.
 464  0.
 465  0.
 466  0.
 467  0.
 468  0.
 469  0.
 470  0.
 471  0.
 472  0.
 473  0.
 474  0.
 475  0.
 476  0.
 477  0.
 478  0.
 479  0.
 480  0.
 481  0.
 482  0.
 483  0.
 484  0.
 485  0.
 486  0.
 487  0.
 488  0.
 489  0.
 490  0.
 491  0.
 492  0.
 493  0.
 494  0.
 495  0.
 496  0.
 497  0.
 498  0.
 499  0.
 500  0.

 1  0.
 2  0.
 3  0.
 4  0.
 5  0.
 6  0.
 7  0.
 8  0.
 9  0.
 10  0.
 11  0.
 12  0.
 13  0.
 14  0.
 15  0.
 16  0.
 17  0.
 18  0.
 19  0.
 20  0.
 21  0.
 22  0.
 23  0.
 24  0.
 25  0.
 26  0.
 27  0.
 28  0.
 29  0.
 30  0.
 31  0.
 32  0.
 33  0.
 34  0.
 35  0.
 36  0.
 37  0.
 38  0.
 39  0.
 40  0.
 41  0.
 42  0.
 43  0.
 44  0.
 45  0.
 46  0.
 47  0.
 48  0.
 49  0.
 50  0.
 51  0.
 52  0.
 53  0.
 54  0.
 55  0.
 56  0.
 57  0.
 58  0.
 59  0.
 60  0.
 61  0.
 62  0.
 63  0.
 64  0.
 65  0.
 66  0.
 67  0.
 68  0.
 69  0.
 70  0.
 71  0.
 72  0.
 73  0.
 74  0.
 75  0.
 76  0.
 77  0.
 78  0.
 79  0.
 80  0.
 81  0.
 82  0.
 83  0.
 84  0.
 85  0.
 86  0.
 87  0.
 88  0.
 89  0.
 90  0.
 91  0.
 92  0.
 93  0.
 94  0.
 95  0.
 96  0.
 97  0.
 98  0.
 99  0.
 100  0.
 101  0.
 102  0.
 103  0.
 104  0.
 105  0.
 106  0.
 107  0.
 108  0.
 109  0.
 110  0.
 111  0.
 112  0.
 113  0.
 114  0.
 115  0.
 116  0.
 117  0.
 118  0.
 119  0.
 120  0.
 121  0.
 122  0.
 123  0.
 124  0.
 125  0.
 126  0.
 127  0.
 128  0.
 129  0.
 130  0.
 131  0.
 132  0.
 133  0.
 134  0.
 135  0.
 136  0.
 137  0.
 138  0.
 139  0.
 140  0.
 141  0.
 142  0.
 143  0.
 144  0.
 145  0.
 146  0.
 147  0.
 148  0.
 149  0.
 150  0.
 151  0.
 152  0.
 153  0.
 154  0.
 155  0.
 156  0.
 157  0.
 158  0.
 159  0.
 160  0.
 161  0.
 162  0.
 163  0.
 164  0.
 165  0.
 166  0.
 167  0.
 168  0.
 169  0.
 170  0.
 171  0.
 172  0.
 173  0.
 174  0.
 175  0.
 176  0.
 177  0.
 178  0.
 179  0.
 180  0.
 181  0.
 182  0.
 183  0.
 184  0.
 185  0.
 186  0.
 187  0.
 188  0.
 189  0.
 190  0.
 191  0.
 192  0.
 193  0.
 194  0.
 195  0.
 196  0.
 197  0.
 198  0.
 199  0.
 200  0.
 201  0.
 202  0.
 203  0.
 204  0.
 205  0.
 206  0.
 207  0.
 208  0.
 209  0.
 210  0.
 211  0.
 212  0.
 213  0.
 214  0.
 215  0.
 216  0.
 217  0.
 218  0.
 219  0.
 220  0.
 221  0.
 222  0.
 223  0.
 224  0.
 225  0.
 226  0.
 227  0.
 228  0.
 229  0.
 230  0.
 231  0.
 232  0.
 233  0.
 234  0.
 235  0.
 236  0.
 237  0.
 238  0.
 239  0.
 240  0.
 241  0.
 242  0.
 243  0.
 244  0.
 245  0.
 246  0.
 247  0.
 248  0.
 249  0.
 250  0.
 251  0.
 252  0.
 253  0.
 254  0.
 255  0.
 256  0.
 257  0.
 258  0.
 259  0.
 260  0.
 261  0.
 262  0.
 263  0.
 264  0.
 265  0.
 266  0.
 267  0.
 268  0.
 269  0.
 270  0.
 271  0.
 272  0.
 273  0.
 274  0.
 275  0.
 276  0.
 277  0.
 278  0.
 279  0.
 280  0.
 281  0.
 282  0.
 283  0.
 284  0.
 285  0.
 286  0.
 287  0.
 288  0.
 289  0.
 290  0.
 291  0.
 292  0.
 293  0.
 294  0.
 295  0.
 296  0.
 297  0.
 298  0.
 299  0.
 300  0.
 301  0.
 302  0.
 303  0.
 304  0.
 305  0.
 306  0.
 307  0.
 308  0.
 309  0.
 310  0.
 311  0.
 312  0.
 313  0.
 314  0.
 315  0.
 316  0.
 317  0.
 318  0.
 319  0.
 320  0.
 321  0.
 322  0.
 323  0.
 324  0.
 325  0.
 326  0.
 327  0.
 328  0.
 329  0.
 330  0.
 331  0.
 332  0.
 333  0.
 334  0.
 335  0.
 336  0.
 337  0.
 338  0.
 339  0.
 340  0.
 341  0.
 342  0.
 343  0.
 344  0.
 345  0.
 346  0.
 347  0.
 348  0.
 349  0.
 350  0.
 351  0.
 352  0.
 353  0.
 354  0.
 355  0.
 356  0.
 357  0.
 358  0.
 359  0.
 360  0.
 361  0.
 362  0.
 363  0.
 364  0.
 365  0.
 366  0.
 367  0.
 368  0.
 369  0.
 370  0.
 371  0.
 372  0.
 373  0.
 374  0.
 375  0.
 376  0.
 377  0.
 378  0.
 379  0.
 380  0.
 381  0.
 382  0.
 383  0.
 384  0.
 385  0.
 386  0.
 387  0.
 388  0.
 389  0.
 390  0.
 391  0.
 392  0.
 393  0.
 394  0.
 395  0.
 396  0.
 397  0.
 398  0.
 399  0.
 400  0.
 401  0.
 402  0.
 403  0.
 404  0.
 405  0.
 406  0.
 407  0.
 408  0.
 409  0.
 410  0.
 411  0.
 412  0.
 413  0.
 414  0.
 415  0.
 416  0.
 417  0.
 418  0.
 419  0.
 420  0.
 421  0.
 422  0.
 423  0.
 424  0.
 425  0.
 426  0.
 427  0.
 428  0.
 429  0.
 430  0.
 431  0.
 432  0.
 433  0.
 434  0.
 435  0.
 436  0.
 437  0.
 438  0.
 439  0.
 440  0.
 441  0.
 442  0.
 443  0.
 444  0.
 445  0.
 446  0.
 447  0.
 448  0.
 449  0.
 450  0.
 451  0.
 452  0.
 453  0.
 454  0.
 455  0.
 456  0.
 457  0.
 458  0.
 459  0.
 460  0.
 461  0.
 462  0.
 463  0.
 464  0.
 465  0.
 466  0.
 467  0.
 468  0.
 469  0.
 470  0.
 471  0.
 472  0.
 473  0.
 474  0.
 475  0.
 476  0.
 477  0.
 478  0.
 479  0.
 480  0.
 481  0.
 482  0.
 483  0.
 484  0.
 485  0.
 486  0.
 487  0.
 488  0.
 489  0.
 490  0.
 491  0.
 492  0.
 493  0.
 494  0.
 495  0.
 496  0.
 497  0.
 498  0.
 499  0.
 500  0.

 1  0.
 2  0.
 3  0.
 4  0.
 5  0.
 6  0.
 7  0.
 8  0.
 9  0.
 10  0.
 11  0.
 12  0.
 13  0.
 14  0.
 15  0.
 16  0.
 17  0.
 18  0.
 19  0.
 20  0.
 21  0.
 22  0.
 23  0.
 24  0.
 25  0.
 26  0.
 27  0.
 28  0.
 29  0.
 30  0.
 31  0.
 32  0.
 33  0.
 34  0.
 35  0.
 36  0.
 37  0.
 38  0.
 39  0.
 40  0.
 41  0.
 42  0.
 43  0.
 44  0.
 45  0.
 46  0.
 47  0.
 48  0.
 49  0.
 50  0.
 51  0.
 52  0.
 53  0.
 54  0.
 55  0.
 56  0.
 57  0.
 58  0.
 59  0.
 60  0.
 61  0.
 62  0.
 63  0.
 64  0.
 65  0.
 66  0.
 67  0.
 68  0.
 69  0.
 70  0.
 71  0.
 72  0.
 73  0.
 74  0.
 75  0.
 76  0.
 77  0.
 78  0.
 79  0.
 80  0.
 81  0.
 82  0.
 83  0.
 84  0.
 85  0.
 86  0.
 87  0.
 88  0.
 89  0.
 90  0.
 91  0.
 92  0.
 93  0.
 94  0.
 95  0.
 96  0.
 97  0.
 98  0.
 99  0.
 100  0.
 101  0.
 102  0.
 103  0.
 104  0.
 105  0.
 106  0.
 107  0.
 108  0.
 109  0.
 110  0.
 111  0.
 112  0.
 113  0.
 114  0.
 115  0.
 116  0.
 117  0.
 118  0.
 119  0.
 120  0.
 121  0.
 122  0.
 123  0.
 124  0.
 125  0.
 126  0.
 127  0.
 128  0.
 129  0.
 130  0.
 131  0.
 132  0.
 133  0.
 134  0.
 135  0.
 136  0.
 137  0.
 138  0.
 139  0.
 140  0.
 141  0.
 142  0.
 143  0.
 144  0.
 145  0.
 146  0.
 147  0.
 148  0.
 149  0.
 150  0.
 151  0.
 152  0.
 153  0.
 154  0.
 155  0.
 156  0.
 157  0.
 158  0.
 159  0.
 160  0.
 161  0.
 162  0.
 163  0.
 164  0.
 165  0.
 166  0.
 167  0.
 168  0.
 169  0.
 170  0.
 171  0.
 172  0.
 173  0.
 174  0.
 175  0.
 176  0.
 177  0.
 178  0.
 179  0.
 180  0.
 181  0.
 182  0.
 183  0.
 184  0.
 185  0.
 186  0.
 187  0.
 188  0.
 189  0.
 190  0.
 191  0.
 192  0.
 193  0.
 194  0.
 195  0.
 196  0.
 197  0.
 198  0.
 199  0.
 200  0.
 201  0.
 202  0.
 203  0.
 204  0.
 205  0.
 206  0.
 207  0.
 208  0.
 209  0.
 210  0.
 211  0.
 212  0.
 213  0.
 214  0.
 215  0.
 216  0.
 217  0.
 218  0.
 219  0.
 220  0.
 221  0.
 222  0.
 223  0.
 224  0.
 225  0.
 226  0.
 227  0.
 228  0.
 229  0.
 230  0.
 231  0.
 232  0.
 233  0.
 234  0.
 235  0.
 236  0.
 237  0.
 238  0.
 239  0.
 240  0.
 241  0.
 242  0.
 243  0.
 244  0.
 245  0.
 246  0.
 247  0.
 248  0.
 249  0.
 250  0.
 251  0.
 252  0.
 253  0.
 254  0.
 255  0.
 256  0.
 257  0.
 258  0.
 259  0.
 260  0.
 261  0.
 262  0.
 263  0.
 264  0.
 265  0.
 266  0.
 267  0.
 268  0.
 269  0.
 270  0.
 271  0.
 272  0.
 273  0.
 274  0.
 275  0.
 276  0.
 277  0.
 278  0.
 279  0.
 280  0.
 281  0.
 282  0.
 283  0.
 284  0.
 285  0.
 286  0.
 287  0.
 288  0.
 289  0.
 290  0.
 291  0.
 292  0.
 293  0.
 294  0.
 295  0.
 296  0.
 297  0.
 298  0.
 299  0.
 300  0.
 301  0.
 302  0.
 303  0.
 304  0.
 305  0.
 306  0.
 307  0.
 308  0.
 309  0.
 310  0.
 311  0.
 312  0.
 313  0.
 314  0.
 315  0.
 316  0.
 317  0.
 318  0.
 319  0.
 320  0.
 321  0.
 322  0.
 323  0.
 324  0.
 325  0.
 326  0.
 327  0.
 328  0.
 329  0.
 330  0.
 331  0.
 332  0.
 333  0.
 334  0.
 335  0.
 336  0.
 337  0.
 338  0.
 339  0.
 340  0.
 341  0.
 342  0.
 343  0.
 344  0.
 345  0.
 346  0.
 347  0.
 348  0.
 349  0.
 350  0.
 351  0.
 352  0.
 353  0.
 354  0.
 355  0.
 356  0.
 357  0.
 358  0.
 359  0.
 360  0.
 361  0.
 362  0.
 363  0.
 364  0.
 365  0.
 366  0.
 367  0.
 368  0.
 369  0.
 370  0.
 371  0.
 372  0.
 373  0.
 374  0.
 375  0.
 376  0.
 377  0.
 378  0.
 379  0.
 380  0.
 381  0.
 382  0.
 383  0.
 384  0.
 385  0.
 386  0.
 387  0.
 388  0.
 389  0.
 390  0.
 391  0.
 392  0.
 393  0.
 394  0.
 395  0.
 396  0.
 397  0.
 398  0.
 399  0.
 400  0.
 401  0.
 402  0.
 403  0.
 404  0.
 405  0.
 406  0.
 407  0.
 408  0.
 409  0.
 410  0.
 411  0.
 412  0.
 413  0.
 414  0.
 415  0.
 416  0.
 417  0.
 418  0.
 419  0.
 420  0.
 421  0.
 422  0.
 423  0.
 424  0.
 425  0.
 426  0.
 427  0.
 428  0.
 429  0.
 430  0.
 431  0.
 432  0.
 433  0.
 434  0.
 435  0.
 436  0.
 437  0.
 438  0.
 439  0.
 440  0.
 441  0.
 442  0.
 443  0.
 444  0.
 445  0.
 446  0.
 447  0.
 448  0.
 449  0.
 450  0.
 451  0.
 452  0.
 453  0.
 454  0.
 455  0.
 456  0.
 457  0.
 458  0.
 459  0.
 460  0.
 461  0.
 462  0.
 463  0.
 464  0.
 465  0.
 466  0.
 467  0.
 468  0.
 469  0.
 470  0.
 471  0.
 472  0.
 473  0.
 474  0.
 475  0.
 476  0.
 477  0.
 478  0.
 479  0.
 480  0.
 481  0.
 482  0.
 483  0.
 484  0.
 485  0.
 486  0.
 487  0.
 488  0.
 489  0.
 490  0.
 491  0.
 492  0.
 493  0.
 494  0.
 495  0.
 496  0.
 497  0.
 498  0.
 499  0.
 500  0.

 1  0.
 2  0.
 3  0.
 4  0.
 5  0.
 6  0.
 7  0.
 8  0.
 9  0.
 10  0.
 11  0.
 12  0.
 13  0.
 14  0.
 15  0.
 16  0.
 17  0.
 18  0.
 19  0.
 20  0.
 21  0.
 22  0.
 23  0.
 24  0.
 25  0.
 26  0.
 27  0.
 28  0.
 29  0.
 30  0.
 31  0.
 32  0.
 33  0.
 34  0.
 35  0.
 36  0.
 37  0.
 38  0.
 39  0.
 40  0.
 41  0.
 42  0.
 43  0.
 44  0.
 45  0.
 46  0.
 47  0.
 48  0.
 49  0.
 50  0.
 51  0.
 52  0.
 53  0.
 54  0.
 55  0.
 56  0.
 57  0.
 58  0.
 59  0.
 60  0.
 61  0.
 62  0.
 63  0.
 64  0.
 65  0.
 66  0.
 67  0.
 68  0.
 69  0.
 70  0.
 71  0.
 72  0.
 73  0.
 74  0.
 75  0.
 76  0.
 77  0.
 78  0.
 79  0.
 80  0.
 81  0.
 82  0.
 83  0.
 84  0.
 85  0.
 86  0.
 87  0.
 88  0.
 89  0.
 90  0.
 91  0.
 92  0.
 93  0.
 94  0.
 95  0.
 96  0.
 97  0.
 98  0.
 99  0.
 100  0.
 101  0.
 102  0.
 103  0.
 104  0.
 105  0.
 106  0.
 107  0.
 108  0.
 109  0.
 110  0.
 111  0.
 112  0.
 113  0.
 114  0.
 115  0.
 116  0.
 117  0.
 118  0.
 119  0.
 120  0.
 121  0.
 122  0.
 123  0.
 124  0.
 125  0.
 126  0.
 127  0.
 128  0.
 129  0.
 130  0.
 131  0.
 132  0.
 133  0.
 134  0.
 135  0.
 136  0.
 137  0.
 138  0.
 139  0.
 140  0.
 141  0.
 142  0.
 143  0.
 144  0.
 145  0.
 146  0.
 147  0.
 148  0.
 149  0.
 150  0.
 151  0.
 152  0.
 153  0.
 154  0.
 155  0.
 156  0.
 157  0.
 158  0.
 159  0.
 160  0.
 161  0.
 162  0.
 163  0.
 164  0.
 165  0.
 166  0.
 167  0.
 168  0.
 169  0.
 170  0.
 171  0.
 172  0.
 173  0.
 174  0.
 175  0.
 176  0.
 177  0.
 178  0.
 179  0.
 180  0.
 181  0.
 182  0.
 183  0.
 184  0.
 185  0.
 186  0.
 187  0.
 188  0.
 189  0.
 190  0.
 191  0.
 192  0.
 193  0.
 194  0.
 195  0.
 196  0.
 197  0.
 198  0.
 199  0.
 200  0.
 201  0.
 202  0.
 203  0.
 204  0.
 205  0.
 206  0.
 207  0.
 208  0.
 209  0.
 210  0.
 211  0.
 212  0.
 213  0.
 214  0.
 215  0.
 216  0.
 217  0.
 218  0.
 219  0.
 220  0.
 221  0.
 222  0.
 223  0.
 224  0.
 225  0.
 226  0.
 227  0.
 228  0.
 229  0.
 230  0.
 231  0.
 232  0.
 233  0.
 234  0.
 235  0.
 236  0.
 237  0.
 238  0.
 239  0.
 240  0.
 241  0.
 242  0.
 243  0.
 244  0.
 245  0.
 246  0.
 247  0.
 248  0.
 249  0.
 250  0.
 251  0.
 252  0.
 253  0.
 254  0.
 255  0.
 256  0.
 257  0.
 258  0.
 259  0.
 260  0.
 261  0.
 262  0.
 263  0.
 264  0.
 265  0.
 266  0.
 267  0.
 268  0.
 269  0.
 270  0.
 271  0.
 272  0.
 273  0.
 274  0.
 275  0.
 276  0.
 277  0.
 278  0.
 279  0.
 280  0.
 281  0.
 282  0.
 283  0.
 284  0.
 285  0.
 286  0.
 287  0.
 288  0.
 289  0.
 290  0.
 291  0.
 292  0.
 293  0.
 294  0.
 295  0.
 296  0.
 297  0.
 298  0.
 299  0.
 300  0.
 301  0.
 302  0.
 303  0.
 304  0.
 305  0.
 306  0.
 307  0.
 308  0.
 309  0.
 310  0.
 311  0.
 312  0.
 313  0.
 314  0.
 315  0.
 316  0.
 317  0.
 318  0.
 319  0.
 320  0.
 321  0.
 322  0.
 323  0.
 324  0.
 325  0.
 326  0.
 327  0.
 328  0.
 329  0.
 330  0.
 331  0.
 332  0.
 333  0.
 334  0.
 335  0.
 336  0.
 337  0.
 338  0.
 339  0.
 340  0.
 341  0.
 342  0.
 343  0.
 344  0.
 345  0.
 346  0.
 347  0.
 348  0.
 349  0.
 350  0.
 351  0.
 352  0.
 353  0.
 354  0.
 355  0.
 356  0.
 357  0.
 358  0.
 359  0.
 360  0.
 361  0.
 362  0.
 363  0.
 364  0.
 365  0.
 366  0.
 367  0.
 368  0.
 369  0.
 370  0.
 371  0.
 372  0.
 373  0.
 374  0.
 375  0.
 376  0.
 377  0.
 378  0.
 379  0.
 380  0.
 381  0.
 382  0.
 383  0.
 384  0.
 385  0.
 386  0.
 387  0.
 388  0.
 389  0.
 390  0.
 391  0.
 392  0.
 393  0.
 394  0.
 395  0.
 396  0.
 397  0.
 398  0.
 399  0.
 400  0.
 401  0.
 402  0.
 403  0.
 404  0.
 405  0.
 406  0.
 407  0.
 408  0.
 409  0.
 410  0.
 411  0.
 412  0.
 413  0.
 414  0.
 415  0.
 416  0.
 417  0.
 418  0.
 419  0.
 420  0.
 421  0.
 422  0.
 423  0.
 424  0.
 425  0.
 426  0.
 427  0.
 428  0.
 429  0.
 430  0.
 431  0.
 432  0.
 433  0.
 434  0.
 435  0.
 436  0.
 437  0.
 438  0.
 439  0.
 440  0.
 441  0.
 442  0.
 443  0.
 444  0.
 445  0.
 446  0.
 447  0.
 448  0.
 449  0.
 450  0.
 451  0.
 452  0.
 453  0.
 454  0.
 455  0.
 456  0.
 457  0.
 458  0.
 459  0.
 460  0.
 461  0.
 462  0.
 463  0.
 464  0.
 465  0.
 466  0.
 467  0.
 468  0.
 469  0.
 470  0.
 471  0.
 472  0.
 473  0.
 474  0.
 475  0.
 476  0.
 477  0.
 478  0.
 479  0.
 480  0.
 481  0.
 482  0.
 483  0.
 484  0.
 485  0.
 486  0.
 487  0.
 488  0.
 489  0.
 490  0.
 491  0.
 492  0.
 493  0.
 494  0.
 495  0.
 496  0.
 497  0.
 498  0.
 499  0.
 500  0.

 1  0.
 2  0.
 3  0.
 4  0.
 5  0.
 6  0.
 7  0.
 8  0.
 9  0.
 10  0.
 11  0.
 12  0.
 13  0.
 14  0.
 15  0.
 16  0.
 17  0.
 18  0.
 19  0.
 20  0.
 21  0.
 22  0.
 23  0.
 24  0.
 25  0.
 26  0.
 27  0.
 28  0.
 29  0.
 30  0.
 31  0.
 32  0.
 33  0.
 34  0.
 35  0.
 36  0.
 37  0.
 38  0.
 39  0.
 40  0.
 41  0.
 42  0.
 43  0.
 44  0.
 45  0.
 46  0.
 47  0.
 48  0.
 49  0.
 50  0.
 51  0.
 52  0.
 53  0.
 54  0.
 55  0.
 56  0.
 57  0.
 58  0.
 59  0.
 60  0.
 61  0.
 62  0.
 63  0.
 64  0.
 65  0.
 66  0.
 67  0.
 68  0.
 69  0.
 70  0.
 71  0.
 72  0.
 73  0.
 74  0.
 75  0.
 76  0.
 77  0.
 78  0.
 79  0.
 80  0.
 81  0.
 82  0.
 83  0.
 84  0.
 85  0.
 86  0.
 87  0.
 88  0.
 89  0.
 90  0.
 91  0.
 92  0.
 93  0.
 94  0.
 95  0.
 96  0.
 97  0.
 98  0.
 99  0.
 100  0.
 101  0.
 102  0.
 103  0.
 104  0.
 105  0.
 106  0.
 107  0.
 108  0.
 109  0.
 110  0.
 111  0.
 112  0.
 113  0.
 114  0.
 115  0.
 116  0.
 117  0.
 118  0.
 119  0.
 120  0.
 121  0.
 122  0.
 123  0.
 124  0.
 125  0.
 126  0.
 127  0.
 128  0.
 129  0.
 130  0.
 131  0.
 132  0.
 133  0.
 134  0.
 135  0.
 136  0.
 137  0.
 138  0.
 139  0.
 140  0.
 141  0.
 142  0.
 143  0.
 144  0.
 145  0.
 146  0.
 147  0.
 148  0.
 149  0.
 150  0.
 151  0.
 152  0.
 153  0.
 154  0.
 155  0.
 156  0.
 157  0.
 158  0.
 159  0.
 160  0.
 161  0.
 162  0.
 163  0.
 164  0.
 165  0.
 166  0.
 167  0.
 168  0.
 169  0.
 170  0.
 171  0.
 172  0.
 173  0.
 174  0.
 175  0.
 176  0.
 177  0.
 178  0.
 179  0.
 180  0.
 181  0.
 182  0.
 183  0.
 184  0.
 185  0.
 186  0.
 187  0.
 188  0.
 189  0.
 190  0.
 191  0.
 192  0.
 193  0.
 194  0.
 195  0.
 196  0.
 197  0.
 198  0.
 199  0.
 200  0.
 201  0.
 202  0.
 203  0.
 204  0.
 205  0.
 206  0.
 207  0.
 208  0.
 209  0.
 210  0.
 211  0.
 212  0.
 213  0.
 214  0.
 215  0.
 216  0.
 217  0.
 218  0.
 219  0.
 220  0.
 221  0.
 222  0.
 223  0.
 224  0.
 225  0.
 226  0.
 227  0.
 228  0.
 229  0.
 230  0.
 231  0.
 232  0.
 233  0.
 234  0.
 235  0.
 236  0.
 237  0.
 238  0.
 239  0.
 240  0.
 241  0.
 242  0.
 243  0.
 244  0.
 245  0.
 246  0.
 247  0.
 248  0.
 249  0.
 250  0.
 251  0.
 252  0.
 253  0.
 254  0.
 255  0.
 256  0.
 257  0.
 258  0.
 259  0.
 260  0.
 261  0.
 262  0.
 263  0.
 264  0.
 265  0.
 266  0.
 267  0.
 268  0.
 269  0.
 270  0.
 271  0.
 272  0.
 273  0.
 274  0.
 275  0.
 276  0.
 277  0.
 278  0.
 279  0.
 280  0.
 281  0.
 282  0.
 283  0.
 284  0.
 285  0.
 286  0.
 287  0.
 288  0.
 289  0.
 290  0.
 291  0.
 292  0.
 293  0.
 294  0.
 295  0.
 296  0.
 297  0.
 298  0.
 299  0.
 300  0.
 301  0.
 302  0.
 303  0.
 304  0.
 305  0.
 306  0.
 307  0.
 308  0.
 309  0.
 310  0.
 311  0.
 312  0.
 313  0.
 314  0.
 315  0.
 316  0.
 317  0.
 318  0.
 319  0.
 320  0.
 321  0.
 322  0.
 323  0.
 324  0.
 325  0.
 326  0.
 327  0.
 328  0.
 329  0.
 330  0.
 331  0.
 332  0.
 333  0.
 334  0.
 335  0.
 336  0.
 337  0.
 338  0.
 339  0.
 340  0.
 341  0.
 342  0.
 343  0.
 344  0.
 345  0.
 346  0.
 347  0.
 348  0.
 349  0.
 350  0.
 351  0.
 352  0.
 353  0.
 354  0.
 355  0.
 356  0.
 357  0.
 358  0.
 359  0.
 360  0.
 361  0.
 362  0.
 363  0.
 364  0.
 365  0.
 366  0.
 367  0.
 368  0.
 369  0.
 370  0.
 371  0.
 372  0.
 373  0.
 374  0.
 375  0.
 376  0.
 377  0.
 378  0.
 379  0.
 380  0.
 381  0.
 382  0.
 383  0.
 384  0.
 385  0.
 386  0.
 387  0.
 388  0.
 389  0.
 390  0.
 391  0.
 392  0.
 393  0.
 394  0.
 395  0.
 396  0.
 397  0.
 398  0.
 399  0.
 400  0.
 401  0.
 402  0.
 403  0.
 404  0.
 405  0.
 406  0.
 407  0.
 408  0.
 409  0.
 410  0.
 411  0.
 412  0.
 413  0.
 414  0.
 415  0.
 416  0.
 417  0.
 418  0.
 419  0.
 420  0.
 421  0.
 422  0.
 423  0.
 424  0.
 425  0.
 426  0.
 427  0.
 428  0.
 429  0.
 430  0.
 431  0.
 432  0.
 433  0.
 434  0.
 435  0.
 436  0.
 437  0.
 438  0.
 439  0.
 440  0.
 441  0.
 442  0.
 443  0.
 444  0.
 445  0.
 446  0.
 447  0.
 448  0.
 449  0.
 450  0.
 451  0.
 452  0.
 453  0.
 454  0.
 455  0.
 456  0.
 457  0.
 458  0.
 459  0.
 460  0.
 461  0.
 462  0.
 463  0.
 464  0.
 465  0.
 466  0.
 467  0.
 468  0.
 469  0.
 470  0.
 471  0.
 472  0.
 473  0.
 474  0.
 475  0.
 476  0.
 477  0.
 478  0.
 479  0.
 480  0.
 481  0.
 482  0.
 483  0.
 484  0.
 485  0.
 486  0.
 487  0.
 488  0.
 489  0.
 490  0.
 491  0.
 492  0.
 493  0.
 494  0.
 495  0.
 496  0.
 497  0.
 498  0.
 499  0.
 500  0.

 1  0.
 2  0.
 3  0.
 4  0.
 5  0.
 6  0.
 7  0.
 8  0.
 9  0.
 10  0.
 11  0.
 12  0.
 13  0.
 14  0.
 15  0.
 16  0.
 17  0.
 18  0.
 19  0.
 20  0.
 21  0.
 22  0.
 23  0.
 24  0.
 25  0.
 26  0.
 27  0.
 28  0.
 29  0.
 30  0.
 31  0.
 32  0.
 33  0.
 34  0.
 35  0.
 36  0.
 37  0.
 38  0.
 39  0.
 40  0.
 41  0.
 42  0.
 43  0.
 44  0.
 45  0.
 46  0.
 47  0.
 48  0.
 49  0.
 50  0.
 51  0.
 52  0.
 53  0.
 54  0.
 55  0.
 56  0.
 57  0.
 58  0.
 59  0.
 60  0.
 61  0.
 62  0.
 63  0.
 64  0.
 65  0.
 66  0.
 67  0.
 68  0.
 69  0.
 70  0.
 71  0.
 72  0.
 73  0.
 74  0.
 75  0.
 76  0.
 77  0.
 78  0.
 79  0.
 80  0.
 81  0.
 82  0.
 83  0.
 84  0.
 85  0.
 86  0.
 87  0.
 88  0.
 89  0.
 90  0.
 91  0.
 92  0.
 93  0.
 94  0.
 95  0.
 96  0.
 97  0.
 98  0.
 99  0.
 100  0.
 101  0.
 102  0.
 103  0.
 104  0.
 105  0.
 106  0.
 107  0.
 108  0.
 109  0.
 110  0.
 111  0.
 112  0.
 113  0.
 114  0.
 115  0.
 116  0.
 117  0.
 118  0.
 119  0.
 120  0.
 121  0.
 122  0.
 123  0.
 124  0.
 125  0.
 126  0.
 127  0.
 128  0.
 129  0.
 130  0.
 131  0.
 132  0.
 133  0.
 134  0.
 135  0.
 136  0.
 137  0.
 138  0.
 139  0.
 140  0.
 141  0.
 142  0.
 143  0.
 144  0.
 145  0.
 146  0.
 147  0.
 148  0.
 149  0.
 150  0.
 151  0.
 152  0.
 153  0.
 154  0.
 155  0.
 156  0.
 157  0.
 158  0.
 159  0.
 160  0.
 161  0.
 162  0.
 163  0.
 164  0.
 165  0.
 166  0.
 167  0.
 168  0.
 169  0.
 170  0.
 171  0.
 172  0.
 173  0.
 174  0.
 175  0.
 176  0.
 177  0.
 178  0.
 179  0.
 180  0.
 181  0.
 182  0.
 183  0.
 184  0.
 185  0.
 186  0.
 187  0.
 188  0.
 189  0.
 190  0.
 191  0.
 192  0.
 193  0.
 194  0.
 195  0.
 196  0.
 197  0.
 198  0.
 199  0.
 200  0.
 201  0.
 202  0.
 203  0.
 204  0.
 205  0.
 206  0.
 207  0.
 208  0.
 209  0.
 210  0.
 211  0.
 212  0.
 213  0.
 214  0.
 215  0.
 216  0.
 217  0.
 218  0.
 219  0.
 220  0.
 221  0.
 222  0.
 223  0.
 224  0.
 225  0.
 226  0.
 227  0.
 228  0.
 229  0.
 230  0.
 231  0.
 232  0.
 233  0.
 234  0.
 235  0.
 236  0.
 237  0.
 238  0.
 239  0.
 240  0.
 241  0.
 242  0.
 243  0.
 244  0.
 245  0.
 246  0.
 247  0.
 248  0.
 249  0.
 250  0.
 251  0.
 252  0.
 253  0.
 254  0.
 255  0.
 256  0.
 257  0.
 258  0.
 259  0.
 260  0.
 261  0.
 262  0.
 263  0.
 264  0.
 265  0.
 266  0.
 267  0.
 268  0.
 269  0.
 270  0.
 271  0.
 272  0.
 273  0.
 274  0.
 275  0.
 276  0.
 277  0.
 278  0.
 279  0.
 280  0.
 281  0.
 282  0.
 283  0.
 284  0.
 285  0.
 286  0.
 287  0.
 288  0.
 289  0.
 290  0.
 291  0.
 292  0.
 293  0.
 294  0.
 295  0.
 296  0.
 297  0.
 298  0.
 299  0.
 300  0.
 301  0.
 302  0.
 303  0.
 304  0.
 305  0.
 306  0.
 307  0.
 308  0.
 309  0.
 310  0.
 311  0.
 312  0.
 313  0.
 314  0.
 315  0.
 316  0.
 317  0.
 318  0.
 319  0.
 320  0.
 321  0.
 322  0.
 323  0.
 324  0.
 325  0.
 326  0.
 327  0.
 328  0.
 329  0.
 330  0.
 331  0.
 332  0.
 333  0.
 334  0.
 335  0.
 336  0.
 337  0.
 338  0.
 339  0.
 340  0.
 341  0.
 342  0.
 343  0.
 344  0.
 345  0.
 346  0.
 347  0.
 348  0.
 349  0.
 350  0.
 351  0.
 352  0.
 353  0.
 354  0.
 355  0.
 356  0.
 357  0.
 358  0.
 359  0.
 360  0.
 361  0.
 362  0.
 363  0.
 364  0.
 365  0.
 366  0.
 367  0.
 368  0.
 369  0.
 370  0.
 371  0.
 372  0.
 373  0.
 374  0.
 375  0.
 376  0.
 377  0.
 378  0.
 379  0.
 380  0.
 381  0.
 382  0.
 383  0.
 384  0.
 385  0.
 386  0.
 387  0.
 388  0.
 389  0.
 390  0.
 391  0.
 392  0.
 393  0.
 394  0.
 395  0.
 396  0.
 397  0.
 398  0.
 399  0.
 400  0.
 401  0.
 402  0.
 403  0.
 404  0.
 405  0.
 406  0.
 407  0.
 408  0.
 409  0.
 410  0.
 411  0.
 412  0.
 413  0.
 414  0.
 415  0.
 416  0.
 417  0.
 418  0.
 419  0.
 420  0.
 421  0.
 422  0.
 423  0.
 424  0.
 425  0.
 426  0.
 427  0.
 428  0.
 429  0.
 430  0.
 431  0.
 432  0.
 433  0.
 434  0.
 435  0.
 436  0.
 437  0.
 438  0.
 439  0.
 440  0.
 441  0.
 442  0.
 443  0.
 444  0.
 445  0.
 446  0.
 447  0.
 448  0.
 449  0.
 450  0.
 451  0.
 452  0.
 453  0.
 454  0.
 455  0.
 456  0.
 457  0.
 458  0.
 459  0.
 460  0.
 461  0.
 462  0.
 463  0.
 464  0.
 465  0.
 466  0.
 467  0.
 468  0.
 469  0.
 470  0.
 471  0.
 472  0.
 473  0.
 474  0.
 475  0.
 476  0.
 477  0.
 478  0.
 479  0.
 480  0.
 481  0.
 482  0.
 483  0.
 484  0.
 485  0.
 486  0.
 487  0.
 488  0.
 489  0.
 490  0.
 491  0.
 492  0.
 493  0.
 494  0.
 495  0.
 496  0.
 497  0.
 498  0.
 499  0.
 500  0.

 1  0.
 2  0.
 3  0.
 4  0.
 5  0.
 6  0.
 7  0.
 8  0.
 9  0.
 10  0.
 11  0.
 12  0.
 13  0.
 14  0.
 15  0.
 16  0.
 17  0.
 18  0.
 19  0.
 20  0.
 21  0.
 22  0.
 23  0.
 24  0.
 25  0.
 26  0.
 27  0.
 28  0.
 29  0.
 30  0.
 31  0.
 32  0.
 33  0.
 34  0.
 35  0.
 36  0.
 37  0.
 38  0.
 39  0.
 40  0.
 41  0.
 42  0.
 43  0.
 44  0.
 45  0.
 46  0.
 47  0.
 48  0.
 49  0.
 50  0.
 51  0.
 52  0.
 53  0.
 54  0.
 55  0.
 56  0.
 57  0.
 58  0.
 59  0.
 60  0.
 61  0.
 62  0.
 63  0.
 64  0.
 65  0.
 66  0.
 67  0.
 68  0.
 69  0.
 70  0.
 71  0.
 72  0.
 73  0.
 74  0.
 75  0.
 76  0.
 77  0.
 78  0.
 79  0.
 80  0.
 81  0.
 82  0.
 83  0.
 84  0.
 85  0.
 86  0.
 87  0.
 88  0.
 89  0.
 90  0.
 91  0.
 92  0.
 93  0.
 94  0.
 95  0.
 96  0.
 97  0.
 98  0.
 99  0.
 100  0.
 101  0.
 102  0.
 103  0.
 104  0.
 105  0.
 106  0.
 107  0.
 108  0.
 109  0.
 110  0.
 111  0.
 112  0.
 113  0.
 114  0.
 115  0.
 116  0.
 117  0.
 118  0.
 119  0.
 120  0.
 121  0.
 122  0.
 123  0.
 124  0.
 125  0.
 126  0.
 127  0.
 128  0.
 129  0.
 130  0.
 131  0.
 132  0.
 133  0.
 134  0.
 135  0.
 136  0.
 137  0.
 138  0.
 139  0.
 140  0.
 141  0.
 142  0.
 143  0.
 144  0.
 145  0.
 146  0.
 147  0.
 148  0.
 149  0.
 150  0.
 151  0.
 152  0.
 153  0.
 154  0.
 155  0.
 156  0.
 157  0.
 158  0.
 159  0.
 160  0.
 161  0.
 162  0.
 163  0.
 164  0.
 165  0.
 166  0.
 167  0.
 168  0.
 169  0.
 170  0.
 171  0.
 172  0.
 173  0.
 174  0.
 175  0.
 176  0.
 177  0.
 178  0.
 179  0.
 180  0.
 181  0.
 182  0.
 183  0.
 184  0.
 185  0.
 186  0.
 187  0.
 188  0.
 189  0.
 190  0.
 191  0.
 192  0.
 193  0.
 194  0.
 195  0.
 196  0.
 197  0.
 198  0.
 199  0.
 200  0.
 201  0.
 202  0.
 203  0.
 204  0.
 205  0.
 206  0.
 207  0.
 208  0.
 209  0.
 210  0.
 211  0.
 212  0.
 213  0.
 214  0.
 215  0.
 216  0.
 217  0.
 218  0.
 219  0.
 220  0.
 221  0.
 222  0.
 223  0.
 224  0.
 225  0.
 226  0.
 227  0.
 228  0.
 229  0.
 230  0.
 231  0.
 232  0.
 233  0.
 234  0.
 235  0.
 236  0.
 237  0.
 238  0.
 239  0.
 240  0.
 241  0.
 242  0.
 243  0.
 244  0.
 245  0.
 246  0.
 247  0.
 248  0.
 249  0.
 250  0.
 251  0.
 252  0.
 253  0.
 254  0.
 255  0.
 256  0.
 257  0.
 258  0.
 259  0.
 260  0.
 261  0.
 262  0.
 263  0.
 264  0.
 265  0.
 266  0.
 267  0.
 268  0.
 269  0.
 270  0.
 271  0.
 272  0.
 273  0.
 274  0.
 275  0.
 276  0.
 277  0.
 278  0.
 279  0.
 280  0.
 281  0.
 282  0.
 283  0.
 284  0.
 285  0.
 286  0.
 287  0.
 288  0.
 289  0.
 290  0.
 291  0.
 292  0.
 293  0.
 294  0.
 295  0.
 296  0.
 297  0.
 298  0.
 299  0.
 300  0.
 301  0.
 302  0.
 303  0.
 304  0.
 305  0.
 306  0.
 307  0.
 308  0.
 309  0.
 310  0.
 311  0.
 312  0.
 313  0.
 314  0.
 315  0.
 316  0.
 317  0.
 318  0.
 319  0.
 320  0.
 321  0.
 322  0.
 323  0.
 324  0.
 325  0.
 326  0.
 327  0.
 328  0.
 329  0.
 330  0.
 331  0.
 332  0.
 333  0.
 334  0.
 335  0.
 336  0.
 337  0.
 338  0.
 339  0.
 340  0.
 341  0.
 342  0.
 343  0.
 344  0.
 345  0.
 346  0.
 347  0.
 348  0.
 349  0.
 350  0.
 351  0.
 352  0.
 353  0.
 354  0.
 355  0.
 356  0.
 357  0.
 358  0.
 359  0.
 360  0.
 361  0.
 362  0.
 363  0.
 364  0.
 365  0.
 366  0.
 367  0.
 368  0.
 369  0.
 370  0.
 371  0.
 372  0.
 373  0.
 374  0.
 375  0.
 376  0.
 377  0.
 378  0.
 379  0.
 380  0.
 381  0.
 382  0.
 383  0.
 384  0.
 385  0.
 386  0.
 387  0.
 388  0.
 389  0.
 390  0.
 391  0.
 392  0.
 393  0.
 394  0.
 395  0.
 396  0.
 397  0.
 398  0.
 399  0.
 400  0.
 401  0.
 402  0.
 403  0.
 404  0.
 405  0.
 406  0.
 407  0.
 408  0.
 409  0.
 410  0.
 411  0.
 412  0.
 413  0.
 414  0.
 415  0.
 416  0.
 417  0.
 418  0.
 419  0.
 420  0.
 421  0.
 422  0.
 423  0.
 424  0.
 425  0.
 426  0.
 427  0.
 428  0.
 429  0.
 430  0.
 431  0.
 432  0.
 433  0.
 434  0.
 435  0.
 436  0.
 437  0.
 438  0.
 439  0.
 440  0.
 441  0.
 442  0.
 443  0.
 444  0.
 445  0.
 446  0.
 447  0.
 448  0.
 449  0.
 450  0.
 451  0.
 452  0.
 453  0.
 454  0.
 455  0.
 456  0.
 457  0.
 458  0.
 459  0.
 460  0.
 461  0.
 462  0.
 463  0.
 464  0.
 465  0.
 466  0.
 467  0.
 468  0.
 469  0.
 470  0.
 471  0.
 472  0.
 473  0.
 474  0.
 475  0.
 476  0.
 477  0.
 478  0.
 479  0.
 480  0.
 481  0.
 482  0.
 483  0.
 484  0.
 485  0.
 486  0.
 487  0.
 488  0.
 489  0.
 490  0.
 491  0.
 492  0.
 493  0.
 494  0.
 495  0.
 496  0.
 497  0.
 498  0.
 499  0.
 500  0.

 1  0.
 2  0.
 3  0.
 4  0.
 5  0.
 6  0.
 7  0.
 8  0.
 9  0.
 10  0.
 11  0.
 12  0.
 13  0.
 14  0.
 15  0.
 16  0.
 17  0.
 18  0.
 19  0.
 20  0.
 21  0.
 22  0.
 23  0.
 24  0.
 25  0.
 26  0.
 27  0.
 28  0.
 29  0.
 30  0.
 31  0.
 32  0.
 33  0.
 34  0.
 35  0.
 36  0.
 37  0.
 38  0.
 39  0.
 40  0.
 41  0.
 42  0.
 43  0.
 44  0.
 45  0.
 46  0.
 47  0.
 48  0.
 49  0.
 50  0.
 51  0.
 52  0.
 53  0.
 54  0.
 55  0.
 56  0.
 57  0.
 58  0.
 59  0.
 60  0.
 61  0.
 62  0.
 63  0.
 64  0.
 65  0.
 66  0.
 67  0.
 68  0.
 69  0.
 70  0.
 71  0.
 72  0.
 73  0.
 74  0.
 75  0.
 76  0.
 77  0.
 78  0.
 79  0.
 80  0.
 81  0.
 82  0.
 83  0.
 84  0.
 85  0.
 86  0.
 87  0.
 88  0.
 89  0.
 90  0.
 91  0.
 92  0.
 93  0.
 94  0.
 95  0.
 96  0.
 97  0.
 98  0.
 99  0.
 100  0.
 101  0.
 102  0.
 103  0.
 104  0.
 105  0.
 106  0.
 107  0.
 108  0.
 109  0.
 110  0.
 111  0.
 112  0.
 113  0.
 114  0.
 115  0.
 116  0.
 117  0.
 118  0.
 119  0.
 120  0.
 121  0.
 122  0.
 123  0.
 124  0.
 125  0.
 126  0.
 127  0.
 128  0.
 129  0.
 130  0.
 131  0.
 132  0.
 133  0.
 134  0.
 135  0.
 136  0.
 137  0.
 138  0.
 139  0.
 140  0.
 141  0.
 142  0.
 143  0.
 144  0.
 145  0.
 146  0.
 147  0.
 148  0.
 149  0.
 150  0.
 151  0.
 152  0.
 153  0.
 154  0.
 155  0.
 156  0.
 157  0.
 158  0.
 159  0.
 160  0.
 161  0.
 162  0.
 163  0.
 164  0.
 165  0.
 166  0.
 167  0.
 168  0.
 169  0.
 170  0.
 171  0.
 172  0.
 173  0.
 174  0.
 175  0.
 176  0.
 177  0.
 178  0.
 179  0.
 180  0.
 181  0.
 182  0.
 183  0.
 184  0.
 185  0.
 186  0.
 187  0.
 188  0.
 189  0.
 190  0.
 191  0.
 192  0.
 193  0.
 194  0.
 195  0.
 196  0.
 197  0.
 198  0.
 199  0.
 200  0.
 201  0.
 202  0.
 203  0.
 204  0.
 205  0.
 206  0.
 207  0.
 208  0.
 209  0.
 210  0.
 211  0.
 212  0.
 213  0.
 214  0.
 215  0.
 216  0.
 217  0.
 218  0.
 219  0.
 220  0.
 221  0.
 222  0.
 223  0.
 224  0.
 225  0.
 226  0.
 227  0.
 228  0.
 229  0.
 230  0.
 231  0.
 232  0.
 233  0.
 234  0.
 235  0.
 236  0.
 237  0.
 238  0.
 239  0.
 240  0.
 241  0.
 242  0.
 243  0.
 244  0.
 245  0.
 246  0.
 247  0.
 248  0.
 249  0.
 250  0.
 251  0.
 252  0.
 253  0.
 254  0.
 255  0.
 256  0.
 257  0.
 258  0.
 259  0.
 260  0.
 261  0.
 262  0.
 263  0.
 264  0.
 265  0.
 266  0.
 267  0.
 268  0.
 269  0.
 270  0.
 271  0.
 272  0.
 273  0.
 274  0.
 275  0.
 276  0.
 277  0.
 278  0.
 279  0.
 280  0.
 281  0.
 282  0.
 283  0.
 284  0.
 285  0.
 286  0.
 287  0.
 288  0.
 289  0.
 290  0.
 291  0.
 292  0.
 293  0.
 294  0.
 295  0.
 296  0.
 297  0.
 298  0.
 299  0.
 300  0.
 301  0.
 302  0.
 303  0.
 304  0.
 305  0.
 306  0.
 307  0.
 308  0.
 309  0.
 310  0.
 311  0.
 312  0.
 313  0.
 314  0.
 315  0.
 316  0.
 317  0.
 318  0.
 319  0.
 320  0.
 321  0.
 322  0.
 323  0.
 324  0.
 325  0.
 326  0.
 327  0.
 328  0.
 329  0.
 330  0.
 331  0.
 332  0.
 333  0.
 334  0.
 335  0.
 336  0.
 337  0.
 338  0.
 339  0.
 340  0.
 341  0.
 342  0.
 343  0.
 344  0.
 345  0.
 346  0.
 347  0.
 348  0.
 349  0.
 350  0.
 351  0.
 352  0.
 353  0.
 354  0.
 355  0.
 356  0.
 357  0.
 358  0.
 359  0.
 360  0.
 361  0.
 362  0.
 363  0.
 364  0.
 365  0.
 366  0.
 367  0.
 368  0.
 369  0.
 370  0.
 371  0.
 372  0.
 373  0.
 374  0.
 375  0.
 376  0.
 377  0.
 378  0.
 379  0.
 380  0.
 381  0.
 382  0.
 383  0.
 384  0.
 385  0.
 386  0.
 387  0.
 388  0.
 389  0.
 390  0.
 391  0.
 392  0.
 393  0.
 394  0.
 395  0.
 396  0.
 397  0.
 398  0.
 399  0.
 400  0.
 401  0.
 402  0.
 403  0.
 404  0.
 405  0.
 406  0.
 407  0.
 408  0.
 409  0.
 410  0.
 411  0.
 412  0.
 413  0.
 414  0.
 415  0.
 416  0.
 417  0.
 418  0.
 419  0.
 420  0.
 421  0.
 422  0.
 423  0.
 424  0.
 425  0.
 426  0.
 427  0.
 428  0.
 429  0.
 430  0.
 431  0.
 432  0.
 433  0.
 434  0.
 435  0.
 436  0.
 437  0.
 438  0.
 439  0.
 440  0.
 441  0.
 442  0.
 443  0.
 444  0.
 445  0.
 446  0.
 447  0.
 448  0.
 449  0.
 450  0.
 451  0.
 452  0.
 453  0.
 454  0.
 455  0.
 456  0.
 457  0.
 458  0.
 459  0.
 460  0.
 461  0.
 462  0.
 463  0.
 464  0.
 465  0.
 466  0.
 467  0.
 468  0.
 469  0.
 470  0.
 471  0.
 472  0.
 473  0.
 474  0.
 475  0.
 476  0.
 477  0.
 478  0.
 479  0.
 480  0.
 481  0.
 482  0.
 483  0.
 484  0.
 485  0.
 486  0.
 487  0.
 488  0.
 489  0.
 490  0.
 491  0.
 492  0.
 493  0.
 494  0.
 495  0.
 496  0.
 497  0.
 498  0.
 499  0.
 500  0.

 1  0.
 2  0.
 3  0.
 4  0.
 5  0.
 6  0.
 7  0.
 8  0.
 9  0.
 10  0.
 11  0.
 12  0.
 13  0.
 14  0.
 15  0.
 16  0.
 17  0.
 18  0.
 19  0.
 20  0.
 21  0.
 22  0.
 23  0.
 24  0.
 25  0.
 26  0.
 27  0.
 28  0.
 29  0.
 30  0.
 31  0.
 32  0.
 33  0.
 34  0.
 35  0.
 36  0.
 37  0.
 38  0.
 39  0.
 40  0.
 41  0.
 42  0.
 43  0.
 44  0.
 45  0.
 46  0.
 47  0.
 48  0.
 49  0.
 50  0.
 51  0.
 52  0.
 53  0.
 54  0.
 55  0.
 56  0.
 57  0.
 58  0.
 59  0.
 60  0.
 61  0.
 62  0.
 63  0.
 64  0.
 65  0.
 66  0.
 67  0.
 68  0.
 69  0.
 70  0.
 71  0.
 72  0.
 73  0.
 74  0.
 75  0.
 76  0.
 77  0.
 78  0.
 79  0.
 80  0.
 81  0.
 82  0.
 83  0.
 84  0.
 85  0.
 86  0.
 87  0.
 88  0.
 89  0.
 90  0.
 91  0.
 92  0.
 93  0.
 94  0.
 95  0.
 96  0.
 97  0.
 98  0.
 99  0.
 100  0.
 101  0.
 102  0.
 103  0.
 104  0.
 105  0.
 106  0.
 107  0.
 108  0.
 109  0.
 110  0.
 111  0.
 112  0.
 113  0.
 114  0.
 115  0.
 116  0.
 117  0.
 118  0.
 119  0.
 120  0.
 121  0.
 122  0.
 123  0.
 124  0.
 125  0.
 126  0.
 127  0.
 128  0.
 129  0.
 130  0.
 131  0.
 132  0.
 133  0.
 134  0.
 135  0.
 136  0.
 137  0.
 138  0.
 139  0.
 140  0.
 141  0.
 142  0.
 143  0.
 144  0.
 145  0.
 146  0.
 147  0.
 148  0.
 149  0.
 150  0.
 151  0.
 152  0.
 153  0.
 154  0.
 155  0.
 156  0.
 157  0.
 158  0.
 159  0.
 160  0.
 161  0.
 162  0.
 163  0.
 164  0.
 165  0.
 166  0.
 167  0.
 168  0.
 169  0.
 170  0.
 171  0.
 172  0.
 173  0.
 174  0.
 175  0.
 176  0.
 177  0.
 178  0.
 179  0.
 180  0.
 181  0.
 182  0.
 183  0.
 184  0.
 185  0.
 186  0.
 187  0.
 188  0.
 189  0.
 190  0.
 191  0.
 192  0.
 193  0.
 194  0.
 195  0.
 196  0.
 197  0.
 198  0.
 199  0.
 200  0.
 201  0.
 202  0.
 203  0.
 204  0.
 205  0.
 206  0.
 207  0.
 208  0.
 209  0.
 210  0.
 211  0.
 212  0.
 213  0.
 214  0.
 215  0.
 216  0.
 217  0.
 218  0.
 219  0.
 220  0.
 221  0.
 222  0.
 223  0.
 224  0.
 225  0.
 226  0.
 227  0.
 228  0.
 229  0.
 230  0.
 231  0.
 232  0.
 233  0.
 234  0.
 235  0.
 236  0.
 237  0.
 238  0.
 239  0.
 240  0.
 241  0.
 242  0.
 243  0.
 244  0.
 245  0.
 246  0.
 247  0.
 248  0.
 249  0.
 250  0.
 251  0.
 252  0.
 253  0.
 254  0.
 255  0.
 256  0.
 257  0.
 258  0.
 259  0.
 260  0.
 261  0.
 262  0.
 263  0.
 264  0.
 265  0.
 266  0.
 267  0.
 268  0.
 269  0.
 270  0.
 271  0.
 272  0.
 273  0.
 274  0.
 275  0.
 276  0.
 277  0.
 278  0.
 279  0.
 280  0.
 281  0.
 282  0.
 283  0.
 284  0.
 285  0.
 286  0.
 287  0.
 288  0.
 289  0.
 290  0.
 291  0.
 292  0.
 293  0.
 294  0.
 295  0.
 296  0.
 297  0.
 298  0.
 299  0.
 300  0.
 301  0.
 302  0.
 303  0.
 304  0.
 305  0.
 306  0.
 307  0.
 308  0.
 309  0.
 310  0.
 311  0.
 312  0.
 313  0.
 314  0.
 315  0.
 316  0.
 317  0.
 318  0.
 319  0.
 320  0.
 321  0.
 322  0.
 323  0.
 324  0.
 325  0.
 326  0.
 327  0.
 328  0.
 329  0.
 330  0.
 331  0.
 332  0.
 333  0.
 334  0.
 335  0.
 336  0.
 337  0.
 338  0.
 339  0.
 340  0.
 341  0.
 342  0.
 343  0.
 344  0.
 345  0.
 346  0.
 347  0.
 348  0.
 349  0.
 350  0.
 351  0.
 352  0.
 353  0.
 354  0.
 355  0.
 356  0.
 357  0.
 358  0.
 359  0.
 360  0.
 361  0.
 362  0.
 363  0.
 364  0.
 365  0.
 366  0.
 367  0.
 368  0.
 369  0.
 370  0.
 371  0.
 372  0.
 373  0.
 374  0.
 375  0.
 376  0.
 377  0.
 378  0.
 379  0.
 380  0.
 381  0.
 382  0.
 383  0.
 384  0.
 385  0.
 386  0.
 387  0.
 388  0.
 389  0.
 390  0.
 391  0.
 392  0.
 393  0.
 394  0.
 395  0.
 396  0.
 397  0.
 398  0.
 399  0.
 400  0.
 401  0.
 402  0.
 403  0.
 404  0.
 405  0.
 406  0.
 407  0.
 408  0.
 409  0.
 410  0.
 411  0.
 412  0.
 413  0.
 414  0.
 415  0.
 416  0.
 417  0.
 418  0.
 419  0.
 420  0.
 421  0.
 422  0.
 423  0.
 424  0.
 425  0.
 426  0.
 427  0.
 428  0.
 429  0.
 430  0.
 431  0.
 432  0.
 433  0.
 434  0.
 435  0.
 436  0.
 437  0.
 438  0.
 439  0.
 440  0.
 441  0.
 442  0.
 443  0.
 444  0.
 445  0.
 446  0.
 447  0.
 448  0.
 449  0.
 450  0.
 451  0.
 452  0.
 453  0.
 454  0.
 455  0.
 456  0.
 457  0.
 458  0.
 459  0.
 460  0.
 461  0.
 462  0.
 463  0.
 464  0.
 465  0.
 466  0.
 467  0.
 468  0.
 469  0.
 470  0.
 471  0.
 472  0.
 473  0.
 474  0.
 475  0.
 476  0.
 477  0.
 478  0.
 479  0.
 480  0.
 481  0.
 482  0.
 483  0.
 484  0.
 485  0.
 486  0.
 487  0.
 488  0.
 489  0.
 490  0.
 491  0.
 492  0.
 493  0.
 494  0.
 495  0.
 496  0.
 497  0.
 498  0.
 499  0.
 500  0.

 1  0.
 2  0.
 3  0.
 4  0.
 5  0.
 6  0.
 7  0.
 8  0.
 9  0.
 10  0.
 11  0.
 12  0.
 13  0.
 14  0.
 15  0.
 16  0.
 17  0.
 18  0.
 19  0.
 20  0.
 21  0.
 22  0.
 23  0.
 24  0.
 25  0.
 26  0.
 27  0.
 28  0.
 29  0.
 30  0.
 31  0.
 32  0.
 33  0.
 34  0.
 35  0.
 36  0.
 37  0.
 38  0.
 39  0.
 40  0.
 41  0.
 42  0.
 43  0.
 44  0.
 45  0.
 46  0.
 47  0.
 48  0.
 49  0.
 50  0.
 51  0.
 52  0.
 53  0.
 54  0.
 55  0.
 56  0.
 57  0.
 58  0.
 59  0.
 60  0.
 61  0.
 62  0.
 63  0.
 64  0.
 65  0.
 66  0.
 67  0.
 68  0.
 69  0.
 70  0.
 71  0.
 72  0.
 73  0.
 74  0.
 75  0.
 76  0.
 77  0.
 78  0.
 79  0.
 80  0.
 81  0.
 82  0.
 83  0.
 84  0.
 85  0.
 86  0.
 87  0.
 88  0.
 89  0.
 90  0.
 91  0.
 92  0.
 93  0.
 94  0.
 95  0.
 96  0.
 97  0.
 98  0.
 99  0.
 100  0.
 101  0.
 102  0.
 103  0.
 104  0.
 105  0.
 106  0.
 107  0.
 108  0.
 109  0.
 110  0.
 111  0.
 112  0.
 113  0.
 114  0.
 115  0.
 116  0.
 117  0.
 118  0.
 119  0.
 120  0.
 121  0.
 122  0.
 123  0.
 124  0.
 125  0.
 126  0.
 127  0.
 128  0.
 129  0.
 130  0.
 131  0.
 132  0.
 133  0.
 134  0.
 135  0.
 136  0.
 137  0.
 138  0.
 139  0.
 140  0.
 141  0.
 142  0.
 143  0.
 144  0.
 145  0.
 146  0.
 147  0.
 148  0.
 149  0.
 150  0.
 151  0.
 152  0.
 153  0.
 154  0.
 155  0.
 156  0.
 157  0.
 158  0.
 159  0.
 160  0.
 161  0.
 162  0.
 163  0.
 164  0.
 165  0.
 166  0.
 167  0.
 168  0.
 169  0.
 170  0.
 171  0.
 172  0.
 173  0.
 174  0.
 175  0.
 176  0.
 177  0.
 178  0.
 179  0.
 180  0.
 181  0.
 182  0.
 183  0.
 184  0.
 185  0.
 186  0.
 187  0.
 188  0.
 189  0.
 190  0.
 191  0.
 192  0.
 193  0.
 194  0.
 195  0.
 196  0.
 197  0.
 198  0.
 199  0.
 200  0.
 201  0.
 202  0.
 203  0.
 204  0.
 205  0.
 206  0.
 207  0.
 208  0.
 209  0.
 210  0.
 211  0.
 212  0.
 213  0.
 214  0.
 215  0.
 216  0.
 217  0.
 218  0.
 219  0.
 220  0.
 221  0.
 222  0.
 223  0.
 224  0.
 225  0.
 226  0.
 227  0.
 228  0.
 229  0.
 230  0.
 231  0.
 232  0.
 233  0.
 234  0.
 235  0.
 236  0.
 237  0.
 238  0.
 239  0.
 240  0.
 241  0.
 242  0.
 243  0.
 244  0.
 245  0.
 246  0.
 247  0.
 248  0.
 249  0.
 250  0.
 251  0.
 252  0.
 253  0.
 254  0.
 255  0.
 256  0.
 257  0.
 258  0.
 259  0.
 260  0.
 261  0.
 262  0.
 263  0.
 264  0.
 265  0.
 266  0.
 267  0.
 268  0.
 269  0.
 270  0.
 271  0.
 272  0.
 273  0.
 274  0.
 275  0.
 276  0.
 277  0.
 278  0.
 279  0.
 280  0.
 281  0.
 282  0.
 283  0.
 284  0.
 285  0.
 286  0.
 287  0.
 288  0.
 289  0.
 290  0.
 291  0.
 292  0.
 293  0.
 294  0.
 295  0.
 296  0.
 297  0.
 298  0.
 299  0.
 300  0.
 301  0.
 302  0.
 303  0.
 304  0.
 305  0.
 306  0.
 307  0.
 308  0.
 309  0.
 310  0.
 311  0.
 312  0.
 313  0.
 314  0.
 315  0.
 316  0.
 317  0.
 318  0.
 319  0.
 320  0.
 321  0.
 322  0.
 323  0.
 324  0.
 325  0.
 326  0.
 327  0.
 328  0.
 329  0.
 330  0.
 331  0.
 332  0.
 333  0.
 334  0.
 335  0.
 336  0.
 337  0.
 338  0.
 339  0.
 340  0.
 341  0.
 342  0.
 343  0.
 344  0.
 345  0.
 346  0.
 347  0.
 348  0.
 349  0.
 350  0.
 351  0.
 352  0.
 353  0.
 354  0.
 355  0.
 356  0.
 357  0.
 358  0.
 359  0.
 360  0.
 361  0.
 362  0.
 363  0.
 364  0.
 365  0.
 366  0.
 367  0.
 368  0.
 369  0.
 370  0.
 371  0.
 372  0.
 373  0.
 374  0.
 375  0.
 376  0.
 377  0.
 378  0.
 379  0.
 380  0.
 381  0.
 382  0.
 383  0.
 384  0.
 385  0.
 386  0.
 387  0.
 388  0.
 389  0.
 390  0.
 391  0.
 392  0.
 393  0.
 394  0.
 395  0.
 396  0.
 397  0.
 398  0.
 399  0.
 400  0.
 401  0.
 402  0.
 403  0.
 404  0.
 405  0.
 406  0.
 407  0.
 408  0.
 409  0.
 410  0.
 411  0.
 412  0.
 413  0.
 414  0.
 415  0.
 416  0.
 417  0.
 418  0.
 419  0.
 420  0.
 421  0.
 422  0.
 423  0.
 424  0.
 425  0.
 426  0.
 427  0.
 428  0.
 429  0.
 430  0.
 431  0.
 432  0.
 433  0.
 434  0.
 435  0.
 436  0.
 437  0.
 438  0.
 439  0.
 440  0.
 441  0.
 442  0.
 443  0.
 444  0.
 445  0.
 446  0.
 447  0.
 448  0.
 449  0.
 450  0.
 451  0.
 452  0.
 453  0.
 454  0.
 455  0.
 456  0.
 457  0.
 458  0.
 459  0.
 460  0.
 461  0.
 462  0.
 463  0.
 464  0.
 465  0.
 466  0.
 467  0.
 468  0.
 469  0.
 470  0.
 471  0.
 472  0.
 473  0.
 474  0.
 475  0.
 476  0.
 477  0.
 478  0.
 479  0.
 480  0.
 481  0.
 482  0.
 483  0.
 484  0.
 485  0.
 486  0.
 487  0.
 488  0.
 489  0.
 490  0.
 491  0.
 492  0.
 493  0.
 494  0.
 495  0.
 496  0.
 497  0.
 498  0.
 499  0.
 500  0.

 1  0.
 2  0.
 3  0.
 4  0.
 5  0.
 6  0.
 7  0.
 8  0.
 9  0.
 10  0.
 11  0.
 12  0.
 13  0.
 14  0.
 15  0.
 16  0.
 17  0.
 18  0.
 19  0.
 20  0.
 21  0.
 22  0.
 23  0.
 24  0.
 25  0.
 26  0.
 27  0.
 28  0.
 29  0.
 30  0.
 31  0.
 32  0.
 33  0.
 34  0.
 35  0.
 36  0.
 37  0.
 38  0.
 39  0.
 40  0.
 41  0.
 42  0.
 43  0.
 44  0.
 45  0.
 46  0.
 47  0.
 48  0.
 49  0.
 50  0.
 51  0.
 52  0.
 53  0.
 54  0.
 55  0.
 56  0.
 57  0.
 58  0.
 59  0.
 60  0.
 61  0.
 62  0.
 63  0.
 64  0.
 65  0.
 66  0.
 67  0.
 68  0.
 69  0.
 70  0.
 71  0.
 72  0.
 73  0.
 74  0.
 75  0.
 76  0.
 77  0.
 78  0.
 79  0.
 80  0.
 81  0.
 82  0.
 83  0.
 84  0.
 85  0.
 86  0.
 87  0.
 88  0.
 89  0.
 90  0.
 91  0.
 92  0.
 93  0.
 94  0.
 95  0.
 96  0.
 97  0.
 98  0.
 99  0.
 100  0.
 101  0.
 102  0.
 103  0.
 104  0.
 105  0.
 106  0.
 107  0.
 108  0.
 109  0.
 110  0.
 111  0.
 112  0.
 113  0.
 114  0.
 115  0.
 116  0.
 117  0.
 118  0.
 119  0.
 120  0.
 121  0.
 122  0.
 123  0.
 124  0.
 125  0.
 126  0.
 127  0.
 128  0.
 129  0.
 130  0.
 131  0.
 132  0.
 133  0.
 134  0.
 135  0.
 136  0.
 137  0.
 138  0.
 139  0.
 140  0.
 141  0.
 142  0.
 143  0.
 144  0.
 145  0.
 146  0.
 147  0.
 148  0.
 149  0.
 150  0.
 151  0.
 152  0.
 153  0.
 154  0.
 155  0.
 156  0.
 157  0.
 158  0.
 159  0.
 160  0.
 161  0.
 162  0.
 163  0.
 164  0.
 165  0.
 166  0.
 167  0.
 168  0.
 169  0.
 170  0.
 171  0.
 172  0.
 173  0.
 174  0.
 175  0.
 176  0.
 177  0.
 178  0.
 179  0.
 180  0.
 181  0.
 182  0.
 183  0.
 184  0.
 185  0.
 186  0.
 187  0.
 188  0.
 189  0.
 190  0.
 191  0.
 192  0.
 193  0.
 194  0.
 195  0.
 196  0.
 197  0.
 198  0.
 199  0.
 200  0.
 201  0.
 202  0.
 203  0.
 204  0.
 205  0.
 206  0.
 207  0.
 208  0.
 209  0.
 210  0.
 211  0.
 212  0.
 213  0.
 214  0.
 215  0.
 216  0.
 217  0.
 218  0.
 219  0.
 220  0.
 221  0.
 222  0.
 223  0.
 224  0.
 225  0.
 226  0.
 227  0.
 228  0.
 229  0.
 230  0.
 231  0.
 232  0.
 233  0.
 234  0.
 235  0.
 236  0.
 237  0.
 238  0.
 239  0.
 240  0.
 241  0.
 242  0.
 243  0.
 244  0.
 245  0.
 246  0.
 247  0.
 248  0.
 249  0.
 250  0.
 251  0.
 252  0.
 253  0.
 254  0.
 255  0.
 256  0.
 257  0.
 258  0.
 259  0.
 260  0.
 261  0.
 262  0.
 263  0.
 264  0.
 265  0.
 266  0.
 267  0.
 268  0.
 269  0.
 270  0.
 271  0.
 272  0.
 273  0.
 274  0.
 275  0.
 276  0.
 277  0.
 278  0.
 279  0.
 280  0.
 281  0.
 282  0.
 283  0.
 284  0.
 285  0.
 286  0.
 287  0.
 288  0.
 289  0.
 290  0.
 291  0.
 292  0.
 293  0.
 294  0.
 295  0.
 296  0.
 297  0.
 298  0.
 299  0.
 300  0.
 301  0.
 302  0.
 303  0.
 304  0.
 305  0.
 306  0.
 307  0.
 308  0.
 309  0.
 310  0.
 311  0.
 312  0.
 313  0.
 314  0.
 315  0.
 316  0.
 317  0.
 318  0.
 319  0.
 320  0.
 321  0.
 322  0.
 323  0.
 324  0.
 325  0.
 326  0.
 327  0.
 328  0.
 329  0.
 330  0.
 331  0.
 332  0.
 333  0.
 334  0.
 335  0.
 336  0.
 337  0.
 338  0.
 339  0.
 340  0.
 341  0.
 342  0.
 343  0.
 344  0.
 345  0.
 346  0.
 347  0.
 348  0.
 349  0.
 350  0.
 351  0.
 352  0.
 353  0.
 354  0.
 355  0.
 356  0.
 357  0.
 358  0.
 359  0.
 360  0.
 361  0.
 362  0.
 363  0.
 364  0.
 365  0.
 366  0.
 367  0.
 368  0.
 369  0.
 370  0.
 371  0.
 372  0.
 373  0.
 374  0.
 375  0.
 376  0.
 377  0.
 378  0.
 379  0.
 380  0.
 381  0.
 382  0.
 383  0.
 384  0.
 385  0.
 386  0.
 387  0.
 388  0.
 389  0.
 390  0.
 391  0.
 392  0.
 393  0.
 394  0.
 395  0.
 396  0.
 397  0.
 398  0.
 399  0.
 400  0.
 401  0.
 402  0.
 403  0.
 404  0.
 405  0.
 406  0.
 407  0.
 408  0.
 409  0.
 410  0.
 411  0.
 412  0.
 413  0.
 414  0.
 415  0.
 416  0.
 417  0.
 418  0.
 419  0.
 420  0.
 421  0.
 422  0.
 423  0.
 424  0.
 425  0.
 426  0.
 427  0.
 428  0.
 429  0.
 430  0.
 431  0.
 432  0.
 433  0.
 434  0.
 435  0.
 436  0.
 437  0.
 438  0.
 439  0.
 440  0.
 441  0.
 442  0.
 443  0.
 444  0.
 445  0.
 446  0.
 447  0.
 448  0.
 449  0.
 450  0.
 451  0.
 452  0.
 453  0.
 454  0.
 455  0.
 456  0.
 457  0.
 458  0.
 459  0.
 460  0.
 461  0.
 462  0.
 463  0.
 464  0.
 465  0.
 466  0.
 467  0.
 468  0.
 469  0.
 470  0.
 471  0.
 472  0.
 473  0.
 474  0.
 475  0.
 476  0.
 477  0.
 478  0.
 479  0.
 480  0.
 481  0.
 482  0.
 483  0.
 484  0.
 485  0.
 486  0.
 487  0.
 488  0.
 489  0.
 490  0.
 491  0.
 492  0.
 493  0.
 494  0.
 495  0.
 496  0.
 497  0.
 498  0.
 499  0.
 500  0.

 1  0.
 2  0.
 3  0.
 4  0.
 5  0.
 6  0.
 7  0.
 8  0.
 9  0.
 10  0.
 11  0.
 12  0.
 13  0.
 14  0.
 15  0.
 16  0.
 17  0.
 18  0.
 19  0.
 20  0.
 21  0.
 22  0.
 23  0.
 24  0.
 25  0.
 26  0.
 27  0.
 28  0.
 29  0.
 30  0.
 31  0.
 32  0.
 33  0.
 34  0.
 35  0.
 36  0.
 37  0.
 38  0.
 39  0.
 40  0.
 41  0.
 42  0.
 43  0.
 44  0.
 45  0.
 46  0.
 47  0.
 48  0.
 49  0.
 50  0.
 51  0.
 52  0.
 53  0.
 54  0.
 55  0.
 56  0.
 57  0.
 58  0.
 59  0.
 60  0.
 61  0.
 62  0.
 63  0.
 64  0.
 65  0.
 66  0.
 67  0.
 68  0.
 69  0.
 70  0.
 71  0.
 72  0.
 73  0.
 74  0.
 75  0.
 76  0.
 77  0.
 78  0.
 79  0.
 80  0.
 81  0.
 82  0.
 83  0.
 84  0.
 85  0.
 86  0.
 87  0.
 88  0.
 89  0.
 90  0.
 91  0.
 92  0.
 93  0.
 94  0.
 95  0.
 96  0.
 97  0.
 98  0.
 99  0.
 100  0.
 101  0.
 102  0.
 103  0.
 104  0.
 105  0.
 106  0.
 107  0.
 108  0.
 109  0.
 110  0.
 111  0.
 112  0.
 113  0.
 114  0.
 115  0.
 116  0.
 117  0.
 118  0.
 119  0.
 120  0.
 121  0.
 122  0.
 123  0.
 124  0.
 125  0.
 126  0.
 127  0.
 128  0.
 129  0.
 130  0.
 131  0.
 132  0.
 133  0.
 134  0.
 135  0.
 136  0.
 137  0.
 138  0.
 139  0.
 140  0.
 141  0.
 142  0.
 143  0.
 144  0.
 145  0.
 146  0.
 147  0.
 148  0.
 149  0.
 150  0.
 151  0.
 152  0.
 153  0.
 154  0.
 155  0.
 156  0.
 157  0.
 158  0.
 159  0.
 160  0.
 161  0.
 162  0.
 163  0.
 164  0.
 165  0.
 166  0.
 167  0.
 168  0.
 169  0.
 170  0.
 171  0.
 172  0.
 173  0.
 174  0.
 175  0.
 176  0.
 177  0.
 178  0.
 179  0.
 180  0.
 181  0.
 182  0.
 183  0.
 184  0.
 185  0.
 186  0.
 187  0.
 188  0.
 189  0.
 190  0.
 191  0.
 192  0.
 193  0.
 194  0.
 195  0.
 196  0.
 197  0.
 198  0.
 199  0.
 200  0.
 201  0.
 202  0.
 203  0.
 204  0.
 205  0.
 206  0.
 207  0.
 208  0.
 209  0.
 210  0.
 211  0.
 212  0.
 213  0.
 214  0.
 215  0.
 216  0.
 217  0.
 218  0.
 219  0.
 220  0.
 221  0.
 222  0.
 223  0.
 224  0.
 225  0.
 226  0.
 227  0.
 228  0.
 229  0.
 230  0.
 231  0.
 232  0.
 233  0.
 234  0.
 235  0.
 236  0.
 237  0.
 238  0.
 239  0.
 240  0.
 241  0.
 242  0.
 243  0.
 244  0.
 245  0.
 246  0.
 247  0.
 248  0.
 249  0.
 250  0.
 251  0.
 252  0.
 253  0.
 254  0.
 255  0.
 256  0.
 257  0.
 258  0.
 259  0.
 260  0.
 261  0.
 262  0.
 263  0.
 264  0.
 265  0.
 266  0.
 267  0.
 268  0.
 269  0.
 270  0.
 271  0.
 272  0.
 273  0.
 274  0.
 275  0.
 276  0.
 277  0.
 278  0.
 279  0.
 280  0.
 281  0.
 282  0.
 283  0.
 284  0.
 285  0.
 286  0.
 287  0.
 288  0.
 289  0.
 290  0.
 291  0.
 292  0.
 293  0.
 294  0.
 295  0.
 296  0.
 297  0.
 298  0.
 299  0.
 300  0.
 301  0.
 302  0.
 303  0.
 304  0.
 305  0.
 306  0.
 307  0.
 308  0.
 309  0.
 310  0.
 311  0.
 312  0.
 313  0.
 314  0.
 315  0.
 316  0.
 317  0.
 318  0.
 319  0.
 320  0.
 321  0.
 322  0.
 323  0.
 324  0.
 325  0.
 326  0.
 327  0.
 328  0.
 329  0.
 330  0.
 331  0.
 332  0.
 333  0.
 334  0.
 335  0.
 336  0.
 337  0.
 338  0.
 339  0.
 340  0.
 341  0.
 342  0.
 343  0.
 344  0.
 345  0.
 346  0.
 347  0.
 348  0.
 349  0.
 350  0.
 351  0.
 352  0.
 353  0.
 354  0.
 355  0.
 356  0.
 357  0.
 358  0.
 359  0.
 360  0.
 361  0.
 362  0.
 363  0.
 364  0.
 365  0.
 366  0.
 367  0.
 368  0.
 369  0.
 370  0.
 371  0.
 372  0.
 373  0.
 374  0.
 375  0.
 376  0.
 377  0.
 378  0.
 379  0.
 380  0.
 381  0.
 382  0.
 383  0.
 384  0.
 385  0.
 386  0.
 387  0.
 388  0.
 389  0.
 390  0.
 391  0.
 392  0.
 393  0.
 394  0.
 395  0.
 396  0.
 397  0.
 398  0.
 399  0.
 400  0.
 401  0.
 402  0.
 403  0.
 404  0.
 405  0.
 406  0.
 407  0.
 408  0.
 409  0.
 410  0.
 411  0.
 412  0.
 413  0.
 414  0.
 415  0.
 416  0.
 417  0.
 418  0.
 419  0.
 420  0.
 421  0.
 422  0.
 423  0.
 424  0.
 425  0.
 426  0.
 427  0.
 428  0.
 429  0.
 430  0.
 431  0.
 432  0.
 433  0.
 434  0.
 435  0.
 436  0.
 437  0.
 438  0.
 439  0.
 440  0.
 441  0.
 442  0.
 443  0.
 444  0.
 445  0.
 446  0.
 447  0.
 448  0.
 449  0.
 450  0.
 451  0.
 452  0.
 453  0.
 454  0.
 455  0.
 456  0.
 457  0.
 458  0.
 459  0.
 460  0.
 461  0.
 462  0.
 463  0.
 464  0.
 465  0.
 466  0.
 467  0.
 468  0.
 469  0.
 470  0.
 471  0.
 472  0.
 473  0.
 474  0.
 475  0.
 476  0.
 477  0.
 478  0.
 479  0.
 480  0.
 481  0.
 482  0.
 483  0.
 484  0.
 485  0.
 486  0.
 487  0.
 488  0.
 489  0.
 490  0.
 491  0.
 492  0.
 493  0.
 494  0.
 495  0.
 496  0.
 497  0.
 498  0.
 499  0.
 500  0.

 1  0.
 2  0.
 3  0.
 4  0.
 5  0.
 6  0.
 7  0.
 8  0.
 9  0.
 10  0.
 11  0.
 12  0.
 13  0.
 14  0.
 15  0.
 16  0.
 17  0.
 18  0.
 19  0.
 20  0.
 21  0.
 22  0.
 23  0.
 24  0.
 25  0.
 26  0.
 27  0.
 28  0.
 29  0.
 30  0.
 31  0.
 32  0.
 33  0.
 34  0.
 35  0.
 36  0.
 37  0.
 38  0.
 39  0.
 40  0.
 41  0.
 42  0.
 43  0.
 44  0.
 45  0.
 46  0.
 47  0.
 48  0.
 49  0.
 50  0.
 51  0.
 52  0.
 53  0.
 54  0.
 55  0.
 56  0.
 57  0.
 58  0.
 59  0.
 60  0.
 61  0.
 62  0.
 63  0.
 64  0.
 65  0.
 66  0.
 67  0.
 68  0.
 69  0.
 70  0.
 71  0.
 72  0.
 73  0.
 74  0.
 75  0.
 76  0.
 77  0.
 78  0.
 79  0.
 80  0.
 81  0.
 82  0.
 83  0.
 84  0.
 85  0.
 86  0.
 87  0.
 88  0.
 89  0.
 90  0.
 91  0.
 92  0.
 93  0.
 94  0.
 95  0.
 96  0.
 97  0.
 98  0.
 99  0.
 100  0.
 101  0.
 102  0.
 103  0.
 104  0.
 105  0.
 106  0.
 107  0.
 108  0.
 109  0.
 110  0.
 111  0.
 112  0.
 113  0.
 114  0.
 115  0.
 116  0.
 117  0.
 118  0.
 119  0.
 120  0.
 121  0.
 122  0.
 123  0.
 124  0.
 125  0.
 126  0.
 127  0.
 128  0.
 129  0.
 130  0.
 131  0.
 132  0.
 133  0.
 134  0.
 135  0.
 136  0.
 137  0.
 138  0.
 139  0.
 140  0.
 141  0.
 142  0.
 143  0.
 144  0.
 145  0.
 146  0.
 147  0.
 148  0.
 149  0.
 150  0.
 151  0.
 152  0.
 153  0.
 154  0.
 155  0.
 156  0.
 157  0.
 158  0.
 159  0.
 160  0.
 161  0.
 162  0.
 163  0.
 164  0.
 165  0.
 166  0.
 167  0.
 168  0.
 169  0.
 170  0.
 171  0.
 172  0.
 173  0.
 174  0.
 175  0.
 176  0.
 177  0.
 178  0.
 179  0.
 180  0.
 181  0.
 182  0.
 183  0.
 184  0.
 185  0.
 186  0.
 187  0.
 188  0.
 189  0.
 190  0.
 191  0.
 192  0.
 193  0.
 194  0.
 195  0.
 196  0.
 197  0.
 198  0.
 199  0.
 200  0.
 201  0.
 202  0.
 203  0.
 204  0.
 205  0.
 206  0.
 207  0.
 208  0.
 209  0.
 210  0.
 211  0.
 212  0.
 213  0.
 214  0.
 215  0.
 216  0.
 217  0.
 218  0.
 219  0.
 220  0.
 221  0.
 222  0.
 223  0.
 224  0.
 225  0.
 226  0.
 227  0.
 228  0.
 229  0.
 230  0.
 231  0.
 232  0.
 233  0.
 234  0.
 235  0.
 236  0.
 237  0.
 238  0.
 239  0.
 240  0.
 241  0.
 242  0.
 243  0.
 244  0.
 245  0.
 246  0.
 247  0.
 248  0.
 249  0.
 250  0.
 251  0.
 252  0.
 253  0.
 254  0.
 255  0.
 256  0.
 257  0.
 258  0.
 259  0.
 260  0.
 261  0.
 262  0.
 263  0.
 264  0.
 265  0.
 266  0.
 267  0.
 268  0.
 269  0.
 270  0.
 271  0.
 272  0.
 273  0.
 274  0.
 275  0.
 276  0.
 277  0.
 278  0.
 279  0.
 280  0.
 281  0.
 282  0.
 283  0.
 284  0.
 285  0.
 286  0.
 287  0.
 288  0.
 289  0.
 290  0.
 291  0.
 292  0.
 293  0.
 294  0.
 295  0.
 296  0.
 297  0.
 298  0.
 299  0.
 300  0.
 301  0.
 302  0.
 303  0.
 304  0.
 305  0.
 306  0.
 307  0.
 308  0.
 309  0.
 310  0.
 311  0.
 312  0.
 313  0.
 314  0.
 315  0.
 316  0.
 317  0.
 318  0.
 319  0.
 320  0.
 321  0.
 322  0.
 323  0.
 324  0.
 325  0.
 326  0.
 327  0.
 328  0.
 329  0.
 330  0.
 331  0.
 332  0.
 333  0.
 334  0.
 335  0.
 336  0.
 337  0.
 338  0.
 339  0.
 340  0.
 341  0.
 342  0.
 343  0.
 344  0.
 345  0.
 346  0.
 347  0.
 348  0.
 349  0.
 350  0.
 351  0.
 352  0.
 353  0.
 354  0.
 355  0.
 356  0.
 357  0.
 358  0.
 359  0.
 360  0.
 361  0.
 362  0.
 363  0.
 364  0.
 365  0.
 366  0.
 367  0.
 368  0.
 369  0.
 370  0.
 371  0.
 372  0.
 373  0.
 374  0.
 375  0.
 376  0.
 377  0.
 378  0.
 379  0.
 380  0.
 381  0.
 382  0.
 383  0.
 384  0.
 385  0.
 386  0.
 387  0.
 388  0.
 389  0.
 390  0.
 391  0.
 392  0.
 393  0.
 394  0.
 395  0.
 396  0.
 397  0.
 398  0.
 399  0.
 400  0.
 401  0.
 402  0.
 403  0.
 404  0.
 405  0.
 406  0.
 407  0.
 408  0.
 409  0.
 410  0.
 411  0.
 412  0.
 413  0.
 414  0.
 415  0.
 416  0.
 417  0.
 418  0.
 419  0.
 420  0.
 421  0.
 422  0.
 423  0.
 424  0.
 425  0.
 426  0.
 427  0.
 428  0.
 429  0.
 430  0.
 431  0.
 432  0.
 433  0.
 434  0.
 435  0.
 436  0.
 437  0.
 438  0.
 439  0.
 440  0.
 441  0.
 442  0.
 443  0.
 444  0.
 445  0.
 446  0.
 447  0.
 448  0.
 449  0.
 450  0.
 451  0.
 452  0.
 453  0.
 454  0.
 455  0.
 456  0.
 457  0.
 458  0.
 459  0.
 460  0.
 461  0.
 462  0.
 463  0.
 464  0.
 465  0.
 466  0.
 467  0.
 468  0.
 469  0.
 470  0.
 471  0.
 472  0.
 473  0.
 474  0.
 475  0.
 476  0.
 477  0.
 478  0.
 479  0.
 480  0.
 481  0.
 482  0.
 483  0.
 484  0.
 485  0.
 486  0.
 487  0.
 488  0.
 489  0.
 490  0.
 491  0.
 492  0.
 493  0.
 494  0.
 495  0.
 496  0.
 497  0.
 498  0.
 499  0.
 500  0.

 1  0.
 2  0.
 3  0.
 4  0.
 5  0.
 6  0.
 7  0.
 8  0.
 9  0.
 10  0.
 11  0.
 12  0.
 13  0.
 14  0.
 15  0.
 16  0.
 17  0.
 18  0.
 19  0.
 20  0.
 21  0.
 22  0.
 23  0.
 24  0.
 25  0.
 26  0.
 27  0.
 28  0.
 29  0.
 30  0.
 31  0.
 32  0.
 33  0.
 34  0.
 35  0.
 36  0.
 37  0.
 38  0.
 39  0.
 40  0.
 41  0.
 42  0.
 43  0.
 44  0.
 45  0.
 46  0.
 47  0.
 48  0.
 49  0.
 50  0.
 51  0.
 52  0.
 53  0.
 54  0.
 55  0.
 56  0.
 57  0.
 58  0.
 59  0.
 60  0.
 61  0.
 62  0.
 63  0.
 64  0.
 65  0.
 66  0.
 67  0.
 68  0.
 69  0.
 70  0.
 71  0.
 72  0.
 73  0.
 74  0.
 75  0.
 76  0.
 77  0.
 78  0.
 79  0.
 80  0.
 81  0.
 82  0.
 83  0.
 84  0.
 85  0.
 86  0.
 87  0.
 88  0.
 89  0.
 90  0.
 91  0.
 92  0.
 93  0.
 94  0.
 95  0.
 96  0.
 97  0.
 98  0.
 99  0.
 100  0.
 101  0.
 102  0.
 103  0.
 104  0.
 105  0.
 106  0.
 107  0.
 108  0.
 109  0.
 110  0.
 111  0.
 112  0.
 113  0.
 114  0.
 115  0.
 116  0.
 117  0.
 118  0.
 119  0.
 120  0.
 121  0.
 122  0.
 123  0.
 124  0.
 125  0.
 126  0.
 127  0.
 128  0.
 129  0.
 130  0.
 131  0.
 132  0.
 133  0.
 134  0.
 135  0.
 136  0.
 137  0.
 138  0.
 139  0.
 140  0.
 141  0.
 142  0.
 143  0.
 144  0.
 145  0.
 146  0.
 147  0.
 148  0.
 149  0.
 150  0.
 151  0.
 152  0.
 153  0.
 154  0.
 155  0.
 156  0.
 157  0.
 158  0.
 159  0.
 160  0.
 161  0.
 162  0.
 163  0.
 164  0.
 165  0.
 166  0.
 167  0.
 168  0.
 169  0.
 170  0.
 171  0.
 172  0.
 173  0.
 174  0.
 175  0.
 176  0.
 177  0.
 178  0.
 179  0.
 180  0.
 181  0.
 182  0.
 183  0.
 184  0.
 185  0.
 186  0.
 187  0.
 188  0.
 189  0.
 190  0.
 191  0.
 192  0.
 193  0.
 194  0.
 195  0.
 196  0.
 197  0.
 198  0.
 199  0.
 200  0.
 201  0.
 202  0.
 203  0.
 204  0.
 205  0.
 206  0.
 207  0.
 208  0.
 209  0.
 210  0.
 211  0.
 212  0.
 213  0.
 214  0.
 215  0.
 216  0.
 217  0.
 218  0.
 219  0.
 220  0.
 221  0.
 222  0.
 223  0.
 224  0.
 225  0.
 226  0.
 227  0.
 228  0.
 229  0.
 230  0.
 231  0.
 232  0.
 233  0.
 234  0.
 235  0.
 236  0.
 237  0.
 238  0.
 239  0.
 240  0.
 241  0.
 242  0.
 243  0.
 244  0.
 245  0.
 246  0.
 247  0.
 248  0.
 249  0.
 250  0.
 251  0.
 252  0.
 253  0.
 254  0.
 255  0.
 256  0.
 257  0.
 258  0.
 259  0.
 260  0.
 261  0.
 262  0.
 263  0.
 264  0.
 265  0.
 266  0.
 267  0.
 268  0.
 269  0.
 270  0.
 271  0.
 272  0.
 273  0.
 274  0.
 275  0.
 276  0.
 277  0.
 278  0.
 279  0.
 280  0.
 281  0.
 282  0.
 283  0.
 284  0.
 285  0.
 286  0.
 287  0.
 288  0.
 289  0.
 290  0.
 291  0.
 292  0.
 293  0.
 294  0.
 295  0.
 296  0.
 297  0.
 298  0.
 299  0.
 300  0.
 301  0.
 302  0.
 303  0.
 304  0.
 305  0.
 306  0.
 307  0.
 308  0.
 309  0.
 310  0.
 311  0.
 312  0.
 313  0.
 314  0.
 315  0.
 316  0.
 317  0.
 318  0.
 319  0.
 320  0.
 321  0.
 322  0.
 323  0.
 324  0.
 325  0.
 326  0.
 327  0.
 328  0.
 329  0.
 330  0.
 331  0.
 332  0.
 333  0.
 334  0.
 335  0.
 336  0.
 337  0.
 338  0.
 339  0.
 340  0.
 341  0.
 342  0.
 343  0.
 344  0.
 345  0.
 346  0.
 347  0.
 348  0.
 349  0.
 350  0.
 351  0.
 352  0.
 353  0.
 354  0.
 355  0.
 356  0.
 357  0.
 358  0.
 359  0.
 360  0.
 361  0.
 362  0.
 363  0.
 364  0.
 365  0.
 366  0.
 367  0.
 368  0.
 369  0.
 370  0.
 371  0.
 372  0.
 373  0.
 374  0.
 375  0.
 376  0.
 377  0.
 378  0.
 379  0.
 380  0.
 381  0.
 382  0.
 383  0.
 384  0.
 385  0.
 386  0.
 387  0.
 388  0.
 389  0.
 390  0.
 391  0.
 392  0.
 393  0.
 394  0.
 395  0.
 396  0.
 397  0.
 398  0.
 399  0.
 400  0.
 401  0.
 402  0.
 403  0.
 404  0.
 405  0.
 406  0.
 407  0.
 408  0.
 409  0.
 410  0.
 411  0.
 412  0.
 413  0.
 414  0.
 415  0.
 416  0.
 417  0.
 418  0.
 419  0.
 420  0.
 421  0.
 422  0.
 423  0.
 424  0.
 425  0.
 426  0.
 427  0.
 428  0.
 429  0.
 430  0.
 431  0.
 432  0.
 433  0.
 434  0.
 435  0.
 436  0.
 437  0.
 438  0.
 439  0.
 440  0.
 441  0.
 442  0.
 443  0.
 444  0.
 445  0.
 446  0.
 447  0.
 448  0.
 449  0.
 450  0.
 451  0.
 452  0.
 453  0.
 454  0.
 455  0.
 456  0.
 457  0.
 458  0.
 459  0.
 460  0.
 461  0.
 462  0.
 463  0.
 464  0.
 465  0.
 466  0.
 467  0.
 468  0.
 469  0.
 470  0.
 471  0.
 472  0.
 473  0.
 474  0.
 475  0.
 476  0.
 477  0.
 478  0.
 479  0.
 480  0.
 481  0.
 482  0.
 483  0.
 484  0.
 485  0.
 486  0.
 487  0.
 488  0.
 489  0.
 490  0.
 491  0.
 492  0.
 493  0.
 494  0.
 495  0.
 496  0.
 497  0.
 498  0.
 499  0.
 500  0.

 1  0.
 2  0.
 3  0.
 4  0.
 5  0.
 6  0.
 7  0.
 8  0.
 9  0.
 10  0.
 11  0.
 12  0.
 13  0.
 14  0.
 15  0.
 16  0.
 17  0.
 18  0.
 19  0.
 20  0.
 21  0.
 22  0.
 23  0.
 24  0.
 25  0.
 26  0.
 27  0.
 28  0.
 29  0.
 30  0.
 31  0.
 32  0.
 33  0.
 34  0.
 35  0.
 36  0.
 37  0.
 38  0.
 39  0.
 40  0.
 41  0.
 42  0.
 43  0.
 44  0.
 45  0.
 46  0.
 47  0.
 48  0.
 49  0.
 50  0.
 51  0.
 52  0.
 53  0.
 54  0.
 55  0.
 56  0.
 57  0.
 58  0.
 59  0.
 60  0.
 61  0.
 62  0.
 63  0.
 64  0.
 65  0.
 66  0.
 67  0.
 68  0.
 69  0.
 70  0.
 71  0.
 72  0.
 73  0.
 74  0.
 75  0.
 76  0.
 77  0.
 78  0.
 79  0.
 80  0.
 81  0.
 82  0.
 83  0.
 84  0.
 85  0.
 86  0.
 87  0.
 88  0.
 89  0.
 90  0.
 91  0.
 92  0.
 93  0.
 94  0.
 95  0.
 96  0.
 97  0.
 98  0.
 99  0.
 100  0.
 101  0.
 102  0.
 103  0.
 104  0.
 105  0.
 106  0.
 107  0.
 108  0.
 109  0.
 110  0.
 111  0.
 112  0.
 113  0.
 114  0.
 115  0.
 116  0.
 117  0.
 118  0.
 119  0.
 120  0.
 121  0.
 122  0.
 123  0.
 124  0.
 125  0.
 126  0.
 127  0.
 128  0.
 129  0.
 130  0.
 131  0.
 132  0.
 133  0.
 134  0.
 135  0.
 136  0.
 137  0.
 138  0.
 139  0.
 140  0.
 141  0.
 142  0.
 143  0.
 144  0.
 145  0.
 146  0.
 147  0.
 148  0.
 149  0.
 150  0.
 151  0.
 152  0.
 153  0.
 154  0.
 155  0.
 156  0.
 157  0.
 158  0.
 159  0.
 160  0.
 161  0.
 162  0.
 163  0.
 164  0.
 165  0.
 166  0.
 167  0.
 168  0.
 169  0.
 170  0.
 171  0.
 172  0.
 173  0.
 174  0.
 175  0.
 176  0.
 177  0.
 178  0.
 179  0.
 180  0.
 181  0.
 182  0.
 183  0.
 184  0.
 185  0.
 186  0.
 187  0.
 188  0.
 189  0.
 190  0.
 191  0.
 192  0.
 193  0.
 194  0.
 195  0.
 196  0.
 197  0.
 198  0.
 199  0.
 200  0.
 201  0.
 202  0.
 203  0.
 204  0.
 205  0.
 206  0.
 207  0.
 208  0.
 209  0.
 210  0.
 211  0.
 212  0.
 213  0.
 214  0.
 215  0.
 216  0.
 217  0.
 218  0.
 219  0.
 220  0.
 221  0.
 222  0.
 223  0.
 224  0.
 225  0.
 226  0.
 227  0.
 228  0.
 229  0.
 230  0.
 231  0.
 232  0.
 233  0.
 234  0.
 235  0.
 236  0.
 237  0.
 238  0.
 239  0.
 240  0.
 241  0.
 242  0.
 243  0.
 244  0.
 245  0.
 246  0.
 247  0.
 248  0.
 249  0.
 250  0.
 251  0.
 252  0.
 253  0.
 254  0.
 255  0.
 256  0.
 257  0.
 258  0.
 259  0.
 260  0.
 261  0.
 262  0.
 263  0.
 264  0.
 265  0.
 266  0.
 267  0.
 268  0.
 269  0.
 270  0.
 271  0.
 272  0.
 273  0.
 274  0.
 275  0.
 276  0.
 277  0.
 278  0.
 279  0.
 280  0.
 281  0.
 282  0.
 283  0.
 284  0.
 285  0.
 286  0.
 287  0.
 288  0.
 289  0.
 290  0.
 291  0.
 292  0.
 293  0.
 294  0.
 295  0.
 296  0.
 297  0.
 298  0.
 299  0.
 300  0.
 301  0.
 302  0.
 303  0.
 304  0.
 305  0.
 306  0.
 307  0.
 308  0.
 309  0.
 310  0.
 311  0.
 312  0.
 313  0.
 314  0.
 315  0.
 316  0.
 317  0.
 318  0.
 319  0.
 320  0.
 321  0.
 322  0.
 323  0.
 324  0.
 325  0.
 326  0.
 327  0.
 328  0.
 329  0.
 330  0.
 331  0.
 332  0.
 333  0.
 334  0.
 335  0.
 336  0.
 337  0.
 338  0.
 339  0.
 340  0.
 341  0.
 342  0.
 343  0.
 344  0.
 345  0.
 346  0.
 347  0.
 348  0.
 349  0.
 350  0.
 351  0.
 352  0.
 353  0.
 354  0.
 355  0.
 356  0.
 357  0.
 358  0.
 359  0.
 360  0.
 361  0.
 362  0.
 363  0.
 364  0.
 365  0.
 366  0.
 367  0.
 368  0.
 369  0.
 370  0.
 371  0.
 372  0.
 373  0.
 374  0.
 375  0.
 376  0.
 377  0.
 378  0.
 379  0.
 380  0.
 381  0.
 382  0.
 383  0.
 384  0.
 385  0.
 386  0.
 387  0.
 388  0.
 389  0.
 390  0.
 391  0.
 392  0.
 393  0.
 394  0.
 395  0.
 396  0.
 397  0.
 398  0.
 399  0.
 400  0.
 401  0.
 402  0.
 403  0.
 404  0.
 405  0.
 406  0.
 407  0.
 408  0.
 409  0.
 410  0.
 411  0.
 412  0.
 413  0.
 414  0.
 415  0.
 416  0.
 417  0.
 418  0.
 419  0.
 420  0.
 421  0.
 422  0.
 423  0.
 424  0.
 425  0.
 426  0.
 427  0.
 428  0.
 429  0.
 430  0.
 431  0.
 432  0.
 433  0.
 434  0.
 435  0.
 436  0.
 437  0.
 438  0.
 439  0.
 440  0.
 441  0.
 442  0.
 443  0.
 444  0.
 445  0.
 446  0.
 447  0.
 448  0.
 449  0.
 450  0.
 451  0.
 452  0.
 453  0.
 454  0.
 455  0.
 456  0.
 457  0.
 458  0.
 459  0.
 460  0.
 461  0.
 462  0.
 463  0.
 464  0.
 465  0.
 466  0.
 467  0.
 468  0.
 469  0.
 470  0.
 471  0.
 472  0.
 473  0.
 474  0.
 475  0.
 476  0.
 477  0.
 478  0.
 479  0.
 480  0.
 481  0.
 482  0.
 483  0.
 484  0.
 485  0.
 486  0.
 487  0.
 488  0.
 489  0.
 490  0.
 491  0.
 492  0.
 493  0.
 494  0.
 495  0.
 496  0.
 497  0.
 498  0.
 499  0.
 500  0.

 1  0.
 2  0.
 3  0.
 4  0.
 5  0.
 6  0.
 7  0.
 8  0.
 9  0.
 10  0.
 11  0.
 12  0.
 13  0.
 14  0.
 15  0.
 16  0.
 17  0.
 18  0.
 19  0.
 20  0.
 21  0.
 22  0.
 23  0.
 24  0.
 25  0.
 26  0.
 27  0.
 28  0.
 29  0.
 30  0.
 31  0.
 32  0.
 33  0.
 34  0.
 35  0.
 36  0.
 37  0.
 38  0.
 39  0.
 40  0.
 41  0.
 42  0.
 43  0.
 44  0.
 45  0.
 46  0.
 47  0.
 48  0.
 49  0.
 50  0.
 51  0.
 52  0.
 53  0.
 54  0.
 55  0.
 56  0.
 57  0.
 58  0.
 59  0.
 60  0.
 61  0.
 62  0.
 63  0.
 64  0.
 65  0.
 66  0.
 67  0.
 68  0.
 69  0.
 70  0.
 71  0.
 72  0.
 73  0.
 74  0.
 75  0.
 76  0.
 77  0.
 78  0.
 79  0.
 80  0.
 81  0.
 82  0.
 83  0.
 84  0.
 85  0.
 86  0.
 87  0.
 88  0.
 89  0.
 90  0.
 91  0.
 92  0.
 93  0.
 94  0.
 95  0.
 96  0.
 97  0.
 98  0.
 99  0.
 100  0.
 101  0.
 102  0.
 103  0.
 104  0.
 105  0.
 106  0.
 107  0.
 108  0.
 109  0.
 110  0.
 111  0.
 112  0.
 113  0.
 114  0.
 115  0.
 116  0.
 117  0.
 118  0.
 119  0.
 120  0.
 121  0.
 122  0.
 123  0.
 124  0.
 125  0.
 126  0.
 127  0.
 128  0.
 129  0.
 130  0.
 131  0.
 132  0.
 133  0.
 134  0.
 135  0.
 136  0.
 137  0.
 138  0.
 139  0.
 140  0.
 141  0.
 142  0.
 143  0.
 144  0.
 145  0.
 146  0.
 147  0.
 148  0.
 149  0.
 150  0.
 151  0.
 152  0.
 153  0.
 154  0.
 155  0.
 156  0.
 157  0.
 158  0.
 159  0.
 160  0.
 161  0.
 162  0.
 163  0.
 164  0.
 165  0.
 166  0.
 167  0.
 168  0.
 169  0.
 170  0.
 171  0.
 172  0.
 173  0.
 174  0.
 175  0.
 176  0.
 177  0.
 178  0.
 179  0.
 180  0.
 181  0.
 182  0.
 183  0.
 184  0.
 185  0.
 186  0.
 187  0.
 188  0.
 189  0.
 190  0.
 191  0.
 192  0.
 193  0.
 194  0.
 195  0.
 196  0.
 197  0.
 198  0.
 199  0.
 200  0.
 201  0.
 202  0.
 203  0.
 204  0.
 205  0.
 206  0.
 207  0.
 208  0.
 209  0.
 210  0.
 211  0.
 212  0.
 213  0.
 214  0.
 215  0.
 216  0.
 217  0.
 218  0.
 219  0.
 220  0.
 221  0.
 222  0.
 223  0.
 224  0.
 225  0.
 226  0.
 227  0.
 228  0.
 229  0.
 230  0.
 231  0.
 232  0.
 233  0.
 234  0.
 235  0.
 236  0.
 237  0.
 238  0.
 239  0.
 240  0.
 241  0.
 242  0.
 243  0.
 244  0.
 245  0.
 246  0.
 247  0.
 248  0.
 249  0.
 250  0.
 251  0.
 252  0.
 253  0.
 254  0.
 255  0.
 256  0.
 257  0.
 258  0.
 259  0.
 260  0.
 261  0.
 262  0.
 263  0.
 264  0.
 265  0.
 266  0.
 267  0.
 268  0.
 269  0.
 270  0.
 271  0.
 272  0.
 273  0.
 274  0.
 275  0.
 276  0.
 277  0.
 278  0.
 279  0.
 280  0.
 281  0.
 282  0.
 283  0.
 284  0.
 285  0.
 286  0.
 287  0.
 288  0.
 289  0.
 290  0.
 291  0.
 292  0.
 293  0.
 294  0.
 295  0.
 296  0.
 297  0.
 298  0.
 299  0.
 300  0.
 301  0.
 302  0.
 303  0.
 304  0.
 305  0.
 306  0.
 307  0.
 308  0.
 309  0.
 310  0.
 311  0.
 312  0.
 313  0.
 314  0.
 315  0.
 316  0.
 317  0.
 318  0.
 319  0.
 320  0.
 321  0.
 322  0.
 323  0.
 324  0.
 325  0.
 326  0.
 327  0.
 328  0.
 329  0.
 330  0.
 331  0.
 332  0.
 333  0.
 334  0.
 335  0.
 336  0.
 337  0.
 338  0.
 339  0.
 340  0.
 341  0.
 342  0.
 343  0.
 344  0.
 345  0.
 346  0.
 347  0.
 348  0.
 349  0.
 350  0.
 351  0.
 352  0.
 353  0.
 354  0.
 355  0.
 356  0.
 357  0.
 358  0.
 359  0.
 360  0.
 361  0.
 362  0.
 363  0.
 364  0.
 365  0.
 366  0.
 367  0.
 368  0.
 369  0.
 370  0.
 371  0.
 372  0.
 373  0.
 374  0.
 375  0.
 376  0.
 377  0.
 378  0.
 379  0.
 380  0.
 381  0.
 382  0.
 383  0.
 384  0.
 385  0.
 386  0.
 387  0.
 388  0.
 389  0.
 390  0.
 391  0.
 392  0.
 393  0.
 394  0.
 395  0.
 396  0.
 397  0.
 398  0.
 399  0.
 400  0.
 401  0.
 402  0.
 403  0.
 404  0.
 405  0.
 406  0.
 407  0.
 408  0.
 409  0.
 410  0.
 411  0.
 412  0.
 413  0.
 414  0.
 415  0.
 416  0.
 417  0.
 418  0.
 419  0.
 420  0.
 421  0.
 422  0.
 423  0.
 424  0.
 425  0.
 426  0.
 427  0.
 428  0.
 429  0.
 430  0.
 431  0.
 432  0.
 433  0.
 434  0.
 435  0.
 436  0.
 437  0.
 438  0.
 439  0.
 440  0.
 441  0.
 442  0.
 443  0.
 444  0.
 445  0.
 446  0.
 447  0.
 448  0.
 449  0.
 450  0.
 451  0.
 452  0.
 453  0.
 454  0.
 455  0.
 456  0.
 457  0.
 458  0.
 459  0.
 460  0.
 461  0.
 462  0.
 463  0.
 464  0.
 465  0.
 466  0.
 467  0.
 468  0.
 469  0.
 470  0.
 471  0.
 472  0.
 473  0.
 474  0.
 475  0.
 476  0.
 477  0.
 478  0.
 479  0.
 480  0.
 481  0.
 482  0.
 483  0.
 484  0.
 485  0.
 486  0.
 487  0.
 488  0.
 489  0.
 490  0.
 491  0.
 492  0.
 493  0.
 494  0.
 495  0.
 496  0.
 497  0.
 498  0.
 499  0.
 500  0.

 1  0.
 2  0.
 3  0.
 4  0.
 5  0.
 6  0.
 7  0.
 8  0.
 9  0.
 10  0.
 11  0.
 12  0.
 13  0.
 14  0.
 15  0.
 16  0.
 17  0.
 18  0.
 19  0.
 20  0.
 21  0.
 22  0.
 23  0.
 24  0.
 25  0.
 26  0.
 27  0.
 28  0.
 29  0.
 30  0.
 31  0.
 32  0.
 33  0.
 34  0.
 35  0.
 36  0.
 37  0.
 38  0.
 39  0.
 40  0.
 41  0.
 42  0.
 43  0.
 44  0.
 45  0.
 46  0.
 47  0.
 48  0.
 49  0.
 50  0.
 51  0.
 52  0.
 53  0.
 54  0.
 55  0.
 56  0.
 57  0.
 58  0.
 59  0.
 60  0.
 61  0.
 62  0.
 63  0.
 64  0.
 65  0.
 66  0.
 67  0.
 68  0.
 69  0.
 70  0.
 71  0.
 72  0.
 73  0.
 74  0.
 75  0.
 76  0.
 77  0.
 78  0.
 79  0.
 80  0.
 81  0.
 82  0.
 83  0.
 84  0.
 85  0.
 86  0.
 87  0.
 88  0.
 89  0.
 90  0.
 91  0.
 92  0.
 93  0.
 94  0.
 95  0.
 96  0.
 97  0.
 98  0.
 99  0.
 100  0.
 101  0.
 102  0.
 103  0.
 104  0.
 105  0.
 106  0.
 107  0.
 108  0.
 109  0.
 110  0.
 111  0.
 112  0.
 113  0.
 114  0.
 115  0.
 116  0.
 117  0.
 118  0.
 119  0.
 120  0.
 121  0.
 122  0.
 123  0.
 124  0.
 125  0.
 126  0.
 127  0.
 128  0.
 129  0.
 130  0.
 131  0.
 132  0.
 133  0.
 134  0.
 135  0.
 136  0.
 137  0.
 138  0.
 139  0.
 140  0.
 141  0.
 142  0.
 143  0.
 144  0.
 145  0.
 146  0.
 147  0.
 148  0.
 149  0.
 150  0.
 151  0.
 152  0.
 153  0.
 154  0.
 155  0.
 156  0.
 157  0.
 158  0.
 159  0.
 160  0.
 161  0.
 162  0.
 163  0.
 164  0.
 165  0.
 166  0.
 167  0.
 168  0.
 169  0.
 170  0.
 171  0.
 172  0.
 173  0.
 174  0.
 175  0.
 176  0.
 177  0.
 178  0.
 179  0.
 180  0.
 181  0.
 182  0.
 183  0.
 184  0.
 185  0.
 186  0.
 187  0.
 188  0.
 189  0.
 190  0.
 191  0.
 192  0.
 193  0.
 194  0.
 195  0.
 196  0.
 197  0.
 198  0.
 199  0.
 200  0.
 201  0.
 202  0.
 203  0.
 204  0.
 205  0.
 206  0.
 207  0.
 208  0.
 209  0.
 210  0.
 211  0.
 212  0.
 213  0.
 214  0.
 215  0.
 216  0.
 217  0.
 218  0.
 219  0.
 220  0.
 221  0.
 222  0.
 223  0.
 224  0.
 225  0.
 226  0.
 227  0.
 228  0.
 229  0.
 230  0.
 231  0.
 232  0.
 233  0.
 234  0.
 235  0.
 236  0.
 237  0.
 238  0.
 239  0.
 240  0.
 241  0.
 242  0.
 243  0.
 244  0.
 245  0.
 246  0.
 247  0.
 248  0.
 249  0.
 250  0.
 251  0.
 252  0.
 253  0.
 254  0.
 255  0.
 256  0.
 257  0.
 258  0.
 259  0.
 260  0.
 261  0.
 262  0.
 263  0.
 264  0.
 265  0.
 266  0.
 267  0.
 268  0.
 269  0.
 270  0.
 271  0.
 272  0.
 273  0.
 274  0.
 275  0.
 276  0.
 277  0.
 278  0.
 279  0.
 280  0.
 281  0.
 282  0.
 283  0.
 284  0.
 285  0.
 286  0.
 287  0.
 288  0.
 289  0.
 290  0.
 291  0.
 292  0.
 293  0.
 294  0.
 295  0.
 296  0.
 297  0.
 298  0.
 299  0.
 300  0.
 301  0.
 302  0.
 303  0.
 304  0.
 305  0.
 306  0.
 307  0.
 308  0.
 309  0.
 310  0.
 311  0.
 312  0.
 313  0.
 314  0.
 315  0.
 316  0.
 317  0.
 318  0.
 319  0.
 320  0.
 321  0.
 322  0.
 323  0.
 324  0.
 325  0.
 326  0.
 327  0.
 328  0.
 329  0.
 330  0.
 331  0.
 332  0.
 333  0.
 334  0.
 335  0.
 336  0.
 337  0.
 338  0.
 339  0.
 340  0.
 341  0.
 342  0.
 343  0.
 344  0.
 345  0.
 346  0.
 347  0.
 348  0.
 349  0.
 350  0.
 351  0.
 352  0.
 353  0.
 354  0.
 355  0.
 356  0.
 357  0.
 358  0.
 359  0.
 360  0.
 361  0.
 362  0.
 363  0.
 364  0.
 365  0.
 366  0.
 367  0.
 368  0.
 369  0.
 370  0.
 371  0.
 372  0.
 373  0.
 374  0.
 375  0.
 376  0.
 377  0.
 378  0.
 379  0.
 380  0.
 381  0.
 382  0.
 383  0.
 384  0.
 385  0.
 386  0.
 387  0.
 388  0.
 389  0.
 390  0.
 391  0.
 392  0.
 393  0.
 394  0.
 395  0.
 396  0.
 397  0.
 398  0.
 399  0.
 400  0.
 401  0.
 402  0.
 403  0.
 404  0.
 405  0.
 406  0.
 407  0.
 408  0.
 409  0.
 410  0.
 411  0.
 412  0.
 413  0.
 414  0.
 415  0.
 416  0.
 417  0.
 418  0.
 419  0.
 420  0.
 421  0.
 422  0.
 423  0.
 424  0.
 425  0.
 426  0.
 427  0.
 428  0.
 429  0.
 430  0.
 431  0.
 432  0.
 433  0.
 434  0.
 435  0.
 436  0.
 437  0.
 438  0.
 439  0.
 440  0.
 441  0.
 442  0.
 443  0.
 444  0.
 445  0.
 446  0.
 447  0.
 448  0.
 449  0.
 450  0.
 451  0.
 452  0.
 453  0.
 454  0.
 455  0.
 456  0.
 457  0.
 458  0.
 459  0.
 460  0.
 461  0.
 462  0.
 463  0.
 464  0.
 465  0.
 466  0.
 467  0.
 468  0.
 469  0.
 470  0.
 471  0.
 472  0.
 473  0.
 474  0.
 475  0.
 476  0.
 477  0.
 478  0.
 479  0.
 480  0.
 481  0.
 482  0.
 483  0.
 484  0.
 485  0.
 486  0.
 487  0.
 488  0.
 489  0.
 490  0.
 491  0.
 492  0.
 493  0.
 494  0.
 495  0.
 496  0.
 497  0.
 498  0.
 499  0.
 500  0.

 1  0.
 2  0.
 3  0.
 4  0.
 5  0.
 6  0.
 7  0.
 8  0.
 9  0.
 10  0.
 11  0.
 12  0.
 13  0.
 14  0.
 15  0.
 16  0.
 17  0.
 18  0.
 19  0.
 20  0.
 21  0.
 22  0.
 23  0.
 24  0.
 25  0.
 26  0.
 27  0.
 28  0.
 29  0.
 30  0.
 31  0.
 32  0.
 33  0.
 34  0.
 35  0.
 36  0.
 37  0.
 38  0.
 39  0.
 40  0.
 41  0.
 42  0.
 43  0.
 44  0.
 45  0.
 46  0.
 47  0.
 48  0.
 49  0.
 50  0.
 51  0.
 52  0.
 53  0.
 54  0.
 55  0.
 56  0.
 57  0.
 58  0.
 59  0.
 60  0.
 61  0.
 62  0.
 63  0.
 64  0.
 65  0.
 66  0.
 67  0.
 68  0.
 69  0.
 70  0.
 71  0.
 72  0.
 73  0.
 74  0.
 75  0.
 76  0.
 77  0.
 78  0.
 79  0.
 80  0.
 81  0.
 82  0.
 83  0.
 84  0.
 85  0.
 86  0.
 87  0.
 88  0.
 89  0.
 90  0.
 91  0.
 92  0.
 93  0.
 94  0.
 95  0.
 96  0.
 97  0.
 98  0.
 99  0.
 100  0.
 101  0.
 102  0.
 103  0.
 104  0.
 105  0.
 106  0.
 107  0.
 108  0.
 109  0.
 110  0.
 111  0.
 112  0.
 113  0.
 114  0.
 115  0.
 116  0.
 117  0.
 118  0.
 119  0.
 120  0.
 121  0.
 122  0.
 123  0.
 124  0.
 125  0.
 126  0.
 127  0.
 128  0.
 129  0.
 130  0.
 131  0.
 132  0.
 133  0.
 134  0.
 135  0.
 136  0.
 137  0.
 138  0.
 139  0.
 140  0.
 141  0.
 142  0.
 143  0.
 144  0.
 145  0.
 146  0.
 147  0.
 148  0.
 149  0.
 150  0.
 151  0.
 152  0.
 153  0.
 154  0.
 155  0.
 156  0.
 157  0.
 158  0.
 159  0.
 160  0.
 161  0.
 162  0.
 163  0.
 164  0.
 165  0.
 166  0.
 167  0.
 168  0.
 169  0.
 170  0.
 171  0.
 172  0.
 173  0.
 174  0.
 175  0.
 176  0.
 177  0.
 178  0.
 179  0.
 180  0.
 181  0.
 182  0.
 183  0.
 184  0.
 185  0.
 186  0.
 187  0.
 188  0.
 189  0.
 190  0.
 191  0.
 192  0.
 193  0.
 194  0.
 195  0.
 196  0.
 197  0.
 198  0.
 199  0.
 200  0.
 201  0.
 202  0.
 203  0.
 204  0.
 205  0.
 206  0.
 207  0.
 208  0.
 209  0.
 210  0.
 211  0.
 212  0.
 213  0.
 214  0.
 215  0.
 216  0.
 217  0.
 218  0.
 219  0.
 220  0.
 221  0.
 222  0.
 223  0.
 224  0.
 225  0.
 226  0.
 227  0.
 228  0.
 229  0.
 230  0.
 231  0.
 232  0.
 233  0.
 234  0.
 235  0.
 236  0.
 237  0.
 238  0.
 239  0.
 240  0.
 241  0.
 242  0.
 243  0.
 244  0.
 245  0.
 246  0.
 247  0.
 248  0.
 249  0.
 250  0.
 251  0.
 252  0.
 253  0.
 254  0.
 255  0.
 256  0.
 257  0.
 258  0.
 259  0.
 260  0.
 261  0.
 262  0.
 263  0.
 264  0.
 265  0.
 266  0.
 267  0.
 268  0.
 269  0.
 270  0.
 271  0.
 272  0.
 273  0.
 274  0.
 275  0.
 276  0.
 277  0.
 278  0.
 279  0.
 280  0.
 281  0.
 282  0.
 283  0.
 284  0.
 285  0.
 286  0.
 287  0.
 288  0.
 289  0.
 290  0.
 291  0.
 292  0.
 293  0.
 294  0.
 295  0.
 296  0.
 297  0.
 298  0.
 299  0.
 300  0.
 301  0.
 302  0.
 303  0.
 304  0.
 305  0.
 306  0.
 307  0.
 308  0.
 309  0.
 310  0.
 311  0.
 312  0.
 313  0.
 314  0.
 315  0.
 316  0.
 317  0.
 318  0.
 319  0.
 320  0.
 321  0.
 322  0.
 323  0.
 324  0.
 325  0.
 326  0.
 327  0.
 328  0.
 329  0.
 330  0.
 331  0.
 332  0.
 333  0.
 334  0.
 335  0.
 336  0.
 337  0.
 338  0.
 339  0.
 340  0.
 341  0.
 342  0.
 343  0.
 344  0.
 345  0.
 346  0.
 347  0.
 348  0.
 349  0.
 350  0.
 351  0.
 352  0.
 353  0.
 354  0.
 355  0.
 356  0.
 357  0.
 358  0.
 359  0.
 360  0.
 361  0.
 362  0.
 363  0.
 364  0.
 365  0.
 366  0.
 367  0.
 368  0.
 369  0.
 370  0.
 371  0.
 372  0.
 373  0.
 374  0.
 375  0.
 376  0.
 377  0.
 378  0.
 379  0.
 380  0.
 381  0.
 382  0.
 383  0.
 384  0.
 385  0.
 386  0.
 387  0.
 388  0.
 389  0.
 390  0.
 391  0.
 392  0.
 393  0.
 394  0.
 395  0.
 396  0.
 397  0.
 398  0.
 399  0.
 400  0.
 401  0.
 402  0.
 403  0.
 404  0.
 405  0.
 406  0.
 407  0.
 408  0.
 409  0.
 410  0.
 411  0.
 412  0.
 413  0.
 414  0.
 415  0.
 416  0.
 417  0.
 418  0.
 419  0.
 420  0.
 421  0.
 422  0.
 423  0.
 424  0.
 425  0.
 426  0.
 427  0.
 428  0.
 429  0.
 430  0.
 431  0.
 432  0.
 433  0.
 434  0.
 435  0.
 436  0.
 437  0.
 438  0.
 439  0.
 440  0.
 441  0.
 442  0.
 443  0.
 444  0.
 445  0.
 446  0.
 447  0.
 448  0.
 449  0.
 450  0.
 451  0.
 452  0.
 453  0.
 454  0.
 455  0.
 456  0.
 457  0.
 458  0.
 459  0.
 460  0.
 461  0.
 462  0.
 463  0.
 464  0.
 465  0.
 466  0.
 467  0.
 468  0.
 469  0.
 470  0.
 471  0.
 472  0.
 473  0.
 474  0.
 475  0.
 476  0.
 477  0.
 478  0.
 479  0.
 480  0.
 481  0.
 482  0.
 483  0.
 484  0.
 485  0.
 486  0.
 487  0.
 488  0.
 489  0.
 490  0.
 491  0.
 492  0.
 493  0.
 494  0.
 495  0.
 496  0.
 497  0.
 498  0.
 499  0.
 500  0.

 1  0.
 2  0.
 3  0.
 4  0.
 5  0.
 6  0.
 7  0.
 8  0.
 9  0.
 10  0.
 11  0.
 12  0.
 13  0.
 14  0.
 15  0.
 16  0.
 17  0.
 18  0.
 19  0.
 20  0.
 21  0.
 22  0.
 23  0.
 24  0.
 25  0.
 26  0.
 27  0.
 28  0.
 29  0.
 30  0.
 31  0.
 32  0.
 33  0.
 34  0.
 35  0.
 36  0.
 37  0.
 38  0.
 39  0.
 40  0.
 41  0.
 42  0.
 43  0.
 44  0.
 45  0.
 46  0.
 47  0.
 48  0.
 49  0.
 50  0.
 51  0.
 52  0.
 53  0.
 54  0.
 55  0.
 56  0.
 57  0.
 58  0.
 59  0.
 60  0.
 61  0.
 62  0.
 63  0.
 64  0.
 65  0.
 66  0.
 67  0.
 68  0.
 69  0.
 70  0.
 71  0.
 72  0.
 73  0.
 74  0.
 75  0.
 76  0.
 77  0.
 78  0.
 79  0.
 80  0.
 81  0.
 82  0.
 83  0.
 84  0.
 85  0.
 86  0.
 87  0.
 88  0.
 89  0.
 90  0.
 91  0.
 92  0.
 93  0.
 94  0.
 95  0.
 96  0.
 97  0.
 98  0.
 99  0.
 100  0.
 101  0.
 102  0.
 103  0.
 104  0.
 105  0.
 106  0.
 107  0.
 108  0.
 109  0.
 110  0.
 111  0.
 112  0.
 113  0.
 114  0.
 115  0.
 116  0.
 117  0.
 118  0.
 119  0.
 120  0.
 121  0.
 122  0.
 123  0.
 124  0.
 125  0.
 126  0.
 127  0.
 128  0.
 129  0.
 130  0.
 131  0.
 132  0.
 133  0.
 134  0.
 135  0.
 136  0.
 137  0.
 138  0.
 139  0.
 140  0.
 141  0.
 142  0.
 143  0.
 144  0.
 145  0.
 146  0.
 147  0.
 148  0.
 149  0.
 150  0.
 151  0.
 152  0.
 153  0.
 154  0.
 155  0.
 156  0.
 157  0.
 158  0.
 159  0.
 160  0.
 161  0.
 162  0.
 163  0.
 164  0.
 165  0.
 166  0.
 167  0.
 168  0.
 169  0.
 170  0.
 171  0.
 172  0.
 173  0.
 174  0.
 175  0.
 176  0.
 177  0.
 178  0.
 179  0.
 180  0.
 181  0.
 182  0.
 183  0.
 184  0.
 185  0.
 186  0.
 187  0.
 188  0.
 189  0.
 190  0.
 191  0.
 192  0.
 193  0.
 194  0.
 195  0.
 196  0.
 197  0.
 198  0.
 199  0.
 200  0.
 201  0.
 202  0.
 203  0.
 204  0.
 205  0.
 206  0.
 207  0.
 208  0.
 209  0.
 210  0.
 211  0.
 212  0.
 213  0.
 214  0.
 215  0.
 216  0.
 217  0.
 218  0.
 219  0.
 220  0.
 221  0.
 222  0.
 223  0.
 224  0.
 225  0.
 226  0.
 227  0.
 228  0.
 229  0.
 230  0.
 231  0.
 232  0.
 233  0.
 234  0.
 235  0.
 236  0.
 237  0.
 238  0.
 239  0.
 240  0.
 241  0.
 242  0.
 243  0.
 244  0.
 245  0.
 246  0.
 247  0.
 248  0.
 249  0.
 250  0.
 251  0.
 252  0.
 253  0.
 254  0.
 255  0.
 256  0.
 257  0.
 258  0.
 259  0.
 260  0.
 261  0.
 262  0.
 263  0.
 264  0.
 265  0.
 266  0.
 267  0.
 268  0.
 269  0.
 270  0.
 271  0.
 272  0.
 273  0.
 274  0.
 275  0.
 276  0.
 277  0.
 278  0.
 279  0.
 280  0.
 281  0.
 282  0.
 283  0.
 284  0.
 285  0.
 286  0.
 287  0.
 288  0.
 289  0.
 290  0.
 291  0.
 292  0.
 293  0.
 294  0.
 295  0.
 296  0.
 297  0.
 298  0.
 299  0.
 300  0.
 301  0.
 302  0.
 303  0.
 304  0.
 305  0.
 306  0.
 307  0.
 308  0.
 309  0.
 310  0.
 311  0.
 312  0.
 313  0.
 314  0.
 315  0.
 316  0.
 317  0.
 318  0.
 319  0.
 320  0.
 321  0.
 322  0.
 323  0.
 324  0.
 325  0.
 326  0.
 327  0.
 328  0.
 329  0.
 330  0.
 331  0.
 332  0.
 333  0.
 334  0.
 335  0.
 336  0.
 337  0.
 338  0.
 339  0.
 340  0.
 341  0.
 342  0.
 343  0.
 344  0.
 345  0.
 346  0.
 347  0.
 348  0.
 349  0.
 350  0.
 351  0.
 352  0.
 353  0.
 354  0.
 355  0.
 356  0.
 357  0.
 358  0.
 359  0.
 360  0.
 361  0.
 362  0.
 363  0.
 364  0.
 365  0.
 366  0.
 367  0.
 368  0.
 369  0.
 370  0.
 371  0.
 372  0.
 373  0.
 374  0.
 375  0.
 376  0.
 377  0.
 378  0.
 379  0.
 380  0.
 381  0.
 382  0.
 383  0.
 384  0.
 385  0.
 386  0.
 387  0.
 388  0.
 389  0.
 390  0.
 391  0.
 392  0.
 393  0.
 394  0.
 395  0.
 396  0.
 397  0.
 398  0.
 399  0.
 400  0.
 401  0.
 402  0.
 403  0.
 404  0.
 405  0.
 406  0.
 407  0.
 408  0.
 409  0.
 410  0.
 411  0.
 412  0.
 413  0.
 414  0.
 415  0.
 416  0.
 417  0.
 418  0.
 419  0.
 420  0.
 421  0.
 422  0.
 423  0.
 424  0.
 425  0.
 426  0.
 427  0.
 428  0.
 429  0.
 430  0.
 431  0.
 432  0.
 433  0.
 434  0.
 435  0.
 436  0.
 437  0.
 438  0.
 439  0.
 440  0.
 441  0.
 442  0.
 443  0.
 444  0.
 445  0.
 446  0.
 447  0.
 448  0.
 449  0.
 450  0.
 451  0.
 452  0.
 453  0.
 454  0.
 455  0.
 456  0.
 457  0.
 458  0.
 459  0.
 460  0.
 461  0.
 462  0.
 463  0.
 464  0.
 465  0.
 466  0.
 467  0.
 468  0.
 469  0.
 470  0.
 471  0.
 472  0.
 473  0.
 474  0.
 475  0.
 476  0.
 477  0.
 478  0.
 479  0.
 480  0.
 481  0.
 482  0.
 483  0.
 484  0.
 485  0.
 486  0.
 487  0.
 488  0.
 489  0.
 490  0.
 491  0.
 492  0.
 493  0.
 494  0.
 495  0.
 496  0.
 497  0.
 498  0.
 499  0.
 500  0.

 1  0.
 2  0.
 3  0.
 4  0.
 5  0.
 6  0.
 7  0.
 8  0.
 9  0.
 10  0.
 11  0.
 12  0.
 13  0.
 14  0.
 15  0.
 16  0.
 17  0.
 18  0.
 19  0.
 20  0.
 21  0.
 22  0.
 23  0.
 24  0.
 25  0.
 26  0.
 27  0.
 28  0.
 29  0.
 30  0.
 31  0.
 32  0.
 33  0.
 34  0.
 35  0.
 36  0.
 37  0.
 38  0.
 39  0.
 40  0.
 41  0.
 42  0.
 43  0.
 44  0.
 45  0.
 46  0.
 47  0.
 48  0.
 49  0.
 50  0.
 51  0.
 52  0.
 53  0.
 54  0.
 55  0.
 56  0.
 57  0.
 58  0.
 59  0.
 60  0.
 61  0.
 62  0.
 63  0.
 64  0.
 65  0.
 66  0.
 67  0.
 68  0.
 69  0.
 70  0.
 71  0.
 72  0.
 73  0.
 74  0.
 75  0.
 76  0.
 77  0.
 78  0.
 79  0.
 80  0.
 81  0.
 82  0.
 83  0.
 84  0.
 85  0.
 86  0.
 87  0.
 88  0.
 89  0.
 90  0.
 91  0.
 92  0.
 93  0.
 94  0.
 95  0.
 96  0.
 97  0.
 98  0.
 99  0.
 100  0.
 101  0.
 102  0.
 103  0.
 104  0.
 105  0.
 106  0.
 107  0.
 108  0.
 109  0.
 110  0.
 111  0.
 112  0.
 113  0.
 114  0.
 115  0.
 116  0.
 117  0.
 118  0.
 119  0.
 120  0.
 121  0.
 122  0.
 123  0.
 124  0.
 125  0.
 126  0.
 127  0.
 128  0.
 129  0.
 130  0.
 131  0.
 132  0.
 133  0.
 134  0.
 135  0.
 136  0.
 137  0.
 138  0.
 139  0.
 140  0.
 141  0.
 142  0.
 143  0.
 144  0.
 145  0.
 146  0.
 147  0.
 148  0.
 149  0.
 150  0.
 151  0.
 152  0.
 153  0.
 154  0.
 155  0.
 156  0.
 157  0.
 158  0.
 159  0.
 160  0.
 161  0.
 162  0.
 163  0.
 164  0.
 165  0.
 166  0.
 167  0.
 168  0.
 169  0.
 170  0.
 171  0.
 172  0.
 173  0.
 174  0.
 175  0.
 176  0.
 177  0.
 178  0.
 179  0.
 180  0.
 181  0.
 182  0.
 183  0.
 184  0.
 185  0.
 186  0.
 187  0.
 188  0.
 189  0.
 190  0.
 191  0.
 192  0.
 193  0.
 194  0.
 195  0.
 196  0.
 197  0.
 198  0.
 199  0.
 200  0.
 201  0.
 202  0.
 203  0.
 204  0.
 205  0.
 206  0.
 207  0.
 208  0.
 209  0.
 210  0.
 211  0.
 212  0.
 213  0.
 214  0.
 215  0.
 216  0.
 217  0.
 218  0.
 219  0.
 220  0.
 221  0.
 222  0.
 223  0.
 224  0.
 225  0.
 226  0.
 227  0.
 228  0.
 229  0.
 230  0.
 231  0.
 232  0.
 233  0.
 234  0.
 235  0.
 236  0.
 237  0.
 238  0.
 239  0.
 240  0.
 241  0.
 242  0.
 243  0.
 244  0.
 245  0.
 246  0.
 247  0.
 248  0.
 249  0.
 250  0.
 251  0.
 252  0.
 253  0.
 254  0.
 255  0.
 256  0.
 257  0.
 258  0.
 259  0.
 260  0.
 261  0.
 262  0.
 263  0.
 264  0.
 265  0.
 266  0.
 267  0.
 268  0.
 269  0.
 270  0.
 271  0.
 272  0.
 273  0.
 274  0.
 275  0.
 276  0.
 277  0.
 278  0.
 279  0.
 280  0.
 281  0.
 282  0.
 283  0.
 284  0.
 285  0.
 286  0.
 287  0.
 288  0.
 289  0.
 290  0.
 291  0.
 292  0.
 293  0.
 294  0.
 295  0.
 296  0.
 297  0.
 298  0.
 299  0.
 300  0.
 301  0.
 302  0.
 303  0.
 304  0.
 305  0.
 306  0.
 307  0.
 308  0.
 309  0.
 310  0.
 311  0.
 312  0.
 313  0.
 314  0.
 315  0.
 316  0.
 317  0.
 318  0.
 319  0.
 320  0.
 321  0.
 322  0.
 323  0.
 324  0.
 325  0.
 326  0.
 327  0.
 328  0.
 329  0.
 330  0.
 331  0.
 332  0.
 333  0.
 334  0.
 335  0.
 336  0.
 337  0.
 338  0.
 339  0.
 340  0.
 341  0.
 342  0.
 343  0.
 344  0.
 345  0.
 346  0.
 347  0.
 348  0.
 349  0.
 350  0.
 351  0.
 352  0.
 353  0.
 354  0.
 355  0.
 356  0.
 357  0.
 358  0.
 359  0.
 360  0.
 361  0.
 362  0.
 363  0.
 364  0.
 365  0.
 366  0.
 367  0.
 368  0.
 369  0.
 370  0.
 371  0.
 372  0.
 373  0.
 374  0.
 375  0.
 376  0.
 377  0.
 378  0.
 379  0.
 380  0.
 381  0.
 382  0.
 383  0.
 384  0.
 385  0.
 386  0.
 387  0.
 388  0.
 389  0.
 390  0.
 391  0.
 392  0.
 393  0.
 394  0.
 395  0.
 396  0.
 397  0.
 398  0.
 399  0.
 400  0.
 401  0.
 402  0.
 403  0.
 404  0.
 405  0.
 406  0.
 407  0.
 408  0.
 409  0.
 410  0.
 411  0.
 412  0.
 413  0.
 414  0.
 415  0.
 416  0.
 417  0.
 418  0.
 419  0.
 420  0.
 421  0.
 422  0.
 423  0.
 424  0.
 425  0.
 426  0.
 427  0.
 428  0.
 429  0.
 430  0.
 431  0.
 432  0.
 433  0.
 434  0.
 435  0.
 436  0.
 437  0.
 438  0.
 439  0.
 440  0.
 441  0.
 442  0.
 443  0.
 444  0.
 445  0.
 446  0.
 447  0.
 448  0.
 449  0.
 450  0.
 451  0.
 452  0.
 453  0.
 454  0.
 455  0.
 456  0.
 457  0.
 458  0.
 459  0.
 460  0.
 461  0.
 462  0.
 463  0.
 464  0.
 465  0.
 466  0.
 467  0.
 468  0.
 469  0.
 470  0.
 471  0.
 472  0.
 473  0.
 474  0.
 475  0.
 476  0.
 477  0.
 478  0.
 479  0.
 480  0.
 481  0.
 482  0.
 483  0.
 484  0.
 485  0.
 486  0.
 487  0.
 488  0.
 489  0.
 490  0.
 491  0.
 492  0.
 493  0.
 494  0.
 495  0.
 496  0.
 497  0.
 498  0.
 499  0.
 500  0.

 1  0.
 2  0.
 3  0.
 4  0.
 5  0.
 6  0.
 7  0.
 8  0.
 9  0.
 10  0.
 11  0.
 12  0.
 13  0.
 14  0.
 15  0.
 16  0.
 17  0.
 18  0.
 19  0.
 20  0.
 21  0.
 22  0.
 23  0.
 24  0.
 25  0.
 26  0.
 27  0.
 28  0.
 29  0.
 30  0.
 31  0.
 32  0.
 33  0.
 34  0.
 35  0.
 36  0.
 37  0.
 38  0.
 39  0.
 40  0.
 41  0.
 42  0.
 43  0.
 44  0.
 45  0.
 46  0.
 47  0.
 48  0.
 49  0.
 50  0.
 51  0.
 52  0.
 53  0.
 54  0.
 55  0.
 56  0.
 57  0.
 58  0.
 59  0.
 60  0.
 61  0.
 62  0.
 63  0.
 64  0.
 65  0.
 66  0.
 67  0.
 68  0.
 69  0.
 70  0.
 71  0.
 72  0.
 73  0.
 74  0.
 75  0.
 76  0.
 77  0.
 78  0.
 79  0.
 80  0.
 81  0.
 82  0.
 83  0.
 84  0.
 85  0.
 86  0.
 87  0.
 88  0.
 89  0.
 90  0.
 91  0.
 92  0.
 93  0.
 94  0.
 95  0.
 96  0.
 97  0.
 98  0.
 99  0.
 100  0.
 101  0.
 102  0.
 103  0.
 104  0.
 105  0.
 106  0.
 107  0.
 108  0.
 109  0.
 110  0.
 111  0.
 112  0.
 113  0.
 114  0.
 115  0.
 116  0.
 117  0.
 118  0.
 119  0.
 120  0.
 121  0.
 122  0.
 123  0.
 124  0.
 125  0.
 126  0.
 127  0.
 128  0.
 129  0.
 130  0.
 131  0.
 132  0.
 133  0.
 134  0.
 135  0.
 136  0.
 137  0.
 138  0.
 139  0.
 140  0.
 141  0.
 142  0.
 143  0.
 144  0.
 145  0.
 146  0.
 147  0.
 148  0.
 149  0.
 150  0.
 151  0.
 152  0.
 153  0.
 154  0.
 155  0.
 156  0.
 157  0.
 158  0.
 159  0.
 160  0.
 161  0.
 162  0.
 163  0.
 164  0.
 165  0.
 166  0.
 167  0.
 168  0.
 169  0.
 170  0.
 171  0.
 172  0.
 173  0.
 174  0.
 175  0.
 176  0.
 177  0.
 178  0.
 179  0.
 180  0.
 181  0.
 182  0.
 183  0.
 184  0.
 185  0.
 186  0.
 187  0.
 188  0.
 189  0.
 190  0.
 191  0.
 192  0.
 193  0.
 194  0.
 195  0.
 196  0.
 197  0.
 198  0.
 199  0.
 200  0.
 201  0.
 202  0.
 203  0.
 204  0.
 205  0.
 206  0.
 207  0.
 208  0.
 209  0.
 210  0.
 211  0.
 212  0.
 213  0.
 214  0.
 215  0.
 216  0.
 217  0.
 218  0.
 219  0.
 220  0.
 221  0.
 222  0.
 223  0.
 224  0.
 225  0.
 226  0.
 227  0.
 228  0.
 229  0.
 230  0.
 231  0.
 232  0.
 233  0.
 234  0.
 235  0.
 236  0.
 237  0.
 238  0.
 239  0.
 240  0.
 241  0.
 242  0.
 243  0.
 244  0.
 245  0.
 246  0.
 247  0.
 248  0.
 249  0.
 250  0.
 251  0.
 252  0.
 253  0.
 254  0.
 255  0.
 256  0.
 257  0.
 258  0.
 259  0.
 260  0.
 261  0.
 262  0.
 263  0.
 264  0.
 265  0.
 266  0.
 267  0.
 268  0.
 269  0.
 270  0.
 271  0.
 272  0.
 273  0.
 274  0.
 275  0.
 276  0.
 277  0.
 278  0.
 279  0.
 280  0.
 281  0.
 282  0.
 283  0.
 284  0.
 285  0.
 286  0.
 287  0.
 288  0.
 289  0.
 290  0.
 291  0.
 292  0.
 293  0.
 294  0.
 295  0.
 296  0.
 297  0.
 298  0.
 299  0.
 300  0.
 301  0.
 302  0.
 303  0.
 304  0.
 305  0.
 306  0.
 307  0.
 308  0.
 309  0.
 310  0.
 311  0.
 312  0.
 313  0.
 314  0.
 315  0.
 316  0.
 317  0.
 318  0.
 319  0.
 320  0.
 321  0.
 322  0.
 323  0.
 324  0.
 325  0.
 326  0.
 327  0.
 328  0.
 329  0.
 330  0.
 331  0.
 332  0.
 333  0.
 334  0.
 335  0.
 336  0.
 337  0.
 338  0.
 339  0.
 340  0.
 341  0.
 342  0.
 343  0.
 344  0.
 345  0.
 346  0.
 347  0.
 348  0.
 349  0.
 350  0.
 351  0.
 352  0.
 353  0.
 354  0.
 355  0.
 356  0.
 357  0.
 358  0.
 359  0.
 360  0.
 361  0.
 362  0.
 363  0.
 364  0.
 365  0.
 366  0.
 367  0.
 368  0.
 369  0.
 370  0.
 371  0.
 372  0.
 373  0.
 374  0.
 375  0.
 376  0.
 377  0.
 378  0.
 379  0.
 380  0.
 381  0.
 382  0.
 383  0.
 384  0.
 385  0.
 386  0.
 387  0.
 388  0.
 389  0.
 390  0.
 391  0.
 392  0.
 393  0.
 394  0.
 395  0.
 396  0.
 397  0.
 398  0.
 399  0.
 400  0.
 401  0.
 402  0.
 403  0.
 404  0.
 405  0.
 406  0.
 407  0.
 408  0.
 409  0.
 410  0.
 411  0.
 412  0.
 413  0.
 414  0.
 415  0.
 416  0.
 417  0.
 418  0.
 419  0.
 420  0.
 421  0.
 422  0.
 423  0.
 424  0.
 425  0.
 426  0.
 427  0.
 428  0.
 429  0.
 430  0.
 431  0.
 432  0.
 433  0.
 434  0.
 435  0.
 436  0.
 437  0.
 438  0.
 439  0.
 440  0.
 441  0.
 442  0.
 443  0.
 444  0.
 445  0.
 446  0.
 447  0.
 448  0.
 449  0.
 450  0.
 451  0.
 452  0.
 453  0.
 454  0.
 455  0.
 456  0.
 457  0.
 458  0.
 459  0.
 460  0.
 461  0.
 462  0.
 463  0.
 464  0.
 465  0.
 466  0.
 467  0.
 468  0.
 469  0.
 470  0.
 471  0.
 472  0.
 473  0.
 474  0.
 475  0.
 476  0.
 477  0.
 478  0.
 479  0.
 480  0.
 481  0.
 482  0.
 483  0.
 484  0.
 485  0.
 486  0.
 487  0.
 488  0.
 489  0.
 490  0.
 491  0.
 492  0.
 493  0.
 494  0.
 495  0.
 496  0.
 497  0.
 498  0.
 499  0.
 500  0.

 1  0.
 2  0.
 3  0.
 4  0.
 5  0.
 6  0.
 7  0.
 8  0.
 9  0.
 10  0.
 11  0.
 12  0.
 13  0.
 14  0.
 15  0.
 16  0.
 17  0.
 18  0.
 19  0.
 20  0.
 21  0.
 22  0.
 23  0.
 24  0.
 25  0.
 26  0.
 27  0.
 28  0.
 29  0.
 30  0.
 31  0.
 32  0.
 33  0.
 34  0.
 35  0.
 36  0.
 37  0.
 38  0.
 39  0.
 40  0.
 41  0.
 42  0.
 43  0.
 44  0.
 45  0.
 46  0.
 47  0.
 48  0.
 49  0.
 50  0.
 51  0.
 52  0.
 53  0.
 54  0.
 55  0.
 56  0.
 57  0.
 58  0.
 59  0.
 60  0.
 61  0.
 62  0.
 63  0.
 64  0.
 65  0.
 66  0.
 67  0.
 68  0.
 69  0.
 70  0.
 71  0.
 72  0.
 73  0.
 74  0.
 75  0.
 76  0.
 77  0.
 78  0.
 79  0.
 80  0.
 81  0.
 82  0.
 83  0.
 84  0.
 85  0.
 86  0.
 87  0.
 88  0.
 89  0.
 90  0.
 91  0.
 92  0.
 93  0.
 94  0.
 95  0.
 96  0.
 97  0.
 98  0.
 99  0.
 100  0.
 101  0.
 102  0.
 103  0.
 104  0.
 105  0.
 106  0.
 107  0.
 108  0.
 109  0.
 110  0.
 111  0.
 112  0.
 113  0.
 114  0.
 115  0.
 116  0.
 117  0.
 118  0.
 119  0.
 120  0.
 121  0.
 122  0.
 123  0.
 124  0.
 125  0.
 126  0.
 127  0.
 128  0.
 129  0.
 130  0.
 131  0.
 132  0.
 133  0.
 134  0.
 135  0.
 136  0.
 137  0.
 138  0.
 139  0.
 140  0.
 141  0.
 142  0.
 143  0.
 144  0.
 145  0.
 146  0.
 147  0.
 148  0.
 149  0.
 150  0.
 151  0.
 152  0.
 153  0.
 154  0.
 155  0.
 156  0.
 157  0.
 158  0.
 159  0.
 160  0.
 161  0.
 162  0.
 163  0.
 164  0.
 165  0.
 166  0.
 167  0.
 168  0.
 169  0.
 170  0.
 171  0.
 172  0.
 173  0.
 174  0.
 175  0.
 176  0.
 177  0.
 178  0.
 179  0.
 180  0.
 181  0.
 182  0.
 183  0.
 184  0.
 185  0.
 186  0.
 187  0.
 188  0.
 189  0.
 190  0.
 191  0.
 192  0.
 193  0.
 194  0.
 195  0.
 196  0.
 197  0.
 198  0.
 199  0.
 200  0.
 201  0.
 202  0.
 203  0.
 204  0.
 205  0.
 206  0.
 207  0.
 208  0.
 209  0.
 210  0.
 211  0.
 212  0.
 213  0.
 214  0.
 215  0.
 216  0.
 217  0.
 218  0.
 219  0.
 220  0.
 221  0.
 222  0.
 223  0.
 224  0.
 225  0.
 226  0.
 227  0.
 228  0.
 229  0.
 230  0.
 231  0.
 232  0.
 233  0.
 234  0.
 235  0.
 236  0.
 237  0.
 238  0.
 239  0.
 240  0.
 241  0.
 242  0.
 243  0.
 244  0.
 245  0.
 246  0.
 247  0.
 248  0.
 249  0.
 250  0.
 251  0.
 252  0.
 253  0.
 254  0.
 255  0.
 256  0.
 257  0.
 258  0.
 259  0.
 260  0.
 261  0.
 262  0.
 263  0.
 264  0.
 265  0.
 266  0.
 267  0.
 268  0.
 269  0.
 270  0.
 271  0.
 272  0.
 273  0.
 274  0.
 275  0.
 276  0.
 277  0.
 278  0.
 279  0.
 280  0.
 281  0.
 282  0.
 283  0.
 284  0.
 285  0.
 286  0.
 287  0.
 288  0.
 289  0.
 290  0.
 291  0.
 292  0.
 293  0.
 294  0.
 295  0.
 296  0.
 297  0.
 298  0.
 299  0.
 300  0.
 301  0.
 302  0.
 303  0.
 304  0.
 305  0.
 306  0.
 307  0.
 308  0.
 309  0.
 310  0.
 311  0.
 312  0.
 313  0.
 314  0.
 315  0.
 316  0.
 317  0.
 318  0.
 319  0.
 320  0.
 321  0.
 322  0.
 323  0.
 324  0.
 325  0.
 326  0.
 327  0.
 328  0.
 329  0.
 330  0.
 331  0.
 332  0.
 333  0.
 334  0.
 335  0.
 336  0.
 337  0.
 338  0.
 339  0.
 340  0.
 341  0.
 342  0.
 343  0.
 344  0.
 345  0.
 346  0.
 347  0.
 348  0.
 349  0.
 350  0.
 351  0.
 352  0.
 353  0.
 354  0.
 355  0.
 356  0.
 357  0.
 358  0.
 359  0.
 360  0.
 361  0.
 362  0.
 363  0.
 364  0.
 365  0.
 366  0.
 367  0.
 368  0.
 369  0.
 370  0.
 371  0.
 372  0.
 373  0.
 374  0.
 375  0.
 376  0.
 377  0.
 378  0.
 379  0.
 380  0.
 381  0.
 382  0.
 383  0.
 384  0.
 385  0.
 386  0.
 387  0.
 388  0.
 389  0.
 390  0.
 391  0.
 392  0.
 393  0.
 394  0.
 395  0.
 396  0.
 397  0.
 398  0.
 399  0.
 400  0.
 401  0.
 402  0.
 403  0.
 404  0.
 405  0.
 406  0.
 407  0.
 408  0.
 409  0.
 410  0.
 411  0.
 412  0.
 413  0.
 414  0.
 415  0.
 416  0.
 417  0.
 418  0.
 419  0.
 420  0.
 421  0.
 422  0.
 423  0.
 424  0.
 425  0.
 426  0.
 427  0.
 428  0.
 429  0.
 430  0.
 431  0.
 432  0.
 433  0.
 434  0.
 435  0.
 436  0.
 437  0.
 438  0.
 439  0.
 440  0.
 441  0.
 442  0.
 443  0.
 444  0.
 445  0.
 446  0.
 447  0.
 448  0.
 449  0.
 450  0.
 451  0.
 452  0.
 453  0.
 454  0.
 455  0.
 456  0.
 457  0.
 458  0.
 459  0.
 460  0.
 461  0.
 462  0.
 463  0.
 464  0.
 465  0.
 466  0.
 467  0.
 468  0.
 469  0.
 470  0.
 471  0.
 472  0.
 473  0.
 474  0.
 475  0.
 476  0.
 477  0.
 478  0.
 479  0.
 480  0.
 481  0.
 482  0.
 483  0.
 484  0.
 485  0.
 486  0.
 487  0.
 488  0.
 489  0.
 490  0.
 491  0.
 492  0.
 493  0.
 494  0.
 495  0.
 496  0.
 497  0.
 498  0.
 499  0.
 500  0.

 1  0.
 2  0.
 3  0.
 4  0.
 5  0.
 6  0.
 7  0.
 8  0.
 9  0.
 10  0.
 11  0.
 12  0.
 13  0.
 14  0.
 15  0.
 16  0.
 17  0.
 18  0.
 19  0.
 20  0.
 21  0.
 22  0.
 23  0.
 24  0.
 25  0.
 26  0.
 27  0.
 28  0.
 29  0.
 30  0.
 31  0.
 32  0.
 33  0.
 34  0.
 35  0.
 36  0.
 37  0.
 38  0.
 39  0.
 40  0.
 41  0.
 42  0.
 43  0.
 44  0.
 45  0.
 46  0.
 47  0.
 48  0.
 49  0.
 50  0.
 51  0.
 52  0.
 53  0.
 54  0.
 55  0.
 56  0.
 57  0.
 58  0.
 59  0.
 60  0.
 61  0.
 62  0.
 63  0.
 64  0.
 65  0.
 66  0.
 67  0.
 68  0.
 69  0.
 70  0.
 71  0.
 72  0.
 73  0.
 74  0.
 75  0.
 76  0.
 77  0.
 78  0.
 79  0.
 80  0.
 81  0.
 82  0.
 83  0.
 84  0.
 85  0.
 86  0.
 87  0.
 88  0.
 89  0.
 90  0.
 91  0.
 92  0.
 93  0.
 94  0.
 95  0.
 96  0.
 97  0.
 98  0.
 99  0.
 100  0.
 101  0.
 102  0.
 103  0.
 104  0.
 105  0.
 106  0.
 107  0.
 108  0.
 109  0.
 110  0.
 111  0.
 112  0.
 113  0.
 114  0.
 115  0.
 116  0.
 117  0.
 118  0.
 119  0.
 120  0.
 121  0.
 122  0.
 123  0.
 124  0.
 125  0.
 126  0.
 127  0.
 128  0.
 129  0.
 130  0.
 131  0.
 132  0.
 133  0.
 134  0.
 135  0.
 136  0.
 137  0.
 138  0.
 139  0.
 140  0.
 141  0.
 142  0.
 143  0.
 144  0.
 145  0.
 146  0.
 147  0.
 148  0.
 149  0.
 150  0.
 151  0.
 152  0.
 153  0.
 154  0.
 155  0.
 156  0.
 157  0.
 158  0.
 159  0.
 160  0.
 161  0.
 162  0.
 163  0.
 164  0.
 165  0.
 166  0.
 167  0.
 168  0.
 169  0.
 170  0.
 171  0.
 172  0.
 173  0.
 174  0.
 175  0.
 176  0.
 177  0.
 178  0.
 179  0.
 180  0.
 181  0.
 182  0.
 183  0.
 184  0.
 185  0.
 186  0.
 187  0.
 188  0.
 189  0.
 190  0.
 191  0.
 192  0.
 193  0.
 194  0.
 195  0.
 196  0.
 197  0.
 198  0.
 199  0.
 200  0.
 201  0.
 202  0.
 203  0.
 204  0.
 205  0.
 206  0.
 207  0.
 208  0.
 209  0.
 210  0.
 211  0.
 212  0.
 213  0.
 214  0.
 215  0.
 216  0.
 217  0.
 218  0.
 219  0.
 220  0.
 221  0.
 222  0.
 223  0.
 224  0.
 225  0.
 226  0.
 227  0.
 228  0.
 229  0.
 230  0.
 231  0.
 232  0.
 233  0.
 234  0.
 235  0.
 236  0.
 237  0.
 238  0.
 239  0.
 240  0.
 241  0.
 242  0.
 243  0.
 244  0.
 245  0.
 246  0.
 247  0.
 248  0.
 249  0.
 250  0.
 251  0.
 252  0.
 253  0.
 254  0.
 255  0.
 256  0.
 257  0.
 258  0.
 259  0.
 260  0.
 261  0.
 262  0.
 263  0.
 264  0.
 265  0.
 266  0.
 267  0.
 268  0.
 269  0.
 270  0.
 271  0.
 272  0.
 273  0.
 274  0.
 275  0.
 276  0.
 277  0.
 278  0.
 279  0.
 280  0.
 281  0.
 282  0.
 283  0.
 284  0.
 285  0.
 286  0.
 287  0.
 288  0.
 289  0.
 290  0.
 291  0.
 292  0.
 293  0.
 294  0.
 295  0.
 296  0.
 297  0.
 298  0.
 299  0.
 300  0.
 301  0.
 302  0.
 303  0.
 304  0.
 305  0.
 306  0.
 307  0.
 308  0.
 309  0.
 310  0.
 311  0.
 312  0.
 313  0.
 314  0.
 315  0.
 316  0.
 317  0.
 318  0.
 319  0.
 320  0.
 321  0.
 322  0.
 323  0.
 324  0.
 325  0.
 326  0.
 327  0.
 328  0.
 329  0.
 330  0.
 331  0.
 332  0.
 333  0.
 334  0.
 335  0.
 336  0.
 337  0.
 338  0.
 339  0.
 340  0.
 341  0.
 342  0.
 343  0.
 344  0.
 345  0.
 346  0.
 347  0.
 348  0.
 349  0.
 350  0.
 351  0.
 352  0.
 353  0.
 354  0.
 355  0.
 356  0.
 357  0.
 358  0.
 359  0.
 360  0.
 361  0.
 362  0.
 363  0.
 364  0.
 365  0.
 366  0.
 367  0.
 368  0.
 369  0.
 370  0.
 371  0.
 372  0.
 373  0.
 374  0.
 375  0.
 376  0.
 377  0.
 378  0.
 379  0.
 380  0.
 381  0.
 382  0.
 383  0.
 384  0.
 385  0.
 386  0.
 387  0.
 388  0.
 389  0.
 390  0.
 391  0.
 392  0.
 393  0.
 394  0.
 395  0.
 396  0.
 397  0.
 398  0.
 399  0.
 400  0.
 401  0.
 402  0.
 403  0.
 404  0.
 405  0.
 406  0.
 407  0.
 408  0.
 409  0.
 410  0.
 411  0.
 412  0.
 413  0.
 414  0.
 415  0.
 416  0.
 417  0.
 418  0.
 419  0.
 420  0.
 421  0.
 422  0.
 423  0.
 424  0.
 425  0.
 426  0.
 427  0.
 428  0.
 429  0.
 430  0.
 431  0.
 432  0.
 433  0.
 434  0.
 435  0.
 436  0.
 437  0.
 438  0.
 439  0.
 440  0.
 441  0.
 442  0.
 443  0.
 444  0.
 445  0.
 446  0.
 447  0.
 448  0.
 449  0.
 450  0.
 451  0.
 452  0.
 453  0.
 454  0.
 455  0.
 456  0.
 457  0.
 458  0.
 459  0.
 460  0.
 461  0.
 462  0.
 463  0.
 464  0.
 465  0.
 466  0.
 467  0.
 468  0.
 469  0.
 470  0.
 471  0.
 472  0.
 473  0.
 474  0.
 475  0.
 476  0.
 477  0.
 478  0.
 479  0.
 480  0.
 481  0.
 482  0.
 483  0.
 484  0.
 485  0.
 486  0.
 487  0.
 488  0.
 489  0.
 490  0.
 491  0.
 492  0.
 493  0.
 494  0.
 495  0.
 496  0.
 497  0.
 498  0.
 499  0.
 500  0.

 1  0.
 2  0.
 3  0.
 4  0.
 5  0.
 6  0.
 7  0.
 8  0.
 9  0.
 10  0.
 11  0.
 12  0.
 13  0.
 14  0.
 15  0.
 16  0.
 17  0.
 18  0.
 19  0.
 20  0.
 21  0.
 22  0.
 23  0.
 24  0.
 25  0.
 26  0.
 27  0.
 28  0.
 29  0.
 30  0.
 31  0.
 32  0.
 33  0.
 34  0.
 35  0.
 36  0.
 37  0.
 38  0.
 39  0.
 40  0.
 41  0.
 42  0.
 43  0.
 44  0.
 45  0.
 46  0.
 47  0.
 48  0.
 49  0.
 50  0.
 51  0.
 52  0.
 53  0.
 54  0.
 55  0.
 56  0.
 57  0.
 58  0.
 59  0.
 60  0.
 61  0.
 62  0.
 63  0.
 64  0.
 65  0.
 66  0.
 67  0.
 68  0.
 69  0.
 70  0.
 71  0.
 72  0.
 73  0.
 74  0.
 75  0.
 76  0.
 77  0.
 78  0.
 79  0.
 80  0.
 81  0.
 82  0.
 83  0.
 84  0.
 85  0.
 86  0.
 87  0.
 88  0.
 89  0.
 90  0.
 91  0.
 92  0.
 93  0.
 94  0.
 95  0.
 96  0.
 97  0.
 98  0.
 99  0.
 100  0.
 101  0.
 102  0.
 103  0.
 104  0.
 105  0.
 106  0.
 107  0.
 108  0.
 109  0.
 110  0.
 111  0.
 112  0.
 113  0.
 114  0.
 115  0.
 116  0.
 117  0.
 118  0.
 119  0.
 120  0.
 121  0.
 122  0.
 123  0.
 124  0.
 125  0.
 126  0.
 127  0.
 128  0.
 129  0.
 130  0.
 131  0.
 132  0.
 133  0.
 134  0.
 135  0.
 136  0.
 137  0.
 138  0.
 139  0.
 140  0.
 141  0.
 142  0.
 143  0.
 144  0.
 145  0.
 146  0.
 147  0.
 148  0.
 149  0.
 150  0.
 151  0.
 152  0.
 153  0.
 154  0.
 155  0.
 156  0.
 157  0.
 158  0.
 159  0.
 160  0.
 161  0.
 162  0.
 163  0.
 164  0.
 165  0.
 166  0.
 167  0.
 168  0.
 169  0.
 170  0.
 171  0.
 172  0.
 173  0.
 174  0.
 175  0.
 176  0.
 177  0.
 178  0.
 179  0.
 180  0.
 181  0.
 182  0.
 183  0.
 184  0.
 185  0.
 186  0.
 187  0.
 188  0.
 189  0.
 190  0.
 191  0.
 192  0.
 193  0.
 194  0.
 195  0.
 196  0.
 197  0.
 198  0.
 199  0.
 200  0.
 201  0.
 202  0.
 203  0.
 204  0.
 205  0.
 206  0.
 207  0.
 208  0.
 209  0.
 210  0.
 211  0.
 212  0.
 213  0.
 214  0.
 215  0.
 216  0.
 217  0.
 218  0.
 219  0.
 220  0.
 221  0.
 222  0.
 223  0.
 224  0.
 225  0.
 226  0.
 227  0.
 228  0.
 229  0.
 230  0.
 231  0.
 232  0.
 233  0.
 234  0.
 235  0.
 236  0.
 237  0.
 238  0.
 239  0.
 240  0.
 241  0.
 242  0.
 243  0.
 244  0.
 245  0.
 246  0.
 247  0.
 248  0.
 249  0.
 250  0.
 251  0.
 252  0.
 253  0.
 254  0.
 255  0.
 256  0.
 257  0.
 258  0.
 259  0.
 260  0.
 261  0.
 262  0.
 263  0.
 264  0.
 265  0.
 266  0.
 267  0.
 268  0.
 269  0.
 270  0.
 271  0.
 272  0.
 273  0.
 274  0.
 275  0.
 276  0.
 277  0.
 278  0.
 279  0.
 280  0.
 281  0.
 282  0.
 283  0.
 284  0.
 285  0.
 286  0.
 287  0.
 288  0.
 289  0.
 290  0.
 291  0.
 292  0.
 293  0.
 294  0.
 295  0.
 296  0.
 297  0.
 298  0.
 299  0.
 300  0.
 301  0.
 302  0.
 303  0.
 304  0.
 305  0.
 306  0.
 307  0.
 308  0.
 309  0.
 310  0.
 311  0.
 312  0.
 313  0.
 314  0.
 315  0.
 316  0.
 317  0.
 318  0.
 319  0.
 320  0.
 321  0.
 322  0.
 323  0.
 324  0.
 325  0.
 326  0.
 327  0.
 328  0.
 329  0.
 330  0.
 331  0.
 332  0.
 333  0.
 334  0.
 335  0.
 336  0.
 337  0.
 338  0.
 339  0.
 340  0.
 341  0.
 342  0.
 343  0.
 344  0.
 345  0.
 346  0.
 347  0.
 348  0.
 349  0.
 350  0.
 351  0.
 352  0.
 353  0.
 354  0.
 355  0.
 356  0.
 357  0.
 358  0.
 359  0.
 360  0.
 361  0.
 362  0.
 363  0.
 364  0.
 365  0.
 366  0.
 367  0.
 368  0.
 369  0.
 370  0.
 371  0.
 372  0.
 373  0.
 374  0.
 375  0.
 376  0.
 377  0.
 378  0.
 379  0.
 380  0.
 381  0.
 382  0.
 383  0.
 384  0.
 385  0.
 386  0.
 387  0.
 388  0.
 389  0.
 390  0.
 391  0.
 392  0.
 393  0.
 394  0.
 395  0.
 396  0.
 397  0.
 398  0.
 399  0.
 400  0.
 401  0.
 402  0.
 403  0.
 404  0.
 405  0.
 406  0.
 407  0.
 408  0.
 409  0.
 410  0.
 411  0.
 412  0.
 413  0.
 414  0.
 415  0.
 416  0.
 417  0.
 418  0.
 419  0.
 420  0.
 421  0.
 422  0.
 423  0.
 424  0.
 425  0.
 426  0.
 427  0.
 428  0.
 429  0.
 430  0.
 431  0.
 432  0.
 433  0.
 434  0.
 435  0.
 436  0.
 437  0.
 438  0.
 439  0.
 440  0.
 441  0.
 442  0.
 443  0.
 444  0.
 445  0.
 446  0.
 447  0.
 448  0.
 449  0.
 450  0.
 451  0.
 452  0.
 453  0.
 454  0.
 455  0.
 456  0.
 457  0.
 458  0.
 459  0.
 460  0.
 461  0.
 462  0.
 463  0.
 464  0.
 465  0.
 466  0.
 467  0.
 468  0.
 469  0.
 470  0.
 471  0.
 472  0.
 473  0.
 474  0.
 475  0.
 476  0.
 477  0.
 478  0.
 479  0.
 480  0.
 481  0.
 482  0.
 483  0.
 484  0.
 485  0.
 486  0.
 487  0.
 488  0.
 489  0.
 490  0.
 491  0.
 492  0.
 493  0.
 494  0.
 495  0.
 496  0.
 497  0.
 498  0.
 499  0.
 500  0.

 1  0.
 2  0.
 3  0.
 4  0.
 5  0.
 6  0.
 7  0.
 8  0.
 9  0.
 10  0.
 11  0.
 12  0.
 13  0.
 14  0.
 15  0.
 16  0.
 17  0.
 18  0.
 19  0.
 20  0.
 21  0.
 22  0.
 23  0.
 24  0.
 25  0.
 26  0.
 27  0.
 28  0.
 29  0.
 30  0.
 31  0.
 32  0.
 33  0.
 34  0.
 35  0.
 36  0.
 37  0.
 38  0.
 39  0.
 40  0.
 41  0.
 42  0.
 43  0.
 44  0.
 45  0.
 46  0.
 47  0.
 48  0.
 49  0.
 50  0.
 51  0.
 52  0.
 53  0.
 54  0.
 55  0.
 56  0.
 57  0.
 58  0.
 59  0.
 60  0.
 61  0.
 62  0.
 63  0.
 64  0.
 65  0.
 66  0.
 67  0.
 68  0.
 69  0.
 70  0.
 71  0.
 72  0.
 73  0.
 74  0.
 75  0.
 76  0.
 77  0.
 78  0.
 79  0.
 80  0.
 81  0.
 82  0.
 83  0.
 84  0.
 85  0.
 86  0.
 87  0.
 88  0.
 89  0.
 90  0.
 91  0.
 92  0.
 93  0.
 94  0.
 95  0.
 96  0.
 97  0.
 98  0.
 99  0.
 100  0.
 101  0.
 102  0.
 103  0.
 104  0.
 105  0.
 106  0.
 107  0.
 108  0.
 109  0.
 110  0.
 111  0.
 112  0.
 113  0.
 114  0.
 115  0.
 116  0.
 117  0.
 118  0.
 119  0.
 120  0.
 121  0.
 122  0.
 123  0.
 124  0.
 125  0.
 126  0.
 127  0.
 128  0.
 129  0.
 130  0.
 131  0.
 132  0.
 133  0.
 134  0.
 135  0.
 136  0.
 137  0.
 138  0.
 139  0.
 140  0.
 141  0.
 142  0.
 143  0.
 144  0.
 145  0.
 146  0.
 147  0.
 148  0.
 149  0.
 150  0.
 151  0.
 152  0.
 153  0.
 154  0.
 155  0.
 156  0.
 157  0.
 158  0.
 159  0.
 160  0.
 161  0.
 162  0.
 163  0.
 164  0.
 165  0.
 166  0.
 167  0.
 168  0.
 169  0.
 170  0.
 171  0.
 172  0.
 173  0.
 174  0.
 175  0.
 176  0.
 177  0.
 178  0.
 179  0.
 180  0.
 181  0.
 182  0.
 183  0.
 184  0.
 185  0.
 186  0.
 187  0.
 188  0.
 189  0.
 190  0.
 191  0.
 192  0.
 193  0.
 194  0.
 195  0.
 196  0.
 197  0.
 198  0.
 199  0.
 200  0.
 201  0.
 202  0.
 203  0.
 204  0.
 205  0.
 206  0.
 207  0.
 208  0.
 209  0.
 210  0.
 211  0.
 212  0.
 213  0.
 214  0.
 215  0.
 216  0.
 217  0.
 218  0.
 219  0.
 220  0.
 221  0.
 222  0.
 223  0.
 224  0.
 225  0.
 226  0.
 227  0.
 228  0.
 229  0.
 230  0.
 231  0.
 232  0.
 233  0.
 234  0.
 235  0.
 236  0.
 237  0.
 238  0.
 239  0.
 240  0.
 241  0.
 242  0.
 243  0.
 244  0.
 245  0.
 246  0.
 247  0.
 248  0.
 249  0.
 250  0.
 251  0.
 252  0.
 253  0.
 254  0.
 255  0.
 256  0.
 257  0.
 258  0.
 259  0.
 260  0.
 261  0.
 262  0.
 263  0.
 264  0.
 265  0.
 266  0.
 267  0.
 268  0.
 269  0.
 270  0.
 271  0.
 272  0.
 273  0.
 274  0.
 275  0.
 276  0.
 277  0.
 278  0.
 279  0.
 280  0.
 281  0.
 282  0.
 283  0.
 284  0.
 285  0.
 286  0.
 287  0.
 288  0.
 289  0.
 290  0.
 291  0.
 292  0.
 293  0.
 294  0.
 295  0.
 296  0.
 297  0.
 298  0.
 299  0.
 300  0.
 301  0.
 302  0.
 303  0.
 304  0.
 305  0.
 306  0.
 307  0.
 308  0.
 309  0.
 310  0.
 311  0.
 312  0.
 313  0.
 314  0.
 315  0.
 316  0.
 317  0.
 318  0.
 319  0.
 320  0.
 321  0.
 322  0.
 323  0.
 324  0.
 325  0.
 326  0.
 327  0.
 328  0.
 329  0.
 330  0.
 331  0.
 332  0.
 333  0.
 334  0.
 335  0.
 336  0.
 337  0.
 338  0.
 339  0.
 340  0.
 341  0.
 342  0.
 343  0.
 344  0.
 345  0.
 346  0.
 347  0.
 348  0.
 349  0.
 350  0.
 351  0.
 352  0.
 353  0.
 354  0.
 355  0.
 356  0.
 357  0.
 358  0.
 359  0.
 360  0.
 361  0.
 362  0.
 363  0.
 364  0.
 365  0.
 366  0.
 367  0.
 368  0.
 369  0.
 370  0.
 371  0.
 372  0.
 373  0.
 374  0.
 375  0.
 376  0.
 377  0.
 378  0.
 379  0.
 380  0.
 381  0.
 382  0.
 383  0.
 384  0.
 385  0.
 386  0.
 387  0.
 388  0.
 389  0.
 390  0.
 391  0.
 392  0.
 393  0.
 394  0.
 395  0.
 396  0.
 397  0.
 398  0.
 399  0.
 400  0.
 401  0.
 402  0.
 403  0.
 404  0.
 405  0.
 406  0.
 407  0.
 408  0.
 409  0.
 410  0.
 411  0.
 412  0.
 413  0.
 414  0.
 415  0.
 416  0.
 417  0.
 418  0.
 419  0.
 420  0.
 421  0.
 422  0.
 423  0.
 424  0.
 425  0.
 426  0.
 427  0.
 428  0.
 429  0.
 430  0.
 431  0.
 432  0.
 433  0.
 434  0.
 435  0.
 436  0.
 437  0.
 438  0.
 439  0.
 440  0.
 441  0.
 442  0.
 443  0.
 444  0.
 445  0.
 446  0.
 447  0.
 448  0.
 449  0.
 450  0.
 451  0.
 452  0.
 453  0.
 454  0.
 455  0.
 456  0.
 457  0.
 458  0.
 459  0.
 460  0.
 461  0.
 462  0.
 463  0.
 464  0.
 465  0.
 466  0.
 467  0.
 468  0.
 469  0.
 470  0.
 471  0.
 472  0.
 473  0.
 474  0.
 475  0.
 476  0.
 477  0.
 478  0.
 479  0.
 480  0.
 481  0.
 482  0.
 483  0.
 484  0.
 485  0.
 486  0.
 487  0.
 488  0.
 489  0.
 490  0.
 491  0.
 492  0.
 493  0.
 494  0.
 495  0.
 496  0.
 497  0.
 498  0.
 499  0.
 500  0.

 1  0.
 2  0.
 3  0.
 4  0.
 5  0.
 6  0.
 7  0.
 8  0.
 9  0.
 10  0.
 11  0.
 12  0.
 13  0.
 14  0.
 15  0.
 16  0.
 17  0.
 18  0.
 19  0.
 20  0.
 21  0.
 22  0.
 23  0.
 24  0.
 25  0.
 26  0.
 27  0.
 28  0.
 29  0.
 30  0.
 31  0.
 32  0.
 33  0.
 34  0.
 35  0.
 36  0.
 37  0.
 38  0.
 39  0.
 40  0.
 41  0.
 42  0.
 43  0.
 44  0.
 45  0.
 46  0.
 47  0.
 48  0.
 49  0.
 50  0.
 51  0.
 52  0.
 53  0.
 54  0.
 55  0.
 56  0.
 57  0.
 58  0.
 59  0.
 60  0.
 61  0.
 62  0.
 63  0.
 64  0.
 65  0.
 66  0.
 67  0.
 68  0.
 69  0.
 70  0.
 71  0.
 72  0.
 73  0.
 74  0.
 75  0.
 76  0.
 77  0.
 78  0.
 79  0.
 80  0.
 81  0.
 82  0.
 83  0.
 84  0.
 85  0.
 86  0.
 87  0.
 88  0.
 89  0.
 90  0.
 91  0.
 92  0.
 93  0.
 94  0.
 95  0.
 96  0.
 97  0.
 98  0.
 99  0.
 100  0.
 101  0.
 102  0.
 103  0.
 104  0.
 105  0.
 106  0.
 107  0.
 108  0.
 109  0.
 110  0.
 111  0.
 112  0.
 113  0.
 114  0.
 115  0.
 116  0.
 117  0.
 118  0.
 119  0.
 120  0.
 121  0.
 122  0.
 123  0.
 124  0.
 125  0.
 126  0.
 127  0.
 128  0.
 129  0.
 130  0.
 131  0.
 132  0.
 133  0.
 134  0.
 135  0.
 136  0.
 137  0.
 138  0.
 139  0.
 140  0.
 141  0.
 142  0.
 143  0.
 144  0.
 145  0.
 146  0.
 147  0.
 148  0.
 149  0.
 150  0.
 151  0.
 152  0.
 153  0.
 154  0.
 155  0.
 156  0.
 157  0.
 158  0.
 159  0.
 160  0.
 161  0.
 162  0.
 163  0.
 164  0.
 165  0.
 166  0.
 167  0.
 168  0.
 169  0.
 170  0.
 171  0.
 172  0.
 173  0.
 174  0.
 175  0.
 176  0.
 177  0.
 178  0.
 179  0.
 180  0.
 181  0.
 182  0.
 183  0.
 184  0.
 185  0.
 186  0.
 187  0.
 188  0.
 189  0.
 190  0.
 191  0.
 192  0.
 193  0.
 194  0.
 195  0.
 196  0.
 197  0.
 198  0.
 199  0.
 200  0.
 201  0.
 202  0.
 203  0.
 204  0.
 205  0.
 206  0.
 207  0.
 208  0.
 209  0.
 210  0.
 211  0.
 212  0.
 213  0.
 214  0.
 215  0.
 216  0.
 217  0.
 218  0.
 219  0.
 220  0.
 221  0.
 222  0.
 223  0.
 224  0.
 225  0.
 226  0.
 227  0.
 228  0.
 229  0.
 230  0.
 231  0.
 232  0.
 233  0.
 234  0.
 235  0.
 236  0.
 237  0.
 238  0.
 239  0.
 240  0.
 241  0.
 242  0.
 243  0.
 244  0.
 245  0.
 246  0.
 247  0.
 248  0.
 249  0.
 250  0.
 251  0.
 252  0.
 253  0.
 254  0.
 255  0.
 256  0.
 257  0.
 258  0.
 259  0.
 260  0.
 261  0.
 262  0.
 263  0.
 264  0.
 265  0.
 266  0.
 267  0.
 268  0.
 269  0.
 270  0.
 271  0.
 272  0.
 273  0.
 274  0.
 275  0.
 276  0.
 277  0.
 278  0.
 279  0.
 280  0.
 281  0.
 282  0.
 283  0.
 284  0.
 285  0.
 286  0.
 287  0.
 288  0.
 289  0.
 290  0.
 291  0.
 292  0.
 293  0.
 294  0.
 295  0.
 296  0.
 297  0.
 298  0.
 299  0.
 300  0.
 301  0.
 302  0.
 303  0.
 304  0.
 305  0.
 306  0.
 307  0.
 308  0.
 309  0.
 310  0.
 311  0.
 312  0.
 313  0.
 314  0.
 315  0.
 316  0.
 317  0.
 318  0.
 319  0.
 320  0.
 321  0.
 322  0.
 323  0.
 324  0.
 325  0.
 326  0.
 327  0.
 328  0.
 329  0.
 330  0.
 331  0.
 332  0.
 333  0.
 334  0.
 335  0.
 336  0.
 337  0.
 338  0.
 339  0.
 340  0.
 341  0.
 342  0.
 343  0.
 344  0.
 345  0.
 346  0.
 347  0.
 348  0.
 349  0.
 350  0.
 351  0.
 352  0.
 353  0.
 354  0.
 355  0.
 356  0.
 357  0.
 358  0.
 359  0.
 360  0.
 361  0.
 362  0.
 363  0.
 364  0.
 365  0.
 366  0.
 367  0.
 368  0.
 369  0.
 370  0.
 371  0.
 372  0.
 373  0.
 374  0.
 375  0.
 376  0.
 377  0.
 378  0.
 379  0.
 380  0.
 381  0.
 382  0.
 383  0.
 384  0.
 385  0.
 386  0.
 387  0.
 388  0.
 389  0.
 390  0.
 391  0.
 392  0.
 393  0.
 394  0.
 395  0.
 396  0.
 397  0.
 398  0.
 399  0.
 400  0.
 401  0.
 402  0.
 403  0.
 404  0.
 405  0.
 406  0.
 407  0.
 408  0.
 409  0.
 410  0.
 411  0.
 412  0.
 413  0.
 414  0.
 415  0.
 416  0.
 417  0.
 418  0.
 419  0.
 420  0.
 421  0.
 422  0.
 423  0.
 424  0.
 425  0.
 426  0.
 427  0.
 428  0.
 429  0.
 430  0.
 431  0.
 432  0.
 433  0.
 434  0.
 435  0.
 436  0.
 437  0.
 438  0.
 439  0.
 440  0.
 441  0.
 442  0.
 443  0.
 444  0.
 445  0.
 446  0.
 447  0.
 448  0.
 449  0.
 450  0.
 451  0.
 452  0.
 453  0.
 454  0.
 455  0.
 456  0.
 457  0.
 458  0.
 459  0.
 460  0.
 461  0.
 462  0.
 463  0.
 464  0.
 465  0.
 466  0.
 467  0.
 468  0.
 469  0.
 470  0.
 471  0.
 472  0.
 473  0.
 474  0.
 475  0.
 476  0.
 477  0.
 478  0.
 479  0.
 480  0.
 481  0.
 482  0.
 483  0.
 484  0.
 485  0.
 486  0.
 487  0.
 488  0.
 489  0.
 490  0.
 491  0.
 492  0.
 493  0.
 494  0.
 495  0.
 496  0.
 497  0.
 498  0.
 499  0.
 500  0.

 1  0.
 2  0.
 3  0.
 4  0.
 5  0.
 6  0.
 7  0.
 8  0.
 9  0.
 10  0.
 11  0.
 12  0.
 13  0.
 14  0.
 15  0.
 16  0.
 17  0.
 18  0.
 19  0.
 20  0.
 21  0.
 22  0.
 23  0.
 24  0.
 25  0.
 26  0.
 27  0.
 28  0.
 29  0.
 30  0.
 31  0.
 32  0.
 33  0.
 34  0.
 35  0.
 36  0.
 37  0.
 38  0.
 39  0.
 40  0.
 41  0.
 42  0.
 43  0.
 44  0.
 45  0.
 46  0.
 47  0.
 48  0.
 49  0.
 50  0.
 51  0.
 52  0.
 53  0.
 54  0.
 55  0.
 56  0.
 57  0.
 58  0.
 59  0.
 60  0.
 61  0.
 62  0.
 63  0.
 64  0.
 65  0.
 66  0.
 67  0.
 68  0.
 69  0.
 70  0.
 71  0.
 72  0.
 73  0.
 74  0.
 75  0.
 76  0.
 77  0.
 78  0.
 79  0.
 80  0.
 81  0.
 82  0.
 83  0.
 84  0.
 85  0.
 86  0.
 87  0.
 88  0.
 89  0.
 90  0.
 91  0.
 92  0.
 93  0.
 94  0.
 95  0.
 96  0.
 97  0.
 98  0.
 99  0.
 100  0.
 101  0.
 102  0.
 103  0.
 104  0.
 105  0.
 106  0.
 107  0.
 108  0.
 109  0.
 110  0.
 111  0.
 112  0.
 113  0.
 114  0.
 115  0.
 116  0.
 117  0.
 118  0.
 119  0.
 120  0.
 121  0.
 122  0.
 123  0.
 124  0.
 125  0.
 126  0.
 127  0.
 128  0.
 129  0.
 130  0.
 131  0.
 132  0.
 133  0.
 134  0.
 135  0.
 136  0.
 137  0.
 138  0.
 139  0.
 140  0.
 141  0.
 142  0.
 143  0.
 144  0.
 145  0.
 146  0.
 147  0.
 148  0.
 149  0.
 150  0.
 151  0.
 152  0.
 153  0.
 154  0.
 155  0.
 156  0.
 157  0.
 158  0.
 159  0.
 160  0.
 161  0.
 162  0.
 163  0.
 164  0.
 165  0.
 166  0.
 167  0.
 168  0.
 169  0.
 170  0.
 171  0.
 172  0.
 173  0.
 174  0.
 175  0.
 176  0.
 177  0.
 178  0.
 179  0.
 180  0.
 181  0.
 182  0.
 183  0.
 184  0.
 185  0.
 186  0.
 187  0.
 188  0.
 189  0.
 190  0.
 191  0.
 192  0.
 193  0.
 194  0.
 195  0.
 196  0.
 197  0.
 198  0.
 199  0.
 200  0.
 201  0.
 202  0.
 203  0.
 204  0.
 205  0.
 206  0.
 207  0.
 208  0.
 209  0.
 210  0.
 211  0.
 212  0.
 213  0.
 214  0.
 215  0.
 216  0.
 217  0.
 218  0.
 219  0.
 220  0.
 221  0.
 222  0.
 223  0.
 224  0.
 225  0.
 226  0.
 227  0.
 228  0.
 229  0.
 230  0.
 231  0.
 232  0.
 233  0.
 234  0.
 235  0.
 236  0.
 237  0.
 238  0.
 239  0.
 240  0.
 241  0.
 242  0.
 243  0.
 244  0.
 245  0.
 246  0.
 247  0.
 248  0.
 249  0.
 250  0.
 251  0.
 252  0.
 253  0.
 254  0.
 255  0.
 256  0.
 257  0.
 258  0.
 259  0.
 260  0.
 261  0.
 262  0.
 263  0.
 264  0.
 265  0.
 266  0.
 267  0.
 268  0.
 269  0.
 270  0.
 271  0.
 272  0.
 273  0.
 274  0.
 275  0.
 276  0.
 277  0.
 278  0.
 279  0.
 280  0.
 281  0.
 282  0.
 283  0.
 284  0.
 285  0.
 286  0.
 287  0.
 288  0.
 289  0.
 290  0.
 291  0.
 292  0.
 293  0.
 294  0.
 295  0.
 296  0.
 297  0.
 298  0.
 299  0.
 300  0.
 301  0.
 302  0.
 303  0.
 304  0.
 305  0.
 306  0.
 307  0.
 308  0.
 309  0.
 310  0.
 311  0.
 312  0.
 313  0.
 314  0.
 315  0.
 316  0.
 317  0.
 318  0.
 319  0.
 320  0.
 321  0.
 322  0.
 323  0.
 324  0.
 325  0.
 326  0.
 327  0.
 328  0.
 329  0.
 330  0.
 331  0.
 332  0.
 333  0.
 334  0.
 335  0.
 336  0.
 337  0.
 338  0.
 339  0.
 340  0.
 341  0.
 342  0.
 343  0.
 344  0.
 345  0.
 346  0.
 347  0.
 348  0.
 349  0.
 350  0.
 351  0.
 352  0.
 353  0.
 354  0.
 355  0.
 356  0.
 357  0.
 358  0.
 359  0.
 360  0.
 361  0.
 362  0.
 363  0.
 364  0.
 365  0.
 366  0.
 367  0.
 368  0.
 369  0.
 370  0.
 371  0.
 372  0.
 373  0.
 374  0.
 375  0.
 376  0.
 377  0.
 378  0.
 379  0.
 380  0.
 381  0.
 382  0.
 383  0.
 384  0.
 385  0.
 386  0.
 387  0.
 388  0.
 389  0.
 390  0.
 391  0.
 392  0.
 393  0.
 394  0.
 395  0.
 396  0.
 397  0.
 398  0.
 399  0.
 400  0.
 401  0.
 402  0.
 403  0.
 404  0.
 405  0.
 406  0.
 407  0.
 408  0.
 409  0.
 410  0.
 411  0.
 412  0.
 413  0.
 414  0.
 415  0.
 416  0.
 417  0.
 418  0.
 419  0.
 420  0.
 421  0.
 422  0.
 423  0.
 424  0.
 425  0.
 426  0.
 427  0.
 428  0.
 429  0.
 430  0.
 431  0.
 432  0.
 433  0.
 434  0.
 435  0.
 436  0.
 437  0.
 438  0.
 439  0.
 440  0.
 441  0.
 442  0.
 443  0.
 444  0.
 445  0.
 446  0.
 447  0.
 448  0.
 449  0.
 450  0.
 451  0.
 452  0.
 453  0.
 454  0.
 455  0.
 456  0.
 457  0.
 458  0.
 459  0.
 460  0.
 461  0.
 462  0.
 463  0.
 464  0.
 465  0.
 466  0.
 467  0.
 468  0.
 469  0.
 470  0.
 471  0.
 472  0.
 473  0.
 474  0.
 475  0.
 476  0.
 477  0.
 478  0.
 479  0.
 480  0.
 481  0.
 482  0.
 483  0.
 484  0.
 485  0.
 486  0.
 487  0.
 488  0.
 489  0.
 490  0.
 491  0.
 492  0.
 493  0.
 494  0.
 495  0.
 496  0.
 497  0.
 498  0.
 499  0.
 500  0.

 1  0.
 2  0.
 3  0.
 4  0.
 5  0.
 6  0.
 7  0.
 8  0.
 9  0.
 10  0.
 11  0.
 12  0.
 13  0.
 14  0.
 15  0.
 16  0.
 17  0.
 18  0.
 19  0.
 20  0.
 21  0.
 22  0.
 23  0.
 24  0.
 25  0.
 26  0.
 27  0.
 28  0.
 29  0.
 30  0.
 31  0.
 32  0.
 33  0.
 34  0.
 35  0.
 36  0.
 37  0.
 38  0.
 39  0.
 40  0.
 41  0.
 42  0.
 43  0.
 44  0.
 45  0.
 46  0.
 47  0.
 48  0.
 49  0.
 50  0.
 51  0.
 52  0.
 53  0.
 54  0.
 55  0.
 56  0.
 57  0.
 58  0.
 59  0.
 60  0.
 61  0.
 62  0.
 63  0.
 64  0.
 65  0.
 66  0.
 67  0.
 68  0.
 69  0.
 70  0.
 71  0.
 72  0.
 73  0.
 74  0.
 75  0.
 76  0.
 77  0.
 78  0.
 79  0.
 80  0.
 81  0.
 82  0.
 83  0.
 84  0.
 85  0.
 86  0.
 87  0.
 88  0.
 89  0.
 90  0.
 91  0.
 92  0.
 93  0.
 94  0.
 95  0.
 96  0.
 97  0.
 98  0.
 99  0.
 100  0.
 101  0.
 102  0.
 103  0.
 104  0.
 105  0.
 106  0.
 107  0.
 108  0.
 109  0.
 110  0.
 111  0.
 112  0.
 113  0.
 114  0.
 115  0.
 116  0.
 117  0.
 118  0.
 119  0.
 120  0.
 121  0.
 122  0.
 123  0.
 124  0.
 125  0.
 126  0.
 127  0.
 128  0.
 129  0.
 130  0.
 131  0.
 132  0.
 133  0.
 134  0.
 135  0.
 136  0.
 137  0.
 138  0.
 139  0.
 140  0.
 141  0.
 142  0.
 143  0.
 144  0.
 145  0.
 146  0.
 147  0.
 148  0.
 149  0.
 150  0.
 151  0.
 152  0.
 153  0.
 154  0.
 155  0.
 156  0.
 157  0.
 158  0.
 159  0.
 160  0.
 161  0.
 162  0.
 163  0.
 164  0.
 165  0.
 166  0.
 167  0.
 168  0.
 169  0.
 170  0.
 171  0.
 172  0.
 173  0.
 174  0.
 175  0.
 176  0.
 177  0.
 178  0.
 179  0.
 180  0.
 181  0.
 182  0.
 183  0.
 184  0.
 185  0.
 186  0.
 187  0.
 188  0.
 189  0.
 190  0.
 191  0.
 192  0.
 193  0.
 194  0.
 195  0.
 196  0.
 197  0.
 198  0.
 199  0.
 200  0.
 201  0.
 202  0.
 203  0.
 204  0.
 205  0.
 206  0.
 207  0.
 208  0.
 209  0.
 210  0.
 211  0.
 212  0.
 213  0.
 214  0.
 215  0.
 216  0.
 217  0.
 218  0.
 219  0.
 220  0.
 221  0.
 222  0.
 223  0.
 224  0.
 225  0.
 226  0.
 227  0.
 228  0.
 229  0.
 230  0.
 231  0.
 232  0.
 233  0.
 234  0.
 235  0.
 236  0.
 237  0.
 238  0.
 239  0.
 240  0.
 241  0.
 242  0.
 243  0.
 244  0.
 245  0.
 246  0.
 247  0.
 248  0.
 249  0.
 250  0.
 251  0.
 252  0.
 253  0.
 254  0.
 255  0.
 256  0.
 257  0.
 258  0.
 259  0.
 260  0.
 261  0.
 262  0.
 263  0.
 264  0.
 265  0.
 266  0.
 267  0.
 268  0.
 269  0.
 270  0.
 271  0.
 272  0.
 273  0.
 274  0.
 275  0.
 276  0.
 277  0.
 278  0.
 279  0.
 280  0.
 281  0.
 282  0.
 283  0.
 284  0.
 285  0.
 286  0.
 287  0.
 288  0.
 289  0.
 290  0.
 291  0.
 292  0.
 293  0.
 294  0.
 295  0.
 296  0.
 297  0.
 298  0.
 299  0.
 300  0.
 301  0.
 302  0.
 303  0.
 304  0.
 305  0.
 306  0.
 307  0.
 308  0.
 309  0.
 310  0.
 311  0.
 312  0.
 313  0.
 314  0.
 315  0.
 316  0.
 317  0.
 318  0.
 319  0.
 320  0.
 321  0.
 322  0.
 323  0.
 324  0.
 325  0.
 326  0.
 327  0.
 328  0.
 329  0.
 330  0.
 331  0.
 332  0.
 333  0.
 334  0.
 335  0.
 336  0.
 337  0.
 338  0.
 339  0.
 340  0.
 341  0.
 342  0.
 343  0.
 344  0.
 345  0.
 346  0.
 347  0.
 348  0.
 349  0.
 350  0.
 351  0.
 352  0.
 353  0.
 354  0.
 355  0.
 356  0.
 357  0.
 358  0.
 359  0.
 360  0.
 361  0.
 362  0.
 363  0.
 364  0.
 365  0.
 366  0.
 367  0.
 368  0.
 369  0.
 370  0.
 371  0.
 372  0.
 373  0.
 374  0.
 375  0.
 376  0.
 377  0.
 378  0.
 379  0.
 380  0.
 381  0.
 382  0.
 383  0.
 384  0.
 385  0.
 386  0.
 387  0.
 388  0.
 389  0.
 390  0.
 391  0.
 392  0.
 393  0.
 394  0.
 395  0.
 396  0.
 397  0.
 398  0.
 399  0.
 400  0.
 401  0.
 402  0.
 403  0.
 404  0.
 405  0.
 406  0.
 407  0.
 408  0.
 409  0.
 410  0.
 411  0.
 412  0.
 413  0.
 414  0.
 415  0.
 416  0.
 417  0.
 418  0.
 419  0.
 420  0.
 421  0.
 422  0.
 423  0.
 424  0.
 425  0.
 426  0.
 427  0.
 428  0.
 429  0.
 430  0.
 431  0.
 432  0.
 433  0.
 434  0.
 435  0.
 436  0.
 437  0.
 438  0.
 439  0.
 440  0.
 441  0.
 442  0.
 443  0.
 444  0.
 445  0.
 446  0.
 447  0.
 448  0.
 449  0.
 450  0.
 451  0.
 452  0.
 453  0.
 454  0.
 455  0.
 456  0.
 457  0.
 458  0.
 459  0.
 460  0.
 461  0.
 462  0.
 463  0.
 464  0.
 465  0.
 466  0.
 467  0.
 468  0.
 469  0.
 470  0.
 471  0.
 472  0.
 473  0.
 474  0.
 475  0.
 476  0.
 477  0.
 478  0.
 479  0.
 480  0.
 481  0.
 482  0.
 483  0.
 484  0.
 485  0.
 486  0.
 487  0.
 488  0.
 489  0.
 490  0.
 491  0.
 492  0.
 493  0.
 494  0.
 495  0.
 496  0.
 497  0.
 498  0.
 499  0.
 500  0.

 1  0.
 2  0.
 3  0.
 4  0.
 5  0.
 6  0.
 7  0.
 8  0.
 9  0.
 10  0.
 11  0.
 12  0.
 13  0.
 14  0.
 15  0.
 16  0.
 17  0.
 18  0.
 19  0.
 20  0.
 21  0.
 22  0.
 23  0.
 24  0.
 25  0.
 26  0.
 27  0.
 28  0.
 29  0.
 30  0.
 31  0.
 32  0.
 33  0.
 34  0.
 35  0.
 36  0.
 37  0.
 38  0.
 39  0.
 40  0.
 41  0.
 42  0.
 43  0.
 44  0.
 45  0.
 46  0.
 47  0.
 48  0.
 49  0.
 50  0.
 51  0.
 52  0.
 53  0.
 54  0.
 55  0.
 56  0.
 57  0.
 58  0.
 59  0.
 60  0.
 61  0.
 62  0.
 63  0.
 64  0.
 65  0.
 66  0.
 67  0.
 68  0.
 69  0.
 70  0.
 71  0.
 72  0.
 73  0.
 74  0.
 75  0.
 76  0.
 77  0.
 78  0.
 79  0.
 80  0.
 81  0.
 82  0.
 83  0.
 84  0.
 85  0.
 86  0.
 87  0.
 88  0.
 89  0.
 90  0.
 91  0.
 92  0.
 93  0.
 94  0.
 95  0.
 96  0.
 97  0.
 98  0.
 99  0.
 100  0.
 101  0.
 102  0.
 103  0.
 104  0.
 105  0.
 106  0.
 107  0.
 108  0.
 109  0.
 110  0.
 111  0.
 112  0.
 113  0.
 114  0.
 115  0.
 116  0.
 117  0.
 118  0.
 119  0.
 120  0.
 121  0.
 122  0.
 123  0.
 124  0.
 125  0.
 126  0.
 127  0.
 128  0.
 129  0.
 130  0.
 131  0.
 132  0.
 133  0.
 134  0.
 135  0.
 136  0.
 137  0.
 138  0.
 139  0.
 140  0.
 141  0.
 142  0.
 143  0.
 144  0.
 145  0.
 146  0.
 147  0.
 148  0.
 149  0.
 150  0.
 151  0.
 152  0.
 153  0.
 154  0.
 155  0.
 156  0.
 157  0.
 158  0.
 159  0.
 160  0.
 161  0.
 162  0.
 163  0.
 164  0.
 165  0.
 166  0.
 167  0.
 168  0.
 169  0.
 170  0.
 171  0.
 172  0.
 173  0.
 174  0.
 175  0.
 176  0.
 177  0.
 178  0.
 179  0.
 180  0.
 181  0.
 182  0.
 183  0.
 184  0.
 185  0.
 186  0.
 187  0.
 188  0.
 189  0.
 190  0.
 191  0.
 192  0.
 193  0.
 194  0.
 195  0.
 196  0.
 197  0.
 198  0.
 199  0.
 200  0.
 201  0.
 202  0.
 203  0.
 204  0.
 205  0.
 206  0.
 207  0.
 208  0.
 209  0.
 210  0.
 211  0.
 212  0.
 213  0.
 214  0.
 215  0.
 216  0.
 217  0.
 218  0.
 219  0.
 220  0.
 221  0.
 222  0.
 223  0.
 224  0.
 225  0.
 226  0.
 227  0.
 228  0.
 229  0.
 230  0.
 231  0.
 232  0.
 233  0.
 234  0.
 235  0.
 236  0.
 237  0.
 238  0.
 239  0.
 240  0.
 241  0.
 242  0.
 243  0.
 244  0.
 245  0.
 246  0.
 247  0.
 248  0.
 249  0.
 250  0.
 251  0.
 252  0.
 253  0.
 254  0.
 255  0.
 256  0.
 257  0.
 258  0.
 259  0.
 260  0.
 261  0.
 262  0.
 263  0.
 264  0.
 265  0.
 266  0.
 267  0.
 268  0.
 269  0.
 270  0.
 271  0.
 272  0.
 273  0.
 274  0.
 275  0.
 276  0.
 277  0.
 278  0.
 279  0.
 280  0.
 281  0.
 282  0.
 283  0.
 284  0.
 285  0.
 286  0.
 287  0.
 288  0.
 289  0.
 290  0.
 291  0.
 292  0.
 293  0.
 294  0.
 295  0.
 296  0.
 297  0.
 298  0.
 299  0.
 300  0.
 301  0.
 302  0.
 303  0.
 304  0.
 305  0.
 306  0.
 307  0.
 308  0.
 309  0.
 310  0.
 311  0.
 312  0.
 313  0.
 314  0.
 315  0.
 316  0.
 317  0.
 318  0.
 319  0.
 320  0.
 321  0.
 322  0.
 323  0.
 324  0.
 325  0.
 326  0.
 327  0.
 328  0.
 329  0.
 330  0.
 331  0.
 332  0.
 333  0.
 334  0.
 335  0.
 336  0.
 337  0.
 338  0.
 339  0.
 340  0.
 341  0.
 342  0.
 343  0.
 344  0.
 345  0.
 346  0.
 347  0.
 348  0.
 349  0.
 350  0.
 351  0.
 352  0.
 353  0.
 354  0.
 355  0.
 356  0.
 357  0.
 358  0.
 359  0.
 360  0.
 361  0.
 362  0.
 363  0.
 364  0.
 365  0.
 366  0.
 367  0.
 368  0.
 369  0.
 370  0.
 371  0.
 372  0.
 373  0.
 374  0.
 375  0.
 376  0.
 377  0.
 378  0.
 379  0.
 380  0.
 381  0.
 382  0.
 383  0.
 384  0.
 385  0.
 386  0.
 387  0.
 388  0.
 389  0.
 390  0.
 391  0.
 392  0.
 393  0.
 394  0.
 395  0.
 396  0.
 397  0.
 398  0.
 399  0.
 400  0.
 401  0.
 402  0.
 403  0.
 404  0.
 405  0.
 406  0.
 407  0.
 408  0.
 409  0.
 410  0.
 411  0.
 412  0.
 413  0.
 414  0.
 415  0.
 416  0.
 417  0.
 418  0.
 419  0.
 420  0.
 421  0.
 422  0.
 423  0.
 424  0.
 425  0.
 426  0.
 427  0.
 428  0.
 429  0.
 430  0.
 431  0.
 432  0.
 433  0.
 434  0.
 435  0.
 436  0.
 437  0.
 438  0.
 439  0.
 440  0.
 441  0.
 442  0.
 443  0.
 444  0.
 445  0.
 446  0.
 447  0.
 448  0.
 449  0.
 450  0.
 451  0.
 452  0.
 453  0.
 454  0.
 455  0.
 456  0.
 457  0.
 458  0.
 459  0.
 460  0.
 461  0.
 462  0.
 463  0.
 464  0.
 465  0.
 466  0.
 467  0.
 468  0.
 469  0.
 470  0.
 471  0.
 472  0.
 473  0.
 474  0.
 475  0.
 476  0.
 477  0.
 478  0.
 479  0.
 480  0.
 481  0.
 482  0.
 483  0.
 484  0.
 485  0.
 486  0.
 487  0.
 488  0.
 489  0.
 490  0.
 491  0.
 492  0.
 493  0.
 494  0.
 495  0.
 496  0.
 497  0.
 498  0.
 499  0.
 500  0.

 1  0.
 2  0.
 3  0.
 4  0.
 5  0.
 6  0.
 7  0.
 8  0.
 9  0.
 10  0.
 11  0.
 12  0.
 13  0.
 14  0.
 15  0.
 16  0.
 17  0.
 18  0.
 19  0.
 20  0.
 21  0.
 22  0.
 23  0.
 24  0.
 25  0.
 26  0.
 27  0.
 28  0.
 29  0.
 30  0.
 31  0.
 32  0.
 33  0.
 34  0.
 35  0.
 36  0.
 37  0.
 38  0.
 39  0.
 40  0.
 41  0.
 42  0.
 43  0.
 44  0.
 45  0.
 46  0.
 47  0.
 48  0.
 49  0.
 50  0.
 51  0.
 52  0.
 53  0.
 54  0.
 55  0.
 56  0.
 57  0.
 58  0.
 59  0.
 60  0.
 61  0.
 62  0.
 63  0.
 64  0.
 65  0.
 66  0.
 67  0.
 68  0.
 69  0.
 70  0.
 71  0.
 72  0.
 73  0.
 74  0.
 75  0.
 76  0.
 77  0.
 78  0.
 79  0.
 80  0.
 81  0.
 82  0.
 83  0.
 84  0.
 85  0.
 86  0.
 87  0.
 88  0.
 89  0.
 90  0.
 91  0.
 92  0.
 93  0.
 94  0.
 95  0.
 96  0.
 97  0.
 98  0.
 99  0.
 100  0.
 101  0.
 102  0.
 103  0.
 104  0.
 105  0.
 106  0.
 107  0.
 108  0.
 109  0.
 110  0.
 111  0.
 112  0.
 113  0.
 114  0.
 115  0.
 116  0.
 117  0.
 118  0.
 119  0.
 120  0.
 121  0.
 122  0.
 123  0.
 124  0.
 125  0.
 126  0.
 127  0.
 128  0.
 129  0.
 130  0.
 131  0.
 132  0.
 133  0.
 134  0.
 135  0.
 136  0.
 137  0.
 138  0.
 139  0.
 140  0.
 141  0.
 142  0.
 143  0.
 144  0.
 145  0.
 146  0.
 147  0.
 148  0.
 149  0.
 150  0.
 151  0.
 152  0.
 153  0.
 154  0.
 155  0.
 156  0.
 157  0.
 158  0.
 159  0.
 160  0.
 161  0.
 162  0.
 163  0.
 164  0.
 165  0.
 166  0.
 167  0.
 168  0.
 169  0.
 170  0.
 171  0.
 172  0.
 173  0.
 174  0.
 175  0.
 176  0.
 177  0.
 178  0.
 179  0.
 180  0.
 181  0.
 182  0.
 183  0.
 184  0.
 185  0.
 186  0.
 187  0.
 188  0.
 189  0.
 190  0.
 191  0.
 192  0.
 193  0.
 194  0.
 195  0.
 196  0.
 197  0.
 198  0.
 199  0.
 200  0.
 201  0.
 202  0.
 203  0.
 204  0.
 205  0.
 206  0.
 207  0.
 208  0.
 209  0.
 210  0.
 211  0.
 212  0.
 213  0.
 214  0.
 215  0.
 216  0.
 217  0.
 218  0.
 219  0.
 220  0.
 221  0.
 222  0.
 223  0.
 224  0.
 225  0.
 226  0.
 227  0.
 228  0.
 229  0.
 230  0.
 231  0.
 232  0.
 233  0.
 234  0.
 235  0.
 236  0.
 237  0.
 238  0.
 239  0.
 240  0.
 241  0.
 242  0.
 243  0.
 244  0.
 245  0.
 246  0.
 247  0.
 248  0.
 249  0.
 250  0.
 251  0.
 252  0.
 253  0.
 254  0.
 255  0.
 256  0.
 257  0.
 258  0.
 259  0.
 260  0.
 261  0.
 262  0.
 263  0.
 264  0.
 265  0.
 266  0.
 267  0.
 268  0.
 269  0.
 270  0.
 271  0.
 272  0.
 273  0.
 274  0.
 275  0.
 276  0.
 277  0.
 278  0.
 279  0.
 280  0.
 281  0.
 282  0.
 283  0.
 284  0.
 285  0.
 286  0.
 287  0.
 288  0.
 289  0.
 290  0.
 291  0.
 292  0.
 293  0.
 294  0.
 295  0.
 296  0.
 297  0.
 298  0.
 299  0.
 300  0.
 301  0.
 302  0.
 303  0.
 304  0.
 305  0.
 306  0.
 307  0.
 308  0.
 309  0.
 310  0.
 311  0.
 312  0.
 313  0.
 314  0.
 315  0.
 316  0.
 317  0.
 318  0.
 319  0.
 320  0.
 321  0.
 322  0.
 323  0.
 324  0.
 325  0.
 326  0.
 327  0.
 328  0.
 329  0.
 330  0.
 331  0.
 332  0.
 333  0.
 334  0.
 335  0.
 336  0.
 337  0.
 338  0.
 339  0.
 340  0.
 341  0.
 342  0.
 343  0.
 344  0.
 345  0.
 346  0.
 347  0.
 348  0.
 349  0.
 350  0.
 351  0.
 352  0.
 353  0.
 354  0.
 355  0.
 356  0.
 357  0.
 358  0.
 359  0.
 360  0.
 361  0.
 362  0.
 363  0.
 364  0.
 365  0.
 366  0.
 367  0.
 368  0.
 369  0.
 370  0.
 371  0.
 372  0.
 373  0.
 374  0.
 375  0.
 376  0.
 377  0.
 378  0.
 379  0.
 380  0.
 381  0.
 382  0.
 383  0.
 384  0.
 385  0.
 386  0.
 387  0.
 388  0.
 389  0.
 390  0.
 391  0.
 392  0.
 393  0.
 394  0.
 395  0.
 396  0.
 397  0.
 398  0.
 399  0.
 400  0.
 401  0.
 402  0.
 403  0.
 404  0.
 405  0.
 406  0.
 407  0.
 408  0.
 409  0.
 410  0.
 411  0.
 412  0.
 413  0.
 414  0.
 415  0.
 416  0.
 417  0.
 418  0.
 419  0.
 420  0.
 421  0.
 422  0.
 423  0.
 424  0.
 425  0.
 426  0.
 427  0.
 428  0.
 429  0.
 430  0.
 431  0.
 432  0.
 433  0.
 434  0.
 435  0.
 436  0.
 437  0.
 438  0.
 439  0.
 440  0.
 441  0.
 442  0.
 443  0.
 444  0.
 445  0.
 446  0.
 447  0.
 448  0.
 449  0.
 450  0.
 451  0.
 452  0.
 453  0.
 454  0.
 455  0.
 456  0.
 457  0.
 458  0.
 459  0.
 460  0.
 461  0.
 462  0.
 463  0.
 464  0.
 465  0.
 466  0.
 467  0.
 468  0.
 469  0.
 470  0.
 471  0.
 472  0.
 473  0.
 474  0.
 475  0.
 476  0.
 477  0.
 478  0.
 479  0.
 480  0.
 481  0.
 482  0.
 483  0.
 484  0.
 485  0.
 486  0.
 487  0.
 488  0.
 489  0.
 490  0.
 491  0.
 492  0.
 493  0.
 494  0.
 495  0.
 496  0.
 497  0.
 498  0.
 499  0.
 500  0.

 1  0.
 2  0.
 3  0.
 4  0.
 5  0.
 6  0.
 7  0.
 8  0.
 9  0.
 10  0.
 11  0.
 12  0.
 13  0.
 14  0.
 15  0.
 16  0.
 17  0.
 18  0.
 19  0.
 20  0.
 21  0.
 22  0.
 23  0.
 24  0.
 25  0.
 26  0.
 27  0.
 28  0.
 29  0.
 30  0.
 31  0.
 32  0.
 33  0.
 34  0.
 35  0.
 36  0.
 37  0.
 38  0.
 39  0.
 40  0.
 41  0.
 42  0.
 43  0.
 44  0.
 45  0.
 46  0.
 47  0.
 48  0.
 49  0.
 50  0.
 51  0.
 52  0.
 53  0.
 54  0.
 55  0.
 56  0.
 57  0.
 58  0.
 59  0.
 60  0.
 61  0.
 62  0.
 63  0.
 64  0.
 65  0.
 66  0.
 67  0.
 68  0.
 69  0.
 70  0.
 71  0.
 72  0.
 73  0.
 74  0.
 75  0.
 76  0.
 77  0.
 78  0.
 79  0.
 80  0.
 81  0.
 82  0.
 83  0.
 84  0.
 85  0.
 86  0.
 87  0.
 88  0.
 89  0.
 90  0.
 91  0.
 92  0.
 93  0.
 94  0.
 95  0.
 96  0.
 97  0.
 98  0.
 99  0.
 100  0.
 101  0.
 102  0.
 103  0.
 104  0.
 105  0.
 106  0.
 107  0.
 108  0.
 109  0.
 110  0.
 111  0.
 112  0.
 113  0.
 114  0.
 115  0.
 116  0.
 117  0.
 118  0.
 119  0.
 120  0.
 121  0.
 122  0.
 123  0.
 124  0.
 125  0.
 126  0.
 127  0.
 128  0.
 129  0.
 130  0.
 131  0.
 132  0.
 133  0.
 134  0.
 135  0.
 136  0.
 137  0.
 138  0.
 139  0.
 140  0.
 141  0.
 142  0.
 143  0.
 144  0.
 145  0.
 146  0.
 147  0.
 148  0.
 149  0.
 150  0.
 151  0.
 152  0.
 153  0.
 154  0.
 155  0.
 156  0.
 157  0.
 158  0.
 159  0.
 160  0.
 161  0.
 162  0.
 163  0.
 164  0.
 165  0.
 166  0.
 167  0.
 168  0.
 169  0.
 170  0.
 171  0.
 172  0.
 173  0.
 174  0.
 175  0.
 176  0.
 177  0.
 178  0.
 179  0.
 180  0.
 181  0.
 182  0.
 183  0.
 184  0.
 185  0.
 186  0.
 187  0.
 188  0.
 189  0.
 190  0.
 191  0.
 192  0.
 193  0.
 194  0.
 195  0.
 196  0.
 197  0.
 198  0.
 199  0.
 200  0.
 201  0.
 202  0.
 203  0.
 204  0.
 205  0.
 206  0.
 207  0.
 208  0.
 209  0.
 210  0.
 211  0.
 212  0.
 213  0.
 214  0.
 215  0.
 216  0.
 217  0.
 218  0.
 219  0.
 220  0.
 221  0.
 222  0.
 223  0.
 224  0.
 225  0.
 226  0.
 227  0.
 228  0.
 229  0.
 230  0.
 231  0.
 232  0.
 233  0.
 234  0.
 235  0.
 236  0.
 237  0.
 238  0.
 239  0.
 240  0.
 241  0.
 242  0.
 243  0.
 244  0.
 245  0.
 246  0.
 247  0.
 248  0.
 249  0.
 250  0.
 251  0.
 252  0.
 253  0.
 254  0.
 255  0.
 256  0.
 257  0.
 258  0.
 259  0.
 260  0.
 261  0.
 262  0.
 263  0.
 264  0.
 265  0.
 266  0.
 267  0.
 268  0.
 269  0.
 270  0.
 271  0.
 272  0.
 273  0.
 274  0.
 275  0.
 276  0.
 277  0.
 278  0.
 279  0.
 280  0.
 281  0.
 282  0.
 283  0.
 284  0.
 285  0.
 286  0.
 287  0.
 288  0.
 289  0.
 290  0.
 291  0.
 292  0.
 293  0.
 294  0.
 295  0.
 296  0.
 297  0.
 298  0.
 299  0.
 300  0.
 301  0.
 302  0.
 303  0.
 304  0.
 305  0.
 306  0.
 307  0.
 308  0.
 309  0.
 310  0.
 311  0.
 312  0.
 313  0.
 314  0.
 315  0.
 316  0.
 317  0.
 318  0.
 319  0.
 320  0.
 321  0.
 322  0.
 323  0.
 324  0.
 325  0.
 326  0.
 327  0.
 328  0.
 329  0.
 330  0.
 331  0.
 332  0.
 333  0.
 334  0.
 335  0.
 336  0.
 337  0.
 338  0.
 339  0.
 340  0.
 341  0.
 342  0.
 343  0.
 344  0.
 345  0.
 346  0.
 347  0.
 348  0.
 349  0.
 350  0.
 351  0.
 352  0.
 353  0.
 354  0.
 355  0.
 356  0.
 357  0.
 358  0.
 359  0.
 360  0.
 361  0.
 362  0.
 363  0.
 364  0.
 365  0.
 366  0.
 367  0.
 368  0.
 369  0.
 370  0.
 371  0.
 372  0.
 373  0.
 374  0.
 375  0.
 376  0.
 377  0.
 378  0.
 379  0.
 380  0.
 381  0.
 382  0.
 383  0.
 384  0.
 385  0.
 386  0.
 387  0.
 388  0.
 389  0.
 390  0.
 391  0.
 392  0.
 393  0.
 394  0.
 395  0.
 396  0.
 397  0.
 398  0.
 399  0.
 400  0.
 401  0.
 402  0.
 403  0.
 404  0.
 405  0.
 406  0.
 407  0.
 408  0.
 409  0.
 410  0.
 411  0.
 412  0.
 413  0.
 414  0.
 415  0.
 416  0.
 417  0.
 418  0.
 419  0.
 420  0.
 421  0.
 422  0.
 423  0.
 424  0.
 425  0.
 426  0.
 427  0.
 428  0.
 429  0.
 430  0.
 431  0.
 432  0.
 433  0.
 434  0.
 435  0.
 436  0.
 437  0.
 438  0.
 439  0.
 440  0.
 441  0.
 442  0.
 443  0.
 444  0.
 445  0.
 446  0.
 447  0.
 448  0.
 449  0.
 450  0.
 451  0.
 452  0.
 453  0.
 454  0.
 455  0.
 456  0.
 457  0.
 458  0.
 459  0.
 460  0.
 461  0.
 462  0.
 463  0.
 464  0.
 465  0.
 466  0.
 467  0.
 468  0.
 469  0.
 470  0.
 471  0.
 472  0.
 473  0.
 474  0.
 475  0.
 476  0.
 477  0.
 478  0.
 479  0.
 480  0.
 481  0.
 482  0.
 483  0.
 484  0.
 485  0.
 486  0.
 487  0.
 488  0.
 489  0.
 490  0.
 491  0.
 492  0.
 493  0.
 494  0.
 495  0.
 496  0.
 497  0.
 498  0.
 499  0.
 500  0.

 1  0.
 2  0.
 3  0.
 4  0.
 5  0.
 6  0.
 7  0.
 8  0.
 9  0.
 10  0.
 11  0.
 12  0.
 13  0.
 14  0.
 15  0.
 16  0.
 17  0.
 18  0.
 19  0.
 20  0.
 21  0.
 22  0.
 23  0.
 24  0.
 25  0.
 26  0.
 27  0.
 28  0.
 29  0.
 30  0.
 31  0.
 32  0.
 33  0.
 34  0.
 35  0.
 36  0.
 37  0.
 38  0.
 39  0.
 40  0.
 41  0.
 42  0.
 43  0.
 44  0.
 45  0.
 46  0.
 47  0.
 48  0.
 49  0.
 50  0.
 51  0.
 52  0.
 53  0.
 54  0.
 55  0.
 56  0.
 57  0.
 58  0.
 59  0.
 60  0.
 61  0.
 62  0.
 63  0.
 64  0.
 65  0.
 66  0.
 67  0.
 68  0.
 69  0.
 70  0.
 71  0.
 72  0.
 73  0.
 74  0.
 75  0.
 76  0.
 77  0.
 78  0.
 79  0.
 80  0.
 81  0.
 82  0.
 83  0.
 84  0.
 85  0.
 86  0.
 87  0.
 88  0.
 89  0.
 90  0.
 91  0.
 92  0.
 93  0.
 94  0.
 95  0.
 96  0.
 97  0.
 98  0.
 99  0.
 100  0.
 101  0.
 102  0.
 103  0.
 104  0.
 105  0.
 106  0.
 107  0.
 108  0.
 109  0.
 110  0.
 111  0.
 112  0.
 113  0.
 114  0.
 115  0.
 116  0.
 117  0.
 118  0.
 119  0.
 120  0.
 121  0.
 122  0.
 123  0.
 124  0.
 125  0.
 126  0.
 127  0.
 128  0.
 129  0.
 130  0.
 131  0.
 132  0.
 133  0.
 134  0.
 135  0.
 136  0.
 137  0.
 138  0.
 139  0.
 140  0.
 141  0.
 142  0.
 143  0.
 144  0.
 145  0.
 146  0.
 147  0.
 148  0.
 149  0.
 150  0.
 151  0.
 152  0.
 153  0.
 154  0.
 155  0.
 156  0.
 157  0.
 158  0.
 159  0.
 160  0.
 161  0.
 162  0.
 163  0.
 164  0.
 165  0.
 166  0.
 167  0.
 168  0.
 169  0.
 170  0.
 171  0.
 172  0.
 173  0.
 174  0.
 175  0.
 176  0.
 177  0.
 178  0.
 179  0.
 180  0.
 181  0.
 182  0.
 183  0.
 184  0.
 185  0.
 186  0.
 187  0.
 188  0.
 189  0.
 190  0.
 191  0.
 192  0.
 193  0.
 194  0.
 195  0.
 196  0.
 197  0.
 198  0.
 199  0.
 200  0.
 201  0.
 202  0.
 203  0.
 204  0.
 205  0.
 206  0.
 207  0.
 208  0.
 209  0.
 210  0.
 211  0.
 212  0.
 213  0.
 214  0.
 215  0.
 216  0.
 217  0.
 218  0.
 219  0.
 220  0.
 221  0.
 222  0.
 223  0.
 224  0.
 225  0.
 226  0.
 227  0.
 228  0.
 229  0.
 230  0.
 231  0.
 232  0.
 233  0.
 234  0.
 235  0.
 236  0.
 237  0.
 238  0.
 239  0.
 240  0.
 241  0.
 242  0.
 243  0.
 244  0.
 245  0.
 246  0.
 247  0.
 248  0.
 249  0.
 250  0.
 251  0.
 252  0.
 253  0.
 254  0.
 255  0.
 256  0.
 257  0.
 258  0.
 259  0.
 260  0.
 261  0.
 262  0.
 263  0.
 264  0.
 265  0.
 266  0.
 267  0.
 268  0.
 269  0.
 270  0.
 271  0.
 272  0.
 273  0.
 274  0.
 275  0.
 276  0.
 277  0.
 278  0.
 279  0.
 280  0.
 281  0.
 282  0.
 283  0.
 284  0.
 285  0.
 286  0.
 287  0.
 288  0.
 289  0.
 290  0.
 291  0.
 292  0.
 293  0.
 294  0.
 295  0.
 296  0.
 297  0.
 298  0.
 299  0.
 300  0.
 301  0.
 302  0.
 303  0.
 304  0.
 305  0.
 306  0.
 307  0.
 308  0.
 309  0.
 310  0.
 311  0.
 312  0.
 313  0.
 314  0.
 315  0.
 316  0.
 317  0.
 318  0.
 319  0.
 320  0.
 321  0.
 322  0.
 323  0.
 324  0.
 325  0.
 326  0.
 327  0.
 328  0.
 329  0.
 330  0.
 331  0.
 332  0.
 333  0.
 334  0.
 335  0.
 336  0.
 337  0.
 338  0.
 339  0.
 340  0.
 341  0.
 342  0.
 343  0.
 344  0.
 345  0.
 346  0.
 347  0.
 348  0.
 349  0.
 350  0.
 351  0.
 352  0.
 353  0.
 354  0.
 355  0.
 356  0.
 357  0.
 358  0.
 359  0.
 360  0.
 361  0.
 362  0.
 363  0.
 364  0.
 365  0.
 366  0.
 367  0.
 368  0.
 369  0.
 370  0.
 371  0.
 372  0.
 373  0.
 374  0.
 375  0.
 376  0.
 377  0.
 378  0.
 379  0.
 380  0.
 381  0.
 382  0.
 383  0.
 384  0.
 385  0.
 386  0.
 387  0.
 388  0.
 389  0.
 390  0.
 391  0.
 392  0.
 393  0.
 394  0.
 395  0.
 396  0.
 397  0.
 398  0.
 399  0.
 400  0.
 401  0.
 402  0.
 403  0.
 404  0.
 405  0.
 406  0.
 407  0.
 408  0.
 409  0.
 410  0.
 411  0.
 412  0.
 413  0.
 414  0.
 415  0.
 416  0.
 417  0.
 418  0.
 419  0.
 420  0.
 421  0.
 422  0.
 423  0.
 424  0.
 425  0.
 426  0.
 427  0.
 428  0.
 429  0.
 430  0.
 431  0.
 432  0.
 433  0.
 434  0.
 435  0.
 436  0.
 437  0.
 438  0.
 439  0.
 440  0.
 441  0.
 442  0.
 443  0.
 444  0.
 445  0.
 446  0.
 447  0.
 448  0.
 449  0.
 450  0.
 451  0.
 452  0.
 453  0.
 454  0.
 455  0.
 456  0.
 457  0.
 458  0.
 459  0.
 460  0.
 461  0.
 462  0.
 463  0.
 464  0.
 465  0.
 466  0.
 467  0.
 468  0.
 469  0.
 470  0.
 471  0.
 472  0.
 473  0.
 474  0.
 475  0.
 476  0.
 477  0.
 478  0.
 479  0.
 480  0.
 481  0.
 482  0.
 483  0.
 484  0.
 485  0.
 486  0.
 487  0.
 488  0.
 489  0.
 490  0.
 491  0.
 492  0.
 493  0.
 494  0.
 495  0.
 496  0.
 497  0.
 498  0.
 499  0.
 500  0.

 1  0.
 2  0.
 3  0.
 4  0.
 5  0.
 6  0.
 7  0.
 8  0.
 9  0.
 10  0.
 11  0.
 12  0.
 13  0.
 14  0.
 15  0.
 16  0.
 17  0.
 18  0.
 19  0.
 20  0.
 21  0.
 22  0.
 23  0.
 24  0.
 25  0.
 26  0.
 27  0.
 28  0.
 29  0.
 30  0.
 31  0.
 32  0.
 33  0.
 34  0.
 35  0.
 36  0.
 37  0.
 38  0.
 39  0.
 40  0.
 41  0.
 42  0.
 43  0.
 44  0.
 45  0.
 46  0.
 47  0.
 48  0.
 49  0.
 50  0.
 51  0.
 52  0.
 53  0.
 54  0.
 55  0.
 56  0.
 57  0.
 58  0.
 59  0.
 60  0.
 61  0.
 62  0.
 63  0.
 64  0.
 65  0.
 66  0.
 67  0.
 68  0.
 69  0.
 70  0.
 71  0.
 72  0.
 73  0.
 74  0.
 75  0.
 76  0.
 77  0.
 78  0.
 79  0.
 80  0.
 81  0.
 82  0.
 83  0.
 84  0.
 85  0.
 86  0.
 87  0.
 88  0.
 89  0.
 90  0.
 91  0.
 92  0.
 93  0.
 94  0.
 95  0.
 96  0.
 97  0.
 98  0.
 99  0.
 100  0.
 101  0.
 102  0.
 103  0.
 104  0.
 105  0.
 106  0.
 107  0.
 108  0.
 109  0.
 110  0.
 111  0.
 112  0.
 113  0.
 114  0.
 115  0.
 116  0.
 117  0.
 118  0.
 119  0.
 120  0.
 121  0.
 122  0.
 123  0.
 124  0.
 125  0.
 126  0.
 127  0.
 128  0.
 129  0.
 130  0.
 131  0.
 132  0.
 133  0.
 134  0.
 135  0.
 136  0.
 137  0.
 138  0.
 139  0.
 140  0.
 141  0.
 142  0.
 143  0.
 144  0.
 145  0.
 146  0.
 147  0.
 148  0.
 149  0.
 150  0.
 151  0.
 152  0.
 153  0.
 154  0.
 155  0.
 156  0.
 157  0.
 158  0.
 159  0.
 160  0.
 161  0.
 162  0.
 163  0.
 164  0.
 165  0.
 166  0.
 167  0.
 168  0.
 169  0.
 170  0.
 171  0.
 172  0.
 173  0.
 174  0.
 175  0.
 176  0.
 177  0.
 178  0.
 179  0.
 180  0.
 181  0.
 182  0.
 183  0.
 184  0.
 185  0.
 186  0.
 187  0.
 188  0.
 189  0.
 190  0.
 191  0.
 192  0.
 193  0.
 194  0.
 195  0.
 196  0.
 197  0.
 198  0.
 199  0.
 200  0.
 201  0.
 202  0.
 203  0.
 204  0.
 205  0.
 206  0.
 207  0.
 208  0.
 209  0.
 210  0.
 211  0.
 212  0.
 213  0.
 214  0.
 215  0.
 216  0.
 217  0.
 218  0.
 219  0.
 220  0.
 221  0.
 222  0.
 223  0.
 224  0.
 225  0.
 226  0.
 227  0.
 228  0.
 229  0.
 230  0.
 231  0.
 232  0.
 233  0.
 234  0.
 235  0.
 236  0.
 237  0.
 238  0.
 239  0.
 240  0.
 241  0.
 242  0.
 243  0.
 244  0.
 245  0.
 246  0.
 247  0.
 248  0.
 249  0.
 250  0.
 251  0.
 252  0.
 253  0.
 254  0.
 255  0.
 256  0.
 257  0.
 258  0.
 259  0.
 260  0.
 261  0.
 262  0.
 263  0.
 264  0.
 265  0.
 266  0.
 267  0.
 268  0.
 269  0.
 270  0.
 271  0.
 272  0.
 273  0.
 274  0.
 275  0.
 276  0.
 277  0.
 278  0.
 279  0.
 280  0.
 281  0.
 282  0.
 283  0.
 284  0.
 285  0.
 286  0.
 287  0.
 288  0.
 289  0.
 290  0.
 291  0.
 292  0.
 293  0.
 294  0.
 295  0.
 296  0.
 297  0.
 298  0.
 299  0.
 300  0.
 301  0.
 302  0.
 303  0.
 304  0.
 305  0.
 306  0.
 307  0.
 308  0.
 309  0.
 310  0.
 311  0.
 312  0.
 313  0.
 314  0.
 315  0.
 316  0.
 317  0.
 318  0.
 319  0.
 320  0.
 321  0.
 322  0.
 323  0.
 324  0.
 325  0.
 326  0.
 327  0.
 328  0.
 329  0.
 330  0.
 331  0.
 332  0.
 333  0.
 334  0.
 335  0.
 336  0.
 337  0.
 338  0.
 339  0.
 340  0.
 341  0.
 342  0.
 343  0.
 344  0.
 345  0.
 346  0.
 347  0.
 348  0.
 349  0.
 350  0.
 351  0.
 352  0.
 353  0.
 354  0.
 355  0.
 356  0.
 357  0.
 358  0.
 359  0.
 360  0.
 361  0.
 362  0.
 363  0.
 364  0.
 365  0.
 366  0.
 367  0.
 368  0.
 369  0.
 370  0.
 371  0.
 372  0.
 373  0.
 374  0.
 375  0.
 376  0.
 377  0.
 378  0.
 379  0.
 380  0.
 381  0.
 382  0.
 383  0.
 384  0.
 385  0.
 386  0.
 387  0.
 388  0.
 389  0.
 390  0.
 391  0.
 392  0.
 393  0.
 394  0.
 395  0.
 396  0.
 397  0.
 398  0.
 399  0.
 400  0.
 401  0.
 402  0.
 403  0.
 404  0.
 405  0.
 406  0.
 407  0.
 408  0.
 409  0.
 410  0.
 411  0.
 412  0.
 413  0.
 414  0.
 415  0.
 416  0.
 417  0.
 418  0.
 419  0.
 420  0.
 421  0.
 422  0.
 423  0.
 424  0.
 425  0.
 426  0.
 427  0.
 428  0.
 429  0.
 430  0.
 431  0.
 432  0.
 433  0.
 434  0.
 435  0.
 436  0.
 437  0.
 438  0.
 439  0.
 440  0.
 441  0.
 442  0.
 443  0.
 444  0.
 445  0.
 446  0.
 447  0.
 448  0.
 449  0.
 450  0.
 451  0.
 452  0.
 453  0.
 454  0.
 455  0.
 456  0.
 457  0.
 458  0.
 459  0.
 460  0.
 461  0.
 462  0.
 463  0.
 464  0.
 465  0.
 466  0.
 467  0.
 468  0.
 469  0.
 470  0.
 471  0.
 472  0.
 473  0.
 474  0.
 475  0.
 476  0.
 477  0.
 478  0.
 479  0.
 480  0.
 481  0.
 482  0.
 483  0.
 484  0.
 485  0.
 486  0.
 487  0.
 488  0.
 489  0.
 490  0.
 491  0.
 492  0.
 493  0.
 494  0.
 495  0.
 496  0.
 497  0.
 498  0.
 499  0.
 500  0.

 1  0.
 2  0.
 3  0.
 4  0.
 5  0.
 6  0.
 7  0.
 8  0.
 9  0.
 10  0.
 11  0.
 12  0.
 13  0.
 14  0.
 15  0.
 16  0.
 17  0.
 18  0.
 19  0.
 20  0.
 21  0.
 22  0.
 23  0.
 24  0.
 25  0.
 26  0.
 27  0.
 28  0.
 29  0.
 30  0.
 31  0.
 32  0.
 33  0.
 34  0.
 35  0.
 36  0.
 37  0.
 38  0.
 39  0.
 40  0.
 41  0.
 42  0.
 43  0.
 44  0.
 45  0.
 46  0.
 47  0.
 48  0.
 49  0.
 50  0.
 51  0.
 52  0.
 53  0.
 54  0.
 55  0.
 56  0.
 57  0.
 58  0.
 59  0.
 60  0.
 61  0.
 62  0.
 63  0.
 64  0.
 65  0.
 66  0.
 67  0.
 68  0.
 69  0.
 70  0.
 71  0.
 72  0.
 73  0.
 74  0.
 75  0.
 76  0.
 77  0.
 78  0.
 79  0.
 80  0.
 81  0.
 82  0.
 83  0.
 84  0.
 85  0.
 86  0.
 87  0.
 88  0.
 89  0.
 90  0.
 91  0.
 92  0.
 93  0.
 94  0.
 95  0.
 96  0.
 97  0.
 98  0.
 99  0.
 100  0.
 101  0.
 102  0.
 103  0.
 104  0.
 105  0.
 106  0.
 107  0.
 108  0.
 109  0.
 110  0.
 111  0.
 112  0.
 113  0.
 114  0.
 115  0.
 116  0.
 117  0.
 118  0.
 119  0.
 120  0.
 121  0.
 122  0.
 123  0.
 124  0.
 125  0.
 126  0.
 127  0.
 128  0.
 129  0.
 130  0.
 131  0.
 132  0.
 133  0.
 134  0.
 135  0.
 136  0.
 137  0.
 138  0.
 139  0.
 140  0.
 141  0.
 142  0.
 143  0.
 144  0.
 145  0.
 146  0.
 147  0.
 148  0.
 149  0.
 150  0.
 151  0.
 152  0.
 153  0.
 154  0.
 155  0.
 156  0.
 157  0.
 158  0.
 159  0.
 160  0.
 161  0.
 162  0.
 163  0.
 164  0.
 165  0.
 166  0.
 167  0.
 168  0.
 169  0.
 170  0.
 171  0.
 172  0.
 173  0.
 174  0.
 175  0.
 176  0.
 177  0.
 178  0.
 179  0.
 180  0.
 181  0.
 182  0.
 183  0.
 184  0.
 185  0.
 186  0.
 187  0.
 188  0.
 189  0.
 190  0.
 191  0.
 192  0.
 193  0.
 194  0.
 195  0.
 196  0.
 197  0.
 198  0.
 199  0.
 200  0.
 201  0.
 202  0.
 203  0.
 204  0.
 205  0.
 206  0.
 207  0.
 208  0.
 209  0.
 210  0.
 211  0.
 212  0.
 213  0.
 214  0.
 215  0.
 216  0.
 217  0.
 218  0.
 219  0.
 220  0.
 221  0.
 222  0.
 223  0.
 224  0.
 225  0.
 226  0.
 227  0.
 228  0.
 229  0.
 230  0.
 231  0.
 232  0.
 233  0.
 234  0.
 235  0.
 236  0.
 237  0.
 238  0.
 239  0.
 240  0.
 241  0.
 242  0.
 243  0.
 244  0.
 245  0.
 246  0.
 247  0.
 248  0.
 249  0.
 250  0.
 251  0.
 252  0.
 253  0.
 254  0.
 255  0.
 256  0.
 257  0.
 258  0.
 259  0.
 260  0.
 261  0.
 262  0.
 263  0.
 264  0.
 265  0.
 266  0.
 267  0.
 268  0.
 269  0.
 270  0.
 271  0.
 272  0.
 273  0.
 274  0.
 275  0.
 276  0.
 277  0.
 278  0.
 279  0.
 280  0.
 281  0.
 282  0.
 283  0.
 284  0.
 285  0.
 286  0.
 287  0.
 288  0.
 289  0.
 290  0.
 291  0.
 292  0.
 293  0.
 294  0.
 295  0.
 296  0.
 297  0.
 298  0.
 299  0.
 300  0.
 301  0.
 302  0.
 303  0.
 304  0.
 305  0.
 306  0.
 307  0.
 308  0.
 309  0.
 310  0.
 311  0.
 312  0.
 313  0.
 314  0.
 315  0.
 316  0.
 317  0.
 318  0.
 319  0.
 320  0.
 321  0.
 322  0.
 323  0.
 324  0.
 325  0.
 326  0.
 327  0.
 328  0.
 329  0.
 330  0.
 331  0.
 332  0.
 333  0.
 334  0.
 335  0.
 336  0.
 337  0.
 338  0.
 339  0.
 340  0.
 341  0.
 342  0.
 343  0.
 344  0.
 345  0.
 346  0.
 347  0.
 348  0.
 349  0.
 350  0.
 351  0.
 352  0.
 353  0.
 354  0.
 355  0.
 356  0.
 357  0.
 358  0.
 359  0.
 360  0.
 361  0.
 362  0.
 363  0.
 364  0.
 365  0.
 366  0.
 367  0.
 368  0.
 369  0.
 370  0.
 371  0.
 372  0.
 373  0.
 374  0.
 375  0.
 376  0.
 377  0.
 378  0.
 379  0.
 380  0.
 381  0.
 382  0.
 383  0.
 384  0.
 385  0.
 386  0.
 387  0.
 388  0.
 389  0.
 390  0.
 391  0.
 392  0.
 393  0.
 394  0.
 395  0.
 396  0.
 397  0.
 398  0.
 399  0.
 400  0.
 401  0.
 402  0.
 403  0.
 404  0.
 405  0.
 406  0.
 407  0.
 408  0.
 409  0.
 410  0.
 411  0.
 412  0.
 413  0.
 414  0.
 415  0.
 416  0.
 417  0.
 418  0.
 419  0.
 420  0.
 421  0.
 422  0.
 423  0.
 424  0.
 425  0.
 426  0.
 427  0.
 428  0.
 429  0.
 430  0.
 431  0.
 432  0.
 433  0.
 434  0.
 435  0.
 436  0.
 437  0.
 438  0.
 439  0.
 440  0.
 441  0.
 442  0.
 443  0.
 444  0.
 445  0.
 446  0.
 447  0.
 448  0.
 449  0.
 450  0.
 451  0.
 452  0.
 453  0.
 454  0.
 455  0.
 456  0.
 457  0.
 458  0.
 459  0.
 460  0.
 461  0.
 462  0.
 463  0.
 464  0.
 465  0.
 466  0.
 467  0.
 468  0.
 469  0.
 470  0.
 471  0.
 472  0.
 473  0.
 474  0.
 475  0.
 476  0.
 477  0.
 478  0.
 479  0.
 480  0.
 481  0.
 482  0.
 483  0.
 484  0.
 485  0.
 486  0.
 487  0.
 488  0.
 489  0.
 490  0.
 491  0.
 492  0.
 493  0.
 494  0.
 495  0.
 496  0.
 497  0.
 498  0.
 499  0.
 500  0.

 1  0.
 2  0.
 3  0.
 4  0.
 5  0.
 6  0.
 7  0.
 8  0.
 9  0.
 10  0.
 11  0.
 12  0.
 13  0.
 14  0.
 15  0.
 16  0.
 17  0.
 18  0.
 19  0.
 20  0.
 21  0.
 22  0.
 23  0.
 24  0.
 25  0.
 26  0.
 27  0.
 28  0.
 29  0.
 30  0.
 31  0.
 32  0.
 33  0.
 34  0.
 35  0.
 36  0.
 37  0.
 38  0.
 39  0.
 40  0.
 41  0.
 42  0.
 43  0.
 44  0.
 45  0.
 46  0.
 47  0.
 48  0.
 49  0.
 50  0.
 51  0.
 52  0.
 53  0.
 54  0.
 55  0.
 56  0.
 57  0.
 58  0.
 59  0.
 60  0.
 61  0.
 62  0.
 63  0.
 64  0.
 65  0.
 66  0.
 67  0.
 68  0.
 69  0.
 70  0.
 71  0.
 72  0.
 73  0.
 74  0.
 75  0.
 76  0.
 77  0.
 78  0.
 79  0.
 80  0.
 81  0.
 82  0.
 83  0.
 84  0.
 85  0.
 86  0.
 87  0.
 88  0.
 89  0.
 90  0.
 91  0.
 92  0.
 93  0.
 94  0.
 95  0.
 96  0.
 97  0.
 98  0.
 99  0.
 100  0.
 101  0.
 102  0.
 103  0.
 104  0.
 105  0.
 106  0.
 107  0.
 108  0.
 109  0.
 110  0.
 111  0.
 112  0.
 113  0.
 114  0.
 115  0.
 116  0.
 117  0.
 118  0.
 119  0.
 120  0.
 121  0.
 122  0.
 123  0.
 124  0.
 125  0.
 126  0.
 127  0.
 128  0.
 129  0.
 130  0.
 131  0.
 132  0.
 133  0.
 134  0.
 135  0.
 136  0.
 137  0.
 138  0.
 139  0.
 140  0.
 141  0.
 142  0.
 143  0.
 144  0.
 145  0.
 146  0.
 147  0.
 148  0.
 149  0.
 150  0.
 151  0.
 152  0.
 153  0.
 154  0.
 155  0.
 156  0.
 157  0.
 158  0.
 159  0.
 160  0.
 161  0.
 162  0.
 163  0.
 164  0.
 165  0.
 166  0.
 167  0.
 168  0.
 169  0.
 170  0.
 171  0.
 172  0.
 173  0.
 174  0.
 175  0.
 176  0.
 177  0.
 178  0.
 179  0.
 180  0.
 181  0.
 182  0.
 183  0.
 184  0.
 185  0.
 186  0.
 187  0.
 188  0.
 189  0.
 190  0.
 191  0.
 192  0.
 193  0.
 194  0.
 195  0.
 196  0.
 197  0.
 198  0.
 199  0.
 200  0.
 201  0.
 202  0.
 203  0.
 204  0.
 205  0.
 206  0.
 207  0.
 208  0.
 209  0.
 210  0.
 211  0.
 212  0.
 213  0.
 214  0.
 215  0.
 216  0.
 217  0.
 218  0.
 219  0.
 220  0.
 221  0.
 222  0.
 223  0.
 224  0.
 225  0.
 226  0.
 227  0.
 228  0.
 229  0.
 230  0.
 231  0.
 232  0.
 233  0.
 234  0.
 235  0.
 236  0.
 237  0.
 238  0.
 239  0.
 240  0.
 241  0.
 242  0.
 243  0.
 244  0.
 245  0.
 246  0.
 247  0.
 248  0.
 249  0.
 250  0.
 251  0.
 252  0.
 253  0.
 254  0.
 255  0.
 256  0.
 257  0.
 258  0.
 259  0.
 260  0.
 261  0.
 262  0.
 263  0.
 264  0.
 265  0.
 266  0.
 267  0.
 268  0.
 269  0.
 270  0.
 271  0.
 272  0.
 273  0.
 274  0.
 275  0.
 276  0.
 277  0.
 278  0.
 279  0.
 280  0.
 281  0.
 282  0.
 283  0.
 284  0.
 285  0.
 286  0.
 287  0.
 288  0.
 289  0.
 290  0.
 291  0.
 292  0.
 293  0.
 294  0.
 295  0.
 296  0.
 297  0.
 298  0.
 299  0.
 300  0.
 301  0.
 302  0.
 303  0.
 304  0.
 305  0.
 306  0.
 307  0.
 308  0.
 309  0.
 310  0.
 311  0.
 312  0.
 313  0.
 314  0.
 315  0.
 316  0.
 317  0.
 318  0.
 319  0.
 320  0.
 321  0.
 322  0.
 323  0.
 324  0.
 325  0.
 326  0.
 327  0.
 328  0.
 329  0.
 330  0.
 331  0.
 332  0.
 333  0.
 334  0.
 335  0.
 336  0.
 337  0.
 338  0.
 339  0.
 340  0.
 341  0.
 342  0.
 343  0.
 344  0.
 345  0.
 346  0.
 347  0.
 348  0.
 349  0.
 350  0.
 351  0.
 352  0.
 353  0.
 354  0.
 355  0.
 356  0.
 357  0.
 358  0.
 359  0.
 360  0.
 361  0.
 362  0.
 363  0.
 364  0.
 365  0.
 366  0.
 367  0.
 368  0.
 369  0.
 370  0.
 371  0.
 372  0.
 373  0.
 374  0.
 375  0.
 376  0.
 377  0.
 378  0.
 379  0.
 380  0.
 381  0.
 382  0.
 383  0.
 384  0.
 385  0.
 386  0.
 387  0.
 388  0.
 389  0.
 390  0.
 391  0.
 392  0.
 393  0.
 394  0.
 395  0.
 396  0.
 397  0.
 398  0.
 399  0.
 400  0.
 401  0.
 402  0.
 403  0.
 404  0.
 405  0.
 406  0.
 407  0.
 408  0.
 409  0.
 410  0.
 411  0.
 412  0.
 413  0.
 414  0.
 415  0.
 416  0.
 417  0.
 418  0.
 419  0.
 420  0.
 421  0.
 422  0.
 423  0.
 424  0.
 425  0.
 426  0.
 427  0.
 428  0.
 429  0.
 430  0.
 431  0.
 432  0.
 433  0.
 434  0.
 435  0.
 436  0.
 437  0.
 438  0.
 439  0.
 440  0.
 441  0.
 442  0.
 443  0.
 444  0.
 445  0.
 446  0.
 447  0.
 448  0.
 449  0.
 450  0.
 451  0.
 452  0.
 453  0.
 454  0.
 455  0.
 456  0.
 457  0.
 458  0.
 459  0.
 460  0.
 461  0.
 462  0.
 463  0.
 464  0.
 465  0.
 466  0.
 467  0.
 468  0.
 469  0.
 470  0.
 471  0.
 472  0.
 473  0.
 474  0.
 475  0.
 476  0.
 477  0.
 478  0.
 479  0.
 480  0.
 481  0.
 482  0.
 483  0.
 484  0.
 485  0.
 486  0.
 487  0.
 488  0.
 489  0.
 490  0.
 491  0.
 492  0.
 493  0.
 494  0.
 495  0.
 496  0.
 497  0.
 498  0.
 499  0.
 500  0.

 1  0.
 2  0.
 3  0.
 4  0.
 5  0.
 6  0.
 7  0.
 8  0.
 9  0.
 10  0.
 11  0.
 12  0.
 13  0.
 14  0.
 15  0.
 16  0.
 17  0.
 18  0.
 19  0.
 20  0.
 21  0.
 22  0.
 23  0.
 24  0.
 25  0.
 26  0.
 27  0.
 28  0.
 29  0.
 30  0.
 31  0.
 32  0.
 33  0.
 34  0.
 35  0.
 36  0.
 37  0.
 38  0.
 39  0.
 40  0.
 41  0.
 42  0.
 43  0.
 44  0.
 45  0.
 46  0.
 47  0.
 48  0.
 49  0.
 50  0.
 51  0.
 52  0.
 53  0.
 54  0.
 55  0.
 56  0.
 57  0.
 58  0.
 59  0.
 60  0.
 61  0.
 62  0.
 63  0.
 64  0.
 65  0.
 66  0.
 67  0.
 68  0.
 69  0.
 70  0.
 71  0.
 72  0.
 73  0.
 74  0.
 75  0.
 76  0.
 77  0.
 78  0.
 79  0.
 80  0.
 81  0.
 82  0.
 83  0.
 84  0.
 85  0.
 86  0.
 87  0.
 88  0.
 89  0.
 90  0.
 91  0.
 92  0.
 93  0.
 94  0.
 95  0.
 96  0.
 97  0.
 98  0.
 99  0.
 100  0.
 101  0.
 102  0.
 103  0.
 104  0.
 105  0.
 106  0.
 107  0.
 108  0.
 109  0.
 110  0.
 111  0.
 112  0.
 113  0.
 114  0.
 115  0.
 116  0.
 117  0.
 118  0.
 119  0.
 120  0.
 121  0.
 122  0.
 123  0.
 124  0.
 125  0.
 126  0.
 127  0.
 128  0.
 129  0.
 130  0.
 131  0.
 132  0.
 133  0.
 134  0.
 135  0.
 136  0.
 137  0.
 138  0.
 139  0.
 140  0.
 141  0.
 142  0.
 143  0.
 144  0.
 145  0.
 146  0.
 147  0.
 148  0.
 149  0.
 150  0.
 151  0.
 152  0.
 153  0.
 154  0.
 155  0.
 156  0.
 157  0.
 158  0.
 159  0.
 160  0.
 161  0.
 162  0.
 163  0.
 164  0.
 165  0.
 166  0.
 167  0.
 168  0.
 169  0.
 170  0.
 171  0.
 172  0.
 173  0.
 174  0.
 175  0.
 176  0.
 177  0.
 178  0.
 179  0.
 180  0.
 181  0.
 182  0.
 183  0.
 184  0.
 185  0.
 186  0.
 187  0.
 188  0.
 189  0.
 190  0.
 191  0.
 192  0.
 193  0.
 194  0.
 195  0.
 196  0.
 197  0.
 198  0.
 199  0.
 200  0.
 201  0.
 202  0.
 203  0.
 204  0.
 205  0.
 206  0.
 207  0.
 208  0.
 209  0.
 210  0.
 211  0.
 212  0.
 213  0.
 214  0.
 215  0.
 216  0.
 217  0.
 218  0.
 219  0.
 220  0.
 221  0.
 222  0.
 223  0.
 224  0.
 225  0.
 226  0.
 227  0.
 228  0.
 229  0.
 230  0.
 231  0.
 232  0.
 233  0.
 234  0.
 235  0.
 236  0.
 237  0.
 238  0.
 239  0.
 240  0.
 241  0.
 242  0.
 243  0.
 244  0.
 245  0.
 246  0.
 247  0.
 248  0.
 249  0.
 250  0.
 251  0.
 252  0.
 253  0.
 254  0.
 255  0.
 256  0.
 257  0.
 258  0.
 259  0.
 260  0.
 261  0.
 262  0.
 263  0.
 264  0.
 265  0.
 266  0.
 267  0.
 268  0.
 269  0.
 270  0.
 271  0.
 272  0.
 273  0.
 274  0.
 275  0.
 276  0.
 277  0.
 278  0.
 279  0.
 280  0.
 281  0.
 282  0.
 283  0.
 284  0.
 285  0.
 286  0.
 287  0.
 288  0.
 289  0.
 290  0.
 291  0.
 292  0.
 293  0.
 294  0.
 295  0.
 296  0.
 297  0.
 298  0.
 299  0.
 300  0.
 301  0.
 302  0.
 303  0.
 304  0.
 305  0.
 306  0.
 307  0.
 308  0.
 309  0.
 310  0.
 311  0.
 312  0.
 313  0.
 314  0.
 315  0.
 316  0.
 317  0.
 318  0.
 319  0.
 320  0.
 321  0.
 322  0.
 323  0.
 324  0.
 325  0.
 326  0.
 327  0.
 328  0.
 329  0.
 330  0.
 331  0.
 332  0.
 333  0.
 334  0.
 335  0.
 336  0.
 337  0.
 338  0.
 339  0.
 340  0.
 341  0.
 342  0.
 343  0.
 344  0.
 345  0.
 346  0.
 347  0.
 348  0.
 349  0.
 350  0.
 351  0.
 352  0.
 353  0.
 354  0.
 355  0.
 356  0.
 357  0.
 358  0.
 359  0.
 360  0.
 361  0.
 362  0.
 363  0.
 364  0.
 365  0.
 366  0.
 367  0.
 368  0.
 369  0.
 370  0.
 371  0.
 372  0.
 373  0.
 374  0.
 375  0.
 376  0.
 377  0.
 378  0.
 379  0.
 380  0.
 381  0.
 382  0.
 383  0.
 384  0.
 385  0.
 386  0.
 387  0.
 388  0.
 389  0.
 390  0.
 391  0.
 392  0.
 393  0.
 394  0.
 395  0.
 396  0.
 397  0.
 398  0.
 399  0.
 400  0.
 401  0.
 402  0.
 403  0.
 404  0.
 405  0.
 406  0.
 407  0.
 408  0.
 409  0.
 410  0.
 411  0.
 412  0.
 413  0.
 414  0.
 415  0.
 416  0.
 417  0.
 418  0.
 419  0.
 420  0.
 421  0.
 422  0.
 423  0.
 424  0.
 425  0.
 426  0.
 427  0.
 428  0.
 429  0.
 430  0.
 431  0.
 432  0.
 433  0.
 434  0.
 435  0.
 436  0.
 437  0.
 438  0.
 439  0.
 440  0.
 441  0.
 442  0.
 443  0.
 444  0.
 445  0.
 446  0.
 447  0.
 448  0.
 449  0.
 450  0.
 451  0.
 452  0.
 453  0.
 454  0.
 455  0.
 456  0.
 457  0.
 458  0.
 459  0.
 460  0.
 461  0.
 462  0.
 463  0.
 464  0.
 465  0.
 466  0.
 467  0.
 468  0.
 469  0.
 470  0.
 471  0.
 472  0.
 473  0.
 474  0.
 475  0.
 476  0.
 477  0.
 478  0.
 479  0.
 480  0.
 481  0.
 482  0.
 483  0.
 484  0.
 485  0.
 486  0.
 487  0.
 488  0.
 489  0.
 490  0.
 491  0.
 492  0.
 493  0.
 494  0.
 495  0.
 496  0.
 497  0.
 498  0.
 499  0.
 500  0.

 1  0.
 2  0.
 3  0.
 4  0.
 5  0.
 6  0.
 7  0.
 8  0.
 9  0.
 10  0.
 11  0.
 12  0.
 13  0.
 14  0.
 15  0.
 16  0.
 17  0.
 18  0.
 19  0.
 20  0.
 21  0.
 22  0.
 23  0.
 24  0.
 25  0.
 26  0.
 27  0.
 28  0.
 29  0.
 30  0.
 31  0.
 32  0.
 33  0.
 34  0.
 35  0.
 36  0.
 37  0.
 38  0.
 39  0.
 40  0.
 41  0.
 42  0.
 43  0.
 44  0.
 45  0.
 46  0.
 47  0.
 48  0.
 49  0.
 50  0.
 51  0.
 52  0.
 53  0.
 54  0.
 55  0.
 56  0.
 57  0.
 58  0.
 59  0.
 60  0.
 61  0.
 62  0.
 63  0.
 64  0.
 65  0.
 66  0.
 67  0.
 68  0.
 69  0.
 70  0.
 71  0.
 72  0.
 73  0.
 74  0.
 75  0.
 76  0.
 77  0.
 78  0.
 79  0.
 80  0.
 81  0.
 82  0.
 83  0.
 84  0.
 85  0.
 86  0.
 87  0.
 88  0.
 89  0.
 90  0.
 91  0.
 92  0.
 93  0.
 94  0.
 95  0.
 96  0.
 97  0.
 98  0.
 99  0.
 100  0.
 101  0.
 102  0.
 103  0.
 104  0.
 105  0.
 106  0.
 107  0.
 108  0.
 109  0.
 110  0.
 111  0.
 112  0.
 113  0.
 114  0.
 115  0.
 116  0.
 117  0.
 118  0.
 119  0.
 120  0.
 121  0.
 122  0.
 123  0.
 124  0.
 125  0.
 126  0.
 127  0.
 128  0.
 129  0.
 130  0.
 131  0.
 132  0.
 133  0.
 134  0.
 135  0.
 136  0.
 137  0.
 138  0.
 139  0.
 140  0.
 141  0.
 142  0.
 143  0.
 144  0.
 145  0.
 146  0.
 147  0.
 148  0.
 149  0.
 150  0.
 151  0.
 152  0.
 153  0.
 154  0.
 155  0.
 156  0.
 157  0.
 158  0.
 159  0.
 160  0.
 161  0.
 162  0.
 163  0.
 164  0.
 165  0.
 166  0.
 167  0.
 168  0.
 169  0.
 170  0.
 171  0.
 172  0.
 173  0.
 174  0.
 175  0.
 176  0.
 177  0.
 178  0.
 179  0.
 180  0.
 181  0.
 182  0.
 183  0.
 184  0.
 185  0.
 186  0.
 187  0.
 188  0.
 189  0.
 190  0.
 191  0.
 192  0.
 193  0.
 194  0.
 195  0.
 196  0.
 197  0.
 198  0.
 199  0.
 200  0.
 201  0.
 202  0.
 203  0.
 204  0.
 205  0.
 206  0.
 207  0.
 208  0.
 209  0.
 210  0.
 211  0.
 212  0.
 213  0.
 214  0.
 215  0.
 216  0.
 217  0.
 218  0.
 219  0.
 220  0.
 221  0.
 222  0.
 223  0.
 224  0.
 225  0.
 226  0.
 227  0.
 228  0.
 229  0.
 230  0.
 231  0.
 232  0.
 233  0.
 234  0.
 235  0.
 236  0.
 237  0.
 238  0.
 239  0.
 240  0.
 241  0.
 242  0.
 243  0.
 244  0.
 245  0.
 246  0.
 247  0.
 248  0.
 249  0.
 250  0.
 251  0.
 252  0.
 253  0.
 254  0.
 255  0.
 256  0.
 257  0.
 258  0.
 259  0.
 260  0.
 261  0.
 262  0.
 263  0.
 264  0.
 265  0.
 266  0.
 267  0.
 268  0.
 269  0.
 270  0.
 271  0.
 272  0.
 273  0.
 274  0.
 275  0.
 276  0.
 277  0.
 278  0.
 279  0.
 280  0.
 281  0.
 282  0.
 283  0.
 284  0.
 285  0.
 286  0.
 287  0.
 288  0.
 289  0.
 290  0.
 291  0.
 292  0.
 293  0.
 294  0.
 295  0.
 296  0.
 297  0.
 298  0.
 299  0.
 300  0.
 301  0.
 302  0.
 303  0.
 304  0.
 305  0.
 306  0.
 307  0.
 308  0.
 309  0.
 310  0.
 311  0.
 312  0.
 313  0.
 314  0.
 315  0.
 316  0.
 317  0.
 318  0.
 319  0.
 320  0.
 321  0.
 322  0.
 323  0.
 324  0.
 325  0.
 326  0.
 327  0.
 328  0.
 329  0.
 330  0.
 331  0.
 332  0.
 333  0.
 334  0.
 335  0.
 336  0.
 337  0.
 338  0.
 339  0.
 340  0.
 341  0.
 342  0.
 343  0.
 344  0.
 345  0.
 346  0.
 347  0.
 348  0.
 349  0.
 350  0.
 351  0.
 352  0.
 353  0.
 354  0.
 355  0.
 356  0.
 357  0.
 358  0.
 359  0.
 360  0.
 361  0.
 362  0.
 363  0.
 364  0.
 365  0.
 366  0.
 367  0.
 368  0.
 369  0.
 370  0.
 371  0.
 372  0.
 373  0.
 374  0.
 375  0.
 376  0.
 377  0.
 378  0.
 379  0.
 380  0.
 381  0.
 382  0.
 383  0.
 384  0.
 385  0.
 386  0.
 387  0.
 388  0.
 389  0.
 390  0.
 391  0.
 392  0.
 393  0.
 394  0.
 395  0.
 396  0.
 397  0.
 398  0.
 399  0.
 400  0.
 401  0.
 402  0.
 403  0.
 404  0.
 405  0.
 406  0.
 407  0.
 408  0.
 409  0.
 410  0.
 411  0.
 412  0.
 413  0.
 414  0.
 415  0.
 416  0.
 417  0.
 418  0.
 419  0.
 420  0.
 421  0.
 422  0.
 423  0.
 424  0.
 425  0.
 426  0.
 427  0.
 428  0.
 429  0.
 430  0.
 431  0.
 432  0.
 433  0.
 434  0.
 435  0.
 436  0.
 437  0.
 438  0.
 439  0.
 440  0.
 441  0.
 442  0.
 443  0.
 444  0.
 445  0.
 446  0.
 447  0.
 448  0.
 449  0.
 450  0.
 451  0.
 452  0.
 453  0.
 454  0.
 455  0.
 456  0.
 457  0.
 458  0.
 459  0.
 460  0.
 461  0.
 462  0.
 463  0.
 464  0.
 465  0.
 466  0.
 467  0.
 468  0.
 469  0.
 470  0.
 471  0.
 472  0.
 473  0.
 474  0.
 475  0.
 476  0.
 477  0.
 478  0.
 479  0.
 480  0.
 481  0.
 482  0.
 483  0.
 484  0.
 485  0.
 486  0.
 487  0.
 488  0.
 489  0.
 490  0.
 491  0.
 492  0.
 493  0.
 494  0.
 495  0.
 496  0.
 497  0.
 498  0.
 499  0.
 500  0.

 1  0.
 2  0.
 3  0.
 4  0.
 5  0.
 6  0.
 7  0.
 8  0.
 9  0.
 10  0.
 11  0.
 12  0.
 13  0.
 14  0.
 15  0.
 16  0.
 17  0.
 18  0.
 19  0.
 20  0.
 21  0.
 22  0.
 23  0.
 24  0.
 25  0.
 26  0.
 27  0.
 28  0.
 29  0.
 30  0.
 31  0.
 32  0.
 33  0.
 34  0.
 35  0.
 36  0.
 37  0.
 38  0.
 39  0.
 40  0.
 41  0.
 42  0.
 43  0.
 44  0.
 45  0.
 46  0.
 47  0.
 48  0.
 49  0.
 50  0.
 51  0.
 52  0.
 53  0.
 54  0.
 55  0.
 56  0.
 57  0.
 58  0.
 59  0.
 60  0.
 61  0.
 62  0.
 63  0.
 64  0.
 65  0.
 66  0.
 67  0.
 68  0.
 69  0.
 70  0.
 71  0.
 72  0.
 73  0.
 74  0.
 75  0.
 76  0.
 77  0.
 78  0.
 79  0.
 80  0.
 81  0.
 82  0.
 83  0.
 84  0.
 85  0.
 86  0.
 87  0.
 88  0.
 89  0.
 90  0.
 91  0.
 92  0.
 93  0.
 94  0.
 95  0.
 96  0.
 97  0.
 98  0.
 99  0.
 100  0.
 101  0.
 102  0.
 103  0.
 104  0.
 105  0.
 106  0.
 107  0.
 108  0.
 109  0.
 110  0.
 111  0.
 112  0.
 113  0.
 114  0.
 115  0.
 116  0.
 117  0.
 118  0.
 119  0.
 120  0.
 121  0.
 122  0.
 123  0.
 124  0.
 125  0.
 126  0.
 127  0.
 128  0.
 129  0.
 130  0.
 131  0.
 132  0.
 133  0.
 134  0.
 135  0.
 136  0.
 137  0.
 138  0.
 139  0.
 140  0.
 141  0.
 142  0.
 143  0.
 144  0.
 145  0.
 146  0.
 147  0.
 148  0.
 149  0.
 150  0.
 151  0.
 152  0.
 153  0.
 154  0.
 155  0.
 156  0.
 157  0.
 158  0.
 159  0.
 160  0.
 161  0.
 162  0.
 163  0.
 164  0.
 165  0.
 166  0.
 167  0.
 168  0.
 169  0.
 170  0.
 171  0.
 172  0.
 173  0.
 174  0.
 175  0.
 176  0.
 177  0.
 178  0.
 179  0.
 180  0.
 181  0.
 182  0.
 183  0.
 184  0.
 185  0.
 186  0.
 187  0.
 188  0.
 189  0.
 190  0.
 191  0.
 192  0.
 193  0.
 194  0.
 195  0.
 196  0.
 197  0.
 198  0.
 199  0.
 200  0.
 201  0.
 202  0.
 203  0.
 204  0.
 205  0.
 206  0.
 207  0.
 208  0.
 209  0.
 210  0.
 211  0.
 212  0.
 213  0.
 214  0.
 215  0.
 216  0.
 217  0.
 218  0.
 219  0.
 220  0.
 221  0.
 222  0.
 223  0.
 224  0.
 225  0.
 226  0.
 227  0.
 228  0.
 229  0.
 230  0.
 231  0.
 232  0.
 233  0.
 234  0.
 235  0.
 236  0.
 237  0.
 238  0.
 239  0.
 240  0.
 241  0.
 242  0.
 243  0.
 244  0.
 245  0.
 246  0.
 247  0.
 248  0.
 249  0.
 250  0.
 251  0.
 252  0.
 253  0.
 254  0.
 255  0.
 256  0.
 257  0.
 258  0.
 259  0.
 260  0.
 261  0.
 262  0.
 263  0.
 264  0.
 265  0.
 266  0.
 267  0.
 268  0.
 269  0.
 270  0.
 271  0.
 272  0.
 273  0.
 274  0.
 275  0.
 276  0.
 277  0.
 278  0.
 279  0.
 280  0.
 281  0.
 282  0.
 283  0.
 284  0.
 285  0.
 286  0.
 287  0.
 288  0.
 289  0.
 290  0.
 291  0.
 292  0.
 293  0.
 294  0.
 295  0.
 296  0.
 297  0.
 298  0.
 299  0.
 300  0.
 301  0.
 302  0.
 303  0.
 304  0.
 305  0.
 306  0.
 307  0.
 308  0.
 309  0.
 310  0.
 311  0.
 312  0.
 313  0.
 314  0.
 315  0.
 316  0.
 317  0.
 318  0.
 319  0.
 320  0.
 321  0.
 322  0.
 323  0.
 324  0.
 325  0.
 326  0.
 327  0.
 328  0.
 329  0.
 330  0.
 331  0.
 332  0.
 333  0.
 334  0.
 335  0.
 336  0.
 337  0.
 338  0.
 339  0.
 340  0.
 341  0.
 342  0.
 343  0.
 344  0.
 345  0.
 346  0.
 347  0.
 348  0.
 349  0.
 350  0.
 351  0.
 352  0.
 353  0.
 354  0.
 355  0.
 356  0.
 357  0.
 358  0.
 359  0.
 360  0.
 361  0.
 362  0.
 363  0.
 364  0.
 365  0.
 366  0.
 367  0.
 368  0.
 369  0.
 370  0.
 371  0.
 372  0.
 373  0.
 374  0.
 375  0.
 376  0.
 377  0.
 378  0.
 379  0.
 380  0.
 381  0.
 382  0.
 383  0.
 384  0.
 385  0.
 386  0.
 387  0.
 388  0.
 389  0.
 390  0.
 391  0.
 392  0.
 393  0.
 394  0.
 395  0.
 396  0.
 397  0.
 398  0.
 399  0.
 400  0.
 401  0.
 402  0.
 403  0.
 404  0.
 405  0.
 406  0.
 407  0.
 408  0.
 409  0.
 410  0.
 411  0.
 412  0.
 413  0.
 414  0.
 415  0.
 416  0.
 417  0.
 418  0.
 419  0.
 420  0.
 421  0.
 422  0.
 423  0.
 424  0.
 425  0.
 426  0.
 427  0.
 428  0.
 429  0.
 430  0.
 431  0.
 432  0.
 433  0.
 434  0.
 435  0.
 436  0.
 437  0.
 438  0.
 439  0.
 440  0.
 441  0.
 442  0.
 443  0.
 444  0.
 445  0.
 446  0.
 447  0.
 448  0.
 449  0.
 450  0.
 451  0.
 452  0.
 453  0.
 454  0.
 455  0.
 456  0.
 457  0.
 458  0.
 459  0.
 460  0.
 461  0.
 462  0.
 463  0.
 464  0.
 465  0.
 466  0.
 467  0.
 468  0.
 469  0.
 470  0.
 471  0.
 472  0.
 473  0.
 474  0.
 475  0.
 476  0.
 477  0.
 478  0.
 479  0.
 480  0.
 481  0.
 482  0.
 483  0.
 484  0.
 485  0.
 486  0.
 487  0.
 488  0.
 489  0.
 490  0.
 491  0.
 492  0.
 493  0.
 494  0.
 495  0.
 496  0.
 497  0.
 498  0.
 499  0.
 500  0.

 1  0.
 2  0.
 3  0.
 4  0.
 5  0.
 6  0.
 7  0.
 8  0.
 9  0.
 10  0.
 11  0.
 12  0.
 13  0.
 14  0.
 15  0.
 16  0.
 17  0.
 18  0.
 19  0.
 20  0.
 21  0.
 22  0.
 23  0.
 24  0.
 25  0.
 26  0.
 27  0.
 28  0.
 29  0.
 30  0.
 31  0.
 32  0.
 33  0.
 34  0.
 35  0.
 36  0.
 37  0.
 38  0.
 39  0.
 40  0.
 41  0.
 42  0.
 43  0.
 44  0.
 45  0.
 46  0.
 47  0.
 48  0.
 49  0.
 50  0.
 51  0.
 52  0.
 53  0.
 54  0.
 55  0.
 56  0.
 57  0.
 58  0.
 59  0.
 60  0.
 61  0.
 62  0.
 63  0.
 64  0.
 65  0.
 66  0.
 67  0.
 68  0.
 69  0.
 70  0.
 71  0.
 72  0.
 73  0.
 74  0.
 75  0.
 76  0.
 77  0.
 78  0.
 79  0.
 80  0.
 81  0.
 82  0.
 83  0.
 84  0.
 85  0.
 86  0.
 87  0.
 88  0.
 89  0.
 90  0.
 91  0.
 92  0.
 93  0.
 94  0.
 95  0.
 96  0.
 97  0.
 98  0.
 99  0.
 100  0.
 101  0.
 102  0.
 103  0.
 104  0.
 105  0.
 106  0.
 107  0.
 108  0.
 109  0.
 110  0.
 111  0.
 112  0.
 113  0.
 114  0.
 115  0.
 116  0.
 117  0.
 118  0.
 119  0.
 120  0.
 121  0.
 122  0.
 123  0.
 124  0.
 125  0.
 126  0.
 127  0.
 128  0.
 129  0.
 130  0.
 131  0.
 132  0.
 133  0.
 134  0.
 135  0.
 136  0.
 137  0.
 138  0.
 139  0.
 140  0.
 141  0.
 142  0.
 143  0.
 144  0.
 145  0.
 146  0.
 147  0.
 148  0.
 149  0.
 150  0.
 151  0.
 152  0.
 153  0.
 154  0.
 155  0.
 156  0.
 157  0.
 158  0.
 159  0.
 160  0.
 161  0.
 162  0.
 163  0.
 164  0.
 165  0.
 166  0.
 167  0.
 168  0.
 169  0.
 170  0.
 171  0.
 172  0.
 173  0.
 174  0.
 175  0.
 176  0.
 177  0.
 178  0.
 179  0.
 180  0.
 181  0.
 182  0.
 183  0.
 184  0.
 185  0.
 186  0.
 187  0.
 188  0.
 189  0.
 190  0.
 191  0.
 192  0.
 193  0.
 194  0.
 195  0.
 196  0.
 197  0.
 198  0.
 199  0.
 200  0.
 201  0.
 202  0.
 203  0.
 204  0.
 205  0.
 206  0.
 207  0.
 208  0.
 209  0.
 210  0.
 211  0.
 212  0.
 213  0.
 214  0.
 215  0.
 216  0.
 217  0.
 218  0.
 219  0.
 220  0.
 221  0.
 222  0.
 223  0.
 224  0.
 225  0.
 226  0.
 227  0.
 228  0.
 229  0.
 230  0.
 231  0.
 232  0.
 233  0.
 234  0.
 235  0.
 236  0.
 237  0.
 238  0.
 239  0.
 240  0.
 241  0.
 242  0.
 243  0.
 244  0.
 245  0.
 246  0.
 247  0.
 248  0.
 249  0.
 250  0.
 251  0.
 252  0.
 253  0.
 254  0.
 255  0.
 256  0.
 257  0.
 258  0.
 259  0.
 260  0.
 261  0.
 262  0.
 263  0.
 264  0.
 265  0.
 266  0.
 267  0.
 268  0.
 269  0.
 270  0.
 271  0.
 272  0.
 273  0.
 274  0.
 275  0.
 276  0.
 277  0.
 278  0.
 279  0.
 280  0.
 281  0.
 282  0.
 283  0.
 284  0.
 285  0.
 286  0.
 287  0.
 288  0.
 289  0.
 290  0.
 291  0.
 292  0.
 293  0.
 294  0.
 295  0.
 296  0.
 297  0.
 298  0.
 299  0.
 300  0.
 301  0.
 302  0.
 303  0.
 304  0.
 305  0.
 306  0.
 307  0.
 308  0.
 309  0.
 310  0.
 311  0.
 312  0.
 313  0.
 314  0.
 315  0.
 316  0.
 317  0.
 318  0.
 319  0.
 320  0.
 321  0.
 322  0.
 323  0.
 324  0.
 325  0.
 326  0.
 327  0.
 328  0.
 329  0.
 330  0.
 331  0.
 332  0.
 333  0.
 334  0.
 335  0.
 336  0.
 337  0.
 338  0.
 339  0.
 340  0.
 341  0.
 342  0.
 343  0.
 344  0.
 345  0.
 346  0.
 347  0.
 348  0.
 349  0.
 350  0.
 351  0.
 352  0.
 353  0.
 354  0.
 355  0.
 356  0.
 357  0.
 358  0.
 359  0.
 360  0.
 361  0.
 362  0.
 363  0.
 364  0.
 365  0.
 366  0.
 367  0.
 368  0.
 369  0.
 370  0.
 371  0.
 372  0.
 373  0.
 374  0.
 375  0.
 376  0.
 377  0.
 378  0.
 379  0.
 380  0.
 381  0.
 382  0.
 383  0.
 384  0.
 385  0.
 386  0.
 387  0.
 388  0.
 389  0.
 390  0.
 391  0.
 392  0.
 393  0.
 394  0.
 395  0.
 396  0.
 397  0.
 398  0.
 399  0.
 400  0.
 401  0.
 402  0.
 403  0.
 404  0.
 405  0.
 406  0.
 407  0.
 408  0.
 409  0.
 410  0.
 411  0.
 412  0.
 413  0.
 414  0.
 415  0.
 416  0.
 417  0.
 418  0.
 419  0.
 420  0.
 421  0.
 422  0.
 423  0.
 424  0.
 425  0.
 426  0.
 427  0.
 428  0.
 429  0.
 430  0.
 431  0.
 432  0.
 433  0.
 434  0.
 435  0.
 436  0.
 437  0.
 438  0.
 439  0.
 440  0.
 441  0.
 442  0.
 443  0.
 444  0.
 445  0.
 446  0.
 447  0.
 448  0.
 449  0.
 450  0.
 451  0.
 452  0.
 453  0.
 454  0.
 455  0.
 456  0.
 457  0.
 458  0.
 459  0.
 460  0.
 461  0.
 462  0.
 463  0.
 464  0.
 465  0.
 466  0.
 467  0.
 468  0.
 469  0.
 470  0.
 471  0.
 472  0.
 473  0.
 474  0.
 475  0.
 476  0.
 477  0.
 478  0.
 479  0.
 480  0.
 481  0.
 482  0.
 483  0.
 484  0.
 485  0.
 486  0.
 487  0.
 488  0.
 489  0.
 490  0.
 491  0.
 492  0.
 493  0.
 494  0.
 495  0.
 496  0.
 497  0.
 498  0.
 499  0.
 500  0.

 1  0.
 2  0.
 3  0.
 4  0.
 5  0.
 6  0.
 7  0.
 8  0.
 9  0.
 10  0.
 11  0.
 12  0.
 13  0.
 14  0.
 15  0.
 16  0.
 17  0.
 18  0.
 19  0.
 20  0.
 21  0.
 22  0.
 23  0.
 24  0.
 25  0.
 26  0.
 27  0.
 28  0.
 29  0.
 30  0.
 31  0.
 32  0.
 33  0.
 34  0.
 35  0.
 36  0.
 37  0.
 38  0.
 39  0.
 40  0.
 41  0.
 42  0.
 43  0.
 44  0.
 45  0.
 46  0.
 47  0.
 48  0.
 49  0.
 50  0.
 51  0.
 52  0.
 53  0.
 54  0.
 55  0.
 56  0.
 57  0.
 58  0.
 59  0.
 60  0.
 61  0.
 62  0.
 63  0.
 64  0.
 65  0.
 66  0.
 67  0.
 68  0.
 69  0.
 70  0.
 71  0.
 72  0.
 73  0.
 74  0.
 75  0.
 76  0.
 77  0.
 78  0.
 79  0.
 80  0.
 81  0.
 82  0.
 83  0.
 84  0.
 85  0.
 86  0.
 87  0.
 88  0.
 89  0.
 90  0.
 91  0.
 92  0.
 93  0.
 94  0.
 95  0.
 96  0.
 97  0.
 98  0.
 99  0.
 100  0.
 101  0.
 102  0.
 103  0.
 104  0.
 105  0.
 106  0.
 107  0.
 108  0.
 109  0.
 110  0.
 111  0.
 112  0.
 113  0.
 114  0.
 115  0.
 116  0.
 117  0.
 118  0.
 119  0.
 120  0.
 121  0.
 122  0.
 123  0.
 124  0.
 125  0.
 126  0.
 127  0.
 128  0.
 129  0.
 130  0.
 131  0.
 132  0.
 133  0.
 134  0.
 135  0.
 136  0.
 137  0.
 138  0.
 139  0.
 140  0.
 141  0.
 142  0.
 143  0.
 144  0.
 145  0.
 146  0.
 147  0.
 148  0.
 149  0.
 150  0.
 151  0.
 152  0.
 153  0.
 154  0.
 155  0.
 156  0.
 157  0.
 158  0.
 159  0.
 160  0.
 161  0.
 162  0.
 163  0.
 164  0.
 165  0.
 166  0.
 167  0.
 168  0.
 169  0.
 170  0.
 171  0.
 172  0.
 173  0.
 174  0.
 175  0.
 176  0.
 177  0.
 178  0.
 179  0.
 180  0.
 181  0.
 182  0.
 183  0.
 184  0.
 185  0.
 186  0.
 187  0.
 188  0.
 189  0.
 190  0.
 191  0.
 192  0.
 193  0.
 194  0.
 195  0.
 196  0.
 197  0.
 198  0.
 199  0.
 200  0.
 201  0.
 202  0.
 203  0.
 204  0.
 205  0.
 206  0.
 207  0.
 208  0.
 209  0.
 210  0.
 211  0.
 212  0.
 213  0.
 214  0.
 215  0.
 216  0.
 217  0.
 218  0.
 219  0.
 220  0.
 221  0.
 222  0.
 223  0.
 224  0.
 225  0.
 226  0.
 227  0.
 228  0.
 229  0.
 230  0.
 231  0.
 232  0.
 233  0.
 234  0.
 235  0.
 236  0.
 237  0.
 238  0.
 239  0.
 240  0.
 241  0.
 242  0.
 243  0.
 244  0.
 245  0.
 246  0.
 247  0.
 248  0.
 249  0.
 250  0.
 251  0.
 252  0.
 253  0.
 254  0.
 255  0.
 256  0.
 257  0.
 258  0.
 259  0.
 260  0.
 261  0.
 262  0.
 263  0.
 264  0.
 265  0.
 266  0.
 267  0.
 268  0.
 269  0.
 270  0.
 271  0.
 272  0.
 273  0.
 274  0.
 275  0.
 276  0.
 277  0.
 278  0.
 279  0.
 280  0.
 281  0.
 282  0.
 283  0.
 284  0.
 285  0.
 286  0.
 287  0.
 288  0.
 289  0.
 290  0.
 291  0.
 292  0.
 293  0.
 294  0.
 295  0.
 296  0.
 297  0.
 298  0.
 299  0.
 300  0.
 301  0.
 302  0.
 303  0.
 304  0.
 305  0.
 306  0.
 307  0.
 308  0.
 309  0.
 310  0.
 311  0.
 312  0.
 313  0.
 314  0.
 315  0.
 316  0.
 317  0.
 318  0.
 319  0.
 320  0.
 321  0.
 322  0.
 323  0.
 324  0.
 325  0.
 326  0.
 327  0.
 328  0.
 329  0.
 330  0.
 331  0.
 332  0.
 333  0.
 334  0.
 335  0.
 336  0.
 337  0.
 338  0.
 339  0.
 340  0.
 341  0.
 342  0.
 343  0.
 344  0.
 345  0.
 346  0.
 347  0.
 348  0.
 349  0.
 350  0.
 351  0.
 352  0.
 353  0.
 354  0.
 355  0.
 356  0.
 357  0.
 358  0.
 359  0.
 360  0.
 361  0.
 362  0.
 363  0.
 364  0.
 365  0.
 366  0.
 367  0.
 368  0.
 369  0.
 370  0.
 371  0.
 372  0.
 373  0.
 374  0.
 375  0.
 376  0.
 377  0.
 378  0.
 379  0.
 380  0.
 381  0.
 382  0.
 383  0.
 384  0.
 385  0.
 386  0.
 387  0.
 388  0.
 389  0.
 390  0.
 391  0.
 392  0.
 393  0.
 394  0.
 395  0.
 396  0.
 397  0.
 398  0.
 399  0.
 400  0.
 401  0.
 402  0.
 403  0.
 404  0.
 405  0.
 406  0.
 407  0.
 408  0.
 409  0.
 410  0.
 411  0.
 412  0.
 413  0.
 414  0.
 415  0.
 416  0.
 417  0.
 418  0.
 419  0.
 420  0.
 421  0.
 422  0.
 423  0.
 424  0.
 425  0.
 426  0.
 427  0.
 428  0.
 429  0.
 430  0.
 431  0.
 432  0.
 433  0.
 434  0.
 435  0.
 436  0.
 437  0.
 438  0.
 439  0.
 440  0.
 441  0.
 442  0.
 443  0.
 444  0.
 445  0.
 446  0.
 447  0.
 448  0.
 449  0.
 450  0.
 451  0.
 452  0.
 453  0.
 454  0.
 455  0.
 456  0.
 457  0.
 458  0.
 459  0.
 460  0.
 461  0.
 462  0.
 463  0.
 464  0.
 465  0.
 466  0.
 467  0.
 468  0.
 469  0.
 470  0.
 471  0.
 472  0.
 473  0.
 474  0.
 475  0.
 476  0.
 477  0.
 478  0.
 479  0.
 480  0.
 481  0.
 482  0.
 483  0.
 484  0.
 485  0.
 486  0.
 487  0.
 488  0.
 489  0.
 490  0.
 491  0.
 492  0.
 493  0.
 494  0.
 495  0.
 496  0.
 497  0.
 498  0.
 499  0.
 500  0.

 1  0.
 2  0.
 3  0.
 4  0.
 5  0.
 6  0.
 7  0.
 8  0.
 9  0.
 10  0.
 11  0.
 12  0.
 13  0.
 14  0.
 15  0.
 16  0.
 17  0.
 18  0.
 19  0.
 20  0.
 21  0.
 22  0.
 23  0.
 24  0.
 25  0.
 26  0.
 27  0.
 28  0.
 29  0.
 30  0.
 31  0.
 32  0.
 33  0.
 34  0.
 35  0.
 36  0.
 37  0.
 38  0.
 39  0.
 40  0.
 41  0.
 42  0.
 43  0.
 44  0.
 45  0.
 46  0.
 47  0.
 48  0.
 49  0.
 50  0.
 51  0.
 52  0.
 53  0.
 54  0.
 55  0.
 56  0.
 57  0.
 58  0.
 59  0.
 60  0.
 61  0.
 62  0.
 63  0.
 64  0.
 65  0.
 66  0.
 67  0.
 68  0.
 69  0.
 70  0.
 71  0.
 72  0.
 73  0.
 74  0.
 75  0.
 76  0.
 77  0.
 78  0.
 79  0.
 80  0.
 81  0.
 82  0.
 83  0.
 84  0.
 85  0.
 86  0.
 87  0.
 88  0.
 89  0.
 90  0.
 91  0.
 92  0.
 93  0.
 94  0.
 95  0.
 96  0.
 97  0.
 98  0.
 99  0.
 100  0.
 101  0.
 102  0.
 103  0.
 104  0.
 105  0.
 106  0.
 107  0.
 108  0.
 109  0.
 110  0.
 111  0.
 112  0.
 113  0.
 114  0.
 115  0.
 116  0.
 117  0.
 118  0.
 119  0.
 120  0.
 121  0.
 122  0.
 123  0.
 124  0.
 125  0.
 126  0.
 127  0.
 128  0.
 129  0.
 130  0.
 131  0.
 132  0.
 133  0.
 134  0.
 135  0.
 136  0.
 137  0.
 138  0.
 139  0.
 140  0.
 141  0.
 142  0.
 143  0.
 144  0.
 145  0.
 146  0.
 147  0.
 148  0.
 149  0.
 150  0.
 151  0.
 152  0.
 153  0.
 154  0.
 155  0.
 156  0.
 157  0.
 158  0.
 159  0.
 160  0.
 161  0.
 162  0.
 163  0.
 164  0.
 165  0.
 166  0.
 167  0.
 168  0.
 169  0.
 170  0.
 171  0.
 172  0.
 173  0.
 174  0.
 175  0.
 176  0.
 177  0.
 178  0.
 179  0.
 180  0.
 181  0.
 182  0.
 183  0.
 184  0.
 185  0.
 186  0.
 187  0.
 188  0.
 189  0.
 190  0.
 191  0.
 192  0.
 193  0.
 194  0.
 195  0.
 196  0.
 197  0.
 198  0.
 199  0.
 200  0.
 201  0.
 202  0.
 203  0.
 204  0.
 205  0.
 206  0.
 207  0.
 208  0.
 209  0.
 210  0.
 211  0.
 212  0.
 213  0.
 214  0.
 215  0.
 216  0.
 217  0.
 218  0.
 219  0.
 220  0.
 221  0.
 222  0.
 223  0.
 224  0.
 225  0.
 226  0.
 227  0.
 228  0.
 229  0.
 230  0.
 231  0.
 232  0.
 233  0.
 234  0.
 235  0.
 236  0.
 237  0.
 238  0.
 239  0.
 240  0.
 241  0.
 242  0.
 243  0.
 244  0.
 245  0.
 246  0.
 247  0.
 248  0.
 249  0.
 250  0.
 251  0.
 252  0.
 253  0.
 254  0.
 255  0.
 256  0.
 257  0.
 258  0.
 259  0.
 260  0.
 261  0.
 262  0.
 263  0.
 264  0.
 265  0.
 266  0.
 267  0.
 268  0.
 269  0.
 270  0.
 271  0.
 272  0.
 273  0.
 274  0.
 275  0.
 276  0.
 277  0.
 278  0.
 279  0.
 280  0.
 281  0.
 282  0.
 283  0.
 284  0.
 285  0.
 286  0.
 287  0.
 288  0.
 289  0.
 290  0.
 291  0.
 292  0.
 293  0.
 294  0.
 295  0.
 296  0.
 297  0.
 298  0.
 299  0.
 300  0.
 301  0.
 302  0.
 303  0.
 304  0.
 305  0.
 306  0.
 307  0.
 308  0.
 309  0.
 310  0.
 311  0.
 312  0.
 313  0.
 314  0.
 315  0.
 316  0.
 317  0.
 318  0.
 319  0.
 320  0.
 321  0.
 322  0.
 323  0.
 324  0.
 325  0.
 326  0.
 327  0.
 328  0.
 329  0.
 330  0.
 331  0.
 332  0.
 333  0.
 334  0.
 335  0.
 336  0.
 337  0.
 338  0.
 339  0.
 340  0.
 341  0.
 342  0.
 343  0.
 344  0.
 345  0.
 346  0.
 347  0.
 348  0.
 349  0.
 350  0.
 351  0.
 352  0.
 353  0.
 354  0.
 355  0.
 356  0.
 357  0.
 358  0.
 359  0.
 360  0.
 361  0.
 362  0.
 363  0.
 364  0.
 365  0.
 366  0.
 367  0.
 368  0.
 369  0.
 370  0.
 371  0.
 372  0.
 373  0.
 374  0.
 375  0.
 376  0.
 377  0.
 378  0.
 379  0.
 380  0.
 381  0.
 382  0.
 383  0.
 384  0.
 385  0.
 386  0.
 387  0.
 388  0.
 389  0.
 390  0.
 391  0.
 392  0.
 393  0.
 394  0.
 395  0.
 396  0.
 397  0.
 398  0.
 399  0.
 400  0.
 401  0.
 402  0.
 403  0.
 404  0.
 405  0.
 406  0.
 407  0.
 408  0.
 409  0.
 410  0.
 411  0.
 412  0.
 413  0.
 414  0.
 415  0.
 416  0.
 417  0.
 418  0.
 419  0.
 420  0.
 421  0.
 422  0.
 423  0.
 424  0.
 425  0.
 426  0.
 427  0.
 428  0.
 429  0.
 430  0.
 431  0.
 432  0.
 433  0.
 434  0.
 435  0.
 436  0.
 437  0.
 438  0.
 439  0.
 440  0.
 441  0.
 442  0.
 443  0.
 444  0.
 445  0.
 446  0.
 447  0.
 448  0.
 449  0.
 450  0.
 451  0.
 452  0.
 453  0.
 454  0.
 455  0.
 456  0.
 457  0.
 458  0.
 459  0.
 460  0.
 461  0.
 462  0.
 463  0.
 464  0.
 465  0.
 466  0.
 467  0.
 468  0.
 469  0.
 470  0.
 471  0.
 472  0.
 473  0.
 474  0.
 475  0.
 476  0.
 477  0.
 478  0.
 479  0.
 480  0.
 481  0.
 482  0.
 483  0.
 484  0.
 485  0.
 486  0.
 487  0.
 488  0.
 489  0.
 490  0.
 491  0.
 492  0.
 493  0.
 494  0.
 495  0.
 496  0.
 497  0.
 498  0.
 499  0.
 500  0.

 1  0.
 2  0.
 3  0.
 4  0.
 5  0.
 6  0.
 7  0.
 8  0.
 9  0.
 10  0.
 11  0.
 12  0.
 13  0.
 14  0.
 15  0.
 16  0.
 17  0.
 18  0.
 19  0.
 20  0.
 21  0.
 22  0.
 23  0.
 24  0.
 25  0.
 26  0.
 27  0.
 28  0.
 29  0.
 30  0.
 31  0.
 32  0.
 33  0.
 34  0.
 35  0.
 36  0.
 37  0.
 38  0.
 39  0.
 40  0.
 41  0.
 42  0.
 43  0.
 44  0.
 45  0.
 46  0.
 47  0.
 48  0.
 49  0.
 50  0.
 51  0.
 52  0.
 53  0.
 54  0.
 55  0.
 56  0.
 57  0.
 58  0.
 59  0.
 60  0.
 61  0.
 62  0.
 63  0.
 64  0.
 65  0.
 66  0.
 67  0.
 68  0.
 69  0.
 70  0.
 71  0.
 72  0.
 73  0.
 74  0.
 75  0.
 76  0.
 77  0.
 78  0.
 79  0.
 80  0.
 81  0.
 82  0.
 83  0.
 84  0.
 85  0.
 86  0.
 87  0.
 88  0.
 89  0.
 90  0.
 91  0.
 92  0.
 93  0.
 94  0.
 95  0.
 96  0.
 97  0.
 98  0.
 99  0.
 100  0.
 101  0.
 102  0.
 103  0.
 104  0.
 105  0.
 106  0.
 107  0.
 108  0.
 109  0.
 110  0.
 111  0.
 112  0.
 113  0.
 114  0.
 115  0.
 116  0.
 117  0.
 118  0.
 119  0.
 120  0.
 121  0.
 122  0.
 123  0.
 124  0.
 125  0.
 126  0.
 127  0.
 128  0.
 129  0.
 130  0.
 131  0.
 132  0.
 133  0.
 134  0.
 135  0.
 136  0.
 137  0.
 138  0.
 139  0.
 140  0.
 141  0.
 142  0.
 143  0.
 144  0.
 145  0.
 146  0.
 147  0.
 148  0.
 149  0.
 150  0.
 151  0.
 152  0.
 153  0.
 154  0.
 155  0.
 156  0.
 157  0.
 158  0.
 159  0.
 160  0.
 161  0.
 162  0.
 163  0.
 164  0.
 165  0.
 166  0.
 167  0.
 168  0.
 169  0.
 170  0.
 171  0.
 172  0.
 173  0.
 174  0.
 175  0.
 176  0.
 177  0.
 178  0.
 179  0.
 180  0.
 181  0.
 182  0.
 183  0.
 184  0.
 185  0.
 186  0.
 187  0.
 188  0.
 189  0.
 190  0.
 191  0.
 192  0.
 193  0.
 194  0.
 195  0.
 196  0.
 197  0.
 198  0.
 199  0.
 200  0.
 201  0.
 202  0.
 203  0.
 204  0.
 205  0.
 206  0.
 207  0.
 208  0.
 209  0.
 210  0.
 211  0.
 212  0.
 213  0.
 214  0.
 215  0.
 216  0.
 217  0.
 218  0.
 219  0.
 220  0.
 221  0.
 222  0.
 223  0.
 224  0.
 225  0.
 226  0.
 227  0.
 228  0.
 229  0.
 230  0.
 231  0.
 232  0.
 233  0.
 234  0.
 235  0.
 236  0.
 237  0.
 238  0.
 239  0.
 240  0.
 241  0.
 242  0.
 243  0.
 244  0.
 245  0.
 246  0.
 247  0.
 248  0.
 249  0.
 250  0.
 251  0.
 252  0.
 253  0.
 254  0.
 255  0.
 256  0.
 257  0.
 258  0.
 259  0.
 260  0.
 261  0.
 262  0.
 263  0.
 264  0.
 265  0.
 266  0.
 267  0.
 268  0.
 269  0.
 270  0.
 271  0.
 272  0.
 273  0.
 274  0.
 275  0.
 276  0.
 277  0.
 278  0.
 279  0.
 280  0.
 281  0.
 282  0.
 283  0.
 284  0.
 285  0.
 286  0.
 287  0.
 288  0.
 289  0.
 290  0.
 291  0.
 292  0.
 293  0.
 294  0.
 295  0.
 296  0.
 297  0.
 298  0.
 299  0.
 300  0.
 301  0.
 302  0.
 303  0.
 304  0.
 305  0.
 306  0.
 307  0.
 308  0.
 309  0.
 310  0.
 311  0.
 312  0.
 313  0.
 314  0.
 315  0.
 316  0.
 317  0.
 318  0.
 319  0.
 320  0.
 321  0.
 322  0.
 323  0.
 324  0.
 325  0.
 326  0.
 327  0.
 328  0.
 329  0.
 330  0.
 331  0.
 332  0.
 333  0.
 334  0.
 335  0.
 336  0.
 337  0.
 338  0.
 339  0.
 340  0.
 341  0.
 342  0.
 343  0.
 344  0.
 345  0.
 346  0.
 347  0.
 348  0.
 349  0.
 350  0.
 351  0.
 352  0.
 353  0.
 354  0.
 355  0.
 356  0.
 357  0.
 358  0.
 359  0.
 360  0.
 361  0.
 362  0.
 363  0.
 364  0.
 365  0.
 366  0.
 367  0.
 368  0.
 369  0.
 370  0.
 371  0.
 372  0.
 373  0.
 374  0.
 375  0.
 376  0.
 377  0.
 378  0.
 379  0.
 380  0.
 381  0.
 382  0.
 383  0.
 384  0.
 385  0.
 386  0.
 387  0.
 388  0.
 389  0.
 390  0.
 391  0.
 392  0.
 393  0.
 394  0.
 395  0.
 396  0.
 397  0.
 398  0.
 399  0.
 400  0.
 401  0.
 402  0.
 403  0.
 404  0.
 405  0.
 406  0.
 407  0.
 408  0.
 409  0.
 410  0.
 411  0.
 412  0.
 413  0.
 414  0.
 415  0.
 416  0.
 417  0.
 418  0.
 419  0.
 420  0.
 421  0.
 422  0.
 423  0.
 424  0.
 425  0.
 426  0.
 427  0.
 428  0.
 429  0.
 430  0.
 431  0.
 432  0.
 433  0.
 434  0.
 435  0.
 436  0.
 437  0.
 438  0.
 439  0.
 440  0.
 441  0.
 442  0.
 443  0.
 444  0.
 445  0.
 446  0.
 447  0.
 448  0.
 449  0.
 450  0.
 451  0.
 452  0.
 453  0.
 454  0.
 455  0.
 456  0.
 457  0.
 458  0.
 459  0.
 460  0.
 461  0.
 462  0.
 463  0.
 464  0.
 465  0.
 466  0.
 467  0.
 468  0.
 469  0.
 470  0.
 471  0.
 472  0.
 473  0.
 474  0.
 475  0.
 476  0.
 477  0.
 478  0.
 479  0.
 480  0.
 481  0.
 482  0.
 483  0.
 484  0.
 485  0.
 486  0.
 487  0.
 488  0.
 489  0.
 490  0.
 491  0.
 492  0.
 493  0.
 494  0.
 495  0.
 496  0.
 497  0.
 498  0.
 499  0.
 500  0.

 1  0.
 2  0.
 3  0.
 4  0.
 5  0.
 6  0.
 7  0.
 8  0.
 9  0.
 10  0.
 11  0.
 12  0.
 13  0.
 14  0.
 15  0.
 16  0.
 17  0.
 18  0.
 19  0.
 20  0.
 21  0.
 22  0.
 23  0.
 24  0.
 25  0.
 26  0.
 27  0.
 28  0.
 29  0.
 30  0.
 31  0.
 32  0.
 33  0.
 34  0.
 35  0.
 36  0.
 37  0.
 38  0.
 39  0.
 40  0.
 41  0.
 42  0.
 43  0.
 44  0.
 45  0.
 46  0.
 47  0.
 48  0.
 49  0.
 50  0.
 51  0.
 52  0.
 53  0.
 54  0.
 55  0.
 56  0.
 57  0.
 58  0.
 59  0.
 60  0.
 61  0.
 62  0.
 63  0.
 64  0.
 65  0.
 66  0.
 67  0.
 68  0.
 69  0.
 70  0.
 71  0.
 72  0.
 73  0.
 74  0.
 75  0.
 76  0.
 77  0.
 78  0.
 79  0.
 80  0.
 81  0.
 82  0.
 83  0.
 84  0.
 85  0.
 86  0.
 87  0.
 88  0.
 89  0.
 90  0.
 91  0.
 92  0.
 93  0.
 94  0.
 95  0.
 96  0.
 97  0.
 98  0.
 99  0.
 100  0.
 101  0.
 102  0.
 103  0.
 104  0.
 105  0.
 106  0.
 107  0.
 108  0.
 109  0.
 110  0.
 111  0.
 112  0.
 113  0.
 114  0.
 115  0.
 116  0.
 117  0.
 118  0.
 119  0.
 120  0.
 121  0.
 122  0.
 123  0.
 124  0.
 125  0.
 126  0.
 127  0.
 128  0.
 129  0.
 130  0.
 131  0.
 132  0.
 133  0.
 134  0.
 135  0.
 136  0.
 137  0.
 138  0.
 139  0.
 140  0.
 141  0.
 142  0.
 143  0.
 144  0.
 145  0.
 146  0.
 147  0.
 148  0.
 149  0.
 150  0.
 151  0.
 152  0.
 153  0.
 154  0.
 155  0.
 156  0.
 157  0.
 158  0.
 159  0.
 160  0.
 161  0.
 162  0.
 163  0.
 164  0.
 165  0.
 166  0.
 167  0.
 168  0.
 169  0.
 170  0.
 171  0.
 172  0.
 173  0.
 174  0.
 175  0.
 176  0.
 177  0.
 178  0.
 179  0.
 180  0.
 181  0.
 182  0.
 183  0.
 184  0.
 185  0.
 186  0.
 187  0.
 188  0.
 189  0.
 190  0.
 191  0.
 192  0.
 193  0.
 194  0.
 195  0.
 196  0.
 197  0.
 198  0.
 199  0.
 200  0.
 201  0.
 202  0.
 203  0.
 204  0.
 205  0.
 206  0.
 207  0.
 208  0.
 209  0.
 210  0.
 211  0.
 212  0.
 213  0.
 214  0.
 215  0.
 216  0.
 217  0.
 218  0.
 219  0.
 220  0.
 221  0.
 222  0.
 223  0.
 224  0.
 225  0.
 226  0.
 227  0.
 228  0.
 229  0.
 230  0.
 231  0.
 232  0.
 233  0.
 234  0.
 235  0.
 236  0.
 237  0.
 238  0.
 239  0.
 240  0.
 241  0.
 242  0.
 243  0.
 244  0.
 245  0.
 246  0.
 247  0.
 248  0.
 249  0.
 250  0.
 251  0.
 252  0.
 253  0.
 254  0.
 255  0.
 256  0.
 257  0.
 258  0.
 259  0.
 260  0.
 261  0.
 262  0.
 263  0.
 264  0.
 265  0.
 266  0.
 267  0.
 268  0.
 269  0.
 270  0.
 271  0.
 272  0.
 273  0.
 274  0.
 275  0.
 276  0.
 277  0.
 278  0.
 279  0.
 280  0.
 281  0.
 282  0.
 283  0.
 284  0.
 285  0.
 286  0.
 287  0.
 288  0.
 289  0.
 290  0.
 291  0.
 292  0.
 293  0.
 294  0.
 295  0.
 296  0.
 297  0.
 298  0.
 299  0.
 300  0.
 301  0.
 302  0.
 303  0.
 304  0.
 305  0.
 306  0.
 307  0.
 308  0.
 309  0.
 310  0.
 311  0.
 312  0.
 313  0.
 314  0.
 315  0.
 316  0.
 317  0.
 318  0.
 319  0.
 320  0.
 321  0.
 322  0.
 323  0.
 324  0.
 325  0.
 326  0.
 327  0.
 328  0.
 329  0.
 330  0.
 331  0.
 332  0.
 333  0.
 334  0.
 335  0.
 336  0.
 337  0.
 338  0.
 339  0.
 340  0.
 341  0.
 342  0.
 343  0.
 344  0.
 345  0.
 346  0.
 347  0.
 348  0.
 349  0.
 350  0.
 351  0.
 352  0.
 353  0.
 354  0.
 355  0.
 356  0.
 357  0.
 358  0.
 359  0.
 360  0.
 361  0.
 362  0.
 363  0.
 364  0.
 365  0.
 366  0.
 367  0.
 368  0.
 369  0.
 370  0.
 371  0.
 372  0.
 373  0.
 374  0.
 375  0.
 376  0.
 377  0.
 378  0.
 379  0.
 380  0.
 381  0.
 382  0.
 383  0.
 384  0.
 385  0.
 386  0.
 387  0.
 388  0.
 389  0.
 390  0.
 391  0.
 392  0.
 393  0.
 394  0.
 395  0.
 396  0.
 397  0.
 398  0.
 399  0.
 400  0.
 401  0.
 402  0.
 403  0.
 404  0.
 405  0.
 406  0.
 407  0.
 408  0.
 409  0.
 410  0.
 411  0.
 412  0.
 413  0.
 414  0.
 415  0.
 416  0.
 417  0.
 418  0.
 419  0.
 420  0.
 421  0.
 422  0.
 423  0.
 424  0.
 425  0.
 426  0.
 427  0.
 428  0.
 429  0.
 430  0.
 431  0.
 432  0.
 433  0.
 434  0.
 435  0.
 436  0.
 437  0.
 438  0.
 439  0.
 440  0.
 441  0.
 442  0.
 443  0.
 444  0.
 445  0.
 446  0.
 447  0.
 448  0.
 449  0.
 450  0.
 451  0.
 452  0.
 453  0.
 454  0.
 455  0.
 456  0.
 457  0.
 458  0.
 459  0.
 460  0.
 461  0.
 462  0.
 463  0.
 464  0.
 465  0.
 466  0.
 467  0.
 468  0.
 469  0.
 470  0.
 471  0.
 472  0.
 473  0.
 474  0.
 475  0.
 476  0.
 477  0.
 478  0.
 479  0.
 480  0.
 481  0.
 482  0.
 483  0.
 484  0.
 485  0.
 486  0.
 487  0.
 488  0.
 489  0.
 490  0.
 491  0.
 492  0.
 493  0.
 494  0.
 495  0.
 496  0.
 497  0.
 498  0.
 499  0.
 500  0.

 1  0.
 2  0.
 3  0.
 4  0.
 5  0.
 6  0.
 7  0.
 8  0.
 9  0.
 10  0.
 11  0.
 12  0.
 13  0.
 14  0.
 15  0.
 16  0.
 17  0.
 18  0.
 19  0.
 20  0.
 21  0.
 22  0.
 23  0.
 24  0.
 25  0.
 26  0.
 27  0.
 28  0.
 29  0.
 30  0.
 31  0.
 32  0.
 33  0.
 34  0.
 35  0.
 36  0.
 37  0.
 38  0.
 39  0.
 40  0.
 41  0.
 42  0.
 43  0.
 44  0.
 45  0.
 46  0.
 47  0.
 48  0.
 49  0.
 50  0.
 51  0.
 52  0.
 53  0.
 54  0.
 55  0.
 56  0.
 57  0.
 58  0.
 59  0.
 60  0.
 61  0.
 62  0.
 63  0.
 64  0.
 65  0.
 66  0.
 67  0.
 68  0.
 69  0.
 70  0.
 71  0.
 72  0.
 73  0.
 74  0.
 75  0.
 76  0.
 77  0.
 78  0.
 79  0.
 80  0.
 81  0.
 82  0.
 83  0.
 84  0.
 85  0.
 86  0.
 87  0.
 88  0.
 89  0.
 90  0.
 91  0.
 92  0.
 93  0.
 94  0.
 95  0.
 96  0.
 97  0.
 98  0.
 99  0.
 100  0.
 101  0.
 102  0.
 103  0.
 104  0.
 105  0.
 106  0.
 107  0.
 108  0.
 109  0.
 110  0.
 111  0.
 112  0.
 113  0.
 114  0.
 115  0.
 116  0.
 117  0.
 118  0.
 119  0.
 120  0.
 121  0.
 122  0.
 123  0.
 124  0.
 125  0.
 126  0.
 127  0.
 128  0.
 129  0.
 130  0.
 131  0.
 132  0.
 133  0.
 134  0.
 135  0.
 136  0.
 137  0.
 138  0.
 139  0.
 140  0.
 141  0.
 142  0.
 143  0.
 144  0.
 145  0.
 146  0.
 147  0.
 148  0.
 149  0.
 150  0.
 151  0.
 152  0.
 153  0.
 154  0.
 155  0.
 156  0.
 157  0.
 158  0.
 159  0.
 160  0.
 161  0.
 162  0.
 163  0.
 164  0.
 165  0.
 166  0.
 167  0.
 168  0.
 169  0.
 170  0.
 171  0.
 172  0.
 173  0.
 174  0.
 175  0.
 176  0.
 177  0.
 178  0.
 179  0.
 180  0.
 181  0.
 182  0.
 183  0.
 184  0.
 185  0.
 186  0.
 187  0.
 188  0.
 189  0.
 190  0.
 191  0.
 192  0.
 193  0.
 194  0.
 195  0.
 196  0.
 197  0.
 198  0.
 199  0.
 200  0.
 201  0.
 202  0.
 203  0.
 204  0.
 205  0.
 206  0.
 207  0.
 208  0.
 209  0.
 210  0.
 211  0.
 212  0.
 213  0.
 214  0.
 215  0.
 216  0.
 217  0.
 218  0.
 219  0.
 220  0.
 221  0.
 222  0.
 223  0.
 224  0.
 225  0.
 226  0.
 227  0.
 228  0.
 229  0.
 230  0.
 231  0.
 232  0.
 233  0.
 234  0.
 235  0.
 236  0.
 237  0.
 238  0.
 239  0.
 240  0.
 241  0.
 242  0.
 243  0.
 244  0.
 245  0.
 246  0.
 247  0.
 248  0.
 249  0.
 250  0.
 251  0.
 252  0.
 253  0.
 254  0.
 255  0.
 256  0.
 257  0.
 258  0.
 259  0.
 260  0.
 261  0.
 262  0.
 263  0.
 264  0.
 265  0.
 266  0.
 267  0.
 268  0.
 269  0.
 270  0.
 271  0.
 272  0.
 273  0.
 274  0.
 275  0.
 276  0.
 277  0.
 278  0.
 279  0.
 280  0.
 281  0.
 282  0.
 283  0.
 284  0.
 285  0.
 286  0.
 287  0.
 288  0.
 289  0.
 290  0.
 291  0.
 292  0.
 293  0.
 294  0.
 295  0.
 296  0.
 297  0.
 298  0.
 299  0.
 300  0.
 301  0.
 302  0.
 303  0.
 304  0.
 305  0.
 306  0.
 307  0.
 308  0.
 309  0.
 310  0.
 311  0.
 312  0.
 313  0.
 314  0.
 315  0.
 316  0.
 317  0.
 318  0.
 319  0.
 320  0.
 321  0.
 322  0.
 323  0.
 324  0.
 325  0.
 326  0.
 327  0.
 328  0.
 329  0.
 330  0.
 331  0.
 332  0.
 333  0.
 334  0.
 335  0.
 336  0.
 337  0.
 338  0.
 339  0.
 340  0.
 341  0.
 342  0.
 343  0.
 344  0.
 345  0.
 346  0.
 347  0.
 348  0.
 349  0.
 350  0.
 351  0.
 352  0.
 353  0.
 354  0.
 355  0.
 356  0.
 357  0.
 358  0.
 359  0.
 360  0.
 361  0.
 362  0.
 363  0.
 364  0.
 365  0.
 366  0.
 367  0.
 368  0.
 369  0.
 370  0.
 371  0.
 372  0.
 373  0.
 374  0.
 375  0.
 376  0.
 377  0.
 378  0.
 379  0.
 380  0.
 381  0.
 382  0.
 383  0.
 384  0.
 385  0.
 386  0.
 387  0.
 388  0.
 389  0.
 390  0.
 391  0.
 392  0.
 393  0.
 394  0.
 395  0.
 396  0.
 397  0.
 398  0.
 399  0.
 400  0.
 401  0.
 402  0.
 403  0.
 404  0.
 405  0.
 406  0.
 407  0.
 408  0.
 409  0.
 410  0.
 411  0.
 412  0.
 413  0.
 414  0.
 415  0.
 416  0.
 417  0.
 418  0.
 419  0.
 420  0.
 421  0.
 422  0.
 423  0.
 424  0.
 425  0.
 426  0.
 427  0.
 428  0.
 429  0.
 430  0.
 431  0.
 432  0.
 433  0.
 434  0.
 435  0.
 436  0.
 437  0.
 438  0.
 439  0.
 440  0.
 441  0.
 442  0.
 443  0.
 444  0.
 445  0.
 446  0.
 447  0.
 448  0.
 449  0.
 450  0.
 451  0.
 452  0.
 453  0.
 454  0.
 455  0.
 456  0.
 457  0.
 458  0.
 459  0.
 460  0.
 461  0.
 462  0.
 463  0.
 464  0.
 465  0.
 466  0.
 467  0.
 468  0.
 469  0.
 470  0.
 471  0.
 472  0.
 473  0.
 474  0.
 475  0.
 476  0.
 477  0.
 478  0.
 479  0.
 480  0.
 481  0.
 482  0.
 483  0.
 484  0.
 485  0.
 486  0.
 487  0.
 488  0.
 489  0.
 490  0.
 491  0.
 492  0.
 493  0.
 494  0.
 495  0.
 496  0.
 497  0.
 498  0.
 499  0.
 500  0.

 1  0.
 2  0.
 3  0.
 4  0.
 5  0.
 6  0.
 7  0.
 8  0.
 9  0.
 10  0.
 11  0.
 12  0.
 13  0.
 14  0.
 15  0.
 16  0.
 17  0.
 18  0.
 19  0.
 20  0.
 21  0.
 22  0.
 23  0.
 24  0.
 25  0.
 26  0.
 27  0.
 28  0.
 29  0.
 30  0.
 31  0.
 32  0.
 33  0.
 34  0.
 35  0.
 36  0.
 37  0.
 38  0.
 39  0.
 40  0.
 41  0.
 42  0.
 43  0.
 44  0.
 45  0.
 46  0.
 47  0.
 48  0.
 49  0.
 50  0.
 51  0.
 52  0.
 53  0.
 54  0.
 55  0.
 56  0.
 57  0.
 58  0.
 59  0.
 60  0.
 61  0.
 62  0.
 63  0.
 64  0.
 65  0.
 66  0.
 67  0.
 68  0.
 69  0.
 70  0.
 71  0.
 72  0.
 73  0.
 74  0.
 75  0.
 76  0.
 77  0.
 78  0.
 79  0.
 80  0.
 81  0.
 82  0.
 83  0.
 84  0.
 85  0.
 86  0.
 87  0.
 88  0.
 89  0.
 90  0.
 91  0.
 92  0.
 93  0.
 94  0.
 95  0.
 96  0.
 97  0.
 98  0.
 99  0.
 100  0.
 101  0.
 102  0.
 103  0.
 104  0.
 105  0.
 106  0.
 107  0.
 108  0.
 109  0.
 110  0.
 111  0.
 112  0.
 113  0.
 114  0.
 115  0.
 116  0.
 117  0.
 118  0.
 119  0.
 120  0.
 121  0.
 122  0.
 123  0.
 124  0.
 125  0.
 126  0.
 127  0.
 128  0.
 129  0.
 130  0.
 131  0.
 132  0.
 133  0.
 134  0.
 135  0.
 136  0.
 137  0.
 138  0.
 139  0.
 140  0.
 141  0.
 142  0.
 143  0.
 144  0.
 145  0.
 146  0.
 147  0.
 148  0.
 149  0.
 150  0.
 151  0.
 152  0.
 153  0.
 154  0.
 155  0.
 156  0.
 157  0.
 158  0.
 159  0.
 160  0.
 161  0.
 162  0.
 163  0.
 164  0.
 165  0.
 166  0.
 167  0.
 168  0.
 169  0.
 170  0.
 171  0.
 172  0.
 173  0.
 174  0.
 175  0.
 176  0.
 177  0.
 178  0.
 179  0.
 180  0.
 181  0.
 182  0.
 183  0.
 184  0.
 185  0.
 186  0.
 187  0.
 188  0.
 189  0.
 190  0.
 191  0.
 192  0.
 193  0.
 194  0.
 195  0.
 196  0.
 197  0.
 198  0.
 199  0.
 200  0.
 201  0.
 202  0.
 203  0.
 204  0.
 205  0.
 206  0.
 207  0.
 208  0.
 209  0.
 210  0.
 211  0.
 212  0.
 213  0.
 214  0.
 215  0.
 216  0.
 217  0.
 218  0.
 219  0.
 220  0.
 221  0.
 222  0.
 223  0.
 224  0.
 225  0.
 226  0.
 227  0.
 228  0.
 229  0.
 230  0.
 231  0.
 232  0.
 233  0.
 234  0.
 235  0.
 236  0.
 237  0.
 238  0.
 239  0.
 240  0.
 241  0.
 242  0.
 243  0.
 244  0.
 245  0.
 246  0.
 247  0.
 248  0.
 249  0.
 250  0.
 251  0.
 252  0.
 253  0.
 254  0.
 255  0.
 256  0.
 257  0.
 258  0.
 259  0.
 260  0.
 261  0.
 262  0.
 263  0.
 264  0.
 265  0.
 266  0.
 267  0.
 268  0.
 269  0.
 270  0.
 271  0.
 272  0.
 273  0.
 274  0.
 275  0.
 276  0.
 277  0.
 278  0.
 279  0.
 280  0.
 281  0.
 282  0.
 283  0.
 284  0.
 285  0.
 286  0.
 287  0.
 288  0.
 289  0.
 290  0.
 291  0.
 292  0.
 293  0.
 294  0.
 295  0.
 296  0.
 297  0.
 298  0.
 299  0.
 300  0.
 301  0.
 302  0.
 303  0.
 304  0.
 305  0.
 306  0.
 307  0.
 308  0.
 309  0.
 310  0.
 311  0.
 312  0.
 313  0.
 314  0.
 315  0.
 316  0.
 317  0.
 318  0.
 319  0.
 320  0.
 321  0.
 322  0.
 323  0.
 324  0.
 325  0.
 326  0.
 327  0.
 328  0.
 329  0.
 330  0.
 331  0.
 332  0.
 333  0.
 334  0.
 335  0.
 336  0.
 337  0.
 338  0.
 339  0.
 340  0.
 341  0.
 342  0.
 343  0.
 344  0.
 345  0.
 346  0.
 347  0.
 348  0.
 349  0.
 350  0.
 351  0.
 352  0.
 353  0.
 354  0.
 355  0.
 356  0.
 357  0.
 358  0.
 359  0.
 360  0.
 361  0.
 362  0.
 363  0.
 364  0.
 365  0.
 366  0.
 367  0.
 368  0.
 369  0.
 370  0.
 371  0.
 372  0.
 373  0.
 374  0.
 375  0.
 376  0.
 377  0.
 378  0.
 379  0.
 380  0.
 381  0.
 382  0.
 383  0.
 384  0.
 385  0.
 386  0.
 387  0.
 388  0.
 389  0.
 390  0.
 391  0.
 392  0.
 393  0.
 394  0.
 395  0.
 396  0.
 397  0.
 398  0.
 399  0.
 400  0.
 401  0.
 402  0.
 403  0.
 404  0.
 405  0.
 406  0.
 407  0.
 408  0.
 409  0.
 410  0.
 411  0.
 412  0.
 413  0.
 414  0.
 415  0.
 416  0.
 417  0.
 418  0.
 419  0.
 420  0.
 421  0.
 422  0.
 423  0.
 424  0.
 425  0.
 426  0.
 427  0.
 428  0.
 429  0.
 430  0.
 431  0.
 432  0.
 433  0.
 434  0.
 435  0.
 436  0.
 437  0.
 438  0.
 439  0.
 440  0.
 441  0.
 442  0.
 443  0.
 444  0.
 445  0.
 446  0.
 447  0.
 448  0.
 449  0.
 450  0.
 451  0.
 452  0.
 453  0.
 454  0.
 455  0.
 456  0.
 457  0.
 458  0.
 459  0.
 460  0.
 461  0.
 462  0.
 463  0.
 464  0.
 465  0.
 466  0.
 467  0.
 468  0.
 469  0.
 470  0.
 471  0.
 472  0.
 473  0.
 474  0.
 475  0.
 476  0.
 477  0.
 478  0.
 479  0.
 480  0.
 481  0.
 482  0.
 483  0.
 484  0.
 485  0.
 486  0.
 487  0.
 488  0.
 489  0.
 490  0.
 491  0.
 492  0.
 493  0.
 494  0.
 495  0.
 496  0.
 497  0.
 498  0.
 499  0.
 500  0.

 1  0.
 2  0.
 3  0.
 4  0.
 5  0.
 6  0.
 7  0.
 8  0.
 9  0.
 10  0.
 11  0.
 12  0.
 13  0.
 14  0.
 15  0.
 16  0.
 17  0.
 18  0.
 19  0.
 20  0.
 21  0.
 22  0.
 23  0.
 24  0.
 25  0.
 26  0.
 27  0.
 28  0.
 29  0.
 30  0.
 31  0.
 32  0.
 33  0.
 34  0.
 35  0.
 36  0.
 37  0.
 38  0.
 39  0.
 40  0.
 41  0.
 42  0.
 43  0.
 44  0.
 45  0.
 46  0.
 47  0.
 48  0.
 49  0.
 50  0.
 51  0.
 52  0.
 53  0.
 54  0.
 55  0.
 56  0.
 57  0.
 58  0.
 59  0.
 60  0.
 61  0.
 62  0.
 63  0.
 64  0.
 65  0.
 66  0.
 67  0.
 68  0.
 69  0.
 70  0.
 71  0.
 72  0.
 73  0.
 74  0.
 75  0.
 76  0.
 77  0.
 78  0.
 79  0.
 80  0.
 81  0.
 82  0.
 83  0.
 84  0.
 85  0.
 86  0.
 87  0.
 88  0.
 89  0.
 90  0.
 91  0.
 92  0.
 93  0.
 94  0.
 95  0.
 96  0.
 97  0.
 98  0.
 99  0.
 100  0.
 101  0.
 102  0.
 103  0.
 104  0.
 105  0.
 106  0.
 107  0.
 108  0.
 109  0.
 110  0.
 111  0.
 112  0.
 113  0.
 114  0.
 115  0.
 116  0.
 117  0.
 118  0.
 119  0.
 120  0.
 121  0.
 122  0.
 123  0.
 124  0.
 125  0.
 126  0.
 127  0.
 128  0.
 129  0.
 130  0.
 131  0.
 132  0.
 133  0.
 134  0.
 135  0.
 136  0.
 137  0.
 138  0.
 139  0.
 140  0.
 141  0.
 142  0.
 143  0.
 144  0.
 145  0.
 146  0.
 147  0.
 148  0.
 149  0.
 150  0.
 151  0.
 152  0.
 153  0.
 154  0.
 155  0.
 156  0.
 157  0.
 158  0.
 159  0.
 160  0.
 161  0.
 162  0.
 163  0.
 164  0.
 165  0.
 166  0.
 167  0.
 168  0.
 169  0.
 170  0.
 171  0.
 172  0.
 173  0.
 174  0.
 175  0.
 176  0.
 177  0.
 178  0.
 179  0.
 180  0.
 181  0.
 182  0.
 183  0.
 184  0.
 185  0.
 186  0.
 187  0.
 188  0.
 189  0.
 190  0.
 191  0.
 192  0.
 193  0.
 194  0.
 195  0.
 196  0.
 197  0.
 198  0.
 199  0.
 200  0.
 201  0.
 202  0.
 203  0.
 204  0.
 205  0.
 206  0.
 207  0.
 208  0.
 209  0.
 210  0.
 211  0.
 212  0.
 213  0.
 214  0.
 215  0.
 216  0.
 217  0.
 218  0.
 219  0.
 220  0.
 221  0.
 222  0.
 223  0.
 224  0.
 225  0.
 226  0.
 227  0.
 228  0.
 229  0.
 230  0.
 231  0.
 232  0.
 233  0.
 234  0.
 235  0.
 236  0.
 237  0.
 238  0.
 239  0.
 240  0.
 241  0.
 242  0.
 243  0.
 244  0.
 245  0.
 246  0.
 247  0.
 248  0.
 249  0.
 250  0.
 251  0.
 252  0.
 253  0.
 254  0.
 255  0.
 256  0.
 257  0.
 258  0.
 259  0.
 260  0.
 261  0.
 262  0.
 263  0.
 264  0.
 265  0.
 266  0.
 267  0.
 268  0.
 269  0.
 270  0.
 271  0.
 272  0.
 273  0.
 274  0.
 275  0.
 276  0.
 277  0.
 278  0.
 279  0.
 280  0.
 281  0.
 282  0.
 283  0.
 284  0.
 285  0.
 286  0.
 287  0.
 288  0.
 289  0.
 290  0.
 291  0.
 292  0.
 293  0.
 294  0.
 295  0.
 296  0.
 297  0.
 298  0.
 299  0.
 300  0.
 301  0.
 302  0.
 303  0.
 304  0.
 305  0.
 306  0.
 307  0.
 308  0.
 309  0.
 310  0.
 311  0.
 312  0.
 313  0.
 314  0.
 315  0.
 316  0.
 317  0.
 318  0.
 319  0.
 320  0.
 321  0.
 322  0.
 323  0.
 324  0.
 325  0.
 326  0.
 327  0.
 328  0.
 329  0.
 330  0.
 331  0.
 332  0.
 333  0.
 334  0.
 335  0.
 336  0.
 337  0.
 338  0.
 339  0.
 340  0.
 341  0.
 342  0.
 343  0.
 344  0.
 345  0.
 346  0.
 347  0.
 348  0.
 349  0.
 350  0.
 351  0.
 352  0.
 353  0.
 354  0.
 355  0.
 356  0.
 357  0.
 358  0.
 359  0.
 360  0.
 361  0.
 362  0.
 363  0.
 364  0.
 365  0.
 366  0.
 367  0.
 368  0.
 369  0.
 370  0.
 371  0.
 372  0.
 373  0.
 374  0.
 375  0.
 376  0.
 377  0.
 378  0.
 379  0.
 380  0.
 381  0.
 382  0.
 383  0.
 384  0.
 385  0.
 386  0.
 387  0.
 388  0.
 389  0.
 390  0.
 391  0.
 392  0.
 393  0.
 394  0.
 395  0.
 396  0.
 397  0.
 398  0.
 399  0.
 400  0.
 401  0.
 402  0.
 403  0.
 404  0.
 405  0.
 406  0.
 407  0.
 408  0.
 409  0.
 410  0.
 411  0.
 412  0.
 413  0.
 414  0.
 415  0.
 416  0.
 417  0.
 418  0.
 419  0.
 420  0.
 421  0.
 422  0.
 423  0.
 424  0.
 425  0.
 426  0.
 427  0.
 428  0.
 429  0.
 430  0.
 431  0.
 432  0.
 433  0.
 434  0.
 435  0.
 436  0.
 437  0.
 438  0.
 439  0.
 440  0.
 441  0.
 442  0.
 443  0.
 444  0.
 445  0.
 446  0.
 447  0.
 448  0.
 449  0.
 450  0.
 451  0.
 452  0.
 453  0.
 454  0.
 455  0.
 456  0.
 457  0.
 458  0.
 459  0.
 460  0.
 461  0.
 462  0.
 463  0.
 464  0.
 465  0.
 466  0.
 467  0.
 468  0.
 469  0.
 470  0.
 471  0.
 472  0.
 473  0.
 474  0.
 475  0.
 476  0.
 477  0.
 478  0.
 479  0.
 480  0.
 481  0.
 482  0.
 483  0.
 484  0.
 485  0.
 486  0.
 487  0.
 488  0.
 489  0.
 490  0.
 491  0.
 492  0.
 493  0.
 494  0.
 495  0.
 496  0.
 497  0.
 498  0.
 499  0.
 500  0.

 1  0.
 2  0.
 3  0.
 4  0.
 5  0.
 6  0.
 7  0.
 8  0.
 9  0.
 10  0.
 11  0.
 12  0.
 13  0.
 14  0.
 15  0.
 16  0.
 17  0.
 18  0.
 19  0.
 20  0.
 21  0.
 22  0.
 23  0.
 24  0.
 25  0.
 26  0.
 27  0.
 28  0.
 29  0.
 30  0.
 31  0.
 32  0.
 33  0.
 34  0.
 35  0.
 36  0.
 37  0.
 38  0.
 39  0.
 40  0.
 41  0.
 42  0.
 43  0.
 44  0.
 45  0.
 46  0.
 47  0.
 48  0.
 49  0.
 50  0.
 51  0.
 52  0.
 53  0.
 54  0.
 55  0.
 56  0.
 57  0.
 58  0.
 59  0.
 60  0.
 61  0.
 62  0.
 63  0.
 64  0.
 65  0.
 66  0.
 67  0.
 68  0.
 69  0.
 70  0.
 71  0.
 72  0.
 73  0.
 74  0.
 75  0.
 76  0.
 77  0.
 78  0.
 79  0.
 80  0.
 81  0.
 82  0.
 83  0.
 84  0.
 85  0.
 86  0.
 87  0.
 88  0.
 89  0.
 90  0.
 91  0.
 92  0.
 93  0.
 94  0.
 95  0.
 96  0.
 97  0.
 98  0.
 99  0.
 100  0.
 101  0.
 102  0.
 103  0.
 104  0.
 105  0.
 106  0.
 107  0.
 108  0.
 109  0.
 110  0.
 111  0.
 112  0.
 113  0.
 114  0.
 115  0.
 116  0.
 117  0.
 118  0.
 119  0.
 120  0.
 121  0.
 122  0.
 123  0.
 124  0.
 125  0.
 126  0.
 127  0.
 128  0.
 129  0.
 130  0.
 131  0.
 132  0.
 133  0.
 134  0.
 135  0.
 136  0.
 137  0.
 138  0.
 139  0.
 140  0.
 141  0.
 142  0.
 143  0.
 144  0.
 145  0.
 146  0.
 147  0.
 148  0.
 149  0.
 150  0.
 151  0.
 152  0.
 153  0.
 154  0.
 155  0.
 156  0.
 157  0.
 158  0.
 159  0.
 160  0.
 161  0.
 162  0.
 163  0.
 164  0.
 165  0.
 166  0.
 167  0.
 168  0.
 169  0.
 170  0.
 171  0.
 172  0.
 173  0.
 174  0.
 175  0.
 176  0.
 177  0.
 178  0.
 179  0.
 180  0.
 181  0.
 182  0.
 183  0.
 184  0.
 185  0.
 186  0.
 187  0.
 188  0.
 189  0.
 190  0.
 191  0.
 192  0.
 193  0.
 194  0.
 195  0.
 196  0.
 197  0.
 198  0.
 199  0.
 200  0.
 201  0.
 202  0.
 203  0.
 204  0.
 205  0.
 206  0.
 207  0.
 208  0.
 209  0.
 210  0.
 211  0.
 212  0.
 213  0.
 214  0.
 215  0.
 216  0.
 217  0.
 218  0.
 219  0.
 220  0.
 221  0.
 222  0.
 223  0.
 224  0.
 225  0.
 226  0.
 227  0.
 228  0.
 229  0.
 230  0.
 231  0.
 232  0.
 233  0.
 234  0.
 235  0.
 236  0.
 237  0.
 238  0.
 239  0.
 240  0.
 241  0.
 242  0.
 243  0.
 244  0.
 245  0.
 246  0.
 247  0.
 248  0.
 249  0.
 250  0.
 251  0.
 252  0.
 253  0.
 254  0.
 255  0.
 256  0.
 257  0.
 258  0.
 259  0.
 260  0.
 261  0.
 262  0.
 263  0.
 264  0.
 265  0.
 266  0.
 267  0.
 268  0.
 269  0.
 270  0.
 271  0.
 272  0.
 273  0.
 274  0.
 275  0.
 276  0.
 277  0.
 278  0.
 279  0.
 280  0.
 281  0.
 282  0.
 283  0.
 284  0.
 285  0.
 286  0.
 287  0.
 288  0.
 289  0.
 290  0.
 291  0.
 292  0.
 293  0.
 294  0.
 295  0.
 296  0.
 297  0.
 298  0.
 299  0.
 300  0.
 301  0.
 302  0.
 303  0.
 304  0.
 305  0.
 306  0.
 307  0.
 308  0.
 309  0.
 310  0.
 311  0.
 312  0.
 313  0.
 314  0.
 315  0.
 316  0.
 317  0.
 318  0.
 319  0.
 320  0.
 321  0.
 322  0.
 323  0.
 324  0.
 325  0.
 326  0.
 327  0.
 328  0.
 329  0.
 330  0.
 331  0.
 332  0.
 333  0.
 334  0.
 335  0.
 336  0.
 337  0.
 338  0.
 339  0.
 340  0.
 341  0.
 342  0.
 343  0.
 344  0.
 345  0.
 346  0.
 347  0.
 348  0.
 349  0.
 350  0.
 351  0.
 352  0.
 353  0.
 354  0.
 355  0.
 356  0.
 357  0.
 358  0.
 359  0.
 360  0.
 361  0.
 362  0.
 363  0.
 364  0.
 365  0.
 366  0.
 367  0.
 368  0.
 369  0.
 370  0.
 371  0.
 372  0.
 373  0.
 374  0.
 375  0.
 376  0.
 377  0.
 378  0.
 379  0.
 380  0.
 381  0.
 382  0.
 383  0.
 384  0.
 385  0.
 386  0.
 387  0.
 388  0.
 389  0.
 390  0.
 391  0.
 392  0.
 393  0.
 394  0.
 395  0.
 396  0.
 397  0.
 398  0.
 399  0.
 400  0.
 401  0.
 402  0.
 403  0.
 404  0.
 405  0.
 406  0.
 407  0.
 408  0.
 409  0.
 410  0.
 411  0.
 412  0.
 413  0.
 414  0.
 415  0.
 416  0.
 417  0.
 418  0.
 419  0.
 420  0.
 421  0.
 422  0.
 423  0.
 424  0.
 425  0.
 426  0.
 427  0.
 428  0.
 429  0.
 430  0.
 431  0.
 432  0.
 433  0.
 434  0.
 435  0.
 436  0.
 437  0.
 438  0.
 439  0.
 440  0.
 441  0.
 442  0.
 443  0.
 444  0.
 445  0.
 446  0.
 447  0.
 448  0.
 449  0.
 450  0.
 451  0.
 452  0.
 453  0.
 454  0.
 455  0.
 456  0.
 457  0.
 458  0.
 459  0.
 460  0.
 461  0.
 462  0.
 463  0.
 464  0.
 465  0.
 466  0.
 467  0.
 468  0.
 469  0.
 470  0.
 471  0.
 472  0.
 473  0.
 474  0.
 475  0.
 476  0.
 477  0.
 478  0.
 479  0.
 480  0.
 481  0.
 482  0.
 483  0.
 484  0.
 485  0.
 486  0.
 487  0.
 488  0.
 489  0.
 490  0.
 491  0.
 492  0.
 493  0.
 494  0.
 495  0.
 496  0.
 497  0.
 498  0.
 499  0.
 500  0.

 1  0.
 2  0.
 3  0.
 4  0.
 5  0.
 6  0.
 7  0.
 8  0.
 9  0.
 10  0.
 11  0.
 12  0.
 13  0.
 14  0.
 15  0.
 16  0.
 17  0.
 18  0.
 19  0.
 20  0.
 21  0.
 22  0.
 23  0.
 24  0.
 25  0.
 26  0.
 27  0.
 28  0.
 29  0.
 30  0.
 31  0.
 32  0.
 33  0.
 34  0.
 35  0.
 36  0.
 37  0.
 38  0.
 39  0.
 40  0.
 41  0.
 42  0.
 43  0.
 44  0.
 45  0.
 46  0.
 47  0.
 48  0.
 49  0.
 50  0.
 51  0.
 52  0.
 53  0.
 54  0.
 55  0.
 56  0.
 57  0.
 58  0.
 59  0.
 60  0.
 61  0.
 62  0.
 63  0.
 64  0.
 65  0.
 66  0.
 67  0.
 68  0.
 69  0.
 70  0.
 71  0.
 72  0.
 73  0.
 74  0.
 75  0.
 76  0.
 77  0.
 78  0.
 79  0.
 80  0.
 81  0.
 82  0.
 83  0.
 84  0.
 85  0.
 86  0.
 87  0.
 88  0.
 89  0.
 90  0.
 91  0.
 92  0.
 93  0.
 94  0.
 95  0.
 96  0.
 97  0.
 98  0.
 99  0.
 100  0.
 101  0.
 102  0.
 103  0.
 104  0.
 105  0.
 106  0.
 107  0.
 108  0.
 109  0.
 110  0.
 111  0.
 112  0.
 113  0.
 114  0.
 115  0.
 116  0.
 117  0.
 118  0.
 119  0.
 120  0.
 121  0.
 122  0.
 123  0.
 124  0.
 125  0.
 126  0.
 127  0.
 128  0.
 129  0.
 130  0.
 131  0.
 132  0.
 133  0.
 134  0.
 135  0.
 136  0.
 137  0.
 138  0.
 139  0.
 140  0.
 141  0.
 142  0.
 143  0.
 144  0.
 145  0.
 146  0.
 147  0.
 148  0.
 149  0.
 150  0.
 151  0.
 152  0.
 153  0.
 154  0.
 155  0.
 156  0.
 157  0.
 158  0.
 159  0.
 160  0.
 161  0.
 162  0.
 163  0.
 164  0.
 165  0.
 166  0.
 167  0.
 168  0.
 169  0.
 170  0.
 171  0.
 172  0.
 173  0.
 174  0.
 175  0.
 176  0.
 177  0.
 178  0.
 179  0.
 180  0.
 181  0.
 182  0.
 183  0.
 184  0.
 185  0.
 186  0.
 187  0.
 188  0.
 189  0.
 190  0.
 191  0.
 192  0.
 193  0.
 194  0.
 195  0.
 196  0.
 197  0.
 198  0.
 199  0.
 200  0.
 201  0.
 202  0.
 203  0.
 204  0.
 205  0.
 206  0.
 207  0.
 208  0.
 209  0.
 210  0.
 211  0.
 212  0.
 213  0.
 214  0.
 215  0.
 216  0.
 217  0.
 218  0.
 219  0.
 220  0.
 221  0.
 222  0.
 223  0.
 224  0.
 225  0.
 226  0.
 227  0.
 228  0.
 229  0.
 230  0.
 231  0.
 232  0.
 233  0.
 234  0.
 235  0.
 236  0.
 237  0.
 238  0.
 239  0.
 240  0.
 241  0.
 242  0.
 243  0.
 244  0.
 245  0.
 246  0.
 247  0.
 248  0.
 249  0.
 250  0.
 251  0.
 252  0.
 253  0.
 254  0.
 255  0.
 256  0.
 257  0.
 258  0.
 259  0.
 260  0.
 261  0.
 262  0.
 263  0.
 264  0.
 265  0.
 266  0.
 267  0.
 268  0.
 269  0.
 270  0.
 271  0.
 272  0.
 273  0.
 274  0.
 275  0.
 276  0.
 277  0.
 278  0.
 279  0.
 280  0.
 281  0.
 282  0.
 283  0.
 284  0.
 285  0.
 286  0.
 287  0.
 288  0.
 289  0.
 290  0.
 291  0.
 292  0.
 293  0.
 294  0.
 295  0.
 296  0.
 297  0.
 298  0.
 299  0.
 300  0.
 301  0.
 302  0.
 303  0.
 304  0.
 305  0.
 306  0.
 307  0.
 308  0.
 309  0.
 310  0.
 311  0.
 312  0.
 313  0.
 314  0.
 315  0.
 316  0.
 317  0.
 318  0.
 319  0.
 320  0.
 321  0.
 322  0.
 323  0.
 324  0.
 325  0.
 326  0.
 327  0.
 328  0.
 329  0.
 330  0.
 331  0.
 332  0.
 333  0.
 334  0.
 335  0.
 336  0.
 337  0.
 338  0.
 339  0.
 340  0.
 341  0.
 342  0.
 343  0.
 344  0.
 345  0.
 346  0.
 347  0.
 348  0.
 349  0.
 350  0.
 351  0.
 352  0.
 353  0.
 354  0.
 355  0.
 356  0.
 357  0.
 358  0.
 359  0.
 360  0.
 361  0.
 362  0.
 363  0.
 364  0.
 365  0.
 366  0.
 367  0.
 368  0.
 369  0.
 370  0.
 371  0.
 372  0.
 373  0.
 374  0.
 375  0.
 376  0.
 377  0.
 378  0.
 379  0.
 380  0.
 381  0.
 382  0.
 383  0.
 384  0.
 385  0.
 386  0.
 387  0.
 388  0.
 389  0.
 390  0.
 391  0.
 392  0.
 393  0.
 394  0.
 395  0.
 396  0.
 397  0.
 398  0.
 399  0.
 400  0.
 401  0.
 402  0.
 403  0.
 404  0.
 405  0.
 406  0.
 407  0.
 408  0.
 409  0.
 410  0.
 411  0.
 412  0.
 413  0.
 414  0.
 415  0.
 416  0.
 417  0.
 418  0.
 419  0.
 420  0.
 421  0.
 422  0.
 423  0.
 424  0.
 425  0.
 426  0.
 427  0.
 428  0.
 429  0.
 430  0.
 431  0.
 432  0.
 433  0.
 434  0.
 435  0.
 436  0.
 437  0.
 438  0.
 439  0.
 440  0.
 441  0.
 442  0.
 443  0.
 444  0.
 445  0.
 446  0.
 447  0.
 448  0.
 449  0.
 450  0.
 451  0.
 452  0.
 453  0.
 454  0.
 455  0.
 456  0.
 457  0.
 458  0.
 459  0.
 460  0.
 461  0.
 462  0.
 463  0.
 464  0.
 465  0.
 466  0.
 467  0.
 468  0.
 469  0.
 470  0.
 471  0.
 472  0.
 473  0.
 474  0.
 475  0.
 476  0.
 477  0.
 478  0.
 479  0.
 480  0.
 481  0.
 482  0.
 483  0.
 484  0.
 485  0.
 486  0.
 487  0.
 488  0.
 489  0.
 490  0.
 491  0.
 492  0.
 493  0.
 494  0.
 495  0.
 496  0.
 497  0.
 498  0.
 499  0.
 500  0.

 1  0.
 2  0.
 3  0.
 4  0.
 5  0.
 6  0.
 7  0.
 8  0.
 9  0.
 10  0.
 11  0.
 12  0.
 13  0.
 14  0.
 15  0.
 16  0.
 17  0.
 18  0.
 19  0.
 20  0.
 21  0.
 22  0.
 23  0.
 24  0.
 25  0.
 26  0.
 27  0.
 28  0.
 29  0.
 30  0.
 31  0.
 32  0.
 33  0.
 34  0.
 35  0.
 36  0.
 37  0.
 38  0.
 39  0.
 40  0.
 41  0.
 42  0.
 43  0.
 44  0.
 45  0.
 46  0.
 47  0.
 48  0.
 49  0.
 50  0.
 51  0.
 52  0.
 53  0.
 54  0.
 55  0.
 56  0.
 57  0.
 58  0.
 59  0.
 60  0.
 61  0.
 62  0.
 63  0.
 64  0.
 65  0.
 66  0.
 67  0.
 68  0.
 69  0.
 70  0.
 71  0.
 72  0.
 73  0.
 74  0.
 75  0.
 76  0.
 77  0.
 78  0.
 79  0.
 80  0.
 81  0.
 82  0.
 83  0.
 84  0.
 85  0.
 86  0.
 87  0.
 88  0.
 89  0.
 90  0.
 91  0.
 92  0.
 93  0.
 94  0.
 95  0.
 96  0.
 97  0.
 98  0.
 99  0.
 100  0.
 101  0.
 102  0.
 103  0.
 104  0.
 105  0.
 106  0.
 107  0.
 108  0.
 109  0.
 110  0.
 111  0.
 112  0.
 113  0.
 114  0.
 115  0.
 116  0.
 117  0.
 118  0.
 119  0.
 120  0.
 121  0.
 122  0.
 123  0.
 124  0.
 125  0.
 126  0.
 127  0.
 128  0.
 129  0.
 130  0.
 131  0.
 132  0.
 133  0.
 134  0.
 135  0.
 136  0.
 137  0.
 138  0.
 139  0.
 140  0.
 141  0.
 142  0.
 143  0.
 144  0.
 145  0.
 146  0.
 147  0.
 148  0.
 149  0.
 150  0.
 151  0.
 152  0.
 153  0.
 154  0.
 155  0.
 156  0.
 157  0.
 158  0.
 159  0.
 160  0.
 161  0.
 162  0.
 163  0.
 164  0.
 165  0.
 166  0.
 167  0.
 168  0.
 169  0.
 170  0.
 171  0.
 172  0.
 173  0.
 174  0.
 175  0.
 176  0.
 177  0.
 178  0.
 179  0.
 180  0.
 181  0.
 182  0.
 183  0.
 184  0.
 185  0.
 186  0.
 187  0.
 188  0.
 189  0.
 190  0.
 191  0.
 192  0.
 193  0.
 194  0.
 195  0.
 196  0.
 197  0.
 198  0.
 199  0.
 200  0.
 201  0.
 202  0.
 203  0.
 204  0.
 205  0.
 206  0.
 207  0.
 208  0.
 209  0.
 210  0.
 211  0.
 212  0.
 213  0.
 214  0.
 215  0.
 216  0.
 217  0.
 218  0.
 219  0.
 220  0.
 221  0.
 222  0.
 223  0.
 224  0.
 225  0.
 226  0.
 227  0.
 228  0.
 229  0.
 230  0.
 231  0.
 232  0.
 233  0.
 234  0.
 235  0.
 236  0.
 237  0.
 238  0.
 239  0.
 240  0.
 241  0.
 242  0.
 243  0.
 244  0.
 245  0.
 246  0.
 247  0.
 248  0.
 249  0.
 250  0.
 251  0.
 252  0.
 253  0.
 254  0.
 255  0.
 256  0.
 257  0.
 258  0.
 259  0.
 260  0.
 261  0.
 262  0.
 263  0.
 264  0.
 265  0.
 266  0.
 267  0.
 268  0.
 269  0.
 270  0.
 271  0.
 272  0.
 273  0.
 274  0.
 275  0.
 276  0.
 277  0.
 278  0.
 279  0.
 280  0.
 281  0.
 282  0.
 283  0.
 284  0.
 285  0.
 286  0.
 287  0.
 288  0.
 289  0.
 290  0.
 291  0.
 292  0.
 293  0.
 294  0.
 295  0.
 296  0.
 297  0.
 298  0.
 299  0.
 300  0.
 301  0.
 302  0.
 303  0.
 304  0.
 305  0.
 306  0.
 307  0.
 308  0.
 309  0.
 310  0.
 311  0.
 312  0.
 313  0.
 314  0.
 315  0.
 316  0.
 317  0.
 318  0.
 319  0.
 320  0.
 321  0.
 322  0.
 323  0.
 324  0.
 325  0.
 326  0.
 327  0.
 328  0.
 329  0.
 330  0.
 331  0.
 332  0.
 333  0.
 334  0.
 335  0.
 336  0.
 337  0.
 338  0.
 339  0.
 340  0.
 341  0.
 342  0.
 343  0.
 344  0.
 345  0.
 346  0.
 347  0.
 348  0.
 349  0.
 350  0.
 351  0.
 352  0.
 353  0.
 354  0.
 355  0.
 356  0.
 357  0.
 358  0.
 359  0.
 360  0.
 361  0.
 362  0.
 363  0.
 364  0.
 365  0.
 366  0.
 367  0.
 368  0.
 369  0.
 370  0.
 371  0.
 372  0.
 373  0.
 374  0.
 375  0.
 376  0.
 377  0.
 378  0.
 379  0.
 380  0.
 381  0.
 382  0.
 383  0.
 384  0.
 385  0.
 386  0.
 387  0.
 388  0.
 389  0.
 390  0.
 391  0.
 392  0.
 393  0.
 394  0.
 395  0.
 396  0.
 397  0.
 398  0.
 399  0.
 400  0.
 401  0.
 402  0.
 403  0.
 404  0.
 405  0.
 406  0.
 407  0.
 408  0.
 409  0.
 410  0.
 411  0.
 412  0.
 413  0.
 414  0.
 415  0.
 416  0.
 417  0.
 418  0.
 419  0.
 420  0.
 421  0.
 422  0.
 423  0.
 424  0.
 425  0.
 426  0.
 427  0.
 428  0.
 429  0.
 430  0.
 431  0.
 432  0.
 433  0.
 434  0.
 435  0.
 436  0.
 437  0.
 438  0.
 439  0.
 440  0.
 441  0.
 442  0.
 443  0.
 444  0.
 445  0.
 446  0.
 447  0.
 448  0.
 449  0.
 450  0.
 451  0.
 452  0.
 453  0.
 454  0.
 455  0.
 456  0.
 457  0.
 458  0.
 459  0.
 460  0.
 461  0.
 462  0.
 463  0.
 464  0.
 465  0.
 466  0.
 467  0.
 468  0.
 469  0.
 470  0.
 471  0.
 472  0.
 473  0.
 474  0.
 475  0.
 476  0.
 477  0.
 478  0.
 479  0.
 480  0.
 481  0.
 482  0.
 483  0.
 484  0.
 485  0.
 486  0.
 487  0.
 488  0.
 489  0.
 490  0.
 491  0.
 492  0.
 493  0.
 494  0.
 495  0.
 496  0.
 497  0.
 498  0.
 499  0.
 500  0.

 1  0.
 2  0.
 3  0.
 4  0.
 5  0.
 6  0.
 7  0.
 8  0.
 9  0.
 10  0.
 11  0.
 12  0.
 13  0.
 14  0.
 15  0.
 16  0.
 17  0.
 18  0.
 19  0.
 20  0.
 21  0.
 22  0.
 23  0.
 24  0.
 25  0.
 26  0.
 27  0.
 28  0.
 29  0.
 30  0.
 31  0.
 32  0.
 33  0.
 34  0.
 35  0.
 36  0.
 37  0.
 38  0.
 39  0.
 40  0.
 41  0.
 42  0.
 43  0.
 44  0.
 45  0.
 46  0.
 47  0.
 48  0.
 49  0.
 50  0.
 51  0.
 52  0.
 53  0.
 54  0.
 55  0.
 56  0.
 57  0.
 58  0.
 59  0.
 60  0.
 61  0.
 62  0.
 63  0.
 64  0.
 65  0.
 66  0.
 67  0.
 68  0.
 69  0.
 70  0.
 71  0.
 72  0.
 73  0.
 74  0.
 75  0.
 76  0.
 77  0.
 78  0.
 79  0.
 80  0.
 81  0.
 82  0.
 83  0.
 84  0.
 85  0.
 86  0.
 87  0.
 88  0.
 89  0.
 90  0.
 91  0.
 92  0.
 93  0.
 94  0.
 95  0.
 96  0.
 97  0.
 98  0.
 99  0.
 100  0.
 101  0.
 102  0.
 103  0.
 104  0.
 105  0.
 106  0.
 107  0.
 108  0.
 109  0.
 110  0.
 111  0.
 112  0.
 113  0.
 114  0.
 115  0.
 116  0.
 117  0.
 118  0.
 119  0.
 120  0.
 121  0.
 122  0.
 123  0.
 124  0.
 125  0.
 126  0.
 127  0.
 128  0.
 129  0.
 130  0.
 131  0.
 132  0.
 133  0.
 134  0.
 135  0.
 136  0.
 137  0.
 138  0.
 139  0.
 140  0.
 141  0.
 142  0.
 143  0.
 144  0.
 145  0.
 146  0.
 147  0.
 148  0.
 149  0.
 150  0.
 151  0.
 152  0.
 153  0.
 154  0.
 155  0.
 156  0.
 157  0.
 158  0.
 159  0.
 160  0.
 161  0.
 162  0.
 163  0.
 164  0.
 165  0.
 166  0.
 167  0.
 168  0.
 169  0.
 170  0.
 171  0.
 172  0.
 173  0.
 174  0.
 175  0.
 176  0.
 177  0.
 178  0.
 179  0.
 180  0.
 181  0.
 182  0.
 183  0.
 184  0.
 185  0.
 186  0.
 187  0.
 188  0.
 189  0.
 190  0.
 191  0.
 192  0.
 193  0.
 194  0.
 195  0.
 196  0.
 197  0.
 198  0.
 199  0.
 200  0.
 201  0.
 202  0.
 203  0.
 204  0.
 205  0.
 206  0.
 207  0.
 208  0.
 209  0.
 210  0.
 211  0.
 212  0.
 213  0.
 214  0.
 215  0.
 216  0.
 217  0.
 218  0.
 219  0.
 220  0.
 221  0.
 222  0.
 223  0.
 224  0.
 225  0.
 226  0.
 227  0.
 228  0.
 229  0.
 230  0.
 231  0.
 232  0.
 233  0.
 234  0.
 235  0.
 236  0.
 237  0.
 238  0.
 239  0.
 240  0.
 241  0.
 242  0.
 243  0.
 244  0.
 245  0.
 246  0.
 247  0.
 248  0.
 249  0.
 250  0.
 251  0.
 252  0.
 253  0.
 254  0.
 255  0.
 256  0.
 257  0.
 258  0.
 259  0.
 260  0.
 261  0.
 262  0.
 263  0.
 264  0.
 265  0.
 266  0.
 267  0.
 268  0.
 269  0.
 270  0.
 271  0.
 272  0.
 273  0.
 274  0.
 275  0.
 276  0.
 277  0.
 278  0.
 279  0.
 280  0.
 281  0.
 282  0.
 283  0.
 284  0.
 285  0.
 286  0.
 287  0.
 288  0.
 289  0.
 290  0.
 291  0.
 292  0.
 293  0.
 294  0.
 295  0.
 296  0.
 297  0.
 298  0.
 299  0.
 300  0.
 301  0.
 302  0.
 303  0.
 304  0.
 305  0.
 306  0.
 307  0.
 308  0.
 309  0.
 310  0.
 311  0.
 312  0.
 313  0.
 314  0.
 315  0.
 316  0.
 317  0.
 318  0.
 319  0.
 320  0.
 321  0.
 322  0.
 323  0.
 324  0.
 325  0.
 326  0.
 327  0.
 328  0.
 329  0.
 330  0.
 331  0.
 332  0.
 333  0.
 334  0.
 335  0.
 336  0.
 337  0.
 338  0.
 339  0.
 340  0.
 341  0.
 342  0.
 343  0.
 344  0.
 345  0.
 346  0.
 347  0.
 348  0.
 349  0.
 350  0.
 351  0.
 352  0.
 353  0.
 354  0.
 355  0.
 356  0.
 357  0.
 358  0.
 359  0.
 360  0.
 361  0.
 362  0.
 363  0.
 364  0.
 365  0.
 366  0.
 367  0.
 368  0.
 369  0.
 370  0.
 371  0.
 372  0.
 373  0.
 374  0.
 375  0.
 376  0.
 377  0.
 378  0.
 379  0.
 380  0.
 381  0.
 382  0.
 383  0.
 384  0.
 385  0.
 386  0.
 387  0.
 388  0.
 389  0.
 390  0.
 391  0.
 392  0.
 393  0.
 394  0.
 395  0.
 396  0.
 397  0.
 398  0.
 399  0.
 400  0.
 401  0.
 402  0.
 403  0.
 404  0.
 405  0.
 406  0.
 407  0.
 408  0.
 409  0.
 410  0.
 411  0.
 412  0.
 413  0.
 414  0.
 415  0.
 416  0.
 417  0.
 418  0.
 419  0.
 420  0.
 421  0.
 422  0.
 423  0.
 424  0.
 425  0.
 426  0.
 427  0.
 428  0.
 429  0.
 430  0.
 431  0.
 432  0.
 433  0.
 434  0.
 435  0.
 436  0.
 437  0.
 438  0.
 439  0.
 440  0.
 441  0.
 442  0.
 443  0.
 444  0.
 445  0.
 446  0.
 447  0.
 448  0.
 449  0.
 450  0.
 451  0.
 452  0.
 453  0.
 454  0.
 455  0.
 456  0.
 457  0.
 458  0.
 459  0.
 460  0.
 461  0.
 462  0.
 463  0.
 464  0.
 465  0.
 466  0.
 467  0.
 468  0.
 469  0.
 470  0.
 471  0.
 472  0.
 473  0.
 474  0.
 475  0.
 476  0.
 477  0.
 478  0.
 479  0.
 480  0.
 481  0.
 482  0.
 483  0.
 484  0.
 485  0.
 486  0.
 487  0.
 488  0.
 489  0.
 490  0.
 491  0.
 492  0.
 493  0.
 494  0.
 495  0.
 496  0.
 497  0.
 498  0.
 499  0.
 500  0.

 1  0.
 2  0.
 3  0.
 4  0.
 5  0.
 6  0.
 7  0.
 8  0.
 9  0.
 10  0.
 11  0.
 12  0.
 13  0.
 14  0.
 15  0.
 16  0.
 17  0.
 18  0.
 19  0.
 20  0.
 21  0.
 22  0.
 23  0.
 24  0.
 25  0.
 26  0.
 27  0.
 28  0.
 29  0.
 30  0.
 31  0.
 32  0.
 33  0.
 34  0.
 35  0.
 36  0.
 37  0.
 38  0.
 39  0.
 40  0.
 41  0.
 42  0.
 43  0.
 44  0.
 45  0.
 46  0.
 47  0.
 48  0.
 49  0.
 50  0.
 51  0.
 52  0.
 53  0.
 54  0.
 55  0.
 56  0.
 57  0.
 58  0.
 59  0.
 60  0.
 61  0.
 62  0.
 63  0.
 64  0.
 65  0.
 66  0.
 67  0.
 68  0.
 69  0.
 70  0.
 71  0.
 72  0.
 73  0.
 74  0.
 75  0.
 76  0.
 77  0.
 78  0.
 79  0.
 80  0.
 81  0.
 82  0.
 83  0.
 84  0.
 85  0.
 86  0.
 87  0.
 88  0.
 89  0.
 90  0.
 91  0.
 92  0.
 93  0.
 94  0.
 95  0.
 96  0.
 97  0.
 98  0.
 99  0.
 100  0.
 101  0.
 102  0.
 103  0.
 104  0.
 105  0.
 106  0.
 107  0.
 108  0.
 109  0.
 110  0.
 111  0.
 112  0.
 113  0.
 114  0.
 115  0.
 116  0.
 117  0.
 118  0.
 119  0.
 120  0.
 121  0.
 122  0.
 123  0.
 124  0.
 125  0.
 126  0.
 127  0.
 128  0.
 129  0.
 130  0.
 131  0.
 132  0.
 133  0.
 134  0.
 135  0.
 136  0.
 137  0.
 138  0.
 139  0.
 140  0.
 141  0.
 142  0.
 143  0.
 144  0.
 145  0.
 146  0.
 147  0.
 148  0.
 149  0.
 150  0.
 151  0.
 152  0.
 153  0.
 154  0.
 155  0.
 156  0.
 157  0.
 158  0.
 159  0.
 160  0.
 161  0.
 162  0.
 163  0.
 164  0.
 165  0.
 166  0.
 167  0.
 168  0.
 169  0.
 170  0.
 171  0.
 172  0.
 173  0.
 174  0.
 175  0.
 176  0.
 177  0.
 178  0.
 179  0.
 180  0.
 181  0.
 182  0.
 183  0.
 184  0.
 185  0.
 186  0.
 187  0.
 188  0.
 189  0.
 190  0.
 191  0.
 192  0.
 193  0.
 194  0.
 195  0.
 196  0.
 197  0.
 198  0.
 199  0.
 200  0.
 201  0.
 202  0.
 203  0.
 204  0.
 205  0.
 206  0.
 207  0.
 208  0.
 209  0.
 210  0.
 211  0.
 212  0.
 213  0.
 214  0.
 215  0.
 216  0.
 217  0.
 218  0.
 219  0.
 220  0.
 221  0.
 222  0.
 223  0.
 224  0.
 225  0.
 226  0.
 227  0.
 228  0.
 229  0.
 230  0.
 231  0.
 232  0.
 233  0.
 234  0.
 235  0.
 236  0.
 237  0.
 238  0.
 239  0.
 240  0.
 241  0.
 242  0.
 243  0.
 244  0.
 245  0.
 246  0.
 247  0.
 248  0.
 249  0.
 250  0.
 251  0.
 252  0.
 253  0.
 254  0.
 255  0.
 256  0.
 257  0.
 258  0.
 259  0.
 260  0.
 261  0.
 262  0.
 263  0.
 264  0.
 265  0.
 266  0.
 267  0.
 268  0.
 269  0.
 270  0.
 271  0.
 272  0.
 273  0.
 274  0.
 275  0.
 276  0.
 277  0.
 278  0.
 279  0.
 280  0.
 281  0.
 282  0.
 283  0.
 284  0.
 285  0.
 286  0.
 287  0.
 288  0.
 289  0.
 290  0.
 291  0.
 292  0.
 293  0.
 294  0.
 295  0.
 296  0.
 297  0.
 298  0.
 299  0.
 300  0.
 301  0.
 302  0.
 303  0.
 304  0.
 305  0.
 306  0.
 307  0.
 308  0.
 309  0.
 310  0.
 311  0.
 312  0.
 313  0.
 314  0.
 315  0.
 316  0.
 317  0.
 318  0.
 319  0.
 320  0.
 321  0.
 322  0.
 323  0.
 324  0.
 325  0.
 326  0.
 327  0.
 328  0.
 329  0.
 330  0.
 331  0.
 332  0.
 333  0.
 334  0.
 335  0.
 336  0.
 337  0.
 338  0.
 339  0.
 340  0.
 341  0.
 342  0.
 343  0.
 344  0.
 345  0.
 346  0.
 347  0.
 348  0.
 349  0.
 350  0.
 351  0.
 352  0.
 353  0.
 354  0.
 355  0.
 356  0.
 357  0.
 358  0.
 359  0.
 360  0.
 361  0.
 362  0.
 363  0.
 364  0.
 365  0.
 366  0.
 367  0.
 368  0.
 369  0.
 370  0.
 371  0.
 372  0.
 373  0.
 374  0.
 375  0.
 376  0.
 377  0.
 378  0.
 379  0.
 380  0.
 381  0.
 382  0.
 383  0.
 384  0.
 385  0.
 386  0.
 387  0.
 388  0.
 389  0.
 390  0.
 391  0.
 392  0.
 393  0.
 394  0.
 395  0.
 396  0.
 397  0.
 398  0.
 399  0.
 400  0.
 401  0.
 402  0.
 403  0.
 404  0.
 405  0.
 406  0.
 407  0.
 408  0.
 409  0.
 410  0.
 411  0.
 412  0.
 413  0.
 414  0.
 415  0.
 416  0.
 417  0.
 418  0.
 419  0.
 420  0.
 421  0.
 422  0.
 423  0.
 424  0.
 425  0.
 426  0.
 427  0.
 428  0.
 429  0.
 430  0.
 431  0.
 432  0.
 433  0.
 434  0.
 435  0.
 436  0.
 437  0.
 438  0.
 439  0.
 440  0.
 441  0.
 442  0.
 443  0.
 444  0.
 445  0.
 446  0.
 447  0.
 448  0.
 449  0.
 450  0.
 451  0.
 452  0.
 453  0.
 454  0.
 455  0.
 456  0.
 457  0.
 458  0.
 459  0.
 460  0.
 461  0.
 462  0.
 463  0.
 464  0.
 465  0.
 466  0.
 467  0.
 468  0.
 469  0.
 470  0.
 471  0.
 472  0.
 473  0.
 474  0.
 475  0.
 476  0.
 477  0.
 478  0.
 479  0.
 480  0.
 481  0.
 482  0.
 483  0.
 484  0.
 485  0.
 486  0.
 487  0.
 488  0.
 489  0.
 490  0.
 491  0.
 492  0.
 493  0.
 494  0.
 495  0.
 496  0.
 497  0.
 498  0.
 499  0.
 500  0.

 1  0.
 2  0.
 3  0.
 4  0.
 5  0.
 6  0.
 7  0.
 8  0.
 9  0.
 10  0.
 11  0.
 12  0.
 13  0.
 14  0.
 15  0.
 16  0.
 17  0.
 18  0.
 19  0.
 20  0.
 21  0.
 22  0.
 23  0.
 24  0.
 25  0.
 26  0.
 27  0.
 28  0.
 29  0.
 30  0.
 31  0.
 32  0.
 33  0.
 34  0.
 35  0.
 36  0.
 37  0.
 38  0.
 39  0.
 40  0.
 41  0.
 42  0.
 43  0.
 44  0.
 45  0.
 46  0.
 47  0.
 48  0.
 49  0.
 50  0.
 51  0.
 52  0.
 53  0.
 54  0.
 55  0.
 56  0.
 57  0.
 58  0.
 59  0.
 60  0.
 61  0.
 62  0.
 63  0.
 64  0.
 65  0.
 66  0.
 67  0.
 68  0.
 69  0.
 70  0.
 71  0.
 72  0.
 73  0.
 74  0.
 75  0.
 76  0.
 77  0.
 78  0.
 79  0.
 80  0.
 81  0.
 82  0.
 83  0.
 84  0.
 85  0.
 86  0.
 87  0.
 88  0.
 89  0.
 90  0.
 91  0.
 92  0.
 93  0.
 94  0.
 95  0.
 96  0.
 97  0.
 98  0.
 99  0.
 100  0.
 101  0.
 102  0.
 103  0.
 104  0.
 105  0.
 106  0.
 107  0.
 108  0.
 109  0.
 110  0.
 111  0.
 112  0.
 113  0.
 114  0.
 115  0.
 116  0.
 117  0.
 118  0.
 119  0.
 120  0.
 121  0.
 122  0.
 123  0.
 124  0.
 125  0.
 126  0.
 127  0.
 128  0.
 129  0.
 130  0.
 131  0.
 132  0.
 133  0.
 134  0.
 135  0.
 136  0.
 137  0.
 138  0.
 139  0.
 140  0.
 141  0.
 142  0.
 143  0.
 144  0.
 145  0.
 146  0.
 147  0.
 148  0.
 149  0.
 150  0.
 151  0.
 152  0.
 153  0.
 154  0.
 155  0.
 156  0.
 157  0.
 158  0.
 159  0.
 160  0.
 161  0.
 162  0.
 163  0.
 164  0.
 165  0.
 166  0.
 167  0.
 168  0.
 169  0.
 170  0.
 171  0.
 172  0.
 173  0.
 174  0.
 175  0.
 176  0.
 177  0.
 178  0.
 179  0.
 180  0.
 181  0.
 182  0.
 183  0.
 184  0.
 185  0.
 186  0.
 187  0.
 188  0.
 189  0.
 190  0.
 191  0.
 192  0.
 193  0.
 194  0.
 195  0.
 196  0.
 197  0.
 198  0.
 199  0.
 200  0.
 201  0.
 202  0.
 203  0.
 204  0.
 205  0.
 206  0.
 207  0.
 208  0.
 209  0.
 210  0.
 211  0.
 212  0.
 213  0.
 214  0.
 215  0.
 216  0.
 217  0.
 218  0.
 219  0.
 220  0.
 221  0.
 222  0.
 223  0.
 224  0.
 225  0.
 226  0.
 227  0.
 228  0.
 229  0.
 230  0.
 231  0.
 232  0.
 233  0.
 234  0.
 235  0.
 236  0.
 237  0.
 238  0.
 239  0.
 240  0.
 241  0.
 242  0.
 243  0.
 244  0.
 245  0.
 246  0.
 247  0.
 248  0.
 249  0.
 250  0.
 251  0.
 252  0.
 253  0.
 254  0.
 255  0.
 256  0.
 257  0.
 258  0.
 259  0.
 260  0.
 261  0.
 262  0.
 263  0.
 264  0.
 265  0.
 266  0.
 267  0.
 268  0.
 269  0.
 270  0.
 271  0.
 272  0.
 273  0.
 274  0.
 275  0.
 276  0.
 277  0.
 278  0.
 279  0.
 280  0.
 281  0.
 282  0.
 283  0.
 284  0.
 285  0.
 286  0.
 287  0.
 288  0.
 289  0.
 290  0.
 291  0.
 292  0.
 293  0.
 294  0.
 295  0.
 296  0.
 297  0.
 298  0.
 299  0.
 300  0.
 301  0.
 302  0.
 303  0.
 304  0.
 305  0.
 306  0.
 307  0.
 308  0.
 309  0.
 310  0.
 311  0.
 312  0.
 313  0.
 314  0.
 315  0.
 316  0.
 317  0.
 318  0.
 319  0.
 320  0.
 321  0.
 322  0.
 323  0.
 324  0.
 325  0.
 326  0.
 327  0.
 328  0.
 329  0.
 330  0.
 331  0.
 332  0.
 333  0.
 334  0.
 335  0.
 336  0.
 337  0.
 338  0.
 339  0.
 340  0.
 341  0.
 342  0.
 343  0.
 344  0.
 345  0.
 346  0.
 347  0.
 348  0.
 349  0.
 350  0.
 351  0.
 352  0.
 353  0.
 354  0.
 355  0.
 356  0.
 357  0.
 358  0.
 359  0.
 360  0.
 361  0.
 362  0.
 363  0.
 364  0.
 365  0.
 366  0.
 367  0.
 368  0.
 369  0.
 370  0.
 371  0.
 372  0.
 373  0.
 374  0.
 375  0.
 376  0.
 377  0.
 378  0.
 379  0.
 380  0.
 381  0.
 382  0.
 383  0.
 384  0.
 385  0.
 386  0.
 387  0.
 388  0.
 389  0.
 390  0.
 391  0.
 392  0.
 393  0.
 394  0.
 395  0.
 396  0.
 397  0.
 398  0.
 399  0.
 400  0.
 401  0.
 402  0.
 403  0.
 404  0.
 405  0.
 406  0.
 407  0.
 408  0.
 409  0.
 410  0.
 411  0.
 412  0.
 413  0.
 414  0.
 415  0.
 416  0.
 417  0.
 418  0.
 419  0.
 420  0.
 421  0.
 422  0.
 423  0.
 424  0.
 425  0.
 426  0.
 427  0.
 428  0.
 429  0.
 430  0.
 431  0.
 432  0.
 433  0.
 434  0.
 435  0.
 436  0.
 437  0.
 438  0.
 439  0.
 440  0.
 441  0.
 442  0.
 443  0.
 444  0.
 445  0.
 446  0.
 447  0.
 448  0.
 449  0.
 450  0.
 451  0.
 452  0.
 453  0.
 454  0.
 455  0.
 456  0.
 457  0.
 458  0.
 459  0.
 460  0.
 461  0.
 462  0.
 463  0.
 464  0.
 465  0.
 466  0.
 467  0.
 468  0.
 469  0.
 470  0.
 471  0.
 472  0.
 473  0.
 474  0.
 475  0.
 476  0.
 477  0.
 478  0.
 479  0.
 480  0.
 481  0.
 482  0.
 483  0.
 484  0.
 485  0.
 486  0.
 487  0.
 488  0.
 489  0.
 490  0.
 491  0.
 492  0.
 493  0.
 494  0.
 495  0.
 496  0.
 497  0.
 498  0.
 499  0.
 500  0.

 1  0.
 2  0.
 3  0.
 4  0.
 5  0.
 6  0.
 7  0.
 8  0.
 9  0.
 10  0.
 11  0.
 12  0.
 13  0.
 14  0.
 15  0.
 16  0.
 17  0.
 18  0.
 19  0.
 20  0.
 21  0.
 22  0.
 23  0.
 24  0.
 25  0.
 26  0.
 27  0.
 28  0.
 29  0.
 30  0.
 31  0.
 32  0.
 33  0.
 34  0.
 35  0.
 36  0.
 37  0.
 38  0.
 39  0.
 40  0.
 41  0.
 42  0.
 43  0.
 44  0.
 45  0.
 46  0.
 47  0.
 48  0.
 49  0.
 50  0.
 51  0.
 52  0.
 53  0.
 54  0.
 55  0.
 56  0.
 57  0.
 58  0.
 59  0.
 60  0.
 61  0.
 62  0.
 63  0.
 64  0.
 65  0.
 66  0.
 67  0.
 68  0.
 69  0.
 70  0.
 71  0.
 72  0.
 73  0.
 74  0.
 75  0.
 76  0.
 77  0.
 78  0.
 79  0.
 80  0.
 81  0.
 82  0.
 83  0.
 84  0.
 85  0.
 86  0.
 87  0.
 88  0.
 89  0.
 90  0.
 91  0.
 92  0.
 93  0.
 94  0.
 95  0.
 96  0.
 97  0.
 98  0.
 99  0.
 100  0.
 101  0.
 102  0.
 103  0.
 104  0.
 105  0.
 106  0.
 107  0.
 108  0.
 109  0.
 110  0.
 111  0.
 112  0.
 113  0.
 114  0.
 115  0.
 116  0.
 117  0.
 118  0.
 119  0.
 120  0.
 121  0.
 122  0.
 123  0.
 124  0.
 125  0.
 126  0.
 127  0.
 128  0.
 129  0.
 130  0.
 131  0.
 132  0.
 133  0.
 134  0.
 135  0.
 136  0.
 137  0.
 138  0.
 139  0.
 140  0.
 141  0.
 142  0.
 143  0.
 144  0.
 145  0.
 146  0.
 147  0.
 148  0.
 149  0.
 150  0.
 151  0.
 152  0.
 153  0.
 154  0.
 155  0.
 156  0.
 157  0.
 158  0.
 159  0.
 160  0.
 161  0.
 162  0.
 163  0.
 164  0.
 165  0.
 166  0.
 167  0.
 168  0.
 169  0.
 170  0.
 171  0.
 172  0.
 173  0.
 174  0.
 175  0.
 176  0.
 177  0.
 178  0.
 179  0.
 180  0.
 181  0.
 182  0.
 183  0.
 184  0.
 185  0.
 186  0.
 187  0.
 188  0.
 189  0.
 190  0.
 191  0.
 192  0.
 193  0.
 194  0.
 195  0.
 196  0.
 197  0.
 198  0.
 199  0.
 200  0.
 201  0.
 202  0.
 203  0.
 204  0.
 205  0.
 206  0.
 207  0.
 208  0.
 209  0.
 210  0.
 211  0.
 212  0.
 213  0.
 214  0.
 215  0.
 216  0.
 217  0.
 218  0.
 219  0.
 220  0.
 221  0.
 222  0.
 223  0.
 224  0.
 225  0.
 226  0.
 227  0.
 228  0.
 229  0.
 230  0.
 231  0.
 232  0.
 233  0.
 234  0.
 235  0.
 236  0.
 237  0.
 238  0.
 239  0.
 240  0.
 241  0.
 242  0.
 243  0.
 244  0.
 245  0.
 246  0.
 247  0.
 248  0.
 249  0.
 250  0.
 251  0.
 252  0.
 253  0.
 254  0.
 255  0.
 256  0.
 257  0.
 258  0.
 259  0.
 260  0.
 261  0.
 262  0.
 263  0.
 264  0.
 265  0.
 266  0.
 267  0.
 268  0.
 269  0.
 270  0.
 271  0.
 272  0.
 273  0.
 274  0.
 275  0.
 276  0.
 277  0.
 278  0.
 279  0.
 280  0.
 281  0.
 282  0.
 283  0.
 284  0.
 285  0.
 286  0.
 287  0.
 288  0.
 289  0.
 290  0.
 291  0.
 292  0.
 293  0.
 294  0.
 295  0.
 296  0.
 297  0.
 298  0.
 299  0.
 300  0.
 301  0.
 302  0.
 303  0.
 304  0.
 305  0.
 306  0.
 307  0.
 308  0.
 309  0.
 310  0.
 311  0.
 312  0.
 313  0.
 314  0.
 315  0.
 316  0.
 317  0.
 318  0.
 319  0.
 320  0.
 321  0.
 322  0.
 323  0.
 324  0.
 325  0.
 326  0.
 327  0.
 328  0.
 329  0.
 330  0.
 331  0.
 332  0.
 333  0.
 334  0.
 335  0.
 336  0.
 337  0.
 338  0.
 339  0.
 340  0.
 341  0.
 342  0.
 343  0.
 344  0.
 345  0.
 346  0.
 347  0.
 348  0.
 349  0.
 350  0.
 351  0.
 352  0.
 353  0.
 354  0.
 355  0.
 356  0.
 357  0.
 358  0.
 359  0.
 360  0.
 361  0.
 362  0.
 363  0.
 364  0.
 365  0.
 366  0.
 367  0.
 368  0.
 369  0.
 370  0.
 371  0.
 372  0.
 373  0.
 374  0.
 375  0.
 376  0.
 377  0.
 378  0.
 379  0.
 380  0.
 381  0.
 382  0.
 383  0.
 384  0.
 385  0.
 386  0.
 387  0.
 388  0.
 389  0.
 390  0.
 391  0.
 392  0.
 393  0.
 394  0.
 395  0.
 396  0.
 397  0.
 398  0.
 399  0.
 400  0.
 401  0.
 402  0.
 403  0.
 404  0.
 405  0.
 406  0.
 407  0.
 408  0.
 409  0.
 410  0.
 411  0.
 412  0.
 413  0.
 414  0.
 415  0.
 416  0.
 417  0.
 418  0.
 419  0.
 420  0.
 421  0.
 422  0.
 423  0.
 424  0.
 425  0.
 426  0.
 427  0.
 428  0.
 429  0.
 430  0.
 431  0.
 432  0.
 433  0.
 434  0.
 435  0.
 436  0.
 437  0.
 438  0.
 439  0.
 440  0.
 441  0.
 442  0.
 443  0.
 444  0.
 445  0.
 446  0.
 447  0.
 448  0.
 449  0.
 450  0.
 451  0.
 452  0.
 453  0.
 454  0.
 455  0.
 456  0.
 457  0.
 458  0.
 459  0.
 460  0.
 461  0.
 462  0.
 463  0.
 464  0.
 465  0.
 466  0.
 467  0.
 468  0.
 469  0.
 470  0.
 471  0.
 472  0.
 473  0.
 474  0.
 475  0.
 476  0.
 477  0.
 478  0.
 479  0.
 480  0.
 481  0.
 482  0.
 483  0.
 484  0.
 485  0.
 486  0.
 487  0.
 488  0.
 489  0.
 490  0.
 491  0.
 492  0.
 493  0.
 494  0.
 495  0.
 496  0.
 497  0.
 498  0.
 499  0.
 500  0.

 1  0.
 2  0.
 3  0.
 4  0.
 5  0.
 6  0.
 7  0.
 8  0.
 9  0.
 10  0.
 11  0.
 12  0.
 13  0.
 14  0.
 15  0.
 16  0.
 17  0.
 18  0.
 19  0.
 20  0.
 21  0.
 22  0.
 23  0.
 24  0.
 25  0.
 26  0.
 27  0.
 28  0.
 29  0.
 30  0.
 31  0.
 32  0.
 33  0.
 34  0.
 35  0.
 36  0.
 37  0.
 38  0.
 39  0.
 40  0.
 41  0.
 42  0.
 43  0.
 44  0.
 45  0.
 46  0.
 47  0.
 48  0.
 49  0.
 50  0.
 51  0.
 52  0.
 53  0.
 54  0.
 55  0.
 56  0.
 57  0.
 58  0.
 59  0.
 60  0.
 61  0.
 62  0.
 63  0.
 64  0.
 65  0.
 66  0.
 67  0.
 68  0.
 69  0.
 70  0.
 71  0.
 72  0.
 73  0.
 74  0.
 75  0.
 76  0.
 77  0.
 78  0.
 79  0.
 80  0.
 81  0.
 82  0.
 83  0.
 84  0.
 85  0.
 86  0.
 87  0.
 88  0.
 89  0.
 90  0.
 91  0.
 92  0.
 93  0.
 94  0.
 95  0.
 96  0.
 97  0.
 98  0.
 99  0.
 100  0.
 101  0.
 102  0.
 103  0.
 104  0.
 105  0.
 106  0.
 107  0.
 108  0.
 109  0.
 110  0.
 111  0.
 112  0.
 113  0.
 114  0.
 115  0.
 116  0.
 117  0.
 118  0.
 119  0.
 120  0.
 121  0.
 122  0.
 123  0.
 124  0.
 125  0.
 126  0.
 127  0.
 128  0.
 129  0.
 130  0.
 131  0.
 132  0.
 133  0.
 134  0.
 135  0.
 136  0.
 137  0.
 138  0.
 139  0.
 140  0.
 141  0.
 142  0.
 143  0.
 144  0.
 145  0.
 146  0.
 147  0.
 148  0.
 149  0.
 150  0.
 151  0.
 152  0.
 153  0.
 154  0.
 155  0.
 156  0.
 157  0.
 158  0.
 159  0.
 160  0.
 161  0.
 162  0.
 163  0.
 164  0.
 165  0.
 166  0.
 167  0.
 168  0.
 169  0.
 170  0.
 171  0.
 172  0.
 173  0.
 174  0.
 175  0.
 176  0.
 177  0.
 178  0.
 179  0.
 180  0.
 181  0.
 182  0.
 183  0.
 184  0.
 185  0.
 186  0.
 187  0.
 188  0.
 189  0.
 190  0.
 191  0.
 192  0.
 193  0.
 194  0.
 195  0.
 196  0.
 197  0.
 198  0.
 199  0.
 200  0.
 201  0.
 202  0.
 203  0.
 204  0.
 205  0.
 206  0.
 207  0.
 208  0.
 209  0.
 210  0.
 211  0.
 212  0.
 213  0.
 214  0.
 215  0.
 216  0.
 217  0.
 218  0.
 219  0.
 220  0.
 221  0.
 222  0.
 223  0.
 224  0.
 225  0.
 226  0.
 227  0.
 228  0.
 229  0.
 230  0.
 231  0.
 232  0.
 233  0.
 234  0.
 235  0.
 236  0.
 237  0.
 238  0.
 239  0.
 240  0.
 241  0.
 242  0.
 243  0.
 244  0.
 245  0.
 246  0.
 247  0.
 248  0.
 249  0.
 250  0.
 251  0.
 252  0.
 253  0.
 254  0.
 255  0.
 256  0.
 257  0.
 258  0.
 259  0.
 260  0.
 261  0.
 262  0.
 263  0.
 264  0.
 265  0.
 266  0.
 267  0.
 268  0.
 269  0.
 270  0.
 271  0.
 272  0.
 273  0.
 274  0.
 275  0.
 276  0.
 277  0.
 278  0.
 279  0.
 280  0.
 281  0.
 282  0.
 283  0.
 284  0.
 285  0.
 286  0.
 287  0.
 288  0.
 289  0.
 290  0.
 291  0.
 292  0.
 293  0.
 294  0.
 295  0.
 296  0.
 297  0.
 298  0.
 299  0.
 300  0.
 301  0.
 302  0.
 303  0.
 304  0.
 305  0.
 306  0.
 307  0.
 308  0.
 309  0.
 310  0.
 311  0.
 312  0.
 313  0.
 314  0.
 315  0.
 316  0.
 317  0.
 318  0.
 319  0.
 320  0.
 321  0.
 322  0.
 323  0.
 324  0.
 325  0.
 326  0.
 327  0.
 328  0.
 329  0.
 330  0.
 331  0.
 332  0.
 333  0.
 334  0.
 335  0.
 336  0.
 337  0.
 338  0.
 339  0.
 340  0.
 341  0.
 342  0.
 343  0.
 344  0.
 345  0.
 346  0.
 347  0.
 348  0.
 349  0.
 350  0.
 351  0.
 352  0.
 353  0.
 354  0.
 355  0.
 356  0.
 357  0.
 358  0.
 359  0.
 360  0.
 361  0.
 362  0.
 363  0.
 364  0.
 365  0.
 366  0.
 367  0.
 368  0.
 369  0.
 370  0.
 371  0.
 372  0.
 373  0.
 374  0.
 375  0.
 376  0.
 377  0.
 378  0.
 379  0.
 380  0.
 381  0.
 382  0.
 383  0.
 384  0.
 385  0.
 386  0.
 387  0.
 388  0.
 389  0.
 390  0.
 391  0.
 392  0.
 393  0.
 394  0.
 395  0.
 396  0.
 397  0.
 398  0.
 399  0.
 400  0.
 401  0.
 402  0.
 403  0.
 404  0.
 405  0.
 406  0.
 407  0.
 408  0.
 409  0.
 410  0.
 411  0.
 412  0.
 413  0.
 414  0.
 415  0.
 416  0.
 417  0.
 418  0.
 419  0.
 420  0.
 421  0.
 422  0.
 423  0.
 424  0.
 425  0.
 426  0.
 427  0.
 428  0.
 429  0.
 430  0.
 431  0.
 432  0.
 433  0.
 434  0.
 435  0.
 436  0.
 437  0.
 438  0.
 439  0.
 440  0.
 441  0.
 442  0.
 443  0.
 444  0.
 445  0.
 446  0.
 447  0.
 448  0.
 449  0.
 450  0.
 451  0.
 452  0.
 453  0.
 454  0.
 455  0.
 456  0.
 457  0.
 458  0.
 459  0.
 460  0.
 461  0.
 462  0.
 463  0.
 464  0.
 465  0.
 466  0.
 467  0.
 468  0.
 469  0.
 470  0.
 471  0.
 472  0.
 473  0.
 474  0.
 475  0.
 476  0.
 477  0.
 478  0.
 479  0.
 480  0.
 481  0.
 482  0.
 483  0.
 484  0.
 485  0.
 486  0.
 487  0.
 488  0.
 489  0.
 490  0.
 491  0.
 492  0.
 493  0.
 494  0.
 495  0.
 496  0.
 497  0.
 498  0.
 499  0.
 500  0.

 1  0.
 2  0.
 3  0.
 4  0.
 5  0.
 6  0.
 7  0.
 8  0.
 9  0.
 10  0.
 11  0.
 12  0.
 13  0.
 14  0.
 15  0.
 16  0.
 17  0.
 18  0.
 19  0.
 20  0.
 21  0.
 22  0.
 23  0.
 24  0.
 25  0.
 26  0.
 27  0.
 28  0.
 29  0.
 30  0.
 31  0.
 32  0.
 33  0.
 34  0.
 35  0.
 36  0.
 37  0.
 38  0.
 39  0.
 40  0.
 41  0.
 42  0.
 43  0.
 44  0.
 45  0.
 46  0.
 47  0.
 48  0.
 49  0.
 50  0.
 51  0.
 52  0.
 53  0.
 54  0.
 55  0.
 56  0.
 57  0.
 58  0.
 59  0.
 60  0.
 61  0.
 62  0.
 63  0.
 64  0.
 65  0.
 66  0.
 67  0.
 68  0.
 69  0.
 70  0.
 71  0.
 72  0.
 73  0.
 74  0.
 75  0.
 76  0.
 77  0.
 78  0.
 79  0.
 80  0.
 81  0.
 82  0.
 83  0.
 84  0.
 85  0.
 86  0.
 87  0.
 88  0.
 89  0.
 90  0.
 91  0.
 92  0.
 93  0.
 94  0.
 95  0.
 96  0.
 97  0.
 98  0.
 99  0.
 100  0.
 101  0.
 102  0.
 103  0.
 104  0.
 105  0.
 106  0.
 107  0.
 108  0.
 109  0.
 110  0.
 111  0.
 112  0.
 113  0.
 114  0.
 115  0.
 116  0.
 117  0.
 118  0.
 119  0.
 120  0.
 121  0.
 122  0.
 123  0.
 124  0.
 125  0.
 126  0.
 127  0.
 128  0.
 129  0.
 130  0.
 131  0.
 132  0.
 133  0.
 134  0.
 135  0.
 136  0.
 137  0.
 138  0.
 139  0.
 140  0.
 141  0.
 142  0.
 143  0.
 144  0.
 145  0.
 146  0.
 147  0.
 148  0.
 149  0.
 150  0.
 151  0.
 152  0.
 153  0.
 154  0.
 155  0.
 156  0.
 157  0.
 158  0.
 159  0.
 160  0.
 161  0.
 162  0.
 163  0.
 164  0.
 165  0.
 166  0.
 167  0.
 168  0.
 169  0.
 170  0.
 171  0.
 172  0.
 173  0.
 174  0.
 175  0.
 176  0.
 177  0.
 178  0.
 179  0.
 180  0.
 181  0.
 182  0.
 183  0.
 184  0.
 185  0.
 186  0.
 187  0.
 188  0.
 189  0.
 190  0.
 191  0.
 192  0.
 193  0.
 194  0.
 195  0.
 196  0.
 197  0.
 198  0.
 199  0.
 200  0.
 201  0.
 202  0.
 203  0.
 204  0.
 205  0.
 206  0.
 207  0.
 208  0.
 209  0.
 210  0.
 211  0.
 212  0.
 213  0.
 214  0.
 215  0.
 216  0.
 217  0.
 218  0.
 219  0.
 220  0.
 221  0.
 222  0.
 223  0.
 224  0.
 225  0.
 226  0.
 227  0.
 228  0.
 229  0.
 230  0.
 231  0.
 232  0.
 233  0.
 234  0.
 235  0.
 236  0.
 237  0.
 238  0.
 239  0.
 240  0.
 241  0.
 242  0.
 243  0.
 244  0.
 245  0.
 246  0.
 247  0.
 248  0.
 249  0.
 250  0.
 251  0.
 252  0.
 253  0.
 254  0.
 255  0.
 256  0.
 257  0.
 258  0.
 259  0.
 260  0.
 261  0.
 262  0.
 263  0.
 264  0.
 265  0.
 266  0.
 267  0.
 268  0.
 269  0.
 270  0.
 271  0.
 272  0.
 273  0.
 274  0.
 275  0.
 276  0.
 277  0.
 278  0.
 279  0.
 280  0.
 281  0.
 282  0.
 283  0.
 284  0.
 285  0.
 286  0.
 287  0.
 288  0.
 289  0.
 290  0.
 291  0.
 292  0.
 293  0.
 294  0.
 295  0.
 296  0.
 297  0.
 298  0.
 299  0.
 300  0.
 301  0.
 302  0.
 303  0.
 304  0.
 305  0.
 306  0.
 307  0.
 308  0.
 309  0.
 310  0.
 311  0.
 312  0.
 313  0.
 314  0.
 315  0.
 316  0.
 317  0.
 318  0.
 319  0.
 320  0.
 321  0.
 322  0.
 323  0.
 324  0.
 325  0.
 326  0.
 327  0.
 328  0.
 329  0.
 330  0.
 331  0.
 332  0.
 333  0.
 334  0.
 335  0.
 336  0.
 337  0.
 338  0.
 339  0.
 340  0.
 341  0.
 342  0.
 343  0.
 344  0.
 345  0.
 346  0.
 347  0.
 348  0.
 349  0.
 350  0.
 351  0.
 352  0.
 353  0.
 354  0.
 355  0.
 356  0.
 357  0.
 358  0.
 359  0.
 360  0.
 361  0.
 362  0.
 363  0.
 364  0.
 365  0.
 366  0.
 367  0.
 368  0.
 369  0.
 370  0.
 371  0.
 372  0.
 373  0.
 374  0.
 375  0.
 376  0.
 377  0.
 378  0.
 379  0.
 380  0.
 381  0.
 382  0.
 383  0.
 384  0.
 385  0.
 386  0.
 387  0.
 388  0.
 389  0.
 390  0.
 391  0.
 392  0.
 393  0.
 394  0.
 395  0.
 396  0.
 397  0.
 398  0.
 399  0.
 400  0.
 401  0.
 402  0.
 403  0.
 404  0.
 405  0.
 406  0.
 407  0.
 408  0.
 409  0.
 410  0.
 411  0.
 412  0.
 413  0.
 414  0.
 415  0.
 416  0.
 417  0.
 418  0.
 419  0.
 420  0.
 421  0.
 422  0.
 423  0.
 424  0.
 425  0.
 426  0.
 427  0.
 428  0.
 429  0.
 430  0.
 431  0.
 432  0.
 433  0.
 434  0.
 435  0.
 436  0.
 437  0.
 438  0.
 439  0.
 440  0.
 441  0.
 442  0.
 443  0.
 444  0.
 445  0.
 446  0.
 447  0.
 448  0.
 449  0.
 450  0.
 451  0.
 452  0.
 453  0.
 454  0.
 455  0.
 456  0.
 457  0.
 458  0.
 459  0.
 460  0.
 461  0.
 462  0.
 463  0.
 464  0.
 465  0.
 466  0.
 467  0.
 468  0.
 469  0.
 470  0.
 471  0.
 472  0.
 473  0.
 474  0.
 475  0.
 476  0.
 477  0.
 478  0.
 479  0.
 480  0.
 481  0.
 482  0.
 483  0.
 484  0.
 485  0.
 486  0.
 487  0.
 488  0.
 489  0.
 490  0.
 491  0.
 492  0.
 493  0.
 494  0.
 495  0.
 496  0.
 497  0.
 498  0.
 499  0.
 500  0.

 1  0.
 2  0.
 3  0.
 4  0.
 5  0.
 6  0.
 7  0.
 8  0.
 9  0.
 10  0.
 11  0.
 12  0.
 13  0.
 14  0.
 15  0.
 16  0.
 17  0.
 18  0.
 19  0.
 20  0.
 21  0.
 22  0.
 23  0.
 24  0.
 25  0.
 26  0.
 27  0.
 28  0.
 29  0.
 30  0.
 31  0.
 32  0.
 33  0.
 34  0.
 35  0.
 36  0.
 37  0.
 38  0.
 39  0.
 40  0.
 41  0.
 42  0.
 43  0.
 44  0.
 45  0.
 46  0.
 47  0.
 48  0.
 49  0.
 50  0.
 51  0.
 52  0.
 53  0.
 54  0.
 55  0.
 56  0.
 57  0.
 58  0.
 59  0.
 60  0.
 61  0.
 62  0.
 63  0.
 64  0.
 65  0.
 66  0.
 67  0.
 68  0.
 69  0.
 70  0.
 71  0.
 72  0.
 73  0.
 74  0.
 75  0.
 76  0.
 77  0.
 78  0.
 79  0.
 80  0.
 81  0.
 82  0.
 83  0.
 84  0.
 85  0.
 86  0.
 87  0.
 88  0.
 89  0.
 90  0.
 91  0.
 92  0.
 93  0.
 94  0.
 95  0.
 96  0.
 97  0.
 98  0.
 99  0.
 100  0.
 101  0.
 102  0.
 103  0.
 104  0.
 105  0.
 106  0.
 107  0.
 108  0.
 109  0.
 110  0.
 111  0.
 112  0.
 113  0.
 114  0.
 115  0.
 116  0.
 117  0.
 118  0.
 119  0.
 120  0.
 121  0.
 122  0.
 123  0.
 124  0.
 125  0.
 126  0.
 127  0.
 128  0.
 129  0.
 130  0.
 131  0.
 132  0.
 133  0.
 134  0.
 135  0.
 136  0.
 137  0.
 138  0.
 139  0.
 140  0.
 141  0.
 142  0.
 143  0.
 144  0.
 145  0.
 146  0.
 147  0.
 148  0.
 149  0.
 150  0.
 151  0.
 152  0.
 153  0.
 154  0.
 155  0.
 156  0.
 157  0.
 158  0.
 159  0.
 160  0.
 161  0.
 162  0.
 163  0.
 164  0.
 165  0.
 166  0.
 167  0.
 168  0.
 169  0.
 170  0.
 171  0.
 172  0.
 173  0.
 174  0.
 175  0.
 176  0.
 177  0.
 178  0.
 179  0.
 180  0.
 181  0.
 182  0.
 183  0.
 184  0.
 185  0.
 186  0.
 187  0.
 188  0.
 189  0.
 190  0.
 191  0.
 192  0.
 193  0.
 194  0.
 195  0.
 196  0.
 197  0.
 198  0.
 199  0.
 200  0.
 201  0.
 202  0.
 203  0.
 204  0.
 205  0.
 206  0.
 207  0.
 208  0.
 209  0.
 210  0.
 211  0.
 212  0.
 213  0.
 214  0.
 215  0.
 216  0.
 217  0.
 218  0.
 219  0.
 220  0.
 221  0.
 222  0.
 223  0.
 224  0.
 225  0.
 226  0.
 227  0.
 228  0.
 229  0.
 230  0.
 231  0.
 232  0.
 233  0.
 234  0.
 235  0.
 236  0.
 237  0.
 238  0.
 239  0.
 240  0.
 241  0.
 242  0.
 243  0.
 244  0.
 245  0.
 246  0.
 247  0.
 248  0.
 249  0.
 250  0.
 251  0.
 252  0.
 253  0.
 254  0.
 255  0.
 256  0.
 257  0.
 258  0.
 259  0.
 260  0.
 261  0.
 262  0.
 263  0.
 264  0.
 265  0.
 266  0.
 267  0.
 268  0.
 269  0.
 270  0.
 271  0.
 272  0.
 273  0.
 274  0.
 275  0.
 276  0.
 277  0.
 278  0.
 279  0.
 280  0.
 281  0.
 282  0.
 283  0.
 284  0.
 285  0.
 286  0.
 287  0.
 288  0.
 289  0.
 290  0.
 291  0.
 292  0.
 293  0.
 294  0.
 295  0.
 296  0.
 297  0.
 298  0.
 299  0.
 300  0.
 301  0.
 302  0.
 303  0.
 304  0.
 305  0.
 306  0.
 307  0.
 308  0.
 309  0.
 310  0.
 311  0.
 312  0.
 313  0.
 314  0.
 315  0.
 316  0.
 317  0.
 318  0.
 319  0.
 320  0.
 321  0.
 322  0.
 323  0.
 324  0.
 325  0.
 326  0.
 327  0.
 328  0.
 329  0.
 330  0.
 331  0.
 332  0.
 333  0.
 334  0.
 335  0.
 336  0.
 337  0.
 338  0.
 339  0.
 340  0.
 341  0.
 342  0.
 343  0.
 344  0.
 345  0.
 346  0.
 347  0.
 348  0.
 349  0.
 350  0.
 351  0.
 352  0.
 353  0.
 354  0.
 355  0.
 356  0.
 357  0.
 358  0.
 359  0.
 360  0.
 361  0.
 362  0.
 363  0.
 364  0.
 365  0.
 366  0.
 367  0.
 368  0.
 369  0.
 370  0.
 371  0.
 372  0.
 373  0.
 374  0.
 375  0.
 376  0.
 377  0.
 378  0.
 379  0.
 380  0.
 381  0.
 382  0.
 383  0.
 384  0.
 385  0.
 386  0.
 387  0.
 388  0.
 389  0.
 390  0.
 391  0.
 392  0.
 393  0.
 394  0.
 395  0.
 396  0.
 397  0.
 398  0.
 399  0.
 400  0.
 401  0.
 402  0.
 403  0.
 404  0.
 405  0.
 406  0.
 407  0.
 408  0.
 409  0.
 410  0.
 411  0.
 412  0.
 413  0.
 414  0.
 415  0.
 416  0.
 417  0.
 418  0.
 419  0.
 420  0.
 421  0.
 422  0.
 423  0.
 424  0.
 425  0.
 426  0.
 427  0.
 428  0.
 429  0.
 430  0.
 431  0.
 432  0.
 433  0.
 434  0.
 435  0.
 436  0.
 437  0.
 438  0.
 439  0.
 440  0.
 441  0.
 442  0.
 443  0.
 444  0.
 445  0.
 446  0.
 447  0.
 448  0.
 449  0.
 450  0.
 451  0.
 452  0.
 453  0.
 454  0.
 455  0.
 456  0.
 457  0.
 458  0.
 459  0.
 460  0.
 461  0.
 462  0.
 463  0.
 464  0.
 465  0.
 466  0.
 467  0.
 468  0.
 469  0.
 470  0.
 471  0.
 472  0.
 473  0.
 474  0.
 475  0.
 476  0.
 477  0.
 478  0.
 479  0.
 480  0.
 481  0.
 482  0.
 483  0.
 484  0.
 485  0.
 486  0.
 487  0.
 488  0.
 489  0.
 490  0.
 491  0.
 492  0.
 493  0.
 494  0.
 495  0.
 496  0.
 497  0.
 498  0.
 499  0.
 500  0.

 1  0.
 2  0.
 3  0.
 4  0.
 5  0.
 6  0.
 7  0.
 8  0.
 9  0.
 10  0.
 11  0.
 12  0.
 13  0.
 14  0.
 15  0.
 16  0.
 17  0.
 18  0.
 19  0.
 20  0.
 21  0.
 22  0.
 23  0.
 24  0.
 25  0.
 26  0.
 27  0.
 28  0.
 29  0.
 30  0.
 31  0.
 32  0.
 33  0.
 34  0.
 35  0.
 36  0.
 37  0.
 38  0.
 39  0.
 40  0.
 41  0.
 42  0.
 43  0.
 44  0.
 45  0.
 46  0.
 47  0.
 48  0.
 49  0.
 50  0.
 51  0.
 52  0.
 53  0.
 54  0.
 55  0.
 56  0.
 57  0.
 58  0.
 59  0.
 60  0.
 61  0.
 62  0.
 63  0.
 64  0.
 65  0.
 66  0.
 67  0.
 68  0.
 69  0.
 70  0.
 71  0.
 72  0.
 73  0.
 74  0.
 75  0.
 76  0.
 77  0.
 78  0.
 79  0.
 80  0.
 81  0.
 82  0.
 83  0.
 84  0.
 85  0.
 86  0.
 87  0.
 88  0.
 89  0.
 90  0.
 91  0.
 92  0.
 93  0.
 94  0.
 95  0.
 96  0.
 97  0.
 98  0.
 99  0.
 100  0.
 101  0.
 102  0.
 103  0.
 104  0.
 105  0.
 106  0.
 107  0.
 108  0.
 109  0.
 110  0.
 111  0.
 112  0.
 113  0.
 114  0.
 115  0.
 116  0.
 117  0.
 118  0.
 119  0.
 120  0.
 121  0.
 122  0.
 123  0.
 124  0.
 125  0.
 126  0.
 127  0.
 128  0.
 129  0.
 130  0.
 131  0.
 132  0.
 133  0.
 134  0.
 135  0.
 136  0.
 137  0.
 138  0.
 139  0.
 140  0.
 141  0.
 142  0.
 143  0.
 144  0.
 145  0.
 146  0.
 147  0.
 148  0.
 149  0.
 150  0.
 151  0.
 152  0.
 153  0.
 154  0.
 155  0.
 156  0.
 157  0.
 158  0.
 159  0.
 160  0.
 161  0.
 162  0.
 163  0.
 164  0.
 165  0.
 166  0.
 167  0.
 168  0.
 169  0.
 170  0.
 171  0.
 172  0.
 173  0.
 174  0.
 175  0.
 176  0.
 177  0.
 178  0.
 179  0.
 180  0.
 181  0.
 182  0.
 183  0.
 184  0.
 185  0.
 186  0.
 187  0.
 188  0.
 189  0.
 190  0.
 191  0.
 192  0.
 193  0.
 194  0.
 195  0.
 196  0.
 197  0.
 198  0.
 199  0.
 200  0.
 201  0.
 202  0.
 203  0.
 204  0.
 205  0.
 206  0.
 207  0.
 208  0.
 209  0.
 210  0.
 211  0.
 212  0.
 213  0.
 214  0.
 215  0.
 216  0.
 217  0.
 218  0.
 219  0.
 220  0.
 221  0.
 222  0.
 223  0.
 224  0.
 225  0.
 226  0.
 227  0.
 228  0.
 229  0.
 230  0.
 231  0.
 232  0.
 233  0.
 234  0.
 235  0.
 236  0.
 237  0.
 238  0.
 239  0.
 240  0.
 241  0.
 242  0.
 243  0.
 244  0.
 245  0.
 246  0.
 247  0.
 248  0.
 249  0.
 250  0.
 251  0.
 252  0.
 253  0.
 254  0.
 255  0.
 256  0.
 257  0.
 258  0.
 259  0.
 260  0.
 261  0.
 262  0.
 263  0.
 264  0.
 265  0.
 266  0.
 267  0.
 268  0.
 269  0.
 270  0.
 271  0.
 272  0.
 273  0.
 274  0.
 275  0.
 276  0.
 277  0.
 278  0.
 279  0.
 280  0.
 281  0.
 282  0.
 283  0.
 284  0.
 285  0.
 286  0.
 287  0.
 288  0.
 289  0.
 290  0.
 291  0.
 292  0.
 293  0.
 294  0.
 295  0.
 296  0.
 297  0.
 298  0.
 299  0.
 300  0.
 301  0.
 302  0.
 303  0.
 304  0.
 305  0.
 306  0.
 307  0.
 308  0.
 309  0.
 310  0.
 311  0.
 312  0.
 313  0.
 314  0.
 315  0.
 316  0.
 317  0.
 318  0.
 319  0.
 320  0.
 321  0.
 322  0.
 323  0.
 324  0.
 325  0.
 326  0.
 327  0.
 328  0.
 329  0.
 330  0.
 331  0.
 332  0.
 333  0.
 334  0.
 335  0.
 336  0.
 337  0.
 338  0.
 339  0.
 340  0.
 341  0.
 342  0.
 343  0.
 344  0.
 345  0.
 346  0.
 347  0.
 348  0.
 349  0.
 350  0.
 351  0.
 352  0.
 353  0.
 354  0.
 355  0.
 356  0.
 357  0.
 358  0.
 359  0.
 360  0.
 361  0.
 362  0.
 363  0.
 364  0.
 365  0.
 366  0.
 367  0.
 368  0.
 369  0.
 370  0.
 371  0.
 372  0.
 373  0.
 374  0.
 375  0.
 376  0.
 377  0.
 378  0.
 379  0.
 380  0.
 381  0.
 382  0.
 383  0.
 384  0.
 385  0.
 386  0.
 387  0.
 388  0.
 389  0.
 390  0.
 391  0.
 392  0.
 393  0.
 394  0.
 395  0.
 396  0.
 397  0.
 398  0.
 399  0.
 400  0.
 401  0.
 402  0.
 403  0.
 404  0.
 405  0.
 406  0.
 407  0.
 408  0.
 409  0.
 410  0.
 411  0.
 412  0.
 413  0.
 414  0.
 415  0.
 416  0.
 417  0.
 418  0.
 419  0.
 420  0.
 421  0.
 422  0.
 423  0.
 424  0.
 425  0.
 426  0.
 427  0.
 428  0.
 429  0.
 430  0.
 431  0.
 432  0.
 433  0.
 434  0.
 435  0.
 436  0.
 437  0.
 438  0.
 439  0.
 440  0.
 441  0.
 442  0.
 443  0.
 444  0.
 445  0.
 446  0.
 447  0.
 448  0.
 449  0.
 450  0.
 451  0.
 452  0.
 453  0.
 454  0.
 455  0.
 456  0.
 457  0.
 458  0.
 459  0.
 460  0.
 461  0.
 462  0.
 463  0.
 464  0.
 465  0.
 466  0.
 467  0.
 468  0.
 469  0.
 470  0.
 471  0.
 472  0.
 473  0.
 474  0.
 475  0.
 476  0.
 477  0.
 478  0.
 479  0.
 480  0.
 481  0.
 482  0.
 483  0.
 484  0.
 485  0.
 486  0.
 487  0.
 488  0.
 489  0.
 490  0.
 491  0.
 492  0.
 493  0.
 494  0.
 495  0.
 496  0.
 497  0.
 498  0.
 499  0.
 500  0.

 1  0.
 2  0.
 3  0.
 4  0.
 5  0.
 6  0.
 7  0.
 8  0.
 9  0.
 10  0.
 11  0.
 12  0.
 13  0.
 14  0.
 15  0.
 16  0.
 17  0.
 18  0.
 19  0.
 20  0.
 21  0.
 22  0.
 23  0.
 24  0.
 25  0.
 26  0.
 27  0.
 28  0.
 29  0.
 30  0.
 31  0.
 32  0.
 33  0.
 34  0.
 35  0.
 36  0.
 37  0.
 38  0.
 39  0.
 40  0.
 41  0.
 42  0.
 43  0.
 44  0.
 45  0.
 46  0.
 47  0.
 48  0.
 49  0.
 50  0.
 51  0.
 52  0.
 53  0.
 54  0.
 55  0.
 56  0.
 57  0.
 58  0.
 59  0.
 60  0.
 61  0.
 62  0.
 63  0.
 64  0.
 65  0.
 66  0.
 67  0.
 68  0.
 69  0.
 70  0.
 71  0.
 72  0.
 73  0.
 74  0.
 75  0.
 76  0.
 77  0.
 78  0.
 79  0.
 80  0.
 81  0.
 82  0.
 83  0.
 84  0.
 85  0.
 86  0.
 87  0.
 88  0.
 89  0.
 90  0.
 91  0.
 92  0.
 93  0.
 94  0.
 95  0.
 96  0.
 97  0.
 98  0.
 99  0.
 100  0.
 101  0.
 102  0.
 103  0.
 104  0.
 105  0.
 106  0.
 107  0.
 108  0.
 109  0.
 110  0.
 111  0.
 112  0.
 113  0.
 114  0.
 115  0.
 116  0.
 117  0.
 118  0.
 119  0.
 120  0.
 121  0.
 122  0.
 123  0.
 124  0.
 125  0.
 126  0.
 127  0.
 128  0.
 129  0.
 130  0.
 131  0.
 132  0.
 133  0.
 134  0.
 135  0.
 136  0.
 137  0.
 138  0.
 139  0.
 140  0.
 141  0.
 142  0.
 143  0.
 144  0.
 145  0.
 146  0.
 147  0.
 148  0.
 149  0.
 150  0.
 151  0.
 152  0.
 153  0.
 154  0.
 155  0.
 156  0.
 157  0.
 158  0.
 159  0.
 160  0.
 161  0.
 162  0.
 163  0.
 164  0.
 165  0.
 166  0.
 167  0.
 168  0.
 169  0.
 170  0.
 171  0.
 172  0.
 173  0.
 174  0.
 175  0.
 176  0.
 177  0.
 178  0.
 179  0.
 180  0.
 181  0.
 182  0.
 183  0.
 184  0.
 185  0.
 186  0.
 187  0.
 188  0.
 189  0.
 190  0.
 191  0.
 192  0.
 193  0.
 194  0.
 195  0.
 196  0.
 197  0.
 198  0.
 199  0.
 200  0.
 201  0.
 202  0.
 203  0.
 204  0.
 205  0.
 206  0.
 207  0.
 208  0.
 209  0.
 210  0.
 211  0.
 212  0.
 213  0.
 214  0.
 215  0.
 216  0.
 217  0.
 218  0.
 219  0.
 220  0.
 221  0.
 222  0.
 223  0.
 224  0.
 225  0.
 226  0.
 227  0.
 228  0.
 229  0.
 230  0.
 231  0.
 232  0.
 233  0.
 234  0.
 235  0.
 236  0.
 237  0.
 238  0.
 239  0.
 240  0.
 241  0.
 242  0.
 243  0.
 244  0.
 245  0.
 246  0.
 247  0.
 248  0.
 249  0.
 250  0.
 251  0.
 252  0.
 253  0.
 254  0.
 255  0.
 256  0.
 257  0.
 258  0.
 259  0.
 260  0.
 261  0.
 262  0.
 263  0.
 264  0.
 265  0.
 266  0.
 267  0.
 268  0.
 269  0.
 270  0.
 271  0.
 272  0.
 273  0.
 274  0.
 275  0.
 276  0.
 277  0.
 278  0.
 279  0.
 280  0.
 281  0.
 282  0.
 283  0.
 284  0.
 285  0.
 286  0.
 287  0.
 288  0.
 289  0.
 290  0.
 291  0.
 292  0.
 293  0.
 294  0.
 295  0.
 296  0.
 297  0.
 298  0.
 299  0.
 300  0.
 301  0.
 302  0.
 303  0.
 304  0.
 305  0.
 306  0.
 307  0.
 308  0.
 309  0.
 310  0.
 311  0.
 312  0.
 313  0.
 314  0.
 315  0.
 316  0.
 317  0.
 318  0.
 319  0.
 320  0.
 321  0.
 322  0.
 323  0.
 324  0.
 325  0.
 326  0.
 327  0.
 328  0.
 329  0.
 330  0.
 331  0.
 332  0.
 333  0.
 334  0.
 335  0.
 336  0.
 337  0.
 338  0.
 339  0.
 340  0.
 341  0.
 342  0.
 343  0.
 344  0.
 345  0.
 346  0.
 347  0.
 348  0.
 349  0.
 350  0.
 351  0.
 352  0.
 353  0.
 354  0.
 355  0.
 356  0.
 357  0.
 358  0.
 359  0.
 360  0.
 361  0.
 362  0.
 363  0.
 364  0.
 365  0.
 366  0.
 367  0.
 368  0.
 369  0.
 370  0.
 371  0.
 372  0.
 373  0.
 374  0.
 375  0.
 376  0.
 377  0.
 378  0.
 379  0.
 380  0.
 381  0.
 382  0.
 383  0.
 384  0.
 385  0.
 386  0.
 387  0.
 388  0.
 389  0.
 390  0.
 391  0.
 392  0.
 393  0.
 394  0.
 395  0.
 396  0.
 397  0.
 398  0.
 399  0.
 400  0.
 401  0.
 402  0.
 403  0.
 404  0.
 405  0.
 406  0.
 407  0.
 408  0.
 409  0.
 410  0.
 411  0.
 412  0.
 413  0.
 414  0.
 415  0.
 416  0.
 417  0.
 418  0.
 419  0.
 420  0.
 421  0.
 422  0.
 423  0.
 424  0.
 425  0.
 426  0.
 427  0.
 428  0.
 429  0.
 430  0.
 431  0.
 432  0.
 433  0.
 434  0.
 435  0.
 436  0.
 437  0.
 438  0.
 439  0.
 440  0.
 441  0.
 442  0.
 443  0.
 444  0.
 445  0.
 446  0.
 447  0.
 448  0.
 449  0.
 450  0.
 451  0.
 452  0.
 453  0.
 454  0.
 455  0.
 456  0.
 457  0.
 458  0.
 459  0.
 460  0.
 461  0.
 462  0.
 463  0.
 464  0.
 465  0.
 466  0.
 467  0.
 468  0.
 469  0.
 470  0.
 471  0.
 472  0.
 473  0.
 474  0.
 475  0.
 476  0.
 477  0.
 478  0.
 479  0.
 480  0.
 481  0.
 482  0.
 483  0.
 484  0.
 485  0.
 486  0.
 487  0.
 488  0.
 489  0.
 490  0.
 491  0.
 492  0.
 493  0.
 494  0.
 495  0.
 496  0.
 497  0.
 498  0.
 499  0.
 500  0.

 1  0.
 2  0.
 3  0.
 4  0.
 5  0.
 6  0.
 7  0.
 8  0.
 9  0.
 10  0.
 11  0.
 12  0.
 13  0.
 14  0.
 15  0.
 16  0.
 17  0.
 18  0.
 19  0.
 20  0.
 21  0.
 22  0.
 23  0.
 24  0.
 25  0.
 26  0.
 27  0.
 28  0.
 29  0.
 30  0.
 31  0.
 32  0.
 33  0.
 34  0.
 35  0.
 36  0.
 37  0.
 38  0.
 39  0.
 40  0.
 41  0.
 42  0.
 43  0.
 44  0.
 45  0.
 46  0.
 47  0.
 48  0.
 49  0.
 50  0.
 51  0.
 52  0.
 53  0.
 54  0.
 55  0.
 56  0.
 57  0.
 58  0.
 59  0.
 60  0.
 61  0.
 62  0.
 63  0.
 64  0.
 65  0.
 66  0.
 67  0.
 68  0.
 69  0.
 70  0.
 71  0.
 72  0.
 73  0.
 74  0.
 75  0.
 76  0.
 77  0.
 78  0.
 79  0.
 80  0.
 81  0.
 82  0.
 83  0.
 84  0.
 85  0.
 86  0.
 87  0.
 88  0.
 89  0.
 90  0.
 91  0.
 92  0.
 93  0.
 94  0.
 95  0.
 96  0.
 97  0.
 98  0.
 99  0.
 100  0.
 101  0.
 102  0.
 103  0.
 104  0.
 105  0.
 106  0.
 107  0.
 108  0.
 109  0.
 110  0.
 111  0.
 112  0.
 113  0.
 114  0.
 115  0.
 116  0.
 117  0.
 118  0.
 119  0.
 120  0.
 121  0.
 122  0.
 123  0.
 124  0.
 125  0.
 126  0.
 127  0.
 128  0.
 129  0.
 130  0.
 131  0.
 132  0.
 133  0.
 134  0.
 135  0.
 136  0.
 137  0.
 138  0.
 139  0.
 140  0.
 141  0.
 142  0.
 143  0.
 144  0.
 145  0.
 146  0.
 147  0.
 148  0.
 149  0.
 150  0.
 151  0.
 152  0.
 153  0.
 154  0.
 155  0.
 156  0.
 157  0.
 158  0.
 159  0.
 160  0.
 161  0.
 162  0.
 163  0.
 164  0.
 165  0.
 166  0.
 167  0.
 168  0.
 169  0.
 170  0.
 171  0.
 172  0.
 173  0.
 174  0.
 175  0.
 176  0.
 177  0.
 178  0.
 179  0.
 180  0.
 181  0.
 182  0.
 183  0.
 184  0.
 185  0.
 186  0.
 187  0.
 188  0.
 189  0.
 190  0.
 191  0.
 192  0.
 193  0.
 194  0.
 195  0.
 196  0.
 197  0.
 198  0.
 199  0.
 200  0.
 201  0.
 202  0.
 203  0.
 204  0.
 205  0.
 206  0.
 207  0.
 208  0.
 209  0.
 210  0.
 211  0.
 212  0.
 213  0.
 214  0.
 215  0.
 216  0.
 217  0.
 218  0.
 219  0.
 220  0.
 221  0.
 222  0.
 223  0.
 224  0.
 225  0.
 226  0.
 227  0.
 228  0.
 229  0.
 230  0.
 231  0.
 232  0.
 233  0.
 234  0.
 235  0.
 236  0.
 237  0.
 238  0.
 239  0.
 240  0.
 241  0.
 242  0.
 243  0.
 244  0.
 245  0.
 246  0.
 247  0.
 248  0.
 249  0.
 250  0.
 251  0.
 252  0.
 253  0.
 254  0.
 255  0.
 256  0.
 257  0.
 258  0.
 259  0.
 260  0.
 261  0.
 262  0.
 263  0.
 264  0.
 265  0.
 266  0.
 267  0.
 268  0.
 269  0.
 270  0.
 271  0.
 272  0.
 273  0.
 274  0.
 275  0.
 276  0.
 277  0.
 278  0.
 279  0.
 280  0.
 281  0.
 282  0.
 283  0.
 284  0.
 285  0.
 286  0.
 287  0.
 288  0.
 289  0.
 290  0.
 291  0.
 292  0.
 293  0.
 294  0.
 295  0.
 296  0.
 297  0.
 298  0.
 299  0.
 300  0.
 301  0.
 302  0.
 303  0.
 304  0.
 305  0.
 306  0.
 307  0.
 308  0.
 309  0.
 310  0.
 311  0.
 312  0.
 313  0.
 314  0.
 315  0.
 316  0.
 317  0.
 318  0.
 319  0.
 320  0.
 321  0.
 322  0.
 323  0.
 324  0.
 325  0.
 326  0.
 327  0.
 328  0.
 329  0.
 330  0.
 331  0.
 332  0.
 333  0.
 334  0.
 335  0.
 336  0.
 337  0.
 338  0.
 339  0.
 340  0.
 341  0.
 342  0.
 343  0.
 344  0.
 345  0.
 346  0.
 347  0.
 348  0.
 349  0.
 350  0.
 351  0.
 352  0.
 353  0.
 354  0.
 355  0.
 356  0.
 357  0.
 358  0.
 359  0.
 360  0.
 361  0.
 362  0.
 363  0.
 364  0.
 365  0.
 366  0.
 367  0.
 368  0.
 369  0.
 370  0.
 371  0.
 372  0.
 373  0.
 374  0.
 375  0.
 376  0.
 377  0.
 378  0.
 379  0.
 380  0.
 381  0.
 382  0.
 383  0.
 384  0.
 385  0.
 386  0.
 387  0.
 388  0.
 389  0.
 390  0.
 391  0.
 392  0.
 393  0.
 394  0.
 395  0.
 396  0.
 397  0.
 398  0.
 399  0.
 400  0.
 401  0.
 402  0.
 403  0.
 404  0.
 405  0.
 406  0.
 407  0.
 408  0.
 409  0.
 410  0.
 411  0.
 412  0.
 413  0.
 414  0.
 415  0.
 416  0.
 417  0.
 418  0.
 419  0.
 420  0.
 421  0.
 422  0.
 423  0.
 424  0.
 425  0.
 426  0.
 427  0.
 428  0.
 429  0.
 430  0.
 431  0.
 432  0.
 433  0.
 434  0.
 435  0.
 436  0.
 437  0.
 438  0.
 439  0.
 440  0.
 441  0.
 442  0.
 443  0.
 444  0.
 445  0.
 446  0.
 447  0.
 448  0.
 449  0.
 450  0.
 451  0.
 452  0.
 453  0.
 454  0.
 455  0.
 456  0.
 457  0.
 458  0.
 459  0.
 460  0.
 461  0.
 462  0.
 463  0.
 464  0.
 465  0.
 466  0.
 467  0.
 468  0.
 469  0.
 470  0.
 471  0.
 472  0.
 473  0.
 474  0.
 475  0.
 476  0.
 477  0.
 478  0.
 479  0.
 480  0.
 481  0.
 482  0.
 483  0.
 484  0.
 485  0.
 486  0.
 487  0.
 488  0.
 489  0.
 490  0.
 491  0.
 492  0.
 493  0.
 494  0.
 495  0.
 496  0.
 497  0.
 498  0.
 499  0.
 500  0.

 1  0.
 2  0.
 3  0.
 4  0.
 5  0.
 6  0.
 7  0.
 8  0.
 9  0.
 10  0.
 11  0.
 12  0.
 13  0.
 14  0.
 15  0.
 16  0.
 17  0.
 18  0.
 19  0.
 20  0.
 21  0.
 22  0.
 23  0.
 24  0.
 25  0.
 26  0.
 27  0.
 28  0.
 29  0.
 30  0.
 31  0.
 32  0.
 33  0.
 34  0.
 35  0.
 36  0.
 37  0.
 38  0.
 39  0.
 40  0.
 41  0.
 42  0.
 43  0.
 44  0.
 45  0.
 46  0.
 47  0.
 48  0.
 49  0.
 50  0.
 51  0.
 52  0.
 53  0.
 54  0.
 55  0.
 56  0.
 57  0.
 58  0.
 59  0.
 60  0.
 61  0.
 62  0.
 63  0.
 64  0.
 65  0.
 66  0.
 67  0.
 68  0.
 69  0.
 70  0.
 71  0.
 72  0.
 73  0.
 74  0.
 75  0.
 76  0.
 77  0.
 78  0.
 79  0.
 80  0.
 81  0.
 82  0.
 83  0.
 84  0.
 85  0.
 86  0.
 87  0.
 88  0.
 89  0.
 90  0.
 91  0.
 92  0.
 93  0.
 94  0.
 95  0.
 96  0.
 97  0.
 98  0.
 99  0.
 100  0.
 101  0.
 102  0.
 103  0.
 104  0.
 105  0.
 106  0.
 107  0.
 108  0.
 109  0.
 110  0.
 111  0.
 112  0.
 113  0.
 114  0.
 115  0.
 116  0.
 117  0.
 118  0.
 119  0.
 120  0.
 121  0.
 122  0.
 123  0.
 124  0.
 125  0.
 126  0.
 127  0.
 128  0.
 129  0.
 130  0.
 131  0.
 132  0.
 133  0.
 134  0.
 135  0.
 136  0.
 137  0.
 138  0.
 139  0.
 140  0.
 141  0.
 142  0.
 143  0.
 144  0.
 145  0.
 146  0.
 147  0.
 148  0.
 149  0.
 150  0.
 151  0.
 152  0.
 153  0.
 154  0.
 155  0.
 156  0.
 157  0.
 158  0.
 159  0.
 160  0.
 161  0.
 162  0.
 163  0.
 164  0.
 165  0.
 166  0.
 167  0.
 168  0.
 169  0.
 170  0.
 171  0.
 172  0.
 173  0.
 174  0.
 175  0.
 176  0.
 177  0.
 178  0.
 179  0.
 180  0.
 181  0.
 182  0.
 183  0.
 184  0.
 185  0.
 186  0.
 187  0.
 188  0.
 189  0.
 190  0.
 191  0.
 192  0.
 193  0.
 194  0.
 195  0.
 196  0.
 197  0.
 198  0.
 199  0.
 200  0.
 201  0.
 202  0.
 203  0.
 204  0.
 205  0.
 206  0.
 207  0.
 208  0.
 209  0.
 210  0.
 211  0.
 212  0.
 213  0.
 214  0.
 215  0.
 216  0.
 217  0.
 218  0.
 219  0.
 220  0.
 221  0.
 222  0.
 223  0.
 224  0.
 225  0.
 226  0.
 227  0.
 228  0.
 229  0.
 230  0.
 231  0.
 232  0.
 233  0.
 234  0.
 235  0.
 236  0.
 237  0.
 238  0.
 239  0.
 240  0.
 241  0.
 242  0.
 243  0.
 244  0.
 245  0.
 246  0.
 247  0.
 248  0.
 249  0.
 250  0.
 251  0.
 252  0.
 253  0.
 254  0.
 255  0.
 256  0.
 257  0.
 258  0.
 259  0.
 260  0.
 261  0.
 262  0.
 263  0.
 264  0.
 265  0.
 266  0.
 267  0.
 268  0.
 269  0.
 270  0.
 271  0.
 272  0.
 273  0.
 274  0.
 275  0.
 276  0.
 277  0.
 278  0.
 279  0.
 280  0.
 281  0.
 282  0.
 283  0.
 284  0.
 285  0.
 286  0.
 287  0.
 288  0.
 289  0.
 290  0.
 291  0.
 292  0.
 293  0.
 294  0.
 295  0.
 296  0.
 297  0.
 298  0.
 299  0.
 300  0.
 301  0.
 302  0.
 303  0.
 304  0.
 305  0.
 306  0.
 307  0.
 308  0.
 309  0.
 310  0.
 311  0.
 312  0.
 313  0.
 314  0.
 315  0.
 316  0.
 317  0.
 318  0.
 319  0.
 320  0.
 321  0.
 322  0.
 323  0.
 324  0.
 325  0.
 326  0.
 327  0.
 328  0.
 329  0.
 330  0.
 331  0.
 332  0.
 333  0.
 334  0.
 335  0.
 336  0.
 337  0.
 338  0.
 339  0.
 340  0.
 341  0.
 342  0.
 343  0.
 344  0.
 345  0.
 346  0.
 347  0.
 348  0.
 349  0.
 350  0.
 351  0.
 352  0.
 353  0.
 354  0.
 355  0.
 356  0.
 357  0.
 358  0.
 359  0.
 360  0.
 361  0.
 362  0.
 363  0.
 364  0.
 365  0.
 366  0.
 367  0.
 368  0.
 369  0.
 370  0.
 371  0.
 372  0.
 373  0.
 374  0.
 375  0.
 376  0.
 377  0.
 378  0.
 379  0.
 380  0.
 381  0.
 382  0.
 383  0.
 384  0.
 385  0.
 386  0.
 387  0.
 388  0.
 389  0.
 390  0.
 391  0.
 392  0.
 393  0.
 394  0.
 395  0.
 396  0.
 397  0.
 398  0.
 399  0.
 400  0.
 401  0.
 402  0.
 403  0.
 404  0.
 405  0.
 406  0.
 407  0.
 408  0.
 409  0.
 410  0.
 411  0.
 412  0.
 413  0.
 414  0.
 415  0.
 416  0.
 417  0.
 418  0.
 419  0.
 420  0.
 421  0.
 422  0.
 423  0.
 424  0.
 425  0.
 426  0.
 427  0.
 428  0.
 429  0.
 430  0.
 431  0.
 432  0.
 433  0.
 434  0.
 435  0.
 436  0.
 437  0.
 438  0.
 439  0.
 440  0.
 441  0.
 442  0.
 443  0.
 444  0.
 445  0.
 446  0.
 447  0.
 448  0.
 449  0.
 450  0.
 451  0.
 452  0.
 453  0.
 454  0.
 455  0.
 456  0.
 457  0.
 458  0.
 459  0.
 460  0.
 461  0.
 462  0.
 463  0.
 464  0.
 465  0.
 466  0.
 467  0.
 468  0.
 469  0.
 470  0.
 471  0.
 472  0.
 473  0.
 474  0.
 475  0.
 476  0.
 477  0.
 478  0.
 479  0.
 480  0.
 481  0.
 482  0.
 483  0.
 484  0.
 485  0.
 486  0.
 487  0.
 488  0.
 489  0.
 490  0.
 491  0.
 492  0.
 493  0.
 494  0.
 495  0.
 496  0.
 497  0.
 498  0.
 499  0.
 500  0.

 1  0.
 2  0.
 3  0.
 4  0.
 5  0.
 6  0.
 7  0.
 8  0.
 9  0.
 10  0.
 11  0.
 12  0.
 13  0.
 14  0.
 15  0.
 16  0.
 17  0.
 18  0.
 19  0.
 20  0.
 21  0.
 22  0.
 23  0.
 24  0.
 25  0.
 26  0.
 27  0.
 28  0.
 29  0.
 30  0.
 31  0.
 32  0.
 33  0.
 34  0.
 35  0.
 36  0.
 37  0.
 38  0.
 39  0.
 40  0.
 41  0.
 42  0.
 43  0.
 44  0.
 45  0.
 46  0.
 47  0.
 48  0.
 49  0.
 50  0.
 51  0.
 52  0.
 53  0.
 54  0.
 55  0.
 56  0.
 57  0.
 58  0.
 59  0.
 60  0.
 61  0.
 62  0.
 63  0.
 64  0.
 65  0.
 66  0.
 67  0.
 68  0.
 69  0.
 70  0.
 71  0.
 72  0.
 73  0.
 74  0.
 75  0.
 76  0.
 77  0.
 78  0.
 79  0.
 80  0.
 81  0.
 82  0.
 83  0.
 84  0.
 85  0.
 86  0.
 87  0.
 88  0.
 89  0.
 90  0.
 91  0.
 92  0.
 93  0.
 94  0.
 95  0.
 96  0.
 97  0.
 98  0.
 99  0.
 100  0.
 101  0.
 102  0.
 103  0.
 104  0.
 105  0.
 106  0.
 107  0.
 108  0.
 109  0.
 110  0.
 111  0.
 112  0.
 113  0.
 114  0.
 115  0.
 116  0.
 117  0.
 118  0.
 119  0.
 120  0.
 121  0.
 122  0.
 123  0.
 124  0.
 125  0.
 126  0.
 127  0.
 128  0.
 129  0.
 130  0.
 131  0.
 132  0.
 133  0.
 134  0.
 135  0.
 136  0.
 137  0.
 138  0.
 139  0.
 140  0.
 141  0.
 142  0.
 143  0.
 144  0.
 145  0.
 146  0.
 147  0.
 148  0.
 149  0.
 150  0.
 151  0.
 152  0.
 153  0.
 154  0.
 155  0.
 156  0.
 157  0.
 158  0.
 159  0.
 160  0.
 161  0.
 162  0.
 163  0.
 164  0.
 165  0.
 166  0.
 167  0.
 168  0.
 169  0.
 170  0.
 171  0.
 172  0.
 173  0.
 174  0.
 175  0.
 176  0.
 177  0.
 178  0.
 179  0.
 180  0.
 181  0.
 182  0.
 183  0.
 184  0.
 185  0.
 186  0.
 187  0.
 188  0.
 189  0.
 190  0.
 191  0.
 192  0.
 193  0.
 194  0.
 195  0.
 196  0.
 197  0.
 198  0.
 199  0.
 200  0.
 201  0.
 202  0.
 203  0.
 204  0.
 205  0.
 206  0.
 207  0.
 208  0.
 209  0.
 210  0.
 211  0.
 212  0.
 213  0.
 214  0.
 215  0.
 216  0.
 217  0.
 218  0.
 219  0.
 220  0.
 221  0.
 222  0.
 223  0.
 224  0.
 225  0.
 226  0.
 227  0.
 228  0.
 229  0.
 230  0.
 231  0.
 232  0.
 233  0.
 234  0.
 235  0.
 236  0.
 237  0.
 238  0.
 239  0.
 240  0.
 241  0.
 242  0.
 243  0.
 244  0.
 245  0.
 246  0.
 247  0.
 248  0.
 249  0.
 250  0.
 251  0.
 252  0.
 253  0.
 254  0.
 255  0.
 256  0.
 257  0.
 258  0.
 259  0.
 260  0.
 261  0.
 262  0.
 263  0.
 264  0.
 265  0.
 266  0.
 267  0.
 268  0.
 269  0.
 270  0.
 271  0.
 272  0.
 273  0.
 274  0.
 275  0.
 276  0.
 277  0.
 278  0.
 279  0.
 280  0.
 281  0.
 282  0.
 283  0.
 284  0.
 285  0.
 286  0.
 287  0.
 288  0.
 289  0.
 290  0.
 291  0.
 292  0.
 293  0.
 294  0.
 295  0.
 296  0.
 297  0.
 298  0.
 299  0.
 300  0.
 301  0.
 302  0.
 303  0.
 304  0.
 305  0.
 306  0.
 307  0.
 308  0.
 309  0.
 310  0.
 311  0.
 312  0.
 313  0.
 314  0.
 315  0.
 316  0.
 317  0.
 318  0.
 319  0.
 320  0.
 321  0.
 322  0.
 323  0.
 324  0.
 325  0.
 326  0.
 327  0.
 328  0.
 329  0.
 330  0.
 331  0.
 332  0.
 333  0.
 334  0.
 335  0.
 336  0.
 337  0.
 338  0.
 339  0.
 340  0.
 341  0.
 342  0.
 343  0.
 344  0.
 345  0.
 346  0.
 347  0.
 348  0.
 349  0.
 350  0.
 351  0.
 352  0.
 353  0.
 354  0.
 355  0.
 356  0.
 357  0.
 358  0.
 359  0.
 360  0.
 361  0.
 362  0.
 363  0.
 364  0.
 365  0.
 366  0.
 367  0.
 368  0.
 369  0.
 370  0.
 371  0.
 372  0.
 373  0.
 374  0.
 375  0.
 376  0.
 377  0.
 378  0.
 379  0.
 380  0.
 381  0.
 382  0.
 383  0.
 384  0.
 385  0.
 386  0.
 387  0.
 388  0.
 389  0.
 390  0.
 391  0.
 392  0.
 393  0.
 394  0.
 395  0.
 396  0.
 397  0.
 398  0.
 399  0.
 400  0.
 401  0.
 402  0.
 403  0.
 404  0.
 405  0.
 406  0.
 407  0.
 408  0.
 409  0.
 410  0.
 411  0.
 412  0.
 413  0.
 414  0.
 415  0.
 416  0.
 417  0.
 418  0.
 419  0.
 420  0.
 421  0.
 422  0.
 423  0.
 424  0.
 425  0.
 426  0.
 427  0.
 428  0.
 429  0.
 430  0.
 431  0.
 432  0.
 433  0.
 434  0.
 435  0.
 436  0.
 437  0.
 438  0.
 439  0.
 440  0.
 441  0.
 442  0.
 443  0.
 444  0.
 445  0.
 446  0.
 447  0.
 448  0.
 449  0.
 450  0.
 451  0.
 452  0.
 453  0.
 454  0.
 455  0.
 456  0.
 457  0.
 458  0.
 459  0.
 460  0.
 461  0.
 462  0.
 463  0.
 464  0.
 465  0.
 466  0.
 467  0.
 468  0.
 469  0.
 470  0.
 471  0.
 472  0.
 473  0.
 474  0.
 475  0.
 476  0.
 477  0.
 478  0.
 479  0.
 480  0.
 481  0.
 482  0.
 483  0.
 484  0.
 485  0.
 486  0.
 487  0.
 488  0.
 489  0.
 490  0.
 491  0.
 492  0.
 493  0.
 494  0.
 495  0.
 496  0.
 497  0.
 498  0.
 499  0.
 500  0.

 1  0.
 2  0.
 3  0.
 4  0.
 5  0.
 6  0.
 7  0.
 8  0.
 9  0.
 10  0.
 11  0.
 12  0.
 13  0.
 14  0.
 15  0.
 16  0.
 17  0.
 18  0.
 19  0.
 20  0.
 21  0.
 22  0.
 23  0.
 24  0.
 25  0.
 26  0.
 27  0.
 28  0.
 29  0.
 30  0.
 31  0.
 32  0.
 33  0.
 34  0.
 35  0.
 36  0.
 37  0.
 38  0.
 39  0.
 40  0.
 41  0.
 42  0.
 43  0.
 44  0.
 45  0.
 46  0.
 47  0.
 48  0.
 49  0.
 50  0.
 51  0.
 52  0.
 53  0.
 54  0.
 55  0.
 56  0.
 57  0.
 58  0.
 59  0.
 60  0.
 61  0.
 62  0.
 63  0.
 64  0.
 65  0.
 66  0.
 67  0.
 68  0.
 69  0.
 70  0.
 71  0.
 72  0.
 73  0.
 74  0.
 75  0.
 76  0.
 77  0.
 78  0.
 79  0.
 80  0.
 81  0.
 82  0.
 83  0.
 84  0.
 85  0.
 86  0.
 87  0.
 88  0.
 89  0.
 90  0.
 91  0.
 92  0.
 93  0.
 94  0.
 95  0.
 96  0.
 97  0.
 98  0.
 99  0.
 100  0.
 101  0.
 102  0.
 103  0.
 104  0.
 105  0.
 106  0.
 107  0.
 108  0.
 109  0.
 110  0.
 111  0.
 112  0.
 113  0.
 114  0.
 115  0.
 116  0.
 117  0.
 118  0.
 119  0.
 120  0.
 121  0.
 122  0.
 123  0.
 124  0.
 125  0.
 126  0.
 127  0.
 128  0.
 129  0.
 130  0.
 131  0.
 132  0.
 133  0.
 134  0.
 135  0.
 136  0.
 137  0.
 138  0.
 139  0.
 140  0.
 141  0.
 142  0.
 143  0.
 144  0.
 145  0.
 146  0.
 147  0.
 148  0.
 149  0.
 150  0.
 151  0.
 152  0.
 153  0.
 154  0.
 155  0.
 156  0.
 157  0.
 158  0.
 159  0.
 160  0.
 161  0.
 162  0.
 163  0.
 164  0.
 165  0.
 166  0.
 167  0.
 168  0.
 169  0.
 170  0.
 171  0.
 172  0.
 173  0.
 174  0.
 175  0.
 176  0.
 177  0.
 178  0.
 179  0.
 180  0.
 181  0.
 182  0.
 183  0.
 184  0.
 185  0.
 186  0.
 187  0.
 188  0.
 189  0.
 190  0.
 191  0.
 192  0.
 193  0.
 194  0.
 195  0.
 196  0.
 197  0.
 198  0.
 199  0.
 200  0.
 201  0.
 202  0.
 203  0.
 204  0.
 205  0.
 206  0.
 207  0.
 208  0.
 209  0.
 210  0.
 211  0.
 212  0.
 213  0.
 214  0.
 215  0.
 216  0.
 217  0.
 218  0.
 219  0.
 220  0.
 221  0.
 222  0.
 223  0.
 224  0.
 225  0.
 226  0.
 227  0.
 228  0.
 229  0.
 230  0.
 231  0.
 232  0.
 233  0.
 234  0.
 235  0.
 236  0.
 237  0.
 238  0.
 239  0.
 240  0.
 241  0.
 242  0.
 243  0.
 244  0.
 245  0.
 246  0.
 247  0.
 248  0.
 249  0.
 250  0.
 251  0.
 252  0.
 253  0.
 254  0.
 255  0.
 256  0.
 257  0.
 258  0.
 259  0.
 260  0.
 261  0.
 262  0.
 263  0.
 264  0.
 265  0.
 266  0.
 267  0.
 268  0.
 269  0.
 270  0.
 271  0.
 272  0.
 273  0.
 274  0.
 275  0.
 276  0.
 277  0.
 278  0.
 279  0.
 280  0.
 281  0.
 282  0.
 283  0.
 284  0.
 285  0.
 286  0.
 287  0.
 288  0.
 289  0.
 290  0.
 291  0.
 292  0.
 293  0.
 294  0.
 295  0.
 296  0.
 297  0.
 298  0.
 299  0.
 300  0.
 301  0.
 302  0.
 303  0.
 304  0.
 305  0.
 306  0.
 307  0.
 308  0.
 309  0.
 310  0.
 311  0.
 312  0.
 313  0.
 314  0.
 315  0.
 316  0.
 317  0.
 318  0.
 319  0.
 320  0.
 321  0.
 322  0.
 323  0.
 324  0.
 325  0.
 326  0.
 327  0.
 328  0.
 329  0.
 330  0.
 331  0.
 332  0.
 333  0.
 334  0.
 335  0.
 336  0.
 337  0.
 338  0.
 339  0.
 340  0.
 341  0.
 342  0.
 343  0.
 344  0.
 345  0.
 346  0.
 347  0.
 348  0.
 349  0.
 350  0.
 351  0.
 352  0.
 353  0.
 354  0.
 355  0.
 356  0.
 357  0.
 358  0.
 359  0.
 360  0.
 361  0.
 362  0.
 363  0.
 364  0.
 365  0.
 366  0.
 367  0.
 368  0.
 369  0.
 370  0.
 371  0.
 372  0.
 373  0.
 374  0.
 375  0.
 376  0.
 377  0.
 378  0.
 379  0.
 380  0.
 381  0.
 382  0.
 383  0.
 384  0.
 385  0.
 386  0.
 387  0.
 388  0.
 389  0.
 390  0.
 391  0.
 392  0.
 393  0.
 394  0.
 395  0.
 396  0.
 397  0.
 398  0.
 399  0.
 400  0.
 401  0.
 402  0.
 403  0.
 404  0.
 405  0.
 406  0.
 407  0.
 408  0.
 409  0.
 410  0.
 411  0.
 412  0.
 413  0.
 414  0.
 415  0.
 416  0.
 417  0.
 418  0.
 419  0.
 420  0.
 421  0.
 422  0.
 423  0.
 424  0.
 425  0.
 426  0.
 427  0.
 428  0.
 429  0.
 430  0.
 431  0.
 432  0.
 433  0.
 434  0.
 435  0.
 436  0.
 437  0.
 438  0.
 439  0.
 440  0.
 441  0.
 442  0.
 443  0.
 444  0.
 445  0.
 446  0.
 447  0.
 448  0.
 449  0.
 450  0.
 451  0.
 452  0.
 453  0.
 454  0.
 455  0.
 456  0.
 457  0.
 458  0.
 459  0.
 460  0.
 461  0.
 462  0.
 463  0.
 464  0.
 465  0.
 466  0.
 467  0.
 468  0.
 469  0.
 470  0.
 471  0.
 472  0.
 473  0.
 474  0.
 475  0.
 476  0.
 477  0.
 478  0.
 479  0.
 480  0.
 481  0.
 482  0.
 483  0.
 484  0.
 485  0.
 486  0.
 487  0.
 488  0.
 489  0.
 490  0.
 491  0.
 492  0.
 493  0.
 494  0.
 495  0.
 496  0.
 497  0.
 498  0.
 499  0.
 500  0.

 1  0.
 2  0.
 3  0.
 4  0.
 5  0.
 6  0.
 7  0.
 8  0.
 9  0.
 10  0.
 11  0.
 12  0.
 13  0.
 14  0.
 15  0.
 16  0.
 17  0.
 18  0.
 19  0.
 20  0.
 21  0.
 22  0.
 23  0.
 24  0.
 25  0.
 26  0.
 27  0.
 28  0.
 29  0.
 30  0.
 31  0.
 32  0.
 33  0.
 34  0.
 35  0.
 36  0.
 37  0.
 38  0.
 39  0.
 40  0.
 41  0.
 42  0.
 43  0.
 44  0.
 45  0.
 46  0.
 47  0.
 48  0.
 49  0.
 50  0.
 51  0.
 52  0.
 53  0.
 54  0.
 55  0.
 56  0.
 57  0.
 58  0.
 59  0.
 60  0.
 61  0.
 62  0.
 63  0.
 64  0.
 65  0.
 66  0.
 67  0.
 68  0.
 69  0.
 70  0.
 71  0.
 72  0.
 73  0.
 74  0.
 75  0.
 76  0.
 77  0.
 78  0.
 79  0.
 80  0.
 81  0.
 82  0.
 83  0.
 84  0.
 85  0.
 86  0.
 87  0.
 88  0.
 89  0.
 90  0.
 91  0.
 92  0.
 93  0.
 94  0.
 95  0.
 96  0.
 97  0.
 98  0.
 99  0.
 100  0.
 101  0.
 102  0.
 103  0.
 104  0.
 105  0.
 106  0.
 107  0.
 108  0.
 109  0.
 110  0.
 111  0.
 112  0.
 113  0.
 114  0.
 115  0.
 116  0.
 117  0.
 118  0.
 119  0.
 120  0.
 121  0.
 122  0.
 123  0.
 124  0.
 125  0.
 126  0.
 127  0.
 128  0.
 129  0.
 130  0.
 131  0.
 132  0.
 133  0.
 134  0.
 135  0.
 136  0.
 137  0.
 138  0.
 139  0.
 140  0.
 141  0.
 142  0.
 143  0.
 144  0.
 145  0.
 146  0.
 147  0.
 148  0.
 149  0.
 150  0.
 151  0.
 152  0.
 153  0.
 154  0.
 155  0.
 156  0.
 157  0.
 158  0.
 159  0.
 160  0.
 161  0.
 162  0.
 163  0.
 164  0.
 165  0.
 166  0.
 167  0.
 168  0.
 169  0.
 170  0.
 171  0.
 172  0.
 173  0.
 174  0.
 175  0.
 176  0.
 177  0.
 178  0.
 179  0.
 180  0.
 181  0.
 182  0.
 183  0.
 184  0.
 185  0.
 186  0.
 187  0.
 188  0.
 189  0.
 190  0.
 191  0.
 192  0.
 193  0.
 194  0.
 195  0.
 196  0.
 197  0.
 198  0.
 199  0.
 200  0.
 201  0.
 202  0.
 203  0.
 204  0.
 205  0.
 206  0.
 207  0.
 208  0.
 209  0.
 210  0.
 211  0.
 212  0.
 213  0.
 214  0.
 215  0.
 216  0.
 217  0.
 218  0.
 219  0.
 220  0.
 221  0.
 222  0.
 223  0.
 224  0.
 225  0.
 226  0.
 227  0.
 228  0.
 229  0.
 230  0.
 231  0.
 232  0.
 233  0.
 234  0.
 235  0.
 236  0.
 237  0.
 238  0.
 239  0.
 240  0.
 241  0.
 242  0.
 243  0.
 244  0.
 245  0.
 246  0.
 247  0.
 248  0.
 249  0.
 250  0.
 251  0.
 252  0.
 253  0.
 254  0.
 255  0.
 256  0.
 257  0.
 258  0.
 259  0.
 260  0.
 261  0.
 262  0.
 263  0.
 264  0.
 265  0.
 266  0.
 267  0.
 268  0.
 269  0.
 270  0.
 271  0.
 272  0.
 273  0.
 274  0.
 275  0.
 276  0.
 277  0.
 278  0.
 279  0.
 280  0.
 281  0.
 282  0.
 283  0.
 284  0.
 285  0.
 286  0.
 287  0.
 288  0.
 289  0.
 290  0.
 291  0.
 292  0.
 293  0.
 294  0.
 295  0.
 296  0.
 297  0.
 298  0.
 299  0.
 300  0.
 301  0.
 302  0.
 303  0.
 304  0.
 305  0.
 306  0.
 307  0.
 308  0.
 309  0.
 310  0.
 311  0.
 312  0.
 313  0.
 314  0.
 315  0.
 316  0.
 317  0.
 318  0.
 319  0.
 320  0.
 321  0.
 322  0.
 323  0.
 324  0.
 325  0.
 326  0.
 327  0.
 328  0.
 329  0.
 330  0.
 331  0.
 332  0.
 333  0.
 334  0.
 335  0.
 336  0.
 337  0.
 338  0.
 339  0.
 340  0.
 341  0.
 342  0.
 343  0.
 344  0.
 345  0.
 346  0.
 347  0.
 348  0.
 349  0.
 350  0.
 351  0.
 352  0.
 353  0.
 354  0.
 355  0.
 356  0.
 357  0.
 358  0.
 359  0.
 360  0.
 361  0.
 362  0.
 363  0.
 364  0.
 365  0.
 366  0.
 367  0.
 368  0.
 369  0.
 370  0.
 371  0.
 372  0.
 373  0.
 374  0.
 375  0.
 376  0.
 377  0.
 378  0.
 379  0.
 380  0.
 381  0.
 382  0.
 383  0.
 384  0.
 385  0.
 386  0.
 387  0.
 388  0.
 389  0.
 390  0.
 391  0.
 392  0.
 393  0.
 394  0.
 395  0.
 396  0.
 397  0.
 398  0.
 399  0.
 400  0.
 401  0.
 402  0.
 403  0.
 404  0.
 405  0.
 406  0.
 407  0.
 408  0.
 409  0.
 410  0.
 411  0.
 412  0.
 413  0.
 414  0.
 415  0.
 416  0.
 417  0.
 418  0.
 419  0.
 420  0.
 421  0.
 422  0.
 423  0.
 424  0.
 425  0.
 426  0.
 427  0.
 428  0.
 429  0.
 430  0.
 431  0.
 432  0.
 433  0.
 434  0.
 435  0.
 436  0.
 437  0.
 438  0.
 439  0.
 440  0.
 441  0.
 442  0.
 443  0.
 444  0.
 445  0.
 446  0.
 447  0.
 448  0.
 449  0.
 450  0.
 451  0.
 452  0.
 453  0.
 454  0.
 455  0.
 456  0.
 457  0.
 458  0.
 459  0.
 460  0.
 461  0.
 462  0.
 463  0.
 464  0.
 465  0.
 466  0.
 467  0.
 468  0.
 469  0.
 470  0.
 471  0.
 472  0.
 473  0.
 474  0.
 475  0.
 476  0.
 477  0.
 478  0.
 479  0.
 480  0.
 481  0.
 482  0.
 483  0.
 484  0.
 485  0.
 486  0.
 487  0.
 488  0.
 489  0.
 490  0.
 491  0.
 492  0.
 493  0.
 494  0.
 495  0.
 496  0.
 497  0.
 498  0.
 499  0.
 500  0.

 1  0.
 2  0.
 3  0.
 4  0.
 5  0.
 6  0.
 7  0.
 8  0.
 9  0.
 10  0.
 11  0.
 12  0.
 13  0.
 14  0.
 15  0.
 16  0.
 17  0.
 18  0.
 19  0.
 20  0.
 21  0.
 22  0.
 23  0.
 24  0.
 25  0.
 26  0.
 27  0.
 28  0.
 29  0.
 30  0.
 31  0.
 32  0.
 33  0.
 34  0.
 35  0.
 36  0.
 37  0.
 38  0.
 39  0.
 40  0.
 41  0.
 42  0.
 43  0.
 44  0.
 45  0.
 46  0.
 47  0.
 48  0.
 49  0.
 50  0.
 51  0.
 52  0.
 53  0.
 54  0.
 55  0.
 56  0.
 57  0.
 58  0.
 59  0.
 60  0.
 61  0.
 62  0.
 63  0.
 64  0.
 65  0.
 66  0.
 67  0.
 68  0.
 69  0.
 70  0.
 71  0.
 72  0.
 73  0.
 74  0.
 75  0.
 76  0.
 77  0.
 78  0.
 79  0.
 80  0.
 81  0.
 82  0.
 83  0.
 84  0.
 85  0.
 86  0.
 87  0.
 88  0.
 89  0.
 90  0.
 91  0.
 92  0.
 93  0.
 94  0.
 95  0.
 96  0.
 97  0.
 98  0.
 99  0.
 100  0.
 101  0.
 102  0.
 103  0.
 104  0.
 105  0.
 106  0.
 107  0.
 108  0.
 109  0.
 110  0.
 111  0.
 112  0.
 113  0.
 114  0.
 115  0.
 116  0.
 117  0.
 118  0.
 119  0.
 120  0.
 121  0.
 122  0.
 123  0.
 124  0.
 125  0.
 126  0.
 127  0.
 128  0.
 129  0.
 130  0.
 131  0.
 132  0.
 133  0.
 134  0.
 135  0.
 136  0.
 137  0.
 138  0.
 139  0.
 140  0.
 141  0.
 142  0.
 143  0.
 144  0.
 145  0.
 146  0.
 147  0.
 148  0.
 149  0.
 150  0.
 151  0.
 152  0.
 153  0.
 154  0.
 155  0.
 156  0.
 157  0.
 158  0.
 159  0.
 160  0.
 161  0.
 162  0.
 163  0.
 164  0.
 165  0.
 166  0.
 167  0.
 168  0.
 169  0.
 170  0.
 171  0.
 172  0.
 173  0.
 174  0.
 175  0.
 176  0.
 177  0.
 178  0.
 179  0.
 180  0.
 181  0.
 182  0.
 183  0.
 184  0.
 185  0.
 186  0.
 187  0.
 188  0.
 189  0.
 190  0.
 191  0.
 192  0.
 193  0.
 194  0.
 195  0.
 196  0.
 197  0.
 198  0.
 199  0.
 200  0.
 201  0.
 202  0.
 203  0.
 204  0.
 205  0.
 206  0.
 207  0.
 208  0.
 209  0.
 210  0.
 211  0.
 212  0.
 213  0.
 214  0.
 215  0.
 216  0.
 217  0.
 218  0.
 219  0.
 220  0.
 221  0.
 222  0.
 223  0.
 224  0.
 225  0.
 226  0.
 227  0.
 228  0.
 229  0.
 230  0.
 231  0.
 232  0.
 233  0.
 234  0.
 235  0.
 236  0.
 237  0.
 238  0.
 239  0.
 240  0.
 241  0.
 242  0.
 243  0.
 244  0.
 245  0.
 246  0.
 247  0.
 248  0.
 249  0.
 250  0.
 251  0.
 252  0.
 253  0.
 254  0.
 255  0.
 256  0.
 257  0.
 258  0.
 259  0.
 260  0.
 261  0.
 262  0.
 263  0.
 264  0.
 265  0.
 266  0.
 267  0.
 268  0.
 269  0.
 270  0.
 271  0.
 272  0.
 273  0.
 274  0.
 275  0.
 276  0.
 277  0.
 278  0.
 279  0.
 280  0.
 281  0.
 282  0.
 283  0.
 284  0.
 285  0.
 286  0.
 287  0.
 288  0.
 289  0.
 290  0.
 291  0.
 292  0.
 293  0.
 294  0.
 295  0.
 296  0.
 297  0.
 298  0.
 299  0.
 300  0.
 301  0.
 302  0.
 303  0.
 304  0.
 305  0.
 306  0.
 307  0.
 308  0.
 309  0.
 310  0.
 311  0.
 312  0.
 313  0.
 314  0.
 315  0.
 316  0.
 317  0.
 318  0.
 319  0.
 320  0.
 321  0.
 322  0.
 323  0.
 324  0.
 325  0.
 326  0.
 327  0.
 328  0.
 329  0.
 330  0.
 331  0.
 332  0.
 333  0.
 334  0.
 335  0.
 336  0.
 337  0.
 338  0.
 339  0.
 340  0.
 341  0.
 342  0.
 343  0.
 344  0.
 345  0.
 346  0.
 347  0.
 348  0.
 349  0.
 350  0.
 351  0.
 352  0.
 353  0.
 354  0.
 355  0.
 356  0.
 357  0.
 358  0.
 359  0.
 360  0.
 361  0.
 362  0.
 363  0.
 364  0.
 365  0.
 366  0.
 367  0.
 368  0.
 369  0.
 370  0.
 371  0.
 372  0.
 373  0.
 374  0.
 375  0.
 376  0.
 377  0.
 378  0.
 379  0.
 380  0.
 381  0.
 382  0.
 383  0.
 384  0.
 385  0.
 386  0.
 387  0.
 388  0.
 389  0.
 390  0.
 391  0.
 392  0.
 393  0.
 394  0.
 395  0.
 396  0.
 397  0.
 398  0.
 399  0.
 400  0.
 401  0.
 402  0.
 403  0.
 404  0.
 405  0.
 406  0.
 407  0.
 408  0.
 409  0.
 410  0.
 411  0.
 412  0.
 413  0.
 414  0.
 415  0.
 416  0.
 417  0.
 418  0.
 419  0.
 420  0.
 421  0.
 422  0.
 423  0.
 424  0.
 425  0.
 426  0.
 427  0.
 428  0.
 429  0.
 430  0.
 431  0.
 432  0.
 433  0.
 434  0.
 435  0.
 436  0.
 437  0.
 438  0.
 439  0.
 440  0.
 441  0.
 442  0.
 443  0.
 444  0.
 445  0.
 446  0.
 447  0.
 448  0.
 449  0.
 450  0.
 451  0.
 452  0.
 453  0.
 454  0.
 455  0.
 456  0.
 457  0.
 458  0.
 459  0.
 460  0.
 461  0.
 462  0.
 463  0.
 464  0.
 465  0.
 466  0.
 467  0.
 468  0.
 469  0.
 470  0.
 471  0.
 472  0.
 473  0.
 474  0.
 475  0.
 476  0.
 477  0.
 478  0.
 479  0.
 480  0.
 481  0.
 482  0.
 483  0.
 484  0.
 485  0.
 486  0.
 487  0.
 488  0.
 489  0.
 490  0.
 491  0.
 492  0.
 493  0.
 494  0.
 495  0.
 496  0.
 497  0.
 498  0.
 499  0.
 500  0.

 1  0.
 2  0.
 3  0.
 4  0.
 5  0.
 6  0.
 7  0.
 8  0.
 9  0.
 10  0.
 11  0.
 12  0.
 13  0.
 14  0.
 15  0.
 16  0.
 17  0.
 18  0.
 19  0.
 20  0.
 21  0.
 22  0.
 23  0.
 24  0.
 25  0.
 26  0.
 27  0.
 28  0.
 29  0.
 30  0.
 31  0.
 32  0.
 33  0.
 34  0.
 35  0.
 36  0.
 37  0.
 38  0.
 39  0.
 40  0.
 41  0.
 42  0.
 43  0.
 44  0.
 45  0.
 46  0.
 47  0.
 48  0.
 49  0.
 50  0.
 51  0.
 52  0.
 53  0.
 54  0.
 55  0.
 56  0.
 57  0.
 58  0.
 59  0.
 60  0.
 61  0.
 62  0.
 63  0.
 64  0.
 65  0.
 66  0.
 67  0.
 68  0.
 69  0.
 70  0.
 71  0.
 72  0.
 73  0.
 74  0.
 75  0.
 76  0.
 77  0.
 78  0.
 79  0.
 80  0.
 81  0.
 82  0.
 83  0.
 84  0.
 85  0.
 86  0.
 87  0.
 88  0.
 89  0.
 90  0.
 91  0.
 92  0.
 93  0.
 94  0.
 95  0.
 96  0.
 97  0.
 98  0.
 99  0.
 100  0.
 101  0.
 102  0.
 103  0.
 104  0.
 105  0.
 106  0.
 107  0.
 108  0.
 109  0.
 110  0.
 111  0.
 112  0.
 113  0.
 114  0.
 115  0.
 116  0.
 117  0.
 118  0.
 119  0.
 120  0.
 121  0.
 122  0.
 123  0.
 124  0.
 125  0.
 126  0.
 127  0.
 128  0.
 129  0.
 130  0.
 131  0.
 132  0.
 133  0.
 134  0.
 135  0.
 136  0.
 137  0.
 138  0.
 139  0.
 140  0.
 141  0.
 142  0.
 143  0.
 144  0.
 145  0.
 146  0.
 147  0.
 148  0.
 149  0.
 150  0.
 151  0.
 152  0.
 153  0.
 154  0.
 155  0.
 156  0.
 157  0.
 158  0.
 159  0.
 160  0.
 161  0.
 162  0.
 163  0.
 164  0.
 165  0.
 166  0.
 167  0.
 168  0.
 169  0.
 170  0.
 171  0.
 172  0.
 173  0.
 174  0.
 175  0.
 176  0.
 177  0.
 178  0.
 179  0.
 180  0.
 181  0.
 182  0.
 183  0.
 184  0.
 185  0.
 186  0.
 187  0.
 188  0.
 189  0.
 190  0.
 191  0.
 192  0.
 193  0.
 194  0.
 195  0.
 196  0.
 197  0.
 198  0.
 199  0.
 200  0.
 201  0.
 202  0.
 203  0.
 204  0.
 205  0.
 206  0.
 207  0.
 208  0.
 209  0.
 210  0.
 211  0.
 212  0.
 213  0.
 214  0.
 215  0.
 216  0.
 217  0.
 218  0.
 219  0.
 220  0.
 221  0.
 222  0.
 223  0.
 224  0.
 225  0.
 226  0.
 227  0.
 228  0.
 229  0.
 230  0.
 231  0.
 232  0.
 233  0.
 234  0.
 235  0.
 236  0.
 237  0.
 238  0.
 239  0.
 240  0.
 241  0.
 242  0.
 243  0.
 244  0.
 245  0.
 246  0.
 247  0.
 248  0.
 249  0.
 250  0.
 251  0.
 252  0.
 253  0.
 254  0.
 255  0.
 256  0.
 257  0.
 258  0.
 259  0.
 260  0.
 261  0.
 262  0.
 263  0.
 264  0.
 265  0.
 266  0.
 267  0.
 268  0.
 269  0.
 270  0.
 271  0.
 272  0.
 273  0.
 274  0.
 275  0.
 276  0.
 277  0.
 278  0.
 279  0.
 280  0.
 281  0.
 282  0.
 283  0.
 284  0.
 285  0.
 286  0.
 287  0.
 288  0.
 289  0.
 290  0.
 291  0.
 292  0.
 293  0.
 294  0.
 295  0.
 296  0.
 297  0.
 298  0.
 299  0.
 300  0.
 301  0.
 302  0.
 303  0.
 304  0.
 305  0.
 306  0.
 307  0.
 308  0.
 309  0.
 310  0.
 311  0.
 312  0.
 313  0.
 314  0.
 315  0.
 316  0.
 317  0.
 318  0.
 319  0.
 320  0.
 321  0.
 322  0.
 323  0.
 324  0.
 325  0.
 326  0.
 327  0.
 328  0.
 329  0.
 330  0.
 331  0.
 332  0.
 333  0.
 334  0.
 335  0.
 336  0.
 337  0.
 338  0.
 339  0.
 340  0.
 341  0.
 342  0.
 343  0.
 344  0.
 345  0.
 346  0.
 347  0.
 348  0.
 349  0.
 350  0.
 351  0.
 352  0.
 353  0.
 354  0.
 355  0.
 356  0.
 357  0.
 358  0.
 359  0.
 360  0.
 361  0.
 362  0.
 363  0.
 364  0.
 365  0.
 366  0.
 367  0.
 368  0.
 369  0.
 370  0.
 371  0.
 372  0.
 373  0.
 374  0.
 375  0.
 376  0.
 377  0.
 378  0.
 379  0.
 380  0.
 381  0.
 382  0.
 383  0.
 384  0.
 385  0.
 386  0.
 387  0.
 388  0.
 389  0.
 390  0.
 391  0.
 392  0.
 393  0.
 394  0.
 395  0.
 396  0.
 397  0.
 398  0.
 399  0.
 400  0.
 401  0.
 402  0.
 403  0.
 404  0.
 405  0.
 406  0.
 407  0.
 408  0.
 409  0.
 410  0.
 411  0.
 412  0.
 413  0.
 414  0.
 415  0.
 416  0.
 417  0.
 418  0.
 419  0.
 420  0.
 421  0.
 422  0.
 423  0.
 424  0.
 425  0.
 426  0.
 427  0.
 428  0.
 429  0.
 430  0.
 431  0.
 432  0.
 433  0.
 434  0.
 435  0.
 436  0.
 437  0.
 438  0.
 439  0.
 440  0.
 441  0.
 442  0.
 443  0.
 444  0.
 445  0.
 446  0.
 447  0.
 448  0.
 449  0.
 450  0.
 451  0.
 452  0.
 453  0.
 454  0.
 455  0.
 456  0.
 457  0.
 458  0.
 459  0.
 460  0.
 461  0.
 462  0.
 463  0.
 464  0.
 465  0.
 466  0.
 467  0.
 468  0.
 469  0.
 470  0.
 471  0.
 472  0.
 473  0.
 474  0.
 475  0.
 476  0.
 477  0.
 478  0.
 479  0.
 480  0.
 481  0.
 482  0.
 483  0.
 484  0.
 485  0.
 486  0.
 487  0.
 488  0.
 489  0.
 490  0.
 491  0.
 492  0.
 493  0.
 494  0.
 495  0.
 496  0.
 497  0.
 498  0.
 499  0.
 500  0.

 1  0.
 2  0.
 3  0.
 4  0.
 5  0.
 6  0.
 7  0.
 8  0.
 9  0.
 10  0.
 11  0.
 12  0.
 13  0.
 14  0.
 15  0.
 16  0.
 17  0.
 18  0.
 19  0.
 20  0.
 21  0.
 22  0.
 23  0.
 24  0.
 25  0.
 26  0.
 27  0.
 28  0.
 29  0.
 30  0.
 31  0.
 32  0.
 33  0.
 34  0.
 35  0.
 36  0.
 37  0.
 38  0.
 39  0.
 40  0.
 41  0.
 42  0.
 43  0.
 44  0.
 45  0.
 46  0.
 47  0.
 48  0.
 49  0.
 50  0.
 51  0.
 52  0.
 53  0.
 54  0.
 55  0.
 56  0.
 57  0.
 58  0.
 59  0.
 60  0.
 61  0.
 62  0.
 63  0.
 64  0.
 65  0.
 66  0.
 67  0.
 68  0.
 69  0.
 70  0.
 71  0.
 72  0.
 73  0.
 74  0.
 75  0.
 76  0.
 77  0.
 78  0.
 79  0.
 80  0.
 81  0.
 82  0.
 83  0.
 84  0.
 85  0.
 86  0.
 87  0.
 88  0.
 89  0.
 90  0.
 91  0.
 92  0.
 93  0.
 94  0.
 95  0.
 96  0.
 97  0.
 98  0.
 99  0.
 100  0.
 101  0.
 102  0.
 103  0.
 104  0.
 105  0.
 106  0.
 107  0.
 108  0.
 109  0.
 110  0.
 111  0.
 112  0.
 113  0.
 114  0.
 115  0.
 116  0.
 117  0.
 118  0.
 119  0.
 120  0.
 121  0.
 122  0.
 123  0.
 124  0.
 125  0.
 126  0.
 127  0.
 128  0.
 129  0.
 130  0.
 131  0.
 132  0.
 133  0.
 134  0.
 135  0.
 136  0.
 137  0.
 138  0.
 139  0.
 140  0.
 141  0.
 142  0.
 143  0.
 144  0.
 145  0.
 146  0.
 147  0.
 148  0.
 149  0.
 150  0.
 151  0.
 152  0.
 153  0.
 154  0.
 155  0.
 156  0.
 157  0.
 158  0.
 159  0.
 160  0.
 161  0.
 162  0.
 163  0.
 164  0.
 165  0.
 166  0.
 167  0.
 168  0.
 169  0.
 170  0.
 171  0.
 172  0.
 173  0.
 174  0.
 175  0.
 176  0.
 177  0.
 178  0.
 179  0.
 180  0.
 181  0.
 182  0.
 183  0.
 184  0.
 185  0.
 186  0.
 187  0.
 188  0.
 189  0.
 190  0.
 191  0.
 192  0.
 193  0.
 194  0.
 195  0.
 196  0.
 197  0.
 198  0.
 199  0.
 200  0.
 201  0.
 202  0.
 203  0.
 204  0.
 205  0.
 206  0.
 207  0.
 208  0.
 209  0.
 210  0.
 211  0.
 212  0.
 213  0.
 214  0.
 215  0.
 216  0.
 217  0.
 218  0.
 219  0.
 220  0.
 221  0.
 222  0.
 223  0.
 224  0.
 225  0.
 226  0.
 227  0.
 228  0.
 229  0.
 230  0.
 231  0.
 232  0.
 233  0.
 234  0.
 235  0.
 236  0.
 237  0.
 238  0.
 239  0.
 240  0.
 241  0.
 242  0.
 243  0.
 244  0.
 245  0.
 246  0.
 247  0.
 248  0.
 249  0.
 250  0.
 251  0.
 252  0.
 253  0.
 254  0.
 255  0.
 256  0.
 257  0.
 258  0.
 259  0.
 260  0.
 261  0.
 262  0.
 263  0.
 264  0.
 265  0.
 266  0.
 267  0.
 268  0.
 269  0.
 270  0.
 271  0.
 272  0.
 273  0.
 274  0.
 275  0.
 276  0.
 277  0.
 278  0.
 279  0.
 280  0.
 281  0.
 282  0.
 283  0.
 284  0.
 285  0.
 286  0.
 287  0.
 288  0.
 289  0.
 290  0.
 291  0.
 292  0.
 293  0.
 294  0.
 295  0.
 296  0.
 297  0.
 298  0.
 299  0.
 300  0.
 301  0.
 302  0.
 303  0.
 304  0.
 305  0.
 306  0.
 307  0.
 308  0.
 309  0.
 310  0.
 311  0.
 312  0.
 313  0.
 314  0.
 315  0.
 316  0.
 317  0.
 318  0.
 319  0.
 320  0.
 321  0.
 322  0.
 323  0.
 324  0.
 325  0.
 326  0.
 327  0.
 328  0.
 329  0.
 330  0.
 331  0.
 332  0.
 333  0.
 334  0.
 335  0.
 336  0.
 337  0.
 338  0.
 339  0.
 340  0.
 341  0.
 342  0.
 343  0.
 344  0.
 345  0.
 346  0.
 347  0.
 348  0.
 349  0.
 350  0.
 351  0.
 352  0.
 353  0.
 354  0.
 355  0.
 356  0.
 357  0.
 358  0.
 359  0.
 360  0.
 361  0.
 362  0.
 363  0.
 364  0.
 365  0.
 366  0.
 367  0.
 368  0.
 369  0.
 370  0.
 371  0.
 372  0.
 373  0.
 374  0.
 375  0.
 376  0.
 377  0.
 378  0.
 379  0.
 380  0.
 381  0.
 382  0.
 383  0.
 384  0.
 385  0.
 386  0.
 387  0.
 388  0.
 389  0.
 390  0.
 391  0.
 392  0.
 393  0.
 394  0.
 395  0.
 396  0.
 397  0.
 398  0.
 399  0.
 400  0.
 401  0.
 402  0.
 403  0.
 404  0.
 405  0.
 406  0.
 407  0.
 408  0.
 409  0.
 410  0.
 411  0.
 412  0.
 413  0.
 414  0.
 415  0.
 416  0.
 417  0.
 418  0.
 419  0.
 420  0.
 421  0.
 422  0.
 423  0.
 424  0.
 425  0.
 426  0.
 427  0.
 428  0.
 429  0.
 430  0.
 431  0.
 432  0.
 433  0.
 434  0.
 435  0.
 436  0.
 437  0.
 438  0.
 439  0.
 440  0.
 441  0.
 442  0.
 443  0.
 444  0.
 445  0.
 446  0.
 447  0.
 448  0.
 449  0.
 450  0.
 451  0.
 452  0.
 453  0.
 454  0.
 455  0.
 456  0.
 457  0.
 458  0.
 459  0.
 460  0.
 461  0.
 462  0.
 463  0.
 464  0.
 465  0.
 466  0.
 467  0.
 468  0.
 469  0.
 470  0.
 471  0.
 472  0.
 473  0.
 474  0.
 475  0.
 476  0.
 477  0.
 478  0.
 479  0.
 480  0.
 481  0.
 482  0.
 483  0.
 484  0.
 485  0.
 486  0.
 487  0.
 488  0.
 489  0.
 490  0.
 491  0.
 492  0.
 493  0.
 494  0.
 495  0.
 496  0.
 497  0.
 498  0.
 499  0.
 500  0.

 1  0.
 2  0.
 3  0.
 4  0.
 5  0.
 6  0.
 7  0.
 8  0.
 9  0.
 10  0.
 11  0.
 12  0.
 13  0.
 14  0.
 15  0.
 16  0.
 17  0.
 18  0.
 19  0.
 20  0.
 21  0.
 22  0.
 23  0.
 24  0.
 25  0.
 26  0.
 27  0.
 28  0.
 29  0.
 30  0.
 31  0.
 32  0.
 33  0.
 34  0.
 35  0.
 36  0.
 37  0.
 38  0.
 39  0.
 40  0.
 41  0.
 42  0.
 43  0.
 44  0.
 45  0.
 46  0.
 47  0.
 48  0.
 49  0.
 50  0.
 51  0.
 52  0.
 53  0.
 54  0.
 55  0.
 56  0.
 57  0.
 58  0.
 59  0.
 60  0.
 61  0.
 62  0.
 63  0.
 64  0.
 65  0.
 66  0.
 67  0.
 68  0.
 69  0.
 70  0.
 71  0.
 72  0.
 73  0.
 74  0.
 75  0.
 76  0.
 77  0.
 78  0.
 79  0.
 80  0.
 81  0.
 82  0.
 83  0.
 84  0.
 85  0.
 86  0.
 87  0.
 88  0.
 89  0.
 90  0.
 91  0.
 92  0.
 93  0.
 94  0.
 95  0.
 96  0.
 97  0.
 98  0.
 99  0.
 100  0.
 101  0.
 102  0.
 103  0.
 104  0.
 105  0.
 106  0.
 107  0.
 108  0.
 109  0.
 110  0.
 111  0.
 112  0.
 113  0.
 114  0.
 115  0.
 116  0.
 117  0.
 118  0.
 119  0.
 120  0.
 121  0.
 122  0.
 123  0.
 124  0.
 125  0.
 126  0.
 127  0.
 128  0.
 129  0.
 130  0.
 131  0.
 132  0.
 133  0.
 134  0.
 135  0.
 136  0.
 137  0.
 138  0.
 139  0.
 140  0.
 141  0.
 142  0.
 143  0.
 144  0.
 145  0.
 146  0.
 147  0.
 148  0.
 149  0.
 150  0.
 151  0.
 152  0.
 153  0.
 154  0.
 155  0.
 156  0.
 157  0.
 158  0.
 159  0.
 160  0.
 161  0.
 162  0.
 163  0.
 164  0.
 165  0.
 166  0.
 167  0.
 168  0.
 169  0.
 170  0.
 171  0.
 172  0.
 173  0.
 174  0.
 175  0.
 176  0.
 177  0.
 178  0.
 179  0.
 180  0.
 181  0.
 182  0.
 183  0.
 184  0.
 185  0.
 186  0.
 187  0.
 188  0.
 189  0.
 190  0.
 191  0.
 192  0.
 193  0.
 194  0.
 195  0.
 196  0.
 197  0.
 198  0.
 199  0.
 200  0.
 201  0.
 202  0.
 203  0.
 204  0.
 205  0.
 206  0.
 207  0.
 208  0.
 209  0.
 210  0.
 211  0.
 212  0.
 213  0.
 214  0.
 215  0.
 216  0.
 217  0.
 218  0.
 219  0.
 220  0.
 221  0.
 222  0.
 223  0.
 224  0.
 225  0.
 226  0.
 227  0.
 228  0.
 229  0.
 230  0.
 231  0.
 232  0.
 233  0.
 234  0.
 235  0.
 236  0.
 237  0.
 238  0.
 239  0.
 240  0.
 241  0.
 242  0.
 243  0.
 244  0.
 245  0.
 246  0.
 247  0.
 248  0.
 249  0.
 250  0.
 251  0.
 252  0.
 253  0.
 254  0.
 255  0.
 256  0.
 257  0.
 258  0.
 259  0.
 260  0.
 261  0.
 262  0.
 263  0.
 264  0.
 265  0.
 266  0.
 267  0.
 268  0.
 269  0.
 270  0.
 271  0.
 272  0.
 273  0.
 274  0.
 275  0.
 276  0.
 277  0.
 278  0.
 279  0.
 280  0.
 281  0.
 282  0.
 283  0.
 284  0.
 285  0.
 286  0.
 287  0.
 288  0.
 289  0.
 290  0.
 291  0.
 292  0.
 293  0.
 294  0.
 295  0.
 296  0.
 297  0.
 298  0.
 299  0.
 300  0.
 301  0.
 302  0.
 303  0.
 304  0.
 305  0.
 306  0.
 307  0.
 308  0.
 309  0.
 310  0.
 311  0.
 312  0.
 313  0.
 314  0.
 315  0.
 316  0.
 317  0.
 318  0.
 319  0.
 320  0.
 321  0.
 322  0.
 323  0.
 324  0.
 325  0.
 326  0.
 327  0.
 328  0.
 329  0.
 330  0.
 331  0.
 332  0.
 333  0.
 334  0.
 335  0.
 336  0.
 337  0.
 338  0.
 339  0.
 340  0.
 341  0.
 342  0.
 343  0.
 344  0.
 345  0.
 346  0.
 347  0.
 348  0.
 349  0.
 350  0.
 351  0.
 352  0.
 353  0.
 354  0.
 355  0.
 356  0.
 357  0.
 358  0.
 359  0.
 360  0.
 361  0.
 362  0.
 363  0.
 364  0.
 365  0.
 366  0.
 367  0.
 368  0.
 369  0.
 370  0.
 371  0.
 372  0.
 373  0.
 374  0.
 375  0.
 376  0.
 377  0.
 378  0.
 379  0.
 380  0.
 381  0.
 382  0.
 383  0.
 384  0.
 385  0.
 386  0.
 387  0.
 388  0.
 389  0.
 390  0.
 391  0.
 392  0.
 393  0.
 394  0.
 395  0.
 396  0.
 397  0.
 398  0.
 399  0.
 400  0.
 401  0.
 402  0.
 403  0.
 404  0.
 405  0.
 406  0.
 407  0.
 408  0.
 409  0.
 410  0.
 411  0.
 412  0.
 413  0.
 414  0.
 415  0.
 416  0.
 417  0.
 418  0.
 419  0.
 420  0.
 421  0.
 422  0.
 423  0.
 424  0.
 425  0.
 426  0.
 427  0.
 428  0.
 429  0.
 430  0.
 431  0.
 432  0.
 433  0.
 434  0.
 435  0.
 436  0.
 437  0.
 438  0.
 439  0.
 440  0.
 441  0.
 442  0.
 443  0.
 444  0.
 445  0.
 446  0.
 447  0.
 448  0.
 449  0.
 450  0.
 451  0.
 452  0.
 453  0.
 454  0.
 455  0.
 456  0.
 457  0.
 458  0.
 459  0.
 460  0.
 461  0.
 462  0.
 463  0.
 464  0.
 465  0.
 466  0.
 467  0.
 468  0.
 469  0.
 470  0.
 471  0.
 472  0.
 473  0.
 474  0.
 475  0.
 476  0.
 477  0.
 478  0.
 479  0.
 480  0.
 481  0.
 482  0.
 483  0.
 484  0.
 485  0.
 486  0.
 487  0.
 488  0.
 489  0.
 490  0.
 491  0.
 492  0.
 493  0.
 494  0.
 495  0.
 496  0.
 497  0.
 498  0.
 499  0.
 500  0.

 1  0.
 2  0.
 3  0.
 4  0.
 5  0.
 6  0.
 7  0.
 8  0.
 9  0.
 10  0.
 11  0.
 12  0.
 13  0.
 14  0.
 15  0.
 16  0.
 17  0.
 18  0.
 19  0.
 20  0.
 21  0.
 22  0.
 23  0.
 24  0.
 25  0.
 26  0.
 27  0.
 28  0.
 29  0.
 30  0.
 31  0.
 32  0.
 33  0.
 34  0.
 35  0.
 36  0.
 37  0.
 38  0.
 39  0.
 40  0.
 41  0.
 42  0.
 43  0.
 44  0.
 45  0.
 46  0.
 47  0.
 48  0.
 49  0.
 50  0.
 51  0.
 52  0.
 53  0.
 54  0.
 55  0.
 56  0.
 57  0.
 58  0.
 59  0.
 60  0.
 61  0.
 62  0.
 63  0.
 64  0.
 65  0.
 66  0.
 67  0.
 68  0.
 69  0.
 70  0.
 71  0.
 72  0.
 73  0.
 74  0.
 75  0.
 76  0.
 77  0.
 78  0.
 79  0.
 80  0.
 81  0.
 82  0.
 83  0.
 84  0.
 85  0.
 86  0.
 87  0.
 88  0.
 89  0.
 90  0.
 91  0.
 92  0.
 93  0.
 94  0.
 95  0.
 96  0.
 97  0.
 98  0.
 99  0.
 100  0.
 101  0.
 102  0.
 103  0.
 104  0.
 105  0.
 106  0.
 107  0.
 108  0.
 109  0.
 110  0.
 111  0.
 112  0.
 113  0.
 114  0.
 115  0.
 116  0.
 117  0.
 118  0.
 119  0.
 120  0.
 121  0.
 122  0.
 123  0.
 124  0.
 125  0.
 126  0.
 127  0.
 128  0.
 129  0.
 130  0.
 131  0.
 132  0.
 133  0.
 134  0.
 135  0.
 136  0.
 137  0.
 138  0.
 139  0.
 140  0.
 141  0.
 142  0.
 143  0.
 144  0.
 145  0.
 146  0.
 147  0.
 148  0.
 149  0.
 150  0.
 151  0.
 152  0.
 153  0.
 154  0.
 155  0.
 156  0.
 157  0.
 158  0.
 159  0.
 160  0.
 161  0.
 162  0.
 163  0.
 164  0.
 165  0.
 166  0.
 167  0.
 168  0.
 169  0.
 170  0.
 171  0.
 172  0.
 173  0.
 174  0.
 175  0.
 176  0.
 177  0.
 178  0.
 179  0.
 180  0.
 181  0.
 182  0.
 183  0.
 184  0.
 185  0.
 186  0.
 187  0.
 188  0.
 189  0.
 190  0.
 191  0.
 192  0.
 193  0.
 194  0.
 195  0.
 196  0.
 197  0.
 198  0.
 199  0.
 200  0.
 201  0.
 202  0.
 203  0.
 204  0.
 205  0.
 206  0.
 207  0.
 208  0.
 209  0.
 210  0.
 211  0.
 212  0.
 213  0.
 214  0.
 215  0.
 216  0.
 217  0.
 218  0.
 219  0.
 220  0.
 221  0.
 222  0.
 223  0.
 224  0.
 225  0.
 226  0.
 227  0.
 228  0.
 229  0.
 230  0.
 231  0.
 232  0.
 233  0.
 234  0.
 235  0.
 236  0.
 237  0.
 238  0.
 239  0.
 240  0.
 241  0.
 242  0.
 243  0.
 244  0.
 245  0.
 246  0.
 247  0.
 248  0.
 249  0.
 250  0.
 251  0.
 252  0.
 253  0.
 254  0.
 255  0.
 256  0.
 257  0.
 258  0.
 259  0.
 260  0.
 261  0.
 262  0.
 263  0.
 264  0.
 265  0.
 266  0.
 267  0.
 268  0.
 269  0.
 270  0.
 271  0.
 272  0.
 273  0.
 274  0.
 275  0.
 276  0.
 277  0.
 278  0.
 279  0.
 280  0.
 281  0.
 282  0.
 283  0.
 284  0.
 285  0.
 286  0.
 287  0.
 288  0.
 289  0.
 290  0.
 291  0.
 292  0.
 293  0.
 294  0.
 295  0.
 296  0.
 297  0.
 298  0.
 299  0.
 300  0.
 301  0.
 302  0.
 303  0.
 304  0.
 305  0.
 306  0.
 307  0.
 308  0.
 309  0.
 310  0.
 311  0.
 312  0.
 313  0.
 314  0.
 315  0.
 316  0.
 317  0.
 318  0.
 319  0.
 320  0.
 321  0.
 322  0.
 323  0.
 324  0.
 325  0.
 326  0.
 327  0.
 328  0.
 329  0.
 330  0.
 331  0.
 332  0.
 333  0.
 334  0.
 335  0.
 336  0.
 337  0.
 338  0.
 339  0.
 340  0.
 341  0.
 342  0.
 343  0.
 344  0.
 345  0.
 346  0.
 347  0.
 348  0.
 349  0.
 350  0.
 351  0.
 352  0.
 353  0.
 354  0.
 355  0.
 356  0.
 357  0.
 358  0.
 359  0.
 360  0.
 361  0.
 362  0.
 363  0.
 364  0.
 365  0.
 366  0.
 367  0.
 368  0.
 369  0.
 370  0.
 371  0.
 372  0.
 373  0.
 374  0.
 375  0.
 376  0.
 377  0.
 378  0.
 379  0.
 380  0.
 381  0.
 382  0.
 383  0.
 384  0.
 385  0.
 386  0.
 387  0.
 388  0.
 389  0.
 390  0.
 391  0.
 392  0.
 393  0.
 394  0.
 395  0.
 396  0.
 397  0.
 398  0.
 399  0.
 400  0.
 401  0.
 402  0.
 403  0.
 404  0.
 405  0.
 406  0.
 407  0.
 408  0.
 409  0.
 410  0.
 411  0.
 412  0.
 413  0.
 414  0.
 415  0.
 416  0.
 417  0.
 418  0.
 419  0.
 420  0.
 421  0.
 422  0.
 423  0.
 424  0.
 425  0.
 426  0.
 427  0.
 428  0.
 429  0.
 430  0.
 431  0.
 432  0.
 433  0.
 434  0.
 435  0.
 436  0.
 437  0.
 438  0.
 439  0.
 440  0.
 441  0.
 442  0.
 443  0.
 444  0.
 445  0.
 446  0.
 447  0.
 448  0.
 449  0.
 450  0.
 451  0.
 452  0.
 453  0.
 454  0.
 455  0.
 456  0.
 457  0.
 458  0.
 459  0.
 460  0.
 461  0.
 462  0.
 463  0.
 464  0.
 465  0.
 466  0.
 467  0.
 468  0.
 469  0.
 470  0.
 471  0.
 472  0.
 473  0.
 474  0.
 475  0.
 476  0.
 477  0.
 478  0.
 479  0.
 480  0.
 481  0.
 482  0.
 483  0.
 484  0.
 485  0.
 486  0.
 487  0.
 488  0.
 489  0.
 490  0.
 491  0.
 492  0.
 493  0.
 494  0.
 495  0.
 496  0.
 497  0.
 498  0.
 499  0.
 500  0.

 1  0.
 2  0.
 3  0.
 4  0.
 5  0.
 6  0.
 7  0.
 8  0.
 9  0.
 10  0.
 11  0.
 12  0.
 13  0.
 14  0.
 15  0.
 16  0.
 17  0.
 18  0.
 19  0.
 20  0.
 21  0.
 22  0.
 23  0.
 24  0.
 25  0.
 26  0.
 27  0.
 28  0.
 29  0.
 30  0.
 31  0.
 32  0.
 33  0.
 34  0.
 35  0.
 36  0.
 37  0.
 38  0.
 39  0.
 40  0.
 41  0.
 42  0.
 43  0.
 44  0.
 45  0.
 46  0.
 47  0.
 48  0.
 49  0.
 50  0.
 51  0.
 52  0.
 53  0.
 54  0.
 55  0.
 56  0.
 57  0.
 58  0.
 59  0.
 60  0.
 61  0.
 62  0.
 63  0.
 64  0.
 65  0.
 66  0.
 67  0.
 68  0.
 69  0.
 70  0.
 71  0.
 72  0.
 73  0.
 74  0.
 75  0.
 76  0.
 77  0.
 78  0.
 79  0.
 80  0.
 81  0.
 82  0.
 83  0.
 84  0.
 85  0.
 86  0.
 87  0.
 88  0.
 89  0.
 90  0.
 91  0.
 92  0.
 93  0.
 94  0.
 95  0.
 96  0.
 97  0.
 98  0.
 99  0.
 100  0.
 101  0.
 102  0.
 103  0.
 104  0.
 105  0.
 106  0.
 107  0.
 108  0.
 109  0.
 110  0.
 111  0.
 112  0.
 113  0.
 114  0.
 115  0.
 116  0.
 117  0.
 118  0.
 119  0.
 120  0.
 121  0.
 122  0.
 123  0.
 124  0.
 125  0.
 126  0.
 127  0.
 128  0.
 129  0.
 130  0.
 131  0.
 132  0.
 133  0.
 134  0.
 135  0.
 136  0.
 137  0.
 138  0.
 139  0.
 140  0.
 141  0.
 142  0.
 143  0.
 144  0.
 145  0.
 146  0.
 147  0.
 148  0.
 149  0.
 150  0.
 151  0.
 152  0.
 153  0.
 154  0.
 155  0.
 156  0.
 157  0.
 158  0.
 159  0.
 160  0.
 161  0.
 162  0.
 163  0.
 164  0.
 165  0.
 166  0.
 167  0.
 168  0.
 169  0.
 170  0.
 171  0.
 172  0.
 173  0.
 174  0.
 175  0.
 176  0.
 177  0.
 178  0.
 179  0.
 180  0.
 181  0.
 182  0.
 183  0.
 184  0.
 185  0.
 186  0.
 187  0.
 188  0.
 189  0.
 190  0.
 191  0.
 192  0.
 193  0.
 194  0.
 195  0.
 196  0.
 197  0.
 198  0.
 199  0.
 200  0.
 201  0.
 202  0.
 203  0.
 204  0.
 205  0.
 206  0.
 207  0.
 208  0.
 209  0.
 210  0.
 211  0.
 212  0.
 213  0.
 214  0.
 215  0.
 216  0.
 217  0.
 218  0.
 219  0.
 220  0.
 221  0.
 222  0.
 223  0.
 224  0.
 225  0.
 226  0.
 227  0.
 228  0.
 229  0.
 230  0.
 231  0.
 232  0.
 233  0.
 234  0.
 235  0.
 236  0.
 237  0.
 238  0.
 239  0.
 240  0.
 241  0.
 242  0.
 243  0.
 244  0.
 245  0.
 246  0.
 247  0.
 248  0.
 249  0.
 250  0.
 251  0.
 252  0.
 253  0.
 254  0.
 255  0.
 256  0.
 257  0.
 258  0.
 259  0.
 260  0.
 261  0.
 262  0.
 263  0.
 264  0.
 265  0.
 266  0.
 267  0.
 268  0.
 269  0.
 270  0.
 271  0.
 272  0.
 273  0.
 274  0.
 275  0.
 276  0.
 277  0.
 278  0.
 279  0.
 280  0.
 281  0.
 282  0.
 283  0.
 284  0.
 285  0.
 286  0.
 287  0.
 288  0.
 289  0.
 290  0.
 291  0.
 292  0.
 293  0.
 294  0.
 295  0.
 296  0.
 297  0.
 298  0.
 299  0.
 300  0.
 301  0.
 302  0.
 303  0.
 304  0.
 305  0.
 306  0.
 307  0.
 308  0.
 309  0.
 310  0.
 311  0.
 312  0.
 313  0.
 314  0.
 315  0.
 316  0.
 317  0.
 318  0.
 319  0.
 320  0.
 321  0.
 322  0.
 323  0.
 324  0.
 325  0.
 326  0.
 327  0.
 328  0.
 329  0.
 330  0.
 331  0.
 332  0.
 333  0.
 334  0.
 335  0.
 336  0.
 337  0.
 338  0.
 339  0.
 340  0.
 341  0.
 342  0.
 343  0.
 344  0.
 345  0.
 346  0.
 347  0.
 348  0.
 349  0.
 350  0.
 351  0.
 352  0.
 353  0.
 354  0.
 355  0.
 356  0.
 357  0.
 358  0.
 359  0.
 360  0.
 361  0.
 362  0.
 363  0.
 364  0.
 365  0.
 366  0.
 367  0.
 368  0.
 369  0.
 370  0.
 371  0.
 372  0.
 373  0.
 374  0.
 375  0.
 376  0.
 377  0.
 378  0.
 379  0.
 380  0.
 381  0.
 382  0.
 383  0.
 384  0.
 385  0.
 386  0.
 387  0.
 388  0.
 389  0.
 390  0.
 391  0.
 392  0.
 393  0.
 394  0.
 395  0.
 396  0.
 397  0.
 398  0.
 399  0.
 400  0.
 401  0.
 402  0.
 403  0.
 404  0.
 405  0.
 406  0.
 407  0.
 408  0.
 409  0.
 410  0.
 411  0.
 412  0.
 413  0.
 414  0.
 415  0.
 416  0.
 417  0.
 418  0.
 419  0.
 420  0.
 421  0.
 422  0.
 423  0.
 424  0.
 425  0.
 426  0.
 427  0.
 428  0.
 429  0.
 430  0.
 431  0.
 432  0.
 433  0.
 434  0.
 435  0.
 436  0.
 437  0.
 438  0.
 439  0.
 440  0.
 441  0.
 442  0.
 443  0.
 444  0.
 445  0.
 446  0.
 447  0.
 448  0.
 449  0.
 450  0.
 451  0.
 452  0.
 453  0.
 454  0.
 455  0.
 456  0.
 457  0.
 458  0.
 459  0.
 460  0.
 461  0.
 462  0.
 463  0.
 464  0.
 465  0.
 466  0.
 467  0.
 468  0.
 469  0.
 470  0.
 471  0.
 472  0.
 473  0.
 474  0.
 475  0.
 476  0.
 477  0.
 478  0.
 479  0.
 480  0.
 481  0.
 482  0.
 483  0.
 484  0.
 485  0.
 486  0.
 487  0.
 488  0.
 489  0.
 490  0.
 491  0.
 492  0.
 493  0.
 494  0.
 495  0.
 496  0.
 497  0.
 498  0.
 499  0.
 500  0.

 1  0.
 2  0.
 3  0.
 4  0.
 5  0.
 6  0.
 7  0.
 8  0.
 9  0.
 10  0.
 11  0.
 12  0.
 13  0.
 14  0.
 15  0.
 16  0.
 17  0.
 18  0.
 19  0.
 20  0.
 21  0.
 22  0.
 23  0.
 24  0.
 25  0.
 26  0.
 27  0.
 28  0.
 29  0.
 30  0.
 31  0.
 32  0.
 33  0.
 34  0.
 35  0.
 36  0.
 37  0.
 38  0.
 39  0.
 40  0.
 41  0.
 42  0.
 43  0.
 44  0.
 45  0.
 46  0.
 47  0.
 48  0.
 49  0.
 50  0.
 51  0.
 52  0.
 53  0.
 54  0.
 55  0.
 56  0.
 57  0.
 58  0.
 59  0.
 60  0.
 61  0.
 62  0.
 63  0.
 64  0.
 65  0.
 66  0.
 67  0.
 68  0.
 69  0.
 70  0.
 71  0.
 72  0.
 73  0.
 74  0.
 75  0.
 76  0.
 77  0.
 78  0.
 79  0.
 80  0.
 81  0.
 82  0.
 83  0.
 84  0.
 85  0.
 86  0.
 87  0.
 88  0.
 89  0.
 90  0.
 91  0.
 92  0.
 93  0.
 94  0.
 95  0.
 96  0.
 97  0.
 98  0.
 99  0.
 100  0.
 101  0.
 102  0.
 103  0.
 104  0.
 105  0.
 106  0.
 107  0.
 108  0.
 109  0.
 110  0.
 111  0.
 112  0.
 113  0.
 114  0.
 115  0.
 116  0.
 117  0.
 118  0.
 119  0.
 120  0.
 121  0.
 122  0.
 123  0.
 124  0.
 125  0.
 126  0.
 127  0.
 128  0.
 129  0.
 130  0.
 131  0.
 132  0.
 133  0.
 134  0.
 135  0.
 136  0.
 137  0.
 138  0.
 139  0.
 140  0.
 141  0.
 142  0.
 143  0.
 144  0.
 145  0.
 146  0.
 147  0.
 148  0.
 149  0.
 150  0.
 151  0.
 152  0.
 153  0.
 154  0.
 155  0.
 156  0.
 157  0.
 158  0.
 159  0.
 160  0.
 161  0.
 162  0.
 163  0.
 164  0.
 165  0.
 166  0.
 167  0.
 168  0.
 169  0.
 170  0.
 171  0.
 172  0.
 173  0.
 174  0.
 175  0.
 176  0.
 177  0.
 178  0.
 179  0.
 180  0.
 181  0.
 182  0.
 183  0.
 184  0.
 185  0.
 186  0.
 187  0.
 188  0.
 189  0.
 190  0.
 191  0.
 192  0.
 193  0.
 194  0.
 195  0.
 196  0.
 197  0.
 198  0.
 199  0.
 200  0.
 201  0.
 202  0.
 203  0.
 204  0.
 205  0.
 206  0.
 207  0.
 208  0.
 209  0.
 210  0.
 211  0.
 212  0.
 213  0.
 214  0.
 215  0.
 216  0.
 217  0.
 218  0.
 219  0.
 220  0.
 221  0.
 222  0.
 223  0.
 224  0.
 225  0.
 226  0.
 227  0.
 228  0.
 229  0.
 230  0.
 231  0.
 232  0.
 233  0.
 234  0.
 235  0.
 236  0.
 237  0.
 238  0.
 239  0.
 240  0.
 241  0.
 242  0.
 243  0.
 244  0.
 245  0.
 246  0.
 247  0.
 248  0.
 249  0.
 250  0.
 251  0.
 252  0.
 253  0.
 254  0.
 255  0.
 256  0.
 257  0.
 258  0.
 259  0.
 260  0.
 261  0.
 262  0.
 263  0.
 264  0.
 265  0.
 266  0.
 267  0.
 268  0.
 269  0.
 270  0.
 271  0.
 272  0.
 273  0.
 274  0.
 275  0.
 276  0.
 277  0.
 278  0.
 279  0.
 280  0.
 281  0.
 282  0.
 283  0.
 284  0.
 285  0.
 286  0.
 287  0.
 288  0.
 289  0.
 290  0.
 291  0.
 292  0.
 293  0.
 294  0.
 295  0.
 296  0.
 297  0.
 298  0.
 299  0.
 300  0.
 301  0.
 302  0.
 303  0.
 304  0.
 305  0.
 306  0.
 307  0.
 308  0.
 309  0.
 310  0.
 311  0.
 312  0.
 313  0.
 314  0.
 315  0.
 316  0.
 317  0.
 318  0.
 319  0.
 320  0.
 321  0.
 322  0.
 323  0.
 324  0.
 325  0.
 326  0.
 327  0.
 328  0.
 329  0.
 330  0.
 331  0.
 332  0.
 333  0.
 334  0.
 335  0.
 336  0.
 337  0.
 338  0.
 339  0.
 340  0.
 341  0.
 342  0.
 343  0.
 344  0.
 345  0.
 346  0.
 347  0.
 348  0.
 349  0.
 350  0.
 351  0.
 352  0.
 353  0.
 354  0.
 355  0.
 356  0.
 357  0.
 358  0.
 359  0.
 360  0.
 361  0.
 362  0.
 363  0.
 364  0.
 365  0.
 366  0.
 367  0.
 368  0.
 369  0.
 370  0.
 371  0.
 372  0.
 373  0.
 374  0.
 375  0.
 376  0.
 377  0.
 378  0.
 379  0.
 380  0.
 381  0.
 382  0.
 383  0.
 384  0.
 385  0.
 386  0.
 387  0.
 388  0.
 389  0.
 390  0.
 391  0.
 392  0.
 393  0.
 394  0.
 395  0.
 396  0.
 397  0.
 398  0.
 399  0.
 400  0.
 401  0.
 402  0.
 403  0.
 404  0.
 405  0.
 406  0.
 407  0.
 408  0.
 409  0.
 410  0.
 411  0.
 412  0.
 413  0.
 414  0.
 415  0.
 416  0.
 417  0.
 418  0.
 419  0.
 420  0.
 421  0.
 422  0.
 423  0.
 424  0.
 425  0.
 426  0.
 427  0.
 428  0.
 429  0.
 430  0.
 431  0.
 432  0.
 433  0.
 434  0.
 435  0.
 436  0.
 437  0.
 438  0.
 439  0.
 440  0.
 441  0.
 442  0.
 443  0.
 444  0.
 445  0.
 446  0.
 447  0.
 448  0.
 449  0.
 450  0.
 451  0.
 452  0.
 453  0.
 454  0.
 455  0.
 456  0.
 457  0.
 458  0.
 459  0.
 460  0.
 461  0.
 462  0.
 463  0.
 464  0.
 465  0.
 466  0.
 467  0.
 468  0.
 469  0.
 470  0.
 471  0.
 472  0.
 473  0.
 474  0.
 475  0.
 476  0.
 477  0.
 478  0.
 479  0.
 480  0.
 481  0.
 482  0.
 483  0.
 484  0.
 485  0.
 486  0.
 487  0.
 488  0.
 489  0.
 490  0.
 491  0.
 492  0.
 493  0.
 494  0.
 495  0.
 496  0.
 497  0.
 498  0.
 499  0.
 500  0.

 1  0.
 2  0.
 3  0.
 4  0.
 5  0.
 6  0.
 7  0.
 8  0.
 9  0.
 10  0.
 11  0.
 12  0.
 13  0.
 14  0.
 15  0.
 16  0.
 17  0.
 18  0.
 19  0.
 20  0.
 21  0.
 22  0.
 23  0.
 24  0.
 25  0.
 26  0.
 27  0.
 28  0.
 29  0.
 30  0.
 31  0.
 32  0.
 33  0.
 34  0.
 35  0.
 36  0.
 37  0.
 38  0.
 39  0.
 40  0.
 41  0.
 42  0.
 43  0.
 44  0.
 45  0.
 46  0.
 47  0.
 48  0.
 49  0.
 50  0.
 51  0.
 52  0.
 53  0.
 54  0.
 55  0.
 56  0.
 57  0.
 58  0.
 59  0.
 60  0.
 61  0.
 62  0.
 63  0.
 64  0.
 65  0.
 66  0.
 67  0.
 68  0.
 69  0.
 70  0.
 71  0.
 72  0.
 73  0.
 74  0.
 75  0.
 76  0.
 77  0.
 78  0.
 79  0.
 80  0.
 81  0.
 82  0.
 83  0.
 84  0.
 85  0.
 86  0.
 87  0.
 88  0.
 89  0.
 90  0.
 91  0.
 92  0.
 93  0.
 94  0.
 95  0.
 96  0.
 97  0.
 98  0.
 99  0.
 100  0.
 101  0.
 102  0.
 103  0.
 104  0.
 105  0.
 106  0.
 107  0.
 108  0.
 109  0.
 110  0.
 111  0.
 112  0.
 113  0.
 114  0.
 115  0.
 116  0.
 117  0.
 118  0.
 119  0.
 120  0.
 121  0.
 122  0.
 123  0.
 124  0.
 125  0.
 126  0.
 127  0.
 128  0.
 129  0.
 130  0.
 131  0.
 132  0.
 133  0.
 134  0.
 135  0.
 136  0.
 137  0.
 138  0.
 139  0.
 140  0.
 141  0.
 142  0.
 143  0.
 144  0.
 145  0.
 146  0.
 147  0.
 148  0.
 149  0.
 150  0.
 151  0.
 152  0.
 153  0.
 154  0.
 155  0.
 156  0.
 157  0.
 158  0.
 159  0.
 160  0.
 161  0.
 162  0.
 163  0.
 164  0.
 165  0.
 166  0.
 167  0.
 168  0.
 169  0.
 170  0.
 171  0.
 172  0.
 173  0.
 174  0.
 175  0.
 176  0.
 177  0.
 178  0.
 179  0.
 180  0.
 181  0.
 182  0.
 183  0.
 184  0.
 185  0.
 186  0.
 187  0.
 188  0.
 189  0.
 190  0.
 191  0.
 192  0.
 193  0.
 194  0.
 195  0.
 196  0.
 197  0.
 198  0.
 199  0.
 200  0.
 201  0.
 202  0.
 203  0.
 204  0.
 205  0.
 206  0.
 207  0.
 208  0.
 209  0.
 210  0.
 211  0.
 212  0.
 213  0.
 214  0.
 215  0.
 216  0.
 217  0.
 218  0.
 219  0.
 220  0.
 221  0.
 222  0.
 223  0.
 224  0.
 225  0.
 226  0.
 227  0.
 228  0.
 229  0.
 230  0.
 231  0.
 232  0.
 233  0.
 234  0.
 235  0.
 236  0.
 237  0.
 238  0.
 239  0.
 240  0.
 241  0.
 242  0.
 243  0.
 244  0.
 245  0.
 246  0.
 247  0.
 248  0.
 249  0.
 250  0.
 251  0.
 252  0.
 253  0.
 254  0.
 255  0.
 256  0.
 257  0.
 258  0.
 259  0.
 260  0.
 261  0.
 262  0.
 263  0.
 264  0.
 265  0.
 266  0.
 267  0.
 268  0.
 269  0.
 270  0.
 271  0.
 272  0.
 273  0.
 274  0.
 275  0.
 276  0.
 277  0.
 278  0.
 279  0.
 280  0.
 281  0.
 282  0.
 283  0.
 284  0.
 285  0.
 286  0.
 287  0.
 288  0.
 289  0.
 290  0.
 291  0.
 292  0.
 293  0.
 294  0.
 295  0.
 296  0.
 297  0.
 298  0.
 299  0.
 300  0.
 301  0.
 302  0.
 303  0.
 304  0.
 305  0.
 306  0.
 307  0.
 308  0.
 309  0.
 310  0.
 311  0.
 312  0.
 313  0.
 314  0.
 315  0.
 316  0.
 317  0.
 318  0.
 319  0.
 320  0.
 321  0.
 322  0.
 323  0.
 324  0.
 325  0.
 326  0.
 327  0.
 328  0.
 329  0.
 330  0.
 331  0.
 332  0.
 333  0.
 334  0.
 335  0.
 336  0.
 337  0.
 338  0.
 339  0.
 340  0.
 341  0.
 342  0.
 343  0.
 344  0.
 345  0.
 346  0.
 347  0.
 348  0.
 349  0.
 350  0.
 351  0.
 352  0.
 353  0.
 354  0.
 355  0.
 356  0.
 357  0.
 358  0.
 359  0.
 360  0.
 361  0.
 362  0.
 363  0.
 364  0.
 365  0.
 366  0.
 367  0.
 368  0.
 369  0.
 370  0.
 371  0.
 372  0.
 373  0.
 374  0.
 375  0.
 376  0.
 377  0.
 378  0.
 379  0.
 380  0.
 381  0.
 382  0.
 383  0.
 384  0.
 385  0.
 386  0.
 387  0.
 388  0.
 389  0.
 390  0.
 391  0.
 392  0.
 393  0.
 394  0.
 395  0.
 396  0.
 397  0.
 398  0.
 399  0.
 400  0.
 401  0.
 402  0.
 403  0.
 404  0.
 405  0.
 406  0.
 407  0.
 408  0.
 409  0.
 410  0.
 411  0.
 412  0.
 413  0.
 414  0.
 415  0.
 416  0.
 417  0.
 418  0.
 419  0.
 420  0.
 421  0.
 422  0.
 423  0.
 424  0.
 425  0.
 426  0.
 427  0.
 428  0.
 429  0.
 430  0.
 431  0.
 432  0.
 433  0.
 434  0.
 435  0.
 436  0.
 437  0.
 438  0.
 439  0.
 440  0.
 441  0.
 442  0.
 443  0.
 444  0.
 445  0.
 446  0.
 447  0.
 448  0.
 449  0.
 450  0.
 451  0.
 452  0.
 453  0.
 454  0.
 455  0.
 456  0.
 457  0.
 458  0.
 459  0.
 460  0.
 461  0.
 462  0.
 463  0.
 464  0.
 465  0.
 466  0.
 467  0.
 468  0.
 469  0.
 470  0.
 471  0.
 472  0.
 473  0.
 474  0.
 475  0.
 476  0.
 477  0.
 478  0.
 479  0.
 480  0.
 481  0.
 482  0.
 483  0.
 484  0.
 485  0.
 486  0.
 487  0.
 488  0.
 489  0.
 490  0.
 491  0.
 492  0.
 493  0.
 494  0.
 495  0.
 496  0.
 497  0.
 498  0.
 499  0.
 500  0.

 1  0.
 2  0.
 3  0.
 4  0.
 5  0.
 6  0.
 7  0.
 8  0.
 9  0.
 10  0.
 11  0.
 12  0.
 13  0.
 14  0.
 15  0.
 16  0.
 17  0.
 18  0.
 19  0.
 20  0.
 21  0.
 22  0.
 23  0.
 24  0.
 25  0.
 26  0.
 27  0.
 28  0.
 29  0.
 30  0.
 31  0.
 32  0.
 33  0.
 34  0.
 35  0.
 36  0.
 37  0.
 38  0.
 39  0.
 40  0.
 41  0.
 42  0.
 43  0.
 44  0.
 45  0.
 46  0.
 47  0.
 48  0.
 49  0.
 50  0.
 51  0.
 52  0.
 53  0.
 54  0.
 55  0.
 56  0.
 57  0.
 58  0.
 59  0.
 60  0.
 61  0.
 62  0.
 63  0.
 64  0.
 65  0.
 66  0.
 67  0.
 68  0.
 69  0.
 70  0.
 71  0.
 72  0.
 73  0.
 74  0.
 75  0.
 76  0.
 77  0.
 78  0.
 79  0.
 80  0.
 81  0.
 82  0.
 83  0.
 84  0.
 85  0.
 86  0.
 87  0.
 88  0.
 89  0.
 90  0.
 91  0.
 92  0.
 93  0.
 94  0.
 95  0.
 96  0.
 97  0.
 98  0.
 99  0.
 100  0.
 101  0.
 102  0.
 103  0.
 104  0.
 105  0.
 106  0.
 107  0.
 108  0.
 109  0.
 110  0.
 111  0.
 112  0.
 113  0.
 114  0.
 115  0.
 116  0.
 117  0.
 118  0.
 119  0.
 120  0.
 121  0.
 122  0.
 123  0.
 124  0.
 125  0.
 126  0.
 127  0.
 128  0.
 129  0.
 130  0.
 131  0.
 132  0.
 133  0.
 134  0.
 135  0.
 136  0.
 137  0.
 138  0.
 139  0.
 140  0.
 141  0.
 142  0.
 143  0.
 144  0.
 145  0.
 146  0.
 147  0.
 148  0.
 149  0.
 150  0.
 151  0.
 152  0.
 153  0.
 154  0.
 155  0.
 156  0.
 157  0.
 158  0.
 159  0.
 160  0.
 161  0.
 162  0.
 163  0.
 164  0.
 165  0.
 166  0.
 167  0.
 168  0.
 169  0.
 170  0.
 171  0.
 172  0.
 173  0.
 174  0.
 175  0.
 176  0.
 177  0.
 178  0.
 179  0.
 180  0.
 181  0.
 182  0.
 183  0.
 184  0.
 185  0.
 186  0.
 187  0.
 188  0.
 189  0.
 190  0.
 191  0.
 192  0.
 193  0.
 194  0.
 195  0.
 196  0.
 197  0.
 198  0.
 199  0.
 200  0.
 201  0.
 202  0.
 203  0.
 204  0.
 205  0.
 206  0.
 207  0.
 208  0.
 209  0.
 210  0.
 211  0.
 212  0.
 213  0.
 214  0.
 215  0.
 216  0.
 217  0.
 218  0.
 219  0.
 220  0.
 221  0.
 222  0.
 223  0.
 224  0.
 225  0.
 226  0.
 227  0.
 228  0.
 229  0.
 230  0.
 231  0.
 232  0.
 233  0.
 234  0.
 235  0.
 236  0.
 237  0.
 238  0.
 239  0.
 240  0.
 241  0.
 242  0.
 243  0.
 244  0.
 245  0.
 246  0.
 247  0.
 248  0.
 249  0.
 250  0.
 251  0.
 252  0.
 253  0.
 254  0.
 255  0.
 256  0.
 257  0.
 258  0.
 259  0.
 260  0.
 261  0.
 262  0.
 263  0.
 264  0.
 265  0.
 266  0.
 267  0.
 268  0.
 269  0.
 270  0.
 271  0.
 272  0.
 273  0.
 274  0.
 275  0.
 276  0.
 277  0.
 278  0.
 279  0.
 280  0.
 281  0.
 282  0.
 283  0.
 284  0.
 285  0.
 286  0.
 287  0.
 288  0.
 289  0.
 290  0.
 291  0.
 292  0.
 293  0.
 294  0.
 295  0.
 296  0.
 297  0.
 298  0.
 299  0.
 300  0.
 301  0.
 302  0.
 303  0.
 304  0.
 305  0.
 306  0.
 307  0.
 308  0.
 309  0.
 310  0.
 311  0.
 312  0.
 313  0.
 314  0.
 315  0.
 316  0.
 317  0.
 318  0.
 319  0.
 320  0.
 321  0.
 322  0.
 323  0.
 324  0.
 325  0.
 326  0.
 327  0.
 328  0.
 329  0.
 330  0.
 331  0.
 332  0.
 333  0.
 334  0.
 335  0.
 336  0.
 337  0.
 338  0.
 339  0.
 340  0.
 341  0.
 342  0.
 343  0.
 344  0.
 345  0.
 346  0.
 347  0.
 348  0.
 349  0.
 350  0.
 351  0.
 352  0.
 353  0.
 354  0.
 355  0.
 356  0.
 357  0.
 358  0.
 359  0.
 360  0.
 361  0.
 362  0.
 363  0.
 364  0.
 365  0.
 366  0.
 367  0.
 368  0.
 369  0.
 370  0.
 371  0.
 372  0.
 373  0.
 374  0.
 375  0.
 376  0.
 377  0.
 378  0.
 379  0.
 380  0.
 381  0.
 382  0.
 383  0.
 384  0.
 385  0.
 386  0.
 387  0.
 388  0.
 389  0.
 390  0.
 391  0.
 392  0.
 393  0.
 394  0.
 395  0.
 396  0.
 397  0.
 398  0.
 399  0.
 400  0.
 401  0.
 402  0.
 403  0.
 404  0.
 405  0.
 406  0.
 407  0.
 408  0.
 409  0.
 410  0.
 411  0.
 412  0.
 413  0.
 414  0.
 415  0.
 416  0.
 417  0.
 418  0.
 419  0.
 420  0.
 421  0.
 422  0.
 423  0.
 424  0.
 425  0.
 426  0.
 427  0.
 428  0.
 429  0.
 430  0.
 431  0.
 432  0.
 433  0.
 434  0.
 435  0.
 436  0.
 437  0.
 438  0.
 439  0.
 440  0.
 441  0.
 442  0.
 443  0.
 444  0.
 445  0.
 446  0.
 447  0.
 448  0.
 449  0.
 450  0.
 451  0.
 452  0.
 453  0.
 454  0.
 455  0.
 456  0.
 457  0.
 458  0.
 459  0.
 460  0.
 461  0.
 462  0.
 463  0.
 464  0.
 465  0.
 466  0.
 467  0.
 468  0.
 469  0.
 470  0.
 471  0.
 472  0.
 473  0.
 474  0.
 475  0.
 476  0.
 477  0.
 478  0.
 479  0.
 480  0.
 481  0.
 482  0.
 483  0.
 484  0.
 485  0.
 486  0.
 487  0.
 488  0.
 489  0.
 490  0.
 491  0.
 492  0.
 493  0.
 494  0.
 495  0.
 496  0.
 497  0.
 498  0.
 499  0.
 500  0.

 1  0.
 2  0.
 3  0.
 4  0.
 5  0.
 6  0.
 7  0.
 8  0.
 9  0.
 10  0.
 11  0.
 12  0.
 13  0.
 14  0.
 15  0.
 16  0.
 17  0.
 18  0.
 19  0.
 20  0.
 21  0.
 22  0.
 23  0.
 24  0.
 25  0.
 26  0.
 27  0.
 28  0.
 29  0.
 30  0.
 31  0.
 32  0.
 33  0.
 34  0.
 35  0.
 36  0.
 37  0.
 38  0.
 39  0.
 40  0.
 41  0.
 42  0.
 43  0.
 44  0.
 45  0.
 46  0.
 47  0.
 48  0.
 49  0.
 50  0.
 51  0.
 52  0.
 53  0.
 54  0.
 55  0.
 56  0.
 57  0.
 58  0.
 59  0.
 60  0.
 61  0.
 62  0.
 63  0.
 64  0.
 65  0.
 66  0.
 67  0.
 68  0.
 69  0.
 70  0.
 71  0.
 72  0.
 73  0.
 74  0.
 75  0.
 76  0.
 77  0.
 78  0.
 79  0.
 80  0.
 81  0.
 82  0.
 83  0.
 84  0.
 85  0.
 86  0.
 87  0.
 88  0.
 89  0.
 90  0.
 91  0.
 92  0.
 93  0.
 94  0.
 95  0.
 96  0.
 97  0.
 98  0.
 99  0.
 100  0.
 101  0.
 102  0.
 103  0.
 104  0.
 105  0.
 106  0.
 107  0.
 108  0.
 109  0.
 110  0.
 111  0.
 112  0.
 113  0.
 114  0.
 115  0.
 116  0.
 117  0.
 118  0.
 119  0.
 120  0.
 121  0.
 122  0.
 123  0.
 124  0.
 125  0.
 126  0.
 127  0.
 128  0.
 129  0.
 130  0.
 131  0.
 132  0.
 133  0.
 134  0.
 135  0.
 136  0.
 137  0.
 138  0.
 139  0.
 140  0.
 141  0.
 142  0.
 143  0.
 144  0.
 145  0.
 146  0.
 147  0.
 148  0.
 149  0.
 150  0.
 151  0.
 152  0.
 153  0.
 154  0.
 155  0.
 156  0.
 157  0.
 158  0.
 159  0.
 160  0.
 161  0.
 162  0.
 163  0.
 164  0.
 165  0.
 166  0.
 167  0.
 168  0.
 169  0.
 170  0.
 171  0.
 172  0.
 173  0.
 174  0.
 175  0.
 176  0.
 177  0.
 178  0.
 179  0.
 180  0.
 181  0.
 182  0.
 183  0.
 184  0.
 185  0.
 186  0.
 187  0.
 188  0.
 189  0.
 190  0.
 191  0.
 192  0.
 193  0.
 194  0.
 195  0.
 196  0.
 197  0.
 198  0.
 199  0.
 200  0.
 201  0.
 202  0.
 203  0.
 204  0.
 205  0.
 206  0.
 207  0.
 208  0.
 209  0.
 210  0.
 211  0.
 212  0.
 213  0.
 214  0.
 215  0.
 216  0.
 217  0.
 218  0.
 219  0.
 220  0.
 221  0.
 222  0.
 223  0.
 224  0.
 225  0.
 226  0.
 227  0.
 228  0.
 229  0.
 230  0.
 231  0.
 232  0.
 233  0.
 234  0.
 235  0.
 236  0.
 237  0.
 238  0.
 239  0.
 240  0.
 241  0.
 242  0.
 243  0.
 244  0.
 245  0.
 246  0.
 247  0.
 248  0.
 249  0.
 250  0.
 251  0.
 252  0.
 253  0.
 254  0.
 255  0.
 256  0.
 257  0.
 258  0.
 259  0.
 260  0.
 261  0.
 262  0.
 263  0.
 264  0.
 265  0.
 266  0.
 267  0.
 268  0.
 269  0.
 270  0.
 271  0.
 272  0.
 273  0.
 274  0.
 275  0.
 276  0.
 277  0.
 278  0.
 279  0.
 280  0.
 281  0.
 282  0.
 283  0.
 284  0.
 285  0.
 286  0.
 287  0.
 288  0.
 289  0.
 290  0.
 291  0.
 292  0.
 293  0.
 294  0.
 295  0.
 296  0.
 297  0.
 298  0.
 299  0.
 300  0.
 301  0.
 302  0.
 303  0.
 304  0.
 305  0.
 306  0.
 307  0.
 308  0.
 309  0.
 310  0.
 311  0.
 312  0.
 313  0.
 314  0.
 315  0.
 316  0.
 317  0.
 318  0.
 319  0.
 320  0.
 321  0.
 322  0.
 323  0.
 324  0.
 325  0.
 326  0.
 327  0.
 328  0.
 329  0.
 330  0.
 331  0.
 332  0.
 333  0.
 334  0.
 335  0.
 336  0.
 337  0.
 338  0.
 339  0.
 340  0.
 341  0.
 342  0.
 343  0.
 344  0.
 345  0.
 346  0.
 347  0.
 348  0.
 349  0.
 350  0.
 351  0.
 352  0.
 353  0.
 354  0.
 355  0.
 356  0.
 357  0.
 358  0.
 359  0.
 360  0.
 361  0.
 362  0.
 363  0.
 364  0.
 365  0.
 366  0.
 367  0.
 368  0.
 369  0.
 370  0.
 371  0.
 372  0.
 373  0.
 374  0.
 375  0.
 376  0.
 377  0.
 378  0.
 379  0.
 380  0.
 381  0.
 382  0.
 383  0.
 384  0.
 385  0.
 386  0.
 387  0.
 388  0.
 389  0.
 390  0.
 391  0.
 392  0.
 393  0.
 394  0.
 395  0.
 396  0.
 397  0.
 398  0.
 399  0.
 400  0.
 401  0.
 402  0.
 403  0.
 404  0.
 405  0.
 406  0.
 407  0.
 408  0.
 409  0.
 410  0.
 411  0.
 412  0.
 413  0.
 414  0.
 415  0.
 416  0.
 417  0.
 418  0.
 419  0.
 420  0.
 421  0.
 422  0.
 423  0.
 424  0.
 425  0.
 426  0.
 427  0.
 428  0.
 429  0.
 430  0.
 431  0.
 432  0.
 433  0.
 434  0.
 435  0.
 436  0.
 437  0.
 438  0.
 439  0.
 440  0.
 441  0.
 442  0.
 443  0.
 444  0.
 445  0.
 446  0.
 447  0.
 448  0.
 449  0.
 450  0.
 451  0.
 452  0.
 453  0.
 454  0.
 455  0.
 456  0.
 457  0.
 458  0.
 459  0.
 460  0.
 461  0.
 462  0.
 463  0.
 464  0.
 465  0.
 466  0.
 467  0.
 468  0.
 469  0.
 470  0.
 471  0.
 472  0.
 473  0.
 474  0.
 475  0.
 476  0.
 477  0.
 478  0.
 479  0.
 480  0.
 481  0.
 482  0.
 483  0.
 484  0.
 485  0.
 486  0.
 487  0.
 488  0.
 489  0.
 490  0.
 491  0.
 492  0.
 493  0.
 494  0.
 495  0.
 496  0.
 497  0.
 498  0.
 499  0.
 500  0.

 1  0.
 2  0.
 3  0.
 4  0.
 5  0.
 6  0.
 7  0.
 8  0.
 9  0.
 10  0.
 11  0.
 12  0.
 13  0.
 14  0.
 15  0.
 16  0.
 17  0.
 18  0.
 19  0.
 20  0.
 21  0.
 22  0.
 23  0.
 24  0.
 25  0.
 26  0.
 27  0.
 28  0.
 29  0.
 30  0.
 31  0.
 32  0.
 33  0.
 34  0.
 35  0.
 36  0.
 37  0.
 38  0.
 39  0.
 40  0.
 41  0.
 42  0.
 43  0.
 44  0.
 45  0.
 46  0.
 47  0.
 48  0.
 49  0.
 50  0.
 51  0.
 52  0.
 53  0.
 54  0.
 55  0.
 56  0.
 57  0.
 58  0.
 59  0.
 60  0.
 61  0.
 62  0.
 63  0.
 64  0.
 65  0.
 66  0.
 67  0.
 68  0.
 69  0.
 70  0.
 71  0.
 72  0.
 73  0.
 74  0.
 75  0.
 76  0.
 77  0.
 78  0.
 79  0.
 80  0.
 81  0.
 82  0.
 83  0.
 84  0.
 85  0.
 86  0.
 87  0.
 88  0.
 89  0.
 90  0.
 91  0.
 92  0.
 93  0.
 94  0.
 95  0.
 96  0.
 97  0.
 98  0.
 99  0.
 100  0.
 101  0.
 102  0.
 103  0.
 104  0.
 105  0.
 106  0.
 107  0.
 108  0.
 109  0.
 110  0.
 111  0.
 112  0.
 113  0.
 114  0.
 115  0.
 116  0.
 117  0.
 118  0.
 119  0.
 120  0.
 121  0.
 122  0.
 123  0.
 124  0.
 125  0.
 126  0.
 127  0.
 128  0.
 129  0.
 130  0.
 131  0.
 132  0.
 133  0.
 134  0.
 135  0.
 136  0.
 137  0.
 138  0.
 139  0.
 140  0.
 141  0.
 142  0.
 143  0.
 144  0.
 145  0.
 146  0.
 147  0.
 148  0.
 149  0.
 150  0.
 151  0.
 152  0.
 153  0.
 154  0.
 155  0.
 156  0.
 157  0.
 158  0.
 159  0.
 160  0.
 161  0.
 162  0.
 163  0.
 164  0.
 165  0.
 166  0.
 167  0.
 168  0.
 169  0.
 170  0.
 171  0.
 172  0.
 173  0.
 174  0.
 175  0.
 176  0.
 177  0.
 178  0.
 179  0.
 180  0.
 181  0.
 182  0.
 183  0.
 184  0.
 185  0.
 186  0.
 187  0.
 188  0.
 189  0.
 190  0.
 191  0.
 192  0.
 193  0.
 194  0.
 195  0.
 196  0.
 197  0.
 198  0.
 199  0.
 200  0.
 201  0.
 202  0.
 203  0.
 204  0.
 205  0.
 206  0.
 207  0.
 208  0.
 209  0.
 210  0.
 211  0.
 212  0.
 213  0.
 214  0.
 215  0.
 216  0.
 217  0.
 218  0.
 219  0.
 220  0.
 221  0.
 222  0.
 223  0.
 224  0.
 225  0.
 226  0.
 227  0.
 228  0.
 229  0.
 230  0.
 231  0.
 232  0.
 233  0.
 234  0.
 235  0.
 236  0.
 237  0.
 238  0.
 239  0.
 240  0.
 241  0.
 242  0.
 243  0.
 244  0.
 245  0.
 246  0.
 247  0.
 248  0.
 249  0.
 250  0.
 251  0.
 252  0.
 253  0.
 254  0.
 255  0.
 256  0.
 257  0.
 258  0.
 259  0.
 260  0.
 261  0.
 262  0.
 263  0.
 264  0.
 265  0.
 266  0.
 267  0.
 268  0.
 269  0.
 270  0.
 271  0.
 272  0.
 273  0.
 274  0.
 275  0.
 276  0.
 277  0.
 278  0.
 279  0.
 280  0.
 281  0.
 282  0.
 283  0.
 284  0.
 285  0.
 286  0.
 287  0.
 288  0.
 289  0.
 290  0.
 291  0.
 292  0.
 293  0.
 294  0.
 295  0.
 296  0.
 297  0.
 298  0.
 299  0.
 300  0.
 301  0.
 302  0.
 303  0.
 304  0.
 305  0.
 306  0.
 307  0.
 308  0.
 309  0.
 310  0.
 311  0.
 312  0.
 313  0.
 314  0.
 315  0.
 316  0.
 317  0.
 318  0.
 319  0.
 320  0.
 321  0.
 322  0.
 323  0.
 324  0.
 325  0.
 326  0.
 327  0.
 328  0.
 329  0.
 330  0.
 331  0.
 332  0.
 333  0.
 334  0.
 335  0.
 336  0.
 337  0.
 338  0.
 339  0.
 340  0.
 341  0.
 342  0.
 343  0.
 344  0.
 345  0.
 346  0.
 347  0.
 348  0.
 349  0.
 350  0.
 351  0.
 352  0.
 353  0.
 354  0.
 355  0.
 356  0.
 357  0.
 358  0.
 359  0.
 360  0.
 361  0.
 362  0.
 363  0.
 364  0.
 365  0.
 366  0.
 367  0.
 368  0.
 369  0.
 370  0.
 371  0.
 372  0.
 373  0.
 374  0.
 375  0.
 376  0.
 377  0.
 378  0.
 379  0.
 380  0.
 381  0.
 382  0.
 383  0.
 384  0.
 385  0.
 386  0.
 387  0.
 388  0.
 389  0.
 390  0.
 391  0.
 392  0.
 393  0.
 394  0.
 395  0.
 396  0.
 397  0.
 398  0.
 399  0.
 400  0.
 401  0.
 402  0.
 403  0.
 404  0.
 405  0.
 406  0.
 407  0.
 408  0.
 409  0.
 410  0.
 411  0.
 412  0.
 413  0.
 414  0.
 415  0.
 416  0.
 417  0.
 418  0.
 419  0.
 420  0.
 421  0.
 422  0.
 423  0.
 424  0.
 425  0.
 426  0.
 427  0.
 428  0.
 429  0.
 430  0.
 431  0.
 432  0.
 433  0.
 434  0.
 435  0.
 436  0.
 437  0.
 438  0.
 439  0.
 440  0.
 441  0.
 442  0.
 443  0.
 444  0.
 445  0.
 446  0.
 447  0.
 448  0.
 449  0.
 450  0.
 451  0.
 452  0.
 453  0.
 454  0.
 455  0.
 456  0.
 457  0.
 458  0.
 459  0.
 460  0.
 461  0.
 462  0.
 463  0.
 464  0.
 465  0.
 466  0.
 467  0.
 468  0.
 469  0.
 470  0.
 471  0.
 472  0.
 473  0.
 474  0.
 475  0.
 476  0.
 477  0.
 478  0.
 479  0.
 480  0.
 481  0.
 482  0.
 483  0.
 484  0.
 485  0.
 486  0.
 487  0.
 488  0.
 489  0.
 490  0.
 491  0.
 492  0.
 493  0.
 494  0.
 495  0.
 496  0.
 497  0.
 498  0.
 499  0.
 500  0.

 1  0.
 2  0.
 3  0.
 4  0.
 5  0.
 6  0.
 7  0.
 8  0.
 9  0.
 10  0.
 11  0.
 12  0.
 13  0.
 14  0.
 15  0.
 16  0.
 17  0.
 18  0.
 19  0.
 20  0.
 21  0.
 22  0.
 23  0.
 24  0.
 25  0.
 26  0.
 27  0.
 28  0.
 29  0.
 30  0.
 31  0.
 32  0.
 33  0.
 34  0.
 35  0.
 36  0.
 37  0.
 38  0.
 39  0.
 40  0.
 41  0.
 42  0.
 43  0.
 44  0.
 45  0.
 46  0.
 47  0.
 48  0.
 49  0.
 50  0.
 51  0.
 52  0.
 53  0.
 54  0.
 55  0.
 56  0.
 57  0.
 58  0.
 59  0.
 60  0.
 61  0.
 62  0.
 63  0.
 64  0.
 65  0.
 66  0.
 67  0.
 68  0.
 69  0.
 70  0.
 71  0.
 72  0.
 73  0.
 74  0.
 75  0.
 76  0.
 77  0.
 78  0.
 79  0.
 80  0.
 81  0.
 82  0.
 83  0.
 84  0.
 85  0.
 86  0.
 87  0.
 88  0.
 89  0.
 90  0.
 91  0.
 92  0.
 93  0.
 94  0.
 95  0.
 96  0.
 97  0.
 98  0.
 99  0.
 100  0.
 101  0.
 102  0.
 103  0.
 104  0.
 105  0.
 106  0.
 107  0.
 108  0.
 109  0.
 110  0.
 111  0.
 112  0.
 113  0.
 114  0.
 115  0.
 116  0.
 117  0.
 118  0.
 119  0.
 120  0.
 121  0.
 122  0.
 123  0.
 124  0.
 125  0.
 126  0.
 127  0.
 128  0.
 129  0.
 130  0.
 131  0.
 132  0.
 133  0.
 134  0.
 135  0.
 136  0.
 137  0.
 138  0.
 139  0.
 140  0.
 141  0.
 142  0.
 143  0.
 144  0.
 145  0.
 146  0.
 147  0.
 148  0.
 149  0.
 150  0.
 151  0.
 152  0.
 153  0.
 154  0.
 155  0.
 156  0.
 157  0.
 158  0.
 159  0.
 160  0.
 161  0.
 162  0.
 163  0.
 164  0.
 165  0.
 166  0.
 167  0.
 168  0.
 169  0.
 170  0.
 171  0.
 172  0.
 173  0.
 174  0.
 175  0.
 176  0.
 177  0.
 178  0.
 179  0.
 180  0.
 181  0.
 182  0.
 183  0.
 184  0.
 185  0.
 186  0.
 187  0.
 188  0.
 189  0.
 190  0.
 191  0.
 192  0.
 193  0.
 194  0.
 195  0.
 196  0.
 197  0.
 198  0.
 199  0.
 200  0.
 201  0.
 202  0.
 203  0.
 204  0.
 205  0.
 206  0.
 207  0.
 208  0.
 209  0.
 210  0.
 211  0.
 212  0.
 213  0.
 214  0.
 215  0.
 216  0.
 217  0.
 218  0.
 219  0.
 220  0.
 221  0.
 222  0.
 223  0.
 224  0.
 225  0.
 226  0.
 227  0.
 228  0.
 229  0.
 230  0.
 231  0.
 232  0.
 233  0.
 234  0.
 235  0.
 236  0.
 237  0.
 238  0.
 239  0.
 240  0.
 241  0.
 242  0.
 243  0.
 244  0.
 245  0.
 246  0.
 247  0.
 248  0.
 249  0.
 250  0.
 251  0.
 252  0.
 253  0.
 254  0.
 255  0.
 256  0.
 257  0.
 258  0.
 259  0.
 260  0.
 261  0.
 262  0.
 263  0.
 264  0.
 265  0.
 266  0.
 267  0.
 268  0.
 269  0.
 270  0.
 271  0.
 272  0.
 273  0.
 274  0.
 275  0.
 276  0.
 277  0.
 278  0.
 279  0.
 280  0.
 281  0.
 282  0.
 283  0.
 284  0.
 285  0.
 286  0.
 287  0.
 288  0.
 289  0.
 290  0.
 291  0.
 292  0.
 293  0.
 294  0.
 295  0.
 296  0.
 297  0.
 298  0.
 299  0.
 300  0.
 301  0.
 302  0.
 303  0.
 304  0.
 305  0.
 306  0.
 307  0.
 308  0.
 309  0.
 310  0.
 311  0.
 312  0.
 313  0.
 314  0.
 315  0.
 316  0.
 317  0.
 318  0.
 319  0.
 320  0.
 321  0.
 322  0.
 323  0.
 324  0.
 325  0.
 326  0.
 327  0.
 328  0.
 329  0.
 330  0.
 331  0.
 332  0.
 333  0.
 334  0.
 335  0.
 336  0.
 337  0.
 338  0.
 339  0.
 340  0.
 341  0.
 342  0.
 343  0.
 344  0.
 345  0.
 346  0.
 347  0.
 348  0.
 349  0.
 350  0.
 351  0.
 352  0.
 353  0.
 354  0.
 355  0.
 356  0.
 357  0.
 358  0.
 359  0.
 360  0.
 361  0.
 362  0.
 363  0.
 364  0.
 365  0.
 366  0.
 367  0.
 368  0.
 369  0.
 370  0.
 371  0.
 372  0.
 373  0.
 374  0.
 375  0.
 376  0.
 377  0.
 378  0.
 379  0.
 380  0.
 381  0.
 382  0.
 383  0.
 384  0.
 385  0.
 386  0.
 387  0.
 388  0.
 389  0.
 390  0.
 391  0.
 392  0.
 393  0.
 394  0.
 395  0.
 396  0.
 397  0.
 398  0.
 399  0.
 400  0.
 401  0.
 402  0.
 403  0.
 404  0.
 405  0.
 406  0.
 407  0.
 408  0.
 409  0.
 410  0.
 411  0.
 412  0.
 413  0.
 414  0.
 415  0.
 416  0.
 417  0.
 418  0.
 419  0.
 420  0.
 421  0.
 422  0.
 423  0.
 424  0.
 425  0.
 426  0.
 427  0.
 428  0.
 429  0.
 430  0.
 431  0.
 432  0.
 433  0.
 434  0.
 435  0.
 436  0.
 437  0.
 438  0.
 439  0.
 440  0.
 441  0.
 442  0.
 443  0.
 444  0.
 445  0.
 446  0.
 447  0.
 448  0.
 449  0.
 450  0.
 451  0.
 452  0.
 453  0.
 454  0.
 455  0.
 456  0.
 457  0.
 458  0.
 459  0.
 460  0.
 461  0.
 462  0.
 463  0.
 464  0.
 465  0.
 466  0.
 467  0.
 468  0.
 469  0.
 470  0.
 471  0.
 472  0.
 473  0.
 474  0.
 475  0.
 476  0.
 477  0.
 478  0.
 479  0.
 480  0.
 481  0.
 482  0.
 483  0.
 484  0.
 485  0.
 486  0.
 487  0.
 488  0.
 489  0.
 490  0.
 491  0.
 492  0.
 493  0.
 494  0.
 495  0.
 496  0.
 497  0.
 498  0.
 499  0.
 500  0.

 1  0.
 2  0.
 3  0.
 4  0.
 5  0.
 6  0.
 7  0.
 8  0.
 9  0.
 10  0.
 11  0.
 12  0.
 13  0.
 14  0.
 15  0.
 16  0.
 17  0.
 18  0.
 19  0.
 20  0.
 21  0.
 22  0.
 23  0.
 24  0.
 25  0.
 26  0.
 27  0.
 28  0.
 29  0.
 30  0.
 31  0.
 32  0.
 33  0.
 34  0.
 35  0.
 36  0.
 37  0.
 38  0.
 39  0.
 40  0.
 41  0.
 42  0.
 43  0.
 44  0.
 45  0.
 46  0.
 47  0.
 48  0.
 49  0.
 50  0.
 51  0.
 52  0.
 53  0.
 54  0.
 55  0.
 56  0.
 57  0.
 58  0.
 59  0.
 60  0.
 61  0.
 62  0.
 63  0.
 64  0.
 65  0.
 66  0.
 67  0.
 68  0.
 69  0.
 70  0.
 71  0.
 72  0.
 73  0.
 74  0.
 75  0.
 76  0.
 77  0.
 78  0.
 79  0.
 80  0.
 81  0.
 82  0.
 83  0.
 84  0.
 85  0.
 86  0.
 87  0.
 88  0.
 89  0.
 90  0.
 91  0.
 92  0.
 93  0.
 94  0.
 95  0.
 96  0.
 97  0.
 98  0.
 99  0.
 100  0.
 101  0.
 102  0.
 103  0.
 104  0.
 105  0.
 106  0.
 107  0.
 108  0.
 109  0.
 110  0.
 111  0.
 112  0.
 113  0.
 114  0.
 115  0.
 116  0.
 117  0.
 118  0.
 119  0.
 120  0.
 121  0.
 122  0.
 123  0.
 124  0.
 125  0.
 126  0.
 127  0.
 128  0.
 129  0.
 130  0.
 131  0.
 132  0.
 133  0.
 134  0.
 135  0.
 136  0.
 137  0.
 138  0.
 139  0.
 140  0.
 141  0.
 142  0.
 143  0.
 144  0.
 145  0.
 146  0.
 147  0.
 148  0.
 149  0.
 150  0.
 151  0.
 152  0.
 153  0.
 154  0.
 155  0.
 156  0.
 157  0.
 158  0.
 159  0.
 160  0.
 161  0.
 162  0.
 163  0.
 164  0.
 165  0.
 166  0.
 167  0.
 168  0.
 169  0.
 170  0.
 171  0.
 172  0.
 173  0.
 174  0.
 175  0.
 176  0.
 177  0.
 178  0.
 179  0.
 180  0.
 181  0.
 182  0.
 183  0.
 184  0.
 185  0.
 186  0.
 187  0.
 188  0.
 189  0.
 190  0.
 191  0.
 192  0.
 193  0.
 194  0.
 195  0.
 196  0.
 197  0.
 198  0.
 199  0.
 200  0.
 201  0.
 202  0.
 203  0.
 204  0.
 205  0.
 206  0.
 207  0.
 208  0.
 209  0.
 210  0.
 211  0.
 212  0.
 213  0.
 214  0.
 215  0.
 216  0.
 217  0.
 218  0.
 219  0.
 220  0.
 221  0.
 222  0.
 223  0.
 224  0.
 225  0.
 226  0.
 227  0.
 228  0.
 229  0.
 230  0.
 231  0.
 232  0.
 233  0.
 234  0.
 235  0.
 236  0.
 237  0.
 238  0.
 239  0.
 240  0.
 241  0.
 242  0.
 243  0.
 244  0.
 245  0.
 246  0.
 247  0.
 248  0.
 249  0.
 250  0.
 251  0.
 252  0.
 253  0.
 254  0.
 255  0.
 256  0.
 257  0.
 258  0.
 259  0.
 260  0.
 261  0.
 262  0.
 263  0.
 264  0.
 265  0.
 266  0.
 267  0.
 268  0.
 269  0.
 270  0.
 271  0.
 272  0.
 273  0.
 274  0.
 275  0.
 276  0.
 277  0.
 278  0.
 279  0.
 280  0.
 281  0.
 282  0.
 283  0.
 284  0.
 285  0.
 286  0.
 287  0.
 288  0.
 289  0.
 290  0.
 291  0.
 292  0.
 293  0.
 294  0.
 295  0.
 296  0.
 297  0.
 298  0.
 299  0.
 300  0.
 301  0.
 302  0.
 303  0.
 304  0.
 305  0.
 306  0.
 307  0.
 308  0.
 309  0.
 310  0.
 311  0.
 312  0.
 313  0.
 314  0.
 315  0.
 316  0.
 317  0.
 318  0.
 319  0.
 320  0.
 321  0.
 322  0.
 323  0.
 324  0.
 325  0.
 326  0.
 327  0.
 328  0.
 329  0.
 330  0.
 331  0.
 332  0.
 333  0.
 334  0.
 335  0.
 336  0.
 337  0.
 338  0.
 339  0.
 340  0.
 341  0.
 342  0.
 343  0.
 344  0.
 345  0.
 346  0.
 347  0.
 348  0.
 349  0.
 350  0.
 351  0.
 352  0.
 353  0.
 354  0.
 355  0.
 356  0.
 357  0.
 358  0.
 359  0.
 360  0.
 361  0.
 362  0.
 363  0.
 364  0.
 365  0.
 366  0.
 367  0.
 368  0.
 369  0.
 370  0.
 371  0.
 372  0.
 373  0.
 374  0.
 375  0.
 376  0.
 377  0.
 378  0.
 379  0.
 380  0.
 381  0.
 382  0.
 383  0.
 384  0.
 385  0.
 386  0.
 387  0.
 388  0.
 389  0.
 390  0.
 391  0.
 392  0.
 393  0.
 394  0.
 395  0.
 396  0.
 397  0.
 398  0.
 399  0.
 400  0.
 401  0.
 402  0.
 403  0.
 404  0.
 405  0.
 406  0.
 407  0.
 408  0.
 409  0.
 410  0.
 411  0.
 412  0.
 413  0.
 414  0.
 415  0.
 416  0.
 417  0.
 418  0.
 419  0.
 420  0.
 421  0.
 422  0.
 423  0.
 424  0.
 425  0.
 426  0.
 427  0.
 428  0.
 429  0.
 430  0.
 431  0.
 432  0.
 433  0.
 434  0.
 435  0.
 436  0.
 437  0.
 438  0.
 439  0.
 440  0.
 441  0.
 442  0.
 443  0.
 444  0.
 445  0.
 446  0.
 447  0.
 448  0.
 449  0.
 450  0.
 451  0.
 452  0.
 453  0.
 454  0.
 455  0.
 456  0.
 457  0.
 458  0.
 459  0.
 460  0.
 461  0.
 462  0.
 463  0.
 464  0.
 465  0.
 466  0.
 467  0.
 468  0.
 469  0.
 470  0.
 471  0.
 472  0.
 473  0.
 474  0.
 475  0.
 476  0.
 477  0.
 478  0.
 479  0.
 480  0.
 481  0.
 482  0.
 483  0.
 484  0.
 485  0.
 486  0.
 487  0.
 488  0.
 489  0.
 490  0.
 491  0.
 492  0.
 493  0.
 494  0.
 495  0.
 496  0.
 497  0.
 498  0.
 499  0.
 500  0.

