datetime_str,log_return
2025-05-21 18:00:00,0.0111753917
2025-05-21 19:00:00,0.0121818992
2025-05-21 20:00:00,0.0003676374
2025-05-21 21:00:00,-0.0001181544
2025-05-21 22:00:00,0.0121620123
2025-05-21 23:00:00,-0.0017915103
2025-05-22 00:00:00,0.0088097179
2025-05-22 01:00:00,-0.0048156777
2025-05-22 02:00:00,0.0106588036
2025-05-22 03:00:00,0.0100774812
2025-05-22 04:00:00,0.0013301159
2025-05-22 05:00:00,-0.0066428548
2025-05-22 06:00:00,0.0027361539
2025-05-22 07:00:00,0.0088946833
2025-05-22 08:00:00,0.0065412639
2025-05-22 09:00:00,0.0045697527
2025-05-22 10:00:00,-0.0049076942
2025-05-22 11:00:00,0.0044715979
2025-05-22 12:00:00,0.0032101957
2025-05-22 13:00:00,-0.0090221672
2025-05-22 14:00:00,0.0048893127
2025-05-22 15:00:00,0.0013462979
2025-05-22 16:00:00,-0.0024321353
2025-05-22 17:00:00,0.0044233249
2025-05-22 18:00:00,0.0022353593
2025-05-22 19:00:00,-0.0051612857
2025-05-22 20:00:00,-0.0018221306
2025-05-22 21:00:00,0.0014604647
2025-05-22 22:00:00,0.0013711439
2025-05-22 23:00:00,0.0067534272
2025-05-23 00:00:00,0.0040376656
2025-05-23 01:00:00,0.0058362219
2025-05-23 02:00:00,0.0123943877
2025-05-23 03:00:00,0.0149403495
2025-05-23 04:00:00,-0.0117992639
2025-05-23 05:00:00,-0.0090634329
2025-05-23 06:00:00,-0.0177078367
2025-05-23 07:00:00,0.0008297471
2025-05-23 08:00:00,0.0108592335
2025-05-23 09:00:00,0.0079644766
2025-05-23 10:00:00,-0.0081359275
2025-05-23 11:00:00,-0.0464517816
2025-05-23 12:00:00,-0.0075855016
2025-05-23 13:00:00,0.0165390506
2025-05-23 14:00:00,0.0012580456
2025-05-23 15:00:00,-0.0125622247
2025-05-23 16:00:00,0.0012081177
2025-05-23 17:00:00,0.0039739057
2025-05-23 18:00:00,-0.0103264059
2025-05-23 19:00:00,-0.0004395945
2025-05-23 20:00:00,-0.0108570229
2025-05-23 21:00:00,-0.0035622648
2025-05-23 22:00:00,-0.0058818668
2025-05-23 23:00:00,-0.0136730872
2025-05-24 00:00:00,0.0029390568
2025-05-24 01:00:00,-0.001161231
2025-05-24 02:00:00,0.0076896848
2025-05-24 03:00:00,0.0097462674
2025-05-24 04:00:00,0.0050140511
2025-05-24 05:00:00,-0.0094467816
2025-05-24 06:00:00,-0.0019529452
2025-05-24 07:00:00,0.0006866046
2025-05-24 08:00:00,0.001609032
2025-05-24 09:00:00,-0.0026391158
2025-05-24 10:00:00,0.0107894625
2025-05-24 11:00:00,-0.0054261769
2025-05-24 12:00:00,-0.0009203866
2025-05-24 13:00:00,-0.0040597952
2025-05-24 14:00:00,0.0052561327
2025-05-24 15:00:00,-0.0032373561
2025-05-24 16:00:00,0.0013040989
2025-05-24 17:00:00,-0.0014622871
2025-05-24 18:00:00,-0.0048632957
2025-05-24 19:00:00,-0.0003577509
2025-05-24 20:00:00,-0.0033850863
2025-05-24 21:00:00,-0.0019699457
2025-05-24 22:00:00,-0.0038579419
2025-05-24 23:00:00,-0.0009233055
2025-05-25 00:00:00,-0.0147813181
2025-05-25 01:00:00,0.0022664206
2025-05-25 02:00:00,0.0023153957
2025-05-25 03:00:00,0.0075586964
2025-05-25 04:00:00,-0.002365211
2025-05-25 05:00:00,-0.001063479
2025-05-25 06:00:00,-0.0026974189
2025-05-25 07:00:00,-0.0022985408
2025-05-25 08:00:00,-0.0115041601
2025-05-25 09:00:00,0.0007665143
2025-05-25 10:00:00,0.0031011166
2025-05-25 11:00:00,0.0081101903
2025-05-25 12:00:00,0.0056530483
2025-05-25 13:00:00,0.0115835543
2025-05-25 14:00:00,-0.0097689523
2025-05-25 15:00:00,-0.0040908659
2025-05-25 16:00:00,0.0015629635
2025-05-25 17:00:00,0.0014395364
2025-05-25 18:00:00,0.0050020555
2025-05-25 19:00:00,0.0002407544
2025-05-25 20:00:00,-0.0021152695
2025-05-25 21:00:00,0.0004823539
2025-05-25 22:00:00,0.0165661938
2025-05-25 23:00:00,0.0004083541
2025-05-26 00:00:00,0.0054113823
2025-05-26 01:00:00,-0.0016911937
2025-05-26 02:00:00,-0.0029960994
2025-05-26 03:00:00,0.0046217963
2025-05-26 04:00:00,-0.0022294506
2025-05-26 05:00:00,0.0056296135
2025-05-26 06:00:00,0.0041430045
2025-05-26 07:00:00,0.0079640422
2025-05-26 08:00:00,-0.0086013121
2025-05-26 09:00:00,-0.0029575605
2025-05-26 10:00:00,-0.0025868841
2025-05-26 11:00:00,0.002873903
2025-05-26 12:00:00,0.0062807007
2025-05-26 13:00:00,-0.0122992192
2025-05-26 14:00:00,-0.0009321806
2025-05-26 15:00:00,0.0110642706
2025-05-26 16:00:00,-0.0132208042
2025-05-26 17:00:00,-0.0060869925
2025-05-26 18:00:00,0.0038994134
2025-05-26 19:00:00,-0.0037272542
2025-05-26 20:00:00,0.0026184603
2025-05-26 21:00:00,0.0007261349
2025-05-26 22:00:00,-0.0030268407
2025-05-26 23:00:00,0.0040689128
2025-05-27 00:00:00,-0.004148342
2025-05-27 01:00:00,-0.0063881857
2025-05-27 02:00:00,0.0010919358
2025-05-27 03:00:00,0.0039715008
2025-05-27 04:00:00,0.0021584409
2025-05-27 05:00:00,-0.0002910515
2025-05-27 06:00:00,0.0069882408
2025-05-27 07:00:00,0.005098207
2025-05-27 08:00:00,0.0058134394
2025-05-27 09:00:00,-0.0013786109
2025-05-27 10:00:00,0.0008195922
2025-05-27 11:00:00,0.0005200276
2025-05-27 12:00:00,-0.0036589297
2025-05-27 13:00:00,0.0010691144
2025-05-27 14:00:00,-0.0077968004
2025-05-27 15:00:00,0.0088517559
2025-05-27 16:00:00,0.001547857
2025-05-27 17:00:00,0.0046421847
2025-05-27 18:00:00,-0.0095280288
2025-05-27 19:00:00,-0.0020657383
2025-05-27 20:00:00,0.0017260998
2025-05-27 21:00:00,-0.0051609975
2025-05-27 22:00:00,-0.0022614033
2025-05-27 23:00:00,-0.0013566647
2025-05-28 00:00:00,-0.0022960305
2025-05-28 01:00:00,0.0017159229
2025-05-28 02:00:00,-0.0037789245
2025-05-28 03:00:00,-0.0003707333
2025-05-28 04:00:00,0.0041232812
2025-05-28 05:00:00,-0.0069745719
2025-05-28 06:00:00,-0.0077995716
2025-05-28 07:00:00,0.0053262976
2025-05-28 08:00:00,0.0028185136
2025-05-28 09:00:00,-0.0018470907
2025-05-28 10:00:00,0.0080279155
2025-05-28 11:00:00,0.0016084168
2025-05-28 12:00:00,-0.0012654225
2025-05-28 13:00:00,-0.0107279097
2025-05-28 14:00:00,-0.0029908561
2025-05-28 15:00:00,-0.0070989381
2025-05-28 16:00:00,0.0039515649
2025-05-28 17:00:00,0.0021707388
2025-05-28 18:00:00,-0.0071598229
2025-05-28 19:00:00,-0.0114706901
2025-05-28 20:00:00,0.0076075953
2025-05-28 21:00:00,0.0050622083
2025-05-28 22:00:00,-0.0004983333
2025-05-28 23:00:00,0.0073955602
2025-05-29 00:00:00,0.0123465742
2025-05-29 01:00:00,-0.0047796618
2025-05-29 02:00:00,0.0149380371
2025-05-29 03:00:00,-0.0091946216
2025-05-29 04:00:00,-0.0090269232
2025-05-29 05:00:00,-0.002519783
2025-05-29 06:00:00,0.0038504374
2025-05-29 07:00:00,-0.0019833221
2025-05-29 08:00:00,0.0040423437
2025-05-29 09:00:00,-0.0012880525
2025-05-29 10:00:00,0.0010226104
2025-05-29 11:00:00,0.0030218711
2025-05-29 12:00:00,-0.0081053873
2025-05-29 13:00:00,-0.0081716218
2025-05-29 14:00:00,0.0007260895
2025-05-29 15:00:00,-0.0083278139
2025-05-29 16:00:00,-0.0045780348
2025-05-29 17:00:00,0.00470001
2025-05-29 18:00:00,-0.0082873966
2025-05-29 19:00:00,-0.0063468777
2025-05-29 20:00:00,0.0033909274
2025-05-29 21:00:00,0.0069789482
2025-05-29 22:00:00,-0.0080622456
2025-05-29 23:00:00,-0.0098167064
2025-05-30 00:00:00,-0.043337024
2025-05-30 01:00:00,0.0191603921
2025-05-30 02:00:00,0.0063812995
2025-05-30 03:00:00,0.0006908658
2025-05-30 04:00:00,0.000662219
2025-05-30 05:00:00,-0.0003380996
2025-05-30 06:00:00,-0.0160210218
2025-05-30 07:00:00,0.0033161363
2025-05-30 08:00:00,0.0024372006
2025-05-30 09:00:00,-0.0001138887
2025-05-30 10:00:00,0.008209377
2025-05-30 11:00:00,0.0034254091
2025-05-30 12:00:00,-0.0054466827
2025-05-30 13:00:00,-0.0101109357
2025-05-30 14:00:00,0.0035526043
2025-05-30 15:00:00,0.0008826252
2025-05-30 16:00:00,-0.0159064762
2025-05-30 17:00:00,0.0083935504
2025-05-30 18:00:00,0.0125517209
2025-05-30 19:00:00,0.0082062444
2025-05-30 20:00:00,-0.0069469677
2025-05-30 21:00:00,-0.0018540933
2025-05-30 22:00:00,-0.020191432
2025-05-30 23:00:00,-0.0035043551
2025-05-31 00:00:00,-0.0209472417
2025-05-31 01:00:00,-0.0050641291
2025-05-31 02:00:00,-0.0081173038
2025-05-31 03:00:00,-0.0038348507
2025-05-31 04:00:00,0.0057093217
2025-05-31 05:00:00,8.98863e-05
2025-05-31 06:00:00,0.0031857402
2025-05-31 07:00:00,-0.0035753058
2025-05-31 08:00:00,0.0052761895
2025-05-31 09:00:00,-0.0053960864
2025-05-31 10:00:00,-0.0004347468
2025-05-31 11:00:00,-0.0051714663
2025-05-31 12:00:00,0.0179251069
2025-05-31 13:00:00,0.0018045207
2025-05-31 14:00:00,0.004732463
2025-05-31 15:00:00,0.0014109765
2025-05-31 16:00:00,0.0070251731
2025-05-31 17:00:00,-0.0056455183
2025-05-31 18:00:00,0.0077580361
2025-05-31 19:00:00,0.0040087782
2025-05-31 20:00:00,-0.0002029574
2025-05-31 21:00:00,0.0012750483
2025-05-31 22:00:00,-0.0040335506
2025-05-31 23:00:00,-0.0021540127
2025-06-01 00:00:00,-0.0067100119
2025-06-01 01:00:00,-0.0078339379
2025-06-01 02:00:00,0.0019052267
2025-06-01 03:00:00,0.0017690509
2025-06-01 04:00:00,0.0083751232
2025-06-01 05:00:00,-0.0060800258
2025-06-01 06:00:00,-0.0079226741
2025-06-01 07:00:00,-0.0018532389
2025-06-01 08:00:00,-0.0081803399
2025-06-01 09:00:00,-0.0157279335
2025-06-01 10:00:00,0.0040801215
2025-06-01 11:00:00,0.0055699518
2025-06-01 12:00:00,-0.0066452452
2025-06-01 13:00:00,0.0058621952
2025-06-01 14:00:00,0.0102961591
2025-06-01 15:00:00,0.0072054449
2025-06-01 16:00:00,0.0106311924
2025-06-01 17:00:00,0.0001611002
2025-06-01 18:00:00,-0.0098157589
2025-06-01 19:00:00,0.0037051021
2025-06-01 20:00:00,-0.0009729205
2025-06-01 21:00:00,0.0055007419
2025-06-01 22:00:00,-2.93354e-05
2025-06-01 23:00:00,0.0056312632
2025-06-02 00:00:00,-0.0024826229
2025-06-02 01:00:00,0.0025993005
2025-06-02 02:00:00,-0.009730868
2025-06-02 03:00:00,0.0008390559
2025-06-02 04:00:00,-0.0029471596
2025-06-02 05:00:00,0.0014304572
2025-06-02 06:00:00,0.0039709438
2025-06-02 07:00:00,-0.0041772753
2025-06-02 08:00:00,-0.009150739
2025-06-02 09:00:00,-0.0044724794
2025-06-02 10:00:00,-0.0020940223
2025-06-02 11:00:00,-0.000659028
2025-06-02 12:00:00,0.0061241752
2025-06-02 13:00:00,-0.0021615828
2025-06-02 14:00:00,0.0032926868
2025-06-02 15:00:00,0.0037265556
2025-06-02 16:00:00,-0.0013791367
2025-06-02 17:00:00,0.0009048096
2025-06-02 18:00:00,0.0001186029
2025-06-02 19:00:00,-0.0028206251
2025-06-02 20:00:00,0.0134230203
2025-06-02 21:00:00,0.0034849363
2025-06-02 22:00:00,0.0052047383
2025-06-02 23:00:00,0.0026285041
2025-06-03 00:00:00,0.0100578774
2025-06-03 01:00:00,0.0117331025
2025-06-03 02:00:00,-0.0075350578
2025-06-03 03:00:00,-0.0050167809
2025-06-03 04:00:00,-0.0067187888
2025-06-03 05:00:00,0.0074226551
2025-06-03 06:00:00,0.0024524756
2025-06-03 07:00:00,-0.0058759049
2025-06-03 08:00:00,-0.002394727
2025-06-03 09:00:00,0.004381168
2025-06-03 10:00:00,1.43801e-05
2025-06-03 11:00:00,-0.0047855947
2025-06-03 12:00:00,-0.0015761812
2025-06-03 13:00:00,-0.0016511453
2025-06-03 14:00:00,0.0106840318
2025-06-03 15:00:00,-0.0048160301
2025-06-03 16:00:00,-0.0101970756
2025-06-03 17:00:00,0.0041116149
2025-06-03 18:00:00,-0.0025986673
2025-06-03 19:00:00,0.0046409179
2025-06-03 20:00:00,-0.0117746876
2025-06-03 21:00:00,-0.0096950306
2025-06-03 22:00:00,0.0139609869
2025-06-03 23:00:00,-0.0022768082
2025-06-04 00:00:00,0.0092066012
2025-06-04 01:00:00,0.0045500913
2025-06-04 02:00:00,0.0013825883
2025-06-04 03:00:00,0.0024723668
2025-06-04 04:00:00,-1.43566e-05
2025-06-04 05:00:00,-0.0067415986
2025-06-04 06:00:00,0.0034629071
2025-06-04 07:00:00,0.0033217606
2025-06-04 08:00:00,0.0009327087
2025-06-04 09:00:00,0.0033648612
2025-06-04 10:00:00,-0.003967435
2025-06-04 11:00:00,-0.0052375728
2025-06-04 12:00:00,-0.0072540153
2025-06-04 13:00:00,-0.0027065585
2025-06-04 14:00:00,-0.0015749183
2025-06-04 15:00:00,0.0050658817
2025-06-04 16:00:00,-0.0006972184
2025-06-04 17:00:00,-0.0107813818
2025-06-04 18:00:00,-0.0061141545
2025-06-04 19:00:00,-0.0034047373
2025-06-04 20:00:00,-0.0105540303
2025-06-04 21:00:00,0.0086244734
2025-06-04 22:00:00,-0.0068277968
2025-06-04 23:00:00,-0.0043625312
2025-06-05 00:00:00,0.0056033467
2025-06-05 01:00:00,-0.0006127405
2025-06-05 02:00:00,0.0066156334
2025-06-05 03:00:00,0.0036614602
2025-06-05 04:00:00,0.0040608143
2025-06-05 05:00:00,-0.0079599172
2025-06-05 06:00:00,0.0041801991
2025-06-05 07:00:00,0.0012713432
2025-06-05 08:00:00,0.0032449363
2025-06-05 09:00:00,0.0008684453
2025-06-05 10:00:00,0.0002353807
2025-06-05 11:00:00,0.002380114
2025-06-05 12:00:00,0.0107861426
2025-06-05 13:00:00,-0.0194670469
2025-06-05 14:00:00,-0.0007700282
2025-06-05 15:00:00,0.0026481852
2025-06-05 16:00:00,-0.0232730276
2025-06-05 17:00:00,0.0014960222
2025-06-05 18:00:00,-0.0023583847
2025-06-05 19:00:00,-0.0268912166
2025-06-05 20:00:00,-0.036158053
2025-06-05 21:00:00,0.0179733089
2025-06-05 22:00:00,-0.0040457301
2025-06-05 23:00:00,-0.0009224946
2025-06-06 00:00:00,0.000524972
2025-06-06 01:00:00,0.0056933222
2025-06-06 02:00:00,-0.0010600847
2025-06-06 03:00:00,0.0072399505
2025-06-06 04:00:00,0.0049227974
2025-06-06 05:00:00,0.0015939247
2025-06-06 06:00:00,-0.0030807509
2025-06-06 07:00:00,0.0011583496
2025-06-06 08:00:00,0.0023595051
2025-06-06 09:00:00,0.0028520907
2025-06-06 10:00:00,0.0049677972
2025-06-06 11:00:00,0.0077592115
2025-06-06 12:00:00,0.0112612254
2025-06-06 13:00:00,0.0044722455
2025-06-06 14:00:00,0.0116248029
2025-06-06 15:00:00,-0.0030247695
2025-06-06 16:00:00,-0.0007201044
2025-06-06 17:00:00,-0.0019378541
2025-06-06 18:00:00,-0.0038266314
2025-06-06 19:00:00,0.0013274205
2025-06-06 20:00:00,0.0041668921
2025-06-06 21:00:00,-0.0053735651
2025-06-06 22:00:00,-0.0047806445
2025-06-06 23:00:00,-0.005520045
2025-06-07 00:00:00,0.0046552752
2025-06-07 01:00:00,-0.0033904264
2025-06-07 02:00:00,0.0034056043
2025-06-07 03:00:00,0.0048753257
2025-06-07 04:00:00,-0.0047387355
2025-06-07 05:00:00,0.0088987511
2025-06-07 06:00:00,0.0033785591
2025-06-07 07:00:00,0.0041288374
2025-06-07 08:00:00,-0.0074472335
2025-06-07 09:00:00,0.0007817903
2025-06-07 10:00:00,0.0036752338
2025-06-07 11:00:00,8.98365e-05
2025-06-07 12:00:00,0.0005238854
2025-06-07 13:00:00,0.0020778685
2025-06-07 14:00:00,-0.0017487095
2025-06-07 15:00:00,-0.0015419973
2025-06-07 16:00:00,-0.0070666359
2025-06-07 17:00:00,-9.0536e-05
2025-06-07 18:00:00,0.0005883374
2025-06-07 19:00:00,0.0014467421
2025-06-07 20:00:00,0.0027520677
2025-06-07 21:00:00,0.0057801898
2025-06-07 22:00:00,-0.0030206986
2025-06-07 23:00:00,-0.0041721756
2025-06-08 00:00:00,-0.0087003041
2025-06-08 01:00:00,0.0041179111
2025-06-08 02:00:00,-0.0034961102
2025-06-08 03:00:00,-0.0016387476
2025-06-08 04:00:00,0.0022147059
2025-06-08 05:00:00,-0.0013039591
2025-06-08 06:00:00,0.0036951823
2025-06-08 07:00:00,0.0014501075
2025-06-08 08:00:00,-0.0024028846
2025-06-08 09:00:00,-0.0074568843
2025-06-08 10:00:00,0.000929446
2025-06-08 11:00:00,0.0112220346
2025-06-08 12:00:00,0.0035027885
2025-06-08 13:00:00,0.0049401298
2025-06-08 14:00:00,-0.0013747966
2025-06-08 15:00:00,0.0018226915
2025-06-08 16:00:00,0.0051512739
2025-06-08 17:00:00,-0.0031978133
2025-06-08 18:00:00,0.0042515933
2025-06-08 19:00:00,0.0001334985
2025-06-08 20:00:00,0.0014969286
2025-06-08 21:00:00,0.0034447871
2025-06-08 22:00:00,-0.0111310143
2025-06-08 23:00:00,-0.0010153649
2025-06-09 00:00:00,-0.0010313517
2025-06-09 01:00:00,-0.0055787314
2025-06-09 02:00:00,0.0011723155
2025-06-09 03:00:00,-0.0018342284
2025-06-09 04:00:00,-0.0067190855
2025-06-09 05:00:00,-0.002047332
2025-06-09 06:00:00,0.0075316821
2025-06-09 07:00:00,-0.0013116931
2025-06-09 08:00:00,0.0014924813
2025-06-09 09:00:00,0.008788958
2025-06-09 10:00:00,0.0093930897
2025-06-09 11:00:00,-0.0006362971
2025-06-09 12:00:00,-0.001258989
2025-06-09 13:00:00,-0.0122276433
2025-06-09 14:00:00,0.0038035955
2025-06-09 15:00:00,0.0090315227
2025-06-09 16:00:00,0.00726106
2025-06-09 17:00:00,0.0044163786
2025-06-09 18:00:00,0.0010242754
2025-06-09 19:00:00,-0.0027092945
2025-06-09 20:00:00,0.0072764786
2025-06-09 21:00:00,0.0139223449
2025-06-09 22:00:00,0.0159237673
2025-06-09 23:00:00,-0.0026883638
2025-06-10 00:00:00,0.0115790619
2025-06-10 01:00:00,-0.0021591316
2025-06-10 02:00:00,0.0004350053
2025-06-10 03:00:00,-0.0074774863
2025-06-10 04:00:00,-0.003681785
2025-06-10 05:00:00,-0.01013804
2025-06-10 06:00:00,0.0023475869
2025-06-10 07:00:00,-0.0048299925
2025-06-10 08:00:00,-0.0084257193
2025-06-10 09:00:00,0.0045679342
2025-06-10 10:00:00,-0.0049302136
2025-06-10 11:00:00,0.0215361175
2025-06-10 12:00:00,0.0103439223
2025-06-10 13:00:00,-0.0167333566
2025-06-10 14:00:00,-0.0096829785
2025-06-10 15:00:00,0.0042720662
2025-06-10 16:00:00,0.0002152775
2025-06-10 17:00:00,0.0070070357
2025-06-10 18:00:00,0.0087962545
2025-06-10 19:00:00,0.0012140378
2025-06-10 20:00:00,-0.001878147
2025-06-10 21:00:00,0.0012854289
2025-06-10 22:00:00,0.0085322231
2025-06-10 23:00:00,0.0026837398
2025-06-11 00:00:00,-0.0066807439
2025-06-11 01:00:00,-0.0014625437
2025-06-11 02:00:00,0.0016873607
2025-06-11 03:00:00,0.0113019231
2025-06-11 04:00:00,-0.000514121
2025-06-11 05:00:00,0.0008335765
2025-06-11 06:00:00,0.0073332371
2025-06-11 07:00:00,-0.0026641835
2025-06-11 08:00:00,-0.0029623909
2025-06-11 09:00:00,-0.0114892508
2025-06-11 10:00:00,0.0084902482
2025-06-11 11:00:00,-0.006318938
2025-06-11 12:00:00,0.0118932276
2025-06-11 13:00:00,-0.0052823249
2025-06-11 14:00:00,0.0075889079
2025-06-11 15:00:00,0.000606838
2025-06-11 16:00:00,-0.0064041161
2025-06-11 17:00:00,-0.0142688867
2025-06-11 18:00:00,-0.0026073797
2025-06-11 19:00:00,-0.0060583941
2025-06-11 20:00:00,0.0011635663
2025-06-11 21:00:00,-0.0110372304
2025-06-11 22:00:00,-0.0067043858
2025-06-11 23:00:00,0.0068334283
2025-06-12 00:00:00,0.0021482593
2025-06-12 01:00:00,-0.0033389491
2025-06-12 02:00:00,-0.0031197236
2025-06-12 03:00:00,-0.0047485458
2025-06-12 04:00:00,-0.0021290008
2025-06-12 05:00:00,0.0058546907
2025-06-12 06:00:00,-0.0010527607
2025-06-12 07:00:00,-0.0081421405
2025-06-12 08:00:00,-0.0018345957
2025-06-12 09:00:00,0.0003351377
2025-06-12 10:00:00,-0.0059324808
2025-06-12 11:00:00,-0.0073104149
2025-06-12 12:00:00,0.0078085761
2025-06-12 13:00:00,0.0016831202
2025-06-12 14:00:00,0.0069366799
2025-06-12 15:00:00,-0.0163102793
2025-06-12 16:00:00,0.0082030332
2025-06-12 17:00:00,0.0057518407
2025-06-12 18:00:00,-0.0115958606
2025-06-12 19:00:00,-0.0154040977
2025-06-12 20:00:00,-0.0098136509
2025-06-12 21:00:00,-0.0049811229
2025-06-12 22:00:00,0.0021680965
2025-06-12 23:00:00,0.0074989224
2025-06-13 00:00:00,-0.0473886665
2025-06-13 01:00:00,-0.0115087744
2025-06-13 02:00:00,-0.0053394848
2025-06-13 03:00:00,0.0195241198
2025-06-13 04:00:00,-0.0057540733
2025-06-13 05:00:00,0.0005848
2025-06-13 06:00:00,0.0031394228
2025-06-13 07:00:00,0.0019355302
2025-06-13 08:00:00,7.86009e-05
2025-06-13 09:00:00,-0.0037640507
2025-06-13 10:00:00,0.0075296471
2025-06-13 11:00:00,0.004671555
2025-06-13 12:00:00,-0.0055489267
2025-06-13 13:00:00,-0.0020240222
2025-06-13 14:00:00,-0.0035401052
2025-06-13 15:00:00,0.0047016731
2025-06-13 16:00:00,0.0070035304
2025-06-13 17:00:00,-0.006423252
2025-06-13 18:00:00,-0.0082337385
2025-06-13 19:00:00,-0.0004427298
2025-06-13 20:00:00,0.0048907568
2025-06-13 21:00:00,0.0057279767
2025-06-13 22:00:00,0.0002346959
2025-06-13 23:00:00,0.0038100043
2025-06-14 00:00:00,-0.0041698938
2025-06-14 01:00:00,-0.002821009
2025-06-14 02:00:00,-0.0023254728
2025-06-14 03:00:00,0.0006919218
2025-06-14 04:00:00,0.0040319156
2025-06-14 05:00:00,-0.0008928362
2025-06-14 06:00:00,-0.0020235777
2025-06-14 07:00:00,0.0003296988
2025-06-14 08:00:00,-0.0014766411
2025-06-14 09:00:00,-0.0056754736
2025-06-14 10:00:00,0.0055811458
2025-06-14 11:00:00,0.0003301082
2025-06-14 12:00:00,-0.0032902275
2025-06-14 13:00:00,0.0004099007
2025-06-14 14:00:00,-0.0040116296
2025-06-14 15:00:00,-0.0067326421
2025-06-14 16:00:00,-0.0159150293
2025-06-14 17:00:00,0.0074510465
2025-06-14 18:00:00,-0.0055749947
2025-06-14 19:00:00,0.0013563265
2025-06-14 20:00:00,-0.0030381407
2025-06-14 21:00:00,0.0123214092
2025-06-14 22:00:00,-0.0039083824
2025-06-14 23:00:00,0.0034446606
2025-06-15 00:00:00,0.0025557895
2025-06-15 01:00:00,-0.0027797321
2025-06-15 02:00:00,0.0028435432
2025-06-15 03:00:00,0.0017372876
2025-06-15 04:00:00,0.0044965319
2025-06-15 05:00:00,0.0045395309
2025-06-15 06:00:00,-0.0034462623
2025-06-15 07:00:00,-0.0047620649
2025-06-15 08:00:00,-0.00337892
2025-06-15 09:00:00,-0.0066154864
2025-06-15 10:00:00,0.0087844079
2025-06-15 11:00:00,-0.0010998208
2025-06-15 12:00:00,0.0044555553
2025-06-15 13:00:00,0.003249561
2025-06-15 14:00:00,0.0048310035
2025-06-15 15:00:00,-0.0078106869
2025-06-15 16:00:00,0.0005078076
2025-06-15 17:00:00,0.0005234066
2025-06-15 18:00:00,0.0001902618
2025-06-15 19:00:00,-0.0036530011
2025-06-15 20:00:00,-0.0087738787
2025-06-15 21:00:00,0.0058897133
2025-06-15 22:00:00,0.0098292984
2025-06-15 23:00:00,0.0005213147
2025-06-16 00:00:00,-0.0032904133
2025-06-16 01:00:00,0.0097918648
2025-06-16 02:00:00,0.0007999185
2025-06-16 03:00:00,-0.0013806523
2025-06-16 04:00:00,0.0068219065
2025-06-16 05:00:00,0.006620791
2025-06-16 06:00:00,-0.0023728483
2025-06-16 07:00:00,0.0077490392
2025-06-16 08:00:00,-0.0033644603
2025-06-16 09:00:00,-0.0030811417
2025-06-16 10:00:00,-0.0029662322
2025-06-16 11:00:00,0.0055370869
2025-06-16 12:00:00,-0.0034085836
2025-06-16 13:00:00,0.0053401153
2025-06-16 14:00:00,0.0055727603
2025-06-16 15:00:00,-0.003490888
2025-06-16 16:00:00,0.0093075277
2025-06-16 17:00:00,-0.005985521
2025-06-16 18:00:00,0.0066720985
2025-06-16 19:00:00,-0.0005644848
2025-06-16 20:00:00,0.0012810738
2025-06-16 21:00:00,-0.0034504378
2025-06-16 22:00:00,-0.0202382894
2025-06-16 23:00:00,-0.0183647453
2025-06-17 00:00:00,0.0104207966
2025-06-17 01:00:00,-0.0004090881
2025-06-17 02:00:00,0.0042087472
2025-06-17 03:00:00,-0.0020393444
2025-06-17 04:00:00,-0.0032243632
2025-06-17 05:00:00,-0.002966144
2025-06-17 06:00:00,-0.0026739041
2025-06-17 07:00:00,0.0023578385
2025-06-17 08:00:00,-0.0132856904
2025-06-17 09:00:00,0.0026712964
2025-06-17 10:00:00,-0.0024630948
2025-06-17 11:00:00,-0.0039793384
2025-06-17 12:00:00,0.0003697185
2025-06-17 13:00:00,0.0018786284
2025-06-17 14:00:00,-0.0032134736
2025-06-17 15:00:00,-0.0157171928
2025-06-17 16:00:00,-0.0164167785
2025-06-17 17:00:00,0.004692081
2025-06-17 18:00:00,0.0107105982
2025-06-17 19:00:00,0.0126029199
2025-06-17 20:00:00,-0.0052170368
2025-06-17 21:00:00,-0.0078933186
2025-06-17 22:00:00,-0.004381186
2025-06-17 23:00:00,0.0028409343
2025-06-18 00:00:00,0.0067170835
2025-06-18 01:00:00,-0.0034427935
2025-06-18 02:00:00,-0.0015866918
2025-06-18 03:00:00,0.0050783496
2025-06-18 04:00:00,0.0091443291
2025-06-18 05:00:00,-0.0019386113
2025-06-18 06:00:00,-0.006212661
2025-06-18 07:00:00,0.0010895993
2025-06-18 08:00:00,-0.0052801531
2025-06-18 09:00:00,-0.0036668454
2025-06-18 10:00:00,-0.0151362816
2025-06-18 11:00:00,0.0113736357
2025-06-18 12:00:00,-0.0105581175
2025-06-18 13:00:00,-0.0035164652
2025-06-18 14:00:00,-0.0054910239
2025-06-18 15:00:00,-0.0005205316
2025-06-18 16:00:00,-0.0058789513
2025-06-18 17:00:00,0.007791832
2025-06-18 18:00:00,-0.0115325586
2025-06-18 19:00:00,0.0031999486
2025-06-18 20:00:00,0.0232246083
2025-06-18 21:00:00,0.0024578346
2025-06-18 22:00:00,-0.0019789904
2025-06-18 23:00:00,-0.0042681378
2025-06-19 00:00:00,0.0088304074
2025-06-19 01:00:00,-0.0103401922
2025-06-19 02:00:00,-0.0040261588
2025-06-19 03:00:00,0.002514091
2025-06-19 04:00:00,0.0040988765
2025-06-19 05:00:00,-0.00355028
2025-06-19 06:00:00,-0.006134784
2025-06-19 07:00:00,0.0006018054
2025-06-19 08:00:00,0.0034700245
2025-06-19 09:00:00,0.002345447
2025-06-19 10:00:00,-0.003712
2025-06-19 11:00:00,-0.0009844081
2025-06-19 12:00:00,-0.0010187977
2025-06-19 13:00:00,-0.0058825178
2025-06-19 14:00:00,-0.0010090309
2025-06-19 15:00:00,-0.0052296081
2025-06-19 16:00:00,-0.0008968383
2025-06-19 17:00:00,0.0135692768
2025-06-19 18:00:00,0.0011683804
2025-06-19 19:00:00,-0.0008344181
2025-06-19 20:00:00,0.0015347917
2025-06-19 21:00:00,-0.0022362414
2025-06-19 22:00:00,0.0076226985
2025-06-19 23:00:00,-0.0001492327
2025-06-20 00:00:00,8.29098e-05
2025-06-20 01:00:00,-0.0003482674
2025-06-20 02:00:00,-0.0047218523
2025-06-20 03:00:00,-0.0023526086
2025-06-20 04:00:00,-0.0132677228
2025-06-20 05:00:00,0.002637275
2025-06-20 06:00:00,0.0006919773
2025-06-20 07:00:00,0.0168304572
2025-06-20 08:00:00,-0.0003318566
2025-06-20 09:00:00,-0.002742027
2025-06-20 10:00:00,0.0020945897
2025-06-20 11:00:00,0.0005312614
2025-06-20 12:00:00,0.001509234
2025-06-20 13:00:00,-0.0066844279
2025-06-20 14:00:00,-0.0270736963
2025-06-20 15:00:00,-0.0001028542
2025-06-20 16:00:00,-0.00847025
2025-06-20 17:00:00,-0.0031168856
2025-06-20 18:00:00,0.0024596849
2025-06-20 19:00:00,0.0025399362
2025-06-20 20:00:00,0.0040127152
2025-06-20 21:00:00,-0.0060856486
2025-06-20 22:00:00,-0.0086140058
2025-06-20 23:00:00,0.0071257558
2025-06-21 00:00:00,0.004820119
2025-06-21 01:00:00,0.0097588522
2025-06-21 02:00:00,-0.0031795986
2025-06-21 03:00:00,0.0019158077
2025-06-21 04:00:00,-0.0007864055
2025-06-21 05:00:00,0.000427471
2025-06-21 06:00:00,-0.0013514325
2025-06-21 07:00:00,-0.0023822797
2025-06-21 08:00:00,0.0046564264
2025-06-21 09:00:00,-0.0009227142
2025-06-21 10:00:00,-0.0017966075
2025-06-21 11:00:00,0.0020188202
2025-06-21 12:00:00,-0.0068600314
2025-06-21 13:00:00,-0.0080690885
2025-06-21 14:00:00,0.0003642513
2025-06-21 15:00:00,-0.0012841428
2025-06-21 16:00:00,-0.0038449207
2025-06-21 17:00:00,-0.0077344778
2025-06-21 18:00:00,-0.0027089323
2025-06-21 19:00:00,-0.0043956115
2025-06-21 20:00:00,0.0066125562
2025-06-21 21:00:00,-0.0305871349
2025-06-21 22:00:00,0.0069344398
2025-06-21 23:00:00,0.0017440872
2025-06-22 00:00:00,0.0081050335
2025-06-22 01:00:00,-0.0142498059
2025-06-22 02:00:00,-0.0042930571
2025-06-22 03:00:00,-0.0066479313
2025-06-22 04:00:00,0.0105794163
2025-06-22 05:00:00,0.0033936276
2025-06-22 06:00:00,0.0026635008
2025-06-22 07:00:00,-0.0130612034
2025-06-22 08:00:00,-0.0039591728
2025-06-22 09:00:00,-0.0124535985
2025-06-22 10:00:00,0.0084052696
2025-06-22 11:00:00,-0.0019107818
2025-06-22 12:00:00,0.0088980612
2025-06-22 13:00:00,-0.0328511908
2025-06-22 14:00:00,0.0005461034
2025-06-22 15:00:00,-0.0158254569
2025-06-22 16:00:00,0.0091576952
2025-06-22 17:00:00,0.0112133095
2025-06-22 18:00:00,-0.008960566
2025-06-22 19:00:00,-0.0088889474
2025-06-22 20:00:00,0.007583353
2025-06-22 21:00:00,-0.0050491736
2025-06-22 22:00:00,0.0267007976
2025-06-22 23:00:00,0.0045845353
2025-06-23 00:00:00,0.0010691639
2025-06-23 01:00:00,0.0034393685
2025-06-23 02:00:00,0.0017060937
2025-06-23 03:00:00,0.0001649515
2025-06-23 04:00:00,0.0019955884
2025-06-23 05:00:00,0.0037606383
2025-06-23 06:00:00,0.0010926774
2025-06-23 07:00:00,-0.0008922638
2025-06-23 08:00:00,-0.0022067616
2025-06-23 09:00:00,-0.0042631504
2025-06-23 10:00:00,-0.00452082
2025-06-23 11:00:00,0.0004419564
2025-06-23 12:00:00,0.006770606
2025-06-23 13:00:00,0.0119607344
2025-06-23 14:00:00,-0.0095680611
2025-06-23 15:00:00,-0.0099184064
2025-06-23 16:00:00,-0.0148307606
2025-06-23 17:00:00,0.0260617903
2025-06-23 18:00:00,0.0081470172
2025-06-23 19:00:00,0.0033916072
2025-06-23 20:00:00,0.009482142
2025-06-23 21:00:00,0.0076950114
2025-06-23 22:00:00,0.033682008
2025-06-23 23:00:00,-0.0025193463
2025-06-24 00:00:00,-0.0044888242
2025-06-24 01:00:00,0.0024274991
2025-06-24 02:00:00,-0.0067807398
2025-06-24 03:00:00,0.0043015277
2025-06-24 04:00:00,0.0035791142
2025-06-24 05:00:00,0.0192909054
2025-06-24 06:00:00,-0.0002022006
2025-06-24 07:00:00,-0.0183332232
2025-06-24 08:00:00,-0.0041449945
2025-06-24 09:00:00,0.0046769231
2025-06-24 10:00:00,-0.0007035788
2025-06-24 11:00:00,0.0042140668
2025-06-24 12:00:00,-0.0020020369
2025-06-24 13:00:00,-0.0034144073
2025-06-24 14:00:00,0.0071414807
2025-06-24 15:00:00,-0.0034873022
2025-06-24 16:00:00,0.0149739781
2025-06-24 17:00:00,-0.0109236944
2025-06-24 18:00:00,-0.0064849184
2025-06-24 19:00:00,-0.0001888461
2025-06-24 20:00:00,0.0084459384
2025-06-24 21:00:00,6.80979e-05
2025-06-24 22:00:00,-0.00394027
2025-06-24 23:00:00,0.0045529421
2025-06-25 00:00:00,0.0034138711
2025-06-25 01:00:00,-0.0026145581
2025-06-25 02:00:00,-0.0036104811
2025-06-25 03:00:00,-0.0002730189
2025-06-25 04:00:00,-0.0052701946
2025-06-25 05:00:00,-0.0018030244
2025-06-25 06:00:00,0.0012367098
2025-06-25 07:00:00,0.0041455452
2025-06-25 08:00:00,-0.0077741272
2025-06-25 09:00:00,-0.0079392265
2025-06-25 10:00:00,0.004020733
2025-06-25 11:00:00,0.0037117325
2025-06-25 12:00:00,-0.0059974082
2025-06-25 13:00:00,0.010347596
2025-06-25 14:00:00,-0.0100875969
2025-06-25 15:00:00,-0.0171302913
2025-06-25 16:00:00,-0.0025950426
2025-06-25 17:00:00,0.0069052046
2025-06-25 18:00:00,-0.0031472277
2025-06-25 19:00:00,0.0053216371
2025-06-25 20:00:00,0.0036368127
2025-06-25 21:00:00,-0.0083774895
2025-06-25 22:00:00,-0.0040738282
2025-06-25 23:00:00,0.0022770408
2025-06-26 00:00:00,0.0046614391
2025-06-26 01:00:00,0.003031447
2025-06-26 02:00:00,0.0105815568
2025-06-26 03:00:00,-0.0065654872
2025-06-26 04:00:00,-0.0073634558
2025-06-26 05:00:00,-0.0005092231
2025-06-26 06:00:00,0.0036816311
2025-06-26 07:00:00,0.0028657821
2025-06-26 08:00:00,-0.0049153042
2025-06-26 09:00:00,-0.0094964464
2025-06-26 10:00:00,0.0014152031
2025-06-26 11:00:00,-0.0032934374
2025-06-26 12:00:00,-0.0114696726
2025-06-26 13:00:00,-0.0092641652
2025-06-26 14:00:00,0.0117726775
2025-06-26 15:00:00,-0.0068235136
2025-06-26 16:00:00,-0.0054744168
2025-06-26 17:00:00,0.0050599165
2025-06-26 18:00:00,9.01234e-05
2025-06-26 19:00:00,0.0020166379
2025-06-26 20:00:00,0.0079369051
2025-06-26 21:00:00,-0.0093769457
2025-06-26 22:00:00,-0.0035730436
2025-06-26 23:00:00,0.0019866001
2025-06-27 00:00:00,-0.002492911
2025-06-27 01:00:00,0.0073165344
2025-06-27 02:00:00,0.0041569671
2025-06-27 03:00:00,0.0020720213
2025-06-27 04:00:00,-0.0027517216
2025-06-27 05:00:00,-0.0057961814
2025-06-27 06:00:00,0.0021213872
2025-06-27 07:00:00,-0.0050050515
2025-06-27 08:00:00,0.0074444708
2025-06-27 09:00:00,-8.95792e-05
2025-06-27 10:00:00,-0.0074451402
2025-06-27 11:00:00,-0.0012281907
2025-06-27 12:00:00,-0.0037480692
2025-06-27 13:00:00,0.0003264773
2025-06-27 14:00:00,-0.0031240376
2025-06-27 15:00:00,0.0108197184
2025-06-27 16:00:00,0.0031801671
2025-06-27 17:00:00,-0.0131089034
2025-06-27 18:00:00,-0.0066377573
2025-06-27 19:00:00,0.0085080538
2025-06-27 20:00:00,0.0078604682
2025-06-27 21:00:00,0.0045434625
2025-06-27 22:00:00,0.005040045
2025-06-27 23:00:00,-0.0035539877
2025-06-28 00:00:00,-0.0008233252
2025-06-28 01:00:00,0.0050010821
2025-06-28 02:00:00,-0.0029619078
2025-06-28 03:00:00,0.0017318186
2025-06-28 04:00:00,-0.0026614525
2025-06-28 05:00:00,1.78857e-05
2025-06-28 06:00:00,0.0058848875
2025-06-28 07:00:00,0.0003910972
2025-06-28 08:00:00,-0.0040070935
2025-06-28 09:00:00,0.0031358042
2025-06-28 10:00:00,-0.0024579227
2025-06-28 11:00:00,-0.0028394651
2025-06-28 12:00:00,-0.0011989229
2025-06-28 13:00:00,-0.0030664694
2025-06-28 14:00:00,0.0056236268
2025-06-28 15:00:00,0.0052191534
2025-06-28 16:00:00,0.0002486988
2025-06-28 17:00:00,0.0093874163
2025-06-28 18:00:00,-0.0030840561
2025-06-28 19:00:00,-0.0044046311
2025-06-28 20:00:00,-0.0007626074
2025-06-28 21:00:00,0.0021090511
2025-06-28 22:00:00,0.0038521393
2025-06-28 23:00:00,-0.0023130379
2025-06-29 00:00:00,0.0029124949
2025-06-29 01:00:00,-0.004610949
2025-06-29 02:00:00,0.0008849715
2025-06-29 03:00:00,-0.0026040528
2025-06-29 04:00:00,-0.0038743206
2025-06-29 05:00:00,0.0014412942
2025-06-29 06:00:00,-0.0018509296
2025-06-29 07:00:00,-0.0010872375
2025-06-29 08:00:00,0.0054421419
2025-06-29 09:00:00,0.0004964979
2025-06-29 10:00:00,0.0002481566
2025-06-29 11:00:00,0.0010628311
2025-06-29 12:00:00,0.0007610014
2025-06-29 13:00:00,-0.0033136964
2025-06-29 14:00:00,-0.005696094
2025-06-29 15:00:00,-0.0070402011
2025-06-29 16:00:00,0.0033740161
2025-06-29 17:00:00,-0.000914167
2025-06-29 18:00:00,0.0056330117
2025-06-29 19:00:00,-0.0035370444
2025-06-29 20:00:00,-0.0015581209
2025-06-29 21:00:00,0.0050238335
2025-06-29 22:00:00,0.0335466005
2025-06-29 23:00:00,-0.0031089719
2025-06-30 00:00:00,-0.0016274242
2025-06-30 01:00:00,-0.0073738182
2025-06-30 02:00:00,-0.007973895
2025-06-30 03:00:00,0.0011781775
2025-06-30 04:00:00,-0.0036974477
2025-06-30 05:00:00,0.0052603459
2025-06-30 06:00:00,-0.0135854613
2025-06-30 07:00:00,0.0080075543
2025-06-30 08:00:00,0.0017277251
2025-06-30 09:00:00,-0.008189011
2025-06-30 10:00:00,0.0021465898
2025-06-30 11:00:00,0.000283502
2025-06-30 12:00:00,-0.0059170193
2025-06-30 13:00:00,-0.0004991265
2025-06-30 14:00:00,-0.0024815016
2025-06-30 15:00:00,0.0132287631
2025-06-30 16:00:00,0.0069435568
2025-06-30 17:00:00,0.0002101907
2025-06-30 18:00:00,0.0051184962
2025-06-30 19:00:00,0.0276334729
2025-06-30 20:00:00,-0.0099137201
2025-06-30 21:00:00,-0.0113452707
2025-06-30 22:00:00,-0.0062176726
2025-06-30 23:00:00,-0.0025119067
2025-07-01 00:00:00,0.0002968732
2025-07-01 01:00:00,-0.0009433139
2025-07-01 02:00:00,-0.0103649717
2025-07-01 03:00:00,0.0053364457
2025-07-01 04:00:00,-0.0076347689
2025-07-01 05:00:00,-0.003350859
2025-07-01 06:00:00,-0.0007461626
2025-07-01 07:00:00,0.0079481402
2025-07-01 08:00:00,-0.0087126459
2025-07-01 09:00:00,-0.0010499249
2025-07-01 10:00:00,0.0022231124
2025-07-01 11:00:00,-0.004379803
2025-07-01 12:00:00,-0.0129664371
2025-07-01 13:00:00,-0.0044747667
2025-07-01 14:00:00,-0.0057541539
2025-07-01 15:00:00,1.82617e-05
2025-07-01 16:00:00,0.0054634993
2025-07-01 17:00:00,-0.0096541524
2025-07-01 18:00:00,-0.0079536459
2025-07-01 19:00:00,-0.0016279719
2025-07-01 20:00:00,0.0031979324
2025-07-01 21:00:00,0.0017333264
2025-07-01 22:00:00,-0.0038579796
2025-07-01 23:00:00,0.002678169
2025-07-02 00:00:00,-0.0006827135
2025-07-02 01:00:00,0.005962586
2025-07-02 02:00:00,0.0009169938
2025-07-02 03:00:00,0.0055572964
2025-07-02 04:00:00,0.0092542849
2025-07-02 05:00:00,0.0018947089
2025-07-02 06:00:00,0.0042634782
2025-07-02 07:00:00,-0.0001795268
2025-07-02 08:00:00,0.0028506648
2025-07-02 09:00:00,-0.000949319
2025-07-02 10:00:00,0.0036133411
2025-07-02 11:00:00,0.0014987424
2025-07-02 12:00:00,-0.0037868684
2025-07-02 13:00:00,0.0047847835
2025-07-02 14:00:00,0.0136564363
2025-07-02 15:00:00,0.0157406703
2025-07-02 16:00:00,0.0290952545
2025-07-02 17:00:00,-0.0028093923
2025-07-02 18:00:00,0.0025909801
2025-07-02 19:00:00,0.0013768787
2025-07-02 20:00:00,0.0010397975
2025-07-02 21:00:00,-0.0017615829
2025-07-02 22:00:00,-0.0046452999
2025-07-02 23:00:00,-0.0150082276
2025-07-03 00:00:00,0.0055161483
2025-07-03 01:00:00,0.0034173536
2025-07-03 02:00:00,-0.0054802118
2025-07-03 03:00:00,0.0016369965
2025-07-03 04:00:00,0.0052001137
2025-07-03 05:00:00,0.0190386007
2025-07-03 06:00:00,0.0061673328
2025-07-03 07:00:00,0.0058009391
2025-07-03 08:00:00,-0.0047437169
2025-07-03 09:00:00,0.0023252565
2025-07-03 10:00:00,-0.0056493592
2025-07-03 11:00:00,0.0003809303
2025-07-03 12:00:00,-0.0074961499
2025-07-03 13:00:00,0.0098117315
2025-07-03 14:00:00,-0.0117154761
2025-07-03 15:00:00,-0.018302708
2025-07-03 16:00:00,0.0082228243
2025-07-03 17:00:00,0.0025800373
2025-07-03 18:00:00,0.0049726273
2025-07-03 19:00:00,-0.0013415168
2025-07-03 20:00:00,0.004937951
2025-07-03 21:00:00,0.0050133767
2025-07-03 22:00:00,0.0011457132
2025-07-03 23:00:00,-0.0052911937
2025-07-04 00:00:00,0.0021498038
2025-07-04 01:00:00,-1.66474e-05
2025-07-04 02:00:00,-0.0144710134
2025-07-04 03:00:00,0.002968262
2025-07-04 04:00:00,-0.0081161042
2025-07-04 05:00:00,0.0039479198
2025-07-04 06:00:00,-0.0079967149
2025-07-04 07:00:00,-0.0115211808
2025-07-04 08:00:00,0.0006378156
2025-07-04 09:00:00,0.0054650579
2025-07-04 10:00:00,-0.0033820646
2025-07-04 11:00:00,0.0002235348
2025-07-04 12:00:00,-0.000533127
2025-07-04 13:00:00,-0.0094020741
2025-07-04 14:00:00,-0.0019119468
2025-07-04 15:00:00,-0.0059328715
2025-07-04 16:00:00,-0.0067961171
2025-07-04 17:00:00,0.0086495561
2025-07-04 18:00:00,-0.0081739067
2025-07-04 19:00:00,-0.0017804421
2025-07-04 20:00:00,0.0059634455
2025-07-04 21:00:00,0.0032569326
2025-07-04 22:00:00,0.0076799542
2025-07-04 23:00:00,-0.0061776393
2025-07-05 00:00:00,0.005223035
2025-07-05 01:00:00,-0.0045076088
2025-07-05 02:00:00,6.97703e-05
2025-07-05 03:00:00,0.009184491
2025-07-05 04:00:00,-0.0042084907
2025-07-05 05:00:00,0.0030325896
2025-07-05 06:00:00,0.0076530986
2025-07-05 07:00:00,-0.0062352718
2025-07-05 08:00:00,-0.0090078972
2025-07-05 09:00:00,0.0029247423
2025-07-05 10:00:00,-0.0026806867
2025-07-05 11:00:00,0.0021590383
2025-07-05 12:00:00,-0.0004175147
2025-07-05 13:00:00,-0.0035384693
2025-07-05 14:00:00,0.0057805642
2025-07-05 15:00:00,-0.0001041721
2025-07-05 16:00:00,0.0
2025-07-05 17:00:00,-0.0011639928
2025-07-05 18:00:00,-0.0059627766
2025-07-05 19:00:00,0.003648142
2025-07-05 20:00:00,0.0022277151
2025-07-05 21:00:00,0.0004866518
2025-07-05 22:00:00,0.0008684325
2025-07-05 23:00:00,-0.0003125488
2025-07-06 00:00:00,-0.001233785
2025-07-06 01:00:00,-0.0030824179
2025-07-06 02:00:00,-0.0023748832
2025-07-06 03:00:00,0.0056833193
2025-07-06 04:00:00,-0.0029596637
2025-07-06 05:00:00,-0.0006453245
2025-07-06 06:00:00,0.0043348518
2025-07-06 07:00:00,-0.0033583063
2025-07-06 08:00:00,0.0025936739
2025-07-06 09:00:00,-0.0014439682
2025-07-06 10:00:00,0.0083737628
2025-07-06 11:00:00,-0.0010191304
2025-07-06 12:00:00,0.0037776577
2025-07-06 13:00:00,0.0111970216
2025-07-06 14:00:00,-0.0049837959
2025-07-06 15:00:00,0.0002224104
2025-07-06 16:00:00,0.0041653212
2025-07-06 17:00:00,-0.0032419917
2025-07-06 18:00:00,-0.00718681
2025-07-06 19:00:00,0.0020120212
2025-07-06 20:00:00,0.0031560377
2025-07-06 21:00:00,0.0074049135
2025-07-06 22:00:00,0.0016475448
2025-07-06 23:00:00,-0.0055308464
2025-07-07 00:00:00,-0.0031962834
2025-07-07 01:00:00,0.001847228
2025-07-07 02:00:00,0.0089651608
2025-07-07 03:00:00,-0.0046341567
2025-07-07 04:00:00,-0.0034769601
2025-07-07 05:00:00,0.0014502029
2025-07-07 06:00:00,-0.0056762963
2025-07-07 07:00:00,0.0116595542
2025-07-07 08:00:00,-0.0017470809
2025-07-07 09:00:00,-0.004764831
2025-07-07 10:00:00,0.0009547842
2025-07-07 11:00:00,0.0013794163
2025-07-07 12:00:00,-0.0105384788
2025-07-07 13:00:00,0.0131897831
2025-07-07 14:00:00,-0.0119350885
2025-07-07 15:00:00,0.0025903417
2025-07-07 16:00:00,-0.0060660924
2025-07-07 17:00:00,0.0001551176
2025-07-07 18:00:00,-0.0010690762
2025-07-07 19:00:00,0.0013792392
2025-07-07 20:00:00,-0.0060655994
2025-07-07 21:00:00,0.0015068721
2025-07-07 22:00:00,-0.0009870045
2025-07-07 23:00:00,0.0062518553
2025-07-08 00:00:00,-0.0023096689
2025-07-08 01:00:00,-0.0049648498
2025-07-08 02:00:00,-0.0044146345
2025-07-08 03:00:00,0.0035645083
2025-07-08 04:00:00,0.002115302
2025-07-08 05:00:00,-0.0026187786
2025-07-08 06:00:00,0.0026187786
2025-07-08 07:00:00,0.0016440683
2025-07-08 08:00:00,-0.0007784323
2025-07-08 09:00:00,0.0038171611
2025-07-08 10:00:00,0.0084630613
2025-07-08 11:00:00,-0.0005813655
2025-07-08 12:00:00,0.0052031473
2025-07-08 13:00:00,-0.0030162337
2025-07-08 14:00:00,-0.0105514262
2025-07-08 15:00:00,0.0029965923
2025-07-08 16:00:00,0.0007735215
2025-07-08 17:00:00,0.0144150021
2025-07-08 18:00:00,0.0021317641
2025-07-08 19:00:00,-0.0036063531
2025-07-08 20:00:00,-0.0072007052
2025-07-08 21:00:00,0.0055540554
2025-07-08 22:00:00,8.49452e-05
2025-07-08 23:00:00,-0.0002038805
2025-07-09 00:00:00,-0.0041887374
2025-07-09 01:00:00,0.0010232622
2025-07-09 02:00:00,0.0018052083
2025-07-09 03:00:00,-0.0040919378
2025-07-09 04:00:00,0.0049423214
2025-07-09 05:00:00,0.0125522187
2025-07-09 06:00:00,0.0020963489
2025-07-09 07:00:00,-0.0009889291
2025-07-09 08:00:00,0.0003185755
2025-07-09 09:00:00,0.001407224
2025-07-09 10:00:00,0.0054260399
2025-07-09 11:00:00,0.0135773012
2025-07-09 12:00:00,0.0077719539
2025-07-09 13:00:00,-0.0036248489
2025-07-09 14:00:00,-0.0081300593
2025-07-09 15:00:00,0.0071644844
2025-07-09 16:00:00,0.002502025
2025-07-09 17:00:00,-0.0083974842
2025-07-09 18:00:00,0.0046338981
2025-07-09 19:00:00,0.018758315
2025-07-09 20:00:00,-0.0015780239
2025-07-09 21:00:00,0.0031053677
2025-07-09 22:00:00,0.0031117695
2025-07-09 23:00:00,-0.0025978206
2025-07-10 00:00:00,-0.007656203
2025-07-10 01:00:00,0.0087635073
2025-07-10 02:00:00,0.0014264537
2025-07-10 03:00:00,-0.0039316743
2025-07-10 04:00:00,0.0013497447
2025-07-10 05:00:00,-0.0033455606
2025-07-10 06:00:00,0.0045010364
2025-07-10 07:00:00,0.0075578179
2025-07-10 08:00:00,0.0055875822
2025-07-10 09:00:00,-0.0045375296
2025-07-10 10:00:00,0.0027947616
2025-07-10 11:00:00,0.0019168778
2025-07-10 12:00:00,-0.0087747749
2025-07-10 13:00:00,-0.0023498017
2025-07-10 14:00:00,0.0037060153
2025-07-10 15:00:00,0.0034699045
2025-07-10 16:00:00,0.0175615806
2025-07-10 17:00:00,0.0274268237
2025-07-10 18:00:00,-0.0081294441
2025-07-10 19:00:00,-6.12595e-05
2025-07-10 20:00:00,0.0065335764
2025-07-10 21:00:00,0.0208695371
2025-07-10 22:00:00,0.0112613803
2025-07-10 23:00:00,-0.0019173199
2025-07-11 00:00:00,-0.0060859774
2025-07-11 01:00:00,0.0163522691
2025-07-11 02:00:00,0.0089896745
2025-07-11 03:00:00,-0.0042520218
2025-07-11 04:00:00,0.0104452435
2025-07-11 05:00:00,0.0022426047
2025-07-11 06:00:00,-0.0109587369
2025-07-11 07:00:00,0.015514684
2025-07-11 08:00:00,0.0185523568
2025-07-11 09:00:00,0.0107185752
2025-07-11 10:00:00,0.0181310421
2025-07-11 11:00:00,-0.0086805863
2025-07-11 12:00:00,0.0261940741
2025-07-11 13:00:00,0.0119974009
2025-07-11 14:00:00,-0.0044572457
2025-07-11 15:00:00,-0.0223036583
2025-07-11 16:00:00,-0.0084783873
2025-07-11 17:00:00,0.0061645482
2025-07-11 18:00:00,0.0140721614
2025-07-11 19:00:00,-0.0017347691
2025-07-11 20:00:00,-0.0277306562
2025-07-11 21:00:00,-0.0102788979
2025-07-11 22:00:00,-0.0112760421
2025-07-11 23:00:00,0.0038385596
2025-07-12 00:00:00,-0.0052110298
2025-07-12 01:00:00,0.0325810716
2025-07-12 02:00:00,-0.0002878467
2025-07-12 03:00:00,-0.0016876252
2025-07-12 04:00:00,-0.0108382314
2025-07-12 05:00:00,-0.0041453431
2025-07-12 06:00:00,0.0021860976
2025-07-12 07:00:00,-0.0043630147
2025-07-12 08:00:00,0.0020932772
2025-07-12 09:00:00,0.0174948497
2025-07-12 10:00:00,0.0010953054
2025-07-12 11:00:00,-0.0101499977
2025-07-12 12:00:00,-0.0157999218
2025-07-12 13:00:00,-0.0017429198
2025-07-12 14:00:00,-0.007158065
2025-07-12 15:00:00,-0.0178701272
2025-07-12 16:00:00,0.0054089956
2025-07-12 17:00:00,0.0156299889
2025-07-12 18:00:00,-0.0030555108
2025-07-12 19:00:00,0.0017835157
2025-07-12 20:00:00,-0.0151473788
2025-07-12 21:00:00,0.0169559531
2025-07-12 22:00:00,-0.0017378654
2025-07-12 23:00:00,0.0011306623
2025-07-13 00:00:00,0.0010870564
2025-07-13 01:00:00,0.0121312204
2025-07-13 02:00:00,0.003242712
2025-07-13 03:00:00,-0.0004586295
2025-07-13 04:00:00,0.0115405299
2025-07-13 05:00:00,-0.0075727111
2025-07-13 06:00:00,0.02081396
2025-07-13 07:00:00,0.0034790648
2025-07-13 08:00:00,-0.0032892318
2025-07-13 09:00:00,-0.0112896948
2025-07-13 10:00:00,-0.0066726073
2025-07-13 11:00:00,0.0073579801
2025-07-13 12:00:00,0.0127171705
2025-07-13 13:00:00,0.0078433889
2025-07-13 14:00:00,-0.0005236692
2025-07-13 15:00:00,-0.003376859
2025-07-13 16:00:00,-0.009151771
2025-07-13 17:00:00,0.0083563494
2025-07-13 18:00:00,0.007015592
2025-07-13 19:00:00,-0.0014474692
2025-07-13 20:00:00,-0.0006574137
2025-07-13 21:00:00,-0.011962285
2025-07-13 22:00:00,-0.0041649146
2025-07-13 23:00:00,0.0053730295
2025-07-14 00:00:00,0.0061266497
2025-07-14 01:00:00,0.0143240157
2025-07-14 02:00:00,0.0023630944
2025-07-14 03:00:00,0.0081219123
2025-07-14 04:00:00,0.0059013469
2025-07-14 05:00:00,-0.0122612142
2025-07-14 06:00:00,-0.0047101368
2025-07-14 07:00:00,0.0132247526
2025-07-14 08:00:00,-0.0076413689
2025-07-14 09:00:00,0.0007403393
2025-07-14 10:00:00,-0.0036939251
2025-07-14 11:00:00,-0.0088197857
2025-07-14 12:00:00,0.0026461052
2025-07-14 13:00:00,0.0109770878
2025-07-14 14:00:00,-0.0128874611
2025-07-14 15:00:00,-0.0194844238
2025-07-14 16:00:00,0.0146051229
2025-07-14 17:00:00,-0.0078513246
2025-07-14 18:00:00,-0.0100589544
2025-07-14 19:00:00,-0.0013963615
2025-07-14 20:00:00,0.0054647931
2025-07-14 21:00:00,0.0031831132
2025-07-14 22:00:00,-0.001291068
2025-07-14 23:00:00,0.0007884292
2025-07-15 00:00:00,-0.010463147
2025-07-15 01:00:00,-0.0026536338
2025-07-15 02:00:00,-0.0047473248
2025-07-15 03:00:00,-0.0062026244
2025-07-15 04:00:00,0.0122295223
2025-07-15 05:00:00,-0.002877898
2025-07-15 06:00:00,-0.0032458368
2025-07-15 07:00:00,-0.0020218813
2025-07-15 08:00:00,0.0039844549
2025-07-15 09:00:00,0.0065233778
2025-07-15 10:00:00,0.002931268
2025-07-15 11:00:00,-0.0037958511
2025-07-15 12:00:00,0.0047664794
2025-07-15 13:00:00,0.0030561037
2025-07-15 14:00:00,-0.0250775221
2025-07-15 15:00:00,0.0109884346
2025-07-15 16:00:00,0.0086388872
2025-07-15 17:00:00,0.0212360184
2025-07-15 18:00:00,-0.0151729937
2025-07-15 19:00:00,-0.0179123208
2025-07-15 20:00:00,0.0057079437
2025-07-15 21:00:00,0.0140813668
2025-07-15 22:00:00,0.0059341727
2025-07-15 23:00:00,0.0088491392
2025-07-16 00:00:00,0.0033283684
2025-07-16 01:00:00,-0.0029535407
2025-07-16 02:00:00,-0.0128778535
2025-07-16 03:00:00,0.0005150587
2025-07-16 04:00:00,0.0041109471
2025-07-16 05:00:00,0.000310339
2025-07-16 06:00:00,0.0070175727
2025-07-16 07:00:00,0.0006562163
2025-07-16 08:00:00,0.0068444528
2025-07-16 09:00:00,-0.0027161628
2025-07-16 10:00:00,-0.0101979483
2025-07-16 11:00:00,0.00297229
2025-07-16 12:00:00,0.004822902
2025-07-16 13:00:00,0.0028559628
2025-07-16 14:00:00,0.0087570881
2025-07-16 15:00:00,-0.0069862217
2025-07-16 16:00:00,0.012873899
2025-07-16 17:00:00,0.003552681
2025-07-16 18:00:00,-0.0010998508
2025-07-16 19:00:00,0.0018062596
2025-07-16 20:00:00,0.0128244366
2025-07-16 21:00:00,0.0034154139
2025-07-16 22:00:00,-0.0130541365
2025-07-16 23:00:00,-0.0032641792
2025-07-17 00:00:00,9.15422e-05
2025-07-17 01:00:00,-0.0199302655
2025-07-17 02:00:00,0.0051493351
2025-07-17 03:00:00,-0.0106203717
2025-07-17 04:00:00,0.0117478199
2025-07-17 05:00:00,0.0197418009
2025-07-17 06:00:00,0.0063743997
2025-07-17 07:00:00,-0.0010466537
2025-07-17 08:00:00,0.0165146779
2025-07-17 09:00:00,0.0285321768
2025-07-17 10:00:00,0.0141371128
2025-07-17 11:00:00,-0.0059887737
2025-07-17 12:00:00,-0.0056795983
2025-07-17 13:00:00,-0.0161317875
2025-07-17 14:00:00,0.0065063826
2025-07-17 15:00:00,-0.0004606717
2025-07-17 16:00:00,-0.0124181613
2025-07-17 17:00:00,0.0118202167
2025-07-17 18:00:00,0.0149160507
2025-07-17 19:00:00,-0.0187113585
2025-07-17 20:00:00,-0.0011138576
2025-07-17 21:00:00,0.0249680636
2025-07-17 22:00:00,0.0085372898
2025-07-17 23:00:00,-0.0044298071
2025-07-18 00:00:00,0.0411070635
2025-07-18 01:00:00,0.0009217827
2025-07-18 02:00:00,-0.0058601799
2025-07-18 03:00:00,0.0088413982
2025-07-18 04:00:00,0.0029143876
2025-07-18 05:00:00,0.0191772542
2025-07-18 06:00:00,2.27477e-05
2025-07-18 07:00:00,-0.0285771637
2025-07-18 08:00:00,-0.0026719497
2025-07-18 09:00:00,0.004379193
2025-07-18 10:00:00,0.0029865046
2025-07-18 11:00:00,-0.00884537
2025-07-18 12:00:00,0.0085657638
2025-07-18 13:00:00,-0.0007926425
2025-07-18 14:00:00,-0.0224529791
2025-07-18 15:00:00,-0.0193874531
2025-07-18 16:00:00,0.0091023057
2025-07-18 17:00:00,0.0015290799
2025-07-18 18:00:00,-0.0126640675
2025-07-18 19:00:00,-0.0047631351
2025-07-18 20:00:00,-0.0051919476
2025-07-18 21:00:00,0.0012544276
2025-07-18 22:00:00,-0.0043603646
2025-07-18 23:00:00,0.0076733324
2025-07-19 00:00:00,-0.0086860782
2025-07-19 01:00:00,0.0113774418
2025-07-19 02:00:00,0.0057012836
2025-07-19 03:00:00,0.005427356
2025-07-19 04:00:00,0.005854592
2025-07-19 05:00:00,-0.0041766278
2025-07-19 06:00:00,-0.0060126361
2025-07-19 07:00:00,0.0041534283
2025-07-19 08:00:00,-0.0022864895
2025-07-19 09:00:00,0.0082022051
2025-07-19 10:00:00,-0.0044787515
2025-07-19 11:00:00,-0.0114318859
2025-07-19 12:00:00,0.0114439524
2025-07-19 13:00:00,-0.0047776666
2025-07-19 14:00:00,-0.0157269953
2025-07-19 15:00:00,0.0126669951
2025-07-19 16:00:00,0.0049859079
2025-07-19 17:00:00,-0.0070920561
2025-07-19 18:00:00,0.0035401712
2025-07-19 19:00:00,0.0075493057
2025-07-19 20:00:00,-3.61587e-05
2025-07-19 21:00:00,-0.0064086506
2025-07-19 22:00:00,0.0017573951
2025-07-19 23:00:00,0.0052898674
2025-07-20 00:00:00,-0.0014947506
2025-07-20 01:00:00,0.0041051999
2025-07-20 02:00:00,0.0008646364
2025-07-20 03:00:00,0.009854297
2025-07-20 04:00:00,-0.0034170971
2025-07-20 05:00:00,0.0030961252
2025-07-20 06:00:00,-0.0066805297
2025-07-20 07:00:00,0.0123004537
2025-07-20 08:00:00,0.0130499705
2025-07-20 09:00:00,-0.0047492135
2025-07-20 10:00:00,-0.0037709517
2025-07-20 11:00:00,0.0025507669
2025-07-20 12:00:00,0.0015836059
2025-07-20 13:00:00,0.0157573309
2025-07-20 14:00:00,-0.0030159312
2025-07-20 15:00:00,0.008401135
2025-07-20 16:00:00,0.0009405828
2025-07-20 17:00:00,-0.0153544345
2025-07-20 18:00:00,0.0140006333
2025-07-20 19:00:00,0.0007459647
2025-07-20 20:00:00,-0.0005163778
2025-07-20 21:00:00,0.0020982757
2025-07-20 22:00:00,-0.0163983535
2025-07-20 23:00:00,-0.0002096021
2025-07-21 00:00:00,-0.0066367789
2025-07-21 01:00:00,0.0056813685
2025-07-21 02:00:00,0.0135234202
2025-07-21 03:00:00,-0.0037330673
2025-07-21 04:00:00,0.0019604458
2025-07-21 05:00:00,0.0139119945
2025-07-21 06:00:00,0.0054387371
2025-07-21 07:00:00,0.0105212067
2025-07-21 08:00:00,-0.0012083512
2025-07-21 09:00:00,-0.0068863136
2025-07-21 10:00:00,0.0076025498
2025-07-21 11:00:00,0.0163224093
2025-07-21 12:00:00,0.0145319633
2025-07-21 13:00:00,-0.0024218741
2025-07-21 14:00:00,0.0084456303
2025-07-21 15:00:00,-0.0166232907
2025-07-21 16:00:00,-0.01509967
2025-07-21 17:00:00,0.0023567088
2025-07-21 18:00:00,-0.0178687209
2025-07-21 19:00:00,-0.0091867218
2025-07-21 20:00:00,0.0047458449
2025-07-21 21:00:00,0.0045199993
2025-07-21 22:00:00,0.005804043
2025-07-21 23:00:00,-0.0003371772
2025-07-22 00:00:00,-0.002194427
2025-07-22 01:00:00,0.0152275289
2025-07-22 02:00:00,-0.0092296
2025-07-22 03:00:00,-0.0077456586
2025-07-22 04:00:00,-0.0344079723
2025-07-22 05:00:00,0.017105124
2025-07-22 06:00:00,0.0058846597
2025-07-22 07:00:00,-0.0069071253
2025-07-22 08:00:00,-0.0058099486
2025-07-22 09:00:00,0.0053155735
2025-07-22 10:00:00,0.0097502575
2025-07-22 11:00:00,0.0010130502
2025-07-22 12:00:00,-0.002871077
2025-07-22 13:00:00,-0.0132078042
2025-07-22 14:00:00,0.0175340553
2025-07-22 15:00:00,-0.0005795422
2025-07-22 16:00:00,0.0034269148
2025-07-22 17:00:00,0.0007473673
2025-07-22 18:00:00,0.0068811751
2025-07-22 19:00:00,-0.0128530366
2025-07-22 20:00:00,0.0155362457
2025-07-22 21:00:00,-0.0028293644
2025-07-22 22:00:00,0.0043977813
2025-07-22 23:00:00,0.0119840536
2025-07-23 00:00:00,-0.0151794997
2025-07-23 01:00:00,-0.0024398894
2025-07-23 02:00:00,-0.001735153
2025-07-23 03:00:00,-0.0063805452
2025-07-23 04:00:00,0.0082958014
2025-07-23 05:00:00,-0.0054625209
2025-07-23 06:00:00,-0.0096203792
2025-07-23 07:00:00,-0.0081689302
2025-07-23 08:00:00,0.0061443949
2025-07-23 09:00:00,-0.0120138514
2025-07-23 10:00:00,0.0008455681
2025-07-23 11:00:00,-0.0005443248
2025-07-23 12:00:00,-0.0334055372
2025-07-23 13:00:00,-0.0197417806
2025-07-23 14:00:00,0.0079459657
2025-07-23 15:00:00,0.0114124436
2025-07-23 16:00:00,-0.0252766377
2025-07-23 17:00:00,-0.0002826959
2025-07-23 18:00:00,0.0092992056
2025-07-23 19:00:00,-0.0088936233
2025-07-23 20:00:00,-0.0085643587
2025-07-23 21:00:00,1.23935e-05
2025-07-23 22:00:00,0.0085028125
2025-07-23 23:00:00,0.0031409142
2025-07-24 00:00:00,0.0104919714
2025-07-24 01:00:00,-0.0012979059
2025-07-24 02:00:00,-0.0054037739
2025-07-24 03:00:00,-0.0035698169
2025-07-24 04:00:00,-0.0185042825
2025-07-24 05:00:00,-0.0263695425
2025-07-24 06:00:00,-0.0112455537
2025-07-24 07:00:00,0.0217451404
2025-07-24 08:00:00,0.0169797023
2025-07-24 09:00:00,-0.0016588406
2025-07-24 10:00:00,-0.0024120941
2025-07-24 11:00:00,0.0209509539
2025-07-24 12:00:00,-0.0060963058
2025-07-24 13:00:00,-0.0100238113
2025-07-24 14:00:00,0.0363049341
2025-07-24 15:00:00,-0.0106117482
2025-07-24 16:00:00,-0.0136372415
2025-07-24 17:00:00,0.0137586022
2025-07-24 18:00:00,0.000727855
2025-07-24 19:00:00,-0.0086226329
2025-07-24 20:00:00,0.0083436844
2025-07-24 21:00:00,-0.0107929851
2025-07-24 22:00:00,-0.0016935221
2025-07-24 23:00:00,-0.0109169233
2025-07-25 00:00:00,-0.0049917013
2025-07-25 01:00:00,0.0101562791
2025-07-25 02:00:00,-0.013656589
2025-07-25 03:00:00,-0.003550307
2025-07-25 04:00:00,0.0168609479
2025-07-25 05:00:00,-0.0156551902
2025-07-25 06:00:00,0.0002259178
2025-07-25 07:00:00,-0.0012934419
2025-07-25 08:00:00,-0.0061383523
2025-07-25 09:00:00,0.0182907484
2025-07-25 10:00:00,0.0068168445
2025-07-25 11:00:00,3.69884e-05
2025-07-25 12:00:00,-0.0036561306
2025-07-25 13:00:00,-0.0040297887
2025-07-25 14:00:00,-0.0338899842
2025-07-25 15:00:00,0.0079243065
2025-07-25 16:00:00,0.0087219266
2025-07-25 17:00:00,0.0057475044
2025-07-25 18:00:00,-0.0054441792
2025-07-25 19:00:00,0.0033305189
2025-07-25 20:00:00,0.0170207842
2025-07-25 21:00:00,0.0077335709
2025-07-25 22:00:00,0.0035690451
2025-07-25 23:00:00,-0.0008818775
2025-07-26 00:00:00,0.0027288485
2025-07-26 01:00:00,-0.0059198967
2025-07-26 02:00:00,0.0161568192
2025-07-26 03:00:00,-0.0013919908
2025-07-26 04:00:00,-0.000727026
2025-07-26 05:00:00,0.000387813
2025-07-26 06:00:00,-0.0082246911
2025-07-26 07:00:00,0.000915846
2025-07-26 08:00:00,0.0054289743
2025-07-26 09:00:00,0.0051460686
2025-07-26 10:00:00,-0.0036297681
2025-07-26 11:00:00,-0.0013827738
2025-07-26 12:00:00,0.0054472299
2025-07-26 13:00:00,0.0021103796
2025-07-26 14:00:00,-0.0025933781
2025-07-26 15:00:00,0.0055884907
2025-07-26 16:00:00,0.0027586224
2025-07-26 17:00:00,-0.0090841353
2025-07-26 18:00:00,0.0010509976
2025-07-26 19:00:00,0.0017733175
2025-07-26 20:00:00,-0.0038280217
2025-07-26 21:00:00,0.0029115971
2025-07-26 22:00:00,-0.0056496984
2025-07-26 23:00:00,-0.0056940002
2025-07-27 00:00:00,0.0027050425
2025-07-27 01:00:00,0.0050129677
2025-07-27 02:00:00,0.0053011445
2025-07-27 03:00:00,-0.0017961009
2025-07-27 04:00:00,0.0055346477
2025-07-27 05:00:00,0.001989788
2025-07-27 06:00:00,-0.0080675172
2025-07-27 07:00:00,-0.0055684823
2025-07-27 08:00:00,-0.0050382845
2025-07-27 09:00:00,-0.0040955355
2025-07-27 10:00:00,0.0152453838
2025-07-27 11:00:00,-0.0058081307
2025-07-27 12:00:00,0.0044559145
2025-07-27 13:00:00,-0.0100416714
2025-07-27 14:00:00,-0.0004027952
2025-07-27 15:00:00,0.0035828355
2025-07-27 16:00:00,0.0027697147
2025-07-27 17:00:00,0.0028588407
2025-07-27 18:00:00,0.002078425
2025-07-27 19:00:00,-0.0041005724
2025-07-27 20:00:00,0.0013808309
2025-07-27 21:00:00,0.0061060417
2025-07-27 22:00:00,0.0032669562
2025-07-27 23:00:00,-0.0020405966
2025-07-28 00:00:00,0.0023762958
2025-07-28 01:00:00,-0.0074598479
2025-07-28 02:00:00,0.0148049624
2025-07-28 03:00:00,0.0017120645
2025-07-28 04:00:00,0.0010685538
2025-07-28 05:00:00,0.0130857973
2025-07-28 06:00:00,-0.0079725734
2025-07-28 07:00:00,-0.010026128
2025-07-28 08:00:00,-0.0058243651
2025-07-28 09:00:00,0.0018933499
2025-07-28 10:00:00,-0.0068594213
2025-07-28 11:00:00,0.0002410568
2025-07-28 12:00:00,0.0005060302
2025-07-28 13:00:00,-0.0146209417
2025-07-28 14:00:00,-0.0166880059
2025-07-28 15:00:00,0.0020361801
2025-07-28 16:00:00,-0.0018621979
2025-07-28 17:00:00,-0.0060949578
2025-07-28 18:00:00,-0.0042346932
2025-07-28 19:00:00,0.0007781223
2025-07-28 20:00:00,-0.0051443095
2025-07-28 21:00:00,-0.0013123196
2025-07-28 22:00:00,-0.0002651967
2025-07-28 23:00:00,0.000707035
2025-07-29 00:00:00,0.002697288
2025-07-29 01:00:00,-0.008367615
2025-07-29 02:00:00,-0.0063794648
2025-07-29 03:00:00,0.0136387953
2025-07-29 04:00:00,-0.0059654887
2025-07-29 05:00:00,0.009751252
2025-07-29 06:00:00,0.0062197116
2025-07-29 07:00:00,0.0085342663
2025-07-29 08:00:00,-0.006614856
2025-07-29 09:00:00,-0.0016075671
2025-07-29 10:00:00,-0.0150666007
2025-07-29 11:00:00,0.0078066772
2025-07-29 12:00:00,0.0074345132
2025-07-29 13:00:00,-0.0114626653
2025-07-29 14:00:00,-0.0153798344
2025-07-29 15:00:00,0.0020217537
2025-07-29 16:00:00,-0.0016503659
2025-07-29 17:00:00,0.0036807976
2025-07-29 18:00:00,-0.002580251
2025-07-29 19:00:00,-0.0066601467
2025-07-29 20:00:00,-0.0037150308
2025-07-29 21:00:00,0.0108738636
2025-07-29 22:00:00,0.000805045
2025-07-29 23:00:00,-0.0012014163
2025-07-30 00:00:00,-0.0025481962
2025-07-30 01:00:00,0.0067086473
2025-07-30 02:00:00,0.0012981891
2025-07-30 03:00:00,-0.0010562418
2025-07-30 04:00:00,-0.0073737882
2025-07-30 05:00:00,0.0052707112
2025-07-30 06:00:00,0.0027395008
2025-07-30 07:00:00,-0.0091524459
2025-07-30 08:00:00,0.0038194402
2025-07-30 09:00:00,-0.0148725581
2025-07-30 10:00:00,-0.0047635252
2025-07-30 11:00:00,-0.0129601656
2025-07-30 12:00:00,0.0058640374
2025-07-30 13:00:00,0.0021918177
2025-07-30 14:00:00,0.018445435
2025-07-30 15:00:00,-0.0047217974
2025-07-30 16:00:00,0.0001551671
2025-07-30 17:00:00,0.0019246549
2025-07-30 18:00:00,-0.024480675
2025-07-30 19:00:00,0.0058939655
2025-07-30 20:00:00,-0.0023692327
2025-07-30 21:00:00,0.001093177
2025-07-30 22:00:00,-0.005782347
2025-07-30 23:00:00,0.0106148602
2025-07-31 00:00:00,0.0123553997
2025-07-31 01:00:00,-3.88186e-05
2025-07-31 02:00:00,0.0038873117
2025-07-31 03:00:00,0.0053605646
2025-07-31 04:00:00,0.0018444754
2025-07-31 05:00:00,0.0005373318
2025-07-31 06:00:00,0.0022230181
2025-07-31 07:00:00,-0.00214628
2025-07-31 08:00:00,0.0060564903
2025-07-31 09:00:00,0.0007751298
2025-07-31 10:00:00,-0.0038816713
2025-07-31 11:00:00,-0.0076674829
2025-07-31 12:00:00,-0.0058766842
2025-07-31 13:00:00,-0.008880292
2025-07-31 14:00:00,-0.0140385898
2025-07-31 15:00:00,0.0076543925
2025-07-31 16:00:00,0.0087287726
2025-07-31 17:00:00,-0.0144541675
2025-07-31 18:00:00,0.0015036208
2025-07-31 19:00:00,-0.0091356274
2025-07-31 20:00:00,-0.0031972744
2025-07-31 21:00:00,0.0001334241
2025-07-31 22:00:00,-0.0111487165
2025-07-31 23:00:00,-0.003540927
2025-08-01 00:00:00,-0.0079518147
2025-08-01 01:00:00,-0.0025963038
2025-08-01 02:00:00,0.0099657744
2025-08-01 03:00:00,-0.0054470879
2025-08-01 04:00:00,-0.0064223664
2025-08-01 05:00:00,-0.0062707338
2025-08-01 06:00:00,0.0012683184
2025-08-01 07:00:00,-0.0019582972
2025-08-01 08:00:00,-0.0084562997
2025-08-01 09:00:00,0.0005427937
2025-08-01 10:00:00,0.0048026965
2025-08-01 11:00:00,0.0068860626
2025-08-01 12:00:00,0.0009072415
2025-08-01 13:00:00,-0.0188349858
2025-08-01 14:00:00,0.029127938
2025-08-01 15:00:00,-0.0034055803
2025-08-01 16:00:00,-0.010672987
2025-08-01 17:00:00,-0.0054904539
2025-08-01 18:00:00,0.0069237903
2025-08-01 19:00:00,0.0068351465
2025-08-01 20:00:00,-0.0099939659
2025-08-01 21:00:00,-0.0011197048
2025-08-01 22:00:00,-0.0239214715
2025-08-01 23:00:00,0.0128647197
2025-08-02 00:00:00,0.0064541985
2025-08-02 01:00:00,0.0025257094
2025-08-02 02:00:00,0.0011220314
2025-08-02 03:00:00,-0.0019539782
2025-08-02 04:00:00,0.0088661143
2025-08-02 05:00:00,-0.0040918448
2025-08-02 06:00:00,-0.0179555043
2025-08-02 07:00:00,0.0157580201
2025-08-02 08:00:00,-0.0120262014
2025-08-02 09:00:00,0.0012315272
2025-08-02 10:00:00,-0.0066796016
2025-08-02 11:00:00,0.0065257436
2025-08-02 12:00:00,-0.0003497653
2025-08-02 13:00:00,0.0030179423
2025-08-02 14:00:00,-0.0191270743
2025-08-02 15:00:00,-0.0061621169
2025-08-02 16:00:00,0.0021724846
2025-08-02 17:00:00,-0.0102173492
2025-08-02 18:00:00,-0.0077466451
2025-08-02 19:00:00,0.008712571
2025-08-02 20:00:00,0.0076511028
2025-08-02 21:00:00,0.0030127601
2025-08-02 22:00:00,0.0014246843
2025-08-02 23:00:00,-0.007143806
2025-08-03 00:00:00,0.0084669433
2025-08-03 01:00:00,0.001818234
2025-08-03 02:00:00,0.0115001373
2025-08-03 03:00:00,0.0056380739
2025-08-03 04:00:00,-0.0032418563
2025-08-03 05:00:00,-0.0017650772
2025-08-03 06:00:00,0.0071669872
2025-08-03 07:00:00,0.0041675409
2025-08-03 08:00:00,0.0041502446
2025-08-03 09:00:00,-0.0010083083
2025-08-03 10:00:00,-4.14591e-05
2025-08-03 11:00:00,0.0018087807
2025-08-03 12:00:00,2.75896e-05
2025-08-03 13:00:00,-0.0029149102
2025-08-03 14:00:00,0.0018245406
2025-08-03 15:00:00,0.0024964325
2025-08-03 16:00:00,0.0021741233
2025-08-03 17:00:00,0.0
2025-08-03 18:00:00,-0.0035388031
2025-08-03 19:00:00,-0.0012008034
2025-08-03 20:00:00,0.0024966047
2025-08-03 21:00:00,0.0015142341
2025-08-03 22:00:00,-0.0006329462
2025-08-03 23:00:00,-0.0008124093
2025-08-04 00:00:00,0.0213830997
2025-08-04 01:00:00,-0.0116774799
2025-08-04 02:00:00,0.0088553846
2025-08-04 03:00:00,-0.0038068963
2025-08-04 04:00:00,-0.0033038105
2025-08-04 05:00:00,0.0009256235
2025-08-04 06:00:00,-0.0003265928
2025-08-04 07:00:00,0.0090640588
2025-08-04 08:00:00,-0.0030934057
2025-08-04 09:00:00,-0.0047328861
2025-08-04 10:00:00,0.005436159
2025-08-04 11:00:00,-0.002694051
2025-08-04 12:00:00,0.0049493002
2025-08-04 13:00:00,0.0091977204
2025-08-04 14:00:00,-0.0041117322
2025-08-04 15:00:00,0.0001341994
2025-08-04 16:00:00,0.0090170732
2025-08-04 17:00:00,-0.0012242184
2025-08-04 18:00:00,-0.0068271506
2025-08-04 19:00:00,-0.0035051236
2025-08-04 20:00:00,0.0085198104
2025-08-04 21:00:00,0.0053877649
2025-08-04 22:00:00,0.0049233149
2025-08-04 23:00:00,-0.0033722385
2025-08-05 00:00:00,0.004309155
2025-08-05 01:00:00,-0.0064972672
2025-08-05 02:00:00,0.0007829659
2025-08-05 03:00:00,-0.0088874077
2025-08-05 04:00:00,-0.0002677125
2025-08-05 05:00:00,0.0031944852
2025-08-05 06:00:00,-0.0085369232
2025-08-05 07:00:00,-0.010172835
2025-08-05 08:00:00,0.000733955
2025-08-05 09:00:00,0.0158918569
2025-08-05 10:00:00,0.0096616537
2025-08-05 11:00:00,-0.0048590832
2025-08-05 12:00:00,-0.0149231486
2025-08-05 13:00:00,0.0041520125
2025-08-05 14:00:00,-0.0229835741
2025-08-05 15:00:00,-0.0076136362
2025-08-05 16:00:00,0.004318286
2025-08-05 17:00:00,0.0066484756
2025-08-05 18:00:00,-0.0051442282
2025-08-05 19:00:00,-0.0067800622
2025-08-05 20:00:00,0.00086043
2025-08-05 21:00:00,-0.0041841938
2025-08-05 22:00:00,0.0079640791
2025-08-05 23:00:00,0.003531574
2025-08-06 00:00:00,-0.0108829164
2025-08-06 01:00:00,0.0018915429
2025-08-06 02:00:00,-0.0032707285
2025-08-06 03:00:00,-0.0054937896
2025-08-06 04:00:00,0.0009807494
2025-08-06 05:00:00,0.0158107159
2025-08-06 06:00:00,-0.0007722115
2025-08-06 07:00:00,0.0020120177
2025-08-06 08:00:00,-0.0037378581
2025-08-06 09:00:00,0.0039305787
2025-08-06 10:00:00,-0.0023564928
2025-08-06 11:00:00,0.0015440612
2025-08-06 12:00:00,-0.0044871295
2025-08-06 13:00:00,0.0054509584
2025-08-06 14:00:00,0.0122148738
2025-08-06 15:00:00,0.0090675949
2025-08-06 16:00:00,-0.0063657896
2025-08-06 17:00:00,0.0080215417
2025-08-06 18:00:00,-0.0005516128
2025-08-06 19:00:00,-0.0004980583
2025-08-06 20:00:00,-0.0036014688
2025-08-06 21:00:00,0.0004053068
2025-08-06 22:00:00,0.0034654134
2025-08-06 23:00:00,-0.0015761506
2025-08-07 00:00:00,-0.0022134951
2025-08-07 01:00:00,0.0012693099
2025-08-07 02:00:00,-0.0059689549
2025-08-07 03:00:00,-0.0025418501
2025-08-07 04:00:00,0.0023789306
2025-08-07 05:00:00,0.0048220281
2025-08-07 06:00:00,0.000256703
2025-08-07 07:00:00,0.0015792994
2025-08-07 08:00:00,0.0007415447
2025-08-07 09:00:00,0.0019388984
2025-08-07 10:00:00,0.0271499081
2025-08-07 11:00:00,0.0055353344
2025-08-07 12:00:00,-0.0012506027
2025-08-07 13:00:00,0.0001433776
2025-08-07 14:00:00,-0.0105209652
2025-08-07 15:00:00,0.0048877365
2025-08-07 16:00:00,-0.0131272705
2025-08-07 17:00:00,0.0017647102
2025-08-07 18:00:00,0.0007818453
2025-08-07 19:00:00,0.0140741797
2025-08-07 20:00:00,0.0054577681
2025-08-07 21:00:00,0.0092451378
2025-08-07 22:00:00,0.014159981
2025-08-07 23:00:00,-0.0008124715
2025-08-08 00:00:00,0.0026761214
2025-08-08 01:00:00,0.0002912775
2025-08-08 02:00:00,-0.0002659457
2025-08-08 03:00:00,0.0074073011
2025-08-08 04:00:00,-0.0068121873
2025-08-08 05:00:00,-0.0005317869
2025-08-08 06:00:00,0.0057208322
2025-08-08 07:00:00,0.0070021619
2025-08-08 08:00:00,-0.0046249667
2025-08-08 09:00:00,0.0049125368
2025-08-08 10:00:00,0.0011869141
2025-08-08 11:00:00,-0.0011369104
2025-08-08 12:00:00,-0.015457115
2025-08-08 13:00:00,0.0158945412
2025-08-08 14:00:00,-0.0143215556
2025-08-08 15:00:00,-0.0088867971
2025-08-08 16:00:00,0.004809695
2025-08-08 17:00:00,0.0169106274
2025-08-08 18:00:00,-0.0061632123
2025-08-08 19:00:00,0.0054246275
2025-08-08 20:00:00,-0.0043172216
2025-08-08 21:00:00,0.0024746425
2025-08-08 22:00:00,-0.0028520294
2025-08-08 23:00:00,-0.0049190352
2025-08-09 00:00:00,0.0022481002
2025-08-09 01:00:00,0.0065136161
2025-08-09 02:00:00,0.0016405662
2025-08-09 03:00:00,-0.0044269224
2025-08-09 04:00:00,0.0088218753
2025-08-09 05:00:00,0.0107557231
2025-08-09 06:00:00,-0.0096973309
2025-08-09 07:00:00,0.0047675303
2025-08-09 08:00:00,0.0024988261
2025-08-09 09:00:00,0.0071894045
2025-08-09 10:00:00,-0.0029605992
2025-08-09 11:00:00,-0.0068762732
2025-08-09 12:00:00,0.0142186571
2025-08-09 13:00:00,-0.0194599936
2025-08-09 14:00:00,0.0079011593
2025-08-09 15:00:00,-0.0044204303
2025-08-09 16:00:00,0.0041115118
2025-08-09 17:00:00,0.0122706955
2025-08-09 18:00:00,-0.004269668
2025-08-09 19:00:00,0.0001593694
2025-08-09 20:00:00,0.0015922985
2025-08-09 21:00:00,-0.0107171348
2025-08-09 22:00:00,-0.0042148649
2025-08-09 23:00:00,-0.0019025006
2025-08-10 00:00:00,0.0085267223
2025-08-10 01:00:00,0.0048750558
2025-08-10 02:00:00,-0.0033829324
2025-08-10 03:00:00,0.0157344942
2025-08-10 04:00:00,0.0115535722
2025-08-10 05:00:00,-0.0264751183
2025-08-10 06:00:00,-0.0016142252
2025-08-10 07:00:00,-0.0203693328
2025-08-10 08:00:00,0.0075607379
2025-08-10 09:00:00,-0.0035538241
2025-08-10 10:00:00,-0.0091932089
2025-08-10 11:00:00,0.0005438667
2025-08-10 12:00:00,0.0036728321
2025-08-10 13:00:00,-0.0059261117
2025-08-10 14:00:00,0.0175370363
2025-08-10 15:00:00,-0.0028307964
2025-08-10 16:00:00,0.0027436228
2025-08-10 17:00:00,0.000348649
2025-08-10 18:00:00,0.0056733339
2025-08-10 19:00:00,-0.0020570529
2025-08-10 20:00:00,-0.008783735
2025-08-10 21:00:00,-0.0006133779
2025-08-10 22:00:00,0.0017140109
2025-08-10 23:00:00,0.0022600008
2025-08-11 00:00:00,-0.001647673
2025-08-11 01:00:00,0.0125016371
2025-08-11 02:00:00,0.0214453036
2025-08-11 03:00:00,-0.0028054919
2025-08-11 04:00:00,-3.63295e-05
2025-08-11 05:00:00,-0.0049409794
2025-08-11 06:00:00,0.0033775607
2025-08-11 07:00:00,-0.0186205058
2025-08-11 08:00:00,0.0090413749
2025-08-11 09:00:00,-0.0041353558
2025-08-11 10:00:00,-0.0074919661
2025-08-11 11:00:00,-0.0197055025
2025-08-11 12:00:00,-0.0039881295
2025-08-11 13:00:00,0.0073813199
2025-08-11 14:00:00,-0.0041010297
2025-08-11 15:00:00,0.0068299218
2025-08-11 16:00:00,-0.0029555866
2025-08-11 17:00:00,-0.0042284429
2025-08-11 18:00:00,0.003737095
2025-08-11 19:00:00,-0.0105782216
2025-08-11 20:00:00,-0.0037257772
2025-08-11 21:00:00,-0.0094014384
2025-08-11 22:00:00,-0.0019116266
2025-08-11 23:00:00,-0.0006337095
2025-08-12 00:00:00,0.010437205
2025-08-12 01:00:00,0.002991335
2025-08-12 02:00:00,0.001530554
2025-08-12 03:00:00,-0.0037796125
2025-08-12 04:00:00,0.0059566123
2025-08-12 05:00:00,-0.0120518839
2025-08-12 06:00:00,0.0043282605
2025-08-12 07:00:00,0.0022018827
2025-08-12 08:00:00,-0.0027018219
2025-08-12 09:00:00,-0.008627959
2025-08-12 10:00:00,-0.0048097896
2025-08-12 11:00:00,0.0077929197
2025-08-12 12:00:00,0.0216085348
2025-08-12 13:00:00,-0.0014901627
2025-08-12 14:00:00,0.0187174085
2025-08-12 15:00:00,0.0093456893
2025-08-12 16:00:00,0.011727617
2025-08-12 17:00:00,0.0029347584
2025-08-12 18:00:00,0.0160366687
2025-08-12 19:00:00,0.0107504339
2025-08-12 20:00:00,0.0030487649
2025-08-12 21:00:00,-0.0016703725
2025-08-12 22:00:00,-0.0073734795
2025-08-12 23:00:00,-0.0024818476
2025-08-13 00:00:00,0.0030865321
2025-08-13 01:00:00,-0.0073162789
2025-08-13 02:00:00,0.0150617571
2025-08-13 03:00:00,0.0063428258
2025-08-13 04:00:00,-0.002972953
2025-08-13 05:00:00,-0.0142375526
2025-08-13 06:00:00,0.0049458959
2025-08-13 07:00:00,0.0164980744
2025-08-13 08:00:00,0.0181292661
2025-08-13 09:00:00,0.0011193861
2025-08-13 10:00:00,0.005385202
2025-08-13 11:00:00,-0.0005906138
2025-08-13 12:00:00,-0.0017056507
2025-08-13 13:00:00,0.0022167791
2025-08-13 14:00:00,-0.017018276
2025-08-13 15:00:00,0.007926734
2025-08-13 16:00:00,-0.0032827182
2025-08-13 17:00:00,0.0032941773
2025-08-13 18:00:00,0.0038656894
2025-08-13 19:00:00,0.0091696331
2025-08-13 20:00:00,0.0026319223
2025-08-13 21:00:00,-0.0015127913
2025-08-13 22:00:00,0.020409214
2025-08-13 23:00:00,0.0010510769
2025-08-14 00:00:00,0.036577727
2025-08-14 01:00:00,0.0161377401
2025-08-14 02:00:00,0.0252128993
2025-08-14 03:00:00,0.0047045464
2025-08-14 04:00:00,0.0010684468
2025-08-14 05:00:00,0.0111754476
2025-08-14 06:00:00,0.0231236818
2025-08-14 07:00:00,-0.0201912756
2025-08-14 08:00:00,-0.012126619
2025-08-14 09:00:00,0.0063943883
2025-08-14 10:00:00,-0.0243167491
2025-08-14 11:00:00,-0.0050452051
2025-08-14 12:00:00,-0.0425722583
2025-08-14 13:00:00,0.0112402509
2025-08-14 14:00:00,-0.0068929822
2025-08-14 15:00:00,-0.0015982897
2025-08-14 16:00:00,-0.0182470694
2025-08-14 17:00:00,-0.001002131
2025-08-14 18:00:00,-0.0111905086
2025-08-14 19:00:00,0.0042249982
2025-08-14 20:00:00,0.0010645495
2025-08-14 21:00:00,-0.0081683072
2025-08-14 22:00:00,0.0272694071
2025-08-14 23:00:00,0.0074962707
2025-08-15 00:00:00,-0.0001187219
2025-08-15 01:00:00,-0.0102086537
2025-08-15 02:00:00,0.0061853738
2025-08-15 03:00:00,0.0086107896
2025-08-15 04:00:00,-0.0095432109
2025-08-15 05:00:00,0.0185278051
2025-08-15 06:00:00,0.0205093238
2025-08-15 07:00:00,-0.0084331223
2025-08-15 08:00:00,-0.0051682427
2025-08-15 09:00:00,0.0010040957
2025-08-15 10:00:00,-0.000285272
2025-08-15 11:00:00,-0.0031221747
2025-08-15 12:00:00,0.0023610512
2025-08-15 13:00:00,-0.0066633667
2025-08-15 14:00:00,-0.0006176521
2025-08-15 15:00:00,-0.0155016899
2025-08-15 16:00:00,0.0067390423
2025-08-15 17:00:00,0.0132267035
2025-08-15 18:00:00,-0.0116053398
2025-08-15 19:00:00,-0.0020190528
2025-08-15 20:00:00,0.009884442
2025-08-15 21:00:00,-0.0083697704
2025-08-15 22:00:00,0.0307898741
2025-08-15 23:00:00,-0.0141937055
2025-08-16 00:00:00,0.0230331871
2025-08-16 01:00:00,-0.0109025411
2025-08-16 02:00:00,0.0028122089
2025-08-16 03:00:00,-0.0036365382
2025-08-16 04:00:00,-4.17563e-05
2025-08-16 05:00:00,-0.0123420103
2025-08-16 06:00:00,0.0096973772
2025-08-16 07:00:00,0.0101638956
2025-08-16 08:00:00,-0.003768164
2025-08-16 09:00:00,-0.0428599087
2025-08-16 10:00:00,-0.0128264314
2025-08-16 11:00:00,-0.0066968107
2025-08-16 12:00:00,0.0099901151
2025-08-16 13:00:00,-0.0072596399
2025-08-16 14:00:00,0.0095257127
2025-08-16 15:00:00,-0.0050646896
2025-08-16 16:00:00,0.0057642732
2025-08-16 17:00:00,-0.0044353255
2025-08-16 18:00:00,0.0060730593
2025-08-16 19:00:00,0.0022121371
2025-08-16 20:00:00,0.0045180145
2025-08-16 21:00:00,-0.0050515308
2025-08-16 22:00:00,0.0031642671
2025-08-16 23:00:00,0.0005969339
2025-08-17 00:00:00,-0.0091777763
2025-08-17 01:00:00,-0.0020388037
2025-08-17 02:00:00,0.0115962617
2025-08-17 03:00:00,0.0176950104
2025-08-17 04:00:00,0.0163081269
2025-08-17 05:00:00,0.0008487942
2025-08-17 06:00:00,-0.0166988286
2025-08-17 07:00:00,0.0216201857
2025-08-17 08:00:00,-0.0027450322
2025-08-17 09:00:00,0.0212099551
2025-08-17 10:00:00,-0.0082608585
2025-08-17 11:00:00,0.003224098
2025-08-17 12:00:00,-0.0094129282
2025-08-17 13:00:00,0.0096494333
2025-08-17 14:00:00,-0.0070367604
2025-08-17 15:00:00,0.0104546898
2025-08-17 16:00:00,-0.0079211187
2025-08-17 17:00:00,-0.0088071565
2025-08-17 18:00:00,-0.0064599978
2025-08-17 19:00:00,-0.0021521301
2025-08-17 20:00:00,-0.0002943093
2025-08-17 21:00:00,0.0050228967
2025-08-17 22:00:00,0.0117090538
2025-08-17 23:00:00,-0.0060973902
2025-08-18 00:00:00,-0.0063022569
2025-08-18 01:00:00,-0.0163571322
2025-08-18 02:00:00,-0.0193265046
2025-08-18 03:00:00,0.0005530644
2025-08-18 04:00:00,0.004176049
2025-08-18 05:00:00,-0.0065205378
2025-08-18 06:00:00,-0.0063008471
2025-08-18 07:00:00,0.0026756234
2025-08-18 08:00:00,0.0002508138
2025-08-18 09:00:00,-0.0036593866
2025-08-18 10:00:00,-0.0037826711
2025-08-18 11:00:00,-0.0138264303
2025-08-18 12:00:00,0.0173573681
2025-08-18 13:00:00,-0.0146544984
2025-08-18 14:00:00,0.0101784018
2025-08-18 15:00:00,0.0093353784
2025-08-18 16:00:00,-0.0111512696
2025-08-18 17:00:00,0.0183259059
2025-08-18 18:00:00,-0.001634456
2025-08-18 19:00:00,-0.0033747706
2025-08-18 20:00:00,-0.0020238076
2025-08-18 21:00:00,0.0086540253
2025-08-18 22:00:00,0.0020279388
2025-08-18 23:00:00,-0.0049692764
2025-08-19 00:00:00,0.0097638503
2025-08-19 01:00:00,-0.0054413417
2025-08-19 02:00:00,-0.0069575848
2025-08-19 03:00:00,-0.0201260378
2025-08-19 04:00:00,0.0062731444
2025-08-19 05:00:00,0.01646631
2025-08-19 06:00:00,0.0057018977
2025-08-19 07:00:00,-0.0002692442
2025-08-19 08:00:00,-0.0027072373
2025-08-19 09:00:00,0.0009068239
2025-08-19 10:00:00,0.0146962231
2025-08-19 11:00:00,-0.009315411
2025-08-19 12:00:00,-0.0036450281
2025-08-19 13:00:00,-0.0062456305
2025-08-19 14:00:00,-0.0284645131
2025-08-19 15:00:00,-0.0300222908
2025-08-19 16:00:00,0.0004136362
2025-08-19 17:00:00,-0.0050326885
2025-08-19 18:00:00,-0.0130035706
2025-08-19 19:00:00,-0.0004679731
2025-08-19 20:00:00,0.0051007715
2025-08-19 21:00:00,0.0009309687
2025-08-19 22:00:00,-0.0026905376
2025-08-19 23:00:00,-0.012935971
2025-08-20 00:00:00,0.0038442537
2025-08-20 01:00:00,0.0016698814
2025-08-20 02:00:00,-0.001811126
2025-08-20 03:00:00,0.0004119077
2025-08-20 04:00:00,0.0049062859
2025-08-20 05:00:00,-0.0018986235
2025-08-20 06:00:00,-0.0023959984
2025-08-20 07:00:00,-0.0035339888
2025-08-20 08:00:00,0.0183113754
2025-08-20 09:00:00,-0.0138840886
2025-08-20 10:00:00,0.0061257549
2025-08-20 11:00:00,-0.0086078025
2025-08-20 12:00:00,0.0143364087
2025-08-20 13:00:00,-0.0170253749
2025-08-20 14:00:00,0.0153055841
2025-08-20 15:00:00,0.0135270665
2025-08-20 16:00:00,0.0036535055
2025-08-20 17:00:00,0.0118644496
2025-08-20 18:00:00,-0.015758937
2025-08-20 19:00:00,0.021706173
2025-08-20 20:00:00,-0.0081526327
2025-08-20 21:00:00,0.00334577
2025-08-20 22:00:00,0.0017024927
2025-08-20 23:00:00,-0.007337968
2025-08-21 00:00:00,0.0005332214
2025-08-21 01:00:00,0.0093586816
2025-08-21 02:00:00,-0.0159474226
2025-08-21 03:00:00,0.0100534185
2025-08-21 04:00:00,-0.0090720305
2025-08-21 05:00:00,0.0027905459
2025-08-21 06:00:00,-0.003783351
2025-08-21 07:00:00,-4.56699e-05
2025-08-21 08:00:00,-0.0046693226
2025-08-21 09:00:00,0.0023259422
2025-08-21 10:00:00,-0.0049217949
2025-08-21 11:00:00,-0.0023950728
2025-08-21 12:00:00,-0.0010034892
2025-08-21 13:00:00,0.0041113696
2025-08-21 14:00:00,-0.0043883715
2025-08-21 15:00:00,-0.0096737905
2025-08-21 16:00:00,0.0022586251
2025-08-21 17:00:00,-0.008584245
2025-08-21 18:00:00,0.0141738966
2025-08-21 19:00:00,-0.014584514
2025-08-21 20:00:00,0.0071673999
2025-08-21 21:00:00,6.99007e-05
2025-08-21 22:00:00,-0.0021691982
2025-08-21 23:00:00,-0.0059250759
2025-08-22 00:00:00,0.0029669263
2025-08-22 01:00:00,-0.0016055036
2025-08-22 02:00:00,0.0122164551
2025-08-22 03:00:00,-0.0174138987
2025-08-22 04:00:00,0.0053733543
2025-08-22 05:00:00,0.0046562317
2025-08-22 06:00:00,-0.0065577077
2025-08-22 07:00:00,0.0077358733
2025-08-22 08:00:00,-0.005259971
2025-08-22 09:00:00,-0.0006330598
2025-08-22 10:00:00,-0.0132807212
2025-08-22 11:00:00,-0.0084613273
2025-08-22 12:00:00,-0.0045164699
2025-08-22 13:00:00,0.0079143746
2025-08-22 14:00:00,0.0769406916
2025-08-22 15:00:00,0.0009838223
2025-08-22 16:00:00,0.015545661
2025-08-22 17:00:00,0.0102275279
2025-08-22 18:00:00,-0.0046191951
2025-08-22 19:00:00,0.0084451409
2025-08-22 20:00:00,0.0032983185
2025-08-22 21:00:00,0.0023706309
2025-08-22 22:00:00,-0.0098610615
2025-08-22 23:00:00,0.0028826213
2025-08-23 00:00:00,-0.0095833932
2025-08-23 01:00:00,-0.0119452274
2025-08-23 02:00:00,-0.0118341964
2025-08-23 03:00:00,0.0013206157
2025-08-23 04:00:00,0.011588484
2025-08-23 05:00:00,0.0182387102
2025-08-23 06:00:00,0.0046715758
2025-08-23 07:00:00,-0.0087055791
2025-08-23 08:00:00,-0.0058316156
2025-08-23 09:00:00,0.0002173984
2025-08-23 10:00:00,-0.0105876593
2025-08-23 11:00:00,0.0049417447
2025-08-23 12:00:00,-0.0041511787
2025-08-23 13:00:00,0.0027401782
2025-08-23 14:00:00,-0.0026304268
2025-08-23 15:00:00,0.0040632876
2025-08-23 16:00:00,-0.004392578
2025-08-23 17:00:00,-0.0016810697
2025-08-23 18:00:00,0.0034360334
2025-08-23 19:00:00,0.0003287131
2025-08-23 20:00:00,-0.0005807997
2025-08-23 21:00:00,-0.0035139
2025-08-23 22:00:00,0.0058897571
2025-08-23 23:00:00,-0.0010503743
2025-08-24 00:00:00,0.0021979593
2025-08-24 01:00:00,0.001538974
2025-08-24 02:00:00,-0.0032334913
2025-08-24 03:00:00,0.0008202863
2025-08-24 04:00:00,0.002413205
2025-08-24 05:00:00,-0.0037259862
2025-08-24 06:00:00,-0.0120926584
2025-08-24 07:00:00,0.002478892
2025-08-24 08:00:00,0.0016124048
2025-08-24 09:00:00,-0.0070874373
2025-08-24 10:00:00,-0.0084148526
2025-08-24 11:00:00,0.0002017123
2025-08-24 12:00:00,0.0049850329
2025-08-24 13:00:00,-0.0012606755
2025-08-24 14:00:00,0.0056994165
2025-08-24 15:00:00,-0.0032353313
2025-08-24 16:00:00,0.0083504319
2025-08-24 17:00:00,0.0196289497
2025-08-24 18:00:00,0.0269859341
2025-08-24 19:00:00,-0.0280151922
2025-08-24 20:00:00,-0.0087315881
2025-08-24 21:00:00,0.0132092559
2025-08-24 22:00:00,-0.0141719937
2025-08-24 23:00:00,-0.0054217331
2025-08-25 00:00:00,-0.0139633023
2025-08-25 01:00:00,0.0142823956
2025-08-25 02:00:00,0.0143090523
2025-08-25 03:00:00,-0.0032588534
2025-08-25 04:00:00,-0.0064292758
2025-08-25 05:00:00,-0.0167406736
2025-08-25 06:00:00,-0.0171616333
2025-08-25 07:00:00,-0.0133772487
2025-08-25 08:00:00,0.0026142307
2025-08-25 09:00:00,-0.0013750589
2025-08-25 10:00:00,-0.016684879
2025-08-25 11:00:00,0.0097233463
2025-08-25 12:00:00,0.0056649547
2025-08-25 13:00:00,-0.0091234247
2025-08-25 14:00:00,0.0118523148
2025-08-25 15:00:00,-0.0090753388
2025-08-25 16:00:00,0.0038403258
2025-08-25 17:00:00,0.0011848683
2025-08-25 18:00:00,4.5986e-05
2025-08-25 19:00:00,-0.0224493411
2025-08-25 20:00:00,-0.0212340367
2025-08-25 21:00:00,0.000480267
2025-08-25 22:00:00,0.0054826799
2025-08-25 23:00:00,-0.000453753
2025-08-26 00:00:00,-0.0049449038
2025-08-26 01:00:00,0.011005781
2025-08-26 02:00:00,-0.0061086527
2025-08-26 03:00:00,-0.0019248594
2025-08-26 04:00:00,0.0115767785
2025-08-26 05:00:00,-0.0055872363
2025-08-26 06:00:00,-0.0040407948
2025-08-26 07:00:00,0.0044213847
2025-08-26 08:00:00,-0.0031919229
2025-08-26 09:00:00,0.0026209837
2025-08-26 10:00:00,0.0023648961
2025-08-26 11:00:00,-0.003781757
2025-08-26 12:00:00,0.0128565082
2025-08-26 13:00:00,-0.0044443732
2025-08-26 14:00:00,0.0105540016
2025-08-26 15:00:00,-0.0071806011
2025-08-26 16:00:00,0.0124626422
2025-08-26 17:00:00,-0.0017109839
2025-08-26 18:00:00,0.006039367
2025-08-26 19:00:00,0.0113981685
2025-08-26 20:00:00,-0.0064775695
2025-08-26 21:00:00,0.0019223802
2025-08-26 22:00:00,-0.0013924934
2025-08-26 23:00:00,-0.0018327585
2025-08-27 00:00:00,-0.009272741
2025-08-27 01:00:00,0.0042065694
2025-08-27 02:00:00,0.0012979038
2025-08-27 03:00:00,0.0070050198
2025-08-27 04:00:00,0.0052417694
2025-08-27 05:00:00,-0.0090440116
2025-08-27 06:00:00,-0.0075318139
2025-08-27 07:00:00,-0.0030753484
2025-08-27 08:00:00,0.0041216046
2025-08-27 09:00:00,0.000243969
2025-08-27 10:00:00,-0.0006623402
2025-08-27 11:00:00,0.004661905
2025-08-27 12:00:00,0.0013296414
2025-08-27 13:00:00,-0.0039942397
2025-08-27 14:00:00,0.0083983143
2025-08-27 15:00:00,0.0032961068
2025-08-27 16:00:00,-0.0038944751
2025-08-27 17:00:00,0.003470151
2025-08-27 18:00:00,-0.0042877325
2025-08-27 19:00:00,-0.0056491778
2025-08-27 20:00:00,0.0044042495
2025-08-27 21:00:00,-0.0129207813
2025-08-27 22:00:00,-0.0006662264
2025-08-27 23:00:00,-0.0056515211
2025-08-28 00:00:00,-0.0002116726
2025-08-28 01:00:00,0.0095860281
2025-08-28 02:00:00,-0.0064742542
2025-08-28 03:00:00,0.0068003627
2025-08-28 04:00:00,0.0146462215
2025-08-28 05:00:00,-0.0011826779
2025-08-28 06:00:00,0.0002527283
2025-08-28 07:00:00,0.0021685387
2025-08-28 08:00:00,-0.0021915114
2025-08-28 09:00:00,-0.005540308
2025-08-28 10:00:00,0.0040574554
2025-08-28 11:00:00,-0.002061251
2025-08-28 12:00:00,0.0029121485
2025-08-28 13:00:00,-0.0016334422
2025-08-28 14:00:00,0.0026214143
2025-08-28 15:00:00,-0.0138280888
2025-08-28 16:00:00,-0.0121229223
2025-08-28 17:00:00,0.004315496
2025-08-28 18:00:00,0.0010906214
2025-08-28 19:00:00,-0.0107349891
2025-08-28 20:00:00,0.0017400264
2025-08-28 21:00:00,0.0052490463
2025-08-28 22:00:00,0.012486425
2025-08-28 23:00:00,-0.0031303301
2025-08-29 00:00:00,-0.0040174298
2025-08-29 01:00:00,-0.0140470616
2025-08-29 02:00:00,0.0086966317
2025-08-29 03:00:00,0.0032770163
2025-08-29 04:00:00,-0.0069425929
2025-08-29 05:00:00,-0.002056714
2025-08-29 06:00:00,-0.0058861395
2025-08-29 07:00:00,-0.0147479382
2025-08-29 08:00:00,-0.0095760713
2025-08-29 09:00:00,0.0041256744
2025-08-29 10:00:00,0.0032738016
2025-08-29 11:00:00,-0.002836675
2025-08-29 12:00:00,0.0190229989
2025-08-29 13:00:00,-0.0153755932
2025-08-29 14:00:00,0.0001330423
2025-08-29 15:00:00,-0.0010043016
2025-08-29 16:00:00,-0.0064247201
2025-08-29 17:00:00,-0.0016950293
2025-08-29 18:00:00,-0.0082108304
2025-08-29 19:00:00,0.0094427558
2025-08-29 20:00:00,-0.0070215215
2025-08-29 21:00:00,0.0110482174
2025-08-29 22:00:00,0.0005704541
2025-08-29 23:00:00,0.0030651644
2025-08-30 00:00:00,-0.0005202945
2025-08-30 01:00:00,-0.0134518063
2025-08-30 02:00:00,0.0095591701
2025-08-30 03:00:00,0.0130248997
2025-08-30 04:00:00,-0.0022812694
2025-08-30 05:00:00,0.0024371662
2025-08-30 06:00:00,0.0027780789
2025-08-30 07:00:00,0.0004782001
2025-08-30 08:00:00,-0.0008250382
2025-08-30 09:00:00,-0.0054455521
2025-08-30 10:00:00,-0.0018418761
2025-08-30 11:00:00,-0.0029564935
2025-08-30 12:00:00,-0.017383686
2025-08-30 13:00:00,-0.0002705728
2025-08-30 14:00:00,0.0037936266
2025-08-30 15:00:00,0.0092455468
2025-08-30 16:00:00,-0.0051122989
2025-08-30 17:00:00,-0.0012577312
2025-08-30 18:00:00,-0.0019079307
2025-08-30 19:00:00,0.0039341749
2025-08-30 20:00:00,-0.0010370218
2025-08-30 21:00:00,0.0008540961
2025-08-30 22:00:00,0.000658376
2025-08-30 23:00:00,0.0024711358
2025-08-31 00:00:00,0.0135491319
2025-08-31 01:00:00,0.0038069745
2025-08-31 02:00:00,-0.0044188778
2025-08-31 03:00:00,0.0035940665
2025-08-31 04:00:00,-0.0035100576
2025-08-31 05:00:00,-0.0035224215
2025-08-31 06:00:00,-0.005083048
2025-08-31 07:00:00,0.0004114679
2025-08-31 08:00:00,0.0061878624
2025-08-31 09:00:00,-0.0074712332
2025-08-31 10:00:00,-0.0055763242
2025-08-31 11:00:00,0.0029317507
2025-08-31 12:00:00,0.0013595535
2025-08-31 13:00:00,-0.0036579997
2025-08-31 14:00:00,-0.0004505794
2025-08-31 15:00:00,0.0071971134
2025-08-31 16:00:00,-0.0041565993
2025-08-31 17:00:00,-0.0020178698
2025-08-31 18:00:00,0.0068514598
2025-08-31 19:00:00,-0.0070096578
2025-08-31 20:00:00,0.0083743347
2025-08-31 21:00:00,-0.0028643445
2025-08-31 22:00:00,-0.0074834827
2025-08-31 23:00:00,-0.0107271516
2025-09-01 00:00:00,-0.0063803169
2025-09-01 01:00:00,0.0057885134
2025-09-01 02:00:00,-0.0092429199
2025-09-01 03:00:00,0.008095303
2025-09-01 04:00:00,-0.0111121221
2025-09-01 05:00:00,0.0038380109
2025-09-01 06:00:00,-0.0019047032
2025-09-01 07:00:00,0.0431783145
2025-09-01 08:00:00,0.0046079464
2025-09-01 09:00:00,-0.0076917494
2025-09-01 10:00:00,-0.0098044129
2025-09-01 11:00:00,-0.0068416148
2025-09-01 12:00:00,-0.003169768
2025-09-01 13:00:00,-0.0062838206
2025-09-01 14:00:00,0.0001474419
2025-09-01 15:00:00,-0.00497587
2025-09-01 16:00:00,-0.0038473719
2025-09-01 17:00:00,-0.0040862262
2025-09-01 18:00:00,0.0074642942
2025-09-01 19:00:00,0.002861797
2025-09-01 20:00:00,-0.0212379296
2025-09-01 21:00:00,-0.0068048515
2025-09-01 22:00:00,0.0036291255
2025-09-01 23:00:00,0.011869799
2025-09-02 00:00:00,-0.0007361887
2025-09-02 01:00:00,0.0051295572
2025-09-02 02:00:00,0.0149880168
2025-09-02 03:00:00,-0.0008567303
2025-09-02 04:00:00,0.000807794
2025-09-02 05:00:00,0.0038464169
2025-09-02 06:00:00,0.0019845745
2025-09-02 07:00:00,-0.0061613738
2025-09-02 08:00:00,0.0073526605
2025-09-02 09:00:00,-0.0029930671
2025-09-02 10:00:00,0.0007673709
2025-09-02 11:00:00,-0.0059227772
2025-09-02 12:00:00,-0.0181438899
2025-09-02 13:00:00,0.0269481806
2025-09-02 14:00:00,-0.0012391274
2025-09-02 15:00:00,-0.0154101731
2025-09-02 16:00:00,0.0027490664
2025-09-02 17:00:00,0.0072981833
2025-09-02 18:00:00,-9.77744e-05
2025-09-02 19:00:00,0.0026731293
2025-09-02 20:00:00,0.0103200591
2025-09-02 21:00:00,0.0029153837
2025-09-02 22:00:00,0.0033266311
2025-09-02 23:00:00,0.0011383586
2025-09-03 00:00:00,-0.0050184997
2025-09-03 01:00:00,0.0076377894
2025-09-03 02:00:00,0.0027673094
2025-09-03 03:00:00,-0.0060814429
2025-09-03 04:00:00,0.0012695221
2025-09-03 05:00:00,-0.0063637888
2025-09-03 06:00:00,-0.0009399856
2025-09-03 07:00:00,0.0013012834
2025-09-03 08:00:00,-0.0009396459
2025-09-03 09:00:00,0.0055887218
2025-09-03 10:00:00,-0.001859439
2025-09-03 11:00:00,-0.0003122448
2025-09-03 12:00:00,-0.0021041881
2025-09-03 13:00:00,0.0038802809
2025-09-03 14:00:00,0.0068943953
2025-09-03 15:00:00,0.0013684369
2025-09-03 16:00:00,-0.0058677076
2025-09-03 17:00:00,0.0048564348
2025-09-03 18:00:00,-0.0028370166
2025-09-03 19:00:00,0.0049535705
2025-09-03 20:00:00,-0.0016762271
2025-09-03 21:00:00,0.000249829
2025-09-03 22:00:00,-0.0016786218
2025-09-03 23:00:00,-0.0031266434
2025-09-04 00:00:00,0.0042698409
2025-09-04 01:00:00,-0.0053341734
2025-09-04 02:00:00,-0.0081454611
2025-09-04 03:00:00,-0.0057828105
2025-09-04 04:00:00,-0.0001698761
2025-09-04 05:00:00,-0.0051097488
2025-09-04 06:00:00,-0.0058227889
2025-09-04 07:00:00,0.0034904049
2025-09-04 08:00:00,-0.0017620503
2025-09-04 09:00:00,0.004082237
2025-09-04 10:00:00,0.0004024317
2025-09-04 11:00:00,-0.0027348441
2025-09-04 12:00:00,0.0004400333
2025-09-04 13:00:00,-0.0025450911
2025-09-04 14:00:00,-0.0070079095
2025-09-04 15:00:00,-0.0027427403
2025-09-04 16:00:00,0.0012240433
2025-09-04 17:00:00,-0.0017190316
2025-09-04 18:00:00,-0.0031116563
2025-09-04 19:00:00,-0.0013045668
2025-09-04 20:00:00,0.005937531
2025-09-04 21:00:00,0.0032451336
2025-09-04 22:00:00,0.0069483087
2025-09-04 23:00:00,-0.0101810834
2025-09-05 00:00:00,-0.0032928565
2025-09-05 01:00:00,0.0099567148
2025-09-05 02:00:00,0.0035539253
2025-09-05 03:00:00,0.0001712496
2025-09-05 04:00:00,0.0023822188
2025-09-05 05:00:00,-0.0029572443
2025-09-05 06:00:00,0.0034208116
2025-09-05 07:00:00,0.0126043941
2025-09-05 08:00:00,-0.0046959495
2025-09-05 09:00:00,0.0016926001
2025-09-05 10:00:00,-0.0004953935
2025-09-05 11:00:00,0.0054839566
2025-09-05 12:00:00,0.0154574012
2025-09-05 13:00:00,-0.0021089056
2025-09-05 14:00:00,-0.0256113171
2025-09-05 15:00:00,0.0033406048
2025-09-05 16:00:00,0.0033536561
2025-09-05 17:00:00,-0.005709141
2025-09-05 18:00:00,0.0104840889
2025-09-05 19:00:00,0.0052908589
2025-09-05 20:00:00,0.0025693284
2025-09-05 21:00:00,-0.0085942383
2025-09-05 22:00:00,0.003856764
2025-09-05 23:00:00,-0.0041336773
2025-09-06 00:00:00,0.0043974599
2025-09-06 01:00:00,-0.0031579669
2025-09-06 02:00:00,0.0024623898
2025-09-06 03:00:00,-0.0004559854
2025-09-06 04:00:00,-0.0046316151
2025-09-06 05:00:00,-0.0061079418
2025-09-06 06:00:00,0.0001455728
2025-09-06 07:00:00,0.0002061918
2025-09-06 08:00:00,0.0001818987
2025-09-06 09:00:00,-0.0042164162
2025-09-06 10:00:00,0.0009250019
2025-09-06 11:00:00,0.001653134
2025-09-06 12:00:00,0.000522114
2025-09-06 13:00:00,0.0005339741
2025-09-06 14:00:00,0.0018424471
2025-09-06 15:00:00,-0.0040165326
2025-09-06 16:00:00,0.0003282375
2025-09-06 17:00:00,-0.0039581825
2025-09-06 18:00:00,0.0012073835
2025-09-06 19:00:00,-0.0058063299
2025-09-06 20:00:00,0.0060378833
2025-09-06 21:00:00,-0.0006094662
2025-09-06 22:00:00,-0.0023926961
2025-09-06 23:00:00,0.0002199763
2025-09-07 00:00:00,0.0042920614
2025-09-07 01:00:00,0.0034859111
2025-09-07 02:00:00,0.0007999225
2025-09-07 03:00:00,0.003398587
2025-09-07 04:00:00,-0.0019700153
2025-09-07 05:00:00,0.0007376995
2025-09-07 06:00:00,-0.0022510811
2025-09-07 07:00:00,0.0011019685
2025-09-07 08:00:00,0.0028039322
2025-09-07 09:00:00,-0.002561904
2025-09-07 10:00:00,0.0034304937
2025-09-07 11:00:00,0.0039233671
2025-09-07 12:00:00,-0.0038027893
2025-09-07 13:00:00,0.0015541516
2025-09-07 14:00:00,0.0031490789
2025-09-07 15:00:00,0.0009355996
2025-09-07 16:00:00,-0.005060259
2025-09-07 17:00:00,-0.0029082943
2025-09-07 18:00:00,-0.00232305
2025-09-07 19:00:00,0.003748085
2025-09-07 20:00:00,0.002747718
2025-09-07 21:00:00,-0.0021806843
2025-09-07 22:00:00,0.0068153808
2025-09-07 23:00:00,0.0001676948
2025-09-08 00:00:00,-0.0031910199
2025-09-08 01:00:00,0.0003483881
2025-09-08 02:00:00,0.0095036727
2025-09-08 03:00:00,0.000832491
2025-09-08 04:00:00,-0.0042290917
2025-09-08 05:00:00,0.0002387347
2025-09-08 06:00:00,0.0027175549
2025-09-08 07:00:00,0.0026508345
2025-09-08 08:00:00,0.0037680002
2025-09-08 09:00:00,0.0024687433
2025-09-08 10:00:00,0.0080722827
2025-09-08 11:00:00,-0.0026483253
2025-09-08 12:00:00,0.0036191821
2025-09-08 13:00:00,0.0006311361
2025-09-08 14:00:00,0.0089564643
2025-09-08 15:00:00,0.0009606649
2025-09-08 16:00:00,-0.003975964
2025-09-08 17:00:00,0.0001161413
2025-09-08 18:00:00,0.0079006987
2025-09-08 19:00:00,-0.0072853748
2025-09-08 20:00:00,-0.0010102594
2025-09-08 21:00:00,0.0061155894
2025-09-08 22:00:00,0.0001154654
2025-09-08 23:00:00,-0.0006236718
2025-09-09 00:00:00,0.0043460536
2025-09-09 01:00:00,-0.0050047961
2025-09-09 02:00:00,-0.0086966662
2025-09-09 03:00:00,0.0121934355
2025-09-09 04:00:00,-0.0016833856
2025-09-09 05:00:00,0.0029037966
2025-09-09 06:00:00,0.0153347642
2025-09-09 07:00:00,0.0066181279
2025-09-09 08:00:00,0.0017769385
2025-09-09 09:00:00,-0.0018107084
2025-09-09 10:00:00,-0.0054292443
2025-09-09 11:00:00,0.0006562348
2025-09-09 12:00:00,-0.0018226798
2025-09-09 13:00:00,0.0013022531
2025-09-09 14:00:00,-0.0179267426
2025-09-09 15:00:00,-0.0120778055
2025-09-09 16:00:00,0.0033063269
2025-09-09 17:00:00,0.0014401861
2025-09-09 18:00:00,0.0012178927
2025-09-09 19:00:00,-0.000428993
2025-09-09 20:00:00,0.0018422079
2025-09-09 21:00:00,-0.001575515
2025-09-09 22:00:00,0.00464988
2025-09-09 23:00:00,-0.0018134256
2025-09-10 00:00:00,-0.005262499
2025-09-10 01:00:00,0.0067065759
2025-09-10 02:00:00,0.0115466242
2025-09-10 03:00:00,0.000855515
2025-09-10 04:00:00,-0.0031976639
2025-09-10 05:00:00,-0.0022215361
2025-09-10 06:00:00,0.0041984423
2025-09-10 07:00:00,0.0057371328
2025-09-10 08:00:00,-0.0036274154
2025-09-10 09:00:00,-0.0013337363
2025-09-10 10:00:00,-0.0046993266
2025-09-10 11:00:00,0.002518201
2025-09-10 12:00:00,0.0142902544
2025-09-10 13:00:00,0.0049576566
2025-09-10 14:00:00,-0.0048336968
2025-09-10 15:00:00,0.0004956853
2025-09-10 16:00:00,0.0025084519
2025-09-10 17:00:00,-0.0023395244
2025-09-10 18:00:00,-0.0055897295
2025-09-10 19:00:00,-0.00637303
2025-09-10 20:00:00,0.0023221675
2025-09-10 21:00:00,0.007871069
2025-09-10 22:00:00,0.0008907883
2025-09-10 23:00:00,-0.0023809669
2025-09-11 00:00:00,0.0005308485
2025-09-11 01:00:00,0.0038205624
2025-09-11 02:00:00,-0.0007651971
2025-09-11 03:00:00,0.0068769658
2025-09-11 04:00:00,-0.0048527191
2025-09-11 05:00:00,-0.0031506012
2025-09-11 06:00:00,0.0012389203
2025-09-11 07:00:00,-0.0009684795
2025-09-11 08:00:00,-0.0015221819
2025-09-11 09:00:00,-0.0014227966
2025-09-11 10:00:00,0.0051958122
2025-09-11 11:00:00,-0.0071186722
2025-09-11 12:00:00,-0.0024712083
2025-09-11 13:00:00,0.0019502688
2025-09-11 14:00:00,-0.0078125842
2025-09-11 15:00:00,0.0009243147
2025-09-11 16:00:00,0.0032113358
2025-09-11 17:00:00,0.0026455793
2025-09-11 18:00:00,-0.0012708212
2025-09-11 19:00:00,0.0022908478
2025-09-11 20:00:00,-0.000192592
2025-09-11 21:00:00,0.0021390867
2025-09-11 22:00:00,0.0066482864
2025-09-11 23:00:00,0.0045605641
2025-09-12 00:00:00,0.009579779
2025-09-12 01:00:00,-0.0049842749
2025-09-12 02:00:00,0.0042864189
2025-09-12 03:00:00,-0.0017301234
2025-09-12 04:00:00,0.0038885768
2025-09-12 05:00:00,0.0017786031
2025-09-12 06:00:00,-0.0054673975
2025-09-12 07:00:00,-0.0013770895
2025-09-12 08:00:00,-0.0045668283
2025-09-12 09:00:00,-0.00310844
2025-09-12 10:00:00,-0.0012102062
2025-09-12 11:00:00,-0.0040671471
2025-09-12 12:00:00,0.0026646145
2025-09-12 13:00:00,-0.0023156745
2025-09-12 14:00:00,0.003213522
2025-09-12 15:00:00,0.0029012639
2025-09-12 16:00:00,0.0066333571
2025-09-12 17:00:00,0.0035715512
2025-09-12 18:00:00,0.0015599333
2025-09-12 19:00:00,0.0045332043
2025-09-12 20:00:00,-0.0013985785
2025-09-12 21:00:00,-0.0030461919
2025-09-12 22:00:00,0.0118892047
2025-09-12 23:00:00,0.0022912267
2025-09-13 00:00:00,0.0101597469
2025-09-13 01:00:00,-0.0018788676
2025-09-13 02:00:00,0.0016307139
2025-09-13 03:00:00,0.0026617399
2025-09-13 04:00:00,-0.0019929446
2025-09-13 05:00:00,-0.0019429009
2025-09-13 06:00:00,0.0046351274
2025-09-13 07:00:00,-0.0040842555
2025-09-13 08:00:00,0.012085712
2025-09-13 09:00:00,0.0171880967
2025-09-13 10:00:00,-0.0098112841
2025-09-13 11:00:00,0.0063656492
2025-09-13 12:00:00,-0.0029613726
2025-09-13 13:00:00,-0.0095869064
2025-09-13 14:00:00,0.0036483386
2025-09-13 15:00:00,-0.0048638591
2025-09-13 16:00:00,-0.0126368554
2025-09-13 17:00:00,-0.0002161158
2025-09-13 18:00:00,-6.48438e-05
2025-09-13 19:00:00,0.0015011369
2025-09-13 20:00:00,0.0042428157
2025-09-13 21:00:00,-0.0008385204
2025-09-13 22:00:00,-0.0015283446
2025-09-13 23:00:00,0.001926192
2025-09-14 00:00:00,-0.0074671503
2025-09-14 01:00:00,0.00117989
2025-09-14 02:00:00,0.0032294502
2025-09-14 03:00:00,-0.0121182044
2025-09-14 04:00:00,0.0028338511
2025-09-14 05:00:00,0.0044525122
2025-09-14 06:00:00,-0.0053018246
2025-09-14 07:00:00,-0.0018753958
2025-09-14 08:00:00,-0.0030824076
2025-09-14 09:00:00,0.00572004
2025-09-14 10:00:00,-0.0030415207
2025-09-14 11:00:00,-0.015314673
2025-09-14 12:00:00,-0.0063840416
2025-09-14 13:00:00,-0.0078522266
2025-09-14 14:00:00,-0.0030747596
2025-09-14 15:00:00,0.0001917448
2025-09-14 16:00:00,0.0032315663
2025-09-14 17:00:00,0.0060521339
2025-09-14 18:00:00,-0.0055913329
2025-09-14 19:00:00,-0.0007643713
2025-09-14 20:00:00,0.0014271028
2025-09-14 21:00:00,0.0035868446
2025-09-14 22:00:00,0.0022240983
2025-09-14 23:00:00,-0.0073842421
2025-09-15 00:00:00,-0.0008438582
2025-09-15 01:00:00,0.0033262943
2025-09-15 02:00:00,0.0002019182
2025-09-15 03:00:00,0.0039963113
2025-09-15 04:00:00,0.0039915317
2025-09-15 05:00:00,0.0028445412
2025-09-15 06:00:00,-0.0137641963
2025-09-15 07:00:00,-0.0118481178
2025-09-15 08:00:00,-0.0253627595
2025-09-15 09:00:00,0.0061807987
2025-09-15 10:00:00,0.0007307864
2025-09-15 11:00:00,0.002651861
2025-09-15 12:00:00,-0.005938797
2025-09-15 13:00:00,0.0065515456
2025-09-15 14:00:00,-0.0047847813
2025-09-15 15:00:00,-0.0016736989
2025-09-15 16:00:00,-0.0048626147
2025-09-15 17:00:00,0.0069775175
2025-09-15 18:00:00,0.0007194412
2025-09-15 19:00:00,-0.0026249783
2025-09-15 20:00:00,0.002752567
2025-09-15 21:00:00,0.0037161208
2025-09-15 22:00:00,-0.0044702905
2025-09-15 23:00:00,0.0030248443
2025-09-16 00:00:00,-0.0026999014
2025-09-16 01:00:00,-0.0016025272
2025-09-16 02:00:00,-0.00106978
2025-09-16 03:00:00,0.0013835201
2025-09-16 04:00:00,-0.0015580493
2025-09-16 05:00:00,0.0050605986
2025-09-16 06:00:00,-0.0001852581
2025-09-16 07:00:00,0.0023248158
2025-09-16 08:00:00,0.0056564039
2025-09-16 09:00:00,-0.0006665058
2025-09-16 10:00:00,0.0002298798
2025-09-16 11:00:00,0.0002413169
2025-09-16 12:00:00,0.0008958104
2025-09-16 13:00:00,-0.0052715299
2025-09-16 14:00:00,-0.0018019063
2025-09-16 15:00:00,0.0063040067
2025-09-16 16:00:00,-0.000919498
2025-09-16 17:00:00,0.0092938748
2025-09-16 18:00:00,-0.002578056
2025-09-16 19:00:00,0.0026236255
2025-09-16 20:00:00,-0.0014478464
2025-09-16 21:00:00,0.0063798428
2025-09-16 22:00:00,0.0007139175
2025-09-16 23:00:00,-0.0025861203
2025-09-17 00:00:00,-0.0019667478
2025-09-17 01:00:00,-0.0013209139
2025-09-17 02:00:00,0.0022081346
2025-09-17 03:00:00,-0.0059869151
2025-09-17 04:00:00,-0.0050568573
2025-09-17 05:00:00,0.0101337922
2025-09-17 06:00:00,0.0031132497
2025-09-17 07:00:00,0.00145105
2025-09-17 08:00:00,-0.0065577732
2025-09-17 09:00:00,-0.0053507245
2025-09-17 10:00:00,-0.0010552275
2025-09-17 11:00:00,0.0010093712
2025-09-17 12:00:00,-0.0006077947
2025-09-17 13:00:00,-0.0008147949
2025-09-17 14:00:00,-0.005964736
2025-09-17 15:00:00,0.0035854109
2025-09-17 16:00:00,0.0030449819
2025-09-17 17:00:00,-0.0143170752
2025-09-17 18:00:00,0.0087601951
2025-09-17 19:00:00,0.0191174143
2025-09-17 20:00:00,-0.0026860867
2025-09-17 21:00:00,0.0106676408
2025-09-17 22:00:00,0.0227465446
2025-09-17 23:00:00,0.0025760355
2025-09-18 00:00:00,-0.0044656892
2025-09-18 01:00:00,0.0071333778
2025-09-18 02:00:00,0.0010694488
2025-09-18 03:00:00,0.0010247243
2025-09-18 04:00:00,-0.0044115952
2025-09-18 05:00:00,-0.0048379494
2025-09-18 06:00:00,-0.0067861206
2025-09-18 07:00:00,0.0053334638
2025-09-18 08:00:00,0.013194218
2025-09-18 09:00:00,-0.002045391
2025-09-18 10:00:00,-0.0056793512
2025-09-18 11:00:00,0.0005365483
2025-09-18 12:00:00,0.0007003644
2025-09-18 13:00:00,0.0003499984
2025-09-18 14:00:00,0.0091980946
2025-09-18 15:00:00,0.0048964337
2025-09-18 16:00:00,-0.0022560824
2025-09-18 17:00:00,0.0071179276
2025-09-18 18:00:00,0.0063001936
2025-09-18 19:00:00,-0.0085130592
2025-09-18 20:00:00,0.0006665234
2025-09-18 21:00:00,-0.0020762854
2025-09-18 22:00:00,-0.005983967
2025-09-18 23:00:00,0.0031800656
2025-09-19 00:00:00,0.0092231942
2025-09-19 01:00:00,-0.0013491377
2025-09-19 02:00:00,-0.0085222286
2025-09-19 03:00:00,-0.0064505511
2025-09-19 04:00:00,0.0031600063
2025-09-19 05:00:00,-0.0068757206
2025-09-19 06:00:00,-0.011440491
2025-09-19 07:00:00,-0.0010495789
2025-09-19 08:00:00,0.00369625
2025-09-19 09:00:00,-0.0063749021
2025-09-19 10:00:00,0.0015062412
2025-09-19 11:00:00,-0.0076878163
2025-09-19 12:00:00,0.0031845033
2025-09-19 13:00:00,0.008699942
2025-09-19 14:00:00,-0.0085665479
2025-09-19 15:00:00,-0.0026601237
2025-09-19 16:00:00,0.0084898161
2025-09-19 17:00:00,-0.0081109565
2025-09-19 18:00:00,-0.000891663
2025-09-19 19:00:00,-0.0014506503
2025-09-19 20:00:00,-0.0017659358
2025-09-19 21:00:00,0.0033726845
2025-09-19 22:00:00,-0.0011155237
2025-09-19 23:00:00,-0.0056075855
2025-09-20 00:00:00,0.0074252508
2025-09-20 01:00:00,-0.0026662964
2025-09-20 02:00:00,0.0018972585
2025-09-20 03:00:00,-0.0025565611
2025-09-20 04:00:00,0.0011060403
2025-09-20 05:00:00,0.0044675509
2025-09-20 06:00:00,0.0034844014
2025-09-20 07:00:00,0.0043109232
2025-09-20 08:00:00,-0.0133800942
2025-09-20 09:00:00,-0.0030788029
2025-09-20 10:00:00,-0.0028633849
2025-09-20 11:00:00,0.0074724613
2025-09-20 12:00:00,-0.000770429
2025-09-20 13:00:00,0.0010047896
2025-09-20 14:00:00,0.0026188674
2025-09-20 15:00:00,0.0018569075
2025-09-20 16:00:00,-0.0006222914
2025-09-20 17:00:00,-0.0052716462
2025-09-20 18:00:00,-0.0030441083
2025-09-20 19:00:00,-0.0004708731
2025-09-20 20:00:00,0.0040400478
2025-09-20 21:00:00,0.0015289414
2025-09-20 22:00:00,-0.0004907921
2025-09-20 23:00:00,-0.0029162521
2025-09-21 00:00:00,0.0045550027
2025-09-21 01:00:00,-0.0060667527
2025-09-21 02:00:00,0.0050637547
2025-09-21 03:00:00,0.0020940083
2025-09-21 04:00:00,-0.0002670762
2025-09-21 05:00:00,0.0011568153
2025-09-21 06:00:00,0.0010222223
2025-09-21 07:00:00,-0.0006998873
2025-09-21 08:00:00,-0.0078320643
2025-09-21 09:00:00,-0.0073972817
2025-09-21 10:00:00,-0.0040590941
2025-09-21 11:00:00,0.0003285058
2025-09-21 12:00:00,0.0038095715
2025-09-21 13:00:00,0.002186483
2025-09-21 14:00:00,-0.0025814611
2025-09-21 15:00:00,0.0005754876
2025-09-21 16:00:00,-0.0067233612
2025-09-21 17:00:00,0.0077381204
2025-09-21 18:00:00,0.0025436428
2025-09-21 19:00:00,-0.0006521764
2025-09-21 20:00:00,-0.0026919129
2025-09-21 21:00:00,-0.0009139685
2025-09-21 22:00:00,0.0031783628
2025-09-21 23:00:00,-0.0043982884
2025-09-22 00:00:00,-0.0217548911
2025-09-22 01:00:00,-0.0015374748
2025-09-22 02:00:00,-0.0131121167
2025-09-22 03:00:00,0.0037905866
2025-09-22 04:00:00,-0.0024669286
2025-09-22 05:00:00,-0.0233549223
2025-09-22 06:00:00,-0.0134750005
2025-09-22 07:00:00,-0.0068367794
2025-09-22 08:00:00,0.004721277
2025-09-22 09:00:00,-0.0072803107
2025-09-22 10:00:00,0.0125485918
2025-09-22 11:00:00,-0.0036265542
2025-09-22 12:00:00,0.0052596619
2025-09-22 13:00:00,0.0051840448
2025-09-22 14:00:00,-0.0066839846
2025-09-22 15:00:00,-0.0061685117
2025-09-22 16:00:00,0.0003044603
2025-09-22 17:00:00,0.0023594669
2025-09-22 18:00:00,-0.0034193892
2025-09-22 19:00:00,-0.00529202
2025-09-22 20:00:00,0.0085656241
2025-09-22 21:00:00,0.0052349162
2025-09-22 22:00:00,-0.0023595904
2025-09-22 23:00:00,0.0009202975
2025-09-23 00:00:00,-0.0036741343
2025-09-23 01:00:00,-0.0083563058
2025-09-23 02:00:00,-0.0079203464
2025-09-23 03:00:00,0.0162645039
2025-09-23 04:00:00,-0.0050665086
2025-09-23 05:00:00,0.0002685842
2025-09-23 06:00:00,0.0092948199
2025-09-23 07:00:00,-0.0028582175
2025-09-23 08:00:00,0.0021686332
2025-09-23 09:00:00,-0.0037587192
2025-09-23 10:00:00,0.0001579078
2025-09-23 11:00:00,-0.0006439346
2025-09-23 12:00:00,0.0013845539
2025-09-23 13:00:00,-0.0025519828
2025-09-23 14:00:00,-0.0027659164
2025-09-23 15:00:00,0.0040913299
2025-09-23 16:00:00,0.0049819191
2025-09-23 17:00:00,-0.0153400226
2025-09-23 18:00:00,-0.0035793616
2025-09-23 19:00:00,-0.0035674866
2025-09-23 20:00:00,0.0057092631
2025-09-23 21:00:00,0.0007743411
2025-09-23 22:00:00,-0.0026697029
2025-09-23 23:00:00,-0.0070839425
2025-09-24 00:00:00,0.0065047716
2025-09-24 01:00:00,0.0057276459
2025-09-24 02:00:00,-0.005752299
2025-09-24 03:00:00,-0.0131648602
2025-09-24 04:00:00,0.0068584216
2025-09-24 05:00:00,0.0094448062
2025-09-24 06:00:00,0.0024545913
2025-09-24 07:00:00,-0.0012879092
2025-09-24 08:00:00,0.0028067356
2025-09-24 09:00:00,0.0014554174
2025-09-24 10:00:00,-0.0007824822
2025-09-24 11:00:00,0.0013811566
2025-09-24 12:00:00,0.0032924048
2025-09-24 13:00:00,-0.0049671502
2025-09-24 14:00:00,0.0120153703
2025-09-24 15:00:00,-0.0081201099
2025-09-24 16:00:00,0.0015465647
2025-09-24 17:00:00,0.0035225846
2025-09-24 18:00:00,-0.0021363639
2025-09-24 19:00:00,-0.0001093686
2025-09-24 20:00:00,-0.0022751477
2025-09-24 21:00:00,-0.0072123925
2025-09-24 22:00:00,-0.0006013414
2025-09-24 23:00:00,-0.0030613962
2025-09-25 00:00:00,-0.0044303831
2025-09-25 01:00:00,-0.0062780141
2025-09-25 02:00:00,0.0046812321
2025-09-25 03:00:00,-0.0078101107
2025-09-25 04:00:00,-0.0126775622
2025-09-25 05:00:00,0.0081476848
2025-09-25 06:00:00,-0.0095775309
2025-09-25 07:00:00,0.0013792669
2025-09-25 08:00:00,-0.0046642585
2025-09-25 09:00:00,-0.0013475549
2025-09-25 10:00:00,-0.0001908385
2025-09-25 11:00:00,-0.0066383505
2025-09-25 12:00:00,0.0054033816
2025-09-25 13:00:00,0.0060836786
2025-09-25 14:00:00,0.0059713729
2025-09-25 15:00:00,-0.0045921409
2025-09-25 16:00:00,-0.0170506136
2025-09-25 17:00:00,-0.0250319115
2025-09-25 18:00:00,0.0244658131
2025-09-25 19:00:00,-0.0072330243
2025-09-25 20:00:00,-0.0076905939
2025-09-25 21:00:00,0.0059650351
2025-09-25 22:00:00,-0.0026395017
2025-09-25 23:00:00,-0.0055225317
2025-09-26 00:00:00,0.0200120733
2025-09-26 01:00:00,-0.0002438445
2025-09-26 02:00:00,-0.0038838496
2025-09-26 03:00:00,0.0014549952
2025-09-26 04:00:00,-0.0039062298
2025-09-26 05:00:00,-0.0014477582
2025-09-26 06:00:00,0.0011506217
2025-09-26 07:00:00,0.001033138
2025-09-26 08:00:00,0.0015348207
2025-09-26 09:00:00,-0.0038350091
2025-09-26 10:00:00,-0.0132969772
2025-09-26 11:00:00,0.0017683471
2025-09-26 12:00:00,0.011632123
2025-09-26 13:00:00,0.0061771976
2025-09-26 14:00:00,-0.0140863811
2025-09-26 15:00:00,0.0107381493
2025-09-26 16:00:00,0.0116318407
2025-09-26 17:00:00,0.0074691674
2025-09-26 18:00:00,0.0040667405
2025-09-26 19:00:00,-0.0035353572
2025-09-26 20:00:00,-0.0024441685
2025-09-26 21:00:00,0.0031775195
2025-09-26 22:00:00,0.000164298
2025-09-26 23:00:00,0.0012755506
2025-09-27 00:00:00,-0.0003913326
2025-09-27 01:00:00,-0.0013645497
2025-09-27 02:00:00,-0.0015056909
2025-09-27 03:00:00,0.0047623649
2025-09-27 04:00:00,-0.0016775036
2025-09-27 05:00:00,-0.0005682141
2025-09-27 06:00:00,-0.0014535713
2025-09-27 07:00:00,-0.0082685512
2025-09-27 08:00:00,-0.0056660274
2025-09-27 09:00:00,0.0047856165
2025-09-27 10:00:00,0.0016198673
2025-09-27 11:00:00,-0.0014411705
2025-09-27 12:00:00,0.003541811
2025-09-27 13:00:00,-0.0006106404
2025-09-27 14:00:00,-2.54514e-05
2025-09-27 15:00:00,7.63524e-05
2025-09-27 16:00:00,-0.0034288734
2025-09-27 17:00:00,-0.0024673851
2025-09-27 18:00:00,-0.0005633659
2025-09-27 19:00:00,0.0013950306
2025-09-27 20:00:00,-0.002881791
2025-09-27 21:00:00,0.0051557387
2025-09-27 22:00:00,0.0015428265
2025-09-27 23:00:00,-0.0045204454
2025-09-28 00:00:00,-0.0038340999
2025-09-28 01:00:00,-0.0059145465
2025-09-28 02:00:00,0.0020140994
2025-09-28 03:00:00,3.8693e-05
2025-09-28 04:00:00,-0.0002837831
2025-09-28 05:00:00,-0.001058447
2025-09-28 06:00:00,-0.0022885228
2025-09-28 07:00:00,0.0009962158
2025-09-28 08:00:00,-0.0033548602
2025-09-28 09:00:00,-0.002468271
2025-09-28 10:00:00,0.0005331426
2025-09-28 11:00:00,-0.0004811162
2025-09-28 12:00:00,-0.0031133397
2025-09-28 13:00:00,0.0131427353
2025-09-28 14:00:00,0.0041504766
2025-09-28 15:00:00,0.0021647664
2025-09-28 16:00:00,0.0068349305
2025-09-28 17:00:00,0.0054370346
2025-09-28 18:00:00,0.0002906628
2025-09-28 19:00:00,-0.0013149745
2025-09-28 20:00:00,0.0044563185
2025-09-28 21:00:00,0.00078065
2025-09-28 22:00:00,0.0185303638
2025-09-28 23:00:00,-0.0003212851
2025-09-29 00:00:00,-0.0044964494
2025-09-29 01:00:00,-0.0069015622
2025-09-29 02:00:00,0.0021353521
2025-09-29 03:00:00,0.0035363886
2025-09-29 04:00:00,-0.0029378102
2025-09-29 05:00:00,-0.0031090243
2025-09-29 06:00:00,-0.0048388
2025-09-29 07:00:00,0.003324492
2025-09-29 08:00:00,0.0046731976
2025-09-29 09:00:00,-0.0043476157
2025-09-29 10:00:00,-0.0061790612
2025-09-29 11:00:00,0.0019884976
2025-09-29 12:00:00,-0.0051935072
2025-09-29 13:00:00,0.0195736232
2025-09-29 14:00:00,0.0074700467
2025-09-29 15:00:00,-0.0127885471
2025-09-29 16:00:00,-0.0051715854
2025-09-29 17:00:00,0.0041992713
2025-09-29 18:00:00,-0.0041116064
2025-09-29 19:00:00,0.0085913431
2025-09-29 20:00:00,0.0099697535
2025-09-29 21:00:00,-0.0020796296
2025-09-29 22:00:00,-0.0032696904
2025-09-29 23:00:00,-0.0033300147
2025-09-30 00:00:00,-0.0065187333
2025-09-30 01:00:00,-0.0001747488
2025-09-30 02:00:00,-0.0022119617
2025-09-30 03:00:00,-0.0013395514
2025-09-30 04:00:00,-0.0006391098
2025-09-30 05:00:00,0.004265519
2025-09-30 06:00:00,-0.0001248299
2025-09-30 07:00:00,-0.0083615357
2025-09-30 08:00:00,-0.0016252484
2025-09-30 09:00:00,-0.0080135633
2025-09-30 10:00:00,0.0027290342
2025-09-30 11:00:00,0.0035429621
2025-09-30 12:00:00,-0.0025167427
2025-09-30 13:00:00,0.0019355457
2025-09-30 14:00:00,-0.0002275169
2025-09-30 15:00:00,-0.0098835872
2025-09-30 16:00:00,0.0004339779
2025-09-30 17:00:00,0.0006251077
2025-09-30 18:00:00,0.0078759569
2025-09-30 19:00:00,0.0137102925
2025-09-30 20:00:00,0.0088719378
2025-09-30 21:00:00,-0.0045006864
2025-09-30 22:00:00,-0.0033732722
2025-09-30 23:00:00,0.0064007576
2025-10-01 00:00:00,7.4331e-05
2025-10-01 01:00:00,0.0043141079
2025-10-01 02:00:00,-0.0070059329
2025-10-01 03:00:00,-0.0080190491
2025-10-01 04:00:00,0.0020264192
2025-10-01 05:00:00,0.0038912011
2025-10-01 06:00:00,-0.0052542039
2025-10-01 07:00:00,0.0077530397
2025-10-01 08:00:00,0.0285198577
2025-10-01 09:00:00,0.0064352996
2025-10-01 10:00:00,-0.0028697181
2025-10-01 11:00:00,0.0061256852
2025-10-01 12:00:00,-0.004984016
2025-10-01 13:00:00,0.0061784025
2025-10-01 14:00:00,0.002634545
2025-10-01 15:00:00,0.0002380782
2025-10-01 16:00:00,-0.0051551427
2025-10-01 17:00:00,-1.19641e-05
2025-10-01 18:00:00,0.0091465142
2025-10-01 19:00:00,0.0032667003
2025-10-01 20:00:00,-0.0028281532
2025-10-01 21:00:00,-0.0027648748
2025-10-01 22:00:00,0.0040438594
2025-10-01 23:00:00,0.0071933424
2025-10-02 00:00:00,-0.0018582338
2025-10-02 01:00:00,0.0117031576
2025-10-02 02:00:00,-0.0013272638
2025-10-02 03:00:00,-0.0028000112
2025-10-02 04:00:00,-0.0026672922
2025-10-02 05:00:00,0.0013111378
2025-10-02 06:00:00,0.0067275938
2025-10-02 07:00:00,-0.0071371398
2025-10-02 08:00:00,0.0030266756
2025-10-02 09:00:00,-0.0015414081
2025-10-02 10:00:00,-0.0028906997
2025-10-02 11:00:00,-0.0032988026
2025-10-02 12:00:00,0.0061544427
2025-10-02 13:00:00,-0.0021526771
2025-10-02 14:00:00,-0.0145342136
2025-10-02 15:00:00,0.0151547535
2025-10-02 16:00:00,0.0059981742
2025-10-02 17:00:00,0.0024867252
2025-10-02 18:00:00,0.0122270654
2025-10-02 19:00:00,0.0040503024
2025-10-02 20:00:00,-0.005404057
2025-10-02 21:00:00,-0.0002411146
2025-10-02 22:00:00,-0.0056310281
2025-10-02 23:00:00,0.0060558101
2025-10-03 00:00:00,-0.0089006306
2025-10-03 01:00:00,-0.0072526411
2025-10-03 02:00:00,0.0072758024
2025-10-03 03:00:00,-0.0015066004
2025-10-03 04:00:00,0.0028606027
2025-10-03 05:00:00,-0.0042417142
2025-10-03 06:00:00,-0.0028028978
2025-10-03 07:00:00,-0.0013285941
2025-10-03 08:00:00,0.003341428
2025-10-03 09:00:00,-0.0016751397
2025-10-03 10:00:00,-0.0001513661
2025-10-03 11:00:00,-0.0046686515
2025-10-03 12:00:00,0.0007601406
2025-10-03 13:00:00,0.0014601868
2025-10-03 14:00:00,0.0045305071
2025-10-03 15:00:00,0.0156341456
2025-10-03 16:00:00,0.0035743076
2025-10-03 17:00:00,-0.017234967
2025-10-03 18:00:00,0.0121150728
2025-10-03 19:00:00,-0.0022711901
2025-10-03 20:00:00,0.001652286
2025-10-03 21:00:00,-0.0023760205
2025-10-03 22:00:00,0.0008500471
2025-10-03 23:00:00,-0.0059193576
2025-10-04 00:00:00,-0.0026369676
2025-10-04 01:00:00,-0.0079178634
2025-10-04 02:00:00,-0.0025245455
2025-10-04 03:00:00,0.0003744091
2025-10-04 04:00:00,0.0008652846
2025-10-04 05:00:00,0.0018333309
2025-10-04 06:00:00,-0.0005368062
2025-10-04 07:00:00,-0.0042814093
2025-10-04 08:00:00,-0.0068107093
2025-10-04 09:00:00,-0.0026592146
2025-10-04 10:00:00,-0.0016937613
2025-10-04 11:00:00,0.0002370623
2025-10-04 12:00:00,-0.0007232159
2025-10-04 13:00:00,0.0036226776
2025-10-04 14:00:00,-0.0088906356
2025-10-04 15:00:00,-0.0040380925
2025-10-04 16:00:00,0.0008137086
2025-10-04 17:00:00,0.0016851419
2025-10-04 18:00:00,-0.0015057364
2025-10-04 19:00:00,0.0024605841
2025-10-04 20:00:00,0.0007870636
2025-10-04 21:00:00,0.0030351204
2025-10-04 22:00:00,0.0011283801
2025-10-04 23:00:00,-0.0033294125
2025-10-05 00:00:00,-0.0043687999
2025-10-05 01:00:00,0.00601111
2025-10-05 02:00:00,0.0225508051
2025-10-05 03:00:00,-0.0056311247
2025-10-05 04:00:00,0.0139092698
2025-10-05 05:00:00,0.0048309273
2025-10-05 06:00:00,-0.0040011091
2025-10-05 07:00:00,0.0113748885
2025-10-05 08:00:00,-0.0002164367
2025-10-05 09:00:00,-0.0136499751
2025-10-05 10:00:00,-0.0035866799
2025-10-05 11:00:00,0.0012394374
2025-10-05 12:00:00,-0.0087201743
2025-10-05 13:00:00,0.0014353316
2025-10-05 14:00:00,-0.0033289173
2025-10-05 15:00:00,-0.0009247175
2025-10-05 16:00:00,-0.0003982431
2025-10-05 17:00:00,-0.0109432321
2025-10-05 18:00:00,-0.0004857331
2025-10-05 19:00:00,-0.0157175098
2025-10-05 20:00:00,0.0067065631
2025-10-05 21:00:00,0.0006096359
2025-10-05 22:00:00,0.0005973216
2025-10-05 23:00:00,0.0001671861
2025-10-06 00:00:00,-0.0018525496
2025-10-06 01:00:00,0.005190416
2025-10-06 02:00:00,0.0005354052
2025-10-06 03:00:00,-0.000345006
2025-10-06 04:00:00,-0.001810257
2025-10-06 05:00:00,0.0048635857
2025-10-06 06:00:00,0.0028074766
2025-10-06 07:00:00,-0.0027007195
2025-10-06 08:00:00,0.0105011997
2025-10-06 09:00:00,-0.0011626748
2025-10-06 10:00:00,0.0014560658
2025-10-06 11:00:00,-0.0011270914
2025-10-06 12:00:00,0.0043136356
2025-10-06 13:00:00,0.0117674408
2025-10-06 14:00:00,-0.0025927441
2025-10-06 15:00:00,0.0129542202
2025-10-06 16:00:00,-0.0005378528
2025-10-06 17:00:00,0.0060029396
2025-10-06 18:00:00,0.0014099082
2025-10-06 19:00:00,-0.0023205826
2025-10-06 20:00:00,-0.0051380534
2025-10-06 21:00:00,0.0027321641
2025-10-06 22:00:00,0.0015969707
2025-10-06 23:00:00,-0.0061279745
2025-10-07 00:00:00,0.0047478852
2025-10-07 01:00:00,-0.0050460948
2025-10-07 02:00:00,-0.0007688733
2025-10-07 03:00:00,-0.0030238424
2025-10-07 04:00:00,0.0036894685
2025-10-07 05:00:00,0.0006422534
2025-10-07 06:00:00,-0.015342792
2025-10-07 07:00:00,-0.0024245545
2025-10-07 08:00:00,0.0006533432
2025-10-07 09:00:00,-0.0016808885
2025-10-07 10:00:00,0.0033938861
2025-10-07 11:00:00,0.0015589556
2025-10-07 12:00:00,0.0127178358
2025-10-07 13:00:00,-0.0149523176
2025-10-07 14:00:00,-0.0213494364
2025-10-07 15:00:00,-0.0074907612
2025-10-07 16:00:00,0.0024074607
2025-10-07 17:00:00,-0.0082766715
2025-10-07 18:00:00,-0.0051154718
2025-10-07 19:00:00,0.001320676
2025-10-07 20:00:00,0.0041204285
2025-10-07 21:00:00,-0.0038419765
2025-10-07 22:00:00,-0.0023268507
2025-10-07 23:00:00,-0.0047309588
2025-10-08 00:00:00,0.00739669
2025-10-08 01:00:00,0.0024293125
2025-10-08 02:00:00,-0.0035916668
2025-10-08 03:00:00,-0.0148044175
2025-10-08 04:00:00,0.0062267312
2025-10-08 05:00:00,-0.0047646259
2025-10-08 06:00:00,0.0014722303
2025-10-08 07:00:00,0.0021431248
2025-10-08 08:00:00,0.0037364049
2025-10-08 09:00:00,-0.0016100706
2025-10-08 10:00:00,0.0076490812
2025-10-08 11:00:00,-0.0042855214
2025-10-08 12:00:00,0.0014467472
2025-10-08 13:00:00,-0.0027250294
2025-10-08 14:00:00,-0.0043094832
2025-10-08 15:00:00,0.0012349228
2025-10-08 16:00:00,0.0114932622
2025-10-08 17:00:00,0.0190839778
2025-10-08 18:00:00,-0.002955369
2025-10-08 19:00:00,-0.0014869184
2025-10-08 20:00:00,-0.0059100063
2025-10-08 21:00:00,0.0040273724
2025-10-08 22:00:00,-0.0004533146
2025-10-08 23:00:00,0.0010852261
2025-10-09 00:00:00,-0.0044437616
2025-10-09 01:00:00,-0.0096601674
2025-10-09 02:00:00,-0.0150662672
2025-10-09 03:00:00,0.0079450865
2025-10-09 04:00:00,0.0047248104
2025-10-09 05:00:00,-0.0048709184
2025-10-09 06:00:00,-0.0048947604
2025-10-09 07:00:00,-0.0027446961
2025-10-09 08:00:00,-0.0150824963
2025-10-09 09:00:00,0.0058745892
2025-10-09 10:00:00,0.0011881042
2025-10-09 11:00:00,0.0059317348
2025-10-09 12:00:00,0.0087041701
2025-10-09 13:00:00,-0.0157620939
2025-10-09 14:00:00,-0.0015862397
2025-10-09 15:00:00,-0.0021727668
2025-10-09 16:00:00,-0.0096668585
2025-10-09 17:00:00,0.0156028443
2025-10-09 18:00:00,-0.0044704019
2025-10-09 19:00:00,0.0052238186
2025-10-09 20:00:00,-0.0013343054
2025-10-09 21:00:00,0.004576159
2025-10-09 22:00:00,0.0065623875
2025-10-09 23:00:00,-0.0028649807
2025-10-10 00:00:00,-0.0005519001
2025-10-10 01:00:00,0.0006132035
2025-10-10 02:00:00,-0.0027623818
2025-10-10 03:00:00,0.0042937475
2025-10-10 04:00:00,-0.0004285461
2025-10-10 05:00:00,0.0064089872
2025-10-10 06:00:00,-0.0069847524
2025-10-10 07:00:00,-0.0068858093
2025-10-10 08:00:00,0.0090279372
2025-10-10 09:00:00,-0.0064032799
2025-10-10 10:00:00,0.0061831584
2025-10-10 11:00:00,0.0006357746
2025-10-10 12:00:00,0.0004521321
2025-10-10 13:00:00,7.32995e-05
2025-10-10 14:00:00,-0.0148422534
2025-10-10 15:00:00,-0.0288424086
2025-10-10 16:00:00,-0.0031186917
2025-10-10 17:00:00,-0.0030000407
2025-10-10 18:00:00,-0.0051233973
2025-10-10 19:00:00,-0.0086064405
2025-10-10 20:00:00,-0.0681099349
2025-10-10 21:00:00,0.0441330255
2025-10-10 22:00:00,-0.0262755314
2025-10-10 23:00:00,-0.100149741
2025-10-11 00:00:00,-0.0185542579
2025-10-11 01:00:00,-0.0241810138
2025-10-11 02:00:00,0.0557678568
2025-10-11 03:00:00,-0.0322189981
2025-10-11 04:00:00,0.0165806273
2025-10-11 05:00:00,-0.0166577468
2025-10-11 06:00:00,0.0042174022
2025-10-11 07:00:00,0.0023932265
2025-10-11 08:00:00,0.0306611423
2025-10-11 09:00:00,-0.0088961122
2025-10-11 10:00:00,0.0037711047
2025-10-11 11:00:00,-0.0038160845
2025-10-11 12:00:00,-0.0189046125
2025-10-11 13:00:00,-0.001269026
2025-10-11 14:00:00,-0.0013625545
2025-10-11 15:00:00,0.0041583916
2025-10-11 16:00:00,-0.0050780164
2025-10-11 17:00:00,0.0079421256
2025-10-11 18:00:00,-0.0076201607
2025-10-11 19:00:00,-0.0311381894
2025-10-11 20:00:00,-0.0161493104
2025-10-11 21:00:00,0.0148833873
2025-10-11 22:00:00,0.0021195162
2025-10-11 23:00:00,-0.0005373625
2025-10-12 00:00:00,-0.0152448533
2025-10-12 01:00:00,-0.0027969348
2025-10-12 02:00:00,0.0037756204
2025-10-12 03:00:00,0.0163981122
2025-10-12 04:00:00,0.0153881702
2025-10-12 05:00:00,0.006734762
2025-10-12 06:00:00,0.0033120009
2025-10-12 07:00:00,-0.0044081452
2025-10-12 08:00:00,-0.0048156299
2025-10-12 09:00:00,0.005186292
2025-10-12 10:00:00,-0.0062889392
2025-10-12 11:00:00,0.0012888901
2025-10-12 12:00:00,0.0062191757
2025-10-12 13:00:00,-0.0130864896
2025-10-12 14:00:00,0.0320147887
2025-10-12 15:00:00,0.0297002822
2025-10-12 16:00:00,0.0107542058
2025-10-12 17:00:00,0.0057965296
2025-10-12 18:00:00,-0.0047071179
2025-10-12 19:00:00,0.0156716831
2025-10-12 20:00:00,0.0019845951
2025-10-12 21:00:00,-0.0058795509
2025-10-12 22:00:00,0.0044378983
2025-10-12 23:00:00,0.002382601
2025-10-13 00:00:00,-0.0025825982
2025-10-13 01:00:00,0.0098380094
2025-10-13 02:00:00,0.0062335373
2025-10-13 03:00:00,-0.0098759607
2025-10-13 04:00:00,0.0055222161
2025-10-13 05:00:00,-0.0097053701
2025-10-13 06:00:00,0.0174976904
2025-10-13 07:00:00,0.0054354415
2025-10-13 08:00:00,0.012821221
2025-10-13 09:00:00,-0.0041910285
2025-10-13 10:00:00,-0.0082679493
2025-10-13 11:00:00,-0.0145506605
2025-10-13 12:00:00,0.0023576093
2025-10-13 13:00:00,0.0209858406
2025-10-13 14:00:00,-0.0247012426
2025-10-13 15:00:00,0.0138726161
2025-10-13 16:00:00,0.0005721263
2025-10-13 17:00:00,0.0133309441
2025-10-13 18:00:00,-0.0058952422
2025-10-13 19:00:00,0.0038282717
2025-10-13 20:00:00,0.013141766
2025-10-13 21:00:00,-0.003778196
2025-10-13 22:00:00,0.0011608931
2025-10-13 23:00:00,-0.0041855373
2025-10-14 00:00:00,-0.0019070753
2025-10-14 01:00:00,-0.0078032767
2025-10-14 02:00:00,-0.0064845577
2025-10-14 03:00:00,-0.0021476294
2025-10-14 04:00:00,-0.0153198796
2025-10-14 05:00:00,-0.0116925374
2025-10-14 06:00:00,-0.0221156515
2025-10-14 07:00:00,-0.0059122166
2025-10-14 08:00:00,0.0060295187
2025-10-14 09:00:00,-0.0035103474
2025-10-14 10:00:00,-0.0104122929
2025-10-14 11:00:00,0.0071700824
2025-10-14 12:00:00,-0.0123573882
2025-10-14 13:00:00,0.0088528412
2025-10-14 14:00:00,0.0067761839
2025-10-14 15:00:00,0.0248479844
2025-10-14 16:00:00,-0.0009189461
2025-10-14 17:00:00,0.0040427844
2025-10-14 18:00:00,0.0016296893
2025-10-14 19:00:00,-0.0077288005
2025-10-14 20:00:00,0.0007050918
2025-10-14 21:00:00,0.0019400321
2025-10-14 22:00:00,-7.1786e-05
2025-10-14 23:00:00,0.0037117493
2025-10-15 00:00:00,-0.0011593374
2025-10-15 01:00:00,-0.0025380542
2025-10-15 02:00:00,0.0053696209
2025-10-15 03:00:00,-0.0129937292
2025-10-15 04:00:00,0.007423083
2025-10-15 05:00:00,0.0042845642
2025-10-15 06:00:00,0.0059165443
2025-10-15 07:00:00,-0.0008959236
2025-10-15 08:00:00,0.0036214172
2025-10-15 09:00:00,-0.008284627
2025-10-15 10:00:00,-0.0067695744
2025-10-15 11:00:00,-0.0048037137
2025-10-15 12:00:00,-0.0016787998
2025-10-15 13:00:00,-0.0049078072
2025-10-15 14:00:00,-0.010109002
2025-10-15 15:00:00,-0.0117583163
2025-10-15 16:00:00,0.0001636406
2025-10-15 17:00:00,0.0027481319
2025-10-15 18:00:00,0.003657394
2025-10-15 19:00:00,-0.0105045948
2025-10-15 20:00:00,-0.0058421881
2025-10-15 21:00:00,-0.0051664911
2025-10-15 22:00:00,0.0035426016
2025-10-15 23:00:00,0.0068833924
2025-10-16 00:00:00,-0.0032483357
2025-10-16 01:00:00,0.0084357187
2025-10-16 02:00:00,0.001455972
2025-10-16 03:00:00,-0.0047918898
2025-10-16 04:00:00,-0.0015077893
2025-10-16 05:00:00,-0.001988979
2025-10-16 06:00:00,0.0120524619
2025-10-16 07:00:00,-0.0084661934
2025-10-16 08:00:00,-0.0025688526
2025-10-16 09:00:00,0.0071079224
2025-10-16 10:00:00,0.0076473441
2025-10-16 11:00:00,0.0027664163
2025-10-16 12:00:00,-7.34759e-05
2025-10-16 13:00:00,-0.0102511976
2025-10-16 14:00:00,-0.0063897981
2025-10-16 15:00:00,-0.0252090031
2025-10-16 16:00:00,0.0185976318
2025-10-16 17:00:00,-0.0152931586
2025-10-16 18:00:00,-0.0022170754
2025-10-16 19:00:00,-0.014244772
2025-10-16 20:00:00,-0.0105358605
2025-10-16 21:00:00,0.0124593258
2025-10-16 22:00:00,-0.0103902299
2025-10-16 23:00:00,0.0106536426
2025-10-17 00:00:00,0.006609042
2025-10-17 01:00:00,-0.0020953386
2025-10-17 02:00:00,0.0019106323
2025-10-17 03:00:00,0.0037643416
2025-10-17 04:00:00,-0.0072648116
2025-10-17 05:00:00,-0.0074735982
2025-10-17 06:00:00,-0.029311218
2025-10-17 07:00:00,-0.0237751209
2025-10-17 08:00:00,-0.0191043761
2025-10-17 09:00:00,0.0101195897
2025-10-17 10:00:00,0.0008111173
2025-10-17 11:00:00,0.0207803513
2025-10-17 12:00:00,0.0038174159
2025-10-17 13:00:00,0.0045103169
2025-10-17 14:00:00,-0.0129572579
2025-10-17 15:00:00,0.0176712981
2025-10-17 16:00:00,-3.19933e-05
2025-10-17 17:00:00,0.0015824432
2025-10-17 18:00:00,7.9855e-05
2025-10-17 19:00:00,-0.0033914606
2025-10-17 20:00:00,0.0083777309
2025-10-17 21:00:00,0.0054831997
2025-10-17 22:00:00,-0.0049589366
2025-10-17 23:00:00,-0.0075248259
2025-10-18 00:00:00,0.00507591
2025-10-18 01:00:00,0.0114927418
2025-10-18 02:00:00,-0.0085833366
2025-10-18 03:00:00,0.0039293404
2025-10-18 04:00:00,-0.0105713431
2025-10-18 05:00:00,0.0058002585
2025-10-18 06:00:00,0.0011433291
2025-10-18 07:00:00,0.0030583244
2025-10-18 08:00:00,-0.0001740575
2025-10-18 09:00:00,0.0073944193
2025-10-18 10:00:00,-0.0024534872
2025-10-18 11:00:00,0.0050263202
2025-10-18 12:00:00,-0.0026670866
2025-10-18 13:00:00,-0.0084085148
2025-10-18 14:00:00,0.0011241738
2025-10-18 15:00:00,0.0006485957
2025-10-18 16:00:00,-0.0031678678
2025-10-18 17:00:00,0.0100392307
2025-10-18 18:00:00,-0.0021225589
2025-10-18 19:00:00,0.0014784061
2025-10-18 20:00:00,-0.0014941456
2025-10-18 21:00:00,0.0002675375
2025-10-18 22:00:00,-0.0024735134
2025-10-18 23:00:00,0.0010563242
2025-10-19 00:00:00,-0.0064816213
2025-10-19 01:00:00,0.0007926946
2025-10-19 02:00:00,-0.0020781948
2025-10-19 03:00:00,0.0072785131
2025-10-19 04:00:00,-0.0024150217
2025-10-19 05:00:00,-0.0014708094
2025-10-19 06:00:00,-0.0057139385
2025-10-19 07:00:00,0.0034481423
2025-10-19 08:00:00,-0.0054079119
2025-10-19 09:00:00,0.0136226782
2025-10-19 10:00:00,0.014168902
2025-10-19 11:00:00,-0.0023294468
2025-10-19 12:00:00,-0.0037852576
2025-10-19 13:00:00,0.0202386021
2025-10-19 14:00:00,0.0063877524
2025-10-19 15:00:00,0.0039282054
2025-10-19 16:00:00,-0.0025462661
2025-10-19 17:00:00,-0.0018683502
2025-10-19 18:00:00,0.00547365
2025-10-19 19:00:00,-0.0027254987
2025-10-19 20:00:00,0.0036927776
2025-10-19 21:00:00,-0.008739378
2025-10-19 22:00:00,0.0039239594
2025-10-19 23:00:00,-0.0086745622
2025-10-20 00:00:00,-0.0094303313
2025-10-20 01:00:00,-0.0017945827
2025-10-20 02:00:00,0.0058976272
2025-10-20 03:00:00,0.0204775953
2025-10-20 04:00:00,0.0027711278
2025-10-20 05:00:00,0.0048610061
2025-10-20 06:00:00,0.0080198391
2025-10-20 07:00:00,-0.0052249756
2025-10-20 08:00:00,0.0003730536
2025-10-20 09:00:00,0.0023693692
2025-10-20 10:00:00,-0.0026230305
2025-10-20 11:00:00,-0.0055518702
2025-10-20 12:00:00,-0.0007355756
2025-10-20 13:00:00,0.0033731901
2025-10-20 14:00:00,0.0012564131
2025-10-20 15:00:00,-0.0061926202
2025-10-20 16:00:00,-0.0071094103
2025-10-20 17:00:00,-0.0012125807
2025-10-20 18:00:00,0.0075094598
2025-10-20 19:00:00,0.0050899864
2025-10-20 20:00:00,0.00116749
2025-10-20 21:00:00,-0.0057157157
2025-10-20 22:00:00,0.0028544406
2025-10-20 23:00:00,-0.0050383244
2025-10-21 00:00:00,-0.0014636099
2025-10-21 01:00:00,-0.0042824026
2025-10-21 02:00:00,-0.0086202179
2025-10-21 03:00:00,-0.0039234368
2025-10-21 04:00:00,-0.0171140257
2025-10-21 05:00:00,0.0016076797
2025-10-21 06:00:00,0.0039380241
2025-10-21 07:00:00,0.0003417051
2025-10-21 08:00:00,-0.0037028436
2025-10-21 09:00:00,-0.0006236747
2025-10-21 10:00:00,0.0078919161
2025-10-21 11:00:00,-0.0003095304
2025-10-21 12:00:00,0.0035692526
2025-10-21 13:00:00,-0.0036311702
2025-10-21 14:00:00,0.0433352423
2025-10-21 15:00:00,0.0084285296
2025-10-21 16:00:00,-0.0149274185
2025-10-21 17:00:00,-0.0008358708
2025-10-21 18:00:00,-0.0008216252
2025-10-21 19:00:00,0.0001942633
2025-10-21 20:00:00,-0.0125549511
2025-10-21 21:00:00,0.0004538166
2025-10-21 22:00:00,-0.017299147
2025-10-21 23:00:00,-0.011576747
2025-10-22 00:00:00,-0.0014020004
2025-10-22 01:00:00,0.0019622507
2025-10-22 02:00:00,-0.0005758172
2025-10-22 03:00:00,-0.0007007654
2025-10-22 04:00:00,0.0034368303
2025-10-22 05:00:00,-0.0114918668
2025-10-22 06:00:00,-0.0010370022
2025-10-22 07:00:00,0.002370953
2025-10-22 08:00:00,-0.0031100804
2025-10-22 09:00:00,-0.0067401974
2025-10-22 10:00:00,-0.002029363
2025-10-22 11:00:00,0.0096030052
2025-10-22 12:00:00,0.0021511632
2025-10-22 13:00:00,0.0084031483
2025-10-22 14:00:00,-0.0049271169
2025-10-22 15:00:00,-0.0063033325
2025-10-22 16:00:00,-0.0044455728
2025-10-22 17:00:00,-0.0069442522
2025-10-22 18:00:00,-0.0018631617
2025-10-22 19:00:00,0.0002071895
2025-10-22 20:00:00,-0.0079838508
2025-10-22 21:00:00,-0.0111296226
2025-10-22 22:00:00,0.0001949033
2025-10-22 23:00:00,0.0127963793
2025-10-23 00:00:00,0.0042240063
2025-10-23 01:00:00,0.0009256157
2025-10-23 02:00:00,9.57045e-05
2025-10-23 03:00:00,0.0010840109
2025-10-23 04:00:00,0.003054409
2025-10-23 05:00:00,0.0038049383
2025-10-23 06:00:00,0.0174585823
2025-10-23 07:00:00,-0.0055042434
2025-10-23 08:00:00,0.0016560175
2025-10-23 09:00:00,-0.0003122463
2025-10-23 10:00:00,-1.56149e-05
2025-10-23 11:00:00,-0.0062027359
2025-10-23 12:00:00,0.0054060538
2025-10-23 13:00:00,0.0005468109
2025-10-23 14:00:00,-0.0007030976
2025-10-23 15:00:00,0.0045535431
2025-10-23 16:00:00,0.0080580613
2025-10-23 17:00:00,0.0073350526
2025-10-23 18:00:00,-0.0107363113
2025-10-23 19:00:00,-0.0002478161
2025-10-23 20:00:00,-0.0100102806
2025-10-23 21:00:00,0.0003441587
2025-10-23 22:00:00,0.0028581935
2025-10-23 23:00:00,0.0025545185
2025-10-24 00:00:00,0.003695599
2025-10-24 01:00:00,-0.0013803695
2025-10-24 02:00:00,-0.0025797242
2025-10-24 03:00:00,-0.002726814
2025-10-24 04:00:00,0.0166955502
2025-10-24 05:00:00,0.0015179745
2025-10-24 06:00:00,0.0032276103
2025-10-24 07:00:00,-0.0079577847
2025-10-24 08:00:00,0.0029666542
2025-10-24 09:00:00,-0.0015360278
2025-10-24 10:00:00,-0.004421548
2025-10-24 11:00:00,0.0049133336
2025-10-24 12:00:00,0.005943736
2025-10-24 13:00:00,-0.0023548852
2025-10-24 14:00:00,-0.0108363768
2025-10-24 15:00:00,-0.0014403311
2025-10-24 16:00:00,0.0018426335
2025-10-24 17:00:00,0.0036905254
2025-10-24 18:00:00,0.0035694542
2025-10-24 19:00:00,0.005895476
2025-10-24 20:00:00,0.0018152286
2025-10-24 21:00:00,0.0029218428
2025-10-24 22:00:00,-0.0004255707
2025-10-24 23:00:00,-0.0028621035
2025-10-25 00:00:00,-0.0009762051
2025-10-25 01:00:00,0.0030018384
2025-10-25 02:00:00,-0.0007458087
2025-10-25 03:00:00,-0.0046242328
2025-10-25 04:00:00,0.0047308109
2025-10-25 05:00:00,-0.0023473474
2025-10-25 06:00:00,-0.0051253526
2025-10-25 07:00:00,-0.0003375113
2025-10-25 08:00:00,0.004317677
2025-10-25 09:00:00,-0.0062528939
2025-10-25 10:00:00,0.0007683915
2025-10-25 11:00:00,0.0048426245
2025-10-25 12:00:00,0.002534546
2025-10-25 13:00:00,-0.0041869837
2025-10-25 14:00:00,0.0029052452
2025-10-25 15:00:00,-0.002752127
2025-10-25 16:00:00,0.0011017599
2025-10-25 17:00:00,0.001375495
2025-10-25 18:00:00,0.005498327
2025-10-25 19:00:00,-0.0013983678
2025-10-25 20:00:00,-0.0023603772
2025-10-25 21:00:00,-0.0002897203
2025-10-25 22:00:00,0.0015543571
2025-10-25 23:00:00,-0.0037375807
2025-10-26 00:00:00,-3.05684e-05
2025-10-26 01:00:00,-0.0042274294
2025-10-26 02:00:00,-0.0035211575
2025-10-26 03:00:00,-0.0022977349
2025-10-26 04:00:00,0.0049589679
2025-10-26 05:00:00,0.0044604953
2025-10-26 06:00:00,0.0008102551
2025-10-26 07:00:00,0.0020761464
2025-10-26 08:00:00,0.0025130808
2025-10-26 09:00:00,0.0097034496
2025-10-26 10:00:00,-0.0027455553
2025-10-26 11:00:00,0.0170002072
2025-10-26 12:00:00,0.0040462783
2025-10-26 13:00:00,0.0019948731
2025-10-26 14:00:00,-0.0026903194
2025-10-26 15:00:00,0.0034871557
2025-10-26 16:00:00,-0.0061698908
2025-10-26 17:00:00,0.0012459213
2025-10-26 18:00:00,0.0011851502
2025-10-26 19:00:00,-0.0039014743
2025-10-26 20:00:00,-0.0037377098
2025-10-26 21:00:00,0.0053416784
2025-10-26 22:00:00,0.0136186868
2025-10-26 23:00:00,-0.0029908099
2025-10-27 00:00:00,0.0062499746
2025-10-27 01:00:00,0.0087166778
2025-10-27 02:00:00,-0.0042326265
2025-10-27 03:00:00,-0.005301498
2025-10-27 04:00:00,-2.92069e-05
2025-10-27 05:00:00,0.0012842967
2025-10-27 06:00:00,0.0004082942
2025-10-27 07:00:00,-0.008594678
2025-10-27 08:00:00,0.0026580333
2025-10-27 09:00:00,-0.0079510402
2025-10-27 10:00:00,-0.0006358642
2025-10-27 11:00:00,0.0026443122
2025-10-27 12:00:00,-0.0071364363
2025-10-27 13:00:00,0.0011434767
2025-10-27 14:00:00,-0.0057752866
2025-10-27 15:00:00,0.0064429473
2025-10-27 16:00:00,0.0130408762
2025-10-27 17:00:00,-0.000234264
2025-10-27 18:00:00,-0.0028888828
2025-10-27 19:00:00,-0.0099622262
2025-10-27 20:00:00,-0.0074887758
2025-10-27 21:00:00,-0.0007624401
2025-10-27 22:00:00,-0.0032956363
2025-10-27 23:00:00,0.0005250328
2025-10-28 00:00:00,-0.0007201152
2025-10-28 01:00:00,0.0054031937
2025-10-28 02:00:00,-0.0059586367
2025-10-28 03:00:00,-0.0008863451
2025-10-28 04:00:00,0.001786908
2025-10-28 05:00:00,-0.0120291535
2025-10-28 06:00:00,0.0133335309
2025-10-28 07:00:00,-0.0061921564
2025-10-28 08:00:00,0.0030557816
2025-10-28 09:00:00,0.0009314345
2025-10-28 10:00:00,-0.0012621521
2025-10-28 11:00:00,-0.0040828374
2025-10-28 12:00:00,0.0073851025
2025-10-28 13:00:00,0.0063784396
2025-10-28 14:00:00,-0.0100867349
2025-10-28 15:00:00,-0.0009781571
2025-10-28 16:00:00,0.0081570679
2025-10-28 17:00:00,-4.48019e-05
2025-10-28 18:00:00,-0.0063222132
2025-10-28 19:00:00,-0.0168534801
2025-10-28 20:00:00,-0.0152627692
2025-10-28 21:00:00,0.0007601673
2025-10-28 22:00:00,0.0057368778
2025-10-28 23:00:00,-0.0038931595
2025-10-29 00:00:00,-0.0034888895
2025-10-29 01:00:00,-0.0001708804
2025-10-29 02:00:00,0.0009938043
2025-10-29 03:00:00,-0.0031556311
2025-10-29 04:00:00,0.0020064555
2025-10-29 05:00:00,0.0028549725
2025-10-29 06:00:00,0.000542144
2025-10-29 07:00:00,0.0010524688
2025-10-29 08:00:00,-0.0076244381
2025-10-29 09:00:00,0.0018998978
2025-10-29 10:00:00,0.0053067809
2025-10-29 11:00:00,0.0061404784
2025-10-29 12:00:00,0.0015829962
2025-10-29 13:00:00,-0.0056981966
2025-10-29 14:00:00,-0.002412248
2025-10-29 15:00:00,-0.0097857729
2025-10-29 16:00:00,0.0025295123
2025-10-29 17:00:00,0.0215669226
2025-10-29 18:00:00,-0.0130574223
2025-10-29 19:00:00,0.0045664293
2025-10-29 20:00:00,0.0055105015
2025-10-29 21:00:00,-0.0003980709
2025-10-29 22:00:00,-0.0063907797
2025-10-29 23:00:00,-0.0137331757
2025-10-30 00:00:00,0.0056402256
2025-10-30 01:00:00,-0.0014459745
2025-10-30 02:00:00,0.0080428765
2025-10-30 03:00:00,-0.0053702414
2025-10-30 04:00:00,-0.0243943268
2025-10-30 05:00:00,0.0180585412
2025-10-30 06:00:00,0.002230664
2025-10-30 07:00:00,0.0062442925
2025-10-30 08:00:00,-0.0099596217
2025-10-30 09:00:00,-0.0078978562
2025-10-30 10:00:00,-0.0041069766
2025-10-30 11:00:00,-0.0019963882
2025-10-30 12:00:00,-0.0178907671
2025-10-30 13:00:00,-0.0144254772
2025-10-30 14:00:00,0.0012932695
2025-10-30 15:00:00,-0.0134893465
2025-10-30 16:00:00,0.0039552889
2025-10-30 17:00:00,-0.0077764629
2025-10-30 18:00:00,-0.010155259
2025-10-30 19:00:00,-0.0134584698
2025-10-30 20:00:00,0.0154239486
2025-10-30 21:00:00,0.0059567809
2025-10-30 22:00:00,-0.0001167864
2025-10-30 23:00:00,0.0037137927
2025-10-31 00:00:00,0.0094798417
2025-10-31 01:00:00,0.0062703334
2025-10-31 02:00:00,-0.006171542
2025-10-31 03:00:00,0.0046322235
2025-10-31 04:00:00,0.0081607791
2025-10-31 05:00:00,-0.0048394681
2025-10-31 06:00:00,-0.0016183746
2025-10-31 07:00:00,-0.0004254623
2025-10-31 08:00:00,0.0044909399
2025-10-31 09:00:00,-0.0035420801
2025-10-31 10:00:00,-0.0017184244
2025-10-31 11:00:00,0.0101043884
2025-10-31 12:00:00,-0.0072256531
2025-10-31 13:00:00,0.0042700979
2025-10-31 14:00:00,0.0036687757
2025-10-31 15:00:00,-0.0074326809
2025-10-31 16:00:00,-0.0176383615
2025-10-31 17:00:00,-6.64628e-05
2025-10-31 18:00:00,0.0046086851
2025-10-31 19:00:00,0.0104480404
2025-10-31 20:00:00,-0.0063380725
2025-10-31 21:00:00,0.0011523773
2025-10-31 22:00:00,0.0023664372
2025-10-31 23:00:00,-0.0003611768
2025-11-01 00:00:00,-0.001265147
2025-11-01 01:00:00,-0.0038710895
2025-11-01 02:00:00,0.0033283933
2025-11-01 03:00:00,0.0069341698
2025-11-01 04:00:00,-0.0013404609
2025-11-01 05:00:00,-0.004492179
2025-11-01 06:00:00,0.0024453301
2025-11-01 07:00:00,0.0063072105
2025-11-01 08:00:00,0.0035608346
2025-11-01 09:00:00,-0.0044081956
2025-11-01 10:00:00,3.26041e-05
2025-11-01 11:00:00,-0.0031021446
2025-11-01 12:00:00,0.0030206324
2025-11-01 13:00:00,-0.0042478171
2025-11-01 14:00:00,-0.0062080378
2025-11-01 15:00:00,0.0086935674
2025-11-01 16:00:00,0.0001143165
2025-11-01 17:00:00,-0.0021251561
2025-11-01 18:00:00,0.0021578156
2025-11-01 19:00:00,0.0011587203
2025-11-01 20:00:00,0.0007826002
2025-11-01 21:00:00,-0.0093331609
2025-11-01 22:00:00,0.0046938426
2025-11-01 23:00:00,0.0026653383
2025-11-02 00:00:00,-0.003648236
2025-11-02 01:00:00,-0.0017552354
2025-11-02 02:00:00,0.000672931
2025-11-02 03:00:00,-0.0013627447
2025-11-02 04:00:00,0.011646367
2025-11-02 05:00:00,-3.24797e-05
2025-11-02 06:00:00,0.0001786251
2025-11-02 07:00:00,0.0029508112
2025-11-02 08:00:00,-0.0073118745
2025-11-02 09:00:00,-0.0046914292
2025-11-02 10:00:00,-0.0036605125
2025-11-02 11:00:00,0.0099977107
2025-11-02 12:00:00,-0.0038497976
2025-11-02 13:00:00,-0.0081562103
2025-11-02 14:00:00,-0.0131531739
2025-11-02 15:00:00,0.0009178676
2025-11-02 16:00:00,0.0028317306
2025-11-02 17:00:00,-0.0028317306
2025-11-02 18:00:00,-0.0023380495
2025-11-02 19:00:00,-0.0024776107
2025-11-02 20:00:00,0.0041815871
2025-11-02 21:00:00,0.004396856
2025-11-02 22:00:00,-0.0029957583
2025-11-02 23:00:00,0.0174319751
2025-11-03 00:00:00,-0.0118968597
2025-11-03 01:00:00,-0.0099619342
2025-11-03 02:00:00,-0.0106204029
2025-11-03 03:00:00,-0.0266467534
2025-11-03 04:00:00,0.0025512653
2025-11-03 05:00:00,-0.0070797064
2025-11-03 06:00:00,0.000383971
2025-11-03 07:00:00,0.0074407951
2025-11-03 08:00:00,0.0036134515
2025-11-03 09:00:00,-0.0070835686
2025-11-03 10:00:00,-0.0052628032
2025-11-03 11:00:00,0.0058709436
2025-11-03 12:00:00,-0.0009210424
2025-11-03 13:00:00,-0.001113334
2025-11-03 14:00:00,0.0034056783
2025-11-03 15:00:00,-0.0466034468
2025-11-03 16:00:00,0.0191524322
2025-11-03 17:00:00,0.0099524492
2025-11-03 18:00:00,-0.0122550553
2025-11-03 19:00:00,-0.0082542772
2025-11-03 20:00:00,-0.0154157879
2025-11-03 21:00:00,0.0105570693
2025-11-03 22:00:00,-0.0061204481
2025-11-03 23:00:00,0.0067720554
2025-11-04 00:00:00,0.0038286545
2025-11-04 01:00:00,0.0080964834
2025-11-04 02:00:00,-0.0027214311
2025-11-04 03:00:00,0.0069499936
2025-11-04 04:00:00,-0.0063764449
2025-11-04 05:00:00,-0.0434691847
2025-11-04 06:00:00,0.0095546577
2025-11-04 07:00:00,-0.0099664576
2025-11-04 08:00:00,0.0104668144
2025-11-04 09:00:00,0.004123031
2025-11-04 10:00:00,-0.0022720356
2025-11-04 11:00:00,0.0107602087
2025-11-04 12:00:00,-0.0130188833
2025-11-04 13:00:00,-0.0038626578
2025-11-04 14:00:00,0.0211716303
2025-11-04 15:00:00,-0.0120036261
2025-11-04 16:00:00,-0.0243161164
2025-11-04 17:00:00,-0.0092231268
2025-11-04 18:00:00,-0.0004004539
2025-11-04 19:00:00,-0.019354511
2025-11-04 20:00:00,-0.0079851265
2025-11-04 21:00:00,-0.0004705513
2025-11-04 22:00:00,0.0254232111
2025-11-04 23:00:00,-0.0043109709
2025-11-05 00:00:00,-0.0109079705
2025-11-05 01:00:00,-0.0074038331
2025-11-05 02:00:00,0.0339152408
2025-11-05 03:00:00,0.0065006871
2025-11-05 04:00:00,0.0002816822
2025-11-05 05:00:00,0.0011259361
2025-11-05 06:00:00,0.0043230564
2025-11-05 07:00:00,-0.0022434109
2025-11-05 08:00:00,-0.0126380121
2025-11-05 09:00:00,0.0083052253
2025-11-05 10:00:00,-0.013302623
2025-11-05 11:00:00,0.0186829612
2025-11-05 12:00:00,0.0059836328
2025-11-05 13:00:00,0.0077200446
2025-11-05 14:00:00,-0.0005718661
2025-11-05 15:00:00,0.0124878992
2025-11-05 16:00:00,-0.0003098486
2025-11-05 17:00:00,-0.0030306373
2025-11-05 18:00:00,0.0018450358
2025-11-05 19:00:00,-0.0079156086
2025-11-05 20:00:00,0.0006620325
2025-11-05 21:00:00,-0.0028535417
2025-11-05 22:00:00,0.0098333178
2025-11-05 23:00:00,-0.0035479189
2025-11-06 00:00:00,-0.0059351717
2025-11-06 01:00:00,-0.00571108
2025-11-06 02:00:00,0.0065032468
2025-11-06 03:00:00,-9.20802e-05
2025-11-06 04:00:00,-0.0001657657
2025-11-06 05:00:00,-0.0155562818
2025-11-06 06:00:00,-0.000149681
2025-11-06 07:00:00,-0.0002245635
2025-11-06 08:00:00,0.0031206521
2025-11-06 09:00:00,0.0015287387
2025-11-06 10:00:00,-0.0010997103
2025-11-06 11:00:00,-0.0025395416
2025-11-06 12:00:00,-0.0100153979
2025-11-06 13:00:00,0.0141388843
2025-11-06 14:00:00,-0.0192508859
2025-11-06 15:00:00,-0.0065702633
2025-11-06 16:00:00,-0.0024869924
2025-11-06 17:00:00,0.0103471868
2025-11-06 18:00:00,-0.0004550798
2025-11-06 19:00:00,0.0030488695
2025-11-06 20:00:00,-0.007001594
2025-11-06 21:00:00,0.0071528485
2025-11-06 22:00:00,0.0092209912
2025-11-06 23:00:00,-0.0066343027
2025-11-07 00:00:00,0.0150468834
2025-11-07 01:00:00,-0.0084500452
2025-11-07 02:00:00,0.0062744132
2025-11-07 03:00:00,0.00642027
2025-11-07 04:00:00,-0.0029823397
2025-11-07 05:00:00,0.0111978295
2025-11-07 06:00:00,-0.0038414575
2025-11-07 07:00:00,0.0073392132
2025-11-07 08:00:00,-0.00258093
2025-11-07 09:00:00,-0.0087809483
2025-11-07 10:00:00,-0.0109502019
2025-11-07 11:00:00,-0.0068276295
2025-11-07 12:00:00,-0.0143311838
2025-11-07 13:00:00,0.0060342631
2025-11-07 14:00:00,0.0164135593
2025-11-07 15:00:00,0.0157994044
2025-11-07 16:00:00,0.0414502772
2025-11-07 17:00:00,0.0197438574
2025-11-07 18:00:00,0.0020721459
2025-11-07 19:00:00,0.000603568
2025-11-07 20:00:00,0.0024278334
2025-11-07 21:00:00,0.0064626396
2025-11-07 22:00:00,-0.0032003861
2025-11-07 23:00:00,-0.0124015215
2025-11-08 00:00:00,-0.0042263505
2025-11-08 01:00:00,0.0143625933
2025-11-08 02:00:00,0.0064562205
2025-11-08 03:00:00,-0.0063531418
2025-11-08 04:00:00,0.0069333565
2025-11-08 05:00:00,-0.0140535239
2025-11-08 06:00:00,-0.0013331142
2025-11-08 07:00:00,0.0077830805
2025-11-08 08:00:00,0.0042199222
2025-11-08 09:00:00,-0.0136328536
2025-11-08 10:00:00,0.0042424673
2025-11-08 11:00:00,-0.0062922179
2025-11-08 12:00:00,0.0019976903
2025-11-08 13:00:00,-0.0161120282
2025-11-08 14:00:00,-0.003763488
2025-11-08 15:00:00,-0.0140834844
2025-11-08 16:00:00,0.0021699957
2025-11-08 17:00:00,0.0040583238
2025-11-08 18:00:00,0.0056754144
2025-11-08 19:00:00,-0.0046589458
2025-11-08 20:00:00,0.0019586901
2025-11-08 21:00:00,0.0034096391
2025-11-08 22:00:00,0.0058861651
2025-11-08 23:00:00,0.0025522566
2025-11-09 00:00:00,-0.0142167806
2025-11-09 01:00:00,0.0046431037
2025-11-09 02:00:00,-0.0198974084
2025-11-09 03:00:00,-0.0041001509
2025-11-09 04:00:00,0.0078589424
2025-11-09 05:00:00,0.0020901285
2025-11-09 06:00:00,0.0012411971
2025-11-09 07:00:00,0.0110130909
2025-11-09 08:00:00,-0.0066362453
2025-11-09 09:00:00,-0.0099111335
2025-11-09 10:00:00,0.0080837982
2025-11-09 11:00:00,0.0081434838
2025-11-09 12:00:00,0.0016349746
2025-11-09 13:00:00,0.0019513586
2025-11-09 14:00:00,0.0096825299
2025-11-09 15:00:00,0.0098851621
2025-11-09 16:00:00,0.0030713461
2025-11-09 17:00:00,-0.0100296853
2025-11-09 18:00:00,0.0099777071
2025-11-09 19:00:00,0.0097247176
2025-11-09 20:00:00,-0.0044712795
2025-11-09 21:00:00,-0.0016387366
2025-11-09 22:00:00,-0.003580049
2025-11-09 23:00:00,0.0026127973
2025-11-10 00:00:00,0.0145477073
2025-11-10 01:00:00,-0.0057388967
2025-11-10 02:00:00,0.0020533888
2025-11-10 03:00:00,0.0058971077
2025-11-10 04:00:00,0.002732219
2025-11-10 05:00:00,-0.0013566912
2025-11-10 06:00:00,-0.0042515625
2025-11-10 07:00:00,0.0036744109
2025-11-10 08:00:00,-0.0045610113
2025-11-10 09:00:00,0.0230999986
2025-11-10 10:00:00,-0.0081168598
2025-11-10 11:00:00,-0.0006051234
2025-11-10 12:00:00,-0.0019860311
2025-11-10 13:00:00,0.0072852117
2025-11-10 14:00:00,-0.0224272427
2025-11-10 15:00:00,-0.0005988383
2025-11-10 16:00:00,-0.0054745758
2025-11-10 17:00:00,0.0087552281
2025-11-10 18:00:00,-0.0036914916
2025-11-10 19:00:00,0.0085074975
2025-11-10 20:00:00,0.0042014021
2025-11-10 21:00:00,-0.0060705933
2025-11-10 22:00:00,0.0164305918
2025-11-10 23:00:00,-0.0083333816
2025-11-11 00:00:00,0.0002361713
2025-11-11 01:00:00,0.000843014
2025-11-11 02:00:00,0.0138080974
2025-11-11 03:00:00,-0.004531453
2025-11-11 04:00:00,-0.0176199687
2025-11-11 05:00:00,-0.0099571286
2025-11-11 06:00:00,0.0015093307
2025-11-11 07:00:00,-0.0132150634
2025-11-11 08:00:00,0.0027401554
2025-11-11 09:00:00,-0.0027575221
2025-11-11 10:00:00,0.0057837662
2025-11-11 11:00:00,-0.0006563493
2025-11-11 12:00:00,0.0009671014
2025-11-11 13:00:00,-0.006250832
2025-11-11 14:00:00,0.0104537492
2025-11-11 15:00:00,-0.015887788
2025-11-11 16:00:00,-0.0019929031
2025-11-11 17:00:00,-0.0009979429
2025-11-11 18:00:00,-0.0023148564
2025-11-11 19:00:00,-0.0143589672
2025-11-11 20:00:00,-0.0040870654
2025-11-11 21:00:00,-0.0041038381
2025-11-11 22:00:00,0.0085292557
2025-11-11 23:00:00,-0.0099489065
2025-11-12 00:00:00,-0.0045239567
2025-11-12 01:00:00,0.0102441498
2025-11-12 02:00:00,-0.0012166105
2025-11-12 03:00:00,0.0046437777
2025-11-12 04:00:00,-0.0017656663
2025-11-12 05:00:00,0.0015518121
2025-11-12 06:00:00,0.0011044214
2025-11-12 07:00:00,-0.0087080684
2025-11-12 08:00:00,0.0140702971
2025-11-12 09:00:00,0.00462882
2025-11-12 10:00:00,0.00811043
2025-11-12 11:00:00,0.0032293286
2025-11-12 12:00:00,0.003027827
2025-11-12 13:00:00,0.0067533894
2025-11-12 14:00:00,-0.017601889
2025-11-12 15:00:00,-0.020352196
2025-11-12 16:00:00,-0.0174313686
2025-11-12 17:00:00,0.0012213909
2025-11-12 18:00:00,-0.0031750693
2025-11-12 19:00:00,-0.0053142877
2025-11-12 20:00:00,0.0070125616
2025-11-12 21:00:00,0.0030787473
2025-11-12 22:00:00,0.0004182693
2025-11-12 23:00:00,-0.0075923857
2025-11-13 00:00:00,0.0035843643
2025-11-13 01:00:00,0.0035533726
2025-11-13 02:00:00,0.0037582767
2025-11-13 03:00:00,0.015946262
2025-11-13 04:00:00,-0.0003032438
2025-11-13 05:00:00,0.010206072
2025-11-13 06:00:00,0.0018701487
2025-11-13 07:00:00,-0.0076259935
2025-11-13 08:00:00,0.0071852358
2025-11-13 09:00:00,-0.0043651599
2025-11-13 10:00:00,0.0026001837
2025-11-13 11:00:00,-0.0020689845
2025-11-13 12:00:00,0.0018216391
2025-11-13 13:00:00,-0.0111228737
2025-11-13 14:00:00,0.0076358668
2025-11-13 15:00:00,-0.0189561321
2025-11-13 16:00:00,-0.0213879666
2025-11-13 17:00:00,-0.0247087665
2025-11-13 18:00:00,-0.0116869121
2025-11-13 19:00:00,-0.0018780428
2025-11-13 20:00:00,-0.0045371605
2025-11-13 21:00:00,0.0016365198
2025-11-13 22:00:00,0.0174113116
2025-11-13 23:00:00,0.0016056674
2025-11-14 00:00:00,-0.0069132337
2025-11-14 01:00:00,-0.0010649021
2025-11-14 02:00:00,0.0045369631
2025-11-14 03:00:00,-0.0054506397
2025-11-14 04:00:00,-0.0165905608
2025-11-14 05:00:00,0.0101521759
2025-11-14 06:00:00,0.0081888658
2025-11-14 07:00:00,-0.0057385411
2025-11-14 08:00:00,-0.0061948204
2025-11-14 09:00:00,-0.0097435379
2025-11-14 10:00:00,0.0070850891
2025-11-14 11:00:00,-0.0105880604
2025-11-14 12:00:00,-0.0050228282
2025-11-14 13:00:00,-0.0067826193
2025-11-14 14:00:00,0.0152889918
2025-11-14 15:00:00,-0.0016916036
2025-11-14 16:00:00,0.0090661399
2025-11-14 17:00:00,-0.0179599523
2025-11-14 18:00:00,-0.0027328599
2025-11-14 19:00:00,0.0139785856
2025-11-14 20:00:00,-0.0271175041
2025-11-14 21:00:00,0.0102011324
2025-11-14 22:00:00,-0.0080689567
2025-11-14 23:00:00,-0.0085561164
2025-11-15 00:00:00,0.0121525636
2025-11-15 01:00:00,0.0100449806
2025-11-15 02:00:00,0.0078431775
2025-11-15 03:00:00,-0.0045693388
2025-11-15 04:00:00,-0.0073467634
2025-11-15 05:00:00,0.0026974627
2025-11-15 06:00:00,0.010406369
2025-11-15 07:00:00,-0.0083831305
2025-11-15 08:00:00,-0.0176589298
2025-11-15 09:00:00,0.0013572315
2025-11-15 10:00:00,0.0061839673
2025-11-15 11:00:00,-0.0064831983
2025-11-15 12:00:00,0.0092940794
2025-11-15 13:00:00,0.0078365369
2025-11-15 14:00:00,-0.0022383673
2025-11-15 15:00:00,-0.0038799052
2025-11-15 16:00:00,-0.000138142
2025-11-15 17:00:00,0.0058248389
2025-11-15 18:00:00,-0.0020623626
2025-11-15 19:00:00,-0.0019287168
2025-11-15 20:00:00,-0.0102967129
2025-11-15 21:00:00,-0.0047683267
2025-11-15 22:00:00,0.0073524615
2025-11-15 23:00:00,-0.0013707477
2025-11-16 00:00:00,-0.0027471451
2025-11-16 01:00:00,-0.0053166099
2025-11-16 02:00:00,0.0105456139
2025-11-16 03:00:00,-0.0013295104
2025-11-16 04:00:00,-0.0042783155
2025-11-16 05:00:00,0.0016139802
2025-11-16 06:00:00,-0.0017535823
2025-11-16 07:00:00,0.006361977
2025-11-16 08:00:00,-0.0009913948
2025-11-16 09:00:00,0.0070768066
2025-11-16 10:00:00,-0.0027417543
2025-11-16 11:00:00,-0.0180572918
2025-11-16 12:00:00,0.0006433713
2025-11-16 13:00:00,-0.013048545
2025-11-16 14:00:00,0.0075464401
2025-11-16 15:00:00,-0.0238880819
2025-11-16 16:00:00,-0.0087313196
2025-11-16 17:00:00,0.0026690593
2025-11-16 18:00:00,0.0002290402
2025-11-16 19:00:00,0.0012899738
2025-11-16 20:00:00,0.0017450561
2025-11-16 21:00:00,-0.004743684
2025-11-16 22:00:00,0.0070449901
2025-11-16 23:00:00,0.0029776081
2025-11-17 00:00:00,0.0137183676
2025-11-17 01:00:00,-0.0071740571
2025-11-17 02:00:00,0.0049108977
2025-11-17 03:00:00,0.0064497319
2025-11-17 04:00:00,-0.0021317424
2025-11-17 05:00:00,-0.0018308317
2025-11-17 06:00:00,0.006919179
2025-11-17 07:00:00,0.0029277277
2025-11-17 08:00:00,-0.0063508971
2025-11-17 09:00:00,0.0007301787
2025-11-17 10:00:00,0.0026121042
2025-11-17 11:00:00,0.000889392
2025-11-17 12:00:00,-0.0038259543
2025-11-17 13:00:00,-0.0328215983
2025-11-17 14:00:00,0.0189955992
2025-11-17 15:00:00,-0.0234908385
2025-11-17 16:00:00,0.0171161999
2025-11-17 17:00:00,-0.0273794284
2025-11-17 18:00:00,-0.0078153758
2025-11-17 19:00:00,-0.0132498
2025-11-17 20:00:00,0.0031448954
2025-11-17 21:00:00,-0.0008448966
2025-11-17 22:00:00,0.0049724457
2025-11-17 23:00:00,0.0040676271
2025-11-18 00:00:00,-0.0001288771
2025-11-18 01:00:00,-0.0034644179
2025-11-18 02:00:00,-0.0055985015
2025-11-18 03:00:00,0.0137989639
2025-11-18 04:00:00,-0.0016047418
2025-11-18 05:00:00,-0.0025085508
2025-11-18 06:00:00,-0.0134427474
2025-11-18 07:00:00,0.0100235731
2025-11-18 08:00:00,0.0107981767
2025-11-18 09:00:00,-0.0014501101
2025-11-18 10:00:00,0.0018123093
2025-11-18 11:00:00,-0.003542395
2025-11-18 12:00:00,0.0013245318
2025-11-18 13:00:00,-0.0093087775
2025-11-18 14:00:00,-0.0041027027
2025-11-18 15:00:00,0.0244730467
2025-11-18 16:00:00,0.0119007796
2025-11-18 17:00:00,-0.0065940516
2025-11-18 18:00:00,0.0062184177
2025-11-18 19:00:00,-0.0022149329
2025-11-18 20:00:00,0.0001255046
2025-11-18 21:00:00,-0.0137523622
2025-11-18 22:00:00,0.0143796492
2025-11-18 23:00:00,-0.005933118
2025-11-19 00:00:00,-0.0033911547
2025-11-19 01:00:00,-0.0026196829
2025-11-19 02:00:00,0.0041376458
2025-11-19 03:00:00,-0.0140016713
2025-11-19 04:00:00,-0.0060213392
2025-11-19 05:00:00,-0.0188101481
2025-11-19 06:00:00,0.0111075954
2025-11-19 07:00:00,0.01327515
2025-11-19 08:00:00,-0.0041550713
2025-11-19 09:00:00,0.0014369513
2025-11-19 10:00:00,-0.0010292479
2025-11-19 11:00:00,-0.000922935
2025-11-19 12:00:00,0.008169421
2025-11-19 13:00:00,-0.0096306869
2025-11-19 14:00:00,0.0015042121
2025-11-19 15:00:00,-0.0200182353
2025-11-19 16:00:00,-0.0147196161
2025-11-19 17:00:00,-0.008214882
2025-11-19 18:00:00,-0.0108854731
2025-11-19 19:00:00,-0.0022686035
2025-11-19 20:00:00,0.0212577944
2025-11-19 21:00:00,0.0206192872
2025-11-19 22:00:00,-0.0037969757
2025-11-19 23:00:00,0.0133346892
2025-11-20 00:00:00,-0.0029383191
2025-11-20 01:00:00,0.0087033876
2025-11-20 02:00:00,0.0040884969
2025-11-20 03:00:00,-0.0037024793
2025-11-20 04:00:00,0.0048767021
2025-11-20 05:00:00,-0.0039979956
2025-11-20 06:00:00,-0.003476473
2025-11-20 07:00:00,0.01103141
2025-11-20 08:00:00,-0.0041759052
2025-11-20 09:00:00,-0.0050299225
2025-11-20 10:00:00,-0.0009016359
2025-11-20 11:00:00,0.0006655717
2025-11-20 12:00:00,0.0064822074
2025-11-20 13:00:00,-0.0086953345
2025-11-20 14:00:00,0.0015475554
2025-11-20 15:00:00,-0.0221502617
2025-11-20 16:00:00,-0.038111998
2025-11-20 17:00:00,-0.0114480987
2025-11-20 18:00:00,-0.0043936802
2025-11-20 19:00:00,0.0111545025
2025-11-20 20:00:00,-0.0062302633
2025-11-20 21:00:00,0.009410862
2025-11-20 22:00:00,0.0095268049
2025-11-20 23:00:00,-0.0236070081
2025-11-21 00:00:00,0.0100742003
2025-11-21 01:00:00,-0.0031243564
2025-11-21 02:00:00,-0.0203149418
2025-11-21 03:00:00,0.0103949826
2025-11-21 04:00:00,-0.007159796
2025-11-21 05:00:00,-0.0089338786
2025-11-21 06:00:00,-0.0053751476
2025-11-21 07:00:00,-0.0322834376
2025-11-21 08:00:00,0.0089835581
2025-11-21 09:00:00,-0.0228358025
2025-11-21 10:00:00,-0.0002237999
2025-11-21 11:00:00,-0.0100980662
2025-11-21 12:00:00,0.0154802239
2025-11-21 13:00:00,0.0028405952
2025-11-21 14:00:00,0.0149583547
2025-11-21 15:00:00,-0.0276176942
2025-11-21 16:00:00,0.0268641238
2025-11-21 17:00:00,0.0045855502
2025-11-21 18:00:00,0.0003872311
2025-11-21 19:00:00,-0.0096038862
2025-11-21 20:00:00,-0.0092530757
2025-11-21 21:00:00,0.0168465701
2025-11-21 22:00:00,-0.0306761948
2025-11-21 23:00:00,0.0227161717
2025-11-22 00:00:00,-0.0035500533
2025-11-22 01:00:00,0.007817884
2025-11-22 02:00:00,-0.01051946
2025-11-22 03:00:00,0.0004917388
2025-11-22 04:00:00,-0.0080704314
2025-11-22 05:00:00,-0.0066133203
2025-11-22 06:00:00,0.0109157848
2025-11-22 07:00:00,0.0005919933
2025-11-22 08:00:00,-0.0191700752
2025-11-22 09:00:00,0.0052147434
2025-11-22 10:00:00,-0.0052398801
2025-11-22 11:00:00,0.0100045855
2025-11-22 12:00:00,-0.0128491079
2025-11-22 13:00:00,-0.0096254448
2025-11-22 14:00:00,0.0150557319
2025-11-22 15:00:00,-0.0010535823
2025-11-22 16:00:00,0.0089202645
2025-11-22 17:00:00,-0.0054126318
2025-11-22 18:00:00,0.0064817119
2025-11-22 19:00:00,-0.0031109643
2025-11-22 20:00:00,-0.0015965677
2025-11-22 21:00:00,0.0011976647
2025-11-22 22:00:00,0.0185540496
2025-11-22 23:00:00,-0.0104576438
2025-11-23 00:00:00,-0.0030718946
2025-11-23 01:00:00,0.0098510802
2025-11-23 02:00:00,0.0062453516
2025-11-23 03:00:00,0.0019513153
2025-11-23 04:00:00,0.0055404496
2025-11-23 05:00:00,-0.0007030048
2025-11-23 06:00:00,-0.0043502104
2025-11-23 07:00:00,-0.0050544004
2025-11-23 08:00:00,0.0090165344
2025-11-23 09:00:00,-0.0012865797
2025-11-23 10:00:00,-0.0054315528
2025-11-23 11:00:00,2.44227e-05
2025-11-23 12:00:00,0.0083177754
2025-11-23 13:00:00,0.0065422035
2025-11-23 14:00:00,-0.008675848
2025-11-23 15:00:00,0.011127183
2025-11-23 16:00:00,-0.0112971004
2025-11-23 17:00:00,-0.0073583491
2025-11-23 18:00:00,0.0028815649
2025-11-23 19:00:00,0.0080389994
2025-11-23 20:00:00,0.0023919121
2025-11-23 21:00:00,0.0044784819
2025-11-23 22:00:00,-0.0048405253
2025-11-23 23:00:00,-0.0141004913
2025-11-24 00:00:00,-0.0011513824
2025-11-24 01:00:00,0.0074239028
2025-11-24 02:00:00,0.0104558399
2025-11-24 03:00:00,0.0027890667
2025-11-24 04:00:00,-0.0138290046
2025-11-24 05:00:00,0.0167060834
2025-11-24 06:00:00,-0.0090909717
2025-11-24 07:00:00,-0.0022493932
2025-11-24 08:00:00,0.0008229457
2025-11-24 09:00:00,-0.0197426272
2025-11-24 10:00:00,0.0065425621
2025-11-24 11:00:00,0.0007597015
2025-11-24 12:00:00,-0.0064389507
2025-11-24 13:00:00,0.0045017972
2025-11-24 14:00:00,0.0010548654
2025-11-24 15:00:00,0.0119426231
2025-11-24 16:00:00,0.0038930784
2025-11-24 17:00:00,0.0326917266
2025-11-24 18:00:00,0.0015404008
2025-11-24 19:00:00,-0.0038554602
2025-11-24 20:00:00,0.0130714735
2025-11-24 21:00:00,-0.0086797639
2025-11-24 22:00:00,0.0003262719
2025-11-24 23:00:00,-0.002870179
2025-11-25 00:00:00,0.0013311072
2025-11-25 01:00:00,-0.0089783413
2025-11-25 02:00:00,0.0039247533
2025-11-25 03:00:00,-0.0046314338
2025-11-25 04:00:00,0.0056160781
2025-11-25 05:00:00,-0.0072905476
2025-11-25 06:00:00,-0.0035468577
2025-11-25 07:00:00,-0.0092333244
2025-11-25 08:00:00,-0.0081858466
2025-11-25 09:00:00,0.0042813227
2025-11-25 10:00:00,0.0012952127
2025-11-25 11:00:00,-0.0059622727
2025-11-25 12:00:00,0.0031538552
2025-11-25 13:00:00,-0.0117265817
2025-11-25 14:00:00,-0.0067106976
2025-11-25 15:00:00,0.0055426153
2025-11-25 16:00:00,0.0120770615
2025-11-25 17:00:00,0.0072150558
2025-11-25 18:00:00,-0.0026067527
2025-11-25 19:00:00,-0.0034782644
2025-11-25 20:00:00,0.0097088141
2025-11-25 21:00:00,-0.0035043841
2025-11-25 22:00:00,0.0064983983
2025-11-25 23:00:00,0.0009723129
2025-11-26 00:00:00,0.0001659102
2025-11-26 01:00:00,0.0094586215
2025-11-26 02:00:00,-0.0047770979
2025-11-26 03:00:00,-0.0071493132
2025-11-26 04:00:00,-0.0035700723
2025-11-26 05:00:00,0.0074588212
2025-11-26 06:00:00,0.0018914771
2025-11-26 07:00:00,0.0019114825
2025-11-26 08:00:00,-0.0093085621
2025-11-26 09:00:00,-0.0079318093
2025-11-26 10:00:00,0.002084607
2025-11-26 11:00:00,-0.0068210467
2025-11-26 12:00:00,-0.0020022924
2025-11-26 13:00:00,0.0061629026
2025-11-26 14:00:00,-0.0107858731
2025-11-26 15:00:00,0.0009214579
2025-11-26 16:00:00,0.0154885251
2025-11-26 17:00:00,0.0274467035
2025-11-26 18:00:00,0.009704776
2025-11-26 19:00:00,-0.0008972015
2025-11-26 20:00:00,-0.0009901561
2025-11-26 21:00:00,0.0014733646
2025-11-26 22:00:00,0.0011036006
2025-11-26 23:00:00,0.0015384089
2025-11-27 00:00:00,-0.0001376715
2025-11-27 01:00:00,0.0045103391
2025-11-27 02:00:00,-0.0055894222
2025-11-27 03:00:00,-0.0052743832
2025-11-27 04:00:00,0.00170743
2025-11-27 05:00:00,-0.007195524
2025-11-27 06:00:00,0.0085777898
2025-11-27 07:00:00,-0.0008060895
2025-11-27 08:00:00,-0.0006453397
2025-11-27 09:00:00,0.0005531738
2025-11-27 10:00:00,-0.0070295808
2025-11-27 11:00:00,-0.0005570772
2025-11-27 12:00:00,-0.007878645
2025-11-27 13:00:00,0.0027809279
2025-11-27 14:00:00,0.0025404682
2025-11-27 15:00:00,0.007675311
2025-11-27 16:00:00,0.0028141742
2025-11-27 17:00:00,-0.003438055
2025-11-27 18:00:00,0.0091343747
2025-11-27 19:00:00,-0.0019257669
2025-11-27 20:00:00,0.0024524141
2025-11-27 21:00:00,-0.0010077414
2025-11-27 22:00:00,-0.0082604213
2025-11-27 23:00:00,0.0018236175
2025-11-28 00:00:00,-0.0072215849
2025-11-28 01:00:00,-0.0176468964
2025-11-28 02:00:00,0.0045528074
2025-11-28 03:00:00,0.0038759283
2025-11-28 04:00:00,-0.0032876999
2025-11-28 05:00:00,0.0041782137
2025-11-28 06:00:00,-0.0048605907
2025-11-28 07:00:00,-0.0016961934
2025-11-28 08:00:00,0.024018393
2025-11-28 09:00:00,-0.0042213135
2025-11-28 10:00:00,-0.0011333281
2025-11-28 11:00:00,-0.0139122547
2025-11-28 12:00:00,-0.004115087
2025-11-28 13:00:00,0.0138530354
2025-11-28 14:00:00,-0.0040751276
2025-11-28 15:00:00,0.0082262914
2025-11-28 16:00:00,-0.0203396842
2025-11-28 17:00:00,-0.0102316647
2025-11-28 18:00:00,-0.0003818525
2025-11-28 19:00:00,0.0060922108
2025-11-28 20:00:00,0.0003320998
2025-11-28 21:00:00,-0.0060901818
2025-11-28 22:00:00,0.0064221714
2025-11-28 23:00:00,-0.0036817581
2025-11-29 00:00:00,-0.0006427271
2025-11-29 01:00:00,-0.0003572492
2025-11-29 02:00:00,-0.004057769
2025-11-29 03:00:00,-0.0033301021
2025-11-29 04:00:00,0.0046924839
2025-11-29 05:00:00,-0.0050285054
2025-11-29 06:00:00,-0.0005522806
2025-11-29 07:00:00,-0.001562444
2025-11-29 08:00:00,-0.001444426
2025-11-29 09:00:00,0.0003613021
2025-11-29 10:00:00,0.0042055744
2025-11-29 11:00:00,0.0046654709
2025-11-29 12:00:00,-0.0022223559
2025-11-29 13:00:00,-0.0015082779
2025-11-29 14:00:00,-0.0038167527
2025-11-29 15:00:00,0.0107408307
2025-11-29 16:00:00,-0.0020721941
2025-11-29 17:00:00,-0.0106668317
2025-11-29 18:00:00,0.0011319983
2025-11-29 19:00:00,-0.0010356082
2025-11-29 20:00:00,0.006365241
2025-11-29 21:00:00,-0.0016055022
2025-11-29 22:00:00,-0.0037000595
2025-11-29 23:00:00,0.0012028196
2025-11-30 00:00:00,-0.00286509
2025-11-30 01:00:00,0.0026967824
2025-11-30 02:00:00,-0.0032032397
2025-11-30 03:00:00,0.0125374705
2025-11-30 04:00:00,-0.0044408439
2025-11-30 05:00:00,-0.0025876335
2025-11-30 06:00:00,0.0003358119
2025-11-30 07:00:00,0.0027063616
2025-11-30 08:00:00,0.0033428875
2025-11-30 09:00:00,0.0020241717
2025-11-30 10:00:00,-0.0012854696
2025-11-30 11:00:00,-0.0049190605
2025-11-30 12:00:00,0.0098377459
2025-11-30 13:00:00,0.0092253536
2025-11-30 14:00:00,-0.0038355244
2025-11-30 15:00:00,-0.0029513521
2025-11-30 16:00:00,0.0062700564
2025-11-30 17:00:00,-0.0013638076
2025-11-30 18:00:00,0.000729163
2025-11-30 19:00:00,-0.0005879932
2025-11-30 20:00:00,-0.0009886076
2025-11-30 21:00:00,-0.0020745428
2025-11-30 22:00:00,0.0023806448
2025-11-30 23:00:00,-0.0240653962
2025-12-01 00:00:00,-0.0665051154
2025-12-01 01:00:00,0.0054749587
2025-12-01 02:00:00,0.001485656
2025-12-01 03:00:00,-0.0114295784
2025-12-01 04:00:00,-0.0051393977
2025-12-01 05:00:00,0.0010143967
2025-12-01 06:00:00,-0.0024727683
2025-12-01 07:00:00,0.0130236807
2025-12-01 08:00:00,-0.0018280835
2025-12-01 09:00:00,-0.0067749535
2025-12-01 10:00:00,0.0015037597
2025-12-01 11:00:00,-0.0088475427
2025-12-01 12:00:00,-0.007371782
2025-12-01 13:00:00,-0.0050948462
2025-12-01 14:00:00,0.0068311861
2025-12-01 15:00:00,-0.0113670631
2025-12-01 16:00:00,-0.0116053392
2025-12-01 17:00:00,0.0077429421
2025-12-01 18:00:00,0.0103548079
2025-12-01 19:00:00,-0.0061202782
2025-12-01 20:00:00,0.0029720858
2025-12-01 21:00:00,0.0118793458
2025-12-01 22:00:00,0.0047020802
2025-12-01 23:00:00,0.005509799
2025-12-02 00:00:00,0.0022006197
2025-12-02 01:00:00,-0.0005691078
2025-12-02 02:00:00,0.0048528748
2025-12-02 03:00:00,0.0074654973
2025-12-02 04:00:00,-0.0007159112
2025-12-02 05:00:00,0.0004858527
2025-12-02 06:00:00,0.0013795572
2025-12-02 07:00:00,-0.0058634675
2025-12-02 08:00:00,-0.0085104702
2025-12-02 09:00:00,0.0030772836
2025-12-02 10:00:00,0.0120877631
2025-12-02 11:00:00,0.0048858789
2025-12-02 12:00:00,0.0028391106
2025-12-02 13:00:00,0.0082935728
2025-12-02 14:00:00,0.0223668548
2025-12-02 15:00:00,0.0508979787
2025-12-02 16:00:00,0.0020277128
2025-12-02 17:00:00,-0.0017477837
2025-12-02 18:00:00,0.0030042991
2025-12-02 19:00:00,0.0109161795
2025-12-02 20:00:00,0.0041088559
2025-12-02 21:00:00,0.0013048706
2025-12-02 22:00:00,-0.0017631237
2025-12-02 23:00:00,-0.0063454324
2025-12-03 00:00:00,0.0027178311
2025-12-03 01:00:00,0.0026187045
2025-12-03 02:00:00,0.0046690554
2025-12-03 03:00:00,0.0008901367
2025-12-03 04:00:00,0.0044161237
2025-12-03 05:00:00,0.0021781064
2025-12-03 06:00:00,0.0097656365
2025-12-03 07:00:00,-0.005987907
2025-12-03 08:00:00,0.0042582497
2025-12-03 09:00:00,-0.0063602542
2025-12-03 10:00:00,-0.0104167609
2025-12-03 11:00:00,-0.0010522464
2025-12-03 12:00:00,-0.0045189264
2025-12-03 13:00:00,0.0029843231
2025-12-03 14:00:00,-0.0099748578
2025-12-03 15:00:00,0.005356867
2025-12-03 16:00:00,0.0063814375
2025-12-03 17:00:00,0.0136582168
2025-12-03 18:00:00,-0.0030291408
2025-12-03 19:00:00,0.0074433636
2025-12-03 20:00:00,0.0041486857
2025-12-03 21:00:00,0.0153674939
2025-12-03 22:00:00,-0.008320657
2025-12-03 23:00:00,0.0003554845
2025-12-04 00:00:00,-0.0004888237
2025-12-04 01:00:00,-0.0028933917
2025-12-04 02:00:00,0.0038930031
2025-12-04 03:00:00,-0.0020224701
2025-12-04 04:00:00,-0.0043253434
2025-12-04 05:00:00,-8.93795e-05
2025-12-04 06:00:00,0.0090315158
2025-12-04 07:00:00,0.0001107187
2025-12-04 08:00:00,-0.0071554271
2025-12-04 09:00:00,0.0028727653
2025-12-04 10:00:00,-0.0093612096
2025-12-04 11:00:00,0.0017941247
2025-12-04 12:00:00,0.0015448514
2025-12-04 13:00:00,-0.0064639435
2025-12-04 14:00:00,-0.0066646581
2025-12-04 15:00:00,0.0209504556
2025-12-04 16:00:00,-0.007821854
2025-12-04 17:00:00,-0.0040799913
2025-12-04 18:00:00,-0.0047736012
2025-12-04 19:00:00,-0.0030969925
2025-12-04 20:00:00,0.0024422245
2025-12-04 21:00:00,-0.0101927037
2025-12-04 22:00:00,0.0060509739
2025-12-04 23:00:00,-0.0032256627
2025-12-05 00:00:00,0.0039058114
2025-12-05 01:00:00,-0.0023825473
2025-12-05 02:00:00,0.0014302094
2025-12-05 03:00:00,-0.0020437831
2025-12-05 04:00:00,-0.0019340825
2025-12-05 05:00:00,-0.0048173059
2025-12-05 06:00:00,0.0061829289
2025-12-05 07:00:00,0.0050819112
2025-12-05 08:00:00,-0.0085679421
2025-12-05 09:00:00,-0.0161060012
2025-12-05 10:00:00,0.0012517387
2025-12-05 11:00:00,-0.0030161036
2025-12-05 12:00:00,0.0009057866
2025-12-05 13:00:00,-0.0101028636
2025-12-05 14:00:00,-0.0038297569
2025-12-05 15:00:00,0.0031259941
2025-12-05 16:00:00,-0.0290234282
2025-12-05 17:00:00,0.0025092905
2025-12-05 18:00:00,-0.0089074511
2025-12-05 19:00:00,0.0132596226
2025-12-05 20:00:00,-0.0058473366
2025-12-05 21:00:00,-0.0002896452
2025-12-05 22:00:00,0.0040955031
2025-12-05 23:00:00,0.000480723
2025-12-06 00:00:00,-0.0016835426
2025-12-06 01:00:00,0.0026202883
2025-12-06 02:00:00,-0.0043548941
2025-12-06 03:00:00,0.0045709416
2025-12-06 04:00:00,-0.0046432822
2025-12-06 05:00:00,-0.0008443603
2025-12-06 06:00:00,-0.0040871168
2025-12-06 07:00:00,-0.0019891332
2025-12-06 08:00:00,-0.0043559269
2025-12-06 09:00:00,0.0074349785
2025-12-06 10:00:00,-0.0028119867
2025-12-06 11:00:00,0.0071357172
2025-12-06 12:00:00,-0.000795708
2025-12-06 13:00:00,-0.0038185512
2025-12-06 14:00:00,0.0055297455
2025-12-06 15:00:00,-2.4081e-05
2025-12-06 16:00:00,0.0036056865
2025-12-06 17:00:00,0.0060522881
2025-12-06 18:00:00,-0.0029856829
2025-12-06 19:00:00,-0.0117179912
2025-12-06 20:00:00,0.0036238926
2025-12-06 21:00:00,-0.0004341744
2025-12-06 22:00:00,-0.0017144172
2025-12-06 23:00:00,0.000410762
2025-12-07 00:00:00,0.0062613088
2025-12-07 01:00:00,-0.0041135987
2025-12-07 02:00:00,0.0091423449
2025-12-07 03:00:00,0.0025287479
2025-12-07 04:00:00,-0.00503996
2025-12-07 05:00:00,-0.0039108943
2025-12-07 06:00:00,0.0079735119
2025-12-07 07:00:00,-0.0050449007
2025-12-07 08:00:00,0.0019636022
2025-12-07 09:00:00,-0.0066968554
2025-12-07 10:00:00,0.001083176
2025-12-07 11:00:00,-0.0013481309
2025-12-07 12:00:00,0.0072010105
2025-12-07 13:00:00,-0.0031140733
2025-12-07 14:00:00,-0.0223687153
2025-12-07 15:00:00,0.030135791
2025-12-07 16:00:00,0.0105615607
2025-12-07 17:00:00,0.0128260898
2025-12-07 18:00:00,0.0061207647
2025-12-07 19:00:00,-0.0018508241
2025-12-07 20:00:00,-0.0008571661
2025-12-07 21:00:00,-0.0248027074
2025-12-07 22:00:00,-0.0146470166
2025-12-07 23:00:00,0.0071588458
2025-12-08 00:00:00,-0.0041978065
2025-12-08 01:00:00,0.0127782767
2025-12-08 02:00:00,0.0080838127
2025-12-08 03:00:00,-0.0040810125
2025-12-08 04:00:00,0.0071367467
2025-12-08 05:00:00,-0.0004460251
2025-12-08 06:00:00,0.0048252694
2025-12-08 07:00:00,0.0028234434
2025-12-08 08:00:00,0.006179025
2025-12-08 09:00:00,0.0052660876
2025-12-08 10:00:00,0.0002533657
2025-12-08 11:00:00,-0.0057973855
2025-12-08 12:00:00,0.0040686172
2025-12-08 13:00:00,0.0017057377
2025-12-08 14:00:00,0.0019557096
2025-12-08 15:00:00,0.0002757923
2025-12-08 16:00:00,0.0006432198
2025-12-08 17:00:00,0.0052223028
2025-12-08 18:00:00,-0.0128989545
2025-12-08 19:00:00,0.0040416226
2025-12-08 20:00:00,0.0038646502
2025-12-08 21:00:00,0.0030031774
2025-12-08 22:00:00,-0.0078824708
2025-12-08 23:00:00,-0.0013159567
2025-12-09 00:00:00,-0.001572182
2025-12-09 01:00:00,-0.0089715884
2025-12-09 02:00:00,0.003844859
2025-12-09 03:00:00,0.0044323331
2025-12-09 04:00:00,-0.0134971803
2025-12-09 05:00:00,0.0014774689
2025-12-09 06:00:00,-0.0007267357
2025-12-09 07:00:00,0.0034881987
2025-12-09 08:00:00,-0.0028786427
2025-12-09 09:00:00,-0.0033101341
2025-12-09 10:00:00,0.0057212687
2025-12-09 11:00:00,0.0251202201
2025-12-09 12:00:00,0.0197319869
2025-12-09 13:00:00,0.0068396519
2025-12-09 14:00:00,0.0025722346
2025-12-09 15:00:00,0.0335789071
2025-12-09 16:00:00,0.0176390883
2025-12-09 17:00:00,0.0062295043
2025-12-09 18:00:00,0.002568575
2025-12-09 19:00:00,-0.0050808761
2025-12-09 20:00:00,-0.0082933876
2025-12-09 21:00:00,-0.0056594926
2025-12-09 22:00:00,-0.00089318
2025-12-09 23:00:00,-0.000681054
2025-12-10 00:00:00,-0.0122527452
2025-12-10 01:00:00,0.0013784193
2025-12-10 02:00:00,-0.0037088192
2025-12-10 03:00:00,-0.0002160527
2025-12-10 04:00:00,0.0037957257
2025-12-10 05:00:00,-0.0010553181
2025-12-10 06:00:00,-0.0010995765
2025-12-10 07:00:00,-0.0051040381
2025-12-10 08:00:00,0.0024255036
2025-12-10 09:00:00,0.0235566543
2025-12-10 10:00:00,-0.01921844
2025-12-10 11:00:00,0.002817297
2025-12-10 12:00:00,-0.0039593786
2025-12-10 13:00:00,0.0003664701
2025-12-10 14:00:00,-0.00101351
2025-12-10 15:00:00,-0.0030683487
2025-12-10 16:00:00,0.0012327924
2025-12-10 17:00:00,-0.0004756345
2025-12-10 18:00:00,0.0039926244
2025-12-10 19:00:00,0.0013775293
2025-12-10 20:00:00,-0.0065818816
2025-12-10 21:00:00,-0.0101625343
2025-12-10 22:00:00,0.0013114756
2025-12-10 23:00:00,-0.0092166551
2025-12-11 00:00:00,-0.0185798302
2025-12-11 01:00:00,-0.0144554666
2025-12-11 02:00:00,-0.0047279252
2025-12-11 03:00:00,-0.0154115405
2025-12-11 04:00:00,0.0054488466
2025-12-11 05:00:00,-0.0029873927
2025-12-11 06:00:00,-0.0042998823
2025-12-11 07:00:00,-0.0061916809
2025-12-11 08:00:00,-0.0086387017
2025-12-11 09:00:00,0.0033749132
2025-12-11 10:00:00,-0.0014618507
2025-12-11 11:00:00,-0.0072939438
2025-12-11 12:00:00,-0.0096487577
2025-12-11 13:00:00,-0.0025470986
2025-12-11 14:00:00,-0.0053072279
2025-12-11 15:00:00,0.010251317
2025-12-11 16:00:00,-0.0114130103
2025-12-11 17:00:00,-0.0048793018
2025-12-11 18:00:00,0.0083844725
2025-12-11 19:00:00,0.0078120703
2025-12-11 20:00:00,0.0123264458
2025-12-11 21:00:00,0.0069525739
2025-12-11 22:00:00,-0.005038743
2025-12-11 23:00:00,0.0037696774
2025-12-12 00:00:00,-0.016789581
2025-12-12 01:00:00,0.0075047704
2025-12-12 02:00:00,0.0052790559
2025-12-12 03:00:00,-0.0015358627
2025-12-12 04:00:00,-0.0044555116
2025-12-12 05:00:00,0.0095502227
2025-12-12 06:00:00,0.0005409665
2025-12-12 07:00:00,0.0026300973
2025-12-12 08:00:00,-0.0062106156
2025-12-12 09:00:00,0.006913933
2025-12-12 10:00:00,0.0008199122
2025-12-12 11:00:00,-0.0051413995
2025-12-12 12:00:00,0.0046729606
2025-12-12 13:00:00,-0.0031912175
2025-12-12 14:00:00,-0.0011522771
2025-12-12 15:00:00,-0.0392056544
2025-12-12 16:00:00,-0.0099598743
2025-12-12 17:00:00,0.0097396181
2025-12-12 18:00:00,0.0094032362
2025-12-12 19:00:00,-0.0071295911
2025-12-12 20:00:00,0.0014641291
2025-12-12 21:00:00,-0.0005853944
2025-12-12 22:00:00,0.0011704464
2025-12-12 23:00:00,-0.0027820503
2025-12-13 00:00:00,0.0023920537
2025-12-13 01:00:00,-0.0004877097
2025-12-13 02:00:00,0.0007802214
2025-12-13 03:00:00,-0.0026112543
2025-12-13 04:00:00,0.0042915381
2025-12-13 05:00:00,-0.0017534038
2025-12-13 06:00:00,-0.0001706339
2025-12-13 07:00:00,0.001023367
2025-12-13 08:00:00,0.0035978257
2025-12-13 09:00:00,-0.0007282438
2025-12-13 10:00:00,0.0079816605
2025-12-13 11:00:00,-0.0070107866
2025-12-13 12:00:00,0.000121293
2025-12-13 13:00:00,0.0022291691
2025-12-13 14:00:00,-0.0026173584
2025-12-13 15:00:00,0.0024479223
2025-12-13 16:00:00,-0.0024236561
2025-12-13 17:00:00,-0.0031595603
2025-12-13 18:00:00,-0.0017054457
2025-12-13 19:00:00,0.0005119392
2025-12-13 20:00:00,-0.0001462416
2025-12-13 21:00:00,-0.002098483
2025-12-13 22:00:00,-0.0006841784
2025-12-13 23:00:00,0.0049497206
2025-12-14 00:00:00,-0.0029473757
2025-12-14 01:00:00,-0.000414791
2025-12-14 02:00:00,0.0014875693
2025-12-14 03:00:00,-0.0012191555
2025-12-14 04:00:00,-0.004916058
2025-12-14 05:00:00,0.0001225836
2025-12-14 06:00:00,-0.0007602605
2025-12-14 07:00:00,0.001372953
2025-12-14 08:00:00,-0.0027969301
2025-12-14 09:00:00,0.0006385853
2025-12-14 10:00:00,-0.0007122945
2025-12-14 11:00:00,-0.0078441448
2025-12-14 12:00:00,-0.0002476719
2025-12-14 13:00:00,-0.0032501796
2025-12-14 14:00:00,-0.0068824769
2025-12-14 15:00:00,-0.000525611
2025-12-14 16:00:00,0.0012259963
2025-12-14 17:00:00,-0.0070008441
2025-12-14 18:00:00,0.0077507129
2025-12-14 19:00:00,-0.0036295863
2025-12-14 20:00:00,-0.0027120023
2025-12-14 21:00:00,-0.0052439298
2025-12-14 22:00:00,0.0040614059
2025-12-14 23:00:00,-0.0023440169
2025-12-15 00:00:00,0.0044564812
2025-12-15 01:00:00,0.0095259055
2025-12-15 02:00:00,0.0011191386
2025-12-15 03:00:00,-0.0025135959
2025-12-15 04:00:00,0.0058139699
2025-12-15 05:00:00,0.0014853326
2025-12-15 06:00:00,0.0019523292
2025-12-15 07:00:00,-0.0072601446
2025-12-15 08:00:00,-0.0037872227
2025-12-15 09:00:00,0.0076592521
2025-12-15 10:00:00,0.0015594642
2025-12-15 11:00:00,-0.0029476991
2025-12-15 12:00:00,-0.0009927776
2025-12-15 13:00:00,-0.0031586173
2025-12-15 14:00:00,-0.0202820168
2025-12-15 15:00:00,-0.0199755031
2025-12-15 16:00:00,-0.007470783
2025-12-15 17:00:00,-0.0045828994
2025-12-15 18:00:00,0.0051314386
2025-12-15 19:00:00,0.0047414443
2025-12-15 20:00:00,-0.0100566365
2025-12-15 21:00:00,0.0075324012
2025-12-15 22:00:00,0.0031478063
2025-12-15 23:00:00,0.0082515762
2025-12-16 00:00:00,-0.0105919751
2025-12-16 01:00:00,0.0002342865
2025-12-16 02:00:00,-0.0055595575
2025-12-16 03:00:00,0.0013862554
2025-12-16 04:00:00,-0.0002614106
2025-12-16 05:00:00,-0.0032471812
2025-12-16 06:00:00,0.0080722496
2025-12-16 07:00:00,-0.0103042468
2025-12-16 08:00:00,0.0021795369
2025-12-16 09:00:00,-0.000577246
2025-12-16 10:00:00,0.0177672619
2025-12-16 11:00:00,0.0003351336
2025-12-16 12:00:00,-0.0021158022
2025-12-16 13:00:00,-0.0149373028
2025-12-16 14:00:00,0.0128428988
2025-12-16 15:00:00,0.009377645
2025-12-16 16:00:00,-0.0060441794
2025-12-16 17:00:00,-0.0081855139
2025-12-16 18:00:00,0.009629148
2025-12-16 19:00:00,-0.0027860201
2025-12-16 20:00:00,-0.0019393131
2025-12-16 21:00:00,0.0012157427
2025-12-16 22:00:00,-0.0015522731
2025-12-16 23:00:00,-0.0008288653
2025-12-17 00:00:00,-0.0060820482
2025-12-17 01:00:00,0.002343629
2025-12-17 02:00:00,0.0010138693
2025-12-17 03:00:00,-0.004192114
2025-12-17 04:00:00,-0.0089637336
2025-12-17 05:00:00,0.0010788481
2025-12-17 06:00:00,0.0002629572
2025-12-17 07:00:00,0.0013400073
2025-12-17 08:00:00,-0.0059517715
2025-12-17 09:00:00,-0.001744832
2025-12-17 10:00:00,-0.0008205943
2025-12-17 11:00:00,0.007492648
2025-12-17 12:00:00,0.0001314112
2025-12-17 13:00:00,0.0103272942
2025-12-17 14:00:00,0.0271219591
2025-12-17 15:00:00,-0.033986228
2025-12-17 16:00:00,-0.0172231322
2025-12-17 17:00:00,-0.0161430293
2025-12-17 18:00:00,-0.0064382277
2025-12-17 19:00:00,0.0045409511
2025-12-17 20:00:00,-0.0005155968
2025-12-17 21:00:00,-0.0063172436
2025-12-17 22:00:00,0.0053124231
2025-12-17 23:00:00,-0.0026390624
2025-12-18 00:00:00,-0.001144851
2025-12-18 01:00:00,-0.0062378797
2025-12-18 02:00:00,0.0082268998
2025-12-18 03:00:00,-0.0070748892
2025-12-18 04:00:00,0.0010959205
2025-12-18 05:00:00,-0.0110413171
2025-12-18 06:00:00,0.0011345242
2025-12-18 07:00:00,0.000829325
2025-12-18 08:00:00,0.0019048414
2025-12-18 09:00:00,0.0037438793
2025-12-18 10:00:00,0.0015100973
2025-12-18 11:00:00,0.0001097364
2025-12-18 12:00:00,0.0026027055
2025-12-18 13:00:00,0.0274729209
2025-12-18 14:00:00,-0.0148031665
2025-12-18 15:00:00,0.007482607
2025-12-18 16:00:00,-0.0050001448
2025-12-18 17:00:00,-0.0350210603
2025-12-18 18:00:00,-0.0102395239
2025-12-18 19:00:00,-0.0195618487
2025-12-18 20:00:00,0.0005174496
2025-12-18 21:00:00,0.0177464672
2025-12-18 22:00:00,-0.0003388682
2025-12-18 23:00:00,-0.0075981314
2025-12-19 00:00:00,-0.0043923518
2025-12-19 01:00:00,-0.0050435687
2025-12-19 02:00:00,0.0070139564
2025-12-19 03:00:00,0.0247670615
2025-12-19 04:00:00,0.005329201
2025-12-19 05:00:00,-0.0028276015
2025-12-19 06:00:00,0.0088442343
2025-12-19 07:00:00,0.0076750555
2025-12-19 08:00:00,0.0016097571
2025-12-19 09:00:00,-0.0027846046
2025-12-19 10:00:00,2.73377e-05
2025-12-19 11:00:00,0.0007924689
2025-12-19 12:00:00,0.0018012122
2025-12-19 13:00:00,-0.0008729098
2025-12-19 14:00:00,0.0116935011
2025-12-19 15:00:00,0.0003775519
2025-12-19 16:00:00,0.0081098218
2025-12-19 17:00:00,-0.0125957096
2025-12-19 18:00:00,0.0100248765
2025-12-19 19:00:00,0.0130003429
2025-12-19 20:00:00,0.0037513583
2025-12-19 21:00:00,-0.0104168989
2025-12-19 22:00:00,0.0060830831
2025-12-19 23:00:00,-0.0025987127
2025-12-20 00:00:00,-0.0023659212
2025-12-20 01:00:00,-0.0047219605
2025-12-20 02:00:00,0.0015764656
2025-12-20 03:00:00,-0.0003738517
2025-12-20 04:00:00,-0.0062156932
2025-12-20 05:00:00,0.0027911239
2025-12-20 06:00:00,0.0012855882
2025-12-20 07:00:00,0.0017649895
2025-12-20 08:00:00,0.0053295087
2025-12-20 09:00:00,0.0080204779
2025-12-20 10:00:00,-0.0040683754
2025-12-20 11:00:00,0.0016134795
2025-12-20 12:00:00,-0.0040253226
2025-12-20 13:00:00,0.000424482
2025-12-20 14:00:00,0.0048158433
2025-12-20 15:00:00,-0.0039939219
2025-12-20 16:00:00,-0.0029727169
2025-12-20 17:00:00,-0.0007977663
2025-12-20 18:00:00,0.0010103965
2025-12-20 19:00:00,-0.002607841
2025-12-20 20:00:00,0.0008522879
2025-12-20 21:00:00,-0.0020520481
2025-12-20 22:00:00,0.0020520481
2025-12-20 23:00:00,-0.0071604453
2025-12-21 00:00:00,-0.0008852526
2025-12-21 01:00:00,-0.0081109565
2025-12-21 02:00:00,-0.0035778213
2025-12-21 03:00:00,0.003307222
2025-12-21 04:00:00,-0.0038504345
2025-12-21 05:00:00,-0.000244542
2025-12-21 06:00:00,0.0013035333
2025-12-21 07:00:00,-0.0028536893
2025-12-21 08:00:00,0.0088875023
2025-12-21 09:00:00,0.0047365393
2025-12-21 10:00:00,-0.0055191493
2025-12-21 11:00:00,-0.001188579
2025-12-21 12:00:00,-0.0060185618
2025-12-21 13:00:00,-0.0256699765
2025-12-21 14:00:00,0.0067289766
2025-12-21 15:00:00,0.0001939676
2025-12-21 16:00:00,0.0058291484
2025-12-21 17:00:00,-0.0003857174
2025-12-21 18:00:00,0.0009364844
2025-12-21 19:00:00,0.0052719856
2025-12-21 20:00:00,-0.0083325795
2025-12-21 21:00:00,-0.0047611229
2025-12-21 22:00:00,0.0117508869
2025-12-21 23:00:00,0.0035586252
2025-12-22 00:00:00,0.0035732346
2025-12-22 01:00:00,-0.0005447068
2025-12-22 02:00:00,-0.0055730236
2025-12-22 03:00:00,0.0058998833
2025-12-22 04:00:00,-0.0016626467
2025-12-22 05:00:00,-0.0022667386
2025-12-22 06:00:00,0.0017210063
2025-12-22 07:00:00,0.0049552226
2025-12-22 08:00:00,-0.0005161571
2025-12-22 09:00:00,0.0031742183
2025-12-22 10:00:00,0.0006228083
2025-12-22 11:00:00,0.00359387
2025-12-22 12:00:00,0.0073902222
2025-12-22 13:00:00,0.000669138
2025-12-22 14:00:00,0.0103545118
2025-12-22 15:00:00,0.0044389324
2025-12-22 16:00:00,-0.0017679271
2025-12-22 17:00:00,-0.0013478338
2025-12-22 18:00:00,-0.0032050885
2025-12-22 19:00:00,-0.0227550872
2025-12-22 20:00:00,-0.0004343577
2025-12-22 21:00:00,0.0065765674
2025-12-22 22:00:00,0.0046827148
2025-12-22 23:00:00,-0.0042512037
2025-12-23 00:00:00,0.0045196601
2025-12-23 01:00:00,-0.005976757
2025-12-23 02:00:00,-0.0066105196
2025-12-23 03:00:00,0.001873804
2025-12-23 04:00:00,-0.004841044
2025-12-23 05:00:00,-0.0021287637
2025-12-23 06:00:00,-0.0033387185
2025-12-23 07:00:00,-0.0026625326
2025-12-23 08:00:00,-0.0009074286
2025-12-23 09:00:00,0.0021160539
2025-12-23 10:00:00,0.0053115884
2025-12-23 11:00:00,0.0025635445
2025-12-23 12:00:00,-0.0058183373
2025-12-23 13:00:00,-0.0103542259
2025-12-23 14:00:00,-0.0105185042
2025-12-23 15:00:00,0.0087730855
2025-12-23 16:00:00,0.0091639936
2025-12-23 17:00:00,-0.0123023184
2025-12-23 18:00:00,0.0120824838
2025-12-23 19:00:00,-0.00714338
2025-12-23 20:00:00,0.0038124753
2025-12-23 21:00:00,0.0016530751
2025-12-23 22:00:00,-0.0037509008
2025-12-23 23:00:00,0.0024837877
2025-12-24 00:00:00,0.0004133655
2025-12-24 01:00:00,-0.003007687
2025-12-24 02:00:00,-0.0084365267
2025-12-24 03:00:00,0.0029497726
2025-12-24 04:00:00,-0.0057685233
2025-12-24 05:00:00,-0.0072085019
2025-12-24 06:00:00,0.0042976991
2025-12-24 07:00:00,-0.0013463105
2025-12-24 08:00:00,-0.0026980708
2025-12-24 09:00:00,0.0009282832
2025-12-24 10:00:00,0.0022468133
2025-12-24 11:00:00,0.0059018674
2025-12-24 12:00:00,0.0010313446
2025-12-24 13:00:00,-0.0059798429
2025-12-24 14:00:00,-0.0090090699
2025-12-24 15:00:00,0.0043739047
2025-12-24 16:00:00,0.0024185849
2025-12-24 17:00:00,-0.0035173158
2025-12-24 18:00:00,0.0014365593
2025-12-24 19:00:00,0.0017998261
2025-12-24 20:00:00,-0.0033209532
2025-12-24 21:00:00,0.0039950537
2025-12-24 22:00:00,0.0053765076
2025-12-24 23:00:00,-0.0045906309
2025-12-25 00:00:00,-0.0049782831
2025-12-25 01:00:00,0.0067722569
2025-12-25 02:00:00,0.0086720655
2025-12-25 03:00:00,0.0004163717
2025-12-25 04:00:00,-0.0002775619
2025-12-25 05:00:00,-0.0023345665
2025-12-25 06:00:00,0.0026121284
2025-12-25 07:00:00,-0.0040879379
2025-12-25 08:00:00,-0.0034054464
2025-12-25 09:00:00,-0.0034451403
2025-12-25 10:00:00,-0.0170063945
2025-12-25 11:00:00,0.0022520285
2025-12-25 12:00:00,0.0007116121
2025-12-25 13:00:00,2.8454e-05
2025-12-25 14:00:00,-0.001765678
2025-12-25 15:00:00,0.0175180362
2025-12-25 16:00:00,-0.0089467173
2025-12-25 17:00:00,0.0017788324
2025-12-25 18:00:00,0.0096855097
2025-12-25 19:00:00,0.0040985378
2025-12-25 20:00:00,-0.0059721663
2025-12-25 21:00:00,0.0017898098
2025-12-25 22:00:00,-0.0315053729
2025-12-25 23:00:00,-0.0098814174
2025-12-26 00:00:00,-0.0007865873
2025-12-26 01:00:00,0.0072885985
2025-12-26 02:00:00,0.0261290403
2025-12-26 03:00:00,-0.0052848121
2025-12-26 04:00:00,0.0011044874
2025-12-26 05:00:00,0.0013859624
2025-12-26 06:00:00,0.004540399
2025-12-26 07:00:00,-0.0104653762
2025-12-26 08:00:00,0.0053595103
2025-12-26 09:00:00,0.0042613901
2025-12-26 10:00:00,0.0012664464
2025-12-26 11:00:00,-0.0016889518
2025-12-26 12:00:00,0.0041328763
2025-12-26 13:00:00,0.0019340468
2025-12-26 14:00:00,-0.0219409484
2025-12-26 15:00:00,-0.007960384
2025-12-26 16:00:00,-0.0069777488
2025-12-26 17:00:00,0.0110089674
2025-12-26 18:00:00,0.0026689258
2025-12-26 19:00:00,0.002433126
2025-12-26 20:00:00,-0.0006291827
2025-12-26 21:00:00,0.0008292941
2025-12-26 22:00:00,0.0011998287
2025-12-26 23:00:00,-0.002486959
2025-12-27 00:00:00,0.0041700049
2025-12-27 01:00:00,0.0034428339
2025-12-27 02:00:00,0.0024397867
2025-12-27 03:00:00,0.0044105245
2025-12-27 04:00:00,-0.0042971908
2025-12-27 05:00:00,0.0015004603
2025-12-27 06:00:00,-0.0016704657
2025-12-27 07:00:00,-0.0021843051
2025-12-27 08:00:00,0.0028358355
2025-12-27 09:00:00,0.0026583726
2025-12-27 10:00:00,-2.82434e-05
2025-12-27 11:00:00,0.0026795678
2025-12-27 12:00:00,0.0060938983
2025-12-27 13:00:00,-0.0040116194
2025-12-27 14:00:00,0.0019096302
2025-12-27 15:00:00,0.0009814782
2025-12-27 16:00:00,-0.0025538497
2025-12-27 17:00:00,0.0046817484
2025-12-27 18:00:00,-0.0032496667
2025-12-27 19:00:00,0.0028300452
2025-12-27 20:00:00,0.0116833508
2025-12-27 21:00:00,0.0051032482
2025-12-27 22:00:00,0.0039269043
2025-12-27 23:00:00,0.0128531574
2025-12-28 00:00:00,-0.0018415713
2025-12-28 01:00:00,-5.42152e-05
2025-12-28 02:00:00,5.42152e-05
2025-12-28 03:00:00,0.001922739
2025-12-28 04:00:00,0.0004868681
2025-12-28 05:00:00,0.0015941856
2025-12-28 06:00:00,0.0096458155
2025-12-28 07:00:00,-0.0008292651
2025-12-28 08:00:00,-0.0004550504
2025-12-28 09:00:00,-0.0091717853
2025-12-28 10:00:00,-0.0001080877
2025-12-28 11:00:00,0.0030759293
2025-12-28 12:00:00,-0.0056735442
2025-12-28 13:00:00,-0.0001354775
2025-12-28 14:00:00,0.0041643066
2025-12-28 15:00:00,-0.0039746433
2025-12-28 16:00:00,0.0015160132
2025-12-28 17:00:00,-0.0006765076
2025-12-28 18:00:00,-0.0168979657
2025-12-28 19:00:00,-0.0019290129
2025-12-28 20:00:00,0.000220647
2025-12-28 21:00:00,0.0017909548
2025-12-28 22:00:00,0.0059011795
2025-12-28 23:00:00,0.008067857
2025-12-29 00:00:00,0.0082994759
2025-12-29 01:00:00,0.0056109789
2025-12-29 02:00:00,0.0075212388
2025-12-29 03:00:00,0.0112031187
2025-12-29 04:00:00,0.0016014916
2025-12-29 05:00:00,-0.004206105
2025-12-29 06:00:00,-0.0083593947
2025-12-29 07:00:00,-0.0019943367
2025-12-29 08:00:00,-0.0026653178
2025-12-29 09:00:00,-0.0143813884
2025-12-29 10:00:00,0.0014339635
2025-12-29 11:00:00,-0.0022465533
2025-12-29 12:00:00,-0.0103503675
2025-12-29 13:00:00,-0.0043078087
2025-12-29 14:00:00,0.0021425048
2025-12-29 15:00:00,0.0021653039
2025-12-29 16:00:00,-0.0162021733
2025-12-29 17:00:00,-0.0002226366
2025-12-29 18:00:00,-0.0120120724
2025-12-29 19:00:00,-0.0076914755
2025-12-29 20:00:00,-0.001448761
2025-12-29 21:00:00,0.002186538
2025-12-29 22:00:00,0.0054878359
2025-12-29 23:00:00,-0.0044671962
2025-12-30 00:00:00,0.0020098802
2025-12-30 01:00:00,-0.0042793847
2025-12-30 02:00:00,-0.0051538433
2025-12-30 03:00:00,0.0054378132
2025-12-30 04:00:00,-0.0004543906
2025-12-30 05:00:00,-0.0044696947
2025-12-30 06:00:00,0.0007986082
2025-12-30 07:00:00,0.0022497838
2025-12-30 08:00:00,0.0091180017
2025-12-30 09:00:00,0.0016617148
2025-12-30 10:00:00,-0.0053046032
2025-12-30 11:00:00,-0.0049632116
2025-12-30 12:00:00,0.0025839441
2025-12-30 13:00:00,0.0008220538
2025-12-30 14:00:00,0.0053973992
2025-12-30 15:00:00,-0.0027374469
2025-12-30 16:00:00,-0.0006219081
2025-12-30 17:00:00,-0.0031720883
2025-12-30 18:00:00,-0.0025563112
2025-12-30 19:00:00,-0.0016508699
2025-12-30 20:00:00,-0.0067742609
2025-12-30 21:00:00,0.0038358094
2025-12-30 22:00:00,0.0015130971
2025-12-30 23:00:00,0.0015677782
2025-12-31 00:00:00,-0.0018530931
2025-12-31 01:00:00,0.0029917535
2025-12-31 02:00:00,0.0036066777
2025-12-31 03:00:00,-0.0040619863
2025-12-31 04:00:00,0.0015642557
2025-12-31 05:00:00,0.0024977306
2025-12-31 06:00:00,-0.0031515763
2025-12-31 07:00:00,-0.0028763066
2025-12-31 08:00:00,-0.0050033698
2025-12-31 09:00:00,0.0017182627
2025-12-31 10:00:00,0.001401061
2025-12-31 11:00:00,0.004589714
2025-12-31 12:00:00,-0.0055044702
2025-12-31 13:00:00,-0.0038396563
2025-12-31 14:00:00,-0.0016377667
2025-12-31 15:00:00,-0.0168193033
2025-12-31 16:00:00,-0.0260116573
2025-12-31 17:00:00,0.0007500863
2025-12-31 18:00:00,-0.0024022593
2025-12-31 19:00:00,-0.0031919085
2025-12-31 20:00:00,0.0058040912
2025-12-31 21:00:00,0.0002698368
2025-12-31 22:00:00,-0.0033932438
2025-12-31 23:00:00,0.0009019844
2026-01-01 00:00:00,0.0015915202
2026-01-01 01:00:00,-0.0024032696
2026-01-01 02:00:00,-0.0003910774
2026-01-01 03:00:00,-0.0008428404
2026-01-01 04:00:00,-0.000150582
2026-01-01 05:00:00,0.011439648
2026-01-01 06:00:00,-0.000238237
2026-01-01 07:00:00,0.0007443024
2026-01-01 08:00:00,0.0048985506
2026-01-01 09:00:00,0.0018049211
2026-01-01 10:00:00,-0.0001182557
2026-01-01 11:00:00,0.0059838938
2026-01-01 12:00:00,-0.0027664163
2026-01-01 13:00:00,0.0086855006
2026-01-01 14:00:00,0.0030338413
2026-01-01 15:00:00,0.0098545809
2026-01-01 16:00:00,0.0035125133
2026-01-01 17:00:00,0.008784662
2026-01-01 18:00:00,0.0002848516
2026-01-01 19:00:00,0.0169442929
2026-01-01 20:00:00,-0.0021024017
2026-01-01 21:00:00,-0.0020787108
2026-01-01 22:00:00,0.0038170128
2026-01-01 23:00:00,-0.0026085874
2026-01-02 00:00:00,-0.001489664
2026-01-02 01:00:00,0.0009558886
2026-01-02 02:00:00,0.0056882815
2026-01-02 03:00:00,0.009732031
2026-01-02 04:00:00,-0.0056608637
2026-01-02 05:00:00,-0.0039314693
2026-01-02 06:00:00,-0.0001955826
2026-01-02 07:00:00,-0.0078830027
2026-01-02 08:00:00,0.0047204359
2026-01-02 09:00:00,0.0207233992
2026-01-02 10:00:00,0.0001098207
2026-01-02 11:00:00,-0.0109866947
2026-01-02 12:00:00,0.0105748048
2026-01-02 13:00:00,0.0008236102
2026-01-02 14:00:00,0.0088792333
2026-01-02 15:00:00,0.0092862741
2026-01-02 16:00:00,0.0465187907
2026-01-02 17:00:00,-0.0009522217
2026-01-02 18:00:00,-0.017637508
2026-01-02 19:00:00,0.0168647702
2026-01-02 20:00:00,-0.0056591492
2026-01-02 21:00:00,0.0111070734
2026-01-02 22:00:00,0.0093614774
2026-01-02 23:00:00,0.0020037291
2026-01-03 00:00:00,0.0
2026-01-03 01:00:00,-0.0024608372
2026-01-03 02:00:00,0.0068600049
2026-01-03 03:00:00,0.0042040668
2026-01-03 04:00:00,-0.0037248678
2026-01-03 05:00:00,-0.0094242331
2026-01-03 06:00:00,-0.0061020168
2026-01-03 07:00:00,-0.0165519239
2026-01-03 08:00:00,0.0058929831
2026-01-03 09:00:00,0.0021977178
2026-01-03 10:00:00,-0.0053086241
2026-01-03 11:00:00,-0.002157386
2026-01-03 12:00:00,0.0047763764
2026-01-03 13:00:00,0.0020695907
2026-01-03 14:00:00,-0.0010342599
2026-01-03 15:00:00,-0.0002846091
2026-01-03 16:00:00,0.0023004262
2026-01-03 17:00:00,0.0017282968
2026-01-03 18:00:00,0.0021626083
2026-01-03 19:00:00,-0.0012352035
2026-01-03 20:00:00,-0.0007727777
2026-01-03 21:00:00,0.0015192288
2026-01-03 22:00:00,0.0020562917
2026-01-03 23:00:00,-0.0004622971
2026-01-04 00:00:00,0.0147391489
2026-01-04 01:00:00,-0.002306163
2026-01-04 02:00:00,-0.001371011
2026-01-04 03:00:00,0.0143027146
2026-01-04 04:00:00,-0.0039650725
2026-01-04 05:00:00,0.0015326829
2026-01-04 06:00:00,-0.0101441734
2026-01-04 07:00:00,0.0046306337
2026-01-04 08:00:00,0.0054382168
2026-01-04 09:00:00,0.0116078638
2026-01-04 10:00:00,0.0011162238
2026-01-04 11:00:00,-0.0053941988
2026-01-04 12:00:00,0.0001744614
2026-01-04 13:00:00,-0.0034950232
2026-01-04 14:00:00,-0.0033818091
2026-01-04 15:00:00,0.0007775758
2026-01-04 16:00:00,0.0086379606
2026-01-04 17:00:00,0.0024330912
2026-01-04 18:00:00,-0.0064681669
2026-01-04 19:00:00,-0.0050041388
2026-01-04 20:00:00,0.0010529484
2026-01-04 21:00:00,-0.0010529484
2026-01-04 22:00:00,-0.0003763218
2026-01-04 23:00:00,0.0054054186
2026-01-05 00:00:00,0.0014714137
2026-01-05 01:00:00,0.0119649173
2026-01-05 02:00:00,-0.0041702199
2026-01-05 03:00:00,-0.0030709056
2026-01-05 04:00:00,-0.0149435536
2026-01-05 05:00:00,0.0016100227
2026-01-05 06:00:00,0.0040137525
2026-01-05 07:00:00,0.0037483176
2026-01-05 08:00:00,-0.0065562519
2026-01-05 09:00:00,-0.0054881564
2026-01-05 10:00:00,0.0044080121
2026-01-05 11:00:00,0.0043886667
2026-01-05 12:00:00,0.0022994836
2026-01-05 13:00:00,-0.0056582195
2026-01-05 14:00:00,0.0129713211
2026-01-05 15:00:00,0.0223026595
2026-01-05 16:00:00,0.0015499749
2026-01-05 17:00:00,0.0014992507
2026-01-05 18:00:00,0.0116988495
2026-01-05 19:00:00,-0.0029657998
2026-01-05 20:00:00,0.0037774688
2026-01-05 21:00:00,0.0058293942
2026-01-05 22:00:00,0.004426619
2026-01-05 23:00:00,-0.0052098252
2026-01-06 00:00:00,0.0071683199
2026-01-06 01:00:00,-0.000754628
2026-01-06 02:00:00,0.0022386398
2026-01-06 03:00:00,0.0030787695
2026-01-06 04:00:00,-0.0031258472
2026-01-06 05:00:00,-0.0046480436
2026-01-06 06:00:00,0.0008273743
2026-01-06 07:00:00,-0.0204824424
2026-01-06 08:00:00,0.0026495186
2026-01-06 09:00:00,0.0043683914
2026-01-06 10:00:00,0.003442838
2026-01-06 11:00:00,0.0072058244
2026-01-06 12:00:00,0.0024140881
2026-01-06 13:00:00,-0.0024140881
2026-01-06 14:00:00,0.0117081633
2026-01-06 15:00:00,-0.0165777051
2026-01-06 16:00:00,-0.0242950347
2026-01-06 17:00:00,-0.0189646843
2026-01-06 18:00:00,0.0138280637
2026-01-06 19:00:00,-0.0012269037
2026-01-06 20:00:00,0.0118864512
2026-01-06 21:00:00,0.0132564004
2026-01-06 22:00:00,-0.0013896878
2026-01-06 23:00:00,0.0055233567
2026-01-07 00:00:00,-0.0161291881
2026-01-07 01:00:00,-0.0065398641
2026-01-07 02:00:00,0.0092018859
2026-01-07 03:00:00,-0.005112498
2026-01-07 04:00:00,4.85826e-05
2026-01-07 05:00:00,-0.0043575175
2026-01-07 06:00:00,0.0027530441
2026-01-07 07:00:00,0.0171505138
2026-01-07 08:00:00,0.0073153913
2026-01-07 09:00:00,-0.025634414
2026-01-07 10:00:00,0.0058773697
2026-01-07 11:00:00,0.0040840549
2026-01-07 12:00:00,-0.0086956017
2026-01-07 13:00:00,-0.0035825299
2026-01-07 14:00:00,-0.005434796
2026-01-07 15:00:00,-0.0118528686
2026-01-07 16:00:00,0.0025305164
2026-01-07 17:00:00,-0.0002973757
2026-01-07 18:00:00,-0.0008430449
2026-01-07 19:00:00,-0.0010920554
2026-01-07 20:00:00,-0.0054283002
2026-01-07 21:00:00,0.0006489617
2026-01-07 22:00:00,-0.0015732108
2026-01-07 23:00:00,0.0043390507
2026-01-08 00:00:00,0.0017651378
2026-01-08 01:00:00,0.0024560589
2026-01-08 02:00:00,-0.0092102311
2026-01-08 03:00:00,-0.0061205228
2026-01-08 04:00:00,0.006745515
2026-01-08 05:00:00,-0.0052118688
2026-01-08 06:00:00,-0.0169242214
2026-01-08 07:00:00,0.0079910844
2026-01-08 08:00:00,-0.0063316296
2026-01-08 09:00:00,-0.0067314468
2026-01-08 10:00:00,0.0057616384
2026-01-08 11:00:00,-0.0041706707
2026-01-08 12:00:00,-0.0051412673
2026-01-08 13:00:00,0.0018281776
2026-01-08 14:00:00,-0.0005918606
2026-01-08 15:00:00,0.0154277536
2026-01-08 16:00:00,-0.0016742774
2026-01-08 17:00:00,0.0073610653
2026-01-08 18:00:00,-0.0066757948
2026-01-08 19:00:00,-0.0034565174
2026-01-08 20:00:00,-0.0010443865
2026-01-08 21:00:00,0.0127128941
2026-01-08 22:00:00,-0.0037312535
2026-01-08 23:00:00,-0.0013901705
2026-01-09 00:00:00,0.0048445795
2026-01-09 01:00:00,-0.004237722
2026-01-09 02:00:00,-0.0014672032
2026-01-09 03:00:00,0.0074904828
2026-01-09 04:00:00,-0.0051894514
2026-01-09 05:00:00,0.0009088385
2026-01-09 06:00:00,0.0067900875
2026-01-09 07:00:00,-0.0062350925
2026-01-09 08:00:00,-0.013507886
2026-01-09 09:00:00,-0.0001022573
2026-01-09 10:00:00,0.0003322981
2026-01-09 11:00:00,0.0001277776
2026-01-09 12:00:00,-0.0009459408
2026-01-09 13:00:00,0.0110397173
2026-01-09 14:00:00,-0.0138059708
2026-01-09 15:00:00,0.0173917427
2026-01-09 16:00:00,0.0113040868
2026-01-09 17:00:00,-0.0131963782
2026-01-09 18:00:00,-0.0082160979
2026-01-09 19:00:00,-0.0076168449
2026-01-09 20:00:00,0.0028439317
2026-01-09 21:00:00,0.0038303461
2026-01-09 22:00:00,0.0011462487
2026-01-09 23:00:00,-0.0046184744
2026-01-10 00:00:00,-0.00484548
2026-01-10 01:00:00,0.0018486667
2026-01-10 02:00:00,-0.0018229673
2026-01-10 03:00:00,-0.0013629761
2026-01-10 04:00:00,-0.0029121856
2026-01-10 05:00:00,-0.0014205098
2026-01-10 06:00:00,-0.003469349
2026-01-10 07:00:00,0.0049930899
2026-01-10 08:00:00,-0.0008778045
2026-01-10 09:00:00,0.007077899
2026-01-10 10:00:00,0.0015376339
2026-01-10 11:00:00,0.0007167542
2026-01-10 12:00:00,0.0028108569
2026-01-10 13:00:00,-0.0047575289
2026-01-10 14:00:00,-0.0030299941
2026-01-10 15:00:00,0.0006684149
2026-01-10 16:00:00,0.0010788042
2026-01-10 17:00:00,-0.0019529751
2026-01-10 18:00:00,0.0008227702
2026-01-10 19:00:00,0.0042316978
2026-01-10 20:00:00,-0.0024855556
2026-01-10 21:00:00,-0.0034695932
2026-01-10 22:00:00,-0.0084024331
2026-01-10 23:00:00,0.0072174463
2026-01-11 00:00:00,0.0018798692
2026-01-11 01:00:00,0.0025694405
2026-01-11 02:00:00,7.69813e-05
2026-01-11 03:00:00,0.0012821501
2026-01-11 04:00:00,0.0008197142
2026-01-11 05:00:00,0.0011004339
2026-01-11 06:00:00,-0.0020226596
2026-01-11 07:00:00,0.0020482367
2026-01-11 08:00:00,-0.0003325531
2026-01-11 09:00:00,7.67528e-05
2026-01-11 10:00:00,-0.0005117969
2026-01-11 11:00:00,0.0012023076
2026-01-11 12:00:00,0.0108067926
2026-01-11 13:00:00,-0.0056303885
2026-01-11 14:00:00,0.0042637494
2026-01-11 15:00:00,-0.0126666236
2026-01-11 16:00:00,0.0083011345
2026-01-11 17:00:00,0.0030476988
2026-01-11 18:00:00,-0.0013449219
2026-01-11 19:00:00,-0.0048873713
2026-01-11 20:00:00,-0.007350432
2026-01-11 21:00:00,0.0059459912
2026-01-11 22:00:00,-0.0093191099
2026-01-11 23:00:00,0.0067861351
2026-01-12 00:00:00,0.0002305357
2026-01-12 01:00:00,0.0086450358
2026-01-12 02:00:00,0.0186653303
2026-01-12 03:00:00,-0.0110514977
2026-01-12 04:00:00,0.0078313653
2026-01-12 05:00:00,-0.005138693
2026-01-12 06:00:00,-0.0093928225
2026-01-12 07:00:00,-0.009789254
2026-01-12 08:00:00,-0.0075085853
2026-01-12 09:00:00,-0.0031539243
2026-01-12 10:00:00,-0.003293785
2026-01-12 11:00:00,0.0055955796
2026-01-12 12:00:00,-0.0030270517
2026-01-12 13:00:00,-0.0102092196
2026-01-12 14:00:00,0.0177983113
2026-01-12 15:00:00,0.0131311922
2026-01-12 16:00:00,0.0081139937
2026-01-12 17:00:00,-0.0106552265
2026-01-12 18:00:00,0.0002289756
2026-01-12 19:00:00,-0.0008907553
2026-01-12 20:00:00,-0.0099024644
2026-01-12 21:00:00,-0.0097158387
2026-01-12 22:00:00,0.0042752271
2026-01-12 23:00:00,-0.0022778464
2026-01-13 00:00:00,0.0018640782
2026-01-13 01:00:00,-0.0028233606
2026-01-13 02:00:00,-0.0002334782
2026-01-13 03:00:00,0.0019180929
2026-01-13 04:00:00,0.0057580494
2026-01-13 05:00:00,0.0072343252
2026-01-13 06:00:00,0.0012517085
2026-01-13 07:00:00,-0.0054011983
2026-01-13 08:00:00,0.0077725898
2026-01-13 09:00:00,0.0001528001
2026-01-13 10:00:00,-0.0040826798
2026-01-13 11:00:00,0.0019668704
2026-01-13 12:00:00,0.0023704243
2026-01-13 13:00:00,0.0020345887
2026-01-13 14:00:00,0.0112675825
2026-01-13 15:00:00,0.019035871
2026-01-13 16:00:00,0.0084432183
2026-01-13 17:00:00,-0.0074331545
2026-01-13 18:00:00,0.0001231087
2026-01-13 19:00:00,0.0093121951
2026-01-13 20:00:00,-0.0040083153
2026-01-13 21:00:00,0.003983923
2026-01-13 22:00:00,0.0288272296
2026-01-13 23:00:00,-0.0010670462
2026-01-14 00:00:00,0.0017540953
2026-01-14 01:00:00,-0.0033686839
2026-01-14 02:00:00,0.0012823864
2026-01-14 03:00:00,0.0103647444
2026-01-14 04:00:00,-0.0040716956
2026-01-14 05:00:00,-0.0054153251
2026-01-14 06:00:00,0.0080297057
2026-01-14 07:00:00,-0.003156955
2026-01-14 08:00:00,-0.0072467517
2026-01-14 09:00:00,-0.0019508952
2026-01-14 10:00:00,-0.0042958468
2026-01-14 11:00:00,-0.0106276547
2026-01-14 12:00:00,0.0032820938
2026-01-14 13:00:00,-0.0074241904
2026-01-14 14:00:00,0.018327072
2026-01-14 15:00:00,0.0011194875
2026-01-14 16:00:00,0.0027576387
2026-01-14 17:00:00,-0.0114606225
2026-01-14 18:00:00,-0.006988317
2026-01-14 19:00:00,0.0028494176
2026-01-14 20:00:00,-0.0044467073
2026-01-14 21:00:00,0.0030230135
2026-01-14 22:00:00,-0.0047441634
2026-01-14 23:00:00,0.0058060933
2026-01-15 00:00:00,-0.0068013478
2026-01-15 01:00:00,-0.0085366372
2026-01-15 02:00:00,-0.0069314996
2026-01-15 03:00:00,-0.0123343459
2026-01-15 04:00:00,0.0050812105
2026-01-15 05:00:00,0.0001242159
2026-01-15 06:00:00,-0.0035586783
2026-01-15 07:00:00,0.007376991
2026-01-15 08:00:00,-0.0017585797
2026-01-15 09:00:00,0.0034893684
2026-01-15 10:00:00,0.0010370371
2026-01-15 11:00:00,-0.0013582429
2026-01-15 12:00:00,0.0073862853
2026-01-15 13:00:00,0.0014217431
2026-01-15 14:00:00,-0.0128690482
2026-01-15 15:00:00,-0.0091229228
2026-01-15 16:00:00,-0.0007514842
2026-01-15 17:00:00,-0.0075208182
2026-01-15 18:00:00,-0.0110691932
2026-01-15 19:00:00,0.0016835021
2026-01-15 20:00:00,-0.0056227306
2026-01-15 21:00:00,0.0066671171
2026-01-15 22:00:00,0.0025681136
2026-01-15 23:00:00,-0.0004572009
2026-01-16 00:00:00,-0.0004065764
2026-01-16 01:00:00,-0.0033350761
2026-01-16 02:00:00,0.0008921403
2026-01-16 03:00:00,-0.0027554552
2026-01-16 04:00:00,-0.0045580331
2026-01-16 05:00:00,0.0085357022
2026-01-16 06:00:00,0.0022622431
2026-01-16 07:00:00,-0.0030768864
2026-01-16 08:00:00,0.0008146433
2026-01-16 09:00:00,-0.0034157566
2026-01-16 10:00:00,-0.0014820875
2026-01-16 11:00:00,0.0032169145
2026-01-16 12:00:00,-0.0029867914
2026-01-16 13:00:00,-0.0031239623
2026-01-16 14:00:00,-0.0011547494
2026-01-16 15:00:00,-0.0202828823
2026-01-16 16:00:00,0.0057739445
2026-01-16 17:00:00,0.006258704
2026-01-16 18:00:00,0.000491763
2026-01-16 19:00:00,0.0004915213
2026-01-16 20:00:00,0.0203527025
2026-01-16 21:00:00,0.0044250657
2026-01-16 22:00:00,0.0
2026-01-16 23:00:00,-0.0025515051
2026-01-17 00:00:00,0.0008596496
2026-01-17 01:00:00,0.0
2026-01-17 02:00:00,-0.0028852745
2026-01-17 03:00:00,0.0001013788
2026-01-17 04:00:00,0.0037185578
2026-01-17 05:00:00,0.0005048593
2026-01-17 06:00:00,-0.0034380801
2026-01-17 07:00:00,0.0010883184
2026-01-17 08:00:00,0.0009860562
2026-01-17 09:00:00,-0.0011884444
2026-01-17 10:00:00,0.0017947653
2026-01-17 11:00:00,-0.0033393236
2026-01-17 12:00:00,0.0030362091
2026-01-17 13:00:00,0.0045119492
2026-01-17 14:00:00,0.007940824
2026-01-17 15:00:00,0.0037853364
2026-01-17 16:00:00,-0.0045341383
2026-01-17 17:00:00,-0.0003995904
2026-01-17 18:00:00,-0.0007996602
2026-01-17 19:00:00,-0.00045009
2026-01-17 20:00:00,-0.0025543438
2026-01-17 21:00:00,-0.000752521
2026-01-17 22:00:00,-0.0057629795
2026-01-17 23:00:00,0.0022688895
2026-01-18 00:00:00,-0.0021427049
2026-01-18 01:00:00,-0.0056433701
2026-01-18 02:00:00,0.0001268826
2026-01-18 03:00:00,0.0030656607
2026-01-18 04:00:00,0.0001011839
2026-01-18 05:00:00,-0.0006831898
2026-01-18 06:00:00,-0.0006329996
2026-01-18 07:00:00,-0.0016730466
2026-01-18 08:00:00,-0.0008629661
2026-01-18 09:00:00,0.0012941701
2026-01-18 10:00:00,-0.001852957
2026-01-18 11:00:00,-0.0020855065
2026-01-18 12:00:00,-0.001069873
2026-01-18 13:00:00,0.0012226186
2026-01-18 14:00:00,-0.0063842501
2026-01-18 15:00:00,0.004932224
2026-01-18 16:00:00,-0.0010457451
2026-01-18 17:00:00,0.0007907861
2026-01-18 18:00:00,0.0065572339
2026-01-18 19:00:00,-0.0062767826
2026-01-18 20:00:00,0.0027239303
2026-01-18 21:00:00,0.0022600601
2026-01-18 22:00:00,0.0037470295
2026-01-18 23:00:00,-0.0524217884
2026-01-19 00:00:00,-0.0338822677
2026-01-19 01:00:00,0.0009637228
2026-01-19 02:00:00,0.0051607351
2026-01-19 03:00:00,0.0009304872
2026-01-19 04:00:00,-0.0077438876
2026-01-19 05:00:00,0.0031102512
2026-01-19 06:00:00,-0.0049313432
2026-01-19 07:00:00,0.0047939259
2026-01-19 08:00:00,0.0150850526
2026-01-19 09:00:00,0.0008118861
2026-01-19 10:00:00,0.0031600723
2026-01-19 11:00:00,-0.0050283966
2026-01-19 12:00:00,-0.0058440754
2026-01-19 13:00:00,-0.0034134852
2026-01-19 14:00:00,0.0054015845
2026-01-19 15:00:00,-0.0024516493
2026-01-19 16:00:00,0.0112820875
2026-01-19 17:00:00,-0.0064390678
2026-01-19 18:00:00,0.0017355937
2026-01-19 19:00:00,0.0044067822
2026-01-19 20:00:00,0.0008628594
2026-01-19 21:00:00,-0.0030503054
2026-01-19 22:00:00,-0.008852499
2026-01-19 23:00:00,0.0093390118
2026-01-20 00:00:00,-0.0056635881
2026-01-20 01:00:00,0.001602064
2026-01-20 02:00:00,-0.0026352624
2026-01-20 03:00:00,-0.0037338391
2026-01-20 04:00:00,-0.0034463929
2026-01-20 05:00:00,0.006880949
2026-01-20 06:00:00,-0.0041447446
2026-01-20 07:00:00,-0.0011482941
2026-01-20 08:00:00,-0.0146603524
2026-01-20 09:00:00,-0.0047861627
2026-01-20 10:00:00,0.0034249946
2026-01-20 11:00:00,-0.0065819068
2026-01-20 12:00:00,0.0042162934
2026-01-20 13:00:00,-0.005644365
2026-01-20 14:00:00,0.0090102009
2026-01-20 15:00:00,-0.0030593822
2026-01-20 16:00:00,-0.0141102247
2026-01-20 17:00:00,-0.0063767593
2026-01-20 18:00:00,-0.002049181
2026-01-20 19:00:00,0.0026460687
2026-01-20 20:00:00,0.0036871106
2026-01-20 21:00:00,-0.0043692971
2026-01-20 22:00:00,-0.0033038109
2026-01-20 23:00:00,-0.0005707274
2026-01-21 00:00:00,0.0184679806
2026-01-21 01:00:00,0.0019875992
2026-01-21 02:00:00,8.38961e-05
2026-01-21 03:00:00,0.0005591278
2026-01-21 04:00:00,0.0020381675
2026-01-21 05:00:00,0.0059788001
2026-01-21 06:00:00,-0.0058393515
2026-01-21 07:00:00,0.0022285373
2026-01-21 08:00:00,-0.0035401227
2026-01-21 09:00:00,-0.0008380825
2026-01-21 10:00:00,-0.0026585713
2026-01-21 11:00:00,-0.0071148657
2026-01-21 12:00:00,0.00033861
2026-01-21 13:00:00,-0.0053748361
2026-01-21 14:00:00,0.0258161946
2026-01-21 15:00:00,0.0010222266
2026-01-21 16:00:00,-0.041323768
2026-01-21 17:00:00,0.0090529467
2026-01-21 18:00:00,0.0077273112
2026-01-21 19:00:00,0.0380924407
2026-01-21 20:00:00,-0.0021271382
2026-01-21 21:00:00,0.0069644985
2026-01-21 22:00:00,-0.0008679143
2026-01-21 23:00:00,-0.0081461852
2026-01-22 00:00:00,0.0038225303
2026-01-22 01:00:00,0.001824197
2026-01-22 02:00:00,-0.0072894381
2026-01-22 03:00:00,-0.0045038936
2026-01-22 04:00:00,0.0065568608
2026-01-22 05:00:00,-0.0016968175
2026-01-22 06:00:00,0.0004107845
2026-01-22 07:00:00,-0.0058214735
2026-01-22 08:00:00,0.003518904
2026-01-22 09:00:00,0.0025763321
2026-01-22 10:00:00,0.0002463223
2026-01-22 11:00:00,-0.0053231022
2026-01-22 12:00:00,-0.0012938927
2026-01-22 13:00:00,-0.0032558938
2026-01-22 14:00:00,-0.0112003172
2026-01-22 15:00:00,0.0010614823
2026-01-22 16:00:00,0.0090050636
2026-01-22 17:00:00,0.0017968463
2026-01-22 18:00:00,-0.007791203
2026-01-22 19:00:00,0.0051639527
2026-01-22 20:00:00,-0.0039955658
2026-01-22 21:00:00,-0.0021152248
2026-01-22 22:00:00,0.0010025063
2026-01-22 23:00:00,-0.0006960783
2026-01-23 00:00:00,-0.0002228474
2026-01-23 01:00:00,0.0053346797
2026-01-23 02:00:00,-0.0048054981
2026-01-23 03:00:00,0.006245423
2026-01-23 04:00:00,0.0073060441
2026-01-23 05:00:00,-0.0107986743
2026-01-23 06:00:00,-0.0010835291
2026-01-23 07:00:00,0.0029422399
2026-01-23 08:00:00,-0.0060604561
2026-01-23 09:00:00,-0.0009206177
2026-01-23 10:00:00,0.0010042682
2026-01-23 11:00:00,0.0020333419
2026-01-23 12:00:00,0.0006675939
2026-01-23 13:00:00,-0.003537756
2026-01-23 14:00:00,-0.0108864463
2026-01-23 15:00:00,0.015230284
2026-01-23 16:00:00,0.0084937361
2026-01-23 17:00:00,0.0065901716
2026-01-23 18:00:00,0.000191563
2026-01-23 19:00:00,-0.0122238121
2026-01-23 20:00:00,-0.0064192742
2026-01-23 21:00:00,0.0022277926
2026-01-23 22:00:00,0.0069576586
2026-01-23 23:00:00,-0.0060401381
2026-01-24 00:00:00,-0.0025878995
2026-01-24 01:00:00,0.0004457073
2026-01-24 02:00:00,0.0007795101
2026-01-24 03:00:00,0.0050797461
2026-01-24 04:00:00,-0.0016349155
2026-01-24 05:00:00,-0.0019154169
2026-01-24 06:00:00,-0.0012233438
2026-01-24 07:00:00,-0.00108558
2026-01-24 08:00:00,0.0005568549
2026-01-24 09:00:00,-0.0008075408
2026-01-24 10:00:00,-0.0009197197
2026-01-24 11:00:00,0.0017550951
2026-01-24 12:00:00,0.0008624888
2026-01-24 13:00:00,-0.0051302181
2026-01-24 14:00:00,0.0031537404
2026-01-24 15:00:00,-0.0040766237
2026-01-24 16:00:00,0.0019845436
2026-01-24 17:00:00,-0.0001396278
2026-01-24 18:00:00,0.0007537584
2026-01-24 19:00:00,-0.0020951777
2026-01-24 20:00:00,0.0027925959
2026-01-24 21:00:00,-0.0005020921
2026-01-24 22:00:00,0.0022295932
2026-01-24 23:00:00,-0.0036535579
2026-01-25 00:00:00,0.0015076642
2026-01-25 01:00:00,-0.0032694836
2026-01-25 02:00:00,-0.0033363737
2026-01-25 03:00:00,-0.0020803471
2026-01-25 04:00:00,0.0036237522
2026-01-25 05:00:00,-0.000589019
2026-01-25 06:00:00,-0.0033443437
2026-01-25 07:00:00,-0.0002815474
2026-01-25 08:00:00,-0.0024245853
2026-01-25 09:00:00,0.0058540597
2026-01-25 10:00:00,0.0042005102
2026-01-25 11:00:00,-0.0054079177
2026-01-25 12:00:00,-0.001068226
2026-01-25 13:00:00,0.0020511099
2026-01-25 14:00:00,-0.0121429257
2026-01-25 15:00:00,-0.0002557363
2026-01-25 16:00:00,-0.0224160199
2026-01-25 17:00:00,-0.0080537348
2026-01-25 18:00:00,-0.0046104006
2026-01-25 19:00:00,-0.0167697037
2026-01-25 20:00:00,0.0041219928
2026-01-25 21:00:00,0.009788587
2026-01-25 22:00:00,-0.0017134927
2026-01-25 23:00:00,0.0015658934
2026-01-26 00:00:00,0.0138964417
2026-01-26 01:00:00,0.0131601778
2026-01-26 02:00:00,-0.006428295
2026-01-26 03:00:00,-0.0043763746
2026-01-26 04:00:00,0.0079271354
2026-01-26 05:00:00,0.0006625665
2026-01-26 06:00:00,0.0009786426
2026-01-26 07:00:00,0.0005464717
2026-01-26 08:00:00,0.0014940814
2026-01-26 09:00:00,-0.0094907753
2026-01-26 10:00:00,0.0051748428
2026-01-26 11:00:00,-0.0001153469
2026-01-26 12:00:00,0.0016424387
2026-01-26 13:00:00,0.005627186
2026-01-26 14:00:00,0.0123203675
2026-01-26 15:00:00,-0.0046769456
2026-01-26 16:00:00,0.0024970928
2026-01-26 17:00:00,0.0003116986
2026-01-26 18:00:00,0.002263981
2026-01-26 19:00:00,-0.0057548813
2026-01-26 20:00:00,-0.0060455883
2026-01-26 21:00:00,0.0091114209
2026-01-26 22:00:00,-0.0022984928
2026-01-26 23:00:00,-0.0007389093
2026-01-27 00:00:00,0.0003695229
2026-01-27 01:00:00,0.0044802434
2026-01-27 02:00:00,0.0019502826
2026-01-27 03:00:00,-0.005635094
2026-01-27 04:00:00,0.0016740205
2026-01-27 05:00:00,-0.0027252614
2026-01-27 06:00:00,-0.0029892835
2026-01-27 07:00:00,0.0006555602
2026-01-27 08:00:00,0.0020494144
2026-01-27 09:00:00,-0.0085097175
2026-01-27 10:00:00,0.0014328703
2026-01-27 11:00:00,0.0017739125
2026-01-27 12:00:00,-0.001602106
2026-01-27 13:00:00,-0.0043040438
2026-01-27 14:00:00,0.0024699171
2026-01-27 15:00:00,0.0072879329
2026-01-27 16:00:00,0.0164373335
2026-01-27 17:00:00,-0.020260448
2026-01-27 18:00:00,0.0171181734
2026-01-27 19:00:00,-0.0024477061
2026-01-27 20:00:00,0.0172863462
2026-01-27 21:00:00,-0.0051351202
2026-01-27 22:00:00,0.0035834865
2026-01-27 23:00:00,-0.0006934717
2026-01-28 00:00:00,-0.0041430954
2026-01-28 01:00:00,-0.0050000803
2026-01-28 02:00:00,0.0005039335
2026-01-28 03:00:00,-0.0022697033
2026-01-28 04:00:00,-0.0042449778
2026-01-28 05:00:00,0.0047217626
2026-01-28 06:00:00,0.0038619811
2026-01-28 07:00:00,-0.0030771837
2026-01-28 08:00:00,-0.0012896354
2026-01-28 09:00:00,0.0114086118
2026-01-28 10:00:00,-0.003027738
2026-01-28 11:00:00,0.0121387895
2026-01-28 12:00:00,-0.0091942611
2026-01-28 13:00:00,0.0020228057
2026-01-28 14:00:00,-0.0083950012
2026-01-28 15:00:00,-0.0046446642
2026-01-28 16:00:00,-0.0008136355
2026-01-28 17:00:00,0.0086912112
2026-01-28 18:00:00,-0.0071486719
2026-01-28 19:00:00,0.0058679055
2026-01-28 20:00:00,-0.0056437342
2026-01-28 21:00:00,0.0039148843
2026-01-28 22:00:00,0.0038718172
2026-01-28 23:00:00,-0.0060231067
2026-01-29 00:00:00,-0.0040918193
2026-01-29 01:00:00,-0.0063953788
2026-01-29 02:00:00,-0.0109983347
2026-01-29 03:00:00,0.0019698252
2026-01-29 04:00:00,-0.0031135321
2026-01-29 05:00:00,0.001029395
2026-01-29 06:00:00,0.0038223511
2026-01-29 07:00:00,-0.0015671082
2026-01-29 08:00:00,-0.0037711098
2026-01-29 09:00:00,-0.0024933023
2026-01-29 10:00:00,-0.0023844762
2026-01-29 11:00:00,-0.0049305926
2026-01-29 12:00:00,-0.0042871278
2026-01-29 13:00:00,0.0039980353
2026-01-29 14:00:00,-0.0213032032
2026-01-29 15:00:00,-0.0173995154
2026-01-29 16:00:00,0.00969052
2026-01-29 17:00:00,-0.0065397769
2026-01-29 18:00:00,-0.017986912
2026-01-29 19:00:00,0.0074153204
2026-01-29 20:00:00,0.0087423685
2026-01-29 21:00:00,0.00455186
2026-01-29 22:00:00,0.0005376665
2026-01-29 23:00:00,-0.0023319791
2026-01-30 00:00:00,-0.0008084922
2026-01-30 01:00:00,-0.0220188492
2026-01-30 02:00:00,-0.0079321574
2026-01-30 03:00:00,0.002127562
2026-01-30 04:00:00,0.0093811044
2026-01-30 05:00:00,-0.003270324
2026-01-30 06:00:00,-0.017416986
2026-01-30 07:00:00,0.0121067229
2026-01-30 08:00:00,-0.008220325
2026-01-30 09:00:00,-0.0016770711
2026-01-30 10:00:00,0.0048681512
2026-01-30 11:00:00,0.0130299007
2026-01-30 12:00:00,-0.0098798054
2026-01-30 13:00:00,-0.0038308305
2026-01-30 14:00:00,0.0050326611
2026-01-30 15:00:00,0.0019691102
2026-01-30 16:00:00,-0.0002459268
2026-01-30 17:00:00,-0.0020004007
2026-01-30 18:00:00,0.0117297111
2026-01-30 19:00:00,0.0016427858
2026-01-30 20:00:00,-0.0176328145
2026-01-30 21:00:00,0.0029039254
2026-01-30 22:00:00,-0.0039253918
2026-01-30 23:00:00,-0.0083656472
2026-01-31 00:00:00,-0.0020006884
2026-01-31 01:00:00,0.003155513
2026-01-31 02:00:00,-0.0043453184
2026-01-31 03:00:00,-0.0036408188
2026-01-31 04:00:00,-0.009097002
2026-01-31 05:00:00,0.0002538152
2026-01-31 06:00:00,-0.0138312141
2026-01-31 07:00:00,0.0026661115
2026-01-31 08:00:00,-0.0066948011
2026-01-31 09:00:00,0.002741274
2026-01-31 10:00:00,0.0007726483
2026-01-31 11:00:00,-0.0028682403
2026-01-31 12:00:00,-0.0017119697
2026-01-31 13:00:00,-0.0057711797
2026-01-31 14:00:00,-0.0308407578
2026-01-31 15:00:00,-0.0080132411
2026-01-31 16:00:00,-0.0128261408
2026-01-31 17:00:00,-0.0278803623
2026-01-31 18:00:00,-0.0010568219
2026-01-31 19:00:00,0.0045013439
2026-01-31 20:00:00,0.001052078
2026-01-31 21:00:00,0.0185441297
2026-01-31 22:00:00,-0.0083613105
2026-01-31 23:00:00,0.0183920343
2026-02-01 00:00:00,0.0067557502
2026-02-01 01:00:00,-0.0011171483
2026-02-01 02:00:00,0.0025033843
2026-02-01 03:00:00,-0.0021985836
2026-02-01 04:00:00,0.0045271877
2026-02-01 05:00:00,-0.0071039844
2026-02-01 06:00:00,-0.0012908926
2026-02-01 07:00:00,0.0056269427
2026-02-01 08:00:00,0.0015199368
2026-02-01 09:00:00,0.0037393296
2026-02-01 10:00:00,-0.0191807629
2026-02-01 11:00:00,0.0112814543
2026-02-01 12:00:00,-0.0064601904
2026-02-01 13:00:00,0.0014316395
2026-02-01 14:00:00,-0.0031728188
2026-02-01 15:00:00,-0.0116859897
2026-02-01 16:00:00,-0.0056859703
2026-02-01 17:00:00,-0.0027854201
2026-02-01 18:00:00,0.011026464
2026-02-01 19:00:00,-0.011724033
2026-02-01 20:00:00,0.002822154
2026-02-01 21:00:00,-0.006492396
2026-02-01 22:00:00,0.0082652304
2026-02-01 23:00:00,-0.00882569
2026-02-02 00:00:00,0.0125003804
2026-02-02 01:00:00,0.004970498
2026-02-02 02:00:00,-0.0119152115
2026-02-02 03:00:00,-0.004750105
2026-02-02 04:00:00,-0.0031559042
2026-02-02 05:00:00,-0.0182886543
2026-02-02 06:00:00,0.0149818196
2026-02-02 07:00:00,3.52367e-05
2026-02-02 08:00:00,0.0178800685
2026-02-02 09:00:00,0.0098502605
2026-02-02 10:00:00,0.0005139539
2026-02-02 11:00:00,0.0009586744
2026-02-02 12:00:00,0.0116359506
2026-02-02 13:00:00,0.0029722723
2026-02-02 14:00:00,0.0063539236
2026-02-02 15:00:00,0.0080439679
2026-02-02 16:00:00,-0.0016635617
2026-02-02 17:00:00,0.0004327923
2026-02-02 18:00:00,0.0066017789
2026-02-02 19:00:00,-0.0072676909
2026-02-02 20:00:00,-0.0041051372
2026-02-02 21:00:00,0.0049707363
2026-02-02 22:00:00,-0.0017319482
2026-02-02 23:00:00,-0.0041756504
2026-02-03 00:00:00,0.0040756387
2026-02-03 01:00:00,-0.001067414
2026-02-03 02:00:00,-0.0184245431
2026-02-03 03:00:00,0.0164535067
2026-02-03 04:00:00,0.0067654521
2026-02-03 05:00:00,-0.0117605178
2026-02-03 06:00:00,0.000806262
2026-02-03 07:00:00,0.0044562906
2026-02-03 08:00:00,-0.0041541098
2026-02-03 09:00:00,-0.0056220586
2026-02-03 10:00:00,-0.0024336669
2026-02-03 11:00:00,0.0049624543
2026-02-03 12:00:00,0.0062774002
2026-02-03 13:00:00,0.0018054167
2026-02-03 14:00:00,-0.0184406931
2026-02-03 15:00:00,0.0324385335
2026-02-03 16:00:00,-0.027313885
2026-02-03 17:00:00,-0.0284639751
2026-02-03 18:00:00,-0.0180286375
2026-02-03 19:00:00,0.043916602
2026-02-03 20:00:00,0.021122698
2026-02-03 21:00:00,-0.0158760075
2026-02-03 22:00:00,-0.0131858092
2026-02-03 23:00:00,-0.0034954287
2026-02-04 00:00:00,0.0088178568
2026-02-04 01:00:00,0.0098196028
2026-02-04 02:00:00,-0.0075084061
2026-02-04 03:00:00,0.0215610999
2026-02-04 04:00:00,-0.0058313089
2026-02-04 05:00:00,-0.0079518613
2026-02-04 06:00:00,0.0079518613
2026-02-04 07:00:00,0.0007349503
2026-02-04 08:00:00,0.0080490024
2026-02-04 09:00:00,-0.0071143917
2026-02-04 10:00:00,-0.0015024794
2026-02-04 11:00:00,-0.0085569556
2026-02-04 12:00:00,-0.0025645366
2026-02-04 13:00:00,-0.016900467
2026-02-04 14:00:00,-0.0154794884
2026-02-04 15:00:00,-0.0013619936
2026-02-04 16:00:00,-0.0025894059
2026-02-04 17:00:00,-0.0011919788
2026-02-04 18:00:00,0.0070609913
2026-02-04 19:00:00,0.0164442162
2026-02-04 20:00:00,-0.0102285947
2026-02-04 21:00:00,-0.0139082361
2026-02-04 22:00:00,-0.0071864191
2026-02-04 23:00:00,0.0103405536
2026-02-05 00:00:00,-0.0005950194
2026-02-05 01:00:00,-0.000945759
2026-02-05 02:00:00,-0.005481969
2026-02-05 03:00:00,-0.0055476194
2026-02-05 04:00:00,0.0020530254
2026-02-05 05:00:00,0.0008836265
2026-02-05 06:00:00,-0.0134445047
2026-02-05 07:00:00,-0.0016843769
2026-02-05 08:00:00,0.0049375749
2026-02-05 09:00:00,-0.0006783655
2026-02-05 10:00:00,-0.0276658844
2026-02-05 11:00:00,-0.0024999094
2026-02-05 12:00:00,-0.0006627882
2026-02-05 13:00:00,-0.0070972094
2026-02-05 14:00:00,0.0058809557
2026-02-05 15:00:00,-0.0349372318
2026-02-05 16:00:00,0.0110141638
2026-02-05 17:00:00,-0.0277274302
2026-02-05 18:00:00,0.0030244304
2026-02-05 19:00:00,-0.0202588078
2026-02-05 20:00:00,-0.0237478179
2026-02-05 21:00:00,-0.000890472
2026-02-05 22:00:00,0.0075438565
2026-02-05 23:00:00,-0.0160839653
2026-02-06 00:00:00,-0.0044206204
2026-02-06 01:00:00,0.0307405807
2026-02-06 02:00:00,-0.0233022597
2026-02-06 03:00:00,0.0121817002
2026-02-06 04:00:00,0.0090498355
2026-02-06 05:00:00,0.0257751298
2026-02-06 06:00:00,-0.0136902709
2026-02-06 07:00:00,-0.0110887834
2026-02-06 08:00:00,-0.0017138648
2026-02-06 09:00:00,0.0237308625
2026-02-06 10:00:00,0.0192907217
2026-02-06 11:00:00,-0.0024102389
2026-02-06 12:00:00,0.0042808612
2026-02-06 13:00:00,0.0082045509
2026-02-06 14:00:00,0.0252137738
2026-02-06 15:00:00,0.008996664
2026-02-06 16:00:00,0.0171433805
2026-02-06 17:00:00,0.0082667281
2026-02-06 18:00:00,-0.0111096326
2026-02-06 19:00:00,0.0016923219
2026-02-06 20:00:00,-0.009216322
2026-02-06 21:00:00,0.0029005495
2026-02-06 22:00:00,0.0083284241
2026-02-06 23:00:00,-0.0091614708
2026-02-07 00:00:00,-0.0107833467
2026-02-07 01:00:00,0.0054790655
2026-02-07 02:00:00,-0.0067251715
2026-02-07 03:00:00,0.0112319757
2026-02-07 04:00:00,-0.008631575
2026-02-07 05:00:00,-0.0005488173
2026-02-07 06:00:00,-0.0125583988
2026-02-07 07:00:00,-0.0056863736
2026-02-07 08:00:00,0.0053527747
2026-02-07 09:00:00,-0.0086006822
2026-02-07 10:00:00,-0.0014219431
2026-02-07 11:00:00,-0.0002621576
2026-02-07 12:00:00,0.0182606024
2026-02-07 13:00:00,-0.0050883189
2026-02-07 14:00:00,-0.0060064694
2026-02-07 15:00:00,0.0130788431
2026-02-07 16:00:00,0.0026392977
2026-02-07 17:00:00,0.0017922135
2026-02-07 18:00:00,0.0110839692
2026-02-07 19:00:00,-0.009294962
2026-02-07 20:00:00,0.003931853
2026-02-07 21:00:00,-0.0079158492
2026-02-07 22:00:00,-0.0016860938
2026-02-07 23:00:00,-0.0016154499
2026-02-08 00:00:00,-0.0039762948
2026-02-08 01:00:00,0.0035352642
2026-02-08 02:00:00,-0.0057511679
2026-02-08 03:00:00,-0.0029251155
2026-02-08 04:00:00,0.0025553203
2026-02-08 05:00:00,-0.0010731799
2026-02-08 06:00:00,-0.0015563052
2026-02-08 07:00:00,0.0051413995
2026-02-08 08:00:00,0.0169374671
2026-02-08 09:00:00,-0.0121894871
2026-02-08 10:00:00,-0.0054861236
2026-02-08 11:00:00,0.0118548725
2026-02-08 12:00:00,0.0026235258
2026-02-08 13:00:00,-0.0025870407
2026-02-08 14:00:00,0.0004012475
2026-02-08 15:00:00,-0.0064026561
2026-02-08 16:00:00,-0.0150884857
2026-02-08 17:00:00,0.0080533363
2026-02-08 18:00:00,0.0088320291
2026-02-08 19:00:00,0.0055171042
2026-02-08 20:00:00,-0.0137948403
2026-02-08 21:00:00,-0.0018488395
2026-02-08 22:00:00,0.0026243339
2026-02-08 23:00:00,-0.0032166852
2026-02-09 00:00:00,0.0001851475
2026-02-09 01:00:00,-0.0025580676
2026-02-09 02:00:00,0.0101932411
2026-02-09 03:00:00,0.0035944874
2026-02-09 04:00:00,-0.0039252421
2026-02-09 05:00:00,0.000991936
2026-02-09 06:00:00,-0.0046005859
2026-02-09 07:00:00,-0.0075910827
2026-02-09 08:00:00,-0.0098990368
2026-02-09 09:00:00,-0.0096189044
2026-02-09 10:00:00,-0.0134701443
2026-02-09 11:00:00,0.0041404752
2026-02-09 12:00:00,0.0113365234
2026-02-09 13:00:00,-0.0068321833
2026-02-09 14:00:00,0.0111352133
2026-02-09 15:00:00,0.0075047257
2026-02-09 16:00:00,0.0083760378
2026-02-09 17:00:00,0.0070924903
2026-02-09 18:00:00,-0.0060920641
2026-02-09 19:00:00,0.0028845107
2026-02-09 20:00:00,0.001402266
2026-02-09 21:00:00,-0.0031763646
2026-02-09 22:00:00,0.0007395903
2026-02-09 23:00:00,-0.0028133579
2026-02-10 00:00:00,-0.0039371592
2026-02-10 01:00:00,0.0044560044
2026-02-10 02:00:00,-0.0027083698
2026-02-10 03:00:00,-0.0110201156
2026-02-10 04:00:00,0.0059920784
2026-02-10 05:00:00,-0.0073452586
2026-02-10 06:00:00,-0.0142818982
2026-02-10 07:00:00,0.0024389327
2026-02-10 08:00:00,0.0053523767
2026-02-10 09:00:00,0.0011729319
2026-02-10 10:00:00,-0.003484984
2026-02-10 11:00:00,-0.0026978263
2026-02-10 12:00:00,-0.0012944986
2026-02-10 13:00:00,0.0029292624
2026-02-10 14:00:00,-0.0010261674
2026-02-10 15:00:00,0.0007982211
2026-02-10 16:00:00,-0.0007982211
2026-02-10 17:00:00,0.005044673
2026-02-10 18:00:00,-0.0121042891
2026-02-10 19:00:00,0.005156521
2026-02-10 20:00:00,-0.002632233
2026-02-10 21:00:00,-0.0021414103
2026-02-10 22:00:00,0.0020650103
2026-02-10 23:00:00,-0.0005349637
2026-02-11 00:00:00,0.00370067
2026-02-11 01:00:00,0.0016361322
2026-02-11 02:00:00,-0.0006084807
2026-02-11 03:00:00,-0.0019038921
2026-02-11 04:00:00,-0.0143185878
2026-02-11 05:00:00,-0.0039515024
2026-02-11 06:00:00,-0.0090463067
2026-02-11 07:00:00,0.0001175019
2026-02-11 08:00:00,-0.000901201
2026-02-11 09:00:00,-0.0051090699
2026-02-11 10:00:00,-0.0038292292
2026-02-11 11:00:00,0.0096828278
2026-02-11 12:00:00,-0.003217203
2026-02-11 13:00:00,0.0077897562
2026-02-11 14:00:00,-0.0108990768
2026-02-11 15:00:00,-0.0028422568
2026-02-11 16:00:00,-0.0043977013
2026-02-11 17:00:00,0.0131746936
2026-02-11 18:00:00,0.0104472162
2026-02-11 19:00:00,-0.0033405873
2026-02-11 20:00:00,0.0020212235
2026-02-11 21:00:00,0.0030629083
2026-02-11 22:00:00,-0.0073044073
2026-02-11 23:00:00,-0.0028898368
2026-02-12 00:00:00,0.0082955707
2026-02-12 01:00:00,-0.0003103301
2026-02-12 02:00:00,0.000969462
2026-02-12 03:00:00,0.0041387105
2026-02-12 04:00:00,-0.0044100652
2026-02-12 05:00:00,0.0048345707
2026-02-12 06:00:00,0.0071125422
2026-02-12 07:00:00,0.0058442841
2026-02-12 08:00:00,-0.0003809379
2026-02-12 09:00:00,0.010574088
2026-02-12 10:00:00,0.0150418162
2026-02-12 11:00:00,-0.0073803824
2026-02-12 12:00:00,-0.0093593872
2026-02-12 13:00:00,0.0079366989
2026-02-12 14:00:00,-0.0051460345
2026-02-12 15:00:00,-0.0117049008
2026-02-12 16:00:00,-0.015397029
2026-02-12 17:00:00,0.0023189312
2026-02-12 18:00:00,0.002390593
2026-02-12 19:00:00,0.0069464712
2026-02-12 20:00:00,-0.0115399211
2026-02-12 21:00:00,0.0035530876
2026-02-12 22:00:00,0.0111561662
2026-02-12 23:00:00,0.0069903787
2026-02-13 00:00:00,-0.0060377255
2026-02-13 01:00:00,-0.0007239337
2026-02-13 02:00:00,0.00441166
2026-02-13 03:00:00,-0.0032688463
2026-02-13 04:00:00,-0.0047703642
2026-02-13 05:00:00,-0.0079115552
2026-02-13 06:00:00,0.0073375793
2026-02-13 07:00:00,0.0016827295
2026-02-13 08:00:00,0.0070822365
2026-02-13 09:00:00,-0.0012528713
2026-02-13 10:00:00,0.0021251573
2026-02-13 11:00:00,-0.0001137333
2026-02-13 12:00:00,-0.0039127099
2026-02-13 13:00:00,0.0100358722
2026-02-13 14:00:00,0.0001507159
2026-02-13 15:00:00,0.0125425183
2026-02-13 16:00:00,0.0156157999
2026-02-13 17:00:00,-0.0043317127
2026-02-13 18:00:00,0.0011765572
2026-02-13 19:00:00,0.0009182231
2026-02-13 20:00:00,0.0026763962
2026-02-13 21:00:00,0.0019752009
2026-02-13 22:00:00,-0.0041010676
2026-02-13 23:00:00,0.0006235672
2026-02-14 00:00:00,0.0057769813
2026-02-14 01:00:00,0.0052361852
2026-02-14 02:00:00,0.0003988614
2026-02-14 03:00:00,0.0047378884
2026-02-14 04:00:00,-0.0032888228
2026-02-14 05:00:00,-0.0043535114
2026-02-14 06:00:00,-0.0024025347
2026-02-14 07:00:00,0.0047630392
2026-02-14 08:00:00,0.0112176328
2026-02-14 09:00:00,-0.0018309434
2026-02-14 10:00:00,0.0006465982
2026-02-14 11:00:00,0.0155710331
2026-02-14 12:00:00,-0.0037902314
2026-02-14 13:00:00,-0.0018471818
2026-02-14 14:00:00,0.0189831195
2026-02-14 15:00:00,-0.0021303726
2026-02-14 16:00:00,0.0118167712
2026-02-14 17:00:00,-0.0007258274
2026-02-14 18:00:00,0.0142469668
2026-02-14 19:00:00,0.0173018204
2026-02-14 20:00:00,-0.0034902878
2026-02-14 21:00:00,-0.0051232038
2026-02-14 22:00:00,0.0033398024
2026-02-14 23:00:00,-0.0070299059
2026-02-15 00:00:00,0.0054794658
2026-02-15 01:00:00,0.0001686426
2026-02-15 02:00:00,-0.0031414169
2026-02-15 03:00:00,0.0054657851
2026-02-15 04:00:00,6.72925e-05
2026-02-15 05:00:00,0.0036270862
2026-02-15 06:00:00,-0.003929938
2026-02-15 07:00:00,0.0111781619
2026-02-15 08:00:00,-0.0140092109
2026-02-15 09:00:00,-0.0030760414
2026-02-15 10:00:00,-0.0096612535
2026-02-15 11:00:00,-0.0075487594
2026-02-15 12:00:00,-0.022818122
2026-02-15 13:00:00,-0.0063983816
2026-02-15 14:00:00,0.0096349719
2026-02-15 15:00:00,-0.0007730148
2026-02-15 16:00:00,-0.0033801659
2026-02-15 17:00:00,-0.010779864
2026-02-15 18:00:00,-0.0055772194
2026-02-15 19:00:00,7.17e-05
2026-02-15 20:00:00,0.0005017562
2026-02-15 21:00:00,0.0041120684
2026-02-15 22:00:00,0.0069696605
2026-02-15 23:00:00,-0.0020929044
2026-02-16 00:00:00,0.0008518795
2026-02-16 01:00:00,-0.0031627041
2026-02-16 02:00:00,-0.0039585651
2026-02-16 03:00:00,0.0008572348
2026-02-16 04:00:00,0.0072215322
2026-02-16 05:00:00,-0.0149632289
2026-02-16 06:00:00,0.0085268502
2026-02-16 07:00:00,-0.0008208569
2026-02-16 08:00:00,0.0053058079
2026-02-16 09:00:00,0.0107387376
2026-02-16 10:00:00,-0.0064506119
2026-02-16 11:00:00,-0.0001060952
2026-02-16 12:00:00,0.0150933016
2026-02-16 13:00:00,-0.0214441062
2026-02-16 14:00:00,0.0125560919
2026-02-16 15:00:00,-0.0190907792
2026-02-16 16:00:00,0.007459658
2026-02-16 17:00:00,0.0025924691
2026-02-16 18:00:00,-0.0019170696
2026-02-16 19:00:00,0.0024489374
2026-02-16 20:00:00,0.0120154367
2026-02-16 21:00:00,0.0067370881
2026-02-16 22:00:00,-0.0083846215
2026-02-16 23:00:00,0.0026977331
2026-02-17 00:00:00,-0.0036454175
2026-02-17 01:00:00,-0.0015111317
2026-02-17 02:00:00,0.015736817
2026-02-17 03:00:00,-0.0089371694
2026-02-17 04:00:00,0.0006634658
2026-02-17 05:00:00,-0.0038121931
2026-02-17 06:00:00,0.0068097555
2026-02-17 07:00:00,-0.0033816205
2026-02-17 08:00:00,-0.0098260195
2026-02-17 09:00:00,-0.0041346468
2026-02-17 10:00:00,-0.0092497724
2026-02-17 11:00:00,0.0022491575
2026-02-17 12:00:00,0.0034886654
2026-02-17 13:00:00,0.0067292622
2026-02-17 14:00:00,-0.0184537316
2026-02-17 15:00:00,0.01040875
2026-02-17 16:00:00,0.0066674007
2026-02-17 17:00:00,-0.0073081069
2026-02-17 18:00:00,0.0134045049
2026-02-17 19:00:00,-0.0056369935
2026-02-17 20:00:00,-0.0012019657
2026-02-17 21:00:00,-0.0008847209
2026-02-17 22:00:00,-0.0045065101
2026-02-17 23:00:00,-0.0012099215
2026-02-18 00:00:00,-0.002995509
2026-02-18 01:00:00,0.0003570791
2026-02-18 02:00:00,0.0080715854
2026-02-18 03:00:00,0.0020519359
2026-02-18 04:00:00,-0.0035759212
2026-02-18 05:00:00,0.0018426653
2026-02-18 06:00:00,-0.000885473
2026-02-18 07:00:00,0.0087142678
2026-02-18 08:00:00,0.0015444019
2026-02-18 09:00:00,0.0004207869
2026-02-18 10:00:00,-0.0079547074
2026-02-18 11:00:00,-0.0060611617
2026-02-18 12:00:00,0.0039740321
2026-02-18 13:00:00,-0.0061094922
2026-02-18 14:00:00,0.0025620055
2026-02-18 15:00:00,0.0091622057
2026-02-18 16:00:00,-0.0136857304
2026-02-18 17:00:00,-0.0013932306
2026-02-18 18:00:00,-0.0153461225
2026-02-18 19:00:00,-0.0072136716
2026-02-18 20:00:00,0.0013884831
2026-02-18 21:00:00,-0.0007670813
2026-02-18 22:00:00,-0.001060271
2026-02-18 23:00:00,0.0001463111
2026-02-19 00:00:00,-0.0031871077
2026-02-19 01:00:00,0.0088402402
2026-02-19 02:00:00,-0.0015286627
2026-02-19 03:00:00,0.0018559295
2026-02-19 04:00:00,-0.0001454387
2026-02-19 05:00:00,-0.0009822647
2026-02-19 06:00:00,0.0050827876
2026-02-19 07:00:00,0.0002172575
2026-02-19 08:00:00,-0.0088369032
2026-02-19 09:00:00,-0.0006577024
2026-02-19 10:00:00,0.0
2026-02-19 11:00:00,-0.0050568081
2026-02-19 12:00:00,-0.0007717609
2026-02-19 13:00:00,-0.0083806076
2026-02-19 14:00:00,0.0115373845
2026-02-19 15:00:00,-0.0120194641
2026-02-19 16:00:00,-0.0005565347
2026-02-19 17:00:00,-0.0006682507
2026-02-19 18:00:00,0.0132442494
2026-02-19 19:00:00,-0.0005132153
2026-02-19 20:00:00,-0.0003300633
2026-02-19 21:00:00,-0.0009908439
2026-02-19 22:00:00,-0.0012858903
2026-02-19 23:00:00,0.003156661
2026-02-20 00:00:00,0.0042056051
2026-02-20 01:00:00,-0.0014242676
2026-02-20 02:00:00,0.0002557872
2026-02-20 03:00:00,0.0003652968
2026-02-20 04:00:00,-0.0057138827
2026-02-20 05:00:00,0.0093231394
2026-02-20 06:00:00,-0.0010194794
2026-02-20 07:00:00,-0.0036860683
2026-02-20 08:00:00,0.0039046157
2026-02-20 09:00:00,0.0097133887
2026-02-20 10:00:00,0.0047497481
2026-02-20 11:00:00,-0.0061212923
2026-02-20 12:00:00,-0.0006864782
2026-02-20 13:00:00,-0.017464031
2026-02-20 14:00:00,0.0191252209
2026-02-20 15:00:00,0.0406227974
2026-02-20 16:00:00,-6.92953e-05
2026-02-20 17:00:00,-0.010939351
2026-02-20 18:00:00,-0.007771741
2026-02-20 19:00:00,-0.0012717255
2026-02-20 20:00:00,0.0032819891
2026-02-20 21:00:00,0.0025686603
2026-02-20 22:00:00,0.0016152256
2026-02-20 23:00:00,-0.0007019515
2026-02-21 00:00:00,-0.0069760351
2026-02-21 01:00:00,0.003071223
2026-02-21 02:00:00,0.0004933399
2026-02-21 03:00:00,-0.0031403847
2026-02-21 04:00:00,0.001165563
2026-02-21 05:00:00,0.0002470661
2026-02-21 06:00:00,-0.0060530087
2026-02-21 07:00:00,-0.0009590964
2026-02-21 08:00:00,0.0087046302
2026-02-21 09:00:00,0.0012323294
2026-02-21 10:00:00,-0.0014437385
2026-02-21 11:00:00,-0.0013046776
2026-02-21 12:00:00,-0.0021546784
2026-02-21 13:00:00,0.0020841068
2026-02-21 14:00:00,-0.0021548307
2026-02-21 15:00:00,-0.0008136841
2026-02-21 16:00:00,-0.0064977948
2026-02-21 17:00:00,0.0012104384
2026-02-21 18:00:00,0.0022745052
2026-02-21 19:00:00,-0.0054818063
2026-02-21 20:00:00,-0.003217621
2026-02-21 21:00:00,0.0063893419
2026-02-21 22:00:00,-0.0034216094
2026-02-21 23:00:00,0.0001071027
2026-02-22 00:00:00,-0.0064824825
2026-02-22 01:00:00,0.0033002146
2026-02-22 02:00:00,-0.0078739149
2026-02-22 03:00:00,0.0008298606
2026-02-22 04:00:00,-0.0027809397
2026-02-22 05:00:00,-0.0027524282
2026-02-22 06:00:00,0.0026800929
2026-02-22 07:00:00,-0.0011580777
2026-02-22 08:00:00,-0.002574284
2026-02-22 09:00:00,0.0031896797
2026-02-22 10:00:00,-0.0006878202
2026-02-22 11:00:00,-0.000398428
2026-02-22 12:00:00,-0.0098296991
2026-02-22 13:00:00,-0.0021975616
2026-02-22 14:00:00,-0.0027537606
2026-02-22 15:00:00,-0.0002206288
2026-02-22 16:00:00,-0.0024301349
2026-02-22 17:00:00,-0.0037673175
2026-02-22 18:00:00,3.70035e-05
2026-02-22 19:00:00,-0.0011847904
2026-02-22 20:00:00,-0.0027452161
2026-02-22 21:00:00,0.0042999658
2026-02-22 22:00:00,0.0049074873
2026-02-22 23:00:00,-0.000184057
2026-02-23 00:00:00,-0.0124841867
2026-02-23 01:00:00,-0.0369835991
2026-02-23 02:00:00,0.0065159369
2026-02-23 03:00:00,0.0037591145
2026-02-23 04:00:00,-0.0018010773
2026-02-23 05:00:00,0.0038281955
2026-02-23 06:00:00,0.0162586721
2026-02-23 07:00:00,0.0025905291
2026-02-23 08:00:00,-0.005677881
2026-02-23 09:00:00,0.0220412063
2026-02-23 10:00:00,-0.0024744717
2026-02-23 11:00:00,0.0026220079
2026-02-23 12:00:00,0.0086663292
2026-02-23 13:00:00,-0.0053892675
2026-02-23 14:00:00,-0.0054554302
2026-02-23 15:00:00,-0.01343301
2026-02-23 16:00:00,-0.0035652
2026-02-23 17:00:00,-0.0099747682
2026-02-23 18:00:00,0.0003037321
2026-02-23 19:00:00,-0.0045656968
2026-02-23 20:00:00,0.0033882206
2026-02-23 21:00:00,0.0016329014
2026-02-23 22:00:00,-0.0012149286
2026-02-23 23:00:00,-0.0043783741
2026-02-24 00:00:00,0.0076022869
2026-02-24 01:00:00,-0.0116933668
2026-02-24 02:00:00,-0.0026470773
2026-02-24 03:00:00,-0.0067451931
2026-02-24 04:00:00,-0.0050792037
2026-02-24 05:00:00,-0.0002721353
2026-02-24 06:00:00,-0.0031153886
2026-02-24 07:00:00,0.0045918051
2026-02-24 08:00:00,0.0020943228
2026-02-24 09:00:00,-0.004270856
2026-02-24 10:00:00,0.0017493736
2026-02-24 11:00:00,-0.0009326184
2026-02-24 12:00:00,-0.0030370307
2026-02-24 13:00:00,-0.0007802138
2026-02-24 14:00:00,0.0055651911
2026-02-24 15:00:00,0.0075778441
2026-02-24 16:00:00,0.0079030566
2026-02-24 17:00:00,-0.0004968944
2026-02-24 18:00:00,-0.0016453351
2026-02-24 19:00:00,-0.0023387339
2026-02-24 20:00:00,0.0003454033
2026-02-24 21:00:00,-0.0047694232
2026-02-24 22:00:00,0.0005781572
2026-02-24 23:00:00,-0.0033193129
2026-02-25 00:00:00,0.0016610337
2026-02-25 01:00:00,0.0320935962
2026-02-25 02:00:00,0.0052192185
2026-02-25 03:00:00,-0.0106161284
2026-02-25 04:00:00,0.0001503081
2026-02-25 05:00:00,-0.0092483154
2026-02-25 06:00:00,0.002121454
2026-02-25 07:00:00,0.0067510487
2026-02-25 08:00:00,0.010134906
2026-02-25 09:00:00,0.0047144509
2026-02-25 10:00:00,-0.0014082943
2026-02-25 11:00:00,0.0051417799
2026-02-25 12:00:00,0.0207766488
2026-02-25 13:00:00,0.0055497638
2026-02-25 14:00:00,0.0307172063
2026-02-25 15:00:00,0.0121238798
2026-02-25 16:00:00,0.0160866872
2026-02-25 17:00:00,0.0035174386
2026-02-25 18:00:00,0.0095093205
2026-02-25 19:00:00,0.0123308584
2026-02-25 20:00:00,0.0150807697
2026-02-25 21:00:00,0.0075528325
2026-02-25 22:00:00,-0.0292620692
2026-02-25 23:00:00,-0.0123797084
2026-02-26 00:00:00,-0.0045215356
2026-02-26 01:00:00,0.0022970655
2026-02-26 02:00:00,0.0022244701
2026-02-26 03:00:00,-0.0049274484
2026-02-26 04:00:00,0.0063404482
2026-02-26 05:00:00,-0.0083046862
2026-02-26 06:00:00,-0.0018322481
2026-02-26 07:00:00,-0.0041519254
2026-02-26 08:00:00,-0.0032108239
2026-02-26 09:00:00,0.009262794
2026-02-26 10:00:00,-0.0100499935
2026-02-26 11:00:00,-0.0092185573
2026-02-26 12:00:00,0.0112366524
2026-02-26 13:00:00,-0.0017099867
2026-02-26 14:00:00,-0.0001026922
2026-02-26 15:00:00,-0.0019874591
2026-02-26 16:00:00,-0.025921329
2026-02-26 17:00:00,-0.000809959
2026-02-26 18:00:00,0.0084894918
2026-02-26 19:00:00,0.0082794601
2026-02-26 20:00:00,-0.0115684763
2026-02-26 21:00:00,0.0009808387
2026-02-26 22:00:00,0.0049594961
2026-02-26 23:00:00,-0.0002787554
2026-02-27 00:00:00,-0.0028966813
2026-02-27 01:00:00,0.0044288751
2026-02-27 02:00:00,-0.0013579626
2026-02-27 03:00:00,0.0105366287
2026-02-27 04:00:00,0.0113475909
2026-02-27 05:00:00,0.0049646457
2026-02-27 06:00:00,-0.0074562421
2026-02-27 07:00:00,-0.0073056867
2026-02-27 08:00:00,0.0067587529
2026-02-27 09:00:00,-0.006208111
2026-02-27 10:00:00,-0.0158483022
2026-02-27 11:00:00,-0.0148255202
2026-02-27 12:00:00,0.0049898361
2026-02-27 13:00:00,0.0026440586
2026-02-27 14:00:00,-0.0088408525
2026-02-27 15:00:00,-0.0024539017
2026-02-27 16:00:00,-0.0112077084
2026-02-27 17:00:00,0.0013314383
2026-02-27 18:00:00,-0.0041801863
2026-02-27 19:00:00,-0.0043790671
2026-02-27 20:00:00,0.0063992698
2026-02-27 21:00:00,-0.0060366357
2026-02-27 22:00:00,0.0028240424
2026-02-27 23:00:00,0.0039331063
2026-02-28 00:00:00,0.0010078469
2026-02-28 01:00:00,-0.0003958187
2026-02-28 02:00:00,0.0045962234
2026-02-28 03:00:00,-0.0085991859
2026-02-28 04:00:00,-0.0007952862
2026-02-28 05:00:00,-0.0039859458
2026-02-28 06:00:00,-0.0454969941
2026-02-28 07:00:00,0.0071182762
2026-02-28 08:00:00,-0.015972958
2026-02-28 09:00:00,0.0008430411
2026-02-28 10:00:00,0.0081256289
2026-02-28 11:00:00,-0.0019015028
2026-02-28 12:00:00,0.0031165697
2026-02-28 13:00:00,0.0228472039
2026-02-28 14:00:00,-0.0127661308
2026-02-28 15:00:00,0.0066646944
2026-02-28 16:00:00,0.0041708622
2026-02-28 17:00:00,-0.0001486602
2026-02-28 18:00:00,0.0175006769
2026-02-28 19:00:00,0.0055724654
2026-02-28 20:00:00,0.0194229751
2026-02-28 21:00:00,-0.0082625884
2026-02-28 22:00:00,0.0096508595
2026-02-28 23:00:00,-3.55726e-05
2026-03-01 00:00:00,-0.0050284516
2026-03-01 01:00:00,0.0223791002
2026-03-01 02:00:00,0.0136807689
2026-03-01 03:00:00,-0.0109574937
2026-03-01 04:00:00,-0.0037376692
2026-03-01 05:00:00,0.0008395719
2026-03-01 06:00:00,-0.011854023
2026-03-01 07:00:00,0.0006720787
2026-03-01 08:00:00,-0.0128473804
2026-03-01 09:00:00,-0.001254413
2026-03-01 10:00:00,-0.0012200813
2026-03-01 11:00:00,-0.0007902583
2026-03-01 12:00:00,-0.0080457923
2026-03-01 13:00:00,0.0167044746
2026-03-01 14:00:00,-0.0044630977
2026-03-01 15:00:00,0.0027159363
2026-03-01 16:00:00,-0.0112330489
2026-03-01 17:00:00,-0.0069535265
2026-03-01 18:00:00,0.004279245
2026-03-01 19:00:00,-0.0097089907
2026-03-01 20:00:00,-0.0131307402
2026-03-01 21:00:00,0.0113386578
2026-03-01 22:00:00,-0.0052115947
2026-03-01 23:00:00,0.0064188604
2026-03-02 00:00:00,0.0109449668
2026-03-02 01:00:00,0.0007591505
2026-03-02 02:00:00,-0.003402595
2026-03-02 03:00:00,0.0048470036
2026-03-02 04:00:00,-0.004992052
2026-03-02 05:00:00,-0.0025417588
2026-03-02 06:00:00,-0.0109670264
2026-03-02 07:00:00,-0.0050855062
2026-03-02 08:00:00,0.0055265044
2026-03-02 09:00:00,-0.0007718744
2026-03-02 10:00:00,-0.0011773364
2026-03-02 11:00:00,0.0012876407
2026-03-02 12:00:00,-0.0034251023
2026-03-02 13:00:00,-0.0038071347
2026-03-02 14:00:00,0.0259175614
2026-03-02 15:00:00,0.0238191394
2026-03-02 16:00:00,0.0036929612
2026-03-02 17:00:00,-0.0103393832
2026-03-02 18:00:00,-0.0048000946
2026-03-02 19:00:00,-0.000320827
2026-03-02 20:00:00,-0.0026775689
2026-03-02 21:00:00,-0.0007152309
2026-03-02 22:00:00,0.003357146
2026-03-02 23:00:00,-0.012882568
2026-03-03 00:00:00,-0.0016989286
2026-03-03 01:00:00,-0.0071526129
2026-03-03 02:00:00,-0.0021521466
2026-03-03 03:00:00,-0.0014251523
2026-03-03 04:00:00,-0.0081881895
2026-03-03 05:00:00,-0.0013281684
2026-03-03 06:00:00,-0.006221551
2026-03-03 07:00:00,-0.001226652
2026-03-03 08:00:00,-0.0111457189
2026-03-03 09:00:00,-0.005355068
2026-03-03 10:00:00,0.0014358589
2026-03-03 11:00:00,-0.0002265775
2026-03-03 12:00:00,0.0016226725
2026-03-03 13:00:00,-0.00597536
2026-03-03 14:00:00,-0.0026207357
2026-03-03 15:00:00,0.0077662202
2026-03-03 16:00:00,0.0120035951
2026-03-03 17:00:00,-0.0017540263
2026-03-03 18:00:00,-0.0018319474
2026-03-03 19:00:00,-0.0136010385
2026-03-03 20:00:00,-0.0072334423
2026-03-03 21:00:00,0.0018704794
2026-03-03 22:00:00,0.0027421276
2026-03-03 23:00:00,-0.0009893456
2026-03-04 00:00:00,0.0004947951
2026-03-04 01:00:00,0.0042527403
2026-03-04 02:00:00,0.0006439272
2026-03-04 03:00:00,-0.0052011279
2026-03-04 04:00:00,-0.0067983304
2026-03-04 05:00:00,0.0003831564
2026-03-04 06:00:00,-0.0006131208
2026-03-04 07:00:00,0.0177426154
2026-03-04 08:00:00,0.0236312048
2026-03-04 09:00:00,0.0021675645
2026-03-04 10:00:00,-0.0094762974
2026-03-04 11:00:00,-0.0038232448
2026-03-04 12:00:00,0.0015978896
2026-03-04 13:00:00,0.0100488506
2026-03-04 14:00:00,0.0026798349
2026-03-04 15:00:00,0.0288712626
2026-03-04 16:00:00,-0.0007482497
2026-03-04 17:00:00,0.0010687568
2026-03-04 18:00:00,0.002702416
2026-03-04 19:00:00,0.0028013706
2026-03-04 20:00:00,-0.0039027901
2026-03-04 21:00:00,-0.0057398685
2026-03-04 22:00:00,-0.0124841973
2026-03-04 23:00:00,0.0007599747
2026-03-05 00:00:00,-0.0069699342
2026-03-05 01:00:00,-0.0038689004
2026-03-05 02:00:00,0.0020458123
2026-03-05 03:00:00,0.0015680558
2026-03-05 04:00:00,0.0030197764
2026-03-05 05:00:00,-0.007951023
2026-03-05 06:00:00,0.0046397014
2026-03-05 07:00:00,-0.0094849923
2026-03-05 08:00:00,-0.0003312172
2026-03-05 09:00:00,0.0051398894
2026-03-05 10:00:00,0.0131329534
2026-03-05 11:00:00,-0.0088211843
2026-03-05 12:00:00,0.0121046671
2026-03-05 13:00:00,-0.0107564914
2026-03-05 14:00:00,0.0043599967
2026-03-05 15:00:00,-0.0171494413
2026-03-05 16:00:00,-0.0082957294
2026-03-05 17:00:00,-0.0072781883
2026-03-05 18:00:00,0.0067946203
2026-03-05 19:00:00,0.0026010716
2026-03-05 20:00:00,0.0062888636
2026-03-05 21:00:00,-0.007885863
2026-03-05 22:00:00,0.0021905814
2026-03-05 23:00:00,-0.0021905814
2026-03-06 00:00:00,-0.0031643829
2026-03-06 01:00:00,0.0099802338
2026-03-06 02:00:00,-0.0026615423
2026-03-06 03:00:00,0.0008140009
2026-03-06 04:00:00,-0.0054144393
2026-03-06 05:00:00,-0.0004091273
2026-03-06 06:00:00,0.0004834961
2026-03-06 07:00:00,0.009473833
2026-03-06 08:00:00,-0.0102921941
2026-03-06 09:00:00,-0.0055228142
2026-03-06 10:00:00,0.0026159438
2026-03-06 11:00:00,-0.0062897998
2026-03-06 12:00:00,0.0022509013
2026-03-06 13:00:00,-0.0099420869
2026-03-06 14:00:00,-0.0207265268
2026-03-06 15:00:00,-0.0076411752
2026-03-06 16:00:00,0.0019449205
2026-03-06 17:00:00,-0.0010886894
2026-03-06 18:00:00,0.0075574432
2026-03-06 19:00:00,-0.0008884254
2026-03-06 20:00:00,-0.0011213148
2026-03-06 21:00:00,0.0020483495
2026-03-06 22:00:00,0.003661102
2026-03-06 23:00:00,-0.0032750911
2026-03-07 00:00:00,0.002582437
2026-03-07 01:00:00,-0.0018879925
2026-03-07 02:00:00,0.0012333785
2026-03-07 03:00:00,-0.0030863031
2026-03-07 04:00:00,-0.0005024252
2026-03-07 05:00:00,0.0013907134
2026-03-07 06:00:00,-0.0041779558
2026-03-07 07:00:00,0.0018977175
2026-03-07 08:00:00,-0.001548887
2026-03-07 09:00:00,0.0013941063
2026-03-07 10:00:00,-0.0023245913
2026-03-07 11:00:00,0.0046823993
2026-03-07 12:00:00,-0.0067014254
2026-03-07 13:00:00,0.0032207397
2026-03-07 14:00:00,-0.0095761563
2026-03-07 15:00:00,-0.0025064633
2026-03-07 16:00:00,0.0026237997
2026-03-07 17:00:00,0.0061992128
2026-03-07 18:00:00,-0.0063165493
2026-03-07 19:00:00,-0.0058451023
2026-03-07 20:00:00,0.0039266552
2026-03-07 21:00:00,-0.000235165
2026-03-07 22:00:00,-0.0060154696
2026-03-07 23:00:00,0.0036607728
2026-03-08 00:00:00,-0.0024390256
2026-03-08 01:00:00,0.0017708522
2026-03-08 02:00:00,-0.0094809907
2026-03-08 03:00:00,0.0011900513
2026-03-08 04:00:00,-0.0067624268
2026-03-08 05:00:00,0.0070002672
2026-03-08 06:00:00,-0.0014675845
2026-03-08 07:00:00,0.0017449935
2026-03-08 08:00:00,0.000435773
2026-03-08 09:00:00,0.0066319523
2026-03-08 10:00:00,0.0090087171
2026-03-08 11:00:00,-0.0064937833
2026-03-08 12:00:00,-0.0022788898
2026-03-08 13:00:00,-0.0084932072
2026-03-08 14:00:00,-0.0027410882
2026-03-08 15:00:00,-0.0069859169
2026-03-08 16:00:00,-0.0007614163
2026-03-08 17:00:00,0.0035216941
2026-03-08 18:00:00,0.0008385745
2026-03-08 19:00:00,0.0109169223
2026-03-08 20:00:00,-0.0007504394
2026-03-08 21:00:00,-0.0030866665
2026-03-08 22:00:00,-0.0062419445
2026-03-08 23:00:00,-0.0073653363
2026-03-09 00:00:00,0.0104315408
2026-03-09 01:00:00,-0.0060618331
2026-03-09 02:00:00,0.0066977885
2026-03-09 03:00:00,0.0074817759
2026-03-09 04:00:00,3.94376e-05
2026-03-09 05:00:00,0.0153409654
2026-03-09 06:00:00,-0.0091684703
2026-03-09 07:00:00,-0.0010980393
2026-03-09 08:00:00,0.0052830459
2026-03-09 09:00:00,-0.0005856287
2026-03-09 10:00:00,-0.0032466926
2026-03-09 11:00:00,-0.0002743
2026-03-09 12:00:00,0.0025050898
2026-03-09 13:00:00,0.011505102
2026-03-09 14:00:00,-0.0043377295
2026-03-09 15:00:00,-0.0065811488
2026-03-09 16:00:00,0.0037047912
2026-03-09 17:00:00,-0.0014412873
2026-03-09 18:00:00,-0.0019119346
2026-03-09 19:00:00,0.0131917797
2026-03-09 20:00:00,-0.00250854
2026-03-09 21:00:00,-0.000502464
2026-03-09 22:00:00,-0.0126443609
2026-03-09 23:00:00,-0.0003132709
2026-03-10 00:00:00,0.0090840602
2026-03-10 01:00:00,0.0028678855
2026-03-10 02:00:00,0.0144080871
2026-03-10 03:00:00,-0.0118185636
2026-03-10 04:00:00,0.0049285842
2026-03-10 05:00:00,-0.0027693391
2026-03-10 06:00:00,-0.0003467072
2026-03-10 07:00:00,0.001924632
2026-03-10 08:00:00,0.0061722675
2026-03-10 09:00:00,0.0208774271
2026-03-10 10:00:00,0.0001497062
2026-03-10 11:00:00,-0.0105717581
2026-03-10 12:00:00,-0.0018170811
2026-03-10 13:00:00,-0.0004547866
2026-03-10 14:00:00,0.0305005258
2026-03-10 15:00:00,-0.0025402683
2026-03-10 16:00:00,0.0024667281
2026-03-10 17:00:00,-0.0099407703
2026-03-10 18:00:00,-0.0200693196
2026-03-10 19:00:00,-0.0055094465
2026-03-10 20:00:00,0.0036510271
2026-03-10 21:00:00,-0.0075066559
2026-03-10 22:00:00,-0.0008800965
2026-03-10 23:00:00,0.0029052008
2026-03-11 00:00:00,0.0009538163
2026-03-11 01:00:00,-0.0046632605
2026-03-11 02:00:00,-0.0031850216
2026-03-11 03:00:00,-0.0015385802
2026-03-11 04:00:00,0.008547552
2026-03-11 05:00:00,-0.0135643495
2026-03-11 06:00:00,0.0008894217
2026-03-11 07:00:00,-0.0035236528
2026-03-11 08:00:00,0.0009305212
2026-03-11 09:00:00,-0.0031828618
2026-03-11 10:00:00,0.0085551669
2026-03-11 11:00:00,-0.0026245721
2026-03-11 12:00:00,0.0099981606
2026-03-11 13:00:00,0.0066736829
2026-03-11 14:00:00,0.0028086708
2026-03-11 15:00:00,-0.0043682291
2026-03-11 16:00:00,0.003002834
2026-03-11 17:00:00,0.0038259796
2026-03-11 18:00:00,0.0070453338
2026-03-11 19:00:00,-0.004100602
2026-03-11 20:00:00,-0.0034363646
2026-03-11 21:00:00,0.0033609669
2026-03-11 22:00:00,-0.0049509729
2026-03-11 23:00:00,-0.0057755309
2026-03-12 00:00:00,-0.0008387023
2026-03-12 01:00:00,-0.0052003788
2026-03-12 02:00:00,-0.0069633074
2026-03-12 03:00:00,7.72082e-05
2026-03-12 04:00:00,-0.0011201021
2026-03-12 05:00:00,0.0008884597
2026-03-12 06:00:00,0.001504717
2026-03-12 07:00:00,0.005267926
2026-03-12 08:00:00,0.0005367687
2026-03-12 09:00:00,0.0035201873
2026-03-12 10:00:00,0.0053711346
2026-03-12 11:00:00,-0.0044548592
2026-03-12 12:00:00,0.0033525118
2026-03-12 13:00:00,-0.0064100338
2026-03-12 14:00:00,-0.006412863
2026-03-12 15:00:00,0.0094322236
2026-03-12 16:00:00,0.0046829577
2026-03-12 17:00:00,-0.0032719554
2026-03-12 18:00:00,-0.0054260737
2026-03-12 19:00:00,0.0067589756
2026-03-12 20:00:00,-0.0035838233
2026-03-12 21:00:00,0.0064720217
2026-03-12 22:00:00,-0.0004934429
2026-03-12 23:00:00,0.000303686
2026-03-13 00:00:00,0.0218864903
2026-03-13 01:00:00,0.0100495932
2026-03-13 02:00:00,-0.0082317144
2026-03-13 03:00:00,0.0070914425
2026-03-13 04:00:00,-0.0006995196
2026-03-13 05:00:00,0.0098584347
2026-03-13 06:00:00,-0.0066226619
2026-03-13 07:00:00,-0.0028675436
2026-03-13 08:00:00,0.00327128
2026-03-13 09:00:00,0.0066199975
2026-03-13 10:00:00,0.0026939475
2026-03-13 11:00:00,-0.0026210426
2026-03-13 12:00:00,0.0149421206
2026-03-13 13:00:00,0.0019014482
2026-03-13 14:00:00,-0.0203490131
2026-03-13 15:00:00,-0.0069374624
2026-03-13 16:00:00,0.0029423685
2026-03-13 17:00:00,-0.0195441128
2026-03-13 18:00:00,-0.0015366455
2026-03-13 19:00:00,0.0028839511
2026-03-13 20:00:00,0.0007477195
2026-03-13 21:00:00,-0.0017205914
2026-03-13 22:00:00,-0.0073645783
2026-03-13 23:00:00,0.0019967983
2026-03-14 00:00:00,-0.0061159961
2026-03-14 01:00:00,0.0032891657
2026-03-14 02:00:00,0.0004528302
2026-03-14 03:00:00,0.001055807
2026-03-14 04:00:00,-0.0006786051
2026-03-14 05:00:00,-0.0042706843
2026-03-14 06:00:00,-0.0052403857
2026-03-14 07:00:00,-0.0019054884
2026-03-14 08:00:00,-0.0035538949
2026-03-14 09:00:00,-0.0039508308
2026-03-14 10:00:00,-0.0007689646
2026-03-14 11:00:00,0.0040304835
2026-03-14 12:00:00,-0.0011115584
2026-03-14 13:00:00,0.0022601477
2026-03-14 14:00:00,-0.0037185452
2026-03-14 15:00:00,0.0019185026
2026-03-14 16:00:00,0.0021826127
2026-03-14 17:00:00,-0.0061002702
2026-03-14 18:00:00,-0.0025817404
2026-03-14 19:00:00,0.0003857578
2026-03-14 20:00:00,0.0021574981
2026-03-14 21:00:00,0.0014613701
2026-03-14 22:00:00,0.0011522066
2026-03-14 23:00:00,0.0118669713
2026-03-15 00:00:00,-0.0046003313
2026-03-15 01:00:00,-0.0021362639
2026-03-15 02:00:00,0.0127873643
2026-03-15 03:00:00,-0.0024915075
2026-03-15 04:00:00,0.0033583036
2026-03-15 05:00:00,0.0008284069
2026-03-15 06:00:00,-0.0056618881
2026-03-15 07:00:00,0.0004919677
2026-03-15 08:00:00,0.0048311096
2026-03-15 09:00:00,-0.0027901383
2026-03-15 10:00:00,0.002903088
2026-03-15 11:00:00,0.0003387725
2026-03-15 12:00:00,-0.0013557792
2026-03-15 13:00:00,-0.0071101998
2026-03-15 14:00:00,0.0018201818
2026-03-15 15:00:00,0.0003787879
2026-03-15 16:00:00,-0.0036803107
2026-03-15 17:00:00,0.0058744555
2026-03-15 18:00:00,-0.0088056135
2026-03-15 19:00:00,0.0046781487
2026-03-15 20:00:00,0.003484852
2026-03-15 21:00:00,0.0089217404
2026-03-15 22:00:00,0.0141038713
2026-03-15 23:00:00,-0.0027011543
2026-03-16 00:00:00,0.0036983658
2026-03-16 01:00:00,0.0044568114
2026-03-16 02:00:00,-0.0036081185
2026-03-16 03:00:00,0.0227187192
2026-03-16 04:00:00,0.0191767621
2026-03-16 05:00:00,0.0199260703
2026-03-16 06:00:00,0.00622172
2026-03-16 07:00:00,-0.0016898595
2026-03-16 08:00:00,-0.017443821
2026-03-16 09:00:00,0.0150939685
2026-03-16 10:00:00,-0.0084775714
2026-03-16 11:00:00,-0.0038805132
2026-03-16 12:00:00,-0.0018932759
2026-03-16 13:00:00,7.01853e-05
2026-03-16 14:00:00,0.0047960044
2026-03-16 15:00:00,-0.0091568342
2026-03-16 16:00:00,0.0130606384
2026-03-16 17:00:00,-0.0019848531
2026-03-16 18:00:00,0.0002788136
2026-03-16 19:00:00,0.0040340865
2026-03-16 20:00:00,-0.0007291034
2026-03-16 21:00:00,-0.0012163549
2026-03-16 22:00:00,0.0136766076
2026-03-16 23:00:00,-0.0042624931
2026-03-17 00:00:00,-0.0013443874
2026-03-17 01:00:00,0.0038903187
2026-03-17 02:00:00,0.0018537595
2026-03-17 03:00:00,-0.0198129165
2026-03-17 04:00:00,-0.0056834282
2026-03-17 05:00:00,-0.0028538732
2026-03-17 06:00:00,0.0030649475
2026-03-17 07:00:00,0.008441529
2026-03-17 08:00:00,-0.0018503331
2026-03-17 09:00:00,0.0010128705
2026-03-17 10:00:00,0.000349028
2026-03-17 11:00:00,0.0008720373
2026-03-17 12:00:00,-0.0081218721
2026-03-17 13:00:00,0.0030183934
2026-03-17 14:00:00,0.0059747562
2026-03-17 15:00:00,-0.0015339565
2026-03-17 16:00:00,0.0006278121
2026-03-17 17:00:00,0.0089210373
2026-03-17 18:00:00,0.0009326264
2026-03-17 19:00:00,-0.0036664287
2026-03-17 20:00:00,0.0034247201
2026-03-17 21:00:00,0.0039979374
2026-03-17 22:00:00,0.0029537046
2026-03-17 23:00:00,-0.0094411838
2026-03-18 00:00:00,-0.0018712321
2026-03-18 01:00:00,0.0010400056
2026-03-18 02:00:00,0.00714671
2026-03-18 03:00:00,0.0037085408
2026-03-18 04:00:00,-0.0027113774
2026-03-18 05:00:00,-0.0033392461
2026-03-18 06:00:00,-0.0048046272
2026-03-18 07:00:00,-0.0001039519
2026-03-18 08:00:00,0.0013505326
2026-03-18 09:00:00,0.006244091
2026-03-18 10:00:00,-0.006936444
2026-03-18 11:00:00,-0.0311624006
2026-03-18 12:00:00,-0.0109922797
2026-03-18 13:00:00,-0.0033286329
2026-03-18 14:00:00,-0.0164060899
2026-03-18 15:00:00,0.0018403333
2026-03-18 16:00:00,-0.0036840596
2026-03-18 17:00:00,0.0055944202
2026-03-18 18:00:00,-0.0037506939
2026-03-18 19:00:00,0.0038974936
2026-03-18 20:00:00,0.0041016684
2026-03-18 21:00:00,0.0032474077
2026-03-18 22:00:00,-0.002772409
2026-03-18 23:00:00,0.0017518892
2026-03-19 00:00:00,-0.0048250998
2026-03-19 01:00:00,0.0021595514
2026-03-19 02:00:00,-0.0050952256
2026-03-19 03:00:00,0.0101282425
2026-03-19 04:00:00,-0.0071559268
2026-03-19 05:00:00,-0.0059166334
2026-03-19 06:00:00,-0.000553026
2026-03-19 07:00:00,-0.0082579299
2026-03-19 08:00:00,-0.0020844973
2026-03-19 09:00:00,0.0112639673
2026-03-19 10:00:00,-0.0062462088
2026-03-19 11:00:00,-0.0037888682
2026-03-19 12:00:00,-0.014167622
2026-03-19 13:00:00,0.0060964325
2026-03-19 14:00:00,-0.0009008333
2026-03-19 15:00:00,-0.00218037
2026-03-19 16:00:00,-0.0053204661
2026-03-19 17:00:00,0.0049064108
2026-03-19 18:00:00,0.0001505854
2026-03-19 19:00:00,0.0069772959
2026-03-19 20:00:00,0.0017180851
2026-03-19 21:00:00,-0.0004852466
2026-03-19 22:00:00,-0.0040029234
2026-03-19 23:00:00,0.0002998388
2026-03-20 00:00:00,0.009139297
2026-03-20 01:00:00,0.0019661313
2026-03-20 02:00:00,-0.0017062319
2026-03-20 03:00:00,0.0022249425
2026-03-20 04:00:00,0.0038817772
2026-03-20 05:00:00,0.002726705
2026-03-20 06:00:00,-0.0057198894
2026-03-20 07:00:00,-0.0004441977
2026-03-20 08:00:00,0.0020342877
2026-03-20 09:00:00,-0.0087210394
2026-03-20 10:00:00,0.0031260492
2026-03-20 11:00:00,-0.0063740781
2026-03-20 12:00:00,-0.0010475906
2026-03-20 13:00:00,-0.0045773539
2026-03-20 14:00:00,-0.0016560034
2026-03-20 15:00:00,0.0029337667
2026-03-20 16:00:00,0.0004130447
2026-03-20 17:00:00,-0.0015779985
2026-03-20 18:00:00,-0.0081928988
2026-03-20 19:00:00,0.0004548211
2026-03-20 20:00:00,-0.0001515841
2026-03-20 21:00:00,0.0057064191
2026-03-20 22:00:00,0.0057864443
2026-03-20 23:00:00,-0.0032272619
2026-03-21 00:00:00,0.0003006502
2026-03-21 01:00:00,-0.0011655232
2026-03-21 02:00:00,0.0037923635
2026-03-21 03:00:00,-0.0040557343
2026-03-21 04:00:00,0.0012409982
2026-03-21 05:00:00,-0.0003383014
2026-03-21 06:00:00,0.0020656121
2026-03-21 07:00:00,-0.0062474329
2026-03-21 08:00:00,-0.000528681
2026-03-21 09:00:00,-0.0003778005
2026-03-21 10:00:00,-0.001399104
2026-03-21 11:00:00,0.0008699435
2026-03-21 12:00:00,0.0008314123
2026-03-21 13:00:00,-0.0018905742
2026-03-21 14:00:00,-0.0035639848
2026-03-21 15:00:00,0.0034882875
2026-03-21 16:00:00,0.0003027551
2026-03-21 17:00:00,-0.0006813279
2026-03-21 18:00:00,0.000908334
2026-03-21 19:00:00,0.0019274747
2026-03-21 20:00:00,0.0048588581
2026-03-21 21:00:00,-0.0030481518
2026-03-21 22:00:00,-0.0018107063
2026-03-21 23:00:00,-0.0284157895
2026-03-22 00:00:00,-0.0013216203
2026-03-22 01:00:00,-0.0017129291
2026-03-22 02:00:00,0.0047810714
2026-03-22 03:00:00,0.0022465827
2026-03-22 04:00:00,0.0005801923
2026-03-22 05:00:00,-0.0038355044
2026-03-22 06:00:00,0.0002328741
2026-03-22 07:00:00,-0.0028369916
2026-03-22 08:00:00,-0.0008565645
2026-03-22 09:00:00,-0.0021836624
2026-03-22 10:00:00,-0.0032061335
2026-03-22 11:00:00,-0.0006267873
2026-03-22 12:00:00,0.0028174544
2026-03-22 13:00:00,0.0011325693
2026-03-22 14:00:00,-0.0030491404
2026-03-22 15:00:00,0.0008218374
2026-03-22 16:00:00,-0.0038803035
2026-03-22 17:00:00,-0.0019261391
2026-03-22 18:00:00,-0.0037449536
2026-03-22 19:00:00,-0.0065776677
2026-03-22 20:00:00,-0.0007158481
2026-03-22 21:00:00,-0.0045456436
2026-03-22 22:00:00,0.0076042966
2026-03-22 23:00:00,-0.0055681646
2026-03-23 00:00:00,0.00354335
2026-03-23 01:00:00,0.0005165187
2026-03-23 02:00:00,0.0033310893
2026-03-23 03:00:00,-0.0055978073
2026-03-23 04:00:00,0.0050433957
2026-03-23 05:00:00,0.0003168442
2026-03-23 06:00:00,-0.0123517388
2026-03-23 07:00:00,0.0032421427
2026-03-23 08:00:00,-0.0039640485
2026-03-23 09:00:00,0.0033244578
2026-03-23 10:00:00,0.0011190154
2026-03-23 11:00:00,0.0325759144
2026-03-23 12:00:00,0.005590376
2026-03-23 13:00:00,0.0116200375
2026-03-23 14:00:00,0.0043229372
2026-03-23 15:00:00,-0.0124121144
2026-03-23 16:00:00,-0.0005748338
2026-03-23 17:00:00,0.0036732393
2026-03-23 18:00:00,-0.0001909818
2026-03-23 19:00:00,-0.0034055938
2026-03-23 20:00:00,0.0073705247
2026-03-23 21:00:00,0.000874741
2026-03-23 22:00:00,-0.0066749557
2026-03-23 23:00:00,0.0013767786
2026-03-24 00:00:00,-0.0059413326
2026-03-24 01:00:00,-0.0030417982
2026-03-24 02:00:00,-0.0019299809
2026-03-24 03:00:00,0.0103396843
2026-03-24 04:00:00,-0.0026803508
2026-03-24 05:00:00,0.0001916921
2026-03-24 06:00:00,0.0013025325
2026-03-24 07:00:00,0.0159517245
2026-03-24 08:00:00,0.0052986727
2026-03-24 09:00:00,-0.0056755335
2026-03-24 10:00:00,-0.0080230524
2026-03-24 11:00:00,0.0010633451
2026-03-24 12:00:00,-0.0007974028
2026-03-24 13:00:00,-0.0074349785
2026-03-24 14:00:00,-0.0011104518
2026-03-24 15:00:00,-0.0003065486
2026-03-24 16:00:00,-0.0048020684
2026-03-24 17:00:00,-0.0023904087
2026-03-24 18:00:00,0.0040449234
2026-03-24 19:00:00,-0.0004229875
2026-03-24 20:00:00,0.017462032
2026-03-24 21:00:00,0.0027175981
2026-03-24 22:00:00,0.0001130731
2026-03-24 23:00:00,0.0027850978
2026-03-25 00:00:00,0.0054722775
2026-03-25 01:00:00,0.0010087237
2026-03-25 02:00:00,-0.0051664223
2026-03-25 03:00:00,0.005726385
2026-03-25 04:00:00,0.0004104401
2026-03-25 05:00:00,7.46074e-05
2026-03-25 06:00:00,0.0049489394
2026-03-25 07:00:00,-0.0005197891
2026-03-25 08:00:00,0.0085421616
2026-03-25 09:00:00,0.0021701158
2026-03-25 10:00:00,0.0004040775
2026-03-25 11:00:00,0.0025309505
2026-03-25 12:00:00,0.0057350708
2026-03-25 13:00:00,-0.0052223254
2026-03-25 14:00:00,-0.0042931907
2026-03-25 15:00:00,-0.0070854234
2026-03-25 16:00:00,0.0047660482
2026-03-25 17:00:00,-0.0038406192
2026-03-25 18:00:00,-0.000925429
2026-03-25 19:00:00,0.0008144227
2026-03-25 20:00:00,-0.0025936507
2026-03-25 21:00:00,-0.0011136272
2026-03-25 22:00:00,0.0049276697
2026-03-25 23:00:00,-0.0002217787
2026-03-26 00:00:00,-0.004705891
2026-03-26 01:00:00,-0.0013751837
2026-03-26 02:00:00,-0.0050336615
2026-03-26 03:00:00,-0.0044206418
2026-03-26 04:00:00,-0.0029705412
2026-03-26 05:00:00,-0.0122380143
2026-03-26 06:00:00,-0.0026720633
2026-03-26 07:00:00,0.0020619351
2026-03-26 08:00:00,-0.0065057059
2026-03-26 09:00:00,-0.0111189471
2026-03-26 10:00:00,0.0034105916
2026-03-26 11:00:00,-0.0044982238
2026-03-26 12:00:00,0.0022904181
2026-03-26 13:00:00,0.0019756345
2026-03-26 14:00:00,-0.0039551798
2026-03-26 15:00:00,-0.0049855989
2026-03-26 16:00:00,-0.0022673087
2026-03-26 17:00:00,-0.0056515064
2026-03-26 18:00:00,-0.0013390573
2026-03-26 19:00:00,-0.0009068507
2026-03-26 20:00:00,0.0069968839
2026-03-26 21:00:00,0.0021520952
2026-03-26 22:00:00,-0.0031710638
2026-03-26 23:00:00,-0.0016874992
2026-03-27 00:00:00,-0.0012576641
2026-03-27 01:00:00,0.0052559446
2026-03-27 02:00:00,-0.0012918128
2026-03-27 03:00:00,-0.0037675175
2026-03-27 04:00:00,-0.0011409014
2026-03-27 05:00:00,-0.0017335124
2026-03-27 06:00:00,0.0004336599
2026-03-27 07:00:00,0.0038944995
2026-03-27 08:00:00,-0.0104192276
2026-03-27 09:00:00,-0.0052107276
2026-03-27 10:00:00,-0.0191655421
2026-03-27 11:00:00,0.0053112898
2026-03-27 12:00:00,-0.001537777
2026-03-27 13:00:00,0.0010928742
2026-03-27 14:00:00,0.0015764904
2026-03-27 15:00:00,-0.0004443996
2026-03-27 16:00:00,-0.0010107341
2026-03-27 17:00:00,-0.0024704871
2026-03-27 18:00:00,-0.0015014713
2026-03-27 19:00:00,0.0007713074
2026-03-27 20:00:00,-0.0011774978
2026-03-27 21:00:00,-0.0016264133
2026-03-27 22:00:00,-0.0002848945
2026-03-27 23:00:00,0.0010984318
2026-03-28 00:00:00,0.0022743897
2026-03-28 01:00:00,-0.0029658542
2026-03-28 02:00:00,-0.0035461753
2026-03-28 03:00:00,-0.0012666246
2026-03-28 04:00:00,0.0009399073
2026-03-28 05:00:00,0.0030995131
2026-03-28 06:00:00,0.0033334719
2026-03-28 07:00:00,0.0076411862
2026-03-28 08:00:00,-0.0018947417
2026-03-28 09:00:00,-0.0023431514
2026-03-28 10:00:00,0.0048820933
2026-03-28 11:00:00,0.0004024145
2026-03-28 12:00:00,-0.0045567351
2026-03-28 13:00:00,0.0112931975
2026-03-28 14:00:00,-0.0011195971
2026-03-28 15:00:00,0.0036739788
2026-03-28 16:00:00,-0.0002790679
2026-03-28 17:00:00,-0.0021554313
2026-03-28 18:00:00,3.99576e-05
2026-03-28 19:00:00,-0.0028008981
2026-03-28 20:00:00,0.0010012216
2026-03-28 21:00:00,-0.0041314914
2026-03-28 22:00:00,-0.002132583
2026-03-28 23:00:00,-0.0100397572
2026-03-29 00:00:00,-0.0005697774
2026-03-29 01:00:00,0.0008952188
2026-03-29 02:00:00,0.0008131404
2026-03-29 03:00:00,0.001380823
2026-03-29 04:00:00,-0.004759686
2026-03-29 05:00:00,0.0008967148
2026-03-29 06:00:00,0.0012214985
2026-03-29 07:00:00,-0.0028932965
2026-03-29 08:00:00,-0.0010207624
2026-03-29 09:00:00,-0.0034784067
2026-03-29 10:00:00,-0.006044302
2026-03-29 11:00:00,0.0049778978
2026-03-29 12:00:00,-0.003535461
2026-03-29 13:00:00,-0.0094756062
2026-03-29 14:00:00,0.0046041934
2026-03-29 15:00:00,-0.0014909305
2026-03-29 16:00:00,-0.0019083184
2026-03-29 17:00:00,0.0009131284
2026-03-29 18:00:00,0.0011609588
2026-03-29 19:00:00,-0.0063603133
2026-03-29 20:00:00,0.0025406624
2026-03-29 21:00:00,0.0042339526
2026-03-29 22:00:00,-0.0139734072
2026-03-29 23:00:00,0.0058216402
2026-03-30 00:00:00,0.0104273632
2026-03-30 01:00:00,0.0078215449
2026-03-30 02:00:00,0.0065801811
2026-03-30 03:00:00,0.0007736944
2026-03-30 04:00:00,0.0008544401
2026-03-30 05:00:00,0.001990859
2026-03-30 06:00:00,0.0001217607
2026-03-30 07:00:00,0.0081646305
2026-03-30 08:00:00,0.0079787124
2026-03-30 09:00:00,-0.0093482997
2026-03-30 10:00:00,0.0021743516
2026-03-30 11:00:00,0.0073336734
2026-03-30 12:00:00,0.0002395401
2026-03-30 13:00:00,-0.0058451604
2026-03-30 14:00:00,-0.002693848
2026-03-30 15:00:00,-0.0001610565
2026-03-30 16:00:00,-0.0036710613
2026-03-30 17:00:00,-0.0055929464
2026-03-30 18:00:00,-0.0088174633
2026-03-30 19:00:00,-0.0016003614
2026-03-30 20:00:00,0.0013543186
2026-03-30 21:00:00,0.0036434387
2026-03-30 22:00:00,-0.0022909517
2026-03-30 23:00:00,-0.0052150821
2026-03-31 00:00:00,0.0069746734
2026-03-31 01:00:00,0.0133614188
2026-03-31 02:00:00,0.0004436647
2026-03-31 03:00:00,-0.0085854818
2026-03-31 04:00:00,-0.0057921519
2026-03-31 05:00:00,-0.0014328116
2026-03-31 06:00:00,0.0054337968
2026-03-31 07:00:00,-0.0065815261
2026-03-31 08:00:00,-0.00757517
2026-03-31 09:00:00,-0.00759135
2026-03-31 10:00:00,0.0033672165
2026-03-31 11:00:00,-0.0008303579
2026-03-31 12:00:00,-0.0013300085
2026-03-31 13:00:00,0.0111257015
2026-03-31 14:00:00,-0.0144167541
2026-03-31 15:00:00,-0.0083384447
2026-03-31 16:00:00,0.0081297854
2026-03-31 17:00:00,-0.0026328452
2026-03-31 18:00:00,0.0097443929
2026-03-31 19:00:00,-0.0023233633
2026-03-31 20:00:00,0.0032760402
2026-03-31 21:00:00,-0.000704065
2026-03-31 22:00:00,-0.0056087727
2026-03-31 23:00:00,0.0080914983
2026-04-01 00:00:00,0.0104015574
2026-04-01 01:00:00,-0.0082960762
2026-04-01 02:00:00,-0.0010315447
2026-04-01 03:00:00,0.0124719565
2026-04-01 04:00:00,-0.0036761744
2026-04-01 05:00:00,0.0186087708
2026-04-01 06:00:00,0.0115811366
2026-04-01 07:00:00,-0.0079726166
2026-04-01 08:00:00,-0.0123629884
2026-04-01 09:00:00,0.0044069855
2026-04-01 10:00:00,0.0022566096
2026-04-01 11:00:00,-0.0010067858
2026-04-01 12:00:00,-0.0003626912
2026-04-01 13:00:00,-0.0050915372
2026-04-01 14:00:00,0.0067024921
2026-04-01 15:00:00,0.0025721419
2026-04-01 16:00:00,0.0036859016
2026-04-01 17:00:00,-0.0031241264
2026-04-01 18:00:00,-0.0036974562
2026-04-01 19:00:00,0.004018329
2026-04-01 20:00:00,-0.0033340729
2026-04-01 21:00:00,0.0066170962
2026-04-01 22:00:00,-0.01121462
2026-04-01 23:00:00,0.0042353289
2026-04-02 00:00:00,0.0056193453
2026-04-02 01:00:00,-0.0272655644
2026-04-02 02:00:00,-0.0102115529
2026-04-02 03:00:00,-0.0087646638
2026-04-02 04:00:00,-0.0057174242
2026-04-02 05:00:00,0.0019795731
2026-04-02 06:00:00,0.0015976459
2026-04-02 07:00:00,0.0039411396
2026-04-02 08:00:00,-0.0038151183
2026-04-02 09:00:00,0.0014271325
2026-04-02 10:00:00,-0.0032770385
2026-04-02 11:00:00,-0.0023172052
2026-04-02 12:00:00,-0.0030838797
2026-04-02 13:00:00,0.0022821411
2026-04-02 14:00:00,0.0215071034
2026-04-02 15:00:00,-0.0106748537
2026-04-02 16:00:00,0.0058292208
2026-04-02 17:00:00,-0.0109787999
2026-04-02 18:00:00,0.0076519785
2026-04-02 19:00:00,-0.0020848978
2026-04-02 20:00:00,0.0034585529
2026-04-02 21:00:00,-0.0014153106
2026-04-02 22:00:00,-0.0018762905
2026-04-02 23:00:00,-0.0015035713
2026-04-03 00:00:00,0.0011696396
2026-04-03 01:00:00,-0.0005428768
2026-04-03 02:00:00,0.0015443374
2026-04-03 03:00:00,0.0057804831
2026-04-03 04:00:00,0.0072303907
2026-04-03 05:00:00,0.0054193999
2026-04-03 06:00:00,0.0001637666
2026-04-03 07:00:00,-0.003198297
2026-04-03 08:00:00,0.003116417
2026-04-03 09:00:00,0.0025760037
2026-04-03 10:00:00,0.0008571954
2026-04-03 11:00:00,0.0023229761
2026-04-03 12:00:00,-0.0013034625
2026-04-03 13:00:00,0.0021986084
2026-04-03 14:00:00,0.0069709288
2026-04-03 15:00:00,-0.0053454408
2026-04-03 16:00:00,0.008772518
2026-04-03 17:00:00,0.0014077428
2026-04-03 18:00:00,-0.0053195902
2026-04-03 19:00:00,-0.0001616423
2026-04-03 20:00:00,-0.0002425124
2026-04-03 21:00:00,0.003873159
2026-04-03 22:00:00,-0.0073962144
2026-04-03 23:00:00,-0.0013802064
2026-04-04 00:00:00,-0.0024810376
2026-04-04 01:00:00,-0.0034266167
2026-04-04 02:00:00,0.0013475715
2026-04-04 03:00:00,0.0071160207
2026-04-04 04:00:00,-0.0035720122
2026-04-04 05:00:00,-0.006363732
2026-04-04 06:00:00,0.0061197205
2026-04-04 07:00:00,-0.002647282
2026-04-04 08:00:00,-0.0062180605
2026-04-04 09:00:00,0.0002872089
2026-04-04 10:00:00,0.0030311742
2026-04-04 11:00:00,0.0015529857
2026-04-04 12:00:00,-0.0033132252
2026-04-04 13:00:00,0.0002048383
2026-04-04 14:00:00,0.0036799322
2026-04-04 15:00:00,-0.000244908
2026-04-04 16:00:00,0.0019983286
2026-04-04 17:00:00,0.0083173215
2026-04-04 18:00:00,-0.0014151423
2026-04-04 19:00:00,0.003352658
2026-04-04 20:00:00,-0.0020587352
2026-04-04 21:00:00,-0.0018605409
2026-04-04 22:00:00,0.0044030691
2026-04-04 23:00:00,-0.0006854424
2026-04-05 00:00:00,0.0009272512
2026-04-05 01:00:00,-0.0041187218
2026-04-05 02:00:00,0.0005258793
2026-04-05 03:00:00,-0.0014974607
2026-04-05 04:00:00,-0.0042211281
2026-04-05 05:00:00,-0.0080859672
2026-04-05 06:00:00,-0.0033268333
2026-04-05 07:00:00,-0.0052798869
2026-04-05 08:00:00,0.0023546432
2026-04-05 09:00:00,-0.0002475963
2026-04-05 10:00:00,-0.0060438152
2026-04-05 11:00:00,0.005878717
2026-04-05 12:00:00,-0.0034733743
2026-04-05 13:00:00,0.0016968447
2026-04-05 14:00:00,0.0028904141
2026-04-05 15:00:00,0.0037861686
2026-04-05 16:00:00,-0.0013153029
2026-04-05 17:00:00,0.0034079977
2026-04-05 18:00:00,-0.0014356915
2026-04-05 19:00:00,-4.10501e-05
2026-04-05 20:00:00,0.0009437253
2026-04-05 21:00:00,0.0037660203
2026-04-05 22:00:00,0.006678365
2026-04-05 23:00:00,0.0170621016
2026-04-06 00:00:00,0.0130415088
2026-04-06 01:00:00,0.0014560912
2026-04-06 02:00:00,0.0107952705
2026-04-06 03:00:00,-0.0010119883
2026-04-06 04:00:00,0.0023726649
2026-04-06 05:00:00,-0.0013995804
2026-04-06 06:00:00,-0.0031172095
2026-04-06 07:00:00,-0.0038710483
2026-04-06 08:00:00,-0.0012544594
2026-04-06 09:00:00,0.0096034467
2026-04-06 10:00:00,-0.0023727572
2026-04-06 11:00:00,-0.0043712504
2026-04-06 12:00:00,-0.003369513
2026-04-06 13:00:00,0.0014118757
2026-04-06 14:00:00,-0.0013333858
2026-04-06 15:00:00,-0.0020034183
2026-04-06 16:00:00,-0.0058366692
2026-04-06 17:00:00,-0.0034072933
2026-04-06 18:00:00,0.0047116671
2026-04-06 19:00:00,-0.0045132505
2026-04-06 20:00:00,0.0018631945
2026-04-06 21:00:00,-0.0061179279
2026-04-06 22:00:00,-0.0133180195
2026-04-06 23:00:00,-0.0056696382
2026-04-07 00:00:00,-0.0018292316
2026-04-07 01:00:00,-0.004526463
2026-04-07 02:00:00,8.17394e-05
2026-04-07 03:00:00,0.0016741873
2026-04-07 04:00:00,0.0021600481
2026-04-07 05:00:00,-0.0072320485
2026-04-07 06:00:00,-0.0015184162
2026-04-07 07:00:00,-0.0001642913
2026-04-07 08:00:00,0.0044264181
2026-04-07 09:00:00,0.0005314908
2026-04-07 10:00:00,-0.0102295327
2026-04-07 11:00:00,0.0004541232
2026-04-07 12:00:00,-4.12754e-05
2026-04-07 13:00:00,-0.0005367354
2026-04-07 14:00:00,-0.0019842917
2026-04-07 15:00:00,0.0023971906
2026-04-07 16:00:00,0.0001651119
2026-04-07 17:00:00,0.0051460561
2026-04-07 18:00:00,-0.0027138175
2026-04-07 19:00:00,0.0140645844
2026-04-07 20:00:00,-0.0013813279
2026-04-07 21:00:00,0.0302331381
2026-04-07 22:00:00,0.0330926099
2026-04-07 23:00:00,0.0027437996
2026-04-08 00:00:00,-0.0092522452
2026-04-08 01:00:00,0.0060504129
2026-04-08 02:00:00,-0.003135518
2026-04-08 03:00:00,-0.000881243
2026-04-08 04:00:00,0.005961953
2026-04-08 05:00:00,0.0007617887
2026-04-08 06:00:00,-0.0034708351
2026-04-08 07:00:00,-0.0024482626
2026-04-08 08:00:00,-0.0024158769
2026-04-08 09:00:00,-0.0052738069
2026-04-08 10:00:00,-0.0008108578
2026-04-08 11:00:00,-0.0039866134
2026-04-08 12:00:00,-0.0009312071
2026-04-08 13:00:00,7.76337e-05
2026-04-08 14:00:00,-0.0202320173
2026-04-08 15:00:00,0.0065928665
2026-04-08 16:00:00,0.0006293762
2026-04-08 17:00:00,0.0054902099
2026-04-08 18:00:00,-0.0112480047
2026-04-08 19:00:00,0.0003954288
2026-04-08 20:00:00,-0.0028109368
2026-04-08 21:00:00,0.0084485303
2026-04-08 22:00:00,-0.0094401807
2026-04-08 23:00:00,-0.0045344336
2026-04-09 00:00:00,-0.0047954056
2026-04-09 01:00:00,-0.0010821427
2026-04-09 02:00:00,0.0012023086
2026-04-09 03:00:00,-0.0014830554
2026-04-09 04:00:00,-0.0018870582
2026-04-09 05:00:00,0.0018870582
2026-04-09 06:00:00,0.0028839241
2026-04-09 07:00:00,0.002875631
2026-04-09 08:00:00,0.000518331
2026-04-09 09:00:00,0.0031440935
2026-04-09 10:00:00,-0.0024268477
2026-04-09 11:00:00,-0.0005578134
2026-04-09 12:00:00,0.0001992548
2026-04-09 13:00:00,-0.0043928029
2026-04-09 14:00:00,0.0022786794
2026-04-09 15:00:00,0.0159249127
2026-04-09 16:00:00,0.0018846446
2026-04-09 17:00:00,0.0059447162
2026-04-09 18:00:00,-0.0082224426
2026-04-09 19:00:00,0.0050198152
2026-04-09 20:00:00,0.0033196024
2026-04-09 21:00:00,-0.000272963
2026-04-09 22:00:00,-0.0010925978
2026-04-09 23:00:00,-0.00815403
2026-04-10 00:00:00,-0.0037069212
2026-04-10 01:00:00,-0.0003951632
2026-04-10 02:00:00,-0.002810158
2026-04-10 03:00:00,-0.0011897681
2026-04-10 04:00:00,0.0022197567
2026-04-10 05:00:00,0.0024123556
2026-04-10 06:00:00,-0.0080108296
2026-04-10 07:00:00,-0.0024716964
2026-04-10 08:00:00,-0.0016778527
2026-04-10 09:00:00,0.0041097315
2026-04-10 10:00:00,-0.0041097315
2026-04-10 11:00:00,0.0036716328
2026-04-10 12:00:00,0.0057595838
2026-04-10 13:00:00,-0.0002376708
2026-04-10 14:00:00,0.0115016236
2026-04-10 15:00:00,-0.006088837
2026-04-10 16:00:00,0.0023613691
2026-04-10 17:00:00,0.0011000669
2026-04-10 18:00:00,0.0032929584
2026-04-10 19:00:00,0.0108214369
2026-04-10 20:00:00,-0.0039568676
2026-04-10 21:00:00,-0.0051440042
2026-04-10 22:00:00,-0.0057991621
2026-04-10 23:00:00,-0.001100932
2026-04-11 00:00:00,-0.0020083886
2026-04-11 01:00:00,-0.0008676106
2026-04-11 02:00:00,-0.0007893906
2026-04-11 03:00:00,-0.0005134383
2026-04-11 04:00:00,-0.00071135
2026-04-11 05:00:00,-0.0086556564
2026-04-11 06:00:00,0.0003986923
2026-04-11 07:00:00,-0.0009970289
2026-04-11 08:00:00,-0.001077909
2026-04-11 09:00:00,-0.0001198394
2026-04-11 10:00:00,-0.0016392463
2026-04-11 11:00:00,0.0
2026-04-11 12:00:00,0.0015593454
2026-04-11 13:00:00,-0.0051269839
2026-04-11 14:00:00,-0.0057186737
2026-04-11 15:00:00,0.0023800411
2026-04-11 16:00:00,0.0098230648
2026-04-11 17:00:00,-0.0052804347
2026-04-11 18:00:00,0.0129512261
2026-04-11 19:00:00,0.0076516899
2026-04-11 20:00:00,-0.0085231152
2026-04-11 21:00:00,0.0015442795
2026-04-11 22:00:00,-0.0071872766
2026-04-11 23:00:00,-0.0052342543
2026-04-12 00:00:00,0.0021609517
2026-04-12 01:00:00,-0.0240312547
2026-04-12 02:00:00,0.0015547648
2026-04-12 03:00:00,-0.0023330547
2026-04-12 04:00:00,-0.0015583993
2026-04-12 05:00:00,-0.0018075016
2026-04-12 06:00:00,-0.0037486398
2026-04-12 07:00:00,-0.0009496873
2026-04-12 08:00:00,-0.0046374974
2026-04-12 09:00:00,-0.0040338566
2026-04-12 10:00:00,0.0001250026
2026-04-12 11:00:00,0.0031615318
2026-04-12 12:00:00,-0.0040785806
2026-04-12 13:00:00,-0.0077029727
2026-04-12 14:00:00,0.0034401779
2026-04-12 15:00:00,-0.0011314352
2026-04-12 16:00:00,0.0007125343
2026-04-12 17:00:00,0.0045982858
2026-04-12 18:00:00,-0.0050173622
2026-04-12 19:00:00,-0.0015521114
2026-04-12 20:00:00,0.0044819645
2026-04-12 21:00:00,0.001211286
2026-04-12 22:00:00,-0.0066172709
2026-04-12 23:00:00,-0.0070421341
2026-04-13 00:00:00,0.0080501141
2026-04-13 01:00:00,0.0015938932
2026-04-13 02:00:00,-0.0067705635
2026-04-13 03:00:00,0.0058900419
2026-04-13 04:00:00,-0.0024780037
2026-04-13 05:00:00,0.0017646322
2026-04-13 06:00:00,0.0046069521
2026-04-13 07:00:00,-0.0040194326
2026-04-13 08:00:00,-0.0004196215
2026-04-13 09:00:00,0.0008810019
2026-04-13 10:00:00,-0.0035286741
2026-04-13 11:00:00,0.0027316106
2026-04-13 12:00:00,0.0112259917
2026-04-13 13:00:00,0.0071536683
2026-04-13 14:00:00,0.0024280347
2026-04-13 15:00:00,-0.0157007306
2026-04-13 16:00:00,0.0004174494
2026-04-13 17:00:00,-0.004014726
2026-04-13 18:00:00,0.0020930143
2026-04-13 19:00:00,0.010358476
2026-04-13 20:00:00,-0.0078526278
2026-04-13 21:00:00,0.0027907964
2026-04-13 22:00:00,0.029024378
2026-04-13 23:00:00,0.0051585977
2026-04-14 00:00:00,-0.0150256963
2026-04-14 01:00:00,0.0021604003
2026-04-14 02:00:00,-0.0037939872
2026-04-14 03:00:00,4.08722e-05
2026-04-14 04:00:00,-0.0010632208
2026-04-14 05:00:00,-0.0099920649
2026-04-14 06:00:00,0.0070828825
2026-04-14 07:00:00,-0.0018071304
2026-04-14 08:00:00,0.0056977875
2026-04-14 09:00:00,-0.0050402713
2026-04-14 10:00:00,0.0011085793
2026-04-14 11:00:00,0.0005743354
2026-04-14 12:00:00,-0.0009847771
2026-04-14 13:00:00,0.0194733474
2026-04-14 14:00:00,-0.0082877311
2026-04-14 15:00:00,-0.0060263222
2026-04-14 16:00:00,-0.0035595234
2026-04-14 17:00:00,0.0006555765
2026-04-14 18:00:00,-0.0143151307
2026-04-14 19:00:00,-0.0004571619
2026-04-14 20:00:00,-0.0011230115
2026-04-14 21:00:00,0.0033237805
2026-04-14 22:00:00,-0.003740031
2026-04-14 23:00:00,-0.0016667365
2026-04-15 00:00:00,0.0028318013
2026-04-15 01:00:00,0.0018280781
2026-04-15 02:00:00,-0.004826706
2026-04-15 03:00:00,0.0003336253
2026-04-15 04:00:00,0.0047836035
2026-04-15 05:00:00,-0.0038250504
2026-04-15 06:00:00,-0.0057651494
2026-04-15 07:00:00,-0.0011738075
2026-04-15 08:00:00,0.0066056513
2026-04-15 09:00:00,-8.33438e-05
2026-04-15 10:00:00,-0.0004585148
2026-04-15 11:00:00,0.0077249325
2026-04-15 12:00:00,0.0021903098
2026-04-15 13:00:00,-0.0040537801
2026-04-15 14:00:00,0.0089131563
2026-04-15 15:00:00,-0.002632663
2026-04-15 16:00:00,0.0104893201
2026-04-15 17:00:00,0.0009370354
2026-04-15 18:00:00,0.003252432
2026-04-15 19:00:00,0.0104979363
2026-04-15 20:00:00,-0.0047104381
2026-04-15 21:00:00,-0.001251792
2026-04-15 22:00:00,0.000202008
2026-04-15 23:00:00,-0.0069726243
2026-04-16 00:00:00,-0.0008139346
2026-04-16 01:00:00,-0.0003257594
2026-04-16 02:00:00,0.0092831605
2026-04-16 03:00:00,0.0080776857
2026-04-16 04:00:00,0.0017595782
2026-04-16 05:00:00,3.99545e-05
2026-04-16 06:00:00,0.0003195782
2026-04-16 07:00:00,-0.0010789859
2026-04-16 08:00:00,-0.0052918661
2026-04-16 09:00:00,0.0038113625
2026-04-16 10:00:00,-0.0059843141
2026-04-16 11:00:00,0.0014893834
2026-04-16 12:00:00,0.0070943603
2026-04-16 13:00:00,-0.0046437233
2026-04-16 14:00:00,-0.0059965971
2026-04-16 15:00:00,0.0222351136
2026-04-16 16:00:00,-0.0067340322
2026-04-16 17:00:00,0.0055489639
2026-04-16 18:00:00,0.0233613499
2026-04-16 19:00:00,0.0053144501
2026-04-16 20:00:00,-0.0109679017
2026-04-16 21:00:00,0.0042237484
2026-04-16 22:00:00,-0.0002707145
2026-04-16 23:00:00,0.002858138
2026-04-17 00:00:00,-0.0041353515
2026-04-17 01:00:00,-0.0078928849
2026-04-17 02:00:00,-0.0050482429
2026-04-17 03:00:00,0.001489729
2026-04-17 04:00:00,-0.0019213808
2026-04-17 05:00:00,-0.0099004852
2026-04-17 06:00:00,0.0108812428
2026-04-17 07:00:00,0.0041087104
2026-04-17 08:00:00,0.0050636964
2026-04-17 09:00:00,0.0045355068
2026-04-17 10:00:00,-0.0131591091
2026-04-17 11:00:00,0.0091285646
2026-04-17 12:00:00,0.0104688728
2026-04-17 13:00:00,0.0206522258
2026-04-17 14:00:00,0.0037197811
2026-04-17 15:00:00,-0.0113148978
2026-04-17 16:00:00,0.0091373111
2026-04-17 17:00:00,-0.0087580779
2026-04-17 18:00:00,-0.0074211137
2026-04-17 19:00:00,-0.0024477008
2026-04-17 20:00:00,-0.0026840507
2026-04-17 21:00:00,0.0006525035
2026-04-17 22:00:00,0.0008821218
2026-04-17 23:00:00,-0.0079286075
2026-04-18 00:00:00,-0.0034062351
2026-04-18 01:00:00,-0.0008533748
2026-04-18 02:00:00,0.0015510492
2026-04-18 03:00:00,-0.0045825323
2026-04-18 04:00:00,0.0026821652
2026-04-18 05:00:00,0.0006597202
2026-04-18 06:00:00,-0.0001939902
2026-04-18 07:00:00,0.0042977513
2026-04-18 08:00:00,-0.0122057023
2026-04-18 09:00:00,-0.0048614202
2026-04-18 10:00:00,-0.0076535011
2026-04-18 11:00:00,-0.0043260044
2026-04-18 12:00:00,0.0014705593
2026-04-18 13:00:00,-0.0015898886
2026-04-18 14:00:00,0.001073452
2026-04-18 15:00:00,-0.0033035513
2026-04-18 16:00:00,-0.0061184283
2026-04-18 17:00:00,0.0011225146
2026-04-18 18:00:00,-0.0075611686
2026-04-18 19:00:00,0.0051140708
2026-04-18 20:00:00,0.0008029872
2026-04-18 21:00:00,0.0041252036
2026-04-18 22:00:00,-0.0001998601
2026-04-18 23:00:00,-0.0022011014
2026-04-19 00:00:00,-0.001844649
2026-04-19 01:00:00,-0.0024916623
2026-04-19 02:00:00,-0.0004829751
2026-04-19 03:00:00,-0.0003623845
2026-04-19 04:00:00,-0.0014508526
2026-04-19 05:00:00,-0.0021802334
2026-04-19 06:00:00,0.0003637025
2026-04-19 07:00:00,-0.0055507304
2026-04-19 08:00:00,-0.0018299755
2026-04-19 09:00:00,-0.0014256331
2026-04-19 10:00:00,0.0021173508
2026-04-19 11:00:00,0.0066485833
2026-04-19 12:00:00,0.0028646956
2026-04-19 13:00:00,0.0036195495
2026-04-19 14:00:00,0.0019250828
2026-04-19 15:00:00,-0.0017243804
2026-04-19 16:00:00,-0.0096389204
2026-04-19 17:00:00,-0.0065051457
2026-04-19 18:00:00,0.0026478212
2026-04-19 19:00:00,0.0041814737
2026-04-19 20:00:00,-0.0074413274
2026-04-19 21:00:00,-0.0017565723
2026-04-19 22:00:00,-0.0079223779
2026-04-19 23:00:00,-0.0005358946
2026-04-20 00:00:00,0.0083356058
2026-04-20 01:00:00,0.0008583516
2026-04-20 02:00:00,0.0031410008
2026-04-20 03:00:00,0.0034153316
2026-04-20 04:00:00,-0.0009339913
2026-04-20 05:00:00,-0.0071351698
2026-04-20 06:00:00,0.0053459696
2026-04-20 07:00:00,0.00276378
2026-04-20 08:00:00,-0.003333743
2026-04-20 09:00:00,0.0047533048
2026-04-20 10:00:00,0.0022671157
2026-04-20 11:00:00,-0.0032808827
2026-04-20 12:00:00,0.0038064431
2026-04-20 13:00:00,0.0035906681
2026-04-20 14:00:00,-0.0089806429
2026-04-20 15:00:00,0.0063191364
2026-04-20 16:00:00,-0.0073762189
2026-04-20 17:00:00,0.0101182667
2026-04-20 18:00:00,0.0062222958
2026-04-20 19:00:00,-0.0032869713
2026-04-20 20:00:00,0.0048065461
2026-04-20 21:00:00,-0.0018798126
2026-04-20 22:00:00,-0.0030070387
2026-04-20 23:00:00,-0.0033786534
2026-04-21 00:00:00,0.0037399758
2026-04-21 01:00:00,-0.0032163418
2026-04-21 02:00:00,-0.0024594307
2026-04-21 03:00:00,-0.0004845353
2026-04-21 04:00:00,0.0009688359
2026-04-21 05:00:00,0.0045490306
2026-04-21 06:00:00,0.0014850196
2026-04-21 07:00:00,0.0012825653
2026-04-21 08:00:00,0.0020406945
2026-04-21 09:00:00,0.002515122
2026-04-21 10:00:00,0.0025485837
2026-04-21 11:00:00,-0.0033064466
2026-04-21 12:00:00,-0.0069672741
2026-04-21 13:00:00,-0.0001205521
2026-04-21 14:00:00,-0.0029379234
2026-04-21 15:00:00,0.0026565786
2026-04-21 16:00:00,-0.0073023946
2026-04-21 17:00:00,-0.0017021281
2026-04-21 18:00:00,0.0011755884
2026-04-21 19:00:00,-0.0081357484
2026-04-21 20:00:00,0.0133887102
2026-04-21 21:00:00,-0.0011290779
2026-04-21 22:00:00,0.0026191211
2026-04-21 23:00:00,0.0049775312
2026-04-22 00:00:00,0.0005604259
2026-04-22 01:00:00,-0.0014016542
2026-04-22 02:00:00,0.0195645043
2026-04-22 03:00:00,-0.0007076306
2026-04-22 04:00:00,0.0002359325
2026-04-22 05:00:00,0.0065054899
2026-04-22 06:00:00,-0.0008988413
2026-04-22 07:00:00,-0.0034465236
2026-04-22 08:00:00,3.92318e-05
2026-04-22 09:00:00,0.0027424111
2026-04-22 10:00:00,0.0003129401
2026-04-22 11:00:00,-0.000860821
2026-04-22 12:00:00,-0.0020376183
2026-04-22 13:00:00,0.0002745367
2026-04-22 14:00:00,0.0017630815
2026-04-22 15:00:00,-0.0012142341
2026-04-22 16:00:00,-0.0088969959
2026-04-22 17:00:00,0.0016989001
2026-04-22 18:00:00,0.0004341391
2026-04-22 19:00:00,-0.0037556131
2026-04-22 20:00:00,-0.0052020369
2026-04-22 21:00:00,0.0044888549
2026-04-22 22:00:00,-0.0069204428
2026-04-22 23:00:00,-0.0086580627
2026-04-23 00:00:00,0.0015688171
2026-04-23 01:00:00,-0.0017701256
2026-04-23 02:00:00,-0.0089791899
2026-04-23 03:00:00,0.0004062068
2026-04-23 04:00:00,0.0023932675
2026-04-23 05:00:00,0.0024683877
2026-04-23 06:00:00,0.0025429387
2026-04-23 07:00:00,-0.0044442722
2026-04-23 08:00:00,-0.0013776898
2026-04-23 09:00:00,-0.0016232452
2026-04-23 10:00:00,-0.0007719655
2026-04-23 11:00:00,0.007087776
2026-04-23 12:00:00,-0.0013327143
2026-04-23 13:00:00,-0.0010108158
2026-04-23 14:00:00,0.009301269
2026-04-23 15:00:00,0.0025617434
2026-04-23 16:00:00,-0.0018005406
2026-04-23 17:00:00,-0.0116008713
2026-04-23 18:00:00,-0.0024744957
2026-04-23 19:00:00,0.0036892183
2026-04-23 20:00:00,0.0047233692
2026-04-23 21:00:00,0.0023734347
2026-04-23 22:00:00,0.0019668847
2026-04-23 23:00:00,0.0023231605
2026-04-24 00:00:00,0.006460383
2026-04-24 01:00:00,0.0011520967
2026-04-24 02:00:00,-0.0067726644
2026-04-24 03:00:00,-0.0070201063
2026-04-24 04:00:00,-0.0006040228
2026-04-24 05:00:00,0.0026148013
2026-04-24 06:00:00,-4.0176e-05
2026-04-24 07:00:00,-0.0015278842
2026-04-24 08:00:00,0.0042561799
2026-04-24 09:00:00,-0.002527432
2026-04-24 10:00:00,0.0059273673
2026-04-24 11:00:00,0.0021539697
2026-04-24 12:00:00,-0.0021539697
2026-04-24 13:00:00,0.0002395592
2026-04-24 14:00:00,-7.98467e-05
2026-04-24 15:00:00,0.0068436188
2026-04-24 16:00:00,-0.0020243324
2026-04-24 17:00:00,0.0009134416
2026-04-24 18:00:00,-0.0002382087
2026-04-24 19:00:00,-0.001788376
2026-04-24 20:00:00,0.0051181448
2026-04-24 21:00:00,-0.0037666321
2026-04-24 22:00:00,-0.0035017943
2026-04-24 23:00:00,-0.001476015
2026-04-25 00:00:00,-0.0018780849
2026-04-25 01:00:00,0.0061803662
2026-04-25 02:00:00,-0.001034044
2026-04-25 03:00:00,0.0015109347
2026-04-25 04:00:00,-0.0013915673
2026-04-25 05:00:00,0.0022652767
2026-04-25 06:00:00,-0.0005161905
2026-04-25 07:00:00,0.0003176872
2026-04-25 08:00:00,0.0007937768
2026-04-25 09:00:00,0.0054204964
2026-04-25 10:00:00,-0.0001973126
2026-04-25 11:00:00,-0.0071293078
2026-04-25 12:00:00,0.0001987242
2026-04-25 13:00:00,0.0028968849
2026-04-25 14:00:00,-0.004129612
2026-04-25 15:00:00,-0.0056661897
2026-04-25 16:00:00,-0.0012412663
2026-04-25 17:00:00,-0.0040548463
2026-04-25 18:00:00,0.00132666
2026-04-25 19:00:00,0.0005622942
2026-04-25 20:00:00,0.0036072183
2026-04-25 21:00:00,-0.002884733
2026-04-25 22:00:00,0.0036445962
2026-04-25 23:00:00,0.0009590027
2026-04-26 00:00:00,-0.0050450557
2026-04-26 01:00:00,-0.0010844028
2026-04-26 02:00:00,0.0020072267
2026-04-26 03:00:00,0.0014827582
2026-04-26 04:00:00,0.0031186303
2026-04-26 05:00:00,0.0010772639
2026-04-26 06:00:00,0.0028272791
2026-04-26 07:00:00,0.0006360312
2026-04-26 08:00:00,-0.0004769855
2026-04-26 09:00:00,0.002580954
2026-04-26 10:00:00,0.0018620873
2026-04-26 11:00:00,0.0038715333
2026-04-26 12:00:00,-0.004544654
2026-04-26 13:00:00,-0.0026175949
2026-04-26 14:00:00,0.0044774716
2026-04-26 15:00:00,-0.0001186122
2026-04-26 16:00:00,-0.0031285296
2026-04-26 17:00:00,0.0005947779
2026-04-26 18:00:00,0.0018613498
2026-04-26 19:00:00,0.0003164807
2026-04-26 20:00:00,-0.0022967578
2026-04-26 21:00:00,0.0024154123
2026-04-26 22:00:00,-0.0040421708
2026-04-26 23:00:00,0.004121266
2026-04-27 00:00:00,0.0071715967
2026-04-27 01:00:00,0.0036839672
2026-04-27 02:00:00,-0.0008609894
2026-04-27 03:00:00,-0.0053389991
2026-04-27 04:00:00,-0.0030355019
2026-04-27 05:00:00,-0.0177658526
2026-04-27 06:00:00,-0.0040270673
2026-04-27 07:00:00,-0.0011708894
2026-04-27 08:00:00,0.0004442919
2026-04-27 09:00:00,0.0
2026-04-27 10:00:00,0.0007669486
2026-04-27 11:00:00,-0.0010092651
2026-04-27 12:00:00,0.0004845744
2026-04-27 13:00:00,-0.0061959823
2026-04-27 14:00:00,0.0059537245
2026-04-27 15:00:00,-0.0134972372
2026-04-27 16:00:00,0.0014315224
2026-04-27 17:00:00,0.0024900513
2026-04-27 18:00:00,0.0012630637
2026-04-27 19:00:00,-0.0012630637
2026-04-27 20:00:00,0.0026465275
2026-04-27 21:00:00,-0.0025649913
2026-04-27 22:00:00,0.0060558213
2026-04-27 23:00:00,0.0056971002
2026-04-28 00:00:00,-0.0014918455
2026-04-28 01:00:00,-0.0005246907
2026-04-28 02:00:00,-0.0032754432
2026-04-28 03:00:00,0.0015379637
2026-04-28 04:00:00,0.0007680958
2026-04-28 05:00:00,0.0008886376
2026-04-28 06:00:00,-0.0058715319
2026-04-28 07:00:00,0.0032032465
2026-04-28 08:00:00,-0.00304081
2026-04-28 09:00:00,-0.0026428688
2026-04-28 10:00:00,0.0031300202
2026-04-28 11:00:00,-0.0032928867
2026-04-28 12:00:00,0.0026026855
2026-04-28 13:00:00,0.0010554091
2026-04-28 14:00:00,-0.0012585001
2026-04-28 15:00:00,0.0016235747
2026-04-28 16:00:00,-0.0021111615
2026-04-28 17:00:00,0.0013402922
2026-04-28 18:00:00,0.0028371113
2026-04-28 19:00:00,0.0008900037
2026-04-28 20:00:00,0.0003234414
2026-04-28 21:00:00,0.0012927205
2026-04-28 22:00:00,-0.0038831859
2026-04-28 23:00:00,0.0004457141
2026-04-29 00:00:00,0.0010122483
2026-04-29 01:00:00,0.000768624
2026-04-29 02:00:00,4.04375e-05
2026-04-29 03:00:00,0.0064892108
2026-04-29 04:00:00,0.0025679106
2026-04-29 05:00:00,-0.0004809812
2026-04-29 06:00:00,-0.0027299387
2026-04-29 07:00:00,0.0030105392
2026-04-29 08:00:00,-0.0004810776
2026-04-29 09:00:00,0.0136603809
2026-04-29 10:00:00,-0.0011873666
2026-04-29 11:00:00,-0.0051218026
2026-04-29 12:00:00,-0.0086753697
2026-04-29 13:00:00,-0.0057583665
2026-04-29 14:00:00,-0.005913582
2026-04-29 15:00:00,-0.0086905625
2026-04-29 16:00:00,-0.0041885738
2026-04-29 17:00:00,0.0057036325
2026-04-29 18:00:00,-0.0124337721
2026-04-29 19:00:00,0.000828226
2026-04-29 20:00:00,0.0070945686
2026-04-29 21:00:00,0.003937982
2026-04-29 22:00:00,0.0
2026-04-29 23:00:00,0.0012274458
2026-04-30 00:00:00,0.0089150007
2026-04-30 01:00:00,0.0
2026-04-30 02:00:00,-0.0007703067
2026-04-30 03:00:00,0.000567652
2026-04-30 04:00:00,-0.0073638934
2026-04-30 05:00:00,0.0013874155
2026-04-30 06:00:00,0.0017519204
2026-04-30 07:00:00,0.0030889311
2026-04-30 08:00:00,0.0012977534
2026-04-30 09:00:00,0.0015793633
2026-04-30 10:00:00,-0.005559064
2026-04-30 11:00:00,0.0017481456
2026-04-30 12:00:00,-0.0014226777
2026-04-30 13:00:00,0.0001626942
2026-04-30 14:00:00,0.0008537106
2026-04-30 15:00:00,0.005430391
2026-04-30 16:00:00,-0.0023873603
2026-04-30 17:00:00,-0.0036120902
2026-04-30 18:00:00,0.000812843
2026-04-30 19:00:00,0.0008527746
2026-04-30 20:00:00,0.0010548096
2026-04-30 21:00:00,-0.0010954015
2026-04-30 22:00:00,-0.0022350919
2026-04-30 23:00:00,0.0012603933
2026-05-01 00:00:00,-0.0001219041
2026-05-01 01:00:00,0.003934059
2026-05-01 02:00:00,0.0010114292
2026-05-01 03:00:00,0.0053234518
2026-05-01 04:00:00,0.000964863
2026-05-01 05:00:00,0.0001205424
2026-05-01 06:00:00,-0.0021719902
2026-05-01 07:00:00,0.0017701256
2026-05-01 08:00:00,0.0031703379
2026-05-01 09:00:00,-0.0065120622
2026-05-01 10:00:00,0.0001209799
2026-05-01 11:00:00,-0.0007260993
2026-05-01 12:00:00,0.0037056473
2026-05-01 13:00:00,0.0074900717
2026-05-01 14:00:00,-0.0015175116
2026-05-01 15:00:00,-0.0001199017
2026-05-01 16:00:00,-0.0023609927
2026-05-01 17:00:00,0.0016412806
2026-05-01 18:00:00,-0.0004400792
2026-05-01 19:00:00,-0.0008006406
2026-05-01 20:00:00,-0.0055419603
2026-05-01 21:00:00,0.0019311239
2026-05-01 22:00:00,-0.0025756614
2026-05-01 23:00:00,0.0002014626
2026-05-02 00:00:00,0.0006444078
2026-05-02 01:00:00,-0.001168295
2026-05-02 02:00:00,0.0009669622
2026-05-02 03:00:00,-0.0008460408
2026-05-02 04:00:00,-0.000725748
2026-05-02 05:00:00,-0.0025442737
2026-05-02 06:00:00,0.0014950404
2026-05-02 07:00:00,-0.0001211363
2026-05-02 08:00:00,0.0009686794
2026-05-02 09:00:00,0.0034634161
2026-05-02 10:00:00,0.0003617581
2026-05-02 11:00:00,-0.0024947703
2026-05-02 12:00:00,-0.0016128385
2026-05-02 13:00:00,0.0052723846
2026-05-02 14:00:00,0.0028059505
2026-05-02 15:00:00,0.0008002561
2026-05-02 16:00:00,0.0021974079
2026-05-02 17:00:00,-0.0031978282
2026-05-02 18:00:00,0.0019998407
2026-05-02 19:00:00,0.0034303983
2026-05-02 20:00:00,3.98192e-05
2026-05-02 21:00:00,-0.0002787678
2026-05-02 22:00:00,-0.000517918
2026-05-02 23:00:00,-0.0033130456
2026-05-03 00:00:00,-0.0016005765
2026-05-03 01:00:00,-0.0053806747
2026-05-03 02:00:00,-0.0019344704
2026-05-03 03:00:00,0.0009274007
2026-05-03 04:00:00,0.0007654655
2026-05-03 05:00:00,0.0002416043
2026-05-03 06:00:00,0.0009658337
2026-05-03 07:00:00,0.001647811
2026-05-03 08:00:00,-0.0024526076
2026-05-03 09:00:00,0.0037769251
2026-05-03 10:00:00,-0.0017259723
2026-05-03 11:00:00,0.0033688971
2026-05-03 12:00:00,0.0026390515
2026-05-03 13:00:00,-0.0020386552
2026-05-03 14:00:00,0.001159745
2026-05-03 15:00:00,0.0019166273
2026-05-03 16:00:00,0.0017536872
2026-05-03 17:00:00,-0.0017935795
2026-05-03 18:00:00,0.0008374041
2026-05-03 19:00:00,-0.0003986764
2026-05-03 20:00:00,-0.0022754955
2026-05-03 21:00:00,-0.0042053049
2026-05-03 22:00:00,0.0073178373
2026-05-03 23:00:00,-0.0058740254
2026-05-04 00:00:00,-0.0019657012
2026-05-04 01:00:00,0.0113000064
2026-05-04 02:00:00,0.0061748138
2026-05-04 03:00:00,0.0001972815
2026-05-04 04:00:00,-0.0010657826
2026-05-04 05:00:00,-0.00051356
2026-05-04 06:00:00,-0.0001185513
2026-05-04 07:00:00,-0.0050713262
2026-05-04 08:00:00,3.97196e-05
2026-05-04 09:00:00,0.0046363341
2026-05-04 10:00:00,-0.0187160035
2026-05-04 11:00:00,0.0012077296
2026-05-04 12:00:00,0.0020497988
2026-05-04 13:00:00,0.0033670065
2026-05-04 14:00:00,0.0101523715
2026-05-04 15:00:00,-0.0078341323
2026-05-04 16:00:00,-0.0002395688
2026-05-04 17:00:00,0.006686326
2026-05-04 18:00:00,-0.0003173848
2026-05-04 19:00:00,-0.0040555103
2026-05-04 20:00:00,-0.0056734341
2026-05-04 21:00:00,0.0057132739
2026-05-04 22:00:00,-0.0032321809
2026-05-04 23:00:00,-0.0014799115
2026-05-05 00:00:00,0.002678234
2026-05-05 01:00:00,0.0018744896
2026-05-05 02:00:00,0.0017516625
2026-05-05 03:00:00,0.0049200591
2026-05-05 04:00:00,-0.0026950989
2026-05-05 05:00:00,0.0038818079
2026-05-05 06:00:00,0.0068552786
2026-05-05 07:00:00,0.0075882395
2026-05-05 08:00:00,0.0003116843
2026-05-05 09:00:00,0.0028007954
2026-05-05 10:00:00,0.0063118566
2026-05-05 11:00:00,-0.002318752
2026-05-05 12:00:00,0.0023959512
2026-05-05 13:00:00,-0.0026281224
2026-05-05 14:00:00,-0.0058218678
2026-05-05 15:00:00,-0.0003114537
2026-05-05 16:00:00,0.0025277581
2026-05-05 17:00:00,0.0027150742
2026-05-05 18:00:00,-0.0010851452
2026-05-05 19:00:00,0.0029813206
2026-05-05 20:00:00,0.0096953668
2026-05-05 21:00:00,0.0111558582
2026-05-05 22:00:00,-0.0062669936
2026-05-05 23:00:00,-0.0016015256
2026-05-06 00:00:00,-0.0052419243
2026-05-06 01:00:00,0.0084043739
2026-05-06 02:00:00,-0.0035059675
2026-05-06 03:00:00,0.0074544901
2026-05-06 04:00:00,-0.0053570539
2026-05-06 05:00:00,0.0057737758
2026-05-06 06:00:00,-0.0013644635
2026-05-06 07:00:00,0.0041255902
2026-05-06 08:00:00,0.0263173083
2026-05-06 09:00:00,0.0048445795
2026-05-06 10:00:00,-0.0078290514
2026-05-06 11:00:00,0.0023588394
2026-05-06 12:00:00,0.0003680666
2026-05-06 13:00:00,-0.0236829657
2026-05-06 14:00:00,0.0026718363
2026-05-06 15:00:00,0.0063684938
2026-05-06 16:00:00,-0.0021308021
2026-05-06 17:00:00,-0.0062314853
2026-05-06 18:00:00,0.0016179102
2026-05-06 19:00:00,0.0011647787
2026-05-06 20:00:00,-0.0017288688
2026-05-06 21:00:00,0.01032866
2026-05-06 22:00:00,-0.0099901678
2026-05-06 23:00:00,0.0031537477
2026-05-07 00:00:00,-0.0053748415
2026-05-07 01:00:00,-0.0011312645
2026-05-07 02:00:00,0.0001509092
2026-05-07 03:00:00,-0.0045372129
2026-05-07 04:00:00,0.0049520959
2026-05-07 05:00:00,0.0032001232
2026-05-07 06:00:00,0.0055850362
2026-05-07 07:00:00,0.0035819597
2026-05-07 08:00:00,-0.002386547
2026-05-07 09:00:00,-0.0036280032
2026-05-07 10:00:00,0.0017221374
2026-05-07 11:00:00,0.0028014885
2026-05-07 12:00:00,0.0046146485
2026-05-07 13:00:00,-0.0119149074
2026-05-07 14:00:00,-0.0091724716
2026-05-07 15:00:00,-0.0063146893
2026-05-07 16:00:00,0.0024012361
2026-05-07 17:00:00,0.0002283887
2026-05-07 18:00:00,0.0030781533
2026-05-07 19:00:00,-0.0014808911
2026-05-07 20:00:00,-0.0032352018
2026-05-07 21:00:00,-0.0027868464
2026-05-07 22:00:00,0.0012225875
2026-05-07 23:00:00,0.0032402582
2026-05-08 00:00:00,-0.0041952769
2026-05-08 01:00:00,0.0012986023
2026-05-08 02:00:00,-0.0025988931
2026-05-08 03:00:00,0.002751559
2026-05-08 04:00:00,0.0012967202
2026-05-08 05:00:00,-0.003856954
2026-05-08 06:00:00,-0.0001913253
2026-05-08 07:00:00,0.0023698505
2026-05-08 08:00:00,0.0063175732
2026-05-08 09:00:00,-0.0010628204
2026-05-08 10:00:00,0.0042823372
2026-05-08 11:00:00,0.0003780861
2026-05-08 12:00:00,-0.002535911
2026-05-08 13:00:00,-7.57978e-05
2026-05-08 14:00:00,0.0122797987
2026-05-08 15:00:00,0.0080911719
2026-05-08 16:00:00,-0.0007429973
2026-05-08 17:00:00,0.0060763433
2026-05-08 18:00:00,0.0038710439
2026-05-08 19:00:00,-0.0005889065
2026-05-08 20:00:00,-0.0007366212
2026-05-08 21:00:00,0.0164441329
2026-05-08 22:00:00,-0.0033036279
2026-05-08 23:00:00,-0.0054329134
2026-05-09 00:00:00,0.0084465497
2026-05-09 01:00:00,0.0075845495
2026-05-09 02:00:00,-0.0027743267
2026-05-09 03:00:00,-0.0028905931
2026-05-09 04:00:00,-0.0042425954
2026-05-09 05:00:00,0.0035910589
2026-05-09 06:00:00,-0.0050092667
2026-05-09 07:00:00,0.0010184041
2026-05-09 08:00:00,0.0026865146
2026-05-09 09:00:00,-0.01038658
2026-05-09 10:00:00,0.0
2026-05-09 11:00:00,0.0028533821
2026-05-09 12:00:00,-0.0023040221
2026-05-09 13:00:00,-0.0024928527
2026-05-09 14:00:00,-0.0050782078
2026-05-09 15:00:00,-0.0031407641
2026-05-09 16:00:00,0.0017748202
2026-05-09 17:00:00,0.0042394032
2026-05-09 18:00:00,0.0008089723
2026-05-09 19:00:00,0.0010286555
2026-05-09 20:00:00,0.0002202886
2026-05-09 21:00:00,-0.0007712224
2026-05-09 22:00:00,0.0003305967
2026-05-09 23:00:00,-0.0051919476
2026-05-10 00:00:00,-0.0021065477
2026-05-10 01:00:00,-0.0017403222
2026-05-10 02:00:00,0.0020362459
2026-05-10 03:00:00,-0.0008510166
2026-05-10 04:00:00,0.000444099
2026-05-10 05:00:00,-0.0019258552
2026-05-10 06:00:00,-0.0001112203
2026-05-10 07:00:00,0.0043284506
2026-05-10 08:00:00,0.0077955901
2026-05-10 09:00:00,-0.0034122839
2026-05-10 10:00:00,0.0030459298
2026-05-10 11:00:00,-0.0005864458
2026-05-10 12:00:00,0.0007330035
2026-05-10 13:00:00,0.0065729651
2026-05-10 14:00:00,0.002907507
2026-05-10 15:00:00,0.021683012
2026-05-10 16:00:00,0.0112648401
2026-05-10 17:00:00,0.006545007
2026-05-10 18:00:00,0.0025434224
2026-05-10 19:00:00,-0.0019854062
2026-05-10 20:00:00,-0.0304796961
2026-05-10 21:00:00,0.0048766591
2026-05-10 22:00:00,0.0128304854
2026-05-10 23:00:00,-0.0026520994
2026-05-11 00:00:00,-0.0101426162
2026-05-11 01:00:00,0.0026790993
2026-05-11 02:00:00,-0.0103992044
2026-05-11 03:00:00,-0.0041901521
2026-05-11 04:00:00,0.0040099037
2026-05-11 05:00:00,0.0039579787
2026-05-11 06:00:00,-7.18236e-05
2026-05-11 07:00:00,-0.0034536135
2026-05-11 08:00:00,-0.0039719847
2026-05-11 09:00:00,0.0069586191
2026-05-11 10:00:00,0.002045908
2026-05-11 11:00:00,0.0015048373
2026-05-11 12:00:00,-0.00229399
2026-05-11 13:00:00,0.0067949621
2026-05-11 14:00:00,-0.0010341447
2026-05-11 15:00:00,0.0074999907
2026-05-11 16:00:00,-0.0029790425
2026-05-11 17:00:00,0.0001775726
2026-05-11 18:00:00,-0.005340942
2026-05-11 19:00:00,0.0037060836
2026-05-11 20:00:00,-0.0025642866
2026-05-11 21:00:00,-3.56614e-05
2026-05-11 22:00:00,0.0009624125
2026-05-11 23:00:00,-0.000748463
2026-05-12 00:00:00,0.0028838471
2026-05-12 01:00:00,-0.0133495174
2026-05-12 02:00:00,0.0023391824
2026-05-12 03:00:00,-0.0040340063
2026-05-12 04:00:00,0.0014065461
2026-05-12 05:00:00,0.0002162162
2026-05-12 06:00:00,-0.0010094092
2026-05-12 07:00:00,-0.0012631961
2026-05-12 08:00:00,-0.0025673955
2026-05-12 09:00:00,-0.0017757166
2026-05-12 10:00:00,-0.0046535385
2026-05-12 11:00:00,-0.000255116
2026-05-12 12:00:00,-0.0007657387
2026-05-12 13:00:00,-0.0086828045
2026-05-12 14:00:00,-0.0095015226
2026-05-12 15:00:00,-0.0008175704
2026-05-12 16:00:00,-0.0053679395
2026-05-12 17:00:00,0.0105592891
2026-05-12 18:00:00,-0.0002219345
2026-05-12 19:00:00,0.0060485543
2026-05-12 20:00:00,0.0002573577
2026-05-12 21:00:00,-0.00114023
2026-05-12 22:00:00,-3.68033e-05
2026-05-12 23:00:00,-0.0025427022
2026-05-13 00:00:00,0.002726705
2026-05-13 01:00:00,0.0057239461
2026-05-13 02:00:00,0.0005486567
2026-05-13 03:00:00,0.0020091698
2026-05-13 04:00:00,0.0007296075
2026-05-13 05:00:00,-0.0032142624
2026-05-13 06:00:00,-0.0031879252
2026-05-13 07:00:00,0.0020897883
2026-05-13 08:00:00,0.0030352366
2026-05-13 09:00:00,0.0119053346
2026-05-13 10:00:00,-0.0119783646
2026-05-13 11:00:00,-0.0120127081
2026-05-13 12:00:00,-0.0097300875
2026-05-13 13:00:00,-0.0088839493
2026-05-13 14:00:00,0.00079038
2026-05-13 15:00:00,-0.0144378112
2026-05-13 16:00:00,0.0085892897
2026-05-13 17:00:00,-0.0006435372
2026-05-13 18:00:00,0.0020049563
2026-05-13 19:00:00,-0.0031416215
2026-05-13 20:00:00,0.0032927759
2026-05-13 21:00:00,-0.0024969747
2026-05-13 22:00:00,0.0034411726
2026-05-13 23:00:00,-0.000755287
2026-05-14 00:00:00,0.0039965366
2026-05-14 01:00:00,-0.0009788052
2026-05-14 02:00:00,-0.0032066424
2026-05-14 03:00:00,-0.00659643
2026-05-14 04:00:00,0.0064830663
2026-05-14 05:00:00,0.0056525003
2026-05-14 06:00:00,-0.0023324942
2026-05-14 07:00:00,-0.0036223721
2026-05-14 08:00:00,0.0019260188
2026-05-14 09:00:00,-0.0018882181
2026-05-14 10:00:00,0.0003401425
2026-05-14 11:00:00,-0.0023076788
2026-05-14 12:00:00,0.0092739864
2026-05-14 13:00:00,0.001275032
2026-05-14 14:00:00,0.012439639
2026-05-14 15:00:00,-3.70144e-05
2026-05-14 16:00:00,0.0074859758
2026-05-14 17:00:00,0.0005509338
2026-05-14 18:00:00,0.023120529
2026-05-14 19:00:00,-0.0177739019
2026-05-14 20:00:00,-0.0024134286
2026-05-14 21:00:00,0.0015730464
2026-05-14 22:00:00,-0.0055716577
2026-05-14 23:00:00,-0.0059356107
2026-05-15 00:00:00,0.0068174126
2026-05-15 01:00:00,-0.0067804365
2026-05-15 02:00:00,0.0019577791
2026-05-15 03:00:00,-0.0045494133
2026-05-15 04:00:00,-0.0065086236
2026-05-15 05:00:00,-0.0093721398
2026-05-15 06:00:00,0.0069812242
2026-05-15 07:00:00,0.0038823403
2026-05-15 08:00:00,-0.0026114546
2026-05-15 09:00:00,-0.0041925644
2026-05-15 10:00:00,0.0069530391
2026-05-15 11:00:00,-0.0046299836
2026-05-15 12:00:00,-0.0071361805
2026-05-15 13:00:00,-0.0271267827
2026-05-15 14:00:00,0.0047138915
2026-05-15 15:00:00,-0.0044815405
2026-05-15 16:00:00,0.0102853427
2026-05-15 17:00:00,0.0040159929
2026-05-15 18:00:00,0.0003434787
2026-05-15 19:00:00,-0.0044361234
2026-05-15 20:00:00,-0.0011888556
2026-05-15 21:00:00,0.0004987244
2026-05-15 22:00:00,0.0031400807
2026-05-15 23:00:00,-0.0005354138
2026-05-16 00:00:00,0.0002294982
2026-05-16 01:00:00,0.0012231015
2026-05-16 02:00:00,-0.0022562582
2026-05-16 03:00:00,-0.0003446229
2026-05-16 04:00:00,-0.0082681649
2026-05-16 05:00:00,-0.0018552881
2026-05-16 06:00:00,-0.0085087057
2026-05-16 07:00:00,-0.0041053368
2026-05-16 08:00:00,-0.0002742893
2026-05-16 09:00:00,-0.0073949124
2026-05-16 10:00:00,0.0019720761
2026-05-16 11:00:00,0.0006302438
2026-05-16 12:00:00,0.0027133857
2026-05-16 13:00:00,-0.0014934175
2026-05-16 14:00:00,0.0022785317
2026-05-16 15:00:00,0.002782188
2026-05-16 16:00:00,-0.0006654532
2026-05-16 17:00:00,0.0028153612
2026-05-16 18:00:00,-0.0016413306
2026-05-16 19:00:00,-0.0027415519
2026-05-16 20:00:00,0.0008624408
2026-05-16 21:00:00,0.0014487933
2026-05-16 22:00:00,-0.0034492254
2026-05-16 23:00:00,0.0014516923
2026-05-17 00:00:00,-0.0029841392
2026-05-17 01:00:00,-0.0057973463
2026-05-17 02:00:00,0.0017387872
2026-05-17 03:00:00,0.0040192347
2026-05-17 04:00:00,0.0034546417
2026-05-17 05:00:00,0.0006268365
2026-05-17 06:00:00,0.0
2026-05-17 07:00:00,0.0033625305
2026-05-17 08:00:00,-0.0023447586
2026-05-17 09:00:00,0.0035930521
2026-05-17 10:00:00,0.002491922
2026-05-17 11:00:00,-0.0021021496
2026-05-17 12:00:00,-0.0019113379
2026-05-17 13:00:00,-0.0028542961
2026-05-17 14:00:00,-0.0007834228
2026-05-17 15:00:00,-7.8376e-05
2026-05-17 16:00:00,-0.0029042407
2026-05-17 17:00:00,-0.0002358491
2026-05-17 18:00:00,-0.0001965834
2026-05-17 19:00:00,0.0027486569
2026-05-17 20:00:00,-0.0007845599
2026-05-17 21:00:00,0.0027041343
2026-05-17 22:00:00,-0.0062029093
2026-05-17 23:00:00,-0.00703449
2026-05-18 00:00:00,-0.0038941478
2026-05-18 01:00:00,0.0003582589
2026-05-18 02:00:00,0.0017893716
2026-05-18 03:00:00,-0.0068567141
2026-05-18 04:00:00,0.0047488965
2026-05-18 05:00:00,-0.0050689605
2026-05-18 06:00:00,-0.0026444442
2026-05-18 07:00:00,0.0003610181
2026-05-18 08:00:00,0.0018431708
2026-05-18 09:00:00,-0.0023646832
2026-05-18 10:00:00,-0.0043028115
2026-05-18 11:00:00,0.0094258966
2026-05-18 12:00:00,0.0039046986
2026-05-18 13:00:00,-0.0096298668
2026-05-18 14:00:00,-0.0066065339
2026-05-18 15:00:00,0.0035503951
2026-05-18 16:00:00,0.0015292369
2026-05-18 17:00:00,0.0002814466
2026-05-18 18:00:00,-0.0074244783
2026-05-18 19:00:00,0.0148341447
2026-05-18 20:00:00,-0.0033175481
2026-05-18 21:00:00,0.0099594481
2026-05-18 22:00:00,-0.0025799296
2026-05-18 23:00:00,-0.0004770234
2026-05-19 00:00:00,0.0041662594
2026-05-19 01:00:00,-0.0040867397
2026-05-19 02:00:00,-0.0030262028
2026-05-19 03:00:00,0.0030262028
2026-05-19 04:00:00,0.0016287619
2026-05-19 05:00:00,-0.0015890044
2026-05-19 06:00:00,0.0008345421
2026-05-19 07:00:00,0.0027767879
2026-05-19 08:00:00,-0.0043272066
2026-05-19 09:00:00,-0.0031080675
2026-05-19 10:00:00,-0.0029176096
2026-05-19 11:00:00,-0.0057401061
2026-05-19 12:00:00,0.0040175218
2026-05-19 13:00:00,0.002482782
2026-05-19 14:00:00,-0.0079102583
2026-05-19 15:00:00,0.0002015438
2026-05-19 16:00:00,0.0063880011
2026-05-19 17:00:00,-0.0031688119
2026-05-19 18:00:00,-0.0020510353
2026-05-19 19:00:00,-0.0009263549
2026-05-19 20:00:00,0.0037805708
2026-05-19 21:00:00,0.0005217217
2026-05-19 22:00:00,-0.0055925632
2026-05-19 23:00:00,0.0006050217
2026-05-20 00:00:00,0.0
2026-05-20 01:00:00,-0.001008573
2026-05-20 02:00:00,-0.0016966959
2026-05-20 03:00:00,0.0029471751
2026-05-20 04:00:00,0.0012489174
2026-05-20 05:00:00,0.006341328
2026-05-20 06:00:00,0.0003600072
2026-05-20 07:00:00,-0.0048107854
2026-05-20 08:00:00,0.0038905093
2026-05-20 09:00:00,-0.0034485558
2026-05-20 10:00:00,0.0035286135
2026-05-20 11:00:00,-0.0045333357
2026-05-20 12:00:00,0.0037324708
2026-05-20 13:00:00,-0.0057852397
2026-05-20 14:00:00,0.008625412
2026-05-20 15:00:00,-0.0014390792
2026-05-20 16:00:00,-0.0007603498
2026-05-20 17:00:00,0.001040333
2026-05-20 18:00:00,-0.0041276833
2026-05-20 19:00:00,0.0037676905
2026-05-20 20:00:00,0.0013992446
2026-05-20 21:00:00,-0.0031610774
2026-05-20 22:00:00,-0.0017247954
2026-05-20 23:00:00,-0.0001204456
2026-05-21 00:00:00,0.0051661075
2026-05-21 01:00:00,0.0015566069
2026-05-21 02:00:00,0.0019523085
2026-05-21 03:00:00,0.0021073985
2026-05-21 04:00:00,-0.0009935026
2026-05-21 05:00:00,-0.0095480421
2026-05-21 06:00:00,-0.0047479267
2026-05-21 07:00:00,0.0040251222
2026-05-21 08:00:00,0.0028480334
2026-05-21 09:00:00,-0.0035713607
2026-05-21 10:00:00,-0.0091671515
2026-05-21 11:00:00,0.0
2026-05-21 12:00:00,0.0031189899
2026-05-21 13:00:00,-0.0006473016
2026-05-21 14:00:00,-0.000445263
2026-05-21 15:00:00,0.0050884529
2026-05-21 16:00:00,-4.02828e-05
2026-05-21 17:00:00,0.0079045451
