datetime_str,log_return
2025-05-21 18:00:00,0.0038568521
2025-05-21 19:00:00,0.0154091682
2025-05-21 20:00:00,-0.0036407751
2025-05-21 21:00:00,0.001642294
2025-05-21 22:00:00,0.0029180975
2025-05-21 23:00:00,0.0081566595
2025-05-22 00:00:00,0.0023131083
2025-05-22 01:00:00,-0.0001546474
2025-05-22 02:00:00,0.0049912077
2025-05-22 03:00:00,0.0115650884
2025-05-22 04:00:00,-0.0022933735
2025-05-22 05:00:00,-0.0057655711
2025-05-22 06:00:00,-0.0027731752
2025-05-22 07:00:00,0.0045216479
2025-05-22 08:00:00,-0.0057707317
2025-05-22 09:00:00,0.0036974635
2025-05-22 10:00:00,-0.0001353626
2025-05-22 11:00:00,0.0015600698
2025-05-22 12:00:00,0.0056696574
2025-05-22 13:00:00,-0.0058679128
2025-05-22 14:00:00,-0.0004507266
2025-05-22 15:00:00,0.0037169244
2025-05-22 16:00:00,-0.0001617091
2025-05-22 17:00:00,0.0021001812
2025-05-22 18:00:00,0.0020331491
2025-05-22 19:00:00,-0.0051491018
2025-05-22 20:00:00,-0.0007917586
2025-05-22 21:00:00,-0.002198615
2025-05-22 22:00:00,0.0017394679
2025-05-22 23:00:00,0.0062210414
2025-05-23 00:00:00,-0.0010744698
2025-05-23 01:00:00,-0.0024487282
2025-05-23 02:00:00,-0.0005479723
2025-05-23 03:00:00,-0.0016007198
2025-05-23 04:00:00,-0.0023698081
2025-05-23 05:00:00,0.0
2025-05-23 06:00:00,-0.0029543453
2025-05-23 07:00:00,0.0017086217
2025-05-23 08:00:00,0.0020122456
2025-05-23 09:00:00,0.0035274357
2025-05-23 10:00:00,-0.0023382357
2025-05-23 11:00:00,-0.0179515527
2025-05-23 12:00:00,-0.0061053731
2025-05-23 13:00:00,0.0113350993
2025-05-23 14:00:00,0.0007930395
2025-05-23 15:00:00,-0.0072335196
2025-05-23 16:00:00,0.001073242
2025-05-23 17:00:00,0.003523499
2025-05-23 18:00:00,-0.0058457194
2025-05-23 19:00:00,-0.0005239332
2025-05-23 20:00:00,-0.0041552136
2025-05-23 21:00:00,-0.0001939013
2025-05-23 22:00:00,-0.0043495631
2025-05-23 23:00:00,-0.0045828359
2025-05-24 00:00:00,0.0005961197
2025-05-24 01:00:00,0.0010702604
2025-05-24 02:00:00,0.0028700821
2025-05-24 03:00:00,0.0053097142
2025-05-24 04:00:00,0.0010788433
2025-05-24 05:00:00,-0.0022512142
2025-05-24 06:00:00,-0.002635925
2025-05-24 07:00:00,-0.0030236723
2025-05-24 08:00:00,0.0056503605
2025-05-24 09:00:00,-0.0005451177
2025-05-24 10:00:00,0.0083290483
2025-05-24 11:00:00,0.0010900581
2025-05-24 12:00:00,-0.0036963533
2025-05-24 13:00:00,-0.001857916
2025-05-24 14:00:00,0.0033637883
2025-05-24 15:00:00,-0.0002294073
2025-05-24 16:00:00,0.0005413167
2025-05-24 17:00:00,-0.0006330943
2025-05-24 18:00:00,-0.0009090534
2025-05-24 19:00:00,0.0013219865
2025-05-24 20:00:00,-0.0008719477
2025-05-24 21:00:00,-0.0004775988
2025-05-24 22:00:00,-0.0066364584
2025-05-24 23:00:00,-0.003084321
2025-05-25 00:00:00,-0.0031590025
2025-05-25 01:00:00,0.0021844928
2025-05-25 02:00:00,0.0024854411
2025-05-25 03:00:00,0.0015918854
2025-05-25 04:00:00,0.0014046763
2025-05-25 05:00:00,-0.0013676859
2025-05-25 06:00:00,-0.0021199099
2025-05-25 07:00:00,-0.001845849
2025-05-25 08:00:00,-0.005334041
2025-05-25 09:00:00,-9.3339e-06
2025-05-25 10:00:00,-0.0014384594
2025-05-25 11:00:00,0.0029494141
2025-05-25 12:00:00,0.0024760091
2025-05-25 13:00:00,0.0
2025-05-25 14:00:00,-0.0015910162
2025-05-25 15:00:00,-0.0036661686
2025-05-25 16:00:00,0.0020819434
2025-05-25 17:00:00,0.0016400932
2025-05-25 18:00:00,0.0005585084
2025-05-25 19:00:00,0.0026857879
2025-05-25 20:00:00,-0.0004362982
2025-05-25 21:00:00,-0.0017750027
2025-05-25 22:00:00,0.015789486
2025-05-25 23:00:00,-0.0014018116
2025-05-26 00:00:00,0.0052033679
2025-05-26 01:00:00,-0.0002919149
2025-05-26 02:00:00,-0.0015339527
2025-05-26 03:00:00,0.002199759
2025-05-26 04:00:00,-0.0008209208
2025-05-26 05:00:00,0.0011399858
2025-05-26 06:00:00,0.0026125005
2025-05-26 07:00:00,0.0013263927
2025-05-26 08:00:00,-0.0038659783
2025-05-26 09:00:00,0.0004464876
2025-05-26 10:00:00,-0.0006743642
2025-05-26 11:00:00,0.0009931618
2025-05-26 12:00:00,0.0007738001
2025-05-26 13:00:00,-0.0022593527
2025-05-26 14:00:00,0.0004468092
2025-05-26 15:00:00,0.0036853905
2025-05-26 16:00:00,-0.0063692452
2025-05-26 17:00:00,-0.0018390347
2025-05-26 18:00:00,-0.0005496217
2025-05-26 19:00:00,0.0003572885
2025-05-26 20:00:00,0.0039400182
2025-05-26 21:00:00,-0.0020549172
2025-05-26 22:00:00,-0.0013906045
2025-05-26 23:00:00,0.0021856733
2025-05-27 00:00:00,-0.0026160545
2025-05-27 01:00:00,-0.0069483019
2025-05-27 02:00:00,-0.0010981255
2025-05-27 03:00:00,0.0056714234
2025-05-27 04:00:00,0.0005231686
2025-05-27 05:00:00,-0.0003303904
2025-05-27 06:00:00,-0.000734592
2025-05-27 07:00:00,0.0061356066
2025-05-27 08:00:00,0.0018151391
2025-05-27 09:00:00,0.0012112989
2025-05-27 10:00:00,-0.0012386384
2025-05-27 11:00:00,-0.0011033151
2025-05-27 12:00:00,0.0003283863
2025-05-27 13:00:00,0.0022774903
2025-05-27 14:00:00,-0.0043316758
2025-05-27 15:00:00,0.0069943092
2025-05-27 16:00:00,0.0006804233
2025-05-27 17:00:00,0.0002901731
2025-05-27 18:00:00,-0.0031692582
2025-05-27 19:00:00,-9.09579e-05
2025-05-27 20:00:00,-0.0029515207
2025-05-27 21:00:00,-0.0058375359
2025-05-27 22:00:00,0.001265556
2025-05-27 23:00:00,-0.0012104985
2025-05-28 00:00:00,0.0024927613
2025-05-28 01:00:00,-0.0048445795
2025-05-28 02:00:00,-0.0004415823
2025-05-28 03:00:00,0.0021876014
2025-05-28 04:00:00,0.0008810412
2025-05-28 05:00:00,0.0004493991
2025-05-28 06:00:00,-0.0026258783
2025-05-28 07:00:00,0.0009097384
2025-05-28 08:00:00,0.0020370157
2025-05-28 09:00:00,-0.0022391082
2025-05-28 10:00:00,0.000468425
2025-05-28 11:00:00,0.0001377303
2025-05-28 12:00:00,0.0002754037
2025-05-28 13:00:00,-0.0076013763
2025-05-28 14:00:00,-0.0052021389
2025-05-28 15:00:00,-0.0036418037
2025-05-28 16:00:00,0.0025162169
2025-05-28 17:00:00,0.0025934565
2025-05-28 18:00:00,-0.0019700412
2025-05-28 19:00:00,-0.0049328019
2025-05-28 20:00:00,0.0032570735
2025-05-28 21:00:00,0.0017873439
2025-05-28 22:00:00,-0.0008374197
2025-05-28 23:00:00,0.0035588384
2025-05-29 00:00:00,0.0045531604
2025-05-29 01:00:00,-0.0011271042
2025-05-29 02:00:00,0.0026678868
2025-05-29 03:00:00,-0.0035371787
2025-05-29 04:00:00,-0.004450757
2025-05-29 05:00:00,0.0009660131
2025-05-29 06:00:00,0.0020496847
2025-05-29 07:00:00,-0.000157519
2025-05-29 08:00:00,0.0057472485
2025-05-29 09:00:00,0.0005342373
2025-05-29 10:00:00,0.0019594952
2025-05-29 11:00:00,0.0001102799
2025-05-29 12:00:00,-0.0031293169
2025-05-29 13:00:00,-0.0076713111
2025-05-29 14:00:00,-0.0001950939
2025-05-29 15:00:00,-0.0055809071
2025-05-29 16:00:00,-0.0024415239
2025-05-29 17:00:00,-0.0044022955
2025-05-29 18:00:00,-0.0043178286
2025-05-29 19:00:00,-0.0009830705
2025-05-29 20:00:00,0.0041902271
2025-05-29 21:00:00,0.0025395525
2025-05-29 22:00:00,-0.0046230339
2025-05-29 23:00:00,-0.003630523
2025-05-30 00:00:00,-0.006127965
2025-05-30 01:00:00,0.0071598445
2025-05-30 02:00:00,0.003155292
2025-05-30 03:00:00,0.0001414714
2025-05-30 04:00:00,0.0009708967
2025-05-30 05:00:00,-0.0002449918
2025-05-30 06:00:00,-0.0034267461
2025-05-30 07:00:00,-0.00665091
2025-05-30 08:00:00,0.0014078748
2025-05-30 09:00:00,0.0045524894
2025-05-30 10:00:00,0.0026366414
2025-05-30 11:00:00,-0.0004531209
2025-05-30 12:00:00,-0.0018334583
2025-05-30 13:00:00,-0.0019695111
2025-05-30 14:00:00,-0.0012139377
2025-05-30 15:00:00,0.0016593108
2025-05-30 16:00:00,-0.0157458005
2025-05-30 17:00:00,0.0027487595
2025-05-30 18:00:00,0.0070010615
2025-05-30 19:00:00,-0.0027677848
2025-05-30 20:00:00,-0.0002963204
2025-05-30 21:00:00,0.0004110015
2025-05-30 22:00:00,-0.0058655692
2025-05-30 23:00:00,1.92247e-05
2025-05-31 00:00:00,-0.0003749477
2025-05-31 01:00:00,-0.0043075477
2025-05-31 02:00:00,-0.0031242015
2025-05-31 03:00:00,0.0046585436
2025-05-31 04:00:00,0.0013297874
2025-05-31 05:00:00,-0.0025841053
2025-05-31 06:00:00,0.003103976
2025-05-31 07:00:00,-0.0010207423
2025-05-31 08:00:00,-0.0009639205
2025-05-31 09:00:00,-0.0009358915
2025-05-31 10:00:00,-0.0015649909
2025-05-31 11:00:00,0.000966333
2025-05-31 12:00:00,0.0050387647
2025-05-31 13:00:00,0.0011621487
2025-05-31 14:00:00,0.0042337634
2025-05-31 15:00:00,-9.55886e-05
2025-05-31 16:00:00,-0.0005832883
2025-05-31 17:00:00,-0.0013878721
2025-05-31 18:00:00,0.001426131
2025-05-31 19:00:00,0.0019874454
2025-05-31 20:00:00,0.0007156591
2025-05-31 21:00:00,0.0004768217
2025-05-31 22:00:00,-0.0018799958
2025-05-31 23:00:00,-0.0004108248
2025-06-01 00:00:00,-0.001319602
2025-06-01 01:00:00,-0.0030282726
2025-06-01 02:00:00,0.0005469174
2025-06-01 03:00:00,0.0017251463
2025-06-01 04:00:00,0.0025439466
2025-06-01 05:00:00,-0.0010321003
2025-06-01 06:00:00,-0.0026136797
2025-06-01 07:00:00,0.0002108795
2025-06-01 08:00:00,0.0010537308
2025-06-01 09:00:00,-0.004269677
2025-06-01 10:00:00,-0.0001634733
2025-06-01 11:00:00,0.0013646631
2025-06-01 12:00:00,-0.0010377432
2025-06-01 13:00:00,0.0027457511
2025-06-01 14:00:00,0.0034550614
2025-06-01 15:00:00,0.0008881547
2025-06-01 16:00:00,0.00324032
2025-06-01 17:00:00,0.0002473576
2025-06-01 18:00:00,-0.0018566748
2025-06-01 19:00:00,0.0023321905
2025-06-01 20:00:00,-0.0015700607
2025-06-01 21:00:00,0.0050534422
2025-06-01 22:00:00,0.000255792
2025-06-01 23:00:00,0.0012969004
2025-06-02 00:00:00,-0.0021497951
2025-06-02 01:00:00,-0.0002654934
2025-06-02 02:00:00,-0.003562526
2025-06-02 03:00:00,-0.0016668655
2025-06-02 04:00:00,-0.0012114103
2025-06-02 05:00:00,0.0010588724
2025-06-02 06:00:00,0.0032079226
2025-06-02 07:00:00,0.0018325545
2025-06-02 08:00:00,-0.0003225898
2025-06-02 09:00:00,-0.0071521049
2025-06-02 10:00:00,-0.0019420733
2025-06-02 11:00:00,-0.0033572851
2025-06-02 12:00:00,0.0016224964
2025-06-02 13:00:00,-0.0041430615
2025-06-02 14:00:00,0.0038744274
2025-06-02 15:00:00,0.0025299729
2025-06-02 16:00:00,-0.0013791917
2025-06-02 17:00:00,0.0010632949
2025-06-02 18:00:00,-0.0006704146
2025-06-02 19:00:00,0.0008427343
2025-06-02 20:00:00,0.004555686
2025-06-02 21:00:00,0.0005715756
2025-06-02 22:00:00,0.0067862505
2025-06-02 23:00:00,0.0017672942
2025-06-03 00:00:00,0.0043341096
2025-06-03 01:00:00,0.0017002414
2025-06-03 02:00:00,-0.008113845
2025-06-03 03:00:00,-0.0013729438
2025-06-03 04:00:00,-0.0031221704
2025-06-03 05:00:00,0.0027999658
2025-06-03 06:00:00,-0.0001990606
2025-06-03 07:00:00,-0.0022587941
2025-06-03 08:00:00,-0.0009315767
2025-06-03 09:00:00,0.0009410781
2025-06-03 10:00:00,0.000873744
2025-06-03 11:00:00,0.0002752611
2025-06-03 12:00:00,0.0001708136
2025-06-03 13:00:00,0.0010906212
2025-06-03 14:00:00,0.0107381431
2025-06-03 15:00:00,0.0005156161
2025-06-03 16:00:00,-0.0074884167
2025-06-03 17:00:00,0.001132503
2025-06-03 18:00:00,0.0006034776
2025-06-03 19:00:00,0.0020810878
2025-06-03 20:00:00,-0.0046578372
2025-06-03 21:00:00,-0.0031710449
2025-06-03 22:00:00,0.0032277482
2025-06-03 23:00:00,-0.0034363482
2025-06-04 00:00:00,0.0007962388
2025-06-04 01:00:00,0.0010606664
2025-06-04 02:00:00,-0.0009753927
2025-06-04 03:00:00,0.0003410221
2025-06-04 04:00:00,-0.0008812118
2025-06-04 05:00:00,-0.0004835751
2025-06-04 06:00:00,-0.000702074
2025-06-04 07:00:00,0.0002277537
2025-06-04 08:00:00,0.0010906006
2025-06-04 09:00:00,0.003585844
2025-06-04 10:00:00,-0.0012096128
2025-06-04 11:00:00,-0.0057467063
2025-06-04 12:00:00,-0.0004090271
2025-06-04 13:00:00,-0.0029442192
2025-06-04 14:00:00,0.0025540607
2025-06-04 15:00:00,0.0027374101
2025-06-04 16:00:00,0.0014606851
2025-06-04 17:00:00,-0.0038459942
2025-06-04 18:00:00,-0.0009233391
2025-06-04 19:00:00,-0.0001523853
2025-06-04 20:00:00,-0.0029379522
2025-06-04 21:00:00,0.0028426996
2025-06-04 22:00:00,-0.0013535671
2025-06-04 23:00:00,-0.000877938
2025-06-05 00:00:00,0.002850485
2025-06-05 01:00:00,-0.0019916244
2025-06-05 02:00:00,0.0022105563
2025-06-05 03:00:00,0.0002664611
2025-06-05 04:00:00,0.0012362116
2025-06-05 05:00:00,-0.0049922457
2025-06-05 06:00:00,-0.0019215975
2025-06-05 07:00:00,0.0005166129
2025-06-05 08:00:00,0.0016532799
2025-06-05 09:00:00,0.0020699103
2025-06-05 10:00:00,-0.0022036001
2025-06-05 11:00:00,0.0016317031
2025-06-05 12:00:00,0.0077309937
2025-06-05 13:00:00,-0.0108344658
2025-06-05 14:00:00,0.0012043358
2025-06-05 15:00:00,-0.0011278269
2025-06-05 16:00:00,-0.0120938374
2025-06-05 17:00:00,-0.000580945
2025-06-05 18:00:00,-0.0022009676
2025-06-05 19:00:00,-0.010734638
2025-06-05 20:00:00,-0.0139703505
2025-06-05 21:00:00,0.0110226117
2025-06-05 22:00:00,-0.0007973815
2025-06-05 23:00:00,0.0001674044
2025-06-06 00:00:00,0.0037346848
2025-06-06 01:00:00,-0.0005494991
2025-06-06 02:00:00,0.0034685514
2025-06-06 03:00:00,0.0030373342
2025-06-06 04:00:00,0.0029892478
2025-06-06 05:00:00,0.0016417414
2025-06-06 06:00:00,0.0021622049
2025-06-06 07:00:00,-0.0004843929
2025-06-06 08:00:00,0.0037720565
2025-06-06 09:00:00,0.0012156297
2025-06-06 10:00:00,0.0002506604
2025-06-06 11:00:00,0.0025127697
2025-06-06 12:00:00,-0.001212273
2025-06-06 13:00:00,0.0029607435
2025-06-06 14:00:00,0.006696539
2025-06-06 15:00:00,0.0028277519
2025-06-06 16:00:00,-0.0031329033
2025-06-06 17:00:00,0.0015533947
2025-06-06 18:00:00,-0.0041222612
2025-06-06 19:00:00,-0.0028055881
2025-06-06 20:00:00,0.002652585
2025-06-06 21:00:00,-0.0008132221
2025-06-06 22:00:00,0.0008610381
2025-06-06 23:00:00,-0.0016940802
2025-06-07 00:00:00,0.0019331259
2025-06-07 01:00:00,-0.000411194
2025-06-07 02:00:00,0.0007839913
2025-06-07 03:00:00,0.0030345562
2025-06-07 04:00:00,-0.0003907311
2025-06-07 05:00:00,0.0006193809
2025-06-07 06:00:00,0.004106782
2025-06-07 07:00:00,-0.0042973198
2025-06-07 08:00:00,-0.0011439904
2025-06-07 09:00:00,0.0007532742
2025-06-07 10:00:00,0.0029694229
2025-06-07 11:00:00,-3.80138e-05
2025-06-07 12:00:00,0.0028186008
2025-06-07 13:00:00,0.0015056892
2025-06-07 14:00:00,-0.001771077
2025-06-07 15:00:00,0.001259965
2025-06-07 16:00:00,-0.0020850124
2025-06-07 17:00:00,0.0005216608
2025-06-07 18:00:00,0.0019041219
2025-06-07 19:00:00,0.0011634232
2025-06-07 20:00:00,0.0013131358
2025-06-07 21:00:00,-0.0009350783
2025-06-07 22:00:00,0.0005762627
2025-06-07 23:00:00,-0.0025153202
2025-06-08 00:00:00,-0.000776677
2025-06-08 01:00:00,0.0020162156
2025-06-08 02:00:00,-0.0022531274
2025-06-08 03:00:00,0.0002179609
2025-06-08 04:00:00,0.0012973057
2025-06-08 05:00:00,-0.0018375568
2025-06-08 06:00:00,0.0001801161
2025-06-08 07:00:00,-6.63548e-05
2025-06-08 08:00:00,-0.0005879062
2025-06-08 09:00:00,-0.0021649552
2025-06-08 10:00:00,0.0018898481
2025-06-08 11:00:00,0.0030976934
2025-06-08 12:00:00,0.0001891503
2025-06-08 13:00:00,-0.0008419938
2025-06-08 14:00:00,0.0021461569
2025-06-08 15:00:00,0.0015193771
2025-06-08 16:00:00,0.0019689218
2025-06-08 17:00:00,-0.0009415842
2025-06-08 18:00:00,0.0020045085
2025-06-08 19:00:00,-9.40185e-05
2025-06-08 20:00:00,-0.0013925089
2025-06-08 21:00:00,0.0016275387
2025-06-08 22:00:00,-0.0051929075
2025-06-08 23:00:00,-0.00036858
2025-06-09 00:00:00,-0.0002552504
2025-06-09 01:00:00,-0.0017506924
2025-06-09 02:00:00,0.0003125104
2025-06-09 03:00:00,0.00101262
2025-06-09 04:00:00,-0.0020357446
2025-06-09 05:00:00,-0.0006731804
2025-06-09 06:00:00,0.0029264571
2025-06-09 07:00:00,-0.0010407994
2025-06-09 08:00:00,0.0033173169
2025-06-09 09:00:00,0.006508064
2025-06-09 10:00:00,0.0051798569
2025-06-09 11:00:00,0.0049304719
2025-06-09 12:00:00,0.0005566379
2025-06-09 13:00:00,-0.0068589353
2025-06-09 14:00:00,0.0054574715
2025-06-09 15:00:00,0.0002507371
2025-06-09 16:00:00,0.0007518344
2025-06-09 17:00:00,0.0058099358
2025-06-09 18:00:00,0.0010141989
2025-06-09 19:00:00,0.0011788653
2025-06-09 20:00:00,0.0010947311
2025-06-09 21:00:00,0.011545604
2025-06-09 22:00:00,0.0018342631
2025-06-09 23:00:00,0.0007255117
2025-06-10 00:00:00,-0.0030779731
2025-06-10 01:00:00,-0.0013558584
2025-06-10 02:00:00,-0.0011115364
2025-06-10 03:00:00,-0.0008390257
2025-06-10 04:00:00,-0.0002098665
2025-06-10 05:00:00,-0.0020919459
2025-06-10 06:00:00,0.0017359846
2025-06-10 07:00:00,-0.0025318899
2025-06-10 08:00:00,-0.0012546076
2025-06-10 09:00:00,0.0037499815
2025-06-10 10:00:00,-0.0017909198
2025-06-10 11:00:00,0.0020830105
2025-06-10 12:00:00,0.0013133535
2025-06-10 13:00:00,-0.0036341762
2025-06-10 14:00:00,-0.0060833968
2025-06-10 15:00:00,0.0035004101
2025-06-10 16:00:00,-0.002598871
2025-06-10 17:00:00,-8.27605e-05
2025-06-10 18:00:00,0.0051365421
2025-06-10 19:00:00,0.0023850112
2025-06-10 20:00:00,0.0037351208
2025-06-10 21:00:00,-0.0007914092
2025-06-10 22:00:00,-0.0013386334
2025-06-10 23:00:00,0.0050174625
2025-06-11 00:00:00,-0.0042340989
2025-06-11 01:00:00,-0.0016220604
2025-06-11 02:00:00,0.0005014794
2025-06-11 03:00:00,0.0003463298
2025-06-11 04:00:00,-0.0013495402
2025-06-11 05:00:00,-0.0008580871
2025-06-11 06:00:00,0.0010223176
2025-06-11 07:00:00,-0.0013968204
2025-06-11 08:00:00,0.0010957104
2025-06-11 09:00:00,-0.0027506814
2025-06-11 10:00:00,0.0008323996
2025-06-11 11:00:00,-0.0009788272
2025-06-11 12:00:00,0.0041739223
2025-06-11 13:00:00,-0.0002096503
2025-06-11 14:00:00,0.0017942779
2025-06-11 15:00:00,-0.0012201231
2025-06-11 16:00:00,-0.0026365381
2025-06-11 17:00:00,-0.0041926096
2025-06-11 18:00:00,-0.0016433857
2025-06-11 19:00:00,-0.0005238802
2025-06-11 20:00:00,0.0015432811
2025-06-11 21:00:00,-0.003733681
2025-06-11 22:00:00,-0.0008295543
2025-06-11 23:00:00,0.0021278074
2025-06-12 00:00:00,0.0004139815
2025-06-12 01:00:00,-0.001629317
2025-06-12 02:00:00,-0.0012444864
2025-06-12 03:00:00,-0.0047710279
2025-06-12 04:00:00,-0.0009736422
2025-06-12 05:00:00,-0.0002134006
2025-06-12 06:00:00,0.001585499
2025-06-12 07:00:00,-0.002783243
2025-06-12 08:00:00,0.0010028601
2025-06-12 09:00:00,-0.0020253266
2025-06-12 10:00:00,-0.0015822346
2025-06-12 11:00:00,-0.0040226855
2025-06-12 12:00:00,0.00067313
2025-06-12 13:00:00,0.0002616505
2025-06-12 14:00:00,0.0055439487
2025-06-12 15:00:00,-0.0055159188
2025-06-12 16:00:00,0.0067602429
2025-06-12 17:00:00,0.0052942498
2025-06-12 18:00:00,-0.0067987776
2025-06-12 19:00:00,-0.0069201847
2025-06-12 20:00:00,-0.0076660403
2025-06-12 21:00:00,-0.0006131873
2025-06-12 22:00:00,-0.0002453802
2025-06-12 23:00:00,-0.0020219588
2025-06-13 00:00:00,-0.0168630661
2025-06-13 01:00:00,-0.0011645534
2025-06-13 02:00:00,-0.0012912553
2025-06-13 03:00:00,0.0064875691
2025-06-13 04:00:00,0.0009479808
2025-06-13 05:00:00,-0.00382615
2025-06-13 06:00:00,0.0065215437
2025-06-13 07:00:00,0.0017738448
2025-06-13 08:00:00,-0.0015352417
2025-06-13 09:00:00,0.000906173
2025-06-13 10:00:00,0.0003908317
2025-06-13 11:00:00,0.0015808323
2025-06-13 12:00:00,-0.0017714628
2025-06-13 13:00:00,-0.0013163419
2025-06-13 14:00:00,0.0023453152
2025-06-13 15:00:00,0.0046647149
2025-06-13 16:00:00,0.0032457883
2025-06-13 17:00:00,-0.0036439567
2025-06-13 18:00:00,-0.0020692346
2025-06-13 19:00:00,-0.0008174828
2025-06-13 20:00:00,0.0030858214
2025-06-13 21:00:00,0.0018090809
2025-06-13 22:00:00,0.0012483452
2025-06-13 23:00:00,0.0029444539
2025-06-14 00:00:00,-0.0024058772
2025-06-14 01:00:00,-0.0029989285
2025-06-14 02:00:00,-0.0011945054
2025-06-14 03:00:00,-0.0011674427
2025-06-14 04:00:00,0.0012622969
2025-06-14 05:00:00,-0.0007780699
2025-06-14 06:00:00,-0.0016530343
2025-06-14 07:00:00,-0.0004184419
2025-06-14 08:00:00,0.0001712019
2025-06-14 09:00:00,-0.002218383
2025-06-14 10:00:00,0.001295448
2025-06-14 11:00:00,0.0009134245
2025-06-14 12:00:00,-0.0005803085
2025-06-14 13:00:00,-0.0001332331
2025-06-14 14:00:00,-0.0007997715
2025-06-14 15:00:00,-0.0009815461
2025-06-14 16:00:00,-0.0035721828
2025-06-14 17:00:00,0.001376897
2025-06-14 18:00:00,0.0026718848
2025-06-14 19:00:00,-0.0022897496
2025-06-14 20:00:00,0.0022802199
2025-06-14 21:00:00,0.0043741274
2025-06-14 22:00:00,0.0008061725
2025-06-14 23:00:00,-0.0001422185
2025-06-15 00:00:00,0.0022163088
2025-06-15 01:00:00,-0.0021404564
2025-06-15 02:00:00,0.0006634631
2025-06-15 03:00:00,-0.0001231813
2025-06-15 04:00:00,0.00081461
2025-06-15 05:00:00,0.0047324287
2025-06-15 06:00:00,-0.005765012
2025-06-15 07:00:00,-0.0003507525
2025-06-15 08:00:00,-0.0021261054
2025-06-15 09:00:00,-0.0027116403
2025-06-15 10:00:00,0.0018846558
2025-06-15 11:00:00,-0.0014464897
2025-06-15 12:00:00,0.0029193769
2025-06-15 13:00:00,0.0023047495
2025-06-15 14:00:00,0.0012970477
2025-06-15 15:00:00,-0.000861355
2025-06-15 16:00:00,-8.52293e-05
2025-06-15 17:00:00,0.0011925495
2025-06-15 18:00:00,-0.0019220306
2025-06-15 19:00:00,-0.0018972458
2025-06-15 20:00:00,-0.0054174356
2025-06-15 21:00:00,0.0007062147
2025-06-15 22:00:00,0.0043313394
2025-06-15 23:00:00,0.0032338702
2025-06-16 00:00:00,-0.0015350215
2025-06-16 01:00:00,0.0035024648
2025-06-16 02:00:00,-0.0002268152
2025-06-16 03:00:00,0.0012657273
2025-06-16 04:00:00,0.0044174717
2025-06-16 05:00:00,0.0017371467
2025-06-16 06:00:00,0.0001594784
2025-06-16 07:00:00,0.0044084065
2025-06-16 08:00:00,0.0010734172
2025-06-16 09:00:00,-0.0021573369
2025-06-16 10:00:00,-0.0011599736
2025-06-16 11:00:00,0.0005053152
2025-06-16 12:00:00,-0.0016853779
2025-06-16 13:00:00,0.0044507268
2025-06-16 14:00:00,0.0035854182
2025-06-16 15:00:00,-0.0010137885
2025-06-16 16:00:00,0.0032145407
2025-06-16 17:00:00,-0.0001576987
2025-06-16 18:00:00,0.0046924761
2025-06-16 19:00:00,0.0035946727
2025-06-16 20:00:00,0.0013607571
2025-06-16 21:00:00,-0.0026404538
2025-06-16 22:00:00,-0.0073322043
2025-06-16 23:00:00,-0.0086492668
2025-06-17 00:00:00,0.0042687406
2025-06-17 01:00:00,-0.0007739325
2025-06-17 02:00:00,0.0030084455
2025-06-17 03:00:00,0.0007623156
2025-06-17 04:00:00,-0.00226075
2025-06-17 05:00:00,-0.0020231881
2025-06-17 06:00:00,-0.0026353431
2025-06-17 07:00:00,-0.0005522457
2025-06-17 08:00:00,-0.0019868611
2025-06-17 09:00:00,-0.0036936653
2025-06-17 10:00:00,-0.0021680327
2025-06-17 11:00:00,-0.0027592481
2025-06-17 12:00:00,-0.0012403601
2025-06-17 13:00:00,-0.001725806
2025-06-17 14:00:00,-0.0046135854
2025-06-17 15:00:00,-0.0059001735
2025-06-17 16:00:00,-0.0060123795
2025-06-17 17:00:00,0.0018604836
2025-06-17 18:00:00,0.0058193296
2025-06-17 19:00:00,0.0025914554
2025-06-17 20:00:00,-0.0033673286
2025-06-17 21:00:00,0.002115471
2025-06-17 22:00:00,-0.0030741703
2025-06-17 23:00:00,0.0031219799
2025-06-18 00:00:00,0.0025974041
2025-06-18 01:00:00,-0.0005246665
2025-06-18 02:00:00,0.0008107322
2025-06-18 03:00:00,0.0029797485
2025-06-18 04:00:00,0.0025632763
2025-06-18 05:00:00,-0.0002939684
2025-06-18 06:00:00,-0.0039818163
2025-06-18 07:00:00,-0.0002761786
2025-06-18 08:00:00,-0.0001714596
2025-06-18 09:00:00,-0.0026231838
2025-06-18 10:00:00,-0.0036361241
2025-06-18 11:00:00,0.0051059546
2025-06-18 12:00:00,-0.0029609558
2025-06-18 13:00:00,-0.0008517032
2025-06-18 14:00:00,0.0018555898
2025-06-18 15:00:00,0.0018712294
2025-06-18 16:00:00,-0.0036023679
2025-06-18 17:00:00,-0.0012164578
2025-06-18 18:00:00,-0.0062203067
2025-06-18 19:00:00,0.0011951463
2025-06-18 20:00:00,0.0098058326
2025-06-18 21:00:00,0.0027528415
2025-06-18 22:00:00,-0.0027623801
2025-06-18 23:00:00,0.0008104539
2025-06-19 00:00:00,0.0005431132
2025-06-19 01:00:00,-0.0033491279
2025-06-19 02:00:00,0.0010889813
2025-06-19 03:00:00,0.0035643187
2025-06-19 04:00:00,-0.000180769
2025-06-19 05:00:00,-0.0016569854
2025-06-19 06:00:00,-0.0018124933
2025-06-19 07:00:00,-0.0006399267
2025-06-19 08:00:00,0.000954964
2025-06-19 09:00:00,0.0024976895
2025-06-19 10:00:00,-0.0008572817
2025-06-19 11:00:00,-0.0012014304
2025-06-19 12:00:00,-0.0002958114
2025-06-19 13:00:00,-0.0045531582
2025-06-19 14:00:00,-0.0012279239
2025-06-19 15:00:00,-0.0004608605
2025-06-19 16:00:00,-0.0010184866
2025-06-19 17:00:00,0.0049864415
2025-06-19 18:00:00,-0.001177242
2025-06-19 19:00:00,-0.0013608182
2025-06-19 20:00:00,9.58929e-05
2025-06-19 21:00:00,0.000603914
2025-06-19 22:00:00,0.0025745213
2025-06-19 23:00:00,0.0006497602
2025-06-20 00:00:00,0.0002960742
2025-06-20 01:00:00,0.0008113668
2025-06-20 02:00:00,-0.0015087136
2025-06-20 03:00:00,-0.0002962807
2025-06-20 04:00:00,-0.0032553047
2025-06-20 05:00:00,0.0030641093
2025-06-20 06:00:00,0.0013853395
2025-06-20 07:00:00,0.0102584486
2025-06-20 08:00:00,0.0015863427
2025-06-20 09:00:00,-0.0001792816
2025-06-20 10:00:00,0.0001698466
2025-06-20 11:00:00,8.49125e-05
2025-06-20 12:00:00,-7.54774e-05
2025-06-20 13:00:00,-0.0029291452
2025-06-20 14:00:00,-0.0167561172
2025-06-20 15:00:00,0.0031128729
2025-06-20 16:00:00,-0.0053767449
2025-06-20 17:00:00,-0.0039523642
2025-06-20 18:00:00,-0.0010462684
2025-06-20 19:00:00,0.0020043871
2025-06-20 20:00:00,0.0032256846
2025-06-20 21:00:00,-0.0014570299
2025-06-20 22:00:00,-0.0041705231
2025-06-20 23:00:00,0.001811621
2025-06-21 00:00:00,-0.0002226428
2025-06-21 01:00:00,0.0023304511
2025-06-21 02:00:00,-0.0001062509
2025-06-21 03:00:00,0.0003090623
2025-06-21 04:00:00,-0.0013528533
2025-06-21 05:00:00,0.0004060482
2025-06-21 06:00:00,0.0016707958
2025-06-21 07:00:00,-0.0012938986
2025-06-21 08:00:00,0.0033471785
2025-06-21 09:00:00,0.0002888559
2025-06-21 10:00:00,-0.0001540461
2025-06-21 11:00:00,0.0003754458
2025-06-21 12:00:00,-0.0005969287
2025-06-21 13:00:00,-0.0022754455
2025-06-21 14:00:00,-0.0002316915
2025-06-21 15:00:00,0.000318562
2025-06-21 16:00:00,-0.0007241514
2025-06-21 17:00:00,-0.0030374872
2025-06-21 18:00:00,-0.0050311395
2025-06-21 19:00:00,-0.0041370756
2025-06-21 20:00:00,0.0051589486
2025-06-21 21:00:00,-0.0130018182
2025-06-21 22:00:00,0.0033449125
2025-06-21 23:00:00,0.0031575464
2025-06-22 00:00:00,0.0072480697
2025-06-22 01:00:00,-0.004334725
2025-06-22 02:00:00,-0.0004491573
2025-06-22 03:00:00,0.0002636603
2025-06-22 04:00:00,0.0018144399
2025-06-22 05:00:00,0.0030945015
2025-06-22 06:00:00,-0.0013222628
2025-06-22 07:00:00,-0.0029912574
2025-06-22 08:00:00,0.0024170845
2025-06-22 09:00:00,-0.0047617744
2025-06-22 10:00:00,0.0026959197
2025-06-22 11:00:00,0.0024940827
2025-06-22 12:00:00,0.0001654026
2025-06-22 13:00:00,-0.0184594041
2025-06-22 14:00:00,-0.0123745814
2025-06-22 15:00:00,-0.0069168197
2025-06-22 16:00:00,0.0071876851
2025-06-22 17:00:00,-0.0017569139
2025-06-22 18:00:00,-0.000562865
2025-06-22 19:00:00,-0.0053529703
2025-06-22 20:00:00,0.006367908
2025-06-22 21:00:00,-0.0038743551
2025-06-22 22:00:00,0.0182932235
2025-06-22 23:00:00,4.94988e-05
2025-06-23 00:00:00,-0.0010399902
2025-06-23 01:00:00,0.0022568904
2025-06-23 02:00:00,0.0021827493
2025-06-23 03:00:00,-0.0014809844
2025-06-23 04:00:00,9.8805e-06
2025-06-23 05:00:00,0.0060580873
2025-06-23 06:00:00,0.0015308679
2025-06-23 07:00:00,1.96113e-05
2025-06-23 08:00:00,-0.0005786952
2025-06-23 09:00:00,-0.0030657991
2025-06-23 10:00:00,-0.0010929878
2025-06-23 11:00:00,-0.0017354781
2025-06-23 12:00:00,0.0037826222
2025-06-23 13:00:00,0.0066244228
2025-06-23 14:00:00,-0.0069784364
2025-06-23 15:00:00,-0.0018606305
2025-06-23 16:00:00,-0.0073582103
2025-06-23 17:00:00,0.018002552
2025-06-23 18:00:00,0.0043485308
2025-06-23 19:00:00,0.0021332928
2025-06-23 20:00:00,0.0055638878
2025-06-23 21:00:00,-0.0003275656
2025-06-23 22:00:00,0.0175651732
2025-06-23 23:00:00,-0.0014591488
2025-06-24 00:00:00,-0.0024208145
2025-06-24 01:00:00,0.003150655
2025-06-24 02:00:00,-0.0067118174
2025-06-24 03:00:00,0.0017631226
2025-06-24 04:00:00,-0.0010289047
2025-06-24 05:00:00,0.0054563392
2025-06-24 06:00:00,0.0026035887
2025-06-24 07:00:00,-0.0071738634
2025-06-24 08:00:00,0.0006093091
2025-06-24 09:00:00,0.0018922021
2025-06-24 10:00:00,0.0006552551
2025-06-24 11:00:00,-0.0009402826
2025-06-24 12:00:00,0.0002090281
2025-06-24 13:00:00,-0.0013118995
2025-06-24 14:00:00,0.0040347709
2025-06-24 15:00:00,-0.0022859538
2025-06-24 16:00:00,0.0091502671
2025-06-24 17:00:00,-0.0014784057
2025-06-24 18:00:00,-0.0048460096
2025-06-24 19:00:00,0.0013153725
2025-06-24 20:00:00,0.0037661984
2025-06-24 21:00:00,-0.0008765688
2025-06-24 22:00:00,0.0003205551
2025-06-24 23:00:00,0.0004523736
2025-06-25 00:00:00,0.0030575741
2025-06-25 01:00:00,-0.0001972841
2025-06-25 02:00:00,0.0010048034
2025-06-25 03:00:00,-0.0022928031
2025-06-25 04:00:00,-0.0004987226
2025-06-25 05:00:00,0.0002070471
2025-06-25 06:00:00,0.0016548356
2025-06-25 07:00:00,0.0021584498
2025-06-25 08:00:00,-2.81237e-05
2025-06-25 09:00:00,0.0002249677
2025-06-25 10:00:00,0.0045447398
2025-06-25 11:00:00,0.0005782989
2025-06-25 12:00:00,0.0005500063
2025-06-25 13:00:00,0.0063173165
2025-06-25 14:00:00,-0.0024850032
2025-06-25 15:00:00,-0.0056326113
2025-06-25 16:00:00,0.0009891659
2025-06-25 17:00:00,0.0025244658
2025-06-25 18:00:00,-5.58233e-05
2025-06-25 19:00:00,0.0032047886
2025-06-25 20:00:00,0.0002689207
2025-06-25 21:00:00,-0.0018375193
2025-06-25 22:00:00,-0.002855776
2025-06-25 23:00:00,0.0006518723
2025-06-26 00:00:00,-0.0002606979
2025-06-26 01:00:00,0.0028546608
2025-06-26 02:00:00,0.0026428179
2025-06-26 03:00:00,-0.0005187395
2025-06-26 04:00:00,-0.0004355784
2025-06-26 05:00:00,-0.0018463628
2025-06-26 06:00:00,0.0012900294
2025-06-26 07:00:00,0.0004080081
2025-06-26 08:00:00,-0.0004729338
2025-06-26 09:00:00,-0.0039125899
2025-06-26 10:00:00,0.000660917
2025-06-26 11:00:00,-0.0007074769
2025-06-26 12:00:00,-0.0019854685
2025-06-26 13:00:00,-0.0015033735
2025-06-26 14:00:00,0.0044940544
2025-06-26 15:00:00,-0.0013777697
2025-06-26 16:00:00,-0.0010065989
2025-06-26 17:00:00,0.0001118944
2025-06-26 18:00:00,0.0016676064
2025-06-26 19:00:00,0.0011628828
2025-06-26 20:00:00,0.0023588202
2025-06-26 21:00:00,-0.0068036654
2025-06-26 22:00:00,-0.0003082369
2025-06-26 23:00:00,-0.0003737479
2025-06-27 00:00:00,-0.0023953004
2025-06-27 01:00:00,0.0040853969
2025-06-27 02:00:00,0.0010909753
2025-06-27 03:00:00,0.002029588
2025-06-27 04:00:00,0.0003068726
2025-06-27 05:00:00,-0.0020755488
2025-06-27 06:00:00,0.0002794727
2025-06-27 07:00:00,-0.0038168876
2025-06-27 08:00:00,0.0011680771
2025-06-27 09:00:00,0.0006161947
2025-06-27 10:00:00,-0.0009524611
2025-06-27 11:00:00,-0.0001775195
2025-06-27 12:00:00,-0.0028633474
2025-06-27 13:00:00,0.0012923286
2025-06-27 14:00:00,-0.0021548098
2025-06-27 15:00:00,0.006953624
2025-06-27 16:00:00,0.0016657907
2025-06-27 17:00:00,-0.0057348964
2025-06-27 18:00:00,-0.0014786811
2025-06-27 19:00:00,0.0010016242
2025-06-27 20:00:00,0.0026909868
2025-06-27 21:00:00,-0.0004479952
2025-06-27 22:00:00,0.0004200014
2025-06-27 23:00:00,-0.0006067253
2025-06-28 00:00:00,0.0003080758
2025-06-28 01:00:00,-1.86686e-05
2025-06-28 02:00:00,0.0003359807
2025-06-28 03:00:00,0.0017341045
2025-06-28 04:00:00,-0.0009785603
2025-06-28 05:00:00,0.0009692452
2025-06-28 06:00:00,0.0011264984
2025-06-28 07:00:00,0.0005767227
2025-06-28 08:00:00,-0.0009862117
2025-06-28 09:00:00,-0.0006983793
2025-06-28 10:00:00,-0.0002981237
2025-06-28 11:00:00,0.0009406506
2025-06-28 12:00:00,-0.000307244
2025-06-28 13:00:00,-0.0021253597
2025-06-28 14:00:00,0.0008301736
2025-06-28 15:00:00,0.002300361
2025-06-28 16:00:00,-0.0013684031
2025-06-28 17:00:00,0.0016288392
2025-06-28 18:00:00,-0.0013773594
2025-06-28 19:00:00,-0.0008105502
2025-06-28 20:00:00,-0.000344916
2025-06-28 21:00:00,0.0012951499
2025-06-28 22:00:00,0.0001582846
2025-06-28 23:00:00,-0.0005773941
2025-06-29 00:00:00,0.0015265757
2025-06-29 01:00:00,-0.0013402831
2025-06-29 02:00:00,-0.0001956081
2025-06-29 03:00:00,-0.0008294309
2025-06-29 04:00:00,0.0004194611
2025-06-29 05:00:00,0.0003540747
2025-06-29 06:00:00,0.0006891542
2025-06-29 07:00:00,0.0001582522
2025-06-29 08:00:00,0.0026029093
2025-06-29 09:00:00,0.002086725
2025-06-29 10:00:00,0.0021655847
2025-06-29 11:00:00,0.0028432976
2025-06-29 12:00:00,-0.0023164929
2025-06-29 13:00:00,-0.0012851511
2025-06-29 14:00:00,-0.0010922893
2025-06-29 15:00:00,-0.0016777828
2025-06-29 16:00:00,-0.0016434315
2025-06-29 17:00:00,-0.0005019241
2025-06-29 18:00:00,0.001096471
2025-06-29 19:00:00,-0.0022872242
2025-06-29 20:00:00,-0.000279288
2025-06-29 21:00:00,0.0014793384
2025-06-29 22:00:00,0.0050541456
2025-06-29 23:00:00,0.0025774996
2025-06-30 00:00:00,0.0035183089
2025-06-30 01:00:00,-0.0020155267
2025-06-30 02:00:00,-0.0002856314
2025-06-30 03:00:00,0.0003409054
2025-06-30 04:00:00,-0.0017426025
2025-06-30 05:00:00,-0.0004061214
2025-06-30 06:00:00,-0.0065855218
2025-06-30 07:00:00,0.000353068
2025-06-30 08:00:00,-0.0009944839
2025-06-30 09:00:00,-0.0001673936
2025-06-30 10:00:00,0.0014498144
2025-06-30 11:00:00,7.42928e-05
2025-06-30 12:00:00,-0.0007617632
2025-06-30 13:00:00,-0.000501966
2025-06-30 14:00:00,-0.0068481277
2025-06-30 15:00:00,0.0075824001
2025-06-30 16:00:00,3.7164e-05
2025-06-30 17:00:00,-0.001320169
2025-06-30 18:00:00,-0.0018903157
2025-06-30 19:00:00,0.0045660269
2025-06-30 20:00:00,-0.001578547
2025-06-30 21:00:00,-0.0040785977
2025-06-30 22:00:00,-0.0003359682
2025-06-30 23:00:00,0.0004106125
2025-07-01 00:00:00,0.0020598482
2025-07-01 01:00:00,-0.0012577739
2025-07-01 02:00:00,-0.0012593579
2025-07-01 03:00:00,0.0009982881
2025-07-01 04:00:00,-0.0029791528
2025-07-01 05:00:00,0.0004675388
2025-07-01 06:00:00,-0.0004301276
2025-07-01 07:00:00,0.0025686665
2025-07-01 08:00:00,-0.0042348187
2025-07-01 09:00:00,-0.0015469502
2025-07-01 10:00:00,-0.0006194508
2025-07-01 11:00:00,0.0010322049
2025-07-01 12:00:00,-0.0013890325
2025-07-01 13:00:00,0.0034876888
2025-07-01 14:00:00,-0.0081758152
2025-07-01 15:00:00,6.60499e-05
2025-07-01 16:00:00,0.0012729666
2025-07-01 17:00:00,0.001751215
2025-07-01 18:00:00,-0.0051304895
2025-07-01 19:00:00,-0.0032768905
2025-07-01 20:00:00,0.0050906586
2025-07-01 21:00:00,-0.0013505666
2025-07-01 22:00:00,-0.0015511504
2025-07-01 23:00:00,0.0005961534
2025-07-02 00:00:00,-0.0028894498
2025-07-02 01:00:00,0.0031826648
2025-07-02 02:00:00,0.0017102824
2025-07-02 03:00:00,0.0026305756
2025-07-02 04:00:00,0.0016934805
2025-07-02 05:00:00,0.0026286159
2025-07-02 06:00:00,0.003490993
2025-07-02 07:00:00,0.0008591788
2025-07-02 08:00:00,0.0059843915
2025-07-02 09:00:00,-0.000881912
2025-07-02 10:00:00,0.0019206419
2025-07-02 11:00:00,-0.0034077278
2025-07-02 12:00:00,-0.0009026237
2025-07-02 13:00:00,0.0037725725
2025-07-02 14:00:00,0.0032500781
2025-07-02 15:00:00,0.0056324674
2025-07-02 16:00:00,0.0062862743
2025-07-02 17:00:00,-0.0024328464
2025-07-02 18:00:00,0.0036835484
2025-07-02 19:00:00,0.0012673637
2025-07-02 20:00:00,-0.0048776574
2025-07-02 21:00:00,0.0024326684
2025-07-02 22:00:00,-0.0025700254
2025-07-02 23:00:00,-0.002861311
2025-07-03 00:00:00,0.0008078657
2025-07-03 01:00:00,0.0005137568
2025-07-03 02:00:00,-0.0023139869
2025-07-03 03:00:00,-0.000873728
2025-07-03 04:00:00,0.0014343511
2025-07-03 05:00:00,0.0050223729
2025-07-03 06:00:00,0.0012425313
2025-07-03 07:00:00,-0.0017546109
2025-07-03 08:00:00,0.0008685516
2025-07-03 09:00:00,0.0052409827
2025-07-03 10:00:00,-0.0011006054
2025-07-03 11:00:00,-0.0022048516
2025-07-03 12:00:00,-0.0039114313
2025-07-03 13:00:00,0.0100854972
2025-07-03 14:00:00,-0.004761308
2025-07-03 15:00:00,-0.005644727
2025-07-03 16:00:00,0.0014553312
2025-07-03 17:00:00,0.0023022329
2025-07-03 18:00:00,0.001130902
2025-07-03 19:00:00,0.0014300355
2025-07-03 20:00:00,0.0011825601
2025-07-03 21:00:00,-0.0016924019
2025-07-03 22:00:00,-0.0005374361
2025-07-03 23:00:00,-0.0009389287
2025-07-04 00:00:00,-0.0011315315
2025-07-04 01:00:00,0.0003195136
2025-07-04 02:00:00,-0.0028884582
2025-07-04 03:00:00,0.0003660892
2025-07-04 04:00:00,-0.0023177741
2025-07-04 05:00:00,0.0003759726
2025-07-04 06:00:00,-0.0001467042
2025-07-04 07:00:00,-0.0026351686
2025-07-04 08:00:00,0.0004136391
2025-07-04 09:00:00,0.0021573397
2025-07-04 10:00:00,-0.000981701
2025-07-04 11:00:00,-0.0001927835
2025-07-04 12:00:00,-0.0012402105
2025-07-04 13:00:00,-0.0070385472
2025-07-04 14:00:00,-0.0013803008
2025-07-04 15:00:00,-0.0023573972
2025-07-04 16:00:00,0.0005016443
2025-07-04 17:00:00,0.0023376851
2025-07-04 18:00:00,-0.0036108662
2025-07-04 19:00:00,-0.0003348277
2025-07-04 20:00:00,0.0021279668
2025-07-04 21:00:00,0.0018455237
2025-07-04 22:00:00,0.0033207717
2025-07-04 23:00:00,-0.0023483739
2025-07-05 00:00:00,0.0018495747
2025-07-05 01:00:00,-0.001932886
2025-07-05 02:00:00,0.0008513001
2025-07-05 03:00:00,0.0007119445
2025-07-05 04:00:00,2.77278e-05
2025-07-05 05:00:00,-0.0002033554
2025-07-05 06:00:00,0.0011548786
2025-07-05 07:00:00,-0.0020334792
2025-07-05 08:00:00,-0.0001480508
2025-07-05 09:00:00,0.0005088329
2025-07-05 10:00:00,0.0002681895
2025-07-05 11:00:00,0.0001756714
2025-07-05 12:00:00,0.000166397
2025-07-05 13:00:00,-0.0002126234
2025-07-05 14:00:00,0.0006746921
2025-07-05 15:00:00,-0.0012850798
2025-07-05 16:00:00,0.0004809427
2025-07-05 17:00:00,-0.0001572058
2025-07-05 18:00:00,-0.000915984
2025-07-05 19:00:00,0.0013597956
2025-07-05 20:00:00,-0.0003883244
2025-07-05 21:00:00,-0.000129475
2025-07-05 22:00:00,0.0009429341
2025-07-05 23:00:00,0.0001478306
2025-07-06 00:00:00,4.61926e-05
2025-07-06 01:00:00,-0.0002217438
2025-07-06 02:00:00,-0.0010817059
2025-07-06 03:00:00,-0.0001850241
2025-07-06 04:00:00,-0.000508993
2025-07-06 05:00:00,0.0001295864
2025-07-06 06:00:00,0.0012949416
2025-07-06 07:00:00,-0.0008507727
2025-07-06 08:00:00,-0.000379382
2025-07-06 09:00:00,-0.0014911621
2025-07-06 10:00:00,0.0012227318
2025-07-06 11:00:00,0.0008143248
2025-07-06 12:00:00,0.001497366
2025-07-06 13:00:00,0.0048464171
2025-07-06 14:00:00,0.0015337919
2025-07-06 15:00:00,-0.0004222469
2025-07-06 16:00:00,-0.0003397628
2025-07-06 17:00:00,0.0004774716
2025-07-06 18:00:00,-0.0041764085
2025-07-06 19:00:00,0.0008569415
2025-07-06 20:00:00,0.0012978348
2025-07-06 21:00:00,0.0048359144
2025-07-06 22:00:00,0.00012815
2025-07-06 23:00:00,-0.0001922311
2025-07-07 00:00:00,-0.0035491763
2025-07-07 01:00:00,0.0018999634
2025-07-07 02:00:00,0.0030489085
2025-07-07 03:00:00,0.0002011024
2025-07-07 04:00:00,-0.0022601568
2025-07-07 05:00:00,-0.0006047944
2025-07-07 06:00:00,-0.0027536848
2025-07-07 07:00:00,0.0024969948
2025-07-07 08:00:00,-0.0004126756
2025-07-07 09:00:00,-0.001294154
2025-07-07 10:00:00,-0.0015257636
2025-07-07 11:00:00,-0.0005244442
2025-07-07 12:00:00,-0.0029401349
2025-07-07 13:00:00,0.0018443554
2025-07-07 14:00:00,-0.0026939025
2025-07-07 15:00:00,0.0005726002
2025-07-07 16:00:00,-0.0030329673
2025-07-07 17:00:00,-0.0003705042
2025-07-07 18:00:00,0.0007038406
2025-07-07 19:00:00,0.0003332253
2025-07-07 20:00:00,-0.0014818522
2025-07-07 21:00:00,0.0027027294
2025-07-07 22:00:00,-0.0014245017
2025-07-07 23:00:00,0.0023668869
2025-07-08 00:00:00,7.3875e-05
2025-07-08 01:00:00,-0.0053515673
2025-07-08 02:00:00,0.0006496399
2025-07-08 03:00:00,0.0012238882
2025-07-08 04:00:00,0.0009724789
2025-07-08 05:00:00,0.0016741514
2025-07-08 06:00:00,0.0008868115
2025-07-08 07:00:00,0.0017528327
2025-07-08 08:00:00,-0.0018821104
2025-07-08 09:00:00,0.0017254031
2025-07-08 10:00:00,0.003395964
2025-07-08 11:00:00,-0.0006801096
2025-07-08 12:00:00,0.001662694
2025-07-08 13:00:00,0.0009632807
2025-07-08 14:00:00,-0.0060888308
2025-07-08 15:00:00,-0.001015341
2025-07-08 16:00:00,0.0017346858
2025-07-08 17:00:00,0.0048925486
2025-07-08 18:00:00,0.0015583752
2025-07-08 19:00:00,-0.0035327458
2025-07-08 20:00:00,-0.0011864962
2025-07-08 21:00:00,0.0024266725
2025-07-08 22:00:00,0.0003120984
2025-07-08 23:00:00,-9.17835e-05
2025-07-09 00:00:00,9.17835e-05
2025-07-09 01:00:00,-0.0013684479
2025-07-09 02:00:00,-0.0015083791
2025-07-09 03:00:00,-0.0023498741
2025-07-09 04:00:00,0.001677729
2025-07-09 05:00:00,0.0020794237
2025-07-09 06:00:00,0.000624822
2025-07-09 07:00:00,-0.0014155975
2025-07-09 08:00:00,-0.0001931914
2025-07-09 09:00:00,0.0007357675
2025-07-09 10:00:00,0.0012495637
2025-07-09 11:00:00,0.0015047531
2025-07-09 12:00:00,0.0025181434
2025-07-09 13:00:00,-0.0014460127
2025-07-09 14:00:00,-0.0025126102
2025-07-09 15:00:00,0.0015871636
2025-07-09 16:00:00,0.0032124793
2025-07-09 17:00:00,-0.0023694634
2025-07-09 18:00:00,0.0034380006
2025-07-09 19:00:00,0.0199182409
2025-07-09 20:00:00,-0.0089610925
2025-07-09 21:00:00,0.0010647898
2025-07-09 22:00:00,0.0050288658
2025-07-09 23:00:00,-0.0013559324
2025-07-10 00:00:00,-0.0029336618
2025-07-10 01:00:00,0.0023943699
2025-07-10 02:00:00,0.0003505728
2025-07-10 03:00:00,-0.0013670296
2025-07-10 04:00:00,0.0005578299
2025-07-10 05:00:00,-0.0003598546
2025-07-10 06:00:00,0.0014745817
2025-07-10 07:00:00,-0.0002066701
2025-07-10 08:00:00,6.29041e-05
2025-07-10 09:00:00,-0.0017538105
2025-07-10 10:00:00,0.0005939418
2025-07-10 11:00:00,-0.0007829973
2025-07-10 12:00:00,-0.0015227492
2025-07-10 13:00:00,-0.000757733
2025-07-10 14:00:00,0.0043940679
2025-07-10 15:00:00,0.0015172262
2025-07-10 16:00:00,0.0110535823
2025-07-10 17:00:00,0.0098263752
2025-07-10 18:00:00,-0.0028593695
2025-07-10 19:00:00,-0.0007227344
2025-07-10 20:00:00,0.0015241824
2025-07-10 21:00:00,0.0250210829
2025-07-10 22:00:00,-0.0040780915
2025-07-10 23:00:00,0.0003189312
2025-07-11 00:00:00,-0.0035570942
2025-07-11 01:00:00,0.003151948
2025-07-11 02:00:00,0.0061200122
2025-07-11 03:00:00,0.0018406988
2025-07-11 04:00:00,0.0002394697
2025-07-11 05:00:00,0.0081250021
2025-07-11 06:00:00,-0.0018423482
2025-07-11 07:00:00,-0.0005865277
2025-07-11 08:00:00,0.003454704
2025-07-11 09:00:00,0.0041603307
2025-07-11 10:00:00,-0.0041349103
2025-07-11 11:00:00,-0.0015263683
2025-07-11 12:00:00,0.0005599389
2025-07-11 13:00:00,0.0007715232
2025-07-11 14:00:00,-0.0008308958
2025-07-11 15:00:00,-0.0085096747
2025-07-11 16:00:00,0.0046428746
2025-07-11 17:00:00,0.0019735114
2025-07-11 18:00:00,0.0006286637
2025-07-11 19:00:00,0.0037044772
2025-07-11 20:00:00,-0.0038318771
2025-07-11 21:00:00,-0.0004417787
2025-07-11 22:00:00,-0.00014447
2025-07-11 23:00:00,-0.0007141582
2025-07-12 00:00:00,-0.0010721945
2025-07-12 01:00:00,0.0020242922
2025-07-12 02:00:00,-0.0002889338
2025-07-12 03:00:00,0.0011976812
2025-07-12 04:00:00,-0.0008577677
2025-07-12 05:00:00,0.0005351296
2025-07-12 06:00:00,0.001222079
2025-07-12 07:00:00,-0.0009673561
2025-07-12 08:00:00,0.0017219227
2025-07-12 09:00:00,0.0017697246
2025-07-12 10:00:00,-0.0005839169
2025-07-12 11:00:00,-0.0023221137
2025-07-12 12:00:00,-0.0024125669
2025-07-12 13:00:00,-0.0004423687
2025-07-12 14:00:00,-0.0007831321
2025-07-12 15:00:00,-0.0024042982
2025-07-12 16:00:00,0.0007253086
2025-07-12 17:00:00,0.002385538
2025-07-12 18:00:00,0.0003573404
2025-07-12 19:00:00,0.0003317018
2025-07-12 20:00:00,-0.0043548916
2025-07-12 21:00:00,0.0038019942
2025-07-12 22:00:00,-0.0008852722
2025-07-12 23:00:00,0.0003235557
2025-07-13 00:00:00,-0.0009539385
2025-07-13 01:00:00,0.0021705923
2025-07-13 02:00:00,0.0003315579
2025-07-13 03:00:00,0.00126571
2025-07-13 04:00:00,0.0010945237
2025-07-13 05:00:00,-0.0009671919
2025-07-13 06:00:00,0.0010519887
2025-07-13 07:00:00,0.0008221559
2025-07-13 08:00:00,-0.0007967182
2025-07-13 09:00:00,-0.001374559
2025-07-13 10:00:00,0.0002122466
2025-07-13 11:00:00,0.0027127857
2025-07-13 12:00:00,0.0025956801
2025-07-13 13:00:00,0.002066648
2025-07-13 14:00:00,0.0009264953
2025-07-13 15:00:00,-0.0003957612
2025-07-13 16:00:00,-0.001162928
2025-07-13 17:00:00,0.0011460836
2025-07-13 18:00:00,0.0024814848
2025-07-13 19:00:00,-0.0002016536
2025-07-13 20:00:00,0.0009490974
2025-07-13 21:00:00,-0.0034816283
2025-07-13 22:00:00,-0.0008343623
2025-07-13 23:00:00,0.0044670911
2025-07-14 00:00:00,-0.0001259155
2025-07-14 01:00:00,0.000193064
2025-07-14 02:00:00,0.0045555495
2025-07-14 03:00:00,0.0090244687
2025-07-14 04:00:00,0.0055570148
2025-07-14 05:00:00,0.0084372772
2025-07-14 06:00:00,-0.0026162188
2025-07-14 07:00:00,0.0047205726
2025-07-14 08:00:00,-0.0012718706
2025-07-14 09:00:00,-0.0049151401
2025-07-14 10:00:00,-0.0005494438
2025-07-14 11:00:00,-0.0034594007
2025-07-14 12:00:00,0.0036316469
2025-07-14 13:00:00,-0.001551285
2025-07-14 14:00:00,-0.0045693195
2025-07-14 15:00:00,-0.0108604284
2025-07-14 16:00:00,0.0033811107
2025-07-14 17:00:00,-0.0034645337
2025-07-14 18:00:00,-0.0018119956
2025-07-14 19:00:00,0.0025375428
2025-07-14 20:00:00,0.0019322229
2025-07-14 21:00:00,-0.0009573163
2025-07-14 22:00:00,2.49851e-05
2025-07-14 23:00:00,-0.0016169904
2025-07-15 00:00:00,-0.0031832659
2025-07-15 01:00:00,-0.0090366745
2025-07-15 02:00:00,-0.0026127006
2025-07-15 03:00:00,-0.0081097378
2025-07-15 04:00:00,0.0028297242
2025-07-15 05:00:00,-0.0014564784
2025-07-15 06:00:00,-0.0021758895
2025-07-15 07:00:00,-0.0024546186
2025-07-15 08:00:00,-0.0001884078
2025-07-15 09:00:00,0.0
2025-07-15 10:00:00,0.0020790829
2025-07-15 11:00:00,0.0008201764
2025-07-15 12:00:00,0.0006658983
2025-07-15 13:00:00,0.0071771457
2025-07-15 14:00:00,-0.0174883725
2025-07-15 15:00:00,0.0033744265
2025-07-15 16:00:00,0.0068855932
2025-07-15 17:00:00,0.0016458523
2025-07-15 18:00:00,-0.0056823918
2025-07-15 19:00:00,-0.0024022799
2025-07-15 20:00:00,0.0001803713
2025-07-15 21:00:00,0.0095219278
2025-07-15 22:00:00,0.002514891
2025-07-15 23:00:00,-0.0006620943
2025-07-16 00:00:00,0.0029844441
2025-07-16 01:00:00,-0.0032052397
2025-07-16 02:00:00,-0.0034115353
2025-07-16 03:00:00,0.0013711173
2025-07-16 04:00:00,0.0010462343
2025-07-16 05:00:00,0.0019788953
2025-07-16 06:00:00,0.0036925099
2025-07-16 07:00:00,-0.00081186
2025-07-16 08:00:00,0.004271779
2025-07-16 09:00:00,0.0040606547
2025-07-16 10:00:00,-0.003530068
2025-07-16 11:00:00,0.0002273081
2025-07-16 12:00:00,-0.0011791958
2025-07-16 13:00:00,0.0004718452
2025-07-16 14:00:00,0.0030195875
2025-07-16 15:00:00,0.0005457484
2025-07-16 16:00:00,0.0019035885
2025-07-16 17:00:00,-0.0019119823
2025-07-16 18:00:00,0.0034690544
2025-07-16 19:00:00,-0.0020933999
2025-07-16 20:00:00,0.0055587974
2025-07-16 21:00:00,-0.0049386943
2025-07-16 22:00:00,-0.0056706401
2025-07-16 23:00:00,0.0001769054
2025-07-17 00:00:00,0.0019270828
2025-07-17 01:00:00,-0.0062576105
2025-07-17 02:00:00,0.0012428296
2025-07-17 03:00:00,-0.0014797343
2025-07-17 04:00:00,0.002965719
2025-07-17 05:00:00,0.0010709032
2025-07-17 06:00:00,-0.0013493572
2025-07-17 07:00:00,-0.0009709763
2025-07-17 08:00:00,-4.22378e-05
2025-07-17 09:00:00,0.0038195179
2025-07-17 10:00:00,-0.0035238911
2025-07-17 11:00:00,-0.003095742
2025-07-17 12:00:00,-0.0007118524
2025-07-17 13:00:00,0.0031063943
2025-07-17 14:00:00,0.0041998443
2025-07-17 15:00:00,0.0008664455
2025-07-17 16:00:00,-0.0026606061
2025-07-17 17:00:00,0.0060770022
2025-07-17 18:00:00,0.0025525696
2025-07-17 19:00:00,-0.0053049189
2025-07-17 20:00:00,0.004033633
2025-07-17 21:00:00,0.00714667
2025-07-17 22:00:00,-0.0041884093
2025-07-17 23:00:00,-0.0047424571
2025-07-18 00:00:00,0.0046590105
2025-07-18 01:00:00,0.0049945164
2025-07-18 02:00:00,-0.0020863386
2025-07-18 03:00:00,0.0011060522
2025-07-18 04:00:00,0.0016443411
2025-07-18 05:00:00,0.0014427983
2025-07-18 06:00:00,-0.0028295134
2025-07-18 07:00:00,-0.0074814876
2025-07-18 08:00:00,-0.0063239525
2025-07-18 09:00:00,0.0021964991
2025-07-18 10:00:00,0.0029798525
2025-07-18 11:00:00,-0.0004610864
2025-07-18 12:00:00,0.0021359744
2025-07-18 13:00:00,-0.0055462235
2025-07-18 14:00:00,-0.0054925491
2025-07-18 15:00:00,-0.0021851453
2025-07-18 16:00:00,-0.0027679211
2025-07-18 17:00:00,0.0002210358
2025-07-18 18:00:00,-0.002221079
2025-07-18 19:00:00,0.0005536038
2025-07-18 20:00:00,0.0003320152
2025-07-18 21:00:00,0.0022445935
2025-07-18 22:00:00,0.0001443657
2025-07-18 23:00:00,0.0021799344
2025-07-19 00:00:00,-0.0015178177
2025-07-19 01:00:00,0.0022546968
2025-07-19 02:00:00,0.0014974939
2025-07-19 03:00:00,0.0010646479
2025-07-19 04:00:00,-0.0015297307
2025-07-19 05:00:00,0.0007102213
2025-07-19 06:00:00,-0.0004734248
2025-07-19 07:00:00,8.456e-06
2025-07-19 08:00:00,-0.0006767045
2025-07-19 09:00:00,0.0012177385
2025-07-19 10:00:00,0.0016044726
2025-07-19 11:00:00,-0.001021498
2025-07-19 12:00:00,-0.0008534551
2025-07-19 13:00:00,-0.0002620977
2025-07-19 14:00:00,-0.0044067494
2025-07-19 15:00:00,0.0031883618
2025-07-19 16:00:00,-0.000787665
2025-07-19 17:00:00,-0.0013141553
2025-07-19 18:00:00,0.0004580308
2025-07-19 19:00:00,0.0012796775
2025-07-19 20:00:00,-0.0024081686
2025-07-19 21:00:00,-0.0001358442
2025-07-19 22:00:00,0.0007893364
2025-07-19 23:00:00,0.0004156364
2025-07-20 00:00:00,0.0007629641
2025-07-20 01:00:00,8.47379e-05
2025-07-20 02:00:00,0.0001270933
2025-07-20 03:00:00,0.0001101345
2025-07-20 04:00:00,-0.0001270793
2025-07-20 05:00:00,-0.0009917734
2025-07-20 06:00:00,-0.0001696324
2025-07-20 07:00:00,0.0016696263
2025-07-20 08:00:00,0.0011510111
2025-07-20 09:00:00,-0.0020575181
2025-07-20 10:00:00,-0.0002373525
2025-07-20 11:00:00,-0.0001356553
2025-07-20 12:00:00,0.0016266503
2025-07-20 13:00:00,0.0024941358
2025-07-20 14:00:00,0.0006837434
2025-07-20 15:00:00,0.0018631477
2025-07-20 16:00:00,-0.0011714389
2025-07-20 17:00:00,-0.0045639796
2025-07-20 18:00:00,0.0030027386
2025-07-20 19:00:00,-0.0013099461
2025-07-20 20:00:00,-0.0009645405
2025-07-20 21:00:00,-0.0006774265
2025-07-20 22:00:00,-0.0043634457
2025-07-20 23:00:00,-0.00171152
2025-07-21 00:00:00,0.0005112083
2025-07-21 01:00:00,-0.0003152142
2025-07-21 02:00:00,0.0074025364
2025-07-21 03:00:00,0.0018505458
2025-07-21 04:00:00,-0.0004982119
2025-07-21 05:00:00,0.0007176842
2025-07-21 06:00:00,0.0062096322
2025-07-21 07:00:00,0.0014333315
2025-07-21 08:00:00,-0.0029359235
2025-07-21 09:00:00,-0.0026076073
2025-07-21 10:00:00,-0.0009522085
2025-07-21 11:00:00,-0.0042326943
2025-07-21 12:00:00,0.0009224117
2025-07-21 13:00:00,0.0055839678
2025-07-21 14:00:00,0.0002018554
2025-07-21 15:00:00,-0.0044164695
2025-07-21 16:00:00,-0.0046906307
2025-07-21 17:00:00,0.0006787081
2025-07-21 18:00:00,-0.0058093461
2025-07-21 19:00:00,-0.0036405629
2025-07-21 20:00:00,0.0016595526
2025-07-21 21:00:00,0.0024159653
2025-07-21 22:00:00,0.0011845061
2025-07-21 23:00:00,0.000161802
2025-07-22 00:00:00,-0.0022761479
2025-07-22 01:00:00,0.0054897259
2025-07-22 02:00:00,-0.0061385665
2025-07-22 03:00:00,0.0013313763
2025-07-22 04:00:00,-0.0052504332
2025-07-22 05:00:00,0.0062478035
2025-07-22 06:00:00,0.0041832171
2025-07-22 07:00:00,0.0014921959
2025-07-22 08:00:00,0.0024792387
2025-07-22 09:00:00,0.0012246571
2025-07-22 10:00:00,0.0042451106
2025-07-22 11:00:00,0.0020906545
2025-07-22 12:00:00,0.0010730154
2025-07-22 13:00:00,-0.0096988418
2025-07-22 14:00:00,0.0079881782
2025-07-22 15:00:00,-0.0015706831
2025-07-22 16:00:00,-0.0018762916
2025-07-22 17:00:00,0.0044703703
2025-07-22 18:00:00,0.0043920445
2025-07-22 19:00:00,-0.0037885644
2025-07-22 20:00:00,0.0035214102
2025-07-22 21:00:00,-0.002667103
2025-07-22 22:00:00,0.0038020159
2025-07-22 23:00:00,0.000917003
2025-07-23 00:00:00,-0.0032549939
2025-07-23 01:00:00,-0.0005518949
2025-07-23 02:00:00,-0.0034268847
2025-07-23 03:00:00,-0.0039609674
2025-07-23 04:00:00,0.0028188588
2025-07-23 05:00:00,-0.0026840459
2025-07-23 06:00:00,-0.001753987
2025-07-23 07:00:00,-0.0005825317
2025-07-23 08:00:00,0.0004052753
2025-07-23 09:00:00,-0.0031113165
2025-07-23 10:00:00,0.0028073754
2025-07-23 11:00:00,0.0014007377
2025-07-23 12:00:00,-0.0045977092
2025-07-23 13:00:00,-0.0052403944
2025-07-23 14:00:00,0.007000839
2025-07-23 15:00:00,0.0033093604
2025-07-23 16:00:00,-0.007079481
2025-07-23 17:00:00,0.0030256953
2025-07-23 18:00:00,0.0022231718
2025-07-23 19:00:00,-0.0001351089
2025-07-23 20:00:00,-0.0039176416
2025-07-23 21:00:00,0.0017703392
2025-07-23 22:00:00,0.0039613044
2025-07-23 23:00:00,0.0015414229
2025-07-24 00:00:00,0.0024210441
2025-07-24 01:00:00,0.0004700787
2025-07-24 02:00:00,-0.0011083962
2025-07-24 03:00:00,-0.0038637875
2025-07-24 04:00:00,-0.0043784461
2025-07-24 05:00:00,-0.0030712607
2025-07-24 06:00:00,-0.0012158366
2025-07-24 07:00:00,0.0079399459
2025-07-24 08:00:00,0.0030170511
2025-07-24 09:00:00,-0.0023420596
2025-07-24 10:00:00,-0.0009366734
2025-07-24 11:00:00,0.0018050546
2025-07-24 12:00:00,-0.0007081377
2025-07-24 13:00:00,-0.0022795593
2025-07-24 14:00:00,0.0072511992
2025-07-24 15:00:00,-0.0001426635
2025-07-24 16:00:00,-0.0046434633
2025-07-24 17:00:00,0.0049371602
2025-07-24 18:00:00,-0.0005539004
2025-07-24 19:00:00,-0.0007894185
2025-07-24 20:00:00,-0.0022456893
2025-07-24 21:00:00,-0.0014999329
2025-07-24 22:00:00,-0.0021442569
2025-07-24 23:00:00,0.0001521067
2025-07-25 00:00:00,-0.0051931445
2025-07-25 01:00:00,-0.0028238995
2025-07-25 02:00:00,-0.0083996012
2025-07-25 03:00:00,-0.0087999878
2025-07-25 04:00:00,0.0063403427
2025-07-25 05:00:00,-0.0053443052
2025-07-25 06:00:00,-0.0015161035
2025-07-25 07:00:00,-9.53748e-05
2025-07-25 08:00:00,-0.0015272345
2025-07-25 09:00:00,0.0077508368
2025-07-25 10:00:00,0.0023840786
2025-07-25 11:00:00,0.0016148432
2025-07-25 12:00:00,-0.0035164834
2025-07-25 13:00:00,0.0012308859
2025-07-25 14:00:00,-0.0110894075
2025-07-25 15:00:00,0.006753063
2025-07-25 16:00:00,0.0041900948
2025-07-25 17:00:00,-0.0012655233
2025-07-25 18:00:00,0.0038261021
2025-07-25 19:00:00,0.0021944684
2025-07-25 20:00:00,0.0028473361
2025-07-25 21:00:00,0.0010752597
2025-07-25 22:00:00,0.0004775224
2025-07-25 23:00:00,0.0030048586
2025-07-26 00:00:00,-0.0010545026
2025-07-26 01:00:00,-0.0028288321
2025-07-26 02:00:00,0.0026671568
2025-07-26 03:00:00,0.0002127252
2025-07-26 04:00:00,0.0001446273
2025-07-26 05:00:00,-0.0003828826
2025-07-26 06:00:00,-0.0007832387
2025-07-26 07:00:00,-0.0004003697
2025-07-26 08:00:00,0.0020172537
2025-07-26 09:00:00,0.0001445412
2025-07-26 10:00:00,0.0034034279
2025-07-26 11:00:00,-0.0015008334
2025-07-26 12:00:00,0.0011194791
2025-07-26 13:00:00,0.0017784106
2025-07-26 14:00:00,-0.0004231443
2025-07-26 15:00:00,0.0002454455
2025-07-26 16:00:00,-0.0004486184
2025-07-26 17:00:00,-0.0002201505
2025-07-26 18:00:00,0.0004233234
2025-07-26 19:00:00,0.0011674437
2025-07-26 20:00:00,-0.0021328827
2025-07-26 21:00:00,0.0006098594
2025-07-26 22:00:00,-0.0002625328
2025-07-26 23:00:00,-0.0008727816
2025-07-27 00:00:00,0.0003475092
2025-07-27 01:00:00,0.0013634422
2025-07-27 02:00:00,0.0016911321
2025-07-27 03:00:00,-0.0010227932
2025-07-27 04:00:00,4.22849e-05
2025-07-27 05:00:00,0.0007608227
2025-07-27 06:00:00,-5.07035e-05
2025-07-27 07:00:00,-0.0014207431
2025-07-27 08:00:00,-0.0013125973
2025-07-27 09:00:00,-0.000127117
2025-07-27 10:00:00,0.0021672517
2025-07-27 11:00:00,-0.0009645242
2025-07-27 12:00:00,0.0002793001
2025-07-27 13:00:00,0.0007359628
2025-07-27 14:00:00,0.0018248797
2025-07-27 15:00:00,0.0012990411
2025-07-27 16:00:00,0.0036938757
2025-07-27 17:00:00,0.0015274097
2025-07-27 18:00:00,-0.0013258595
2025-07-27 19:00:00,-0.000680395
2025-07-27 20:00:00,-0.0018755814
2025-07-27 21:00:00,0.0040914628
2025-07-27 22:00:00,0.0022779053
2025-07-27 23:00:00,-0.0006275809
2025-07-28 00:00:00,-0.0015161862
2025-07-28 01:00:00,-0.0019215687
2025-07-28 02:00:00,0.0033959022
2025-07-28 03:00:00,-0.0013737417
2025-07-28 04:00:00,-0.0005533802
2025-07-28 05:00:00,0.0026049207
2025-07-28 06:00:00,-0.0005438762
2025-07-28 07:00:00,-0.0048493689
2025-07-28 08:00:00,0.0016302662
2025-07-28 09:00:00,-0.0011425884
2025-07-28 10:00:00,-0.0014721658
2025-07-28 11:00:00,0.000429255
2025-07-28 12:00:00,0.0001935253
2025-07-28 13:00:00,-0.0034723135
2025-07-28 14:00:00,-0.0040013419
2025-07-28 15:00:00,0.001634617
2025-07-28 16:00:00,-0.0012871431
2025-07-28 17:00:00,-0.0029786299
2025-07-28 18:00:00,0.000874991
2025-07-28 19:00:00,0.0025272241
2025-07-28 20:00:00,-5.92911e-05
2025-07-28 21:00:00,0.0005080957
2025-07-28 22:00:00,-0.0022969518
2025-07-28 23:00:00,0.0017295615
2025-07-29 00:00:00,-0.0006609498
2025-07-29 01:00:00,-0.0017222149
2025-07-29 02:00:00,0.0027134758
2025-07-29 03:00:00,0.0054470735
2025-07-29 04:00:00,-0.0017533364
2025-07-29 05:00:00,0.0022332819
2025-07-29 06:00:00,-0.0002273139
2025-07-29 07:00:00,0.001119232
2025-07-29 08:00:00,0.0002102422
2025-07-29 09:00:00,-0.0011947634
2025-07-29 10:00:00,-0.0038379344
2025-07-29 11:00:00,0.0021527443
2025-07-29 12:00:00,0.0026697113
2025-07-29 13:00:00,-0.0024673385
2025-07-29 14:00:00,-0.0066575833
2025-07-29 15:00:00,-0.0035797075
2025-07-29 16:00:00,0.0026881051
2025-07-29 17:00:00,0.0003907046
2025-07-29 18:00:00,-0.0014956959
2025-07-29 19:00:00,-0.0008678488
2025-07-29 20:00:00,-0.0001447147
2025-07-29 21:00:00,0.0011911448
2025-07-29 22:00:00,0.0019198592
2025-07-29 23:00:00,0.0008144014
2025-07-30 00:00:00,-0.0016294665
2025-07-30 01:00:00,0.0010187277
2025-07-30 02:00:00,0.0013058485
2025-07-30 03:00:00,0.0011518007
2025-07-30 04:00:00,-0.001219595
2025-07-30 05:00:00,-0.0002797001
2025-07-30 06:00:00,0.0027850337
2025-07-30 07:00:00,-0.0015481647
2025-07-30 08:00:00,0.0022579959
2025-07-30 09:00:00,-0.0016232123
2025-07-30 10:00:00,-0.0015411063
2025-07-30 11:00:00,-0.0038121483
2025-07-30 12:00:00,0.0016404106
2025-07-30 13:00:00,-0.0006031543
2025-07-30 14:00:00,0.0087313893
2025-07-30 15:00:00,-0.0061429459
2025-07-30 16:00:00,-0.002163649
2025-07-30 17:00:00,0.0006368535
2025-07-30 18:00:00,-0.0111137863
2025-07-30 19:00:00,0.003684129
2025-07-30 20:00:00,0.0018199145
2025-07-30 21:00:00,0.0014416169
2025-07-30 22:00:00,0.0016012541
2025-07-30 23:00:00,0.0028214996
2025-07-31 00:00:00,0.0047327447
2025-07-31 01:00:00,-0.0029436914
2025-07-31 02:00:00,0.0032899357
2025-07-31 03:00:00,4.22167e-05
2025-07-31 04:00:00,0.0005655321
2025-07-31 05:00:00,-0.0012834588
2025-07-31 06:00:00,0.0028264933
2025-07-31 07:00:00,-0.0001263887
2025-07-31 08:00:00,-0.0008936024
2025-07-31 09:00:00,0.0002698509
2025-07-31 10:00:00,-0.0008266485
2025-07-31 11:00:00,-0.001308851
2025-07-31 12:00:00,0.0021523627
2025-07-31 13:00:00,-0.0002023779
2025-07-31 14:00:00,-0.00575961
2025-07-31 15:00:00,0.0033278746
2025-07-31 16:00:00,0.0018581086
2025-07-31 17:00:00,-0.0066544435
2025-07-31 18:00:00,-0.0007052876
2025-07-31 19:00:00,-0.0074571179
2025-07-31 20:00:00,-0.0023836483
2025-07-31 21:00:00,0.0004891969
2025-07-31 22:00:00,-0.0046268906
2025-07-31 23:00:00,-0.0022264613
2025-08-01 00:00:00,-0.0028117246
2025-08-01 01:00:00,-0.0009274388
2025-08-01 02:00:00,0.0054569097
2025-08-01 03:00:00,-0.0026425799
2025-08-01 04:00:00,0.0004754886
2025-08-01 05:00:00,-0.0011155938
2025-08-01 06:00:00,-0.0035452884
2025-08-01 07:00:00,-0.0008426613
2025-08-01 08:00:00,-0.0042065355
2025-08-01 09:00:00,0.0029020513
2025-08-01 10:00:00,-0.001768116
2025-08-01 11:00:00,0.0047398606
2025-08-01 12:00:00,0.0039572804
2025-08-01 13:00:00,-0.0120678228
2025-08-01 14:00:00,0.0109091042
2025-08-01 15:00:00,-0.0022347539
2025-08-01 16:00:00,-0.0030918369
2025-08-01 17:00:00,-0.0051365123
2025-08-01 18:00:00,-0.0052157643
2025-08-01 19:00:00,-0.0045718694
2025-08-01 20:00:00,0.0055908614
2025-08-01 21:00:00,-0.0006235701
2025-08-01 22:00:00,-0.0065578051
2025-08-01 23:00:00,0.0014315762
2025-08-02 00:00:00,0.0045725945
2025-08-02 01:00:00,-0.0013370162
2025-08-02 02:00:00,0.0005191857
2025-08-02 03:00:00,0.0016437758
2025-08-02 04:00:00,0.0012113234
2025-08-02 05:00:00,-0.0004299396
2025-08-02 06:00:00,-0.0023547823
2025-08-02 07:00:00,0.0023898863
2025-08-02 08:00:00,-0.0025042519
2025-08-02 09:00:00,-0.0001143787
2025-08-02 10:00:00,-0.0010035742
2025-08-02 11:00:00,0.0019973522
2025-08-02 12:00:00,-0.0014514237
2025-08-02 13:00:00,-0.0015593274
2025-08-02 14:00:00,-0.0029314141
2025-08-02 15:00:00,-0.0025676228
2025-08-02 16:00:00,0.0031775703
2025-08-02 17:00:00,-0.0040733615
2025-08-02 18:00:00,-0.0038227706
2025-08-02 19:00:00,-0.000365261
2025-08-02 20:00:00,0.0046582003
2025-08-02 21:00:00,0.0008510639
2025-08-02 22:00:00,2.65841e-05
2025-08-02 23:00:00,-0.0029196065
2025-08-03 00:00:00,0.0035219894
2025-08-03 01:00:00,0.0013009715
2025-08-03 02:00:00,0.0036460788
2025-08-03 03:00:00,0.0008368091
2025-08-03 04:00:00,-0.0010483243
2025-08-03 05:00:00,0.0013212369
2025-08-03 06:00:00,-0.0005811292
2025-08-03 07:00:00,0.0013466474
2025-08-03 08:00:00,-7.0368e-05
2025-08-03 09:00:00,-0.0003519144
2025-08-03 10:00:00,0.0021886559
2025-08-03 11:00:00,-8.78056e-05
2025-08-03 12:00:00,0.0011934956
2025-08-03 13:00:00,-0.0006492253
2025-08-03 14:00:00,-0.0012997165
2025-08-03 15:00:00,0.0013523721
2025-08-03 16:00:00,0.0004386889
2025-08-03 17:00:00,0.0010958809
2025-08-03 18:00:00,0.0022930771
2025-08-03 19:00:00,-0.0006383826
2025-08-03 20:00:00,0.0009880085
2025-08-03 21:00:00,0.0002883494
2025-08-03 22:00:00,-0.0012501149
2025-08-03 23:00:00,-0.0008050967
2025-08-04 00:00:00,0.0059006491
2025-08-04 01:00:00,-0.0019426701
2025-08-04 02:00:00,0.0011939259
2025-08-04 03:00:00,-0.0019354001
2025-08-04 04:00:00,-0.0018954371
2025-08-04 05:00:00,0.0002360336
2025-08-04 06:00:00,0.0003321011
2025-08-04 07:00:00,0.0021385341
2025-08-04 08:00:00,-0.0010817885
2025-08-04 09:00:00,-0.0021058618
2025-08-04 10:00:00,-0.0005512269
2025-08-04 11:00:00,0.0021594221
2025-08-04 12:00:00,-0.0004542278
2025-08-04 13:00:00,0.0040980448
2025-08-04 14:00:00,-0.0015326207
2025-08-04 15:00:00,0.0007927279
2025-08-04 16:00:00,0.0040583166
2025-08-04 17:00:00,-0.0008849942
2025-08-04 18:00:00,-0.0020593392
2025-08-04 19:00:00,-0.0018544239
2025-08-04 20:00:00,0.0004617509
2025-08-04 21:00:00,0.0027747231
2025-08-04 22:00:00,0.0018831172
2025-08-04 23:00:00,-0.0025347896
2025-08-05 00:00:00,-0.0015396328
2025-08-05 01:00:00,-0.001576882
2025-08-05 02:00:00,0.0002005152
2025-08-05 03:00:00,-0.0040442211
2025-08-05 04:00:00,0.0006299819
2025-08-05 05:00:00,0.0006121022
2025-08-05 06:00:00,-0.0020476389
2025-08-05 07:00:00,-0.0017183491
2025-08-05 08:00:00,0.0026114251
2025-08-05 09:00:00,0.0036341122
2025-08-05 10:00:00,0.0012461821
2025-08-05 11:00:00,0.0
2025-08-05 12:00:00,-0.0078603216
2025-08-05 13:00:00,0.0039422555
2025-08-05 14:00:00,-0.0116436841
2025-08-05 15:00:00,-0.0011771736
2025-08-05 16:00:00,0.0020613548
2025-08-05 17:00:00,0.0040747984
2025-08-05 18:00:00,0.000114419
2025-08-05 19:00:00,-0.0001848372
2025-08-05 20:00:00,0.0007303477
2025-08-05 21:00:00,-0.0009504366
2025-08-05 22:00:00,0.0032874815
2025-08-05 23:00:00,0.0015871279
2025-08-06 00:00:00,-0.0022191726
2025-08-06 01:00:00,-0.0005270092
2025-08-06 02:00:00,-0.0017411037
2025-08-06 03:00:00,-0.0009509722
2025-08-06 04:00:00,-0.0007226389
2025-08-06 05:00:00,0.0061608966
2025-08-06 06:00:00,-0.000490776
2025-08-06 07:00:00,0.001349055
2025-08-06 08:00:00,-0.0025946036
2025-08-06 09:00:00,0.0012806121
2025-08-06 10:00:00,-0.0001227274
2025-08-06 11:00:00,0.0014454731
2025-08-06 12:00:00,-0.0028930386
2025-08-06 13:00:00,0.0033831489
2025-08-06 14:00:00,0.0080610107
2025-08-06 15:00:00,0.0022454872
2025-08-06 16:00:00,-0.0031659458
2025-08-06 17:00:00,0.0037373496
2025-08-06 18:00:00,-0.0008139163
2025-08-06 19:00:00,-0.0012915027
2025-08-06 20:00:00,-0.0014321365
2025-08-06 21:00:00,-0.0003214275
2025-08-06 22:00:00,0.0004517065
2025-08-06 23:00:00,-0.0009992398
2025-08-07 00:00:00,-0.0008958197
2025-08-07 01:00:00,-0.0011579265
2025-08-07 02:00:00,-0.0017001395
2025-08-07 03:00:00,-0.0002443601
2025-08-07 04:00:00,-0.0016335091
2025-08-07 05:00:00,0.0017295149
2025-08-07 06:00:00,0.0009421125
2025-08-07 07:00:00,0.001089301
2025-08-07 08:00:00,0.0014273656
2025-08-07 09:00:00,0.0009736168
2025-08-07 10:00:00,0.011043057
2025-08-07 11:00:00,0.0014769656
2025-08-07 12:00:00,-0.0013222972
2025-08-07 13:00:00,0.0024885881
2025-08-07 14:00:00,-0.0024799961
2025-08-07 15:00:00,0.0029341385
2025-08-07 16:00:00,-0.0037507071
2025-08-07 17:00:00,0.0019500635
2025-08-07 18:00:00,0.0005748433
2025-08-07 19:00:00,0.0081579411
2025-08-07 20:00:00,-0.0027517365
2025-08-07 21:00:00,-0.0006571059
2025-08-07 22:00:00,0.0039956944
2025-08-07 23:00:00,-0.0008165835
2025-08-08 00:00:00,-0.0017289328
2025-08-08 01:00:00,-0.003347112
2025-08-08 02:00:00,-0.0015920981
2025-08-08 03:00:00,0.0003426007
2025-08-08 04:00:00,0.0001798184
2025-08-08 05:00:00,-0.0019454675
2025-08-08 06:00:00,0.0018684065
2025-08-08 07:00:00,0.0006419941
2025-08-08 08:00:00,-0.0016700428
2025-08-08 09:00:00,0.0004798876
2025-08-08 10:00:00,-0.0013288241
2025-08-08 11:00:00,0.0030493835
2025-08-08 12:00:00,-0.0032810368
2025-08-08 13:00:00,0.0034948298
2025-08-08 14:00:00,-0.0037265368
2025-08-08 15:00:00,-0.0026125607
2025-08-08 16:00:00,-0.000189332
2025-08-08 17:00:00,0.0045426715
2025-08-08 18:00:00,-0.0017064485
2025-08-08 19:00:00,-0.0002231683
2025-08-08 20:00:00,0.0036331582
2025-08-08 21:00:00,0.0002480127
2025-08-08 22:00:00,-0.000393428
2025-08-08 23:00:00,-0.0019094679
2025-08-09 00:00:00,-0.000737362
2025-08-09 01:00:00,-0.000248768
2025-08-09 02:00:00,-0.0014509492
2025-08-09 03:00:00,1.71833e-05
2025-08-09 04:00:00,0.00060123
2025-08-09 05:00:00,0.0023927457
2025-08-09 06:00:00,-0.0005312267
2025-08-09 07:00:00,0.0008224248
2025-08-09 08:00:00,0.002873172
2025-08-09 09:00:00,0.0034182239
2025-08-09 10:00:00,-0.0005277404
2025-08-09 11:00:00,-0.0028648673
2025-08-09 12:00:00,9.39204e-05
2025-08-09 13:00:00,-0.0012558469
2025-08-09 14:00:00,4.27418e-05
2025-08-09 15:00:00,-0.0006156583
2025-08-09 16:00:00,-0.0020892207
2025-08-09 17:00:00,0.0003085203
2025-08-09 18:00:00,-0.0004628162
2025-08-09 19:00:00,-0.0007117835
2025-08-09 20:00:00,0.002005417
2025-08-09 21:00:00,-0.0018681663
2025-08-09 22:00:00,-0.0001029363
2025-08-09 23:00:00,-0.0006521758
2025-08-10 00:00:00,0.0023407066
2025-08-10 01:00:00,-0.0014140577
2025-08-10 02:00:00,0.0062154749
2025-08-10 03:00:00,0.0099224831
2025-08-10 04:00:00,4.21932e-05
2025-08-10 05:00:00,-0.0037452436
2025-08-10 06:00:00,0.0002286673
2025-08-10 07:00:00,-0.0024248397
2025-08-10 08:00:00,0.0043452734
2025-08-10 09:00:00,-0.0001183342
2025-08-10 10:00:00,-0.0024204685
2025-08-10 11:00:00,0.002606416
2025-08-10 12:00:00,0.0015791588
2025-08-10 13:00:00,-0.0004135492
2025-08-10 14:00:00,0.0026892274
2025-08-10 15:00:00,0.0003114491
2025-08-10 16:00:00,-0.0011452633
2025-08-10 17:00:00,-0.0013153015
2025-08-10 18:00:00,0.000253077
2025-08-10 19:00:00,0.0010032417
2025-08-10 20:00:00,-0.0027000818
2025-08-10 21:00:00,0.0030033853
2025-08-10 22:00:00,0.0028768042
2025-08-10 23:00:00,0.0021563758
2025-08-11 00:00:00,-0.0013503372
2025-08-11 01:00:00,0.0071085987
2025-08-11 02:00:00,0.015520725
2025-08-11 03:00:00,-0.0014040506
2025-08-11 04:00:00,0.0030682924
2025-08-11 05:00:00,-0.0003850707
2025-08-11 06:00:00,0.0021283222
2025-08-11 07:00:00,-0.0062916247
2025-08-11 08:00:00,0.0011267051
2025-08-11 09:00:00,-0.0021970164
2025-08-11 10:00:00,-0.0019294519
2025-08-11 11:00:00,-0.0051966653
2025-08-11 12:00:00,-0.0076704034
2025-08-11 13:00:00,0.0030385518
2025-08-11 14:00:00,0.0020483109
2025-08-11 15:00:00,0.0006984634
2025-08-11 16:00:00,-0.0029635078
2025-08-11 17:00:00,-0.0037167778
2025-08-11 18:00:00,0.0020897776
2025-08-11 19:00:00,-0.0056776464
2025-08-11 20:00:00,-0.0020259514
2025-08-11 21:00:00,-0.0009344969
2025-08-11 22:00:00,0.0015065504
2025-08-11 23:00:00,-0.0016160531
2025-08-12 00:00:00,0.0022718295
2025-08-12 01:00:00,0.0001764817
2025-08-12 02:00:00,0.0006300377
2025-08-12 03:00:00,-0.0018155843
2025-08-12 04:00:00,0.0017148049
2025-08-12 05:00:00,-0.0020261387
2025-08-12 06:00:00,0.0001346427
2025-08-12 07:00:00,0.0012697987
2025-08-12 08:00:00,-0.0015391023
2025-08-12 09:00:00,-0.0032288687
2025-08-12 10:00:00,0.0001266534
2025-08-12 11:00:00,0.0009029956
2025-08-12 12:00:00,0.0060886573
2025-08-12 13:00:00,-0.0036285485
2025-08-12 14:00:00,0.0050193577
2025-08-12 15:00:00,0.0042192217
2025-08-12 16:00:00,-0.0023789561
2025-08-12 17:00:00,-0.0031304694
2025-08-12 18:00:00,0.0005112539
2025-08-12 19:00:00,0.0026108583
2025-08-12 20:00:00,0.0044195466
2025-08-12 21:00:00,-0.0024908896
2025-08-12 22:00:00,0.00157523
2025-08-12 23:00:00,0.0002498085
2025-08-13 00:00:00,-0.0034445262
2025-08-13 01:00:00,-0.0020322406
2025-08-13 02:00:00,0.0006862384
2025-08-13 03:00:00,-0.0005439308
2025-08-13 04:00:00,-0.0011390286
2025-08-13 05:00:00,-0.002239962
2025-08-13 06:00:00,0.0029938761
2025-08-13 07:00:00,0.0016482532
2025-08-13 08:00:00,0.0035966309
2025-08-13 09:00:00,0.0005579451
2025-08-13 10:00:00,0.0030755955
2025-08-13 11:00:00,0.000638869
2025-08-13 12:00:00,-0.002408259
2025-08-13 13:00:00,0.012353334
2025-08-13 14:00:00,-0.0072282222
2025-08-13 15:00:00,0.0003969698
2025-08-13 16:00:00,0.004249269
2025-08-13 17:00:00,0.0030499734
2025-08-13 18:00:00,-0.0013635283
2025-08-13 19:00:00,0.009114998
2025-08-13 20:00:00,0.0016114203
2025-08-13 21:00:00,-0.0030133506
2025-08-13 22:00:00,0.0033304457
2025-08-13 23:00:00,0.0028331275
2025-08-14 00:00:00,0.0043517366
2025-08-14 01:00:00,-0.0040680544
2025-08-14 02:00:00,0.002622273
2025-08-14 03:00:00,-0.002460205
2025-08-14 04:00:00,-0.0027506093
2025-08-14 05:00:00,-0.0071839214
2025-08-14 06:00:00,-0.0030079155
2025-08-14 07:00:00,-0.0004515581
2025-08-14 08:00:00,-0.0007804446
2025-08-14 09:00:00,0.0004026212
2025-08-14 10:00:00,-0.0059902868
2025-08-14 11:00:00,0.0001570125
2025-08-14 12:00:00,-0.0173368014
2025-08-14 13:00:00,-0.0037146738
2025-08-14 14:00:00,0.0028651383
2025-08-14 15:00:00,-0.0043853062
2025-08-14 16:00:00,-0.003250769
2025-08-14 17:00:00,0.00024587
2025-08-14 18:00:00,0.0015332035
2025-08-14 19:00:00,-0.001058591
2025-08-14 20:00:00,-0.0005169995
2025-08-14 21:00:00,0.00024582
2025-08-14 22:00:00,0.0032070701
2025-08-14 23:00:00,0.0002365264
2025-08-15 00:00:00,-0.0009802597
2025-08-15 01:00:00,0.0043446968
2025-08-15 02:00:00,0.0002440923
2025-08-15 03:00:00,0.0022613318
2025-08-15 04:00:00,-0.0010669804
2025-08-15 05:00:00,0.0009746098
2025-08-15 06:00:00,0.0009149323
2025-08-15 07:00:00,-0.0012424969
2025-08-15 08:00:00,-0.0005545846
2025-08-15 09:00:00,-0.0015729953
2025-08-15 10:00:00,0.0015393742
2025-08-15 11:00:00,0.0010585212
2025-08-15 12:00:00,-0.0031031245
2025-08-15 13:00:00,-0.0074819325
2025-08-15 14:00:00,-0.0032383531
2025-08-15 15:00:00,-0.0011073538
2025-08-15 16:00:00,0.0008774658
2025-08-15 17:00:00,0.0020755896
2025-08-15 18:00:00,-0.0038739443
2025-08-15 19:00:00,-0.0019725304
2025-08-15 20:00:00,0.0031661125
2025-08-15 21:00:00,0.0003322443
2025-08-15 22:00:00,0.0033333648
2025-08-15 23:00:00,-0.002967172
2025-08-16 00:00:00,0.0033066874
2025-08-16 01:00:00,0.0007889279
2025-08-16 02:00:00,-0.0026831977
2025-08-16 03:00:00,-0.0006719259
2025-08-16 04:00:00,0.0032533613
2025-08-16 05:00:00,-0.0018929673
2025-08-16 06:00:00,-0.0016326951
2025-08-16 07:00:00,0.0017431458
2025-08-16 08:00:00,9.34488e-05
2025-08-16 09:00:00,-0.002636908
2025-08-16 10:00:00,0.0005449638
2025-08-16 11:00:00,-0.0002383851
2025-08-16 12:00:00,0.0032728245
2025-08-16 13:00:00,-0.0009934661
2025-08-16 14:00:00,0.0013159181
2025-08-16 15:00:00,-0.0008657642
2025-08-16 16:00:00,0.0005942326
2025-08-16 17:00:00,-0.0004413962
2025-08-16 18:00:00,-0.000127362
2025-08-16 19:00:00,-9.34091e-05
2025-08-16 20:00:00,-0.0001698572
2025-08-16 21:00:00,-0.0015980691
2025-08-16 22:00:00,8.5068e-05
2025-08-16 23:00:00,-0.0008339787
2025-08-17 00:00:00,-0.0010051023
2025-08-17 01:00:00,0.001515784
2025-08-17 02:00:00,0.0014115289
2025-08-17 03:00:00,0.0006201024
2025-08-17 04:00:00,0.003433327
2025-08-17 05:00:00,-0.0006433808
2025-08-17 06:00:00,-0.000711587
2025-08-17 07:00:00,0.0007708631
2025-08-17 08:00:00,0.0030353143
2025-08-17 09:00:00,-0.0004982077
2025-08-17 10:00:00,0.0004644388
2025-08-17 11:00:00,-0.00071786
2025-08-17 12:00:00,-0.0012173165
2025-08-17 13:00:00,0.0022812542
2025-08-17 14:00:00,-0.0023066307
2025-08-17 15:00:00,0.0007356579
2025-08-17 16:00:00,-0.0035055668
2025-08-17 17:00:00,0.000695316
2025-08-17 18:00:00,-0.0030902216
2025-08-17 19:00:00,0.0003315523
2025-08-17 20:00:00,0.0004334026
2025-08-17 21:00:00,0.0006709785
2025-08-17 22:00:00,0.0021627498
2025-08-17 23:00:00,-0.0046110228
2025-08-18 00:00:00,-0.0009878058
2025-08-18 01:00:00,-0.0087711228
2025-08-18 02:00:00,-0.0070207806
2025-08-18 03:00:00,-0.0012818183
2025-08-18 04:00:00,0.0013424041
2025-08-18 05:00:00,0.0018849821
2025-08-18 06:00:00,-0.0037301689
2025-08-18 07:00:00,-0.0005290615
2025-08-18 08:00:00,-0.0006508694
2025-08-18 09:00:00,-0.0008250431
2025-08-18 10:00:00,0.0002779853
2025-08-18 11:00:00,-0.001086319
2025-08-18 12:00:00,0.0048315768
2025-08-18 13:00:00,-0.0057537009
2025-08-18 14:00:00,0.0067137632
2025-08-18 15:00:00,0.0046488645
2025-08-18 16:00:00,-0.0015931867
2025-08-18 17:00:00,0.0039052469
2025-08-18 18:00:00,0.0005750357
2025-08-18 19:00:00,-0.0017432903
2025-08-18 20:00:00,0.0011424989
2025-08-18 21:00:00,0.0020155159
2025-08-18 22:00:00,-0.0020069306
2025-08-18 23:00:00,-0.0018389308
2025-08-19 00:00:00,0.0028171694
2025-08-19 01:00:00,-0.0064016188
2025-08-19 02:00:00,-0.0004575968
2025-08-19 03:00:00,-0.0080115572
2025-08-19 04:00:00,0.004048483
2025-08-19 05:00:00,-0.0027000646
2025-08-19 06:00:00,0.000286848
2025-08-19 07:00:00,-0.0002955417
2025-08-19 08:00:00,0.0020322562
2025-08-19 09:00:00,0.0009452411
2025-08-19 10:00:00,0.0006152273
2025-08-19 11:00:00,0.0008572208
2025-08-19 12:00:00,0.0005191704
2025-08-19 13:00:00,-0.0033620759
2025-08-19 14:00:00,-0.0115233792
2025-08-19 15:00:00,-0.0010629841
2025-08-19 16:00:00,-0.0033280245
2025-08-19 17:00:00,0.0010665257
2025-08-19 18:00:00,-0.0041137064
2025-08-19 19:00:00,0.0004510381
2025-08-19 20:00:00,0.0040326015
2025-08-19 21:00:00,-0.0014276401
2025-08-19 22:00:00,-0.0020657516
2025-08-19 23:00:00,-0.0025571954
2025-08-20 00:00:00,0.0029017838
2025-08-20 01:00:00,-0.001892282
2025-08-20 02:00:00,0.0038338931
2025-08-20 03:00:00,0.0009253507
2025-08-20 04:00:00,0.0009332958
2025-08-20 05:00:00,0.0005366907
2025-08-20 06:00:00,-0.0002639103
2025-08-20 07:00:00,-0.0016113627
2025-08-20 08:00:00,0.0046859906
2025-08-20 09:00:00,-0.0029074767
2025-08-20 10:00:00,0.0007562301
2025-08-20 11:00:00,-0.0009585747
2025-08-20 12:00:00,0.0001583601
2025-08-20 13:00:00,-0.0086851428
2025-08-20 14:00:00,0.0066862077
2025-08-20 15:00:00,-0.0011377418
2025-08-20 16:00:00,0.0046925503
2025-08-20 17:00:00,0.0031395273
2025-08-20 18:00:00,-0.0062360769
2025-08-20 19:00:00,0.0067612916
2025-08-20 20:00:00,0.0009709206
2025-08-20 21:00:00,-0.000262318
2025-08-20 22:00:00,0.0021315264
2025-08-20 23:00:00,-0.002892638
2025-08-21 00:00:00,0.0002187696
2025-08-21 01:00:00,0.0037640815
2025-08-21 02:00:00,-0.0060854775
2025-08-21 03:00:00,-0.0006228753
2025-08-21 04:00:00,-0.0013962987
2025-08-21 05:00:00,0.001641986
2025-08-21 06:00:00,-0.001650774
2025-08-21 07:00:00,0.0007993851
2025-08-21 08:00:00,-0.0027522187
2025-08-21 09:00:00,-0.0017714016
2025-08-21 10:00:00,-0.0003793643
2025-08-21 11:00:00,-0.0015896008
2025-08-21 12:00:00,-0.0006719242
2025-08-21 13:00:00,0.0034873234
2025-08-21 14:00:00,-0.001958467
2025-08-21 15:00:00,-0.0042299451
2025-08-21 16:00:00,-0.0037226123
2025-08-21 17:00:00,0.0002580978
2025-08-21 18:00:00,0.0017515241
2025-08-21 19:00:00,-0.0037379229
2025-08-21 20:00:00,0.0024312386
2025-08-21 21:00:00,0.0013777474
2025-08-21 22:00:00,-0.0010131263
2025-08-21 23:00:00,5.3348e-05
2025-08-22 00:00:00,0.0010130723
2025-08-22 01:00:00,0.0018457721
2025-08-22 02:00:00,0.0027269203
2025-08-22 03:00:00,-0.0020179141
2025-08-22 04:00:00,-0.0006824094
2025-08-22 05:00:00,0.0034869143
2025-08-22 06:00:00,-0.002122561
2025-08-22 07:00:00,0.0008761024
2025-08-22 08:00:00,-0.0008938093
2025-08-22 09:00:00,0.0004779776
2025-08-22 10:00:00,-0.0045411486
2025-08-22 11:00:00,-0.0018863733
2025-08-22 12:00:00,0.0001246816
2025-08-22 13:00:00,0.0012548561
2025-08-22 14:00:00,0.0295758995
2025-08-22 15:00:00,0.0049012317
2025-08-22 16:00:00,-0.0021160388
2025-08-22 17:00:00,0.0076173852
2025-08-22 18:00:00,-0.0018218603
2025-08-22 19:00:00,-0.0012764228
2025-08-22 20:00:00,0.0028333359
2025-08-22 21:00:00,0.0001111154
2025-08-22 22:00:00,-0.0024816669
2025-08-22 23:00:00,0.0015325149
2025-08-23 00:00:00,-0.000607588
2025-08-23 01:00:00,-0.0037134434
2025-08-23 02:00:00,-0.004374302
2025-08-23 03:00:00,-0.0031201813
2025-08-23 04:00:00,0.0030684018
2025-08-23 05:00:00,0.0002588706
2025-08-23 06:00:00,-0.0015110243
2025-08-23 07:00:00,0.0001296059
2025-08-23 08:00:00,-0.0003715818
2025-08-23 09:00:00,4.32143e-05
2025-08-23 10:00:00,-0.0014703341
2025-08-23 11:00:00,-0.0025566041
2025-08-23 12:00:00,-0.0006683941
2025-08-23 13:00:00,-0.0029044509
2025-08-23 14:00:00,-0.0020224393
2025-08-23 15:00:00,0.0017088805
2025-08-23 16:00:00,0.0015407183
2025-08-23 17:00:00,0.000721667
2025-08-23 18:00:00,0.0005126757
2025-08-23 19:00:00,-6.94999e-05
2025-08-23 20:00:00,0.0016493202
2025-08-23 21:00:00,-0.0026837027
2025-08-23 22:00:00,0.0026316605
2025-08-23 23:00:00,0.000901682
2025-08-24 00:00:00,-0.0005027609
2025-08-24 01:00:00,0.0008060288
2025-08-24 02:00:00,-0.0039931649
2025-08-24 03:00:00,0.0001826444
2025-08-24 04:00:00,0.0012602068
2025-08-24 05:00:00,-0.0015298364
2025-08-24 06:00:00,-0.0010357058
2025-08-24 07:00:00,4.35386e-05
2025-08-24 08:00:00,-0.0004616061
2025-08-24 09:00:00,0.0001306649
2025-08-24 10:00:00,-0.0003746183
2025-08-24 11:00:00,-0.0004444967
2025-08-24 12:00:00,-0.0005144683
2025-08-24 13:00:00,-0.0010733875
2025-08-24 14:00:00,-0.0004017257
2025-08-24 15:00:00,-0.0009613033
2025-08-24 16:00:00,-0.0011722921
2025-08-24 17:00:00,0.0012859488
2025-08-24 18:00:00,0.0017905733
2025-08-24 19:00:00,-0.0178562023
2025-08-24 20:00:00,0.0016687826
2025-08-24 21:00:00,0.0019581529
2025-08-24 22:00:00,0.0042486538
2025-08-24 23:00:00,0.0002203313
2025-08-25 00:00:00,-0.0074831184
2025-08-25 01:00:00,0.0037308681
2025-08-25 02:00:00,0.0030205633
2025-08-25 03:00:00,-0.0044014
2025-08-25 04:00:00,-0.0014270965
2025-08-25 05:00:00,-0.0039996143
2025-08-25 06:00:00,-0.0034703826
2025-08-25 07:00:00,-0.0037246325
2025-08-25 08:00:00,-0.0008974164
2025-08-25 09:00:00,0.003468538
2025-08-25 10:00:00,-0.0073186061
2025-08-25 11:00:00,0.0019088959
2025-08-25 12:00:00,0.0036545383
2025-08-25 13:00:00,-0.0008518308
2025-08-25 14:00:00,0.0069725939
2025-08-25 15:00:00,-0.0005435437
2025-08-25 16:00:00,0.0029369642
2025-08-25 17:00:00,-0.0008446059
2025-08-25 18:00:00,-0.0003291449
2025-08-25 19:00:00,-0.0154938991
2025-08-25 20:00:00,-0.0099439152
2025-08-25 21:00:00,0.003052714
2025-08-25 22:00:00,0.0024173259
2025-08-25 23:00:00,-0.0003268152
2025-08-26 00:00:00,-0.0094877372
2025-08-26 01:00:00,0.0074882092
2025-08-26 02:00:00,-0.0017665436
2025-08-26 03:00:00,0.0015208713
2025-08-26 04:00:00,0.0021453188
2025-08-26 05:00:00,0.0011616406
2025-08-26 06:00:00,-0.0021882741
2025-08-26 07:00:00,0.002741394
2025-08-26 08:00:00,-0.0017783267
2025-08-26 09:00:00,0.0004539553
2025-08-26 10:00:00,0.000589834
2025-08-26 11:00:00,-0.003225648
2025-08-26 12:00:00,0.0031893606
2025-08-26 13:00:00,-0.0017978757
2025-08-26 14:00:00,0.0028949884
2025-08-26 15:00:00,-0.0061539215
2025-08-26 16:00:00,0.0043761755
2025-08-26 17:00:00,-0.0014444765
2025-08-26 18:00:00,0.0065153894
2025-08-26 19:00:00,0.0039033498
2025-08-26 20:00:00,0.0018696467
2025-08-26 21:00:00,0.0023052749
2025-08-26 22:00:00,0.002862973
2025-08-26 23:00:00,-0.0012873236
2025-08-27 00:00:00,-0.0036295078
2025-08-27 01:00:00,-0.0005927257
2025-08-27 02:00:00,-0.0011685185
2025-08-27 03:00:00,0.0021561995
2025-08-27 04:00:00,0.0014796948
2025-08-27 05:00:00,-0.0020093297
2025-08-27 06:00:00,-0.0029585421
2025-08-27 07:00:00,-0.00271444
2025-08-27 08:00:00,0.0002979563
2025-08-27 09:00:00,0.0005956464
2025-08-27 10:00:00,0.0013344035
2025-08-27 11:00:00,0.0031396353
2025-08-27 12:00:00,0.0003232991
2025-08-27 13:00:00,0.0012831846
2025-08-27 14:00:00,0.0028565691
2025-08-27 15:00:00,0.0018403543
2025-08-27 16:00:00,0.0010972396
2025-08-27 17:00:00,0.0020040355
2025-08-27 18:00:00,-0.0039048968
2025-08-27 19:00:00,0.0012944061
2025-08-27 20:00:00,0.002939659
2025-08-27 21:00:00,-0.0079749299
2025-08-27 22:00:00,-0.0009867684
2025-08-27 23:00:00,-0.0013202033
2025-08-28 00:00:00,0.0006827717
2025-08-28 01:00:00,0.0027174783
2025-08-28 02:00:00,-0.0012636505
2025-08-28 03:00:00,0.0045095502
2025-08-28 04:00:00,0.0085426159
2025-08-28 05:00:00,-0.0007880884
2025-08-28 06:00:00,0.0030426615
2025-08-28 07:00:00,-0.0007421216
2025-08-28 08:00:00,-0.0001060623
2025-08-28 09:00:00,-0.0023805216
2025-08-28 10:00:00,0.0024423926
2025-08-28 11:00:00,-0.0018843643
2025-08-28 12:00:00,0.0028826108
2025-08-28 13:00:00,-0.003954655
2025-08-28 14:00:00,0.0032657064
2025-08-28 15:00:00,-0.0042945313
2025-08-28 16:00:00,-0.0029504314
2025-08-28 17:00:00,0.0003292445
2025-08-28 18:00:00,-5.33836e-05
2025-08-28 19:00:00,-0.0043246299
2025-08-28 20:00:00,8.93567e-05
2025-08-28 21:00:00,0.0010984351
2025-08-28 22:00:00,0.0029321744
2025-08-28 23:00:00,0.0018937632
2025-08-29 00:00:00,-0.0032473772
2025-08-29 01:00:00,-0.0063113124
2025-08-29 02:00:00,-0.000493351
2025-08-29 03:00:00,0.0024643246
2025-08-29 04:00:00,-0.0018902666
2025-08-29 05:00:00,-0.0016962162
2025-08-29 06:00:00,-0.0003234153
2025-08-29 07:00:00,-0.0113223249
2025-08-29 08:00:00,-0.003696357
2025-08-29 09:00:00,0.0014310001
2025-08-29 10:00:00,0.00208359
2025-08-29 11:00:00,0.000826773
2025-08-29 12:00:00,0.0056780516
2025-08-29 13:00:00,-0.014883691
2025-08-29 14:00:00,-0.0084773962
2025-08-29 15:00:00,0.002031545
2025-08-29 16:00:00,0.003076387
2025-08-29 17:00:00,-0.0022557058
2025-08-29 18:00:00,-0.0031295752
2025-08-29 19:00:00,0.0007763832
2025-08-29 20:00:00,-0.0041291385
2025-08-29 21:00:00,0.0062979664
2025-08-29 22:00:00,-0.0008577398
2025-08-29 23:00:00,-0.0001476423
2025-08-30 00:00:00,-0.0005169199
2025-08-30 01:00:00,-0.0077395104
2025-08-30 02:00:00,0.0029824005
2025-08-30 03:00:00,0.005965915
2025-08-30 04:00:00,-3.68885e-05
2025-08-30 05:00:00,-0.0007195971
2025-08-30 06:00:00,-0.0003415285
2025-08-30 07:00:00,0.0018631426
2025-08-30 08:00:00,0.0004514278
2025-08-30 09:00:00,-0.0004053544
2025-08-30 10:00:00,-0.0007189868
2025-08-30 11:00:00,0.002385416
2025-08-30 12:00:00,-0.0007638189
2025-08-30 13:00:00,-0.0007459766
2025-08-30 14:00:00,0.0012153802
2025-08-30 15:00:00,0.0019488883
2025-08-30 16:00:00,-0.0005144317
2025-08-30 17:00:00,-0.0004135744
2025-08-30 18:00:00,-0.0002574216
2025-08-30 19:00:00,0.0008823125
2025-08-30 20:00:00,-0.0017193905
2025-08-30 21:00:00,-0.0003405509
2025-08-30 22:00:00,-0.0008104251
2025-08-30 23:00:00,0.0026314836
2025-08-31 00:00:00,0.0052422838
2025-08-31 01:00:00,0.0005300289
2025-08-31 02:00:00,-0.0019753273
2025-08-31 03:00:00,-0.00030213
2025-08-31 04:00:00,-0.0035499902
2025-08-31 05:00:00,-0.0004595757
2025-08-31 06:00:00,-0.0003862069
2025-08-31 07:00:00,-1.83945e-05
2025-08-31 08:00:00,0.0027645766
2025-08-31 09:00:00,-0.004836124
2025-08-31 10:00:00,0.0006817826
2025-08-31 11:00:00,-0.0016315247
2025-08-31 12:00:00,-0.0005259734
2025-08-31 13:00:00,0.0008303579
2025-08-31 14:00:00,0.0003042919
2025-08-31 15:00:00,0.0032492216
2025-08-31 16:00:00,0.0010654323
2025-08-31 17:00:00,0.0006882534
2025-08-31 18:00:00,0.001393409
2025-08-31 19:00:00,-0.0020174054
2025-08-31 20:00:00,0.0017242174
2025-08-31 21:00:00,-0.0008067104
2025-08-31 22:00:00,-0.0012571981
2025-08-31 23:00:00,-0.0058478891
2025-09-01 00:00:00,-0.0002586486
2025-09-01 01:00:00,-0.0006284252
2025-09-01 02:00:00,-0.0049766331
2025-09-01 03:00:00,0.0003158296
2025-09-01 04:00:00,-0.0024083961
2025-09-01 05:00:00,0.0043198217
2025-09-01 06:00:00,0.0018615167
2025-09-01 07:00:00,0.0123680306
2025-09-01 08:00:00,0.0015524125
2025-09-01 09:00:00,-0.0006389368
2025-09-01 10:00:00,-0.0087303161
2025-09-01 11:00:00,0.0018864024
2025-09-01 12:00:00,0.0032033217
2025-09-01 13:00:00,-0.0007333798
2025-09-01 14:00:00,0.0011365096
2025-09-01 15:00:00,-0.003569679
2025-09-01 16:00:00,0.0001378848
2025-09-01 17:00:00,0.0013686238
2025-09-01 18:00:00,0.0026400961
2025-09-01 19:00:00,-0.0001190209
2025-09-01 20:00:00,-0.0031730046
2025-09-01 21:00:00,-0.0099044983
2025-09-01 22:00:00,0.0060761788
2025-09-01 23:00:00,0.0072393518
2025-09-02 00:00:00,-0.0018874672
2025-09-02 01:00:00,0.0025920631
2025-09-02 02:00:00,0.0084075826
2025-09-02 03:00:00,0.0007435282
2025-09-02 04:00:00,-0.0001269047
2025-09-02 05:00:00,-0.0009160043
2025-09-02 06:00:00,0.0015775448
2025-09-02 07:00:00,-0.0011874602
2025-09-02 08:00:00,0.0010787439
2025-09-02 09:00:00,0.0007154987
2025-09-02 10:00:00,-0.0016582024
2025-09-02 11:00:00,-0.0046722261
2025-09-02 12:00:00,-0.0085095216
2025-09-02 13:00:00,0.021364449
2025-09-02 14:00:00,0.001761434
2025-09-02 15:00:00,-0.004743163
2025-09-02 16:00:00,-0.0004782638
2025-09-02 17:00:00,0.0011907233
2025-09-02 18:00:00,-0.0024461256
2025-09-02 19:00:00,0.0014178571
2025-09-02 20:00:00,0.0055975668
2025-09-02 21:00:00,-0.0025519158
2025-09-02 22:00:00,0.0012318428
2025-09-02 23:00:00,-0.0004134423
2025-09-03 00:00:00,0.0010063436
2025-09-03 01:00:00,-0.0014829131
2025-09-03 02:00:00,0.0018061657
2025-09-03 03:00:00,-0.0028500165
2025-09-03 04:00:00,-0.0002701389
2025-09-03 05:00:00,-0.0029221591
2025-09-03 06:00:00,0.0002528696
2025-09-03 07:00:00,0.0033624992
2025-09-03 08:00:00,-0.0008733428
2025-09-03 09:00:00,0.002761476
2025-09-03 10:00:00,0.0012298634
2025-09-03 11:00:00,6.27991e-05
2025-09-03 12:00:00,-0.0028838529
2025-09-03 13:00:00,0.0030632573
2025-09-03 14:00:00,0.0072745792
2025-09-03 15:00:00,-0.0005165887
2025-09-03 16:00:00,-0.0031677081
2025-09-03 17:00:00,0.0039959024
2025-09-03 18:00:00,-0.0027811718
2025-09-03 19:00:00,0.0020420636
2025-09-03 20:00:00,7.12631e-05
2025-09-03 21:00:00,-0.0019169648
2025-09-03 22:00:00,-0.0004731192
2025-09-03 23:00:00,-0.0021183892
2025-09-04 00:00:00,0.0032784718
2025-09-04 01:00:00,-0.0011243677
2025-09-04 02:00:00,-0.0045011866
2025-09-04 03:00:00,-0.0027752224
2025-09-04 04:00:00,-0.0019265227
2025-09-04 05:00:00,-0.0025443699
2025-09-04 06:00:00,-0.0024240682
2025-09-04 07:00:00,0.0007423166
2025-09-04 08:00:00,0.001492018
2025-09-04 09:00:00,0.0016612049
2025-09-04 10:00:00,-0.0016069917
2025-09-04 11:00:00,0.0016430742
2025-09-04 12:00:00,0.0010458272
2025-09-04 13:00:00,-0.0045156997
2025-09-04 14:00:00,-0.0056461426
2025-09-04 15:00:00,-0.0030176661
2025-09-04 16:00:00,-0.0007307138
2025-09-04 17:00:00,0.0031656133
2025-09-04 18:00:00,0.0019563869
2025-09-04 19:00:00,-0.0017013847
2025-09-04 20:00:00,0.0054668764
2025-09-04 21:00:00,0.000805696
2025-09-04 22:00:00,0.0087483158
2025-09-04 23:00:00,-0.0065879118
2025-09-05 00:00:00,-0.0023142508
2025-09-05 01:00:00,0.0056946272
2025-09-05 02:00:00,0.0020047924
2025-09-05 03:00:00,-0.0002155695
2025-09-05 04:00:00,0.0012568342
2025-09-05 05:00:00,0.0012194139
2025-09-05 06:00:00,0.0027561292
2025-09-05 07:00:00,0.0095428124
2025-09-05 08:00:00,-0.0030583639
2025-09-05 09:00:00,-0.0028718406
2025-09-05 10:00:00,-0.0003829422
2025-09-05 11:00:00,0.0009526312
2025-09-05 12:00:00,0.0076327113
2025-09-05 13:00:00,-0.0011663973
2025-09-05 14:00:00,-0.0226229716
2025-09-05 15:00:00,0.001346619
2025-09-05 16:00:00,0.0008847081
2025-09-05 17:00:00,-0.0019148442
2025-09-05 18:00:00,0.0054818372
2025-09-05 19:00:00,0.0037155747
2025-09-05 20:00:00,0.0001164494
2025-09-05 21:00:00,-0.0091782563
2025-09-05 22:00:00,0.0017521681
2025-09-05 23:00:00,-0.0013364278
2025-09-06 00:00:00,0.0011378826
2025-09-06 01:00:00,0.0008209996
2025-09-06 02:00:00,0.0030255574
2025-09-06 03:00:00,-0.0011965221
2025-09-06 04:00:00,-0.0018109989
2025-09-06 05:00:00,-0.001561351
2025-09-06 06:00:00,0.0004244233
2025-09-06 07:00:00,0.0006498312
2025-09-06 08:00:00,0.001208285
2025-09-06 09:00:00,-0.0022193162
2025-09-06 10:00:00,0.0006590917
2025-09-06 11:00:00,3.61021e-05
2025-09-06 12:00:00,0.0004421445
2025-09-06 13:00:00,0.0009377819
2025-09-06 14:00:00,-0.0011001796
2025-09-06 15:00:00,-0.0037877292
2025-09-06 16:00:00,-0.0011055733
2025-09-06 17:00:00,-0.0009797252
2025-09-06 18:00:00,0.0006351165
2025-09-06 19:00:00,-0.0017429989
2025-09-06 20:00:00,0.000935424
2025-09-06 21:00:00,0.000662441
2025-09-06 22:00:00,-0.0001995936
2025-09-06 23:00:00,9.07293e-05
2025-09-07 00:00:00,0.0014867869
2025-09-07 01:00:00,0.0017468676
2025-09-07 02:00:00,0.0009852262
2025-09-07 03:00:00,-0.0002620296
2025-09-07 04:00:00,-0.0007141534
2025-09-07 05:00:00,0.000840659
2025-09-07 06:00:00,-0.0013381557
2025-09-07 07:00:00,0.0022051921
2025-09-07 08:00:00,0.0027946829
2025-09-07 09:00:00,0.0004050314
2025-09-07 10:00:00,0.0010792824
2025-09-07 11:00:00,0.0004942821
2025-09-07 12:00:00,-0.0014745817
2025-09-07 13:00:00,0.0008005001
2025-09-07 14:00:00,-0.0007465137
2025-09-07 15:00:00,0.0017080652
2025-09-07 16:00:00,-0.0010874304
2025-09-07 17:00:00,-0.0020973143
2025-09-07 18:00:00,0.0007296082
2025-09-07 19:00:00,0.0018801141
2025-09-07 20:00:00,0.0005929866
2025-09-07 21:00:00,-0.0024460884
2025-09-07 22:00:00,0.0017362599
2025-09-07 23:00:00,-0.000998206
2025-09-08 00:00:00,-0.0027028504
2025-09-08 01:00:00,0.0003878574
2025-09-08 02:00:00,0.0032323006
2025-09-08 03:00:00,-0.0018624744
2025-09-08 04:00:00,-0.0005404967
2025-09-08 05:00:00,0.0005224849
2025-09-08 06:00:00,0.00073822
2025-09-08 07:00:00,0.001295069
2025-09-08 08:00:00,0.0036334152
2025-09-08 09:00:00,0.0037005629
2025-09-08 10:00:00,-0.00033017
2025-09-08 11:00:00,-2.67753e-05
2025-09-08 12:00:00,-0.0001428138
2025-09-08 13:00:00,-0.0010985626
2025-09-08 14:00:00,0.0065644678
2025-09-08 15:00:00,3.55107e-05
2025-09-08 16:00:00,-0.00210619
2025-09-08 17:00:00,-0.0016026073
2025-09-08 18:00:00,0.0023940596
2025-09-08 19:00:00,-0.0036244669
2025-09-08 20:00:00,-0.001124739
2025-09-08 21:00:00,0.0034594398
2025-09-08 22:00:00,-0.0007924742
2025-09-08 23:00:00,-0.0014619364
2025-09-09 00:00:00,-0.0039239046
2025-09-09 01:00:00,-0.0024748715
2025-09-09 02:00:00,-0.0003951114
2025-09-09 03:00:00,0.0033624327
2025-09-09 04:00:00,0.0028068061
2025-09-09 05:00:00,0.0015608906
2025-09-09 06:00:00,0.0073435395
2025-09-09 07:00:00,-0.0003008503
2025-09-09 08:00:00,3.53989e-05
2025-09-09 09:00:00,-0.0001770068
2025-09-09 10:00:00,-0.0019668826
2025-09-09 11:00:00,-0.0027975027
2025-09-09 12:00:00,0.0021498889
2025-09-09 13:00:00,0.0007628983
2025-09-09 14:00:00,-0.0088891849
2025-09-09 15:00:00,-0.0079673823
2025-09-09 16:00:00,0.0010275548
2025-09-09 17:00:00,0.0003152656
2025-09-09 18:00:00,0.0010081826
2025-09-09 19:00:00,0.001447484
2025-09-09 20:00:00,0.0019297141
2025-09-09 21:00:00,-0.0019746356
2025-09-09 22:00:00,0.0022256733
2025-09-09 23:00:00,-0.0001793063
2025-09-10 00:00:00,-0.0046372518
2025-09-10 01:00:00,0.0001080877
2025-09-10 02:00:00,0.0034436751
2025-09-10 03:00:00,0.0012916885
2025-09-10 04:00:00,-0.0002241318
2025-09-10 05:00:00,0.0003944384
2025-09-10 06:00:00,0.0018356762
2025-09-10 07:00:00,0.0068206094
2025-09-10 08:00:00,-0.0014137923
2025-09-10 09:00:00,-0.0010772457
2025-09-10 10:00:00,0.0001514187
2025-09-10 11:00:00,8.01535e-05
2025-09-10 12:00:00,0.010039471
2025-09-10 13:00:00,0.005021667
2025-09-10 14:00:00,-0.0003772873
2025-09-10 15:00:00,-0.0006584001
2025-09-10 16:00:00,-0.0007203472
2025-09-10 17:00:00,-0.0002373011
2025-09-10 18:00:00,-0.0012225532
2025-09-10 19:00:00,-5.28057e-05
2025-09-10 20:00:00,-0.0001848421
2025-09-10 21:00:00,0.0024441936
2025-09-10 22:00:00,0.0003599696
2025-09-10 23:00:00,0.0006055102
2025-09-11 00:00:00,-0.000675738
2025-09-11 01:00:00,0.0002018916
2025-09-11 02:00:00,-0.0007726754
2025-09-11 03:00:00,0.0051166244
2025-09-11 04:00:00,-0.0020995546
2025-09-11 05:00:00,0.0009453451
2025-09-11 06:00:00,0.0004810825
2025-09-11 07:00:00,-0.0020834435
2025-09-11 08:00:00,-0.0002629273
2025-09-11 09:00:00,-0.001421003
2025-09-11 10:00:00,0.0015875316
2025-09-11 11:00:00,-0.0005172059
2025-09-11 12:00:00,-0.000412203
2025-09-11 13:00:00,0.0057031049
2025-09-11 14:00:00,-0.0013441214
2025-09-11 15:00:00,-0.0023434368
2025-09-11 16:00:00,0.0025093677
2025-09-11 17:00:00,0.0009339392
2025-09-11 18:00:00,-0.0024545463
2025-09-11 19:00:00,0.001048942
2025-09-11 20:00:00,-0.0001223199
2025-09-11 21:00:00,0.000681306
2025-09-11 22:00:00,0.0051558627
2025-09-11 23:00:00,0.003607201
2025-09-12 00:00:00,0.0031370338
2025-09-12 01:00:00,-0.0040722688
2025-09-12 02:00:00,0.0001905818
2025-09-12 03:00:00,-0.001777285
2025-09-12 04:00:00,0.0012660974
2025-09-12 05:00:00,0.0023631362
2025-09-12 06:00:00,-0.0026231624
2025-09-12 07:00:00,-0.0017873416
2025-09-12 08:00:00,-0.0005733198
2025-09-12 09:00:00,-1.73785e-05
2025-09-12 10:00:00,-0.0006084364
2025-09-12 11:00:00,-0.000600107
2025-09-12 12:00:00,0.0014344398
2025-09-12 13:00:00,0.0007902359
2025-09-12 14:00:00,0.0009283803
2025-09-12 15:00:00,-0.0013451302
2025-09-12 16:00:00,0.0033551115
2025-09-12 17:00:00,0.0030074171
2025-09-12 18:00:00,0.0057562163
2025-09-12 19:00:00,0.0019370881
2025-09-12 20:00:00,-0.0044282415
2025-09-12 21:00:00,-0.0025663563
2025-09-12 22:00:00,0.0013959502
2025-09-12 23:00:00,-0.0001980718
2025-09-13 00:00:00,0.0016436686
2025-09-13 01:00:00,-0.0039113703
2025-09-13 02:00:00,0.000888724
2025-09-13 03:00:00,0.0006983451
2025-09-13 04:00:00,-0.0022433335
2025-09-13 05:00:00,6.04634e-05
2025-09-13 06:00:00,0.0002849926
2025-09-13 07:00:00,0.0003971269
2025-09-13 08:00:00,0.001733424
2025-09-13 09:00:00,0.0003790555
2025-09-13 10:00:00,-0.0007323956
2025-09-13 11:00:00,0.0002154662
2025-09-13 12:00:00,0.0002843443
2025-09-13 13:00:00,-0.0021647737
2025-09-13 14:00:00,0.0003366669
2025-09-13 15:00:00,-0.0002157991
2025-09-13 16:00:00,-0.003831704
2025-09-13 17:00:00,0.0020257993
2025-09-13 18:00:00,0.0006484272
2025-09-13 19:00:00,0.0012610669
2025-09-13 20:00:00,0.0009921877
2025-09-13 21:00:00,-0.000112111
2025-09-13 22:00:00,-0.0001293745
2025-09-13 23:00:00,0.0003966954
2025-09-14 00:00:00,0.0001034599
2025-09-14 01:00:00,0.0001896486
2025-09-14 02:00:00,-0.0008709563
2025-09-14 03:00:00,-0.0016577738
2025-09-14 04:00:00,0.0007687889
2025-09-14 05:00:00,0.0010011307
2025-09-14 06:00:00,-0.0011392963
2025-09-14 07:00:00,0.0006733774
2025-09-14 08:00:00,0.0009833521
2025-09-14 09:00:00,0.0010082253
2025-09-14 10:00:00,-0.0001464312
2025-09-14 11:00:00,-0.0019573443
2025-09-14 12:00:00,-0.0001812697
2025-09-14 13:00:00,-0.0037362852
2025-09-14 14:00:00,0.0005457452
2025-09-14 15:00:00,-0.0015687365
2025-09-14 16:00:00,0.0021661159
2025-09-14 17:00:00,0.0006056726
2025-09-14 18:00:00,-0.0013935957
2025-09-14 19:00:00,0.0020421238
2025-09-14 20:00:00,0.0014943361
2025-09-14 21:00:00,0.0021899581
2025-09-14 22:00:00,-0.0003962511
2025-09-14 23:00:00,-0.0062487509
2025-09-15 00:00:00,-0.0019091925
2025-09-15 01:00:00,0.0013801906
2025-09-15 02:00:00,0.0011443732
2025-09-15 03:00:00,0.0006756055
2025-09-15 04:00:00,0.0052248302
2025-09-15 05:00:00,0.0040316223
2025-09-15 06:00:00,-0.0034202464
2025-09-15 07:00:00,-0.0027670881
2025-09-15 08:00:00,-0.009383877
2025-09-15 09:00:00,0.0012539623
2025-09-15 10:00:00,-0.0008532201
2025-09-15 11:00:00,0.0026182921
2025-09-15 12:00:00,-0.0031061735
2025-09-15 13:00:00,-0.000287613
2025-09-15 14:00:00,-9.58894e-05
2025-09-15 15:00:00,0.0016201671
2025-09-15 16:00:00,-0.0016637562
2025-09-15 17:00:00,0.0038372732
2025-09-15 18:00:00,0.0014839695
2025-09-15 19:00:00,0.0002081003
2025-09-15 20:00:00,0.0005807176
2025-09-15 21:00:00,0.0013248533
2025-09-15 22:00:00,-0.0019922741
2025-09-15 23:00:00,0.0004854411
2025-09-16 00:00:00,-0.0024121905
2025-09-16 01:00:00,-0.000417083
2025-09-16 02:00:00,0.0
2025-09-16 03:00:00,0.0024045255
2025-09-16 04:00:00,0.0016719442
2025-09-16 05:00:00,0.0036977881
2025-09-16 06:00:00,-0.0013548442
2025-09-16 07:00:00,0.0005438841
2025-09-16 08:00:00,-0.0015893174
2025-09-16 09:00:00,-0.0015918473
2025-09-16 10:00:00,-0.0008661984
2025-09-16 11:00:00,-0.0007021711
2025-09-16 12:00:00,0.0011959962
2025-09-16 13:00:00,-0.002150352
2025-09-16 14:00:00,0.000937012
2025-09-16 15:00:00,0.0053708469
2025-09-16 16:00:00,0.0013360631
2025-09-16 17:00:00,0.0036199368
2025-09-16 18:00:00,-0.0004120632
2025-09-16 19:00:00,0.0033431086
2025-09-16 20:00:00,0.0004277965
2025-09-16 21:00:00,-0.0002737687
2025-09-16 22:00:00,0.0001368937
2025-09-16 23:00:00,-0.0004278551
2025-09-17 00:00:00,-0.0019276165
2025-09-17 01:00:00,0.0009000168
2025-09-17 02:00:00,0.0002484334
2025-09-17 03:00:00,-0.0027104007
2025-09-17 04:00:00,-0.0005756187
2025-09-17 05:00:00,0.0067490856
2025-09-17 06:00:00,0.0011687477
2025-09-17 07:00:00,-0.0007505715
2025-09-17 08:00:00,-0.0026314456
2025-09-17 09:00:00,-0.0024411252
2025-09-17 10:00:00,-0.0019142376
2025-09-17 11:00:00,-0.000825196
2025-09-17 12:00:00,-0.0004730756
2025-09-17 13:00:00,-0.000817658
2025-09-17 14:00:00,-0.0042885746
2025-09-17 15:00:00,0.0023148358
2025-09-17 16:00:00,-0.0020208657
2025-09-17 17:00:00,0.0002247424
2025-09-17 18:00:00,-0.0041051814
2025-09-17 19:00:00,0.0041051814
2025-09-17 20:00:00,-0.0002679679
2025-09-17 21:00:00,0.003615829
2025-09-17 22:00:00,0.0043749828
2025-09-17 23:00:00,-0.0010382925
2025-09-18 00:00:00,-0.0007901676
2025-09-18 01:00:00,0.0027285849
2025-09-18 02:00:00,0.0024647629
2025-09-18 03:00:00,0.0053620803
2025-09-18 04:00:00,0.0001105193
2025-09-18 05:00:00,-0.0027581293
2025-09-18 06:00:00,-0.0015441252
2025-09-18 07:00:00,-0.0001451509
2025-09-18 08:00:00,0.0013482381
2025-09-18 09:00:00,0.0006393508
2025-09-18 10:00:00,-0.0009975659
2025-09-18 11:00:00,-0.0010754158
2025-09-18 12:00:00,0.0006402677
2025-09-18 13:00:00,0.0025229293
2025-09-18 14:00:00,0.0019305107
2025-09-18 15:00:00,-0.0005694108
2025-09-18 16:00:00,-0.0001105203
2025-09-18 17:00:00,0.0001955275
2025-09-18 18:00:00,0.0020719412
2025-09-18 19:00:00,-0.0032116394
2025-09-18 20:00:00,0.0006125366
2025-09-18 21:00:00,-0.0019409878
2025-09-18 22:00:00,-0.0019703768
2025-09-18 23:00:00,3.41521e-05
2025-09-19 00:00:00,0.0029242155
2025-09-19 01:00:00,-0.0013459525
2025-09-19 02:00:00,-0.0012368058
2025-09-19 03:00:00,-0.0011614304
2025-09-19 04:00:00,8.54453e-05
2025-09-19 05:00:00,-0.0007179672
2025-09-19 06:00:00,-0.0018999698
2025-09-19 07:00:00,0.0020538633
2025-09-19 08:00:00,0.0001111306
2025-09-19 09:00:00,-0.003776805
2025-09-19 10:00:00,0.0004546566
2025-09-19 11:00:00,-0.0012186018
2025-09-19 12:00:00,-0.0021490411
2025-09-19 13:00:00,0.0010235195
2025-09-19 14:00:00,-0.0033065567
2025-09-19 15:00:00,6.03737e-05
2025-09-19 16:00:00,0.0016889858
2025-09-19 17:00:00,-0.0047986559
2025-09-19 18:00:00,-0.0010820123
2025-09-19 19:00:00,-0.0026276666
2025-09-19 20:00:00,0.0019432305
2025-09-19 21:00:00,0.0011952917
2025-09-19 22:00:00,0.0012889665
2025-09-19 23:00:00,0.0002679656
2025-09-20 00:00:00,0.0007084662
2025-09-20 01:00:00,-0.0008554062
2025-09-20 02:00:00,-0.0001296709
2025-09-20 03:00:00,-0.0013668886
2025-09-20 04:00:00,0.001116144
2025-09-20 05:00:00,0.0011580877
2025-09-20 06:00:00,-6.04639e-05
2025-09-20 07:00:00,0.0022347342
2025-09-20 08:00:00,-0.0022088206
2025-09-20 09:00:00,-0.0003369287
2025-09-20 10:00:00,0.0006737439
2025-09-20 11:00:00,0.0012771394
2025-09-20 12:00:00,-0.0001121158
2025-09-20 13:00:00,0.000431146
2025-09-20 14:00:00,0.0004395775
2025-09-20 15:00:00,0.0001723306
2025-09-20 16:00:00,0.0004306966
2025-09-20 17:00:00,-0.001853313
2025-09-20 18:00:00,-0.0009236281
2025-09-20 19:00:00,-0.0001036377
2025-09-20 20:00:00,0.0001727235
2025-09-20 21:00:00,0.0005525148
2025-09-20 22:00:00,-6.90477e-05
2025-09-20 23:00:00,-0.0008548596
2025-09-21 00:00:00,-0.000302398
2025-09-21 01:00:00,-0.0012797235
2025-09-21 02:00:00,0.0016425901
2025-09-21 03:00:00,-0.0003801493
2025-09-21 04:00:00,-0.0013143561
2025-09-21 05:00:00,0.001495809
2025-09-21 06:00:00,0.0003368967
2025-09-21 07:00:00,0.0009409815
2025-09-21 08:00:00,-0.0016581031
2025-09-21 09:00:00,0.0005875593
2025-09-21 10:00:00,-0.0015560573
2025-09-21 11:00:00,0.0007610416
2025-09-21 12:00:00,0.0006395188
2025-09-21 13:00:00,-0.0001814435
2025-09-21 14:00:00,-0.0014094679
2025-09-21 15:00:00,0.0002509095
2025-09-21 16:00:00,-0.0018356891
2025-09-21 17:00:00,0.0027004119
2025-09-21 18:00:00,-0.0008214689
2025-09-21 19:00:00,-0.0003893525
2025-09-21 20:00:00,-0.0014895905
2025-09-21 21:00:00,0.0007450726
2025-09-21 22:00:00,0.0011684722
2025-09-21 23:00:00,-0.0026938668
2025-09-22 00:00:00,-0.0070417003
2025-09-22 01:00:00,-0.0011799102
2025-09-22 02:00:00,-0.0006736098
2025-09-22 03:00:00,0.0039302734
2025-09-22 04:00:00,-0.0020942233
2025-09-22 05:00:00,-0.006440978
2025-09-22 06:00:00,-0.0074831362
2025-09-22 07:00:00,-0.0026963279
2025-09-22 08:00:00,0.0011095677
2025-09-22 09:00:00,-0.0027539906
2025-09-22 10:00:00,0.0039952465
2025-09-22 11:00:00,0.0008591104
2025-09-22 12:00:00,-0.0011426902
2025-09-22 13:00:00,0.0036891107
2025-09-22 14:00:00,-0.002033078
2025-09-22 15:00:00,-0.0009649477
2025-09-22 16:00:00,-0.0020125637
2025-09-22 17:00:00,-0.0018921313
2025-09-22 18:00:00,0.0004267084
2025-09-22 19:00:00,-0.0029907895
2025-09-22 20:00:00,0.0059194911
2025-09-22 21:00:00,0.0018504178
2025-09-22 22:00:00,-0.0028877944
2025-09-22 23:00:00,0.0001330572
2025-09-23 00:00:00,-0.0022732732
2025-09-23 01:00:00,-0.0021180792
2025-09-23 02:00:00,-0.0028906653
2025-09-23 03:00:00,0.0043862457
2025-09-23 04:00:00,0.0009069408
2025-09-23 05:00:00,0.0019356105
2025-09-23 06:00:00,0.0026133384
2025-09-23 07:00:00,0.001034588
2025-09-23 08:00:00,0.0004241369
2025-09-23 09:00:00,-0.0017330261
2025-09-23 10:00:00,0.0002300641
2025-09-23 11:00:00,0.0002388567
2025-09-23 12:00:00,-0.0003892772
2025-09-23 13:00:00,3.53951e-05
2025-09-23 14:00:00,-0.0027202221
2025-09-23 15:00:00,0.0020652099
2025-09-23 16:00:00,-0.0006022816
2025-09-23 17:00:00,-0.00791643
2025-09-23 18:00:00,-0.0015550574
2025-09-23 19:00:00,-0.0011634048
2025-09-23 20:00:00,0.0030398965
2025-09-23 21:00:00,0.0014808342
2025-09-23 22:00:00,5.34831e-05
2025-09-23 23:00:00,-0.0014539748
2025-09-24 00:00:00,0.0020599166
2025-09-24 01:00:00,0.0019489974
2025-09-24 02:00:00,-0.0029115472
2025-09-24 03:00:00,-0.0038236865
2025-09-24 04:00:00,0.0042426877
2025-09-24 05:00:00,0.0041271283
2025-09-24 06:00:00,-0.0003639963
2025-09-24 07:00:00,-8.87997e-05
2025-09-24 08:00:00,0.0003285195
2025-09-24 09:00:00,0.0010115172
2025-09-24 10:00:00,0.0017809759
2025-09-24 11:00:00,0.0009025671
2025-09-24 12:00:00,0.0003095168
2025-09-24 13:00:00,-0.0020888845
2025-09-24 14:00:00,0.0079691541
2025-09-24 15:00:00,-0.0032752851
2025-09-24 16:00:00,0.0033719718
2025-09-24 17:00:00,0.0002460695
2025-09-24 18:00:00,-0.0009582545
2025-09-24 19:00:00,-0.0019985832
2025-09-24 20:00:00,0.0008016739
2025-09-24 21:00:00,-0.0014540586
2025-09-24 22:00:00,-0.000132292
2025-09-24 23:00:00,-0.0003440413
2025-09-25 00:00:00,-0.0020667369
2025-09-25 01:00:00,-0.0037823973
2025-09-25 02:00:00,0.0021808326
2025-09-25 03:00:00,-0.002908835
2025-09-25 04:00:00,-0.0074972159
2025-09-25 05:00:00,9.84248e-05
2025-09-25 06:00:00,-0.001862765
2025-09-25 07:00:00,0.0019969649
2025-09-25 08:00:00,-9.84115e-05
2025-09-25 09:00:00,-0.0013966983
2025-09-25 10:00:00,0.0005374225
2025-09-25 11:00:00,-0.0027079632
2025-09-25 12:00:00,-0.0020852815
2025-09-25 13:00:00,-0.0010712952
2025-09-25 14:00:00,0.0051120676
2025-09-25 15:00:00,0.000600232
2025-09-25 16:00:00,-0.005964536
2025-09-25 17:00:00,-0.0192391469
2025-09-25 18:00:00,0.0082777008
2025-09-25 19:00:00,-0.0035953536
2025-09-25 20:00:00,-0.0016743296
2025-09-25 21:00:00,0.0022135438
2025-09-25 22:00:00,0.000137042
2025-09-25 23:00:00,-0.0040460684
2025-09-26 00:00:00,0.0046123095
2025-09-26 01:00:00,0.0019337602
2025-09-26 02:00:00,-0.0006563295
2025-09-26 03:00:00,-0.0003192047
2025-09-26 04:00:00,-0.002328715
2025-09-26 05:00:00,-0.0006493536
2025-09-26 06:00:00,0.0010515585
2025-09-26 07:00:00,-0.0002376469
2025-09-26 08:00:00,0.0023283323
2025-09-26 09:00:00,-3.6481e-05
2025-09-26 10:00:00,-0.0062854448
2025-09-26 11:00:00,0.002099541
2025-09-26 12:00:00,0.0022139488
2025-09-26 13:00:00,0.0024916843
2025-09-26 14:00:00,-0.0073651847
2025-09-26 15:00:00,0.0017249293
2025-09-26 16:00:00,0.0039615607
2025-09-26 17:00:00,0.0041187195
2025-09-26 18:00:00,-0.0015926251
2025-09-26 19:00:00,-0.0050494321
2025-09-26 20:00:00,0.001225894
2025-09-26 21:00:00,0.0013248363
2025-09-26 22:00:00,0.000885291
2025-09-26 23:00:00,0.0007204316
2025-09-27 00:00:00,0.0001276173
2025-09-27 01:00:00,-0.0019799006
2025-09-27 02:00:00,-0.0001826768
2025-09-27 03:00:00,0.0014513592
2025-09-27 04:00:00,0.0007294478
2025-09-27 05:00:00,-0.0002278953
2025-09-27 06:00:00,-0.0008938507
2025-09-27 07:00:00,-0.0011869546
2025-09-27 08:00:00,-0.0012981316
2025-09-27 09:00:00,0.0003201185
2025-09-27 10:00:00,0.0012246504
2025-09-27 11:00:00,-0.001114919
2025-09-27 12:00:00,0.0007951923
2025-09-27 13:00:00,-0.0007586179
2025-09-27 14:00:00,-0.0001463058
2025-09-27 15:00:00,0.0009780131
2025-09-27 16:00:00,-0.0002375601
2025-09-27 17:00:00,-5.48296e-05
2025-09-27 18:00:00,0.0004385524
2025-09-27 19:00:00,-1.82692e-05
2025-09-27 20:00:00,-0.0002923522
2025-09-27 21:00:00,0.0007215897
2025-09-27 22:00:00,0.0012318925
2025-09-27 23:00:00,0.0002188443
2025-09-28 00:00:00,-0.0001823669
2025-09-28 01:00:00,-0.0023280984
2025-09-28 02:00:00,0.0008040348
2025-09-28 03:00:00,-1.82663e-05
2025-09-28 04:00:00,-0.0006029765
2025-09-28 05:00:00,-0.0002284952
2025-09-28 06:00:00,0.0005026205
2025-09-28 07:00:00,0.0009405921
2025-09-28 08:00:00,0.0
2025-09-28 09:00:00,3.651e-05
2025-09-28 10:00:00,-0.0013517589
2025-09-28 11:00:00,2.74187e-05
2025-09-28 12:00:00,-0.0005485163
2025-09-28 13:00:00,0.0028763597
2025-09-28 14:00:00,0.001858381
2025-09-28 15:00:00,0.0016459712
2025-09-28 16:00:00,0.0017611872
2025-09-28 17:00:00,-7.2565e-05
2025-09-28 18:00:00,0.0005713068
2025-09-28 19:00:00,0.0004713091
2025-09-28 20:00:00,0.0044754131
2025-09-28 21:00:00,0.0001804045
2025-09-28 22:00:00,0.0097116899
2025-09-28 23:00:00,0.0022216581
2025-09-29 00:00:00,0.0008196065
2025-09-29 01:00:00,-0.0036488414
2025-09-29 02:00:00,-0.0008226038
2025-09-29 03:00:00,0.0007600381
2025-09-29 04:00:00,-0.0001966604
2025-09-29 05:00:00,-0.0005902132
2025-09-29 06:00:00,-0.0008770203
2025-09-29 07:00:00,0.0017800841
2025-09-29 08:00:00,0.0021337103
2025-09-29 09:00:00,2.67541e-05
2025-09-29 10:00:00,1.78356e-05
2025-09-29 11:00:00,0.0001248406
2025-09-29 12:00:00,-0.0007046619
2025-09-29 13:00:00,0.0107388586
2025-09-29 14:00:00,0.0072037993
2025-09-29 15:00:00,-0.0019212133
2025-09-29 16:00:00,-0.0016961893
2025-09-29 17:00:00,0.0038189598
2025-09-29 18:00:00,-0.0002716736
2025-09-29 19:00:00,0.0022150536
2025-09-29 20:00:00,-0.0002274079
2025-09-29 21:00:00,-0.0006037564
2025-09-29 22:00:00,3.50103e-05
2025-09-29 23:00:00,0.0010934556
2025-09-30 00:00:00,0.001834318
2025-09-30 01:00:00,-4.36352e-05
2025-09-30 02:00:00,-0.0004713811
2025-09-30 03:00:00,-0.0007861292
2025-09-30 04:00:00,-0.0023796204
2025-09-30 05:00:00,-0.0018059883
2025-09-30 06:00:00,-7.89768e-05
2025-09-30 07:00:00,-0.0017566516
2025-09-30 08:00:00,-0.0021825423
2025-09-30 09:00:00,-0.0059291767
2025-09-30 10:00:00,0.0010895032
2025-09-30 11:00:00,0.001327058
2025-09-30 12:00:00,-0.0005483038
2025-09-30 13:00:00,0.0035233536
2025-09-30 14:00:00,0.0016558337
2025-09-30 15:00:00,-0.004401039
2025-09-30 16:00:00,-0.0024337264
2025-09-30 17:00:00,0.0035468401
2025-09-30 18:00:00,0.0040532618
2025-09-30 19:00:00,0.00569957
2025-09-30 20:00:00,0.0023841661
2025-09-30 21:00:00,-0.0039329871
2025-09-30 22:00:00,-0.0020161827
2025-09-30 23:00:00,0.0009034019
2025-10-01 00:00:00,0.0016993399
2025-10-01 01:00:00,0.0027181886
2025-10-01 02:00:00,-0.0023856662
2025-10-01 03:00:00,-0.0008840534
2025-10-01 04:00:00,0.0009365468
2025-10-01 05:00:00,0.0024815426
2025-10-01 06:00:00,-0.0025602838
2025-10-01 07:00:00,0.0025079205
2025-10-01 08:00:00,0.0134885322
2025-10-01 09:00:00,0.0026914676
2025-10-01 10:00:00,-0.0012201516
2025-10-01 11:00:00,0.004555074
2025-10-01 12:00:00,-0.0033950359
2025-10-01 13:00:00,0.0036346532
2025-10-01 14:00:00,0.0044822259
2025-10-01 15:00:00,0.0009195716
2025-10-01 16:00:00,0.0012162813
2025-10-01 17:00:00,-0.0068748138
2025-10-01 18:00:00,0.0039293788
2025-10-01 19:00:00,0.0017291537
2025-10-01 20:00:00,0.0009102239
2025-10-01 21:00:00,0.0002125498
2025-10-01 22:00:00,0.0015969288
2025-10-01 23:00:00,0.007171642
2025-10-02 00:00:00,-0.0013914014
2025-10-02 01:00:00,0.0015599246
2025-10-02 02:00:00,0.0010442106
2025-10-02 03:00:00,8.4166e-06
2025-10-02 04:00:00,-0.0006988209
2025-10-02 05:00:00,-0.0024117326
2025-10-02 06:00:00,0.0024201551
2025-10-02 07:00:00,-0.0012978915
2025-10-02 08:00:00,0.0014242196
2025-10-02 09:00:00,0.0014978755
2025-10-02 10:00:00,-0.0020201347
2025-10-02 11:00:00,0.0012967222
2025-10-02 12:00:00,0.0053877722
2025-10-02 13:00:00,0.0019899839
2025-10-02 14:00:00,-0.0067636631
2025-10-02 15:00:00,0.0090830948
2025-10-02 16:00:00,-0.0014344094
2025-10-02 17:00:00,0.001517742
2025-10-02 18:00:00,0.0050453313
2025-10-02 19:00:00,0.0027157505
2025-10-02 20:00:00,-0.0016550678
2025-10-02 21:00:00,-0.0041663269
2025-10-02 22:00:00,0.0007648502
2025-10-02 23:00:00,0.0023325029
2025-10-03 00:00:00,-0.0030807197
2025-10-03 01:00:00,-0.0020146527
2025-10-03 02:00:00,0.0021809715
2025-10-03 03:00:00,0.0005237234
2025-10-03 04:00:00,-0.001413851
2025-10-03 05:00:00,-0.0011408539
2025-10-03 06:00:00,-7.49922e-05
2025-10-03 07:00:00,-0.0022356817
2025-10-03 08:00:00,0.0033350039
2025-10-03 09:00:00,0.0020953561
2025-10-03 10:00:00,0.0011290056
2025-10-03 11:00:00,-0.000896459
2025-10-03 12:00:00,0.0004566305
2025-10-03 13:00:00,8.30013e-05
2025-10-03 14:00:00,0.0043561867
2025-10-03 15:00:00,0.0110452049
2025-10-03 16:00:00,0.0022042625
2025-10-03 17:00:00,-0.003807443
2025-10-03 18:00:00,0.0038889891
2025-10-03 19:00:00,0.0011979612
2025-10-03 20:00:00,-0.0020055608
2025-10-03 21:00:00,-0.0010124599
2025-10-03 22:00:00,0.0012572559
2025-10-03 23:00:00,-0.0021072069
2025-10-04 00:00:00,-0.000842491
2025-10-04 01:00:00,-0.002056038
2025-10-04 02:00:00,-0.0002378229
2025-10-04 03:00:00,0.0032671606
2025-10-04 04:00:00,0.0021803491
2025-10-04 05:00:00,0.0002283757
2025-10-04 06:00:00,-0.0007179278
2025-10-04 07:00:00,-0.0009063038
2025-10-04 08:00:00,-0.0006128327
2025-10-04 09:00:00,-0.0004660042
2025-10-04 10:00:00,-0.0007198718
2025-10-04 11:00:00,-0.001138127
2025-10-04 12:00:00,0.0002047947
2025-10-04 13:00:00,0.0030750634
2025-10-04 14:00:00,-0.0030259189
2025-10-04 15:00:00,-0.0018117506
2025-10-04 16:00:00,-0.0005334931
2025-10-04 17:00:00,0.0001477651
2025-10-04 18:00:00,-0.0014457517
2025-10-04 19:00:00,0.0031844547
2025-10-04 20:00:00,-0.0006639589
2025-10-04 21:00:00,0.0024650827
2025-10-04 22:00:00,0.0007931025
2025-10-04 23:00:00,0.0007189719
2025-10-05 00:00:00,-0.0016511366
2025-10-05 01:00:00,0.0017001385
2025-10-05 02:00:00,0.0134658134
2025-10-05 03:00:00,-0.0020487183
2025-10-05 04:00:00,0.0108889626
2025-10-05 05:00:00,-0.0005911865
2025-10-05 06:00:00,-0.0007994564
2025-10-05 07:00:00,-0.0022659315
2025-10-05 08:00:00,-0.0010987822
2025-10-05 09:00:00,-0.0127601166
2025-10-05 10:00:00,0.0001787949
2025-10-05 11:00:00,0.0035206163
2025-10-05 12:00:00,-0.0030656461
2025-10-05 13:00:00,0.0006252462
2025-10-05 14:00:00,-0.0009014533
2025-10-05 15:00:00,-0.0019193083
2025-10-05 16:00:00,0.0036970722
2025-10-05 17:00:00,-0.0015827861
2025-10-05 18:00:00,-0.0004875155
2025-10-05 19:00:00,-0.0033703506
2025-10-05 20:00:00,0.0012143094
2025-10-05 21:00:00,-9.77422e-05
2025-10-05 22:00:00,0.0041294157
2025-10-05 23:00:00,0.0019854703
2025-10-06 00:00:00,-0.0007937151
2025-10-06 01:00:00,0.0054300092
2025-10-06 02:00:00,0.0008216265
2025-10-06 03:00:00,-0.0022651344
2025-10-06 04:00:00,-0.0022055714
2025-10-06 05:00:00,-0.0001617717
2025-10-06 06:00:00,0.002940157
2025-10-06 07:00:00,-0.0044296861
2025-10-06 08:00:00,0.0036147394
2025-10-06 09:00:00,0.0010568821
2025-10-06 10:00:00,0.0001209458
2025-10-06 11:00:00,0.001925099
2025-10-06 12:00:00,0.0027483142
2025-10-06 13:00:00,0.0039325196
2025-10-06 14:00:00,-0.0041010582
2025-10-06 15:00:00,0.0038212474
2025-10-06 16:00:00,0.0037350104
2025-10-06 17:00:00,-0.001315239
2025-10-06 18:00:00,0.0058931064
2025-10-06 19:00:00,-0.0050081188
2025-10-06 20:00:00,-0.0016190848
2025-10-06 21:00:00,-0.0010302404
2025-10-06 22:00:00,-0.0004395727
2025-10-06 23:00:00,-0.0029300883
2025-10-07 00:00:00,0.0019143361
2025-10-07 01:00:00,-0.0015696453
2025-10-07 02:00:00,-0.0034522659
2025-10-07 03:00:00,0.0004020391
2025-10-07 04:00:00,0.0015102224
2025-10-07 05:00:00,-0.0009235354
2025-10-07 06:00:00,-0.0039930497
2025-10-07 07:00:00,-0.0016469414
2025-10-07 08:00:00,0.0015178675
2025-10-07 09:00:00,0.002151743
2025-10-07 10:00:00,0.0012872189
2025-10-07 11:00:00,0.0013337406
2025-10-07 12:00:00,0.0037106389
2025-10-07 13:00:00,-0.0081526229
2025-10-07 14:00:00,-0.009391262
2025-10-07 15:00:00,-0.0072719274
2025-10-07 16:00:00,-0.0015675206
2025-10-07 17:00:00,-0.0045523287
2025-10-07 18:00:00,-0.0021227134
2025-10-07 19:00:00,0.0060917241
2025-10-07 20:00:00,0.0027001202
2025-10-07 21:00:00,0.0005489801
2025-10-07 22:00:00,0.0
2025-10-07 23:00:00,-0.0056104931
2025-10-08 00:00:00,0.0048565924
2025-10-08 01:00:00,0.0003360477
2025-10-08 02:00:00,0.0006635673
2025-10-08 03:00:00,-0.0055020546
2025-10-08 04:00:00,0.0041908799
2025-10-08 05:00:00,-0.0045532704
2025-10-08 06:00:00,0.0035277176
2025-10-08 07:00:00,-0.0015197509
2025-10-08 08:00:00,0.0065471913
2025-10-08 09:00:00,0.000922498
2025-10-08 10:00:00,0.0035514178
2025-10-08 11:00:00,-0.0005367905
2025-10-08 12:00:00,-0.0020196104
2025-10-08 13:00:00,-0.0002445845
2025-10-08 14:00:00,-0.0023837524
2025-10-08 15:00:00,-0.0009976368
2025-10-08 16:00:00,0.0071088801
2025-10-08 17:00:00,0.0078408293
2025-10-08 18:00:00,-0.0047505644
2025-10-08 19:00:00,-2.42955e-05
2025-10-08 20:00:00,-0.0047814936
2025-10-08 21:00:00,0.0034443296
2025-10-08 22:00:00,-0.0005759364
2025-10-08 23:00:00,0.000835405
2025-10-09 00:00:00,-0.0036224272
2025-10-09 01:00:00,-0.0025337404
2025-10-09 02:00:00,-0.0076728499
2025-10-09 03:00:00,0.0034137848
2025-10-09 04:00:00,0.0008434431
2025-10-09 05:00:00,-0.0002619644
2025-10-09 06:00:00,-0.0012944561
2025-10-09 07:00:00,-0.0002295722
2025-10-09 08:00:00,-0.0054431524
2025-10-09 09:00:00,0.0045325437
2025-10-09 10:00:00,0.0029912293
2025-10-09 11:00:00,0.0047430015
2025-10-09 12:00:00,0.006793554
2025-10-09 13:00:00,-0.0094929191
2025-10-09 14:00:00,-0.0087927076
2025-10-09 15:00:00,-0.0015004991
2025-10-09 16:00:00,-0.0105503359
2025-10-09 17:00:00,0.0093615303
2025-10-09 18:00:00,-0.0027296883
2025-10-09 19:00:00,0.0025066298
2025-10-09 20:00:00,0.0012138279
2025-10-09 21:00:00,0.0028841499
2025-10-09 22:00:00,0.0018415
2025-10-09 23:00:00,-0.0004682744
2025-10-10 00:00:00,0.0009527487
2025-10-10 01:00:00,-0.0008870127
2025-10-10 02:00:00,-0.0047523244
2025-10-10 03:00:00,-0.0002229332
2025-10-10 04:00:00,0.0015677347
2025-10-10 05:00:00,0.002865072
2025-10-10 06:00:00,-0.0017855899
2025-10-10 07:00:00,-0.0035725079
2025-10-10 08:00:00,0.0055882644
2025-10-10 09:00:00,-0.0025677124
2025-10-10 10:00:00,0.0014821771
2025-10-10 11:00:00,0.000649818
2025-10-10 12:00:00,0.0002466558
2025-10-10 13:00:00,0.0007396025
2025-10-10 14:00:00,-0.0097075318
2025-10-10 15:00:00,-0.0125960021
2025-10-10 16:00:00,-0.0066835197
2025-10-10 17:00:00,-0.0051292381
2025-10-10 18:00:00,-0.0033033958
2025-10-10 19:00:00,-0.0049327933
2025-10-10 20:00:00,-0.0206778516
2025-10-10 21:00:00,-0.0028212224
2025-10-10 22:00:00,0.0011574887
2025-10-10 23:00:00,-0.0097754211
2025-10-11 00:00:00,-0.0025963798
2025-10-11 01:00:00,-0.01308399
2025-10-11 02:00:00,0.0186495141
2025-10-11 03:00:00,-0.0078929245
2025-10-11 04:00:00,0.0059056337
2025-10-11 05:00:00,-0.0051855153
2025-10-11 06:00:00,-0.0027053501
2025-10-11 07:00:00,-0.0152740528
2025-10-11 08:00:00,0.0083618404
2025-10-11 09:00:00,0.0028851515
2025-10-11 10:00:00,0.0040448831
2025-10-11 11:00:00,0.0015582222
2025-10-11 12:00:00,0.0008804344
2025-10-11 13:00:00,-0.0009071263
2025-10-11 14:00:00,-0.002458711
2025-10-11 15:00:00,-0.0017497192
2025-10-11 16:00:00,0.0003751977
2025-10-11 17:00:00,0.0015350567
2025-10-11 18:00:00,-0.0004192292
2025-10-11 19:00:00,-0.007126963
2025-10-11 20:00:00,-0.0082647336
2025-10-11 21:00:00,0.0058447209
2025-10-11 22:00:00,0.0014131352
2025-10-11 23:00:00,-0.0037397033
2025-10-12 00:00:00,-0.0089963243
2025-10-12 01:00:00,0.002810971
2025-10-12 02:00:00,0.0012800554
2025-10-12 03:00:00,0.0051400037
2025-10-12 04:00:00,0.0073830939
2025-10-12 05:00:00,0.0016919493
2025-10-12 06:00:00,-6.26138e-05
2025-10-12 07:00:00,-0.0014232839
2025-10-12 08:00:00,-0.0023407348
2025-10-12 09:00:00,0.0045687541
2025-10-12 10:00:00,-0.0014131876
2025-10-12 11:00:00,0.0015383105
2025-10-12 12:00:00,-0.0005005855
2025-10-12 13:00:00,-0.0045165819
2025-10-12 14:00:00,0.0092175615
2025-10-12 15:00:00,0.0079774927
2025-10-12 16:00:00,0.0079318736
2025-10-12 17:00:00,-0.0023940345
2025-10-12 18:00:00,0.0006494989
2025-10-12 19:00:00,0.0040017742
2025-10-12 20:00:00,0.0051080558
2025-10-12 21:00:00,-0.000208692
2025-10-12 22:00:00,0.0030044394
2025-10-12 23:00:00,-0.0021351765
2025-10-13 00:00:00,0.0027505798
2025-10-13 01:00:00,0.003382283
2025-10-13 02:00:00,-0.0031223672
2025-10-13 03:00:00,-0.0042972733
2025-10-13 04:00:00,-0.0010968063
2025-10-13 05:00:00,-0.0009672318
2025-10-13 06:00:00,0.005130446
2025-10-13 07:00:00,0.0016119531
2025-10-13 08:00:00,-0.0010570093
2025-10-13 09:00:00,-0.0014400225
2025-10-13 10:00:00,-0.0021900293
2025-10-13 11:00:00,-0.005688625
2025-10-13 12:00:00,0.0018357611
2025-10-13 13:00:00,0.0083320769
2025-10-13 14:00:00,-0.0114285963
2025-10-13 15:00:00,0.0025286676
2025-10-13 16:00:00,0.0028360397
2025-10-13 17:00:00,0.0033579265
2025-10-13 18:00:00,0.0010242701
2025-10-13 19:00:00,0.0053904755
2025-10-13 20:00:00,-0.0006992072
2025-10-13 21:00:00,-8.6352e-06
2025-10-13 22:00:00,-0.0017631506
2025-10-13 23:00:00,-0.002902131
2025-10-14 00:00:00,-0.0018496252
2025-10-14 01:00:00,-0.0061115346
2025-10-14 02:00:00,-0.0056389066
2025-10-14 03:00:00,-0.0013288454
2025-10-14 04:00:00,-0.0035551907
2025-10-14 05:00:00,-0.0052011228
2025-10-14 06:00:00,-0.0046033997
2025-10-14 07:00:00,-0.0022425841
2025-10-14 08:00:00,0.001054909
2025-10-14 09:00:00,-0.0048456607
2025-10-14 10:00:00,-0.0058893091
2025-10-14 11:00:00,0.0062124863
2025-10-14 12:00:00,-0.004795525
2025-10-14 13:00:00,0.0019641769
2025-10-14 14:00:00,0.0032710603
2025-10-14 15:00:00,0.0131996587
2025-10-14 16:00:00,-0.0048638574
2025-10-14 17:00:00,0.0041375573
2025-10-14 18:00:00,0.000504923
2025-10-14 19:00:00,-0.0023673687
2025-10-14 20:00:00,0.003447225
2025-10-14 21:00:00,0.0012112372
2025-10-14 22:00:00,0.0006183145
2025-10-14 23:00:00,-0.0014845976
2025-10-15 00:00:00,-0.0001680397
2025-10-15 01:00:00,-0.0024087222
2025-10-15 02:00:00,0.0007887869
2025-10-15 03:00:00,-0.007103736
2025-10-15 04:00:00,0.0028778024
2025-10-15 05:00:00,0.000809281
2025-10-15 06:00:00,9.77808e-05
2025-10-15 07:00:00,0.0012525263
2025-10-15 08:00:00,0.0033324206
2025-10-15 09:00:00,-0.0033856876
2025-10-15 10:00:00,-0.0024978568
2025-10-15 11:00:00,-0.0031467451
2025-10-15 12:00:00,-0.0019214362
2025-10-15 13:00:00,-0.0029115232
2025-10-15 14:00:00,-0.0028570421
2025-10-15 15:00:00,-0.0025675112
2025-10-15 16:00:00,-0.000351857
2025-10-15 17:00:00,0.0038007107
2025-10-15 18:00:00,0.0022358417
2025-10-15 19:00:00,-0.0013013882
2025-10-15 20:00:00,-0.0017798077
2025-10-15 21:00:00,-0.0026034995
2025-10-15 22:00:00,-0.0013449416
2025-10-15 23:00:00,0.0008396723
2025-10-16 00:00:00,-0.0028378556
2025-10-16 01:00:00,0.0077264321
2025-10-16 02:00:00,0.001946966
2025-10-16 03:00:00,-0.0017314468
2025-10-16 04:00:00,-0.0030845487
2025-10-16 05:00:00,-0.0003333048
2025-10-16 06:00:00,0.0063496839
2025-10-16 07:00:00,-0.0096798165
2025-10-16 08:00:00,0.0020950359
2025-10-16 09:00:00,0.002954478
2025-10-16 10:00:00,0.0029816453
2025-10-16 11:00:00,-0.000627921
2025-10-16 12:00:00,0.001138937
2025-10-16 13:00:00,-0.0061404766
2025-10-16 14:00:00,-0.003098005
2025-10-16 15:00:00,-0.0177604785
2025-10-16 16:00:00,0.006031553
2025-10-16 17:00:00,-0.0087608979
2025-10-16 18:00:00,0.0037509318
2025-10-16 19:00:00,-0.0044251939
2025-10-16 20:00:00,-0.0035079474
2025-10-16 21:00:00,0.0056307965
2025-10-16 22:00:00,-0.0059182714
2025-10-16 23:00:00,0.0035736477
2025-10-17 00:00:00,0.0055480434
2025-10-17 01:00:00,0.0002848649
2025-10-17 02:00:00,0.0014598074
2025-10-17 03:00:00,0.0017233165
2025-10-17 04:00:00,-0.0033668984
2025-10-17 05:00:00,-0.0039870222
2025-10-17 06:00:00,-0.0149282863
2025-10-17 07:00:00,-0.0109702364
2025-10-17 08:00:00,-0.0068977585
2025-10-17 09:00:00,-0.0038686985
2025-10-17 10:00:00,0.0024089487
2025-10-17 11:00:00,0.0092187574
2025-10-17 12:00:00,0.001238519
2025-10-17 13:00:00,0.0001606115
2025-10-17 14:00:00,-0.0064731893
2025-10-17 15:00:00,0.0155669395
2025-10-17 16:00:00,-0.0040429489
2025-10-17 17:00:00,0.0007892364
2025-10-17 18:00:00,0.0018110082
2025-10-17 19:00:00,-0.0018297923
2025-10-17 20:00:00,0.0053018718
2025-10-17 21:00:00,0.0029571883
2025-10-17 22:00:00,-0.0029291612
2025-10-17 23:00:00,-0.005292331
2025-10-18 00:00:00,0.0037777458
2025-10-18 01:00:00,0.0029895668
2025-10-18 02:00:00,-0.0053220222
2025-10-18 03:00:00,0.0045941386
2025-10-18 04:00:00,-0.005748326
2025-10-18 05:00:00,0.0033369296
2025-10-18 06:00:00,0.000290049
2025-10-18 07:00:00,-0.0014698244
2025-10-18 08:00:00,0.0003746827
2025-10-18 09:00:00,0.0015160309
2025-10-18 10:00:00,0.0002244018
2025-10-18 11:00:00,0.0027728133
2025-10-18 12:00:00,-0.001324763
2025-10-18 13:00:00,-0.0018220813
2025-10-18 14:00:00,0.0014205743
2025-10-18 15:00:00,-0.0008128449
2025-10-18 16:00:00,-0.0027423818
2025-10-18 17:00:00,0.0020504761
2025-10-18 18:00:00,-0.0002899947
2025-10-18 19:00:00,0.0022429287
2025-10-18 20:00:00,-0.0005415803
2025-10-18 21:00:00,0.001372056
2025-10-18 22:00:00,-0.0004758062
2025-10-18 23:00:00,0.0005504219
2025-10-19 00:00:00,-0.0026148689
2025-10-19 01:00:00,0.0005609049
2025-10-19 02:00:00,-0.001131481
2025-10-19 03:00:00,0.0039033368
2025-10-19 04:00:00,-0.0022859925
2025-10-19 05:00:00,-0.0013273387
2025-10-19 06:00:00,-0.0008983549
2025-10-19 07:00:00,-0.0002247149
2025-10-19 08:00:00,-0.0030667822
2025-10-19 09:00:00,0.0090047315
2025-10-19 10:00:00,0.0044582393
2025-10-19 11:00:00,-0.0009178863
2025-10-19 12:00:00,-0.0016245901
2025-10-19 13:00:00,0.0043017199
2025-10-19 14:00:00,0.0032326321
2025-10-19 15:00:00,0.0007650651
2025-10-19 16:00:00,0.00116951
2025-10-19 17:00:00,0.0047193719
2025-10-19 18:00:00,0.002479291
2025-10-19 19:00:00,-0.0043405072
2025-10-19 20:00:00,-0.0006793354
2025-10-19 21:00:00,-0.0008727968
2025-10-19 22:00:00,0.0036514807
2025-10-19 23:00:00,-0.0046998434
2025-10-20 00:00:00,-0.0054803758
2025-10-20 01:00:00,0.0001017619
2025-10-20 02:00:00,0.006546457
2025-10-20 03:00:00,0.0123758869
2025-10-20 04:00:00,0.0026741983
2025-10-20 05:00:00,0.0053990741
2025-10-20 06:00:00,0.0023922596
2025-10-20 07:00:00,-0.000997578
2025-10-20 08:00:00,-0.0008185773
2025-10-20 09:00:00,-0.0011795693
2025-10-20 10:00:00,-0.0019570096
2025-10-20 11:00:00,0.0024884382
2025-10-20 12:00:00,-0.0015861146
2025-10-20 13:00:00,0.0027200853
2025-10-20 14:00:00,0.0004496322
2025-10-20 15:00:00,-0.0004046599
2025-10-20 16:00:00,-0.0040465999
2025-10-20 17:00:00,-0.0037004073
2025-10-20 18:00:00,0.0057302603
2025-10-20 19:00:00,-0.0010640313
2025-10-20 20:00:00,0.0026399622
2025-10-20 21:00:00,-0.0048528021
2025-10-20 22:00:00,0.0023932639
2025-10-20 23:00:00,-0.0025289031
2025-10-21 00:00:00,-0.0007599197
2025-10-21 01:00:00,-0.0054266583
2025-10-21 02:00:00,-0.0033176595
2025-10-21 03:00:00,-0.0037959735
2025-10-21 04:00:00,-0.0117718368
2025-10-21 05:00:00,-0.0026090645
2025-10-21 06:00:00,0.0037952823
2025-10-21 07:00:00,0.0012495663
2025-10-21 08:00:00,-0.0034006232
2025-10-21 09:00:00,0.000445426
2025-10-21 10:00:00,0.0068972805
2025-10-21 11:00:00,0.0007184239
2025-10-21 12:00:00,0.0018765183
2025-10-21 13:00:00,-0.0032585612
2025-10-21 14:00:00,0.0340797889
2025-10-21 15:00:00,0.0106365123
2025-10-21 16:00:00,-0.0073448408
2025-10-21 17:00:00,-0.0046203028
2025-10-21 18:00:00,-6.24624e-05
2025-10-21 19:00:00,-0.0020545077
2025-10-21 20:00:00,-0.0086753245
2025-10-21 21:00:00,6.31362e-05
2025-10-21 22:00:00,-0.0159094265
2025-10-21 23:00:00,-0.0069242611
2025-10-22 00:00:00,-0.0029941802
2025-10-22 01:00:00,0.0032894159
2025-10-22 02:00:00,-0.0013292473
2025-10-22 03:00:00,9.237e-06
2025-10-22 04:00:00,0.0038260002
2025-10-22 05:00:00,-0.0039738021
2025-10-22 06:00:00,-0.0017660743
2025-10-22 07:00:00,0.0028279151
2025-10-22 08:00:00,-0.0007293172
2025-10-22 09:00:00,-0.002487368
2025-10-22 10:00:00,-0.0028648931
2025-10-22 11:00:00,-0.0009196172
2025-10-22 12:00:00,0.0044786366
2025-10-22 13:00:00,0.0071078222
2025-10-22 14:00:00,0.0007529913
2025-10-22 15:00:00,-0.0047293593
2025-10-22 16:00:00,-0.0018739995
2025-10-22 17:00:00,-0.0039904689
2025-10-22 18:00:00,0.0020018542
2025-10-22 19:00:00,-0.0011858002
2025-10-22 20:00:00,-0.0019113546
2025-10-22 21:00:00,-0.0042719795
2025-10-22 22:00:00,-0.000121259
2025-10-22 23:00:00,0.0036592731
2025-10-23 00:00:00,0.0024506403
2025-10-23 01:00:00,0.0030179061
2025-10-23 02:00:00,0.0022344108
2025-10-23 03:00:00,-0.0002859475
2025-10-23 04:00:00,0.0025797906
2025-10-23 05:00:00,0.0027658722
2025-10-23 06:00:00,0.0119945434
2025-10-23 07:00:00,-0.0092363001
2025-10-23 08:00:00,0.0024038144
2025-10-23 09:00:00,-0.0009772806
2025-10-23 10:00:00,0.0003106413
2025-10-23 11:00:00,-0.0015175758
2025-10-23 12:00:00,-0.0010252093
2025-10-23 13:00:00,0.0029263853
2025-10-23 14:00:00,0.0010860688
2025-10-23 15:00:00,0.0027964402
2025-10-23 16:00:00,0.003223949
2025-10-23 17:00:00,0.0089002609
2025-10-23 18:00:00,-0.0059488039
2025-10-23 19:00:00,-0.0032869895
2025-10-23 20:00:00,-0.0060680405
2025-10-23 21:00:00,-0.0001277605
2025-10-23 22:00:00,0.0038530077
2025-10-23 23:00:00,0.0010449464
2025-10-24 00:00:00,0.0039156376
2025-10-24 01:00:00,0.0006420778
2025-10-24 02:00:00,0.0001807926
2025-10-24 03:00:00,-0.001365793
2025-10-24 04:00:00,0.0066575499
2025-10-24 05:00:00,0.000638165
2025-10-24 06:00:00,0.0020555361
2025-10-24 07:00:00,-0.003755215
2025-10-24 08:00:00,0.0001709979
2025-10-24 09:00:00,0.0022921461
2025-10-24 10:00:00,-0.0020402026
2025-10-24 11:00:00,-0.0004499438
2025-10-24 12:00:00,0.0020321372
2025-10-24 13:00:00,-0.0034643054
2025-10-24 14:00:00,-0.00673793
2025-10-24 15:00:00,-0.0011985836
2025-10-24 16:00:00,0.0018517515
2025-10-24 17:00:00,-0.000163252
2025-10-24 18:00:00,0.0034588638
2025-10-24 19:00:00,-3.61566e-05
2025-10-24 20:00:00,0.0025007574
2025-10-24 21:00:00,0.0019637169
2025-10-24 22:00:00,-0.0006301311
2025-10-24 23:00:00,-0.0001260739
2025-10-25 00:00:00,-0.0021817928
2025-10-25 01:00:00,0.0027309985
2025-10-25 02:00:00,-0.000396118
2025-10-25 03:00:00,2.7013e-05
2025-10-25 04:00:00,0.0016284377
2025-10-25 05:00:00,0.0014732041
2025-10-25 06:00:00,-0.0001256766
2025-10-25 07:00:00,0.0010229078
2025-10-25 08:00:00,0.0027405375
2025-10-25 09:00:00,-0.0024356621
2025-10-25 10:00:00,0.0004481773
2025-10-25 11:00:00,2.68842e-05
2025-10-25 12:00:00,0.0030064715
2025-10-25 13:00:00,-0.002057025
2025-10-25 14:00:00,-0.0008060761
2025-10-25 15:00:00,-0.0016948777
2025-10-25 16:00:00,-0.0001346372
2025-10-25 17:00:00,-6.28369e-05
2025-10-25 18:00:00,0.0029938264
2025-10-25 19:00:00,-0.0007520952
2025-10-25 20:00:00,-0.0017570916
2025-10-25 21:00:00,0.0004574996
2025-10-25 22:00:00,0.0012995919
2025-10-25 23:00:00,0.000197032
2025-10-26 00:00:00,0.0006266618
2025-10-26 01:00:00,-0.0006624829
2025-10-26 02:00:00,-0.0016850412
2025-10-26 03:00:00,-0.0016788997
2025-10-26 04:00:00,0.0013918012
2025-10-26 05:00:00,0.0016228166
2025-10-26 06:00:00,0.000152284
2025-10-26 07:00:00,0.0007968734
2025-10-26 08:00:00,0.0006173641
2025-10-26 09:00:00,0.0067037764
2025-10-26 10:00:00,-0.0005510083
2025-10-26 11:00:00,0.0069894734
2025-10-26 12:00:00,0.002521558
2025-10-26 13:00:00,0.00130237
2025-10-26 14:00:00,-0.0012583433
2025-10-26 15:00:00,0.0011528089
2025-10-26 16:00:00,-0.0014962684
2025-10-26 17:00:00,-0.0006167618
2025-10-26 18:00:00,0.0011451123
2025-10-26 19:00:00,5.28197e-05
2025-10-26 20:00:00,-0.0023531807
2025-10-26 21:00:00,0.0014108106
2025-10-26 22:00:00,0.0105704226
2025-10-26 23:00:00,-0.0012650113
2025-10-27 00:00:00,0.0018489936
2025-10-27 01:00:00,0.0045989084
2025-10-27 02:00:00,-0.003475484
2025-10-27 03:00:00,0.0007830377
2025-10-27 04:00:00,0.0025102835
2025-10-27 05:00:00,0.0025126512
2025-10-27 06:00:00,0.0042226036
2025-10-27 07:00:00,-0.0043351047
2025-10-27 08:00:00,-0.0046234734
2025-10-27 09:00:00,0.0021192153
2025-10-27 10:00:00,0.0016644276
2025-10-27 11:00:00,-0.0007971925
2025-10-27 12:00:00,-0.0025952735
2025-10-27 13:00:00,0.0016239197
2025-10-27 14:00:00,-0.003694548
2025-10-27 15:00:00,0.0010793497
2025-10-27 16:00:00,0.0047647861
2025-10-27 17:00:00,0.0017820382
2025-10-27 18:00:00,-0.0029169302
2025-10-27 19:00:00,-0.0037429971
2025-10-27 20:00:00,-0.003809462
2025-10-27 21:00:00,-0.0016083357
2025-10-27 22:00:00,-0.0019614717
2025-10-27 23:00:00,0.0001139406
2025-10-28 00:00:00,-0.0013154896
2025-10-28 01:00:00,0.0040199563
2025-10-28 02:00:00,-0.0040813881
2025-10-28 03:00:00,-0.000342332
2025-10-28 04:00:00,0.0005880365
2025-10-28 05:00:00,-0.0033045098
2025-10-28 06:00:00,0.0044795465
2025-10-28 07:00:00,0.0007271294
2025-10-28 08:00:00,0.0020209185
2025-10-28 09:00:00,0.0009958333
2025-10-28 10:00:00,0.0006022598
2025-10-28 11:00:00,-0.0022013164
2025-10-28 12:00:00,0.0009090671
2025-10-28 13:00:00,0.009270599
2025-10-28 14:00:00,-0.0039725272
2025-10-28 15:00:00,-0.003674298
2025-10-28 16:00:00,0.0061741474
2025-10-28 17:00:00,-0.0005636563
2025-10-28 18:00:00,-0.0022578078
2025-10-28 19:00:00,-0.0117882994
2025-10-28 20:00:00,-0.0076826319
2025-10-28 21:00:00,0.0017979006
2025-10-28 22:00:00,0.0021214352
2025-10-28 23:00:00,-0.0028827128
2025-10-29 00:00:00,-0.0041529552
2025-10-29 01:00:00,0.0004178502
2025-10-29 02:00:00,0.0015720411
2025-10-29 03:00:00,-0.0013054195
2025-10-29 04:00:00,0.0027066258
2025-10-29 05:00:00,0.0020362278
2025-10-29 06:00:00,0.0019526511
2025-10-29 07:00:00,0.0024156518
2025-10-29 08:00:00,-0.0042621786
2025-10-29 09:00:00,-0.000725407
2025-10-29 10:00:00,-0.0009119282
2025-10-29 11:00:00,0.002176626
2025-10-29 12:00:00,0.0002032637
2025-10-29 13:00:00,-0.0024507539
2025-10-29 14:00:00,-0.0035585173
2025-10-29 15:00:00,-0.0087592583
2025-10-29 16:00:00,-0.003602701
2025-10-29 17:00:00,0.0067008687
2025-10-29 18:00:00,-0.009215165
2025-10-29 19:00:00,-0.0016435638
2025-10-29 20:00:00,0.007159516
2025-10-29 21:00:00,0.0015780935
2025-10-29 22:00:00,-0.0052279951
2025-10-29 23:00:00,-0.0090016937
2025-10-30 00:00:00,0.004687374
2025-10-30 01:00:00,-0.000986421
2025-10-30 02:00:00,0.0048413123
2025-10-30 03:00:00,-0.0019752425
2025-10-30 04:00:00,-0.0198963453
2025-10-30 05:00:00,0.0154626711
2025-10-30 06:00:00,0.0047586397
2025-10-30 07:00:00,0.0050773869
2025-10-30 08:00:00,-0.0058538686
2025-10-30 09:00:00,-0.0049801802
2025-10-30 10:00:00,-0.0004267316
2025-10-30 11:00:00,-0.0035935755
2025-10-30 12:00:00,-0.0121588177
2025-10-30 13:00:00,-0.0071661665
2025-10-30 14:00:00,0.0059846025
2025-10-30 15:00:00,-0.005185821
2025-10-30 16:00:00,0.0038641392
2025-10-30 17:00:00,-0.0060855878
2025-10-30 18:00:00,-0.0060105085
2025-10-30 19:00:00,-0.0029061885
2025-10-30 20:00:00,0.0091772057
2025-10-30 21:00:00,0.0038161075
2025-10-30 22:00:00,-4.63373e-05
2025-10-30 23:00:00,0.0037371464
2025-10-31 00:00:00,0.0089253889
2025-10-31 01:00:00,0.0028328113
2025-10-31 02:00:00,-0.0068674042
2025-10-31 03:00:00,0.0034487537
2025-10-31 04:00:00,0.0077891674
2025-10-31 05:00:00,-0.0018824434
2025-10-31 06:00:00,-0.0022234787
2025-10-31 07:00:00,-0.0021278644
2025-10-31 08:00:00,0.0060157136
2025-10-31 09:00:00,-0.0020649605
2025-10-31 10:00:00,-0.0002094632
2025-10-31 11:00:00,0.0053412428
2025-10-31 12:00:00,-0.0070732712
2025-10-31 13:00:00,0.0045969559
2025-10-31 14:00:00,0.005244696
2025-10-31 15:00:00,-0.004890561
2025-10-31 16:00:00,-0.0126814121
2025-10-31 17:00:00,0.004357945
2025-10-31 18:00:00,0.0012991173
2025-10-31 19:00:00,0.0033133316
2025-10-31 20:00:00,-0.0029202696
2025-10-31 21:00:00,0.0007034694
2025-10-31 22:00:00,0.0002374234
2025-10-31 23:00:00,0.0002921361
2025-11-01 00:00:00,0.0010582784
2025-11-01 01:00:00,2.73544e-05
2025-11-01 02:00:00,0.0003828833
2025-11-01 03:00:00,0.0041476097
2025-11-01 04:00:00,0.0005626032
2025-11-01 05:00:00,-0.0014616103
2025-11-01 06:00:00,-0.0012090306
2025-11-01 07:00:00,0.0006092432
2025-11-01 08:00:00,0.0016077101
2025-11-01 09:00:00,-0.0023624992
2025-11-01 10:00:00,0.0014817578
2025-11-01 11:00:00,-0.0001635219
2025-11-01 12:00:00,-0.0010362601
2025-11-01 13:00:00,-0.0005458317
2025-11-01 14:00:00,-0.0001365045
2025-11-01 15:00:00,0.0032709758
2025-11-01 16:00:00,0.0016043148
2025-11-01 17:00:00,-0.0021850402
2025-11-01 18:00:00,0.0011248493
2025-11-01 19:00:00,-0.0003355081
2025-11-01 20:00:00,0.0009065198
2025-11-01 21:00:00,-0.0049323157
2025-11-01 22:00:00,0.0020194676
2025-11-01 23:00:00,5.45236e-05
2025-11-02 00:00:00,-0.0011092322
2025-11-02 01:00:00,0.0001091594
2025-11-02 02:00:00,0.000509253
2025-11-02 03:00:00,0.0001545433
2025-11-02 04:00:00,0.0056381074
2025-11-02 05:00:00,-0.0015378078
2025-11-02 06:00:00,0.0013750929
2025-11-02 07:00:00,0.0024740196
2025-11-02 08:00:00,-0.0007939086
2025-11-02 09:00:00,-0.0011649382
2025-11-02 10:00:00,-0.0019445845
2025-11-02 11:00:00,0.0058314467
2025-11-02 12:00:00,-0.0036248586
2025-11-02 13:00:00,-0.0014011618
2025-11-02 14:00:00,-0.0012853705
2025-11-02 15:00:00,-0.0027210161
2025-11-02 16:00:00,-4.54131e-05
2025-11-02 17:00:00,0.0007354377
2025-11-02 18:00:00,0.0012335938
2025-11-02 19:00:00,-0.0015331513
2025-11-02 20:00:00,-0.0006357222
2025-11-02 21:00:00,-0.0008088593
2025-11-02 22:00:00,-0.0009460136
2025-11-02 23:00:00,0.005870814
2025-11-03 00:00:00,-0.0070545909
2025-11-03 01:00:00,-0.0008112407
2025-11-03 02:00:00,-0.0058347598
2025-11-03 03:00:00,-0.010047927
2025-11-03 04:00:00,-0.0005004217
2025-11-03 05:00:00,-0.0027289199
2025-11-03 06:00:00,-0.0010229419
2025-11-03 07:00:00,-0.0003350084
2025-11-03 08:00:00,0.0011069614
2025-11-03 09:00:00,-0.0036604319
2025-11-03 10:00:00,-0.0021858749
2025-11-03 11:00:00,0.0077875049
2025-11-03 12:00:00,-0.0002041593
2025-11-03 13:00:00,0.0013540963
2025-11-03 14:00:00,0.0013152412
2025-11-03 15:00:00,-0.0216609563
2025-11-03 16:00:00,0.0086457498
2025-11-03 17:00:00,0.007660081
2025-11-03 18:00:00,-0.0048788548
2025-11-03 19:00:00,0.0010654904
2025-11-03 20:00:00,-0.0039967667
2025-11-03 21:00:00,0.0022951797
2025-11-03 22:00:00,-0.0038157071
2025-11-03 23:00:00,0.0008168669
2025-11-04 00:00:00,-0.0010141417
2025-11-04 01:00:00,0.0053875654
2025-11-04 02:00:00,-0.0052560446
2025-11-04 03:00:00,0.0064140899
2025-11-04 04:00:00,-0.003843515
2025-11-04 05:00:00,-0.0241825673
2025-11-04 06:00:00,0.0054469442
2025-11-04 07:00:00,-0.0028394308
2025-11-04 08:00:00,-0.0043752828
2025-11-04 09:00:00,-0.0019539434
2025-11-04 10:00:00,-0.0002698093
2025-11-04 11:00:00,0.0076516168
2025-11-04 12:00:00,-0.0060627176
2025-11-04 13:00:00,-0.0005197255
2025-11-04 14:00:00,0.0056543155
2025-11-04 15:00:00,-0.0127456531
2025-11-04 16:00:00,-0.0092045357
2025-11-04 17:00:00,-0.0112178298
2025-11-04 18:00:00,0.0025004584
2025-11-04 19:00:00,-0.0083559733
2025-11-04 20:00:00,0.002346322
2025-11-04 21:00:00,-0.0043789443
2025-11-04 22:00:00,0.0097566591
2025-11-04 23:00:00,0.002190322
2025-11-05 00:00:00,-0.0092377352
2025-11-05 01:00:00,0.0017888559
2025-11-05 02:00:00,0.00927049
2025-11-05 03:00:00,0.0046815508
2025-11-05 04:00:00,-0.001646349
2025-11-05 05:00:00,-0.0015311834
2025-11-05 06:00:00,0.0029816806
2025-11-05 07:00:00,-0.0011563074
2025-11-05 08:00:00,-0.0028966316
2025-11-05 09:00:00,0.002847606
2025-11-05 10:00:00,-0.0058414138
2025-11-05 11:00:00,0.0067431006
2025-11-05 12:00:00,0.0058412294
2025-11-05 13:00:00,0.0029661348
2025-11-05 14:00:00,0.0020274636
2025-11-05 15:00:00,0.0050073571
2025-11-05 16:00:00,0.0018785318
2025-11-05 17:00:00,1.92487e-05
2025-11-05 18:00:00,0.0043694821
2025-11-05 19:00:00,-0.0031287215
2025-11-05 20:00:00,-0.0017606062
2025-11-05 21:00:00,-0.0018119439
2025-11-05 22:00:00,0.0005689955
2025-11-05 23:00:00,0.001387377
2025-11-06 00:00:00,-0.0019563726
2025-11-06 01:00:00,-0.0029562668
2025-11-06 02:00:00,-0.0003774078
2025-11-06 03:00:00,0.0029766817
2025-11-06 04:00:00,0.0039103182
2025-11-06 05:00:00,-0.0087858756
2025-11-06 06:00:00,0.0018698385
2025-11-06 07:00:00,-0.001288167
2025-11-06 08:00:00,3.87661e-05
2025-11-06 09:00:00,-0.0035825107
2025-11-06 10:00:00,0.0027778065
2025-11-06 11:00:00,0.000998512
2025-11-06 12:00:00,-0.0066301378
2025-11-06 13:00:00,0.0072307035
2025-11-06 14:00:00,-0.0117177997
2025-11-06 15:00:00,-0.0009704504
2025-11-06 16:00:00,-0.0115507871
2025-11-06 17:00:00,0.0094105098
2025-11-06 18:00:00,-0.0007275588
2025-11-06 19:00:00,-0.0033299211
2025-11-06 20:00:00,-0.0049265082
2025-11-06 21:00:00,0.0024069307
2025-11-06 22:00:00,0.0028649069
2025-11-06 23:00:00,-0.0008487373
2025-11-07 00:00:00,0.0014010165
2025-11-07 01:00:00,0.0006505091
2025-11-07 02:00:00,0.0035898912
2025-11-07 03:00:00,6.87214e-05
2025-11-07 04:00:00,0.0009419892
2025-11-07 05:00:00,0.004228005
2025-11-07 06:00:00,-0.0058279504
2025-11-07 07:00:00,0.0016195607
2025-11-07 08:00:00,-0.0051622787
2025-11-07 09:00:00,-0.0047531378
2025-11-07 10:00:00,-0.0023999615
2025-11-07 11:00:00,-0.0035111313
2025-11-07 12:00:00,-0.007892685
2025-11-07 13:00:00,0.0069057592
2025-11-07 14:00:00,0.0045675584
2025-11-07 15:00:00,5.95687e-05
2025-11-07 16:00:00,0.0037555845
2025-11-07 17:00:00,0.0120725021
2025-11-07 18:00:00,0.0020500012
2025-11-07 19:00:00,0.007684163
2025-11-07 20:00:00,0.0040851269
2025-11-07 21:00:00,0.0008381382
2025-11-07 22:00:00,-0.0023813782
2025-11-07 23:00:00,-0.0031226913
2025-11-08 00:00:00,-0.0061286426
2025-11-08 01:00:00,0.0027533084
2025-11-08 02:00:00,-0.0012638294
2025-11-08 03:00:00,-0.0023764316
2025-11-08 04:00:00,-0.0004291385
2025-11-08 05:00:00,-0.0025884861
2025-11-08 06:00:00,-0.0007533841
2025-11-08 07:00:00,0.0014573341
2025-11-08 08:00:00,0.0007620537
2025-11-08 09:00:00,-0.0004395755
2025-11-08 10:00:00,0.0009180047
2025-11-08 11:00:00,-0.0060116105
2025-11-08 12:00:00,0.0016484652
2025-11-08 13:00:00,-0.0021690812
2025-11-08 14:00:00,0.0003241889
2025-11-08 15:00:00,-0.0013170571
2025-11-08 16:00:00,0.0015429448
2025-11-08 17:00:00,0.001324835
2025-11-08 18:00:00,0.0015189455
2025-11-08 19:00:00,-0.0015777898
2025-11-08 20:00:00,0.0007549057
2025-11-08 21:00:00,0.0020852819
2025-11-08 22:00:00,0.0009481963
2025-11-08 23:00:00,-0.0006059599
2025-11-09 00:00:00,-0.0051753659
2025-11-09 01:00:00,0.0023557599
2025-11-09 02:00:00,-0.0037915668
2025-11-09 03:00:00,0.0002460037
2025-11-09 04:00:00,0.0007081526
2025-11-09 05:00:00,0.0017976341
2025-11-09 06:00:00,-0.0017878022
2025-11-09 07:00:00,0.0022980163
2025-11-09 08:00:00,0.0001078966
2025-11-09 09:00:00,-0.0028681178
2025-11-09 10:00:00,0.0019457171
2025-11-09 11:00:00,0.0034692992
2025-11-09 12:00:00,-0.0014293829
2025-11-09 13:00:00,0.008166895
2025-11-09 14:00:00,0.000699423
2025-11-09 15:00:00,0.0074398698
2025-11-09 16:00:00,0.0008863797
2025-11-09 17:00:00,-0.0021595157
2025-11-09 18:00:00,0.0084858255
2025-11-09 19:00:00,0.0027426994
2025-11-09 20:00:00,-0.0015376611
2025-11-09 21:00:00,-0.0010232332
2025-11-09 22:00:00,0.0018257861
2025-11-09 23:00:00,-2.86515e-05
2025-11-10 00:00:00,0.0149114303
2025-11-10 01:00:00,-0.0053020493
2025-11-10 02:00:00,0.0026828409
2025-11-10 03:00:00,0.0002924101
2025-11-10 04:00:00,0.0009897864
2025-11-10 05:00:00,-0.0005089107
2025-11-10 06:00:00,0.0012058864
2025-11-10 07:00:00,0.002219548
2025-11-10 08:00:00,-0.0047743575
2025-11-10 09:00:00,0.0046334311
2025-11-10 10:00:00,-0.004142703
2025-11-10 11:00:00,0.001696817
2025-11-10 12:00:00,-0.0021969845
2025-11-10 13:00:00,0.0056758703
2025-11-10 14:00:00,-0.0159228337
2025-11-10 15:00:00,0.0018388926
2025-11-10 16:00:00,0.0016549681
2025-11-10 17:00:00,0.0065926186
2025-11-10 18:00:00,-0.0044471432
2025-11-10 19:00:00,0.0031623424
2025-11-10 20:00:00,0.0018605359
2025-11-10 21:00:00,-0.0036487766
2025-11-10 22:00:00,0.0040638553
2025-11-10 23:00:00,-0.0005094388
2025-11-11 00:00:00,0.0013296558
2025-11-11 01:00:00,-0.0005561657
2025-11-11 02:00:00,0.00535085
2025-11-11 03:00:00,-0.0018023605
2025-11-11 04:00:00,-0.006664963
2025-11-11 05:00:00,-0.0046929971
2025-11-11 06:00:00,0.0001900436
2025-11-11 07:00:00,-0.0047905994
2025-11-11 08:00:00,0.0036307712
2025-11-11 09:00:00,-0.0015802905
2025-11-11 10:00:00,0.0019131657
2025-11-11 11:00:00,0.0013208975
2025-11-11 12:00:00,-0.0074157729
2025-11-11 13:00:00,-0.0013498961
2025-11-11 14:00:00,0.0015794843
2025-11-11 15:00:00,-0.0105676601
2025-11-11 16:00:00,-0.0006382053
2025-11-11 17:00:00,-0.0007257281
2025-11-11 18:00:00,0.0006193209
2025-11-11 19:00:00,-0.0025571746
2025-11-11 20:00:00,-0.0032932635
2025-11-11 21:00:00,-0.0016263412
2025-11-11 22:00:00,0.0034248941
2025-11-11 23:00:00,0.0006020353
2025-11-12 00:00:00,-0.0016127155
2025-11-12 01:00:00,0.003639491
2025-11-12 02:00:00,-0.0010759099
2025-11-12 03:00:00,0.0016085898
2025-11-12 04:00:00,-0.0006683165
2025-11-12 05:00:00,0.0015587109
2025-11-12 06:00:00,-0.0001064185
2025-11-12 07:00:00,-0.0024798525
2025-11-12 08:00:00,0.0100267671
2025-11-12 09:00:00,0.0034986688
2025-11-12 10:00:00,0.0036199567
2025-11-12 11:00:00,0.0010672461
2025-11-12 12:00:00,-0.0001238184
2025-11-12 13:00:00,0.0004951815
2025-11-12 14:00:00,-0.0100755315
2025-11-12 15:00:00,-0.0177945472
2025-11-12 16:00:00,-0.0072212411
2025-11-12 17:00:00,0.0031306942
2025-11-12 18:00:00,-0.0020367908
2025-11-12 19:00:00,-0.0024753098
2025-11-12 20:00:00,0.0022684469
2025-11-12 21:00:00,0.0038544029
2025-11-12 22:00:00,0.0006769186
2025-11-12 23:00:00,-0.0032612675
2025-11-13 00:00:00,0.0020444478
2025-11-13 01:00:00,0.0014227475
2025-11-13 02:00:00,0.0005685327
2025-11-13 03:00:00,0.0013612039
2025-11-13 04:00:00,-0.000675474
2025-11-13 05:00:00,0.009551171
2025-11-13 06:00:00,0.0044809056
2025-11-13 07:00:00,-0.0010917612
2025-11-13 08:00:00,0.0022112687
2025-11-13 09:00:00,-0.0086507657
2025-11-13 10:00:00,0.0018371548
2025-11-13 11:00:00,-0.0005925753
2025-11-13 12:00:00,0.0020288413
2025-11-13 13:00:00,-0.0079739882
2025-11-13 14:00:00,0.0052938805
2025-11-13 15:00:00,-0.0145644816
2025-11-13 16:00:00,-0.007625989
2025-11-13 17:00:00,-0.0097906792
2025-11-13 18:00:00,-0.0108917814
2025-11-13 19:00:00,0.0011867872
2025-11-13 20:00:00,-0.0058257034
2025-11-13 21:00:00,0.0068085542
2025-11-13 22:00:00,0.010627842
2025-11-13 23:00:00,-0.0017852312
2025-11-14 00:00:00,-0.0070819757
2025-11-14 01:00:00,0.0029779202
2025-11-14 02:00:00,0.003682356
2025-11-14 03:00:00,-0.0049935671
2025-11-14 04:00:00,-0.0133507363
2025-11-14 05:00:00,-0.0029296396
2025-11-14 06:00:00,0.000235918
2025-11-14 07:00:00,-0.0043477659
2025-11-14 08:00:00,0.0023355482
2025-11-14 09:00:00,-0.0049760316
2025-11-14 10:00:00,-0.0011677476
2025-11-14 11:00:00,-0.0061193354
2025-11-14 12:00:00,-0.0087773941
2025-11-14 13:00:00,-0.0015124623
2025-11-14 14:00:00,0.0137586203
2025-11-14 15:00:00,0.0027332888
2025-11-14 16:00:00,0.0024886552
2025-11-14 17:00:00,-0.0120358373
2025-11-14 18:00:00,-0.0082384358
2025-11-14 19:00:00,0.0072776404
2025-11-14 20:00:00,-0.0149585673
2025-11-14 21:00:00,0.0071334893
2025-11-14 22:00:00,0.0014206117
2025-11-14 23:00:00,-0.0062023553
2025-11-15 00:00:00,0.0057711236
2025-11-15 01:00:00,0.0053613806
2025-11-15 02:00:00,0.0085541404
2025-11-15 03:00:00,-0.0004462132
2025-11-15 04:00:00,-0.0030978444
2025-11-15 05:00:00,0.0023710247
2025-11-15 06:00:00,-0.0022877356
2025-11-15 07:00:00,0.0022357997
2025-11-15 08:00:00,-0.0044661754
2025-11-15 09:00:00,-0.0009603842
2025-11-15 10:00:00,0.0012316301
2025-11-15 11:00:00,-0.0025588951
2025-11-15 12:00:00,0.0012541546
2025-11-15 13:00:00,0.005883932
2025-11-15 14:00:00,-0.0011948115
2025-11-15 15:00:00,8.31635e-05
2025-11-15 16:00:00,-0.0012273641
2025-11-15 17:00:00,0.0008634726
2025-11-15 18:00:00,-0.0018527005
2025-11-15 19:00:00,-0.0004063876
2025-11-15 20:00:00,-0.0077003938
2025-11-15 21:00:00,4.20106e-05
2025-11-15 22:00:00,0.0034807441
2025-11-15 23:00:00,-9.41979e-05
2025-11-16 00:00:00,-0.0023893121
2025-11-16 01:00:00,-0.0009657273
2025-11-16 02:00:00,0.007032628
2025-11-16 03:00:00,-0.001314856
2025-11-16 04:00:00,-0.0001357582
2025-11-16 05:00:00,0.0006159854
2025-11-16 06:00:00,-0.0008980036
2025-11-16 07:00:00,0.0031290769
2025-11-16 08:00:00,0.0001145469
2025-11-16 09:00:00,0.0052032334
2025-11-16 10:00:00,-0.0017521582
2025-11-16 11:00:00,-0.0081687543
2025-11-16 12:00:00,0.0010352022
2025-11-16 13:00:00,-0.0034443624
2025-11-16 14:00:00,0.0013414662
2025-11-16 15:00:00,-0.0103167497
2025-11-16 16:00:00,-0.0035087197
2025-11-16 17:00:00,0.0013689111
2025-11-16 18:00:00,-0.0032608782
2025-11-16 19:00:00,-0.0002660126
2025-11-16 20:00:00,0.0008084591
2025-11-16 21:00:00,-0.0064646431
2025-11-16 22:00:00,0.0071661961
2025-11-16 23:00:00,0.0008178569
2025-11-17 00:00:00,0.0110758538
2025-11-17 01:00:00,-0.0054539655
2025-11-17 02:00:00,0.0019407242
2025-11-17 03:00:00,0.0055167771
2025-11-17 04:00:00,-0.0041163125
2025-11-17 05:00:00,6.31326e-05
2025-11-17 06:00:00,0.0017871039
2025-11-17 07:00:00,0.0038471867
2025-11-17 08:00:00,-0.0002825317
2025-11-17 09:00:00,0.0002197538
2025-11-17 10:00:00,-3.13904e-05
2025-11-17 11:00:00,-0.0006908391
2025-11-17 12:00:00,-0.0027681388
2025-11-17 13:00:00,-0.0145425957
2025-11-17 14:00:00,0.008729789
2025-11-17 15:00:00,-0.008783059
2025-11-17 16:00:00,0.0039237212
2025-11-17 17:00:00,-0.0168020819
2025-11-17 18:00:00,-0.0023338746
2025-11-17 19:00:00,-0.0096306139
2025-11-17 20:00:00,0.0030753484
2025-11-17 21:00:00,-0.0001415636
2025-11-17 22:00:00,0.0033703011
2025-11-17 23:00:00,-0.0003582342
2025-11-18 00:00:00,-0.0005321604
2025-11-18 01:00:00,-0.0046057692
2025-11-18 02:00:00,-0.0095841423
2025-11-18 03:00:00,-0.0001432515
2025-11-18 04:00:00,-0.0085883988
2025-11-18 05:00:00,0.0015216223
2025-11-18 06:00:00,-0.0063796247
2025-11-18 07:00:00,0.0095487078
2025-11-18 08:00:00,0.0079888031
2025-11-18 09:00:00,0.0019626231
2025-11-18 10:00:00,0.0020243697
2025-11-18 11:00:00,-0.0007654959
2025-11-18 12:00:00,5.46977e-05
2025-11-18 13:00:00,-0.0004157777
2025-11-18 14:00:00,-0.0010840228
2025-11-18 15:00:00,0.0169356565
2025-11-18 16:00:00,0.0064101063
2025-11-18 17:00:00,-0.002411047
2025-11-18 18:00:00,0.0006649578
2025-11-18 19:00:00,-0.0016417458
2025-11-18 20:00:00,-0.0039490655
2025-11-18 21:00:00,-0.0032938284
2025-11-18 22:00:00,0.0072321547
2025-11-18 23:00:00,-0.002203982
2025-11-19 00:00:00,-0.0060563391
2025-11-19 01:00:00,0.0003789212
2025-11-19 02:00:00,0.0012440167
2025-11-19 03:00:00,-0.0073676149
2025-11-19 04:00:00,-0.0078722485
2025-11-19 05:00:00,-0.0077908876
2025-11-19 06:00:00,0.0058021055
2025-11-19 07:00:00,0.0096758707
2025-11-19 08:00:00,-0.0042572301
2025-11-19 09:00:00,0.0004265395
2025-11-19 10:00:00,-0.0023208216
2025-11-19 11:00:00,0.0011720313
2025-11-19 12:00:00,0.0039768434
2025-11-19 13:00:00,-0.0041410641
2025-11-19 14:00:00,0.0035630011
2025-11-19 15:00:00,-0.0195997218
2025-11-19 16:00:00,-0.0006455131
2025-11-19 17:00:00,-0.00450793
2025-11-19 18:00:00,-0.0032821255
2025-11-19 19:00:00,-0.0038784793
2025-11-19 20:00:00,0.0076413767
2025-11-19 21:00:00,0.0116686142
2025-11-19 22:00:00,-0.0014262578
2025-11-19 23:00:00,0.0120096464
2025-11-20 00:00:00,0.0035684119
2025-11-20 01:00:00,0.0075638318
2025-11-20 02:00:00,7.56744e-05
2025-11-20 03:00:00,-0.0014387947
2025-11-20 04:00:00,0.0054090661
2025-11-20 05:00:00,-0.0034839295
2025-11-20 06:00:00,-0.0071350646
2025-11-20 07:00:00,0.0036931675
2025-11-20 08:00:00,-0.0021164718
2025-11-20 09:00:00,-0.0025783725
2025-11-20 10:00:00,-0.0009154516
2025-11-20 11:00:00,0.0013728633
2025-11-20 12:00:00,-0.0012747391
2025-11-20 13:00:00,-0.0031994436
2025-11-20 14:00:00,-0.0047030536
2025-11-20 15:00:00,-0.0137753131
2025-11-20 16:00:00,-0.0223290451
2025-11-20 17:00:00,-0.0073639046
2025-11-20 18:00:00,-0.008656466
2025-11-20 19:00:00,0.0048849593
2025-11-20 20:00:00,-0.0054523747
2025-11-20 21:00:00,0.0097746179
2025-11-20 22:00:00,0.0088617426
2025-11-20 23:00:00,-0.0163801855
2025-11-21 00:00:00,0.0073463702
2025-11-21 01:00:00,-0.0025271394
2025-11-21 02:00:00,-0.0185035692
2025-11-21 03:00:00,0.0042790067
2025-11-21 04:00:00,0.002644749
2025-11-21 05:00:00,0.001499852
2025-11-21 06:00:00,-0.0070771374
2025-11-21 07:00:00,-0.0182904209
2025-11-21 08:00:00,-0.0046223663
2025-11-21 09:00:00,-0.0173287355
2025-11-21 10:00:00,0.0060599254
2025-11-21 11:00:00,-0.0046722535
2025-11-21 12:00:00,0.0115978733
2025-11-21 13:00:00,0.0101565009
2025-11-21 14:00:00,0.0089225473
2025-11-21 15:00:00,-0.0230306701
2025-11-21 16:00:00,0.0236556959
2025-11-21 17:00:00,-0.0002240209
2025-11-21 18:00:00,-0.0035201737
2025-11-21 19:00:00,-0.0043642298
2025-11-21 20:00:00,0.0041985474
2025-11-21 21:00:00,0.0072876822
2025-11-21 22:00:00,-0.0104290026
2025-11-21 23:00:00,0.0098413549
2025-11-22 00:00:00,-0.0045483011
2025-11-22 01:00:00,0.0050301976
2025-11-22 02:00:00,-0.0077265096
2025-11-22 03:00:00,-0.0007818701
2025-11-22 04:00:00,-0.0024205617
2025-11-22 05:00:00,0.0004275839
2025-11-22 06:00:00,0.0041593898
2025-11-22 07:00:00,-0.0005204575
2025-11-22 08:00:00,-0.006528678
2025-11-22 09:00:00,-0.0013585663
2025-11-22 10:00:00,-0.0026868094
2025-11-22 11:00:00,0.004783471
2025-11-22 12:00:00,-0.0023709822
2025-11-22 13:00:00,0.0006081746
2025-11-22 14:00:00,0.0064169056
2025-11-22 15:00:00,-0.0022768518
2025-11-22 16:00:00,0.0048793872
2025-11-22 17:00:00,-0.0016908774
2025-11-22 18:00:00,0.0013009286
2025-11-22 19:00:00,-0.000721215
2025-11-22 20:00:00,-0.0015387532
2025-11-22 21:00:00,-0.0007702654
2025-11-22 22:00:00,0.0077937195
2025-11-22 23:00:00,-0.0039483118
2025-11-23 00:00:00,0.0027360121
2025-11-23 01:00:00,0.0108115493
2025-11-23 02:00:00,0.0012109076
2025-11-23 03:00:00,0.003635544
2025-11-23 04:00:00,0.0031717395
2025-11-23 05:00:00,-0.0025690296
2025-11-23 06:00:00,-0.0056122804
2025-11-23 07:00:00,-0.0009909359
2025-11-23 08:00:00,0.0040391867
2025-11-23 09:00:00,0.0032126958
2025-11-23 10:00:00,-0.0039564495
2025-11-23 11:00:00,0.003099194
2025-11-23 12:00:00,0.0022689659
2025-11-23 13:00:00,0.004649159
2025-11-23 14:00:00,-0.0043138814
2025-11-23 15:00:00,0.0062341396
2025-11-23 16:00:00,-0.0046517603
2025-11-23 17:00:00,0.0007268239
2025-11-23 18:00:00,0.0029250225
2025-11-23 19:00:00,0.003787492
2025-11-23 20:00:00,0.0016825483
2025-11-23 21:00:00,0.0060088318
2025-11-23 22:00:00,0.0001023047
2025-11-23 23:00:00,-0.0134342334
2025-11-24 00:00:00,-0.0011180977
2025-11-24 01:00:00,0.003683839
2025-11-24 02:00:00,0.0052032712
2025-11-24 03:00:00,-0.0007661828
2025-11-24 04:00:00,-0.0081093943
2025-11-24 05:00:00,0.0082237872
2025-11-24 06:00:00,-0.006322635
2025-11-24 07:00:00,0.0014608534
2025-11-24 08:00:00,-0.0009775003
2025-11-24 09:00:00,-0.0116770895
2025-11-24 10:00:00,0.0010820057
2025-11-24 11:00:00,0.0025201363
2025-11-24 12:00:00,-0.003008639
2025-11-24 13:00:00,0.0017551715
2025-11-24 14:00:00,-0.0001393712
2025-11-24 15:00:00,0.0055482018
2025-11-24 16:00:00,0.0064476241
2025-11-24 17:00:00,0.0137232025
2025-11-24 18:00:00,0.0041007971
2025-11-24 19:00:00,-0.0044517835
2025-11-24 20:00:00,0.0091307335
2025-11-24 21:00:00,-0.0039914827
2025-11-24 22:00:00,-0.0014205349
2025-11-24 23:00:00,-0.0040584976
2025-11-25 00:00:00,-0.0023476452
2025-11-25 01:00:00,-0.0041758465
2025-11-25 02:00:00,0.0020275203
2025-11-25 03:00:00,-0.0009562951
2025-11-25 04:00:00,0.0057693997
2025-11-25 05:00:00,-0.0023468999
2025-11-25 06:00:00,-0.0012607549
2025-11-25 07:00:00,-0.0071172242
2025-11-25 08:00:00,-0.0041982168
2025-11-25 09:00:00,0.0025485618
2025-11-25 10:00:00,0.0019929908
2025-11-25 11:00:00,-0.0006295391
2025-11-25 12:00:00,0.0016131158
2025-11-25 13:00:00,-0.0050309815
2025-11-25 14:00:00,-0.0039138993
2025-11-25 15:00:00,0.0027988477
2025-11-25 16:00:00,0.0014596613
2025-11-25 17:00:00,0.0057032416
2025-11-25 18:00:00,-0.0042227714
2025-11-25 19:00:00,-0.0041715807
2025-11-25 20:00:00,0.0060963548
2025-11-25 21:00:00,-0.0037958108
2025-11-25 22:00:00,0.0063564268
2025-11-25 23:00:00,-0.0029727558
2025-11-26 00:00:00,0.0023332162
2025-11-26 01:00:00,0.0039904283
2025-11-26 02:00:00,-0.0023581289
2025-11-26 03:00:00,-0.0068093259
2025-11-26 04:00:00,0.0012967715
2025-11-26 05:00:00,0.0032517375
2025-11-26 06:00:00,0.0034234885
2025-11-26 07:00:00,0.0014457532
2025-11-26 08:00:00,-0.0059100209
2025-11-26 09:00:00,-0.0067973578
2025-11-26 10:00:00,0.0013585707
2025-11-26 11:00:00,0.0019310573
2025-11-26 12:00:00,-0.0051808815
2025-11-26 13:00:00,0.0053071898
2025-11-26 14:00:00,-0.0025752469
2025-11-26 15:00:00,0.0007824727
2025-11-26 16:00:00,0.0098207206
2025-11-26 17:00:00,0.0227249236
2025-11-26 18:00:00,0.0035343973
2025-11-26 19:00:00,-0.0020991261
2025-11-26 20:00:00,-0.0008453368
2025-11-26 21:00:00,0.003388158
2025-11-26 22:00:00,0.0022044619
2025-11-26 23:00:00,0.0011722553
2025-11-27 00:00:00,-0.0001436932
2025-11-27 01:00:00,0.0075435486
2025-11-27 02:00:00,0.0021480167
2025-11-27 03:00:00,-0.002949224
2025-11-27 04:00:00,0.0021059105
2025-11-27 05:00:00,-0.0034133659
2025-11-27 06:00:00,0.0028763413
2025-11-27 07:00:00,0.0020260325
2025-11-27 08:00:00,0.0009950848
2025-11-27 09:00:00,0.0008084605
2025-11-27 10:00:00,0.0005131425
2025-11-27 11:00:00,-0.0025136351
2025-11-27 12:00:00,-0.004562512
2025-11-27 13:00:00,-0.0014080481
2025-11-27 14:00:00,-0.0007047682
2025-11-27 15:00:00,0.0018379627
2025-11-27 16:00:00,0.0056249223
2025-11-27 17:00:00,4.3735e-05
2025-11-27 18:00:00,0.0035579847
2025-11-27 19:00:00,-0.0029896041
2025-11-27 20:00:00,-0.0007105262
2025-11-27 21:00:00,-0.0006563187
2025-11-27 22:00:00,-0.0008648105
2025-11-27 23:00:00,0.0001642621
2025-11-28 00:00:00,-0.0015341628
2025-11-28 01:00:00,-0.0043412625
2025-11-28 02:00:00,0.0030243899
2025-11-28 03:00:00,0.0014046025
2025-11-28 04:00:00,0.0024423781
2025-11-28 05:00:00,0.0019998367
2025-11-28 06:00:00,-0.0033352866
2025-11-28 07:00:00,-0.0043910756
2025-11-28 08:00:00,0.0085229967
2025-11-28 09:00:00,-0.0009494863
2025-11-28 10:00:00,0.0027042073
2025-11-28 11:00:00,-0.0044199329
2025-11-28 12:00:00,0.0007325487
2025-11-28 13:00:00,0.0095395764
2025-11-28 14:00:00,-0.0013216195
2025-11-28 15:00:00,0.0014731691
2025-11-28 16:00:00,-0.0157095282
2025-11-28 17:00:00,-0.0034365052
2025-11-28 18:00:00,0.0024023903
2025-11-28 19:00:00,0.0034282734
2025-11-28 20:00:00,0.0006798619
2025-11-28 21:00:00,-0.0035139386
2025-11-28 22:00:00,0.0025378633
2025-11-28 23:00:00,-0.0024608636
2025-11-29 00:00:00,-0.0002530211
2025-11-29 01:00:00,8.80146e-05
2025-11-29 02:00:00,-0.0007593809
2025-11-29 03:00:00,-0.0013992103
2025-11-29 04:00:00,0.0023675948
2025-11-29 05:00:00,-0.0016952888
2025-11-29 06:00:00,-0.0019851561
2025-11-29 07:00:00,2.2079e-05
2025-11-29 08:00:00,0.0006952377
2025-11-29 09:00:00,-0.0006952377
2025-11-29 10:00:00,7.72725e-05
2025-11-29 11:00:00,0.0012465735
2025-11-29 12:00:00,-0.0006396401
2025-11-29 13:00:00,0.0018736504
2025-11-29 14:00:00,-0.0018295242
2025-11-29 15:00:00,0.0047322519
2025-11-29 16:00:00,-0.0005271424
2025-11-29 17:00:00,-0.0061927208
2025-11-29 18:00:00,0.0028917704
2025-11-29 19:00:00,-0.000606358
2025-11-29 20:00:00,0.0035227584
2025-11-29 21:00:00,0.0004614421
2025-11-29 22:00:00,-0.0029150531
2025-11-29 23:00:00,0.0006277291
2025-11-30 00:00:00,0.000946355
2025-11-30 01:00:00,0.000241947
2025-11-30 02:00:00,-0.0013204227
2025-11-30 03:00:00,0.0011884589
2025-11-30 04:00:00,-0.0005940529
2025-11-30 05:00:00,-0.0006604729
2025-11-30 06:00:00,0.0011225446
2025-11-30 07:00:00,0.0007036988
2025-11-30 08:00:00,0.0022836073
2025-11-30 09:00:00,0.0025409634
2025-11-30 10:00:00,-0.0019160765
2025-11-30 11:00:00,-0.0019856404
2025-11-30 12:00:00,0.0045578131
2025-11-30 13:00:00,0.0030670016
2025-11-30 14:00:00,-0.0030014156
2025-11-30 15:00:00,-0.000437321
2025-11-30 16:00:00,0.0040488315
2025-11-30 17:00:00,-0.0034694224
2025-11-30 18:00:00,-0.000426325
2025-11-30 19:00:00,0.0001093314
2025-11-30 20:00:00,-0.001597427
2025-11-30 21:00:00,-0.0015890153
2025-11-30 22:00:00,0.0006797501
2025-11-30 23:00:00,-0.0094592249
2025-12-01 00:00:00,-0.0380220779
2025-12-01 01:00:00,0.002089529
2025-12-01 02:00:00,-0.0052435611
2025-12-01 03:00:00,-0.0045528684
2025-12-01 04:00:00,-0.0062621832
2025-12-01 05:00:00,0.0023863443
2025-12-01 06:00:00,0.0026358126
2025-12-01 07:00:00,0.0037039223
2025-12-01 08:00:00,0.0036442096
2025-12-01 09:00:00,-0.0018089126
2025-12-01 10:00:00,-0.0008075774
2025-12-01 11:00:00,-0.0058454991
2025-12-01 12:00:00,-0.0085224973
2025-12-01 13:00:00,0.0066051517
2025-12-01 14:00:00,0.0007208884
2025-12-01 15:00:00,-0.016039898
2025-12-01 16:00:00,-0.0015720951
2025-12-01 17:00:00,0.0047088901
2025-12-01 18:00:00,0.0032443517
2025-12-01 19:00:00,-0.0022911132
2025-12-01 20:00:00,0.0058641564
2025-12-01 21:00:00,0.0108167002
2025-12-01 22:00:00,0.0017568197
2025-12-01 23:00:00,-0.0035283198
2025-12-02 00:00:00,0.0026040626
2025-12-02 01:00:00,-0.0006359227
2025-12-02 02:00:00,0.0009595099
2025-12-02 03:00:00,0.0048987782
2025-12-02 04:00:00,2.29964e-05
2025-12-02 05:00:00,0.0004713104
2025-12-02 06:00:00,0.0010682473
2025-12-02 07:00:00,-0.000941836
2025-12-02 08:00:00,-0.0063517894
2025-12-02 09:00:00,0.0034518023
2025-12-02 10:00:00,0.0058488771
2025-12-02 11:00:00,0.000961957
2025-12-02 12:00:00,-0.0009963297
2025-12-02 13:00:00,0.0050857543
2025-12-02 14:00:00,0.0175263674
2025-12-02 15:00:00,0.0176868033
2025-12-02 16:00:00,-0.0011341802
2025-12-02 17:00:00,0.0078249292
2025-12-02 18:00:00,0.005374921
2025-12-02 19:00:00,-0.0005546885
2025-12-02 20:00:00,-0.0093892272
2025-12-02 21:00:00,0.006010956
2025-12-02 22:00:00,0.0043025811
2025-12-02 23:00:00,-0.0076703976
2025-12-03 00:00:00,0.0042080014
2025-12-03 01:00:00,0.0061651739
2025-12-03 02:00:00,0.0062459005
2025-12-03 03:00:00,-0.0016711144
2025-12-03 04:00:00,0.0075677315
2025-12-03 05:00:00,0.002929982
2025-12-03 06:00:00,-0.0021378264
2025-12-03 07:00:00,-0.0046226118
2025-12-03 08:00:00,-0.002497149
2025-12-03 09:00:00,0.0044088463
2025-12-03 10:00:00,-0.0025246435
2025-12-03 11:00:00,0.0007311907
2025-12-03 12:00:00,-0.0008064907
2025-12-03 13:00:00,0.0021062594
2025-12-03 14:00:00,-0.0085708804
2025-12-03 15:00:00,0.0002056978
2025-12-03 16:00:00,-0.0012673381
2025-12-03 17:00:00,0.0076983672
2025-12-03 18:00:00,-0.0038039864
2025-12-03 19:00:00,0.0044921141
2025-12-03 20:00:00,-0.0006343506
2025-12-03 21:00:00,0.0079486225
2025-12-03 22:00:00,0.0009278566
2025-12-03 23:00:00,-0.003588214
2025-12-04 00:00:00,-0.0043207727
2025-12-04 01:00:00,0.0014709438
2025-12-04 02:00:00,0.0079506286
2025-12-04 03:00:00,-0.0043415022
2025-12-04 04:00:00,-0.0019475245
2025-12-04 05:00:00,-0.0039709849
2025-12-04 06:00:00,0.0018586667
2025-12-04 07:00:00,0.0027226652
2025-12-04 08:00:00,-0.0015533692
2025-12-04 09:00:00,0.0021098523
2025-12-04 10:00:00,-0.0021741817
2025-12-04 11:00:00,-0.0033508425
2025-12-04 12:00:00,0.0003764554
2025-12-04 13:00:00,-0.0049914667
2025-12-04 14:00:00,-0.0066144979
2025-12-04 15:00:00,0.0119392782
2025-12-04 16:00:00,-0.006168133
2025-12-04 17:00:00,5.40824e-05
2025-12-04 18:00:00,-0.0032718359
2025-12-04 19:00:00,-0.0016399411
2025-12-04 20:00:00,0.0056145823
2025-12-04 21:00:00,-0.0037142358
2025-12-04 22:00:00,0.0021782369
2025-12-04 23:00:00,-0.0029705139
2025-12-05 00:00:00,0.0023532867
2025-12-05 01:00:00,0.0006821763
2025-12-05 02:00:00,0.0016007445
2025-12-05 03:00:00,-0.0037354483
2025-12-05 04:00:00,-0.0015198231
2025-12-05 05:00:00,-0.0010000001
2025-12-05 06:00:00,0.0037448552
2025-12-05 07:00:00,-0.0002167106
2025-12-05 08:00:00,-0.0015617039
2025-12-05 09:00:00,-0.0106386884
2025-12-05 10:00:00,0.0014907707
2025-12-05 11:00:00,0.0007883327
2025-12-05 12:00:00,-0.0010950745
2025-12-05 13:00:00,-0.0085940393
2025-12-05 14:00:00,-0.0019690707
2025-12-05 15:00:00,0.0018917086
2025-12-05 16:00:00,-0.0183593722
2025-12-05 17:00:00,0.0058477401
2025-12-05 18:00:00,-0.0045090594
2025-12-05 19:00:00,0.0079054451
2025-12-05 20:00:00,-0.0035418834
2025-12-05 21:00:00,-0.0017139885
2025-12-05 22:00:00,0.0006725025
2025-12-05 23:00:00,0.0011086414
2025-12-06 00:00:00,0.0009508841
2025-12-06 01:00:00,-0.0011411695
2025-12-06 02:00:00,0.0008504068
2025-12-06 03:00:00,0.0031045521
2025-12-06 04:00:00,-6.69031e-05
2025-12-06 05:00:00,-0.0006581186
2025-12-06 06:00:00,0.0009034079
2025-12-06 07:00:00,-0.0010931157
2025-12-06 08:00:00,-0.003499302
2025-12-06 09:00:00,0.0033430451
2025-12-06 10:00:00,-0.0007034587
2025-12-06 11:00:00,0.0012279391
2025-12-06 12:00:00,-0.0005021565
2025-12-06 13:00:00,0.0009371549
2025-12-06 14:00:00,0.0038176269
2025-12-06 15:00:00,-0.0027922259
2025-12-06 16:00:00,-0.0004345525
2025-12-06 17:00:00,0.0
2025-12-06 18:00:00,-0.0007023686
2025-12-06 19:00:00,-0.0026690358
2025-12-06 20:00:00,0.0016647956
2025-12-06 21:00:00,-0.0013182003
2025-12-06 22:00:00,-0.0017341789
2025-12-06 23:00:00,-0.0005936679
2025-12-07 00:00:00,0.0018917881
2025-12-07 01:00:00,-0.0011301649
2025-12-07 02:00:00,0.0036098096
2025-12-07 03:00:00,0.0010258012
2025-12-07 04:00:00,-0.002007988
2025-12-07 05:00:00,-0.0002456975
2025-12-07 06:00:00,0.0020419215
2025-12-07 07:00:00,-0.0036851786
2025-12-07 08:00:00,-0.0006043243
2025-12-07 09:00:00,-0.0023311863
2025-12-07 10:00:00,0.0015584623
2025-12-07 11:00:00,-0.0010312284
2025-12-07 12:00:00,0.0033699657
2025-12-07 13:00:00,-0.0048289517
2025-12-07 14:00:00,-0.0089008806
2025-12-07 15:00:00,0.0149473898
2025-12-07 16:00:00,0.0035770638
2025-12-07 17:00:00,0.0119199094
2025-12-07 18:00:00,0.0043104697
2025-12-07 19:00:00,0.0006127049
2025-12-07 20:00:00,0.0003171461
2025-12-07 21:00:00,-0.0134296696
2025-12-07 22:00:00,-0.0067942372
2025-12-07 23:00:00,0.0086764343
2025-12-08 00:00:00,-0.000464684
2025-12-08 01:00:00,0.0060791131
2025-12-08 02:00:00,0.0050141367
2025-12-08 03:00:00,-0.0031679418
2025-12-08 04:00:00,0.0023029609
2025-12-08 05:00:00,0.0004490075
2025-12-08 06:00:00,0.0013895502
2025-12-08 07:00:00,0.0012129094
2025-12-08 08:00:00,0.0031183923
2025-12-08 09:00:00,0.0007182501
2025-12-08 10:00:00,0.0023687424
2025-12-08 11:00:00,-0.0018249568
2025-12-08 12:00:00,-0.0020897512
2025-12-08 13:00:00,-0.0035691909
2025-12-08 14:00:00,-0.0065932979
2025-12-08 15:00:00,-0.0098554568
2025-12-08 16:00:00,3.33469e-05
2025-12-08 17:00:00,0.0032958466
2025-12-08 18:00:00,-0.0038851381
2025-12-08 19:00:00,0.0024105632
2025-12-08 20:00:00,0.0075935041
2025-12-08 21:00:00,0.0056328898
2025-12-08 22:00:00,-0.0053356295
2025-12-08 23:00:00,-0.0021378361
2025-12-09 00:00:00,-0.0026621466
2025-12-09 01:00:00,-0.0038122303
2025-12-09 02:00:00,7.77195e-05
2025-12-09 03:00:00,0.0036570811
2025-12-09 04:00:00,-0.005045839
2025-12-09 05:00:00,-0.0005004254
2025-12-09 06:00:00,0.0030320723
2025-12-09 07:00:00,0.0034208506
2025-12-09 08:00:00,0.0002099622
2025-12-09 09:00:00,-0.0039413717
2025-12-09 10:00:00,0.0016072095
2025-12-09 11:00:00,0.0011511685
2025-12-09 12:00:00,0.0021217588
2025-12-09 13:00:00,-0.0017125278
2025-12-09 14:00:00,-0.0008186294
2025-12-09 15:00:00,0.0256320639
2025-12-09 16:00:00,0.0159023972
2025-12-09 17:00:00,-0.0028280742
2025-12-09 18:00:00,0.0002022708
2025-12-09 19:00:00,-0.0013421391
2025-12-09 20:00:00,-0.0074570923
2025-12-09 21:00:00,-0.0048441884
2025-12-09 22:00:00,0.0023173732
2025-12-09 23:00:00,-0.0020476352
2025-12-10 00:00:00,-0.0059836683
2025-12-10 01:00:00,0.0020382504
2025-12-10 02:00:00,0.0020232956
2025-12-10 03:00:00,-0.0008975351
2025-12-10 04:00:00,0.0014378303
2025-12-10 05:00:00,1.08029e-05
2025-12-10 06:00:00,0.0015759764
2025-12-10 07:00:00,0.0008948257
2025-12-10 08:00:00,-0.0016501209
2025-12-10 09:00:00,0.0030392867
2025-12-10 10:00:00,-0.0070410658
2025-12-10 11:00:00,-0.0016160612
2025-12-10 12:00:00,-0.0014012527
2025-12-10 13:00:00,0.0010646967
2025-12-10 14:00:00,-0.0026312085
2025-12-10 15:00:00,0.0023379868
2025-12-10 16:00:00,0.0010421756
2025-12-10 17:00:00,0.0024924697
2025-12-10 18:00:00,0.001297957
2025-12-10 19:00:00,0.0050352411
2025-12-10 20:00:00,-0.0054568923
2025-12-10 21:00:00,-0.0008221905
2025-12-10 22:00:00,0.0014924246
2025-12-10 23:00:00,-0.0054179531
2025-12-11 00:00:00,-0.006803044
2025-12-11 01:00:00,-0.0077422292
2025-12-11 02:00:00,-0.0069252661
2025-12-11 03:00:00,-0.0018556076
2025-12-11 04:00:00,0.0060319966
2025-12-11 05:00:00,-0.0014935201
2025-12-11 06:00:00,-0.0002989719
2025-12-11 07:00:00,-0.0001550576
2025-12-11 08:00:00,-0.0008865052
2025-12-11 09:00:00,0.0005319974
2025-12-11 10:00:00,0.0009635246
2025-12-11 11:00:00,-0.0007640985
2025-12-11 12:00:00,-0.002573433
2025-12-11 13:00:00,0.00057738
2025-12-11 14:00:00,-0.0057218711
2025-12-11 15:00:00,0.0035104765
2025-12-11 16:00:00,-0.0016812621
2025-12-11 17:00:00,0.0025708529
2025-12-11 18:00:00,0.0081473158
2025-12-11 19:00:00,0.0015422752
2025-12-11 20:00:00,0.0105664666
2025-12-11 21:00:00,0.011727069
2025-12-11 22:00:00,-0.0055486131
2025-12-11 23:00:00,0.0016440434
2025-12-12 00:00:00,-0.0102762207
2025-12-12 01:00:00,0.0064648361
2025-12-12 02:00:00,0.0045568028
2025-12-12 03:00:00,-0.0031908304
2025-12-12 04:00:00,0.0011693502
2025-12-12 05:00:00,0.0004435621
2025-12-12 06:00:00,0.0008108854
2025-12-12 07:00:00,-0.0008757846
2025-12-12 08:00:00,-0.0009090319
2025-12-12 09:00:00,0.001849659
2025-12-12 10:00:00,-0.0002810142
2025-12-12 11:00:00,-0.0009084323
2025-12-12 12:00:00,-1.08196e-05
2025-12-12 13:00:00,-0.0011475464
2025-12-12 14:00:00,0.0016343145
2025-12-12 15:00:00,-0.028042039
2025-12-12 16:00:00,0.0015891806
2025-12-12 17:00:00,0.0004218754
2025-12-12 18:00:00,0.0033132978
2025-12-12 19:00:00,-0.002093082
2025-12-12 20:00:00,0.000144109
2025-12-12 21:00:00,-0.0002106278
2025-12-12 22:00:00,0.0016948499
2025-12-12 23:00:00,-0.0008304499
2025-12-13 00:00:00,0.000609064
2025-12-13 01:00:00,-0.0011630806
2025-12-13 02:00:00,0.0001551556
2025-12-13 03:00:00,0.0012514468
2025-12-13 04:00:00,0.0003651715
2025-12-13 05:00:00,-0.0003983755
2025-12-13 06:00:00,0.0002102735
2025-12-13 07:00:00,-0.000332031
2025-12-13 08:00:00,0.0013827359
2025-12-13 09:00:00,-0.0003759149
2025-12-13 10:00:00,0.0018892006
2025-12-13 11:00:00,-0.0027299924
2025-12-13 12:00:00,0.0002102642
2025-12-13 13:00:00,-0.0010960725
2025-12-13 14:00:00,-0.0018960505
2025-12-13 15:00:00,9.98818e-05
2025-12-13 16:00:00,-7.7685e-05
2025-12-13 17:00:00,-0.000333004
2025-12-13 18:00:00,0.0006769917
2025-12-13 19:00:00,0.0007652255
2025-12-13 20:00:00,-0.0010759189
2025-12-13 21:00:00,0.0008985275
2025-12-13 22:00:00,-0.0003770614
2025-12-13 23:00:00,0.0012193907
2025-12-14 00:00:00,0.0010961817
2025-12-14 01:00:00,-0.0006642091
2025-12-14 02:00:00,0.0
2025-12-14 03:00:00,-0.0003101153
2025-12-14 04:00:00,-0.0007424522
2025-12-14 05:00:00,5.54259e-05
2025-12-14 06:00:00,-0.000521125
2025-12-14 07:00:00,0.0011084509
2025-12-14 08:00:00,-0.0014523204
2025-12-14 09:00:00,-0.0010989561
2025-12-14 10:00:00,-0.0019789438
2025-12-14 11:00:00,-0.0052442016
2025-12-14 12:00:00,0.0006374663
2025-12-14 13:00:00,0.0007040955
2025-12-14 14:00:00,-0.0043217892
2025-12-14 15:00:00,-0.0010665231
2025-12-14 16:00:00,-0.0021702349
2025-12-14 17:00:00,-0.0002476836
2025-12-14 18:00:00,0.0022718847
2025-12-14 19:00:00,-0.0039848314
2025-12-14 20:00:00,-0.0010495016
2025-12-14 21:00:00,-0.0011862465
2025-12-14 22:00:00,-0.0005201325
2025-12-14 23:00:00,-0.0028542323
2025-12-15 00:00:00,0.0034308847
2025-12-15 01:00:00,0.0090582878
2025-12-15 02:00:00,0.0005711246
2025-12-15 03:00:00,-0.0004927157
2025-12-15 04:00:00,0.0042807471
2025-12-15 05:00:00,-0.0005020108
2025-12-15 06:00:00,0.0014829932
2025-12-15 07:00:00,-8.91405e-05
2025-12-15 08:00:00,0.0004901742
2025-12-15 09:00:00,0.0009907549
2025-12-15 10:00:00,-0.000155784
2025-12-15 11:00:00,-0.0024177611
2025-12-15 12:00:00,0.0007025331
2025-12-15 13:00:00,-0.0030590623
2025-12-15 14:00:00,-0.0156416942
2025-12-15 15:00:00,-0.0116411228
2025-12-15 16:00:00,-0.0074276038
2025-12-15 17:00:00,-0.0074015455
2025-12-15 18:00:00,0.0050951671
2025-12-15 19:00:00,-0.0005803292
2025-12-15 20:00:00,-0.0041533662
2025-12-15 21:00:00,0.0048845258
2025-12-15 22:00:00,0.0005219298
2025-12-15 23:00:00,0.0019808524
2025-12-16 00:00:00,-0.0066065086
2025-12-16 01:00:00,0.0003727041
2025-12-16 02:00:00,0.0006635353
2025-12-16 03:00:00,-0.000896459
2025-12-16 04:00:00,-0.0004660104
2025-12-16 05:00:00,0.0023162573
2025-12-16 06:00:00,0.0055418504
2025-12-16 07:00:00,-0.0058441725
2025-12-16 08:00:00,0.0032046099
2025-12-16 09:00:00,0.0005562767
2025-12-16 10:00:00,0.007491104
2025-12-16 11:00:00,0.0031344209
2025-12-16 12:00:00,-0.0004815796
2025-12-16 13:00:00,-0.0086851897
2025-12-16 14:00:00,0.0096595749
2025-12-16 15:00:00,0.0076815024
2025-12-16 16:00:00,-0.0043299976
2025-12-16 17:00:00,-0.0051979096
2025-12-16 18:00:00,0.0073880412
2025-12-16 19:00:00,-0.0020759438
2025-12-16 20:00:00,-0.0001141878
2025-12-16 21:00:00,0.0021559477
2025-12-16 22:00:00,0.0001139419
2025-12-16 23:00:00,0.0008427671
2025-12-17 00:00:00,-0.0037637764
2025-12-17 01:00:00,0.0002285114
2025-12-17 02:00:00,-0.000788585
2025-12-17 03:00:00,-0.0031720429
2025-12-17 04:00:00,-0.0052899832
2025-12-17 05:00:00,-0.001430797
2025-12-17 06:00:00,0.0016267952
2025-12-17 07:00:00,0.0030618024
2025-12-17 08:00:00,-0.0074637112
2025-12-17 09:00:00,0.0002662823
2025-12-17 10:00:00,0.0024626425
2025-12-17 11:00:00,0.0041599747
2025-12-17 12:00:00,0.0004598758
2025-12-17 13:00:00,0.0070783376
2025-12-17 14:00:00,0.0228040369
2025-12-17 15:00:00,-0.0275861622
2025-12-17 16:00:00,-0.0026181031
2025-12-17 17:00:00,-0.0066448493
2025-12-17 18:00:00,-0.0072371068
2025-12-17 19:00:00,0.0024453306
2025-12-17 20:00:00,-0.0013150776
2025-12-17 21:00:00,0.0009312071
2025-12-17 22:00:00,0.0040986281
2025-12-17 23:00:00,-0.0010201835
2025-12-18 00:00:00,-0.0001739988
2025-12-18 01:00:00,-0.0013698473
2025-12-18 02:00:00,0.006692086
2025-12-18 03:00:00,-0.0009466746
2025-12-18 04:00:00,0.0017310426
2025-12-18 05:00:00,-0.0036733745
2025-12-18 06:00:00,0.0023349642
2025-12-18 07:00:00,0.0021567268
2025-12-18 08:00:00,0.0016231247
2025-12-18 09:00:00,0.0035937189
2025-12-18 10:00:00,0.0003552255
2025-12-18 11:00:00,-0.0005844703
2025-12-18 12:00:00,-0.0001031773
2025-12-18 13:00:00,0.0180422536
2025-12-18 14:00:00,-0.0057363693
2025-12-18 15:00:00,0.0016067896
2025-12-18 16:00:00,-0.0053622471
2025-12-18 17:00:00,-0.0177182518
2025-12-18 18:00:00,-0.0058135988
2025-12-18 19:00:00,-0.0174568756
2025-12-18 20:00:00,0.0014319444
2025-12-18 21:00:00,0.0119317026
2025-12-18 22:00:00,-0.0005026036
2025-12-18 23:00:00,-0.0008538362
2025-12-19 00:00:00,0.0010876367
2025-12-19 01:00:00,-0.003219559
2025-12-19 02:00:00,0.0037103622
2025-12-19 03:00:00,0.0140373535
2025-12-19 04:00:00,0.0025656823
2025-12-19 05:00:00,0.0006547472
2025-12-19 06:00:00,0.0037021585
2025-12-19 07:00:00,0.0056357459
2025-12-19 08:00:00,0.0017504182
2025-12-19 09:00:00,-5.67837e-05
2025-12-19 10:00:00,0.0018721604
2025-12-19 11:00:00,-0.0008278569
2025-12-19 12:00:00,-0.0038078829
2025-12-19 13:00:00,0.0015703771
2025-12-19 14:00:00,0.0021353938
2025-12-19 15:00:00,-0.0026244498
2025-12-19 16:00:00,7.96301e-05
2025-12-19 17:00:00,-0.0116936309
2025-12-19 18:00:00,0.0021958196
2025-12-19 19:00:00,0.0081774086
2025-12-19 20:00:00,0.0028889591
2025-12-19 21:00:00,-0.0031965445
2025-12-19 22:00:00,0.0058959689
2025-12-19 23:00:00,-0.002165767
2025-12-20 00:00:00,-0.0014767696
2025-12-20 01:00:00,0.0007954546
2025-12-20 02:00:00,0.0014415685
2025-12-20 03:00:00,0.0002268294
2025-12-20 04:00:00,0.0007368403
2025-12-20 05:00:00,0.0001133119
2025-12-20 06:00:00,0.0001019697
2025-12-20 07:00:00,-0.0003399395
2025-12-20 08:00:00,-0.0001813483
2025-12-20 09:00:00,-0.0003174387
2025-12-20 10:00:00,-0.0008507791
2025-12-20 11:00:00,0.0013722324
2025-12-20 12:00:00,-0.0004307462
2025-12-20 13:00:00,0.0002947411
2025-12-20 14:00:00,-0.0001246876
2025-12-20 15:00:00,-0.0007597966
2025-12-20 16:00:00,-0.0004084875
2025-12-20 17:00:00,0.0003631082
2025-12-20 18:00:00,0.00158705
2025-12-20 19:00:00,-0.001031296
2025-12-20 20:00:00,0.0005554454
2025-12-20 21:00:00,-0.000748223
2025-12-20 22:00:00,0.0008162155
2025-12-20 23:00:00,0.0008608387
2025-12-21 00:00:00,0.0002377327
2025-12-21 01:00:00,-0.0039809737
2025-12-21 02:00:00,-0.0008185725
2025-12-21 03:00:00,0.001420705
2025-12-21 04:00:00,-4.54313e-05
2025-12-21 05:00:00,0.0007720518
2025-12-21 06:00:00,-0.0005449158
2025-12-21 07:00:00,0.0010101298
2025-12-21 08:00:00,0.0039512542
2025-12-21 09:00:00,0.0038906825
2025-12-21 10:00:00,-0.0025131163
2025-12-21 11:00:00,-0.0005982178
2025-12-21 12:00:00,0.0003950896
2025-12-21 13:00:00,-0.0108480871
2025-12-21 14:00:00,0.0044283372
2025-12-21 15:00:00,0.0
2025-12-21 16:00:00,0.0031753979
2025-12-21 17:00:00,-0.0002831081
2025-12-21 18:00:00,0.0013242561
2025-12-21 19:00:00,0.0005427777
2025-12-21 20:00:00,-0.0028075278
2025-12-21 21:00:00,-0.0008279132
2025-12-21 22:00:00,0.0034545479
2025-12-21 23:00:00,0.0021911257
2025-12-22 00:00:00,-0.0003385202
2025-12-22 01:00:00,-0.0001693031
2025-12-22 02:00:00,-0.0017737612
2025-12-22 03:00:00,0.0034767724
2025-12-22 04:00:00,0.0014863529
2025-12-22 05:00:00,-0.0009568679
2025-12-22 06:00:00,0.0009793714
2025-12-22 07:00:00,0.0030445528
2025-12-22 08:00:00,0.0015580081
2025-12-22 09:00:00,0.0054729783
2025-12-22 10:00:00,-0.0004122218
2025-12-22 11:00:00,0.0018036077
2025-12-22 12:00:00,0.0030320723
2025-12-22 13:00:00,-0.0033324478
2025-12-22 14:00:00,0.0024115812
2025-12-22 15:00:00,-0.0045947936
2025-12-22 16:00:00,-0.0018974702
2025-12-22 17:00:00,-0.0026289162
2025-12-22 18:00:00,-0.0018836409
2025-12-22 19:00:00,-0.012353643
2025-12-22 20:00:00,0.0033349245
2025-12-22 21:00:00,-0.0007250235
2025-12-22 22:00:00,0.0041391537
2025-12-22 23:00:00,-0.0007677284
2025-12-23 00:00:00,0.0020422101
2025-12-23 01:00:00,-0.0029574799
2025-12-23 02:00:00,-0.0034085473
2025-12-23 03:00:00,-0.0002382397
2025-12-23 04:00:00,-0.0030226265
2025-12-23 05:00:00,-0.0019251477
2025-12-23 06:00:00,-0.0040904058
2025-12-23 07:00:00,0.0018073259
2025-12-23 08:00:00,-0.0010748509
2025-12-23 09:00:00,0.0007776673
2025-12-23 10:00:00,0.0009027076
2025-12-23 11:00:00,0.0028057548
2025-12-23 12:00:00,-0.0005012646
2025-12-23 13:00:00,-0.0022245427
2025-12-23 14:00:00,-0.0085217199
2025-12-23 15:00:00,0.0065096698
2025-12-23 16:00:00,0.0064675679
2025-12-23 17:00:00,-0.0094243868
2025-12-23 18:00:00,0.0090491117
2025-12-23 19:00:00,-0.0024826342
2025-12-23 20:00:00,-0.000524647
2025-12-23 21:00:00,0.0
2025-12-23 22:00:00,-0.0036688062
2025-12-23 23:00:00,0.0010185573
2025-12-24 00:00:00,0.002022592
2025-12-24 01:00:00,-0.0001826651
2025-12-24 02:00:00,-0.0057825803
2025-12-24 03:00:00,0.0022826739
2025-12-24 04:00:00,-0.0023056418
2025-12-24 05:00:00,-0.0020922915
2025-12-24 06:00:00,0.0006212467
2025-12-24 07:00:00,-0.0011392472
2025-12-24 08:00:00,-0.0014057083
2025-12-24 09:00:00,0.0002075239
2025-12-24 10:00:00,0.003176652
2025-12-24 11:00:00,0.0014124377
2025-12-24 12:00:00,0.0025900218
2025-12-24 13:00:00,-0.0016151114
2025-12-24 14:00:00,-0.0035371437
2025-12-24 15:00:00,0.0007015325
2025-12-24 16:00:00,0.0026292389
2025-12-24 17:00:00,0.0004585473
2025-12-24 18:00:00,0.0018092091
2025-12-24 19:00:00,0.000960527
2025-12-24 20:00:00,-6.85785e-05
2025-12-24 21:00:00,0.0016674094
2025-12-24 22:00:00,0.0035425686
2025-12-24 23:00:00,-0.0038735451
2025-12-25 00:00:00,-0.0011649954
2025-12-25 01:00:00,0.0015758465
2025-12-25 02:00:00,0.0021655885
2025-12-25 03:00:00,-0.0005124789
2025-12-25 04:00:00,-0.0006153215
2025-12-25 05:00:00,-0.0004788453
2025-12-25 06:00:00,0.0009916395
2025-12-25 07:00:00,0.0
2025-12-25 08:00:00,-0.002909317
2025-12-25 09:00:00,-0.0007315122
2025-12-25 10:00:00,-0.0012012975
2025-12-25 11:00:00,0.0011555603
2025-12-25 12:00:00,0.0006058493
2025-12-25 13:00:00,0.0007539411
2025-12-25 14:00:00,0.000981556
2025-12-25 15:00:00,0.0072631701
2025-12-25 16:00:00,-0.0031874797
2025-12-25 17:00:00,0.0006019752
2025-12-25 18:00:00,0.0012595675
2025-12-25 19:00:00,-0.0010779103
2025-12-25 20:00:00,-0.0028649406
2025-12-25 21:00:00,3.41548e-05
2025-12-25 22:00:00,-0.0027931546
2025-12-25 23:00:00,-0.0048064911
2025-12-26 00:00:00,-0.0013086152
2025-12-26 01:00:00,0.0036575269
2025-12-26 02:00:00,0.019459902
2025-12-26 03:00:00,-0.0038798315
2025-12-26 04:00:00,0.0015987394
2025-12-26 05:00:00,0.0003486809
2025-12-26 06:00:00,0.0015170332
2025-12-26 07:00:00,-0.0076309145
2025-12-26 08:00:00,0.0032759137
2025-12-26 09:00:00,0.0009243499
2025-12-26 10:00:00,-0.0008003021
2025-12-26 11:00:00,-0.0023595434
2025-12-26 12:00:00,0.0016150257
2025-12-26 13:00:00,0.0036608416
2025-12-26 14:00:00,-0.0184053579
2025-12-26 15:00:00,-0.0031084245
2025-12-26 16:00:00,-0.0031757382
2025-12-26 17:00:00,0.0052299872
2025-12-26 18:00:00,-0.0004357448
2025-12-26 19:00:00,0.0028175163
2025-12-26 20:00:00,0.0007659988
2025-12-26 21:00:00,-0.0013036917
2025-12-26 22:00:00,0.0010065081
2025-12-26 23:00:00,-0.0020483955
2025-12-27 00:00:00,0.0005039053
2025-12-27 01:00:00,0.000835465
2025-12-27 02:00:00,-0.0003203698
2025-12-27 03:00:00,0.0006863811
2025-12-27 04:00:00,-0.0004232126
2025-12-27 05:00:00,0.0004803898
2025-12-27 06:00:00,-0.0005147122
2025-12-27 07:00:00,0.0008462753
2025-12-27 08:00:00,0.0006056762
2025-12-27 09:00:00,0.0003426731
2025-12-27 10:00:00,-0.0012913476
2025-12-27 11:00:00,-0.0003316769
2025-12-27 12:00:00,3.43165e-05
2025-12-27 13:00:00,-0.0002631233
2025-12-27 14:00:00,0.0010063584
2025-12-27 15:00:00,5.71491e-05
2025-12-27 16:00:00,-0.0005716376
2025-12-27 17:00:00,0.0006630693
2025-12-27 18:00:00,-0.0007888735
2025-12-27 19:00:00,0.0009145784
2025-12-27 20:00:00,-0.0001142766
2025-12-27 21:00:00,0.0010851005
2025-12-27 22:00:00,-0.0010622442
2025-12-27 23:00:00,0.0034908828
2025-12-28 00:00:00,-0.0003303131
2025-12-28 01:00:00,-0.0007407534
2025-12-28 02:00:00,0.0003077642
2025-12-28 03:00:00,-0.0007068588
2025-12-28 04:00:00,-0.0003193904
2025-12-28 05:00:00,-0.0008103404
2025-12-28 06:00:00,0.0009244202
2025-12-28 07:00:00,-9.12627e-05
2025-12-28 08:00:00,0.0009236507
2025-12-28 09:00:00,-0.0001823819
2025-12-28 10:00:00,0.0007293281
2025-12-28 11:00:00,0.0002391949
2025-12-28 12:00:00,-0.0002391949
2025-12-28 13:00:00,0.0003872393
2025-12-28 14:00:00,0.0004781475
2025-12-28 15:00:00,-0.0010248819
2025-12-28 16:00:00,-0.0003076695
2025-12-28 17:00:00,-0.0006270272
2025-12-28 18:00:00,-0.0017806191
2025-12-28 19:00:00,-0.0008800654
2025-12-28 20:00:00,-9.14798e-05
2025-12-28 21:00:00,0.0007773117
2025-12-28 22:00:00,0.0035246046
2025-12-28 23:00:00,0.0005236377
2025-12-29 00:00:00,0.0040545891
2025-12-29 01:00:00,0.0014271154
2025-12-29 02:00:00,0.0080150584
2025-12-29 03:00:00,0.0105655628
2025-12-29 04:00:00,0.0004776106
2025-12-29 05:00:00,-0.0018228101
2025-12-29 06:00:00,-0.0024058554
2025-12-29 07:00:00,-0.0019534417
2025-12-29 08:00:00,-0.0006818119
2025-12-29 09:00:00,-0.0163908528
2025-12-29 10:00:00,-0.0035296298
2025-12-29 11:00:00,-0.0023409721
2025-12-29 12:00:00,-0.0023923046
2025-12-29 13:00:00,9.16769e-05
2025-12-29 14:00:00,0.0006185992
2025-12-29 15:00:00,0.0030530185
2025-12-29 16:00:00,-0.0007309608
2025-12-29 17:00:00,0.0026357993
2025-12-29 18:00:00,-0.0046487009
2025-12-29 19:00:00,-0.0012486613
2025-12-29 20:00:00,-0.0015945948
2025-12-29 21:00:00,0.0013997088
2025-12-29 22:00:00,0.0001031797
2025-12-29 23:00:00,-0.0012847722
2025-12-30 00:00:00,9.18242e-05
2025-12-30 01:00:00,0.0007113518
2025-12-30 02:00:00,-0.0023539825
2025-12-30 03:00:00,0.0029845971
2025-12-30 04:00:00,-0.0006076762
2025-12-30 05:00:00,-0.0006883813
2025-12-30 06:00:00,0.0021667984
2025-12-30 07:00:00,0.0006868918
2025-12-30 08:00:00,0.0042710218
2025-12-30 09:00:00,0.0013779048
2025-12-30 10:00:00,-0.000432526
2025-12-30 11:00:00,-0.0006833168
2025-12-30 12:00:00,0.0014230502
2025-12-30 13:00:00,0.0010801654
2025-12-30 14:00:00,0.0086108422
2025-12-30 15:00:00,0.0017447984
2025-12-30 16:00:00,-0.0027931406
2025-12-30 17:00:00,-0.0041704165
2025-12-30 18:00:00,-0.0007817679
2025-12-30 19:00:00,-0.0009411979
2025-12-30 20:00:00,-0.0034890166
2025-12-30 21:00:00,0.0038633339
2025-12-30 22:00:00,0.0015977793
2025-12-30 23:00:00,0.0008149037
2025-12-31 00:00:00,-0.0027302766
2025-12-31 01:00:00,0.0044823329
2025-12-31 02:00:00,0.0001468072
2025-12-31 03:00:00,-0.002509979
2025-12-31 04:00:00,-0.0012006843
2025-12-31 05:00:00,0.0013704761
2025-12-31 06:00:00,0.0005092024
2025-12-31 07:00:00,0.0011306335
2025-12-31 08:00:00,-0.0019228382
2025-12-31 09:00:00,0.0025780204
2025-12-31 10:00:00,0.0019967855
2025-12-31 11:00:00,0.0020377956
2025-12-31 12:00:00,-0.002759337
2025-12-31 13:00:00,0.0023993658
2025-12-31 14:00:00,-0.0057319679
2025-12-31 15:00:00,-0.0062659123
2025-12-31 16:00:00,-0.003227704
2025-12-31 17:00:00,-0.00054849
2025-12-31 18:00:00,0.0008340427
2025-12-31 19:00:00,-0.0017946246
2025-12-31 20:00:00,0.0011205892
2025-12-31 21:00:00,0.0016899418
2025-12-31 22:00:00,-0.0007761051
2025-12-31 23:00:00,-0.0009938371
2026-01-01 00:00:00,0.0018954321
2026-01-01 01:00:00,0.0015843799
2026-01-01 02:00:00,-0.0004670741
2026-01-01 03:00:00,-0.0007637373
2026-01-01 04:00:00,-0.0033353544
2026-01-01 05:00:00,0.0015891075
2026-01-01 06:00:00,-0.0005256122
2026-01-01 07:00:00,-0.0004001075
2026-01-01 08:00:00,0.0018848209
2026-01-01 09:00:00,0.0011633876
2026-01-01 10:00:00,-6.83971e-05
2026-01-01 11:00:00,0.0017199063
2026-01-01 12:00:00,-0.0004894735
2026-01-01 13:00:00,-0.0004555394
2026-01-01 14:00:00,0.0005807763
2026-01-01 15:00:00,0.0009330906
2026-01-01 16:00:00,-0.0005688541
2026-01-01 17:00:00,0.0036577649
2026-01-01 18:00:00,-0.0014410614
2026-01-01 19:00:00,0.0022118006
2026-01-01 20:00:00,-0.0013378383
2026-01-01 21:00:00,0.0013831574
2026-01-01 22:00:00,0.0029865289
2026-01-01 23:00:00,0.0022453283
2026-01-02 00:00:00,-7.88959e-05
2026-01-02 01:00:00,-0.0021325458
2026-01-02 02:00:00,-4.51824e-05
2026-01-02 03:00:00,0.0033942871
2026-01-02 04:00:00,-0.0033942871
2026-01-02 05:00:00,0.0013094622
2026-01-02 06:00:00,0.0020623095
2026-01-02 07:00:00,-0.0010362579
2026-01-02 08:00:00,0.0035885273
2026-01-02 09:00:00,0.0033295062
2026-01-02 10:00:00,0.002213528
2026-01-02 11:00:00,-0.0016093525
2026-01-02 12:00:00,-0.0010183585
2026-01-02 13:00:00,-0.000683217
2026-01-02 14:00:00,0.0029982011
2026-01-02 15:00:00,-0.0020239187
2026-01-02 16:00:00,0.0110092447
2026-01-02 17:00:00,-3.32125e-05
2026-01-02 18:00:00,-0.0068542496
2026-01-02 19:00:00,0.0016595481
2026-01-02 20:00:00,-0.0013363329
2026-01-02 21:00:00,0.0032153116
2026-01-02 22:00:00,0.0014207859
2026-01-02 23:00:00,-0.0022542165
2026-01-03 00:00:00,0.0018770171
2026-01-03 01:00:00,0.0014636258
2026-01-03 02:00:00,0.0005538448
2026-01-03 03:00:00,-0.0002104249
2026-01-03 04:00:00,-0.00169609
2026-01-03 05:00:00,-0.0015433901
2026-01-03 06:00:00,-0.0015791643
2026-01-03 07:00:00,-0.0033891535
2026-01-03 08:00:00,0.000993409
2026-01-03 09:00:00,0.0013490088
2026-01-03 10:00:00,-0.0004680448
2026-01-03 11:00:00,-0.000167212
2026-01-03 12:00:00,0.0029944308
2026-01-03 13:00:00,-0.0001778568
2026-01-03 14:00:00,0.0012998485
2026-01-03 15:00:00,-0.0015444533
2026-01-03 16:00:00,0.0013445866
2026-01-03 17:00:00,-7.77368e-05
2026-01-03 18:00:00,0.0005329307
2026-01-03 19:00:00,-0.0002886355
2026-01-03 20:00:00,0.0026833152
2026-01-03 21:00:00,0.0022674367
2026-01-03 22:00:00,0.0003424336
2026-01-03 23:00:00,0.0005079113
2026-01-04 00:00:00,0.0077412363
2026-01-04 01:00:00,-0.0009863123
2026-01-04 02:00:00,-0.001250727
2026-01-04 03:00:00,0.0011630077
2026-01-04 04:00:00,0.001829546
2026-01-04 05:00:00,0.0009517923
2026-01-04 06:00:00,-0.0027155482
2026-01-04 07:00:00,0.0030872669
2026-01-04 08:00:00,-0.0015643378
2026-01-04 09:00:00,0.000820762
2026-01-04 10:00:00,0.0015412113
2026-01-04 11:00:00,-0.0031834096
2026-01-04 12:00:00,-0.0017546558
2026-01-04 13:00:00,0.0012614699
2026-01-04 14:00:00,0.0007451647
2026-01-04 15:00:00,-4.38178e-05
2026-01-04 16:00:00,-4.38198e-05
2026-01-04 17:00:00,0.000240985
2026-01-04 18:00:00,-0.0015125943
2026-01-04 19:00:00,-0.0006254355
2026-01-04 20:00:00,0.0017327036
2026-01-04 21:00:00,-0.0002410827
2026-01-04 22:00:00,-0.0007565002
2026-01-04 23:00:00,0.0035691645
2026-01-05 00:00:00,0.0092358055
2026-01-05 01:00:00,0.0061424393
2026-01-05 02:00:00,0.0008390887
2026-01-05 03:00:00,-0.0017219673
2026-01-05 04:00:00,-0.0030314005
2026-01-05 05:00:00,-0.0026288901
2026-01-05 06:00:00,0.0014180791
2026-01-05 07:00:00,0.0004434134
2026-01-05 08:00:00,-0.0007463454
2026-01-05 09:00:00,0.0024856547
2026-01-05 10:00:00,0.0040287452
2026-01-05 11:00:00,0.000655558
2026-01-05 12:00:00,-0.002807948
2026-01-05 13:00:00,-0.0013583883
2026-01-05 14:00:00,0.0074484037
2026-01-05 15:00:00,0.0059679999
2026-01-05 16:00:00,-0.0027820581
2026-01-05 17:00:00,0.006680947
2026-01-05 18:00:00,0.0015044926
2026-01-05 19:00:00,-0.001642341
2026-01-05 20:00:00,-0.0014220074
2026-01-05 21:00:00,-0.0007011357
2026-01-05 22:00:00,0.0006798963
2026-01-05 23:00:00,-0.0030631804
2026-01-06 00:00:00,-0.0006073684
2026-01-06 01:00:00,-0.0005224187
2026-01-06 02:00:00,-0.0016116211
2026-01-06 03:00:00,0.0015476327
2026-01-06 04:00:00,0.000319901
2026-01-06 05:00:00,-0.0022628308
2026-01-06 06:00:00,0.0019215994
2026-01-06 07:00:00,-0.0059153731
2026-01-06 08:00:00,-5.36443e-05
2026-01-06 09:00:00,0.0024432598
2026-01-06 10:00:00,0.0012300848
2026-01-06 11:00:00,0.0027861564
2026-01-06 12:00:00,0.0003730329
2026-01-06 13:00:00,-0.0015676742
2026-01-06 14:00:00,0.0011413395
2026-01-06 15:00:00,-0.0019955294
2026-01-06 16:00:00,-0.0103831497
2026-01-06 17:00:00,-0.012173223
2026-01-06 18:00:00,0.0049914552
2026-01-06 19:00:00,0.0007932843
2026-01-06 20:00:00,0.0043680735
2026-01-06 21:00:00,0.0081001757
2026-01-06 22:00:00,0.0010186412
2026-01-06 23:00:00,0.0043096831
2026-01-07 00:00:00,-0.0113325389
2026-01-07 01:00:00,-0.002939907
2026-01-07 02:00:00,0.0054621939
2026-01-07 03:00:00,-0.0014220463
2026-01-07 04:00:00,-0.0014780533
2026-01-07 05:00:00,-0.0016316302
2026-01-07 06:00:00,0.0009079904
2026-01-07 07:00:00,0.0026867089
2026-01-07 08:00:00,-0.0015205028
2026-01-07 09:00:00,-0.011025135
2026-01-07 10:00:00,0.0028221058
2026-01-07 11:00:00,0.0015112887
2026-01-07 12:00:00,-0.00134809
2026-01-07 13:00:00,0.0005329302
2026-01-07 14:00:00,-0.0008702369
2026-01-07 15:00:00,-0.0068358788
2026-01-07 16:00:00,-0.0010743966
2026-01-07 17:00:00,0.0001096852
2026-01-07 18:00:00,-0.0038571688
2026-01-07 19:00:00,0.002946417
2026-01-07 20:00:00,-0.0015051061
2026-01-07 21:00:00,0.0007803013
2026-01-07 22:00:00,0.0006918705
2026-01-07 23:00:00,0.002017965
2026-01-08 00:00:00,0.0002629129
2026-01-08 01:00:00,0.0003832907
2026-01-08 02:00:00,-0.0052473966
2026-01-08 03:00:00,-0.0015972421
2026-01-08 04:00:00,0.0022354252
2026-01-08 05:00:00,-0.002301573
2026-01-08 06:00:00,-0.0101279593
2026-01-08 07:00:00,0.0069698294
2026-01-08 08:00:00,-0.0037119362
2026-01-08 09:00:00,-0.0020446723
2026-01-08 10:00:00,0.0043399425
2026-01-08 11:00:00,-0.0021287691
2026-01-08 12:00:00,-0.0025671958
2026-01-08 13:00:00,-0.0002448389
2026-01-08 14:00:00,0.0006676013
2026-01-08 15:00:00,0.0087928718
2026-01-08 16:00:00,0.0015093677
2026-01-08 17:00:00,0.0051389719
2026-01-08 18:00:00,-0.00302748
2026-01-08 19:00:00,-0.002023424
2026-01-08 20:00:00,-3.30246e-05
2026-01-08 21:00:00,0.0039551798
2026-01-08 22:00:00,-0.0005264543
2026-01-08 23:00:00,-0.0013283349
2026-01-09 00:00:00,0.0020302124
2026-01-09 01:00:00,-0.002722524
2026-01-09 02:00:00,-0.0003298407
2026-01-09 03:00:00,0.0019664393
2026-01-09 04:00:00,-0.0022193909
2026-01-09 05:00:00,0.0007146981
2026-01-09 06:00:00,0.0004285738
2026-01-09 07:00:00,-0.0041174975
2026-01-09 08:00:00,-0.0081749757
2026-01-09 09:00:00,0.0034642452
2026-01-09 10:00:00,0.0018161487
2026-01-09 11:00:00,-0.0003762477
2026-01-09 12:00:00,-1.10683e-05
2026-01-09 13:00:00,0.0018135579
2026-01-09 14:00:00,-0.0050951573
2026-01-09 15:00:00,0.0112082181
2026-01-09 16:00:00,0.0051040637
2026-01-09 17:00:00,-0.002176446
2026-01-09 18:00:00,-0.0066901639
2026-01-09 19:00:00,-0.0055264026
2026-01-09 20:00:00,-0.0001662649
2026-01-09 21:00:00,0.002303077
2026-01-09 22:00:00,0.0008512379
2026-01-09 23:00:00,0.0001657413
2026-01-10 00:00:00,-0.0005857422
2026-01-10 01:00:00,0.0010496717
2026-01-10 02:00:00,0.0001325118
2026-01-10 03:00:00,-0.0006848332
2026-01-10 04:00:00,-0.0019466018
2026-01-10 05:00:00,0.0016924315
2026-01-10 06:00:00,-0.001061583
2026-01-10 07:00:00,0.0017465902
2026-01-10 08:00:00,-0.0002098717
2026-01-10 09:00:00,0.0011151289
2026-01-10 10:00:00,0.0007390535
2026-01-10 11:00:00,-0.0009818469
2026-01-10 12:00:00,5.51855e-05
2026-01-10 13:00:00,-0.0008833338
2026-01-10 14:00:00,-0.0006740667
2026-01-10 15:00:00,0.0007845261
2026-01-10 16:00:00,0.0002098393
2026-01-10 17:00:00,-0.0014145055
2026-01-10 18:00:00,0.0004533016
2026-01-10 19:00:00,0.0003647034
2026-01-10 20:00:00,-0.0005636885
2026-01-10 21:00:00,-0.0006303811
2026-01-10 22:00:00,-0.0009407807
2026-01-10 23:00:00,0.0008190825
2026-01-11 00:00:00,0.0014594023
2026-01-11 01:00:00,-6.62903e-05
2026-01-11 02:00:00,0.0007841535
2026-01-11 03:00:00,0.0004083998
2026-01-11 04:00:00,0.000430295
2026-01-11 05:00:00,1.10308e-05
2026-01-11 06:00:00,-0.0003971844
2026-01-11 07:00:00,-0.0003973422
2026-01-11 08:00:00,0.0008276182
2026-01-11 09:00:00,-0.0005516694
2026-01-11 10:00:00,-5.51837e-05
2026-01-11 11:00:00,-2.20743e-05
2026-01-11 12:00:00,0.0022931238
2026-01-11 13:00:00,-0.0008813485
2026-01-11 14:00:00,0.0030483635
2026-01-11 15:00:00,-0.0029161116
2026-01-11 16:00:00,0.0018276911
2026-01-11 17:00:00,-0.0005721705
2026-01-11 18:00:00,-0.0011453241
2026-01-11 19:00:00,-0.001863954
2026-01-11 20:00:00,-8.83207e-05
2026-01-11 21:00:00,0.0006511818
2026-01-11 22:00:00,-0.0024966595
2026-01-11 23:00:00,0.0051191639
2026-01-12 00:00:00,0.0026485715
2026-01-12 01:00:00,0.0018312111
2026-01-12 02:00:00,0.0087477789
2026-01-12 03:00:00,-0.0044188624
2026-01-12 04:00:00,0.0039517783
2026-01-12 05:00:00,-0.0006738545
2026-01-12 06:00:00,-0.0030161665
2026-01-12 07:00:00,-0.0045249441
2026-01-12 08:00:00,-0.0072452533
2026-01-12 09:00:00,-0.0006953988
2026-01-12 10:00:00,-0.0028418063
2026-01-12 11:00:00,0.002245365
2026-01-12 12:00:00,0.0017000236
2026-01-12 13:00:00,-0.0016558306
2026-01-12 14:00:00,0.0030666411
2026-01-12 15:00:00,0.0084560839
2026-01-12 16:00:00,0.0053155113
2026-01-12 17:00:00,-0.0066597518
2026-01-12 18:00:00,0.0018683323
2026-01-12 19:00:00,0.0017994737
2026-01-12 20:00:00,-0.0040397037
2026-01-12 21:00:00,-0.0046934028
2026-01-12 22:00:00,0.0018558688
2026-01-12 23:00:00,0.0005264832
2026-01-13 00:00:00,0.0020046783
2026-01-13 01:00:00,-0.003288467
2026-01-13 02:00:00,-0.000680967
2026-01-13 03:00:00,0.0031483305
2026-01-13 04:00:00,0.0011493562
2026-01-13 05:00:00,0.0042901888
2026-01-13 06:00:00,0.0030562936
2026-01-13 07:00:00,-0.0027186637
2026-01-13 08:00:00,0.002392814
2026-01-13 09:00:00,0.0013895525
2026-01-13 10:00:00,-0.0014981927
2026-01-13 11:00:00,-0.00157661
2026-01-13 12:00:00,0.001098453
2026-01-13 13:00:00,-0.0002935277
2026-01-13 14:00:00,0.0046103777
2026-01-13 15:00:00,0.0107434157
2026-01-13 16:00:00,-0.0003641154
2026-01-13 17:00:00,-0.0017903764
2026-01-13 18:00:00,0.0042829828
2026-01-13 19:00:00,0.0064752029
2026-01-13 20:00:00,0.0023750714
2026-01-13 21:00:00,-0.0037029024
2026-01-13 22:00:00,0.0173974241
2026-01-13 23:00:00,-0.0037782695
2026-01-14 00:00:00,-0.0016476457
2026-01-14 01:00:00,0.0001050266
2026-01-14 02:00:00,0.0010181857
2026-01-14 03:00:00,0.0037906995
2026-01-14 04:00:00,-0.0049244151
2026-01-14 05:00:00,-0.002176554
2026-01-14 06:00:00,-0.0001473777
2026-01-14 07:00:00,0.0020508082
2026-01-14 08:00:00,-0.0031884527
2026-01-14 09:00:00,0.0019058756
2026-01-14 10:00:00,-1.05197e-05
2026-01-14 11:00:00,-0.0033720092
2026-01-14 12:00:00,0.0031089801
2026-01-14 13:00:00,-0.0007579107
2026-01-14 14:00:00,0.0159522006
2026-01-14 15:00:00,0.0028563464
2026-01-14 16:00:00,0.0057602599
2026-01-14 17:00:00,-0.0035305356
2026-01-14 18:00:00,-0.0016614985
2026-01-14 19:00:00,0.0046164708
2026-01-14 20:00:00,0.0040015239
2026-01-14 21:00:00,-0.0008707634
2026-01-14 22:00:00,-0.0069625774
2026-01-14 23:00:00,0.0004746231
2026-01-15 00:00:00,-0.0030373493
2026-01-15 01:00:00,-0.0021440898
2026-01-15 02:00:00,-0.0013177351
2026-01-15 03:00:00,-0.0037343557
2026-01-15 04:00:00,0.0035578341
2026-01-15 05:00:00,0.001411301
2026-01-15 06:00:00,-0.0021592675
2026-01-15 07:00:00,0.0039930564
2026-01-15 08:00:00,0.0002380423
2026-01-15 09:00:00,0.0040380728
2026-01-15 10:00:00,-0.0023010458
2026-01-15 11:00:00,-0.0023581258
2026-01-15 12:00:00,0.0040405766
2026-01-15 13:00:00,-0.0014138946
2026-01-15 14:00:00,-0.0082131727
2026-01-15 15:00:00,0.0070971588
2026-01-15 16:00:00,-0.0001861235
2026-01-15 17:00:00,-0.0012313552
2026-01-15 18:00:00,-0.0079313933
2026-01-15 19:00:00,-0.0034813553
2026-01-15 20:00:00,-0.0028001382
2026-01-15 21:00:00,0.0035957498
2026-01-15 22:00:00,3.13927e-05
2026-01-15 23:00:00,0.0001255611
2026-01-16 00:00:00,0.0002092335
2026-01-16 01:00:00,0.0004287918
2026-01-16 02:00:00,-0.0017895926
2026-01-16 03:00:00,-0.0014360815
2026-01-16 04:00:00,-0.0008815381
2026-01-16 05:00:00,0.0041490357
2026-01-16 06:00:00,0.0007211803
2026-01-16 07:00:00,-0.000857113
2026-01-16 08:00:00,0.0001777545
2026-01-16 09:00:00,-0.0006902827
2026-01-16 10:00:00,-0.0031961464
2026-01-16 11:00:00,0.0012587194
2026-01-16 12:00:00,0.0001467474
2026-01-16 13:00:00,9.43263e-05
2026-01-16 14:00:00,-0.0027285719
2026-01-16 15:00:00,-0.0063992965
2026-01-16 16:00:00,0.0029886233
2026-01-16 17:00:00,0.002306636
2026-01-16 18:00:00,-0.000915698
2026-01-16 19:00:00,-8.42442e-05
2026-01-16 20:00:00,0.0060161136
2026-01-16 21:00:00,-0.0005654214
2026-01-16 22:00:00,-3.14217e-05
2026-01-16 23:00:00,0.0004921595
2026-01-17 00:00:00,-0.0008902528
2026-01-17 01:00:00,-0.0007127733
2026-01-17 02:00:00,-0.0003460879
2026-01-17 03:00:00,2.09784e-05
2026-01-17 04:00:00,-0.0007135138
2026-01-17 05:00:00,6.29776e-05
2026-01-17 06:00:00,-0.0007559929
2026-01-17 07:00:00,-0.0013559182
2026-01-17 08:00:00,0.0014714541
2026-01-17 09:00:00,0.00018903
2026-01-17 10:00:00,-0.0016184124
2026-01-17 11:00:00,0.0021433082
2026-01-17 12:00:00,-0.0006509118
2026-01-17 13:00:00,0.0018466451
2026-01-17 14:00:00,0.000576378
2026-01-17 15:00:00,0.0009529146
2026-01-17 16:00:00,-0.0027145307
2026-01-17 17:00:00,0.0004511854
2026-01-17 18:00:00,0.0007026044
2026-01-17 19:00:00,-0.0014266984
2026-01-17 20:00:00,0.0008814364
2026-01-17 21:00:00,-0.0008289482
2026-01-17 22:00:00,-0.0012814993
2026-01-17 23:00:00,-0.0002838326
2026-01-18 00:00:00,-0.0004732334
2026-01-18 01:00:00,-0.0015263884
2026-01-18 02:00:00,0.0005897779
2026-01-18 03:00:00,0.0018408172
2026-01-18 04:00:00,-0.000956802
2026-01-18 05:00:00,0.0009778204
2026-01-18 06:00:00,-0.0003468591
2026-01-18 07:00:00,-0.0011570666
2026-01-18 08:00:00,0.0013988296
2026-01-18 09:00:00,0.0009139664
2026-01-18 10:00:00,-0.0009454974
2026-01-18 11:00:00,-0.0001366458
2026-01-18 12:00:00,-0.0005152173
2026-01-18 13:00:00,0.0003785529
2026-01-18 14:00:00,-0.0020732812
2026-01-18 15:00:00,0.0016631758
2026-01-18 16:00:00,0.0006098395
2026-01-18 17:00:00,0.0009560682
2026-01-18 18:00:00,0.0020246851
2026-01-18 19:00:00,-0.0007863078
2026-01-18 20:00:00,-0.0007659338
2026-01-18 21:00:00,0.0012168259
2026-01-18 22:00:00,0.0007335758
2026-01-18 23:00:00,-0.0192714353
2026-01-19 00:00:00,-0.010240646
2026-01-19 01:00:00,-0.0015981344
2026-01-19 02:00:00,-3.2421e-05
2026-01-19 03:00:00,0.0012960225
2026-01-19 04:00:00,-0.0003346449
2026-01-19 05:00:00,-0.0015775771
2026-01-19 06:00:00,0.0006702341
2026-01-19 07:00:00,0.0027195631
2026-01-19 08:00:00,0.0045269625
2026-01-19 09:00:00,-0.002363077
2026-01-19 10:00:00,0.0001612964
2026-01-19 11:00:00,0.001450498
2026-01-19 12:00:00,-0.0013967383
2026-01-19 13:00:00,-0.0003871342
2026-01-19 14:00:00,-0.002261275
2026-01-19 15:00:00,0.002723668
2026-01-19 16:00:00,0.0025983244
2026-01-19 17:00:00,-0.0007294259
2026-01-19 18:00:00,-0.0019871646
2026-01-19 19:00:00,0.0005267147
2026-01-19 20:00:00,0.0003653125
2026-01-19 21:00:00,-0.0014620514
2026-01-19 22:00:00,-0.0047989135
2026-01-19 23:00:00,0.0005727656
2026-01-20 00:00:00,0.0008747254
2026-01-20 01:00:00,3.23825e-05
2026-01-20 02:00:00,-0.0017609728
2026-01-20 03:00:00,-0.0013092335
2026-01-20 04:00:00,-0.0040902071
2026-01-20 05:00:00,-0.0047294293
2026-01-20 06:00:00,-0.0078957302
2026-01-20 07:00:00,0.0027376644
2026-01-20 08:00:00,-0.0007908438
2026-01-20 09:00:00,-0.0006595146
2026-01-20 10:00:00,0.0026354527
2026-01-20 11:00:00,-0.000614318
2026-01-20 12:00:00,0.0008336259
2026-01-20 13:00:00,-0.0037017755
2026-01-20 14:00:00,-0.0046659214
2026-01-20 15:00:00,0.0015466882
2026-01-20 16:00:00,-0.005668121
2026-01-20 17:00:00,-0.0044618343
2026-01-20 18:00:00,-0.0033622864
2026-01-20 19:00:00,0.002614848
2026-01-20 20:00:00,-8.92837e-05
2026-01-20 21:00:00,-0.0027717567
2026-01-20 22:00:00,-0.0108702838
2026-01-20 23:00:00,-0.0007696661
2026-01-21 00:00:00,0.0056455223
2026-01-21 01:00:00,0.00100157
2026-01-21 02:00:00,0.0003711139
2026-01-21 03:00:00,0.0043083204
2026-01-21 04:00:00,0.000100754
2026-01-21 05:00:00,0.0058153002
2026-01-21 06:00:00,-0.0033332435
2026-01-21 07:00:00,-0.0049141798
2026-01-21 08:00:00,-0.0002805789
2026-01-21 09:00:00,-0.0010444452
2026-01-21 10:00:00,0.0017064851
2026-01-21 11:00:00,-0.0050380206
2026-01-21 12:00:00,-0.0005638568
2026-01-21 13:00:00,-0.0008125127
2026-01-21 14:00:00,0.012799044
2026-01-21 15:00:00,0.0054133799
2026-01-21 16:00:00,-0.0300458064
2026-01-21 17:00:00,0.0035009929
2026-01-21 18:00:00,0.0061963973
2026-01-21 19:00:00,0.0212238062
2026-01-21 20:00:00,-0.0017071661
2026-01-21 21:00:00,0.0005545943
2026-01-21 22:00:00,-0.0054594817
2026-01-21 23:00:00,-0.003529468
2026-01-22 00:00:00,0.0051003152
2026-01-22 01:00:00,0.0021572822
2026-01-22 02:00:00,-0.0020014462
2026-01-22 03:00:00,-0.0003896357
2026-01-22 04:00:00,0.0010461067
2026-01-22 05:00:00,0.0002557957
2026-01-22 06:00:00,0.0017998405
2026-01-22 07:00:00,-0.0039371881
2026-01-22 08:00:00,0.0011249034
2026-01-22 09:00:00,0.0012904089
2026-01-22 10:00:00,0.0005334756
2026-01-22 11:00:00,-0.0016569275
2026-01-22 12:00:00,0.0008788471
2026-01-22 13:00:00,-0.0044466559
2026-01-22 14:00:00,-0.0058699157
2026-01-22 15:00:00,-0.0010679018
2026-01-22 16:00:00,0.0006408779
2026-01-22 17:00:00,0.0056377327
2026-01-22 18:00:00,-0.0026187693
2026-01-22 19:00:00,0.0050411727
2026-01-22 20:00:00,-0.0042794557
2026-01-22 21:00:00,-0.0015688739
2026-01-22 22:00:00,0.0011992895
2026-01-22 23:00:00,0.0021372192
2026-01-23 00:00:00,-0.0004024775
2026-01-23 01:00:00,0.0044962951
2026-01-23 02:00:00,-0.0031106652
2026-01-23 03:00:00,0.0029993388
2026-01-23 04:00:00,0.0005119986
2026-01-23 05:00:00,-0.0041256944
2026-01-23 06:00:00,-0.0011179806
2026-01-23 07:00:00,0.0005032459
2026-01-23 08:00:00,-0.003696365
2026-01-23 09:00:00,-0.0027756413
2026-01-23 10:00:00,0.0006749536
2026-01-23 11:00:00,0.0017527504
2026-01-23 12:00:00,0.0007294069
2026-01-23 13:00:00,0.0009978642
2026-01-23 14:00:00,-0.0038624393
2026-01-23 15:00:00,0.0083126557
2026-01-23 16:00:00,0.0042749856
2026-01-23 17:00:00,0.0052187038
2026-01-23 18:00:00,-0.0007296446
2026-01-23 19:00:00,-0.0060121533
2026-01-23 20:00:00,-0.0053212087
2026-01-23 21:00:00,-0.0018248691
2026-01-23 22:00:00,0.0030656681
2026-01-23 23:00:00,-0.0002346277
2026-01-24 00:00:00,-0.0016887079
2026-01-24 01:00:00,0.0009397656
2026-01-24 02:00:00,0.0016313035
2026-01-24 03:00:00,0.00072541
2026-01-24 04:00:00,0.0008029173
2026-01-24 05:00:00,-0.0006802077
2026-01-24 06:00:00,-0.0014176562
2026-01-24 07:00:00,-0.0004245715
2026-01-24 08:00:00,0.000435742
2026-01-24 09:00:00,-0.0007486996
2026-01-24 10:00:00,0.000402356
2026-01-24 11:00:00,-0.000402356
2026-01-24 12:00:00,-0.000648581
2026-01-24 13:00:00,-0.0016232952
2026-01-24 14:00:00,0.0008287695
2026-01-24 15:00:00,-0.002061995
2026-01-24 16:00:00,6.73061e-05
2026-01-24 17:00:00,0.0011098967
2026-01-24 18:00:00,0.0001344493
2026-01-24 19:00:00,-0.0007172717
2026-01-24 20:00:00,0.0005716175
2026-01-24 21:00:00,0.0
2026-01-24 22:00:00,0.0004480989
2026-01-24 23:00:00,-0.0022088306
2026-01-25 00:00:00,0.0008078542
2026-01-25 01:00:00,-0.0013804793
2026-01-25 02:00:00,-0.0004156393
2026-01-25 03:00:00,-0.0020582735
2026-01-25 04:00:00,0.000641556
2026-01-25 05:00:00,-0.0003263542
2026-01-25 06:00:00,-0.001554457
2026-01-25 07:00:00,-0.0021441557
2026-01-25 08:00:00,-0.00402989
2026-01-25 09:00:00,0.0011789513
2026-01-25 10:00:00,0.0027831535
2026-01-25 11:00:00,-0.0010060192
2026-01-25 12:00:00,0.0024962315
2026-01-25 13:00:00,0.0015781052
2026-01-25 14:00:00,-0.0022551992
2026-01-25 15:00:00,-0.0028374907
2026-01-25 16:00:00,-0.0042998132
2026-01-25 17:00:00,-0.0021853454
2026-01-25 18:00:00,-0.0052666876
2026-01-25 19:00:00,-0.0104205391
2026-01-25 20:00:00,0.0019310941
2026-01-25 21:00:00,-0.0008783589
2026-01-25 22:00:00,-0.0005667197
2026-01-25 23:00:00,0.0014912867
2026-01-26 00:00:00,0.0021924266
2026-01-26 01:00:00,0.0094187176
2026-01-26 02:00:00,-0.0015312364
2026-01-26 03:00:00,-0.0033219197
2026-01-26 04:00:00,0.0053440265
2026-01-26 05:00:00,0.0011064282
2026-01-26 06:00:00,0.0014353906
2026-01-26 07:00:00,0.0006714197
2026-01-26 08:00:00,-0.0002503072
2026-01-26 09:00:00,-0.0036250923
2026-01-26 10:00:00,0.0028510192
2026-01-26 11:00:00,-0.0005695539
2026-01-26 12:00:00,-0.0007181001
2026-01-26 13:00:00,0.001913789
2026-01-26 14:00:00,0.0025687378
2026-01-26 15:00:00,-0.0061486803
2026-01-26 16:00:00,-0.0004912461
2026-01-26 17:00:00,0.0010507442
2026-01-26 18:00:00,0.0080494312
2026-01-26 19:00:00,-0.0044942366
2026-01-26 20:00:00,-0.0046059388
2026-01-26 21:00:00,0.0053109169
2026-01-26 22:00:00,0.000818061
2026-01-26 23:00:00,0.0022462232
2026-01-27 00:00:00,7.93197e-05
2026-01-27 01:00:00,0.0022975377
2026-01-27 02:00:00,0.0029687848
2026-01-27 03:00:00,-0.0005975635
2026-01-27 04:00:00,-0.0021112417
2026-01-27 05:00:00,-0.0014590205
2026-01-27 06:00:00,-0.0015518367
2026-01-27 07:00:00,1.1336e-05
2026-01-27 08:00:00,-0.0018040409
2026-01-27 09:00:00,-0.0032760062
2026-01-27 10:00:00,-0.0012198669
2026-01-27 11:00:00,0.0024382475
2026-01-27 12:00:00,-0.0001707116
2026-01-27 13:00:00,-7.96754e-05
2026-01-27 14:00:00,-0.0027926452
2026-01-27 15:00:00,0.0035777398
2026-01-27 16:00:00,0.0068236439
2026-01-27 17:00:00,-0.0123666045
2026-01-27 18:00:00,0.0081895316
2026-01-27 19:00:00,0.0014849159
2026-01-27 20:00:00,0.0113303536
2026-01-27 21:00:00,-0.00374755
2026-01-27 22:00:00,0.0020101638
2026-01-27 23:00:00,-2.24376e-05
2026-01-28 00:00:00,0.0023196277
2026-01-28 01:00:00,-0.0005822025
2026-01-28 02:00:00,-0.0014233442
2026-01-28 03:00:00,-0.0017736074
2026-01-28 04:00:00,-0.00159669
2026-01-28 05:00:00,0.001124695
2026-01-28 06:00:00,0.0025932198
2026-01-28 07:00:00,-0.0019414758
2026-01-28 08:00:00,-0.0023392613
2026-01-28 09:00:00,0.0069567059
2026-01-28 10:00:00,-0.0014210667
2026-01-28 11:00:00,0.0071741682
2026-01-28 12:00:00,-0.0008564073
2026-01-28 13:00:00,0.0029775815
2026-01-28 14:00:00,-0.0071924333
2026-01-28 15:00:00,-0.0014536674
2026-01-28 16:00:00,0.0016994637
2026-01-28 17:00:00,0.0058921651
2026-01-28 18:00:00,-0.0069428085
2026-01-28 19:00:00,-0.0015220362
2026-01-28 20:00:00,-0.0032532758
2026-01-28 21:00:00,0.0030740603
2026-01-28 22:00:00,-0.0002464737
2026-01-28 23:00:00,-0.0008967806
2026-01-29 00:00:00,-0.0017398043
2026-01-29 01:00:00,-0.0060737029
2026-01-29 02:00:00,-0.0081143024
2026-01-29 03:00:00,0.0016736406
2026-01-29 04:00:00,0.0031801585
2026-01-29 05:00:00,-0.0014752445
2026-01-29 06:00:00,0.0012711097
2026-01-29 07:00:00,0.0005329312
2026-01-29 08:00:00,-0.0030995103
2026-01-29 09:00:00,-0.0021172702
2026-01-29 10:00:00,0.0005354325
2026-01-29 11:00:00,-0.0012649935
2026-01-29 12:00:00,0.003119701
2026-01-29 13:00:00,-0.0009098561
2026-01-29 14:00:00,-0.0116738187
2026-01-29 15:00:00,-0.0243070355
2026-01-29 16:00:00,0.0042138035
2026-01-29 17:00:00,-0.0120172309
2026-01-29 18:00:00,-0.0094716114
2026-01-29 19:00:00,0.00632834
2026-01-29 20:00:00,0.0023345851
2026-01-29 21:00:00,0.0039184073
2026-01-29 22:00:00,0.0004739168
2026-01-29 23:00:00,0.0012666246
2026-01-30 00:00:00,-0.0055637752
2026-01-30 01:00:00,-0.0205764125
2026-01-30 02:00:00,-0.0038812792
2026-01-30 03:00:00,0.0063070224
2026-01-30 04:00:00,0.0029756167
2026-01-30 05:00:00,-4.83133e-05
2026-01-30 06:00:00,-0.0037756443
2026-01-30 07:00:00,0.0023130638
2026-01-30 08:00:00,-0.0018766843
2026-01-30 09:00:00,-0.0034112531
2026-01-30 10:00:00,0.0055782062
2026-01-30 11:00:00,0.0035730706
2026-01-30 12:00:00,-0.0041415926
2026-01-30 13:00:00,-0.0005930588
2026-01-30 14:00:00,0.0043972045
2026-01-30 15:00:00,-0.002449902
2026-01-30 16:00:00,0.0029921719
2026-01-30 17:00:00,-0.0024244191
2026-01-30 18:00:00,0.0119086183
2026-01-30 19:00:00,0.0038233221
2026-01-30 20:00:00,-0.004360472
2026-01-30 21:00:00,0.0045744317
2026-01-30 22:00:00,-0.0008680092
2026-01-30 23:00:00,0.0007848081
2026-01-31 00:00:00,-0.0023920182
2026-01-31 01:00:00,-0.0008582361
2026-01-31 02:00:00,0.0014657081
2026-01-31 03:00:00,-0.0011795475
2026-01-31 04:00:00,-0.0005366182
2026-01-31 05:00:00,0.0001669788
2026-01-31 06:00:00,-0.0025434824
2026-01-31 07:00:00,-0.0028376965
2026-01-31 08:00:00,-0.0056996655
2026-01-31 09:00:00,0.0002532058
2026-01-31 10:00:00,0.000747186
2026-01-31 11:00:00,-0.0016759208
2026-01-31 12:00:00,-0.0030213329
2026-01-31 13:00:00,-2.42075e-05
2026-01-31 14:00:00,-0.0149751591
2026-01-31 15:00:00,-0.0026327784
2026-01-31 16:00:00,-0.011609956
2026-01-31 17:00:00,-0.0185282493
2026-01-31 18:00:00,-0.0106062857
2026-01-31 19:00:00,-0.0036764747
2026-01-31 20:00:00,0.0029319877
2026-01-31 21:00:00,0.0040238925
2026-01-31 22:00:00,-0.001407802
2026-01-31 23:00:00,0.0070701435
2026-02-01 00:00:00,0.0022610649
2026-02-01 01:00:00,-0.0047567052
2026-02-01 02:00:00,0.004807457
2026-02-01 03:00:00,-0.0004060862
2026-02-01 04:00:00,0.0014712786
2026-02-01 05:00:00,-0.0046367837
2026-02-01 06:00:00,-0.0039550453
2026-02-01 07:00:00,0.0006006428
2026-02-01 08:00:00,0.0031761244
2026-02-01 09:00:00,0.0055625548
2026-02-01 10:00:00,-0.009620598
2026-02-01 11:00:00,0.0060554866
2026-02-01 12:00:00,-0.0036416461
2026-02-01 13:00:00,-0.0018002495
2026-02-01 14:00:00,-0.0015346842
2026-02-01 15:00:00,-0.0078250375
2026-02-01 16:00:00,-0.001252025
2026-02-01 17:00:00,0.0032365618
2026-02-01 18:00:00,0.0035853617
2026-02-01 19:00:00,-0.0110801957
2026-02-01 20:00:00,-0.0008564311
2026-02-01 21:00:00,-0.007623329
2026-02-01 22:00:00,0.0094132128
2026-02-01 23:00:00,-0.0036480045
2026-02-02 00:00:00,0.0092304962
2026-02-02 01:00:00,-0.0019348354
2026-02-02 02:00:00,-0.0135057264
2026-02-02 03:00:00,-0.0028439082
2026-02-02 04:00:00,-0.0052371297
2026-02-02 05:00:00,-0.0050790401
2026-02-02 06:00:00,0.0136703388
2026-02-02 07:00:00,0.0012941094
2026-02-02 08:00:00,0.0032474971
2026-02-02 09:00:00,0.0108267372
2026-02-02 10:00:00,-0.0026957149
2026-02-02 11:00:00,0.0031206906
2026-02-02 12:00:00,0.0033419913
2026-02-02 13:00:00,0.0028959157
2026-02-02 14:00:00,-0.0047069171
2026-02-02 15:00:00,0.0132812557
2026-02-02 16:00:00,-0.0030747362
2026-02-02 17:00:00,0.0046338992
2026-02-02 18:00:00,-0.005474107
2026-02-02 19:00:00,-0.0030868159
2026-02-02 20:00:00,-0.0044684944
2026-02-02 21:00:00,0.0067398885
2026-02-02 22:00:00,0.0035752721
2026-02-02 23:00:00,-0.0008894424
2026-02-03 00:00:00,0.0043380714
2026-02-03 01:00:00,-0.0007090403
2026-02-03 02:00:00,-0.0154958746
2026-02-03 03:00:00,0.0121083417
2026-02-03 04:00:00,0.0006352433
2026-02-03 05:00:00,-0.0072018411
2026-02-03 06:00:00,0.0045183683
2026-02-03 07:00:00,0.0022134316
2026-02-03 08:00:00,-0.0003685652
2026-02-03 09:00:00,-0.0042546751
2026-02-03 10:00:00,-0.0035423617
2026-02-03 11:00:00,-0.0006920327
2026-02-03 12:00:00,0.0031103826
2026-02-03 13:00:00,-0.0002684169
2026-02-03 14:00:00,-0.014057904
2026-02-03 15:00:00,0.0120873087
2026-02-03 16:00:00,-0.0215440751
2026-02-03 17:00:00,-0.0212427801
2026-02-03 18:00:00,-0.0236594175
2026-02-03 19:00:00,0.0243276255
2026-02-03 20:00:00,0.0202080512
2026-02-03 21:00:00,-0.0031865327
2026-02-03 22:00:00,-0.006998704
2026-02-03 23:00:00,0.0007404078
2026-02-04 00:00:00,0.0018354323
2026-02-04 01:00:00,0.0068366446
2026-02-04 02:00:00,-0.0059267804
2026-02-04 03:00:00,0.0097976349
2026-02-04 04:00:00,-0.0030195509
2026-02-04 05:00:00,-0.0025692128
2026-02-04 06:00:00,0.0048053409
2026-02-04 07:00:00,-0.0021183124
2026-02-04 08:00:00,0.0011773942
2026-02-04 09:00:00,-0.0062823586
2026-02-04 10:00:00,0.0023391824
2026-02-04 11:00:00,-0.0036689085
2026-02-04 12:00:00,0.0020793859
2026-02-04 13:00:00,-0.0173190909
2026-02-04 14:00:00,-0.006872418
2026-02-04 15:00:00,-0.0031567045
2026-02-04 16:00:00,-0.0069011141
2026-02-04 17:00:00,-0.0149405852
2026-02-04 18:00:00,0.0116427258
2026-02-04 19:00:00,0.0068967198
2026-02-04 20:00:00,-0.0057916795
2026-02-04 21:00:00,-0.0097555066
2026-02-04 22:00:00,-0.0033375658
2026-02-04 23:00:00,0.0084327159
2026-02-05 00:00:00,-0.0041593229
2026-02-05 01:00:00,-0.0064308016
2026-02-05 02:00:00,-0.0127626327
2026-02-05 03:00:00,-0.0027521536
2026-02-05 04:00:00,-0.005357483
2026-02-05 05:00:00,-0.0021652229
2026-02-05 06:00:00,0.0030836717
2026-02-05 07:00:00,-0.0030128387
2026-02-05 08:00:00,0.0042972516
2026-02-05 09:00:00,0.0073220247
2026-02-05 10:00:00,-0.0097086775
2026-02-05 11:00:00,-0.0074934358
2026-02-05 12:00:00,-0.0110151729
2026-02-05 13:00:00,0.001712514
2026-02-05 14:00:00,-0.0036877022
2026-02-05 15:00:00,-0.0281593317
2026-02-05 16:00:00,0.0116290676
2026-02-05 17:00:00,-0.0315082921
2026-02-05 18:00:00,0.0026463243
2026-02-05 19:00:00,-0.0168437218
2026-02-05 20:00:00,-0.0229770173
2026-02-05 21:00:00,-0.0089188351
2026-02-05 22:00:00,0.0113517545
2026-02-05 23:00:00,-0.0156739554
2026-02-06 00:00:00,0.0096041817
2026-02-06 01:00:00,0.0346294561
2026-02-06 02:00:00,-0.0112614665
2026-02-06 03:00:00,-0.0126529009
2026-02-06 04:00:00,0.0117279741
2026-02-06 05:00:00,0.0225838923
2026-02-06 06:00:00,-0.0216435572
2026-02-06 07:00:00,-0.0025146767
2026-02-06 08:00:00,0.0010806973
2026-02-06 09:00:00,0.0140351031
2026-02-06 10:00:00,0.0023707497
2026-02-06 11:00:00,0.0101186395
2026-02-06 12:00:00,-0.0007816728
2026-02-06 13:00:00,0.0114087019
2026-02-06 14:00:00,0.0134386806
2026-02-06 15:00:00,0.0063461639
2026-02-06 16:00:00,0.0189720108
2026-02-06 17:00:00,0.0112495764
2026-02-06 18:00:00,-0.0141858472
2026-02-06 19:00:00,0.0136058459
2026-02-06 20:00:00,-0.0099118423
2026-02-06 21:00:00,0.0047193101
2026-02-06 22:00:00,0.0140257527
2026-02-06 23:00:00,-0.0107878954
2026-02-07 00:00:00,-0.0086147895
2026-02-07 01:00:00,0.0074656983
2026-02-07 02:00:00,-0.001818544
2026-02-07 03:00:00,0.0078753948
2026-02-07 04:00:00,-0.0020054521
2026-02-07 05:00:00,-0.0086467531
2026-02-07 06:00:00,-0.019816602
2026-02-07 07:00:00,-0.0099987677
2026-02-07 08:00:00,0.0057863326
2026-02-07 09:00:00,-0.0052722655
2026-02-07 10:00:00,-0.0020725701
2026-02-07 11:00:00,-0.0006329161
2026-02-07 12:00:00,0.0151385204
2026-02-07 13:00:00,0.0010001668
2026-02-07 14:00:00,-0.0065263282
2026-02-07 15:00:00,0.0073228468
2026-02-07 16:00:00,-0.0023479292
2026-02-07 17:00:00,0.0030714869
2026-02-07 18:00:00,0.0049927233
2026-02-07 19:00:00,-0.0020604452
2026-02-07 20:00:00,0.0036425192
2026-02-07 21:00:00,-0.0018267998
2026-02-07 22:00:00,-0.0014119412
2026-02-07 23:00:00,-0.0016305332
2026-02-08 00:00:00,-0.0022553792
2026-02-08 01:00:00,0.0035398267
2026-02-08 02:00:00,1.44226e-05
2026-02-08 03:00:00,-0.0038582469
2026-02-08 04:00:00,0.0032811795
2026-02-08 05:00:00,-0.0016898361
2026-02-08 06:00:00,0.0018918476
2026-02-08 07:00:00,0.0048360726
2026-02-08 08:00:00,0.0133215497
2026-02-08 09:00:00,-0.0074661704
2026-02-08 10:00:00,0.0019679431
2026-02-08 11:00:00,0.0104871786
2026-02-08 12:00:00,0.0035323045
2026-02-08 13:00:00,0.0039537381
2026-02-08 14:00:00,-0.0035183417
2026-02-08 15:00:00,-0.0010537039
2026-02-08 16:00:00,-0.0109253633
2026-02-08 17:00:00,0.0051029921
2026-02-08 18:00:00,0.0051896155
2026-02-08 19:00:00,0.0039586778
2026-02-08 20:00:00,-0.0080743159
2026-02-08 21:00:00,-0.0017670222
2026-02-08 22:00:00,0.00463003
2026-02-08 23:00:00,-0.0102344317
2026-02-09 00:00:00,0.0026571385
2026-02-09 01:00:00,-0.0020028558
2026-02-09 02:00:00,0.0035909229
2026-02-09 03:00:00,0.0099107721
2026-02-09 04:00:00,-0.0047950932
2026-02-09 05:00:00,0.000634102
2026-02-09 06:00:00,-0.0053531579
2026-02-09 07:00:00,-0.0035894964
2026-02-09 08:00:00,-0.0076761021
2026-02-09 09:00:00,-0.0036302368
2026-02-09 10:00:00,-0.0130072078
2026-02-09 11:00:00,0.0028502891
2026-02-09 12:00:00,0.0031607055
2026-02-09 13:00:00,-0.0076725604
2026-02-09 14:00:00,0.01002933
2026-02-09 15:00:00,0.0041649613
2026-02-09 16:00:00,0.0074791878
2026-02-09 17:00:00,0.0072394516
2026-02-09 18:00:00,-0.0028951796
2026-02-09 19:00:00,0.0079839613
2026-02-09 20:00:00,-0.0030501605
2026-02-09 21:00:00,-0.0048058954
2026-02-09 22:00:00,-0.000440632
2026-02-09 23:00:00,-0.003474995
2026-02-10 00:00:00,-0.0042891522
2026-02-10 01:00:00,0.009255826
2026-02-10 02:00:00,-0.005351945
2026-02-10 03:00:00,-0.0085137393
2026-02-10 04:00:00,0.0044665693
2026-02-10 05:00:00,-0.0054458461
2026-02-10 06:00:00,-0.0076801627
2026-02-10 07:00:00,-0.0002178127
2026-02-10 08:00:00,0.0031319352
2026-02-10 09:00:00,-2.89545e-05
2026-02-10 10:00:00,-0.0029868081
2026-02-10 11:00:00,-0.005591569
2026-02-10 12:00:00,0.0010508035
2026-02-10 13:00:00,0.0061947616
2026-02-10 14:00:00,-0.008414421
2026-02-10 15:00:00,0.0124219785
2026-02-10 16:00:00,0.0032002795
2026-02-10 17:00:00,0.0057977832
2026-02-10 18:00:00,-0.0147031795
2026-02-10 19:00:00,0.0023497001
2026-02-10 20:00:00,-0.004734046
2026-02-10 21:00:00,-0.0011943082
2026-02-10 22:00:00,0.000611897
2026-02-10 23:00:00,0.0020660263
2026-02-11 00:00:00,0.0052332233
2026-02-11 01:00:00,-0.0035051164
2026-02-11 02:00:00,-0.0044060301
2026-02-11 03:00:00,-0.0070785366
2026-02-11 04:00:00,-0.0088007585
2026-02-11 05:00:00,-0.0023273579
2026-02-11 06:00:00,-0.0091842249
2026-02-11 07:00:00,0.0034241232
2026-02-11 08:00:00,-0.000477776
2026-02-11 09:00:00,-0.0018984273
2026-02-11 10:00:00,-0.0053258248
2026-02-11 11:00:00,0.0081198948
2026-02-11 12:00:00,0.0012674556
2026-02-11 13:00:00,0.0047869032
2026-02-11 14:00:00,-0.0132420629
2026-02-11 15:00:00,-0.0008419407
2026-02-11 16:00:00,-0.0074125295
2026-02-11 17:00:00,0.0073222795
2026-02-11 18:00:00,0.0111739691
2026-02-11 19:00:00,0.004630325
2026-02-11 20:00:00,-0.0005479899
2026-02-11 21:00:00,0.0036820472
2026-02-11 22:00:00,-0.0056394883
2026-02-11 23:00:00,-0.00470162
2026-02-12 00:00:00,0.0053396922
2026-02-12 01:00:00,0.0034503984
2026-02-12 02:00:00,-0.0039697287
2026-02-12 03:00:00,0.0023126539
2026-02-12 04:00:00,-0.0083566774
2026-02-12 05:00:00,0.0017902169
2026-02-12 06:00:00,-0.0006112971
2026-02-12 07:00:00,0.0018625448
2026-02-12 08:00:00,-0.0013704958
2026-02-12 09:00:00,0.0063450764
2026-02-12 10:00:00,0.0067318451
2026-02-12 11:00:00,0.0012057584
2026-02-12 12:00:00,-0.0034741681
2026-02-12 13:00:00,0.0076682761
2026-02-12 14:00:00,-0.0104592847
2026-02-12 15:00:00,-0.0078237322
2026-02-12 16:00:00,-0.0197021793
2026-02-12 17:00:00,-0.0066189047
2026-02-12 18:00:00,0.0027047074
2026-02-12 19:00:00,0.0029713176
2026-02-12 20:00:00,-0.0056607235
2026-02-12 21:00:00,0.0061474822
2026-02-12 22:00:00,0.0070919059
2026-02-12 23:00:00,-0.0002718376
2026-02-13 00:00:00,-0.0050727325
2026-02-13 01:00:00,0.0076974059
2026-02-13 02:00:00,0.0035789512
2026-02-13 03:00:00,-0.0018480267
2026-02-13 04:00:00,-0.003359221
2026-02-13 05:00:00,-0.0019937475
2026-02-13 06:00:00,0.002898684
2026-02-13 07:00:00,-0.0028533274
2026-02-13 08:00:00,0.0073507591
2026-02-13 09:00:00,0.0040887601
2026-02-13 10:00:00,0.0004482965
2026-02-13 11:00:00,0.0026110649
2026-02-13 12:00:00,-0.0011480287
2026-02-13 13:00:00,0.0030535285
2026-02-13 14:00:00,0.0065964767
2026-02-13 15:00:00,0.0141569579
2026-02-13 16:00:00,0.0038963732
2026-02-13 17:00:00,0.0011311726
2026-02-13 18:00:00,0.0014338789
2026-02-13 19:00:00,-0.0025360311
2026-02-13 20:00:00,-0.0023970201
2026-02-13 21:00:00,0.0015986517
2026-02-13 22:00:00,0.0013060895
2026-02-13 23:00:00,-0.0020469647
2026-02-14 00:00:00,0.0034672137
2026-02-14 01:00:00,-0.0017683727
2026-02-14 02:00:00,-0.0012774916
2026-02-14 03:00:00,0.0014805786
2026-02-14 04:00:00,-0.0026724392
2026-02-14 05:00:00,-0.0002327239
2026-02-14 06:00:00,0.0022086933
2026-02-14 07:00:00,0.0041571067
2026-02-14 08:00:00,0.0076747895
2026-02-14 09:00:00,-0.000344318
2026-02-14 10:00:00,-0.0007607892
2026-02-14 11:00:00,0.0119476416
2026-02-14 12:00:00,-0.0122492466
2026-02-14 13:00:00,-0.00254572
2026-02-14 14:00:00,0.0034502622
2026-02-14 15:00:00,0.0012334525
2026-02-14 16:00:00,-0.000530485
2026-02-14 17:00:00,-0.0002725206
2026-02-14 18:00:00,0.0003155434
2026-02-14 19:00:00,0.0013041455
2026-02-14 20:00:00,0.0022745977
2026-02-14 21:00:00,-0.0011581108
2026-02-14 22:00:00,0.0003718855
2026-02-14 23:00:00,-0.0019467791
2026-02-15 00:00:00,-0.0007310204
2026-02-15 01:00:00,-0.0011047109
2026-02-15 02:00:00,-0.002947077
2026-02-15 03:00:00,0.006801088
2026-02-15 04:00:00,0.0032692598
2026-02-15 05:00:00,0.0012819419
2026-02-15 06:00:00,0.001777753
2026-02-15 07:00:00,0.0059078298
2026-02-15 08:00:00,-0.0053538171
2026-02-15 09:00:00,-0.0002982764
2026-02-15 10:00:00,5.68214e-05
2026-02-15 11:00:00,-0.0020760761
2026-02-15 12:00:00,-0.0137881819
2026-02-15 13:00:00,-0.0056444176
2026-02-15 14:00:00,0.0033615425
2026-02-15 15:00:00,-0.0009841096
2026-02-15 16:00:00,-0.0011010345
2026-02-15 17:00:00,-0.0057420877
2026-02-15 18:00:00,-0.0026130067
2026-02-15 19:00:00,-0.0024147001
2026-02-15 20:00:00,0.0022977581
2026-02-15 21:00:00,0.0059176083
2026-02-15 22:00:00,0.0015247336
2026-02-15 23:00:00,-0.0018154229
2026-02-16 00:00:00,0.0003488169
2026-02-16 01:00:00,-0.0031437413
2026-02-16 02:00:00,-0.0044120512
2026-02-16 03:00:00,0.0013461315
2026-02-16 04:00:00,0.0063404359
2026-02-16 05:00:00,-0.0067060533
2026-02-16 06:00:00,0.000760334
2026-02-16 07:00:00,0.0018691321
2026-02-16 08:00:00,0.0026807715
2026-02-16 09:00:00,0.0033843929
2026-02-16 10:00:00,-0.0028025663
2026-02-16 11:00:00,4.36234e-05
2026-02-16 12:00:00,0.0136618487
2026-02-16 13:00:00,-0.0195390285
2026-02-16 14:00:00,0.0001462544
2026-02-16 15:00:00,-0.0129826075
2026-02-16 16:00:00,0.0051425392
2026-02-16 17:00:00,0.0012079075
2026-02-16 18:00:00,-0.0014732534
2026-02-16 19:00:00,0.0007958264
2026-02-16 20:00:00,0.0088731727
2026-02-16 21:00:00,0.004966765
2026-02-16 22:00:00,-0.0038722499
2026-02-16 23:00:00,0.0044532483
2026-02-17 00:00:00,-0.0002468831
2026-02-17 01:00:00,-0.0037251578
2026-02-17 02:00:00,0.0032312087
2026-02-17 03:00:00,-0.0052888977
2026-02-17 04:00:00,-7.30455e-05
2026-02-17 05:00:00,-0.0035711187
2026-02-17 06:00:00,0.0026502882
2026-02-17 07:00:00,-0.0005119392
2026-02-17 08:00:00,-0.00301845
2026-02-17 09:00:00,-0.0008661886
2026-02-17 10:00:00,-0.004106238
2026-02-17 11:00:00,0.0001327228
2026-02-17 12:00:00,0.000958031
2026-02-17 13:00:00,0.0032064038
2026-02-17 14:00:00,-0.0187957626
2026-02-17 15:00:00,0.0076914283
2026-02-17 16:00:00,0.0020173858
2026-02-17 17:00:00,-0.0041430063
2026-02-17 18:00:00,0.0126130063
2026-02-17 19:00:00,-0.0045950007
2026-02-17 20:00:00,-0.0002509762
2026-02-17 21:00:00,-0.0012114767
2026-02-17 22:00:00,-0.0021902896
2026-02-17 23:00:00,-0.0004297411
2026-02-18 00:00:00,-0.002998503
2026-02-18 01:00:00,-0.002038767
2026-02-18 02:00:00,0.002440078
2026-02-18 03:00:00,0.0043594375
2026-02-18 04:00:00,0.0027039623
2026-02-18 05:00:00,-0.0023489274
2026-02-18 06:00:00,0.0029242378
2026-02-18 07:00:00,0.003944488
2026-02-18 08:00:00,0.0003084267
2026-02-18 09:00:00,0.0004844784
2026-02-18 10:00:00,-0.0053717283
2026-02-18 11:00:00,-0.0062764809
2026-02-18 12:00:00,0.001350399
2026-02-18 13:00:00,-0.0032231979
2026-02-18 14:00:00,-0.0003273566
2026-02-18 15:00:00,0.0070146586
2026-02-18 16:00:00,-0.0081463521
2026-02-18 17:00:00,0.0004915506
2026-02-18 18:00:00,-0.0123618377
2026-02-18 19:00:00,-0.0027780312
2026-02-18 20:00:00,0.0011181796
2026-02-18 21:00:00,0.0014939904
2026-02-18 22:00:00,0.0008892976
2026-02-18 23:00:00,0.0007680781
2026-02-19 00:00:00,-0.0001505571
2026-02-19 01:00:00,0.006274036
2026-02-19 02:00:00,-0.0002094993
2026-02-19 03:00:00,0.0019884735
2026-02-19 04:00:00,-0.0026022598
2026-02-19 05:00:00,0.0009130575
2026-02-19 06:00:00,0.0041953196
2026-02-19 07:00:00,0.0008190923
2026-02-19 08:00:00,-0.0039078864
2026-02-19 09:00:00,-0.0016003713
2026-02-19 10:00:00,8.98083e-05
2026-02-19 11:00:00,-0.0051470316
2026-02-19 12:00:00,0.0002106023
2026-02-19 13:00:00,-0.0088988856
2026-02-19 14:00:00,0.0074086733
2026-02-19 15:00:00,-0.0002109164
2026-02-19 16:00:00,-0.0014173065
2026-02-19 17:00:00,0.0009802666
2026-02-19 18:00:00,0.0098695866
2026-02-19 19:00:00,0.0002238589
2026-02-19 20:00:00,0.0015358123
2026-02-19 21:00:00,-0.0035822538
2026-02-19 22:00:00,0.0001495171
2026-02-19 23:00:00,0.0012849247
2026-02-20 00:00:00,0.0033836944
2026-02-20 01:00:00,0.0006991603
2026-02-20 02:00:00,-0.000431339
2026-02-20 03:00:00,0.0016796859
2026-02-20 04:00:00,-0.0014119363
2026-02-20 05:00:00,0.007763232
2026-02-20 06:00:00,0.0008703413
2026-02-20 07:00:00,-0.0002801967
2026-02-20 08:00:00,0.0007371913
2026-02-20 09:00:00,0.00496921
2026-02-20 10:00:00,-0.0039822249
2026-02-20 11:00:00,-0.0094530827
2026-02-20 12:00:00,0.0035165067
2026-02-20 13:00:00,-0.0109012383
2026-02-20 14:00:00,0.0039453089
2026-02-20 15:00:00,0.007814629
2026-02-20 16:00:00,0.003088178
2026-02-20 17:00:00,-0.0028662205
2026-02-20 18:00:00,0.0046939434
2026-02-20 19:00:00,-0.0042058102
2026-02-20 20:00:00,0.001566333
2026-02-20 21:00:00,0.0010477773
2026-02-20 22:00:00,0.0039745095
2026-02-20 23:00:00,-0.0011171543
2026-02-21 00:00:00,-0.0026066418
2026-02-21 01:00:00,0.0017237954
2026-02-21 02:00:00,0.0008534307
2026-02-21 03:00:00,-0.0050428453
2026-02-21 04:00:00,0.0022149057
2026-02-21 05:00:00,0.0005603315
2026-02-21 06:00:00,-0.0008701231
2026-02-21 07:00:00,0.0009438276
2026-02-21 08:00:00,0.0028849429
2026-02-21 09:00:00,0.0013659699
2026-02-21 10:00:00,0.0008802817
2026-02-21 11:00:00,-0.0017025778
2026-02-21 12:00:00,0.0015999181
2026-02-21 13:00:00,0.0008502903
2026-02-21 14:00:00,0.0028096072
2026-02-21 15:00:00,0.00252483
2026-02-21 16:00:00,-0.0043238257
2026-02-21 17:00:00,0.0015943951
2026-02-21 18:00:00,0.0019128422
2026-02-21 19:00:00,-0.0003355778
2026-02-21 20:00:00,-0.0046952907
2026-02-21 21:00:00,0.0023284602
2026-02-21 22:00:00,-0.0057210072
2026-02-21 23:00:00,-0.0001324104
2026-02-22 00:00:00,-0.0007948307
2026-02-22 01:00:00,0.0030581064
2026-02-22 02:00:00,-0.0034262976
2026-02-22 03:00:00,0.0018248986
2026-02-22 04:00:00,-0.0007207314
2026-02-22 05:00:00,-0.0001913017
2026-02-22 06:00:00,0.0011619613
2026-02-22 07:00:00,-0.0005440417
2026-02-22 08:00:00,-0.0005884863
2026-02-22 09:00:00,0.0014117857
2026-02-22 10:00:00,0.0010134913
2026-02-22 11:00:00,0.0011884414
2026-02-22 12:00:00,-0.0039080915
2026-02-22 13:00:00,-0.0043964545
2026-02-22 14:00:00,-0.0030504984
2026-02-22 15:00:00,0.0035383069
2026-02-22 16:00:00,-0.0008871016
2026-02-22 17:00:00,-0.003778986
2026-02-22 18:00:00,0.0006975933
2026-02-22 19:00:00,-4.45127e-05
2026-02-22 20:00:00,-0.0003561729
2026-02-22 21:00:00,0.0031122202
2026-02-22 22:00:00,0.0009022134
2026-02-22 23:00:00,-0.0004436098
2026-02-23 00:00:00,-0.0133256891
2026-02-23 01:00:00,-0.0352064181
2026-02-23 02:00:00,0.0057126646
2026-02-23 03:00:00,0.0023899295
2026-02-23 04:00:00,-0.0020503657
2026-02-23 05:00:00,0.0037276117
2026-02-23 06:00:00,0.0108112467
2026-02-23 07:00:00,0.0029765995
2026-02-23 08:00:00,-0.0041940888
2026-02-23 09:00:00,0.0108893448
2026-02-23 10:00:00,-0.0011002013
2026-02-23 11:00:00,-0.0016752319
2026-02-23 12:00:00,0.000996422
2026-02-23 13:00:00,-0.0022055389
2026-02-23 14:00:00,-0.003271937
2026-02-23 15:00:00,-0.0039222294
2026-02-23 16:00:00,-0.0046413714
2026-02-23 17:00:00,-0.008375194
2026-02-23 18:00:00,-0.0026732819
2026-02-23 19:00:00,-0.0054614422
2026-02-23 20:00:00,0.0027654799
2026-02-23 21:00:00,0.0015967634
2026-02-23 22:00:00,0.0022590138
2026-02-23 23:00:00,-0.001128869
2026-02-24 00:00:00,0.0043229958
2026-02-24 01:00:00,-0.0119802746
2026-02-24 02:00:00,-0.000639461
2026-02-24 03:00:00,-0.0084448184
2026-02-24 04:00:00,-0.003199095
2026-02-24 05:00:00,-0.0042708744
2026-02-24 06:00:00,-0.0004122338
2026-02-24 07:00:00,0.0017745671
2026-02-24 08:00:00,0.0033188494
2026-02-24 09:00:00,-0.0023852976
2026-02-24 10:00:00,0.0007746607
2026-02-24 11:00:00,-0.0009170106
2026-02-24 12:00:00,-0.0039464038
2026-02-24 13:00:00,-0.0012553333
2026-02-24 14:00:00,0.0088647449
2026-02-24 15:00:00,0.0082242985
2026-02-24 16:00:00,0.0046316233
2026-02-24 17:00:00,-0.0006536762
2026-02-24 18:00:00,0.0030157963
2026-02-24 19:00:00,0.00024832
2026-02-24 20:00:00,0.0005274753
2026-02-24 21:00:00,-0.0066603629
2026-02-24 22:00:00,0.00104556
2026-02-24 23:00:00,-0.0008582151
2026-02-25 00:00:00,0.0025412974
2026-02-25 01:00:00,0.0257470858
2026-02-25 02:00:00,-0.000121409
2026-02-25 03:00:00,-0.0077398116
2026-02-25 04:00:00,0.0009631187
2026-02-25 05:00:00,-0.0091179044
2026-02-25 06:00:00,0.000462499
2026-02-25 07:00:00,0.0022939144
2026-02-25 08:00:00,0.0072931514
2026-02-25 09:00:00,0.0006867346
2026-02-25 10:00:00,-0.0023368244
2026-02-25 11:00:00,0.0003822075
2026-02-25 12:00:00,0.0097653758
2026-02-25 13:00:00,0.0026756374
2026-02-25 14:00:00,0.0107808852
2026-02-25 15:00:00,0.0068463855
2026-02-25 16:00:00,0.0131000127
2026-02-25 17:00:00,0.0055912963
2026-02-25 18:00:00,0.0095047007
2026-02-25 19:00:00,-0.0042195985
2026-02-25 20:00:00,0.0016494968
2026-02-25 21:00:00,-0.0028811579
2026-02-25 22:00:00,-0.0073343558
2026-02-25 23:00:00,-0.0069178057
2026-02-26 00:00:00,0.0052806178
2026-02-26 01:00:00,-0.0015226497
2026-02-26 02:00:00,0.0004248182
2026-02-26 03:00:00,-0.0008351588
2026-02-26 04:00:00,0.0051317778
2026-02-26 05:00:00,-0.0016784527
2026-02-26 06:00:00,-0.0039811534
2026-02-26 07:00:00,-0.005057793
2026-02-26 08:00:00,0.0017378246
2026-02-26 09:00:00,0.0090233225
2026-02-26 10:00:00,-0.0039742893
2026-02-26 11:00:00,-0.0038578654
2026-02-26 12:00:00,0.0019527958
2026-02-26 13:00:00,-0.003791613
2026-02-26 14:00:00,-0.0031706966
2026-02-26 15:00:00,-0.0046636696
2026-02-26 16:00:00,-0.0111322834
2026-02-26 17:00:00,0.0030565485
2026-02-26 18:00:00,0.0069026968
2026-02-26 19:00:00,0.0043733253
2026-02-26 20:00:00,-0.0027551899
2026-02-26 21:00:00,0.0006524512
2026-02-26 22:00:00,0.0019104183
2026-02-26 23:00:00,-0.0014954436
2026-02-27 00:00:00,-0.003978982
2026-02-27 01:00:00,0.0019320806
2026-02-27 02:00:00,-0.0011885308
2026-02-27 03:00:00,0.0050267382
2026-02-27 04:00:00,0.0020538287
2026-02-27 05:00:00,-0.0004429156
2026-02-27 06:00:00,-0.000753407
2026-02-27 07:00:00,0.0004875634
2026-02-27 08:00:00,0.0035682201
2026-02-27 09:00:00,-0.0083952132
2026-02-27 10:00:00,-0.0112693647
2026-02-27 11:00:00,-0.007442932
2026-02-27 12:00:00,-0.0029381496
2026-02-27 13:00:00,0.0053548866
2026-02-27 14:00:00,-0.0056886245
2026-02-27 15:00:00,0.0029693842
2026-02-27 16:00:00,-0.0095912697
2026-02-27 17:00:00,0.0034153664
2026-02-27 18:00:00,-0.0059692555
2026-02-27 19:00:00,0.0012242339
2026-02-27 20:00:00,0.0030235493
2026-02-27 21:00:00,-0.0009305235
2026-02-27 22:00:00,0.0015859464
2026-02-27 23:00:00,0.0036503052
2026-02-28 00:00:00,0.0010924983
2026-02-28 01:00:00,-0.0024141948
2026-02-28 02:00:00,0.002702294
2026-02-28 03:00:00,-0.0025806858
2026-02-28 04:00:00,-0.001901821
2026-02-28 05:00:00,-0.0010970928
2026-02-28 06:00:00,-0.036548351
2026-02-28 07:00:00,0.0093492457
2026-02-28 08:00:00,-0.0057030343
2026-02-28 09:00:00,0.0030362405
2026-02-28 10:00:00,0.0053889907
2026-02-28 11:00:00,-0.0025185581
2026-02-28 12:00:00,0.0029090702
2026-02-28 13:00:00,0.0167108062
2026-02-28 14:00:00,-0.0102815176
2026-02-28 15:00:00,0.0063265407
2026-02-28 16:00:00,0.0038321004
2026-02-28 17:00:00,0.0052853841
2026-02-28 18:00:00,0.0071253784
2026-02-28 19:00:00,0.0069695122
2026-02-28 20:00:00,0.0087300118
2026-02-28 21:00:00,-0.0035158361
2026-02-28 22:00:00,0.0058727446
2026-02-28 23:00:00,-0.0019537519
2026-03-01 00:00:00,-0.0024513113
2026-03-01 01:00:00,0.0079300429
2026-03-01 02:00:00,0.0040598663
2026-03-01 03:00:00,-0.0016871397
2026-03-01 04:00:00,-0.0025509083
2026-03-01 05:00:00,-0.000609027
2026-03-01 06:00:00,-0.005483058
2026-03-01 07:00:00,0.0030432341
2026-03-01 08:00:00,-0.0085114535
2026-03-01 09:00:00,-0.0023311962
2026-03-01 10:00:00,0.0007977303
2026-03-01 11:00:00,3.00906e-05
2026-03-01 12:00:00,-0.0025609366
2026-03-01 13:00:00,0.0096669871
2026-03-01 14:00:00,-0.0010462441
2026-03-01 15:00:00,-0.0006282723
2026-03-01 16:00:00,-0.0104087699
2026-03-01 17:00:00,-0.0023918386
2026-03-01 18:00:00,0.005109765
2026-03-01 19:00:00,-0.0052461813
2026-03-01 20:00:00,-0.0100089956
2026-03-01 21:00:00,0.0056338177
2026-03-01 22:00:00,-0.0067827941
2026-03-01 23:00:00,0.0081368905
2026-03-02 00:00:00,0.0110530107
2026-03-02 01:00:00,0.0004810728
2026-03-02 02:00:00,-0.0038249026
2026-03-02 03:00:00,0.0081142444
2026-03-02 04:00:00,0.0007330446
2026-03-02 05:00:00,-0.0023206556
2026-03-02 06:00:00,-0.0074927004
2026-03-02 07:00:00,-0.0031764786
2026-03-02 08:00:00,0.0041425456
2026-03-02 09:00:00,-0.001600556
2026-03-02 10:00:00,0.0019475085
2026-03-02 11:00:00,0.0006633999
2026-03-02 12:00:00,-0.0058803692
2026-03-02 13:00:00,-0.0080373069
2026-03-02 14:00:00,0.0261565208
2026-03-02 15:00:00,0.0287212023
2026-03-02 16:00:00,0.004546873
2026-03-02 17:00:00,-0.0035635746
2026-03-02 18:00:00,-0.0043744095
2026-03-02 19:00:00,0.0012766391
2026-03-02 20:00:00,0.001955318
2026-03-02 21:00:00,0.0044323562
2026-03-02 22:00:00,0.0004032781
2026-03-02 23:00:00,-0.0090261414
2026-03-03 00:00:00,0.0040602715
2026-03-03 01:00:00,-0.0051215572
2026-03-03 02:00:00,-0.0035117154
2026-03-03 03:00:00,-0.0021627001
2026-03-03 04:00:00,-0.0036638667
2026-03-03 05:00:00,-0.0023813735
2026-03-03 06:00:00,0.0023373255
2026-03-03 07:00:00,0.000983277
2026-03-03 08:00:00,-0.0174753828
2026-03-03 09:00:00,-0.0052231944
2026-03-03 10:00:00,0.0028319929
2026-03-03 11:00:00,0.0028090746
2026-03-03 12:00:00,0.0053274728
2026-03-03 13:00:00,-0.0068057359
2026-03-03 14:00:00,-0.0054691207
2026-03-03 15:00:00,0.0172787902
2026-03-03 16:00:00,0.0067407717
2026-03-03 17:00:00,0.0021246519
2026-03-03 18:00:00,0.0045272736
2026-03-03 19:00:00,-0.0030207756
2026-03-03 20:00:00,-0.002267923
2026-03-03 21:00:00,-0.0034777029
2026-03-03 22:00:00,0.0043123114
2026-03-03 23:00:00,0.0001756183
2026-03-04 00:00:00,-0.0034154491
2026-03-04 01:00:00,0.0045269828
2026-03-04 02:00:00,-0.0013017883
2026-03-04 03:00:00,-0.0084515205
2026-03-04 04:00:00,0.0006050009
2026-03-04 05:00:00,0.0059126514
2026-03-04 06:00:00,0.0045649486
2026-03-04 07:00:00,0.0145930872
2026-03-04 08:00:00,0.0212937534
2026-03-04 09:00:00,0.0072267324
2026-03-04 10:00:00,-0.0026180408
2026-03-04 11:00:00,-0.003046664
2026-03-04 12:00:00,0.0031167544
2026-03-04 13:00:00,0.0022263148
2026-03-04 14:00:00,0.0020399331
2026-03-04 15:00:00,0.0244733473
2026-03-04 16:00:00,-0.0007766673
2026-03-04 17:00:00,-0.0013640334
2026-03-04 18:00:00,0.0065033358
2026-03-04 19:00:00,-0.0006375778
2026-03-04 20:00:00,-0.0080794483
2026-03-04 21:00:00,0.0035640925
2026-03-04 22:00:00,-0.0087622581
2026-03-04 23:00:00,-0.0004126207
2026-03-05 00:00:00,0.0013884786
2026-03-05 01:00:00,-0.0030406661
2026-03-05 02:00:00,-0.0005099755
2026-03-05 03:00:00,-0.0002206105
2026-03-05 04:00:00,0.0043206122
2026-03-05 05:00:00,-0.0053415695
2026-03-05 06:00:00,0.0017928814
2026-03-05 07:00:00,-0.0067884981
2026-03-05 08:00:00,0.0036695764
2026-03-05 09:00:00,0.0036286162
2026-03-05 10:00:00,0.010916496
2026-03-05 11:00:00,-0.0066014058
2026-03-05 12:00:00,0.0002193794
2026-03-05 13:00:00,-0.006216069
2026-03-05 14:00:00,0.001764228
2026-03-05 15:00:00,-0.0131965708
2026-03-05 16:00:00,-0.0047836273
2026-03-05 17:00:00,-0.0084762975
2026-03-05 18:00:00,0.0039373185
2026-03-05 19:00:00,-0.0006340038
2026-03-05 20:00:00,0.0044296082
2026-03-05 21:00:00,-0.0017273223
2026-03-05 22:00:00,0.0013062992
2026-03-05 23:00:00,-0.004840444
2026-03-06 00:00:00,0.0010855086
2026-03-06 01:00:00,0.0039514349
2026-03-06 02:00:00,-4.21038e-05
2026-03-06 03:00:00,-0.0022340412
2026-03-06 04:00:00,-0.0066331022
2026-03-06 05:00:00,-0.0025378385
2026-03-06 06:00:00,0.0023820676
2026-03-06 07:00:00,0.0063245782
2026-03-06 08:00:00,-0.003863404
2026-03-06 09:00:00,-0.002914464
2026-03-06 10:00:00,-0.0004534955
2026-03-06 11:00:00,-0.0043184952
2026-03-06 12:00:00,-0.0042371433
2026-03-06 13:00:00,-0.0101447855
2026-03-06 14:00:00,-0.0120743354
2026-03-06 15:00:00,0.0014461319
2026-03-06 16:00:00,-0.0007008937
2026-03-06 17:00:00,-0.0073009077
2026-03-06 18:00:00,0.0032612078
2026-03-06 19:00:00,-0.0009243976
2026-03-06 20:00:00,-0.0001027636
2026-03-06 21:00:00,0.0025512836
2026-03-06 22:00:00,0.0003660295
2026-03-06 23:00:00,-0.0029173132
2026-03-07 00:00:00,0.0026830697
2026-03-07 01:00:00,-0.0004100581
2026-03-07 02:00:00,0.001112624
2026-03-07 03:00:00,-0.0032388336
2026-03-07 04:00:00,-0.0008076774
2026-03-07 05:00:00,-0.0008965513
2026-03-07 06:00:00,-0.0047607557
2026-03-07 07:00:00,0.0023905805
2026-03-07 08:00:00,-0.0006634771
2026-03-07 09:00:00,0.003018948
2026-03-07 10:00:00,-0.0017071631
2026-03-07 11:00:00,0.0018836
2026-03-07 12:00:00,-0.0005146945
2026-03-07 13:00:00,-0.0010449091
2026-03-07 14:00:00,0.0016772109
2026-03-07 15:00:00,-0.001942291
2026-03-07 16:00:00,-0.0014001992
2026-03-07 17:00:00,-0.0001475035
2026-03-07 18:00:00,-0.0030434228
2026-03-07 19:00:00,-0.0073213618
2026-03-07 20:00:00,0.004461571
2026-03-07 21:00:00,0.0008306264
2026-03-07 22:00:00,-0.0028358704
2026-03-07 23:00:00,0.0001932726
2026-03-08 00:00:00,-0.0009518569
2026-03-08 01:00:00,0.0014125871
2026-03-08 02:00:00,-0.0056922474
2026-03-08 03:00:00,0.0012544805
2026-03-08 04:00:00,-0.0053124353
2026-03-08 05:00:00,0.0073550628
2026-03-08 06:00:00,0.0004169583
2026-03-08 07:00:00,0.0024684027
2026-03-08 08:00:00,0.0029214854
2026-03-08 09:00:00,0.0026028587
2026-03-08 10:00:00,0.0029643198
2026-03-08 11:00:00,-0.0055819868
2026-03-08 12:00:00,-0.00304035
2026-03-08 13:00:00,-0.001174119
2026-03-08 14:00:00,0.0014265974
2026-03-08 15:00:00,-0.0018728267
2026-03-08 16:00:00,-0.0050413256
2026-03-08 17:00:00,0.0024790933
2026-03-08 18:00:00,-0.0031671598
2026-03-08 19:00:00,0.0072606153
2026-03-08 20:00:00,-0.0014865912
2026-03-08 21:00:00,-0.0032036743
2026-03-08 22:00:00,-0.0115283704
2026-03-08 23:00:00,-0.0039331417
2026-03-09 00:00:00,0.0059843317
2026-03-09 01:00:00,-0.0024891208
2026-03-09 02:00:00,0.005077262
2026-03-09 03:00:00,0.0100332039
2026-03-09 04:00:00,-0.0009526362
2026-03-09 05:00:00,0.0109745549
2026-03-09 06:00:00,-0.0094567201
2026-03-09 07:00:00,0.0041548018
2026-03-09 08:00:00,0.0039901334
2026-03-09 09:00:00,0.0026512712
2026-03-09 10:00:00,-0.0055314363
2026-03-09 11:00:00,0.0022162475
2026-03-09 12:00:00,0.0055926088
2026-03-09 13:00:00,0.0125281476
2026-03-09 14:00:00,0.0024319641
2026-03-09 15:00:00,-0.0037227267
2026-03-09 16:00:00,0.0010878316
2026-03-09 17:00:00,-0.0054073043
2026-03-09 18:00:00,-0.0033871612
2026-03-09 19:00:00,0.0094465969
2026-03-09 20:00:00,-0.0004781881
2026-03-09 21:00:00,-0.0005219207
2026-03-09 22:00:00,-0.0045056251
2026-03-09 23:00:00,-0.0028446201
2026-03-10 00:00:00,0.010362034
2026-03-10 01:00:00,0.0015313717
2026-03-10 02:00:00,0.0143895624
2026-03-10 03:00:00,-0.0119816772
2026-03-10 04:00:00,0.0090746155
2026-03-10 05:00:00,-0.0014424144
2026-03-10 06:00:00,-0.000800652
2026-03-10 07:00:00,0.0070266746
2026-03-10 08:00:00,0.0041103909
2026-03-10 09:00:00,0.0052761638
2026-03-10 10:00:00,-0.0041169728
2026-03-10 11:00:00,-0.0023055662
2026-03-10 12:00:00,-0.0012185792
2026-03-10 13:00:00,-0.0083860023
2026-03-10 14:00:00,0.0213315772
2026-03-10 15:00:00,-0.0012043639
2026-03-10 16:00:00,-0.0011076139
2026-03-10 17:00:00,-0.0056129738
2026-03-10 18:00:00,-0.0120064454
2026-03-10 19:00:00,0.0001427654
2026-03-10 20:00:00,0.0028652702
2026-03-10 21:00:00,-0.0067701004
2026-03-10 22:00:00,-0.000946318
2026-03-10 23:00:00,0.0036084063
2026-03-11 00:00:00,0.0010428647
2026-03-11 01:00:00,0.0007564675
2026-03-11 02:00:00,-0.0037594298
2026-03-11 03:00:00,-0.0038023678
2026-03-11 04:00:00,0.008460251
2026-03-11 05:00:00,-0.009179303
2026-03-11 06:00:00,0.0065101036
2026-03-11 07:00:00,-0.0042827231
2026-03-11 08:00:00,-7.17736e-05
2026-03-11 09:00:00,-0.0029039698
2026-03-11 10:00:00,0.0021859504
2026-03-11 11:00:00,-0.0061240708
2026-03-11 12:00:00,0.002482967
2026-03-11 13:00:00,0.0119243537
2026-03-11 14:00:00,0.0057109729
2026-03-11 15:00:00,-0.0049988743
2026-03-11 16:00:00,0.0048855406
2026-03-11 17:00:00,0.0028860049
2026-03-11 18:00:00,-0.0021495653
2026-03-11 19:00:00,0.0004529242
2026-03-11 20:00:00,-0.0003962975
2026-03-11 21:00:00,0.0017114452
2026-03-11 22:00:00,-0.0053988696
2026-03-11 23:00:00,-0.0026178025
2026-03-12 00:00:00,0.0005696707
2026-03-12 01:00:00,-0.0056827259
2026-03-12 02:00:00,-0.007776659
2026-03-12 03:00:00,0.0019606436
2026-03-12 04:00:00,-0.0006627287
2026-03-12 05:00:00,0.0013394113
2026-03-12 06:00:00,0.0001151344
2026-03-12 07:00:00,0.0049526016
2026-03-12 08:00:00,0.0010877189
2026-03-12 09:00:00,0.0008864742
2026-03-12 10:00:00,0.0064390439
2026-03-12 11:00:00,0.0004968733
2026-03-12 12:00:00,-0.0008803442
2026-03-12 13:00:00,-0.0057840687
2026-03-12 14:00:00,-0.0054154084
2026-03-12 15:00:00,0.0106453148
2026-03-12 16:00:00,0.0005683675
2026-03-12 17:00:00,-0.0025459602
2026-03-12 18:00:00,-0.0057271553
2026-03-12 19:00:00,0.009096675
2026-03-12 20:00:00,-0.0038680917
2026-03-12 21:00:00,0.0014807435
2026-03-12 22:00:00,-0.0013667623
2026-03-12 23:00:00,0.0048038751
2026-03-13 00:00:00,0.0135056307
2026-03-13 01:00:00,0.0025845042
2026-03-13 02:00:00,-0.0073518931
2026-03-13 03:00:00,0.003731714
2026-03-13 04:00:00,-0.0002660897
2026-03-13 05:00:00,0.0023084198
2026-03-13 06:00:00,-0.0029809619
2026-03-13 07:00:00,0.0039586838
2026-03-13 08:00:00,0.0028021571
2026-03-13 09:00:00,0.0025305205
2026-03-13 10:00:00,0.0065053933
2026-03-13 11:00:00,-0.0033719853
2026-03-13 12:00:00,0.0075435628
2026-03-13 13:00:00,0.0085365371
2026-03-13 14:00:00,-0.0138538667
2026-03-13 15:00:00,-0.0074865177
2026-03-13 16:00:00,0.000751179
2026-03-13 17:00:00,-0.0121574816
2026-03-13 18:00:00,0.0002533285
2026-03-13 19:00:00,0.0017012665
2026-03-13 20:00:00,0.0024554007
2026-03-13 21:00:00,-0.0033408229
2026-03-13 22:00:00,-0.004283567
2026-03-13 23:00:00,0.0018622242
2026-03-14 00:00:00,-0.004067515
2026-03-14 01:00:00,0.002671172
2026-03-14 02:00:00,-0.0007765894
2026-03-14 03:00:00,0.0041161023
2026-03-14 04:00:00,-0.0006473039
2026-03-14 05:00:00,-0.0002393271
2026-03-14 06:00:00,-0.0054212918
2026-03-14 07:00:00,-0.0003964546
2026-03-14 08:00:00,-0.0002549467
2026-03-14 09:00:00,-0.0007368779
2026-03-14 10:00:00,0.0005668774
2026-03-14 11:00:00,0.0023491131
2026-03-14 12:00:00,0.0002685228
2026-03-14 13:00:00,0.0015108623
2026-03-14 14:00:00,-0.0037885259
2026-03-14 15:00:00,4.24884e-05
2026-03-14 16:00:00,0.0011747972
2026-03-14 17:00:00,-0.0009482229
2026-03-14 18:00:00,0.0008350495
2026-03-14 19:00:00,0.0002546221
2026-03-14 20:00:00,0.0016393446
2026-03-14 21:00:00,-0.000282454
2026-03-14 22:00:00,-0.0009892176
2026-03-14 23:00:00,0.0069040614
2026-03-15 00:00:00,-0.0028544731
2026-03-15 01:00:00,0.0002956685
2026-03-15 02:00:00,0.0063428127
2026-03-15 03:00:00,-0.0017500757
2026-03-15 04:00:00,0.0030920576
2026-03-15 05:00:00,-0.0010342852
2026-03-15 06:00:00,-0.0006574668
2026-03-15 07:00:00,-1.39934e-05
2026-03-15 08:00:00,0.003478313
2026-03-15 09:00:00,0.0014631396
2026-03-15 10:00:00,-0.0003481724
2026-03-15 11:00:00,0.0007936564
2026-03-15 12:00:00,-0.0031784118
2026-03-15 13:00:00,-5.58519e-05
2026-03-15 14:00:00,0.0001117006
2026-03-15 15:00:00,-0.0018166832
2026-03-15 16:00:00,-0.0007555935
2026-03-15 17:00:00,0.0055138859
2026-03-15 18:00:00,-0.0060179323
2026-03-15 19:00:00,0.0022662107
2026-03-15 20:00:00,0.0024423104
2026-03-15 21:00:00,0.0052273889
2026-03-15 22:00:00,0.0089040408
2026-03-15 23:00:00,0.0009478478
2026-03-16 00:00:00,-0.0038794931
2026-03-16 01:00:00,0.0028491812
2026-03-16 02:00:00,-0.0028767492
2026-03-16 03:00:00,0.0142745193
2026-03-16 04:00:00,0.0034997797
2026-03-16 05:00:00,0.004647401
2026-03-16 06:00:00,-0.006165181
2026-03-16 07:00:00,-0.0037773324
2026-03-16 08:00:00,-0.0042837135
2026-03-16 09:00:00,0.0014891018
2026-03-16 10:00:00,0.0072904663
2026-03-16 11:00:00,-0.003081081
2026-03-16 12:00:00,0.0041917407
2026-03-16 13:00:00,0.0021500877
2026-03-16 14:00:00,-0.0062466751
2026-03-16 15:00:00,-0.0036222056
2026-03-16 16:00:00,0.0063099414
2026-03-16 17:00:00,0.0024100965
2026-03-16 18:00:00,-0.0005546199
2026-03-16 19:00:00,0.0008791328
2026-03-16 20:00:00,0.0036839413
2026-03-16 21:00:00,0.0022871914
2026-03-16 22:00:00,0.0046791395
2026-03-16 23:00:00,0.0015370533
2026-03-17 00:00:00,0.0058326286
2026-03-17 01:00:00,0.0042134336
2026-03-17 02:00:00,-0.0058346317
2026-03-17 03:00:00,-0.0096216265
2026-03-17 04:00:00,-0.0031201273
2026-03-17 05:00:00,-0.0026976008
2026-03-17 06:00:00,0.0006480882
2026-03-17 07:00:00,0.0022650066
2026-03-17 08:00:00,-0.0008622548
2026-03-17 09:00:00,-0.0033212306
2026-03-17 10:00:00,-0.0028439504
2026-03-17 11:00:00,0.0041818698
2026-03-17 12:00:00,-0.0039377855
2026-03-17 13:00:00,-0.0017370068
2026-03-17 14:00:00,0.0103636272
2026-03-17 15:00:00,-0.006013231
2026-03-17 16:00:00,0.0030785458
2026-03-17 17:00:00,0.0048818963
2026-03-17 18:00:00,0.0022513477
2026-03-17 19:00:00,-0.0021574403
2026-03-17 20:00:00,-1.34148e-05
2026-03-17 21:00:00,0.0021173105
2026-03-17 22:00:00,-0.0049249615
2026-03-17 23:00:00,-0.0054902575
2026-03-18 00:00:00,-0.0005006122
2026-03-18 01:00:00,0.0028110026
2026-03-18 02:00:00,0.0035564694
2026-03-18 03:00:00,0.0015318466
2026-03-18 04:00:00,-0.0036318675
2026-03-18 05:00:00,-0.0029285364
2026-03-18 06:00:00,-0.0001486798
2026-03-18 07:00:00,-0.0009466624
2026-03-18 08:00:00,0.0020139633
2026-03-18 09:00:00,0.0018616704
2026-03-18 10:00:00,-0.0032128759
2026-03-18 11:00:00,-0.0134352626
2026-03-18 12:00:00,-0.0080353767
2026-03-18 13:00:00,-0.0034319118
2026-03-18 14:00:00,-0.0131722222
2026-03-18 15:00:00,0.0040510572
2026-03-18 16:00:00,-0.0022688132
2026-03-18 17:00:00,0.0041974541
2026-03-18 18:00:00,-0.0071180661
2026-03-18 19:00:00,-0.0006048458
2026-03-18 20:00:00,0.0022627783
2026-03-18 21:00:00,0.0006595982
2026-03-18 22:00:00,-0.0018395394
2026-03-18 23:00:00,0.0015589124
2026-03-19 00:00:00,-0.0034722501
2026-03-19 01:00:00,0.0017024873
2026-03-19 02:00:00,-0.0011252867
2026-03-19 03:00:00,0.0023476004
2026-03-19 04:00:00,-0.0055333939
2026-03-19 05:00:00,-5.64772e-05
2026-03-19 06:00:00,-0.0034794943
2026-03-19 07:00:00,-0.0052847788
2026-03-19 08:00:00,-0.0030528712
2026-03-19 09:00:00,0.0074871531
2026-03-19 10:00:00,-0.0054603762
2026-03-19 11:00:00,-0.0028557985
2026-03-19 12:00:00,-0.0092947753
2026-03-19 13:00:00,0.0087512503
2026-03-19 14:00:00,-0.0056673634
2026-03-19 15:00:00,-0.0013822498
2026-03-19 16:00:00,0.0006481675
2026-03-19 17:00:00,0.0056428778
2026-03-19 18:00:00,-0.0001288706
2026-03-19 19:00:00,0.0060959694
2026-03-19 20:00:00,0.0033533238
2026-03-19 21:00:00,-0.0009366619
2026-03-19 22:00:00,-0.0036129365
2026-03-19 23:00:00,-0.0036403389
2026-03-20 00:00:00,0.0041104746
2026-03-20 01:00:00,0.0028587906
2026-03-20 02:00:00,0.0002130152
2026-03-20 03:00:00,0.0041942447
2026-03-20 04:00:00,0.0007774017
2026-03-20 05:00:00,-0.0023906705
2026-03-20 06:00:00,-0.0016158756
2026-03-20 07:00:00,0.0051221212
2026-03-20 08:00:00,0.0026075634
2026-03-20 09:00:00,-0.0064679442
2026-03-20 10:00:00,0.0002408256
2026-03-20 11:00:00,-0.0018430833
2026-03-20 12:00:00,-0.0019602279
2026-03-20 13:00:00,-0.0067480586
2026-03-20 14:00:00,-0.0018483102
2026-03-20 15:00:00,0.0018196803
2026-03-20 16:00:00,-0.0005011562
2026-03-20 17:00:00,0.0022746628
2026-03-20 18:00:00,-0.0031917129
2026-03-20 19:00:00,0.0057890798
2026-03-20 20:00:00,-0.0017974584
2026-03-20 21:00:00,0.0070145772
2026-03-20 22:00:00,0.0033405554
2026-03-20 23:00:00,-0.00372345
2026-03-21 00:00:00,0.0023800765
2026-03-21 01:00:00,-0.0028908307
2026-03-21 02:00:00,0.0035556726
2026-03-21 03:00:00,-0.0008346596
2026-03-21 04:00:00,-0.0002972504
2026-03-21 05:00:00,0.000877342
2026-03-21 06:00:00,0.0008059101
2026-03-21 07:00:00,-0.0007210468
2026-03-21 08:00:00,-0.0016561334
2026-03-21 09:00:00,0.0008071768
2026-03-21 10:00:00,-0.0007646776
2026-03-21 11:00:00,0.0006372719
2026-03-21 12:00:00,0.0010612182
2026-03-21 13:00:00,0.0001555507
2026-03-21 14:00:00,-0.0014999508
2026-03-21 15:00:00,0.0001982357
2026-03-21 16:00:00,-0.0047258598
2026-03-21 17:00:00,2.84503e-05
2026-03-21 18:00:00,0.0011799747
2026-03-21 19:00:00,-7.10434e-05
2026-03-21 20:00:00,0.0009941488
2026-03-21 21:00:00,-0.0015911128
2026-03-21 22:00:00,-0.0008107359
2026-03-21 23:00:00,-0.0196574999
2026-03-22 00:00:00,0.0003917387
2026-03-22 01:00:00,0.0004350853
2026-03-22 02:00:00,0.0047446242
2026-03-22 03:00:00,0.0006059207
2026-03-22 04:00:00,0.000259568
2026-03-22 05:00:00,-0.003018031
2026-03-22 06:00:00,7.23081e-05
2026-03-22 07:00:00,-0.0035492624
2026-03-22 08:00:00,-0.001437773
2026-03-22 09:00:00,0.0001598547
2026-03-22 10:00:00,-0.0025461781
2026-03-22 11:00:00,-0.006152067
2026-03-22 12:00:00,0.0063268693
2026-03-22 13:00:00,0.0005678964
2026-03-22 14:00:00,0.0003638666
2026-03-22 15:00:00,0.0018464004
2026-03-22 16:00:00,-0.0004939778
2026-03-22 17:00:00,-0.0017308466
2026-03-22 18:00:00,-0.0011507062
2026-03-22 19:00:00,-0.0063013286
2026-03-22 20:00:00,-0.0001320064
2026-03-22 21:00:00,-0.0042481634
2026-03-22 22:00:00,0.006358178
2026-03-22 23:00:00,-0.0067265157
2026-03-23 00:00:00,-0.0030107169
2026-03-23 01:00:00,0.0038797762
2026-03-23 02:00:00,0.0056964317
2026-03-23 03:00:00,-0.003725437
2026-03-23 04:00:00,0.0067512906
2026-03-23 05:00:00,0.0052551635
2026-03-23 06:00:00,-0.0150528365
2026-03-23 07:00:00,0.0062446481
2026-03-23 08:00:00,0.0026038634
2026-03-23 09:00:00,-0.0019595806
2026-03-23 10:00:00,0.0030984664
2026-03-23 11:00:00,0.0226379029
2026-03-23 12:00:00,0.0088768274
2026-03-23 13:00:00,0.0104092878
2026-03-23 14:00:00,-0.0002519174
2026-03-23 15:00:00,-0.0189058108
2026-03-23 16:00:00,0.0061432767
2026-03-23 17:00:00,0.0074716279
2026-03-23 18:00:00,0.0
2026-03-23 19:00:00,-0.0056020184
2026-03-23 20:00:00,0.0032634292
2026-03-23 21:00:00,-0.0010583878
2026-03-23 22:00:00,-0.0007627334
2026-03-23 23:00:00,0.0015813182
2026-03-24 00:00:00,-0.0029387269
2026-03-24 01:00:00,-0.0025643038
2026-03-24 02:00:00,-0.0007521198
2026-03-24 03:00:00,0.0009648812
2026-03-24 04:00:00,-0.0022575777
2026-03-24 05:00:00,-0.0013228362
2026-03-24 06:00:00,0.0034953147
2026-03-24 07:00:00,0.0109464918
2026-03-24 08:00:00,-0.0044290477
2026-03-24 09:00:00,0.0048498405
2026-03-24 10:00:00,-0.0007435205
2026-03-24 11:00:00,-0.001727662
2026-03-24 12:00:00,-0.0026887224
2026-03-24 13:00:00,-0.0121823879
2026-03-24 14:00:00,-0.0035306178
2026-03-24 15:00:00,0.0003149742
2026-03-24 16:00:00,-0.0059007386
2026-03-24 17:00:00,-0.0034907574
2026-03-24 18:00:00,0.0027993438
2026-03-24 19:00:00,-0.0009947452
2026-03-24 20:00:00,0.0103601105
2026-03-24 21:00:00,0.0035197506
2026-03-24 22:00:00,-0.000170714
2026-03-24 23:00:00,0.0032953171
2026-03-25 00:00:00,0.0044145809
2026-03-25 01:00:00,-0.0025586488
2026-03-25 02:00:00,-0.0022388809
2026-03-25 03:00:00,0.0028756208
2026-03-25 04:00:00,0.0034173101
2026-03-25 05:00:00,0.002126387
2026-03-25 06:00:00,-0.0016472033
2026-03-25 07:00:00,-0.0010009094
2026-03-25 08:00:00,0.0047699877
2026-03-25 09:00:00,0.0013326508
2026-03-25 10:00:00,0.002058608
2026-03-25 11:00:00,0.0025568493
2026-03-25 12:00:00,0.0005998424
2026-03-25 13:00:00,-0.0020660876
2026-03-25 14:00:00,-0.0047345655
2026-03-25 15:00:00,-0.0055474348
2026-03-25 16:00:00,0.0069505303
2026-03-25 17:00:00,-0.0080100095
2026-03-25 18:00:00,0.0004239264
2026-03-25 19:00:00,0.000776732
2026-03-25 20:00:00,0.0020166842
2026-03-25 21:00:00,0.0003521499
2026-03-25 22:00:00,0.0048750773
2026-03-25 23:00:00,-0.0007150218
2026-03-26 00:00:00,-0.0005050293
2026-03-26 01:00:00,-0.000547403
2026-03-26 02:00:00,-0.0047990747
2026-03-26 03:00:00,-0.0002116327
2026-03-26 04:00:00,-0.0017088107
2026-03-26 05:00:00,-0.0111432851
2026-03-26 06:00:00,0.0012998052
2026-03-26 07:00:00,0.0
2026-03-26 08:00:00,-0.0009282599
2026-03-26 09:00:00,-0.0064070166
2026-03-26 10:00:00,-0.0010646411
2026-03-26 11:00:00,-0.003258506
2026-03-26 12:00:00,0.0024376711
2026-03-26 13:00:00,0.0030351656
2026-03-26 14:00:00,-0.0026030633
2026-03-26 15:00:00,-0.0058491945
2026-03-26 16:00:00,-0.0022331472
2026-03-26 17:00:00,-0.0065395408
2026-03-26 18:00:00,0.0002337712
2026-03-26 19:00:00,0.0007155844
2026-03-26 20:00:00,0.0066348748
2026-03-26 21:00:00,-0.0009140437
2026-03-26 22:00:00,-0.0009875253
2026-03-26 23:00:00,-0.0006685852
2026-03-27 00:00:00,-0.0007126807
2026-03-27 01:00:00,0.003819265
2026-03-27 02:00:00,-0.0018134213
2026-03-27 03:00:00,-0.0021513512
2026-03-27 04:00:00,-0.0026519417
2026-03-27 05:00:00,0.0006126111
2026-03-27 06:00:00,0.0004227744
2026-03-27 07:00:00,-0.0019842145
2026-03-27 08:00:00,-0.0085065705
2026-03-27 09:00:00,-0.0034229934
2026-03-27 10:00:00,-0.0179548211
2026-03-27 11:00:00,0.0031549559
2026-03-27 12:00:00,-0.0011856967
2026-03-27 13:00:00,-0.0067657931
2026-03-27 14:00:00,0.0003325775
2026-03-27 15:00:00,-0.0013763794
2026-03-27 16:00:00,-0.0020302114
2026-03-27 17:00:00,-0.0053375633
2026-03-27 18:00:00,0.0031208398
2026-03-27 19:00:00,0.0029747472
2026-03-27 20:00:00,-0.0004244225
2026-03-27 21:00:00,0.001030428
2026-03-27 22:00:00,-0.0007727215
2026-03-27 23:00:00,0.0058035135
2026-03-28 00:00:00,0.000406795
2026-03-28 01:00:00,-0.0039544237
2026-03-28 02:00:00,-0.0017861202
2026-03-28 03:00:00,0.0024966535
2026-03-28 04:00:00,0.0008308346
2026-03-28 05:00:00,0.0011770921
2026-03-28 06:00:00,0.0008291687
2026-03-28 07:00:00,0.0023180214
2026-03-28 08:00:00,-0.0022426765
2026-03-28 09:00:00,-0.0015834361
2026-03-28 10:00:00,-0.001177892
2026-03-28 11:00:00,0.0016003869
2026-03-28 12:00:00,0.001853848
2026-03-28 13:00:00,0.0057057212
2026-03-28 14:00:00,-0.0014383749
2026-03-28 15:00:00,0.004070034
2026-03-28 16:00:00,-0.0012850591
2026-03-28 17:00:00,-0.0011370098
2026-03-28 18:00:00,0.0009725226
2026-03-28 19:00:00,-0.0001196441
2026-03-28 20:00:00,0.0001645069
2026-03-28 21:00:00,-0.0034003193
2026-03-28 22:00:00,0.0007199748
2026-03-28 23:00:00,-0.0055934108
2026-03-29 00:00:00,0.0018227975
2026-03-29 01:00:00,0.0010529959
2026-03-29 02:00:00,0.0034071072
2026-03-29 03:00:00,0.0016618139
2026-03-29 04:00:00,-0.0026362317
2026-03-29 05:00:00,0.0007796102
2026-03-29 06:00:00,-0.0006596306
2026-03-29 07:00:00,-0.0010653224
2026-03-29 08:00:00,0.000960341
2026-03-29 09:00:00,-0.0015159591
2026-03-29 10:00:00,-0.0018191801
2026-03-29 11:00:00,0.0046690822
2026-03-29 12:00:00,0.0003144913
2026-03-29 13:00:00,-0.0040510183
2026-03-29 14:00:00,0.0002555488
2026-03-29 15:00:00,-0.0009624061
2026-03-29 16:00:00,-0.0002557949
2026-03-29 17:00:00,-0.0018074744
2026-03-29 18:00:00,0.000648054
2026-03-29 19:00:00,-0.0012663573
2026-03-29 20:00:00,0.0038844355
2026-03-29 21:00:00,0.0017115836
2026-03-29 22:00:00,-0.0130000396
2026-03-29 23:00:00,0.0023224935
2026-03-30 00:00:00,0.0042212988
2026-03-30 01:00:00,0.0052704615
2026-03-30 02:00:00,0.0070788015
2026-03-30 03:00:00,0.0006261461
2026-03-30 04:00:00,0.0067878436
2026-03-30 05:00:00,-0.0022525536
2026-03-30 06:00:00,-0.0022873788
2026-03-30 07:00:00,0.0045991417
2026-03-30 08:00:00,0.0007546109
2026-03-30 09:00:00,-0.0026362184
2026-03-30 10:00:00,-0.0001779729
2026-03-30 11:00:00,0.0027254431
2026-03-30 12:00:00,0.0035880172
2026-03-30 13:00:00,-0.0056165807
2026-03-30 14:00:00,0.0043777338
2026-03-30 15:00:00,-0.0027486348
2026-03-30 16:00:00,-0.0041520293
2026-03-30 17:00:00,-0.0078617813
2026-03-30 18:00:00,-0.0026994617
2026-03-30 19:00:00,-0.0016231818
2026-03-30 20:00:00,0.0015631109
2026-03-30 21:00:00,0.0025048949
2026-03-30 22:00:00,-0.0003595991
2026-03-30 23:00:00,2.99715e-05
2026-03-31 00:00:00,0.005931632
2026-03-31 01:00:00,0.0113464208
2026-03-31 02:00:00,1.47287e-05
2026-03-31 03:00:00,-0.0037333023
2026-03-31 04:00:00,-0.0023385592
2026-03-31 05:00:00,0.002028053
2026-03-31 06:00:00,-0.002591308
2026-03-31 07:00:00,-0.0022710584
2026-03-31 08:00:00,-0.0083866068
2026-03-31 09:00:00,-0.0101364686
2026-03-31 10:00:00,0.0037774096
2026-03-31 11:00:00,0.0046342354
2026-03-31 12:00:00,-0.0004053902
2026-03-31 13:00:00,0.0094909279
2026-03-31 14:00:00,-0.0103472917
2026-03-31 15:00:00,0.0019370393
2026-03-31 16:00:00,0.0140027016
2026-03-31 17:00:00,-0.0022213675
2026-03-31 18:00:00,0.0049837798
2026-03-31 19:00:00,-0.0001475296
2026-03-31 20:00:00,0.0061189259
2026-03-31 21:00:00,0.000322557
2026-03-31 22:00:00,-0.0015550962
2026-03-31 23:00:00,0.0015404368
2026-04-01 00:00:00,0.0005422557
2026-04-01 01:00:00,-0.00766276
2026-04-01 02:00:00,-0.0018620328
2026-04-01 03:00:00,0.0074127357
2026-04-01 04:00:00,0.0018922592
2026-04-01 05:00:00,0.0024443627
2026-04-01 06:00:00,0.0097760453
2026-04-01 07:00:00,-0.0062881872
2026-04-01 08:00:00,-2.91367e-05
2026-04-01 09:00:00,-0.0002185522
2026-04-01 10:00:00,-0.0008163504
2026-04-01 11:00:00,0.001763065
2026-04-01 12:00:00,-0.0049766231
2026-04-01 13:00:00,-0.0038112037
2026-04-01 14:00:00,0.0069372561
2026-04-01 15:00:00,0.0050191779
2026-04-01 16:00:00,-0.0016266542
2026-04-01 17:00:00,-0.008055968
2026-04-01 18:00:00,-0.0026116571
2026-04-01 19:00:00,0.0012920088
2026-04-01 20:00:00,0.0003080737
2026-04-01 21:00:00,0.0027976553
2026-04-01 22:00:00,-0.0035900368
2026-04-01 23:00:00,-0.000293634
2026-04-02 00:00:00,0.0071693286
2026-04-02 01:00:00,-0.0182878549
2026-04-02 02:00:00,-0.0073918758
2026-04-02 03:00:00,-0.0041670474
2026-04-02 04:00:00,-0.0035813208
2026-04-02 05:00:00,0.0038216224
2026-04-02 06:00:00,0.0012306401
2026-04-02 07:00:00,0.0036978028
2026-04-02 08:00:00,-0.0074695492
2026-04-02 09:00:00,0.0004515556
2026-04-02 10:00:00,-9.02948e-05
2026-04-02 11:00:00,-0.0033466527
2026-04-02 12:00:00,-0.0029186063
2026-04-02 13:00:00,0.0034016981
2026-04-02 14:00:00,0.0090299833
2026-04-02 15:00:00,-0.0004488196
2026-04-02 16:00:00,0.0037936539
2026-04-02 17:00:00,-0.0061157697
2026-04-02 18:00:00,0.0044746152
2026-04-02 19:00:00,-0.0001194618
2026-04-02 20:00:00,-0.0003584711
2026-04-02 21:00:00,-0.0001045783
2026-04-02 22:00:00,0.0008960306
2026-04-02 23:00:00,-0.0015237301
2026-04-03 00:00:00,-0.0017806246
2026-04-03 01:00:00,-0.0023991255
2026-04-03 02:00:00,-0.0012768804
2026-04-03 03:00:00,0.0008414221
2026-04-03 04:00:00,0.0005555514
2026-04-03 05:00:00,-0.0003002597
2026-04-03 06:00:00,0.0028039153
2026-04-03 07:00:00,0.0036617212
2026-04-03 08:00:00,-0.0009701711
2026-04-03 09:00:00,-0.0016439752
2026-04-03 10:00:00,0.0003888199
2026-04-03 11:00:00,0.0021358115
2026-04-03 12:00:00,-0.0045609261
2026-04-03 13:00:00,-0.0007496814
2026-04-03 14:00:00,0.0042507398
2026-04-03 15:00:00,-0.0019135901
2026-04-03 16:00:00,0.0027197889
2026-04-03 17:00:00,-0.0024504689
2026-04-03 18:00:00,-0.0004339401
2026-04-03 19:00:00,0.0008228298
2026-04-03 20:00:00,-0.0005983545
2026-04-03 21:00:00,0.0020478792
2026-04-03 22:00:00,-0.0011056329
2026-04-03 23:00:00,0.0007621211
2026-04-04 00:00:00,-0.0007621211
2026-04-04 01:00:00,-0.0007178214
2026-04-04 02:00:00,-0.0003441388
2026-04-04 03:00:00,0.0001346771
2026-04-04 04:00:00,0.0004188795
2026-04-04 05:00:00,0.0005383017
2026-04-04 06:00:00,0.0019712974
2026-04-04 07:00:00,-0.0003432042
2026-04-04 08:00:00,-0.0012096143
2026-04-04 09:00:00,0.0007468483
2026-04-04 10:00:00,0.0028329476
2026-04-04 11:00:00,-0.0005212561
2026-04-04 12:00:00,-0.0005513378
2026-04-04 13:00:00,0.0015638151
2026-04-04 14:00:00,0.0001190476
2026-04-04 15:00:00,0.0025115746
2026-04-04 16:00:00,-0.0003414413
2026-04-04 17:00:00,-0.000222742
2026-04-04 18:00:00,-0.0007428317
2026-04-04 19:00:00,-0.0002229572
2026-04-04 20:00:00,-0.0002230069
2026-04-04 21:00:00,0.0013669933
2026-04-04 22:00:00,0.0006234414
2026-04-04 23:00:00,-0.0014701627
2026-04-05 00:00:00,-0.001516977
2026-04-05 01:00:00,-0.0013851346
2026-04-05 02:00:00,0.0009980858
2026-04-05 03:00:00,-0.000640448
2026-04-05 04:00:00,-0.0005663189
2026-04-05 05:00:00,-0.0025524116
2026-04-05 06:00:00,-0.0017950641
2026-04-05 07:00:00,0.0003293364
2026-04-05 08:00:00,0.001719768
2026-04-05 09:00:00,0.0013140018
2026-04-05 10:00:00,0.0002983961
2026-04-05 11:00:00,-0.0008357336
2026-04-05 12:00:00,-0.0030653542
2026-04-05 13:00:00,0.0016011376
2026-04-05 14:00:00,0.0003438353
2026-04-05 15:00:00,0.0056339857
2026-04-05 16:00:00,-0.0013683148
2026-04-05 17:00:00,0.0022299868
2026-04-05 18:00:00,0.0004602445
2026-04-05 19:00:00,-0.0005642
2026-04-05 20:00:00,0.0043716402
2026-04-05 21:00:00,-0.0016130587
2026-04-05 22:00:00,0.0118081466
2026-04-05 23:00:00,0.0098748254
2026-04-06 00:00:00,0.0008547195
2026-04-06 01:00:00,-0.0039464954
2026-04-06 02:00:00,0.0058272013
2026-04-06 03:00:00,-0.0012727064
2026-04-06 04:00:00,0.0001736463
2026-04-06 05:00:00,0.0010267906
2026-04-06 06:00:00,-0.0032720458
2026-04-06 07:00:00,0.0020860805
2026-04-06 08:00:00,0.0019517561
2026-04-06 09:00:00,0.0070810002
2026-04-06 10:00:00,0.0005304926
2026-04-06 11:00:00,-0.0020949328
2026-04-06 12:00:00,-0.0039146316
2026-04-06 13:00:00,0.0007927985
2026-04-06 14:00:00,0.0036962239
2026-04-06 15:00:00,0.0043260345
2026-04-06 16:00:00,-0.0023325879
2026-04-06 17:00:00,-0.0031281863
2026-04-06 18:00:00,0.0045598668
2026-04-06 19:00:00,-0.0020909424
2026-04-06 20:00:00,0.0012464989
2026-04-06 21:00:00,-0.004578112
2026-04-06 22:00:00,-0.01010555
2026-04-06 23:00:00,0.0005229594
2026-04-07 00:00:00,-0.000871751
2026-04-07 01:00:00,-0.0057288369
2026-04-07 02:00:00,0.00375005
2026-04-07 03:00:00,0.0016734944
2026-04-07 04:00:00,0.0010899025
2026-04-07 05:00:00,-0.0028070908
2026-04-07 06:00:00,-0.0011950393
2026-04-07 07:00:00,0.000655991
2026-04-07 08:00:00,0.0045944337
2026-04-07 09:00:00,0.0031283971
2026-04-07 10:00:00,-0.0135543476
2026-04-07 11:00:00,0.0017135204
2026-04-07 12:00:00,0.0005558969
2026-04-07 13:00:00,-0.002064226
2026-04-07 14:00:00,-0.0056286843
2026-04-07 15:00:00,0.0043969043
2026-04-07 16:00:00,0.0010265887
2026-04-07 17:00:00,0.0068656506
2026-04-07 18:00:00,-0.003762967
2026-04-07 19:00:00,0.0083381716
2026-04-07 20:00:00,0.0045687927
2026-04-07 21:00:00,0.00851778
2026-04-07 22:00:00,0.0224588707
2026-04-07 23:00:00,0.0060790461
2026-04-08 00:00:00,-0.0033974802
2026-04-08 01:00:00,-0.0031991533
2026-04-08 02:00:00,-0.0015403577
2026-04-08 03:00:00,-0.0009113279
2026-04-08 04:00:00,0.0038359817
2026-04-08 05:00:00,0.0021634909
2026-04-08 06:00:00,-2.78862e-05
2026-04-08 07:00:00,-0.0011440053
2026-04-08 08:00:00,0.0023006306
2026-04-08 09:00:00,-0.0016866114
2026-04-08 10:00:00,-0.0026821278
2026-04-08 11:00:00,0.0028076762
2026-04-08 12:00:00,0.0054392188
2026-04-08 13:00:00,-0.0066395483
2026-04-08 14:00:00,-0.0099087139
2026-04-08 15:00:00,0.0056961779
2026-04-08 16:00:00,0.0042125361
2026-04-08 17:00:00,0.0041531424
2026-04-08 18:00:00,-0.0112870699
2026-04-08 19:00:00,0.0032158658
2026-04-08 20:00:00,0.0008128601
2026-04-08 21:00:00,0.0023507693
2026-04-08 22:00:00,-0.006492027
2026-04-08 23:00:00,0.0003234949
2026-04-09 00:00:00,-0.004199496
2026-04-09 01:00:00,0.0015804033
2026-04-09 02:00:00,0.0016905222
2026-04-09 03:00:00,-0.0007744679
2026-04-09 04:00:00,-0.0029202044
2026-04-09 05:00:00,0.0029202044
2026-04-09 06:00:00,0.0006618553
2026-04-09 07:00:00,-0.0006759421
2026-04-09 08:00:00,0.0038944746
2026-04-09 09:00:00,0.0039212991
2026-04-09 10:00:00,-0.0035845845
2026-04-09 11:00:00,-0.001825228
2026-04-09 12:00:00,0.0017971727
2026-04-09 13:00:00,-0.0067702397
2026-04-09 14:00:00,0.0046357372
2026-04-09 15:00:00,0.0139737461
2026-04-09 16:00:00,-0.0006240163
2026-04-09 17:00:00,0.0036138862
2026-04-09 18:00:00,-0.0062807397
2026-04-09 19:00:00,0.0031106384
2026-04-09 20:00:00,0.0042890018
2026-04-09 21:00:00,-0.0022944032
2026-04-09 22:00:00,-0.0042154954
2026-04-09 23:00:00,-0.002100505
2026-04-10 00:00:00,0.0019754329
2026-04-10 01:00:00,0.0030528443
2026-04-10 02:00:00,-0.0030806402
2026-04-10 03:00:00,-0.0009733443
2026-04-10 04:00:00,0.0034718882
2026-04-10 05:00:00,0.0
2026-04-10 06:00:00,-0.0042373239
2026-04-10 07:00:00,-0.0047168582
2026-04-10 08:00:00,0.0017888842
2026-04-10 09:00:00,0.0024405733
2026-04-10 10:00:00,0.0017952452
2026-04-10 11:00:00,0.0031374099
2026-04-10 12:00:00,0.0016618891
2026-04-10 13:00:00,0.0010925713
2026-04-10 14:00:00,0.0085060041
2026-04-10 15:00:00,-0.006724494
2026-04-10 16:00:00,0.0070396683
2026-04-10 17:00:00,0.0022717951
2026-04-10 18:00:00,-4.10108e-05
2026-04-10 19:00:00,0.0019120465
2026-04-10 20:00:00,0.0014180145
2026-04-10 21:00:00,-0.0023326091
2026-04-10 22:00:00,-0.0043660721
2026-04-10 23:00:00,0.0010419238
2026-04-11 00:00:00,-0.0017691716
2026-04-11 01:00:00,0.0017280636
2026-04-11 02:00:00,0.0001096176
2026-04-11 03:00:00,-0.0011104334
2026-04-11 04:00:00,-0.0008507953
2026-04-11 05:00:00,-0.0011675906
2026-04-11 06:00:00,0.00060457
2026-04-11 07:00:00,-0.0006183145
2026-04-11 08:00:00,-0.0006049441
2026-04-11 09:00:00,0.0032267172
2026-04-11 10:00:00,-0.0009600615
2026-04-11 11:00:00,0.000795545
2026-04-11 12:00:00,0.0003975353
2026-04-11 13:00:00,-0.0036247843
2026-04-11 14:00:00,0.0003850703
2026-04-11 15:00:00,0.002307313
2026-04-11 16:00:00,0.0024114886
2026-04-11 17:00:00,0.0007113738
2026-04-11 18:00:00,0.0062030287
2026-04-11 19:00:00,0.0017381154
2026-04-11 20:00:00,-0.0049779767
2026-04-11 21:00:00,0.0017029165
2026-04-11 22:00:00,-0.000748926
2026-04-11 23:00:00,-0.0046422169
2026-04-12 00:00:00,0.0003420745
2026-04-12 01:00:00,-0.0195897792
2026-04-12 02:00:00,0.0015473945
2026-04-12 03:00:00,-0.0021753993
2026-04-12 04:00:00,-0.0017465301
2026-04-12 05:00:00,0.0033088342
2026-04-12 06:00:00,-0.0008087457
2026-04-12 07:00:00,0.0005578256
2026-04-12 08:00:00,-0.0008926704
2026-04-12 09:00:00,-0.0013265287
2026-04-12 10:00:00,-0.0011464204
2026-04-12 11:00:00,0.0002098093
2026-04-12 12:00:00,-0.0054553367
2026-04-12 13:00:00,-0.0027600209
2026-04-12 14:00:00,-0.0020608959
2026-04-12 15:00:00,0.002074997
2026-04-12 16:00:00,0.0005638806
2026-04-12 17:00:00,0.0029973215
2026-04-12 18:00:00,0.0
2026-04-12 19:00:00,-0.000730912
2026-04-12 20:00:00,0.0035091203
2026-04-12 21:00:00,0.0003502357
2026-04-12 22:00:00,-0.0066473441
2026-04-12 23:00:00,-0.0024564834
2026-04-13 00:00:00,0.0062844547
2026-04-13 01:00:00,0.000505547
2026-04-13 02:00:00,-0.0019393196
2026-04-13 03:00:00,-0.0011400504
2026-04-13 04:00:00,-0.001225948
2026-04-13 05:00:00,-0.0006629196
2026-04-13 06:00:00,0.0024660925
2026-04-13 07:00:00,-0.0028612323
2026-04-13 08:00:00,-0.0020063305
2026-04-13 09:00:00,0.0012579596
2026-04-13 10:00:00,-0.0005369128
2026-04-13 11:00:00,0.0026675904
2026-04-13 12:00:00,0.0021824078
2026-04-13 13:00:00,0.0081802339
2026-04-13 14:00:00,0.0108223161
2026-04-13 15:00:00,-0.0075494011
2026-04-13 16:00:00,0.0045918413
2026-04-13 17:00:00,-0.0007892387
2026-04-13 18:00:00,0.0038019968
2026-04-13 19:00:00,0.0127924744
2026-04-13 20:00:00,-0.0025372415
2026-04-13 21:00:00,-9.56134e-05
2026-04-13 22:00:00,0.0196531628
2026-04-13 23:00:00,-0.0028704046
2026-04-14 00:00:00,-0.0034446138
2026-04-14 01:00:00,0.003108748
2026-04-14 02:00:00,-0.0007258553
2026-04-14 03:00:00,0.001451184
2026-04-14 04:00:00,-0.0007387658
2026-04-14 05:00:00,-0.0025293648
2026-04-14 06:00:00,0.0045563064
2026-04-14 07:00:00,-0.0001609313
2026-04-14 08:00:00,0.0030933865
2026-04-14 09:00:00,-0.0033884944
2026-04-14 10:00:00,-0.0017724787
2026-04-14 11:00:00,6.71966e-05
2026-04-14 12:00:00,0.0008865725
2026-04-14 13:00:00,0.0149791577
2026-04-14 14:00:00,-0.0069552571
2026-04-14 15:00:00,0.0038685282
2026-04-14 16:00:00,-0.0088223715
2026-04-14 17:00:00,0.0012574748
2026-04-14 18:00:00,-0.0087547891
2026-04-14 19:00:00,0.0020478559
2026-04-14 20:00:00,-0.0021152908
2026-04-14 21:00:00,0.0021422084
2026-04-14 22:00:00,-0.0031272772
2026-04-14 23:00:00,0.0015379015
2026-04-15 00:00:00,0.0057662613
2026-04-15 01:00:00,0.000509165
2026-04-15 02:00:00,-0.0038923089
2026-04-15 03:00:00,0.0002420331
2026-04-15 04:00:00,1.34446e-05
2026-04-15 05:00:00,-0.0043655247
2026-04-15 06:00:00,-0.001689338
2026-04-15 07:00:00,-0.0022343049
2026-04-15 08:00:00,0.0051112274
2026-04-15 09:00:00,-0.0013901544
2026-04-15 10:00:00,-0.0020550267
2026-04-15 11:00:00,0.0042945183
2026-04-15 12:00:00,0.0013197589
2026-04-15 13:00:00,-0.003086651
2026-04-15 14:00:00,0.0012007476
2026-04-15 15:00:00,-0.004053238
2026-04-15 16:00:00,0.0010824708
2026-04-15 17:00:00,0.0026066477
2026-04-15 18:00:00,0.0037830642
2026-04-15 19:00:00,0.0080301292
2026-04-15 20:00:00,-0.0019080028
2026-04-15 21:00:00,-0.0013765547
2026-04-15 22:00:00,0.0028179002
2026-04-15 23:00:00,-0.0022162597
2026-04-16 00:00:00,0.0001202847
2026-04-16 01:00:00,-0.0021137697
2026-04-16 02:00:00,0.0031556313
2026-04-16 03:00:00,-0.0001335113
2026-04-16 04:00:00,0.0010009009
2026-04-16 05:00:00,0.0011331446
2026-04-16 06:00:00,1.33235e-05
2026-04-16 07:00:00,-0.0045268584
2026-04-16 08:00:00,-0.000455154
2026-04-16 09:00:00,-0.0007367174
2026-04-16 10:00:00,-0.0040549487
2026-04-16 11:00:00,0.0034919988
2026-04-16 12:00:00,0.0006835408
2026-04-16 13:00:00,-0.0113724866
2026-04-16 14:00:00,0.0025984938
2026-04-16 15:00:00,0.009858657
2026-04-16 16:00:00,-0.0069433998
2026-04-16 17:00:00,0.0018446339
2026-04-16 18:00:00,0.0095189724
2026-04-16 19:00:00,0.0043609552
2026-04-16 20:00:00,-0.0018324752
2026-04-16 21:00:00,-0.003848489
2026-04-16 22:00:00,-0.0008142073
2026-04-16 23:00:00,0.0038516177
2026-04-17 00:00:00,-0.0027839402
2026-04-17 01:00:00,-0.0026178375
2026-04-17 02:00:00,-0.0008161354
2026-04-17 03:00:00,-0.000977563
2026-04-17 04:00:00,0.0021948323
2026-04-17 05:00:00,-0.0016858447
2026-04-17 06:00:00,0.0037291282
2026-04-17 07:00:00,0.0018527039
2026-04-17 08:00:00,0.0091068188
2026-04-17 09:00:00,0.0002506877
2026-04-17 10:00:00,-0.0063790582
2026-04-17 11:00:00,0.0040280427
2026-04-17 12:00:00,0.0087551823
2026-04-17 13:00:00,0.013863709
2026-04-17 14:00:00,0.0082653611
2026-04-17 15:00:00,-0.0020792163
2026-04-17 16:00:00,0.0009503019
2026-04-17 17:00:00,-0.0044381911
2026-04-17 18:00:00,-0.0045356826
2026-04-17 19:00:00,0.0031035444
2026-04-17 20:00:00,-0.0009171291
2026-04-17 21:00:00,0.0013818311
2026-04-17 22:00:00,-0.0020023389
2026-04-17 23:00:00,-0.0029008049
2026-04-18 00:00:00,0.0011276516
2026-04-18 01:00:00,0.0007251726
2026-04-18 02:00:00,0.0009833224
2026-04-18 03:00:00,-0.003770338
2026-04-18 04:00:00,0.001608343
2026-04-18 05:00:00,0.0001036753
2026-04-18 06:00:00,0.0001036645
2026-04-18 07:00:00,-0.0020493671
2026-04-18 08:00:00,-0.0031600944
2026-04-18 09:00:00,-0.0018773717
2026-04-18 10:00:00,-0.005482764
2026-04-18 11:00:00,-0.0017992348
2026-04-18 12:00:00,0.0021272134
2026-04-18 13:00:00,-0.0011024347
2026-04-18 14:00:00,0.0017056343
2026-04-18 15:00:00,-0.0011805138
2026-04-18 16:00:00,-0.0029442326
2026-04-18 17:00:00,-0.0011590387
2026-04-18 18:00:00,-0.0026788264
2026-04-18 19:00:00,0.0001981886
2026-04-18 20:00:00,0.001214698
2026-04-18 21:00:00,0.0008705057
2026-04-18 22:00:00,0.0001054644
2026-04-18 23:00:00,-0.0016095415
2026-04-19 00:00:00,-0.0002508996
2026-04-19 01:00:00,-0.0008588171
2026-04-19 02:00:00,-0.0014683028
2026-04-19 03:00:00,0.0001323679
2026-04-19 04:00:00,0.0019702095
2026-04-19 05:00:00,-0.00149383
2026-04-19 06:00:00,-0.0021454973
2026-04-19 07:00:00,-0.0016851887
2026-04-19 08:00:00,-0.0001328127
2026-04-19 09:00:00,-0.0032327829
2026-04-19 10:00:00,0.0028342389
2026-04-19 11:00:00,0.0050100836
2026-04-19 12:00:00,-0.0004628436
2026-04-19 13:00:00,0.0046188239
2026-04-19 14:00:00,0.0014866761
2026-04-19 15:00:00,-0.0025009885
2026-04-19 16:00:00,-0.0061606181
2026-04-19 17:00:00,-0.0079616983
2026-04-19 18:00:00,2.67337e-05
2026-04-19 19:00:00,0.0025497788
2026-04-19 20:00:00,-0.004583578
2026-04-19 21:00:00,-0.0025480796
2026-04-19 22:00:00,-0.0056692471
2026-04-19 23:00:00,-0.0030431131
2026-04-20 00:00:00,0.0066692115
2026-04-20 01:00:00,0.0040285274
2026-04-20 02:00:00,-0.0023077037
2026-04-20 03:00:00,0.0029105854
2026-04-20 04:00:00,-0.0008441363
2026-04-20 05:00:00,-0.0040564193
2026-04-20 06:00:00,0.0070545611
2026-04-20 07:00:00,0.0002806155
2026-04-20 08:00:00,-0.0011229347
2026-04-20 09:00:00,0.0043909769
2026-04-20 10:00:00,-0.0004795333
2026-04-20 11:00:00,0.0022757378
2026-04-20 12:00:00,0.0013284449
2026-04-20 13:00:00,-0.0001593202
2026-04-20 14:00:00,-0.0033116356
2026-04-20 15:00:00,0.0091368434
2026-04-20 16:00:00,-0.0051217348
2026-04-20 17:00:00,0.0074555197
2026-04-20 18:00:00,0.0066941683
2026-04-20 19:00:00,-0.0015317648
2026-04-20 20:00:00,-5.24095e-05
2026-04-20 21:00:00,-0.0043595941
2026-04-20 22:00:00,0.0001973801
2026-04-20 23:00:00,-0.0017514638
2026-04-21 00:00:00,0.0033291038
2026-04-21 01:00:00,-0.0022093934
2026-04-21 02:00:00,-0.0043276974
2026-04-21 03:00:00,0.0016250821
2026-04-21 04:00:00,0.0012269697
2026-04-21 05:00:00,1.3185e-05
2026-04-21 06:00:00,0.0023573269
2026-04-21 07:00:00,0.0013539362
2026-04-21 08:00:00,0.0054366827
2026-04-21 09:00:00,-0.0019223859
2026-04-21 10:00:00,0.0050400305
2026-04-21 11:00:00,-0.0039802995
2026-04-21 12:00:00,-0.0056780708
2026-04-21 13:00:00,-0.0015793217
2026-04-21 14:00:00,-0.0030868701
2026-04-21 15:00:00,0.0020194161
2026-04-21 16:00:00,-0.0005275583
2026-04-21 17:00:00,-0.0030918052
2026-04-21 18:00:00,0.0007143424
2026-04-21 19:00:00,-0.0077926782
2026-04-21 20:00:00,0.0092462437
2026-04-21 21:00:00,-0.0021546747
2026-04-21 22:00:00,0.0012563563
2026-04-21 23:00:00,0.0089732721
2026-04-22 00:00:00,0.0004190621
2026-04-22 01:00:00,-0.0007072692
2026-04-22 02:00:00,0.0168765576
2026-04-22 03:00:00,-0.0009151077
2026-04-22 04:00:00,-0.0003482186
2026-04-22 05:00:00,0.0059930475
2026-04-22 06:00:00,0.0002179529
2026-04-22 07:00:00,1.28193e-05
2026-04-22 08:00:00,6.40939e-05
2026-04-22 09:00:00,0.0002563347
2026-04-22 10:00:00,0.0018692551
2026-04-22 11:00:00,0.0016359295
2026-04-22 12:00:00,-0.0004853873
2026-04-22 13:00:00,0.0076366368
2026-04-22 14:00:00,0.0027349752
2026-04-22 15:00:00,0.0030805382
2026-04-22 16:00:00,-0.0070461579
2026-04-22 17:00:00,0.0020291185
2026-04-22 18:00:00,0.0016076869
2026-04-22 19:00:00,-0.0023047321
2026-04-22 20:00:00,-0.0054027043
2026-04-22 21:00:00,0.0042864204
2026-04-22 22:00:00,-0.0017657637
2026-04-22 23:00:00,-0.0056356854
2026-04-23 00:00:00,0.0029493085
2026-04-23 01:00:00,-0.0007652183
2026-04-23 02:00:00,-0.0052190716
2026-04-23 03:00:00,-0.002632645
2026-04-23 04:00:00,0.0024787298
2026-04-23 05:00:00,0.0011281619
2026-04-23 06:00:00,0.0024825975
2026-04-23 07:00:00,-0.0023288558
2026-04-23 08:00:00,-0.0020261612
2026-04-23 09:00:00,-0.0029697073
2026-04-23 10:00:00,-0.0031206101
2026-04-23 11:00:00,0.0042272462
2026-04-23 12:00:00,0.0017218564
2026-04-23 13:00:00,-0.004284425
2026-04-23 14:00:00,0.0085505721
2026-04-23 15:00:00,0.0023367331
2026-04-23 16:00:00,-0.0034495569
2026-04-23 17:00:00,-0.0044123
2026-04-23 18:00:00,-0.0012090811
2026-04-23 19:00:00,0.0004503606
2026-04-23 20:00:00,0.0023257767
2026-04-23 21:00:00,-0.0002310506
2026-04-23 22:00:00,0.0045597845
2026-04-23 23:00:00,0.0002172232
2026-04-24 00:00:00,0.0017743515
2026-04-24 01:00:00,0.0006119951
2026-04-24 02:00:00,-0.0037671562
2026-04-24 03:00:00,-0.0051179219
2026-04-24 04:00:00,-0.0008619747
2026-04-24 05:00:00,0.0035973573
2026-04-24 06:00:00,-0.0021311568
2026-04-24 07:00:00,-0.0017751484
2026-04-24 08:00:00,0.0017108864
2026-04-24 09:00:00,-0.0032828491
2026-04-24 10:00:00,0.002935763
2026-04-24 11:00:00,0.0061397461
2026-04-24 12:00:00,0.0003194133
2026-04-24 13:00:00,-0.0021740251
2026-04-24 14:00:00,-0.0005122229
2026-04-24 15:00:00,5.12341e-05
2026-04-24 16:00:00,-0.0034513541
2026-04-24 17:00:00,-0.0014405147
2026-04-24 18:00:00,-0.0010559799
2026-04-24 19:00:00,0.000399343
2026-04-24 20:00:00,0.0014028768
2026-04-24 21:00:00,-0.0022146122
2026-04-24 22:00:00,-0.0028656644
2026-04-24 23:00:00,0.0013951328
2026-04-25 00:00:00,2.58174e-05
2026-04-25 01:00:00,0.0013931531
2026-04-25 02:00:00,0.0007344935
2026-04-25 03:00:00,0.000669594
2026-04-25 04:00:00,-0.0003476179
2026-04-25 05:00:00,-0.0014690535
2026-04-25 06:00:00,2.57915e-05
2026-04-25 07:00:00,-0.0001934523
2026-04-25 08:00:00,0.0018169757
2026-04-25 09:00:00,0.0009265456
2026-04-25 10:00:00,0.0008871347
2026-04-25 11:00:00,-0.0015176071
2026-04-25 12:00:00,-0.0013910179
2026-04-25 13:00:00,0.0017256037
2026-04-25 14:00:00,-0.0004633026
2026-04-25 15:00:00,-0.0041535584
2026-04-25 16:00:00,0.0008785871
2026-04-25 17:00:00,-0.0020814353
2026-04-25 18:00:00,0.0006210055
2026-04-25 19:00:00,0.0003620752
2026-04-25 20:00:00,0.0019890737
2026-04-25 21:00:00,0.0006062678
2026-04-25 22:00:00,0.0003996777
2026-04-25 23:00:00,0.0007859964
2026-04-26 00:00:00,-0.00140492
2026-04-26 01:00:00,-0.0006193069
2026-04-26 02:00:00,0.0006966933
2026-04-26 03:00:00,-0.0013034699
2026-04-26 04:00:00,0.0045868685
2026-04-26 05:00:00,0.0026702628
2026-04-26 06:00:00,0.0001153794
2026-04-26 07:00:00,0.0014731222
2026-04-26 08:00:00,-0.000806746
2026-04-26 09:00:00,-0.0004997405
2026-04-26 10:00:00,-0.0001538166
2026-04-26 11:00:00,0.0015243027
2026-04-26 12:00:00,-0.0036159912
2026-04-26 13:00:00,0.0017711613
2026-04-26 14:00:00,0.0015888069
2026-04-26 15:00:00,-0.0005378616
2026-04-26 16:00:00,-0.0013972301
2026-04-26 17:00:00,0.001076937
2026-04-26 18:00:00,0.0034026691
2026-04-26 19:00:00,-0.0007026105
2026-04-26 20:00:00,-0.0003067485
2026-04-26 21:00:00,0.0026171174
2026-04-26 22:00:00,-0.0010970788
2026-04-26 23:00:00,0.0039870887
2026-04-27 00:00:00,0.0077249798
2026-04-27 01:00:00,0.0003909921
2026-04-27 02:00:00,-0.0017038252
2026-04-27 03:00:00,-0.0005306716
2026-04-27 04:00:00,-0.0022015015
2026-04-27 05:00:00,-0.0145833393
2026-04-27 06:00:00,-0.0007842986
2026-04-27 07:00:00,-0.0014931524
2026-04-27 08:00:00,0.0023674132
2026-04-27 09:00:00,0.0011944441
2026-04-27 10:00:00,-0.0005520925
2026-04-27 11:00:00,-3.85295e-05
2026-04-27 12:00:00,-0.0025848614
2026-04-27 13:00:00,0.0012482549
2026-04-27 14:00:00,0.0007070818
2026-04-27 15:00:00,-0.0131951929
2026-04-27 16:00:00,-0.0023859047
2026-04-27 17:00:00,0.0015000035
2026-04-27 18:00:00,0.0015628259
2026-04-27 19:00:00,6.50648e-05
2026-04-27 20:00:00,0.0014563425
2026-04-27 21:00:00,-0.0022504221
2026-04-27 22:00:00,0.0036657218
2026-04-27 23:00:00,0.0039237827
2026-04-28 00:00:00,0.0001938473
2026-04-28 01:00:00,-0.0039230207
2026-04-28 02:00:00,-0.0025718976
2026-04-28 03:00:00,-0.0009368779
2026-04-28 04:00:00,0.0009238717
2026-04-28 05:00:00,0.0001040447
2026-04-28 06:00:00,-0.0024739918
2026-04-28 07:00:00,0.0022268679
2026-04-28 08:00:00,-0.0004293605
2026-04-28 09:00:00,-0.0032979024
2026-04-28 10:00:00,0.0003263644
2026-04-28 11:00:00,-0.0054708598
2026-04-28 12:00:00,0.0020321613
2026-04-28 13:00:00,-0.0020846589
2026-04-28 14:00:00,-0.0033655901
2026-04-28 15:00:00,0.0016053269
2026-04-28 16:00:00,0.0006571771
2026-04-28 17:00:00,0.000853685
2026-04-28 18:00:00,0.0006824237
2026-04-28 19:00:00,0.0010882892
2026-04-28 20:00:00,0.0020030248
2026-04-28 21:00:00,-0.0014789707
2026-04-28 22:00:00,-0.0016779407
2026-04-28 23:00:00,0.0013504391
2026-04-29 00:00:00,0.0024471167
2026-04-29 01:00:00,0.0004312232
2026-04-29 02:00:00,-0.0004442935
2026-04-29 03:00:00,0.0061372669
2026-04-29 04:00:00,0.0038248402
2026-04-29 05:00:00,5.17618e-05
2026-04-29 06:00:00,-0.003538909
2026-04-29 07:00:00,0.0005063258
2026-04-29 08:00:00,-0.0002076924
2026-04-29 09:00:00,0.0079651817
2026-04-29 10:00:00,-0.0003735645
2026-04-29 11:00:00,-0.0003608154
2026-04-29 12:00:00,-0.0058815715
2026-04-29 13:00:00,-0.0047693708
2026-04-29 14:00:00,-0.0026479025
2026-04-29 15:00:00,-0.0089212509
2026-04-29 16:00:00,-0.0016222315
2026-04-29 17:00:00,0.0050427024
2026-04-29 18:00:00,-0.008692438
2026-04-29 19:00:00,0.0006224547
2026-04-29 20:00:00,0.0015346151
2026-04-29 21:00:00,0.0034179495
2026-04-29 22:00:00,3.95218e-05
2026-04-29 23:00:00,-0.0021628188
2026-04-30 00:00:00,0.0063826504
2026-04-30 01:00:00,-0.0005248655
2026-04-30 02:00:00,-0.0067030823
2026-04-30 03:00:00,0.0031266722
2026-04-30 04:00:00,-0.0059318345
2026-04-30 05:00:00,0.0015358749
2026-04-30 06:00:00,0.0018769171
2026-04-30 07:00:00,0.004952918
2026-04-30 08:00:00,-0.0009202293
2026-04-30 09:00:00,0.0007756779
2026-04-30 10:00:00,-0.0010913802
2026-04-30 11:00:00,0.0004077633
2026-04-30 12:00:00,0.0032561344
2026-04-30 13:00:00,0.0014146868
2026-04-30 14:00:00,-0.001467121
2026-04-30 15:00:00,0.0021998752
2026-04-30 16:00:00,-0.0029080069
2026-04-30 17:00:00,6.55888e-05
2026-04-30 18:00:00,0.0010750434
2026-04-30 19:00:00,0.0009298976
2026-04-30 20:00:00,0.0009290337
2026-04-30 21:00:00,-0.002947092
2026-04-30 22:00:00,-0.0003804801
2026-04-30 23:00:00,0.001376914
2026-05-01 00:00:00,0.0012703237
2026-05-01 01:00:00,0.0031883365
2026-05-01 02:00:00,-0.0011356592
2026-05-01 03:00:00,0.0069503475
2026-05-01 04:00:00,-0.001116086
2026-05-01 05:00:00,0.0016995885
2026-05-01 06:00:00,-0.0020112768
2026-05-01 07:00:00,0.0015963767
2026-05-01 08:00:00,0.0032239089
2026-05-01 09:00:00,-0.0013841012
2026-05-01 10:00:00,0.0004788311
2026-05-01 11:00:00,0.0020938085
2026-05-01 12:00:00,0.0055878295
2026-05-01 13:00:00,0.0106637368
2026-05-01 14:00:00,-0.0045836013
2026-05-01 15:00:00,0.0011733648
2026-05-01 16:00:00,-0.0031277753
2026-05-01 17:00:00,0.0044525318
2026-05-01 18:00:00,-0.0016689709
2026-05-01 19:00:00,-0.0007781059
2026-05-01 20:00:00,-0.0062852632
2026-05-01 21:00:00,0.0041391477
2026-05-01 22:00:00,-0.0006524117
2026-05-01 23:00:00,0.0010998991
2026-05-02 00:00:00,0.0013157308
2026-05-02 01:00:00,8.93558e-05
2026-05-02 02:00:00,0.0002169737
2026-05-02 03:00:00,0.0007271568
2026-05-02 04:00:00,-0.0030780848
2026-05-02 05:00:00,0.0001407
2026-05-02 06:00:00,0.001840068
2026-05-02 07:00:00,-0.0015075829
2026-05-02 08:00:00,0.0012394505
2026-05-02 09:00:00,-0.0002171123
2026-05-02 10:00:00,-0.0004471444
2026-05-02 11:00:00,-0.0015217881
2026-05-02 12:00:00,0.0008443029
2026-05-02 13:00:00,0.0020438411
2026-05-02 14:00:00,0.0007271104
2026-05-02 15:00:00,0.0008030337
2026-05-02 16:00:00,-0.0004078096
2026-05-02 17:00:00,-0.0007523351
2026-05-02 18:00:00,0.0011219196
2026-05-02 19:00:00,-0.0001911473
2026-05-02 20:00:00,-8.92146e-05
2026-05-02 21:00:00,0.0033845716
2026-05-02 22:00:00,0.0013582388
2026-05-02 23:00:00,-0.0018029233
2026-05-03 00:00:00,-0.001869837
2026-05-03 01:00:00,-0.0036351849
2026-05-03 02:00:00,-0.0011379111
2026-05-03 03:00:00,0.0004476476
2026-05-03 04:00:00,-0.0005116136
2026-05-03 05:00:00,0.0010613065
2026-05-03 06:00:00,0.0004855237
2026-05-03 07:00:00,0.0010086245
2026-05-03 08:00:00,0.0004592891
2026-05-03 09:00:00,0.001644056
2026-05-03 10:00:00,-0.0015547742
2026-05-03 11:00:00,0.0031325634
2026-05-03 12:00:00,0.0010166089
2026-05-03 13:00:00,-0.0009657539
2026-05-03 14:00:00,0.001041958
2026-05-03 15:00:00,-0.0010292446
2026-05-03 16:00:00,-3.81405e-05
2026-05-03 17:00:00,0.0008641615
2026-05-03 18:00:00,0.000101617
2026-05-03 19:00:00,0.0004571487
2026-05-03 20:00:00,0.0018265077
2026-05-03 21:00:00,-0.0010650573
2026-05-03 22:00:00,0.0043797538
2026-05-03 23:00:00,-0.007709024
2026-05-04 00:00:00,-0.0002927941
2026-05-04 01:00:00,0.0153384604
2026-05-04 02:00:00,0.0051649325
2026-05-04 03:00:00,0.0018194965
2026-05-04 04:00:00,6.22529e-05
2026-05-04 05:00:00,-0.0037545495
2026-05-04 06:00:00,-0.001976483
2026-05-04 07:00:00,-0.0022188107
2026-05-04 08:00:00,0.0001882258
2026-05-04 09:00:00,0.0015671725
2026-05-04 10:00:00,-0.0112628274
2026-05-04 11:00:00,-0.0018514532
2026-05-04 12:00:00,0.0009768785
2026-05-04 13:00:00,-0.001014958
2026-05-04 14:00:00,0.0180386788
2026-05-04 15:00:00,-0.0025839001
2026-05-04 16:00:00,0.0001249797
2026-05-04 17:00:00,0.0047128143
2026-05-04 18:00:00,-0.0036136661
2026-05-04 19:00:00,-0.0008367418
2026-05-04 20:00:00,-0.0012877014
2026-05-04 21:00:00,0.0039204475
2026-05-04 22:00:00,-0.0023329373
2026-05-04 23:00:00,-0.0027390938
2026-05-05 00:00:00,0.0038625772
2026-05-05 01:00:00,0.0023925543
2026-05-05 02:00:00,0.0024737565
2026-05-05 03:00:00,0.0041876834
2026-05-05 04:00:00,0.0002348825
2026-05-05 05:00:00,0.0008031285
2026-05-05 06:00:00,3.70519e-05
2026-05-05 07:00:00,-0.0013347342
2026-05-05 08:00:00,-0.0007175376
2026-05-05 09:00:00,-0.0027512038
2026-05-05 10:00:00,0.003085294
2026-05-05 11:00:00,0.0021503524
2026-05-05 12:00:00,0.0035490746
2026-05-05 13:00:00,0.0006394648
2026-05-05 14:00:00,-7.37635e-05
2026-05-05 15:00:00,0.0026152794
2026-05-05 16:00:00,-0.0030948751
2026-05-05 17:00:00,-0.0002583391
2026-05-05 18:00:00,0.0029362102
2026-05-05 19:00:00,0.0009931644
2026-05-05 20:00:00,0.0006003247
2026-05-05 21:00:00,-0.0028823943
2026-05-05 22:00:00,-0.0036917666
2026-05-05 23:00:00,-0.0024564123
2026-05-06 00:00:00,0.0013091917
2026-05-06 01:00:00,0.0050354991
2026-05-06 02:00:00,-0.0008600249
2026-05-06 03:00:00,0.0025533391
2026-05-06 04:00:00,-0.0028852608
2026-05-06 05:00:00,-0.0002459389
2026-05-06 06:00:00,0.0022603599
2026-05-06 07:00:00,-0.0015964636
2026-05-06 08:00:00,0.0071396947
2026-05-06 09:00:00,0.0005367818
2026-05-06 10:00:00,0.0035793023
2026-05-06 11:00:00,0.0027791111
2026-05-06 12:00:00,-0.0035085412
2026-05-06 13:00:00,-0.0066256519
2026-05-06 14:00:00,-0.0018380556
2026-05-06 15:00:00,0.0020828746
2026-05-06 16:00:00,-0.0011021579
2026-05-06 17:00:00,-0.0020728955
2026-05-06 18:00:00,-0.0011794193
2026-05-06 19:00:00,0.0014495071
2026-05-06 20:00:00,-0.0005034041
2026-05-06 21:00:00,0.0013009649
2026-05-06 22:00:00,-0.002308534
2026-05-06 23:00:00,0.0012777199
2026-05-07 00:00:00,-0.0052688069
2026-05-07 01:00:00,0.0018497058
2026-05-07 02:00:00,-0.0006655
2026-05-07 03:00:00,-0.0033712684
2026-05-07 04:00:00,0.001532681
2026-05-07 05:00:00,0.0012589952
2026-05-07 06:00:00,0.0046028018
2026-05-07 07:00:00,0.0010554091
2026-05-07 08:00:00,-0.0038465604
2026-05-07 09:00:00,-0.0035153757
2026-05-07 10:00:00,-0.0010879511
2026-05-07 11:00:00,0.0002102646
2026-05-07 12:00:00,0.0039496959
2026-05-07 13:00:00,-0.0082751927
2026-05-07 14:00:00,-0.0044440921
2026-05-07 15:00:00,-0.0034493567
2026-05-07 16:00:00,-0.0010647027
2026-05-07 17:00:00,0.003652835
2026-05-07 18:00:00,0.0017964973
2026-05-07 19:00:00,-0.0016716362
2026-05-07 20:00:00,-0.002825673
2026-05-07 21:00:00,-0.0014910695
2026-05-07 22:00:00,0.0021294193
2026-05-07 23:00:00,0.0012254903
2026-05-08 00:00:00,-0.0025276554
2026-05-08 01:00:00,-0.0011282438
2026-05-08 02:00:00,-0.0031784545
2026-05-08 03:00:00,0.0012072436
2026-05-08 04:00:00,0.0010300344
2026-05-08 05:00:00,-0.0005525695
2026-05-08 06:00:00,-0.0013701818
2026-05-08 07:00:00,0.0022867779
2026-05-08 08:00:00,0.0025319643
2026-05-08 09:00:00,-0.0001126739
2026-05-08 10:00:00,0.0041355673
2026-05-08 11:00:00,0.0004113713
2026-05-08 12:00:00,-0.0027206826
2026-05-08 13:00:00,-0.0049988515
2026-05-08 14:00:00,0.0064349964
2026-05-08 15:00:00,-0.0001123196
2026-05-08 16:00:00,-0.0042649855
2026-05-08 17:00:00,0.0030036442
2026-05-08 18:00:00,0.0006745784
2026-05-08 19:00:00,0.0008987306
2026-05-08 20:00:00,-0.0002870067
2026-05-08 21:00:00,0.0015962093
2026-05-08 22:00:00,0.000286549
2026-05-08 23:00:00,-0.0009721081
2026-05-09 00:00:00,0.0004861722
2026-05-09 01:00:00,0.0011832773
2026-05-09 02:00:00,0.0010326659
2026-05-09 03:00:00,-0.0003109317
2026-05-09 04:00:00,-1.24393e-05
2026-05-09 05:00:00,-2.4879e-05
2026-05-09 06:00:00,-0.0017555332
2026-05-09 07:00:00,-0.0002492616
2026-05-09 08:00:00,0.0022162467
2026-05-09 09:00:00,-0.0024032337
2026-05-09 10:00:00,0.0006106947
2026-05-09 11:00:00,0.0009713575
2026-05-09 12:00:00,0.0006968034
2026-05-09 13:00:00,-9.95136e-05
2026-05-09 14:00:00,-0.0006346323
2026-05-09 15:00:00,0.0023250186
2026-05-09 16:00:00,0.0012163036
2026-05-09 17:00:00,0.002316809
2026-05-09 18:00:00,0.0011378535
2026-05-09 19:00:00,0.000358403
2026-05-09 20:00:00,-0.0016695217
2026-05-09 21:00:00,-0.000160916
2026-05-09 22:00:00,-0.0004581334
2026-05-09 23:00:00,-0.0009788798
2026-05-10 00:00:00,-0.0001983709
2026-05-10 01:00:00,0.0002107678
2026-05-10 02:00:00,0.0011646205
2026-05-10 03:00:00,9.9054e-05
2026-05-10 04:00:00,-1.23812e-05
2026-05-10 05:00:00,-0.0008794585
2026-05-10 06:00:00,0.000322145
2026-05-10 07:00:00,0.0002105772
2026-05-10 08:00:00,0.0010027297
2026-05-10 09:00:00,-0.0003217543
2026-05-10 10:00:00,0.0009278562
2026-05-10 11:00:00,-0.0003462989
2026-05-10 12:00:00,0.0009891075
2026-05-10 13:00:00,0.0004200746
2026-05-10 14:00:00,0.000271719
2026-05-10 15:00:00,0.0053452353
2026-05-10 16:00:00,-0.0006389384
2026-05-10 17:00:00,0.0011424291
2026-05-10 18:00:00,-0.0022369449
2026-05-10 19:00:00,0.0017948691
2026-05-10 20:00:00,-0.0085854378
2026-05-10 21:00:00,-3.71662e-05
2026-05-10 22:00:00,0.0161845856
2026-05-10 23:00:00,0.0019363448
2026-05-11 00:00:00,-0.0089212109
2026-05-11 01:00:00,0.0004909
2026-05-11 02:00:00,-0.0043528584
2026-05-11 03:00:00,-0.0053253723
2026-05-11 04:00:00,0.001287607
2026-05-11 05:00:00,2.47454e-05
2026-05-11 06:00:00,-3.71184e-05
2026-05-11 07:00:00,-0.0012132919
2026-05-11 08:00:00,0.0003591887
2026-05-11 09:00:00,0.0024242436
2026-05-11 10:00:00,-8.6479e-05
2026-05-11 11:00:00,0.0029360988
2026-05-11 12:00:00,-0.001664376
2026-05-11 13:00:00,-2.46783e-05
2026-05-11 14:00:00,-0.0014076683
2026-05-11 15:00:00,0.0060733545
2026-05-11 16:00:00,0.0017302422
2026-05-11 17:00:00,0.004428521
2026-05-11 18:00:00,-0.0010380856
2026-05-11 19:00:00,0.0012821845
2026-05-11 20:00:00,-0.0017466187
2026-05-11 21:00:00,-1.22249e-05
2026-05-11 22:00:00,0.0001955799
2026-05-11 23:00:00,-0.0009782822
2026-05-12 00:00:00,-0.0025112253
2026-05-12 01:00:00,-0.0042897683
2026-05-12 02:00:00,0.0005910893
2026-05-12 03:00:00,-0.00253923
2026-05-12 04:00:00,0.002243729
2026-05-12 05:00:00,0.0002093222
2026-05-12 06:00:00,-0.0026258544
2026-05-12 07:00:00,-0.0019893865
2026-05-12 08:00:00,-0.0001484359
2026-05-12 09:00:00,-0.0004701923
2026-05-12 10:00:00,-0.0019325832
2026-05-12 11:00:00,0.001437405
2026-05-12 12:00:00,0.001188016
2026-05-12 13:00:00,-0.0050712752
2026-05-12 14:00:00,0.0009691248
2026-05-12 15:00:00,-0.002549071
2026-05-12 16:00:00,-0.004279616
2026-05-12 17:00:00,0.0063318172
2026-05-12 18:00:00,0.0020851959
2026-05-12 19:00:00,0.0019942409
2026-05-12 20:00:00,-0.0015851593
2026-05-12 21:00:00,-0.0014014898
2026-05-12 22:00:00,0.0008808114
2026-05-12 23:00:00,-0.0018866291
2026-05-13 00:00:00,0.0026179812
2026-05-13 01:00:00,0.0036981422
2026-05-13 02:00:00,0.0004073194
2026-05-13 03:00:00,0.002538917
2026-05-13 04:00:00,-0.0003447172
2026-05-13 05:00:00,-0.0026509026
2026-05-13 06:00:00,-0.0004569114
2026-05-13 07:00:00,0.0005186402
2026-05-13 08:00:00,0.0021211531
2026-05-13 09:00:00,0.0010096658
2026-05-13 10:00:00,-0.0056276991
2026-05-13 11:00:00,-0.0037322035
2026-05-13 12:00:00,-0.0037960629
2026-05-13 13:00:00,-0.007032677
2026-05-13 14:00:00,0.0012549887
2026-05-13 15:00:00,-0.0119103099
2026-05-13 16:00:00,0.003509598
2026-05-13 17:00:00,0.0053483483
2026-05-13 18:00:00,0.0011315916
2026-05-13 19:00:00,0.0004397178
2026-05-13 20:00:00,0.0007659035
2026-05-13 21:00:00,-0.0038983953
2026-05-13 22:00:00,0.0005164671
2026-05-13 23:00:00,-0.0015375893
2026-05-14 00:00:00,0.0035253864
2026-05-14 01:00:00,0.0002639036
2026-05-14 02:00:00,-0.0030832178
2026-05-14 03:00:00,-0.0041300192
2026-05-14 04:00:00,0.0050496869
2026-05-14 05:00:00,0.004798763
2026-05-14 06:00:00,-0.000300816
2026-05-14 07:00:00,-0.000576817
2026-05-14 08:00:00,0.0009026969
2026-05-14 09:00:00,-0.0022708321
2026-05-14 10:00:00,-0.0007916115
2026-05-14 11:00:00,-0.0040810728
2026-05-14 12:00:00,0.00651673
2026-05-14 13:00:00,-0.000715016
2026-05-14 14:00:00,0.015860504
2026-05-14 15:00:00,0.0042889957
2026-05-14 16:00:00,0.0069489406
2026-05-14 17:00:00,-0.0024456168
2026-05-14 18:00:00,-0.0011024819
2026-05-14 19:00:00,-0.0017910599
2026-05-14 20:00:00,-0.0005035463
2026-05-14 21:00:00,-0.0001842876
2026-05-14 22:00:00,0.0006264394
2026-05-14 23:00:00,-0.0044673424
2026-05-15 00:00:00,0.0053142539
2026-05-15 01:00:00,-0.0047593663
2026-05-15 02:00:00,0.0019212302
2026-05-15 03:00:00,-0.0025624614
2026-05-15 04:00:00,-0.0044753867
2026-05-15 05:00:00,-0.0043212703
2026-05-15 06:00:00,0.0026843652
2026-05-15 07:00:00,0.0029618268
2026-05-15 08:00:00,-0.0022422506
2026-05-15 09:00:00,-0.0019365897
2026-05-15 10:00:00,0.0026556485
2026-05-15 11:00:00,-0.0008802981
2026-05-15 12:00:00,-0.0030684969
2026-05-15 13:00:00,-0.02093376
2026-05-15 14:00:00,0.0052967836
2026-05-15 15:00:00,1.26382e-05
2026-05-15 16:00:00,0.0017046858
2026-05-15 17:00:00,0.0019410629
2026-05-15 18:00:00,-0.0020420004
2026-05-15 19:00:00,-0.001907108
2026-05-15 20:00:00,-0.0002781606
2026-05-15 21:00:00,-0.0019239538
2026-05-15 22:00:00,0.0018354319
2026-05-15 23:00:00,-0.0001391216
2026-05-16 00:00:00,-8.8542e-05
2026-05-16 01:00:00,0.0009229817
2026-05-16 02:00:00,-0.0002275054
2026-05-16 03:00:00,-0.0006828269
2026-05-16 04:00:00,-0.0007845619
2026-05-16 05:00:00,-0.0001265999
2026-05-16 06:00:00,-0.0047972679
2026-05-16 07:00:00,-0.0031982494
2026-05-16 08:00:00,0.0004083143
2026-05-16 09:00:00,-0.0041547145
2026-05-16 10:00:00,-0.0017950564
2026-05-16 11:00:00,0.0018078666
2026-05-16 12:00:00,-0.0010638094
2026-05-16 13:00:00,-2.56479e-05
2026-05-16 14:00:00,0.0014992987
2026-05-16 15:00:00,0.0013308254
2026-05-16 16:00:00,-0.0004476762
2026-05-16 17:00:00,0.0002814199
2026-05-16 18:00:00,0.0002813407
2026-05-16 19:00:00,0.0003196093
2026-05-16 20:00:00,-0.0001406155
2026-05-16 21:00:00,0.0002300878
2026-05-16 22:00:00,-0.0009846359
2026-05-16 23:00:00,-0.0005758858
2026-05-17 00:00:00,-0.0026276845
2026-05-17 01:00:00,-0.0026346074
2026-05-17 02:00:00,0.0022366485
2026-05-17 03:00:00,0.0014626826
2026-05-17 04:00:00,0.0018317487
2026-05-17 05:00:00,-0.0005760627
2026-05-17 06:00:00,-0.0003714163
2026-05-17 07:00:00,0.0011010397
2026-05-17 08:00:00,-0.0011266597
2026-05-17 09:00:00,0.0020730966
2026-05-17 10:00:00,0.002425946
2026-05-17 11:00:00,-0.0002550858
2026-05-17 12:00:00,-0.0007911797
2026-05-17 13:00:00,-0.0018783668
2026-05-17 14:00:00,-0.0020613152
2026-05-17 15:00:00,-3.845e-05
2026-05-17 16:00:00,-0.000217911
2026-05-17 17:00:00,0.0007048346
2026-05-17 18:00:00,0.0022904827
2026-05-17 19:00:00,0.0018898528
2026-05-17 20:00:00,-0.0017492679
2026-05-17 21:00:00,0.0015068513
2026-05-17 22:00:00,-0.0053224281
2026-05-17 23:00:00,-0.0069514453
2026-05-18 00:00:00,-0.0032346995
2026-05-18 01:00:00,-0.0010113715
2026-05-18 02:00:00,-0.003821313
2026-05-18 03:00:00,0.0012623882
2026-05-18 04:00:00,0.0017023493
2026-05-18 05:00:00,-0.0018064035
2026-05-18 06:00:00,-0.0001821209
2026-05-18 07:00:00,0.0020794081
2026-05-18 08:00:00,-0.0005324364
2026-05-18 09:00:00,-0.0012998156
2026-05-18 10:00:00,-0.002031092
2026-05-18 11:00:00,0.0067284341
2026-05-18 12:00:00,0.0045980656
2026-05-18 13:00:00,-0.0090743197
2026-05-18 14:00:00,-0.0074004319
2026-05-18 15:00:00,-3.93017e-05
2026-05-18 16:00:00,0.0003929479
2026-05-18 17:00:00,0.0038166489
2026-05-18 18:00:00,-0.0057829343
2026-05-18 19:00:00,0.00829761
2026-05-18 20:00:00,0.0001040989
2026-05-18 21:00:00,0.0027417035
2026-05-18 22:00:00,-0.0004802295
2026-05-18 23:00:00,-0.0010261274
2026-05-19 00:00:00,0.0020771405
2026-05-19 01:00:00,-0.0064532301
2026-05-19 02:00:00,-0.0006789664
2026-05-19 03:00:00,0.0019573053
2026-05-19 04:00:00,0.0019144495
2026-05-19 05:00:00,-5.20454e-05
2026-05-19 06:00:00,0.001391282
2026-05-19 07:00:00,0.0027119804
2026-05-19 08:00:00,-0.0021404257
2026-05-19 09:00:00,-0.0031476016
2026-05-19 10:00:00,0.0025500593
2026-05-19 11:00:00,-0.0037753579
2026-05-19 12:00:00,0.0028653688
2026-05-19 13:00:00,-0.0012623553
2026-05-19 14:00:00,-0.0060344223
2026-05-19 15:00:00,0.0014139089
2026-05-19 16:00:00,0.0051412653
2026-05-19 17:00:00,-0.0004686646
2026-05-19 18:00:00,-0.0008728221
2026-05-19 19:00:00,0.0001563824
2026-05-19 20:00:00,0.0029276501
2026-05-19 21:00:00,-0.0006498486
2026-05-19 22:00:00,-0.0035556403
2026-05-19 23:00:00,0.0014863106
2026-05-20 00:00:00,-0.0007298414
2026-05-20 01:00:00,0.0006907563
2026-05-20 02:00:00,-0.0016299072
2026-05-20 03:00:00,0.000326194
2026-05-20 04:00:00,0.0006129569
2026-05-20 05:00:00,0.0054219703
2026-05-20 06:00:00,0.0027064667
2026-05-20 07:00:00,-0.0017732681
2026-05-20 08:00:00,0.0024325875
2026-05-20 09:00:00,0.0002968104
2026-05-20 10:00:00,0.000491346
2026-05-20 11:00:00,-0.0013956194
2026-05-20 12:00:00,0.0028278502
2026-05-20 13:00:00,-0.0055632217
2026-05-20 14:00:00,0.0033955613
2026-05-20 15:00:00,-5.2856e-05
2026-05-20 16:00:00,-0.0015777906
2026-05-20 17:00:00,0.0030887064
2026-05-20 18:00:00,-0.0019632139
2026-05-20 19:00:00,0.0033763709
2026-05-20 20:00:00,0.0006493642
2026-05-20 21:00:00,-0.0028630222
2026-05-20 22:00:00,-3.83565e-05
2026-05-20 23:00:00,0.0005227872
2026-05-21 00:00:00,0.0055802091
2026-05-21 01:00:00,-0.0014385726
2026-05-21 02:00:00,0.0013652746
2026-05-21 03:00:00,0.0014072557
2026-05-21 04:00:00,-0.000525597
2026-05-21 05:00:00,-0.0027487816
2026-05-21 06:00:00,-0.0026529317
2026-05-21 07:00:00,0.0034115857
2026-05-21 08:00:00,0.0006168097
2026-05-21 09:00:00,-0.0038474892
2026-05-21 10:00:00,-0.0057541997
2026-05-21 11:00:00,1.2708e-05
2026-05-21 12:00:00,0.0010630138
2026-05-21 13:00:00,-0.0021915472
2026-05-21 14:00:00,-0.0016240625
2026-05-21 15:00:00,0.0035825484
2026-05-21 16:00:00,-0.0009073704
2026-05-21 17:00:00,0.0072358854
