datetime_str,log_return
2025-05-21 18:00:00,0.0087205351
2025-05-21 19:00:00,0.0152213935
2025-05-21 20:00:00,-0.0032173941
2025-05-21 21:00:00,-0.001830704
2025-05-21 22:00:00,0.0175150974
2025-05-21 23:00:00,0.0041925195
2025-05-22 00:00:00,0.0169743118
2025-05-22 01:00:00,0.0079848254
2025-05-22 02:00:00,0.001788872
2025-05-22 03:00:00,0.0019101409
2025-05-22 04:00:00,-0.0002904384
2025-05-22 05:00:00,-0.0108898541
2025-05-22 06:00:00,-0.0016374518
2025-05-22 07:00:00,0.0137714483
2025-05-22 08:00:00,0.0057032018
2025-05-22 09:00:00,-0.0072378669
2025-05-22 10:00:00,-0.0014954516
2025-05-22 11:00:00,-8.31463e-05
2025-05-22 12:00:00,0.004480034
2025-05-22 13:00:00,-0.0060611278
2025-05-22 14:00:00,0.0025368586
2025-05-22 15:00:00,0.0025304392
2025-05-22 16:00:00,-0.0070263255
2025-05-22 17:00:00,0.008185698
2025-05-22 18:00:00,0.0012406949
2025-05-22 19:00:00,-0.0111802665
2025-05-22 20:00:00,0.0024629012
2025-05-22 21:00:00,-0.0034664975
2025-05-22 22:00:00,0.0073364231
2025-05-22 23:00:00,0.0198205428
2025-05-23 00:00:00,0.0042661314
2025-05-23 01:00:00,0.004570928
2025-05-23 02:00:00,0.0141061889
2025-05-23 03:00:00,-0.0011546656
2025-05-23 04:00:00,-0.0144458995
2025-05-23 05:00:00,0.0008888171
2025-05-23 06:00:00,-0.0185450894
2025-05-23 07:00:00,0.001931653
2025-05-23 08:00:00,0.0071189238
2025-05-23 09:00:00,0.0133235413
2025-05-23 10:00:00,-0.009376837
2025-05-23 11:00:00,-0.0479093697
2025-05-23 12:00:00,-0.0112240393
2025-05-23 13:00:00,0.0190319378
2025-05-23 14:00:00,0.0034179412
2025-05-23 15:00:00,-0.0123767104
2025-05-23 16:00:00,0.0011508707
2025-05-23 17:00:00,0.0052261596
2025-05-23 18:00:00,-0.0118082238
2025-05-23 19:00:00,-0.0005147122
2025-05-23 20:00:00,-0.0082283717
2025-05-23 21:00:00,-0.004509004
2025-05-23 22:00:00,-0.0056649968
2025-05-23 23:00:00,-0.0160348795
2025-05-24 00:00:00,0.0055355189
2025-05-24 01:00:00,-4.41628e-05
2025-05-24 02:00:00,0.0091441267
2025-05-24 03:00:00,0.0042794825
2025-05-24 04:00:00,0.0023068061
2025-05-24 05:00:00,-0.0068488937
2025-05-24 06:00:00,-0.0031566513
2025-05-24 07:00:00,-0.0013621885
2025-05-24 08:00:00,0.0016695228
2025-05-24 09:00:00,8.77925e-05
2025-05-24 10:00:00,0.0084359178
2025-05-24 11:00:00,-0.0017861426
2025-05-24 12:00:00,-0.0039320248
2025-05-24 13:00:00,-0.005751053
2025-05-24 14:00:00,0.0061011931
2025-05-24 15:00:00,-0.003023997
2025-05-24 16:00:00,-0.0004829327
2025-05-24 17:00:00,0.0008778861
2025-05-24 18:00:00,-0.004970211
2025-05-24 19:00:00,0.0028619882
2025-05-24 20:00:00,-0.0005277509
2025-05-24 21:00:00,-0.0013205971
2025-05-24 22:00:00,-0.0084933714
2025-05-24 23:00:00,-4.44257e-05
2025-05-25 00:00:00,-0.0158971621
2025-05-25 01:00:00,0.0017588567
2025-05-25 02:00:00,0.0032839275
2025-05-25 03:00:00,0.0049727943
2025-05-25 04:00:00,0.001741344
2025-05-25 05:00:00,-0.0019648126
2025-05-25 06:00:00,-0.0031338164
2025-05-25 07:00:00,-0.0075614727
2025-05-25 08:00:00,-0.0115876152
2025-05-25 09:00:00,0.0002285035
2025-05-25 10:00:00,-0.003387196
2025-05-25 11:00:00,0.0051221186
2025-05-25 12:00:00,0.0063659728
2025-05-25 13:00:00,-0.0026324165
2025-05-25 14:00:00,-0.0061084203
2025-05-25 15:00:00,-0.0006403513
2025-05-25 16:00:00,-0.0001372715
2025-05-25 17:00:00,0.0025592994
2025-05-25 18:00:00,0.0017329446
2025-05-25 19:00:00,0.0042738994
2025-05-25 20:00:00,-0.0026349279
2025-05-25 21:00:00,-0.0010012744
2025-05-25 22:00:00,0.0212649361
2025-05-25 23:00:00,0.0030266636
2025-05-26 00:00:00,0.0106097101
2025-05-26 01:00:00,0.0001758783
2025-05-26 02:00:00,-0.0072364963
2025-05-26 03:00:00,0.0068407266
2025-05-26 04:00:00,0.0012746974
2025-05-26 05:00:00,0.0022377754
2025-05-26 06:00:00,0.0025825669
2025-05-26 07:00:00,0.0044491044
2025-05-26 08:00:00,-0.0116883595
2025-05-26 09:00:00,-0.0026013551
2025-05-26 10:00:00,-0.0020328803
2025-05-26 11:00:00,0.0006633499
2025-05-26 12:00:00,0.0066533259
2025-05-26 13:00:00,-0.0128172885
2025-05-26 14:00:00,-0.0009345587
2025-05-26 15:00:00,0.010761125
2025-05-26 16:00:00,-0.011696558
2025-05-26 17:00:00,-0.00455602
2025-05-26 18:00:00,0.0014315754
2025-05-26 19:00:00,0.0028570173
2025-05-26 20:00:00,0.0071512953
2025-05-26 21:00:00,0.0004867364
2025-05-26 22:00:00,-0.0027021656
2025-05-26 23:00:00,0.0011526357
2025-05-27 00:00:00,-0.0069804432
2025-05-27 01:00:00,-0.0087383765
2025-05-27 02:00:00,0.0046699681
2025-05-27 03:00:00,0.004737439
2025-05-27 04:00:00,-0.0031259794
2025-05-27 05:00:00,0.0049078758
2025-05-27 06:00:00,0.0016009965
2025-05-27 07:00:00,0.0116629702
2025-05-27 08:00:00,0.0049945339
2025-05-27 09:00:00,-0.0003059641
2025-05-27 10:00:00,-0.0014436645
2025-05-27 11:00:00,0.000875197
2025-05-27 12:00:00,-0.0006563259
2025-05-27 13:00:00,0.0012685084
2025-05-27 14:00:00,-0.0067106987
2025-05-27 15:00:00,0.0072788184
2025-05-27 16:00:00,-0.0006555515
2025-05-27 17:00:00,0.0028376244
2025-05-27 18:00:00,-0.0075263997
2025-05-27 19:00:00,-0.0010986839
2025-05-27 20:00:00,0.0025471008
2025-05-27 21:00:00,-0.0079702749
2025-05-27 22:00:00,-0.0004864351
2025-05-27 23:00:00,-8.84682e-05
2025-05-28 00:00:00,0.0071406836
2025-05-28 01:00:00,-0.0125076211
2025-05-28 02:00:00,-0.0046807173
2025-05-28 03:00:00,0.0052142641
2025-05-28 04:00:00,0.0003111042
2025-05-28 05:00:00,-0.0046321123
2025-05-28 06:00:00,-0.0061797698
2025-05-28 07:00:00,0.0007184554
2025-05-28 08:00:00,0.001435364
2025-05-28 09:00:00,-0.0035922805
2025-05-28 10:00:00,0.0029197101
2025-05-28 11:00:00,0.0026875716
2025-05-28 12:00:00,-0.0004474273
2025-05-28 13:00:00,-0.0113417661
2025-05-28 14:00:00,-0.0060381996
2025-05-28 15:00:00,-0.0053421126
2025-05-28 16:00:00,0.0081160394
2025-05-28 17:00:00,-0.0026373242
2025-05-28 18:00:00,-0.0048837359
2025-05-28 19:00:00,-0.0056896547
2025-05-28 20:00:00,0.0085223884
2025-05-28 21:00:00,0.0025517192
2025-05-28 22:00:00,-0.0017308135
2025-05-28 23:00:00,0.0073579839
2025-05-29 00:00:00,0.0176725837
2025-05-29 01:00:00,-0.0035631607
2025-05-29 02:00:00,0.0165936682
2025-05-29 03:00:00,-0.0064719446
2025-05-29 04:00:00,-0.0137424057
2025-05-29 05:00:00,0.0051365769
2025-05-29 06:00:00,0.0007570866
2025-05-29 07:00:00,-0.0014701627
2025-05-29 08:00:00,0.0058677267
2025-05-29 09:00:00,0.0006646138
2025-05-29 10:00:00,0.0010182173
2025-05-29 11:00:00,-0.0043457121
2025-05-29 12:00:00,-0.0077626979
2025-05-29 13:00:00,-0.0077331561
2025-05-29 14:00:00,0.0003158916
2025-05-29 15:00:00,-0.0102495228
2025-05-29 16:00:00,-0.0024189327
2025-05-29 17:00:00,0.0056048084
2025-05-29 18:00:00,-0.0075716472
2025-05-29 19:00:00,-0.0093379091
2025-05-29 20:00:00,0.0057602519
2025-05-29 21:00:00,0.0078266642
2025-05-29 22:00:00,-0.0099886283
2025-05-29 23:00:00,-0.0105081397
2025-05-30 00:00:00,-0.0536252323
2025-05-30 01:00:00,0.0164109743
2025-05-30 02:00:00,0.0070749904
2025-05-30 03:00:00,4.79582e-05
2025-05-30 04:00:00,0.0020121695
2025-05-30 05:00:00,-0.0070603785
2025-05-30 06:00:00,-0.0127575643
2025-05-30 07:00:00,-9.76419e-05
2025-05-30 08:00:00,-0.0013191003
2025-05-30 09:00:00,0.0017096109
2025-05-30 10:00:00,0.0014630581
2025-05-30 11:00:00,0.0011689072
2025-05-30 12:00:00,-0.0039994201
2025-05-30 13:00:00,-0.01229302
2025-05-30 14:00:00,0.0008901637
2025-05-30 15:00:00,-0.0011870612
2025-05-30 16:00:00,-0.028665902
2025-05-30 17:00:00,0.0033049477
2025-05-30 18:00:00,0.0166624378
2025-05-30 19:00:00,0.0026921943
2025-05-30 20:00:00,-0.0076467874
2025-05-30 21:00:00,-0.0006524303
2025-05-30 22:00:00,-0.0344747263
2025-05-30 23:00:00,0.0061647047
2025-05-31 00:00:00,-0.0117403946
2025-05-31 01:00:00,-0.0098724742
2025-05-31 02:00:00,-0.0078410998
2025-05-31 03:00:00,0.0045108469
2025-05-31 04:00:00,0.0092234559
2025-05-31 05:00:00,-0.0110783999
2025-05-31 06:00:00,0.0063982451
2025-05-31 07:00:00,-0.0020049603
2025-05-31 08:00:00,-0.0006868314
2025-05-31 09:00:00,-0.0083322759
2025-05-31 10:00:00,-0.0015467082
2025-05-31 11:00:00,-0.0047617864
2025-05-31 12:00:00,0.0237948748
2025-05-31 13:00:00,0.0009422111
2025-05-31 14:00:00,0.0092180951
2025-05-31 15:00:00,-0.0056666212
2025-05-31 16:00:00,0.0068582386
2025-05-31 17:00:00,-0.0076405684
2025-05-31 18:00:00,0.0072780525
2025-05-31 19:00:00,0.0080992988
2025-05-31 20:00:00,-0.0007195724
2025-05-31 21:00:00,0.0016439767
2025-05-31 22:00:00,-0.006282204
2025-05-31 23:00:00,-0.0049712701
2025-06-01 00:00:00,-0.0051526385
2025-06-01 01:00:00,-0.012179907
2025-06-01 02:00:00,0.0023741075
2025-06-01 03:00:00,0.0015796128
2025-06-01 04:00:00,0.0099987746
2025-06-01 05:00:00,-0.0055890871
2025-06-01 06:00:00,-0.006463671
2025-06-01 07:00:00,0.002369607
2025-06-01 08:00:00,-0.0056965184
2025-06-01 09:00:00,-0.0082860197
2025-06-01 10:00:00,0.0065919116
2025-06-01 11:00:00,0.0038604982
2025-06-01 12:00:00,-0.0079487462
2025-06-01 13:00:00,0.0060996821
2025-06-01 14:00:00,0.0124545082
2025-06-01 15:00:00,0.0019825749
2025-06-01 16:00:00,0.0078395127
2025-06-01 17:00:00,-0.001967078
2025-06-01 18:00:00,-0.0105743921
2025-06-01 19:00:00,0.005223035
2025-06-01 20:00:00,-0.0026603391
2025-06-01 21:00:00,0.0094097546
2025-06-01 22:00:00,0.0021708801
2025-06-01 23:00:00,0.0
2025-06-02 00:00:00,-0.0039835537
2025-06-02 01:00:00,-0.0028551425
2025-06-02 02:00:00,-0.0076712705
2025-06-02 03:00:00,-0.0020451513
2025-06-02 04:00:00,-0.0002625016
2025-06-02 05:00:00,0.0018360661
2025-06-02 06:00:00,0.0052795397
2025-06-02 07:00:00,0.0003127606
2025-06-02 08:00:00,-0.0028183735
2025-06-02 09:00:00,-0.0078180738
2025-06-02 10:00:00,0.0019471128
2025-06-02 11:00:00,-0.0041619532
2025-06-02 12:00:00,0.0055804304
2025-06-02 13:00:00,-0.0058444289
2025-06-02 14:00:00,0.0114460979
2025-06-02 15:00:00,0.00177342
2025-06-02 16:00:00,0.0007813925
2025-06-02 17:00:00,0.0019767993
2025-06-02 18:00:00,-0.0059944405
2025-06-02 19:00:00,-0.0050842681
2025-06-02 20:00:00,0.0078513881
2025-06-02 21:00:00,0.0099090329
2025-06-02 22:00:00,0.0046867441
2025-06-02 23:00:00,0.0027195542
2025-06-03 00:00:00,0.0088767035
2025-06-03 01:00:00,0.0156721694
2025-06-03 02:00:00,-0.0148091157
2025-06-03 03:00:00,-0.0064145208
2025-06-03 04:00:00,-0.0065073373
2025-06-03 05:00:00,0.009414242
2025-06-03 06:00:00,0.0007126858
2025-06-03 07:00:00,-0.0055110616
2025-06-03 08:00:00,-0.006468195
2025-06-03 09:00:00,0.0051881457
2025-06-03 10:00:00,0.0013312172
2025-06-03 11:00:00,-0.0024590176
2025-06-03 12:00:00,0.0034818264
2025-06-03 13:00:00,0.0001533311
2025-06-03 14:00:00,0.0140572206
2025-06-03 15:00:00,-0.0052040032
2025-06-03 16:00:00,-0.0086488126
2025-06-03 17:00:00,0.0030101296
2025-06-03 18:00:00,-0.0009173845
2025-06-03 19:00:00,0.0057959387
2025-06-03 20:00:00,-0.0134737161
2025-06-03 21:00:00,-0.0103815203
2025-06-03 22:00:00,0.0086844692
2025-06-03 23:00:00,-0.0058330272
2025-06-04 00:00:00,0.0043908431
2025-06-04 01:00:00,0.0052436888
2025-06-04 02:00:00,-0.0002051177
2025-06-04 03:00:00,0.0082229325
2025-06-04 04:00:00,-0.0038221476
2025-06-04 05:00:00,0.0012246774
2025-06-04 06:00:00,0.0004078927
2025-06-04 07:00:00,-0.0025520635
2025-06-04 08:00:00,0.0011747582
2025-06-04 09:00:00,0.0024472328
2025-06-04 10:00:00,-0.0045934853
2025-06-04 11:00:00,-0.0083734083
2025-06-04 12:00:00,-0.0058463058
2025-06-04 13:00:00,-0.004576667
2025-06-04 14:00:00,0.0035902945
2025-06-04 15:00:00,0.0019717732
2025-06-04 16:00:00,-0.0032191097
2025-06-04 17:00:00,-0.0072025364
2025-06-04 18:00:00,-0.0015201953
2025-06-04 19:00:00,-0.0062623544
2025-06-04 20:00:00,-0.0051337804
2025-06-04 21:00:00,0.0066635182
2025-06-04 22:00:00,-0.0059209308
2025-06-04 23:00:00,-0.0020700095
2025-06-05 00:00:00,0.0053519986
2025-06-05 01:00:00,-0.0037593034
2025-06-05 02:00:00,0.007451875
2025-06-05 03:00:00,0.0011051179
2025-06-05 04:00:00,0.0027312376
2025-06-05 05:00:00,-0.007528927
2025-06-05 06:00:00,-0.0051394926
2025-06-05 07:00:00,0.0021225797
2025-06-05 08:00:00,0.0025411629
2025-06-05 09:00:00,0.0035889625
2025-06-05 10:00:00,-0.0062891627
2025-06-05 11:00:00,0.0046018436
2025-06-05 12:00:00,0.0127423658
2025-06-05 13:00:00,-0.0144854008
2025-06-05 14:00:00,0.0043255857
2025-06-05 15:00:00,-0.0015803617
2025-06-05 16:00:00,-0.0459578231
2025-06-05 17:00:00,-0.0077023626
2025-06-05 18:00:00,-0.0054103933
2025-06-05 19:00:00,-0.0273849922
2025-06-05 20:00:00,-0.0285108949
2025-06-05 21:00:00,0.0166572766
2025-06-05 22:00:00,-0.000814664
2025-06-05 23:00:00,-0.0035573736
2025-06-06 00:00:00,0.0056508845
2025-06-06 01:00:00,-0.0009299082
2025-06-06 02:00:00,0.0037144558
2025-06-06 03:00:00,0.0149496804
2025-06-06 04:00:00,0.0029633028
2025-06-06 05:00:00,0.0021599508
2025-06-06 06:00:00,-0.0020461528
2025-06-06 07:00:00,-0.0054197583
2025-06-06 08:00:00,0.0022855847
2025-06-06 09:00:00,0.003418612
2025-06-06 10:00:00,0.0035203307
2025-06-06 11:00:00,0.0070036999
2025-06-06 12:00:00,0.0002251111
2025-06-06 13:00:00,0.0128038427
2025-06-06 14:00:00,0.0160920479
2025-06-06 15:00:00,-0.0061967241
2025-06-06 16:00:00,-0.0076755671
2025-06-06 17:00:00,-0.0016088323
2025-06-06 18:00:00,-0.0046747261
2025-06-06 19:00:00,-0.0003347467
2025-06-06 20:00:00,0.0027304912
2025-06-06 21:00:00,0.0022234584
2025-06-06 22:00:00,-0.0029471481
2025-06-06 23:00:00,-0.003682218
2025-06-07 00:00:00,0.0113931263
2025-06-07 01:00:00,-0.0054302788
2025-06-07 02:00:00,0.007086731
2025-06-07 03:00:00,0.0070916435
2025-06-07 04:00:00,-0.0013704264
2025-06-07 05:00:00,0.0051430873
2025-06-07 06:00:00,0.0092346791
2025-06-07 07:00:00,0.0033468317
2025-06-07 08:00:00,-0.0032927616
2025-06-07 09:00:00,0.0011888038
2025-06-07 10:00:00,0.0061913035
2025-06-07 11:00:00,-0.0011814619
2025-06-07 12:00:00,0.0033795596
2025-06-07 13:00:00,0.0051279424
2025-06-07 14:00:00,-0.0022402399
2025-06-07 15:00:00,-0.0028877025
2025-06-07 16:00:00,-0.0161964346
2025-06-07 17:00:00,-0.0077587538
2025-06-07 18:00:00,0.0020821925
2025-06-07 19:00:00,0.0037152422
2025-06-07 20:00:00,0.0045704416
2025-06-07 21:00:00,0.0046577207
2025-06-07 22:00:00,0.0043671723
2025-06-07 23:00:00,-0.0035569965
2025-06-08 00:00:00,-0.0100928742
2025-06-08 01:00:00,0.0067398885
2025-06-08 02:00:00,-0.0040167236
2025-06-08 03:00:00,-0.0027777039
2025-06-08 04:00:00,0.005276483
2025-06-08 05:00:00,-0.0029884018
2025-06-08 06:00:00,0.0002720422
2025-06-08 07:00:00,-0.0039791827
2025-06-08 08:00:00,0.0002184479
2025-06-08 09:00:00,-0.0072340974
2025-06-08 10:00:00,0.0031850658
2025-06-08 11:00:00,0.0080817346
2025-06-08 12:00:00,-0.0018508443
2025-06-08 13:00:00,-0.0005995367
2025-06-08 14:00:00,0.0023416026
2025-06-08 15:00:00,0.0014675112
2025-06-08 16:00:00,0.0056325972
2025-06-08 17:00:00,-0.0018920459
2025-06-08 18:00:00,0.0066334341
2025-06-08 19:00:00,-5.37533e-05
2025-06-08 20:00:00,-0.0022063779
2025-06-08 21:00:00,0.0039787138
2025-06-08 22:00:00,-0.0132337794
2025-06-08 23:00:00,0.001792748
2025-06-09 00:00:00,-0.0027719669
2025-06-09 01:00:00,-0.0066075326
2025-06-09 02:00:00,0.0004929751
2025-06-09 03:00:00,0.0006021953
2025-06-09 04:00:00,-0.0063687489
2025-06-09 05:00:00,-0.0042500409
2025-06-09 06:00:00,0.0070550918
2025-06-09 07:00:00,-0.0024746363
2025-06-09 08:00:00,0.0039016398
2025-06-09 09:00:00,0.0150239612
2025-06-09 10:00:00,0.0044742804
2025-06-09 11:00:00,0.0023101523
2025-06-09 12:00:00,-0.0037634453
2025-06-09 13:00:00,-0.0132301447
2025-06-09 14:00:00,0.0038678446
2025-06-09 15:00:00,0.0046650478
2025-06-09 16:00:00,0.005558718
2025-06-09 17:00:00,0.0086274415
2025-06-09 18:00:00,-0.0004803202
2025-06-09 19:00:00,-0.0031544924
2025-06-09 20:00:00,0.0013378644
2025-06-09 21:00:00,0.0356167492
2025-06-09 22:00:00,0.0069941144
2025-06-09 23:00:00,-0.0007690139
2025-06-10 00:00:00,0.0013837995
2025-06-10 01:00:00,0.0
2025-06-10 02:00:00,-0.0042085876
2025-06-10 03:00:00,-0.0037616307
2025-06-10 04:00:00,-0.0022741378
2025-06-10 05:00:00,-0.0103503902
2025-06-10 06:00:00,0.0010973221
2025-06-10 07:00:00,-0.0027193825
2025-06-10 08:00:00,-0.0049872797
2025-06-10 09:00:00,0.0113036946
2025-06-10 10:00:00,-0.0058452231
2025-06-10 11:00:00,0.0191815109
2025-06-10 12:00:00,0.0115378041
2025-06-10 13:00:00,-0.0189076419
2025-06-10 14:00:00,-0.0138026619
2025-06-10 15:00:00,0.0035077652
2025-06-10 16:00:00,-0.0031407061
2025-06-10 17:00:00,0.0020948997
2025-06-10 18:00:00,0.015109714
2025-06-10 19:00:00,0.0027789232
2025-06-10 20:00:00,0.003846849
2025-06-10 21:00:00,-0.004823738
2025-06-10 22:00:00,0.0097771504
2025-06-10 23:00:00,0.0115473555
2025-06-11 00:00:00,-0.012821663
2025-06-11 01:00:00,-0.0067553993
2025-06-11 02:00:00,0.0052751652
2025-06-11 03:00:00,0.0102148011
2025-06-11 04:00:00,0.0026257337
2025-06-11 05:00:00,-0.0032326526
2025-06-11 06:00:00,0.0039384045
2025-06-11 07:00:00,0.01975915
2025-06-11 08:00:00,-0.0015327947
2025-06-11 09:00:00,-0.0147050478
2025-06-11 10:00:00,0.0075540018
2025-06-11 11:00:00,-0.0067006951
2025-06-11 12:00:00,0.0091894968
2025-06-11 13:00:00,-0.0072847343
2025-06-11 14:00:00,0.0115510371
2025-06-11 15:00:00,0.0045438909
2025-06-11 16:00:00,-0.0001478452
2025-06-11 17:00:00,-0.02237765
2025-06-11 18:00:00,-0.0107933856
2025-06-11 19:00:00,-0.0064400938
2025-06-11 20:00:00,0.0046553352
2025-06-11 21:00:00,-0.0131002875
2025-06-11 22:00:00,-0.007161793
2025-06-11 23:00:00,0.0050393644
2025-06-12 00:00:00,0.0003626849
2025-06-12 01:00:00,-0.0027493209
2025-06-12 02:00:00,-0.001351492
2025-06-12 03:00:00,-0.0075708494
2025-06-12 04:00:00,-0.0020986367
2025-06-12 05:00:00,0.0020462244
2025-06-12 06:00:00,0.0012047879
2025-06-12 07:00:00,-0.0071451392
2025-06-12 08:00:00,0.0024224563
2025-06-12 09:00:00,-0.0036886799
2025-06-12 10:00:00,-0.0038083194
2025-06-12 11:00:00,-0.0083548899
2025-06-12 12:00:00,0.0046915904
2025-06-12 13:00:00,-0.0007981483
2025-06-12 14:00:00,0.0078473361
2025-06-12 15:00:00,-0.0184430365
2025-06-12 16:00:00,0.0105957003
2025-06-12 17:00:00,0.0094832636
2025-06-12 18:00:00,-0.0117748258
2025-06-12 19:00:00,-0.013752567
2025-06-12 20:00:00,-0.0184523196
2025-06-12 21:00:00,-0.0020959743
2025-06-12 22:00:00,-0.0014366231
2025-06-12 23:00:00,0.0026506173
2025-06-13 00:00:00,-0.0445445159
2025-06-13 01:00:00,-0.005840699
2025-06-13 02:00:00,-0.0040681174
2025-06-13 03:00:00,0.0162314033
2025-06-13 04:00:00,-0.0051124562
2025-06-13 05:00:00,-0.0046178794
2025-06-13 06:00:00,0.0073784056
2025-06-13 07:00:00,0.0025238054
2025-06-13 08:00:00,0.0019458599
2025-06-13 09:00:00,-0.0028055327
2025-06-13 10:00:00,0.0040054986
2025-06-13 11:00:00,0.0038757529
2025-06-13 12:00:00,-0.0058764967
2025-06-13 13:00:00,0.0046242197
2025-06-13 14:00:00,0.0015366669
2025-06-13 15:00:00,0.0113660077
2025-06-13 16:00:00,0.0073387629
2025-06-13 17:00:00,-0.0032425813
2025-06-13 18:00:00,-0.0105833008
2025-06-13 19:00:00,-0.0012458238
2025-06-13 20:00:00,0.0088568542
2025-06-13 21:00:00,0.0047625808
2025-06-13 22:00:00,0.0041278577
2025-06-13 23:00:00,0.0047759296
2025-06-14 00:00:00,-0.0092392264
2025-06-14 01:00:00,-0.0069577208
2025-06-14 02:00:00,-0.000901307
2025-06-14 03:00:00,0.0027014875
2025-06-14 04:00:00,0.002245678
2025-06-14 05:00:00,-0.0021332743
2025-06-14 06:00:00,-0.0074458828
2025-06-14 07:00:00,0.0009620555
2025-06-14 08:00:00,0.0013566222
2025-06-14 09:00:00,-0.0036784513
2025-06-14 10:00:00,0.0042996219
2025-06-14 11:00:00,0.0042250014
2025-06-14 12:00:00,-0.0001124353
2025-06-14 13:00:00,0.0003372681
2025-06-14 14:00:00,-0.0014623175
2025-06-14 15:00:00,-0.0051915923
2025-06-14 16:00:00,-0.007895301
2025-06-14 17:00:00,0.0110022093
2025-06-14 18:00:00,-0.0064505401
2025-06-14 19:00:00,0.0004540295
2025-06-14 20:00:00,0.001927329
2025-06-14 21:00:00,0.0096934934
2025-06-14 22:00:00,-0.0032019801
2025-06-14 23:00:00,0.0043790773
2025-06-15 00:00:00,0.0003360591
2025-06-15 01:00:00,-0.0061791007
2025-06-15 02:00:00,0.0005633168
2025-06-15 03:00:00,0.000506714
2025-06-15 04:00:00,0.0041005534
2025-06-15 05:00:00,-0.0034253339
2025-06-15 06:00:00,-0.0077926872
2025-06-15 07:00:00,-0.0034640428
2025-06-15 08:00:00,-0.0040470885
2025-06-15 09:00:00,-0.0071652022
2025-06-15 10:00:00,0.0043052792
2025-06-15 11:00:00,-0.0019494301
2025-06-15 12:00:00,0.0060651327
2025-06-15 13:00:00,0.0061986607
2025-06-15 14:00:00,0.0042993787
2025-06-15 15:00:00,-0.0073654724
2025-06-15 16:00:00,0.0016477745
2025-06-15 17:00:00,0.0019284221
2025-06-15 18:00:00,-0.0087073367
2025-06-15 19:00:00,-0.0074008542
2025-06-15 20:00:00,-0.0083847023
2025-06-15 21:00:00,0.0080967419
2025-06-15 22:00:00,0.0090026125
2025-06-15 23:00:00,0.002622429
2025-06-16 00:00:00,-0.003764764
2025-06-16 01:00:00,0.005187118
2025-06-16 02:00:00,0.0017041586
2025-06-16 03:00:00,-0.0001135203
2025-06-16 04:00:00,0.0051521699
2025-06-16 05:00:00,0.0031011273
2025-06-16 06:00:00,-0.0018595221
2025-06-16 07:00:00,0.005568225
2025-06-16 08:00:00,-0.0016278878
2025-06-16 09:00:00,-0.0051254724
2025-06-16 10:00:00,-0.0021481071
2025-06-16 11:00:00,0.0001131734
2025-06-16 12:00:00,0.0008483923
2025-06-16 13:00:00,0.0063120137
2025-06-16 14:00:00,0.0004493372
2025-06-16 15:00:00,-0.003374961
2025-06-16 16:00:00,0.0074099362
2025-06-16 17:00:00,-0.0006154018
2025-06-16 18:00:00,0.0076932033
2025-06-16 19:00:00,-0.001556161
2025-06-16 20:00:00,0.0006672227
2025-06-16 21:00:00,-0.002114401
2025-06-16 22:00:00,-0.0219058792
2025-06-16 23:00:00,-0.0114522553
2025-06-17 00:00:00,0.003334678
2025-06-17 01:00:00,0.0005738222
2025-06-17 02:00:00,0.007031212
2025-06-17 03:00:00,-0.0019386481
2025-06-17 04:00:00,-0.0049778389
2025-06-17 05:00:00,-0.0033899311
2025-06-17 06:00:00,-0.0010365082
2025-06-17 07:00:00,0.0013817723
2025-06-17 08:00:00,-0.0075075428
2025-06-17 09:00:00,-0.0003478664
2025-06-17 10:00:00,-0.0041838634
2025-06-17 11:00:00,-0.001748456
2025-06-17 12:00:00,-0.0012257407
2025-06-17 13:00:00,0.0011674062
2025-06-17 14:00:00,-0.0057333568
2025-06-17 15:00:00,-0.0147170126
2025-06-17 16:00:00,-0.0227638398
2025-06-17 17:00:00,0.0149333206
2025-06-17 18:00:00,0.0140037446
2025-06-17 19:00:00,0.0107122861
2025-06-17 20:00:00,-0.0075219253
2025-06-17 21:00:00,-0.0008851908
2025-06-17 22:00:00,-0.0049716011
2025-06-17 23:00:00,0.005148702
2025-06-18 00:00:00,0.0048873938
2025-06-18 01:00:00,0.0005285257
2025-06-18 02:00:00,-0.0017040284
2025-06-18 03:00:00,0.0036395696
2025-06-18 04:00:00,0.0056094573
2025-06-18 05:00:00,-0.001341069
2025-06-18 06:00:00,-0.0050890695
2025-06-18 07:00:00,0.0033371419
2025-06-18 08:00:00,-0.0039237554
2025-06-18 09:00:00,-0.0028793909
2025-06-18 10:00:00,-0.0178120247
2025-06-18 11:00:00,0.0110807758
2025-06-18 12:00:00,-0.0082094453
2025-06-18 13:00:00,-0.0040701559
2025-06-18 14:00:00,0.0046673134
2025-06-18 15:00:00,0.0039323216
2025-06-18 16:00:00,-0.0046489534
2025-06-18 17:00:00,0.0008360206
2025-06-18 18:00:00,-0.0118891757
2025-06-18 19:00:00,0.0083012989
2025-06-18 20:00:00,0.0233284706
2025-06-18 21:00:00,0.0003510825
2025-06-18 22:00:00,-0.0035163841
2025-06-18 23:00:00,0.0014080378
2025-06-19 00:00:00,0.0021668481
2025-06-19 01:00:00,-0.0068680379
2025-06-19 02:00:00,0.001295032
2025-06-19 03:00:00,0.005455999
2025-06-19 04:00:00,-0.0002925773
2025-06-19 05:00:00,0.0008190009
2025-06-19 06:00:00,-0.0048065743
2025-06-19 07:00:00,-0.0009405679
2025-06-19 08:00:00,0.003698381
2025-06-19 09:00:00,-0.0008793271
2025-06-19 10:00:00,-0.0053512227
2025-06-19 11:00:00,-0.003129893
2025-06-19 12:00:00,0.0028940161
2025-06-19 13:00:00,-0.0066272432
2025-06-19 14:00:00,-0.0014258558
2025-06-19 15:00:00,0.0005943537
2025-06-19 16:00:00,0.0007127584
2025-06-19 17:00:00,0.0090434165
2025-06-19 18:00:00,0.0003529827
2025-06-19 19:00:00,-0.0008238202
2025-06-19 20:00:00,-0.0008244995
2025-06-19 21:00:00,0.0035287927
2025-06-19 22:00:00,0.0045688927
2025-06-19 23:00:00,-0.0009940068
2025-06-20 00:00:00,0.0003509388
2025-06-20 01:00:00,-0.0042781441
2025-06-20 02:00:00,-0.0047685017
2025-06-20 03:00:00,-0.0007083826
2025-06-20 04:00:00,-0.011223729
2025-06-20 05:00:00,0.0050038825
2025-06-20 06:00:00,-0.0017247023
2025-06-20 07:00:00,0.0152404155
2025-06-20 08:00:00,-0.0013492508
2025-06-20 09:00:00,-0.000880928
2025-06-20 10:00:00,0.0028748296
2025-06-20 11:00:00,0.0007613247
2025-06-20 12:00:00,0.002747656
2025-06-20 13:00:00,-0.0063250577
2025-06-20 14:00:00,-0.0233598544
2025-06-20 15:00:00,-0.0015046195
2025-06-20 16:00:00,-0.0189092121
2025-06-20 17:00:00,-0.0072691751
2025-06-20 18:00:00,0.0051800807
2025-06-20 19:00:00,0.0021504724
2025-06-20 20:00:00,0.0053865589
2025-06-20 21:00:00,-0.0075985414
2025-06-20 22:00:00,-0.0050567449
2025-06-20 23:00:00,0.0033329249
2025-06-21 00:00:00,0.0010469593
2025-06-21 01:00:00,0.0068092156
2025-06-21 02:00:00,-0.0037362614
2025-06-21 03:00:00,0.0033082184
2025-06-21 04:00:00,-0.0014689683
2025-06-21 05:00:00,-0.000490136
2025-06-21 06:00:00,0.0001225565
2025-06-21 07:00:00,-0.0013489486
2025-06-21 08:00:00,0.0058730133
2025-06-21 09:00:00,0.0022543802
2025-06-21 10:00:00,-0.0042082214
2025-06-21 11:00:00,-0.0008560074
2025-06-21 12:00:00,-0.0071209632
2025-06-21 13:00:00,-0.0111511501
2025-06-21 14:00:00,-0.0006231695
2025-06-21 15:00:00,-0.0013099213
2025-06-21 16:00:00,0.0009358331
2025-06-21 17:00:00,-0.0092720875
2025-06-21 18:00:00,-0.0072010923
2025-06-21 19:00:00,-0.002157772
2025-06-21 20:00:00,0.007910182
2025-06-21 21:00:00,-0.0392081069
2025-06-21 22:00:00,0.0090055425
2025-06-21 23:00:00,0.0044725403
2025-06-22 00:00:00,0.0148930728
2025-06-22 01:00:00,-0.0138588129
2025-06-22 02:00:00,-0.0031059945
2025-06-22 03:00:00,0.0010364038
2025-06-22 04:00:00,0.0117780927
2025-06-22 05:00:00,0.0024284266
2025-06-22 06:00:00,0.0010207337
2025-06-22 07:00:00,-0.0034491603
2025-06-22 08:00:00,0.0005756868
2025-06-22 09:00:00,-0.0141033345
2025-06-22 10:00:00,0.0069155228
2025-06-22 11:00:00,0.0014802899
2025-06-22 12:00:00,-0.0002572844
2025-06-22 13:00:00,-0.0390277437
2025-06-22 14:00:00,-0.0051638112
2025-06-22 15:00:00,-0.0177043797
2025-06-22 16:00:00,0.0159547157
2025-06-22 17:00:00,0.009385334
2025-06-22 18:00:00,-0.0084428269
2025-06-22 19:00:00,-0.0076328514
2025-06-22 20:00:00,0.0040600949
2025-06-22 21:00:00,-0.0127771209
2025-06-22 22:00:00,0.0315092716
2025-06-22 23:00:00,0.0031762864
2025-06-23 00:00:00,0.0006604584
2025-06-23 01:00:00,0.0073019434
2025-06-23 02:00:00,0.0002621404
2025-06-23 03:00:00,-0.0024274245
2025-06-23 04:00:00,0.004129664
2025-06-23 05:00:00,0.0096348639
2025-06-23 06:00:00,0.0004534119
2025-06-23 07:00:00,-0.003243176
2025-06-23 08:00:00,-0.0027975686
2025-06-23 09:00:00,-0.0041129485
2025-06-23 10:00:00,-0.0059051415
2025-06-23 11:00:00,0.0017095145
2025-06-23 12:00:00,0.010976198
2025-06-23 13:00:00,0.0118206977
2025-06-23 14:00:00,-0.0127307933
2025-06-23 15:00:00,-0.0080316472
2025-06-23 16:00:00,-0.0141293781
2025-06-23 17:00:00,0.0292249865
2025-06-23 18:00:00,0.0103434798
2025-06-23 19:00:00,0.0063075613
2025-06-23 20:00:00,0.0094817398
2025-06-23 21:00:00,-0.0011960594
2025-06-23 22:00:00,0.0378243087
2025-06-23 23:00:00,-0.0055344523
2025-06-24 00:00:00,-0.0058719356
2025-06-24 01:00:00,0.0029402778
2025-06-24 02:00:00,-0.0072437395
2025-06-24 03:00:00,0.0054070792
2025-06-24 04:00:00,0.000612595
2025-06-24 05:00:00,0.0218071516
2025-06-24 06:00:00,0.0014968718
2025-06-24 07:00:00,-0.023610274
2025-06-24 08:00:00,0.0022640365
2025-06-24 09:00:00,0.0003666585
2025-06-24 10:00:00,0.0014042802
2025-06-24 11:00:00,-0.0016487043
2025-06-24 12:00:00,-0.0037962328
2025-06-24 13:00:00,-0.001289095
2025-06-24 14:00:00,0.0063068513
2025-06-24 15:00:00,-0.0009160026
2025-06-24 16:00:00,0.0166614984
2025-06-24 17:00:00,-0.009417516
2025-06-24 18:00:00,-0.0039502923
2025-06-24 19:00:00,-0.0043328417
2025-06-24 20:00:00,0.010222176
2025-06-24 21:00:00,0.0001815926
2025-06-24 22:00:00,0.0002420721
2025-06-24 23:00:00,0.0030812942
2025-06-25 00:00:00,0.003432601
2025-06-25 01:00:00,-0.0022268373
2025-06-25 02:00:00,0.0027076643
2025-06-25 03:00:00,-0.0054830975
2025-06-25 04:00:00,-0.0032679768
2025-06-25 05:00:00,0.0023008002
2025-06-25 06:00:00,0.0081313503
2025-06-25 07:00:00,-0.0013806768
2025-06-25 08:00:00,-0.0094758834
2025-06-25 09:00:00,0.0013332527
2025-06-25 10:00:00,0.0012105074
2025-06-25 11:00:00,0.001813018
2025-06-25 12:00:00,-0.0028418558
2025-06-25 13:00:00,0.0094016241
2025-06-25 14:00:00,-0.0104315215
2025-06-25 15:00:00,-0.0118900215
2025-06-25 16:00:00,0.0050781718
2025-06-25 17:00:00,0.0127343908
2025-06-25 18:00:00,-0.0056801168
2025-06-25 19:00:00,0.0062222691
2025-06-25 20:00:00,0.0020454826
2025-06-25 21:00:00,-0.0057258391
2025-06-25 22:00:00,-0.0060020187
2025-06-25 23:00:00,0.0014583463
2025-06-26 00:00:00,0.0003035546
2025-06-26 01:00:00,0.0051463801
2025-06-26 02:00:00,0.0054203939
2025-06-26 03:00:00,-0.0034295031
2025-06-26 04:00:00,-0.002715835
2025-06-26 05:00:00,-0.007035022
2025-06-26 06:00:00,0.0030384078
2025-06-26 07:00:00,0.0009703439
2025-06-26 08:00:00,-0.0032178772
2025-06-26 09:00:00,-0.0117446909
2025-06-26 10:00:00,-0.0012313756
2025-06-26 11:00:00,-0.0036414174
2025-06-26 12:00:00,-0.0078835878
2025-06-26 13:00:00,-0.0110920768
2025-06-26 14:00:00,0.0082836997
2025-06-26 15:00:00,0.0014363781
2025-06-26 16:00:00,-0.0049422979
2025-06-26 17:00:00,0.0026931404
2025-06-26 18:00:00,0.0029353923
2025-06-26 19:00:00,0.0062169924
2025-06-26 20:00:00,0.0061169828
2025-06-26 21:00:00,-0.011461266
2025-06-26 22:00:00,-0.0065012419
2025-06-26 23:00:00,0.003755873
2025-06-27 00:00:00,-0.0057647882
2025-06-27 01:00:00,0.0119933976
2025-06-27 02:00:00,0.0081012162
2025-06-27 03:00:00,-0.0004312336
2025-06-27 04:00:00,-0.0020354672
2025-06-27 05:00:00,-0.0066906457
2025-06-27 06:00:00,0.0035986885
2025-06-27 07:00:00,-0.0035986885
2025-06-27 08:00:00,0.0055786421
2025-06-27 09:00:00,0.0009267555
2025-06-27 10:00:00,-0.0070649773
2025-06-27 11:00:00,-0.0020544754
2025-06-27 12:00:00,-0.0058753841
2025-06-27 13:00:00,0.0001880465
2025-06-27 14:00:00,-0.0044599465
2025-06-27 15:00:00,0.0145002541
2025-06-27 16:00:00,0.002788365
2025-06-27 17:00:00,-0.0120142128
2025-06-27 18:00:00,-0.0133020086
2025-06-27 19:00:00,0.0103542815
2025-06-27 20:00:00,0.0090662452
2025-06-27 21:00:00,0.0021761441
2025-06-27 22:00:00,0.0030386678
2025-06-27 23:00:00,-0.0026040067
2025-06-28 00:00:00,-0.0001241696
2025-06-28 01:00:00,0.0050165776
2025-06-28 02:00:00,-0.0006797887
2025-06-28 03:00:00,0.0020379813
2025-06-28 04:00:00,-0.0016671301
2025-06-28 05:00:00,-6.1799e-05
2025-06-28 06:00:00,0.0051778455
2025-06-28 07:00:00,0.0038046192
2025-06-28 08:00:00,-0.0026985604
2025-06-28 09:00:00,0.0019020161
2025-06-28 10:00:00,-0.0031925371
2025-06-28 11:00:00,-0.0022162038
2025-06-28 12:00:00,-0.0020358439
2025-06-28 13:00:00,-0.0022256578
2025-06-28 14:00:00,0.0046312102
2025-06-28 15:00:00,0.0040577984
2025-06-28 16:00:00,-0.0014122128
2025-06-28 17:00:00,0.0121531924
2025-06-28 18:00:00,-0.003222377
2025-06-28 19:00:00,-0.0031717013
2025-06-28 20:00:00,-0.0022017011
2025-06-28 21:00:00,0.0052515998
2025-06-28 22:00:00,0.0013390142
2025-06-28 23:00:00,-0.0042667382
2025-06-29 00:00:00,0.0028668171
2025-06-29 01:00:00,-0.0033556055
2025-06-29 02:00:00,-0.0021412629
2025-06-29 03:00:00,-0.0031283571
2025-06-29 04:00:00,0.0014120394
2025-06-29 05:00:00,0.0039798001
2025-06-29 06:00:00,0.0026850568
2025-06-29 07:00:00,-0.001158572
2025-06-29 08:00:00,0.003471697
2025-06-29 09:00:00,0.0022471237
2025-06-29 10:00:00,-0.0019431631
2025-06-29 11:00:00,-0.0004863813
2025-06-29 12:00:00,-0.0013387697
2025-06-29 13:00:00,0.0023720475
2025-06-29 14:00:00,-0.004322554
2025-06-29 15:00:00,-0.0030553033
2025-06-29 16:00:00,0.0050058099
2025-06-29 17:00:00,-0.0001826985
2025-06-29 18:00:00,0.0031013434
2025-06-29 19:00:00,-0.0032840752
2025-06-29 20:00:00,-0.0015850762
2025-06-29 21:00:00,0.0035324965
2025-06-29 22:00:00,0.0290604914
2025-06-29 23:00:00,0.0009444544
2025-06-30 00:00:00,0.0020628894
2025-06-30 01:00:00,-0.0055499936
2025-06-30 02:00:00,-0.0079653277
2025-06-30 03:00:00,-5.96819e-05
2025-06-30 04:00:00,-0.0052060076
2025-06-30 05:00:00,0.002516629
2025-06-30 06:00:00,-0.0114355745
2025-06-30 07:00:00,0.0041077743
2025-06-30 08:00:00,-0.0039261927
2025-06-30 09:00:00,-0.0024844733
2025-06-30 10:00:00,0.0003639672
2025-06-30 11:00:00,0.0013334143
2025-06-30 12:00:00,-0.0063191364
2025-06-30 13:00:00,-0.0007927071
2025-06-30 14:00:00,-0.0040954854
2025-06-30 15:00:00,0.0108438467
2025-06-30 16:00:00,0.0018160911
2025-06-30 17:00:00,-6.04833e-05
2025-06-30 18:00:00,-0.0041214677
2025-06-30 19:00:00,0.018652767
2025-06-30 20:00:00,-0.0051398631
2025-06-30 21:00:00,-0.0067939537
2025-06-30 22:00:00,-0.003384098
2025-06-30 23:00:00,0.0003026176
2025-07-01 00:00:00,0.0008468425
2025-07-01 01:00:00,-0.0014521694
2025-07-01 02:00:00,-0.0052818627
2025-07-01 03:00:00,0.0038275815
2025-07-01 04:00:00,-0.0095659526
2025-07-01 05:00:00,-0.003434322
2025-07-01 06:00:00,0.0009210648
2025-07-01 07:00:00,-0.0018429788
2025-07-01 08:00:00,-0.0106324795
2025-07-01 09:00:00,0.0027926912
2025-07-01 10:00:00,0.0013624824
2025-07-01 11:00:00,-0.0042794744
2025-07-01 12:00:00,-0.0049222817
2025-07-01 13:00:00,-0.0013125412
2025-07-01 14:00:00,-0.0030693124
2025-07-01 15:00:00,0.0005017562
2025-07-01 16:00:00,0.0001880937
2025-07-01 17:00:00,-0.0001253918
2025-07-01 18:00:00,-0.0091963359
2025-07-01 19:00:00,0.0
2025-07-01 20:00:00,0.0042307391
2025-07-01 21:00:00,-0.0022078545
2025-07-01 22:00:00,-0.0043669574
2025-07-01 23:00:00,0.0009509621
2025-07-02 00:00:00,6.33653e-05
2025-07-02 01:00:00,0.0057495025
2025-07-02 02:00:00,-0.0011977182
2025-07-02 03:00:00,0.0062250649
2025-07-02 04:00:00,0.0061242536
2025-07-02 05:00:00,0.0017429198
2025-07-02 06:00:00,0.0047155265
2025-07-02 07:00:00,-0.0041559468
2025-07-02 08:00:00,0.0033509184
2025-07-02 09:00:00,-0.0019223024
2025-07-02 10:00:00,0.0035935602
2025-07-02 11:00:00,-0.0029110299
2025-07-02 12:00:00,-0.0044136459
2025-07-02 13:00:00,0.0089931452
2025-07-02 14:00:00,0.0094024352
2025-07-02 15:00:00,0.0142716417
2025-07-02 16:00:00,0.0361221106
2025-07-02 17:00:00,-0.0112883199
2025-07-02 18:00:00,0.0089592167
2025-07-02 19:00:00,-0.0024514108
2025-07-02 20:00:00,0.000408986
2025-07-02 21:00:00,0.0019841276
2025-07-02 22:00:00,-0.0044405565
2025-07-02 23:00:00,-0.0117215302
2025-07-03 00:00:00,-0.0014823162
2025-07-03 01:00:00,0.0080373933
2025-07-03 02:00:00,-0.0057851401
2025-07-03 03:00:00,-0.0012440391
2025-07-03 04:00:00,0.0087934705
2025-07-03 05:00:00,0.0223696978
2025-07-03 06:00:00,0.0013780434
2025-07-03 07:00:00,0.0026359536
2025-07-03 08:00:00,-0.0025212023
2025-07-03 09:00:00,0.0032077012
2025-07-03 10:00:00,-0.0041835071
2025-07-03 11:00:00,-0.0026451999
2025-07-03 12:00:00,-0.0091974618
2025-07-03 13:00:00,0.0146526994
2025-07-03 14:00:00,-0.0087427222
2025-07-03 15:00:00,-0.0204857028
2025-07-03 16:00:00,0.0080458517
2025-07-03 17:00:00,-0.000175495
2025-07-03 18:00:00,0.0047858151
2025-07-03 19:00:00,0.0009893212
2025-07-03 20:00:00,0.0033679841
2025-07-03 21:00:00,-0.0009279667
2025-07-03 22:00:00,0.0020867153
2025-07-03 23:00:00,-0.0038289772
2025-07-04 00:00:00,-0.0026773778
2025-07-04 01:00:00,0.0049417269
2025-07-04 02:00:00,-0.0097908586
2025-07-04 03:00:00,0.0007610573
2025-07-04 04:00:00,-0.0081676277
2025-07-04 05:00:00,0.0026515055
2025-07-04 06:00:00,-0.0073827226
2025-07-04 07:00:00,-0.011926911
2025-07-04 08:00:00,0.0010792662
2025-07-04 09:00:00,0.0032905591
2025-07-04 10:00:00,-0.0050899837
2025-07-04 11:00:00,0.0010200715
2025-07-04 12:00:00,0.0008392783
2025-07-04 13:00:00,-0.0150941705
2025-07-04 14:00:00,0.000243309
2025-07-04 15:00:00,-0.0072026192
2025-07-04 16:00:00,-0.0054054186
2025-07-04 17:00:00,0.0035045687
2025-07-04 18:00:00,-0.0059095278
2025-07-04 19:00:00,0.0004320854
2025-07-04 20:00:00,0.0036344636
2025-07-04 21:00:00,0.0012904417
2025-07-04 22:00:00,0.0080734383
2025-07-04 23:00:00,-0.0073981567
2025-07-05 00:00:00,0.0030025452
2025-07-05 01:00:00,-0.0021437548
2025-07-05 02:00:00,0.0001226242
2025-07-05 03:00:00,0.0076343242
2025-07-05 04:00:00,-0.0036572027
2025-07-05 05:00:00,0.0032312176
2025-07-05 06:00:00,0.0039486125
2025-07-05 07:00:00,-0.0037660252
2025-07-05 08:00:00,-0.0026202751
2025-07-05 09:00:00,0.0043835687
2025-07-05 10:00:00,-0.002250267
2025-07-05 11:00:00,-0.0001217804
2025-07-05 12:00:00,0.0001217804
2025-07-05 13:00:00,-0.0028657682
2025-07-05 14:00:00,-0.0006107989
2025-07-05 15:00:00,-0.0040406569
2025-07-05 16:00:00,0.0018386865
2025-07-05 17:00:00,0.0007957154
2025-07-05 18:00:00,-0.0056448794
2025-07-05 19:00:00,0.0064399622
2025-07-05 20:00:00,0.0040877394
2025-07-05 21:00:00,0.0007303713
2025-07-05 22:00:00,0.0008514262
2025-07-05 23:00:00,-0.0013991547
2025-07-06 00:00:00,0.0013991547
2025-07-06 01:00:00,-0.0019471833
2025-07-06 02:00:00,-0.0032944939
2025-07-06 03:00:00,0.0014045375
2025-07-06 04:00:00,-0.0012823255
2025-07-06 05:00:00,-0.0018347507
2025-07-06 06:00:00,0.0038490959
2025-07-06 07:00:00,-0.0007320198
2025-07-06 08:00:00,-0.0003662109
2025-07-06 09:00:00,-0.0021389075
2025-07-06 10:00:00,0.0067676995
2025-07-06 11:00:00,0.0042444885
2025-07-06 12:00:00,0.0103534302
2025-07-06 13:00:00,0.0355888513
2025-07-06 14:00:00,-0.014259765
2025-07-06 15:00:00,-0.0026413891
2025-07-06 16:00:00,0.0051588812
2025-07-06 17:00:00,-0.0024002587
2025-07-06 18:00:00,-0.0109619202
2025-07-06 19:00:00,0.004316596
2025-07-06 20:00:00,0.0061176661
2025-07-06 21:00:00,0.0093393161
2025-07-06 22:00:00,0.0050996865
2025-07-06 23:00:00,-0.0057389798
2025-07-07 00:00:00,-0.0054797852
2025-07-07 01:00:00,0.0032099009
2025-07-07 02:00:00,0.0085289601
2025-07-07 03:00:00,0.0112028288
2025-07-07 04:00:00,-0.0052698025
2025-07-07 05:00:00,-0.0043743595
2025-07-07 06:00:00,-0.0052050317
2025-07-07 07:00:00,0.0044548658
2025-07-07 08:00:00,-0.0028326174
2025-07-07 09:00:00,-0.0082544211
2025-07-07 10:00:00,-0.0004670715
2025-07-07 11:00:00,-0.0012855725
2025-07-07 12:00:00,-0.0089865807
2025-07-07 13:00:00,0.0075822504
2025-07-07 14:00:00,-0.0132030681
2025-07-07 15:00:00,-0.0005935071
2025-07-07 16:00:00,-0.0072692926
2025-07-07 17:00:00,0.0002391772
2025-07-07 18:00:00,0.0032233061
2025-07-07 19:00:00,0.0010721307
2025-07-07 20:00:00,-0.0066298585
2025-07-07 21:00:00,0.0015568865
2025-07-07 22:00:00,-0.0007781403
2025-07-07 23:00:00,0.006029689
2025-07-08 00:00:00,-0.0017872041
2025-07-08 01:00:00,-0.0061604908
2025-07-08 02:00:00,-0.000360036
2025-07-08 03:00:00,0.0083077309
2025-07-08 04:00:00,-0.0021450285
2025-07-08 05:00:00,0.0038696283
2025-07-08 06:00:00,-0.0008321941
2025-07-08 07:00:00,0.004213281
2025-07-08 08:00:00,-0.0034405064
2025-07-08 09:00:00,0.0030851404
2025-07-08 10:00:00,0.0053172759
2025-07-08 11:00:00,0.0073970045
2025-07-08 12:00:00,0.0042606654
2025-07-08 13:00:00,-0.0033837031
2025-07-08 14:00:00,-0.0133543179
2025-07-08 15:00:00,0.0011837823
2025-07-08 16:00:00,0.0051332089
2025-07-08 17:00:00,0.0077967391
2025-07-08 18:00:00,0.000875529
2025-07-08 19:00:00,-0.004443932
2025-07-08 20:00:00,-0.0035223707
2025-07-08 21:00:00,0.0035809719
2025-07-08 22:00:00,0.0037433512
2025-07-08 23:00:00,-0.0020454088
2025-07-09 00:00:00,-0.0012292565
2025-07-09 01:00:00,-0.0009962203
2025-07-09 02:00:00,0.0061373194
2025-07-09 03:00:00,-0.0064891637
2025-07-09 04:00:00,0.0041555765
2025-07-09 05:00:00,0.0066364197
2025-07-09 06:00:00,0.0010438414
2025-07-09 07:00:00,-0.0034837172
2025-07-09 08:00:00,-0.002679093
2025-07-09 09:00:00,0.0011657051
2025-07-09 10:00:00,0.0045912962
2025-07-09 11:00:00,0.004050697
2025-07-09 12:00:00,0.0035741088
2025-07-09 13:00:00,-0.0044985369
2025-07-09 14:00:00,-0.0038803512
2025-07-09 15:00:00,0.0038803512
2025-07-09 16:00:00,0.0037501847
2025-07-09 17:00:00,-0.0049647949
2025-07-09 18:00:00,-0.0008105605
2025-07-09 19:00:00,0.0249962967
2025-07-09 20:00:00,0.0266994652
2025-07-09 21:00:00,-0.0028642267
2025-07-09 22:00:00,0.0047325644
2025-07-09 23:00:00,-0.008490513
2025-07-10 00:00:00,-0.0098484591
2025-07-10 01:00:00,0.0113975603
2025-07-10 02:00:00,-5.52837e-05
2025-07-10 03:00:00,-0.0034890518
2025-07-10 04:00:00,0.0042627462
2025-07-10 05:00:00,-0.000939564
2025-07-10 06:00:00,0.0040834402
2025-07-10 07:00:00,0.0006606111
2025-07-10 08:00:00,0.0052144916
2025-07-10 09:00:00,-0.0055447426
2025-07-10 10:00:00,-0.001542615
2025-07-10 11:00:00,-0.0035902715
2025-07-10 12:00:00,-0.0028260346
2025-07-10 13:00:00,-0.0018884698
2025-07-10 14:00:00,0.0021104084
2025-07-10 15:00:00,0.0023273866
2025-07-10 16:00:00,0.0168495521
2025-07-10 17:00:00,0.0138365628
2025-07-10 18:00:00,-0.0041416836
2025-07-10 19:00:00,0.0023150028
2025-07-10 20:00:00,0.0076070437
2025-07-10 21:00:00,0.0248774293
2025-07-10 22:00:00,0.0093264925
2025-07-10 23:00:00,0.0067845655
2025-07-11 00:00:00,-0.013096346
2025-07-11 01:00:00,0.0159607981
2025-07-11 02:00:00,0.0165644696
2025-07-11 03:00:00,-0.0030188702
2025-07-11 04:00:00,-0.0002015824
2025-07-11 05:00:00,0.0001511906
2025-07-11 06:00:00,-0.0093664457
2025-07-11 07:00:00,-0.0009160306
2025-07-11 08:00:00,0.0055849048
2025-07-11 09:00:00,0.0072140558
2025-07-11 10:00:00,0.0020588021
2025-07-11 11:00:00,-0.001455787
2025-07-11 12:00:00,0.0081053128
2025-07-11 13:00:00,0.0106565902
2025-07-11 14:00:00,0.0083953656
2025-07-11 15:00:00,-0.0169612586
2025-07-11 16:00:00,0.0200853459
2025-07-11 17:00:00,0.026452752
2025-07-11 18:00:00,0.0048297835
2025-07-11 19:00:00,0.0008027009
2025-07-11 20:00:00,-0.0276599125
2025-07-11 21:00:00,-0.0157968806
2025-07-11 22:00:00,-0.0125001628
2025-07-11 23:00:00,0.0048300853
2025-07-12 00:00:00,-0.0072288871
2025-07-12 01:00:00,0.0138632316
2025-07-12 02:00:00,0.006247407
2025-07-12 03:00:00,-0.0007358533
2025-07-12 04:00:00,-0.0114010563
2025-07-12 05:00:00,0.0015871445
2025-07-12 06:00:00,0.0020793116
2025-07-12 07:00:00,-0.0061016634
2025-07-12 08:00:00,-0.0032395553
2025-07-12 09:00:00,0.0085001133
2025-07-12 10:00:00,0.0006927264
2025-07-12 11:00:00,-0.0081949352
2025-07-12 12:00:00,-0.019437643
2025-07-12 13:00:00,0.000203376
2025-07-12 14:00:00,-0.0055568444
2025-07-12 15:00:00,-0.0137954522
2025-07-12 16:00:00,0.0067670791
2025-07-12 17:00:00,0.0163402328
2025-07-12 18:00:00,-0.0005572865
2025-07-12 19:00:00,0.000506637
2025-07-12 20:00:00,-0.0154661991
2025-07-12 21:00:00,0.0111007099
2025-07-12 22:00:00,0.0029969799
2025-07-12 23:00:00,0.0014191589
2025-07-13 00:00:00,0.0003038436
2025-07-13 01:00:00,0.0051008924
2025-07-13 02:00:00,0.0031686183
2025-07-13 03:00:00,-0.0027656971
2025-07-13 04:00:00,0.0030669473
2025-07-13 05:00:00,-0.0076597835
2025-07-13 06:00:00,0.0065044979
2025-07-13 07:00:00,0.0023593796
2025-07-13 08:00:00,-0.0078526529
2025-07-13 09:00:00,-0.0045585856
2025-07-13 10:00:00,-0.0017784106
2025-07-13 11:00:00,0.0123327315
2025-07-13 12:00:00,0.0082045585
2025-07-13 13:00:00,0.0010955085
2025-07-13 14:00:00,0.0014422482
2025-07-13 15:00:00,-0.0052817901
2025-07-13 16:00:00,-0.005812222
2025-07-13 17:00:00,0.0085562554
2025-07-13 18:00:00,0.006456121
2025-07-13 19:00:00,-0.0036699109
2025-07-13 20:00:00,-0.0016907015
2025-07-13 21:00:00,-0.0180791345
2025-07-13 22:00:00,-5.06778e-05
2025-07-13 23:00:00,0.0067177059
2025-07-14 00:00:00,0.0003523165
2025-07-14 01:00:00,0.0037169162
2025-07-14 02:00:00,0.0090832585
2025-07-14 03:00:00,0.0167019525
2025-07-14 04:00:00,0.0169080888
2025-07-14 05:00:00,-0.0084425327
2025-07-14 06:00:00,-0.0010664082
2025-07-14 07:00:00,0.0073929452
2025-07-14 08:00:00,-0.0048741742
2025-07-14 09:00:00,0.0038626865
2025-07-14 10:00:00,-0.0037175661
2025-07-14 11:00:00,-0.0047515241
2025-07-14 12:00:00,-0.0009238325
2025-07-14 13:00:00,0.0007294124
2025-07-14 14:00:00,-0.0137042082
2025-07-14 15:00:00,-0.0174989552
2025-07-14 16:00:00,0.0102283541
2025-07-14 17:00:00,-0.0083244505
2025-07-14 18:00:00,-0.0089497304
2025-07-14 19:00:00,0.0014635749
2025-07-14 20:00:00,-0.002929295
2025-07-14 21:00:00,0.0035846856
2025-07-14 22:00:00,-0.0019674619
2025-07-14 23:00:00,-0.0025280628
2025-07-15 00:00:00,-0.0126858058
2025-07-15 01:00:00,-0.0090130139
2025-07-15 02:00:00,-0.0036280749
2025-07-15 03:00:00,-0.01159403
2025-07-15 04:00:00,0.0071707407
2025-07-15 05:00:00,-0.0011480458
2025-07-15 06:00:00,-0.0002611034
2025-07-15 07:00:00,-0.003872323
2025-07-15 08:00:00,0.0003669436
2025-07-15 09:00:00,0.0007334836
2025-07-15 10:00:00,0.0069934005
2025-07-15 11:00:00,-0.0010406911
2025-07-15 12:00:00,0.0037932961
2025-07-15 13:00:00,0.0096005692
2025-07-15 14:00:00,-0.0245449377
2025-07-15 15:00:00,0.0138546197
2025-07-15 16:00:00,0.0098166637
2025-07-15 17:00:00,0.0189453619
2025-07-15 18:00:00,-0.0197683226
2025-07-15 19:00:00,-0.0129996393
2025-07-15 20:00:00,0.009494481
2025-07-15 21:00:00,0.0095586318
2025-07-15 22:00:00,0.0043379588
2025-07-15 23:00:00,0.014409107
2025-07-16 00:00:00,0.0105852796
2025-07-16 01:00:00,-0.0055782593
2025-07-16 02:00:00,-0.0145393078
2025-07-16 03:00:00,-0.0018260213
2025-07-16 04:00:00,0.0007105157
2025-07-16 05:00:00,0.0039999041
2025-07-16 06:00:00,0.0078017257
2025-07-16 07:00:00,-0.0007523511
2025-07-16 08:00:00,0.0039560381
2025-07-16 09:00:00,0.0068235852
2025-07-16 10:00:00,-0.0018880117
2025-07-16 11:00:00,-0.001393451
2025-07-16 12:00:00,0.0032814627
2025-07-16 13:00:00,-0.0016393853
2025-07-16 14:00:00,0.0136291676
2025-07-16 15:00:00,-0.0031438843
2025-07-16 16:00:00,0.0172670371
2025-07-16 17:00:00,0.0014496958
2025-07-16 18:00:00,0.0066416646
2025-07-16 19:00:00,0.0019647784
2025-07-16 20:00:00,0.0136464091
2025-07-16 21:00:00,0.0206588016
2025-07-16 22:00:00,-0.0066837102
2025-07-16 23:00:00,-0.0099689591
2025-07-17 00:00:00,0.0160511098
2025-07-17 01:00:00,-0.0200100178
2025-07-17 02:00:00,0.004711212
2025-07-17 03:00:00,-0.0210894109
2025-07-17 04:00:00,0.0104577989
2025-07-17 05:00:00,0.0079018131
2025-07-17 06:00:00,0.0018363749
2025-07-17 07:00:00,-0.0024020924
2025-07-17 08:00:00,0.0024491346
2025-07-17 09:00:00,0.0169317695
2025-07-17 10:00:00,-0.0049611786
2025-07-17 11:00:00,0.0030167335
2025-07-17 12:00:00,0.0054533826
2025-07-17 13:00:00,-0.0139700135
2025-07-17 14:00:00,-0.000514247
2025-07-17 15:00:00,0.000607718
2025-07-17 16:00:00,-0.0126509553
2025-07-17 17:00:00,0.0095149093
2025-07-17 18:00:00,0.0084030185
2025-07-17 19:00:00,-0.0173028489
2025-07-17 20:00:00,-0.0026048465
2025-07-17 21:00:00,0.024684516
2025-07-17 22:00:00,0.0148334561
2025-07-17 23:00:00,-0.0064941233
2025-07-18 00:00:00,0.0282282279
2025-07-18 01:00:00,0.0362242606
2025-07-18 02:00:00,-0.004959365
2025-07-18 03:00:00,0.0218933788
2025-07-18 04:00:00,-0.001820376
2025-07-18 05:00:00,0.0364871891
2025-07-18 06:00:00,0.0044432741
2025-07-18 07:00:00,-0.0279640443
2025-07-18 08:00:00,-0.0048217112
2025-07-18 09:00:00,0.0117410002
2025-07-18 10:00:00,0.0033175779
2025-07-18 11:00:00,-0.0061878559
2025-07-18 12:00:00,0.0303613064
2025-07-18 13:00:00,0.0068064461
2025-07-18 14:00:00,-0.0235964407
2025-07-18 15:00:00,-0.0258943783
2025-07-18 16:00:00,-8.43526e-05
2025-07-18 17:00:00,0.0103640915
2025-07-18 18:00:00,-0.0221588825
2025-07-18 19:00:00,-0.0002987942
2025-07-18 20:00:00,-0.0087040961
2025-07-18 21:00:00,0.0072087847
2025-07-18 22:00:00,-0.0004276428
2025-07-18 23:00:00,0.0093237791
2025-07-19 00:00:00,0.0132602814
2025-07-19 01:00:00,0.0146951586
2025-07-19 02:00:00,0.0043175297
2025-07-19 03:00:00,0.0238396111
2025-07-19 04:00:00,0.0202267455
2025-07-19 05:00:00,-0.004288728
2025-07-19 06:00:00,-0.0101455315
2025-07-19 07:00:00,0.0110520248
2025-07-19 08:00:00,-0.0015375824
2025-07-19 09:00:00,-0.0009868746
2025-07-19 10:00:00,-0.0061007201
2025-07-19 11:00:00,-0.0263718808
2025-07-19 12:00:00,0.0062226942
2025-07-19 13:00:00,-0.0161448748
2025-07-19 14:00:00,-0.0132314919
2025-07-19 15:00:00,0.0122420867
2025-07-19 16:00:00,0.0015249246
2025-07-19 17:00:00,-0.0036306666
2025-07-19 18:00:00,-0.0033950267
2025-07-19 19:00:00,0.0067785661
2025-07-19 20:00:00,-0.0069859532
2025-07-19 21:00:00,0.0009536249
2025-07-19 22:00:00,-0.0021988517
2025-07-19 23:00:00,0.003482735
2025-07-20 00:00:00,0.0229942215
2025-07-20 01:00:00,0.0184351792
2025-07-20 02:00:00,-0.0025048221
2025-07-20 03:00:00,0.016816407
2025-07-20 04:00:00,-0.0039221889
2025-07-20 05:00:00,-0.0070197867
2025-07-20 06:00:00,-0.0043230876
2025-07-20 07:00:00,0.0007151939
2025-07-20 08:00:00,0.0116881883
2025-07-20 09:00:00,-0.0144325472
2025-07-20 10:00:00,0.001194125
2025-07-20 11:00:00,0.0016296683
2025-07-20 12:00:00,0.0058607066
2025-07-20 13:00:00,0.0080223797
2025-07-20 14:00:00,-0.0066414093
2025-07-20 15:00:00,0.0033065689
2025-07-20 16:00:00,0.0380546698
2025-07-20 17:00:00,-0.0062617612
2025-07-20 18:00:00,0.036335013
2025-07-20 19:00:00,0.005491502
2025-07-20 20:00:00,-0.0105704574
2025-07-20 21:00:00,0.0044546783
2025-07-20 22:00:00,0.0063348131
2025-07-20 23:00:00,-0.0002190341
2025-07-21 00:00:00,-0.0107549626
2025-07-21 01:00:00,-0.0132250525
2025-07-21 02:00:00,0.0113041772
2025-07-21 03:00:00,0.003690722
2025-07-21 04:00:00,0.000994164
2025-07-21 05:00:00,0.008027461
2025-07-21 06:00:00,-0.0036208733
2025-07-21 07:00:00,0.0016108959
2025-07-21 08:00:00,-0.0038484846
2025-07-21 09:00:00,-0.0118952271
2025-07-21 10:00:00,0.0104620093
2025-07-21 11:00:00,-0.0032414939
2025-07-21 12:00:00,0.0051152889
2025-07-21 13:00:00,0.0076424177
2025-07-21 14:00:00,0.01381927
2025-07-21 15:00:00,0.0137726514
2025-07-21 16:00:00,-0.0005316792
2025-07-21 17:00:00,-0.0067234916
2025-07-21 18:00:00,-0.0327993412
2025-07-21 19:00:00,-0.0079988576
2025-07-21 20:00:00,-0.0069021111
2025-07-21 21:00:00,0.0151222485
2025-07-21 22:00:00,0.0017684774
2025-07-21 23:00:00,7.36187e-05
2025-07-22 00:00:00,0.0001472212
2025-07-22 01:00:00,0.0035268222
2025-07-22 02:00:00,-0.0255924232
2025-07-22 03:00:00,0.0014286791
2025-07-22 04:00:00,-0.0312919033
2025-07-22 05:00:00,0.0224995597
2025-07-22 06:00:00,0.0031031245
2025-07-22 07:00:00,0.0033571635
2025-07-22 08:00:00,0.0072790356
2025-07-22 09:00:00,-0.0054730981
2025-07-22 10:00:00,0.0077882597
2025-07-22 11:00:00,-0.0026890773
2025-07-22 12:00:00,-0.0096201561
2025-07-22 13:00:00,-0.0079231607
2025-07-22 14:00:00,0.0172066731
2025-07-22 15:00:00,-0.0027722642
2025-07-22 16:00:00,0.0037818554
2025-07-22 17:00:00,-0.0084822607
2025-07-22 18:00:00,0.0038371878
2025-07-22 19:00:00,-0.0232087143
2025-07-22 20:00:00,0.0124879895
2025-07-22 21:00:00,0.0127462318
2025-07-22 22:00:00,0.0019092191
2025-07-22 23:00:00,0.0138168889
2025-07-23 00:00:00,-0.0156137001
2025-07-23 01:00:00,0.0025071579
2025-07-23 02:00:00,-0.0047201706
2025-07-23 03:00:00,-0.0079546517
2025-07-23 04:00:00,0.0101301964
2025-07-23 05:00:00,-0.0052594133
2025-07-23 06:00:00,-0.0130800113
2025-07-23 07:00:00,-0.0070465978
2025-07-23 08:00:00,0.0049454758
2025-07-23 09:00:00,-0.016619813
2025-07-23 10:00:00,-0.001868141
2025-07-23 11:00:00,-0.0028478378
2025-07-23 12:00:00,-0.0248000528
2025-07-23 13:00:00,-0.0207177435
2025-07-23 14:00:00,0.0154173778
2025-07-23 15:00:00,0.0061810351
2025-07-23 16:00:00,-0.0303866096
2025-07-23 17:00:00,-0.001031715
2025-07-23 18:00:00,0.0102695612
2025-07-23 19:00:00,-0.0083720274
2025-07-23 20:00:00,-0.01783794
2025-07-23 21:00:00,-0.0049206282
2025-07-23 22:00:00,0.0111105266
2025-07-23 23:00:00,0.0028727875
2025-07-24 00:00:00,0.0171472814
2025-07-24 01:00:00,0.0002451782
2025-07-24 02:00:00,-0.0039711022
2025-07-24 03:00:00,-0.0018476325
2025-07-24 04:00:00,-0.0203427806
2025-07-24 05:00:00,-0.0346495387
2025-07-24 06:00:00,-0.0159751302
2025-07-24 07:00:00,0.0276731895
2025-07-24 08:00:00,0.0128346288
2025-07-24 09:00:00,0.0005929691
2025-07-24 10:00:00,-0.0051791591
2025-07-24 11:00:00,0.0166723288
2025-07-24 12:00:00,-0.0070149197
2025-07-24 13:00:00,-0.0122144103
2025-07-24 14:00:00,0.0414584465
2025-07-24 15:00:00,-0.0178852788
2025-07-24 16:00:00,-0.018423234
2025-07-24 17:00:00,0.0175059175
2025-07-24 18:00:00,0.0022084723
2025-07-24 19:00:00,-0.0068915382
2025-07-24 20:00:00,0.0073908932
2025-07-24 21:00:00,-0.0172465093
2025-07-24 22:00:00,-0.0038591257
2025-07-24 23:00:00,-0.0146812832
2025-07-25 00:00:00,-0.0194620506
2025-07-25 01:00:00,0.010757494
2025-07-25 02:00:00,-0.0189244084
2025-07-25 03:00:00,-0.0002216558
2025-07-25 04:00:00,0.0187110167
2025-07-25 05:00:00,-0.0137135493
2025-07-25 06:00:00,0.0024233891
2025-07-25 07:00:00,-0.0044547433
2025-07-25 08:00:00,0.0012369678
2025-07-25 09:00:00,0.0230005557
2025-07-25 10:00:00,0.0006038648
2025-07-25 11:00:00,-0.0034555777
2025-07-25 12:00:00,0.0009082456
2025-07-25 13:00:00,-0.0029006233
2025-07-25 14:00:00,-0.0315794854
2025-07-25 15:00:00,0.0037962574
2025-07-25 16:00:00,0.0110826562
2025-07-25 17:00:00,-0.0003527492
2025-07-25 18:00:00,0.0020706221
2025-07-25 19:00:00,0.0006159532
2025-07-25 20:00:00,0.0228715566
2025-07-25 21:00:00,0.008774051
2025-07-25 22:00:00,0.0037429332
2025-07-25 23:00:00,0.0050815269
2025-07-26 00:00:00,-0.0061009383
2025-07-26 01:00:00,-0.0096936811
2025-07-26 02:00:00,0.0162591366
2025-07-26 03:00:00,0.0005486969
2025-07-26 04:00:00,0.0027810569
2025-07-26 05:00:00,0.0026054814
2025-07-26 06:00:00,-0.0050068475
2025-07-26 07:00:00,-0.0005062864
2025-07-26 08:00:00,0.0045053656
2025-07-26 09:00:00,0.0049033059
2025-07-26 10:00:00,-0.0019249284
2025-07-26 11:00:00,-0.0084970856
2025-07-26 12:00:00,0.0040892956
2025-07-26 13:00:00,0.0014714231
2025-07-26 14:00:00,-0.0056029636
2025-07-26 15:00:00,0.0078270051
2025-07-26 16:00:00,-0.0079960025
2025-07-26 17:00:00,-0.000591716
2025-07-26 18:00:00,0.006447693
2025-07-26 19:00:00,0.0047354724
2025-07-26 20:00:00,-0.008059482
2025-07-26 21:00:00,0.002189198
2025-07-26 22:00:00,-0.0046789134
2025-07-26 23:00:00,-0.0049131823
2025-07-27 00:00:00,0.0033063487
2025-07-27 01:00:00,0.0059071902
2025-07-27 02:00:00,0.0087124619
2025-07-27 03:00:00,-0.0019620537
2025-07-27 04:00:00,0.0091510975
2025-07-27 05:00:00,0.0012414137
2025-07-27 06:00:00,-0.0129447605
2025-07-27 07:00:00,-0.0065568493
2025-07-27 08:00:00,-0.0039717803
2025-07-27 09:00:00,-0.00377511
2025-07-27 10:00:00,0.0156852733
2025-07-27 11:00:00,-0.0114445647
2025-07-27 12:00:00,0.0086376335
2025-07-27 13:00:00,-0.0042884236
2025-07-27 14:00:00,-0.004391528
2025-07-27 15:00:00,0.0024514996
2025-07-27 16:00:00,0.0042546982
2025-07-27 17:00:00,0.0078300411
2025-07-27 18:00:00,0.0039544664
2025-07-27 19:00:00,-0.0042464677
2025-07-27 20:00:00,-0.0018791896
2025-07-27 21:00:00,0.0047953723
2025-07-27 22:00:00,0.0070469534
2025-07-27 23:00:00,-0.0059659621
2025-07-28 00:00:00,0.0042295634
2025-07-28 01:00:00,-0.0114025372
2025-07-28 02:00:00,0.0215302483
2025-07-28 03:00:00,0.0022094935
2025-07-28 04:00:00,-0.0011041365
2025-07-28 05:00:00,0.0149047371
2025-07-28 06:00:00,-0.007038864
2025-07-28 07:00:00,-0.0107751747
2025-07-28 08:00:00,-0.0076205753
2025-07-28 09:00:00,0.0023954086
2025-07-28 10:00:00,-0.0046307864
2025-07-28 11:00:00,0.0012424934
2025-07-28 12:00:00,0.0001241645
2025-07-28 13:00:00,-0.0203606607
2025-07-28 14:00:00,-0.0205251386
2025-07-28 15:00:00,0.0018951636
2025-07-28 16:00:00,-0.0006026171
2025-07-28 17:00:00,-0.0077804585
2025-07-28 18:00:00,-0.0068360704
2025-07-28 19:00:00,0.0031843688
2025-07-28 20:00:00,-0.0072997811
2025-07-28 21:00:00,-0.0001316222
2025-07-28 22:00:00,-0.0082830804
2025-07-28 23:00:00,-0.0025249742
2025-07-29 00:00:00,0.0019053955
2025-07-29 01:00:00,-0.0060388266
2025-07-29 02:00:00,-0.0042847644
2025-07-29 03:00:00,0.0155337759
2025-07-29 04:00:00,-0.0055201182
2025-07-29 05:00:00,0.0120605362
2025-07-29 06:00:00,0.0051059484
2025-07-29 07:00:00,0.0098326654
2025-07-29 08:00:00,-0.0077888754
2025-07-29 09:00:00,-0.0056195831
2025-07-29 10:00:00,-0.0139450187
2025-07-29 11:00:00,0.0085572398
2025-07-29 12:00:00,0.0114850932
2025-07-29 13:00:00,-0.0141678875
2025-07-29 14:00:00,-0.0192082736
2025-07-29 15:00:00,0.0003590825
2025-07-29 16:00:00,-0.0049487234
2025-07-29 17:00:00,0.0050833462
2025-07-29 18:00:00,-0.0022910547
2025-07-29 19:00:00,-0.0035141503
2025-07-29 20:00:00,-0.0012645081
2025-07-29 21:00:00,0.0086389739
2025-07-29 22:00:00,0.0020140092
2025-07-29 23:00:00,0.0010278182
2025-07-30 00:00:00,-0.0016539643
2025-07-30 01:00:00,0.0056212506
2025-07-30 02:00:00,-0.0010237466
2025-07-30 03:00:00,-0.0003117832
2025-07-30 04:00:00,-0.0073325912
2025-07-30 05:00:00,0.0030468704
2025-07-30 06:00:00,0.0018326075
2025-07-30 07:00:00,-0.0090616087
2025-07-30 08:00:00,0.0020257958
2025-07-30 09:00:00,-0.0083546448
2025-07-30 10:00:00,-0.0080135201
2025-07-30 11:00:00,-0.0126511176
2025-07-30 12:00:00,0.006138528
2025-07-30 13:00:00,0.0015172766
2025-07-30 14:00:00,0.021768145
2025-07-30 15:00:00,-0.0043700653
2025-07-30 16:00:00,-0.0013102313
2025-07-30 17:00:00,0.0078806163
2025-07-30 18:00:00,-0.027374055
2025-07-30 19:00:00,0.0013820429
2025-07-30 20:00:00,0.0023910256
2025-07-30 21:00:00,-0.0018387428
2025-07-30 22:00:00,0.0008278527
2025-07-30 23:00:00,0.0106546953
2025-07-31 00:00:00,0.0118467654
2025-07-31 01:00:00,-0.0047760747
2025-07-31 02:00:00,0.0051356091
2025-07-31 03:00:00,0.0016163071
2025-07-31 04:00:00,0.001300128
2025-07-31 05:00:00,-0.000537779
2025-07-31 06:00:00,0.0046957891
2025-07-31 07:00:00,-0.002591138
2025-07-31 08:00:00,0.0052645789
2025-07-31 09:00:00,0.0016006406
2025-07-31 10:00:00,-0.0076259651
2025-07-31 11:00:00,-0.0049365087
2025-07-31 12:00:00,-0.0041023387
2025-07-31 13:00:00,-0.0119974173
2025-07-31 14:00:00,-0.0164561551
2025-07-31 15:00:00,0.0113225324
2025-07-31 16:00:00,0.0116046624
2025-07-31 17:00:00,-0.0200497621
2025-07-31 18:00:00,0.0002316906
2025-07-31 19:00:00,-0.0097307377
2025-07-31 20:00:00,-0.001451413
2025-07-31 21:00:00,-0.0029091612
2025-07-31 22:00:00,-0.0098695108
2025-07-31 23:00:00,-0.0046615696
2025-08-01 00:00:00,-0.0084267472
2025-08-01 01:00:00,-0.00259978
2025-08-01 02:00:00,0.0091653512
2025-08-01 03:00:00,-0.0022475681
2025-08-01 04:00:00,-0.0065322038
2025-08-01 05:00:00,-0.0069632777
2025-08-01 06:00:00,-0.0002911915
2025-08-01 07:00:00,-0.0013600158
2025-08-01 08:00:00,-0.0079541715
2025-08-01 09:00:00,0.0006856695
2025-08-01 10:00:00,0.0071226762
2025-08-01 11:00:00,0.0086157358
2025-08-01 12:00:00,0.0003854864
2025-08-01 13:00:00,-0.017544736
2025-08-01 14:00:00,0.0266566348
2025-08-01 15:00:00,0.0005727104
2025-08-01 16:00:00,-0.0096364338
2025-08-01 17:00:00,-0.0078348324
2025-08-01 18:00:00,0.0011160986
2025-08-01 19:00:00,0.0105652622
2025-08-01 20:00:00,-0.0135767274
2025-08-01 21:00:00,-0.0011194667
2025-08-01 22:00:00,-0.0356428222
2025-08-01 23:00:00,0.0139820364
2025-08-02 00:00:00,0.0078322911
2025-08-02 01:00:00,-0.0001975309
2025-08-02 02:00:00,-0.0033144555
2025-08-02 03:00:00,0.0014359637
2025-08-02 04:00:00,0.0034576473
2025-08-02 05:00:00,-0.0036060997
2025-08-02 06:00:00,-0.0283080383
2025-08-02 07:00:00,0.0185610816
2025-08-02 08:00:00,-0.0054116482
2025-08-02 09:00:00,0.0029098957
2025-08-02 10:00:00,-0.0049216652
2025-08-02 11:00:00,0.0057229072
2025-08-02 12:00:00,-0.0009014424
2025-08-02 13:00:00,-0.000400902
2025-08-02 14:00:00,-0.0195881247
2025-08-02 15:00:00,-0.0058954878
2025-08-02 16:00:00,0.007835947
2025-08-02 17:00:00,-0.017705043
2025-08-02 18:00:00,-0.0084476698
2025-08-02 19:00:00,0.0079282702
2025-08-02 20:00:00,0.0068860455
2025-08-02 21:00:00,0.001340621
2025-08-02 22:00:00,-0.0023214434
2025-08-02 23:00:00,-0.0141477446
2025-08-03 00:00:00,0.0136828085
2025-08-03 01:00:00,0.0063354921
2025-08-03 02:00:00,0.0059894213
2025-08-03 03:00:00,0.0004082258
2025-08-03 04:00:00,-0.0017872193
2025-08-03 05:00:00,-0.000715783
2025-08-03 06:00:00,0.000817996
2025-08-03 07:00:00,0.002857728
2025-08-03 08:00:00,0.001222245
2025-08-03 09:00:00,0.0019321712
2025-08-03 10:00:00,0.0040049735
2025-08-03 11:00:00,0.0007586294
2025-08-03 12:00:00,0.005042875
2025-08-03 13:00:00,-0.0026191211
2025-08-03 14:00:00,0.0015118685
2025-08-03 15:00:00,0.0007047571
2025-08-03 16:00:00,0.0053199624
2025-08-03 17:00:00,-0.0014526513
2025-08-03 18:00:00,-0.0005515582
2025-08-03 19:00:00,-0.002611492
2025-08-03 20:00:00,0.0002514016
2025-08-03 21:00:00,0.0027111172
2025-08-03 22:00:00,-0.001404847
2025-08-03 23:00:00,-0.002010354
2025-08-04 00:00:00,0.0208605379
2025-08-04 01:00:00,-0.0092563463
2025-08-04 02:00:00,0.0080731475
2025-08-04 03:00:00,-0.0050938514
2025-08-04 04:00:00,-0.0034767096
2025-08-04 05:00:00,-0.0014937266
2025-08-04 06:00:00,0.0096202269
2025-08-04 07:00:00,0.0028090598
2025-08-04 08:00:00,-0.0053786121
2025-08-04 09:00:00,-0.0049600816
2025-08-04 10:00:00,0.0022350818
2025-08-04 11:00:00,-0.0023345348
2025-08-04 12:00:00,0.0033263032
2025-08-04 13:00:00,0.0114822008
2025-08-04 14:00:00,-0.0022564515
2025-08-04 15:00:00,0.001325056
2025-08-04 16:00:00,0.0185131985
2025-08-04 17:00:00,-0.0065691199
2025-08-04 18:00:00,-0.0050527242
2025-08-04 19:00:00,-0.0042464981
2025-08-04 20:00:00,0.0108003969
2025-08-04 21:00:00,0.0103977061
2025-08-04 22:00:00,0.0089626839
2025-08-04 23:00:00,-0.0014723696
2025-08-05 00:00:00,-0.0033327016
2025-08-05 01:00:00,-0.0057391711
2025-08-05 02:00:00,0.002921528
2025-08-05 03:00:00,-0.012609051
2025-08-05 04:00:00,-0.0027158116
2025-08-05 05:00:00,0.0029095162
2025-08-05 06:00:00,-0.0074360626
2025-08-05 07:00:00,-0.0159318903
2025-08-05 08:00:00,0.0073582396
2025-08-05 09:00:00,0.0164938107
2025-08-05 10:00:00,0.0061277362
2025-08-05 11:00:00,-0.0020705437
2025-08-05 12:00:00,-0.0194199761
2025-08-05 13:00:00,0.0050983002
2025-08-05 14:00:00,-0.0260063694
2025-08-05 15:00:00,-0.0068991839
2025-08-05 16:00:00,0.004638274
2025-08-05 17:00:00,0.0064176706
2025-08-05 18:00:00,-0.0064176706
2025-08-05 19:00:00,-0.0053965583
2025-08-05 20:00:00,0.0011119536
2025-08-05 21:00:00,-0.0020732732
2025-08-05 22:00:00,0.0078154942
2025-08-05 23:00:00,0.0036097502
2025-08-06 00:00:00,-0.0120835223
2025-08-06 01:00:00,0.0044980239
2025-08-06 02:00:00,-0.0036372862
2025-08-06 03:00:00,-0.0056844288
2025-08-06 04:00:00,0.0005597252
2025-08-06 05:00:00,0.0175978322
2025-08-06 06:00:00,0.0021968155
2025-08-06 07:00:00,0.00423023
2025-08-06 08:00:00,-0.0089292988
2025-08-06 09:00:00,0.0062439325
2025-08-06 10:00:00,-0.0018940344
2025-08-06 11:00:00,0.0002494201
2025-08-06 12:00:00,-0.0060033198
2025-08-06 13:00:00,0.0070502055
2025-08-06 14:00:00,0.0124286713
2025-08-06 15:00:00,0.0103785139
2025-08-06 16:00:00,-0.007871939
2025-08-06 17:00:00,0.0104498241
2025-08-06 18:00:00,-0.0012151556
2025-08-06 19:00:00,0.000583459
2025-08-06 20:00:00,-0.0023846034
2025-08-06 21:00:00,0.001849779
2025-08-06 22:00:00,-0.0003404918
2025-08-06 23:00:00,-0.0012656997
2025-08-07 00:00:00,-0.0013648552
2025-08-07 01:00:00,-0.002050782
2025-08-07 02:00:00,-0.0034273437
2025-08-07 03:00:00,0.0007844291
2025-08-07 04:00:00,0.003620002
2025-08-07 05:00:00,0.0036555983
2025-08-07 06:00:00,0.0015556639
2025-08-07 07:00:00,-0.000485885
2025-08-07 08:00:00,0.000680173
2025-08-07 09:00:00,0.0014074598
2025-08-07 10:00:00,0.0330103905
2025-08-07 11:00:00,0.0054284377
2025-08-07 12:00:00,-0.0010272694
2025-08-07 13:00:00,0.0016804373
2025-08-07 14:00:00,-0.007067498
2025-08-07 15:00:00,0.007067498
2025-08-07 16:00:00,-0.0083365039
2025-08-07 17:00:00,0.0022548983
2025-08-07 18:00:00,0.0017346871
2025-08-07 19:00:00,0.0177817541
2025-08-07 20:00:00,0.0022982176
2025-08-07 21:00:00,0.0071822629
2025-08-07 22:00:00,0.0156486392
2025-08-07 23:00:00,-0.0017966228
2025-08-08 00:00:00,-0.0043702622
2025-08-08 01:00:00,0.0002257387
2025-08-08 02:00:00,0.0011279299
2025-08-08 03:00:00,0.0040051355
2025-08-08 04:00:00,-0.005674924
2025-08-08 05:00:00,-0.0054802103
2025-08-08 06:00:00,0.0113347643
2025-08-08 07:00:00,0.0080946754
2025-08-08 08:00:00,-0.0041956855
2025-08-08 09:00:00,-0.0031359223
2025-08-08 10:00:00,-0.0007630676
2025-08-08 11:00:00,0.0043908848
2025-08-08 12:00:00,-0.0081699067
2025-08-08 13:00:00,0.0268603839
2025-08-08 14:00:00,-0.0198982879
2025-08-08 15:00:00,-0.008947298
2025-08-08 16:00:00,0.0066170258
2025-08-08 17:00:00,0.0239383743
2025-08-08 18:00:00,-0.0066804626
2025-08-08 19:00:00,0.0109204427
2025-08-08 20:00:00,0.0013512632
2025-08-08 21:00:00,-0.0005664365
2025-08-08 22:00:00,0.0068627294
2025-08-08 23:00:00,-0.0025571582
2025-08-09 00:00:00,0.0002603489
2025-08-09 01:00:00,0.0067884814
2025-08-09 02:00:00,-0.0034100998
2025-08-09 03:00:00,-0.0043333257
2025-08-09 04:00:00,0.0036412542
2025-08-09 05:00:00,0.0195387337
2025-08-09 06:00:00,-0.0030172345
2025-08-09 07:00:00,0.0028474912
2025-08-09 08:00:00,0.0033048077
2025-08-09 09:00:00,0.0048105418
2025-08-09 10:00:00,-0.0007580224
2025-08-09 11:00:00,0.0014734053
2025-08-09 12:00:00,0.0237359164
2025-08-09 13:00:00,-0.023988346
2025-08-09 14:00:00,0.0106308288
2025-08-09 15:00:00,0.0027439422
2025-08-09 16:00:00,8.30323e-05
2025-08-09 17:00:00,0.0165510798
2025-08-09 18:00:00,0.0022840372
2025-08-09 19:00:00,-0.0097433939
2025-08-09 20:00:00,0.0015620507
2025-08-09 21:00:00,-0.0032501623
2025-08-09 22:00:00,-0.0093151018
2025-08-09 23:00:00,-0.0015401589
2025-08-10 00:00:00,0.0100719978
2025-08-10 01:00:00,-0.0048368188
2025-08-10 02:00:00,-0.0054434906
2025-08-10 03:00:00,0.0111459854
2025-08-10 04:00:00,-0.0006182635
2025-08-10 05:00:00,-0.0187699291
2025-08-10 06:00:00,-0.0064062258
2025-08-10 07:00:00,-0.0180469498
2025-08-10 08:00:00,0.0069501331
2025-08-10 09:00:00,-0.001625947
2025-08-10 10:00:00,-0.0078674553
2025-08-10 11:00:00,-0.0035021762
2025-08-10 12:00:00,0.0047961723
2025-08-10 13:00:00,-0.0069641478
2025-08-10 14:00:00,0.0141797441
2025-08-10 15:00:00,-0.0041597933
2025-08-10 16:00:00,0.0072363244
2025-08-10 17:00:00,-0.0029481531
2025-08-10 18:00:00,0.0033747015
2025-08-10 19:00:00,0.0028957138
2025-08-10 20:00:00,-0.0058853803
2025-08-10 21:00:00,-0.0031273454
2025-08-10 22:00:00,0.001886146
2025-08-10 23:00:00,0.0018398482
2025-08-11 00:00:00,-0.0015401073
2025-08-11 01:00:00,0.0109430314
2025-08-11 02:00:00,0.0192095828
2025-08-11 03:00:00,-0.0063762171
2025-08-11 04:00:00,0.000835806
2025-08-11 05:00:00,-0.0047315068
2025-08-11 06:00:00,0.001845019
2025-08-11 07:00:00,-0.0224109695
2025-08-11 08:00:00,0.0124325696
2025-08-11 09:00:00,-0.0088829026
2025-08-11 10:00:00,-0.0082735441
2025-08-11 11:00:00,-0.0175435478
2025-08-11 12:00:00,-0.0025001658
2025-08-11 13:00:00,0.0070022168
2025-08-11 14:00:00,-0.0035825107
2025-08-11 15:00:00,0.0105360372
2025-08-11 16:00:00,-0.001126663
2025-08-11 17:00:00,-0.0014318258
2025-08-11 18:00:00,0.003900161
2025-08-11 19:00:00,-0.0165718327
2025-08-11 20:00:00,-0.0012760436
2025-08-11 21:00:00,-0.0124494885
2025-08-11 22:00:00,-0.0059469423
2025-08-11 23:00:00,-0.0036842383
2025-08-12 00:00:00,0.011412839
2025-08-12 01:00:00,0.0019117489
2025-08-12 02:00:00,0.0029715068
2025-08-12 03:00:00,-0.0060409725
2025-08-12 04:00:00,0.0063951899
2025-08-12 05:00:00,-0.0104130524
2025-08-12 06:00:00,-8.94694e-05
2025-08-12 07:00:00,0.0073988571
2025-08-12 08:00:00,-0.0066833255
2025-08-12 09:00:00,-0.0071784596
2025-08-12 10:00:00,-0.0052820601
2025-08-12 11:00:00,0.0034793646
2025-08-12 12:00:00,0.0207582839
2025-08-12 13:00:00,-0.0106601347
2025-08-12 14:00:00,0.0132193736
2025-08-12 15:00:00,0.0118717855
2025-08-12 16:00:00,0.0046488472
2025-08-12 17:00:00,0.0033321103
2025-08-12 18:00:00,0.007103067
2025-08-12 19:00:00,0.0113458244
2025-08-12 20:00:00,0.0067209383
2025-08-12 21:00:00,-0.0058730495
2025-08-12 22:00:00,0.0036799737
2025-08-12 23:00:00,-0.0046551079
2025-08-13 00:00:00,0.0024572119
2025-08-13 01:00:00,-0.0141048466
2025-08-13 02:00:00,0.0148239211
2025-08-13 03:00:00,0.0074143064
2025-08-13 04:00:00,0.007276409
2025-08-13 05:00:00,-0.0179518411
2025-08-13 06:00:00,-8.48464e-05
2025-08-13 07:00:00,0.0371855063
2025-08-13 08:00:00,0.0198715537
2025-08-13 09:00:00,-4.00729e-05
2025-08-13 10:00:00,-0.0110004131
2025-08-13 11:00:00,-0.000972881
2025-08-13 12:00:00,-0.0041453363
2025-08-13 13:00:00,-0.0036311009
2025-08-13 14:00:00,-0.0164843426
2025-08-13 15:00:00,0.0024071396
2025-08-13 16:00:00,0.0046319355
2025-08-13 17:00:00,0.0030897917
2025-08-13 18:00:00,-0.003543765
2025-08-13 19:00:00,0.0064189827
2025-08-13 20:00:00,-0.0019706867
2025-08-13 21:00:00,-0.0002466091
2025-08-13 22:00:00,0.0059836244
2025-08-13 23:00:00,0.0007352341
2025-08-14 00:00:00,-0.0024119546
2025-08-14 01:00:00,0.0104640518
2025-08-14 02:00:00,0.0315752761
2025-08-14 03:00:00,-0.0071286807
2025-08-14 04:00:00,-0.0065828845
2025-08-14 05:00:00,-0.0126523148
2025-08-14 06:00:00,-0.0007658666
2025-08-14 07:00:00,-0.0112734365
2025-08-14 08:00:00,-0.0128054284
2025-08-14 09:00:00,0.0025989578
2025-08-14 10:00:00,-0.017413427
2025-08-14 11:00:00,-0.0022664326
2025-08-14 12:00:00,-0.0510301601
2025-08-14 13:00:00,0.0023849495
2025-08-14 14:00:00,0.0065075198
2025-08-14 15:00:00,-0.0116821184
2025-08-14 16:00:00,-0.0069413823
2025-08-14 17:00:00,-0.0008040381
2025-08-14 18:00:00,0.0026776167
2025-08-14 19:00:00,-0.0035270256
2025-08-14 20:00:00,-0.0035843938
2025-08-14 21:00:00,-0.0116025771
2025-08-14 22:00:00,0.0107493922
2025-08-14 23:00:00,0.0060463738
2025-08-15 00:00:00,-0.000804074
2025-08-15 01:00:00,0.0108892385
2025-08-15 02:00:00,0.0013694094
2025-08-15 03:00:00,0.0158538838
2025-08-15 04:00:00,-0.0080707167
2025-08-15 05:00:00,0.0133576072
2025-08-15 06:00:00,-0.0022500118
2025-08-15 07:00:00,-0.0004332756
2025-08-15 08:00:00,0.0016887142
2025-08-15 09:00:00,-0.0042923173
2025-08-15 10:00:00,0.0027769359
2025-08-15 11:00:00,-0.0033419445
2025-08-15 12:00:00,-0.000565328
2025-08-15 13:00:00,-0.0107584349
2025-08-15 14:00:00,-0.0129667916
2025-08-15 15:00:00,-0.0094880769
2025-08-15 16:00:00,0.0048895466
2025-08-15 17:00:00,0.0041084325
2025-08-15 18:00:00,-0.0107082275
2025-08-15 19:00:00,-0.000315365
2025-08-15 20:00:00,0.0221914463
2025-08-15 21:00:00,0.0131779592
2025-08-15 22:00:00,0.0049892726
2025-08-15 23:00:00,-0.0089550242
2025-08-16 00:00:00,0.0275630041
2025-08-16 01:00:00,-0.0038304439
2025-08-16 02:00:00,-0.0086080059
2025-08-16 03:00:00,0.0014612974
2025-08-16 04:00:00,0.0030446645
2025-08-16 05:00:00,-0.0092915883
2025-08-16 06:00:00,-0.0007782102
2025-08-16 07:00:00,0.0089559264
2025-08-16 08:00:00,-0.0024463007
2025-08-16 09:00:00,-0.0037022729
2025-08-16 10:00:00,-0.0105357692
2025-08-16 11:00:00,-0.0092392557
2025-08-16 12:00:00,0.0036884208
2025-08-16 13:00:00,-0.0041284261
2025-08-16 14:00:00,0.0095484936
2025-08-16 15:00:00,-0.0024878349
2025-08-16 16:00:00,0.0041429596
2025-08-16 17:00:00,-0.0034003259
2025-08-16 18:00:00,0.0013527963
2025-08-16 19:00:00,0.0008718016
2025-08-16 20:00:00,0.0049981633
2025-08-16 21:00:00,-0.0020397099
2025-08-16 22:00:00,0.0039887328
2025-08-16 23:00:00,0.0005623446
2025-08-17 00:00:00,-0.0022512781
2025-08-17 01:00:00,0.0026404084
2025-08-17 02:00:00,0.0079225387
2025-08-17 03:00:00,0.0026982478
2025-08-17 04:00:00,0.0083058725
2025-08-17 05:00:00,-0.0080065161
2025-08-17 06:00:00,-0.0036840343
2025-08-17 07:00:00,4.29157e-05
2025-08-17 08:00:00,0.0098644976
2025-08-17 09:00:00,-0.0059668591
2025-08-17 10:00:00,0.0002991901
2025-08-17 11:00:00,0.0017506036
2025-08-17 12:00:00,-0.0056470738
2025-08-17 13:00:00,0.0058177005
2025-08-17 14:00:00,0.0009379264
2025-08-17 15:00:00,0.0297652266
2025-08-17 16:00:00,-0.0204762492
2025-08-17 17:00:00,-0.0039340984
2025-08-17 18:00:00,-0.0113814396
2025-08-17 19:00:00,-0.0039518952
2025-08-17 20:00:00,0.0036088714
2025-08-17 21:00:00,0.001457039
2025-08-17 22:00:00,0.0167735732
2025-08-17 23:00:00,-0.0115201816
2025-08-18 00:00:00,-0.0047824507
2025-08-18 01:00:00,-0.0210652483
2025-08-18 02:00:00,-0.017462301
2025-08-18 03:00:00,-0.0011127185
2025-08-18 04:00:00,0.0063481002
2025-08-18 05:00:00,-0.0045683445
2025-08-18 06:00:00,-0.0107263598
2025-08-18 07:00:00,-0.0027447204
2025-08-18 08:00:00,-0.0030233998
2025-08-18 09:00:00,0.0058130529
2025-08-18 10:00:00,-0.0037814036
2025-08-18 11:00:00,0.0011719632
2025-08-18 12:00:00,0.0105308943
2025-08-18 13:00:00,-0.0159967464
2025-08-18 14:00:00,0.0105434878
2025-08-18 15:00:00,0.0025962414
2025-08-18 16:00:00,-0.0107871063
2025-08-18 17:00:00,0.0098926118
2025-08-18 18:00:00,0.0041526259
2025-08-18 19:00:00,-0.0027218186
2025-08-18 20:00:00,8.93575e-05
2025-08-18 21:00:00,0.0075663526
2025-08-18 22:00:00,-0.0042657252
2025-08-18 23:00:00,-0.0094401524
2025-08-19 00:00:00,0.010330347
2025-08-19 01:00:00,-0.0126705821
2025-08-19 02:00:00,-0.0041538799
2025-08-19 03:00:00,-0.0204779073
2025-08-19 04:00:00,0.0055264026
2025-08-19 05:00:00,-0.0030818083
2025-08-19 06:00:00,0.0038163598
2025-08-19 07:00:00,-0.0004131188
2025-08-19 08:00:00,0.0002295315
2025-08-19 09:00:00,0.0040311553
2025-08-19 10:00:00,0.0052890877
2025-08-19 11:00:00,0.0024526515
2025-08-19 12:00:00,-0.0004991265
2025-08-19 13:00:00,-0.0025903807
2025-08-19 14:00:00,-0.0218049947
2025-08-19 15:00:00,-0.0039609549
2025-08-19 16:00:00,-0.0058535839
2025-08-19 17:00:00,0.0036098584
2025-08-19 18:00:00,-0.0086478896
2025-08-19 19:00:00,0.0007549663
2025-08-19 20:00:00,0.0080333037
2025-08-19 21:00:00,-0.0001403804
2025-08-19 22:00:00,-0.0076099578
2025-08-19 23:00:00,-0.0124791067
2025-08-20 00:00:00,0.0079420225
2025-08-20 01:00:00,-0.0014220708
2025-08-20 02:00:00,0.0022743436
2025-08-20 03:00:00,0.0023636203
2025-08-20 04:00:00,0.0063070905
2025-08-20 05:00:00,0.0002345711
2025-08-20 06:00:00,-0.0009855685
2025-08-20 07:00:00,-0.0022093224
2025-08-20 08:00:00,0.0125328988
2025-08-20 09:00:00,-0.0033050187
2025-08-20 10:00:00,0.0033050187
2025-08-20 11:00:00,-0.0059662711
2025-08-20 12:00:00,0.0031274094
2025-08-20 13:00:00,-0.020576567
2025-08-20 14:00:00,0.0168412122
2025-08-20 15:00:00,0.0051325234
2025-08-20 16:00:00,0.0091265603
2025-08-20 17:00:00,0.0109616526
2025-08-20 18:00:00,-0.0087504853
2025-08-20 19:00:00,0.0180127536
2025-08-20 20:00:00,0.0003614839
2025-08-20 21:00:00,0.0024366044
2025-08-20 22:00:00,0.0039131951
2025-08-20 23:00:00,-0.0048149491
2025-08-21 00:00:00,0.0008566856
2025-08-21 01:00:00,0.0071404817
2025-08-21 02:00:00,-0.0113407453
2025-08-21 03:00:00,0.0053263645
2025-08-21 04:00:00,0.0027423759
2025-08-21 05:00:00,0.0060872088
2025-08-21 06:00:00,-0.0091447652
2025-08-21 07:00:00,-0.0029314293
2025-08-21 08:00:00,-0.0084817381
2025-08-21 09:00:00,-0.005023071
2025-08-21 10:00:00,-0.0010076491
2025-08-21 11:00:00,-0.0030290537
2025-08-21 12:00:00,-0.006779687
2025-08-21 13:00:00,0.0050315152
2025-08-21 14:00:00,-0.0015667484
2025-08-21 15:00:00,-0.0070344607
2025-08-21 16:00:00,4.64414e-05
2025-08-21 17:00:00,0.0039396589
2025-08-21 18:00:00,0.006776874
2025-08-21 19:00:00,-0.0116457714
2025-08-21 20:00:00,0.0034802012
2025-08-21 21:00:00,0.003652761
2025-08-21 22:00:00,0.0002307391
2025-08-21 23:00:00,-0.0097371753
2025-08-22 00:00:00,0.007704842
2025-08-22 01:00:00,0.0012476031
2025-08-22 02:00:00,0.0056639113
2025-08-22 03:00:00,-0.0099677798
2025-08-22 04:00:00,0.0061032185
2025-08-22 05:00:00,0.0036349455
2025-08-22 06:00:00,-0.006728136
2025-08-22 07:00:00,0.0074168254
2025-08-22 08:00:00,-0.0002754189
2025-08-22 09:00:00,-0.0040021214
2025-08-22 10:00:00,-0.0131770106
2025-08-22 11:00:00,-0.0102338702
2025-08-22 12:00:00,-0.0064853833
2025-08-22 13:00:00,0.0068156265
2025-08-22 14:00:00,0.0760434295
2025-08-22 15:00:00,0.0084451137
2025-08-22 16:00:00,0.0187659828
2025-08-22 17:00:00,0.0110844304
2025-08-22 18:00:00,0.0013874584
2025-08-22 19:00:00,0.0031461737
2025-08-22 20:00:00,0.0015902912
2025-08-22 21:00:00,0.0088674838
2025-08-22 22:00:00,-0.0081986434
2025-08-22 23:00:00,0.0049605137
2025-08-23 00:00:00,-0.0119636665
2025-08-23 01:00:00,-0.0107464226
2025-08-23 02:00:00,-0.0140934886
2025-08-23 03:00:00,-0.0016839019
2025-08-23 04:00:00,0.0158199265
2025-08-23 05:00:00,0.0107038866
2025-08-23 06:00:00,0.0035706072
2025-08-23 07:00:00,-0.0069850905
2025-08-23 08:00:00,0.0059362347
2025-08-23 09:00:00,-0.0007558579
2025-08-23 10:00:00,-0.00873368
2025-08-23 11:00:00,-0.0002119048
2025-08-23 12:00:00,0.0031316149
2025-08-23 13:00:00,-0.0066983462
2025-08-23 14:00:00,0.0017424939
2025-08-23 15:00:00,0.003137324
2025-08-23 16:00:00,-0.0001269976
2025-08-23 17:00:00,0.0011001101
2025-08-23 18:00:00,0.0008454158
2025-08-23 19:00:00,0.0024055212
2025-08-23 20:00:00,-0.0035047011
2025-08-23 21:00:00,-0.0067909093
2025-08-23 22:00:00,0.0049703792
2025-08-23 23:00:00,0.0006354452
2025-08-24 00:00:00,0.0067951387
2025-08-24 01:00:00,-0.0032018902
2025-08-24 02:00:00,-0.0055007967
2025-08-24 03:00:00,0.0035578182
2025-08-24 04:00:00,-0.0011845335
2025-08-24 05:00:00,-0.0047947477
2025-08-24 06:00:00,-0.0133161181
2025-08-24 07:00:00,0.0007755612
2025-08-24 08:00:00,0.0002583868
2025-08-24 09:00:00,-0.0018101113
2025-08-24 10:00:00,-0.0084472767
2025-08-24 11:00:00,-0.001393061
2025-08-24 12:00:00,0.0026538485
2025-08-24 13:00:00,-0.0002607222
2025-08-24 14:00:00,0.0083095778
2025-08-24 15:00:00,-0.003626947
2025-08-24 16:00:00,0.0056505855
2025-08-24 17:00:00,0.0126513633
2025-08-24 18:00:00,0.0273978263
2025-08-24 19:00:00,-0.0334043621
2025-08-24 20:00:00,-0.0061718008
2025-08-24 21:00:00,0.0022759978
2025-08-24 22:00:00,-0.0080968615
2025-08-24 23:00:00,0.0022461242
2025-08-25 00:00:00,-0.0189030019
2025-08-25 01:00:00,0.0100622076
2025-08-25 02:00:00,0.0157633201
2025-08-25 03:00:00,-0.0108998774
2025-08-25 04:00:00,-0.0081334855
2025-08-25 05:00:00,-0.0096101843
2025-08-25 06:00:00,-0.0177948554
2025-08-25 07:00:00,-0.0095612508
2025-08-25 08:00:00,0.0019014855
2025-08-25 09:00:00,-0.0024000917
2025-08-25 10:00:00,-0.0099788949
2025-08-25 11:00:00,0.0060721076
2025-08-25 12:00:00,0.0050849106
2025-08-25 13:00:00,-0.0077283651
2025-08-25 14:00:00,0.0046441826
2025-08-25 15:00:00,-0.0084850653
2025-08-25 16:00:00,0.0002748385
2025-08-25 17:00:00,0.0001831837
2025-08-25 18:00:00,-0.0029349741
2025-08-25 19:00:00,-0.0181671509
2025-08-25 20:00:00,-0.0311122484
2025-08-25 21:00:00,0.0034677105
2025-08-25 22:00:00,0.0056573168
2025-08-25 23:00:00,0.0021967535
2025-08-26 00:00:00,-0.0044941747
2025-08-26 01:00:00,0.0116241602
2025-08-26 02:00:00,-0.0052236798
2025-08-26 03:00:00,-0.0007144388
2025-08-26 04:00:00,0.0095313333
2025-08-26 05:00:00,-0.0042091386
2025-08-26 06:00:00,-0.0060371443
2025-08-26 07:00:00,0.0075052604
2025-08-26 08:00:00,-0.0033181676
2025-08-26 09:00:00,-0.0002849273
2025-08-26 10:00:00,0.0035084428
2025-08-26 11:00:00,-0.0038884723
2025-08-26 12:00:00,0.0137783523
2025-08-26 13:00:00,-0.0068654459
2025-08-26 14:00:00,0.0117273133
2025-08-26 15:00:00,-0.0077715747
2025-08-26 16:00:00,0.0117741864
2025-08-26 17:00:00,0.0005108082
2025-08-26 18:00:00,0.0073545048
2025-08-26 19:00:00,0.0114554039
2025-08-26 20:00:00,-0.0057571209
2025-08-26 21:00:00,0.0045262393
2025-08-26 22:00:00,-0.0007301269
2025-08-26 23:00:00,-0.0034295939
2025-08-27 00:00:00,-0.0084179066
2025-08-27 01:00:00,0.0099741134
2025-08-27 02:00:00,0.0010970427
2025-08-27 03:00:00,0.0109499265
2025-08-27 04:00:00,0.0077422065
2025-08-27 05:00:00,-0.0074259438
2025-08-27 06:00:00,-0.0069355007
2025-08-27 07:00:00,-0.0047419385
2025-08-27 08:00:00,0.0014614544
2025-08-27 09:00:00,0.0052799394
2025-08-27 10:00:00,-0.001271918
2025-08-27 11:00:00,0.0016804055
2025-08-27 12:00:00,-0.0026354068
2025-08-27 13:00:00,-0.002551138
2025-08-27 14:00:00,0.0050957843
2025-08-27 15:00:00,0.0061079253
2025-08-27 16:00:00,-0.0015347811
2025-08-27 17:00:00,0.005631026
2025-08-27 18:00:00,-0.0075754522
2025-08-27 19:00:00,-0.0027648743
2025-08-27 20:00:00,0.0112832357
2025-08-27 21:00:00,-0.0122368492
2025-08-27 22:00:00,-0.0025018777
2025-08-27 23:00:00,-0.0036045941
2025-08-28 00:00:00,0.0014616547
2025-08-28 01:00:00,0.0090872541
2025-08-28 02:00:00,-0.00621585
2025-08-28 03:00:00,0.006803673
2025-08-28 04:00:00,0.0133362251
2025-08-28 05:00:00,-0.00353002
2025-08-28 06:00:00,0.001163155
2025-08-28 07:00:00,0.0012511172
2025-08-28 08:00:00,-0.000625363
2025-08-28 09:00:00,-0.0036258685
2025-08-28 10:00:00,0.0043405371
2025-08-28 11:00:00,-0.0009381073
2025-08-28 12:00:00,0.002321326
2025-08-28 13:00:00,-0.0046032572
2025-08-28 14:00:00,0.0048707561
2025-08-28 15:00:00,-0.0138700969
2025-08-28 16:00:00,-0.0065755401
2025-08-28 17:00:00,0.0071629647
2025-08-28 18:00:00,0.0058553451
2025-08-28 19:00:00,-0.0138831452
2025-08-28 20:00:00,0.007214351
2025-08-28 21:00:00,0.0040156166
2025-08-28 22:00:00,0.0092331793
2025-08-28 23:00:00,0.0013375543
2025-08-29 00:00:00,-0.0062572833
2025-08-29 01:00:00,-0.0114987852
2025-08-29 02:00:00,0.0117229351
2025-08-29 03:00:00,-0.0012110069
2025-08-29 04:00:00,-0.0090163806
2025-08-29 05:00:00,-0.0013594963
2025-08-29 06:00:00,-0.0104846655
2025-08-29 07:00:00,-0.016401763
2025-08-29 08:00:00,-0.0087492078
2025-08-29 09:00:00,0.0062305498
2025-08-29 10:00:00,0.0041942461
2025-08-29 11:00:00,-0.0008839882
2025-08-29 12:00:00,0.0192238258
2025-08-29 13:00:00,-0.0202483684
2025-08-29 14:00:00,-0.005419561
2025-08-29 15:00:00,-9.36988e-05
2025-08-29 16:00:00,9.36988e-05
2025-08-29 17:00:00,-0.0104545336
2025-08-29 18:00:00,-0.003984447
2025-08-29 19:00:00,0.0078587726
2025-08-29 20:00:00,-0.0055800022
2025-08-29 21:00:00,0.009298441
2025-08-29 22:00:00,-0.0015045374
2025-08-29 23:00:00,0.0065189585
2025-08-30 00:00:00,0.0005608001
2025-08-30 01:00:00,-0.0108510354
2025-08-30 02:00:00,0.018112961
2025-08-30 03:00:00,0.0095093732
2025-08-30 04:00:00,-0.0048818777
2025-08-30 05:00:00,-0.0001385137
2025-08-30 06:00:00,0.002628486
2025-08-30 07:00:00,0.0
2025-08-30 08:00:00,-0.0030903371
2025-08-30 09:00:00,-0.0033779908
2025-08-30 10:00:00,-0.0004636284
2025-08-30 11:00:00,0.0010660241
2025-08-30 12:00:00,-0.0054812475
2025-08-30 13:00:00,0.0025585574
2025-08-30 14:00:00,0.0002322719
2025-08-30 15:00:00,0.0034776193
2025-08-30 16:00:00,-0.003338282
2025-08-30 17:00:00,-0.0006039349
2025-08-30 18:00:00,0.0005574913
2025-08-30 19:00:00,-0.0001393437
2025-08-30 20:00:00,-0.0009759499
2025-08-30 21:00:00,0.001997353
2025-08-30 22:00:00,-0.0006498631
2025-08-30 23:00:00,0.0028747643
2025-08-31 00:00:00,0.0100887646
2025-08-31 01:00:00,0.0050292718
2025-08-31 02:00:00,-0.0021000738
2025-08-31 03:00:00,0.0080566675
2025-08-31 04:00:00,-0.0076454363
2025-08-31 05:00:00,-0.00182899
2025-08-31 06:00:00,-0.0057372504
2025-08-31 07:00:00,0.0033545513
2025-08-31 08:00:00,0.0053074795
2025-08-31 09:00:00,-0.0073740229
2025-08-31 10:00:00,-0.0024855025
2025-08-31 11:00:00,0.0062938074
2025-08-31 12:00:00,-0.0005955244
2025-08-31 13:00:00,-0.0025693981
2025-08-31 14:00:00,-0.0027602723
2025-08-31 15:00:00,0.0068406942
2025-08-31 16:00:00,-0.0009612965
2025-08-31 17:00:00,-0.0022466253
2025-08-31 18:00:00,0.0022008262
2025-08-31 19:00:00,-0.0048666365
2025-08-31 20:00:00,0.0023444514
2025-08-31 21:00:00,-0.0004592633
2025-08-31 22:00:00,-0.0071456865
2025-08-31 23:00:00,-0.0112128097
2025-09-01 00:00:00,-0.003092786
2025-09-01 01:00:00,-0.0013619821
2025-09-01 02:00:00,-0.0135799007
2025-09-01 03:00:00,0.0033766945
2025-09-01 04:00:00,-0.0069560526
2025-09-01 05:00:00,0.0054831234
2025-09-01 06:00:00,0.0027066186
2025-09-01 07:00:00,0.0321042876
2025-09-01 08:00:00,0.0038957814
2025-09-01 09:00:00,-0.0027942576
2025-09-01 10:00:00,-0.0069968984
2025-09-01 11:00:00,-0.0021734615
2025-09-01 12:00:00,0.000601643
2025-09-01 13:00:00,-0.0072437167
2025-09-01 14:00:00,0.0034426645
2025-09-01 15:00:00,-0.008769531
2025-09-01 16:00:00,-0.0089889303
2025-09-01 17:00:00,-0.0039315116
2025-09-01 18:00:00,0.0100114172
2025-09-01 19:00:00,-0.0022108813
2025-09-01 20:00:00,-0.0147061474
2025-09-01 21:00:00,-0.0126483519
2025-09-01 22:00:00,0.0053096616
2025-09-01 23:00:00,0.014339219
2025-09-02 00:00:00,-0.003946654
2025-09-02 01:00:00,0.003424498
2025-09-02 02:00:00,0.0108144899
2025-09-02 03:00:00,0.0023926262
2025-09-02 04:00:00,0.0035548941
2025-09-02 05:00:00,0.0003734653
2025-09-02 06:00:00,0.0003266678
2025-09-02 07:00:00,-0.009799633
2025-09-02 08:00:00,0.0069493636
2025-09-02 09:00:00,-0.0024830765
2025-09-02 10:00:00,0.0007033833
2025-09-02 11:00:00,-0.0094193698
2025-09-02 12:00:00,-0.0207020995
2025-09-02 13:00:00,0.0281037786
2025-09-02 14:00:00,-0.0003288469
2025-09-02 15:00:00,-0.0162474265
2025-09-02 16:00:00,0.0123399762
2025-09-02 17:00:00,0.0012256637
2025-09-02 18:00:00,-0.0024528314
2025-09-02 19:00:00,-0.0024588626
2025-09-02 20:00:00,0.0111580452
2025-09-02 21:00:00,0.0066727575
2025-09-02 22:00:00,-0.000837482
2025-09-02 23:00:00,0.0
2025-09-03 00:00:00,-0.0048057949
2025-09-03 01:00:00,0.0051780957
2025-09-03 02:00:00,0.0056142126
2025-09-03 03:00:00,-0.0040334787
2025-09-03 04:00:00,-9.29152e-05
2025-09-03 05:00:00,-0.0027914785
2025-09-03 06:00:00,0.0057604916
2025-09-03 07:00:00,0.0015274599
2025-09-03 08:00:00,-0.0026861817
2025-09-03 09:00:00,0.0037031936
2025-09-03 10:00:00,0.0005542981
2025-09-03 11:00:00,9.23532e-05
2025-09-03 12:00:00,-0.0049529113
2025-09-03 13:00:00,0.0070746833
2025-09-03 14:00:00,0.0083052764
2025-09-03 15:00:00,0.0007765217
2025-09-03 16:00:00,-0.0049893679
2025-09-03 17:00:00,0.006449422
2025-09-03 18:00:00,-0.00095792
2025-09-03 19:00:00,0.0106224613
2025-09-03 20:00:00,0.0008575749
2025-09-03 21:00:00,-0.0021679246
2025-09-03 22:00:00,0.0004520387
2025-09-03 23:00:00,-0.004166484
2025-09-04 00:00:00,-0.0010443391
2025-09-04 01:00:00,-0.0039146119
2025-09-04 02:00:00,-0.0069106245
2025-09-04 03:00:00,-0.0064039287
2025-09-04 04:00:00,0.0014779238
2025-09-04 05:00:00,-0.0059248461
2025-09-04 06:00:00,-0.0043735239
2025-09-04 07:00:00,0.0044663701
2025-09-04 08:00:00,-0.0020446104
2025-09-04 09:00:00,0.0019981884
2025-09-04 10:00:00,0.0012062728
2025-09-04 11:00:00,0.0001390917
2025-09-04 12:00:00,0.0047637858
2025-09-04 13:00:00,-0.005645027
2025-09-04 14:00:00,-0.0057237412
2025-09-04 15:00:00,-0.0091419028
2025-09-04 16:00:00,-0.0010366602
2025-09-04 17:00:00,-0.0003772339
2025-09-04 18:00:00,-0.0031176218
2025-09-04 19:00:00,-0.0021312376
2025-09-04 20:00:00,0.0060974358
2025-09-04 21:00:00,0.0031053003
2025-09-04 22:00:00,0.0068818885
2025-09-04 23:00:00,-0.0091864163
2025-09-05 00:00:00,-0.0005651846
2025-09-05 01:00:00,0.0092849436
2025-09-05 02:00:00,0.0014925376
2025-09-05 03:00:00,-0.0013525175
2025-09-05 04:00:00,-4.66712e-05
2025-09-05 05:00:00,0.0001866716
2025-09-05 06:00:00,0.0029820169
2025-09-05 07:00:00,0.0150989825
2025-09-05 08:00:00,-0.0057448971
2025-09-05 09:00:00,-0.002076269
2025-09-05 10:00:00,-0.0008317162
2025-09-05 11:00:00,0.002031864
2025-09-05 12:00:00,0.0157901631
2025-09-05 13:00:00,-0.0003179145
2025-09-05 14:00:00,-0.0335335318
2025-09-05 15:00:00,0.0060878712
2025-09-05 16:00:00,0.0033558643
2025-09-05 17:00:00,-0.0011639548
2025-09-05 18:00:00,0.0066858825
2025-09-05 19:00:00,0.005951712
2025-09-05 20:00:00,0.0210744924
2025-09-05 21:00:00,-0.0185017892
2025-09-05 22:00:00,0.0029778971
2025-09-05 23:00:00,-0.0032073338
2025-09-06 00:00:00,0.0007798702
2025-09-06 01:00:00,-0.0014225733
2025-09-06 02:00:00,0.0009180208
2025-09-06 03:00:00,-0.0009180208
2025-09-06 04:00:00,-0.007097131
2025-09-06 05:00:00,-0.0029643375
2025-09-06 06:00:00,0.0017148291
2025-09-06 07:00:00,0.0002315083
2025-09-06 08:00:00,-0.0027352188
2025-09-06 09:00:00,-0.0047464026
2025-09-06 10:00:00,0.0018640203
2025-09-06 11:00:00,-0.003170905
2025-09-06 12:00:00,-0.0001868373
2025-09-06 13:00:00,0.0010738381
2025-09-06 14:00:00,0.002237346
2025-09-06 15:00:00,-0.0035915055
2025-09-06 16:00:00,0.0035915055
2025-09-06 17:00:00,-0.0055559589
2025-09-06 18:00:00,0.0032252815
2025-09-06 19:00:00,-0.0059914053
2025-09-06 20:00:00,0.0093458624
2025-09-06 21:00:00,0.0026476547
2025-09-06 22:00:00,0.0248770187
2025-09-06 23:00:00,-0.0195103623
2025-09-07 00:00:00,-0.0004153495
2025-09-07 01:00:00,0.0015681937
2025-09-07 02:00:00,0.0017497817
2025-09-07 03:00:00,-0.0031795064
2025-09-07 04:00:00,0.0028113857
2025-09-07 05:00:00,0.0012418648
2025-09-07 06:00:00,-0.0034995661
2025-09-07 07:00:00,0.0027638324
2025-09-07 08:00:00,0.000551851
2025-09-07 09:00:00,-0.0004598547
2025-09-07 10:00:00,0.0031228498
2025-09-07 11:00:00,0.0048486052
2025-09-07 12:00:00,-0.0029704123
2025-09-07 13:00:00,0.0029704123
2025-09-07 14:00:00,0.0165180812
2025-09-07 15:00:00,0.0040760622
2025-09-07 16:00:00,-0.0030891167
2025-09-07 17:00:00,-0.0073807716
2025-09-07 18:00:00,-0.0008586213
2025-09-07 19:00:00,0.0049157877
2025-09-07 20:00:00,0.0121625538
2025-09-07 21:00:00,-0.0051688913
2025-09-07 22:00:00,0.0177998944
2025-09-07 23:00:00,0.0038108634
2025-09-08 00:00:00,-0.0069757012
2025-09-08 01:00:00,0.0036913383
2025-09-08 02:00:00,0.0181688833
2025-09-08 03:00:00,-0.0025445855
2025-09-08 04:00:00,-0.0011666344
2025-09-08 05:00:00,0.0056906517
2025-09-08 06:00:00,-0.0040491117
2025-09-08 07:00:00,0.0038341458
2025-09-08 08:00:00,0.0015467243
2025-09-08 09:00:00,0.0034286238
2025-09-08 10:00:00,0.0023930613
2025-09-08 11:00:00,-0.0038059444
2025-09-08 12:00:00,0.0072146997
2025-09-08 13:00:00,0.0044140813
2025-09-08 14:00:00,0.0091898463
2025-09-08 15:00:00,0.0002936919
2025-09-08 16:00:00,-0.0043723268
2025-09-08 17:00:00,0.0011790468
2025-09-08 18:00:00,0.0056234149
2025-09-08 19:00:00,-0.0060443435
2025-09-08 20:00:00,0.0078421907
2025-09-08 21:00:00,0.0101409788
2025-09-08 22:00:00,0.0049498925
2025-09-08 23:00:00,-0.0056531129
2025-09-09 00:00:00,-0.0123661407
2025-09-09 01:00:00,-0.0059669057
2025-09-09 02:00:00,-0.0116152217
2025-09-09 03:00:00,0.0084492595
2025-09-09 04:00:00,0.0003804451
2025-09-09 05:00:00,0.0036280836
2025-09-09 06:00:00,0.0143821201
2025-09-09 07:00:00,-0.002993143
2025-09-09 08:00:00,0.0052321355
2025-09-09 09:00:00,-0.0024465605
2025-09-09 10:00:00,0.0004980907
2025-09-09 11:00:00,0.0028592167
2025-09-09 12:00:00,0.0170670809
2025-09-09 13:00:00,0.0044241574
2025-09-09 14:00:00,-0.026344308
2025-09-09 15:00:00,-0.0093156051
2025-09-09 16:00:00,0.0066926255
2025-09-09 17:00:00,0.0004168056
2025-09-09 18:00:00,0.0019566626
2025-09-09 19:00:00,0.003363162
2025-09-09 20:00:00,0.0013255459
2025-09-09 21:00:00,-0.0054792383
2025-09-09 22:00:00,0.0044852436
2025-09-09 23:00:00,-0.0033620453
2025-09-10 00:00:00,-0.0136466599
2025-09-10 01:00:00,0.0062603931
2025-09-10 02:00:00,0.0085497341
2025-09-10 03:00:00,0.0009132042
2025-09-10 04:00:00,-0.0024509307
2025-09-10 05:00:00,-0.0042931938
2025-09-10 06:00:00,0.0023364497
2025-09-10 07:00:00,0.0054029474
2025-09-10 08:00:00,-0.0022823007
2025-09-10 09:00:00,0.0041871421
2025-09-10 10:00:00,-0.0057670526
2025-09-10 11:00:00,-0.000665973
2025-09-10 12:00:00,0.0097784081
2025-09-10 13:00:00,0.0085396914
2025-09-10 14:00:00,-0.0043017868
2025-09-10 15:00:00,0.0007797911
2025-09-10 16:00:00,0.0177290863
2025-09-10 17:00:00,-0.0110641669
2025-09-10 18:00:00,-0.003756333
2025-09-10 19:00:00,-0.0190379684
2025-09-10 20:00:00,0.0078904064
2025-09-10 21:00:00,0.0086901558
2025-09-10 22:00:00,0.0030299331
2025-09-10 23:00:00,0.003306058
2025-09-11 00:00:00,0.0020759985
2025-09-11 01:00:00,-0.0001219983
2025-09-11 02:00:00,0.0045445402
2025-09-11 03:00:00,0.021467443
2025-09-11 04:00:00,0.0004753793
2025-09-11 05:00:00,-0.0090311131
2025-09-11 06:00:00,0.00087884
2025-09-11 07:00:00,-0.0019984818
2025-09-11 08:00:00,4.00088e-05
2025-09-11 09:00:00,0.0002800168
2025-09-11 10:00:00,0.004589086
2025-09-11 11:00:00,-0.000916134
2025-09-11 12:00:00,-0.0106567252
2025-09-11 13:00:00,0.0106168742
2025-09-11 14:00:00,-0.0050740236
2025-09-11 15:00:00,-0.0106711706
2025-09-11 16:00:00,0.0137506187
2025-09-11 17:00:00,-0.0005591948
2025-09-11 18:00:00,0.0052600241
2025-09-11 19:00:00,0.0025403896
2025-09-11 20:00:00,-0.007281151
2025-09-11 21:00:00,0.0095382648
2025-09-11 22:00:00,0.0107403121
2025-09-11 23:00:00,0.0019546527
2025-09-12 00:00:00,0.0222081156
2025-09-12 01:00:00,-0.0103667659
2025-09-12 02:00:00,0.0104431572
2025-09-12 03:00:00,-0.0026388771
2025-09-12 04:00:00,0.0017217964
2025-09-12 05:00:00,0.0073132039
2025-09-12 06:00:00,-0.0094946472
2025-09-12 07:00:00,-0.0033772147
2025-09-12 08:00:00,-0.001153935
2025-09-12 09:00:00,0.0013461282
2025-09-12 10:00:00,0.000806808
2025-09-12 11:00:00,-0.0019605211
2025-09-12 12:00:00,0.0107546437
2025-09-12 13:00:00,-0.0027064648
2025-09-12 14:00:00,0.0079839226
2025-09-12 15:00:00,0.008972051
2025-09-12 16:00:00,0.0167839751
2025-09-12 17:00:00,-0.0033639571
2025-09-12 18:00:00,0.0050969639
2025-09-12 19:00:00,0.0013989621
2025-09-12 20:00:00,0.0016541385
2025-09-12 21:00:00,-0.0009553907
2025-09-12 22:00:00,0.0222498
2025-09-12 23:00:00,-0.0089929638
2025-09-13 00:00:00,0.0069414595
2025-09-13 01:00:00,-0.0005766182
2025-09-13 02:00:00,0.0036343395
2025-09-13 03:00:00,0.0071936319
2025-09-13 04:00:00,0.0145853619
2025-09-13 05:00:00,-0.0066290793
2025-09-13 06:00:00,0.0043773015
2025-09-13 07:00:00,-0.0023627751
2025-09-13 08:00:00,0.0101170638
2025-09-13 09:00:00,0.0431303275
2025-09-13 10:00:00,-0.0158248768
2025-09-13 11:00:00,0.0078931286
2025-09-13 12:00:00,-0.0018575752
2025-09-13 13:00:00,0.0044523971
2025-09-13 14:00:00,0.0003701398
2025-09-13 15:00:00,-0.0007404167
2025-09-13 16:00:00,-0.0123307795
2025-09-13 17:00:00,-0.0208025135
2025-09-13 18:00:00,-0.000382895
2025-09-13 19:00:00,-0.0033478671
2025-09-13 20:00:00,0.009145186
2025-09-13 21:00:00,0.0002768741
2025-09-13 22:00:00,-0.0017663872
2025-09-13 23:00:00,0.0035296597
2025-09-14 00:00:00,-0.010591664
2025-09-14 01:00:00,0.010591664
2025-09-14 02:00:00,0.0103781
2025-09-14 03:00:00,-0.0210046759
2025-09-14 04:00:00,0.0012909305
2025-09-14 05:00:00,0.0093356454
2025-09-14 06:00:00,0.005443034
2025-09-14 07:00:00,0.0029160041
2025-09-14 08:00:00,-0.0027442388
2025-09-14 09:00:00,0.000274763
2025-09-14 10:00:00,-0.004232847
2025-09-14 11:00:00,-0.0149401709
2025-09-14 12:00:00,-0.002699057
2025-09-14 13:00:00,-0.0086012939
2025-09-14 14:00:00,-0.0196999632
2025-09-14 15:00:00,-0.0113660283
2025-09-14 16:00:00,0.0086904898
2025-09-14 17:00:00,0.0200006667
2025-09-14 18:00:00,-0.0132532706
2025-09-14 19:00:00,-0.0007194763
2025-09-14 20:00:00,0.0047031878
2025-09-14 21:00:00,0.007920127
2025-09-14 22:00:00,-0.0006753995
2025-09-14 23:00:00,-0.0109767446
2025-09-15 00:00:00,-3.59525e-05
2025-09-15 01:00:00,0.003373895
2025-09-15 02:00:00,-0.0041651766
2025-09-15 03:00:00,0.0088125234
2025-09-15 04:00:00,-0.000463764
2025-09-15 05:00:00,0.0055155375
2025-09-15 06:00:00,-0.023881196
2025-09-15 07:00:00,-0.0248007413
2025-09-15 08:00:00,-0.0322956762
2025-09-15 09:00:00,0.0141369412
2025-09-15 10:00:00,0.0026900579
2025-09-15 11:00:00,0.0044171851
2025-09-15 12:00:00,-0.0112511841
2025-09-15 13:00:00,0.0048645252
2025-09-15 14:00:00,-0.0042170911
2025-09-15 15:00:00,0.0058838213
2025-09-15 16:00:00,-0.0030324878
2025-09-15 17:00:00,0.0107615213
2025-09-15 18:00:00,-0.0053851643
2025-09-15 19:00:00,-0.0034041942
2025-09-15 20:00:00,0.0177627232
2025-09-15 21:00:00,0.000520969
2025-09-15 22:00:00,-0.0050723665
2025-09-15 23:00:00,0.0033968565
2025-09-16 00:00:00,-0.0048187464
2025-09-16 01:00:00,0.0026923956
2025-09-16 02:00:00,-0.0060305455
2025-09-16 03:00:00,0.004086765
2025-09-16 04:00:00,-0.0073607062
2025-09-16 05:00:00,0.0104987841
2025-09-16 06:00:00,-0.0059482789
2025-09-16 07:00:00,0.0042310276
2025-09-16 08:00:00,-0.0016453523
2025-09-16 09:00:00,-0.0049523625
2025-09-16 10:00:00,-0.0079675679
2025-09-16 11:00:00,0.003368472
2025-09-16 12:00:00,0.0054261946
2025-09-16 13:00:00,-0.015107915
2025-09-16 14:00:00,-0.0006106171
2025-09-16 15:00:00,0.0165449474
2025-09-16 16:00:00,-0.0039881162
2025-09-16 17:00:00,0.0056389007
2025-09-16 18:00:00,0.0041897413
2025-09-16 19:00:00,0.0021255578
2025-09-16 20:00:00,-0.0008198555
2025-09-16 21:00:00,0.0041297006
2025-09-16 22:00:00,0.0058121404
2025-09-16 23:00:00,-0.0035128625
2025-09-17 00:00:00,-0.0002963841
2025-09-17 01:00:00,-0.0046052224
2025-09-17 02:00:00,-0.0002606057
2025-09-17 03:00:00,-0.0072121536
2025-09-17 04:00:00,-0.005905492
2025-09-17 05:00:00,0.0078537878
2025-09-17 06:00:00,0.0076811594
2025-09-17 07:00:00,-0.0023428359
2025-09-17 08:00:00,-0.0053008934
2025-09-17 09:00:00,-0.0016107587
2025-09-17 10:00:00,-0.0059786976
2025-09-17 11:00:00,0.0009047386
2025-09-17 12:00:00,0.0055612062
2025-09-17 13:00:00,-0.0007497095
2025-09-17 14:00:00,-0.0076415271
2025-09-17 15:00:00,0.0030560872
2025-09-17 16:00:00,0.0056348759
2025-09-17 17:00:00,-0.0225409676
2025-09-17 18:00:00,0.0095709106
2025-09-17 19:00:00,0.034647608
2025-09-17 20:00:00,-0.0118737337
2025-09-17 21:00:00,0.0188144008
2025-09-17 22:00:00,0.0245238999
2025-09-17 23:00:00,0.0038289772
2025-09-18 00:00:00,-0.0029058456
2025-09-18 01:00:00,-0.0004614593
2025-09-18 02:00:00,-0.0004261515
2025-09-18 03:00:00,0.0051018711
2025-09-18 04:00:00,-0.0026894103
2025-09-18 05:00:00,-0.0088266224
2025-09-18 06:00:00,-0.0034019119
2025-09-18 07:00:00,0.0040809078
2025-09-18 08:00:00,0.0068711665
2025-09-18 09:00:00,-0.0018822031
2025-09-18 10:00:00,-0.0087829477
2025-09-18 11:00:00,0.0026859113
2025-09-18 12:00:00,0.0055281272
2025-09-18 13:00:00,0.0003200512
2025-09-18 14:00:00,0.0019536459
2025-09-18 15:00:00,0.0177618316
2025-09-18 16:00:00,-0.0066106115
2025-09-18 17:00:00,-0.0037267561
2025-09-18 18:00:00,0.0034459755
2025-09-18 19:00:00,-0.0100191341
2025-09-18 20:00:00,-0.0029471837
2025-09-18 21:00:00,-0.0004979726
2025-09-18 22:00:00,-0.0114143828
2025-09-18 23:00:00,0.0030183278
2025-09-19 00:00:00,0.0146383168
2025-09-19 01:00:00,-0.0059932445
2025-09-19 02:00:00,-0.0072467966
2025-09-19 03:00:00,-0.0080578874
2025-09-19 04:00:00,0.0020205672
2025-09-19 05:00:00,-0.0040452253
2025-09-19 06:00:00,-0.0083223274
2025-09-19 07:00:00,0.0046966391
2025-09-19 08:00:00,0.0001452802
2025-09-19 09:00:00,-0.0065951523
2025-09-19 10:00:00,0.0015342469
2025-09-19 11:00:00,-0.0095357577
2025-09-19 12:00:00,-0.0017704342
2025-09-19 13:00:00,0.0031698084
2025-09-19 14:00:00,-0.0101343472
2025-09-19 15:00:00,-0.0083245157
2025-09-19 16:00:00,0.0052342438
2025-09-19 17:00:00,-0.0111368495
2025-09-19 18:00:00,0.0013188886
2025-09-19 19:00:00,-0.0019223889
2025-09-19 20:00:00,0.0035027625
2025-09-19 21:00:00,0.0049506908
2025-09-19 22:00:00,-0.0010106493
2025-09-19 23:00:00,-0.0061608009
2025-09-20 00:00:00,0.007732481
2025-09-20 01:00:00,-0.0073934022
2025-09-20 02:00:00,-0.0001130135
2025-09-20 03:00:00,-0.0010554091
2025-09-20 04:00:00,0.0020344354
2025-09-20 05:00:00,0.0051429436
2025-09-20 06:00:00,-0.0031126387
2025-09-20 07:00:00,0.0015012764
2025-09-20 08:00:00,-0.0087767773
2025-09-20 09:00:00,-0.0009084372
2025-09-20 10:00:00,-0.0002651164
2025-09-20 11:00:00,0.0049875415
2025-09-20 12:00:00,-0.0013577735
2025-09-20 13:00:00,0.0030524019
2025-09-20 14:00:00,0.0034556621
2025-09-20 15:00:00,0.0084385535
2025-09-20 16:00:00,-0.0013022046
2025-09-20 17:00:00,-0.0024975317
2025-09-20 18:00:00,-0.0054640855
2025-09-20 19:00:00,-0.0002627282
2025-09-20 20:00:00,0.0052414946
2025-09-20 21:00:00,0.0012315043
2025-09-20 22:00:00,0.0007828956
2025-09-20 23:00:00,-0.0020143999
2025-09-21 00:00:00,0.0033550824
2025-09-21 01:00:00,-0.0042890509
2025-09-21 02:00:00,0.0038423564
2025-09-21 03:00:00,0.0039018277
2025-09-21 04:00:00,-0.0041997349
2025-09-21 05:00:00,0.0016373924
2025-09-21 06:00:00,0.0004460967
2025-09-21 07:00:00,-0.0027913746
2025-09-21 08:00:00,-0.0052315055
2025-09-21 09:00:00,-0.0018750474
2025-09-21 10:00:00,-0.0027815384
2025-09-21 11:00:00,0.00165482
2025-09-21 12:00:00,0.0027394707
2025-09-21 13:00:00,0.0027319865
2025-09-21 14:00:00,-0.0031817953
2025-09-21 15:00:00,-0.0036057731
2025-09-21 16:00:00,-0.0089957896
2025-09-21 17:00:00,0.0022754864
2025-09-21 18:00:00,0.0015141195
2025-09-21 19:00:00,-0.0027270678
2025-09-21 20:00:00,-0.0057435353
2025-09-21 21:00:00,0.0006482735
2025-09-21 22:00:00,0.0027409793
2025-09-21 23:00:00,-0.0082839129
2025-09-22 00:00:00,-0.0417616009
2025-09-22 01:00:00,-0.0009196874
2025-09-22 02:00:00,-0.011507329
2025-09-22 03:00:00,0.0065343892
2025-09-22 04:00:00,0.0016871539
2025-09-22 05:00:00,-0.0219120148
2025-09-22 06:00:00,-0.0133814412
2025-09-22 07:00:00,-0.011205536
2025-09-22 08:00:00,0.0079154429
2025-09-22 09:00:00,-0.0079154429
2025-09-22 10:00:00,0.0087077203
2025-09-22 11:00:00,-0.0025458581
2025-09-22 12:00:00,0.0047941728
2025-09-22 13:00:00,0.0066734616
2025-09-22 14:00:00,-0.0056758309
2025-09-22 15:00:00,-0.0043720012
2025-09-22 16:00:00,-0.0001251956
2025-09-22 17:00:00,-0.0006679748
2025-09-22 18:00:00,-0.0069987504
2025-09-22 19:00:00,-0.005566816
2025-09-22 20:00:00,0.0088417906
2025-09-22 21:00:00,0.0128695473
2025-09-22 22:00:00,-0.0064765452
2025-09-22 23:00:00,0.005565723
2025-09-23 00:00:00,-0.0024882856
2025-09-23 01:00:00,-0.0109806335
2025-09-23 02:00:00,-0.0064016391
2025-09-23 03:00:00,0.0164267857
2025-09-23 04:00:00,-0.0009564007
2025-09-23 05:00:00,-0.000874035
2025-09-23 06:00:00,0.0105619471
2025-09-23 07:00:00,-0.004583849
2025-09-23 08:00:00,0.0016955816
2025-09-23 09:00:00,-0.0052615347
2025-09-23 10:00:00,0.0013283522
2025-09-23 11:00:00,0.0003732814
2025-09-23 12:00:00,-0.0008712067
2025-09-23 13:00:00,-0.0048261036
2025-09-23 14:00:00,-0.0037605025
2025-09-23 15:00:00,0.0079638505
2025-09-23 16:00:00,0.0087246517
2025-09-23 17:00:00,-0.0181547474
2025-09-23 18:00:00,-0.0038223296
2025-09-23 19:00:00,0.0016399306
2025-09-23 20:00:00,0.0038997848
2025-09-23 21:00:00,0.0065907718
2025-09-23 22:00:00,-0.0045003826
2025-09-23 23:00:00,-0.0096943496
2025-09-24 00:00:00,0.0055511308
2025-09-24 01:00:00,0.0075620255
2025-09-24 02:00:00,-0.0066398256
2025-09-24 03:00:00,-0.0171572836
2025-09-24 04:00:00,0.0069236764
2025-09-24 05:00:00,0.0116571546
2025-09-24 06:00:00,-0.0007115204
2025-09-24 07:00:00,0.0029682917
2025-09-24 08:00:00,0.0058272798
2025-09-24 09:00:00,0.004058985
2025-09-24 10:00:00,0.0011566903
2025-09-24 11:00:00,0.0038734184
2025-09-24 12:00:00,-0.0011522161
2025-09-24 13:00:00,0.0022620257
2025-09-24 14:00:00,0.0224235571
2025-09-24 15:00:00,-0.0140779024
2025-09-24 16:00:00,-0.002569909
2025-09-24 17:00:00,0.0023661891
2025-09-24 18:00:00,-0.0030199174
2025-09-24 19:00:00,-0.0043007296
2025-09-24 20:00:00,-0.0006569763
2025-09-24 21:00:00,-0.0084145027
2025-09-24 22:00:00,-0.0013678475
2025-09-24 23:00:00,0.0002073699
2025-09-25 00:00:00,-0.0064485485
2025-09-25 01:00:00,-0.0084668123
2025-09-25 02:00:00,0.0067958983
2025-09-25 03:00:00,-0.0126216493
2025-09-25 04:00:00,-0.0115401455
2025-09-25 05:00:00,0.0064039838
2025-09-25 06:00:00,-0.0067895301
2025-09-25 07:00:00,-0.0002999721
2025-09-25 08:00:00,-0.000128587
2025-09-25 09:00:00,-0.0048124529
2025-09-25 10:00:00,-0.0020695907
2025-09-25 11:00:00,-0.0014685559
2025-09-25 12:00:00,-0.0070705394
2025-09-25 13:00:00,0.0068111584
2025-09-25 14:00:00,0.0032374362
2025-09-25 15:00:00,-0.0036266338
2025-09-25 16:00:00,-0.0164846086
2025-09-25 17:00:00,-0.0263759387
2025-09-25 18:00:00,0.0278698535
2025-09-25 19:00:00,-0.0057241141
2025-09-25 20:00:00,-0.0084699294
2025-09-25 21:00:00,0.0022242002
2025-09-25 22:00:00,-0.0044979924
2025-09-25 23:00:00,-0.0048322242
2025-09-26 00:00:00,0.0145597977
2025-09-26 01:00:00,0.0015017671
2025-09-26 02:00:00,-0.0021207979
2025-09-26 03:00:00,0.0056454964
2025-09-26 04:00:00,-0.0042753002
2025-09-26 05:00:00,-0.0011490698
2025-09-26 06:00:00,0.0012374051
2025-09-26 07:00:00,0.0031308591
2025-09-26 08:00:00,-0.0021596853
2025-09-26 09:00:00,-0.0050870435
2025-09-26 10:00:00,-0.0107453605
2025-09-26 11:00:00,0.0069686693
2025-09-26 12:00:00,0.0089078565
2025-09-26 13:00:00,0.0041387872
2025-09-26 14:00:00,-0.0101573034
2025-09-26 15:00:00,0.0092341655
2025-09-26 16:00:00,0.010107947
2025-09-26 17:00:00,0.0094894228
2025-09-26 18:00:00,0.0030572504
2025-09-26 19:00:00,-0.0056049125
2025-09-26 20:00:00,-0.0019908256
2025-09-26 21:00:00,0.0016881294
2025-09-26 22:00:00,0.0016421075
2025-09-26 23:00:00,0.0037924541
2025-09-27 00:00:00,0.0023630008
2025-09-27 01:00:00,-0.0026641473
2025-09-27 02:00:00,0.0008171868
2025-09-27 03:00:00,0.0050602621
2025-09-27 04:00:00,-0.001326913
2025-09-27 05:00:00,-0.00231561
2025-09-27 06:00:00,-0.0047767708
2025-09-27 07:00:00,-0.0026780717
2025-09-27 08:00:00,-0.0065525631
2025-09-27 09:00:00,0.0012182919
2025-09-27 10:00:00,0.0017812539
2025-09-27 11:00:00,-0.0009554003
2025-09-27 12:00:00,0.002820142
2025-09-27 13:00:00,-0.0009969874
2025-09-27 14:00:00,-0.0052178569
2025-09-27 15:00:00,0.0041764613
2025-09-27 16:00:00,-0.0040892735
2025-09-27 17:00:00,-0.0006540936
2025-09-27 18:00:00,0.0006105006
2025-09-27 19:00:00,0.0025687369
2025-09-27 20:00:00,-0.0014794833
2025-09-27 21:00:00,0.0042151067
2025-09-27 22:00:00,0.0039382909
2025-09-27 23:00:00,-0.0030280769
2025-09-28 00:00:00,-0.0051253207
2025-09-28 01:00:00,-0.0076936907
2025-09-28 02:00:00,0.0035919264
2025-09-28 03:00:00,-0.0001311848
2025-09-28 04:00:00,0.0006120486
2025-09-28 05:00:00,-0.0018810566
2025-09-28 06:00:00,0.0007003414
2025-09-28 07:00:00,0.0035379713
2025-09-28 08:00:00,-0.0087585408
2025-09-28 09:00:00,-0.003260202
2025-09-28 10:00:00,0.000264737
2025-09-28 11:00:00,-0.0012802121
2025-09-28 12:00:00,-0.0022111184
2025-09-28 13:00:00,0.0113134832
2025-09-28 14:00:00,0.0035393627
2025-09-28 15:00:00,0.0027877011
2025-09-28 16:00:00,0.0022158989
2025-09-28 17:00:00,0.0040281592
2025-09-28 18:00:00,0.0021589887
2025-09-28 19:00:00,0.000345006
2025-09-28 20:00:00,0.004817628
2025-09-28 21:00:00,0.0014150642
2025-09-28 22:00:00,0.0121383973
2025-09-28 23:00:00,0.0053619431
2025-09-29 00:00:00,-0.0071415292
2025-09-29 01:00:00,-0.0057416426
2025-09-29 02:00:00,0.0065470857
2025-09-29 03:00:00,-0.0007630352
2025-09-29 04:00:00,-0.0045478774
2025-09-29 05:00:00,-0.0028155814
2025-09-29 06:00:00,-0.0088824631
2025-09-29 07:00:00,0.0026687344
2025-09-29 08:00:00,0.0003868056
2025-09-29 09:00:00,-0.0045220689
2025-09-29 10:00:00,-0.0057140539
2025-09-29 11:00:00,0.0031208035
2025-09-29 12:00:00,-0.006251377
2025-09-29 13:00:00,0.0192790566
2025-09-29 14:00:00,0.0118475239
2025-09-29 15:00:00,-0.0129587776
2025-09-29 16:00:00,-0.0075118933
2025-09-29 17:00:00,0.0056284924
2025-09-29 18:00:00,0.0002570364
2025-09-29 19:00:00,0.0072553773
2025-09-29 20:00:00,0.0146481017
2025-09-29 21:00:00,-0.0057997977
2025-09-29 22:00:00,-0.0032930875
2025-09-29 23:00:00,-0.0065763193
2025-09-30 00:00:00,-0.0065341566
2025-09-30 01:00:00,-0.0014578512
2025-09-30 02:00:00,-0.0008585534
2025-09-30 03:00:00,-8.58959e-05
2025-09-30 04:00:00,-8.59033e-05
2025-09-30 05:00:00,-0.0001288687
2025-09-30 06:00:00,0.0018884126
2025-09-30 07:00:00,-0.0045123521
2025-09-30 08:00:00,-0.0055284553
2025-09-30 09:00:00,-0.0054720887
2025-09-30 10:00:00,0.0003483259
2025-09-30 11:00:00,0.0032162754
2025-09-30 12:00:00,-0.0062682484
2025-09-30 13:00:00,0.0033131379
2025-09-30 14:00:00,-0.0003046989
2025-09-30 15:00:00,-0.0071215103
2025-09-30 16:00:00,0.0014020946
2025-09-30 17:00:00,0.0038892701
2025-09-30 18:00:00,0.0069541309
2025-09-30 19:00:00,0.007766024
2025-09-30 20:00:00,0.004502484
2025-09-30 21:00:00,-0.0054054186
2025-09-30 22:00:00,-0.0036630867
2025-09-30 23:00:00,0.0055110791
2025-10-01 00:00:00,-0.002880917
2025-10-01 01:00:00,0.0071654137
2025-10-01 02:00:00,-0.0045851001
2025-10-01 03:00:00,-0.0082805493
2025-10-01 04:00:00,0.007120232
2025-10-01 05:00:00,0.0029625835
2025-10-01 06:00:00,-0.0036938449
2025-10-01 07:00:00,0.0046794255
2025-10-01 08:00:00,0.0367086981
2025-10-01 09:00:00,0.0076089782
2025-10-01 10:00:00,-0.0103790059
2025-10-01 11:00:00,0.0059028881
2025-10-01 12:00:00,-0.0025962801
2025-10-01 13:00:00,0.0050216199
2025-10-01 14:00:00,0.002173691
2025-10-01 15:00:00,0.0055969914
2025-10-01 16:00:00,-0.0024065437
2025-10-01 17:00:00,-0.0054462574
2025-10-01 18:00:00,0.0124052844
2025-10-01 19:00:00,0.0009728416
2025-10-01 20:00:00,-0.0011350739
2025-10-01 21:00:00,-0.0042680389
2025-10-01 22:00:00,0.0019533641
2025-10-01 23:00:00,0.0128856831
2025-10-02 00:00:00,-0.0080593602
2025-10-02 01:00:00,0.0228000757
2025-10-02 02:00:00,0.0086236285
2025-10-02 03:00:00,-0.0041253374
2025-10-02 04:00:00,-0.0025228648
2025-10-02 05:00:00,0.0023653721
2025-10-02 06:00:00,0.0123661277
2025-10-02 07:00:00,-0.0046780063
2025-10-02 08:00:00,0.0072416123
2025-10-02 09:00:00,0.0025570507
2025-10-02 10:00:00,-0.0016264574
2025-10-02 11:00:00,-0.0068055251
2025-10-02 12:00:00,0.0029223267
2025-10-02 13:00:00,-0.0065579125
2025-10-02 14:00:00,-0.0141197376
2025-10-02 15:00:00,0.0131401713
2025-10-02 16:00:00,0.0037172582
2025-10-02 17:00:00,0.0013660405
2025-10-02 18:00:00,0.0103599724
2025-10-02 19:00:00,0.001542853
2025-10-02 20:00:00,0.0048444864
2025-10-02 21:00:00,0.0050501293
2025-10-02 22:00:00,-0.0060094724
2025-10-02 23:00:00,0.0068868161
2025-10-03 00:00:00,-0.0070787952
2025-10-03 01:00:00,-0.012947291
2025-10-03 02:00:00,0.0080972102
2025-10-03 03:00:00,0.0012339968
2025-10-03 04:00:00,0.0037312758
2025-10-03 05:00:00,-0.01100291
2025-10-03 06:00:00,-0.0068948328
2025-10-03 07:00:00,-0.0010559457
2025-10-03 08:00:00,0.0038663617
2025-10-03 09:00:00,0.0016746835
2025-10-03 10:00:00,-0.0003892111
2025-10-03 11:00:00,-0.0037441541
2025-10-03 12:00:00,-0.0011729289
2025-10-03 13:00:00,0.0021883557
2025-10-03 14:00:00,0.0040514274
2025-10-03 15:00:00,0.0142054423
2025-10-03 16:00:00,-0.0033017268
2025-10-03 17:00:00,-0.0138627583
2025-10-03 18:00:00,0.0129009053
2025-10-03 19:00:00,-0.0014252424
2025-10-03 20:00:00,0.0027715777
2025-10-03 21:00:00,-0.0044304967
2025-10-03 22:00:00,0.0006947661
2025-10-03 23:00:00,-0.0031689623
2025-10-04 00:00:00,-0.0033732075
2025-10-04 01:00:00,-0.0078762056
2025-10-04 02:00:00,-0.0051018517
2025-10-04 03:00:00,-0.0030341862
2025-10-04 04:00:00,-0.0006711277
2025-10-04 05:00:00,0.0035479203
2025-10-04 06:00:00,0.0060418403
2025-10-04 07:00:00,-0.0056090676
2025-10-04 08:00:00,-0.0070657724
2025-10-04 09:00:00,-0.0054816423
2025-10-04 10:00:00,-0.0053917098
2025-10-04 11:00:00,-0.0002403076
2025-10-04 12:00:00,-0.001322725
2025-10-04 13:00:00,0.0083478607
2025-10-04 14:00:00,-0.0078666673
2025-10-04 15:00:00,-0.0066771496
2025-10-04 16:00:00,0.0033843707
2025-10-04 17:00:00,0.0020893611
2025-10-04 18:00:00,-0.0021295839
2025-10-04 19:00:00,0.0039341681
2025-10-04 20:00:00,0.0004005768
2025-10-04 21:00:00,0.002280229
2025-10-04 22:00:00,0.0005991971
2025-10-04 23:00:00,0.0021142922
2025-10-05 00:00:00,-0.0045132378
2025-10-05 01:00:00,0.0085300262
2025-10-05 02:00:00,0.0192616018
2025-10-05 03:00:00,0.0061713018
2025-10-05 04:00:00,0.0158160687
2025-10-05 05:00:00,-0.0034718945
2025-10-05 06:00:00,-0.0034456389
2025-10-05 07:00:00,0.0125763853
2025-10-05 08:00:00,-0.0003030188
2025-10-05 09:00:00,-0.0109319846
2025-10-05 10:00:00,-0.0073420922
2025-10-05 11:00:00,-0.0014671817
2025-10-05 12:00:00,-0.0087316464
2025-10-05 13:00:00,0.0013632736
2025-10-05 14:00:00,-0.0052294843
2025-10-05 15:00:00,0.0030473535
2025-10-05 16:00:00,0.0029992038
2025-10-05 17:00:00,-0.0085146786
2025-10-05 18:00:00,0.0007057993
2025-10-05 19:00:00,-0.0144898601
2025-10-05 20:00:00,0.0047609691
2025-10-05 21:00:00,0.0009494798
2025-10-05 22:00:00,0.0010670883
2025-10-05 23:00:00,-0.0011461772
2025-10-06 00:00:00,-0.0039624413
2025-10-06 01:00:00,0.0090509086
2025-10-06 02:00:00,-3.93461e-05
2025-10-06 03:00:00,-0.0010235415
2025-10-06 04:00:00,-0.0043024401
2025-10-06 05:00:00,0.0038690877
2025-10-06 06:00:00,0.0143189333
2025-10-06 07:00:00,-0.0095623545
2025-10-06 08:00:00,0.0099507191
2025-10-06 09:00:00,0.0035658953
2025-10-06 10:00:00,0.0019326665
2025-10-06 11:00:00,0.0044310088
2025-10-06 12:00:00,0.0014214643
2025-10-06 13:00:00,0.0068102953
2025-10-06 14:00:00,-0.0004195191
2025-10-06 15:00:00,0.0184441526
2025-10-06 16:00:00,-0.0055578648
2025-10-06 17:00:00,0.0076154402
2025-10-06 18:00:00,0.0080770171
2025-10-06 19:00:00,-0.0043095508
2025-10-06 20:00:00,-0.0020871388
2025-10-06 21:00:00,0.0040584622
2025-10-06 22:00:00,-0.0009293854
2025-10-06 23:00:00,-0.0099425204
2025-10-07 00:00:00,-0.0010899593
2025-10-07 01:00:00,-0.0022965581
2025-10-07 02:00:00,0.0077345133
2025-10-07 03:00:00,-0.0015346325
2025-10-07 04:00:00,0.0013476082
2025-10-07 05:00:00,-0.0049501339
2025-10-07 06:00:00,-0.0203561639
2025-10-07 07:00:00,-0.0007676365
2025-10-07 08:00:00,-0.0029609143
2025-10-07 09:00:00,0.0039203678
2025-10-07 10:00:00,0.0040960915
2025-10-07 11:00:00,0.0005728799
2025-10-07 12:00:00,0.00972689
2025-10-07 13:00:00,-0.011829056
2025-10-07 14:00:00,-0.0247920972
2025-10-07 15:00:00,-0.0131469155
2025-10-07 16:00:00,0.0038870428
2025-10-07 17:00:00,-0.0084677204
2025-10-07 18:00:00,-0.0078557518
2025-10-07 19:00:00,0.0036549895
2025-10-07 20:00:00,0.0080260778
2025-10-07 21:00:00,-0.0062636099
2025-10-07 22:00:00,8.00384e-05
2025-10-07 23:00:00,-0.0116729711
2025-10-08 00:00:00,0.0076631818
2025-10-08 01:00:00,0.0040097892
2025-10-08 02:00:00,-0.0036884138
2025-10-08 03:00:00,-0.0166866291
2025-10-08 04:00:00,0.0089044887
2025-10-08 05:00:00,-0.0065384926
2025-10-08 06:00:00,0.0026855485
2025-10-08 07:00:00,0.0025567677
2025-10-08 08:00:00,0.007349708
2025-10-08 09:00:00,-0.0009258328
2025-10-08 10:00:00,0.0075026932
2025-10-08 11:00:00,-0.0031627226
2025-10-08 12:00:00,0.0120764306
2025-10-08 13:00:00,0.0024927308
2025-10-08 14:00:00,-0.003523291
2025-10-08 15:00:00,0.0043923067
2025-10-08 16:00:00,0.0136077863
2025-10-08 17:00:00,0.0143086087
2025-10-08 18:00:00,-0.0067034192
2025-10-08 19:00:00,0.0026636314
2025-10-08 20:00:00,-0.0097626003
2025-10-08 21:00:00,0.0035363876
2025-10-08 22:00:00,-0.0041205112
2025-10-08 23:00:00,-0.0039420069
2025-10-09 00:00:00,-0.0069459712
2025-10-09 01:00:00,-0.0049345776
2025-10-09 02:00:00,-0.0211165615
2025-10-09 03:00:00,0.0068075428
2025-10-09 04:00:00,0.0062031214
2025-10-09 05:00:00,-0.0032768572
2025-10-09 06:00:00,-0.0080780104
2025-10-09 07:00:00,-0.0018174847
2025-10-09 08:00:00,-0.0166721481
2025-10-09 09:00:00,0.0067185832
2025-10-09 10:00:00,0.0040339887
2025-10-09 11:00:00,0.0072930918
2025-10-09 12:00:00,0.0084819514
2025-10-09 13:00:00,-0.0171586196
2025-10-09 14:00:00,-0.0025279309
2025-10-09 15:00:00,-0.0001224815
2025-10-09 16:00:00,-0.0117046861
2025-10-09 17:00:00,0.0179321926
2025-10-09 18:00:00,-0.0048810347
2025-10-09 19:00:00,0.0056111394
2025-10-09 20:00:00,0.0042483526
2025-10-09 21:00:00,0.0052751446
2025-10-09 22:00:00,0.0019660166
2025-10-09 23:00:00,-0.0037749533
2025-10-10 00:00:00,0.0022104786
2025-10-10 01:00:00,-0.0006827172
2025-10-10 02:00:00,-0.0010450582
2025-10-10 03:00:00,0.0113962487
2025-10-10 04:00:00,-0.0009944906
2025-10-10 05:00:00,0.0031788948
2025-10-10 06:00:00,-0.0087263718
2025-10-10 07:00:00,-0.0102173053
2025-10-10 08:00:00,0.0076928104
2025-10-10 09:00:00,-0.0020885219
2025-10-10 10:00:00,0.0076499822
2025-10-10 11:00:00,0.0005185584
2025-10-10 12:00:00,0.0003588445
2025-10-10 13:00:00,0.0032635546
2025-10-10 14:00:00,-0.0186089188
2025-10-10 15:00:00,-0.0374492192
2025-10-10 16:00:00,-0.005689616
2025-10-10 17:00:00,-0.0069556647
2025-10-10 18:00:00,-0.0033252365
2025-10-10 19:00:00,-0.0097838062
2025-10-10 20:00:00,-0.0582395856
2025-10-10 21:00:00,-0.1202084996
2025-10-10 22:00:00,0.0188419881
2025-10-10 23:00:00,-0.0194091593
2025-10-11 00:00:00,0.0167245939
2025-10-11 01:00:00,-0.0390462508
2025-10-11 02:00:00,0.0488881048
2025-10-11 03:00:00,-0.0281665721
2025-10-11 04:00:00,0.0173097987
2025-10-11 05:00:00,-0.0260262594
2025-10-11 06:00:00,0.0030178492
2025-10-11 07:00:00,-0.0066722516
2025-10-11 08:00:00,0.0224449615
2025-10-11 09:00:00,-0.0055384757
2025-10-11 10:00:00,-0.0025229785
2025-10-11 11:00:00,0.001082056
2025-10-11 12:00:00,-0.014576837
2025-10-11 13:00:00,-0.0008887263
2025-10-11 14:00:00,-0.00109893
2025-10-11 15:00:00,0.0068355819
2025-10-11 16:00:00,0.0027004586
2025-10-11 17:00:00,0.005585451
2025-10-11 18:00:00,-0.008077923
2025-10-11 19:00:00,-0.0403152081
2025-10-11 20:00:00,-0.0151625485
2025-10-11 21:00:00,0.0138083788
2025-10-11 22:00:00,0.0047046187
2025-10-11 23:00:00,0.0006471794
2025-10-12 00:00:00,-0.0159229514
2025-10-12 01:00:00,-0.003017421
2025-10-12 02:00:00,0.0019760683
2025-10-12 03:00:00,0.0166407668
2025-10-12 04:00:00,0.0146691425
2025-10-12 05:00:00,0.0037133351
2025-10-12 06:00:00,0.0113721348
2025-10-12 07:00:00,-0.005617255
2025-10-12 08:00:00,-0.0053313753
2025-10-12 09:00:00,0.0036453008
2025-10-12 10:00:00,-0.0031690725
2025-10-12 11:00:00,-0.0011645142
2025-10-12 12:00:00,0.0063354839
2025-10-12 13:00:00,-0.0154334691
2025-10-12 14:00:00,0.0473893719
2025-10-12 15:00:00,0.0472889578
2025-10-12 16:00:00,0.0053822226
2025-10-12 17:00:00,0.0013531148
2025-10-12 18:00:00,0.0037597653
2025-10-12 19:00:00,0.0130014737
2025-10-12 20:00:00,0.0025138154
2025-10-12 21:00:00,-0.0202897189
2025-10-12 22:00:00,0.0043413314
2025-10-12 23:00:00,-0.0008185868
2025-10-13 00:00:00,-0.0039579162
2025-10-13 01:00:00,0.0129734666
2025-10-13 02:00:00,-0.0026291274
2025-10-13 03:00:00,-0.0073021078
2025-10-13 04:00:00,0.0109332632
2025-10-13 05:00:00,-0.0088621212
2025-10-13 06:00:00,0.0123375704
2025-10-13 07:00:00,-0.0015695977
2025-10-13 08:00:00,0.0112653248
2025-10-13 09:00:00,-0.0035835572
2025-10-13 10:00:00,-0.0073010328
2025-10-13 11:00:00,-0.0198958939
2025-10-13 12:00:00,-0.0005826374
2025-10-13 13:00:00,0.026787102
2025-10-13 14:00:00,-0.0249432469
2025-10-13 15:00:00,0.0194907999
2025-10-13 16:00:00,0.0028010558
2025-10-13 17:00:00,0.0166435436
2025-10-13 18:00:00,-0.0003730821
2025-10-13 19:00:00,0.0087308408
2025-10-13 20:00:00,0.0091135676
2025-10-13 21:00:00,-0.0118917331
2025-10-13 22:00:00,-0.0009277729
2025-10-13 23:00:00,-0.0064252014
2025-10-14 00:00:00,0.001400299
2025-10-14 01:00:00,-0.011682321
2025-10-14 02:00:00,-0.013349684
2025-10-14 03:00:00,-0.0055632967
2025-10-14 04:00:00,-0.0137038195
2025-10-14 05:00:00,-0.0075368634
2025-10-14 06:00:00,-0.0229072648
2025-10-14 07:00:00,-0.0046350025
2025-10-14 08:00:00,0.0094487309
2025-10-14 09:00:00,-0.0002501438
2025-10-14 10:00:00,-0.0112711267
2025-10-14 11:00:00,0.0082143229
2025-10-14 12:00:00,-0.0146106085
2025-10-14 13:00:00,0.009730464
2025-10-14 14:00:00,0.0044283486
2025-10-14 15:00:00,0.0225888921
2025-10-14 16:00:00,-0.0034914348
2025-10-14 17:00:00,0.0017226533
2025-10-14 18:00:00,0.001277767
2025-10-14 19:00:00,-0.002261777
2025-10-14 20:00:00,0.0042243898
2025-10-14 21:00:00,-0.0017170755
2025-10-14 22:00:00,0.0012267833
2025-10-14 23:00:00,0.0023512134
2025-10-15 00:00:00,0.001124667
2025-10-15 01:00:00,-0.0017119523
2025-10-15 02:00:00,0.0031282102
2025-10-15 03:00:00,-0.0105971654
2025-10-15 04:00:00,0.0070282647
2025-10-15 05:00:00,-0.0001959248
2025-10-15 06:00:00,0.0021530641
2025-10-15 07:00:00,0.0012212698
2025-10-15 08:00:00,0.0058414224
2025-10-15 09:00:00,-0.0101959563
2025-10-15 10:00:00,-0.0052604531
2025-10-15 11:00:00,-0.0025665085
2025-10-15 12:00:00,-0.0020777686
2025-10-15 13:00:00,-0.0053627419
2025-10-15 14:00:00,-0.0033913553
2025-10-15 15:00:00,-0.0068174107
2025-10-15 16:00:00,0.0019597504
2025-10-15 17:00:00,0.0005018821
2025-10-15 18:00:00,0.001604332
2025-10-15 19:00:00,-0.0120957024
2025-10-15 20:00:00,-0.0027418144
2025-10-15 21:00:00,-0.0081683117
2025-10-15 22:00:00,0.0007173969
2025-10-15 23:00:00,0.0056188532
2025-10-16 00:00:00,-0.0017333678
2025-10-16 01:00:00,0.0111630954
2025-10-16 02:00:00,-0.0007066781
2025-10-16 03:00:00,-0.0079083855
2025-10-16 04:00:00,-0.0024970074
2025-10-16 05:00:00,0.0003060912
2025-10-16 06:00:00,0.0151360808
2025-10-16 07:00:00,-0.0076659645
2025-10-16 08:00:00,-0.0056355339
2025-10-16 09:00:00,0.0103832574
2025-10-16 10:00:00,0.0050762806
2025-10-16 11:00:00,0.0046016187
2025-10-16 12:00:00,-0.0013982524
2025-10-16 13:00:00,-0.0093383548
2025-10-16 14:00:00,-0.01606787
2025-10-16 15:00:00,-0.0292302899
2025-10-16 16:00:00,0.0269209978
2025-10-16 17:00:00,-0.0172565495
2025-10-16 18:00:00,-0.0053459247
2025-10-16 19:00:00,-0.0122668487
2025-10-16 20:00:00,-0.0126346774
2025-10-16 21:00:00,0.0121557629
2025-10-16 22:00:00,-0.0075330929
2025-10-16 23:00:00,0.0103500711
2025-10-17 00:00:00,0.0065598288
2025-10-17 01:00:00,0.0001581736
2025-10-17 02:00:00,0.0003689745
2025-10-17 03:00:00,0.0032096
2025-10-17 04:00:00,-0.0050030386
2025-10-17 05:00:00,-0.0057182345
2025-10-17 06:00:00,-0.0312812001
2025-10-17 07:00:00,-0.0216538988
2025-10-17 08:00:00,-0.0081509206
2025-10-17 09:00:00,0.0084308053
2025-10-17 10:00:00,0.0015100252
2025-10-17 11:00:00,0.0206306922
2025-10-17 12:00:00,0.0043699201
2025-10-17 13:00:00,5.45033e-05
2025-10-17 14:00:00,-0.011401132
2025-10-17 15:00:00,0.0191106007
2025-10-17 16:00:00,-0.0056949306
2025-10-17 17:00:00,0.0046668198
2025-10-17 18:00:00,0.0004330176
2025-10-17 19:00:00,-0.0019500575
2025-10-17 20:00:00,0.0089067011
2025-10-17 21:00:00,0.0080287323
2025-10-17 22:00:00,-0.0072766506
2025-10-17 23:00:00,-0.0078169621
2025-10-18 00:00:00,0.0062584504
2025-10-18 01:00:00,0.0103267458
2025-10-18 02:00:00,-0.0094665769
2025-10-18 03:00:00,0.0046107738
2025-10-18 04:00:00,-0.008811103
2025-10-18 05:00:00,0.0073122537
2025-10-18 06:00:00,0.0035827957
2025-10-18 07:00:00,0.0027186242
2025-10-18 08:00:00,-0.0023984022
2025-10-18 09:00:00,0.0014397315
2025-10-18 10:00:00,-0.0016532015
2025-10-18 11:00:00,0.0035164403
2025-10-18 12:00:00,-0.0005852153
2025-10-18 13:00:00,-0.0049614655
2025-10-18 14:00:00,0.0033636808
2025-10-18 15:00:00,0.0004796035
2025-10-18 16:00:00,-0.0030948213
2025-10-18 17:00:00,0.0165363107
2025-10-18 18:00:00,-0.0053232265
2025-10-18 19:00:00,0.0013730463
2025-10-18 20:00:00,-0.0028538229
2025-10-18 21:00:00,0.0024315479
2025-10-18 22:00:00,-0.0005280946
2025-10-18 23:00:00,0.0018471124
2025-10-19 00:00:00,-0.0052865422
2025-10-19 01:00:00,0.0022237527
2025-10-19 02:00:00,-0.0025418357
2025-10-19 03:00:00,0.0109158149
2025-10-19 04:00:00,-0.0034674827
2025-10-19 05:00:00,0.0002631094
2025-10-19 06:00:00,-0.0050109554
2025-10-19 07:00:00,-0.0016406026
2025-10-19 08:00:00,-0.009365756
2025-10-19 09:00:00,0.0147010741
2025-10-19 10:00:00,0.0237399873
2025-10-19 11:00:00,-0.0054684412
2025-10-19 12:00:00,0.00299587
2025-10-19 13:00:00,0.0178398168
2025-10-19 14:00:00,0.002580516
2025-10-19 15:00:00,-0.0067435925
2025-10-19 16:00:00,0.0021852378
2025-10-19 17:00:00,-0.000812554
2025-10-19 18:00:00,0.002385001
2025-10-19 19:00:00,-0.0022833956
2025-10-19 20:00:00,0.0028407669
2025-10-19 21:00:00,-0.0045694637
2025-10-19 22:00:00,0.0022365688
2025-10-19 23:00:00,-0.0077988009
2025-10-20 00:00:00,-0.0063140273
2025-10-20 01:00:00,-0.0008242749
2025-10-20 02:00:00,0.004781623
2025-10-20 03:00:00,0.0217157189
2025-10-20 04:00:00,0.008645515
2025-10-20 05:00:00,0.0025344777
2025-10-20 06:00:00,0.0027260803
2025-10-20 07:00:00,-0.003768911
2025-10-20 08:00:00,-0.003583698
2025-10-20 09:00:00,0.0026889768
2025-10-20 10:00:00,-0.0030380779
2025-10-20 11:00:00,-0.0008982485
2025-10-20 12:00:00,0.0020448375
2025-10-20 13:00:00,0.0039283012
2025-10-20 14:00:00,-0.0010427271
2025-10-20 15:00:00,-0.0096344187
2025-10-20 16:00:00,-0.0041720134
2025-10-20 17:00:00,-0.001865437
2025-10-20 18:00:00,0.0029226526
2025-10-20 19:00:00,0.0053694772
2025-10-20 20:00:00,0.0001000901
2025-10-20 21:00:00,-0.0051677109
2025-10-20 22:00:00,0.0083653154
2025-10-20 23:00:00,-0.001647488
2025-10-21 00:00:00,9.99251e-05
2025-10-21 01:00:00,-0.0093360112
2025-10-21 02:00:00,-0.0098313263
2025-10-21 03:00:00,0.0011706325
2025-10-21 04:00:00,-0.016980427
2025-10-21 05:00:00,0.0021706557
2025-10-21 06:00:00,0.0013413818
2025-10-21 07:00:00,0.0019572502
2025-10-21 08:00:00,-0.0056762627
2025-10-21 09:00:00,0.0014479266
2025-10-21 10:00:00,0.0048456201
2025-10-21 11:00:00,0.0007196834
2025-10-21 12:00:00,0.000770515
2025-10-21 13:00:00,0.0010264307
2025-10-21 14:00:00,0.0408568747
2025-10-21 15:00:00,0.0064788683
2025-10-21 16:00:00,-0.0172715865
2025-10-21 17:00:00,0.0029821096
2025-10-21 18:00:00,0.0019831439
2025-10-21 19:00:00,-0.0016854215
2025-10-21 20:00:00,-0.0096214506
2025-10-21 21:00:00,-0.002156308
2025-10-21 22:00:00,-0.0161436668
2025-10-21 23:00:00,-0.0087108565
2025-10-22 00:00:00,-0.0035057003
2025-10-22 01:00:00,0.0052539525
2025-10-22 02:00:00,-0.0011823067
2025-10-22 03:00:00,-0.0023688152
2025-10-22 04:00:00,0.005296323
2025-10-22 05:00:00,-0.0157133538
2025-10-22 06:00:00,-0.0027127149
2025-10-22 07:00:00,0.0028689934
2025-10-22 08:00:00,-0.0018247705
2025-10-22 09:00:00,-0.0044979155
2025-10-22 10:00:00,-0.0032026909
2025-10-22 11:00:00,0.0048263655
2025-10-22 12:00:00,0.0015165384
2025-10-22 13:00:00,0.0058354774
2025-10-22 14:00:00,-0.000779565
2025-10-22 15:00:00,-0.0011444625
2025-10-22 16:00:00,-0.0026059326
2025-10-22 17:00:00,-0.0062295713
2025-10-22 18:00:00,0.001783841
2025-10-22 19:00:00,-0.0015213118
2025-10-22 20:00:00,-0.0051581777
2025-10-22 21:00:00,-0.0098637911
2025-10-22 22:00:00,-0.000746388
2025-10-22 23:00:00,0.0129820342
2025-10-23 00:00:00,0.0031012666
2025-10-23 01:00:00,0.0019399665
2025-10-23 02:00:00,0.0004189578
2025-10-23 03:00:00,0.0003664442
2025-10-23 04:00:00,0.0027701573
2025-10-23 05:00:00,0.0034389363
2025-10-23 06:00:00,0.0128173753
2025-10-23 07:00:00,-0.0036011974
2025-10-23 08:00:00,0.001133203
2025-10-23 09:00:00,0.003751
2025-10-23 10:00:00,-0.0006156372
2025-10-23 11:00:00,-0.0076758999
2025-10-23 12:00:00,0.0028402508
2025-10-23 13:00:00,0.0017002864
2025-10-23 14:00:00,0.0008233418
2025-10-23 15:00:00,0.0055398962
2025-10-23 16:00:00,0.0070851789
2025-10-23 17:00:00,0.0011168081
2025-10-23 18:00:00,-0.0064642782
2025-10-23 19:00:00,0.0006125887
2025-10-23 20:00:00,-0.0132023596
2025-10-23 21:00:00,0.0030978959
2025-10-23 22:00:00,0.0037562112
2025-10-23 23:00:00,0.0009753344
2025-10-24 00:00:00,0.0028691484
2025-10-24 01:00:00,0.0003069211
2025-10-24 02:00:00,-0.0001022966
2025-10-24 03:00:00,-0.0006651828
2025-10-24 04:00:00,0.0130182362
2025-10-24 05:00:00,0.0003030915
2025-10-24 06:00:00,0.0029755172
2025-10-24 07:00:00,-0.0088008256
2025-10-24 08:00:00,0.0025369134
2025-10-24 09:00:00,0.0005572583
2025-10-24 10:00:00,-0.0025354983
2025-10-24 11:00:00,0.0024342017
2025-10-24 12:00:00,0.0034888166
2025-10-24 13:00:00,-0.0036914406
2025-10-24 14:00:00,-0.0127461703
2025-10-24 15:00:00,0.0003591125
2025-10-24 16:00:00,-0.0005130573
2025-10-24 17:00:00,0.0018969987
2025-10-24 18:00:00,0.004599354
2025-10-24 19:00:00,0.0032070073
2025-10-24 20:00:00,0.0042600734
2025-10-24 21:00:00,0.0034353878
2025-10-24 22:00:00,-0.0010091837
2025-10-24 23:00:00,-0.0012123663
2025-10-25 00:00:00,0.001666625
2025-10-25 01:00:00,0.0066889882
2025-10-25 02:00:00,-0.0026099192
2025-10-25 03:00:00,-0.0053919353
2025-10-25 04:00:00,0.0038327749
2025-10-25 05:00:00,0.0016094154
2025-10-25 06:00:00,-0.0023647215
2025-10-25 07:00:00,-0.0029258963
2025-10-25 08:00:00,0.0038321951
2025-10-25 09:00:00,-0.0049442611
2025-10-25 10:00:00,-0.0029884789
2025-10-25 11:00:00,0.0028873206
2025-10-25 12:00:00,0.0024249785
2025-10-25 13:00:00,-0.0034371243
2025-10-25 14:00:00,-0.0023825829
2025-10-25 15:00:00,-0.0039156906
2025-10-25 16:00:00,0.0018326212
2025-10-25 17:00:00,0.0017277305
2025-10-25 18:00:00,0.0052158619
2025-10-25 19:00:00,-0.0030857196
2025-10-25 20:00:00,-0.003959597
2025-10-25 21:00:00,0.002032521
2025-10-25 22:00:00,0.0014709988
2025-10-25 23:00:00,-0.0040122962
2025-10-26 00:00:00,-0.0006617965
2025-10-26 01:00:00,-0.0045937198
2025-10-26 02:00:00,-0.0020997114
2025-10-26 03:00:00,-0.0001538107
2025-10-26 04:00:00,0.0030717272
2025-10-26 05:00:00,0.0022466183
2025-10-26 06:00:00,0.0005608668
2025-10-26 07:00:00,0.0027487928
2025-10-26 08:00:00,0.0019805506
2025-10-26 09:00:00,0.011701349
2025-10-26 10:00:00,-0.0015556395
2025-10-26 11:00:00,0.0140629655
2025-10-26 12:00:00,0.0028186445
2025-10-26 13:00:00,0.0021703752
2025-10-26 14:00:00,-0.0018741375
2025-10-26 15:00:00,0.0030067798
2025-10-26 16:00:00,-0.004736072
2025-10-26 17:00:00,0.0006426577
2025-10-26 18:00:00,0.0009385266
2025-10-26 19:00:00,-0.0032144033
2025-10-26 20:00:00,-0.0039704256
2025-10-26 21:00:00,0.0050100554
2025-10-26 22:00:00,0.0168293843
2025-10-26 23:00:00,0.0006809339
2025-10-27 00:00:00,0.0093883771
2025-10-27 01:00:00,0.0068643015
2025-10-27 02:00:00,-0.0066716511
2025-10-27 03:00:00,-0.0038600772
2025-10-27 04:00:00,0.0037155929
2025-10-27 05:00:00,0.0001926411
2025-10-27 06:00:00,0.0016840286
2025-10-27 07:00:00,-0.0082547354
2025-10-27 08:00:00,-0.0106723559
2025-10-27 09:00:00,-0.0055516122
2025-10-27 10:00:00,0.0
2025-10-27 11:00:00,0.0018211803
2025-10-27 12:00:00,-0.0059681057
2025-10-27 13:00:00,0.0052301891
2025-10-27 14:00:00,-0.0062200921
2025-10-27 15:00:00,0.0050382917
2025-10-27 16:00:00,0.0100010638
2025-10-27 17:00:00,0.0019493184
2025-10-27 18:00:00,-0.0020468841
2025-10-27 19:00:00,-0.009115476
2025-10-27 20:00:00,-0.0081564505
2025-10-27 21:00:00,0.0012896827
2025-10-27 22:00:00,-0.0034262764
2025-10-27 23:00:00,-0.003188524
2025-10-28 00:00:00,0.0
2025-10-28 01:00:00,0.0033377369
2025-10-28 02:00:00,-0.0068869421
2025-10-28 03:00:00,0.0002002904
2025-10-28 04:00:00,0.0011508921
2025-10-28 05:00:00,-0.0078321517
2025-10-28 06:00:00,0.0145608137
2025-10-28 07:00:00,-0.0048300853
2025-10-28 08:00:00,0.0010975307
2025-10-28 09:00:00,-0.0006483952
2025-10-28 10:00:00,-0.0004990518
2025-10-28 11:00:00,-0.0025490455
2025-10-28 12:00:00,0.005688922
2025-10-28 13:00:00,0.0051123079
2025-10-28 14:00:00,-0.0130056396
2025-10-28 15:00:00,0.0018039692
2025-10-28 16:00:00,0.0083757594
2025-10-28 17:00:00,0.0041617183
2025-10-28 18:00:00,-0.0077925695
2025-10-28 19:00:00,-0.019370213
2025-10-28 20:00:00,-0.0195455988
2025-10-28 21:00:00,-0.0012441036
2025-10-28 22:00:00,0.0072870422
2025-10-28 23:00:00,-0.0022682761
2025-10-29 00:00:00,-0.0016011987
2025-10-29 01:00:00,0.0021687502
2025-10-29 02:00:00,0.0002578715
2025-10-29 03:00:00,-0.004755514
2025-10-29 04:00:00,0.0050648721
2025-10-29 05:00:00,0.001030503
2025-10-29 06:00:00,0.0005663243
2025-10-29 07:00:00,0.0007717439
2025-10-29 08:00:00,-0.0056733351
2025-10-29 09:00:00,0.0001034394
2025-10-29 10:00:00,0.0031497715
2025-10-29 11:00:00,0.0072940533
2025-10-29 12:00:00,0.0035761763
2025-10-29 13:00:00,-0.0103032923
2025-10-29 14:00:00,-0.0046480484
2025-10-29 15:00:00,-0.0105639366
2025-10-29 16:00:00,0.0051658128
2025-10-29 17:00:00,0.0202984662
2025-10-29 18:00:00,-0.0161953104
2025-10-29 19:00:00,0.0052214041
2025-10-29 20:00:00,0.0104127534
2025-10-29 21:00:00,0.0002551086
2025-10-29 22:00:00,-0.0060379859
2025-10-29 23:00:00,-0.0127061262
2025-10-30 00:00:00,0.0033730345
2025-10-30 01:00:00,0.0011908153
2025-10-30 02:00:00,0.0060357685
2025-10-30 03:00:00,-0.003606764
2025-10-30 04:00:00,-0.0326332598
2025-10-30 05:00:00,0.0192785964
2025-10-30 06:00:00,0.0014114328
2025-10-30 07:00:00,0.0062490439
2025-10-30 08:00:00,-0.0077651066
2025-10-30 09:00:00,-0.0085643503
2025-10-30 10:00:00,-0.0043363368
2025-10-30 11:00:00,-0.0038230812
2025-10-30 12:00:00,-0.0212922717
2025-10-30 13:00:00,-0.0093912784
2025-10-30 14:00:00,0.0004387649
2025-10-30 15:00:00,-0.0094761328
2025-10-30 16:00:00,0.0067306885
2025-10-30 17:00:00,-0.0070075052
2025-10-30 18:00:00,-0.010352405
2025-10-30 19:00:00,-0.0093306281
2025-10-30 20:00:00,0.013350734
2025-10-30 21:00:00,0.0020040087
2025-10-30 22:00:00,0.0041621637
2025-10-30 23:00:00,0.0116722131
2025-10-31 00:00:00,0.0095876967
2025-10-31 01:00:00,0.0053529555
2025-10-31 02:00:00,-0.0073609339
2025-10-31 03:00:00,0.0019537616
2025-10-31 04:00:00,0.0076694948
2025-10-31 05:00:00,-0.005070403
2025-10-31 06:00:00,-0.0023280377
2025-10-31 07:00:00,5.4202e-05
2025-10-31 08:00:00,0.0054593255
2025-10-31 09:00:00,-0.0019964933
2025-10-31 10:00:00,0.0021581966
2025-10-31 11:00:00,0.0060718598
2025-10-31 12:00:00,-0.0100681928
2025-10-31 13:00:00,0.0078693879
2025-10-31 14:00:00,0.0015021462
2025-10-31 15:00:00,-0.0034367986
2025-10-31 16:00:00,-0.0133757714
2025-10-31 17:00:00,0.0051114848
2025-10-31 18:00:00,0.0049235863
2025-10-31 19:00:00,0.0113238122
2025-10-31 20:00:00,-0.0082521098
2025-10-31 21:00:00,0.0018814681
2025-10-31 22:00:00,0.0
2025-10-31 23:00:00,0.0010198879
2025-11-01 00:00:00,-0.0009124823
2025-11-01 01:00:00,-0.0028501538
2025-11-01 02:00:00,0.0035480093
2025-11-01 03:00:00,0.0030005917
2025-11-01 04:00:00,-0.0003745819
2025-11-01 05:00:00,-0.0045597268
2025-11-01 06:00:00,0.0002150422
2025-11-01 07:00:00,0.0052006658
2025-11-01 08:00:00,0.0037363267
2025-11-01 09:00:00,-0.0043247351
2025-11-01 10:00:00,0.0008557523
2025-11-01 11:00:00,-0.0009092612
2025-11-01 12:00:00,0.0003210101
2025-11-01 13:00:00,-0.0021956257
2025-11-01 14:00:00,-0.002952943
2025-11-01 15:00:00,0.0067520754
2025-11-01 16:00:00,0.0006406834
2025-11-01 17:00:00,-0.0035288493
2025-11-01 18:00:00,0.0020332823
2025-11-01 19:00:00,0.0010684903
2025-11-01 20:00:00,0.0022933955
2025-11-01 21:00:00,-0.008184271
2025-11-01 22:00:00,0.0040202675
2025-11-01 23:00:00,0.0019240025
2025-11-02 00:00:00,-0.0022985444
2025-11-02 01:00:00,-0.0042367264
2025-11-02 02:00:00,0.0022010477
2025-11-02 03:00:00,-0.0018786404
2025-11-02 04:00:00,0.0100497986
2025-11-02 05:00:00,-0.0022897318
2025-11-02 06:00:00,0.0008526058
2025-11-02 07:00:00,0.0021283396
2025-11-02 08:00:00,-0.0047951501
2025-11-02 09:00:00,-0.0049255909
2025-11-02 10:00:00,-0.0049499724
2025-11-02 11:00:00,0.0081650647
2025-11-02 12:00:00,-0.0029467727
2025-11-02 13:00:00,-0.0066756641
2025-11-02 14:00:00,-0.0076454215
2025-11-02 15:00:00,-0.0016342543
2025-11-02 16:00:00,0.0021784128
2025-11-02 17:00:00,0.0010874294
2025-11-02 18:00:00,-0.0006523157
2025-11-02 19:00:00,-0.0036499373
2025-11-02 20:00:00,-0.0002183287
2025-11-02 21:00:00,0.0035419485
2025-11-02 22:00:00,0.0009786333
2025-11-02 23:00:00,0.0129577453
2025-11-03 00:00:00,-0.0143716343
2025-11-03 01:00:00,-0.0040897622
2025-11-03 02:00:00,-0.0115964038
2025-11-03 03:00:00,-0.0327013801
2025-11-03 04:00:00,0.0050136842
2025-11-03 05:00:00,-0.0114887949
2025-11-03 06:00:00,-0.004551879
2025-11-03 07:00:00,0.0022497197
2025-11-03 08:00:00,0.0013819315
2025-11-03 09:00:00,-0.0063495942
2025-11-03 10:00:00,-0.0049342683
2025-11-03 11:00:00,0.0135254359
2025-11-03 12:00:00,0.0008034434
2025-11-03 13:00:00,0.0004588208
2025-11-03 14:00:00,0.0041199417
2025-11-03 15:00:00,-0.0477770868
2025-11-03 16:00:00,0.0112571545
2025-11-03 17:00:00,0.0146983656
2025-11-03 18:00:00,-0.0122729747
2025-11-03 19:00:00,-0.0069963525
2025-11-03 20:00:00,-0.0122120644
2025-11-03 21:00:00,0.009829267
2025-11-03 22:00:00,-0.0109742938
2025-11-03 23:00:00,0.0091834624
2025-11-04 00:00:00,0.0076779236
2025-11-04 01:00:00,0.0080900379
2025-11-04 02:00:00,-0.0039482652
2025-11-04 03:00:00,0.0062393516
2025-11-04 04:00:00,-0.0052950644
2025-11-04 05:00:00,-0.0508835525
2025-11-04 06:00:00,0.0203367682
2025-11-04 07:00:00,-0.014766068
2025-11-04 08:00:00,0.0150093178
2025-11-04 09:00:00,0.0046710631
2025-11-04 10:00:00,0.0001210361
2025-11-04 11:00:00,0.00525094
2025-11-04 12:00:00,-0.0128439909
2025-11-04 13:00:00,-0.0076511467
2025-11-04 14:00:00,0.0250597102
2025-11-04 15:00:00,-0.0181405386
2025-11-04 16:00:00,-0.0235857077
2025-11-04 17:00:00,-0.0055759315
2025-11-04 18:00:00,0.0043256188
2025-11-04 19:00:00,-0.0124631814
2025-11-04 20:00:00,0.005810298
2025-11-04 21:00:00,0.0010699564
2025-11-04 22:00:00,0.0268734948
2025-11-04 23:00:00,-0.0066355613
2025-11-05 00:00:00,-0.0087920819
2025-11-05 01:00:00,-0.007804004
2025-11-05 02:00:00,0.0294583935
2025-11-05 03:00:00,0.0009732361
2025-11-05 04:00:00,0.0014580805
2025-11-05 05:00:00,0.0016984112
2025-11-05 06:00:00,0.0021794415
2025-11-05 07:00:00,-0.0026644075
2025-11-05 08:00:00,-0.0127537961
2025-11-05 09:00:00,0.0062446634
2025-11-05 10:00:00,-0.0145700792
2025-11-05 11:00:00,0.0149362007
2025-11-05 12:00:00,0.0022547924
2025-11-05 13:00:00,0.0073989057
2025-11-05 14:00:00,0.0015094342
2025-11-05 15:00:00,0.0092482043
2025-11-05 16:00:00,0.0007767919
2025-11-05 17:00:00,-0.0004181976
2025-11-05 18:00:00,0.004709538
2025-11-05 19:00:00,-0.0052474778
2025-11-05 20:00:00,0.0011353113
2025-11-05 21:00:00,-0.0024514945
2025-11-05 22:00:00,0.0060282495
2025-11-05 23:00:00,-0.0051904779
2025-11-06 00:00:00,-0.0014965134
2025-11-06 01:00:00,-0.0043225138
2025-11-06 02:00:00,0.0046818813
2025-11-06 03:00:00,0.0002993743
2025-11-06 04:00:00,-0.001557726
2025-11-06 05:00:00,-0.018517927
2025-11-06 06:00:00,-0.0022625136
2025-11-06 07:00:00,-0.0006736275
2025-11-06 08:00:00,0.00122444
2025-11-06 09:00:00,-0.0036778269
2025-11-06 10:00:00,0.0028208763
2025-11-06 11:00:00,-0.0019615061
2025-11-06 12:00:00,-0.010485509
2025-11-06 13:00:00,0.0107922481
2025-11-06 14:00:00,-0.0153911002
2025-11-06 15:00:00,-0.0091359124
2025-11-06 16:00:00,-0.0033372194
2025-11-06 17:00:00,0.0111018169
2025-11-06 18:00:00,0.0041704334
2025-11-06 19:00:00,-0.0018029785
2025-11-06 20:00:00,-0.002117985
2025-11-06 21:00:00,0.0122100125
2025-11-06 22:00:00,-0.0026524396
2025-11-06 23:00:00,-0.00210227
2025-11-07 00:00:00,0.0083826921
2025-11-07 01:00:00,0.0013494451
2025-11-07 02:00:00,0.0059282068
2025-11-07 03:00:00,0.0015830495
2025-11-07 04:00:00,0.00127679
2025-11-07 05:00:00,0.0096747641
2025-11-07 06:00:00,-0.0041003434
2025-11-07 07:00:00,0.0087231716
2025-11-07 08:00:00,-0.004261839
2025-11-07 09:00:00,-0.0073658487
2025-11-07 10:00:00,-0.0029737543
2025-11-07 11:00:00,-0.0049963545
2025-11-07 12:00:00,-0.0160092084
2025-11-07 13:00:00,0.0048914992
2025-11-07 14:00:00,0.0202990585
2025-11-07 15:00:00,0.0220881096
2025-11-07 16:00:00,0.0309528397
2025-11-07 17:00:00,0.0295220218
2025-11-07 18:00:00,-0.0008362836
2025-11-07 19:00:00,0.0070031411
2025-11-07 20:00:00,-0.0021068981
2025-11-07 21:00:00,0.001275758
2025-11-07 22:00:00,0.0
2025-11-07 23:00:00,-0.0098040001
2025-11-08 00:00:00,-0.0071346613
2025-11-08 01:00:00,0.0189322383
2025-11-08 02:00:00,0.0029829332
2025-11-08 03:00:00,-0.0087530336
2025-11-08 04:00:00,0.008973638
2025-11-08 05:00:00,-0.0155610565
2025-11-08 06:00:00,0.0056967482
2025-11-08 07:00:00,0.0036134236
2025-11-08 08:00:00,0.0066368254
2025-11-08 09:00:00,-0.0071363675
2025-11-08 10:00:00,0.0021628825
2025-11-08 11:00:00,-0.0082327883
2025-11-08 12:00:00,0.0016185297
2025-11-08 13:00:00,-0.0195405604
2025-11-08 14:00:00,-0.0004550367
2025-11-08 15:00:00,-0.0109259446
2025-11-08 16:00:00,0.0031584716
2025-11-08 17:00:00,0.001375122
2025-11-08 18:00:00,0.0062216588
2025-11-08 19:00:00,-0.0042768006
2025-11-08 20:00:00,0.0031950732
2025-11-08 21:00:00,0.0006833324
2025-11-08 22:00:00,0.0018199402
2025-11-08 23:00:00,-0.0001136493
2025-11-09 00:00:00,-0.0073577973
2025-11-09 01:00:00,0.0037712175
2025-11-09 02:00:00,-0.0182445854
2025-11-09 03:00:00,-0.0013949436
2025-11-09 04:00:00,0.0067242732
2025-11-09 05:00:00,0.004611225
2025-11-09 06:00:00,0.0021255214
2025-11-09 07:00:00,0.0052084942
2025-11-09 08:00:00,-0.0064143167
2025-11-09 09:00:00,-0.0032802953
2025-11-09 10:00:00,0.0046008823
2025-11-09 11:00:00,0.0042370519
2025-11-09 12:00:00,0.0023398498
2025-11-09 13:00:00,0.0036983343
2025-11-09 14:00:00,0.0047592158
2025-11-09 15:00:00,0.0064790784
2025-11-09 16:00:00,0.0024678906
2025-11-09 17:00:00,-0.0060684571
2025-11-09 18:00:00,0.0074679591
2025-11-09 19:00:00,0.0070793796
2025-11-09 20:00:00,-0.0036727921
2025-11-09 21:00:00,0.0026724586
2025-11-09 22:00:00,-0.0013910143
2025-11-09 23:00:00,-0.002006466
2025-11-10 00:00:00,0.0173119005
2025-11-10 01:00:00,-0.0086461425
2025-11-10 02:00:00,0.0013817883
2025-11-10 03:00:00,0.00325347
2025-11-10 04:00:00,-0.001983909
2025-11-10 05:00:00,-0.0019878527
2025-11-10 06:00:00,-0.0005528833
2025-11-10 07:00:00,0.0027613648
2025-11-10 08:00:00,-0.0023190337
2025-11-10 09:00:00,0.0184034113
2025-11-10 10:00:00,-0.0086118154
2025-11-10 11:00:00,0.0017501645
2025-11-10 12:00:00,-0.0056443145
2025-11-10 13:00:00,0.0062452268
2025-11-10 14:00:00,-0.0204691155
2025-11-10 15:00:00,-0.0019528532
2025-11-10 16:00:00,-0.0055445243
2025-11-10 17:00:00,0.0082217527
2025-11-10 18:00:00,-0.0055856706
2025-11-10 19:00:00,0.008033516
2025-11-10 20:00:00,0.0014991258
2025-11-10 21:00:00,-0.0052846895
2025-11-10 22:00:00,0.0216284293
2025-11-10 23:00:00,-0.0082210262
2025-11-11 00:00:00,-0.0039149784
2025-11-11 01:00:00,-0.0013821702
2025-11-11 02:00:00,0.0117700182
2025-11-11 03:00:00,-0.0009846828
2025-11-11 04:00:00,-0.0149433455
2025-11-11 05:00:00,-0.0099381087
2025-11-11 06:00:00,-0.0007297017
2025-11-11 07:00:00,-0.0095348969
2025-11-11 08:00:00,0.0045813264
2025-11-11 09:00:00,0.0018041387
2025-11-11 10:00:00,-0.0001689998
2025-11-11 11:00:00,0.0003942885
2025-11-11 12:00:00,0.0014631404
2025-11-11 13:00:00,-0.0040005688
2025-11-11 14:00:00,0.0088249919
2025-11-11 15:00:00,-0.0136355505
2025-11-11 16:00:00,-0.0020444098
2025-11-11 17:00:00,-0.0013652656
2025-11-11 18:00:00,-0.0045643943
2025-11-11 19:00:00,-0.0032648882
2025-11-11 20:00:00,-0.0089324899
2025-11-11 21:00:00,-0.0028985528
2025-11-11 22:00:00,0.0052691127
2025-11-11 23:00:00,-0.0068378316
2025-11-12 00:00:00,-0.0027949244
2025-11-12 01:00:00,0.0066831572
2025-11-12 02:00:00,-0.0052847186
2025-11-12 03:00:00,-0.0015733811
2025-11-12 04:00:00,0.0
2025-11-12 05:00:00,0.0029117188
2025-11-12 06:00:00,0.0018010172
2025-11-12 07:00:00,-0.0052377469
2025-11-12 08:00:00,0.0158039701
2025-11-12 09:00:00,0.0060696476
2025-11-12 10:00:00,0.0067704295
2025-11-12 11:00:00,-0.0011346875
2025-11-12 12:00:00,0.0016448771
2025-11-12 13:00:00,0.0087460002
2025-11-12 14:00:00,-0.0153418051
2025-11-12 15:00:00,-0.0227334969
2025-11-12 16:00:00,-0.0126859045
2025-11-12 17:00:00,0.001594567
2025-11-12 18:00:00,-0.0050878652
2025-11-12 19:00:00,0.0026654836
2025-11-12 20:00:00,0.0078367075
2025-11-12 21:00:00,0.0017592217
2025-11-12 22:00:00,0.0020485214
2025-11-12 23:00:00,-0.005511271
2025-11-13 00:00:00,0.0022902791
2025-11-13 01:00:00,0.0033963844
2025-11-13 02:00:00,0.0011684974
2025-11-13 03:00:00,0.0170785985
2025-11-13 04:00:00,0.0038385564
2025-11-13 05:00:00,0.0060998393
2025-11-13 06:00:00,0.0014766018
2025-11-13 07:00:00,-0.0031830869
2025-11-13 08:00:00,-0.0006834102
2025-11-13 09:00:00,-0.0043963644
2025-11-13 10:00:00,0.0067294237
2025-11-13 11:00:00,-5.68392e-05
2025-11-13 12:00:00,-0.0024471457
2025-11-13 13:00:00,-0.0061728591
2025-11-13 14:00:00,0.0108910556
2025-11-13 15:00:00,-0.0213804608
2025-11-13 16:00:00,-0.017298234
2025-11-13 17:00:00,-0.0242240829
2025-11-13 18:00:00,-0.0181612646
2025-11-13 19:00:00,-0.0085853342
2025-11-13 20:00:00,-0.0007446479
2025-11-13 21:00:00,0.0021083972
2025-11-13 22:00:00,0.0139638722
2025-11-13 23:00:00,0.0002443196
2025-11-14 00:00:00,-0.0045909547
2025-11-14 01:00:00,0.0003067202
2025-11-14 02:00:00,0.011525572
2025-11-14 03:00:00,-0.0058376572
2025-11-14 04:00:00,-0.0087593589
2025-11-14 05:00:00,0.0096128094
2025-11-14 06:00:00,0.0087967322
2025-11-14 07:00:00,-0.0035094124
2025-11-14 08:00:00,-0.0067508239
2025-11-14 09:00:00,-0.0103049431
2025-11-14 10:00:00,0.0060853985
2025-11-14 11:00:00,-0.0072575508
2025-11-14 12:00:00,-0.0072484287
2025-11-14 13:00:00,-0.0078025426
2025-11-14 14:00:00,0.0181326379
2025-11-14 15:00:00,0.0011685478
2025-11-14 16:00:00,0.0075319544
2025-11-14 17:00:00,-0.0148114437
2025-11-14 18:00:00,-0.0004335036
2025-11-14 19:00:00,0.0107203294
2025-11-14 20:00:00,-0.0275232482
2025-11-14 21:00:00,0.0075931462
2025-11-14 22:00:00,-0.0050137984
2025-11-14 23:00:00,-0.0105480214
2025-11-15 00:00:00,0.0159368432
2025-11-15 01:00:00,0.0080911626
2025-11-15 02:00:00,0.0053785175
2025-11-15 03:00:00,0.0035082356
2025-11-15 04:00:00,-0.0023374557
2025-11-15 05:00:00,0.0050984477
2025-11-15 06:00:00,0.000245053
2025-11-15 07:00:00,-0.0016552743
2025-11-15 08:00:00,-0.0112918856
2025-11-15 09:00:00,0.0003722546
2025-11-15 10:00:00,0.0046415283
2025-11-15 11:00:00,-0.0014829464
2025-11-15 12:00:00,0.0077610491
2025-11-15 13:00:00,0.0033078131
2025-11-15 14:00:00,0.0007946939
2025-11-15 15:00:00,-0.0039798001
2025-11-15 16:00:00,0.0007359255
2025-11-15 17:00:00,0.0071470327
2025-11-15 18:00:00,-0.0032312176
2025-11-15 19:00:00,-0.0004886391
2025-11-15 20:00:00,-0.0074199329
2025-11-15 21:00:00,-0.0018482016
2025-11-15 22:00:00,0.0078619654
2025-11-15 23:00:00,-0.0024502309
2025-11-16 00:00:00,-0.0057817851
2025-11-16 01:00:00,-0.0024086724
2025-11-16 02:00:00,0.0115579794
2025-11-16 03:00:00,0.0008553798
2025-11-16 04:00:00,-0.0044069113
2025-11-16 05:00:00,0.0015936258
2025-11-16 06:00:00,-0.001470949
2025-11-16 07:00:00,0.0055049378
2025-11-16 08:00:00,-0.0015261121
2025-11-16 09:00:00,0.0106341962
2025-11-16 10:00:00,-0.0052118171
2025-11-16 11:00:00,-0.0197588805
2025-11-16 12:00:00,-0.00235776
2025-11-16 13:00:00,-0.0022388069
2025-11-16 14:00:00,0.006206574
2025-11-16 15:00:00,-0.0199350454
2025-11-16 16:00:00,-0.0144957717
2025-11-16 17:00:00,-0.0052008207
2025-11-16 18:00:00,-0.0039346005
2025-11-16 19:00:00,0.0065062876
2025-11-16 20:00:00,0.004356747
2025-11-16 21:00:00,-0.0011514106
2025-11-16 22:00:00,0.0106319639
2025-11-16 23:00:00,0.0036031519
2025-11-17 00:00:00,0.0082320508
2025-11-17 01:00:00,-0.0055853796
2025-11-17 02:00:00,0.0062110053
2025-11-17 03:00:00,0.0087799063
2025-11-17 04:00:00,-0.0019858515
2025-11-17 05:00:00,0.0005589194
2025-11-17 06:00:00,0.0028518308
2025-11-17 07:00:00,0.0010518827
2025-11-17 08:00:00,-0.0017950548
2025-11-17 09:00:00,0.004574121
2025-11-17 10:00:00,0.0008630256
2025-11-17 11:00:00,-0.0016033551
2025-11-17 12:00:00,-0.0014823053
2025-11-17 13:00:00,-0.0203553482
2025-11-17 14:00:00,0.0221461906
2025-11-17 15:00:00,-0.023724424
2025-11-17 16:00:00,0.0129309441
2025-11-17 17:00:00,-0.0276328796
2025-11-17 18:00:00,-0.0103113629
2025-11-17 19:00:00,-0.0147483749
2025-11-17 20:00:00,0.0011826545
2025-11-17 21:00:00,-0.0027617061
2025-11-17 22:00:00,0.0030243284
2025-11-17 23:00:00,-0.0024977008
2025-11-18 00:00:00,0.0019723872
2025-11-18 01:00:00,0.0010503513
2025-11-18 02:00:00,-0.0040762713
2025-11-18 03:00:00,0.0168543316
2025-11-18 04:00:00,0.0043308299
2025-11-18 05:00:00,-0.0032948959
2025-11-18 06:00:00,-0.0070134712
2025-11-18 07:00:00,0.0094049664
2025-11-18 08:00:00,0.0143573803
2025-11-18 09:00:00,0.0008905287
2025-11-18 10:00:00,-0.0013360905
2025-11-18 11:00:00,-0.0019118028
2025-11-18 12:00:00,0.0021664339
2025-11-18 13:00:00,-0.0054249104
2025-11-18 14:00:00,0.0016625108
2025-11-18 15:00:00,0.0166005206
2025-11-18 16:00:00,0.0106879357
2025-11-18 17:00:00,-0.0028639043
2025-11-18 18:00:00,0.0045410796
2025-11-18 19:00:00,0.0065574005
2025-11-18 20:00:00,-0.0046352173
2025-11-18 21:00:00,-0.0039724464
2025-11-18 22:00:00,0.0079291749
2025-11-18 23:00:00,-0.0022237331
2025-11-19 00:00:00,-0.0056432508
2025-11-19 01:00:00,-0.000622084
2025-11-19 02:00:00,0.0027342796
2025-11-19 03:00:00,-0.0104177356
2025-11-19 04:00:00,-0.0055966189
2025-11-19 05:00:00,-0.0144179829
2025-11-19 06:00:00,0.004595655
2025-11-19 07:00:00,0.0114605364
2025-11-19 08:00:00,-0.0056821922
2025-11-19 09:00:00,0.0003165258
2025-11-19 10:00:00,0.0024654689
2025-11-19 11:00:00,-0.0017694646
2025-11-19 12:00:00,0.0050473293
2025-11-19 13:00:00,-0.0106925823
2025-11-19 14:00:00,0.0016524727
2025-11-19 15:00:00,-0.020141797
2025-11-19 16:00:00,-0.0141605681
2025-11-19 17:00:00,-0.0189748943
2025-11-19 18:00:00,-0.0098270967
2025-11-19 19:00:00,0.0049929258
2025-11-19 20:00:00,0.0110439194
2025-11-19 21:00:00,0.0243305005
2025-11-19 22:00:00,-0.006386883
2025-11-19 23:00:00,0.0096946008
2025-11-20 00:00:00,-0.0012310086
2025-11-20 01:00:00,0.0116018059
2025-11-20 02:00:00,0.011912107
2025-11-20 03:00:00,-0.0024726594
2025-11-20 04:00:00,0.0050655462
2025-11-20 05:00:00,-0.0041772213
2025-11-20 06:00:00,-0.0048955815
2025-11-20 07:00:00,0.0069230801
2025-11-20 08:00:00,-0.0020909243
2025-11-20 09:00:00,-0.0036855859
2025-11-20 10:00:00,0.0035587226
2025-11-20 11:00:00,0.001394612
2025-11-20 12:00:00,0.0053070633
2025-11-20 13:00:00,-0.0064479647
2025-11-20 14:00:00,0.0077074107
2025-11-20 15:00:00,-0.0107561935
2025-11-20 16:00:00,-0.0441539813
2025-11-20 17:00:00,-0.0139927968
2025-11-20 18:00:00,-0.0077837206
2025-11-20 19:00:00,0.0153065933
2025-11-20 20:00:00,-0.001741344
2025-11-20 21:00:00,0.0111986239
2025-11-20 22:00:00,0.0113367942
2025-11-20 23:00:00,-0.0253547796
2025-11-21 00:00:00,0.0074339826
2025-11-21 01:00:00,-0.0018031861
2025-11-21 02:00:00,-0.0287516415
2025-11-21 03:00:00,0.0096533115
2025-11-21 04:00:00,0.0046902169
2025-11-21 05:00:00,-0.0081027237
2025-11-21 06:00:00,-0.0023271742
2025-11-21 07:00:00,-0.0404137771
2025-11-21 08:00:00,0.0054790759
2025-11-21 09:00:00,-0.0220987613
2025-11-21 10:00:00,-0.0015973284
2025-11-21 11:00:00,-0.0082449119
2025-11-21 12:00:00,0.0160619755
2025-11-21 13:00:00,0.0102572359
2025-11-21 14:00:00,0.0081023897
2025-11-21 15:00:00,-0.024797028
2025-11-21 16:00:00,0.024867812
2025-11-21 17:00:00,0.0014853064
2025-11-21 18:00:00,-0.0035400773
2025-11-21 19:00:00,-0.0084046079
2025-11-21 20:00:00,-0.006962167
2025-11-21 21:00:00,0.0143023033
2025-11-21 22:00:00,-0.0311533702
2025-11-21 23:00:00,0.026456187
2025-11-22 00:00:00,-0.0014277558
2025-11-22 01:00:00,0.0092441816
2025-11-22 02:00:00,-0.0143292418
2025-11-22 03:00:00,-0.0002154321
2025-11-22 04:00:00,-0.0124297019
2025-11-22 05:00:00,-0.0045186288
2025-11-22 06:00:00,0.0149353896
2025-11-22 07:00:00,0.0044517917
2025-11-22 08:00:00,-0.0240730882
2025-11-22 09:00:00,0.0135580472
2025-11-22 10:00:00,-0.0110659254
2025-11-22 11:00:00,0.0110659254
2025-11-22 12:00:00,-0.0087260589
2025-11-22 13:00:00,-0.0049787773
2025-11-22 14:00:00,0.0197680856
2025-11-22 15:00:00,-0.0067150691
2025-11-22 16:00:00,0.0102350612
2025-11-22 17:00:00,-0.0033760762
2025-11-22 18:00:00,0.0044511524
2025-11-22 19:00:00,-0.0018642007
2025-11-22 20:00:00,-0.0017238907
2025-11-22 21:00:00,0.0064493237
2025-11-22 22:00:00,0.009879607
2025-11-22 23:00:00,-0.0083807309
2025-11-23 00:00:00,-0.0005707356
2025-11-23 01:00:00,0.0099411456
2025-11-23 02:00:00,0.006970632
2025-11-23 03:00:00,0.0016825579
2025-11-23 04:00:00,0.0064933026
2025-11-23 05:00:00,-0.0001391982
2025-11-23 06:00:00,-0.0064241545
2025-11-23 07:00:00,-0.0004204036
2025-11-23 08:00:00,0.0041961038
2025-11-23 09:00:00,0.0009765626
2025-11-23 10:00:00,0.0023676891
2025-11-23 11:00:00,-0.000835015
2025-11-23 12:00:00,0.010732317
2025-11-23 13:00:00,0.0011013217
2025-11-23 14:00:00,-0.0034456653
2025-11-23 15:00:00,0.0160244475
2025-11-23 16:00:00,-0.0118910716
2025-11-23 17:00:00,-0.0038572854
2025-11-23 18:00:00,0.0079736469
2025-11-23 19:00:00,0.0030079323
2025-11-23 20:00:00,-0.0002047991
2025-11-23 21:00:00,0.0037480026
2025-11-23 22:00:00,0.0019705779
2025-11-23 23:00:00,-0.0164263498
2025-11-24 00:00:00,6.9006e-05
2025-11-24 01:00:00,0.0058481711
2025-11-24 02:00:00,0.0087426279
2025-11-24 03:00:00,0.0016307675
2025-11-24 04:00:00,-0.0136716874
2025-11-24 05:00:00,0.0174665012
2025-11-24 06:00:00,-0.0073996468
2025-11-24 07:00:00,-0.0044388368
2025-11-24 08:00:00,0.0036208408
2025-11-24 09:00:00,-0.014147616
2025-11-24 10:00:00,0.0066179753
2025-11-24 11:00:00,-0.0007560917
2025-11-24 12:00:00,-0.0043413912
2025-11-24 13:00:00,0.0059903095
2025-11-24 14:00:00,-0.0031628189
2025-11-24 15:00:00,0.010345038
2025-11-24 16:00:00,0.0053699616
2025-11-24 17:00:00,0.0308394484
2025-11-24 18:00:00,0.002101255
2025-11-24 19:00:00,-6.55974e-05
2025-11-24 20:00:00,0.0047773397
2025-11-24 21:00:00,-0.0062215728
2025-11-24 22:00:00,0.0030828794
2025-11-24 23:00:00,-0.0055165307
2025-11-25 00:00:00,-0.0009883051
2025-11-25 01:00:00,-0.0038306632
2025-11-25 02:00:00,0.0029733413
2025-11-25 03:00:00,-0.0027748432
2025-11-25 04:00:00,0.0042911437
2025-11-25 05:00:00,-0.002638524
2025-11-25 06:00:00,-0.0033079752
2025-11-25 07:00:00,-0.0116648548
2025-11-25 08:00:00,-0.0058501327
2025-11-25 09:00:00,0.002155754
2025-11-25 10:00:00,0.0026210573
2025-11-25 11:00:00,-0.0023519145
2025-11-25 12:00:00,0.0053007807
2025-11-25 13:00:00,-0.0099536769
2025-11-25 14:00:00,-0.0035887231
2025-11-25 15:00:00,0.0031154783
2025-11-25 16:00:00,0.0120985479
2025-11-25 17:00:00,0.0084489742
2025-11-25 18:00:00,0.0
2025-11-25 19:00:00,0.0004636222
2025-11-25 20:00:00,0.0121756086
2025-11-25 21:00:00,-0.0013091577
2025-11-25 22:00:00,0.0037918455
2025-11-25 23:00:00,-0.002155666
2025-11-26 00:00:00,-0.0016361796
2025-11-26 01:00:00,0.0017015711
2025-11-26 02:00:00,-0.0082731923
2025-11-26 03:00:00,-0.0078104713
2025-11-26 04:00:00,-0.0011302817
2025-11-26 05:00:00,0.0074231518
2025-11-26 06:00:00,0.0040199072
2025-11-26 07:00:00,0.0019054508
2025-11-26 08:00:00,-0.0085701625
2025-11-26 09:00:00,-0.0067094283
2025-11-26 10:00:00,0.0023966458
2025-11-26 11:00:00,-0.0037973464
2025-11-26 12:00:00,-0.002405775
2025-11-26 13:00:00,0.0081959479
2025-11-26 14:00:00,-0.0047894723
2025-11-26 15:00:00,0.0038599808
2025-11-26 16:00:00,0.0099799249
2025-11-26 17:00:00,0.0237843429
2025-11-26 18:00:00,0.0058268133
2025-11-26 19:00:00,-0.0050564962
2025-11-26 20:00:00,-0.0029561104
2025-11-26 21:00:00,0.0017361674
2025-11-26 22:00:00,-0.0028952891
2025-11-26 23:00:00,-0.0032268502
2025-11-27 00:00:00,-0.0018115947
2025-11-27 01:00:00,0.0050384449
2025-11-27 02:00:00,-0.0034207927
2025-11-27 03:00:00,-0.0047958614
2025-11-27 04:00:00,0.0047312056
2025-11-27 05:00:00,-0.0047961723
2025-11-27 06:00:00,0.0019471675
2025-11-27 07:00:00,0.0001945084
2025-11-27 08:00:00,-0.0035069525
2025-11-27 09:00:00,0.0011053676
2025-11-27 10:00:00,-0.0042330173
2025-11-27 11:00:00,-0.002548438
2025-11-27 12:00:00,-0.0034080515
2025-11-27 13:00:00,0.0017054776
2025-11-27 14:00:00,0.0018988384
2025-11-27 15:00:00,0.0068450999
2025-11-27 16:00:00,-0.0039709716
2025-11-27 17:00:00,-0.0008483148
2025-11-27 18:00:00,0.0057933441
2025-11-27 19:00:00,-0.0010390286
2025-11-27 20:00:00,0.0025955501
2025-11-27 21:00:00,-0.0037657492
2025-11-27 22:00:00,-0.0080987968
2025-11-27 23:00:00,0.0013761921
2025-11-28 00:00:00,-0.0051211457
2025-11-28 01:00:00,-0.011120051
2025-11-28 02:00:00,0.0047808856
2025-11-28 03:00:00,6.62405e-05
2025-11-28 04:00:00,-0.0034503385
2025-11-28 05:00:00,0.0035828064
2025-11-28 06:00:00,-0.0067116576
2025-11-28 07:00:00,-0.0008004269
2025-11-28 08:00:00,0.0210631405
2025-11-28 09:00:00,-0.0053064424
2025-11-28 10:00:00,0.0012472513
2025-11-28 11:00:00,-0.0132740929
2025-11-28 12:00:00,0.0036497602
2025-11-28 13:00:00,0.0102801564
2025-11-28 14:00:00,6.55587e-05
2025-11-28 15:00:00,0.007705909
2025-11-28 16:00:00,-0.0213025807
2025-11-28 17:00:00,-0.0068013865
2025-11-28 18:00:00,0.0026059953
2025-11-28 19:00:00,0.007711266
2025-11-28 20:00:00,-6.6223e-05
2025-11-28 21:00:00,-0.0077117787
2025-11-28 22:00:00,0.0073143487
2025-11-28 23:00:00,-0.0050478322
2025-11-29 00:00:00,0.0005325523
2025-11-29 01:00:00,-6.65535e-05
2025-11-29 02:00:00,-0.0009988348
2025-11-29 03:00:00,-0.0013333335
2025-11-29 04:00:00,0.0049908605
2025-11-29 05:00:00,-0.0067936854
2025-11-29 06:00:00,-0.0020069581
2025-11-29 07:00:00,-0.0018097126
2025-11-29 08:00:00,0.0017427446
2025-11-29 09:00:00,0.0008033204
2025-11-29 10:00:00,-0.0021436235
2025-11-29 11:00:00,0.0027456907
2025-11-29 12:00:00,-0.0010705923
2025-11-29 13:00:00,-0.0026143806
2025-11-29 14:00:00,-0.0037659762
2025-11-29 15:00:00,0.0073171877
2025-11-29 16:00:00,-0.0036183368
2025-11-29 17:00:00,-0.0076819785
2025-11-29 18:00:00,0.0024322693
2025-11-29 19:00:00,0.0003373478
2025-11-29 20:00:00,0.0043080304
2025-11-29 21:00:00,0.0003357846
2025-11-29 22:00:00,-0.0055886756
2025-11-29 23:00:00,0.0020909926
2025-11-30 00:00:00,0.0019521396
2025-11-30 01:00:00,0.0019483361
2025-11-30 02:00:00,-0.0024864769
2025-11-30 03:00:00,0.0053014921
2025-11-30 04:00:00,-0.0006025508
2025-11-30 05:00:00,-0.0036229493
2025-11-30 06:00:00,0.0011419744
2025-11-30 07:00:00,0.0022130579
2025-11-30 08:00:00,-0.0001339854
2025-11-30 09:00:00,0.0028099303
2025-11-30 10:00:00,-0.0042178618
2025-11-30 11:00:00,-0.0003355142
2025-11-30 12:00:00,0.0038182047
2025-11-30 13:00:00,0.0061321261
2025-11-30 14:00:00,-0.0059315713
2025-11-30 15:00:00,-0.0016725209
2025-11-30 16:00:00,0.0066733648
2025-11-30 17:00:00,-0.0020639842
2025-11-30 18:00:00,-0.0002666311
2025-11-30 19:00:00,-0.0014677433
2025-11-30 20:00:00,-0.0008014962
2025-11-30 21:00:00,-0.0059645655
2025-11-30 22:00:00,0.0046942146
2025-11-30 23:00:00,-0.0230782076
2025-12-01 00:00:00,-0.0497594137
2025-12-01 01:00:00,0.0021564126
2025-12-01 02:00:00,-0.0047502608
2025-12-01 03:00:00,-0.0105890168
2025-12-01 04:00:00,-0.0024090241
2025-12-01 05:00:00,0.0023361085
2025-12-01 06:00:00,-0.0008024219
2025-12-01 07:00:00,0.0052405681
2025-12-01 08:00:00,0.0033338196
2025-12-01 09:00:00,-0.0079907442
2025-12-01 10:00:00,0.0008019539
2025-12-01 11:00:00,-0.0012396545
2025-12-01 12:00:00,-0.00563423
2025-12-01 13:00:00,-0.0078824674
2025-12-01 14:00:00,-0.0012580945
2025-12-01 15:00:00,-0.0090754175
2025-12-01 16:00:00,-0.0116503253
2025-12-01 17:00:00,0.0047516777
2025-12-01 18:00:00,0.0041299101
2025-12-01 19:00:00,-0.0018000455
2025-12-01 20:00:00,0.0032976122
2025-12-01 21:00:00,0.0107908024
2025-12-01 22:00:00,0.0054624776
2025-12-01 23:00:00,-0.0022847045
2025-12-02 00:00:00,0.0006638392
2025-12-02 01:00:00,0.0013999929
2025-12-02 02:00:00,-0.000736594
2025-12-02 03:00:00,0.0046315098
2025-12-02 04:00:00,-0.0023498322
2025-12-02 05:00:00,-0.0010297905
2025-12-02 06:00:00,0.0022053968
2025-12-02 07:00:00,-0.0042681645
2025-12-02 08:00:00,-0.0068077812
2025-12-02 09:00:00,0.0068077812
2025-12-02 10:00:00,0.0078598855
2025-12-02 11:00:00,0.0022656688
2025-12-02 12:00:00,0.0017505475
2025-12-02 13:00:00,0.0062477501
2025-12-02 14:00:00,0.0263727988
2025-12-02 15:00:00,0.031589978
2025-12-02 16:00:00,-0.0038345706
2025-12-02 17:00:00,0.0034927954
2025-12-02 18:00:00,6.83644e-05
2025-12-02 19:00:00,-0.0015050971
2025-12-02 20:00:00,-0.0034291234
2025-12-02 21:00:00,0.003292184
2025-12-02 22:00:00,0.0051905594
2025-12-02 23:00:00,-0.0068352966
2025-12-03 00:00:00,0.0026713259
2025-12-03 01:00:00,0.0004103406
2025-12-03 02:00:00,0.0072896055
2025-12-03 03:00:00,0.0007463953
2025-12-03 04:00:00,0.0127381672
2025-12-03 05:00:00,0.007539149
2025-12-03 06:00:00,0.0007308728
2025-12-03 07:00:00,-0.0005314908
2025-12-03 08:00:00,0.0011290806
2025-12-03 09:00:00,-0.0036575269
2025-12-03 10:00:00,-0.0042060348
2025-12-03 11:00:00,0.0038728681
2025-12-03 12:00:00,-0.001133598
2025-12-03 13:00:00,-0.0034754747
2025-12-03 14:00:00,-0.0059092302
2025-12-03 15:00:00,0.0048374187
2025-12-03 16:00:00,0.0051475863
2025-12-03 17:00:00,0.0095561149
2025-12-03 18:00:00,-0.0055632967
2025-12-03 19:00:00,0.0005311732
2025-12-03 20:00:00,0.0005972328
2025-12-03 21:00:00,0.0099674082
2025-12-03 22:00:00,0.000722235
2025-12-03 23:00:00,-0.0041435161
2025-12-04 00:00:00,-0.0011210394
2025-12-04 01:00:00,-0.0025104063
2025-12-04 02:00:00,0.0059355183
2025-12-04 03:00:00,-0.0064648289
2025-12-04 04:00:00,-0.0007282598
2025-12-04 05:00:00,-0.0051127232
2025-12-04 06:00:00,0.0009980373
2025-12-04 07:00:00,-0.0031972318
2025-12-04 08:00:00,-0.0028059879
2025-12-04 09:00:00,0.0048720355
2025-12-04 10:00:00,-0.0039358311
2025-12-04 11:00:00,-0.0014715722
2025-12-04 12:00:00,0.0003346384
2025-12-04 13:00:00,-0.0020765657
2025-12-04 14:00:00,-0.0069306875
2025-12-04 15:00:00,0.0146790397
2025-12-04 16:00:00,-0.0066090564
2025-12-04 17:00:00,-0.0007370432
2025-12-04 18:00:00,-0.0038952366
2025-12-04 19:00:00,-0.0039104688
2025-12-04 20:00:00,0.0016199801
2025-12-04 21:00:00,-0.0066315035
2025-12-04 22:00:00,0.0047412714
2025-12-04 23:00:00,-0.0035199387
2025-12-05 00:00:00,0.0031820209
2025-12-05 01:00:00,-6.75973e-05
2025-12-05 02:00:00,-0.0002704347
2025-12-05 03:00:00,-0.0022338815
2025-12-05 04:00:00,-0.0046189459
2025-12-05 05:00:00,-0.0030001386
2025-12-05 06:00:00,0.0035446527
2025-12-05 07:00:00,0.0039388845
2025-12-05 08:00:00,-0.0078933453
2025-12-05 09:00:00,-0.0138265315
2025-12-05 10:00:00,0.0035953852
2025-12-05 11:00:00,-0.0038032062
2025-12-05 12:00:00,0.0012462786
2025-12-05 13:00:00,-0.0094550204
2025-12-05 14:00:00,-0.0052526647
2025-12-05 15:00:00,0.0009124408
2025-12-05 16:00:00,-0.0265165705
2025-12-05 17:00:00,-0.0014418574
2025-12-05 18:00:00,-0.0059334472
2025-12-05 19:00:00,0.0085992509
2025-12-05 20:00:00,-0.0046156147
2025-12-05 21:00:00,0.0029593295
2025-12-05 22:00:00,0.0032379953
2025-12-05 23:00:00,0.0029410731
2025-12-06 00:00:00,0.0022180097
2025-12-06 01:00:00,7.14669e-05
2025-12-06 02:00:00,-0.0027193376
2025-12-06 03:00:00,0.0031480315
2025-12-06 04:00:00,-0.0026465449
2025-12-06 05:00:00,-0.0022227808
2025-12-06 06:00:00,-0.0014366786
2025-12-06 07:00:00,0.0010777024
2025-12-06 08:00:00,-0.0056167786
2025-12-06 09:00:00,0.0054731521
2025-12-06 10:00:00,-0.000646575
2025-12-06 11:00:00,0.004087932
2025-12-06 12:00:00,-0.0015758187
2025-12-06 13:00:00,0.0020766952
2025-12-06 14:00:00,0.0019296057
2025-12-06 15:00:00,-0.0033613477
2025-12-06 16:00:00,0.0013602035
2025-12-06 17:00:00,0.0010725395
2025-12-06 18:00:00,0.0001429184
2025-12-06 19:00:00,-0.0040094562
2025-12-06 20:00:00,0.0029370701
2025-12-06 21:00:00,0.0010723862
2025-12-06 22:00:00,-0.002432395
2025-12-06 23:00:00,0.0010738448
2025-12-07 00:00:00,0.0034285748
2025-12-07 01:00:00,-0.0040011485
2025-12-07 02:00:00,0.0043576166
2025-12-07 03:00:00,0.0005700848
2025-12-07 04:00:00,-0.0023536975
2025-12-07 05:00:00,0.0007138269
2025-12-07 06:00:00,0.0044854299
2025-12-07 07:00:00,-0.0096363928
2025-12-07 08:00:00,-0.0011482705
2025-12-07 09:00:00,-0.0032365979
2025-12-07 10:00:00,7.20383e-05
2025-12-07 11:00:00,0.0009360263
2025-12-07 12:00:00,0.0054546895
2025-12-07 13:00:00,-0.0103605503
2025-12-07 14:00:00,-0.0226010717
2025-12-07 15:00:00,0.0304532894
2025-12-07 16:00:00,-0.0010769287
2025-12-07 17:00:00,0.0161040961
2025-12-07 18:00:00,0.0053577851
2025-12-07 19:00:00,-0.0009848059
2025-12-07 20:00:00,0.000562865
2025-12-07 21:00:00,-0.0209681089
2025-12-07 22:00:00,-0.010905391
2025-12-07 23:00:00,0.0070912019
2025-12-08 00:00:00,-0.0036116769
2025-12-08 01:00:00,0.0131557197
2025-12-08 02:00:00,0.0034933911
2025-12-08 03:00:00,-0.001353132
2025-12-08 04:00:00,0.0044796889
2025-12-08 05:00:00,0.0033289686
2025-12-08 06:00:00,0.0025423743
2025-12-08 07:00:00,0.002887631
2025-12-08 08:00:00,0.0036504077
2025-12-08 09:00:00,0.0080260053
2025-12-08 10:00:00,0.0
2025-12-08 11:00:00,-0.0043888746
2025-12-08 12:00:00,0.0022316768
2025-12-08 13:00:00,0.0011139735
2025-12-08 14:00:00,-0.0022989317
2025-12-08 15:00:00,-0.0062266266
2025-12-08 16:00:00,0.0034329385
2025-12-08 17:00:00,0.0002097975
2025-12-08 18:00:00,-0.0092024112
2025-12-08 19:00:00,0.006681931
2025-12-08 20:00:00,0.0064982935
2025-12-08 21:00:00,0.0020872477
2025-12-08 22:00:00,-0.0043882632
2025-12-08 23:00:00,-0.0044777238
2025-12-09 00:00:00,-0.0063309159
2025-12-09 01:00:00,-0.007081681
2025-12-09 02:00:00,-0.0009243131
2025-12-09 03:00:00,0.0073706925
2025-12-09 04:00:00,-0.0081534714
2025-12-09 05:00:00,-0.0024233797
2025-12-09 06:00:00,-7.13649e-05
2025-12-09 07:00:00,0.0046991899
2025-12-09 08:00:00,0.0002840909
2025-12-09 09:00:00,-0.0048405561
2025-12-09 10:00:00,0.0007846215
2025-12-09 11:00:00,0.0047658091
2025-12-09 12:00:00,0.004531302
2025-12-09 13:00:00,0.0014118314
2025-12-09 14:00:00,-0.005446521
2025-12-09 15:00:00,0.0364917587
2025-12-09 16:00:00,0.0346125073
2025-12-09 17:00:00,-0.0029770787
2025-12-09 18:00:00,0.0025145593
2025-12-09 19:00:00,-0.0027133467
2025-12-09 20:00:00,-0.0114637352
2025-12-09 21:00:00,-0.007671123
2025-12-09 22:00:00,0.0043138379
2025-12-09 23:00:00,-0.0047192159
2025-12-10 00:00:00,-0.0084829663
2025-12-10 01:00:00,-0.00034082
2025-12-10 02:00:00,0.0040142935
2025-12-10 03:00:00,0.0012214985
2025-12-10 04:00:00,-0.0008820437
2025-12-10 05:00:00,-0.0027188706
2025-12-10 06:00:00,-0.0004765633
2025-12-10 07:00:00,-0.0008856491
2025-12-10 08:00:00,-0.0019785099
2025-12-10 09:00:00,0.0068059883
2025-12-10 10:00:00,-0.0122156636
2025-12-10 11:00:00,0.00185217
2025-12-10 12:00:00,-0.0010285598
2025-12-10 13:00:00,0.001713679
2025-12-10 14:00:00,-0.0032241496
2025-12-10 15:00:00,-0.0023388605
2025-12-10 16:00:00,0.0044665939
2025-12-10 17:00:00,0.0016441738
2025-12-10 18:00:00,0.0055972842
2025-12-10 19:00:00,0.0040758157
2025-12-10 20:00:00,-0.0089888246
2025-12-10 21:00:00,-0.0105209841
2025-12-10 22:00:00,-0.0020067128
2025-12-10 23:00:00,-0.0069507474
2025-12-11 00:00:00,-0.0149681302
2025-12-11 01:00:00,-0.0106770179
2025-12-11 02:00:00,-0.0083357769
2025-12-11 03:00:00,-0.0037594029
2025-12-11 04:00:00,0.0062818359
2025-12-11 05:00:00,-0.0002879562
2025-12-11 06:00:00,-0.0025953443
2025-12-11 07:00:00,-0.0032536813
2025-12-11 08:00:00,-0.000217289
2025-12-11 09:00:00,-0.0018851514
2025-12-11 10:00:00,0.0027540241
2025-12-11 11:00:00,-0.0005067507
2025-12-11 12:00:00,-0.0015943188
2025-12-11 13:00:00,0.0012321967
2025-12-11 14:00:00,-0.0060304611
2025-12-11 15:00:00,-0.0002186509
2025-12-11 16:00:00,-0.0016779139
2025-12-11 17:00:00,0.0009487321
2025-12-11 18:00:00,0.0075576263
2025-12-11 19:00:00,0.0023139789
2025-12-11 20:00:00,0.0122753776
2025-12-11 21:00:00,0.0119150346
2025-12-11 22:00:00,-0.0083540309
2025-12-11 23:00:00,-0.0020638373
2025-12-12 00:00:00,-0.0112477455
2025-12-12 01:00:00,0.0113902159
2025-12-12 02:00:00,0.005611408
2025-12-12 03:00:00,-0.0039744552
2025-12-12 04:00:00,-0.0024207915
2025-12-12 05:00:00,0.004197054
2025-12-12 06:00:00,-0.0003550002
2025-12-12 07:00:00,-0.0011368482
2025-12-12 08:00:00,-0.0017789168
2025-12-12 09:00:00,0.0041931763
2025-12-12 10:00:00,0.0004963307
2025-12-12 11:00:00,0.0007794509
2025-12-12 12:00:00,0.0015570815
2025-12-12 13:00:00,-0.0029747171
2025-12-12 14:00:00,-0.002059148
2025-12-12 15:00:00,-0.0365545711
2025-12-12 16:00:00,-0.0022880772
2025-12-12 17:00:00,0.002582932
2025-12-12 18:00:00,0.0069041773
2025-12-12 19:00:00,-0.0036664997
2025-12-12 20:00:00,0.0
2025-12-12 21:00:00,0.0026412341
2025-12-12 22:00:00,0.0031456919
2025-12-12 23:00:00,0.000219098
2025-12-13 00:00:00,0.0022612067
2025-12-13 01:00:00,0.0001457089
2025-12-13 02:00:00,0.0005826233
2025-12-13 03:00:00,0.0013096626
2025-12-13 04:00:00,7.27088e-05
2025-12-13 05:00:00,-0.0013095673
2025-12-13 06:00:00,0.000436713
2025-12-13 07:00:00,0.0025436985
2025-12-13 08:00:00,0.004417896
2025-12-13 09:00:00,0.0002167708
2025-12-13 10:00:00,0.0078443064
2025-12-13 11:00:00,-0.0050305532
2025-12-13 12:00:00,0.0047437737
2025-12-13 13:00:00,-0.0015787588
2025-12-13 14:00:00,-7.1821e-05
2025-12-13 15:00:00,0.0018656722
2025-12-13 16:00:00,-0.0002868
2025-12-13 17:00:00,-0.0028006194
2025-12-13 18:00:00,-0.0020876083
2025-12-13 19:00:00,0.0019437751
2025-12-13 20:00:00,-0.0020158394
2025-12-13 21:00:00,0.0015842158
2025-12-13 22:00:00,0.0018690251
2025-12-13 23:00:00,-0.0012216595
2025-12-14 00:00:00,-0.0013671526
2025-12-14 01:00:00,-0.000432121
2025-12-14 02:00:00,0.0017273648
2025-12-14 03:00:00,-0.0016553316
2025-12-14 04:00:00,-0.0028131443
2025-12-14 05:00:00,-0.0028210804
2025-12-14 06:00:00,-0.0002173362
2025-12-14 07:00:00,0.0019543273
2025-12-14 08:00:00,-0.0030417173
2025-12-14 09:00:00,-0.0017422872
2025-12-14 10:00:00,-0.0009450079
2025-12-14 11:00:00,-0.0047384816
2025-12-14 12:00:00,0.0007304602
2025-12-14 13:00:00,-0.0001460494
2025-12-14 14:00:00,-0.0098342199
2025-12-14 15:00:00,-0.0005163956
2025-12-14 16:00:00,0.0004426411
2025-12-14 17:00:00,-0.0127673943
2025-12-14 18:00:00,0.0075910166
2025-12-14 19:00:00,-0.0037883054
2025-12-14 20:00:00,-0.0035039362
2025-12-14 21:00:00,-0.0003734827
2025-12-14 22:00:00,0.0035052428
2025-12-14 23:00:00,-0.0020121481
2025-12-15 00:00:00,0.0073581662
2025-12-15 01:00:00,0.0099473981
2025-12-15 02:00:00,0.0017581134
2025-12-15 03:00:00,-0.0030787299
2025-12-15 04:00:00,0.0030055368
2025-12-15 05:00:00,0.0011704464
2025-12-15 06:00:00,0.0008769366
2025-12-15 07:00:00,-0.0043923936
2025-12-15 08:00:00,0.0003667706
2025-12-15 09:00:00,0.0057042717
2025-12-15 10:00:00,-0.0005835583
2025-12-15 11:00:00,-0.0018989196
2025-12-15 12:00:00,0.0010229432
2025-12-15 13:00:00,-0.0040980665
2025-12-15 14:00:00,-0.0203718294
2025-12-15 15:00:00,-0.0217893323
2025-12-15 16:00:00,-0.0082178566
2025-12-15 17:00:00,-0.0135095222
2025-12-15 18:00:00,0.0036671519
2025-12-15 19:00:00,0.003653753
2025-12-15 20:00:00,-0.0058368196
2025-12-15 21:00:00,0.0052158462
2025-12-15 22:00:00,0.0006209734
2025-12-15 23:00:00,0.0068053777
2025-12-16 00:00:00,-0.0070381976
2025-12-16 01:00:00,0.0032545554
2025-12-16 02:00:00,0.0007733354
2025-12-16 03:00:00,-0.0010828371
2025-12-16 04:00:00,-0.0021691982
2025-12-16 05:00:00,0.0006202512
2025-12-16 06:00:00,0.0067974926
2025-12-16 07:00:00,-0.0115366538
2025-12-16 08:00:00,0.0016340509
2025-12-16 09:00:00,0.0021745892
2025-12-16 10:00:00,0.015014719
2025-12-16 11:00:00,0.0056393992
2025-12-16 12:00:00,-0.0019016474
2025-12-16 13:00:00,-0.0101780102
2025-12-16 14:00:00,0.0097210762
2025-12-16 15:00:00,0.0100800429
2025-12-16 16:00:00,-0.0076454708
2025-12-16 17:00:00,-0.0038066281
2025-12-16 18:00:00,0.0091116804
2025-12-16 19:00:00,-0.0018914324
2025-12-16 20:00:00,-0.0009091598
2025-12-16 21:00:00,0.00136343
2025-12-16 22:00:00,-0.0011360625
2025-12-16 23:00:00,-0.0014408678
2025-12-17 00:00:00,-0.0027357719
2025-12-17 01:00:00,0.0017487174
2025-12-17 02:00:00,0.0015939887
2025-12-17 03:00:00,-0.0047896089
2025-12-17 04:00:00,-0.0021361009
2025-12-17 05:00:00,-7.63738e-05
2025-12-17 06:00:00,-0.0006112003
2025-12-17 07:00:00,0.0005348207
2025-12-17 08:00:00,-0.0049772299
2025-12-17 09:00:00,-0.0044622324
2025-12-17 10:00:00,0.000539603
2025-12-17 11:00:00,0.0036923119
2025-12-17 12:00:00,-0.0009218006
2025-12-17 13:00:00,0.00727443
2025-12-17 14:00:00,0.0253864712
2025-12-17 15:00:00,-0.0344300644
2025-12-17 16:00:00,-0.0189638076
2025-12-17 17:00:00,-0.0065336557
2025-12-17 18:00:00,-0.0083271031
2025-12-17 19:00:00,0.0066672205
2025-12-17 20:00:00,0.00268605
2025-12-17 21:00:00,-0.0081594305
2025-12-17 22:00:00,0.0070542836
2025-12-17 23:00:00,-0.0026098318
2025-12-18 00:00:00,0.0003958672
2025-12-18 01:00:00,-0.0065917723
2025-12-18 02:00:00,0.0057206576
2025-12-18 03:00:00,-0.0070761575
2025-12-18 04:00:00,0.0007178465
2025-12-18 05:00:00,-0.0100970487
2025-12-18 06:00:00,0.0037782914
2025-12-18 07:00:00,0.0011226946
2025-12-18 08:00:00,0.0032806591
2025-12-18 09:00:00,0.0052585573
2025-12-18 10:00:00,0.0032528094
2025-12-18 11:00:00,-0.0015854145
2025-12-18 12:00:00,0.0016646193
2025-12-18 13:00:00,0.0234826069
2025-12-18 14:00:00,-0.0056635397
2025-12-18 15:00:00,0.0069005895
2025-12-18 16:00:00,-0.0064338813
2025-12-18 17:00:00,-0.040064058
2025-12-18 18:00:00,-0.0036491951
2025-12-18 19:00:00,-0.0238419712
2025-12-18 20:00:00,0.005559027
2025-12-18 21:00:00,0.0186078569
2025-12-18 22:00:00,-0.0016256201
2025-12-18 23:00:00,-0.0079219656
2025-12-19 00:00:00,0.0020477543
2025-12-19 01:00:00,-0.0092068057
2025-12-19 02:00:00,0.0038738973
2025-12-19 03:00:00,0.030462498
2025-12-19 04:00:00,0.0055701584
2025-12-19 05:00:00,-0.0035772525
2025-12-19 06:00:00,0.006746325
2025-12-19 07:00:00,0.0112480047
2025-12-19 08:00:00,0.0020315681
2025-12-19 09:00:00,-0.001875147
2025-12-19 10:00:00,0.0017970861
2025-12-19 11:00:00,0.0003122073
2025-12-19 12:00:00,0.0028833061
2025-12-19 13:00:00,-0.0002334721
2025-12-19 14:00:00,0.0072124086
2025-12-19 15:00:00,0.0012356168
2025-12-19 16:00:00,0.0102887886
2025-12-19 17:00:00,-0.0098258256
2025-12-19 18:00:00,0.0118099532
2025-12-19 19:00:00,0.0121994315
2025-12-19 20:00:00,0.0011290506
2025-12-19 21:00:00,-0.0083094601
2025-12-19 22:00:00,0.0046164989
2025-12-19 23:00:00,-0.0021920716
2025-12-20 00:00:00,-0.0082824074
2025-12-20 01:00:00,-0.0005342492
2025-12-20 02:00:00,0.0001526718
2025-12-20 03:00:00,0.0031246453
2025-12-20 04:00:00,-0.0048817793
2025-12-20 05:00:00,0.0018334612
2025-12-20 06:00:00,0.0009154715
2025-12-20 07:00:00,0.0027413968
2025-12-20 08:00:00,0.0027339021
2025-12-20 09:00:00,0.0025751737
2025-12-20 10:00:00,-0.0042450033
2025-12-20 11:00:00,0.0019731356
2025-12-20 12:00:00,-0.0012137765
2025-12-20 13:00:00,0.002123143
2025-12-20 14:00:00,0.0014381413
2025-12-20 15:00:00,-0.0014381413
2025-12-20 16:00:00,-0.0015919345
2025-12-20 17:00:00,-0.0012146058
2025-12-20 18:00:00,0.0030337528
2025-12-20 19:00:00,0.000908334
2025-12-20 20:00:00,0.0003025948
2025-12-20 21:00:00,-0.0010594825
2025-12-20 22:00:00,0.000605556
2025-12-20 23:00:00,-0.0016661622
2025-12-21 00:00:00,-0.0003790607
2025-12-21 01:00:00,-0.0059320274
2025-12-21 02:00:00,-0.0023674073
2025-12-21 03:00:00,0.0021385481
2025-12-21 04:00:00,0.0003051339
2025-12-21 05:00:00,0.0027420232
2025-12-21 06:00:00,-7.60659e-05
2025-12-21 07:00:00,-0.0012178415
2025-12-21 08:00:00,0.0103800606
2025-12-21 09:00:00,-0.0002261505
2025-12-21 10:00:00,-0.0062013358
2025-12-21 11:00:00,-0.0009107469
2025-12-21 12:00:00,-0.0003037667
2025-12-21 13:00:00,-0.0208756622
2025-12-21 14:00:00,0.0050284406
2025-12-21 15:00:00,-0.0004631059
2025-12-21 16:00:00,0.0040833679
2025-12-21 17:00:00,-0.0008461214
2025-12-21 18:00:00,-0.0021569995
2025-12-21 19:00:00,0.0047699737
2025-12-21 20:00:00,-0.003459812
2025-12-21 21:00:00,-0.0031627288
2025-12-21 22:00:00,0.0086926968
2025-12-21 23:00:00,0.0032880932
2025-12-22 00:00:00,0.0050259015
2025-12-22 01:00:00,-0.0021291165
2025-12-22 02:00:00,-0.0035840966
2025-12-22 03:00:00,0.0081409511
2025-12-22 04:00:00,0.0034040655
2025-12-22 05:00:00,-0.0043137767
2025-12-22 06:00:00,-0.0016699564
2025-12-22 07:00:00,0.0031856823
2025-12-22 08:00:00,0.0007570023
2025-12-22 09:00:00,0.0003782864
2025-12-22 10:00:00,-0.0001512974
2025-12-22 11:00:00,0.004679607
2025-12-22 12:00:00,0.0031576599
2025-12-22 13:00:00,-0.0026306904
2025-12-22 14:00:00,0.0086178359
2025-12-22 15:00:00,0.002087061
2025-12-22 16:00:00,-0.0047768414
2025-12-22 17:00:00,0.0014952156
2025-12-22 18:00:00,0.0030582204
2025-12-22 19:00:00,-0.0175054243
2025-12-22 20:00:00,-0.0060055675
2025-12-22 21:00:00,0.0019043997
2025-12-22 22:00:00,0.0075815375
2025-12-22 23:00:00,0.0006795274
2025-12-23 00:00:00,0.0051944258
2025-12-23 01:00:00,-0.0027067686
2025-12-23 02:00:00,-0.0046032606
2025-12-23 03:00:00,0.0021156034
2025-12-23 04:00:00,-0.0044631112
2025-12-23 05:00:00,-0.006083669
2025-12-23 06:00:00,-0.0032853298
2025-12-23 07:00:00,-0.0024519206
2025-12-23 08:00:00,-0.0029194858
2025-12-23 09:00:00,0.0014608083
2025-12-23 10:00:00,0.004675592
2025-12-23 11:00:00,0.0020625652
2025-12-23 12:00:00,-0.005663136
2025-12-23 13:00:00,-0.0060041748
2025-12-23 14:00:00,-0.0050311651
2025-12-23 15:00:00,0.004413309
2025-12-23 16:00:00,0.0078492131
2025-12-23 17:00:00,-0.0165395222
2025-12-23 18:00:00,0.011929803
2025-12-23 19:00:00,-0.0071873257
2025-12-23 20:00:00,0.0041023317
2025-12-23 21:00:00,-0.0002317587
2025-12-23 22:00:00,-0.0005409792
2025-12-23 23:00:00,-0.0010054527
2025-12-24 00:00:00,0.0054020814
2025-12-24 01:00:00,-0.0013092535
2025-12-24 02:00:00,-0.0120170458
2025-12-24 03:00:00,0.0016365978
2025-12-24 04:00:00,-0.0067976978
2025-12-24 05:00:00,-0.0026691804
2025-12-24 06:00:00,-0.0006290792
2025-12-24 07:00:00,-0.0011805912
2025-12-24 08:00:00,0.000551116
2025-12-24 09:00:00,0.0033787798
2025-12-24 10:00:00,0.0003921415
2025-12-24 11:00:00,0.0030534375
2025-12-24 12:00:00,0.0032779238
2025-12-24 13:00:00,-0.0024964906
2025-12-24 14:00:00,-0.0058756877
2025-12-24 15:00:00,0.0080604576
2025-12-24 16:00:00,0.0024910491
2025-12-24 17:00:00,-0.0055354291
2025-12-24 18:00:00,-0.0003127688
2025-12-24 19:00:00,0.0014847813
2025-12-24 20:00:00,0.0003903658
2025-12-24 21:00:00,0.002728302
2025-12-24 22:00:00,0.0050471824
2025-12-24 23:00:00,-0.0050471824
2025-12-25 00:00:00,-0.0045252476
2025-12-25 01:00:00,0.0052256095
2025-12-25 02:00:00,0.0008553323
2025-12-25 03:00:00,0.0002331455
2025-12-25 04:00:00,-0.0003108728
2025-12-25 05:00:00,-0.0027242671
2025-12-25 06:00:00,-0.0001558968
2025-12-25 07:00:00,-0.003201252
2025-12-25 08:00:00,-0.0043890657
2025-12-25 09:00:00,0.0005496879
2025-12-25 10:00:00,-0.0110515807
2025-12-25 11:00:00,0.0015862947
2025-12-25 12:00:00,0.0033230508
2025-12-25 13:00:00,-0.0022141398
2025-12-25 14:00:00,-0.0001583406
2025-12-25 15:00:00,0.0094563352
2025-12-25 16:00:00,-0.0039292781
2025-12-25 17:00:00,-0.0001574927
2025-12-25 18:00:00,0.0027525478
2025-12-25 19:00:00,-0.0020440259
2025-12-25 20:00:00,-0.0006297725
2025-12-25 21:00:00,-0.001024227
2025-12-25 22:00:00,-0.0233672261
2025-12-25 23:00:00,-0.002909093
2025-12-26 00:00:00,0.0004045471
2025-12-26 01:00:00,0.0021817309
2025-12-26 02:00:00,0.0179983261
2025-12-26 03:00:00,-0.0017456166
2025-12-26 04:00:00,-0.0025445306
2025-12-26 05:00:00,-0.0006371456
2025-12-26 06:00:00,0.0030228326
2025-12-26 07:00:00,-0.005096364
2025-12-26 08:00:00,0.0036656348
2025-12-26 09:00:00,0.0006361323
2025-12-26 10:00:00,-0.0014318672
2025-12-26 11:00:00,-0.0030295806
2025-12-26 12:00:00,0.0034275272
2025-12-26 13:00:00,0.0038122515
2025-12-26 14:00:00,-0.0280553749
2025-12-26 15:00:00,-0.0049855034
2025-12-26 16:00:00,-0.0114541238
2025-12-26 17:00:00,0.0066906457
2025-12-26 18:00:00,0.0023024433
2025-12-26 19:00:00,0.0027887157
2025-12-26 20:00:00,-8.19101e-05
2025-12-26 21:00:00,-0.0032819196
2025-12-26 22:00:00,0.0030361489
2025-12-26 23:00:00,-0.0001638807
2025-12-27 00:00:00,0.000819135
2025-12-27 01:00:00,0.0037594029
2025-12-27 02:00:00,-0.0001631588
2025-12-27 03:00:00,0.0051267557
2025-12-27 04:00:00,-0.0038222305
2025-12-27 05:00:00,0.0003258656
2025-12-27 06:00:00,-0.0011409944
2025-12-27 07:00:00,-8.15494e-05
2025-12-27 08:00:00,-0.0014690283
2025-12-27 09:00:00,0.0016321205
2025-12-27 10:00:00,-0.0017954791
2025-12-27 11:00:00,0.0042386761
2025-12-27 12:00:00,-0.0009765626
2025-12-27 13:00:00,-0.0014666343
2025-12-27 14:00:00,0.0006521031
2025-12-27 15:00:00,0.0019537616
2025-12-27 16:00:00,-0.0023612762
2025-12-27 17:00:00,0.0019545572
2025-12-27 18:00:00,-0.0006510947
2025-12-27 19:00:00,0.0001628134
2025-12-27 20:00:00,0.0004882813
2025-12-27 21:00:00,0.0047887758
2025-12-27 22:00:00,-0.0026756411
2025-12-27 23:00:00,0.0088106297
2025-12-28 00:00:00,-0.002094579
2025-12-28 01:00:00,-0.0020989755
2025-12-28 02:00:00,0.0019376722
2025-12-28 03:00:00,0.0004032096
2025-12-28 04:00:00,-0.0008065818
2025-12-28 05:00:00,-0.0012110938
2025-12-28 06:00:00,0.0024207226
2025-12-28 07:00:00,-8.05964e-05
2025-12-28 08:00:00,-0.000967664
2025-12-28 09:00:00,-0.0028277135
2025-12-28 10:00:00,0.0015360365
2025-12-28 11:00:00,0.000565314
2025-12-28 12:00:00,-8.07396e-05
2025-12-28 13:00:00,0.0017747665
2025-12-28 14:00:00,0.0027366405
2025-12-28 15:00:00,-0.0020115065
2025-12-28 16:00:00,-0.000725134
2025-12-28 17:00:00,0.0004834811
2025-12-28 18:00:00,-0.006952332
2025-12-28 19:00:00,0.0010540399
2025-12-28 20:00:00,-0.0021904037
2025-12-28 21:00:00,0.001866202
2025-12-28 22:00:00,0.0040449857
2025-12-28 23:00:00,-0.0004037631
2025-12-29 00:00:00,0.0098055761
2025-12-29 01:00:00,0.0047873705
2025-12-29 02:00:00,0.0051605847
2025-12-29 03:00:00,0.0082804779
2025-12-29 04:00:00,-0.0005499038
2025-12-29 05:00:00,-0.0040944939
2025-12-29 06:00:00,0.0006310144
2025-12-29 07:00:00,0.0011033179
2025-12-29 08:00:00,-0.0037088226
2025-12-29 09:00:00,-0.0134507977
2025-12-29 10:00:00,0.0024808944
2025-12-29 11:00:00,-0.0028816157
2025-12-29 12:00:00,-0.0080483332
2025-12-29 13:00:00,-0.0029133305
2025-12-29 14:00:00,0.0011339706
2025-12-29 15:00:00,0.0037168756
2025-12-29 16:00:00,-0.0038787927
2025-12-29 17:00:00,0.0025875328
2025-12-29 18:00:00,-0.0076200109
2025-12-29 19:00:00,-0.0015472946
2025-12-29 20:00:00,-0.0028565618
2025-12-29 21:00:00,0.0034268963
2025-12-29 22:00:00,-0.0007333469
2025-12-29 23:00:00,0.0004889577
2025-12-30 00:00:00,-0.0004074482
2025-12-30 01:00:00,0.0004074482
2025-12-30 02:00:00,-0.001467591
2025-12-30 03:00:00,0.0063440636
2025-12-30 04:00:00,-8.108e-05
2025-12-30 05:00:00,-0.0041438207
2025-12-30 06:00:00,0.0027644542
2025-12-30 07:00:00,0.0030806672
2025-12-30 08:00:00,0.0066960034
2025-12-30 09:00:00,0.0005626784
2025-12-30 10:00:00,-0.0005626784
2025-12-30 11:00:00,0.0001607976
2025-12-30 12:00:00,-0.0066139941
2025-12-30 13:00:00,0.0037156747
2025-12-30 14:00:00,0.0056279293
2025-12-30 15:00:00,-0.0022473723
2025-12-30 16:00:00,-0.0032193187
2025-12-30 17:00:00,-0.0035532622
2025-12-30 18:00:00,-0.0026732569
2025-12-30 19:00:00,-0.0008114908
2025-12-30 20:00:00,-0.005454041
2025-12-30 21:00:00,0.0015496924
2025-12-30 22:00:00,0.0037419713
2025-12-30 23:00:00,0.0005682049
2025-12-31 00:00:00,-0.0029256421
2025-12-31 01:00:00,0.0023574372
2025-12-31 02:00:00,0.0019467884
2025-12-31 03:00:00,-0.0036533428
2025-12-31 04:00:00,-0.0009764831
2025-12-31 05:00:00,0.0015456582
2025-12-31 06:00:00,-0.0008132065
2025-12-31 07:00:00,0.0022753138
2025-12-31 08:00:00,-0.0022753138
2025-12-31 09:00:00,0.000569314
2025-12-31 10:00:00,-0.000813405
2025-12-31 11:00:00,0.0032496576
2025-12-31 12:00:00,-0.0033310345
2025-12-31 13:00:00,0.0014637719
2025-12-31 14:00:00,-0.0018707558
2025-12-31 15:00:00,-0.0154240485
2025-12-31 16:00:00,-0.0178516586
2025-12-31 17:00:00,-0.0081978063
2025-12-31 18:00:00,-0.00689746
2025-12-31 19:00:00,0.0005125577
2025-12-31 20:00:00,-0.0008544088
2025-12-31 21:00:00,0.0027315425
2025-12-31 22:00:00,0.0018736166
2025-12-31 23:00:00,-0.002129382
2026-01-01 00:00:00,0.003829629
2026-01-01 01:00:00,0.0050834643
2026-01-01 02:00:00,0.000506928
2026-01-01 03:00:00,-0.00304543
2026-01-01 04:00:00,-0.0021203519
2026-01-01 05:00:00,0.0047433597
2026-01-01 06:00:00,-0.0010991335
2026-01-01 07:00:00,0.0004228866
2026-01-01 08:00:00,0.0161050285
2026-01-01 09:00:00,-0.0004993758
2026-01-01 10:00:00,0.0017467253
2026-01-01 11:00:00,0.0011627908
2026-01-01 12:00:00,0.0002489937
2026-01-01 13:00:00,0.0013269201
2026-01-01 14:00:00,-0.00066324
2026-01-01 15:00:00,0.031510239
2026-01-01 16:00:00,-0.0019305025
2026-01-01 17:00:00,0.0044185651
2026-01-01 18:00:00,-0.0016044929
2026-01-01 19:00:00,0.0087930223
2026-01-01 20:00:00,0.0024641322
2026-01-01 21:00:00,0.0011901457
2026-01-01 22:00:00,0.0027715107
2026-01-01 23:00:00,0.0015802785
2026-01-02 00:00:00,-0.0028463017
2026-01-02 01:00:00,0.0012660233
2026-01-02 02:00:00,0.001738169
2026-01-02 03:00:00,0.0140311924
2026-01-02 04:00:00,-0.0026500405
2026-01-02 05:00:00,-0.0006245609
2026-01-02 06:00:00,0.002651694
2026-01-02 07:00:00,-0.0051538455
2026-01-02 08:00:00,0.0080315454
2026-01-02 09:00:00,0.0292360304
2026-01-02 10:00:00,0.0021849698
2026-01-02 11:00:00,-0.0270812537
2026-01-02 12:00:00,0.0148901362
2026-01-02 13:00:00,0.0025109391
2026-01-02 14:00:00,0.0179248661
2026-01-02 15:00:00,0.0080291859
2026-01-02 16:00:00,0.0235632152
2026-01-02 17:00:00,0.0068471203
2026-01-02 18:00:00,-0.0072087971
2026-01-02 19:00:00,0.0085008797
2026-01-02 20:00:00,0.0010754617
2026-01-02 21:00:00,0.0124623297
2026-01-02 22:00:00,0.0205239579
2026-01-02 23:00:00,-0.0169211141
2026-01-03 00:00:00,0.000563976
2026-01-03 01:00:00,0.0013381697
2026-01-03 02:00:00,0.0095962632
2026-01-03 03:00:00,0.0038267571
2026-01-03 04:00:00,-0.008648401
2026-01-03 05:00:00,0.0007702273
2026-01-03 06:00:00,-0.0066011476
2026-01-03 07:00:00,-0.0143346196
2026-01-03 08:00:00,0.0066961356
2026-01-03 09:00:00,0.0119271678
2026-01-03 10:00:00,0.0006312025
2026-01-03 11:00:00,-0.0013330061
2026-01-03 12:00:00,0.0005614823
2026-01-03 13:00:00,0.0024527851
2026-01-03 14:00:00,-0.0028738673
2026-01-03 15:00:00,-0.0020377339
2026-01-03 16:00:00,-0.0077673036
2026-01-03 17:00:00,0.003043496
2026-01-03 18:00:00,0.0016946763
2026-01-03 19:00:00,-0.001129465
2026-01-03 20:00:00,0.00443991
2026-01-03 21:00:00,0.0009137235
2026-01-03 22:00:00,0.0023857986
2026-01-03 23:00:00,0.0027995539
2026-01-04 00:00:00,0.0221186789
2026-01-04 01:00:00,0.00116148
2026-01-04 02:00:00,0.0043605711
2026-01-04 03:00:00,0.0258377625
2026-01-04 04:00:00,0.0066032992
2026-01-04 05:00:00,0.0051204733
2026-01-04 06:00:00,-0.0158398243
2026-01-04 07:00:00,0.0074231518
2026-01-04 08:00:00,0.0041514343
2026-01-04 09:00:00,0.0003287419
2026-01-04 10:00:00,0.0011825768
2026-01-04 11:00:00,-0.0024981934
2026-01-04 12:00:00,0.0061684033
2026-01-04 13:00:00,-0.0049185265
2026-01-04 14:00:00,-0.0050749821
2026-01-04 15:00:00,0.0009906549
2026-01-04 16:00:00,0.0025711192
2026-01-04 17:00:00,0.001513208
2026-01-04 18:00:00,-0.0030946527
2026-01-04 19:00:00,-0.0124085066
2026-01-04 20:00:00,0.0001335292
2026-01-04 21:00:00,-0.0038125861
2026-01-04 22:00:00,-0.0019453301
2026-01-04 23:00:00,0.0044886686
2026-01-05 00:00:00,0.0052668544
2026-01-05 01:00:00,0.0085411186
2026-01-05 02:00:00,0.0013176969
2026-01-05 03:00:00,-0.0027031498
2026-01-05 04:00:00,-0.0061587559
2026-01-05 05:00:00,-0.0017951536
2026-01-05 06:00:00,0.0009312226
2026-01-05 07:00:00,-0.0031963802
2026-01-05 08:00:00,-0.0052160075
2026-01-05 09:00:00,-0.0156089523
2026-01-05 10:00:00,0.0021768716
2026-01-05 11:00:00,0.0035273405
2026-01-05 12:00:00,-0.0025085609
2026-01-05 13:00:00,-0.0025829269
2026-01-05 14:00:00,0.0082689911
2026-01-05 15:00:00,0.0044450504
2026-01-05 16:00:00,0.0108940092
2026-01-05 17:00:00,0.0166121157
2026-01-05 18:00:00,-0.0051124186
2026-01-05 19:00:00,-0.0030273139
2026-01-05 20:00:00,-0.0020453278
2026-01-05 21:00:00,0.0025724759
2026-01-05 22:00:00,0.005452827
2026-01-05 23:00:00,-0.0060458882
2026-01-06 00:00:00,0.0019755044
2026-01-06 01:00:00,-0.0035587226
2026-01-06 02:00:00,0.0002640438
2026-01-06 03:00:00,0.0086091288
2026-01-06 04:00:00,-0.0061700229
2026-01-06 05:00:00,-0.0030333027
2026-01-06 06:00:00,-0.0023141271
2026-01-06 07:00:00,-0.0103131424
2026-01-06 08:00:00,0.0008022463
2026-01-06 09:00:00,0.0062620949
2026-01-06 10:00:00,0.0001992098
2026-01-06 11:00:00,-0.0013288156
2026-01-06 12:00:00,0.008935427
2026-01-06 13:00:00,-0.0014507091
2026-01-06 14:00:00,0.0067738906
2026-01-06 15:00:00,-0.0175216886
2026-01-06 16:00:00,-0.0296508556
2026-01-06 17:00:00,-0.0098740661
2026-01-06 18:00:00,0.0095991898
2026-01-06 19:00:00,0.0019225493
2026-01-06 20:00:00,0.0094897452
2026-01-06 21:00:00,0.0169781078
2026-01-06 22:00:00,0.001135036
2026-01-06 23:00:00,0.0039957432
2026-01-07 00:00:00,-0.0158770711
2026-01-07 01:00:00,-0.0040598202
2026-01-07 02:00:00,0.0063530898
2026-01-07 03:00:00,-0.0010785306
2026-01-07 04:00:00,-0.00101218
2026-01-07 05:00:00,-0.0038556547
2026-01-07 06:00:00,0.0036530957
2026-01-07 07:00:00,0.005589052
2026-01-07 08:00:00,0.0291832124
2026-01-07 09:00:00,-0.0324789948
2026-01-07 10:00:00,-0.0003369159
2026-01-07 11:00:00,0.0030281642
2026-01-07 12:00:00,-0.0059979288
2026-01-07 13:00:00,-0.001962178
2026-01-07 14:00:00,0.0
2026-01-07 15:00:00,-0.0111694957
2026-01-07 16:00:00,0.0100174609
2026-01-07 17:00:00,-0.0036682332
2026-01-07 18:00:00,-0.00381836
2026-01-07 19:00:00,0.0004780931
2026-01-07 20:00:00,-0.0023927545
2026-01-07 21:00:00,0.0014363396
2026-01-07 22:00:00,-0.0020525459
2026-01-07 23:00:00,0.0015739952
2026-01-08 00:00:00,0.0053875399
2026-01-08 01:00:00,0.0015630844
2026-01-08 02:00:00,-0.0096896016
2026-01-08 03:00:00,-0.0052937458
2026-01-08 04:00:00,0.0115140742
2026-01-08 05:00:00,-0.008829324
2026-01-08 06:00:00,-0.0219636296
2026-01-08 07:00:00,0.0102077374
2026-01-08 08:00:00,-0.0028560501
2026-01-08 09:00:00,-0.0079140379
2026-01-08 10:00:00,0.0049798455
2026-01-08 11:00:00,-0.0152276471
2026-01-08 12:00:00,-0.0098515931
2026-01-08 13:00:00,0.0012188566
2026-01-08 14:00:00,-0.0002866562
2026-01-08 15:00:00,0.0157864332
2026-01-08 16:00:00,0.0035916796
2026-01-08 17:00:00,0.005048745
2026-01-08 18:00:00,-0.0067373404
2026-01-08 19:00:00,-0.001832535
2026-01-08 20:00:00,0.0014099403
2026-01-08 21:00:00,0.0056900157
2026-01-08 22:00:00,-0.0025951268
2026-01-08 23:00:00,-0.00387011
2026-01-09 00:00:00,0.00387011
2026-01-09 01:00:00,-0.004222682
2026-01-09 02:00:00,0.0004230715
2026-01-09 03:00:00,0.0072349559
2026-01-09 04:00:00,-0.0044893454
2026-01-09 05:00:00,0.0036491269
2026-01-09 06:00:00,0.0014699194
2026-01-09 07:00:00,-0.0082172039
2026-01-09 08:00:00,-0.0167832129
2026-01-09 09:00:00,0.0075019107
2026-01-09 10:00:00,0.0013514957
2026-01-09 11:00:00,-0.0037031804
2026-01-09 12:00:00,-0.0026433307
2026-01-09 13:00:00,0.0039980063
2026-01-09 14:00:00,-0.0113214164
2026-01-09 15:00:00,0.0227274414
2026-01-09 16:00:00,0.0109987448
2026-01-09 17:00:00,-0.0080445329
2026-01-09 18:00:00,-0.0145027479
2026-01-09 19:00:00,-0.006721032
2026-01-09 20:00:00,0.0025793523
2026-01-09 21:00:00,0.0067037764
2026-01-09 22:00:00,0.0009946008
2026-01-09 23:00:00,-0.0021325001
2026-01-10 00:00:00,-0.0030645358
2026-01-10 01:00:00,0.0002141098
2026-01-10 02:00:00,-0.0003568752
2026-01-10 03:00:00,0.0001427654
2026-01-10 04:00:00,-0.0008568981
2026-01-10 05:00:00,-0.0005001965
2026-01-10 06:00:00,-0.0012158056
2026-01-10 07:00:00,0.0030724186
2026-01-10 08:00:00,-0.0037882894
2026-01-10 09:00:00,0.002431873
2026-01-10 10:00:00,0.0019982878
2026-01-10 11:00:00,-0.0036427311
2026-01-10 12:00:00,0.0019301575
2026-01-10 13:00:00,-0.000428602
2026-01-10 14:00:00,-0.0015731144
2026-01-10 15:00:00,0.0003577434
2026-01-10 16:00:00,0.0004291232
2026-01-10 17:00:00,-0.0020041521
2026-01-10 18:00:00,0.0015034905
2026-01-10 19:00:00,0.0027148691
2026-01-10 20:00:00,-0.0020712074
2026-01-10 21:00:00,-0.0012161535
2026-01-10 22:00:00,-0.0056710249
2026-01-10 23:00:00,0.0039515804
2026-01-11 00:00:00,-0.0050319997
2026-01-11 01:00:00,0.0011524058
2026-01-11 02:00:00,-0.0001439781
2026-01-11 03:00:00,0.0
2026-01-11 04:00:00,0.0009354874
2026-01-11 05:00:00,0.0023707759
2026-01-11 06:00:00,0.000645601
2026-01-11 07:00:00,0.0028643056
2026-01-11 08:00:00,0.001072003
2026-01-11 09:00:00,-0.0012150236
2026-01-11 10:00:00,-0.00071541
2026-01-11 11:00:00,-0.0015040289
2026-01-11 12:00:00,0.0083509282
2026-01-11 13:00:00,-0.0030610453
2026-01-11 14:00:00,0.0037005451
2026-01-11 15:00:00,-0.019944703
2026-01-11 16:00:00,0.0046990869
2026-01-11 17:00:00,-0.0002163956
2026-01-11 18:00:00,-0.0019496703
2026-01-11 19:00:00,-0.0069631093
2026-01-11 20:00:00,-0.0048885581
2026-01-11 21:00:00,0.0056161484
2026-01-11 22:00:00,-0.0048119078
2026-01-11 23:00:00,0.0069189308
2026-01-12 00:00:00,0.0055008824
2026-01-12 01:00:00,0.0031709453
2026-01-12 02:00:00,0.0167675435
2026-01-12 03:00:00,-0.0080276068
2026-01-12 04:00:00,0.0028490048
2026-01-12 05:00:00,0.0015634997
2026-01-12 06:00:00,-0.0102067193
2026-01-12 07:00:00,-0.0118353117
2026-01-12 08:00:00,-0.0085299245
2026-01-12 09:00:00,-0.0008057133
2026-01-12 10:00:00,-0.0022007051
2026-01-12 11:00:00,0.0027867428
2026-01-12 12:00:00,-0.0028601831
2026-01-12 13:00:00,-0.0018377629
2026-01-12 14:00:00,0.0056495253
2026-01-12 15:00:00,0.012144279
2026-01-12 16:00:00,0.0063405357
2026-01-12 17:00:00,-0.0097435003
2026-01-12 18:00:00,0.0008699435
2026-01-12 19:00:00,0.0013034979
2026-01-12 20:00:00,-0.007627802
2026-01-12 21:00:00,-0.0080539314
2026-01-12 22:00:00,0.0058638297
2026-01-12 23:00:00,-0.0024879275
2026-01-13 00:00:00,0.0024148415
2026-01-13 01:00:00,-0.0024148415
2026-01-13 02:00:00,0.0011715605
2026-01-13 03:00:00,0.0021199613
2026-01-13 04:00:00,0.0053892782
2026-01-13 05:00:00,0.0078136702
2026-01-13 06:00:00,0.0007204092
2026-01-13 07:00:00,-0.0030292126
2026-01-13 08:00:00,0.0079859412
2026-01-13 09:00:00,-0.0004300459
2026-01-13 10:00:00,-0.0017938512
2026-01-13 11:00:00,-0.00251681
2026-01-13 12:00:00,0.0032347367
2026-01-13 13:00:00,0.0010042322
2026-01-13 14:00:00,0.0057904869
2026-01-13 15:00:00,0.0124673996
2026-01-13 16:00:00,0.0052659416
2026-01-13 17:00:00,-0.0037183892
2026-01-13 18:00:00,0.0065854238
2026-01-13 19:00:00,0.0077902599
2026-01-13 20:00:00,-0.0009704701
2026-01-13 21:00:00,0.002286032
2026-01-13 22:00:00,0.0344134605
2026-01-13 23:00:00,-0.0093361326
2026-01-14 00:00:00,6.74787e-05
2026-01-14 01:00:00,-0.0041923112
2026-01-14 02:00:00,0.0041248326
2026-01-14 03:00:00,0.0092024159
2026-01-14 04:00:00,-0.0071126919
2026-01-14 05:00:00,-0.0056726246
2026-01-14 06:00:00,0.0029753876
2026-01-14 07:00:00,0.0020909926
2026-01-14 08:00:00,-0.0037128338
2026-01-14 09:00:00,0.0020268908
2026-01-14 10:00:00,-0.0057535611
2026-01-14 11:00:00,-0.0094806835
2026-01-14 12:00:00,0.0045128282
2026-01-14 13:00:00,-0.0057471423
2026-01-14 14:00:00,0.0178175404
2026-01-14 15:00:00,0.0040360609
2026-01-14 16:00:00,0.0054897373
2026-01-14 17:00:00,-0.0119552771
2026-01-14 18:00:00,-0.0025708694
2026-01-14 19:00:00,0.0018273498
2026-01-14 20:00:00,-0.0044048457
2026-01-14 21:00:00,0.0017642673
2026-01-14 22:00:00,-0.0059157688
2026-01-14 23:00:00,0.0036080232
2026-01-15 00:00:00,-0.0090788705
2026-01-15 01:00:00,-0.0082628026
2026-01-15 02:00:00,-0.0045738125
2026-01-15 03:00:00,-0.0089304996
2026-01-15 04:00:00,0.0046147474
2026-01-15 05:00:00,0.0019513561
2026-01-15 06:00:00,-0.0032078131
2026-01-15 07:00:00,0.0066829347
2026-01-15 08:00:00,0.0
2026-01-15 09:00:00,0.0021485263
2026-01-15 10:00:00,-0.0029814548
2026-01-15 11:00:00,-0.0025029562
2026-01-15 12:00:00,0.004722559
2026-01-15 13:00:00,0.0010387453
2026-01-15 14:00:00,-0.0120462411
2026-01-15 15:00:00,-0.0067477588
2026-01-15 16:00:00,-0.0009878635
2026-01-15 17:00:00,-0.0061608381
2026-01-15 18:00:00,-0.004913315
2026-01-15 19:00:00,-0.0011427756
2026-01-15 20:00:00,-0.0054460901
2026-01-15 21:00:00,0.0036578847
2026-01-15 22:00:00,0.0024311775
2026-01-15 23:00:00,-0.0001428469
2026-01-16 00:00:00,-0.0002143087
2026-01-16 01:00:00,0.0011424492
2026-01-16 02:00:00,0.0003567479
2026-01-16 03:00:00,-0.0057232951
2026-01-16 04:00:00,-0.0029459335
2026-01-16 05:00:00,0.0075986029
2026-01-16 06:00:00,0.0012846134
2026-01-16 07:00:00,-0.0017846312
2026-01-16 08:00:00,-7.14515e-05
2026-01-16 09:00:00,-0.004296462
2026-01-16 10:00:00,-0.0022990167
2026-01-16 11:00:00,-0.007653467
2026-01-16 12:00:00,-0.0002899601
2026-01-16 13:00:00,-0.0004350979
2026-01-16 14:00:00,-0.0010885737
2026-01-16 15:00:00,-0.0129354674
2026-01-16 16:00:00,0.0035977865
2026-01-16 17:00:00,0.0054089745
2026-01-16 18:00:00,-0.0003645511
2026-01-16 19:00:00,0.0003645511
2026-01-16 20:00:00,0.0051623338
2026-01-16 21:00:00,-0.0020326686
2026-01-16 22:00:00,0.0034820492
2026-01-16 23:00:00,-0.0002172732
2026-01-17 00:00:00,0.0007964378
2026-01-17 01:00:00,-0.0002895404
2026-01-17 02:00:00,-0.0036263457
2026-01-17 03:00:00,-0.0018181162
2026-01-17 04:00:00,0.0021087083
2026-01-17 05:00:00,-0.0008720297
2026-01-17 06:00:00,-0.002620661
2026-01-17 07:00:00,0.0002915239
2026-01-17 08:00:00,0.0018201017
2026-01-17 09:00:00,-0.001965853
2026-01-17 10:00:00,0.002402185
2026-01-17 11:00:00,0.0007994477
2026-01-17 12:00:00,-0.0007267442
2026-01-17 13:00:00,0.0018158712
2026-01-17 14:00:00,0.0045614241
2026-01-17 15:00:00,0.0074847417
2026-01-17 16:00:00,-0.0056082977
2026-01-17 17:00:00,0.0005766597
2026-01-17 18:00:00,-0.0008651143
2026-01-17 19:00:00,0.0
2026-01-17 20:00:00,0.0002163488
2026-01-17 21:00:00,-0.0007935077
2026-01-17 22:00:00,-0.006007763
2026-01-17 23:00:00,0.0007982874
2026-01-18 00:00:00,-0.0023967764
2026-01-18 01:00:00,-0.0035694811
2026-01-18 02:00:00,-0.0010952504
2026-01-18 03:00:00,0.0035733858
2026-01-18 04:00:00,0.0004366812
2026-01-18 05:00:00,-0.0015292193
2026-01-18 06:00:00,0.000364312
2026-01-18 07:00:00,-0.0013850923
2026-01-18 08:00:00,0.0018949062
2026-01-18 09:00:00,0.0010188488
2026-01-18 10:00:00,-0.0021845199
2026-01-18 11:00:00,-0.0006562876
2026-01-18 12:00:00,-0.0004377645
2026-01-18 13:00:00,-0.0001459641
2026-01-18 14:00:00,-0.0019726034
2026-01-18 15:00:00,-0.0017566979
2026-01-18 16:00:00,0.0013178126
2026-01-18 17:00:00,0.0008775779
2026-01-18 18:00:00,0.0058309203
2026-01-18 19:00:00,-0.0035674021
2026-01-18 20:00:00,0.0017488892
2026-01-18 21:00:00,-0.0013113801
2026-01-18 22:00:00,0.0034931991
2026-01-18 23:00:00,-0.0450991999
2026-01-19 00:00:00,-0.0385825219
2026-01-19 01:00:00,-0.0003160057
2026-01-19 02:00:00,0.0042576742
2026-01-19 03:00:00,0.0018079634
2026-01-19 04:00:00,-0.0016506194
2026-01-19 05:00:00,-0.000157344
2026-01-19 06:00:00,-0.0030731674
2026-01-19 07:00:00,0.0030731674
2026-01-19 08:00:00,0.0086953664
2026-01-19 09:00:00,-0.0031247584
2026-01-19 10:00:00,-0.0010176524
2026-01-19 11:00:00,0.0006263702
2026-01-19 12:00:00,-0.0009397025
2026-01-19 13:00:00,0.001956718
2026-01-19 14:00:00,0.0019528968
2026-01-19 15:00:00,-0.0030481871
2026-01-19 16:00:00,0.0109767168
2026-01-19 17:00:00,-0.0010845148
2026-01-19 18:00:00,0.0
2026-01-19 19:00:00,0.0056420909
2026-01-19 20:00:00,0.0033085861
2026-01-19 21:00:00,-0.0048512011
2026-01-19 22:00:00,-0.0080601847
2026-01-19 23:00:00,0.0042706902
2026-01-20 00:00:00,-0.0038816911
2026-01-20 01:00:00,-0.0004668171
2026-01-20 02:00:00,-0.0010900881
2026-01-20 03:00:00,-0.0039029009
2026-01-20 04:00:00,-0.0021922965
2026-01-20 05:00:00,0.0025050898
2026-01-20 06:00:00,-0.0101372131
2026-01-20 07:00:00,0.0
2026-01-20 08:00:00,-0.0050677122
2026-01-20 09:00:00,-0.0030211503
2026-01-20 10:00:00,-0.0014342632
2026-01-20 11:00:00,-0.0023950195
2026-01-20 12:00:00,0.0051024587
2026-01-20 13:00:00,-0.0089464611
2026-01-20 14:00:00,0.0066376348
2026-01-20 15:00:00,-0.0030334501
2026-01-20 16:00:00,-0.0106901311
2026-01-20 17:00:00,-0.0002424536
2026-01-20 18:00:00,-0.0012131507
2026-01-20 19:00:00,0.0016979992
2026-01-20 20:00:00,0.0015338045
2026-01-20 21:00:00,-0.0015338045
2026-01-20 22:00:00,-0.0022646402
2026-01-20 23:00:00,-0.0023509394
2026-01-21 00:00:00,0.0143435175
2026-01-21 01:00:00,0.0051073449
2026-01-21 02:00:00,0.0005570366
2026-01-21 03:00:00,-0.002788291
2026-01-21 04:00:00,-0.0008779281
2026-01-21 05:00:00,0.0040639125
2026-01-21 06:00:00,-0.0046229956
2026-01-21 07:00:00,-0.0025597966
2026-01-21 08:00:00,-0.0054614223
2026-01-21 09:00:00,0.0012877265
2026-01-21 10:00:00,-0.0019322122
2026-01-21 11:00:00,-0.008660165
2026-01-21 12:00:00,-0.0030121731
2026-01-21 13:00:00,-0.0012237407
2026-01-21 14:00:00,0.0257870856
2026-01-21 15:00:00,0.0045243559
2026-01-21 16:00:00,-0.0453629244
2026-01-21 17:00:00,0.0102235205
2026-01-21 18:00:00,0.0125531482
2026-01-21 19:00:00,0.0361159201
2026-01-21 20:00:00,-0.002581656
2026-01-21 21:00:00,0.0024253816
2026-01-21 22:00:00,-0.0054850474
2026-01-21 23:00:00,-0.0067802215
2026-01-22 00:00:00,0.0048139619
2026-01-22 01:00:00,0.0047908986
2026-01-22 02:00:00,-0.0051846149
2026-01-22 03:00:00,-0.0013397961
2026-01-22 04:00:00,0.0026777995
2026-01-22 05:00:00,-0.0020470836
2026-01-22 06:00:00,-0.0018933423
2026-01-22 07:00:00,-0.0052252514
2026-01-22 08:00:00,0.0022993073
2026-01-22 09:00:00,0.0044251356
2026-01-22 10:00:00,-0.0022891434
2026-01-22 11:00:00,-0.0062626547
2026-01-22 12:00:00,-0.0019103723
2026-01-22 13:00:00,-0.0015947695
2026-01-22 14:00:00,-0.0089780162
2026-01-22 15:00:00,-0.0002415945
2026-01-22 16:00:00,0.0068226777
2026-01-22 17:00:00,0.0016784562
2026-01-22 18:00:00,-0.0083400644
2026-01-22 19:00:00,0.0036974562
2026-01-22 20:00:00,-0.005712692
2026-01-22 21:00:00,-0.0003228149
2026-01-22 22:00:00,0.0020964368
2026-01-22 23:00:00,0.000805153
2026-01-23 00:00:00,0.0001609528
2026-01-23 01:00:00,0.0070564001
2026-01-23 02:00:00,-0.0042439108
2026-01-23 03:00:00,0.0058407175
2026-01-23 04:00:00,0.0024700224
2026-01-23 05:00:00,-0.0033479505
2026-01-23 06:00:00,-0.0030387868
2026-01-23 07:00:00,0.0003203075
2026-01-23 08:00:00,-0.0046545305
2026-01-23 09:00:00,0.0027311448
2026-01-23 10:00:00,0.001442886
2026-01-23 11:00:00,0.0015207911
2026-01-23 12:00:00,-0.0002399712
2026-01-23 13:00:00,-0.0051331521
2026-01-23 14:00:00,-0.0121350895
2026-01-23 15:00:00,0.013661746
2026-01-23 16:00:00,0.0086338373
2026-01-23 17:00:00,0.0045268711
2026-01-23 18:00:00,0.0008712527
2026-01-23 19:00:00,-0.0140319611
2026-01-23 20:00:00,-0.0074948975
2026-01-23 21:00:00,0.0033111276
2026-01-23 22:00:00,0.0074702143
2026-01-23 23:00:00,-0.0028048261
2026-01-24 00:00:00,-0.0031346728
2026-01-24 01:00:00,-0.0006442261
2026-01-24 02:00:00,0.0001610954
2026-01-24 03:00:00,0.0008855614
2026-01-24 04:00:00,0.0010455625
2026-01-24 05:00:00,-0.0006432937
2026-01-24 06:00:00,-0.0004022688
2026-01-24 07:00:00,-0.0020137749
2026-01-24 08:00:00,0.003862873
2026-01-24 09:00:00,-0.0016077174
2026-01-24 10:00:00,0.002089529
2026-01-24 11:00:00,-0.0009638555
2026-01-24 12:00:00,-0.0004018808
2026-01-24 13:00:00,-0.0033821904
2026-01-24 14:00:00,-0.0004841052
2026-01-24 15:00:00,-0.0032333712
2026-01-24 16:00:00,0.0016179924
2026-01-24 17:00:00,0.002099484
2026-01-24 18:00:00,-0.0006455257
2026-01-24 19:00:00,0.0007261871
2026-01-24 20:00:00,0.000483832
2026-01-24 21:00:00,0.0006447453
2026-01-24 22:00:00,0.0021729516
2026-01-24 23:00:00,-0.0029789483
2026-01-25 00:00:00,-8.06354e-05
2026-01-25 01:00:00,-0.0040400831
2026-01-25 02:00:00,0.0012946033
2026-01-25 03:00:00,-0.0045384631
2026-01-25 04:00:00,0.0006496143
2026-01-25 05:00:00,0.0006491926
2026-01-25 06:00:00,-0.0025179723
2026-01-25 07:00:00,-0.0013835201
2026-01-25 08:00:00,-0.0021196812
2026-01-25 09:00:00,0.0039097549
2026-01-25 10:00:00,0.002273651
2026-01-25 11:00:00,-0.0011361793
2026-01-25 12:00:00,-0.0006498254
2026-01-25 13:00:00,0.0
2026-01-25 14:00:00,-0.0088962023
2026-01-25 15:00:00,0.0012289543
2026-01-25 16:00:00,-0.0111153423
2026-01-25 17:00:00,-0.0014914246
2026-01-25 18:00:00,-0.0045709616
2026-01-25 19:00:00,-0.0116460618
2026-01-25 20:00:00,-0.0032921146
2026-01-25 21:00:00,0.0102625396
2026-01-25 22:00:00,-0.0039411396
2026-01-25 23:00:00,0.0025174134
2026-01-26 00:00:00,0.010255645
2026-01-26 01:00:00,0.0142488924
2026-01-26 02:00:00,-0.0052476342
2026-01-26 03:00:00,-0.0041189613
2026-01-26 04:00:00,0.006336166
2026-01-26 05:00:00,-0.0032042093
2026-01-26 06:00:00,0.0
2026-01-26 07:00:00,0.0006581112
2026-01-26 08:00:00,0.0
2026-01-26 09:00:00,-0.00800896
2026-01-26 10:00:00,0.0038060612
2026-01-26 11:00:00,-0.0014049009
2026-01-26 12:00:00,0.0024779066
2026-01-26 13:00:00,0.0032121265
2026-01-26 14:00:00,0.0085970972
2026-01-26 15:00:00,-0.0042483724
2026-01-26 16:00:00,0.0032695795
2026-01-26 17:00:00,-0.002860297
2026-01-26 18:00:00,0.0051426586
2026-01-26 19:00:00,-0.0047335435
2026-01-26 20:00:00,-0.0052493559
2026-01-26 21:00:00,0.0064756979
2026-01-26 22:00:00,0.0004084467
2026-01-26 23:00:00,-0.0017984146
2026-01-27 00:00:00,-0.0009823184
2026-01-27 01:00:00,0.002699057
2026-01-27 02:00:00,0.0052138611
2026-01-27 03:00:00,-0.0031739599
2026-01-27 04:00:00,0.0
2026-01-27 05:00:00,-0.0017948932
2026-01-27 06:00:00,-0.0037634013
2026-01-27 07:00:00,-0.0003279226
2026-01-27 08:00:00,0.0012291557
2026-01-27 09:00:00,-0.0022956475
2026-01-27 10:00:00,-0.0012319824
2026-01-27 11:00:00,0.0045098678
2026-01-27 12:00:00,-0.002949613
2026-01-27 13:00:00,-0.0034522474
2026-01-27 14:00:00,0.002302822
2026-01-27 15:00:00,0.0089143915
2026-01-27 16:00:00,0.0162329428
2026-01-27 17:00:00,-0.0227678459
2026-01-27 18:00:00,0.0164191285
2026-01-27 19:00:00,0.0009669622
2026-01-27 20:00:00,0.0130427934
2026-01-27 21:00:00,-0.0053405731
2026-01-27 22:00:00,0.0068498874
2026-01-27 23:00:00,0.0003174603
2026-01-28 00:00:00,-0.0024629576
2026-01-28 01:00:00,-0.0051840448
2026-01-28 02:00:00,-0.0020811662
2026-01-28 03:00:00,-0.0028084271
2026-01-28 04:00:00,-0.00168885
2026-01-28 05:00:00,0.0066584017
2026-01-28 06:00:00,0.0051040864
2026-01-28 07:00:00,-0.003266805
2026-01-28 08:00:00,0.0011964109
2026-01-28 09:00:00,0.010546028
2026-01-28 10:00:00,-0.003397467
2026-01-28 11:00:00,0.0051312526
2026-01-28 12:00:00,-0.0064776275
2026-01-28 13:00:00,-0.0028571448
2026-01-28 14:00:00,-0.006058692
2026-01-28 15:00:00,-0.0052110592
2026-01-28 16:00:00,-0.0004019777
2026-01-28 17:00:00,0.0059328323
2026-01-28 18:00:00,-0.0040048111
2026-01-28 19:00:00,0.0062405195
2026-01-28 20:00:00,-0.0051977247
2026-01-28 21:00:00,0.0049584235
2026-01-28 22:00:00,-0.0006384167
2026-01-28 23:00:00,-0.0035185962
2026-01-29 00:00:00,-0.003691818
2026-01-29 01:00:00,-0.0095331147
2026-01-29 02:00:00,-0.0090513114
2026-01-29 03:00:00,-0.0005735589
2026-01-29 04:00:00,-0.0018868704
2026-01-29 05:00:00,-0.0011502754
2026-01-29 06:00:00,0.0011502754
2026-01-29 07:00:00,-0.0001642441
2026-01-29 08:00:00,-0.0013149246
2026-01-29 09:00:00,-0.0019756345
2026-01-29 10:00:00,-0.0037148679
2026-01-29 11:00:00,0.0002480877
2026-01-29 12:00:00,-0.0026494468
2026-01-29 13:00:00,0.0011599968
2026-01-29 14:00:00,-0.0185546485
2026-01-29 15:00:00,-0.0214878663
2026-01-29 16:00:00,0.0078128751
2026-01-29 17:00:00,-0.0033409034
2026-01-29 18:00:00,-0.0173977643
2026-01-29 19:00:00,0.0072208761
2026-01-29 20:00:00,0.0057049165
2026-01-29 21:00:00,0.0050724435
2026-01-29 22:00:00,0.0023982881
2026-01-29 23:00:00,0.0018803424
2026-01-30 00:00:00,-0.0021370269
2026-01-30 01:00:00,-0.0138729552
2026-01-30 02:00:00,-0.0091523847
2026-01-30 03:00:00,-0.0014897256
2026-01-30 04:00:00,0.0055968664
2026-01-30 05:00:00,-8.72106e-05
2026-01-30 06:00:00,-0.0167982491
2026-01-30 07:00:00,0.0143532601
2026-01-30 08:00:00,-0.004644446
2026-01-30 09:00:00,-0.0054606442
2026-01-30 10:00:00,0.0043181385
2026-01-30 11:00:00,0.013971586
2026-01-30 12:00:00,-0.0046065007
2026-01-30 13:00:00,-0.0034032931
2026-01-30 14:00:00,0.0093962758
2026-01-30 15:00:00,0.0037166731
2026-01-30 16:00:00,0.0007761632
2026-01-30 17:00:00,0.0007755612
2026-01-30 18:00:00,0.0124980226
2026-01-30 19:00:00,0.0003402228
2026-01-30 20:00:00,-0.0172410669
2026-01-30 21:00:00,0.0060381448
2026-01-30 22:00:00,-0.002842012
2026-01-30 23:00:00,-0.002850112
2026-01-31 00:00:00,-0.0032920414
2026-01-31 01:00:00,0.0015607391
2026-01-31 02:00:00,-0.0022551835
2026-01-31 03:00:00,-0.0014772977
2026-01-31 04:00:00,-0.0030483845
2026-01-31 05:00:00,-0.002270545
2026-01-31 06:00:00,-0.0057869517
2026-01-31 07:00:00,-0.010252874
2026-01-31 08:00:00,-0.0101795682
2026-01-31 09:00:00,0.0044774858
2026-01-31 10:00:00,-0.0008938948
2026-01-31 11:00:00,-0.0017006046
2026-01-31 12:00:00,-0.0051192352
2026-01-31 13:00:00,-0.0030661039
2026-01-31 14:00:00,-0.0354849253
2026-01-31 15:00:00,-0.0023422506
2026-01-31 16:00:00,-0.0135992274
2026-01-31 17:00:00,-0.0306052752
2026-01-31 18:00:00,-0.0057025029
2026-01-31 19:00:00,0.0029536302
2026-01-31 20:00:00,0.0
2026-01-31 21:00:00,0.007443717
2026-01-31 22:00:00,-0.0016602377
2026-01-31 23:00:00,0.0180167601
2026-02-01 00:00:00,0.0059341675
2026-02-01 01:00:00,-0.0001908761
2026-02-01 02:00:00,0.0024785523
2026-02-01 03:00:00,-0.0019060332
2026-02-01 04:00:00,0.0021916251
2026-02-01 05:00:00,-0.0042924662
2026-02-01 06:00:00,0.0024823385
2026-02-01 07:00:00,0.0075049039
2026-02-01 08:00:00,0.0019855346
2026-02-01 09:00:00,0.0035828814
2026-02-01 10:00:00,-0.015842479
2026-02-01 11:00:00,0.0117872087
2026-02-01 12:00:00,-0.0015131457
2026-02-01 13:00:00,-0.0008521517
2026-02-01 14:00:00,-0.0029407601
2026-02-01 15:00:00,-0.0119464316
2026-02-01 16:00:00,-0.0007694528
2026-02-01 17:00:00,0.0017304369
2026-02-01 18:00:00,0.0122197225
2026-02-01 19:00:00,-0.0124118454
2026-02-01 20:00:00,0.003739756
2026-02-01 21:00:00,-0.0076864329
2026-02-01 22:00:00,0.0083561933
2026-02-01 23:00:00,-0.0038332582
2026-02-02 00:00:00,0.0085090623
2026-02-02 01:00:00,0.0
2026-02-02 02:00:00,-0.0126462693
2026-02-02 03:00:00,-0.004348043
2026-02-02 04:00:00,0.0006776052
2026-02-02 05:00:00,-0.0237954924
2026-02-02 06:00:00,0.0188481088
2026-02-02 07:00:00,0.0018460049
2026-02-02 08:00:00,0.0075428266
2026-02-02 09:00:00,0.0060510198
2026-02-02 10:00:00,0.0031550291
2026-02-02 11:00:00,-9.54608e-05
2026-02-02 12:00:00,0.0117681912
2026-02-02 13:00:00,0.0052696085
2026-02-02 14:00:00,0.0079458235
2026-02-02 15:00:00,0.0180850103
2026-02-02 16:00:00,-0.0081715554
2026-02-02 17:00:00,-0.000645548
2026-02-02 18:00:00,-0.0010152754
2026-02-02 19:00:00,-0.0057418198
2026-02-02 20:00:00,-0.0026970488
2026-02-02 21:00:00,0.007052739
2026-02-02 22:00:00,0.0034156507
2026-02-02 23:00:00,-0.006843008
2026-02-03 00:00:00,0.0031499007
2026-02-03 01:00:00,-0.0032426952
2026-02-03 02:00:00,-0.017033636
2026-02-03 03:00:00,0.0130353044
2026-02-03 04:00:00,0.0037198964
2026-02-03 05:00:00,-0.01073222
2026-02-03 06:00:00,0.0025301049
2026-02-03 07:00:00,0.0121856305
2026-02-03 08:00:00,-0.0037050802
2026-02-03 09:00:00,-0.0070776976
2026-02-03 10:00:00,-0.0022455099
2026-02-03 11:00:00,-0.0022505636
2026-02-03 12:00:00,0.011480968
2026-02-03 13:00:00,0.0046296379
2026-02-03 14:00:00,-0.0234601161
2026-02-03 15:00:00,0.0398606852
2026-02-03 16:00:00,-0.0338263467
2026-02-03 17:00:00,-0.0214735092
2026-02-03 18:00:00,-0.0158764225
2026-02-03 19:00:00,0.0372559247
2026-02-03 20:00:00,0.0251579757
2026-02-03 21:00:00,-0.0141257023
2026-02-03 22:00:00,-0.0130084657
2026-02-03 23:00:00,-0.0027354637
2026-02-04 00:00:00,0.00461764
2026-02-04 01:00:00,0.0122414275
2026-02-04 02:00:00,-0.0060552609
2026-02-04 03:00:00,0.0162198282
2026-02-04 04:00:00,-0.0047921942
2026-02-04 05:00:00,-0.0064875112
2026-02-04 06:00:00,0.0074108723
2026-02-04 07:00:00,-0.0003692421
2026-02-04 08:00:00,0.0008306032
2026-02-04 09:00:00,-0.0065713597
2026-02-04 10:00:00,-0.0010219725
2026-02-04 11:00:00,-0.0037250928
2026-02-04 12:00:00,0.0001865846
2026-02-04 13:00:00,-0.0156062207
2026-02-04 14:00:00,-0.0155648881
2026-02-04 15:00:00,-0.006371908
2026-02-04 16:00:00,-0.0021330239
2026-02-04 17:00:00,-0.003402852
2026-02-04 18:00:00,0.0067941638
2026-02-04 19:00:00,0.0165959011
2026-02-04 20:00:00,-0.0077360588
2026-02-04 21:00:00,-0.0143887375
2026-02-04 22:00:00,-0.0021421625
2026-02-04 23:00:00,0.0095072505
2026-02-05 00:00:00,-0.001739467
2026-02-05 01:00:00,-0.0004837227
2026-02-05 02:00:00,-0.0107993461
2026-02-05 03:00:00,0.0015638748
2026-02-05 04:00:00,-0.0036201791
2026-02-05 05:00:00,0.0012734488
2026-02-05 06:00:00,-0.0104311121
2026-02-05 07:00:00,-0.0018812818
2026-02-05 08:00:00,0.006716738
2026-02-05 09:00:00,-0.0012805991
2026-02-05 10:00:00,-0.021118426
2026-02-05 11:00:00,-0.0080865699
2026-02-05 12:00:00,-0.0020319015
2026-02-05 13:00:00,-0.0019341381
2026-02-05 14:00:00,0.0021375142
2026-02-05 15:00:00,-0.0448123212
2026-02-05 16:00:00,0.0002126528
2026-02-05 17:00:00,-0.0246474297
2026-02-05 18:00:00,0.006083669
2026-02-05 19:00:00,-0.0147294136
2026-02-05 20:00:00,-0.0231275596
2026-02-05 21:00:00,-0.0073384467
2026-02-05 22:00:00,0.0138414408
2026-02-05 23:00:00,-0.0130485541
2026-02-06 00:00:00,-0.0075008875
2026-02-06 01:00:00,0.0338711306
2026-02-06 02:00:00,-0.0160074561
2026-02-06 03:00:00,0.0060328638
2026-02-06 04:00:00,0.0107462398
2026-02-06 05:00:00,0.0249210351
2026-02-06 06:00:00,-0.0188787206
2026-02-06 07:00:00,-0.0082486033
2026-02-06 08:00:00,0.0017654203
2026-02-06 09:00:00,0.0193248003
2026-02-06 10:00:00,0.0115036478
2026-02-06 11:00:00,0.0004274874
2026-02-06 12:00:00,-0.0014970063
2026-02-06 13:00:00,0.0140263696
2026-02-06 14:00:00,0.0176755112
2026-02-06 15:00:00,-0.0007259528
2026-02-06 16:00:00,0.0281305308
2026-02-06 17:00:00,0.0104355753
2026-02-06 18:00:00,-0.0111418969
2026-02-06 19:00:00,-0.0042484385
2026-02-06 20:00:00,-0.0006083959
2026-02-06 21:00:00,0.0007097592
2026-02-06 22:00:00,0.0072712904
2026-02-06 23:00:00,-0.0099100821
2026-02-07 00:00:00,-0.0064230225
2026-02-07 01:00:00,0.0070325928
2026-02-07 02:00:00,-0.0043768201
2026-02-07 03:00:00,0.0062033046
2026-02-07 04:00:00,-0.0056933867
2026-02-07 05:00:00,0.0025456966
2026-02-07 06:00:00,-0.0192007542
2026-02-07 07:00:00,-0.0064482803
2026-02-07 08:00:00,0.0010428617
2026-02-07 09:00:00,-0.0062735463
2026-02-07 10:00:00,0.0024095135
2026-02-07 11:00:00,-0.00219976
2026-02-07 12:00:00,0.014781158
2026-02-07 13:00:00,-0.0079880087
2026-02-07 14:00:00,-0.0046980303
2026-02-07 15:00:00,0.011445344
2026-02-07 16:00:00,0.01090658
2026-02-07 17:00:00,0.001942443
2026-02-07 18:00:00,0.0083401623
2026-02-07 19:00:00,-0.0042631002
2026-02-07 20:00:00,0.0031483294
2026-02-07 21:00:00,-0.0036570541
2026-02-07 22:00:00,0.0012205046
2026-02-07 23:00:00,-0.0015258637
2026-02-08 00:00:00,-0.0040803892
2026-02-08 01:00:00,0.0012258659
2026-02-08 02:00:00,-0.00378459
2026-02-08 03:00:00,-0.0064771727
2026-02-08 04:00:00,0.0019578552
2026-02-08 05:00:00,-0.0023705242
2026-02-08 06:00:00,-0.0019625064
2026-02-08 07:00:00,0.0004134794
2026-02-08 08:00:00,0.0189389906
2026-02-08 09:00:00,-0.0123464657
2026-02-08 10:00:00,-0.0086616339
2026-02-08 11:00:00,0.0160266426
2026-02-08 12:00:00,0.001934532
2026-02-08 13:00:00,-0.0013232227
2026-02-08 14:00:00,-0.0012229924
2026-02-08 15:00:00,-0.0089117107
2026-02-08 16:00:00,-0.0176462956
2026-02-08 17:00:00,0.0089658649
2026-02-08 18:00:00,0.009914364
2026-02-08 19:00:00,0.0031806316
2026-02-08 20:00:00,-0.0102966313
2026-02-08 21:00:00,-0.0026945814
2026-02-08 22:00:00,0.0058978908
2026-02-08 23:00:00,-0.0036173881
2026-02-09 00:00:00,-0.0012432658
2026-02-09 01:00:00,-0.0030109559
2026-02-09 02:00:00,0.0044612825
2026-02-09 03:00:00,0.0050596422
2026-02-09 04:00:00,-0.0065099687
2026-02-09 05:00:00,-0.0013486179
2026-02-09 06:00:00,-0.010330347
2026-02-09 07:00:00,-0.0010494282
2026-02-09 08:00:00,-0.0101309436
2026-02-09 09:00:00,-0.0043582317
2026-02-09 10:00:00,-0.0117875347
2026-02-09 11:00:00,0.0032285865
2026-02-09 12:00:00,0.010793586
2026-02-09 13:00:00,-0.0043675169
2026-02-09 14:00:00,0.012834968
2026-02-09 15:00:00,0.0027365558
2026-02-09 16:00:00,0.003462571
2026-02-09 17:00:00,0.0084485509
2026-02-09 18:00:00,-0.0028082602
2026-02-09 19:00:00,0.0024966205
2026-02-09 20:00:00,0.0015572284
2026-02-09 21:00:00,-0.0003112518
2026-02-09 22:00:00,0.0004149808
2026-02-09 23:00:00,-0.0037410415
2026-02-10 00:00:00,-0.0010416668
2026-02-10 01:00:00,0.0030178492
2026-02-10 02:00:00,-0.0026010523
2026-02-10 03:00:00,-0.0120527582
2026-02-10 04:00:00,0.0055728024
2026-02-10 05:00:00,-0.0062056471
2026-02-10 06:00:00,-0.0159526939
2026-02-10 07:00:00,0.0029972191
2026-02-10 08:00:00,0.0019220508
2026-02-10 09:00:00,-0.0026705138
2026-02-10 10:00:00,-0.003106757
2026-02-10 11:00:00,-0.0040855879
2026-02-10 12:00:00,0.0016147267
2026-02-10 13:00:00,0.0040790095
2026-02-10 14:00:00,-0.0096879122
2026-02-10 15:00:00,0.0057164584
2026-02-10 16:00:00,0.0042927733
2026-02-10 17:00:00,0.00672397
2026-02-10 18:00:00,-0.0152200151
2026-02-10 19:00:00,0.0045258698
2026-02-10 20:00:00,-0.0021526216
2026-02-10 21:00:00,-0.0019413293
2026-02-10 22:00:00,-0.0003239216
2026-02-10 23:00:00,0.0017263707
2026-02-11 00:00:00,0.0016157703
2026-02-11 01:00:00,0.0
2026-02-11 02:00:00,0.0007531336
2026-02-11 03:00:00,-0.0002151232
2026-02-11 04:00:00,-0.0121213605
2026-02-11 05:00:00,-0.0032718973
2026-02-11 06:00:00,-0.0129743436
2026-02-11 07:00:00,0.0021004927
2026-02-11 08:00:00,-0.0008838803
2026-02-11 09:00:00,-0.004764288
2026-02-11 10:00:00,-0.0046755067
2026-02-11 11:00:00,0.0061182682
2026-02-11 12:00:00,-0.0016649096
2026-02-11 13:00:00,0.0006662965
2026-02-11 14:00:00,-0.0116124574
2026-02-11 15:00:00,-0.0010112929
2026-02-11 16:00:00,-0.0006747639
2026-02-11 17:00:00,0.0129654214
2026-02-11 18:00:00,0.0108240509
2026-02-11 19:00:00,-0.000329616
2026-02-11 20:00:00,0.0007689351
2026-02-11 21:00:00,0.0090725878
2026-02-11 22:00:00,-0.0101712475
2026-02-11 23:00:00,0.0006593407
2026-02-12 00:00:00,0.0055869127
2026-02-12 01:00:00,-0.0006556661
2026-02-12 02:00:00,0.000764902
2026-02-12 03:00:00,0.0066409258
2026-02-12 04:00:00,-0.004131788
2026-02-12 05:00:00,0.0016330089
2026-02-12 06:00:00,0.0067216211
2026-02-12 07:00:00,0.0025898363
2026-02-12 08:00:00,-0.0028059591
2026-02-12 09:00:00,0.0088229537
2026-02-12 10:00:00,0.0067261237
2026-02-12 11:00:00,-0.0011711473
2026-02-12 12:00:00,-0.0040563676
2026-02-12 13:00:00,0.0073533661
2026-02-12 14:00:00,-0.0020194512
2026-02-12 15:00:00,-0.0084406719
2026-02-12 16:00:00,-0.0200494389
2026-02-12 17:00:00,0.0002189142
2026-02-12 18:00:00,-0.0006568864
2026-02-12 19:00:00,0.0034984183
2026-02-12 20:00:00,-0.0085489341
2026-02-12 21:00:00,0.0071291774
2026-02-12 22:00:00,0.0118421722
2026-02-12 23:00:00,0.0035577634
2026-02-13 00:00:00,-0.0071282298
2026-02-13 01:00:00,0.0014080696
2026-02-13 02:00:00,0.0047511157
2026-02-13 03:00:00,0.0004308024
2026-02-13 04:00:00,-0.0043163982
2026-02-13 05:00:00,-0.0053131055
2026-02-13 06:00:00,0.0050967957
2026-02-13 07:00:00,0.0053937563
2026-02-13 08:00:00,0.0093163387
2026-02-13 09:00:00,-0.001813624
2026-02-13 10:00:00,0.0019202054
2026-02-13 11:00:00,0.0007457519
2026-02-13 12:00:00,-0.0055531967
2026-02-13 13:00:00,0.0031007777
2026-02-13 14:00:00,0.0019197958
2026-02-13 15:00:00,0.015122162
2026-02-13 16:00:00,0.0112712527
2026-02-13 17:00:00,-0.0015578754
2026-02-13 18:00:00,0.003009706
2026-02-13 19:00:00,-0.0019708528
2026-02-13 20:00:00,0.0044548118
2026-02-13 21:00:00,0.0021684143
2026-02-13 22:00:00,0.00030939
2026-02-13 23:00:00,-0.0030982158
2026-02-14 00:00:00,0.0005170364
2026-02-14 01:00:00,-0.0010343402
2026-02-14 02:00:00,-0.0008282431
2026-02-14 03:00:00,0.0024826743
2026-02-14 04:00:00,-0.0014474775
2026-02-14 05:00:00,0.0003103502
2026-02-14 06:00:00,-0.0018635475
2026-02-14 07:00:00,0.0
2026-02-14 08:00:00,0.0116418149
2026-02-14 09:00:00,0.0056177054
2026-02-14 10:00:00,-0.0022432965
2026-02-14 11:00:00,0.0261953322
2026-02-14 12:00:00,-0.0092912402
2026-02-14 13:00:00,0.0038068569
2026-02-14 14:00:00,0.0313017681
2026-02-14 15:00:00,0.0075304469
2026-02-14 16:00:00,0.0081421974
2026-02-14 17:00:00,0.0067506793
2026-02-14 18:00:00,0.0151411178
2026-02-14 19:00:00,0.0131666251
2026-02-14 20:00:00,0.0061527353
2026-02-14 21:00:00,0.0146319691
2026-02-14 22:00:00,0.0136202822
2026-02-14 23:00:00,-0.0120877149
2026-02-15 00:00:00,0.0069123665
2026-02-15 01:00:00,0.0136830211
2026-02-15 02:00:00,0.0005293339
2026-02-15 03:00:00,0.0119236903
2026-02-15 04:00:00,0.0107490633
2026-02-15 05:00:00,-0.0009488894
2026-02-15 06:00:00,-0.0077106728
2026-02-15 07:00:00,0.0087457803
2026-02-15 08:00:00,-0.0176564709
2026-02-15 09:00:00,0.0050765973
2026-02-15 10:00:00,-0.0092093797
2026-02-15 11:00:00,-0.0073402938
2026-02-15 12:00:00,-0.0365188809
2026-02-15 13:00:00,-0.0098996969
2026-02-15 14:00:00,0.0045456732
2026-02-15 15:00:00,-0.0030590986
2026-02-15 16:00:00,-0.0040001914
2026-02-15 17:00:00,-0.0219581927
2026-02-15 18:00:00,-0.0090931471
2026-02-15 19:00:00,-0.0134555053
2026-02-15 20:00:00,0.0024334465
2026-02-15 21:00:00,-0.0037987675
2026-02-15 22:00:00,0.0073894357
2026-02-15 23:00:00,-0.0055369513
2026-02-16 00:00:00,-0.0026335055
2026-02-16 01:00:00,-0.0006838943
2026-02-16 02:00:00,-0.004113217
2026-02-16 03:00:00,0.001862837
2026-02-16 04:00:00,0.0121697457
2026-02-16 05:00:00,-0.013934452
2026-02-16 06:00:00,0.0040150864
2026-02-16 07:00:00,-0.0035245778
2026-02-16 08:00:00,0.0035245778
2026-02-16 09:00:00,0.0069150507
2026-02-16 10:00:00,-0.0028186829
2026-02-16 11:00:00,-0.0107643666
2026-02-16 12:00:00,0.0100828029
2026-02-16 13:00:00,-0.0256500202
2026-02-16 14:00:00,0.0043872839
2026-02-16 15:00:00,-0.009898596
2026-02-16 16:00:00,0.0156525802
2026-02-16 17:00:00,-0.0024761068
2026-02-16 18:00:00,-0.003974568
2026-02-16 19:00:00,-0.002492151
2026-02-16 20:00:00,0.007358824
2026-02-16 21:00:00,0.0025727305
2026-02-16 22:00:00,-0.0062453735
2026-02-16 23:00:00,0.0041679131
2026-02-17 00:00:00,-0.0042673612
2026-02-17 01:00:00,-0.0039860541
2026-02-17 02:00:00,0.0096388683
2026-02-17 03:00:00,-0.0065482921
2026-02-17 04:00:00,-0.0033901718
2026-02-17 05:00:00,-0.0053077086
2026-02-17 06:00:00,0.0049081082
2026-02-17 07:00:00,-0.0039044951
2026-02-17 08:00:00,-0.0057341337
2026-02-17 09:00:00,0.0014114328
2026-02-17 10:00:00,-0.0050500057
2026-02-17 11:00:00,0.0007085379
2026-02-17 12:00:00,0.007158371
2026-02-17 13:00:00,0.0106920829
2026-02-17 14:00:00,-0.0161318062
2026-02-17 15:00:00,0.0140423571
2026-02-17 16:00:00,0.0153202898
2026-02-17 17:00:00,-0.0164165079
2026-02-17 18:00:00,0.0153369651
2026-02-17 19:00:00,-0.0074906717
2026-02-17 20:00:00,-0.0053566243
2026-02-17 21:00:00,0.0050597856
2026-02-17 22:00:00,-0.0046620131
2026-02-17 23:00:00,0.0
2026-02-18 00:00:00,-0.0012933395
2026-02-18 01:00:00,-0.0031907495
2026-02-18 02:00:00,0.0061728591
2026-02-18 03:00:00,0.004456556
2026-02-18 04:00:00,-0.0029688295
2026-02-18 05:00:00,0.0005944714
2026-02-18 06:00:00,0.0013857272
2026-02-18 07:00:00,0.002765707
2026-02-18 08:00:00,0.00315147
2026-02-18 09:00:00,-0.0047309373
2026-02-18 10:00:00,-0.0080345619
2026-02-18 11:00:00,-0.0037916629
2026-02-18 12:00:00,0.002695554
2026-02-18 13:00:00,-0.0044966351
2026-02-18 14:00:00,0.0049950154
2026-02-18 15:00:00,0.0068524028
2026-02-18 16:00:00,-0.0094466968
2026-02-18 17:00:00,-0.0052088668
2026-02-18 18:00:00,-0.007560901
2026-02-18 19:00:00,-0.0030404402
2026-02-18 20:00:00,-0.0013204004
2026-02-18 21:00:00,-0.0001016415
2026-02-18 22:00:00,0.0003048935
2026-02-18 23:00:00,0.0011171483
2026-02-19 00:00:00,-0.0037626525
2026-02-19 01:00:00,0.006600684
2026-02-19 02:00:00,-0.0034472304
2026-02-19 03:00:00,0.0014208873
2026-02-19 04:00:00,0.0008110301
2026-02-19 05:00:00,-0.0125428657
2026-02-19 06:00:00,0.0100062097
2026-02-19 07:00:00,-0.0012198843
2026-02-19 08:00:00,-0.009094223
2026-02-19 09:00:00,0.0001026431
2026-02-19 10:00:00,0.0026650282
2026-02-19 11:00:00,-0.000307141
2026-02-19 12:00:00,-0.0018448299
2026-02-19 13:00:00,-0.0059677099
2026-02-19 14:00:00,0.0095517596
2026-02-19 15:00:00,-0.0100678886
2026-02-19 16:00:00,-0.0010330579
2026-02-19 17:00:00,0.0004133513
2026-02-19 18:00:00,0.0142588455
2026-02-19 19:00:00,-0.001324976
2026-02-19 20:00:00,-0.0027574955
2026-02-19 21:00:00,-0.0013303998
2026-02-19 22:00:00,0.0037818822
2026-02-19 23:00:00,0.0031576293
2026-02-20 00:00:00,0.0034517801
2026-02-20 01:00:00,0.0010129661
2026-02-20 02:00:00,0.0031336897
2026-02-20 03:00:00,-0.0042480088
2026-02-20 04:00:00,-0.000405515
2026-02-20 05:00:00,0.0039467743
2026-02-20 06:00:00,-0.0009094125
2026-02-20 07:00:00,-0.0044579608
2026-02-20 08:00:00,0.0005075885
2026-02-20 09:00:00,0.0065753107
2026-02-20 10:00:00,-0.000504261
2026-02-20 11:00:00,-0.0071880846
2026-02-20 12:00:00,-0.0005081559
2026-02-20 13:00:00,-0.0215791357
2026-02-20 14:00:00,0.0159723113
2026-02-20 15:00:00,0.0244382555
2026-02-20 16:00:00,0.0088395073
2026-02-20 17:00:00,0.0015808718
2026-02-20 18:00:00,0.0017754986
2026-02-20 19:00:00,-0.0128944457
2026-02-20 20:00:00,0.0048797587
2026-02-20 21:00:00,-0.0033834245
2026-02-20 22:00:00,-0.0001993819
2026-02-20 23:00:00,-0.0020959137
2026-02-21 00:00:00,-0.0080249202
2026-02-21 01:00:00,0.0081248253
2026-02-21 02:00:00,-0.0002997452
2026-02-21 03:00:00,-0.0022008812
2026-02-21 04:00:00,0.0
2026-02-21 05:00:00,0.000800881
2026-02-21 06:00:00,-0.0004003603
2026-02-21 07:00:00,0.0010006004
2026-02-21 08:00:00,0.0031952099
2026-02-21 09:00:00,0.000996413
2026-02-21 10:00:00,-0.0029922225
2026-02-21 11:00:00,-0.0009994004
2026-02-21 12:00:00,0.0007996002
2026-02-21 13:00:00,0.0036898571
2026-02-21 14:00:00,-9.95471e-05
2026-02-21 15:00:00,-0.0043899103
2026-02-21 16:00:00,-0.0040076198
2026-02-21 17:00:00,-0.0022110562
2026-02-21 18:00:00,0.0041166783
2026-02-21 19:00:00,-0.0036137361
2026-02-21 20:00:00,-0.0058497393
2026-02-21 21:00:00,0.0048436018
2026-02-21 22:00:00,-0.0026207051
2026-02-21 23:00:00,-0.0063787995
2026-02-22 00:00:00,-0.00641975
2026-02-22 01:00:00,0.0029602431
2026-02-22 02:00:00,-0.0088043157
2026-02-22 03:00:00,0.0017465459
2026-02-22 04:00:00,-0.0006160797
2026-02-22 05:00:00,-0.003910677
2026-02-22 06:00:00,0.0024716799
2026-02-22 07:00:00,0.0005141653
2026-02-22 08:00:00,-0.0016462603
2026-02-22 09:00:00,0.0016462603
2026-02-22 10:00:00,0.0011302339
2026-02-22 11:00:00,-0.0005135843
2026-02-22 12:00:00,-0.0078391325
2026-02-22 13:00:00,-0.0046707231
2026-02-22 14:00:00,-0.0031259794
2026-02-22 15:00:00,-0.0008352475
2026-02-22 16:00:00,0.0010439504
2026-02-22 17:00:00,-0.0095403565
2026-02-22 18:00:00,0.0030502259
2026-02-22 19:00:00,-0.0017869348
2026-02-22 20:00:00,-0.003161225
2026-02-22 21:00:00,0.0066270689
2026-02-22 22:00:00,0.0040805707
2026-02-22 23:00:00,-0.0025091493
2026-02-23 00:00:00,-0.0114756221
2026-02-23 01:00:00,-0.025089769
2026-02-23 02:00:00,0.0054141984
2026-02-23 03:00:00,0.0012950574
2026-02-23 04:00:00,-0.0033490011
2026-02-23 05:00:00,0.0038881138
2026-02-23 06:00:00,0.0195341644
2026-02-23 07:00:00,0.0032715981
2026-02-23 08:00:00,-0.0014761707
2026-02-23 09:00:00,0.0187116733
2026-02-23 10:00:00,-0.0029039639
2026-02-23 11:00:00,0.0046629793
2026-02-23 12:00:00,0.0043325836
2026-02-23 13:00:00,-0.0035058811
2026-02-23 14:00:00,-0.0064248926
2026-02-23 15:00:00,-0.0129749649
2026-02-23 16:00:00,-0.0047506028
2026-02-23 17:00:00,-0.0072217816
2026-02-23 18:00:00,-0.0044867077
2026-02-23 19:00:00,-0.0047220521
2026-02-23 20:00:00,0.0025784286
2026-02-23 21:00:00,0.0011795616
2026-02-23 22:00:00,-0.0030052615
2026-02-23 23:00:00,-0.0044169207
2026-02-24 00:00:00,0.0061353187
2026-02-24 01:00:00,-0.004948375
2026-02-24 02:00:00,-0.0017269297
2026-02-24 03:00:00,-0.0056332074
2026-02-24 04:00:00,-0.006977026
2026-02-24 05:00:00,-0.0021903415
2026-02-24 06:00:00,-0.0027446907
2026-02-24 07:00:00,0.0025253925
2026-02-24 08:00:00,0.0040492531
2026-02-24 09:00:00,-0.0040492531
2026-02-24 10:00:00,0.0023002365
2026-02-24 11:00:00,-0.001532903
2026-02-24 12:00:00,-0.0016450078
2026-02-24 13:00:00,-0.003298156
2026-02-24 14:00:00,0.0060383342
2026-02-24 15:00:00,0.0043687269
2026-02-24 16:00:00,0.0034812916
2026-02-24 17:00:00,-0.0051173284
2026-02-24 18:00:00,0.0058772481
2026-02-24 19:00:00,-0.0013030733
2026-02-24 20:00:00,0.0018455197
2026-02-24 21:00:00,-0.0038033189
2026-02-24 22:00:00,0.002175096
2026-02-24 23:00:00,-0.0071958444
2026-02-25 00:00:00,-0.0024101677
2026-02-25 01:00:00,0.0293979887
2026-02-25 02:00:00,-0.0035209426
2026-02-25 03:00:00,-0.0086952402
2026-02-25 04:00:00,-0.0014026004
2026-02-25 05:00:00,-0.0066078343
2026-02-25 06:00:00,0.0021713178
2026-02-25 07:00:00,0.0059469278
2026-02-25 08:00:00,0.0078389663
2026-02-25 09:00:00,0.0002139037
2026-02-25 10:00:00,0.0013892602
2026-02-25 11:00:00,0.0043689131
2026-02-25 12:00:00,0.0176007073
2026-02-25 13:00:00,0.0133868029
2026-02-25 14:00:00,0.0390184931
2026-02-25 15:00:00,0.0074078071
2026-02-25 16:00:00,0.010474375
2026-02-25 17:00:00,0.0016540991
2026-02-25 18:00:00,0.0071684895
2026-02-25 19:00:00,0.0045264198
2026-02-25 20:00:00,-0.0002883091
2026-02-25 21:00:00,0.0123228383
2026-02-25 22:00:00,-0.0225634842
2026-02-25 23:00:00,-0.0201075874
2026-02-26 00:00:00,-0.0041699822
2026-02-26 01:00:00,0.0008950326
2026-02-26 02:00:00,0.0075262783
2026-02-26 03:00:00,-0.0051434337
2026-02-26 04:00:00,0.0034648354
2026-02-26 05:00:00,-0.0083358625
2026-02-26 06:00:00,-0.0032939093
2026-02-26 07:00:00,-0.0046096885
2026-02-26 08:00:00,0.0005020837
2026-02-26 09:00:00,0.0062049839
2026-02-26 10:00:00,-0.0125497355
2026-02-26 11:00:00,-0.0050643276
2026-02-26 12:00:00,0.0084934788
2026-02-26 13:00:00,-0.0032271105
2026-02-26 14:00:00,-0.0009095044
2026-02-26 15:00:00,-0.002936265
2026-02-26 16:00:00,-0.0299512946
2026-02-26 17:00:00,0.0011486452
2026-02-26 18:00:00,0.0025015648
2026-02-26 19:00:00,0.0149819406
2026-02-26 20:00:00,-0.0075145755
2026-02-26 21:00:00,-0.0006201551
2026-02-26 22:00:00,0.0023751754
2026-02-26 23:00:00,0.00030939
2026-02-27 00:00:00,-0.0035120375
2026-02-27 01:00:00,0.0048516224
2026-02-27 02:00:00,0.001132095
2026-02-27 03:00:00,0.0032860987
2026-02-27 04:00:00,0.0091846752
2026-02-27 05:00:00,0.0011168081
2026-02-27 06:00:00,0.0032418223
2026-02-27 07:00:00,-0.0041554816
2026-02-27 08:00:00,-0.0021351236
2026-02-27 09:00:00,-0.0080732133
2026-02-27 10:00:00,-0.0145731482
2026-02-27 11:00:00,-0.011307837
2026-02-27 12:00:00,0.002313842
2026-02-27 13:00:00,-0.0043164777
2026-02-27 14:00:00,-0.0092215397
2026-02-27 15:00:00,0.0014896789
2026-02-27 16:00:00,-0.004155352
2026-02-27 17:00:00,0.0011737717
2026-02-27 18:00:00,-0.0035254564
2026-02-27 19:00:00,-0.0045049953
2026-02-27 20:00:00,0.0020404883
2026-02-27 21:00:00,-0.0010734222
2026-02-27 22:00:00,0.0001073941
2026-02-27 23:00:00,0.0027882056
2026-02-28 00:00:00,0.0012842468
2026-02-28 01:00:00,-0.0014984483
2026-02-28 02:00:00,0.0040620045
2026-02-28 03:00:00,-0.0059918861
2026-02-28 04:00:00,-0.0006441224
2026-02-28 05:00:00,-0.0064641466
2026-02-28 06:00:00,-0.041601409
2026-02-28 07:00:00,0.0067378132
2026-02-28 08:00:00,-0.0083165235
2026-02-28 09:00:00,-0.0020334395
2026-02-28 10:00:00,0.0012431487
2026-02-28 11:00:00,0.0024816708
2026-02-28 12:00:00,0.000900901
2026-02-28 13:00:00,0.0299390362
2026-02-28 14:00:00,-0.0138600833
2026-02-28 15:00:00,0.0051925212
2026-02-28 16:00:00,0.001651528
2026-02-28 17:00:00,0.0025270573
2026-02-28 18:00:00,0.0111306256
2026-02-28 19:00:00,0.0076752985
2026-02-28 20:00:00,0.0157062901
2026-02-28 21:00:00,-0.0051015096
2026-02-28 22:00:00,0.0009585176
2026-02-28 23:00:00,0.0014892036
2026-03-01 00:00:00,-0.0012763244
2026-03-01 01:00:00,0.0159429022
2026-03-01 02:00:00,0.0164142476
2026-03-01 03:00:00,-0.0097329408
2026-03-01 04:00:00,0.001663375
2026-03-01 05:00:00,-0.0032253058
2026-03-01 06:00:00,-0.0122675195
2026-03-01 07:00:00,0.0009490168
2026-03-01 08:00:00,-0.0133688994
2026-03-01 09:00:00,-0.0020315431
2026-03-01 10:00:00,0.0028856964
2026-03-01 11:00:00,-0.0017090369
2026-03-01 12:00:00,-0.0064350286
2026-03-01 13:00:00,0.0153750626
2026-03-01 14:00:00,-0.0030774153
2026-03-01 15:00:00,-0.0027671367
2026-03-01 16:00:00,-0.0094229201
2026-03-01 17:00:00,-0.0071259209
2026-03-01 18:00:00,0.005295306
2026-03-01 19:00:00,-0.0114906413
2026-03-01 20:00:00,-0.0086504783
2026-03-01 21:00:00,0.0121332854
2026-03-01 22:00:00,-0.0020664535
2026-03-01 23:00:00,0.0004353979
2026-03-02 00:00:00,0.0125447736
2026-03-02 01:00:00,0.0028974641
2026-03-02 02:00:00,-0.0068817476
2026-03-02 03:00:00,0.0063458132
2026-03-02 04:00:00,-0.0019317456
2026-03-02 05:00:00,-0.0007522433
2026-03-02 06:00:00,-0.0105912586
2026-03-02 07:00:00,-0.0037008859
2026-03-02 08:00:00,0.0074963684
2026-03-02 09:00:00,-0.00368684
2026-03-02 10:00:00,-0.0017396982
2026-03-02 11:00:00,-0.0007620707
2026-03-02 12:00:00,-0.0041471193
2026-03-02 13:00:00,-0.0051532377
2026-03-02 14:00:00,0.0275386006
2026-03-02 15:00:00,0.0227318558
2026-03-02 16:00:00,0.0063565055
2026-03-02 17:00:00,-0.0091829926
2026-03-02 18:00:00,0.000628799
2026-03-02 19:00:00,0.0010471205
2026-03-02 20:00:00,-0.0092525105
2026-03-02 21:00:00,-0.0060391135
2026-03-02 22:00:00,0.0070948569
2026-03-02 23:00:00,-0.013170663
2026-03-03 00:00:00,0.0003207013
2026-03-03 01:00:00,-0.0071869443
2026-03-03 02:00:00,-0.0028029341
2026-03-03 03:00:00,-0.0006479482
2026-03-03 04:00:00,-0.0096608621
2026-03-03 05:00:00,-0.0002181739
2026-03-03 06:00:00,-0.0002182215
2026-03-03 07:00:00,-0.0030601117
2026-03-03 08:00:00,-0.0156649646
2026-03-03 09:00:00,-0.0026720123
2026-03-03 10:00:00,0.0015595414
2026-03-03 11:00:00,0.0025568354
2026-03-03 12:00:00,0.0036571216
2026-03-03 13:00:00,-0.006213957
2026-03-03 14:00:00,-0.0056929327
2026-03-03 15:00:00,0.01013541
2026-03-03 16:00:00,0.0097045314
2026-03-03 17:00:00,-0.0107023695
2026-03-03 18:00:00,-0.0040013391
2026-03-03 19:00:00,-0.0041292397
2026-03-03 20:00:00,-0.0036972761
2026-03-03 21:00:00,0.0034735874
2026-03-03 22:00:00,0.008797874
2026-03-03 23:00:00,-0.0023311328
2026-03-04 00:00:00,-0.0014458102
2026-03-04 01:00:00,0.0002225684
2026-03-04 02:00:00,0.0001112656
2026-03-04 03:00:00,-0.0055785038
2026-03-04 04:00:00,-0.0005595658
2026-03-04 05:00:00,-0.0005598791
2026-03-04 06:00:00,-0.0007843577
2026-03-04 07:00:00,0.0104818087
2026-03-04 08:00:00,0.0232441119
2026-03-04 09:00:00,0.0030299774
2026-03-04 10:00:00,0.0049579752
2026-03-04 11:00:00,-0.007771221
2026-03-04 12:00:00,0.0018403253
2026-03-04 13:00:00,0.0176881923
2026-03-04 14:00:00,0.0106749415
2026-03-04 15:00:00,0.0401825976
2026-03-04 16:00:00,0.0064425429
2026-03-04 17:00:00,0.0209509724
2026-03-04 18:00:00,0.0039227274
2026-03-04 19:00:00,0.0061472604
2026-03-04 20:00:00,-0.0044847496
2026-03-04 21:00:00,-0.0009776127
2026-03-04 22:00:00,-0.0299833838
2026-03-04 23:00:00,-0.0023207719
2026-03-05 00:00:00,-0.0077071672
2026-03-05 01:00:00,-0.0137353533
2026-03-05 02:00:00,-0.0049663837
2026-03-05 03:00:00,-0.0020766283
2026-03-05 04:00:00,0.0061136919
2026-03-05 05:00:00,-0.0071536254
2026-03-05 06:00:00,0.004360472
2026-03-05 07:00:00,-0.0086355424
2026-03-05 08:00:00,0.0005223296
2026-03-05 09:00:00,0.0055199849
2026-03-05 10:00:00,0.0153571686
2026-03-05 11:00:00,-0.0187905591
2026-03-05 12:00:00,0.0036410964
2026-03-05 13:00:00,-0.0119086334
2026-03-05 14:00:00,0.0029380924
2026-03-05 15:00:00,-0.0121226383
2026-03-05 16:00:00,-0.0040382627
2026-03-05 17:00:00,-0.0086626925
2026-03-05 18:00:00,0.0071707911
2026-03-05 19:00:00,0.0014919014
2026-03-05 20:00:00,0.0049923095
2026-03-05 21:00:00,-0.0048858302
2026-03-05 22:00:00,-0.0009587218
2026-03-05 23:00:00,-0.0024542508
2026-03-06 00:00:00,0.0011745237
2026-03-06 01:00:00,0.0037279694
2026-03-06 02:00:00,-0.0053299348
2026-03-06 03:00:00,0.0036274445
2026-03-06 04:00:00,-0.0049108671
2026-03-06 05:00:00,0.0024584481
2026-03-06 06:00:00,-0.002886622
2026-03-06 07:00:00,0.0065098144
2026-03-06 08:00:00,-0.0082243454
2026-03-06 09:00:00,-0.0001072559
2026-03-06 10:00:00,0.0029988241
2026-03-06 11:00:00,-0.0045016153
2026-03-06 12:00:00,-0.0001074287
2026-03-06 13:00:00,-0.0162464312
2026-03-06 14:00:00,-0.0134112156
2026-03-06 15:00:00,-0.0009965123
2026-03-06 16:00:00,0.0060743464
2026-03-06 17:00:00,-0.0058528134
2026-03-06 18:00:00,0.0040895332
2026-03-06 19:00:00,0.0022036148
2026-03-06 20:00:00,0.0024183809
2026-03-06 21:00:00,0.0004390779
2026-03-06 22:00:00,0.0016448274
2026-03-06 23:00:00,0.000219106
2026-03-07 00:00:00,0.0010948107
2026-03-07 01:00:00,0.0015307241
2026-03-07 02:00:00,0.0008736486
2026-03-07 03:00:00,-0.0058021948
2026-03-07 04:00:00,-0.0024183809
2026-03-07 05:00:00,-0.0016522557
2026-03-07 06:00:00,-0.0012133916
2026-03-07 07:00:00,-0.0002207749
2026-03-07 08:00:00,-0.0016573674
2026-03-07 09:00:00,-0.0005530668
2026-03-07 10:00:00,0.0
2026-03-07 11:00:00,0.0022104341
2026-03-07 12:00:00,-0.0022104341
2026-03-07 13:00:00,-0.0014394068
2026-03-07 14:00:00,-0.0016634326
2026-03-07 15:00:00,-0.0007772165
2026-03-07 16:00:00,0.0015538294
2026-03-07 17:00:00,0.0034320543
2026-03-07 18:00:00,-0.0035429621
2026-03-07 19:00:00,-0.0060073604
2026-03-07 20:00:00,0.0052306613
2026-03-07 21:00:00,-0.0009995003
2026-03-07 22:00:00,-0.0032274248
2026-03-07 23:00:00,0.0024493444
2026-03-08 00:00:00,-0.0001112038
2026-03-08 01:00:00,0.0007781669
2026-03-08 02:00:00,-0.0080330679
2026-03-08 03:00:00,0.0011195702
2026-03-08 04:00:00,-0.00437343
2026-03-08 05:00:00,0.0044853181
2026-03-08 06:00:00,-0.0028009654
2026-03-08 07:00:00,0.0016815205
2026-03-08 08:00:00,0.0010075568
2026-03-08 09:00:00,0.0063577259
2026-03-08 10:00:00,0.0066489607
2026-03-08 11:00:00,-0.0131185872
2026-03-08 12:00:00,-0.0044863243
2026-03-08 13:00:00,-0.002814208
2026-03-08 14:00:00,0.0047233556
2026-03-08 15:00:00,-0.0047233556
2026-03-08 16:00:00,-0.0018052583
2026-03-08 17:00:00,0.0003387343
2026-03-08 18:00:00,-0.0006775833
2026-03-08 19:00:00,0.0082129055
2026-03-08 20:00:00,0.0045833181
2026-03-08 21:00:00,-0.0022331407
2026-03-08 22:00:00,-0.0003354016
2026-03-08 23:00:00,-0.0032480288
2026-03-09 00:00:00,0.0074881602
2026-03-09 01:00:00,-0.0047993842
2026-03-09 02:00:00,0.004576667
2026-03-09 03:00:00,0.0066600313
2026-03-09 04:00:00,-0.0003319502
2026-03-09 05:00:00,0.0119906832
2026-03-09 06:00:00,-0.0115481074
2026-03-09 07:00:00,-0.0048791403
2026-03-09 08:00:00,0.0056531769
2026-03-09 09:00:00,-0.0014379738
2026-03-09 10:00:00,-0.0026601656
2026-03-09 11:00:00,0.0027708524
2026-03-09 12:00:00,0.0057388967
2026-03-09 13:00:00,0.0114887198
2026-03-09 14:00:00,-0.0037057263
2026-03-09 15:00:00,-0.0051453395
2026-03-09 16:00:00,0.0008776742
2026-03-09 17:00:00,0.002519031
2026-03-09 18:00:00,-0.0060343592
2026-03-09 19:00:00,0.0041730788
2026-03-09 20:00:00,0.0009858153
2026-03-09 21:00:00,0.0019687199
2026-03-09 22:00:00,-0.008889923
2026-03-09 23:00:00,-0.0020967839
2026-03-10 00:00:00,0.006277208
2026-03-10 01:00:00,-0.0001097876
2026-03-10 02:00:00,0.0102677035
2026-03-10 03:00:00,-0.0089510476
2026-03-10 04:00:00,0.0074284807
2026-03-10 05:00:00,-0.0008710802
2026-03-10 06:00:00,-0.0013080447
2026-03-10 07:00:00,0.0070648628
2026-03-10 08:00:00,0.0130200365
2026-03-10 09:00:00,0.0184307727
2026-03-10 10:00:00,0.0022016049
2026-03-10 11:00:00,-0.0105275212
2026-03-10 12:00:00,0.0052776141
2026-03-10 13:00:00,0.0117217459
2026-03-10 14:00:00,0.0331556002
2026-03-10 15:00:00,-0.0016117662
2026-03-10 16:00:00,0.0066318571
2026-03-10 17:00:00,-0.0162555955
2026-03-10 18:00:00,-0.0297542611
2026-03-10 19:00:00,-0.006311824
2026-03-10 20:00:00,0.002003058
2026-03-10 21:00:00,-0.0057034375
2026-03-10 22:00:00,-0.0007417219
2026-03-10 23:00:00,0.0025407594
2026-03-11 00:00:00,-0.0005287928
2026-03-11 01:00:00,-0.0095663995
2026-03-11 02:00:00,-0.0070739845
2026-03-11 03:00:00,-0.0034479077
2026-03-11 04:00:00,0.0054894923
2026-03-11 05:00:00,-0.016123273
2026-03-11 06:00:00,0.0045711878
2026-03-11 07:00:00,-0.0016301694
2026-03-11 08:00:00,0.0017387529
2026-03-11 09:00:00,-0.0052253548
2026-03-11 10:00:00,0.0065274383
2026-03-11 11:00:00,-0.0024971513
2026-03-11 12:00:00,0.0057449619
2026-03-11 13:00:00,0.0064641466
2026-03-11 14:00:00,0.0035375499
2026-03-11 15:00:00,-0.0106504153
2026-03-11 16:00:00,0.0062533897
2026-03-11 17:00:00,0.0068552111
2026-03-11 18:00:00,0.0076563539
2026-03-11 19:00:00,-0.0058433101
2026-03-11 20:00:00,-0.0019197958
2026-03-11 21:00:00,0.0010670082
2026-03-11 22:00:00,-0.0026696583
2026-03-11 23:00:00,-0.0067593198
2026-03-12 00:00:00,-0.001400485
2026-03-12 01:00:00,-0.0047547096
2026-03-12 02:00:00,-0.0043421692
2026-03-12 03:00:00,0.0028245538
2026-03-12 04:00:00,-0.0017372426
2026-03-12 05:00:00,0.000325963
2026-03-12 06:00:00,0.0002172496
2026-03-12 07:00:00,0.0088668401
2026-03-12 08:00:00,0.0004305242
2026-03-12 09:00:00,0.0019350683
2026-03-12 10:00:00,0.013123688
2026-03-12 11:00:00,0.004125462
2026-03-12 12:00:00,0.0040033766
2026-03-12 13:00:00,-0.0019996849
2026-03-12 14:00:00,-0.0135767889
2026-03-12 15:00:00,0.004900404
2026-03-12 16:00:00,0.0069893327
2026-03-12 17:00:00,-0.0042301248
2026-03-12 18:00:00,-0.0053129442
2026-03-12 19:00:00,0.0064780134
2026-03-12 20:00:00,-0.0037117599
2026-03-12 21:00:00,0.0062490274
2026-03-12 22:00:00,-0.002854879
2026-03-12 23:00:00,0.002854879
2026-03-13 00:00:00,0.0225502822
2026-03-13 01:00:00,0.0023715019
2026-03-13 02:00:00,-0.0118099373
2026-03-13 03:00:00,0.0085089234
2026-03-13 04:00:00,-0.005907059
2026-03-13 05:00:00,0.0033205385
2026-03-13 06:00:00,0.0011388933
2026-03-13 07:00:00,-0.0013461043
2026-03-13 08:00:00,0.0085633745
2026-03-13 09:00:00,0.0128612572
2026-03-13 10:00:00,0.0042505883
2026-03-13 11:00:00,0.0103482111
2026-03-13 12:00:00,0.0062771092
2026-03-13 13:00:00,-0.002784963
2026-03-13 14:00:00,-0.0262376302
2026-03-13 15:00:00,0.0023489772
2026-03-13 16:00:00,-0.002246733
2026-03-13 17:00:00,-0.017741569
2026-03-13 18:00:00,-0.0021878427
2026-03-13 19:00:00,0.0014590935
2026-03-13 20:00:00,0.0056080737
2026-03-13 21:00:00,-0.0032156036
2026-03-13 22:00:00,-0.0029133305
2026-03-13 23:00:00,0.0005208605
2026-03-14 00:00:00,-0.0060587253
2026-03-14 01:00:00,0.0028250084
2026-03-14 02:00:00,0.0015660075
2026-03-14 03:00:00,0.0019800955
2026-03-14 04:00:00,-0.0031282612
2026-03-14 05:00:00,-0.0007313379
2026-03-14 06:00:00,-0.0093453717
2026-03-14 07:00:00,-0.0009499183
2026-03-14 08:00:00,-0.0024316764
2026-03-14 09:00:00,-0.0018011341
2026-03-14 10:00:00,0.0013776296
2026-03-14 11:00:00,0.0087511761
2026-03-14 12:00:00,-0.0032595581
2026-03-14 13:00:00,0.0036793734
2026-03-14 14:00:00,-0.0075837734
2026-03-14 15:00:00,0.0039044
2026-03-14 16:00:00,0.0040990125
2026-03-14 17:00:00,-0.0067354496
2026-03-14 18:00:00,0.0005278438
2026-03-14 19:00:00,0.0
2026-03-14 20:00:00,0.0010548524
2026-03-14 21:00:00,0.0021063726
2026-03-14 22:00:00,0.0009464221
2026-03-14 23:00:00,0.0092070121
2026-03-15 00:00:00,-0.0041744999
2026-03-15 01:00:00,-0.0002091831
2026-03-15 02:00:00,0.0141257023
2026-03-15 03:00:00,-0.0098461696
2026-03-15 04:00:00,-0.0004167101
2026-03-15 05:00:00,0.0017698198
2026-03-15 06:00:00,-0.0038559789
2026-03-15 07:00:00,-0.0019858904
2026-03-15 08:00:00,0.009268486
2026-03-15 09:00:00,-0.0018676079
2026-03-15 10:00:00,-0.0001038583
2026-03-15 11:00:00,0.0019714663
2026-03-15 12:00:00,0.0002072968
2026-03-15 13:00:00,-0.0120948195
2026-03-15 14:00:00,0.0032465861
2026-03-15 15:00:00,-0.0068195197
2026-03-15 16:00:00,-0.0026353254
2026-03-15 17:00:00,0.008618025
2026-03-15 18:00:00,-0.0079849132
2026-03-15 19:00:00,0.0044205945
2026-03-15 20:00:00,0.0015740598
2026-03-15 21:00:00,0.005333346
2026-03-15 22:00:00,0.0151125948
2026-03-15 23:00:00,0.0007188704
2026-03-16 00:00:00,0.0060386039
2026-03-16 01:00:00,-0.0036802331
2026-03-16 02:00:00,0.0045981791
2026-03-16 03:00:00,0.0189847164
2026-03-16 04:00:00,0.006679652
2026-03-16 05:00:00,0.0090014951
2026-03-16 06:00:00,0.0011809863
2026-03-16 07:00:00,0.0034365982
2026-03-16 08:00:00,-0.0165047973
2026-03-16 09:00:00,0.0073471339
2026-03-16 10:00:00,-0.0038654094
2026-03-16 11:00:00,-0.0072756587
2026-03-16 12:00:00,0.0012995453
2026-03-16 13:00:00,0.0041870264
2026-03-16 14:00:00,0.0248575947
2026-03-16 15:00:00,-0.0288448408
2026-03-16 16:00:00,0.0102350971
2026-03-16 17:00:00,0.0028629271
2026-03-16 18:00:00,0.0027564499
2026-03-16 19:00:00,0.0024547118
2026-03-16 20:00:00,-0.0042258429
2026-03-16 21:00:00,0.0046180382
2026-03-16 22:00:00,0.0115011014
2026-03-16 23:00:00,-0.000969556
2026-03-17 00:00:00,0.0005818464
2026-03-17 01:00:00,0.0009689923
2026-03-17 02:00:00,0.003384098
2026-03-17 03:00:00,-0.0228458633
2026-03-17 04:00:00,-0.0073347539
2026-03-17 05:00:00,-0.0054865717
2026-03-17 06:00:00,0.0012995453
2026-03-17 07:00:00,0.0047837444
2026-03-17 08:00:00,0.0023833179
2026-03-17 09:00:00,-0.000198393
2026-03-17 10:00:00,-0.0058703716
2026-03-17 11:00:00,-0.0002994161
2026-03-17 12:00:00,-0.0129604466
2026-03-17 13:00:00,0.0008086526
2026-03-17 14:00:00,0.0081509885
2026-03-17 15:00:00,-0.0007017896
2026-03-17 16:00:00,0.0017034926
2026-03-17 17:00:00,0.0076796867
2026-03-17 18:00:00,0.00337235
2026-03-17 19:00:00,-0.0069555129
2026-03-17 20:00:00,0.00298686
2026-03-17 21:00:00,0.0062435166
2026-03-17 22:00:00,-0.0028691585
2026-03-17 23:00:00,-0.0076582999
2026-03-18 00:00:00,-0.0002995656
2026-03-18 01:00:00,0.002593259
2026-03-18 02:00:00,0.0056617981
2026-03-18 03:00:00,0.0022755389
2026-03-18 04:00:00,-0.0097319537
2026-03-18 05:00:00,0.0009974068
2026-03-18 06:00:00,-0.0007978459
2026-03-18 07:00:00,-0.0064057871
2026-03-18 08:00:00,0.00200622
2026-03-18 09:00:00,0.001401963
2026-03-18 10:00:00,-0.007130334
2026-03-18 11:00:00,-0.0213922796
2026-03-18 12:00:00,-0.0114949746
2026-03-18 13:00:00,-0.0025028692
2026-03-18 14:00:00,-0.0127149299
2026-03-18 15:00:00,-0.0013757344
2026-03-18 16:00:00,-0.0052025387
2026-03-18 17:00:00,0.0048847926
2026-03-18 18:00:00,0.0012703792
2026-03-18 19:00:00,0.0009517264
2026-03-18 20:00:00,0.006006657
2026-03-18 21:00:00,0.0019942279
2026-03-18 22:00:00,-0.003887172
2026-03-18 23:00:00,0.00252313
2026-03-19 00:00:00,-0.0015762101
2026-03-19 01:00:00,-0.0020001059
2026-03-19 02:00:00,-0.0034834046
2026-03-19 03:00:00,0.0093670106
2026-03-19 04:00:00,-0.0066214967
2026-03-19 05:00:00,-0.0028512612
2026-03-19 06:00:00,0.0003172086
2026-03-19 07:00:00,-0.0012694384
2026-03-19 08:00:00,-0.0033930687
2026-03-19 09:00:00,0.0098293874
2026-03-19 10:00:00,-0.0090861692
2026-03-19 11:00:00,-0.002018593
2026-03-19 12:00:00,-0.016080964
2026-03-19 13:00:00,0.0085015309
2026-03-19 14:00:00,-0.0021454632
2026-03-19 15:00:00,-0.0024729866
2026-03-19 16:00:00,-0.0053972497
2026-03-19 17:00:00,0.0053972497
2026-03-19 18:00:00,-0.001077122
2026-03-19 19:00:00,0.0062312191
2026-03-19 20:00:00,0.0022465909
2026-03-19 21:00:00,0.0010680339
2026-03-19 22:00:00,-0.0038502721
2026-03-19 23:00:00,0.0020339353
2026-03-20 00:00:00,0.0046943434
2026-03-20 01:00:00,0.0034002795
2026-03-20 02:00:00,-0.0027618458
2026-03-20 03:00:00,0.0011694043
2026-03-20 04:00:00,0.0057209606
2026-03-20 05:00:00,0.0003168735
2026-03-20 06:00:00,-0.0029613983
2026-03-20 07:00:00,-0.0029701942
2026-03-20 08:00:00,0.0045577481
2026-03-20 09:00:00,-0.0070041674
2026-03-20 10:00:00,0.0053106869
2026-03-20 11:00:00,-0.0037145174
2026-03-20 12:00:00,-0.0024485028
2026-03-20 13:00:00,-0.0053436057
2026-03-20 14:00:00,0.00417046
2026-03-20 15:00:00,0.0053214259
2026-03-20 16:00:00,-0.0027636072
2026-03-20 17:00:00,0.0001064339
2026-03-20 18:00:00,-0.0042662181
2026-03-20 19:00:00,0.0012817776
2026-03-20 20:00:00,0.0001067407
2026-03-20 21:00:00,0.0048977951
2026-03-20 22:00:00,0.0021220167
2026-03-20 23:00:00,-0.0020158089
2026-03-21 00:00:00,0.0019098149
2026-03-21 01:00:00,-0.0036104956
2026-03-21 02:00:00,0.008052597
2026-03-21 03:00:00,-0.0003166394
2026-03-21 04:00:00,-0.0008448622
2026-03-21 05:00:00,0.0008448622
2026-03-21 06:00:00,-0.0009505202
2026-03-21 07:00:00,-0.0033869634
2026-03-21 08:00:00,0.0003180156
2026-03-21 09:00:00,-0.0006361323
2026-03-21 10:00:00,-0.0038253155
2026-03-21 11:00:00,0.0008513356
2026-03-21 12:00:00,-0.0006384337
2026-03-21 13:00:00,-0.0028780066
2026-03-21 14:00:00,0.0001067407
2026-03-21 15:00:00,0.0097717188
2026-03-21 16:00:00,-0.0034941006
2026-03-21 17:00:00,-0.0021235939
2026-03-21 18:00:00,-0.0003189284
2026-03-21 19:00:00,0.0001063208
2026-03-21 20:00:00,0.002654352
2026-03-21 21:00:00,-0.0015917656
2026-03-21 22:00:00,-0.0014879374
2026-03-21 23:00:00,-0.0285903286
2026-03-22 00:00:00,0.0002188663
2026-03-22 01:00:00,0.0
2026-03-22 02:00:00,0.0073044751
2026-03-22 03:00:00,0.0039028671
2026-03-22 04:00:00,0.0019457362
2026-03-22 05:00:00,-0.0048714575
2026-03-22 06:00:00,-0.0032608725
2026-03-22 07:00:00,-0.005677491
2026-03-22 08:00:00,-0.0013147805
2026-03-22 09:00:00,0.0004384523
2026-03-22 10:00:00,-0.0025237299
2026-03-22 11:00:00,0.0012077959
2026-03-22 12:00:00,0.0040519138
2026-03-22 13:00:00,-0.0013123361
2026-03-22 14:00:00,0.0001094271
2026-03-22 15:00:00,0.0024043727
2026-03-22 16:00:00,0.0005456431
2026-03-22 17:00:00,-0.0020750294
2026-03-22 18:00:00,-0.0075720526
2026-03-22 19:00:00,-0.0033101652
2026-03-22 20:00:00,-0.0022128799
2026-03-22 21:00:00,-0.0039955658
2026-03-22 22:00:00,0.0064294646
2026-03-22 23:00:00,-0.0049847791
2026-03-23 00:00:00,0.0037685702
2026-03-23 01:00:00,0.0013267
2026-03-23 02:00:00,0.0052892685
2026-03-23 03:00:00,-0.0041850281
2026-03-23 04:00:00,0.0042949243
2026-03-23 05:00:00,-0.0006595581
2026-03-23 06:00:00,-0.0062875945
2026-03-23 07:00:00,0.000553128
2026-03-23 08:00:00,-0.0055450957
2026-03-23 09:00:00,0.0001112038
2026-03-23 10:00:00,0.0007780804
2026-03-23 11:00:00,0.0269664482
2026-03-23 12:00:00,0.0089368024
2026-03-23 13:00:00,0.0097072606
2026-03-23 14:00:00,0.00761425
2026-03-23 15:00:00,-0.0121894561
2026-03-23 16:00:00,0.0019177504
2026-03-23 17:00:00,0.0104823873
2026-03-23 18:00:00,0.0055669489
2026-03-23 19:00:00,-0.0064099416
2026-03-23 20:00:00,0.0014747712
2026-03-23 21:00:00,-0.0007371137
2026-03-23 22:00:00,-0.0066585883
2026-03-23 23:00:00,-0.0013795301
2026-03-24 00:00:00,-0.0053236923
2026-03-24 01:00:00,-0.0053521858
2026-03-24 02:00:00,-0.0007515972
2026-03-24 03:00:00,0.0068508082
2026-03-24 04:00:00,-0.001494609
2026-03-24 05:00:00,-0.0005343308
2026-03-24 06:00:00,0.0021356121
2026-03-24 07:00:00,0.0151381708
2026-03-24 08:00:00,0.0001050586
2026-03-24 09:00:00,-0.0022085511
2026-03-24 10:00:00,-0.0083523243
2026-03-24 11:00:00,0.0005307011
2026-03-24 12:00:00,0.0011665519
2026-03-24 13:00:00,-0.0080877316
2026-03-24 14:00:00,-0.0023534457
2026-03-24 15:00:00,-0.0005356473
2026-03-24 16:00:00,-0.0007503886
2026-03-24 17:00:00,-0.0073189434
2026-03-24 18:00:00,0.0031278675
2026-03-24 19:00:00,0.0023663558
2026-03-24 20:00:00,0.0158809626
2026-03-24 21:00:00,-0.000634652
2026-03-24 22:00:00,0.0022195221
2026-03-24 23:00:00,0.0048446646
2026-03-25 00:00:00,-0.0018929441
2026-03-25 01:00:00,0.00094692
2026-03-25 02:00:00,-0.0041098114
2026-03-25 03:00:00,0.004530377
2026-03-25 04:00:00,0.0038818703
2026-03-25 05:00:00,0.0071991547
2026-03-25 06:00:00,0.0076636663
2026-03-25 07:00:00,-0.0019621011
2026-03-25 08:00:00,0.0021684143
2026-03-25 09:00:00,-0.0010319918
2026-03-25 10:00:00,0.0013413818
2026-03-25 11:00:00,-0.0002062494
2026-03-25 12:00:00,0.007910052
2026-03-25 13:00:00,-0.0046151561
2026-03-25 14:00:00,-0.0042235448
2026-03-25 15:00:00,-0.0096468774
2026-03-25 16:00:00,0.0079938137
2026-03-25 17:00:00,-0.0061193989
2026-03-25 18:00:00,-0.0003121586
2026-03-25 19:00:00,0.0031172095
2026-03-25 20:00:00,-0.0021810259
2026-03-25 21:00:00,-0.0001039771
2026-03-25 22:00:00,0.0022850031
2026-03-25 23:00:00,-0.0027010197
2026-03-26 00:00:00,-0.002708335
2026-03-26 01:00:00,-0.0018793073
2026-03-26 02:00:00,-0.0089225386
2026-03-26 03:00:00,-0.0025337851
2026-03-26 04:00:00,-0.0037066497
2026-03-26 05:00:00,-0.0165823538
2026-03-26 06:00:00,-0.0005395198
2026-03-26 07:00:00,0.0010787488
2026-03-26 08:00:00,-0.0052970234
2026-03-26 09:00:00,-0.007506971
2026-03-26 10:00:00,0.0019637798
2026-03-26 11:00:00,-0.0052453404
2026-03-26 12:00:00,0.0034999489
2026-03-26 13:00:00,0.0007639837
2026-03-26 14:00:00,-0.001200808
2026-03-26 15:00:00,-0.0071252699
2026-03-26 16:00:00,0.000879701
2026-03-26 17:00:00,-0.0015399849
2026-03-26 18:00:00,0.0015399849
2026-03-26 19:00:00,0.0005494204
2026-03-26 20:00:00,0.0072241995
2026-03-26 21:00:00,0.0074971829
2026-03-26 22:00:00,-0.0037958942
2026-03-26 23:00:00,-0.0004347354
2026-03-27 00:00:00,0.0001087016
2026-03-27 01:00:00,0.0043384016
2026-03-27 02:00:00,-0.0014079171
2026-03-27 03:00:00,-0.0041268521
2026-03-27 04:00:00,0.0001088198
2026-03-27 05:00:00,-0.0010887317
2026-03-27 06:00:00,0.0006533813
2026-03-27 07:00:00,0.0033690191
2026-03-27 08:00:00,-0.0043492512
2026-03-27 09:00:00,-0.0082061842
2026-03-27 10:00:00,-0.015835556
2026-03-27 11:00:00,0.0053434392
2026-03-27 12:00:00,0.0007768715
2026-03-27 13:00:00,-0.0035563496
2026-03-27 14:00:00,0.0007790329
2026-03-27 15:00:00,0.0045507598
2026-03-27 16:00:00,-0.0029945123
2026-03-27 17:00:00,-0.0032263476
2026-03-27 18:00:00,0.0021149894
2026-03-27 19:00:00,0.0008891853
2026-03-27 20:00:00,-0.0001111049
2026-03-27 21:00:00,-0.001334223
2026-03-27 22:00:00,0.000667334
2026-03-27 23:00:00,0.0011112347
2026-03-28 00:00:00,0.0019971159
2026-03-28 01:00:00,0.0011077879
2026-03-28 02:00:00,-0.0023277736
2026-03-28 03:00:00,-0.0032234786
2026-03-28 04:00:00,0.0010015023
2026-03-28 05:00:00,0.0038852244
2026-03-28 06:00:00,0.0002215576
2026-03-28 07:00:00,0.0093711066
2026-03-28 08:00:00,-0.0021970788
2026-03-28 09:00:00,0.0001099687
2026-03-28 10:00:00,0.0015382928
2026-03-28 11:00:00,0.0021934644
2026-03-28 12:00:00,0.0003286051
2026-03-28 13:00:00,0.0143527526
2026-03-28 14:00:00,0.0095622539
2026-03-28 15:00:00,0.0045874087
2026-03-28 16:00:00,-0.0114543885
2026-03-28 17:00:00,-0.0045322188
2026-03-28 18:00:00,0.0010809643
2026-03-28 19:00:00,-0.0040054181
2026-03-28 20:00:00,0.0
2026-03-28 21:00:00,-0.0048931756
2026-03-28 22:00:00,-0.0015272175
2026-03-28 23:00:00,-0.0074512727
2026-03-29 00:00:00,-0.0014308516
2026-03-29 01:00:00,0.0025301152
2026-03-29 02:00:00,0.0014272385
2026-03-29 03:00:00,0.0024106959
2026-03-29 04:00:00,-0.0040576905
2026-03-29 05:00:00,-0.0002198044
2026-03-29 06:00:00,0.0036206085
2026-03-29 07:00:00,-0.0023025064
2026-03-29 08:00:00,-0.0001097755
2026-03-29 09:00:00,-0.0023080738
2026-03-29 10:00:00,-0.0036377706
2026-03-29 11:00:00,0.0038578169
2026-03-29 12:00:00,-0.0005502063
2026-03-29 13:00:00,-0.0066261976
2026-03-29 14:00:00,0.0008860339
2026-03-29 15:00:00,-0.0026604605
2026-03-29 16:00:00,0.0003329449
2026-03-29 17:00:00,0.0022168043
2026-03-29 18:00:00,0.0027641125
2026-03-29 19:00:00,-0.0003312904
2026-03-29 20:00:00,0.0042982377
2026-03-29 21:00:00,0.0037321668
2026-03-29 22:00:00,-0.0154579649
2026-03-29 23:00:00,0.0055481722
2026-03-30 00:00:00,0.0095810435
2026-03-30 01:00:00,0.0026269717
2026-03-30 02:00:00,0.0101148287
2026-03-30 03:00:00,-0.0006494913
2026-03-30 04:00:00,0.0056149591
2026-03-30 05:00:00,0.0006458558
2026-03-30 06:00:00,-0.0040974825
2026-03-30 07:00:00,0.0074277751
2026-03-30 08:00:00,-0.0012878302
2026-03-30 09:00:00,-0.004304785
2026-03-30 10:00:00,-0.0009711358
2026-03-30 11:00:00,0.0019413293
2026-03-30 12:00:00,0.0006462732
2026-03-30 13:00:00,-0.0009695665
2026-03-30 14:00:00,0.0018306148
2026-03-30 15:00:00,-0.0016150744
2026-03-30 16:00:00,-0.0014018442
2026-03-30 17:00:00,-0.0119410885
2026-03-30 18:00:00,-0.0069037587
2026-03-30 19:00:00,-0.0007700347
2026-03-30 20:00:00,0.0
2026-03-30 21:00:00,0.0036249834
2026-03-30 22:00:00,-0.0020855065
2026-03-30 23:00:00,-0.0030813274
2026-03-31 00:00:00,0.0034109072
2026-03-31 01:00:00,0.0124442169
2026-03-31 02:00:00,-0.0009768276
2026-03-31 03:00:00,-0.0053350881
2026-03-31 04:00:00,-0.0031709611
2026-03-31 05:00:00,0.000109511
2026-03-31 06:00:00,0.0041525576
2026-03-31 07:00:00,-0.0049193868
2026-03-31 08:00:00,-0.0059353878
2026-03-31 09:00:00,-0.0120890953
2026-03-31 10:00:00,0.003564272
2026-03-31 11:00:00,0.003662398
2026-03-31 12:00:00,-0.0003323916
2026-03-31 13:00:00,0.009375241
2026-03-31 14:00:00,-0.0078250248
2026-03-31 15:00:00,-0.0006640841
2026-03-31 16:00:00,0.0117771434
2026-03-31 17:00:00,0.0003282096
2026-03-31 18:00:00,0.0084958577
2026-03-31 19:00:00,-0.0015195922
2026-03-31 20:00:00,0.0059565888
2026-03-31 21:00:00,-0.0028114205
2026-03-31 22:00:00,-0.0065182197
2026-03-31 23:00:00,0.005326389
2026-04-01 00:00:00,0.0028147686
2026-04-01 01:00:00,-0.0080321717
2026-04-01 02:00:00,-0.0007631508
2026-04-01 03:00:00,0.0077136566
2026-04-01 04:00:00,-0.0015163005
2026-04-01 05:00:00,0.0099224283
2026-04-01 06:00:00,0.0108870752
2026-04-01 07:00:00,-0.0107797618
2026-04-01 08:00:00,-0.0082970144
2026-04-01 09:00:00,-0.0004329004
2026-04-01 10:00:00,0.0004329004
2026-04-01 11:00:00,0.0005408621
2026-04-01 12:00:00,0.0005405698
2026-04-01 13:00:00,-0.0018391307
2026-04-01 14:00:00,0.004968686
2026-04-01 15:00:00,0.0024751156
2026-04-01 16:00:00,0.0039688977
2026-04-01 17:00:00,-0.0067673066
2026-04-01 18:00:00,-0.0038876939
2026-04-01 19:00:00,0.0039954699
2026-04-01 20:00:00,-0.0018337743
2026-04-01 21:00:00,0.0061353187
2026-04-01 22:00:00,-0.0085134411
2026-04-01 23:00:00,-0.0030349037
2026-04-02 00:00:00,0.0041165696
2026-04-02 01:00:00,-0.0210856121
2026-04-02 02:00:00,-0.0046480827
2026-04-02 03:00:00,-0.000554785
2026-04-02 04:00:00,-0.0037807228
2026-04-02 05:00:00,0.0035587226
2026-04-02 06:00:00,-0.0006662965
2026-04-02 07:00:00,0.0024409199
2026-04-02 08:00:00,-0.0015526231
2026-04-02 09:00:00,0.0016634326
2026-04-02 10:00:00,-0.0041081499
2026-04-02 11:00:00,0.0008896798
2026-04-02 12:00:00,-0.006356308
2026-04-02 13:00:00,0.0040192083
2026-04-02 14:00:00,0.0095365549
2026-04-02 15:00:00,-0.0030949511
2026-04-02 16:00:00,-0.0016619582
2026-04-02 17:00:00,-0.0046682312
2026-04-02 18:00:00,0.0046682312
2026-04-02 19:00:00,0.0006651148
2026-04-02 20:00:00,0.0040917945
2026-04-02 21:00:00,-0.0014357504
2026-04-02 22:00:00,-0.0006633499
2026-04-02 23:00:00,-0.0003318401
2026-04-03 00:00:00,-0.0015500446
2026-04-03 01:00:00,0.0004431151
2026-04-03 02:00:00,0.0009962917
2026-04-03 03:00:00,0.0027622801
2026-04-03 04:00:00,0.0001103327
2026-04-03 05:00:00,0.0053914418
2026-04-03 06:00:00,0.0004388371
2026-04-03 07:00:00,0.0001096792
2026-04-03 08:00:00,0.0025193069
2026-04-03 09:00:00,-0.0003282455
2026-04-03 10:00:00,0.0003282455
2026-04-03 11:00:00,0.0005468366
2026-04-03 12:00:00,-0.0024083208
2026-04-03 13:00:00,0.0018614842
2026-04-03 14:00:00,0.000656168
2026-04-03 15:00:00,0.000218627
2026-04-03 16:00:00,0.0055589004
2026-04-03 17:00:00,0.0004346881
2026-04-03 18:00:00,-0.0029378183
2026-04-03 19:00:00,-0.0002179599
2026-04-03 20:00:00,0.0020687034
2026-04-03 21:00:00,0.0019558846
2026-04-03 22:00:00,-0.0054424865
2026-04-03 23:00:00,-0.0009828011
2026-04-04 00:00:00,-0.0016401513
2026-04-04 01:00:00,-0.0018620959
2026-04-04 02:00:00,-0.0024149298
2026-04-04 03:00:00,0.002743787
2026-04-04 04:00:00,0.0012048854
2026-04-04 05:00:00,-0.002301497
2026-04-04 06:00:00,0.0032862337
2026-04-04 07:00:00,-0.0012036988
2026-04-04 08:00:00,-0.0031803503
2026-04-04 09:00:00,-0.001099022
2026-04-04 10:00:00,0.0008793142
2026-04-04 11:00:00,0.0014272385
2026-04-04 12:00:00,-0.0023065527
2026-04-04 13:00:00,0.0007694422
2026-04-04 14:00:00,0.0007688506
2026-04-04 15:00:00,0.0073292457
2026-04-04 16:00:00,0.0006537372
2026-04-04 17:00:00,0.0046726518
2026-04-04 18:00:00,-0.0001084187
2026-04-04 19:00:00,0.0002168257
2026-04-04 20:00:00,-0.0026050161
2026-04-04 21:00:00,0.0006518905
2026-04-04 22:00:00,-0.0001086189
2026-04-04 23:00:00,-0.0003259275
2026-04-05 00:00:00,-0.0031561217
2026-04-05 01:00:00,-0.0024009615
2026-04-05 02:00:00,-0.0002185554
2026-04-05 03:00:00,-0.0014217753
2026-04-05 04:00:00,-0.0025204112
2026-04-05 05:00:00,-0.0056115018
2026-04-05 06:00:00,-0.0032049538
2026-04-05 07:00:00,-0.0028821658
2026-04-05 08:00:00,0.00199623
2026-04-05 09:00:00,0.0014392474
2026-04-05 10:00:00,-0.0012176899
2026-04-05 11:00:00,0.001107052
2026-04-05 12:00:00,-0.0042133337
2026-04-05 13:00:00,0.0036599608
2026-04-05 14:00:00,-0.0005536792
2026-04-05 15:00:00,0.0043105897
2026-04-05 16:00:00,-0.0043105897
2026-04-05 17:00:00,0.0028757901
2026-04-05 18:00:00,-0.0001104545
2026-04-05 19:00:00,-0.0003314368
2026-04-05 20:00:00,0.001545766
2026-04-05 21:00:00,-0.0009934324
2026-04-05 22:00:00,0.009233879
2026-04-05 23:00:00,0.0102330525
2026-04-06 00:00:00,0.0034598369
2026-04-06 01:00:00,-0.00356815
2026-04-06 02:00:00,0.0055090607
2026-04-06 03:00:00,-0.0060508018
2026-04-06 04:00:00,0.0034620829
2026-04-06 05:00:00,-0.0015131866
2026-04-06 06:00:00,-0.0033587983
2026-04-06 07:00:00,-0.0007600022
2026-04-06 08:00:00,0.0009770396
2026-04-06 09:00:00,0.0085355172
2026-04-06 10:00:00,0.001505053
2026-04-06 11:00:00,-0.0008597529
2026-04-06 12:00:00,-0.0063636088
2026-04-06 13:00:00,-0.0010826027
2026-04-06 14:00:00,0.0052935898
2026-04-06 15:00:00,0.0
2026-04-06 16:00:00,-0.0051852768
2026-04-06 17:00:00,-0.0040154159
2026-04-06 18:00:00,0.0026064307
2026-04-06 19:00:00,-0.0034767527
2026-04-06 20:00:00,0.0
2026-04-06 21:00:00,-0.0045816596
2026-04-06 22:00:00,-0.0108834142
2026-04-06 23:00:00,0.0013255276
2026-04-07 00:00:00,0.0014340083
2026-04-07 01:00:00,-0.0032017692
2026-04-07 02:00:00,0.0012156713
2026-04-07 03:00:00,-0.0002209212
2026-04-07 04:00:00,0.0023172424
2026-04-07 05:00:00,-0.0023172424
2026-04-07 06:00:00,0.0018762767
2026-04-07 07:00:00,-0.0009928844
2026-04-07 08:00:00,0.0044052935
2026-04-07 09:00:00,0.0036198142
2026-04-07 10:00:00,-0.0086875787
2026-04-07 11:00:00,-0.0001104545
2026-04-07 12:00:00,0.0013246497
2026-04-07 13:00:00,-0.0022087254
2026-04-07 14:00:00,-0.0027677848
2026-04-07 15:00:00,0.0015509032
2026-04-07 16:00:00,0.002984252
2026-04-07 17:00:00,0.0121758758
2026-04-07 18:00:00,-0.0062339569
2026-04-07 19:00:00,0.0118873748
2026-04-07 20:00:00,-0.001410361
2026-04-07 21:00:00,0.0081094676
2026-04-07 22:00:00,0.0224680697
2026-04-07 23:00:00,-0.0005266207
2026-04-08 00:00:00,-0.0074019583
2026-04-08 01:00:00,0.002226346
2026-04-08 02:00:00,0.0020100509
2026-04-08 03:00:00,-0.0006343165
2026-04-08 04:00:00,-0.0002115283
2026-04-08 05:00:00,0.0036953006
2026-04-08 06:00:00,-0.003378025
2026-04-08 07:00:00,-0.0002115059
2026-04-08 08:00:00,0.0030624661
2026-04-08 09:00:00,-0.0007383577
2026-04-08 10:00:00,-0.0038059037
2026-04-08 11:00:00,-0.0016961734
2026-04-08 12:00:00,0.0022256381
2026-04-08 13:00:00,0.00074078
2026-04-08 14:00:00,-0.018147381
2026-04-08 15:00:00,0.0063355917
2026-04-08 16:00:00,0.0009629274
2026-04-08 17:00:00,0.0052263998
2026-04-08 18:00:00,-0.009620598
2026-04-08 19:00:00,0.0003221823
2026-04-08 20:00:00,-0.0006444683
2026-04-08 21:00:00,0.0053579211
2026-04-08 22:00:00,-0.0080476855
2026-04-08 23:00:00,-0.0045351552
2026-04-09 00:00:00,-0.0031434636
2026-04-09 01:00:00,-0.005224786
2026-04-09 02:00:00,0.000545524
2026-04-09 03:00:00,-0.0007638169
2026-04-09 04:00:00,-0.0039374436
2026-04-09 05:00:00,0.0018612804
2026-04-09 06:00:00,0.0005467768
2026-04-09 07:00:00,-0.0008749864
2026-04-09 08:00:00,0.001202909
2026-04-09 09:00:00,0.0053409032
2026-04-09 10:00:00,-0.0016319429
2026-04-09 11:00:00,-0.0016346105
2026-04-09 12:00:00,-0.0010912266
2026-04-09 13:00:00,-0.0033903899
2026-04-09 14:00:00,0.0019700127
2026-04-09 15:00:00,0.0156219276
2026-04-09 16:00:00,-0.0038826623
2026-04-09 17:00:00,0.0095715093
2026-04-09 18:00:00,-0.0017139801
2026-04-09 19:00:00,0.0059861216
2026-04-09 20:00:00,0.0017037593
2026-04-09 21:00:00,-0.0015971893
2026-04-09 22:00:00,-0.0044857493
2026-04-09 23:00:00,-0.0089243106
2026-04-10 00:00:00,-0.0021623968
2026-04-10 01:00:00,-0.0005413306
2026-04-10 02:00:00,0.0020554992
2026-04-10 03:00:00,-0.0035727857
2026-04-10 04:00:00,0.0059475709
2026-04-10 05:00:00,-0.0002156567
2026-04-10 06:00:00,-0.0011869438
2026-04-10 07:00:00,-0.0037860395
2026-04-10 08:00:00,-0.0010843636
2026-04-10 09:00:00,0.0024922806
2026-04-10 10:00:00,-0.0016246957
2026-04-10 11:00:00,0.0023819847
2026-04-10 12:00:00,0.0045317298
2026-04-10 13:00:00,0.0008608631
2026-04-10 14:00:00,0.0113370198
2026-04-10 15:00:00,-0.0077937724
2026-04-10 16:00:00,0.0067297162
2026-04-10 17:00:00,-0.0022382104
2026-04-10 18:00:00,0.0050024052
2026-04-10 19:00:00,0.0097200977
2026-04-10 20:00:00,-0.0052709378
2026-04-10 21:00:00,-0.0027519069
2026-04-10 22:00:00,-0.0045679157
2026-04-10 23:00:00,-0.0022384489
2026-04-11 00:00:00,-0.0007472645
2026-04-11 01:00:00,-0.0002136068
2026-04-11 02:00:00,0.0009608713
2026-04-11 03:00:00,-0.0001067179
2026-04-11 04:00:00,-0.0009609739
2026-04-11 05:00:00,-0.0071830917
2026-04-11 06:00:00,-0.0012919898
2026-04-11 07:00:00,0.0007538636
2026-04-11 08:00:00,0.0003229105
2026-04-11 09:00:00,0.0007530526
2026-04-11 10:00:00,-0.0009683147
2026-04-11 11:00:00,0.0009683147
2026-04-11 12:00:00,0.0003225633
2026-04-11 13:00:00,-0.0039855711
2026-04-11 14:00:00,0.0005395198
2026-04-11 15:00:00,0.0015091088
2026-04-11 16:00:00,0.0066559559
2026-04-11 17:00:00,-0.0041816391
2026-04-11 18:00:00,0.0098364954
2026-04-11 19:00:00,0.0076311976
2026-04-11 20:00:00,-0.0079504314
2026-04-11 21:00:00,0.0
2026-04-11 22:00:00,-0.0025575462
2026-04-11 23:00:00,-0.0066374294
2026-04-12 00:00:00,-0.0001074172
2026-04-12 01:00:00,-0.0209505628
2026-04-12 02:00:00,0.0048150673
2026-04-12 03:00:00,-0.0043763746
2026-04-12 04:00:00,-0.0002193223
2026-04-12 05:00:00,0.0032847944
2026-04-12 06:00:00,-0.0004373497
2026-04-12 07:00:00,0.0004373497
2026-04-12 08:00:00,-0.0015315614
2026-04-12 09:00:00,-0.0009858153
2026-04-12 10:00:00,-0.0014256733
2026-04-12 11:00:00,0.0026304268
2026-04-12 12:00:00,-0.0029597172
2026-04-12 13:00:00,-0.0037395556
2026-04-12 14:00:00,-0.0023167311
2026-04-12 15:00:00,0.0016553555
2026-04-12 16:00:00,0.0007715625
2026-04-12 17:00:00,0.0038489078
2026-04-12 18:00:00,0.0006583279
2026-04-12 19:00:00,-0.0023060462
2026-04-12 20:00:00,0.0061376782
2026-04-12 21:00:00,-0.0016403306
2026-04-12 22:00:00,-0.0036182266
2026-04-12 23:00:00,-0.0020891755
2026-04-13 00:00:00,0.0053790129
2026-04-13 01:00:00,0.0009848444
2026-04-13 02:00:00,-0.0035060845
2026-04-13 03:00:00,0.0010969725
2026-04-13 04:00:00,-0.0025248381
2026-04-13 05:00:00,0.0027440882
2026-04-13 06:00:00,0.0025179279
2026-04-13 07:00:00,-0.0065818579
2026-04-13 08:00:00,0.0008800881
2026-04-13 09:00:00,0.0009891741
2026-04-13 10:00:00,-0.0016491675
2026-04-13 11:00:00,0.00076995
2026-04-13 12:00:00,0.0076670693
2026-04-13 13:00:00,0.0019620673
2026-04-13 14:00:00,0.0077019419
2026-04-13 15:00:00,-0.0086824943
2026-04-13 16:00:00,0.0031561217
2026-04-13 17:00:00,-0.0047925154
2026-04-13 18:00:00,0.0025080434
2026-04-13 19:00:00,0.0143809582
2026-04-13 20:00:00,-0.0061379614
2026-04-13 21:00:00,0.002481257
2026-04-13 22:00:00,0.0135910915
2026-04-13 23:00:00,0.0006375518
2026-04-14 00:00:00,-0.0059663505
2026-04-14 01:00:00,0.000213698
2026-04-14 02:00:00,-0.000962001
2026-04-14 03:00:00,0.000748303
2026-04-14 04:00:00,-0.0022465909
2026-04-14 05:00:00,-0.0061234547
2026-04-14 06:00:00,0.0055878074
2026-04-14 07:00:00,0.0033163978
2026-04-14 08:00:00,0.0082961548
2026-04-14 09:00:00,0.0011644526
2026-04-14 10:00:00,-0.0002116178
2026-04-14 11:00:00,-0.0016945566
2026-04-14 12:00:00,-0.0019098149
2026-04-14 13:00:00,0.0309518644
2026-04-14 14:00:00,-0.0101418648
2026-04-14 15:00:00,-0.007412468
2026-04-14 16:00:00,-0.0024130526
2026-04-14 17:00:00,-0.0054771572
2026-04-14 18:00:00,-0.0159696783
2026-04-14 19:00:00,-0.0034401238
2026-04-14 20:00:00,-0.0026958554
2026-04-14 21:00:00,0.00763732
2026-04-14 22:00:00,-0.0040803235
2026-04-14 23:00:00,0.0008604001
2026-04-15 00:00:00,0.0034342167
2026-04-15 01:00:00,0.0014987691
2026-04-15 02:00:00,-0.0032144033
2026-04-15 03:00:00,0.0007509521
2026-04-15 04:00:00,0.0048141307
2026-04-15 05:00:00,-0.0019228721
2026-04-15 06:00:00,-0.0078364418
2026-04-15 07:00:00,0.0002155172
2026-04-15 08:00:00,0.0041933291
2026-04-15 09:00:00,-0.0019331979
2026-04-15 10:00:00,-0.0004301075
2026-04-15 11:00:00,0.0064322692
2026-04-15 12:00:00,-0.0004275331
2026-04-15 13:00:00,-0.0009626184
2026-04-15 14:00:00,0.0058682484
2026-04-15 15:00:00,-0.0040507464
2026-04-15 16:00:00,0.0090382879
2026-04-15 17:00:00,0.0034870855
2026-04-15 18:00:00,0.004315569
2026-04-15 19:00:00,0.0089921141
2026-04-15 20:00:00,-0.0090971506
2026-04-15 21:00:00,0.0006300536
2026-04-15 22:00:00,-0.0013656182
2026-04-15 23:00:00,-0.003053116
2026-04-16 00:00:00,0.0009485167
2026-04-16 01:00:00,-0.0005268426
2026-04-16 02:00:00,0.0120477074
2026-04-16 03:00:00,0.0103595664
2026-04-16 04:00:00,-0.0011343131
2026-04-16 05:00:00,-0.0032036404
2026-04-16 06:00:00,0.0004139501
2026-04-16 07:00:00,-0.0013459649
2026-04-16 08:00:00,-0.0055062214
2026-04-16 09:00:00,0.0003124837
2026-04-16 10:00:00,-0.0022938181
2026-04-16 11:00:00,0.0061397768
2026-04-16 12:00:00,0.0039345671
2026-04-16 13:00:00,-0.0099699652
2026-04-16 14:00:00,-0.0037645135
2026-04-16 15:00:00,0.0194019677
2026-04-16 16:00:00,-0.0049443858
2026-04-16 17:00:00,0.0091484423
2026-04-16 18:00:00,0.0147278067
2026-04-16 19:00:00,0.0026180661
2026-04-16 20:00:00,-0.0093963813
2026-04-16 21:00:00,0.0012174091
2026-04-16 22:00:00,0.0032391971
2026-04-16 23:00:00,0.0027249348
2026-04-17 00:00:00,-0.0021187517
2026-04-17 01:00:00,-0.0063833238
2026-04-17 02:00:00,-0.0049931321
2026-04-17 03:00:00,-0.0013289039
2026-04-17 04:00:00,-0.0025605586
2026-04-17 05:00:00,-0.007617908
2026-04-17 06:00:00,0.0088477943
2026-04-17 07:00:00,0.0047006013
2026-04-17 08:00:00,0.0044756458
2026-04-17 09:00:00,0.0043546577
2026-04-17 10:00:00,-0.0099523519
2026-04-17 11:00:00,0.0079292883
2026-04-17 12:00:00,0.0139763976
2026-04-17 13:00:00,0.0086494549
2026-04-17 14:00:00,0.0005937655
2026-04-17 15:00:00,-0.0050582801
2026-04-17 16:00:00,0.0142168452
2026-04-17 17:00:00,-0.0090596385
2026-04-17 18:00:00,-0.0088430205
2026-04-17 19:00:00,-0.0012982475
2026-04-17 20:00:00,0.0014978284
2026-04-17 21:00:00,0.0
2026-04-17 22:00:00,0.000498778
2026-04-17 23:00:00,-0.0078094109
2026-04-18 00:00:00,-0.001710176
2026-04-18 01:00:00,-0.0015114114
2026-04-18 02:00:00,-0.0004034292
2026-04-18 03:00:00,-0.0058680864
2026-04-18 04:00:00,-0.0010152285
2026-04-18 05:00:00,0.0045604335
2026-04-18 06:00:00,-0.0007080362
2026-04-18 07:00:00,0.0010113269
2026-04-18 08:00:00,-0.018774146
2026-04-18 09:00:00,0.0005148535
2026-04-18 10:00:00,-0.0069211577
2026-04-18 11:00:00,-0.0040509014
2026-04-18 12:00:00,0.0005202643
2026-04-18 13:00:00,-0.0034387571
2026-04-18 14:00:00,0.0042706174
2026-04-18 15:00:00,-0.0018726597
2026-04-18 16:00:00,-0.003755873
2026-04-18 17:00:00,-0.0021974581
2026-04-18 18:00:00,-0.0101074771
2026-04-18 19:00:00,0.0043292396
2026-04-18 20:00:00,0.0018947374
2026-04-18 21:00:00,0.0022059991
2026-04-18 22:00:00,-0.0011549164
2026-04-18 23:00:00,-0.0043164777
2026-04-19 00:00:00,0.0010545187
2026-04-19 01:00:00,0.0017901337
2026-04-19 02:00:00,-0.0026336597
2026-04-19 03:00:00,-0.0001054908
2026-04-19 04:00:00,-0.0014780408
2026-04-19 05:00:00,0.0021108187
2026-04-19 06:00:00,0.0009484167
2026-04-19 07:00:00,-0.0080372683
2026-04-19 08:00:00,-0.0002123819
2026-04-19 09:00:00,-0.0038306069
2026-04-19 10:00:00,0.0014914246
2026-04-19 11:00:00,0.0071068981
2026-04-19 12:00:00,-0.0004228777
2026-04-19 13:00:00,0.0084237626
2026-04-19 14:00:00,0.0004193312
2026-04-19 15:00:00,0.0021986084
2026-04-19 16:00:00,-0.0110417022
2026-04-19 17:00:00,-0.00508853
2026-04-19 18:00:00,0.0009560738
2026-04-19 19:00:00,0.0036036075
2026-04-19 20:00:00,-0.0040284163
2026-04-19 21:00:00,-0.002765665
2026-04-19 22:00:00,-0.0072696493
2026-04-19 23:00:00,-0.0016107386
2026-04-20 00:00:00,0.0102641765
2026-04-20 01:00:00,0.0011694043
2026-04-20 02:00:00,0.0
2026-04-20 03:00:00,0.0013802625
2026-04-20 04:00:00,0.0039180439
2026-04-20 05:00:00,-0.0065740879
2026-04-20 06:00:00,0.0024438199
2026-04-20 07:00:00,0.0034959514
2026-04-20 08:00:00,-0.0028594142
2026-04-20 09:00:00,0.0023305095
2026-04-20 10:00:00,0.0
2026-04-20 11:00:00,0.0
2026-04-20 12:00:00,0.0039072862
2026-04-20 13:00:00,0.0004214963
2026-04-20 14:00:00,-0.0052815164
2026-04-20 15:00:00,0.0045437813
2026-04-20 16:00:00,-0.0029563954
2026-04-20 17:00:00,0.0056938155
2026-04-20 18:00:00,0.0058706532
2026-04-20 19:00:00,-0.0006273526
2026-04-20 20:00:00,0.0028199925
2026-04-20 21:00:00,-0.0013567815
2026-04-20 22:00:00,-0.001463211
2026-04-20 23:00:00,-0.0037724031
2026-04-21 00:00:00,0.003039994
2026-04-21 01:00:00,-0.0008376964
2026-04-21 02:00:00,-0.0034629344
2026-04-21 03:00:00,-0.0025260512
2026-04-21 04:00:00,0.003786688
2026-04-21 05:00:00,0.002516516
2026-04-21 06:00:00,-0.0007333299
2026-04-21 07:00:00,-0.0008387503
2026-04-21 08:00:00,0.0009435447
2026-04-21 09:00:00,0.002825304
2026-04-21 10:00:00,0.001566171
2026-04-21 11:00:00,-0.0035535154
2026-04-21 12:00:00,-0.0049330984
2026-04-21 13:00:00,0.0016820862
2026-04-21 14:00:00,-0.0022083189
2026-04-21 15:00:00,-0.0021077044
2026-04-21 16:00:00,-0.0014780408
2026-04-21 17:00:00,-0.0023270584
2026-04-21 18:00:00,0.0010584252
2026-04-21 19:00:00,-0.0066868582
2026-04-21 20:00:00,0.0082723984
2026-04-21 21:00:00,-0.000422565
2026-04-21 22:00:00,-0.0014803852
2026-04-21 23:00:00,0.0071700012
2026-04-22 00:00:00,-0.0001050696
2026-04-22 01:00:00,-0.0015773703
2026-04-22 02:00:00,0.0161807382
2026-04-22 03:00:00,-0.0027998152
2026-04-22 04:00:00,-0.0004154549
2026-04-22 05:00:00,0.0093062403
2026-04-22 06:00:00,0.0049281414
2026-04-22 07:00:00,-0.0007171764
2026-04-22 08:00:00,0.0035807496
2026-04-22 09:00:00,-0.0033757896
2026-04-22 10:00:00,0.0073507222
2026-04-22 11:00:00,-0.0031582727
2026-04-22 12:00:00,-0.0040899853
2026-04-22 13:00:00,0.0043960609
2026-04-22 14:00:00,0.0003059819
2026-04-22 15:00:00,-0.0017351369
2026-04-22 16:00:00,-0.0092365189
2026-04-22 17:00:00,0.0038075683
2026-04-22 18:00:00,-0.0025710921
2026-04-22 19:00:00,-0.0039207644
2026-04-22 20:00:00,-0.0043514366
2026-04-22 21:00:00,0.0052814289
2026-04-22 22:00:00,-0.0034142085
2026-04-22 23:00:00,-0.0083255762
2026-04-23 00:00:00,0.0057312719
2026-04-23 01:00:00,0.0019722849
2026-04-23 02:00:00,-0.0054071048
2026-04-23 03:00:00,-0.0027145559
2026-04-23 04:00:00,0.0017757356
2026-04-23 05:00:00,0.002605661
2026-04-23 06:00:00,0.0003122236
2026-04-23 07:00:00,-0.0019790642
2026-04-23 08:00:00,0.001042101
2026-04-23 09:00:00,-0.0036521145
2026-04-23 10:00:00,0.0008359457
2026-04-23 11:00:00,0.0050010523
2026-04-23 12:00:00,0.0034237726
2026-04-23 13:00:00,-0.0033198495
2026-04-23 14:00:00,0.0090002159
2026-04-23 15:00:00,0.0023658911
2026-04-23 16:00:00,-0.0044277475
2026-04-23 17:00:00,-0.0086024265
2026-04-23 18:00:00,-0.0010414498
2026-04-23 19:00:00,0.0030172212
2026-04-23 20:00:00,0.004353692
2026-04-23 21:00:00,0.005055466
2026-04-23 22:00:00,0.001028595
2026-04-23 23:00:00,-0.0012344411
2026-04-24 00:00:00,0.0045188533
2026-04-24 01:00:00,0.0037842029
2026-04-24 02:00:00,-0.0019414506
2026-04-24 03:00:00,-0.0064645446
2026-04-24 04:00:00,0.0028782915
2026-04-24 05:00:00,-0.0019522226
2026-04-24 06:00:00,0.001849569
2026-04-24 07:00:00,0.0037911824
2026-04-24 08:00:00,0.0008178287
2026-04-24 09:00:00,-0.007075864
2026-04-24 10:00:00,0.0071780456
2026-04-24 11:00:00,0.0033661479
2026-04-24 12:00:00,-0.002549071
2026-04-24 13:00:00,-0.0001020981
2026-04-24 14:00:00,-0.0020441544
2026-04-24 15:00:00,0.0035745327
2026-04-24 16:00:00,-0.0007138851
2026-04-24 17:00:00,0.0015291302
2026-04-24 18:00:00,0.000814581
2026-04-24 19:00:00,0.0015255533
2026-04-24 20:00:00,0.0050684346
2026-04-24 21:00:00,-0.0020242922
2026-04-24 22:00:00,-0.0070154322
2026-04-24 23:00:00,0.0048855059
2026-04-25 00:00:00,-0.0009142161
2026-04-25 01:00:00,0.0008126778
2026-04-25 02:00:00,0.0007105517
2026-04-25 03:00:00,0.0026347806
2026-04-25 04:00:00,-0.0013165225
2026-04-25 05:00:00,-0.0021303584
2026-04-25 06:00:00,-0.0003047077
2026-04-25 07:00:00,-0.0001015899
2026-04-25 08:00:00,0.001725626
2026-04-25 09:00:00,-0.000101425
2026-04-25 10:00:00,0.0
2026-04-25 11:00:00,-0.0061044039
2026-04-25 12:00:00,-0.0001020564
2026-04-25 13:00:00,0.0040741552
2026-04-25 14:00:00,-0.000203314
2026-04-25 15:00:00,-0.0021372966
2026-04-25 16:00:00,-0.0027546821
2026-04-25 17:00:00,-0.0009199163
2026-04-25 18:00:00,-0.000613748
2026-04-25 19:00:00,0.0002046245
2026-04-25 20:00:00,0.0021460332
2026-04-25 21:00:00,0.0003062006
2026-04-25 22:00:00,0.000510126
2026-04-25 23:00:00,-0.0003060444
2026-04-26 00:00:00,-0.0017360229
2026-04-26 01:00:00,0.0005109079
2026-04-26 02:00:00,0.0007148328
2026-04-26 03:00:00,-0.0017369098
2026-04-26 04:00:00,0.0031650442
2026-04-26 05:00:00,0.0023418022
2026-04-26 06:00:00,0.0008132561
2026-04-26 07:00:00,0.0015230749
2026-04-26 08:00:00,-0.0018279684
2026-04-26 09:00:00,0.0010159505
2026-04-26 10:00:00,0.0009134738
2026-04-26 11:00:00,0.0051606489
2026-04-26 12:00:00,-0.0037413462
2026-04-26 13:00:00,-0.0011149968
2026-04-26 14:00:00,0.0024311195
2026-04-26 15:00:00,0.001617469
2026-04-26 16:00:00,-0.0021234651
2026-04-26 17:00:00,0.0009106087
2026-04-26 18:00:00,0.0023233507
2026-04-26 19:00:00,0.0012100435
2026-04-26 20:00:00,-0.0011091506
2026-04-26 21:00:00,0.0029214749
2026-04-26 22:00:00,-0.0022155095
2026-04-26 23:00:00,0.0006047168
2026-04-27 00:00:00,0.0068280213
2026-04-27 01:00:00,0.003296871
2026-04-27 02:00:00,0.0020923636
2026-04-27 03:00:00,-0.0021921093
2026-04-27 04:00:00,-0.0023968852
2026-04-27 05:00:00,-0.0160261456
2026-04-27 06:00:00,-0.0036644992
2026-04-27 07:00:00,-0.0017351369
2026-04-27 08:00:00,0.0038743931
2026-04-27 09:00:00,0.0003052348
2026-04-27 10:00:00,-0.0016289965
2026-04-27 11:00:00,0.0038645426
2026-04-27 12:00:00,-0.0038645426
2026-04-27 13:00:00,0.000305639
2026-04-27 14:00:00,0.0059919948
2026-04-27 15:00:00,-0.0161277355
2026-04-27 16:00:00,0.002671875
2026-04-27 17:00:00,0.0032786915
2026-04-27 18:00:00,0.0006135597
2026-04-27 19:00:00,0.0
2026-04-27 20:00:00,0.0022465035
2026-04-27 21:00:00,-0.0007142493
2026-04-27 22:00:00,0.0078288235
2026-04-27 23:00:00,0.0024276767
2026-04-28 00:00:00,-0.0001010356
2026-04-28 01:00:00,0.0024220418
2026-04-28 02:00:00,-0.0005041085
2026-04-28 03:00:00,0.0014108639
2026-04-28 04:00:00,0.003317753
2026-04-28 05:00:00,0.0056050592
2026-04-28 06:00:00,-0.0069107391
2026-04-28 07:00:00,0.0005023863
2026-04-28 08:00:00,0.0018065039
2026-04-28 09:00:00,-0.0052277188
2026-04-28 10:00:00,-0.0002016129
2026-04-28 11:00:00,-0.0064731692
2026-04-28 12:00:00,0.0042527403
2026-04-28 13:00:00,-0.0027318275
2026-04-28 14:00:00,0.0017209095
2026-04-28 15:00:00,0.0054468563
2026-04-28 16:00:00,0.0026120168
2026-04-28 17:00:00,-0.0035177683
2026-04-28 18:00:00,0.001911181
2026-04-28 19:00:00,0.0020078312
2026-04-28 20:00:00,0.0004010829
2026-04-28 21:00:00,-0.0027104368
2026-04-28 22:00:00,0.0
2026-04-28 23:00:00,-0.0015089787
2026-04-29 00:00:00,0.0057220454
2026-04-29 01:00:00,0.0021997809
2026-04-29 02:00:00,-0.0020996858
2026-04-29 03:00:00,0.0140140444
2026-04-29 04:00:00,0.0049227233
2026-04-29 05:00:00,0.004605368
2026-04-29 06:00:00,-0.0015654049
2026-04-29 07:00:00,0.0278090721
2026-04-29 08:00:00,0.0037070524
2026-04-29 09:00:00,0.0366081953
2026-04-29 10:00:00,0.0078353171
2026-04-29 11:00:00,-0.0046391132
2026-04-29 12:00:00,-0.0233373133
2026-04-29 13:00:00,-0.0076822563
2026-04-29 14:00:00,-0.0112546703
2026-04-29 15:00:00,-0.0171715093
2026-04-29 16:00:00,-0.0110917658
2026-04-29 17:00:00,0.016880494
2026-04-29 18:00:00,-0.0177614219
2026-04-29 19:00:00,-0.007371403
2026-04-29 20:00:00,0.0074693222
2026-04-29 21:00:00,0.0103254375
2026-04-29 22:00:00,0.0028064082
2026-04-29 23:00:00,0.0053970833
2026-04-30 00:00:00,0.0369853476
2026-04-30 01:00:00,-0.0103348064
2026-04-30 02:00:00,-0.0131890748
2026-04-30 03:00:00,0.0119716752
2026-04-30 04:00:00,-0.0167245359
2026-04-30 05:00:00,0.0050373152
2026-04-30 06:00:00,0.0070851933
2026-04-30 07:00:00,0.0066613747
2026-04-30 08:00:00,-0.000748363
2026-04-30 09:00:00,0.0051337211
2026-04-30 10:00:00,-0.0070070824
2026-04-30 11:00:00,-0.0030987395
2026-04-30 12:00:00,-0.0002821803
2026-04-30 13:00:00,0.0044117028
2026-04-30 14:00:00,-0.0031894961
2026-04-30 15:00:00,0.0055282408
2026-04-30 16:00:00,-0.0072209251
2026-04-30 17:00:00,-0.0049061331
2026-04-30 18:00:00,-0.0018934021
2026-04-30 19:00:00,0.0061404945
2026-04-30 20:00:00,0.003009218
2026-04-30 21:00:00,-0.0015975195
2026-04-30 22:00:00,-0.0020711738
2026-04-30 23:00:00,0.0034808822
2026-05-01 00:00:00,0.0087892104
2026-05-01 01:00:00,0.0144179947
2026-05-01 02:00:00,-0.0051518053
2026-05-01 03:00:00,0.0057939188
2026-05-01 04:00:00,-0.0021113516
2026-05-01 05:00:00,0.0021113516
2026-05-01 06:00:00,-0.0059784036
2026-05-01 07:00:00,-0.0018467226
2026-05-01 08:00:00,0.0025844578
2026-05-01 09:00:00,-0.0076806004
2026-05-01 10:00:00,0.006112262
2026-05-01 11:00:00,0.0047895459
2026-05-01 12:00:00,0.0003674782
2026-05-01 13:00:00,0.0074125254
2026-05-01 14:00:00,-0.0003647638
2026-05-01 15:00:00,-0.0018258176
2026-05-01 16:00:00,-0.0042120747
2026-05-01 17:00:00,9.17557e-05
2026-05-01 18:00:00,0.0
2026-05-01 19:00:00,0.0010087579
2026-05-01 20:00:00,-0.0055147199
2026-05-01 21:00:00,0.0083521205
2026-05-01 22:00:00,-0.0087208521
2026-05-01 23:00:00,0.0005530464
2026-05-02 00:00:00,0.0016573063
2026-05-02 01:00:00,-9.20006e-05
2026-05-02 02:00:00,-0.0020261565
2026-05-02 03:00:00,-0.0028620248
2026-05-02 04:00:00,-0.0009249839
2026-05-02 05:00:00,-0.0050097516
2026-05-02 06:00:00,0.0050097516
2026-05-02 07:00:00,-0.0016671301
2026-05-02 08:00:00,-0.0021342745
2026-05-02 09:00:00,0.0012068887
2026-05-02 10:00:00,0.0
2026-05-02 11:00:00,-0.0003711953
2026-05-02 12:00:00,-0.0014861604
2026-05-02 13:00:00,0.0087918756
2026-05-02 14:00:00,0.0020250375
2026-05-02 15:00:00,0.0019291724
2026-05-02 16:00:00,-0.0001835704
2026-05-02 17:00:00,-0.001745602
2026-05-02 18:00:00,-0.0040541841
2026-05-02 19:00:00,0.0006460843
2026-05-02 20:00:00,0.0037758483
2026-05-02 21:00:00,-0.0004597067
2026-05-02 22:00:00,0.0003677823
2026-05-02 23:00:00,-0.002577321
2026-05-03 00:00:00,-0.0025839808
2026-05-03 01:00:00,-0.0052809684
2026-05-03 02:00:00,-0.0013943762
2026-05-03 03:00:00,0.0035286507
2026-05-03 04:00:00,0.000185374
2026-05-03 05:00:00,0.0001853396
2026-05-03 06:00:00,-0.0004634135
2026-05-03 07:00:00,0.0007413586
2026-05-03 08:00:00,0.0002778678
2026-05-03 09:00:00,0.0026820825
2026-05-03 10:00:00,-0.0054642414
2026-05-03 11:00:00,0.0087837465
2026-05-03 12:00:00,0.0011040575
2026-05-03 13:00:00,-0.0013802625
2026-05-03 14:00:00,0.0003682563
2026-05-03 15:00:00,-0.0016582224
2026-05-03 16:00:00,-0.0011993175
2026-05-03 17:00:00,0.0010149007
2026-05-03 18:00:00,-0.0001844508
2026-05-03 19:00:00,0.0016588337
2026-05-03 20:00:00,0.0015641536
2026-05-03 21:00:00,-0.0059938397
2026-05-03 22:00:00,0.0104886416
2026-05-03 23:00:00,-0.0095641708
2026-05-04 00:00:00,0.0070899427
2026-05-04 01:00:00,0.0315192932
2026-05-04 02:00:00,0.0047893661
2026-05-04 03:00:00,-0.0008851908
2026-05-04 04:00:00,0.0012390479
2026-05-04 05:00:00,-0.0045210839
2026-05-04 06:00:00,-0.0048094143
2026-05-04 07:00:00,0.001962184
2026-05-04 08:00:00,-0.0024086724
2026-05-04 09:00:00,-0.0007147963
2026-05-04 10:00:00,-0.0147670611
2026-05-04 11:00:00,0.0024462073
2026-05-04 12:00:00,-0.0010864646
2026-05-04 13:00:00,0.0028946198
2026-05-04 14:00:00,0.0118525227
2026-05-04 15:00:00,-0.0161976006
2026-05-04 16:00:00,0.002989268
2026-05-04 17:00:00,0.0055921495
2026-05-04 18:00:00,-0.0025216152
2026-05-04 19:00:00,-0.0044281849
2026-05-04 20:00:00,-0.001722341
2026-05-04 21:00:00,0.0032608725
2026-05-04 22:00:00,-0.0026259806
2026-05-04 23:00:00,-0.0020875887
2026-05-05 00:00:00,0.0066108459
2026-05-05 01:00:00,0.0017134874
2026-05-05 02:00:00,0.0027894021
2026-05-05 03:00:00,0.0011674376
2026-05-05 04:00:00,-0.0001795171
2026-05-05 05:00:00,0.0023312124
2026-05-05 06:00:00,0.0002686367
2026-05-05 07:00:00,-0.0027793984
2026-05-05 08:00:00,0.0012561689
2026-05-05 09:00:00,-0.0047638398
2026-05-05 10:00:00,0.0070925467
2026-05-05 11:00:00,0.0016983244
2026-05-05 12:00:00,0.0009819238
2026-05-05 13:00:00,0.0028510354
2026-05-05 14:00:00,-0.0003559352
2026-05-05 15:00:00,0.0
2026-05-05 16:00:00,0.0018672481
2026-05-05 17:00:00,0.0097242633
2026-05-05 18:00:00,-0.0025545048
2026-05-05 19:00:00,0.0014101888
2026-05-05 20:00:00,0.0041309661
2026-05-05 21:00:00,0.0116848208
2026-05-05 22:00:00,-0.0003468308
2026-05-05 23:00:00,-0.0039972246
2026-05-06 00:00:00,-0.0045379256
2026-05-06 01:00:00,0.0053212495
2026-05-06 02:00:00,0.0057257032
2026-05-06 03:00:00,0.0025917941
2026-05-06 04:00:00,-0.007795622
2026-05-06 05:00:00,0.0075367446
2026-05-06 06:00:00,-0.0036313372
2026-05-06 07:00:00,0.0021630984
2026-05-06 08:00:00,0.0097192525
2026-05-06 09:00:00,-0.0040310531
2026-05-06 10:00:00,0.0009448955
2026-05-06 11:00:00,0.0006866364
2026-05-06 12:00:00,-0.0039546131
2026-05-06 13:00:00,-0.0287494133
2026-05-06 14:00:00,0.0004431642
2026-05-06 15:00:00,0.0020360296
2026-05-06 16:00:00,0.0008839389
2026-05-06 17:00:00,-0.0009723758
2026-05-06 18:00:00,-0.0025680776
2026-05-06 19:00:00,0.0015947554
2026-05-06 20:00:00,-0.0024818307
2026-05-06 21:00:00,0.0026588689
2026-05-06 22:00:00,-0.0052358464
2026-05-06 23:00:00,0.0007115539
2026-05-07 00:00:00,-0.0090207373
2026-05-07 01:00:00,-0.0029650949
2026-05-07 02:00:00,-0.0046901863
2026-05-07 03:00:00,-0.0029879148
2026-05-07 04:00:00,0.0032591012
2026-05-07 05:00:00,0.000903424
2026-05-07 06:00:00,0.0061217332
2026-05-07 07:00:00,0.002778402
2026-05-07 08:00:00,-0.0025091867
2026-05-07 09:00:00,-0.0004487323
2026-05-07 10:00:00,-0.0037773226
2026-05-07 11:00:00,0.0011706967
2026-05-07 12:00:00,0.0036832454
2026-05-07 13:00:00,-0.0189188716
2026-05-07 14:00:00,-0.0038454543
2026-05-07 15:00:00,-0.0097714642
2026-05-07 16:00:00,-0.0029687377
2026-05-07 17:00:00,0.0030613689
2026-05-07 18:00:00,0.0012959365
2026-05-07 19:00:00,-0.0021299263
2026-05-07 20:00:00,-0.0007419086
2026-05-07 21:00:00,-0.0002783577
2026-05-07 22:00:00,-0.0003712642
2026-05-07 23:00:00,0.0011133792
2026-05-08 00:00:00,-0.0083807176
2026-05-08 01:00:00,-0.0029030315
2026-05-08 02:00:00,-0.0030996127
2026-05-08 03:00:00,0.0009402916
2026-05-08 04:00:00,0.0007515972
2026-05-08 05:00:00,-0.005084278
2026-05-08 06:00:00,0.0031101293
2026-05-08 07:00:00,0.0009405569
2026-05-08 08:00:00,0.0063724328
2026-05-08 09:00:00,0.0008403754
2026-05-08 10:00:00,0.0025168972
2026-05-08 11:00:00,-0.0002793426
2026-05-08 12:00:00,-0.0064465118
2026-05-08 13:00:00,-9.37339e-05
2026-05-08 14:00:00,0.0099800297
2026-05-08 15:00:00,0.0025026662
2026-05-08 16:00:00,-0.0059424502
2026-05-08 17:00:00,0.0059424502
2026-05-08 18:00:00,0.0046180926
2026-05-08 19:00:00,0.0038627842
2026-05-08 20:00:00,-0.0032179497
2026-05-08 21:00:00,0.0067915092
2026-05-08 22:00:00,0.0024665431
2026-05-08 23:00:00,-0.0006388902
2026-05-09 00:00:00,0.0001825817
2026-05-09 01:00:00,0.0099006213
2026-05-09 02:00:00,-0.000904241
2026-05-09 03:00:00,-0.0017203137
2026-05-09 04:00:00,0.0024437719
2026-05-09 05:00:00,0.0009035873
2026-05-09 06:00:00,-0.000361337
2026-05-09 07:00:00,-0.0043462582
2026-05-09 08:00:00,0.0020849393
2026-05-09 09:00:00,-0.0054481203
2026-05-09 10:00:00,-0.0016402409
2026-05-09 11:00:00,-0.0004561003
2026-05-09 12:00:00,-0.0014609206
2026-05-09 13:00:00,-0.0022869698
2026-05-09 14:00:00,-0.0069846805
2026-05-09 15:00:00,0.0016586808
2026-05-09 16:00:00,0.0027583688
2026-05-09 17:00:00,0.0053113678
2026-05-09 18:00:00,0.0011866187
2026-05-09 19:00:00,0.0009118265
2026-05-09 20:00:00,-0.0032864737
2026-05-09 21:00:00,-0.0003658314
2026-05-09 22:00:00,-0.0028397399
2026-05-09 23:00:00,-0.0026638513
2026-05-10 00:00:00,-0.0034090419
2026-05-10 01:00:00,-0.0024950343
2026-05-10 02:00:00,0.0043392027
2026-05-10 03:00:00,-0.0001842639
2026-05-10 04:00:00,0.0005526898
2026-05-10 05:00:00,-0.0017512332
2026-05-10 06:00:00,-9.22552e-05
2026-05-10 07:00:00,0.0010143392
2026-05-10 08:00:00,0.0016576116
2026-05-10 09:00:00,-0.0008284623
2026-05-10 10:00:00,0.0008284623
2026-05-10 11:00:00,-0.0042415923
2026-05-10 12:00:00,-0.0015721093
2026-05-10 13:00:00,0.0020340244
2026-05-10 14:00:00,0.0001847063
2026-05-10 15:00:00,0.007543734
2026-05-10 16:00:00,0.0050281223
2026-05-10 17:00:00,0.0112442244
2026-05-10 18:00:00,0.0010814709
2026-05-10 19:00:00,9.00698e-05
2026-05-10 20:00:00,-0.0284102232
2026-05-10 21:00:00,0.0034226017
2026-05-10 22:00:00,0.0325246692
2026-05-10 23:00:00,0.0043705194
2026-05-11 00:00:00,-0.0169640114
2026-05-11 01:00:00,0.0014473092
2026-05-11 02:00:00,-0.0059836987
2026-05-11 03:00:00,-0.0084928139
2026-05-11 04:00:00,0.0039357517
2026-05-11 05:00:00,0.0034652597
2026-05-11 06:00:00,-0.0026434544
2026-05-11 07:00:00,-0.0028335104
2026-05-11 08:00:00,0.0020117051
2026-05-11 09:00:00,0.0023722639
2026-05-11 10:00:00,0.002002914
2026-05-11 11:00:00,0.0023619197
2026-05-11 12:00:00,-0.0059152923
2026-05-11 13:00:00,0.0029165168
2026-05-11 14:00:00,-0.0020953864
2026-05-11 15:00:00,0.0112452441
2026-05-11 16:00:00,0.0022519489
2026-05-11 17:00:00,0.0024264222
2026-05-11 18:00:00,-0.0075682855
2026-05-11 19:00:00,0.0088241163
2026-05-11 20:00:00,-0.0016149295
2026-05-11 21:00:00,-0.0026973582
2026-05-11 22:00:00,0.0032359579
2026-05-11 23:00:00,-0.0013470434
2026-05-12 00:00:00,0.0
2026-05-12 01:00:00,-0.0045935681
2026-05-12 02:00:00,-0.0004514877
2026-05-12 03:00:00,-0.0067968905
2026-05-12 04:00:00,-0.0008187401
2026-05-12 05:00:00,0.0046306888
2026-05-12 06:00:00,0.00153881
2026-05-12 07:00:00,-0.0064425612
2026-05-12 08:00:00,-0.0005463486
2026-05-12 09:00:00,9.10788e-05
2026-05-12 10:00:00,-0.0066706511
2026-05-12 11:00:00,0.0032038107
2026-05-12 12:00:00,-0.0020126253
2026-05-12 13:00:00,-0.0070762598
2026-05-12 14:00:00,0.0027629415
2026-05-12 15:00:00,-0.0003679514
2026-05-12 16:00:00,-0.0072949213
2026-05-12 17:00:00,0.0103264794
2026-05-12 18:00:00,0.0025650435
2026-05-12 19:00:00,0.0051104327
2026-05-12 20:00:00,0.0025454559
2026-05-12 21:00:00,-0.0015446825
2026-05-12 22:00:00,0.0023614907
2026-05-12 23:00:00,-0.0013617178
2026-05-13 00:00:00,0.0052550633
2026-05-13 01:00:00,0.0039682592
2026-05-13 02:00:00,-0.0003601008
2026-05-13 03:00:00,0.0057461103
2026-05-13 04:00:00,0.0050009034
2026-05-13 05:00:00,-0.0016939335
2026-05-13 06:00:00,-0.0025910222
2026-05-13 07:00:00,0.0042849557
2026-05-13 08:00:00,0.0004452955
2026-05-13 09:00:00,0.0169510548
2026-05-13 10:00:00,-0.004826476
2026-05-13 11:00:00,-0.0091018169
2026-05-13 12:00:00,-0.0075741062
2026-05-13 13:00:00,-0.0114245834
2026-05-13 14:00:00,0.0111562111
2026-05-13 15:00:00,-0.0167813393
2026-05-13 16:00:00,0.0183011644
2026-05-13 17:00:00,0.0103977831
2026-05-13 18:00:00,0.0019431202
2026-05-13 19:00:00,-0.0030931048
2026-05-13 20:00:00,0.0033577835
2026-05-13 21:00:00,-0.0045090921
2026-05-13 22:00:00,0.006535971
2026-05-13 23:00:00,-0.0082210408
2026-05-14 00:00:00,0.014976934
2026-05-14 01:00:00,0.0012234555
2026-05-14 02:00:00,-0.009741619
2026-05-14 03:00:00,-0.0092142054
2026-05-14 04:00:00,0.0051491591
2026-05-14 05:00:00,0.0189462732
2026-05-14 06:00:00,-0.0049649508
2026-05-14 07:00:00,-0.0061312271
2026-05-14 08:00:00,-0.0042261024
2026-05-14 09:00:00,-0.0005295208
2026-05-14 10:00:00,0.003084926
2026-05-14 11:00:00,-0.0034380957
2026-05-14 12:00:00,0.0172470898
2026-05-14 13:00:00,-0.0090679844
2026-05-14 14:00:00,0.0071566024
2026-05-14 15:00:00,-0.0090854124
2026-05-14 16:00:00,0.0185198529
2026-05-14 17:00:00,-0.0018107356
2026-05-14 18:00:00,0.0125216044
2026-05-14 19:00:00,-0.0103663383
2026-05-14 20:00:00,-0.0011201587
2026-05-14 21:00:00,0.0061882449
2026-05-14 22:00:00,-0.0026596901
2026-05-14 23:00:00,-0.0090615507
2026-05-15 00:00:00,0.0117212408
2026-05-15 01:00:00,-0.0055849267
2026-05-15 02:00:00,0.0031829353
2026-05-15 03:00:00,-0.0028383453
2026-05-15 04:00:00,-0.0157128108
2026-05-15 05:00:00,-0.0070243506
2026-05-15 06:00:00,0.0084233191
2026-05-15 07:00:00,0.0036630078
2026-05-15 08:00:00,0.0031290769
2026-05-15 09:00:00,-0.0078411275
2026-05-15 10:00:00,0.0082749481
2026-05-15 11:00:00,-0.0073132835
2026-05-15 12:00:00,-0.0030630576
2026-05-15 13:00:00,-0.024578674
2026-05-15 14:00:00,0.0048391527
2026-05-15 15:00:00,-0.0020582584
2026-05-15 16:00:00,0.008474249
2026-05-15 17:00:00,-0.0004442273
2026-05-15 18:00:00,0.0049641091
2026-05-15 19:00:00,-0.0013272576
2026-05-15 20:00:00,0.0013272576
2026-05-15 21:00:00,-0.0020358493
2026-05-15 22:00:00,0.0069754378
2026-05-15 23:00:00,-0.0031726474
2026-05-16 00:00:00,-0.0039800168
2026-05-16 01:00:00,-0.0021291704
2026-05-16 02:00:00,-0.0007996091
2026-05-16 03:00:00,0.0004443062
2026-05-16 04:00:00,-0.0079383193
2026-05-16 05:00:00,-0.000806271
2026-05-16 06:00:00,-0.0090930179
2026-05-16 07:00:00,-0.0048957487
2026-05-16 08:00:00,-9.08884e-05
2026-05-16 09:00:00,-0.006199874
2026-05-16 10:00:00,-0.0059624999
2026-05-16 11:00:00,0.0025728214
2026-05-16 12:00:00,-0.0025728214
2026-05-16 13:00:00,-0.0013810249
2026-05-16 14:00:00,0.0034948992
2026-05-16 15:00:00,0.0067710022
2026-05-16 16:00:00,0.0005469961
2026-05-16 17:00:00,-0.0017331817
2026-05-16 18:00:00,-0.0011875943
2026-05-16 19:00:00,0.0013701761
2026-05-16 20:00:00,0.0001825484
2026-05-16 21:00:00,0.0022790474
2026-05-16 22:00:00,-0.0036489732
2026-05-16 23:00:00,-0.0006399415
2026-05-17 00:00:00,-0.0043992372
2026-05-17 01:00:00,-0.0074678815
2026-05-17 02:00:00,0.0050768559
2026-05-17 03:00:00,0.0049595987
2026-05-17 04:00:00,0.004661587
2026-05-17 05:00:00,0.0030956958
2026-05-17 06:00:00,-0.0044644965
2026-05-17 07:00:00,0.0051915049
2026-05-17 08:00:00,0.0013617178
2026-05-17 09:00:00,0.0073214048
2026-05-17 10:00:00,0.0054784815
2026-05-17 11:00:00,-0.0017031961
2026-05-17 12:00:00,0.0049223709
2026-05-17 13:00:00,-0.0036671031
2026-05-17 14:00:00,-0.0079165581
2026-05-17 15:00:00,-0.0030755339
2026-05-17 16:00:00,-0.0034485922
2026-05-17 17:00:00,-0.0004546488
2026-05-17 18:00:00,0.0033595165
2026-05-17 19:00:00,0.0034386062
2026-05-17 20:00:00,-0.0015368624
2026-05-17 21:00:00,0.0059534724
2026-05-17 22:00:00,-0.0153159005
2026-05-17 23:00:00,-0.0049437069
2026-05-18 00:00:00,-0.0193676999
2026-05-18 01:00:00,-0.0021544667
2026-05-18 02:00:00,-0.0006566296
2026-05-18 03:00:00,-0.0001876877
2026-05-18 04:00:00,0.0028116232
2026-05-18 05:00:00,-0.0074210101
2026-05-18 06:00:00,-0.0135746543
2026-05-18 07:00:00,-0.0033507283
2026-05-18 08:00:00,0.0002876456
2026-05-18 09:00:00,-0.0021113252
2026-05-18 10:00:00,-0.0010573366
2026-05-18 11:00:00,0.0096665346
2026-05-18 12:00:00,0.0126823581
2026-05-18 13:00:00,-0.0116351878
2026-05-18 14:00:00,-0.0098485282
2026-05-18 15:00:00,-0.0024051193
2026-05-18 16:00:00,-0.0020247801
2026-05-18 17:00:00,0.0026987968
2026-05-18 18:00:00,-0.012592185
2026-05-18 19:00:00,0.0197854256
2026-05-18 20:00:00,-0.00478974
2026-05-18 21:00:00,0.008319436
2026-05-18 22:00:00,-0.0008574287
2026-05-18 23:00:00,-0.0023856111
2026-05-19 00:00:00,0.0044802515
2026-05-19 01:00:00,-0.0087887459
2026-05-19 02:00:00,-0.00124814
2026-05-19 03:00:00,0.0015359512
2026-05-19 04:00:00,0.0091664921
2026-05-19 05:00:00,-0.007058404
2026-05-19 06:00:00,-0.000287205
2026-05-19 07:00:00,0.0052523637
2026-05-19 08:00:00,-0.0054438795
2026-05-19 09:00:00,-0.0027811094
2026-05-19 10:00:00,-0.0001920861
2026-05-19 11:00:00,-0.0051037715
2026-05-19 12:00:00,0.0042389273
2026-05-19 13:00:00,0.002304591
2026-05-19 14:00:00,-0.0088632565
2026-05-19 15:00:00,0.0010638813
2026-05-19 16:00:00,0.0053986442
2026-05-19 17:00:00,-0.003756687
2026-05-19 18:00:00,-0.0029961845
2026-05-19 19:00:00,-0.001259141
2026-05-19 20:00:00,0.003579552
2026-05-19 21:00:00,-0.0012562209
2026-05-19 22:00:00,-0.00698625
2026-05-19 23:00:00,0.0017511436
2026-05-20 00:00:00,-0.0023355402
2026-05-20 01:00:00,0.000292241
2026-05-20 02:00:00,-0.0021450866
2026-05-20 03:00:00,0.003118607
2026-05-20 04:00:00,-0.0039974703
2026-05-20 05:00:00,0.0104957232
2026-05-20 06:00:00,0.0046296379
2026-05-20 07:00:00,-0.0040497597
2026-05-20 08:00:00,0.0014482262
2026-05-20 09:00:00,-0.000965251
2026-05-20 10:00:00,0.0023150391
2026-05-20 11:00:00,-0.0024116155
2026-05-20 12:00:00,0.0049135414
2026-05-20 13:00:00,-0.0052033264
2026-05-20 14:00:00,0.0077948718
2026-05-20 15:00:00,-0.0024954423
2026-05-20 16:00:00,0.0023995788
2026-05-20 17:00:00,0.0007666507
2026-05-20 18:00:00,-0.0039353125
2026-05-20 19:00:00,0.0016335948
2026-05-20 20:00:00,-0.0006723335
2026-05-20 21:00:00,-0.0038506016
2026-05-20 22:00:00,-0.0018342429
2026-05-20 23:00:00,0.0013518735
2026-05-21 00:00:00,0.0076901273
2026-05-21 01:00:00,0.0010527828
2026-05-21 02:00:00,0.0045810349
2026-05-21 03:00:00,0.0052234318
2026-05-21 04:00:00,-0.0005685048
2026-05-21 05:00:00,0.0025557305
2026-05-21 06:00:00,-0.0078774194
2026-05-21 07:00:00,0.0055112264
2026-05-21 08:00:00,0.0020825452
2026-05-21 09:00:00,-0.0055948181
2026-05-21 10:00:00,-0.0112844269
2026-05-21 11:00:00,0.002209521
2026-05-21 12:00:00,0.002396129
2026-05-21 13:00:00,0.0019127779
2026-05-21 14:00:00,-0.0045968286
2026-05-21 15:00:00,0.0040233793
2026-05-21 16:00:00,-0.0019138762
2026-05-21 17:00:00,0.0104812775
