0.0087205351
0.0152213935
-0.0032173941
-0.0018307040
0.0175150974
0.0041925195
0.0169743118
0.0079848254
0.0017888720
0.0019101409
-0.0002904384
-0.0108898541
-0.0016374518
0.0137714483
0.0057032018
-0.0072378669
-0.0014954516
-0.0000831463
0.0044800340
-0.0060611278
0.0025368586
0.0025304392
-0.0070263255
0.0081856980
0.0012406949
-0.0111802665
0.0024629012
-0.0034664975
0.0073364231
0.0198205428
0.0042661314
0.0045709280
0.0141061889
-0.0011546656
-0.0144458995
0.0008888171
-0.0185450894
0.0019316530
0.0071189238
0.0133235413
-0.0093768370
-0.0479093697
-0.0112240393
0.0190319378
0.0034179412
-0.0123767104
0.0011508707
0.0052261596
-0.0118082238
-0.0005147122
-0.0082283717
-0.0045090040
-0.0056649968
-0.0160348795
0.0055355189
-0.0000441628
0.0091441267
0.0042794825
0.0023068061
-0.0068488937
-0.0031566513
-0.0013621885
0.0016695228
0.0000877925
0.0084359178
-0.0017861426
-0.0039320248
-0.0057510530
0.0061011931
-0.0030239970
-0.0004829327
0.0008778861
-0.0049702110
0.0028619882
-0.0005277509
-0.0013205971
-0.0084933714
-0.0000444257
-0.0158971621
0.0017588567
0.0032839275
0.0049727943
0.0017413440
-0.0019648126
-0.0031338164
-0.0075614727
-0.0115876152
0.0002285035
-0.0033871960
0.0051221186
0.0063659728
-0.0026324165
-0.0061084203
-0.0006403513
-0.0001372715
0.0025592994
0.0017329446
0.0042738994
-0.0026349279
-0.0010012744
0.0212649361
0.0030266636
0.0106097101
0.0001758783
-0.0072364963
0.0068407266
0.0012746974
0.0022377754
0.0025825669
0.0044491044
-0.0116883595
-0.0026013551
-0.0020328803
0.0006633499
0.0066533259
-0.0128172885
-0.0009345587
0.0107611250
-0.0116965580
-0.0045560200
0.0014315754
0.0028570173
0.0071512953
0.0004867364
-0.0027021656
0.0011526357
-0.0069804432
-0.0087383765
0.0046699681
0.0047374390
-0.0031259794
0.0049078758
0.0016009965
0.0116629702
0.0049945339
-0.0003059641
-0.0014436645
0.0008751970
-0.0006563259
0.0012685084
-0.0067106987
0.0072788184
-0.0006555515
0.0028376244
-0.0075263997
-0.0010986839
0.0025471008
-0.0079702749
-0.0004864351
-0.0000884682
0.0071406836
-0.0125076211
-0.0046807173
0.0052142641
0.0003111042
-0.0046321123
-0.0061797698
0.0007184554
0.0014353640
-0.0035922805
0.0029197101
0.0026875716
-0.0004474273
-0.0113417661
-0.0060381996
-0.0053421126
0.0081160394
-0.0026373242
-0.0048837359
-0.0056896547
0.0085223884
0.0025517192
-0.0017308135
0.0073579839
0.0176725837
-0.0035631607
0.0165936682
-0.0064719446
-0.0137424057
0.0051365769
0.0007570866
-0.0014701627
0.0058677267
0.0006646138
0.0010182173
-0.0043457121
-0.0077626979
-0.0077331561
0.0003158916
-0.0102495228
-0.0024189327
0.0056048084
-0.0075716472
-0.0093379091
0.0057602519
0.0078266642
-0.0099886283
-0.0105081397
-0.0536252323
0.0164109743
0.0070749904
0.0000479582
0.0020121695
-0.0070603785
-0.0127575643
-0.0000976419
-0.0013191003
0.0017096109
0.0014630581
0.0011689072
-0.0039994201
-0.0122930200
0.0008901637
-0.0011870612
-0.0286659020
0.0033049477
0.0166624378
0.0026921943
-0.0076467874
-0.0006524303
-0.0344747263
0.0061647047
-0.0117403946
-0.0098724742
-0.0078410998
0.0045108469
0.0092234559
-0.0110783999
0.0063982451
-0.0020049603
-0.0006868314
-0.0083322759
-0.0015467082
-0.0047617864
0.0237948748
0.0009422111
0.0092180951
-0.0056666212
0.0068582386
-0.0076405684
0.0072780525
0.0080992988
-0.0007195724
0.0016439767
-0.0062822040
-0.0049712701
-0.0051526385
-0.0121799070
0.0023741075
0.0015796128
0.0099987746
-0.0055890871
-0.0064636710
0.0023696070
-0.0056965184
-0.0082860197
0.0065919116
0.0038604982
-0.0079487462
0.0060996821
0.0124545082
0.0019825749
0.0078395127
-0.0019670780
-0.0105743921
0.0052230350
-0.0026603391
0.0094097546
0.0021708801
0.0000000000
-0.0039835537
-0.0028551425
-0.0076712705
-0.0020451513
-0.0002625016
0.0018360661
0.0052795397
0.0003127606
-0.0028183735
-0.0078180738
0.0019471128
-0.0041619532
0.0055804304
-0.0058444289
0.0114460979
0.0017734200
0.0007813925
0.0019767993
-0.0059944405
-0.0050842681
0.0078513881
0.0099090329
0.0046867441
0.0027195542
0.0088767035
0.0156721694
-0.0148091157
-0.0064145208
-0.0065073373
0.0094142420
0.0007126858
-0.0055110616
-0.0064681950
0.0051881457
0.0013312172
-0.0024590176
0.0034818264
0.0001533311
0.0140572206
-0.0052040032
-0.0086488126
0.0030101296
-0.0009173845
0.0057959387
-0.0134737161
-0.0103815203
0.0086844692
-0.0058330272
0.0043908431
0.0052436888
-0.0002051177
0.0082229325
-0.0038221476
0.0012246774
0.0004078927
-0.0025520635
0.0011747582
0.0024472328
-0.0045934853
-0.0083734083
-0.0058463058
-0.0045766670
0.0035902945
0.0019717732
-0.0032191097
-0.0072025364
-0.0015201953
-0.0062623544
-0.0051337804
0.0066635182
-0.0059209308
-0.0020700095
0.0053519986
-0.0037593034
0.0074518750
0.0011051179
0.0027312376
-0.0075289270
-0.0051394926
0.0021225797
0.0025411629
0.0035889625
-0.0062891627
0.0046018436
0.0127423658
-0.0144854008
0.0043255857
-0.0015803617
-0.0459578231
-0.0077023626
-0.0054103933
-0.0273849922
-0.0285108949
0.0166572766
-0.0008146640
-0.0035573736
0.0056508845
-0.0009299082
0.0037144558
0.0149496804
0.0029633028
0.0021599508
-0.0020461528
-0.0054197583
0.0022855847
0.0034186120
0.0035203307
0.0070036999
0.0002251111
0.0128038427
0.0160920479
-0.0061967241
-0.0076755671
-0.0016088323
-0.0046747261
-0.0003347467
0.0027304912
0.0022234584
-0.0029471481
-0.0036822180
0.0113931263
-0.0054302788
0.0070867310
0.0070916435
-0.0013704264
0.0051430873
0.0092346791
0.0033468317
-0.0032927616
0.0011888038
0.0061913035
-0.0011814619
0.0033795596
0.0051279424
-0.0022402399
-0.0028877025
-0.0161964346
-0.0077587538
0.0020821925
0.0037152422
0.0045704416
0.0046577207
0.0043671723
-0.0035569965
-0.0100928742
0.0067398885
-0.0040167236
-0.0027777039
0.0052764830
-0.0029884018
0.0002720422
-0.0039791827
0.0002184479
-0.0072340974
0.0031850658
0.0080817346
-0.0018508443
-0.0005995367
0.0023416026
0.0014675112
0.0056325972
-0.0018920459
0.0066334341
-0.0000537533
-0.0022063779
0.0039787138
-0.0132337794
0.0017927480
-0.0027719669
-0.0066075326
0.0004929751
0.0006021953
-0.0063687489
-0.0042500409
0.0070550918
-0.0024746363
0.0039016398
0.0150239612
0.0044742804
0.0023101523
-0.0037634453
-0.0132301447
0.0038678446
0.0046650478
0.0055587180
0.0086274415
-0.0004803202
-0.0031544924
0.0013378644
0.0356167492
0.0069941144
-0.0007690139
0.0013837995
0.0000000000
-0.0042085876
-0.0037616307
-0.0022741378
-0.0103503902
0.0010973221
-0.0027193825
-0.0049872797
0.0113036946
-0.0058452231
0.0191815109
0.0115378041
-0.0189076419
-0.0138026619
0.0035077652
-0.0031407061
0.0020948997
0.0151097140
0.0027789232
0.0038468490
-0.0048237380
0.0097771504
0.0115473555
-0.0128216630
-0.0067553993
0.0052751652
0.0102148011
0.0026257337
-0.0032326526
0.0039384045
0.0197591500
-0.0015327947
-0.0147050478
0.0075540018
-0.0067006951
0.0091894968
-0.0072847343
0.0115510371
0.0045438909
-0.0001478452
-0.0223776500
-0.0107933856
-0.0064400938
0.0046553352
-0.0131002875
-0.0071617930
0.0050393644
0.0003626849
-0.0027493209
-0.0013514920
-0.0075708494
-0.0020986367
0.0020462244
0.0012047879
-0.0071451392
0.0024224563
-0.0036886799
-0.0038083194
-0.0083548899
0.0046915904
-0.0007981483
0.0078473361
-0.0184430365
0.0105957003
0.0094832636
-0.0117748258
-0.0137525670
-0.0184523196
-0.0020959743
-0.0014366231
0.0026506173
-0.0445445159
-0.0058406990
-0.0040681174
0.0162314033
-0.0051124562
-0.0046178794
0.0073784056
0.0025238054
0.0019458599
-0.0028055327
0.0040054986
0.0038757529
-0.0058764967
0.0046242197
0.0015366669
0.0113660077
0.0073387629
-0.0032425813
-0.0105833008
-0.0012458238
0.0088568542
0.0047625808
0.0041278577
0.0047759296
-0.0092392264
-0.0069577208
-0.0009013070
0.0027014875
0.0022456780
-0.0021332743
-0.0074458828
0.0009620555
0.0013566222
-0.0036784513
0.0042996219
0.0042250014
-0.0001124353
0.0003372681
-0.0014623175
-0.0051915923
-0.0078953010
0.0110022093
-0.0064505401
0.0004540295
0.0019273290
0.0096934934
-0.0032019801
0.0043790773
0.0003360591
-0.0061791007
0.0005633168
0.0005067140
0.0041005534
-0.0034253339
-0.0077926872
-0.0034640428
-0.0040470885
-0.0071652022
0.0043052792
-0.0019494301
0.0060651327
0.0061986607
0.0042993787
-0.0073654724
0.0016477745
0.0019284221
-0.0087073367
-0.0074008542
-0.0083847023
0.0080967419
0.0090026125
0.0026224290
-0.0037647640
0.0051871180
0.0017041586
-0.0001135203
0.0051521699
0.0031011273
-0.0018595221
0.0055682250
-0.0016278878
-0.0051254724
-0.0021481071
0.0001131734
0.0008483923
0.0063120137
0.0004493372
-0.0033749610
0.0074099362
-0.0006154018
0.0076932033
-0.0015561610
0.0006672227
-0.0021144010
-0.0219058792
-0.0114522553
0.0033346780
0.0005738222
0.0070312120
-0.0019386481
-0.0049778389
-0.0033899311
-0.0010365082
0.0013817723
-0.0075075428
-0.0003478664
-0.0041838634
-0.0017484560
-0.0012257407
0.0011674062
-0.0057333568
-0.0147170126
-0.0227638398
0.0149333206
0.0140037446
0.0107122861
-0.0075219253
-0.0008851908
-0.0049716011
0.0051487020
0.0048873938
0.0005285257
-0.0017040284
0.0036395696
0.0056094573
-0.0013410690
-0.0050890695
0.0033371419
-0.0039237554
-0.0028793909
-0.0178120247
0.0110807758
-0.0082094453
-0.0040701559
0.0046673134
0.0039323216
-0.0046489534
0.0008360206
-0.0118891757
0.0083012989
0.0233284706
0.0003510825
-0.0035163841
0.0014080378
0.0021668481
-0.0068680379
0.0012950320
0.0054559990
-0.0002925773
0.0008190009
-0.0048065743
-0.0009405679
0.0036983810
-0.0008793271
-0.0053512227
-0.0031298930
0.0028940161
-0.0066272432
-0.0014258558
0.0005943537
0.0007127584
0.0090434165
0.0003529827
-0.0008238202
-0.0008244995
0.0035287927
0.0045688927
-0.0009940068
0.0003509388
-0.0042781441
-0.0047685017
-0.0007083826
-0.0112237290
0.0050038825
-0.0017247023
0.0152404155
-0.0013492508
-0.0008809280
0.0028748296
0.0007613247
0.0027476560
-0.0063250577
-0.0233598544
-0.0015046195
-0.0189092121
-0.0072691751
0.0051800807
0.0021504724
0.0053865589
-0.0075985414
-0.0050567449
0.0033329249
0.0010469593
0.0068092156
-0.0037362614
0.0033082184
-0.0014689683
-0.0004901360
0.0001225565
-0.0013489486
0.0058730133
0.0022543802
-0.0042082214
-0.0008560074
-0.0071209632
-0.0111511501
-0.0006231695
-0.0013099213
0.0009358331
-0.0092720875
-0.0072010923
-0.0021577720
0.0079101820
-0.0392081069
0.0090055425
0.0044725403
0.0148930728
-0.0138588129
-0.0031059945
0.0010364038
0.0117780927
0.0024284266
0.0010207337
-0.0034491603
0.0005756868
-0.0141033345
0.0069155228
0.0014802899
-0.0002572844
-0.0390277437
-0.0051638112
-0.0177043797
0.0159547157
0.0093853340
-0.0084428269
-0.0076328514
0.0040600949
-0.0127771209
0.0315092716
0.0031762864
0.0006604584
0.0073019434
0.0002621404
-0.0024274245
0.0041296640
0.0096348639
0.0004534119
-0.0032431760
-0.0027975686
-0.0041129485
-0.0059051415
0.0017095145
0.0109761980
0.0118206977
-0.0127307933
-0.0080316472
-0.0141293781
0.0292249865
0.0103434798
0.0063075613
0.0094817398
-0.0011960594
0.0378243087
-0.0055344523
-0.0058719356
0.0029402778
-0.0072437395
0.0054070792
0.0006125950
0.0218071516
0.0014968718
-0.0236102740
0.0022640365
0.0003666585
0.0014042802
-0.0016487043
-0.0037962328
-0.0012890950
0.0063068513
-0.0009160026
0.0166614984
-0.0094175160
-0.0039502923
-0.0043328417
0.0102221760
0.0001815926
0.0002420721
0.0030812942
0.0034326010
-0.0022268373
0.0027076643
-0.0054830975
-0.0032679768
0.0023008002
0.0081313503
-0.0013806768
-0.0094758834
0.0013332527
0.0012105074
0.0018130180
-0.0028418558
0.0094016241
-0.0104315215
-0.0118900215
0.0050781718
0.0127343908
-0.0056801168
0.0062222691
0.0020454826
-0.0057258391
-0.0060020187
0.0014583463
0.0003035546
0.0051463801
0.0054203939
-0.0034295031
-0.0027158350
-0.0070350220
0.0030384078
0.0009703439
-0.0032178772
-0.0117446909
-0.0012313756
-0.0036414174
-0.0078835878
-0.0110920768
0.0082836997
0.0014363781
-0.0049422979
0.0026931404
0.0029353923
0.0062169924
0.0061169828
-0.0114612660
-0.0065012419
0.0037558730
-0.0057647882
0.0119933976
0.0081012162
-0.0004312336
-0.0020354672
-0.0066906457
0.0035986885
-0.0035986885
0.0055786421
0.0009267555
-0.0070649773
-0.0020544754
-0.0058753841
0.0001880465
-0.0044599465
0.0145002541
0.0027883650
-0.0120142128
-0.0133020086
0.0103542815
0.0090662452
0.0021761441
0.0030386678
-0.0026040067
-0.0001241696
0.0050165776
-0.0006797887
0.0020379813
-0.0016671301
-0.0000617990
0.0051778455
0.0038046192
-0.0026985604
0.0019020161
-0.0031925371
-0.0022162038
-0.0020358439
-0.0022256578
0.0046312102
0.0040577984
-0.0014122128
0.0121531924
-0.0032223770
-0.0031717013
-0.0022017011
0.0052515998
0.0013390142
-0.0042667382
0.0028668171
-0.0033556055
-0.0021412629
-0.0031283571
0.0014120394
0.0039798001
0.0026850568
-0.0011585720
0.0034716970
0.0022471237
-0.0019431631
-0.0004863813
-0.0013387697
0.0023720475
-0.0043225540
-0.0030553033
0.0050058099
-0.0001826985
0.0031013434
-0.0032840752
-0.0015850762
0.0035324965
0.0290604914
0.0009444544
0.0020628894
-0.0055499936
-0.0079653277
-0.0000596819
-0.0052060076
0.0025166290
-0.0114355745
0.0041077743
-0.0039261927
-0.0024844733
0.0003639672
0.0013334143
-0.0063191364
-0.0007927071
-0.0040954854
0.0108438467
0.0018160911
-0.0000604833
-0.0041214677
0.0186527670
-0.0051398631
-0.0067939537
-0.0033840980
0.0003026176
0.0008468425
-0.0014521694
-0.0052818627
0.0038275815
-0.0095659526
-0.0034343220
0.0009210648
-0.0018429788
-0.0106324795
0.0027926912
0.0013624824
-0.0042794744
-0.0049222817
-0.0013125412
-0.0030693124
0.0005017562
0.0001880937
-0.0001253918
-0.0091963359
0.0000000000
0.0042307391
-0.0022078545
-0.0043669574
0.0009509621
0.0000633653
0.0057495025
-0.0011977182
0.0062250649
0.0061242536
0.0017429198
0.0047155265
-0.0041559468
0.0033509184
-0.0019223024
0.0035935602
-0.0029110299
-0.0044136459
0.0089931452
0.0094024352
0.0142716417
0.0361221106
-0.0112883199
0.0089592167
-0.0024514108
0.0004089860
0.0019841276
-0.0044405565
-0.0117215302
-0.0014823162
0.0080373933
-0.0057851401
-0.0012440391
0.0087934705
0.0223696978
0.0013780434
0.0026359536
-0.0025212023
0.0032077012
-0.0041835071
-0.0026451999
-0.0091974618
0.0146526994
-0.0087427222
-0.0204857028
0.0080458517
-0.0001754950
0.0047858151
0.0009893212
0.0033679841
-0.0009279667
0.0020867153
-0.0038289772
-0.0026773778
0.0049417269
-0.0097908586
0.0007610573
-0.0081676277
0.0026515055
-0.0073827226
-0.0119269110
0.0010792662
0.0032905591
-0.0050899837
0.0010200715
0.0008392783
-0.0150941705
0.0002433090
-0.0072026192
-0.0054054186
0.0035045687
-0.0059095278
0.0004320854
0.0036344636
0.0012904417
0.0080734383
-0.0073981567
0.0030025452
-0.0021437548
0.0001226242
0.0076343242
-0.0036572027
0.0032312176
0.0039486125
-0.0037660252
-0.0026202751
0.0043835687
-0.0022502670
-0.0001217804
0.0001217804
-0.0028657682
-0.0006107989
-0.0040406569
0.0018386865
0.0007957154
-0.0056448794
0.0064399622
0.0040877394
0.0007303713
0.0008514262
-0.0013991547
0.0013991547
-0.0019471833
-0.0032944939
0.0014045375
-0.0012823255
-0.0018347507
0.0038490959
-0.0007320198
-0.0003662109
-0.0021389075
0.0067676995
0.0042444885
0.0103534302
0.0355888513
-0.0142597650
-0.0026413891
0.0051588812
-0.0024002587
-0.0109619202
0.0043165960
0.0061176661
0.0093393161
0.0050996865
-0.0057389798
-0.0054797852
0.0032099009
0.0085289601
0.0112028288
-0.0052698025
-0.0043743595
-0.0052050317
0.0044548658
-0.0028326174
-0.0082544211
-0.0004670715
-0.0012855725
-0.0089865807
0.0075822504
-0.0132030681
-0.0005935071
-0.0072692926
0.0002391772
0.0032233061
0.0010721307
-0.0066298585
0.0015568865
-0.0007781403
0.0060296890
-0.0017872041
-0.0061604908
-0.0003600360
0.0083077309
-0.0021450285
0.0038696283
-0.0008321941
0.0042132810
-0.0034405064
0.0030851404
0.0053172759
0.0073970045
0.0042606654
-0.0033837031
-0.0133543179
0.0011837823
0.0051332089
0.0077967391
0.0008755290
-0.0044439320
-0.0035223707
0.0035809719
0.0037433512
-0.0020454088
-0.0012292565
-0.0009962203
0.0061373194
-0.0064891637
0.0041555765
0.0066364197
0.0010438414
-0.0034837172
-0.0026790930
0.0011657051
0.0045912962
0.0040506970
0.0035741088
-0.0044985369
-0.0038803512
0.0038803512
0.0037501847
-0.0049647949
-0.0008105605
0.0249962967
0.0266994652
-0.0028642267
0.0047325644
-0.0084905130
-0.0098484591
0.0113975603
-0.0000552837
-0.0034890518
0.0042627462
-0.0009395640
0.0040834402
0.0006606111
0.0052144916
-0.0055447426
-0.0015426150
-0.0035902715
-0.0028260346
-0.0018884698
0.0021104084
0.0023273866
0.0168495521
0.0138365628
-0.0041416836
0.0023150028
0.0076070437
0.0248774293
0.0093264925
0.0067845655
-0.0130963460
0.0159607981
0.0165644696
-0.0030188702
-0.0002015824
0.0001511906
-0.0093664457
-0.0009160306
0.0055849048
0.0072140558
0.0020588021
-0.0014557870
0.0081053128
0.0106565902
0.0083953656
-0.0169612586
0.0200853459
0.0264527520
0.0048297835
0.0008027009
-0.0276599125
-0.0157968806
-0.0125001628
0.0048300853
-0.0072288871
0.0138632316
0.0062474070
-0.0007358533
-0.0114010563
0.0015871445
0.0020793116
-0.0061016634
-0.0032395553
0.0085001133
0.0006927264
-0.0081949352
-0.0194376430
0.0002033760
-0.0055568444
-0.0137954522
0.0067670791
0.0163402328
-0.0005572865
0.0005066370
-0.0154661991
0.0111007099
0.0029969799
0.0014191589
0.0003038436
0.0051008924
0.0031686183
-0.0027656971
0.0030669473
-0.0076597835
0.0065044979
0.0023593796
-0.0078526529
-0.0045585856
-0.0017784106
0.0123327315
0.0082045585
0.0010955085
0.0014422482
-0.0052817901
-0.0058122220
0.0085562554
0.0064561210
-0.0036699109
-0.0016907015
-0.0180791345
-0.0000506778
0.0067177059
0.0003523165
0.0037169162
0.0090832585
0.0167019525
0.0169080888
-0.0084425327
-0.0010664082
0.0073929452
-0.0048741742
0.0038626865
-0.0037175661
-0.0047515241
-0.0009238325
0.0007294124
-0.0137042082
-0.0174989552
0.0102283541
-0.0083244505
-0.0089497304
0.0014635749
-0.0029292950
0.0035846856
-0.0019674619
-0.0025280628
-0.0126858058
-0.0090130139
-0.0036280749
-0.0115940300
0.0071707407
-0.0011480458
-0.0002611034
-0.0038723230
0.0003669436
0.0007334836
0.0069934005
-0.0010406911
0.0037932961
0.0096005692
-0.0245449377
0.0138546197
0.0098166637
0.0189453619
-0.0197683226
-0.0129996393
0.0094944810
0.0095586318
0.0043379588
0.0144091070
0.0105852796
-0.0055782593
-0.0145393078
-0.0018260213
0.0007105157
0.0039999041
0.0078017257
-0.0007523511
0.0039560381
0.0068235852
-0.0018880117
-0.0013934510
0.0032814627
-0.0016393853
0.0136291676
-0.0031438843
0.0172670371
0.0014496958
0.0066416646
0.0019647784
0.0136464091
0.0206588016
-0.0066837102
-0.0099689591
0.0160511098
-0.0200100178
0.0047112120
-0.0210894109
0.0104577989
0.0079018131
0.0018363749
-0.0024020924
0.0024491346
0.0169317695
-0.0049611786
0.0030167335
0.0054533826
-0.0139700135
-0.0005142470
0.0006077180
-0.0126509553
0.0095149093
0.0084030185
-0.0173028489
-0.0026048465
0.0246845160
0.0148334561
-0.0064941233
0.0282282279
0.0362242606
-0.0049593650
0.0218933788
-0.0018203760
0.0364871891
0.0044432741
-0.0279640443
-0.0048217112
0.0117410002
0.0033175779
-0.0061878559
0.0303613064
0.0068064461
-0.0235964407
-0.0258943783
-0.0000843526
0.0103640915
-0.0221588825
-0.0002987942
-0.0087040961
0.0072087847
-0.0004276428
0.0093237791
0.0132602814
0.0146951586
0.0043175297
0.0238396111
0.0202267455
-0.0042887280
-0.0101455315
0.0110520248
-0.0015375824
-0.0009868746
-0.0061007201
-0.0263718808
0.0062226942
-0.0161448748
-0.0132314919
0.0122420867
0.0015249246
-0.0036306666
-0.0033950267
0.0067785661
-0.0069859532
0.0009536249
-0.0021988517
0.0034827350
0.0229942215
0.0184351792
-0.0025048221
0.0168164070
-0.0039221889
-0.0070197867
-0.0043230876
0.0007151939
0.0116881883
-0.0144325472
0.0011941250
0.0016296683
0.0058607066
0.0080223797
-0.0066414093
0.0033065689
0.0380546698
-0.0062617612
0.0363350130
0.0054915020
-0.0105704574
0.0044546783
0.0063348131
-0.0002190341
-0.0107549626
-0.0132250525
0.0113041772
0.0036907220
0.0009941640
0.0080274610
-0.0036208733
0.0016108959
-0.0038484846
-0.0118952271
0.0104620093
-0.0032414939
0.0051152889
0.0076424177
0.0138192700
0.0137726514
-0.0005316792
-0.0067234916
-0.0327993412
-0.0079988576
-0.0069021111
0.0151222485
0.0017684774
0.0000736187
0.0001472212
0.0035268222
-0.0255924232
0.0014286791
-0.0312919033
0.0224995597
0.0031031245
0.0033571635
0.0072790356
-0.0054730981
0.0077882597
-0.0026890773
-0.0096201561
-0.0079231607
0.0172066731
-0.0027722642
0.0037818554
-0.0084822607
0.0038371878
-0.0232087143
0.0124879895
0.0127462318
0.0019092191
0.0138168889
-0.0156137001
0.0025071579
-0.0047201706
-0.0079546517
0.0101301964
-0.0052594133
-0.0130800113
-0.0070465978
0.0049454758
-0.0166198130
-0.0018681410
-0.0028478378
-0.0248000528
-0.0207177435
0.0154173778
0.0061810351
-0.0303866096
-0.0010317150
0.0102695612
-0.0083720274
-0.0178379400
-0.0049206282
0.0111105266
0.0028727875
0.0171472814
0.0002451782
-0.0039711022
-0.0018476325
-0.0203427806
-0.0346495387
-0.0159751302
0.0276731895
0.0128346288
0.0005929691
-0.0051791591
0.0166723288
-0.0070149197
-0.0122144103
0.0414584465
-0.0178852788
-0.0184232340
0.0175059175
0.0022084723
-0.0068915382
0.0073908932
-0.0172465093
-0.0038591257
-0.0146812832
-0.0194620506
0.0107574940
-0.0189244084
-0.0002216558
0.0187110167
-0.0137135493
0.0024233891
-0.0044547433
0.0012369678
0.0230005557
0.0006038648
-0.0034555777
0.0009082456
-0.0029006233
-0.0315794854
0.0037962574
0.0110826562
-0.0003527492
0.0020706221
0.0006159532
0.0228715566
0.0087740510
0.0037429332
0.0050815269
-0.0061009383
-0.0096936811
0.0162591366
0.0005486969
0.0027810569
0.0026054814
-0.0050068475
-0.0005062864
0.0045053656
0.0049033059
-0.0019249284
-0.0084970856
0.0040892956
0.0014714231
-0.0056029636
0.0078270051
-0.0079960025
-0.0005917160
0.0064476930
0.0047354724
-0.0080594820
0.0021891980
-0.0046789134
-0.0049131823
0.0033063487
0.0059071902
0.0087124619
-0.0019620537
0.0091510975
0.0012414137
-0.0129447605
-0.0065568493
-0.0039717803
-0.0037751100
0.0156852733
-0.0114445647
0.0086376335
-0.0042884236
-0.0043915280
0.0024514996
0.0042546982
0.0078300411
0.0039544664
-0.0042464677
-0.0018791896
0.0047953723
0.0070469534
-0.0059659621
0.0042295634
-0.0114025372
0.0215302483
0.0022094935
-0.0011041365
0.0149047371
-0.0070388640
-0.0107751747
-0.0076205753
0.0023954086
-0.0046307864
0.0012424934
0.0001241645
-0.0203606607
-0.0205251386
0.0018951636
-0.0006026171
-0.0077804585
-0.0068360704
0.0031843688
-0.0072997811
-0.0001316222
-0.0082830804
-0.0025249742
0.0019053955
-0.0060388266
-0.0042847644
0.0155337759
-0.0055201182
0.0120605362
0.0051059484
0.0098326654
-0.0077888754
-0.0056195831
-0.0139450187
0.0085572398
0.0114850932
-0.0141678875
-0.0192082736
0.0003590825
-0.0049487234
0.0050833462
-0.0022910547
-0.0035141503
-0.0012645081
0.0086389739
0.0020140092
0.0010278182
-0.0016539643
0.0056212506
-0.0010237466
-0.0003117832
-0.0073325912
0.0030468704
0.0018326075
-0.0090616087
0.0020257958
-0.0083546448
-0.0080135201
-0.0126511176
0.0061385280
0.0015172766
0.0217681450
-0.0043700653
-0.0013102313
0.0078806163
-0.0273740550
0.0013820429
0.0023910256
-0.0018387428
0.0008278527
0.0106546953
0.0118467654
-0.0047760747
0.0051356091
0.0016163071
0.0013001280
-0.0005377790
0.0046957891
-0.0025911380
0.0052645789
0.0016006406
-0.0076259651
-0.0049365087
-0.0041023387
-0.0119974173
-0.0164561551
0.0113225324
0.0116046624
-0.0200497621
0.0002316906
-0.0097307377
-0.0014514130
-0.0029091612
-0.0098695108
-0.0046615696
-0.0084267472
-0.0025997800
0.0091653512
-0.0022475681
-0.0065322038
-0.0069632777
-0.0002911915
-0.0013600158
-0.0079541715
0.0006856695
0.0071226762
0.0086157358
0.0003854864
-0.0175447360
0.0266566348
0.0005727104
-0.0096364338
-0.0078348324
0.0011160986
0.0105652622
-0.0135767274
-0.0011194667
-0.0356428222
0.0139820364
0.0078322911
-0.0001975309
-0.0033144555
0.0014359637
0.0034576473
-0.0036060997
-0.0283080383
0.0185610816
-0.0054116482
0.0029098957
-0.0049216652
0.0057229072
-0.0009014424
-0.0004009020
-0.0195881247
-0.0058954878
0.0078359470
-0.0177050430
-0.0084476698
0.0079282702
0.0068860455
0.0013406210
-0.0023214434
-0.0141477446
0.0136828085
0.0063354921
0.0059894213
0.0004082258
-0.0017872193
-0.0007157830
0.0008179960
0.0028577280
0.0012222450
0.0019321712
0.0040049735
0.0007586294
0.0050428750
-0.0026191211
0.0015118685
0.0007047571
0.0053199624
-0.0014526513
-0.0005515582
-0.0026114920
0.0002514016
0.0027111172
-0.0014048470
-0.0020103540
0.0208605379
-0.0092563463
0.0080731475
-0.0050938514
-0.0034767096
-0.0014937266
0.0096202269
0.0028090598
-0.0053786121
-0.0049600816
0.0022350818
-0.0023345348
0.0033263032
0.0114822008
-0.0022564515
0.0013250560
0.0185131985
-0.0065691199
-0.0050527242
-0.0042464981
0.0108003969
0.0103977061
0.0089626839
-0.0014723696
-0.0033327016
-0.0057391711
0.0029215280
-0.0126090510
-0.0027158116
0.0029095162
-0.0074360626
-0.0159318903
0.0073582396
0.0164938107
0.0061277362
-0.0020705437
-0.0194199761
0.0050983002
-0.0260063694
-0.0068991839
0.0046382740
0.0064176706
-0.0064176706
-0.0053965583
0.0011119536
-0.0020732732
0.0078154942
0.0036097502
-0.0120835223
0.0044980239
-0.0036372862
-0.0056844288
0.0005597252
0.0175978322
0.0021968155
0.0042302300
-0.0089292988
0.0062439325
-0.0018940344
0.0002494201
-0.0060033198
0.0070502055
0.0124286713
0.0103785139
-0.0078719390
0.0104498241
-0.0012151556
0.0005834590
-0.0023846034
0.0018497790
-0.0003404918
-0.0012656997
-0.0013648552
-0.0020507820
-0.0034273437
0.0007844291
0.0036200020
0.0036555983
0.0015556639
-0.0004858850
0.0006801730
0.0014074598
0.0330103905
0.0054284377
-0.0010272694
0.0016804373
-0.0070674980
0.0070674980
-0.0083365039
0.0022548983
0.0017346871
0.0177817541
0.0022982176
0.0071822629
0.0156486392
-0.0017966228
-0.0043702622
0.0002257387
0.0011279299
0.0040051355
-0.0056749240
-0.0054802103
0.0113347643
0.0080946754
-0.0041956855
-0.0031359223
-0.0007630676
0.0043908848
-0.0081699067
0.0268603839
-0.0198982879
-0.0089472980
0.0066170258
0.0239383743
-0.0066804626
0.0109204427
0.0013512632
-0.0005664365
0.0068627294
-0.0025571582
0.0002603489
0.0067884814
-0.0034100998
-0.0043333257
0.0036412542
0.0195387337
-0.0030172345
0.0028474912
0.0033048077
0.0048105418
-0.0007580224
0.0014734053
0.0237359164
-0.0239883460
0.0106308288
0.0027439422
0.0000830323
0.0165510798
0.0022840372
-0.0097433939
0.0015620507
-0.0032501623
-0.0093151018
-0.0015401589
0.0100719978
-0.0048368188
-0.0054434906
0.0111459854
-0.0006182635
-0.0187699291
-0.0064062258
-0.0180469498
0.0069501331
-0.0016259470
-0.0078674553
-0.0035021762
0.0047961723
-0.0069641478
0.0141797441
-0.0041597933
0.0072363244
-0.0029481531
0.0033747015
0.0028957138
-0.0058853803
-0.0031273454
0.0018861460
0.0018398482
-0.0015401073
0.0109430314
0.0192095828
-0.0063762171
0.0008358060
-0.0047315068
0.0018450190
-0.0224109695
0.0124325696
-0.0088829026
-0.0082735441
-0.0175435478
-0.0025001658
0.0070022168
-0.0035825107
0.0105360372
-0.0011266630
-0.0014318258
0.0039001610
-0.0165718327
-0.0012760436
-0.0124494885
-0.0059469423
-0.0036842383
0.0114128390
0.0019117489
0.0029715068
-0.0060409725
0.0063951899
-0.0104130524
-0.0000894694
0.0073988571
-0.0066833255
-0.0071784596
-0.0052820601
0.0034793646
0.0207582839
-0.0106601347
0.0132193736
0.0118717855
0.0046488472
0.0033321103
0.0071030670
0.0113458244
0.0067209383
-0.0058730495
0.0036799737
-0.0046551079
0.0024572119
-0.0141048466
0.0148239211
0.0074143064
0.0072764090
-0.0179518411
-0.0000848464
0.0371855063
0.0198715537
-0.0000400729
-0.0110004131
-0.0009728810
-0.0041453363
-0.0036311009
-0.0164843426
0.0024071396
0.0046319355
0.0030897917
-0.0035437650
0.0064189827
-0.0019706867
-0.0002466091
0.0059836244
0.0007352341
-0.0024119546
0.0104640518
0.0315752761
-0.0071286807
-0.0065828845
-0.0126523148
-0.0007658666
-0.0112734365
-0.0128054284
0.0025989578
-0.0174134270
-0.0022664326
-0.0510301601
0.0023849495
0.0065075198
-0.0116821184
-0.0069413823
-0.0008040381
0.0026776167
-0.0035270256
-0.0035843938
-0.0116025771
0.0107493922
0.0060463738
-0.0008040740
0.0108892385
0.0013694094
0.0158538838
-0.0080707167
0.0133576072
-0.0022500118
-0.0004332756
0.0016887142
-0.0042923173
0.0027769359
-0.0033419445
-0.0005653280
-0.0107584349
-0.0129667916
-0.0094880769
0.0048895466
0.0041084325
-0.0107082275
-0.0003153650
0.0221914463
0.0131779592
0.0049892726
-0.0089550242
0.0275630041
-0.0038304439
-0.0086080059
0.0014612974
0.0030446645
-0.0092915883
-0.0007782102
0.0089559264
-0.0024463007
-0.0037022729
-0.0105357692
-0.0092392557
0.0036884208
-0.0041284261
0.0095484936
-0.0024878349
0.0041429596
-0.0034003259
0.0013527963
0.0008718016
0.0049981633
-0.0020397099
0.0039887328
0.0005623446
-0.0022512781
0.0026404084
0.0079225387
0.0026982478
0.0083058725
-0.0080065161
-0.0036840343
0.0000429157
0.0098644976
-0.0059668591
0.0002991901
0.0017506036
-0.0056470738
0.0058177005
0.0009379264
0.0297652266
-0.0204762492
-0.0039340984
-0.0113814396
-0.0039518952
0.0036088714
0.0014570390
0.0167735732
-0.0115201816
-0.0047824507
-0.0210652483
-0.0174623010
-0.0011127185
0.0063481002
-0.0045683445
-0.0107263598
-0.0027447204
-0.0030233998
0.0058130529
-0.0037814036
0.0011719632
0.0105308943
-0.0159967464
0.0105434878
0.0025962414
-0.0107871063
0.0098926118
0.0041526259
-0.0027218186
0.0000893575
0.0075663526
-0.0042657252
-0.0094401524
0.0103303470
-0.0126705821
-0.0041538799
-0.0204779073
0.0055264026
-0.0030818083
0.0038163598
-0.0004131188
0.0002295315
0.0040311553
0.0052890877
0.0024526515
-0.0004991265
-0.0025903807
-0.0218049947
-0.0039609549
-0.0058535839
0.0036098584
-0.0086478896
0.0007549663
0.0080333037
-0.0001403804
-0.0076099578
-0.0124791067
0.0079420225
-0.0014220708
0.0022743436
0.0023636203
0.0063070905
0.0002345711
-0.0009855685
-0.0022093224
0.0125328988
-0.0033050187
0.0033050187
-0.0059662711
0.0031274094
-0.0205765670
0.0168412122
0.0051325234
0.0091265603
0.0109616526
-0.0087504853
0.0180127536
0.0003614839
0.0024366044
0.0039131951
-0.0048149491
0.0008566856
0.0071404817
-0.0113407453
0.0053263645
0.0027423759
0.0060872088
-0.0091447652
-0.0029314293
-0.0084817381
-0.0050230710
-0.0010076491
-0.0030290537
-0.0067796870
0.0050315152
-0.0015667484
-0.0070344607
0.0000464414
0.0039396589
0.0067768740
-0.0116457714
0.0034802012
0.0036527610
0.0002307391
-0.0097371753
0.0077048420
0.0012476031
0.0056639113
-0.0099677798
0.0061032185
0.0036349455
-0.0067281360
0.0074168254
-0.0002754189
-0.0040021214
-0.0131770106
-0.0102338702
-0.0064853833
0.0068156265
0.0760434295
0.0084451137
0.0187659828
0.0110844304
0.0013874584
0.0031461737
0.0015902912
0.0088674838
-0.0081986434
0.0049605137
-0.0119636665
-0.0107464226
-0.0140934886
-0.0016839019
0.0158199265
0.0107038866
0.0035706072
-0.0069850905
0.0059362347
-0.0007558579
-0.0087336800
-0.0002119048
0.0031316149
-0.0066983462
0.0017424939
0.0031373240
-0.0001269976
0.0011001101
0.0008454158
0.0024055212
-0.0035047011
-0.0067909093
0.0049703792
0.0006354452
0.0067951387
-0.0032018902
-0.0055007967
0.0035578182
-0.0011845335
-0.0047947477
-0.0133161181
0.0007755612
0.0002583868
-0.0018101113
-0.0084472767
-0.0013930610
0.0026538485
-0.0002607222
0.0083095778
-0.0036269470
0.0056505855
0.0126513633
0.0273978263
-0.0334043621
-0.0061718008
0.0022759978
-0.0080968615
0.0022461242
-0.0189030019
0.0100622076
0.0157633201
-0.0108998774
-0.0081334855
-0.0096101843
-0.0177948554
-0.0095612508
0.0019014855
-0.0024000917
-0.0099788949
0.0060721076
0.0050849106
-0.0077283651
0.0046441826
-0.0084850653
0.0002748385
0.0001831837
-0.0029349741
-0.0181671509
-0.0311122484
0.0034677105
0.0056573168
0.0021967535
-0.0044941747
0.0116241602
-0.0052236798
-0.0007144388
0.0095313333
-0.0042091386
-0.0060371443
0.0075052604
-0.0033181676
-0.0002849273
0.0035084428
-0.0038884723
0.0137783523
-0.0068654459
0.0117273133
-0.0077715747
0.0117741864
0.0005108082
0.0073545048
0.0114554039
-0.0057571209
0.0045262393
-0.0007301269
-0.0034295939
-0.0084179066
0.0099741134
0.0010970427
0.0109499265
0.0077422065
-0.0074259438
-0.0069355007
-0.0047419385
0.0014614544
0.0052799394
-0.0012719180
0.0016804055
-0.0026354068
-0.0025511380
0.0050957843
0.0061079253
-0.0015347811
0.0056310260
-0.0075754522
-0.0027648743
0.0112832357
-0.0122368492
-0.0025018777
-0.0036045941
0.0014616547
0.0090872541
-0.0062158500
0.0068036730
0.0133362251
-0.0035300200
0.0011631550
0.0012511172
-0.0006253630
-0.0036258685
0.0043405371
-0.0009381073
0.0023213260
-0.0046032572
0.0048707561
-0.0138700969
-0.0065755401
0.0071629647
0.0058553451
-0.0138831452
0.0072143510
0.0040156166
0.0092331793
0.0013375543
-0.0062572833
-0.0114987852
0.0117229351
-0.0012110069
-0.0090163806
-0.0013594963
-0.0104846655
-0.0164017630
-0.0087492078
0.0062305498
0.0041942461
-0.0008839882
0.0192238258
-0.0202483684
-0.0054195610
-0.0000936988
0.0000936988
-0.0104545336
-0.0039844470
0.0078587726
-0.0055800022
0.0092984410
-0.0015045374
0.0065189585
0.0005608001
-0.0108510354
0.0181129610
0.0095093732
-0.0048818777
-0.0001385137
0.0026284860
0.0000000000
-0.0030903371
-0.0033779908
-0.0004636284
0.0010660241
-0.0054812475
0.0025585574
0.0002322719
0.0034776193
-0.0033382820
-0.0006039349
0.0005574913
-0.0001393437
-0.0009759499
0.0019973530
-0.0006498631
0.0028747643
0.0100887646
0.0050292718
-0.0021000738
0.0080566675
-0.0076454363
-0.0018289900
-0.0057372504
0.0033545513
0.0053074795
-0.0073740229
-0.0024855025
0.0062938074
-0.0005955244
-0.0025693981
-0.0027602723
0.0068406942
-0.0009612965
-0.0022466253
0.0022008262
-0.0048666365
0.0023444514
-0.0004592633
-0.0071456865
-0.0112128097
-0.0030927860
-0.0013619821
-0.0135799007
0.0033766945
-0.0069560526
0.0054831234
0.0027066186
0.0321042876
0.0038957814
-0.0027942576
-0.0069968984
-0.0021734615
0.0006016430
-0.0072437167
0.0034426645
-0.0087695310
-0.0089889303
-0.0039315116
0.0100114172
-0.0022108813
-0.0147061474
-0.0126483519
0.0053096616
0.0143392190
-0.0039466540
0.0034244980
0.0108144899
0.0023926262
0.0035548941
0.0003734653
0.0003266678
-0.0097996330
0.0069493636
-0.0024830765
0.0007033833
-0.0094193698
-0.0207020995
0.0281037786
-0.0003288469
-0.0162474265
0.0123399762
0.0012256637
-0.0024528314
-0.0024588626
0.0111580452
0.0066727575
-0.0008374820
0.0000000000
-0.0048057949
0.0051780957
0.0056142126
-0.0040334787
-0.0000929152
-0.0027914785
0.0057604916
0.0015274599
-0.0026861817
0.0037031936
0.0005542981
0.0000923532
-0.0049529113
0.0070746833
0.0083052764
0.0007765217
-0.0049893679
0.0064494220
-0.0009579200
0.0106224613
0.0008575749
-0.0021679246
0.0004520387
-0.0041664840
-0.0010443391
-0.0039146119
-0.0069106245
-0.0064039287
0.0014779238
-0.0059248461
-0.0043735239
0.0044663701
-0.0020446104
0.0019981884
0.0012062728
0.0001390917
0.0047637858
-0.0056450270
-0.0057237412
-0.0091419028
-0.0010366602
-0.0003772339
-0.0031176218
-0.0021312376
0.0060974358
0.0031053003
0.0068818885
-0.0091864163
-0.0005651846
0.0092849436
0.0014925376
-0.0013525175
-0.0000466712
0.0001866716
0.0029820169
0.0150989825
-0.0057448971
-0.0020762690
-0.0008317162
0.0020318640
0.0157901631
-0.0003179145
-0.0335335318
0.0060878712
0.0033558643
-0.0011639548
0.0066858825
0.0059517120
0.0210744924
-0.0185017892
0.0029778971
-0.0032073338
0.0007798702
-0.0014225733
0.0009180208
-0.0009180208
-0.0070971310
-0.0029643375
0.0017148291
0.0002315083
-0.0027352188
-0.0047464026
0.0018640203
-0.0031709050
-0.0001868373
0.0010738381
0.0022373460
-0.0035915055
0.0035915055
-0.0055559589
0.0032252815
-0.0059914053
0.0093458624
0.0026476547
0.0248770187
-0.0195103623
-0.0004153495
0.0015681937
0.0017497817
-0.0031795064
0.0028113857
0.0012418648
-0.0034995661
0.0027638324
0.0005518510
-0.0004598547
0.0031228498
0.0048486052
-0.0029704123
0.0029704123
0.0165180812
0.0040760622
-0.0030891167
-0.0073807716
-0.0008586213
0.0049157877
0.0121625538
-0.0051688913
0.0177998944
0.0038108634
-0.0069757012
0.0036913383
0.0181688833
-0.0025445855
-0.0011666344
0.0056906517
-0.0040491117
0.0038341458
0.0015467243
0.0034286238
0.0023930613
-0.0038059444
0.0072146997
0.0044140813
0.0091898463
0.0002936919
-0.0043723268
0.0011790468
0.0056234149
-0.0060443435
0.0078421907
0.0101409788
0.0049498925
-0.0056531129
-0.0123661407
-0.0059669057
-0.0116152217
0.0084492595
0.0003804451
0.0036280836
0.0143821201
-0.0029931430
0.0052321355
-0.0024465605
0.0004980907
0.0028592167
0.0170670809
0.0044241574
-0.0263443080
-0.0093156051
0.0066926255
0.0004168056
0.0019566626
0.0033631620
0.0013255459
-0.0054792383
0.0044852436
-0.0033620453
-0.0136466599
0.0062603931
0.0085497341
0.0009132042
-0.0024509307
-0.0042931938
0.0023364497
0.0054029474
-0.0022823007
0.0041871421
-0.0057670526
-0.0006659730
0.0097784081
0.0085396914
-0.0043017868
0.0007797911
0.0177290863
-0.0110641669
-0.0037563330
-0.0190379684
0.0078904064
0.0086901558
0.0030299331
0.0033060580
0.0020759985
-0.0001219983
0.0045445402
0.0214674430
0.0004753793
-0.0090311131
0.0008788400
-0.0019984818
0.0000400088
0.0002800168
0.0045890860
-0.0009161340
-0.0106567252
0.0106168742
-0.0050740236
-0.0106711706
0.0137506187
-0.0005591948
0.0052600241
0.0025403896
-0.0072811510
0.0095382648
0.0107403121
0.0019546527
0.0222081156
-0.0103667659
0.0104431572
-0.0026388771
0.0017217964
0.0073132039
-0.0094946472
-0.0033772147
-0.0011539350
0.0013461282
0.0008068080
-0.0019605211
0.0107546437
-0.0027064648
0.0079839226
0.0089720510
0.0167839751
-0.0033639571
0.0050969639
0.0013989621
0.0016541385
-0.0009553907
0.0222498000
-0.0089929638
0.0069414595
-0.0005766182
0.0036343395
0.0071936319
0.0145853619
-0.0066290793
0.0043773015
-0.0023627751
0.0101170638
0.0431303275
-0.0158248768
0.0078931286
-0.0018575752
0.0044523971
0.0003701398
-0.0007404167
-0.0123307795
-0.0208025135
-0.0003828950
-0.0033478671
0.0091451860
0.0002768741
-0.0017663872
0.0035296597
-0.0105916640
0.0105916640
0.0103781000
-0.0210046759
0.0012909305
0.0093356454
0.0054430340
0.0029160041
-0.0027442388
0.0002747630
-0.0042328470
-0.0149401709
-0.0026990570
-0.0086012939
-0.0196999632
-0.0113660283
0.0086904898
0.0200006667
-0.0132532706
-0.0007194763
0.0047031878
0.0079201270
-0.0006753995
-0.0109767446
-0.0000359525
0.0033738950
-0.0041651766
0.0088125234
-0.0004637640
0.0055155375
-0.0238811960
-0.0248007413
-0.0322956762
0.0141369412
0.0026900579
0.0044171851
-0.0112511841
0.0048645252
-0.0042170911
0.0058838213
-0.0030324878
0.0107615213
-0.0053851643
-0.0034041942
0.0177627232
0.0005209690
-0.0050723665
0.0033968565
-0.0048187464
0.0026923956
-0.0060305455
0.0040867650
-0.0073607062
0.0104987841
-0.0059482789
0.0042310276
-0.0016453523
-0.0049523625
-0.0079675679
0.0033684720
0.0054261946
-0.0151079150
-0.0006106171
0.0165449474
-0.0039881162
0.0056389007
0.0041897413
0.0021255578
-0.0008198555
0.0041297006
0.0058121404
-0.0035128625
-0.0002963841
-0.0046052224
-0.0002606057
-0.0072121536
-0.0059054920
0.0078537878
0.0076811594
-0.0023428359
-0.0053008934
-0.0016107587
-0.0059786976
0.0009047386
0.0055612062
-0.0007497095
-0.0076415271
0.0030560872
0.0056348759
-0.0225409676
0.0095709106
0.0346476080
-0.0118737337
0.0188144008
0.0245238999
0.0038289772
-0.0029058456
-0.0004614593
-0.0004261515
0.0051018711
-0.0026894103
-0.0088266224
-0.0034019119
0.0040809078
0.0068711665
-0.0018822031
-0.0087829477
0.0026859113
0.0055281272
0.0003200512
0.0019536459
0.0177618316
-0.0066106115
-0.0037267561
0.0034459755
-0.0100191341
-0.0029471837
-0.0004979726
-0.0114143828
0.0030183278
0.0146383168
-0.0059932445
-0.0072467966
-0.0080578874
0.0020205672
-0.0040452253
-0.0083223274
0.0046966391
0.0001452802
-0.0065951523
0.0015342469
-0.0095357577
-0.0017704342
0.0031698084
-0.0101343472
-0.0083245157
0.0052342438
-0.0111368495
0.0013188886
-0.0019223889
0.0035027625
0.0049506908
-0.0010106493
-0.0061608009
0.0077324810
-0.0073934022
-0.0001130135
-0.0010554091
0.0020344354
0.0051429436
-0.0031126387
0.0015012764
-0.0087767773
-0.0009084372
-0.0002651164
0.0049875415
-0.0013577735
0.0030524019
0.0034556621
0.0084385535
-0.0013022046
-0.0024975317
-0.0054640855
-0.0002627282
0.0052414946
0.0012315043
0.0007828956
-0.0020143999
0.0033550824
-0.0042890509
0.0038423564
0.0039018277
-0.0041997349
0.0016373924
0.0004460967
-0.0027913746
-0.0052315055
-0.0018750474
-0.0027815384
0.0016548200
0.0027394707
0.0027319865
-0.0031817953
-0.0036057731
-0.0089957896
0.0022754864
0.0015141195
-0.0027270678
-0.0057435353
0.0006482735
0.0027409793
-0.0082839129
-0.0417616009
-0.0009196874
-0.0115073290
0.0065343892
0.0016871539
-0.0219120148
-0.0133814412
-0.0112055360
0.0079154429
-0.0079154429
0.0087077203
-0.0025458581
0.0047941728
0.0066734616
-0.0056758309
-0.0043720012
-0.0001251956
-0.0006679748
-0.0069987504
-0.0055668160
0.0088417906
0.0128695473
-0.0064765452
0.0055657230
-0.0024882856
-0.0109806335
-0.0064016391
0.0164267857
-0.0009564007
-0.0008740350
0.0105619471
-0.0045838490
0.0016955816
-0.0052615347
0.0013283522
0.0003732814
-0.0008712067
-0.0048261036
-0.0037605025
0.0079638505
0.0087246517
-0.0181547474
-0.0038223296
0.0016399306
0.0038997848
0.0065907718
-0.0045003826
-0.0096943496
0.0055511308
0.0075620255
-0.0066398256
-0.0171572836
0.0069236764
0.0116571546
-0.0007115204
0.0029682917
0.0058272798
0.0040589850
0.0011566903
0.0038734184
-0.0011522161
0.0022620257
0.0224235571
-0.0140779024
-0.0025699090
0.0023661891
-0.0030199174
-0.0043007296
-0.0006569763
-0.0084145027
-0.0013678475
0.0002073699
-0.0064485485
-0.0084668123
0.0067958983
-0.0126216493
-0.0115401455
0.0064039838
-0.0067895301
-0.0002999721
-0.0001285870
-0.0048124529
-0.0020695907
-0.0014685559
-0.0070705394
0.0068111584
0.0032374362
-0.0036266338
-0.0164846086
-0.0263759387
0.0278698535
-0.0057241141
-0.0084699294
0.0022242002
-0.0044979924
-0.0048322242
0.0145597977
0.0015017671
-0.0021207979
0.0056454964
-0.0042753002
-0.0011490698
0.0012374051
0.0031308591
-0.0021596853
-0.0050870435
-0.0107453605
0.0069686693
0.0089078565
0.0041387872
-0.0101573034
0.0092341655
0.0101079470
0.0094894228
0.0030572504
-0.0056049125
-0.0019908256
0.0016881294
0.0016421075
0.0037924541
0.0023630008
-0.0026641473
0.0008171868
0.0050602621
-0.0013269130
-0.0023156100
-0.0047767708
-0.0026780717
-0.0065525631
0.0012182919
0.0017812539
-0.0009554003
0.0028201420
-0.0009969874
-0.0052178569
0.0041764613
-0.0040892735
-0.0006540936
0.0006105006
0.0025687369
-0.0014794833
0.0042151067
0.0039382909
-0.0030280769
-0.0051253207
-0.0076936907
0.0035919264
-0.0001311848
0.0006120486
-0.0018810566
0.0007003414
0.0035379713
-0.0087585408
-0.0032602020
0.0002647370
-0.0012802121
-0.0022111184
0.0113134832
0.0035393627
0.0027877011
0.0022158989
0.0040281592
0.0021589887
0.0003450060
0.0048176280
0.0014150642
0.0121383973
0.0053619431
-0.0071415292
-0.0057416426
0.0065470857
-0.0007630352
-0.0045478774
-0.0028155814
-0.0088824631
0.0026687344
0.0003868056
-0.0045220689
-0.0057140539
0.0031208035
-0.0062513770
0.0192790566
0.0118475239
-0.0129587776
-0.0075118933
0.0056284924
0.0002570364
0.0072553773
0.0146481017
-0.0057997977
-0.0032930875
-0.0065763193
-0.0065341566
-0.0014578512
-0.0008585534
-0.0000858959
-0.0000859033
-0.0001288687
0.0018884126
-0.0045123521
-0.0055284553
-0.0054720887
0.0003483259
0.0032162754
-0.0062682484
0.0033131379
-0.0003046989
-0.0071215103
0.0014020946
0.0038892701
0.0069541309
0.0077660240
0.0045024840
-0.0054054186
-0.0036630867
0.0055110791
-0.0028809170
0.0071654137
-0.0045851001
-0.0082805493
0.0071202320
0.0029625835
-0.0036938449
0.0046794255
0.0367086981
0.0076089782
-0.0103790059
0.0059028881
-0.0025962801
0.0050216199
0.0021736910
0.0055969914
-0.0024065437
-0.0054462574
0.0124052844
0.0009728416
-0.0011350739
-0.0042680389
0.0019533641
0.0128856831
-0.0080593602
0.0228000757
0.0086236285
-0.0041253374
-0.0025228648
0.0023653721
0.0123661277
-0.0046780063
0.0072416123
0.0025570507
-0.0016264574
-0.0068055251
0.0029223267
-0.0065579125
-0.0141197376
0.0131401713
0.0037172582
0.0013660405
0.0103599724
0.0015428530
0.0048444864
0.0050501293
-0.0060094724
0.0068868161
-0.0070787952
-0.0129472910
0.0080972102
0.0012339968
0.0037312758
-0.0110029100
-0.0068948328
-0.0010559457
0.0038663617
0.0016746835
-0.0003892111
-0.0037441541
-0.0011729289
0.0021883557
0.0040514274
0.0142054423
-0.0033017268
-0.0138627583
0.0129009053
-0.0014252424
0.0027715777
-0.0044304967
0.0006947661
-0.0031689623
-0.0033732075
-0.0078762056
-0.0051018517
-0.0030341862
-0.0006711277
0.0035479203
0.0060418403
-0.0056090676
-0.0070657724
-0.0054816423
-0.0053917098
-0.0002403076
-0.0013227250
0.0083478607
-0.0078666673
-0.0066771496
0.0033843707
0.0020893611
-0.0021295839
0.0039341681
0.0004005768
0.0022802290
0.0005991971
0.0021142922
-0.0045132378
0.0085300262
0.0192616018
0.0061713018
0.0158160687
-0.0034718945
-0.0034456389
0.0125763853
-0.0003030188
-0.0109319846
-0.0073420922
-0.0014671817
-0.0087316464
0.0013632736
-0.0052294843
0.0030473535
0.0029992038
-0.0085146786
0.0007057993
-0.0144898601
0.0047609691
0.0009494798
0.0010670883
-0.0011461772
-0.0039624413
0.0090509086
-0.0000393461
-0.0010235415
-0.0043024401
0.0038690877
0.0143189333
-0.0095623545
0.0099507191
0.0035658953
0.0019326665
0.0044310088
0.0014214643
0.0068102953
-0.0004195191
0.0184441526
-0.0055578648
0.0076154402
0.0080770171
-0.0043095508
-0.0020871388
0.0040584622
-0.0009293854
-0.0099425204
-0.0010899593
-0.0022965581
0.0077345133
-0.0015346325
0.0013476082
-0.0049501339
-0.0203561639
-0.0007676365
-0.0029609143
0.0039203678
0.0040960915
0.0005728799
0.0097268900
-0.0118290560
-0.0247920972
-0.0131469155
0.0038870428
-0.0084677204
-0.0078557518
0.0036549895
0.0080260778
-0.0062636099
0.0000800384
-0.0116729711
0.0076631818
0.0040097892
-0.0036884138
-0.0166866291
0.0089044887
-0.0065384926
0.0026855485
0.0025567677
0.0073497080
-0.0009258328
0.0075026932
-0.0031627226
0.0120764306
0.0024927308
-0.0035232910
0.0043923067
0.0136077863
0.0143086087
-0.0067034192
0.0026636314
-0.0097626003
0.0035363876
-0.0041205112
-0.0039420069
-0.0069459712
-0.0049345776
-0.0211165615
0.0068075428
0.0062031214
-0.0032768572
-0.0080780104
-0.0018174847
-0.0166721481
0.0067185832
0.0040339887
0.0072930918
0.0084819514
-0.0171586196
-0.0025279309
-0.0001224815
-0.0117046861
0.0179321926
-0.0048810347
0.0056111394
0.0042483526
0.0052751446
0.0019660166
-0.0037749533
0.0022104786
-0.0006827172
-0.0010450582
0.0113962487
-0.0009944906
0.0031788948
-0.0087263718
-0.0102173053
0.0076928104
-0.0020885219
0.0076499822
0.0005185584
0.0003588445
0.0032635546
-0.0186089188
-0.0374492192
-0.0056896160
-0.0069556647
-0.0033252365
-0.0097838062
-0.0582395856
-0.1202084996
0.0188419881
-0.0194091593
0.0167245939
-0.0390462508
0.0488881048
-0.0281665721
0.0173097987
-0.0260262594
0.0030178492
-0.0066722516
0.0224449615
-0.0055384757
-0.0025229785
0.0010820560
-0.0145768370
-0.0008887263
-0.0010989300
0.0068355819
0.0027004586
0.0055854510
-0.0080779230
-0.0403152081
-0.0151625485
0.0138083788
0.0047046187
0.0006471794
-0.0159229514
-0.0030174210
0.0019760683
0.0166407668
0.0146691425
0.0037133351
0.0113721348
-0.0056172550
-0.0053313753
0.0036453008
-0.0031690725
-0.0011645142
0.0063354839
-0.0154334691
0.0473893719
0.0472889578
0.0053822226
0.0013531148
0.0037597653
0.0130014737
0.0025138154
-0.0202897189
0.0043413314
-0.0008185868
-0.0039579162
0.0129734666
-0.0026291274
-0.0073021078
0.0109332632
-0.0088621212
0.0123375704
-0.0015695977
0.0112653248
-0.0035835572
-0.0073010328
-0.0198958939
-0.0005826374
0.0267871020
-0.0249432469
0.0194907999
0.0028010558
0.0166435436
-0.0003730821
0.0087308408
0.0091135676
-0.0118917331
-0.0009277729
-0.0064252014
0.0014002990
-0.0116823210
-0.0133496840
-0.0055632967
-0.0137038195
-0.0075368634
-0.0229072648
-0.0046350025
0.0094487309
-0.0002501438
-0.0112711267
0.0082143229
-0.0146106085
0.0097304640
0.0044283486
0.0225888921
-0.0034914348
0.0017226533
0.0012777670
-0.0022617770
0.0042243898
-0.0017170755
0.0012267833
0.0023512134
0.0011246670
-0.0017119523
0.0031282102
-0.0105971654
0.0070282647
-0.0001959248
0.0021530641
0.0012212698
0.0058414224
-0.0101959563
-0.0052604531
-0.0025665085
-0.0020777686
-0.0053627419
-0.0033913553
-0.0068174107
0.0019597504
0.0005018821
0.0016043320
-0.0120957024
-0.0027418144
-0.0081683117
0.0007173969
0.0056188532
-0.0017333678
0.0111630954
-0.0007066781
-0.0079083855
-0.0024970074
0.0003060912
0.0151360808
-0.0076659645
-0.0056355339
0.0103832574
0.0050762806
0.0046016187
-0.0013982524
-0.0093383548
-0.0160678700
-0.0292302899
0.0269209978
-0.0172565495
-0.0053459247
-0.0122668487
-0.0126346774
0.0121557629
-0.0075330929
0.0103500711
0.0065598288
0.0001581736
0.0003689745
0.0032096000
-0.0050030386
-0.0057182345
-0.0312812001
-0.0216538988
-0.0081509206
0.0084308053
0.0015100252
0.0206306922
0.0043699201
0.0000545033
-0.0114011320
0.0191106007
-0.0056949306
0.0046668198
0.0004330176
-0.0019500575
0.0089067011
0.0080287323
-0.0072766506
-0.0078169621
0.0062584504
0.0103267458
-0.0094665769
0.0046107738
-0.0088111030
0.0073122537
0.0035827957
0.0027186242
-0.0023984022
0.0014397315
-0.0016532015
0.0035164403
-0.0005852153
-0.0049614655
0.0033636808
0.0004796035
-0.0030948213
0.0165363107
-0.0053232265
0.0013730463
-0.0028538229
0.0024315479
-0.0005280946
0.0018471124
-0.0052865422
0.0022237527
-0.0025418357
0.0109158149
-0.0034674827
0.0002631094
-0.0050109554
-0.0016406026
-0.0093657560
0.0147010741
0.0237399873
-0.0054684412
0.0029958700
0.0178398168
0.0025805160
-0.0067435925
0.0021852378
-0.0008125540
0.0023850010
-0.0022833956
0.0028407669
-0.0045694637
0.0022365688
-0.0077988009
-0.0063140273
-0.0008242749
0.0047816230
0.0217157189
0.0086455150
0.0025344777
0.0027260803
-0.0037689110
-0.0035836980
0.0026889768
-0.0030380779
-0.0008982485
0.0020448375
0.0039283012
-0.0010427271
-0.0096344187
-0.0041720134
-0.0018654370
0.0029226526
0.0053694772
0.0001000901
-0.0051677109
0.0083653154
-0.0016474880
0.0000999251
-0.0093360112
-0.0098313263
0.0011706325
-0.0169804270
0.0021706557
0.0013413818
0.0019572502
-0.0056762627
0.0014479266
0.0048456201
0.0007196834
0.0007705150
0.0010264307
0.0408568747
0.0064788683
-0.0172715865
0.0029821096
0.0019831439
-0.0016854215
-0.0096214506
-0.0021563080
-0.0161436668
-0.0087108565
-0.0035057003
0.0052539525
-0.0011823067
-0.0023688152
0.0052963230
-0.0157133538
-0.0027127149
0.0028689934
-0.0018247705
-0.0044979155
-0.0032026909
0.0048263655
0.0015165384
0.0058354774
-0.0007795650
-0.0011444625
-0.0026059326
-0.0062295713
0.0017838410
-0.0015213118
-0.0051581777
-0.0098637911
-0.0007463880
0.0129820342
0.0031012666
0.0019399665
0.0004189578
0.0003664442
0.0027701573
0.0034389363
0.0128173753
-0.0036011974
0.0011332030
0.0037510000
-0.0006156372
-0.0076758999
0.0028402508
0.0017002864
0.0008233418
0.0055398962
0.0070851789
0.0011168081
-0.0064642782
0.0006125887
-0.0132023596
0.0030978959
0.0037562112
0.0009753344
0.0028691484
0.0003069211
-0.0001022966
-0.0006651828
0.0130182362
0.0003030915
0.0029755172
-0.0088008256
0.0025369134
0.0005572583
-0.0025354983
0.0024342017
0.0034888166
-0.0036914406
-0.0127461703
0.0003591125
-0.0005130573
0.0018969987
0.0045993540
0.0032070073
0.0042600734
0.0034353878
-0.0010091837
-0.0012123663
0.0016666250
0.0066889882
-0.0026099192
-0.0053919353
0.0038327749
0.0016094154
-0.0023647215
-0.0029258963
0.0038321951
-0.0049442611
-0.0029884789
0.0028873206
0.0024249785
-0.0034371243
-0.0023825829
-0.0039156906
0.0018326212
0.0017277305
0.0052158619
-0.0030857196
-0.0039595970
0.0020325210
0.0014709988
-0.0040122962
-0.0006617965
-0.0045937198
-0.0020997114
-0.0001538107
0.0030717272
0.0022466183
0.0005608668
0.0027487928
0.0019805506
0.0117013490
-0.0015556395
0.0140629655
0.0028186445
0.0021703752
-0.0018741375
0.0030067798
-0.0047360720
0.0006426577
0.0009385266
-0.0032144033
-0.0039704256
0.0050100554
0.0168293843
0.0006809339
0.0093883771
0.0068643015
-0.0066716511
-0.0038600772
0.0037155929
0.0001926411
0.0016840286
-0.0082547354
-0.0106723559
-0.0055516122
0.0000000000
0.0018211803
-0.0059681057
0.0052301891
-0.0062200921
0.0050382917
0.0100010638
0.0019493184
-0.0020468841
-0.0091154760
-0.0081564505
0.0012896827
-0.0034262764
-0.0031885240
0.0000000000
0.0033377369
-0.0068869421
0.0002002904
0.0011508921
-0.0078321517
0.0145608137
-0.0048300853
0.0010975307
-0.0006483952
-0.0004990518
-0.0025490455
0.0056889220
0.0051123079
-0.0130056396
0.0018039692
0.0083757594
0.0041617183
-0.0077925695
-0.0193702130
-0.0195455988
-0.0012441036
0.0072870422
-0.0022682761
-0.0016011987
0.0021687502
0.0002578715
-0.0047555140
0.0050648721
0.0010305030
0.0005663243
0.0007717439
-0.0056733351
0.0001034394
0.0031497715
0.0072940533
0.0035761763
-0.0103032923
-0.0046480484
-0.0105639366
0.0051658128
0.0202984662
-0.0161953104
0.0052214041
0.0104127534
0.0002551086
-0.0060379859
-0.0127061262
0.0033730345
0.0011908153
0.0060357685
-0.0036067640
-0.0326332598
0.0192785964
0.0014114328
0.0062490439
-0.0077651066
-0.0085643503
-0.0043363368
-0.0038230812
-0.0212922717
-0.0093912784
0.0004387649
-0.0094761328
0.0067306885
-0.0070075052
-0.0103524050
-0.0093306281
0.0133507340
0.0020040087
0.0041621637
0.0116722131
0.0095876967
0.0053529555
-0.0073609339
0.0019537616
0.0076694948
-0.0050704030
-0.0023280377
0.0000542020
0.0054593255
-0.0019964933
0.0021581966
0.0060718598
-0.0100681928
0.0078693879
0.0015021462
-0.0034367986
-0.0133757714
0.0051114848
0.0049235863
0.0113238122
-0.0082521098
0.0018814681
0.0000000000
0.0010198879
-0.0009124823
-0.0028501538
0.0035480093
0.0030005917
-0.0003745819
-0.0045597268
0.0002150422
0.0052006658
0.0037363267
-0.0043247351
0.0008557523
-0.0009092612
0.0003210101
-0.0021956257
-0.0029529430
0.0067520754
0.0006406834
-0.0035288493
0.0020332823
0.0010684903
0.0022933955
-0.0081842710
0.0040202675
0.0019240025
-0.0022985444
-0.0042367264
0.0022010477
-0.0018786404
0.0100497986
-0.0022897318
0.0008526058
0.0021283396
-0.0047951501
-0.0049255909
-0.0049499724
0.0081650647
-0.0029467727
-0.0066756641
-0.0076454215
-0.0016342543
0.0021784128
0.0010874294
-0.0006523157
-0.0036499373
-0.0002183287
0.0035419485
0.0009786333
0.0129577453
-0.0143716343
-0.0040897622
-0.0115964038
-0.0327013801
0.0050136842
-0.0114887949
-0.0045518790
0.0022497197
0.0013819315
-0.0063495942
-0.0049342683
0.0135254359
0.0008034434
0.0004588208
0.0041199417
-0.0477770868
0.0112571545
0.0146983656
-0.0122729747
-0.0069963525
-0.0122120644
0.0098292670
-0.0109742938
0.0091834624
0.0076779236
0.0080900379
-0.0039482652
0.0062393516
-0.0052950644
-0.0508835525
0.0203367682
-0.0147660680
0.0150093178
0.0046710631
0.0001210361
0.0052509400
-0.0128439909
-0.0076511467
0.0250597102
-0.0181405386
-0.0235857077
-0.0055759315
0.0043256188
-0.0124631814
0.0058102980
0.0010699564
0.0268734948
-0.0066355613
-0.0087920819
-0.0078040040
0.0294583935
0.0009732361
0.0014580805
0.0016984112
0.0021794415
-0.0026644075
-0.0127537961
0.0062446634
-0.0145700792
0.0149362007
0.0022547924
0.0073989057
0.0015094342
0.0092482043
0.0007767919
-0.0004181976
0.0047095380
-0.0052474778
0.0011353113
-0.0024514945
0.0060282495
-0.0051904779
-0.0014965134
-0.0043225138
0.0046818813
0.0002993743
-0.0015577260
-0.0185179270
-0.0022625136
-0.0006736275
0.0012244400
-0.0036778269
0.0028208763
-0.0019615061
-0.0104855090
0.0107922481
-0.0153911002
-0.0091359124
-0.0033372194
0.0111018169
0.0041704334
-0.0018029785
-0.0021179850
0.0122100125
-0.0026524396
-0.0021022700
0.0083826921
0.0013494451
0.0059282068
0.0015830495
0.0012767900
0.0096747641
-0.0041003434
0.0087231716
-0.0042618390
-0.0073658487
-0.0029737543
-0.0049963545
-0.0160092084
0.0048914992
0.0202990585
0.0220881096
0.0309528397
0.0295220218
-0.0008362836
0.0070031411
-0.0021068981
0.0012757580
0.0000000000
-0.0098040001
-0.0071346613
0.0189322383
0.0029829332
-0.0087530336
0.0089736380
-0.0155610565
0.0056967482
0.0036134236
0.0066368254
-0.0071363675
0.0021628825
-0.0082327883
0.0016185297
-0.0195405604
-0.0004550367
-0.0109259446
0.0031584716
0.0013751220
0.0062216588
-0.0042768006
0.0031950732
0.0006833324
0.0018199402
-0.0001136493
-0.0073577973
0.0037712175
-0.0182445854
-0.0013949436
0.0067242732
0.0046112250
0.0021255214
0.0052084942
-0.0064143167
-0.0032802953
0.0046008823
0.0042370519
0.0023398498
0.0036983343
0.0047592158
0.0064790784
0.0024678906
-0.0060684571
0.0074679591
0.0070793796
-0.0036727921
0.0026724586
-0.0013910143
-0.0020064660
0.0173119005
-0.0086461425
0.0013817883
0.0032534700
-0.0019839090
-0.0019878527
-0.0005528833
0.0027613648
-0.0023190337
0.0184034113
-0.0086118154
0.0017501645
-0.0056443145
0.0062452268
-0.0204691155
-0.0019528532
-0.0055445243
0.0082217527
-0.0055856706
0.0080335160
0.0014991258
-0.0052846895
0.0216284293
-0.0082210262
-0.0039149784
-0.0013821702
0.0117700182
-0.0009846828
-0.0149433455
-0.0099381087
-0.0007297017
-0.0095348969
0.0045813264
0.0018041387
-0.0001689998
0.0003942885
0.0014631404
-0.0040005688
0.0088249919
-0.0136355505
-0.0020444098
-0.0013652656
-0.0045643943
-0.0032648882
-0.0089324899
-0.0028985528
0.0052691127
-0.0068378316
-0.0027949244
0.0066831572
-0.0052847186
-0.0015733811
0.0000000000
0.0029117188
0.0018010172
-0.0052377469
0.0158039701
0.0060696476
0.0067704295
-0.0011346875
0.0016448771
0.0087460002
-0.0153418051
-0.0227334969
-0.0126859045
0.0015945670
-0.0050878652
0.0026654836
0.0078367075
0.0017592217
0.0020485214
-0.0055112710
0.0022902791
0.0033963844
0.0011684974
0.0170785985
0.0038385564
0.0060998393
0.0014766018
-0.0031830869
-0.0006834102
-0.0043963644
0.0067294237
-0.0000568392
-0.0024471457
-0.0061728591
0.0108910556
-0.0213804608
-0.0172982340
-0.0242240829
-0.0181612646
-0.0085853342
-0.0007446479
0.0021083972
0.0139638722
0.0002443196
-0.0045909547
0.0003067202
0.0115255720
-0.0058376572
-0.0087593589
0.0096128094
0.0087967322
-0.0035094124
-0.0067508239
-0.0103049431
0.0060853985
-0.0072575508
-0.0072484287
-0.0078025426
0.0181326379
0.0011685478
0.0075319544
-0.0148114437
-0.0004335036
0.0107203294
-0.0275232482
0.0075931462
-0.0050137984
-0.0105480214
0.0159368432
0.0080911626
0.0053785175
0.0035082356
-0.0023374557
0.0050984477
0.0002450530
-0.0016552743
-0.0112918856
0.0003722546
0.0046415283
-0.0014829464
0.0077610491
0.0033078131
0.0007946939
-0.0039798001
0.0007359255
0.0071470327
-0.0032312176
-0.0004886391
-0.0074199329
-0.0018482016
0.0078619654
-0.0024502309
-0.0057817851
-0.0024086724
0.0115579794
0.0008553798
-0.0044069113
0.0015936258
-0.0014709490
0.0055049378
-0.0015261121
0.0106341962
-0.0052118171
-0.0197588805
-0.0023577600
-0.0022388069
0.0062065740
-0.0199350454
-0.0144957717
-0.0052008207
-0.0039346005
0.0065062876
0.0043567470
-0.0011514106
0.0106319639
0.0036031519
0.0082320508
-0.0055853796
0.0062110053
0.0087799063
-0.0019858515
0.0005589194
0.0028518308
0.0010518827
-0.0017950548
0.0045741210
0.0008630256
-0.0016033551
-0.0014823053
-0.0203553482
0.0221461906
-0.0237244240
0.0129309441
-0.0276328796
-0.0103113629
-0.0147483749
0.0011826545
-0.0027617061
0.0030243284
-0.0024977008
0.0019723872
0.0010503513
-0.0040762713
0.0168543316
0.0043308299
-0.0032948959
-0.0070134712
0.0094049664
0.0143573803
0.0008905287
-0.0013360905
-0.0019118028
0.0021664339
-0.0054249104
0.0016625108
0.0166005206
0.0106879357
-0.0028639043
0.0045410796
0.0065574005
-0.0046352173
-0.0039724464
0.0079291749
-0.0022237331
-0.0056432508
-0.0006220840
0.0027342796
-0.0104177356
-0.0055966189
-0.0144179829
0.0045956550
0.0114605364
-0.0056821922
0.0003165258
0.0024654689
-0.0017694646
0.0050473293
-0.0106925823
0.0016524727
-0.0201417970
-0.0141605681
-0.0189748943
-0.0098270967
0.0049929258
0.0110439194
0.0243305005
-0.0063868830
0.0096946008
-0.0012310086
0.0116018059
0.0119121070
-0.0024726594
0.0050655462
-0.0041772213
-0.0048955815
0.0069230801
-0.0020909243
-0.0036855859
0.0035587226
0.0013946120
0.0053070633
-0.0064479647
0.0077074107
-0.0107561935
-0.0441539813
-0.0139927968
-0.0077837206
0.0153065933
-0.0017413440
0.0111986239
0.0113367942
-0.0253547796
0.0074339826
-0.0018031861
-0.0287516415
0.0096533115
0.0046902169
-0.0081027237
-0.0023271742
-0.0404137771
0.0054790759
-0.0220987613
-0.0015973284
-0.0082449119
0.0160619755
0.0102572359
0.0081023897
-0.0247970280
0.0248678120
0.0014853064
-0.0035400773
-0.0084046079
-0.0069621670
0.0143023033
-0.0311533702
0.0264561870
-0.0014277558
0.0092441816
-0.0143292418
-0.0002154321
-0.0124297019
-0.0045186288
0.0149353896
0.0044517917
-0.0240730882
0.0135580472
-0.0110659254
0.0110659254
-0.0087260589
-0.0049787773
0.0197680856
-0.0067150691
0.0102350612
-0.0033760762
0.0044511524
-0.0018642007
-0.0017238907
0.0064493237
0.0098796070
-0.0083807309
-0.0005707356
0.0099411456
0.0069706320
0.0016825579
0.0064933026
-0.0001391982
-0.0064241545
-0.0004204036
0.0041961038
0.0009765626
0.0023676891
-0.0008350150
0.0107323170
0.0011013217
-0.0034456653
0.0160244475
-0.0118910716
-0.0038572854
0.0079736469
0.0030079323
-0.0002047991
0.0037480026
0.0019705779
-0.0164263498
0.0000690060
0.0058481711
0.0087426279
0.0016307675
-0.0136716874
0.0174665012
-0.0073996468
-0.0044388368
0.0036208408
-0.0141476160
0.0066179753
-0.0007560917
-0.0043413912
0.0059903095
-0.0031628189
0.0103450380
0.0053699616
0.0308394484
0.0021012550
-0.0000655974
0.0047773397
-0.0062215728
0.0030828794
-0.0055165307
-0.0009883051
-0.0038306632
0.0029733413
-0.0027748432
0.0042911437
-0.0026385240
-0.0033079752
-0.0116648548
-0.0058501327
0.0021557540
0.0026210573
-0.0023519145
0.0053007807
-0.0099536769
-0.0035887231
0.0031154783
0.0120985479
0.0084489742
0.0000000000
0.0004636222
0.0121756086
-0.0013091577
0.0037918455
-0.0021556660
-0.0016361796
0.0017015711
-0.0082731923
-0.0078104713
-0.0011302817
0.0074231518
0.0040199072
0.0019054508
-0.0085701625
-0.0067094283
0.0023966458
-0.0037973464
-0.0024057750
0.0081959479
-0.0047894723
0.0038599808
0.0099799249
0.0237843429
0.0058268133
-0.0050564962
-0.0029561104
0.0017361674
-0.0028952891
-0.0032268502
-0.0018115947
0.0050384449
-0.0034207927
-0.0047958614
0.0047312056
-0.0047961723
0.0019471675
0.0001945084
-0.0035069525
0.0011053676
-0.0042330173
-0.0025484380
-0.0034080515
0.0017054776
0.0018988384
0.0068450999
-0.0039709716
-0.0008483148
0.0057933441
-0.0010390286
0.0025955501
-0.0037657492
-0.0080987968
0.0013761921
-0.0051211457
-0.0111200510
0.0047808856
0.0000662405
-0.0034503385
0.0035828064
-0.0067116576
-0.0008004269
0.0210631405
-0.0053064424
0.0012472513
-0.0132740929
0.0036497602
0.0102801564
0.0000655587
0.0077059090
-0.0213025807
-0.0068013865
0.0026059953
0.0077112660
-0.0000662230
-0.0077117787
0.0073143487
-0.0050478322
0.0005325523
-0.0000665535
-0.0009988348
-0.0013333335
0.0049908605
-0.0067936854
-0.0020069581
-0.0018097126
0.0017427446
0.0008033204
-0.0021436235
0.0027456907
-0.0010705923
-0.0026143806
-0.0037659762
0.0073171877
-0.0036183368
-0.0076819785
0.0024322693
0.0003373478
0.0043080304
0.0003357846
-0.0055886756
0.0020909926
0.0019521396
0.0019483361
-0.0024864769
0.0053014921
-0.0006025508
-0.0036229493
0.0011419744
0.0022130579
-0.0001339854
0.0028099303
-0.0042178618
-0.0003355142
0.0038182047
0.0061321261
-0.0059315713
-0.0016725209
0.0066733648
-0.0020639842
-0.0002666311
-0.0014677433
-0.0008014962
-0.0059645655
0.0046942146
-0.0230782076
-0.0497594137
0.0021564126
-0.0047502608
-0.0105890168
-0.0024090241
0.0023361085
-0.0008024219
0.0052405681
0.0033338196
-0.0079907442
0.0008019539
-0.0012396545
-0.0056342300
-0.0078824674
-0.0012580945
-0.0090754175
-0.0116503253
0.0047516777
0.0041299101
-0.0018000455
0.0032976122
0.0107908024
0.0054624776
-0.0022847045
0.0006638392
0.0013999929
-0.0007365940
0.0046315098
-0.0023498322
-0.0010297905
0.0022053968
-0.0042681645
-0.0068077812
0.0068077812
0.0078598855
0.0022656688
0.0017505475
0.0062477501
0.0263727988
0.0315899780
-0.0038345706
0.0034927954
0.0000683644
-0.0015050971
-0.0034291234
0.0032921840
0.0051905594
-0.0068352966
0.0026713259
0.0004103406
0.0072896055
0.0007463953
0.0127381672
0.0075391490
0.0007308728
-0.0005314908
0.0011290806
-0.0036575269
-0.0042060348
0.0038728681
-0.0011335980
-0.0034754747
-0.0059092302
0.0048374187
0.0051475863
0.0095561149
-0.0055632967
0.0005311732
0.0005972328
0.0099674082
0.0007222350
-0.0041435161
-0.0011210394
-0.0025104063
0.0059355183
-0.0064648289
-0.0007282598
-0.0051127232
0.0009980373
-0.0031972318
-0.0028059879
0.0048720355
-0.0039358311
-0.0014715722
0.0003346384
-0.0020765657
-0.0069306875
0.0146790397
-0.0066090564
-0.0007370432
-0.0038952366
-0.0039104688
0.0016199801
-0.0066315035
0.0047412714
-0.0035199387
0.0031820209
-0.0000675973
-0.0002704347
-0.0022338815
-0.0046189459
-0.0030001386
0.0035446527
0.0039388845
-0.0078933453
-0.0138265315
0.0035953852
-0.0038032062
0.0012462786
-0.0094550204
-0.0052526647
0.0009124408
-0.0265165705
-0.0014418574
-0.0059334472
0.0085992509
-0.0046156147
0.0029593295
0.0032379953
0.0029410731
0.0022180097
0.0000714669
-0.0027193376
0.0031480315
-0.0026465449
-0.0022227808
-0.0014366786
0.0010777024
-0.0056167786
0.0054731521
-0.0006465750
0.0040879320
-0.0015758187
0.0020766952
0.0019296057
-0.0033613477
0.0013602035
0.0010725395
0.0001429184
-0.0040094562
0.0029370701
0.0010723862
-0.0024323950
0.0010738448
0.0034285748
-0.0040011485
0.0043576166
0.0005700848
-0.0023536975
0.0007138269
0.0044854299
-0.0096363928
-0.0011482705
-0.0032365979
0.0000720383
0.0009360263
0.0054546895
-0.0103605503
-0.0226010717
0.0304532894
-0.0010769287
0.0161040961
0.0053577851
-0.0009848059
0.0005628650
-0.0209681089
-0.0109053910
0.0070912019
-0.0036116769
0.0131557197
0.0034933911
-0.0013531320
0.0044796889
0.0033289686
0.0025423743
0.0028876310
0.0036504077
0.0080260053
0.0000000000
-0.0043888746
0.0022316768
0.0011139735
-0.0022989317
-0.0062266266
0.0034329385
0.0002097975
-0.0092024112
0.0066819310
0.0064982935
0.0020872477
-0.0043882632
-0.0044777238
-0.0063309159
-0.0070816810
-0.0009243131
0.0073706925
-0.0081534714
-0.0024233797
-0.0000713649
0.0046991899
0.0002840909
-0.0048405561
0.0007846215
0.0047658091
0.0045313020
0.0014118314
-0.0054465210
0.0364917587
0.0346125073
-0.0029770787
0.0025145593
-0.0027133467
-0.0114637352
-0.0076711230
0.0043138379
-0.0047192159
-0.0084829663
-0.0003408200
0.0040142935
0.0012214985
-0.0008820437
-0.0027188706
-0.0004765633
-0.0008856491
-0.0019785099
0.0068059883
-0.0122156636
0.0018521700
-0.0010285598
0.0017136790
-0.0032241496
-0.0023388605
0.0044665939
0.0016441738
0.0055972842
0.0040758157
-0.0089888246
-0.0105209841
-0.0020067128
-0.0069507474
-0.0149681302
-0.0106770179
-0.0083357769
-0.0037594029
0.0062818359
-0.0002879562
-0.0025953443
-0.0032536813
-0.0002172890
-0.0018851514
0.0027540241
-0.0005067507
-0.0015943188
0.0012321967
-0.0060304611
-0.0002186509
-0.0016779139
0.0009487321
0.0075576263
0.0023139789
0.0122753776
0.0119150346
-0.0083540309
-0.0020638373
-0.0112477455
0.0113902159
0.0056114080
-0.0039744552
-0.0024207915
0.0041970540
-0.0003550002
-0.0011368482
-0.0017789168
0.0041931763
0.0004963307
0.0007794509
0.0015570815
-0.0029747171
-0.0020591480
-0.0365545711
-0.0022880772
0.0025829320
0.0069041773
-0.0036664997
0.0000000000
0.0026412341
0.0031456919
0.0002190980
0.0022612067
0.0001457089
0.0005826233
0.0013096626
0.0000727088
-0.0013095673
0.0004367130
0.0025436985
0.0044178960
0.0002167708
0.0078443064
-0.0050305532
0.0047437737
-0.0015787588
-0.0000718210
0.0018656722
-0.0002868000
-0.0028006194
-0.0020876083
0.0019437751
-0.0020158394
0.0015842158
0.0018690251
-0.0012216595
-0.0013671526
-0.0004321210
0.0017273648
-0.0016553316
-0.0028131443
-0.0028210804
-0.0002173362
0.0019543273
-0.0030417173
-0.0017422872
-0.0009450079
-0.0047384816
0.0007304602
-0.0001460494
-0.0098342199
-0.0005163956
0.0004426411
-0.0127673943
0.0075910166
-0.0037883054
-0.0035039362
-0.0003734827
0.0035052428
-0.0020121481
0.0073581662
0.0099473981
0.0017581134
-0.0030787299
0.0030055368
0.0011704464
0.0008769366
-0.0043923936
0.0003667706
0.0057042717
-0.0005835583
-0.0018989196
0.0010229432
-0.0040980665
-0.0203718294
-0.0217893323
-0.0082178566
-0.0135095222
0.0036671519
0.0036537530
-0.0058368196
0.0052158462
0.0006209734
0.0068053777
-0.0070381976
0.0032545554
0.0007733354
-0.0010828371
-0.0021691982
0.0006202512
0.0067974926
-0.0115366538
0.0016340509
0.0021745892
0.0150147190
0.0056393992
-0.0019016474
-0.0101780102
0.0097210762
0.0100800429
-0.0076454708
-0.0038066281
0.0091116804
-0.0018914324
-0.0009091598
0.0013634300
-0.0011360625
-0.0014408678
-0.0027357719
0.0017487174
0.0015939887
-0.0047896089
-0.0021361009
-0.0000763738
-0.0006112003
0.0005348207
-0.0049772299
-0.0044622324
0.0005396030
0.0036923119
-0.0009218006
0.0072744300
0.0253864712
-0.0344300644
-0.0189638076
-0.0065336557
-0.0083271031
0.0066672205
0.0026860500
-0.0081594305
0.0070542836
-0.0026098318
0.0003958672
-0.0065917723
0.0057206576
-0.0070761575
0.0007178465
-0.0100970487
0.0037782914
0.0011226946
0.0032806591
0.0052585573
0.0032528094
-0.0015854145
0.0016646193
0.0234826069
-0.0056635397
0.0069005895
-0.0064338813
-0.0400640580
-0.0036491951
-0.0238419712
0.0055590270
0.0186078569
-0.0016256201
-0.0079219656
0.0020477543
-0.0092068057
0.0038738973
0.0304624980
0.0055701584
-0.0035772525
0.0067463250
0.0112480047
0.0020315681
-0.0018751470
0.0017970861
0.0003122073
0.0028833061
-0.0002334721
0.0072124086
0.0012356168
0.0102887886
-0.0098258256
0.0118099532
0.0121994315
0.0011290506
-0.0083094601
0.0046164989
-0.0021920716
-0.0082824074
-0.0005342492
0.0001526718
0.0031246453
-0.0048817793
0.0018334612
0.0009154715
0.0027413968
0.0027339021
0.0025751737
-0.0042450033
0.0019731356
-0.0012137765
0.0021231430
0.0014381413
-0.0014381413
-0.0015919345
-0.0012146058
0.0030337528
0.0009083340
0.0003025948
-0.0010594825
0.0006055560
-0.0016661622
-0.0003790607
-0.0059320274
-0.0023674073
0.0021385481
0.0003051339
0.0027420232
-0.0000760659
-0.0012178415
0.0103800606
-0.0002261505
-0.0062013358
-0.0009107469
-0.0003037667
-0.0208756622
0.0050284406
-0.0004631059
0.0040833679
-0.0008461214
-0.0021569995
0.0047699737
-0.0034598120
-0.0031627288
0.0086926968
0.0032880932
0.0050259015
-0.0021291165
-0.0035840966
0.0081409511
0.0034040655
-0.0043137767
-0.0016699564
0.0031856823
0.0007570023
0.0003782864
-0.0001512974
0.0046796070
0.0031576599
-0.0026306904
0.0086178359
0.0020870610
-0.0047768414
0.0014952156
0.0030582204
-0.0175054243
-0.0060055675
0.0019043997
0.0075815375
0.0006795274
0.0051944258
-0.0027067686
-0.0046032606
0.0021156034
-0.0044631112
-0.0060836690
-0.0032853298
-0.0024519206
-0.0029194858
0.0014608083
0.0046755920
0.0020625652
-0.0056631360
-0.0060041748
-0.0050311651
0.0044133090
0.0078492131
-0.0165395222
0.0119298030
-0.0071873257
0.0041023317
-0.0002317587
-0.0005409792
-0.0010054527
0.0054020814
-0.0013092535
-0.0120170458
0.0016365978
-0.0067976978
-0.0026691804
-0.0006290792
-0.0011805912
0.0005511160
0.0033787798
0.0003921415
0.0030534375
0.0032779238
-0.0024964906
-0.0058756877
0.0080604576
0.0024910491
-0.0055354291
-0.0003127688
0.0014847813
0.0003903658
0.0027283020
0.0050471824
-0.0050471824
-0.0045252476
0.0052256095
0.0008553323
0.0002331455
-0.0003108728
-0.0027242671
-0.0001558968
-0.0032012520
-0.0043890657
0.0005496879
-0.0110515807
0.0015862947
0.0033230508
-0.0022141398
-0.0001583406
0.0094563352
-0.0039292781
-0.0001574927
0.0027525478
-0.0020440259
-0.0006297725
-0.0010242270
-0.0233672261
-0.0029090930
0.0004045471
0.0021817309
0.0179983261
-0.0017456166
-0.0025445306
-0.0006371456
0.0030228326
-0.0050963640
0.0036656348
0.0006361323
-0.0014318672
-0.0030295806
0.0034275272
0.0038122515
-0.0280553749
-0.0049855034
-0.0114541238
0.0066906457
0.0023024433
0.0027887157
-0.0000819101
-0.0032819196
0.0030361489
-0.0001638807
0.0008191350
0.0037594029
-0.0001631588
0.0051267557
-0.0038222305
0.0003258656
-0.0011409944
-0.0000815494
-0.0014690283
0.0016321205
-0.0017954791
0.0042386761
-0.0009765626
-0.0014666343
0.0006521031
0.0019537616
-0.0023612762
0.0019545572
-0.0006510947
0.0001628134
0.0004882813
0.0047887758
-0.0026756411
0.0088106297
-0.0020945790
-0.0020989755
0.0019376722
0.0004032096
-0.0008065818
-0.0012110938
0.0024207226
-0.0000805964
-0.0009676640
-0.0028277135
0.0015360365
0.0005653140
-0.0000807396
0.0017747665
0.0027366405
-0.0020115065
-0.0007251340
0.0004834811
-0.0069523320
0.0010540399
-0.0021904037
0.0018662020
0.0040449857
-0.0004037631
0.0098055761
0.0047873705
0.0051605847
0.0082804779
-0.0005499038
-0.0040944939
0.0006310144
0.0011033179
-0.0037088226
-0.0134507977
0.0024808944
-0.0028816157
-0.0080483332
-0.0029133305
0.0011339706
0.0037168756
-0.0038787927
0.0025875328
-0.0076200109
-0.0015472946
-0.0028565618
0.0034268963
-0.0007333469
0.0004889577
-0.0004074482
0.0004074482
-0.0014675910
0.0063440636
-0.0000810800
-0.0041438207
0.0027644542
0.0030806672
0.0066960034
0.0005626784
-0.0005626784
0.0001607976
-0.0066139941
0.0037156747
0.0056279293
-0.0022473723
-0.0032193187
-0.0035532622
-0.0026732569
-0.0008114908
-0.0054540410
0.0015496924
0.0037419713
0.0005682049
-0.0029256421
0.0023574372
0.0019467884
-0.0036533428
-0.0009764831
0.0015456582
-0.0008132065
0.0022753138
-0.0022753138
0.0005693140
-0.0008134050
0.0032496576
-0.0033310345
0.0014637719
-0.0018707558
-0.0154240485
-0.0178516586
-0.0081978063
-0.0068974600
0.0005125577
-0.0008544088
0.0027315425
0.0018736166
-0.0021293820
0.0038296290
0.0050834643
0.0005069280
-0.0030454300
-0.0021203519
0.0047433597
-0.0010991335
0.0004228866
0.0161050285
-0.0004993758
0.0017467253
0.0011627908
0.0002489937
0.0013269201
-0.0006632400
0.0315102390
-0.0019305025
0.0044185651
-0.0016044929
0.0087930223
0.0024641322
0.0011901457
0.0027715107
0.0015802785
-0.0028463017
0.0012660233
0.0017381690
0.0140311924
-0.0026500405
-0.0006245609
0.0026516940
-0.0051538455
0.0080315454
0.0292360304
0.0021849698
-0.0270812537
0.0148901362
0.0025109391
0.0179248661
0.0080291859
0.0235632152
0.0068471203
-0.0072087971
0.0085008797
0.0010754617
0.0124623297
0.0205239579
-0.0169211141
0.0005639760
0.0013381697
0.0095962632
0.0038267571
-0.0086484010
0.0007702273
-0.0066011476
-0.0143346196
0.0066961356
0.0119271678
0.0006312025
-0.0013330061
0.0005614823
0.0024527851
-0.0028738673
-0.0020377339
-0.0077673036
0.0030434960
0.0016946763
-0.0011294650
0.0044399100
0.0009137235
0.0023857986
0.0027995539
0.0221186789
0.0011614800
0.0043605711
0.0258377625
0.0066032992
0.0051204733
-0.0158398243
0.0074231518
0.0041514343
0.0003287419
0.0011825768
-0.0024981934
0.0061684033
-0.0049185265
-0.0050749821
0.0009906549
0.0025711192
0.0015132080
-0.0030946527
-0.0124085066
0.0001335292
-0.0038125861
-0.0019453301
0.0044886686
0.0052668544
0.0085411186
0.0013176969
-0.0027031498
-0.0061587559
-0.0017951536
0.0009312226
-0.0031963802
-0.0052160075
-0.0156089523
0.0021768716
0.0035273405
-0.0025085609
-0.0025829269
0.0082689911
0.0044450504
0.0108940092
0.0166121157
-0.0051124186
-0.0030273139
-0.0020453278
0.0025724759
0.0054528270
-0.0060458882
0.0019755044
-0.0035587226
0.0002640438
0.0086091288
-0.0061700229
-0.0030333027
-0.0023141271
-0.0103131424
0.0008022463
0.0062620949
0.0001992098
-0.0013288156
0.0089354270
-0.0014507091
0.0067738906
-0.0175216886
-0.0296508556
-0.0098740661
0.0095991898
0.0019225493
0.0094897452
0.0169781078
0.0011350360
0.0039957432
-0.0158770711
-0.0040598202
0.0063530898
-0.0010785306
-0.0010121800
-0.0038556547
0.0036530957
0.0055890520
0.0291832124
-0.0324789948
-0.0003369159
0.0030281642
-0.0059979288
-0.0019621780
0.0000000000
-0.0111694957
0.0100174609
-0.0036682332
-0.0038183600
0.0004780931
-0.0023927545
0.0014363396
-0.0020525459
0.0015739952
0.0053875399
0.0015630844
-0.0096896016
-0.0052937458
0.0115140742
-0.0088293240
-0.0219636296
0.0102077374
-0.0028560501
-0.0079140379
0.0049798455
-0.0152276471
-0.0098515931
0.0012188566
-0.0002866562
0.0157864332
0.0035916796
0.0050487450
-0.0067373404
-0.0018325350
0.0014099403
0.0056900157
-0.0025951268
-0.0038701100
0.0038701100
-0.0042226820
0.0004230715
0.0072349559
-0.0044893454
0.0036491269
0.0014699194
-0.0082172039
-0.0167832129
0.0075019107
0.0013514957
-0.0037031804
-0.0026433307
0.0039980063
-0.0113214164
0.0227274414
0.0109987448
-0.0080445329
-0.0145027479
-0.0067210320
0.0025793523
0.0067037764
0.0009946008
-0.0021325001
-0.0030645358
0.0002141098
-0.0003568752
0.0001427654
-0.0008568981
-0.0005001965
-0.0012158056
0.0030724186
-0.0037882894
0.0024318730
0.0019982878
-0.0036427311
0.0019301575
-0.0004286020
-0.0015731144
0.0003577434
0.0004291232
-0.0020041521
0.0015034905
0.0027148691
-0.0020712074
-0.0012161535
-0.0056710249
0.0039515804
-0.0050319997
0.0011524058
-0.0001439781
0.0000000000
0.0009354874
0.0023707759
0.0006456010
0.0028643056
0.0010720030
-0.0012150236
-0.0007154100
-0.0015040289
0.0083509282
-0.0030610453
0.0037005451
-0.0199447030
0.0046990869
-0.0002163956
-0.0019496703
-0.0069631093
-0.0048885581
0.0056161484
-0.0048119078
0.0069189308
0.0055008824
0.0031709453
0.0167675435
-0.0080276068
0.0028490048
0.0015634997
-0.0102067193
-0.0118353117
-0.0085299245
-0.0008057133
-0.0022007051
0.0027867428
-0.0028601831
-0.0018377629
0.0056495253
0.0121442790
0.0063405357
-0.0097435003
0.0008699435
0.0013034979
-0.0076278020
-0.0080539314
0.0058638297
-0.0024879275
0.0024148415
-0.0024148415
0.0011715605
0.0021199613
0.0053892782
0.0078136702
0.0007204092
-0.0030292126
0.0079859412
-0.0004300459
-0.0017938512
-0.0025168100
0.0032347367
0.0010042322
0.0057904869
0.0124673996
0.0052659416
-0.0037183892
0.0065854238
0.0077902599
-0.0009704701
0.0022860320
0.0344134605
-0.0093361326
0.0000674787
-0.0041923112
0.0041248326
0.0092024159
-0.0071126919
-0.0056726246
0.0029753876
0.0020909926
-0.0037128338
0.0020268908
-0.0057535611
-0.0094806835
0.0045128282
-0.0057471423
0.0178175404
0.0040360609
0.0054897373
-0.0119552771
-0.0025708694
0.0018273498
-0.0044048457
0.0017642673
-0.0059157688
0.0036080232
-0.0090788705
-0.0082628026
-0.0045738125
-0.0089304996
0.0046147474
0.0019513561
-0.0032078131
0.0066829347
0.0000000000
0.0021485263
-0.0029814548
-0.0025029562
0.0047225590
0.0010387453
-0.0120462411
-0.0067477588
-0.0009878635
-0.0061608381
-0.0049133150
-0.0011427756
-0.0054460901
0.0036578847
0.0024311775
-0.0001428469
-0.0002143087
0.0011424492
0.0003567479
-0.0057232951
-0.0029459335
0.0075986029
0.0012846134
-0.0017846312
-0.0000714515
-0.0042964620
-0.0022990167
-0.0076534670
-0.0002899601
-0.0004350979
-0.0010885737
-0.0129354674
0.0035977865
0.0054089745
-0.0003645511
0.0003645511
0.0051623338
-0.0020326686
0.0034820492
-0.0002172732
0.0007964378
-0.0002895404
-0.0036263457
-0.0018181162
0.0021087083
-0.0008720297
-0.0026206610
0.0002915239
0.0018201017
-0.0019658530
0.0024021850
0.0007994477
-0.0007267442
0.0018158712
0.0045614241
0.0074847417
-0.0056082977
0.0005766597
-0.0008651143
0.0000000000
0.0002163488
-0.0007935077
-0.0060077630
0.0007982874
-0.0023967764
-0.0035694811
-0.0010952504
0.0035733858
0.0004366812
-0.0015292193
0.0003643120
-0.0013850923
0.0018949062
0.0010188488
-0.0021845199
-0.0006562876
-0.0004377645
-0.0001459641
-0.0019726034
-0.0017566979
0.0013178126
0.0008775779
0.0058309203
-0.0035674021
0.0017488892
-0.0013113801
0.0034931991
-0.0450991999
-0.0385825219
-0.0003160057
0.0042576742
0.0018079634
-0.0016506194
-0.0001573440
-0.0030731674
0.0030731674
0.0086953664
-0.0031247584
-0.0010176524
0.0006263702
-0.0009397025
0.0019567180
0.0019528968
-0.0030481871
0.0109767168
-0.0010845148
0.0000000000
0.0056420909
0.0033085861
-0.0048512011
-0.0080601847
0.0042706902
-0.0038816911
-0.0004668171
-0.0010900881
-0.0039029009
-0.0021922965
0.0025050898
-0.0101372131
0.0000000000
-0.0050677122
-0.0030211503
-0.0014342632
-0.0023950195
0.0051024587
-0.0089464611
0.0066376348
-0.0030334501
-0.0106901311
-0.0002424536
-0.0012131507
0.0016979992
0.0015338045
-0.0015338045
-0.0022646402
-0.0023509394
0.0143435175
0.0051073449
0.0005570366
-0.0027882910
-0.0008779281
0.0040639125
-0.0046229956
-0.0025597966
-0.0054614223
0.0012877265
-0.0019322122
-0.0086601650
-0.0030121731
-0.0012237407
0.0257870856
0.0045243559
-0.0453629244
0.0102235205
0.0125531482
0.0361159201
-0.0025816560
0.0024253816
-0.0054850474
-0.0067802215
0.0048139619
0.0047908986
-0.0051846149
-0.0013397961
0.0026777995
-0.0020470836
-0.0018933423
-0.0052252514
0.0022993073
0.0044251356
-0.0022891434
-0.0062626547
-0.0019103723
-0.0015947695
-0.0089780162
-0.0002415945
0.0068226777
0.0016784562
-0.0083400644
0.0036974562
-0.0057126920
-0.0003228149
0.0020964368
0.0008051530
0.0001609528
0.0070564001
-0.0042439108
0.0058407175
0.0024700224
-0.0033479505
-0.0030387868
0.0003203075
-0.0046545305
0.0027311448
0.0014428860
0.0015207911
-0.0002399712
-0.0051331521
-0.0121350895
0.0136617460
0.0086338373
0.0045268711
0.0008712527
-0.0140319611
-0.0074948975
0.0033111276
0.0074702143
-0.0028048261
-0.0031346728
-0.0006442261
0.0001610954
0.0008855614
0.0010455625
-0.0006432937
-0.0004022688
-0.0020137749
0.0038628730
-0.0016077174
0.0020895290
-0.0009638555
-0.0004018808
-0.0033821904
-0.0004841052
-0.0032333712
0.0016179924
0.0020994840
-0.0006455257
0.0007261871
0.0004838320
0.0006447453
0.0021729516
-0.0029789483
-0.0000806354
-0.0040400831
0.0012946033
-0.0045384631
0.0006496143
0.0006491926
-0.0025179723
-0.0013835201
-0.0021196812
0.0039097549
0.0022736510
-0.0011361793
-0.0006498254
0.0000000000
-0.0088962023
0.0012289543
-0.0111153423
-0.0014914246
-0.0045709616
-0.0116460618
-0.0032921146
0.0102625396
-0.0039411396
0.0025174134
0.0102556450
0.0142488924
-0.0052476342
-0.0041189613
0.0063361660
-0.0032042093
0.0000000000
0.0006581112
0.0000000000
-0.0080089600
0.0038060612
-0.0014049009
0.0024779066
0.0032121265
0.0085970972
-0.0042483724
0.0032695795
-0.0028602970
0.0051426586
-0.0047335435
-0.0052493559
0.0064756979
0.0004084467
-0.0017984146
-0.0009823184
0.0026990570
0.0052138611
-0.0031739599
0.0000000000
-0.0017948932
-0.0037634013
-0.0003279226
0.0012291557
-0.0022956475
-0.0012319824
0.0045098678
-0.0029496130
-0.0034522474
0.0023028220
0.0089143915
0.0162329428
-0.0227678459
0.0164191285
0.0009669622
0.0130427934
-0.0053405731
0.0068498874
0.0003174603
-0.0024629576
-0.0051840448
-0.0020811662
-0.0028084271
-0.0016888500
0.0066584017
0.0051040864
-0.0032668050
0.0011964109
0.0105460280
-0.0033974670
0.0051312526
-0.0064776275
-0.0028571448
-0.0060586920
-0.0052110592
-0.0004019777
0.0059328323
-0.0040048111
0.0062405195
-0.0051977247
0.0049584235
-0.0006384167
-0.0035185962
-0.0036918180
-0.0095331147
-0.0090513114
-0.0005735589
-0.0018868704
-0.0011502754
0.0011502754
-0.0001642441
-0.0013149246
-0.0019756345
-0.0037148679
0.0002480877
-0.0026494468
0.0011599968
-0.0185546485
-0.0214878663
0.0078128751
-0.0033409034
-0.0173977643
0.0072208761
0.0057049165
0.0050724435
0.0023982881
0.0018803424
-0.0021370269
-0.0138729552
-0.0091523847
-0.0014897256
0.0055968664
-0.0000872106
-0.0167982491
0.0143532601
-0.0046444460
-0.0054606442
0.0043181385
0.0139715860
-0.0046065007
-0.0034032931
0.0093962758
0.0037166731
0.0007761632
0.0007755612
0.0124980226
0.0003402228
-0.0172410669
0.0060381448
-0.0028420120
-0.0028501120
-0.0032920414
0.0015607391
-0.0022551835
-0.0014772977
-0.0030483845
-0.0022705450
-0.0057869517
-0.0102528740
-0.0101795682
0.0044774858
-0.0008938948
-0.0017006046
-0.0051192352
-0.0030661039
-0.0354849253
-0.0023422506
-0.0135992274
-0.0306052752
-0.0057025029
0.0029536302
0.0000000000
0.0074437170
-0.0016602377
0.0180167601
0.0059341675
-0.0001908761
0.0024785523
-0.0019060332
0.0021916251
-0.0042924662
0.0024823385
0.0075049039
0.0019855346
0.0035828814
-0.0158424790
0.0117872087
-0.0015131457
-0.0008521517
-0.0029407601
-0.0119464316
-0.0007694528
0.0017304369
0.0122197225
-0.0124118454
0.0037397560
-0.0076864329
0.0083561933
-0.0038332582
0.0085090623
0.0000000000
-0.0126462693
-0.0043480430
0.0006776052
-0.0237954924
0.0188481088
0.0018460049
0.0075428266
0.0060510198
0.0031550291
-0.0000954608
0.0117681912
0.0052696085
0.0079458235
0.0180850103
-0.0081715554
-0.0006455480
-0.0010152754
-0.0057418198
-0.0026970488
0.0070527390
0.0034156507
-0.0068430080
0.0031499007
-0.0032426952
-0.0170336360
0.0130353044
0.0037198964
-0.0107322200
0.0025301049
0.0121856305
-0.0037050802
-0.0070776976
-0.0022455099
-0.0022505636
0.0114809680
0.0046296379
-0.0234601161
0.0398606852
-0.0338263467
-0.0214735092
-0.0158764225
0.0372559247
0.0251579757
-0.0141257023
-0.0130084657
-0.0027354637
0.0046176400
0.0122414275
-0.0060552609
0.0162198282
-0.0047921942
-0.0064875112
0.0074108723
-0.0003692421
0.0008306032
-0.0065713597
-0.0010219725
-0.0037250928
0.0001865846
-0.0156062207
-0.0155648881
-0.0063719080
-0.0021330239
-0.0034028520
0.0067941638
0.0165959011
-0.0077360588
-0.0143887375
-0.0021421625
0.0095072505
-0.0017394670
-0.0004837227
-0.0107993461
0.0015638748
-0.0036201791
0.0012734488
-0.0104311121
-0.0018812818
0.0067167380
-0.0012805991
-0.0211184260
-0.0080865699
-0.0020319015
-0.0019341381
0.0021375142
-0.0448123212
0.0002126528
-0.0246474297
0.0060836690
-0.0147294136
-0.0231275596
-0.0073384467
0.0138414408
-0.0130485541
-0.0075008875
0.0338711306
-0.0160074561
0.0060328638
0.0107462398
0.0249210351
-0.0188787206
-0.0082486033
0.0017654203
0.0193248003
0.0115036478
0.0004274874
-0.0014970063
0.0140263696
0.0176755112
-0.0007259528
0.0281305308
0.0104355753
-0.0111418969
-0.0042484385
-0.0006083959
0.0007097592
0.0072712904
-0.0099100821
-0.0064230225
0.0070325928
-0.0043768201
0.0062033046
-0.0056933867
0.0025456966
-0.0192007542
-0.0064482803
0.0010428617
-0.0062735463
0.0024095135
-0.0021997600
0.0147811580
-0.0079880087
-0.0046980303
0.0114453440
0.0109065800
0.0019424430
0.0083401623
-0.0042631002
0.0031483294
-0.0036570541
0.0012205046
-0.0015258637
-0.0040803892
0.0012258659
-0.0037845900
-0.0064771727
0.0019578552
-0.0023705242
-0.0019625064
0.0004134794
0.0189389906
-0.0123464657
-0.0086616339
0.0160266426
0.0019345320
-0.0013232227
-0.0012229924
-0.0089117107
-0.0176462956
0.0089658649
0.0099143640
0.0031806316
-0.0102966313
-0.0026945814
0.0058978908
-0.0036173881
-0.0012432658
-0.0030109559
0.0044612825
0.0050596422
-0.0065099687
-0.0013486179
-0.0103303470
-0.0010494282
-0.0101309436
-0.0043582317
-0.0117875347
0.0032285865
0.0107935860
-0.0043675169
0.0128349680
0.0027365558
0.0034625710
0.0084485509
-0.0028082602
0.0024966205
0.0015572284
-0.0003112518
0.0004149808
-0.0037410415
-0.0010416668
0.0030178492
-0.0026010523
-0.0120527582
0.0055728024
-0.0062056471
-0.0159526939
0.0029972191
0.0019220508
-0.0026705138
-0.0031067570
-0.0040855879
0.0016147267
0.0040790095
-0.0096879122
0.0057164584
0.0042927733
0.0067239700
-0.0152200151
0.0045258698
-0.0021526216
-0.0019413293
-0.0003239216
0.0017263707
0.0016157703
0.0000000000
0.0007531336
-0.0002151232
-0.0121213605
-0.0032718973
-0.0129743436
0.0021004927
-0.0008838803
-0.0047642880
-0.0046755067
0.0061182682
-0.0016649096
0.0006662965
-0.0116124574
-0.0010112929
-0.0006747639
0.0129654214
0.0108240509
-0.0003296160
0.0007689351
0.0090725878
-0.0101712475
0.0006593407
0.0055869127
-0.0006556661
0.0007649020
0.0066409258
-0.0041317880
0.0016330089
0.0067216211
0.0025898363
-0.0028059591
0.0088229537
0.0067261237
-0.0011711473
-0.0040563676
0.0073533661
-0.0020194512
-0.0084406719
-0.0200494389
0.0002189142
-0.0006568864
0.0034984183
-0.0085489341
0.0071291774
0.0118421722
0.0035577634
-0.0071282298
0.0014080696
0.0047511157
0.0004308024
-0.0043163982
-0.0053131055
0.0050967957
0.0053937563
0.0093163387
-0.0018136240
0.0019202054
0.0007457519
-0.0055531967
0.0031007777
0.0019197958
0.0151221620
0.0112712527
-0.0015578754
0.0030097060
-0.0019708528
0.0044548118
0.0021684143
0.0003093900
-0.0030982158
0.0005170364
-0.0010343402
-0.0008282431
0.0024826743
-0.0014474775
0.0003103502
-0.0018635475
0.0000000000
0.0116418149
0.0056177054
-0.0022432965
0.0261953322
-0.0092912402
0.0038068569
0.0313017681
0.0075304469
0.0081421974
0.0067506793
0.0151411178
0.0131666251
0.0061527353
0.0146319691
0.0136202822
-0.0120877149
0.0069123665
0.0136830211
0.0005293339
0.0119236903
0.0107490633
-0.0009488894
-0.0077106728
0.0087457803
-0.0176564709
0.0050765973
-0.0092093797
-0.0073402938
-0.0365188809
-0.0098996969
0.0045456732
-0.0030590986
-0.0040001914
-0.0219581927
-0.0090931471
-0.0134555053
0.0024334465
-0.0037987675
0.0073894357
-0.0055369513
-0.0026335055
-0.0006838943
-0.0041132170
0.0018628370
0.0121697457
-0.0139344520
0.0040150864
-0.0035245778
0.0035245778
0.0069150507
-0.0028186829
-0.0107643666
0.0100828029
-0.0256500202
0.0043872839
-0.0098985960
0.0156525802
-0.0024761068
-0.0039745680
-0.0024921510
0.0073588240
0.0025727305
-0.0062453735
0.0041679131
-0.0042673612
-0.0039860541
0.0096388683
-0.0065482921
-0.0033901718
-0.0053077086
0.0049081082
-0.0039044951
-0.0057341337
0.0014114328
-0.0050500057
0.0007085379
0.0071583710
0.0106920829
-0.0161318062
0.0140423571
0.0153202898
-0.0164165079
0.0153369651
-0.0074906717
-0.0053566243
0.0050597856
-0.0046620131
0.0000000000
-0.0012933395
-0.0031907495
0.0061728591
0.0044565560
-0.0029688295
0.0005944714
0.0013857272
0.0027657070
0.0031514700
-0.0047309373
-0.0080345619
-0.0037916629
0.0026955540
-0.0044966351
0.0049950154
0.0068524028
-0.0094466968
-0.0052088668
-0.0075609010
-0.0030404402
-0.0013204004
-0.0001016415
0.0003048935
0.0011171483
-0.0037626525
0.0066006840
-0.0034472304
0.0014208873
0.0008110301
-0.0125428657
0.0100062097
-0.0012198843
-0.0090942230
0.0001026431
0.0026650282
-0.0003071410
-0.0018448299
-0.0059677099
0.0095517596
-0.0100678886
-0.0010330579
0.0004133513
0.0142588455
-0.0013249760
-0.0027574955
-0.0013303998
0.0037818822
0.0031576293
0.0034517801
0.0010129661
0.0031336897
-0.0042480088
-0.0004055150
0.0039467743
-0.0009094125
-0.0044579608
0.0005075885
0.0065753107
-0.0005042610
-0.0071880846
-0.0005081559
-0.0215791357
0.0159723113
0.0244382555
0.0088395073
0.0015808718
0.0017754986
-0.0128944457
0.0048797587
-0.0033834245
-0.0001993819
-0.0020959137
-0.0080249202
0.0081248253
-0.0002997452
-0.0022008812
0.0000000000
0.0008008810
-0.0004003603
0.0010006004
0.0031952099
0.0009964130
-0.0029922225
-0.0009994004
0.0007996002
0.0036898571
-0.0000995471
-0.0043899103
-0.0040076198
-0.0022110562
0.0041166783
-0.0036137361
-0.0058497393
0.0048436018
-0.0026207051
-0.0063787995
-0.0064197500
0.0029602431
-0.0088043157
0.0017465459
-0.0006160797
-0.0039106770
0.0024716799
0.0005141653
-0.0016462603
0.0016462603
0.0011302339
-0.0005135843
-0.0078391325
-0.0046707231
-0.0031259794
-0.0008352475
0.0010439504
-0.0095403565
0.0030502259
-0.0017869348
-0.0031612250
0.0066270689
0.0040805707
-0.0025091493
-0.0114756221
-0.0250897690
0.0054141984
0.0012950574
-0.0033490011
0.0038881138
0.0195341644
0.0032715981
-0.0014761707
0.0187116733
-0.0029039639
0.0046629793
0.0043325836
-0.0035058811
-0.0064248926
-0.0129749649
-0.0047506028
-0.0072217816
-0.0044867077
-0.0047220521
0.0025784286
0.0011795616
-0.0030052615
-0.0044169207
0.0061353187
-0.0049483750
-0.0017269297
-0.0056332074
-0.0069770260
-0.0021903415
-0.0027446907
0.0025253925
0.0040492531
-0.0040492531
0.0023002365
-0.0015329030
-0.0016450078
-0.0032981560
0.0060383342
0.0043687269
0.0034812916
-0.0051173284
0.0058772481
-0.0013030733
0.0018455197
-0.0038033189
0.0021750960
-0.0071958444
-0.0024101677
0.0293979887
-0.0035209426
-0.0086952402
-0.0014026004
-0.0066078343
0.0021713178
0.0059469278
0.0078389663
0.0002139037
0.0013892602
0.0043689131
0.0176007073
0.0133868029
0.0390184931
0.0074078071
0.0104743750
0.0016540991
0.0071684895
0.0045264198
-0.0002883091
0.0123228383
-0.0225634842
-0.0201075874
-0.0041699822
0.0008950326
0.0075262783
-0.0051434337
0.0034648354
-0.0083358625
-0.0032939093
-0.0046096885
0.0005020837
0.0062049839
-0.0125497355
-0.0050643276
0.0084934788
-0.0032271105
-0.0009095044
-0.0029362650
-0.0299512946
0.0011486452
0.0025015648
0.0149819406
-0.0075145755
-0.0006201551
0.0023751754
0.0003093900
-0.0035120375
0.0048516224
0.0011320950
0.0032860987
0.0091846752
0.0011168081
0.0032418223
-0.0041554816
-0.0021351236
-0.0080732133
-0.0145731482
-0.0113078370
0.0023138420
-0.0043164777
-0.0092215397
0.0014896789
-0.0041553520
0.0011737717
-0.0035254564
-0.0045049953
0.0020404883
-0.0010734222
0.0001073941
0.0027882056
0.0012842468
-0.0014984483
0.0040620045
-0.0059918861
-0.0006441224
-0.0064641466
-0.0416014090
0.0067378132
-0.0083165235
-0.0020334395
0.0012431487
0.0024816708
0.0009009010
0.0299390362
-0.0138600833
0.0051925212
0.0016515280
0.0025270573
0.0111306256
0.0076752985
0.0157062901
-0.0051015096
0.0009585176
0.0014892036
-0.0012763244
0.0159429022
0.0164142476
-0.0097329408
0.0016633750
-0.0032253058
-0.0122675195
0.0009490168
-0.0133688994
-0.0020315431
0.0028856964
-0.0017090369
-0.0064350286
0.0153750626
-0.0030774153
-0.0027671367
-0.0094229201
-0.0071259209
0.0052953060
-0.0114906413
-0.0086504783
0.0121332854
-0.0020664535
0.0004353979
0.0125447736
0.0028974641
-0.0068817476
0.0063458132
-0.0019317456
-0.0007522433
-0.0105912586
-0.0037008859
0.0074963684
-0.0036868400
-0.0017396982
-0.0007620707
-0.0041471193
-0.0051532377
0.0275386006
0.0227318558
0.0063565055
-0.0091829926
0.0006287990
0.0010471205
-0.0092525105
-0.0060391135
0.0070948569
-0.0131706630
0.0003207013
-0.0071869443
-0.0028029341
-0.0006479482
-0.0096608621
-0.0002181739
-0.0002182215
-0.0030601117
-0.0156649646
-0.0026720123
0.0015595414
0.0025568354
0.0036571216
-0.0062139570
-0.0056929327
0.0101354100
0.0097045314
-0.0107023695
-0.0040013391
-0.0041292397
-0.0036972761
0.0034735874
0.0087978740
-0.0023311328
-0.0014458102
0.0002225684
0.0001112656
-0.0055785038
-0.0005595658
-0.0005598791
-0.0007843577
0.0104818087
0.0232441119
0.0030299774
0.0049579752
-0.0077712210
0.0018403253
0.0176881923
0.0106749415
0.0401825976
0.0064425429
0.0209509724
0.0039227274
0.0061472604
-0.0044847496
-0.0009776127
-0.0299833838
-0.0023207719
-0.0077071672
-0.0137353533
-0.0049663837
-0.0020766283
0.0061136919
-0.0071536254
0.0043604720
-0.0086355424
0.0005223296
0.0055199849
0.0153571686
-0.0187905591
0.0036410964
-0.0119086334
0.0029380924
-0.0121226383
-0.0040382627
-0.0086626925
0.0071707911
0.0014919014
0.0049923095
-0.0048858302
-0.0009587218
-0.0024542508
0.0011745237
0.0037279694
-0.0053299348
0.0036274445
-0.0049108671
0.0024584481
-0.0028866220
0.0065098144
-0.0082243454
-0.0001072559
0.0029988241
-0.0045016153
-0.0001074287
-0.0162464312
-0.0134112156
-0.0009965123
0.0060743464
-0.0058528134
0.0040895332
0.0022036148
0.0024183809
0.0004390779
0.0016448274
0.0002191060
0.0010948107
0.0015307241
0.0008736486
-0.0058021948
-0.0024183809
-0.0016522557
-0.0012133916
-0.0002207749
-0.0016573674
-0.0005530668
0.0000000000
0.0022104341
-0.0022104341
-0.0014394068
-0.0016634326
-0.0007772165
0.0015538294
0.0034320543
-0.0035429621
-0.0060073604
0.0052306613
-0.0009995003
-0.0032274248
0.0024493444
-0.0001112038
0.0007781669
-0.0080330679
0.0011195702
-0.0043734300
0.0044853181
-0.0028009654
0.0016815205
0.0010075568
0.0063577259
0.0066489607
-0.0131185872
-0.0044863243
-0.0028142080
0.0047233556
-0.0047233556
-0.0018052583
0.0003387343
-0.0006775833
0.0082129055
0.0045833181
-0.0022331407
-0.0003354016
-0.0032480288
0.0074881602
-0.0047993842
0.0045766670
0.0066600313
-0.0003319502
0.0119906832
-0.0115481074
-0.0048791403
0.0056531769
-0.0014379738
-0.0026601656
0.0027708524
0.0057388967
0.0114887198
-0.0037057263
-0.0051453395
0.0008776742
0.0025190310
-0.0060343592
0.0041730788
0.0009858153
0.0019687199
-0.0088899230
-0.0020967839
0.0062772080
-0.0001097876
0.0102677035
-0.0089510476
0.0074284807
-0.0008710802
-0.0013080447
0.0070648628
0.0130200365
0.0184307727
0.0022016049
-0.0105275212
0.0052776141
0.0117217459
0.0331556002
-0.0016117662
0.0066318571
-0.0162555955
-0.0297542611
-0.0063118240
0.0020030580
-0.0057034375
-0.0007417219
0.0025407594
-0.0005287928
-0.0095663995
-0.0070739845
-0.0034479077
0.0054894923
-0.0161232730
0.0045711878
-0.0016301694
0.0017387529
-0.0052253548
0.0065274383
-0.0024971513
0.0057449619
0.0064641466
0.0035375499
-0.0106504153
0.0062533897
0.0068552111
0.0076563539
-0.0058433101
-0.0019197958
0.0010670082
-0.0026696583
-0.0067593198
-0.0014004850
-0.0047547096
-0.0043421692
0.0028245538
-0.0017372426
0.0003259630
0.0002172496
0.0088668401
0.0004305242
0.0019350683
0.0131236880
0.0041254620
0.0040033766
-0.0019996849
-0.0135767889
0.0049004040
0.0069893327
-0.0042301248
-0.0053129442
0.0064780134
-0.0037117599
0.0062490274
-0.0028548790
0.0028548790
0.0225502822
0.0023715019
-0.0118099373
0.0085089234
-0.0059070590
0.0033205385
0.0011388933
-0.0013461043
0.0085633745
0.0128612572
0.0042505883
0.0103482111
0.0062771092
-0.0027849630
-0.0262376302
0.0023489772
-0.0022467330
-0.0177415690
-0.0021878427
0.0014590935
0.0056080737
-0.0032156036
-0.0029133305
0.0005208605
-0.0060587253
0.0028250084
0.0015660075
0.0019800955
-0.0031282612
-0.0007313379
-0.0093453717
-0.0009499183
-0.0024316764
-0.0018011341
0.0013776296
0.0087511761
-0.0032595581
0.0036793734
-0.0075837734
0.0039044000
0.0040990125
-0.0067354496
0.0005278438
0.0000000000
0.0010548524
0.0021063726
0.0009464221
0.0092070121
-0.0041744999
-0.0002091831
0.0141257023
-0.0098461696
-0.0004167101
0.0017698198
-0.0038559789
-0.0019858904
0.0092684860
-0.0018676079
-0.0001038583
0.0019714663
0.0002072968
-0.0120948195
0.0032465861
-0.0068195197
-0.0026353254
0.0086180250
-0.0079849132
0.0044205945
0.0015740598
0.0053333460
0.0151125948
0.0007188704
0.0060386039
-0.0036802331
0.0045981791
0.0189847164
0.0066796520
0.0090014951
0.0011809863
0.0034365982
-0.0165047973
0.0073471339
-0.0038654094
-0.0072756587
0.0012995453
0.0041870264
0.0248575947
-0.0288448408
0.0102350971
0.0028629271
0.0027564499
0.0024547118
-0.0042258429
0.0046180382
0.0115011014
-0.0009695560
0.0005818464
0.0009689923
0.0033840980
-0.0228458633
-0.0073347539
-0.0054865717
0.0012995453
0.0047837444
0.0023833179
-0.0001983930
-0.0058703716
-0.0002994161
-0.0129604466
0.0008086526
0.0081509885
-0.0007017896
0.0017034926
0.0076796867
0.0033723500
-0.0069555129
0.0029868600
0.0062435166
-0.0028691585
-0.0076582999
-0.0002995656
0.0025932590
0.0056617981
0.0022755389
-0.0097319537
0.0009974068
-0.0007978459
-0.0064057871
0.0020062200
0.0014019630
-0.0071303340
-0.0213922796
-0.0114949746
-0.0025028692
-0.0127149299
-0.0013757344
-0.0052025387
0.0048847926
0.0012703792
0.0009517264
0.0060066570
0.0019942279
-0.0038871720
0.0025231300
-0.0015762101
-0.0020001059
-0.0034834046
0.0093670106
-0.0066214967
-0.0028512612
0.0003172086
-0.0012694384
-0.0033930687
0.0098293874
-0.0090861692
-0.0020185930
-0.0160809640
0.0085015309
-0.0021454632
-0.0024729866
-0.0053972497
0.0053972497
-0.0010771220
0.0062312191
0.0022465909
0.0010680339
-0.0038502721
0.0020339353
0.0046943434
0.0034002795
-0.0027618458
0.0011694043
0.0057209606
0.0003168735
-0.0029613983
-0.0029701942
0.0045577481
-0.0070041674
0.0053106869
-0.0037145174
-0.0024485028
-0.0053436057
0.0041704600
0.0053214259
-0.0027636072
0.0001064339
-0.0042662181
0.0012817776
0.0001067407
0.0048977951
0.0021220167
-0.0020158089
0.0019098149
-0.0036104956
0.0080525970
-0.0003166394
-0.0008448622
0.0008448622
-0.0009505202
-0.0033869634
0.0003180156
-0.0006361323
-0.0038253155
0.0008513356
-0.0006384337
-0.0028780066
0.0001067407
0.0097717188
-0.0034941006
-0.0021235939
-0.0003189284
0.0001063208
0.0026543520
-0.0015917656
-0.0014879374
-0.0285903286
0.0002188663
0.0000000000
0.0073044751
0.0039028671
0.0019457362
-0.0048714575
-0.0032608725
-0.0056774910
-0.0013147805
0.0004384523
-0.0025237299
0.0012077959
0.0040519138
-0.0013123361
0.0001094271
0.0024043727
0.0005456431
-0.0020750294
-0.0075720526
-0.0033101652
-0.0022128799
-0.0039955658
0.0064294646
-0.0049847791
0.0037685702
0.0013267000
0.0052892685
-0.0041850281
0.0042949243
-0.0006595581
-0.0062875945
0.0005531280
-0.0055450957
0.0001112038
0.0007780804
0.0269664482
0.0089368024
0.0097072606
0.0076142500
-0.0121894561
0.0019177504
0.0104823873
0.0055669489
-0.0064099416
0.0014747712
-0.0007371137
-0.0066585883
-0.0013795301
-0.0053236923
-0.0053521858
-0.0007515972
0.0068508082
-0.0014946090
-0.0005343308
0.0021356121
0.0151381708
0.0001050586
-0.0022085511
-0.0083523243
0.0005307011
0.0011665519
-0.0080877316
-0.0023534457
-0.0005356473
-0.0007503886
-0.0073189434
0.0031278675
0.0023663558
0.0158809626
-0.0006346520
0.0022195221
0.0048446646
-0.0018929441
0.0009469200
-0.0041098114
0.0045303770
0.0038818703
0.0071991547
0.0076636663
-0.0019621011
0.0021684143
-0.0010319918
0.0013413818
-0.0002062494
0.0079100520
-0.0046151561
-0.0042235448
-0.0096468774
0.0079938137
-0.0061193989
-0.0003121586
0.0031172095
-0.0021810259
-0.0001039771
0.0022850031
-0.0027010197
-0.0027083350
-0.0018793073
-0.0089225386
-0.0025337851
-0.0037066497
-0.0165823538
-0.0005395198
0.0010787488
-0.0052970234
-0.0075069710
0.0019637798
-0.0052453404
0.0034999489
0.0007639837
-0.0012008080
-0.0071252699
0.0008797010
-0.0015399849
0.0015399849
0.0005494204
0.0072241995
0.0074971829
-0.0037958942
-0.0004347354
0.0001087016
0.0043384016
-0.0014079171
-0.0041268521
0.0001088198
-0.0010887317
0.0006533813
0.0033690191
-0.0043492512
-0.0082061842
-0.0158355560
0.0053434392
0.0007768715
-0.0035563496
0.0007790329
0.0045507598
-0.0029945123
-0.0032263476
0.0021149894
0.0008891853
-0.0001111049
-0.0013342230
0.0006673340
0.0011112347
0.0019971159
0.0011077879
-0.0023277736
-0.0032234786
0.0010015023
0.0038852244
0.0002215576
0.0093711066
-0.0021970788
0.0001099687
0.0015382928
0.0021934644
0.0003286051
0.0143527526
0.0095622539
0.0045874087
-0.0114543885
-0.0045322188
0.0010809643
-0.0040054181
0.0000000000
-0.0048931756
-0.0015272175
-0.0074512727
-0.0014308516
0.0025301152
0.0014272385
0.0024106959
-0.0040576905
-0.0002198044
0.0036206085
-0.0023025064
-0.0001097755
-0.0023080738
-0.0036377706
0.0038578169
-0.0005502063
-0.0066261976
0.0008860339
-0.0026604605
0.0003329449
0.0022168043
0.0027641125
-0.0003312904
0.0042982377
0.0037321668
-0.0154579649
0.0055481722
0.0095810435
0.0026269717
0.0101148287
-0.0006494913
0.0056149591
0.0006458558
-0.0040974825
0.0074277751
-0.0012878302
-0.0043047850
-0.0009711358
0.0019413293
0.0006462732
-0.0009695665
0.0018306148
-0.0016150744
-0.0014018442
-0.0119410885
-0.0069037587
-0.0007700347
0.0000000000
0.0036249834
-0.0020855065
-0.0030813274
0.0034109072
0.0124442169
-0.0009768276
-0.0053350881
-0.0031709611
0.0001095110
0.0041525576
-0.0049193868
-0.0059353878
-0.0120890953
0.0035642720
0.0036623980
-0.0003323916
0.0093752410
-0.0078250248
-0.0006640841
0.0117771434
0.0003282096
0.0084958577
-0.0015195922
0.0059565888
-0.0028114205
-0.0065182197
0.0053263890
0.0028147686
-0.0080321717
-0.0007631508
0.0077136566
-0.0015163005
0.0099224283
0.0108870752
-0.0107797618
-0.0082970144
-0.0004329004
0.0004329004
0.0005408621
0.0005405698
-0.0018391307
0.0049686860
0.0024751156
0.0039688977
-0.0067673066
-0.0038876939
0.0039954699
-0.0018337743
0.0061353187
-0.0085134411
-0.0030349037
0.0041165696
-0.0210856121
-0.0046480827
-0.0005547850
-0.0037807228
0.0035587226
-0.0006662965
0.0024409199
-0.0015526231
0.0016634326
-0.0041081499
0.0008896798
-0.0063563080
0.0040192083
0.0095365549
-0.0030949511
-0.0016619582
-0.0046682312
0.0046682312
0.0006651148
0.0040917945
-0.0014357504
-0.0006633499
-0.0003318401
-0.0015500446
0.0004431151
0.0009962917
0.0027622801
0.0001103327
0.0053914418
0.0004388371
0.0001096792
0.0025193069
-0.0003282455
0.0003282455
0.0005468366
-0.0024083208
0.0018614842
0.0006561680
0.0002186270
0.0055589004
0.0004346881
-0.0029378183
-0.0002179599
0.0020687034
0.0019558846
-0.0054424865
-0.0009828011
-0.0016401513
-0.0018620959
-0.0024149298
0.0027437870
0.0012048854
-0.0023014970
0.0032862337
-0.0012036988
-0.0031803503
-0.0010990220
0.0008793142
0.0014272385
-0.0023065527
0.0007694422
0.0007688506
0.0073292457
0.0006537372
0.0046726518
-0.0001084187
0.0002168257
-0.0026050161
0.0006518905
-0.0001086189
-0.0003259275
-0.0031561217
-0.0024009615
-0.0002185554
-0.0014217753
-0.0025204112
-0.0056115018
-0.0032049538
-0.0028821658
0.0019962300
0.0014392474
-0.0012176899
0.0011070520
-0.0042133337
0.0036599608
-0.0005536792
0.0043105897
-0.0043105897
0.0028757901
-0.0001104545
-0.0003314368
0.0015457660
-0.0009934324
0.0092338790
0.0102330525
0.0034598369
-0.0035681500
0.0055090607
-0.0060508018
0.0034620829
-0.0015131866
-0.0033587983
-0.0007600022
0.0009770396
0.0085355172
0.0015050530
-0.0008597529
-0.0063636088
-0.0010826027
0.0052935898
0.0000000000
-0.0051852768
-0.0040154159
0.0026064307
-0.0034767527
0.0000000000
-0.0045816596
-0.0108834142
0.0013255276
0.0014340083
-0.0032017692
0.0012156713
-0.0002209212
0.0023172424
-0.0023172424
0.0018762767
-0.0009928844
0.0044052935
0.0036198142
-0.0086875787
-0.0001104545
0.0013246497
-0.0022087254
-0.0027677848
0.0015509032
0.0029842520
0.0121758758
-0.0062339569
0.0118873748
-0.0014103610
0.0081094676
0.0224680697
-0.0005266207
-0.0074019583
0.0022263460
0.0020100509
-0.0006343165
-0.0002115283
0.0036953006
-0.0033780250
-0.0002115059
0.0030624661
-0.0007383577
-0.0038059037
-0.0016961734
0.0022256381
0.0007407800
-0.0181473810
0.0063355917
0.0009629274
0.0052263998
-0.0096205980
0.0003221823
-0.0006444683
0.0053579211
-0.0080476855
-0.0045351552
-0.0031434636
-0.0052247860
0.0005455240
-0.0007638169
-0.0039374436
0.0018612804
0.0005467768
-0.0008749864
0.0012029090
0.0053409032
-0.0016319429
-0.0016346105
-0.0010912266
-0.0033903899
0.0019700127
0.0156219276
-0.0038826623
0.0095715093
-0.0017139801
0.0059861216
0.0017037593
-0.0015971893
-0.0044857493
-0.0089243106
-0.0021623968
-0.0005413306
0.0020554992
-0.0035727857
0.0059475709
-0.0002156567
-0.0011869438
-0.0037860395
-0.0010843636
0.0024922806
-0.0016246957
0.0023819847
0.0045317298
0.0008608631
0.0113370198
-0.0077937724
0.0067297162
-0.0022382104
0.0050024052
0.0097200977
-0.0052709378
-0.0027519069
-0.0045679157
-0.0022384489
-0.0007472645
-0.0002136068
0.0009608713
-0.0001067179
-0.0009609739
-0.0071830917
-0.0012919898
0.0007538636
0.0003229105
0.0007530526
-0.0009683147
0.0009683147
0.0003225633
-0.0039855711
0.0005395198
0.0015091088
0.0066559559
-0.0041816391
0.0098364954
0.0076311976
-0.0079504314
0.0000000000
-0.0025575462
-0.0066374294
-0.0001074172
-0.0209505628
0.0048150673
-0.0043763746
-0.0002193223
0.0032847944
-0.0004373497
0.0004373497
-0.0015315614
-0.0009858153
-0.0014256733
0.0026304268
-0.0029597172
-0.0037395556
-0.0023167311
0.0016553555
0.0007715625
0.0038489078
0.0006583279
-0.0023060462
0.0061376782
-0.0016403306
-0.0036182266
-0.0020891755
0.0053790129
0.0009848444
-0.0035060845
0.0010969725
-0.0025248381
0.0027440882
0.0025179279
-0.0065818579
0.0008800881
0.0009891741
-0.0016491675
0.0007699500
0.0076670693
0.0019620673
0.0077019419
-0.0086824943
0.0031561217
-0.0047925154
0.0025080434
0.0143809582
-0.0061379614
0.0024812570
0.0135910915
0.0006375518
-0.0059663505
0.0002136980
-0.0009620010
0.0007483030
-0.0022465909
-0.0061234547
0.0055878074
0.0033163978
0.0082961548
0.0011644526
-0.0002116178
-0.0016945566
-0.0019098149
0.0309518644
-0.0101418648
-0.0074124680
-0.0024130526
-0.0054771572
-0.0159696783
-0.0034401238
-0.0026958554
0.0076373200
-0.0040803235
0.0008604001
0.0034342167
0.0014987691
-0.0032144033
0.0007509521
0.0048141307
-0.0019228721
-0.0078364418
0.0002155172
0.0041933291
-0.0019331979
-0.0004301075
0.0064322692
-0.0004275331
-0.0009626184
0.0058682484
-0.0040507464
0.0090382879
0.0034870855
0.0043155690
0.0089921141
-0.0090971506
0.0006300536
-0.0013656182
-0.0030531160
0.0009485167
-0.0005268426
0.0120477074
0.0103595664
-0.0011343131
-0.0032036404
0.0004139501
-0.0013459649
-0.0055062214
0.0003124837
-0.0022938181
0.0061397768
0.0039345671
-0.0099699652
-0.0037645135
0.0194019677
-0.0049443858
0.0091484423
0.0147278067
0.0026180661
-0.0093963813
0.0012174091
0.0032391971
0.0027249348
-0.0021187517
-0.0063833238
-0.0049931321
-0.0013289039
-0.0025605586
-0.0076179080
0.0088477943
0.0047006013
0.0044756458
0.0043546577
-0.0099523519
0.0079292883
0.0139763976
0.0086494549
0.0005937655
-0.0050582801
0.0142168452
-0.0090596385
-0.0088430205
-0.0012982475
0.0014978284
0.0000000000
0.0004987780
-0.0078094109
-0.0017101760
-0.0015114114
-0.0004034292
-0.0058680864
-0.0010152285
0.0045604335
-0.0007080362
0.0010113269
-0.0187741460
0.0005148535
-0.0069211577
-0.0040509014
0.0005202643
-0.0034387571
0.0042706174
-0.0018726597
-0.0037558730
-0.0021974581
-0.0101074771
0.0043292396
0.0018947374
0.0022059991
-0.0011549164
-0.0043164777
0.0010545187
0.0017901337
-0.0026336597
-0.0001054908
-0.0014780408
0.0021108187
0.0009484167
-0.0080372683
-0.0002123819
-0.0038306069
0.0014914246
0.0071068981
-0.0004228777
0.0084237626
0.0004193312
0.0021986084
-0.0110417022
-0.0050885300
0.0009560738
0.0036036075
-0.0040284163
-0.0027656650
-0.0072696493
-0.0016107386
0.0102641765
0.0011694043
0.0000000000
0.0013802625
0.0039180439
-0.0065740879
0.0024438199
0.0034959514
-0.0028594142
0.0023305095
0.0000000000
0.0000000000
0.0039072862
0.0004214963
-0.0052815164
0.0045437813
-0.0029563954
0.0056938155
0.0058706532
-0.0006273526
0.0028199925
-0.0013567815
-0.0014632110
-0.0037724031
0.0030399940
-0.0008376964
-0.0034629344
-0.0025260512
0.0037866880
0.0025165160
-0.0007333299
-0.0008387503
0.0009435447
0.0028253040
0.0015661710
-0.0035535154
-0.0049330984
0.0016820862
-0.0022083189
-0.0021077044
-0.0014780408
-0.0023270584
0.0010584252
-0.0066868582
0.0082723984
-0.0004225650
-0.0014803852
0.0071700012
-0.0001050696
-0.0015773703
0.0161807382
-0.0027998152
-0.0004154549
0.0093062403
0.0049281414
-0.0007171764
0.0035807496
-0.0033757896
0.0073507222
-0.0031582727
-0.0040899853
0.0043960609
0.0003059819
-0.0017351369
-0.0092365189
0.0038075683
-0.0025710921
-0.0039207644
-0.0043514366
0.0052814289
-0.0034142085
-0.0083255762
0.0057312719
0.0019722849
-0.0054071048
-0.0027145559
0.0017757356
0.0026056610
0.0003122236
-0.0019790642
0.0010421010
-0.0036521145
0.0008359457
0.0050010523
0.0034237726
-0.0033198495
0.0090002159
0.0023658911
-0.0044277475
-0.0086024265
-0.0010414498
0.0030172212
0.0043536920
0.0050554660
0.0010285950
-0.0012344411
0.0045188533
0.0037842029
-0.0019414506
-0.0064645446
0.0028782915
-0.0019522226
0.0018495690
0.0037911824
0.0008178287
-0.0070758640
0.0071780456
0.0033661479
-0.0025490710
-0.0001020981
-0.0020441544
0.0035745327
-0.0007138851
0.0015291302
0.0008145810
0.0015255533
0.0050684346
-0.0020242922
-0.0070154322
0.0048855059
-0.0009142161
0.0008126778
0.0007105517
0.0026347806
-0.0013165225
-0.0021303584
-0.0003047077
-0.0001015899
0.0017256260
-0.0001014250
0.0000000000
-0.0061044039
-0.0001020564
0.0040741552
-0.0002033140
-0.0021372966
-0.0027546821
-0.0009199163
-0.0006137480
0.0002046245
0.0021460332
0.0003062006
0.0005101260
-0.0003060444
-0.0017360229
0.0005109079
0.0007148328
-0.0017369098
0.0031650442
0.0023418022
0.0008132561
0.0015230749
-0.0018279684
0.0010159505
0.0009134738
0.0051606489
-0.0037413462
-0.0011149968
0.0024311195
0.0016174690
-0.0021234651
0.0009106087
0.0023233507
0.0012100435
-0.0011091506
0.0029214749
-0.0022155095
0.0006047168
0.0068280213
0.0032968710
0.0020923636
-0.0021921093
-0.0023968852
-0.0160261456
-0.0036644992
-0.0017351369
0.0038743931
0.0003052348
-0.0016289965
0.0038645426
-0.0038645426
0.0003056390
0.0059919948
-0.0161277355
0.0026718750
0.0032786915
0.0006135597
0.0000000000
0.0022465035
-0.0007142493
0.0078288235
0.0024276767
-0.0001010356
0.0024220418
-0.0005041085
0.0014108639
0.0033177530
0.0056050592
-0.0069107391
0.0005023863
0.0018065039
-0.0052277188
-0.0002016129
-0.0064731692
0.0042527403
-0.0027318275
0.0017209095
0.0054468563
0.0026120168
-0.0035177683
0.0019111810
0.0020078312
0.0004010829
-0.0027104368
0.0000000000
-0.0015089787
0.0057220454
0.0021997809
-0.0020996858
0.0140140444
0.0049227233
0.0046053680
-0.0015654049
0.0278090721
0.0037070524
0.0366081953
0.0078353171
-0.0046391132
-0.0233373133
-0.0076822563
-0.0112546703
-0.0171715093
-0.0110917658
0.0168804940
-0.0177614219
-0.0073714030
0.0074693222
0.0103254375
0.0028064082
0.0053970833
0.0369853476
-0.0103348064
-0.0131890748
0.0119716752
-0.0167245359
0.0050373152
0.0070851933
0.0066613747
-0.0007483630
0.0051337211
-0.0070070824
-0.0030987395
-0.0002821803
0.0044117028
-0.0031894961
0.0055282408
-0.0072209251
-0.0049061331
-0.0018934021
0.0061404945
0.0030092180
-0.0015975195
-0.0020711738
0.0034808822
0.0087892104
0.0144179947
-0.0051518053
0.0057939188
-0.0021113516
0.0021113516
-0.0059784036
-0.0018467226
0.0025844578
-0.0076806004
0.0061122620
0.0047895459
0.0003674782
0.0074125254
-0.0003647638
-0.0018258176
-0.0042120747
0.0000917557
0.0000000000
0.0010087579
-0.0055147199
0.0083521205
-0.0087208521
0.0005530464
0.0016573063
-0.0000920006
-0.0020261565
-0.0028620248
-0.0009249839
-0.0050097516
0.0050097516
-0.0016671301
-0.0021342745
0.0012068887
0.0000000000
-0.0003711953
-0.0014861604
0.0087918756
0.0020250375
0.0019291724
-0.0001835704
-0.0017456020
-0.0040541841
0.0006460843
0.0037758483
-0.0004597067
0.0003677823
-0.0025773210
-0.0025839808
-0.0052809684
-0.0013943762
0.0035286507
0.0001853740
0.0001853396
-0.0004634135
0.0007413586
0.0002778678
0.0026820825
-0.0054642414
0.0087837465
0.0011040575
-0.0013802625
0.0003682563
-0.0016582224
-0.0011993175
0.0010149007
-0.0001844508
0.0016588337
0.0015641536
-0.0059938397
0.0104886416
-0.0095641708
0.0070899427
0.0315192932
0.0047893661
-0.0008851908
0.0012390479
-0.0045210839
-0.0048094143
0.0019621840
-0.0024086724
-0.0007147963
-0.0147670611
0.0024462073
-0.0010864646
0.0028946198
0.0118525227
-0.0161976006
0.0029892680
0.0055921495
-0.0025216152
-0.0044281849
-0.0017223410
0.0032608725
-0.0026259806
-0.0020875887
0.0066108459
0.0017134874
0.0027894021
0.0011674376
-0.0001795171
0.0023312124
0.0002686367
-0.0027793984
0.0012561689
-0.0047638398
0.0070925467
0.0016983244
0.0009819238
0.0028510354
-0.0003559352
0.0000000000
0.0018672481
0.0097242633
-0.0025545048
0.0014101888
0.0041309661
0.0116848208
-0.0003468308
-0.0039972246
-0.0045379256
0.0053212495
0.0057257032
0.0025917941
-0.0077956220
0.0075367446
-0.0036313372
0.0021630984
0.0097192525
-0.0040310531
0.0009448955
0.0006866364
-0.0039546131
-0.0287494133
0.0004431642
0.0020360296
0.0008839389
-0.0009723758
-0.0025680776
0.0015947554
-0.0024818307
0.0026588689
-0.0052358464
0.0007115539
-0.0090207373
-0.0029650949
-0.0046901863
-0.0029879148
0.0032591012
0.0009034240
0.0061217332
0.0027784020
-0.0025091867
-0.0004487323
-0.0037773226
0.0011706967
0.0036832454
-0.0189188716
-0.0038454543
-0.0097714642
-0.0029687377
0.0030613689
0.0012959365
-0.0021299263
-0.0007419086
-0.0002783577
-0.0003712642
0.0011133792
-0.0083807176
-0.0029030315
-0.0030996127
0.0009402916
0.0007515972
-0.0050842780
0.0031101293
0.0009405569
0.0063724328
0.0008403754
0.0025168972
-0.0002793426
-0.0064465118
-0.0000937339
0.0099800297
0.0025026662
-0.0059424502
0.0059424502
0.0046180926
0.0038627842
-0.0032179497
0.0067915092
0.0024665431
-0.0006388902
0.0001825817
0.0099006213
-0.0009042410
-0.0017203137
0.0024437719
0.0009035873
-0.0003613370
-0.0043462582
0.0020849393
-0.0054481203
-0.0016402409
-0.0004561003
-0.0014609206
-0.0022869698
-0.0069846805
0.0016586808
0.0027583688
0.0053113678
0.0011866187
0.0009118265
-0.0032864737
-0.0003658314
-0.0028397399
-0.0026638513
-0.0034090419
-0.0024950343
0.0043392027
-0.0001842639
0.0005526898
-0.0017512332
-0.0000922552
0.0010143392
0.0016576116
-0.0008284623
0.0008284623
-0.0042415923
-0.0015721093
0.0020340244
0.0001847063
0.0075437340
0.0050281223
0.0112442244
0.0010814709
0.0000900698
-0.0284102232
0.0034226017
0.0325246692
0.0043705194
-0.0169640114
0.0014473092
-0.0059836987
-0.0084928139
0.0039357517
0.0034652597
-0.0026434544
-0.0028335104
0.0020117051
0.0023722639
0.0020029140
0.0023619197
-0.0059152923
0.0029165168
-0.0020953864
0.0112452441
0.0022519489
0.0024264222
-0.0075682855
0.0088241163
-0.0016149295
-0.0026973582
0.0032359579
-0.0013470434
0.0000000000
-0.0045935681
-0.0004514877
-0.0067968905
-0.0008187401
0.0046306888
0.0015388100
-0.0064425612
-0.0005463486
0.0000910788
-0.0066706511
0.0032038107
-0.0020126253
-0.0070762598
0.0027629415
-0.0003679514
-0.0072949213
0.0103264794
0.0025650435
0.0051104327
0.0025454559
-0.0015446825
0.0023614907
-0.0013617178
0.0052550633
0.0039682592
-0.0003601008
0.0057461103
0.0050009034
-0.0016939335
-0.0025910222
0.0042849557
0.0004452955
0.0169510548
-0.0048264760
-0.0091018169
-0.0075741062
-0.0114245834
0.0111562111
-0.0167813393
0.0183011644
0.0103977831
0.0019431202
-0.0030931048
0.0033577835
-0.0045090921
0.0065359710
-0.0082210408
0.0149769340
0.0012234555
-0.0097416190
-0.0092142054
0.0051491591
0.0189462732
-0.0049649508
-0.0061312271
-0.0042261024
-0.0005295208
0.0030849260
-0.0034380957
0.0172470898
-0.0090679844
0.0071566024
-0.0090854124
0.0185198529
-0.0018107356
0.0125216044
-0.0103663383
-0.0011201587
0.0061882449
-0.0026596901
-0.0090615507
0.0117212408
-0.0055849267
0.0031829353
-0.0028383453
-0.0157128108
-0.0070243506
0.0084233191
0.0036630078
0.0031290769
-0.0078411275
0.0082749481
-0.0073132835
-0.0030630576
-0.0245786740
0.0048391527
-0.0020582584
0.0084742490
-0.0004442273
0.0049641091
-0.0013272576
0.0013272576
-0.0020358493
0.0069754378
-0.0031726474
-0.0039800168
-0.0021291704
-0.0007996091
0.0004443062
-0.0079383193
-0.0008062710
-0.0090930179
-0.0048957487
-0.0000908884
-0.0061998740
-0.0059624999
0.0025728214
-0.0025728214
-0.0013810249
0.0034948992
0.0067710022
0.0005469961
-0.0017331817
-0.0011875943
0.0013701761
0.0001825484
0.0022790474
-0.0036489732
-0.0006399415
-0.0043992372
-0.0074678815
0.0050768559
0.0049595987
0.0046615870
0.0030956958
-0.0044644965
0.0051915049
0.0013617178
0.0073214048
0.0054784815
-0.0017031961
0.0049223709
-0.0036671031
-0.0079165581
-0.0030755339
-0.0034485922
-0.0004546488
0.0033595165
0.0034386062
-0.0015368624
0.0059534724
-0.0153159005
-0.0049437069
-0.0193676999
-0.0021544667
-0.0006566296
-0.0001876877
0.0028116232
-0.0074210101
-0.0135746543
-0.0033507283
0.0002876456
-0.0021113252
-0.0010573366
0.0096665346
0.0126823581
-0.0116351878
-0.0098485282
-0.0024051193
-0.0020247801
0.0026987968
-0.0125921850
0.0197854256
-0.0047897400
0.0083194360
-0.0008574287
-0.0023856111
0.0044802515
-0.0087887459
-0.0012481400
0.0015359512
0.0091664921
-0.0070584040
-0.0002872050
0.0052523637
-0.0054438795
-0.0027811094
-0.0001920861
-0.0051037715
0.0042389273
0.0023045910
-0.0088632565
0.0010638813
0.0053986442
-0.0037566870
-0.0029961845
-0.0012591410
0.0035795520
-0.0012562209
-0.0069862500
0.0017511436
-0.0023355402
0.0002922410
-0.0021450866
0.0031186070
-0.0039974703
0.0104957232
0.0046296379
-0.0040497597
0.0014482262
-0.0009652510
0.0023150391
-0.0024116155
0.0049135414
-0.0052033264
0.0077948718
-0.0024954423
0.0023995788
0.0007666507
-0.0039353125
0.0016335948
-0.0006723335
-0.0038506016
-0.0018342429
0.0013518735
0.0076901273
0.0010527828
0.0045810349
0.0052234318
-0.0005685048
0.0025557305
-0.0078774194
0.0055112264
0.0020825452
-0.0055948181
-0.0112844269
0.0022095210
0.0023961290
0.0019127779
-0.0045968286
0.0040233793
-0.0019138762
0.0104812775
