0.0020211010
0.0152283138
-0.0030670594
0.0003988513
0.0116162822
0.0059342691
0.0125381286
-0.0033333364
0.0071182938
0.0139343065
-0.0007606009
-0.0082515653
-0.0002685542
0.0108381461
0.0108721343
0.0006755996
-0.0029685320
-0.0016948837
0.0019582743
-0.0051675803
0.0084728718
-0.0015010510
-0.0058379481
0.0049362348
-0.0002255554
-0.0096714014
0.0029566755
-0.0017805396
-0.0003033866
0.0110519202
-0.0012011112
0.0044219671
0.0115247195
0.0063742593
-0.0090020899
-0.0006302249
-0.0148316906
-0.0007907073
0.0051846680
0.0051579258
-0.0041092366
-0.0415412894
-0.0052033528
0.0133257378
-0.0027906995
-0.0026039151
-0.0008175501
0.0039647115
-0.0066947160
0.0003123780
-0.0068556475
-0.0035835981
0.0022068105
-0.0052887205
-0.0044419840
0.0035313994
0.0069076041
0.0031811514
0.0040306067
-0.0033642405
-0.0016863741
-0.0005103944
0.0045841984
-0.0018389910
0.0071413544
-0.0029986198
-0.0013269330
-0.0050898665
0.0047773909
-0.0017594968
0.0010951618
0.0006643350
-0.0035612991
0.0019191984
-0.0009787226
-0.0047506028
-0.0059602695
0.0020565560
-0.0182606142
0.0044563175
0.0052736838
0.0018312836
0.0017485301
-0.0021463500
-0.0020313472
-0.0055173657
-0.0069599782
0.0076413000
-0.0014032277
0.0026044290
0.0075345689
-0.0014705593
-0.0028678423
0.0021516524
-0.0000398034
0.0010343731
0.0011127450
0.0041618007
-0.0010685242
-0.0040867397
0.0140547122
0.0005878780
0.0079610177
-0.0048314920
-0.0023853760
0.0026587441
0.0018725136
0.0019079145
0.0050829482
-0.0006194348
-0.0051250306
-0.0017921850
-0.0021470545
0.0038224557
0.0004670533
-0.0064803475
-0.0007052186
0.0060564804
-0.0094720658
-0.0033089134
0.0005128104
0.0031892930
0.0096630449
-0.0022606807
-0.0008978939
0.0017170066
-0.0053166662
-0.0081864437
0.0024866307
0.0055038076
0.0034440956
0.0043663084
0.0004278075
0.0137091603
0.0107197700
0.0011756007
-0.0000379010
0.0053299187
-0.0012071373
0.0026010758
0.0022187550
0.0033002093
-0.0000374413
0.0095024098
-0.0051685467
0.0023830813
-0.0071663490
-0.0022500572
-0.0010141798
0.0004884372
-0.0010147134
-0.0092549532
0.0017063233
0.0026862921
0.0004155412
-0.0022308356
-0.0044766568
0.0026959823
0.0024617961
-0.0057663286
0.0050852070
0.0062639351
0.0036046900
-0.0036423073
-0.0113115247
-0.0003805320
0.0049356568
0.0050621543
-0.0063506677
-0.0068875251
0.0062805908
0.0065053179
-0.0010561256
0.0121904700
0.0148759404
-0.0037167240
0.0215909189
-0.0028905931
-0.0129287814
-0.0016508616
0.0014675670
0.0014288072
-0.0023824807
0.0048688618
-0.0024131639
-0.0052117860
-0.0083883499
-0.0123214044
0.0041988515
-0.0107572407
-0.0012108371
0.0067543603
-0.0033148785
-0.0004151335
-0.0018513276
0.0067464686
-0.0059148363
-0.0053040473
-0.0234056917
0.0102521354
0.0124315484
0.0003800692
0.0015567751
0.0026144796
-0.0079021762
-0.0009158209
-0.0004200317
0.0000381920
0.0016408773
0.0000381279
-0.0040496712
-0.0128298267
0.0073019816
0.0005387724
-0.0225279442
0.0029076641
0.0114304793
-0.0012808820
0.0008929092
-0.0027589440
-0.0160430200
0.0012645224
-0.0051074049
-0.0098927768
-0.0012836457
0.0091102240
0.0038904376
-0.0038506627
0.0033750950
-0.0001189273
0.0010302335
-0.0002772662
-0.0011494938
-0.0002776621
0.0071154983
-0.0016557601
0.0036626471
-0.0024796817
0.0017718284
-0.0052062908
0.0048915285
-0.0010630550
0.0017711310
0.0001965988
-0.0045315810
-0.0010273838
-0.0008701500
-0.0065503718
-0.0009164990
0.0024686455
0.0034934533
-0.0013879803
-0.0023043316
-0.0021103355
-0.0005581915
-0.0061607588
0.0013233615
0.0012815893
-0.0050960125
0.0038144231
0.0063119417
0.0052428924
0.0059640361
0.0004724410
-0.0077446254
0.0026541502
-0.0001978279
0.0056818335
-0.0019297802
0.0009850471
-0.0014582145
-0.0030414970
-0.0071064475
-0.0048325673
-0.0024451360
0.0010429203
0.0007213851
0.0047162358
-0.0045960555
-0.0055030164
0.0002416432
-0.0005236340
0.0067459299
0.0025180373
0.0108783032
0.0047665096
0.0017276587
0.0009019078
-0.0022366546
-0.0045672967
0.0028373285
0.0081127603
0.0092857671
0.0087787411
0.0058480816
0.0091051124
-0.0109743075
-0.0053598903
-0.0047714420
0.0092145319
0.0013367199
-0.0031345591
-0.0012259129
0.0030237521
-0.0011089231
-0.0039101484
0.0031063667
0.0064502809
0.0089384377
-0.0104613773
-0.0067286258
0.0053559943
-0.0002671195
0.0017159531
-0.0030144066
-0.0098697013
0.0058490951
-0.0043836108
0.0020403849
0.0051784768
0.0001147732
0.0058360359
0.0036445126
-0.0047100023
0.0017878545
-0.0007603985
0.0050079777
0.0004540295
-0.0013627075
-0.0052790613
-0.0028982211
-0.0008787515
0.0096997660
0.0104685396
-0.0031140401
-0.0092869405
-0.0022782513
-0.0019025157
-0.0072627512
0.0052039606
-0.0050121583
0.0007285137
0.0016085178
-0.0014168919
0.0048931632
0.0015242163
0.0019020091
-0.0062139231
-0.0034859925
-0.0004989924
0.0006908463
0.0013036312
-0.0047241461
0.0045708659
0.0089276088
-0.0159654227
-0.0005404571
0.0002702651
-0.0118050454
0.0041320762
0.0024477914
-0.0186050056
-0.0527634144
0.0161233804
-0.0029159928
-0.0065197887
0.0049144207
-0.0019381050
0.0054747291
0.0084209303
0.0015050136
0.0002438430
-0.0000406364
-0.0018710601
0.0025210439
0.0030006916
0.0054511451
-0.0023383336
0.0000000000
0.0105995291
0.0068061319
-0.0037754640
-0.0048694915
0.0007199424
-0.0016406238
-0.0045759322
0.0063764728
-0.0031230006
-0.0036156234
-0.0026597904
0.0022975080
-0.0042767868
0.0035921174
0.0034588194
0.0004014130
0.0016040425
0.0028808086
-0.0040033682
-0.0029728449
0.0007641417
0.0036117058
0.0004004966
0.0008005124
0.0037139876
0.0033427545
0.0015085354
-0.0038552541
-0.0008366034
0.0035010977
0.0002779708
0.0018247456
0.0001188896
0.0050989260
-0.0041483180
-0.0028545395
0.0006350467
-0.0028608912
-0.0000795862
0.0018686021
-0.0019879932
0.0006763612
0.0005566601
0.0007549719
-0.0072953741
0.0020384922
0.0041043273
-0.0023888215
0.0003188394
0.0024278136
-0.0000397527
0.0047590810
-0.0011480376
0.0036769835
0.0000000000
-0.0005921481
0.0033902347
-0.0127132943
0.0007171887
-0.0017939370
-0.0039179677
-0.0008415654
0.0014822830
-0.0044936683
-0.0019320566
0.0051839615
-0.0007618437
0.0014830554
0.0060695790
0.0094697302
0.0027566670
0.0014540313
-0.0108578700
0.0046734609
0.0018553980
0.0094992079
0.0052990578
0.0044977006
-0.0010450737
0.0034793401
0.0197935467
0.0090771042
0.0053100117
0.0069870578
0.0034014896
-0.0059973525
-0.0013004628
0.0005575483
-0.0071976294
0.0020564214
0.0003734409
-0.0016067862
0.0071917289
0.0008907033
0.0286324110
-0.0029242426
-0.0078400460
-0.0019331431
-0.0020832199
-0.0006587616
0.0036907827
0.0046579415
0.0070906889
-0.0001802614
-0.0000721137
0.0113299409
0.0041980992
-0.0076981028
-0.0038713889
-0.0009342437
0.0034093593
0.0025404790
-0.0015378291
-0.0005011993
0.0002148305
-0.0083405718
-0.0037978163
0.0044113465
0.0002164502
0.0121183184
-0.0029979679
0.0151824420
0.0087627620
0.0011161105
-0.0134055910
-0.0027949285
-0.0033358205
0.0010658330
-0.0113919632
-0.0093456938
0.0050986388
0.0015137320
0.0000000000
-0.0065761185
0.0028959296
-0.0013745209
0.0010853051
0.0013008132
-0.0103812185
0.0061836368
-0.0015968067
-0.0008357103
-0.0074797393
0.0026334092
0.0033912553
0.0066397211
-0.0163334412
0.0085645791
0.0070091624
-0.0098558796
-0.0148385425
-0.0205373730
-0.0029957740
0.0029579089
0.0016269087
-0.0438161646
-0.0126397803
-0.0087985944
0.0153769097
-0.0025464542
-0.0006376280
0.0098378357
-0.0021734414
-0.0034476644
0.0014677009
0.0042718204
0.0051179199
-0.0013360055
0.0005110364
-0.0017700860
0.0051833934
0.0041040531
-0.0070851489
-0.0056728800
-0.0004346709
0.0072068836
0.0025082314
0.0070985906
0.0028331379
-0.0061421434
-0.0019125316
-0.0011727455
-0.0025064633
0.0010190085
0.0001566784
-0.0034526086
-0.0020851783
-0.0009850859
-0.0050192774
0.0034806031
0.0027994104
-0.0007089685
-0.0008277657
-0.0020131453
-0.0045146804
-0.0083702509
0.0056675466
-0.0012743928
0.0000398494
0.0003585729
0.0075400175
-0.0010284404
0.0022532771
0.0025239592
-0.0033140047
0.0000790326
0.0005135600
0.0047281412
0.0031789042
-0.0058160261
-0.0028416959
-0.0032065901
-0.0042915110
0.0040932360
-0.0017862464
0.0040838231
0.0063109112
0.0023563613
-0.0029856632
0.0041617649
0.0010964484
-0.0021548777
-0.0048359606
-0.0136904184
0.0060945438
0.0105867076
0.0012173812
-0.0010602165
0.0038037024
0.0076419586
-0.0015548475
0.0027193987
0.0116865663
-0.0006520780
0.0082157171
0.0006467444
-0.0030853054
-0.0018710508
0.0002292964
-0.0006115741
0.0096269840
-0.0002272383
-0.0026549359
0.0014800481
-0.0009484967
0.0076759116
0.0025956941
0.0035627932
-0.0083833502
-0.0293051442
-0.0136993806
0.0195908705
-0.0024376572
0.0118230634
-0.0018393629
-0.0054999081
-0.0046775121
0.0002711969
0.0006583151
-0.0041896252
-0.0021403701
-0.0037078278
-0.0018786698
-0.0016467363
0.0023516512
-0.0084524711
-0.0133541987
-0.0149554334
0.0027579511
0.0117172326
0.0128469501
-0.0076166665
0.0035775369
-0.0102900441
0.0061946924
0.0065524528
-0.0027348954
-0.0015491255
0.0052335382
0.0032373987
0.0002364718
-0.0048984849
0.0027682226
0.0004737840
-0.0024503036
-0.0125827893
0.0074254802
-0.0080668142
0.0037619607
0.0008385075
0.0017147533
-0.0031526255
-0.0018803390
-0.0080008468
0.0063576586
0.0144552044
-0.0000790733
-0.0014639843
-0.0003168191
0.0017412644
-0.0053521645
-0.0003180662
0.0044437464
-0.0005147801
-0.0006339396
-0.0013881455
-0.0000396896
0.0018240944
0.0064763485
-0.0005512245
-0.0025632445
-0.0026490082
-0.0059561803
-0.0047506028
-0.0023236259
-0.0019672796
0.0082048048
-0.0014359795
0.0000000000
0.0008379053
0.0014746032
0.0052431007
-0.0011495393
0.0018623824
0.0007123353
-0.0036858730
-0.0001985506
-0.0052161220
0.0045010134
0.0021437937
0.0110428634
0.0016068038
0.0002740745
-0.0006265664
-0.0010190085
0.0009798351
-0.0061693419
-0.0184184852
0.0015245129
-0.0046208018
-0.0254520632
-0.0002892263
-0.0011991153
0.0040464154
-0.0041291660
-0.0109836351
0.0071696847
0.0020331535
0.0078447966
-0.0029655279
0.0009482777
-0.0011958025
0.0003300194
0.0002886777
0.0009891198
0.0058323573
0.0012687500
-0.0021291414
0.0012698414
-0.0025823391
-0.0063819053
-0.0004131378
0.0016102731
-0.0021889529
-0.0077617905
-0.0050965103
-0.0011314352
0.0078100925
-0.0516064572
0.0020567585
0.0035782897
-0.0004792715
-0.0122335071
0.0005733566
-0.0010146239
0.0076066056
0.0028867623
-0.0007427636
-0.0074581376
0.0020235798
-0.0143855529
0.0075948046
0.0060433806
0.0031176612
-0.0360218366
0.0005452563
-0.0125247329
0.0111610343
-0.0023681585
-0.0045241709
0.0002747756
0.0016927832
-0.0043062048
0.0253396147
-0.0022405458
0.0049672310
0.0029863408
-0.0025846717
-0.0026808470
0.0000000000
0.0053990270
0.0020004897
0.0035465746
0.0013709234
-0.0042515564
-0.0021770530
0.0024876740
0.0056629802
0.0130611955
-0.0092303637
-0.0113145377
-0.0120736610
0.0242228683
0.0130007939
0.0033319661
0.0144961152
-0.0028141408
0.0283724887
0.0017416550
-0.0039437957
0.0046892917
-0.0087739923
0.0027111026
0.0019141948
0.0067122688
0.0026805798
-0.0133918542
0.0037911183
0.0053497131
-0.0009103323
-0.0019890608
0.0021546374
0.0032645332
0.0035006110
0.0028326886
0.0167893535
-0.0086237098
-0.0092731317
0.0002051829
0.0054832775
-0.0016745292
-0.0014316980
0.0028205304
0.0043175498
0.0001625620
-0.0030524433
-0.0030617893
-0.0037686428
-0.0023420658
0.0063968726
0.0000000000
-0.0024145210
-0.0085176937
0.0027236729
0.0014825189
-0.0002880955
0.0033696354
-0.0011082608
-0.0114414416
0.0019505723
0.0053342281
-0.0020228298
0.0053577444
0.0033238300
-0.0036938273
-0.0057732119
0.0007854648
0.0035063873
0.0130506895
0.0130430487
-0.0008026971
-0.0037813312
-0.0016537930
0.0047523247
0.0015657309
-0.0018068303
-0.0093673718
-0.0054099259
-0.0001223666
-0.0041284369
-0.0028302486
0.0054074115
-0.0052431202
-0.0031673583
-0.0021446845
0.0021446845
0.0038652953
0.0042182923
-0.0128742138
-0.0004140615
0.0011175729
-0.0063078601
0.0104361737
0.0046855819
0.0036428422
0.0013473514
-0.0040475126
0.0038434851
-0.0027379924
0.0024522839
0.0048459769
-0.0059078950
0.0003677147
-0.0070098055
-0.0009465995
-0.0017308885
0.0062910098
-0.0021336843
-0.0115264336
-0.0045812416
0.0074856875
0.0056189207
-0.0026402656
0.0012384925
0.0002062664
-0.0017752828
-0.0004546488
0.0007025519
0.0005369128
0.0002889875
0.0004126945
0.0018550204
0.0020160053
-0.0032935394
0.0012775341
-0.0002883328
0.0004530571
-0.0004530571
-0.0013604042
0.0011956053
0.0045631207
-0.0008616976
0.0037695693
-0.0027848327
-0.0017239261
-0.0013977392
0.0025883866
0.0019266644
-0.0019266644
0.0012302142
-0.0040654636
0.0011104029
-0.0015631431
0.0008230114
0.0017261224
0.0012311229
0.0011067162
0.0015146246
0.0015940166
0.0036281404
0.0023167446
-0.0029680248
-0.0033036309
-0.0025770574
-0.0013525424
0.0007379772
-0.0000819706
-0.0004509583
0.0000820075
-0.0022987572
-0.0004110490
0.0284129596
-0.0003996962
0.0072892717
-0.0032596626
-0.0040296091
-0.0000799584
-0.0018408105
0.0029197101
-0.0148061445
0.0056586384
-0.0051723557
-0.0062994254
0.0018736513
0.0011794133
0.0001219289
0.0008936914
-0.0098748099
0.0149778950
0.0004038935
0.0048742267
-0.0008040201
0.0122710735
-0.0053375948
-0.0060892745
0.0012047710
-0.0022500813
0.0033331356
-0.0020869294
-0.0018497673
0.0006437855
-0.0097818080
0.0000812348
-0.0007313506
0.0021113330
-0.0046345314
0.0014251687
-0.0004069838
-0.0028943580
-0.0045828469
0.0026622448
-0.0099478767
0.0015273796
0.0002887015
0.0031702272
-0.0090845899
-0.0030327603
0.0053530431
-0.0035239770
-0.0026199254
0.0017473794
-0.0029139976
0.0053220366
0.0029812452
0.0051136241
0.0034492705
0.0024565007
0.0028175359
-0.0015507042
0.0005307747
-0.0006941467
0.0025700139
-0.0032646428
-0.0029883151
0.0047851873
0.0080462073
0.0120691814
0.0240613706
0.0021837476
0.0063292579
0.0092468391
-0.0062322276
0.0024667579
-0.0013868025
-0.0087502494
0.0012436362
0.0031410593
-0.0055130784
-0.0024166841
0.0021051819
0.0086083745
0.0040074036
0.0003075977
-0.0045080701
0.0038927802
-0.0001538817
-0.0003463203
-0.0032381201
0.0136520892
-0.0109144214
-0.0101397982
0.0011662716
0.0017468609
0.0031366804
0.0003479135
0.0043194945
-0.0010781257
-0.0004238676
-0.0010025837
-0.0010035898
0.0006563073
-0.0057282349
0.0011637832
-0.0026787290
-0.0008945066
-0.0040938124
-0.0093023927
0.0048386239
0.0016860435
-0.0013721457
0.0006667059
-0.0006274756
-0.0086283852
-0.0037264662
-0.0061751954
-0.0053292855
0.0034092082
-0.0050980581
-0.0005233178
0.0030956665
0.0025257094
0.0094050827
-0.0049306235
0.0035016549
-0.0005960068
0.0012710520
0.0000793871
-0.0007941551
0.0011909962
0.0031690725
-0.0029310434
-0.0015482030
0.0021826705
-0.0013884208
-0.0000396975
-0.0000793997
-0.0014302744
0.0017081459
-0.0042957785
-0.0010768342
-0.0005188896
-0.0045217260
0.0053199061
0.0001595596
0.0040204660
0.0010720455
-0.0011515020
0.0016672625
-0.0009523810
-0.0018279361
0.0005566822
-0.0010340851
-0.0009156598
0.0046888745
-0.0015869870
-0.0017883760
-0.0024692354
0.0005182483
0.0031435930
0.0014292523
0.0148460070
0.0005470887
-0.0003125855
-0.0024258561
-0.0016859113
-0.0061797839
0.0035865641
0.0020437045
0.0159691806
-0.0020112949
-0.0045791535
-0.0038580746
0.0014046590
0.0046679977
0.0003104265
-0.0014365308
-0.0015942455
-0.0014798663
0.0050536572
0.0024786040
-0.0048467554
-0.0053782428
0.0017179451
-0.0057118421
0.0066866341
-0.0133787821
0.0008685697
-0.0041126284
0.0037179175
0.0044118877
0.0000000000
-0.0041355737
0.0026014993
-0.0014970063
0.0024020015
-0.0007869059
-0.0052487344
0.0003560479
0.0041051609
0.0020462781
0.0033358874
0.0028170135
-0.0023469598
-0.0026665637
0.0022356896
0.0053921125
0.0035786564
0.0030240786
0.0025130984
-0.0098175058
0.0003119152
0.0044730622
0.0154426868
0.0035857372
-0.0053834389
-0.0050277399
0.0043000911
0.0005362136
0.0017215988
-0.0013004898
-0.0026444396
-0.0008062195
-0.0042337066
0.0038495640
0.0103204035
0.0008742422
-0.0024345721
-0.0053080911
0.0002297090
0.0023705754
0.0031266707
0.0127857696
-0.0019940936
-0.0046810203
0.0057349991
0.0037551678
-0.0018382703
0.0207365290
0.0163791576
-0.0089041311
0.0058239163
0.0092482867
-0.0039633979
-0.0042691816
0.0061447457
0.0034892749
-0.0025888120
0.0008636822
0.0010066874
0.0051613018
-0.0017891013
-0.0010391473
-0.0037714885
0.0024441102
-0.0020483342
-0.0002158584
0.0019051391
-0.0024089899
-0.0027035325
0.0139792233
0.0080828574
-0.0067667167
0.0019532297
0.0008511242
0.0530853778
-0.0004034698
-0.0075953578
-0.0046191027
0.0063796070
0.0033431859
0.0014149516
0.0001346529
0.0119453347
-0.0054697798
-0.0061053527
0.0108764019
0.0038535693
-0.0039867162
-0.0060770163
0.0004018216
0.0052423447
-0.0043388360
-0.0126901412
0.0060453755
0.0080486031
0.0009347979
0.0043287228
-0.0110251017
-0.0027922173
-0.0056418116
0.0025714783
-0.0017925698
0.0020628674
-0.0005406684
0.0030037654
-0.0048984102
0.0004739978
0.0024003933
0.0011137174
0.0012809278
0.0022880995
0.0006047981
-0.0041063673
-0.0067684444
-0.0013592037
-0.0038838970
-0.0042760691
0.0029780774
0.0058277408
0.0002038667
-0.0004417637
-0.0077454964
0.0067933420
0.0000000000
0.0016656756
0.0006451285
0.0017634895
0.0013882542
0.0001691675
0.0013523110
-0.0025709564
0.0030776019
0.0010799866
-0.0025668752
-0.0029465078
0.0006442316
0.0055098421
0.0063844303
0.0019408385
-0.0006688292
0.0017714204
-0.0063313613
0.0059639659
0.0005677359
-0.0015035336
0.0009023914
-0.0087237166
-0.0023279755
0.0044487957
0.0010083357
-0.0003696050
0.0084998671
0.0123525820
0.0055469085
-0.0048559712
-0.0051110526
0.0067542223
-0.0014458467
0.0016100153
0.0069034611
-0.0045751714
-0.0007864212
0.0023247068
-0.0087374094
-0.0059229530
0.0040076231
-0.0058345930
-0.0058353923
0.0027051866
0.0023652092
0.0021604382
0.0009623841
-0.0000331702
-0.0068566372
-0.0061643801
-0.0002688805
-0.0076936435
0.0057757748
0.0020187074
0.0034224776
-0.0025489684
-0.0016132288
-0.0000336366
0.0004708098
0.0020488025
0.0066214334
0.0168560028
-0.0246188738
0.0198882474
0.0038125334
0.0160107553
-0.0103516898
-0.0080895196
0.0002301609
0.0127727339
0.0045662919
0.0144672045
0.0011140289
-0.0009866485
-0.0083778829
0.0004494526
0.0043556308
0.0043367415
0.0070073372
-0.0003476227
0.0001896274
-0.0005057530
-0.0054212703
0.0016834219
0.0047806838
0.0097123235
0.0172110613
-0.0019696556
0.0128252014
0.0087511346
0.0057118962
0.0144636769
-0.0008276433
-0.0021313764
-0.0031164231
0.0027311066
0.0017475531
-0.0115487785
0.0026608880
-0.0049687312
0.0059237271
0.0066891870
0.0199484452
0.0018281806
0.0002029250
0.0051751420
-0.0023963172
-0.0069907027
-0.0023897659
-0.0074095022
0.0074970334
-0.0016059570
-0.0078919598
0.0091185597
0.0008460608
-0.0040617796
0.0009658019
0.0152408785
-0.0005187171
0.0031082740
0.0176027787
0.0213139537
-0.0035717785
-0.0015823008
0.0063142363
0.0134911147
-0.0047504731
-0.0132229689
-0.0000554631
0.0048414187
-0.0009940359
-0.0020187223
0.0074462561
0.0005493751
-0.0148564834
-0.0061227249
0.0019331257
0.0081674066
-0.0083913457
-0.0048549915
-0.0092984490
0.0103668852
-0.0054101403
0.0027369062
-0.0068138066
0.0065319974
0.0064616042
0.0067817683
-0.0010018089
-0.0007241533
-0.0049157991
0.0007556993
-0.0050206963
0.0011803059
-0.0003089931
-0.0012369281
0.0023600820
-0.0010388736
-0.0074722958
0.0060385635
0.0019954196
-0.0047562181
0.0027045317
0.0071485944
-0.0038062233
0.0022407090
0.0013140790
0.0041545320
-0.0004452979
0.0040005610
0.0032663485
0.0111029805
-0.0006561501
-0.0021628734
0.0017252007
0.0044498511
0.0114023850
-0.0007812816
-0.0020503973
0.0148508292
-0.0023976355
0.0003200171
0.0048676134
0.0049232498
0.0061595351
-0.0187272879
0.0031767669
-0.0003998774
-0.0023491735
0.0081715676
-0.0060890678
0.0024241145
-0.0026375047
-0.0056983260
0.0050311879
0.0035706710
0.0011431155
0.0054582685
0.0009508215
0.0000000000
-0.0026698756
-0.0011653470
0.0104133281
-0.0011808700
0.0008923417
0.0020179526
0.0064718389
-0.0083848624
-0.0102032286
-0.0005831677
-0.0082537277
-0.0006418485
0.0057086612
-0.0017304958
0.0026610623
0.0001062953
-0.0048479132
0.0134205282
-0.0149169344
-0.0023828340
-0.0203361959
0.0094748728
-0.0002168080
-0.0033121603
-0.0072598572
0.0028720325
0.0105148297
0.0022407914
-0.0014032818
-0.0146627401
0.0151487143
0.0034490226
0.0004302926
-0.0046083652
0.0027514044
-0.0108606931
0.0097826131
-0.0002427283
0.0037422473
0.0072293343
-0.0056182929
0.0035886487
0.0016026929
-0.0044940289
0.0019820019
-0.0057694274
-0.0048559500
-0.0058856406
0.0048845447
-0.0090552496
0.0019103245
0.0017433946
-0.0083632180
-0.0146807353
0.0077404706
0.0076810156
-0.0202234163
0.0043283462
0.0046980419
-0.0047537723
-0.0051965585
0.0053080164
0.0061111301
0.0053305472
0.0048089567
0.0003837193
0.0002192021
-0.0020569085
-0.0079104088
-0.0152802438
-0.0034056240
0.0134978246
0.0110373038
0.0009074286
-0.0041865266
0.0094498409
-0.0036429913
-0.0034635401
0.0290378873
-0.0016329594
-0.0118041580
0.0101416918
0.0043914919
-0.0016579317
0.0002943498
-0.0024913285
-0.0003755768
-0.0050841412
-0.0127289990
0.0064526014
-0.0184054275
-0.0058496722
0.0144097894
-0.0039544195
-0.0003302419
-0.0001101049
0.0090431396
0.0169866950
-0.0022285777
0.0005643265
-0.0047124806
0.0002968680
-0.0209139059
0.0012116541
0.0021992531
-0.0010990220
0.0037043685
-0.0020837339
0.0117598660
0.0090728062
0.0002150191
0.0012891445
0.0001610263
-0.0063263237
0.0108245641
-0.0007215682
0.0023231916
0.0004000053
-0.0027231969
0.0006948528
0.0053289407
-0.0007443443
-0.0001595745
-0.0050931406
0.0009352413
0.0003204529
-0.0041471077
0.0015538353
-0.0016074590
-0.0011536038
0.0043392150
0.0028290827
-0.0013601634
0.0041281103
-0.0028212517
-0.0027490509
0.0039477245
0.0003992388
0.0075289982
-0.0026975580
0.0045709836
-0.0003691302
-0.0046786493
-0.0010338384
0.0004772890
-0.0019105244
0.0141883759
-0.0006810740
0.0029566854
-0.0040578628
-0.0002623639
0.0023588007
-0.0010476690
0.0061133508
0.0026011876
-0.0050785988
-0.0013586604
0.0034713648
0.0071913806
0.0021447868
-0.0027399402
-0.0033705858
0.0088687218
-0.0010817494
0.0055508584
0.0073535375
-0.0043851892
-0.0050463112
-0.0003595921
0.0006163645
-0.0017216352
-0.0023946557
-0.0021678547
-0.0071822439
-0.0161065336
0.0071146545
-0.0000525155
-0.0067712915
0.0000000000
0.0039313516
-0.0023200031
0.0003166812
-0.0007918911
0.0028742093
-0.0045921276
-0.0057566712
0.0002660140
0.0086071586
-0.0035133636
0.0073822477
0.0055795092
0.0126411464
-0.0013163500
0.0000774803
-0.0112194399
-0.0008883780
0.0073185986
-0.0039261110
-0.0147758144
-0.0053817020
-0.0030083217
0.0050265395
0.0001061092
-0.0014334256
-0.0001328286
0.0042946966
0.0029320499
0.0005537464
-0.0050212849
0.0046257831
0.0053392376
0.0012059249
-0.0023870429
0.0004988644
0.0039558361
-0.0036408920
0.0011539472
-0.0074189391
-0.0035181964
-0.0043287237
0.0052028149
-0.0026776617
0.0142074427
-0.0060642044
-0.0003687121
0.0023942024
-0.0179239076
0.0062940255
0.0020980793
-0.0016462220
0.0003454002
0.0117782015
0.0091468036
-0.0019529985
0.0068059282
-0.0002330248
0.0023019732
-0.0032346158
0.0038802853
-0.0026628420
0.0001035438
-0.0002588796
-0.0020215640
-0.0043420112
-0.0005994813
-0.0072482099
-0.0104541607
0.0052671403
0.0041359929
-0.0074412566
-0.0002913869
-0.0099044980
-0.0005888336
-0.0013395490
-0.0051336609
-0.0034551673
-0.0043086578
0.0020075970
0.0071833957
-0.0029373345
-0.0063894521
-0.0017942101
-0.0034342752
-0.0033365271
-0.0113229029
0.0021863982
-0.0009403956
0.0078829547
0.0055850772
-0.0180721172
0.0091319781
-0.0041405641
-0.0074964951
-0.0048050154
-0.0059825757
-0.0093684791
0.0066321134
-0.0019510546
-0.0200404071
0.0070212075
0.0076838860
0.0007964275
0.0016193415
0.0011348163
0.0016431995
-0.0039425405
-0.0110880455
0.0110596255
-0.0075885452
-0.0000859143
-0.0004010312
0.0052294051
-0.0001710230
-0.0001140316
-0.0082446362
-0.0058813524
0.0035790606
-0.0139554016
-0.0119328949
0.0003251888
0.0116661378
-0.0033946947
0.0002637942
-0.0057311800
0.0046755852
0.0022564443
0.0079303019
-0.0001452116
-0.0003195399
0.0009873389
-0.0021210764
0.0051061965
0.0018214678
0.0008662009
0.0058990430
0.0001721319
0.0010894809
0.0006588465
-0.0057148756
0.0013239317
0.0053640964
-0.0015460379
0.0018606787
-0.0000858013
-0.0010015597
0.0032870790
-0.0001426920
-0.0017996663
0.0142228910
-0.0030772295
0.0099595692
-0.0042923939
-0.0049888067
-0.0012723188
0.0016678213
0.0033273209
-0.0004505139
-0.0013245595
0.0026754927
0.0002249782
0.0037888933
0.0144063453
0.0046830751
0.0031281753
0.0099232045
-0.0009227346
-0.0022017161
-0.0010890578
0.0080040583
0.0017550259
0.0066947432
-0.0028444941
-0.0063892813
-0.0046354737
-0.0001086897
-0.0077747101
-0.0004108745
0.0039101536
-0.0038279652
-0.0101601986
0.0058223926
0.0070735613
0.0058566518
-0.0022024344
-0.0131519555
0.0060220440
-0.0193492812
-0.0022105640
0.0024062013
0.0073782580
-0.0049220772
-0.0048343697
0.0017072731
-0.0002517095
0.0060514135
0.0039401810
-0.0094043708
0.0041009389
0.0001113555
-0.0023410729
-0.0029340694
0.0178340903
-0.0016232207
0.0020080052
-0.0046272151
0.0011588126
-0.0028442451
0.0008568862
-0.0102476701
0.0057338649
0.0092823474
0.0077791561
-0.0051428060
0.0099878030
-0.0014401589
0.0019016577
-0.0023096267
-0.0013883409
0.0033722259
0.0000814454
-0.0023918254
-0.0016340763
-0.0023741637
-0.0004919108
0.0013931193
0.0071263731
0.0014895665
0.0020276579
0.0052258826
0.0030046165
0.0237435222
0.0012025516
0.0057833746
0.0023092002
-0.0103943728
0.0053279136
-0.0057469921
0.0035304769
-0.0002349777
0.0105713897
0.0012136081
-0.0006195307
0.0116549042
-0.0017626101
-0.0025600342
-0.0032607190
0.0014647875
0.0114893903
-0.0045799276
-0.0049084872
0.0033516297
0.0001532410
-0.0039919191
0.0000769181
-0.0004872482
0.0051170637
-0.0062977014
0.0269081347
-0.0039577227
-0.0072546226
0.0038102013
0.0159403750
0.0051177564
0.0016508769
-0.0008620584
-0.0046927571
-0.0033726008
-0.0039574440
0.0019682348
0.0039744693
-0.0000991695
0.0045516467
0.0074505183
0.0242503595
-0.0047215686
0.0021358556
0.0045922109
0.0068964151
-0.0005689361
-0.0061365937
0.0014781264
-0.0075085840
0.0076753321
0.0026879499
-0.0001663004
0.0063236637
0.0017927070
0.0039984060
0.0070638612
-0.0022867820
-0.0033228064
-0.0008441589
0.0116843103
-0.0023910405
-0.0128418312
-0.0009185657
0.0020479510
-0.0072928422
0.0008523939
-0.0096076839
0.0058136928
0.0038413250
-0.0064580689
-0.0041054096
0.0049625525
-0.0080047261
0.0123979367
-0.0003080824
0.0035962751
-0.0023408416
0.0027658611
0.0033936684
-0.0077468503
0.0013742450
0.0065137585
0.0001411333
0.0032405805
0.0094269879
0.0009053451
-0.0003016906
0.0024804417
-0.0033395982
-0.0010924263
-0.0060882634
0.0017532996
-0.0038847724
-0.0067994662
-0.0122085978
-0.0003107186
0.0222688445
0.0001402623
0.0120126449
-0.0039340975
-0.0043920363
0.0010474739
-0.0090912904
-0.0027271034
-0.0066608650
0.0002843467
0.0008052102
0.0116266696
-0.0006554001
0.0050681505
-0.0014687543
0.0056765460
-0.0058632090
0.0013525175
0.0056004329
-0.0010897415
-0.0053732931
-0.0023117078
0.0030577851
0.0264492673
-0.0051201059
0.0076816814
0.0127103674
-0.0012302188
0.0073809301
-0.0025582004
0.0060844457
0.0225250032
-0.0076047646
-0.0020960249
0.0033166803
0.0048244183
-0.0059360260
0.0081016071
0.0052644192
0.0056648865
-0.0085525706
-0.0024849028
0.0009082456
-0.0001729356
0.0172959444
-0.0024252235
-0.0008523515
-0.0008317428
-0.0034409463
-0.0045705782
0.0033495114
0.0079635764
0.0056617728
-0.0024558593
0.0049478882
-0.0040791797
0.0005716645
0.0027901096
0.0029717704
-0.0067572105
0.0009529962
0.0061829544
0.0048478075
-0.0031662517
-0.0055176620
0.0089141766
-0.0059409649
-0.0044525644
0.0071020182
-0.0109798400
0.0022268182
-0.0320514731
0.0098169111
0.0122922811
-0.0112963945
-0.0154609096
0.0002197368
-0.0022215633
0.0000660582
-0.0011456269
-0.0118412808
0.0114444116
0.0035881388
0.0039474601
0.0085648495
0.0039849319
0.0023747340
-0.0019425445
-0.0010808241
0.0062095930
-0.0018932880
0.0001076693
-0.0034295732
0.0025678941
-0.0003879979
-0.0013591795
-0.0192470822
-0.0107759902
-0.0140019090
-0.0031861194
0.0052820601
-0.0096824573
-0.0030051930
0.0095082126
0.0012865222
0.0104339407
-0.0080233510
0.0080679938
0.0026971919
-0.0097306408
-0.0028588492
0.0047003876
-0.0071605800
-0.0004068532
0.0071634835
-0.0019097482
-0.0103079714
0.0015892840
-0.0040007327
0.0052476864
-0.0039957371
0.0045846653
-0.0026756172
0.0016107630
-0.0006349207
0.0007709227
0.0021735201
0.0030485419
-0.0058115376
0.0046835314
-0.0013326860
-0.0018778074
-0.0016318024
0.0063535345
0.0042956648
0.0068661159
-0.0025217880
-0.0033573602
0.0023065995
0.0153162746
0.0010347979
0.0059458034
-0.0037476621
-0.0022421534
-0.0012551612
0.0035631842
0.0020617207
-0.0094662237
0.0012158056
-0.0122921850
-0.0019476819
0.0017240032
0.0019889830
0.0102396417
-0.0109990110
-0.0015204707
-0.0151287452
-0.0170928666
-0.0006935294
0.0036241542
-0.0058003329
-0.0138387096
0.0009395186
0.0005398237
0.0077366660
-0.0065875776
0.0023877534
0.0159123788
-0.0132271239
0.0108309750
0.0028332872
-0.0056977582
0.0056057450
0.0049337487
-0.0029802865
-0.0042565494
0.0042106294
-0.0028741929
-0.0062134238
0.0063515740
-0.0107403468
-0.0024932149
-0.0153518231
0.0036417852
-0.0010627872
0.0028551560
-0.0019340085
0.0052508391
0.0057606004
0.0008169077
0.0056765460
-0.0009515963
-0.0033260872
-0.0235976203
-0.0002147126
-0.0118324694
0.0105671148
-0.0099637092
-0.0008690195
0.0040970823
-0.0013718579
-0.0050221029
-0.0135986889
0.0072853833
0.0011442067
0.0066928811
0.0007972459
0.0066910811
0.0037351893
-0.0006215635
0.0007171544
0.0128923756
-0.0040895018
0.0010890153
-0.0075527625
0.0023574527
-0.0162815763
0.0186097555
0.0093999417
0.0111970688
0.0101990963
-0.0125496565
0.0127337168
0.0018846681
-0.0022067960
0.0050042572
-0.0073081933
-0.0027254896
0.0021025157
-0.0090886531
0.0003493043
0.0000931272
0.0052476494
-0.0023417857
0.0007193494
-0.0058626634
-0.0021021660
0.0033147396
-0.0027537298
-0.0070824151
0.0029844806
0.0029989948
-0.0076558544
-0.0048444555
0.0048208809
0.0047038988
-0.0089564095
0.0040167339
0.0005186355
0.0021659298
-0.0065829295
0.0045583990
0.0030117670
0.0078163792
-0.0027545011
0.0004907631
0.0023103591
0.0007456427
0.0080731659
0.0000231051
-0.0001155308
-0.0076779816
-0.0049955751
-0.0068569014
0.0105942629
0.0731482696
0.0003033389
0.0275418278
0.0112955296
-0.0021277935
0.0091672246
0.0022735738
0.0013616672
-0.0083226848
0.0040457746
-0.0049193187
-0.0060315954
-0.0136578441
-0.0044025295
0.0113812201
0.0007373156
-0.0010745553
-0.0071084331
0.0015910902
0.0040405805
-0.0055255192
-0.0017848421
0.0025488003
0.0005089814
0.0017793976
0.0051508421
-0.0017913409
0.0016649985
0.0006315524
0.0011988518
-0.0013882756
-0.0004842462
0.0065908471
-0.0006487595
0.0044074559
-0.0048890658
0.0000209444
0.0026563774
0.0010647516
-0.0023188537
-0.0044648078
-0.0005463677
0.0038601986
-0.0008588636
-0.0066865971
0.0015178668
0.0014524637
0.0029615338
0.0056675149
0.0005003753
0.0048655826
0.0170902145
0.0059162748
-0.0249166302
-0.0052926714
-0.0000208927
-0.0012962036
-0.0001046058
-0.0167518000
0.0064258442
0.0069727797
-0.0080514715
-0.0016944131
-0.0023770120
-0.0165615295
-0.0083520926
0.0018717223
0.0027793478
-0.0151407150
0.0125353030
0.0100153337
-0.0037953165
0.0068469822
-0.0103098144
-0.0034966210
-0.0021125771
-0.0025978293
-0.0343327922
-0.0148137352
-0.0010797028
0.0096756133
-0.0034203659
-0.0107242712
0.0207469685
-0.0055330194
0.0012498723
0.0071284204
-0.0006992771
-0.0038208111
0.0035499919
-0.0021918188
-0.0003167421
0.0052134584
-0.0036533428
0.0161136573
-0.0049699787
0.0174745602
-0.0069399589
0.0074667483
-0.0076436299
0.0059085669
0.0105177813
-0.0019377952
0.0039152615
-0.0008904623
-0.0002607732
-0.0064321523
-0.0017952933
0.0034563507
0.0056835038
0.0054570395
-0.0035913673
-0.0058254702
-0.0019202659
0.0037280530
-0.0011757791
-0.0018317420
0.0060711092
0.0015607729
-0.0048202282
0.0044085941
0.0093820446
-0.0054243842
-0.0001510982
-0.0086505542
-0.0054147422
0.0061330470
-0.0156357691
0.0000884037
-0.0036753351
-0.0031992207
0.0051935486
-0.0008858770
0.0064709421
0.0062980930
0.0000437503
0.0027306008
0.0028319374
0.0015650136
-0.0038953316
0.0053711544
-0.0034107112
0.0011309512
-0.0058643523
-0.0013127381
-0.0136224471
-0.0089618720
0.0055827393
-0.0017161647
-0.0099311470
0.0044509459
0.0067286129
0.0039134642
0.0014192893
-0.0072282772
-0.0049901085
0.0053248739
0.0020953153
-0.0030776117
0.0006475310
-0.0051022802
-0.0169698848
-0.0107831361
0.0008070188
0.0020492046
-0.0001380167
0.0139124336
-0.0177384691
-0.0110762647
0.0080233922
0.0046219346
-0.0010611549
-0.0039778036
0.0062141415
-0.0048478787
0.0102909752
-0.0001603427
-0.0013066054
-0.0037689064
-0.0180519962
0.0091945014
0.0111343262
-0.0000459453
0.0058182315
0.0043074535
0.0012500144
-0.0015911987
-0.0010014795
0.0001366245
0.0000683052
-0.0057997651
-0.0018336853
0.0012381063
0.0024716234
-0.0027924667
0.0003208434
-0.0028683231
0.0007580370
-0.0023218668
0.0006442261
0.0027333404
0.0033890575
0.0207237859
-0.0020172595
-0.0015268550
0.0082352880
-0.0048255310
-0.0011427676
-0.0055756794
0.0037130844
0.0046611773
-0.0019917873
-0.0021304517
0.0052841465
0.0033218548
-0.0045284780
-0.0028659730
0.0056791656
-0.0028579103
0.0015639316
0.0023190484
-0.0075790966
0.0002019590
0.0027560263
-0.0052722031
-0.0118797148
0.0013193814
0.0044004971
-0.0075881862
0.0047777313
-0.0044813032
0.0020497878
0.0006368558
0.0145368458
0.0030653937
-0.0076699187
-0.0076384552
-0.0034996854
0.0025691467
-0.0041867723
0.0023230930
-0.0079710815
-0.0012849638
-0.0066577068
0.0047961723
0.0047274902
-0.0181125868
-0.0061971832
0.0058474228
0.0063002219
-0.0027383926
0.0047757133
0.0087960225
0.0011685055
0.0050250214
-0.0007293448
0.0061372198
-0.0078258697
0.0035565320
0.0013872624
-0.0017286875
-0.0103203397
-0.0163257574
0.0235451780
-0.0067824833
-0.0126562002
0.0002793751
0.0055480254
-0.0053152724
-0.0052500908
0.0089204164
0.0044882548
-0.0005772539
-0.0007624857
-0.0036123693
0.0031962228
0.0033473801
-0.0006455183
0.0011984882
-0.0059836841
-0.0015769582
0.0004176722
0.0016921066
0.0079124740
0.0044248367
0.0002287335
-0.0038267253
0.0143828338
0.0110055688
0.0029948172
-0.0028381493
0.0013865595
-0.0010061825
0.0015870713
-0.0025046976
-0.0005823460
0.0017460215
-0.0041237172
0.0036986850
0.0001118681
-0.0106611297
-0.0052370978
-0.0013192614
-0.0038997073
-0.0022646957
0.0013960250
-0.0004346185
0.0059310802
0.0027936468
-0.0002041488
0.0022207124
-0.0089582701
-0.0082099255
-0.0085797735
-0.0021855899
0.0022320400
-0.0073192094
0.0005145597
0.0068975433
0.0033615815
0.0047794506
-0.0100936129
0.0011859501
0.0053772293
-0.0003930409
0.0012017566
0.0005080010
0.0017759741
-0.0013836045
0.0193568437
-0.0024928061
-0.0021351513
0.0028609724
0.0017669850
0.0120586388
-0.0066187518
-0.0388327012
0.0021506893
0.0034966701
-0.0017701181
0.0055328391
0.0042104351
0.0014763896
-0.0094262756
0.0037394509
-0.0014383818
0.0036152156
-0.0010646670
0.0011340625
-0.0005784426
-0.0026187429
-0.0032307202
0.0017212509
0.0022053797
-0.0002783060
-0.0042072049
0.0019082199
-0.0002557693
-0.0000697666
-0.0013032047
0.0005121758
-0.0059293325
0.0044386374
-0.0037598858
0.0014963063
-0.0057402076
0.0054598207
0.0012844617
-0.0013312005
-0.0011691805
0.0027570755
0.0023072900
0.0012795312
-0.0006744578
0.0009069241
-0.0016051181
-0.0025175425
0.0023545604
0.0017448560
-0.0004882529
0.0012782525
0.0012998168
-0.0023222880
0.0009992448
-0.0013247960
-0.0001628153
-0.0034952849
-0.0018925460
0.0013321650
0.0027056041
0.0012337490
-0.0022824679
0.0048846394
-0.0008356740
-0.0017199707
-0.0013967458
0.0037667455
0.0006264138
-0.0031360003
-0.0000698007
-0.0011407686
-0.0002562699
0.0023040680
0.0040367538
0.0023819171
-0.0041894815
0.0019696221
-0.0000231495
0.0070128779
0.0050217370
-0.0076458062
-0.0062888927
0.0042123841
-0.0089784495
0.0017463186
0.0055215434
-0.0025249906
-0.0012300553
-0.0009758365
-0.0035395794
0.0012356186
0.0034887813
0.0016703015
0.0010193681
0.0107785475
-0.0010313650
-0.0003440249
-0.0005506861
-0.0017458426
-0.0005289484
-0.0001840477
-0.0001380580
-0.0090149009
-0.0049813883
0.0005365746
-0.0004199034
0.0000466646
0.0021442231
0.0020699367
-0.0005577634
0.0037588795
-0.0018312688
-0.0056073391
0.0038889261
0.0032948959
0.0006484183
-0.0016450230
-0.0008351312
0.0010438051
0.0037717993
0.0006234054
-0.0018713834
0.0006010727
0.0009240223
0.0091935649
0.0108313344
-0.0036958560
0.0007266452
-0.0043906116
-0.0042725832
-0.0059249226
-0.0042008140
0.0016177868
0.0049296361
-0.0010575929
0.0006438854
0.0024338175
0.0013750117
0.0026301661
0.0062616186
0.0015649633
0.0017887675
0.0045367930
0.0003377428
-0.0021184061
-0.0034123941
0.0027127857
0.0004739818
-0.0010611278
0.0023014451
-0.0018271850
-0.0033019005
0.0009509794
0.0036370659
-0.0028452733
0.0004747748
-0.0013570978
0.0027575001
0.0056269702
0.0012112785
0.0117669391
-0.0032399114
0.0022646043
-0.0003327086
0.0034989849
0.0079708014
-0.0041536239
-0.0029995611
-0.0018129164
-0.0006419409
0.0004427620
0.0005310557
0.0014810397
0.0030436053
0.0016722412
-0.0011438629
0.0076084344
0.0083960993
0.0022069333
0.0082650435
0.0019486713
-0.0045026770
0.0095813214
0.0035906681
-0.0014856952
-0.0010838267
0.0002976380
0.0116023576
-0.0028827256
-0.0041810142
-0.0025849115
0.0001272831
0.0039377631
0.0005914410
-0.0030877930
0.0001694413
0.0002752808
-0.0073953203
0.0009167565
-0.0077441825
-0.0065068206
0.0023533741
0.0017883118
-0.0010338144
0.0042146974
0.0011580777
-0.0008577065
0.0016075968
0.0011130853
0.0002994652
0.0021364334
-0.0043631766
-0.0007934041
0.0037470469
-0.0021180329
-0.0033681262
0.0010738833
0.0019515130
-0.0011361323
-0.0053118976
-0.0005823672
-0.0040644311
-0.0020601350
-0.0048308221
0.0031361643
0.0050537474
-0.0036196192
0.0026672176
0.0002814858
0.0028320975
-0.0002159081
-0.0054563305
-0.0003691599
0.0035339939
0.0003894924
0.0033692609
0.0013574516
0.0042757604
-0.0068197973
-0.0072144601
-0.0191201180
0.0036502446
0.0007946494
0.0001103180
-0.0037133680
0.0001992804
-0.0009746374
-0.0022186240
-0.0014002647
0.0031755576
-0.0019307810
-0.0017119675
0.0038866050
0.0030984444
-0.0024779870
0.0023453933
-0.0022567879
0.0007749621
-0.0005313379
0.0013056999
-0.0003539197
0.0021437183
-0.0044250797
0.0008201173
-0.0003102356
0.0001108095
-0.0028628197
0.0004665993
-0.0002443820
-0.0059949145
-0.0057837320
0.0046878415
-0.0009626902
0.0052722236
-0.0028337164
0.0037245652
0.0017126529
0.0020424481
0.0028347452
-0.0042329278
0.0026172219
0.0000885995
0.0040671129
-0.0076616850
-0.0044556404
0.0083823906
0.0071262615
-0.0007697468
-0.0070874523
-0.0036627232
-0.0024938779
0.0017597207
0.0023562897
-0.0015109435
-0.0012237589
-0.0001558586
-0.0004899996
-0.0105934855
0.0033043020
0.0143044193
-0.0038567297
0.0061548193
0.0127420990
0.0007624359
-0.0012419790
0.0074721230
-0.0011909274
0.0002382990
-0.0008017770
-0.0048895602
-0.0039070650
0.0008088581
0.0059913686
-0.0010431835
-0.0050793068
0.0004806957
-0.0009397573
0.0037101745
0.0019586513
0.0004347354
0.0048994201
-0.0025117481
0.0018844023
-0.0068833259
0.0037623871
-0.0022165730
-0.0007181798
-0.0008058457
0.0045868150
-0.0001084493
-0.0042169392
-0.0086413944
0.0019974325
-0.0039548322
-0.0037937317
0.0037276851
-0.0013218481
-0.0026047430
0.0013915120
-0.0030727424
0.0007746019
0.0022760680
-0.0072661537
-0.0046353124
0.0014954525
-0.0049188491
-0.0022887927
-0.0016637817
0.0039974003
0.0027082394
-0.0006260481
0.0000000000
0.0014527252
-0.0014750913
-0.0005145587
-0.0001342763
0.0017665281
0.0012057072
-0.0014067998
0.0024773204
-0.0040651370
0.0000447618
-0.0004253176
0.0013424923
-0.0009395553
0.0005146277
0.0042634469
0.0025360398
0.0008883165
-0.0035802878
-0.0023865561
0.0011159221
0.0009586980
0.0013139289
0.0006451972
-0.0030962880
0.0014490979
-0.0012260230
-0.0005800982
-0.0000669561
-0.0013624132
0.0012731315
0.0016949913
-0.0015387535
-0.0018764665
-0.0008052791
-0.0017021662
0.0004258133
0.0015672230
0.0018551015
-0.0006701215
0.0022319943
-0.0013162740
0.0031650533
0.0011787602
-0.0005113668
-0.0040333867
-0.0006924357
-0.0017667652
-0.0044193761
-0.0247195926
-0.0018915371
-0.0092320481
0.0039073452
-0.0036510395
-0.0150700002
-0.0077878685
0.0001668395
0.0004288880
-0.0104407079
0.0075063005
-0.0001433623
0.0027680357
0.0034493046
-0.0040929050
-0.0054514290
-0.0008394796
0.0000719830
-0.0022819817
-0.0050387657
0.0113913418
0.0040064921
-0.0016197421
0.0018577184
-0.0018100415
-0.0067209858
-0.0046183903
0.0104808433
-0.0026039504
0.0014580921
0.0050985268
-0.0001425957
0.0010452300
-0.0040444468
0.0003336909
-0.0002621763
0.0007863228
-0.0020266330
-0.0033948584
0.0018423041
0.0027690269
-0.0108091024
0.0021663787
-0.0012511129
0.0056177226
0.0017938941
-0.0003346160
-0.0042882021
0.0026852734
0.0035850899
-0.0049268252
-0.0052403966
-0.0015919729
0.0074795024
0.0021301812
-0.0016989918
0.0000718468
0.0019379156
-0.0011479410
0.0012674424
-0.0007172229
-0.0072247539
0.0104958908
-0.0066009998
0.0018459700
0.0023206030
-0.0025601469
-0.0025426995
0.0008402857
-0.0046664987
0.0020232195
-0.0005054213
-0.0053103024
-0.0069214513
0.0002193063
-0.0100643641
-0.0144272600
0.0056022555
-0.0071265128
0.0027469801
0.0016943666
0.0023126572
-0.0027857943
-0.0026936715
-0.0062633300
-0.0019370344
0.0112675838
-0.0029423520
-0.0156036889
-0.0261864355
0.0220689022
-0.0035209507
-0.0063845552
0.0048754298
-0.0029994254
-0.0052255734
0.0150363365
0.0044393219
0.0026036744
0.0015892038
-0.0051045015
-0.0059968671
0.0000764575
0.0044245609
-0.0011424076
-0.0046592831
-0.0070941355
0.0044365304
0.0080532559
0.0084420681
-0.0102204335
0.0040601979
0.0112065037
0.0136794234
-0.0003953155
-0.0047808461
-0.0034823307
0.0029855967
0.0007946560
0.0014634935
-0.0011408448
-0.0023353468
-0.0012195275
0.0015676910
0.0005717198
-0.0005468556
-0.0002237999
-0.0027643246
-0.0056770732
0.0024798680
0.0033966915
-0.0016969036
0.0066959813
-0.0024342395
-0.0010201670
0.0009455560
-0.0028892396
-0.0012229670
-0.0015495742
0.0014496741
0.0009985522
0.0021186185
0.0019899019
-0.0011934659
-0.0003981387
-0.0047150482
0.0009747686
0.0004495729
-0.0010243215
0.0000000000
0.0018180733
0.0021708607
-0.0030769869
-0.0017096457
0.0002826431
-0.0009232629
-0.0035282516
0.0085794925
0.0027309578
-0.0007081388
0.0028394655
0.0016617120
0.0005219652
-0.0006630168
0.0029801199
-0.0003849884
0.0199560888
0.0028317337
-0.0037733933
-0.0031679602
-0.0007072471
0.0021299469
-0.0003931037
-0.0012239785
-0.0032712857
0.0019679484
0.0035025114
0.0024556054
-0.0041858965
-0.0030309688
-0.0012335027
0.0170841388
0.0050731359
-0.0058143733
-0.0053922755
0.0031532355
0.0016845519
0.0062471780
0.0088252810
-0.0001774004
0.0003051092
-0.0023202196
-0.0023469983
-0.0006726029
-0.0010680623
0.0000713983
-0.0024494924
-0.0011577322
0.0014892889
-0.0020077188
-0.0032816541
-0.0067116445
0.0040516215
0.0022619500
-0.0022162762
-0.0009716187
-0.0012953557
-0.0071157813
-0.0051525564
0.0003877297
0.0038107614
0.0107429856
0.0081269742
-0.0101642642
-0.0029635153
0.0010451049
0.0008487962
0.0058232409
-0.0046549137
-0.0059836895
0.0029118016
0.0009630901
-0.0042406752
0.0049063305
0.0343388904
0.0043329860
-0.0063267861
0.0037766885
-0.0032679501
0.0023652655
0.0070809030
0.0007392896
-0.0003811279
-0.0075810557
0.0034370324
0.0060113168
0.0001475729
-0.0066461874
0.0017693804
0.0080121903
-0.0030869657
0.0135451453
-0.0011424645
-0.0029281129
-0.0007242280
0.0024766528
0.0045696714
-0.0063129611
0.0027026273
0.0008696722
-0.0026865841
-0.0001118125
0.0060087160
0.0026052005
-0.0095020151
0.0142869292
0.0023591892
0.0039860340
0.0048300539
0.0021663806
-0.0014051660
-0.0051327063
-0.0009822513
0.0046142314
-0.0035201676
0.0008895823
0.0083320374
-0.0020670742
-0.0013996954
-0.0040389783
-0.0009960983
-0.0021720733
0.0008237509
0.0018397953
0.0038385709
-0.0030036209
0.0012600344
-0.0023742009
0.0026059635
0.0113968165
-0.0023908840
-0.0118018076
0.0087409080
0.0016421964
0.0037258706
-0.0026605500
0.0009759157
-0.0034154511
-0.0024432814
-0.0047595562
0.0009630841
0.0006059108
0.0016376849
0.0022341366
0.0006165064
-0.0018551028
-0.0022391346
0.0001580378
-0.0005565822
-0.0007886506
-0.0007446648
0.0043197957
-0.0066219505
-0.0036146318
0.0028251866
-0.0006400645
-0.0020931387
0.0028159788
0.0016607754
0.0021462012
0.0011849055
-0.0004965094
-0.0037931742
0.0038043094
0.0132956559
-0.0034165264
0.0089982420
-0.0015725251
-0.0015114280
0.0097945472
-0.0037668514
-0.0086001799
-0.0013657524
0.0020951486
-0.0044748221
0.0015298107
-0.0005243688
-0.0008289754
-0.0005206656
-0.0041485210
0.0018132251
-0.0071613126
0.0024854076
0.0018095453
0.0014364220
0.0001262533
-0.0031811201
0.0067185832
0.0022420125
-0.0004735563
-0.0028217539
0.0005543892
0.0071989609
-0.0060447857
0.0062837147
0.0026244580
0.0000655779
-0.0002339143
0.0019701642
0.0124903773
0.0001055885
0.0074384899
0.0014276893
0.0035773561
0.0038381159
0.0016458503
-0.0069918027
0.0007201265
0.0010536882
-0.0030427543
-0.0006276003
-0.0009827507
0.0023868347
0.0006927799
0.0049887395
-0.0006956965
-0.0087651161
0.0019608625
-0.0019480199
0.0023623666
0.0027274092
0.0036603760
0.0077398851
-0.0087015084
-0.0242090319
-0.0178701629
-0.0028926502
-0.0056161463
-0.0021156125
0.0030043545
0.0070528318
-0.0036725645
0.0010894095
-0.0113793006
0.0055024564
0.0026117369
-0.0005976420
-0.0083192323
0.0038232551
-0.0053291761
0.0041206950
0.0018110546
0.0027283133
0.0018942548
0.0035556898
-0.0029317511
-0.0020247616
0.0000066965
-0.0066425933
-0.0003146343
0.0110359791
0.0091438010
-0.0033207778
-0.0018848354
-0.0022722723
0.0045946245
-0.0007536203
0.0010253148
-0.0033361239
-0.0070873784
-0.0147144627
0.0081517471
0.0010889273
-0.0000718102
-0.0057074209
-0.0006773278
-0.0226177712
0.0018003259
0.0046267141
0.0043608981
0.0072480999
-0.0126631370
-0.0012622940
-0.0068751007
-0.0087041135
0.0132735451
-0.0061436309
0.0068789818
0.0001198179
0.0044392561
0.0048717127
-0.0022349748
0.0028648013
-0.0017192668
-0.0032915096
-0.0024769108
-0.0011659717
0.0054593593
-0.0091271086
-0.0011901228
0.0055801529
-0.0060311518
0.0050050813
0.0001035751
0.0012604541
0.0017936359
-0.0178468476
-0.0422673714
0.0015120437
-0.0037148033
-0.0101270789
-0.0138885774
-0.0336228109
0.0246147484
-0.0218608437
-0.0102426702
0.0018748541
-0.0277923153
0.0283956869
-0.0128242613
0.0075062368
-0.0083308662
-0.0019311850
-0.0062570569
0.0150569150
0.0035641067
0.0009281348
0.0016924090
-0.0040744403
0.0018972144
-0.0043687246
0.0027091854
-0.0013196803
0.0013614635
-0.0025336493
-0.0145436300
-0.0174631877
0.0109498436
0.0020860078
0.0005228228
-0.0119947622
0.0048624557
0.0038869250
0.0126546614
0.0052723019
0.0011897306
0.0069837070
-0.0011918844
-0.0017708874
0.0053500881
-0.0060509506
-0.0001124976
0.0032103595
-0.0059718224
0.0424792633
0.0149792167
0.0178337229
0.0053003014
-0.0045997505
0.0062733060
0.0007801961
-0.0006231418
-0.0001739694
0.0044508492
-0.0030213323
0.0136341837
-0.0092425304
-0.0046088468
0.0005742537
-0.0024440678
0.0089644816
0.0021497096
-0.0009737390
-0.0022573589
-0.0032584199
-0.0172096384
0.0042589388
0.0162642962
-0.0168886850
0.0097528824
0.0072365522
0.0167291982
-0.0015864288
0.0056636953
0.0078742683
-0.0066956210
0.0029896859
-0.0070668520
0.0004075234
-0.0074677226
-0.0092826343
-0.0046401456
-0.0124978929
-0.0077654099
-0.0162779498
-0.0059296552
0.0040411890
-0.0028343881
-0.0109190684
0.0075106863
-0.0077692854
0.0040336206
0.0026683160
0.0291821037
0.0027043253
0.0011922687
0.0046991300
-0.0043897138
0.0035283612
-0.0000436940
0.0003203782
0.0014743578
-0.0011443785
-0.0013448628
0.0009687747
-0.0091447291
0.0085864021
-0.0014409522
0.0020453879
0.0009314262
0.0143559374
-0.0061633957
-0.0088594905
-0.0045129678
-0.0012461091
-0.0098501946
-0.0113877959
-0.0071790870
-0.0013892293
0.0041443869
0.0039801719
-0.0067855393
-0.0051851539
-0.0019324214
0.0022125020
0.0059464094
-0.0008731434
0.0069663858
0.0053400418
-0.0041616880
-0.0040065815
-0.0002700108
0.0112410602
-0.0096046133
-0.0024619319
0.0089984314
0.0045702573
0.0032461039
-0.0017659342
-0.0078053861
-0.0019223195
-0.0272617998
0.0145233166
-0.0111549730
-0.0040566867
-0.0098833437
-0.0043603873
0.0086246211
-0.0050582058
0.0077446346
0.0083421913
-0.0019113010
0.0006859402
0.0027441494
-0.0046935523
-0.0050621740
-0.0197388644
-0.0167094066
-0.0125648641
0.0040384963
0.0000590707
0.0143919977
0.0039382973
-0.0007727008
-0.0107556297
0.0127928995
-0.0023011269
0.0076577762
0.0046871044
-0.0021553251
0.0075933987
0.0052874676
-0.0056841845
-0.0059749346
0.0021136450
0.0074881071
-0.0044882088
0.0050100500
-0.0069717035
0.0062379482
0.0011856254
0.0052268247
-0.0040039269
0.0002732705
-0.0004486155
0.0015409515
0.0002728977
-0.0045356349
0.0021465416
0.0009413707
-0.0031525609
0.0072532890
-0.0014258869
0.0014515599
-0.0019453134
0.0014265906
-0.0015063341
0.0007637328
-0.0052317954
0.0012292247
-0.0000619416
0.0083711103
-0.0008398564
-0.0015509781
-0.0039073194
0.0015158986
-0.0063853800
0.0127736875
0.0047137250
-0.0017946631
-0.0005097113
0.0126629662
0.0045907583
-0.0026318347
0.0004696717
0.0032339852
0.0021851593
-0.0041343263
0.0038320888
-0.0011723463
0.0058505221
-0.0092704166
-0.0104343947
-0.0009006964
0.0050158036
0.0171028663
0.0069302198
0.0016432319
0.0034574774
-0.0049379902
-0.0023348408
-0.0001556853
-0.0046222754
0.0021849909
0.0006216387
0.0002054768
-0.0001460575
-0.0084156642
-0.0136698147
0.0000784585
0.0061461489
0.0017114621
0.0039870593
-0.0053841567
0.0036544574
-0.0027220049
-0.0018934613
-0.0060589722
-0.0042581440
-0.0021690215
-0.0183435696
0.0032006164
0.0062086767
0.0015211317
-0.0066669318
-0.0012595421
0.0053813872
0.0017282799
-0.0028305887
-0.0035572987
0.0396548832
0.0148374555
-0.0130519425
-0.0033376981
-0.0001170090
-0.0048116971
-0.0102973278
-0.0021482394
-0.0112719801
-0.0073535793
-0.0079931920
0.0069862284
-0.0018616779
-0.0006886643
0.0050658526
-0.0045040119
-0.0023997358
0.0041479654
-0.0036706693
-0.0044341245
-0.0045349894
0.0025585187
0.0045182310
0.0066967137
-0.0062395186
-0.0016063008
-0.0021640042
-0.0072631119
-0.0014452996
0.0003628352
-0.0059772348
-0.0095952609
0.0019258989
0.0140250671
0.0024932695
0.0017625303
0.0012029164
0.0002273455
0.0024244144
0.0031775346
0.0114086476
-0.0028399829
0.0015881947
0.0006196639
-0.0029835669
-0.0036986761
-0.0024872412
-0.0006487356
-0.0011168107
0.0077709801
0.0106161459
0.0009715881
-0.0132807075
-0.0022833392
-0.0084206153
-0.0003525113
0.0063366487
0.0013356140
0.0027641057
0.0035242645
0.0021893077
0.0001927176
0.0212646599
-0.0000528219
0.0021834920
-0.0085146154
0.0008931746
0.0013950952
-0.0004597620
-0.0026540751
0.0043632204
-0.0042010921
-0.0113412075
-0.0034877534
0.0002005095
-0.0001362393
0.0058978168
0.0035332706
0.0032441889
0.0011492111
-0.0018576611
-0.0002184765
-0.0042035215
0.0037410068
0.0002795674
-0.0031585712
0.0002599852
0.0018892335
-0.0007481373
0.0001909045
0.0065070951
-0.0029172480
0.0000278959
-0.0005200070
0.0032550999
-0.0026260526
-0.0010706313
-0.0013970953
-0.0001118520
0.0005413490
0.0062815550
-0.0006693348
-0.0031126027
0.0019294369
0.0022766016
-0.0019124015
-0.0008651920
-0.0043499337
-0.0006738382
0.0002899332
0.0020830113
0.0009790395
0.0002332048
0.0017650154
0.0019159564
0.0075446234
-0.0016379198
0.0154690409
0.0064602032
0.0029647889
-0.0040705569
0.0019158882
-0.0047473075
0.0008453409
0.0033496832
-0.0011251469
-0.0013700637
0.0043031102
0.0194866598
-0.0003678092
0.0026941315
0.0052019983
0.0033840819
-0.0002996041
0.0017606705
0.0049328203
0.0006045664
-0.0080474604
-0.0085111168
-0.0015998735
0.0018182762
-0.0016620196
-0.0036507553
0.0079705822
-0.0071000303
0.0058570846
0.0100334413
0.0015930176
-0.0015431974
-0.0052137216
-0.0155252767
-0.0029034004
0.0015534097
-0.0007812576
-0.0010223795
0.0051280672
-0.0098454994
-0.0005127805
0.0016692335
-0.0083225365
0.0111908122
0.0011275246
0.0014658240
-0.0000242511
-0.0013857157
-0.0011201679
0.0018945610
0.0090129982
-0.0097242522
-0.0051565205
0.0092665469
0.0013461376
-0.0062772838
-0.0188711693
-0.0143732316
0.0008639266
0.0031279946
-0.0040019712
-0.0017099781
0.0025789341
0.0050880501
-0.0013646215
0.0041206707
0.0033493955
-0.0006853772
-0.0001018534
-0.0041550082
-0.0025028176
-0.0021506273
0.0053018563
0.0013702557
-0.0051694407
-0.0017984625
-0.0094029854
0.0027799698
0.0127939075
-0.0240497859
-0.0035386411
0.0121233664
0.0010192662
-0.0038117572
-0.0090210000
0.0044709654
0.0009707489
0.0047915054
-0.0029112915
-0.0160995205
0.0117076938
-0.0007611031
0.0066642043
-0.0047370304
-0.0054721378
-0.0018144517
-0.0027343049
-0.0165306757
-0.0136073022
0.0091297807
-0.0072653480
0.0017207835
-0.0027440673
-0.0132510266
-0.0088250199
0.0184223973
0.0039612745
0.0031397865
0.0055406769
0.0070591518
0.0037203335
-0.0065066078
0.0020865153
0.0088569794
-0.0033790693
-0.0051514689
0.0001540432
0.0054934607
-0.0020012274
-0.0023207154
0.0102733167
-0.0102863550
0.0056556751
0.0022714538
-0.0014005949
-0.0103200682
0.0014464799
0.0064846897
0.0086388544
-0.0065375664
0.0003782815
-0.0017371288
-0.0018623358
0.0000025998
-0.0011263533
0.0022696174
0.0022644779
0.0013929706
-0.0030240195
0.0008067812
0.0006610234
0.0056307605
-0.0019654835
0.0001290872
0.0004955401
-0.0004284214
-0.0013742511
0.0007622710
0.0055919957
-0.0004984289
-0.0069214065
0.0038250742
-0.0003377529
0.0005181848
-0.0035191349
0.0018630954
-0.0000361436
-0.0018657493
0.0014474214
0.0022677180
-0.0002654622
0.0071019104
-0.0012651454
-0.0003844705
0.0012758731
-0.0031156867
-0.0055579164
-0.0025342198
0.0070565550
-0.0035930079
-0.0020482469
-0.0040597962
0.0002803367
0.0027705838
-0.0013337945
0.0012742649
-0.0022128718
0.0008375286
0.0007151037
-0.0018795366
0.0135927125
-0.0106802878
-0.0068540542
-0.0105884837
-0.0164639209
0.0027450846
-0.0039904731
-0.0036621128
-0.0011141793
0.0006514343
-0.0035935527
-0.0077975007
0.0101847580
-0.0005093427
0.0027484488
0.0036359237
-0.0399214311
0.0084882236
0.0133517804
-0.0096135614
-0.0002340905
-0.0118529840
0.0034167996
-0.0030015976
0.0038206724
0.0039913578
0.0071533250
-0.0049277516
0.0042715700
-0.0044646618
-0.0375156237
0.0057091686
-0.0054743333
0.0004838158
-0.0010824681
-0.0021512293
0.0130142418
-0.0051945069
-0.0012543583
0.0138303271
-0.0138645590
-0.0224177484
-0.0167836807
-0.0207284449
-0.0222320193
-0.0051853808
0.0002645770
0.0090806773
0.0134058724
-0.0143624087
0.0012248192
0.0248333816
0.0029131949
-0.0018159966
-0.0008295513
0.0034369504
-0.0018806047
-0.0092291643
0.0020492276
-0.0092257826
0.0140281617
0.0065568695
0.0046292374
-0.0034101951
0.0145167019
0.0116217777
-0.0006722024
0.0078086094
-0.0016939798
-0.0014563397
-0.0027766794
-0.0050070229
0.0000058401
-0.0051848097
-0.0007634485
0.0050952426
0.0031076632
0.0058071211
-0.0190103171
-0.0007708177
-0.0014398595
0.0015343979
-0.0005555408
0.0029219938
0.0016932062
-0.0145426826
0.0118203739
-0.0187192978
-0.0083371799
-0.0074937257
0.0161314586
0.0001201959
-0.0010070873
-0.0060941766
0.0059768677
-0.0016949948
-0.0017401300
0.0030439956
-0.0003340853
0.0066635811
-0.0002930911
-0.0016464950
0.0082827575
-0.0056735712
0.0030076646
-0.0052483994
-0.0115249876
-0.0066602165
-0.0062198559
-0.0117399813
0.0056541236
0.0143866643
0.0031330508
0.0034619665
0.0228346152
0.0117199228
0.0052816383
0.0065363590
0.0007877299
-0.0062670371
-0.0031832486
-0.0038157853
0.0035624346
0.0015656697
0.0038832070
0.0014299073
-0.0081785793
0.0043270648
0.0007633666
0.0016958959
-0.0041098930
0.0020976916
-0.0098730154
-0.0012553162
-0.0033660316
0.0006270285
-0.0067175483
-0.0022126265
0.0091008468
0.0009881482
-0.0040351971
0.0023641858
0.0027374681
0.0010007881
-0.0025759016
-0.0049087269
0.0048204942
-0.0097385855
0.0020946268
-0.0000978098
0.0091114384
-0.0000587456
0.0047764819
-0.0001695698
-0.0057031504
-0.0008590207
0.0085892777
0.0040186777
0.0051048398
0.0136580093
0.0027087898
0.0035436562
-0.0040757202
0.0078073792
0.0107378568
-0.0001816086
0.0003687707
0.0018947882
-0.0011911488
0.0145641713
-0.0017318024
-0.0002618209
-0.0002150200
-0.0029321891
-0.0026108555
-0.0005906716
0.0010424523
-0.0041791280
0.0082856714
-0.0049825741
0.0012084996
-0.0051685156
0.0065304837
-0.0207455096
-0.0063181785
0.0027446696
0.0075422826
-0.0064289665
0.0070504784
0.0038246115
-0.0085024553
0.0097283950
-0.0024786214
0.0052663717
-0.0015297865
0.0097139157
-0.0025680356
-0.0088039283
-0.0073361430
0.0024916711
-0.0036537568
0.0052131686
-0.0018687734
0.0013464305
0.0037766206
-0.0093511965
-0.0021660883
-0.0007391266
-0.0139988108
0.0009906549
-0.0032887296
-0.0013485130
-0.0035470761
-0.0054694176
-0.0056457845
0.0031083960
-0.0037083999
0.0003776054
0.0086138849
-0.0059454436
0.0034353831
0.0016682656
0.0015350177
-0.0030084119
-0.0029912368
0.0116204674
0.0046858299
0.0140828133
0.0043087450
0.0006703357
0.0069751804
-0.0210475197
-0.0213104368
-0.0086953503
0.0089549296
-0.0017016164
-0.0045234837
0.0022774747
0.0020677994
-0.0004208176
-0.0022532154
-0.0005509077
0.0034498886
0.0027274799
0.0054240513
0.0087895092
0.0130141549
0.0034977736
-0.0006725691
-0.0040903560
-0.0108160377
0.0056737457
-0.0013047136
0.0002342315
-0.0184601114
0.0016947210
-0.0166141151
-0.0178082674
-0.0221431898
-0.0129178542
-0.0047217373
-0.0086964446
0.0026219191
0.0155267978
0.0007434185
-0.0094827251
0.0019549188
0.0096373420
-0.0031938725
-0.0204239552
0.0096376350
0.0090613528
-0.0021915211
-0.0033790556
-0.0148890028
0.0064697950
-0.0103311347
-0.0059385231
-0.0018644470
0.0247093488
-0.0007447997
0.0109005206
-0.0162965136
-0.0033861572
0.0122510662
-0.0222491817
0.0095179552
-0.0026798598
-0.0147934289
0.0091540265
0.0102416749
0.0062529971
-0.0042807653
-0.0022687179
0.0022120626
-0.0010297965
0.0001732816
-0.0105299967
0.0031278137
0.0049861362
-0.0051130926
0.0030583341
0.0096114615
-0.0046461814
0.0025252499
0.0000282668
0.0090543910
-0.0021966560
-0.0031585436
-0.0074121175
-0.0051738340
0.0043128592
-0.0011080578
-0.0044191691
-0.0011396121
0.0163282949
0.0002655706
-0.0030880976
0.0035003735
-0.0013749143
0.0061443120
-0.0003077196
0.0091690814
-0.0038919262
-0.0209840630
0.0001263109
-0.0047952007
0.0057514877
-0.0213814024
-0.0139317748
0.0058943012
-0.0062799927
0.0099540532
-0.0006313796
-0.0052510094
0.0059600697
0.0010739646
0.0132962318
-0.0068444302
0.0109007530
0.0084134218
0.0026652208
0.0004241435
0.0025285574
0.0013870475
-0.0025470058
0.0015108158
0.0004258757
0.0024202865
-0.0063948633
-0.0197510166
0.0096639454
-0.0101577821
0.0044325817
-0.0243331074
-0.0110084645
-0.0146832597
0.0073952390
0.0012122626
0.0051821414
0.0024208442
0.0005349695
-0.0047653491
-0.0108024429
0.0129430405
-0.0062024145
0.0019831109
-0.0074469849
0.0116993887
0.0118519808
0.0000065419
0.0017810782
-0.0026973626
-0.0026915269
-0.0004104302
0.0036420120
0.0155940415
0.0146754599
-0.0052486875
0.0079181457
-0.0045601393
-0.0073391135
-0.0079454852
0.0087653858
-0.0006020489
-0.0074175754
0.0013480612
0.0027485365
-0.0131608090
-0.0076266251
-0.0105497485
0.0078881800
0.0142987682
-0.0015581181
0.0026117172
0.0009650947
-0.0025345516
0.0053532487
-0.0106602688
-0.0022013419
-0.0290034046
-0.0077038599
-0.0093681730
-0.0085481480
-0.0062283051
0.0221175881
0.0155571021
-0.0023653187
0.0137481533
-0.0019970035
0.0094726141
-0.0013637210
-0.0014050977
0.0048354977
-0.0062227873
-0.0048293065
0.0060815764
-0.0027075308
-0.0066298585
0.0012823496
0.0027915569
0.0017432528
-0.0095673218
0.0005437457
-0.0153784041
-0.0325620408
-0.0096221688
-0.0072076025
0.0118632570
-0.0045426190
0.0157175605
0.0022922407
-0.0180592527
0.0092996453
0.0004723393
-0.0279367394
0.0093267726
0.0032767842
-0.0034478560
-0.0067772623
-0.0255363646
0.0067545141
-0.0209619212
0.0059863699
-0.0035212155
0.0145361770
0.0051628798
0.0106332001
-0.0238238404
0.0214143140
0.0063369623
-0.0005328514
-0.0096983792
-0.0049248882
0.0105201757
-0.0164026857
0.0157877574
0.0002351643
0.0029222729
-0.0077923977
-0.0000472580
-0.0021034252
-0.0013670492
0.0082395293
-0.0036209533
-0.0094601734
-0.0016215367
-0.0046222095
0.0080822177
-0.0051503771
-0.0007211132
0.0098590800
-0.0025725857
0.0060832313
-0.0019557100
0.0008692727
-0.0005818563
-0.0032829145
0.0020417025
0.0151633887
-0.0068573919
0.0009242579
0.0128008288
0.0045110212
0.0011626672
0.0013736071
-0.0010406528
-0.0052195706
-0.0060095197
0.0062836030
0.0019022735
-0.0027389968
0.0022522171
0.0070334537
0.0031430057
-0.0103577299
0.0077510024
-0.0130615000
-0.0024795575
0.0057262325
0.0051303299
0.0018410604
0.0048589606
-0.0010389685
-0.0131057897
-0.0048996460
0.0060165081
0.0124504333
0.0055740584
-0.0111510262
0.0147940429
-0.0096362967
-0.0034873988
0.0031490752
-0.0145142078
0.0004540912
0.0014110144
0.0002391392
0.0041774830
0.0055040906
0.0054985670
0.0044576779
0.0279713904
0.0063128075
0.0002366752
0.0047083194
-0.0046204257
0.0006454436
-0.0026249220
-0.0036885448
-0.0081205101
0.0041145776
-0.0064444333
0.0086163052
-0.0028684148
-0.0020583174
-0.0068757354
-0.0106085433
0.0070733238
0.0021626635
-0.0025535472
0.0123374303
-0.0069270878
-0.0091747886
0.0049677408
0.0115133953
0.0025281358
-0.0041144663
-0.0004791288
0.0025504287
0.0003857584
0.0136881173
-0.0039367141
-0.0019928110
0.0055288038
-0.0045538941
-0.0101201946
0.0012262627
0.0045740951
0.0009034866
-0.0007471862
-0.0107565934
-0.0019457132
0.0022856524
0.0001270183
-0.0041105255
0.0110070337
-0.0085111850
0.0061629569
0.0064410102
0.0272024007
0.0023794095
-0.0007023433
-0.0022653657
-0.0011279907
0.0019310323
-0.0002709132
0.0028705880
0.0055593118
-0.0048478892
-0.0013574111
0.0025485690
-0.0058211701
0.0013882831
0.0021645173
-0.0019960712
-0.0000363291
0.0021213884
-0.0018406977
-0.0125157996
0.0013698403
0.0003004457
0.0050406789
0.0033651479
-0.0005297154
0.0057522283
-0.0019907129
0.0024778995
-0.0021249512
-0.0071226032
0.0013642363
-0.0002919427
-0.0051862108
0.0045688695
-0.0013322327
0.0030969488
0.0021155411
-0.0047205864
-0.0026285072
0.0205401416
-0.0028861558
0.0017268111
-0.0087365463
0.0007084592
0.0123711568
-0.0019996424
0.0026111121
-0.0162291790
0.0029203942
0.0027640325
0.0022877034
0.0022955656
-0.0067181417
0.0010235971
-0.0026384675
0.0016313352
0.0008952788
-0.0026981411
-0.0027319037
0.0063869748
-0.0030746364
-0.0081369623
-0.0009777057
0.0010607999
-0.0020261409
-0.0011429696
0.0006499534
-0.0007133048
0.0002033771
-0.0034630479
0.0063558547
-0.0014337063
-0.0110931122
0.0082562403
-0.0021588753
0.0030431357
-0.0010912569
-0.0017344435
-0.0000301036
0.0028991627
0.0025614947
-0.0048387003
0.0036870061
-0.0011230134
-0.0021763012
0.0019161954
0.0023950831
0.0005322015
0.0010303351
-0.0001395316
-0.0020919849
0.0073970723
0.0076248538
-0.0037821142
-0.0028484788
0.0049729555
-0.0009531542
-0.0014248509
-0.0006818822
-0.0017975206
-0.0025484458
0.0039966099
-0.0137878282
-0.0533696966
0.0053723118
-0.0047978412
-0.0045307029
-0.0010375667
0.0020669867
-0.0012984465
0.0055745657
0.0000950522
-0.0004929612
0.0015766213
-0.0021121116
-0.0061717463
-0.0024317740
0.0016123766
-0.0261626474
-0.0056328710
0.0033535909
0.0039171510
-0.0032382941
0.0059585047
0.0125424677
0.0020573305
0.0002108608
-0.0010905224
-0.0000822844
0.0021086347
0.0012416556
0.0000320913
-0.0005421253
0.0035327924
-0.0024951649
-0.0027658290
0.0002822865
0.0085699107
0.0010833432
0.0006437852
0.0057649444
0.0178926816
0.0377068160
-0.0036182190
0.0067991494
-0.0007528136
0.0007494984
-0.0121773553
0.0056318194
0.0071056347
-0.0070789400
0.0024695197
0.0038934986
0.0051722600
0.0002737408
0.0081710319
0.0007062424
0.0026537552
-0.0030460506
-0.0021964254
0.0031017415
-0.0016085637
0.0057650963
0.0026608765
0.0028414863
-0.0048194115
0.0035406079
0.0006541748
0.0130934820
-0.0042780814
0.0039968540
0.0031751884
0.0083950390
0.0076293242
-0.0000313548
0.0029680766
0.0015712640
0.0057950969
-0.0036654961
-0.0057976428
-0.0020415370
0.0062775002
-0.0046871886
-0.0019765084
0.0049433403
-0.0037067807
-0.0003419409
-0.0033377050
-0.0017140341
-0.0079308834
0.0197681606
-0.0122378519
-0.0027167835
-0.0062003600
-0.0070080461
0.0073899356
-0.0061406081
0.0068785146
-0.0036343580
0.0043844288
0.0053359316
0.0062376356
-0.0037788909
-0.0011323547
-0.0038608927
0.0043057866
0.0013523974
-0.0058989951
-0.0103973160
0.0039403786
-0.0011041685
-0.0009743398
-0.0093280814
0.0012444870
0.0010176512
-0.0239951055
0.0003560068
-0.0084630007
0.0100634647
-0.0053051747
-0.0009895830
0.0024374405
-0.0016761360
0.0014481879
0.0001684884
0.0005746291
0.0037336408
-0.0009905438
0.0002469050
0.0005561360
-0.0043619456
-0.0038866885
0.0051613018
0.0004981764
0.0024411026
-0.0024246110
0.0015918139
0.0061620477
-0.0045300228
0.0037311333
0.0009690621
-0.0042926051
-0.0037996569
0.0029777318
0.0011077966
-0.0003548873
-0.0012628424
0.0022187790
-0.0006897594
0.0035782907
-0.0000458366
-0.0023798374
-0.0005613653
0.0010272889
-0.0036281219
-0.0007311603
-0.0014045363
0.0024484172
-0.0007638690
0.0044170932
-0.0058278328
-0.0293710063
0.0273602320
0.0046230277
0.0239118933
0.0051709505
0.0026105426
0.0014141211
-0.0180422314
-0.0169883915
0.0086087042
0.0011365902
0.0112986383
0.0037562420
0.0003825635
0.0057369378
0.0004888405
-0.0000319431
0.0012003577
0.0032331510
0.0047305114
0.0005063067
-0.0058348795
-0.0033340589
0.0042182998
-0.0054258905
-0.0085844877
0.0017781619
0.0043867607
-0.0090999995
0.0084108252
0.0059401241
0.0034207867
-0.0055938855
-0.0018161302
-0.0016206732
-0.0041694298
-0.0025009924
0.0095288519
-0.0067768168
0.0002799349
0.0014531148
0.0031080978
-0.0004837023
-0.0047308138
0.0004119849
0.0034052429
0.0062629183
-0.0066767108
-0.0000641692
0.0406060991
0.0363095458
0.0026436870
0.0003258970
-0.0055607022
-0.0090725554
-0.0072342102
0.0078412142
-0.0030387113
-0.0035921531
-0.0010892489
0.0024582035
-0.0002537044
0.0036062153
0.0001745532
0.0009534853
0.0005019439
-0.0015336734
0.0076807918
-0.0107854015
0.0018699487
0.0017401309
0.0032283716
-0.0046099927
0.0025870978
0.0066684381
0.0059836855
0.0032401978
0.0027049470
-0.0102738599
-0.0047635706
0.0021441748
-0.0067470713
-0.0134859360
-0.0076131627
-0.0137381196
-0.0058654858
0.0070543727
-0.0000808742
-0.0035118862
-0.0005120759
-0.0013595218
0.0006596770
-0.0007191006
-0.0010858835
0.0018643649
-0.0024876374
-0.0091620032
0.0054802260
-0.0015987113
0.0024002516
0.0065703588
-0.0026567663
0.0084458909
0.0086490199
-0.0030598544
-0.0008150740
-0.0149365651
0.0144762488
0.0070851200
-0.0039628364
0.0004465654
0.0000061581
0.0020331869
-0.0023134201
-0.0007980170
0.0022998885
-0.0022536539
-0.0001911168
0.0015525370
-0.0018670345
-0.0031256782
-0.0510517091
-0.0007588131
-0.0008441638
0.0043305957
-0.0019173343
0.0026962162
-0.0001881742
0.0037987950
-0.0028258619
0.0004472315
-0.0007098302
0.0003533575
0.0015189868
0.0011773269
-0.0011676180
0.0014746594
0.0001389457
0.0070671672
0.0004586840
0.0030578567
-0.0026314373
-0.0013696765
-0.0015129932
0.0001864370
-0.0002282294
-0.0013479367
-0.0016237954
0.0002192374
0.0025274288
-0.0015704400
0.0022968992
0.0007162990
0.0002953641
0.0016453782
0.0005158281
0.0004707412
-0.0011532290
-0.0025610756
0.0001960031
-0.0006106282
0.0017986772
-0.0016025928
-0.0004565183
-0.0004663782
-0.0072357510
0.0043780585
0.0009448764
-0.0051900827
-0.0006320160
0.0044706185
-0.0042436950
0.0056596393
-0.0025688869
-0.0036905906
-0.0004314575
-0.0024788072
-0.0041853340
0.0042764081
0.0108305008
0.0041323235
-0.0041291061
0.0048690010
-0.0012655208
0.0057603699
-0.0028153028
0.0036723633
0.0044043275
0.0015777821
-0.0005699955
-0.0003294789
-0.0074963895
-0.0263365482
-0.0129315417
-0.0076960761
-0.0175554135
0.0004970348
0.0004525634
-0.0038345500
0.0056155913
0.0024556203
0.0040737247
-0.0077220199
0.0017833885
-0.0004548865
-0.0029856554
-0.0064539608
0.0016336543
0.0077923800
-0.0074707585
0.0024634720
-0.0016393614
0.0077665335
0.0030613997
-0.0018885619
-0.0144096531
0.0106558007
0.0074632901
-0.0085656459
-0.0065266959
0.0112439982
-0.0020621431
0.0007771946
0.0010375802
0.0010026490
0.0028027559
-0.0043613597
0.0014367137
0.0019180456
-0.0040704976
-0.0052769673
-0.0005800880
0.0020390565
0.0038994357
-0.0078038775
-0.0007320720
-0.0009107063
0.0027023068
-0.0009740410
0.0064553735
0.0172281879
-0.0310072130
-0.0138737446
-0.0058567578
-0.0120734204
0.0023972864
0.0010033772
-0.0013936543
0.0056300497
-0.0005788814
0.0009458034
-0.0030417549
0.0033979638
-0.0018282380
0.0021948948
-0.0044194009
0.0020195918
0.0016628336
0.0020051351
0.0038404488
0.0021369476
-0.0000734912
0.0044278144
0.0316195550
-0.0047339329
0.0051254491
-0.0072373895
-0.0339373003
-0.0062433405
-0.0160039368
-0.0003452207
0.0168903777
-0.0001096354
-0.0001591695
0.0008592144
-0.0036505631
0.0052432828
0.0251513268
0.0045730374
0.0003904163
0.0085270553
0.0013706254
0.0000000000
0.0013856776
-0.0004808734
0.0037156728
-0.0029775254
0.0018159596
0.0052467025
-0.0040210198
0.0005161604
-0.0089676977
0.0088530184
0.0062007570
0.0032664674
-0.0061535768
0.0039860474
-0.0027831913
-0.0016299155
0.0005850588
0.0021557088
0.0021878878
-0.0017284699
-0.0010130116
-0.0002181666
0.0004329302
0.0004897570
0.0000167683
-0.0014766838
0.0027402010
0.0005391061
-0.0028931451
0.0000470008
-0.0009706798
0.0005207240
-0.0002452104
0.0000268753
0.0001209300
0.0021072066
-0.0019056891
-0.0005038697
0.0001679848
0.0006414422
-0.0040975254
-0.0006035990
0.0024525918
0.0007332612
-0.0006154995
0.0009987340
0.0015750970
0.0037179869
0.0035909557
-0.0020108151
-0.0000433955
-0.0020383688
-0.0134669131
0.0067948518
0.0013325977
0.0040843026
-0.0009516247
0.0015911169
0.0009099851
-0.0014021235
-0.0046857516
0.0077251000
0.0019444779
0.0068438945
-0.0013544327
-0.0027741938
0.0035691933
0.0062550851
-0.0037945955
-0.0012757886
0.0019130731
-0.0010337284
0.0042140729
0.0000921286
0.0028419424
0.0029058598
-0.0004842694
0.0016351041
-0.0031286536
-0.0028097190
-0.0036288477
-0.0051695940
-0.0122277627
-0.0015823240
0.0044817852
0.0074961670
-0.0011700729
0.0064515711
-0.0032471054
-0.0091122569
0.0006087364
-0.0028595940
-0.0030124096
-0.0052065888
0.0017936679
-0.0009758157
0.0006146385
0.0010629055
0.0021964630
-0.0060756194
-0.0047919565
-0.0081980272
0.0039536905
0.0096522860
-0.0159582118
0.0125927059
-0.0010631813
0.0085245142
0.0017170739
-0.0045144673
0.0011718758
0.0028816278
-0.0030233957
-0.0097422091
0.0035252041
-0.0036513343
-0.0020544119
0.0012392950
-0.0001876733
-0.0032129640
-0.0011921035
0.0030766991
-0.0010906487
0.0039330477
-0.0019202080
-0.0056867064
0.0038141106
0.0050051025
-0.0011441532
0.0016204976
0.0012544217
-0.0008871109
0.0028420927
0.0029895591
-0.0043875248
-0.0028562899
0.0033790592
0.0013633452
-0.0019132789
-0.0006827458
-0.0010164900
0.0003978800
-0.0004352957
-0.0039910961
-0.0006080710
-0.0025421843
0.0013283533
0.0011352330
0.0011271186
0.0005733182
0.0093585250
-0.0041658824
0.0014108919
0.0021430502
-0.0009236907
-0.0020398766
-0.0010826203
-0.0083814899
-0.0060999674
-0.0003273441
0.0052178336
0.0180172811
-0.0027682495
0.0024988421
0.0004074506
0.0012011811
-0.0066701215
0.0028090998
0.0027541030
-0.0003232225
-0.0023532437
0.0026630007
0.0040952478
-0.0228011641
0.0017340589
-0.0046125100
0.0044481433
0.0002807767
0.0008281744
0.0015313415
-0.0018495258
0.0022866215
-0.0012024734
-0.0000341823
0.0000546911
-0.0000239270
0.0019259999
-0.0010444970
0.0003380449
-0.0003995199
0.0010309138
0.0004707263
0.0003818759
-0.0028026762
0.0013391639
0.0003208596
-0.0006862188
-0.0000956300
-0.0009875734
-0.0021528018
0.0026518362
-0.0007520648
0.0015411246
-0.0004439830
0.0018872727
-0.0005183892
0.0051345068
-0.0010288713
-0.0005335282
0.0010565852
-0.0011619651
-0.0017182398
-0.0012641947
0.0025097876
-0.0012489983
0.0002587763
-0.0009571253
0.0021309921
0.0002482069
-0.0016025290
0.0003098184
0.0021966148
0.0009675630
-0.0022352982
0.0010163552
-0.0049145838
0.0008872964
-0.0004640260
0.0019672193
0.0040585658
0.0001662062
0.0052230922
0.0048233093
0.0075499322
0.0128736253
-0.0009380601
-0.0007840373
-0.0005373216
-0.0056311910
-0.0015198630
-0.0131139008
-0.0032962396
-0.0017130726
-0.0102516890
-0.0010323411
0.0003077628
0.0029088049
-0.0000920507
0.0023157382
-0.0082315393
0.0043769587
-0.0008164451
0.0026620904
0.0002658197
0.0000204447
-0.0001703856
-0.0006033985
-0.0028206837
0.0081025328
-0.0018368097
-0.0017142278
0.0014355258
0.0017830311
0.0089417662
0.0027740014
-0.0029118946
0.0005043950
0.0007493972
0.0023319693
0.0027978880
-0.0021546180
-0.0017498580
-0.0021563314
-0.0017466078
0.0000471547
-0.0045843921
0.0032294925
0.0003675547
0.0013443013
-0.0025283782
0.0047144801
0.0003929913
-0.0036537156
-0.0005664099
0.0020214210
0.0001177902
0.0004979309
-0.0024988815
0.0025459703
0.0013276621
0.0070423533
-0.0045832766
0.0031680797
-0.0013202072
-0.0028334608
-0.0030803519
-0.0003634149
-0.0001985880
-0.0014350443
0.0012734521
0.0024648071
-0.0017445764
-0.0019262638
0.0027098509
0.0014545653
-0.0003760358
-0.0010112974
-0.0017023629
0.0023274049
-0.0020109364
0.0008411844
0.0014619763
0.0003357846
0.0003893689
0.0016129225
-0.0006669851
-0.0013151628
0.0007651521
0.0014984038
-0.0025019465
0.0027866240
-0.0001808445
0.0016398000
-0.0018977275
0.0003014671
0.0030731236
0.0016413682
0.0006764468
-0.0008998081
-0.0003935039
0.0068110576
-0.0035310396
0.0015944940
0.0034261928
-0.0029815168
0.0047496593
0.0051050766
0.0030964347
-0.0030635832
0.0004433898
0.0007057337
0.0106890057
0.0010902084
0.0149892811
-0.0031548997
-0.0038852832
0.0046253062
-0.0016313400
0.0037554611
0.0009454453
-0.0026117313
0.0018356375
-0.0000575124
-0.0014324863
-0.0004960929
-0.0027281035
-0.0013073808
-0.0044359685
-0.0028355238
0.0020926633
0.0016819504
-0.0014590343
0.0005231730
0.0018869604
-0.0006447142
0.0009411432
-0.0017540753
0.0021824532
0.0003316253
0.0025591495
-0.0011115896
0.0008482610
0.0017136040
0.0006955140
0.0014183741
0.0097649657
-0.0024362866
-0.0028148202
0.0021889296
0.0001016942
0.0008481078
-0.0036166060
0.0004364677
-0.0008157439
0.0016562834
0.0006458438
-0.0022925639
-0.0006441368
0.0013229012
-0.0011187734
-0.0006156997
0.0011258371
-0.0005037591
-0.0007880309
-0.0006225686
0.0028128427
0.0012062670
-0.0015916879
0.0013912747
0.0071738980
0.0094159546
-0.0014435733
-0.0021928285
-0.0059438207
-0.0054455651
0.0023637035
0.0001901225
0.0018233392
0.0010873552
0.0018180446
0.0024346584
-0.0032107106
-0.0050210105
0.0037009700
0.0095169623
-0.0036878425
0.0091257431
0.0047859241
-0.0015100146
0.0057426256
-0.0010680563
0.0005526918
-0.0045169291
-0.0027790604
0.0004725193
-0.0001833856
0.0023162677
-0.0003660231
-0.0017482115
0.0069375468
-0.0068039166
0.0002019653
0.0009719698
0.0018233864
0.0027566679
0.0004478979
-0.0002378242
0.0121215838
-0.0018296869
-0.0062719397
-0.0173665905
0.0071743480
0.0013728458
0.0056423794
0.0106711559
0.0004548875
0.0058158897
-0.0119513666
-0.0037290286
0.0073065099
-0.0010501517
-0.0031693803
-0.0024152186
0.0008652264
0.0010274458
-0.0001137669
-0.0169380470
0.0061204796
0.0004910065
-0.0024667906
-0.0006168705
-0.0063873009
-0.0083747598
-0.0023368862
-0.0017102076
-0.0018435704
-0.0002831937
-0.0018538757
0.0034596990
0.0008162319
0.0049339966
0.0005621579
0.0016183862
-0.0052305424
-0.0054460032
0.0036254969
-0.0033770173
-0.0120326827
0.0069328711
-0.0036789098
-0.0014245177
0.0052858978
-0.0023618816
-0.0080568568
0.0003330946
-0.0062860241
0.0089532435
0.0060058116
0.0037817026
-0.0045865987
-0.0029493334
-0.0011557587
0.0035884629
0.0002214452
-0.0041030844
0.0028797091
-0.0032342127
0.0010534744
0.0034265763
-0.0009631407
0.0003500484
0.0016714767
-0.0040632378
-0.0091892975
0.0031750331
0.0016273870
-0.0021423610
-0.0020333351
0.0046798749
-0.0064896773
0.0109837191
0.0067449557
-0.0058511368
-0.0065452645
-0.0048283190
-0.0022290749
0.0039276429
-0.0000227151
0.0007071723
-0.0016356895
0.0022224575
-0.0006970279
-0.0004995653
-0.0022706500
0.0023387872
0.0003146689
0.0016884369
-0.0008876133
0.0019782336
0.0024519753
-0.0021027106
0.0008209385
-0.0015487111
-0.0010068163
0.0013853242
-0.0001779132
-0.0009029930
0.0000518066
-0.0001651429
-0.0009557737
-0.0011384000
-0.0017929301
0.0018545861
0.0018058066
0.0011395127
-0.0008059414
0.0013428750
0.0003847329
0.0001098965
-0.0003167933
-0.0008636096
0.0027951347
0.0002806972
0.0008931897
-0.0010577268
0.0033402779
-0.0014996511
0.0050915871
-0.0024734899
0.0036871425
-0.0008772689
0.0006564233
-0.0011498249
-0.0032355632
0.0020074104
-0.0037676088
0.0042038880
-0.0019133416
0.0025032989
0.0106330899
-0.0017553470
0.0022372900
-0.0001616787
-0.0014245356
-0.0059676194
-0.0062444635
0.0002217384
-0.0031410538
0.0031571199
0.0003180554
-0.0025666028
-0.0013373703
0.0084005234
0.0002845601
-0.0082079365
0.0008376802
0.0045947399
-0.0061869327
-0.0035221317
0.0009156547
-0.0001002605
0.0042763865
-0.0036814390
0.0012760028
0.0047601194
0.0017848320
0.0030422707
0.0010737913
-0.0040070208
0.0045051751
0.0009572921
-0.0013468531
-0.0001884487
0.0001788675
0.0027110314
0.0008182434
0.0126308947
-0.0008142593
-0.0003869269
0.0067700140
0.0046954005
-0.0030716535
0.0012067335
0.0369385420
-0.0019269595
-0.0002889130
0.0037043923
-0.0028739924
0.0075113870
-0.0037531351
-0.0025620040
0.0010687996
0.0003360155
-0.0022282091
0.0002254490
-0.0046696396
-0.0084089278
0.0032409420
0.0021709609
0.0140841257
-0.0008963278
0.0074004593
-0.0084053012
-0.0010178331
0.0084672844
0.0048440305
-0.0031081482
-0.0068840636
0.0014646729
-0.0071107183
-0.0018780928
-0.0034468247
-0.0084350064
0.0057724685
0.0021130824
0.0010865433
0.0042503044
0.0020374642
0.0085545100
-0.0004637543
-0.0042372440
0.0058149133
0.0005817129
-0.0087674113
-0.0032048475
-0.0002762954
-0.0087971533
-0.0038587756
0.0021240172
-0.0024586801
0.0035053543
0.0030458014
0.0030244971
-0.0005124943
-0.0009080611
-0.0034587778
-0.0023104922
-0.0021211300
0.0063650541
0.0014287594
-0.0015013090
0.0011360067
-0.0016984449
-0.0029443503
0.0013460258
0.0020579751
-0.0003114507
-0.0042581435
-0.0092237700
0.0047277797
0.0021394098
-0.0022919642
-0.0007783895
0.0050897516
0.0002582131
-0.0000455622
0.0008046262
-0.0010263917
-0.0006291096
0.0004376833
-0.0008785998
0.0008330167
-0.0000942116
-0.0000638258
-0.0000395133
0.0014063183
0.0008950040
-0.0007432520
0.0020282291
-0.0001393281
0.0002846932
0.0022202469
0.0057334545
-0.0032016204
-0.0000723353
-0.0001959345
-0.0005970834
0.0002352572
-0.0013489557
-0.0033455267
0.0025600614
-0.0017301984
-0.0009631899
0.0005513731
0.0039717976
-0.0013221805
0.0012889965
-0.0002202494
-0.0022958932
0.0024678729
0.0021186544
0.0008395889
-0.0009780835
-0.0000602210
0.0010202562
-0.0001805005
0.0027250961
-0.0001770408
0.0034242248
0.0049939395
-0.0045514140
-0.0016874308
0.0002425190
0.0026190470
-0.0199857375
-0.0221451723
-0.0019421265
-0.0002933613
0.0021607405
0.0002833871
-0.0031373015
-0.0025394933
0.0038255426
0.0021438974
-0.0016916761
0.0018659773
0.0026853747
0.0003786045
-0.0021307400
-0.0015527688
0.0011702460
0.0021315543
-0.0012578755
-0.0015924709
0.0016359795
-0.0018134232
-0.0003549821
-0.0076690298
0.0001757353
-0.0015670170
0.0027774962
-0.0002758353
-0.0013426484
-0.0049469376
-0.0003028974
-0.0177044233
0.0019830644
-0.0052421516
-0.0040621585
0.0031336443
0.0019463096
0.0007240652
-0.0105879956
-0.0101986516
-0.0049190790
-0.0077768284
-0.0033520068
-0.0026937349
0.0014714245
0.0034160467
-0.0040745759
-0.0148631491
-0.0033861114
0.0067371177
0.0017371501
-0.0014496699
0.0069319403
-0.0007760624
0.0047376848
-0.0042807093
-0.0033009605
-0.0016326314
-0.0038899104
0.0033360996
-0.0066561625
-0.0043039400
-0.0009669281
0.0178812734
0.0075032758
-0.0377912167
0.0039826309
0.0081949802
0.0426640353
-0.0078843776
0.0004655117
-0.0066831620
-0.0099212894
0.0076658445
0.0076868460
-0.0038244257
-0.0012182756
0.0028988508
-0.0008084450
-0.0002154747
-0.0060688979
0.0015165178
0.0027870550
-0.0035500259
-0.0055146646
0.0014032740
-0.0058908701
-0.0109300324
0.0003845244
0.0016045584
0.0051058635
-0.0076737131
0.0050342516
-0.0052862901
0.0025243260
0.0018161548
0.0002204298
0.0004102091
0.0052803752
-0.0055413979
0.0038136407
0.0046130626
-0.0033304572
-0.0097245938
0.0029860718
-0.0069039115
-0.0024616092
0.0033878501
0.0033423631
-0.0019392566
-0.0016798635
-0.0052729890
0.0127966849
0.0053748022
0.0063287307
0.0005127475
-0.0097028651
-0.0063907523
0.0013201861
0.0050773324
-0.0009680281
-0.0018744084
0.0016000763
0.0009141480
0.0012310857
0.0001656074
-0.0007403764
0.0002502342
-0.0016682829
0.0020299973
-0.0008859253
0.0004295351
-0.0001149756
0.0003415064
-0.0044826639
0.0035119394
-0.0008700554
0.0005925324
0.0017653569
-0.0001554427
-0.0032732810
0.0008845374
0.0004470545
0.0017017192
-0.0032096344
0.0016568889
-0.0011246233
-0.0005627863
-0.0035331164
0.0009524523
0.0007205395
-0.0012953039
-0.0015150151
-0.0033342977
0.0020660494
0.0031914142
-0.0025639075
0.0016759666
-0.0001497689
-0.0030649719
-0.0020713566
-0.0101969234
-0.0043927182
-0.0124651386
-0.0121526572
-0.0012818597
0.0032193316
-0.0041746730
0.0035636193
0.0087992826
0.0141101121
-0.0060897200
-0.0052062831
0.0051783271
0.0016341128
0.0075942121
0.0041049514
0.0032086289
-0.0093099417
0.0038608816
-0.0015771783
0.0035175655
0.0026042758
0.0045720485
-0.0081736688
0.0006316520
0.0028495496
0.0077289276
-0.0032077067
-0.0072845102
0.0093648788
-0.0006428098
0.0010050630
-0.0031690324
0.0038931454
0.0041501046
-0.0012690983
-0.0000885227
-0.0005347075
-0.0034979688
0.0000410227
-0.0020977318
-0.0053377059
-0.0015268573
0.0047761531
-0.0000480607
-0.0015391648
0.0019132911
0.0066422701
0.0180536905
-0.0205111806
0.0163442982
0.0005041695
0.0141172378
-0.0023916592
0.0014834361
0.0021929107
-0.0007480967
-0.0016239042
-0.0026735808
-0.0020640392
-0.0019848259
0.0017381880
0.0033809673
-0.0031776533
-0.0046230963
0.0083487467
0.0034074407
0.0044044789
-0.0027612616
0.0010400795
-0.0072368922
-0.0017300237
-0.0024103828
0.0047485304
0.0004085313
0.0003917676
-0.0019404191
0.0031479564
-0.0006400786
-0.0026808376
-0.0004059076
-0.0056030221
-0.0111555907
-0.0023818046
0.0022599722
-0.0027926731
0.0017395584
0.0017466839
-0.0029162291
-0.0033909279
0.0005546151
-0.0052009469
0.0024759546
-0.0002694963
-0.0204011687
-0.0184290373
0.0035900961
-0.0036397538
-0.0214360374
0.0116910253
0.0032220083
0.0052630014
-0.0000994481
0.0008130529
-0.0061837040
-0.0206669019
-0.0039889298
0.0018759022
0.0040906264
-0.0020796805
-0.0105632591
0.0080187889
-0.0012728372
-0.0053320347
0.0050208942
0.0086537705
-0.0070405512
-0.0038709702
0.0027225957
-0.0024914552
-0.0013362164
-0.0052187706
0.0102898460
0.0007489529
-0.0229777977
0.0099023044
0.0010798538
-0.0010132537
-0.0003737578
-0.0023530687
0.0006119599
-0.0022865637
-0.0001152089
0.0007170523
-0.0016354814
-0.0050010640
-0.0133195548
0.0019266552
0.0007975854
-0.0038691212
-0.0028945779
-0.0012980613
-0.0349937843
-0.0017609114
-0.0207064756
-0.0324489750
-0.0091686148
0.0007945868
0.0007603621
0.0147685219
-0.0000289646
0.0133665784
0.0002490269
-0.0031562018
0.0032582440
-0.0028447545
0.0010350210
-0.0072595079
-0.0049960466
-0.0030179566
0.0007594921
0.0080902512
-0.0212404506
0.0127061948
-0.0065417817
-0.0062148572
-0.0037863597
-0.0242340331
-0.0047842834
0.0043864662
0.0159012056
-0.0133268458
-0.0017788836
-0.0113563750
0.0124059537
-0.0213978172
0.0104157554
-0.0007728431
-0.0130048391
-0.0104894667
0.0009029104
-0.0191708961
0.0128378322
0.0008988401
0.0092424951
0.0187219698
-0.0059893668
0.0019185732
0.0128993561
0.0074971989
0.0000472721
0.0189553515
-0.0059038640
-0.0011289126
-0.0050489892
-0.0057568958
-0.0044268323
0.0086631921
0.0041759235
-0.0023438776
0.0035095078
0.0001870549
-0.0237704969
0.0191561955
0.0007385257
-0.0125173665
0.0017916548
0.0005821362
-0.0022787311
-0.0105722729
-0.0045209241
-0.0022747443
0.0109701664
0.0046203887
-0.0244355395
0.0205193487
-0.0275341726
-0.0214267792
-0.0340362603
0.0393839518
0.0417038210
-0.0069946395
-0.0208122121
-0.0014693500
0.0032940701
0.0123320471
-0.0072333607
0.0135029185
-0.0041180807
-0.0036001574
0.0052854782
0.0025467876
-0.0015448628
-0.0085219518
-0.0000664492
-0.0023951151
-0.0049770837
-0.0203146497
-0.0123824985
-0.0095351779
-0.0080582647
-0.0048549951
0.0106108510
0.0187305845
-0.0075664607
-0.0197256635
-0.0041122823
0.0130377128
0.0009464289
-0.0013056537
-0.0108937934
-0.0064313164
-0.0033003016
-0.0012249267
-0.0062192230
0.0013523820
0.0099378989
0.0104976939
-0.0169527689
-0.0084697903
-0.0078428741
-0.0025761059
-0.0058181698
-0.0425817497
0.0192151129
-0.0223564714
-0.0028326014
-0.0112086377
-0.0310601183
-0.0102049949
0.0112551338
-0.0236851680
0.0239582377
0.0318186270
-0.0120412983
-0.0081582340
0.0091025608
0.0253188567
-0.0256964804
-0.0049959348
-0.0131395104
0.0237953146
0.0038785063
0.0031800653
-0.0059950412
0.0149515486
0.0146351781
0.0015467673
0.0276958404
0.0148345205
-0.0110831829
0.0102260338
-0.0056016295
-0.0002923592
0.0103026469
-0.0056933355
-0.0096562122
0.0094039308
-0.0013158056
0.0103484617
0.0032836495
-0.0019573703
-0.0174487807
-0.0098066721
-0.0040696595
-0.0026295959
-0.0017801385
0.0038347910
0.0110884630
-0.0002255709
-0.0102532644
0.0158431907
-0.0002682672
0.0048906516
0.0170435016
-0.0026091334
0.0066717306
-0.0021506920
-0.0060198262
-0.0003354997
-0.0015543523
0.0055968107
-0.0033524100
-0.0049510876
0.0043377347
-0.0013910209
-0.0026194067
0.0020192315
0.0149825356
-0.0069985472
-0.0020365780
0.0170557522
-0.0003286076
-0.0023032820
0.0011099981
-0.0095314388
-0.0131079879
0.0052896601
0.0086484966
0.0077983141
-0.0104715475
-0.0049665504
0.0065865379
-0.0087629943
-0.0023203869
-0.0067471667
0.0050466086
0.0091031111
-0.0047661664
0.0026055812
-0.0071396702
-0.0071425773
-0.0076672690
-0.0043875273
-0.0094862605
0.0021751068
0.0042623185
-0.0061751730
0.0106837624
0.0086072977
0.0140712329
0.0170469861
0.0013586160
0.0008593466
-0.0029473933
-0.0015406109
-0.0032207972
-0.0048459769
-0.0038336392
0.0095968523
-0.0041579314
-0.0210530053
0.0027587025
-0.0083575274
-0.0218220935
-0.0010466091
0.0037030627
0.0008193893
-0.0011423634
-0.0053966510
0.0026247258
0.0071752527
-0.0064529163
0.0065271305
0.0019523292
0.0064476660
-0.0148972472
0.0042981753
-0.0031883221
-0.0015581251
0.0047960292
0.0023275864
0.0014828658
-0.0008894556
-0.0032830019
-0.0039110596
-0.0192600296
0.0015419578
-0.0131471089
0.0019956758
-0.0008973048
-0.0018946742
-0.0038827001
0.0074021866
-0.0005840134
0.0040554314
-0.0086626339
-0.0072230458
-0.0074218603
0.0074374164
0.0074339798
0.0043089679
0.0010090741
0.0078075795
-0.0095497670
-0.0047603470
0.0085636159
0.0034681526
-0.0038258521
0.0055655934
-0.0015971925
0.0023643618
0.0014412954
-0.0026812527
-0.0015011847
0.0085544936
0.0062716011
-0.0019789057
-0.0046512532
0.0070766289
-0.0075111106
-0.0161072795
-0.0203251227
0.0003248710
0.0043963238
0.0034834442
-0.0051121685
0.0040668478
0.0100129233
0.0024182689
-0.0074639723
0.0053598943
0.0030030053
0.0021592576
-0.0045032978
-0.0054287941
0.0014581408
-0.0005995452
0.0119486787
0.0014855089
-0.0013935577
0.0004136758
0.0003879847
0.0052281911
0.0102142735
0.0216957797
0.0130358666
-0.0008887314
-0.0009089739
0.0003743834
-0.0059189946
0.0039044248
-0.0000194843
-0.0021895238
0.0030805400
-0.0006134014
-0.0022523630
0.0021598333
-0.0003653324
-0.0010870441
0.0010285785
0.0019372870
0.0119732965
-0.0018853229
-0.0003996447
0.0105727308
-0.0136017354
0.0003911995
0.0065407367
0.0010692034
-0.0022836318
-0.0014756177
0.0022534057
0.0019370373
0.0006847364
-0.0019836713
0.0020363239
-0.0016479046
-0.0032173978
-0.0075946126
-0.0016831469
-0.0007527543
0.0083745655
0.0060951636
-0.0015814599
0.0025817591
-0.0105171240
-0.0004013278
-0.0035998014
0.0002911787
-0.0250181317
-0.0041329686
0.0039040833
0.0005621681
-0.0023203599
-0.0174800790
-0.0063461257
-0.0089795705
0.0041074787
0.0041775304
0.0055023855
-0.0014338159
0.0013474384
-0.0028138861
-0.0034352104
0.0010578524
0.0072876011
-0.0077167397
0.0045018825
0.0024286038
0.0029288236
0.0051678137
-0.0043434134
-0.0012495101
0.0149020277
-0.0192139317
0.0024980973
-0.0082542204
0.0085584399
0.0026933725
-0.0050890695
0.0026238009
0.0096391029
0.0029923259
-0.0042731893
0.0038677199
0.0001001312
-0.0033247029
0.0034148124
-0.0060654327
0.0014292906
-0.0069745073
0.0031854407
0.0021633406
-0.0045185780
-0.0006934760
-0.0046643320
0.0009508725
0.0003455478
0.0107084772
-0.0211785471
0.0101956740
0.0058829809
-0.0071237832
0.0164171004
-0.0004305705
-0.0016438799
0.0025198457
-0.0028158306
-0.0012350515
-0.0047182606
-0.0020918079
0.0046777750
0.0047962927
0.0010566088
-0.0014976099
0.0032028533
0.0078286955
0.0012386050
-0.0019031293
-0.0097356511
-0.0078906685
0.0003886975
-0.0057448587
0.0016129036
0.0059119745
-0.0069818811
0.0011256523
-0.0111089606
-0.0059051799
-0.0007786496
0.0014227687
0.0028137951
0.0045971437
-0.0000920429
0.0053245329
0.0004780236
0.0023207581
-0.0014822262
0.0004215413
0.0065995482
-0.0007115050
-0.0058017254
-0.0034636341
-0.0022034305
-0.0052424223
-0.0007240145
-0.0133725569
0.0076338228
-0.0053198916
-0.0017310441
-0.0011036092
0.0098785943
0.0008196870
0.0044219193
-0.0018435173
-0.0012086023
0.0024516808
0.0048751857
-0.0023731720
-0.0016348289
0.0021672366
-0.0079180151
0.0083222508
0.0016357413
0.0012148499
-0.0005204693
0.0041714371
-0.0055044608
-0.0071602167
0.0032941170
-0.0079376329
0.0045045237
0.0106615513
0.0025130882
-0.0012761037
0.0046896736
-0.0059928773
0.0038385616
0.0015667746
-0.0014348478
-0.0014673964
-0.0028138717
0.0014053814
-0.0000254422
-0.0034253417
0.0018568497
-0.0001834909
-0.0003466858
0.0006168135
0.0030326491
0.0009445509
0.0018053659
0.0015087312
-0.0006325799
0.0025935631
0.0033017222
0.0001710898
-0.0008507062
0.0011575881
0.0017991492
-0.0017538795
-0.0072744115
0.0039693728
-0.0037971241
-0.0002837196
-0.0007958575
0.0024261468
-0.0025630779
0.0011861135
-0.0005117824
0.0006688116
0.0005215652
0.0001923534
-0.0013675250
0.0011701092
0.0008754197
0.0016223063
-0.0071965727
-0.0079252423
-0.0001589422
0.0016599555
-0.0007425407
-0.0062179668
0.0013959828
0.0001698575
-0.0016586314
0.0051112868
0.0045187004
-0.0007048620
-0.0146795027
-0.0384241913
0.0036840972
-0.0001395868
-0.0016120282
0.0032268224
0.0072850339
0.0031135624
-0.0023475561
0.0194783144
-0.0020672274
0.0008357580
0.0024822578
0.0008173784
-0.0079416915
-0.0056655289
-0.0060427301
-0.0108002437
-0.0035525734
-0.0003446419
0.0020069470
0.0012999432
-0.0020204741
-0.0018036018
0.0060761721
-0.0144855401
0.0016343732
-0.0067611228
-0.0003223207
-0.0024672797
-0.0028633197
0.0023866687
0.0035393232
-0.0026464734
-0.0002792723
0.0003340224
-0.0016328413
-0.0044572881
0.0105313157
0.0072826731
0.0057516075
-0.0016476420
-0.0004581605
-0.0012677726
0.0032444463
-0.0023002076
0.0033650215
-0.0046332046
-0.0000324002
0.0355051814
0.0010834576
-0.0078030871
-0.0001259333
-0.0095328702
-0.0014314345
0.0045047386
0.0089385835
0.0026243030
-0.0014942766
0.0071429061
0.0138888257
0.0057636459
0.0169191010
0.0078023155
0.0161380428
0.0134547502
0.0000916005
-0.0013121336
0.0019531021
0.0119058147
-0.0080734068
-0.0125810908
0.0026064749
-0.0021448718
-0.0020180464
0.0001362855
0.0101110256
-0.0044618140
-0.0018261926
-0.0044461903
0.0007156402
0.0097872637
-0.0045015749
-0.0039531399
0.0058634710
-0.0020410441
-0.0068645986
-0.0089856664
-0.0245893213
0.0024822967
0.0077594909
0.0129988495
-0.0032610843
0.0033201888
0.0017862640
-0.0030528511
-0.0065506847
0.0035379499
0.0021592251
0.0094954600
-0.0011642698
-0.0006169273
-0.0026482936
-0.0017841919
0.0007474871
-0.0115050920
-0.0148639978
-0.0097327701
-0.0009841191
0.0017024751
-0.0100733828
0.0024714270
-0.0111983831
0.0033054627
-0.0081329973
0.0016829188
0.0012018388
-0.0011601925
-0.0000885004
0.0046383067
0.0012946729
-0.0036708705
0.0028321137
-0.0032529465
0.0003896661
-0.0023767248
-0.0411414018
0.0126802355
-0.0075553633
0.0013808953
0.0051668032
-0.0006329895
0.0026366010
0.0194142778
-0.0089368456
0.0058035465
0.0026607788
0.0015165233
0.0151175442
0.0058090296
0.0096327797
-0.0044599128
0.0040580623
-0.0002086190
-0.0009622459
0.0248266548
0.0102722177
-0.0051130326
-0.0035704331
-0.0022498203
-0.0062595125
0.0042836453
-0.0103006707
-0.0029741823
0.0018158071
-0.0005292699
-0.0027567282
0.0144361175
-0.0030645322
-0.0036156262
-0.0096334662
-0.0067190072
0.0076000020
-0.0110123296
-0.0205759002
0.0074313028
-0.0021383832
0.0075984982
0.0111783998
0.0015031199
-0.0040150555
0.0079024826
0.0005729424
-0.0010447255
-0.0133628182
-0.0018426733
0.0037538161
-0.0001847898
0.0014158495
-0.0016828284
-0.0048436465
-0.0056712199
0.0253721631
0.0352460486
0.0083943785
-0.0114613179
-0.0057827627
0.0071437467
-0.0040836092
0.0036921489
0.0050137654
-0.0128753252
0.0042381809
-0.0079199155
-0.0030544973
-0.0028795604
-0.0040373648
-0.0034915415
0.0031764509
-0.0016671301
-0.0217758321
-0.0006556873
0.0031106929
0.0016588280
0.0030704939
-0.0073891836
-0.0050939040
0.0137990344
0.0073304134
-0.0015789065
0.0036584485
-0.0008957373
-0.0038941959
-0.0048333014
0.0074428785
-0.0003781433
-0.0028937441
0.0022228181
-0.0011562592
-0.0093648139
-0.0002142070
0.0054885801
0.0044692755
0.0133938636
0.0278568997
0.0055478912
-0.0015916274
-0.0079331073
-0.0004671874
0.0049624279
0.0074554648
0.0336061612
-0.0034646423
0.0018502341
0.0073530255
0.0071341532
-0.0126264187
-0.0003207341
-0.0088302547
-0.0019342729
0.0005261922
-0.0070844893
0.0034424580
-0.0006649015
0.0084176609
-0.0087101689
0.0044867087
-0.0108866396
0.0054416039
0.0040018814
0.0141949047
-0.0082897589
0.0001636650
-0.0096504259
0.0005333422
-0.0151906711
-0.0031861678
-0.0099596067
0.0080979149
-0.0011707431
0.0087401774
-0.0057798366
0.0002691247
-0.0037454129
0.0008437009
0.0063554498
-0.0022147766
0.0001631595
-0.0063154254
-0.0006714311
0.0022347457
0.0038880223
-0.0032084534
-0.0074134056
0.0018621437
-0.0060890607
-0.0011851839
-0.0141348583
-0.0190736099
-0.0019037670
-0.0035698500
-0.0023564913
0.0043227514
0.0044150405
-0.0019070881
0.0017609058
0.0016017976
-0.0042923392
0.0017474046
-0.0007016251
0.0014783908
-0.0015591850
-0.0024218045
0.0014770379
-0.0031641350
0.0058999906
-0.0031352499
0.0047319098
-0.0013496910
0.0022451218
-0.0031526544
-0.0003481060
0.0029575609
-0.0031997931
-0.0016163824
-0.0002123443
-0.0031753695
-0.0081541221
0.0055282289
0.0021337460
-0.0021032318
0.0016057648
-0.0000964763
-0.0002894848
-0.0135621648
0.0029972389
-0.0053065540
0.0056606935
-0.0005132864
0.0039710957
0.0023444993
0.0019521052
0.0045925239
-0.0109213841
-0.0026013689
-0.0011000479
0.0006683977
-0.0010233442
-0.0034789635
-0.0008729272
-0.0020536066
0.0171725410
-0.0030994973
-0.0028377226
-0.0050819638
-0.0029428991
0.0070720380
-0.0026891946
0.0077808657
0.0084794894
-0.0004855007
0.0168140316
-0.0130726706
-0.0008117109
0.0067208304
0.0040997393
-0.0046459724
-0.0015902841
0.0051929179
0.0080340097
0.0015644574
0.0008307414
0.0022612604
-0.0053801056
-0.0023579590
0.0111007362
-0.0041816644
0.0013169676
-0.0129836839
-0.0043739873
0.0109935615
0.0019773577
0.0112737436
-0.0077450433
0.0090512578
-0.0009831712
0.0004550203
0.0030623258
0.0031793743
0.0059275732
-0.0031460113
-0.0003248446
-0.0060409332
-0.0079248877
0.0206258103
0.0019153406
0.0007737576
-0.0045405489
-0.0156517660
-0.0014029789
0.0026277488
-0.0059812785
-0.0013159615
0.0047578487
0.0003386312
-0.0006921078
-0.0050013149
-0.0020006280
0.0083807763
-0.0122699715
0.0052036389
-0.0056306371
0.0051762129
-0.0030281762
0.0054411750
-0.0054758641
0.0025340903
0.0137068475
0.0058145634
-0.0063120225
0.0084136571
0.0007446809
0.0039606878
-0.0000770379
-0.0038933175
0.0022162734
-0.0054892976
-0.0044278506
0.0018493469
-0.0051819271
-0.0102772091
-0.0007805013
0.0000741244
0.0011803083
0.0019772256
0.0052911346
0.0033361410
0.0040402914
0.0071002889
-0.0034978011
0.0009784879
-0.0014438477
-0.0078564635
0.0129249569
-0.0014772692
-0.0054548320
-0.0048304568
0.0108214132
-0.0040012923
0.0004507638
0.0010800366
0.0038698224
0.0217685029
0.0025586368
-0.0090481242
0.0061355695
-0.0033661151
-0.0003315509
-0.0070644122
0.0014492756
0.0007238509
0.0063067141
0.0061167462
-0.0025939863
0.0120512177
0.0183485459
-0.0166035356
-0.0104361615
0.0024447079
-0.0146493196
-0.0008564048
0.0008992058
0.0042614038
-0.0039380777
-0.0067161726
0.0019890228
-0.0032725110
0.0028807569
-0.0000095569
0.0042390624
-0.0053243639
0.0010709659
-0.0067461078
-0.0005389642
-0.0013053040
-0.0034375743
-0.0004789145
0.0033524172
0.0009062163
0.0017378290
-0.0036524528
0.0017411566
0.0014783250
-0.0012855855
0.0009727674
0.0001107007
0.0043748824
-0.0000095836
-0.0012034763
0.0059123369
-0.0038514885
0.0002680773
0.0063029980
-0.0027720508
0.0035517927
0.0020131048
-0.0001423035
-0.0010774201
0.0035600807
0.0020374260
0.0009723403
0.0002169955
-0.0048274668
-0.0056417974
-0.0004386070
-0.0015127621
-0.0008791209
0.0091214028
-0.0054952370
0.0067307079
0.0075124185
0.0046609212
0.0209542883
-0.0030296734
-0.0029560046
0.0064432266
-0.0020056146
0.0246648869
0.0117898424
0.0076737360
-0.0081246305
-0.0054977837
-0.0025819562
0.0075799821
0.0078653650
-0.0034778056
0.0039648752
0.0043467766
-0.0004237779
-0.0062288018
0.0100885897
0.0074202751
0.0028821075
0.0042733271
0.0059751719
0.0073503188
-0.0018855339
-0.0021568294
0.0016944370
0.0021320117
-0.0040474892
-0.0134603631
-0.0034746612
-0.0028448166
0.0039813449
0.0054614818
-0.0037138369
-0.0014065064
-0.0014257818
0.0062454004
-0.0046728353
0.0053171347
0.0066165037
-0.0118688880
0.0047541624
0.0056078236
-0.0031020513
-0.0053279836
0.0033633717
0.0043999994
-0.0037003610
-0.0053821976
0.0030151902
0.0002666219
0.0027609441
0.0040951483
-0.0055541067
-0.0040748853
0.0018609305
-0.0023827848
0.0020212083
0.0031207443
-0.0073099142
-0.0187873325
-0.0141124532
-0.0009074025
-0.0206852513
-0.0009546366
-0.0030710601
0.0105875135
-0.0105737619
0.0020743143
0.0008596015
0.0068503402
-0.0037655236
0.0038426867
-0.0042893045
0.0016578616
-0.0003686821
0.0071400361
-0.0082377836
-0.0024503609
-0.0037441570
-0.0067362321
-0.0023851026
0.0130436532
-0.0074412167
-0.0031342353
-0.0156936211
0.0023138942
-0.0075704570
-0.0012358667
-0.0014028129
0.0053362372
-0.0005878522
0.0074238277
0.0022388069
0.0016386120
-0.0044612651
-0.0012248487
0.0037306420
0.0027784195
-0.0031280136
0.0030304111
-0.0017398509
-0.0036009517
-0.0016415181
0.0070241516
0.0060978342
-0.0114010322
0.0037449821
-0.0032404813
-0.0000980774
-0.0065696916
0.0008411912
0.0022756555
0.0015641467
-0.0008754334
-0.0057208501
0.0043617085
0.0004501273
0.0066997700
0.0039548245
-0.0045650080
0.0031819012
-0.0026741652
0.0031385083
-0.0002971547
-0.0009291781
0.0008130781
0.0008356197
-0.0000881713
-0.0002784869
0.0018504825
-0.0021801255
0.0016378576
0.0001993292
-0.0009320897
-0.0015832963
0.0013141735
-0.0037893187
0.0007729775
0.0014000816
0.0002881456
0.0016761038
-0.0010861292
-0.0017430555
-0.0309170505
0.0014719881
0.0020437621
0.0054645726
0.0054443325
0.0021496393
-0.0027457419
-0.0022266976
-0.0074503754
-0.0024687000
-0.0013853306
-0.0012575660
-0.0058622660
0.0059535167
-0.0015572060
-0.0004089281
0.0016058854
0.0002449832
-0.0011630032
-0.0038253308
-0.0045574255
-0.0019512296
-0.0064975016
0.0084196364
-0.0045102261
-0.0050396884
0.0028403902
0.0069034740
-0.0051767875
0.0065382251
0.0017366532
-0.0157935453
0.0032942337
0.0023952224
-0.0027329701
0.0027573816
0.0411203525
0.0043760881
0.0191568065
-0.0015709987
-0.0253788093
0.0037729519
0.0076754584
0.0078522194
-0.0065144700
0.0031838822
-0.0016300677
-0.0023989896
-0.0003810267
-0.0040189031
-0.0027568951
-0.0007208489
0.0025720780
-0.0027125636
-0.0011714816
0.0052608934
0.0097145597
-0.0045415168
0.0047493493
-0.0021311768
0.0020849955
-0.0014049295
-0.0113999379
-0.0024260148
0.0006140851
-0.0038689309
-0.0081908819
0.0047365982
-0.0012375830
0.0150209464
-0.0000931255
-0.0012254076
0.0050132645
0.0024926115
-0.0018758299
-0.0011921689
0.0021698922
0.0028489389
0.0012692319
-0.0023505029
0.0006054710
0.0054419960
0.0052296988
-0.0011892892
0.0005719502
-0.0009015421
0.0000686739
-0.0050210309
-0.0052729915
0.0053328047
-0.0042556493
-0.0015444376
0.0048656730
-0.0025314426
-0.0013767680
0.0053945770
-0.0030164546
-0.0014446701
-0.0002402114
-0.0072379581
0.0015344986
-0.0018975426
-0.0141586324
0.0014437779
0.0006881275
-0.0015371561
-0.0178108128
-0.0019569901
-0.0048923682
0.0025601405
0.0034145752
-0.0023537974
-0.0031760462
-0.0045839188
-0.0054983057
-0.0012020583
0.0010360062
0.0077505624
0.0021544064
-0.0017958236
-0.0024156476
0.0021200684
0.0043811151
-0.0029621633
-0.0031602801
-0.0041009283
0.0040523799
0.0006260936
0.0015223433
-0.0084407983
-0.0029895681
-0.0249871599
0.0000351689
-0.0008343386
-0.0055615785
0.0050938434
0.0009704321
-0.0023145014
-0.0048728980
0.0038598773
0.0033978795
-0.0025914116
-0.0004535582
0.0000151219
0.0034066783
0.0000301403
-0.0009498562
-0.0015448137
0.0008758551
0.0005985630
0.0022150851
0.0033409584
0.0035241887
-0.0045047821
0.0000650691
-0.0014174631
0.0008467125
0.0005257031
0.0133943891
-0.0029230893
0.0027452773
-0.0005879926
-0.0014739708
0.0001435356
-0.0008169429
0.0021127796
-0.0069588185
0.0005274498
-0.0083623972
0.0022348170
0.0027890117
0.0016706775
0.0012797946
-0.0026909600
0.0002544561
-0.0005389249
0.0003842632
-0.0008585577
-0.0026401863
-0.0013728489
0.0039980538
-0.0010642525
-0.0074514310
0.0034842452
-0.0007782512
0.0027437749
-0.0015490317
0.0011632514
-0.0008773272
0.0035796663
0.0020568845
-0.0165646293
0.0052494886
0.0068214700
0.0062426851
0.0097699022
0.0027325179
0.0065326238
-0.0005374637
-0.0022801010
0.0075202451
0.0017972512
-0.0035100720
0.0010222063
0.0066576560
0.0019119911
-0.0069702884
0.0058360883
0.0014910863
-0.0044654150
-0.0121581600
-0.0045059619
-0.0043878445
-0.0000791480
0.0062531334
-0.0011904061
-0.0035945632
0.0050848068
0.0180159604
-0.0000289617
-0.0029730346
-0.0031470126
0.0014219886
-0.0008733371
-0.0031162593
-0.0073648508
-0.0111921497
0.0042913953
0.0071410771
0.0032900403
0.0132796983
-0.0142283908
0.0042182001
0.0178080350
0.0007271927
0.0031704980
-0.0011352580
0.0049038377
-0.0022156512
-0.0029077548
0.0040637390
0.0045916899
-0.0103276382
-0.0020965974
0.0070525218
0.0037802919
0.0055966415
0.0137538038
-0.0097786468
0.0029675212
-0.0003558252
-0.0017341180
0.0015655250
-0.0028704384
-0.0054020199
0.0039072584
0.0046789474
0.0046571568
-0.0041516217
-0.0039011082
0.0053741277
0.0014148600
0.0066041530
-0.0077807281
-0.0004719527
0.0076962674
-0.0262735877
-0.0129588134
-0.0079568245
-0.0056952149
0.0024761373
-0.0001756183
0.0026456395
-0.0048630328
-0.0008707180
-0.0025774599
-0.0028694706
-0.0032182814
0.0061024712
0.0127097735
-0.0025174085
0.0018922859
-0.0079620037
0.0056228100
0.0033178949
0.0015678004
-0.0029052756
-0.0010479689
-0.0015837393
-0.0020051303
-0.0015601616
0.0013993825
0.0007500816
0.0002385444
0.0012161782
0.0031939294
0.0007508872
-0.0020408220
0.0001843783
-0.0004076186
0.0012078146
-0.0061122418
-0.0011077954
0.0035678812
-0.0018895864
0.0017533440
-0.0022701928
-0.0005659144
0.0016675528
0.0004042795
0.0025436953
-0.0033719132
0.0008379576
-0.0008623273
-0.0002729816
-0.0012488659
0.0005221767
0.0004877692
0.0013547496
0.0015766043
-0.0017909029
-0.0013940613
0.0000195108
0.0018517892
-0.0012032729
-0.0010241655
0.0019985870
-0.0005991568
0.0018790776
-0.0005691921
0.0006956353
-0.0007248334
0.0047480658
-0.0010806542
0.0029146070
0.0002416953
-0.0017076201
-0.0022296121
-0.0017095017
0.0010347919
-0.0016814731
-0.0006665678
-0.0032076778
-0.0050075364
-0.0004564765
0.0010991169
0.0025615483
-0.0001125115
-0.0013021409
-0.0066250144
0.0041187659
0.0008246654
0.0071577297
-0.0007066467
0.0049942842
0.0002425136
-0.0001940062
0.0032398143
-0.0045843409
0.0126406483
0.0116014509
0.0058236988
-0.0037682970
0.0093426937
-0.0023838808
0.0008500267
0.0002487661
-0.0018743091
0.0036748442
0.0017365057
0.0058751562
0.0011755442
-0.0007572080
-0.0042052579
0.0015994296
0.0054273461
0.0033310078
-0.0112261836
-0.0028298618
0.0045985472
-0.0000839302
0.0022962123
-0.0043640502
-0.0162424433
0.0007595754
0.0029521121
-0.0059367633
0.0023912822
0.0011199857
0.0028086780
-0.0042136059
-0.0008220383
0.0001093273
0.0058529170
0.0056779113
-0.0185902759
0.0000478666
-0.0012165219
-0.0057047852
-0.0026060785
0.0049746070
0.0017343225
0.0075459425
-0.0062699426
0.0133195299
0.0003925547
0.0141608583
0.0341570052
0.0093547898
-0.0020553890
-0.0008591527
0.0010380500
-0.0007694855
0.0030654721
-0.0005177000
0.0024344256
0.0037248626
0.0012370669
-0.0031288790
-0.0030673573
0.0021512521
0.0037569154
-0.0088821009
-0.0185783141
0.0093232735
0.0025334273
0.0048998461
-0.0138404894
0.0047222272
-0.0008729734
0.0019032771
-0.0108304062
0.0002373898
-0.0029714308
-0.0027094013
0.0015046012
0.0006415191
-0.0020772630
0.0015778300
0.0000000000
-0.0003529609
0.0026876136
0.0034917910
-0.0002551950
-0.0062360189
0.0010863264
-0.0077953830
0.0053093028
0.0185101997
-0.0044053233
0.0067154328
-0.0073631819
0.0045570317
-0.0016567544
-0.0013653854
-0.0056303926
-0.0036555946
0.0020117748
0.0003554033
-0.0029381460
-0.0010971731
0.0045135471
0.0005189603
-0.0049776202
-0.0030875109
0.0030326236
0.0047639563
0.0005324802
0.0088376893
0.0009646462
0.0020164383
0.0088457329
-0.0087108487
0.0096730640
0.0015038333
0.0007510694
0.0016379511
0.0005631193
-0.0000753598
-0.0054943728
0.0012829424
-0.0027773276
0.0021984254
0.0018690929
-0.0047239691
0.0016202504
-0.0037354324
0.0012660693
-0.0014944008
0.0001925182
0.0049212346
-0.0013730081
0.0024237792
-0.0003827802
-0.0023979330
0.0011328262
0.0032219763
0.0040527533
0.0003097098
0.0199758321
0.0044952452
-0.0072482137
0.0004781881
-0.0013525593
-0.0053323452
0.0004461786
-0.0295634380
0.0024609555
-0.0050137837
-0.0005420740
0.0023423601
-0.0006177780
0.0011675951
-0.0020114561
0.0000496586
-0.0058268548
0.0016106460
-0.0047167541
-0.0036870775
-0.0026367364
0.0025407274
0.0004845227
0.0065590433
-0.0005040655
-0.0010907406
0.0068925319
-0.0012788448
-0.0051727028
-0.0037203627
0.0061763123
-0.0004353663
-0.0047468875
0.0002962025
-0.0014316982
-0.0001505842
0.0028572294
-0.0044648734
-0.0006995837
0.0012799124
-0.0026668085
0.0020270571
0.0025337562
0.0103466170
0.0085821623
-0.0112662546
0.0076446700
-0.0008714950
0.0036336923
0.0135651686
-0.0043208659
0.0031185655
0.0403135879
0.0070777576
-0.0037485279
0.0034321156
-0.0003798270
-0.0010642837
-0.0009469818
-0.0033045417
0.0076852567
0.0014517791
0.0044683295
-0.0003391441
-0.0050631319
0.0001010093
-0.0006441088
0.0071377471
-0.0152052054
0.0043758370
-0.0128128348
0.0014716832
-0.0101402445
-0.0006220679
0.0006652527
0.0040940745
-0.0039256716
0.0032114934
0.0048472402
0.0009075848
-0.0048084337
0.0016626179
0.0020197739
-0.0059638565
-0.0012160363
-0.0002330268
0.0049165535
-0.0032477268
-0.0016601952
0.0090779071
-0.0017935766
-0.0026856710
0.0046460280
-0.0028347676
0.0041936318
0.0032699343
0.0042176144
0.0068006497
-0.0047513645
-0.0010029476
0.0010029476
-0.0019645207
0.0007075027
-0.0037933158
0.0022887435
0.0003731755
-0.0013534242
0.0006111769
-0.0003140304
-0.0058573049
-0.0011875573
-0.0005002213
-0.0024405607
0.0015292586
0.0020353804
-0.0139195221
0.0008572765
0.0126691755
-0.0098773021
0.0038422653
0.0075466561
0.0071809243
-0.0039986300
-0.0040531179
0.0006105098
0.0026341491
-0.0017510640
-0.0036825373
-0.0017606129
-0.0029498610
0.0016413169
-0.0041557742
0.0052713620
0.0009472722
0.0089227660
0.0020572953
-0.0061931546
0.0044415399
0.0073674349
0.0270456396
0.0041868721
-0.0019336870
0.0034192257
-0.0042666470
-0.0083033079
0.0032653898
-0.0006176271
0.0011937351
0.0012785964
-0.0050168569
-0.0002271362
0.0004005509
-0.0007723395
-0.0058926811
0.0010592627
0.0003943406
0.0004107790
-0.0018602262
-0.0099283035
-0.0023534367
-0.0071911922
-0.0024907353
0.0022194741
-0.0012046099
0.0039561906
-0.0005327921
-0.0010791391
0.0007153243
-0.0065799207
0.0008684806
0.0018663821
0.0008236708
0.0006576003
-0.0028413876
-0.0005573318
-0.0003788225
-0.0040183824
0.0005597872
-0.0027892231
0.0001070923
-0.0027795430
-0.0047879119
0.0010051228
-0.0036976124
0.0035510051
0.0047237272
0.0010767057
0.0028042823
0.0000128260
-0.0032116228
-0.0083036637
-0.0066607176
-0.0000696618
0.0016314246
-0.0080523991
-0.0023339793
-0.0025111553
-0.0032549614
0.0077144000
0.0025174869
-0.0035306471
0.0038716620
-0.0012903482
-0.0060760303
0.0071171867
0.0051025859
-0.0017938396
0.0065631826
-0.0024013570
0.0021069159
0.0047049964
-0.0033504196
-0.0091104631
0.0104459316
-0.0060649830
0.0069758813
0.0075701435
-0.0008825937
0.0023632576
-0.0069687889
-0.0005556429
-0.0023724906
0.0028678461
-0.0033127753
-0.0020154583
0.0011250055
0.0016117432
-0.0004318479
0.0017478335
0.0003104064
0.0020712188
0.0007868853
0.0029613883
-0.0047725816
-0.0051503223
0.0008912232
-0.0052158310
0.0046059047
-0.0013899446
-0.0004767498
0.0029349019
-0.0070356539
0.0085085132
-0.0017365615
-0.0003589197
0.0069564748
-0.0011431569
-0.0010755881
0.0202788970
-0.0023565593
-0.0006725106
0.0140452986
-0.0014278560
-0.0015052121
-0.0003557282
-0.0003809787
0.0011592312
0.0034904924
0.0029091626
0.0048050606
-0.0056948069
-0.0000665549
-0.0072685995
0.0056324524
-0.0010672271
0.0005879496
-0.0027885288
0.0046876194
-0.0007533741
-0.0110618652
-0.0010193810
-0.0022572849
-0.0062838790
-0.0043407856
0.0029498672
0.0002638702
0.0025797034
-0.0053964926
-0.0005933464
-0.0105337329
-0.0010404952
0.0066002009
-0.0003519434
-0.0038925031
0.0064776859
-0.0007881369
-0.0028321337
-0.0068343535
-0.0020659509
0.0030260091
0.0054745764
-0.0009419052
0.0038823326
-0.0008318862
0.0004631973
0.0005315546
-0.0057851081
-0.0046185268
-0.0009531444
0.0037250920
-0.0025597800
0.0008006354
0.0016727725
-0.0021314365
0.0027445176
0.0052390061
-0.0014737890
-0.0031223176
-0.0018391882
0.0044195680
-0.0029686589
0.0012290338
0.0000948100
0.0005083731
0.0022930807
-0.0047857183
-0.0014302476
0.0014302476
0.0002201887
0.0011390260
-0.0006426999
0.0006340758
-0.0001595594
-0.0009104070
0.0001985480
0.0003969778
0.0009055550
0.0004266202
-0.0000689364
-0.0028391336
0.0000432083
0.0010623368
0.0000215805
-0.0037403751
0.0008314424
-0.0001082216
0.0008827463
-0.0004282942
0.0012756896
0.0012006877
0.0009103520
0.0003966714
-0.0015962659
-0.0007256330
0.0006176853
-0.0021700609
0.0032360740
0.0043600998
0.0008972056
0.0007163278
0.0004372653
0.0009467527
-0.0009210372
0.0015802358
-0.0035966250
0.0031386565
0.0048387157
0.0004983421
-0.0017943417
0.0026413791
0.0054185036
0.0020375904
-0.0016652723
0.0005878112
-0.0010701590
0.0030931388
0.0084152912
0.0020061696
-0.0005471179
0.0006598455
-0.0050392067
-0.0253301807
-0.0006845055
-0.0023757231
0.0012726408
0.0013657467
-0.0009993539
0.0000732624
-0.0030038477
-0.0002636988
0.0007563267
-0.0173176951
0.0011246668
0.0043636624
0.0003234492
0.0003233446
0.0013795936
-0.0019258447
0.0030203064
0.0038146984
0.0015703630
-0.0037042789
-0.0041155192
0.0005590301
-0.0008342925
0.0002577877
-0.0043739028
0.0037620949
-0.0004328616
-0.0021057662
0.0009768214
-0.0040756664
0.0012345437
-0.0005929179
-0.0016004365
0.0030447844
0.0026155833
0.0021853538
0.0029513785
0.0017440588
-0.0024974234
-0.0023508334
-0.0017306713
0.0014773763
0.0012091240
0.0000916068
-0.0020959700
0.0104102380
0.0065710568
0.0006401348
-0.0018398795
-0.0001463039
0.0006926027
0.0061050826
-0.0028121106
-0.0007718233
-0.0065587551
-0.0057114434
-0.0016123743
-0.0121081529
-0.0024110789
0.0067644794
-0.0187872488
-0.0029119394
0.0034924184
0.0056087893
0.0019157944
-0.0020356535
0.0087341818
-0.0020176396
-0.0103412896
0.0038466974
-0.0064655686
0.0016069352
0.0024189195
0.0052409231
-0.0016168296
0.0025856740
-0.0001901557
-0.0013143892
0.0029008599
-0.0008260648
-0.0004552899
0.0014314750
-0.0037996706
0.0004475096
0.0006288334
0.0010442294
0.0011005696
-0.0036333824
-0.0009581179
0.0013570629
0.0010675031
0.0035310194
-0.0003838746
0.0069924819
-0.0009865371
0.0018801570
-0.0029994103
0.0008252963
0.0033337526
-0.0020444936
0.0000262941
0.0019832112
0.0062174017
0.0073877776
-0.0044321809
0.0000650030
-0.0023862114
0.0042737886
-0.0032318324
0.0004858749
-0.0090271251
0.0033380260
0.0002355127
0.0010068453
0.0007794996
0.0005831386
0.0021425056
0.0003862923
-0.0015808357
-0.0003521196
0.0024318761
-0.0019537192
0.0009078688
0.0009070453
-0.0004946500
-0.0011073405
0.0008078282
0.0020687105
-0.0006587473
0.0010399290
0.0001602262
-0.0015947446
0.0018501874
0.0003895328
0.0003764042
0.0059774794
0.0007350113
-0.0045822055
-0.0010710570
-0.0044346163
-0.0002821591
-0.0005515253
-0.0002737042
0.0010249195
0.0002039900
0.0020982454
-0.0001342599
0.0033640511
-0.0018189875
0.0030959175
0.0024371667
-0.0015666833
0.0028474730
-0.0000171809
0.0000386567
0.0014592716
-0.0004161045
0.0021258912
-0.0027696929
-0.0023383378
0.0085017910
-0.0091216791
-0.0017066763
0.0134108275
0.0106048675
0.0041729149
0.0021448089
-0.0056610061
-0.0033005765
-0.0022572323
-0.0010373291
0.0031636628
-0.0127621974
-0.0003037167
-0.0005349367
0.0005221016
0.0143321387
-0.0090409404
0.0023124936
0.0073145108
-0.0048972170
-0.0020564492
-0.0025712035
0.0047970681
-0.0028924676
-0.0033013440
0.0050285004
0.0012245998
0.0021236011
0.0067846837
-0.0006465807
-0.0005461405
-0.0002899958
0.0007059298
-0.0017489284
-0.0029498298
0.0036186516
0.0007440117
0.0037703845
0.0000837181
-0.0042785839
0.0010167726
-0.0068305096
-0.0006005828
0.0036781903
-0.0002318626
0.0045515237
-0.0028370125
-0.0035713495
-0.0026096148
0.0014896258
0.0034404987
-0.0017208804
0.0034135623
-0.0044863924
-0.0010020655
0.0028808725
0.0000126541
0.0098050700
0.0074985267
-0.0006842683
-0.0001576554
-0.0020808896
-0.0152796258
-0.0040993287
-0.0000084783
-0.0002798258
-0.0036959510
-0.0019426581
0.0015212174
0.0009065161
0.0015090364
-0.0027817968
0.0013493297
-0.0090415602
-0.0011037363
-0.0023747973
0.0000732211
0.0023015762
0.0015071334
0.0027037061
0.0034045676
-0.0048819163
-0.0020977274
-0.0007775766
0.0012455495
0.0017668758
-0.0084638149
-0.0066637865
-0.0020509791
-0.0009768905
0.0035149574
-0.0014576216
-0.0003571149
-0.0030275293
-0.0003452141
-0.0004327784
0.0016645154
-0.0020843582
-0.0008402148
-0.0025512231
0.0006493820
0.0006664942
-0.0021984830
-0.0008174351
0.0027967257
0.0015727372
-0.0002320313
0.0014351034
0.0034654969
-0.0048568167
-0.0038075732
0.0040877429
0.0033777394
-0.0013095406
0.0061269605
0.0046430929
0.0006047856
-0.0040157047
0.0034757351
-0.0014096141
-0.0017149692
0.0006629504
0.0026344549
0.0010017791
-0.0005353088
-0.0015168247
0.0011151550
-0.0003283661
0.0002549251
0.0010708396
-0.0018920174
0.0000562073
0.0009723192
0.0005009155
-0.0009545468
-0.0027434503
0.0042418108
0.0008669006
0.0043018035
0.0002146052
0.0007421787
-0.0011971964
0.0009913292
-0.0007122844
-0.0010865668
-0.0016471315
-0.0000215210
0.0017459967
0.0003479748
0.0000859011
-0.0004510629
0.0007258967
-0.0007516779
0.0011380352
-0.0007900455
-0.0011002331
-0.0010454829
0.0000946978
0.0028796912
0.0002918042
0.0071610728
0.0010218768
0.0057244493
-0.0020670353
0.0027818785
-0.0155193822
0.0008327789
0.0180256314
-0.0007925902
-0.0077183516
0.0027164703
-0.0061309977
-0.0067010670
0.0016730518
0.0007069879
-0.0004455583
-0.0013979419
0.0002188254
0.0020229388
-0.0024391772
0.0021094431
-0.0027276838
-0.0028729596
-0.0026955182
0.0074091942
-0.0013855854
0.0029190718
-0.0006807833
0.0021008007
-0.0009664192
0.0010091595
0.0005255568
-0.0006238623
-0.0024136511
-0.0098777080
0.0018330622
-0.0027075438
0.0006927217
-0.0001601492
-0.0030477188
-0.0036146583
-0.0029413711
0.0016201337
-0.0027702301
0.0003456052
0.0009705555
-0.0078085641
-0.0012912070
-0.0029721379
0.0008974300
0.0055830741
0.0012691332
0.0025159341
0.0001444521
0.0001925703
-0.0012918060
-0.0032566171
0.0027744992
0.0035184954
0.0018549116
0.0032867344
0.0024135413
-0.0040751481
0.0016442221
-0.0001782109
0.0068836276
0.0017296901
-0.0052024038
-0.0030719058
-0.0075943161
-0.0096443540
0.0021992784
-0.0135281237
0.0058360677
0.0035987623
0.0005491026
-0.0014708556
0.0032754552
-0.0035148954
0.0015996140
-0.0002745440
0.0037573589
-0.0010638886
-0.0061183135
-0.0042217456
0.0069155800
0.0050176829
-0.0000308690
-0.0014121741
0.0005430404
-0.0036967311
0.0016908719
-0.0031804980
0.0029106814
-0.0053227241
0.0168027450
0.0053908721
0.0074840496
-0.0035421997
0.0007276287
-0.0051176096
-0.0001436184
-0.0002045831
0.0003917182
-0.0066100789
0.0032799389
-0.0067772515
0.0003691772
-0.0008968098
-0.0048408097
-0.0077195452
0.0038894037
0.0047666241
-0.0034941873
-0.0015075937
0.0035127156
-0.0019873990
-0.0014898176
-0.0185366727
0.0003389654
0.0039686350
0.0007063879
0.0021655436
-0.0003321648
-0.0023732481
-0.0014816385
-0.0015786248
0.0033347334
0.0000899738
0.0011958820
0.0012483051
0.0001615371
-0.0007540632
-0.0009254019
-0.0004315480
-0.0044386537
-0.0093971965
-0.0004195071
-0.0089103672
-0.0002301083
0.0013063119
-0.0001379101
0.0003447396
0.0015659193
-0.0002707608
-0.0026104036
0.0023900695
0.0009727761
-0.0008304715
0.0008167124
0.0004860401
-0.0005731855
-0.0003578343
-0.0014464041
-0.0033047230
0.0021138882
0.0030913914
0.0028349325
-0.0007320075
-0.0003890970
0.0006773890
-0.0001876091
0.0020115304
0.0016883879
-0.0009716157
0.0008895438
-0.0008165258
-0.0023712446
-0.0002333162
-0.0018272373
0.0006735812
0.0017254127
0.0020008595
-0.0013380311
0.0010870013
-0.0056258746
-0.0223230497
-0.0074632838
0.0009123377
-0.0004773371
0.0010583411
0.0028340453
-0.0032355161
0.0005384063
0.0009438727
0.0001320711
-0.0021152338
-0.0012059847
0.0090870103
0.0084984892
-0.0098311658
-0.0101422136
-0.0010868560
-0.0043688142
0.0046204624
-0.0127327567
0.0206344971
-0.0033025285
0.0093976459
-0.0008102267
-0.0026553961
0.0032268381
-0.0055502220
-0.0013664487
0.0041266277
0.0011357131
0.0010641466
0.0006885133
0.0018757826
-0.0036706567
-0.0088147806
0.0017257239
-0.0034828731
0.0034498050
-0.0000377934
-0.0055237243
0.0009069219
0.0061274267
-0.0029714896
-0.0005868378
-0.0005161339
0.0025165933
-0.0006994693
-0.0049908037
0.0026478015
-0.0006162452
0.0021031498
-0.0030044995
0.0011052267
0.0008529876
0.0058187753
0.0038588945
-0.0020944580
0.0011276077
-0.0011135048
0.0006767077
-0.0011045856
0.0028037336
-0.0063324700
0.0070919281
0.0005668735
-0.0006980967
0.0023780890
-0.0041137282
0.0032857839
-0.0013252013
-0.0024254947
-0.0011655780
0.0004513527
0.0062882974
-0.0008317952
0.0002196985
0.0022316436
-0.0002985089
-0.0045586496
-0.0034926334
0.0031411057
0.0015177140
-0.0050962578
-0.0061869149
0.0002934564
0.0008656678
0.0017951715
0.0007643312
0.0047427571
-0.0023638618
0.0067805136
