datetime_str,log_return
2025-05-21 18:00:00,0.002021101
2025-05-21 19:00:00,0.0152283138
2025-05-21 20:00:00,-0.0030670594
2025-05-21 21:00:00,0.0003988513
2025-05-21 22:00:00,0.0116162822
2025-05-21 23:00:00,0.0059342691
2025-05-22 00:00:00,0.0125381286
2025-05-22 01:00:00,-0.0033333364
2025-05-22 02:00:00,0.0071182938
2025-05-22 03:00:00,0.0139343065
2025-05-22 04:00:00,-0.0007606009
2025-05-22 05:00:00,-0.0082515653
2025-05-22 06:00:00,-0.0002685542
2025-05-22 07:00:00,0.0108381461
2025-05-22 08:00:00,0.0108721343
2025-05-22 09:00:00,0.0006755996
2025-05-22 10:00:00,-0.002968532
2025-05-22 11:00:00,-0.0016948837
2025-05-22 12:00:00,0.0019582743
2025-05-22 13:00:00,-0.0051675803
2025-05-22 14:00:00,0.0084728718
2025-05-22 15:00:00,-0.001501051
2025-05-22 16:00:00,-0.0058379481
2025-05-22 17:00:00,0.0049362348
2025-05-22 18:00:00,-0.0002255554
2025-05-22 19:00:00,-0.0096714014
2025-05-22 20:00:00,0.0029566755
2025-05-22 21:00:00,-0.0017805396
2025-05-22 22:00:00,-0.0003033866
2025-05-22 23:00:00,0.0110519202
2025-05-23 00:00:00,-0.0012011112
2025-05-23 01:00:00,0.0044219671
2025-05-23 02:00:00,0.0115247195
2025-05-23 03:00:00,0.0063742593
2025-05-23 04:00:00,-0.0090020899
2025-05-23 05:00:00,-0.0006302249
2025-05-23 06:00:00,-0.0148316906
2025-05-23 07:00:00,-0.0007907073
2025-05-23 08:00:00,0.005184668
2025-05-23 09:00:00,0.0051579258
2025-05-23 10:00:00,-0.0041092366
2025-05-23 11:00:00,-0.0415412894
2025-05-23 12:00:00,-0.0052033528
2025-05-23 13:00:00,0.0133257378
2025-05-23 14:00:00,-0.0027906995
2025-05-23 15:00:00,-0.0026039151
2025-05-23 16:00:00,-0.0008175501
2025-05-23 17:00:00,0.0039647115
2025-05-23 18:00:00,-0.006694716
2025-05-23 19:00:00,0.000312378
2025-05-23 20:00:00,-0.0068556475
2025-05-23 21:00:00,-0.0035835981
2025-05-23 22:00:00,0.0022068105
2025-05-23 23:00:00,-0.0052887205
2025-05-24 00:00:00,-0.004441984
2025-05-24 01:00:00,0.0035313994
2025-05-24 02:00:00,0.0069076041
2025-05-24 03:00:00,0.0031811514
2025-05-24 04:00:00,0.0040306067
2025-05-24 05:00:00,-0.0033642405
2025-05-24 06:00:00,-0.0016863741
2025-05-24 07:00:00,-0.0005103944
2025-05-24 08:00:00,0.0045841984
2025-05-24 09:00:00,-0.001838991
2025-05-24 10:00:00,0.0071413544
2025-05-24 11:00:00,-0.0029986198
2025-05-24 12:00:00,-0.001326933
2025-05-24 13:00:00,-0.0050898665
2025-05-24 14:00:00,0.0047773909
2025-05-24 15:00:00,-0.0017594968
2025-05-24 16:00:00,0.0010951618
2025-05-24 17:00:00,0.000664335
2025-05-24 18:00:00,-0.0035612991
2025-05-24 19:00:00,0.0019191984
2025-05-24 20:00:00,-0.0009787226
2025-05-24 21:00:00,-0.0047506028
2025-05-24 22:00:00,-0.0059602695
2025-05-24 23:00:00,0.002056556
2025-05-25 00:00:00,-0.0182606142
2025-05-25 01:00:00,0.0044563175
2025-05-25 02:00:00,0.0052736838
2025-05-25 03:00:00,0.0018312836
2025-05-25 04:00:00,0.0017485301
2025-05-25 05:00:00,-0.00214635
2025-05-25 06:00:00,-0.0020313472
2025-05-25 07:00:00,-0.0055173657
2025-05-25 08:00:00,-0.0069599782
2025-05-25 09:00:00,0.0076413
2025-05-25 10:00:00,-0.0014032277
2025-05-25 11:00:00,0.002604429
2025-05-25 12:00:00,0.0075345689
2025-05-25 13:00:00,-0.0014705593
2025-05-25 14:00:00,-0.0028678423
2025-05-25 15:00:00,0.0021516524
2025-05-25 16:00:00,-3.98034e-05
2025-05-25 17:00:00,0.0010343731
2025-05-25 18:00:00,0.001112745
2025-05-25 19:00:00,0.0041618007
2025-05-25 20:00:00,-0.0010685242
2025-05-25 21:00:00,-0.0040867397
2025-05-25 22:00:00,0.0140547122
2025-05-25 23:00:00,0.000587878
2025-05-26 00:00:00,0.0079610177
2025-05-26 01:00:00,-0.004831492
2025-05-26 02:00:00,-0.002385376
2025-05-26 03:00:00,0.0026587441
2025-05-26 04:00:00,0.0018725136
2025-05-26 05:00:00,0.0019079145
2025-05-26 06:00:00,0.0050829482
2025-05-26 07:00:00,-0.0006194348
2025-05-26 08:00:00,-0.0051250306
2025-05-26 09:00:00,-0.001792185
2025-05-26 10:00:00,-0.0021470545
2025-05-26 11:00:00,0.0038224557
2025-05-26 12:00:00,0.0004670533
2025-05-26 13:00:00,-0.0064803475
2025-05-26 14:00:00,-0.0007052186
2025-05-26 15:00:00,0.0060564804
2025-05-26 16:00:00,-0.0094720658
2025-05-26 17:00:00,-0.0033089134
2025-05-26 18:00:00,0.0005128104
2025-05-26 19:00:00,0.003189293
2025-05-26 20:00:00,0.0096630449
2025-05-26 21:00:00,-0.0022606807
2025-05-26 22:00:00,-0.0008978939
2025-05-26 23:00:00,0.0017170066
2025-05-27 00:00:00,-0.0053166662
2025-05-27 01:00:00,-0.0081864437
2025-05-27 02:00:00,0.0024866307
2025-05-27 03:00:00,0.0055038076
2025-05-27 04:00:00,0.0034440956
2025-05-27 05:00:00,0.0043663084
2025-05-27 06:00:00,0.0004278075
2025-05-27 07:00:00,0.0137091603
2025-05-27 08:00:00,0.01071977
2025-05-27 09:00:00,0.0011756007
2025-05-27 10:00:00,-3.7901e-05
2025-05-27 11:00:00,0.0053299187
2025-05-27 12:00:00,-0.0012071373
2025-05-27 13:00:00,0.0026010758
2025-05-27 14:00:00,0.002218755
2025-05-27 15:00:00,0.0033002093
2025-05-27 16:00:00,-3.74413e-05
2025-05-27 17:00:00,0.0095024098
2025-05-27 18:00:00,-0.0051685467
2025-05-27 19:00:00,0.0023830813
2025-05-27 20:00:00,-0.007166349
2025-05-27 21:00:00,-0.0022500572
2025-05-27 22:00:00,-0.0010141798
2025-05-27 23:00:00,0.0004884372
2025-05-28 00:00:00,-0.0010147134
2025-05-28 01:00:00,-0.0092549532
2025-05-28 02:00:00,0.0017063233
2025-05-28 03:00:00,0.0026862921
2025-05-28 04:00:00,0.0004155412
2025-05-28 05:00:00,-0.0022308356
2025-05-28 06:00:00,-0.0044766568
2025-05-28 07:00:00,0.0026959823
2025-05-28 08:00:00,0.0024617961
2025-05-28 09:00:00,-0.0057663286
2025-05-28 10:00:00,0.005085207
2025-05-28 11:00:00,0.0062639351
2025-05-28 12:00:00,0.00360469
2025-05-28 13:00:00,-0.0036423073
2025-05-28 14:00:00,-0.0113115247
2025-05-28 15:00:00,-0.000380532
2025-05-28 16:00:00,0.0049356568
2025-05-28 17:00:00,0.0050621543
2025-05-28 18:00:00,-0.0063506677
2025-05-28 19:00:00,-0.0068875251
2025-05-28 20:00:00,0.0062805908
2025-05-28 21:00:00,0.0065053179
2025-05-28 22:00:00,-0.0010561256
2025-05-28 23:00:00,0.01219047
2025-05-29 00:00:00,0.0148759404
2025-05-29 01:00:00,-0.003716724
2025-05-29 02:00:00,0.0215909189
2025-05-29 03:00:00,-0.0028905931
2025-05-29 04:00:00,-0.0129287814
2025-05-29 05:00:00,-0.0016508616
2025-05-29 06:00:00,0.001467567
2025-05-29 07:00:00,0.0014288072
2025-05-29 08:00:00,-0.0023824807
2025-05-29 09:00:00,0.0048688618
2025-05-29 10:00:00,-0.0024131639
2025-05-29 11:00:00,-0.005211786
2025-05-29 12:00:00,-0.0083883499
2025-05-29 13:00:00,-0.0123214044
2025-05-29 14:00:00,0.0041988515
2025-05-29 15:00:00,-0.0107572407
2025-05-29 16:00:00,-0.0012108371
2025-05-29 17:00:00,0.0067543603
2025-05-29 18:00:00,-0.0033148785
2025-05-29 19:00:00,-0.0004151335
2025-05-29 20:00:00,-0.0018513276
2025-05-29 21:00:00,0.0067464686
2025-05-29 22:00:00,-0.0059148363
2025-05-29 23:00:00,-0.0053040473
2025-05-30 00:00:00,-0.0234056917
2025-05-30 01:00:00,0.0102521354
2025-05-30 02:00:00,0.0124315484
2025-05-30 03:00:00,0.0003800692
2025-05-30 04:00:00,0.0015567751
2025-05-30 05:00:00,0.0026144796
2025-05-30 06:00:00,-0.0079021762
2025-05-30 07:00:00,-0.0009158209
2025-05-30 08:00:00,-0.0004200317
2025-05-30 09:00:00,3.8192e-05
2025-05-30 10:00:00,0.0016408773
2025-05-30 11:00:00,3.81279e-05
2025-05-30 12:00:00,-0.0040496712
2025-05-30 13:00:00,-0.0128298267
2025-05-30 14:00:00,0.0073019816
2025-05-30 15:00:00,0.0005387724
2025-05-30 16:00:00,-0.0225279442
2025-05-30 17:00:00,0.0029076641
2025-05-30 18:00:00,0.0114304793
2025-05-30 19:00:00,-0.001280882
2025-05-30 20:00:00,0.0008929092
2025-05-30 21:00:00,-0.002758944
2025-05-30 22:00:00,-0.01604302
2025-05-30 23:00:00,0.0012645224
2025-05-31 00:00:00,-0.0051074049
2025-05-31 01:00:00,-0.0098927768
2025-05-31 02:00:00,-0.0012836457
2025-05-31 03:00:00,0.009110224
2025-05-31 04:00:00,0.0038904376
2025-05-31 05:00:00,-0.0038506627
2025-05-31 06:00:00,0.003375095
2025-05-31 07:00:00,-0.0001189273
2025-05-31 08:00:00,0.0010302335
2025-05-31 09:00:00,-0.0002772662
2025-05-31 10:00:00,-0.0011494938
2025-05-31 11:00:00,-0.0002776621
2025-05-31 12:00:00,0.0071154983
2025-05-31 13:00:00,-0.0016557601
2025-05-31 14:00:00,0.0036626471
2025-05-31 15:00:00,-0.0024796817
2025-05-31 16:00:00,0.0017718284
2025-05-31 17:00:00,-0.0052062908
2025-05-31 18:00:00,0.0048915285
2025-05-31 19:00:00,-0.001063055
2025-05-31 20:00:00,0.001771131
2025-05-31 21:00:00,0.0001965988
2025-05-31 22:00:00,-0.004531581
2025-05-31 23:00:00,-0.0010273838
2025-06-01 00:00:00,-0.00087015
2025-06-01 01:00:00,-0.0065503718
2025-06-01 02:00:00,-0.000916499
2025-06-01 03:00:00,0.0024686455
2025-06-01 04:00:00,0.0034934533
2025-06-01 05:00:00,-0.0013879803
2025-06-01 06:00:00,-0.0023043316
2025-06-01 07:00:00,-0.0021103355
2025-06-01 08:00:00,-0.0005581915
2025-06-01 09:00:00,-0.0061607588
2025-06-01 10:00:00,0.0013233615
2025-06-01 11:00:00,0.0012815893
2025-06-01 12:00:00,-0.0050960125
2025-06-01 13:00:00,0.0038144231
2025-06-01 14:00:00,0.0063119417
2025-06-01 15:00:00,0.0052428924
2025-06-01 16:00:00,0.0059640361
2025-06-01 17:00:00,0.000472441
2025-06-01 18:00:00,-0.0077446254
2025-06-01 19:00:00,0.0026541502
2025-06-01 20:00:00,-0.0001978279
2025-06-01 21:00:00,0.0056818335
2025-06-01 22:00:00,-0.0019297802
2025-06-01 23:00:00,0.0009850471
2025-06-02 00:00:00,-0.0014582145
2025-06-02 01:00:00,-0.003041497
2025-06-02 02:00:00,-0.0071064475
2025-06-02 03:00:00,-0.0048325673
2025-06-02 04:00:00,-0.002445136
2025-06-02 05:00:00,0.0010429203
2025-06-02 06:00:00,0.0007213851
2025-06-02 07:00:00,0.0047162358
2025-06-02 08:00:00,-0.0045960555
2025-06-02 09:00:00,-0.0055030164
2025-06-02 10:00:00,0.0002416432
2025-06-02 11:00:00,-0.000523634
2025-06-02 12:00:00,0.0067459299
2025-06-02 13:00:00,0.0025180373
2025-06-02 14:00:00,0.0108783032
2025-06-02 15:00:00,0.0047665096
2025-06-02 16:00:00,0.0017276587
2025-06-02 17:00:00,0.0009019078
2025-06-02 18:00:00,-0.0022366546
2025-06-02 19:00:00,-0.0045672967
2025-06-02 20:00:00,0.0028373285
2025-06-02 21:00:00,0.0081127603
2025-06-02 22:00:00,0.0092857671
2025-06-02 23:00:00,0.0087787411
2025-06-03 00:00:00,0.0058480816
2025-06-03 01:00:00,0.0091051124
2025-06-03 02:00:00,-0.0109743075
2025-06-03 03:00:00,-0.0053598903
2025-06-03 04:00:00,-0.004771442
2025-06-03 05:00:00,0.0092145319
2025-06-03 06:00:00,0.0013367199
2025-06-03 07:00:00,-0.0031345591
2025-06-03 08:00:00,-0.0012259129
2025-06-03 09:00:00,0.0030237521
2025-06-03 10:00:00,-0.0011089231
2025-06-03 11:00:00,-0.0039101484
2025-06-03 12:00:00,0.0031063667
2025-06-03 13:00:00,0.0064502809
2025-06-03 14:00:00,0.0089384377
2025-06-03 15:00:00,-0.0104613773
2025-06-03 16:00:00,-0.0067286258
2025-06-03 17:00:00,0.0053559943
2025-06-03 18:00:00,-0.0002671195
2025-06-03 19:00:00,0.0017159531
2025-06-03 20:00:00,-0.0030144066
2025-06-03 21:00:00,-0.0098697013
2025-06-03 22:00:00,0.0058490951
2025-06-03 23:00:00,-0.0043836108
2025-06-04 00:00:00,0.0020403849
2025-06-04 01:00:00,0.0051784768
2025-06-04 02:00:00,0.0001147732
2025-06-04 03:00:00,0.0058360359
2025-06-04 04:00:00,0.0036445126
2025-06-04 05:00:00,-0.0047100023
2025-06-04 06:00:00,0.0017878545
2025-06-04 07:00:00,-0.0007603985
2025-06-04 08:00:00,0.0050079777
2025-06-04 09:00:00,0.0004540295
2025-06-04 10:00:00,-0.0013627075
2025-06-04 11:00:00,-0.0052790613
2025-06-04 12:00:00,-0.0028982211
2025-06-04 13:00:00,-0.0008787515
2025-06-04 14:00:00,0.009699766
2025-06-04 15:00:00,0.0104685396
2025-06-04 16:00:00,-0.0031140401
2025-06-04 17:00:00,-0.0092869405
2025-06-04 18:00:00,-0.0022782513
2025-06-04 19:00:00,-0.0019025157
2025-06-04 20:00:00,-0.0072627512
2025-06-04 21:00:00,0.0052039606
2025-06-04 22:00:00,-0.0050121583
2025-06-04 23:00:00,0.0007285137
2025-06-05 00:00:00,0.0016085178
2025-06-05 01:00:00,-0.0014168919
2025-06-05 02:00:00,0.0048931632
2025-06-05 03:00:00,0.0015242163
2025-06-05 04:00:00,0.0019020091
2025-06-05 05:00:00,-0.0062139231
2025-06-05 06:00:00,-0.0034859925
2025-06-05 07:00:00,-0.0004989924
2025-06-05 08:00:00,0.0006908463
2025-06-05 09:00:00,0.0013036312
2025-06-05 10:00:00,-0.0047241461
2025-06-05 11:00:00,0.0045708659
2025-06-05 12:00:00,0.0089276088
2025-06-05 13:00:00,-0.0159654227
2025-06-05 14:00:00,-0.0005404571
2025-06-05 15:00:00,0.0002702651
2025-06-05 16:00:00,-0.0118050454
2025-06-05 17:00:00,0.0041320762
2025-06-05 18:00:00,0.0024477914
2025-06-05 19:00:00,-0.0186050056
2025-06-05 20:00:00,-0.0527634144
2025-06-05 21:00:00,0.0161233804
2025-06-05 22:00:00,-0.0029159928
2025-06-05 23:00:00,-0.0065197887
2025-06-06 00:00:00,0.0049144207
2025-06-06 01:00:00,-0.001938105
2025-06-06 02:00:00,0.0054747291
2025-06-06 03:00:00,0.0084209303
2025-06-06 04:00:00,0.0015050136
2025-06-06 05:00:00,0.000243843
2025-06-06 06:00:00,-4.06364e-05
2025-06-06 07:00:00,-0.0018710601
2025-06-06 08:00:00,0.0025210439
2025-06-06 09:00:00,0.0030006916
2025-06-06 10:00:00,0.0054511451
2025-06-06 11:00:00,-0.0023383336
2025-06-06 12:00:00,0.0
2025-06-06 13:00:00,0.0105995291
2025-06-06 14:00:00,0.0068061319
2025-06-06 15:00:00,-0.003775464
2025-06-06 16:00:00,-0.0048694915
2025-06-06 17:00:00,0.0007199424
2025-06-06 18:00:00,-0.0016406238
2025-06-06 19:00:00,-0.0045759322
2025-06-06 20:00:00,0.0063764728
2025-06-06 21:00:00,-0.0031230006
2025-06-06 22:00:00,-0.0036156234
2025-06-06 23:00:00,-0.0026597904
2025-06-07 00:00:00,0.002297508
2025-06-07 01:00:00,-0.0042767868
2025-06-07 02:00:00,0.0035921174
2025-06-07 03:00:00,0.0034588194
2025-06-07 04:00:00,0.000401413
2025-06-07 05:00:00,0.0016040425
2025-06-07 06:00:00,0.0028808086
2025-06-07 07:00:00,-0.0040033682
2025-06-07 08:00:00,-0.0029728449
2025-06-07 09:00:00,0.0007641417
2025-06-07 10:00:00,0.0036117058
2025-06-07 11:00:00,0.0004004966
2025-06-07 12:00:00,0.0008005124
2025-06-07 13:00:00,0.0037139876
2025-06-07 14:00:00,0.0033427545
2025-06-07 15:00:00,0.0015085354
2025-06-07 16:00:00,-0.0038552541
2025-06-07 17:00:00,-0.0008366034
2025-06-07 18:00:00,0.0035010977
2025-06-07 19:00:00,0.0002779708
2025-06-07 20:00:00,0.0018247456
2025-06-07 21:00:00,0.0001188896
2025-06-07 22:00:00,0.005098926
2025-06-07 23:00:00,-0.004148318
2025-06-08 00:00:00,-0.0028545395
2025-06-08 01:00:00,0.0006350467
2025-06-08 02:00:00,-0.0028608912
2025-06-08 03:00:00,-7.95862e-05
2025-06-08 04:00:00,0.0018686021
2025-06-08 05:00:00,-0.0019879932
2025-06-08 06:00:00,0.0006763612
2025-06-08 07:00:00,0.0005566601
2025-06-08 08:00:00,0.0007549719
2025-06-08 09:00:00,-0.0072953741
2025-06-08 10:00:00,0.0020384922
2025-06-08 11:00:00,0.0041043273
2025-06-08 12:00:00,-0.0023888215
2025-06-08 13:00:00,0.0003188394
2025-06-08 14:00:00,0.0024278136
2025-06-08 15:00:00,-3.97527e-05
2025-06-08 16:00:00,0.004759081
2025-06-08 17:00:00,-0.0011480376
2025-06-08 18:00:00,0.0036769835
2025-06-08 19:00:00,0.0
2025-06-08 20:00:00,-0.0005921481
2025-06-08 21:00:00,0.0033902347
2025-06-08 22:00:00,-0.0127132943
2025-06-08 23:00:00,0.0007171887
2025-06-09 00:00:00,-0.001793937
2025-06-09 01:00:00,-0.0039179677
2025-06-09 02:00:00,-0.0008415654
2025-06-09 03:00:00,0.001482283
2025-06-09 04:00:00,-0.0044936683
2025-06-09 05:00:00,-0.0019320566
2025-06-09 06:00:00,0.0051839615
2025-06-09 07:00:00,-0.0007618437
2025-06-09 08:00:00,0.0014830554
2025-06-09 09:00:00,0.006069579
2025-06-09 10:00:00,0.0094697302
2025-06-09 11:00:00,0.002756667
2025-06-09 12:00:00,0.0014540313
2025-06-09 13:00:00,-0.01085787
2025-06-09 14:00:00,0.0046734609
2025-06-09 15:00:00,0.001855398
2025-06-09 16:00:00,0.0094992079
2025-06-09 17:00:00,0.0052990578
2025-06-09 18:00:00,0.0044977006
2025-06-09 19:00:00,-0.0010450737
2025-06-09 20:00:00,0.0034793401
2025-06-09 21:00:00,0.0197935467
2025-06-09 22:00:00,0.0090771042
2025-06-09 23:00:00,0.0053100117
2025-06-10 00:00:00,0.0069870578
2025-06-10 01:00:00,0.0034014896
2025-06-10 02:00:00,-0.0059973525
2025-06-10 03:00:00,-0.0013004628
2025-06-10 04:00:00,0.0005575483
2025-06-10 05:00:00,-0.0071976294
2025-06-10 06:00:00,0.0020564214
2025-06-10 07:00:00,0.0003734409
2025-06-10 08:00:00,-0.0016067862
2025-06-10 09:00:00,0.0071917289
2025-06-10 10:00:00,0.0008907033
2025-06-10 11:00:00,0.028632411
2025-06-10 12:00:00,-0.0029242426
2025-06-10 13:00:00,-0.007840046
2025-06-10 14:00:00,-0.0019331431
2025-06-10 15:00:00,-0.0020832199
2025-06-10 16:00:00,-0.0006587616
2025-06-10 17:00:00,0.0036907827
2025-06-10 18:00:00,0.0046579415
2025-06-10 19:00:00,0.0070906889
2025-06-10 20:00:00,-0.0001802614
2025-06-10 21:00:00,-7.21137e-05
2025-06-10 22:00:00,0.0113299409
2025-06-10 23:00:00,0.0041980992
2025-06-11 00:00:00,-0.0076981028
2025-06-11 01:00:00,-0.0038713889
2025-06-11 02:00:00,-0.0009342437
2025-06-11 03:00:00,0.0034093593
2025-06-11 04:00:00,0.002540479
2025-06-11 05:00:00,-0.0015378291
2025-06-11 06:00:00,-0.0005011993
2025-06-11 07:00:00,0.0002148305
2025-06-11 08:00:00,-0.0083405718
2025-06-11 09:00:00,-0.0037978163
2025-06-11 10:00:00,0.0044113465
2025-06-11 11:00:00,0.0002164502
2025-06-11 12:00:00,0.0121183184
2025-06-11 13:00:00,-0.0029979679
2025-06-11 14:00:00,0.015182442
2025-06-11 15:00:00,0.008762762
2025-06-11 16:00:00,0.0011161105
2025-06-11 17:00:00,-0.013405591
2025-06-11 18:00:00,-0.0027949285
2025-06-11 19:00:00,-0.0033358205
2025-06-11 20:00:00,0.001065833
2025-06-11 21:00:00,-0.0113919632
2025-06-11 22:00:00,-0.0093456938
2025-06-11 23:00:00,0.0050986388
2025-06-12 00:00:00,0.001513732
2025-06-12 01:00:00,0.0
2025-06-12 02:00:00,-0.0065761185
2025-06-12 03:00:00,0.0028959296
2025-06-12 04:00:00,-0.0013745209
2025-06-12 05:00:00,0.0010853051
2025-06-12 06:00:00,0.0013008132
2025-06-12 07:00:00,-0.0103812185
2025-06-12 08:00:00,0.0061836368
2025-06-12 09:00:00,-0.0015968067
2025-06-12 10:00:00,-0.0008357103
2025-06-12 11:00:00,-0.0074797393
2025-06-12 12:00:00,0.0026334092
2025-06-12 13:00:00,0.0033912553
2025-06-12 14:00:00,0.0066397211
2025-06-12 15:00:00,-0.0163334412
2025-06-12 16:00:00,0.0085645791
2025-06-12 17:00:00,0.0070091624
2025-06-12 18:00:00,-0.0098558796
2025-06-12 19:00:00,-0.0148385425
2025-06-12 20:00:00,-0.020537373
2025-06-12 21:00:00,-0.002995774
2025-06-12 22:00:00,0.0029579089
2025-06-12 23:00:00,0.0016269087
2025-06-13 00:00:00,-0.0438161646
2025-06-13 01:00:00,-0.0126397803
2025-06-13 02:00:00,-0.0087985944
2025-06-13 03:00:00,0.0153769097
2025-06-13 04:00:00,-0.0025464542
2025-06-13 05:00:00,-0.000637628
2025-06-13 06:00:00,0.0098378357
2025-06-13 07:00:00,-0.0021734414
2025-06-13 08:00:00,-0.0034476644
2025-06-13 09:00:00,0.0014677009
2025-06-13 10:00:00,0.0042718204
2025-06-13 11:00:00,0.0051179199
2025-06-13 12:00:00,-0.0013360055
2025-06-13 13:00:00,0.0005110364
2025-06-13 14:00:00,-0.001770086
2025-06-13 15:00:00,0.0051833934
2025-06-13 16:00:00,0.0041040531
2025-06-13 17:00:00,-0.0070851489
2025-06-13 18:00:00,-0.00567288
2025-06-13 19:00:00,-0.0004346709
2025-06-13 20:00:00,0.0072068836
2025-06-13 21:00:00,0.0025082314
2025-06-13 22:00:00,0.0070985906
2025-06-13 23:00:00,0.0028331379
2025-06-14 00:00:00,-0.0061421434
2025-06-14 01:00:00,-0.0019125316
2025-06-14 02:00:00,-0.0011727455
2025-06-14 03:00:00,-0.0025064633
2025-06-14 04:00:00,0.0010190085
2025-06-14 05:00:00,0.0001566784
2025-06-14 06:00:00,-0.0034526086
2025-06-14 07:00:00,-0.0020851783
2025-06-14 08:00:00,-0.0009850859
2025-06-14 09:00:00,-0.0050192774
2025-06-14 10:00:00,0.0034806031
2025-06-14 11:00:00,0.0027994104
2025-06-14 12:00:00,-0.0007089685
2025-06-14 13:00:00,-0.0008277657
2025-06-14 14:00:00,-0.0020131453
2025-06-14 15:00:00,-0.0045146804
2025-06-14 16:00:00,-0.0083702509
2025-06-14 17:00:00,0.0056675466
2025-06-14 18:00:00,-0.0012743928
2025-06-14 19:00:00,3.98494e-05
2025-06-14 20:00:00,0.0003585729
2025-06-14 21:00:00,0.0075400175
2025-06-14 22:00:00,-0.0010284404
2025-06-14 23:00:00,0.0022532771
2025-06-15 00:00:00,0.0025239592
2025-06-15 01:00:00,-0.0033140047
2025-06-15 02:00:00,7.90326e-05
2025-06-15 03:00:00,0.00051356
2025-06-15 04:00:00,0.0047281412
2025-06-15 05:00:00,0.0031789042
2025-06-15 06:00:00,-0.0058160261
2025-06-15 07:00:00,-0.0028416959
2025-06-15 08:00:00,-0.0032065901
2025-06-15 09:00:00,-0.004291511
2025-06-15 10:00:00,0.004093236
2025-06-15 11:00:00,-0.0017862464
2025-06-15 12:00:00,0.0040838231
2025-06-15 13:00:00,0.0063109112
2025-06-15 14:00:00,0.0023563613
2025-06-15 15:00:00,-0.0029856632
2025-06-15 16:00:00,0.0041617649
2025-06-15 17:00:00,0.0010964484
2025-06-15 18:00:00,-0.0021548777
2025-06-15 19:00:00,-0.0048359606
2025-06-15 20:00:00,-0.0136904184
2025-06-15 21:00:00,0.0060945438
2025-06-15 22:00:00,0.0105867076
2025-06-15 23:00:00,0.0012173812
2025-06-16 00:00:00,-0.0010602165
2025-06-16 01:00:00,0.0038037024
2025-06-16 02:00:00,0.0076419586
2025-06-16 03:00:00,-0.0015548475
2025-06-16 04:00:00,0.0027193987
2025-06-16 05:00:00,0.0116865663
2025-06-16 06:00:00,-0.000652078
2025-06-16 07:00:00,0.0082157171
2025-06-16 08:00:00,0.0006467444
2025-06-16 09:00:00,-0.0030853054
2025-06-16 10:00:00,-0.0018710508
2025-06-16 11:00:00,0.0002292964
2025-06-16 12:00:00,-0.0006115741
2025-06-16 13:00:00,0.009626984
2025-06-16 14:00:00,-0.0002272383
2025-06-16 15:00:00,-0.0026549359
2025-06-16 16:00:00,0.0014800481
2025-06-16 17:00:00,-0.0009484967
2025-06-16 18:00:00,0.0076759116
2025-06-16 19:00:00,0.0025956941
2025-06-16 20:00:00,0.0035627932
2025-06-16 21:00:00,-0.0083833502
2025-06-16 22:00:00,-0.0293051442
2025-06-16 23:00:00,-0.0136993806
2025-06-17 00:00:00,0.0195908705
2025-06-17 01:00:00,-0.0024376572
2025-06-17 02:00:00,0.0118230634
2025-06-17 03:00:00,-0.0018393629
2025-06-17 04:00:00,-0.0054999081
2025-06-17 05:00:00,-0.0046775121
2025-06-17 06:00:00,0.0002711969
2025-06-17 07:00:00,0.0006583151
2025-06-17 08:00:00,-0.0041896252
2025-06-17 09:00:00,-0.0021403701
2025-06-17 10:00:00,-0.0037078278
2025-06-17 11:00:00,-0.0018786698
2025-06-17 12:00:00,-0.0016467363
2025-06-17 13:00:00,0.0023516512
2025-06-17 14:00:00,-0.0084524711
2025-06-17 15:00:00,-0.0133541987
2025-06-17 16:00:00,-0.0149554334
2025-06-17 17:00:00,0.0027579511
2025-06-17 18:00:00,0.0117172326
2025-06-17 19:00:00,0.0128469501
2025-06-17 20:00:00,-0.0076166665
2025-06-17 21:00:00,0.0035775369
2025-06-17 22:00:00,-0.0102900441
2025-06-17 23:00:00,0.0061946924
2025-06-18 00:00:00,0.0065524528
2025-06-18 01:00:00,-0.0027348954
2025-06-18 02:00:00,-0.0015491255
2025-06-18 03:00:00,0.0052335382
2025-06-18 04:00:00,0.0032373987
2025-06-18 05:00:00,0.0002364718
2025-06-18 06:00:00,-0.0048984849
2025-06-18 07:00:00,0.0027682226
2025-06-18 08:00:00,0.000473784
2025-06-18 09:00:00,-0.0024503036
2025-06-18 10:00:00,-0.0125827893
2025-06-18 11:00:00,0.0074254802
2025-06-18 12:00:00,-0.0080668142
2025-06-18 13:00:00,0.0037619607
2025-06-18 14:00:00,0.0008385075
2025-06-18 15:00:00,0.0017147533
2025-06-18 16:00:00,-0.0031526255
2025-06-18 17:00:00,-0.001880339
2025-06-18 18:00:00,-0.0080008468
2025-06-18 19:00:00,0.0063576586
2025-06-18 20:00:00,0.0144552044
2025-06-18 21:00:00,-7.90733e-05
2025-06-18 22:00:00,-0.0014639843
2025-06-18 23:00:00,-0.0003168191
2025-06-19 00:00:00,0.0017412644
2025-06-19 01:00:00,-0.0053521645
2025-06-19 02:00:00,-0.0003180662
2025-06-19 03:00:00,0.0044437464
2025-06-19 04:00:00,-0.0005147801
2025-06-19 05:00:00,-0.0006339396
2025-06-19 06:00:00,-0.0013881455
2025-06-19 07:00:00,-3.96896e-05
2025-06-19 08:00:00,0.0018240944
2025-06-19 09:00:00,0.0064763485
2025-06-19 10:00:00,-0.0005512245
2025-06-19 11:00:00,-0.0025632445
2025-06-19 12:00:00,-0.0026490082
2025-06-19 13:00:00,-0.0059561803
2025-06-19 14:00:00,-0.0047506028
2025-06-19 15:00:00,-0.0023236259
2025-06-19 16:00:00,-0.0019672796
2025-06-19 17:00:00,0.0082048048
2025-06-19 18:00:00,-0.0014359795
2025-06-19 19:00:00,0.0
2025-06-19 20:00:00,0.0008379053
2025-06-19 21:00:00,0.0014746032
2025-06-19 22:00:00,0.0052431007
2025-06-19 23:00:00,-0.0011495393
2025-06-20 00:00:00,0.0018623824
2025-06-20 01:00:00,0.0007123353
2025-06-20 02:00:00,-0.003685873
2025-06-20 03:00:00,-0.0001985506
2025-06-20 04:00:00,-0.005216122
2025-06-20 05:00:00,0.0045010134
2025-06-20 06:00:00,0.0021437937
2025-06-20 07:00:00,0.0110428634
2025-06-20 08:00:00,0.0016068038
2025-06-20 09:00:00,0.0002740745
2025-06-20 10:00:00,-0.0006265664
2025-06-20 11:00:00,-0.0010190085
2025-06-20 12:00:00,0.0009798351
2025-06-20 13:00:00,-0.0061693419
2025-06-20 14:00:00,-0.0184184852
2025-06-20 15:00:00,0.0015245129
2025-06-20 16:00:00,-0.0046208018
2025-06-20 17:00:00,-0.0254520632
2025-06-20 18:00:00,-0.0002892263
2025-06-20 19:00:00,-0.0011991153
2025-06-20 20:00:00,0.0040464154
2025-06-20 21:00:00,-0.004129166
2025-06-20 22:00:00,-0.0109836351
2025-06-20 23:00:00,0.0071696847
2025-06-21 00:00:00,0.0020331535
2025-06-21 01:00:00,0.0078447966
2025-06-21 02:00:00,-0.0029655279
2025-06-21 03:00:00,0.0009482777
2025-06-21 04:00:00,-0.0011958025
2025-06-21 05:00:00,0.0003300194
2025-06-21 06:00:00,0.0002886777
2025-06-21 07:00:00,0.0009891198
2025-06-21 08:00:00,0.0058323573
2025-06-21 09:00:00,0.00126875
2025-06-21 10:00:00,-0.0021291414
2025-06-21 11:00:00,0.0012698414
2025-06-21 12:00:00,-0.0025823391
2025-06-21 13:00:00,-0.0063819053
2025-06-21 14:00:00,-0.0004131378
2025-06-21 15:00:00,0.0016102731
2025-06-21 16:00:00,-0.0021889529
2025-06-21 17:00:00,-0.0077617905
2025-06-21 18:00:00,-0.0050965103
2025-06-21 19:00:00,-0.0011314352
2025-06-21 20:00:00,0.0078100925
2025-06-21 21:00:00,-0.0516064572
2025-06-21 22:00:00,0.0020567585
2025-06-21 23:00:00,0.0035782897
2025-06-22 00:00:00,-0.0004792715
2025-06-22 01:00:00,-0.0122335071
2025-06-22 02:00:00,0.0005733566
2025-06-22 03:00:00,-0.0010146239
2025-06-22 04:00:00,0.0076066056
2025-06-22 05:00:00,0.0028867623
2025-06-22 06:00:00,-0.0007427636
2025-06-22 07:00:00,-0.0074581376
2025-06-22 08:00:00,0.0020235798
2025-06-22 09:00:00,-0.0143855529
2025-06-22 10:00:00,0.0075948046
2025-06-22 11:00:00,0.0060433806
2025-06-22 12:00:00,0.0031176612
2025-06-22 13:00:00,-0.0360218366
2025-06-22 14:00:00,0.0005452563
2025-06-22 15:00:00,-0.0125247329
2025-06-22 16:00:00,0.0111610343
2025-06-22 17:00:00,-0.0023681585
2025-06-22 18:00:00,-0.0045241709
2025-06-22 19:00:00,0.0002747756
2025-06-22 20:00:00,0.0016927832
2025-06-22 21:00:00,-0.0043062048
2025-06-22 22:00:00,0.0253396147
2025-06-22 23:00:00,-0.0022405458
2025-06-23 00:00:00,0.004967231
2025-06-23 01:00:00,0.0029863408
2025-06-23 02:00:00,-0.0025846717
2025-06-23 03:00:00,-0.002680847
2025-06-23 04:00:00,0.0
2025-06-23 05:00:00,0.005399027
2025-06-23 06:00:00,0.0020004897
2025-06-23 07:00:00,0.0035465746
2025-06-23 08:00:00,0.0013709234
2025-06-23 09:00:00,-0.0042515564
2025-06-23 10:00:00,-0.002177053
2025-06-23 11:00:00,0.002487674
2025-06-23 12:00:00,0.0056629802
2025-06-23 13:00:00,0.0130611955
2025-06-23 14:00:00,-0.0092303637
2025-06-23 15:00:00,-0.0113145377
2025-06-23 16:00:00,-0.012073661
2025-06-23 17:00:00,0.0242228683
2025-06-23 18:00:00,0.0130007939
2025-06-23 19:00:00,0.0033319661
2025-06-23 20:00:00,0.0144961152
2025-06-23 21:00:00,-0.0028141408
2025-06-23 22:00:00,0.0283724887
2025-06-23 23:00:00,0.001741655
2025-06-24 00:00:00,-0.0039437957
2025-06-24 01:00:00,0.0046892917
2025-06-24 02:00:00,-0.0087739923
2025-06-24 03:00:00,0.0027111026
2025-06-24 04:00:00,0.0019141948
2025-06-24 05:00:00,0.0067122688
2025-06-24 06:00:00,0.0026805798
2025-06-24 07:00:00,-0.0133918542
2025-06-24 08:00:00,0.0037911183
2025-06-24 09:00:00,0.0053497131
2025-06-24 10:00:00,-0.0009103323
2025-06-24 11:00:00,-0.0019890608
2025-06-24 12:00:00,0.0021546374
2025-06-24 13:00:00,0.0032645332
2025-06-24 14:00:00,0.003500611
2025-06-24 15:00:00,0.0028326886
2025-06-24 16:00:00,0.0167893535
2025-06-24 17:00:00,-0.0086237098
2025-06-24 18:00:00,-0.0092731317
2025-06-24 19:00:00,0.0002051829
2025-06-24 20:00:00,0.0054832775
2025-06-24 21:00:00,-0.0016745292
2025-06-24 22:00:00,-0.001431698
2025-06-24 23:00:00,0.0028205304
2025-06-25 00:00:00,0.0043175498
2025-06-25 01:00:00,0.000162562
2025-06-25 02:00:00,-0.0030524433
2025-06-25 03:00:00,-0.0030617893
2025-06-25 04:00:00,-0.0037686428
2025-06-25 05:00:00,-0.0023420658
2025-06-25 06:00:00,0.0063968726
2025-06-25 07:00:00,0.0
2025-06-25 08:00:00,-0.002414521
2025-06-25 09:00:00,-0.0085176937
2025-06-25 10:00:00,0.0027236729
2025-06-25 11:00:00,0.0014825189
2025-06-25 12:00:00,-0.0002880955
2025-06-25 13:00:00,0.0033696354
2025-06-25 14:00:00,-0.0011082608
2025-06-25 15:00:00,-0.0114414416
2025-06-25 16:00:00,0.0019505723
2025-06-25 17:00:00,0.0053342281
2025-06-25 18:00:00,-0.0020228298
2025-06-25 19:00:00,0.0053577444
2025-06-25 20:00:00,0.00332383
2025-06-25 21:00:00,-0.0036938273
2025-06-25 22:00:00,-0.0057732119
2025-06-25 23:00:00,0.0007854648
2025-06-26 00:00:00,0.0035063873
2025-06-26 01:00:00,0.0130506895
2025-06-26 02:00:00,0.0130430487
2025-06-26 03:00:00,-0.0008026971
2025-06-26 04:00:00,-0.0037813312
2025-06-26 05:00:00,-0.001653793
2025-06-26 06:00:00,0.0047523247
2025-06-26 07:00:00,0.0015657309
2025-06-26 08:00:00,-0.0018068303
2025-06-26 09:00:00,-0.0093673718
2025-06-26 10:00:00,-0.0054099259
2025-06-26 11:00:00,-0.0001223666
2025-06-26 12:00:00,-0.0041284369
2025-06-26 13:00:00,-0.0028302486
2025-06-26 14:00:00,0.0054074115
2025-06-26 15:00:00,-0.0052431202
2025-06-26 16:00:00,-0.0031673583
2025-06-26 17:00:00,-0.0021446845
2025-06-26 18:00:00,0.0021446845
2025-06-26 19:00:00,0.0038652953
2025-06-26 20:00:00,0.0042182923
2025-06-26 21:00:00,-0.0128742138
2025-06-26 22:00:00,-0.0004140615
2025-06-26 23:00:00,0.0011175729
2025-06-27 00:00:00,-0.0063078601
2025-06-27 01:00:00,0.0104361737
2025-06-27 02:00:00,0.0046855819
2025-06-27 03:00:00,0.0036428422
2025-06-27 04:00:00,0.0013473514
2025-06-27 05:00:00,-0.0040475126
2025-06-27 06:00:00,0.0038434851
2025-06-27 07:00:00,-0.0027379924
2025-06-27 08:00:00,0.0024522839
2025-06-27 09:00:00,0.0048459769
2025-06-27 10:00:00,-0.005907895
2025-06-27 11:00:00,0.0003677147
2025-06-27 12:00:00,-0.0070098055
2025-06-27 13:00:00,-0.0009465995
2025-06-27 14:00:00,-0.0017308885
2025-06-27 15:00:00,0.0062910098
2025-06-27 16:00:00,-0.0021336843
2025-06-27 17:00:00,-0.0115264336
2025-06-27 18:00:00,-0.0045812416
2025-06-27 19:00:00,0.0074856875
2025-06-27 20:00:00,0.0056189207
2025-06-27 21:00:00,-0.0026402656
2025-06-27 22:00:00,0.0012384925
2025-06-27 23:00:00,0.0002062664
2025-06-28 00:00:00,-0.0017752828
2025-06-28 01:00:00,-0.0004546488
2025-06-28 02:00:00,0.0007025519
2025-06-28 03:00:00,0.0005369128
2025-06-28 04:00:00,0.0002889875
2025-06-28 05:00:00,0.0004126945
2025-06-28 06:00:00,0.0018550204
2025-06-28 07:00:00,0.0020160053
2025-06-28 08:00:00,-0.0032935394
2025-06-28 09:00:00,0.0012775341
2025-06-28 10:00:00,-0.0002883328
2025-06-28 11:00:00,0.0004530571
2025-06-28 12:00:00,-0.0004530571
2025-06-28 13:00:00,-0.0013604042
2025-06-28 14:00:00,0.0011956053
2025-06-28 15:00:00,0.0045631207
2025-06-28 16:00:00,-0.0008616976
2025-06-28 17:00:00,0.0037695693
2025-06-28 18:00:00,-0.0027848327
2025-06-28 19:00:00,-0.0017239261
2025-06-28 20:00:00,-0.0013977392
2025-06-28 21:00:00,0.0025883866
2025-06-28 22:00:00,0.0019266644
2025-06-28 23:00:00,-0.0019266644
2025-06-29 00:00:00,0.0012302142
2025-06-29 01:00:00,-0.0040654636
2025-06-29 02:00:00,0.0011104029
2025-06-29 03:00:00,-0.0015631431
2025-06-29 04:00:00,0.0008230114
2025-06-29 05:00:00,0.0017261224
2025-06-29 06:00:00,0.0012311229
2025-06-29 07:00:00,0.0011067162
2025-06-29 08:00:00,0.0015146246
2025-06-29 09:00:00,0.0015940166
2025-06-29 10:00:00,0.0036281404
2025-06-29 11:00:00,0.0023167446
2025-06-29 12:00:00,-0.0029680248
2025-06-29 13:00:00,-0.0033036309
2025-06-29 14:00:00,-0.0025770574
2025-06-29 15:00:00,-0.0013525424
2025-06-29 16:00:00,0.0007379772
2025-06-29 17:00:00,-8.19706e-05
2025-06-29 18:00:00,-0.0004509583
2025-06-29 19:00:00,8.20075e-05
2025-06-29 20:00:00,-0.0022987572
2025-06-29 21:00:00,-0.000411049
2025-06-29 22:00:00,0.0284129596
2025-06-29 23:00:00,-0.0003996962
2025-06-30 00:00:00,0.0072892717
2025-06-30 01:00:00,-0.0032596626
2025-06-30 02:00:00,-0.0040296091
2025-06-30 03:00:00,-7.99584e-05
2025-06-30 04:00:00,-0.0018408105
2025-06-30 05:00:00,0.0029197101
2025-06-30 06:00:00,-0.0148061445
2025-06-30 07:00:00,0.0056586384
2025-06-30 08:00:00,-0.0051723557
2025-06-30 09:00:00,-0.0062994254
2025-06-30 10:00:00,0.0018736513
2025-06-30 11:00:00,0.0011794133
2025-06-30 12:00:00,0.0001219289
2025-06-30 13:00:00,0.0008936914
2025-06-30 14:00:00,-0.0098748099
2025-06-30 15:00:00,0.014977895
2025-06-30 16:00:00,0.0004038935
2025-06-30 17:00:00,0.0048742267
2025-06-30 18:00:00,-0.0008040201
2025-06-30 19:00:00,0.0122710735
2025-06-30 20:00:00,-0.0053375948
2025-06-30 21:00:00,-0.0060892745
2025-06-30 22:00:00,0.001204771
2025-06-30 23:00:00,-0.0022500813
2025-07-01 00:00:00,0.0033331356
2025-07-01 01:00:00,-0.0020869294
2025-07-01 02:00:00,-0.0018497673
2025-07-01 03:00:00,0.0006437855
2025-07-01 04:00:00,-0.009781808
2025-07-01 05:00:00,8.12348e-05
2025-07-01 06:00:00,-0.0007313506
2025-07-01 07:00:00,0.002111333
2025-07-01 08:00:00,-0.0046345314
2025-07-01 09:00:00,0.0014251687
2025-07-01 10:00:00,-0.0004069838
2025-07-01 11:00:00,-0.002894358
2025-07-01 12:00:00,-0.0045828469
2025-07-01 13:00:00,0.0026622448
2025-07-01 14:00:00,-0.0099478767
2025-07-01 15:00:00,0.0015273796
2025-07-01 16:00:00,0.0002887015
2025-07-01 17:00:00,0.0031702272
2025-07-01 18:00:00,-0.0090845899
2025-07-01 19:00:00,-0.0030327603
2025-07-01 20:00:00,0.0053530431
2025-07-01 21:00:00,-0.003523977
2025-07-01 22:00:00,-0.0026199254
2025-07-01 23:00:00,0.0017473794
2025-07-02 00:00:00,-0.0029139976
2025-07-02 01:00:00,0.0053220366
2025-07-02 02:00:00,0.0029812452
2025-07-02 03:00:00,0.0051136241
2025-07-02 04:00:00,0.0034492705
2025-07-02 05:00:00,0.0024565007
2025-07-02 06:00:00,0.0028175359
2025-07-02 07:00:00,-0.0015507042
2025-07-02 08:00:00,0.0005307747
2025-07-02 09:00:00,-0.0006941467
2025-07-02 10:00:00,0.0025700139
2025-07-02 11:00:00,-0.0032646428
2025-07-02 12:00:00,-0.0029883151
2025-07-02 13:00:00,0.0047851873
2025-07-02 14:00:00,0.0080462073
2025-07-02 15:00:00,0.0120691814
2025-07-02 16:00:00,0.0240613706
2025-07-02 17:00:00,0.0021837476
2025-07-02 18:00:00,0.0063292579
2025-07-02 19:00:00,0.0092468391
2025-07-02 20:00:00,-0.0062322276
2025-07-02 21:00:00,0.0024667579
2025-07-02 22:00:00,-0.0013868025
2025-07-02 23:00:00,-0.0087502494
2025-07-03 00:00:00,0.0012436362
2025-07-03 01:00:00,0.0031410593
2025-07-03 02:00:00,-0.0055130784
2025-07-03 03:00:00,-0.0024166841
2025-07-03 04:00:00,0.0021051819
2025-07-03 05:00:00,0.0086083745
2025-07-03 06:00:00,0.0040074036
2025-07-03 07:00:00,0.0003075977
2025-07-03 08:00:00,-0.0045080701
2025-07-03 09:00:00,0.0038927802
2025-07-03 10:00:00,-0.0001538817
2025-07-03 11:00:00,-0.0003463203
2025-07-03 12:00:00,-0.0032381201
2025-07-03 13:00:00,0.0136520892
2025-07-03 14:00:00,-0.0109144214
2025-07-03 15:00:00,-0.0101397982
2025-07-03 16:00:00,0.0011662716
2025-07-03 17:00:00,0.0017468609
2025-07-03 18:00:00,0.0031366804
2025-07-03 19:00:00,0.0003479135
2025-07-03 20:00:00,0.0043194945
2025-07-03 21:00:00,-0.0010781257
2025-07-03 22:00:00,-0.0004238676
2025-07-03 23:00:00,-0.0010025837
2025-07-04 00:00:00,-0.0010035898
2025-07-04 01:00:00,0.0006563073
2025-07-04 02:00:00,-0.0057282349
2025-07-04 03:00:00,0.0011637832
2025-07-04 04:00:00,-0.002678729
2025-07-04 05:00:00,-0.0008945066
2025-07-04 06:00:00,-0.0040938124
2025-07-04 07:00:00,-0.0093023927
2025-07-04 08:00:00,0.0048386239
2025-07-04 09:00:00,0.0016860435
2025-07-04 10:00:00,-0.0013721457
2025-07-04 11:00:00,0.0006667059
2025-07-04 12:00:00,-0.0006274756
2025-07-04 13:00:00,-0.0086283852
2025-07-04 14:00:00,-0.0037264662
2025-07-04 15:00:00,-0.0061751954
2025-07-04 16:00:00,-0.0053292855
2025-07-04 17:00:00,0.0034092082
2025-07-04 18:00:00,-0.0050980581
2025-07-04 19:00:00,-0.0005233178
2025-07-04 20:00:00,0.0030956665
2025-07-04 21:00:00,0.0025257094
2025-07-04 22:00:00,0.0094050827
2025-07-04 23:00:00,-0.0049306235
2025-07-05 00:00:00,0.0035016549
2025-07-05 01:00:00,-0.0005960068
2025-07-05 02:00:00,0.001271052
2025-07-05 03:00:00,7.93871e-05
2025-07-05 04:00:00,-0.0007941551
2025-07-05 05:00:00,0.0011909962
2025-07-05 06:00:00,0.0031690725
2025-07-05 07:00:00,-0.0029310434
2025-07-05 08:00:00,-0.001548203
2025-07-05 09:00:00,0.0021826705
2025-07-05 10:00:00,-0.0013884208
2025-07-05 11:00:00,-3.96975e-05
2025-07-05 12:00:00,-7.93997e-05
2025-07-05 13:00:00,-0.0014302744
2025-07-05 14:00:00,0.0017081459
2025-07-05 15:00:00,-0.0042957785
2025-07-05 16:00:00,-0.0010768342
2025-07-05 17:00:00,-0.0005188896
2025-07-05 18:00:00,-0.004521726
2025-07-05 19:00:00,0.0053199061
2025-07-05 20:00:00,0.0001595596
2025-07-05 21:00:00,0.004020466
2025-07-05 22:00:00,0.0010720455
2025-07-05 23:00:00,-0.001151502
2025-07-06 00:00:00,0.0016672625
2025-07-06 01:00:00,-0.000952381
2025-07-06 02:00:00,-0.0018279361
2025-07-06 03:00:00,0.0005566822
2025-07-06 04:00:00,-0.0010340851
2025-07-06 05:00:00,-0.0009156598
2025-07-06 06:00:00,0.0046888745
2025-07-06 07:00:00,-0.001586987
2025-07-06 08:00:00,-0.001788376
2025-07-06 09:00:00,-0.0024692354
2025-07-06 10:00:00,0.0005182483
2025-07-06 11:00:00,0.003143593
2025-07-06 12:00:00,0.0014292523
2025-07-06 13:00:00,0.014846007
2025-07-06 14:00:00,0.0005470887
2025-07-06 15:00:00,-0.0003125855
2025-07-06 16:00:00,-0.0024258561
2025-07-06 17:00:00,-0.0016859113
2025-07-06 18:00:00,-0.0061797839
2025-07-06 19:00:00,0.0035865641
2025-07-06 20:00:00,0.0020437045
2025-07-06 21:00:00,0.0159691806
2025-07-06 22:00:00,-0.0020112949
2025-07-06 23:00:00,-0.0045791535
2025-07-07 00:00:00,-0.0038580746
2025-07-07 01:00:00,0.001404659
2025-07-07 02:00:00,0.0046679977
2025-07-07 03:00:00,0.0003104265
2025-07-07 04:00:00,-0.0014365308
2025-07-07 05:00:00,-0.0015942455
2025-07-07 06:00:00,-0.0014798663
2025-07-07 07:00:00,0.0050536572
2025-07-07 08:00:00,0.002478604
2025-07-07 09:00:00,-0.0048467554
2025-07-07 10:00:00,-0.0053782428
2025-07-07 11:00:00,0.0017179451
2025-07-07 12:00:00,-0.0057118421
2025-07-07 13:00:00,0.0066866341
2025-07-07 14:00:00,-0.0133787821
2025-07-07 15:00:00,0.0008685697
2025-07-07 16:00:00,-0.0041126284
2025-07-07 17:00:00,0.0037179175
2025-07-07 18:00:00,0.0044118877
2025-07-07 19:00:00,0.0
2025-07-07 20:00:00,-0.0041355737
2025-07-07 21:00:00,0.0026014993
2025-07-07 22:00:00,-0.0014970063
2025-07-07 23:00:00,0.0024020015
2025-07-08 00:00:00,-0.0007869059
2025-07-08 01:00:00,-0.0052487344
2025-07-08 02:00:00,0.0003560479
2025-07-08 03:00:00,0.0041051609
2025-07-08 04:00:00,0.0020462781
2025-07-08 05:00:00,0.0033358874
2025-07-08 06:00:00,0.0028170135
2025-07-08 07:00:00,-0.0023469598
2025-07-08 08:00:00,-0.0026665637
2025-07-08 09:00:00,0.0022356896
2025-07-08 10:00:00,0.0053921125
2025-07-08 11:00:00,0.0035786564
2025-07-08 12:00:00,0.0030240786
2025-07-08 13:00:00,0.0025130984
2025-07-08 14:00:00,-0.0098175058
2025-07-08 15:00:00,0.0003119152
2025-07-08 16:00:00,0.0044730622
2025-07-08 17:00:00,0.0154426868
2025-07-08 18:00:00,0.0035857372
2025-07-08 19:00:00,-0.0053834389
2025-07-08 20:00:00,-0.0050277399
2025-07-08 21:00:00,0.0043000911
2025-07-08 22:00:00,0.0005362136
2025-07-08 23:00:00,0.0017215988
2025-07-09 00:00:00,-0.0013004898
2025-07-09 01:00:00,-0.0026444396
2025-07-09 02:00:00,-0.0008062195
2025-07-09 03:00:00,-0.0042337066
2025-07-09 04:00:00,0.003849564
2025-07-09 05:00:00,0.0103204035
2025-07-09 06:00:00,0.0008742422
2025-07-09 07:00:00,-0.0024345721
2025-07-09 08:00:00,-0.0053080911
2025-07-09 09:00:00,0.000229709
2025-07-09 10:00:00,0.0023705754
2025-07-09 11:00:00,0.0031266707
2025-07-09 12:00:00,0.0127857696
2025-07-09 13:00:00,-0.0019940936
2025-07-09 14:00:00,-0.0046810203
2025-07-09 15:00:00,0.0057349991
2025-07-09 16:00:00,0.0037551678
2025-07-09 17:00:00,-0.0018382703
2025-07-09 18:00:00,0.020736529
2025-07-09 19:00:00,0.0163791576
2025-07-09 20:00:00,-0.0089041311
2025-07-09 21:00:00,0.0058239163
2025-07-09 22:00:00,0.0092482867
2025-07-09 23:00:00,-0.0039633979
2025-07-10 00:00:00,-0.0042691816
2025-07-10 01:00:00,0.0061447457
2025-07-10 02:00:00,0.0034892749
2025-07-10 03:00:00,-0.002588812
2025-07-10 04:00:00,0.0008636822
2025-07-10 05:00:00,0.0010066874
2025-07-10 06:00:00,0.0051613018
2025-07-10 07:00:00,-0.0017891013
2025-07-10 08:00:00,-0.0010391473
2025-07-10 09:00:00,-0.0037714885
2025-07-10 10:00:00,0.0024441102
2025-07-10 11:00:00,-0.0020483342
2025-07-10 12:00:00,-0.0002158584
2025-07-10 13:00:00,0.0019051391
2025-07-10 14:00:00,-0.0024089899
2025-07-10 15:00:00,-0.0027035325
2025-07-10 16:00:00,0.0139792233
2025-07-10 17:00:00,0.0080828574
2025-07-10 18:00:00,-0.0067667167
2025-07-10 19:00:00,0.0019532297
2025-07-10 20:00:00,0.0008511242
2025-07-10 21:00:00,0.0530853778
2025-07-10 22:00:00,-0.0004034698
2025-07-10 23:00:00,-0.0075953578
2025-07-11 00:00:00,-0.0046191027
2025-07-11 01:00:00,0.006379607
2025-07-11 02:00:00,0.0033431859
2025-07-11 03:00:00,0.0014149516
2025-07-11 04:00:00,0.0001346529
2025-07-11 05:00:00,0.0119453347
2025-07-11 06:00:00,-0.0054697798
2025-07-11 07:00:00,-0.0061053527
2025-07-11 08:00:00,0.0108764019
2025-07-11 09:00:00,0.0038535693
2025-07-11 10:00:00,-0.0039867162
2025-07-11 11:00:00,-0.0060770163
2025-07-11 12:00:00,0.0004018216
2025-07-11 13:00:00,0.0052423447
2025-07-11 14:00:00,-0.004338836
2025-07-11 15:00:00,-0.0126901412
2025-07-11 16:00:00,0.0060453755
2025-07-11 17:00:00,0.0080486031
2025-07-11 18:00:00,0.0009347979
2025-07-11 19:00:00,0.0043287228
2025-07-11 20:00:00,-0.0110251017
2025-07-11 21:00:00,-0.0027922173
2025-07-11 22:00:00,-0.0056418116
2025-07-11 23:00:00,0.0025714783
2025-07-12 00:00:00,-0.0017925698
2025-07-12 01:00:00,0.0020628674
2025-07-12 02:00:00,-0.0005406684
2025-07-12 03:00:00,0.0030037654
2025-07-12 04:00:00,-0.0048984102
2025-07-12 05:00:00,0.0004739978
2025-07-12 06:00:00,0.0024003933
2025-07-12 07:00:00,0.0011137174
2025-07-12 08:00:00,0.0012809278
2025-07-12 09:00:00,0.0022880995
2025-07-12 10:00:00,0.0006047981
2025-07-12 11:00:00,-0.0041063673
2025-07-12 12:00:00,-0.0067684444
2025-07-12 13:00:00,-0.0013592037
2025-07-12 14:00:00,-0.003883897
2025-07-12 15:00:00,-0.0042760691
2025-07-12 16:00:00,0.0029780774
2025-07-12 17:00:00,0.0058277408
2025-07-12 18:00:00,0.0002038667
2025-07-12 19:00:00,-0.0004417637
2025-07-12 20:00:00,-0.0077454964
2025-07-12 21:00:00,0.006793342
2025-07-12 22:00:00,0.0
2025-07-12 23:00:00,0.0016656756
2025-07-13 00:00:00,0.0006451285
2025-07-13 01:00:00,0.0017634895
2025-07-13 02:00:00,0.0013882542
2025-07-13 03:00:00,0.0001691675
2025-07-13 04:00:00,0.001352311
2025-07-13 05:00:00,-0.0025709564
2025-07-13 06:00:00,0.0030776019
2025-07-13 07:00:00,0.0010799866
2025-07-13 08:00:00,-0.0025668752
2025-07-13 09:00:00,-0.0029465078
2025-07-13 10:00:00,0.0006442316
2025-07-13 11:00:00,0.0055098421
2025-07-13 12:00:00,0.0063844303
2025-07-13 13:00:00,0.0019408385
2025-07-13 14:00:00,-0.0006688292
2025-07-13 15:00:00,0.0017714204
2025-07-13 16:00:00,-0.0063313613
2025-07-13 17:00:00,0.0059639659
2025-07-13 18:00:00,0.0005677359
2025-07-13 19:00:00,-0.0015035336
2025-07-13 20:00:00,0.0009023914
2025-07-13 21:00:00,-0.0087237166
2025-07-13 22:00:00,-0.0023279755
2025-07-13 23:00:00,0.0044487957
2025-07-14 00:00:00,0.0010083357
2025-07-14 01:00:00,-0.000369605
2025-07-14 02:00:00,0.0084998671
2025-07-14 03:00:00,0.012352582
2025-07-14 04:00:00,0.0055469085
2025-07-14 05:00:00,-0.0048559712
2025-07-14 06:00:00,-0.0051110526
2025-07-14 07:00:00,0.0067542223
2025-07-14 08:00:00,-0.0014458467
2025-07-14 09:00:00,0.0016100153
2025-07-14 10:00:00,0.0069034611
2025-07-14 11:00:00,-0.0045751714
2025-07-14 12:00:00,-0.0007864212
2025-07-14 13:00:00,0.0023247068
2025-07-14 14:00:00,-0.0087374094
2025-07-14 15:00:00,-0.005922953
2025-07-14 16:00:00,0.0040076231
2025-07-14 17:00:00,-0.005834593
2025-07-14 18:00:00,-0.0058353923
2025-07-14 19:00:00,0.0027051866
2025-07-14 20:00:00,0.0023652092
2025-07-14 21:00:00,0.0021604382
2025-07-14 22:00:00,0.0009623841
2025-07-14 23:00:00,-3.31702e-05
2025-07-15 00:00:00,-0.0068566372
2025-07-15 01:00:00,-0.0061643801
2025-07-15 02:00:00,-0.0002688805
2025-07-15 03:00:00,-0.0076936435
2025-07-15 04:00:00,0.0057757748
2025-07-15 05:00:00,0.0020187074
2025-07-15 06:00:00,0.0034224776
2025-07-15 07:00:00,-0.0025489684
2025-07-15 08:00:00,-0.0016132288
2025-07-15 09:00:00,-3.36366e-05
2025-07-15 10:00:00,0.0004708098
2025-07-15 11:00:00,0.0020488025
2025-07-15 12:00:00,0.0066214334
2025-07-15 13:00:00,0.0168560028
2025-07-15 14:00:00,-0.0246188738
2025-07-15 15:00:00,0.0198882474
2025-07-15 16:00:00,0.0038125334
2025-07-15 17:00:00,0.0160107553
2025-07-15 18:00:00,-0.0103516898
2025-07-15 19:00:00,-0.0080895196
2025-07-15 20:00:00,0.0002301609
2025-07-15 21:00:00,0.0127727339
2025-07-15 22:00:00,0.0045662919
2025-07-15 23:00:00,0.0144672045
2025-07-16 00:00:00,0.0011140289
2025-07-16 01:00:00,-0.0009866485
2025-07-16 02:00:00,-0.0083778829
2025-07-16 03:00:00,0.0004494526
2025-07-16 04:00:00,0.0043556308
2025-07-16 05:00:00,0.0043367415
2025-07-16 06:00:00,0.0070073372
2025-07-16 07:00:00,-0.0003476227
2025-07-16 08:00:00,0.0001896274
2025-07-16 09:00:00,-0.000505753
2025-07-16 10:00:00,-0.0054212703
2025-07-16 11:00:00,0.0016834219
2025-07-16 12:00:00,0.0047806838
2025-07-16 13:00:00,0.0097123235
2025-07-16 14:00:00,0.0172110613
2025-07-16 15:00:00,-0.0019696556
2025-07-16 16:00:00,0.0128252014
2025-07-16 17:00:00,0.0087511346
2025-07-16 18:00:00,0.0057118962
2025-07-16 19:00:00,0.0144636769
2025-07-16 20:00:00,-0.0008276433
2025-07-16 21:00:00,-0.0021313764
2025-07-16 22:00:00,-0.0031164231
2025-07-16 23:00:00,0.0027311066
2025-07-17 00:00:00,0.0017475531
2025-07-17 01:00:00,-0.0115487785
2025-07-17 02:00:00,0.002660888
2025-07-17 03:00:00,-0.0049687312
2025-07-17 04:00:00,0.0059237271
2025-07-17 05:00:00,0.006689187
2025-07-17 06:00:00,0.0199484452
2025-07-17 07:00:00,0.0018281806
2025-07-17 08:00:00,0.000202925
2025-07-17 09:00:00,0.005175142
2025-07-17 10:00:00,-0.0023963172
2025-07-17 11:00:00,-0.0069907027
2025-07-17 12:00:00,-0.0023897659
2025-07-17 13:00:00,-0.0074095022
2025-07-17 14:00:00,0.0074970334
2025-07-17 15:00:00,-0.001605957
2025-07-17 16:00:00,-0.0078919598
2025-07-17 17:00:00,0.0091185597
2025-07-17 18:00:00,0.0008460608
2025-07-17 19:00:00,-0.0040617796
2025-07-17 20:00:00,0.0009658019
2025-07-17 21:00:00,0.0152408785
2025-07-17 22:00:00,-0.0005187171
2025-07-17 23:00:00,0.003108274
2025-07-18 00:00:00,0.0176027787
2025-07-18 01:00:00,0.0213139537
2025-07-18 02:00:00,-0.0035717785
2025-07-18 03:00:00,-0.0015823008
2025-07-18 04:00:00,0.0063142363
2025-07-18 05:00:00,0.0134911147
2025-07-18 06:00:00,-0.0047504731
2025-07-18 07:00:00,-0.0132229689
2025-07-18 08:00:00,-5.54631e-05
2025-07-18 09:00:00,0.0048414187
2025-07-18 10:00:00,-0.0009940359
2025-07-18 11:00:00,-0.0020187223
2025-07-18 12:00:00,0.0074462561
2025-07-18 13:00:00,0.0005493751
2025-07-18 14:00:00,-0.0148564834
2025-07-18 15:00:00,-0.0061227249
2025-07-18 16:00:00,0.0019331257
2025-07-18 17:00:00,0.0081674066
2025-07-18 18:00:00,-0.0083913457
2025-07-18 19:00:00,-0.0048549915
2025-07-18 20:00:00,-0.009298449
2025-07-18 21:00:00,0.0103668852
2025-07-18 22:00:00,-0.0054101403
2025-07-18 23:00:00,0.0027369062
2025-07-19 00:00:00,-0.0068138066
2025-07-19 01:00:00,0.0065319974
2025-07-19 02:00:00,0.0064616042
2025-07-19 03:00:00,0.0067817683
2025-07-19 04:00:00,-0.0010018089
2025-07-19 05:00:00,-0.0007241533
2025-07-19 06:00:00,-0.0049157991
2025-07-19 07:00:00,0.0007556993
2025-07-19 08:00:00,-0.0050206963
2025-07-19 09:00:00,0.0011803059
2025-07-19 10:00:00,-0.0003089931
2025-07-19 11:00:00,-0.0012369281
2025-07-19 12:00:00,0.002360082
2025-07-19 13:00:00,-0.0010388736
2025-07-19 14:00:00,-0.0074722958
2025-07-19 15:00:00,0.0060385635
2025-07-19 16:00:00,0.0019954196
2025-07-19 17:00:00,-0.0047562181
2025-07-19 18:00:00,0.0027045317
2025-07-19 19:00:00,0.0071485944
2025-07-19 20:00:00,-0.0038062233
2025-07-19 21:00:00,0.002240709
2025-07-19 22:00:00,0.001314079
2025-07-19 23:00:00,0.004154532
2025-07-20 00:00:00,-0.0004452979
2025-07-20 01:00:00,0.004000561
2025-07-20 02:00:00,0.0032663485
2025-07-20 03:00:00,0.0111029805
2025-07-20 04:00:00,-0.0006561501
2025-07-20 05:00:00,-0.0021628734
2025-07-20 06:00:00,0.0017252007
2025-07-20 07:00:00,0.0044498511
2025-07-20 08:00:00,0.011402385
2025-07-20 09:00:00,-0.0007812816
2025-07-20 10:00:00,-0.0020503973
2025-07-20 11:00:00,0.0148508292
2025-07-20 12:00:00,-0.0023976355
2025-07-20 13:00:00,0.0003200171
2025-07-20 14:00:00,0.0048676134
2025-07-20 15:00:00,0.0049232498
2025-07-20 16:00:00,0.0061595351
2025-07-20 17:00:00,-0.0187272879
2025-07-20 18:00:00,0.0031767669
2025-07-20 19:00:00,-0.0003998774
2025-07-20 20:00:00,-0.0023491735
2025-07-20 21:00:00,0.0081715676
2025-07-20 22:00:00,-0.0060890678
2025-07-20 23:00:00,0.0024241145
2025-07-21 00:00:00,-0.0026375047
2025-07-21 01:00:00,-0.005698326
2025-07-21 02:00:00,0.0050311879
2025-07-21 03:00:00,0.003570671
2025-07-21 04:00:00,0.0011431155
2025-07-21 05:00:00,0.0054582685
2025-07-21 06:00:00,0.0009508215
2025-07-21 07:00:00,0.0
2025-07-21 08:00:00,-0.0026698756
2025-07-21 09:00:00,-0.001165347
2025-07-21 10:00:00,0.0104133281
2025-07-21 11:00:00,-0.00118087
2025-07-21 12:00:00,0.0008923417
2025-07-21 13:00:00,0.0020179526
2025-07-21 14:00:00,0.0064718389
2025-07-21 15:00:00,-0.0083848624
2025-07-21 16:00:00,-0.0102032286
2025-07-21 17:00:00,-0.0005831677
2025-07-21 18:00:00,-0.0082537277
2025-07-21 19:00:00,-0.0006418485
2025-07-21 20:00:00,0.0057086612
2025-07-21 21:00:00,-0.0017304958
2025-07-21 22:00:00,0.0026610623
2025-07-21 23:00:00,0.0001062953
2025-07-22 00:00:00,-0.0048479132
2025-07-22 01:00:00,0.0134205282
2025-07-22 02:00:00,-0.0149169344
2025-07-22 03:00:00,-0.002382834
2025-07-22 04:00:00,-0.0203361959
2025-07-22 05:00:00,0.0094748728
2025-07-22 06:00:00,-0.000216808
2025-07-22 07:00:00,-0.0033121603
2025-07-22 08:00:00,-0.0072598572
2025-07-22 09:00:00,0.0028720325
2025-07-22 10:00:00,0.0105148297
2025-07-22 11:00:00,0.0022407914
2025-07-22 12:00:00,-0.0014032818
2025-07-22 13:00:00,-0.0146627401
2025-07-22 14:00:00,0.0151487143
2025-07-22 15:00:00,0.0034490226
2025-07-22 16:00:00,0.0004302926
2025-07-22 17:00:00,-0.0046083652
2025-07-22 18:00:00,0.0027514044
2025-07-22 19:00:00,-0.0108606931
2025-07-22 20:00:00,0.0097826131
2025-07-22 21:00:00,-0.0002427283
2025-07-22 22:00:00,0.0037422473
2025-07-22 23:00:00,0.0072293343
2025-07-23 00:00:00,-0.0056182929
2025-07-23 01:00:00,0.0035886487
2025-07-23 02:00:00,0.0016026929
2025-07-23 03:00:00,-0.0044940289
2025-07-23 04:00:00,0.0019820019
2025-07-23 05:00:00,-0.0057694274
2025-07-23 06:00:00,-0.00485595
2025-07-23 07:00:00,-0.0058856406
2025-07-23 08:00:00,0.0048845447
2025-07-23 09:00:00,-0.0090552496
2025-07-23 10:00:00,0.0019103245
2025-07-23 11:00:00,0.0017433946
2025-07-23 12:00:00,-0.008363218
2025-07-23 13:00:00,-0.0146807353
2025-07-23 14:00:00,0.0077404706
2025-07-23 15:00:00,0.0076810156
2025-07-23 16:00:00,-0.0202234163
2025-07-23 17:00:00,0.0043283462
2025-07-23 18:00:00,0.0046980419
2025-07-23 19:00:00,-0.0047537723
2025-07-23 20:00:00,-0.0051965585
2025-07-23 21:00:00,0.0053080164
2025-07-23 22:00:00,0.0061111301
2025-07-23 23:00:00,0.0053305472
2025-07-24 00:00:00,0.0048089567
2025-07-24 01:00:00,0.0003837193
2025-07-24 02:00:00,0.0002192021
2025-07-24 03:00:00,-0.0020569085
2025-07-24 04:00:00,-0.0079104088
2025-07-24 05:00:00,-0.0152802438
2025-07-24 06:00:00,-0.003405624
2025-07-24 07:00:00,0.0134978246
2025-07-24 08:00:00,0.0110373038
2025-07-24 09:00:00,0.0009074286
2025-07-24 10:00:00,-0.0041865266
2025-07-24 11:00:00,0.0094498409
2025-07-24 12:00:00,-0.0036429913
2025-07-24 13:00:00,-0.0034635401
2025-07-24 14:00:00,0.0290378873
2025-07-24 15:00:00,-0.0016329594
2025-07-24 16:00:00,-0.011804158
2025-07-24 17:00:00,0.0101416918
2025-07-24 18:00:00,0.0043914919
2025-07-24 19:00:00,-0.0016579317
2025-07-24 20:00:00,0.0002943498
2025-07-24 21:00:00,-0.0024913285
2025-07-24 22:00:00,-0.0003755768
2025-07-24 23:00:00,-0.0050841412
2025-07-25 00:00:00,-0.012728999
2025-07-25 01:00:00,0.0064526014
2025-07-25 02:00:00,-0.0184054275
2025-07-25 03:00:00,-0.0058496722
2025-07-25 04:00:00,0.0144097894
2025-07-25 05:00:00,-0.0039544195
2025-07-25 06:00:00,-0.0003302419
2025-07-25 07:00:00,-0.0001101049
2025-07-25 08:00:00,0.0090431396
2025-07-25 09:00:00,0.016986695
2025-07-25 10:00:00,-0.0022285777
2025-07-25 11:00:00,0.0005643265
2025-07-25 12:00:00,-0.0047124806
2025-07-25 13:00:00,0.000296868
2025-07-25 14:00:00,-0.0209139059
2025-07-25 15:00:00,0.0012116541
2025-07-25 16:00:00,0.0021992531
2025-07-25 17:00:00,-0.001099022
2025-07-25 18:00:00,0.0037043685
2025-07-25 19:00:00,-0.0020837339
2025-07-25 20:00:00,0.011759866
2025-07-25 21:00:00,0.0090728062
2025-07-25 22:00:00,0.0002150191
2025-07-25 23:00:00,0.0012891445
2025-07-26 00:00:00,0.0001610263
2025-07-26 01:00:00,-0.0063263237
2025-07-26 02:00:00,0.0108245641
2025-07-26 03:00:00,-0.0007215682
2025-07-26 04:00:00,0.0023231916
2025-07-26 05:00:00,0.0004000053
2025-07-26 06:00:00,-0.0027231969
2025-07-26 07:00:00,0.0006948528
2025-07-26 08:00:00,0.0053289407
2025-07-26 09:00:00,-0.0007443443
2025-07-26 10:00:00,-0.0001595745
2025-07-26 11:00:00,-0.0050931406
2025-07-26 12:00:00,0.0009352413
2025-07-26 13:00:00,0.0003204529
2025-07-26 14:00:00,-0.0041471077
2025-07-26 15:00:00,0.0015538353
2025-07-26 16:00:00,-0.001607459
2025-07-26 17:00:00,-0.0011536038
2025-07-26 18:00:00,0.004339215
2025-07-26 19:00:00,0.0028290827
2025-07-26 20:00:00,-0.0013601634
2025-07-26 21:00:00,0.0041281103
2025-07-26 22:00:00,-0.0028212517
2025-07-26 23:00:00,-0.0027490509
2025-07-27 00:00:00,0.0039477245
2025-07-27 01:00:00,0.0003992388
2025-07-27 02:00:00,0.0075289982
2025-07-27 03:00:00,-0.002697558
2025-07-27 04:00:00,0.0045709836
2025-07-27 05:00:00,-0.0003691302
2025-07-27 06:00:00,-0.0046786493
2025-07-27 07:00:00,-0.0010338384
2025-07-27 08:00:00,0.000477289
2025-07-27 09:00:00,-0.0019105244
2025-07-27 10:00:00,0.0141883759
2025-07-27 11:00:00,-0.000681074
2025-07-27 12:00:00,0.0029566854
2025-07-27 13:00:00,-0.0040578628
2025-07-27 14:00:00,-0.0002623639
2025-07-27 15:00:00,0.0023588007
2025-07-27 16:00:00,-0.001047669
2025-07-27 17:00:00,0.0061133508
2025-07-27 18:00:00,0.0026011876
2025-07-27 19:00:00,-0.0050785988
2025-07-27 20:00:00,-0.0013586604
2025-07-27 21:00:00,0.0034713648
2025-07-27 22:00:00,0.0071913806
2025-07-27 23:00:00,0.0021447868
2025-07-28 00:00:00,-0.0027399402
2025-07-28 01:00:00,-0.0033705858
2025-07-28 02:00:00,0.0088687218
2025-07-28 03:00:00,-0.0010817494
2025-07-28 04:00:00,0.0055508584
2025-07-28 05:00:00,0.0073535375
2025-07-28 06:00:00,-0.0043851892
2025-07-28 07:00:00,-0.0050463112
2025-07-28 08:00:00,-0.0003595921
2025-07-28 09:00:00,0.0006163645
2025-07-28 10:00:00,-0.0017216352
2025-07-28 11:00:00,-0.0023946557
2025-07-28 12:00:00,-0.0021678547
2025-07-28 13:00:00,-0.0071822439
2025-07-28 14:00:00,-0.0161065336
2025-07-28 15:00:00,0.0071146545
2025-07-28 16:00:00,-5.25155e-05
2025-07-28 17:00:00,-0.0067712915
2025-07-28 18:00:00,0.0
2025-07-28 19:00:00,0.0039313516
2025-07-28 20:00:00,-0.0023200031
2025-07-28 21:00:00,0.0003166812
2025-07-28 22:00:00,-0.0007918911
2025-07-28 23:00:00,0.0028742093
2025-07-29 00:00:00,-0.0045921276
2025-07-29 01:00:00,-0.0057566712
2025-07-29 02:00:00,0.000266014
2025-07-29 03:00:00,0.0086071586
2025-07-29 04:00:00,-0.0035133636
2025-07-29 05:00:00,0.0073822477
2025-07-29 06:00:00,0.0055795092
2025-07-29 07:00:00,0.0126411464
2025-07-29 08:00:00,-0.00131635
2025-07-29 09:00:00,7.74803e-05
2025-07-29 10:00:00,-0.0112194399
2025-07-29 11:00:00,-0.000888378
2025-07-29 12:00:00,0.0073185986
2025-07-29 13:00:00,-0.003926111
2025-07-29 14:00:00,-0.0147758144
2025-07-29 15:00:00,-0.005381702
2025-07-29 16:00:00,-0.0030083217
2025-07-29 17:00:00,0.0050265395
2025-07-29 18:00:00,0.0001061092
2025-07-29 19:00:00,-0.0014334256
2025-07-29 20:00:00,-0.0001328286
2025-07-29 21:00:00,0.0042946966
2025-07-29 22:00:00,0.0029320499
2025-07-29 23:00:00,0.0005537464
2025-07-30 00:00:00,-0.0050212849
2025-07-30 01:00:00,0.0046257831
2025-07-30 02:00:00,0.0053392376
2025-07-30 03:00:00,0.0012059249
2025-07-30 04:00:00,-0.0023870429
2025-07-30 05:00:00,0.0004988644
2025-07-30 06:00:00,0.0039558361
2025-07-30 07:00:00,-0.003640892
2025-07-30 08:00:00,0.0011539472
2025-07-30 09:00:00,-0.0074189391
2025-07-30 10:00:00,-0.0035181964
2025-07-30 11:00:00,-0.0043287237
2025-07-30 12:00:00,0.0052028149
2025-07-30 13:00:00,-0.0026776617
2025-07-30 14:00:00,0.0142074427
2025-07-30 15:00:00,-0.0060642044
2025-07-30 16:00:00,-0.0003687121
2025-07-30 17:00:00,0.0023942024
2025-07-30 18:00:00,-0.0179239076
2025-07-30 19:00:00,0.0062940255
2025-07-30 20:00:00,0.0020980793
2025-07-30 21:00:00,-0.001646222
2025-07-30 22:00:00,0.0003454002
2025-07-30 23:00:00,0.0117782015
2025-07-31 00:00:00,0.0091468036
2025-07-31 01:00:00,-0.0019529985
2025-07-31 02:00:00,0.0068059282
2025-07-31 03:00:00,-0.0002330248
2025-07-31 04:00:00,0.0023019732
2025-07-31 05:00:00,-0.0032346158
2025-07-31 06:00:00,0.0038802853
2025-07-31 07:00:00,-0.002662842
2025-07-31 08:00:00,0.0001035438
2025-07-31 09:00:00,-0.0002588796
2025-07-31 10:00:00,-0.002021564
2025-07-31 11:00:00,-0.0043420112
2025-07-31 12:00:00,-0.0005994813
2025-07-31 13:00:00,-0.0072482099
2025-07-31 14:00:00,-0.0104541607
2025-07-31 15:00:00,0.0052671403
2025-07-31 16:00:00,0.0041359929
2025-07-31 17:00:00,-0.0074412566
2025-07-31 18:00:00,-0.0002913869
2025-07-31 19:00:00,-0.009904498
2025-07-31 20:00:00,-0.0005888336
2025-07-31 21:00:00,-0.001339549
2025-07-31 22:00:00,-0.0051336609
2025-07-31 23:00:00,-0.0034551673
2025-08-01 00:00:00,-0.0043086578
2025-08-01 01:00:00,0.002007597
2025-08-01 02:00:00,0.0071833957
2025-08-01 03:00:00,-0.0029373345
2025-08-01 04:00:00,-0.0063894521
2025-08-01 05:00:00,-0.0017942101
2025-08-01 06:00:00,-0.0034342752
2025-08-01 07:00:00,-0.0033365271
2025-08-01 08:00:00,-0.0113229029
2025-08-01 09:00:00,0.0021863982
2025-08-01 10:00:00,-0.0009403956
2025-08-01 11:00:00,0.0078829547
2025-08-01 12:00:00,0.0055850772
2025-08-01 13:00:00,-0.0180721172
2025-08-01 14:00:00,0.0091319781
2025-08-01 15:00:00,-0.0041405641
2025-08-01 16:00:00,-0.0074964951
2025-08-01 17:00:00,-0.0048050154
2025-08-01 18:00:00,-0.0059825757
2025-08-01 19:00:00,-0.0093684791
2025-08-01 20:00:00,0.0066321134
2025-08-01 21:00:00,-0.0019510546
2025-08-01 22:00:00,-0.0200404071
2025-08-01 23:00:00,0.0070212075
2025-08-02 00:00:00,0.007683886
2025-08-02 01:00:00,0.0007964275
2025-08-02 02:00:00,0.0016193415
2025-08-02 03:00:00,0.0011348163
2025-08-02 04:00:00,0.0016431995
2025-08-02 05:00:00,-0.0039425405
2025-08-02 06:00:00,-0.0110880455
2025-08-02 07:00:00,0.0110596255
2025-08-02 08:00:00,-0.0075885452
2025-08-02 09:00:00,-8.59143e-05
2025-08-02 10:00:00,-0.0004010312
2025-08-02 11:00:00,0.0052294051
2025-08-02 12:00:00,-0.000171023
2025-08-02 13:00:00,-0.0001140316
2025-08-02 14:00:00,-0.0082446362
2025-08-02 15:00:00,-0.0058813524
2025-08-02 16:00:00,0.0035790606
2025-08-02 17:00:00,-0.0139554016
2025-08-02 18:00:00,-0.0119328949
2025-08-02 19:00:00,0.0003251888
2025-08-02 20:00:00,0.0116661378
2025-08-02 21:00:00,-0.0033946947
2025-08-02 22:00:00,0.0002637942
2025-08-02 23:00:00,-0.00573118
2025-08-03 00:00:00,0.0046755852
2025-08-03 01:00:00,0.0022564443
2025-08-03 02:00:00,0.0079303019
2025-08-03 03:00:00,-0.0001452116
2025-08-03 04:00:00,-0.0003195399
2025-08-03 05:00:00,0.0009873389
2025-08-03 06:00:00,-0.0021210764
2025-08-03 07:00:00,0.0051061965
2025-08-03 08:00:00,0.0018214678
2025-08-03 09:00:00,0.0008662009
2025-08-03 10:00:00,0.005899043
2025-08-03 11:00:00,0.0001721319
2025-08-03 12:00:00,0.0010894809
2025-08-03 13:00:00,0.0006588465
2025-08-03 14:00:00,-0.0057148756
2025-08-03 15:00:00,0.0013239317
2025-08-03 16:00:00,0.0053640964
2025-08-03 17:00:00,-0.0015460379
2025-08-03 18:00:00,0.0018606787
2025-08-03 19:00:00,-8.58013e-05
2025-08-03 20:00:00,-0.0010015597
2025-08-03 21:00:00,0.003287079
2025-08-03 22:00:00,-0.000142692
2025-08-03 23:00:00,-0.0017996663
2025-08-04 00:00:00,0.014222891
2025-08-04 01:00:00,-0.0030772295
2025-08-04 02:00:00,0.0099595692
2025-08-04 03:00:00,-0.0042923939
2025-08-04 04:00:00,-0.0049888067
2025-08-04 05:00:00,-0.0012723188
2025-08-04 06:00:00,0.0016678213
2025-08-04 07:00:00,0.0033273209
2025-08-04 08:00:00,-0.0004505139
2025-08-04 09:00:00,-0.0013245595
2025-08-04 10:00:00,0.0026754927
2025-08-04 11:00:00,0.0002249782
2025-08-04 12:00:00,0.0037888933
2025-08-04 13:00:00,0.0144063453
2025-08-04 14:00:00,0.0046830751
2025-08-04 15:00:00,0.0031281753
2025-08-04 16:00:00,0.0099232045
2025-08-04 17:00:00,-0.0009227346
2025-08-04 18:00:00,-0.0022017161
2025-08-04 19:00:00,-0.0010890578
2025-08-04 20:00:00,0.0080040583
2025-08-04 21:00:00,0.0017550259
2025-08-04 22:00:00,0.0066947432
2025-08-04 23:00:00,-0.0028444941
2025-08-05 00:00:00,-0.0063892813
2025-08-05 01:00:00,-0.0046354737
2025-08-05 02:00:00,-0.0001086897
2025-08-05 03:00:00,-0.0077747101
2025-08-05 04:00:00,-0.0004108745
2025-08-05 05:00:00,0.0039101536
2025-08-05 06:00:00,-0.0038279652
2025-08-05 07:00:00,-0.0101601986
2025-08-05 08:00:00,0.0058223926
2025-08-05 09:00:00,0.0070735613
2025-08-05 10:00:00,0.0058566518
2025-08-05 11:00:00,-0.0022024344
2025-08-05 12:00:00,-0.0131519555
2025-08-05 13:00:00,0.006022044
2025-08-05 14:00:00,-0.0193492812
2025-08-05 15:00:00,-0.002210564
2025-08-05 16:00:00,0.0024062013
2025-08-05 17:00:00,0.007378258
2025-08-05 18:00:00,-0.0049220772
2025-08-05 19:00:00,-0.0048343697
2025-08-05 20:00:00,0.0017072731
2025-08-05 21:00:00,-0.0002517095
2025-08-05 22:00:00,0.0060514135
2025-08-05 23:00:00,0.003940181
2025-08-06 00:00:00,-0.0094043708
2025-08-06 01:00:00,0.0041009389
2025-08-06 02:00:00,0.0001113555
2025-08-06 03:00:00,-0.0023410729
2025-08-06 04:00:00,-0.0029340694
2025-08-06 05:00:00,0.0178340903
2025-08-06 06:00:00,-0.0016232207
2025-08-06 07:00:00,0.0020080052
2025-08-06 08:00:00,-0.0046272151
2025-08-06 09:00:00,0.0011588126
2025-08-06 10:00:00,-0.0028442451
2025-08-06 11:00:00,0.0008568862
2025-08-06 12:00:00,-0.0102476701
2025-08-06 13:00:00,0.0057338649
2025-08-06 14:00:00,0.0092823474
2025-08-06 15:00:00,0.0077791561
2025-08-06 16:00:00,-0.005142806
2025-08-06 17:00:00,0.009987803
2025-08-06 18:00:00,-0.0014401589
2025-08-06 19:00:00,0.0019016577
2025-08-06 20:00:00,-0.0023096267
2025-08-06 21:00:00,-0.0013883409
2025-08-06 22:00:00,0.0033722259
2025-08-06 23:00:00,8.14454e-05
2025-08-07 00:00:00,-0.0023918254
2025-08-07 01:00:00,-0.0016340763
2025-08-07 02:00:00,-0.0023741637
2025-08-07 03:00:00,-0.0004919108
2025-08-07 04:00:00,0.0013931193
2025-08-07 05:00:00,0.0071263731
2025-08-07 06:00:00,0.0014895665
2025-08-07 07:00:00,0.0020276579
2025-08-07 08:00:00,0.0052258826
2025-08-07 09:00:00,0.0030046165
2025-08-07 10:00:00,0.0237435222
2025-08-07 11:00:00,0.0012025516
2025-08-07 12:00:00,0.0057833746
2025-08-07 13:00:00,0.0023092002
2025-08-07 14:00:00,-0.0103943728
2025-08-07 15:00:00,0.0053279136
2025-08-07 16:00:00,-0.0057469921
2025-08-07 17:00:00,0.0035304769
2025-08-07 18:00:00,-0.0002349777
2025-08-07 19:00:00,0.0105713897
2025-08-07 20:00:00,0.0012136081
2025-08-07 21:00:00,-0.0006195307
2025-08-07 22:00:00,0.0116549042
2025-08-07 23:00:00,-0.0017626101
2025-08-08 00:00:00,-0.0025600342
2025-08-08 01:00:00,-0.003260719
2025-08-08 02:00:00,0.0014647875
2025-08-08 03:00:00,0.0114893903
2025-08-08 04:00:00,-0.0045799276
2025-08-08 05:00:00,-0.0049084872
2025-08-08 06:00:00,0.0033516297
2025-08-08 07:00:00,0.000153241
2025-08-08 08:00:00,-0.0039919191
2025-08-08 09:00:00,7.69181e-05
2025-08-08 10:00:00,-0.0004872482
2025-08-08 11:00:00,0.0051170637
2025-08-08 12:00:00,-0.0062977014
2025-08-08 13:00:00,0.0269081347
2025-08-08 14:00:00,-0.0039577227
2025-08-08 15:00:00,-0.0072546226
2025-08-08 16:00:00,0.0038102013
2025-08-08 17:00:00,0.015940375
2025-08-08 18:00:00,0.0051177564
2025-08-08 19:00:00,0.0016508769
2025-08-08 20:00:00,-0.0008620584
2025-08-08 21:00:00,-0.0046927571
2025-08-08 22:00:00,-0.0033726008
2025-08-08 23:00:00,-0.003957444
2025-08-09 00:00:00,0.0019682348
2025-08-09 01:00:00,0.0039744693
2025-08-09 02:00:00,-9.91695e-05
2025-08-09 03:00:00,0.0045516467
2025-08-09 04:00:00,0.0074505183
2025-08-09 05:00:00,0.0242503595
2025-08-09 06:00:00,-0.0047215686
2025-08-09 07:00:00,0.0021358556
2025-08-09 08:00:00,0.0045922109
2025-08-09 09:00:00,0.0068964151
2025-08-09 10:00:00,-0.0005689361
2025-08-09 11:00:00,-0.0061365937
2025-08-09 12:00:00,0.0014781264
2025-08-09 13:00:00,-0.007508584
2025-08-09 14:00:00,0.0076753321
2025-08-09 15:00:00,0.0026879499
2025-08-09 16:00:00,-0.0001663004
2025-08-09 17:00:00,0.0063236637
2025-08-09 18:00:00,0.001792707
2025-08-09 19:00:00,0.003998406
2025-08-09 20:00:00,0.0070638612
2025-08-09 21:00:00,-0.002286782
2025-08-09 22:00:00,-0.0033228064
2025-08-09 23:00:00,-0.0008441589
2025-08-10 00:00:00,0.0116843103
2025-08-10 01:00:00,-0.0023910405
2025-08-10 02:00:00,-0.0128418312
2025-08-10 03:00:00,-0.0009185657
2025-08-10 04:00:00,0.002047951
2025-08-10 05:00:00,-0.0072928422
2025-08-10 06:00:00,0.0008523939
2025-08-10 07:00:00,-0.0096076839
2025-08-10 08:00:00,0.0058136928
2025-08-10 09:00:00,0.003841325
2025-08-10 10:00:00,-0.0064580689
2025-08-10 11:00:00,-0.0041054096
2025-08-10 12:00:00,0.0049625525
2025-08-10 13:00:00,-0.0080047261
2025-08-10 14:00:00,0.0123979367
2025-08-10 15:00:00,-0.0003080824
2025-08-10 16:00:00,0.0035962751
2025-08-10 17:00:00,-0.0023408416
2025-08-10 18:00:00,0.0027658611
2025-08-10 19:00:00,0.0033936684
2025-08-10 20:00:00,-0.0077468503
2025-08-10 21:00:00,0.001374245
2025-08-10 22:00:00,0.0065137585
2025-08-10 23:00:00,0.0001411333
2025-08-11 00:00:00,0.0032405805
2025-08-11 01:00:00,0.0094269879
2025-08-11 02:00:00,0.0009053451
2025-08-11 03:00:00,-0.0003016906
2025-08-11 04:00:00,0.0024804417
2025-08-11 05:00:00,-0.0033395982
2025-08-11 06:00:00,-0.0010924263
2025-08-11 07:00:00,-0.0060882634
2025-08-11 08:00:00,0.0017532996
2025-08-11 09:00:00,-0.0038847724
2025-08-11 10:00:00,-0.0067994662
2025-08-11 11:00:00,-0.0122085978
2025-08-11 12:00:00,-0.0003107186
2025-08-11 13:00:00,0.0222688445
2025-08-11 14:00:00,0.0001402623
2025-08-11 15:00:00,0.0120126449
2025-08-11 16:00:00,-0.0039340975
2025-08-11 17:00:00,-0.0043920363
2025-08-11 18:00:00,0.0010474739
2025-08-11 19:00:00,-0.0090912904
2025-08-11 20:00:00,-0.0027271034
2025-08-11 21:00:00,-0.006660865
2025-08-11 22:00:00,0.0002843467
2025-08-11 23:00:00,0.0008052102
2025-08-12 00:00:00,0.0116266696
2025-08-12 01:00:00,-0.0006554001
2025-08-12 02:00:00,0.0050681505
2025-08-12 03:00:00,-0.0014687543
2025-08-12 04:00:00,0.005676546
2025-08-12 05:00:00,-0.005863209
2025-08-12 06:00:00,0.0013525175
2025-08-12 07:00:00,0.0056004329
2025-08-12 08:00:00,-0.0010897415
2025-08-12 09:00:00,-0.0053732931
2025-08-12 10:00:00,-0.0023117078
2025-08-12 11:00:00,0.0030577851
2025-08-12 12:00:00,0.0264492673
2025-08-12 13:00:00,-0.0051201059
2025-08-12 14:00:00,0.0076816814
2025-08-12 15:00:00,0.0127103674
2025-08-12 16:00:00,-0.0012302188
2025-08-12 17:00:00,0.0073809301
2025-08-12 18:00:00,-0.0025582004
2025-08-12 19:00:00,0.0060844457
2025-08-12 20:00:00,0.0225250032
2025-08-12 21:00:00,-0.0076047646
2025-08-12 22:00:00,-0.0020960249
2025-08-12 23:00:00,0.0033166803
2025-08-13 00:00:00,0.0048244183
2025-08-13 01:00:00,-0.005936026
2025-08-13 02:00:00,0.0081016071
2025-08-13 03:00:00,0.0052644192
2025-08-13 04:00:00,0.0056648865
2025-08-13 05:00:00,-0.0085525706
2025-08-13 06:00:00,-0.0024849028
2025-08-13 07:00:00,0.0009082456
2025-08-13 08:00:00,-0.0001729356
2025-08-13 09:00:00,0.0172959444
2025-08-13 10:00:00,-0.0024252235
2025-08-13 11:00:00,-0.0008523515
2025-08-13 12:00:00,-0.0008317428
2025-08-13 13:00:00,-0.0034409463
2025-08-13 14:00:00,-0.0045705782
2025-08-13 15:00:00,0.0033495114
2025-08-13 16:00:00,0.0079635764
2025-08-13 17:00:00,0.0056617728
2025-08-13 18:00:00,-0.0024558593
2025-08-13 19:00:00,0.0049478882
2025-08-13 20:00:00,-0.0040791797
2025-08-13 21:00:00,0.0005716645
2025-08-13 22:00:00,0.0027901096
2025-08-13 23:00:00,0.0029717704
2025-08-14 00:00:00,-0.0067572105
2025-08-14 01:00:00,0.0009529962
2025-08-14 02:00:00,0.0061829544
2025-08-14 03:00:00,0.0048478075
2025-08-14 04:00:00,-0.0031662517
2025-08-14 05:00:00,-0.005517662
2025-08-14 06:00:00,0.0089141766
2025-08-14 07:00:00,-0.0059409649
2025-08-14 08:00:00,-0.0044525644
2025-08-14 09:00:00,0.0071020182
2025-08-14 10:00:00,-0.01097984
2025-08-14 11:00:00,0.0022268182
2025-08-14 12:00:00,-0.0320514731
2025-08-14 13:00:00,0.0098169111
2025-08-14 14:00:00,0.0122922811
2025-08-14 15:00:00,-0.0112963945
2025-08-14 16:00:00,-0.0154609096
2025-08-14 17:00:00,0.0002197368
2025-08-14 18:00:00,-0.0022215633
2025-08-14 19:00:00,6.60582e-05
2025-08-14 20:00:00,-0.0011456269
2025-08-14 21:00:00,-0.0118412808
2025-08-14 22:00:00,0.0114444116
2025-08-14 23:00:00,0.0035881388
2025-08-15 00:00:00,0.0039474601
2025-08-15 01:00:00,0.0085648495
2025-08-15 02:00:00,0.0039849319
2025-08-15 03:00:00,0.002374734
2025-08-15 04:00:00,-0.0019425445
2025-08-15 05:00:00,-0.0010808241
2025-08-15 06:00:00,0.006209593
2025-08-15 07:00:00,-0.001893288
2025-08-15 08:00:00,0.0001076693
2025-08-15 09:00:00,-0.0034295732
2025-08-15 10:00:00,0.0025678941
2025-08-15 11:00:00,-0.0003879979
2025-08-15 12:00:00,-0.0013591795
2025-08-15 13:00:00,-0.0192470822
2025-08-15 14:00:00,-0.0107759902
2025-08-15 15:00:00,-0.014001909
2025-08-15 16:00:00,-0.0031861194
2025-08-15 17:00:00,0.0052820601
2025-08-15 18:00:00,-0.0096824573
2025-08-15 19:00:00,-0.003005193
2025-08-15 20:00:00,0.0095082126
2025-08-15 21:00:00,0.0012865222
2025-08-15 22:00:00,0.0104339407
2025-08-15 23:00:00,-0.008023351
2025-08-16 00:00:00,0.0080679938
2025-08-16 01:00:00,0.0026971919
2025-08-16 02:00:00,-0.0097306408
2025-08-16 03:00:00,-0.0028588492
2025-08-16 04:00:00,0.0047003876
2025-08-16 05:00:00,-0.00716058
2025-08-16 06:00:00,-0.0004068532
2025-08-16 07:00:00,0.0071634835
2025-08-16 08:00:00,-0.0019097482
2025-08-16 09:00:00,-0.0103079714
2025-08-16 10:00:00,0.001589284
2025-08-16 11:00:00,-0.0040007327
2025-08-16 12:00:00,0.0052476864
2025-08-16 13:00:00,-0.0039957371
2025-08-16 14:00:00,0.0045846653
2025-08-16 15:00:00,-0.0026756172
2025-08-16 16:00:00,0.001610763
2025-08-16 17:00:00,-0.0006349207
2025-08-16 18:00:00,0.0007709227
2025-08-16 19:00:00,0.0021735201
2025-08-16 20:00:00,0.0030485419
2025-08-16 21:00:00,-0.0058115376
2025-08-16 22:00:00,0.0046835314
2025-08-16 23:00:00,-0.001332686
2025-08-17 00:00:00,-0.0018778074
2025-08-17 01:00:00,-0.0016318024
2025-08-17 02:00:00,0.0063535345
2025-08-17 03:00:00,0.0042956648
2025-08-17 04:00:00,0.0068661159
2025-08-17 05:00:00,-0.002521788
2025-08-17 06:00:00,-0.0033573602
2025-08-17 07:00:00,0.0023065995
2025-08-17 08:00:00,0.0153162746
2025-08-17 09:00:00,0.0010347979
2025-08-17 10:00:00,0.0059458034
2025-08-17 11:00:00,-0.0037476621
2025-08-17 12:00:00,-0.0022421534
2025-08-17 13:00:00,-0.0012551612
2025-08-17 14:00:00,0.0035631842
2025-08-17 15:00:00,0.0020617207
2025-08-17 16:00:00,-0.0094662237
2025-08-17 17:00:00,0.0012158056
2025-08-17 18:00:00,-0.012292185
2025-08-17 19:00:00,-0.0019476819
2025-08-17 20:00:00,0.0017240032
2025-08-17 21:00:00,0.001988983
2025-08-17 22:00:00,0.0102396417
2025-08-17 23:00:00,-0.010999011
2025-08-18 00:00:00,-0.0015204707
2025-08-18 01:00:00,-0.0151287452
2025-08-18 02:00:00,-0.0170928666
2025-08-18 03:00:00,-0.0006935294
2025-08-18 04:00:00,0.0036241542
2025-08-18 05:00:00,-0.0058003329
2025-08-18 06:00:00,-0.0138387096
2025-08-18 07:00:00,0.0009395186
2025-08-18 08:00:00,0.0005398237
2025-08-18 09:00:00,0.007736666
2025-08-18 10:00:00,-0.0065875776
2025-08-18 11:00:00,0.0023877534
2025-08-18 12:00:00,0.0159123788
2025-08-18 13:00:00,-0.0132271239
2025-08-18 14:00:00,0.010830975
2025-08-18 15:00:00,0.0028332872
2025-08-18 16:00:00,-0.0056977582
2025-08-18 17:00:00,0.005605745
2025-08-18 18:00:00,0.0049337487
2025-08-18 19:00:00,-0.0029802865
2025-08-18 20:00:00,-0.0042565494
2025-08-18 21:00:00,0.0042106294
2025-08-18 22:00:00,-0.0028741929
2025-08-18 23:00:00,-0.0062134238
2025-08-19 00:00:00,0.006351574
2025-08-19 01:00:00,-0.0107403468
2025-08-19 02:00:00,-0.0024932149
2025-08-19 03:00:00,-0.0153518231
2025-08-19 04:00:00,0.0036417852
2025-08-19 05:00:00,-0.0010627872
2025-08-19 06:00:00,0.002855156
2025-08-19 07:00:00,-0.0019340085
2025-08-19 08:00:00,0.0052508391
2025-08-19 09:00:00,0.0057606004
2025-08-19 10:00:00,0.0008169077
2025-08-19 11:00:00,0.005676546
2025-08-19 12:00:00,-0.0009515963
2025-08-19 13:00:00,-0.0033260872
2025-08-19 14:00:00,-0.0235976203
2025-08-19 15:00:00,-0.0002147126
2025-08-19 16:00:00,-0.0118324694
2025-08-19 17:00:00,0.0105671148
2025-08-19 18:00:00,-0.0099637092
2025-08-19 19:00:00,-0.0008690195
2025-08-19 20:00:00,0.0040970823
2025-08-19 21:00:00,-0.0013718579
2025-08-19 22:00:00,-0.0050221029
2025-08-19 23:00:00,-0.0135986889
2025-08-20 00:00:00,0.0072853833
2025-08-20 01:00:00,0.0011442067
2025-08-20 02:00:00,0.0066928811
2025-08-20 03:00:00,0.0007972459
2025-08-20 04:00:00,0.0066910811
2025-08-20 05:00:00,0.0037351893
2025-08-20 06:00:00,-0.0006215635
2025-08-20 07:00:00,0.0007171544
2025-08-20 08:00:00,0.0128923756
2025-08-20 09:00:00,-0.0040895018
2025-08-20 10:00:00,0.0010890153
2025-08-20 11:00:00,-0.0075527625
2025-08-20 12:00:00,0.0023574527
2025-08-20 13:00:00,-0.0162815763
2025-08-20 14:00:00,0.0186097555
2025-08-20 15:00:00,0.0093999417
2025-08-20 16:00:00,0.0111970688
2025-08-20 17:00:00,0.0101990963
2025-08-20 18:00:00,-0.0125496565
2025-08-20 19:00:00,0.0127337168
2025-08-20 20:00:00,0.0018846681
2025-08-20 21:00:00,-0.002206796
2025-08-20 22:00:00,0.0050042572
2025-08-20 23:00:00,-0.0073081933
2025-08-21 00:00:00,-0.0027254896
2025-08-21 01:00:00,0.0021025157
2025-08-21 02:00:00,-0.0090886531
2025-08-21 03:00:00,0.0003493043
2025-08-21 04:00:00,9.31272e-05
2025-08-21 05:00:00,0.0052476494
2025-08-21 06:00:00,-0.0023417857
2025-08-21 07:00:00,0.0007193494
2025-08-21 08:00:00,-0.0058626634
2025-08-21 09:00:00,-0.002102166
2025-08-21 10:00:00,0.0033147396
2025-08-21 11:00:00,-0.0027537298
2025-08-21 12:00:00,-0.0070824151
2025-08-21 13:00:00,0.0029844806
2025-08-21 14:00:00,0.0029989948
2025-08-21 15:00:00,-0.0076558544
2025-08-21 16:00:00,-0.0048444555
2025-08-21 17:00:00,0.0048208809
2025-08-21 18:00:00,0.0047038988
2025-08-21 19:00:00,-0.0089564095
2025-08-21 20:00:00,0.0040167339
2025-08-21 21:00:00,0.0005186355
2025-08-21 22:00:00,0.0021659298
2025-08-21 23:00:00,-0.0065829295
2025-08-22 00:00:00,0.004558399
2025-08-22 01:00:00,0.003011767
2025-08-22 02:00:00,0.0078163792
2025-08-22 03:00:00,-0.0027545011
2025-08-22 04:00:00,0.0004907631
2025-08-22 05:00:00,0.0023103591
2025-08-22 06:00:00,0.0007456427
2025-08-22 07:00:00,0.0080731659
2025-08-22 08:00:00,2.31051e-05
2025-08-22 09:00:00,-0.0001155308
2025-08-22 10:00:00,-0.0076779816
2025-08-22 11:00:00,-0.0049955751
2025-08-22 12:00:00,-0.0068569014
2025-08-22 13:00:00,0.0105942629
2025-08-22 14:00:00,0.0731482696
2025-08-22 15:00:00,0.0003033389
2025-08-22 16:00:00,0.0275418278
2025-08-22 17:00:00,0.0112955296
2025-08-22 18:00:00,-0.0021277935
2025-08-22 19:00:00,0.0091672246
2025-08-22 20:00:00,0.0022735738
2025-08-22 21:00:00,0.0013616672
2025-08-22 22:00:00,-0.0083226848
2025-08-22 23:00:00,0.0040457746
2025-08-23 00:00:00,-0.0049193187
2025-08-23 01:00:00,-0.0060315954
2025-08-23 02:00:00,-0.0136578441
2025-08-23 03:00:00,-0.0044025295
2025-08-23 04:00:00,0.0113812201
2025-08-23 05:00:00,0.0007373156
2025-08-23 06:00:00,-0.0010745553
2025-08-23 07:00:00,-0.0071084331
2025-08-23 08:00:00,0.0015910902
2025-08-23 09:00:00,0.0040405805
2025-08-23 10:00:00,-0.0055255192
2025-08-23 11:00:00,-0.0017848421
2025-08-23 12:00:00,0.0025488003
2025-08-23 13:00:00,0.0005089814
2025-08-23 14:00:00,0.0017793976
2025-08-23 15:00:00,0.0051508421
2025-08-23 16:00:00,-0.0017913409
2025-08-23 17:00:00,0.0016649985
2025-08-23 18:00:00,0.0006315524
2025-08-23 19:00:00,0.0011988518
2025-08-23 20:00:00,-0.0013882756
2025-08-23 21:00:00,-0.0004842462
2025-08-23 22:00:00,0.0065908471
2025-08-23 23:00:00,-0.0006487595
2025-08-24 00:00:00,0.0044074559
2025-08-24 01:00:00,-0.0048890658
2025-08-24 02:00:00,2.09444e-05
2025-08-24 03:00:00,0.0026563774
2025-08-24 04:00:00,0.0010647516
2025-08-24 05:00:00,-0.0023188537
2025-08-24 06:00:00,-0.0044648078
2025-08-24 07:00:00,-0.0005463677
2025-08-24 08:00:00,0.0038601986
2025-08-24 09:00:00,-0.0008588636
2025-08-24 10:00:00,-0.0066865971
2025-08-24 11:00:00,0.0015178668
2025-08-24 12:00:00,0.0014524637
2025-08-24 13:00:00,0.0029615338
2025-08-24 14:00:00,0.0056675149
2025-08-24 15:00:00,0.0005003753
2025-08-24 16:00:00,0.0048655826
2025-08-24 17:00:00,0.0170902145
2025-08-24 18:00:00,0.0059162748
2025-08-24 19:00:00,-0.0249166302
2025-08-24 20:00:00,-0.0052926714
2025-08-24 21:00:00,-2.08927e-05
2025-08-24 22:00:00,-0.0012962036
2025-08-24 23:00:00,-0.0001046058
2025-08-25 00:00:00,-0.0167518
2025-08-25 01:00:00,0.0064258442
2025-08-25 02:00:00,0.0069727797
2025-08-25 03:00:00,-0.0080514715
2025-08-25 04:00:00,-0.0016944131
2025-08-25 05:00:00,-0.002377012
2025-08-25 06:00:00,-0.0165615295
2025-08-25 07:00:00,-0.0083520926
2025-08-25 08:00:00,0.0018717223
2025-08-25 09:00:00,0.0027793478
2025-08-25 10:00:00,-0.015140715
2025-08-25 11:00:00,0.012535303
2025-08-25 12:00:00,0.0100153337
2025-08-25 13:00:00,-0.0037953165
2025-08-25 14:00:00,0.0068469822
2025-08-25 15:00:00,-0.0103098144
2025-08-25 16:00:00,-0.003496621
2025-08-25 17:00:00,-0.0021125771
2025-08-25 18:00:00,-0.0025978293
2025-08-25 19:00:00,-0.0343327922
2025-08-25 20:00:00,-0.0148137352
2025-08-25 21:00:00,-0.0010797028
2025-08-25 22:00:00,0.0096756133
2025-08-25 23:00:00,-0.0034203659
2025-08-26 00:00:00,-0.0107242712
2025-08-26 01:00:00,0.0207469685
2025-08-26 02:00:00,-0.0055330194
2025-08-26 03:00:00,0.0012498723
2025-08-26 04:00:00,0.0071284204
2025-08-26 05:00:00,-0.0006992771
2025-08-26 06:00:00,-0.0038208111
2025-08-26 07:00:00,0.0035499919
2025-08-26 08:00:00,-0.0021918188
2025-08-26 09:00:00,-0.0003167421
2025-08-26 10:00:00,0.0052134584
2025-08-26 11:00:00,-0.0036533428
2025-08-26 12:00:00,0.0161136573
2025-08-26 13:00:00,-0.0049699787
2025-08-26 14:00:00,0.0174745602
2025-08-26 15:00:00,-0.0069399589
2025-08-26 16:00:00,0.0074667483
2025-08-26 17:00:00,-0.0076436299
2025-08-26 18:00:00,0.0059085669
2025-08-26 19:00:00,0.0105177813
2025-08-26 20:00:00,-0.0019377952
2025-08-26 21:00:00,0.0039152615
2025-08-26 22:00:00,-0.0008904623
2025-08-26 23:00:00,-0.0002607732
2025-08-27 00:00:00,-0.0064321523
2025-08-27 01:00:00,-0.0017952933
2025-08-27 02:00:00,0.0034563507
2025-08-27 03:00:00,0.0056835038
2025-08-27 04:00:00,0.0054570395
2025-08-27 05:00:00,-0.0035913673
2025-08-27 06:00:00,-0.0058254702
2025-08-27 07:00:00,-0.0019202659
2025-08-27 08:00:00,0.003728053
2025-08-27 09:00:00,-0.0011757791
2025-08-27 10:00:00,-0.001831742
2025-08-27 11:00:00,0.0060711092
2025-08-27 12:00:00,0.0015607729
2025-08-27 13:00:00,-0.0048202282
2025-08-27 14:00:00,0.0044085941
2025-08-27 15:00:00,0.0093820446
2025-08-27 16:00:00,-0.0054243842
2025-08-27 17:00:00,-0.0001510982
2025-08-27 18:00:00,-0.0086505542
2025-08-27 19:00:00,-0.0054147422
2025-08-27 20:00:00,0.006133047
2025-08-27 21:00:00,-0.0156357691
2025-08-27 22:00:00,8.84037e-05
2025-08-27 23:00:00,-0.0036753351
2025-08-28 00:00:00,-0.0031992207
2025-08-28 01:00:00,0.0051935486
2025-08-28 02:00:00,-0.000885877
2025-08-28 03:00:00,0.0064709421
2025-08-28 04:00:00,0.006298093
2025-08-28 05:00:00,4.37503e-05
2025-08-28 06:00:00,0.0027306008
2025-08-28 07:00:00,0.0028319374
2025-08-28 08:00:00,0.0015650136
2025-08-28 09:00:00,-0.0038953316
2025-08-28 10:00:00,0.0053711544
2025-08-28 11:00:00,-0.0034107112
2025-08-28 12:00:00,0.0011309512
2025-08-28 13:00:00,-0.0058643523
2025-08-28 14:00:00,-0.0013127381
2025-08-28 15:00:00,-0.0136224471
2025-08-28 16:00:00,-0.008961872
2025-08-28 17:00:00,0.0055827393
2025-08-28 18:00:00,-0.0017161647
2025-08-28 19:00:00,-0.009931147
2025-08-28 20:00:00,0.0044509459
2025-08-28 21:00:00,0.0067286129
2025-08-28 22:00:00,0.0039134642
2025-08-28 23:00:00,0.0014192893
2025-08-29 00:00:00,-0.0072282772
2025-08-29 01:00:00,-0.0049901085
2025-08-29 02:00:00,0.0053248739
2025-08-29 03:00:00,0.0020953153
2025-08-29 04:00:00,-0.0030776117
2025-08-29 05:00:00,0.000647531
2025-08-29 06:00:00,-0.0051022802
2025-08-29 07:00:00,-0.0169698848
2025-08-29 08:00:00,-0.0107831361
2025-08-29 09:00:00,0.0008070188
2025-08-29 10:00:00,0.0020492046
2025-08-29 11:00:00,-0.0001380167
2025-08-29 12:00:00,0.0139124336
2025-08-29 13:00:00,-0.0177384691
2025-08-29 14:00:00,-0.0110762647
2025-08-29 15:00:00,0.0080233922
2025-08-29 16:00:00,0.0046219346
2025-08-29 17:00:00,-0.0010611549
2025-08-29 18:00:00,-0.0039778036
2025-08-29 19:00:00,0.0062141415
2025-08-29 20:00:00,-0.0048478787
2025-08-29 21:00:00,0.0102909752
2025-08-29 22:00:00,-0.0001603427
2025-08-29 23:00:00,-0.0013066054
2025-08-30 00:00:00,-0.0037689064
2025-08-30 01:00:00,-0.0180519962
2025-08-30 02:00:00,0.0091945014
2025-08-30 03:00:00,0.0111343262
2025-08-30 04:00:00,-4.59453e-05
2025-08-30 05:00:00,0.0058182315
2025-08-30 06:00:00,0.0043074535
2025-08-30 07:00:00,0.0012500144
2025-08-30 08:00:00,-0.0015911987
2025-08-30 09:00:00,-0.0010014795
2025-08-30 10:00:00,0.0001366245
2025-08-30 11:00:00,6.83052e-05
2025-08-30 12:00:00,-0.0057997651
2025-08-30 13:00:00,-0.0018336853
2025-08-30 14:00:00,0.0012381063
2025-08-30 15:00:00,0.0024716234
2025-08-30 16:00:00,-0.0027924667
2025-08-30 17:00:00,0.0003208434
2025-08-30 18:00:00,-0.0028683231
2025-08-30 19:00:00,0.000758037
2025-08-30 20:00:00,-0.0023218668
2025-08-30 21:00:00,0.0006442261
2025-08-30 22:00:00,0.0027333404
2025-08-30 23:00:00,0.0033890575
2025-08-31 00:00:00,0.0207237859
2025-08-31 01:00:00,-0.0020172595
2025-08-31 02:00:00,-0.001526855
2025-08-31 03:00:00,0.008235288
2025-08-31 04:00:00,-0.004825531
2025-08-31 05:00:00,-0.0011427676
2025-08-31 06:00:00,-0.0055756794
2025-08-31 07:00:00,0.0037130844
2025-08-31 08:00:00,0.0046611773
2025-08-31 09:00:00,-0.0019917873
2025-08-31 10:00:00,-0.0021304517
2025-08-31 11:00:00,0.0052841465
2025-08-31 12:00:00,0.0033218548
2025-08-31 13:00:00,-0.004528478
2025-08-31 14:00:00,-0.002865973
2025-08-31 15:00:00,0.0056791656
2025-08-31 16:00:00,-0.0028579103
2025-08-31 17:00:00,0.0015639316
2025-08-31 18:00:00,0.0023190484
2025-08-31 19:00:00,-0.0075790966
2025-08-31 20:00:00,0.000201959
2025-08-31 21:00:00,0.0027560263
2025-08-31 22:00:00,-0.0052722031
2025-08-31 23:00:00,-0.0118797148
2025-09-01 00:00:00,0.0013193814
2025-09-01 01:00:00,0.0044004971
2025-09-01 02:00:00,-0.0075881862
2025-09-01 03:00:00,0.0047777313
2025-09-01 04:00:00,-0.0044813032
2025-09-01 05:00:00,0.0020497878
2025-09-01 06:00:00,0.0006368558
2025-09-01 07:00:00,0.0145368458
2025-09-01 08:00:00,0.0030653937
2025-09-01 09:00:00,-0.0076699187
2025-09-01 10:00:00,-0.0076384552
2025-09-01 11:00:00,-0.0034996854
2025-09-01 12:00:00,0.0025691467
2025-09-01 13:00:00,-0.0041867723
2025-09-01 14:00:00,0.002323093
2025-09-01 15:00:00,-0.0079710815
2025-09-01 16:00:00,-0.0012849638
2025-09-01 17:00:00,-0.0066577068
2025-09-01 18:00:00,0.0047961723
2025-09-01 19:00:00,0.0047274902
2025-09-01 20:00:00,-0.0181125868
2025-09-01 21:00:00,-0.0061971832
2025-09-01 22:00:00,0.0058474228
2025-09-01 23:00:00,0.0063002219
2025-09-02 00:00:00,-0.0027383926
2025-09-02 01:00:00,0.0047757133
2025-09-02 02:00:00,0.0087960225
2025-09-02 03:00:00,0.0011685055
2025-09-02 04:00:00,0.0050250214
2025-09-02 05:00:00,-0.0007293448
2025-09-02 06:00:00,0.0061372198
2025-09-02 07:00:00,-0.0078258697
2025-09-02 08:00:00,0.003556532
2025-09-02 09:00:00,0.0013872624
2025-09-02 10:00:00,-0.0017286875
2025-09-02 11:00:00,-0.0103203397
2025-09-02 12:00:00,-0.0163257574
2025-09-02 13:00:00,0.023545178
2025-09-02 14:00:00,-0.0067824833
2025-09-02 15:00:00,-0.0126562002
2025-09-02 16:00:00,0.0002793751
2025-09-02 17:00:00,0.0055480254
2025-09-02 18:00:00,-0.0053152724
2025-09-02 19:00:00,-0.0052500908
2025-09-02 20:00:00,0.0089204164
2025-09-02 21:00:00,0.0044882548
2025-09-02 22:00:00,-0.0005772539
2025-09-02 23:00:00,-0.0007624857
2025-09-03 00:00:00,-0.0036123693
2025-09-03 01:00:00,0.0031962228
2025-09-03 02:00:00,0.0033473801
2025-09-03 03:00:00,-0.0006455183
2025-09-03 04:00:00,0.0011984882
2025-09-03 05:00:00,-0.0059836841
2025-09-03 06:00:00,-0.0015769582
2025-09-03 07:00:00,0.0004176722
2025-09-03 08:00:00,0.0016921066
2025-09-03 09:00:00,0.007912474
2025-09-03 10:00:00,0.0044248367
2025-09-03 11:00:00,0.0002287335
2025-09-03 12:00:00,-0.0038267253
2025-09-03 13:00:00,0.0143828338
2025-09-03 14:00:00,0.0110055688
2025-09-03 15:00:00,0.0029948172
2025-09-03 16:00:00,-0.0028381493
2025-09-03 17:00:00,0.0013865595
2025-09-03 18:00:00,-0.0010061825
2025-09-03 19:00:00,0.0015870713
2025-09-03 20:00:00,-0.0025046976
2025-09-03 21:00:00,-0.000582346
2025-09-03 22:00:00,0.0017460215
2025-09-03 23:00:00,-0.0041237172
2025-09-04 00:00:00,0.003698685
2025-09-04 01:00:00,0.0001118681
2025-09-04 02:00:00,-0.0106611297
2025-09-04 03:00:00,-0.0052370978
2025-09-04 04:00:00,-0.0013192614
2025-09-04 05:00:00,-0.0038997073
2025-09-04 06:00:00,-0.0022646957
2025-09-04 07:00:00,0.001396025
2025-09-04 08:00:00,-0.0004346185
2025-09-04 09:00:00,0.0059310802
2025-09-04 10:00:00,0.0027936468
2025-09-04 11:00:00,-0.0002041488
2025-09-04 12:00:00,0.0022207124
2025-09-04 13:00:00,-0.0089582701
2025-09-04 14:00:00,-0.0082099255
2025-09-04 15:00:00,-0.0085797735
2025-09-04 16:00:00,-0.0021855899
2025-09-04 17:00:00,0.00223204
2025-09-04 18:00:00,-0.0073192094
2025-09-04 19:00:00,0.0005145597
2025-09-04 20:00:00,0.0068975433
2025-09-04 21:00:00,0.0033615815
2025-09-04 22:00:00,0.0047794506
2025-09-04 23:00:00,-0.0100936129
2025-09-05 00:00:00,0.0011859501
2025-09-05 01:00:00,0.0053772293
2025-09-05 02:00:00,-0.0003930409
2025-09-05 03:00:00,0.0012017566
2025-09-05 04:00:00,0.000508001
2025-09-05 05:00:00,0.0017759741
2025-09-05 06:00:00,-0.0013836045
2025-09-05 07:00:00,0.0193568437
2025-09-05 08:00:00,-0.0024928061
2025-09-05 09:00:00,-0.0021351513
2025-09-05 10:00:00,0.0028609724
2025-09-05 11:00:00,0.001766985
2025-09-05 12:00:00,0.0120586388
2025-09-05 13:00:00,-0.0066187518
2025-09-05 14:00:00,-0.0388327012
2025-09-05 15:00:00,0.0021506893
2025-09-05 16:00:00,0.0034966701
2025-09-05 17:00:00,-0.0017701181
2025-09-05 18:00:00,0.0055328391
2025-09-05 19:00:00,0.0042104351
2025-09-05 20:00:00,0.0014763896
2025-09-05 21:00:00,-0.0094262756
2025-09-05 22:00:00,0.0037394509
2025-09-05 23:00:00,-0.0014383818
2025-09-06 00:00:00,0.0036152156
2025-09-06 01:00:00,-0.001064667
2025-09-06 02:00:00,0.0011340625
2025-09-06 03:00:00,-0.0005784426
2025-09-06 04:00:00,-0.0026187429
2025-09-06 05:00:00,-0.0032307202
2025-09-06 06:00:00,0.0017212509
2025-09-06 07:00:00,0.0022053797
2025-09-06 08:00:00,-0.000278306
2025-09-06 09:00:00,-0.0042072049
2025-09-06 10:00:00,0.0019082199
2025-09-06 11:00:00,-0.0002557693
2025-09-06 12:00:00,-6.97666e-05
2025-09-06 13:00:00,-0.0013032047
2025-09-06 14:00:00,0.0005121758
2025-09-06 15:00:00,-0.0059293325
2025-09-06 16:00:00,0.0044386374
2025-09-06 17:00:00,-0.0037598858
2025-09-06 18:00:00,0.0014963063
2025-09-06 19:00:00,-0.0057402076
2025-09-06 20:00:00,0.0054598207
2025-09-06 21:00:00,0.0012844617
2025-09-06 22:00:00,-0.0013312005
2025-09-06 23:00:00,-0.0011691805
2025-09-07 00:00:00,0.0027570755
2025-09-07 01:00:00,0.00230729
2025-09-07 02:00:00,0.0012795312
2025-09-07 03:00:00,-0.0006744578
2025-09-07 04:00:00,0.0009069241
2025-09-07 05:00:00,-0.0016051181
2025-09-07 06:00:00,-0.0025175425
2025-09-07 07:00:00,0.0023545604
2025-09-07 08:00:00,0.001744856
2025-09-07 09:00:00,-0.0004882529
2025-09-07 10:00:00,0.0012782525
2025-09-07 11:00:00,0.0012998168
2025-09-07 12:00:00,-0.002322288
2025-09-07 13:00:00,0.0009992448
2025-09-07 14:00:00,-0.001324796
2025-09-07 15:00:00,-0.0001628153
2025-09-07 16:00:00,-0.0034952849
2025-09-07 17:00:00,-0.001892546
2025-09-07 18:00:00,0.001332165
2025-09-07 19:00:00,0.0027056041
2025-09-07 20:00:00,0.001233749
2025-09-07 21:00:00,-0.0022824679
2025-09-07 22:00:00,0.0048846394
2025-09-07 23:00:00,-0.000835674
2025-09-08 00:00:00,-0.0017199707
2025-09-08 01:00:00,-0.0013967458
2025-09-08 02:00:00,0.0037667455
2025-09-08 03:00:00,0.0006264138
2025-09-08 04:00:00,-0.0031360003
2025-09-08 05:00:00,-6.98007e-05
2025-09-08 06:00:00,-0.0011407686
2025-09-08 07:00:00,-0.0002562699
2025-09-08 08:00:00,0.002304068
2025-09-08 09:00:00,0.0040367538
2025-09-08 10:00:00,0.0023819171
2025-09-08 11:00:00,-0.0041894815
2025-09-08 12:00:00,0.0019696221
2025-09-08 13:00:00,-2.31495e-05
2025-09-08 14:00:00,0.0070128779
2025-09-08 15:00:00,0.005021737
2025-09-08 16:00:00,-0.0076458062
2025-09-08 17:00:00,-0.0062888927
2025-09-08 18:00:00,0.0042123841
2025-09-08 19:00:00,-0.0089784495
2025-09-08 20:00:00,0.0017463186
2025-09-08 21:00:00,0.0055215434
2025-09-08 22:00:00,-0.0025249906
2025-09-08 23:00:00,-0.0012300553
2025-09-09 00:00:00,-0.0009758365
2025-09-09 01:00:00,-0.0035395794
2025-09-09 02:00:00,0.0012356186
2025-09-09 03:00:00,0.0034887813
2025-09-09 04:00:00,0.0016703015
2025-09-09 05:00:00,0.0010193681
2025-09-09 06:00:00,0.0107785475
2025-09-09 07:00:00,-0.001031365
2025-09-09 08:00:00,-0.0003440249
2025-09-09 09:00:00,-0.0005506861
2025-09-09 10:00:00,-0.0017458426
2025-09-09 11:00:00,-0.0005289484
2025-09-09 12:00:00,-0.0001840477
2025-09-09 13:00:00,-0.000138058
2025-09-09 14:00:00,-0.0090149009
2025-09-09 15:00:00,-0.0049813883
2025-09-09 16:00:00,0.0005365746
2025-09-09 17:00:00,-0.0004199034
2025-09-09 18:00:00,4.66646e-05
2025-09-09 19:00:00,0.0021442231
2025-09-09 20:00:00,0.0020699367
2025-09-09 21:00:00,-0.0005577634
2025-09-09 22:00:00,0.0037588795
2025-09-09 23:00:00,-0.0018312688
2025-09-10 00:00:00,-0.0056073391
2025-09-10 01:00:00,0.0038889261
2025-09-10 02:00:00,0.0032948959
2025-09-10 03:00:00,0.0006484183
2025-09-10 04:00:00,-0.001645023
2025-09-10 05:00:00,-0.0008351312
2025-09-10 06:00:00,0.0010438051
2025-09-10 07:00:00,0.0037717993
2025-09-10 08:00:00,0.0006234054
2025-09-10 09:00:00,-0.0018713834
2025-09-10 10:00:00,0.0006010727
2025-09-10 11:00:00,0.0009240223
2025-09-10 12:00:00,0.0091935649
2025-09-10 13:00:00,0.0108313344
2025-09-10 14:00:00,-0.003695856
2025-09-10 15:00:00,0.0007266452
2025-09-10 16:00:00,-0.0043906116
2025-09-10 17:00:00,-0.0042725832
2025-09-10 18:00:00,-0.0059249226
2025-09-10 19:00:00,-0.004200814
2025-09-10 20:00:00,0.0016177868
2025-09-10 21:00:00,0.0049296361
2025-09-10 22:00:00,-0.0010575929
2025-09-10 23:00:00,0.0006438854
2025-09-11 00:00:00,0.0024338175
2025-09-11 01:00:00,0.0013750117
2025-09-11 02:00:00,0.0026301661
2025-09-11 03:00:00,0.0062616186
2025-09-11 04:00:00,0.0015649633
2025-09-11 05:00:00,0.0017887675
2025-09-11 06:00:00,0.004536793
2025-09-11 07:00:00,0.0003377428
2025-09-11 08:00:00,-0.0021184061
2025-09-11 09:00:00,-0.0034123941
2025-09-11 10:00:00,0.0027127857
2025-09-11 11:00:00,0.0004739818
2025-09-11 12:00:00,-0.0010611278
2025-09-11 13:00:00,0.0023014451
2025-09-11 14:00:00,-0.001827185
2025-09-11 15:00:00,-0.0033019005
2025-09-11 16:00:00,0.0009509794
2025-09-11 17:00:00,0.0036370659
2025-09-11 18:00:00,-0.0028452733
2025-09-11 19:00:00,0.0004747748
2025-09-11 20:00:00,-0.0013570978
2025-09-11 21:00:00,0.0027575001
2025-09-11 22:00:00,0.0056269702
2025-09-11 23:00:00,0.0012112785
2025-09-12 00:00:00,0.0117669391
2025-09-12 01:00:00,-0.0032399114
2025-09-12 02:00:00,0.0022646043
2025-09-12 03:00:00,-0.0003327086
2025-09-12 04:00:00,0.0034989849
2025-09-12 05:00:00,0.0079708014
2025-09-12 06:00:00,-0.0041536239
2025-09-12 07:00:00,-0.0029995611
2025-09-12 08:00:00,-0.0018129164
2025-09-12 09:00:00,-0.0006419409
2025-09-12 10:00:00,0.000442762
2025-09-12 11:00:00,0.0005310557
2025-09-12 12:00:00,0.0014810397
2025-09-12 13:00:00,0.0030436053
2025-09-12 14:00:00,0.0016722412
2025-09-12 15:00:00,-0.0011438629
2025-09-12 16:00:00,0.0076084344
2025-09-12 17:00:00,0.0083960993
2025-09-12 18:00:00,0.0022069333
2025-09-12 19:00:00,0.0082650435
2025-09-12 20:00:00,0.0019486713
2025-09-12 21:00:00,-0.004502677
2025-09-12 22:00:00,0.0095813214
2025-09-12 23:00:00,0.0035906681
2025-09-13 00:00:00,-0.0014856952
2025-09-13 01:00:00,-0.0010838267
2025-09-13 02:00:00,0.000297638
2025-09-13 03:00:00,0.0116023576
2025-09-13 04:00:00,-0.0028827256
2025-09-13 05:00:00,-0.0041810142
2025-09-13 06:00:00,-0.0025849115
2025-09-13 07:00:00,0.0001272831
2025-09-13 08:00:00,0.0039377631
2025-09-13 09:00:00,0.000591441
2025-09-13 10:00:00,-0.003087793
2025-09-13 11:00:00,0.0001694413
2025-09-13 12:00:00,0.0002752808
2025-09-13 13:00:00,-0.0073953203
2025-09-13 14:00:00,0.0009167565
2025-09-13 15:00:00,-0.0077441825
2025-09-13 16:00:00,-0.0065068206
2025-09-13 17:00:00,0.0023533741
2025-09-13 18:00:00,0.0017883118
2025-09-13 19:00:00,-0.0010338144
2025-09-13 20:00:00,0.0042146974
2025-09-13 21:00:00,0.0011580777
2025-09-13 22:00:00,-0.0008577065
2025-09-13 23:00:00,0.0016075968
2025-09-14 00:00:00,0.0011130853
2025-09-14 01:00:00,0.0002994652
2025-09-14 02:00:00,0.0021364334
2025-09-14 03:00:00,-0.0043631766
2025-09-14 04:00:00,-0.0007934041
2025-09-14 05:00:00,0.0037470469
2025-09-14 06:00:00,-0.0021180329
2025-09-14 07:00:00,-0.0033681262
2025-09-14 08:00:00,0.0010738833
2025-09-14 09:00:00,0.001951513
2025-09-14 10:00:00,-0.0011361323
2025-09-14 11:00:00,-0.0053118976
2025-09-14 12:00:00,-0.0005823672
2025-09-14 13:00:00,-0.0040644311
2025-09-14 14:00:00,-0.002060135
2025-09-14 15:00:00,-0.0048308221
2025-09-14 16:00:00,0.0031361643
2025-09-14 17:00:00,0.0050537474
2025-09-14 18:00:00,-0.0036196192
2025-09-14 19:00:00,0.0026672176
2025-09-14 20:00:00,0.0002814858
2025-09-14 21:00:00,0.0028320975
2025-09-14 22:00:00,-0.0002159081
2025-09-14 23:00:00,-0.0054563305
2025-09-15 00:00:00,-0.0003691599
2025-09-15 01:00:00,0.0035339939
2025-09-15 02:00:00,0.0003894924
2025-09-15 03:00:00,0.0033692609
2025-09-15 04:00:00,0.0013574516
2025-09-15 05:00:00,0.0042757604
2025-09-15 06:00:00,-0.0068197973
2025-09-15 07:00:00,-0.0072144601
2025-09-15 08:00:00,-0.019120118
2025-09-15 09:00:00,0.0036502446
2025-09-15 10:00:00,0.0007946494
2025-09-15 11:00:00,0.000110318
2025-09-15 12:00:00,-0.003713368
2025-09-15 13:00:00,0.0001992804
2025-09-15 14:00:00,-0.0009746374
2025-09-15 15:00:00,-0.002218624
2025-09-15 16:00:00,-0.0014002647
2025-09-15 17:00:00,0.0031755576
2025-09-15 18:00:00,-0.001930781
2025-09-15 19:00:00,-0.0017119675
2025-09-15 20:00:00,0.003886605
2025-09-15 21:00:00,0.0030984444
2025-09-15 22:00:00,-0.002477987
2025-09-15 23:00:00,0.0023453933
2025-09-16 00:00:00,-0.0022567879
2025-09-16 01:00:00,0.0007749621
2025-09-16 02:00:00,-0.0005313379
2025-09-16 03:00:00,0.0013056999
2025-09-16 04:00:00,-0.0003539197
2025-09-16 05:00:00,0.0021437183
2025-09-16 06:00:00,-0.0044250797
2025-09-16 07:00:00,0.0008201173
2025-09-16 08:00:00,-0.0003102356
2025-09-16 09:00:00,0.0001108095
2025-09-16 10:00:00,-0.0028628197
2025-09-16 11:00:00,0.0004665993
2025-09-16 12:00:00,-0.000244382
2025-09-16 13:00:00,-0.0059949145
2025-09-16 14:00:00,-0.005783732
2025-09-16 15:00:00,0.0046878415
2025-09-16 16:00:00,-0.0009626902
2025-09-16 17:00:00,0.0052722236
2025-09-16 18:00:00,-0.0028337164
2025-09-16 19:00:00,0.0037245652
2025-09-16 20:00:00,0.0017126529
2025-09-16 21:00:00,0.0020424481
2025-09-16 22:00:00,0.0028347452
2025-09-16 23:00:00,-0.0042329278
2025-09-17 00:00:00,0.0026172219
2025-09-17 01:00:00,8.85995e-05
2025-09-17 02:00:00,0.0040671129
2025-09-17 03:00:00,-0.007661685
2025-09-17 04:00:00,-0.0044556404
2025-09-17 05:00:00,0.0083823906
2025-09-17 06:00:00,0.0071262615
2025-09-17 07:00:00,-0.0007697468
2025-09-17 08:00:00,-0.0070874523
2025-09-17 09:00:00,-0.0036627232
2025-09-17 10:00:00,-0.0024938779
2025-09-17 11:00:00,0.0017597207
2025-09-17 12:00:00,0.0023562897
2025-09-17 13:00:00,-0.0015109435
2025-09-17 14:00:00,-0.0012237589
2025-09-17 15:00:00,-0.0001558586
2025-09-17 16:00:00,-0.0004899996
2025-09-17 17:00:00,-0.0105934855
2025-09-17 18:00:00,0.003304302
2025-09-17 19:00:00,0.0143044193
2025-09-17 20:00:00,-0.0038567297
2025-09-17 21:00:00,0.0061548193
2025-09-17 22:00:00,0.012742099
2025-09-17 23:00:00,0.0007624359
2025-09-18 00:00:00,-0.001241979
2025-09-18 01:00:00,0.007472123
2025-09-18 02:00:00,-0.0011909274
2025-09-18 03:00:00,0.000238299
2025-09-18 04:00:00,-0.000801777
2025-09-18 05:00:00,-0.0048895602
2025-09-18 06:00:00,-0.003907065
2025-09-18 07:00:00,0.0008088581
2025-09-18 08:00:00,0.0059913686
2025-09-18 09:00:00,-0.0010431835
2025-09-18 10:00:00,-0.0050793068
2025-09-18 11:00:00,0.0004806957
2025-09-18 12:00:00,-0.0009397573
2025-09-18 13:00:00,0.0037101745
2025-09-18 14:00:00,0.0019586513
2025-09-18 15:00:00,0.0004347354
2025-09-18 16:00:00,0.0048994201
2025-09-18 17:00:00,-0.0025117481
2025-09-18 18:00:00,0.0018844023
2025-09-18 19:00:00,-0.0068833259
2025-09-18 20:00:00,0.0037623871
2025-09-18 21:00:00,-0.002216573
2025-09-18 22:00:00,-0.0007181798
2025-09-18 23:00:00,-0.0008058457
2025-09-19 00:00:00,0.004586815
2025-09-19 01:00:00,-0.0001084493
2025-09-19 02:00:00,-0.0042169392
2025-09-19 03:00:00,-0.0086413944
2025-09-19 04:00:00,0.0019974325
2025-09-19 05:00:00,-0.0039548322
2025-09-19 06:00:00,-0.0037937317
2025-09-19 07:00:00,0.0037276851
2025-09-19 08:00:00,-0.0013218481
2025-09-19 09:00:00,-0.002604743
2025-09-19 10:00:00,0.001391512
2025-09-19 11:00:00,-0.0030727424
2025-09-19 12:00:00,0.0007746019
2025-09-19 13:00:00,0.002276068
2025-09-19 14:00:00,-0.0072661537
2025-09-19 15:00:00,-0.0046353124
2025-09-19 16:00:00,0.0014954525
2025-09-19 17:00:00,-0.0049188491
2025-09-19 18:00:00,-0.0022887927
2025-09-19 19:00:00,-0.0016637817
2025-09-19 20:00:00,0.0039974003
2025-09-19 21:00:00,0.0027082394
2025-09-19 22:00:00,-0.0006260481
2025-09-19 23:00:00,0.0
2025-09-20 00:00:00,0.0014527252
2025-09-20 01:00:00,-0.0014750913
2025-09-20 02:00:00,-0.0005145587
2025-09-20 03:00:00,-0.0001342763
2025-09-20 04:00:00,0.0017665281
2025-09-20 05:00:00,0.0012057072
2025-09-20 06:00:00,-0.0014067998
2025-09-20 07:00:00,0.0024773204
2025-09-20 08:00:00,-0.004065137
2025-09-20 09:00:00,4.47618e-05
2025-09-20 10:00:00,-0.0004253176
2025-09-20 11:00:00,0.0013424923
2025-09-20 12:00:00,-0.0009395553
2025-09-20 13:00:00,0.0005146277
2025-09-20 14:00:00,0.0042634469
2025-09-20 15:00:00,0.0025360398
2025-09-20 16:00:00,0.0008883165
2025-09-20 17:00:00,-0.0035802878
2025-09-20 18:00:00,-0.0023865561
2025-09-20 19:00:00,0.0011159221
2025-09-20 20:00:00,0.000958698
2025-09-20 21:00:00,0.0013139289
2025-09-20 22:00:00,0.0006451972
2025-09-20 23:00:00,-0.003096288
2025-09-21 00:00:00,0.0014490979
2025-09-21 01:00:00,-0.001226023
2025-09-21 02:00:00,-0.0005800982
2025-09-21 03:00:00,-6.69561e-05
2025-09-21 04:00:00,-0.0013624132
2025-09-21 05:00:00,0.0012731315
2025-09-21 06:00:00,0.0016949913
2025-09-21 07:00:00,-0.0015387535
2025-09-21 08:00:00,-0.0018764665
2025-09-21 09:00:00,-0.0008052791
2025-09-21 10:00:00,-0.0017021662
2025-09-21 11:00:00,0.0004258133
2025-09-21 12:00:00,0.001567223
2025-09-21 13:00:00,0.0018551015
2025-09-21 14:00:00,-0.0006701215
2025-09-21 15:00:00,0.0022319943
2025-09-21 16:00:00,-0.001316274
2025-09-21 17:00:00,0.0031650533
2025-09-21 18:00:00,0.0011787602
2025-09-21 19:00:00,-0.0005113668
2025-09-21 20:00:00,-0.0040333867
2025-09-21 21:00:00,-0.0006924357
2025-09-21 22:00:00,-0.0017667652
2025-09-21 23:00:00,-0.0044193761
2025-09-22 00:00:00,-0.0247195926
2025-09-22 01:00:00,-0.0018915371
2025-09-22 02:00:00,-0.0092320481
2025-09-22 03:00:00,0.0039073452
2025-09-22 04:00:00,-0.0036510395
2025-09-22 05:00:00,-0.0150700002
2025-09-22 06:00:00,-0.0077878685
2025-09-22 07:00:00,0.0001668395
2025-09-22 08:00:00,0.000428888
2025-09-22 09:00:00,-0.0104407079
2025-09-22 10:00:00,0.0075063005
2025-09-22 11:00:00,-0.0001433623
2025-09-22 12:00:00,0.0027680357
2025-09-22 13:00:00,0.0034493046
2025-09-22 14:00:00,-0.004092905
2025-09-22 15:00:00,-0.005451429
2025-09-22 16:00:00,-0.0008394796
2025-09-22 17:00:00,7.1983e-05
2025-09-22 18:00:00,-0.0022819817
2025-09-22 19:00:00,-0.0050387657
2025-09-22 20:00:00,0.0113913418
2025-09-22 21:00:00,0.0040064921
2025-09-22 22:00:00,-0.0016197421
2025-09-22 23:00:00,0.0018577184
2025-09-23 00:00:00,-0.0018100415
2025-09-23 01:00:00,-0.0067209858
2025-09-23 02:00:00,-0.0046183903
2025-09-23 03:00:00,0.0104808433
2025-09-23 04:00:00,-0.0026039504
2025-09-23 05:00:00,0.0014580921
2025-09-23 06:00:00,0.0050985268
2025-09-23 07:00:00,-0.0001425957
2025-09-23 08:00:00,0.00104523
2025-09-23 09:00:00,-0.0040444468
2025-09-23 10:00:00,0.0003336909
2025-09-23 11:00:00,-0.0002621763
2025-09-23 12:00:00,0.0007863228
2025-09-23 13:00:00,-0.002026633
2025-09-23 14:00:00,-0.0033948584
2025-09-23 15:00:00,0.0018423041
2025-09-23 16:00:00,0.0027690269
2025-09-23 17:00:00,-0.0108091024
2025-09-23 18:00:00,0.0021663787
2025-09-23 19:00:00,-0.0012511129
2025-09-23 20:00:00,0.0056177226
2025-09-23 21:00:00,0.0017938941
2025-09-23 22:00:00,-0.000334616
2025-09-23 23:00:00,-0.0042882021
2025-09-24 00:00:00,0.0026852734
2025-09-24 01:00:00,0.0035850899
2025-09-24 02:00:00,-0.0049268252
2025-09-24 03:00:00,-0.0052403966
2025-09-24 04:00:00,-0.0015919729
2025-09-24 05:00:00,0.0074795024
2025-09-24 06:00:00,0.0021301812
2025-09-24 07:00:00,-0.0016989918
2025-09-24 08:00:00,7.18468e-05
2025-09-24 09:00:00,0.0019379156
2025-09-24 10:00:00,-0.001147941
2025-09-24 11:00:00,0.0012674424
2025-09-24 12:00:00,-0.0007172229
2025-09-24 13:00:00,-0.0072247539
2025-09-24 14:00:00,0.0104958908
2025-09-24 15:00:00,-0.0066009998
2025-09-24 16:00:00,0.00184597
2025-09-24 17:00:00,0.002320603
2025-09-24 18:00:00,-0.0025601469
2025-09-24 19:00:00,-0.0025426995
2025-09-24 20:00:00,0.0008402857
2025-09-24 21:00:00,-0.0046664987
2025-09-24 22:00:00,0.0020232195
2025-09-24 23:00:00,-0.0005054213
2025-09-25 00:00:00,-0.0053103024
2025-09-25 01:00:00,-0.0069214513
2025-09-25 02:00:00,0.0002193063
2025-09-25 03:00:00,-0.0100643641
2025-09-25 04:00:00,-0.01442726
2025-09-25 05:00:00,0.0056022555
2025-09-25 06:00:00,-0.0071265128
2025-09-25 07:00:00,0.0027469801
2025-09-25 08:00:00,0.0016943666
2025-09-25 09:00:00,0.0023126572
2025-09-25 10:00:00,-0.0027857943
2025-09-25 11:00:00,-0.0026936715
2025-09-25 12:00:00,-0.00626333
2025-09-25 13:00:00,-0.0019370344
2025-09-25 14:00:00,0.0112675838
2025-09-25 15:00:00,-0.002942352
2025-09-25 16:00:00,-0.0156036889
2025-09-25 17:00:00,-0.0261864355
2025-09-25 18:00:00,0.0220689022
2025-09-25 19:00:00,-0.0035209507
2025-09-25 20:00:00,-0.0063845552
2025-09-25 21:00:00,0.0048754298
2025-09-25 22:00:00,-0.0029994254
2025-09-25 23:00:00,-0.0052255734
2025-09-26 00:00:00,0.0150363365
2025-09-26 01:00:00,0.0044393219
2025-09-26 02:00:00,0.0026036744
2025-09-26 03:00:00,0.0015892038
2025-09-26 04:00:00,-0.0051045015
2025-09-26 05:00:00,-0.0059968671
2025-09-26 06:00:00,7.64575e-05
2025-09-26 07:00:00,0.0044245609
2025-09-26 08:00:00,-0.0011424076
2025-09-26 09:00:00,-0.0046592831
2025-09-26 10:00:00,-0.0070941355
2025-09-26 11:00:00,0.0044365304
2025-09-26 12:00:00,0.0080532559
2025-09-26 13:00:00,0.0084420681
2025-09-26 14:00:00,-0.0102204335
2025-09-26 15:00:00,0.0040601979
2025-09-26 16:00:00,0.0112065037
2025-09-26 17:00:00,0.0136794234
2025-09-26 18:00:00,-0.0003953155
2025-09-26 19:00:00,-0.0047808461
2025-09-26 20:00:00,-0.0034823307
2025-09-26 21:00:00,0.0029855967
2025-09-26 22:00:00,0.000794656
2025-09-26 23:00:00,0.0014634935
2025-09-27 00:00:00,-0.0011408448
2025-09-27 01:00:00,-0.0023353468
2025-09-27 02:00:00,-0.0012195275
2025-09-27 03:00:00,0.001567691
2025-09-27 04:00:00,0.0005717198
2025-09-27 05:00:00,-0.0005468556
2025-09-27 06:00:00,-0.0002237999
2025-09-27 07:00:00,-0.0027643246
2025-09-27 08:00:00,-0.0056770732
2025-09-27 09:00:00,0.002479868
2025-09-27 10:00:00,0.0033966915
2025-09-27 11:00:00,-0.0016969036
2025-09-27 12:00:00,0.0066959813
2025-09-27 13:00:00,-0.0024342395
2025-09-27 14:00:00,-0.001020167
2025-09-27 15:00:00,0.000945556
2025-09-27 16:00:00,-0.0028892396
2025-09-27 17:00:00,-0.001222967
2025-09-27 18:00:00,-0.0015495742
2025-09-27 19:00:00,0.0014496741
2025-09-27 20:00:00,0.0009985522
2025-09-27 21:00:00,0.0021186185
2025-09-27 22:00:00,0.0019899019
2025-09-27 23:00:00,-0.0011934659
2025-09-28 00:00:00,-0.0003981387
2025-09-28 01:00:00,-0.0047150482
2025-09-28 02:00:00,0.0009747686
2025-09-28 03:00:00,0.0004495729
2025-09-28 04:00:00,-0.0010243215
2025-09-28 05:00:00,0.0
2025-09-28 06:00:00,0.0018180733
2025-09-28 07:00:00,0.0021708607
2025-09-28 08:00:00,-0.0030769869
2025-09-28 09:00:00,-0.0017096457
2025-09-28 10:00:00,0.0002826431
2025-09-28 11:00:00,-0.0009232629
2025-09-28 12:00:00,-0.0035282516
2025-09-28 13:00:00,0.0085794925
2025-09-28 14:00:00,0.0027309578
2025-09-28 15:00:00,-0.0007081388
2025-09-28 16:00:00,0.0028394655
2025-09-28 17:00:00,0.001661712
2025-09-28 18:00:00,0.0005219652
2025-09-28 19:00:00,-0.0006630168
2025-09-28 20:00:00,0.0029801199
2025-09-28 21:00:00,-0.0003849884
2025-09-28 22:00:00,0.0199560888
2025-09-28 23:00:00,0.0028317337
2025-09-29 00:00:00,-0.0037733933
2025-09-29 01:00:00,-0.0031679602
2025-09-29 02:00:00,-0.0007072471
2025-09-29 03:00:00,0.0021299469
2025-09-29 04:00:00,-0.0003931037
2025-09-29 05:00:00,-0.0012239785
2025-09-29 06:00:00,-0.0032712857
2025-09-29 07:00:00,0.0019679484
2025-09-29 08:00:00,0.0035025114
2025-09-29 09:00:00,0.0024556054
2025-09-29 10:00:00,-0.0041858965
2025-09-29 11:00:00,-0.0030309688
2025-09-29 12:00:00,-0.0012335027
2025-09-29 13:00:00,0.0170841388
2025-09-29 14:00:00,0.0050731359
2025-09-29 15:00:00,-0.0058143733
2025-09-29 16:00:00,-0.0053922755
2025-09-29 17:00:00,0.0031532355
2025-09-29 18:00:00,0.0016845519
2025-09-29 19:00:00,0.006247178
2025-09-29 20:00:00,0.008825281
2025-09-29 21:00:00,-0.0001774004
2025-09-29 22:00:00,0.0003051092
2025-09-29 23:00:00,-0.0023202196
2025-09-30 00:00:00,-0.0023469983
2025-09-30 01:00:00,-0.0006726029
2025-09-30 02:00:00,-0.0010680623
2025-09-30 03:00:00,7.13983e-05
2025-09-30 04:00:00,-0.0024494924
2025-09-30 05:00:00,-0.0011577322
2025-09-30 06:00:00,0.0014892889
2025-09-30 07:00:00,-0.0020077188
2025-09-30 08:00:00,-0.0032816541
2025-09-30 09:00:00,-0.0067116445
2025-09-30 10:00:00,0.0040516215
2025-09-30 11:00:00,0.00226195
2025-09-30 12:00:00,-0.0022162762
2025-09-30 13:00:00,-0.0009716187
2025-09-30 14:00:00,-0.0012953557
2025-09-30 15:00:00,-0.0071157813
2025-09-30 16:00:00,-0.0051525564
2025-09-30 17:00:00,0.0003877297
2025-09-30 18:00:00,0.0038107614
2025-09-30 19:00:00,0.0107429856
2025-09-30 20:00:00,0.0081269742
2025-09-30 21:00:00,-0.0101642642
2025-09-30 22:00:00,-0.0029635153
2025-09-30 23:00:00,0.0010451049
2025-10-01 00:00:00,0.0008487962
2025-10-01 01:00:00,0.0058232409
2025-10-01 02:00:00,-0.0046549137
2025-10-01 03:00:00,-0.0059836895
2025-10-01 04:00:00,0.0029118016
2025-10-01 05:00:00,0.0009630901
2025-10-01 06:00:00,-0.0042406752
2025-10-01 07:00:00,0.0049063305
2025-10-01 08:00:00,0.0343388904
2025-10-01 09:00:00,0.004332986
2025-10-01 10:00:00,-0.0063267861
2025-10-01 11:00:00,0.0037766885
2025-10-01 12:00:00,-0.0032679501
2025-10-01 13:00:00,0.0023652655
2025-10-01 14:00:00,0.007080903
2025-10-01 15:00:00,0.0007392896
2025-10-01 16:00:00,-0.0003811279
2025-10-01 17:00:00,-0.0075810557
2025-10-01 18:00:00,0.0034370324
2025-10-01 19:00:00,0.0060113168
2025-10-01 20:00:00,0.0001475729
2025-10-01 21:00:00,-0.0066461874
2025-10-01 22:00:00,0.0017693804
2025-10-01 23:00:00,0.0080121903
2025-10-02 00:00:00,-0.0030869657
2025-10-02 01:00:00,0.0135451453
2025-10-02 02:00:00,-0.0011424645
2025-10-02 03:00:00,-0.0029281129
2025-10-02 04:00:00,-0.000724228
2025-10-02 05:00:00,0.0024766528
2025-10-02 06:00:00,0.0045696714
2025-10-02 07:00:00,-0.0063129611
2025-10-02 08:00:00,0.0027026273
2025-10-02 09:00:00,0.0008696722
2025-10-02 10:00:00,-0.0026865841
2025-10-02 11:00:00,-0.0001118125
2025-10-02 12:00:00,0.006008716
2025-10-02 13:00:00,0.0026052005
2025-10-02 14:00:00,-0.0095020151
2025-10-02 15:00:00,0.0142869292
2025-10-02 16:00:00,0.0023591892
2025-10-02 17:00:00,0.003986034
2025-10-02 18:00:00,0.0048300539
2025-10-02 19:00:00,0.0021663806
2025-10-02 20:00:00,-0.001405166
2025-10-02 21:00:00,-0.0051327063
2025-10-02 22:00:00,-0.0009822513
2025-10-02 23:00:00,0.0046142314
2025-10-03 00:00:00,-0.0035201676
2025-10-03 01:00:00,0.0008895823
2025-10-03 02:00:00,0.0083320374
2025-10-03 03:00:00,-0.0020670742
2025-10-03 04:00:00,-0.0013996954
2025-10-03 05:00:00,-0.0040389783
2025-10-03 06:00:00,-0.0009960983
2025-10-03 07:00:00,-0.0021720733
2025-10-03 08:00:00,0.0008237509
2025-10-03 09:00:00,0.0018397953
2025-10-03 10:00:00,0.0038385709
2025-10-03 11:00:00,-0.0030036209
2025-10-03 12:00:00,0.0012600344
2025-10-03 13:00:00,-0.0023742009
2025-10-03 14:00:00,0.0026059635
2025-10-03 15:00:00,0.0113968165
2025-10-03 16:00:00,-0.002390884
2025-10-03 17:00:00,-0.0118018076
2025-10-03 18:00:00,0.008740908
2025-10-03 19:00:00,0.0016421964
2025-10-03 20:00:00,0.0037258706
2025-10-03 21:00:00,-0.00266055
2025-10-03 22:00:00,0.0009759157
2025-10-03 23:00:00,-0.0034154511
2025-10-04 00:00:00,-0.0024432814
2025-10-04 01:00:00,-0.0047595562
2025-10-04 02:00:00,0.0009630841
2025-10-04 03:00:00,0.0006059108
2025-10-04 04:00:00,0.0016376849
2025-10-04 05:00:00,0.0022341366
2025-10-04 06:00:00,0.0006165064
2025-10-04 07:00:00,-0.0018551028
2025-10-04 08:00:00,-0.0022391346
2025-10-04 09:00:00,0.0001580378
2025-10-04 10:00:00,-0.0005565822
2025-10-04 11:00:00,-0.0007886506
2025-10-04 12:00:00,-0.0007446648
2025-10-04 13:00:00,0.0043197957
2025-10-04 14:00:00,-0.0066219505
2025-10-04 15:00:00,-0.0036146318
2025-10-04 16:00:00,0.0028251866
2025-10-04 17:00:00,-0.0006400645
2025-10-04 18:00:00,-0.0020931387
2025-10-04 19:00:00,0.0028159788
2025-10-04 20:00:00,0.0016607754
2025-10-04 21:00:00,0.0021462012
2025-10-04 22:00:00,0.0011849055
2025-10-04 23:00:00,-0.0004965094
2025-10-05 00:00:00,-0.0037931742
2025-10-05 01:00:00,0.0038043094
2025-10-05 02:00:00,0.0132956559
2025-10-05 03:00:00,-0.0034165264
2025-10-05 04:00:00,0.008998242
2025-10-05 05:00:00,-0.0015725251
2025-10-05 06:00:00,-0.001511428
2025-10-05 07:00:00,0.0097945472
2025-10-05 08:00:00,-0.0037668514
2025-10-05 09:00:00,-0.0086001799
2025-10-05 10:00:00,-0.0013657524
2025-10-05 11:00:00,0.0020951486
2025-10-05 12:00:00,-0.0044748221
2025-10-05 13:00:00,0.0015298107
2025-10-05 14:00:00,-0.0005243688
2025-10-05 15:00:00,-0.0008289754
2025-10-05 16:00:00,-0.0005206656
2025-10-05 17:00:00,-0.004148521
2025-10-05 18:00:00,0.0018132251
2025-10-05 19:00:00,-0.0071613126
2025-10-05 20:00:00,0.0024854076
2025-10-05 21:00:00,0.0018095453
2025-10-05 22:00:00,0.001436422
2025-10-05 23:00:00,0.0001262533
2025-10-06 00:00:00,-0.0031811201
2025-10-06 01:00:00,0.0067185832
2025-10-06 02:00:00,0.0022420125
2025-10-06 03:00:00,-0.0004735563
2025-10-06 04:00:00,-0.0028217539
2025-10-06 05:00:00,0.0005543892
2025-10-06 06:00:00,0.0071989609
2025-10-06 07:00:00,-0.0060447857
2025-10-06 08:00:00,0.0062837147
2025-10-06 09:00:00,0.002624458
2025-10-06 10:00:00,6.55779e-05
2025-10-06 11:00:00,-0.0002339143
2025-10-06 12:00:00,0.0019701642
2025-10-06 13:00:00,0.0124903773
2025-10-06 14:00:00,0.0001055885
2025-10-06 15:00:00,0.0074384899
2025-10-06 16:00:00,0.0014276893
2025-10-06 17:00:00,0.0035773561
2025-10-06 18:00:00,0.0038381159
2025-10-06 19:00:00,0.0016458503
2025-10-06 20:00:00,-0.0069918027
2025-10-06 21:00:00,0.0007201265
2025-10-06 22:00:00,0.0010536882
2025-10-06 23:00:00,-0.0030427543
2025-10-07 00:00:00,-0.0006276003
2025-10-07 01:00:00,-0.0009827507
2025-10-07 02:00:00,0.0023868347
2025-10-07 03:00:00,0.0006927799
2025-10-07 04:00:00,0.0049887395
2025-10-07 05:00:00,-0.0006956965
2025-10-07 06:00:00,-0.0087651161
2025-10-07 07:00:00,0.0019608625
2025-10-07 08:00:00,-0.0019480199
2025-10-07 09:00:00,0.0023623666
2025-10-07 10:00:00,0.0027274092
2025-10-07 11:00:00,0.003660376
2025-10-07 12:00:00,0.0077398851
2025-10-07 13:00:00,-0.0087015084
2025-10-07 14:00:00,-0.0242090319
2025-10-07 15:00:00,-0.0178701629
2025-10-07 16:00:00,-0.0028926502
2025-10-07 17:00:00,-0.0056161463
2025-10-07 18:00:00,-0.0021156125
2025-10-07 19:00:00,0.0030043545
2025-10-07 20:00:00,0.0070528318
2025-10-07 21:00:00,-0.0036725645
2025-10-07 22:00:00,0.0010894095
2025-10-07 23:00:00,-0.0113793006
2025-10-08 00:00:00,0.0055024564
2025-10-08 01:00:00,0.0026117369
2025-10-08 02:00:00,-0.000597642
2025-10-08 03:00:00,-0.0083192323
2025-10-08 04:00:00,0.0038232551
2025-10-08 05:00:00,-0.0053291761
2025-10-08 06:00:00,0.004120695
2025-10-08 07:00:00,0.0018110546
2025-10-08 08:00:00,0.0027283133
2025-10-08 09:00:00,0.0018942548
2025-10-08 10:00:00,0.0035556898
2025-10-08 11:00:00,-0.0029317511
2025-10-08 12:00:00,-0.0020247616
2025-10-08 13:00:00,6.6965e-06
2025-10-08 14:00:00,-0.0066425933
2025-10-08 15:00:00,-0.0003146343
2025-10-08 16:00:00,0.0110359791
2025-10-08 17:00:00,0.009143801
2025-10-08 18:00:00,-0.0033207778
2025-10-08 19:00:00,-0.0018848354
2025-10-08 20:00:00,-0.0022722723
2025-10-08 21:00:00,0.0045946245
2025-10-08 22:00:00,-0.0007536203
2025-10-08 23:00:00,0.0010253148
2025-10-09 00:00:00,-0.0033361239
2025-10-09 01:00:00,-0.0070873784
2025-10-09 02:00:00,-0.0147144627
2025-10-09 03:00:00,0.0081517471
2025-10-09 04:00:00,0.0010889273
2025-10-09 05:00:00,-7.18102e-05
2025-10-09 06:00:00,-0.0057074209
2025-10-09 07:00:00,-0.0006773278
2025-10-09 08:00:00,-0.0226177712
2025-10-09 09:00:00,0.0018003259
2025-10-09 10:00:00,0.0046267141
2025-10-09 11:00:00,0.0043608981
2025-10-09 12:00:00,0.0072480999
2025-10-09 13:00:00,-0.012663137
2025-10-09 14:00:00,-0.001262294
2025-10-09 15:00:00,-0.0068751007
2025-10-09 16:00:00,-0.0087041135
2025-10-09 17:00:00,0.0132735451
2025-10-09 18:00:00,-0.0061436309
2025-10-09 19:00:00,0.0068789818
2025-10-09 20:00:00,0.0001198179
2025-10-09 21:00:00,0.0044392561
2025-10-09 22:00:00,0.0048717127
2025-10-09 23:00:00,-0.0022349748
2025-10-10 00:00:00,0.0028648013
2025-10-10 01:00:00,-0.0017192668
2025-10-10 02:00:00,-0.0032915096
2025-10-10 03:00:00,-0.0024769108
2025-10-10 04:00:00,-0.0011659717
2025-10-10 05:00:00,0.0054593593
2025-10-10 06:00:00,-0.0091271086
2025-10-10 07:00:00,-0.0011901228
2025-10-10 08:00:00,0.0055801529
2025-10-10 09:00:00,-0.0060311518
2025-10-10 10:00:00,0.0050050813
2025-10-10 11:00:00,0.0001035751
2025-10-10 12:00:00,0.0012604541
2025-10-10 13:00:00,0.0017936359
2025-10-10 14:00:00,-0.0178468476
2025-10-10 15:00:00,-0.0422673714
2025-10-10 16:00:00,0.0015120437
2025-10-10 17:00:00,-0.0037148033
2025-10-10 18:00:00,-0.0101270789
2025-10-10 19:00:00,-0.0138885774
2025-10-10 20:00:00,-0.0336228109
2025-10-10 21:00:00,0.0246147484
2025-10-10 22:00:00,-0.0218608437
2025-10-10 23:00:00,-0.0102426702
2025-10-11 00:00:00,0.0018748541
2025-10-11 01:00:00,-0.0277923153
2025-10-11 02:00:00,0.0283956869
2025-10-11 03:00:00,-0.0128242613
2025-10-11 04:00:00,0.0075062368
2025-10-11 05:00:00,-0.0083308662
2025-10-11 06:00:00,-0.001931185
2025-10-11 07:00:00,-0.0062570569
2025-10-11 08:00:00,0.015056915
2025-10-11 09:00:00,0.0035641067
2025-10-11 10:00:00,0.0009281348
2025-10-11 11:00:00,0.001692409
2025-10-11 12:00:00,-0.0040744403
2025-10-11 13:00:00,0.0018972144
2025-10-11 14:00:00,-0.0043687246
2025-10-11 15:00:00,0.0027091854
2025-10-11 16:00:00,-0.0013196803
2025-10-11 17:00:00,0.0013614635
2025-10-11 18:00:00,-0.0025336493
2025-10-11 19:00:00,-0.01454363
2025-10-11 20:00:00,-0.0174631877
2025-10-11 21:00:00,0.0109498436
2025-10-11 22:00:00,0.0020860078
2025-10-11 23:00:00,0.0005228228
2025-10-12 00:00:00,-0.0119947622
2025-10-12 01:00:00,0.0048624557
2025-10-12 02:00:00,0.003886925
2025-10-12 03:00:00,0.0126546614
2025-10-12 04:00:00,0.0052723019
2025-10-12 05:00:00,0.0011897306
2025-10-12 06:00:00,0.006983707
2025-10-12 07:00:00,-0.0011918844
2025-10-12 08:00:00,-0.0017708874
2025-10-12 09:00:00,0.0053500881
2025-10-12 10:00:00,-0.0060509506
2025-10-12 11:00:00,-0.0001124976
2025-10-12 12:00:00,0.0032103595
2025-10-12 13:00:00,-0.0059718224
2025-10-12 14:00:00,0.0424792633
2025-10-12 15:00:00,0.0149792167
2025-10-12 16:00:00,0.0178337229
2025-10-12 17:00:00,0.0053003014
2025-10-12 18:00:00,-0.0045997505
2025-10-12 19:00:00,0.006273306
2025-10-12 20:00:00,0.0007801961
2025-10-12 21:00:00,-0.0006231418
2025-10-12 22:00:00,-0.0001739694
2025-10-12 23:00:00,0.0044508492
2025-10-13 00:00:00,-0.0030213323
2025-10-13 01:00:00,0.0136341837
2025-10-13 02:00:00,-0.0092425304
2025-10-13 03:00:00,-0.0046088468
2025-10-13 04:00:00,0.0005742537
2025-10-13 05:00:00,-0.0024440678
2025-10-13 06:00:00,0.0089644816
2025-10-13 07:00:00,0.0021497096
2025-10-13 08:00:00,-0.000973739
2025-10-13 09:00:00,-0.0022573589
2025-10-13 10:00:00,-0.0032584199
2025-10-13 11:00:00,-0.0172096384
2025-10-13 12:00:00,0.0042589388
2025-10-13 13:00:00,0.0162642962
2025-10-13 14:00:00,-0.016888685
2025-10-13 15:00:00,0.0097528824
2025-10-13 16:00:00,0.0072365522
2025-10-13 17:00:00,0.0167291982
2025-10-13 18:00:00,-0.0015864288
2025-10-13 19:00:00,0.0056636953
2025-10-13 20:00:00,0.0078742683
2025-10-13 21:00:00,-0.006695621
2025-10-13 22:00:00,0.0029896859
2025-10-13 23:00:00,-0.007066852
2025-10-14 00:00:00,0.0004075234
2025-10-14 01:00:00,-0.0074677226
2025-10-14 02:00:00,-0.0092826343
2025-10-14 03:00:00,-0.0046401456
2025-10-14 04:00:00,-0.0124978929
2025-10-14 05:00:00,-0.0077654099
2025-10-14 06:00:00,-0.0162779498
2025-10-14 07:00:00,-0.0059296552
2025-10-14 08:00:00,0.004041189
2025-10-14 09:00:00,-0.0028343881
2025-10-14 10:00:00,-0.0109190684
2025-10-14 11:00:00,0.0075106863
2025-10-14 12:00:00,-0.0077692854
2025-10-14 13:00:00,0.0040336206
2025-10-14 14:00:00,0.002668316
2025-10-14 15:00:00,0.0291821037
2025-10-14 16:00:00,0.0027043253
2025-10-14 17:00:00,0.0011922687
2025-10-14 18:00:00,0.00469913
2025-10-14 19:00:00,-0.0043897138
2025-10-14 20:00:00,0.0035283612
2025-10-14 21:00:00,-4.3694e-05
2025-10-14 22:00:00,0.0003203782
2025-10-14 23:00:00,0.0014743578
2025-10-15 00:00:00,-0.0011443785
2025-10-15 01:00:00,-0.0013448628
2025-10-15 02:00:00,0.0009687747
2025-10-15 03:00:00,-0.0091447291
2025-10-15 04:00:00,0.0085864021
2025-10-15 05:00:00,-0.0014409522
2025-10-15 06:00:00,0.0020453879
2025-10-15 07:00:00,0.0009314262
2025-10-15 08:00:00,0.0143559374
2025-10-15 09:00:00,-0.0061633957
2025-10-15 10:00:00,-0.0088594905
2025-10-15 11:00:00,-0.0045129678
2025-10-15 12:00:00,-0.0012461091
2025-10-15 13:00:00,-0.0098501946
2025-10-15 14:00:00,-0.0113877959
2025-10-15 15:00:00,-0.007179087
2025-10-15 16:00:00,-0.0013892293
2025-10-15 17:00:00,0.0041443869
2025-10-15 18:00:00,0.0039801719
2025-10-15 19:00:00,-0.0067855393
2025-10-15 20:00:00,-0.0051851539
2025-10-15 21:00:00,-0.0019324214
2025-10-15 22:00:00,0.002212502
2025-10-15 23:00:00,0.0059464094
2025-10-16 00:00:00,-0.0008731434
2025-10-16 01:00:00,0.0069663858
2025-10-16 02:00:00,0.0053400418
2025-10-16 03:00:00,-0.004161688
2025-10-16 04:00:00,-0.0040065815
2025-10-16 05:00:00,-0.0002700108
2025-10-16 06:00:00,0.0112410602
2025-10-16 07:00:00,-0.0096046133
2025-10-16 08:00:00,-0.0024619319
2025-10-16 09:00:00,0.0089984314
2025-10-16 10:00:00,0.0045702573
2025-10-16 11:00:00,0.0032461039
2025-10-16 12:00:00,-0.0017659342
2025-10-16 13:00:00,-0.0078053861
2025-10-16 14:00:00,-0.0019223195
2025-10-16 15:00:00,-0.0272617998
2025-10-16 16:00:00,0.0145233166
2025-10-16 17:00:00,-0.011154973
2025-10-16 18:00:00,-0.0040566867
2025-10-16 19:00:00,-0.0098833437
2025-10-16 20:00:00,-0.0043603873
2025-10-16 21:00:00,0.0086246211
2025-10-16 22:00:00,-0.0050582058
2025-10-16 23:00:00,0.0077446346
2025-10-17 00:00:00,0.0083421913
2025-10-17 01:00:00,-0.001911301
2025-10-17 02:00:00,0.0006859402
2025-10-17 03:00:00,0.0027441494
2025-10-17 04:00:00,-0.0046935523
2025-10-17 05:00:00,-0.005062174
2025-10-17 06:00:00,-0.0197388644
2025-10-17 07:00:00,-0.0167094066
2025-10-17 08:00:00,-0.0125648641
2025-10-17 09:00:00,0.0040384963
2025-10-17 10:00:00,5.90707e-05
2025-10-17 11:00:00,0.0143919977
2025-10-17 12:00:00,0.0039382973
2025-10-17 13:00:00,-0.0007727008
2025-10-17 14:00:00,-0.0107556297
2025-10-17 15:00:00,0.0127928995
2025-10-17 16:00:00,-0.0023011269
2025-10-17 17:00:00,0.0076577762
2025-10-17 18:00:00,0.0046871044
2025-10-17 19:00:00,-0.0021553251
2025-10-17 20:00:00,0.0075933987
2025-10-17 21:00:00,0.0052874676
2025-10-17 22:00:00,-0.0056841845
2025-10-17 23:00:00,-0.0059749346
2025-10-18 00:00:00,0.002113645
2025-10-18 01:00:00,0.0074881071
2025-10-18 02:00:00,-0.0044882088
2025-10-18 03:00:00,0.00501005
2025-10-18 04:00:00,-0.0069717035
2025-10-18 05:00:00,0.0062379482
2025-10-18 06:00:00,0.0011856254
2025-10-18 07:00:00,0.0052268247
2025-10-18 08:00:00,-0.0040039269
2025-10-18 09:00:00,0.0002732705
2025-10-18 10:00:00,-0.0004486155
2025-10-18 11:00:00,0.0015409515
2025-10-18 12:00:00,0.0002728977
2025-10-18 13:00:00,-0.0045356349
2025-10-18 14:00:00,0.0021465416
2025-10-18 15:00:00,0.0009413707
2025-10-18 16:00:00,-0.0031525609
2025-10-18 17:00:00,0.007253289
2025-10-18 18:00:00,-0.0014258869
2025-10-18 19:00:00,0.0014515599
2025-10-18 20:00:00,-0.0019453134
2025-10-18 21:00:00,0.0014265906
2025-10-18 22:00:00,-0.0015063341
2025-10-18 23:00:00,0.0007637328
2025-10-19 00:00:00,-0.0052317954
2025-10-19 01:00:00,0.0012292247
2025-10-19 02:00:00,-6.19416e-05
2025-10-19 03:00:00,0.0083711103
2025-10-19 04:00:00,-0.0008398564
2025-10-19 05:00:00,-0.0015509781
2025-10-19 06:00:00,-0.0039073194
2025-10-19 07:00:00,0.0015158986
2025-10-19 08:00:00,-0.00638538
2025-10-19 09:00:00,0.0127736875
2025-10-19 10:00:00,0.004713725
2025-10-19 11:00:00,-0.0017946631
2025-10-19 12:00:00,-0.0005097113
2025-10-19 13:00:00,0.0126629662
2025-10-19 14:00:00,0.0045907583
2025-10-19 15:00:00,-0.0026318347
2025-10-19 16:00:00,0.0004696717
2025-10-19 17:00:00,0.0032339852
2025-10-19 18:00:00,0.0021851593
2025-10-19 19:00:00,-0.0041343263
2025-10-19 20:00:00,0.0038320888
2025-10-19 21:00:00,-0.0011723463
2025-10-19 22:00:00,0.0058505221
2025-10-19 23:00:00,-0.0092704166
2025-10-20 00:00:00,-0.0104343947
2025-10-20 01:00:00,-0.0009006964
2025-10-20 02:00:00,0.0050158036
2025-10-20 03:00:00,0.0171028663
2025-10-20 04:00:00,0.0069302198
2025-10-20 05:00:00,0.0016432319
2025-10-20 06:00:00,0.0034574774
2025-10-20 07:00:00,-0.0049379902
2025-10-20 08:00:00,-0.0023348408
2025-10-20 09:00:00,-0.0001556853
2025-10-20 10:00:00,-0.0046222754
2025-10-20 11:00:00,0.0021849909
2025-10-20 12:00:00,0.0006216387
2025-10-20 13:00:00,0.0002054768
2025-10-20 14:00:00,-0.0001460575
2025-10-20 15:00:00,-0.0084156642
2025-10-20 16:00:00,-0.0136698147
2025-10-20 17:00:00,7.84585e-05
2025-10-20 18:00:00,0.0061461489
2025-10-20 19:00:00,0.0017114621
2025-10-20 20:00:00,0.0039870593
2025-10-20 21:00:00,-0.0053841567
2025-10-20 22:00:00,0.0036544574
2025-10-20 23:00:00,-0.0027220049
2025-10-21 00:00:00,-0.0018934613
2025-10-21 01:00:00,-0.0060589722
2025-10-21 02:00:00,-0.004258144
2025-10-21 03:00:00,-0.0021690215
2025-10-21 04:00:00,-0.0183435696
2025-10-21 05:00:00,0.0032006164
2025-10-21 06:00:00,0.0062086767
2025-10-21 07:00:00,0.0015211317
2025-10-21 08:00:00,-0.0066669318
2025-10-21 09:00:00,-0.0012595421
2025-10-21 10:00:00,0.0053813872
2025-10-21 11:00:00,0.0017282799
2025-10-21 12:00:00,-0.0028305887
2025-10-21 13:00:00,-0.0035572987
2025-10-21 14:00:00,0.0396548832
2025-10-21 15:00:00,0.0148374555
2025-10-21 16:00:00,-0.0130519425
2025-10-21 17:00:00,-0.0033376981
2025-10-21 18:00:00,-0.000117009
2025-10-21 19:00:00,-0.0048116971
2025-10-21 20:00:00,-0.0102973278
2025-10-21 21:00:00,-0.0021482394
2025-10-21 22:00:00,-0.0112719801
2025-10-21 23:00:00,-0.0073535793
2025-10-22 00:00:00,-0.007993192
2025-10-22 01:00:00,0.0069862284
2025-10-22 02:00:00,-0.0018616779
2025-10-22 03:00:00,-0.0006886643
2025-10-22 04:00:00,0.0050658526
2025-10-22 05:00:00,-0.0045040119
2025-10-22 06:00:00,-0.0023997358
2025-10-22 07:00:00,0.0041479654
2025-10-22 08:00:00,-0.0036706693
2025-10-22 09:00:00,-0.0044341245
2025-10-22 10:00:00,-0.0045349894
2025-10-22 11:00:00,0.0025585187
2025-10-22 12:00:00,0.004518231
2025-10-22 13:00:00,0.0066967137
2025-10-22 14:00:00,-0.0062395186
2025-10-22 15:00:00,-0.0016063008
2025-10-22 16:00:00,-0.0021640042
2025-10-22 17:00:00,-0.0072631119
2025-10-22 18:00:00,-0.0014452996
2025-10-22 19:00:00,0.0003628352
2025-10-22 20:00:00,-0.0059772348
2025-10-22 21:00:00,-0.0095952609
2025-10-22 22:00:00,0.0019258989
2025-10-22 23:00:00,0.0140250671
2025-10-23 00:00:00,0.0024932695
2025-10-23 01:00:00,0.0017625303
2025-10-23 02:00:00,0.0012029164
2025-10-23 03:00:00,0.0002273455
2025-10-23 04:00:00,0.0024244144
2025-10-23 05:00:00,0.0031775346
2025-10-23 06:00:00,0.0114086476
2025-10-23 07:00:00,-0.0028399829
2025-10-23 08:00:00,0.0015881947
2025-10-23 09:00:00,0.0006196639
2025-10-23 10:00:00,-0.0029835669
2025-10-23 11:00:00,-0.0036986761
2025-10-23 12:00:00,-0.0024872412
2025-10-23 13:00:00,-0.0006487356
2025-10-23 14:00:00,-0.0011168107
2025-10-23 15:00:00,0.0077709801
2025-10-23 16:00:00,0.0106161459
2025-10-23 17:00:00,0.0009715881
2025-10-23 18:00:00,-0.0132807075
2025-10-23 19:00:00,-0.0022833392
2025-10-23 20:00:00,-0.0084206153
2025-10-23 21:00:00,-0.0003525113
2025-10-23 22:00:00,0.0063366487
2025-10-23 23:00:00,0.001335614
2025-10-24 00:00:00,0.0027641057
2025-10-24 01:00:00,0.0035242645
2025-10-24 02:00:00,0.0021893077
2025-10-24 03:00:00,0.0001927176
2025-10-24 04:00:00,0.0212646599
2025-10-24 05:00:00,-5.28219e-05
2025-10-24 06:00:00,0.002183492
2025-10-24 07:00:00,-0.0085146154
2025-10-24 08:00:00,0.0008931746
2025-10-24 09:00:00,0.0013950952
2025-10-24 10:00:00,-0.000459762
2025-10-24 11:00:00,-0.0026540751
2025-10-24 12:00:00,0.0043632204
2025-10-24 13:00:00,-0.0042010921
2025-10-24 14:00:00,-0.0113412075
2025-10-24 15:00:00,-0.0034877534
2025-10-24 16:00:00,0.0002005095
2025-10-24 17:00:00,-0.0001362393
2025-10-24 18:00:00,0.0058978168
2025-10-24 19:00:00,0.0035332706
2025-10-24 20:00:00,0.0032441889
2025-10-24 21:00:00,0.0011492111
2025-10-24 22:00:00,-0.0018576611
2025-10-24 23:00:00,-0.0002184765
2025-10-25 00:00:00,-0.0042035215
2025-10-25 01:00:00,0.0037410068
2025-10-25 02:00:00,0.0002795674
2025-10-25 03:00:00,-0.0031585712
2025-10-25 04:00:00,0.0002599852
2025-10-25 05:00:00,0.0018892335
2025-10-25 06:00:00,-0.0007481373
2025-10-25 07:00:00,0.0001909045
2025-10-25 08:00:00,0.0065070951
2025-10-25 09:00:00,-0.002917248
2025-10-25 10:00:00,2.78959e-05
2025-10-25 11:00:00,-0.000520007
2025-10-25 12:00:00,0.0032550999
2025-10-25 13:00:00,-0.0026260526
2025-10-25 14:00:00,-0.0010706313
2025-10-25 15:00:00,-0.0013970953
2025-10-25 16:00:00,-0.000111852
2025-10-25 17:00:00,0.000541349
2025-10-25 18:00:00,0.006281555
2025-10-25 19:00:00,-0.0006693348
2025-10-25 20:00:00,-0.0031126027
2025-10-25 21:00:00,0.0019294369
2025-10-25 22:00:00,0.0022766016
2025-10-25 23:00:00,-0.0019124015
2025-10-26 00:00:00,-0.000865192
2025-10-26 01:00:00,-0.0043499337
2025-10-26 02:00:00,-0.0006738382
2025-10-26 03:00:00,0.0002899332
2025-10-26 04:00:00,0.0020830113
2025-10-26 05:00:00,0.0009790395
2025-10-26 06:00:00,0.0002332048
2025-10-26 07:00:00,0.0017650154
2025-10-26 08:00:00,0.0019159564
2025-10-26 09:00:00,0.0075446234
2025-10-26 10:00:00,-0.0016379198
2025-10-26 11:00:00,0.0154690409
2025-10-26 12:00:00,0.0064602032
2025-10-26 13:00:00,0.0029647889
2025-10-26 14:00:00,-0.0040705569
2025-10-26 15:00:00,0.0019158882
2025-10-26 16:00:00,-0.0047473075
2025-10-26 17:00:00,0.0008453409
2025-10-26 18:00:00,0.0033496832
2025-10-26 19:00:00,-0.0011251469
2025-10-26 20:00:00,-0.0013700637
2025-10-26 21:00:00,0.0043031102
2025-10-26 22:00:00,0.0194866598
2025-10-26 23:00:00,-0.0003678092
2025-10-27 00:00:00,0.0026941315
2025-10-27 01:00:00,0.0052019983
2025-10-27 02:00:00,0.0033840819
2025-10-27 03:00:00,-0.0002996041
2025-10-27 04:00:00,0.0017606705
2025-10-27 05:00:00,0.0049328203
2025-10-27 06:00:00,0.0006045664
2025-10-27 07:00:00,-0.0080474604
2025-10-27 08:00:00,-0.0085111168
2025-10-27 09:00:00,-0.0015998735
2025-10-27 10:00:00,0.0018182762
2025-10-27 11:00:00,-0.0016620196
2025-10-27 12:00:00,-0.0036507553
2025-10-27 13:00:00,0.0079705822
2025-10-27 14:00:00,-0.0071000303
2025-10-27 15:00:00,0.0058570846
2025-10-27 16:00:00,0.0100334413
2025-10-27 17:00:00,0.0015930176
2025-10-27 18:00:00,-0.0015431974
2025-10-27 19:00:00,-0.0052137216
2025-10-27 20:00:00,-0.0155252767
2025-10-27 21:00:00,-0.0029034004
2025-10-27 22:00:00,0.0015534097
2025-10-27 23:00:00,-0.0007812576
2025-10-28 00:00:00,-0.0010223795
2025-10-28 01:00:00,0.0051280672
2025-10-28 02:00:00,-0.0098454994
2025-10-28 03:00:00,-0.0005127805
2025-10-28 04:00:00,0.0016692335
2025-10-28 05:00:00,-0.0083225365
2025-10-28 06:00:00,0.0111908122
2025-10-28 07:00:00,0.0011275246
2025-10-28 08:00:00,0.001465824
2025-10-28 09:00:00,-2.42511e-05
2025-10-28 10:00:00,-0.0013857157
2025-10-28 11:00:00,-0.0011201679
2025-10-28 12:00:00,0.001894561
2025-10-28 13:00:00,0.0090129982
2025-10-28 14:00:00,-0.0097242522
2025-10-28 15:00:00,-0.0051565205
2025-10-28 16:00:00,0.0092665469
2025-10-28 17:00:00,0.0013461376
2025-10-28 18:00:00,-0.0062772838
2025-10-28 19:00:00,-0.0188711693
2025-10-28 20:00:00,-0.0143732316
2025-10-28 21:00:00,0.0008639266
2025-10-28 22:00:00,0.0031279946
2025-10-28 23:00:00,-0.0040019712
2025-10-29 00:00:00,-0.0017099781
2025-10-29 01:00:00,0.0025789341
2025-10-29 02:00:00,0.0050880501
2025-10-29 03:00:00,-0.0013646215
2025-10-29 04:00:00,0.0041206707
2025-10-29 05:00:00,0.0033493955
2025-10-29 06:00:00,-0.0006853772
2025-10-29 07:00:00,-0.0001018534
2025-10-29 08:00:00,-0.0041550082
2025-10-29 09:00:00,-0.0025028176
2025-10-29 10:00:00,-0.0021506273
2025-10-29 11:00:00,0.0053018563
2025-10-29 12:00:00,0.0013702557
2025-10-29 13:00:00,-0.0051694407
2025-10-29 14:00:00,-0.0017984625
2025-10-29 15:00:00,-0.0094029854
2025-10-29 16:00:00,0.0027799698
2025-10-29 17:00:00,0.0127939075
2025-10-29 18:00:00,-0.0240497859
2025-10-29 19:00:00,-0.0035386411
2025-10-29 20:00:00,0.0121233664
2025-10-29 21:00:00,0.0010192662
2025-10-29 22:00:00,-0.0038117572
2025-10-29 23:00:00,-0.009021
2025-10-30 00:00:00,0.0044709654
2025-10-30 01:00:00,0.0009707489
2025-10-30 02:00:00,0.0047915054
2025-10-30 03:00:00,-0.0029112915
2025-10-30 04:00:00,-0.0160995205
2025-10-30 05:00:00,0.0117076938
2025-10-30 06:00:00,-0.0007611031
2025-10-30 07:00:00,0.0066642043
2025-10-30 08:00:00,-0.0047370304
2025-10-30 09:00:00,-0.0054721378
2025-10-30 10:00:00,-0.0018144517
2025-10-30 11:00:00,-0.0027343049
2025-10-30 12:00:00,-0.0165306757
2025-10-30 13:00:00,-0.0136073022
2025-10-30 14:00:00,0.0091297807
2025-10-30 15:00:00,-0.007265348
2025-10-30 16:00:00,0.0017207835
2025-10-30 17:00:00,-0.0027440673
2025-10-30 18:00:00,-0.0132510266
2025-10-30 19:00:00,-0.0088250199
2025-10-30 20:00:00,0.0184223973
2025-10-30 21:00:00,0.0039612745
2025-10-30 22:00:00,0.0031397865
2025-10-30 23:00:00,0.0055406769
2025-10-31 00:00:00,0.0070591518
2025-10-31 01:00:00,0.0037203335
2025-10-31 02:00:00,-0.0065066078
2025-10-31 03:00:00,0.0020865153
2025-10-31 04:00:00,0.0088569794
2025-10-31 05:00:00,-0.0033790693
2025-10-31 06:00:00,-0.0051514689
2025-10-31 07:00:00,0.0001540432
2025-10-31 08:00:00,0.0054934607
2025-10-31 09:00:00,-0.0020012274
2025-10-31 10:00:00,-0.0023207154
2025-10-31 11:00:00,0.0102733167
2025-10-31 12:00:00,-0.010286355
2025-10-31 13:00:00,0.0056556751
2025-10-31 14:00:00,0.0022714538
2025-10-31 15:00:00,-0.0014005949
2025-10-31 16:00:00,-0.0103200682
2025-10-31 17:00:00,0.0014464799
2025-10-31 18:00:00,0.0064846897
2025-10-31 19:00:00,0.0086388544
2025-10-31 20:00:00,-0.0065375664
2025-10-31 21:00:00,0.0003782815
2025-10-31 22:00:00,-0.0017371288
2025-10-31 23:00:00,-0.0018623358
2025-11-01 00:00:00,2.5998e-06
2025-11-01 01:00:00,-0.0011263533
2025-11-01 02:00:00,0.0022696174
2025-11-01 03:00:00,0.0022644779
2025-11-01 04:00:00,0.0013929706
2025-11-01 05:00:00,-0.0030240195
2025-11-01 06:00:00,0.0008067812
2025-11-01 07:00:00,0.0006610234
2025-11-01 08:00:00,0.0056307605
2025-11-01 09:00:00,-0.0019654835
2025-11-01 10:00:00,0.0001290872
2025-11-01 11:00:00,0.0004955401
2025-11-01 12:00:00,-0.0004284214
2025-11-01 13:00:00,-0.0013742511
2025-11-01 14:00:00,0.000762271
2025-11-01 15:00:00,0.0055919957
2025-11-01 16:00:00,-0.0004984289
2025-11-01 17:00:00,-0.0069214065
2025-11-01 18:00:00,0.0038250742
2025-11-01 19:00:00,-0.0003377529
2025-11-01 20:00:00,0.0005181848
2025-11-01 21:00:00,-0.0035191349
2025-11-01 22:00:00,0.0018630954
2025-11-01 23:00:00,-3.61436e-05
2025-11-02 00:00:00,-0.0018657493
2025-11-02 01:00:00,0.0014474214
2025-11-02 02:00:00,0.002267718
2025-11-02 03:00:00,-0.0002654622
2025-11-02 04:00:00,0.0071019104
2025-11-02 05:00:00,-0.0012651454
2025-11-02 06:00:00,-0.0003844705
2025-11-02 07:00:00,0.0012758731
2025-11-02 08:00:00,-0.0031156867
2025-11-02 09:00:00,-0.0055579164
2025-11-02 10:00:00,-0.0025342198
2025-11-02 11:00:00,0.007056555
2025-11-02 12:00:00,-0.0035930079
2025-11-02 13:00:00,-0.0020482469
2025-11-02 14:00:00,-0.0040597962
2025-11-02 15:00:00,0.0002803367
2025-11-02 16:00:00,0.0027705838
2025-11-02 17:00:00,-0.0013337945
2025-11-02 18:00:00,0.0012742649
2025-11-02 19:00:00,-0.0022128718
2025-11-02 20:00:00,0.0008375286
2025-11-02 21:00:00,0.0007151037
2025-11-02 22:00:00,-0.0018795366
2025-11-02 23:00:00,0.0135927125
2025-11-03 00:00:00,-0.0106802878
2025-11-03 01:00:00,-0.0068540542
2025-11-03 02:00:00,-0.0105884837
2025-11-03 03:00:00,-0.0164639209
2025-11-03 04:00:00,0.0027450846
2025-11-03 05:00:00,-0.0039904731
2025-11-03 06:00:00,-0.0036621128
2025-11-03 07:00:00,-0.0011141793
2025-11-03 08:00:00,0.0006514343
2025-11-03 09:00:00,-0.0035935527
2025-11-03 10:00:00,-0.0077975007
2025-11-03 11:00:00,0.010184758
2025-11-03 12:00:00,-0.0005093427
2025-11-03 13:00:00,0.0027484488
2025-11-03 14:00:00,0.0036359237
2025-11-03 15:00:00,-0.0399214311
2025-11-03 16:00:00,0.0084882236
2025-11-03 17:00:00,0.0133517804
2025-11-03 18:00:00,-0.0096135614
2025-11-03 19:00:00,-0.0002340905
2025-11-03 20:00:00,-0.011852984
2025-11-03 21:00:00,0.0034167996
2025-11-03 22:00:00,-0.0030015976
2025-11-03 23:00:00,0.0038206724
2025-11-04 00:00:00,0.0039913578
2025-11-04 01:00:00,0.007153325
2025-11-04 02:00:00,-0.0049277516
2025-11-04 03:00:00,0.00427157
2025-11-04 04:00:00,-0.0044646618
2025-11-04 05:00:00,-0.0375156237
2025-11-04 06:00:00,0.0057091686
2025-11-04 07:00:00,-0.0054743333
2025-11-04 08:00:00,0.0004838158
2025-11-04 09:00:00,-0.0010824681
2025-11-04 10:00:00,-0.0021512293
2025-11-04 11:00:00,0.0130142418
2025-11-04 12:00:00,-0.0051945069
2025-11-04 13:00:00,-0.0012543583
2025-11-04 14:00:00,0.0138303271
2025-11-04 15:00:00,-0.013864559
2025-11-04 16:00:00,-0.0224177484
2025-11-04 17:00:00,-0.0167836807
2025-11-04 18:00:00,-0.0207284449
2025-11-04 19:00:00,-0.0222320193
2025-11-04 20:00:00,-0.0051853808
2025-11-04 21:00:00,0.000264577
2025-11-04 22:00:00,0.0090806773
2025-11-04 23:00:00,0.0134058724
2025-11-05 00:00:00,-0.0143624087
2025-11-05 01:00:00,0.0012248192
2025-11-05 02:00:00,0.0248333816
2025-11-05 03:00:00,0.0029131949
2025-11-05 04:00:00,-0.0018159966
2025-11-05 05:00:00,-0.0008295513
2025-11-05 06:00:00,0.0034369504
2025-11-05 07:00:00,-0.0018806047
2025-11-05 08:00:00,-0.0092291643
2025-11-05 09:00:00,0.0020492276
2025-11-05 10:00:00,-0.0092257826
2025-11-05 11:00:00,0.0140281617
2025-11-05 12:00:00,0.0065568695
2025-11-05 13:00:00,0.0046292374
2025-11-05 14:00:00,-0.0034101951
2025-11-05 15:00:00,0.0145167019
2025-11-05 16:00:00,0.0116217777
2025-11-05 17:00:00,-0.0006722024
2025-11-05 18:00:00,0.0078086094
2025-11-05 19:00:00,-0.0016939798
2025-11-05 20:00:00,-0.0014563397
2025-11-05 21:00:00,-0.0027766794
2025-11-05 22:00:00,-0.0050070229
2025-11-05 23:00:00,5.8401e-06
2025-11-06 00:00:00,-0.0051848097
2025-11-06 01:00:00,-0.0007634485
2025-11-06 02:00:00,0.0050952426
2025-11-06 03:00:00,0.0031076632
2025-11-06 04:00:00,0.0058071211
2025-11-06 05:00:00,-0.0190103171
2025-11-06 06:00:00,-0.0007708177
2025-11-06 07:00:00,-0.0014398595
2025-11-06 08:00:00,0.0015343979
2025-11-06 09:00:00,-0.0005555408
2025-11-06 10:00:00,0.0029219938
2025-11-06 11:00:00,0.0016932062
2025-11-06 12:00:00,-0.0145426826
2025-11-06 13:00:00,0.0118203739
2025-11-06 14:00:00,-0.0187192978
2025-11-06 15:00:00,-0.0083371799
2025-11-06 16:00:00,-0.0074937257
2025-11-06 17:00:00,0.0161314586
2025-11-06 18:00:00,0.0001201959
2025-11-06 19:00:00,-0.0010070873
2025-11-06 20:00:00,-0.0060941766
2025-11-06 21:00:00,0.0059768677
2025-11-06 22:00:00,-0.0016949948
2025-11-06 23:00:00,-0.00174013
2025-11-07 00:00:00,0.0030439956
2025-11-07 01:00:00,-0.0003340853
2025-11-07 02:00:00,0.0066635811
2025-11-07 03:00:00,-0.0002930911
2025-11-07 04:00:00,-0.001646495
2025-11-07 05:00:00,0.0082827575
2025-11-07 06:00:00,-0.0056735712
2025-11-07 07:00:00,0.0030076646
2025-11-07 08:00:00,-0.0052483994
2025-11-07 09:00:00,-0.0115249876
2025-11-07 10:00:00,-0.0066602165
2025-11-07 11:00:00,-0.0062198559
2025-11-07 12:00:00,-0.0117399813
2025-11-07 13:00:00,0.0056541236
2025-11-07 14:00:00,0.0143866643
2025-11-07 15:00:00,0.0031330508
2025-11-07 16:00:00,0.0034619665
2025-11-07 17:00:00,0.0228346152
2025-11-07 18:00:00,0.0117199228
2025-11-07 19:00:00,0.0052816383
2025-11-07 20:00:00,0.006536359
2025-11-07 21:00:00,0.0007877299
2025-11-07 22:00:00,-0.0062670371
2025-11-07 23:00:00,-0.0031832486
2025-11-08 00:00:00,-0.0038157853
2025-11-08 01:00:00,0.0035624346
2025-11-08 02:00:00,0.0015656697
2025-11-08 03:00:00,0.003883207
2025-11-08 04:00:00,0.0014299073
2025-11-08 05:00:00,-0.0081785793
2025-11-08 06:00:00,0.0043270648
2025-11-08 07:00:00,0.0007633666
2025-11-08 08:00:00,0.0016958959
2025-11-08 09:00:00,-0.004109893
2025-11-08 10:00:00,0.0020976916
2025-11-08 11:00:00,-0.0098730154
2025-11-08 12:00:00,-0.0012553162
2025-11-08 13:00:00,-0.0033660316
2025-11-08 14:00:00,0.0006270285
2025-11-08 15:00:00,-0.0067175483
2025-11-08 16:00:00,-0.0022126265
2025-11-08 17:00:00,0.0091008468
2025-11-08 18:00:00,0.0009881482
2025-11-08 19:00:00,-0.0040351971
2025-11-08 20:00:00,0.0023641858
2025-11-08 21:00:00,0.0027374681
2025-11-08 22:00:00,0.0010007881
2025-11-08 23:00:00,-0.0025759016
2025-11-09 00:00:00,-0.0049087269
2025-11-09 01:00:00,0.0048204942
2025-11-09 02:00:00,-0.0097385855
2025-11-09 03:00:00,0.0020946268
2025-11-09 04:00:00,-9.78098e-05
2025-11-09 05:00:00,0.0091114384
2025-11-09 06:00:00,-5.87456e-05
2025-11-09 07:00:00,0.0047764819
2025-11-09 08:00:00,-0.0001695698
2025-11-09 09:00:00,-0.0057031504
2025-11-09 10:00:00,-0.0008590207
2025-11-09 11:00:00,0.0085892777
2025-11-09 12:00:00,0.0040186777
2025-11-09 13:00:00,0.0051048398
2025-11-09 14:00:00,0.0136580093
2025-11-09 15:00:00,0.0027087898
2025-11-09 16:00:00,0.0035436562
2025-11-09 17:00:00,-0.0040757202
2025-11-09 18:00:00,0.0078073792
2025-11-09 19:00:00,0.0107378568
2025-11-09 20:00:00,-0.0001816086
2025-11-09 21:00:00,0.0003687707
2025-11-09 22:00:00,0.0018947882
2025-11-09 23:00:00,-0.0011911488
2025-11-10 00:00:00,0.0145641713
2025-11-10 01:00:00,-0.0017318024
2025-11-10 02:00:00,-0.0002618209
2025-11-10 03:00:00,-0.00021502
2025-11-10 04:00:00,-0.0029321891
2025-11-10 05:00:00,-0.0026108555
2025-11-10 06:00:00,-0.0005906716
2025-11-10 07:00:00,0.0010424523
2025-11-10 08:00:00,-0.004179128
2025-11-10 09:00:00,0.0082856714
2025-11-10 10:00:00,-0.0049825741
2025-11-10 11:00:00,0.0012084996
2025-11-10 12:00:00,-0.0051685156
2025-11-10 13:00:00,0.0065304837
2025-11-10 14:00:00,-0.0207455096
2025-11-10 15:00:00,-0.0063181785
2025-11-10 16:00:00,0.0027446696
2025-11-10 17:00:00,0.0075422826
2025-11-10 18:00:00,-0.0064289665
2025-11-10 19:00:00,0.0070504784
2025-11-10 20:00:00,0.0038246115
2025-11-10 21:00:00,-0.0085024553
2025-11-10 22:00:00,0.009728395
2025-11-10 23:00:00,-0.0024786214
2025-11-11 00:00:00,0.0052663717
2025-11-11 01:00:00,-0.0015297865
2025-11-11 02:00:00,0.0097139157
2025-11-11 03:00:00,-0.0025680356
2025-11-11 04:00:00,-0.0088039283
2025-11-11 05:00:00,-0.007336143
2025-11-11 06:00:00,0.0024916711
2025-11-11 07:00:00,-0.0036537568
2025-11-11 08:00:00,0.0052131686
2025-11-11 09:00:00,-0.0018687734
2025-11-11 10:00:00,0.0013464305
2025-11-11 11:00:00,0.0037766206
2025-11-11 12:00:00,-0.0093511965
2025-11-11 13:00:00,-0.0021660883
2025-11-11 14:00:00,-0.0007391266
2025-11-11 15:00:00,-0.0139988108
2025-11-11 16:00:00,0.0009906549
2025-11-11 17:00:00,-0.0032887296
2025-11-11 18:00:00,-0.001348513
2025-11-11 19:00:00,-0.0035470761
2025-11-11 20:00:00,-0.0054694176
2025-11-11 21:00:00,-0.0056457845
2025-11-11 22:00:00,0.003108396
2025-11-11 23:00:00,-0.0037083999
2025-11-12 00:00:00,0.0003776054
2025-11-12 01:00:00,0.0086138849
2025-11-12 02:00:00,-0.0059454436
2025-11-12 03:00:00,0.0034353831
2025-11-12 04:00:00,0.0016682656
2025-11-12 05:00:00,0.0015350177
2025-11-12 06:00:00,-0.0030084119
2025-11-12 07:00:00,-0.0029912368
2025-11-12 08:00:00,0.0116204674
2025-11-12 09:00:00,0.0046858299
2025-11-12 10:00:00,0.0140828133
2025-11-12 11:00:00,0.004308745
2025-11-12 12:00:00,0.0006703357
2025-11-12 13:00:00,0.0069751804
2025-11-12 14:00:00,-0.0210475197
2025-11-12 15:00:00,-0.0213104368
2025-11-12 16:00:00,-0.0086953503
2025-11-12 17:00:00,0.0089549296
2025-11-12 18:00:00,-0.0017016164
2025-11-12 19:00:00,-0.0045234837
2025-11-12 20:00:00,0.0022774747
2025-11-12 21:00:00,0.0020677994
2025-11-12 22:00:00,-0.0004208176
2025-11-12 23:00:00,-0.0022532154
2025-11-13 00:00:00,-0.0005509077
2025-11-13 01:00:00,0.0034498886
2025-11-13 02:00:00,0.0027274799
2025-11-13 03:00:00,0.0054240513
2025-11-13 04:00:00,0.0087895092
2025-11-13 05:00:00,0.0130141549
2025-11-13 06:00:00,0.0034977736
2025-11-13 07:00:00,-0.0006725691
2025-11-13 08:00:00,-0.004090356
2025-11-13 09:00:00,-0.0108160377
2025-11-13 10:00:00,0.0056737457
2025-11-13 11:00:00,-0.0013047136
2025-11-13 12:00:00,0.0002342315
2025-11-13 13:00:00,-0.0184601114
2025-11-13 14:00:00,0.001694721
2025-11-13 15:00:00,-0.0166141151
2025-11-13 16:00:00,-0.0178082674
2025-11-13 17:00:00,-0.0221431898
2025-11-13 18:00:00,-0.0129178542
2025-11-13 19:00:00,-0.0047217373
2025-11-13 20:00:00,-0.0086964446
2025-11-13 21:00:00,0.0026219191
2025-11-13 22:00:00,0.0155267978
2025-11-13 23:00:00,0.0007434185
2025-11-14 00:00:00,-0.0094827251
2025-11-14 01:00:00,0.0019549188
2025-11-14 02:00:00,0.009637342
2025-11-14 03:00:00,-0.0031938725
2025-11-14 04:00:00,-0.0204239552
2025-11-14 05:00:00,0.009637635
2025-11-14 06:00:00,0.0090613528
2025-11-14 07:00:00,-0.0021915211
2025-11-14 08:00:00,-0.0033790556
2025-11-14 09:00:00,-0.0148890028
2025-11-14 10:00:00,0.006469795
2025-11-14 11:00:00,-0.0103311347
2025-11-14 12:00:00,-0.0059385231
2025-11-14 13:00:00,-0.001864447
2025-11-14 14:00:00,0.0247093488
2025-11-14 15:00:00,-0.0007447997
2025-11-14 16:00:00,0.0109005206
2025-11-14 17:00:00,-0.0162965136
2025-11-14 18:00:00,-0.0033861572
2025-11-14 19:00:00,0.0122510662
2025-11-14 20:00:00,-0.0222491817
2025-11-14 21:00:00,0.0095179552
2025-11-14 22:00:00,-0.0026798598
2025-11-14 23:00:00,-0.0147934289
2025-11-15 00:00:00,0.0091540265
2025-11-15 01:00:00,0.0102416749
2025-11-15 02:00:00,0.0062529971
2025-11-15 03:00:00,-0.0042807653
2025-11-15 04:00:00,-0.0022687179
2025-11-15 05:00:00,0.0022120626
2025-11-15 06:00:00,-0.0010297965
2025-11-15 07:00:00,0.0001732816
2025-11-15 08:00:00,-0.0105299967
2025-11-15 09:00:00,0.0031278137
2025-11-15 10:00:00,0.0049861362
2025-11-15 11:00:00,-0.0051130926
2025-11-15 12:00:00,0.0030583341
2025-11-15 13:00:00,0.0096114615
2025-11-15 14:00:00,-0.0046461814
2025-11-15 15:00:00,0.0025252499
2025-11-15 16:00:00,2.82668e-05
2025-11-15 17:00:00,0.009054391
2025-11-15 18:00:00,-0.002196656
2025-11-15 19:00:00,-0.0031585436
2025-11-15 20:00:00,-0.0074121175
2025-11-15 21:00:00,-0.005173834
2025-11-15 22:00:00,0.0043128592
2025-11-15 23:00:00,-0.0011080578
2025-11-16 00:00:00,-0.0044191691
2025-11-16 01:00:00,-0.0011396121
2025-11-16 02:00:00,0.0163282949
2025-11-16 03:00:00,0.0002655706
2025-11-16 04:00:00,-0.0030880976
2025-11-16 05:00:00,0.0035003735
2025-11-16 06:00:00,-0.0013749143
2025-11-16 07:00:00,0.006144312
2025-11-16 08:00:00,-0.0003077196
2025-11-16 09:00:00,0.0091690814
2025-11-16 10:00:00,-0.0038919262
2025-11-16 11:00:00,-0.020984063
2025-11-16 12:00:00,0.0001263109
2025-11-16 13:00:00,-0.0047952007
2025-11-16 14:00:00,0.0057514877
2025-11-16 15:00:00,-0.0213814024
2025-11-16 16:00:00,-0.0139317748
2025-11-16 17:00:00,0.0058943012
2025-11-16 18:00:00,-0.0062799927
2025-11-16 19:00:00,0.0099540532
2025-11-16 20:00:00,-0.0006313796
2025-11-16 21:00:00,-0.0052510094
2025-11-16 22:00:00,0.0059600697
2025-11-16 23:00:00,0.0010739646
2025-11-17 00:00:00,0.0132962318
2025-11-17 01:00:00,-0.0068444302
2025-11-17 02:00:00,0.010900753
2025-11-17 03:00:00,0.0084134218
2025-11-17 04:00:00,0.0026652208
2025-11-17 05:00:00,0.0004241435
2025-11-17 06:00:00,0.0025285574
2025-11-17 07:00:00,0.0013870475
2025-11-17 08:00:00,-0.0025470058
2025-11-17 09:00:00,0.0015108158
2025-11-17 10:00:00,0.0004258757
2025-11-17 11:00:00,0.0024202865
2025-11-17 12:00:00,-0.0063948633
2025-11-17 13:00:00,-0.0197510166
2025-11-17 14:00:00,0.0096639454
2025-11-17 15:00:00,-0.0101577821
2025-11-17 16:00:00,0.0044325817
2025-11-17 17:00:00,-0.0243331074
2025-11-17 18:00:00,-0.0110084645
2025-11-17 19:00:00,-0.0146832597
2025-11-17 20:00:00,0.007395239
2025-11-17 21:00:00,0.0012122626
2025-11-17 22:00:00,0.0051821414
2025-11-17 23:00:00,0.0024208442
2025-11-18 00:00:00,0.0005349695
2025-11-18 01:00:00,-0.0047653491
2025-11-18 02:00:00,-0.0108024429
2025-11-18 03:00:00,0.0129430405
2025-11-18 04:00:00,-0.0062024145
2025-11-18 05:00:00,0.0019831109
2025-11-18 06:00:00,-0.0074469849
2025-11-18 07:00:00,0.0116993887
2025-11-18 08:00:00,0.0118519808
2025-11-18 09:00:00,6.5419e-06
2025-11-18 10:00:00,0.0017810782
2025-11-18 11:00:00,-0.0026973626
2025-11-18 12:00:00,-0.0026915269
2025-11-18 13:00:00,-0.0004104302
2025-11-18 14:00:00,0.003642012
2025-11-18 15:00:00,0.0155940415
2025-11-18 16:00:00,0.0146754599
2025-11-18 17:00:00,-0.0052486875
2025-11-18 18:00:00,0.0079181457
2025-11-18 19:00:00,-0.0045601393
2025-11-18 20:00:00,-0.0073391135
2025-11-18 21:00:00,-0.0079454852
2025-11-18 22:00:00,0.0087653858
2025-11-18 23:00:00,-0.0006020489
2025-11-19 00:00:00,-0.0074175754
2025-11-19 01:00:00,0.0013480612
2025-11-19 02:00:00,0.0027485365
2025-11-19 03:00:00,-0.013160809
2025-11-19 04:00:00,-0.0076266251
2025-11-19 05:00:00,-0.0105497485
2025-11-19 06:00:00,0.00788818
2025-11-19 07:00:00,0.0142987682
2025-11-19 08:00:00,-0.0015581181
2025-11-19 09:00:00,0.0026117172
2025-11-19 10:00:00,0.0009650947
2025-11-19 11:00:00,-0.0025345516
2025-11-19 12:00:00,0.0053532487
2025-11-19 13:00:00,-0.0106602688
2025-11-19 14:00:00,-0.0022013419
2025-11-19 15:00:00,-0.0290034046
2025-11-19 16:00:00,-0.0077038599
2025-11-19 17:00:00,-0.009368173
2025-11-19 18:00:00,-0.008548148
2025-11-19 19:00:00,-0.0062283051
2025-11-19 20:00:00,0.0221175881
2025-11-19 21:00:00,0.0155571021
2025-11-19 22:00:00,-0.0023653187
2025-11-19 23:00:00,0.0137481533
2025-11-20 00:00:00,-0.0019970035
2025-11-20 01:00:00,0.0094726141
2025-11-20 02:00:00,-0.001363721
2025-11-20 03:00:00,-0.0014050977
2025-11-20 04:00:00,0.0048354977
2025-11-20 05:00:00,-0.0062227873
2025-11-20 06:00:00,-0.0048293065
2025-11-20 07:00:00,0.0060815764
2025-11-20 08:00:00,-0.0027075308
2025-11-20 09:00:00,-0.0066298585
2025-11-20 10:00:00,0.0012823496
2025-11-20 11:00:00,0.0027915569
2025-11-20 12:00:00,0.0017432528
2025-11-20 13:00:00,-0.0095673218
2025-11-20 14:00:00,0.0005437457
2025-11-20 15:00:00,-0.0153784041
2025-11-20 16:00:00,-0.0325620408
2025-11-20 17:00:00,-0.0096221688
2025-11-20 18:00:00,-0.0072076025
2025-11-20 19:00:00,0.011863257
2025-11-20 20:00:00,-0.004542619
2025-11-20 21:00:00,0.0157175605
2025-11-20 22:00:00,0.0022922407
2025-11-20 23:00:00,-0.0180592527
2025-11-21 00:00:00,0.0092996453
2025-11-21 01:00:00,0.0004723393
2025-11-21 02:00:00,-0.0279367394
2025-11-21 03:00:00,0.0093267726
2025-11-21 04:00:00,0.0032767842
2025-11-21 05:00:00,-0.003447856
2025-11-21 06:00:00,-0.0067772623
2025-11-21 07:00:00,-0.0255363646
2025-11-21 08:00:00,0.0067545141
2025-11-21 09:00:00,-0.0209619212
2025-11-21 10:00:00,0.0059863699
2025-11-21 11:00:00,-0.0035212155
2025-11-21 12:00:00,0.014536177
2025-11-21 13:00:00,0.0051628798
2025-11-21 14:00:00,0.0106332001
2025-11-21 15:00:00,-0.0238238404
2025-11-21 16:00:00,0.021414314
2025-11-21 17:00:00,0.0063369623
2025-11-21 18:00:00,-0.0005328514
2025-11-21 19:00:00,-0.0096983792
2025-11-21 20:00:00,-0.0049248882
2025-11-21 21:00:00,0.0105201757
2025-11-21 22:00:00,-0.0164026857
2025-11-21 23:00:00,0.0157877574
2025-11-22 00:00:00,0.0002351643
2025-11-22 01:00:00,0.0029222729
2025-11-22 02:00:00,-0.0077923977
2025-11-22 03:00:00,-4.7258e-05
2025-11-22 04:00:00,-0.0021034252
2025-11-22 05:00:00,-0.0013670492
2025-11-22 06:00:00,0.0082395293
2025-11-22 07:00:00,-0.0036209533
2025-11-22 08:00:00,-0.0094601734
2025-11-22 09:00:00,-0.0016215367
2025-11-22 10:00:00,-0.0046222095
2025-11-22 11:00:00,0.0080822177
2025-11-22 12:00:00,-0.0051503771
2025-11-22 13:00:00,-0.0007211132
2025-11-22 14:00:00,0.00985908
2025-11-22 15:00:00,-0.0025725857
2025-11-22 16:00:00,0.0060832313
2025-11-22 17:00:00,-0.00195571
2025-11-22 18:00:00,0.0008692727
2025-11-22 19:00:00,-0.0005818563
2025-11-22 20:00:00,-0.0032829145
2025-11-22 21:00:00,0.0020417025
2025-11-22 22:00:00,0.0151633887
2025-11-22 23:00:00,-0.0068573919
2025-11-23 00:00:00,0.0009242579
2025-11-23 01:00:00,0.0128008288
2025-11-23 02:00:00,0.0045110212
2025-11-23 03:00:00,0.0011626672
2025-11-23 04:00:00,0.0013736071
2025-11-23 05:00:00,-0.0010406528
2025-11-23 06:00:00,-0.0052195706
2025-11-23 07:00:00,-0.0060095197
2025-11-23 08:00:00,0.006283603
2025-11-23 09:00:00,0.0019022735
2025-11-23 10:00:00,-0.0027389968
2025-11-23 11:00:00,0.0022522171
2025-11-23 12:00:00,0.0070334537
2025-11-23 13:00:00,0.0031430057
2025-11-23 14:00:00,-0.0103577299
2025-11-23 15:00:00,0.0077510024
2025-11-23 16:00:00,-0.0130615
2025-11-23 17:00:00,-0.0024795575
2025-11-23 18:00:00,0.0057262325
2025-11-23 19:00:00,0.0051303299
2025-11-23 20:00:00,0.0018410604
2025-11-23 21:00:00,0.0048589606
2025-11-23 22:00:00,-0.0010389685
2025-11-23 23:00:00,-0.0131057897
2025-11-24 00:00:00,-0.004899646
2025-11-24 01:00:00,0.0060165081
2025-11-24 02:00:00,0.0124504333
2025-11-24 03:00:00,0.0055740584
2025-11-24 04:00:00,-0.0111510262
2025-11-24 05:00:00,0.0147940429
2025-11-24 06:00:00,-0.0096362967
2025-11-24 07:00:00,-0.0034873988
2025-11-24 08:00:00,0.0031490752
2025-11-24 09:00:00,-0.0145142078
2025-11-24 10:00:00,0.0004540912
2025-11-24 11:00:00,0.0014110144
2025-11-24 12:00:00,0.0002391392
2025-11-24 13:00:00,0.004177483
2025-11-24 14:00:00,0.0055040906
2025-11-24 15:00:00,0.005498567
2025-11-24 16:00:00,0.0044576779
2025-11-24 17:00:00,0.0279713904
2025-11-24 18:00:00,0.0063128075
2025-11-24 19:00:00,0.0002366752
2025-11-24 20:00:00,0.0047083194
2025-11-24 21:00:00,-0.0046204257
2025-11-24 22:00:00,0.0006454436
2025-11-24 23:00:00,-0.002624922
2025-11-25 00:00:00,-0.0036885448
2025-11-25 01:00:00,-0.0081205101
2025-11-25 02:00:00,0.0041145776
2025-11-25 03:00:00,-0.0064444333
2025-11-25 04:00:00,0.0086163052
2025-11-25 05:00:00,-0.0028684148
2025-11-25 06:00:00,-0.0020583174
2025-11-25 07:00:00,-0.0068757354
2025-11-25 08:00:00,-0.0106085433
2025-11-25 09:00:00,0.0070733238
2025-11-25 10:00:00,0.0021626635
2025-11-25 11:00:00,-0.0025535472
2025-11-25 12:00:00,0.0123374303
2025-11-25 13:00:00,-0.0069270878
2025-11-25 14:00:00,-0.0091747886
2025-11-25 15:00:00,0.0049677408
2025-11-25 16:00:00,0.0115133953
2025-11-25 17:00:00,0.0025281358
2025-11-25 18:00:00,-0.0041144663
2025-11-25 19:00:00,-0.0004791288
2025-11-25 20:00:00,0.0025504287
2025-11-25 21:00:00,0.0003857584
2025-11-25 22:00:00,0.0136881173
2025-11-25 23:00:00,-0.0039367141
2025-11-26 00:00:00,-0.001992811
2025-11-26 01:00:00,0.0055288038
2025-11-26 02:00:00,-0.0045538941
2025-11-26 03:00:00,-0.0101201946
2025-11-26 04:00:00,0.0012262627
2025-11-26 05:00:00,0.0045740951
2025-11-26 06:00:00,0.0009034866
2025-11-26 07:00:00,-0.0007471862
2025-11-26 08:00:00,-0.0107565934
2025-11-26 09:00:00,-0.0019457132
2025-11-26 10:00:00,0.0022856524
2025-11-26 11:00:00,0.0001270183
2025-11-26 12:00:00,-0.0041105255
2025-11-26 13:00:00,0.0110070337
2025-11-26 14:00:00,-0.008511185
2025-11-26 15:00:00,0.0061629569
2025-11-26 16:00:00,0.0064410102
2025-11-26 17:00:00,0.0272024007
2025-11-26 18:00:00,0.0023794095
2025-11-26 19:00:00,-0.0007023433
2025-11-26 20:00:00,-0.0022653657
2025-11-26 21:00:00,-0.0011279907
2025-11-26 22:00:00,0.0019310323
2025-11-26 23:00:00,-0.0002709132
2025-11-27 00:00:00,0.002870588
2025-11-27 01:00:00,0.0055593118
2025-11-27 02:00:00,-0.0048478892
2025-11-27 03:00:00,-0.0013574111
2025-11-27 04:00:00,0.002548569
2025-11-27 05:00:00,-0.0058211701
2025-11-27 06:00:00,0.0013882831
2025-11-27 07:00:00,0.0021645173
2025-11-27 08:00:00,-0.0019960712
2025-11-27 09:00:00,-3.63291e-05
2025-11-27 10:00:00,0.0021213884
2025-11-27 11:00:00,-0.0018406977
2025-11-27 12:00:00,-0.0125157996
2025-11-27 13:00:00,0.0013698403
2025-11-27 14:00:00,0.0003004457
2025-11-27 15:00:00,0.0050406789
2025-11-27 16:00:00,0.0033651479
2025-11-27 17:00:00,-0.0005297154
2025-11-27 18:00:00,0.0057522283
2025-11-27 19:00:00,-0.0019907129
2025-11-27 20:00:00,0.0024778995
2025-11-27 21:00:00,-0.0021249512
2025-11-27 22:00:00,-0.0071226032
2025-11-27 23:00:00,0.0013642363
2025-11-28 00:00:00,-0.0002919427
2025-11-28 01:00:00,-0.0051862108
2025-11-28 02:00:00,0.0045688695
2025-11-28 03:00:00,-0.0013322327
2025-11-28 04:00:00,0.0030969488
2025-11-28 05:00:00,0.0021155411
2025-11-28 06:00:00,-0.0047205864
2025-11-28 07:00:00,-0.0026285072
2025-11-28 08:00:00,0.0205401416
2025-11-28 09:00:00,-0.0028861558
2025-11-28 10:00:00,0.0017268111
2025-11-28 11:00:00,-0.0087365463
2025-11-28 12:00:00,0.0007084592
2025-11-28 13:00:00,0.0123711568
2025-11-28 14:00:00,-0.0019996424
2025-11-28 15:00:00,0.0026111121
2025-11-28 16:00:00,-0.016229179
2025-11-28 17:00:00,0.0029203942
2025-11-28 18:00:00,0.0027640325
2025-11-28 19:00:00,0.0022877034
2025-11-28 20:00:00,0.0022955656
2025-11-28 21:00:00,-0.0067181417
2025-11-28 22:00:00,0.0010235971
2025-11-28 23:00:00,-0.0026384675
2025-11-29 00:00:00,0.0016313352
2025-11-29 01:00:00,0.0008952788
2025-11-29 02:00:00,-0.0026981411
2025-11-29 03:00:00,-0.0027319037
2025-11-29 04:00:00,0.0063869748
2025-11-29 05:00:00,-0.0030746364
2025-11-29 06:00:00,-0.0081369623
2025-11-29 07:00:00,-0.0009777057
2025-11-29 08:00:00,0.0010607999
2025-11-29 09:00:00,-0.0020261409
2025-11-29 10:00:00,-0.0011429696
2025-11-29 11:00:00,0.0006499534
2025-11-29 12:00:00,-0.0007133048
2025-11-29 13:00:00,0.0002033771
2025-11-29 14:00:00,-0.0034630479
2025-11-29 15:00:00,0.0063558547
2025-11-29 16:00:00,-0.0014337063
2025-11-29 17:00:00,-0.0110931122
2025-11-29 18:00:00,0.0082562403
2025-11-29 19:00:00,-0.0021588753
2025-11-29 20:00:00,0.0030431357
2025-11-29 21:00:00,-0.0010912569
2025-11-29 22:00:00,-0.0017344435
2025-11-29 23:00:00,-3.01036e-05
2025-11-30 00:00:00,0.0028991627
2025-11-30 01:00:00,0.0025614947
2025-11-30 02:00:00,-0.0048387003
2025-11-30 03:00:00,0.0036870061
2025-11-30 04:00:00,-0.0011230134
2025-11-30 05:00:00,-0.0021763012
2025-11-30 06:00:00,0.0019161954
2025-11-30 07:00:00,0.0023950831
2025-11-30 08:00:00,0.0005322015
2025-11-30 09:00:00,0.0010303351
2025-11-30 10:00:00,-0.0001395316
2025-11-30 11:00:00,-0.0020919849
2025-11-30 12:00:00,0.0073970723
2025-11-30 13:00:00,0.0076248538
2025-11-30 14:00:00,-0.0037821142
2025-11-30 15:00:00,-0.0028484788
2025-11-30 16:00:00,0.0049729555
2025-11-30 17:00:00,-0.0009531542
2025-11-30 18:00:00,-0.0014248509
2025-11-30 19:00:00,-0.0006818822
2025-11-30 20:00:00,-0.0017975206
2025-11-30 21:00:00,-0.0025484458
2025-11-30 22:00:00,0.0039966099
2025-11-30 23:00:00,-0.0137878282
2025-12-01 00:00:00,-0.0533696966
2025-12-01 01:00:00,0.0053723118
2025-12-01 02:00:00,-0.0047978412
2025-12-01 03:00:00,-0.0045307029
2025-12-01 04:00:00,-0.0010375667
2025-12-01 05:00:00,0.0020669867
2025-12-01 06:00:00,-0.0012984465
2025-12-01 07:00:00,0.0055745657
2025-12-01 08:00:00,9.50522e-05
2025-12-01 09:00:00,-0.0004929612
2025-12-01 10:00:00,0.0015766213
2025-12-01 11:00:00,-0.0021121116
2025-12-01 12:00:00,-0.0061717463
2025-12-01 13:00:00,-0.002431774
2025-12-01 14:00:00,0.0016123766
2025-12-01 15:00:00,-0.0261626474
2025-12-01 16:00:00,-0.005632871
2025-12-01 17:00:00,0.0033535909
2025-12-01 18:00:00,0.003917151
2025-12-01 19:00:00,-0.0032382941
2025-12-01 20:00:00,0.0059585047
2025-12-01 21:00:00,0.0125424677
2025-12-01 22:00:00,0.0020573305
2025-12-01 23:00:00,0.0002108608
2025-12-02 00:00:00,-0.0010905224
2025-12-02 01:00:00,-8.22844e-05
2025-12-02 02:00:00,0.0021086347
2025-12-02 03:00:00,0.0012416556
2025-12-02 04:00:00,3.20913e-05
2025-12-02 05:00:00,-0.0005421253
2025-12-02 06:00:00,0.0035327924
2025-12-02 07:00:00,-0.0024951649
2025-12-02 08:00:00,-0.002765829
2025-12-02 09:00:00,0.0002822865
2025-12-02 10:00:00,0.0085699107
2025-12-02 11:00:00,0.0010833432
2025-12-02 12:00:00,0.0006437852
2025-12-02 13:00:00,0.0057649444
2025-12-02 14:00:00,0.0178926816
2025-12-02 15:00:00,0.037706816
2025-12-02 16:00:00,-0.003618219
2025-12-02 17:00:00,0.0067991494
2025-12-02 18:00:00,-0.0007528136
2025-12-02 19:00:00,0.0007494984
2025-12-02 20:00:00,-0.0121773553
2025-12-02 21:00:00,0.0056318194
2025-12-02 22:00:00,0.0071056347
2025-12-02 23:00:00,-0.00707894
2025-12-03 00:00:00,0.0024695197
2025-12-03 01:00:00,0.0038934986
2025-12-03 02:00:00,0.00517226
2025-12-03 03:00:00,0.0002737408
2025-12-03 04:00:00,0.0081710319
2025-12-03 05:00:00,0.0007062424
2025-12-03 06:00:00,0.0026537552
2025-12-03 07:00:00,-0.0030460506
2025-12-03 08:00:00,-0.0021964254
2025-12-03 09:00:00,0.0031017415
2025-12-03 10:00:00,-0.0016085637
2025-12-03 11:00:00,0.0057650963
2025-12-03 12:00:00,0.0026608765
2025-12-03 13:00:00,0.0028414863
2025-12-03 14:00:00,-0.0048194115
2025-12-03 15:00:00,0.0035406079
2025-12-03 16:00:00,0.0006541748
2025-12-03 17:00:00,0.013093482
2025-12-03 18:00:00,-0.0042780814
2025-12-03 19:00:00,0.003996854
2025-12-03 20:00:00,0.0031751884
2025-12-03 21:00:00,0.008395039
2025-12-03 22:00:00,0.0076293242
2025-12-03 23:00:00,-3.13548e-05
2025-12-04 00:00:00,0.0029680766
2025-12-04 01:00:00,0.001571264
2025-12-04 02:00:00,0.0057950969
2025-12-04 03:00:00,-0.0036654961
2025-12-04 04:00:00,-0.0057976428
2025-12-04 05:00:00,-0.002041537
2025-12-04 06:00:00,0.0062775002
2025-12-04 07:00:00,-0.0046871886
2025-12-04 08:00:00,-0.0019765084
2025-12-04 09:00:00,0.0049433403
2025-12-04 10:00:00,-0.0037067807
2025-12-04 11:00:00,-0.0003419409
2025-12-04 12:00:00,-0.003337705
2025-12-04 13:00:00,-0.0017140341
2025-12-04 14:00:00,-0.0079308834
2025-12-04 15:00:00,0.0197681606
2025-12-04 16:00:00,-0.0122378519
2025-12-04 17:00:00,-0.0027167835
2025-12-04 18:00:00,-0.00620036
2025-12-04 19:00:00,-0.0070080461
2025-12-04 20:00:00,0.0073899356
2025-12-04 21:00:00,-0.0061406081
2025-12-04 22:00:00,0.0068785146
2025-12-04 23:00:00,-0.003634358
2025-12-05 00:00:00,0.0043844288
2025-12-05 01:00:00,0.0053359316
2025-12-05 02:00:00,0.0062376356
2025-12-05 03:00:00,-0.0037788909
2025-12-05 04:00:00,-0.0011323547
2025-12-05 05:00:00,-0.0038608927
2025-12-05 06:00:00,0.0043057866
2025-12-05 07:00:00,0.0013523974
2025-12-05 08:00:00,-0.0058989951
2025-12-05 09:00:00,-0.010397316
2025-12-05 10:00:00,0.0039403786
2025-12-05 11:00:00,-0.0011041685
2025-12-05 12:00:00,-0.0009743398
2025-12-05 13:00:00,-0.0093280814
2025-12-05 14:00:00,0.001244487
2025-12-05 15:00:00,0.0010176512
2025-12-05 16:00:00,-0.0239951055
2025-12-05 17:00:00,0.0003560068
2025-12-05 18:00:00,-0.0084630007
2025-12-05 19:00:00,0.0100634647
2025-12-05 20:00:00,-0.0053051747
2025-12-05 21:00:00,-0.000989583
2025-12-05 22:00:00,0.0024374405
2025-12-05 23:00:00,-0.001676136
2025-12-06 00:00:00,0.0014481879
2025-12-06 01:00:00,0.0001684884
2025-12-06 02:00:00,0.0005746291
2025-12-06 03:00:00,0.0037336408
2025-12-06 04:00:00,-0.0009905438
2025-12-06 05:00:00,0.000246905
2025-12-06 06:00:00,0.000556136
2025-12-06 07:00:00,-0.0043619456
2025-12-06 08:00:00,-0.0038866885
2025-12-06 09:00:00,0.0051613018
2025-12-06 10:00:00,0.0004981764
2025-12-06 11:00:00,0.0024411026
2025-12-06 12:00:00,-0.002424611
2025-12-06 13:00:00,0.0015918139
2025-12-06 14:00:00,0.0061620477
2025-12-06 15:00:00,-0.0045300228
2025-12-06 16:00:00,0.0037311333
2025-12-06 17:00:00,0.0009690621
2025-12-06 18:00:00,-0.0042926051
2025-12-06 19:00:00,-0.0037996569
2025-12-06 20:00:00,0.0029777318
2025-12-06 21:00:00,0.0011077966
2025-12-06 22:00:00,-0.0003548873
2025-12-06 23:00:00,-0.0012628424
2025-12-07 00:00:00,0.002218779
2025-12-07 01:00:00,-0.0006897594
2025-12-07 02:00:00,0.0035782907
2025-12-07 03:00:00,-4.58366e-05
2025-12-07 04:00:00,-0.0023798374
2025-12-07 05:00:00,-0.0005613653
2025-12-07 06:00:00,0.0010272889
2025-12-07 07:00:00,-0.0036281219
2025-12-07 08:00:00,-0.0007311603
2025-12-07 09:00:00,-0.0014045363
2025-12-07 10:00:00,0.0024484172
2025-12-07 11:00:00,-0.000763869
2025-12-07 12:00:00,0.0044170932
2025-12-07 13:00:00,-0.0058278328
2025-12-07 14:00:00,-0.0293710063
2025-12-07 15:00:00,0.027360232
2025-12-07 16:00:00,0.0046230277
2025-12-07 17:00:00,0.0239118933
2025-12-07 18:00:00,0.0051709505
2025-12-07 19:00:00,0.0026105426
2025-12-07 20:00:00,0.0014141211
2025-12-07 21:00:00,-0.0180422314
2025-12-07 22:00:00,-0.0169883915
2025-12-07 23:00:00,0.0086087042
2025-12-08 00:00:00,0.0011365902
2025-12-08 01:00:00,0.0112986383
2025-12-08 02:00:00,0.003756242
2025-12-08 03:00:00,0.0003825635
2025-12-08 04:00:00,0.0057369378
2025-12-08 05:00:00,0.0004888405
2025-12-08 06:00:00,-3.19431e-05
2025-12-08 07:00:00,0.0012003577
2025-12-08 08:00:00,0.003233151
2025-12-08 09:00:00,0.0047305114
2025-12-08 10:00:00,0.0005063067
2025-12-08 11:00:00,-0.0058348795
2025-12-08 12:00:00,-0.0033340589
2025-12-08 13:00:00,0.0042182998
2025-12-08 14:00:00,-0.0054258905
2025-12-08 15:00:00,-0.0085844877
2025-12-08 16:00:00,0.0017781619
2025-12-08 17:00:00,0.0043867607
2025-12-08 18:00:00,-0.0090999995
2025-12-08 19:00:00,0.0084108252
2025-12-08 20:00:00,0.0059401241
2025-12-08 21:00:00,0.0034207867
2025-12-08 22:00:00,-0.0055938855
2025-12-08 23:00:00,-0.0018161302
2025-12-09 00:00:00,-0.0016206732
2025-12-09 01:00:00,-0.0041694298
2025-12-09 02:00:00,-0.0025009924
2025-12-09 03:00:00,0.0095288519
2025-12-09 04:00:00,-0.0067768168
2025-12-09 05:00:00,0.0002799349
2025-12-09 06:00:00,0.0014531148
2025-12-09 07:00:00,0.0031080978
2025-12-09 08:00:00,-0.0004837023
2025-12-09 09:00:00,-0.0047308138
2025-12-09 10:00:00,0.0004119849
2025-12-09 11:00:00,0.0034052429
2025-12-09 12:00:00,0.0062629183
2025-12-09 13:00:00,-0.0066767108
2025-12-09 14:00:00,-6.41692e-05
2025-12-09 15:00:00,0.0406060991
2025-12-09 16:00:00,0.0363095458
2025-12-09 17:00:00,0.002643687
2025-12-09 18:00:00,0.000325897
2025-12-09 19:00:00,-0.0055607022
2025-12-09 20:00:00,-0.0090725554
2025-12-09 21:00:00,-0.0072342102
2025-12-09 22:00:00,0.0078412142
2025-12-09 23:00:00,-0.0030387113
2025-12-10 00:00:00,-0.0035921531
2025-12-10 01:00:00,-0.0010892489
2025-12-10 02:00:00,0.0024582035
2025-12-10 03:00:00,-0.0002537044
2025-12-10 04:00:00,0.0036062153
2025-12-10 05:00:00,0.0001745532
2025-12-10 06:00:00,0.0009534853
2025-12-10 07:00:00,0.0005019439
2025-12-10 08:00:00,-0.0015336734
2025-12-10 09:00:00,0.0076807918
2025-12-10 10:00:00,-0.0107854015
2025-12-10 11:00:00,0.0018699487
2025-12-10 12:00:00,0.0017401309
2025-12-10 13:00:00,0.0032283716
2025-12-10 14:00:00,-0.0046099927
2025-12-10 15:00:00,0.0025870978
2025-12-10 16:00:00,0.0066684381
2025-12-10 17:00:00,0.0059836855
2025-12-10 18:00:00,0.0032401978
2025-12-10 19:00:00,0.002704947
2025-12-10 20:00:00,-0.0102738599
2025-12-10 21:00:00,-0.0047635706
2025-12-10 22:00:00,0.0021441748
2025-12-10 23:00:00,-0.0067470713
2025-12-11 00:00:00,-0.013485936
2025-12-11 01:00:00,-0.0076131627
2025-12-11 02:00:00,-0.0137381196
2025-12-11 03:00:00,-0.0058654858
2025-12-11 04:00:00,0.0070543727
2025-12-11 05:00:00,-8.08742e-05
2025-12-11 06:00:00,-0.0035118862
2025-12-11 07:00:00,-0.0005120759
2025-12-11 08:00:00,-0.0013595218
2025-12-11 09:00:00,0.000659677
2025-12-11 10:00:00,-0.0007191006
2025-12-11 11:00:00,-0.0010858835
2025-12-11 12:00:00,0.0018643649
2025-12-11 13:00:00,-0.0024876374
2025-12-11 14:00:00,-0.0091620032
2025-12-11 15:00:00,0.005480226
2025-12-11 16:00:00,-0.0015987113
2025-12-11 17:00:00,0.0024002516
2025-12-11 18:00:00,0.0065703588
2025-12-11 19:00:00,-0.0026567663
2025-12-11 20:00:00,0.0084458909
2025-12-11 21:00:00,0.0086490199
2025-12-11 22:00:00,-0.0030598544
2025-12-11 23:00:00,-0.000815074
2025-12-12 00:00:00,-0.0149365651
2025-12-12 01:00:00,0.0144762488
2025-12-12 02:00:00,0.00708512
2025-12-12 03:00:00,-0.0039628364
2025-12-12 04:00:00,0.0004465654
2025-12-12 05:00:00,6.1581e-06
2025-12-12 06:00:00,0.0020331869
2025-12-12 07:00:00,-0.0023134201
2025-12-12 08:00:00,-0.000798017
2025-12-12 09:00:00,0.0022998885
2025-12-12 10:00:00,-0.0022536539
2025-12-12 11:00:00,-0.0001911168
2025-12-12 12:00:00,0.001552537
2025-12-12 13:00:00,-0.0018670345
2025-12-12 14:00:00,-0.0031256782
2025-12-12 15:00:00,-0.0510517091
2025-12-12 16:00:00,-0.0007588131
2025-12-12 17:00:00,-0.0008441638
2025-12-12 18:00:00,0.0043305957
2025-12-12 19:00:00,-0.0019173343
2025-12-12 20:00:00,0.0026962162
2025-12-12 21:00:00,-0.0001881742
2025-12-12 22:00:00,0.003798795
2025-12-12 23:00:00,-0.0028258619
2025-12-13 00:00:00,0.0004472315
2025-12-13 01:00:00,-0.0007098302
2025-12-13 02:00:00,0.0003533575
2025-12-13 03:00:00,0.0015189868
2025-12-13 04:00:00,0.0011773269
2025-12-13 05:00:00,-0.001167618
2025-12-13 06:00:00,0.0014746594
2025-12-13 07:00:00,0.0001389457
2025-12-13 08:00:00,0.0070671672
2025-12-13 09:00:00,0.000458684
2025-12-13 10:00:00,0.0030578567
2025-12-13 11:00:00,-0.0026314373
2025-12-13 12:00:00,-0.0013696765
2025-12-13 13:00:00,-0.0015129932
2025-12-13 14:00:00,0.000186437
2025-12-13 15:00:00,-0.0002282294
2025-12-13 16:00:00,-0.0013479367
2025-12-13 17:00:00,-0.0016237954
2025-12-13 18:00:00,0.0002192374
2025-12-13 19:00:00,0.0025274288
2025-12-13 20:00:00,-0.00157044
2025-12-13 21:00:00,0.0022968992
2025-12-13 22:00:00,0.000716299
2025-12-13 23:00:00,0.0002953641
2025-12-14 00:00:00,0.0016453782
2025-12-14 01:00:00,0.0005158281
2025-12-14 02:00:00,0.0004707412
2025-12-14 03:00:00,-0.001153229
2025-12-14 04:00:00,-0.0025610756
2025-12-14 05:00:00,0.0001960031
2025-12-14 06:00:00,-0.0006106282
2025-12-14 07:00:00,0.0017986772
2025-12-14 08:00:00,-0.0016025928
2025-12-14 09:00:00,-0.0004565183
2025-12-14 10:00:00,-0.0004663782
2025-12-14 11:00:00,-0.007235751
2025-12-14 12:00:00,0.0043780585
2025-12-14 13:00:00,0.0009448764
2025-12-14 14:00:00,-0.0051900827
2025-12-14 15:00:00,-0.000632016
2025-12-14 16:00:00,0.0044706185
2025-12-14 17:00:00,-0.004243695
2025-12-14 18:00:00,0.0056596393
2025-12-14 19:00:00,-0.0025688869
2025-12-14 20:00:00,-0.0036905906
2025-12-14 21:00:00,-0.0004314575
2025-12-14 22:00:00,-0.0024788072
2025-12-14 23:00:00,-0.004185334
2025-12-15 00:00:00,0.0042764081
2025-12-15 01:00:00,0.0108305008
2025-12-15 02:00:00,0.0041323235
2025-12-15 03:00:00,-0.0041291061
2025-12-15 04:00:00,0.004869001
2025-12-15 05:00:00,-0.0012655208
2025-12-15 06:00:00,0.0057603699
2025-12-15 07:00:00,-0.0028153028
2025-12-15 08:00:00,0.0036723633
2025-12-15 09:00:00,0.0044043275
2025-12-15 10:00:00,0.0015777821
2025-12-15 11:00:00,-0.0005699955
2025-12-15 12:00:00,-0.0003294789
2025-12-15 13:00:00,-0.0074963895
2025-12-15 14:00:00,-0.0263365482
2025-12-15 15:00:00,-0.0129315417
2025-12-15 16:00:00,-0.0076960761
2025-12-15 17:00:00,-0.0175554135
2025-12-15 18:00:00,0.0004970348
2025-12-15 19:00:00,0.0004525634
2025-12-15 20:00:00,-0.00383455
2025-12-15 21:00:00,0.0056155913
2025-12-15 22:00:00,0.0024556203
2025-12-15 23:00:00,0.0040737247
2025-12-16 00:00:00,-0.0077220199
2025-12-16 01:00:00,0.0017833885
2025-12-16 02:00:00,-0.0004548865
2025-12-16 03:00:00,-0.0029856554
2025-12-16 04:00:00,-0.0064539608
2025-12-16 05:00:00,0.0016336543
2025-12-16 06:00:00,0.00779238
2025-12-16 07:00:00,-0.0074707585
2025-12-16 08:00:00,0.002463472
2025-12-16 09:00:00,-0.0016393614
2025-12-16 10:00:00,0.0077665335
2025-12-16 11:00:00,0.0030613997
2025-12-16 12:00:00,-0.0018885619
2025-12-16 13:00:00,-0.0144096531
2025-12-16 14:00:00,0.0106558007
2025-12-16 15:00:00,0.0074632901
2025-12-16 16:00:00,-0.0085656459
2025-12-16 17:00:00,-0.0065266959
2025-12-16 18:00:00,0.0112439982
2025-12-16 19:00:00,-0.0020621431
2025-12-16 20:00:00,0.0007771946
2025-12-16 21:00:00,0.0010375802
2025-12-16 22:00:00,0.001002649
2025-12-16 23:00:00,0.0028027559
2025-12-17 00:00:00,-0.0043613597
2025-12-17 01:00:00,0.0014367137
2025-12-17 02:00:00,0.0019180456
2025-12-17 03:00:00,-0.0040704976
2025-12-17 04:00:00,-0.0052769673
2025-12-17 05:00:00,-0.000580088
2025-12-17 06:00:00,0.0020390565
2025-12-17 07:00:00,0.0038994357
2025-12-17 08:00:00,-0.0078038775
2025-12-17 09:00:00,-0.000732072
2025-12-17 10:00:00,-0.0009107063
2025-12-17 11:00:00,0.0027023068
2025-12-17 12:00:00,-0.000974041
2025-12-17 13:00:00,0.0064553735
2025-12-17 14:00:00,0.0172281879
2025-12-17 15:00:00,-0.031007213
2025-12-17 16:00:00,-0.0138737446
2025-12-17 17:00:00,-0.0058567578
2025-12-17 18:00:00,-0.0120734204
2025-12-17 19:00:00,0.0023972864
2025-12-17 20:00:00,0.0010033772
2025-12-17 21:00:00,-0.0013936543
2025-12-17 22:00:00,0.0056300497
2025-12-17 23:00:00,-0.0005788814
2025-12-18 00:00:00,0.0009458034
2025-12-18 01:00:00,-0.0030417549
2025-12-18 02:00:00,0.0033979638
2025-12-18 03:00:00,-0.001828238
2025-12-18 04:00:00,0.0021948948
2025-12-18 05:00:00,-0.0044194009
2025-12-18 06:00:00,0.0020195918
2025-12-18 07:00:00,0.0016628336
2025-12-18 08:00:00,0.0020051351
2025-12-18 09:00:00,0.0038404488
2025-12-18 10:00:00,0.0021369476
2025-12-18 11:00:00,-7.34912e-05
2025-12-18 12:00:00,0.0044278144
2025-12-18 13:00:00,0.031619555
2025-12-18 14:00:00,-0.0047339329
2025-12-18 15:00:00,0.0051254491
2025-12-18 16:00:00,-0.0072373895
2025-12-18 17:00:00,-0.0339373003
2025-12-18 18:00:00,-0.0062433405
2025-12-18 19:00:00,-0.0160039368
2025-12-18 20:00:00,-0.0003452207
2025-12-18 21:00:00,0.0168903777
2025-12-18 22:00:00,-0.0001096354
2025-12-18 23:00:00,-0.0001591695
2025-12-19 00:00:00,0.0008592144
2025-12-19 01:00:00,-0.0036505631
2025-12-19 02:00:00,0.0052432828
2025-12-19 03:00:00,0.0251513268
2025-12-19 04:00:00,0.0045730374
2025-12-19 05:00:00,0.0003904163
2025-12-19 06:00:00,0.0085270553
2025-12-19 07:00:00,0.0013706254
2025-12-19 08:00:00,0.0
2025-12-19 09:00:00,0.0013856776
2025-12-19 10:00:00,-0.0004808734
2025-12-19 11:00:00,0.0037156728
2025-12-19 12:00:00,-0.0029775254
2025-12-19 13:00:00,0.0018159596
2025-12-19 14:00:00,0.0052467025
2025-12-19 15:00:00,-0.0040210198
2025-12-19 16:00:00,0.0005161604
2025-12-19 17:00:00,-0.0089676977
2025-12-19 18:00:00,0.0088530184
2025-12-19 19:00:00,0.006200757
2025-12-19 20:00:00,0.0032664674
2025-12-19 21:00:00,-0.0061535768
2025-12-19 22:00:00,0.0039860474
2025-12-19 23:00:00,-0.0027831913
2025-12-20 00:00:00,-0.0016299155
2025-12-20 01:00:00,0.0005850588
2025-12-20 02:00:00,0.0021557088
2025-12-20 03:00:00,0.0021878878
2025-12-20 04:00:00,-0.0017284699
2025-12-20 05:00:00,-0.0010130116
2025-12-20 06:00:00,-0.0002181666
2025-12-20 07:00:00,0.0004329302
2025-12-20 08:00:00,0.000489757
2025-12-20 09:00:00,1.67683e-05
2025-12-20 10:00:00,-0.0014766838
2025-12-20 11:00:00,0.002740201
2025-12-20 12:00:00,0.0005391061
2025-12-20 13:00:00,-0.0028931451
2025-12-20 14:00:00,4.70008e-05
2025-12-20 15:00:00,-0.0009706798
2025-12-20 16:00:00,0.000520724
2025-12-20 17:00:00,-0.0002452104
2025-12-20 18:00:00,2.68753e-05
2025-12-20 19:00:00,0.00012093
2025-12-20 20:00:00,0.0021072066
2025-12-20 21:00:00,-0.0019056891
2025-12-20 22:00:00,-0.0005038697
2025-12-20 23:00:00,0.0001679848
2025-12-21 00:00:00,0.0006414422
2025-12-21 01:00:00,-0.0040975254
2025-12-21 02:00:00,-0.000603599
2025-12-21 03:00:00,0.0024525918
2025-12-21 04:00:00,0.0007332612
2025-12-21 05:00:00,-0.0006154995
2025-12-21 06:00:00,0.000998734
2025-12-21 07:00:00,0.001575097
2025-12-21 08:00:00,0.0037179869
2025-12-21 09:00:00,0.0035909557
2025-12-21 10:00:00,-0.0020108151
2025-12-21 11:00:00,-4.33955e-05
2025-12-21 12:00:00,-0.0020383688
2025-12-21 13:00:00,-0.0134669131
2025-12-21 14:00:00,0.0067948518
2025-12-21 15:00:00,0.0013325977
2025-12-21 16:00:00,0.0040843026
2025-12-21 17:00:00,-0.0009516247
2025-12-21 18:00:00,0.0015911169
2025-12-21 19:00:00,0.0009099851
2025-12-21 20:00:00,-0.0014021235
2025-12-21 21:00:00,-0.0046857516
2025-12-21 22:00:00,0.0077251
2025-12-21 23:00:00,0.0019444779
2025-12-22 00:00:00,0.0068438945
2025-12-22 01:00:00,-0.0013544327
2025-12-22 02:00:00,-0.0027741938
2025-12-22 03:00:00,0.0035691933
2025-12-22 04:00:00,0.0062550851
2025-12-22 05:00:00,-0.0037945955
2025-12-22 06:00:00,-0.0012757886
2025-12-22 07:00:00,0.0019130731
2025-12-22 08:00:00,-0.0010337284
2025-12-22 09:00:00,0.0042140729
2025-12-22 10:00:00,9.21286e-05
2025-12-22 11:00:00,0.0028419424
2025-12-22 12:00:00,0.0029058598
2025-12-22 13:00:00,-0.0004842694
2025-12-22 14:00:00,0.0016351041
2025-12-22 15:00:00,-0.0031286536
2025-12-22 16:00:00,-0.002809719
2025-12-22 17:00:00,-0.0036288477
2025-12-22 18:00:00,-0.005169594
2025-12-22 19:00:00,-0.0122277627
2025-12-22 20:00:00,-0.001582324
2025-12-22 21:00:00,0.0044817852
2025-12-22 22:00:00,0.007496167
2025-12-22 23:00:00,-0.0011700729
2025-12-23 00:00:00,0.0064515711
2025-12-23 01:00:00,-0.0032471054
2025-12-23 02:00:00,-0.0091122569
2025-12-23 03:00:00,0.0006087364
2025-12-23 04:00:00,-0.002859594
2025-12-23 05:00:00,-0.0030124096
2025-12-23 06:00:00,-0.0052065888
2025-12-23 07:00:00,0.0017936679
2025-12-23 08:00:00,-0.0009758157
2025-12-23 09:00:00,0.0006146385
2025-12-23 10:00:00,0.0010629055
2025-12-23 11:00:00,0.002196463
2025-12-23 12:00:00,-0.0060756194
2025-12-23 13:00:00,-0.0047919565
2025-12-23 14:00:00,-0.0081980272
2025-12-23 15:00:00,0.0039536905
2025-12-23 16:00:00,0.009652286
2025-12-23 17:00:00,-0.0159582118
2025-12-23 18:00:00,0.0125927059
2025-12-23 19:00:00,-0.0010631813
2025-12-23 20:00:00,0.0085245142
2025-12-23 21:00:00,0.0017170739
2025-12-23 22:00:00,-0.0045144673
2025-12-23 23:00:00,0.0011718758
2025-12-24 00:00:00,0.0028816278
2025-12-24 01:00:00,-0.0030233957
2025-12-24 02:00:00,-0.0097422091
2025-12-24 03:00:00,0.0035252041
2025-12-24 04:00:00,-0.0036513343
2025-12-24 05:00:00,-0.0020544119
2025-12-24 06:00:00,0.001239295
2025-12-24 07:00:00,-0.0001876733
2025-12-24 08:00:00,-0.003212964
2025-12-24 09:00:00,-0.0011921035
2025-12-24 10:00:00,0.0030766991
2025-12-24 11:00:00,-0.0010906487
2025-12-24 12:00:00,0.0039330477
2025-12-24 13:00:00,-0.001920208
2025-12-24 14:00:00,-0.0056867064
2025-12-24 15:00:00,0.0038141106
2025-12-24 16:00:00,0.0050051025
2025-12-24 17:00:00,-0.0011441532
2025-12-24 18:00:00,0.0016204976
2025-12-24 19:00:00,0.0012544217
2025-12-24 20:00:00,-0.0008871109
2025-12-24 21:00:00,0.0028420927
2025-12-24 22:00:00,0.0029895591
2025-12-24 23:00:00,-0.0043875248
2025-12-25 00:00:00,-0.0028562899
2025-12-25 01:00:00,0.0033790592
2025-12-25 02:00:00,0.0013633452
2025-12-25 03:00:00,-0.0019132789
2025-12-25 04:00:00,-0.0006827458
2025-12-25 05:00:00,-0.00101649
2025-12-25 06:00:00,0.00039788
2025-12-25 07:00:00,-0.0004352957
2025-12-25 08:00:00,-0.0039910961
2025-12-25 09:00:00,-0.000608071
2025-12-25 10:00:00,-0.0025421843
2025-12-25 11:00:00,0.0013283533
2025-12-25 12:00:00,0.001135233
2025-12-25 13:00:00,0.0011271186
2025-12-25 14:00:00,0.0005733182
2025-12-25 15:00:00,0.009358525
2025-12-25 16:00:00,-0.0041658824
2025-12-25 17:00:00,0.0014108919
2025-12-25 18:00:00,0.0021430502
2025-12-25 19:00:00,-0.0009236907
2025-12-25 20:00:00,-0.0020398766
2025-12-25 21:00:00,-0.0010826203
2025-12-25 22:00:00,-0.0083814899
2025-12-25 23:00:00,-0.0060999674
2025-12-26 00:00:00,-0.0003273441
2025-12-26 01:00:00,0.0052178336
2025-12-26 02:00:00,0.0180172811
2025-12-26 03:00:00,-0.0027682495
2025-12-26 04:00:00,0.0024988421
2025-12-26 05:00:00,0.0004074506
2025-12-26 06:00:00,0.0012011811
2025-12-26 07:00:00,-0.0066701215
2025-12-26 08:00:00,0.0028090998
2025-12-26 09:00:00,0.002754103
2025-12-26 10:00:00,-0.0003232225
2025-12-26 11:00:00,-0.0023532437
2025-12-26 12:00:00,0.0026630007
2025-12-26 13:00:00,0.0040952478
2025-12-26 14:00:00,-0.0228011641
2025-12-26 15:00:00,0.0017340589
2025-12-26 16:00:00,-0.00461251
2025-12-26 17:00:00,0.0044481433
2025-12-26 18:00:00,0.0002807767
2025-12-26 19:00:00,0.0008281744
2025-12-26 20:00:00,0.0015313415
2025-12-26 21:00:00,-0.0018495258
2025-12-26 22:00:00,0.0022866215
2025-12-26 23:00:00,-0.0012024734
2025-12-27 00:00:00,-3.41823e-05
2025-12-27 01:00:00,5.46911e-05
2025-12-27 02:00:00,-2.3927e-05
2025-12-27 03:00:00,0.0019259999
2025-12-27 04:00:00,-0.001044497
2025-12-27 05:00:00,0.0003380449
2025-12-27 06:00:00,-0.0003995199
2025-12-27 07:00:00,0.0010309138
2025-12-27 08:00:00,0.0004707263
2025-12-27 09:00:00,0.0003818759
2025-12-27 10:00:00,-0.0028026762
2025-12-27 11:00:00,0.0013391639
2025-12-27 12:00:00,0.0003208596
2025-12-27 13:00:00,-0.0006862188
2025-12-27 14:00:00,-9.563e-05
2025-12-27 15:00:00,-0.0009875734
2025-12-27 16:00:00,-0.0021528018
2025-12-27 17:00:00,0.0026518362
2025-12-27 18:00:00,-0.0007520648
2025-12-27 19:00:00,0.0015411246
2025-12-27 20:00:00,-0.000443983
2025-12-27 21:00:00,0.0018872727
2025-12-27 22:00:00,-0.0005183892
2025-12-27 23:00:00,0.0051345068
2025-12-28 00:00:00,-0.0010288713
2025-12-28 01:00:00,-0.0005335282
2025-12-28 02:00:00,0.0010565852
2025-12-28 03:00:00,-0.0011619651
2025-12-28 04:00:00,-0.0017182398
2025-12-28 05:00:00,-0.0012641947
2025-12-28 06:00:00,0.0025097876
2025-12-28 07:00:00,-0.0012489983
2025-12-28 08:00:00,0.0002587763
2025-12-28 09:00:00,-0.0009571253
2025-12-28 10:00:00,0.0021309921
2025-12-28 11:00:00,0.0002482069
2025-12-28 12:00:00,-0.001602529
2025-12-28 13:00:00,0.0003098184
2025-12-28 14:00:00,0.0021966148
2025-12-28 15:00:00,0.000967563
2025-12-28 16:00:00,-0.0022352982
2025-12-28 17:00:00,0.0010163552
2025-12-28 18:00:00,-0.0049145838
2025-12-28 19:00:00,0.0008872964
2025-12-28 20:00:00,-0.000464026
2025-12-28 21:00:00,0.0019672193
2025-12-28 22:00:00,0.0040585658
2025-12-28 23:00:00,0.0001662062
2025-12-29 00:00:00,0.0052230922
2025-12-29 01:00:00,0.0048233093
2025-12-29 02:00:00,0.0075499322
2025-12-29 03:00:00,0.0128736253
2025-12-29 04:00:00,-0.0009380601
2025-12-29 05:00:00,-0.0007840373
2025-12-29 06:00:00,-0.0005373216
2025-12-29 07:00:00,-0.005631191
2025-12-29 08:00:00,-0.001519863
2025-12-29 09:00:00,-0.0131139008
2025-12-29 10:00:00,-0.0032962396
2025-12-29 11:00:00,-0.0017130726
2025-12-29 12:00:00,-0.010251689
2025-12-29 13:00:00,-0.0010323411
2025-12-29 14:00:00,0.0003077628
2025-12-29 15:00:00,0.0029088049
2025-12-29 16:00:00,-9.20507e-05
2025-12-29 17:00:00,0.0023157382
2025-12-29 18:00:00,-0.0082315393
2025-12-29 19:00:00,0.0043769587
2025-12-29 20:00:00,-0.0008164451
2025-12-29 21:00:00,0.0026620904
2025-12-29 22:00:00,0.0002658197
2025-12-29 23:00:00,2.04447e-05
2025-12-30 00:00:00,-0.0001703856
2025-12-30 01:00:00,-0.0006033985
2025-12-30 02:00:00,-0.0028206837
2025-12-30 03:00:00,0.0081025328
2025-12-30 04:00:00,-0.0018368097
2025-12-30 05:00:00,-0.0017142278
2025-12-30 06:00:00,0.0014355258
2025-12-30 07:00:00,0.0017830311
2025-12-30 08:00:00,0.0089417662
2025-12-30 09:00:00,0.0027740014
2025-12-30 10:00:00,-0.0029118946
2025-12-30 11:00:00,0.000504395
2025-12-30 12:00:00,0.0007493972
2025-12-30 13:00:00,0.0023319693
2025-12-30 14:00:00,0.002797888
2025-12-30 15:00:00,-0.002154618
2025-12-30 16:00:00,-0.001749858
2025-12-30 17:00:00,-0.0021563314
2025-12-30 18:00:00,-0.0017466078
2025-12-30 19:00:00,4.71547e-05
2025-12-30 20:00:00,-0.0045843921
2025-12-30 21:00:00,0.0032294925
2025-12-30 22:00:00,0.0003675547
2025-12-30 23:00:00,0.0013443013
2025-12-31 00:00:00,-0.0025283782
2025-12-31 01:00:00,0.0047144801
2025-12-31 02:00:00,0.0003929913
2025-12-31 03:00:00,-0.0036537156
2025-12-31 04:00:00,-0.0005664099
2025-12-31 05:00:00,0.002021421
2025-12-31 06:00:00,0.0001177902
2025-12-31 07:00:00,0.0004979309
2025-12-31 08:00:00,-0.0024988815
2025-12-31 09:00:00,0.0025459703
2025-12-31 10:00:00,0.0013276621
2025-12-31 11:00:00,0.0070423533
2025-12-31 12:00:00,-0.0045832766
2025-12-31 13:00:00,0.0031680797
2025-12-31 14:00:00,-0.0013202072
2025-12-31 15:00:00,-0.0028334608
2025-12-31 16:00:00,-0.0030803519
2025-12-31 17:00:00,-0.0003634149
2025-12-31 18:00:00,-0.000198588
2025-12-31 19:00:00,-0.0014350443
2025-12-31 20:00:00,0.0012734521
2025-12-31 21:00:00,0.0024648071
2025-12-31 22:00:00,-0.0017445764
2025-12-31 23:00:00,-0.0019262638
2026-01-01 00:00:00,0.0027098509
2026-01-01 01:00:00,0.0014545653
2026-01-01 02:00:00,-0.0003760358
2026-01-01 03:00:00,-0.0010112974
2026-01-01 04:00:00,-0.0017023629
2026-01-01 05:00:00,0.0023274049
2026-01-01 06:00:00,-0.0020109364
2026-01-01 07:00:00,0.0008411844
2026-01-01 08:00:00,0.0014619763
2026-01-01 09:00:00,0.0003357846
2026-01-01 10:00:00,0.0003893689
2026-01-01 11:00:00,0.0016129225
2026-01-01 12:00:00,-0.0006669851
2026-01-01 13:00:00,-0.0013151628
2026-01-01 14:00:00,0.0007651521
2026-01-01 15:00:00,0.0014984038
2026-01-01 16:00:00,-0.0025019465
2026-01-01 17:00:00,0.002786624
2026-01-01 18:00:00,-0.0001808445
2026-01-01 19:00:00,0.0016398
2026-01-01 20:00:00,-0.0018977275
2026-01-01 21:00:00,0.0003014671
2026-01-01 22:00:00,0.0030731236
2026-01-01 23:00:00,0.0016413682
2026-01-02 00:00:00,0.0006764468
2026-01-02 01:00:00,-0.0008998081
2026-01-02 02:00:00,-0.0003935039
2026-01-02 03:00:00,0.0068110576
2026-01-02 04:00:00,-0.0035310396
2026-01-02 05:00:00,0.001594494
2026-01-02 06:00:00,0.0034261928
2026-01-02 07:00:00,-0.0029815168
2026-01-02 08:00:00,0.0047496593
2026-01-02 09:00:00,0.0051050766
2026-01-02 10:00:00,0.0030964347
2026-01-02 11:00:00,-0.0030635832
2026-01-02 12:00:00,0.0004433898
2026-01-02 13:00:00,0.0007057337
2026-01-02 14:00:00,0.0106890057
2026-01-02 15:00:00,0.0010902084
2026-01-02 16:00:00,0.0149892811
2026-01-02 17:00:00,-0.0031548997
2026-01-02 18:00:00,-0.0038852832
2026-01-02 19:00:00,0.0046253062
2026-01-02 20:00:00,-0.00163134
2026-01-02 21:00:00,0.0037554611
2026-01-02 22:00:00,0.0009454453
2026-01-02 23:00:00,-0.0026117313
2026-01-03 00:00:00,0.0018356375
2026-01-03 01:00:00,-5.75124e-05
2026-01-03 02:00:00,-0.0014324863
2026-01-03 03:00:00,-0.0004960929
2026-01-03 04:00:00,-0.0027281035
2026-01-03 05:00:00,-0.0013073808
2026-01-03 06:00:00,-0.0044359685
2026-01-03 07:00:00,-0.0028355238
2026-01-03 08:00:00,0.0020926633
2026-01-03 09:00:00,0.0016819504
2026-01-03 10:00:00,-0.0014590343
2026-01-03 11:00:00,0.000523173
2026-01-03 12:00:00,0.0018869604
2026-01-03 13:00:00,-0.0006447142
2026-01-03 14:00:00,0.0009411432
2026-01-03 15:00:00,-0.0017540753
2026-01-03 16:00:00,0.0021824532
2026-01-03 17:00:00,0.0003316253
2026-01-03 18:00:00,0.0025591495
2026-01-03 19:00:00,-0.0011115896
2026-01-03 20:00:00,0.000848261
2026-01-03 21:00:00,0.001713604
2026-01-03 22:00:00,0.000695514
2026-01-03 23:00:00,0.0014183741
2026-01-04 00:00:00,0.0097649657
2026-01-04 01:00:00,-0.0024362866
2026-01-04 02:00:00,-0.0028148202
2026-01-04 03:00:00,0.0021889296
2026-01-04 04:00:00,0.0001016942
2026-01-04 05:00:00,0.0008481078
2026-01-04 06:00:00,-0.003616606
2026-01-04 07:00:00,0.0004364677
2026-01-04 08:00:00,-0.0008157439
2026-01-04 09:00:00,0.0016562834
2026-01-04 10:00:00,0.0006458438
2026-01-04 11:00:00,-0.0022925639
2026-01-04 12:00:00,-0.0006441368
2026-01-04 13:00:00,0.0013229012
2026-01-04 14:00:00,-0.0011187734
2026-01-04 15:00:00,-0.0006156997
2026-01-04 16:00:00,0.0011258371
2026-01-04 17:00:00,-0.0005037591
2026-01-04 18:00:00,-0.0007880309
2026-01-04 19:00:00,-0.0006225686
2026-01-04 20:00:00,0.0028128427
2026-01-04 21:00:00,0.001206267
2026-01-04 22:00:00,-0.0015916879
2026-01-04 23:00:00,0.0013912747
2026-01-05 00:00:00,0.007173898
2026-01-05 01:00:00,0.0094159546
2026-01-05 02:00:00,-0.0014435733
2026-01-05 03:00:00,-0.0021928285
2026-01-05 04:00:00,-0.0059438207
2026-01-05 05:00:00,-0.0054455651
2026-01-05 06:00:00,0.0023637035
2026-01-05 07:00:00,0.0001901225
2026-01-05 08:00:00,0.0018233392
2026-01-05 09:00:00,0.0010873552
2026-01-05 10:00:00,0.0018180446
2026-01-05 11:00:00,0.0024346584
2026-01-05 12:00:00,-0.0032107106
2026-01-05 13:00:00,-0.0050210105
2026-01-05 14:00:00,0.00370097
2026-01-05 15:00:00,0.0095169623
2026-01-05 16:00:00,-0.0036878425
2026-01-05 17:00:00,0.0091257431
2026-01-05 18:00:00,0.0047859241
2026-01-05 19:00:00,-0.0015100146
2026-01-05 20:00:00,0.0057426256
2026-01-05 21:00:00,-0.0010680563
2026-01-05 22:00:00,0.0005526918
2026-01-05 23:00:00,-0.0045169291
2026-01-06 00:00:00,-0.0027790604
2026-01-06 01:00:00,0.0004725193
2026-01-06 02:00:00,-0.0001833856
2026-01-06 03:00:00,0.0023162677
2026-01-06 04:00:00,-0.0003660231
2026-01-06 05:00:00,-0.0017482115
2026-01-06 06:00:00,0.0069375468
2026-01-06 07:00:00,-0.0068039166
2026-01-06 08:00:00,0.0002019653
2026-01-06 09:00:00,0.0009719698
2026-01-06 10:00:00,0.0018233864
2026-01-06 11:00:00,0.0027566679
2026-01-06 12:00:00,0.0004478979
2026-01-06 13:00:00,-0.0002378242
2026-01-06 14:00:00,0.0121215838
2026-01-06 15:00:00,-0.0018296869
2026-01-06 16:00:00,-0.0062719397
2026-01-06 17:00:00,-0.0173665905
2026-01-06 18:00:00,0.007174348
2026-01-06 19:00:00,0.0013728458
2026-01-06 20:00:00,0.0056423794
2026-01-06 21:00:00,0.0106711559
2026-01-06 22:00:00,0.0004548875
2026-01-06 23:00:00,0.0058158897
2026-01-07 00:00:00,-0.0119513666
2026-01-07 01:00:00,-0.0037290286
2026-01-07 02:00:00,0.0073065099
2026-01-07 03:00:00,-0.0010501517
2026-01-07 04:00:00,-0.0031693803
2026-01-07 05:00:00,-0.0024152186
2026-01-07 06:00:00,0.0008652264
2026-01-07 07:00:00,0.0010274458
2026-01-07 08:00:00,-0.0001137669
2026-01-07 09:00:00,-0.016938047
2026-01-07 10:00:00,0.0061204796
2026-01-07 11:00:00,0.0004910065
2026-01-07 12:00:00,-0.0024667906
2026-01-07 13:00:00,-0.0006168705
2026-01-07 14:00:00,-0.0063873009
2026-01-07 15:00:00,-0.0083747598
2026-01-07 16:00:00,-0.0023368862
2026-01-07 17:00:00,-0.0017102076
2026-01-07 18:00:00,-0.0018435704
2026-01-07 19:00:00,-0.0002831937
2026-01-07 20:00:00,-0.0018538757
2026-01-07 21:00:00,0.003459699
2026-01-07 22:00:00,0.0008162319
2026-01-07 23:00:00,0.0049339966
2026-01-08 00:00:00,0.0005621579
2026-01-08 01:00:00,0.0016183862
2026-01-08 02:00:00,-0.0052305424
2026-01-08 03:00:00,-0.0054460032
2026-01-08 04:00:00,0.0036254969
2026-01-08 05:00:00,-0.0033770173
2026-01-08 06:00:00,-0.0120326827
2026-01-08 07:00:00,0.0069328711
2026-01-08 08:00:00,-0.0036789098
2026-01-08 09:00:00,-0.0014245177
2026-01-08 10:00:00,0.0052858978
2026-01-08 11:00:00,-0.0023618816
2026-01-08 12:00:00,-0.0080568568
2026-01-08 13:00:00,0.0003330946
2026-01-08 14:00:00,-0.0062860241
2026-01-08 15:00:00,0.0089532435
2026-01-08 16:00:00,0.0060058116
2026-01-08 17:00:00,0.0037817026
2026-01-08 18:00:00,-0.0045865987
2026-01-08 19:00:00,-0.0029493334
2026-01-08 20:00:00,-0.0011557587
2026-01-08 21:00:00,0.0035884629
2026-01-08 22:00:00,0.0002214452
2026-01-08 23:00:00,-0.0041030844
2026-01-09 00:00:00,0.0028797091
2026-01-09 01:00:00,-0.0032342127
2026-01-09 02:00:00,0.0010534744
2026-01-09 03:00:00,0.0034265763
2026-01-09 04:00:00,-0.0009631407
2026-01-09 05:00:00,0.0003500484
2026-01-09 06:00:00,0.0016714767
2026-01-09 07:00:00,-0.0040632378
2026-01-09 08:00:00,-0.0091892975
2026-01-09 09:00:00,0.0031750331
2026-01-09 10:00:00,0.001627387
2026-01-09 11:00:00,-0.002142361
2026-01-09 12:00:00,-0.0020333351
2026-01-09 13:00:00,0.0046798749
2026-01-09 14:00:00,-0.0064896773
2026-01-09 15:00:00,0.0109837191
2026-01-09 16:00:00,0.0067449557
2026-01-09 17:00:00,-0.0058511368
2026-01-09 18:00:00,-0.0065452645
2026-01-09 19:00:00,-0.004828319
2026-01-09 20:00:00,-0.0022290749
2026-01-09 21:00:00,0.0039276429
2026-01-09 22:00:00,-2.27151e-05
2026-01-09 23:00:00,0.0007071723
2026-01-10 00:00:00,-0.0016356895
2026-01-10 01:00:00,0.0022224575
2026-01-10 02:00:00,-0.0006970279
2026-01-10 03:00:00,-0.0004995653
2026-01-10 04:00:00,-0.00227065
2026-01-10 05:00:00,0.0023387872
2026-01-10 06:00:00,0.0003146689
2026-01-10 07:00:00,0.0016884369
2026-01-10 08:00:00,-0.0008876133
2026-01-10 09:00:00,0.0019782336
2026-01-10 10:00:00,0.0024519753
2026-01-10 11:00:00,-0.0021027106
2026-01-10 12:00:00,0.0008209385
2026-01-10 13:00:00,-0.0015487111
2026-01-10 14:00:00,-0.0010068163
2026-01-10 15:00:00,0.0013853242
2026-01-10 16:00:00,-0.0001779132
2026-01-10 17:00:00,-0.000902993
2026-01-10 18:00:00,5.18066e-05
2026-01-10 19:00:00,-0.0001651429
2026-01-10 20:00:00,-0.0009557737
2026-01-10 21:00:00,-0.0011384
2026-01-10 22:00:00,-0.0017929301
2026-01-10 23:00:00,0.0018545861
2026-01-11 00:00:00,0.0018058066
2026-01-11 01:00:00,0.0011395127
2026-01-11 02:00:00,-0.0008059414
2026-01-11 03:00:00,0.001342875
2026-01-11 04:00:00,0.0003847329
2026-01-11 05:00:00,0.0001098965
2026-01-11 06:00:00,-0.0003167933
2026-01-11 07:00:00,-0.0008636096
2026-01-11 08:00:00,0.0027951347
2026-01-11 09:00:00,0.0002806972
2026-01-11 10:00:00,0.0008931897
2026-01-11 11:00:00,-0.0010577268
2026-01-11 12:00:00,0.0033402779
2026-01-11 13:00:00,-0.0014996511
2026-01-11 14:00:00,0.0050915871
2026-01-11 15:00:00,-0.0024734899
2026-01-11 16:00:00,0.0036871425
2026-01-11 17:00:00,-0.0008772689
2026-01-11 18:00:00,0.0006564233
2026-01-11 19:00:00,-0.0011498249
2026-01-11 20:00:00,-0.0032355632
2026-01-11 21:00:00,0.0020074104
2026-01-11 22:00:00,-0.0037676088
2026-01-11 23:00:00,0.004203888
2026-01-12 00:00:00,-0.0019133416
2026-01-12 01:00:00,0.0025032989
2026-01-12 02:00:00,0.0106330899
2026-01-12 03:00:00,-0.001755347
2026-01-12 04:00:00,0.00223729
2026-01-12 05:00:00,-0.0001616787
2026-01-12 06:00:00,-0.0014245356
2026-01-12 07:00:00,-0.0059676194
2026-01-12 08:00:00,-0.0062444635
2026-01-12 09:00:00,0.0002217384
2026-01-12 10:00:00,-0.0031410538
2026-01-12 11:00:00,0.0031571199
2026-01-12 12:00:00,0.0003180554
2026-01-12 13:00:00,-0.0025666028
2026-01-12 14:00:00,-0.0013373703
2026-01-12 15:00:00,0.0084005234
2026-01-12 16:00:00,0.0002845601
2026-01-12 17:00:00,-0.0082079365
2026-01-12 18:00:00,0.0008376802
2026-01-12 19:00:00,0.0045947399
2026-01-12 20:00:00,-0.0061869327
2026-01-12 21:00:00,-0.0035221317
2026-01-12 22:00:00,0.0009156547
2026-01-12 23:00:00,-0.0001002605
2026-01-13 00:00:00,0.0042763865
2026-01-13 01:00:00,-0.003681439
2026-01-13 02:00:00,0.0012760028
2026-01-13 03:00:00,0.0047601194
2026-01-13 04:00:00,0.001784832
2026-01-13 05:00:00,0.0030422707
2026-01-13 06:00:00,0.0010737913
2026-01-13 07:00:00,-0.0040070208
2026-01-13 08:00:00,0.0045051751
2026-01-13 09:00:00,0.0009572921
2026-01-13 10:00:00,-0.0013468531
2026-01-13 11:00:00,-0.0001884487
2026-01-13 12:00:00,0.0001788675
2026-01-13 13:00:00,0.0027110314
2026-01-13 14:00:00,0.0008182434
2026-01-13 15:00:00,0.0126308947
2026-01-13 16:00:00,-0.0008142593
2026-01-13 17:00:00,-0.0003869269
2026-01-13 18:00:00,0.006770014
2026-01-13 19:00:00,0.0046954005
2026-01-13 20:00:00,-0.0030716535
2026-01-13 21:00:00,0.0012067335
2026-01-13 22:00:00,0.036938542
2026-01-13 23:00:00,-0.0019269595
2026-01-14 00:00:00,-0.000288913
2026-01-14 01:00:00,0.0037043923
2026-01-14 02:00:00,-0.0028739924
2026-01-14 03:00:00,0.007511387
2026-01-14 04:00:00,-0.0037531351
2026-01-14 05:00:00,-0.002562004
2026-01-14 06:00:00,0.0010687996
2026-01-14 07:00:00,0.0003360155
2026-01-14 08:00:00,-0.0022282091
2026-01-14 09:00:00,0.000225449
2026-01-14 10:00:00,-0.0046696396
2026-01-14 11:00:00,-0.0084089278
2026-01-14 12:00:00,0.003240942
2026-01-14 13:00:00,0.0021709609
2026-01-14 14:00:00,0.0140841257
2026-01-14 15:00:00,-0.0008963278
2026-01-14 16:00:00,0.0074004593
2026-01-14 17:00:00,-0.0084053012
2026-01-14 18:00:00,-0.0010178331
2026-01-14 19:00:00,0.0084672844
2026-01-14 20:00:00,0.0048440305
2026-01-14 21:00:00,-0.0031081482
2026-01-14 22:00:00,-0.0068840636
2026-01-14 23:00:00,0.0014646729
2026-01-15 00:00:00,-0.0071107183
2026-01-15 01:00:00,-0.0018780928
2026-01-15 02:00:00,-0.0034468247
2026-01-15 03:00:00,-0.0084350064
2026-01-15 04:00:00,0.0057724685
2026-01-15 05:00:00,0.0021130824
2026-01-15 06:00:00,0.0010865433
2026-01-15 07:00:00,0.0042503044
2026-01-15 08:00:00,0.0020374642
2026-01-15 09:00:00,0.00855451
2026-01-15 10:00:00,-0.0004637543
2026-01-15 11:00:00,-0.004237244
2026-01-15 12:00:00,0.0058149133
2026-01-15 13:00:00,0.0005817129
2026-01-15 14:00:00,-0.0087674113
2026-01-15 15:00:00,-0.0032048475
2026-01-15 16:00:00,-0.0002762954
2026-01-15 17:00:00,-0.0087971533
2026-01-15 18:00:00,-0.0038587756
2026-01-15 19:00:00,0.0021240172
2026-01-15 20:00:00,-0.0024586801
2026-01-15 21:00:00,0.0035053543
2026-01-15 22:00:00,0.0030458014
2026-01-15 23:00:00,0.0030244971
2026-01-16 00:00:00,-0.0005124943
2026-01-16 01:00:00,-0.0009080611
2026-01-16 02:00:00,-0.0034587778
2026-01-16 03:00:00,-0.0023104922
2026-01-16 04:00:00,-0.00212113
2026-01-16 05:00:00,0.0063650541
2026-01-16 06:00:00,0.0014287594
2026-01-16 07:00:00,-0.001501309
2026-01-16 08:00:00,0.0011360067
2026-01-16 09:00:00,-0.0016984449
2026-01-16 10:00:00,-0.0029443503
2026-01-16 11:00:00,0.0013460258
2026-01-16 12:00:00,0.0020579751
2026-01-16 13:00:00,-0.0003114507
2026-01-16 14:00:00,-0.0042581435
2026-01-16 15:00:00,-0.00922377
2026-01-16 16:00:00,0.0047277797
2026-01-16 17:00:00,0.0021394098
2026-01-16 18:00:00,-0.0022919642
2026-01-16 19:00:00,-0.0007783895
2026-01-16 20:00:00,0.0050897516
2026-01-16 21:00:00,0.0002582131
2026-01-16 22:00:00,-4.55622e-05
2026-01-16 23:00:00,0.0008046262
2026-01-17 00:00:00,-0.0010263917
2026-01-17 01:00:00,-0.0006291096
2026-01-17 02:00:00,0.0004376833
2026-01-17 03:00:00,-0.0008785998
2026-01-17 04:00:00,0.0008330167
2026-01-17 05:00:00,-9.42116e-05
2026-01-17 06:00:00,-6.38258e-05
2026-01-17 07:00:00,-3.95133e-05
2026-01-17 08:00:00,0.0014063183
2026-01-17 09:00:00,0.000895004
2026-01-17 10:00:00,-0.000743252
2026-01-17 11:00:00,0.0020282291
2026-01-17 12:00:00,-0.0001393281
2026-01-17 13:00:00,0.0002846932
2026-01-17 14:00:00,0.0022202469
2026-01-17 15:00:00,0.0057334545
2026-01-17 16:00:00,-0.0032016204
2026-01-17 17:00:00,-7.23353e-05
2026-01-17 18:00:00,-0.0001959345
2026-01-17 19:00:00,-0.0005970834
2026-01-17 20:00:00,0.0002352572
2026-01-17 21:00:00,-0.0013489557
2026-01-17 22:00:00,-0.0033455267
2026-01-17 23:00:00,0.0025600614
2026-01-18 00:00:00,-0.0017301984
2026-01-18 01:00:00,-0.0009631899
2026-01-18 02:00:00,0.0005513731
2026-01-18 03:00:00,0.0039717976
2026-01-18 04:00:00,-0.0013221805
2026-01-18 05:00:00,0.0012889965
2026-01-18 06:00:00,-0.0002202494
2026-01-18 07:00:00,-0.0022958932
2026-01-18 08:00:00,0.0024678729
2026-01-18 09:00:00,0.0021186544
2026-01-18 10:00:00,0.0008395889
2026-01-18 11:00:00,-0.0009780835
2026-01-18 12:00:00,-6.0221e-05
2026-01-18 13:00:00,0.0010202562
2026-01-18 14:00:00,-0.0001805005
2026-01-18 15:00:00,0.0027250961
2026-01-18 16:00:00,-0.0001770408
2026-01-18 17:00:00,0.0034242248
2026-01-18 18:00:00,0.0049939395
2026-01-18 19:00:00,-0.004551414
2026-01-18 20:00:00,-0.0016874308
2026-01-18 21:00:00,0.000242519
2026-01-18 22:00:00,0.002619047
2026-01-18 23:00:00,-0.0199857375
2026-01-19 00:00:00,-0.0221451723
2026-01-19 01:00:00,-0.0019421265
2026-01-19 02:00:00,-0.0002933613
2026-01-19 03:00:00,0.0021607405
2026-01-19 04:00:00,0.0002833871
2026-01-19 05:00:00,-0.0031373015
2026-01-19 06:00:00,-0.0025394933
2026-01-19 07:00:00,0.0038255426
2026-01-19 08:00:00,0.0021438974
2026-01-19 09:00:00,-0.0016916761
2026-01-19 10:00:00,0.0018659773
2026-01-19 11:00:00,0.0026853747
2026-01-19 12:00:00,0.0003786045
2026-01-19 13:00:00,-0.00213074
2026-01-19 14:00:00,-0.0015527688
2026-01-19 15:00:00,0.001170246
2026-01-19 16:00:00,0.0021315543
2026-01-19 17:00:00,-0.0012578755
2026-01-19 18:00:00,-0.0015924709
2026-01-19 19:00:00,0.0016359795
2026-01-19 20:00:00,-0.0018134232
2026-01-19 21:00:00,-0.0003549821
2026-01-19 22:00:00,-0.0076690298
2026-01-19 23:00:00,0.0001757353
2026-01-20 00:00:00,-0.001567017
2026-01-20 01:00:00,0.0027774962
2026-01-20 02:00:00,-0.0002758353
2026-01-20 03:00:00,-0.0013426484
2026-01-20 04:00:00,-0.0049469376
2026-01-20 05:00:00,-0.0003028974
2026-01-20 06:00:00,-0.0177044233
2026-01-20 07:00:00,0.0019830644
2026-01-20 08:00:00,-0.0052421516
2026-01-20 09:00:00,-0.0040621585
2026-01-20 10:00:00,0.0031336443
2026-01-20 11:00:00,0.0019463096
2026-01-20 12:00:00,0.0007240652
2026-01-20 13:00:00,-0.0105879956
2026-01-20 14:00:00,-0.0101986516
2026-01-20 15:00:00,-0.004919079
2026-01-20 16:00:00,-0.0077768284
2026-01-20 17:00:00,-0.0033520068
2026-01-20 18:00:00,-0.0026937349
2026-01-20 19:00:00,0.0014714245
2026-01-20 20:00:00,0.0034160467
2026-01-20 21:00:00,-0.0040745759
2026-01-20 22:00:00,-0.0148631491
2026-01-20 23:00:00,-0.0033861114
2026-01-21 00:00:00,0.0067371177
2026-01-21 01:00:00,0.0017371501
2026-01-21 02:00:00,-0.0014496699
2026-01-21 03:00:00,0.0069319403
2026-01-21 04:00:00,-0.0007760624
2026-01-21 05:00:00,0.0047376848
2026-01-21 06:00:00,-0.0042807093
2026-01-21 07:00:00,-0.0033009605
2026-01-21 08:00:00,-0.0016326314
2026-01-21 09:00:00,-0.0038899104
2026-01-21 10:00:00,0.0033360996
2026-01-21 11:00:00,-0.0066561625
2026-01-21 12:00:00,-0.00430394
2026-01-21 13:00:00,-0.0009669281
2026-01-21 14:00:00,0.0178812734
2026-01-21 15:00:00,0.0075032758
2026-01-21 16:00:00,-0.0377912167
2026-01-21 17:00:00,0.0039826309
2026-01-21 18:00:00,0.0081949802
2026-01-21 19:00:00,0.0426640353
2026-01-21 20:00:00,-0.0078843776
2026-01-21 21:00:00,0.0004655117
2026-01-21 22:00:00,-0.006683162
2026-01-21 23:00:00,-0.0099212894
2026-01-22 00:00:00,0.0076658445
2026-01-22 01:00:00,0.007686846
2026-01-22 02:00:00,-0.0038244257
2026-01-22 03:00:00,-0.0012182756
2026-01-22 04:00:00,0.0028988508
2026-01-22 05:00:00,-0.000808445
2026-01-22 06:00:00,-0.0002154747
2026-01-22 07:00:00,-0.0060688979
2026-01-22 08:00:00,0.0015165178
2026-01-22 09:00:00,0.002787055
2026-01-22 10:00:00,-0.0035500259
2026-01-22 11:00:00,-0.0055146646
2026-01-22 12:00:00,0.001403274
2026-01-22 13:00:00,-0.0058908701
2026-01-22 14:00:00,-0.0109300324
2026-01-22 15:00:00,0.0003845244
2026-01-22 16:00:00,0.0016045584
2026-01-22 17:00:00,0.0051058635
2026-01-22 18:00:00,-0.0076737131
2026-01-22 19:00:00,0.0050342516
2026-01-22 20:00:00,-0.0052862901
2026-01-22 21:00:00,0.002524326
2026-01-22 22:00:00,0.0018161548
2026-01-22 23:00:00,0.0002204298
2026-01-23 00:00:00,0.0004102091
2026-01-23 01:00:00,0.0052803752
2026-01-23 02:00:00,-0.0055413979
2026-01-23 03:00:00,0.0038136407
2026-01-23 04:00:00,0.0046130626
2026-01-23 05:00:00,-0.0033304572
2026-01-23 06:00:00,-0.0097245938
2026-01-23 07:00:00,0.0029860718
2026-01-23 08:00:00,-0.0069039115
2026-01-23 09:00:00,-0.0024616092
2026-01-23 10:00:00,0.0033878501
2026-01-23 11:00:00,0.0033423631
2026-01-23 12:00:00,-0.0019392566
2026-01-23 13:00:00,-0.0016798635
2026-01-23 14:00:00,-0.005272989
2026-01-23 15:00:00,0.0127966849
2026-01-23 16:00:00,0.0053748022
2026-01-23 17:00:00,0.0063287307
2026-01-23 18:00:00,0.0005127475
2026-01-23 19:00:00,-0.0097028651
2026-01-23 20:00:00,-0.0063907523
2026-01-23 21:00:00,0.0013201861
2026-01-23 22:00:00,0.0050773324
2026-01-23 23:00:00,-0.0009680281
2026-01-24 00:00:00,-0.0018744084
2026-01-24 01:00:00,0.0016000763
2026-01-24 02:00:00,0.000914148
2026-01-24 03:00:00,0.0012310857
2026-01-24 04:00:00,0.0001656074
2026-01-24 05:00:00,-0.0007403764
2026-01-24 06:00:00,0.0002502342
2026-01-24 07:00:00,-0.0016682829
2026-01-24 08:00:00,0.0020299973
2026-01-24 09:00:00,-0.0008859253
2026-01-24 10:00:00,0.0004295351
2026-01-24 11:00:00,-0.0001149756
2026-01-24 12:00:00,0.0003415064
2026-01-24 13:00:00,-0.0044826639
2026-01-24 14:00:00,0.0035119394
2026-01-24 15:00:00,-0.0008700554
2026-01-24 16:00:00,0.0005925324
2026-01-24 17:00:00,0.0017653569
2026-01-24 18:00:00,-0.0001554427
2026-01-24 19:00:00,-0.003273281
2026-01-24 20:00:00,0.0008845374
2026-01-24 21:00:00,0.0004470545
2026-01-24 22:00:00,0.0017017192
2026-01-24 23:00:00,-0.0032096344
2026-01-25 00:00:00,0.0016568889
2026-01-25 01:00:00,-0.0011246233
2026-01-25 02:00:00,-0.0005627863
2026-01-25 03:00:00,-0.0035331164
2026-01-25 04:00:00,0.0009524523
2026-01-25 05:00:00,0.0007205395
2026-01-25 06:00:00,-0.0012953039
2026-01-25 07:00:00,-0.0015150151
2026-01-25 08:00:00,-0.0033342977
2026-01-25 09:00:00,0.0020660494
2026-01-25 10:00:00,0.0031914142
2026-01-25 11:00:00,-0.0025639075
2026-01-25 12:00:00,0.0016759666
2026-01-25 13:00:00,-0.0001497689
2026-01-25 14:00:00,-0.0030649719
2026-01-25 15:00:00,-0.0020713566
2026-01-25 16:00:00,-0.0101969234
2026-01-25 17:00:00,-0.0043927182
2026-01-25 18:00:00,-0.0124651386
2026-01-25 19:00:00,-0.0121526572
2026-01-25 20:00:00,-0.0012818597
2026-01-25 21:00:00,0.0032193316
2026-01-25 22:00:00,-0.004174673
2026-01-25 23:00:00,0.0035636193
2026-01-26 00:00:00,0.0087992826
2026-01-26 01:00:00,0.0141101121
2026-01-26 02:00:00,-0.00608972
2026-01-26 03:00:00,-0.0052062831
2026-01-26 04:00:00,0.0051783271
2026-01-26 05:00:00,0.0016341128
2026-01-26 06:00:00,0.0075942121
2026-01-26 07:00:00,0.0041049514
2026-01-26 08:00:00,0.0032086289
2026-01-26 09:00:00,-0.0093099417
2026-01-26 10:00:00,0.0038608816
2026-01-26 11:00:00,-0.0015771783
2026-01-26 12:00:00,0.0035175655
2026-01-26 13:00:00,0.0026042758
2026-01-26 14:00:00,0.0045720485
2026-01-26 15:00:00,-0.0081736688
2026-01-26 16:00:00,0.000631652
2026-01-26 17:00:00,0.0028495496
2026-01-26 18:00:00,0.0077289276
2026-01-26 19:00:00,-0.0032077067
2026-01-26 20:00:00,-0.0072845102
2026-01-26 21:00:00,0.0093648788
2026-01-26 22:00:00,-0.0006428098
2026-01-26 23:00:00,0.001005063
2026-01-27 00:00:00,-0.0031690324
2026-01-27 01:00:00,0.0038931454
2026-01-27 02:00:00,0.0041501046
2026-01-27 03:00:00,-0.0012690983
2026-01-27 04:00:00,-8.85227e-05
2026-01-27 05:00:00,-0.0005347075
2026-01-27 06:00:00,-0.0034979688
2026-01-27 07:00:00,4.10227e-05
2026-01-27 08:00:00,-0.0020977318
2026-01-27 09:00:00,-0.0053377059
2026-01-27 10:00:00,-0.0015268573
2026-01-27 11:00:00,0.0047761531
2026-01-27 12:00:00,-4.80607e-05
2026-01-27 13:00:00,-0.0015391648
2026-01-27 14:00:00,0.0019132911
2026-01-27 15:00:00,0.0066422701
2026-01-27 16:00:00,0.0180536905
2026-01-27 17:00:00,-0.0205111806
2026-01-27 18:00:00,0.0163442982
2026-01-27 19:00:00,0.0005041695
2026-01-27 20:00:00,0.0141172378
2026-01-27 21:00:00,-0.0023916592
2026-01-27 22:00:00,0.0014834361
2026-01-27 23:00:00,0.0021929107
2026-01-28 00:00:00,-0.0007480967
2026-01-28 01:00:00,-0.0016239042
2026-01-28 02:00:00,-0.0026735808
2026-01-28 03:00:00,-0.0020640392
2026-01-28 04:00:00,-0.0019848259
2026-01-28 05:00:00,0.001738188
2026-01-28 06:00:00,0.0033809673
2026-01-28 07:00:00,-0.0031776533
2026-01-28 08:00:00,-0.0046230963
2026-01-28 09:00:00,0.0083487467
2026-01-28 10:00:00,0.0034074407
2026-01-28 11:00:00,0.0044044789
2026-01-28 12:00:00,-0.0027612616
2026-01-28 13:00:00,0.0010400795
2026-01-28 14:00:00,-0.0072368922
2026-01-28 15:00:00,-0.0017300237
2026-01-28 16:00:00,-0.0024103828
2026-01-28 17:00:00,0.0047485304
2026-01-28 18:00:00,0.0004085313
2026-01-28 19:00:00,0.0003917676
2026-01-28 20:00:00,-0.0019404191
2026-01-28 21:00:00,0.0031479564
2026-01-28 22:00:00,-0.0006400786
2026-01-28 23:00:00,-0.0026808376
2026-01-29 00:00:00,-0.0004059076
2026-01-29 01:00:00,-0.0056030221
2026-01-29 02:00:00,-0.0111555907
2026-01-29 03:00:00,-0.0023818046
2026-01-29 04:00:00,0.0022599722
2026-01-29 05:00:00,-0.0027926731
2026-01-29 06:00:00,0.0017395584
2026-01-29 07:00:00,0.0017466839
2026-01-29 08:00:00,-0.0029162291
2026-01-29 09:00:00,-0.0033909279
2026-01-29 10:00:00,0.0005546151
2026-01-29 11:00:00,-0.0052009469
2026-01-29 12:00:00,0.0024759546
2026-01-29 13:00:00,-0.0002694963
2026-01-29 14:00:00,-0.0204011687
2026-01-29 15:00:00,-0.0184290373
2026-01-29 16:00:00,0.0035900961
2026-01-29 17:00:00,-0.0036397538
2026-01-29 18:00:00,-0.0214360374
2026-01-29 19:00:00,0.0116910253
2026-01-29 20:00:00,0.0032220083
2026-01-29 21:00:00,0.0052630014
2026-01-29 22:00:00,-9.94481e-05
2026-01-29 23:00:00,0.0008130529
2026-01-30 00:00:00,-0.006183704
2026-01-30 01:00:00,-0.0206669019
2026-01-30 02:00:00,-0.0039889298
2026-01-30 03:00:00,0.0018759022
2026-01-30 04:00:00,0.0040906264
2026-01-30 05:00:00,-0.0020796805
2026-01-30 06:00:00,-0.0105632591
2026-01-30 07:00:00,0.0080187889
2026-01-30 08:00:00,-0.0012728372
2026-01-30 09:00:00,-0.0053320347
2026-01-30 10:00:00,0.0050208942
2026-01-30 11:00:00,0.0086537705
2026-01-30 12:00:00,-0.0070405512
2026-01-30 13:00:00,-0.0038709702
2026-01-30 14:00:00,0.0027225957
2026-01-30 15:00:00,-0.0024914552
2026-01-30 16:00:00,-0.0013362164
2026-01-30 17:00:00,-0.0052187706
2026-01-30 18:00:00,0.010289846
2026-01-30 19:00:00,0.0007489529
2026-01-30 20:00:00,-0.0229777977
2026-01-30 21:00:00,0.0099023044
2026-01-30 22:00:00,0.0010798538
2026-01-30 23:00:00,-0.0010132537
2026-01-31 00:00:00,-0.0003737578
2026-01-31 01:00:00,-0.0023530687
2026-01-31 02:00:00,0.0006119599
2026-01-31 03:00:00,-0.0022865637
2026-01-31 04:00:00,-0.0001152089
2026-01-31 05:00:00,0.0007170523
2026-01-31 06:00:00,-0.0016354814
2026-01-31 07:00:00,-0.005001064
2026-01-31 08:00:00,-0.0133195548
2026-01-31 09:00:00,0.0019266552
2026-01-31 10:00:00,0.0007975854
2026-01-31 11:00:00,-0.0038691212
2026-01-31 12:00:00,-0.0028945779
2026-01-31 13:00:00,-0.0012980613
2026-01-31 14:00:00,-0.0349937843
2026-01-31 15:00:00,-0.0017609114
2026-01-31 16:00:00,-0.0207064756
2026-01-31 17:00:00,-0.032448975
2026-01-31 18:00:00,-0.0091686148
2026-01-31 19:00:00,0.0007945868
2026-01-31 20:00:00,0.0007603621
2026-01-31 21:00:00,0.0147685219
2026-01-31 22:00:00,-2.89646e-05
2026-01-31 23:00:00,0.0133665784
2026-02-01 00:00:00,0.0002490269
2026-02-01 01:00:00,-0.0031562018
2026-02-01 02:00:00,0.003258244
2026-02-01 03:00:00,-0.0028447545
2026-02-01 04:00:00,0.001035021
2026-02-01 05:00:00,-0.0072595079
2026-02-01 06:00:00,-0.0049960466
2026-02-01 07:00:00,-0.0030179566
2026-02-01 08:00:00,0.0007594921
2026-02-01 09:00:00,0.0080902512
2026-02-01 10:00:00,-0.0212404506
2026-02-01 11:00:00,0.0127061948
2026-02-01 12:00:00,-0.0065417817
2026-02-01 13:00:00,-0.0062148572
2026-02-01 14:00:00,-0.0037863597
2026-02-01 15:00:00,-0.0242340331
2026-02-01 16:00:00,-0.0047842834
2026-02-01 17:00:00,0.0043864662
2026-02-01 18:00:00,0.0159012056
2026-02-01 19:00:00,-0.0133268458
2026-02-01 20:00:00,-0.0017788836
2026-02-01 21:00:00,-0.011356375
2026-02-01 22:00:00,0.0124059537
2026-02-01 23:00:00,-0.0213978172
2026-02-02 00:00:00,0.0104157554
2026-02-02 01:00:00,-0.0007728431
2026-02-02 02:00:00,-0.0130048391
2026-02-02 03:00:00,-0.0104894667
2026-02-02 04:00:00,0.0009029104
2026-02-02 05:00:00,-0.0191708961
2026-02-02 06:00:00,0.0128378322
2026-02-02 07:00:00,0.0008988401
2026-02-02 08:00:00,0.0092424951
2026-02-02 09:00:00,0.0187219698
2026-02-02 10:00:00,-0.0059893668
2026-02-02 11:00:00,0.0019185732
2026-02-02 12:00:00,0.0128993561
2026-02-02 13:00:00,0.0074971989
2026-02-02 14:00:00,4.72721e-05
2026-02-02 15:00:00,0.0189553515
2026-02-02 16:00:00,-0.005903864
2026-02-02 17:00:00,-0.0011289126
2026-02-02 18:00:00,-0.0050489892
2026-02-02 19:00:00,-0.0057568958
2026-02-02 20:00:00,-0.0044268323
2026-02-02 21:00:00,0.0086631921
2026-02-02 22:00:00,0.0041759235
2026-02-02 23:00:00,-0.0023438776
2026-02-03 00:00:00,0.0035095078
2026-02-03 01:00:00,0.0001870549
2026-02-03 02:00:00,-0.0237704969
2026-02-03 03:00:00,0.0191561955
2026-02-03 04:00:00,0.0007385257
2026-02-03 05:00:00,-0.0125173665
2026-02-03 06:00:00,0.0017916548
2026-02-03 07:00:00,0.0005821362
2026-02-03 08:00:00,-0.0022787311
2026-02-03 09:00:00,-0.0105722729
2026-02-03 10:00:00,-0.0045209241
2026-02-03 11:00:00,-0.0022747443
2026-02-03 12:00:00,0.0109701664
2026-02-03 13:00:00,0.0046203887
2026-02-03 14:00:00,-0.0244355395
2026-02-03 15:00:00,0.0205193487
2026-02-03 16:00:00,-0.0275341726
2026-02-03 17:00:00,-0.0214267792
2026-02-03 18:00:00,-0.0340362603
2026-02-03 19:00:00,0.0393839518
2026-02-03 20:00:00,0.041703821
2026-02-03 21:00:00,-0.0069946395
2026-02-03 22:00:00,-0.0208122121
2026-02-03 23:00:00,-0.00146935
2026-02-04 00:00:00,0.0032940701
2026-02-04 01:00:00,0.0123320471
2026-02-04 02:00:00,-0.0072333607
2026-02-04 03:00:00,0.0135029185
2026-02-04 04:00:00,-0.0041180807
2026-02-04 05:00:00,-0.0036001574
2026-02-04 06:00:00,0.0052854782
2026-02-04 07:00:00,0.0025467876
2026-02-04 08:00:00,-0.0015448628
2026-02-04 09:00:00,-0.0085219518
2026-02-04 10:00:00,-6.64492e-05
2026-02-04 11:00:00,-0.0023951151
2026-02-04 12:00:00,-0.0049770837
2026-02-04 13:00:00,-0.0203146497
2026-02-04 14:00:00,-0.0123824985
2026-02-04 15:00:00,-0.0095351779
2026-02-04 16:00:00,-0.0080582647
2026-02-04 17:00:00,-0.0048549951
2026-02-04 18:00:00,0.010610851
2026-02-04 19:00:00,0.0187305845
2026-02-04 20:00:00,-0.0075664607
2026-02-04 21:00:00,-0.0197256635
2026-02-04 22:00:00,-0.0041122823
2026-02-04 23:00:00,0.0130377128
2026-02-05 00:00:00,0.0009464289
2026-02-05 01:00:00,-0.0013056537
2026-02-05 02:00:00,-0.0108937934
2026-02-05 03:00:00,-0.0064313164
2026-02-05 04:00:00,-0.0033003016
2026-02-05 05:00:00,-0.0012249267
2026-02-05 06:00:00,-0.006219223
2026-02-05 07:00:00,0.001352382
2026-02-05 08:00:00,0.0099378989
2026-02-05 09:00:00,0.0104976939
2026-02-05 10:00:00,-0.0169527689
2026-02-05 11:00:00,-0.0084697903
2026-02-05 12:00:00,-0.0078428741
2026-02-05 13:00:00,-0.0025761059
2026-02-05 14:00:00,-0.0058181698
2026-02-05 15:00:00,-0.0425817497
2026-02-05 16:00:00,0.0192151129
2026-02-05 17:00:00,-0.0223564714
2026-02-05 18:00:00,-0.0028326014
2026-02-05 19:00:00,-0.0112086377
2026-02-05 20:00:00,-0.0310601183
2026-02-05 21:00:00,-0.0102049949
2026-02-05 22:00:00,0.0112551338
2026-02-05 23:00:00,-0.023685168
2026-02-06 00:00:00,0.0239582377
2026-02-06 01:00:00,0.031818627
2026-02-06 02:00:00,-0.0120412983
2026-02-06 03:00:00,-0.008158234
2026-02-06 04:00:00,0.0091025608
2026-02-06 05:00:00,0.0253188567
2026-02-06 06:00:00,-0.0256964804
2026-02-06 07:00:00,-0.0049959348
2026-02-06 08:00:00,-0.0131395104
2026-02-06 09:00:00,0.0237953146
2026-02-06 10:00:00,0.0038785063
2026-02-06 11:00:00,0.0031800653
2026-02-06 12:00:00,-0.0059950412
2026-02-06 13:00:00,0.0149515486
2026-02-06 14:00:00,0.0146351781
2026-02-06 15:00:00,0.0015467673
2026-02-06 16:00:00,0.0276958404
2026-02-06 17:00:00,0.0148345205
2026-02-06 18:00:00,-0.0110831829
2026-02-06 19:00:00,0.0102260338
2026-02-06 20:00:00,-0.0056016295
2026-02-06 21:00:00,-0.0002923592
2026-02-06 22:00:00,0.0103026469
2026-02-06 23:00:00,-0.0056933355
2026-02-07 00:00:00,-0.0096562122
2026-02-07 01:00:00,0.0094039308
2026-02-07 02:00:00,-0.0013158056
2026-02-07 03:00:00,0.0103484617
2026-02-07 04:00:00,0.0032836495
2026-02-07 05:00:00,-0.0019573703
2026-02-07 06:00:00,-0.0174487807
2026-02-07 07:00:00,-0.0098066721
2026-02-07 08:00:00,-0.0040696595
2026-02-07 09:00:00,-0.0026295959
2026-02-07 10:00:00,-0.0017801385
2026-02-07 11:00:00,0.003834791
2026-02-07 12:00:00,0.011088463
2026-02-07 13:00:00,-0.0002255709
2026-02-07 14:00:00,-0.0102532644
2026-02-07 15:00:00,0.0158431907
2026-02-07 16:00:00,-0.0002682672
2026-02-07 17:00:00,0.0048906516
2026-02-07 18:00:00,0.0170435016
2026-02-07 19:00:00,-0.0026091334
2026-02-07 20:00:00,0.0066717306
2026-02-07 21:00:00,-0.002150692
2026-02-07 22:00:00,-0.0060198262
2026-02-07 23:00:00,-0.0003354997
2026-02-08 00:00:00,-0.0015543523
2026-02-08 01:00:00,0.0055968107
2026-02-08 02:00:00,-0.00335241
2026-02-08 03:00:00,-0.0049510876
2026-02-08 04:00:00,0.0043377347
2026-02-08 05:00:00,-0.0013910209
2026-02-08 06:00:00,-0.0026194067
2026-02-08 07:00:00,0.0020192315
2026-02-08 08:00:00,0.0149825356
2026-02-08 09:00:00,-0.0069985472
2026-02-08 10:00:00,-0.002036578
2026-02-08 11:00:00,0.0170557522
2026-02-08 12:00:00,-0.0003286076
2026-02-08 13:00:00,-0.002303282
2026-02-08 14:00:00,0.0011099981
2026-02-08 15:00:00,-0.0095314388
2026-02-08 16:00:00,-0.0131079879
2026-02-08 17:00:00,0.0052896601
2026-02-08 18:00:00,0.0086484966
2026-02-08 19:00:00,0.0077983141
2026-02-08 20:00:00,-0.0104715475
2026-02-08 21:00:00,-0.0049665504
2026-02-08 22:00:00,0.0065865379
2026-02-08 23:00:00,-0.0087629943
2026-02-09 00:00:00,-0.0023203869
2026-02-09 01:00:00,-0.0067471667
2026-02-09 02:00:00,0.0050466086
2026-02-09 03:00:00,0.0091031111
2026-02-09 04:00:00,-0.0047661664
2026-02-09 05:00:00,0.0026055812
2026-02-09 06:00:00,-0.0071396702
2026-02-09 07:00:00,-0.0071425773
2026-02-09 08:00:00,-0.007667269
2026-02-09 09:00:00,-0.0043875273
2026-02-09 10:00:00,-0.0094862605
2026-02-09 11:00:00,0.0021751068
2026-02-09 12:00:00,0.0042623185
2026-02-09 13:00:00,-0.006175173
2026-02-09 14:00:00,0.0106837624
2026-02-09 15:00:00,0.0086072977
2026-02-09 16:00:00,0.0140712329
2026-02-09 17:00:00,0.0170469861
2026-02-09 18:00:00,0.001358616
2026-02-09 19:00:00,0.0008593466
2026-02-09 20:00:00,-0.0029473933
2026-02-09 21:00:00,-0.0015406109
2026-02-09 22:00:00,-0.0032207972
2026-02-09 23:00:00,-0.0048459769
2026-02-10 00:00:00,-0.0038336392
2026-02-10 01:00:00,0.0095968523
2026-02-10 02:00:00,-0.0041579314
2026-02-10 03:00:00,-0.0210530053
2026-02-10 04:00:00,0.0027587025
2026-02-10 05:00:00,-0.0083575274
2026-02-10 06:00:00,-0.0218220935
2026-02-10 07:00:00,-0.0010466091
2026-02-10 08:00:00,0.0037030627
2026-02-10 09:00:00,0.0008193893
2026-02-10 10:00:00,-0.0011423634
2026-02-10 11:00:00,-0.005396651
2026-02-10 12:00:00,0.0026247258
2026-02-10 13:00:00,0.0071752527
2026-02-10 14:00:00,-0.0064529163
2026-02-10 15:00:00,0.0065271305
2026-02-10 16:00:00,0.0019523292
2026-02-10 17:00:00,0.006447666
2026-02-10 18:00:00,-0.0148972472
2026-02-10 19:00:00,0.0042981753
2026-02-10 20:00:00,-0.0031883221
2026-02-10 21:00:00,-0.0015581251
2026-02-10 22:00:00,0.0047960292
2026-02-10 23:00:00,0.0023275864
2026-02-11 00:00:00,0.0014828658
2026-02-11 01:00:00,-0.0008894556
2026-02-11 02:00:00,-0.0032830019
2026-02-11 03:00:00,-0.0039110596
2026-02-11 04:00:00,-0.0192600296
2026-02-11 05:00:00,0.0015419578
2026-02-11 06:00:00,-0.0131471089
2026-02-11 07:00:00,0.0019956758
2026-02-11 08:00:00,-0.0008973048
2026-02-11 09:00:00,-0.0018946742
2026-02-11 10:00:00,-0.0038827001
2026-02-11 11:00:00,0.0074021866
2026-02-11 12:00:00,-0.0005840134
2026-02-11 13:00:00,0.0040554314
2026-02-11 14:00:00,-0.0086626339
2026-02-11 15:00:00,-0.0072230458
2026-02-11 16:00:00,-0.0074218603
2026-02-11 17:00:00,0.0074374164
2026-02-11 18:00:00,0.0074339798
2026-02-11 19:00:00,0.0043089679
2026-02-11 20:00:00,0.0010090741
2026-02-11 21:00:00,0.0078075795
2026-02-11 22:00:00,-0.009549767
2026-02-11 23:00:00,-0.004760347
2026-02-12 00:00:00,0.0085636159
2026-02-12 01:00:00,0.0034681526
2026-02-12 02:00:00,-0.0038258521
2026-02-12 03:00:00,0.0055655934
2026-02-12 04:00:00,-0.0015971925
2026-02-12 05:00:00,0.0023643618
2026-02-12 06:00:00,0.0014412954
2026-02-12 07:00:00,-0.0026812527
2026-02-12 08:00:00,-0.0015011847
2026-02-12 09:00:00,0.0085544936
2026-02-12 10:00:00,0.0062716011
2026-02-12 11:00:00,-0.0019789057
2026-02-12 12:00:00,-0.0046512532
2026-02-12 13:00:00,0.0070766289
2026-02-12 14:00:00,-0.0075111106
2026-02-12 15:00:00,-0.0161072795
2026-02-12 16:00:00,-0.0203251227
2026-02-12 17:00:00,0.000324871
2026-02-12 18:00:00,0.0043963238
2026-02-12 19:00:00,0.0034834442
2026-02-12 20:00:00,-0.0051121685
2026-02-12 21:00:00,0.0040668478
2026-02-12 22:00:00,0.0100129233
2026-02-12 23:00:00,0.0024182689
2026-02-13 00:00:00,-0.0074639723
2026-02-13 01:00:00,0.0053598943
2026-02-13 02:00:00,0.0030030053
2026-02-13 03:00:00,0.0021592576
2026-02-13 04:00:00,-0.0045032978
2026-02-13 05:00:00,-0.0054287941
2026-02-13 06:00:00,0.0014581408
2026-02-13 07:00:00,-0.0005995452
2026-02-13 08:00:00,0.0119486787
2026-02-13 09:00:00,0.0014855089
2026-02-13 10:00:00,-0.0013935577
2026-02-13 11:00:00,0.0004136758
2026-02-13 12:00:00,0.0003879847
2026-02-13 13:00:00,0.0052281911
2026-02-13 14:00:00,0.0102142735
2026-02-13 15:00:00,0.0216957797
2026-02-13 16:00:00,0.0130358666
2026-02-13 17:00:00,-0.0008887314
2026-02-13 18:00:00,-0.0009089739
2026-02-13 19:00:00,0.0003743834
2026-02-13 20:00:00,-0.0059189946
2026-02-13 21:00:00,0.0039044248
2026-02-13 22:00:00,-1.94843e-05
2026-02-13 23:00:00,-0.0021895238
2026-02-14 00:00:00,0.00308054
2026-02-14 01:00:00,-0.0006134014
2026-02-14 02:00:00,-0.002252363
2026-02-14 03:00:00,0.0021598333
2026-02-14 04:00:00,-0.0003653324
2026-02-14 05:00:00,-0.0010870441
2026-02-14 06:00:00,0.0010285785
2026-02-14 07:00:00,0.001937287
2026-02-14 08:00:00,0.0119732965
2026-02-14 09:00:00,-0.0018853229
2026-02-14 10:00:00,-0.0003996447
2026-02-14 11:00:00,0.0105727308
2026-02-14 12:00:00,-0.0136017354
2026-02-14 13:00:00,0.0003911995
2026-02-14 14:00:00,0.0065407367
2026-02-14 15:00:00,0.0010692034
2026-02-14 16:00:00,-0.0022836318
2026-02-14 17:00:00,-0.0014756177
2026-02-14 18:00:00,0.0022534057
2026-02-14 19:00:00,0.0019370373
2026-02-14 20:00:00,0.0006847364
2026-02-14 21:00:00,-0.0019836713
2026-02-14 22:00:00,0.0020363239
2026-02-14 23:00:00,-0.0016479046
2026-02-15 00:00:00,-0.0032173978
2026-02-15 01:00:00,-0.0075946126
2026-02-15 02:00:00,-0.0016831469
2026-02-15 03:00:00,-0.0007527543
2026-02-15 04:00:00,0.0083745655
2026-02-15 05:00:00,0.0060951636
2026-02-15 06:00:00,-0.0015814599
2026-02-15 07:00:00,0.0025817591
2026-02-15 08:00:00,-0.010517124
2026-02-15 09:00:00,-0.0004013278
2026-02-15 10:00:00,-0.0035998014
2026-02-15 11:00:00,0.0002911787
2026-02-15 12:00:00,-0.0250181317
2026-02-15 13:00:00,-0.0041329686
2026-02-15 14:00:00,0.0039040833
2026-02-15 15:00:00,0.0005621681
2026-02-15 16:00:00,-0.0023203599
2026-02-15 17:00:00,-0.017480079
2026-02-15 18:00:00,-0.0063461257
2026-02-15 19:00:00,-0.0089795705
2026-02-15 20:00:00,0.0041074787
2026-02-15 21:00:00,0.0041775304
2026-02-15 22:00:00,0.0055023855
2026-02-15 23:00:00,-0.0014338159
2026-02-16 00:00:00,0.0013474384
2026-02-16 01:00:00,-0.0028138861
2026-02-16 02:00:00,-0.0034352104
2026-02-16 03:00:00,0.0010578524
2026-02-16 04:00:00,0.0072876011
2026-02-16 05:00:00,-0.0077167397
2026-02-16 06:00:00,0.0045018825
2026-02-16 07:00:00,0.0024286038
2026-02-16 08:00:00,0.0029288236
2026-02-16 09:00:00,0.0051678137
2026-02-16 10:00:00,-0.0043434134
2026-02-16 11:00:00,-0.0012495101
2026-02-16 12:00:00,0.0149020277
2026-02-16 13:00:00,-0.0192139317
2026-02-16 14:00:00,0.0024980973
2026-02-16 15:00:00,-0.0082542204
2026-02-16 16:00:00,0.0085584399
2026-02-16 17:00:00,0.0026933725
2026-02-16 18:00:00,-0.0050890695
2026-02-16 19:00:00,0.0026238009
2026-02-16 20:00:00,0.0096391029
2026-02-16 21:00:00,0.0029923259
2026-02-16 22:00:00,-0.0042731893
2026-02-16 23:00:00,0.0038677199
2026-02-17 00:00:00,0.0001001312
2026-02-17 01:00:00,-0.0033247029
2026-02-17 02:00:00,0.0034148124
2026-02-17 03:00:00,-0.0060654327
2026-02-17 04:00:00,0.0014292906
2026-02-17 05:00:00,-0.0069745073
2026-02-17 06:00:00,0.0031854407
2026-02-17 07:00:00,0.0021633406
2026-02-17 08:00:00,-0.004518578
2026-02-17 09:00:00,-0.000693476
2026-02-17 10:00:00,-0.004664332
2026-02-17 11:00:00,0.0009508725
2026-02-17 12:00:00,0.0003455478
2026-02-17 13:00:00,0.0107084772
2026-02-17 14:00:00,-0.0211785471
2026-02-17 15:00:00,0.010195674
2026-02-17 16:00:00,0.0058829809
2026-02-17 17:00:00,-0.0071237832
2026-02-17 18:00:00,0.0164171004
2026-02-17 19:00:00,-0.0004305705
2026-02-17 20:00:00,-0.0016438799
2026-02-17 21:00:00,0.0025198457
2026-02-17 22:00:00,-0.0028158306
2026-02-17 23:00:00,-0.0012350515
2026-02-18 00:00:00,-0.0047182606
2026-02-18 01:00:00,-0.0020918079
2026-02-18 02:00:00,0.004677775
2026-02-18 03:00:00,0.0047962927
2026-02-18 04:00:00,0.0010566088
2026-02-18 05:00:00,-0.0014976099
2026-02-18 06:00:00,0.0032028533
2026-02-18 07:00:00,0.0078286955
2026-02-18 08:00:00,0.001238605
2026-02-18 09:00:00,-0.0019031293
2026-02-18 10:00:00,-0.0097356511
2026-02-18 11:00:00,-0.0078906685
2026-02-18 12:00:00,0.0003886975
2026-02-18 13:00:00,-0.0057448587
2026-02-18 14:00:00,0.0016129036
2026-02-18 15:00:00,0.0059119745
2026-02-18 16:00:00,-0.0069818811
2026-02-18 17:00:00,0.0011256523
2026-02-18 18:00:00,-0.0111089606
2026-02-18 19:00:00,-0.0059051799
2026-02-18 20:00:00,-0.0007786496
2026-02-18 21:00:00,0.0014227687
2026-02-18 22:00:00,0.0028137951
2026-02-18 23:00:00,0.0045971437
2026-02-19 00:00:00,-9.20429e-05
2026-02-19 01:00:00,0.0053245329
2026-02-19 02:00:00,0.0004780236
2026-02-19 03:00:00,0.0023207581
2026-02-19 04:00:00,-0.0014822262
2026-02-19 05:00:00,0.0004215413
2026-02-19 06:00:00,0.0065995482
2026-02-19 07:00:00,-0.000711505
2026-02-19 08:00:00,-0.0058017254
2026-02-19 09:00:00,-0.0034636341
2026-02-19 10:00:00,-0.0022034305
2026-02-19 11:00:00,-0.0052424223
2026-02-19 12:00:00,-0.0007240145
2026-02-19 13:00:00,-0.0133725569
2026-02-19 14:00:00,0.0076338228
2026-02-19 15:00:00,-0.0053198916
2026-02-19 16:00:00,-0.0017310441
2026-02-19 17:00:00,-0.0011036092
2026-02-19 18:00:00,0.0098785943
2026-02-19 19:00:00,0.000819687
2026-02-19 20:00:00,0.0044219193
2026-02-19 21:00:00,-0.0018435173
2026-02-19 22:00:00,-0.0012086023
2026-02-19 23:00:00,0.0024516808
2026-02-20 00:00:00,0.0048751857
2026-02-20 01:00:00,-0.002373172
2026-02-20 02:00:00,-0.0016348289
2026-02-20 03:00:00,0.0021672366
2026-02-20 04:00:00,-0.0079180151
2026-02-20 05:00:00,0.0083222508
2026-02-20 06:00:00,0.0016357413
2026-02-20 07:00:00,0.0012148499
2026-02-20 08:00:00,-0.0005204693
2026-02-20 09:00:00,0.0041714371
2026-02-20 10:00:00,-0.0055044608
2026-02-20 11:00:00,-0.0071602167
2026-02-20 12:00:00,0.003294117
2026-02-20 13:00:00,-0.0079376329
2026-02-20 14:00:00,0.0045045237
2026-02-20 15:00:00,0.0106615513
2026-02-20 16:00:00,0.0025130882
2026-02-20 17:00:00,-0.0012761037
2026-02-20 18:00:00,0.0046896736
2026-02-20 19:00:00,-0.0059928773
2026-02-20 20:00:00,0.0038385616
2026-02-20 21:00:00,0.0015667746
2026-02-20 22:00:00,-0.0014348478
2026-02-20 23:00:00,-0.0014673964
2026-02-21 00:00:00,-0.0028138717
2026-02-21 01:00:00,0.0014053814
2026-02-21 02:00:00,-2.54422e-05
2026-02-21 03:00:00,-0.0034253417
2026-02-21 04:00:00,0.0018568497
2026-02-21 05:00:00,-0.0001834909
2026-02-21 06:00:00,-0.0003466858
2026-02-21 07:00:00,0.0006168135
2026-02-21 08:00:00,0.0030326491
2026-02-21 09:00:00,0.0009445509
2026-02-21 10:00:00,0.0018053659
2026-02-21 11:00:00,0.0015087312
2026-02-21 12:00:00,-0.0006325799
2026-02-21 13:00:00,0.0025935631
2026-02-21 14:00:00,0.0033017222
2026-02-21 15:00:00,0.0001710898
2026-02-21 16:00:00,-0.0008507062
2026-02-21 17:00:00,0.0011575881
2026-02-21 18:00:00,0.0017991492
2026-02-21 19:00:00,-0.0017538795
2026-02-21 20:00:00,-0.0072744115
2026-02-21 21:00:00,0.0039693728
2026-02-21 22:00:00,-0.0037971241
2026-02-21 23:00:00,-0.0002837196
2026-02-22 00:00:00,-0.0007958575
2026-02-22 01:00:00,0.0024261468
2026-02-22 02:00:00,-0.0025630779
2026-02-22 03:00:00,0.0011861135
2026-02-22 04:00:00,-0.0005117824
2026-02-22 05:00:00,0.0006688116
2026-02-22 06:00:00,0.0005215652
2026-02-22 07:00:00,0.0001923534
2026-02-22 08:00:00,-0.001367525
2026-02-22 09:00:00,0.0011701092
2026-02-22 10:00:00,0.0008754197
2026-02-22 11:00:00,0.0016223063
2026-02-22 12:00:00,-0.0071965727
2026-02-22 13:00:00,-0.0079252423
2026-02-22 14:00:00,-0.0001589422
2026-02-22 15:00:00,0.0016599555
2026-02-22 16:00:00,-0.0007425407
2026-02-22 17:00:00,-0.0062179668
2026-02-22 18:00:00,0.0013959828
2026-02-22 19:00:00,0.0001698575
2026-02-22 20:00:00,-0.0016586314
2026-02-22 21:00:00,0.0051112868
2026-02-22 22:00:00,0.0045187004
2026-02-22 23:00:00,-0.000704862
2026-02-23 00:00:00,-0.0146795027
2026-02-23 01:00:00,-0.0384241913
2026-02-23 02:00:00,0.0036840972
2026-02-23 03:00:00,-0.0001395868
2026-02-23 04:00:00,-0.0016120282
2026-02-23 05:00:00,0.0032268224
2026-02-23 06:00:00,0.0072850339
2026-02-23 07:00:00,0.0031135624
2026-02-23 08:00:00,-0.0023475561
2026-02-23 09:00:00,0.0194783144
2026-02-23 10:00:00,-0.0020672274
2026-02-23 11:00:00,0.000835758
2026-02-23 12:00:00,0.0024822578
2026-02-23 13:00:00,0.0008173784
2026-02-23 14:00:00,-0.0079416915
2026-02-23 15:00:00,-0.0056655289
2026-02-23 16:00:00,-0.0060427301
2026-02-23 17:00:00,-0.0108002437
2026-02-23 18:00:00,-0.0035525734
2026-02-23 19:00:00,-0.0003446419
2026-02-23 20:00:00,0.002006947
2026-02-23 21:00:00,0.0012999432
2026-02-23 22:00:00,-0.0020204741
2026-02-23 23:00:00,-0.0018036018
2026-02-24 00:00:00,0.0060761721
2026-02-24 01:00:00,-0.0144855401
2026-02-24 02:00:00,0.0016343732
2026-02-24 03:00:00,-0.0067611228
2026-02-24 04:00:00,-0.0003223207
2026-02-24 05:00:00,-0.0024672797
2026-02-24 06:00:00,-0.0028633197
2026-02-24 07:00:00,0.0023866687
2026-02-24 08:00:00,0.0035393232
2026-02-24 09:00:00,-0.0026464734
2026-02-24 10:00:00,-0.0002792723
2026-02-24 11:00:00,0.0003340224
2026-02-24 12:00:00,-0.0016328413
2026-02-24 13:00:00,-0.0044572881
2026-02-24 14:00:00,0.0105313157
2026-02-24 15:00:00,0.0072826731
2026-02-24 16:00:00,0.0057516075
2026-02-24 17:00:00,-0.001647642
2026-02-24 18:00:00,-0.0004581605
2026-02-24 19:00:00,-0.0012677726
2026-02-24 20:00:00,0.0032444463
2026-02-24 21:00:00,-0.0023002076
2026-02-24 22:00:00,0.0033650215
2026-02-24 23:00:00,-0.0046332046
2026-02-25 00:00:00,-3.24002e-05
2026-02-25 01:00:00,0.0355051814
2026-02-25 02:00:00,0.0010834576
2026-02-25 03:00:00,-0.0078030871
2026-02-25 04:00:00,-0.0001259333
2026-02-25 05:00:00,-0.0095328702
2026-02-25 06:00:00,-0.0014314345
2026-02-25 07:00:00,0.0045047386
2026-02-25 08:00:00,0.0089385835
2026-02-25 09:00:00,0.002624303
2026-02-25 10:00:00,-0.0014942766
2026-02-25 11:00:00,0.0071429061
2026-02-25 12:00:00,0.0138888257
2026-02-25 13:00:00,0.0057636459
2026-02-25 14:00:00,0.016919101
2026-02-25 15:00:00,0.0078023155
2026-02-25 16:00:00,0.0161380428
2026-02-25 17:00:00,0.0134547502
2026-02-25 18:00:00,9.16005e-05
2026-02-25 19:00:00,-0.0013121336
2026-02-25 20:00:00,0.0019531021
2026-02-25 21:00:00,0.0119058147
2026-02-25 22:00:00,-0.0080734068
2026-02-25 23:00:00,-0.0125810908
2026-02-26 00:00:00,0.0026064749
2026-02-26 01:00:00,-0.0021448718
2026-02-26 02:00:00,-0.0020180464
2026-02-26 03:00:00,0.0001362855
2026-02-26 04:00:00,0.0101110256
2026-02-26 05:00:00,-0.004461814
2026-02-26 06:00:00,-0.0018261926
2026-02-26 07:00:00,-0.0044461903
2026-02-26 08:00:00,0.0007156402
2026-02-26 09:00:00,0.0097872637
2026-02-26 10:00:00,-0.0045015749
2026-02-26 11:00:00,-0.0039531399
2026-02-26 12:00:00,0.005863471
2026-02-26 13:00:00,-0.0020410441
2026-02-26 14:00:00,-0.0068645986
2026-02-26 15:00:00,-0.0089856664
2026-02-26 16:00:00,-0.0245893213
2026-02-26 17:00:00,0.0024822967
2026-02-26 18:00:00,0.0077594909
2026-02-26 19:00:00,0.0129988495
2026-02-26 20:00:00,-0.0032610843
2026-02-26 21:00:00,0.0033201888
2026-02-26 22:00:00,0.001786264
2026-02-26 23:00:00,-0.0030528511
2026-02-27 00:00:00,-0.0065506847
2026-02-27 01:00:00,0.0035379499
2026-02-27 02:00:00,0.0021592251
2026-02-27 03:00:00,0.00949546
2026-02-27 04:00:00,-0.0011642698
2026-02-27 05:00:00,-0.0006169273
2026-02-27 06:00:00,-0.0026482936
2026-02-27 07:00:00,-0.0017841919
2026-02-27 08:00:00,0.0007474871
2026-02-27 09:00:00,-0.011505092
2026-02-27 10:00:00,-0.0148639978
2026-02-27 11:00:00,-0.0097327701
2026-02-27 12:00:00,-0.0009841191
2026-02-27 13:00:00,0.0017024751
2026-02-27 14:00:00,-0.0100733828
2026-02-27 15:00:00,0.002471427
2026-02-27 16:00:00,-0.0111983831
2026-02-27 17:00:00,0.0033054627
2026-02-27 18:00:00,-0.0081329973
2026-02-27 19:00:00,0.0016829188
2026-02-27 20:00:00,0.0012018388
2026-02-27 21:00:00,-0.0011601925
2026-02-27 22:00:00,-8.85004e-05
2026-02-27 23:00:00,0.0046383067
2026-02-28 00:00:00,0.0012946729
2026-02-28 01:00:00,-0.0036708705
2026-02-28 02:00:00,0.0028321137
2026-02-28 03:00:00,-0.0032529465
2026-02-28 04:00:00,0.0003896661
2026-02-28 05:00:00,-0.0023767248
2026-02-28 06:00:00,-0.0411414018
2026-02-28 07:00:00,0.0126802355
2026-02-28 08:00:00,-0.0075553633
2026-02-28 09:00:00,0.0013808953
2026-02-28 10:00:00,0.0051668032
2026-02-28 11:00:00,-0.0006329895
2026-02-28 12:00:00,0.002636601
2026-02-28 13:00:00,0.0194142778
2026-02-28 14:00:00,-0.0089368456
2026-02-28 15:00:00,0.0058035465
2026-02-28 16:00:00,0.0026607788
2026-02-28 17:00:00,0.0015165233
2026-02-28 18:00:00,0.0151175442
2026-02-28 19:00:00,0.0058090296
2026-02-28 20:00:00,0.0096327797
2026-02-28 21:00:00,-0.0044599128
2026-02-28 22:00:00,0.0040580623
2026-02-28 23:00:00,-0.000208619
2026-03-01 00:00:00,-0.0009622459
2026-03-01 01:00:00,0.0248266548
2026-03-01 02:00:00,0.0102722177
2026-03-01 03:00:00,-0.0051130326
2026-03-01 04:00:00,-0.0035704331
2026-03-01 05:00:00,-0.0022498203
2026-03-01 06:00:00,-0.0062595125
2026-03-01 07:00:00,0.0042836453
2026-03-01 08:00:00,-0.0103006707
2026-03-01 09:00:00,-0.0029741823
2026-03-01 10:00:00,0.0018158071
2026-03-01 11:00:00,-0.0005292699
2026-03-01 12:00:00,-0.0027567282
2026-03-01 13:00:00,0.0144361175
2026-03-01 14:00:00,-0.0030645322
2026-03-01 15:00:00,-0.0036156262
2026-03-01 16:00:00,-0.0096334662
2026-03-01 17:00:00,-0.0067190072
2026-03-01 18:00:00,0.007600002
2026-03-01 19:00:00,-0.0110123296
2026-03-01 20:00:00,-0.0205759002
2026-03-01 21:00:00,0.0074313028
2026-03-01 22:00:00,-0.0021383832
2026-03-01 23:00:00,0.0075984982
2026-03-02 00:00:00,0.0111783998
2026-03-02 01:00:00,0.0015031199
2026-03-02 02:00:00,-0.0040150555
2026-03-02 03:00:00,0.0079024826
2026-03-02 04:00:00,0.0005729424
2026-03-02 05:00:00,-0.0010447255
2026-03-02 06:00:00,-0.0133628182
2026-03-02 07:00:00,-0.0018426733
2026-03-02 08:00:00,0.0037538161
2026-03-02 09:00:00,-0.0001847898
2026-03-02 10:00:00,0.0014158495
2026-03-02 11:00:00,-0.0016828284
2026-03-02 12:00:00,-0.0048436465
2026-03-02 13:00:00,-0.0056712199
2026-03-02 14:00:00,0.0253721631
2026-03-02 15:00:00,0.0352460486
2026-03-02 16:00:00,0.0083943785
2026-03-02 17:00:00,-0.0114613179
2026-03-02 18:00:00,-0.0057827627
2026-03-02 19:00:00,0.0071437467
2026-03-02 20:00:00,-0.0040836092
2026-03-02 21:00:00,0.0036921489
2026-03-02 22:00:00,0.0050137654
2026-03-02 23:00:00,-0.0128753252
2026-03-03 00:00:00,0.0042381809
2026-03-03 01:00:00,-0.0079199155
2026-03-03 02:00:00,-0.0030544973
2026-03-03 03:00:00,-0.0028795604
2026-03-03 04:00:00,-0.0040373648
2026-03-03 05:00:00,-0.0034915415
2026-03-03 06:00:00,0.0031764509
2026-03-03 07:00:00,-0.0016671301
2026-03-03 08:00:00,-0.0217758321
2026-03-03 09:00:00,-0.0006556873
2026-03-03 10:00:00,0.0031106929
2026-03-03 11:00:00,0.001658828
2026-03-03 12:00:00,0.0030704939
2026-03-03 13:00:00,-0.0073891836
2026-03-03 14:00:00,-0.005093904
2026-03-03 15:00:00,0.0137990344
2026-03-03 16:00:00,0.0073304134
2026-03-03 17:00:00,-0.0015789065
2026-03-03 18:00:00,0.0036584485
2026-03-03 19:00:00,-0.0008957373
2026-03-03 20:00:00,-0.0038941959
2026-03-03 21:00:00,-0.0048333014
2026-03-03 22:00:00,0.0074428785
2026-03-03 23:00:00,-0.0003781433
2026-03-04 00:00:00,-0.0028937441
2026-03-04 01:00:00,0.0022228181
2026-03-04 02:00:00,-0.0011562592
2026-03-04 03:00:00,-0.0093648139
2026-03-04 04:00:00,-0.000214207
2026-03-04 05:00:00,0.0054885801
2026-03-04 06:00:00,0.0044692755
2026-03-04 07:00:00,0.0133938636
2026-03-04 08:00:00,0.0278568997
2026-03-04 09:00:00,0.0055478912
2026-03-04 10:00:00,-0.0015916274
2026-03-04 11:00:00,-0.0079331073
2026-03-04 12:00:00,-0.0004671874
2026-03-04 13:00:00,0.0049624279
2026-03-04 14:00:00,0.0074554648
2026-03-04 15:00:00,0.0336061612
2026-03-04 16:00:00,-0.0034646423
2026-03-04 17:00:00,0.0018502341
2026-03-04 18:00:00,0.0073530255
2026-03-04 19:00:00,0.0071341532
2026-03-04 20:00:00,-0.0126264187
2026-03-04 21:00:00,-0.0003207341
2026-03-04 22:00:00,-0.0088302547
2026-03-04 23:00:00,-0.0019342729
2026-03-05 00:00:00,0.0005261922
2026-03-05 01:00:00,-0.0070844893
2026-03-05 02:00:00,0.003442458
2026-03-05 03:00:00,-0.0006649015
2026-03-05 04:00:00,0.0084176609
2026-03-05 05:00:00,-0.0087101689
2026-03-05 06:00:00,0.0044867087
2026-03-05 07:00:00,-0.0108866396
2026-03-05 08:00:00,0.0054416039
2026-03-05 09:00:00,0.0040018814
2026-03-05 10:00:00,0.0141949047
2026-03-05 11:00:00,-0.0082897589
2026-03-05 12:00:00,0.000163665
2026-03-05 13:00:00,-0.0096504259
2026-03-05 14:00:00,0.0005333422
2026-03-05 15:00:00,-0.0151906711
2026-03-05 16:00:00,-0.0031861678
2026-03-05 17:00:00,-0.0099596067
2026-03-05 18:00:00,0.0080979149
2026-03-05 19:00:00,-0.0011707431
2026-03-05 20:00:00,0.0087401774
2026-03-05 21:00:00,-0.0057798366
2026-03-05 22:00:00,0.0002691247
2026-03-05 23:00:00,-0.0037454129
2026-03-06 00:00:00,0.0008437009
2026-03-06 01:00:00,0.0063554498
2026-03-06 02:00:00,-0.0022147766
2026-03-06 03:00:00,0.0001631595
2026-03-06 04:00:00,-0.0063154254
2026-03-06 05:00:00,-0.0006714311
2026-03-06 06:00:00,0.0022347457
2026-03-06 07:00:00,0.0038880223
2026-03-06 08:00:00,-0.0032084534
2026-03-06 09:00:00,-0.0074134056
2026-03-06 10:00:00,0.0018621437
2026-03-06 11:00:00,-0.0060890607
2026-03-06 12:00:00,-0.0011851839
2026-03-06 13:00:00,-0.0141348583
2026-03-06 14:00:00,-0.0190736099
2026-03-06 15:00:00,-0.001903767
2026-03-06 16:00:00,-0.00356985
2026-03-06 17:00:00,-0.0023564913
2026-03-06 18:00:00,0.0043227514
2026-03-06 19:00:00,0.0044150405
2026-03-06 20:00:00,-0.0019070881
2026-03-06 21:00:00,0.0017609058
2026-03-06 22:00:00,0.0016017976
2026-03-06 23:00:00,-0.0042923392
2026-03-07 00:00:00,0.0017474046
2026-03-07 01:00:00,-0.0007016251
2026-03-07 02:00:00,0.0014783908
2026-03-07 03:00:00,-0.001559185
2026-03-07 04:00:00,-0.0024218045
2026-03-07 05:00:00,0.0014770379
2026-03-07 06:00:00,-0.003164135
2026-03-07 07:00:00,0.0058999906
2026-03-07 08:00:00,-0.0031352499
2026-03-07 09:00:00,0.0047319098
2026-03-07 10:00:00,-0.001349691
2026-03-07 11:00:00,0.0022451218
2026-03-07 12:00:00,-0.0031526544
2026-03-07 13:00:00,-0.000348106
2026-03-07 14:00:00,0.0029575609
2026-03-07 15:00:00,-0.0031997931
2026-03-07 16:00:00,-0.0016163824
2026-03-07 17:00:00,-0.0002123443
2026-03-07 18:00:00,-0.0031753695
2026-03-07 19:00:00,-0.0081541221
2026-03-07 20:00:00,0.0055282289
2026-03-07 21:00:00,0.002133746
2026-03-07 22:00:00,-0.0021032318
2026-03-07 23:00:00,0.0016057648
2026-03-08 00:00:00,-9.64763e-05
2026-03-08 01:00:00,-0.0002894848
2026-03-08 02:00:00,-0.0135621648
2026-03-08 03:00:00,0.0029972389
2026-03-08 04:00:00,-0.005306554
2026-03-08 05:00:00,0.0056606935
2026-03-08 06:00:00,-0.0005132864
2026-03-08 07:00:00,0.0039710957
2026-03-08 08:00:00,0.0023444993
2026-03-08 09:00:00,0.0019521052
2026-03-08 10:00:00,0.0045925239
2026-03-08 11:00:00,-0.0109213841
2026-03-08 12:00:00,-0.0026013689
2026-03-08 13:00:00,-0.0011000479
2026-03-08 14:00:00,0.0006683977
2026-03-08 15:00:00,-0.0010233442
2026-03-08 16:00:00,-0.0034789635
2026-03-08 17:00:00,-0.0008729272
2026-03-08 18:00:00,-0.0020536066
2026-03-08 19:00:00,0.017172541
2026-03-08 20:00:00,-0.0030994973
2026-03-08 21:00:00,-0.0028377226
2026-03-08 22:00:00,-0.0050819638
2026-03-08 23:00:00,-0.0029428991
2026-03-09 00:00:00,0.007072038
2026-03-09 01:00:00,-0.0026891946
2026-03-09 02:00:00,0.0077808657
2026-03-09 03:00:00,0.0084794894
2026-03-09 04:00:00,-0.0004855007
2026-03-09 05:00:00,0.0168140316
2026-03-09 06:00:00,-0.0130726706
2026-03-09 07:00:00,-0.0008117109
2026-03-09 08:00:00,0.0067208304
2026-03-09 09:00:00,0.0040997393
2026-03-09 10:00:00,-0.0046459724
2026-03-09 11:00:00,-0.0015902841
2026-03-09 12:00:00,0.0051929179
2026-03-09 13:00:00,0.0080340097
2026-03-09 14:00:00,0.0015644574
2026-03-09 15:00:00,0.0008307414
2026-03-09 16:00:00,0.0022612604
2026-03-09 17:00:00,-0.0053801056
2026-03-09 18:00:00,-0.002357959
2026-03-09 19:00:00,0.0111007362
2026-03-09 20:00:00,-0.0041816644
2026-03-09 21:00:00,0.0013169676
2026-03-09 22:00:00,-0.0129836839
2026-03-09 23:00:00,-0.0043739873
2026-03-10 00:00:00,0.0109935615
2026-03-10 01:00:00,0.0019773577
2026-03-10 02:00:00,0.0112737436
2026-03-10 03:00:00,-0.0077450433
2026-03-10 04:00:00,0.0090512578
2026-03-10 05:00:00,-0.0009831712
2026-03-10 06:00:00,0.0004550203
2026-03-10 07:00:00,0.0030623258
2026-03-10 08:00:00,0.0031793743
2026-03-10 09:00:00,0.0059275732
2026-03-10 10:00:00,-0.0031460113
2026-03-10 11:00:00,-0.0003248446
2026-03-10 12:00:00,-0.0060409332
2026-03-10 13:00:00,-0.0079248877
2026-03-10 14:00:00,0.0206258103
2026-03-10 15:00:00,0.0019153406
2026-03-10 16:00:00,0.0007737576
2026-03-10 17:00:00,-0.0045405489
2026-03-10 18:00:00,-0.015651766
2026-03-10 19:00:00,-0.0014029789
2026-03-10 20:00:00,0.0026277488
2026-03-10 21:00:00,-0.0059812785
2026-03-10 22:00:00,-0.0013159615
2026-03-10 23:00:00,0.0047578487
2026-03-11 00:00:00,0.0003386312
2026-03-11 01:00:00,-0.0006921078
2026-03-11 02:00:00,-0.0050013149
2026-03-11 03:00:00,-0.002000628
2026-03-11 04:00:00,0.0083807763
2026-03-11 05:00:00,-0.0122699715
2026-03-11 06:00:00,0.0052036389
2026-03-11 07:00:00,-0.0056306371
2026-03-11 08:00:00,0.0051762129
2026-03-11 09:00:00,-0.0030281762
2026-03-11 10:00:00,0.005441175
2026-03-11 11:00:00,-0.0054758641
2026-03-11 12:00:00,0.0025340903
2026-03-11 13:00:00,0.0137068475
2026-03-11 14:00:00,0.0058145634
2026-03-11 15:00:00,-0.0063120225
2026-03-11 16:00:00,0.0084136571
2026-03-11 17:00:00,0.0007446809
2026-03-11 18:00:00,0.0039606878
2026-03-11 19:00:00,-7.70379e-05
2026-03-11 20:00:00,-0.0038933175
2026-03-11 21:00:00,0.0022162734
2026-03-11 22:00:00,-0.0054892976
2026-03-11 23:00:00,-0.0044278506
2026-03-12 00:00:00,0.0018493469
2026-03-12 01:00:00,-0.0051819271
2026-03-12 02:00:00,-0.0102772091
2026-03-12 03:00:00,-0.0007805013
2026-03-12 04:00:00,7.41244e-05
2026-03-12 05:00:00,0.0011803083
2026-03-12 06:00:00,0.0019772256
2026-03-12 07:00:00,0.0052911346
2026-03-12 08:00:00,0.003336141
2026-03-12 09:00:00,0.0040402914
2026-03-12 10:00:00,0.0071002889
2026-03-12 11:00:00,-0.0034978011
2026-03-12 12:00:00,0.0009784879
2026-03-12 13:00:00,-0.0014438477
2026-03-12 14:00:00,-0.0078564635
2026-03-12 15:00:00,0.0129249569
2026-03-12 16:00:00,-0.0014772692
2026-03-12 17:00:00,-0.005454832
2026-03-12 18:00:00,-0.0048304568
2026-03-12 19:00:00,0.0108214132
2026-03-12 20:00:00,-0.0040012923
2026-03-12 21:00:00,0.0004507638
2026-03-12 22:00:00,0.0010800366
2026-03-12 23:00:00,0.0038698224
2026-03-13 00:00:00,0.0217685029
2026-03-13 01:00:00,0.0025586368
2026-03-13 02:00:00,-0.0090481242
2026-03-13 03:00:00,0.0061355695
2026-03-13 04:00:00,-0.0033661151
2026-03-13 05:00:00,-0.0003315509
2026-03-13 06:00:00,-0.0070644122
2026-03-13 07:00:00,0.0014492756
2026-03-13 08:00:00,0.0007238509
2026-03-13 09:00:00,0.0063067141
2026-03-13 10:00:00,0.0061167462
2026-03-13 11:00:00,-0.0025939863
2026-03-13 12:00:00,0.0120512177
2026-03-13 13:00:00,0.0183485459
2026-03-13 14:00:00,-0.0166035356
2026-03-13 15:00:00,-0.0104361615
2026-03-13 16:00:00,0.0024447079
2026-03-13 17:00:00,-0.0146493196
2026-03-13 18:00:00,-0.0008564048
2026-03-13 19:00:00,0.0008992058
2026-03-13 20:00:00,0.0042614038
2026-03-13 21:00:00,-0.0039380777
2026-03-13 22:00:00,-0.0067161726
2026-03-13 23:00:00,0.0019890228
2026-03-14 00:00:00,-0.003272511
2026-03-14 01:00:00,0.0028807569
2026-03-14 02:00:00,-9.5569e-06
2026-03-14 03:00:00,0.0042390624
2026-03-14 04:00:00,-0.0053243639
2026-03-14 05:00:00,0.0010709659
2026-03-14 06:00:00,-0.0067461078
2026-03-14 07:00:00,-0.0005389642
2026-03-14 08:00:00,-0.001305304
2026-03-14 09:00:00,-0.0034375743
2026-03-14 10:00:00,-0.0004789145
2026-03-14 11:00:00,0.0033524172
2026-03-14 12:00:00,0.0009062163
2026-03-14 13:00:00,0.001737829
2026-03-14 14:00:00,-0.0036524528
2026-03-14 15:00:00,0.0017411566
2026-03-14 16:00:00,0.001478325
2026-03-14 17:00:00,-0.0012855855
2026-03-14 18:00:00,0.0009727674
2026-03-14 19:00:00,0.0001107007
2026-03-14 20:00:00,0.0043748824
2026-03-14 21:00:00,-9.5836e-06
2026-03-14 22:00:00,-0.0012034763
2026-03-14 23:00:00,0.0059123369
2026-03-15 00:00:00,-0.0038514885
2026-03-15 01:00:00,0.0002680773
2026-03-15 02:00:00,0.006302998
2026-03-15 03:00:00,-0.0027720508
2026-03-15 04:00:00,0.0035517927
2026-03-15 05:00:00,0.0020131048
2026-03-15 06:00:00,-0.0001423035
2026-03-15 07:00:00,-0.0010774201
2026-03-15 08:00:00,0.0035600807
2026-03-15 09:00:00,0.002037426
2026-03-15 10:00:00,0.0009723403
2026-03-15 11:00:00,0.0002169955
2026-03-15 12:00:00,-0.0048274668
2026-03-15 13:00:00,-0.0056417974
2026-03-15 14:00:00,-0.000438607
2026-03-15 15:00:00,-0.0015127621
2026-03-15 16:00:00,-0.0008791209
2026-03-15 17:00:00,0.0091214028
2026-03-15 18:00:00,-0.005495237
2026-03-15 19:00:00,0.0067307079
2026-03-15 20:00:00,0.0075124185
2026-03-15 21:00:00,0.0046609212
2026-03-15 22:00:00,0.0209542883
2026-03-15 23:00:00,-0.0030296734
2026-03-16 00:00:00,-0.0029560046
2026-03-16 01:00:00,0.0064432266
2026-03-16 02:00:00,-0.0020056146
2026-03-16 03:00:00,0.0246648869
2026-03-16 04:00:00,0.0117898424
2026-03-16 05:00:00,0.007673736
2026-03-16 06:00:00,-0.0081246305
2026-03-16 07:00:00,-0.0054977837
2026-03-16 08:00:00,-0.0025819562
2026-03-16 09:00:00,0.0075799821
2026-03-16 10:00:00,0.007865365
2026-03-16 11:00:00,-0.0034778056
2026-03-16 12:00:00,0.0039648752
2026-03-16 13:00:00,0.0043467766
2026-03-16 14:00:00,-0.0004237779
2026-03-16 15:00:00,-0.0062288018
2026-03-16 16:00:00,0.0100885897
2026-03-16 17:00:00,0.0074202751
2026-03-16 18:00:00,0.0028821075
2026-03-16 19:00:00,0.0042733271
2026-03-16 20:00:00,0.0059751719
2026-03-16 21:00:00,0.0073503188
2026-03-16 22:00:00,-0.0018855339
2026-03-16 23:00:00,-0.0021568294
2026-03-17 00:00:00,0.001694437
2026-03-17 01:00:00,0.0021320117
2026-03-17 02:00:00,-0.0040474892
2026-03-17 03:00:00,-0.0134603631
2026-03-17 04:00:00,-0.0034746612
2026-03-17 05:00:00,-0.0028448166
2026-03-17 06:00:00,0.0039813449
2026-03-17 07:00:00,0.0054614818
2026-03-17 08:00:00,-0.0037138369
2026-03-17 09:00:00,-0.0014065064
2026-03-17 10:00:00,-0.0014257818
2026-03-17 11:00:00,0.0062454004
2026-03-17 12:00:00,-0.0046728353
2026-03-17 13:00:00,0.0053171347
2026-03-17 14:00:00,0.0066165037
2026-03-17 15:00:00,-0.011868888
2026-03-17 16:00:00,0.0047541624
2026-03-17 17:00:00,0.0056078236
2026-03-17 18:00:00,-0.0031020513
2026-03-17 19:00:00,-0.0053279836
2026-03-17 20:00:00,0.0033633717
2026-03-17 21:00:00,0.0043999994
2026-03-17 22:00:00,-0.003700361
2026-03-17 23:00:00,-0.0053821976
2026-03-18 00:00:00,0.0030151902
2026-03-18 01:00:00,0.0002666219
2026-03-18 02:00:00,0.0027609441
2026-03-18 03:00:00,0.0040951483
2026-03-18 04:00:00,-0.0055541067
2026-03-18 05:00:00,-0.0040748853
2026-03-18 06:00:00,0.0018609305
2026-03-18 07:00:00,-0.0023827848
2026-03-18 08:00:00,0.0020212083
2026-03-18 09:00:00,0.0031207443
2026-03-18 10:00:00,-0.0073099142
2026-03-18 11:00:00,-0.0187873325
2026-03-18 12:00:00,-0.0141124532
2026-03-18 13:00:00,-0.0009074025
2026-03-18 14:00:00,-0.0206852513
2026-03-18 15:00:00,-0.0009546366
2026-03-18 16:00:00,-0.0030710601
2026-03-18 17:00:00,0.0105875135
2026-03-18 18:00:00,-0.0105737619
2026-03-18 19:00:00,0.0020743143
2026-03-18 20:00:00,0.0008596015
2026-03-18 21:00:00,0.0068503402
2026-03-18 22:00:00,-0.0037655236
2026-03-18 23:00:00,0.0038426867
2026-03-19 00:00:00,-0.0042893045
2026-03-19 01:00:00,0.0016578616
2026-03-19 02:00:00,-0.0003686821
2026-03-19 03:00:00,0.0071400361
2026-03-19 04:00:00,-0.0082377836
2026-03-19 05:00:00,-0.0024503609
2026-03-19 06:00:00,-0.003744157
2026-03-19 07:00:00,-0.0067362321
2026-03-19 08:00:00,-0.0023851026
2026-03-19 09:00:00,0.0130436532
2026-03-19 10:00:00,-0.0074412167
2026-03-19 11:00:00,-0.0031342353
2026-03-19 12:00:00,-0.0156936211
2026-03-19 13:00:00,0.0023138942
2026-03-19 14:00:00,-0.007570457
2026-03-19 15:00:00,-0.0012358667
2026-03-19 16:00:00,-0.0014028129
2026-03-19 17:00:00,0.0053362372
2026-03-19 18:00:00,-0.0005878522
2026-03-19 19:00:00,0.0074238277
2026-03-19 20:00:00,0.0022388069
2026-03-19 21:00:00,0.001638612
2026-03-19 22:00:00,-0.0044612651
2026-03-19 23:00:00,-0.0012248487
2026-03-20 00:00:00,0.003730642
2026-03-20 01:00:00,0.0027784195
2026-03-20 02:00:00,-0.0031280136
2026-03-20 03:00:00,0.0030304111
2026-03-20 04:00:00,-0.0017398509
2026-03-20 05:00:00,-0.0036009517
2026-03-20 06:00:00,-0.0016415181
2026-03-20 07:00:00,0.0070241516
2026-03-20 08:00:00,0.0060978342
2026-03-20 09:00:00,-0.0114010322
2026-03-20 10:00:00,0.0037449821
2026-03-20 11:00:00,-0.0032404813
2026-03-20 12:00:00,-9.80774e-05
2026-03-20 13:00:00,-0.0065696916
2026-03-20 14:00:00,0.0008411912
2026-03-20 15:00:00,0.0022756555
2026-03-20 16:00:00,0.0015641467
2026-03-20 17:00:00,-0.0008754334
2026-03-20 18:00:00,-0.0057208501
2026-03-20 19:00:00,0.0043617085
2026-03-20 20:00:00,0.0004501273
2026-03-20 21:00:00,0.00669977
2026-03-20 22:00:00,0.0039548245
2026-03-20 23:00:00,-0.004565008
2026-03-21 00:00:00,0.0031819012
2026-03-21 01:00:00,-0.0026741652
2026-03-21 02:00:00,0.0031385083
2026-03-21 03:00:00,-0.0002971547
2026-03-21 04:00:00,-0.0009291781
2026-03-21 05:00:00,0.0008130781
2026-03-21 06:00:00,0.0008356197
2026-03-21 07:00:00,-8.81713e-05
2026-03-21 08:00:00,-0.0002784869
2026-03-21 09:00:00,0.0018504825
2026-03-21 10:00:00,-0.0021801255
2026-03-21 11:00:00,0.0016378576
2026-03-21 12:00:00,0.0001993292
2026-03-21 13:00:00,-0.0009320897
2026-03-21 14:00:00,-0.0015832963
2026-03-21 15:00:00,0.0013141735
2026-03-21 16:00:00,-0.0037893187
2026-03-21 17:00:00,0.0007729775
2026-03-21 18:00:00,0.0014000816
2026-03-21 19:00:00,0.0002881456
2026-03-21 20:00:00,0.0016761038
2026-03-21 21:00:00,-0.0010861292
2026-03-21 22:00:00,-0.0017430555
2026-03-21 23:00:00,-0.0309170505
2026-03-22 00:00:00,0.0014719881
2026-03-22 01:00:00,0.0020437621
2026-03-22 02:00:00,0.0054645726
2026-03-22 03:00:00,0.0054443325
2026-03-22 04:00:00,0.0021496393
2026-03-22 05:00:00,-0.0027457419
2026-03-22 06:00:00,-0.0022266976
2026-03-22 07:00:00,-0.0074503754
2026-03-22 08:00:00,-0.0024687
2026-03-22 09:00:00,-0.0013853306
2026-03-22 10:00:00,-0.001257566
2026-03-22 11:00:00,-0.005862266
2026-03-22 12:00:00,0.0059535167
2026-03-22 13:00:00,-0.001557206
2026-03-22 14:00:00,-0.0004089281
2026-03-22 15:00:00,0.0016058854
2026-03-22 16:00:00,0.0002449832
2026-03-22 17:00:00,-0.0011630032
2026-03-22 18:00:00,-0.0038253308
2026-03-22 19:00:00,-0.0045574255
2026-03-22 20:00:00,-0.0019512296
2026-03-22 21:00:00,-0.0064975016
2026-03-22 22:00:00,0.0084196364
2026-03-22 23:00:00,-0.0045102261
2026-03-23 00:00:00,-0.0050396884
2026-03-23 01:00:00,0.0028403902
2026-03-23 02:00:00,0.006903474
2026-03-23 03:00:00,-0.0051767875
2026-03-23 04:00:00,0.0065382251
2026-03-23 05:00:00,0.0017366532
2026-03-23 06:00:00,-0.0157935453
2026-03-23 07:00:00,0.0032942337
2026-03-23 08:00:00,0.0023952224
2026-03-23 09:00:00,-0.0027329701
2026-03-23 10:00:00,0.0027573816
2026-03-23 11:00:00,0.0411203525
2026-03-23 12:00:00,0.0043760881
2026-03-23 13:00:00,0.0191568065
2026-03-23 14:00:00,-0.0015709987
2026-03-23 15:00:00,-0.0253788093
2026-03-23 16:00:00,0.0037729519
2026-03-23 17:00:00,0.0076754584
2026-03-23 18:00:00,0.0078522194
2026-03-23 19:00:00,-0.00651447
2026-03-23 20:00:00,0.0031838822
2026-03-23 21:00:00,-0.0016300677
2026-03-23 22:00:00,-0.0023989896
2026-03-23 23:00:00,-0.0003810267
2026-03-24 00:00:00,-0.0040189031
2026-03-24 01:00:00,-0.0027568951
2026-03-24 02:00:00,-0.0007208489
2026-03-24 03:00:00,0.002572078
2026-03-24 04:00:00,-0.0027125636
2026-03-24 05:00:00,-0.0011714816
2026-03-24 06:00:00,0.0052608934
2026-03-24 07:00:00,0.0097145597
2026-03-24 08:00:00,-0.0045415168
2026-03-24 09:00:00,0.0047493493
2026-03-24 10:00:00,-0.0021311768
2026-03-24 11:00:00,0.0020849955
2026-03-24 12:00:00,-0.0014049295
2026-03-24 13:00:00,-0.0113999379
2026-03-24 14:00:00,-0.0024260148
2026-03-24 15:00:00,0.0006140851
2026-03-24 16:00:00,-0.0038689309
2026-03-24 17:00:00,-0.0081908819
2026-03-24 18:00:00,0.0047365982
2026-03-24 19:00:00,-0.001237583
2026-03-24 20:00:00,0.0150209464
2026-03-24 21:00:00,-9.31255e-05
2026-03-24 22:00:00,-0.0012254076
2026-03-24 23:00:00,0.0050132645
2026-03-25 00:00:00,0.0024926115
2026-03-25 01:00:00,-0.0018758299
2026-03-25 02:00:00,-0.0011921689
2026-03-25 03:00:00,0.0021698922
2026-03-25 04:00:00,0.0028489389
2026-03-25 05:00:00,0.0012692319
2026-03-25 06:00:00,-0.0023505029
2026-03-25 07:00:00,0.000605471
2026-03-25 08:00:00,0.005441996
2026-03-25 09:00:00,0.0052296988
2026-03-25 10:00:00,-0.0011892892
2026-03-25 11:00:00,0.0005719502
2026-03-25 12:00:00,-0.0009015421
2026-03-25 13:00:00,6.86739e-05
2026-03-25 14:00:00,-0.0050210309
2026-03-25 15:00:00,-0.0052729915
2026-03-25 16:00:00,0.0053328047
2026-03-25 17:00:00,-0.0042556493
2026-03-25 18:00:00,-0.0015444376
2026-03-25 19:00:00,0.004865673
2026-03-25 20:00:00,-0.0025314426
2026-03-25 21:00:00,-0.001376768
2026-03-25 22:00:00,0.005394577
2026-03-25 23:00:00,-0.0030164546
2026-03-26 00:00:00,-0.0014446701
2026-03-26 01:00:00,-0.0002402114
2026-03-26 02:00:00,-0.0072379581
2026-03-26 03:00:00,0.0015344986
2026-03-26 04:00:00,-0.0018975426
2026-03-26 05:00:00,-0.0141586324
2026-03-26 06:00:00,0.0014437779
2026-03-26 07:00:00,0.0006881275
2026-03-26 08:00:00,-0.0015371561
2026-03-26 09:00:00,-0.0178108128
2026-03-26 10:00:00,-0.0019569901
2026-03-26 11:00:00,-0.0048923682
2026-03-26 12:00:00,0.0025601405
2026-03-26 13:00:00,0.0034145752
2026-03-26 14:00:00,-0.0023537974
2026-03-26 15:00:00,-0.0031760462
2026-03-26 16:00:00,-0.0045839188
2026-03-26 17:00:00,-0.0054983057
2026-03-26 18:00:00,-0.0012020583
2026-03-26 19:00:00,0.0010360062
2026-03-26 20:00:00,0.0077505624
2026-03-26 21:00:00,0.0021544064
2026-03-26 22:00:00,-0.0017958236
2026-03-26 23:00:00,-0.0024156476
2026-03-27 00:00:00,0.0021200684
2026-03-27 01:00:00,0.0043811151
2026-03-27 02:00:00,-0.0029621633
2026-03-27 03:00:00,-0.0031602801
2026-03-27 04:00:00,-0.0041009283
2026-03-27 05:00:00,0.0040523799
2026-03-27 06:00:00,0.0006260936
2026-03-27 07:00:00,0.0015223433
2026-03-27 08:00:00,-0.0084407983
2026-03-27 09:00:00,-0.0029895681
2026-03-27 10:00:00,-0.0249871599
2026-03-27 11:00:00,3.51689e-05
2026-03-27 12:00:00,-0.0008343386
2026-03-27 13:00:00,-0.0055615785
2026-03-27 14:00:00,0.0050938434
2026-03-27 15:00:00,0.0009704321
2026-03-27 16:00:00,-0.0023145014
2026-03-27 17:00:00,-0.004872898
2026-03-27 18:00:00,0.0038598773
2026-03-27 19:00:00,0.0033978795
2026-03-27 20:00:00,-0.0025914116
2026-03-27 21:00:00,-0.0004535582
2026-03-27 22:00:00,1.51219e-05
2026-03-27 23:00:00,0.0034066783
2026-03-28 00:00:00,3.01403e-05
2026-03-28 01:00:00,-0.0009498562
2026-03-28 02:00:00,-0.0015448137
2026-03-28 03:00:00,0.0008758551
2026-03-28 04:00:00,0.000598563
2026-03-28 05:00:00,0.0022150851
2026-03-28 06:00:00,0.0033409584
2026-03-28 07:00:00,0.0035241887
2026-03-28 08:00:00,-0.0045047821
2026-03-28 09:00:00,6.50691e-05
2026-03-28 10:00:00,-0.0014174631
2026-03-28 11:00:00,0.0008467125
2026-03-28 12:00:00,0.0005257031
2026-03-28 13:00:00,0.0133943891
2026-03-28 14:00:00,-0.0029230893
2026-03-28 15:00:00,0.0027452773
2026-03-28 16:00:00,-0.0005879926
2026-03-28 17:00:00,-0.0014739708
2026-03-28 18:00:00,0.0001435356
2026-03-28 19:00:00,-0.0008169429
2026-03-28 20:00:00,0.0021127796
2026-03-28 21:00:00,-0.0069588185
2026-03-28 22:00:00,0.0005274498
2026-03-28 23:00:00,-0.0083623972
2026-03-29 00:00:00,0.002234817
2026-03-29 01:00:00,0.0027890117
2026-03-29 02:00:00,0.0016706775
2026-03-29 03:00:00,0.0012797946
2026-03-29 04:00:00,-0.00269096
2026-03-29 05:00:00,0.0002544561
2026-03-29 06:00:00,-0.0005389249
2026-03-29 07:00:00,0.0003842632
2026-03-29 08:00:00,-0.0008585577
2026-03-29 09:00:00,-0.0026401863
2026-03-29 10:00:00,-0.0013728489
2026-03-29 11:00:00,0.0039980538
2026-03-29 12:00:00,-0.0010642525
2026-03-29 13:00:00,-0.007451431
2026-03-29 14:00:00,0.0034842452
2026-03-29 15:00:00,-0.0007782512
2026-03-29 16:00:00,0.0027437749
2026-03-29 17:00:00,-0.0015490317
2026-03-29 18:00:00,0.0011632514
2026-03-29 19:00:00,-0.0008773272
2026-03-29 20:00:00,0.0035796663
2026-03-29 21:00:00,0.0020568845
2026-03-29 22:00:00,-0.0165646293
2026-03-29 23:00:00,0.0052494886
2026-03-30 00:00:00,0.00682147
2026-03-30 01:00:00,0.0062426851
2026-03-30 02:00:00,0.0097699022
2026-03-30 03:00:00,0.0027325179
2026-03-30 04:00:00,0.0065326238
2026-03-30 05:00:00,-0.0005374637
2026-03-30 06:00:00,-0.002280101
2026-03-30 07:00:00,0.0075202451
2026-03-30 08:00:00,0.0017972512
2026-03-30 09:00:00,-0.003510072
2026-03-30 10:00:00,0.0010222063
2026-03-30 11:00:00,0.006657656
2026-03-30 12:00:00,0.0019119911
2026-03-30 13:00:00,-0.0069702884
2026-03-30 14:00:00,0.0058360883
2026-03-30 15:00:00,0.0014910863
2026-03-30 16:00:00,-0.004465415
2026-03-30 17:00:00,-0.01215816
2026-03-30 18:00:00,-0.0045059619
2026-03-30 19:00:00,-0.0043878445
2026-03-30 20:00:00,-7.9148e-05
2026-03-30 21:00:00,0.0062531334
2026-03-30 22:00:00,-0.0011904061
2026-03-30 23:00:00,-0.0035945632
2026-03-31 00:00:00,0.0050848068
2026-03-31 01:00:00,0.0180159604
2026-03-31 02:00:00,-2.89617e-05
2026-03-31 03:00:00,-0.0029730346
2026-03-31 04:00:00,-0.0031470126
2026-03-31 05:00:00,0.0014219886
2026-03-31 06:00:00,-0.0008733371
2026-03-31 07:00:00,-0.0031162593
2026-03-31 08:00:00,-0.0073648508
2026-03-31 09:00:00,-0.0111921497
2026-03-31 10:00:00,0.0042913953
2026-03-31 11:00:00,0.0071410771
2026-03-31 12:00:00,0.0032900403
2026-03-31 13:00:00,0.0132796983
2026-03-31 14:00:00,-0.0142283908
2026-03-31 15:00:00,0.0042182001
2026-03-31 16:00:00,0.017808035
2026-03-31 17:00:00,0.0007271927
2026-03-31 18:00:00,0.003170498
2026-03-31 19:00:00,-0.001135258
2026-03-31 20:00:00,0.0049038377
2026-03-31 21:00:00,-0.0022156512
2026-03-31 22:00:00,-0.0029077548
2026-03-31 23:00:00,0.004063739
2026-04-01 00:00:00,0.0045916899
2026-04-01 01:00:00,-0.0103276382
2026-04-01 02:00:00,-0.0020965974
2026-04-01 03:00:00,0.0070525218
2026-04-01 04:00:00,0.0037802919
2026-04-01 05:00:00,0.0055966415
2026-04-01 06:00:00,0.0137538038
2026-04-01 07:00:00,-0.0097786468
2026-04-01 08:00:00,0.0029675212
2026-04-01 09:00:00,-0.0003558252
2026-04-01 10:00:00,-0.001734118
2026-04-01 11:00:00,0.001565525
2026-04-01 12:00:00,-0.0028704384
2026-04-01 13:00:00,-0.0054020199
2026-04-01 14:00:00,0.0039072584
2026-04-01 15:00:00,0.0046789474
2026-04-01 16:00:00,0.0046571568
2026-04-01 17:00:00,-0.0041516217
2026-04-01 18:00:00,-0.0039011082
2026-04-01 19:00:00,0.0053741277
2026-04-01 20:00:00,0.00141486
2026-04-01 21:00:00,0.006604153
2026-04-01 22:00:00,-0.0077807281
2026-04-01 23:00:00,-0.0004719527
2026-04-02 00:00:00,0.0076962674
2026-04-02 01:00:00,-0.0262735877
2026-04-02 02:00:00,-0.0129588134
2026-04-02 03:00:00,-0.0079568245
2026-04-02 04:00:00,-0.0056952149
2026-04-02 05:00:00,0.0024761373
2026-04-02 06:00:00,-0.0001756183
2026-04-02 07:00:00,0.0026456395
2026-04-02 08:00:00,-0.0048630328
2026-04-02 09:00:00,-0.000870718
2026-04-02 10:00:00,-0.0025774599
2026-04-02 11:00:00,-0.0028694706
2026-04-02 12:00:00,-0.0032182814
2026-04-02 13:00:00,0.0061024712
2026-04-02 14:00:00,0.0127097735
2026-04-02 15:00:00,-0.0025174085
2026-04-02 16:00:00,0.0018922859
2026-04-02 17:00:00,-0.0079620037
2026-04-02 18:00:00,0.00562281
2026-04-02 19:00:00,0.0033178949
2026-04-02 20:00:00,0.0015678004
2026-04-02 21:00:00,-0.0029052756
2026-04-02 22:00:00,-0.0010479689
2026-04-02 23:00:00,-0.0015837393
2026-04-03 00:00:00,-0.0020051303
2026-04-03 01:00:00,-0.0015601616
2026-04-03 02:00:00,0.0013993825
2026-04-03 03:00:00,0.0007500816
2026-04-03 04:00:00,0.0002385444
2026-04-03 05:00:00,0.0012161782
2026-04-03 06:00:00,0.0031939294
2026-04-03 07:00:00,0.0007508872
2026-04-03 08:00:00,-0.002040822
2026-04-03 09:00:00,0.0001843783
2026-04-03 10:00:00,-0.0004076186
2026-04-03 11:00:00,0.0012078146
2026-04-03 12:00:00,-0.0061122418
2026-04-03 13:00:00,-0.0011077954
2026-04-03 14:00:00,0.0035678812
2026-04-03 15:00:00,-0.0018895864
2026-04-03 16:00:00,0.001753344
2026-04-03 17:00:00,-0.0022701928
2026-04-03 18:00:00,-0.0005659144
2026-04-03 19:00:00,0.0016675528
2026-04-03 20:00:00,0.0004042795
2026-04-03 21:00:00,0.0025436953
2026-04-03 22:00:00,-0.0033719132
2026-04-03 23:00:00,0.0008379576
2026-04-04 00:00:00,-0.0008623273
2026-04-04 01:00:00,-0.0002729816
2026-04-04 02:00:00,-0.0012488659
2026-04-04 03:00:00,0.0005221767
2026-04-04 04:00:00,0.0004877692
2026-04-04 05:00:00,0.0013547496
2026-04-04 06:00:00,0.0015766043
2026-04-04 07:00:00,-0.0017909029
2026-04-04 08:00:00,-0.0013940613
2026-04-04 09:00:00,1.95108e-05
2026-04-04 10:00:00,0.0018517892
2026-04-04 11:00:00,-0.0012032729
2026-04-04 12:00:00,-0.0010241655
2026-04-04 13:00:00,0.001998587
2026-04-04 14:00:00,-0.0005991568
2026-04-04 15:00:00,0.0018790776
2026-04-04 16:00:00,-0.0005691921
2026-04-04 17:00:00,0.0006956353
2026-04-04 18:00:00,-0.0007248334
2026-04-04 19:00:00,0.0047480658
2026-04-04 20:00:00,-0.0010806542
2026-04-04 21:00:00,0.002914607
2026-04-04 22:00:00,0.0002416953
2026-04-04 23:00:00,-0.0017076201
2026-04-05 00:00:00,-0.0022296121
2026-04-05 01:00:00,-0.0017095017
2026-04-05 02:00:00,0.0010347919
2026-04-05 03:00:00,-0.0016814731
2026-04-05 04:00:00,-0.0006665678
2026-04-05 05:00:00,-0.0032076778
2026-04-05 06:00:00,-0.0050075364
2026-04-05 07:00:00,-0.0004564765
2026-04-05 08:00:00,0.0010991169
2026-04-05 09:00:00,0.0025615483
2026-04-05 10:00:00,-0.0001125115
2026-04-05 11:00:00,-0.0013021409
2026-04-05 12:00:00,-0.0066250144
2026-04-05 13:00:00,0.0041187659
2026-04-05 14:00:00,0.0008246654
2026-04-05 15:00:00,0.0071577297
2026-04-05 16:00:00,-0.0007066467
2026-04-05 17:00:00,0.0049942842
2026-04-05 18:00:00,0.0002425136
2026-04-05 19:00:00,-0.0001940062
2026-04-05 20:00:00,0.0032398143
2026-04-05 21:00:00,-0.0045843409
2026-04-05 22:00:00,0.0126406483
2026-04-05 23:00:00,0.0116014509
2026-04-06 00:00:00,0.0058236988
2026-04-06 01:00:00,-0.003768297
2026-04-06 02:00:00,0.0093426937
2026-04-06 03:00:00,-0.0023838808
2026-04-06 04:00:00,0.0008500267
2026-04-06 05:00:00,0.0002487661
2026-04-06 06:00:00,-0.0018743091
2026-04-06 07:00:00,0.0036748442
2026-04-06 08:00:00,0.0017365057
2026-04-06 09:00:00,0.0058751562
2026-04-06 10:00:00,0.0011755442
2026-04-06 11:00:00,-0.000757208
2026-04-06 12:00:00,-0.0042052579
2026-04-06 13:00:00,0.0015994296
2026-04-06 14:00:00,0.0054273461
2026-04-06 15:00:00,0.0033310078
2026-04-06 16:00:00,-0.0112261836
2026-04-06 17:00:00,-0.0028298618
2026-04-06 18:00:00,0.0045985472
2026-04-06 19:00:00,-8.39302e-05
2026-04-06 20:00:00,0.0022962123
2026-04-06 21:00:00,-0.0043640502
2026-04-06 22:00:00,-0.0162424433
2026-04-06 23:00:00,0.0007595754
2026-04-07 00:00:00,0.0029521121
2026-04-07 01:00:00,-0.0059367633
2026-04-07 02:00:00,0.0023912822
2026-04-07 03:00:00,0.0011199857
2026-04-07 04:00:00,0.002808678
2026-04-07 05:00:00,-0.0042136059
2026-04-07 06:00:00,-0.0008220383
2026-04-07 07:00:00,0.0001093273
2026-04-07 08:00:00,0.005852917
2026-04-07 09:00:00,0.0056779113
2026-04-07 10:00:00,-0.0185902759
2026-04-07 11:00:00,4.78666e-05
2026-04-07 12:00:00,-0.0012165219
2026-04-07 13:00:00,-0.0057047852
2026-04-07 14:00:00,-0.0026060785
2026-04-07 15:00:00,0.004974607
2026-04-07 16:00:00,0.0017343225
2026-04-07 17:00:00,0.0075459425
2026-04-07 18:00:00,-0.0062699426
2026-04-07 19:00:00,0.0133195299
2026-04-07 20:00:00,0.0003925547
2026-04-07 21:00:00,0.0141608583
2026-04-07 22:00:00,0.0341570052
2026-04-07 23:00:00,0.0093547898
2026-04-08 00:00:00,-0.002055389
2026-04-08 01:00:00,-0.0008591527
2026-04-08 02:00:00,0.00103805
2026-04-08 03:00:00,-0.0007694855
2026-04-08 04:00:00,0.0030654721
2026-04-08 05:00:00,-0.0005177
2026-04-08 06:00:00,0.0024344256
2026-04-08 07:00:00,0.0037248626
2026-04-08 08:00:00,0.0012370669
2026-04-08 09:00:00,-0.003128879
2026-04-08 10:00:00,-0.0030673573
2026-04-08 11:00:00,0.0021512521
2026-04-08 12:00:00,0.0037569154
2026-04-08 13:00:00,-0.0088821009
2026-04-08 14:00:00,-0.0185783141
2026-04-08 15:00:00,0.0093232735
2026-04-08 16:00:00,0.0025334273
2026-04-08 17:00:00,0.0048998461
2026-04-08 18:00:00,-0.0138404894
2026-04-08 19:00:00,0.0047222272
2026-04-08 20:00:00,-0.0008729734
2026-04-08 21:00:00,0.0019032771
2026-04-08 22:00:00,-0.0108304062
2026-04-08 23:00:00,0.0002373898
2026-04-09 00:00:00,-0.0029714308
2026-04-09 01:00:00,-0.0027094013
2026-04-09 02:00:00,0.0015046012
2026-04-09 03:00:00,0.0006415191
2026-04-09 04:00:00,-0.002077263
2026-04-09 05:00:00,0.00157783
2026-04-09 06:00:00,0.0
2026-04-09 07:00:00,-0.0003529609
2026-04-09 08:00:00,0.0026876136
2026-04-09 09:00:00,0.003491791
2026-04-09 10:00:00,-0.000255195
2026-04-09 11:00:00,-0.0062360189
2026-04-09 12:00:00,0.0010863264
2026-04-09 13:00:00,-0.007795383
2026-04-09 14:00:00,0.0053093028
2026-04-09 15:00:00,0.0185101997
2026-04-09 16:00:00,-0.0044053233
2026-04-09 17:00:00,0.0067154328
2026-04-09 18:00:00,-0.0073631819
2026-04-09 19:00:00,0.0045570317
2026-04-09 20:00:00,-0.0016567544
2026-04-09 21:00:00,-0.0013653854
2026-04-09 22:00:00,-0.0056303926
2026-04-09 23:00:00,-0.0036555946
2026-04-10 00:00:00,0.0020117748
2026-04-10 01:00:00,0.0003554033
2026-04-10 02:00:00,-0.002938146
2026-04-10 03:00:00,-0.0010971731
2026-04-10 04:00:00,0.0045135471
2026-04-10 05:00:00,0.0005189603
2026-04-10 06:00:00,-0.0049776202
2026-04-10 07:00:00,-0.0030875109
2026-04-10 08:00:00,0.0030326236
2026-04-10 09:00:00,0.0047639563
2026-04-10 10:00:00,0.0005324802
2026-04-10 11:00:00,0.0088376893
2026-04-10 12:00:00,0.0009646462
2026-04-10 13:00:00,0.0020164383
2026-04-10 14:00:00,0.0088457329
2026-04-10 15:00:00,-0.0087108487
2026-04-10 16:00:00,0.009673064
2026-04-10 17:00:00,0.0015038333
2026-04-10 18:00:00,0.0007510694
2026-04-10 19:00:00,0.0016379511
2026-04-10 20:00:00,0.0005631193
2026-04-10 21:00:00,-7.53598e-05
2026-04-10 22:00:00,-0.0054943728
2026-04-10 23:00:00,0.0012829424
2026-04-11 00:00:00,-0.0027773276
2026-04-11 01:00:00,0.0021984254
2026-04-11 02:00:00,0.0018690929
2026-04-11 03:00:00,-0.0047239691
2026-04-11 04:00:00,0.0016202504
2026-04-11 05:00:00,-0.0037354324
2026-04-11 06:00:00,0.0012660693
2026-04-11 07:00:00,-0.0014944008
2026-04-11 08:00:00,0.0001925182
2026-04-11 09:00:00,0.0049212346
2026-04-11 10:00:00,-0.0013730081
2026-04-11 11:00:00,0.0024237792
2026-04-11 12:00:00,-0.0003827802
2026-04-11 13:00:00,-0.002397933
2026-04-11 14:00:00,0.0011328262
2026-04-11 15:00:00,0.0032219763
2026-04-11 16:00:00,0.0040527533
2026-04-11 17:00:00,0.0003097098
2026-04-11 18:00:00,0.0199758321
2026-04-11 19:00:00,0.0044952452
2026-04-11 20:00:00,-0.0072482137
2026-04-11 21:00:00,0.0004781881
2026-04-11 22:00:00,-0.0013525593
2026-04-11 23:00:00,-0.0053323452
2026-04-12 00:00:00,0.0004461786
2026-04-12 01:00:00,-0.029563438
2026-04-12 02:00:00,0.0024609555
2026-04-12 03:00:00,-0.0050137837
2026-04-12 04:00:00,-0.000542074
2026-04-12 05:00:00,0.0023423601
2026-04-12 06:00:00,-0.000617778
2026-04-12 07:00:00,0.0011675951
2026-04-12 08:00:00,-0.0020114561
2026-04-12 09:00:00,4.96586e-05
2026-04-12 10:00:00,-0.0058268548
2026-04-12 11:00:00,0.001610646
2026-04-12 12:00:00,-0.0047167541
2026-04-12 13:00:00,-0.0036870775
2026-04-12 14:00:00,-0.0026367364
2026-04-12 15:00:00,0.0025407274
2026-04-12 16:00:00,0.0004845227
2026-04-12 17:00:00,0.0065590433
2026-04-12 18:00:00,-0.0005040655
2026-04-12 19:00:00,-0.0010907406
2026-04-12 20:00:00,0.0068925319
2026-04-12 21:00:00,-0.0012788448
2026-04-12 22:00:00,-0.0051727028
2026-04-12 23:00:00,-0.0037203627
2026-04-13 00:00:00,0.0061763123
2026-04-13 01:00:00,-0.0004353663
2026-04-13 02:00:00,-0.0047468875
2026-04-13 03:00:00,0.0002962025
2026-04-13 04:00:00,-0.0014316982
2026-04-13 05:00:00,-0.0001505842
2026-04-13 06:00:00,0.0028572294
2026-04-13 07:00:00,-0.0044648734
2026-04-13 08:00:00,-0.0006995837
2026-04-13 09:00:00,0.0012799124
2026-04-13 10:00:00,-0.0026668085
2026-04-13 11:00:00,0.0020270571
2026-04-13 12:00:00,0.0025337562
2026-04-13 13:00:00,0.010346617
2026-04-13 14:00:00,0.0085821623
2026-04-13 15:00:00,-0.0112662546
2026-04-13 16:00:00,0.00764467
2026-04-13 17:00:00,-0.000871495
2026-04-13 18:00:00,0.0036336923
2026-04-13 19:00:00,0.0135651686
2026-04-13 20:00:00,-0.0043208659
2026-04-13 21:00:00,0.0031185655
2026-04-13 22:00:00,0.0403135879
2026-04-13 23:00:00,0.0070777576
2026-04-14 00:00:00,-0.0037485279
2026-04-14 01:00:00,0.0034321156
2026-04-14 02:00:00,-0.000379827
2026-04-14 03:00:00,-0.0010642837
2026-04-14 04:00:00,-0.0009469818
2026-04-14 05:00:00,-0.0033045417
2026-04-14 06:00:00,0.0076852567
2026-04-14 07:00:00,0.0014517791
2026-04-14 08:00:00,0.0044683295
2026-04-14 09:00:00,-0.0003391441
2026-04-14 10:00:00,-0.0050631319
2026-04-14 11:00:00,0.0001010093
2026-04-14 12:00:00,-0.0006441088
2026-04-14 13:00:00,0.0071377471
2026-04-14 14:00:00,-0.0152052054
2026-04-14 15:00:00,0.004375837
2026-04-14 16:00:00,-0.0128128348
2026-04-14 17:00:00,0.0014716832
2026-04-14 18:00:00,-0.0101402445
2026-04-14 19:00:00,-0.0006220679
2026-04-14 20:00:00,0.0006652527
2026-04-14 21:00:00,0.0040940745
2026-04-14 22:00:00,-0.0039256716
2026-04-14 23:00:00,0.0032114934
2026-04-15 00:00:00,0.0048472402
2026-04-15 01:00:00,0.0009075848
2026-04-15 02:00:00,-0.0048084337
2026-04-15 03:00:00,0.0016626179
2026-04-15 04:00:00,0.0020197739
2026-04-15 05:00:00,-0.0059638565
2026-04-15 06:00:00,-0.0012160363
2026-04-15 07:00:00,-0.0002330268
2026-04-15 08:00:00,0.0049165535
2026-04-15 09:00:00,-0.0032477268
2026-04-15 10:00:00,-0.0016601952
2026-04-15 11:00:00,0.0090779071
2026-04-15 12:00:00,-0.0017935766
2026-04-15 13:00:00,-0.002685671
2026-04-15 14:00:00,0.004646028
2026-04-15 15:00:00,-0.0028347676
2026-04-15 16:00:00,0.0041936318
2026-04-15 17:00:00,0.0032699343
2026-04-15 18:00:00,0.0042176144
2026-04-15 19:00:00,0.0068006497
2026-04-15 20:00:00,-0.0047513645
2026-04-15 21:00:00,-0.0010029476
2026-04-15 22:00:00,0.0010029476
2026-04-15 23:00:00,-0.0019645207
2026-04-16 00:00:00,0.0007075027
2026-04-16 01:00:00,-0.0037933158
2026-04-16 02:00:00,0.0022887435
2026-04-16 03:00:00,0.0003731755
2026-04-16 04:00:00,-0.0013534242
2026-04-16 05:00:00,0.0006111769
2026-04-16 06:00:00,-0.0003140304
2026-04-16 07:00:00,-0.0058573049
2026-04-16 08:00:00,-0.0011875573
2026-04-16 09:00:00,-0.0005002213
2026-04-16 10:00:00,-0.0024405607
2026-04-16 11:00:00,0.0015292586
2026-04-16 12:00:00,0.0020353804
2026-04-16 13:00:00,-0.0139195221
2026-04-16 14:00:00,0.0008572765
2026-04-16 15:00:00,0.0126691755
2026-04-16 16:00:00,-0.0098773021
2026-04-16 17:00:00,0.0038422653
2026-04-16 18:00:00,0.0075466561
2026-04-16 19:00:00,0.0071809243
2026-04-16 20:00:00,-0.00399863
2026-04-16 21:00:00,-0.0040531179
2026-04-16 22:00:00,0.0006105098
2026-04-16 23:00:00,0.0026341491
2026-04-17 00:00:00,-0.001751064
2026-04-17 01:00:00,-0.0036825373
2026-04-17 02:00:00,-0.0017606129
2026-04-17 03:00:00,-0.002949861
2026-04-17 04:00:00,0.0016413169
2026-04-17 05:00:00,-0.0041557742
2026-04-17 06:00:00,0.005271362
2026-04-17 07:00:00,0.0009472722
2026-04-17 08:00:00,0.008922766
2026-04-17 09:00:00,0.0020572953
2026-04-17 10:00:00,-0.0061931546
2026-04-17 11:00:00,0.0044415399
2026-04-17 12:00:00,0.0073674349
2026-04-17 13:00:00,0.0270456396
2026-04-17 14:00:00,0.0041868721
2026-04-17 15:00:00,-0.001933687
2026-04-17 16:00:00,0.0034192257
2026-04-17 17:00:00,-0.004266647
2026-04-17 18:00:00,-0.0083033079
2026-04-17 19:00:00,0.0032653898
2026-04-17 20:00:00,-0.0006176271
2026-04-17 21:00:00,0.0011937351
2026-04-17 22:00:00,0.0012785964
2026-04-17 23:00:00,-0.0050168569
2026-04-18 00:00:00,-0.0002271362
2026-04-18 01:00:00,0.0004005509
2026-04-18 02:00:00,-0.0007723395
2026-04-18 03:00:00,-0.0058926811
2026-04-18 04:00:00,0.0010592627
2026-04-18 05:00:00,0.0003943406
2026-04-18 06:00:00,0.000410779
2026-04-18 07:00:00,-0.0018602262
2026-04-18 08:00:00,-0.0099283035
2026-04-18 09:00:00,-0.0023534367
2026-04-18 10:00:00,-0.0071911922
2026-04-18 11:00:00,-0.0024907353
2026-04-18 12:00:00,0.0022194741
2026-04-18 13:00:00,-0.0012046099
2026-04-18 14:00:00,0.0039561906
2026-04-18 15:00:00,-0.0005327921
2026-04-18 16:00:00,-0.0010791391
2026-04-18 17:00:00,0.0007153243
2026-04-18 18:00:00,-0.0065799207
2026-04-18 19:00:00,0.0008684806
2026-04-18 20:00:00,0.0018663821
2026-04-18 21:00:00,0.0008236708
2026-04-18 22:00:00,0.0006576003
2026-04-18 23:00:00,-0.0028413876
2026-04-19 00:00:00,-0.0005573318
2026-04-19 01:00:00,-0.0003788225
2026-04-19 02:00:00,-0.0040183824
2026-04-19 03:00:00,0.0005597872
2026-04-19 04:00:00,-0.0027892231
2026-04-19 05:00:00,0.0001070923
2026-04-19 06:00:00,-0.002779543
2026-04-19 07:00:00,-0.0047879119
2026-04-19 08:00:00,0.0010051228
2026-04-19 09:00:00,-0.0036976124
2026-04-19 10:00:00,0.0035510051
2026-04-19 11:00:00,0.0047237272
2026-04-19 12:00:00,0.0010767057
2026-04-19 13:00:00,0.0028042823
2026-04-19 14:00:00,1.2826e-05
2026-04-19 15:00:00,-0.0032116228
2026-04-19 16:00:00,-0.0083036637
2026-04-19 17:00:00,-0.0066607176
2026-04-19 18:00:00,-6.96618e-05
2026-04-19 19:00:00,0.0016314246
2026-04-19 20:00:00,-0.0080523991
2026-04-19 21:00:00,-0.0023339793
2026-04-19 22:00:00,-0.0025111553
2026-04-19 23:00:00,-0.0032549614
2026-04-20 00:00:00,0.0077144
2026-04-20 01:00:00,0.0025174869
2026-04-20 02:00:00,-0.0035306471
2026-04-20 03:00:00,0.003871662
2026-04-20 04:00:00,-0.0012903482
2026-04-20 05:00:00,-0.0060760303
2026-04-20 06:00:00,0.0071171867
2026-04-20 07:00:00,0.0051025859
2026-04-20 08:00:00,-0.0017938396
2026-04-20 09:00:00,0.0065631826
2026-04-20 10:00:00,-0.002401357
2026-04-20 11:00:00,0.0021069159
2026-04-20 12:00:00,0.0047049964
2026-04-20 13:00:00,-0.0033504196
2026-04-20 14:00:00,-0.0091104631
2026-04-20 15:00:00,0.0104459316
2026-04-20 16:00:00,-0.006064983
2026-04-20 17:00:00,0.0069758813
2026-04-20 18:00:00,0.0075701435
2026-04-20 19:00:00,-0.0008825937
2026-04-20 20:00:00,0.0023632576
2026-04-20 21:00:00,-0.0069687889
2026-04-20 22:00:00,-0.0005556429
2026-04-20 23:00:00,-0.0023724906
2026-04-21 00:00:00,0.0028678461
2026-04-21 01:00:00,-0.0033127753
2026-04-21 02:00:00,-0.0020154583
2026-04-21 03:00:00,0.0011250055
2026-04-21 04:00:00,0.0016117432
2026-04-21 05:00:00,-0.0004318479
2026-04-21 06:00:00,0.0017478335
2026-04-21 07:00:00,0.0003104064
2026-04-21 08:00:00,0.0020712188
2026-04-21 09:00:00,0.0007868853
2026-04-21 10:00:00,0.0029613883
2026-04-21 11:00:00,-0.0047725816
2026-04-21 12:00:00,-0.0051503223
2026-04-21 13:00:00,0.0008912232
2026-04-21 14:00:00,-0.005215831
2026-04-21 15:00:00,0.0046059047
2026-04-21 16:00:00,-0.0013899446
2026-04-21 17:00:00,-0.0004767498
2026-04-21 18:00:00,0.0029349019
2026-04-21 19:00:00,-0.0070356539
2026-04-21 20:00:00,0.0085085132
2026-04-21 21:00:00,-0.0017365615
2026-04-21 22:00:00,-0.0003589197
2026-04-21 23:00:00,0.0069564748
2026-04-22 00:00:00,-0.0011431569
2026-04-22 01:00:00,-0.0010755881
2026-04-22 02:00:00,0.020278897
2026-04-22 03:00:00,-0.0023565593
2026-04-22 04:00:00,-0.0006725106
2026-04-22 05:00:00,0.0140452986
2026-04-22 06:00:00,-0.001427856
2026-04-22 07:00:00,-0.0015052121
2026-04-22 08:00:00,-0.0003557282
2026-04-22 09:00:00,-0.0003809787
2026-04-22 10:00:00,0.0011592312
2026-04-22 11:00:00,0.0034904924
2026-04-22 12:00:00,0.0029091626
2026-04-22 13:00:00,0.0048050606
2026-04-22 14:00:00,-0.0056948069
2026-04-22 15:00:00,-6.65549e-05
2026-04-22 16:00:00,-0.0072685995
2026-04-22 17:00:00,0.0056324524
2026-04-22 18:00:00,-0.0010672271
2026-04-22 19:00:00,0.0005879496
2026-04-22 20:00:00,-0.0027885288
2026-04-22 21:00:00,0.0046876194
2026-04-22 22:00:00,-0.0007533741
2026-04-22 23:00:00,-0.0110618652
2026-04-23 00:00:00,-0.001019381
2026-04-23 01:00:00,-0.0022572849
2026-04-23 02:00:00,-0.006283879
2026-04-23 03:00:00,-0.0043407856
2026-04-23 04:00:00,0.0029498672
2026-04-23 05:00:00,0.0002638702
2026-04-23 06:00:00,0.0025797034
2026-04-23 07:00:00,-0.0053964926
2026-04-23 08:00:00,-0.0005933464
2026-04-23 09:00:00,-0.0105337329
2026-04-23 10:00:00,-0.0010404952
2026-04-23 11:00:00,0.0066002009
2026-04-23 12:00:00,-0.0003519434
2026-04-23 13:00:00,-0.0038925031
2026-04-23 14:00:00,0.0064776859
2026-04-23 15:00:00,-0.0007881369
2026-04-23 16:00:00,-0.0028321337
2026-04-23 17:00:00,-0.0068343535
2026-04-23 18:00:00,-0.0020659509
2026-04-23 19:00:00,0.0030260091
2026-04-23 20:00:00,0.0054745764
2026-04-23 21:00:00,-0.0009419052
2026-04-23 22:00:00,0.0038823326
2026-04-23 23:00:00,-0.0008318862
2026-04-24 00:00:00,0.0004631973
2026-04-24 01:00:00,0.0005315546
2026-04-24 02:00:00,-0.0057851081
2026-04-24 03:00:00,-0.0046185268
2026-04-24 04:00:00,-0.0009531444
2026-04-24 05:00:00,0.003725092
2026-04-24 06:00:00,-0.00255978
2026-04-24 07:00:00,0.0008006354
2026-04-24 08:00:00,0.0016727725
2026-04-24 09:00:00,-0.0021314365
2026-04-24 10:00:00,0.0027445176
2026-04-24 11:00:00,0.0052390061
2026-04-24 12:00:00,-0.001473789
2026-04-24 13:00:00,-0.0031223176
2026-04-24 14:00:00,-0.0018391882
2026-04-24 15:00:00,0.004419568
2026-04-24 16:00:00,-0.0029686589
2026-04-24 17:00:00,0.0012290338
2026-04-24 18:00:00,9.481e-05
2026-04-24 19:00:00,0.0005083731
2026-04-24 20:00:00,0.0022930807
2026-04-24 21:00:00,-0.0047857183
2026-04-24 22:00:00,-0.0014302476
2026-04-24 23:00:00,0.0014302476
2026-04-25 00:00:00,0.0002201887
2026-04-25 01:00:00,0.001139026
2026-04-25 02:00:00,-0.0006426999
2026-04-25 03:00:00,0.0006340758
2026-04-25 04:00:00,-0.0001595594
2026-04-25 05:00:00,-0.000910407
2026-04-25 06:00:00,0.000198548
2026-04-25 07:00:00,0.0003969778
2026-04-25 08:00:00,0.000905555
2026-04-25 09:00:00,0.0004266202
2026-04-25 10:00:00,-6.89364e-05
2026-04-25 11:00:00,-0.0028391336
2026-04-25 12:00:00,4.32083e-05
2026-04-25 13:00:00,0.0010623368
2026-04-25 14:00:00,2.15805e-05
2026-04-25 15:00:00,-0.0037403751
2026-04-25 16:00:00,0.0008314424
2026-04-25 17:00:00,-0.0001082216
2026-04-25 18:00:00,0.0008827463
2026-04-25 19:00:00,-0.0004282942
2026-04-25 20:00:00,0.0012756896
2026-04-25 21:00:00,0.0012006877
2026-04-25 22:00:00,0.000910352
2026-04-25 23:00:00,0.0003966714
2026-04-26 00:00:00,-0.0015962659
2026-04-26 01:00:00,-0.000725633
2026-04-26 02:00:00,0.0006176853
2026-04-26 03:00:00,-0.0021700609
2026-04-26 04:00:00,0.003236074
2026-04-26 05:00:00,0.0043600998
2026-04-26 06:00:00,0.0008972056
2026-04-26 07:00:00,0.0007163278
2026-04-26 08:00:00,0.0004372653
2026-04-26 09:00:00,0.0009467527
2026-04-26 10:00:00,-0.0009210372
2026-04-26 11:00:00,0.0015802358
2026-04-26 12:00:00,-0.003596625
2026-04-26 13:00:00,0.0031386565
2026-04-26 14:00:00,0.0048387157
2026-04-26 15:00:00,0.0004983421
2026-04-26 16:00:00,-0.0017943417
2026-04-26 17:00:00,0.0026413791
2026-04-26 18:00:00,0.0054185036
2026-04-26 19:00:00,0.0020375904
2026-04-26 20:00:00,-0.0016652723
2026-04-26 21:00:00,0.0005878112
2026-04-26 22:00:00,-0.001070159
2026-04-26 23:00:00,0.0030931388
2026-04-27 00:00:00,0.0084152912
2026-04-27 01:00:00,0.0020061696
2026-04-27 02:00:00,-0.0005471179
2026-04-27 03:00:00,0.0006598455
2026-04-27 04:00:00,-0.0050392067
2026-04-27 05:00:00,-0.0253301807
2026-04-27 06:00:00,-0.0006845055
2026-04-27 07:00:00,-0.0023757231
2026-04-27 08:00:00,0.0012726408
2026-04-27 09:00:00,0.0013657467
2026-04-27 10:00:00,-0.0009993539
2026-04-27 11:00:00,7.32624e-05
2026-04-27 12:00:00,-0.0030038477
2026-04-27 13:00:00,-0.0002636988
2026-04-27 14:00:00,0.0007563267
2026-04-27 15:00:00,-0.0173176951
2026-04-27 16:00:00,0.0011246668
2026-04-27 17:00:00,0.0043636624
2026-04-27 18:00:00,0.0003234492
2026-04-27 19:00:00,0.0003233446
2026-04-27 20:00:00,0.0013795936
2026-04-27 21:00:00,-0.0019258447
2026-04-27 22:00:00,0.0030203064
2026-04-27 23:00:00,0.0038146984
2026-04-28 00:00:00,0.001570363
2026-04-28 01:00:00,-0.0037042789
2026-04-28 02:00:00,-0.0041155192
2026-04-28 03:00:00,0.0005590301
2026-04-28 04:00:00,-0.0008342925
2026-04-28 05:00:00,0.0002577877
2026-04-28 06:00:00,-0.0043739028
2026-04-28 07:00:00,0.0037620949
2026-04-28 08:00:00,-0.0004328616
2026-04-28 09:00:00,-0.0021057662
2026-04-28 10:00:00,0.0009768214
2026-04-28 11:00:00,-0.0040756664
2026-04-28 12:00:00,0.0012345437
2026-04-28 13:00:00,-0.0005929179
2026-04-28 14:00:00,-0.0016004365
2026-04-28 15:00:00,0.0030447844
2026-04-28 16:00:00,0.0026155833
2026-04-28 17:00:00,0.0021853538
2026-04-28 18:00:00,0.0029513785
2026-04-28 19:00:00,0.0017440588
2026-04-28 20:00:00,-0.0024974234
2026-04-28 21:00:00,-0.0023508334
2026-04-28 22:00:00,-0.0017306713
2026-04-28 23:00:00,0.0014773763
2026-04-29 00:00:00,0.001209124
2026-04-29 01:00:00,9.16068e-05
2026-04-29 02:00:00,-0.00209597
2026-04-29 03:00:00,0.010410238
2026-04-29 04:00:00,0.0065710568
2026-04-29 05:00:00,0.0006401348
2026-04-29 06:00:00,-0.0018398795
2026-04-29 07:00:00,-0.0001463039
2026-04-29 08:00:00,0.0006926027
2026-04-29 09:00:00,0.0061050826
2026-04-29 10:00:00,-0.0028121106
2026-04-29 11:00:00,-0.0007718233
2026-04-29 12:00:00,-0.0065587551
2026-04-29 13:00:00,-0.0057114434
2026-04-29 14:00:00,-0.0016123743
2026-04-29 15:00:00,-0.0121081529
2026-04-29 16:00:00,-0.0024110789
2026-04-29 17:00:00,0.0067644794
2026-04-29 18:00:00,-0.0187872488
2026-04-29 19:00:00,-0.0029119394
2026-04-29 20:00:00,0.0034924184
2026-04-29 21:00:00,0.0056087893
2026-04-29 22:00:00,0.0019157944
2026-04-29 23:00:00,-0.0020356535
2026-04-30 00:00:00,0.0087341818
2026-04-30 01:00:00,-0.0020176396
2026-04-30 02:00:00,-0.0103412896
2026-04-30 03:00:00,0.0038466974
2026-04-30 04:00:00,-0.0064655686
2026-04-30 05:00:00,0.0016069352
2026-04-30 06:00:00,0.0024189195
2026-04-30 07:00:00,0.0052409231
2026-04-30 08:00:00,-0.0016168296
2026-04-30 09:00:00,0.002585674
2026-04-30 10:00:00,-0.0001901557
2026-04-30 11:00:00,-0.0013143892
2026-04-30 12:00:00,0.0029008599
2026-04-30 13:00:00,-0.0008260648
2026-04-30 14:00:00,-0.0004552899
2026-04-30 15:00:00,0.001431475
2026-04-30 16:00:00,-0.0037996706
2026-04-30 17:00:00,0.0004475096
2026-04-30 18:00:00,0.0006288334
2026-04-30 19:00:00,0.0010442294
2026-04-30 20:00:00,0.0011005696
2026-04-30 21:00:00,-0.0036333824
2026-04-30 22:00:00,-0.0009581179
2026-04-30 23:00:00,0.0013570629
2026-05-01 00:00:00,0.0010675031
2026-05-01 01:00:00,0.0035310194
2026-05-01 02:00:00,-0.0003838746
2026-05-01 03:00:00,0.0069924819
2026-05-01 04:00:00,-0.0009865371
2026-05-01 05:00:00,0.001880157
2026-05-01 06:00:00,-0.0029994103
2026-05-01 07:00:00,0.0008252963
2026-05-01 08:00:00,0.0033337526
2026-05-01 09:00:00,-0.0020444936
2026-05-01 10:00:00,2.62941e-05
2026-05-01 11:00:00,0.0019832112
2026-05-01 12:00:00,0.0062174017
2026-05-01 13:00:00,0.0073877776
2026-05-01 14:00:00,-0.0044321809
2026-05-01 15:00:00,6.5003e-05
2026-05-01 16:00:00,-0.0023862114
2026-05-01 17:00:00,0.0042737886
2026-05-01 18:00:00,-0.0032318324
2026-05-01 19:00:00,0.0004858749
2026-05-01 20:00:00,-0.0090271251
2026-05-01 21:00:00,0.003338026
2026-05-01 22:00:00,0.0002355127
2026-05-01 23:00:00,0.0010068453
2026-05-02 00:00:00,0.0007794996
2026-05-02 01:00:00,0.0005831386
2026-05-02 02:00:00,0.0021425056
2026-05-02 03:00:00,0.0003862923
2026-05-02 04:00:00,-0.0015808357
2026-05-02 05:00:00,-0.0003521196
2026-05-02 06:00:00,0.0024318761
2026-05-02 07:00:00,-0.0019537192
2026-05-02 08:00:00,0.0009078688
2026-05-02 09:00:00,0.0009070453
2026-05-02 10:00:00,-0.00049465
2026-05-02 11:00:00,-0.0011073405
2026-05-02 12:00:00,0.0008078282
2026-05-02 13:00:00,0.0020687105
2026-05-02 14:00:00,-0.0006587473
2026-05-02 15:00:00,0.001039929
2026-05-02 16:00:00,0.0001602262
2026-05-02 17:00:00,-0.0015947446
2026-05-02 18:00:00,0.0018501874
2026-05-02 19:00:00,0.0003895328
2026-05-02 20:00:00,0.0003764042
2026-05-02 21:00:00,0.0059774794
2026-05-02 22:00:00,0.0007350113
2026-05-02 23:00:00,-0.0045822055
2026-05-03 00:00:00,-0.001071057
2026-05-03 01:00:00,-0.0044346163
2026-05-03 02:00:00,-0.0002821591
2026-05-03 03:00:00,-0.0005515253
2026-05-03 04:00:00,-0.0002737042
2026-05-03 05:00:00,0.0010249195
2026-05-03 06:00:00,0.00020399
2026-05-03 07:00:00,0.0020982454
2026-05-03 08:00:00,-0.0001342599
2026-05-03 09:00:00,0.0033640511
2026-05-03 10:00:00,-0.0018189875
2026-05-03 11:00:00,0.0030959175
2026-05-03 12:00:00,0.0024371667
2026-05-03 13:00:00,-0.0015666833
2026-05-03 14:00:00,0.002847473
2026-05-03 15:00:00,-1.71809e-05
2026-05-03 16:00:00,3.86567e-05
2026-05-03 17:00:00,0.0014592716
2026-05-03 18:00:00,-0.0004161045
2026-05-03 19:00:00,0.0021258912
2026-05-03 20:00:00,-0.0027696929
2026-05-03 21:00:00,-0.0023383378
2026-05-03 22:00:00,0.008501791
2026-05-03 23:00:00,-0.0091216791
2026-05-04 00:00:00,-0.0017066763
2026-05-04 01:00:00,0.0134108275
2026-05-04 02:00:00,0.0106048675
2026-05-04 03:00:00,0.0041729149
2026-05-04 04:00:00,0.0021448089
2026-05-04 05:00:00,-0.0056610061
2026-05-04 06:00:00,-0.0033005765
2026-05-04 07:00:00,-0.0022572323
2026-05-04 08:00:00,-0.0010373291
2026-05-04 09:00:00,0.0031636628
2026-05-04 10:00:00,-0.0127621974
2026-05-04 11:00:00,-0.0003037167
2026-05-04 12:00:00,-0.0005349367
2026-05-04 13:00:00,0.0005221016
2026-05-04 14:00:00,0.0143321387
2026-05-04 15:00:00,-0.0090409404
2026-05-04 16:00:00,0.0023124936
2026-05-04 17:00:00,0.0073145108
2026-05-04 18:00:00,-0.004897217
2026-05-04 19:00:00,-0.0020564492
2026-05-04 20:00:00,-0.0025712035
2026-05-04 21:00:00,0.0047970681
2026-05-04 22:00:00,-0.0028924676
2026-05-04 23:00:00,-0.003301344
2026-05-05 00:00:00,0.0050285004
2026-05-05 01:00:00,0.0012245998
2026-05-05 02:00:00,0.0021236011
2026-05-05 03:00:00,0.0067846837
2026-05-05 04:00:00,-0.0006465807
2026-05-05 05:00:00,-0.0005461405
2026-05-05 06:00:00,-0.0002899958
2026-05-05 07:00:00,0.0007059298
2026-05-05 08:00:00,-0.0017489284
2026-05-05 09:00:00,-0.0029498298
2026-05-05 10:00:00,0.0036186516
2026-05-05 11:00:00,0.0007440117
2026-05-05 12:00:00,0.0037703845
2026-05-05 13:00:00,8.37181e-05
2026-05-05 14:00:00,-0.0042785839
2026-05-05 15:00:00,0.0010167726
2026-05-05 16:00:00,-0.0068305096
2026-05-05 17:00:00,-0.0006005828
2026-05-05 18:00:00,0.0036781903
2026-05-05 19:00:00,-0.0002318626
2026-05-05 20:00:00,0.0045515237
2026-05-05 21:00:00,-0.0028370125
2026-05-05 22:00:00,-0.0035713495
2026-05-05 23:00:00,-0.0026096148
2026-05-06 00:00:00,0.0014896258
2026-05-06 01:00:00,0.0034404987
2026-05-06 02:00:00,-0.0017208804
2026-05-06 03:00:00,0.0034135623
2026-05-06 04:00:00,-0.0044863924
2026-05-06 05:00:00,-0.0010020655
2026-05-06 06:00:00,0.0028808725
2026-05-06 07:00:00,1.26541e-05
2026-05-06 08:00:00,0.00980507
2026-05-06 09:00:00,0.0074985267
2026-05-06 10:00:00,-0.0006842683
2026-05-06 11:00:00,-0.0001576554
2026-05-06 12:00:00,-0.0020808896
2026-05-06 13:00:00,-0.0152796258
2026-05-06 14:00:00,-0.0040993287
2026-05-06 15:00:00,-8.4783e-06
2026-05-06 16:00:00,-0.0002798258
2026-05-06 17:00:00,-0.003695951
2026-05-06 18:00:00,-0.0019426581
2026-05-06 19:00:00,0.0015212174
2026-05-06 20:00:00,0.0009065161
2026-05-06 21:00:00,0.0015090364
2026-05-06 22:00:00,-0.0027817968
2026-05-06 23:00:00,0.0013493297
2026-05-07 00:00:00,-0.0090415602
2026-05-07 01:00:00,-0.0011037363
2026-05-07 02:00:00,-0.0023747973
2026-05-07 03:00:00,7.32211e-05
2026-05-07 04:00:00,0.0023015762
2026-05-07 05:00:00,0.0015071334
2026-05-07 06:00:00,0.0027037061
2026-05-07 07:00:00,0.0034045676
2026-05-07 08:00:00,-0.0048819163
2026-05-07 09:00:00,-0.0020977274
2026-05-07 10:00:00,-0.0007775766
2026-05-07 11:00:00,0.0012455495
2026-05-07 12:00:00,0.0017668758
2026-05-07 13:00:00,-0.0084638149
2026-05-07 14:00:00,-0.0066637865
2026-05-07 15:00:00,-0.0020509791
2026-05-07 16:00:00,-0.0009768905
2026-05-07 17:00:00,0.0035149574
2026-05-07 18:00:00,-0.0014576216
2026-05-07 19:00:00,-0.0003571149
2026-05-07 20:00:00,-0.0030275293
2026-05-07 21:00:00,-0.0003452141
2026-05-07 22:00:00,-0.0004327784
2026-05-07 23:00:00,0.0016645154
2026-05-08 00:00:00,-0.0020843582
2026-05-08 01:00:00,-0.0008402148
2026-05-08 02:00:00,-0.0025512231
2026-05-08 03:00:00,0.000649382
2026-05-08 04:00:00,0.0006664942
2026-05-08 05:00:00,-0.002198483
2026-05-08 06:00:00,-0.0008174351
2026-05-08 07:00:00,0.0027967257
2026-05-08 08:00:00,0.0015727372
2026-05-08 09:00:00,-0.0002320313
2026-05-08 10:00:00,0.0014351034
2026-05-08 11:00:00,0.0034654969
2026-05-08 12:00:00,-0.0048568167
2026-05-08 13:00:00,-0.0038075732
2026-05-08 14:00:00,0.0040877429
2026-05-08 15:00:00,0.0033777394
2026-05-08 16:00:00,-0.0013095406
2026-05-08 17:00:00,0.0061269605
2026-05-08 18:00:00,0.0046430929
2026-05-08 19:00:00,0.0006047856
2026-05-08 20:00:00,-0.0040157047
2026-05-08 21:00:00,0.0034757351
2026-05-08 22:00:00,-0.0014096141
2026-05-08 23:00:00,-0.0017149692
2026-05-09 00:00:00,0.0006629504
2026-05-09 01:00:00,0.0026344549
2026-05-09 02:00:00,0.0010017791
2026-05-09 03:00:00,-0.0005353088
2026-05-09 04:00:00,-0.0015168247
2026-05-09 05:00:00,0.001115155
2026-05-09 06:00:00,-0.0003283661
2026-05-09 07:00:00,0.0002549251
2026-05-09 08:00:00,0.0010708396
2026-05-09 09:00:00,-0.0018920174
2026-05-09 10:00:00,5.62073e-05
2026-05-09 11:00:00,0.0009723192
2026-05-09 12:00:00,0.0005009155
2026-05-09 13:00:00,-0.0009545468
2026-05-09 14:00:00,-0.0027434503
2026-05-09 15:00:00,0.0042418108
2026-05-09 16:00:00,0.0008669006
2026-05-09 17:00:00,0.0043018035
2026-05-09 18:00:00,0.0002146052
2026-05-09 19:00:00,0.0007421787
2026-05-09 20:00:00,-0.0011971964
2026-05-09 21:00:00,0.0009913292
2026-05-09 22:00:00,-0.0007122844
2026-05-09 23:00:00,-0.0010865668
2026-05-10 00:00:00,-0.0016471315
2026-05-10 01:00:00,-2.1521e-05
2026-05-10 02:00:00,0.0017459967
2026-05-10 03:00:00,0.0003479748
2026-05-10 04:00:00,8.59011e-05
2026-05-10 05:00:00,-0.0004510629
2026-05-10 06:00:00,0.0007258967
2026-05-10 07:00:00,-0.0007516779
2026-05-10 08:00:00,0.0011380352
2026-05-10 09:00:00,-0.0007900455
2026-05-10 10:00:00,-0.0011002331
2026-05-10 11:00:00,-0.0010454829
2026-05-10 12:00:00,9.46978e-05
2026-05-10 13:00:00,0.0028796912
2026-05-10 14:00:00,0.0002918042
2026-05-10 15:00:00,0.0071610728
2026-05-10 16:00:00,0.0010218768
2026-05-10 17:00:00,0.0057244493
2026-05-10 18:00:00,-0.0020670353
2026-05-10 19:00:00,0.0027818785
2026-05-10 20:00:00,-0.0155193822
2026-05-10 21:00:00,0.0008327789
2026-05-10 22:00:00,0.0180256314
2026-05-10 23:00:00,-0.0007925902
2026-05-11 00:00:00,-0.0077183516
2026-05-11 01:00:00,0.0027164703
2026-05-11 02:00:00,-0.0061309977
2026-05-11 03:00:00,-0.006701067
2026-05-11 04:00:00,0.0016730518
2026-05-11 05:00:00,0.0007069879
2026-05-11 06:00:00,-0.0004455583
2026-05-11 07:00:00,-0.0013979419
2026-05-11 08:00:00,0.0002188254
2026-05-11 09:00:00,0.0020229388
2026-05-11 10:00:00,-0.0024391772
2026-05-11 11:00:00,0.0021094431
2026-05-11 12:00:00,-0.0027276838
2026-05-11 13:00:00,-0.0028729596
2026-05-11 14:00:00,-0.0026955182
2026-05-11 15:00:00,0.0074091942
2026-05-11 16:00:00,-0.0013855854
2026-05-11 17:00:00,0.0029190718
2026-05-11 18:00:00,-0.0006807833
2026-05-11 19:00:00,0.0021008007
2026-05-11 20:00:00,-0.0009664192
2026-05-11 21:00:00,0.0010091595
2026-05-11 22:00:00,0.0005255568
2026-05-11 23:00:00,-0.0006238623
2026-05-12 00:00:00,-0.0024136511
2026-05-12 01:00:00,-0.009877708
2026-05-12 02:00:00,0.0018330622
2026-05-12 03:00:00,-0.0027075438
2026-05-12 04:00:00,0.0006927217
2026-05-12 05:00:00,-0.0001601492
2026-05-12 06:00:00,-0.0030477188
2026-05-12 07:00:00,-0.0036146583
2026-05-12 08:00:00,-0.0029413711
2026-05-12 09:00:00,0.0016201337
2026-05-12 10:00:00,-0.0027702301
2026-05-12 11:00:00,0.0003456052
2026-05-12 12:00:00,0.0009705555
2026-05-12 13:00:00,-0.0078085641
2026-05-12 14:00:00,-0.001291207
2026-05-12 15:00:00,-0.0029721379
2026-05-12 16:00:00,0.00089743
2026-05-12 17:00:00,0.0055830741
2026-05-12 18:00:00,0.0012691332
2026-05-12 19:00:00,0.0025159341
2026-05-12 20:00:00,0.0001444521
2026-05-12 21:00:00,0.0001925703
2026-05-12 22:00:00,-0.001291806
2026-05-12 23:00:00,-0.0032566171
2026-05-13 00:00:00,0.0027744992
2026-05-13 01:00:00,0.0035184954
2026-05-13 02:00:00,0.0018549116
2026-05-13 03:00:00,0.0032867344
2026-05-13 04:00:00,0.0024135413
2026-05-13 05:00:00,-0.0040751481
2026-05-13 06:00:00,0.0016442221
2026-05-13 07:00:00,-0.0001782109
2026-05-13 08:00:00,0.0068836276
2026-05-13 09:00:00,0.0017296901
2026-05-13 10:00:00,-0.0052024038
2026-05-13 11:00:00,-0.0030719058
2026-05-13 12:00:00,-0.0075943161
2026-05-13 13:00:00,-0.009644354
2026-05-13 14:00:00,0.0021992784
2026-05-13 15:00:00,-0.0135281237
2026-05-13 16:00:00,0.0058360677
2026-05-13 17:00:00,0.0035987623
2026-05-13 18:00:00,0.0005491026
2026-05-13 19:00:00,-0.0014708556
2026-05-13 20:00:00,0.0032754552
2026-05-13 21:00:00,-0.0035148954
2026-05-13 22:00:00,0.001599614
2026-05-13 23:00:00,-0.000274544
2026-05-14 00:00:00,0.0037573589
2026-05-14 01:00:00,-0.0010638886
2026-05-14 02:00:00,-0.0061183135
2026-05-14 03:00:00,-0.0042217456
2026-05-14 04:00:00,0.00691558
2026-05-14 05:00:00,0.0050176829
2026-05-14 06:00:00,-3.0869e-05
2026-05-14 07:00:00,-0.0014121741
2026-05-14 08:00:00,0.0005430404
2026-05-14 09:00:00,-0.0036967311
2026-05-14 10:00:00,0.0016908719
2026-05-14 11:00:00,-0.003180498
2026-05-14 12:00:00,0.0029106814
2026-05-14 13:00:00,-0.0053227241
2026-05-14 14:00:00,0.016802745
2026-05-14 15:00:00,0.0053908721
2026-05-14 16:00:00,0.0074840496
2026-05-14 17:00:00,-0.0035421997
2026-05-14 18:00:00,0.0007276287
2026-05-14 19:00:00,-0.0051176096
2026-05-14 20:00:00,-0.0001436184
2026-05-14 21:00:00,-0.0002045831
2026-05-14 22:00:00,0.0003917182
2026-05-14 23:00:00,-0.0066100789
2026-05-15 00:00:00,0.0032799389
2026-05-15 01:00:00,-0.0067772515
2026-05-15 02:00:00,0.0003691772
2026-05-15 03:00:00,-0.0008968098
2026-05-15 04:00:00,-0.0048408097
2026-05-15 05:00:00,-0.0077195452
2026-05-15 06:00:00,0.0038894037
2026-05-15 07:00:00,0.0047666241
2026-05-15 08:00:00,-0.0034941873
2026-05-15 09:00:00,-0.0015075937
2026-05-15 10:00:00,0.0035127156
2026-05-15 11:00:00,-0.001987399
2026-05-15 12:00:00,-0.0014898176
2026-05-15 13:00:00,-0.0185366727
2026-05-15 14:00:00,0.0003389654
2026-05-15 15:00:00,0.003968635
2026-05-15 16:00:00,0.0007063879
2026-05-15 17:00:00,0.0021655436
2026-05-15 18:00:00,-0.0003321648
2026-05-15 19:00:00,-0.0023732481
2026-05-15 20:00:00,-0.0014816385
2026-05-15 21:00:00,-0.0015786248
2026-05-15 22:00:00,0.0033347334
2026-05-15 23:00:00,8.99738e-05
2026-05-16 00:00:00,0.001195882
2026-05-16 01:00:00,0.0012483051
2026-05-16 02:00:00,0.0001615371
2026-05-16 03:00:00,-0.0007540632
2026-05-16 04:00:00,-0.0009254019
2026-05-16 05:00:00,-0.000431548
2026-05-16 06:00:00,-0.0044386537
2026-05-16 07:00:00,-0.0093971965
2026-05-16 08:00:00,-0.0004195071
2026-05-16 09:00:00,-0.0089103672
2026-05-16 10:00:00,-0.0002301083
2026-05-16 11:00:00,0.0013063119
2026-05-16 12:00:00,-0.0001379101
2026-05-16 13:00:00,0.0003447396
2026-05-16 14:00:00,0.0015659193
2026-05-16 15:00:00,-0.0002707608
2026-05-16 16:00:00,-0.0026104036
2026-05-16 17:00:00,0.0023900695
2026-05-16 18:00:00,0.0009727761
2026-05-16 19:00:00,-0.0008304715
2026-05-16 20:00:00,0.0008167124
2026-05-16 21:00:00,0.0004860401
2026-05-16 22:00:00,-0.0005731855
2026-05-16 23:00:00,-0.0003578343
2026-05-17 00:00:00,-0.0014464041
2026-05-17 01:00:00,-0.003304723
2026-05-17 02:00:00,0.0021138882
2026-05-17 03:00:00,0.0030913914
2026-05-17 04:00:00,0.0028349325
2026-05-17 05:00:00,-0.0007320075
2026-05-17 06:00:00,-0.000389097
2026-05-17 07:00:00,0.000677389
2026-05-17 08:00:00,-0.0001876091
2026-05-17 09:00:00,0.0020115304
2026-05-17 10:00:00,0.0016883879
2026-05-17 11:00:00,-0.0009716157
2026-05-17 12:00:00,0.0008895438
2026-05-17 13:00:00,-0.0008165258
2026-05-17 14:00:00,-0.0023712446
2026-05-17 15:00:00,-0.0002333162
2026-05-17 16:00:00,-0.0018272373
2026-05-17 17:00:00,0.0006735812
2026-05-17 18:00:00,0.0017254127
2026-05-17 19:00:00,0.0020008595
2026-05-17 20:00:00,-0.0013380311
2026-05-17 21:00:00,0.0010870013
2026-05-17 22:00:00,-0.0056258746
2026-05-17 23:00:00,-0.0223230497
2026-05-18 00:00:00,-0.0074632838
2026-05-18 01:00:00,0.0009123377
2026-05-18 02:00:00,-0.0004773371
2026-05-18 03:00:00,0.0010583411
2026-05-18 04:00:00,0.0028340453
2026-05-18 05:00:00,-0.0032355161
2026-05-18 06:00:00,0.0005384063
2026-05-18 07:00:00,0.0009438727
2026-05-18 08:00:00,0.0001320711
2026-05-18 09:00:00,-0.0021152338
2026-05-18 10:00:00,-0.0012059847
2026-05-18 11:00:00,0.0090870103
2026-05-18 12:00:00,0.0084984892
2026-05-18 13:00:00,-0.0098311658
2026-05-18 14:00:00,-0.0101422136
2026-05-18 15:00:00,-0.001086856
2026-05-18 16:00:00,-0.0043688142
2026-05-18 17:00:00,0.0046204624
2026-05-18 18:00:00,-0.0127327567
2026-05-18 19:00:00,0.0206344971
2026-05-18 20:00:00,-0.0033025285
2026-05-18 21:00:00,0.0093976459
2026-05-18 22:00:00,-0.0008102267
2026-05-18 23:00:00,-0.0026553961
2026-05-19 00:00:00,0.0032268381
2026-05-19 01:00:00,-0.005550222
2026-05-19 02:00:00,-0.0013664487
2026-05-19 03:00:00,0.0041266277
2026-05-19 04:00:00,0.0011357131
2026-05-19 05:00:00,0.0010641466
2026-05-19 06:00:00,0.0006885133
2026-05-19 07:00:00,0.0018757826
2026-05-19 08:00:00,-0.0036706567
2026-05-19 09:00:00,-0.0088147806
2026-05-19 10:00:00,0.0017257239
2026-05-19 11:00:00,-0.0034828731
2026-05-19 12:00:00,0.003449805
2026-05-19 13:00:00,-3.77934e-05
2026-05-19 14:00:00,-0.0055237243
2026-05-19 15:00:00,0.0009069219
2026-05-19 16:00:00,0.0061274267
2026-05-19 17:00:00,-0.0029714896
2026-05-19 18:00:00,-0.0005868378
2026-05-19 19:00:00,-0.0005161339
2026-05-19 20:00:00,0.0025165933
2026-05-19 21:00:00,-0.0006994693
2026-05-19 22:00:00,-0.0049908037
2026-05-19 23:00:00,0.0026478015
2026-05-20 00:00:00,-0.0006162452
2026-05-20 01:00:00,0.0021031498
2026-05-20 02:00:00,-0.0030044995
2026-05-20 03:00:00,0.0011052267
2026-05-20 04:00:00,0.0008529876
2026-05-20 05:00:00,0.0058187753
2026-05-20 06:00:00,0.0038588945
2026-05-20 07:00:00,-0.002094458
2026-05-20 08:00:00,0.0011276077
2026-05-20 09:00:00,-0.0011135048
2026-05-20 10:00:00,0.0006767077
2026-05-20 11:00:00,-0.0011045856
2026-05-20 12:00:00,0.0028037336
2026-05-20 13:00:00,-0.00633247
2026-05-20 14:00:00,0.0070919281
2026-05-20 15:00:00,0.0005668735
2026-05-20 16:00:00,-0.0006980967
2026-05-20 17:00:00,0.002378089
2026-05-20 18:00:00,-0.0041137282
2026-05-20 19:00:00,0.0032857839
2026-05-20 20:00:00,-0.0013252013
2026-05-20 21:00:00,-0.0024254947
2026-05-20 22:00:00,-0.001165578
2026-05-20 23:00:00,0.0004513527
2026-05-21 00:00:00,0.0062882974
2026-05-21 01:00:00,-0.0008317952
2026-05-21 02:00:00,0.0002196985
2026-05-21 03:00:00,0.0022316436
2026-05-21 04:00:00,-0.0002985089
2026-05-21 05:00:00,-0.0045586496
2026-05-21 06:00:00,-0.0034926334
2026-05-21 07:00:00,0.0031411057
2026-05-21 08:00:00,0.001517714
2026-05-21 09:00:00,-0.0050962578
2026-05-21 10:00:00,-0.0061869149
2026-05-21 11:00:00,0.0002934564
2026-05-21 12:00:00,0.0008656678
2026-05-21 13:00:00,0.0017951715
2026-05-21 14:00:00,0.0007643312
2026-05-21 15:00:00,0.0047427571
2026-05-21 16:00:00,-0.0023638618
2026-05-21 17:00:00,0.0067805136
