datetime_str,log_return
2025-05-21 18:00:00,0.0051085679
2025-05-21 19:00:00,0.017677228
2025-05-21 20:00:00,-0.0031338164
2025-05-21 21:00:00,-0.0081941839
2025-05-21 22:00:00,0.0175663237
2025-05-21 23:00:00,0.0031046284
2025-05-22 00:00:00,0.0067964426
2025-05-22 01:00:00,-0.010523155
2025-05-22 02:00:00,0.0135972429
2025-05-22 03:00:00,0.009165967
2025-05-22 04:00:00,-0.0030459969
2025-05-22 05:00:00,-0.0079632886
2025-05-22 06:00:00,0.0036832454
2025-05-22 07:00:00,0.0061087545
2025-05-22 08:00:00,0.0084900449
2025-05-22 09:00:00,0.0036166405
2025-05-22 10:00:00,-0.0018066852
2025-05-22 11:00:00,0.0018066852
2025-05-22 12:00:00,-0.0060350213
2025-05-22 13:00:00,0.0006051437
2025-05-22 14:00:00,0.018580097
2025-05-22 15:00:00,-0.0023781224
2025-05-22 16:00:00,-0.0053715438
2025-05-22 17:00:00,0.0029877524
2025-05-22 18:00:00,0.0041679131
2025-05-22 19:00:00,-0.0101523715
2025-05-22 20:00:00,0.0
2025-05-22 21:00:00,-0.004813487
2025-05-22 22:00:00,0.0090063653
2025-05-22 23:00:00,0.0011947433
2025-05-23 00:00:00,-0.0029895388
2025-05-23 01:00:00,0.0047789816
2025-05-23 02:00:00,0.0094899882
2025-05-23 03:00:00,0.0123204844
2025-05-23 04:00:00,-0.0176475168
2025-05-23 05:00:00,0.005917177
2025-05-23 06:00:00,-0.0226740024
2025-05-23 07:00:00,0.0060168653
2025-05-23 08:00:00,0.0095523114
2025-05-23 09:00:00,0.0124005132
2025-05-23 10:00:00,0.0029299757
2025-05-23 11:00:00,-0.0485561366
2025-05-23 12:00:00,-0.0129831808
2025-05-23 13:00:00,0.0184962116
2025-05-23 14:00:00,0.0030497126
2025-05-23 15:00:00,-0.0134888618
2025-05-23 16:00:00,0.0
2025-05-23 17:00:00,0.004311679
2025-05-23 18:00:00,-0.0123687415
2025-05-23 19:00:00,0.0
2025-05-23 20:00:00,-0.0118937239
2025-05-23 21:00:00,-0.0056836276
2025-05-23 22:00:00,-0.0031715853
2025-05-23 23:00:00,-0.012787898
2025-05-24 00:00:00,-0.0045146804
2025-05-24 01:00:00,0.0045146804
2025-05-24 02:00:00,0.0076923456
2025-05-24 03:00:00,0.0057306747
2025-05-24 04:00:00,0.0082200905
2025-05-24 05:00:00,-0.0075853714
2025-05-24 06:00:00,-0.0025412974
2025-05-24 07:00:00,-0.0019102203
2025-05-24 08:00:00,0.0038167985
2025-05-24 09:00:00,-0.0031796529
2025-05-24 10:00:00,0.0107698222
2025-05-24 11:00:00,-0.0050537063
2025-05-24 12:00:00,-0.005079376
2025-05-24 13:00:00,-0.0051053078
2025-05-24 14:00:00,0.0044685679
2025-05-24 15:00:00,-0.0044685679
2025-05-24 16:00:00,0.0
2025-05-24 17:00:00,-0.003204104
2025-05-24 18:00:00,-0.0064391723
2025-05-24 19:00:00,0.001936109
2025-05-24 20:00:00,-0.0045234326
2025-05-24 21:00:00,-0.0032435967
2025-05-24 22:00:00,-0.0032541519
2025-05-24 23:00:00,0.0013029318
2025-05-25 00:00:00,-0.0117879558
2025-05-25 01:00:00,0.0013166559
2025-05-25 02:00:00,0.01242252
2025-05-25 03:00:00,0.0064767066
2025-05-25 04:00:00,-0.0038809881
2025-05-25 05:00:00,-0.0006482982
2025-05-25 06:00:00,-0.0038986404
2025-05-25 07:00:00,-0.0039138993
2025-05-25 08:00:00,-0.0105125804
2025-05-25 09:00:00,0.0039551798
2025-05-25 10:00:00,-0.0052770571
2025-05-25 11:00:00,0.0019821612
2025-05-25 12:00:00,0.005266635
2025-05-25 13:00:00,0.0013123361
2025-05-25 14:00:00,-0.0092227268
2025-05-25 15:00:00,-0.0059741299
2025-05-25 16:00:00,0.0
2025-05-25 17:00:00,0.0
2025-05-25 18:00:00,0.0013306722
2025-05-25 19:00:00,0.0092654534
2025-05-25 20:00:00,-0.0059464992
2025-05-25 21:00:00,0.000662471
2025-05-25 22:00:00,0.0287226011
2025-05-25 23:00:00,-0.0006437078
2025-05-26 00:00:00,0.0134316058
2025-05-26 01:00:00,-0.0025445306
2025-05-26 02:00:00,-0.0044685679
2025-05-26 03:00:00,0.0063775726
2025-05-26 04:00:00,-0.0050988001
2025-05-26 05:00:00,-0.0019187726
2025-05-26 06:00:00,0.0114577956
2025-05-26 07:00:00,0.0081941839
2025-05-26 08:00:00,-0.0069291616
2025-05-26 09:00:00,-0.0025316469
2025-05-26 10:00:00,-0.0019029501
2025-05-26 11:00:00,-0.0006351223
2025-05-26 12:00:00,0.0031715853
2025-05-26 13:00:00,-0.0172473135
2025-05-26 14:00:00,-0.0045205114
2025-05-26 15:00:00,0.0198660811
2025-05-26 16:00:00,-0.0127715657
2025-05-26 17:00:00,-0.0051546506
2025-05-26 18:00:00,0.003224769
2025-05-26 19:00:00,-0.0006441224
2025-05-26 20:00:00,0.0064226297
2025-05-26 21:00:00,-0.0038486257
2025-05-26 22:00:00,-0.0045088643
2025-05-26 23:00:00,0.0032226905
2025-05-27 00:00:00,-0.0084006956
2025-05-27 01:00:00,-0.0065104397
2025-05-27 02:00:00,0.0039113479
2025-05-27 03:00:00,0.0058384856
2025-05-27 04:00:00,0.0070899427
2025-05-27 05:00:00,0.0019249284
2025-05-27 06:00:00,0.0082988028
2025-05-27 07:00:00,0.0075997833
2025-05-27 08:00:00,0.0050346236
2025-05-27 09:00:00,-0.0044039077
2025-05-27 10:00:00,0.0044039077
2025-05-27 11:00:00,0.0018814681
2025-05-27 12:00:00,-0.0043956115
2025-05-27 13:00:00,-0.0006295247
2025-05-27 14:00:00,-0.0012602396
2025-05-27 15:00:00,0.0100377254
2025-05-27 16:00:00,-0.0031259794
2025-05-27 17:00:00,0.0049968873
2025-05-27 18:00:00,-0.0056232576
2025-05-27 19:00:00,-0.0012539187
2025-05-27 20:00:00,0.0037570489
2025-05-27 21:00:00,-0.0075282664
2025-05-27 22:00:00,0.0025157246
2025-05-27 23:00:00,0.0
2025-05-28 00:00:00,0.0012554929
2025-05-28 01:00:00,-0.0025125641
2025-05-28 02:00:00,-0.0018885747
2025-05-28 03:00:00,0.011278315
2025-05-28 04:00:00,-0.0024953226
2025-05-28 05:00:00,-0.0025015648
2025-05-28 06:00:00,-0.0107020222
2025-05-28 07:00:00,0.0056800405
2025-05-28 08:00:00,0.0031416928
2025-05-28 09:00:00,-0.006293287
2025-05-28 10:00:00,0.005037794
2025-05-28 11:00:00,0.0043873464
2025-05-28 12:00:00,0.0
2025-05-28 13:00:00,-0.0106885645
2025-05-28 14:00:00,-0.0140040481
2025-05-28 15:00:00,-0.0083682497
2025-05-28 16:00:00,0.0019373593
2025-05-28 17:00:00,0.002577321
2025-05-28 18:00:00,-0.0084006956
2025-05-28 19:00:00,-0.0052049564
2025-05-28 20:00:00,0.0097371753
2025-05-28 21:00:00,0.0038684768
2025-05-28 22:00:00,-0.0051613018
2025-05-28 23:00:00,0.0128536474
2025-05-29 00:00:00,0.024599159
2025-05-29 01:00:00,-0.0075047257
2025-05-29 02:00:00,0.0155717877
2025-05-29 03:00:00,-0.0080670621
2025-05-29 04:00:00,-0.0150661984
2025-05-29 05:00:00,-0.0038022859
2025-05-29 06:00:00,0.0031695748
2025-05-29 07:00:00,0.0006327112
2025-05-29 08:00:00,0.0050473293
2025-05-29 09:00:00,-0.0006295247
2025-05-29 10:00:00,0.0
2025-05-29 11:00:00,-0.0031535819
2025-05-29 12:00:00,-0.0107971833
2025-05-29 13:00:00,-0.0076923456
2025-05-29 14:00:00,-0.0038684768
2025-05-29 15:00:00,-0.0077821404
2025-05-29 16:00:00,-0.0019550348
2025-05-29 17:00:00,0.003906255
2025-05-29 18:00:00,-0.0078278286
2025-05-29 19:00:00,-0.0052528026
2025-05-29 20:00:00,0.0006581112
2025-05-29 21:00:00,0.0059035921
2025-05-29 22:00:00,-0.0098587719
2025-05-29 23:00:00,-0.0072920442
2025-05-30 00:00:00,-0.0428199972
2025-05-30 01:00:00,0.0069204428
2025-05-30 02:00:00,0.0150584639
2025-05-30 03:00:00,-0.0013596195
2025-05-30 04:00:00,0.0
2025-05-30 05:00:00,-0.0020429016
2025-05-30 06:00:00,-0.0158024587
2025-05-30 07:00:00,0.0048359334
2025-05-30 08:00:00,-0.0006894175
2025-05-30 09:00:00,-0.0013802625
2025-05-30 10:00:00,0.0034470906
2025-05-30 11:00:00,-0.0027567212
2025-05-30 12:00:00,0.0027567212
2025-05-30 13:00:00,-0.0096819567
2025-05-30 14:00:00,-0.0041782791
2025-05-30 15:00:00,-0.0055983351
2025-05-30 16:00:00,-0.0191291699
2025-05-30 17:00:00,0.0071276139
2025-05-30 18:00:00,0.0134040808
2025-05-30 19:00:00,0.0
2025-05-30 20:00:00,-0.0056219403
2025-05-30 21:00:00,0.0035174148
2025-05-30 22:00:00,-0.0241660658
2025-05-30 23:00:00,0.0007191658
2025-05-31 00:00:00,-0.0137533836
2025-05-31 01:00:00,-0.0073153216
2025-05-31 02:00:00,-0.0051527534
2025-05-31 03:00:00,-0.0022164767
2025-05-31 04:00:00,0.0103017835
2025-05-31 05:00:00,-0.005873732
2025-05-31 06:00:00,0.0102565002
2025-05-31 07:00:00,0.0014566645
2025-05-31 08:00:00,0.0029069788
2025-05-31 09:00:00,-0.0014524331
2025-05-31 10:00:00,-0.0051001932
2025-05-31 11:00:00,-0.0014619886
2025-05-31 12:00:00,0.0152453043
2025-05-31 13:00:00,-0.0028860049
2025-05-31 14:00:00,0.0057637047
2025-05-31 15:00:00,-0.0021574981
2025-05-31 16:00:00,0.0128757144
2025-05-31 17:00:00,-0.0064171343
2025-05-31 18:00:00,0.0085470606
2025-05-31 19:00:00,0.0021253993
2025-05-31 20:00:00,-0.0007079646
2025-05-31 21:00:00,0.0007079646
2025-05-31 22:00:00,-0.003544846
2025-05-31 23:00:00,-0.0078431775
2025-06-01 00:00:00,-0.0028673855
2025-06-01 01:00:00,-0.0072046421
2025-06-01 02:00:00,0.0028880887
2025-06-01 03:00:00,0.0007207208
2025-06-01 04:00:00,0.0064632182
2025-06-01 05:00:00,-0.0079051795
2025-06-01 06:00:00,-0.0007217611
2025-06-01 07:00:00,0.0014430017
2025-06-01 08:00:00,-0.0065099687
2025-06-01 09:00:00,-0.0109450199
2025-06-01 10:00:00,0.010219067
2025-06-01 11:00:00,0.0036245056
2025-06-01 12:00:00,-0.0036245056
2025-06-01 13:00:00,0.0043478329
2025-06-01 14:00:00,0.0064865092
2025-06-01 15:00:00,0.0021528534
2025-06-01 16:00:00,0.0057183858
2025-06-01 17:00:00,-0.0028551054
2025-06-01 18:00:00,-0.0057347827
2025-06-01 19:00:00,0.0078768757
2025-06-01 20:00:00,-0.0042887843
2025-06-01 21:00:00,0.0050017968
2025-06-01 22:00:00,0.0014245017
2025-06-01 23:00:00,0.0014224753
2025-06-02 00:00:00,-0.0042735108
2025-06-02 01:00:00,-0.0014285717
2025-06-02 02:00:00,-0.0071736319
2025-06-02 03:00:00,-0.002162163
2025-06-02 04:00:00,0.0036010122
2025-06-02 05:00:00,-0.0043227733
2025-06-02 06:00:00,0.0028839241
2025-06-02 07:00:00,0.0
2025-06-02 08:00:00,-0.0065005646
2025-06-02 09:00:00,-0.0058139699
2025-06-02 10:00:00,0.0
2025-06-02 11:00:00,-0.002188983
2025-06-02 12:00:00,0.0058266734
2025-06-02 13:00:00,-0.0065574005
2025-06-02 14:00:00,0.0029197101
2025-06-02 15:00:00,0.0007285975
2025-06-02 16:00:00,0.000728067
2025-06-02 17:00:00,-0.002915454
2025-06-02 18:00:00,0.002915454
2025-06-02 19:00:00,-0.0058394327
2025-06-02 20:00:00,0.010196738
2025-06-02 21:00:00,0.0065005646
2025-06-02 22:00:00,0.0093157248
2025-06-02 23:00:00,0.0049804443
2025-06-03 00:00:00,0.0042492982
2025-06-03 01:00:00,0.0175135825
2025-06-03 02:00:00,-0.0104712999
2025-06-03 03:00:00,-0.005629853
2025-06-03 04:00:00,-0.0070821826
2025-06-03 05:00:00,0.0091970935
2025-06-03 06:00:00,0.0021104475
2025-06-03 07:00:00,-0.0063447516
2025-06-03 08:00:00,-0.0042523097
2025-06-03 09:00:00,0.0014194467
2025-06-03 10:00:00,0.0
2025-06-03 11:00:00,-0.0007094715
2025-06-03 12:00:00,0.0035423346
2025-06-03 13:00:00,0.0056417639
2025-06-03 14:00:00,0.0097971392
2025-06-03 15:00:00,-0.0006966214
2025-06-03 16:00:00,-0.0062915272
2025-06-03 17:00:00,0.0041987465
2025-06-03 18:00:00,-0.0020971696
2025-06-03 19:00:00,0.0055827081
2025-06-03 20:00:00,-0.0126052089
2025-06-03 21:00:00,-0.00849262
2025-06-03 22:00:00,0.009901071
2025-06-03 23:00:00,-0.00635371
2025-06-04 00:00:00,0.0035348216
2025-06-04 01:00:00,0.0119257815
2025-06-04 02:00:00,-0.0041928783
2025-06-04 03:00:00,0.0055866067
2025-06-04 04:00:00,0.0034758464
2025-06-04 05:00:00,-0.0055671682
2025-06-04 06:00:00,-0.0027952499
2025-06-04 07:00:00,0.0006995453
2025-06-04 08:00:00,0.0069686693
2025-06-04 09:00:00,0.0006942034
2025-06-04 10:00:00,-0.0083624181
2025-06-04 11:00:00,-0.0049105676
2025-06-04 12:00:00,-0.0049348003
2025-06-04 13:00:00,-0.0049592734
2025-06-04 14:00:00,0.0042523097
2025-06-04 15:00:00,0.0035298307
2025-06-04 16:00:00,-0.0035298307
2025-06-04 17:00:00,-0.0128115631
2025-06-04 18:00:00,0.0050017968
2025-06-04 19:00:00,-0.0078712392
2025-06-04 20:00:00,-0.0093829631
2025-06-04 21:00:00,0.0086643141
2025-06-04 22:00:00,-0.0043227733
2025-06-04 23:00:00,0.0014430017
2025-06-05 00:00:00,-0.0014430017
2025-06-05 01:00:00,-0.0043415408
2025-06-05 02:00:00,0.0065052633
2025-06-05 03:00:00,0.0007202017
2025-06-05 04:00:00,0.002875631
2025-06-05 05:00:00,-0.010101096
2025-06-05 06:00:00,-0.004360472
2025-06-05 07:00:00,0.002909093
2025-06-05 08:00:00,0.0021762794
2025-06-05 09:00:00,-0.0036297681
2025-06-05 10:00:00,-0.0036429913
2025-06-05 11:00:00,0.0043699997
2025-06-05 12:00:00,0.0187190491
2025-06-05 13:00:00,-0.0245499694
2025-06-05 14:00:00,0.0021905814
2025-06-05 15:00:00,0.0043668192
2025-06-05 16:00:00,-0.0205436425
2025-06-05 17:00:00,0.0044378771
2025-06-05 18:00:00,0.0007377352
2025-06-05 19:00:00,-0.026150164
2025-06-05 20:00:00,-0.0409481695
2025-06-05 21:00:00,0.0233837623
2025-06-05 22:00:00,-0.0030864222
2025-06-05 23:00:00,-0.0030959777
2025-06-06 00:00:00,0.0061823999
2025-06-06 01:00:00,0.0023085812
2025-06-06 02:00:00,0.0068939377
2025-06-06 03:00:00,0.0060882989
2025-06-06 04:00:00,0.0
2025-06-06 05:00:00,0.0022735895
2025-06-06 06:00:00,0.0015128596
2025-06-06 07:00:00,-0.0030280114
2025-06-06 08:00:00,0.0007578629
2025-06-06 09:00:00,0.0007572889
2025-06-06 10:00:00,0.0
2025-06-06 11:00:00,0.0007567159
2025-06-06 12:00:00,0.0030211503
2025-06-06 13:00:00,0.0075131834
2025-06-06 14:00:00,0.0192741326
2025-06-06 15:00:00,-0.0066298585
2025-06-06 16:00:00,-0.002960772
2025-06-06 17:00:00,0.0066494519
2025-06-06 18:00:00,-0.0111071116
2025-06-06 19:00:00,0.0051986749
2025-06-06 20:00:00,0.0044345971
2025-06-06 21:00:00,0.0036805342
2025-06-06 22:00:00,-0.0014705885
2025-06-06 23:00:00,-0.000736106
2025-06-07 00:00:00,0.0102565002
2025-06-07 01:00:00,-0.0080498056
2025-06-07 02:00:00,0.0095064701
2025-06-07 03:00:00,0.0065288589
2025-06-07 04:00:00,-0.0021715535
2025-06-07 05:00:00,0.0136741965
2025-06-07 06:00:00,0.0028551054
2025-06-07 07:00:00,-0.0007130125
2025-06-07 08:00:00,-0.0050053733
2025-06-07 09:00:00,0.0
2025-06-07 10:00:00,0.0050053733
2025-06-07 11:00:00,0.0028490048
2025-06-07 12:00:00,-0.003562526
2025-06-07 13:00:00,-0.003575263
2025-06-07 14:00:00,-0.0007165891
2025-06-07 15:00:00,-0.0014347205
2025-06-07 16:00:00,-0.0086518204
2025-06-07 17:00:00,-0.0014492756
2025-06-07 18:00:00,0.0014492756
2025-06-07 19:00:00,0.0014471783
2025-06-07 20:00:00,-0.0028964539
2025-06-07 21:00:00,0.0036192584
2025-06-07 22:00:00,0.0050450557
2025-06-07 23:00:00,-0.0057678603
2025-06-08 00:00:00,-0.0043478329
2025-06-08 01:00:00,0.0050706374
2025-06-08 02:00:00,-0.0021699828
2025-06-08 03:00:00,-0.0007243753
2025-06-08 04:00:00,0.0007243753
2025-06-08 05:00:00,-0.0050816806
2025-06-08 06:00:00,0.0021810259
2025-06-08 07:00:00,-0.0021810259
2025-06-08 08:00:00,-0.0014566645
2025-06-08 09:00:00,-0.0095203941
2025-06-08 10:00:00,0.0036724243
2025-06-08 11:00:00,0.0102116132
2025-06-08 12:00:00,-0.005092772
2025-06-08 13:00:00,0.0036403389
2025-06-08 14:00:00,0.0007264802
2025-06-08 15:00:00,-0.0007264802
2025-06-08 16:00:00,0.0057971177
2025-06-08 17:00:00,0.0014440436
2025-06-08 18:00:00,0.0
2025-06-08 19:00:00,0.0028818464
2025-06-08 20:00:00,0.0007191658
2025-06-08 21:00:00,0.0021543994
2025-06-08 22:00:00,-0.0137235812
2025-06-08 23:00:00,-0.0051039119
2025-06-09 00:00:00,0.0051039119
2025-06-09 01:00:00,-0.0051039119
2025-06-09 02:00:00,0.0051039119
2025-06-09 03:00:00,-0.0014556043
2025-06-09 04:00:00,-0.0073099741
2025-06-09 05:00:00,-0.001468429
2025-06-09 06:00:00,0.0036670375
2025-06-09 07:00:00,0.0007317966
2025-06-09 08:00:00,0.0
2025-06-09 09:00:00,0.0101893167
2025-06-09 10:00:00,0.0043352669
2025-06-09 11:00:00,0.0021606058
2025-06-09 12:00:00,0.0035906681
2025-06-09 13:00:00,-0.0100865408
2025-06-09 14:00:00,0.0064958727
2025-06-09 15:00:00,0.0043072572
2025-06-09 16:00:00,0.0042887843
2025-06-09 17:00:00,0.0007130125
2025-06-09 18:00:00,0.0021359923
2025-06-09 19:00:00,-0.0014234878
2025-06-09 20:00:00,0.0014234878
2025-06-09 21:00:00,0.0106120557
2025-06-09 22:00:00,0.011196758
2025-06-09 23:00:00,-0.0013927579
2025-06-10 00:00:00,0.0090184448
2025-06-10 01:00:00,0.0096220674
2025-06-10 02:00:00,0.0
2025-06-10 03:00:00,-0.0096220674
2025-06-10 04:00:00,-0.0027662535
2025-06-10 05:00:00,-0.0055555698
2025-06-10 06:00:00,0.0090121927
2025-06-10 07:00:00,-0.0013812157
2025-06-10 08:00:00,0.0006908463
2025-06-10 09:00:00,0.0055096558
2025-06-10 10:00:00,0.003428183
2025-06-10 11:00:00,0.0369541545
2025-06-10 12:00:00,0.0091924482
2025-06-10 13:00:00,-0.0144834658
2025-06-10 14:00:00,-0.00798939
2025-06-10 15:00:00,0.0093147713
2025-06-10 16:00:00,0.006600684
2025-06-10 17:00:00,-0.0046159001
2025-06-10 18:00:00,0.0052735785
2025-06-10 19:00:00,0.0032819196
2025-06-10 20:00:00,0.0013097579
2025-06-10 21:00:00,-0.0013097579
2025-06-10 22:00:00,0.0032711838
2025-06-10 23:00:00,0.0084553349
2025-06-11 00:00:00,-0.0104167609
2025-06-11 01:00:00,-0.0059074671
2025-06-11 02:00:00,-0.0032970686
2025-06-11 03:00:00,0.0111659617
2025-06-11 04:00:00,-0.0039267066
2025-06-11 05:00:00,0.0039267066
2025-06-11 06:00:00,0.0026092644
2025-06-11 07:00:00,0.0051981923
2025-06-11 08:00:00,-0.0104235471
2025-06-11 09:00:00,-0.007229739
2025-06-11 10:00:00,0.0208884879
2025-06-11 11:00:00,-0.0195700962
2025-06-11 12:00:00,0.0078740564
2025-06-11 13:00:00,0.0039138993
2025-06-11 14:00:00,0.0084279267
2025-06-11 15:00:00,0.00899749
2025-06-11 16:00:00,-0.0025624614
2025-06-11 17:00:00,-0.0200848993
2025-06-11 18:00:00,-0.0072249904
2025-06-11 19:00:00,-0.0013192614
2025-06-11 20:00:00,0.00197824
2025-06-11 21:00:00,-0.0139305735
2025-06-11 22:00:00,-0.0087219607
2025-06-11 23:00:00,0.004705891
2025-06-12 00:00:00,-0.004705891
2025-06-12 01:00:00,-0.003374961
2025-06-12 02:00:00,-0.00338639
2025-06-12 03:00:00,-0.002717393
2025-06-12 04:00:00,-0.0075111312
2025-06-12 05:00:00,0.0
2025-06-12 06:00:00,-0.0034328904
2025-06-12 07:00:00,-0.0075940993
2025-06-12 08:00:00,-0.0013869628
2025-06-12 09:00:00,0.0020797235
2025-06-12 10:00:00,-0.0139472275
2025-06-12 11:00:00,-0.0077547093
2025-06-12 12:00:00,0.0042372945
2025-06-12 13:00:00,0.010515344
2025-06-12 14:00:00,0.0076415794
2025-06-12 15:00:00,-0.0139375078
2025-06-12 16:00:00,0.0062959285
2025-06-12 17:00:00,0.0131626424
2025-06-12 18:00:00,-0.0124655354
2025-06-12 19:00:00,-0.0147422817
2025-06-12 20:00:00,-0.0149628727
2025-06-12 21:00:00,0.0014347205
2025-06-12 22:00:00,0.0028632804
2025-06-12 23:00:00,0.0
2025-06-13 00:00:00,-0.0551002382
2025-06-13 01:00:00,-0.018293193
2025-06-13 02:00:00,-0.0038535693
2025-06-13 03:00:00,0.0244100602
2025-06-13 04:00:00,-0.0015082959
2025-06-13 05:00:00,-0.0060560367
2025-06-13 06:00:00,0.0045454624
2025-06-13 07:00:00,0.0015105743
2025-06-13 08:00:00,-0.002266718
2025-06-13 09:00:00,0.0
2025-06-13 10:00:00,0.0037750139
2025-06-13 11:00:00,0.0022581869
2025-06-13 12:00:00,-0.0022581869
2025-06-13 13:00:00,0.0007532957
2025-06-13 14:00:00,-0.0015071593
2025-06-13 15:00:00,0.0112487125
2025-06-13 16:00:00,0.0074294547
2025-06-13 17:00:00,-0.0171710079
2025-06-13 18:00:00,-0.0113594557
2025-06-13 19:00:00,0.0007613247
2025-06-13 20:00:00,0.003039516
2025-06-13 21:00:00,0.0068053193
2025-06-13 22:00:00,0.0075075428
2025-06-13 23:00:00,0.0059657149
2025-06-14 00:00:00,-0.0052180513
2025-06-14 01:00:00,-0.0059970195
2025-06-14 02:00:00,-0.0030120505
2025-06-14 03:00:00,0.0045146804
2025-06-14 04:00:00,-0.0015026299
2025-06-14 05:00:00,-0.0007521625
2025-06-14 06:00:00,-0.0060377542
2025-06-14 07:00:00,0.002268432
2025-06-14 08:00:00,-0.0037835838
2025-06-14 09:00:00,-0.006083669
2025-06-14 10:00:00,0.0053252313
2025-06-14 11:00:00,-0.0007590133
2025-06-14 12:00:00,-0.0007595899
2025-06-14 13:00:00,-0.0030441424
2025-06-14 14:00:00,-0.0015255533
2025-06-14 15:00:00,-0.0076628727
2025-06-14 16:00:00,-0.0084975405
2025-06-14 17:00:00,0.0100348198
2025-06-14 18:00:00,-0.0061633477
2025-06-14 19:00:00,0.0053950035
2025-06-14 20:00:00,0.0015360986
2025-06-14 21:00:00,0.0106871246
2025-06-14 22:00:00,0.0
2025-06-14 23:00:00,0.0007590133
2025-06-15 00:00:00,0.0037864491
2025-06-15 01:00:00,-0.0007561437
2025-06-15 02:00:00,0.0015117161
2025-06-15 03:00:00,-0.0007555724
2025-06-15 04:00:00,0.0060286543
2025-06-15 05:00:00,-0.0007515972
2025-06-15 06:00:00,-0.0105821093
2025-06-15 07:00:00,-0.0007601673
2025-06-15 08:00:00,-0.0015220703
2025-06-15 09:00:00,-0.0076452972
2025-06-15 10:00:00,0.0061209066
2025-06-15 11:00:00,-0.0022909517
2025-06-15 12:00:00,0.0053374126
2025-06-15 13:00:00,0.003795071
2025-06-15 14:00:00,0.0060423145
2025-06-15 15:00:00,-0.0083176283
2025-06-15 16:00:00,0.0045454624
2025-06-15 17:00:00,-0.0007561437
2025-06-15 18:00:00,-0.0015140048
2025-06-15 19:00:00,-0.0045558165
2025-06-15 20:00:00,-0.0099427205
2025-06-15 21:00:00,0.0107034661
2025-06-15 22:00:00,0.0090840897
2025-06-15 23:00:00,0.0022581869
2025-06-16 00:00:00,-0.0037664828
2025-06-16 01:00:00,0.0127485791
2025-06-16 02:00:00,0.0014892036
2025-06-16 03:00:00,-0.0044742804
2025-06-16 04:00:00,0.0044742804
2025-06-16 05:00:00,0.0125694816
2025-06-16 06:00:00,0.0051300955
2025-06-16 07:00:00,0.0
2025-06-16 08:00:00,-0.0021953906
2025-06-16 09:00:00,0.0029261177
2025-06-16 10:00:00,0.0
2025-06-16 11:00:00,-0.0007307271
2025-06-16 12:00:00,0.0
2025-06-16 13:00:00,0.0051039119
2025-06-16 14:00:00,0.0058013216
2025-06-16 15:00:00,-0.0028964539
2025-06-16 16:00:00,0.005063302
2025-06-16 17:00:00,0.0007212406
2025-06-16 18:00:00,0.0093290953
2025-06-16 19:00:00,0.002853069
2025-06-16 20:00:00,0.0070972619
2025-06-16 21:00:00,-0.0063852647
2025-06-16 22:00:00,-0.0172294284
2025-06-16 23:00:00,-0.0197446999
2025-06-17 00:00:00,0.0095553833
2025-06-17 01:00:00,-0.00366435
2025-06-17 02:00:00,-0.0044150182
2025-06-17 03:00:00,0.0080793682
2025-06-17 04:00:00,-0.0043988341
2025-06-17 05:00:00,-0.0044182693
2025-06-17 06:00:00,-0.0029563954
2025-06-17 07:00:00,-0.0007404665
2025-06-17 08:00:00,-0.0074349785
2025-06-17 09:00:00,-0.0014936523
2025-06-17 10:00:00,-0.0052454223
2025-06-17 11:00:00,-0.0075415139
2025-06-17 12:00:00,-0.0007572889
2025-06-17 13:00:00,0.0030257209
2025-06-17 14:00:00,-0.0068207919
2025-06-17 15:00:00,-0.0076336249
2025-06-17 16:00:00,-0.0170019551
2025-06-17 17:00:00,0.0054411327
2025-06-17 18:00:00,0.0100270798
2025-06-17 19:00:00,0.0106871246
2025-06-17 20:00:00,-0.0129921583
2025-06-17 21:00:00,-0.0015396462
2025-06-17 22:00:00,-0.0077339906
2025-06-17 23:00:00,0.0092736368
2025-06-18 00:00:00,0.0053701702
2025-06-18 01:00:00,-0.0022979711
2025-06-18 02:00:00,-0.0007671654
2025-06-18 03:00:00,0.0038299549
2025-06-18 04:00:00,0.0068571697
2025-06-18 05:00:00,0.0
2025-06-18 06:00:00,-0.0083873919
2025-06-18 07:00:00,-0.0007659901
2025-06-18 08:00:00,-0.0038387763
2025-06-18 09:00:00,-0.0030816665
2025-06-18 10:00:00,-0.018692133
2025-06-18 11:00:00,0.0101682534
2025-06-18 12:00:00,-0.0054623624
2025-06-18 13:00:00,0.0046838493
2025-06-18 14:00:00,0.0007785131
2025-06-18 15:00:00,0.0038835
2025-06-18 16:00:00,-0.0070011955
2025-06-18 17:00:00,0.0023391824
2025-06-18 18:00:00,-0.0078186481
2025-06-18 19:00:00,0.0078186481
2025-06-18 20:00:00,0.0192832817
2025-06-18 21:00:00,0.005333346
2025-06-18 22:00:00,-0.0045696957
2025-06-18 23:00:00,-0.0038240964
2025-06-19 00:00:00,0.0076336249
2025-06-19 01:00:00,-0.0007607456
2025-06-19 02:00:00,-0.0022857153
2025-06-19 03:00:00,0.0068415318
2025-06-19 04:00:00,-0.0007578629
2025-06-19 05:00:00,0.0007578629
2025-06-19 06:00:00,-0.0015163005
2025-06-19 07:00:00,-0.0038008408
2025-06-19 08:00:00,0.0068311461
2025-06-19 09:00:00,0.0120302203
2025-06-19 10:00:00,-0.0090090699
2025-06-19 11:00:00,-0.005293018
2025-06-19 12:00:00,-0.0068467365
2025-06-19 13:00:00,-0.0061255934
2025-06-19 14:00:00,-0.0038476385
2025-06-19 15:00:00,0.0
2025-06-19 16:00:00,-0.0023157093
2025-06-19 17:00:00,0.0122889411
2025-06-19 18:00:00,-0.0045906737
2025-06-19 19:00:00,-0.0007671654
2025-06-19 20:00:00,0.0
2025-06-19 21:00:00,0.0022997327
2025-06-19 22:00:00,0.0038211739
2025-06-19 23:00:00,-0.0030557701
2025-06-20 00:00:00,0.0015290523
2025-06-20 01:00:00,0.0
2025-06-20 02:00:00,-0.0045941888
2025-06-20 03:00:00,-0.0015360986
2025-06-20 04:00:00,-0.0077160877
2025-06-20 05:00:00,0.0030935833
2025-06-20 06:00:00,0.0023139231
2025-06-20 07:00:00,0.0152908178
2025-06-20 08:00:00,-0.0007590133
2025-06-20 09:00:00,-0.0038037322
2025-06-20 10:00:00,0.0007619048
2025-06-20 11:00:00,0.0015220703
2025-06-20 12:00:00,0.003795071
2025-06-20 13:00:00,-0.0076045994
2025-06-20 14:00:00,-0.0192684189
2025-06-20 15:00:00,0.0046583935
2025-06-20 16:00:00,-0.0101207559
2025-06-20 17:00:00,-0.0181607834
2025-06-20 18:00:00,0.0031821825
2025-06-20 19:00:00,-0.0007945968
2025-06-20 20:00:00,0.0063391654
2025-06-20 21:00:00,-0.0087267511
2025-06-20 22:00:00,-0.0096077601
2025-06-20 23:00:00,0.006415419
2025-06-21 00:00:00,0.0039888366
2025-06-21 01:00:00,0.0087198333
2025-06-21 02:00:00,-0.0007895776
2025-06-21 03:00:00,0.0047281412
2025-06-21 04:00:00,-0.0047281412
2025-06-21 05:00:00,0.0007895776
2025-06-21 06:00:00,-0.0023706056
2025-06-21 07:00:00,0.0007908265
2025-06-21 08:00:00,0.0063041974
2025-06-21 09:00:00,-0.0015723274
2025-06-21 10:00:00,-0.0015748035
2025-06-21 11:00:00,-0.0007883327
2025-06-21 12:00:00,-0.0047430919
2025-06-21 13:00:00,-0.0119570974
2025-06-21 14:00:00,0.0008016032
2025-06-21 15:00:00,-0.0040144574
2025-06-21 16:00:00,0.006415419
2025-06-21 17:00:00,-0.0080257253
2025-06-21 18:00:00,-0.0105306765
2025-06-21 19:00:00,-0.0057166346
2025-06-21 20:00:00,0.0081566521
2025-06-21 21:00:00,-0.0380840726
2025-06-21 22:00:00,0.0084034108
2025-06-21 23:00:00,0.0075031615
2025-06-22 00:00:00,0.0074472831
2025-06-22 01:00:00,-0.0074472831
2025-06-22 02:00:00,-0.0058309203
2025-06-22 03:00:00,-0.0075472056
2025-06-22 04:00:00,0.0108833222
2025-06-22 05:00:00,-0.0041718876
2025-06-22 06:00:00,0.0083264428
2025-06-22 07:00:00,-0.0066555986
2025-06-22 08:00:00,-0.0033444847
2025-06-22 09:00:00,-0.0109474778
2025-06-22 10:00:00,0.0033812374
2025-06-22 11:00:00,0.0025284464
2025-06-22 12:00:00,0.0041999222
2025-06-22 13:00:00,-0.033236975
2025-06-22 14:00:00,0.0060475346
2025-06-22 15:00:00,-0.0147508098
2025-06-22 16:00:00,0.0
2025-06-22 17:00:00,0.0061002368
2025-06-22 18:00:00,-0.012237915
2025-06-22 19:00:00,-0.0132804077
2025-06-22 20:00:00,0.0088731727
2025-06-22 21:00:00,-0.0070922283
2025-06-22 22:00:00,0.0341091221
2025-06-22 23:00:00,0.0025762144
2025-06-23 00:00:00,-0.0017167386
2025-06-23 01:00:00,0.0042863332
2025-06-23 02:00:00,0.0
2025-06-23 03:00:00,-0.0025695946
2025-06-23 04:00:00,0.0008572654
2025-06-23 05:00:00,0.0153064213
2025-06-23 06:00:00,0.0
2025-06-23 07:00:00,0.000843526
2025-06-23 08:00:00,0.0033670065
2025-06-23 09:00:00,-0.0042105325
2025-06-23 10:00:00,-0.0025348556
2025-06-23 11:00:00,0.0033783816
2025-06-23 12:00:00,0.0075598848
2025-06-23 13:00:00,0.0025073143
2025-06-23 14:00:00,-0.0092243841
2025-06-23 15:00:00,-0.0093102662
2025-06-23 16:00:00,-0.0206192872
2025-06-23 17:00:00,0.0332937281
2025-06-23 18:00:00,0.0158270692
2025-06-23 19:00:00,0.0049464239
2025-06-23 20:00:00,0.0187378191
2025-06-23 21:00:00,-0.0016155092
2025-06-23 22:00:00,0.0396248352
2025-06-23 23:00:00,0.0
2025-06-24 00:00:00,-0.0023337233
2025-06-24 01:00:00,0.0093023927
2025-06-24 02:00:00,-0.0061919702
2025-06-24 03:00:00,0.0069632777
2025-06-24 04:00:00,0.0053825582
2025-06-24 05:00:00,0.0159759959
2025-06-24 06:00:00,0.00451808
2025-06-24 07:00:00,-0.0197274986
2025-06-24 08:00:00,-0.0015337426
2025-06-24 09:00:00,0.0068833924
2025-06-24 10:00:00,0.0030441424
2025-06-24 11:00:00,0.0
2025-06-24 12:00:00,-0.0022822376
2025-06-24 13:00:00,0.0
2025-06-24 14:00:00,0.01060616
2025-06-24 15:00:00,0.0060105365
2025-06-24 16:00:00,0.0287949019
2025-06-24 17:00:00,-0.0168811348
2025-06-24 18:00:00,-0.0074294547
2025-06-24 19:00:00,-0.0044843124
2025-06-24 20:00:00,0.0052297467
2025-06-24 21:00:00,-0.0022379718
2025-06-24 22:00:00,0.0
2025-06-24 23:00:00,0.0014925376
2025-06-25 00:00:00,0.0022346378
2025-06-25 01:00:00,0.000743771
2025-06-25 02:00:00,-0.0052180513
2025-06-25 03:00:00,-0.0007476636
2025-06-25 04:00:00,-0.0044977587
2025-06-25 05:00:00,-0.0007515972
2025-06-25 06:00:00,0.0082366621
2025-06-25 07:00:00,0.0029784088
2025-06-25 08:00:00,-0.0044709463
2025-06-25 09:00:00,-0.007496287
2025-06-25 10:00:00,-0.0007527287
2025-06-25 11:00:00,0.0
2025-06-25 12:00:00,-0.007558615
2025-06-25 13:00:00,0.007558615
2025-06-25 14:00:00,-0.0045283096
2025-06-25 15:00:00,-0.0091186042
2025-06-25 16:00:00,-0.0053578391
2025-06-25 17:00:00,0.0068833924
2025-06-25 18:00:00,0.0015232295
2025-06-25 19:00:00,0.0060698214
2025-06-25 20:00:00,0.002266718
2025-06-25 21:00:00,-0.0060560367
2025-06-25 22:00:00,-0.0053292855
2025-06-25 23:00:00,0.0030487828
2025-06-26 00:00:00,-0.0007613247
2025-06-26 01:00:00,0.0083428622
2025-06-26 02:00:00,0.013503581
2025-06-26 03:00:00,-0.0052297467
2025-06-26 04:00:00,-0.0060105365
2025-06-26 05:00:00,-0.0015082959
2025-06-26 06:00:00,0.0060195818
2025-06-26 07:00:00,0.0037439205
2025-06-26 08:00:00,0.0
2025-06-26 09:00:00,-0.014302088
2025-06-26 10:00:00,0.0030280114
2025-06-26 11:00:00,-0.0007561437
2025-06-26 12:00:00,-0.0121767106
2025-06-26 13:00:00,-0.0030674871
2025-06-26 14:00:00,0.0084130515
2025-06-26 15:00:00,-0.0007619048
2025-06-26 16:00:00,-0.0068833924
2025-06-26 17:00:00,0.0045941888
2025-06-26 18:00:00,0.0
2025-06-26 19:00:00,0.0022892036
2025-06-26 20:00:00,0.0053211832
2025-06-26 21:00:00,-0.0168199684
2025-06-26 22:00:00,-0.005411687
2025-06-26 23:00:00,0.0023228814
2025-06-27 00:00:00,-0.0077640142
2025-06-27 01:00:00,0.0131631788
2025-06-27 02:00:00,0.0053701702
2025-06-27 03:00:00,0.0068623983
2025-06-27 04:00:00,0.0037921926
2025-06-27 05:00:00,-0.0091255386
2025-06-27 06:00:00,0.0022892036
2025-06-27 07:00:00,-0.0076511467
2025-06-27 08:00:00,0.0099351218
2025-06-27 09:00:00,-0.0015220703
2025-06-27 10:00:00,-0.0045801607
2025-06-27 11:00:00,-0.0030651365
2025-06-27 12:00:00,-0.0046153928
2025-06-27 13:00:00,-0.005411687
2025-06-27 14:00:00,0.0
2025-06-27 15:00:00,0.0115608224
2025-06-27 16:00:00,0.0030604462
2025-06-27 17:00:00,-0.0161728592
2025-06-27 18:00:00,-0.0093604428
2025-06-27 19:00:00,0.010136539
2025-06-27 20:00:00,0.0084975405
2025-06-27 21:00:00,0.0
2025-06-27 22:00:00,0.0053701702
2025-06-27 23:00:00,-0.0007654038
2025-06-28 00:00:00,-0.0007659901
2025-06-28 01:00:00,0.0061115545
2025-06-28 02:00:00,-0.0007619048
2025-06-28 03:00:00,0.0030441424
2025-06-28 04:00:00,-0.0022822376
2025-06-28 05:00:00,-0.0015243905
2025-06-28 06:00:00,0.0015243905
2025-06-28 07:00:00,0.0030418274
2025-06-28 08:00:00,-0.0030418274
2025-06-28 09:00:00,0.0022822376
2025-06-28 10:00:00,-0.0030441424
2025-06-28 11:00:00,-0.0015255533
2025-06-28 12:00:00,0.0
2025-06-28 13:00:00,-0.0015278842
2025-06-28 14:00:00,0.0060975799
2025-06-28 15:00:00,0.0090772182
2025-06-28 16:00:00,-0.0030165935
2025-06-28 17:00:00,0.0097708406
2025-06-28 18:00:00,-0.0022463506
2025-06-28 19:00:00,-0.0015003754
2025-06-28 20:00:00,0.0022497197
2025-06-28 21:00:00,0.0007487833
2025-06-28 22:00:00,0.005970167
2025-06-28 23:00:00,-0.0037271754
2025-06-29 00:00:00,0.0
2025-06-29 01:00:00,-0.0022429916
2025-06-29 02:00:00,-0.002998503
2025-06-29 03:00:00,-0.0030075211
2025-06-29 04:00:00,0.0007527287
2025-06-29 05:00:00,0.0022547924
2025-06-29 06:00:00,0.0022497197
2025-06-29 07:00:00,0.0067189502
2025-06-29 08:00:00,0.0014869891
2025-06-29 09:00:00,-0.0022313137
2025-06-29 10:00:00,-0.000744879
2025-06-29 11:00:00,0.0022329745
2025-06-29 12:00:00,-0.0037243991
2025-06-29 13:00:00,-0.0022413158
2025-06-29 14:00:00,-0.003746726
2025-06-29 15:00:00,-0.0022547924
2025-06-29 16:00:00,0.0
2025-06-29 17:00:00,0.0060015184
2025-06-29 18:00:00,0.0014947686
2025-06-29 19:00:00,-0.0029917749
2025-06-29 20:00:00,-0.0030007524
2025-06-29 21:00:00,0.0082304991
2025-06-29 22:00:00,0.026472134
2025-06-29 23:00:00,-0.0058224328
2025-06-30 00:00:00,-0.0029239787
2025-06-30 01:00:00,-0.0021986084
2025-06-30 02:00:00,-0.0088430937
2025-06-30 03:00:00,-0.0014814818
2025-06-30 04:00:00,-0.0052025387
2025-06-30 05:00:00,-0.0014914246
2025-06-30 06:00:00,-0.0112571545
2025-06-30 07:00:00,0.0060195818
2025-06-30 08:00:00,-0.0060195818
2025-06-30 09:00:00,-0.0030234339
2025-06-30 10:00:00,-0.0007572889
2025-06-30 11:00:00,0.0007572889
2025-06-30 12:00:00,-0.0045523599
2025-06-30 13:00:00,0.0075757938
2025-06-30 14:00:00,-0.0015105743
2025-06-30 15:00:00,0.0112740766
2025-06-30 16:00:00,-0.0014958866
2025-06-30 17:00:00,0.0029895388
2025-06-30 18:00:00,-0.0052375728
2025-06-30 19:00:00,0.0222561115
2025-06-30 20:00:00,-0.0058866984
2025-06-30 21:00:00,-0.0088955368
2025-06-30 22:00:00,-0.0022363036
2025-06-30 23:00:00,-0.0014936523
2025-07-01 00:00:00,-0.0059970195
2025-07-01 01:00:00,0.0007515972
2025-07-01 02:00:00,-0.00451808
2025-07-01 03:00:00,0.0030143203
2025-07-01 04:00:00,-0.0067950431
2025-07-01 05:00:00,0.0
2025-07-01 06:00:00,0.0037807228
2025-07-01 07:00:00,-0.0045385857
2025-07-01 08:00:00,-0.0007584377
2025-07-01 09:00:00,0.0015163005
2025-07-01 10:00:00,-0.0022753138
2025-07-01 11:00:00,-0.0030418274
2025-07-01 12:00:00,-0.0038153423
2025-07-01 13:00:00,0.0022909517
2025-07-01 14:00:00,-0.0084259403
2025-07-01 15:00:00,0.0007689351
2025-07-01 16:00:00,-0.0015384618
2025-07-01 17:00:00,0.0
2025-07-01 18:00:00,-0.0092808091
2025-07-01 19:00:00,-0.0038925701
2025-07-01 20:00:00,0.0069957534
2025-07-01 21:00:00,-0.0046583935
2025-07-01 22:00:00,0.0023319093
2025-07-01 23:00:00,0.0015515907
2025-07-02 00:00:00,-0.0062208599
2025-07-02 01:00:00,0.0062208599
2025-07-02 02:00:00,-0.0031055926
2025-07-02 03:00:00,0.0046547795
2025-07-02 04:00:00,0.0084778928
2025-07-02 05:00:00,0.0007671654
2025-07-02 06:00:00,0.0038270234
2025-07-02 07:00:00,-0.0038270234
2025-07-02 08:00:00,0.0038270234
2025-07-02 09:00:00,-0.0015290523
2025-07-02 10:00:00,0.0038182559
2025-07-02 11:00:00,-0.0022892036
2025-07-02 12:00:00,-0.0038270234
2025-07-02 13:00:00,0.0038270234
2025-07-02 14:00:00,0.0098822545
2025-07-02 15:00:00,0.0112825567
2025-07-02 16:00:00,0.0221902596
2025-07-02 17:00:00,-0.00366435
2025-07-02 18:00:00,0.0094995234
2025-07-02 19:00:00,0.0021794415
2025-07-02 20:00:00,-0.0029069788
2025-07-02 21:00:00,-0.0014566645
2025-07-02 22:00:00,-0.0007291287
2025-07-02 23:00:00,-0.0110012111
2025-07-03 00:00:00,-0.0007377352
2025-07-03 01:00:00,0.0029476808
2025-07-03 02:00:00,-0.0088692377
2025-07-03 03:00:00,0.0014836798
2025-07-03 04:00:00,0.0051756123
2025-07-03 05:00:00,0.0160939831
2025-07-03 06:00:00,0.0014503266
2025-07-03 07:00:00,0.0065005646
2025-07-03 08:00:00,-0.002162163
2025-07-03 09:00:00,0.0043196611
2025-07-03 10:00:00,-0.0050414223
2025-07-03 11:00:00,-0.0021684143
2025-07-03 12:00:00,0.0
2025-07-03 13:00:00,0.010079279
2025-07-03 14:00:00,-0.0122524055
2025-07-03 15:00:00,-0.0131388751
2025-07-03 16:00:00,0.0058608226
2025-07-03 17:00:00,0.002188983
2025-07-03 18:00:00,0.0021842018
2025-07-03 19:00:00,-0.0029133305
2025-07-03 20:00:00,0.0043668192
2025-07-03 21:00:00,-0.002909093
2025-07-03 22:00:00,-0.0021873869
2025-07-03 23:00:00,-0.0014609206
2025-07-04 00:00:00,-0.0014630581
2025-07-04 01:00:00,0.0043827682
2025-07-04 02:00:00,-0.0095203941
2025-07-04 03:00:00,0.0
2025-07-04 04:00:00,-0.004424786
2025-07-04 05:00:00,0.0007388253
2025-07-04 06:00:00,-0.0036995973
2025-07-04 07:00:00,-0.0074405105
2025-07-04 08:00:00,0.0
2025-07-04 09:00:00,0.0052141645
2025-07-04 10:00:00,-0.0082059394
2025-07-04 11:00:00,0.0014970063
2025-07-04 12:00:00,-0.0014970063
2025-07-04 13:00:00,-0.0060105365
2025-07-04 14:00:00,-0.0068053193
2025-07-04 15:00:00,-0.0060882989
2025-07-04 16:00:00,-0.0030581064
2025-07-04 17:00:00,0.0038211739
2025-07-04 18:00:00,-0.0030557701
2025-07-04 19:00:00,-0.0022979711
2025-07-04 20:00:00,0.0007665773
2025-07-04 21:00:00,0.0038240964
2025-07-04 22:00:00,0.0106303203
2025-07-04 23:00:00,-0.0060606246
2025-07-05 00:00:00,0.0037921926
2025-07-05 01:00:00,-0.0037921926
2025-07-05 02:00:00,0.0
2025-07-05 03:00:00,0.0037921926
2025-07-05 04:00:00,-0.0007572889
2025-07-05 05:00:00,-0.0007578629
2025-07-05 06:00:00,0.0045385857
2025-07-05 07:00:00,-0.002266718
2025-07-05 08:00:00,-0.0045489085
2025-07-05 09:00:00,0.0015186032
2025-07-05 10:00:00,0.0007584377
2025-07-05 11:00:00,0.005293018
2025-07-05 12:00:00,-0.0045351552
2025-07-05 13:00:00,-0.003795071
2025-07-05 14:00:00,0.0030372081
2025-07-05 15:00:00,-0.0037979537
2025-07-05 16:00:00,-0.0007613247
2025-07-05 17:00:00,-0.0015243905
2025-07-05 18:00:00,-0.0061209066
2025-07-05 19:00:00,0.0030651365
2025-07-05 20:00:00,0.0083810014
2025-07-05 21:00:00,0.0015163005
2025-07-05 22:00:00,0.0052890188
2025-07-05 23:00:00,-0.0030188702
2025-07-06 00:00:00,0.0
2025-07-06 01:00:00,-0.0015128596
2025-07-06 02:00:00,-0.0022735895
2025-07-06 03:00:00,0.0
2025-07-06 04:00:00,0.0007584377
2025-07-06 05:00:00,-0.0022770408
2025-07-06 06:00:00,0.0037921926
2025-07-06 07:00:00,-0.0037921926
2025-07-06 08:00:00,0.0015186032
2025-07-06 09:00:00,-0.003039516
2025-07-06 10:00:00,0.003039516
2025-07-06 11:00:00,0.0015163005
2025-07-06 12:00:00,0.0045351552
2025-07-06 13:00:00,0.0134833503
2025-07-06 14:00:00,-0.0029806281
2025-07-06 15:00:00,0.0022363036
2025-07-06 16:00:00,0.0051986749
2025-07-06 17:00:00,-0.0037105794
2025-07-06 18:00:00,-0.0082120656
2025-07-06 19:00:00,0.0037411192
2025-07-06 20:00:00,0.0037271754
2025-07-06 21:00:00,0.0110988931
2025-07-06 22:00:00,0.0007355646
2025-07-06 23:00:00,-0.0081211225
2025-07-07 00:00:00,-0.002226346
2025-07-07 01:00:00,0.0007426662
2025-07-07 02:00:00,0.012541662
2025-07-07 03:00:00,-0.0058823699
2025-07-07 04:00:00,0.0
2025-07-07 05:00:00,-0.0022148403
2025-07-07 06:00:00,0.01102547
2025-07-07 07:00:00,-0.0051300955
2025-07-07 08:00:00,0.0022018358
2025-07-07 09:00:00,-0.0044085303
2025-07-07 10:00:00,-0.0022115748
2025-07-07 11:00:00,0.0029476808
2025-07-07 12:00:00,-0.0081271227
2025-07-07 13:00:00,0.0139965453
2025-07-07 14:00:00,-0.0132549805
2025-07-07 15:00:00,0.002960772
2025-07-07 16:00:00,-0.0104012825
2025-07-07 17:00:00,0.0
2025-07-07 18:00:00,0.0022379718
2025-07-07 19:00:00,0.0029761927
2025-07-07 20:00:00,-0.0104556591
2025-07-07 21:00:00,0.0059880418
2025-07-07 22:00:00,-0.0029895388
2025-07-07 23:00:00,0.0052258424
2025-07-08 00:00:00,-0.0059746257
2025-07-08 01:00:00,-0.0075188324
2025-07-08 02:00:00,-0.0007550019
2025-07-08 03:00:00,0.0007550019
2025-07-08 04:00:00,0.0007544323
2025-07-08 05:00:00,0.0037636476
2025-07-08 06:00:00,0.0015015018
2025-07-08 07:00:00,0.0014992507
2025-07-08 08:00:00,-0.0052572408
2025-07-08 09:00:00,0.0022564884
2025-07-08 10:00:00,0.0082304991
2025-07-08 11:00:00,0.0052025387
2025-07-08 12:00:00,0.0059128036
2025-07-08 13:00:00,0.0051451786
2025-07-08 14:00:00,-0.0147713173
2025-07-08 15:00:00,0.0029717704
2025-07-08 16:00:00,0.0073910166
2025-07-08 17:00:00,0.0153455697
2025-07-08 18:00:00,0.010101096
2025-07-08 19:00:00,-0.0007181329
2025-07-08 20:00:00,-0.0072098366
2025-07-08 21:00:00,0.0043321367
2025-07-08 22:00:00,0.0043134503
2025-07-08 23:00:00,0.0021497679
2025-07-09 00:00:00,-0.0035855184
2025-07-09 01:00:00,-0.0043196611
2025-07-09 02:00:00,0.002162163
2025-07-09 03:00:00,-0.0028839241
2025-07-09 04:00:00,0.0050414223
2025-07-09 05:00:00,0.0114286958
2025-07-09 06:00:00,0.0028368813
2025-07-09 07:00:00,0.0014154284
2025-07-09 08:00:00,-0.0035423346
2025-07-09 09:00:00,-0.0035549273
2025-07-09 10:00:00,-0.0021390382
2025-07-09 11:00:00,0.0021390382
2025-07-09 12:00:00,0.0056818335
2025-07-09 13:00:00,-0.0049698363
2025-07-09 14:00:00,-0.0021375142
2025-07-09 15:00:00,0.0
2025-07-09 16:00:00,0.0007130125
2025-07-09 17:00:00,-0.0057183858
2025-07-09 18:00:00,0.0071428875
2025-07-09 19:00:00,0.0155370357
2025-07-09 20:00:00,-0.0063269104
2025-07-09 21:00:00,0.0091260725
2025-07-09 22:00:00,-0.0013986016
2025-07-09 23:00:00,-0.0028030852
2025-07-10 00:00:00,-0.0063358184
2025-07-10 01:00:00,0.0084388686
2025-07-10 02:00:00,0.0034952849
2025-07-10 03:00:00,-0.0020957046
2025-07-10 04:00:00,0.0027932979
2025-07-10 05:00:00,-0.0013956736
2025-07-10 06:00:00,-0.0020971696
2025-07-10 07:00:00,0.0083624181
2025-07-10 08:00:00,0.0027720045
2025-07-10 09:00:00,-0.0055517145
2025-07-10 10:00:00,0.0020855065
2025-07-10 11:00:00,-0.0041753714
2025-07-10 12:00:00,-0.0020942416
2025-07-10 13:00:00,-0.0013986016
2025-07-10 14:00:00,0.0020971696
2025-07-10 15:00:00,0.0013956736
2025-07-10 16:00:00,0.0131626424
2025-07-10 17:00:00,0.0116320162
2025-07-10 18:00:00,-0.0047732788
2025-07-10 19:00:00,0.0013661204
2025-07-10 20:00:00,0.0095109413
2025-07-10 21:00:00,0.0253685166
2025-07-10 22:00:00,0.0091864163
2025-07-10 23:00:00,-0.0026160904
2025-07-11 00:00:00,-0.0085498712
2025-07-11 01:00:00,0.0118189163
2025-07-11 02:00:00,0.0045587835
2025-07-11 03:00:00,-0.0019512201
2025-07-11 04:00:00,0.0064893154
2025-07-11 05:00:00,0.0019386113
2025-07-11 06:00:00,-0.012341826
2025-07-11 07:00:00,0.0
2025-07-11 08:00:00,0.0019588645
2025-07-11 09:00:00,0.0090909717
2025-07-11 10:00:00,0.0019373593
2025-07-11 11:00:00,-0.0038784793
2025-07-11 12:00:00,0.0077419742
2025-07-11 13:00:00,0.008320048
2025-07-11 14:00:00,0.0044515177
2025-07-11 15:00:00,-0.0179262163
2025-07-11 16:00:00,0.0070808149
2025-07-11 17:00:00,0.0121136323
2025-07-11 18:00:00,-0.001268231
2025-07-11 19:00:00,0.0019017438
2025-07-11 20:00:00,-0.0153161896
2025-07-11 21:00:00,-0.0090439893
2025-07-11 22:00:00,-0.0130635431
2025-07-11 23:00:00,0.0065531034
2025-07-12 00:00:00,-0.0111659617
2025-07-12 01:00:00,0.0150773095
2025-07-12 02:00:00,0.0025990918
2025-07-12 03:00:00,-0.0032499216
2025-07-12 04:00:00,-0.0091563753
2025-07-12 05:00:00,0.0006568145
2025-07-12 06:00:00,0.0045856615
2025-07-12 07:00:00,-0.0045856615
2025-07-12 08:00:00,0.0013123361
2025-07-12 09:00:00,0.0104371463
2025-07-12 10:00:00,-0.0045528534
2025-07-12 11:00:00,-0.0045736767
2025-07-12 12:00:00,-0.0151768007
2025-07-12 13:00:00,0.0
2025-07-12 14:00:00,-0.0060020187
2025-07-12 15:00:00,-0.0080591437
2025-07-12 16:00:00,0.0040376905
2025-07-12 17:00:00,0.0106881445
2025-07-12 18:00:00,-0.0019953449
2025-07-12 19:00:00,0.0013306722
2025-07-12 20:00:00,-0.011367558
2025-07-12 21:00:00,0.0107024433
2025-07-12 22:00:00,0.0006651148
2025-07-12 23:00:00,0.0046434578
2025-07-13 00:00:00,0.0026437557
2025-07-13 01:00:00,0.00197824
2025-07-13 02:00:00,-0.0013183918
2025-07-13 03:00:00,-0.0013201322
2025-07-13 04:00:00,0.0059269189
2025-07-13 05:00:00,-0.0059269189
2025-07-13 06:00:00,0.007239255
2025-07-13 07:00:00,0.0078380545
2025-07-13 08:00:00,0.0019499519
2025-07-13 09:00:00,-0.0071684895
2025-07-13 10:00:00,-0.0006542362
2025-07-13 11:00:00,0.0084718656
2025-07-13 12:00:00,0.0045322188
2025-07-13 13:00:00,0.0083628664
2025-07-13 14:00:00,0.0089286307
2025-07-13 15:00:00,-0.002542913
2025-07-13 16:00:00,-0.0083094118
2025-07-13 17:00:00,0.0140218996
2025-07-13 18:00:00,0.0044205945
2025-07-13 19:00:00,-0.0031555722
2025-07-13 20:00:00,0.0031555722
2025-07-13 21:00:00,-0.0139596176
2025-07-13 22:00:00,-0.0032000027
2025-07-13 23:00:00,0.0032000027
2025-07-14 00:00:00,0.0019150979
2025-07-14 01:00:00,0.0019114373
2025-07-14 02:00:00,0.0095027639
2025-07-14 03:00:00,0.0175004466
2025-07-14 04:00:00,0.0080222584
2025-07-14 05:00:00,-0.0142373188
2025-07-14 06:00:00,-0.0031220756
2025-07-14 07:00:00,0.0118123848
2025-07-14 08:00:00,-0.0074442031
2025-07-14 09:00:00,0.0037290286
2025-07-14 10:00:00,0.0111043707
2025-07-14 11:00:00,-0.003072199
2025-07-14 12:00:00,0.0061349886
2025-07-14 13:00:00,0.0006114338
2025-07-14 14:00:00,-0.0116816576
2025-07-14 15:00:00,-0.0143260002
2025-07-14 16:00:00,0.0099875986
2025-07-14 17:00:00,-0.0143887375
2025-07-14 18:00:00,-0.0075901693
2025-07-14 19:00:00,0.0
2025-07-14 20:00:00,0.0063291351
2025-07-14 21:00:00,-0.0037926721
2025-07-14 22:00:00,0.0025300456
2025-07-14 23:00:00,-0.0050665086
2025-07-15 00:00:00,-0.0082882209
2025-07-15 01:00:00,0.0
2025-07-15 02:00:00,-0.0090032762
2025-07-15 03:00:00,-0.0123498482
2025-07-15 04:00:00,0.0065189279
2025-07-15 05:00:00,-0.0019512201
2025-07-15 06:00:00,0.0058422756
2025-07-15 07:00:00,-0.0006474587
2025-07-15 08:00:00,-0.004543987
2025-07-15 09:00:00,0.0013003903
2025-07-15 10:00:00,0.0006495616
2025-07-15 11:00:00,-0.0019499519
2025-07-15 12:00:00,0.006485107
2025-07-15 13:00:00,0.012207026
2025-07-15 14:00:00,-0.0298142627
2025-07-15 15:00:00,0.0246926126
2025-07-15 16:00:00,0.0070355263
2025-07-15 17:00:00,0.0276573254
2025-07-15 18:00:00,-0.0162503576
2025-07-15 19:00:00,-0.0158783901
2025-07-15 20:00:00,0.0057453079
2025-07-15 21:00:00,0.0107630036
2025-07-15 22:00:00,0.0006295247
2025-07-15 23:00:00,0.0143707565
2025-07-16 00:00:00,0.0049505052
2025-07-16 01:00:00,-0.0030911926
2025-07-16 02:00:00,-0.0137159257
2025-07-16 03:00:00,0.0
2025-07-16 04:00:00,0.0012547053
2025-07-16 05:00:00,0.0056267732
2025-07-16 06:00:00,0.0049751346
2025-07-16 07:00:00,0.0129431699
2025-07-16 08:00:00,0.0073215702
2025-07-16 09:00:00,0.0030349037
2025-07-16 10:00:00,0.0030257209
2025-07-16 11:00:00,-0.009104767
2025-07-16 12:00:00,0.0048661897
2025-07-16 13:00:00,0.005446307
2025-07-16 14:00:00,0.0131896397
2025-07-16 15:00:00,-0.0101766817
2025-07-16 16:00:00,0.010772097
2025-07-16 17:00:00,0.0071174678
2025-07-16 18:00:00,-0.005333346
2025-07-16 19:00:00,0.0005940006
2025-07-16 20:00:00,0.0
2025-07-16 21:00:00,0.002964722
2025-07-16 22:00:00,-0.0113130114
2025-07-16 23:00:00,-0.0011983225
2025-07-17 00:00:00,0.0011983225
2025-07-17 01:00:00,-0.0138681752
2025-07-17 02:00:00,0.0042411454
2025-07-17 03:00:00,-0.0066727575
2025-07-17 04:00:00,0.0078812169
2025-07-17 05:00:00,0.0084185705
2025-07-17 06:00:00,0.0113130114
2025-07-17 07:00:00,0.0070796756
2025-07-17 08:00:00,0.0029351357
2025-07-17 09:00:00,0.0110756014
2025-07-17 10:00:00,-0.0040662269
2025-07-17 11:00:00,-0.0052524194
2025-07-17 12:00:00,0.010477395
2025-07-17 13:00:00,-0.0110627038
2025-07-17 14:00:00,0.0005853088
2025-07-17 15:00:00,0.0052524194
2025-07-17 16:00:00,-0.0134780827
2025-07-17 17:00:00,0.0099795369
2025-07-17 18:00:00,0.0029163042
2025-07-17 19:00:00,-0.0058411381
2025-07-17 20:00:00,-0.0052863559
2025-07-17 21:00:00,0.0134544293
2025-07-17 22:00:00,0.025811585
2025-07-17 23:00:00,0.020734842
2025-07-18 00:00:00,0.0197700014
2025-07-18 01:00:00,0.0145751568
2025-07-18 02:00:00,-0.0069911551
2025-07-18 03:00:00,0.0112692365
2025-07-18 04:00:00,0.0095592868
2025-07-18 05:00:00,0.010515344
2025-07-18 06:00:00,-0.0099869424
2025-07-18 07:00:00,-0.0224368386
2025-07-18 08:00:00,0.0043126751
2025-07-18 09:00:00,-0.0026932416
2025-07-18 10:00:00,0.0005392289
2025-07-18 11:00:00,-0.0113853222
2025-07-18 12:00:00,0.0124629085
2025-07-18 13:00:00,-0.000538648
2025-07-18 14:00:00,-0.014654265
2025-07-18 15:00:00,-0.0198791748
2025-07-18 16:00:00,0.0011148273
2025-07-18 17:00:00,0.0094261857
2025-07-18 18:00:00,-0.0166948786
2025-07-18 19:00:00,-0.0056274769
2025-07-18 20:00:00,-0.0073633864
2025-07-18 21:00:00,0.0090549572
2025-07-18 22:00:00,-0.0016915707
2025-07-18 23:00:00,0.007309563
2025-07-19 00:00:00,-0.0101352219
2025-07-19 01:00:00,0.0162787765
2025-07-19 02:00:00,0.0049986219
2025-07-19 03:00:00,0.0082759093
2025-07-19 04:00:00,-0.0022002209
2025-07-19 05:00:00,-0.0060756884
2025-07-19 06:00:00,-0.0011086476
2025-07-19 07:00:00,-0.0022209893
2025-07-19 08:00:00,-0.0083729208
2025-07-19 09:00:00,0.0055897295
2025-07-19 10:00:00,-0.0022321438
2025-07-19 11:00:00,-0.0101067677
2025-07-19 12:00:00,0.007309563
2025-07-19 13:00:00,-0.0078740564
2025-07-19 14:00:00,-0.0050948313
2025-07-19 15:00:00,0.0179982361
2025-07-19 16:00:00,0.007220248
2025-07-19 17:00:00,0.0005532504
2025-07-19 18:00:00,0.0055157338
2025-07-19 19:00:00,0.0098522964
2025-07-19 20:00:00,0.0016326534
2025-07-19 21:00:00,-0.0076419586
2025-07-19 22:00:00,0.0005477951
2025-07-19 23:00:00,0.0087241557
2025-07-20 00:00:00,0.0005427409
2025-07-20 01:00:00,0.0043313549
2025-07-20 02:00:00,0.0010799137
2025-07-20 03:00:00,0.0096671
2025-07-20 04:00:00,0.0021356121
2025-07-20 05:00:00,-0.001067236
2025-07-20 06:00:00,-0.0064274458
2025-07-20 07:00:00,0.0106895727
2025-07-20 08:00:00,0.0158231149
2025-07-20 09:00:00,0.0196897553
2025-07-20 10:00:00,-0.0061760361
2025-07-20 11:00:00,0.0015475887
2025-07-20 12:00:00,-0.0056862392
2025-07-20 13:00:00,0.0113403277
2025-07-20 14:00:00,-0.0030800846
2025-07-20 15:00:00,0.0127715657
2025-07-20 16:00:00,0.0010147134
2025-07-20 17:00:00,-0.0179078718
2025-07-20 18:00:00,-0.0015499874
2025-07-20 19:00:00,0.0066993294
2025-07-20 20:00:00,-0.005149342
2025-07-20 21:00:00,0.0046355993
2025-07-20 22:00:00,-0.0067027835
2025-07-20 23:00:00,-0.002590004
2025-07-21 00:00:00,-0.0036373124
2025-07-21 01:00:00,0.0088106297
2025-07-21 02:00:00,0.0005158628
2025-07-21 03:00:00,0.0102617627
2025-07-21 04:00:00,-0.0046047664
2025-07-21 05:00:00,0.0046047664
2025-07-21 06:00:00,0.0081342594
2025-07-21 07:00:00,-0.0005064573
2025-07-21 08:00:00,0.0045489085
2025-07-21 09:00:00,-0.0081013101
2025-07-21 10:00:00,0.0260927999
2025-07-21 11:00:00,-0.0054631375
2025-07-21 12:00:00,-0.0029925209
2025-07-21 13:00:00,0.0004993758
2025-07-21 14:00:00,0.0034886654
2025-07-21 15:00:00,-0.0150378774
2025-07-21 16:00:00,-0.0116841563
2025-07-21 17:00:00,0.0030612269
2025-07-21 18:00:00,-0.0112706111
2025-07-21 19:00:00,-0.0072389148
2025-07-21 20:00:00,0.0015556135
2025-07-21 21:00:00,0.0077419742
2025-07-21 22:00:00,0.0046165766
2025-07-21 23:00:00,-0.002049181
2025-07-22 00:00:00,-0.0082389755
2025-07-22 01:00:00,0.0235064477
2025-07-22 02:00:00,-0.0152674721
2025-07-22 03:00:00,0.0015372793
2025-07-22 04:00:00,-0.0343783855
2025-07-22 05:00:00,0.0110673066
2025-07-22 06:00:00,0.0015710922
2025-07-22 07:00:00,-0.00261986
2025-07-22 08:00:00,-0.0110789843
2025-07-22 09:00:00,0.0042350513
2025-07-22 10:00:00,0.0167630955
2025-07-22 11:00:00,-0.0010395011
2025-07-22 12:00:00,-0.0046911736
2025-07-22 13:00:00,-0.0099764545
2025-07-22 14:00:00,0.0224376749
2025-07-22 15:00:00,-0.0010325246
2025-07-22 16:00:00,0.0036091815
2025-07-22 17:00:00,-0.008268781
2025-07-22 18:00:00,0.0062079868
2025-07-22 19:00:00,-0.0166410496
2025-07-22 20:00:00,0.0171566465
2025-07-22 21:00:00,0.0041152321
2025-07-22 22:00:00,-0.0015412281
2025-07-22 23:00:00,0.0102302683
2025-07-23 00:00:00,-0.0056136917
2025-07-23 01:00:00,0.007139245
2025-07-23 02:00:00,-0.0040733254
2025-07-23 03:00:00,-0.0071684895
2025-07-23 04:00:00,0.0097162616
2025-07-23 05:00:00,-0.0076628727
2025-07-23 06:00:00,-0.0097913691
2025-07-23 07:00:00,-0.0077983239
2025-07-23 08:00:00,0.0
2025-07-23 09:00:00,-0.0094389794
2025-07-23 10:00:00,-0.0010542964
2025-07-23 11:00:00,-0.0026406142
2025-07-23 12:00:00,-0.0197603225
2025-07-23 13:00:00,-0.0256774555
2025-07-23 14:00:00,0.0126479552
2025-07-23 15:00:00,0.0108696722
2025-07-23 16:00:00,-0.028510703
2025-07-23 17:00:00,0.0
2025-07-23 18:00:00,0.0077562716
2025-07-23 19:00:00,-0.0066445427
2025-07-23 20:00:00,-0.005571045
2025-07-23 21:00:00,0.0044593162
2025-07-23 22:00:00,0.012161565
2025-07-23 23:00:00,-0.0005496016
2025-07-24 00:00:00,0.0103911244
2025-07-24 01:00:00,0.0021739139
2025-07-24 02:00:00,-0.006535971
2025-07-24 03:00:00,-0.0038324712
2025-07-24 04:00:00,-0.0132525407
2025-07-24 05:00:00,-0.0264729625
2025-07-24 06:00:00,-0.0074477571
2025-07-24 07:00:00,0.0154068668
2025-07-24 08:00:00,0.0134985177
2025-07-24 09:00:00,-0.0016773837
2025-07-24 10:00:00,-0.001680202
2025-07-24 11:00:00,0.0139161723
2025-07-24 12:00:00,-0.0038770472
2025-07-24 13:00:00,-0.0066815393
2025-07-24 14:00:00,0.0351298473
2025-07-24 15:00:00,-0.0032414939
2025-07-24 16:00:00,-0.0136204775
2025-07-24 17:00:00,0.0130792055
2025-07-24 18:00:00,0.0032432461
2025-07-24 19:00:00,-0.0103065735
2025-07-24 20:00:00,0.0038095284
2025-07-24 21:00:00,-0.0114724012
2025-07-24 22:00:00,-0.0027510334
2025-07-24 23:00:00,-0.0144286632
2025-07-25 00:00:00,-0.015207277
2025-07-25 01:00:00,0.0101638368
2025-07-25 02:00:00,-0.0181410871
2025-07-25 03:00:00,0.0
2025-07-25 04:00:00,0.0102448249
2025-07-25 05:00:00,-0.010817071
2025-07-25 06:00:00,0.0039988628
2025-07-25 07:00:00,-0.0039988628
2025-07-25 08:00:00,0.0079817984
2025-07-25 09:00:00,0.0241245921
2025-07-25 10:00:00,0.0066298585
2025-07-25 11:00:00,0.0087719861
2025-07-25 12:00:00,-0.0032804841
2025-07-25 13:00:00,-0.0060423145
2025-07-25 14:00:00,-0.0341865738
2025-07-25 15:00:00,0.0045506336
2025-07-25 16:00:00,0.0056593247
2025-07-25 17:00:00,-0.0056593247
2025-07-25 18:00:00,0.0073508954
2025-07-25 19:00:00,-0.0011273958
2025-07-25 20:00:00,0.0195482349
2025-07-25 21:00:00,0.0088106297
2025-07-25 22:00:00,0.003830374
2025-07-25 23:00:00,-0.0016397927
2025-07-26 00:00:00,-0.0005471956
2025-07-26 01:00:00,-0.0043883779
2025-07-26 02:00:00,0.0120220027
2025-07-26 03:00:00,-0.0043549334
2025-07-26 04:00:00,0.0010905126
2025-07-26 05:00:00,0.0
2025-07-26 06:00:00,-0.0054644945
2025-07-26 07:00:00,-0.0005480954
2025-07-26 08:00:00,0.0043763746
2025-07-26 09:00:00,0.0021810259
2025-07-26 10:00:00,0.0038053865
2025-07-26 11:00:00,-0.0081722057
2025-07-26 12:00:00,0.0016397927
2025-07-26 13:00:00,0.0032715405
2025-07-26 14:00:00,-0.0016344324
2025-07-26 15:00:00,0.0016344324
2025-07-26 16:00:00,0.0005442177
2025-07-26 17:00:00,-0.0043620571
2025-07-26 18:00:00,0.0097880064
2025-07-26 19:00:00,0.0048583092
2025-07-26 20:00:00,-0.0064830049
2025-07-26 21:00:00,-0.0010845988
2025-07-26 22:00:00,-0.0016291071
2025-07-26 23:00:00,-0.000543626
2025-07-27 00:00:00,0.0059636935
2025-07-27 01:00:00,0.0043150013
2025-07-27 02:00:00,0.0085745434
2025-07-27 03:00:00,-0.0021367529
2025-07-27 04:00:00,0.0095796369
2025-07-27 05:00:00,0.0042283361
2025-07-27 06:00:00,-0.0090066834
2025-07-27 07:00:00,-0.0015978698
2025-07-27 08:00:00,-0.0037383221
2025-07-27 09:00:00,-0.0053648197
2025-07-27 10:00:00,0.0197076951
2025-07-27 11:00:00,-0.0106045532
2025-07-27 12:00:00,0.0079639391
2025-07-27 13:00:00,-0.0068984089
2025-07-27 14:00:00,-0.0015987214
2025-07-27 15:00:00,0.0058495248
2025-07-27 16:00:00,0.0026476055
2025-07-27 17:00:00,0.0042216422
2025-07-27 18:00:00,0.0026295045
2025-07-27 19:00:00,-0.0005253481
2025-07-27 20:00:00,-0.0026308881
2025-07-27 21:00:00,0.0052548728
2025-07-27 22:00:00,0.0078308936
2025-07-27 23:00:00,-0.0005201561
2025-07-28 00:00:00,-0.0036486879
2025-07-28 01:00:00,-0.0104987841
2025-07-28 02:00:00,0.0120641379
2025-07-28 03:00:00,-0.002610286
2025-07-28 04:00:00,0.011434636
2025-07-28 05:00:00,0.0077220461
2025-07-28 06:00:00,-0.0041110027
2025-07-28 07:00:00,-0.0072351737
2025-07-28 08:00:00,-0.0025967296
2025-07-28 09:00:00,0.0015588468
2025-07-28 10:00:00,-0.0067726229
2025-07-28 11:00:00,-0.0020931457
2025-07-28 12:00:00,-0.0052521129
2025-07-28 13:00:00,-0.0121855812
2025-07-28 14:00:00,-0.0161207145
2025-07-28 15:00:00,-0.0032555645
2025-07-28 16:00:00,0.0005433306
2025-07-28 17:00:00,-0.0043549334
2025-07-28 18:00:00,-0.0065681681
2025-07-28 19:00:00,0.001097695
2025-07-28 20:00:00,-0.004949144
2025-07-28 21:00:00,-0.0011031441
2025-07-28 22:00:00,-0.0016570012
2025-07-28 23:00:00,0.0011049725
2025-07-29 00:00:00,0.0016551728
2025-07-29 01:00:00,-0.0049737599
2025-07-29 02:00:00,-0.0066703972
2025-07-29 03:00:00,0.0187850828
2025-07-29 04:00:00,-0.0082440698
2025-07-29 05:00:00,0.0082440698
2025-07-29 06:00:00,0.0054585288
2025-07-29 07:00:00,0.0102898281
2025-07-29 08:00:00,-0.0043196611
2025-07-29 09:00:00,-0.008695707
2025-07-29 10:00:00,-0.015956322
2025-07-29 11:00:00,0.0055309876
2025-07-29 12:00:00,0.0082395413
2025-07-29 13:00:00,-0.0132160514
2025-07-29 14:00:00,-0.0156427771
2025-07-29 15:00:00,-0.0022547924
2025-07-29 16:00:00,0.0005641749
2025-07-29 17:00:00,0.0061850071
2025-07-29 18:00:00,-0.0050576112
2025-07-29 19:00:00,-0.0028208763
2025-07-29 20:00:00,-0.0022624444
2025-07-29 21:00:00,0.010701313
2025-07-29 22:00:00,-0.0016820862
2025-07-29 23:00:00,-0.002247192
2025-07-30 00:00:00,-0.0016887142
2025-07-30 01:00:00,0.0050576112
2025-07-30 02:00:00,0.0022396426
2025-07-30 03:00:00,-0.0022396426
2025-07-30 04:00:00,-0.0061850071
2025-07-30 05:00:00,0.0022535221
2025-07-30 06:00:00,0.0022484551
2025-07-30 07:00:00,-0.0067605891
2025-07-30 08:00:00,0.0050747219
2025-07-30 09:00:00,-0.0124506419
2025-07-30 10:00:00,-0.0062839396
2025-07-30 11:00:00,-0.0080552795
2025-07-30 12:00:00,0.0046109592
2025-07-30 13:00:00,0.0017236431
2025-07-30 14:00:00,0.0136832238
2025-07-30 15:00:00,-0.0034032931
2025-07-30 16:00:00,0.0011357185
2025-07-30 17:00:00,0.0050948313
2025-07-30 18:00:00,-0.0251585596
2025-07-30 19:00:00,0.0109416583
2025-07-30 20:00:00,0.0045714365
2025-07-30 21:00:00,-0.0034266167
2025-07-30 22:00:00,0.0034266167
2025-07-30 23:00:00,0.0096454649
2025-07-31 00:00:00,0.0078740564
2025-07-31 01:00:00,-0.0022434109
2025-07-31 02:00:00,0.0094999317
2025-07-31 03:00:00,0.0038856557
2025-07-31 04:00:00,0.0005538632
2025-07-31 05:00:00,-0.0022172958
2025-07-31 06:00:00,0.0049820197
2025-07-31 07:00:00,-0.0049820197
2025-07-31 08:00:00,0.007739121
2025-07-31 09:00:00,0.0016506194
2025-07-31 10:00:00,-0.0049600543
2025-07-31 11:00:00,-0.0072082375
2025-07-31 12:00:00,-0.0061401253
2025-07-31 13:00:00,-0.0118277921
2025-07-31 14:00:00,-0.0154156635
2025-07-31 15:00:00,0.0080229657
2025-07-31 16:00:00,0.0124788914
2025-07-31 17:00:00,-0.0182030055
2025-07-31 18:00:00,-0.0005742176
2025-07-31 19:00:00,-0.0103927032
2025-07-31 20:00:00,-0.002906134
2025-07-31 21:00:00,-0.0023310034
2025-07-31 22:00:00,-0.0111470793
2025-07-31 23:00:00,-0.0017714796
2025-08-01 00:00:00,-0.0065224068
2025-08-01 01:00:00,0.0
2025-08-01 02:00:00,0.0077037418
2025-08-01 03:00:00,-0.0047337367
2025-08-01 04:00:00,-0.0059488575
2025-08-01 05:00:00,-0.0065848786
2025-08-01 06:00:00,0.0
2025-08-01 07:00:00,-0.001803427
2025-08-01 08:00:00,-0.0114978574
2025-08-01 09:00:00,-0.0018275972
2025-08-01 10:00:00,0.0048661897
2025-08-01 11:00:00,0.0072551709
2025-08-01 12:00:00,0.0048077016
2025-08-01 13:00:00,-0.0242730364
2025-08-01 14:00:00,0.0224728559
2025-08-01 15:00:00,-0.000600781
2025-08-01 16:00:00,-0.0127005033
2025-08-01 17:00:00,-0.0097860108
2025-08-01 18:00:00,0.0030684283
2025-08-01 19:00:00,0.0036697289
2025-08-01 20:00:00,-0.0055096558
2025-08-01 21:00:00,-0.0030740879
2025-08-01 22:00:00,-0.0236771185
2025-08-01 23:00:00,0.0143977448
2025-08-02 00:00:00,0.0074303747
2025-08-02 01:00:00,-0.0012345681
2025-08-02 02:00:00,0.0006174745
2025-08-02 03:00:00,-0.0006174745
2025-08-02 04:00:00,0.0024676138
2025-08-02 05:00:00,-0.0043223284
2025-08-02 06:00:00,-0.0162199439
2025-08-02 07:00:00,0.0143617829
2025-08-02 08:00:00,-0.0112220629
2025-08-02 09:00:00,0.0
2025-08-02 10:00:00,-0.0006271559
2025-08-02 11:00:00,0.0062539291
2025-08-02 12:00:00,-0.0012476608
2025-08-02 13:00:00,0.0031162381
2025-08-02 14:00:00,-0.0156792174
2025-08-02 15:00:00,-0.0025316469
2025-08-02 16:00:00,0.003795071
2025-08-02 17:00:00,-0.0146266519
2025-08-02 18:00:00,-0.0083628664
2025-08-02 19:00:00,0.0064391723
2025-08-02 20:00:00,0.0076726719
2025-08-02 21:00:00,0.0019090047
2025-08-02 22:00:00,0.0031735983
2025-08-02 23:00:00,-0.0082723984
2025-08-03 00:00:00,0.0082723984
2025-08-03 01:00:00,0.0
2025-08-03 02:00:00,0.0075757938
2025-08-03 03:00:00,0.0
2025-08-03 04:00:00,-0.0018885747
2025-08-03 05:00:00,0.0044011388
2025-08-03 06:00:00,-0.001883831
2025-08-03 07:00:00,0.0062656847
2025-08-03 08:00:00,0.0031181815
2025-08-03 09:00:00,0.0
2025-08-03 10:00:00,0.0043491836
2025-08-03 11:00:00,0.0037128756
2025-08-03 12:00:00,0.0
2025-08-03 13:00:00,-0.0006178561
2025-08-03 14:00:00,-0.001855862
2025-08-03 15:00:00,0.0055572851
2025-08-03 16:00:00,0.0043010819
2025-08-03 17:00:00,-0.0030703125
2025-08-03 18:00:00,-0.0006151953
2025-08-03 19:00:00,0.0006151953
2025-08-03 20:00:00,0.0006148171
2025-08-03 21:00:00,0.0030684283
2025-08-03 22:00:00,0.0
2025-08-03 23:00:00,-0.0012262417
2025-08-04 00:00:00,0.0200431854
2025-08-04 01:00:00,-0.009667749
2025-08-04 02:00:00,0.009667749
2025-08-04 03:00:00,-0.002408189
2025-08-04 04:00:00,-0.0030184146
2025-08-04 05:00:00,0.0
2025-08-04 06:00:00,0.0036210058
2025-08-04 07:00:00,0.0030075211
2025-08-04 08:00:00,-0.000600781
2025-08-04 09:00:00,-0.0018045118
2025-08-04 10:00:00,0.006002419
2025-08-04 11:00:00,-0.0078101929
2025-08-04 12:00:00,0.0042130667
2025-08-04 13:00:00,0.0107527918
2025-08-04 14:00:00,-0.0071556656
2025-08-04 15:00:00,0.0124890116
2025-08-04 16:00:00,0.0094118342
2025-08-04 17:00:00,-0.0052832527
2025-08-04 18:00:00,-0.0047197728
2025-08-04 19:00:00,-0.0041481541
2025-08-04 20:00:00,0.0094563352
2025-08-04 21:00:00,0.0046948443
2025-08-04 22:00:00,0.0046729057
2025-08-04 23:00:00,-0.0040875969
2025-08-05 00:00:00,-0.0023432934
2025-08-05 01:00:00,-0.0064725145
2025-08-05 02:00:00,0.0023584917
2025-08-05 03:00:00,-0.012444605
2025-08-05 04:00:00,-0.0023880608
2025-08-05 05:00:00,0.0077404376
2025-08-05 06:00:00,-0.0101342149
2025-08-05 07:00:00,-0.0102379696
2025-08-05 08:00:00,0.0030220633
2025-08-05 09:00:00,0.014380116
2025-08-05 10:00:00,0.0053396745
2025-08-05 11:00:00,-0.0017767254
2025-08-05 12:00:00,-0.0137274612
2025-08-05 13:00:00,0.0024009615
2025-08-05 14:00:00,-0.0187600055
2025-08-05 15:00:00,-0.0067422873
2025-08-05 16:00:00,0.0042958029
2025-08-05 17:00:00,0.0048869981
2025-08-05 18:00:00,-0.0042748157
2025-08-05 19:00:00,-0.0036787289
2025-08-05 20:00:00,0.0
2025-08-05 21:00:00,-0.0043090248
2025-08-05 22:00:00,0.0079877537
2025-08-05 23:00:00,0.002444989
2025-08-06 00:00:00,-0.0091996969
2025-08-06 01:00:00,0.0
2025-08-06 02:00:00,-0.0024676138
2025-08-06 03:00:00,-0.0055744957
2025-08-06 04:00:00,0.0024813909
2025-08-06 05:00:00,0.0171994412
2025-08-06 06:00:00,0.0
2025-08-06 07:00:00,0.0048602769
2025-08-06 08:00:00,-0.0072993025
2025-08-06 09:00:00,0.0036563112
2025-08-06 10:00:00,-0.0042669982
2025-08-06 11:00:00,0.0018309434
2025-08-06 12:00:00,-0.0073439743
2025-08-06 13:00:00,0.0079535445
2025-08-06 14:00:00,0.0157197917
2025-08-06 15:00:00,0.0077681896
2025-08-06 16:00:00,-0.0083682497
2025-08-06 17:00:00,0.0071770643
2025-08-06 18:00:00,0.0005957701
2025-08-06 19:00:00,-0.0005957701
2025-08-06 20:00:00,-0.002984186
2025-08-06 21:00:00,0.0
2025-08-06 22:00:00,0.0005975501
2025-08-06 23:00:00,-0.0035906681
2025-08-07 00:00:00,-0.0005997002
2025-08-07 01:00:00,-0.0012004803
2025-08-07 02:00:00,-0.0012019232
2025-08-07 03:00:00,-0.0018055978
2025-08-07 04:00:00,0.00240674
2025-08-07 05:00:00,0.0059916297
2025-08-07 06:00:00,0.0005971932
2025-08-07 07:00:00,0.0041703963
2025-08-07 08:00:00,0.0005943537
2025-08-07 09:00:00,0.0035587226
2025-08-07 10:00:00,0.0251401723
2025-08-07 11:00:00,0.0023068061
2025-08-07 12:00:00,0.0160003413
2025-08-07 13:00:00,0.0140728469
2025-08-07 14:00:00,-0.0169113388
2025-08-07 15:00:00,0.0135518731
2025-08-07 16:00:00,0.0061504248
2025-08-07 17:00:00,0.0027831913
2025-08-07 18:00:00,-0.002225933
2025-08-07 19:00:00,0.0193109449
2025-08-07 20:00:00,0.0103289856
2025-08-07 21:00:00,-0.0086909835
2025-08-07 22:00:00,0.0081500044
2025-08-07 23:00:00,0.0
2025-08-08 00:00:00,-0.0097880064
2025-08-08 01:00:00,0.006535971
2025-08-08 02:00:00,0.019355443
2025-08-08 03:00:00,0.022638503
2025-08-08 04:00:00,-0.0136270453
2025-08-08 05:00:00,-0.0068837974
2025-08-08 06:00:00,0.0231102722
2025-08-08 07:00:00,0.0036278869
2025-08-08 08:00:00,-0.0067480142
2025-08-08 09:00:00,0.0067480142
2025-08-08 10:00:00,0.003099176
2025-08-08 11:00:00,0.0056569963
2025-08-08 12:00:00,-0.0103093697
2025-08-08 13:00:00,0.0250716637
2025-08-08 14:00:00,-0.0188732968
2025-08-08 15:00:00,-0.0103520593
2025-08-08 16:00:00,-0.0052164959
2025-08-08 17:00:00,0.0186533906
2025-08-08 18:00:00,0.0040983664
2025-08-08 19:00:00,0.0091603694
2025-08-08 20:00:00,-0.0050787311
2025-08-08 21:00:00,0.0040650462
2025-08-08 22:00:00,0.0080808521
2025-08-08 23:00:00,0.0005028916
2025-08-09 00:00:00,0.003513178
2025-08-09 01:00:00,0.0188591197
2025-08-09 02:00:00,0.0131870043
2025-08-09 03:00:00,0.0130153681
2025-08-09 04:00:00,0.0066826024
2025-08-09 05:00:00,0.0113530075
2025-08-09 06:00:00,-0.019953156
2025-08-09 07:00:00,-0.0014405765
2025-08-09 08:00:00,-0.0019240025
2025-08-09 09:00:00,0.0133909222
2025-08-09 10:00:00,-0.0009505704
2025-08-09 11:00:00,-0.0071582267
2025-08-09 12:00:00,0.0052543708
2025-08-09 13:00:00,0.000952381
2025-08-09 14:00:00,0.0165214992
2025-08-09 15:00:00,-0.0141445074
2025-08-09 16:00:00,0.0047371003
2025-08-09 17:00:00,0.0009447332
2025-08-09 18:00:00,0.004240289
2025-08-09 19:00:00,-0.0018823535
2025-08-09 20:00:00,0.0107754615
2025-08-09 21:00:00,-0.0037348316
2025-08-09 22:00:00,0.0102374091
2025-08-09 23:00:00,0.0151622477
2025-08-10 00:00:00,-0.0022825849
2025-08-10 01:00:00,-0.0087216527
2025-08-10 02:00:00,-0.0143954192
2025-08-10 03:00:00,0.0051318051
2025-08-10 04:00:00,0.0279898979
2025-08-10 05:00:00,-0.0086344549
2025-08-10 06:00:00,0.0327750997
2025-08-10 07:00:00,-0.0336883418
2025-08-10 08:00:00,0.0063752493
2025-08-10 09:00:00,0.0027198566
2025-08-10 10:00:00,-0.0178127569
2025-08-10 11:00:00,-0.0060088001
2025-08-10 12:00:00,0.0013898543
2025-08-10 13:00:00,-0.0168071183
2025-08-10 14:00:00,0.0428538273
2025-08-10 15:00:00,0.0143307423
2025-08-10 16:00:00,-0.0049030631
2025-08-10 17:00:00,-0.0139484826
2025-08-10 18:00:00,0.0067735639
2025-08-10 19:00:00,-0.0022527606
2025-08-10 20:00:00,-0.009517407
2025-08-10 21:00:00,0.0
2025-08-10 22:00:00,0.0040899853
2025-08-10 23:00:00,0.0018124155
2025-08-11 00:00:00,-0.0086383806
2025-08-11 01:00:00,0.0077325834
2025-08-11 02:00:00,0.0121595734
2025-08-11 03:00:00,-0.0004477278
2025-08-11 04:00:00,0.0
2025-08-11 05:00:00,-0.0103534573
2025-08-11 06:00:00,0.0054151757
2025-08-11 07:00:00,-0.0117701676
2025-08-11 08:00:00,-0.0013670542
2025-08-11 09:00:00,-0.0105433019
2025-08-11 10:00:00,-0.0064725145
2025-08-11 11:00:00,-0.0135421168
2025-08-11 12:00:00,0.0042223849
2025-08-11 13:00:00,0.0194721034
2025-08-11 14:00:00,-0.005063302
2025-08-11 15:00:00,0.012838324
2025-08-11 16:00:00,-0.007775022
2025-08-11 17:00:00,-0.0022983232
2025-08-11 18:00:00,-0.0055376237
2025-08-11 19:00:00,-0.0107002649
2025-08-11 20:00:00,-0.0018726597
2025-08-11 21:00:00,-0.0117842514
2025-08-11 22:00:00,0.0018948371
2025-08-11 23:00:00,-0.0014207911
2025-08-12 00:00:00,0.0056710927
2025-08-12 01:00:00,0.0037629395
2025-08-12 02:00:00,0.0074836645
2025-08-12 03:00:00,-0.0032672141
2025-08-12 04:00:00,0.0079162229
2025-08-12 05:00:00,-0.0079162229
2025-08-12 06:00:00,0.0037330888
2025-08-12 07:00:00,0.0
2025-08-12 08:00:00,0.0018613314
2025-08-12 09:00:00,-0.0145167616
2025-08-12 10:00:00,0.004705891
2025-08-12 11:00:00,0.0
2025-08-12 12:00:00,0.0467760648
2025-08-12 13:00:00,0.015559327
2025-08-12 14:00:00,0.0269816194
2025-08-12 15:00:00,0.0308627328
2025-08-12 16:00:00,-0.0151009581
2025-08-12 17:00:00,0.0012671596
2025-08-12 18:00:00,-0.0131720621
2025-08-12 19:00:00,0.0004276246
2025-08-12 20:00:00,0.0118998429
2025-08-12 21:00:00,-0.0170434462
2025-08-12 22:00:00,0.0025751087
2025-08-12 23:00:00,0.0110828074
2025-08-13 00:00:00,-0.0046738985
2025-08-13 01:00:00,0.0059448158
2025-08-13 02:00:00,0.0226045623
2025-08-13 03:00:00,0.0143828245
2025-08-13 04:00:00,-0.010252294
2025-08-13 05:00:00,-0.0204046221
2025-08-13 06:00:00,-0.0127012715
2025-08-13 07:00:00,-0.0021326517
2025-08-13 08:00:00,0.0021326517
2025-08-13 09:00:00,0.0148025541
2025-08-13 10:00:00,0.0145866308
2025-08-13 11:00:00,0.0008271299
2025-08-13 12:00:00,-0.0221534661
2025-08-13 13:00:00,-0.0021155075
2025-08-13 14:00:00,-0.0063735079
2025-08-13 15:00:00,0.0042535156
2025-08-13 16:00:00,-0.0004245383
2025-08-13 17:00:00,0.0055049896
2025-08-13 18:00:00,0.0025305792
2025-08-13 19:00:00,0.0016835021
2025-08-13 20:00:00,0.0025199509
2025-08-13 21:00:00,0.0033500869
2025-08-13 22:00:00,-0.0012549677
2025-08-13 23:00:00,0.0037601883
2025-08-14 00:00:00,-0.0029233681
2025-08-14 01:00:00,0.0050062683
2025-08-14 02:00:00,0.0004160599
2025-08-14 03:00:00,0.0103456333
2025-08-14 04:00:00,-0.0153498139
2025-08-14 05:00:00,-0.0109290705
2025-08-14 06:00:00,0.0100926004
2025-08-14 07:00:00,-0.0147526385
2025-08-14 08:00:00,-0.0093857344
2025-08-14 09:00:00,0.016156814
2025-08-14 10:00:00,-0.0131608777
2025-08-14 11:00:00,-0.0021390382
2025-08-14 12:00:00,-0.0424292812
2025-08-14 13:00:00,0.0177152551
2025-08-14 14:00:00,0.0096112579
2025-08-14 15:00:00,-0.0082951796
2025-08-14 16:00:00,-0.012795233
2025-08-14 17:00:00,-0.0102656559
2025-08-14 18:00:00,0.0026881737
2025-08-14 19:00:00,0.0026809668
2025-08-14 20:00:00,-0.0062668065
2025-08-14 21:00:00,-0.0063063272
2025-08-14 22:00:00,0.0116802765
2025-08-14 23:00:00,0.0035666556
2025-08-15 00:00:00,-0.0089406049
2025-08-15 01:00:00,0.0049272216
2025-08-15 02:00:00,0.0031229113
2025-08-15 03:00:00,0.0189725523
2025-08-15 04:00:00,-0.0163035116
2025-08-15 05:00:00,0.0180502369
2025-08-15 06:00:00,-0.0039344313
2025-08-15 07:00:00,-0.0105681301
2025-08-15 08:00:00,-0.0039920213
2025-08-15 09:00:00,-0.0071365156
2025-08-15 10:00:00,-0.004036785
2025-08-15 11:00:00,0.0004493372
2025-08-15 12:00:00,0.00313972
2025-08-15 13:00:00,-0.0044883379
2025-08-15 14:00:00,-0.0122201113
2025-08-15 15:00:00,-0.0160664461
2025-08-15 16:00:00,0.006457587
2025-08-15 17:00:00,-0.0009199633
2025-08-15 18:00:00,-0.0087821225
2025-08-15 19:00:00,-0.0037209345
2025-08-15 20:00:00,0.0083527168
2025-08-15 21:00:00,0.0018467226
2025-08-15 22:00:00,0.0128324401
2025-08-15 23:00:00,-0.0073126468
2025-08-16 00:00:00,0.0159275267
2025-08-16 01:00:00,-0.0067950431
2025-08-16 02:00:00,-0.0054694758
2025-08-16 03:00:00,-0.0027459971
2025-08-16 04:00:00,0.0018315023
2025-08-16 05:00:00,-0.0073462222
2025-08-16 06:00:00,-0.0004609357
2025-08-16 07:00:00,0.0160076594
2025-08-16 08:00:00,-0.0072860067
2025-08-16 09:00:00,-0.015197161
2025-08-16 10:00:00,-0.0009285052
2025-08-16 11:00:00,-0.0032565742
2025-08-16 12:00:00,0.0088147172
2025-08-16 13:00:00,0.0027675294
2025-08-16 14:00:00,0.0119049025
2025-08-16 15:00:00,0.0022732449
2025-08-16 16:00:00,0.0049830228
2025-08-16 17:00:00,-0.0045289932
2025-08-16 18:00:00,0.0184399198
2025-08-16 19:00:00,0.0124005132
2025-08-16 20:00:00,0.0026373642
2025-08-16 21:00:00,-0.0079330517
2025-08-16 22:00:00,0.0052956876
2025-08-16 23:00:00,-0.0030857419
2025-08-17 00:00:00,-0.0022099457
2025-08-17 01:00:00,-0.0071048256
2025-08-17 02:00:00,0.0185435777
2025-08-17 03:00:00,0.023347364
2025-08-17 04:00:00,0.035680595
2025-08-17 05:00:00,0.006576267
2025-08-17 06:00:00,-0.0127810439
2025-08-17 07:00:00,0.0082645098
2025-08-17 08:00:00,0.015921953
2025-08-17 09:00:00,0.0004049403
2025-08-17 10:00:00,0.0016181233
2025-08-17 11:00:00,-0.001213347
2025-08-17 12:00:00,-0.0060889167
2025-08-17 13:00:00,0.0089177729
2025-08-17 14:00:00,0.0341167559
2025-08-17 15:00:00,0.025795463
2025-08-17 16:00:00,-0.0153201005
2025-08-17 17:00:00,0.0026980167
2025-08-17 18:00:00,-0.0120040164
2025-08-17 19:00:00,-0.0097867291
2025-08-17 20:00:00,0.0093970934
2025-08-17 21:00:00,-0.0035135699
2025-08-17 22:00:00,0.0081792082
2025-08-17 23:00:00,-0.0050554259
2025-08-18 00:00:00,0.0162416563
2025-08-18 01:00:00,-0.0123506008
2025-08-18 02:00:00,-0.0371878294
2025-08-18 03:00:00,0.0120193755
2025-08-18 04:00:00,-0.0108109161
2025-08-18 05:00:00,-0.0040338901
2025-08-18 06:00:00,-0.0109734895
2025-08-18 07:00:00,0.0117815704
2025-08-18 08:00:00,-0.0064830049
2025-08-18 09:00:00,0.0149286614
2025-08-18 10:00:00,-0.0036108364
2025-08-18 11:00:00,-0.0129451646
2025-08-18 12:00:00,0.0434244683
2025-08-18 13:00:00,-0.0224728559
2025-08-18 14:00:00,0.0051700254
2025-08-18 15:00:00,0.0079020561
2025-08-18 16:00:00,-0.017467693
2025-08-18 17:00:00,0.0103586584
2025-08-18 18:00:00,0.0153395338
2025-08-18 19:00:00,-0.0031274459
2025-08-18 20:00:00,-0.0114196949
2025-08-18 21:00:00,0.021935858
2025-08-18 22:00:00,0.018426625
2025-08-18 23:00:00,-0.0199776141
2025-08-19 00:00:00,-0.0066186732
2025-08-19 01:00:00,-0.0205216357
2025-08-19 02:00:00,-0.0100181162
2025-08-19 03:00:00,-0.0252868286
2025-08-19 04:00:00,-0.0016535762
2025-08-19 05:00:00,0.0045407715
2025-08-19 06:00:00,0.0073861641
2025-08-19 07:00:00,-0.0065627799
2025-08-19 08:00:00,-0.0061919702
2025-08-19 09:00:00,0.0086580627
2025-08-19 10:00:00,0.0012307694
2025-08-19 11:00:00,0.0138438693
2025-08-19 12:00:00,-0.0056772253
2025-08-19 13:00:00,0.0020312824
2025-08-19 14:00:00,-0.020500923
2025-08-19 15:00:00,0.0053708041
2025-08-19 16:00:00,-0.0120208701
2025-08-19 17:00:00,0.0033305609
2025-08-19 18:00:00,-0.0180336193
2025-08-19 19:00:00,0.0101053492
2025-08-19 20:00:00,0.0062643763
2025-08-19 21:00:00,-0.0029184928
2025-08-19 22:00:00,-0.0033458835
2025-08-19 23:00:00,-0.0130720816
2025-08-20 00:00:00,0.0164179651
2025-08-20 01:00:00,-0.0067029995
2025-08-20 02:00:00,-0.0063251318
2025-08-20 03:00:00,0.0159466241
2025-08-20 04:00:00,0.0214176226
2025-08-20 05:00:00,0.0028484251
2025-08-20 06:00:00,-0.0028484251
2025-08-20 07:00:00,-0.0049019706
2025-08-20 08:00:00,0.0270668917
2025-08-20 09:00:00,-0.008003244
2025-08-20 10:00:00,0.0099940868
2025-08-20 11:00:00,-0.0132134055
2025-08-20 12:00:00,0.0207426663
2025-08-20 13:00:00,-0.025996265
2025-08-20 14:00:00,0.0299363804
2025-08-20 15:00:00,0.0202420302
2025-08-20 16:00:00,-0.0190630165
2025-08-20 17:00:00,0.0198334325
2025-08-20 18:00:00,-0.0088958235
2025-08-20 19:00:00,0.015420506
2025-08-20 20:00:00,0.0041992808
2025-08-20 21:00:00,0.0121167707
2025-08-20 22:00:00,0.0045062036
2025-08-20 23:00:00,-0.0097892348
2025-08-21 00:00:00,0.0022675747
2025-08-21 01:00:00,-0.0060583298
2025-08-21 02:00:00,-0.0149227946
2025-08-21 03:00:00,-0.005411687
2025-08-21 04:00:00,-0.0027168656
2025-08-21 05:00:00,0.0027168656
2025-08-21 06:00:00,-0.0073915917
2025-08-21 07:00:00,0.0035080917
2025-08-21 08:00:00,-0.0003891808
2025-08-21 09:00:00,0.0162165716
2025-08-21 10:00:00,-0.0046065341
2025-08-21 11:00:00,0.0065196779
2025-08-21 12:00:00,-0.0146325291
2025-08-21 13:00:00,0.0003878224
2025-08-21 14:00:00,-0.0058331878
2025-08-21 15:00:00,-0.0224817199
2025-08-21 16:00:00,-0.0068041087
2025-08-21 17:00:00,-0.0020100509
2025-08-21 18:00:00,0.0072173529
2025-08-21 19:00:00,-0.0044044115
2025-08-21 20:00:00,0.0032051309
2025-08-21 21:00:00,-0.0052135671
2025-08-21 22:00:00,0.0032115644
2025-08-21 23:00:00,-0.0056270245
2025-08-22 00:00:00,0.0036210058
2025-08-22 01:00:00,-0.0048309273
2025-08-22 02:00:00,0.0004034698
2025-08-22 03:00:00,-0.0064751339
2025-08-22 04:00:00,0.0036474205
2025-08-22 05:00:00,0.0044399669
2025-08-22 06:00:00,0.0
2025-08-22 07:00:00,0.0084219467
2025-08-22 08:00:00,-0.0023990415
2025-08-22 09:00:00,-0.0024048108
2025-08-22 10:00:00,-0.0100827634
2025-08-22 11:00:00,-0.0138777737
2025-08-22 12:00:00,0.0036923119
2025-08-22 13:00:00,0.0109958347
2025-08-22 14:00:00,0.0566857762
2025-08-22 15:00:00,0.0121720788
2025-08-22 16:00:00,0.035651752
2025-08-22 17:00:00,-0.0143305778
2025-08-22 18:00:00,-0.0014814818
2025-08-22 19:00:00,0.0081211225
2025-08-22 20:00:00,-0.0058997221
2025-08-22 21:00:00,-0.0033339538
2025-08-22 22:00:00,-0.0108189826
2025-08-22 23:00:00,0.0048643688
2025-08-23 00:00:00,-0.0089989359
2025-08-23 01:00:00,-0.0079410514
2025-08-23 02:00:00,-0.0099199593
2025-08-23 03:00:00,-0.0061538656
2025-08-23 04:00:00,0.0073035112
2025-08-23 05:00:00,0.0030592758
2025-08-23 06:00:00,-0.0076658099
2025-08-23 07:00:00,-0.0050144753
2025-08-23 08:00:00,-0.0058173521
2025-08-23 09:00:00,0.0054305797
2025-08-23 10:00:00,-0.0077670293
2025-08-23 11:00:00,-0.0019512201
2025-08-23 12:00:00,0.0038986404
2025-08-23 13:00:00,0.0050456152
2025-08-23 14:00:00,0.0030923875
2025-08-23 15:00:00,0.0038520849
2025-08-23 16:00:00,-0.0019241876
2025-08-23 17:00:00,0.0053784225
2025-08-23 18:00:00,0.0034423442
2025-08-23 19:00:00,-0.0030592758
2025-08-23 20:00:00,0.0
2025-08-23 21:00:00,0.0026773778
2025-08-23 22:00:00,0.0034318432
2025-08-23 23:00:00,0.0003805899
2025-08-24 00:00:00,-0.0041944771
2025-08-24 01:00:00,-0.0119163432
2025-08-24 02:00:00,-0.0015479879
2025-08-24 03:00:00,0.0038654861
2025-08-24 04:00:00,-0.0027042705
2025-08-24 05:00:00,-0.0030995763
2025-08-24 06:00:00,-0.0031092135
2025-08-24 07:00:00,-0.003900161
2025-08-24 08:00:00,0.002731709
2025-08-24 09:00:00,-0.0074320702
2025-08-24 10:00:00,-0.0019650232
2025-08-24 11:00:00,0.0023575649
2025-08-24 12:00:00,0.0066497409
2025-08-24 13:00:00,0.0
2025-08-24 14:00:00,-0.0015606714
2025-08-24 15:00:00,-0.0023455836
2025-08-24 16:00:00,0.0116732843
2025-08-24 17:00:00,0.0057859371
2025-08-24 18:00:00,0.0148886125
2025-08-24 19:00:00,-0.0118164135
2025-08-24 20:00:00,-0.0084713637
2025-08-24 21:00:00,0.0073203949
2025-08-24 22:00:00,0.0015343309
2025-08-24 23:00:00,-0.010015492
2025-08-25 00:00:00,-0.0120741486
2025-08-25 01:00:00,0.0220896407
2025-08-25 02:00:00,0.0015319804
2025-08-25 03:00:00,-0.0092272858
2025-08-25 04:00:00,-0.0023201867
2025-08-25 05:00:00,0.0007739938
2025-08-25 06:00:00,-0.0124563697
2025-08-25 07:00:00,-0.0225796878
2025-08-25 08:00:00,0.0079808883
2025-08-25 09:00:00,-0.0087824916
2025-08-25 10:00:00,-0.021889808
2025-08-25 11:00:00,0.0077567239
2025-08-25 12:00:00,-0.0032586587
2025-08-25 13:00:00,-0.0028600632
2025-08-25 14:00:00,0.0044907199
2025-08-25 15:00:00,-0.004899969
2025-08-25 16:00:00,0.0020445724
2025-08-25 17:00:00,-0.0049140148
2025-08-25 18:00:00,-0.0041135393
2025-08-25 19:00:00,-0.0241980935
2025-08-25 20:00:00,-0.0200475897
2025-08-25 21:00:00,-0.0030204985
2025-08-25 22:00:00,0.0124545308
2025-08-25 23:00:00,-0.0017086719
2025-08-26 00:00:00,-0.0055734335
2025-08-26 01:00:00,0.0098396516
2025-08-26 02:00:00,-0.0102696666
2025-08-26 03:00:00,-0.0034467936
2025-08-26 04:00:00,0.0081668195
2025-08-26 05:00:00,-0.0038601806
2025-08-26 06:00:00,-0.0090654625
2025-08-26 07:00:00,0.0043271379
2025-08-26 08:00:00,-0.0021612284
2025-08-26 09:00:00,-0.0043365202
2025-08-26 10:00:00,0.0206458946
2025-08-26 11:00:00,0.0033999183
2025-08-26 12:00:00,0.0238954987
2025-08-26 13:00:00,-0.0053998054
2025-08-26 14:00:00,0.0115943328
2025-08-26 15:00:00,-0.0049525483
2025-08-26 16:00:00,0.0070088928
2025-08-26 17:00:00,-0.0111548358
2025-08-26 18:00:00,0.0016604404
2025-08-26 19:00:00,0.0107261754
2025-08-26 20:00:00,-0.0024650793
2025-08-26 21:00:00,0.0081934092
2025-08-26 22:00:00,0.0048840146
2025-08-26 23:00:00,-0.0093820798
2025-08-27 00:00:00,-0.0107129166
2025-08-27 01:00:00,-0.0012435235
2025-08-27 02:00:00,0.003725941
2025-08-27 03:00:00,0.0082304991
2025-08-27 04:00:00,0.0040899853
2025-08-27 05:00:00,-0.009844214
2025-08-27 06:00:00,-0.0078626517
2025-08-27 07:00:00,0.0045595934
2025-08-27 08:00:00,0.002478316
2025-08-27 09:00:00,0.006169051
2025-08-27 10:00:00,-0.0004100882
2025-08-27 11:00:00,-0.0004102564
2025-08-27 12:00:00,-0.0053487064
2025-08-27 13:00:00,-0.0045482816
2025-08-27 14:00:00,0.0082542772
2025-08-27 15:00:00,-0.0020571906
2025-08-27 16:00:00,0.0049301661
2025-08-27 17:00:00,0.0044980652
2025-08-27 18:00:00,-0.0081934092
2025-08-27 19:00:00,-0.0045351552
2025-08-27 20:00:00,0.0082304991
2025-08-27 21:00:00,-0.0181973591
2025-08-27 22:00:00,-0.0054404821
2025-08-27 23:00:00,-0.0021003998
2025-08-28 00:00:00,-0.0021048208
2025-08-28 01:00:00,0.0050441469
2025-08-28 02:00:00,-0.0067311992
2025-08-28 03:00:00,0.0084069432
2025-08-28 04:00:00,0.0153689422
2025-08-28 05:00:00,-0.0016501654
2025-08-28 06:00:00,-0.000826105
2025-08-28 07:00:00,0.0004131378
2025-08-28 08:00:00,-0.0103799977
2025-08-28 09:00:00,-0.0113327551
2025-08-28 10:00:00,0.0054725458
2025-08-28 11:00:00,0.0029343974
2025-08-28 12:00:00,0.004593869
2025-08-28 13:00:00,0.0730955551
2025-08-28 14:00:00,-0.0124709333
2025-08-28 15:00:00,-0.0282381061
2025-08-28 16:00:00,-0.001614857
2025-08-28 17:00:00,0.0036297681
2025-08-28 18:00:00,0.0052198472
2025-08-28 19:00:00,-0.0194102333
2025-08-28 20:00:00,0.0032613156
2025-08-28 21:00:00,0.0129399298
2025-08-28 22:00:00,0.0143600393
2025-08-28 23:00:00,-0.0023790654
2025-08-29 00:00:00,-0.0220759517
2025-08-29 01:00:00,-0.0130720816
2025-08-29 02:00:00,-0.0012343141
2025-08-29 03:00:00,-0.0016481256
2025-08-29 04:00:00,-0.0057899252
2025-08-29 05:00:00,0.0020716809
2025-08-29 06:00:00,-0.0087300492
2025-08-29 07:00:00,-0.0176921211
2025-08-29 08:00:00,-0.0055401804
2025-08-29 09:00:00,-0.0004274418
2025-08-29 10:00:00,0.0034144293
2025-08-29 11:00:00,-0.0012790452
2025-08-29 12:00:00,0.0127174245
2025-08-29 13:00:00,-0.0174213031
2025-08-29 14:00:00,0.0012850719
2025-08-29 15:00:00,0.0021381235
2025-08-29 16:00:00,0.0017072134
2025-08-29 17:00:00,-0.0017072134
2025-08-29 18:00:00,-0.011168501
2025-08-29 19:00:00,0.0077453055
2025-08-29 20:00:00,-0.003434954
2025-08-29 21:00:00,0.0017189519
2025-08-29 22:00:00,0.0051391976
2025-08-29 23:00:00,0.0
2025-08-30 00:00:00,-0.0047099209
2025-08-30 01:00:00,-0.01731645
2025-08-30 02:00:00,0.0021810259
2025-08-30 03:00:00,0.0129871955
2025-08-30 04:00:00,0.0008598453
2025-08-30 05:00:00,0.0021463842
2025-08-30 06:00:00,0.0068376335
2025-08-30 07:00:00,-0.0046958464
2025-08-30 08:00:00,-0.0025706955
2025-08-30 09:00:00,0.002998503
2025-08-30 10:00:00,-0.0008557981
2025-08-30 11:00:00,0.0017108644
2025-08-30 12:00:00,-0.0103093697
2025-08-30 13:00:00,-0.0025940352
2025-08-30 14:00:00,0.0043196611
2025-08-30 15:00:00,0.0085837437
2025-08-30 16:00:00,-0.0012828738
2025-08-30 17:00:00,0.0
2025-08-30 18:00:00,-0.0004279906
2025-08-30 19:00:00,0.0004279906
2025-08-30 20:00:00,-0.0008561644
2025-08-30 21:00:00,0.0034202684
2025-08-30 22:00:00,-0.0021362965
2025-08-30 23:00:00,0.0055449065
2025-08-31 00:00:00,0.0126797979
2025-08-31 01:00:00,-0.0012607692
2025-08-31 02:00:00,-0.0012623608
2025-08-31 03:00:00,0.005458758
2025-08-31 04:00:00,-0.0025157246
2025-08-31 05:00:00,-0.0012602396
2025-08-31 06:00:00,-0.0033684242
2025-08-31 07:00:00,0.0004216741
2025-08-31 08:00:00,0.0067227144
2025-08-31 09:00:00,-0.0063012181
2025-08-31 10:00:00,-0.0033769555
2025-08-31 11:00:00,0.0059022094
2025-08-31 12:00:00,0.0100377254
2025-08-31 13:00:00,-0.0058430884
2025-08-31 14:00:00,-0.0100968464
2025-08-31 15:00:00,0.0050611664
2025-08-31 16:00:00,-0.0033712632
2025-08-31 17:00:00,0.0033712632
2025-08-31 18:00:00,0.0025210097
2025-08-31 19:00:00,-0.0075821762
2025-08-31 20:00:00,-0.0004229224
2025-08-31 21:00:00,0.0025348556
2025-08-31 22:00:00,-0.008474627
2025-08-31 23:00:00,-0.0124172009
2025-09-01 00:00:00,-0.0021565676
2025-09-01 01:00:00,0.0025873236
2025-09-01 02:00:00,-0.0060475346
2025-09-01 03:00:00,0.0004331817
2025-09-01 04:00:00,-0.0091364569
2025-09-01 05:00:00,-0.0013120492
2025-09-01 06:00:00,0.0043668192
2025-09-01 07:00:00,0.0275049569
2025-09-01 08:00:00,0.0092827671
2025-09-01 09:00:00,-0.0092827671
2025-09-01 10:00:00,-0.0076596119
2025-09-01 11:00:00,-0.0077187347
2025-09-01 12:00:00,-0.0008613265
2025-09-01 13:00:00,-0.0103942036
2025-09-01 14:00:00,0.0
2025-09-01 15:00:00,-0.0069899804
2025-09-01 16:00:00,-0.002194427
2025-09-01 17:00:00,-0.0079400505
2025-09-01 18:00:00,0.0092572845
2025-09-01 19:00:00,0.000877193
2025-09-01 20:00:00,-0.0163539556
2025-09-01 21:00:00,-0.0076045994
2025-09-01 22:00:00,0.0022426562
2025-09-01 23:00:00,0.0089206658
2025-09-02 00:00:00,-0.0044503856
2025-09-02 01:00:00,0.0141720707
2025-09-02 02:00:00,0.0165725555
2025-09-02 03:00:00,0.000864678
2025-09-02 04:00:00,0.0068906388
2025-09-02 05:00:00,0.0025717974
2025-09-02 06:00:00,0.0029920946
2025-09-02 07:00:00,-0.0085727057
2025-09-02 08:00:00,0.0055806112
2025-09-02 09:00:00,0.0008557981
2025-09-02 10:00:00,-0.0047159787
2025-09-02 11:00:00,-0.0073323598
2025-09-02 12:00:00,-0.0192313619
2025-09-02 13:00:00,0.031707325
2025-09-02 14:00:00,-0.0072946043
2025-09-02 15:00:00,-0.0165005915
2025-09-02 16:00:00,0.0074155193
2025-09-02 17:00:00,0.0013029318
2025-09-02 18:00:00,0.0
2025-09-02 19:00:00,0.000867679
2025-09-02 20:00:00,0.012069112
2025-09-02 21:00:00,0.0051282164
2025-09-02 22:00:00,0.0042535156
2025-09-02 23:00:00,-0.0034013638
2025-09-03 00:00:00,-0.0064089089
2025-09-03 01:00:00,0.0064089089
2025-09-03 02:00:00,-0.0025586368
2025-09-03 03:00:00,-0.0004270767
2025-09-03 04:00:00,0.000853971
2025-09-03 05:00:00,-0.0055638919
2025-09-03 06:00:00,0.002999788
2025-09-03 07:00:00,-0.0038585257
2025-09-03 08:00:00,0.0
2025-09-03 09:00:00,0.0055686586
2025-09-03 10:00:00,0.0017072134
2025-09-03 11:00:00,0.0029806281
2025-09-03 12:00:00,-0.0046878415
2025-09-03 13:00:00,0.0076596119
2025-09-03 14:00:00,0.007601388
2025-09-03 15:00:00,0.0025210097
2025-09-03 16:00:00,-0.0058922729
2025-09-03 17:00:00,0.002108371
2025-09-03 18:00:00,-0.0012644891
2025-09-03 19:00:00,0.0063065166
2025-09-03 20:00:00,-0.0037791353
2025-09-03 21:00:00,0.0008410429
2025-09-03 22:00:00,-0.0016827938
2025-09-03 23:00:00,-0.0021074823
2025-09-04 00:00:00,0.0071473922
2025-09-04 01:00:00,0.0029282598
2025-09-04 02:00:00,-0.0143039881
2025-09-04 03:00:00,-0.0029705093
2025-09-04 04:00:00,-0.0012757816
2025-09-04 05:00:00,-0.0085470606
2025-09-04 06:00:00,-0.0047322093
2025-09-04 07:00:00,0.0047322093
2025-09-04 08:00:00,-0.0021482285
2025-09-04 09:00:00,-0.0017219117
2025-09-04 10:00:00,0.0064419377
2025-09-04 11:00:00,-0.0025717974
2025-09-04 12:00:00,-0.0034393843
2025-09-04 13:00:00,-0.0017241384
2025-09-04 14:00:00,-0.0099719014
2025-09-04 15:00:00,-0.0211368503
2025-09-04 16:00:00,-0.0013360055
2025-09-04 17:00:00,0.0013360055
2025-09-04 18:00:00,-0.0071460778
2025-09-04 19:00:00,-0.0017945272
2025-09-04 20:00:00,0.0093855438
2025-09-04 21:00:00,0.0013336299
2025-09-04 22:00:00,0.0013318537
2025-09-04 23:00:00,-0.0098083711
2025-09-05 00:00:00,-0.000896459
2025-09-05 01:00:00,0.0053667392
2025-09-05 02:00:00,0.0031173483
2025-09-05 03:00:00,0.0004445432
2025-09-05 04:00:00,0.0017761994
2025-09-05 05:00:00,0.0035429621
2025-09-05 06:00:00,-0.0035429621
2025-09-05 07:00:00,0.023674933
2025-09-05 08:00:00,-0.0078295311
2025-09-05 09:00:00,-0.00306145
2025-09-05 10:00:00,-0.0026315805
2025-09-05 11:00:00,0.0030695047
2025-09-05 12:00:00,0.0143449537
2025-09-05 13:00:00,-0.008234066
2025-09-05 14:00:00,-0.0345319835
2025-09-05 15:00:00,0.0013504391
2025-09-05 16:00:00,-0.0009000901
2025-09-05 17:00:00,-0.0036084838
2025-09-05 18:00:00,0.0112335488
2025-09-05 19:00:00,0.0040133833
2025-09-05 20:00:00,0.0026666682
2025-09-05 21:00:00,-0.0111583394
2025-09-05 22:00:00,0.0058178728
2025-09-05 23:00:00,-0.0053691404
2025-09-06 00:00:00,0.0058152702
2025-09-06 01:00:00,0.0013371965
2025-09-06 02:00:00,0.000890472
2025-09-06 03:00:00,-0.0022276686
2025-09-06 04:00:00,-0.0040223518
2025-09-06 05:00:00,-0.0071910422
2025-09-06 06:00:00,0.0
2025-09-06 07:00:00,0.0018026143
2025-09-06 08:00:00,0.0013498315
2025-09-06 09:00:00,-0.0045065421
2025-09-06 10:00:00,0.0045065421
2025-09-06 11:00:00,-0.0004497414
2025-09-06 12:00:00,-0.0022517461
2025-09-06 13:00:00,0.0
2025-09-06 14:00:00,0.000450755
2025-09-06 15:00:00,-0.0054225167
2025-09-06 16:00:00,0.0067735639
2025-09-06 17:00:00,-0.0058677668
2025-09-06 18:00:00,-0.0009057972
2025-09-06 19:00:00,-0.0081893087
2025-09-06 20:00:00,0.0072826904
2025-09-06 21:00:00,0.0045248946
2025-09-06 22:00:00,0.0049538494
2025-09-06 23:00:00,-0.002699057
2025-09-07 00:00:00,0.0035971262
2025-09-07 01:00:00,0.0026893786
2025-09-07 02:00:00,0.0004475274
2025-09-07 03:00:00,0.0013413818
2025-09-07 04:00:00,0.0031229113
2025-09-07 05:00:00,-0.0031229113
2025-09-07 06:00:00,-0.0044782878
2025-09-07 07:00:00,0.0008972634
2025-09-07 08:00:00,0.0022396426
2025-09-07 09:00:00,-0.0049338517
2025-09-07 10:00:00,0.0013480119
2025-09-07 11:00:00,0.0049272216
2025-09-07 12:00:00,-0.0062752335
2025-09-07 13:00:00,0.0044863243
2025-09-07 14:00:00,0.0013419819
2025-09-07 15:00:00,0.0017865123
2025-09-07 16:00:00,-0.0049206093
2025-09-07 17:00:00,-0.0040440406
2025-09-07 18:00:00,-0.001351656
2025-09-07 19:00:00,0.0018018023
2025-09-07 20:00:00,0.0026966308
2025-09-07 21:00:00,0.0
2025-09-07 22:00:00,0.0080465343
2025-09-07 23:00:00,0.0
2025-09-08 00:00:00,-0.0031215187
2025-09-08 01:00:00,-0.0044762832
2025-09-08 02:00:00,0.0111533612
2025-09-08 03:00:00,0.0022158219
2025-09-08 04:00:00,-0.0057713812
2025-09-08 05:00:00,0.0013348167
2025-09-08 06:00:00,-0.0035634782
2025-09-08 07:00:00,-0.000446329
2025-09-08 08:00:00,0.0071174678
2025-09-08 09:00:00,0.0136475814
2025-09-08 10:00:00,0.0113044682
2025-09-08 11:00:00,-0.0060711375
2025-09-08 12:00:00,0.006503383
2025-09-08 13:00:00,-0.0104258112
2025-09-08 14:00:00,0.008695707
2025-09-08 15:00:00,0.0043196611
2025-09-08 16:00:00,-0.005185837
2025-09-08 17:00:00,-0.0034722257
2025-09-08 18:00:00,0.0043384016
2025-09-08 19:00:00,-0.0052083451
2025-09-08 20:00:00,-0.003050776
2025-09-08 21:00:00,0.0086919278
2025-09-08 22:00:00,-0.0021659094
2025-09-08 23:00:00,-0.0004337454
2025-09-09 00:00:00,0.0073482068
2025-09-09 01:00:00,-0.0051813587
2025-09-09 02:00:00,-0.0082591211
2025-09-09 03:00:00,0.0121476548
2025-09-09 04:00:00,0.0025839808
2025-09-09 05:00:00,0.0017189519
2025-09-09 06:00:00,0.0149161086
2025-09-09 07:00:00,0.0004229224
2025-09-09 08:00:00,-0.0008460237
2025-09-09 09:00:00,0.0004231013
2025-09-09 10:00:00,0.0
2025-09-09 11:00:00,-0.0050890695
2025-09-09 12:00:00,0.008045777
2025-09-09 13:00:00,-0.0038030893
2025-09-09 14:00:00,-0.0179415321
2025-09-09 15:00:00,-0.0117061818
2025-09-09 16:00:00,0.0013074746
2025-09-09 17:00:00,0.0
2025-09-09 18:00:00,0.000870701
2025-09-09 19:00:00,0.0043421692
2025-09-09 20:00:00,0.0
2025-09-09 21:00:00,-0.0039071029
2025-09-09 22:00:00,0.005638705
2025-09-09 23:00:00,-0.002598529
2025-09-10 00:00:00,-0.0039104981
2025-09-10 01:00:00,0.0034767527
2025-09-10 02:00:00,0.0129312147
2025-09-10 03:00:00,0.0021390382
2025-09-10 04:00:00,-0.0047119385
2025-09-10 05:00:00,0.0034290647
2025-09-10 06:00:00,0.0068230542
2025-09-10 07:00:00,-0.0034057078
2025-09-10 08:00:00,-0.0012801367
2025-09-10 09:00:00,-0.0012817776
2025-09-10 10:00:00,-0.0004276246
2025-09-10 11:00:00,-0.0004278075
2025-09-10 12:00:00,0.0110639426
2025-09-10 13:00:00,0.0059071902
2025-09-10 14:00:00,-0.0059071902
2025-09-10 15:00:00,0.002535927
2025-09-10 16:00:00,-0.0029592074
2025-09-10 17:00:00,-0.0008470987
2025-09-10 18:00:00,-0.0025456102
2025-09-10 19:00:00,-0.0089610158
2025-09-10 20:00:00,0.0008568981
2025-09-10 21:00:00,0.0089533747
2025-09-10 22:00:00,0.0008485363
2025-09-10 23:00:00,-0.0004241782
2025-09-11 00:00:00,0.0042337066
2025-09-11 01:00:00,0.0025316469
2025-09-11 02:00:00,0.0
2025-09-11 03:00:00,0.0037854935
2025-09-11 04:00:00,-0.0012602396
2025-09-11 05:00:00,-0.0004204331
2025-09-11 06:00:00,0.0025199509
2025-09-11 07:00:00,0.0004193751
2025-09-11 08:00:00,-0.0008389262
2025-09-11 09:00:00,-0.0029417966
2025-09-11 10:00:00,-0.000420964
2025-09-11 11:00:00,0.0008417509
2025-09-11 12:00:00,-0.0004207869
2025-09-11 13:00:00,0.0008413968
2025-09-11 14:00:00,-0.0071745402
2025-09-11 15:00:00,-0.0038192281
2025-09-11 16:00:00,0.0042426877
2025-09-11 17:00:00,0.0046462597
2025-09-11 18:00:00,0.0033655901
2025-09-11 19:00:00,0.0054450396
2025-09-11 20:00:00,0.0099751451
2025-09-11 21:00:00,0.0
2025-09-11 22:00:00,0.0090572871
2025-09-11 23:00:00,0.0028647452
2025-09-12 00:00:00,0.007329023
2025-09-12 01:00:00,-0.0097840161
2025-09-12 02:00:00,0.00815998
2025-09-12 03:00:00,0.0024350661
2025-09-12 04:00:00,0.0016200895
2025-09-12 05:00:00,0.0028288562
2025-09-12 06:00:00,-0.0060716641
2025-09-12 07:00:00,-0.0036607728
2025-09-12 08:00:00,-0.003265309
2025-09-12 09:00:00,0.0012257407
2025-09-12 10:00:00,-0.0040916587
2025-09-12 11:00:00,-0.0028741551
2025-09-12 12:00:00,0.0012327924
2025-09-12 13:00:00,0.0028706192
2025-09-12 14:00:00,0.0061237179
2025-09-12 15:00:00,-0.0032613156
2025-09-12 16:00:00,0.0036682332
2025-09-12 17:00:00,0.0101194954
2025-09-12 18:00:00,0.0068232253
2025-09-12 19:00:00,0.0067769843
2025-09-12 20:00:00,0.0023809535
2025-09-12 21:00:00,-0.0107592192
2025-09-12 22:00:00,0.0079808883
2025-09-12 23:00:00,-0.0007952287
2025-09-13 00:00:00,-0.0003978516
2025-09-13 01:00:00,-0.0047866067
2025-09-13 02:00:00,0.0015980826
2025-09-13 03:00:00,0.0075562101
2025-09-13 04:00:00,-0.0031746058
2025-09-13 05:00:00,-0.0027860715
2025-09-13 06:00:00,0.0007968128
2025-09-13 07:00:00,0.0031809172
2025-09-13 08:00:00,0.0102686526
2025-09-13 09:00:00,0.0043128865
2025-09-13 10:00:00,-0.0110150602
2025-09-13 11:00:00,0.0011860053
2025-09-13 12:00:00,0.0011846003
2025-09-13 13:00:00,-0.01310843
2025-09-13 14:00:00,-0.00039992
2025-09-13 15:00:00,-0.0064205678
2025-09-13 16:00:00,-0.0076783566
2025-09-13 17:00:00,0.0052599757
2025-09-13 18:00:00,-0.0008074284
2025-09-13 19:00:00,0.0008074284
2025-09-13 20:00:00,0.0064360641
2025-09-13 21:00:00,-0.0040176832
2025-09-13 22:00:00,0.0
2025-09-13 23:00:00,0.0028140722
2025-09-14 00:00:00,-0.0028140722
2025-09-14 01:00:00,0.0004024955
2025-09-14 02:00:00,0.003214145
2025-09-14 03:00:00,-0.0100786985
2025-09-14 04:00:00,-0.0012162985
2025-09-14 05:00:00,0.0084831856
2025-09-14 06:00:00,-0.0048387191
2025-09-14 07:00:00,-0.0044561548
2025-09-14 08:00:00,0.0
2025-09-14 09:00:00,0.0028380315
2025-09-14 10:00:00,-0.0020263431
2025-09-14 11:00:00,-0.0110137764
2025-09-14 12:00:00,-0.002464067
2025-09-14 13:00:00,-0.006600684
2025-09-14 14:00:00,-0.0066445427
2025-09-14 15:00:00,0.0016652793
2025-09-14 16:00:00,0.002077707
2025-09-14 17:00:00,0.0057947182
2025-09-14 18:00:00,-0.004550163
2025-09-14 19:00:00,0.0016570012
2025-09-14 20:00:00,0.0037182443
2025-09-14 21:00:00,0.0012363488
2025-09-14 22:00:00,0.0028788833
2025-09-14 23:00:00,-0.0094904777
2025-09-15 00:00:00,-0.0008295314
2025-09-15 01:00:00,0.0029003542
2025-09-15 02:00:00,-0.0024855025
2025-09-15 03:00:00,0.0082610961
2025-09-15 04:00:00,-0.0028836271
2025-09-15 05:00:00,0.0078077241
2025-09-15 06:00:00,-0.0115275052
2025-09-15 07:00:00,-0.0108244188
2025-09-15 08:00:00,-0.0271548293
2025-09-15 09:00:00,0.0072852261
2025-09-15 10:00:00,0.0008536065
2025-09-15 11:00:00,-0.0034188067
2025-09-15 12:00:00,-0.005150226
2025-09-15 13:00:00,0.0042936949
2025-09-15 14:00:00,-0.0042936949
2025-09-15 15:00:00,-0.0025850941
2025-09-15 16:00:00,-0.0043233963
2025-09-15 17:00:00,0.0077687055
2025-09-15 18:00:00,0.0034334798
2025-09-15 19:00:00,0.0008565311
2025-09-15 20:00:00,0.0102215541
2025-09-15 21:00:00,0.0096985791
2025-09-15 22:00:00,-0.0088514803
2025-09-15 23:00:00,-0.0016949157
2025-09-16 00:00:00,-0.0025477721
2025-09-16 01:00:00,-0.0038338705
2025-09-16 02:00:00,0.0012795907
2025-09-16 03:00:00,-0.0021335617
2025-09-16 04:00:00,-0.001710133
2025-09-16 05:00:00,0.0072479533
2025-09-16 06:00:00,-0.0055378203
2025-09-16 07:00:00,0.0029857135
2025-09-16 08:00:00,0.0084818151
2025-09-16 09:00:00,0.0025305792
2025-09-16 10:00:00,-0.0063384958
2025-09-16 11:00:00,0.0021172991
2025-09-16 12:00:00,-0.0021172991
2025-09-16 13:00:00,-0.0046738985
2025-09-16 14:00:00,-0.0046958464
2025-09-16 15:00:00,0.0034173463
2025-09-16 16:00:00,0.0004263483
2025-09-16 17:00:00,0.0059498688
2025-09-16 18:00:00,-0.0042462909
2025-09-16 19:00:00,0.003398474
2025-09-16 20:00:00,0.0004239983
2025-09-16 21:00:00,0.0046521547
2025-09-16 22:00:00,-0.0025348556
2025-09-16 23:00:00,-0.0059397714
2025-09-17 00:00:00,0.0021253993
2025-09-17 01:00:00,-0.0042553256
2025-09-17 02:00:00,0.0021299263
2025-09-17 03:00:00,-0.0081179681
2025-09-17 04:00:00,-0.002577321
2025-09-17 05:00:00,0.0072852261
2025-09-17 06:00:00,0.0059600006
2025-09-17 07:00:00,0.0
2025-09-17 08:00:00,-0.0093817319
2025-09-17 09:00:00,-0.002574004
2025-09-17 10:00:00,-0.0064641466
2025-09-17 11:00:00,-0.0012978587
2025-09-17 12:00:00,-0.0052083451
2025-09-17 13:00:00,0.0
2025-09-17 14:00:00,-0.0034873619
2025-09-17 15:00:00,0.0030521061
2025-09-17 16:00:00,0.0047774249
2025-09-17 17:00:00,-0.0108909811
2025-09-17 18:00:00,0.0039344313
2025-09-17 19:00:00,0.0232869514
2025-09-17 20:00:00,-0.0004263483
2025-09-17 21:00:00,0.0101825233
2025-09-17 22:00:00,0.017573674
2025-09-17 23:00:00,-0.0049896153
2025-09-18 00:00:00,-0.0037586179
2025-09-18 01:00:00,0.0050083577
2025-09-18 02:00:00,-0.0025010434
2025-09-18 03:00:00,0.0070701064
2025-09-18 04:00:00,-0.0029051691
2025-09-18 05:00:00,-0.0050000104
2025-09-18 06:00:00,-0.0058651195
2025-09-18 07:00:00,0.0079514962
2025-09-18 08:00:00,0.0111918267
2025-09-18 09:00:00,0.0008240627
2025-09-18 10:00:00,-0.0028871952
2025-09-18 11:00:00,-0.0008264463
2025-09-18 12:00:00,0.0049484637
2025-09-18 13:00:00,0.0016440612
2025-09-18 14:00:00,0.0008210181
2025-09-18 15:00:00,0.0049120033
2025-09-18 16:00:00,-0.0032719866
2025-09-18 17:00:00,0.0065333021
2025-09-18 18:00:00,0.0012202564
2025-09-18 19:00:00,-0.0028495847
2025-09-18 20:00:00,0.0028495847
2025-09-18 21:00:00,-0.0008133388
2025-09-18 22:00:00,0.0048701395
2025-09-18 23:00:00,-0.002432105
2025-09-19 00:00:00,0.0028368813
2025-09-19 01:00:00,0.0024252235
2025-09-19 02:00:00,-0.0028299999
2025-09-19 03:00:00,-0.0081301261
2025-09-19 04:00:00,0.0065093802
2025-09-19 05:00:00,-0.0044706435
2025-09-19 06:00:00,-0.004899969
2025-09-19 07:00:00,0.0130136037
2025-09-19 08:00:00,-0.0056726246
2025-09-19 09:00:00,-0.0065226485
2025-09-19 10:00:00,-0.0086260547
2025-09-19 11:00:00,-0.0153817209
2025-09-19 12:00:00,-0.0020968764
2025-09-19 13:00:00,0.0025157246
2025-09-19 14:00:00,-0.0130665716
2025-09-19 15:00:00,0.0016956341
2025-09-19 16:00:00,0.0012698414
2025-09-19 17:00:00,-0.009776911
2025-09-19 18:00:00,-0.0008547009
2025-09-19 19:00:00,0.0004274418
2025-09-19 20:00:00,0.0012812302
2025-09-19 21:00:00,0.0051085679
2025-09-19 22:00:00,0.0008488965
2025-09-19 23:00:00,-0.0029742958
2025-09-20 00:00:00,0.0067854374
2025-09-20 01:00:00,-0.0067854374
2025-09-20 02:00:00,0.0
2025-09-20 03:00:00,-0.0025564564
2025-09-20 04:00:00,0.0
2025-09-20 05:00:00,0.002130834
2025-09-20 06:00:00,0.0017014041
2025-09-20 07:00:00,-0.0008503402
2025-09-20 08:00:00,-0.0102608852
2025-09-20 09:00:00,-0.003443826
2025-09-20 10:00:00,-0.0021584295
2025-09-20 11:00:00,0.0073197313
2025-09-20 12:00:00,-0.0051613018
2025-09-20 13:00:00,-0.0012944986
2025-09-20 14:00:00,0.0107366288
2025-09-20 15:00:00,0.000853971
2025-09-20 16:00:00,0.0012795907
2025-09-20 17:00:00,-0.0034158872
2025-09-20 18:00:00,-0.0038568721
2025-09-20 19:00:00,-0.000429461
2025-09-20 20:00:00,0.0051413995
2025-09-20 21:00:00,-0.0004274418
2025-09-20 22:00:00,0.0
2025-09-20 23:00:00,-0.0021399537
2025-09-21 00:00:00,0.0029946546
2025-09-21 01:00:00,-0.0034231955
2025-09-21 02:00:00,0.0025684946
2025-09-21 03:00:00,0.0
2025-09-21 04:00:00,-0.0021399537
2025-09-21 05:00:00,0.0038486257
2025-09-21 06:00:00,-0.002564104
2025-09-21 07:00:00,-0.0004279906
2025-09-21 08:00:00,-0.0064419377
2025-09-21 09:00:00,-0.0004309416
2025-09-21 10:00:00,-0.0030218024
2025-09-21 11:00:00,0.0004322455
2025-09-21 12:00:00,0.0008639309
2025-09-21 13:00:00,0.0012944986
2025-09-21 14:00:00,-0.003455727
2025-09-21 15:00:00,-0.0004328068
2025-09-21 16:00:00,-0.0043384016
2025-09-21 17:00:00,0.0060685058
2025-09-21 18:00:00,0.0025895569
2025-09-21 19:00:00,-0.0008624408
2025-09-21 20:00:00,-0.0030244136
2025-09-21 21:00:00,-0.0017323521
2025-09-21 22:00:00,0.0025974041
2025-09-21 23:00:00,-0.0056362603
2025-09-22 00:00:00,-0.0282205676
2025-09-22 01:00:00,0.0
2025-09-22 02:00:00,-0.0116960398
2025-09-22 03:00:00,0.0045146804
2025-09-22 04:00:00,-0.0013522653
2025-09-22 05:00:00,-0.0214277631
2025-09-22 06:00:00,-0.0157922465
2025-09-22 07:00:00,-0.0028129414
2025-09-22 08:00:00,0.0032809966
2025-09-22 09:00:00,-0.0122412075
2025-09-22 10:00:00,0.0113048778
2025-09-22 11:00:00,-0.0065789711
2025-09-22 12:00:00,0.0107855676
2025-09-22 13:00:00,0.0051174803
2025-09-22 14:00:00,-0.0069848945
2025-09-22 15:00:00,-0.0079756463
2025-09-22 16:00:00,0.0018823535
2025-09-22 17:00:00,-0.0018823535
2025-09-22 18:00:00,0.0023523888
2025-09-22 19:00:00,-0.0042382922
2025-09-22 20:00:00,0.0135928974
2025-09-22 21:00:00,0.0060339009
2025-09-22 22:00:00,-0.0032444988
2025-09-22 23:00:00,0.0055555698
2025-09-23 00:00:00,-0.0027739269
2025-09-23 01:00:00,-0.005105604
2025-09-23 02:00:00,-0.0070044648
2025-09-23 03:00:00,0.0107202145
2025-09-23 04:00:00,-0.0046468485
2025-09-23 05:00:00,0.0027906995
2025-09-23 06:00:00,0.0156685233
2025-09-23 07:00:00,-0.0018306641
2025-09-23 08:00:00,-0.0009165903
2025-09-23 09:00:00,-0.0013764627
2025-09-23 10:00:00,0.003208804
2025-09-23 11:00:00,-0.0018323413
2025-09-23 12:00:00,0.0022899025
2025-09-23 13:00:00,-0.0009153319
2025-09-23 14:00:00,0.0022867607
2025-09-23 15:00:00,-0.00182899
2025-09-23 16:00:00,0.006386883
2025-09-23 17:00:00,-0.0128148207
2025-09-23 18:00:00,-0.0032295299
2025-09-23 19:00:00,-0.0037037079
2025-09-23 20:00:00,0.007393749
2025-09-23 21:00:00,0.0022993802
2025-09-23 22:00:00,-0.0027598914
2025-09-23 23:00:00,-0.0083256725
2025-09-24 00:00:00,0.0004643604
2025-09-24 01:00:00,0.0060171438
2025-09-24 02:00:00,-0.0060171438
2025-09-24 03:00:00,-0.0107352256
2025-09-24 04:00:00,0.003747077
2025-09-24 05:00:00,0.0134666535
2025-09-24 06:00:00,0.003223581
2025-09-24 07:00:00,-0.0027624327
2025-09-24 08:00:00,0.0009216591
2025-09-24 09:00:00,0.0013808978
2025-09-24 10:00:00,0.0013789936
2025-09-24 11:00:00,0.0009182737
2025-09-24 12:00:00,-0.0018373914
2025-09-24 13:00:00,-0.0083102971
2025-09-24 14:00:00,0.0156396932
2025-09-24 15:00:00,-0.0068697316
2025-09-24 16:00:00,0.0022951582
2025-09-24 17:00:00,0.0050308819
2025-09-24 18:00:00,-0.0018264845
2025-09-24 19:00:00,-0.0009144948
2025-09-24 20:00:00,-0.0022899025
2025-09-24 21:00:00,-0.0078251262
2025-09-24 22:00:00,0.0009237876
2025-09-24 23:00:00,-0.0013860016
2025-09-25 00:00:00,-0.0092894305
2025-09-25 01:00:00,-0.0051462102
2025-09-25 02:00:00,0.0065451379
2025-09-25 03:00:00,-0.0084230727
2025-09-25 04:00:00,-0.0113422766
2025-09-25 05:00:00,0.0071039844
2025-09-25 06:00:00,-0.0109135128
2025-09-25 07:00:00,0.0004769855
2025-09-25 08:00:00,-0.0004769855
2025-09-25 09:00:00,0.0
2025-09-25 10:00:00,-0.0019102203
2025-09-25 11:00:00,-0.0081593925
2025-09-25 12:00:00,0.0067243289
2025-09-25 13:00:00,-0.0023963587
2025-09-25 14:00:00,0.006218628
2025-09-25 15:00:00,-0.0047801238
2025-09-25 16:00:00,-0.0213083123
2025-09-25 17:00:00,-0.0227732614
2025-09-25 18:00:00,0.0276560836
2025-09-25 19:00:00,-0.0068426464
2025-09-25 20:00:00,-0.0073837402
2025-09-25 21:00:00,0.0088539683
2025-09-25 22:00:00,-0.0088539683
2025-09-25 23:00:00,-0.0069410294
2025-09-26 00:00:00,0.0162845938
2025-09-26 01:00:00,0.0034204773
2025-09-26 02:00:00,0.0004876859
2025-09-26 03:00:00,0.0024348685
2025-09-26 04:00:00,-0.0073224638
2025-09-26 05:00:00,-0.0034355862
2025-09-26 06:00:00,0.0004915213
2025-09-26 07:00:00,0.0004912798
2025-09-26 08:00:00,0.0024527851
2025-09-26 09:00:00,-0.0088583256
2025-09-26 10:00:00,-0.009436375
2025-09-26 11:00:00,0.0074571561
2025-09-26 12:00:00,0.0137729673
2025-09-26 13:00:00,0.0043870409
2025-09-26 14:00:00,-0.0058536753
2025-09-26 15:00:00,0.0077973105
2025-09-26 16:00:00,0.0130216453
2025-09-26 17:00:00,0.0123811105
2025-09-26 18:00:00,-0.0004733728
2025-09-26 19:00:00,-0.0056980211
2025-09-26 20:00:00,-0.0028612323
2025-09-26 21:00:00,0.0047641824
2025-09-26 22:00:00,0.0004751723
2025-09-26 23:00:00,0.0018984344
2025-09-27 00:00:00,0.0
2025-09-27 01:00:00,-0.0028490048
2025-09-27 02:00:00,-0.0009514749
2025-09-27 03:00:00,0.0042745256
2025-09-27 04:00:00,-0.0023724804
2025-09-27 05:00:00,-0.0004751723
2025-09-27 06:00:00,0.0
2025-09-27 07:00:00,-0.0038095284
2025-09-27 08:00:00,-0.0004772131
2025-09-27 09:00:00,0.0042867415
2025-09-27 10:00:00,0.0023736066
2025-09-27 11:00:00,-0.0038004796
2025-09-27 12:00:00,0.0009514749
2025-09-27 13:00:00,-0.0023803867
2025-09-27 14:00:00,0.0
2025-09-27 15:00:00,-0.0014309566
2025-09-27 16:00:00,-0.0038259253
2025-09-27 17:00:00,-0.0009587728
2025-09-27 18:00:00,-0.0024009615
2025-09-27 19:00:00,0.0024009615
2025-09-27 20:00:00,0.0004795013
2025-09-27 21:00:00,0.0057361534
2025-09-27 22:00:00,0.0
2025-09-27 23:00:00,-0.0028639638
2025-09-28 00:00:00,-0.0043113839
2025-09-28 01:00:00,-0.006260555
2025-09-28 02:00:00,0.0
2025-09-28 03:00:00,0.0014482262
2025-09-28 04:00:00,0.0014461318
2025-09-28 05:00:00,0.0
2025-09-28 06:00:00,-0.0038610087
2025-09-28 07:00:00,0.003379197
2025-09-28 08:00:00,-0.003862873
2025-09-28 09:00:00,-0.0019370466
2025-09-28 10:00:00,0.0004846135
2025-09-28 11:00:00,-0.0029112102
2025-09-28 12:00:00,-0.0043827682
2025-09-28 13:00:00,0.0150160245
2025-09-28 14:00:00,0.0062305498
2025-09-28 15:00:00,0.0028625974
2025-09-28 16:00:00,0.0108979994
2025-09-28 17:00:00,-0.0033042277
2025-09-28 18:00:00,0.0009451797
2025-09-28 19:00:00,0.002359048
2025-09-28 20:00:00,0.0018832397
2025-09-28 21:00:00,0.001410106
2025-09-28 22:00:00,0.0176913366
2025-09-28 23:00:00,0.000461361
2025-09-29 00:00:00,-0.0055504305
2025-09-29 01:00:00,-0.0060479366
2025-09-29 02:00:00,0.0018648024
2025-09-29 03:00:00,0.0004656577
2025-09-29 04:00:00,-0.0056022555
2025-09-29 05:00:00,-0.0004682744
2025-09-29 06:00:00,-0.0028142608
2025-09-29 07:00:00,-0.001410106
2025-09-29 08:00:00,0.0046926412
2025-09-29 09:00:00,-0.002343568
2025-09-29 10:00:00,-0.0051752644
2025-09-29 11:00:00,0.0
2025-09-29 12:00:00,-0.009478744
2025-09-29 13:00:00,0.0174656316
2025-09-29 14:00:00,0.0139407462
2025-09-29 15:00:00,-0.0125378935
2025-09-29 16:00:00,-0.0042144759
2025-09-29 17:00:00,0.008876489
2025-09-29 18:00:00,0.0
2025-09-29 19:00:00,0.0115608224
2025-09-29 20:00:00,0.0041293933
2025-09-29 21:00:00,0.0004577707
2025-09-29 22:00:00,0.0004575612
2025-09-29 23:00:00,-0.0050447252
2025-09-30 00:00:00,-0.003684942
2025-09-30 01:00:00,-0.0018475756
2025-09-30 02:00:00,-0.0055632967
2025-09-30 03:00:00,-0.0009302326
2025-09-30 04:00:00,0.0013950246
2025-09-30 05:00:00,0.0023207251
2025-09-30 06:00:00,-0.0023207251
2025-09-30 07:00:00,-0.0051246327
2025-09-30 08:00:00,-0.0046816565
2025-09-30 09:00:00,-0.0014087816
2025-09-30 10:00:00,0.0051558586
2025-09-30 11:00:00,0.0018682864
2025-09-30 12:00:00,-0.0060847368
2025-09-30 13:00:00,0.002344667
2025-09-30 14:00:00,-0.0009372072
2025-09-30 15:00:00,-0.010841492
2025-09-30 16:00:00,-0.0009483168
2025-09-30 17:00:00,-0.0014241635
2025-09-30 18:00:00,0.0075722084
2025-09-30 19:00:00,0.0154389032
2025-09-30 20:00:00,0.0055555698
2025-09-30 21:00:00,-0.0088106297
2025-09-30 22:00:00,-0.0056048722
2025-09-30 23:00:00,-0.0009372072
2025-10-01 00:00:00,-0.0061133508
2025-10-01 01:00:00,0.0149815536
2025-10-01 02:00:00,-0.0055918133
2025-10-01 03:00:00,-0.0098615497
2025-10-01 04:00:00,0.0004718094
2025-10-01 05:00:00,0.0051752644
2025-10-01 06:00:00,-0.006591361
2025-10-01 07:00:00,0.0079981607
2025-10-01 08:00:00,0.0372542506
2025-10-01 09:00:00,0.0054029848
2025-10-01 10:00:00,-0.0026978434
2025-10-01 11:00:00,0.0017993707
2025-10-01 12:00:00,-0.0054078545
2025-10-01 13:00:00,0.0063063272
2025-10-01 14:00:00,0.0071588673
2025-10-01 15:00:00,-0.0008920607
2025-10-01 16:00:00,0.0013377928
2025-10-01 17:00:00,-0.0049140148
2025-10-01 18:00:00,0.0098040001
2025-10-01 19:00:00,0.0
2025-10-01 20:00:00,-0.0035539798
2025-10-01 21:00:00,-0.0049074379
2025-10-01 22:00:00,0.0026797694
2025-10-01 23:00:00,0.0071111411
2025-10-02 00:00:00,-0.0057739445
2025-10-02 01:00:00,0.0154699218
2025-10-02 02:00:00,-0.0004386927
2025-10-02 03:00:00,-0.0030762494
2025-10-02 04:00:00,0.0008798945
2025-10-02 05:00:00,0.0
2025-10-02 06:00:00,0.0026350476
2025-10-02 07:00:00,-0.0096959772
2025-10-02 08:00:00,0.0
2025-10-02 09:00:00,-0.0035492495
2025-10-02 10:00:00,0.0
2025-10-02 11:00:00,-0.0031159607
2025-10-02 12:00:00,0.0053357174
2025-10-02 13:00:00,-0.0066741071
2025-10-02 14:00:00,-0.013030964
2025-10-02 15:00:00,0.0148150858
2025-10-02 16:00:00,0.0031145743
2025-10-02 17:00:00,0.0101658334
2025-10-02 18:00:00,0.0113687276
2025-10-02 19:00:00,-0.0017406445
2025-10-02 20:00:00,-0.0048024541
2025-10-02 21:00:00,-0.0004377326
2025-10-02 22:00:00,-0.0061484603
2025-10-02 23:00:00,0.0043956115
2025-10-03 00:00:00,-0.0061592804
2025-10-03 01:00:00,-0.0026513493
2025-10-03 02:00:00,0.0052956876
2025-10-03 03:00:00,-0.0052956876
2025-10-03 04:00:00,0.0017683471
2025-10-03 05:00:00,-0.0057585984
2025-10-03 06:00:00,-0.0040062373
2025-10-03 07:00:00,-0.0017857148
2025-10-03 08:00:00,-0.0004469274
2025-10-03 09:00:00,0.0013401834
2025-10-03 10:00:00,-0.000893256
2025-10-03 11:00:00,-0.0035810244
2025-10-03 12:00:00,0.0
2025-10-03 13:00:00,-0.0008972634
2025-10-03 14:00:00,0.0035842332
2025-10-03 15:00:00,0.01685184
2025-10-03 16:00:00,-0.0035242327
2025-10-03 17:00:00,-0.014222462
2025-10-03 18:00:00,0.0115711126
2025-10-03 19:00:00,0.0008845644
2025-10-03 20:00:00,-0.0013271402
2025-10-03 21:00:00,0.0013271402
2025-10-03 22:00:00,0.0022079938
2025-10-03 23:00:00,-0.0070828096
2025-10-04 00:00:00,-0.0035603064
2025-10-04 01:00:00,-0.0080573399
2025-10-04 02:00:00,0.0008984727
2025-10-04 03:00:00,-0.0022476971
2025-10-04 04:00:00,0.0004499438
2025-10-04 05:00:00,0.0008992806
2025-10-04 06:00:00,-0.0008992806
2025-10-04 07:00:00,-0.0072235077
2025-10-04 08:00:00,-0.0063636578
2025-10-04 09:00:00,-0.0027397277
2025-10-04 10:00:00,-0.0027472545
2025-10-04 11:00:00,0.0027472545
2025-10-04 12:00:00,0.0022836274
2025-10-04 13:00:00,0.0063665517
2025-10-04 14:00:00,-0.0036330648
2025-10-04 15:00:00,-0.0059320274
2025-10-04 16:00:00,0.0068415318
2025-10-04 17:00:00,-0.0059266187
2025-10-04 18:00:00,0.0013708021
2025-10-04 19:00:00,0.0050102587
2025-10-04 20:00:00,0.0013620887
2025-10-04 21:00:00,0.001360236
2025-10-04 22:00:00,0.0
2025-10-04 23:00:00,-0.002268089
2025-10-05 00:00:00,-0.0027285147
2025-10-05 01:00:00,0.0045433972
2025-10-05 02:00:00,0.0184150724
2025-10-05 03:00:00,-0.0049074379
2025-10-05 04:00:00,0.0102336822
2025-10-05 05:00:00,-0.0031035272
2025-10-05 06:00:00,0.0053144501
2025-10-05 07:00:00,0.0087951315
2025-10-05 08:00:00,-0.0008760404
2025-10-05 09:00:00,-0.0052724199
2025-10-05 10:00:00,-0.0022050726
2025-10-05 11:00:00,0.0048447573
2025-10-05 12:00:00,-0.010600806
2025-10-05 13:00:00,-0.0008884941
2025-10-05 14:00:00,-0.0004445432
2025-10-05 15:00:00,-0.0004447409
2025-10-05 16:00:00,0.0044385337
2025-10-05 17:00:00,-0.0147225501
2025-10-05 18:00:00,0.0031411289
2025-10-05 19:00:00,-0.0176275751
2025-10-05 20:00:00,0.0045495984
2025-10-05 21:00:00,0.0022670606
2025-10-05 22:00:00,0.0
2025-10-05 23:00:00,-0.0036297681
2025-10-06 00:00:00,-0.0188122088
2025-10-06 01:00:00,0.0128855902
2025-10-06 02:00:00,0.0009140768
2025-10-06 03:00:00,0.0009132421
2025-10-06 04:00:00,-0.0041161732
2025-10-06 05:00:00,0.0013739411
2025-10-06 06:00:00,0.0077502098
2025-10-06 07:00:00,-0.0045516692
2025-10-06 08:00:00,0.0108893998
2025-10-06 09:00:00,-0.0009029346
2025-10-06 10:00:00,-0.0022609098
2025-10-06 11:00:00,0.0022609098
2025-10-06 12:00:00,0.0085451386
2025-10-06 13:00:00,0.0137871875
2025-10-06 14:00:00,-0.0039831874
2025-10-06 15:00:00,0.014965068
2025-10-06 16:00:00,0.0060975799
2025-10-06 17:00:00,0.0120847392
2025-10-06 18:00:00,0.0051347995
2025-10-06 19:00:00,0.0012795907
2025-10-06 20:00:00,-0.0017064851
2025-10-06 21:00:00,-0.0008543358
2025-10-06 22:00:00,0.0042643988
2025-10-06 23:00:00,-0.0051194651
2025-10-07 00:00:00,0.0080937609
2025-10-07 01:00:00,-0.0021235939
2025-10-07 02:00:00,-0.0038338705
2025-10-07 03:00:00,-0.0021362965
2025-10-07 04:00:00,0.005970167
2025-10-07 05:00:00,-0.0042607649
2025-10-07 06:00:00,-0.0163585223
2025-10-07 07:00:00,-0.0074058278
2025-10-07 08:00:00,-0.0061403702
2025-10-07 09:00:00,0.0
2025-10-07 10:00:00,0.0026362054
2025-10-07 11:00:00,0.0043782907
2025-10-07 12:00:00,0.0060975799
2025-10-07 13:00:00,-0.0117931046
2025-10-07 14:00:00,-0.0249123204
2025-10-07 15:00:00,-0.0085953933
2025-10-07 16:00:00,0.0027223247
2025-10-07 17:00:00,-0.0054520807
2025-10-07 18:00:00,-0.004566218
2025-10-07 19:00:00,0.001372056
2025-10-07 20:00:00,0.0095520399
2025-10-07 21:00:00,-0.0018124155
2025-10-07 22:00:00,0.0013596195
2025-10-07 23:00:00,-0.0113870508
2025-10-08 00:00:00,0.0095738137
2025-10-08 01:00:00,0.0018132371
2025-10-08 02:00:00,-0.0027210901
2025-10-08 03:00:00,-0.0123373738
2025-10-08 04:00:00,0.0096088591
2025-10-08 05:00:00,-0.0054794658
2025-10-08 06:00:00,0.0009153319
2025-10-08 07:00:00,0.0027409793
2025-10-08 08:00:00,0.0054595222
2025-10-08 09:00:00,-0.0027260353
2025-10-08 10:00:00,0.0054446595
2025-10-08 11:00:00,-0.0009053871
2025-10-08 12:00:00,0.0018099552
2025-10-08 13:00:00,0.0013553198
2025-10-08 14:00:00,-0.0095260416
2025-10-08 15:00:00,0.004093706
2025-10-08 16:00:00,0.0099368478
2025-10-08 17:00:00,0.0120617947
2025-10-08 18:00:00,-0.0013330373
2025-10-08 19:00:00,0.0
2025-10-08 20:00:00,-0.0035634782
2025-10-08 21:00:00,0.0044523671
2025-10-08 22:00:00,0.0039902514
2025-10-08 23:00:00,0.0022099457
2025-10-09 00:00:00,-0.0057560487
2025-10-09 01:00:00,-0.0040044547
2025-10-09 02:00:00,-0.019811544
2025-10-09 03:00:00,0.0126526767
2025-10-09 04:00:00,0.0049272216
2025-10-09 05:00:00,-0.0004469274
2025-10-09 06:00:00,-0.0089807519
2025-10-09 07:00:00,-0.0081522191
2025-10-09 08:00:00,-0.017431634
2025-10-09 09:00:00,0.00415609
2025-10-09 10:00:00,0.0009212345
2025-10-09 11:00:00,0.0009203866
2025-10-09 12:00:00,0.0096132578
2025-10-09 13:00:00,-0.0179273935
2025-10-09 14:00:00,-0.0023218028
2025-10-09 15:00:00,0.0
2025-10-09 16:00:00,-0.0055944202
2025-10-09 17:00:00,0.0194450571
2025-10-09 18:00:00,-0.0027548227
2025-10-09 19:00:00,-0.0004598758
2025-10-09 20:00:00,0.0009195403
2025-10-09 21:00:00,0.0032117486
2025-10-09 22:00:00,0.0136489835
2025-10-09 23:00:00,-0.0054372585
2025-10-10 00:00:00,0.0058890317
2025-10-10 01:00:00,-0.0013559324
2025-10-10 02:00:00,0.0
2025-10-10 03:00:00,0.0139234228
2025-10-10 04:00:00,-0.0031270966
2025-10-10 05:00:00,0.0102382377
2025-10-10 06:00:00,-0.0111334929
2025-10-10 07:00:00,-0.0013443874
2025-10-10 08:00:00,0.0120349124
2025-10-10 09:00:00,-0.0026619359
2025-10-10 10:00:00,0.001775411
2025-10-10 11:00:00,-0.0057816483
2025-10-10 12:00:00,0.0079964886
2025-10-10 13:00:00,0.0013265534
2025-10-10 14:00:00,-0.0146897812
2025-10-10 15:00:00,-0.0425986091
2025-10-10 16:00:00,-0.0065727936
2025-10-10 17:00:00,-0.0028301906
2025-10-10 18:00:00,-0.0114015487
2025-10-10 19:00:00,-0.0207586503
2025-10-10 20:00:00,-0.0489853052
2025-10-10 21:00:00,-0.0434509595
2025-10-10 22:00:00,-0.0353971068
2025-10-10 23:00:00,-0.0378469344
2025-10-11 00:00:00,0.0261378516
2025-10-11 01:00:00,-0.0435598951
2025-10-11 02:00:00,0.0563770112
2025-10-11 03:00:00,-0.0303564625
2025-10-11 04:00:00,0.0119150346
2025-10-11 05:00:00,-0.0067911976
2025-10-11 06:00:00,0.000567698
2025-10-11 07:00:00,0.0062234996
2025-10-11 08:00:00,0.0343714544
2025-10-11 09:00:00,-0.0120615497
2025-10-11 10:00:00,0.0005514199
2025-10-11 11:00:00,-0.0049737599
2025-10-11 12:00:00,-0.0145091831
2025-10-11 13:00:00,-0.0011248595
2025-10-11 14:00:00,-0.0011261262
2025-10-11 15:00:00,0.013986242
2025-10-11 16:00:00,-0.0078081824
2025-10-11 17:00:00,0.0089186767
2025-10-11 18:00:00,-0.0111608301
2025-10-11 19:00:00,-0.0290370529
2025-10-11 20:00:00,-0.022197173
2025-10-11 21:00:00,0.0164034141
2025-10-11 22:00:00,0.0011614403
2025-10-11 23:00:00,-0.0005805515
2025-10-12 00:00:00,-0.0193497682
2025-10-12 01:00:00,-0.0041530763
2025-10-12 02:00:00,0.0
2025-10-12 03:00:00,0.0159248426
2025-10-12 04:00:00,0.0116348026
2025-10-12 05:00:00,0.0034642067
2025-10-12 06:00:00,0.0068926178
2025-10-12 07:00:00,-0.0028661527
2025-10-12 08:00:00,-0.0022988516
2025-10-12 09:00:00,0.0051650043
2025-10-12 10:00:00,-0.0074691528
2025-10-12 11:00:00,0.0034542349
2025-10-12 12:00:00,0.0080137807
2025-10-12 13:00:00,-0.0131996178
2025-10-12 14:00:00,0.0374193316
2025-10-12 15:00:00,0.0446211126
2025-10-12 16:00:00,0.0200217436
2025-10-12 17:00:00,-0.001566171
2025-10-12 18:00:00,-0.0057637047
2025-10-12 19:00:00,0.0182249252
2025-10-12 20:00:00,-0.0108950494
2025-10-12 21:00:00,-0.0052301374
2025-10-12 22:00:00,-0.001049318
2025-10-12 23:00:00,-0.0015760445
2025-10-13 00:00:00,-0.0068583756
2025-10-13 01:00:00,0.0152353879
2025-10-13 02:00:00,-0.0020876834
2025-10-13 03:00:00,-0.0062893289
2025-10-13 04:00:00,0.0115003881
2025-10-13 05:00:00,-0.0026021352
2025-10-13 06:00:00,0.01345776
2025-10-13 07:00:00,0.0035925109
2025-10-13 08:00:00,0.003579651
2025-10-13 09:00:00,0.0030581064
2025-10-13 10:00:00,0.005582354
2025-10-13 11:00:00,-0.0277082888
2025-10-13 12:00:00,0.0036354234
2025-10-13 13:00:00,0.0250844993
2025-10-13 14:00:00,-0.0168242561
2025-10-13 15:00:00,0.0153064213
2025-10-13 16:00:00,-0.0076239251
2025-10-13 17:00:00,0.0116663763
2025-10-13 18:00:00,0.0015117161
2025-10-13 19:00:00,0.0105185042
2025-10-13 20:00:00,0.0064564416
2025-10-13 21:00:00,-0.0099503309
2025-10-13 22:00:00,0.0034938893
2025-10-13 23:00:00,-0.0105185042
2025-10-14 00:00:00,0.0055234888
2025-10-14 01:00:00,-0.0065310456
2025-10-14 02:00:00,-0.0142134373
2025-10-14 03:00:00,-0.0040983664
2025-10-14 04:00:00,-0.0134368947
2025-10-14 05:00:00,-0.0104603464
2025-10-14 06:00:00,-0.019644911
2025-10-14 07:00:00,-0.0042987707
2025-10-14 08:00:00,0.0042987707
2025-10-14 09:00:00,-0.005376357
2025-10-14 10:00:00,-0.0097508898
2025-10-14 11:00:00,0.0119049025
2025-10-14 12:00:00,-0.0113606848
2025-10-14 13:00:00,0.0043431121
2025-10-14 14:00:00,0.0054024983
2025-10-14 15:00:00,0.0260583742
2025-10-14 16:00:00,-0.0031545767
2025-10-14 17:00:00,0.0010526317
2025-10-14 18:00:00,0.0
2025-10-14 19:00:00,-0.006332475
2025-10-14 20:00:00,0.0058062977
2025-10-14 21:00:00,0.0015777021
2025-10-14 22:00:00,0.0020997383
2025-10-14 23:00:00,0.0020953386
2025-10-15 00:00:00,-0.0010471205
2025-10-15 01:00:00,-0.0020975362
2025-10-15 02:00:00,0.0026212335
2025-10-15 03:00:00,-0.0099974524
2025-10-15 04:00:00,0.0089497833
2025-10-15 05:00:00,-0.0047281412
2025-10-15 06:00:00,0.0010526317
2025-10-15 07:00:00,-0.0068619958
2025-10-15 08:00:00,0.0047556232
2025-10-15 09:00:00,-0.0052854246
2025-10-15 10:00:00,-0.0047808856
2025-10-15 11:00:00,-0.0042689499
2025-10-15 12:00:00,-0.0005349024
2025-10-15 13:00:00,-0.0080580613
2025-10-15 14:00:00,-0.0097561749
2025-10-15 15:00:00,-0.0120549405
2025-10-15 16:00:00,-0.0011031441
2025-10-15 17:00:00,0.0011031441
2025-10-15 18:00:00,0.0065934305
2025-10-15 19:00:00,-0.013230623
2025-10-15 20:00:00,-0.0033351893
2025-10-15 21:00:00,-0.0022296553
2025-10-15 22:00:00,0.0033426215
2025-10-15 23:00:00,0.0044395189
2025-10-16 00:00:00,-0.0061094331
2025-10-16 01:00:00,0.0105293298
2025-10-16 02:00:00,0.0011019285
2025-10-16 03:00:00,-0.0066298585
2025-10-16 04:00:00,0.0011080334
2025-10-16 05:00:00,-0.0022172958
2025-10-16 06:00:00,0.0099393419
2025-10-16 07:00:00,-0.0088300794
2025-10-16 08:00:00,-0.0038878138
2025-10-16 09:00:00,0.0105176724
2025-10-16 10:00:00,0.0142156577
2025-10-16 11:00:00,0.0037930146
2025-10-16 12:00:00,0.0016211838
2025-10-16 13:00:00,-0.0135908588
2025-10-16 14:00:00,-0.0065898097
2025-10-16 15:00:00,-0.0285015101
2025-10-16 16:00:00,0.024084054
2025-10-16 17:00:00,-0.0189949845
2025-10-16 18:00:00,-0.0039559249
2025-10-16 19:00:00,-0.014831989
2025-10-16 20:00:00,-0.0127242897
2025-10-16 21:00:00,0.0138730549
2025-10-16 22:00:00,-0.008069208
2025-10-16 23:00:00,0.008069208
2025-10-17 00:00:00,0.0057241141
2025-10-17 01:00:00,-0.0017137965
2025-10-17 02:00:00,-0.0005719188
2025-10-17 03:00:00,-0.0005722461
2025-10-17 04:00:00,-0.0017187057
2025-10-17 05:00:00,-0.0097955263
2025-10-17 06:00:00,-0.0275920057
2025-10-17 07:00:00,-0.0369851187
2025-10-17 08:00:00,-0.0199632332
2025-10-17 09:00:00,0.0075329923
2025-10-17 10:00:00,0.0049906529
2025-10-17 11:00:00,0.0276175883
2025-10-17 12:00:00,0.0030220633
2025-10-17 13:00:00,0.0
2025-10-17 14:00:00,-0.0152024819
2025-10-17 15:00:00,0.0188169437
2025-10-17 16:00:00,-0.0078479123
2025-10-17 17:00:00,-0.0018198367
2025-10-17 18:00:00,-0.0060901528
2025-10-17 19:00:00,0.000610687
2025-10-17 20:00:00,0.0121360713
2025-10-17 21:00:00,0.0113944261
2025-10-17 22:00:00,-0.0053811789
2025-10-17 23:00:00,-0.0042054733
2025-10-18 00:00:00,0.006002419
2025-10-18 01:00:00,0.0083433142
2025-10-18 02:00:00,-0.01073996
2025-10-18 03:00:00,0.0071727743
2025-10-18 04:00:00,-0.0125863214
2025-10-18 05:00:00,0.0078101929
2025-10-18 06:00:00,0.000598265
2025-10-18 07:00:00,-0.000598265
2025-10-18 08:00:00,0.0047761285
2025-10-18 09:00:00,0.0053460181
2025-10-18 10:00:00,-0.0017788324
2025-10-18 11:00:00,0.0011862398
2025-10-18 12:00:00,-0.0017798877
2025-10-18 13:00:00,-0.0077496662
2025-10-18 14:00:00,0.0065613119
2025-10-18 15:00:00,-0.0023809535
2025-10-18 16:00:00,-0.0017894428
2025-10-18 17:00:00,0.0071386383
2025-10-18 18:00:00,-0.0017798877
2025-10-18 19:00:00,-0.0005940006
2025-10-18 20:00:00,0.0023738884
2025-10-18 21:00:00,0.0011848343
2025-10-18 22:00:00,-0.002964722
2025-10-18 23:00:00,-0.0011883543
2025-10-19 00:00:00,-0.0065613119
2025-10-19 01:00:00,0.000598265
2025-10-19 02:00:00,-0.0023952107
2025-10-19 03:00:00,0.0095466119
2025-10-19 04:00:00,0.000593648
2025-10-19 05:00:00,-0.0065495917
2025-10-19 06:00:00,-0.0023923456
2025-10-19 07:00:00,0.005970167
2025-10-19 08:00:00,-0.009569451
2025-10-19 09:00:00,0.0137274612
2025-10-19 10:00:00,0.0152944158
2025-10-19 11:00:00,0.0017497817
2025-10-19 12:00:00,-0.0023337233
2025-10-19 13:00:00,0.0144972095
2025-10-19 14:00:00,0.0085985053
2025-10-19 15:00:00,-0.0068728793
2025-10-19 16:00:00,0.0028694424
2025-10-19 17:00:00,-0.0022948949
2025-10-19 18:00:00,0.0068689452
2025-10-19 19:00:00,-0.0040011485
2025-10-19 20:00:00,0.0051413995
2025-10-19 21:00:00,-0.0074349785
2025-10-19 22:00:00,0.0040103176
2025-10-19 23:00:00,-0.0115009893
2025-10-20 00:00:00,-0.0092969874
2025-10-20 01:00:00,-0.0005839416
2025-10-20 02:00:00,0.0052432395
2025-10-20 03:00:00,0.0241113862
2025-10-20 04:00:00,0.0079096458
2025-10-20 05:00:00,0.0028097799
2025-10-20 06:00:00,0.045524724
2025-10-20 07:00:00,-0.0016098742
2025-10-20 08:00:00,0.0085562019
2025-10-20 09:00:00,0.0047808856
2025-10-20 10:00:00,-0.0021220167
2025-10-20 11:00:00,0.0095138138
2025-10-20 12:00:00,0.0005259006
2025-10-20 13:00:00,0.0005256242
2025-10-20 14:00:00,-0.0015777021
2025-10-20 15:00:00,-0.0116465054
2025-10-20 16:00:00,-0.0058745162
2025-10-20 17:00:00,0.0042757949
2025-10-20 18:00:00,0.0069094083
2025-10-20 19:00:00,-0.0015902468
2025-10-20 20:00:00,0.0005303633
2025-10-20 21:00:00,-0.0074508062
2025-10-20 22:00:00,0.0021344725
2025-10-20 23:00:00,-0.0053447482
2025-10-21 00:00:00,0.011191164
2025-10-21 01:00:00,-0.0085152191
2025-10-21 02:00:00,-0.0167074757
2025-10-21 03:00:00,-0.0136801039
2025-10-21 04:00:00,-0.0222850448
2025-10-21 05:00:00,0.0
2025-10-21 06:00:00,0.0067378132
2025-10-21 07:00:00,0.0111297754
2025-10-21 08:00:00,-0.0027708524
2025-10-21 09:00:00,-0.0077994824
2025-10-21 10:00:00,0.0050209311
2025-10-21 11:00:00,0.0066555986
2025-10-21 12:00:00,0.0049627893
2025-10-21 13:00:00,-0.0144046812
2025-10-21 14:00:00,0.0447428693
2025-10-21 15:00:00,0.0026645366
2025-10-21 16:00:00,-0.0236952389
2025-10-21 17:00:00,-0.0005451077
2025-10-21 18:00:00,-0.0038240964
2025-10-21 19:00:00,-0.0038387763
2025-10-21 20:00:00,-0.0116055461
2025-10-21 21:00:00,0.0011111112
2025-10-21 22:00:00,-0.013415517
2025-10-21 23:00:00,-0.0096127401
2025-10-22 00:00:00,-0.0039852031
2025-10-22 01:00:00,0.0096509406
2025-10-22 02:00:00,-0.0016963532
2025-10-22 03:00:00,-0.0045377276
2025-10-22 04:00:00,0.0129908633
2025-10-22 05:00:00,-0.0112868015
2025-10-22 06:00:00,-0.005691535
2025-10-22 07:00:00,0.005691535
2025-10-22 08:00:00,-0.0045506336
2025-10-22 09:00:00,-0.0074392332
2025-10-22 10:00:00,-0.0005745476
2025-10-22 11:00:00,0.0011487652
2025-10-22 12:00:00,0.002293579
2025-10-22 13:00:00,0.0068493418
2025-10-22 14:00:00,-0.0062767681
2025-10-22 15:00:00,0.0005722461
2025-10-22 16:00:00,-0.00631279
2025-10-22 17:00:00,-0.0098351964
2025-10-22 18:00:00,0.0005812264
2025-10-22 19:00:00,0.0029010754
2025-10-22 20:00:00,-0.0069767725
2025-10-22 21:00:00,-0.0087899775
2025-10-22 22:00:00,-0.0005887548
2025-10-22 23:00:00,0.0140353181
2025-10-23 00:00:00,0.0005805515
2025-10-23 01:00:00,0.0017396351
2025-10-23 02:00:00,0.0005792065
2025-10-23 03:00:00,0.0
2025-10-23 04:00:00,0.0040450792
2025-10-23 05:00:00,0.0034542349
2025-10-23 06:00:00,0.0153980801
2025-10-23 07:00:00,-0.0062446981
2025-10-23 08:00:00,0.0028433343
2025-10-23 09:00:00,-0.0125715941
2025-10-23 10:00:00,0.0
2025-10-23 11:00:00,-0.0051888269
2025-10-23 12:00:00,-0.0005782018
2025-10-23 13:00:00,-0.0011574075
2025-10-23 14:00:00,0.0011574075
2025-10-23 15:00:00,0.0069164541
2025-10-23 16:00:00,0.0148235326
2025-10-23 17:00:00,0.0033898338
2025-10-23 18:00:00,-0.0142007499
2025-10-23 19:00:00,-0.0005722461
2025-10-23 20:00:00,-0.0120934385
2025-10-23 21:00:00,0.001736614
2025-10-23 22:00:00,0.0046162806
2025-10-23 23:00:00,0.0040218382
2025-10-24 00:00:00,-0.0011474471
2025-10-24 01:00:00,0.0
2025-10-24 02:00:00,0.0017206772
2025-10-24 03:00:00,-0.0057471423
2025-10-24 04:00:00,0.0194070018
2025-10-24 05:00:00,0.0
2025-10-24 06:00:00,0.001694437
2025-10-24 07:00:00,-0.0045248946
2025-10-24 08:00:00,0.0050890695
2025-10-24 09:00:00,-0.0028240629
2025-10-24 10:00:00,-0.001131862
2025-10-24 11:00:00,0.0045197817
2025-10-24 12:00:00,0.0095372392
2025-10-24 13:00:00,-0.0078475739
2025-10-24 14:00:00,-0.01131874
2025-10-24 15:00:00,-0.0017089153
2025-10-24 16:00:00,0.0045506336
2025-10-24 17:00:00,0.0017011629
2025-10-24 18:00:00,0.0
2025-10-24 19:00:00,0.0084626739
2025-10-24 20:00:00,0.0028050509
2025-10-24 21:00:00,0.0050293484
2025-10-24 22:00:00,0.0016708442
2025-10-24 23:00:00,-0.0050209311
2025-10-25 00:00:00,-0.0033613477
2025-10-25 01:00:00,0.0055959855
2025-10-25 02:00:00,-0.0033538321
2025-10-25 03:00:00,-0.0028034781
2025-10-25 04:00:00,0.0061573102
2025-10-25 05:00:00,-0.0011166947
2025-10-25 06:00:00,-0.0022371374
2025-10-25 07:00:00,0.0011191943
2025-10-25 08:00:00,0.0066889882
2025-10-25 09:00:00,-0.0044543503
2025-10-25 10:00:00,0.0016727074
2025-10-25 11:00:00,0.002781643
2025-10-25 12:00:00,0.0022197567
2025-10-25 13:00:00,-0.0033314856
2025-10-25 14:00:00,0.0049930756
2025-10-25 15:00:00,-0.0038813467
2025-10-25 16:00:00,-0.0005557099
2025-10-25 17:00:00,0.0005557099
2025-10-25 18:00:00,0.0066445427
2025-10-25 19:00:00,0.0038556919
2025-10-25 20:00:00,-0.0055126931
2025-10-25 21:00:00,-0.0049875415
2025-10-25 22:00:00,0.0038813467
2025-10-25 23:00:00,-0.0027708524
2025-10-26 00:00:00,-0.0033351893
2025-10-26 01:00:00,-0.0067039357
2025-10-26 02:00:00,-0.003931485
2025-10-26 03:00:00,-0.0016896653
2025-10-26 04:00:00,0.0033764804
2025-10-26 05:00:00,0.00056164
2025-10-26 06:00:00,-0.00056164
2025-10-26 07:00:00,0.0033651182
2025-10-26 08:00:00,0.0039117122
2025-10-26 09:00:00,0.0094366507
2025-10-26 10:00:00,-0.0027662535
2025-10-26 11:00:00,0.0153933771
2025-10-26 12:00:00,0.0010905126
2025-10-26 13:00:00,0.0027210901
2025-10-26 14:00:00,-0.0038116028
2025-10-26 15:00:00,0.000545405
2025-10-26 16:00:00,-0.0093125844
2025-10-26 17:00:00,-0.0038599441
2025-10-26 18:00:00,0.0044101505
2025-10-26 19:00:00,-0.0022026441
2025-10-26 20:00:00,-0.0016551728
2025-10-26 21:00:00,0.0060556199
2025-10-26 22:00:00,0.0211791788
2025-10-26 23:00:00,-0.0032292816
2025-10-27 00:00:00,0.0085883512
2025-10-27 01:00:00,0.0101037818
2025-10-27 02:00:00,0.0052770571
2025-10-27 03:00:00,-0.0031628914
2025-10-27 04:00:00,0.0
2025-10-27 05:00:00,0.0
2025-10-27 06:00:00,0.0026364371
2025-10-27 07:00:00,-0.0079302557
2025-10-27 08:00:00,-0.0096000737
2025-10-27 09:00:00,-0.0086114633
2025-10-27 10:00:00,0.0005403945
2025-10-27 11:00:00,-0.0010810812
2025-10-27 12:00:00,-0.0092366862
2025-10-27 13:00:00,0.0038136794
2025-10-27 14:00:00,-0.0038136794
2025-10-27 15:00:00,0.004900636
2025-10-27 16:00:00,0.0172325212
2025-10-27 17:00:00,0.0016004271
2025-10-27 18:00:00,-0.0032034197
2025-10-27 19:00:00,-0.0118344576
2025-10-27 20:00:00,-0.0092417075
2025-10-27 21:00:00,0.0
2025-10-27 22:00:00,-0.0054764649
2025-10-27 23:00:00,-0.0005492997
2025-10-28 00:00:00,0.0021953906
2025-10-28 01:00:00,0.0060125899
2025-10-28 02:00:00,-0.0082079804
2025-10-28 03:00:00,0.0016469946
2025-10-28 04:00:00,0.0
2025-10-28 05:00:00,-0.0093690407
2025-10-28 06:00:00,0.0191944473
2025-10-28 07:00:00,-0.0054466366
2025-10-28 08:00:00,0.0087004355
2025-10-28 09:00:00,0.0010822512
2025-10-28 10:00:00,-0.0027078273
2025-10-28 11:00:00,-0.0027151795
2025-10-28 12:00:00,0.0070441906
2025-10-28 13:00:00,0.0107412418
2025-10-28 14:00:00,-0.0166984758
2025-10-28 15:00:00,-0.0016308783
2025-10-28 16:00:00,0.0113606848
2025-10-28 17:00:00,-0.0005380683
2025-10-28 18:00:00,-0.0108226165
2025-10-28 19:00:00,-0.020891359
2025-10-28 20:00:00,-0.0179377007
2025-10-28 21:00:00,0.005077585
2025-10-28 22:00:00,0.0072890707
2025-10-28 23:00:00,-0.0022371374
2025-10-29 00:00:00,-0.0028034781
2025-10-29 01:00:00,0.0044818002
2025-10-29 02:00:00,-0.0027987704
2025-10-29 03:00:00,-0.0005606953
2025-10-29 04:00:00,-0.0005610098
2025-10-29 05:00:00,0.0022421534
2025-10-29 06:00:00,0.0027956406
2025-10-29 07:00:00,0.0011160715
2025-10-29 08:00:00,-0.0072768303
2025-10-29 09:00:00,0.0039248719
2025-10-29 10:00:00,0.0072484287
2025-10-29 11:00:00,0.006092514
2025-10-29 12:00:00,-0.0027647239
2025-10-29 13:00:00,0.0060723344
2025-10-29 14:00:00,0.0021990113
2025-10-29 15:00:00,-0.0093793791
2025-10-29 16:00:00,0.004424786
2025-10-29 17:00:00,0.0137025986
2025-10-29 18:00:00,-0.0125994545
2025-10-29 19:00:00,0.0065934305
2025-10-29 20:00:00,0.0087241557
2025-10-29 21:00:00,0.0048740958
2025-10-29 22:00:00,-0.0070480097
2025-10-29 23:00:00,-0.0131436722
2025-10-30 00:00:00,0.0087816152
2025-10-30 01:00:00,-0.010436788
2025-10-30 02:00:00,0.0066043168
2025-10-30 03:00:00,-0.004398028
2025-10-30 04:00:00,-0.0268022744
2025-10-30 05:00:00,0.0273530868
2025-10-30 06:00:00,0.0005505092
2025-10-30 07:00:00,0.0114912345
2025-10-30 08:00:00,-0.0098415228
2025-10-30 09:00:00,-0.012161565
2025-10-30 10:00:00,-0.0117483869
2025-10-30 11:00:00,-0.005077585
2025-10-30 12:00:00,-0.0153893034
2025-10-30 13:00:00,-0.0150465802
2025-10-30 14:00:00,-0.0023350857
2025-10-30 15:00:00,-0.011757925
2025-10-30 16:00:00,0.0011820332
2025-10-30 17:00:00,-0.0100921011
2025-10-30 18:00:00,-0.0114012636
2025-10-30 19:00:00,-0.0084848994
2025-10-30 20:00:00,0.0162997874
2025-10-30 21:00:00,0.0
2025-10-30 22:00:00,-0.0011983225
2025-10-30 23:00:00,0.0077635505
2025-10-31 00:00:00,0.0065224068
2025-10-31 01:00:00,0.0088261826
2025-10-31 02:00:00,-0.0082353407
2025-10-31 03:00:00,0.0005904931
2025-10-31 04:00:00,0.0169743613
2025-10-31 05:00:00,-0.002906134
2025-10-31 06:00:00,0.0011634673
2025-10-31 07:00:00,0.0011621152
2025-10-31 08:00:00,0.0028993932
2025-10-31 09:00:00,-0.0023188416
2025-10-31 10:00:00,-0.0017426667
2025-10-31 11:00:00,0.0063749854
2025-10-31 12:00:00,-0.0081206943
2025-10-31 13:00:00,0.0046484686
2025-10-31 14:00:00,0.0063565658
2025-10-31 15:00:00,-0.0034622077
2025-10-31 16:00:00,-0.0251696049
2025-10-31 17:00:00,0.0035502996
2025-10-31 18:00:00,0.0041261479
2025-10-31 19:00:00,0.0180710251
2025-10-31 20:00:00,-0.0075384526
2025-10-31 21:00:00,0.0034863487
2025-10-31 22:00:00,0.0023174981
2025-10-31 23:00:00,-0.0023174981
2025-11-01 00:00:00,-0.0040685903
2025-11-01 01:00:00,-0.0023323626
2025-11-01 02:00:00,0.0064009529
2025-11-01 03:00:00,0.0034742363
2025-11-01 04:00:00,0.0005778677
2025-11-01 05:00:00,-0.0063749854
2025-11-01 06:00:00,0.0
2025-11-01 07:00:00,0.0063749854
2025-11-01 08:00:00,0.0034602111
2025-11-01 09:00:00,-0.0028826771
2025-11-01 10:00:00,0.0011540682
2025-11-01 11:00:00,-0.0017316022
2025-11-01 12:00:00,0.0023081372
2025-11-01 13:00:00,-0.004042743
2025-11-01 14:00:00,-0.0058038468
2025-11-01 15:00:00,0.0040662269
2025-11-01 16:00:00,0.0023161562
2025-11-01 17:00:00,-0.0075472056
2025-11-01 18:00:00,0.0011648225
2025-11-01 19:00:00,0.002906134
2025-11-01 20:00:00,0.0011600929
2025-11-01 21:00:00,-0.00873368
2025-11-01 22:00:00,0.0011689072
2025-11-01 23:00:00,0.0011675425
2025-11-02 00:00:00,-0.0023364497
2025-11-02 01:00:00,-0.0011702751
2025-11-02 02:00:00,0.0035067248
2025-11-02 03:00:00,0.0011661809
2025-11-02 04:00:00,0.0115876152
2025-11-02 05:00:00,0.0103152777
2025-11-02 06:00:00,-0.0028546979
2025-11-02 07:00:00,0.0045636132
2025-11-02 08:00:00,-0.0062803518
2025-11-02 09:00:00,-0.0011461319
2025-11-02 10:00:00,-0.0086381188
2025-11-02 11:00:00,0.0160646025
2025-11-02 12:00:00,-0.0062803518
2025-11-02 13:00:00,-0.0068965791
2025-11-02 14:00:00,-0.012184659
2025-11-02 15:00:00,0.0
2025-11-02 16:00:00,0.008718451
2025-11-02 17:00:00,-0.0069686693
2025-11-02 18:00:00,0.0
2025-11-02 19:00:00,-0.0070175727
2025-11-02 20:00:00,0.0058513918
2025-11-02 21:00:00,0.0023310034
2025-11-02 22:00:00,-0.0005822416
2025-11-02 23:00:00,0.0247352271
2025-11-03 00:00:00,-0.0177706023
2025-11-03 01:00:00,-0.0133917576
2025-11-03 02:00:00,-0.0129795332
2025-11-03 03:00:00,-0.0283066174
2025-11-03 04:00:00,0.0024405137
2025-11-03 05:00:00,-0.0147332315
2025-11-03 06:00:00,-0.0068259651
2025-11-03 07:00:00,0.0068259651
2025-11-03 08:00:00,-0.0055814098
2025-11-03 09:00:00,-0.0074906717
2025-11-03 10:00:00,-0.0062853758
2025-11-03 11:00:00,0.0125314923
2025-11-03 12:00:00,-0.0024937669
2025-11-03 13:00:00,0.0093197319
2025-11-03 14:00:00,0.0080074342
2025-11-03 15:00:00,-0.0646203241
2025-11-03 16:00:00,0.0123578808
2025-11-03 17:00:00,0.0173025784
2025-11-03 18:00:00,-0.0153652191
2025-11-03 19:00:00,-0.011028331
2025-11-03 20:00:00,-0.0131321651
2025-11-03 21:00:00,0.0150871999
2025-11-03 22:00:00,-0.0091563753
2025-11-03 23:00:00,0.0013131978
2025-11-04 00:00:00,0.0052356141
2025-11-04 01:00:00,0.0039087998
2025-11-04 02:00:00,-0.0032562712
2025-11-04 03:00:00,0.0071498517
2025-11-04 04:00:00,-0.0123820415
2025-11-04 05:00:00,-0.0367320093
2025-11-04 06:00:00,0.0121705356
2025-11-04 07:00:00,-0.0169438144
2025-11-04 08:00:00,0.0135779411
2025-11-04 09:00:00,0.0033658733
2025-11-04 10:00:00,0.0126879832
2025-11-04 11:00:00,-0.0013280214
2025-11-04 12:00:00,-0.0127049519
2025-11-04 13:00:00,-0.0047217626
2025-11-04 14:00:00,0.0312837491
2025-11-04 15:00:00,-0.0085554981
2025-11-04 16:00:00,-0.0247587086
2025-11-04 17:00:00,-0.012956199
2025-11-04 18:00:00,-0.0006865774
2025-11-04 19:00:00,-0.0194180859
2025-11-04 20:00:00,0.0062827432
2025-11-04 21:00:00,-0.0048831628
2025-11-04 22:00:00,0.0303053495
2025-11-04 23:00:00,-0.002717393
2025-11-05 00:00:00,-0.009569451
2025-11-05 01:00:00,-0.0048192864
2025-11-05 02:00:00,0.0130272669
2025-11-05 03:00:00,0.0094915967
2025-11-05 04:00:00,0.0033681406
2025-11-05 05:00:00,-0.0026936043
2025-11-05 06:00:00,0.0053799726
2025-11-05 07:00:00,0.0
2025-11-05 08:00:00,-0.0135045942
2025-11-05 09:00:00,0.0047473809
2025-11-05 10:00:00,-0.0143102953
2025-11-05 11:00:00,0.0176875359
2025-11-05 12:00:00,0.0067204554
2025-11-05 13:00:00,0.0053440341
2025-11-05 14:00:00,-0.0060140509
2025-11-05 15:00:00,0.0106667678
2025-11-05 16:00:00,0.0085837437
2025-11-05 17:00:00,0.0006572462
2025-11-05 18:00:00,0.0078534435
2025-11-05 19:00:00,-0.0058842929
2025-11-05 20:00:00,-0.0026263968
2025-11-05 21:00:00,-0.0046128583
2025-11-05 22:00:00,0.0059269189
2025-11-05 23:00:00,-0.0092348941
2025-11-06 00:00:00,-0.0006629102
2025-11-06 01:00:00,-0.0006633499
2025-11-06 02:00:00,0.0039735152
2025-11-06 03:00:00,0.0006607202
2025-11-06 04:00:00,0.0032970686
2025-11-06 05:00:00,-0.0206192872
2025-11-06 06:00:00,0.0006718173
2025-11-06 07:00:00,0.0020127481
2025-11-06 08:00:00,-0.0033568343
2025-11-06 09:00:00,-0.0026936043
2025-11-06 10:00:00,0.0040376905
2025-11-06 11:00:00,0.0026827649
2025-11-06 12:00:00,-0.0087454308
2025-11-06 13:00:00,0.0160861378
2025-11-06 14:00:00,-0.0276391035
2025-11-06 15:00:00,-0.0123798005
2025-11-06 16:00:00,-0.0027720045
2025-11-06 17:00:00,0.0117283166
2025-11-06 18:00:00,0.0027397277
2025-11-06 19:00:00,0.0061370803
2025-11-06 20:00:00,-0.0081911721
2025-11-06 21:00:00,0.0041039729
2025-11-06 22:00:00,0.0081577611
2025-11-06 23:00:00,-0.0020332098
2025-11-07 00:00:00,0.006761351
2025-11-07 01:00:00,-0.003374961
2025-11-07 02:00:00,0.0074099362
2025-11-07 03:00:00,0.0033500869
2025-11-07 04:00:00,-0.0020087051
2025-11-07 05:00:00,0.011329678
2025-11-07 06:00:00,-0.003984069
2025-11-07 07:00:00,0.0072920442
2025-11-07 08:00:00,-0.0099569359
2025-11-07 09:00:00,-0.0093834469
2025-11-07 10:00:00,-0.0060790461
2025-11-07 11:00:00,-0.004753829
2025-11-07 12:00:00,-0.0178576174
2025-11-07 13:00:00,0.0103413538
2025-11-07 14:00:00,0.0149764542
2025-11-07 15:00:00,0.0147554656
2025-11-07 16:00:00,0.0308120081
2025-11-07 17:00:00,0.0286370189
2025-11-07 18:00:00,0.0056302933
2025-11-07 19:00:00,0.001246883
2025-11-07 20:00:00,0.0037313476
2025-11-07 21:00:00,0.0018604657
2025-11-07 22:00:00,-0.0031027018
2025-11-07 23:00:00,-0.0194546456
2025-11-08 00:00:00,-0.0108315809
2025-11-08 01:00:00,0.0095633499
2025-11-08 02:00:00,0.0056944159
2025-11-08 03:00:00,-0.0037926721
2025-11-08 04:00:00,0.0018981341
2025-11-08 05:00:00,-0.009526906
2025-11-08 06:00:00,0.001912656
2025-11-08 07:00:00,0.0006367399
2025-11-08 08:00:00,0.002542913
2025-11-08 09:00:00,-0.0076482208
2025-11-08 10:00:00,0.0114505068
2025-11-08 11:00:00,-0.0082566363
2025-11-08 12:00:00,-0.0025542798
2025-11-08 13:00:00,-0.0148150858
2025-11-08 14:00:00,0.002592354
2025-11-08 15:00:00,-0.0163135755
2025-11-08 16:00:00,0.0026281224
2025-11-08 17:00:00,0.0058881426
2025-11-08 18:00:00,0.0052049564
2025-11-08 19:00:00,-0.0019486853
2025-11-08 20:00:00,0.0006499838
2025-11-08 21:00:00,0.0019474203
2025-11-08 22:00:00,0.0051746558
2025-11-08 23:00:00,0.0006449533
2025-11-09 00:00:00,-0.0097182495
2025-11-09 01:00:00,0.0045469387
2025-11-09 02:00:00,-0.0202952956
2025-11-09 03:00:00,-0.001986098
2025-11-09 04:00:00,0.000662471
2025-11-09 05:00:00,0.0111953754
2025-11-09 06:00:00,-0.003937013
2025-11-09 07:00:00,0.0111148578
2025-11-09 08:00:00,-0.0065231803
2025-11-09 09:00:00,-0.0059074671
2025-11-09 10:00:00,0.0065617033
2025-11-09 11:00:00,0.0097625247
2025-11-09 12:00:00,0.0012944986
2025-11-09 13:00:00,0.0064474756
2025-11-09 14:00:00,0.0127715657
2025-11-09 15:00:00,0.0044317895
2025-11-09 16:00:00,0.0075519553
2025-11-09 17:00:00,-0.0107155138
2025-11-09 18:00:00,0.0100883579
2025-11-09 19:00:00,0.0081225064
2025-11-09 20:00:00,-0.0031162381
2025-11-09 21:00:00,-0.0012492194
2025-11-09 22:00:00,-0.003129893
2025-11-09 23:00:00,-0.0018826488
2025-11-10 00:00:00,0.0124845567
2025-11-10 01:00:00,-0.0006205399
2025-11-10 02:00:00,0.0061881386
2025-11-10 03:00:00,0.0012330458
2025-11-10 04:00:00,0.0024615397
2025-11-10 05:00:00,0.0012285014
2025-11-10 06:00:00,0.001226994
2025-11-10 07:00:00,0.0030609145
2025-11-10 08:00:00,-0.0049019706
2025-11-10 09:00:00,0.0164487412
2025-11-10 10:00:00,-0.0018143337
2025-11-10 11:00:00,-0.0006055102
2025-11-10 12:00:00,-0.000605877
2025-11-10 13:00:00,0.0060423145
2025-11-10 14:00:00,-0.0299624982
2025-11-10 15:00:00,-0.0018639334
2025-11-10 16:00:00,-0.0043627367
2025-11-10 17:00:00,0.0117977152
2025-11-10 18:00:00,-0.0105492756
2025-11-10 19:00:00,0.008695707
2025-11-10 20:00:00,0.0024706622
2025-11-10 21:00:00,-0.008674156
2025-11-10 22:00:00,0.0215459243
2025-11-10 23:00:00,-0.0036607728
2025-11-11 00:00:00,-0.0018354242
2025-11-11 01:00:00,0.0018354242
2025-11-11 02:00:00,0.013960773
2025-11-11 03:00:00,0.0030093312
2025-11-11 04:00:00,-0.0169701042
2025-11-11 05:00:00,-0.0129192815
2025-11-11 06:00:00,0.0006190034
2025-11-11 07:00:00,-0.0105755262
2025-11-11 08:00:00,0.0056127369
2025-11-11 09:00:00,-0.0031142971
2025-11-11 10:00:00,0.0049782306
2025-11-11 11:00:00,0.0037174764
2025-11-11 12:00:00,-0.0099441466
2025-11-11 13:00:00,-0.0068944178
2025-11-11 14:00:00,0.0112571545
2025-11-11 15:00:00,-0.0181994355
2025-11-11 16:00:00,-0.0012674273
2025-11-11 17:00:00,-0.0006343165
2025-11-11 18:00:00,-0.0031776322
2025-11-11 19:00:00,-0.0044657172
2025-11-11 20:00:00,-0.0128701905
2025-11-11 21:00:00,-0.0084553349
2025-11-11 22:00:00,0.0071591585
2025-11-11 23:00:00,-0.0091205844
2025-11-12 00:00:00,-0.0032776168
2025-11-12 01:00:00,0.0111003425
2025-11-12 02:00:00,-0.0012995453
2025-11-12 03:00:00,0.0006499838
2025-11-12 04:00:00,0.0
2025-11-12 05:00:00,0.0006495616
2025-11-12 06:00:00,0.0032414939
2025-11-12 07:00:00,-0.0077973105
2025-11-12 08:00:00,0.0181000416
2025-11-12 09:00:00,0.0082935085
2025-11-12 10:00:00,0.0107425994
2025-11-12 11:00:00,0.0118714296
2025-11-12 12:00:00,0.0012414651
2025-11-12 13:00:00,0.0018593126
2025-11-12 14:00:00,-0.0219101096
2025-11-12 15:00:00,-0.0301982471
2025-11-12 16:00:00,-0.0104918995
2025-11-12 17:00:00,0.0059152325
2025-11-12 18:00:00,-0.0052562539
2025-11-12 19:00:00,-0.0059464992
2025-11-12 20:00:00,0.0059464992
2025-11-12 21:00:00,0.0052562539
2025-11-12 22:00:00,0.0
2025-11-12 23:00:00,-0.0072344939
2025-11-13 00:00:00,0.0032948959
2025-11-13 01:00:00,0.0065574005
2025-11-13 02:00:00,0.0
2025-11-13 03:00:00,0.0155645165
2025-11-13 04:00:00,0.0102433674
2025-11-13 05:00:00,0.0120292682
2025-11-13 06:00:00,0.0025141434
2025-11-13 07:00:00,-0.0056657375
2025-11-13 08:00:00,-0.0006315125
2025-11-13 09:00:00,-0.009520859
2025-11-13 10:00:00,0.0012746974
2025-11-13 11:00:00,0.0031796529
2025-11-13 12:00:00,-0.0006351223
2025-11-13 13:00:00,-0.0166563748
2025-11-13 14:00:00,0.0096432763
2025-11-13 15:00:00,-0.0206859348
2025-11-13 16:00:00,-0.0211228976
2025-11-13 17:00:00,-0.0243090971
2025-11-13 18:00:00,-0.0082361481
2025-11-13 19:00:00,-0.01597811
2025-11-13 20:00:00,-0.0049140148
2025-11-13 21:00:00,0.00140647
2025-11-13 22:00:00,0.0187962373
2025-11-13 23:00:00,0.0034423442
2025-11-14 00:00:00,-0.0110574727
2025-11-14 01:00:00,0.0013888891
2025-11-14 02:00:00,0.0089810621
2025-11-14 03:00:00,-0.0082873402
2025-11-14 04:00:00,-0.0167836108
2025-11-14 05:00:00,0.0126140425
2025-11-14 06:00:00,0.0090121927
2025-11-14 07:00:00,-0.0020725396
2025-11-14 08:00:00,-0.0083333816
2025-11-14 09:00:00,-0.0133382111
2025-11-14 10:00:00,0.0091453328
2025-11-14 11:00:00,-0.0063224657
2025-11-14 12:00:00,-0.0021164029
2025-11-14 13:00:00,-0.0085106897
2025-11-14 14:00:00,0.019048195
2025-11-14 15:00:00,-0.0027991621
2025-11-14 16:00:00,0.0132267852
2025-11-14 17:00:00,-0.0216715926
2025-11-14 18:00:00,-0.0049592734
2025-11-14 19:00:00,0.0141046062
2025-11-14 20:00:00,-0.0284110018
2025-11-14 21:00:00,0.0114614435
2025-11-14 22:00:00,-0.0071479933
2025-11-14 23:00:00,-0.0100938132
2025-11-15 00:00:00,0.0136741965
2025-11-15 01:00:00,0.0113718354
2025-11-15 02:00:00,0.0035273405
2025-11-15 03:00:00,0.0014074598
2025-11-15 04:00:00,-0.0056417639
2025-11-15 05:00:00,0.0028248606
2025-11-15 06:00:00,0.0028169033
2025-11-15 07:00:00,-0.0106045532
2025-11-15 08:00:00,-0.0128757144
2025-11-15 09:00:00,0.0050269406
2025-11-15 10:00:00,0.0064262984
2025-11-15 11:00:00,-0.0028510354
2025-11-15 12:00:00,0.0085288363
2025-11-15 13:00:00,0.0077547093
2025-11-15 14:00:00,-0.0049278523
2025-11-15 15:00:00,0.0014104375
2025-11-15 16:00:00,0.0007044734
2025-11-15 17:00:00,0.0049174669
2025-11-15 18:00:00,-0.0014025248
2025-11-15 19:00:00,-0.0028109646
2025-11-15 20:00:00,-0.0091905914
2025-11-15 21:00:00,-0.0064125621
2025-11-15 22:00:00,0.0085409772
2025-11-15 23:00:00,0.0007084662
2025-11-16 00:00:00,-0.0049698363
2025-11-16 01:00:00,-0.0042796071
2025-11-16 02:00:00,0.0141947025
2025-11-16 03:00:00,-0.0014104375
2025-11-16 04:00:00,-0.0021193932
2025-11-16 05:00:00,0.0049382816
2025-11-16 06:00:00,-0.0014084509
2025-11-16 07:00:00,0.0084211024
2025-11-16 08:00:00,-0.0013986016
2025-11-16 09:00:00,0.0090561399
2025-11-16 10:00:00,-0.0048661897
2025-11-16 11:00:00,-0.0197050711
2025-11-16 12:00:00,-0.0014224753
2025-11-16 13:00:00,-0.0028510354
2025-11-16 14:00:00,0.0078208717
2025-11-16 15:00:00,-0.0250999193
2025-11-16 16:00:00,-0.0138941906
2025-11-16 17:00:00,0.0
2025-11-16 18:00:00,-0.0022115748
2025-11-16 19:00:00,0.0051527534
2025-11-16 20:00:00,-0.0007344841
2025-11-16 21:00:00,-0.0058953745
2025-11-16 22:00:00,0.0117561971
2025-11-16 23:00:00,0.0029175805
2025-11-17 00:00:00,0.0108657353
2025-11-17 01:00:00,-0.0079566423
2025-11-17 02:00:00,0.0036245056
2025-11-17 03:00:00,0.008645587
2025-11-17 04:00:00,0.0021497679
2025-11-17 05:00:00,-0.001432665
2025-11-17 06:00:00,0.0092758425
2025-11-17 07:00:00,0.0021284151
2025-11-17 08:00:00,-0.0049733673
2025-11-17 09:00:00,0.0035549273
2025-11-17 10:00:00,0.0007094715
2025-11-17 11:00:00,0.0021253993
2025-11-17 12:00:00,-0.0049663103
2025-11-17 13:00:00,-0.0266682471
2025-11-17 14:00:00,0.018813869
2025-11-17 15:00:00,-0.0180836754
2025-11-17 16:00:00,0.0043699997
2025-11-17 17:00:00,-0.0287524414
2025-11-17 18:00:00,-0.0075075428
2025-11-17 19:00:00,-0.0052890188
2025-11-17 20:00:00,0.0015140048
2025-11-17 21:00:00,0.0
2025-11-17 22:00:00,0.0030211503
2025-11-17 23:00:00,0.0045146804
2025-11-18 00:00:00,0.0015003754
2025-11-18 01:00:00,-0.0030030053
2025-11-18 02:00:00,-0.0022581869
2025-11-18 03:00:00,0.0119851622
2025-11-18 04:00:00,0.0037160949
2025-11-18 05:00:00,-0.0029717704
2025-11-18 06:00:00,-0.0112234624
2025-11-18 07:00:00,0.0060015184
2025-11-18 08:00:00,0.0126348764
2025-11-18 09:00:00,0.001476015
2025-11-18 10:00:00,-0.0007377352
2025-11-18 11:00:00,-0.0066642231
2025-11-18 12:00:00,-0.0014869891
2025-11-18 13:00:00,-0.0067189502
2025-11-18 14:00:00,0.0029917749
2025-11-18 15:00:00,0.0236173339
2025-11-18 16:00:00,0.0130436632
2025-11-18 17:00:00,-0.0065005646
2025-11-18 18:00:00,0.007220248
2025-11-18 19:00:00,0.0
2025-11-18 20:00:00,-0.0007196834
2025-11-18 21:00:00,-0.0130436632
2025-11-18 22:00:00,0.0108815002
2025-11-18 23:00:00,-0.005063302
2025-11-19 00:00:00,0.0
2025-11-19 01:00:00,-0.0087400411
2025-11-19 02:00:00,0.0
2025-11-19 03:00:00,-0.0139965453
2025-11-19 04:00:00,-0.0059523985
2025-11-19 05:00:00,-0.0150378774
2025-11-19 06:00:00,0.0082988028
2025-11-19 07:00:00,0.011949358
2025-11-19 08:00:00,-0.0052102835
2025-11-19 09:00:00,0.0044676173
2025-11-19 10:00:00,-0.0029761927
2025-11-19 11:00:00,-0.0029850768
2025-11-19 12:00:00,0.0052180513
2025-11-19 13:00:00,-0.0112150708
2025-11-19 14:00:00,0.0
2025-11-19 15:00:00,-0.0228146778
2025-11-19 16:00:00,-0.0061728591
2025-11-19 17:00:00,0.0023192898
2025-11-19 18:00:00,-0.0046439712
2025-11-19 19:00:00,-0.0023300981
2025-11-19 20:00:00,0.0177268611
2025-11-19 21:00:00,0.0211648112
2025-11-19 22:00:00,-0.0022463506
2025-11-19 23:00:00,0.0141424017
2025-11-20 00:00:00,-0.0014792902
2025-11-20 01:00:00,0.0073746647
2025-11-20 02:00:00,0.0022018358
2025-11-20 03:00:00,0.0
2025-11-20 04:00:00,0.0080321717
2025-11-20 05:00:00,0.0021794415
2025-11-20 06:00:00,-0.0036350458
2025-11-20 07:00:00,0.014461568
2025-11-20 08:00:00,-0.0014367819
2025-11-20 09:00:00,-0.0050450557
2025-11-20 10:00:00,-0.0094374566
2025-11-20 11:00:00,-0.0014598543
2025-11-20 12:00:00,0.0043731848
2025-11-20 13:00:00,-0.0109690314
2025-11-20 14:00:00,0.0
2025-11-20 15:00:00,-0.0110906867
2025-11-20 16:00:00,-0.0425272891
2025-11-20 17:00:00,0.0046439712
2025-11-20 18:00:00,-0.0046439712
2025-11-20 19:00:00,0.0084975405
2025-11-20 20:00:00,-0.0038535693
2025-11-20 21:00:00,0.0122795096
2025-11-20 22:00:00,0.0083555366
2025-11-20 23:00:00,-0.0245035231
2025-11-21 00:00:00,0.0146212686
2025-11-21 01:00:00,0.0015267179
2025-11-21 02:00:00,-0.0254938488
2025-11-21 03:00:00,0.0077942717
2025-11-21 04:00:00,-0.0007766991
2025-11-21 05:00:00,-0.00936775
2025-11-21 06:00:00,0.0007840063
2025-11-21 07:00:00,-0.0407893409
2025-11-21 08:00:00,0.0040733254
2025-11-21 09:00:00,-0.0246926126
2025-11-21 10:00:00,0.0008329863
2025-11-21 11:00:00,-0.0108833222
2025-11-21 12:00:00,0.0133781259
2025-11-21 13:00:00,0.0033167526
2025-11-21 14:00:00,0.014790738
2025-11-21 15:00:00,-0.0331705369
2025-11-21 16:00:00,0.0258025134
2025-11-21 17:00:00,0.0024620447
2025-11-21 18:00:00,0.001638002
2025-11-21 19:00:00,-0.0098685011
2025-11-21 20:00:00,-0.0058019226
2025-11-21 21:00:00,0.0091022556
2025-11-21 22:00:00,-0.0250221562
2025-11-21 23:00:00,0.0217218231
2025-11-22 00:00:00,0.0041237172
2025-11-22 01:00:00,0.005744784
2025-11-22 02:00:00,-0.0123509186
2025-11-22 03:00:00,0.0024824175
2025-11-22 04:00:00,-0.0074658165
2025-11-22 05:00:00,-0.0083612527
2025-11-22 06:00:00,0.0075282664
2025-11-22 07:00:00,-0.0008336807
2025-11-22 08:00:00,-0.0168212545
2025-11-22 09:00:00,0.005076153
2025-11-22 10:00:00,0.0
2025-11-22 11:00:00,0.0092398809
2025-11-22 12:00:00,-0.0109290705
2025-11-22 13:00:00,-0.0050847567
2025-11-22 14:00:00,0.0160138273
2025-11-22 15:00:00,-0.0075535399
2025-11-22 16:00:00,0.0167088265
2025-11-22 17:00:00,-0.0066500661
2025-11-22 18:00:00,-0.0033416907
2025-11-22 19:00:00,0.0058406507
2025-11-22 20:00:00,-0.0033333364
2025-11-22 21:00:00,0.0049958472
2025-11-22 22:00:00,0.0172914971
2025-11-22 23:00:00,-0.00655203
2025-11-23 00:00:00,-0.0024681214
2025-11-23 01:00:00,0.0122801379
2025-11-23 02:00:00,0.0105221529
2025-11-23 03:00:00,0.0024125464
2025-11-23 04:00:00,0.0040080214
2025-11-23 05:00:00,-0.0008003202
2025-11-23 06:00:00,-0.0064257249
2025-11-23 07:00:00,-0.0048465361
2025-11-23 08:00:00,0.0080645598
2025-11-23 09:00:00,0.0087965381
2025-11-23 10:00:00,-0.0039888366
2025-11-23 11:00:00,-0.0007996802
2025-11-23 12:00:00,0.0079681696
2025-11-23 13:00:00,0.0039604012
2025-11-23 14:00:00,-0.0119285709
2025-11-23 15:00:00,0.01350835
2025-11-23 16:00:00,-0.0095163288
2025-11-23 17:00:00,-0.0063949059
2025-11-23 18:00:00,0.0063949059
2025-11-23 19:00:00,0.0071457231
2025-11-23 20:00:00,0.001581028
2025-11-23 21:00:00,0.002366865
2025-11-23 22:00:00,0.0007877117
2025-11-23 23:00:00,-0.0158733492
2025-11-24 00:00:00,-0.0032051309
2025-11-24 01:00:00,0.0071971522
2025-11-24 02:00:00,0.0103052834
2025-11-24 03:00:00,-0.0015785323
2025-11-24 04:00:00,-0.0079302557
2025-11-24 05:00:00,0.0110848324
2025-11-24 06:00:00,-0.0063191364
2025-11-24 07:00:00,-0.0031746058
2025-11-24 08:00:00,0.0023818987
2025-11-24 09:00:00,-0.0176004543
2025-11-24 10:00:00,0.0032232099
2025-11-24 11:00:00,0.0032128542
2025-11-24 12:00:00,-0.0024086724
2025-11-24 13:00:00,0.0056112372
2025-11-24 14:00:00,-0.0056112372
2025-11-24 15:00:00,0.0143657698
2025-11-24 16:00:00,0.0039541372
2025-11-24 17:00:00,0.0303171295
2025-11-24 18:00:00,-0.0007659901
2025-11-24 19:00:00,-0.0046083031
2025-11-24 20:00:00,0.0091954671
2025-11-24 21:00:00,-0.0061209066
2025-11-24 22:00:00,0.0
2025-11-24 23:00:00,-0.0053867002
2025-11-25 00:00:00,0.0015420204
2025-11-25 01:00:00,-0.0046332129
2025-11-25 02:00:00,0.0054033323
2025-11-25 03:00:00,-0.0069525193
2025-11-25 04:00:00,0.0107942451
2025-11-25 05:00:00,-0.003072199
2025-11-25 06:00:00,-0.0030816665
2025-11-25 07:00:00,-0.011641575
2025-11-25 08:00:00,-0.007050558
2025-11-25 09:00:00,0.0093897403
2025-11-25 10:00:00,-0.0015588468
2025-11-25 11:00:00,-0.0039077814
2025-11-25 12:00:00,0.0093531469
2025-11-25 13:00:00,-0.0124904044
2025-11-25 14:00:00,-0.0007858547
2025-11-25 15:00:00,0.0007858547
2025-11-25 16:00:00,0.0140407923
2025-11-25 17:00:00,0.0046367935
2025-11-25 18:00:00,0.0015408324
2025-11-25 19:00:00,-0.0007701194
2025-11-25 20:00:00,0.0046118452
2025-11-25 21:00:00,-0.0046118452
2025-11-25 22:00:00,0.011489977
2025-11-25 23:00:00,-0.0045801607
2025-11-26 00:00:00,-0.0015313939
2025-11-26 01:00:00,0.004587164
2025-11-26 02:00:00,-0.0030557701
2025-11-26 03:00:00,-0.0092237395
2025-11-26 04:00:00,0.0015432102
2025-11-26 05:00:00,0.0030792942
2025-11-26 06:00:00,0.0030698412
2025-11-26 07:00:00,0.0015313939
2025-11-26 08:00:00,-0.0076805293
2025-11-26 09:00:00,-0.0061871814
2025-11-26 10:00:00,0.0007754944
2025-11-26 11:00:00,-0.0046620131
2025-11-26 12:00:00,-0.0031201273
2025-11-26 13:00:00,0.0093313274
2025-11-26 14:00:00,-0.0069903197
2025-11-26 15:00:00,0.0007791196
2025-11-26 16:00:00,0.0131529943
2025-11-26 17:00:00,0.0280427622
2025-11-26 18:00:00,0.0067039357
2025-11-26 19:00:00,0.0
2025-11-26 20:00:00,-0.0074515993
2025-11-26 21:00:00,0.005221944
2025-11-26 22:00:00,-0.0014892036
2025-11-26 23:00:00,0.0022329745
2025-11-27 00:00:00,0.0029695642
2025-11-27 01:00:00,-0.002226346
2025-11-27 02:00:00,-0.0014869891
2025-11-27 03:00:00,-0.0044742804
2025-11-27 04:00:00,0.0029850768
2025-11-27 05:00:00,-0.0059790911
2025-11-27 06:00:00,0.0059790911
2025-11-27 07:00:00,-0.0044809634
2025-11-27 08:00:00,-0.002998503
2025-11-27 09:00:00,0.0059880418
2025-11-27 10:00:00,-0.0014936523
2025-11-27 11:00:00,-0.0014958866
2025-11-27 12:00:00,-0.0090226176
2025-11-27 13:00:00,0.0082738343
2025-11-27 14:00:00,0.0022446699
2025-11-27 15:00:00,0.0059612695
2025-11-27 16:00:00,0.002226346
2025-11-27 17:00:00,-0.0044576597
2025-11-27 18:00:00,0.0051986749
2025-11-27 19:00:00,-0.0029673612
2025-11-27 20:00:00,0.0029673612
2025-11-27 21:00:00,0.0
2025-11-27 22:00:00,-0.011922645
2025-11-27 23:00:00,0.0007493444
2025-11-28 00:00:00,-0.0022497197
2025-11-28 01:00:00,-0.0113251494
2025-11-28 02:00:00,0.0060560367
2025-11-28 03:00:00,0.0030143203
2025-11-28 04:00:00,-0.0030143203
2025-11-28 05:00:00,0.0052691127
2025-11-28 06:00:00,-0.006779687
2025-11-28 07:00:00,0.0
2025-11-28 08:00:00,0.0150040324
2025-11-28 09:00:00,-0.0014903132
2025-11-28 10:00:00,0.0037216269
2025-11-28 11:00:00,-0.0112066918
2025-11-28 12:00:00,0.0
2025-11-28 13:00:00,0.0089753781
2025-11-28 14:00:00,-0.0029828508
2025-11-28 15:00:00,0.0007465473
2025-11-28 16:00:00,-0.0157957402
2025-11-28 17:00:00,-0.0053211832
2025-11-28 18:00:00,0.0
2025-11-28 19:00:00,0.006836335
2025-11-28 20:00:00,0.0
2025-11-28 21:00:00,-0.0060744302
2025-11-28 22:00:00,0.0038008408
2025-11-28 23:00:00,-0.0038008408
2025-11-29 00:00:00,0.0007613247
2025-11-29 01:00:00,0.0015209128
2025-11-29 02:00:00,-0.0030441424
2025-11-29 03:00:00,-0.0030534375
2025-11-29 04:00:00,0.0060975799
2025-11-29 05:00:00,-0.005333346
2025-11-29 06:00:00,-0.0022944561
2025-11-29 07:00:00,0.0053455645
2025-11-29 08:00:00,-0.0045801607
2025-11-29 09:00:00,0.0007648184
2025-11-29 10:00:00,0.0038153423
2025-11-29 11:00:00,0.0022822376
2025-11-29 12:00:00,-0.0038066281
2025-11-29 13:00:00,-0.0007630676
2025-11-29 14:00:00,0.0015255533
2025-11-29 15:00:00,0.0038037322
2025-11-29 16:00:00,-0.0015197571
2025-11-29 17:00:00,-0.0107034661
2025-11-29 18:00:00,0.002303264
2025-11-29 19:00:00,-0.0007671654
2025-11-29 20:00:00,0.0015337426
2025-11-29 21:00:00,-0.0007665773
2025-11-29 22:00:00,-0.0046118452
2025-11-29 23:00:00,0.0015396462
2025-11-30 00:00:00,0.0015372793
2025-11-30 01:00:00,0.0038328909
2025-11-30 02:00:00,-0.0030651365
2025-11-30 03:00:00,0.0053578391
2025-11-30 04:00:00,-0.0038240964
2025-11-30 05:00:00,-0.0030698412
2025-11-30 06:00:00,0.0007683443
2025-11-30 07:00:00,0.0030674871
2025-11-30 08:00:00,-0.0015325673
2025-11-30 09:00:00,0.0045906737
2025-11-30 10:00:00,-0.0030581064
2025-11-30 11:00:00,-0.0038358313
2025-11-30 12:00:00,0.008419491
2025-11-30 13:00:00,0.0128740892
2025-11-30 14:00:00,0.0
2025-11-30 15:00:00,-0.0037693222
2025-11-30 16:00:00,0.0105185042
2025-11-30 17:00:00,-0.0007476636
2025-11-30 18:00:00,-0.000748223
2025-11-30 19:00:00,-0.002998503
2025-11-30 20:00:00,-0.0015026299
2025-11-30 21:00:00,-0.0022581869
2025-11-30 22:00:00,0.0015060244
2025-11-30 23:00:00,-0.0259160846
2025-12-01 00:00:00,-0.0547538576
2025-12-01 01:00:00,0.0024439931
2025-12-01 02:00:00,-0.0008140009
2025-12-01 03:00:00,-0.0106427529
2025-12-01 04:00:00,-0.0041237172
2025-12-01 05:00:00,0.0
2025-12-01 06:00:00,0.0024762704
2025-12-01 07:00:00,0.0041135393
2025-12-01 08:00:00,-0.0024660925
2025-12-01 09:00:00,0.0
2025-12-01 10:00:00,0.0024660925
2025-12-01 11:00:00,-0.0057637047
2025-12-01 12:00:00,0.0008254231
2025-12-01 13:00:00,-0.0057923207
2025-12-01 14:00:00,0.0049668976
2025-12-01 15:00:00,-0.0091249078
2025-12-01 16:00:00,-0.0202027073
2025-12-01 17:00:00,0.0084674511
2025-12-01 18:00:00,0.0042069898
2025-12-01 19:00:00,-0.0058947539
2025-12-01 20:00:00,0.0067340322
2025-12-01 21:00:00,0.0091858683
2025-12-01 22:00:00,0.0058019226
2025-12-01 23:00:00,-0.0016542601
2025-12-02 00:00:00,0.0008274721
2025-12-02 01:00:00,-0.0024844733
2025-12-02 02:00:00,-0.0016597514
2025-12-02 03:00:00,0.0074472831
2025-12-02 04:00:00,-0.0008247423
2025-12-02 05:00:00,0.0
2025-12-02 06:00:00,0.0041169264
2025-12-02 07:00:00,-0.003292184
2025-12-02 08:00:00,-0.0091097938
2025-12-02 09:00:00,0.004151106
2025-12-02 10:00:00,0.0098929084
2025-12-02 11:00:00,0.0049099935
2025-12-02 12:00:00,-0.0024519832
2025-12-02 13:00:00,0.0138157419
2025-12-02 14:00:00,0.0262858623
2025-12-02 15:00:00,0.0445884773
2025-12-02 16:00:00,-0.0037664828
2025-12-02 17:00:00,0.0082676157
2025-12-02 18:00:00,0.000748223
2025-12-02 19:00:00,0.0037327404
2025-12-02 20:00:00,-0.0052297467
2025-12-02 21:00:00,0.0067189502
2025-12-02 22:00:00,0.0051948169
2025-12-02 23:00:00,-0.0022230465
2025-12-03 00:00:00,0.0081271227
2025-12-03 01:00:00,0.0095203941
2025-12-03 02:00:00,0.015907783
2025-12-03 03:00:00,0.0035803833
2025-12-03 04:00:00,0.0120782996
2025-12-03 05:00:00,0.0056338177
2025-12-03 06:00:00,0.003505086
2025-12-03 07:00:00,0.006973529
2025-12-03 08:00:00,0.0048526958
2025-12-03 09:00:00,-0.0006918022
2025-12-03 10:00:00,-0.0069444724
2025-12-03 11:00:00,0.0055594306
2025-12-03 12:00:00,0.0020768439
2025-12-03 13:00:00,0.009635312
2025-12-03 14:00:00,-0.0228620972
2025-12-03 15:00:00,0.0083740894
2025-12-03 16:00:00,-0.0020869573
2025-12-03 17:00:00,0.0097020858
2025-12-03 18:00:00,-0.0062262394
2025-12-03 19:00:00,0.0
2025-12-03 20:00:00,0.0020797235
2025-12-03 21:00:00,0.004146516
2025-12-03 22:00:00,0.0075575763
2025-12-03 23:00:00,0.0027341097
2025-12-04 00:00:00,0.0081577611
2025-12-04 01:00:00,-0.0006772774
2025-12-04 02:00:00,0.0013540963
2025-12-04 03:00:00,-0.0122533868
2025-12-04 04:00:00,-0.009635312
2025-12-04 05:00:00,-0.0069396531
2025-12-04 06:00:00,0.0103915033
2025-12-04 07:00:00,0.0020654052
2025-12-04 08:00:00,-0.0013764627
2025-12-04 09:00:00,0.0082304991
2025-12-04 10:00:00,-0.0089194416
2025-12-04 11:00:00,-0.0013793106
2025-12-04 12:00:00,-0.0055363463
2025-12-04 13:00:00,-0.0020840577
2025-12-04 14:00:00,-0.0097834463
2025-12-04 15:00:00,0.016713481
2025-12-04 16:00:00,-0.0055401804
2025-12-04 17:00:00,0.0
2025-12-04 18:00:00,-0.0097697916
2025-12-04 19:00:00,-0.0028089906
2025-12-04 20:00:00,0.0104932757
2025-12-04 21:00:00,-0.0140156464
2025-12-04 22:00:00,0.0070323778
2025-12-04 23:00:00,-0.0007010165
2025-12-05 00:00:00,0.0
2025-12-05 01:00:00,0.0014015419
2025-12-05 02:00:00,0.0034952849
2025-12-05 03:00:00,-0.0055983351
2025-12-05 04:00:00,0.0007015083
2025-12-05 05:00:00,-0.0077437909
2025-12-05 06:00:00,0.0063402819
2025-12-05 07:00:00,0.001403509
2025-12-05 08:00:00,0.0041987465
2025-12-05 09:00:00,-0.0197467629
2025-12-05 10:00:00,0.0035549273
2025-12-05 11:00:00,-0.0028429301
2025-12-05 12:00:00,-0.0035650662
2025-12-05 13:00:00,-0.0100503359
2025-12-05 14:00:00,-0.0021668481
2025-12-05 15:00:00,0.0064865092
2025-12-05 16:00:00,-0.0254651811
2025-12-05 17:00:00,-0.0022132064
2025-12-05 18:00:00,-0.0074129324
2025-12-05 19:00:00,0.0133039656
2025-12-05 20:00:00,-0.0029411786
2025-12-05 21:00:00,-0.0007366483
2025-12-05 22:00:00,0.0022083189
2025-12-05 23:00:00,0.0
2025-12-06 00:00:00,-0.0007355646
2025-12-06 01:00:00,0.0029390175
2025-12-06 02:00:00,0.0014662759
2025-12-06 03:00:00,0.0014641291
2025-12-06 04:00:00,-0.0021969983
2025-12-06 05:00:00,0.0
2025-12-06 06:00:00,-0.0036724243
2025-12-06 07:00:00,0.0007355646
2025-12-06 08:00:00,-0.0066396408
2025-12-06 09:00:00,0.0168811348
2025-12-06 10:00:00,-0.0058394327
2025-12-06 11:00:00,0.00656697
2025-12-06 12:00:00,0.0
2025-12-06 13:00:00,-0.0036429913
2025-12-06 14:00:00,0.0116111609
2025-12-06 15:00:00,-0.0028901754
2025-12-06 16:00:00,0.0057720218
2025-12-06 17:00:00,0.0085960415
2025-12-06 18:00:00,-0.0035727083
2025-12-06 19:00:00,-0.0064632182
2025-12-06 20:00:00,0.0071787817
2025-12-06 21:00:00,-0.0007155635
2025-12-06 22:00:00,-0.0035855184
2025-12-06 23:00:00,0.0007181329
2025-12-07 00:00:00,0.003582949
2025-12-07 01:00:00,-0.0043010819
2025-12-07 02:00:00,0.0050161338
2025-12-07 03:00:00,0.0014285717
2025-12-07 04:00:00,-0.0064447054
2025-12-07 05:00:00,0.0028694424
2025-12-07 06:00:00,0.0021466913
2025-12-07 07:00:00,-0.0050161338
2025-12-07 08:00:00,-0.0043196611
2025-12-07 09:00:00,-0.0072411613
2025-12-07 10:00:00,0.0072411613
2025-12-07 11:00:00,-0.005063302
2025-12-07 12:00:00,0.010101096
2025-12-07 13:00:00,-0.0115524751
2025-12-07 14:00:00,-0.0392497622
2025-12-07 15:00:00,0.0282967502
2025-12-07 16:00:00,0.0022002209
2025-12-07 17:00:00,0.0288828741
2025-12-07 18:00:00,-0.0007119972
2025-12-07 19:00:00,0.0007119972
2025-12-07 20:00:00,0.0049698363
2025-12-07 21:00:00,-0.0236485403
2025-12-07 22:00:00,-0.0153455697
2025-12-07 23:00:00,0.0044085303
2025-12-08 00:00:00,0.0007328692
2025-12-08 01:00:00,0.014545711
2025-12-08 02:00:00,0.0071942756
2025-12-08 03:00:00,-0.0043103515
2025-12-08 04:00:00,0.0050269406
2025-12-08 05:00:00,0.003575263
2025-12-08 06:00:00,0.003562526
2025-12-08 07:00:00,-0.0042765568
2025-12-08 08:00:00,0.0042765568
2025-12-08 09:00:00,0.0035498795
2025-12-08 10:00:00,-0.0007089685
2025-12-08 11:00:00,-0.0106952891
2025-12-08 12:00:00,-0.0007171029
2025-12-08 13:00:00,-0.0014357504
2025-12-08 14:00:00,-0.0014378148
2025-12-08 15:00:00,-0.0101230076
2025-12-08 16:00:00,-0.0029112102
2025-12-08 17:00:00,0.0058139699
2025-12-08 18:00:00,-0.015334364
2025-12-08 19:00:00,0.0073314111
2025-12-08 20:00:00,0.0080029529
2025-12-08 21:00:00,0.0079394138
2025-12-08 22:00:00,-0.0064911876
2025-12-08 23:00:00,-0.0043509858
2025-12-09 00:00:00,-0.0029112102
2025-12-09 01:00:00,-0.0065813766
2025-12-09 02:00:00,-0.000733945
2025-12-09 03:00:00,0.0065861929
2025-12-09 04:00:00,-0.0065861929
2025-12-09 05:00:00,0.00366435
2025-12-09 06:00:00,-0.002930405
2025-12-09 07:00:00,0.0131197217
2025-12-09 08:00:00,0.0028922652
2025-12-09 09:00:00,-0.0087020129
2025-12-09 10:00:00,-0.0021873869
2025-12-09 11:00:00,0.002915454
2025-12-09 12:00:00,0.0043573054
2025-12-09 13:00:00,-0.0072727593
2025-12-09 14:00:00,0.0007296607
2025-12-09 15:00:00,0.0511838792
2025-12-09 16:00:00,0.0286904925
2025-12-09 17:00:00,-0.0013477091
2025-12-09 18:00:00,-0.0040540596
2025-12-09 19:00:00,-0.0067935044
2025-12-09 20:00:00,-0.0130362052
2025-12-09 21:00:00,-0.0076256869
2025-12-09 22:00:00,0.0090059493
2025-12-09 23:00:00,-0.0055325176
2025-12-10 00:00:00,-0.0048661897
2025-12-10 01:00:00,-0.0062915272
2025-12-10 02:00:00,-0.0007015083
2025-12-10 03:00:00,-0.0014044946
2025-12-10 04:00:00,0.0007024939
2025-12-10 05:00:00,-0.0035174148
2025-12-10 06:00:00,0.0014084509
2025-12-10 07:00:00,-0.0028188884
2025-12-10 08:00:00,0.0
2025-12-10 09:00:00,0.0098315399
2025-12-10 10:00:00,-0.0105375053
2025-12-10 11:00:00,-0.0028288562
2025-12-10 12:00:00,0.0028288562
2025-12-10 13:00:00,-0.0014134278
2025-12-10 14:00:00,-0.0063852647
2025-12-10 15:00:00,-0.0021375142
2025-12-10 16:00:00,0.0106421721
2025-12-10 17:00:00,0.0077329032
2025-12-10 18:00:00,0.0062827432
2025-12-10 19:00:00,0.0083160562
2025-12-10 20:00:00,-0.0027643418
2025-12-10 21:00:00,-0.0139375078
2025-12-10 22:00:00,0.0
2025-12-10 23:00:00,-0.0105821093
2025-12-11 00:00:00,-0.0157258423
2025-12-11 01:00:00,-0.009410131
2025-12-11 02:00:00,-0.00656697
2025-12-11 03:00:00,-0.0088235867
2025-12-11 04:00:00,0.0088235867
2025-12-11 05:00:00,0.0007317966
2025-12-11 06:00:00,-0.0058694226
2025-12-11 07:00:00,-0.0036859607
2025-12-11 08:00:00,-0.004441162
2025-12-11 09:00:00,0.0037023367
2025-12-11 10:00:00,0.0051603506
2025-12-11 11:00:00,0.0007350239
2025-12-11 12:00:00,-0.0014705885
2025-12-11 13:00:00,0.0014705885
2025-12-11 14:00:00,-0.0073746647
2025-12-11 15:00:00,0.0014792902
2025-12-11 16:00:00,-0.0044444518
2025-12-11 17:00:00,0.0066592921
2025-12-11 18:00:00,0.0095413568
2025-12-11 19:00:00,0.0014598543
2025-12-11 20:00:00,0.0166369118
2025-12-11 21:00:00,0.0121213605
2025-12-11 22:00:00,-0.0021284151
2025-12-11 23:00:00,-0.0014214643
2025-12-12 00:00:00,-0.0157709362
2025-12-12 01:00:00,0.0086331471
2025-12-12 02:00:00,0.0085592534
2025-12-12 03:00:00,-0.0049839904
2025-12-12 04:00:00,0.0
2025-12-12 05:00:00,0.0071124055
2025-12-12 06:00:00,-0.0021284151
2025-12-12 07:00:00,-0.0007104796
2025-12-12 08:00:00,-0.0057020824
2025-12-12 09:00:00,0.0071225372
2025-12-12 10:00:00,-0.0014204548
2025-12-12 11:00:00,0.0014204548
2025-12-12 12:00:00,0.0063671952
2025-12-12 13:00:00,0.0084270162
2025-12-12 14:00:00,-0.0056101129
2025-12-12 15:00:00,-0.0519597389
2025-12-12 16:00:00,-0.0074349785
2025-12-12 17:00:00,0.0066939633
2025-12-12 18:00:00,0.0066494519
2025-12-12 19:00:00,0.000736106
2025-12-12 20:00:00,0.0007355646
2025-12-12 21:00:00,-0.0014716706
2025-12-12 22:00:00,0.005873732
2025-12-12 23:00:00,-0.0014652017
2025-12-13 00:00:00,-0.0029368597
2025-12-13 01:00:00,0.001469508
2025-12-13 02:00:00,0.0051263386
2025-12-13 03:00:00,0.0007301935
2025-12-13 04:00:00,0.0036429913
2025-12-13 05:00:00,0.0029048677
2025-12-13 06:00:00,-0.0058181982
2025-12-13 07:00:00,0.005092772
2025-12-13 08:00:00,0.0093897403
2025-12-13 09:00:00,-0.0028797716
2025-12-13 10:00:00,0.005034171
2025-12-13 11:00:00,-0.008645587
2025-12-13 12:00:00,-0.0050779942
2025-12-13 13:00:00,-0.0014556043
2025-12-13 14:00:00,0.0
2025-12-13 15:00:00,0.0065335986
2025-12-13 16:00:00,-0.0028985528
2025-12-13 17:00:00,-0.0058224328
2025-12-13 18:00:00,0.0021873869
2025-12-13 19:00:00,0.000728067
2025-12-13 20:00:00,-0.002915454
2025-12-13 21:00:00,0.0021873869
2025-12-13 22:00:00,-0.0014577262
2025-12-13 23:00:00,0.0021857932
2025-12-14 00:00:00,0.0
2025-12-14 01:00:00,-0.0014566645
2025-12-14 02:00:00,0.0036376904
2025-12-14 03:00:00,-0.0036376904
2025-12-14 04:00:00,-0.0036509716
2025-12-14 05:00:00,0.0007312615
2025-12-14 06:00:00,0.0007307271
2025-12-14 07:00:00,0.002188983
2025-12-14 08:00:00,-0.0051151007
2025-12-14 09:00:00,0.0021953906
2025-12-14 10:00:00,-0.0043956115
2025-12-14 11:00:00,-0.0036778269
2025-12-14 12:00:00,0.0058780478
2025-12-14 13:00:00,-0.0036697289
2025-12-14 14:00:00,-0.0088626873
2025-12-14 15:00:00,0.0
2025-12-14 16:00:00,0.0
2025-12-14 17:00:00,-0.0066989458
2025-12-14 18:00:00,0.0059568307
2025-12-14 19:00:00,-0.0052102835
2025-12-14 20:00:00,-0.0044876665
2025-12-14 21:00:00,-0.0045078964
2025-12-14 22:00:00,-0.0007532957
2025-12-14 23:00:00,0.0022581869
2025-12-15 00:00:00,0.002253099
2025-12-15 01:00:00,0.0134130178
2025-12-15 02:00:00,0.0022181155
2025-12-15 03:00:00,-0.0007388253
2025-12-15 04:00:00,0.0051603506
2025-12-15 05:00:00,0.001469508
2025-12-15 06:00:00,0.0022002209
2025-12-15 07:00:00,-0.0058780478
2025-12-15 08:00:00,0.0029433428
2025-12-15 09:00:00,0.002934705
2025-12-15 10:00:00,0.0007323325
2025-12-15 11:00:00,-0.0029325534
2025-12-15 12:00:00,0.0043956115
2025-12-15 13:00:00,-0.0080734383
2025-12-15 14:00:00,-0.0223556255
2025-12-15 15:00:00,-0.0376243994
2025-12-15 16:00:00,-0.0062794555
2025-12-15 17:00:00,-0.0094937422
2025-12-15 18:00:00,0.0094937422
2025-12-15 19:00:00,0.0047132845
2025-12-15 20:00:00,-0.0102403416
2025-12-15 21:00:00,0.0063141488
2025-12-15 22:00:00,0.0047095848
2025-12-15 23:00:00,0.0062451413
2025-12-16 00:00:00,-0.0101682534
2025-12-16 01:00:00,0.00313972
2025-12-16 02:00:00,0.001566171
2025-12-16 03:00:00,-0.0031347988
2025-12-16 04:00:00,-0.0015710922
2025-12-16 05:00:00,0.0007858547
2025-12-16 06:00:00,0.0101603062
2025-12-16 07:00:00,-0.0117326336
2025-12-16 08:00:00,0.0054923637
2025-12-16 09:00:00,0.0007821666
2025-12-16 10:00:00,0.0070121051
2025-12-16 11:00:00,0.0061919702
2025-12-16 12:00:00,-0.0023174981
2025-12-16 13:00:00,-0.0108865772
2025-12-16 14:00:00,0.0085636958
2025-12-16 15:00:00,0.0115608224
2025-12-16 16:00:00,-0.0069204428
2025-12-16 17:00:00,-0.01242252
2025-12-16 18:00:00,0.0108781181
2025-12-16 19:00:00,0.0007724991
2025-12-16 20:00:00,0.0
2025-12-16 21:00:00,-0.0007724991
2025-12-16 22:00:00,-0.0007730963
2025-12-16 23:00:00,0.0007730963
2025-12-17 00:00:00,-0.0077579908
2025-12-17 01:00:00,-0.0007791196
2025-12-17 02:00:00,0.003889542
2025-12-17 03:00:00,-0.0046692692
2025-12-17 04:00:00,-0.0062598013
2025-12-17 05:00:00,0.0007846215
2025-12-17 06:00:00,-0.001569859
2025-12-17 07:00:00,0.0039200364
2025-12-17 08:00:00,-0.0086444546
2025-12-17 09:00:00,-0.003162058
2025-12-17 10:00:00,-0.0007920792
2025-12-17 11:00:00,0.0055314246
2025-12-17 12:00:00,0.0
2025-12-17 13:00:00,0.0062843883
2025-12-17 14:00:00,0.0186196225
2025-12-17 15:00:00,-0.0344052699
2025-12-17 16:00:00,-0.0120049461
2025-12-17 17:00:00,-0.0080841184
2025-12-17 18:00:00,-0.0097880064
2025-12-17 19:00:00,0.006535971
2025-12-17 20:00:00,-0.0032626456
2025-12-17 21:00:00,-0.0032733253
2025-12-17 22:00:00,0.0049059788
2025-12-17 23:00:00,-0.0024499808
2025-12-18 00:00:00,0.004079973
2025-12-18 01:00:00,-0.0081766604
2025-12-18 02:00:00,0.0049140148
2025-12-18 03:00:00,-0.0040933336
2025-12-18 04:00:00,0.0016393446
2025-12-18 05:00:00,-0.0107040956
2025-12-18 06:00:00,0.0033057881
2025-12-18 07:00:00,0.0032948959
2025-12-18 08:00:00,0.0057400732
2025-12-18 09:00:00,0.0024499808
2025-12-18 10:00:00,0.0
2025-12-18 11:00:00,0.0016299922
2025-12-18 12:00:00,0.0032520354
2025-12-18 13:00:00,0.033522692
2025-12-18 14:00:00,-0.0118438021
2025-12-18 15:00:00,0.0031720883
2025-12-18 16:00:00,-0.0023781224
2025-12-18 17:00:00,-0.038015091
2025-12-18 18:00:00,-0.0091097938
2025-12-18 19:00:00,-0.0227186885
2025-12-18 20:00:00,0.0042462909
2025-12-18 21:00:00,0.0168071183
2025-12-18 22:00:00,-0.0008336807
2025-12-18 23:00:00,-0.0050167329
2025-12-19 00:00:00,-0.0008385745
2025-12-19 01:00:00,-0.0016792615
2025-12-19 02:00:00,0.0050293484
2025-12-19 03:00:00,0.0215062052
2025-12-19 04:00:00,0.0024519832
2025-12-19 05:00:00,-0.0024519832
2025-12-19 06:00:00,0.0057119698
2025-12-19 07:00:00,0.0056795285
2025-12-19 08:00:00,0.0032310206
2025-12-19 09:00:00,-0.0016142054
2025-12-19 10:00:00,0.0016142054
2025-12-19 11:00:00,0.0024164329
2025-12-19 12:00:00,0.0
2025-12-19 13:00:00,0.0
2025-12-19 14:00:00,0.0032128542
2025-12-19 15:00:00,-0.0016051368
2025-12-19 16:00:00,0.0080000427
2025-12-19 17:00:00,-0.0136383983
2025-12-19 18:00:00,0.0104460572
2025-12-19 19:00:00,0.0087545326
2025-12-19 20:00:00,0.0007920792
2025-12-19 21:00:00,-0.0079491675
2025-12-19 22:00:00,0.0047770791
2025-12-19 23:00:00,-0.0047770791
2025-12-20 00:00:00,0.0
2025-12-20 01:00:00,-0.0023971246
2025-12-20 02:00:00,0.0
2025-12-20 03:00:00,0.0039920213
2025-12-20 04:00:00,-0.0055933026
2025-12-20 05:00:00,0.003998406
2025-12-20 06:00:00,-0.0031974448
2025-12-20 07:00:00,0.010354533
2025-12-20 08:00:00,0.0031645596
2025-12-20 09:00:00,-0.0007902015
2025-12-20 10:00:00,-0.0023743581
2025-12-20 11:00:00,0.0047430919
2025-12-20 12:00:00,-0.0047430919
2025-12-20 13:00:00,-0.0015860432
2025-12-20 14:00:00,0.0047506028
2025-12-20 15:00:00,-0.0039572667
2025-12-20 16:00:00,-0.000793336
2025-12-20 17:00:00,0.0
2025-12-20 18:00:00,-0.0007939659
2025-12-20 19:00:00,-0.0007945968
2025-12-20 20:00:00,0.0007945968
2025-12-20 21:00:00,0.0007939659
2025-12-20 22:00:00,-0.0007939659
2025-12-20 23:00:00,-0.0039793129
2025-12-21 00:00:00,0.0007971304
2025-12-21 01:00:00,-0.0063949059
2025-12-21 02:00:00,-0.0064360641
2025-12-21 03:00:00,0.0080386285
2025-12-21 04:00:00,0.0008003202
2025-12-21 05:00:00,0.0
2025-12-21 06:00:00,0.0015987214
2025-12-21 07:00:00,-0.0007990412
2025-12-21 08:00:00,0.0071684895
2025-12-21 09:00:00,0.0071174678
2025-12-21 10:00:00,-0.0079114337
2025-12-21 11:00:00,-0.0015898255
2025-12-21 12:00:00,-0.0055843783
2025-12-21 13:00:00,-0.0193867138
2025-12-21 14:00:00,0.006504088
2025-12-21 15:00:00,-0.0008107013
2025-12-21 16:00:00,0.0008107013
2025-12-21 17:00:00,0.0
2025-12-21 18:00:00,0.0008100446
2025-12-21 19:00:00,0.0048465361
2025-12-21 20:00:00,-0.0056565807
2025-12-21 21:00:00,-0.0040600949
2025-12-21 22:00:00,0.0081037721
2025-12-21 23:00:00,0.0032232099
2025-12-22 00:00:00,0.0104042555
2025-12-22 01:00:00,-0.0015936258
2025-12-22 02:00:00,-0.0031948909
2025-12-22 03:00:00,0.0015987214
2025-12-22 04:00:00,0.0063694483
2025-12-22 05:00:00,-0.0047732788
2025-12-22 06:00:00,-0.0015961695
2025-12-22 07:00:00,0.0031897954
2025-12-22 08:00:00,0.0031796529
2025-12-22 09:00:00,0.0031695748
2025-12-22 10:00:00,0.0
2025-12-22 11:00:00,0.0055226965
2025-12-22 12:00:00,0.0
2025-12-22 13:00:00,0.0
2025-12-22 14:00:00,0.0070560857
2025-12-22 15:00:00,0.0
2025-12-22 16:00:00,-0.0054837584
2025-12-22 17:00:00,-0.0015723274
2025-12-22 18:00:00,-0.0031520909
2025-12-22 19:00:00,-0.0175163714
2025-12-22 20:00:00,0.0008028904
2025-12-22 21:00:00,0.0024048108
2025-12-22 22:00:00,0.0119380646
2025-12-22 23:00:00,-0.0055533661
2025-12-23 00:00:00,0.0063441926
2025-12-23 01:00:00,-0.0031670652
2025-12-23 02:00:00,-0.0079618255
2025-12-23 03:00:00,-0.0007996802
2025-12-23 04:00:00,-0.0064205678
2025-12-23 05:00:00,-0.0032258092
2025-12-23 06:00:00,-0.0040469501
2025-12-23 07:00:00,0.0
2025-12-23 08:00:00,-0.0032493936
2025-12-23 09:00:00,-0.0008140009
2025-12-23 10:00:00,0.0040633945
2025-12-23 11:00:00,0.0024301349
2025-12-23 12:00:00,-0.0040535118
2025-12-23 13:00:00,-0.0081566521
2025-12-23 14:00:00,-0.0024600258
2025-12-23 15:00:00,0.0081766604
2025-12-23 16:00:00,0.0105306765
2025-12-23 17:00:00,-0.0137933221
2025-12-23 18:00:00,0.0129871955
2025-12-23 19:00:00,-0.0040404095
2025-12-23 20:00:00,0.0072610242
2025-12-23 21:00:00,-0.0024144881
2025-12-23 22:00:00,-0.0048465361
2025-12-23 23:00:00,0.0032336326
2025-12-24 00:00:00,0.0
2025-12-24 01:00:00,-0.0016155092
2025-12-24 02:00:00,-0.0113822367
2025-12-24 03:00:00,0.0024499808
2025-12-24 04:00:00,-0.0049059788
2025-12-24 05:00:00,-0.004106782
2025-12-24 06:00:00,0.0024660925
2025-12-24 07:00:00,0.0032786915
2025-12-24 08:00:00,-0.0041000467
2025-12-24 09:00:00,-0.0016447372
2025-12-24 10:00:00,0.004106782
2025-12-24 11:00:00,0.002455998
2025-12-24 12:00:00,0.0016339873
2025-12-24 13:00:00,-0.00655203
2025-12-24 14:00:00,-0.0065952424
2025-12-24 15:00:00,0.0074165977
2025-12-24 16:00:00,0.0
2025-12-24 17:00:00,-0.0041135393
2025-12-24 18:00:00,0.0057542288
2025-12-24 19:00:00,0.0032733253
2025-12-24 20:00:00,-0.0016353233
2025-12-24 21:00:00,0.004083305
2025-12-24 22:00:00,0.0064988044
2025-12-24 23:00:00,-0.0064988044
2025-12-25 00:00:00,-0.003265309
2025-12-25 01:00:00,0.004079973
2025-12-25 02:00:00,0.0056841404
2025-12-25 03:00:00,-0.002432105
2025-12-25 04:00:00,0.0008113591
2025-12-25 05:00:00,-0.0024360548
2025-12-25 06:00:00,0.0016246957
2025-12-25 07:00:00,-0.0016246957
2025-12-25 08:00:00,-0.0024420037
2025-12-25 09:00:00,-0.004083305
2025-12-25 10:00:00,-0.0065681681
2025-12-25 11:00:00,0.0041101579
2025-12-25 12:00:00,0.0024580103
2025-12-25 13:00:00,0.004083305
2025-12-25 14:00:00,-0.003265309
2025-12-25 15:00:00,0.0105735023
2025-12-25 16:00:00,-0.0040535118
2025-12-25 17:00:00,0.0
2025-12-25 18:00:00,0.0048622462
2025-12-25 19:00:00,0.0
2025-12-25 20:00:00,-0.0032388692
2025-12-25 21:00:00,-0.001623377
2025-12-25 22:00:00,-0.0147302172
2025-12-25 23:00:00,-0.0057875317
2025-12-26 00:00:00,0.0033112613
2025-12-26 01:00:00,0.0057684544
2025-12-26 02:00:00,0.0171083603
2025-12-26 03:00:00,-0.0016168152
2025-12-26 04:00:00,0.0048426245
2025-12-26 05:00:00,-0.0032258092
2025-12-26 06:00:00,0.0040306383
2025-12-26 07:00:00,-0.007266887
2025-12-26 08:00:00,0.0032362488
2025-12-26 09:00:00,0.0040306383
2025-12-26 10:00:00,0.0008041818
2025-12-26 11:00:00,-0.0024144881
2025-12-26 12:00:00,0.0024144881
2025-12-26 13:00:00,0.001606426
2025-12-26 14:00:00,-0.0251943436
2025-12-26 15:00:00,0.0016447372
2025-12-26 16:00:00,-0.0041169264
2025-12-26 17:00:00,0.0049382816
2025-12-26 18:00:00,-0.0016433857
2025-12-26 19:00:00,0.0016433857
2025-12-26 20:00:00,0.0040966874
2025-12-26 21:00:00,-0.0016366616
2025-12-26 22:00:00,-0.0032813811
2025-12-26 23:00:00,0.0008213553
2025-12-27 00:00:00,0.0
2025-12-27 01:00:00,0.0008206812
2025-12-27 02:00:00,0.0024580103
2025-12-27 03:00:00,0.000817996
2025-12-27 04:00:00,-0.0032760062
2025-12-27 05:00:00,0.0024580103
2025-12-27 06:00:00,-0.0008186656
2025-12-27 07:00:00,0.0032706489
2025-12-27 08:00:00,0.0008159935
2025-12-27 09:00:00,-0.0008159935
2025-12-27 10:00:00,-0.0040899853
2025-12-27 11:00:00,0.005721307
2025-12-27 12:00:00,-0.0024479816
2025-12-27 13:00:00,0.0024479816
2025-12-27 14:00:00,0.0016286649
2025-12-27 15:00:00,0.0032493936
2025-12-27 16:00:00,-0.0040633945
2025-12-27 17:00:00,-0.000814664
2025-12-27 18:00:00,0.0024420037
2025-12-27 19:00:00,0.0016246957
2025-12-27 20:00:00,0.0008113591
2025-12-27 21:00:00,0.0040469501
2025-12-27 22:00:00,0.0
2025-12-27 23:00:00,0.0096463771
2025-12-28 00:00:00,0.0
2025-12-28 01:00:00,-0.0040080214
2025-12-28 02:00:00,0.0016051368
2025-12-28 03:00:00,0.0024028846
2025-12-28 04:00:00,-0.0016012814
2025-12-28 05:00:00,-0.00240674
2025-12-28 06:00:00,0.0
2025-12-28 07:00:00,-0.0032180237
2025-12-28 08:00:00,0.0024144881
2025-12-28 09:00:00,-0.0048348201
2025-12-28 10:00:00,0.0064412461
2025-12-28 11:00:00,-0.0024106078
2025-12-28 12:00:00,0.0016077174
2025-12-28 13:00:00,-0.0008035356
2025-12-28 14:00:00,0.0040112368
2025-12-28 15:00:00,0.0023990415
2025-12-28 16:00:00,-0.0015987214
2025-12-28 17:00:00,-0.0024028846
2025-12-28 18:00:00,-0.0088603077
2025-12-28 19:00:00,-0.000809389
2025-12-28 20:00:00,0.0
2025-12-28 21:00:00,0.000809389
2025-12-28 22:00:00,0.0080580613
2025-12-28 23:00:00,0.0016038496
2025-12-29 00:00:00,0.0063897981
2025-12-29 01:00:00,0.0031796529
2025-12-29 02:00:00,0.0118344576
2025-12-29 03:00:00,0.0132452268
2025-12-29 04:00:00,0.0007736944
2025-12-29 05:00:00,-0.0023228814
2025-12-29 06:00:00,-0.0070011955
2025-12-29 07:00:00,-0.0015625003
2025-12-29 08:00:00,-0.004702203
2025-12-29 09:00:00,-0.0166340469
2025-12-29 10:00:00,0.0023932999
2025-12-29 11:00:00,-0.0039920213
2025-12-29 12:00:00,-0.0104544579
2025-12-29 13:00:00,-0.0081169277
2025-12-29 14:00:00,0.0073081933
2025-12-29 15:00:00,0.0040371472
2025-12-29 16:00:00,-0.002420332
2025-12-29 17:00:00,0.002420332
2025-12-29 18:00:00,-0.0105306765
2025-12-29 19:00:00,0.0008140009
2025-12-29 20:00:00,-0.0016286649
2025-12-29 21:00:00,0.0024420037
2025-12-29 22:00:00,0.0016246957
2025-12-29 23:00:00,-0.0024380345
2025-12-30 00:00:00,0.0008133388
2025-12-30 01:00:00,0.0032467561
2025-12-30 02:00:00,-0.0056887598
2025-12-30 03:00:00,0.0089250085
2025-12-30 04:00:00,-0.0024262042
2025-12-30 05:00:00,-0.0032441229
2025-12-30 06:00:00,0.0024340783
2025-12-30 07:00:00,0.0016194336
2025-12-30 08:00:00,0.0080580613
2025-12-30 09:00:00,0.0032051309
2025-12-30 10:00:00,-0.0024028846
2025-12-30 11:00:00,0.0
2025-12-30 12:00:00,-0.0008022463
2025-12-30 13:00:00,0.0016038496
2025-12-30 14:00:00,0.0032000027
2025-12-30 15:00:00,-0.0007990412
2025-12-30 16:00:00,-0.0040048111
2025-12-30 17:00:00,-0.0032154369
2025-12-30 18:00:00,-0.0008054773
2025-12-30 19:00:00,0.0
2025-12-30 20:00:00,-0.0056565807
2025-12-30 21:00:00,0.0024281679
2025-12-30 22:00:00,0.0008080809
2025-12-30 23:00:00,0.002420332
2025-12-31 00:00:00,-0.0048465361
2025-12-31 01:00:00,0.0048465361
2025-12-31 02:00:00,0.0
2025-12-31 03:00:00,-0.0032284128
2025-12-31 04:00:00,0.0008080809
2025-12-31 05:00:00,-0.0008080809
2025-12-31 06:00:00,0.0
2025-12-31 07:00:00,0.0024222862
2025-12-31 08:00:00,-0.0024222862
2025-12-31 09:00:00,0.0032284128
2025-12-31 10:00:00,-0.0016129036
2025-12-31 11:00:00,0.0048309273
2025-12-31 12:00:00,-0.0016077174
2025-12-31 13:00:00,0.0024106078
2025-12-31 14:00:00,-0.0024106078
2025-12-31 15:00:00,-0.0040306383
2025-12-31 16:00:00,-0.0089250085
2025-12-31 17:00:00,-0.0008153282
2025-12-31 18:00:00,-0.0008159935
2025-12-31 19:00:00,-0.0024519832
2025-12-31 20:00:00,0.0024519832
2025-12-31 21:00:00,0.0016313217
2025-12-31 22:00:00,-0.0049019706
2025-12-31 23:00:00,-0.0024600258
2026-01-01 00:00:00,0.0032786915
2026-01-01 01:00:00,0.0024519832
2026-01-01 02:00:00,-0.0024519832
2026-01-01 03:00:00,-0.001638002
2026-01-01 04:00:00,-0.0057542288
2026-01-01 05:00:00,0.0090275541
2026-01-01 06:00:00,-0.002453989
2026-01-01 07:00:00,-0.0041034116
2026-01-01 08:00:00,0.0057400732
2026-01-01 09:00:00,0.0024499808
2026-01-01 10:00:00,-0.0016326534
2026-01-01 11:00:00,0.0024479816
2026-01-01 12:00:00,-0.0024479816
2026-01-01 13:00:00,0.0032626456
2026-01-01 14:00:00,0.0008140009
2026-01-01 15:00:00,0.0064882628
2026-01-01 16:00:00,-0.0016181233
2026-01-01 17:00:00,0.0064568424
2026-01-01 18:00:00,-0.000804829
2026-01-01 19:00:00,0.0064205678
2026-01-01 20:00:00,-0.0024028846
2026-01-01 21:00:00,0.0048000092
2026-01-01 22:00:00,0.005571045
2026-01-01 23:00:00,-0.0007939659
2026-01-02 00:00:00,0.0055445687
2026-01-02 01:00:00,-0.0031645596
2026-01-02 02:00:00,0.0039541372
2026-01-02 03:00:00,0.017990317
2026-01-02 04:00:00,-0.0015515907
2026-01-02 05:00:00,0.0031007777
2026-01-02 06:00:00,0.0
2026-01-02 07:00:00,-0.0077700469
2026-01-02 08:00:00,0.0046692692
2026-01-02 09:00:00,0.0123458358
2026-01-02 10:00:00,-0.0015349197
2026-01-02 11:00:00,-0.0061633477
2026-01-02 12:00:00,0.0053950035
2026-01-02 13:00:00,-0.0015384618
2026-01-02 14:00:00,0.0046083031
2026-01-02 15:00:00,0.0007659901
2026-01-02 16:00:00,0.0174577489
2026-01-02 17:00:00,-0.0007527287
2026-01-02 18:00:00,-0.0068001773
2026-01-02 19:00:00,0.0060468816
2026-01-02 20:00:00,-0.0022632978
2026-01-02 21:00:00,0.0067745837
2026-01-02 22:00:00,0.0022480339
2026-01-02 23:00:00,-0.0067593198
2026-01-03 00:00:00,0.0052611921
2026-01-03 01:00:00,-0.0052611921
2026-01-03 02:00:00,0.0
2026-01-03 03:00:00,0.0045112858
2026-01-03 04:00:00,-0.0090430157
2026-01-03 05:00:00,-0.0030326028
2026-01-03 06:00:00,-0.0053292855
2026-01-03 07:00:00,-0.0061255934
2026-01-03 08:00:00,0.0030674871
2026-01-03 09:00:00,0.0053455645
2026-01-03 10:00:00,-0.0015243905
2026-01-03 11:00:00,-0.0030557701
2026-01-03 12:00:00,0.0053414854
2026-01-03 13:00:00,-0.0015232295
2026-01-03 14:00:00,-0.0030534375
2026-01-03 15:00:00,-0.0015302222
2026-01-03 16:00:00,0.0091464052
2026-01-03 17:00:00,-0.0007590133
2026-01-03 18:00:00,0.001517451
2026-01-03 19:00:00,-0.0022770408
2026-01-03 20:00:00,0.0015186032
2026-01-03 21:00:00,0.0
2026-01-03 22:00:00,0.0037864491
2026-01-03 23:00:00,0.0
2026-01-04 00:00:00,0.0090294067
2026-01-04 01:00:00,0.0
2026-01-04 02:00:00,-0.0045045121
2026-01-04 03:00:00,0.0052532954
2026-01-04 04:00:00,0.0
2026-01-04 05:00:00,0.0029895388
2026-01-04 06:00:00,-0.0082428342
2026-01-04 07:00:00,0.0045045121
2026-01-04 08:00:00,-0.0014992507
2026-01-04 09:00:00,0.0029962569
2026-01-04 10:00:00,-0.000748223
2026-01-04 11:00:00,0.0044809634
2026-01-04 12:00:00,0.0029761927
2026-01-04 13:00:00,0.0014847813
2026-01-04 14:00:00,-0.0059523985
2026-01-04 15:00:00,0.0059523985
2026-01-04 16:00:00,0.004441162
2026-01-04 17:00:00,0.0007382798
2026-01-04 18:00:00,-0.0081512122
2026-01-04 19:00:00,-0.0037271754
2026-01-04 20:00:00,0.0014925376
2026-01-04 21:00:00,-0.0007459903
2026-01-04 22:00:00,0.0014914246
2026-01-04 23:00:00,0.0
2026-01-05 00:00:00,0.010378151
2026-01-05 01:00:00,0.0160939831
2026-01-05 02:00:00,-0.0029069788
2026-01-05 03:00:00,-0.0051076361
2026-01-05 04:00:00,-0.0073421769
2026-01-05 05:00:00,-0.0036914032
2026-01-05 06:00:00,-0.0029629651
2026-01-05 07:00:00,0.0066543684
2026-01-05 08:00:00,-0.0029520317
2026-01-05 09:00:00,-0.0037023367
2026-01-05 10:00:00,0.0037023367
2026-01-05 11:00:00,0.0036886799
2026-01-05 12:00:00,-0.0014738396
2026-01-05 13:00:00,-0.0088889474
2026-01-05 14:00:00,0.0125694816
2026-01-05 15:00:00,0.0080498056
2026-01-05 16:00:00,-0.0007291287
2026-01-05 17:00:00,0.0036403389
2026-01-05 18:00:00,0.0079624018
2026-01-05 19:00:00,-0.0072359216
2026-01-05 20:00:00,0.0158504759
2026-01-05 21:00:00,0.0028551054
2026-01-05 22:00:00,-0.0007130125
2026-01-05 23:00:00,-0.0078768757
2026-01-06 00:00:00,-0.0064911876
2026-01-06 01:00:00,-0.0014482262
2026-01-06 02:00:00,0.0
2026-01-06 03:00:00,0.0
2026-01-06 04:00:00,0.0036166405
2026-01-06 05:00:00,-0.0021684143
2026-01-06 06:00:00,0.0057720218
2026-01-06 07:00:00,-0.0130342178
2026-01-06 08:00:00,0.0
2026-01-06 09:00:00,0.0058139699
2026-01-06 10:00:00,0.0021715535
2026-01-06 11:00:00,0.0043290111
2026-01-06 12:00:00,0.0014388492
2026-01-06 13:00:00,-0.0050450557
2026-01-06 14:00:00,0.0179023757
2026-01-06 15:00:00,-0.0078375891
2026-01-06 16:00:00,-0.0151354241
2026-01-06 17:00:00,-0.0183222421
2026-01-06 18:00:00,0.009569451
2026-01-06 19:00:00,-0.0014662759
2026-01-06 20:00:00,0.0094925868
2026-01-06 21:00:00,0.0158619043
2026-01-06 22:00:00,-0.0043010819
2026-01-06 23:00:00,0.0078712392
2026-01-07 00:00:00,-0.0172542023
2026-01-07 01:00:00,-0.0058181982
2026-01-07 02:00:00,0.0094374566
2026-01-07 03:00:00,-0.0021699828
2026-01-07 04:00:00,-0.0043541433
2026-01-07 05:00:00,-0.0021842018
2026-01-07 06:00:00,0.0
2026-01-07 07:00:00,0.0079855234
2026-01-07 08:00:00,0.0043290111
2026-01-07 09:00:00,-0.019629856
2026-01-07 10:00:00,0.00366435
2026-01-07 11:00:00,0.0007312615
2026-01-07 12:00:00,-0.0029282598
2026-01-07 13:00:00,-0.0007334067
2026-01-07 14:00:00,-0.0051489632
2026-01-07 15:00:00,-0.0156078977
2026-01-07 16:00:00,0.0037383221
2026-01-07 17:00:00,-0.0014936523
2026-01-07 18:00:00,-0.0007476636
2026-01-07 19:00:00,0.0014947686
2026-01-07 20:00:00,-0.0029917749
2026-01-07 21:00:00,0.0
2026-01-07 22:00:00,-0.0007493444
2026-01-07 23:00:00,0.00672397
2026-01-08 00:00:00,0.0051986749
2026-01-08 01:00:00,-0.0007410152
2026-01-08 02:00:00,-0.0059479729
2026-01-08 03:00:00,-0.0052336568
2026-01-08 04:00:00,0.0052336568
2026-01-08 05:00:00,-0.0052336568
2026-01-08 06:00:00,-0.016629257
2026-01-08 07:00:00,0.0136262517
2026-01-08 08:00:00,-0.0067899167
2026-01-08 09:00:00,-0.0045523599
2026-01-08 10:00:00,0.0098373854
2026-01-08 11:00:00,-0.0052850255
2026-01-08 12:00:00,-0.0060744302
2026-01-08 13:00:00,0.0015220703
2026-01-08 14:00:00,-0.0038095284
2026-01-08 15:00:00,0.0121397546
2026-01-08 16:00:00,0.0015071593
2026-01-08 17:00:00,0.0022564884
2026-01-08 18:00:00,-0.006784798
2026-01-08 19:00:00,-0.0037893187
2026-01-08 20:00:00,-0.0007595899
2026-01-08 21:00:00,0.0083239224
2026-01-08 22:00:00,-0.0045317298
2026-01-08 23:00:00,-0.0007572889
2026-01-09 00:00:00,0.0037807228
2026-01-09 01:00:00,-0.0037807228
2026-01-09 02:00:00,0.0015140048
2026-01-09 03:00:00,0.0060332008
2026-01-09 04:00:00,-0.0075472056
2026-01-09 05:00:00,0.0030257209
2026-01-09 06:00:00,0.0045214847
2026-01-09 07:00:00,-0.0030120505
2026-01-09 08:00:00,-0.0098522964
2026-01-09 09:00:00,0.0015220703
2026-01-09 10:00:00,0.0022787705
2026-01-09 11:00:00,-0.0022787705
2026-01-09 12:00:00,-0.0030464608
2026-01-09 13:00:00,0.0091116804
2026-01-09 14:00:00,-0.0106383982
2026-01-09 15:00:00,0.0136572684
2026-01-09 16:00:00,0.0090023114
2026-01-09 17:00:00,-0.0052414946
2026-01-09 18:00:00,-0.0082925466
2026-01-09 19:00:00,-0.0098897725
2026-01-09 20:00:00,0.0007642339
2026-01-09 21:00:00,0.0038124331
2026-01-09 22:00:00,0.0007607456
2026-01-09 23:00:00,-0.0015220703
2026-01-10 00:00:00,-0.0030511084
2026-01-10 01:00:00,0.0038124331
2026-01-10 02:00:00,-0.0038124331
2026-01-10 03:00:00,0.0
2026-01-10 04:00:00,-0.0007642339
2026-01-10 05:00:00,0.0022909517
2026-01-10 06:00:00,-0.0007630676
2026-01-10 07:00:00,0.0030487828
2026-01-10 08:00:00,-0.0022857153
2026-01-10 09:00:00,0.004566218
2026-01-10 10:00:00,0.001517451
2026-01-10 11:00:00,-0.0037979537
2026-01-10 12:00:00,0.0060698214
2026-01-10 13:00:00,0.0
2026-01-10 14:00:00,-0.0068311461
2026-01-10 15:00:00,0.0022822376
2026-01-10 16:00:00,-0.0015209128
2026-01-10 17:00:00,0.0015209128
2026-01-10 18:00:00,0.0015186032
2026-01-10 19:00:00,0.0007584377
2026-01-10 20:00:00,0.0007578629
2026-01-10 21:00:00,-0.0045558165
2026-01-10 22:00:00,-0.0038124331
2026-01-10 23:00:00,0.0030511084
2026-01-11 00:00:00,0.0015220703
2026-01-11 01:00:00,0.0007601673
2026-01-11 02:00:00,0.0015186032
2026-01-11 03:00:00,0.0030303053
2026-01-11 04:00:00,-0.0007567159
2026-01-11 05:00:00,-0.0007572889
2026-01-11 06:00:00,-0.0015163005
2026-01-11 07:00:00,0.0030303053
2026-01-11 08:00:00,0.0
2026-01-11 09:00:00,-0.0015140048
2026-01-11 10:00:00,0.0007572889
2026-01-11 11:00:00,-0.0022735895
2026-01-11 12:00:00,0.0052970234
2026-01-11 13:00:00,-0.0030234339
2026-01-11 14:00:00,0.0045317298
2026-01-11 15:00:00,-0.0098448353
2026-01-11 16:00:00,0.0098448353
2026-01-11 17:00:00,0.0022581869
2026-01-11 18:00:00,0.0
2026-01-11 19:00:00,-0.0037664828
2026-01-11 20:00:00,-0.0068156265
2026-01-11 21:00:00,0.0030349037
2026-01-11 22:00:00,-0.0053171413
2026-01-11 23:00:00,0.0045592784
2026-01-12 00:00:00,-0.0030372081
2026-01-12 01:00:00,0.0105901141
2026-01-12 02:00:00,0.0097342588
2026-01-12 03:00:00,-0.0059790911
2026-01-12 04:00:00,0.0044876665
2026-01-12 05:00:00,-0.0022413158
2026-01-12 06:00:00,-0.0014970063
2026-01-12 07:00:00,-0.0067644001
2026-01-12 08:00:00,-0.005293018
2026-01-12 09:00:00,-0.0030372081
2026-01-12 10:00:00,-0.0030464608
2026-01-12 11:00:00,0.0038066281
2026-01-12 12:00:00,-0.0022822376
2026-01-12 13:00:00,-0.0030511084
2026-01-12 14:00:00,0.0007636503
2026-01-12 15:00:00,0.0098747479
2026-01-12 16:00:00,0.0015105743
2026-01-12 17:00:00,-0.0060560367
2026-01-12 18:00:00,-0.0007595899
2026-01-12 19:00:00,0.0007595899
2026-01-12 20:00:00,-0.0060929358
2026-01-12 21:00:00,-0.0061302874
2026-01-12 22:00:00,0.0030698412
2026-01-12 23:00:00,0.0015313939
2026-01-13 00:00:00,0.0015290523
2026-01-13 01:00:00,-0.0015290523
2026-01-13 02:00:00,-0.0007654038
2026-01-13 03:00:00,0.0030581064
2026-01-13 04:00:00,0.0038095284
2026-01-13 05:00:00,0.0022787705
2026-01-13 06:00:00,0.0037864491
2026-01-13 07:00:00,-0.0037864491
2026-01-13 08:00:00,0.0045420214
2026-01-13 09:00:00,0.0
2026-01-13 10:00:00,-0.0007555724
2026-01-13 11:00:00,0.0022650066
2026-01-13 12:00:00,0.0007538636
2026-01-13 13:00:00,0.0030097841
2026-01-13 14:00:00,0.0059925273
2026-01-13 15:00:00,0.0118783876
2026-01-13 16:00:00,0.0036832454
2026-01-13 17:00:00,-0.0029455102
2026-01-13 18:00:00,0.0044150182
2026-01-13 19:00:00,0.0043956115
2026-01-13 20:00:00,0.0058309203
2026-01-13 21:00:00,-0.0029112102
2026-01-13 22:00:00,0.0273201751
2026-01-13 23:00:00,-0.0035524016
2026-01-14 00:00:00,0.002132955
2026-01-14 01:00:00,0.003544846
2026-01-14 02:00:00,-0.0063897981
2026-01-14 03:00:00,0.0035549273
2026-01-14 04:00:00,-0.0035549273
2026-01-14 05:00:00,-0.001425517
2026-01-14 06:00:00,0.0028490048
2026-01-14 07:00:00,-0.0007114906
2026-01-14 08:00:00,0.0
2026-01-14 09:00:00,0.0028429301
2026-01-14 10:00:00,-0.0049804443
2026-01-14 11:00:00,-0.0114778878
2026-01-14 12:00:00,0.005037794
2026-01-14 13:00:00,-0.0035958327
2026-01-14 14:00:00,0.0178512416
2026-01-14 15:00:00,0.0070522154
2026-01-14 16:00:00,0.0035075448
2026-01-14 17:00:00,-0.0070274358
2026-01-14 18:00:00,-0.0007054674
2026-01-14 19:00:00,0.0035223707
2026-01-14 20:00:00,0.0021074823
2026-01-14 21:00:00,-0.0035149421
2026-01-14 22:00:00,-0.0063581987
2026-01-14 23:00:00,0.0
2026-01-15 00:00:00,-0.0056858718
2026-01-15 01:00:00,-0.0050017968
2026-01-15 02:00:00,-0.0043072572
2026-01-15 03:00:00,-0.0101230076
2026-01-15 04:00:00,0.0057971177
2026-01-15 05:00:00,0.0021652841
2026-01-15 06:00:00,-0.0007212406
2026-01-15 07:00:00,0.0043196611
2026-01-15 08:00:00,0.0
2026-01-15 09:00:00,0.0100072315
2026-01-15 10:00:00,-0.0021359923
2026-01-15 11:00:00,-0.0057183858
2026-01-15 12:00:00,0.0078543781
2026-01-15 13:00:00,0.0042583457
2026-01-15 14:00:00,-0.0085349024
2026-01-15 15:00:00,-0.0028612323
2026-01-15 16:00:00,-0.001433692
2026-01-15 17:00:00,-0.0079222597
2026-01-15 18:00:00,-0.0123682915
2026-01-15 19:00:00,0.0014630581
2026-01-15 20:00:00,-0.006600684
2026-01-15 21:00:00,0.0044052935
2026-01-15 22:00:00,0.0065717652
2026-01-15 23:00:00,0.003632405
2026-01-16 00:00:00,0.0021731265
2026-01-16 01:00:00,-0.0036245056
2026-01-16 02:00:00,-0.0007264802
2026-01-16 03:00:00,-0.0058309203
2026-01-16 04:00:00,-0.0029282598
2026-01-16 05:00:00,0.0109370394
2026-01-16 06:00:00,0.0014492756
2026-01-16 07:00:00,-0.0029006547
2026-01-16 08:00:00,0.0036245056
2026-01-16 09:00:00,-0.0014482262
2026-01-16 10:00:00,-0.0050853724
2026-01-16 11:00:00,0.0
2026-01-16 12:00:00,0.000728067
2026-01-16 13:00:00,-0.002915454
2026-01-16 14:00:00,0.0
2026-01-16 15:00:00,-0.0154471626
2026-01-16 16:00:00,0.0066494519
2026-01-16 17:00:00,0.0051413995
2026-01-16 18:00:00,-0.0044052935
2026-01-16 19:00:00,0.0007355646
2026-01-16 20:00:00,0.0065958466
2026-01-16 21:00:00,0.0
2026-01-16 22:00:00,0.0
2026-01-16 23:00:00,0.002188983
2026-01-17 00:00:00,-0.0007291287
2026-01-17 01:00:00,-0.0007296607
2026-01-17 02:00:00,-0.0029239787
2026-01-17 03:00:00,0.0014630581
2026-01-17 04:00:00,0.0014609206
2026-01-17 05:00:00,0.0007296607
2026-01-17 06:00:00,0.0007291287
2026-01-17 07:00:00,-0.0014587895
2026-01-17 08:00:00,0.002915454
2026-01-17 09:00:00,0.0
2026-01-17 10:00:00,-0.0021857932
2026-01-17 11:00:00,-0.0007296607
2026-01-17 12:00:00,0.0
2026-01-17 13:00:00,0.0058224328
2026-01-17 14:00:00,0.0043446846
2026-01-17 15:00:00,0.0021652841
2026-01-17 16:00:00,-0.0057845425
2026-01-17 17:00:00,-0.0007254262
2026-01-17 18:00:00,0.0
2026-01-17 19:00:00,-0.0007259528
2026-01-17 20:00:00,0.0
2026-01-17 21:00:00,-0.0021810259
2026-01-17 22:00:00,-0.0021857932
2026-01-17 23:00:00,0.0021857932
2026-01-18 00:00:00,-0.0014566645
2026-01-18 01:00:00,-0.0051151007
2026-01-18 02:00:00,0.0007323325
2026-01-18 03:00:00,0.0029239787
2026-01-18 04:00:00,0.0007296607
2026-01-18 05:00:00,-0.0014598543
2026-01-18 06:00:00,0.002188983
2026-01-18 07:00:00,0.0007285975
2026-01-18 08:00:00,0.0014556043
2026-01-18 09:00:00,0.0029048677
2026-01-18 10:00:00,0.0014492756
2026-01-18 11:00:00,-0.0058097476
2026-01-18 12:00:00,0.0
2026-01-18 13:00:00,0.0014556043
2026-01-18 14:00:00,-0.0021842018
2026-01-18 15:00:00,0.0036376904
2026-01-18 16:00:00,0.0
2026-01-18 17:00:00,0.0
2026-01-18 18:00:00,0.006514681
2026-01-18 19:00:00,-0.006514681
2026-01-18 20:00:00,0.0021762794
2026-01-18 21:00:00,0.0021715535
2026-01-18 22:00:00,0.0007228045
2026-01-18 23:00:00,-0.0390473178
2026-01-19 00:00:00,-0.0351718211
2026-01-19 01:00:00,-0.0015576327
2026-01-19 02:00:00,0.0015576327
2026-01-19 03:00:00,0.0015552103
2026-01-19 04:00:00,-0.003112843
2026-01-19 05:00:00,-0.003122563
2026-01-19 06:00:00,-0.0039169654
2026-01-19 07:00:00,0.0015686278
2026-01-19 08:00:00,0.0054709007
2026-01-19 09:00:00,-0.003122563
2026-01-19 10:00:00,-0.003132344
2026-01-19 11:00:00,0.0015673984
2026-01-19 12:00:00,-0.0015673984
2026-01-19 13:00:00,0.0007840063
2026-01-19 14:00:00,0.0023483377
2026-01-19 15:00:00,-0.0023483377
2026-01-19 16:00:00,0.0109120335
2026-01-19 17:00:00,-0.0046620131
2026-01-19 18:00:00,0.0031104224
2026-01-19 19:00:00,0.0038744721
2026-01-19 20:00:00,0.0015455954
2026-01-19 21:00:00,-0.0046439712
2026-01-19 22:00:00,-0.006225701
2026-01-19 23:00:00,0.0054496048
2026-01-20 00:00:00,-0.0031104224
2026-01-20 01:00:00,0.0007785131
2026-01-20 02:00:00,0.0015552103
2026-01-20 03:00:00,-0.0007773028
2026-01-20 04:00:00,-0.0054581032
2026-01-20 05:00:00,-0.0007821666
2026-01-20 06:00:00,-0.0125985918
2026-01-20 07:00:00,-0.0015860432
2026-01-20 08:00:00,-0.0031796529
2026-01-20 09:00:00,-0.0063897981
2026-01-20 10:00:00,0.0032000027
2026-01-20 11:00:00,-0.0007990412
2026-01-20 12:00:00,0.0023952107
2026-01-20 13:00:00,-0.0072029123
2026-01-20 14:00:00,0.00240674
2026-01-20 15:00:00,-0.0072376673
2026-01-20 16:00:00,-0.0064777554
2026-01-20 17:00:00,-0.0040700097
2026-01-20 18:00:00,-0.0040866424
2026-01-20 19:00:00,0.0040866424
2026-01-20 20:00:00,0.0048820276
2026-01-20 21:00:00,-0.00896867
2026-01-20 22:00:00,-0.0073983075
2026-01-20 23:00:00,-0.0008254231
2026-01-21 00:00:00,0.0114943794
2026-01-21 01:00:00,0.0040733254
2026-01-21 02:00:00,-0.0008133388
2026-01-21 03:00:00,0.0008133388
2026-01-21 04:00:00,0.0032467561
2026-01-21 05:00:00,0.006462058
2026-01-21 06:00:00,-0.0056520134
2026-01-21 07:00:00,-0.0040568007
2026-01-21 08:00:00,-0.0016273397
2026-01-21 09:00:00,0.0008140009
2026-01-21 10:00:00,-0.0008140009
2026-01-21 11:00:00,-0.0098200462
2026-01-21 12:00:00,0.0008220305
2026-01-21 13:00:00,-0.0024681214
2026-01-21 14:00:00,0.0228022909
2026-01-21 15:00:00,0.000804829
2026-01-21 16:00:00,-0.0360399365
2026-01-21 17:00:00,0.0033305609
2026-01-21 18:00:00,0.0058019226
2026-01-21 19:00:00,0.03810757
2026-01-21 20:00:00,-0.0007958616
2026-01-21 21:00:00,0.0047656961
2026-01-21 22:00:00,-0.0087545326
2026-01-21 23:00:00,-0.0120628724
2026-01-22 00:00:00,0.0080580613
2026-01-22 01:00:00,0.0024048108
2026-01-22 02:00:00,0.0016000003
2026-01-22 03:00:00,-0.006415419
2026-01-22 04:00:00,0.0056157388
2026-01-22 05:00:00,-0.0040080214
2026-01-22 06:00:00,0.0016051368
2026-01-22 07:00:00,-0.0040176832
2026-01-22 08:00:00,0.0016090108
2026-01-22 09:00:00,0.0008035356
2026-01-22 10:00:00,-0.0008035356
2026-01-22 11:00:00,-0.0040273917
2026-01-22 12:00:00,-0.0016155092
2026-01-22 13:00:00,-0.0016181233
2026-01-22 14:00:00,-0.0081301261
2026-01-22 15:00:00,-0.0024519832
2026-01-22 16:00:00,0.004897969
2026-01-22 17:00:00,0.0
2026-01-22 18:00:00,-0.0057166346
2026-01-22 19:00:00,0.0049019706
2026-01-22 20:00:00,-0.004083305
2026-01-22 21:00:00,0.000817996
2026-01-22 22:00:00,0.0008173274
2026-01-22 23:00:00,0.0
2026-01-23 00:00:00,0.0008166599
2026-01-23 01:00:00,0.0065093802
2026-01-23 02:00:00,-0.0065093802
2026-01-23 03:00:00,0.0048860032
2026-01-23 04:00:00,0.0040535118
2026-01-23 05:00:00,-0.0032414939
2026-01-23 06:00:00,-0.0040666994
2026-01-23 07:00:00,-0.0008153282
2026-01-23 08:00:00,-0.0065466682
2026-01-23 09:00:00,-0.0008213553
2026-01-23 10:00:00,0.0032813811
2026-01-23 11:00:00,0.002453989
2026-01-23 12:00:00,0.0008166599
2026-01-23 13:00:00,-0.0016339873
2026-01-23 14:00:00,-0.0106864971
2026-01-23 15:00:00,0.0115038245
2026-01-23 16:00:00,0.0032626456
2026-01-23 17:00:00,0.0064935293
2026-01-23 18:00:00,0.0
2026-01-23 19:00:00,-0.0105735023
2026-01-23 20:00:00,-0.0057400732
2026-01-23 21:00:00,-0.0008227068
2026-01-23 22:00:00,0.005744784
2026-01-23 23:00:00,-0.0008186656
2026-01-24 00:00:00,0.0016366616
2026-01-24 01:00:00,-0.002455998
2026-01-24 02:00:00,0.0008193364
2026-01-24 03:00:00,0.0016366616
2026-01-24 04:00:00,-0.000817996
2026-01-24 05:00:00,-0.0008186656
2026-01-24 06:00:00,0.0
2026-01-24 07:00:00,-0.0016393446
2026-01-24 08:00:00,0.0024580103
2026-01-24 09:00:00,0.0
2026-01-24 10:00:00,-0.0024580103
2026-01-24 11:00:00,0.0
2026-01-24 12:00:00,0.0
2026-01-24 13:00:00,-0.0016420365
2026-01-24 14:00:00,0.0
2026-01-24 15:00:00,-0.0024681214
2026-01-24 16:00:00,0.0008233842
2026-01-24 17:00:00,0.0016447372
2026-01-24 18:00:00,0.0024620447
2026-01-24 19:00:00,-0.0024620447
2026-01-24 20:00:00,0.0016420365
2026-01-24 21:00:00,0.0008200082
2026-01-24 22:00:00,0.002455998
2026-01-24 23:00:00,-0.0032760062
2026-01-25 00:00:00,-0.002464067
2026-01-25 01:00:00,-0.0024701536
2026-01-25 02:00:00,0.0
2026-01-25 03:00:00,-0.0041305304
2026-01-25 04:00:00,0.0016542601
2026-01-25 05:00:00,-0.000826788
2026-01-25 06:00:00,-0.0024844733
2026-01-25 07:00:00,0.0008288438
2026-01-25 08:00:00,-0.004151106
2026-01-25 09:00:00,0.0033222622
2026-01-25 10:00:00,0.0016570012
2026-01-25 11:00:00,-0.0016570012
2026-01-25 12:00:00,-0.0016597514
2026-01-25 13:00:00,0.0033167526
2026-01-25 14:00:00,-0.009983444
2026-01-25 15:00:00,-0.0008364701
2026-01-25 16:00:00,-0.0134795638
2026-01-25 17:00:00,-0.0051020519
2026-01-25 18:00:00,-0.010282867
2026-01-25 19:00:00,-0.0165005915
2026-01-25 20:00:00,0.0026235258
2026-01-25 21:00:00,0.0008729813
2026-01-25 22:00:00,-0.0034965071
2026-01-25 23:00:00,0.0078500185
2026-01-26 00:00:00,0.0103717438
2026-01-26 01:00:00,0.0145115649
2026-01-26 02:00:00,-0.0068027473
2026-01-26 03:00:00,-0.0034188067
2026-01-26 04:00:00,0.0068259651
2026-01-26 05:00:00,0.0016992358
2026-01-26 06:00:00,0.0033898338
2026-01-26 07:00:00,0.0025348556
2026-01-26 08:00:00,0.000843526
2026-01-26 09:00:00,-0.0084674511
2026-01-26 10:00:00,0.003395589
2026-01-26 11:00:00,-0.0008478169
2026-01-26 12:00:00,0.0016949157
2026-01-26 13:00:00,0.0050675784
2026-01-26 14:00:00,0.0100587604
2026-01-26 15:00:00,-0.0066945857
2026-01-26 16:00:00,0.0050251362
2026-01-26 17:00:00,-0.0050251362
2026-01-26 18:00:00,0.0058602093
2026-01-26 19:00:00,-0.0050209311
2026-01-26 20:00:00,-0.004203453
2026-01-26 21:00:00,0.0100587604
2026-01-26 22:00:00,-0.0025052205
2026-01-26 23:00:00,-0.0016736406
2026-01-27 00:00:00,-0.0008378719
2026-01-27 01:00:00,0.0041823566
2026-01-27 02:00:00,0.0041649373
2026-01-27 03:00:00,-0.0033305609
2026-01-27 04:00:00,-0.0016694495
2026-01-27 05:00:00,-0.000835771
2026-01-27 06:00:00,-0.0025115124
2026-01-27 07:00:00,0.0016750423
2026-01-27 08:00:00,0.0
2026-01-27 09:00:00,-0.0067170698
2026-01-27 10:00:00,0.0
2026-01-27 11:00:00,0.0016835021
2026-01-27 12:00:00,-0.0016835021
2026-01-27 13:00:00,-0.0025305792
2026-01-27 14:00:00,0.0025305792
2026-01-27 15:00:00,0.0100587604
2026-01-27 16:00:00,0.0107840116
2026-01-27 17:00:00,-0.020842772
2026-01-27 18:00:00,0.0125577205
2026-01-27 19:00:00,-0.0058406507
2026-01-27 20:00:00,0.0141257023
2026-01-27 21:00:00,-0.0099503309
2026-01-27 22:00:00,0.0041580101
2026-01-27 23:00:00,-0.0024927308
2026-01-28 00:00:00,0.0008316009
2026-01-28 01:00:00,-0.0041649373
2026-01-28 02:00:00,0.0008343764
2026-01-28 03:00:00,-0.0016694495
2026-01-28 04:00:00,-0.0050251362
2026-01-28 05:00:00,-0.0008399832
2026-01-28 06:00:00,0.002517836
2026-01-28 07:00:00,-0.0008385745
2026-01-28 08:00:00,-0.0025199509
2026-01-28 09:00:00,0.0033585254
2026-01-28 10:00:00,0.0025115124
2026-01-28 11:00:00,0.0050041806
2026-01-28 12:00:00,-0.007515693
2026-01-28 13:00:00,-0.0008385745
2026-01-28 14:00:00,-0.0092710314
2026-01-28 15:00:00,-0.0059448158
2026-01-28 16:00:00,-0.0017050303
2026-01-28 17:00:00,0.0093418938
2026-01-28 18:00:00,-0.0025391465
2026-01-28 19:00:00,0.0042283361
2026-01-28 20:00:00,-0.0025348556
2026-01-28 21:00:00,0.0016906175
2026-01-28 22:00:00,0.0033726845
2026-01-28 23:00:00,-0.005063302
2026-01-29 00:00:00,-0.0033898338
2026-01-29 01:00:00,-0.0034013638
2026-01-29 02:00:00,-0.0085543721
2026-01-29 03:00:00,-0.0008594758
2026-01-29 04:00:00,-0.0017211708
2026-01-29 05:00:00,-0.0017241384
2026-01-29 06:00:00,0.0017241384
2026-01-29 07:00:00,0.0
2026-01-29 08:00:00,-0.0043159325
2026-01-29 09:00:00,0.0
2026-01-29 10:00:00,-0.0017316022
2026-01-29 11:00:00,0.0
2026-01-29 12:00:00,-0.0008669268
2026-01-29 13:00:00,0.002598529
2026-01-29 14:00:00,-0.0316370849
2026-01-29 15:00:00,-0.0162019746
2026-01-29 16:00:00,0.0036231924
2026-01-29 17:00:00,-0.0027161628
2026-01-29 18:00:00,-0.0192225598
2026-01-29 19:00:00,0.0110295236
2026-01-29 20:00:00,0.010004631
2026-01-29 21:00:00,0.0027112534
2026-01-29 22:00:00,0.001803427
2026-01-29 23:00:00,0.0009004953
2026-01-30 00:00:00,0.0
2026-01-30 01:00:00,-0.0190828144
2026-01-30 02:00:00,-0.0092166551
2026-01-30 03:00:00,0.0046189459
2026-01-30 04:00:00,0.0045977092
2026-01-30 05:00:00,0.0
2026-01-30 06:00:00,-0.0185190478
2026-01-30 07:00:00,0.011152532
2026-01-30 08:00:00,-0.0046317823
2026-01-30 09:00:00,-0.0009289364
2026-01-30 10:00:00,0.0
2026-01-30 11:00:00,0.0092507598
2026-01-30 12:00:00,-0.014842573
2026-01-30 13:00:00,-0.0056232576
2026-01-30 14:00:00,0.0093546052
2026-01-30 15:00:00,0.0018604657
2026-01-30 16:00:00,0.0
2026-01-30 17:00:00,-0.0009298002
2026-01-30 18:00:00,0.0129391824
2026-01-30 19:00:00,0.0009178523
2026-01-30 20:00:00,-0.0157192326
2026-01-30 21:00:00,0.0046490088
2026-01-30 22:00:00,0.0
2026-01-30 23:00:00,-0.0009280743
2026-01-31 00:00:00,-0.0018587366
2026-01-31 01:00:00,0.0018587366
2026-01-31 02:00:00,0.0009280743
2026-01-31 03:00:00,-0.0046490088
2026-01-31 04:00:00,-0.000932401
2026-01-31 05:00:00,0.000932401
2026-01-31 06:00:00,-0.0065451379
2026-01-31 07:00:00,-0.0056444176
2026-01-31 08:00:00,-0.0142520227
2026-01-31 09:00:00,0.0057252065
2026-01-31 10:00:00,0.0
2026-01-31 11:00:00,-0.002858506
2026-01-31 12:00:00,-0.0057416426
2026-01-31 13:00:00,-0.0077071672
2026-01-31 14:00:00,-0.0254666064
2026-01-31 15:00:00,-0.0039761484
2026-01-31 16:00:00,-0.0100100936
2026-01-31 17:00:00,-0.0358461318
2026-01-31 18:00:00,-0.0041797344
2026-01-31 19:00:00,0.0135207468
2026-01-31 20:00:00,0.0
2026-01-31 21:00:00,0.0133403723
2026-01-31 22:00:00,0.0
2026-01-31 23:00:00,0.0171808167
2026-02-01 00:00:00,0.003001503
2026-02-01 01:00:00,-0.0009995003
2026-02-01 02:00:00,0.0049875415
2026-02-01 03:00:00,-0.0019920325
2026-02-01 04:00:00,-0.0009975063
2026-02-01 05:00:00,-0.0050025117
2026-02-01 06:00:00,-0.0030135633
2026-02-01 07:00:00,0.0030135633
2026-02-01 08:00:00,-0.0020080328
2026-02-01 09:00:00,0.0
2026-02-01 10:00:00,-0.0182560851
2026-02-01 11:00:00,0.0091697026
2026-02-01 12:00:00,-0.0040650462
2026-02-01 13:00:00,-0.0051046563
2026-02-01 14:00:00,-0.0051308476
2026-02-01 15:00:00,-0.0197409008
2026-02-01 16:00:00,-0.004206105
2026-02-01 17:00:00,-0.0010542964
2026-02-01 18:00:00,0.0125787822
2026-02-01 19:00:00,-0.0125787822
2026-02-01 20:00:00,0.0052604014
2026-02-01 21:00:00,-0.0094887375
2026-02-01 22:00:00,0.0105375053
2026-02-01 23:00:00,-0.0137205319
2026-02-02 00:00:00,0.010570923
2026-02-02 01:00:00,0.0041972779
2026-02-02 02:00:00,-0.0137060659
2026-02-02 03:00:00,-0.0063897981
2026-02-02 04:00:00,-0.0032102756
2026-02-02 05:00:00,-0.0183888362
2026-02-02 06:00:00,0.0183888362
2026-02-02 07:00:00,0.0064102784
2026-02-02 08:00:00,0.0063694483
2026-02-02 09:00:00,0.012618464
2026-02-02 10:00:00,-0.00313972
2026-02-02 11:00:00,-0.0020986367
2026-02-02 12:00:00,0.0135630665
2026-02-02 13:00:00,0.0041365106
2026-02-02 14:00:00,0.0071979745
2026-02-02 15:00:00,0.0162605209
2026-02-02 16:00:00,0.0
2026-02-02 17:00:00,-0.0040404095
2026-02-02 18:00:00,-0.0020263431
2026-02-02 19:00:00,-0.0071247121
2026-02-02 20:00:00,-0.0051203389
2026-02-02 21:00:00,0.0051203389
2026-02-02 22:00:00,0.0040774776
2026-02-02 23:00:00,-0.0030565485
2026-02-03 00:00:00,0.0030565485
2026-02-03 01:00:00,-0.0020366606
2026-02-03 02:00:00,-0.0205980506
2026-02-03 03:00:00,0.0154881774
2026-02-03 04:00:00,0.0061287219
2026-02-03 05:00:00,-0.0092072262
2026-02-03 06:00:00,-0.0020576139
2026-02-03 07:00:00,0.0030848354
2026-02-03 08:00:00,-0.0082474694
2026-02-03 09:00:00,-0.0072727593
2026-02-03 10:00:00,-0.0020876834
2026-02-03 11:00:00,0.0010443865
2026-02-03 12:00:00,0.0093507175
2026-02-03 13:00:00,0.0020661164
2026-02-03 14:00:00,-0.0166497082
2026-02-03 15:00:00,0.0217964
2026-02-03 16:00:00,-0.024949319
2026-02-03 17:00:00,-0.0223532458
2026-02-03 18:00:00,-0.0195658416
2026-02-03 19:00:00,0.0387561959
2026-02-03 20:00:00,0.0311875589
2026-02-03 21:00:00,-0.0092545648
2026-02-03 22:00:00,-0.0187701027
2026-02-03 23:00:00,-0.0031628914
2026-02-04 00:00:00,0.0073645783
2026-02-04 01:00:00,0.0093897403
2026-02-04 02:00:00,-0.0052056338
2026-02-04 03:00:00,0.0145080265
2026-02-04 04:00:00,-0.0061919702
2026-02-04 05:00:00,-0.0083160562
2026-02-04 06:00:00,0.0072803234
2026-02-04 07:00:00,0.0020703941
2026-02-04 08:00:00,0.0020661164
2026-02-04 09:00:00,-0.0082902029
2026-02-04 10:00:00,-0.0020833341
2026-02-04 11:00:00,-0.0020876834
2026-02-04 12:00:00,-0.00313972
2026-02-04 13:00:00,-0.0158481922
2026-02-04 14:00:00,-0.0139412446
2026-02-04 15:00:00,-0.0065005646
2026-02-04 16:00:00,-0.0054496048
2026-02-04 17:00:00,0.0
2026-02-04 18:00:00,0.0162605209
2026-02-04 19:00:00,0.0128206884
2026-02-04 20:00:00,-0.0063897981
2026-02-04 21:00:00,-0.0183293541
2026-02-04 22:00:00,-0.0054555509
2026-02-04 23:00:00,0.009798663
2026-02-05 00:00:00,0.0010828371
2026-02-05 01:00:00,-0.0032520354
2026-02-05 02:00:00,-0.010917139
2026-02-05 03:00:00,-0.0044004471
2026-02-05 04:00:00,0.0
2026-02-05 05:00:00,0.0011019285
2026-02-05 06:00:00,-0.007739121
2026-02-05 07:00:00,0.0022172958
2026-02-05 08:00:00,0.0110133272
2026-02-05 09:00:00,0.0043715917
2026-02-05 10:00:00,-0.024283754
2026-02-05 11:00:00,-0.0044792908
2026-02-05 12:00:00,0.0
2026-02-05 13:00:00,-0.0090192269
2026-02-05 14:00:00,0.001131862
2026-02-05 15:00:00,-0.0451204353
2026-02-05 16:00:00,0.0117648416
2026-02-05 17:00:00,-0.0260678268
2026-02-05 18:00:00,0.0035949709
2026-02-05 19:00:00,-0.0144580832
2026-02-05 20:00:00,-0.0333158511
2026-02-05 21:00:00,-0.0012554929
2026-02-05 22:00:00,0.007509422
2026-02-05 23:00:00,-0.016342287
2026-02-06 00:00:00,0.0050569008
2026-02-06 01:00:00,0.0285911333
2026-02-06 02:00:00,-0.016059641
2026-02-06 03:00:00,-0.0024937669
2026-02-06 04:00:00,0.0111733006
2026-02-06 05:00:00,0.0255955472
2026-02-06 06:00:00,-0.0206694289
2026-02-06 07:00:00,-0.0086366977
2026-02-06 08:00:00,-0.0062150604
2026-02-06 09:00:00,0.0234145016
2026-02-06 10:00:00,0.0060716641
2026-02-06 11:00:00,0.0060350213
2026-02-06 12:00:00,0.0
2026-02-06 13:00:00,0.0095809116
2026-02-06 14:00:00,0.0188907625
2026-02-06 15:00:00,0.004667453
2026-02-06 16:00:00,0.0218776717
2026-02-06 17:00:00,0.0124506419
2026-02-06 18:00:00,-0.010175328
2026-02-06 19:00:00,0.0045351552
2026-02-06 20:00:00,0.002259888
2026-02-06 21:00:00,0.0
2026-02-06 22:00:00,0.0112234624
2026-02-06 23:00:00,-0.00896867
2026-02-07 00:00:00,-0.0056465424
2026-02-07 01:00:00,0.0067720349
2026-02-07 02:00:00,-0.0022522532
2026-02-07 03:00:00,0.0067415986
2026-02-07 04:00:00,-0.0056148379
2026-02-07 05:00:00,0.0067340322
2026-02-07 06:00:00,-0.0169208775
2026-02-07 07:00:00,-0.0114417724
2026-02-07 08:00:00,0.0011500864
2026-02-07 09:00:00,-0.009237941
2026-02-07 10:00:00,0.0
2026-02-07 11:00:00,0.0034742363
2026-02-07 12:00:00,0.0171924005
2026-02-07 13:00:00,-0.0045558165
2026-02-07 14:00:00,-0.0091743763
2026-02-07 15:00:00,0.012593183
2026-02-07 16:00:00,0.0068027473
2026-02-07 17:00:00,0.0011293056
2026-02-07 18:00:00,0.0134531177
2026-02-07 19:00:00,-0.0044642931
2026-02-07 20:00:00,0.0055772593
2026-02-07 21:00:00,-0.0033426215
2026-02-07 22:00:00,-0.0033538321
2026-02-07 23:00:00,-0.0022421534
2026-02-08 00:00:00,-0.0033726845
2026-02-08 01:00:00,0.0044943896
2026-02-08 02:00:00,-0.0056211503
2026-02-08 03:00:00,-0.0022573373
2026-02-08 04:00:00,-0.003395589
2026-02-08 05:00:00,-0.0011344301
2026-02-08 06:00:00,0.0033994367
2026-02-08 07:00:00,-0.0022650066
2026-02-08 08:00:00,0.0135137192
2026-02-08 09:00:00,-0.0033613477
2026-02-08 10:00:00,-0.0067567825
2026-02-08 11:00:00,0.0168071183
2026-02-08 12:00:00,0.0011104943
2026-02-08 13:00:00,-0.0055648446
2026-02-08 14:00:00,-0.0022346378
2026-02-08 15:00:00,-0.0067340322
2026-02-08 16:00:00,-0.0147478566
2026-02-08 17:00:00,0.0045610113
2026-02-08 18:00:00,0.0113123378
2026-02-08 19:00:00,0.0056085397
2026-02-08 20:00:00,-0.0123805746
2026-02-08 21:00:00,-0.0034032931
2026-02-08 22:00:00,0.0045351552
2026-02-08 23:00:00,-0.0022650066
2026-02-09 00:00:00,-0.0011344301
2026-02-09 01:00:00,-0.0045506336
2026-02-09 02:00:00,0.0034149151
2026-02-09 03:00:00,0.0090498355
2026-02-09 04:00:00,-0.006779687
2026-02-09 05:00:00,0.003395589
2026-02-09 06:00:00,-0.0079410514
2026-02-09 07:00:00,-0.004566218
2026-02-09 08:00:00,-0.0091954671
2026-02-09 09:00:00,-0.0092808091
2026-02-09 10:00:00,-0.0105449132
2026-02-09 11:00:00,0.0070422826
2026-02-09 12:00:00,0.004667453
2026-02-09 13:00:00,-0.0023310034
2026-02-09 14:00:00,0.0058173521
2026-02-09 15:00:00,0.013825105
2026-02-09 16:00:00,0.0079772503
2026-02-09 17:00:00,0.0124085066
2026-02-09 18:00:00,-0.0022446699
2026-02-09 19:00:00,0.0067189502
2026-02-09 20:00:00,-0.0044742804
2026-02-09 21:00:00,-0.0044943896
2026-02-09 22:00:00,-0.0022547924
2026-02-09 23:00:00,-0.002259888
2026-02-10 00:00:00,-0.0033994367
2026-02-10 01:00:00,0.0056593247
2026-02-10 02:00:00,-0.0067950431
2026-02-10 03:00:00,-0.0137301928
2026-02-10 04:00:00,0.0034502622
2026-02-10 05:00:00,-0.0092272858
2026-02-10 06:00:00,-0.0163555048
2026-02-10 07:00:00,0.0058720075
2026-02-10 08:00:00,0.0023391824
2026-02-10 09:00:00,-0.0011689072
2026-02-10 10:00:00,-0.0023419214
2026-02-10 11:00:00,-0.003523198
2026-02-10 12:00:00,-0.0011771632
2026-02-10 13:00:00,0.0093787323
2026-02-10 14:00:00,-0.0046783711
2026-02-10 15:00:00,0.0035108287
2026-02-10 16:00:00,0.0034985458
2026-02-10 17:00:00,0.0023255824
2026-02-10 18:00:00,-0.0116823759
2026-02-10 19:00:00,0.0035190652
2026-02-10 20:00:00,-0.0011716463
2026-02-10 21:00:00,-0.0023474189
2026-02-10 22:00:00,0.0046893404
2026-02-10 23:00:00,0.0011689072
2026-02-11 00:00:00,0.0011675425
2026-02-11 01:00:00,-0.0023364497
2026-02-11 02:00:00,0.0
2026-02-11 03:00:00,-0.0023419214
2026-02-11 04:00:00,-0.0153576557
2026-02-11 05:00:00,-0.0035778213
2026-02-11 06:00:00,-0.0083983697
2026-02-11 07:00:00,0.00240674
2026-02-11 08:00:00,-0.0048192864
2026-02-11 09:00:00,-0.0036297681
2026-02-11 10:00:00,-0.0048602769
2026-02-11 11:00:00,0.0072815856
2026-02-11 12:00:00,0.0
2026-02-11 13:00:00,0.0084287073
2026-02-11 14:00:00,-0.0120628724
2026-02-11 15:00:00,0.0
2026-02-11 16:00:00,-0.008531435
2026-02-11 17:00:00,0.0073171058
2026-02-11 18:00:00,0.0096735942
2026-02-11 19:00:00,0.0
2026-02-11 20:00:00,0.0024038473
2026-02-11 21:00:00,0.0071770643
2026-02-11 22:00:00,-0.0059773041
2026-02-11 23:00:00,-0.0024009615
2026-02-12 00:00:00,0.0083782656
2026-02-12 01:00:00,0.0
2026-02-12 02:00:00,-0.002386636
2026-02-12 03:00:00,0.0059559438
2026-02-12 04:00:00,-0.0011883543
2026-02-12 05:00:00,0.0035608346
2026-02-12 06:00:00,0.002366865
2026-02-12 07:00:00,-0.002366865
2026-02-12 08:00:00,-0.0023724804
2026-02-12 09:00:00,0.0106321143
2026-02-12 10:00:00,0.00702579
2026-02-12 11:00:00,-0.0011675425
2026-02-12 12:00:00,-0.0082111898
2026-02-12 13:00:00,0.0093787323
2026-02-12 14:00:00,-0.0082015691
2026-02-12 15:00:00,-0.0178046246
2026-02-12 16:00:00,-0.0181273846
2026-02-12 17:00:00,0.0024360548
2026-02-12 18:00:00,0.0060643
2026-02-12 19:00:00,0.0036210058
2026-02-12 20:00:00,-0.0084695001
2026-02-12 21:00:00,0.0060569537
2026-02-12 22:00:00,0.0108109161
2026-02-12 23:00:00,0.0047675895
2026-02-13 00:00:00,-0.0035735595
2026-02-13 01:00:00,0.0059488575
2026-02-13 02:00:00,-0.0035650662
2026-02-13 03:00:00,0.0011897681
2026-02-13 04:00:00,-0.0047675895
2026-02-13 05:00:00,-0.0047904283
2026-02-13 06:00:00,0.0035949709
2026-02-13 07:00:00,0.0011954574
2026-02-13 08:00:00,0.0095125569
2026-02-13 09:00:00,0.0
2026-02-13 10:00:00,0.0
2026-02-13 11:00:00,-0.0023696694
2026-02-13 12:00:00,0.0
2026-02-13 13:00:00,0.0082693915
2026-02-13 14:00:00,0.0070340267
2026-02-13 15:00:00,0.0150727491
2026-02-13 16:00:00,0.0171139374
2026-02-13 17:00:00,-0.001131862
2026-02-13 18:00:00,-0.0045403029
2026-02-13 19:00:00,0.0011370098
2026-02-13 20:00:00,-0.0011370098
2026-02-13 21:00:00,0.0045403029
2026-02-13 22:00:00,-0.0022675747
2026-02-13 23:00:00,-0.0045506336
2026-02-14 00:00:00,0.0056850636
2026-02-14 01:00:00,0.0056529263
2026-02-14 02:00:00,-0.0056529263
2026-02-14 03:00:00,0.003395589
2026-02-14 04:00:00,0.0011293056
2026-02-14 05:00:00,-0.0045248946
2026-02-14 06:00:00,0.0
2026-02-14 07:00:00,0.006779687
2026-02-14 08:00:00,0.00896867
2026-02-14 09:00:00,0.0022296553
2026-02-14 10:00:00,-0.0055834874
2026-02-14 11:00:00,0.0111359725
2026-02-14 12:00:00,-0.0111359725
2026-02-14 13:00:00,0.0022371374
2026-02-14 14:00:00,0.0088988351
2026-02-14 15:00:00,0.0
2026-02-14 16:00:00,0.0033167526
2026-02-14 17:00:00,-0.0022099457
2026-02-14 18:00:00,0.0088106297
2026-02-14 19:00:00,0.0043763746
2026-02-14 20:00:00,-0.0032804841
2026-02-14 21:00:00,0.0
2026-02-14 22:00:00,-0.0010958905
2026-02-14 23:00:00,-0.0043956115
2026-02-15 00:00:00,-0.0022050726
2026-02-15 01:00:00,0.0
2026-02-15 02:00:00,-0.0011043623
2026-02-15 03:00:00,0.0011043623
2026-02-15 04:00:00,0.0055035912
2026-02-15 05:00:00,0.0087432251
2026-02-15 06:00:00,-0.0054555509
2026-02-15 07:00:00,0.0065430986
2026-02-15 08:00:00,-0.00873368
2026-02-15 09:00:00,0.0
2026-02-15 10:00:00,-0.0043956115
2026-02-15 11:00:00,-0.0033094349
2026-02-15 12:00:00,-0.0234778811
2026-02-15 13:00:00,-0.005672165
2026-02-15 14:00:00,0.0090600846
2026-02-15 15:00:00,0.0
2026-02-15 16:00:00,0.0
2026-02-15 17:00:00,-0.013621096
2026-02-15 18:00:00,-0.0080321717
2026-02-15 19:00:00,-0.0046189459
2026-02-15 20:00:00,0.0023121398
2026-02-15 21:00:00,0.0069045153
2026-02-15 22:00:00,0.0034344624
2026-02-15 23:00:00,0.0034227073
2026-02-16 00:00:00,0.0
2026-02-16 01:00:00,-0.0034227073
2026-02-16 02:00:00,-0.0045819095
2026-02-16 03:00:00,0.0034383988
2026-02-16 04:00:00,0.0068415318
2026-02-16 05:00:00,-0.0125787822
2026-02-16 06:00:00,0.0068807611
2026-02-16 07:00:00,0.0011422046
2026-02-16 08:00:00,0.0068259651
2026-02-16 09:00:00,0.0056529263
2026-02-16 10:00:00,-0.0056529263
2026-02-16 11:00:00,-0.0034071583
2026-02-16 12:00:00,0.0146812349
2026-02-16 13:00:00,-0.0181000416
2026-02-16 14:00:00,0.0090909717
2026-02-16 15:00:00,-0.0148150858
2026-02-16 16:00:00,0.0068650155
2026-02-16 17:00:00,0.0022779053
2026-02-16 18:00:00,-0.0045610113
2026-02-16 19:00:00,0.0034227073
2026-02-16 20:00:00,0.009070357
2026-02-16 21:00:00,0.0101067677
2026-02-16 22:00:00,-0.0056022555
2026-02-16 23:00:00,0.0033651182
2026-02-17 00:00:00,-0.0011204483
2026-02-17 01:00:00,-0.0033688971
2026-02-17 02:00:00,0.0089586265
2026-02-17 03:00:00,-0.0055897295
2026-02-17 04:00:00,-0.0011217051
2026-02-17 05:00:00,-0.0067567825
2026-02-17 06:00:00,0.0056338177
2026-02-17 07:00:00,-0.0033764804
2026-02-17 08:00:00,-0.0056529263
2026-02-17 09:00:00,-0.0011344301
2026-02-17 10:00:00,-0.0068337396
2026-02-17 11:00:00,0.0011422046
2026-02-17 12:00:00,-0.0011422046
2026-02-17 13:00:00,0.0124930642
2026-02-17 14:00:00,-0.0170749738
2026-02-17 15:00:00,0.0068650155
2026-02-17 16:00:00,0.0056850636
2026-02-17 17:00:00,-0.0102565002
2026-02-17 18:00:00,0.0192859069
2026-02-17 19:00:00,-0.0022497197
2026-02-17 20:00:00,-0.003384098
2026-02-17 21:00:00,0.0022573373
2026-02-17 22:00:00,-0.0022573373
2026-02-17 23:00:00,-0.0022624444
2026-02-18 00:00:00,-0.0045403029
2026-02-18 01:00:00,0.0
2026-02-18 02:00:00,0.0068027473
2026-02-18 03:00:00,0.0045095905
2026-02-18 04:00:00,-0.0056401729
2026-02-18 05:00:00,0.0011305824
2026-02-18 06:00:00,0.0022573373
2026-02-18 07:00:00,0.0056211503
2026-02-18 08:00:00,-0.0022446699
2026-02-18 09:00:00,-0.0022497197
2026-02-18 10:00:00,-0.0045146804
2026-02-18 11:00:00,-0.0090909717
2026-02-18 12:00:00,0.0022805027
2026-02-18 13:00:00,-0.009153382
2026-02-18 14:00:00,0.0034423442
2026-02-18 15:00:00,0.0079863516
2026-02-18 16:00:00,-0.0102799306
2026-02-18 17:00:00,0.0
2026-02-18 18:00:00,-0.0103867062
2026-02-18 19:00:00,-0.0069848945
2026-02-18 20:00:00,0.0011675425
2026-02-18 21:00:00,-0.0011675425
2026-02-18 22:00:00,0.0023337233
2026-02-18 23:00:00,0.0023282898
2026-02-19 00:00:00,0.0
2026-02-19 01:00:00,0.0081065875
2026-02-19 02:00:00,-0.0011540682
2026-02-19 03:00:00,0.0011540682
2026-02-19 04:00:00,0.0023041485
2026-02-19 05:00:00,-0.0034582167
2026-02-19 06:00:00,0.0069045153
2026-02-19 07:00:00,-0.0022962123
2026-02-19 08:00:00,-0.0080785206
2026-02-19 09:00:00,-0.0011594204
2026-02-19 10:00:00,-0.0058173521
2026-02-19 11:00:00,0.0
2026-02-19 12:00:00,-0.0011675425
2026-02-19 13:00:00,-0.0188684843
2026-02-19 14:00:00,0.0082988028
2026-02-19 15:00:00,-0.0035482001
2026-02-19 16:00:00,-0.0011855366
2026-02-19 17:00:00,-0.0011869438
2026-02-19 18:00:00,0.0118065126
2026-02-19 19:00:00,-0.0011743983
2026-02-19 20:00:00,0.0011743983
2026-02-19 21:00:00,0.002344667
2026-02-19 22:00:00,-0.0011716463
2026-02-19 23:00:00,0.0046783711
2026-02-20 00:00:00,0.0058173521
2026-02-20 01:00:00,-0.0023228814
2026-02-20 02:00:00,-0.0011634673
2026-02-20 03:00:00,0.0011634673
2026-02-20 04:00:00,-0.0058309203
2026-02-20 05:00:00,0.0104712999
2026-02-20 06:00:00,-0.0011580777
2026-02-20 07:00:00,0.0023148158
2026-02-20 08:00:00,0.0023094698
2026-02-20 09:00:00,0.0034542349
2026-02-20 10:00:00,-0.0034542349
2026-02-20 11:00:00,-0.0057837061
2026-02-20 12:00:00,0.0
2026-02-20 13:00:00,-0.0140189212
2026-02-20 14:00:00,0.0128581549
2026-02-20 15:00:00,0.0240975516
2026-02-20 16:00:00,0.0112740766
2026-02-20 17:00:00,-0.0090090699
2026-02-20 18:00:00,0.0067644001
2026-02-20 19:00:00,0.0
2026-02-20 20:00:00,0.0
2026-02-20 21:00:00,0.0089486056
2026-02-20 22:00:00,-0.0011142062
2026-02-20 23:00:00,-0.0033500869
2026-02-21 00:00:00,-0.0044843124
2026-02-21 01:00:00,0.0022446699
2026-02-21 02:00:00,0.0022396426
2026-02-21 03:00:00,-0.0089888246
2026-02-21 04:00:00,0.0
2026-02-21 05:00:00,0.0033802849
2026-02-21 06:00:00,-0.0022522532
2026-02-21 07:00:00,0.0
2026-02-21 08:00:00,0.0044994452
2026-02-21 09:00:00,0.0044792908
2026-02-21 10:00:00,-0.0011179431
2026-02-21 11:00:00,0.0
2026-02-21 12:00:00,-0.0022396426
2026-02-21 13:00:00,0.0033575857
2026-02-21 14:00:00,0.0011166947
2026-02-21 15:00:00,-0.0022346378
2026-02-21 16:00:00,-0.0033613477
2026-02-21 17:00:00,0.0055959855
2026-02-21 18:00:00,0.0011154491
2026-02-21 19:00:00,-0.0044692812
2026-02-21 20:00:00,-0.0067415986
2026-02-21 21:00:00,0.0033764804
2026-02-21 22:00:00,-0.0011242272
2026-02-21 23:00:00,-0.0011254925
2026-02-22 00:00:00,-0.0056465424
2026-02-22 01:00:00,0.0067720349
2026-02-22 02:00:00,-0.0056401729
2026-02-22 03:00:00,0.0
2026-02-22 04:00:00,0.0011305824
2026-02-22 05:00:00,-0.0022624444
2026-02-22 06:00:00,0.0022624444
2026-02-22 07:00:00,0.0
2026-02-22 08:00:00,-0.0056657375
2026-02-22 09:00:00,0.0011357185
2026-02-22 10:00:00,0.0011344301
2026-02-22 11:00:00,0.0011331446
2026-02-22 12:00:00,-0.0079591097
2026-02-22 13:00:00,-0.004576667
2026-02-22 14:00:00,0.0011461319
2026-02-22 15:00:00,-0.002293579
2026-02-22 16:00:00,-0.0011487652
2026-02-22 17:00:00,-0.0080785206
2026-02-22 18:00:00,0.0011580777
2026-02-22 19:00:00,0.0
2026-02-22 20:00:00,-0.0034782644
2026-02-22 21:00:00,0.0057904041
2026-02-22 22:00:00,0.0046083031
2026-02-22 23:00:00,-0.002301497
2026-02-23 00:00:00,-0.0139213385
2026-02-23 01:00:00,-0.0429660359
2026-02-23 02:00:00,0.0012187692
2026-02-23 03:00:00,0.0060716641
2026-02-23 04:00:00,-0.0060716641
2026-02-23 05:00:00,0.0036474205
2026-02-23 06:00:00,0.0120628724
2026-02-23 07:00:00,0.0023952107
2026-02-23 08:00:00,-0.0035949709
2026-02-23 09:00:00,0.0225528847
2026-02-23 10:00:00,-0.0011743983
2026-02-23 11:00:00,-0.005892769
2026-02-23 12:00:00,0.0082401879
2026-02-23 13:00:00,-0.0023474189
2026-02-23 14:00:00,-0.0070755012
2026-02-23 15:00:00,-0.0035566131
2026-02-23 16:00:00,-0.0071514012
2026-02-23 17:00:00,-0.0084084579
2026-02-23 18:00:00,-0.0036253816
2026-02-23 19:00:00,-0.0048543785
2026-02-23 20:00:00,0.0084797601
2026-02-23 21:00:00,0.0012055457
2026-02-23 22:00:00,0.0
2026-02-23 23:00:00,-0.0048309273
2026-02-24 00:00:00,0.0084388686
2026-02-24 01:00:00,-0.0096502558
2026-02-24 02:00:00,0.0024213087
2026-02-24 03:00:00,-0.0072815856
2026-02-24 04:00:00,-0.0048840146
2026-02-24 05:00:00,0.0
2026-02-24 06:00:00,-0.0036787289
2026-02-24 07:00:00,0.002453989
2026-02-24 08:00:00,0.0024479816
2026-02-24 09:00:00,-0.0024479816
2026-02-24 10:00:00,0.0024479816
2026-02-24 11:00:00,-0.0012232417
2026-02-24 12:00:00,-0.0036787289
2026-02-24 13:00:00,-0.0024600258
2026-02-24 14:00:00,0.0085837437
2026-02-24 15:00:00,0.0036563112
2026-02-24 16:00:00,0.0
2026-02-24 17:00:00,0.0036429913
2026-02-24 18:00:00,-0.0012128564
2026-02-24 19:00:00,-0.0012143292
2026-02-24 20:00:00,0.0024271857
2026-02-24 21:00:00,-0.0060790461
2026-02-24 22:00:00,0.0036518604
2026-02-24 23:00:00,-0.0036518604
2026-02-25 00:00:00,0.0048661897
2026-02-25 01:00:00,0.0357606639
2026-02-25 02:00:00,0.0058377282
2026-02-25 03:00:00,-0.0093567934
2026-02-25 04:00:00,-0.0023529423
2026-02-25 05:00:00,-0.0094675263
2026-02-25 06:00:00,-0.0011897681
2026-02-25 07:00:00,0.0082988028
2026-02-25 08:00:00,0.0070588528
2026-02-25 09:00:00,0.005844552
2026-02-25 10:00:00,0.0
2026-02-25 11:00:00,0.0092808091
2026-02-25 12:00:00,0.0171727174
2026-02-25 13:00:00,0.0090396096
2026-02-25 14:00:00,0.0255427546
2026-02-25 15:00:00,0.0173917427
2026-02-25 16:00:00,0.0170944334
2026-02-25 17:00:00,0.003172927
2026-02-25 18:00:00,-0.003172927
2026-02-25 19:00:00,0.003172927
2026-02-25 20:00:00,-0.0042328106
2026-02-25 21:00:00,0.006342516
2026-02-25 22:00:00,-0.007403524
2026-02-25 23:00:00,-0.0171310399
2026-02-26 00:00:00,-0.0010804971
2026-02-26 01:00:00,-0.0043337013
2026-02-26 02:00:00,0.0043337013
2026-02-26 03:00:00,-0.0010816659
2026-02-26 04:00:00,0.008620743
2026-02-26 05:00:00,-0.0021482285
2026-02-26 06:00:00,-0.0021528534
2026-02-26 07:00:00,-0.0075716965
2026-02-26 08:00:00,-0.0021739139
2026-02-26 09:00:00,0.0118984638
2026-02-26 10:00:00,-0.0032310206
2026-02-26 11:00:00,-0.0075798955
2026-02-26 12:00:00,0.0108109161
2026-02-26 13:00:00,-0.0086393626
2026-02-26 14:00:00,-0.0065288589
2026-02-26 15:00:00,-0.0054734674
2026-02-26 16:00:00,-0.0244456617
2026-02-26 17:00:00,0.0
2026-02-26 18:00:00,0.011185799
2026-02-26 19:00:00,0.0132598628
2026-02-26 20:00:00,-0.0044004471
2026-02-26 21:00:00,0.0033021494
2026-02-26 22:00:00,0.0021953906
2026-02-26 23:00:00,-0.0021953906
2026-02-27 00:00:00,-0.0066152391
2026-02-27 01:00:00,0.0022099457
2026-02-27 02:00:00,0.006600684
2026-02-27 03:00:00,0.0043763746
2026-02-27 04:00:00,0.0043573054
2026-02-27 05:00:00,0.0010863662
2026-02-27 06:00:00,-0.004352564
2026-02-27 07:00:00,0.0
2026-02-27 08:00:00,-0.0010911076
2026-02-27 09:00:00,-0.0032804841
2026-02-27 10:00:00,-0.0221492997
2026-02-27 11:00:00,-0.0089989359
2026-02-27 12:00:00,-0.003395589
2026-02-27 13:00:00,0.0
2026-02-27 14:00:00,-0.0056850636
2026-02-27 15:00:00,0.0056850636
2026-02-27 16:00:00,-0.0079681696
2026-02-27 17:00:00,-0.0022883305
2026-02-27 18:00:00,-0.0068965791
2026-02-27 19:00:00,0.0011527379
2026-02-27 20:00:00,0.002301497
2026-02-27 21:00:00,-0.0034542349
2026-02-27 22:00:00,-0.0011540682
2026-02-27 23:00:00,0.0057570683
2026-02-28 00:00:00,0.002293579
2026-02-28 01:00:00,-0.0034423442
2026-02-28 02:00:00,0.0034423442
2026-02-28 03:00:00,-0.0057438412
2026-02-28 04:00:00,0.0
2026-02-28 05:00:00,-0.0034622077
2026-02-28 06:00:00,-0.0425093518
2026-02-28 07:00:00,0.0084084579
2026-02-28 08:00:00,-0.0120338396
2026-02-28 09:00:00,0.0024183809
2026-02-28 10:00:00,0.0036166405
2026-02-28 11:00:00,-0.0048250998
2026-02-28 12:00:00,0.0048250998
2026-02-28 13:00:00,0.0167068325
2026-02-28 14:00:00,-0.0047449674
2026-02-28 15:00:00,0.002375298
2026-02-28 16:00:00,0.0047337367
2026-02-28 17:00:00,-0.0035482001
2026-02-28 18:00:00,0.0211027761
2026-02-28 19:00:00,0.006936444
2026-02-28 20:00:00,0.018265348
2026-02-28 21:00:00,-0.0033994367
2026-02-28 22:00:00,0.0079141171
2026-02-28 23:00:00,-0.003384098
2026-03-01 00:00:00,-0.003395589
2026-03-01 01:00:00,0.0168638061
2026-03-01 02:00:00,0.0143887375
2026-03-01 03:00:00,-0.0044052935
2026-03-01 04:00:00,0.0
2026-03-01 05:00:00,0.0011031441
2026-03-01 06:00:00,-0.0110865881
2026-03-01 07:00:00,0.0011142062
2026-03-01 08:00:00,-0.012325086
2026-03-01 09:00:00,0.0022522532
2026-03-01 10:00:00,-0.0011254925
2026-03-01 11:00:00,0.0
2026-03-01 12:00:00,-0.0045146804
2026-03-01 13:00:00,0.0157130057
2026-03-01 14:00:00,-0.00334635
2026-03-01 15:00:00,-0.0022371374
2026-03-01 16:00:00,-0.0112613803
2026-03-01 17:00:00,-0.005678607
2026-03-01 18:00:00,0.0045454624
2026-03-01 19:00:00,-0.0160003413
2026-03-01 20:00:00,-0.0139213385
2026-03-01 21:00:00,0.0069848945
2026-03-01 22:00:00,-0.0011607662
2026-03-01 23:00:00,0.0069444724
2026-03-02 00:00:00,0.0103271142
2026-03-02 01:00:00,0.0022805027
2026-03-02 02:00:00,-0.0034227073
2026-03-02 03:00:00,0.0102331763
2026-03-02 04:00:00,-0.0045351552
2026-03-02 05:00:00,0.0022701485
2026-03-02 06:00:00,-0.0125500792
2026-03-02 07:00:00,-0.0046030001
2026-03-02 08:00:00,0.0034542349
2026-03-02 09:00:00,-0.002301497
2026-03-02 10:00:00,0.0011514106
2026-03-02 11:00:00,0.0
2026-03-02 12:00:00,-0.0034582167
2026-03-02 13:00:00,-0.0069525193
2026-03-02 14:00:00,0.0275246734
2026-03-02 15:00:00,0.0245822434
2026-03-02 16:00:00,0.0120681662
2026-03-02 17:00:00,-0.0142781119
2026-03-02 18:00:00,-0.0022148403
2026-03-02 19:00:00,0.0022148403
2026-03-02 20:00:00,0.0
2026-03-02 21:00:00,0.0
2026-03-02 22:00:00,0.0044150182
2026-03-02 23:00:00,-0.0144206603
2026-03-03 00:00:00,0.0022321438
2026-03-03 01:00:00,0.0
2026-03-03 02:00:00,-0.0033500869
2026-03-03 03:00:00,-0.0078607929
2026-03-03 04:00:00,0.0
2026-03-03 05:00:00,-0.0101983887
2026-03-03 06:00:00,0.0022753138
2026-03-03 07:00:00,-0.0011370098
2026-03-03 08:00:00,-0.0148999891
2026-03-03 09:00:00,-0.0034702175
2026-03-03 10:00:00,0.0
2026-03-03 11:00:00,0.0
2026-03-03 12:00:00,0.0080785206
2026-03-03 13:00:00,-0.0034542349
2026-03-03 14:00:00,-0.003466208
2026-03-03 15:00:00,0.0115076069
2026-03-03 16:00:00,0.0125072694
2026-03-03 17:00:00,-0.003395589
2026-03-03 18:00:00,0.0022650066
2026-03-03 19:00:00,-0.0033994367
2026-03-03 20:00:00,-0.0068337396
2026-03-03 21:00:00,-0.0045819095
2026-03-03 22:00:00,0.0114156491
2026-03-03 23:00:00,0.0011344301
2026-03-04 00:00:00,-0.0079681696
2026-03-04 01:00:00,0.0091013142
2026-03-04 02:00:00,-0.0034032931
2026-03-04 03:00:00,-0.0079863516
2026-03-04 04:00:00,0.0022883305
2026-03-04 05:00:00,0.0034227073
2026-03-04 06:00:00,0.0022753138
2026-03-04 07:00:00,0.0079230748
2026-03-04 08:00:00,0.03544114
2026-03-04 09:00:00,0.0032591012
2026-03-04 10:00:00,-0.0054377513
2026-03-04 11:00:00,-0.0043715917
2026-03-04 12:00:00,-0.0032912811
2026-03-04 13:00:00,0.0054794658
2026-03-04 14:00:00,0.006535971
2026-03-04 15:00:00,0.0310019483
2026-03-04 16:00:00,-0.001053186
2026-03-04 17:00:00,-0.0042238711
2026-03-04 18:00:00,0.0031695748
2026-03-04 19:00:00,0.0063091692
2026-03-04 20:00:00,-0.0052548728
2026-03-04 21:00:00,-0.0052826325
2026-03-04 22:00:00,-0.0095796369
2026-03-04 23:00:00,0.0010689472
2026-03-05 00:00:00,-0.0010689472
2026-03-05 01:00:00,-0.0107527918
2026-03-05 02:00:00,0.0032379953
2026-03-05 03:00:00,-0.0010781672
2026-03-05 04:00:00,0.0075228727
2026-03-05 05:00:00,-0.0086022036
2026-03-05 06:00:00,0.0032345042
2026-03-05 07:00:00,-0.0097350688
2026-03-05 08:00:00,0.0054200675
2026-03-05 09:00:00,0.0064655398
2026-03-05 10:00:00,0.0106838623
2026-03-05 11:00:00,-0.0010632643
2026-03-05 12:00:00,0.0095289233
2026-03-05 13:00:00,-0.0116588496
2026-03-05 14:00:00,0.0053163336
2026-03-05 15:00:00,-0.0225210591
2026-03-05 16:00:00,-0.0032591012
2026-03-05 17:00:00,-0.0109410282
2026-03-05 18:00:00,0.0098522964
2026-03-05 19:00:00,0.0010887317
2026-03-05 20:00:00,0.0097456104
2026-03-05 21:00:00,-0.0064865092
2026-03-05 22:00:00,0.0021668481
2026-03-05 23:00:00,-0.0043384016
2026-03-06 00:00:00,0.0010863662
2026-03-06 01:00:00,0.0010851873
2026-03-06 02:00:00,0.0043290111
2026-03-06 03:00:00,-0.0010804971
2026-03-06 04:00:00,-0.0075963469
2026-03-06 05:00:00,0.0043478329
2026-03-06 06:00:00,-0.0021715535
2026-03-06 07:00:00,0.0086580627
2026-03-06 08:00:00,-0.0075716965
2026-03-06 09:00:00,-0.0131149421
2026-03-06 10:00:00,0.0065789711
2026-03-06 11:00:00,-0.0087816152
2026-03-06 12:00:00,0.0011019285
2026-03-06 13:00:00,-0.0121885165
2026-03-06 14:00:00,-0.0179982361
2026-03-06 15:00:00,-0.0068337396
2026-03-06 16:00:00,0.0011422046
2026-03-06 17:00:00,-0.004576667
2026-03-06 18:00:00,0.0057175685
2026-03-06 19:00:00,0.0011396013
2026-03-06 20:00:00,0.0
2026-03-06 21:00:00,0.0011383041
2026-03-06 22:00:00,0.0011370098
2026-03-06 23:00:00,-0.0011370098
2026-03-07 00:00:00,0.0034071583
2026-03-07 01:00:00,0.0
2026-03-07 02:00:00,0.0
2026-03-07 03:00:00,0.0
2026-03-07 04:00:00,-0.0079681696
2026-03-07 05:00:00,0.0068337396
2026-03-07 06:00:00,0.0
2026-03-07 07:00:00,-0.0034110323
2026-03-07 08:00:00,0.0034110323
2026-03-07 09:00:00,-0.0011357185
2026-03-07 10:00:00,-0.0034149151
2026-03-07 11:00:00,0.0056850636
2026-03-07 12:00:00,-0.0045454624
2026-03-07 13:00:00,0.0022753138
2026-03-07 14:00:00,-0.0011370098
2026-03-07 15:00:00,-0.0045610113
2026-03-07 16:00:00,0.0
2026-03-07 17:00:00,0.0034227073
2026-03-07 18:00:00,-0.0057110378
2026-03-07 19:00:00,-0.0034423442
2026-03-07 20:00:00,0.0011487652
2026-03-07 21:00:00,-0.0022988516
2026-03-07 22:00:00,0.0
2026-03-07 23:00:00,0.0011500864
2026-03-08 00:00:00,0.0022962123
2026-03-08 01:00:00,-0.0045977092
2026-03-08 02:00:00,-0.0104227927
2026-03-08 03:00:00,0.0011634673
2026-03-08 04:00:00,-0.0058309203
2026-03-08 05:00:00,0.0081538017
2026-03-08 06:00:00,-0.0011607662
2026-03-08 07:00:00,0.0034782644
2026-03-08 08:00:00,-0.0023174981
2026-03-08 09:00:00,0.0080878546
2026-03-08 10:00:00,0.0091638671
2026-03-08 11:00:00,-0.0149342236
2026-03-08 12:00:00,0.0023121398
2026-03-08 13:00:00,-0.0069525193
2026-03-08 14:00:00,-0.0046620131
2026-03-08 15:00:00,0.0011675425
2026-03-08 16:00:00,-0.0058513918
2026-03-08 17:00:00,0.002344667
2026-03-08 18:00:00,0.0
2026-03-08 19:00:00,0.011641575
2026-03-08 20:00:00,0.0
2026-03-08 21:00:00,-0.0046403796
2026-03-08 22:00:00,-0.0034944706
2026-03-08 23:00:00,-0.00702579
2026-03-09 00:00:00,0.00702579
2026-03-09 01:00:00,-0.0046783711
2026-03-09 02:00:00,0.0116551436
2026-03-09 03:00:00,0.0057770236
2026-03-09 04:00:00,0.0034502622
2026-03-09 05:00:00,0.0148150858
2026-03-09 06:00:00,-0.0125215068
2026-03-09 07:00:00,0.0
2026-03-09 08:00:00,0.0034305351
2026-03-09 09:00:00,0.0022805027
2026-03-09 10:00:00,-0.0022805027
2026-03-09 11:00:00,0.0022805027
2026-03-09 12:00:00,0.0045454624
2026-03-09 13:00:00,0.0112740766
2026-03-09 14:00:00,0.0011204483
2026-03-09 15:00:00,0.0
2026-03-09 16:00:00,0.0044692812
2026-03-09 17:00:00,-0.0055897295
2026-03-09 18:00:00,-0.0022446699
2026-03-09 19:00:00,0.0133930573
2026-03-09 20:00:00,-0.005558658
2026-03-09 21:00:00,0.0033389013
2026-03-09 22:00:00,-0.0100503359
2026-03-09 23:00:00,-0.0056274769
2026-03-10 00:00:00,0.006749182
2026-03-10 01:00:00,0.0
2026-03-10 02:00:00,0.0122564208
2026-03-10 03:00:00,-0.0100167782
2026-03-10 04:00:00,0.0
2026-03-10 05:00:00,0.0066889882
2026-03-10 06:00:00,0.0
2026-03-10 07:00:00,0.0033277901
2026-03-10 08:00:00,0.0088203438
2026-03-10 09:00:00,0.0010970928
2026-03-10 10:00:00,-0.00549754
2026-03-10 11:00:00,0.0033021494
2026-03-10 12:00:00,-0.0055096558
2026-03-10 13:00:00,-0.0077648754
2026-03-10 14:00:00,0.0132745312
2026-03-10 15:00:00,0.0021953906
2026-03-10 16:00:00,0.0032840752
2026-03-10 17:00:00,-0.0032840752
2026-03-10 18:00:00,-0.0188162718
2026-03-10 19:00:00,0.0022321438
2026-03-10 20:00:00,0.0
2026-03-10 21:00:00,-0.0033500869
2026-03-10 22:00:00,0.0033500869
2026-03-10 23:00:00,0.0011142062
2026-03-11 00:00:00,0.0011129662
2026-03-11 01:00:00,0.0
2026-03-11 02:00:00,-0.0078169019
2026-03-11 03:00:00,0.0011204483
2026-03-11 04:00:00,0.0078081824
2026-03-11 05:00:00,-0.0134230203
2026-03-11 06:00:00,0.0078519753
2026-03-11 07:00:00,-0.0067264828
2026-03-11 08:00:00,0.0044893454
2026-03-11 09:00:00,-0.0044893454
2026-03-11 10:00:00,0.0067264828
2026-03-11 11:00:00,-0.0033575857
2026-03-11 12:00:00,0.0067039357
2026-03-11 13:00:00,0.002224695
2026-03-11 14:00:00,0.0088496153
2026-03-11 15:00:00,-0.0144206603
2026-03-11 16:00:00,0.0122155878
2026-03-11 17:00:00,0.0
2026-03-11 18:00:00,0.006600684
2026-03-11 19:00:00,-0.0043956115
2026-03-11 20:00:00,-0.0022050726
2026-03-11 21:00:00,-0.0022099457
2026-03-11 22:00:00,0.0011055833
2026-03-11 23:00:00,-0.0044296861
2026-03-12 00:00:00,-0.0011104943
2026-03-12 01:00:00,-0.005571045
2026-03-12 02:00:00,-0.0056022555
2026-03-12 03:00:00,-0.0067644001
2026-03-12 04:00:00,0.0033879197
2026-03-12 05:00:00,-0.0022573373
2026-03-12 06:00:00,0.0078784876
2026-03-12 07:00:00,0.0033575857
2026-03-12 08:00:00,0.0
2026-03-12 09:00:00,0.0077908018
2026-03-12 10:00:00,0.0077305741
2026-03-12 11:00:00,-0.0066225408
2026-03-12 12:00:00,0.0022123903
2026-03-12 13:00:00,-0.0044296861
2026-03-12 14:00:00,-0.0066815393
2026-03-12 15:00:00,0.0111112254
2026-03-12 16:00:00,0.0011043623
2026-03-12 17:00:00,-0.004424786
2026-03-12 18:00:00,-0.0044444518
2026-03-12 19:00:00,0.0055524851
2026-03-12 20:00:00,-0.0055524851
2026-03-12 21:00:00,0.0044444518
2026-03-12 22:00:00,-0.0022197567
2026-03-12 23:00:00,0.0066445427
2026-03-13 00:00:00,0.0196727656
2026-03-13 01:00:00,0.0096931292
2026-03-13 02:00:00,-0.0129451646
2026-03-13 03:00:00,0.0010851873
2026-03-13 04:00:00,0.003248514
2026-03-13 05:00:00,0.0021598281
2026-03-13 06:00:00,-0.0097561749
2026-03-13 07:00:00,0.0010887317
2026-03-13 08:00:00,0.0043431121
2026-03-13 09:00:00,0.0054024983
2026-03-13 10:00:00,0.0021528534
2026-03-13 11:00:00,-0.0032310206
2026-03-13 12:00:00,0.0128619136
2026-03-13 13:00:00,0.0147994244
2026-03-13 14:00:00,-0.0190683744
2026-03-13 15:00:00,-0.0075147965
2026-03-13 16:00:00,0.0021528534
2026-03-13 17:00:00,-0.0184487056
2026-03-13 18:00:00,0.0021881847
2026-03-13 19:00:00,0.0
2026-03-13 20:00:00,0.0010922994
2026-03-13 21:00:00,-0.0010922994
2026-03-13 22:00:00,-0.0098847592
2026-03-13 23:00:00,0.0033057881
2026-03-14 00:00:00,-0.0011007156
2026-03-14 01:00:00,0.0011007156
2026-03-14 02:00:00,0.0
2026-03-14 03:00:00,0.0032948959
2026-03-14 04:00:00,-0.0010970928
2026-03-14 05:00:00,-0.0055035912
2026-03-14 06:00:00,-0.0088692377
2026-03-14 07:00:00,0.0
2026-03-14 08:00:00,0.0
2026-03-14 09:00:00,-0.0055834874
2026-03-14 10:00:00,0.0022371374
2026-03-14 11:00:00,0.0066815393
2026-03-14 12:00:00,-0.0022222231
2026-03-14 13:00:00,0.0022222231
2026-03-14 14:00:00,-0.0033351893
2026-03-14 15:00:00,0.0033351893
2026-03-14 16:00:00,0.0033241028
2026-03-14 17:00:00,-0.0033241028
2026-03-14 18:00:00,0.0022172958
2026-03-14 19:00:00,0.001106807
2026-03-14 20:00:00,-0.001106807
2026-03-14 21:00:00,0.0066225408
2026-03-14 22:00:00,0.0
2026-03-14 23:00:00,0.0076712705
2026-03-15 00:00:00,0.0
2026-03-15 01:00:00,-0.0032804841
2026-03-15 02:00:00,0.009809343
2026-03-15 03:00:00,-0.0032591012
2026-03-15 04:00:00,0.0032591012
2026-03-15 05:00:00,0.0
2026-03-15 06:00:00,-0.0010851873
2026-03-15 07:00:00,-0.0010863662
2026-03-15 08:00:00,0.0065005646
2026-03-15 09:00:00,0.0010793309
2026-03-15 10:00:00,0.0021551732
2026-03-15 11:00:00,-0.001077006
2026-03-15 12:00:00,-0.0021574981
2026-03-15 13:00:00,-0.0097667624
2026-03-15 14:00:00,-0.002183407
2026-03-15 15:00:00,0.0010922994
2026-03-15 16:00:00,-0.0010922994
2026-03-15 17:00:00,0.0010922994
2026-03-15 18:00:00,0.0
2026-03-15 19:00:00,0.0032697577
2026-03-15 20:00:00,0.0086674432
2026-03-15 21:00:00,0.0043057117
2026-03-15 22:00:00,0.018095225
2026-03-15 23:00:00,0.0010542964
2026-03-16 00:00:00,-0.0031662296
2026-03-16 01:00:00,0.0073723346
2026-03-16 02:00:00,-0.0084299762
2026-03-16 03:00:00,0.0271415408
2026-03-16 04:00:00,0.0061601838
2026-03-16 05:00:00,0.001023018
2026-03-16 06:00:00,-0.0071832017
2026-03-16 07:00:00,-0.0020618564
2026-03-16 08:00:00,-0.0114168339
2026-03-16 09:00:00,0.0072803234
2026-03-16 10:00:00,0.006198367
2026-03-16 11:00:00,-0.0051626341
2026-03-16 12:00:00,0.0051626341
2026-03-16 13:00:00,0.0051361181
2026-03-16 14:00:00,-0.0082304991
2026-03-16 15:00:00,0.003094381
2026-03-16 16:00:00,0.0092261034
2026-03-16 17:00:00,0.0030565485
2026-03-16 18:00:00,0.0050735776
2026-03-16 19:00:00,0.0060545089
2026-03-16 20:00:00,-0.0010065426
2026-03-16 21:00:00,0.0060241146
2026-03-16 22:00:00,-0.0010015023
2026-03-16 23:00:00,-0.006030169
2026-03-17 00:00:00,0.0
2026-03-17 01:00:00,0.0020140994
2026-03-17 02:00:00,-0.0010065426
2026-03-17 03:00:00,-0.0101215439
2026-03-17 04:00:00,-0.0061224681
2026-03-17 05:00:00,-0.002049181
2026-03-17 06:00:00,0.0010251154
2026-03-17 07:00:00,0.0051098732
2026-03-17 08:00:00,-0.0040858075
2026-03-17 09:00:00,0.0
2026-03-17 10:00:00,-0.002049181
2026-03-17 11:00:00,0.003072199
2026-03-17 12:00:00,-0.0061538656
2026-03-17 13:00:00,0.0071758381
2026-03-17 14:00:00,0.0071247121
2026-03-17 15:00:00,-0.0061037829
2026-03-17 16:00:00,0.0030565485
2026-03-17 17:00:00,0.0060852115
2026-03-17 18:00:00,0.0020202027
2026-03-17 19:00:00,-0.0101420748
2026-03-17 20:00:00,0.0030534375
2026-03-17 21:00:00,0.0050684346
2026-03-17 22:00:00,-0.003037977
2026-03-17 23:00:00,-0.0071247121
2026-03-18 00:00:00,0.0030596658
2026-03-18 01:00:00,0.0010178118
2026-03-18 02:00:00,0.0030472345
2026-03-18 03:00:00,0.0040485885
2026-03-18 04:00:00,-0.0060790461
2026-03-18 05:00:00,-0.0040733254
2026-03-18 06:00:00,0.0040733254
2026-03-18 07:00:00,-0.0030534375
2026-03-18 08:00:00,0.0030534375
2026-03-18 09:00:00,0.0
2026-03-18 10:00:00,-0.0091884261
2026-03-18 11:00:00,-0.0196795579
2026-03-18 12:00:00,-0.0158147735
2026-03-18 13:00:00,-0.0010632643
2026-03-18 14:00:00,-0.0215062052
2026-03-18 15:00:00,0.0010863662
2026-03-18 16:00:00,-0.0054436716
2026-03-18 17:00:00,0.0076128698
2026-03-18 18:00:00,-0.0054318439
2026-03-18 19:00:00,0.0
2026-03-18 20:00:00,0.0021762794
2026-03-18 21:00:00,0.0054200675
2026-03-18 22:00:00,-0.003248514
2026-03-18 23:00:00,0.0
2026-03-19 00:00:00,-0.0010851873
2026-03-19 01:00:00,0.0
2026-03-19 02:00:00,0.0
2026-03-19 03:00:00,0.0054141984
2026-03-19 04:00:00,-0.0065005646
2026-03-19 05:00:00,-0.0032661978
2026-03-19 06:00:00,-0.0010911076
2026-03-19 07:00:00,-0.0076712705
2026-03-19 08:00:00,0.0
2026-03-19 09:00:00,0.0087623781
2026-03-19 10:00:00,-0.0010911076
2026-03-19 11:00:00,-0.0065717652
2026-03-19 12:00:00,-0.0155041865
2026-03-19 13:00:00,0.0033426215
2026-03-19 14:00:00,-0.0022271724
2026-03-19 15:00:00,-0.0067114346
2026-03-19 16:00:00,0.0033613477
2026-03-19 17:00:00,0.0022346378
2026-03-19 18:00:00,0.0011154491
2026-03-19 19:00:00,0.0088790816
2026-03-19 20:00:00,0.0
2026-03-19 21:00:00,0.0044101505
2026-03-19 22:00:00,-0.0055157338
2026-03-19 23:00:00,-0.0022148403
2026-03-20 00:00:00,0.0055279301
2026-03-20 01:00:00,0.0087816152
2026-03-20 02:00:00,-0.0054794658
2026-03-20 03:00:00,0.0032912811
2026-03-20 04:00:00,0.0
2026-03-20 05:00:00,0.0010946909
2026-03-20 06:00:00,-0.0065861929
2026-03-20 07:00:00,-0.0044150182
2026-03-20 08:00:00,0.0142781119
2026-03-20 09:00:00,-0.006564575
2026-03-20 10:00:00,0.0
2026-03-20 11:00:00,-0.0044004471
2026-03-20 12:00:00,0.0
2026-03-20 13:00:00,-0.0066371925
2026-03-20 14:00:00,0.0
2026-03-20 15:00:00,0.0022172958
2026-03-20 16:00:00,-0.0011080334
2026-03-20 17:00:00,-0.0011092625
2026-03-20 18:00:00,-0.0022222231
2026-03-20 19:00:00,0.0055463259
2026-03-20 20:00:00,0.0
2026-03-20 21:00:00,0.0055157338
2026-03-20 22:00:00,0.0043907864
2026-03-20 23:00:00,-0.0021929833
2026-03-21 00:00:00,0.0010970928
2026-03-21 01:00:00,0.0021905814
2026-03-21 02:00:00,0.0
2026-03-21 03:00:00,0.0
2026-03-21 04:00:00,-0.0043859719
2026-03-21 05:00:00,0.0021953906
2026-03-21 06:00:00,0.0010958905
2026-03-21 07:00:00,0.0010946909
2026-03-21 08:00:00,-0.0032876742
2026-03-21 09:00:00,0.0032876742
2026-03-21 10:00:00,-0.0054854773
2026-03-21 11:00:00,0.0021978031
2026-03-21 12:00:00,-0.0010982977
2026-03-21 13:00:00,-0.0010995053
2026-03-21 14:00:00,-0.0033057881
2026-03-21 15:00:00,-0.0011043623
2026-03-21 16:00:00,0.0022075064
2026-03-21 17:00:00,0.0
2026-03-21 18:00:00,0.0
2026-03-21 19:00:00,0.0
2026-03-21 20:00:00,0.0033021494
2026-03-21 21:00:00,-0.0010995053
2026-03-21 22:00:00,-0.0011007156
2026-03-21 23:00:00,-0.0290523226
2026-03-22 00:00:00,0.003395589
2026-03-22 01:00:00,-0.0011305824
2026-03-22 02:00:00,0.0056401729
2026-03-22 03:00:00,0.002247192
2026-03-22 04:00:00,0.0022421534
2026-03-22 05:00:00,-0.0022421534
2026-03-22 06:00:00,-0.0033726845
2026-03-22 07:00:00,0.0011254925
2026-03-22 08:00:00,-0.0113123378
2026-03-22 09:00:00,0.0022727283
2026-03-22 10:00:00,-0.0011357185
2026-03-22 11:00:00,-0.0045558165
2026-03-22 12:00:00,0.0045558165
2026-03-22 13:00:00,-0.0022753138
2026-03-22 14:00:00,-0.0011396013
2026-03-22 15:00:00,0.0022779053
2026-03-22 16:00:00,0.0
2026-03-22 17:00:00,0.0
2026-03-22 18:00:00,-0.0079954738
2026-03-22 19:00:00,0.0
2026-03-22 20:00:00,-0.0034462986
2026-03-22 21:00:00,-0.0057703565
2026-03-22 22:00:00,0.0092166551
2026-03-22 23:00:00,-0.0022962123
2026-03-23 00:00:00,-0.002301497
2026-03-23 01:00:00,0.002301497
2026-03-23 02:00:00,0.004587164
2026-03-23 03:00:00,-0.004587164
2026-03-23 04:00:00,0.0057306747
2026-03-23 05:00:00,0.0011422046
2026-03-23 06:00:00,-0.019597169
2026-03-23 07:00:00,0.0
2026-03-23 08:00:00,0.0046457691
2026-03-23 09:00:00,-0.0058105916
2026-03-23 10:00:00,0.0081254074
2026-03-23 11:00:00,0.0385535275
2026-03-23 12:00:00,0.0022222231
2026-03-23 13:00:00,0.0121347325
2026-03-23 14:00:00,0.0054674822
2026-03-23 15:00:00,-0.0142781119
2026-03-23 16:00:00,0.0022099457
2026-03-23 17:00:00,0.006600684
2026-03-23 18:00:00,0.0010958905
2026-03-23 19:00:00,0.0032804841
2026-03-23 20:00:00,0.0
2026-03-23 21:00:00,-0.0010922994
2026-03-23 22:00:00,-0.004381168
2026-03-23 23:00:00,-0.0032985187
2026-03-24 00:00:00,-0.0011019285
2026-03-24 01:00:00,-0.0011031441
2026-03-24 02:00:00,0.0
2026-03-24 03:00:00,0.0
2026-03-24 04:00:00,0.0011031441
2026-03-24 05:00:00,0.0022026441
2026-03-24 06:00:00,0.0021978031
2026-03-24 07:00:00,0.0141691744
2026-03-24 08:00:00,-0.0043384016
2026-03-24 09:00:00,-0.0010875477
2026-03-24 10:00:00,0.0054259493
2026-03-24 11:00:00,0.002162163
2026-03-24 12:00:00,-0.0032450001
2026-03-24 13:00:00,-0.0119892444
2026-03-24 14:00:00,0.0021905814
2026-03-24 15:00:00,-0.0021905814
2026-03-24 16:00:00,-0.0010970928
2026-03-24 17:00:00,-0.0099283772
2026-03-24 18:00:00,0.0055279301
2026-03-24 19:00:00,0.0011019285
2026-03-24 20:00:00,0.0142156577
2026-03-24 21:00:00,-0.0010863662
2026-03-24 22:00:00,0.0
2026-03-24 23:00:00,0.0054200675
2026-03-25 00:00:00,0.0021598281
2026-03-25 01:00:00,-0.0010793309
2026-03-25 02:00:00,-0.002162163
2026-03-25 03:00:00,0.0
2026-03-25 04:00:00,-0.0010828371
2026-03-25 05:00:00,0.0086300428
2026-03-25 06:00:00,0.0
2026-03-25 07:00:00,0.003217161
2026-03-25 08:00:00,0.006403437
2026-03-25 09:00:00,-0.0042643988
2026-03-25 10:00:00,0.0032000027
2026-03-25 11:00:00,0.0
2026-03-25 12:00:00,0.0053106869
2026-03-25 13:00:00,0.0010587613
2026-03-25 14:00:00,-0.0031796529
2026-03-25 15:00:00,-0.0053219923
2026-03-25 16:00:00,0.0074428839
2026-03-25 17:00:00,-0.0106497279
2026-03-25 18:00:00,-0.0021436235
2026-03-25 19:00:00,0.0
2026-03-25 20:00:00,-0.0010735374
2026-03-25 21:00:00,0.0010735374
2026-03-25 22:00:00,0.0064171343
2026-03-25 23:00:00,-0.0010666668
2026-03-26 00:00:00,-0.0010678058
2026-03-26 01:00:00,-0.0010689472
2026-03-26 02:00:00,-0.0118344576
2026-03-26 03:00:00,0.0010816659
2026-03-26 04:00:00,-0.002164503
2026-03-26 05:00:00,-0.0152841403
2026-03-26 06:00:00,0.0
2026-03-26 07:00:00,0.0010995053
2026-03-26 08:00:00,-0.0033021494
2026-03-26 09:00:00,-0.0110865881
2026-03-26 10:00:00,0.0
2026-03-26 11:00:00,-0.0022321438
2026-03-26 12:00:00,0.0
2026-03-26 13:00:00,0.0066815393
2026-03-26 14:00:00,-0.0066815393
2026-03-26 15:00:00,-0.0011179431
2026-03-26 16:00:00,-0.0033613477
2026-03-26 17:00:00,-0.0067567825
2026-03-26 18:00:00,0.0
2026-03-26 19:00:00,-0.0011305824
2026-03-26 20:00:00,0.0067644001
2026-03-26 21:00:00,0.0056022555
2026-03-26 22:00:00,-0.0022371374
2026-03-26 23:00:00,-0.0022421534
2026-03-27 00:00:00,-0.0011229647
2026-03-27 01:00:00,0.0067189502
2026-03-27 02:00:00,-0.0011166947
2026-03-27 03:00:00,-0.0044792908
2026-03-27 04:00:00,-0.002247192
2026-03-27 05:00:00,0.0
2026-03-27 06:00:00,0.0
2026-03-27 07:00:00,0.0011242272
2026-03-27 08:00:00,-0.0112995553
2026-03-27 09:00:00,-0.0011370098
2026-03-27 10:00:00,-0.0230159757
2026-03-27 11:00:00,0.0
2026-03-27 12:00:00,-0.004667453
2026-03-27 13:00:00,-0.0011702751
2026-03-27 14:00:00,0.0035067248
2026-03-27 15:00:00,0.0034944706
2026-03-27 16:00:00,-0.0023282898
2026-03-27 17:00:00,-0.0046729057
2026-03-27 18:00:00,-0.0011716463
2026-03-27 19:00:00,0.0011716463
2026-03-27 20:00:00,-0.0011716463
2026-03-27 21:00:00,0.0011716463
2026-03-27 22:00:00,-0.002344667
2026-03-27 23:00:00,0.0058513918
2026-03-28 00:00:00,-0.0011675425
2026-03-28 01:00:00,-0.0035108287
2026-03-28 02:00:00,-0.0023474189
2026-03-28 03:00:00,0.0
2026-03-28 04:00:00,0.0011743983
2026-03-28 05:00:00,0.0011730207
2026-03-28 06:00:00,0.0023419214
2026-03-28 07:00:00,0.004667453
2026-03-28 08:00:00,-0.0023310034
2026-03-28 09:00:00,-0.0046783711
2026-03-28 10:00:00,-0.0023474189
2026-03-28 11:00:00,0.0035190652
2026-03-28 12:00:00,-0.0035190652
2026-03-28 13:00:00,0.0128431421
2026-03-28 14:00:00,-0.0011607662
2026-03-28 15:00:00,0.0023201867
2026-03-28 16:00:00,-0.0011594204
2026-03-28 17:00:00,-0.0023228814
2026-03-28 18:00:00,0.0
2026-03-28 19:00:00,-0.0011634673
2026-03-28 20:00:00,0.0
2026-03-28 21:00:00,-0.004667453
2026-03-28 22:00:00,0.0023364497
2026-03-28 23:00:00,-0.0164709606
2026-03-29 00:00:00,0.0011855366
2026-03-29 01:00:00,0.0047281412
2026-03-29 02:00:00,0.0023557137
2026-03-29 03:00:00,0.0046948443
2026-03-29 04:00:00,-0.002344667
2026-03-29 05:00:00,0.0
2026-03-29 06:00:00,0.0
2026-03-29 07:00:00,0.0
2026-03-29 08:00:00,0.0
2026-03-29 09:00:00,-0.0011743983
2026-03-29 10:00:00,-0.0047114339
2026-03-29 11:00:00,0.0035356548
2026-03-29 12:00:00,-0.0011771632
2026-03-29 13:00:00,-0.0070922283
2026-03-29 14:00:00,0.0
2026-03-29 15:00:00,-0.0011869438
2026-03-29 16:00:00,0.0011869438
2026-03-29 17:00:00,0.0
2026-03-29 18:00:00,0.0011855366
2026-03-29 19:00:00,-0.0023724804
2026-03-29 20:00:00,0.0047393454
2026-03-29 21:00:00,0.0023612762
2026-03-29 22:00:00,-0.0118625353
2026-03-29 23:00:00,0.001192606
2026-03-30 00:00:00,0.0083086531
2026-03-30 01:00:00,0.0094118342
2026-03-30 02:00:00,0.0127983131
2026-03-30 03:00:00,-0.0034742363
2026-03-30 04:00:00,0.0057837061
2026-03-30 05:00:00,0.0
2026-03-30 06:00:00,-0.0011540682
2026-03-30 07:00:00,0.0091954671
2026-03-30 08:00:00,0.005704522
2026-03-30 09:00:00,-0.0034188067
2026-03-30 10:00:00,0.0
2026-03-30 11:00:00,0.0102215541
2026-03-30 12:00:00,0.0022573373
2026-03-30 13:00:00,-0.0022573373
2026-03-30 14:00:00,0.0022573373
2026-03-30 15:00:00,-0.0045197817
2026-03-30 16:00:00,-0.005678607
2026-03-30 17:00:00,-0.009153382
2026-03-30 18:00:00,-0.0080785206
2026-03-30 19:00:00,-0.0034823018
2026-03-30 20:00:00,0.0034823018
2026-03-30 21:00:00,0.0069284342
2026-03-30 22:00:00,-0.0057703565
2026-03-30 23:00:00,-0.0034782644
2026-03-31 00:00:00,0.0069444724
2026-03-31 01:00:00,0.0126076169
2026-03-31 02:00:00,0.0
2026-03-31 03:00:00,-0.0034227073
2026-03-31 04:00:00,-0.0034344624
2026-03-31 05:00:00,0.0
2026-03-31 06:00:00,0.0011461319
2026-03-31 07:00:00,-0.0045924306
2026-03-31 08:00:00,0.0011500864
2026-03-31 09:00:00,-0.0220810831
2026-03-31 10:00:00,0.0058582476
2026-03-31 11:00:00,0.0058241283
2026-03-31 12:00:00,0.0023201867
2026-03-31 13:00:00,0.0160923013
2026-03-31 14:00:00,-0.0160923013
2026-03-31 15:00:00,0.0034702175
2026-03-31 16:00:00,0.0160369989
2026-03-31 17:00:00,-0.0056980211
2026-03-31 18:00:00,0.0034227073
2026-03-31 19:00:00,-0.0022805027
2026-03-31 20:00:00,0.0034188067
2026-03-31 21:00:00,-0.0034188067
2026-03-31 22:00:00,-0.0022857153
2026-03-31 23:00:00,0.0034266167
2026-04-01 00:00:00,0.0056850636
2026-04-01 01:00:00,-0.0056850636
2026-04-01 02:00:00,-0.0011409014
2026-04-01 03:00:00,0.005691535
2026-04-01 04:00:00,0.0033994367
2026-04-01 05:00:00,0.0101295182
2026-04-01 06:00:00,0.0166577977
2026-04-01 07:00:00,-0.0022050726
2026-04-01 08:00:00,0.0
2026-04-01 09:00:00,-0.004424786
2026-04-01 10:00:00,0.0
2026-04-01 11:00:00,0.0
2026-04-01 12:00:00,-0.0033314856
2026-04-01 13:00:00,-0.0066964536
2026-04-01 14:00:00,0.0078081824
2026-04-01 15:00:00,0.0
2026-04-01 16:00:00,0.0055401804
2026-04-01 17:00:00,-0.0055401804
2026-04-01 18:00:00,-0.0033389013
2026-04-01 19:00:00,0.0033389013
2026-04-01 20:00:00,-0.002224695
2026-04-01 21:00:00,0.0044444518
2026-04-01 22:00:00,-0.005558658
2026-04-01 23:00:00,-0.0033500869
2026-04-02 00:00:00,0.0066889882
2026-04-02 01:00:00,-0.0304592075
2026-04-02 02:00:00,-0.0126802852
2026-04-02 03:00:00,-0.0081538017
2026-04-02 04:00:00,-0.0035149421
2026-04-02 05:00:00,0.0035149421
2026-04-02 06:00:00,-0.0011702751
2026-04-02 07:00:00,0.0
2026-04-02 08:00:00,0.0011702751
2026-04-02 09:00:00,-0.0046893404
2026-04-02 10:00:00,-0.0011757791
2026-04-02 11:00:00,-0.0011771632
2026-04-02 12:00:00,-0.0023584917
2026-04-02 13:00:00,0.0023584917
2026-04-02 14:00:00,0.0128732029
2026-04-02 15:00:00,-0.0046620131
2026-04-02 16:00:00,0.0058241283
2026-04-02 17:00:00,-0.0058241283
2026-04-02 18:00:00,0.0023337233
2026-04-02 19:00:00,-0.0011661809
2026-04-02 20:00:00,0.0081348502
2026-04-02 21:00:00,-0.0023174981
2026-04-02 22:00:00,0.0023174981
2026-04-02 23:00:00,-0.0011580777
2026-04-03 00:00:00,-0.0011594204
2026-04-03 01:00:00,-0.0011607662
2026-04-03 02:00:00,0.0023201867
2026-04-03 03:00:00,0.0023148158
2026-04-03 04:00:00,0.0034622077
2026-04-03 05:00:00,0.0034502622
2026-04-03 06:00:00,0.0011474471
2026-04-03 07:00:00,0.0011461319
2026-04-03 08:00:00,-0.0011461319
2026-04-03 09:00:00,-0.0011474471
2026-04-03 10:00:00,-0.0046030001
2026-04-03 11:00:00,0.0068965791
2026-04-03 12:00:00,-0.0034423442
2026-04-03 13:00:00,-0.0011500864
2026-04-03 14:00:00,0.0045924306
2026-04-03 15:00:00,-0.0034423442
2026-04-03 16:00:00,0.0022962123
2026-04-03 17:00:00,-0.0034462986
2026-04-03 18:00:00,-0.0023041485
2026-04-03 19:00:00,-0.0023094698
2026-04-03 20:00:00,0.0034622077
2026-04-03 21:00:00,0.002301497
2026-04-03 22:00:00,-0.0046083031
2026-04-03 23:00:00,-0.0011554016
2026-04-04 00:00:00,-0.0011567381
2026-04-04 01:00:00,0.0
2026-04-04 02:00:00,-0.0011580777
2026-04-04 03:00:00,0.0011580777
2026-04-04 04:00:00,0.0011567381
2026-04-04 05:00:00,0.0
2026-04-04 06:00:00,0.0
2026-04-04 07:00:00,0.0023094698
2026-04-04 08:00:00,-0.0011540682
2026-04-04 09:00:00,0.0
2026-04-04 10:00:00,0.0
2026-04-04 11:00:00,0.0
2026-04-04 12:00:00,-0.0023121398
2026-04-04 13:00:00,0.0011567381
2026-04-04 14:00:00,0.0
2026-04-04 15:00:00,0.0046136183
2026-04-04 16:00:00,0.0
2026-04-04 17:00:00,0.0
2026-04-04 18:00:00,0.0
2026-04-04 19:00:00,0.0045924306
2026-04-04 20:00:00,-0.0034423442
2026-04-04 21:00:00,0.0
2026-04-04 22:00:00,0.0022962123
2026-04-04 23:00:00,-0.0011474471
2026-04-05 00:00:00,-0.0022988516
2026-04-05 01:00:00,0.0
2026-04-05 02:00:00,-0.0023041485
2026-04-05 03:00:00,-0.0023094698
2026-04-05 04:00:00,0.0
2026-04-05 05:00:00,-0.0057971177
2026-04-05 06:00:00,-0.0058309203
2026-04-05 07:00:00,-0.0023419214
2026-04-05 08:00:00,0.0011716463
2026-04-05 09:00:00,0.0
2026-04-05 10:00:00,0.0
2026-04-05 11:00:00,0.0
2026-04-05 12:00:00,-0.007050558
2026-04-05 13:00:00,0.004705891
2026-04-05 14:00:00,0.0035149421
2026-04-05 15:00:00,0.0069930355
2026-04-05 16:00:00,-0.0023255824
2026-04-05 17:00:00,0.0023255824
2026-04-05 18:00:00,0.0
2026-04-05 19:00:00,0.0011607662
2026-04-05 20:00:00,0.0034742363
2026-04-05 21:00:00,-0.0023148158
2026-04-05 22:00:00,0.0057770236
2026-04-05 23:00:00,0.0148659113
2026-04-06 00:00:00,0.0146481492
2026-04-06 01:00:00,-0.0056085397
2026-04-06 02:00:00,0.0089586265
2026-04-06 03:00:00,-0.0055897295
2026-04-06 04:00:00,0.0
2026-04-06 05:00:00,0.0011204483
2026-04-06 06:00:00,0.0
2026-04-06 07:00:00,0.0044692812
2026-04-06 08:00:00,0.0022271724
2026-04-06 09:00:00,0.0099613441
2026-04-06 10:00:00,-0.0022050726
2026-04-06 11:00:00,-0.0022099457
2026-04-06 12:00:00,-0.0022148403
2026-04-06 13:00:00,0.0011080334
2026-04-06 14:00:00,0.001106807
2026-04-06 15:00:00,0.0022099457
2026-04-06 16:00:00,-0.0055340484
2026-04-06 17:00:00,-0.0011104943
2026-04-06 18:00:00,-0.0011117289
2026-04-06 19:00:00,-0.0011129662
2026-04-06 20:00:00,0.0044444518
2026-04-06 21:00:00,-0.0066741071
2026-04-06 22:00:00,-0.012352768
2026-04-06 23:00:00,-0.0056657375
2026-04-07 00:00:00,0.0011357185
2026-04-07 01:00:00,-0.005691535
2026-04-07 02:00:00,0.0011409014
2026-04-07 03:00:00,0.0022779053
2026-04-07 04:00:00,0.0022727283
2026-04-07 05:00:00,0.0
2026-04-07 06:00:00,0.0
2026-04-07 07:00:00,-0.0045506336
2026-04-07 08:00:00,0.0056850636
2026-04-07 09:00:00,0.006779687
2026-04-07 10:00:00,-0.0170361872
2026-04-07 11:00:00,-0.0045924306
2026-04-07 12:00:00,0.0
2026-04-07 13:00:00,-0.0080878546
2026-04-07 14:00:00,0.0
2026-04-07 15:00:00,-0.0011607662
2026-04-07 16:00:00,0.0034782644
2026-04-07 17:00:00,-0.0011580777
2026-04-07 18:00:00,-0.0034823018
2026-04-07 19:00:00,0.0161479864
2026-04-07 20:00:00,-0.0022909517
2026-04-07 21:00:00,0.0136676387
2026-04-07 22:00:00,0.0399166074
2026-04-07 23:00:00,0.0097350688
2026-04-08 00:00:00,-0.0097350688
2026-04-08 01:00:00,0.0043384016
2026-04-08 02:00:00,-0.0032520354
2026-04-08 03:00:00,-0.0032626456
2026-04-08 04:00:00,0.0054318439
2026-04-08 05:00:00,0.002164503
2026-04-08 06:00:00,-0.002164503
2026-04-08 07:00:00,0.002164503
2026-04-08 08:00:00,0.0010804971
2026-04-08 09:00:00,-0.0054141984
2026-04-08 10:00:00,0.0010851873
2026-04-08 11:00:00,-0.0076211583
2026-04-08 12:00:00,0.0043620571
2026-04-08 13:00:00,0.0010875477
2026-04-08 14:00:00,-0.025317808
2026-04-08 15:00:00,0.0066666914
2026-04-08 16:00:00,0.0055218252
2026-04-08 17:00:00,0.0011007156
2026-04-08 18:00:00,-0.0144046812
2026-04-08 19:00:00,0.0022296553
2026-04-08 20:00:00,-0.0022296553
2026-04-08 21:00:00,0.0055648446
2026-04-08 22:00:00,-0.0089186767
2026-04-08 23:00:00,-0.0078696303
2026-04-09 00:00:00,-0.009070357
2026-04-09 01:00:00,-0.0034227073
2026-04-09 02:00:00,0.002283106
2026-04-09 03:00:00,-0.002283106
2026-04-09 04:00:00,0.0045610113
2026-04-09 05:00:00,-0.0045610113
2026-04-09 06:00:00,0.0045610113
2026-04-09 07:00:00,0.0
2026-04-09 08:00:00,-0.0022779053
2026-04-09 09:00:00,0.0011396013
2026-04-09 10:00:00,0.0011383041
2026-04-09 11:00:00,-0.0022779053
2026-04-09 12:00:00,0.0022779053
2026-04-09 13:00:00,-0.0022779053
2026-04-09 14:00:00,0.0011396013
2026-04-09 15:00:00,0.0169399872
2026-04-09 16:00:00,0.0
2026-04-09 17:00:00,0.0022371374
2026-04-09 18:00:00,0.0022321438
2026-04-09 19:00:00,0.0044493955
2026-04-09 20:00:00,0.0011092625
2026-04-09 21:00:00,0.0055279301
2026-04-09 22:00:00,-0.0022075064
2026-04-09 23:00:00,-0.0122291685
2026-04-10 00:00:00,0.0022346378
2026-04-10 01:00:00,0.0011154491
2026-04-10 02:00:00,-0.0033500869
2026-04-10 03:00:00,-0.0022396426
2026-04-10 04:00:00,0.0022396426
2026-04-10 05:00:00,0.0044642931
2026-04-10 06:00:00,-0.0067039357
2026-04-10 07:00:00,0.0011204483
2026-04-10 08:00:00,-0.0044893454
2026-04-10 09:00:00,0.0078431775
2026-04-10 10:00:00,-0.0022346378
2026-04-10 11:00:00,0.0055772593
2026-04-10 12:00:00,0.0033314856
2026-04-10 13:00:00,-0.0011092625
2026-04-10 14:00:00,0.013230623
2026-04-10 15:00:00,-0.0088009369
2026-04-10 16:00:00,0.0044101505
2026-04-10 17:00:00,0.0010995053
2026-04-10 18:00:00,0.0043859719
2026-04-10 19:00:00,0.0010934938
2026-04-10 20:00:00,0.0010922994
2026-04-10 21:00:00,-0.0032804841
2026-04-10 22:00:00,-0.0032912811
2026-04-10 23:00:00,-0.0010995053
2026-04-11 00:00:00,-0.0022026441
2026-04-11 01:00:00,0.0011019285
2026-04-11 02:00:00,0.0011007156
2026-04-11 03:00:00,-0.0033057881
2026-04-11 04:00:00,0.0
2026-04-11 05:00:00,-0.0055340484
2026-04-11 06:00:00,-0.0011104943
2026-04-11 07:00:00,0.0022197567
2026-04-11 08:00:00,-0.0011092625
2026-04-11 09:00:00,0.0022172958
2026-04-11 10:00:00,-0.0022172958
2026-04-11 11:00:00,0.0011092625
2026-04-11 12:00:00,0.0
2026-04-11 13:00:00,-0.0033314856
2026-04-11 14:00:00,0.0
2026-04-11 15:00:00,0.0044395189
2026-04-11 16:00:00,0.0077220461
2026-04-11 17:00:00,0.0010982977
2026-04-11 18:00:00,0.0098307728
2026-04-11 19:00:00,0.0065005646
2026-04-11 20:00:00,-0.0054141984
2026-04-11 21:00:00,-0.0021739139
2026-04-11 22:00:00,-0.0054555509
2026-04-11 23:00:00,-0.0076881213
2026-04-12 00:00:00,-0.0022075064
2026-04-12 01:00:00,-0.0280130362
2026-04-12 02:00:00,0.0056657375
2026-04-12 03:00:00,-0.0045300191
2026-04-12 04:00:00,-0.0034110323
2026-04-12 05:00:00,0.0022753138
2026-04-12 06:00:00,-0.0011370098
2026-04-12 07:00:00,0.0022727283
2026-04-12 08:00:00,-0.0011357185
2026-04-12 09:00:00,-0.0011370098
2026-04-12 10:00:00,-0.0022779053
2026-04-12 11:00:00,0.0022779053
2026-04-12 12:00:00,-0.0022779053
2026-04-12 13:00:00,-0.0034266167
2026-04-12 14:00:00,-0.0022909517
2026-04-12 15:00:00,0.0011461319
2026-04-12 16:00:00,-0.0011461319
2026-04-12 17:00:00,0.0068571697
2026-04-12 18:00:00,-0.0022805027
2026-04-12 19:00:00,0.0011409014
2026-04-12 20:00:00,0.0056850636
2026-04-12 21:00:00,0.0
2026-04-12 22:00:00,-0.0068259651
2026-04-12 23:00:00,-0.0022857153
2026-04-13 00:00:00,0.004566218
2026-04-13 01:00:00,0.0045454624
2026-04-13 02:00:00,-0.0011344301
2026-04-13 03:00:00,-0.0034110323
2026-04-13 04:00:00,0.0
2026-04-13 05:00:00,-0.0034227073
2026-04-13 06:00:00,0.0034227073
2026-04-13 07:00:00,0.0
2026-04-13 08:00:00,-0.0080046168
2026-04-13 09:00:00,0.0034383988
2026-04-13 10:00:00,-0.0022909517
2026-04-13 11:00:00,0.0
2026-04-13 12:00:00,-0.0011474471
2026-04-13 13:00:00,0.0159456682
2026-04-13 14:00:00,0.0067567825
2026-04-13 15:00:00,-0.0090192269
2026-04-13 16:00:00,0.0067720349
2026-04-13 17:00:00,-0.0011254925
2026-04-13 18:00:00,0.0022497197
2026-04-13 19:00:00,0.0145010907
2026-04-13 20:00:00,-0.0066666914
2026-04-13 21:00:00,0.0044493955
2026-04-13 22:00:00,0.0359711806
2026-04-13 23:00:00,0.0021390382
2026-04-14 00:00:00,-0.013986242
2026-04-14 01:00:00,0.0032450001
2026-04-14 02:00:00,-0.002162163
2026-04-14 03:00:00,-0.0021668481
2026-04-14 04:00:00,0.0021668481
2026-04-14 05:00:00,-0.0097880064
2026-04-14 06:00:00,0.006535971
2026-04-14 07:00:00,-0.0010863662
2026-04-14 08:00:00,0.0043384016
2026-04-14 09:00:00,-0.0010828371
2026-04-14 10:00:00,-0.0043431121
2026-04-14 11:00:00,0.0
2026-04-14 12:00:00,-0.0076461323
2026-04-14 13:00:00,0.0141537474
2026-04-14 14:00:00,-0.0108696722
2026-04-14 15:00:00,-0.0021881847
2026-04-14 16:00:00,-0.0088009369
2026-04-14 17:00:00,0.0044101505
2026-04-14 18:00:00,-0.0121750259
2026-04-14 19:00:00,0.002224695
2026-04-14 20:00:00,0.0
2026-04-14 21:00:00,0.0044345971
2026-04-14 22:00:00,-0.0044345971
2026-04-14 23:00:00,0.0022197567
2026-04-15 00:00:00,0.004424786
2026-04-15 01:00:00,0.0055035912
2026-04-15 02:00:00,-0.0066079536
2026-04-15 03:00:00,0.0033094349
2026-04-15 04:00:00,0.0011007156
2026-04-15 05:00:00,-0.0066225408
2026-04-15 06:00:00,0.0
2026-04-15 07:00:00,-0.0022172958
2026-04-15 08:00:00,0.0066371925
2026-04-15 09:00:00,0.0
2026-04-15 10:00:00,0.0044004471
2026-04-15 11:00:00,0.0032876742
2026-04-15 12:00:00,0.0032769008
2026-04-15 13:00:00,-0.0032769008
2026-04-15 14:00:00,0.0065430986
2026-04-15 15:00:00,-0.0043573054
2026-04-15 16:00:00,0.0065288589
2026-04-15 17:00:00,0.0043290111
2026-04-15 18:00:00,0.0
2026-04-15 19:00:00,0.0075309662
2026-04-15 20:00:00,-0.0053734681
2026-04-15 21:00:00,0.0021528534
2026-04-15 22:00:00,-0.0021528534
2026-04-15 23:00:00,-0.0021574981
2026-04-16 00:00:00,0.0
2026-04-16 01:00:00,-0.002162163
2026-04-16 02:00:00,0.0064725145
2026-04-16 03:00:00,-0.0021528534
2026-04-16 04:00:00,0.0021528534
2026-04-16 05:00:00,0.0021482285
2026-04-16 06:00:00,-0.0034501509
2026-04-16 07:00:00,0.0009470207
2026-04-16 08:00:00,-0.0007209457
2026-04-16 09:00:00,-0.0031589131
2026-04-16 10:00:00,-0.0003780126
2026-04-16 11:00:00,0.0032247134
2026-04-16 12:00:00,0.0042120255
2026-04-16 13:00:00,-0.0088853095
2026-04-16 14:00:00,-0.001049903
2026-04-16 15:00:00,0.0232491446
2026-04-16 16:00:00,-0.0114178721
2026-04-16 17:00:00,0.0078777077
2026-04-16 18:00:00,0.0180983275
2026-04-16 19:00:00,0.0052106473
2026-04-16 20:00:00,-0.0106477732
2026-04-16 21:00:00,-0.0011119738
2026-04-16 22:00:00,-0.001859547
2026-04-16 23:00:00,0.0097112525
2026-04-17 00:00:00,-0.0081771392
2026-04-17 01:00:00,-0.0060555504
2026-04-17 02:00:00,-0.0029621188
2026-04-17 03:00:00,-0.0012827786
2026-04-17 04:00:00,-0.001475639
2026-04-17 05:00:00,-0.0066621078
2026-04-17 06:00:00,0.0069489132
2026-04-17 07:00:00,0.0058984101
2026-04-17 08:00:00,0.0096668855
2026-04-17 09:00:00,-0.0006485356
2026-04-17 10:00:00,-0.0071723287
2026-04-17 11:00:00,0.0032827621
2026-04-17 12:00:00,0.0093783523
2026-04-17 13:00:00,0.0192934018
2026-04-17 14:00:00,0.0023449777
2026-04-17 15:00:00,-0.0061186636
2026-04-17 16:00:00,0.0069228454
2026-04-17 17:00:00,-0.0090973836
2026-04-17 18:00:00,-0.0082797209
2026-04-17 19:00:00,0.0022132598
2026-04-17 20:00:00,-0.0031973538
2026-04-17 21:00:00,0.0012429052
2026-04-17 22:00:00,0.0018614661
2026-04-17 23:00:00,-0.0065823469
2026-04-18 00:00:00,0.0006757776
2026-04-18 01:00:00,-0.0033834638
2026-04-18 02:00:00,0.003217161
2026-04-18 03:00:00,-0.0058485491
2026-04-18 04:00:00,0.0016402095
2026-04-18 05:00:00,0.002241791
2026-04-18 06:00:00,0.0021016717
2026-04-18 07:00:00,-0.0013000184
2026-04-18 08:00:00,-0.0110610526
2026-04-18 09:00:00,-0.0022860283
2026-04-18 10:00:00,-0.0078458349
2026-04-18 11:00:00,3.18889e-05
2026-04-18 12:00:00,-0.0024158071
2026-04-18 13:00:00,-8.52451e-05
2026-04-18 14:00:00,0.0026073414
2026-04-18 15:00:00,-0.0020001283
2026-04-18 16:00:00,-0.0023670164
2026-04-18 17:00:00,0.0011735463
2026-04-18 18:00:00,-0.0108273733
2026-04-18 19:00:00,0.0011849236
2026-04-18 20:00:00,0.0031815668
2026-04-18 21:00:00,0.0012012013
2026-04-18 22:00:00,-0.0002358364
2026-04-18 23:00:00,-0.0041684633
2026-04-19 00:00:00,-0.0048239673
2026-04-19 01:00:00,-0.0008333289
2026-04-19 02:00:00,-0.0032099275
2026-04-19 03:00:00,0.0026251005
2026-04-19 04:00:00,1.08332e-05
2026-04-19 05:00:00,-0.0024513006
2026-04-19 06:00:00,1.08597e-05
2026-04-19 07:00:00,-0.002054583
2026-04-19 08:00:00,-0.0018516507
2026-04-19 09:00:00,-0.0037026764
2026-04-19 10:00:00,0.0013668898
2026-04-19 11:00:00,0.0083682497
2026-04-19 12:00:00,0.0028459681
2026-04-19 13:00:00,0.0049368444
2026-04-19 14:00:00,0.0023949535
2026-04-19 15:00:00,-0.0042568809
2026-04-19 16:00:00,-0.0062351955
2026-04-19 17:00:00,-0.0089722833
2026-04-19 18:00:00,0.0004046126
2026-04-19 19:00:00,0.0043202267
2026-04-19 20:00:00,-0.0053922609
2026-04-19 21:00:00,-0.0035305119
2026-04-19 22:00:00,-0.0022321806
2026-04-19 23:00:00,-0.0003082784
2026-04-20 00:00:00,0.005994353
2026-04-20 01:00:00,0.0037801033
2026-04-20 02:00:00,-0.0003926402
2026-04-20 03:00:00,0.0044300598
2026-04-20 04:00:00,-0.0019785841
2026-04-20 05:00:00,-0.008710866
2026-04-20 06:00:00,0.007600275
2026-04-20 07:00:00,0.0053998099
2026-04-20 08:00:00,-0.0054542824
2026-04-20 09:00:00,0.009768339
2026-04-20 10:00:00,-0.0051487404
2026-04-20 11:00:00,-0.0003687836
2026-04-20 12:00:00,0.0040383536
2026-04-20 13:00:00,0.0004753006
2026-04-20 14:00:00,-0.0080892202
2026-04-20 15:00:00,0.0068897323
2026-04-20 16:00:00,-0.003281621
2026-04-20 17:00:00,0.0078880101
2026-04-20 18:00:00,0.0054848178
2026-04-20 19:00:00,-0.0010924164
2026-04-20 20:00:00,0.0039356656
2026-04-20 21:00:00,-0.0025435788
2026-04-20 22:00:00,-0.0028719639
2026-04-20 23:00:00,-0.0030524529
2026-04-21 00:00:00,0.0034494465
2026-04-21 01:00:00,-0.0010518408
2026-04-21 02:00:00,-0.0025160221
2026-04-21 03:00:00,0.0016887989
2026-04-21 04:00:00,0.0026725787
2026-04-21 05:00:00,0.0027616639
2026-04-21 06:00:00,-0.000630871
2026-04-21 07:00:00,0.0026917917
2026-04-21 08:00:00,0.0017266191
2026-04-21 09:00:00,0.0036247136
2026-04-21 10:00:00,0.0053756174
2026-04-21 11:00:00,-0.0060973862
2026-04-21 12:00:00,-0.0008923166
2026-04-21 13:00:00,-0.0020638744
2026-04-21 14:00:00,-0.0002982309
2026-04-21 15:00:00,0.0034136804
2026-04-21 16:00:00,-0.0034030277
2026-04-21 17:00:00,-0.0041952505
2026-04-21 18:00:00,-0.0010703087
2026-04-21 19:00:00,-0.0075999398
2026-04-21 20:00:00,0.0113196812
2026-04-21 21:00:00,-0.0023606456
2026-04-21 22:00:00,-0.0047380753
2026-04-21 23:00:00,0.0107302671
2026-04-22 00:00:00,0.0009350363
2026-04-22 01:00:00,-0.0003717847
2026-04-22 02:00:00,0.0093902368
2026-04-22 03:00:00,-0.0036166405
2026-04-22 04:00:00,0.0016886904
2026-04-22 05:00:00,0.0043772956
2026-04-22 06:00:00,-0.0019547883
2026-04-22 07:00:00,-0.0011051993
2026-04-22 08:00:00,0.0017782459
2026-04-22 09:00:00,0.0010822341
2026-04-22 10:00:00,-0.0005777463
2026-04-22 11:00:00,0.0007457553
2026-04-22 12:00:00,4.19978e-05
2026-04-22 13:00:00,0.0001889684
2026-04-22 14:00:00,-0.0028803922
2026-04-22 15:00:00,-0.000347469
2026-04-22 16:00:00,-0.006116227
2026-04-22 17:00:00,0.0043243196
2026-04-22 18:00:00,-0.0032864698
2026-04-22 19:00:00,-0.0030849335
2026-04-22 20:00:00,-0.0041814132
2026-04-22 21:00:00,0.0041707956
2026-04-22 22:00:00,-0.0039149403
2026-04-22 23:00:00,-0.0096181364
2026-04-23 00:00:00,0.0006993045
2026-04-23 01:00:00,-0.005402708
2026-04-23 02:00:00,-0.0042585764
2026-04-23 03:00:00,-0.0033284416
2026-04-23 04:00:00,0.0034261695
2026-04-23 05:00:00,0.0018983674
2026-04-23 06:00:00,0.0034944076
2026-04-23 07:00:00,-0.0023571146
2026-04-23 08:00:00,-0.0009314013
2026-04-23 09:00:00,-0.004180313
2026-04-23 10:00:00,-0.0009579588
2026-04-23 11:00:00,0.0101532516
2026-04-23 12:00:00,-0.0007765399
2026-04-23 13:00:00,-0.0010147244
2026-04-23 14:00:00,0.0065666479
2026-04-23 15:00:00,0.0031067903
2026-04-23 16:00:00,-0.0051367681
2026-04-23 17:00:00,-0.0063203291
2026-04-23 18:00:00,0.0013839635
2026-04-23 19:00:00,0.0033115649
2026-04-23 20:00:00,0.0007535471
2026-04-23 21:00:00,0.0021498681
2026-04-23 22:00:00,0.0015450481
2026-04-23 23:00:00,0.0033073804
2026-04-24 00:00:00,0.001910934
2026-04-24 01:00:00,0.0013003349
2026-04-24 02:00:00,-0.0050616258
2026-04-24 03:00:00,-0.0057224302
2026-04-24 04:00:00,-0.0027709659
2026-04-24 05:00:00,0.0032338417
2026-04-24 06:00:00,0.0005917383
2026-04-24 07:00:00,-0.0010330802
2026-04-24 08:00:00,0.0011944026
2026-04-24 09:00:00,-0.003447202
2026-04-24 10:00:00,0.0044145904
2026-04-24 11:00:00,0.0060197268
2026-04-24 12:00:00,-0.0028446783
2026-04-24 13:00:00,-0.0009536004
2026-04-24 14:00:00,0.0033069202
2026-04-24 15:00:00,-0.000138906
2026-04-24 16:00:00,8.54829e-05
2026-04-24 17:00:00,0.0038391857
2026-04-24 18:00:00,0.0005214181
2026-04-24 19:00:00,0.0010845296
2026-04-24 20:00:00,0.0030664618
2026-04-24 21:00:00,-0.0035022588
2026-04-24 22:00:00,-0.0041122071
2026-04-24 23:00:00,0.0010776266
2026-04-25 00:00:00,0.0010658141
2026-04-25 01:00:00,0.0033923752
2026-04-25 02:00:00,-6.37004e-05
2026-04-25 03:00:00,0.000551935
2026-04-25 04:00:00,6.36652e-05
2026-04-25 05:00:00,0.000307658
2026-04-25 06:00:00,-0.000307658
2026-04-25 07:00:00,-0.001645986
2026-04-25 08:00:00,-5.31415e-05
2026-04-25 09:00:00,0.002759618
2026-04-25 10:00:00,4.23962e-05
2026-04-25 11:00:00,-0.0050152049
2026-04-25 12:00:00,0.0007985903
2026-04-25 13:00:00,0.0014252289
2026-04-25 14:00:00,-0.0023836138
2026-04-25 15:00:00,-0.0042171406
2026-04-25 16:00:00,-0.0018204603
2026-04-25 17:00:00,-0.0018559947
2026-04-25 18:00:00,0.0002791557
2026-04-25 19:00:00,-2.14707e-05
2026-04-25 20:00:00,0.0005473601
2026-04-25 21:00:00,0.0010080754
2026-04-25 22:00:00,0.0018954307
2026-04-25 23:00:00,-0.0001390902
2026-04-26 00:00:00,-0.00327957
2026-04-26 01:00:00,-0.0009666299
2026-04-26 02:00:00,0.0015568885
2026-04-26 03:00:00,0.0006327994
2026-04-26 04:00:00,0.004140837
2026-04-26 05:00:00,0.0030917528
2026-04-26 06:00:00,0.0003937783
2026-04-26 07:00:00,0.0026566085
2026-04-26 08:00:00,0.0007531918
2026-04-26 09:00:00,0.0008479877
2026-04-26 10:00:00,0.0008896138
2026-04-26 11:00:00,0.003212956
2026-04-26 12:00:00,-0.0035729425
2026-04-26 13:00:00,-0.0017700527
2026-04-26 14:00:00,0.0063238475
2026-04-26 15:00:00,-0.000337389
2026-04-26 16:00:00,-0.0030839448
2026-04-26 17:00:00,0.0003067079
2026-04-26 18:00:00,0.004157703
2026-04-26 19:00:00,-0.0009692884
2026-04-26 20:00:00,-0.0023428112
2026-04-26 21:00:00,0.0014358869
2026-04-26 22:00:00,-0.0009077476
2026-04-26 23:00:00,0.0019411541
2026-04-27 00:00:00,0.0049728071
2026-04-27 01:00:00,0.0034652645
2026-04-27 02:00:00,-0.0012339742
2026-04-27 03:00:00,-0.0003139652
2026-04-27 04:00:00,-0.0023159196
2026-04-27 05:00:00,-0.0173556676
2026-04-27 06:00:00,-0.004021912
2026-04-27 07:00:00,0.0001071754
2026-04-27 08:00:00,0.00030003
2026-04-27 09:00:00,0.0012313229
2026-04-27 10:00:00,-0.002271097
2026-04-27 11:00:00,0.0011790432
2026-04-27 12:00:00,-0.0031436276
2026-04-27 13:00:00,-0.0020653608
2026-04-27 14:00:00,0.0039655938
2026-04-27 15:00:00,-0.0156743021
2026-04-27 16:00:00,0.0019700579
2026-04-27 17:00:00,0.0029098826
2026-04-27 18:00:00,0.0013110209
2026-04-27 19:00:00,-0.0020593981
2026-04-27 20:00:00,0.0009001535
2026-04-27 21:00:00,-0.0002059877
2026-04-27 22:00:00,0.0045759244
2026-04-27 23:00:00,0.0059615582
2026-04-28 00:00:00,-0.0003755828
2026-04-28 01:00:00,-0.0015144927
2026-04-28 02:00:00,-0.0038556445
2026-04-28 03:00:00,0.0015849829
2026-04-28 04:00:00,-0.001185805
2026-04-28 05:00:00,0.0009703086
2026-04-28 06:00:00,-0.0063347454
2026-04-28 07:00:00,0.003139958
2026-04-28 08:00:00,0.0001297171
2026-04-28 09:00:00,-0.0006812026
2026-04-28 10:00:00,-0.0009739523
2026-04-28 11:00:00,-0.0047970051
2026-04-28 12:00:00,0.0037679142
2026-04-28 13:00:00,-0.001409948
2026-04-28 14:00:00,-0.0042636103
2026-04-28 15:00:00,0.0052399398
2026-04-28 16:00:00,-0.000509742
2026-04-28 17:00:00,0.0006398473
2026-04-28 18:00:00,0.0021442968
2026-04-28 19:00:00,0.0034019332
2026-04-28 20:00:00,-0.0002695723
2026-04-28 21:00:00,-0.0021700062
2026-04-28 22:00:00,-0.0020664182
2026-04-28 23:00:00,0.0007253555
2026-04-29 00:00:00,0.0014599411
2026-04-29 01:00:00,-0.0003566777
2026-04-29 02:00:00,-0.0017419816
2026-04-29 03:00:00,0.007680811
2026-04-29 04:00:00,0.0069715051
2026-04-29 05:00:00,-0.0001173953
2026-04-29 06:00:00,-0.0035497049
2026-04-29 07:00:00,-0.0024343306
2026-04-29 08:00:00,-0.003678808
2026-04-29 09:00:00,0.0103456777
2026-04-29 10:00:00,0.0016305133
2026-04-29 11:00:00,-0.0031461827
2026-04-29 12:00:00,-0.0093905465
2026-04-29 13:00:00,-0.0047014661
2026-04-29 14:00:00,-0.0036684145
2026-04-29 15:00:00,-0.0112626117
2026-04-29 16:00:00,-0.0020474216
2026-04-29 17:00:00,0.0083067255
2026-04-29 18:00:00,-0.0139533053
2026-04-29 19:00:00,-0.0015192937
2026-04-29 20:00:00,0.0056882471
2026-04-29 21:00:00,0.0053048771
2026-04-29 22:00:00,0.0002195125
2026-04-29 23:00:00,0.0007788803
2026-04-30 00:00:00,0.0056860583
2026-04-30 01:00:00,-0.0010909647
2026-04-30 02:00:00,-0.0075602714
2026-04-30 03:00:00,0.0018240761
2026-04-30 04:00:00,-0.0074380098
2026-04-30 05:00:00,0.0025075544
2026-04-30 06:00:00,0.0020169408
2026-04-30 07:00:00,0.00444931
2026-04-30 08:00:00,-0.0003398657
2026-04-30 09:00:00,0.0009754334
2026-04-30 10:00:00,-0.0018969408
2026-04-30 11:00:00,0.0011188628
2026-04-30 12:00:00,0.0025620826
2026-04-30 13:00:00,-0.0009518028
2026-04-30 14:00:00,-0.0003941146
2026-04-30 15:00:00,0.0005582831
2026-04-30 16:00:00,-0.0037497577
2026-04-30 17:00:00,0.001064957
2026-04-30 18:00:00,0.0014912283
2026-04-30 19:00:00,0.0006681381
2026-04-30 20:00:00,-0.0001861575
2026-04-30 21:00:00,-0.002434185
2026-04-30 22:00:00,-0.0023410849
2026-04-30 23:00:00,0.0016382361
2026-05-01 00:00:00,-0.0006263909
2026-05-01 01:00:00,0.0038181805
2026-05-01 02:00:00,-0.0020389378
2026-05-01 03:00:00,0.0063006804
2026-05-01 04:00:00,-0.0013202907
2026-05-01 05:00:00,0.0005130472
2026-05-01 06:00:00,-0.0007642089
2026-05-01 07:00:00,-0.0001529119
2026-05-01 08:00:00,0.0030211339
2026-05-01 09:00:00,-0.0039500297
2026-05-01 10:00:00,-0.0012471694
2026-05-01 11:00:00,-0.0002299115
2026-05-01 12:00:00,0.0085477129
2026-05-01 13:00:00,0.0049922405
2026-05-01 14:00:00,-0.0014160863
2026-05-01 15:00:00,-0.0028382028
2026-05-01 16:00:00,-0.0004882892
2026-05-01 17:00:00,0.0009329674
2026-05-01 18:00:00,-0.0028776373
2026-05-01 19:00:00,-0.002471597
2026-05-01 20:00:00,-0.0085505697
2026-05-01 21:00:00,0.0019552281
2026-05-01 22:00:00,-0.0020871789
2026-05-01 23:00:00,0.0002528904
2026-05-02 00:00:00,0.0009230567
2026-05-02 01:00:00,0.0009551256
2026-05-02 02:00:00,0.0012940017
2026-05-02 03:00:00,-0.0008332329
2026-05-02 04:00:00,-0.0024379007
2026-05-02 05:00:00,-0.0001979284
2026-05-02 06:00:00,0.0010991065
2026-05-02 07:00:00,-0.0022104317
2026-05-02 08:00:00,0.0003302255
2026-05-02 09:00:00,0.0010999649
2026-05-02 10:00:00,-0.0003078682
2026-05-02 11:00:00,-0.0020254955
2026-05-02 12:00:00,0.0005948644
2026-05-02 13:00:00,0.0018484294
2026-05-02 14:00:00,0.0035333012
2026-05-02 15:00:00,0.0037827896
2026-05-02 16:00:00,-0.0002728439
2026-05-02 17:00:00,-0.0029952579
2026-05-02 18:00:00,0.0020233291
2026-05-02 19:00:00,0.0012775089
2026-05-02 20:00:00,-1.0912e-05
2026-05-02 21:00:00,0.0053652109
2026-05-02 22:00:00,-0.0009229851
2026-05-02 23:00:00,-0.0034606253
2026-05-03 00:00:00,-0.0037023933
2026-05-03 01:00:00,-0.0046940719
2026-05-03 02:00:00,-0.0004618227
2026-05-03 03:00:00,0.000384867
2026-05-03 04:00:00,-0.0002968844
2026-05-03 05:00:00,2.19945e-05
2026-05-03 06:00:00,2.1994e-05
2026-05-03 07:00:00,0.0030524652
2026-05-03 08:00:00,-0.0008884258
2026-05-03 09:00:00,0.003625514
2026-05-03 10:00:00,-0.0017399207
2026-05-03 11:00:00,0.0054612714
2026-05-03 12:00:00,-0.0004576011
2026-05-03 13:00:00,-0.0027390849
2026-05-03 14:00:00,0.0004916233
2026-05-03 15:00:00,-0.0003386479
2026-05-03 16:00:00,0.0012011358
2026-05-03 17:00:00,-0.0011465074
2026-05-03 18:00:00,0.0001420199
2026-05-03 19:00:00,0.0009717484
2026-05-03 20:00:00,-0.0003711183
2026-05-03 21:00:00,-0.0025688549
2026-05-03 22:00:00,0.0058495654
2026-05-03 23:00:00,-0.0054884341
2026-05-04 00:00:00,0.0005250492
2026-05-04 01:00:00,0.0109411948
2026-05-04 02:00:00,0.0093236251
2026-05-04 03:00:00,0.0013921464
2026-05-04 04:00:00,0.0032372688
2026-05-04 05:00:00,-0.0052725985
2026-05-04 06:00:00,-0.0022759001
2026-05-04 07:00:00,0.0012888814
2026-05-04 08:00:00,0.0084226326
2026-05-04 09:00:00,0.0134374957
2026-05-04 10:00:00,-0.0103767894
2026-05-04 11:00:00,0.0009439516
2026-05-04 12:00:00,-0.0007529682
2026-05-04 13:00:00,-0.0006049061
2026-05-04 14:00:00,0.0108117151
2026-05-04 15:00:00,-0.0113851218
2026-05-04 16:00:00,-0.0028400196
2026-05-04 17:00:00,0.0089289148
2026-05-04 18:00:00,-0.0040728083
2026-05-04 19:00:00,-0.0049626311
2026-05-04 20:00:00,-0.0055228398
2026-05-04 21:00:00,0.0077149596
2026-05-04 22:00:00,-0.0037059956
2026-05-04 23:00:00,-0.0017512765
2026-05-05 00:00:00,0.0037550716
2026-05-05 01:00:00,0.00341212
2026-05-05 02:00:00,0.0053867409
2026-05-05 03:00:00,0.0036241848
2026-05-05 04:00:00,0.0026780807
2026-05-05 05:00:00,0.0022733592
2026-05-05 06:00:00,-0.0012879516
2026-05-05 07:00:00,0.0060067142
2026-05-05 08:00:00,-0.0035683395
2026-05-05 09:00:00,0.0045364794
2026-05-05 10:00:00,0.0086300763
2026-05-05 11:00:00,0.0032750109
2026-05-05 12:00:00,0.005281224
2026-05-05 13:00:00,-0.0081333823
2026-05-05 14:00:00,-0.0013723439
2026-05-05 15:00:00,0.0041319605
2026-05-05 16:00:00,-0.0018938425
2026-05-05 17:00:00,-0.0011854755
2026-05-05 18:00:00,0.000216583
2026-05-05 19:00:00,0.0030272475
2026-05-05 20:00:00,0.007191475
2026-05-05 21:00:00,0.0008978585
2026-05-05 22:00:00,-0.0012041309
2026-05-05 23:00:00,-0.0020953761
2026-05-06 00:00:00,0.0035034534
2026-05-06 01:00:00,0.002332226
2026-05-06 02:00:00,-0.0044757401
2026-05-06 03:00:00,0.0077459406
2026-05-06 04:00:00,-0.003260028
2026-05-06 05:00:00,0.0024688486
2026-05-06 06:00:00,0.0018451125
2026-05-06 07:00:00,0.0008605635
2026-05-06 08:00:00,0.0179624829
2026-05-06 09:00:00,0.0094083192
2026-05-06 10:00:00,0.0010432045
2026-05-06 11:00:00,0.0009929853
2026-05-06 12:00:00,-0.0009634765
2026-05-06 13:00:00,-0.0190960527
2026-05-06 14:00:00,-8.02093e-05
2026-05-06 15:00:00,0.0061773016
2026-05-06 16:00:00,-0.0021946678
2026-05-06 17:00:00,-0.0028803188
2026-05-06 18:00:00,-0.0018846934
2026-05-06 19:00:00,0.002695622
2026-05-06 20:00:00,8.0056e-05
2026-05-06 21:00:00,0.0061451481
2026-05-06 22:00:00,-0.0060250761
2026-05-06 23:00:00,0.0003601297
2026-05-07 00:00:00,-0.0052949441
2026-05-07 01:00:00,-0.0042118053
2026-05-07 02:00:00,7.06789e-05
2026-05-07 03:00:00,-0.0021023062
2026-05-07 04:00:00,0.0061730459
2026-05-07 05:00:00,0.005155271
2026-05-07 06:00:00,0.006093779
2026-05-07 07:00:00,0.0059481498
2026-05-07 08:00:00,-0.0063161132
2026-05-07 09:00:00,-0.004126471
2026-05-07 10:00:00,-0.001479305
2026-05-07 11:00:00,0.0026172795
2026-05-07 12:00:00,0.0037242878
2026-05-07 13:00:00,-0.0107122825
2026-05-07 14:00:00,-0.008100069
2026-05-07 15:00:00,-0.0009220933
2026-05-07 16:00:00,0.0002027308
2026-05-07 17:00:00,0.0049944498
2026-05-07 18:00:00,0.0005343631
2026-05-07 19:00:00,-0.0027555317
2026-05-07 20:00:00,-0.0067848439
2026-05-07 21:00:00,0.0038189695
2026-05-07 22:00:00,-0.0028323598
2026-05-07 23:00:00,0.0011379686
2026-05-08 00:00:00,-0.001239636
2026-05-08 01:00:00,9.15011e-05
2026-05-08 02:00:00,-0.0003762246
2026-05-08 03:00:00,0.0030362597
2026-05-08 04:00:00,-0.0027210349
2026-05-08 05:00:00,-0.0008950913
2026-05-08 06:00:00,0.0009255917
2026-05-08 07:00:00,0.0029642585
2026-05-08 08:00:00,0.0039555533
2026-05-08 09:00:00,-0.0029221604
2026-05-08 10:00:00,0.0039817338
2026-05-08 11:00:00,0.0024377971
2026-05-08 12:00:00,-0.001127498
2026-05-08 13:00:00,-0.000110805
2026-05-08 14:00:00,0.0103324615
2026-05-08 15:00:00,0.0053595439
2026-05-08 16:00:00,0.0009218463
2026-05-08 17:00:00,0.0183871477
2026-05-08 18:00:00,0.0100558804
2026-05-08 19:00:00,-0.0016770118
2026-05-08 20:00:00,-0.0064158923
2026-05-08 21:00:00,0.0042044955
2026-05-08 22:00:00,0.0031562666
2026-05-08 23:00:00,-0.0051206852
2026-05-09 00:00:00,0.009927601
2026-05-09 01:00:00,0.0140945318
2026-05-09 02:00:00,-0.000264818
2026-05-09 03:00:00,-0.0025097919
2026-05-09 04:00:00,-0.0030010659
2026-05-09 05:00:00,0.0020523353
2026-05-09 06:00:00,-0.0066282169
2026-05-09 07:00:00,-7.64424e-05
2026-05-09 08:00:00,0.0006113754
2026-05-09 09:00:00,-0.0035588588
2026-05-09 10:00:00,-5.75049e-05
2026-05-09 11:00:00,0.0039982836
2026-05-09 12:00:00,-0.0050531259
2026-05-09 13:00:00,-0.0017861778
2026-05-09 14:00:00,-0.0081550383
2026-05-09 15:00:00,0.001491208
2026-05-09 16:00:00,-0.0017141118
2026-05-09 17:00:00,0.0093194442
2026-05-09 18:00:00,0.0017749128
2026-05-09 19:00:00,0.0009868312
2026-05-09 20:00:00,-0.00289619
2026-05-09 21:00:00,-0.0006052309
2026-05-09 22:00:00,-0.0003075592
2026-05-09 23:00:00,-0.00228081
2026-05-10 00:00:00,-0.0026723667
2026-05-10 01:00:00,-0.0028345211
2026-05-10 02:00:00,0.0020807231
2026-05-10 03:00:00,0.0004832692
2026-05-10 04:00:00,0.0011492423
2026-05-10 05:00:00,0.0010225838
2026-05-10 06:00:00,0.0018399446
2026-05-10 07:00:00,0.0032093811
2026-05-10 08:00:00,0.0062068934
2026-05-10 09:00:00,0.0049455144
2026-05-10 10:00:00,-0.0029072826
2026-05-10 11:00:00,-0.0052755468
2026-05-10 12:00:00,0.0037043798
2026-05-10 13:00:00,0.0079258145
2026-05-10 14:00:00,-0.0045769706
2026-05-10 15:00:00,0.0080972868
2026-05-10 16:00:00,0.0085461385
2026-05-10 17:00:00,0.0083810936
2026-05-10 18:00:00,-0.0002316048
2026-05-10 19:00:00,0.0041791547
2026-05-10 20:00:00,-0.0281555872
2026-05-10 21:00:00,0.0045449029
2026-05-10 22:00:00,0.0128967434
2026-05-10 23:00:00,-0.0007370263
2026-05-11 00:00:00,-0.0067047728
2026-05-11 01:00:00,0.0029552651
2026-05-11 02:00:00,-0.0094026435
2026-05-11 03:00:00,-0.0057851323
2026-05-11 04:00:00,0.0029441675
2026-05-11 05:00:00,0.0018286131
2026-05-11 06:00:00,-0.0025780783
2026-05-11 07:00:00,-0.0012820332
2026-05-11 08:00:00,0.0018038722
2026-05-11 09:00:00,0.0047787442
2026-05-11 10:00:00,0.0006511676
2026-05-11 11:00:00,-0.0034494036
2026-05-11 12:00:00,-0.0039934602
2026-05-11 13:00:00,0.0008835392
2026-05-11 14:00:00,-0.005227065
2026-05-11 15:00:00,0.0088196732
2026-05-11 16:00:00,0.0010970098
2026-05-11 17:00:00,0.0060685058
2026-05-11 18:00:00,-0.0035951965
2026-05-11 19:00:00,0.0072991996
2026-05-11 20:00:00,-0.0054717516
2026-05-11 21:00:00,-0.0031766257
2026-05-11 22:00:00,0.0
2026-05-11 23:00:00,0.0008116118
2026-05-12 00:00:00,-0.0014727126
2026-05-12 01:00:00,-0.0097498767
2026-05-12 02:00:00,0.0021061166
2026-05-12 03:00:00,-0.0048191485
2026-05-12 04:00:00,0.0037142286
2026-05-12 05:00:00,8.57702e-05
2026-05-12 06:00:00,-0.0048049231
2026-05-12 07:00:00,0.000497803
2026-05-12 08:00:00,-0.0066353548
2026-05-12 09:00:00,-0.0041611012
2026-05-12 10:00:00,-0.0058703552
2026-05-12 11:00:00,-0.0012074474
2026-05-12 12:00:00,0.0047240968
2026-05-12 13:00:00,-0.0075732127
2026-05-12 14:00:00,-0.0034355718
2026-05-12 15:00:00,-0.0036540486
2026-05-12 16:00:00,-0.0016743164
2026-05-12 17:00:00,0.0094183902
2026-05-12 18:00:00,0.0028569916
2026-05-12 19:00:00,0.0047209763
2026-05-12 20:00:00,-0.001503242
2026-05-12 21:00:00,-9.7057e-06
2026-05-12 22:00:00,0.0007955527
2026-05-12 23:00:00,-0.0030206368
2026-05-13 00:00:00,0.0038446276
2026-05-13 01:00:00,0.006423188
2026-05-13 02:00:00,0.0022311992
2026-05-13 03:00:00,0.0064348315
2026-05-13 04:00:00,-0.0005919589
2026-05-13 05:00:00,-0.0044125249
2026-05-13 06:00:00,0.0085393863
2026-05-13 07:00:00,0.0049241787
2026-05-13 08:00:00,0.008435051
2026-05-13 09:00:00,0.0034290245
2026-05-13 10:00:00,-0.0045370683
2026-05-13 11:00:00,-0.015299417
2026-05-13 12:00:00,-0.0151883645
2026-05-13 13:00:00,-0.0119268273
2026-05-13 14:00:00,0.0006075692
2026-05-13 15:00:00,-0.0137603955
2026-05-13 16:00:00,0.0097160594
2026-05-13 17:00:00,0.002485474
2026-05-13 18:00:00,0.001078717
2026-05-13 19:00:00,-0.0040266006
2026-05-13 20:00:00,0.0056620681
2026-05-13 21:00:00,-0.0074349785
2026-05-13 22:00:00,0.0054956267
2026-05-13 23:00:00,0.0013324844
2026-05-14 00:00:00,0.003850293
2026-05-14 01:00:00,-0.001376194
2026-05-14 02:00:00,-0.0059068884
2026-05-14 03:00:00,-0.0069604934
2026-05-14 04:00:00,0.0085606587
2026-05-14 05:00:00,0.0091977566
2026-05-14 06:00:00,-0.0025204741
2026-05-14 07:00:00,-0.0036215124
2026-05-14 08:00:00,0.0039137847
2026-05-14 09:00:00,-0.0063321656
2026-05-14 10:00:00,0.004059936
2026-05-14 11:00:00,-0.0006445753
2026-05-14 12:00:00,0.0085797357
2026-05-14 13:00:00,-0.0020846572
2026-05-14 14:00:00,0.0173965958
2026-05-14 15:00:00,0.01603895
2026-05-14 16:00:00,0.0047292482
2026-05-14 17:00:00,-0.0047010875
2026-05-14 18:00:00,0.0049252881
2026-05-14 19:00:00,-0.007726463
2026-05-14 20:00:00,-0.0026108322
2026-05-14 21:00:00,-0.0020784529
2026-05-14 22:00:00,-0.0008609883
2026-05-14 23:00:00,-0.0086986417
2026-05-15 00:00:00,0.0034124195
2026-05-15 01:00:00,-0.006874848
2026-05-15 02:00:00,0.0017422775
2026-05-15 03:00:00,-0.0039196006
2026-05-15 04:00:00,-0.0083696214
2026-05-15 05:00:00,-0.0080692641
2026-05-15 06:00:00,0.004713361
2026-05-15 07:00:00,0.0078097801
2026-05-15 08:00:00,-0.0047540915
2026-05-15 09:00:00,-0.0048254629
2026-05-15 10:00:00,0.0076497224
2026-05-15 11:00:00,-0.0047632968
2026-05-15 12:00:00,-0.0046495877
2026-05-15 13:00:00,-0.0253363078
2026-05-15 14:00:00,0.0042111208
2026-05-15 15:00:00,-0.0020734073
2026-05-15 16:00:00,0.0052350409
2026-05-15 17:00:00,0.0025379718
2026-05-15 18:00:00,0.0017411266
2026-05-15 19:00:00,-0.0051828221
2026-05-15 20:00:00,-0.0024471293
2026-05-15 21:00:00,-0.0009366655
2026-05-15 22:00:00,0.0048829339
2026-05-15 23:00:00,-0.0011315924
2026-05-16 00:00:00,0.0005163238
2026-05-16 01:00:00,-0.0003375662
2026-05-16 02:00:00,-0.0010233229
2026-05-16 03:00:00,0.0002087237
2026-05-16 04:00:00,-0.0062407364
2026-05-16 05:00:00,-0.0048318474
2026-05-16 06:00:00,-0.0053502196
2026-05-16 07:00:00,-0.0097459732
2026-05-16 08:00:00,3.06046e-05
2026-05-16 09:00:00,-0.0125341038
2026-05-16 10:00:00,-0.0019542869
2026-05-16 11:00:00,-0.0010977291
2026-05-16 12:00:00,0.0002382889
2026-05-16 13:00:00,-0.0021466468
2026-05-16 14:00:00,0.0030681866
2026-05-16 15:00:00,0.0044610661
2026-05-16 16:00:00,0.0045643403
2026-05-16 17:00:00,0.0012402816
2026-05-16 18:00:00,-0.0011069545
2026-05-16 19:00:00,-0.0007283882
2026-05-16 20:00:00,-0.0003284612
2026-05-16 21:00:00,0.0002258286
2026-05-16 22:00:00,-0.0025795327
2026-05-16 23:00:00,5.14501e-05
2026-05-17 00:00:00,-0.0058410296
2026-05-17 01:00:00,-0.003400588
2026-05-17 02:00:00,0.0011209833
2026-05-17 03:00:00,0.0084498525
2026-05-17 04:00:00,0.0047819976
2026-05-17 05:00:00,0.0004810374
2026-05-17 06:00:00,-0.0001637314
2026-05-17 07:00:00,6.14024e-05
2026-05-17 08:00:00,-0.0018232106
2026-05-17 09:00:00,0.0035205178
2026-05-17 10:00:00,0.0015822384
2026-05-17 11:00:00,-0.0015311594
2026-05-17 12:00:00,-0.0020042546
2026-05-17 13:00:00,0.0040248903
2026-05-17 14:00:00,-0.0087445904
2026-05-17 15:00:00,-0.0011834138
2026-05-17 16:00:00,-0.0028562462
2026-05-17 17:00:00,0.0005161717
2026-05-17 18:00:00,0.0023297779
2026-05-17 19:00:00,0.0031355884
2026-05-17 20:00:00,-0.0011297347
2026-05-17 21:00:00,0.0024427305
2026-05-17 22:00:00,-0.0073771459
2026-05-17 23:00:00,-0.0128044319
2026-05-18 00:00:00,-0.0060642491
2026-05-18 01:00:00,0.0021865285
2026-05-18 02:00:00,0.0016262811
2026-05-18 03:00:00,-0.0029292128
2026-05-18 04:00:00,0.0053270821
2026-05-18 05:00:00,-0.0053901702
2026-05-18 06:00:00,-0.0035604095
2026-05-18 07:00:00,-0.0007706316
2026-05-18 08:00:00,0.0002639818
2026-05-18 09:00:00,-0.0035113733
2026-05-18 10:00:00,-0.0036407099
2026-05-18 11:00:00,0.0118603534
2026-05-18 12:00:00,0.0066088417
2026-05-18 13:00:00,-0.0095554989
2026-05-18 14:00:00,-0.0092965813
2026-05-18 15:00:00,0.0021677461
2026-05-18 16:00:00,-0.0003291098
2026-05-18 17:00:00,0.0022379323
2026-05-18 18:00:00,-0.0116258695
2026-05-18 19:00:00,0.0183413435
2026-05-18 20:00:00,-0.002528846
2026-05-18 21:00:00,0.0094085728
2026-05-18 22:00:00,0.0006477767
2026-05-18 23:00:00,0.0026077538
2026-05-19 00:00:00,0.0052262846
2026-05-19 01:00:00,-0.0038001146
2026-05-19 02:00:00,0.0022651949
2026-05-19 03:00:00,0.0065690684
2026-05-19 04:00:00,0.0031605036
2026-05-19 05:00:00,0.0010170589
2026-05-19 06:00:00,0.0030859317
2026-05-19 07:00:00,0.0039740767
2026-05-19 08:00:00,-0.0063722823
2026-05-19 09:00:00,-0.0142614492
2026-05-19 10:00:00,-2.08171e-05
2026-05-19 11:00:00,-0.0071449767
2026-05-19 12:00:00,0.001026834
2026-05-19 13:00:00,0.0020087051
2026-05-19 14:00:00,-0.0099679941
2026-05-19 15:00:00,0.0006331719
2026-05-19 16:00:00,0.0072109127
2026-05-19 17:00:00,-0.0051558685
2026-05-19 18:00:00,-0.001928458
2026-05-19 19:00:00,-0.0022070052
2026-05-19 20:00:00,0.0013205645
2026-05-19 21:00:00,0.0002955675
2026-05-19 22:00:00,-0.0028961018
2026-05-19 23:00:00,-0.0007306343
2026-05-20 00:00:00,0.0025073408
2026-05-20 01:00:00,-0.0008456571
2026-05-20 02:00:00,-0.0001374868
2026-05-20 03:00:00,0.0032839365
2026-05-20 04:00:00,0.0006955276
2026-05-20 05:00:00,0.010281439
2026-05-20 06:00:00,0.002093609
2026-05-20 07:00:00,-0.0045887427
2026-05-20 08:00:00,0.0040891746
2026-05-20 09:00:00,-0.0030548701
2026-05-20 10:00:00,0.0012939852
2026-05-20 11:00:00,-0.0053537573
2026-05-20 12:00:00,0.0063752398
2026-05-20 13:00:00,-0.0084848677
2026-05-20 14:00:00,0.0118130731
2026-05-20 15:00:00,-0.002089235
2026-05-20 16:00:00,-0.0001873088
2026-05-20 17:00:00,0.003749894
2026-05-20 18:00:00,-0.0058960412
2026-05-20 19:00:00,0.0061759398
2026-05-20 20:00:00,-0.001379518
2026-05-20 21:00:00,6.22749e-05
2026-05-20 22:00:00,-0.0018179462
2026-05-20 23:00:00,-1.03978e-05
2026-05-21 00:00:00,0.0079538107
2026-05-21 01:00:00,0.0007630518
2026-05-21 02:00:00,0.0020388207
2026-05-21 03:00:00,0.0030607133
2026-05-21 04:00:00,-0.0013545966
2026-05-21 05:00:00,-0.006211488
2026-05-21 06:00:00,-0.001168315
2026-05-21 07:00:00,0.0025623025
2026-05-21 08:00:00,-0.0017660459
2026-05-21 09:00:00,-0.0067208318
2026-05-21 10:00:00,-0.0058761383
2026-05-21 11:00:00,-0.0008482609
2026-05-21 12:00:00,0.002626225
2026-05-21 13:00:00,0.0018999703
2026-05-21 14:00:00,-0.000813831
2026-05-21 15:00:00,0.0061291471
2026-05-21 16:00:00,-0.0017443857
2026-05-21 17:00:00,0.0096184421
