0.0051085679
0.0176772280
-0.0031338164
-0.0081941839
0.0175663237
0.0031046284
0.0067964426
-0.0105231550
0.0135972429
0.0091659670
-0.0030459969
-0.0079632886
0.0036832454
0.0061087545
0.0084900449
0.0036166405
-0.0018066852
0.0018066852
-0.0060350213
0.0006051437
0.0185800970
-0.0023781224
-0.0053715438
0.0029877524
0.0041679131
-0.0101523715
0.0000000000
-0.0048134870
0.0090063653
0.0011947433
-0.0029895388
0.0047789816
0.0094899882
0.0123204844
-0.0176475168
0.0059171770
-0.0226740024
0.0060168653
0.0095523114
0.0124005132
0.0029299757
-0.0485561366
-0.0129831808
0.0184962116
0.0030497126
-0.0134888618
0.0000000000
0.0043116790
-0.0123687415
0.0000000000
-0.0118937239
-0.0056836276
-0.0031715853
-0.0127878980
-0.0045146804
0.0045146804
0.0076923456
0.0057306747
0.0082200905
-0.0075853714
-0.0025412974
-0.0019102203
0.0038167985
-0.0031796529
0.0107698222
-0.0050537063
-0.0050793760
-0.0051053078
0.0044685679
-0.0044685679
0.0000000000
-0.0032041040
-0.0064391723
0.0019361090
-0.0045234326
-0.0032435967
-0.0032541519
0.0013029318
-0.0117879558
0.0013166559
0.0124225200
0.0064767066
-0.0038809881
-0.0006482982
-0.0038986404
-0.0039138993
-0.0105125804
0.0039551798
-0.0052770571
0.0019821612
0.0052666350
0.0013123361
-0.0092227268
-0.0059741299
0.0000000000
0.0000000000
0.0013306722
0.0092654534
-0.0059464992
0.0006624710
0.0287226011
-0.0006437078
0.0134316058
-0.0025445306
-0.0044685679
0.0063775726
-0.0050988001
-0.0019187726
0.0114577956
0.0081941839
-0.0069291616
-0.0025316469
-0.0019029501
-0.0006351223
0.0031715853
-0.0172473135
-0.0045205114
0.0198660811
-0.0127715657
-0.0051546506
0.0032247690
-0.0006441224
0.0064226297
-0.0038486257
-0.0045088643
0.0032226905
-0.0084006956
-0.0065104397
0.0039113479
0.0058384856
0.0070899427
0.0019249284
0.0082988028
0.0075997833
0.0050346236
-0.0044039077
0.0044039077
0.0018814681
-0.0043956115
-0.0006295247
-0.0012602396
0.0100377254
-0.0031259794
0.0049968873
-0.0056232576
-0.0012539187
0.0037570489
-0.0075282664
0.0025157246
0.0000000000
0.0012554929
-0.0025125641
-0.0018885747
0.0112783150
-0.0024953226
-0.0025015648
-0.0107020222
0.0056800405
0.0031416928
-0.0062932870
0.0050377940
0.0043873464
0.0000000000
-0.0106885645
-0.0140040481
-0.0083682497
0.0019373593
0.0025773210
-0.0084006956
-0.0052049564
0.0097371753
0.0038684768
-0.0051613018
0.0128536474
0.0245991590
-0.0075047257
0.0155717877
-0.0080670621
-0.0150661984
-0.0038022859
0.0031695748
0.0006327112
0.0050473293
-0.0006295247
0.0000000000
-0.0031535819
-0.0107971833
-0.0076923456
-0.0038684768
-0.0077821404
-0.0019550348
0.0039062550
-0.0078278286
-0.0052528026
0.0006581112
0.0059035921
-0.0098587719
-0.0072920442
-0.0428199972
0.0069204428
0.0150584639
-0.0013596195
0.0000000000
-0.0020429016
-0.0158024587
0.0048359334
-0.0006894175
-0.0013802625
0.0034470906
-0.0027567212
0.0027567212
-0.0096819567
-0.0041782791
-0.0055983351
-0.0191291699
0.0071276139
0.0134040808
0.0000000000
-0.0056219403
0.0035174148
-0.0241660658
0.0007191658
-0.0137533836
-0.0073153216
-0.0051527534
-0.0022164767
0.0103017835
-0.0058737320
0.0102565002
0.0014566645
0.0029069788
-0.0014524331
-0.0051001932
-0.0014619886
0.0152453043
-0.0028860049
0.0057637047
-0.0021574981
0.0128757144
-0.0064171343
0.0085470606
0.0021253993
-0.0007079646
0.0007079646
-0.0035448460
-0.0078431775
-0.0028673855
-0.0072046421
0.0028880887
0.0007207208
0.0064632182
-0.0079051795
-0.0007217611
0.0014430017
-0.0065099687
-0.0109450199
0.0102190670
0.0036245056
-0.0036245056
0.0043478329
0.0064865092
0.0021528534
0.0057183858
-0.0028551054
-0.0057347827
0.0078768757
-0.0042887843
0.0050017968
0.0014245017
0.0014224753
-0.0042735108
-0.0014285717
-0.0071736319
-0.0021621630
0.0036010122
-0.0043227733
0.0028839241
0.0000000000
-0.0065005646
-0.0058139699
0.0000000000
-0.0021889830
0.0058266734
-0.0065574005
0.0029197101
0.0007285975
0.0007280670
-0.0029154540
0.0029154540
-0.0058394327
0.0101967380
0.0065005646
0.0093157248
0.0049804443
0.0042492982
0.0175135825
-0.0104712999
-0.0056298530
-0.0070821826
0.0091970935
0.0021104475
-0.0063447516
-0.0042523097
0.0014194467
0.0000000000
-0.0007094715
0.0035423346
0.0056417639
0.0097971392
-0.0006966214
-0.0062915272
0.0041987465
-0.0020971696
0.0055827081
-0.0126052089
-0.0084926200
0.0099010710
-0.0063537100
0.0035348216
0.0119257815
-0.0041928783
0.0055866067
0.0034758464
-0.0055671682
-0.0027952499
0.0006995453
0.0069686693
0.0006942034
-0.0083624181
-0.0049105676
-0.0049348003
-0.0049592734
0.0042523097
0.0035298307
-0.0035298307
-0.0128115631
0.0050017968
-0.0078712392
-0.0093829631
0.0086643141
-0.0043227733
0.0014430017
-0.0014430017
-0.0043415408
0.0065052633
0.0007202017
0.0028756310
-0.0101010960
-0.0043604720
0.0029090930
0.0021762794
-0.0036297681
-0.0036429913
0.0043699997
0.0187190491
-0.0245499694
0.0021905814
0.0043668192
-0.0205436425
0.0044378771
0.0007377352
-0.0261501640
-0.0409481695
0.0233837623
-0.0030864222
-0.0030959777
0.0061823999
0.0023085812
0.0068939377
0.0060882989
0.0000000000
0.0022735895
0.0015128596
-0.0030280114
0.0007578629
0.0007572889
0.0000000000
0.0007567159
0.0030211503
0.0075131834
0.0192741326
-0.0066298585
-0.0029607720
0.0066494519
-0.0111071116
0.0051986749
0.0044345971
0.0036805342
-0.0014705885
-0.0007361060
0.0102565002
-0.0080498056
0.0095064701
0.0065288589
-0.0021715535
0.0136741965
0.0028551054
-0.0007130125
-0.0050053733
0.0000000000
0.0050053733
0.0028490048
-0.0035625260
-0.0035752630
-0.0007165891
-0.0014347205
-0.0086518204
-0.0014492756
0.0014492756
0.0014471783
-0.0028964539
0.0036192584
0.0050450557
-0.0057678603
-0.0043478329
0.0050706374
-0.0021699828
-0.0007243753
0.0007243753
-0.0050816806
0.0021810259
-0.0021810259
-0.0014566645
-0.0095203941
0.0036724243
0.0102116132
-0.0050927720
0.0036403389
0.0007264802
-0.0007264802
0.0057971177
0.0014440436
0.0000000000
0.0028818464
0.0007191658
0.0021543994
-0.0137235812
-0.0051039119
0.0051039119
-0.0051039119
0.0051039119
-0.0014556043
-0.0073099741
-0.0014684290
0.0036670375
0.0007317966
0.0000000000
0.0101893167
0.0043352669
0.0021606058
0.0035906681
-0.0100865408
0.0064958727
0.0043072572
0.0042887843
0.0007130125
0.0021359923
-0.0014234878
0.0014234878
0.0106120557
0.0111967580
-0.0013927579
0.0090184448
0.0096220674
0.0000000000
-0.0096220674
-0.0027662535
-0.0055555698
0.0090121927
-0.0013812157
0.0006908463
0.0055096558
0.0034281830
0.0369541545
0.0091924482
-0.0144834658
-0.0079893900
0.0093147713
0.0066006840
-0.0046159001
0.0052735785
0.0032819196
0.0013097579
-0.0013097579
0.0032711838
0.0084553349
-0.0104167609
-0.0059074671
-0.0032970686
0.0111659617
-0.0039267066
0.0039267066
0.0026092644
0.0051981923
-0.0104235471
-0.0072297390
0.0208884879
-0.0195700962
0.0078740564
0.0039138993
0.0084279267
0.0089974900
-0.0025624614
-0.0200848993
-0.0072249904
-0.0013192614
0.0019782400
-0.0139305735
-0.0087219607
0.0047058910
-0.0047058910
-0.0033749610
-0.0033863900
-0.0027173930
-0.0075111312
0.0000000000
-0.0034328904
-0.0075940993
-0.0013869628
0.0020797235
-0.0139472275
-0.0077547093
0.0042372945
0.0105153440
0.0076415794
-0.0139375078
0.0062959285
0.0131626424
-0.0124655354
-0.0147422817
-0.0149628727
0.0014347205
0.0028632804
0.0000000000
-0.0551002382
-0.0182931930
-0.0038535693
0.0244100602
-0.0015082959
-0.0060560367
0.0045454624
0.0015105743
-0.0022667180
0.0000000000
0.0037750139
0.0022581869
-0.0022581869
0.0007532957
-0.0015071593
0.0112487125
0.0074294547
-0.0171710079
-0.0113594557
0.0007613247
0.0030395160
0.0068053193
0.0075075428
0.0059657149
-0.0052180513
-0.0059970195
-0.0030120505
0.0045146804
-0.0015026299
-0.0007521625
-0.0060377542
0.0022684320
-0.0037835838
-0.0060836690
0.0053252313
-0.0007590133
-0.0007595899
-0.0030441424
-0.0015255533
-0.0076628727
-0.0084975405
0.0100348198
-0.0061633477
0.0053950035
0.0015360986
0.0106871246
0.0000000000
0.0007590133
0.0037864491
-0.0007561437
0.0015117161
-0.0007555724
0.0060286543
-0.0007515972
-0.0105821093
-0.0007601673
-0.0015220703
-0.0076452972
0.0061209066
-0.0022909517
0.0053374126
0.0037950710
0.0060423145
-0.0083176283
0.0045454624
-0.0007561437
-0.0015140048
-0.0045558165
-0.0099427205
0.0107034661
0.0090840897
0.0022581869
-0.0037664828
0.0127485791
0.0014892036
-0.0044742804
0.0044742804
0.0125694816
0.0051300955
0.0000000000
-0.0021953906
0.0029261177
0.0000000000
-0.0007307271
0.0000000000
0.0051039119
0.0058013216
-0.0028964539
0.0050633020
0.0007212406
0.0093290953
0.0028530690
0.0070972619
-0.0063852647
-0.0172294284
-0.0197446999
0.0095553833
-0.0036643500
-0.0044150182
0.0080793682
-0.0043988341
-0.0044182693
-0.0029563954
-0.0007404665
-0.0074349785
-0.0014936523
-0.0052454223
-0.0075415139
-0.0007572889
0.0030257209
-0.0068207919
-0.0076336249
-0.0170019551
0.0054411327
0.0100270798
0.0106871246
-0.0129921583
-0.0015396462
-0.0077339906
0.0092736368
0.0053701702
-0.0022979711
-0.0007671654
0.0038299549
0.0068571697
0.0000000000
-0.0083873919
-0.0007659901
-0.0038387763
-0.0030816665
-0.0186921330
0.0101682534
-0.0054623624
0.0046838493
0.0007785131
0.0038835000
-0.0070011955
0.0023391824
-0.0078186481
0.0078186481
0.0192832817
0.0053333460
-0.0045696957
-0.0038240964
0.0076336249
-0.0007607456
-0.0022857153
0.0068415318
-0.0007578629
0.0007578629
-0.0015163005
-0.0038008408
0.0068311461
0.0120302203
-0.0090090699
-0.0052930180
-0.0068467365
-0.0061255934
-0.0038476385
0.0000000000
-0.0023157093
0.0122889411
-0.0045906737
-0.0007671654
0.0000000000
0.0022997327
0.0038211739
-0.0030557701
0.0015290523
0.0000000000
-0.0045941888
-0.0015360986
-0.0077160877
0.0030935833
0.0023139231
0.0152908178
-0.0007590133
-0.0038037322
0.0007619048
0.0015220703
0.0037950710
-0.0076045994
-0.0192684189
0.0046583935
-0.0101207559
-0.0181607834
0.0031821825
-0.0007945968
0.0063391654
-0.0087267511
-0.0096077601
0.0064154190
0.0039888366
0.0087198333
-0.0007895776
0.0047281412
-0.0047281412
0.0007895776
-0.0023706056
0.0007908265
0.0063041974
-0.0015723274
-0.0015748035
-0.0007883327
-0.0047430919
-0.0119570974
0.0008016032
-0.0040144574
0.0064154190
-0.0080257253
-0.0105306765
-0.0057166346
0.0081566521
-0.0380840726
0.0084034108
0.0075031615
0.0074472831
-0.0074472831
-0.0058309203
-0.0075472056
0.0108833222
-0.0041718876
0.0083264428
-0.0066555986
-0.0033444847
-0.0109474778
0.0033812374
0.0025284464
0.0041999222
-0.0332369750
0.0060475346
-0.0147508098
0.0000000000
0.0061002368
-0.0122379150
-0.0132804077
0.0088731727
-0.0070922283
0.0341091221
0.0025762144
-0.0017167386
0.0042863332
0.0000000000
-0.0025695946
0.0008572654
0.0153064213
0.0000000000
0.0008435260
0.0033670065
-0.0042105325
-0.0025348556
0.0033783816
0.0075598848
0.0025073143
-0.0092243841
-0.0093102662
-0.0206192872
0.0332937281
0.0158270692
0.0049464239
0.0187378191
-0.0016155092
0.0396248352
0.0000000000
-0.0023337233
0.0093023927
-0.0061919702
0.0069632777
0.0053825582
0.0159759959
0.0045180800
-0.0197274986
-0.0015337426
0.0068833924
0.0030441424
0.0000000000
-0.0022822376
0.0000000000
0.0106061600
0.0060105365
0.0287949019
-0.0168811348
-0.0074294547
-0.0044843124
0.0052297467
-0.0022379718
0.0000000000
0.0014925376
0.0022346378
0.0007437710
-0.0052180513
-0.0007476636
-0.0044977587
-0.0007515972
0.0082366621
0.0029784088
-0.0044709463
-0.0074962870
-0.0007527287
0.0000000000
-0.0075586150
0.0075586150
-0.0045283096
-0.0091186042
-0.0053578391
0.0068833924
0.0015232295
0.0060698214
0.0022667180
-0.0060560367
-0.0053292855
0.0030487828
-0.0007613247
0.0083428622
0.0135035810
-0.0052297467
-0.0060105365
-0.0015082959
0.0060195818
0.0037439205
0.0000000000
-0.0143020880
0.0030280114
-0.0007561437
-0.0121767106
-0.0030674871
0.0084130515
-0.0007619048
-0.0068833924
0.0045941888
0.0000000000
0.0022892036
0.0053211832
-0.0168199684
-0.0054116870
0.0023228814
-0.0077640142
0.0131631788
0.0053701702
0.0068623983
0.0037921926
-0.0091255386
0.0022892036
-0.0076511467
0.0099351218
-0.0015220703
-0.0045801607
-0.0030651365
-0.0046153928
-0.0054116870
0.0000000000
0.0115608224
0.0030604462
-0.0161728592
-0.0093604428
0.0101365390
0.0084975405
0.0000000000
0.0053701702
-0.0007654038
-0.0007659901
0.0061115545
-0.0007619048
0.0030441424
-0.0022822376
-0.0015243905
0.0015243905
0.0030418274
-0.0030418274
0.0022822376
-0.0030441424
-0.0015255533
0.0000000000
-0.0015278842
0.0060975799
0.0090772182
-0.0030165935
0.0097708406
-0.0022463506
-0.0015003754
0.0022497197
0.0007487833
0.0059701670
-0.0037271754
0.0000000000
-0.0022429916
-0.0029985030
-0.0030075211
0.0007527287
0.0022547924
0.0022497197
0.0067189502
0.0014869891
-0.0022313137
-0.0007448790
0.0022329745
-0.0037243991
-0.0022413158
-0.0037467260
-0.0022547924
0.0000000000
0.0060015184
0.0014947686
-0.0029917749
-0.0030007524
0.0082304991
0.0264721340
-0.0058224328
-0.0029239787
-0.0021986084
-0.0088430937
-0.0014814818
-0.0052025387
-0.0014914246
-0.0112571545
0.0060195818
-0.0060195818
-0.0030234339
-0.0007572889
0.0007572889
-0.0045523599
0.0075757938
-0.0015105743
0.0112740766
-0.0014958866
0.0029895388
-0.0052375728
0.0222561115
-0.0058866984
-0.0088955368
-0.0022363036
-0.0014936523
-0.0059970195
0.0007515972
-0.0045180800
0.0030143203
-0.0067950431
0.0000000000
0.0037807228
-0.0045385857
-0.0007584377
0.0015163005
-0.0022753138
-0.0030418274
-0.0038153423
0.0022909517
-0.0084259403
0.0007689351
-0.0015384618
0.0000000000
-0.0092808091
-0.0038925701
0.0069957534
-0.0046583935
0.0023319093
0.0015515907
-0.0062208599
0.0062208599
-0.0031055926
0.0046547795
0.0084778928
0.0007671654
0.0038270234
-0.0038270234
0.0038270234
-0.0015290523
0.0038182559
-0.0022892036
-0.0038270234
0.0038270234
0.0098822545
0.0112825567
0.0221902596
-0.0036643500
0.0094995234
0.0021794415
-0.0029069788
-0.0014566645
-0.0007291287
-0.0110012111
-0.0007377352
0.0029476808
-0.0088692377
0.0014836798
0.0051756123
0.0160939831
0.0014503266
0.0065005646
-0.0021621630
0.0043196611
-0.0050414223
-0.0021684143
0.0000000000
0.0100792790
-0.0122524055
-0.0131388751
0.0058608226
0.0021889830
0.0021842018
-0.0029133305
0.0043668192
-0.0029090930
-0.0021873869
-0.0014609206
-0.0014630581
0.0043827682
-0.0095203941
0.0000000000
-0.0044247860
0.0007388253
-0.0036995973
-0.0074405105
0.0000000000
0.0052141645
-0.0082059394
0.0014970063
-0.0014970063
-0.0060105365
-0.0068053193
-0.0060882989
-0.0030581064
0.0038211739
-0.0030557701
-0.0022979711
0.0007665773
0.0038240964
0.0106303203
-0.0060606246
0.0037921926
-0.0037921926
0.0000000000
0.0037921926
-0.0007572889
-0.0007578629
0.0045385857
-0.0022667180
-0.0045489085
0.0015186032
0.0007584377
0.0052930180
-0.0045351552
-0.0037950710
0.0030372081
-0.0037979537
-0.0007613247
-0.0015243905
-0.0061209066
0.0030651365
0.0083810014
0.0015163005
0.0052890188
-0.0030188702
0.0000000000
-0.0015128596
-0.0022735895
0.0000000000
0.0007584377
-0.0022770408
0.0037921926
-0.0037921926
0.0015186032
-0.0030395160
0.0030395160
0.0015163005
0.0045351552
0.0134833503
-0.0029806281
0.0022363036
0.0051986749
-0.0037105794
-0.0082120656
0.0037411192
0.0037271754
0.0110988931
0.0007355646
-0.0081211225
-0.0022263460
0.0007426662
0.0125416620
-0.0058823699
0.0000000000
-0.0022148403
0.0110254700
-0.0051300955
0.0022018358
-0.0044085303
-0.0022115748
0.0029476808
-0.0081271227
0.0139965453
-0.0132549805
0.0029607720
-0.0104012825
0.0000000000
0.0022379718
0.0029761927
-0.0104556591
0.0059880418
-0.0029895388
0.0052258424
-0.0059746257
-0.0075188324
-0.0007550019
0.0007550019
0.0007544323
0.0037636476
0.0015015018
0.0014992507
-0.0052572408
0.0022564884
0.0082304991
0.0052025387
0.0059128036
0.0051451786
-0.0147713173
0.0029717704
0.0073910166
0.0153455697
0.0101010960
-0.0007181329
-0.0072098366
0.0043321367
0.0043134503
0.0021497679
-0.0035855184
-0.0043196611
0.0021621630
-0.0028839241
0.0050414223
0.0114286958
0.0028368813
0.0014154284
-0.0035423346
-0.0035549273
-0.0021390382
0.0021390382
0.0056818335
-0.0049698363
-0.0021375142
0.0000000000
0.0007130125
-0.0057183858
0.0071428875
0.0155370357
-0.0063269104
0.0091260725
-0.0013986016
-0.0028030852
-0.0063358184
0.0084388686
0.0034952849
-0.0020957046
0.0027932979
-0.0013956736
-0.0020971696
0.0083624181
0.0027720045
-0.0055517145
0.0020855065
-0.0041753714
-0.0020942416
-0.0013986016
0.0020971696
0.0013956736
0.0131626424
0.0116320162
-0.0047732788
0.0013661204
0.0095109413
0.0253685166
0.0091864163
-0.0026160904
-0.0085498712
0.0118189163
0.0045587835
-0.0019512201
0.0064893154
0.0019386113
-0.0123418260
0.0000000000
0.0019588645
0.0090909717
0.0019373593
-0.0038784793
0.0077419742
0.0083200480
0.0044515177
-0.0179262163
0.0070808149
0.0121136323
-0.0012682310
0.0019017438
-0.0153161896
-0.0090439893
-0.0130635431
0.0065531034
-0.0111659617
0.0150773095
0.0025990918
-0.0032499216
-0.0091563753
0.0006568145
0.0045856615
-0.0045856615
0.0013123361
0.0104371463
-0.0045528534
-0.0045736767
-0.0151768007
0.0000000000
-0.0060020187
-0.0080591437
0.0040376905
0.0106881445
-0.0019953449
0.0013306722
-0.0113675580
0.0107024433
0.0006651148
0.0046434578
0.0026437557
0.0019782400
-0.0013183918
-0.0013201322
0.0059269189
-0.0059269189
0.0072392550
0.0078380545
0.0019499519
-0.0071684895
-0.0006542362
0.0084718656
0.0045322188
0.0083628664
0.0089286307
-0.0025429130
-0.0083094118
0.0140218996
0.0044205945
-0.0031555722
0.0031555722
-0.0139596176
-0.0032000027
0.0032000027
0.0019150979
0.0019114373
0.0095027639
0.0175004466
0.0080222584
-0.0142373188
-0.0031220756
0.0118123848
-0.0074442031
0.0037290286
0.0111043707
-0.0030721990
0.0061349886
0.0006114338
-0.0116816576
-0.0143260002
0.0099875986
-0.0143887375
-0.0075901693
0.0000000000
0.0063291351
-0.0037926721
0.0025300456
-0.0050665086
-0.0082882209
0.0000000000
-0.0090032762
-0.0123498482
0.0065189279
-0.0019512201
0.0058422756
-0.0006474587
-0.0045439870
0.0013003903
0.0006495616
-0.0019499519
0.0064851070
0.0122070260
-0.0298142627
0.0246926126
0.0070355263
0.0276573254
-0.0162503576
-0.0158783901
0.0057453079
0.0107630036
0.0006295247
0.0143707565
0.0049505052
-0.0030911926
-0.0137159257
0.0000000000
0.0012547053
0.0056267732
0.0049751346
0.0129431699
0.0073215702
0.0030349037
0.0030257209
-0.0091047670
0.0048661897
0.0054463070
0.0131896397
-0.0101766817
0.0107720970
0.0071174678
-0.0053333460
0.0005940006
0.0000000000
0.0029647220
-0.0113130114
-0.0011983225
0.0011983225
-0.0138681752
0.0042411454
-0.0066727575
0.0078812169
0.0084185705
0.0113130114
0.0070796756
0.0029351357
0.0110756014
-0.0040662269
-0.0052524194
0.0104773950
-0.0110627038
0.0005853088
0.0052524194
-0.0134780827
0.0099795369
0.0029163042
-0.0058411381
-0.0052863559
0.0134544293
0.0258115850
0.0207348420
0.0197700014
0.0145751568
-0.0069911551
0.0112692365
0.0095592868
0.0105153440
-0.0099869424
-0.0224368386
0.0043126751
-0.0026932416
0.0005392289
-0.0113853222
0.0124629085
-0.0005386480
-0.0146542650
-0.0198791748
0.0011148273
0.0094261857
-0.0166948786
-0.0056274769
-0.0073633864
0.0090549572
-0.0016915707
0.0073095630
-0.0101352219
0.0162787765
0.0049986219
0.0082759093
-0.0022002209
-0.0060756884
-0.0011086476
-0.0022209893
-0.0083729208
0.0055897295
-0.0022321438
-0.0101067677
0.0073095630
-0.0078740564
-0.0050948313
0.0179982361
0.0072202480
0.0005532504
0.0055157338
0.0098522964
0.0016326534
-0.0076419586
0.0005477951
0.0087241557
0.0005427409
0.0043313549
0.0010799137
0.0096671000
0.0021356121
-0.0010672360
-0.0064274458
0.0106895727
0.0158231149
0.0196897553
-0.0061760361
0.0015475887
-0.0056862392
0.0113403277
-0.0030800846
0.0127715657
0.0010147134
-0.0179078718
-0.0015499874
0.0066993294
-0.0051493420
0.0046355993
-0.0067027835
-0.0025900040
-0.0036373124
0.0088106297
0.0005158628
0.0102617627
-0.0046047664
0.0046047664
0.0081342594
-0.0005064573
0.0045489085
-0.0081013101
0.0260927999
-0.0054631375
-0.0029925209
0.0004993758
0.0034886654
-0.0150378774
-0.0116841563
0.0030612269
-0.0112706111
-0.0072389148
0.0015556135
0.0077419742
0.0046165766
-0.0020491810
-0.0082389755
0.0235064477
-0.0152674721
0.0015372793
-0.0343783855
0.0110673066
0.0015710922
-0.0026198600
-0.0110789843
0.0042350513
0.0167630955
-0.0010395011
-0.0046911736
-0.0099764545
0.0224376749
-0.0010325246
0.0036091815
-0.0082687810
0.0062079868
-0.0166410496
0.0171566465
0.0041152321
-0.0015412281
0.0102302683
-0.0056136917
0.0071392450
-0.0040733254
-0.0071684895
0.0097162616
-0.0076628727
-0.0097913691
-0.0077983239
0.0000000000
-0.0094389794
-0.0010542964
-0.0026406142
-0.0197603225
-0.0256774555
0.0126479552
0.0108696722
-0.0285107030
0.0000000000
0.0077562716
-0.0066445427
-0.0055710450
0.0044593162
0.0121615650
-0.0005496016
0.0103911244
0.0021739139
-0.0065359710
-0.0038324712
-0.0132525407
-0.0264729625
-0.0074477571
0.0154068668
0.0134985177
-0.0016773837
-0.0016802020
0.0139161723
-0.0038770472
-0.0066815393
0.0351298473
-0.0032414939
-0.0136204775
0.0130792055
0.0032432461
-0.0103065735
0.0038095284
-0.0114724012
-0.0027510334
-0.0144286632
-0.0152072770
0.0101638368
-0.0181410871
0.0000000000
0.0102448249
-0.0108170710
0.0039988628
-0.0039988628
0.0079817984
0.0241245921
0.0066298585
0.0087719861
-0.0032804841
-0.0060423145
-0.0341865738
0.0045506336
0.0056593247
-0.0056593247
0.0073508954
-0.0011273958
0.0195482349
0.0088106297
0.0038303740
-0.0016397927
-0.0005471956
-0.0043883779
0.0120220027
-0.0043549334
0.0010905126
0.0000000000
-0.0054644945
-0.0005480954
0.0043763746
0.0021810259
0.0038053865
-0.0081722057
0.0016397927
0.0032715405
-0.0016344324
0.0016344324
0.0005442177
-0.0043620571
0.0097880064
0.0048583092
-0.0064830049
-0.0010845988
-0.0016291071
-0.0005436260
0.0059636935
0.0043150013
0.0085745434
-0.0021367529
0.0095796369
0.0042283361
-0.0090066834
-0.0015978698
-0.0037383221
-0.0053648197
0.0197076951
-0.0106045532
0.0079639391
-0.0068984089
-0.0015987214
0.0058495248
0.0026476055
0.0042216422
0.0026295045
-0.0005253481
-0.0026308881
0.0052548728
0.0078308936
-0.0005201561
-0.0036486879
-0.0104987841
0.0120641379
-0.0026102860
0.0114346360
0.0077220461
-0.0041110027
-0.0072351737
-0.0025967296
0.0015588468
-0.0067726229
-0.0020931457
-0.0052521129
-0.0121855812
-0.0161207145
-0.0032555645
0.0005433306
-0.0043549334
-0.0065681681
0.0010976950
-0.0049491440
-0.0011031441
-0.0016570012
0.0011049725
0.0016551728
-0.0049737599
-0.0066703972
0.0187850828
-0.0082440698
0.0082440698
0.0054585288
0.0102898281
-0.0043196611
-0.0086957070
-0.0159563220
0.0055309876
0.0082395413
-0.0132160514
-0.0156427771
-0.0022547924
0.0005641749
0.0061850071
-0.0050576112
-0.0028208763
-0.0022624444
0.0107013130
-0.0016820862
-0.0022471920
-0.0016887142
0.0050576112
0.0022396426
-0.0022396426
-0.0061850071
0.0022535221
0.0022484551
-0.0067605891
0.0050747219
-0.0124506419
-0.0062839396
-0.0080552795
0.0046109592
0.0017236431
0.0136832238
-0.0034032931
0.0011357185
0.0050948313
-0.0251585596
0.0109416583
0.0045714365
-0.0034266167
0.0034266167
0.0096454649
0.0078740564
-0.0022434109
0.0094999317
0.0038856557
0.0005538632
-0.0022172958
0.0049820197
-0.0049820197
0.0077391210
0.0016506194
-0.0049600543
-0.0072082375
-0.0061401253
-0.0118277921
-0.0154156635
0.0080229657
0.0124788914
-0.0182030055
-0.0005742176
-0.0103927032
-0.0029061340
-0.0023310034
-0.0111470793
-0.0017714796
-0.0065224068
0.0000000000
0.0077037418
-0.0047337367
-0.0059488575
-0.0065848786
0.0000000000
-0.0018034270
-0.0114978574
-0.0018275972
0.0048661897
0.0072551709
0.0048077016
-0.0242730364
0.0224728559
-0.0006007810
-0.0127005033
-0.0097860108
0.0030684283
0.0036697289
-0.0055096558
-0.0030740879
-0.0236771185
0.0143977448
0.0074303747
-0.0012345681
0.0006174745
-0.0006174745
0.0024676138
-0.0043223284
-0.0162199439
0.0143617829
-0.0112220629
0.0000000000
-0.0006271559
0.0062539291
-0.0012476608
0.0031162381
-0.0156792174
-0.0025316469
0.0037950710
-0.0146266519
-0.0083628664
0.0064391723
0.0076726719
0.0019090047
0.0031735983
-0.0082723984
0.0082723984
0.0000000000
0.0075757938
0.0000000000
-0.0018885747
0.0044011388
-0.0018838310
0.0062656847
0.0031181815
0.0000000000
0.0043491836
0.0037128756
0.0000000000
-0.0006178561
-0.0018558620
0.0055572851
0.0043010819
-0.0030703125
-0.0006151953
0.0006151953
0.0006148171
0.0030684283
0.0000000000
-0.0012262417
0.0200431854
-0.0096677490
0.0096677490
-0.0024081890
-0.0030184146
0.0000000000
0.0036210058
0.0030075211
-0.0006007810
-0.0018045118
0.0060024190
-0.0078101929
0.0042130667
0.0107527918
-0.0071556656
0.0124890116
0.0094118342
-0.0052832527
-0.0047197728
-0.0041481541
0.0094563352
0.0046948443
0.0046729057
-0.0040875969
-0.0023432934
-0.0064725145
0.0023584917
-0.0124446050
-0.0023880608
0.0077404376
-0.0101342149
-0.0102379696
0.0030220633
0.0143801160
0.0053396745
-0.0017767254
-0.0137274612
0.0024009615
-0.0187600055
-0.0067422873
0.0042958029
0.0048869981
-0.0042748157
-0.0036787289
0.0000000000
-0.0043090248
0.0079877537
0.0024449890
-0.0091996969
0.0000000000
-0.0024676138
-0.0055744957
0.0024813909
0.0171994412
0.0000000000
0.0048602769
-0.0072993025
0.0036563112
-0.0042669982
0.0018309434
-0.0073439743
0.0079535445
0.0157197917
0.0077681896
-0.0083682497
0.0071770643
0.0005957701
-0.0005957701
-0.0029841860
0.0000000000
0.0005975501
-0.0035906681
-0.0005997002
-0.0012004803
-0.0012019232
-0.0018055978
0.0024067400
0.0059916297
0.0005971932
0.0041703963
0.0005943537
0.0035587226
0.0251401723
0.0023068061
0.0160003413
0.0140728469
-0.0169113388
0.0135518731
0.0061504248
0.0027831913
-0.0022259330
0.0193109449
0.0103289856
-0.0086909835
0.0081500044
0.0000000000
-0.0097880064
0.0065359710
0.0193554430
0.0226385030
-0.0136270453
-0.0068837974
0.0231102722
0.0036278869
-0.0067480142
0.0067480142
0.0030991760
0.0056569963
-0.0103093697
0.0250716637
-0.0188732968
-0.0103520593
-0.0052164959
0.0186533906
0.0040983664
0.0091603694
-0.0050787311
0.0040650462
0.0080808521
0.0005028916
0.0035131780
0.0188591197
0.0131870043
0.0130153681
0.0066826024
0.0113530075
-0.0199531560
-0.0014405765
-0.0019240025
0.0133909222
-0.0009505704
-0.0071582267
0.0052543708
0.0009523810
0.0165214992
-0.0141445074
0.0047371003
0.0009447332
0.0042402890
-0.0018823535
0.0107754615
-0.0037348316
0.0102374091
0.0151622477
-0.0022825849
-0.0087216527
-0.0143954192
0.0051318051
0.0279898979
-0.0086344549
0.0327750997
-0.0336883418
0.0063752493
0.0027198566
-0.0178127569
-0.0060088001
0.0013898543
-0.0168071183
0.0428538273
0.0143307423
-0.0049030631
-0.0139484826
0.0067735639
-0.0022527606
-0.0095174070
0.0000000000
0.0040899853
0.0018124155
-0.0086383806
0.0077325834
0.0121595734
-0.0004477278
0.0000000000
-0.0103534573
0.0054151757
-0.0117701676
-0.0013670542
-0.0105433019
-0.0064725145
-0.0135421168
0.0042223849
0.0194721034
-0.0050633020
0.0128383240
-0.0077750220
-0.0022983232
-0.0055376237
-0.0107002649
-0.0018726597
-0.0117842514
0.0018948371
-0.0014207911
0.0056710927
0.0037629395
0.0074836645
-0.0032672141
0.0079162229
-0.0079162229
0.0037330888
0.0000000000
0.0018613314
-0.0145167616
0.0047058910
0.0000000000
0.0467760648
0.0155593270
0.0269816194
0.0308627328
-0.0151009581
0.0012671596
-0.0131720621
0.0004276246
0.0118998429
-0.0170434462
0.0025751087
0.0110828074
-0.0046738985
0.0059448158
0.0226045623
0.0143828245
-0.0102522940
-0.0204046221
-0.0127012715
-0.0021326517
0.0021326517
0.0148025541
0.0145866308
0.0008271299
-0.0221534661
-0.0021155075
-0.0063735079
0.0042535156
-0.0004245383
0.0055049896
0.0025305792
0.0016835021
0.0025199509
0.0033500869
-0.0012549677
0.0037601883
-0.0029233681
0.0050062683
0.0004160599
0.0103456333
-0.0153498139
-0.0109290705
0.0100926004
-0.0147526385
-0.0093857344
0.0161568140
-0.0131608777
-0.0021390382
-0.0424292812
0.0177152551
0.0096112579
-0.0082951796
-0.0127952330
-0.0102656559
0.0026881737
0.0026809668
-0.0062668065
-0.0063063272
0.0116802765
0.0035666556
-0.0089406049
0.0049272216
0.0031229113
0.0189725523
-0.0163035116
0.0180502369
-0.0039344313
-0.0105681301
-0.0039920213
-0.0071365156
-0.0040367850
0.0004493372
0.0031397200
-0.0044883379
-0.0122201113
-0.0160664461
0.0064575870
-0.0009199633
-0.0087821225
-0.0037209345
0.0083527168
0.0018467226
0.0128324401
-0.0073126468
0.0159275267
-0.0067950431
-0.0054694758
-0.0027459971
0.0018315023
-0.0073462222
-0.0004609357
0.0160076594
-0.0072860067
-0.0151971610
-0.0009285052
-0.0032565742
0.0088147172
0.0027675294
0.0119049025
0.0022732449
0.0049830228
-0.0045289932
0.0184399198
0.0124005132
0.0026373642
-0.0079330517
0.0052956876
-0.0030857419
-0.0022099457
-0.0071048256
0.0185435777
0.0233473640
0.0356805950
0.0065762670
-0.0127810439
0.0082645098
0.0159219530
0.0004049403
0.0016181233
-0.0012133470
-0.0060889167
0.0089177729
0.0341167559
0.0257954630
-0.0153201005
0.0026980167
-0.0120040164
-0.0097867291
0.0093970934
-0.0035135699
0.0081792082
-0.0050554259
0.0162416563
-0.0123506008
-0.0371878294
0.0120193755
-0.0108109161
-0.0040338901
-0.0109734895
0.0117815704
-0.0064830049
0.0149286614
-0.0036108364
-0.0129451646
0.0434244683
-0.0224728559
0.0051700254
0.0079020561
-0.0174676930
0.0103586584
0.0153395338
-0.0031274459
-0.0114196949
0.0219358580
0.0184266250
-0.0199776141
-0.0066186732
-0.0205216357
-0.0100181162
-0.0252868286
-0.0016535762
0.0045407715
0.0073861641
-0.0065627799
-0.0061919702
0.0086580627
0.0012307694
0.0138438693
-0.0056772253
0.0020312824
-0.0205009230
0.0053708041
-0.0120208701
0.0033305609
-0.0180336193
0.0101053492
0.0062643763
-0.0029184928
-0.0033458835
-0.0130720816
0.0164179651
-0.0067029995
-0.0063251318
0.0159466241
0.0214176226
0.0028484251
-0.0028484251
-0.0049019706
0.0270668917
-0.0080032440
0.0099940868
-0.0132134055
0.0207426663
-0.0259962650
0.0299363804
0.0202420302
-0.0190630165
0.0198334325
-0.0088958235
0.0154205060
0.0041992808
0.0121167707
0.0045062036
-0.0097892348
0.0022675747
-0.0060583298
-0.0149227946
-0.0054116870
-0.0027168656
0.0027168656
-0.0073915917
0.0035080917
-0.0003891808
0.0162165716
-0.0046065341
0.0065196779
-0.0146325291
0.0003878224
-0.0058331878
-0.0224817199
-0.0068041087
-0.0020100509
0.0072173529
-0.0044044115
0.0032051309
-0.0052135671
0.0032115644
-0.0056270245
0.0036210058
-0.0048309273
0.0004034698
-0.0064751339
0.0036474205
0.0044399669
0.0000000000
0.0084219467
-0.0023990415
-0.0024048108
-0.0100827634
-0.0138777737
0.0036923119
0.0109958347
0.0566857762
0.0121720788
0.0356517520
-0.0143305778
-0.0014814818
0.0081211225
-0.0058997221
-0.0033339538
-0.0108189826
0.0048643688
-0.0089989359
-0.0079410514
-0.0099199593
-0.0061538656
0.0073035112
0.0030592758
-0.0076658099
-0.0050144753
-0.0058173521
0.0054305797
-0.0077670293
-0.0019512201
0.0038986404
0.0050456152
0.0030923875
0.0038520849
-0.0019241876
0.0053784225
0.0034423442
-0.0030592758
0.0000000000
0.0026773778
0.0034318432
0.0003805899
-0.0041944771
-0.0119163432
-0.0015479879
0.0038654861
-0.0027042705
-0.0030995763
-0.0031092135
-0.0039001610
0.0027317090
-0.0074320702
-0.0019650232
0.0023575649
0.0066497409
0.0000000000
-0.0015606714
-0.0023455836
0.0116732843
0.0057859371
0.0148886125
-0.0118164135
-0.0084713637
0.0073203949
0.0015343309
-0.0100154920
-0.0120741486
0.0220896407
0.0015319804
-0.0092272858
-0.0023201867
0.0007739938
-0.0124563697
-0.0225796878
0.0079808883
-0.0087824916
-0.0218898080
0.0077567239
-0.0032586587
-0.0028600632
0.0044907199
-0.0048999690
0.0020445724
-0.0049140148
-0.0041135393
-0.0241980935
-0.0200475897
-0.0030204985
0.0124545308
-0.0017086719
-0.0055734335
0.0098396516
-0.0102696666
-0.0034467936
0.0081668195
-0.0038601806
-0.0090654625
0.0043271379
-0.0021612284
-0.0043365202
0.0206458946
0.0033999183
0.0238954987
-0.0053998054
0.0115943328
-0.0049525483
0.0070088928
-0.0111548358
0.0016604404
0.0107261754
-0.0024650793
0.0081934092
0.0048840146
-0.0093820798
-0.0107129166
-0.0012435235
0.0037259410
0.0082304991
0.0040899853
-0.0098442140
-0.0078626517
0.0045595934
0.0024783160
0.0061690510
-0.0004100882
-0.0004102564
-0.0053487064
-0.0045482816
0.0082542772
-0.0020571906
0.0049301661
0.0044980652
-0.0081934092
-0.0045351552
0.0082304991
-0.0181973591
-0.0054404821
-0.0021003998
-0.0021048208
0.0050441469
-0.0067311992
0.0084069432
0.0153689422
-0.0016501654
-0.0008261050
0.0004131378
-0.0103799977
-0.0113327551
0.0054725458
0.0029343974
0.0045938690
0.0730955551
-0.0124709333
-0.0282381061
-0.0016148570
0.0036297681
0.0052198472
-0.0194102333
0.0032613156
0.0129399298
0.0143600393
-0.0023790654
-0.0220759517
-0.0130720816
-0.0012343141
-0.0016481256
-0.0057899252
0.0020716809
-0.0087300492
-0.0176921211
-0.0055401804
-0.0004274418
0.0034144293
-0.0012790452
0.0127174245
-0.0174213031
0.0012850719
0.0021381235
0.0017072134
-0.0017072134
-0.0111685010
0.0077453055
-0.0034349540
0.0017189519
0.0051391976
0.0000000000
-0.0047099209
-0.0173164500
0.0021810259
0.0129871955
0.0008598453
0.0021463842
0.0068376335
-0.0046958464
-0.0025706955
0.0029985030
-0.0008557981
0.0017108644
-0.0103093697
-0.0025940352
0.0043196611
0.0085837437
-0.0012828738
0.0000000000
-0.0004279906
0.0004279906
-0.0008561644
0.0034202684
-0.0021362965
0.0055449065
0.0126797979
-0.0012607692
-0.0012623608
0.0054587580
-0.0025157246
-0.0012602396
-0.0033684242
0.0004216741
0.0067227144
-0.0063012181
-0.0033769555
0.0059022094
0.0100377254
-0.0058430884
-0.0100968464
0.0050611664
-0.0033712632
0.0033712632
0.0025210097
-0.0075821762
-0.0004229224
0.0025348556
-0.0084746270
-0.0124172009
-0.0021565676
0.0025873236
-0.0060475346
0.0004331817
-0.0091364569
-0.0013120492
0.0043668192
0.0275049569
0.0092827671
-0.0092827671
-0.0076596119
-0.0077187347
-0.0008613265
-0.0103942036
0.0000000000
-0.0069899804
-0.0021944270
-0.0079400505
0.0092572845
0.0008771930
-0.0163539556
-0.0076045994
0.0022426562
0.0089206658
-0.0044503856
0.0141720707
0.0165725555
0.0008646780
0.0068906388
0.0025717974
0.0029920946
-0.0085727057
0.0055806112
0.0008557981
-0.0047159787
-0.0073323598
-0.0192313619
0.0317073250
-0.0072946043
-0.0165005915
0.0074155193
0.0013029318
0.0000000000
0.0008676790
0.0120691120
0.0051282164
0.0042535156
-0.0034013638
-0.0064089089
0.0064089089
-0.0025586368
-0.0004270767
0.0008539710
-0.0055638919
0.0029997880
-0.0038585257
0.0000000000
0.0055686586
0.0017072134
0.0029806281
-0.0046878415
0.0076596119
0.0076013880
0.0025210097
-0.0058922729
0.0021083710
-0.0012644891
0.0063065166
-0.0037791353
0.0008410429
-0.0016827938
-0.0021074823
0.0071473922
0.0029282598
-0.0143039881
-0.0029705093
-0.0012757816
-0.0085470606
-0.0047322093
0.0047322093
-0.0021482285
-0.0017219117
0.0064419377
-0.0025717974
-0.0034393843
-0.0017241384
-0.0099719014
-0.0211368503
-0.0013360055
0.0013360055
-0.0071460778
-0.0017945272
0.0093855438
0.0013336299
0.0013318537
-0.0098083711
-0.0008964590
0.0053667392
0.0031173483
0.0004445432
0.0017761994
0.0035429621
-0.0035429621
0.0236749330
-0.0078295311
-0.0030614500
-0.0026315805
0.0030695047
0.0143449537
-0.0082340660
-0.0345319835
0.0013504391
-0.0009000901
-0.0036084838
0.0112335488
0.0040133833
0.0026666682
-0.0111583394
0.0058178728
-0.0053691404
0.0058152702
0.0013371965
0.0008904720
-0.0022276686
-0.0040223518
-0.0071910422
0.0000000000
0.0018026143
0.0013498315
-0.0045065421
0.0045065421
-0.0004497414
-0.0022517461
0.0000000000
0.0004507550
-0.0054225167
0.0067735639
-0.0058677668
-0.0009057972
-0.0081893087
0.0072826904
0.0045248946
0.0049538494
-0.0026990570
0.0035971262
0.0026893786
0.0004475274
0.0013413818
0.0031229113
-0.0031229113
-0.0044782878
0.0008972634
0.0022396426
-0.0049338517
0.0013480119
0.0049272216
-0.0062752335
0.0044863243
0.0013419819
0.0017865123
-0.0049206093
-0.0040440406
-0.0013516560
0.0018018023
0.0026966308
0.0000000000
0.0080465343
0.0000000000
-0.0031215187
-0.0044762832
0.0111533612
0.0022158219
-0.0057713812
0.0013348167
-0.0035634782
-0.0004463290
0.0071174678
0.0136475814
0.0113044682
-0.0060711375
0.0065033830
-0.0104258112
0.0086957070
0.0043196611
-0.0051858370
-0.0034722257
0.0043384016
-0.0052083451
-0.0030507760
0.0086919278
-0.0021659094
-0.0004337454
0.0073482068
-0.0051813587
-0.0082591211
0.0121476548
0.0025839808
0.0017189519
0.0149161086
0.0004229224
-0.0008460237
0.0004231013
0.0000000000
-0.0050890695
0.0080457770
-0.0038030893
-0.0179415321
-0.0117061818
0.0013074746
0.0000000000
0.0008707010
0.0043421692
0.0000000000
-0.0039071029
0.0056387050
-0.0025985290
-0.0039104981
0.0034767527
0.0129312147
0.0021390382
-0.0047119385
0.0034290647
0.0068230542
-0.0034057078
-0.0012801367
-0.0012817776
-0.0004276246
-0.0004278075
0.0110639426
0.0059071902
-0.0059071902
0.0025359270
-0.0029592074
-0.0008470987
-0.0025456102
-0.0089610158
0.0008568981
0.0089533747
0.0008485363
-0.0004241782
0.0042337066
0.0025316469
0.0000000000
0.0037854935
-0.0012602396
-0.0004204331
0.0025199509
0.0004193751
-0.0008389262
-0.0029417966
-0.0004209640
0.0008417509
-0.0004207869
0.0008413968
-0.0071745402
-0.0038192281
0.0042426877
0.0046462597
0.0033655901
0.0054450396
0.0099751451
0.0000000000
0.0090572871
0.0028647452
0.0073290230
-0.0097840161
0.0081599800
0.0024350661
0.0016200895
0.0028288562
-0.0060716641
-0.0036607728
-0.0032653090
0.0012257407
-0.0040916587
-0.0028741551
0.0012327924
0.0028706192
0.0061237179
-0.0032613156
0.0036682332
0.0101194954
0.0068232253
0.0067769843
0.0023809535
-0.0107592192
0.0079808883
-0.0007952287
-0.0003978516
-0.0047866067
0.0015980826
0.0075562101
-0.0031746058
-0.0027860715
0.0007968128
0.0031809172
0.0102686526
0.0043128865
-0.0110150602
0.0011860053
0.0011846003
-0.0131084300
-0.0003999200
-0.0064205678
-0.0076783566
0.0052599757
-0.0008074284
0.0008074284
0.0064360641
-0.0040176832
0.0000000000
0.0028140722
-0.0028140722
0.0004024955
0.0032141450
-0.0100786985
-0.0012162985
0.0084831856
-0.0048387191
-0.0044561548
0.0000000000
0.0028380315
-0.0020263431
-0.0110137764
-0.0024640670
-0.0066006840
-0.0066445427
0.0016652793
0.0020777070
0.0057947182
-0.0045501630
0.0016570012
0.0037182443
0.0012363488
0.0028788833
-0.0094904777
-0.0008295314
0.0029003542
-0.0024855025
0.0082610961
-0.0028836271
0.0078077241
-0.0115275052
-0.0108244188
-0.0271548293
0.0072852261
0.0008536065
-0.0034188067
-0.0051502260
0.0042936949
-0.0042936949
-0.0025850941
-0.0043233963
0.0077687055
0.0034334798
0.0008565311
0.0102215541
0.0096985791
-0.0088514803
-0.0016949157
-0.0025477721
-0.0038338705
0.0012795907
-0.0021335617
-0.0017101330
0.0072479533
-0.0055378203
0.0029857135
0.0084818151
0.0025305792
-0.0063384958
0.0021172991
-0.0021172991
-0.0046738985
-0.0046958464
0.0034173463
0.0004263483
0.0059498688
-0.0042462909
0.0033984740
0.0004239983
0.0046521547
-0.0025348556
-0.0059397714
0.0021253993
-0.0042553256
0.0021299263
-0.0081179681
-0.0025773210
0.0072852261
0.0059600006
0.0000000000
-0.0093817319
-0.0025740040
-0.0064641466
-0.0012978587
-0.0052083451
0.0000000000
-0.0034873619
0.0030521061
0.0047774249
-0.0108909811
0.0039344313
0.0232869514
-0.0004263483
0.0101825233
0.0175736740
-0.0049896153
-0.0037586179
0.0050083577
-0.0025010434
0.0070701064
-0.0029051691
-0.0050000104
-0.0058651195
0.0079514962
0.0111918267
0.0008240627
-0.0028871952
-0.0008264463
0.0049484637
0.0016440612
0.0008210181
0.0049120033
-0.0032719866
0.0065333021
0.0012202564
-0.0028495847
0.0028495847
-0.0008133388
0.0048701395
-0.0024321050
0.0028368813
0.0024252235
-0.0028299999
-0.0081301261
0.0065093802
-0.0044706435
-0.0048999690
0.0130136037
-0.0056726246
-0.0065226485
-0.0086260547
-0.0153817209
-0.0020968764
0.0025157246
-0.0130665716
0.0016956341
0.0012698414
-0.0097769110
-0.0008547009
0.0004274418
0.0012812302
0.0051085679
0.0008488965
-0.0029742958
0.0067854374
-0.0067854374
0.0000000000
-0.0025564564
0.0000000000
0.0021308340
0.0017014041
-0.0008503402
-0.0102608852
-0.0034438260
-0.0021584295
0.0073197313
-0.0051613018
-0.0012944986
0.0107366288
0.0008539710
0.0012795907
-0.0034158872
-0.0038568721
-0.0004294610
0.0051413995
-0.0004274418
0.0000000000
-0.0021399537
0.0029946546
-0.0034231955
0.0025684946
0.0000000000
-0.0021399537
0.0038486257
-0.0025641040
-0.0004279906
-0.0064419377
-0.0004309416
-0.0030218024
0.0004322455
0.0008639309
0.0012944986
-0.0034557270
-0.0004328068
-0.0043384016
0.0060685058
0.0025895569
-0.0008624408
-0.0030244136
-0.0017323521
0.0025974041
-0.0056362603
-0.0282205676
0.0000000000
-0.0116960398
0.0045146804
-0.0013522653
-0.0214277631
-0.0157922465
-0.0028129414
0.0032809966
-0.0122412075
0.0113048778
-0.0065789711
0.0107855676
0.0051174803
-0.0069848945
-0.0079756463
0.0018823535
-0.0018823535
0.0023523888
-0.0042382922
0.0135928974
0.0060339009
-0.0032444988
0.0055555698
-0.0027739269
-0.0051056040
-0.0070044648
0.0107202145
-0.0046468485
0.0027906995
0.0156685233
-0.0018306641
-0.0009165903
-0.0013764627
0.0032088040
-0.0018323413
0.0022899025
-0.0009153319
0.0022867607
-0.0018289900
0.0063868830
-0.0128148207
-0.0032295299
-0.0037037079
0.0073937490
0.0022993802
-0.0027598914
-0.0083256725
0.0004643604
0.0060171438
-0.0060171438
-0.0107352256
0.0037470770
0.0134666535
0.0032235810
-0.0027624327
0.0009216591
0.0013808978
0.0013789936
0.0009182737
-0.0018373914
-0.0083102971
0.0156396932
-0.0068697316
0.0022951582
0.0050308819
-0.0018264845
-0.0009144948
-0.0022899025
-0.0078251262
0.0009237876
-0.0013860016
-0.0092894305
-0.0051462102
0.0065451379
-0.0084230727
-0.0113422766
0.0071039844
-0.0109135128
0.0004769855
-0.0004769855
0.0000000000
-0.0019102203
-0.0081593925
0.0067243289
-0.0023963587
0.0062186280
-0.0047801238
-0.0213083123
-0.0227732614
0.0276560836
-0.0068426464
-0.0073837402
0.0088539683
-0.0088539683
-0.0069410294
0.0162845938
0.0034204773
0.0004876859
0.0024348685
-0.0073224638
-0.0034355862
0.0004915213
0.0004912798
0.0024527851
-0.0088583256
-0.0094363750
0.0074571561
0.0137729673
0.0043870409
-0.0058536753
0.0077973105
0.0130216453
0.0123811105
-0.0004733728
-0.0056980211
-0.0028612323
0.0047641824
0.0004751723
0.0018984344
0.0000000000
-0.0028490048
-0.0009514749
0.0042745256
-0.0023724804
-0.0004751723
0.0000000000
-0.0038095284
-0.0004772131
0.0042867415
0.0023736066
-0.0038004796
0.0009514749
-0.0023803867
0.0000000000
-0.0014309566
-0.0038259253
-0.0009587728
-0.0024009615
0.0024009615
0.0004795013
0.0057361534
0.0000000000
-0.0028639638
-0.0043113839
-0.0062605550
0.0000000000
0.0014482262
0.0014461318
0.0000000000
-0.0038610087
0.0033791970
-0.0038628730
-0.0019370466
0.0004846135
-0.0029112102
-0.0043827682
0.0150160245
0.0062305498
0.0028625974
0.0108979994
-0.0033042277
0.0009451797
0.0023590480
0.0018832397
0.0014101060
0.0176913366
0.0004613610
-0.0055504305
-0.0060479366
0.0018648024
0.0004656577
-0.0056022555
-0.0004682744
-0.0028142608
-0.0014101060
0.0046926412
-0.0023435680
-0.0051752644
0.0000000000
-0.0094787440
0.0174656316
0.0139407462
-0.0125378935
-0.0042144759
0.0088764890
0.0000000000
0.0115608224
0.0041293933
0.0004577707
0.0004575612
-0.0050447252
-0.0036849420
-0.0018475756
-0.0055632967
-0.0009302326
0.0013950246
0.0023207251
-0.0023207251
-0.0051246327
-0.0046816565
-0.0014087816
0.0051558586
0.0018682864
-0.0060847368
0.0023446670
-0.0009372072
-0.0108414920
-0.0009483168
-0.0014241635
0.0075722084
0.0154389032
0.0055555698
-0.0088106297
-0.0056048722
-0.0009372072
-0.0061133508
0.0149815536
-0.0055918133
-0.0098615497
0.0004718094
0.0051752644
-0.0065913610
0.0079981607
0.0372542506
0.0054029848
-0.0026978434
0.0017993707
-0.0054078545
0.0063063272
0.0071588673
-0.0008920607
0.0013377928
-0.0049140148
0.0098040001
0.0000000000
-0.0035539798
-0.0049074379
0.0026797694
0.0071111411
-0.0057739445
0.0154699218
-0.0004386927
-0.0030762494
0.0008798945
0.0000000000
0.0026350476
-0.0096959772
0.0000000000
-0.0035492495
0.0000000000
-0.0031159607
0.0053357174
-0.0066741071
-0.0130309640
0.0148150858
0.0031145743
0.0101658334
0.0113687276
-0.0017406445
-0.0048024541
-0.0004377326
-0.0061484603
0.0043956115
-0.0061592804
-0.0026513493
0.0052956876
-0.0052956876
0.0017683471
-0.0057585984
-0.0040062373
-0.0017857148
-0.0004469274
0.0013401834
-0.0008932560
-0.0035810244
0.0000000000
-0.0008972634
0.0035842332
0.0168518400
-0.0035242327
-0.0142224620
0.0115711126
0.0008845644
-0.0013271402
0.0013271402
0.0022079938
-0.0070828096
-0.0035603064
-0.0080573399
0.0008984727
-0.0022476971
0.0004499438
0.0008992806
-0.0008992806
-0.0072235077
-0.0063636578
-0.0027397277
-0.0027472545
0.0027472545
0.0022836274
0.0063665517
-0.0036330648
-0.0059320274
0.0068415318
-0.0059266187
0.0013708021
0.0050102587
0.0013620887
0.0013602360
0.0000000000
-0.0022680890
-0.0027285147
0.0045433972
0.0184150724
-0.0049074379
0.0102336822
-0.0031035272
0.0053144501
0.0087951315
-0.0008760404
-0.0052724199
-0.0022050726
0.0048447573
-0.0106008060
-0.0008884941
-0.0004445432
-0.0004447409
0.0044385337
-0.0147225501
0.0031411289
-0.0176275751
0.0045495984
0.0022670606
0.0000000000
-0.0036297681
-0.0188122088
0.0128855902
0.0009140768
0.0009132421
-0.0041161732
0.0013739411
0.0077502098
-0.0045516692
0.0108893998
-0.0009029346
-0.0022609098
0.0022609098
0.0085451386
0.0137871875
-0.0039831874
0.0149650680
0.0060975799
0.0120847392
0.0051347995
0.0012795907
-0.0017064851
-0.0008543358
0.0042643988
-0.0051194651
0.0080937609
-0.0021235939
-0.0038338705
-0.0021362965
0.0059701670
-0.0042607649
-0.0163585223
-0.0074058278
-0.0061403702
0.0000000000
0.0026362054
0.0043782907
0.0060975799
-0.0117931046
-0.0249123204
-0.0085953933
0.0027223247
-0.0054520807
-0.0045662180
0.0013720560
0.0095520399
-0.0018124155
0.0013596195
-0.0113870508
0.0095738137
0.0018132371
-0.0027210901
-0.0123373738
0.0096088591
-0.0054794658
0.0009153319
0.0027409793
0.0054595222
-0.0027260353
0.0054446595
-0.0009053871
0.0018099552
0.0013553198
-0.0095260416
0.0040937060
0.0099368478
0.0120617947
-0.0013330373
0.0000000000
-0.0035634782
0.0044523671
0.0039902514
0.0022099457
-0.0057560487
-0.0040044547
-0.0198115440
0.0126526767
0.0049272216
-0.0004469274
-0.0089807519
-0.0081522191
-0.0174316340
0.0041560900
0.0009212345
0.0009203866
0.0096132578
-0.0179273935
-0.0023218028
0.0000000000
-0.0055944202
0.0194450571
-0.0027548227
-0.0004598758
0.0009195403
0.0032117486
0.0136489835
-0.0054372585
0.0058890317
-0.0013559324
0.0000000000
0.0139234228
-0.0031270966
0.0102382377
-0.0111334929
-0.0013443874
0.0120349124
-0.0026619359
0.0017754110
-0.0057816483
0.0079964886
0.0013265534
-0.0146897812
-0.0425986091
-0.0065727936
-0.0028301906
-0.0114015487
-0.0207586503
-0.0489853052
-0.0434509595
-0.0353971068
-0.0378469344
0.0261378516
-0.0435598951
0.0563770112
-0.0303564625
0.0119150346
-0.0067911976
0.0005676980
0.0062234996
0.0343714544
-0.0120615497
0.0005514199
-0.0049737599
-0.0145091831
-0.0011248595
-0.0011261262
0.0139862420
-0.0078081824
0.0089186767
-0.0111608301
-0.0290370529
-0.0221971730
0.0164034141
0.0011614403
-0.0005805515
-0.0193497682
-0.0041530763
0.0000000000
0.0159248426
0.0116348026
0.0034642067
0.0068926178
-0.0028661527
-0.0022988516
0.0051650043
-0.0074691528
0.0034542349
0.0080137807
-0.0131996178
0.0374193316
0.0446211126
0.0200217436
-0.0015661710
-0.0057637047
0.0182249252
-0.0108950494
-0.0052301374
-0.0010493180
-0.0015760445
-0.0068583756
0.0152353879
-0.0020876834
-0.0062893289
0.0115003881
-0.0026021352
0.0134577600
0.0035925109
0.0035796510
0.0030581064
0.0055823540
-0.0277082888
0.0036354234
0.0250844993
-0.0168242561
0.0153064213
-0.0076239251
0.0116663763
0.0015117161
0.0105185042
0.0064564416
-0.0099503309
0.0034938893
-0.0105185042
0.0055234888
-0.0065310456
-0.0142134373
-0.0040983664
-0.0134368947
-0.0104603464
-0.0196449110
-0.0042987707
0.0042987707
-0.0053763570
-0.0097508898
0.0119049025
-0.0113606848
0.0043431121
0.0054024983
0.0260583742
-0.0031545767
0.0010526317
0.0000000000
-0.0063324750
0.0058062977
0.0015777021
0.0020997383
0.0020953386
-0.0010471205
-0.0020975362
0.0026212335
-0.0099974524
0.0089497833
-0.0047281412
0.0010526317
-0.0068619958
0.0047556232
-0.0052854246
-0.0047808856
-0.0042689499
-0.0005349024
-0.0080580613
-0.0097561749
-0.0120549405
-0.0011031441
0.0011031441
0.0065934305
-0.0132306230
-0.0033351893
-0.0022296553
0.0033426215
0.0044395189
-0.0061094331
0.0105293298
0.0011019285
-0.0066298585
0.0011080334
-0.0022172958
0.0099393419
-0.0088300794
-0.0038878138
0.0105176724
0.0142156577
0.0037930146
0.0016211838
-0.0135908588
-0.0065898097
-0.0285015101
0.0240840540
-0.0189949845
-0.0039559249
-0.0148319890
-0.0127242897
0.0138730549
-0.0080692080
0.0080692080
0.0057241141
-0.0017137965
-0.0005719188
-0.0005722461
-0.0017187057
-0.0097955263
-0.0275920057
-0.0369851187
-0.0199632332
0.0075329923
0.0049906529
0.0276175883
0.0030220633
0.0000000000
-0.0152024819
0.0188169437
-0.0078479123
-0.0018198367
-0.0060901528
0.0006106870
0.0121360713
0.0113944261
-0.0053811789
-0.0042054733
0.0060024190
0.0083433142
-0.0107399600
0.0071727743
-0.0125863214
0.0078101929
0.0005982650
-0.0005982650
0.0047761285
0.0053460181
-0.0017788324
0.0011862398
-0.0017798877
-0.0077496662
0.0065613119
-0.0023809535
-0.0017894428
0.0071386383
-0.0017798877
-0.0005940006
0.0023738884
0.0011848343
-0.0029647220
-0.0011883543
-0.0065613119
0.0005982650
-0.0023952107
0.0095466119
0.0005936480
-0.0065495917
-0.0023923456
0.0059701670
-0.0095694510
0.0137274612
0.0152944158
0.0017497817
-0.0023337233
0.0144972095
0.0085985053
-0.0068728793
0.0028694424
-0.0022948949
0.0068689452
-0.0040011485
0.0051413995
-0.0074349785
0.0040103176
-0.0115009893
-0.0092969874
-0.0005839416
0.0052432395
0.0241113862
0.0079096458
0.0028097799
0.0455247240
-0.0016098742
0.0085562019
0.0047808856
-0.0021220167
0.0095138138
0.0005259006
0.0005256242
-0.0015777021
-0.0116465054
-0.0058745162
0.0042757949
0.0069094083
-0.0015902468
0.0005303633
-0.0074508062
0.0021344725
-0.0053447482
0.0111911640
-0.0085152191
-0.0167074757
-0.0136801039
-0.0222850448
0.0000000000
0.0067378132
0.0111297754
-0.0027708524
-0.0077994824
0.0050209311
0.0066555986
0.0049627893
-0.0144046812
0.0447428693
0.0026645366
-0.0236952389
-0.0005451077
-0.0038240964
-0.0038387763
-0.0116055461
0.0011111112
-0.0134155170
-0.0096127401
-0.0039852031
0.0096509406
-0.0016963532
-0.0045377276
0.0129908633
-0.0112868015
-0.0056915350
0.0056915350
-0.0045506336
-0.0074392332
-0.0005745476
0.0011487652
0.0022935790
0.0068493418
-0.0062767681
0.0005722461
-0.0063127900
-0.0098351964
0.0005812264
0.0029010754
-0.0069767725
-0.0087899775
-0.0005887548
0.0140353181
0.0005805515
0.0017396351
0.0005792065
0.0000000000
0.0040450792
0.0034542349
0.0153980801
-0.0062446981
0.0028433343
-0.0125715941
0.0000000000
-0.0051888269
-0.0005782018
-0.0011574075
0.0011574075
0.0069164541
0.0148235326
0.0033898338
-0.0142007499
-0.0005722461
-0.0120934385
0.0017366140
0.0046162806
0.0040218382
-0.0011474471
0.0000000000
0.0017206772
-0.0057471423
0.0194070018
0.0000000000
0.0016944370
-0.0045248946
0.0050890695
-0.0028240629
-0.0011318620
0.0045197817
0.0095372392
-0.0078475739
-0.0113187400
-0.0017089153
0.0045506336
0.0017011629
0.0000000000
0.0084626739
0.0028050509
0.0050293484
0.0016708442
-0.0050209311
-0.0033613477
0.0055959855
-0.0033538321
-0.0028034781
0.0061573102
-0.0011166947
-0.0022371374
0.0011191943
0.0066889882
-0.0044543503
0.0016727074
0.0027816430
0.0022197567
-0.0033314856
0.0049930756
-0.0038813467
-0.0005557099
0.0005557099
0.0066445427
0.0038556919
-0.0055126931
-0.0049875415
0.0038813467
-0.0027708524
-0.0033351893
-0.0067039357
-0.0039314850
-0.0016896653
0.0033764804
0.0005616400
-0.0005616400
0.0033651182
0.0039117122
0.0094366507
-0.0027662535
0.0153933771
0.0010905126
0.0027210901
-0.0038116028
0.0005454050
-0.0093125844
-0.0038599441
0.0044101505
-0.0022026441
-0.0016551728
0.0060556199
0.0211791788
-0.0032292816
0.0085883512
0.0101037818
0.0052770571
-0.0031628914
0.0000000000
0.0000000000
0.0026364371
-0.0079302557
-0.0096000737
-0.0086114633
0.0005403945
-0.0010810812
-0.0092366862
0.0038136794
-0.0038136794
0.0049006360
0.0172325212
0.0016004271
-0.0032034197
-0.0118344576
-0.0092417075
0.0000000000
-0.0054764649
-0.0005492997
0.0021953906
0.0060125899
-0.0082079804
0.0016469946
0.0000000000
-0.0093690407
0.0191944473
-0.0054466366
0.0087004355
0.0010822512
-0.0027078273
-0.0027151795
0.0070441906
0.0107412418
-0.0166984758
-0.0016308783
0.0113606848
-0.0005380683
-0.0108226165
-0.0208913590
-0.0179377007
0.0050775850
0.0072890707
-0.0022371374
-0.0028034781
0.0044818002
-0.0027987704
-0.0005606953
-0.0005610098
0.0022421534
0.0027956406
0.0011160715
-0.0072768303
0.0039248719
0.0072484287
0.0060925140
-0.0027647239
0.0060723344
0.0021990113
-0.0093793791
0.0044247860
0.0137025986
-0.0125994545
0.0065934305
0.0087241557
0.0048740958
-0.0070480097
-0.0131436722
0.0087816152
-0.0104367880
0.0066043168
-0.0043980280
-0.0268022744
0.0273530868
0.0005505092
0.0114912345
-0.0098415228
-0.0121615650
-0.0117483869
-0.0050775850
-0.0153893034
-0.0150465802
-0.0023350857
-0.0117579250
0.0011820332
-0.0100921011
-0.0114012636
-0.0084848994
0.0162997874
0.0000000000
-0.0011983225
0.0077635505
0.0065224068
0.0088261826
-0.0082353407
0.0005904931
0.0169743613
-0.0029061340
0.0011634673
0.0011621152
0.0028993932
-0.0023188416
-0.0017426667
0.0063749854
-0.0081206943
0.0046484686
0.0063565658
-0.0034622077
-0.0251696049
0.0035502996
0.0041261479
0.0180710251
-0.0075384526
0.0034863487
0.0023174981
-0.0023174981
-0.0040685903
-0.0023323626
0.0064009529
0.0034742363
0.0005778677
-0.0063749854
0.0000000000
0.0063749854
0.0034602111
-0.0028826771
0.0011540682
-0.0017316022
0.0023081372
-0.0040427430
-0.0058038468
0.0040662269
0.0023161562
-0.0075472056
0.0011648225
0.0029061340
0.0011600929
-0.0087336800
0.0011689072
0.0011675425
-0.0023364497
-0.0011702751
0.0035067248
0.0011661809
0.0115876152
0.0103152777
-0.0028546979
0.0045636132
-0.0062803518
-0.0011461319
-0.0086381188
0.0160646025
-0.0062803518
-0.0068965791
-0.0121846590
0.0000000000
0.0087184510
-0.0069686693
0.0000000000
-0.0070175727
0.0058513918
0.0023310034
-0.0005822416
0.0247352271
-0.0177706023
-0.0133917576
-0.0129795332
-0.0283066174
0.0024405137
-0.0147332315
-0.0068259651
0.0068259651
-0.0055814098
-0.0074906717
-0.0062853758
0.0125314923
-0.0024937669
0.0093197319
0.0080074342
-0.0646203241
0.0123578808
0.0173025784
-0.0153652191
-0.0110283310
-0.0131321651
0.0150871999
-0.0091563753
0.0013131978
0.0052356141
0.0039087998
-0.0032562712
0.0071498517
-0.0123820415
-0.0367320093
0.0121705356
-0.0169438144
0.0135779411
0.0033658733
0.0126879832
-0.0013280214
-0.0127049519
-0.0047217626
0.0312837491
-0.0085554981
-0.0247587086
-0.0129561990
-0.0006865774
-0.0194180859
0.0062827432
-0.0048831628
0.0303053495
-0.0027173930
-0.0095694510
-0.0048192864
0.0130272669
0.0094915967
0.0033681406
-0.0026936043
0.0053799726
0.0000000000
-0.0135045942
0.0047473809
-0.0143102953
0.0176875359
0.0067204554
0.0053440341
-0.0060140509
0.0106667678
0.0085837437
0.0006572462
0.0078534435
-0.0058842929
-0.0026263968
-0.0046128583
0.0059269189
-0.0092348941
-0.0006629102
-0.0006633499
0.0039735152
0.0006607202
0.0032970686
-0.0206192872
0.0006718173
0.0020127481
-0.0033568343
-0.0026936043
0.0040376905
0.0026827649
-0.0087454308
0.0160861378
-0.0276391035
-0.0123798005
-0.0027720045
0.0117283166
0.0027397277
0.0061370803
-0.0081911721
0.0041039729
0.0081577611
-0.0020332098
0.0067613510
-0.0033749610
0.0074099362
0.0033500869
-0.0020087051
0.0113296780
-0.0039840690
0.0072920442
-0.0099569359
-0.0093834469
-0.0060790461
-0.0047538290
-0.0178576174
0.0103413538
0.0149764542
0.0147554656
0.0308120081
0.0286370189
0.0056302933
0.0012468830
0.0037313476
0.0018604657
-0.0031027018
-0.0194546456
-0.0108315809
0.0095633499
0.0056944159
-0.0037926721
0.0018981341
-0.0095269060
0.0019126560
0.0006367399
0.0025429130
-0.0076482208
0.0114505068
-0.0082566363
-0.0025542798
-0.0148150858
0.0025923540
-0.0163135755
0.0026281224
0.0058881426
0.0052049564
-0.0019486853
0.0006499838
0.0019474203
0.0051746558
0.0006449533
-0.0097182495
0.0045469387
-0.0202952956
-0.0019860980
0.0006624710
0.0111953754
-0.0039370130
0.0111148578
-0.0065231803
-0.0059074671
0.0065617033
0.0097625247
0.0012944986
0.0064474756
0.0127715657
0.0044317895
0.0075519553
-0.0107155138
0.0100883579
0.0081225064
-0.0031162381
-0.0012492194
-0.0031298930
-0.0018826488
0.0124845567
-0.0006205399
0.0061881386
0.0012330458
0.0024615397
0.0012285014
0.0012269940
0.0030609145
-0.0049019706
0.0164487412
-0.0018143337
-0.0006055102
-0.0006058770
0.0060423145
-0.0299624982
-0.0018639334
-0.0043627367
0.0117977152
-0.0105492756
0.0086957070
0.0024706622
-0.0086741560
0.0215459243
-0.0036607728
-0.0018354242
0.0018354242
0.0139607730
0.0030093312
-0.0169701042
-0.0129192815
0.0006190034
-0.0105755262
0.0056127369
-0.0031142971
0.0049782306
0.0037174764
-0.0099441466
-0.0068944178
0.0112571545
-0.0181994355
-0.0012674273
-0.0006343165
-0.0031776322
-0.0044657172
-0.0128701905
-0.0084553349
0.0071591585
-0.0091205844
-0.0032776168
0.0111003425
-0.0012995453
0.0006499838
0.0000000000
0.0006495616
0.0032414939
-0.0077973105
0.0181000416
0.0082935085
0.0107425994
0.0118714296
0.0012414651
0.0018593126
-0.0219101096
-0.0301982471
-0.0104918995
0.0059152325
-0.0052562539
-0.0059464992
0.0059464992
0.0052562539
0.0000000000
-0.0072344939
0.0032948959
0.0065574005
0.0000000000
0.0155645165
0.0102433674
0.0120292682
0.0025141434
-0.0056657375
-0.0006315125
-0.0095208590
0.0012746974
0.0031796529
-0.0006351223
-0.0166563748
0.0096432763
-0.0206859348
-0.0211228976
-0.0243090971
-0.0082361481
-0.0159781100
-0.0049140148
0.0014064700
0.0187962373
0.0034423442
-0.0110574727
0.0013888891
0.0089810621
-0.0082873402
-0.0167836108
0.0126140425
0.0090121927
-0.0020725396
-0.0083333816
-0.0133382111
0.0091453328
-0.0063224657
-0.0021164029
-0.0085106897
0.0190481950
-0.0027991621
0.0132267852
-0.0216715926
-0.0049592734
0.0141046062
-0.0284110018
0.0114614435
-0.0071479933
-0.0100938132
0.0136741965
0.0113718354
0.0035273405
0.0014074598
-0.0056417639
0.0028248606
0.0028169033
-0.0106045532
-0.0128757144
0.0050269406
0.0064262984
-0.0028510354
0.0085288363
0.0077547093
-0.0049278523
0.0014104375
0.0007044734
0.0049174669
-0.0014025248
-0.0028109646
-0.0091905914
-0.0064125621
0.0085409772
0.0007084662
-0.0049698363
-0.0042796071
0.0141947025
-0.0014104375
-0.0021193932
0.0049382816
-0.0014084509
0.0084211024
-0.0013986016
0.0090561399
-0.0048661897
-0.0197050711
-0.0014224753
-0.0028510354
0.0078208717
-0.0250999193
-0.0138941906
0.0000000000
-0.0022115748
0.0051527534
-0.0007344841
-0.0058953745
0.0117561971
0.0029175805
0.0108657353
-0.0079566423
0.0036245056
0.0086455870
0.0021497679
-0.0014326650
0.0092758425
0.0021284151
-0.0049733673
0.0035549273
0.0007094715
0.0021253993
-0.0049663103
-0.0266682471
0.0188138690
-0.0180836754
0.0043699997
-0.0287524414
-0.0075075428
-0.0052890188
0.0015140048
0.0000000000
0.0030211503
0.0045146804
0.0015003754
-0.0030030053
-0.0022581869
0.0119851622
0.0037160949
-0.0029717704
-0.0112234624
0.0060015184
0.0126348764
0.0014760150
-0.0007377352
-0.0066642231
-0.0014869891
-0.0067189502
0.0029917749
0.0236173339
0.0130436632
-0.0065005646
0.0072202480
0.0000000000
-0.0007196834
-0.0130436632
0.0108815002
-0.0050633020
0.0000000000
-0.0087400411
0.0000000000
-0.0139965453
-0.0059523985
-0.0150378774
0.0082988028
0.0119493580
-0.0052102835
0.0044676173
-0.0029761927
-0.0029850768
0.0052180513
-0.0112150708
0.0000000000
-0.0228146778
-0.0061728591
0.0023192898
-0.0046439712
-0.0023300981
0.0177268611
0.0211648112
-0.0022463506
0.0141424017
-0.0014792902
0.0073746647
0.0022018358
0.0000000000
0.0080321717
0.0021794415
-0.0036350458
0.0144615680
-0.0014367819
-0.0050450557
-0.0094374566
-0.0014598543
0.0043731848
-0.0109690314
0.0000000000
-0.0110906867
-0.0425272891
0.0046439712
-0.0046439712
0.0084975405
-0.0038535693
0.0122795096
0.0083555366
-0.0245035231
0.0146212686
0.0015267179
-0.0254938488
0.0077942717
-0.0007766991
-0.0093677500
0.0007840063
-0.0407893409
0.0040733254
-0.0246926126
0.0008329863
-0.0108833222
0.0133781259
0.0033167526
0.0147907380
-0.0331705369
0.0258025134
0.0024620447
0.0016380020
-0.0098685011
-0.0058019226
0.0091022556
-0.0250221562
0.0217218231
0.0041237172
0.0057447840
-0.0123509186
0.0024824175
-0.0074658165
-0.0083612527
0.0075282664
-0.0008336807
-0.0168212545
0.0050761530
0.0000000000
0.0092398809
-0.0109290705
-0.0050847567
0.0160138273
-0.0075535399
0.0167088265
-0.0066500661
-0.0033416907
0.0058406507
-0.0033333364
0.0049958472
0.0172914971
-0.0065520300
-0.0024681214
0.0122801379
0.0105221529
0.0024125464
0.0040080214
-0.0008003202
-0.0064257249
-0.0048465361
0.0080645598
0.0087965381
-0.0039888366
-0.0007996802
0.0079681696
0.0039604012
-0.0119285709
0.0135083500
-0.0095163288
-0.0063949059
0.0063949059
0.0071457231
0.0015810280
0.0023668650
0.0007877117
-0.0158733492
-0.0032051309
0.0071971522
0.0103052834
-0.0015785323
-0.0079302557
0.0110848324
-0.0063191364
-0.0031746058
0.0023818987
-0.0176004543
0.0032232099
0.0032128542
-0.0024086724
0.0056112372
-0.0056112372
0.0143657698
0.0039541372
0.0303171295
-0.0007659901
-0.0046083031
0.0091954671
-0.0061209066
0.0000000000
-0.0053867002
0.0015420204
-0.0046332129
0.0054033323
-0.0069525193
0.0107942451
-0.0030721990
-0.0030816665
-0.0116415750
-0.0070505580
0.0093897403
-0.0015588468
-0.0039077814
0.0093531469
-0.0124904044
-0.0007858547
0.0007858547
0.0140407923
0.0046367935
0.0015408324
-0.0007701194
0.0046118452
-0.0046118452
0.0114899770
-0.0045801607
-0.0015313939
0.0045871640
-0.0030557701
-0.0092237395
0.0015432102
0.0030792942
0.0030698412
0.0015313939
-0.0076805293
-0.0061871814
0.0007754944
-0.0046620131
-0.0031201273
0.0093313274
-0.0069903197
0.0007791196
0.0131529943
0.0280427622
0.0067039357
0.0000000000
-0.0074515993
0.0052219440
-0.0014892036
0.0022329745
0.0029695642
-0.0022263460
-0.0014869891
-0.0044742804
0.0029850768
-0.0059790911
0.0059790911
-0.0044809634
-0.0029985030
0.0059880418
-0.0014936523
-0.0014958866
-0.0090226176
0.0082738343
0.0022446699
0.0059612695
0.0022263460
-0.0044576597
0.0051986749
-0.0029673612
0.0029673612
0.0000000000
-0.0119226450
0.0007493444
-0.0022497197
-0.0113251494
0.0060560367
0.0030143203
-0.0030143203
0.0052691127
-0.0067796870
0.0000000000
0.0150040324
-0.0014903132
0.0037216269
-0.0112066918
0.0000000000
0.0089753781
-0.0029828508
0.0007465473
-0.0157957402
-0.0053211832
0.0000000000
0.0068363350
0.0000000000
-0.0060744302
0.0038008408
-0.0038008408
0.0007613247
0.0015209128
-0.0030441424
-0.0030534375
0.0060975799
-0.0053333460
-0.0022944561
0.0053455645
-0.0045801607
0.0007648184
0.0038153423
0.0022822376
-0.0038066281
-0.0007630676
0.0015255533
0.0038037322
-0.0015197571
-0.0107034661
0.0023032640
-0.0007671654
0.0015337426
-0.0007665773
-0.0046118452
0.0015396462
0.0015372793
0.0038328909
-0.0030651365
0.0053578391
-0.0038240964
-0.0030698412
0.0007683443
0.0030674871
-0.0015325673
0.0045906737
-0.0030581064
-0.0038358313
0.0084194910
0.0128740892
0.0000000000
-0.0037693222
0.0105185042
-0.0007476636
-0.0007482230
-0.0029985030
-0.0015026299
-0.0022581869
0.0015060244
-0.0259160846
-0.0547538576
0.0024439931
-0.0008140009
-0.0106427529
-0.0041237172
0.0000000000
0.0024762704
0.0041135393
-0.0024660925
0.0000000000
0.0024660925
-0.0057637047
0.0008254231
-0.0057923207
0.0049668976
-0.0091249078
-0.0202027073
0.0084674511
0.0042069898
-0.0058947539
0.0067340322
0.0091858683
0.0058019226
-0.0016542601
0.0008274721
-0.0024844733
-0.0016597514
0.0074472831
-0.0008247423
0.0000000000
0.0041169264
-0.0032921840
-0.0091097938
0.0041511060
0.0098929084
0.0049099935
-0.0024519832
0.0138157419
0.0262858623
0.0445884773
-0.0037664828
0.0082676157
0.0007482230
0.0037327404
-0.0052297467
0.0067189502
0.0051948169
-0.0022230465
0.0081271227
0.0095203941
0.0159077830
0.0035803833
0.0120782996
0.0056338177
0.0035050860
0.0069735290
0.0048526958
-0.0006918022
-0.0069444724
0.0055594306
0.0020768439
0.0096353120
-0.0228620972
0.0083740894
-0.0020869573
0.0097020858
-0.0062262394
0.0000000000
0.0020797235
0.0041465160
0.0075575763
0.0027341097
0.0081577611
-0.0006772774
0.0013540963
-0.0122533868
-0.0096353120
-0.0069396531
0.0103915033
0.0020654052
-0.0013764627
0.0082304991
-0.0089194416
-0.0013793106
-0.0055363463
-0.0020840577
-0.0097834463
0.0167134810
-0.0055401804
0.0000000000
-0.0097697916
-0.0028089906
0.0104932757
-0.0140156464
0.0070323778
-0.0007010165
0.0000000000
0.0014015419
0.0034952849
-0.0055983351
0.0007015083
-0.0077437909
0.0063402819
0.0014035090
0.0041987465
-0.0197467629
0.0035549273
-0.0028429301
-0.0035650662
-0.0100503359
-0.0021668481
0.0064865092
-0.0254651811
-0.0022132064
-0.0074129324
0.0133039656
-0.0029411786
-0.0007366483
0.0022083189
0.0000000000
-0.0007355646
0.0029390175
0.0014662759
0.0014641291
-0.0021969983
0.0000000000
-0.0036724243
0.0007355646
-0.0066396408
0.0168811348
-0.0058394327
0.0065669700
0.0000000000
-0.0036429913
0.0116111609
-0.0028901754
0.0057720218
0.0085960415
-0.0035727083
-0.0064632182
0.0071787817
-0.0007155635
-0.0035855184
0.0007181329
0.0035829490
-0.0043010819
0.0050161338
0.0014285717
-0.0064447054
0.0028694424
0.0021466913
-0.0050161338
-0.0043196611
-0.0072411613
0.0072411613
-0.0050633020
0.0101010960
-0.0115524751
-0.0392497622
0.0282967502
0.0022002209
0.0288828741
-0.0007119972
0.0007119972
0.0049698363
-0.0236485403
-0.0153455697
0.0044085303
0.0007328692
0.0145457110
0.0071942756
-0.0043103515
0.0050269406
0.0035752630
0.0035625260
-0.0042765568
0.0042765568
0.0035498795
-0.0007089685
-0.0106952891
-0.0007171029
-0.0014357504
-0.0014378148
-0.0101230076
-0.0029112102
0.0058139699
-0.0153343640
0.0073314111
0.0080029529
0.0079394138
-0.0064911876
-0.0043509858
-0.0029112102
-0.0065813766
-0.0007339450
0.0065861929
-0.0065861929
0.0036643500
-0.0029304050
0.0131197217
0.0028922652
-0.0087020129
-0.0021873869
0.0029154540
0.0043573054
-0.0072727593
0.0007296607
0.0511838792
0.0286904925
-0.0013477091
-0.0040540596
-0.0067935044
-0.0130362052
-0.0076256869
0.0090059493
-0.0055325176
-0.0048661897
-0.0062915272
-0.0007015083
-0.0014044946
0.0007024939
-0.0035174148
0.0014084509
-0.0028188884
0.0000000000
0.0098315399
-0.0105375053
-0.0028288562
0.0028288562
-0.0014134278
-0.0063852647
-0.0021375142
0.0106421721
0.0077329032
0.0062827432
0.0083160562
-0.0027643418
-0.0139375078
0.0000000000
-0.0105821093
-0.0157258423
-0.0094101310
-0.0065669700
-0.0088235867
0.0088235867
0.0007317966
-0.0058694226
-0.0036859607
-0.0044411620
0.0037023367
0.0051603506
0.0007350239
-0.0014705885
0.0014705885
-0.0073746647
0.0014792902
-0.0044444518
0.0066592921
0.0095413568
0.0014598543
0.0166369118
0.0121213605
-0.0021284151
-0.0014214643
-0.0157709362
0.0086331471
0.0085592534
-0.0049839904
0.0000000000
0.0071124055
-0.0021284151
-0.0007104796
-0.0057020824
0.0071225372
-0.0014204548
0.0014204548
0.0063671952
0.0084270162
-0.0056101129
-0.0519597389
-0.0074349785
0.0066939633
0.0066494519
0.0007361060
0.0007355646
-0.0014716706
0.0058737320
-0.0014652017
-0.0029368597
0.0014695080
0.0051263386
0.0007301935
0.0036429913
0.0029048677
-0.0058181982
0.0050927720
0.0093897403
-0.0028797716
0.0050341710
-0.0086455870
-0.0050779942
-0.0014556043
0.0000000000
0.0065335986
-0.0028985528
-0.0058224328
0.0021873869
0.0007280670
-0.0029154540
0.0021873869
-0.0014577262
0.0021857932
0.0000000000
-0.0014566645
0.0036376904
-0.0036376904
-0.0036509716
0.0007312615
0.0007307271
0.0021889830
-0.0051151007
0.0021953906
-0.0043956115
-0.0036778269
0.0058780478
-0.0036697289
-0.0088626873
0.0000000000
0.0000000000
-0.0066989458
0.0059568307
-0.0052102835
-0.0044876665
-0.0045078964
-0.0007532957
0.0022581869
0.0022530990
0.0134130178
0.0022181155
-0.0007388253
0.0051603506
0.0014695080
0.0022002209
-0.0058780478
0.0029433428
0.0029347050
0.0007323325
-0.0029325534
0.0043956115
-0.0080734383
-0.0223556255
-0.0376243994
-0.0062794555
-0.0094937422
0.0094937422
0.0047132845
-0.0102403416
0.0063141488
0.0047095848
0.0062451413
-0.0101682534
0.0031397200
0.0015661710
-0.0031347988
-0.0015710922
0.0007858547
0.0101603062
-0.0117326336
0.0054923637
0.0007821666
0.0070121051
0.0061919702
-0.0023174981
-0.0108865772
0.0085636958
0.0115608224
-0.0069204428
-0.0124225200
0.0108781181
0.0007724991
0.0000000000
-0.0007724991
-0.0007730963
0.0007730963
-0.0077579908
-0.0007791196
0.0038895420
-0.0046692692
-0.0062598013
0.0007846215
-0.0015698590
0.0039200364
-0.0086444546
-0.0031620580
-0.0007920792
0.0055314246
0.0000000000
0.0062843883
0.0186196225
-0.0344052699
-0.0120049461
-0.0080841184
-0.0097880064
0.0065359710
-0.0032626456
-0.0032733253
0.0049059788
-0.0024499808
0.0040799730
-0.0081766604
0.0049140148
-0.0040933336
0.0016393446
-0.0107040956
0.0033057881
0.0032948959
0.0057400732
0.0024499808
0.0000000000
0.0016299922
0.0032520354
0.0335226920
-0.0118438021
0.0031720883
-0.0023781224
-0.0380150910
-0.0091097938
-0.0227186885
0.0042462909
0.0168071183
-0.0008336807
-0.0050167329
-0.0008385745
-0.0016792615
0.0050293484
0.0215062052
0.0024519832
-0.0024519832
0.0057119698
0.0056795285
0.0032310206
-0.0016142054
0.0016142054
0.0024164329
0.0000000000
0.0000000000
0.0032128542
-0.0016051368
0.0080000427
-0.0136383983
0.0104460572
0.0087545326
0.0007920792
-0.0079491675
0.0047770791
-0.0047770791
0.0000000000
-0.0023971246
0.0000000000
0.0039920213
-0.0055933026
0.0039984060
-0.0031974448
0.0103545330
0.0031645596
-0.0007902015
-0.0023743581
0.0047430919
-0.0047430919
-0.0015860432
0.0047506028
-0.0039572667
-0.0007933360
0.0000000000
-0.0007939659
-0.0007945968
0.0007945968
0.0007939659
-0.0007939659
-0.0039793129
0.0007971304
-0.0063949059
-0.0064360641
0.0080386285
0.0008003202
0.0000000000
0.0015987214
-0.0007990412
0.0071684895
0.0071174678
-0.0079114337
-0.0015898255
-0.0055843783
-0.0193867138
0.0065040880
-0.0008107013
0.0008107013
0.0000000000
0.0008100446
0.0048465361
-0.0056565807
-0.0040600949
0.0081037721
0.0032232099
0.0104042555
-0.0015936258
-0.0031948909
0.0015987214
0.0063694483
-0.0047732788
-0.0015961695
0.0031897954
0.0031796529
0.0031695748
0.0000000000
0.0055226965
0.0000000000
0.0000000000
0.0070560857
0.0000000000
-0.0054837584
-0.0015723274
-0.0031520909
-0.0175163714
0.0008028904
0.0024048108
0.0119380646
-0.0055533661
0.0063441926
-0.0031670652
-0.0079618255
-0.0007996802
-0.0064205678
-0.0032258092
-0.0040469501
0.0000000000
-0.0032493936
-0.0008140009
0.0040633945
0.0024301349
-0.0040535118
-0.0081566521
-0.0024600258
0.0081766604
0.0105306765
-0.0137933221
0.0129871955
-0.0040404095
0.0072610242
-0.0024144881
-0.0048465361
0.0032336326
0.0000000000
-0.0016155092
-0.0113822367
0.0024499808
-0.0049059788
-0.0041067820
0.0024660925
0.0032786915
-0.0041000467
-0.0016447372
0.0041067820
0.0024559980
0.0016339873
-0.0065520300
-0.0065952424
0.0074165977
0.0000000000
-0.0041135393
0.0057542288
0.0032733253
-0.0016353233
0.0040833050
0.0064988044
-0.0064988044
-0.0032653090
0.0040799730
0.0056841404
-0.0024321050
0.0008113591
-0.0024360548
0.0016246957
-0.0016246957
-0.0024420037
-0.0040833050
-0.0065681681
0.0041101579
0.0024580103
0.0040833050
-0.0032653090
0.0105735023
-0.0040535118
0.0000000000
0.0048622462
0.0000000000
-0.0032388692
-0.0016233770
-0.0147302172
-0.0057875317
0.0033112613
0.0057684544
0.0171083603
-0.0016168152
0.0048426245
-0.0032258092
0.0040306383
-0.0072668870
0.0032362488
0.0040306383
0.0008041818
-0.0024144881
0.0024144881
0.0016064260
-0.0251943436
0.0016447372
-0.0041169264
0.0049382816
-0.0016433857
0.0016433857
0.0040966874
-0.0016366616
-0.0032813811
0.0008213553
0.0000000000
0.0008206812
0.0024580103
0.0008179960
-0.0032760062
0.0024580103
-0.0008186656
0.0032706489
0.0008159935
-0.0008159935
-0.0040899853
0.0057213070
-0.0024479816
0.0024479816
0.0016286649
0.0032493936
-0.0040633945
-0.0008146640
0.0024420037
0.0016246957
0.0008113591
0.0040469501
0.0000000000
0.0096463771
0.0000000000
-0.0040080214
0.0016051368
0.0024028846
-0.0016012814
-0.0024067400
0.0000000000
-0.0032180237
0.0024144881
-0.0048348201
0.0064412461
-0.0024106078
0.0016077174
-0.0008035356
0.0040112368
0.0023990415
-0.0015987214
-0.0024028846
-0.0088603077
-0.0008093890
0.0000000000
0.0008093890
0.0080580613
0.0016038496
0.0063897981
0.0031796529
0.0118344576
0.0132452268
0.0007736944
-0.0023228814
-0.0070011955
-0.0015625003
-0.0047022030
-0.0166340469
0.0023932999
-0.0039920213
-0.0104544579
-0.0081169277
0.0073081933
0.0040371472
-0.0024203320
0.0024203320
-0.0105306765
0.0008140009
-0.0016286649
0.0024420037
0.0016246957
-0.0024380345
0.0008133388
0.0032467561
-0.0056887598
0.0089250085
-0.0024262042
-0.0032441229
0.0024340783
0.0016194336
0.0080580613
0.0032051309
-0.0024028846
0.0000000000
-0.0008022463
0.0016038496
0.0032000027
-0.0007990412
-0.0040048111
-0.0032154369
-0.0008054773
0.0000000000
-0.0056565807
0.0024281679
0.0008080809
0.0024203320
-0.0048465361
0.0048465361
0.0000000000
-0.0032284128
0.0008080809
-0.0008080809
0.0000000000
0.0024222862
-0.0024222862
0.0032284128
-0.0016129036
0.0048309273
-0.0016077174
0.0024106078
-0.0024106078
-0.0040306383
-0.0089250085
-0.0008153282
-0.0008159935
-0.0024519832
0.0024519832
0.0016313217
-0.0049019706
-0.0024600258
0.0032786915
0.0024519832
-0.0024519832
-0.0016380020
-0.0057542288
0.0090275541
-0.0024539890
-0.0041034116
0.0057400732
0.0024499808
-0.0016326534
0.0024479816
-0.0024479816
0.0032626456
0.0008140009
0.0064882628
-0.0016181233
0.0064568424
-0.0008048290
0.0064205678
-0.0024028846
0.0048000092
0.0055710450
-0.0007939659
0.0055445687
-0.0031645596
0.0039541372
0.0179903170
-0.0015515907
0.0031007777
0.0000000000
-0.0077700469
0.0046692692
0.0123458358
-0.0015349197
-0.0061633477
0.0053950035
-0.0015384618
0.0046083031
0.0007659901
0.0174577489
-0.0007527287
-0.0068001773
0.0060468816
-0.0022632978
0.0067745837
0.0022480339
-0.0067593198
0.0052611921
-0.0052611921
0.0000000000
0.0045112858
-0.0090430157
-0.0030326028
-0.0053292855
-0.0061255934
0.0030674871
0.0053455645
-0.0015243905
-0.0030557701
0.0053414854
-0.0015232295
-0.0030534375
-0.0015302222
0.0091464052
-0.0007590133
0.0015174510
-0.0022770408
0.0015186032
0.0000000000
0.0037864491
0.0000000000
0.0090294067
0.0000000000
-0.0045045121
0.0052532954
0.0000000000
0.0029895388
-0.0082428342
0.0045045121
-0.0014992507
0.0029962569
-0.0007482230
0.0044809634
0.0029761927
0.0014847813
-0.0059523985
0.0059523985
0.0044411620
0.0007382798
-0.0081512122
-0.0037271754
0.0014925376
-0.0007459903
0.0014914246
0.0000000000
0.0103781510
0.0160939831
-0.0029069788
-0.0051076361
-0.0073421769
-0.0036914032
-0.0029629651
0.0066543684
-0.0029520317
-0.0037023367
0.0037023367
0.0036886799
-0.0014738396
-0.0088889474
0.0125694816
0.0080498056
-0.0007291287
0.0036403389
0.0079624018
-0.0072359216
0.0158504759
0.0028551054
-0.0007130125
-0.0078768757
-0.0064911876
-0.0014482262
0.0000000000
0.0000000000
0.0036166405
-0.0021684143
0.0057720218
-0.0130342178
0.0000000000
0.0058139699
0.0021715535
0.0043290111
0.0014388492
-0.0050450557
0.0179023757
-0.0078375891
-0.0151354241
-0.0183222421
0.0095694510
-0.0014662759
0.0094925868
0.0158619043
-0.0043010819
0.0078712392
-0.0172542023
-0.0058181982
0.0094374566
-0.0021699828
-0.0043541433
-0.0021842018
0.0000000000
0.0079855234
0.0043290111
-0.0196298560
0.0036643500
0.0007312615
-0.0029282598
-0.0007334067
-0.0051489632
-0.0156078977
0.0037383221
-0.0014936523
-0.0007476636
0.0014947686
-0.0029917749
0.0000000000
-0.0007493444
0.0067239700
0.0051986749
-0.0007410152
-0.0059479729
-0.0052336568
0.0052336568
-0.0052336568
-0.0166292570
0.0136262517
-0.0067899167
-0.0045523599
0.0098373854
-0.0052850255
-0.0060744302
0.0015220703
-0.0038095284
0.0121397546
0.0015071593
0.0022564884
-0.0067847980
-0.0037893187
-0.0007595899
0.0083239224
-0.0045317298
-0.0007572889
0.0037807228
-0.0037807228
0.0015140048
0.0060332008
-0.0075472056
0.0030257209
0.0045214847
-0.0030120505
-0.0098522964
0.0015220703
0.0022787705
-0.0022787705
-0.0030464608
0.0091116804
-0.0106383982
0.0136572684
0.0090023114
-0.0052414946
-0.0082925466
-0.0098897725
0.0007642339
0.0038124331
0.0007607456
-0.0015220703
-0.0030511084
0.0038124331
-0.0038124331
0.0000000000
-0.0007642339
0.0022909517
-0.0007630676
0.0030487828
-0.0022857153
0.0045662180
0.0015174510
-0.0037979537
0.0060698214
0.0000000000
-0.0068311461
0.0022822376
-0.0015209128
0.0015209128
0.0015186032
0.0007584377
0.0007578629
-0.0045558165
-0.0038124331
0.0030511084
0.0015220703
0.0007601673
0.0015186032
0.0030303053
-0.0007567159
-0.0007572889
-0.0015163005
0.0030303053
0.0000000000
-0.0015140048
0.0007572889
-0.0022735895
0.0052970234
-0.0030234339
0.0045317298
-0.0098448353
0.0098448353
0.0022581869
0.0000000000
-0.0037664828
-0.0068156265
0.0030349037
-0.0053171413
0.0045592784
-0.0030372081
0.0105901141
0.0097342588
-0.0059790911
0.0044876665
-0.0022413158
-0.0014970063
-0.0067644001
-0.0052930180
-0.0030372081
-0.0030464608
0.0038066281
-0.0022822376
-0.0030511084
0.0007636503
0.0098747479
0.0015105743
-0.0060560367
-0.0007595899
0.0007595899
-0.0060929358
-0.0061302874
0.0030698412
0.0015313939
0.0015290523
-0.0015290523
-0.0007654038
0.0030581064
0.0038095284
0.0022787705
0.0037864491
-0.0037864491
0.0045420214
0.0000000000
-0.0007555724
0.0022650066
0.0007538636
0.0030097841
0.0059925273
0.0118783876
0.0036832454
-0.0029455102
0.0044150182
0.0043956115
0.0058309203
-0.0029112102
0.0273201751
-0.0035524016
0.0021329550
0.0035448460
-0.0063897981
0.0035549273
-0.0035549273
-0.0014255170
0.0028490048
-0.0007114906
0.0000000000
0.0028429301
-0.0049804443
-0.0114778878
0.0050377940
-0.0035958327
0.0178512416
0.0070522154
0.0035075448
-0.0070274358
-0.0007054674
0.0035223707
0.0021074823
-0.0035149421
-0.0063581987
0.0000000000
-0.0056858718
-0.0050017968
-0.0043072572
-0.0101230076
0.0057971177
0.0021652841
-0.0007212406
0.0043196611
0.0000000000
0.0100072315
-0.0021359923
-0.0057183858
0.0078543781
0.0042583457
-0.0085349024
-0.0028612323
-0.0014336920
-0.0079222597
-0.0123682915
0.0014630581
-0.0066006840
0.0044052935
0.0065717652
0.0036324050
0.0021731265
-0.0036245056
-0.0007264802
-0.0058309203
-0.0029282598
0.0109370394
0.0014492756
-0.0029006547
0.0036245056
-0.0014482262
-0.0050853724
0.0000000000
0.0007280670
-0.0029154540
0.0000000000
-0.0154471626
0.0066494519
0.0051413995
-0.0044052935
0.0007355646
0.0065958466
0.0000000000
0.0000000000
0.0021889830
-0.0007291287
-0.0007296607
-0.0029239787
0.0014630581
0.0014609206
0.0007296607
0.0007291287
-0.0014587895
0.0029154540
0.0000000000
-0.0021857932
-0.0007296607
0.0000000000
0.0058224328
0.0043446846
0.0021652841
-0.0057845425
-0.0007254262
0.0000000000
-0.0007259528
0.0000000000
-0.0021810259
-0.0021857932
0.0021857932
-0.0014566645
-0.0051151007
0.0007323325
0.0029239787
0.0007296607
-0.0014598543
0.0021889830
0.0007285975
0.0014556043
0.0029048677
0.0014492756
-0.0058097476
0.0000000000
0.0014556043
-0.0021842018
0.0036376904
0.0000000000
0.0000000000
0.0065146810
-0.0065146810
0.0021762794
0.0021715535
0.0007228045
-0.0390473178
-0.0351718211
-0.0015576327
0.0015576327
0.0015552103
-0.0031128430
-0.0031225630
-0.0039169654
0.0015686278
0.0054709007
-0.0031225630
-0.0031323440
0.0015673984
-0.0015673984
0.0007840063
0.0023483377
-0.0023483377
0.0109120335
-0.0046620131
0.0031104224
0.0038744721
0.0015455954
-0.0046439712
-0.0062257010
0.0054496048
-0.0031104224
0.0007785131
0.0015552103
-0.0007773028
-0.0054581032
-0.0007821666
-0.0125985918
-0.0015860432
-0.0031796529
-0.0063897981
0.0032000027
-0.0007990412
0.0023952107
-0.0072029123
0.0024067400
-0.0072376673
-0.0064777554
-0.0040700097
-0.0040866424
0.0040866424
0.0048820276
-0.0089686700
-0.0073983075
-0.0008254231
0.0114943794
0.0040733254
-0.0008133388
0.0008133388
0.0032467561
0.0064620580
-0.0056520134
-0.0040568007
-0.0016273397
0.0008140009
-0.0008140009
-0.0098200462
0.0008220305
-0.0024681214
0.0228022909
0.0008048290
-0.0360399365
0.0033305609
0.0058019226
0.0381075700
-0.0007958616
0.0047656961
-0.0087545326
-0.0120628724
0.0080580613
0.0024048108
0.0016000003
-0.0064154190
0.0056157388
-0.0040080214
0.0016051368
-0.0040176832
0.0016090108
0.0008035356
-0.0008035356
-0.0040273917
-0.0016155092
-0.0016181233
-0.0081301261
-0.0024519832
0.0048979690
0.0000000000
-0.0057166346
0.0049019706
-0.0040833050
0.0008179960
0.0008173274
0.0000000000
0.0008166599
0.0065093802
-0.0065093802
0.0048860032
0.0040535118
-0.0032414939
-0.0040666994
-0.0008153282
-0.0065466682
-0.0008213553
0.0032813811
0.0024539890
0.0008166599
-0.0016339873
-0.0106864971
0.0115038245
0.0032626456
0.0064935293
0.0000000000
-0.0105735023
-0.0057400732
-0.0008227068
0.0057447840
-0.0008186656
0.0016366616
-0.0024559980
0.0008193364
0.0016366616
-0.0008179960
-0.0008186656
0.0000000000
-0.0016393446
0.0024580103
0.0000000000
-0.0024580103
0.0000000000
0.0000000000
-0.0016420365
0.0000000000
-0.0024681214
0.0008233842
0.0016447372
0.0024620447
-0.0024620447
0.0016420365
0.0008200082
0.0024559980
-0.0032760062
-0.0024640670
-0.0024701536
0.0000000000
-0.0041305304
0.0016542601
-0.0008267880
-0.0024844733
0.0008288438
-0.0041511060
0.0033222622
0.0016570012
-0.0016570012
-0.0016597514
0.0033167526
-0.0099834440
-0.0008364701
-0.0134795638
-0.0051020519
-0.0102828670
-0.0165005915
0.0026235258
0.0008729813
-0.0034965071
0.0078500185
0.0103717438
0.0145115649
-0.0068027473
-0.0034188067
0.0068259651
0.0016992358
0.0033898338
0.0025348556
0.0008435260
-0.0084674511
0.0033955890
-0.0008478169
0.0016949157
0.0050675784
0.0100587604
-0.0066945857
0.0050251362
-0.0050251362
0.0058602093
-0.0050209311
-0.0042034530
0.0100587604
-0.0025052205
-0.0016736406
-0.0008378719
0.0041823566
0.0041649373
-0.0033305609
-0.0016694495
-0.0008357710
-0.0025115124
0.0016750423
0.0000000000
-0.0067170698
0.0000000000
0.0016835021
-0.0016835021
-0.0025305792
0.0025305792
0.0100587604
0.0107840116
-0.0208427720
0.0125577205
-0.0058406507
0.0141257023
-0.0099503309
0.0041580101
-0.0024927308
0.0008316009
-0.0041649373
0.0008343764
-0.0016694495
-0.0050251362
-0.0008399832
0.0025178360
-0.0008385745
-0.0025199509
0.0033585254
0.0025115124
0.0050041806
-0.0075156930
-0.0008385745
-0.0092710314
-0.0059448158
-0.0017050303
0.0093418938
-0.0025391465
0.0042283361
-0.0025348556
0.0016906175
0.0033726845
-0.0050633020
-0.0033898338
-0.0034013638
-0.0085543721
-0.0008594758
-0.0017211708
-0.0017241384
0.0017241384
0.0000000000
-0.0043159325
0.0000000000
-0.0017316022
0.0000000000
-0.0008669268
0.0025985290
-0.0316370849
-0.0162019746
0.0036231924
-0.0027161628
-0.0192225598
0.0110295236
0.0100046310
0.0027112534
0.0018034270
0.0009004953
0.0000000000
-0.0190828144
-0.0092166551
0.0046189459
0.0045977092
0.0000000000
-0.0185190478
0.0111525320
-0.0046317823
-0.0009289364
0.0000000000
0.0092507598
-0.0148425730
-0.0056232576
0.0093546052
0.0018604657
0.0000000000
-0.0009298002
0.0129391824
0.0009178523
-0.0157192326
0.0046490088
0.0000000000
-0.0009280743
-0.0018587366
0.0018587366
0.0009280743
-0.0046490088
-0.0009324010
0.0009324010
-0.0065451379
-0.0056444176
-0.0142520227
0.0057252065
0.0000000000
-0.0028585060
-0.0057416426
-0.0077071672
-0.0254666064
-0.0039761484
-0.0100100936
-0.0358461318
-0.0041797344
0.0135207468
0.0000000000
0.0133403723
0.0000000000
0.0171808167
0.0030015030
-0.0009995003
0.0049875415
-0.0019920325
-0.0009975063
-0.0050025117
-0.0030135633
0.0030135633
-0.0020080328
0.0000000000
-0.0182560851
0.0091697026
-0.0040650462
-0.0051046563
-0.0051308476
-0.0197409008
-0.0042061050
-0.0010542964
0.0125787822
-0.0125787822
0.0052604014
-0.0094887375
0.0105375053
-0.0137205319
0.0105709230
0.0041972779
-0.0137060659
-0.0063897981
-0.0032102756
-0.0183888362
0.0183888362
0.0064102784
0.0063694483
0.0126184640
-0.0031397200
-0.0020986367
0.0135630665
0.0041365106
0.0071979745
0.0162605209
0.0000000000
-0.0040404095
-0.0020263431
-0.0071247121
-0.0051203389
0.0051203389
0.0040774776
-0.0030565485
0.0030565485
-0.0020366606
-0.0205980506
0.0154881774
0.0061287219
-0.0092072262
-0.0020576139
0.0030848354
-0.0082474694
-0.0072727593
-0.0020876834
0.0010443865
0.0093507175
0.0020661164
-0.0166497082
0.0217964000
-0.0249493190
-0.0223532458
-0.0195658416
0.0387561959
0.0311875589
-0.0092545648
-0.0187701027
-0.0031628914
0.0073645783
0.0093897403
-0.0052056338
0.0145080265
-0.0061919702
-0.0083160562
0.0072803234
0.0020703941
0.0020661164
-0.0082902029
-0.0020833341
-0.0020876834
-0.0031397200
-0.0158481922
-0.0139412446
-0.0065005646
-0.0054496048
0.0000000000
0.0162605209
0.0128206884
-0.0063897981
-0.0183293541
-0.0054555509
0.0097986630
0.0010828371
-0.0032520354
-0.0109171390
-0.0044004471
0.0000000000
0.0011019285
-0.0077391210
0.0022172958
0.0110133272
0.0043715917
-0.0242837540
-0.0044792908
0.0000000000
-0.0090192269
0.0011318620
-0.0451204353
0.0117648416
-0.0260678268
0.0035949709
-0.0144580832
-0.0333158511
-0.0012554929
0.0075094220
-0.0163422870
0.0050569008
0.0285911333
-0.0160596410
-0.0024937669
0.0111733006
0.0255955472
-0.0206694289
-0.0086366977
-0.0062150604
0.0234145016
0.0060716641
0.0060350213
0.0000000000
0.0095809116
0.0188907625
0.0046674530
0.0218776717
0.0124506419
-0.0101753280
0.0045351552
0.0022598880
0.0000000000
0.0112234624
-0.0089686700
-0.0056465424
0.0067720349
-0.0022522532
0.0067415986
-0.0056148379
0.0067340322
-0.0169208775
-0.0114417724
0.0011500864
-0.0092379410
0.0000000000
0.0034742363
0.0171924005
-0.0045558165
-0.0091743763
0.0125931830
0.0068027473
0.0011293056
0.0134531177
-0.0044642931
0.0055772593
-0.0033426215
-0.0033538321
-0.0022421534
-0.0033726845
0.0044943896
-0.0056211503
-0.0022573373
-0.0033955890
-0.0011344301
0.0033994367
-0.0022650066
0.0135137192
-0.0033613477
-0.0067567825
0.0168071183
0.0011104943
-0.0055648446
-0.0022346378
-0.0067340322
-0.0147478566
0.0045610113
0.0113123378
0.0056085397
-0.0123805746
-0.0034032931
0.0045351552
-0.0022650066
-0.0011344301
-0.0045506336
0.0034149151
0.0090498355
-0.0067796870
0.0033955890
-0.0079410514
-0.0045662180
-0.0091954671
-0.0092808091
-0.0105449132
0.0070422826
0.0046674530
-0.0023310034
0.0058173521
0.0138251050
0.0079772503
0.0124085066
-0.0022446699
0.0067189502
-0.0044742804
-0.0044943896
-0.0022547924
-0.0022598880
-0.0033994367
0.0056593247
-0.0067950431
-0.0137301928
0.0034502622
-0.0092272858
-0.0163555048
0.0058720075
0.0023391824
-0.0011689072
-0.0023419214
-0.0035231980
-0.0011771632
0.0093787323
-0.0046783711
0.0035108287
0.0034985458
0.0023255824
-0.0116823759
0.0035190652
-0.0011716463
-0.0023474189
0.0046893404
0.0011689072
0.0011675425
-0.0023364497
0.0000000000
-0.0023419214
-0.0153576557
-0.0035778213
-0.0083983697
0.0024067400
-0.0048192864
-0.0036297681
-0.0048602769
0.0072815856
0.0000000000
0.0084287073
-0.0120628724
0.0000000000
-0.0085314350
0.0073171058
0.0096735942
0.0000000000
0.0024038473
0.0071770643
-0.0059773041
-0.0024009615
0.0083782656
0.0000000000
-0.0023866360
0.0059559438
-0.0011883543
0.0035608346
0.0023668650
-0.0023668650
-0.0023724804
0.0106321143
0.0070257900
-0.0011675425
-0.0082111898
0.0093787323
-0.0082015691
-0.0178046246
-0.0181273846
0.0024360548
0.0060643000
0.0036210058
-0.0084695001
0.0060569537
0.0108109161
0.0047675895
-0.0035735595
0.0059488575
-0.0035650662
0.0011897681
-0.0047675895
-0.0047904283
0.0035949709
0.0011954574
0.0095125569
0.0000000000
0.0000000000
-0.0023696694
0.0000000000
0.0082693915
0.0070340267
0.0150727491
0.0171139374
-0.0011318620
-0.0045403029
0.0011370098
-0.0011370098
0.0045403029
-0.0022675747
-0.0045506336
0.0056850636
0.0056529263
-0.0056529263
0.0033955890
0.0011293056
-0.0045248946
0.0000000000
0.0067796870
0.0089686700
0.0022296553
-0.0055834874
0.0111359725
-0.0111359725
0.0022371374
0.0088988351
0.0000000000
0.0033167526
-0.0022099457
0.0088106297
0.0043763746
-0.0032804841
0.0000000000
-0.0010958905
-0.0043956115
-0.0022050726
0.0000000000
-0.0011043623
0.0011043623
0.0055035912
0.0087432251
-0.0054555509
0.0065430986
-0.0087336800
0.0000000000
-0.0043956115
-0.0033094349
-0.0234778811
-0.0056721650
0.0090600846
0.0000000000
0.0000000000
-0.0136210960
-0.0080321717
-0.0046189459
0.0023121398
0.0069045153
0.0034344624
0.0034227073
0.0000000000
-0.0034227073
-0.0045819095
0.0034383988
0.0068415318
-0.0125787822
0.0068807611
0.0011422046
0.0068259651
0.0056529263
-0.0056529263
-0.0034071583
0.0146812349
-0.0181000416
0.0090909717
-0.0148150858
0.0068650155
0.0022779053
-0.0045610113
0.0034227073
0.0090703570
0.0101067677
-0.0056022555
0.0033651182
-0.0011204483
-0.0033688971
0.0089586265
-0.0055897295
-0.0011217051
-0.0067567825
0.0056338177
-0.0033764804
-0.0056529263
-0.0011344301
-0.0068337396
0.0011422046
-0.0011422046
0.0124930642
-0.0170749738
0.0068650155
0.0056850636
-0.0102565002
0.0192859069
-0.0022497197
-0.0033840980
0.0022573373
-0.0022573373
-0.0022624444
-0.0045403029
0.0000000000
0.0068027473
0.0045095905
-0.0056401729
0.0011305824
0.0022573373
0.0056211503
-0.0022446699
-0.0022497197
-0.0045146804
-0.0090909717
0.0022805027
-0.0091533820
0.0034423442
0.0079863516
-0.0102799306
0.0000000000
-0.0103867062
-0.0069848945
0.0011675425
-0.0011675425
0.0023337233
0.0023282898
0.0000000000
0.0081065875
-0.0011540682
0.0011540682
0.0023041485
-0.0034582167
0.0069045153
-0.0022962123
-0.0080785206
-0.0011594204
-0.0058173521
0.0000000000
-0.0011675425
-0.0188684843
0.0082988028
-0.0035482001
-0.0011855366
-0.0011869438
0.0118065126
-0.0011743983
0.0011743983
0.0023446670
-0.0011716463
0.0046783711
0.0058173521
-0.0023228814
-0.0011634673
0.0011634673
-0.0058309203
0.0104712999
-0.0011580777
0.0023148158
0.0023094698
0.0034542349
-0.0034542349
-0.0057837061
0.0000000000
-0.0140189212
0.0128581549
0.0240975516
0.0112740766
-0.0090090699
0.0067644001
0.0000000000
0.0000000000
0.0089486056
-0.0011142062
-0.0033500869
-0.0044843124
0.0022446699
0.0022396426
-0.0089888246
0.0000000000
0.0033802849
-0.0022522532
0.0000000000
0.0044994452
0.0044792908
-0.0011179431
0.0000000000
-0.0022396426
0.0033575857
0.0011166947
-0.0022346378
-0.0033613477
0.0055959855
0.0011154491
-0.0044692812
-0.0067415986
0.0033764804
-0.0011242272
-0.0011254925
-0.0056465424
0.0067720349
-0.0056401729
0.0000000000
0.0011305824
-0.0022624444
0.0022624444
0.0000000000
-0.0056657375
0.0011357185
0.0011344301
0.0011331446
-0.0079591097
-0.0045766670
0.0011461319
-0.0022935790
-0.0011487652
-0.0080785206
0.0011580777
0.0000000000
-0.0034782644
0.0057904041
0.0046083031
-0.0023014970
-0.0139213385
-0.0429660359
0.0012187692
0.0060716641
-0.0060716641
0.0036474205
0.0120628724
0.0023952107
-0.0035949709
0.0225528847
-0.0011743983
-0.0058927690
0.0082401879
-0.0023474189
-0.0070755012
-0.0035566131
-0.0071514012
-0.0084084579
-0.0036253816
-0.0048543785
0.0084797601
0.0012055457
0.0000000000
-0.0048309273
0.0084388686
-0.0096502558
0.0024213087
-0.0072815856
-0.0048840146
0.0000000000
-0.0036787289
0.0024539890
0.0024479816
-0.0024479816
0.0024479816
-0.0012232417
-0.0036787289
-0.0024600258
0.0085837437
0.0036563112
0.0000000000
0.0036429913
-0.0012128564
-0.0012143292
0.0024271857
-0.0060790461
0.0036518604
-0.0036518604
0.0048661897
0.0357606639
0.0058377282
-0.0093567934
-0.0023529423
-0.0094675263
-0.0011897681
0.0082988028
0.0070588528
0.0058445520
0.0000000000
0.0092808091
0.0171727174
0.0090396096
0.0255427546
0.0173917427
0.0170944334
0.0031729270
-0.0031729270
0.0031729270
-0.0042328106
0.0063425160
-0.0074035240
-0.0171310399
-0.0010804971
-0.0043337013
0.0043337013
-0.0010816659
0.0086207430
-0.0021482285
-0.0021528534
-0.0075716965
-0.0021739139
0.0118984638
-0.0032310206
-0.0075798955
0.0108109161
-0.0086393626
-0.0065288589
-0.0054734674
-0.0244456617
0.0000000000
0.0111857990
0.0132598628
-0.0044004471
0.0033021494
0.0021953906
-0.0021953906
-0.0066152391
0.0022099457
0.0066006840
0.0043763746
0.0043573054
0.0010863662
-0.0043525640
0.0000000000
-0.0010911076
-0.0032804841
-0.0221492997
-0.0089989359
-0.0033955890
0.0000000000
-0.0056850636
0.0056850636
-0.0079681696
-0.0022883305
-0.0068965791
0.0011527379
0.0023014970
-0.0034542349
-0.0011540682
0.0057570683
0.0022935790
-0.0034423442
0.0034423442
-0.0057438412
0.0000000000
-0.0034622077
-0.0425093518
0.0084084579
-0.0120338396
0.0024183809
0.0036166405
-0.0048250998
0.0048250998
0.0167068325
-0.0047449674
0.0023752980
0.0047337367
-0.0035482001
0.0211027761
0.0069364440
0.0182653480
-0.0033994367
0.0079141171
-0.0033840980
-0.0033955890
0.0168638061
0.0143887375
-0.0044052935
0.0000000000
0.0011031441
-0.0110865881
0.0011142062
-0.0123250860
0.0022522532
-0.0011254925
0.0000000000
-0.0045146804
0.0157130057
-0.0033463500
-0.0022371374
-0.0112613803
-0.0056786070
0.0045454624
-0.0160003413
-0.0139213385
0.0069848945
-0.0011607662
0.0069444724
0.0103271142
0.0022805027
-0.0034227073
0.0102331763
-0.0045351552
0.0022701485
-0.0125500792
-0.0046030001
0.0034542349
-0.0023014970
0.0011514106
0.0000000000
-0.0034582167
-0.0069525193
0.0275246734
0.0245822434
0.0120681662
-0.0142781119
-0.0022148403
0.0022148403
0.0000000000
0.0000000000
0.0044150182
-0.0144206603
0.0022321438
0.0000000000
-0.0033500869
-0.0078607929
0.0000000000
-0.0101983887
0.0022753138
-0.0011370098
-0.0148999891
-0.0034702175
0.0000000000
0.0000000000
0.0080785206
-0.0034542349
-0.0034662080
0.0115076069
0.0125072694
-0.0033955890
0.0022650066
-0.0033994367
-0.0068337396
-0.0045819095
0.0114156491
0.0011344301
-0.0079681696
0.0091013142
-0.0034032931
-0.0079863516
0.0022883305
0.0034227073
0.0022753138
0.0079230748
0.0354411400
0.0032591012
-0.0054377513
-0.0043715917
-0.0032912811
0.0054794658
0.0065359710
0.0310019483
-0.0010531860
-0.0042238711
0.0031695748
0.0063091692
-0.0052548728
-0.0052826325
-0.0095796369
0.0010689472
-0.0010689472
-0.0107527918
0.0032379953
-0.0010781672
0.0075228727
-0.0086022036
0.0032345042
-0.0097350688
0.0054200675
0.0064655398
0.0106838623
-0.0010632643
0.0095289233
-0.0116588496
0.0053163336
-0.0225210591
-0.0032591012
-0.0109410282
0.0098522964
0.0010887317
0.0097456104
-0.0064865092
0.0021668481
-0.0043384016
0.0010863662
0.0010851873
0.0043290111
-0.0010804971
-0.0075963469
0.0043478329
-0.0021715535
0.0086580627
-0.0075716965
-0.0131149421
0.0065789711
-0.0087816152
0.0011019285
-0.0121885165
-0.0179982361
-0.0068337396
0.0011422046
-0.0045766670
0.0057175685
0.0011396013
0.0000000000
0.0011383041
0.0011370098
-0.0011370098
0.0034071583
0.0000000000
0.0000000000
0.0000000000
-0.0079681696
0.0068337396
0.0000000000
-0.0034110323
0.0034110323
-0.0011357185
-0.0034149151
0.0056850636
-0.0045454624
0.0022753138
-0.0011370098
-0.0045610113
0.0000000000
0.0034227073
-0.0057110378
-0.0034423442
0.0011487652
-0.0022988516
0.0000000000
0.0011500864
0.0022962123
-0.0045977092
-0.0104227927
0.0011634673
-0.0058309203
0.0081538017
-0.0011607662
0.0034782644
-0.0023174981
0.0080878546
0.0091638671
-0.0149342236
0.0023121398
-0.0069525193
-0.0046620131
0.0011675425
-0.0058513918
0.0023446670
0.0000000000
0.0116415750
0.0000000000
-0.0046403796
-0.0034944706
-0.0070257900
0.0070257900
-0.0046783711
0.0116551436
0.0057770236
0.0034502622
0.0148150858
-0.0125215068
0.0000000000
0.0034305351
0.0022805027
-0.0022805027
0.0022805027
0.0045454624
0.0112740766
0.0011204483
0.0000000000
0.0044692812
-0.0055897295
-0.0022446699
0.0133930573
-0.0055586580
0.0033389013
-0.0100503359
-0.0056274769
0.0067491820
0.0000000000
0.0122564208
-0.0100167782
0.0000000000
0.0066889882
0.0000000000
0.0033277901
0.0088203438
0.0010970928
-0.0054975400
0.0033021494
-0.0055096558
-0.0077648754
0.0132745312
0.0021953906
0.0032840752
-0.0032840752
-0.0188162718
0.0022321438
0.0000000000
-0.0033500869
0.0033500869
0.0011142062
0.0011129662
0.0000000000
-0.0078169019
0.0011204483
0.0078081824
-0.0134230203
0.0078519753
-0.0067264828
0.0044893454
-0.0044893454
0.0067264828
-0.0033575857
0.0067039357
0.0022246950
0.0088496153
-0.0144206603
0.0122155878
0.0000000000
0.0066006840
-0.0043956115
-0.0022050726
-0.0022099457
0.0011055833
-0.0044296861
-0.0011104943
-0.0055710450
-0.0056022555
-0.0067644001
0.0033879197
-0.0022573373
0.0078784876
0.0033575857
0.0000000000
0.0077908018
0.0077305741
-0.0066225408
0.0022123903
-0.0044296861
-0.0066815393
0.0111112254
0.0011043623
-0.0044247860
-0.0044444518
0.0055524851
-0.0055524851
0.0044444518
-0.0022197567
0.0066445427
0.0196727656
0.0096931292
-0.0129451646
0.0010851873
0.0032485140
0.0021598281
-0.0097561749
0.0010887317
0.0043431121
0.0054024983
0.0021528534
-0.0032310206
0.0128619136
0.0147994244
-0.0190683744
-0.0075147965
0.0021528534
-0.0184487056
0.0021881847
0.0000000000
0.0010922994
-0.0010922994
-0.0098847592
0.0033057881
-0.0011007156
0.0011007156
0.0000000000
0.0032948959
-0.0010970928
-0.0055035912
-0.0088692377
0.0000000000
0.0000000000
-0.0055834874
0.0022371374
0.0066815393
-0.0022222231
0.0022222231
-0.0033351893
0.0033351893
0.0033241028
-0.0033241028
0.0022172958
0.0011068070
-0.0011068070
0.0066225408
0.0000000000
0.0076712705
0.0000000000
-0.0032804841
0.0098093430
-0.0032591012
0.0032591012
0.0000000000
-0.0010851873
-0.0010863662
0.0065005646
0.0010793309
0.0021551732
-0.0010770060
-0.0021574981
-0.0097667624
-0.0021834070
0.0010922994
-0.0010922994
0.0010922994
0.0000000000
0.0032697577
0.0086674432
0.0043057117
0.0180952250
0.0010542964
-0.0031662296
0.0073723346
-0.0084299762
0.0271415408
0.0061601838
0.0010230180
-0.0071832017
-0.0020618564
-0.0114168339
0.0072803234
0.0061983670
-0.0051626341
0.0051626341
0.0051361181
-0.0082304991
0.0030943810
0.0092261034
0.0030565485
0.0050735776
0.0060545089
-0.0010065426
0.0060241146
-0.0010015023
-0.0060301690
0.0000000000
0.0020140994
-0.0010065426
-0.0101215439
-0.0061224681
-0.0020491810
0.0010251154
0.0051098732
-0.0040858075
0.0000000000
-0.0020491810
0.0030721990
-0.0061538656
0.0071758381
0.0071247121
-0.0061037829
0.0030565485
0.0060852115
0.0020202027
-0.0101420748
0.0030534375
0.0050684346
-0.0030379770
-0.0071247121
0.0030596658
0.0010178118
0.0030472345
0.0040485885
-0.0060790461
-0.0040733254
0.0040733254
-0.0030534375
0.0030534375
0.0000000000
-0.0091884261
-0.0196795579
-0.0158147735
-0.0010632643
-0.0215062052
0.0010863662
-0.0054436716
0.0076128698
-0.0054318439
0.0000000000
0.0021762794
0.0054200675
-0.0032485140
0.0000000000
-0.0010851873
0.0000000000
0.0000000000
0.0054141984
-0.0065005646
-0.0032661978
-0.0010911076
-0.0076712705
0.0000000000
0.0087623781
-0.0010911076
-0.0065717652
-0.0155041865
0.0033426215
-0.0022271724
-0.0067114346
0.0033613477
0.0022346378
0.0011154491
0.0088790816
0.0000000000
0.0044101505
-0.0055157338
-0.0022148403
0.0055279301
0.0087816152
-0.0054794658
0.0032912811
0.0000000000
0.0010946909
-0.0065861929
-0.0044150182
0.0142781119
-0.0065645750
0.0000000000
-0.0044004471
0.0000000000
-0.0066371925
0.0000000000
0.0022172958
-0.0011080334
-0.0011092625
-0.0022222231
0.0055463259
0.0000000000
0.0055157338
0.0043907864
-0.0021929833
0.0010970928
0.0021905814
0.0000000000
0.0000000000
-0.0043859719
0.0021953906
0.0010958905
0.0010946909
-0.0032876742
0.0032876742
-0.0054854773
0.0021978031
-0.0010982977
-0.0010995053
-0.0033057881
-0.0011043623
0.0022075064
0.0000000000
0.0000000000
0.0000000000
0.0033021494
-0.0010995053
-0.0011007156
-0.0290523226
0.0033955890
-0.0011305824
0.0056401729
0.0022471920
0.0022421534
-0.0022421534
-0.0033726845
0.0011254925
-0.0113123378
0.0022727283
-0.0011357185
-0.0045558165
0.0045558165
-0.0022753138
-0.0011396013
0.0022779053
0.0000000000
0.0000000000
-0.0079954738
0.0000000000
-0.0034462986
-0.0057703565
0.0092166551
-0.0022962123
-0.0023014970
0.0023014970
0.0045871640
-0.0045871640
0.0057306747
0.0011422046
-0.0195971690
0.0000000000
0.0046457691
-0.0058105916
0.0081254074
0.0385535275
0.0022222231
0.0121347325
0.0054674822
-0.0142781119
0.0022099457
0.0066006840
0.0010958905
0.0032804841
0.0000000000
-0.0010922994
-0.0043811680
-0.0032985187
-0.0011019285
-0.0011031441
0.0000000000
0.0000000000
0.0011031441
0.0022026441
0.0021978031
0.0141691744
-0.0043384016
-0.0010875477
0.0054259493
0.0021621630
-0.0032450001
-0.0119892444
0.0021905814
-0.0021905814
-0.0010970928
-0.0099283772
0.0055279301
0.0011019285
0.0142156577
-0.0010863662
0.0000000000
0.0054200675
0.0021598281
-0.0010793309
-0.0021621630
0.0000000000
-0.0010828371
0.0086300428
0.0000000000
0.0032171610
0.0064034370
-0.0042643988
0.0032000027
0.0000000000
0.0053106869
0.0010587613
-0.0031796529
-0.0053219923
0.0074428839
-0.0106497279
-0.0021436235
0.0000000000
-0.0010735374
0.0010735374
0.0064171343
-0.0010666668
-0.0010678058
-0.0010689472
-0.0118344576
0.0010816659
-0.0021645030
-0.0152841403
0.0000000000
0.0010995053
-0.0033021494
-0.0110865881
0.0000000000
-0.0022321438
0.0000000000
0.0066815393
-0.0066815393
-0.0011179431
-0.0033613477
-0.0067567825
0.0000000000
-0.0011305824
0.0067644001
0.0056022555
-0.0022371374
-0.0022421534
-0.0011229647
0.0067189502
-0.0011166947
-0.0044792908
-0.0022471920
0.0000000000
0.0000000000
0.0011242272
-0.0112995553
-0.0011370098
-0.0230159757
0.0000000000
-0.0046674530
-0.0011702751
0.0035067248
0.0034944706
-0.0023282898
-0.0046729057
-0.0011716463
0.0011716463
-0.0011716463
0.0011716463
-0.0023446670
0.0058513918
-0.0011675425
-0.0035108287
-0.0023474189
0.0000000000
0.0011743983
0.0011730207
0.0023419214
0.0046674530
-0.0023310034
-0.0046783711
-0.0023474189
0.0035190652
-0.0035190652
0.0128431421
-0.0011607662
0.0023201867
-0.0011594204
-0.0023228814
0.0000000000
-0.0011634673
0.0000000000
-0.0046674530
0.0023364497
-0.0164709606
0.0011855366
0.0047281412
0.0023557137
0.0046948443
-0.0023446670
0.0000000000
0.0000000000
0.0000000000
0.0000000000
-0.0011743983
-0.0047114339
0.0035356548
-0.0011771632
-0.0070922283
0.0000000000
-0.0011869438
0.0011869438
0.0000000000
0.0011855366
-0.0023724804
0.0047393454
0.0023612762
-0.0118625353
0.0011926060
0.0083086531
0.0094118342
0.0127983131
-0.0034742363
0.0057837061
0.0000000000
-0.0011540682
0.0091954671
0.0057045220
-0.0034188067
0.0000000000
0.0102215541
0.0022573373
-0.0022573373
0.0022573373
-0.0045197817
-0.0056786070
-0.0091533820
-0.0080785206
-0.0034823018
0.0034823018
0.0069284342
-0.0057703565
-0.0034782644
0.0069444724
0.0126076169
0.0000000000
-0.0034227073
-0.0034344624
0.0000000000
0.0011461319
-0.0045924306
0.0011500864
-0.0220810831
0.0058582476
0.0058241283
0.0023201867
0.0160923013
-0.0160923013
0.0034702175
0.0160369989
-0.0056980211
0.0034227073
-0.0022805027
0.0034188067
-0.0034188067
-0.0022857153
0.0034266167
0.0056850636
-0.0056850636
-0.0011409014
0.0056915350
0.0033994367
0.0101295182
0.0166577977
-0.0022050726
0.0000000000
-0.0044247860
0.0000000000
0.0000000000
-0.0033314856
-0.0066964536
0.0078081824
0.0000000000
0.0055401804
-0.0055401804
-0.0033389013
0.0033389013
-0.0022246950
0.0044444518
-0.0055586580
-0.0033500869
0.0066889882
-0.0304592075
-0.0126802852
-0.0081538017
-0.0035149421
0.0035149421
-0.0011702751
0.0000000000
0.0011702751
-0.0046893404
-0.0011757791
-0.0011771632
-0.0023584917
0.0023584917
0.0128732029
-0.0046620131
0.0058241283
-0.0058241283
0.0023337233
-0.0011661809
0.0081348502
-0.0023174981
0.0023174981
-0.0011580777
-0.0011594204
-0.0011607662
0.0023201867
0.0023148158
0.0034622077
0.0034502622
0.0011474471
0.0011461319
-0.0011461319
-0.0011474471
-0.0046030001
0.0068965791
-0.0034423442
-0.0011500864
0.0045924306
-0.0034423442
0.0022962123
-0.0034462986
-0.0023041485
-0.0023094698
0.0034622077
0.0023014970
-0.0046083031
-0.0011554016
-0.0011567381
0.0000000000
-0.0011580777
0.0011580777
0.0011567381
0.0000000000
0.0000000000
0.0023094698
-0.0011540682
0.0000000000
0.0000000000
0.0000000000
-0.0023121398
0.0011567381
0.0000000000
0.0046136183
0.0000000000
0.0000000000
0.0000000000
0.0045924306
-0.0034423442
0.0000000000
0.0022962123
-0.0011474471
-0.0022988516
0.0000000000
-0.0023041485
-0.0023094698
0.0000000000
-0.0057971177
-0.0058309203
-0.0023419214
0.0011716463
0.0000000000
0.0000000000
0.0000000000
-0.0070505580
0.0047058910
0.0035149421
0.0069930355
-0.0023255824
0.0023255824
0.0000000000
0.0011607662
0.0034742363
-0.0023148158
0.0057770236
0.0148659113
0.0146481492
-0.0056085397
0.0089586265
-0.0055897295
0.0000000000
0.0011204483
0.0000000000
0.0044692812
0.0022271724
0.0099613441
-0.0022050726
-0.0022099457
-0.0022148403
0.0011080334
0.0011068070
0.0022099457
-0.0055340484
-0.0011104943
-0.0011117289
-0.0011129662
0.0044444518
-0.0066741071
-0.0123527680
-0.0056657375
0.0011357185
-0.0056915350
0.0011409014
0.0022779053
0.0022727283
0.0000000000
0.0000000000
-0.0045506336
0.0056850636
0.0067796870
-0.0170361872
-0.0045924306
0.0000000000
-0.0080878546
0.0000000000
-0.0011607662
0.0034782644
-0.0011580777
-0.0034823018
0.0161479864
-0.0022909517
0.0136676387
0.0399166074
0.0097350688
-0.0097350688
0.0043384016
-0.0032520354
-0.0032626456
0.0054318439
0.0021645030
-0.0021645030
0.0021645030
0.0010804971
-0.0054141984
0.0010851873
-0.0076211583
0.0043620571
0.0010875477
-0.0253178080
0.0066666914
0.0055218252
0.0011007156
-0.0144046812
0.0022296553
-0.0022296553
0.0055648446
-0.0089186767
-0.0078696303
-0.0090703570
-0.0034227073
0.0022831060
-0.0022831060
0.0045610113
-0.0045610113
0.0045610113
0.0000000000
-0.0022779053
0.0011396013
0.0011383041
-0.0022779053
0.0022779053
-0.0022779053
0.0011396013
0.0169399872
0.0000000000
0.0022371374
0.0022321438
0.0044493955
0.0011092625
0.0055279301
-0.0022075064
-0.0122291685
0.0022346378
0.0011154491
-0.0033500869
-0.0022396426
0.0022396426
0.0044642931
-0.0067039357
0.0011204483
-0.0044893454
0.0078431775
-0.0022346378
0.0055772593
0.0033314856
-0.0011092625
0.0132306230
-0.0088009369
0.0044101505
0.0010995053
0.0043859719
0.0010934938
0.0010922994
-0.0032804841
-0.0032912811
-0.0010995053
-0.0022026441
0.0011019285
0.0011007156
-0.0033057881
0.0000000000
-0.0055340484
-0.0011104943
0.0022197567
-0.0011092625
0.0022172958
-0.0022172958
0.0011092625
0.0000000000
-0.0033314856
0.0000000000
0.0044395189
0.0077220461
0.0010982977
0.0098307728
0.0065005646
-0.0054141984
-0.0021739139
-0.0054555509
-0.0076881213
-0.0022075064
-0.0280130362
0.0056657375
-0.0045300191
-0.0034110323
0.0022753138
-0.0011370098
0.0022727283
-0.0011357185
-0.0011370098
-0.0022779053
0.0022779053
-0.0022779053
-0.0034266167
-0.0022909517
0.0011461319
-0.0011461319
0.0068571697
-0.0022805027
0.0011409014
0.0056850636
0.0000000000
-0.0068259651
-0.0022857153
0.0045662180
0.0045454624
-0.0011344301
-0.0034110323
0.0000000000
-0.0034227073
0.0034227073
0.0000000000
-0.0080046168
0.0034383988
-0.0022909517
0.0000000000
-0.0011474471
0.0159456682
0.0067567825
-0.0090192269
0.0067720349
-0.0011254925
0.0022497197
0.0145010907
-0.0066666914
0.0044493955
0.0359711806
0.0021390382
-0.0139862420
0.0032450001
-0.0021621630
-0.0021668481
0.0021668481
-0.0097880064
0.0065359710
-0.0010863662
0.0043384016
-0.0010828371
-0.0043431121
0.0000000000
-0.0076461323
0.0141537474
-0.0108696722
-0.0021881847
-0.0088009369
0.0044101505
-0.0121750259
0.0022246950
0.0000000000
0.0044345971
-0.0044345971
0.0022197567
0.0044247860
0.0055035912
-0.0066079536
0.0033094349
0.0011007156
-0.0066225408
0.0000000000
-0.0022172958
0.0066371925
0.0000000000
0.0044004471
0.0032876742
0.0032769008
-0.0032769008
0.0065430986
-0.0043573054
0.0065288589
0.0043290111
0.0000000000
0.0075309662
-0.0053734681
0.0021528534
-0.0021528534
-0.0021574981
0.0000000000
-0.0021621630
0.0064725145
-0.0021528534
0.0021528534
0.0021482285
-0.0034501509
0.0009470207
-0.0007209457
-0.0031589131
-0.0003780126
0.0032247134
0.0042120255
-0.0088853095
-0.0010499030
0.0232491446
-0.0114178721
0.0078777077
0.0180983275
0.0052106473
-0.0106477732
-0.0011119738
-0.0018595470
0.0097112525
-0.0081771392
-0.0060555504
-0.0029621188
-0.0012827786
-0.0014756390
-0.0066621078
0.0069489132
0.0058984101
0.0096668855
-0.0006485356
-0.0071723287
0.0032827621
0.0093783523
0.0192934018
0.0023449777
-0.0061186636
0.0069228454
-0.0090973836
-0.0082797209
0.0022132598
-0.0031973538
0.0012429052
0.0018614661
-0.0065823469
0.0006757776
-0.0033834638
0.0032171610
-0.0058485491
0.0016402095
0.0022417910
0.0021016717
-0.0013000184
-0.0110610526
-0.0022860283
-0.0078458349
0.0000318889
-0.0024158071
-0.0000852451
0.0026073414
-0.0020001283
-0.0023670164
0.0011735463
-0.0108273733
0.0011849236
0.0031815668
0.0012012013
-0.0002358364
-0.0041684633
-0.0048239673
-0.0008333289
-0.0032099275
0.0026251005
0.0000108332
-0.0024513006
0.0000108597
-0.0020545830
-0.0018516507
-0.0037026764
0.0013668898
0.0083682497
0.0028459681
0.0049368444
0.0023949535
-0.0042568809
-0.0062351955
-0.0089722833
0.0004046126
0.0043202267
-0.0053922609
-0.0035305119
-0.0022321806
-0.0003082784
0.0059943530
0.0037801033
-0.0003926402
0.0044300598
-0.0019785841
-0.0087108660
0.0076002750
0.0053998099
-0.0054542824
0.0097683390
-0.0051487404
-0.0003687836
0.0040383536
0.0004753006
-0.0080892202
0.0068897323
-0.0032816210
0.0078880101
0.0054848178
-0.0010924164
0.0039356656
-0.0025435788
-0.0028719639
-0.0030524529
0.0034494465
-0.0010518408
-0.0025160221
0.0016887989
0.0026725787
0.0027616639
-0.0006308710
0.0026917917
0.0017266191
0.0036247136
0.0053756174
-0.0060973862
-0.0008923166
-0.0020638744
-0.0002982309
0.0034136804
-0.0034030277
-0.0041952505
-0.0010703087
-0.0075999398
0.0113196812
-0.0023606456
-0.0047380753
0.0107302671
0.0009350363
-0.0003717847
0.0093902368
-0.0036166405
0.0016886904
0.0043772956
-0.0019547883
-0.0011051993
0.0017782459
0.0010822341
-0.0005777463
0.0007457553
0.0000419978
0.0001889684
-0.0028803922
-0.0003474690
-0.0061162270
0.0043243196
-0.0032864698
-0.0030849335
-0.0041814132
0.0041707956
-0.0039149403
-0.0096181364
0.0006993045
-0.0054027080
-0.0042585764
-0.0033284416
0.0034261695
0.0018983674
0.0034944076
-0.0023571146
-0.0009314013
-0.0041803130
-0.0009579588
0.0101532516
-0.0007765399
-0.0010147244
0.0065666479
0.0031067903
-0.0051367681
-0.0063203291
0.0013839635
0.0033115649
0.0007535471
0.0021498681
0.0015450481
0.0033073804
0.0019109340
0.0013003349
-0.0050616258
-0.0057224302
-0.0027709659
0.0032338417
0.0005917383
-0.0010330802
0.0011944026
-0.0034472020
0.0044145904
0.0060197268
-0.0028446783
-0.0009536004
0.0033069202
-0.0001389060
0.0000854829
0.0038391857
0.0005214181
0.0010845296
0.0030664618
-0.0035022588
-0.0041122071
0.0010776266
0.0010658141
0.0033923752
-0.0000637004
0.0005519350
0.0000636652
0.0003076580
-0.0003076580
-0.0016459860
-0.0000531415
0.0027596180
0.0000423962
-0.0050152049
0.0007985903
0.0014252289
-0.0023836138
-0.0042171406
-0.0018204603
-0.0018559947
0.0002791557
-0.0000214707
0.0005473601
0.0010080754
0.0018954307
-0.0001390902
-0.0032795700
-0.0009666299
0.0015568885
0.0006327994
0.0041408370
0.0030917528
0.0003937783
0.0026566085
0.0007531918
0.0008479877
0.0008896138
0.0032129560
-0.0035729425
-0.0017700527
0.0063238475
-0.0003373890
-0.0030839448
0.0003067079
0.0041577030
-0.0009692884
-0.0023428112
0.0014358869
-0.0009077476
0.0019411541
0.0049728071
0.0034652645
-0.0012339742
-0.0003139652
-0.0023159196
-0.0173556676
-0.0040219120
0.0001071754
0.0003000300
0.0012313229
-0.0022710970
0.0011790432
-0.0031436276
-0.0020653608
0.0039655938
-0.0156743021
0.0019700579
0.0029098826
0.0013110209
-0.0020593981
0.0009001535
-0.0002059877
0.0045759244
0.0059615582
-0.0003755828
-0.0015144927
-0.0038556445
0.0015849829
-0.0011858050
0.0009703086
-0.0063347454
0.0031399580
0.0001297171
-0.0006812026
-0.0009739523
-0.0047970051
0.0037679142
-0.0014099480
-0.0042636103
0.0052399398
-0.0005097420
0.0006398473
0.0021442968
0.0034019332
-0.0002695723
-0.0021700062
-0.0020664182
0.0007253555
0.0014599411
-0.0003566777
-0.0017419816
0.0076808110
0.0069715051
-0.0001173953
-0.0035497049
-0.0024343306
-0.0036788080
0.0103456777
0.0016305133
-0.0031461827
-0.0093905465
-0.0047014661
-0.0036684145
-0.0112626117
-0.0020474216
0.0083067255
-0.0139533053
-0.0015192937
0.0056882471
0.0053048771
0.0002195125
0.0007788803
0.0056860583
-0.0010909647
-0.0075602714
0.0018240761
-0.0074380098
0.0025075544
0.0020169408
0.0044493100
-0.0003398657
0.0009754334
-0.0018969408
0.0011188628
0.0025620826
-0.0009518028
-0.0003941146
0.0005582831
-0.0037497577
0.0010649570
0.0014912283
0.0006681381
-0.0001861575
-0.0024341850
-0.0023410849
0.0016382361
-0.0006263909
0.0038181805
-0.0020389378
0.0063006804
-0.0013202907
0.0005130472
-0.0007642089
-0.0001529119
0.0030211339
-0.0039500297
-0.0012471694
-0.0002299115
0.0085477129
0.0049922405
-0.0014160863
-0.0028382028
-0.0004882892
0.0009329674
-0.0028776373
-0.0024715970
-0.0085505697
0.0019552281
-0.0020871789
0.0002528904
0.0009230567
0.0009551256
0.0012940017
-0.0008332329
-0.0024379007
-0.0001979284
0.0010991065
-0.0022104317
0.0003302255
0.0010999649
-0.0003078682
-0.0020254955
0.0005948644
0.0018484294
0.0035333012
0.0037827896
-0.0002728439
-0.0029952579
0.0020233291
0.0012775089
-0.0000109120
0.0053652109
-0.0009229851
-0.0034606253
-0.0037023933
-0.0046940719
-0.0004618227
0.0003848670
-0.0002968844
0.0000219945
0.0000219940
0.0030524652
-0.0008884258
0.0036255140
-0.0017399207
0.0054612714
-0.0004576011
-0.0027390849
0.0004916233
-0.0003386479
0.0012011358
-0.0011465074
0.0001420199
0.0009717484
-0.0003711183
-0.0025688549
0.0058495654
-0.0054884341
0.0005250492
0.0109411948
0.0093236251
0.0013921464
0.0032372688
-0.0052725985
-0.0022759001
0.0012888814
0.0084226326
0.0134374957
-0.0103767894
0.0009439516
-0.0007529682
-0.0006049061
0.0108117151
-0.0113851218
-0.0028400196
0.0089289148
-0.0040728083
-0.0049626311
-0.0055228398
0.0077149596
-0.0037059956
-0.0017512765
0.0037550716
0.0034121200
0.0053867409
0.0036241848
0.0026780807
0.0022733592
-0.0012879516
0.0060067142
-0.0035683395
0.0045364794
0.0086300763
0.0032750109
0.0052812240
-0.0081333823
-0.0013723439
0.0041319605
-0.0018938425
-0.0011854755
0.0002165830
0.0030272475
0.0071914750
0.0008978585
-0.0012041309
-0.0020953761
0.0035034534
0.0023322260
-0.0044757401
0.0077459406
-0.0032600280
0.0024688486
0.0018451125
0.0008605635
0.0179624829
0.0094083192
0.0010432045
0.0009929853
-0.0009634765
-0.0190960527
-0.0000802093
0.0061773016
-0.0021946678
-0.0028803188
-0.0018846934
0.0026956220
0.0000800560
0.0061451481
-0.0060250761
0.0003601297
-0.0052949441
-0.0042118053
0.0000706789
-0.0021023062
0.0061730459
0.0051552710
0.0060937790
0.0059481498
-0.0063161132
-0.0041264710
-0.0014793050
0.0026172795
0.0037242878
-0.0107122825
-0.0081000690
-0.0009220933
0.0002027308
0.0049944498
0.0005343631
-0.0027555317
-0.0067848439
0.0038189695
-0.0028323598
0.0011379686
-0.0012396360
0.0000915011
-0.0003762246
0.0030362597
-0.0027210349
-0.0008950913
0.0009255917
0.0029642585
0.0039555533
-0.0029221604
0.0039817338
0.0024377971
-0.0011274980
-0.0001108050
0.0103324615
0.0053595439
0.0009218463
0.0183871477
0.0100558804
-0.0016770118
-0.0064158923
0.0042044955
0.0031562666
-0.0051206852
0.0099276010
0.0140945318
-0.0002648180
-0.0025097919
-0.0030010659
0.0020523353
-0.0066282169
-0.0000764424
0.0006113754
-0.0035588588
-0.0000575049
0.0039982836
-0.0050531259
-0.0017861778
-0.0081550383
0.0014912080
-0.0017141118
0.0093194442
0.0017749128
0.0009868312
-0.0028961900
-0.0006052309
-0.0003075592
-0.0022808100
-0.0026723667
-0.0028345211
0.0020807231
0.0004832692
0.0011492423
0.0010225838
0.0018399446
0.0032093811
0.0062068934
0.0049455144
-0.0029072826
-0.0052755468
0.0037043798
0.0079258145
-0.0045769706
0.0080972868
0.0085461385
0.0083810936
-0.0002316048
0.0041791547
-0.0281555872
0.0045449029
0.0128967434
-0.0007370263
-0.0067047728
0.0029552651
-0.0094026435
-0.0057851323
0.0029441675
0.0018286131
-0.0025780783
-0.0012820332
0.0018038722
0.0047787442
0.0006511676
-0.0034494036
-0.0039934602
0.0008835392
-0.0052270650
0.0088196732
0.0010970098
0.0060685058
-0.0035951965
0.0072991996
-0.0054717516
-0.0031766257
0.0000000000
0.0008116118
-0.0014727126
-0.0097498767
0.0021061166
-0.0048191485
0.0037142286
0.0000857702
-0.0048049231
0.0004978030
-0.0066353548
-0.0041611012
-0.0058703552
-0.0012074474
0.0047240968
-0.0075732127
-0.0034355718
-0.0036540486
-0.0016743164
0.0094183902
0.0028569916
0.0047209763
-0.0015032420
-0.0000097057
0.0007955527
-0.0030206368
0.0038446276
0.0064231880
0.0022311992
0.0064348315
-0.0005919589
-0.0044125249
0.0085393863
0.0049241787
0.0084350510
0.0034290245
-0.0045370683
-0.0152994170
-0.0151883645
-0.0119268273
0.0006075692
-0.0137603955
0.0097160594
0.0024854740
0.0010787170
-0.0040266006
0.0056620681
-0.0074349785
0.0054956267
0.0013324844
0.0038502930
-0.0013761940
-0.0059068884
-0.0069604934
0.0085606587
0.0091977566
-0.0025204741
-0.0036215124
0.0039137847
-0.0063321656
0.0040599360
-0.0006445753
0.0085797357
-0.0020846572
0.0173965958
0.0160389500
0.0047292482
-0.0047010875
0.0049252881
-0.0077264630
-0.0026108322
-0.0020784529
-0.0008609883
-0.0086986417
0.0034124195
-0.0068748480
0.0017422775
-0.0039196006
-0.0083696214
-0.0080692641
0.0047133610
0.0078097801
-0.0047540915
-0.0048254629
0.0076497224
-0.0047632968
-0.0046495877
-0.0253363078
0.0042111208
-0.0020734073
0.0052350409
0.0025379718
0.0017411266
-0.0051828221
-0.0024471293
-0.0009366655
0.0048829339
-0.0011315924
0.0005163238
-0.0003375662
-0.0010233229
0.0002087237
-0.0062407364
-0.0048318474
-0.0053502196
-0.0097459732
0.0000306046
-0.0125341038
-0.0019542869
-0.0010977291
0.0002382889
-0.0021466468
0.0030681866
0.0044610661
0.0045643403
0.0012402816
-0.0011069545
-0.0007283882
-0.0003284612
0.0002258286
-0.0025795327
0.0000514501
-0.0058410296
-0.0034005880
0.0011209833
0.0084498525
0.0047819976
0.0004810374
-0.0001637314
0.0000614024
-0.0018232106
0.0035205178
0.0015822384
-0.0015311594
-0.0020042546
0.0040248903
-0.0087445904
-0.0011834138
-0.0028562462
0.0005161717
0.0023297779
0.0031355884
-0.0011297347
0.0024427305
-0.0073771459
-0.0128044319
-0.0060642491
0.0021865285
0.0016262811
-0.0029292128
0.0053270821
-0.0053901702
-0.0035604095
-0.0007706316
0.0002639818
-0.0035113733
-0.0036407099
0.0118603534
0.0066088417
-0.0095554989
-0.0092965813
0.0021677461
-0.0003291098
0.0022379323
-0.0116258695
0.0183413435
-0.0025288460
0.0094085728
0.0006477767
0.0026077538
0.0052262846
-0.0038001146
0.0022651949
0.0065690684
0.0031605036
0.0010170589
0.0030859317
0.0039740767
-0.0063722823
-0.0142614492
-0.0000208171
-0.0071449767
0.0010268340
0.0020087051
-0.0099679941
0.0006331719
0.0072109127
-0.0051558685
-0.0019284580
-0.0022070052
0.0013205645
0.0002955675
-0.0028961018
-0.0007306343
0.0025073408
-0.0008456571
-0.0001374868
0.0032839365
0.0006955276
0.0102814390
0.0020936090
-0.0045887427
0.0040891746
-0.0030548701
0.0012939852
-0.0053537573
0.0063752398
-0.0084848677
0.0118130731
-0.0020892350
-0.0001873088
0.0037498940
-0.0058960412
0.0061759398
-0.0013795180
0.0000622749
-0.0018179462
-0.0000103978
0.0079538107
0.0007630518
0.0020388207
0.0030607133
-0.0013545966
-0.0062114880
-0.0011683150
0.0025623025
-0.0017660459
-0.0067208318
-0.0058761383
-0.0008482609
0.0026262250
0.0018999703
-0.0008138310
0.0061291471
-0.0017443857
0.0096184421
