-0.0023087428
0.0127363659
-0.0021807995
0.0022845285
0.0070284527
0.0015437661
0.0072749949
-0.0038870753
0.0059268516
0.0153678083
-0.0036184581
-0.0089006353
-0.0045822594
0.0119713310
-0.0030299993
0.0020210193
-0.0056691790
0.0002030251
0.0047592617
-0.0070965424
0.0020327276
0.0069813609
-0.0021196072
0.0012117542
0.0131336792
-0.0062946703
-0.0020066225
-0.0003013410
0.0093991293
-0.0015936258
0.0041778634
0.0011904763
0.0116314766
0.0008816183
-0.0086538056
0.0009871669
-0.0139098120
0.0012998052
0.0078626929
0.0106499380
-0.0029469569
-0.0452793643
0.0025700348
0.0213314335
0.0001004975
-0.0099985684
0.0007102633
0.0057648706
-0.0092194564
0.0044683734
-0.0155216023
-0.0022666402
-0.0034096226
-0.0135461069
0.0032469261
0.0025065287
0.0081030986
0.0013441557
0.0034039952
-0.0054726762
0.0004140787
0.0004139073
0.0080371375
-0.0022603523
0.0041059388
-0.0036945855
-0.0010287008
-0.0059874237
0.0036173881
0.0008249975
-0.0073457472
0.0004152824
0.0023845328
0.0039272477
-0.0054817327
-0.0006224712
-0.0080229657
0.0007320262
-0.0072391860
0.0003158393
0.0056681164
0.0034480991
0.0003128748
0.0000000000
0.0005212406
-0.0072172271
-0.0104469900
0.0031772956
-0.0053011150
0.0049838394
0.0060110911
-0.0011572249
-0.0046423379
-0.0016934805
-0.0013780677
0.0039172143
-0.0026450843
0.0043342739
-0.0047581374
-0.0023344663
0.0170638225
0.0001044332
0.0064536500
-0.0003113164
-0.0033267522
0.0020805167
0.0014537905
0.0029012558
0.0026865071
0.0010313532
-0.0021670717
-0.0007234021
0.0009299923
0.0008259344
0.0063779663
-0.0066876117
0.0000000000
0.0034008380
-0.0124225200
-0.0140566670
0.0028482534
-0.0008430815
0.0044182693
0.0010490979
-0.0080008849
0.0049554638
-0.0069657274
-0.0060551521
0.0019161173
0.0050917687
-0.0022244594
0.0021186449
0.0003174099
0.0105230898
0.0059489817
-0.0038575870
-0.0036628161
0.0018854096
0.0019863056
0.0030241433
-0.0039645331
0.0079134107
0.0011401919
0.0029997437
-0.0022748433
0.0012414651
0.0023751754
-0.0077660240
-0.0036448882
0.0014595499
0.0022892830
-0.0035401953
-0.0032387846
0.0025083625
0.0012518257
0.0005211319
-0.0071107693
0.0027247973
0.0060517714
-0.0024997409
0.0052007606
0.0092937472
-0.0037071405
-0.0101618461
-0.0075322042
-0.0078010094
0.0080110052
0.0018879804
-0.0094757500
-0.0094596018
0.0089305293
0.0068562053
-0.0068562053
0.0100048225
0.0123927647
-0.0020721101
0.0226618260
-0.0128573200
-0.0041165027
-0.0027882499
0.0040249809
-0.0013398611
0.0068863009
0.0000000000
0.0002048341
-0.0047218318
-0.0066068166
-0.0047757566
0.0035321042
-0.0069722953
-0.0088106297
0.0059870984
-0.0105275212
-0.0066896984
-0.0010659845
0.0100812654
-0.0081633106
-0.0076939897
-0.0359307010
0.0156666929
0.0032786915
0.0019620673
-0.0011985836
-0.0003271359
-0.0128425013
0.0011041185
-0.0054218667
0.0021058473
-0.0013294928
0.0049765101
-0.0034256070
-0.0119148450
0.0071436848
-0.0025613912
-0.0272410176
0.0044589338
0.0120196481
-0.0013534854
-0.0054323357
-0.0052338269
-0.0177240225
-0.0045388498
-0.0156354211
-0.0029664810
-0.0038099820
0.0064209495
0.0054373656
-0.0016517229
0.0050644947
0.0007046389
-0.0010571446
0.0000000000
0.0024649346
-0.0034055579
0.0171442767
0.0016175625
0.0064442110
-0.0010328801
0.0084610612
-0.0065109602
0.0016031150
0.0022857153
0.0009128253
0.0022784243
-0.0055913879
-0.0036684668
0.0004592950
-0.0044871501
0.0039129984
0.0010332358
0.0035507740
-0.0033213110
-0.0056370584
0.0001153602
0.0000000000
-0.0041613746
0.0032381201
0.0028823448
-0.0024206109
0.0097617772
0.0006854793
0.0026233263
0.0046593641
-0.0009074411
-0.0069464494
0.0066059466
-0.0020454553
0.0052189817
-0.0001131670
0.0007919000
-0.0012446961
-0.0036297681
-0.0054694758
-0.0010288655
0.0002287283
0.0022844099
0.0065954299
0.0100367349
-0.0038223768
-0.0054212918
0.0011318620
-0.0053309263
0.0081549891
-0.0096345319
0.0048855406
0.0030555108
-0.0050977171
0.0052107050
0.0022570826
-0.0006765900
0.0033783816
0.0032549555
0.0030209813
0.0005584408
0.0061223545
0.0052022919
-0.0084257705
-0.0025639611
-0.0052599304
0.0072670676
0.0021142833
-0.0052382399
0.0004468775
0.0024542627
-0.0053625422
-0.0034786547
0.0017969457
0.0038078218
0.0085703680
-0.0038865187
-0.0023391824
0.0046729057
0.0013311150
0.0024357851
-0.0044331226
-0.0110572412
0.0087219607
-0.0026755869
0.0097756833
-0.0002211166
-0.0037664828
0.0044296861
0.0036397768
-0.0058521671
-0.0004430660
0.0014392474
0.0008846622
0.0045216509
-0.0012111204
-0.0053021222
-0.0031059371
-0.0003333519
0.0017765938
-0.0006658529
-0.0020002229
-0.0090508467
0.0019063645
-0.0028047362
-0.0108438880
0.0055495924
-0.0080512994
0.0025017070
0.0056625293
0.0000000000
0.0022560641
-0.0037252400
0.0010173516
-0.0069157353
-0.0047896089
0.0011424656
0.0021670952
0.0027306878
-0.0069551617
0.0063868830
0.0120912259
-0.0152795684
0.0031883425
-0.0033024001
-0.0142449278
0.0068031395
-0.0018403502
-0.0128615411
-0.0411864924
0.0169893839
-0.0050305532
0.0045525417
0.0076208990
-0.0023752980
0.0041530763
-0.0001184203
0.0003552188
-0.0053415760
0.0014272124
-0.0022606946
0.0020229673
-0.0008324910
0.0039185468
0.0034309410
0.0058879115
0.0099305682
0.0083353111
-0.0012689625
0.0010383618
0.0026487031
-0.0050732266
0.0044980181
0.0091638671
-0.0038843874
-0.0005725082
0.0002290426
0.0026302262
-0.0086024503
0.0080312501
0.0021688268
-0.0001140316
0.0044376246
0.0009078530
0.0024923543
-0.0034002073
-0.0006814310
0.0052124764
0.0011295607
-0.0024867199
0.0040659645
0.0019143072
0.0017983595
-0.0028113597
-0.0041753714
-0.0033982815
0.0005671828
0.0019260188
0.0024870011
0.0004515182
-0.0029385193
0.0000000000
0.0031642020
-0.0036170493
0.0015840691
-0.0007917209
-0.0028327026
-0.0027269645
-0.0074230912
0.0006875215
-0.0042472658
0.0003450457
0.0033293183
0.0010309870
0.0042273699
0.0030735980
0.0017034812
0.0030589725
-0.0030589725
-0.0003404642
-0.0005676980
-0.0018188024
0.0026134894
-0.0087764854
-0.0004580328
0.0003435442
-0.0020630380
0.0060623577
0.0026194423
-0.0059320274
-0.0020616202
0.0035479293
-0.0060734731
0.0078997491
0.0046646652
0.0043040048
0.0087769214
0.0017909116
-0.0095511710
-0.0079347503
0.0040885917
0.0054255813
0.0033761004
-0.0033761004
-0.0024830713
0.0034970987
0.0133119030
0.0074176925
0.0015430401
0.0014306941
0.0061396970
-0.0028458863
-0.0062675448
-0.0029826037
-0.0046573604
0.0044360725
-0.0015503879
-0.0028856846
0.0009998334
-0.0018894143
0.0196084714
0.0085809466
-0.0108744003
-0.0070221926
0.0017601765
-0.0026414279
0.0007711375
0.0087710243
0.0015270509
0.0071677110
-0.0002164502
0.0058277739
0.0045093484
-0.0132637950
-0.0033708508
-0.0020716357
0.0033778294
0.0013044898
-0.0011957173
-0.0006528126
-0.0015248887
0.0022864619
-0.0084093763
0.0033941019
-0.0038328909
0.0080865920
-0.0001088435
0.0091018073
0.0066652580
0.0031024363
-0.0058921377
-0.0073331505
-0.0053177183
0.0026081301
-0.0122298969
-0.0023098509
0.0085526837
-0.0002183883
0.0003275646
-0.0037186962
-0.0098002216
-0.0029921893
-0.0018885747
0.0012224261
-0.0047870951
0.0032310206
-0.0041241768
-0.0073991369
-0.0071142528
0.0046356576
0.0032659526
0.0022461824
-0.0133260018
0.0114170686
0.0081715348
-0.0125646706
-0.0116960398
-0.0126438466
0.0045011329
-0.0060060241
-0.0012751407
-0.0379455724
-0.0050730873
-0.0042473215
0.0140081991
-0.0030024643
-0.0010830978
0.0081545002
0.0021474597
-0.0005960541
-0.0023877757
0.0033412919
0.0034488944
-0.0044024106
-0.0004770992
-0.0059830261
0.0103875330
0.0096927473
-0.0005883391
-0.0067316463
0.0054360805
0.0104344695
-0.0004666356
0.0034944706
0.0072988796
-0.0078804441
0.0015113646
-0.0004647920
0.0019738758
0.0024329503
-0.0009261404
-0.0032482627
0.0055620074
0.0042663657
-0.0090153176
0.0042866311
-0.0047511533
0.0018567952
0.0008112650
-0.0056927252
-0.0051395978
-0.0117800867
0.0076728229
-0.0028261912
0.0001179176
0.0004715313
0.0072804455
-0.0026946299
0.0001173089
0.0050313100
-0.0023369957
0.0021035417
0.0024485525
0.0039516555
0.0004638757
-0.0061638853
-0.0018682864
-0.0028089906
-0.0024643561
0.0032844604
-0.0001171166
0.0066538505
0.0047588738
0.0020821292
-0.0044007019
0.0000000000
-0.0004643604
-0.0022086612
0.0023247715
-0.0099178224
0.0026933678
0.0075727047
0.0017394334
-0.0017394334
0.0056709833
0.0021903288
-0.0032295299
0.0051852395
0.0030982869
0.0000000000
0.0024031596
0.0012564968
-0.0041180566
-0.0024100545
0.0019514441
0.0018331811
0.0072993025
0.0046482709
-0.0048755695
0.0034040655
-0.0029495200
0.0065677962
0.0023673987
-0.0010139132
0.0001127078
-0.0154460765
-0.0078134374
0.0113552863
-0.0076707686
0.0030982869
-0.0014905696
-0.0035634270
-0.0060060241
-0.0012751407
0.0026643514
-0.0053358206
0.0006975933
-0.0060620377
-0.0039836022
-0.0015273457
0.0052770571
-0.0050419290
-0.0120625871
-0.0160713462
0.0060270192
0.0094492659
0.0103038751
-0.0065015892
0.0018957352
-0.0085592534
0.0055955858
0.0080407197
0.0009417305
0.0010583878
0.0028169033
0.0016395366
-0.0008194323
-0.0044601013
0.0018803625
-0.0037642675
-0.0030689354
-0.0120117993
0.0108289271
-0.0043888333
0.0045071835
0.0023640673
0.0024762704
-0.0029486369
0.0000000000
-0.0087792710
0.0041619657
0.0127345195
-0.0010550379
-0.0009387468
-0.0004697041
0.0011738468
-0.0057650610
0.0021216415
0.0027044522
0.0008216445
0.0000000000
-0.0024669616
-0.0003529204
-0.0027098691
0.0075223674
0.0045563488
-0.0026845654
-0.0005845560
-0.0068059404
-0.0054309461
0.0041349223
-0.0025970974
0.0040108583
0.0018819107
0.0017610806
-0.0027015932
-0.0003529204
0.0008232873
0.0010575173
-0.0008224168
-0.0012937373
-0.0029465517
0.0043578186
-0.0081421183
0.0046102097
-0.0027162698
0.0115227612
0.0003506516
0.0010512178
0.0011667251
0.0000000000
0.0006993822
-0.0024499808
-0.0195807152
-0.0011918953
-0.0085035544
-0.0074852456
0.0051973284
-0.0007235890
0.0051741888
-0.0044505998
-0.0041072781
0.0041072781
0.0018066852
0.0061184283
-0.0011967450
0.0014359222
-0.0009570524
0.0029877524
0.0040490707
-0.0091935457
0.0029941935
-0.0033540999
-0.0007202017
0.0001200696
-0.0021634624
-0.0040993547
-0.0010879421
0.0018125798
-0.0001207365
-0.0077576147
-0.0051238370
-0.0074888325
0.0068770994
-0.0272935935
0.0096377240
0.0001245563
0.0102844596
-0.0125288496
0.0049807101
-0.0021137714
0.0086752310
0.0063960858
0.0030605398
-0.0055157338
0.0012283505
-0.0118549178
0.0066856755
0.0006167890
0.0022172958
-0.0250433570
-0.0056936954
-0.0157302304
0.0093656468
0.0094052549
-0.0092775654
-0.0012776289
0.0034458588
-0.0043411713
0.0262674529
0.0003738551
0.0007472911
0.0079365496
-0.0108042032
-0.0011243677
0.0042409943
0.0053379805
-0.0002476474
0.0043249990
-0.0016042454
0.0012342633
-0.0011107684
-0.0019777510
0.0099723818
0.0041564852
-0.0029321951
-0.0071218376
-0.0128986037
0.0241718514
0.0094592022
0.0027722551
0.0063591312
-0.0022750414
0.0219346040
-0.0038775679
0.0002354326
0.0016464781
-0.0049475893
-0.0011816142
-0.0024859439
0.0102589191
-0.0003520094
-0.0087223561
0.0013013903
0.0005909816
-0.0022475907
-0.0002368826
-0.0001184624
-0.0042740181
0.0049845819
-0.0004736531
0.0062577688
-0.0030649558
-0.0014177696
-0.0009462977
0.0086019502
-0.0004694285
-0.0029389312
-0.0003532529
0.0023526655
-0.0004700905
-0.0018825750
0.0008240627
0.0023507298
-0.0019977679
0.0005879932
0.0021139174
-0.0016437717
-0.0060109793
-0.0013012364
-0.0007104796
0.0021299263
0.0069497894
-0.0041169264
-0.0074534507
0.0001187437
0.0045018439
-0.0014194467
0.0038986404
0.0017670971
-0.0047192159
-0.0021309349
0.0042573385
0.0032987777
0.0004703669
0.0032863879
-0.0009378664
-0.0035248538
0.0023512825
0.0014081204
0.0032779238
-0.0002337814
-0.0038653050
0.0025785293
-0.0053990741
-0.0051917521
-0.0031992444
0.0109767995
-0.0037633821
-0.0075695217
0.0008307127
0.0021329550
0.0076646799
0.0026981071
-0.0082343719
-0.0036684261
-0.0009488792
-0.0036854348
0.0136040425
0.0001174881
0.0037523496
0.0005850348
-0.0073965703
0.0035290003
-0.0048260938
-0.0016532833
-0.0003546309
-0.0003547567
-0.0013018524
-0.0046293631
-0.0016670640
-0.0041798592
0.0096469515
0.0031950799
-0.0117655407
-0.0021541416
0.0094199707
0.0056804886
0.0035339888
0.0000000000
-0.0017654333
0.0008242567
0.0018814681
0.0003523815
0.0004696489
-0.0003522160
0.0004695938
0.0044501772
-0.0016372358
-0.0016399207
0.0028096483
0.0025685945
-0.0035042671
0.0004679457
0.0010520780
0.0022174252
0.0091674561
0.0023076046
0.0052873686
-0.0033300829
-0.0061148157
-0.0055703985
0.0041807052
0.0008108891
0.0000000000
0.0011572736
-0.0047533566
0.0030169436
0.0017364130
-0.0015047170
0.0020828519
0.0035769957
-0.0006913239
0.0013821702
-0.0006908463
0.0006908463
-0.0009212345
-0.0009220840
0.0006916427
-0.0020763648
0.0006926007
0.0017294061
-0.0013832855
0.0018439558
0.0004604582
-0.0020737335
0.0017284097
0.0149691420
-0.0018163247
0.0002272211
0.0002271695
-0.0058090032
-0.0016005491
-0.0021762794
-0.0012621194
-0.0095749708
0.0027781011
-0.0078914185
-0.0017491696
-0.0004669624
-0.0012852721
-0.0010528164
-0.0005853773
-0.0051661498
0.0121681623
0.0012784010
-0.0004646840
0.0000000000
0.0124712933
-0.0071404196
0.0053026061
-0.0057650338
-0.0049846507
0.0026692989
0.0020840577
-0.0033597900
0.0054395134
-0.0082285914
0.0002327205
0.0012789956
0.0071784493
-0.0057850445
-0.0037200694
-0.0019819301
0.0000000000
-0.0050307213
0.0040966874
-0.0123407572
-0.0028422568
0.0003557242
0.0008295314
-0.0068941198
0.0008345753
-0.0056169852
-0.0083037964
0.0009663004
0.0052980256
0.0019196167
0.0050215314
-0.0029859682
0.0025088120
0.0045238172
0.0009497804
0.0008303185
-0.0026118975
0.0023747340
-0.0033262088
0.0030889890
-0.0003559352
0.0004745522
0.0069736114
0.0086783704
0.0065177139
0.0167955173
-0.0037716486
0.0029727897
0.0047836082
-0.0012506397
0.0013642567
-0.0012504975
-0.0065050158
0.0010299251
0.0009145994
0.0031945264
0.0031843539
0.0048705992
0.0148051156
0.0041108885
0.0098196850
-0.0026385240
0.0134494401
-0.0066474391
-0.0009845212
-0.0037280745
0.0028521301
-0.0075870395
-0.0182673825
0.0068336120
0.0031211707
-0.0004452855
-0.0015600627
-0.0001115262
-0.0026803679
-0.0034728092
-0.0006735519
-0.0074391687
0.0036137815
-0.0044060400
0.0049695155
-0.0041772570
0.0055283043
-0.0146203092
-0.0030873045
0.0047983641
0.0013667428
0.0031818209
0.0009072353
-0.0007937858
-0.0084302163
-0.0018321315
-0.0069005449
0.0009228285
0.0070087034
-0.0100110151
-0.0002313208
0.0018490702
0.0002308936
0.0051810605
-0.0025296093
0.0001151212
-0.0044995749
0.0012711621
0.0019613505
-0.0038108482
0.0031190460
0.0029943590
-0.0084300978
0.0009273213
0.0004633384
0.0000000000
0.0030064778
0.0002308936
-0.0012705748
0.0046125543
-0.0053062761
-0.0003470415
0.0025421784
-0.0032366229
0.0048510144
0.0076901383
-0.0014874996
0.0022875453
0.0007994062
-0.0009136593
-0.0026314299
-0.0037876659
0.0014938239
-0.0013788351
-0.0003450060
0.0017238411
-0.0042575290
-0.0012692553
0.0000000000
0.0066743631
0.0040061863
-0.0010286303
0.0077457956
-0.0007945968
-0.0007952287
0.0007952287
-0.0034125844
-0.0038817265
0.0013717423
0.0014839338
0.0019372122
-0.0018231546
-0.0034273997
0.0004576659
0.0001143838
0.0036533892
-0.0009120967
0.0022786839
-0.0015945334
-0.0020538574
0.0045584125
-0.0004549073
-0.0044462252
-0.0040071037
-0.0024119922
-0.0034558265
0.0063265869
-0.0082902029
-0.0035906681
-0.0073371318
0.0009346887
-0.0008178048
0.0050131262
-0.0015129476
0.0010476690
0.0001163399
0.0016273397
-0.0005808888
-0.0038423521
0.0003499154
0.0030274825
0.0000000000
0.0031342530
0.0040483544
0.0001154268
-0.0043956115
-0.0013921116
0.0047484020
0.0000000000
0.0064494062
-0.0051792715
-0.0055542841
0.0020864735
0.0034678107
0.0068997514
0.0030894240
-0.0020585552
-0.0026365580
0.0062932870
0.0014817350
-0.0003417440
-0.0030809632
-0.0002285976
0.0026257222
-0.0013690818
0.0022807628
0.0031843539
-0.0001135525
0.0005676336
-0.0040941715
0.0013665872
0.0020463854
0.0047586766
0.0034978879
-0.0012397860
-0.0022581019
0.0004520285
0.0020316034
-0.0031620580
0.0005653870
0.0220255983
0.0016573674
-0.0003312538
0.0083581263
-0.0068132132
-0.0044203851
0.0061830825
0.0051600268
-0.0041698733
-0.0016508010
-0.0012123217
0.0026431733
0.0002199494
0.0025259472
-0.0029658944
0.0015389692
-0.0008791209
-0.0018707021
0.0000000000
0.0026399751
0.0025234530
0.0058997221
0.0099719014
-0.0011870718
0.0004318255
0.0049526372
0.0177768266
0.0018973338
-0.0002106372
-0.0088870665
0.0080440739
0.0082935754
-0.0014647418
0.0015692842
0.0039645331
-0.0123626509
0.0006323111
0.0052537685
0.0033479839
0.0012526098
-0.0043910159
0.0051209810
0.0109891216
-0.0023741947
-0.0022762555
0.0017593795
-0.0006206041
0.0109077023
-0.0058506710
-0.0128472550
-0.0146003329
-0.0082873402
0.0064869691
-0.0015912590
0.0095097927
-0.0026325504
-0.0005273427
-0.0196022043
0.0033295772
0.0000000000
-0.0008581850
-0.0012886600
0.0061063985
0.0022403594
-0.0044857493
-0.0103293365
-0.0001081607
-0.0070556602
-0.0069960932
0.0045967029
0.0098876233
0.0025915142
0.0016162926
-0.0091937265
0.0076852681
-0.0005392871
0.0015092715
0.0009690445
0.0072914756
-0.0012828738
-0.0034290647
0.0053527587
0.0043679822
0.0014871471
0.0026501314
0.0020094132
-0.0058278311
-0.0003188606
0.0089952456
0.0028404627
0.0019940186
0.0042893825
0.0039591633
-0.0056308804
0.0055268924
0.0028038857
-0.0002074258
-0.0028044682
-0.0145636185
-0.0032771317
0.0025380724
0.0018993358
0.0022113419
0.0058731160
0.0125735537
0.0083295253
-0.0054423300
-0.0081675305
0.0094023527
-0.0082610961
0.0067173301
0.0084103060
-0.0093377109
-0.0018573940
0.0031967029
-0.0057821534
-0.0123992211
0.0103260370
-0.0058278862
-0.0095433580
-0.0003161722
0.0036824704
0.0018885747
0.0023034247
0.0012541808
-0.0207912085
-0.0003199829
-0.0108329477
-0.0092086670
0.0096399338
-0.0032390441
0.0043163982
-0.0029115241
0.0011872000
0.0022625663
0.0007530526
-0.0027999157
0.0020468631
0.0103849764
-0.0205527222
0.0154272438
0.0090585156
0.0127551405
-0.0001047504
-0.0029374759
0.0027279421
0.0077236581
-0.0017690831
0.0040538489
0.0062047769
-0.0054788993
-0.0096870712
-0.0009424578
0.0033469334
0.0012522176
0.0040589117
0.0025932279
-0.0006217617
0.0119527441
-0.0068863009
0.0020605818
0.0027750673
-0.0039078618
0.0061633477
-0.0082262675
0.0118040888
0.0127751915
-0.0039368143
-0.0031403561
0.0006085810
0.0032395250
-0.0104649164
-0.0036836223
0.0057242311
-0.0213245268
0.0085018656
-0.0085018656
0.0057104448
0.0132670224
0.0051969343
0.0004064628
0.0047636030
0.0223964570
-0.0100363539
-0.0037020403
0.0107678009
-0.0101665383
0.0096705803
0.0054420557
0.0006905056
0.0008870929
0.0018701713
-0.0071055268
-0.0001980983
0.0081882764
0.0047049685
-0.0061798225
0.0170727526
0.0098181557
0.0005745476
0.0311951036
-0.0031598539
0.0147836010
-0.0011012206
-0.0094096635
0.0111527033
0.0219390542
-0.0155434179
-0.0115417604
0.0166289807
-0.0354149884
-0.0130399656
-0.0116714230
0.0119567162
-0.0063910171
-0.0148465081
-0.0074088855
-0.0051994035
-0.0018705396
-0.0050382917
0.0074988018
-0.0093823216
0.0048502941
0.0054163311
0.0068513530
0.0064171343
-0.0030089807
-0.0034081536
0.0028247231
-0.0071258050
-0.0005879471
-0.0037317140
-0.0032520354
0.0013809432
-0.0053370358
-0.0114617291
0.0145290644
0.0056155017
-0.0006879269
0.0204346898
0.0834008729
-0.0125731738
0.0099112379
0.0081409175
-0.0022056562
-0.0050471617
-0.0119665654
0.0046607595
0.0082818052
0.0089172003
0.0213921201
0.0007740271
0.0112840999
0.0137607169
-0.0104510011
0.0005928938
-0.0176829448
0.0071278588
0.0040138403
0.0044221519
-0.0019535404
-0.0000850232
0.0054269615
-0.0031338695
-0.0029735377
-0.0045196853
-0.0002564431
0.0022203254
-0.0038459942
0.0112399003
-0.0060299983
-0.0024734543
0.0036653495
0.0013604287
0.0121612849
0.0130099408
0.0003313727
-0.0041500724
-0.0087716197
-0.0052157938
-0.0061762538
-0.0093793321
0.0103972302
0.0025402215
0.0010987619
-0.0139505495
0.0026519542
-0.0135904380
-0.0026014583
0.0028612323
-0.0022536197
0.0071765472
-0.0050095113
-0.0073871626
0.0189231032
-0.0097192525
0.0000864267
-0.0124354835
0.0093194073
0.0006066647
0.0033732679
-0.0153139685
-0.0012282858
0.0054281345
0.0095586407
0.0005187619
-0.0220230871
0.0226279693
0.0004318349
0.0019840421
0.0241796217
-0.0009257312
-0.0142459799
-0.0005980095
0.0099486387
0.0023662649
0.0111639217
-0.0133609819
0.0244016453
-0.0023969925
-0.0061426274
-0.0009996669
-0.0084537017
-0.0095435883
-0.0015286627
0.0023769111
-0.0060382035
0.0046806604
-0.0075851559
-0.0148240239
-0.0224787760
0.0140207755
0.0039327121
-0.0189307877
0.0042575903
0.0061766719
-0.0142638077
-0.0092331793
0.0065526916
0.0023235042
0.0017836445
0.0160866117
0.0016645499
-0.0050019849
-0.0044967673
-0.0144194755
-0.0238614179
-0.0068177894
0.0238421890
0.0239922322
0.0040457399
-0.0059864603
0.0058108985
-0.0128110600
-0.0068704263
0.0280738776
-0.0119982172
-0.0116981128
0.0124907502
-0.0006164414
-0.0021164029
0.0117596792
-0.0136152132
0.0015906684
-0.0090474273
-0.0095797322
0.0052041392
-0.0194286146
-0.0018266513
0.0133486659
-0.0057897755
0.0159312131
-0.0068993598
0.0075242204
0.0218896648
0.0051378177
0.0057162809
-0.0086738335
0.0037389722
-0.0324600733
-0.0095487619
0.0099073133
-0.0019736258
0.0000000000
-0.0008085164
0.0141884324
0.0043322644
0.0033468412
0.0008788891
-0.0047552045
-0.0092223763
0.0090458226
0.0006178015
0.0020272362
-0.0011453241
-0.0011466374
-0.0005296610
0.0059864603
0.0014033859
-0.0014033859
-0.0019328771
0.0020206464
0.0036793734
-0.0058759213
0.0015820007
-0.0008785803
0.0044727108
0.0082785537
-0.0020849630
-0.0028739406
-0.0003489184
-0.0005236059
-0.0051634473
0.0002631925
0.0062087559
0.0047832417
-0.0060917428
0.0026152922
0.0011311726
0.0044253619
-0.0117571570
-0.0095947217
-0.0022136636
0.0060097397
-0.0041499331
0.0067898502
-0.0019352575
-0.0036166405
0.0024713164
0.0071149670
0.0024477676
-0.0010483097
-0.0047310409
-0.0021098909
0.0036017081
0.0084698171
-0.0020889554
0.0033055006
-0.0088974767
0.0097655323
-0.0006075598
0.0008678296
0.0074324083
-0.0023274869
-0.0085807677
-0.0053240361
0.0041917798
-0.0086648829
-0.0029932235
-0.0011468397
-0.0159263120
-0.0118184424
0.0021756876
0.0013574049
-0.0056225776
-0.0077601156
0.0038419367
-0.0005479452
0.0014605206
-0.0063137877
-0.0009183580
0.0022943157
-0.0054230566
-0.0076791792
0.0157570641
-0.0033884368
0.0057626503
0.0059109889
0.0025355442
-0.0058959761
0.0018178518
-0.0150970432
0.0064326632
0.0081193713
-0.0077530374
-0.0102159096
0.0008322161
0.0050707710
0.0046791223
-0.0030251662
-0.0078345025
0.0002775593
0.0062707693
0.0000919244
-0.0015638658
-0.0067433630
0.0102356927
0.0024740014
-0.0028410412
-0.0088496153
0.0075639139
0.0030279419
0.0007326679
0.0090226176
-0.0155438807
-0.0042478594
-0.0051957808
0.0097200488
-0.0036917439
0.0117659230
-0.0004570175
0.0024654169
0.0044588090
-0.0205474116
0.0097759701
0.0083170063
-0.0031906677
0.0052818627
0.0036264772
0.0068542837
-0.0075785278
0.0000000000
0.0013575277
0.0009039957
0.0003613696
0.0049556348
-0.0055881173
0.0045989531
-0.0003599388
-0.0043294015
-0.0064384716
0.0004547728
-0.0025493959
-0.0081468710
0.0038528623
0.0070252558
-0.0110619586
0.0029373988
-0.0080987006
-0.0009244708
-0.0024076315
-0.0087531986
-0.0083588183
-0.0000943174
0.0004714980
0.0077945645
-0.0048762287
-0.0034841600
-0.0055810579
-0.0017089153
-0.0028546979
-0.0084211024
-0.0021164029
0.0096795044
0.0059906041
0.0031236714
-0.0113102950
0.0162127277
0.0004701237
-0.0096345319
-0.0043755420
0.0026656528
0.0106861861
0.0031930906
0.0077523388
-0.0200166435
0.0113262183
0.0078527093
0.0016747306
-0.0000929670
-0.0000929757
0.0023218028
0.0012052104
-0.0060406299
0.0102013312
-0.0134691554
0.0058744166
-0.0079339568
0.0032745503
0.0049382816
0.0119186517
-0.0047873411
-0.0015700765
-0.0134929698
-0.0190103611
0.0029556202
-0.0001904218
0.0151203032
-0.0097074416
0.0113942567
-0.0070472455
-0.0003772517
0.0151659900
0.0102602924
-0.0098887179
-0.0029764695
0.0012102594
0.0037147145
0.0029618681
0.0031374022
0.0099922911
-0.0037468630
-0.0000915625
0.0062982272
-0.0058404984
-0.0012821689
0.0074865683
-0.0009100010
-0.0064849293
-0.0011002110
-0.0004587787
0.0059477688
-0.0029237115
0.0057479288
0.0049006360
0.0102675855
-0.0062019883
0.0053055293
0.0001793561
-0.0075607921
0.0041475129
0.0056525205
-0.0016117482
-0.0025123387
0.0148031952
-0.0072850358
0.0177637122
0.0232045044
0.0148666885
-0.0011812354
-0.0055875526
0.0118993767
-0.0004195511
0.0009227802
0.0051018385
-0.0055211785
0.0056045987
0.0065683046
0.0035571035
-0.0065449055
0.0083599378
0.0048513848
-0.0008206139
-0.0008212878
0.0183177670
-0.0102980841
-0.0148625308
0.0153514487
0.0361610473
0.0082163301
-0.0059403020
-0.0281439992
-0.0033113950
-0.0034035689
-0.0094609628
-0.0050113064
-0.0044572917
-0.0090581082
0.0012514080
-0.0010844631
0.0054105930
0.0055466014
-0.0069588550
-0.0112863297
-0.0055644693
0.0002536033
-0.0010994123
-0.0022024575
0.0048221404
-0.0061799138
0.0052511343
-0.0104446243
0.0018761732
-0.0075259057
-0.0011165988
-0.0076780777
0.0009521749
0.0146865696
0.0097570027
-0.0077128831
0.0079661438
0.0073167981
0.0052651494
-0.0050975751
-0.0014252780
0.0000838961
0.0002516462
-0.0090993972
0.0071684895
0.0131070040
-0.0077432634
0.0133672961
0.0030468999
-0.0084221454
-0.0094139905
-0.0167120702
0.0045008780
0.0151365150
0.0083112181
-0.0025690977
-0.0041576644
0.0044895320
0.0053774690
0.0033771294
-0.0013165475
-0.0023081372
0.0087918072
-0.0015555286
-0.0011477293
0.0022941428
0.0070948310
-0.0042345340
-0.0014699880
-0.0057372504
-0.0023865378
-0.0030531855
-0.0102173086
0.0075691773
0.0151318677
-0.0004081799
-0.0014708288
-0.0132528589
0.0091558358
0.0002462953
0.0145059996
-0.0109006204
-0.0068943149
0.0099160821
0.0053676121
0.0121731521
0.0060712760
-0.0062315453
0.0002403942
-0.0049799300
-0.0032260694
0.0004038283
-0.0028302287
-0.0023511300
-0.0004871316
0.0123483269
0.0026434909
-0.0045704285
0.0060892745
-0.0024793071
0.0034373910
-0.0023969331
0.0011991847
-0.0014391943
-0.0211044825
-0.0012265425
-0.0081331317
0.0018954227
0.0060740563
-0.0004092490
-0.0027873440
0.0040145890
-0.0011453818
-0.0111125974
-0.0043967054
0.0088565741
-0.0002472494
0.0021407995
0.0077017996
0.0101507226
-0.0148958841
-0.0064171343
-0.0162253424
0.0105971203
0.0027352995
0.0031404984
0.0079720989
-0.0030334108
-0.0097360505
0.0313418292
-0.0008038586
-0.0066970840
0.0000000000
0.0036365146
0.0047479267
-0.0026528413
-0.0000804991
-0.0048418429
0.0016165539
-0.0112077840
0.0098338799
0.0102985865
0.0079726166
-0.0066927188
-0.0085100064
0.0047456353
-0.0109731616
0.0152969733
0.0019157094
0.0013547438
0.0073789362
-0.0011864743
-0.0016634326
-0.0197756735
0.0117364691
0.0042266501
0.0040503570
-0.0138065319
-0.0250623370
-0.0025576517
-0.0053010975
0.0015766984
-0.0044043783
0.0018305880
0.0079490358
-0.0079490358
-0.0072588029
0.0038445513
-0.0055207167
-0.0005873222
0.0016771492
0.0044308897
-0.0059401973
-0.0001678416
0.0036023999
0.0127961862
-0.0019007485
0.0130667101
0.0153936443
0.0053722616
0.0011189259
0.0123840592
0.0160441712
0.0077339906
0.0004621428
0.0079767258
-0.0038270234
0.0035978146
-0.0162542576
0.0171707780
0.0019829171
0.0180457160
-0.0175886776
-0.0041208850
0.0051104188
0.0023557137
0.0052235253
0.0013581833
-0.0055196541
-0.0060078511
0.0078258957
-0.0113408378
-0.0039114979
0.0015357448
-0.0047685062
-0.0045589848
0.0090205307
-0.0056958282
-0.0010039774
0.0109122730
0.0018326212
0.0069940988
0.0005301625
0.0077686403
0.0013514530
-0.0041351888
-0.0106798970
0.0003045531
-0.0134117043
-0.0123434397
0.0059966692
-0.0070908467
-0.0021135864
-0.0389919171
0.0031726689
0.0072027180
-0.0094795119
-0.0152574529
-0.0000826617
0.0030539415
0.0041942576
-0.0017249173
-0.0045317920
0.0044495789
-0.0030466490
0.0038684768
0.0038535693
-0.0004092490
0.0059584717
-0.0076791489
0.0026208041
0.0023691854
-0.0086048472
-0.0001646226
-0.0046204703
0.0007440169
0.0013213314
-0.0009082278
-0.0135558648
-0.0053731974
-0.0096431131
0.0037329304
0.0059101827
-0.0121110945
0.0021279320
0.0075388947
0.0001687621
0.0114929330
-0.0065272198
0.0142543988
-0.0048952597
-0.0021648635
-0.0005002501
0.0037457904
-0.0118680875
-0.0052263459
0.0047217626
-0.0033704110
0.0009279960
-0.0030402861
-0.0079823793
0.0099258503
-0.0036365214
0.0086887383
0.0003359086
0.0005036515
0.0024307459
0.0060927451
-0.0004993758
0.0006657790
-0.0024155607
0.0066495133
0.0035559268
-0.0070414075
-0.0013310043
0.0041535198
0.0011599007
0.0086566351
-0.0019720631
-0.0009051636
0.0123544218
-0.0041556385
-0.0021252256
-0.0009823988
0.0023724804
-0.0047506028
0.0011487652
-0.0023810513
0.0046746302
-0.0092886287
0.0070770539
-0.0069119011
-0.0035568092
0.0028960345
-0.0008265830
0.0061005960
-0.0070106271
-0.0035653618
-0.0116970170
-0.0245014383
0.0057538052
0.0023948010
0.0023038536
-0.0103663383
0.0006026430
-0.0039668903
0.0088606541
-0.0018859843
-0.0006008326
0.0092300459
-0.0004254414
0.0042462909
0.0012703792
-0.0075613121
0.0062909329
0.0038063061
-0.0045693090
-0.0017826073
0.0058452452
0.0010130858
-0.0060090740
0.0087897794
-0.0161170678
-0.0040272536
-0.0077573221
0.0103297811
0.0001712622
-0.0083401885
-0.0070181807
0.0012165452
0.0056289389
-0.0001727265
0.0031906206
-0.0015509222
-0.0003449763
-0.0186319163
0.0042969330
-0.0047364355
0.0028094838
-0.0096908520
0.0010617591
0.0121298842
0.0012223873
-0.0045478476
-0.0124367645
0.0105942546
-0.0001756543
-0.0000878387
-0.0011426061
0.0040372181
0.0011380051
-0.0007001576
-0.0032446207
0.0119615518
-0.0049593350
0.0042647699
-0.0047882388
0.0030497126
-0.0152540873
0.0104574968
0.0048835887
0.0060711375
0.0047444557
-0.0069084903
0.0141968399
-0.0019669053
-0.0010277493
0.0004283573
-0.0056691442
0.0018932880
0.0058294207
-0.0078088525
0.0017214671
-0.0009464402
0.0014623030
-0.0049114743
0.0026741444
-0.0071759267
0.0004337454
-0.0002602247
-0.0057421421
0.0001744896
0.0030486501
0.0011299927
-0.0082872198
-0.0040375724
0.0090181411
0.0036540845
-0.0052242174
0.0069595757
-0.0002601118
-0.0006939626
-0.0045225334
-0.0006103675
0.0050461217
0.0076940081
-0.0049208024
0.0038868544
0.0018947555
-0.0031023810
0.0049076684
-0.0019773896
0.0010321694
-0.0101962345
-0.0046137187
-0.0078837129
0.0050877303
0.0416441256
0.0066084142
0.0087162798
0.0086409623
0.0035988915
0.0017946004
0.0043913220
-0.0011366405
-0.0051309312
0.0031793937
-0.0022000416
-0.0053983445
-0.0099732951
-0.0048160850
0.0092792712
0.0087853104
0.0005720590
-0.0059819083
0.0012320836
-0.0011498975
-0.0029629651
-0.0013196967
-0.0003301965
-0.0024799550
-0.0023201867
0.0031475219
-0.0000827027
0.0022305763
-0.0034719387
0.0026463793
-0.0003304147
-0.0019020059
0.0055305766
-0.0009059091
0.0036187226
-0.0030421401
-0.0036297681
0.0016515280
0.0037059956
-0.0033760170
-0.0088646453
-0.0049218035
0.0018380822
0.0008343764
-0.0077867015
-0.0043804299
0.0040441541
0.0005043712
0.0055313584
-0.0030971439
0.0065179474
0.0124163502
0.0173704673
-0.0248846433
-0.0153682136
-0.0013475956
-0.0002528765
-0.0038854682
-0.0162965938
0.0094178778
0.0088233371
-0.0089085559
-0.0093326590
-0.0107239634
-0.0097860108
-0.0113025486
0.0009763459
0.0001774151
-0.0167259389
0.0054868588
0.0069724069
-0.0057173642
0.0058955061
-0.0047315180
0.0033946790
-0.0020532972
-0.0051068516
-0.0184023686
-0.0116874289
-0.0049181188
0.0084294881
0.0079015479
0.0046564795
0.0022746928
-0.0031860206
0.0032769008
0.0027225718
0.0046114282
-0.0070614090
0.0044418330
-0.0009048955
-0.0010869566
0.0027151795
-0.0009042410
0.0125855671
0.0001786512
0.0046337634
-0.0032948959
0.0105586359
-0.0039796648
0.0079435546
0.0072702111
-0.0070065097
-0.0002637015
-0.0012315272
-0.0007044114
-0.0030876475
0.0026471382
0.0022885319
0.0056985207
0.0079237647
-0.0118654332
-0.0067808811
-0.0021229552
-0.0010631701
-0.0014193207
0.0033676033
0.0006191129
0.0034423442
-0.0044154081
0.0050320124
0.0015838103
-0.0001758551
0.0035988628
-0.0056234223
-0.0023818987
0.0055489639
-0.0077594958
-0.0020380141
-0.0062283323
0.0015161653
0.0040023178
-0.0025774355
0.0050597063
0.0089908054
-0.0038684768
0.0013204808
-0.0020254509
0.0001762891
-0.0009699749
0.0011462330
0.0000000000
0.0034308369
-0.0034308369
0.0078121969
-0.0155082851
-0.0081138156
0.0081138156
-0.0011550936
-0.0062427742
0.0042849557
0.0072779233
0.0060833337
-0.0005275189
-0.0036121796
-0.0061086463
0.0035457887
0.0024745925
-0.0033598617
-0.0004429287
-0.0100628660
-0.0119751127
-0.0091906557
0.0079217350
-0.0007258211
-0.0016350263
0.0083288550
-0.0086925575
-0.0020027317
0.0018208308
0.0008182934
-0.0042807115
-0.0039325123
0.0040237823
-0.0010957904
0.0045578930
-0.0018206650
0.0010927968
-0.0011839171
-0.0097981646
0.0087040725
0.0089002495
-0.0020817313
0.0019008831
0.0002712600
0.0000000000
0.0020772191
-0.0017156535
-0.0007232619
0.0000904364
-0.0051679702
-0.0002727397
0.0005454050
0.0040810831
-0.0008148853
-0.0029027597
-0.0001817026
0.0019062321
-0.0032700547
0.0006366820
0.0049884462
0.0027105185
0.0075505977
-0.0001791152
-0.0009857073
0.0028648184
-0.0074476543
0.0001801153
-0.0022537760
0.0030638935
0.0041303821
-0.0022426562
-0.0013480119
0.0015276096
-0.0015276096
-0.0019803769
-0.0069623682
0.0049780616
-0.0033461483
0.0000905838
0.0028040360
-0.0044358014
0.0014505896
0.0003623188
-0.0048114114
-0.0091416671
-0.0006430573
0.0000918907
-0.0104374475
0.0044469223
-0.0056547080
0.0058395680
0.0035058621
0.0171662360
0.0065869852
-0.0073114917
-0.0053595078
-0.0012759754
0.0027322421
0.0007273389
-0.0005454546
-0.0038265353
-0.0054002236
-0.0042306694
0.0026692455
0.0052257740
-0.0076185600
-0.0150392734
0.0013086560
0.0155717300
0.0045880058
0.0015551391
0.0030119130
0.0049997832
0.0025357739
0.0006329400
0.0054088296
-0.0064036295
-0.0001809791
-0.0005431339
0.0034348764
-0.0049753597
-0.0131448721
0.0249547907
-0.0032316007
-0.0150378774
0.0080000427
-0.0009058792
-0.0025408362
-0.0055578477
0.0145127264
0.0089646499
-0.0033075612
0.0003581021
-0.0041259364
0.0009881868
0.0017942052
-0.0008069940
-0.0000897062
-0.0008975050
0.0019734488
0.0016117482
0.0007154995
0.0041042170
-0.0016931787
-0.0012494424
-0.0030408753
0.0079404441
0.0057596190
-0.0023884305
-0.0033711884
0.0016870148
-0.0034658999
0.0043526607
-0.0029292995
0.0049658699
0.0003537632
-0.0007961432
0.0005308325
-0.0008848775
-0.0075532416
-0.0037533556
-0.0009853541
-0.0032316007
-0.0022503272
0.0044956019
-0.0027848915
-0.0001799370
-0.0015307733
0.0009907679
0.0019785958
-0.0044122353
-0.0031635585
-0.0034460903
-0.0019095255
0.0015460873
-0.0002726653
-0.0008184423
0.0067999718
0.0031575650
0.0053898801
-0.0049396122
0.0042226378
0.0072357277
-0.0031201273
-0.0062696130
0.0030501504
0.0009848248
0.0012520123
0.0117282553
-0.0009721180
0.0010604455
-0.0033619425
0.0004430071
0.0107490022
0.0058543572
-0.0253222759
0.0038350103
0.0039090313
-0.0031082126
0.0058531561
0.0011488667
0.0001766316
-0.0103857842
0.0039184305
-0.0037399865
0.0020498202
0.0012456626
-0.0006226373
-0.0016028499
-0.0050927070
-0.0012548178
-0.0005382614
0.0018826488
0.0012531330
-0.0020595485
0.0006272683
0.0005373455
-0.0012542557
-0.0001793079
0.0008962180
-0.0008962180
0.0057219647
-0.0015167064
0.0015167064
0.0012473273
0.0000890353
-0.0033889268
-0.0003573981
0.0022316456
0.0032048456
0.0023969118
0.0025680776
-0.0018589834
0.0008856612
0.0058257734
-0.0016736406
0.0030808528
0.0016684965
0.0019284718
0.0002626855
-0.0005254401
0.0061130223
0.0034764506
-0.0044345971
-0.0006102079
-0.0008723720
-0.0023592129
-0.0007000963
0.0018367084
-0.0022745176
-0.0007885399
0.0067263848
0.0006962576
-0.0043595849
-0.0042031586
0.0083887245
-0.0029629651
-0.0145936656
0.0011505953
-0.0042549484
0.0026614636
0.0014165562
0.0042376686
0.0000880941
-0.0022929722
-0.0011484607
-0.0017694422
0.0040650462
0.0002645386
-0.0030022098
-0.0015930617
0.0020351288
-0.0062957424
-0.0027613254
0.0046275779
-0.0017773043
0.0030195405
0.0032756437
-0.0006188940
-0.0102227656
0.0035676099
0.0049733673
0.0015048912
0.0057332020
0.0026350476
0.0025406295
-0.0014885516
-0.0043909792
-0.0011448198
0.0007046596
0.0014957550
-0.0126522369
-0.0087641412
0.0035864828
-0.0008058379
0.0027729344
-0.0004467277
0.0023208080
-0.0054535024
0.0028645620
0.0005361930
-0.0016094424
0.0032162987
0.0076417646
-0.0003541390
-0.0016838751
-0.0003548616
0.0012414651
0.0024783160
-0.0011498829
0.0007962136
-0.0018588189
0.0009740979
0.0079344505
0.0086557917
-0.0070764284
0.0032386566
0.0162097772
0.0013748069
-0.0040438859
-0.0038871901
-0.0017325022
0.0047571772
0.0031015791
0.0121410520
-0.0077635505
0.0004281372
-0.0056662240
0.0041240715
-0.0009435986
-0.0015459936
0.0054860415
0.0023054273
-0.0018780951
-0.0020528619
0.0053798003
-0.0042673104
-0.0044574049
-0.0011174626
-0.0199798168
0.0007893699
0.0024518401
0.0038407868
0.0006096765
0.0026086971
0.0016486619
-0.0000867039
0.0058788100
-0.0008623664
0.0039607422
-0.0119296021
0.0078825823
-0.0025917941
-0.0000865089
0.0060376240
-0.0019797725
-0.0025882164
0.0000863819
-0.0001727713
-0.0012102353
-0.0011251029
0.0006059819
0.0038006438
0.0067022076
-0.0016284555
0.0053894651
0.0024711358
-0.0018740954
0.0010226693
0.0034013638
-0.0032310206
0.0037402288
0.0021189142
0.0023678658
-0.0043171016
0.0001696497
0.0016949157
-0.0017797369
0.0048233645
0.0041278859
-0.0009251862
0.0072105620
0.0039187944
-0.0014990009
0.0058997221
-0.0042343041
-0.0052554865
0.0027563183
-0.0069470880
-0.0031125157
0.0115598540
-0.0032533918
-0.0025098315
0.0035954719
0.0015845881
-0.0051800600
-0.0007541794
-0.0036953095
-0.0034556906
-0.0056729334
-0.0119587997
0.0042018670
0.0058871379
-0.0033232530
-0.0025638848
0.0000855688
0.0015389880
-0.0033374726
-0.0092142740
-0.0014717980
-0.0037324812
-0.0022636262
0.0006099421
0.0015667163
0.0042525558
-0.0032963250
0.0007816911
0.0018215731
0.0019912564
0.0025913464
-0.0059701670
0.0018207834
0.0013850418
0.0013831261
0.0006045166
0.0007766991
0.0065348470
-0.0078296808
-0.0064994379
-0.0187807187
0.0075898343
-0.0018480227
0.0036926365
-0.0058088528
0.0057210912
-0.0096124908
0.0030966625
-0.0082494813
0.0074541121
0.0034420404
-0.0019402070
0.0015877220
0.0020250942
-0.0002639103
0.0009673307
-0.0026403817
-0.0024706622
-0.0016800039
-0.0026583977
0.0039849510
0.0087990009
-0.0029829817
0.0086610926
-0.0023546865
0.0038344274
-0.0060196474
0.0004374262
0.0001749169
0.0015728769
0.0006982631
0.0040055783
0.0007818269
0.0005208786
-0.0024330912
0.0026066571
-0.0032158561
0.0053828920
-0.0014730734
-0.0022571413
0.0010423906
0.0005207881
0.0038972898
-0.0078969474
-0.0059419958
0.0062033312
0.0050391071
-0.0006935414
-0.0010412148
-0.0049606298
-0.0040213360
0.0006129866
0.0010499607
0.0000874470
-0.0036793734
-0.0003511236
0.0037681331
-0.0026274319
-0.0034260147
0.0115486848
-0.0046209594
0.0102591754
0.0140859496
-0.0018780951
-0.0001709110
0.0040087051
0.0009358915
0.0022934816
-0.0030591458
-0.0051194651
-0.0154306756
0.0032957532
0.0046648322
-0.0008622177
-0.0050155761
0.0040662772
-0.0005181795
0.0026743751
0.0023234811
0.0062551080
0.0017069220
0.0077299174
0.0053166926
-0.0024438558
0.0025280202
-0.0051470392
-0.0008463101
0.0015228429
0.0074957188
-0.0031935484
-0.0062484371
-0.0070551527
0.0017045943
-0.0001703287
-0.0052946324
0.0072516634
-0.0046862438
-0.0053950035
0.0017158549
-0.0071401224
0.0004315740
0.0028437263
-0.0051764415
-0.0002595268
-0.0005192557
-0.0083449719
-0.0053389475
-0.0006144933
0.0001756080
0.0037681331
0.0001749169
-0.0020133941
0.0036735806
-0.0028852479
0.0008751970
0.0006121824
0.0001748405
0.0028804629
-0.0011337375
0.0054823267
-0.0072290521
-0.0035903537
-0.0027232415
0.0031617803
-0.0001753924
-0.0012286092
0.0046432253
0.0030545034
-0.0008717636
-0.0034946742
-0.0036825995
0.0005269167
0.0021925025
0.0003503547
0.0004377709
-0.0019276270
0.0028025942
-0.0028903020
0.0035023239
0.0009609925
-0.0020104023
0.0048878512
0.0010442956
0.0039930609
-0.0015606038
0.0019070741
-0.0042525558
-0.0013054264
-0.0006097827
0.0030452018
-0.0023483377
0.0058172510
-0.0026005563
0.0061437480
-0.0046692692
-0.0003467406
-0.0024305568
-0.0006085634
0.0000869603
-0.0082075026
-0.0205498817
0.0024134090
-0.0108613787
0.0063874987
-0.0018850147
-0.0153006471
-0.0240997768
-0.0140230993
0.0017991577
-0.0036965115
0.0053035450
-0.0014178366
0.0044358527
0.0029150427
-0.0050833207
-0.0052990283
-0.0016142054
0.0025625222
-0.0036083982
-0.0033350834
0.0109166208
0.0018864371
-0.0025475317
-0.0006615319
-0.0022714377
0.0002842120
-0.0063667246
0.0132577699
-0.0022603136
-0.0026435061
0.0066896184
-0.0012215177
0.0010336890
-0.0044241612
0.0040483979
0.0017836193
0.0034642608
-0.0045903870
0.0000938923
0.0030935108
-0.0015924316
-0.0100815854
0.0042523097
-0.0010377849
0.0049903592
-0.0001878640
0.0000000000
-0.0031990995
0.0052636648
0.0081229147
-0.0031666227
-0.0128622155
0.0069680131
0.0068266034
-0.0032672141
-0.0009354538
-0.0001871958
0.0010291436
0.0014016729
0.0013064578
-0.0073946141
-0.0005638568
0.0094494786
-0.0048539253
-0.0019669374
0.0009371194
-0.0036597423
-0.0013170275
0.0006587306
-0.0036756085
0.0005663583
-0.0037817952
-0.0032258092
-0.0019024071
0.0045597115
-0.0059888957
-0.0097730010
0.0075776105
-0.0075776105
0.0011547345
0.0005768676
-0.0018278903
-0.0042458811
0.0002900653
0.0053030062
-0.0004809311
0.0089076783
-0.0030560620
-0.0128027932
-0.0225345089
0.0221469120
-0.0048576798
-0.0026329919
0.0052590694
-0.0041855320
-0.0027349109
0.0132143392
0.0001930316
-0.0032866148
-0.0009687107
-0.0003877472
-0.0011641445
0.0001941182
-0.0001941182
-0.0015543038
-0.0073181768
-0.0042200367
0.0031421864
0.0092706202
0.0039746066
-0.0045575836
0.0059111563
0.0052999401
0.0066095360
-0.0009552011
-0.0040218382
-0.0018247304
0.0038376714
0.0010527828
0.0008605441
-0.0029672192
-0.0038417258
-0.0026015335
0.0026977567
-0.0007700453
0.0003850968
0.0005773672
-0.0015403873
-0.0011568496
0.0047154011
0.0018224551
-0.0031674452
0.0045081847
-0.0010532868
0.0026789147
0.0030528549
-0.0009530164
-0.0021953906
-0.0013386883
0.0012431271
0.0000955612
0.0007641609
0.0001909490
-0.0020067855
-0.0030657238
-0.0027864539
-0.0012516249
0.0016364253
-0.0000961862
0.0008653431
-0.0009615385
0.0020181642
-0.0032695481
-0.0025074755
0.0006757083
-0.0021251940
-0.0016452943
0.0082956008
0.0015358037
0.0033513700
0.0021008411
0.0029528049
0.0025647129
0.0022742358
0.0025523481
0.0019806656
0.0078836635
-0.0010288548
0.0006548482
-0.0020595401
0.0012175136
-0.0026241814
-0.0024429214
-0.0010353429
-0.0038684768
0.0029263248
0.0024477512
-0.0037682569
-0.0004720321
-0.0009447332
-0.0019868496
0.0096136461
0.0014060086
-0.0036597423
-0.0048061158
0.0037714546
-0.0034881016
0.0050866726
0.0073020358
-0.0016803589
0.0001868460
-0.0020572291
-0.0016863410
0.0036501515
-0.0058090672
0.0005636449
-0.0011276077
0.0007518797
-0.0016925251
-0.0035825437
-0.0017960963
-0.0018941193
-0.0003792548
0.0004740460
-0.0024674967
-0.0004752174
-0.0001901502
-0.0059126627
-0.0012441979
0.0006701451
0.0074371052
0.0148039100
0.0058793506
-0.0076592939
-0.0019709988
0.0039381204
-0.0037502388
0.0059936497
-0.0086272103
-0.0033962297
0.0034904049
0.0024454489
-0.0089644384
0.0048224764
0.0275391857
0.0138524041
-0.0094571952
0.0088234529
0.0030744214
0.0011730207
0.0027017308
0.0017073284
0.0034954102
-0.0096193487
0.0062137171
0.0072454362
-0.0011593170
0.0035628434
0.0214626939
0.0025205350
0.0251159647
0.0272227899
-0.0249397805
0.0009286228
-0.0048213246
-0.0003392130
0.0012714560
0.0119570303
-0.0021786501
0.0072715436
0.0166002904
-0.0178502384
-0.0003335835
-0.0098068763
-0.0079493019
0.0093802184
0.0021005763
0.0005873715
0.0006708596
0.0027625483
0.0027549377
0.0001667222
-0.0072782352
0.0041893652
-0.0108445433
-0.0033018698
-0.0019523796
-0.0021264840
0.0035699145
-0.0046774759
-0.0044425532
-0.0023145182
0.0037690639
0.0025616955
0.0016190196
-0.0001702997
0.0061972268
-0.0003385813
0.0085142769
0.0086920731
0.0019951790
0.0091762724
0.0155953355
-0.0073182958
0.0001632120
-0.0074532472
-0.0058539970
-0.0026496662
-0.0009124467
-0.0056591363
0.0011677372
-0.0022532870
-0.0041023123
-0.0009232449
0.0007554455
-0.0049627893
-0.0008435971
-0.0008443094
-0.0010141132
-0.0019465962
0.0011007156
0.0023666650
-0.0024512924
-0.0028816021
0.0078624068
-0.0026983742
0.0016873369
0.0020210533
0.0025205861
0.0025142487
0.0055924356
0.0034898249
0.0021542804
0.0097192100
0.0160185561
-0.0099713039
-0.0120488323
0.0034573627
-0.0054383786
0.0088838291
-0.0005734180
-0.0099642608
-0.0060598700
0.0004162331
-0.0033347259
0.0054963496
-0.0032441903
-0.0015843239
0.0003337505
-0.0045988626
0.0012563342
-0.0075617904
0.0039560676
-0.0036187710
0.0005899954
0.0014313984
-0.0043003566
0.0083309271
0.0074306332
0.0050612014
-0.0084774444
0.0092220153
-0.0032304853
-0.0045736224
0.0020815128
0.0043985299
-0.0047312809
-0.0012488034
-0.0017509489
0.0055756812
-0.0038247324
0.0047371790
-0.0076571327
0.0009186188
0.0044973841
-0.0030793583
-0.0023366446
-0.0058656109
-0.0039577333
-0.0006752195
0.0021085488
-0.0043061662
-0.0011853358
0.0022002209
0.0027856347
0.0024415925
-0.0075121687
-0.0015262001
0.0035575169
-0.0006766472
-0.0009311382
0.0017768757
0.0051435671
-0.0053126574
-0.0130209065
-0.0042922205
0.0016332148
-0.0049076684
-0.0030254594
0.0044916721
0.0077266868
0.0025623519
0.0017045943
-0.0040959183
0.0089381314
-0.0002542696
-0.0014420836
-0.0064725145
-0.0011968882
-0.0095406629
0.0008632597
0.0040473683
0.0017173283
0.0032548209
-0.0019687573
-0.0037771527
0.0041198239
0.0018825951
-0.0041120593
-0.0006869902
0.0112754248
0.0129121166
-0.0047066821
0.0001684778
-0.0052360562
0.0022835888
0.0002534105
0.0020249754
0.0032818644
-0.0017658193
-0.0140692210
0.0105282005
0.0081591907
-0.0050390633
-0.0080308137
-0.0011889598
-0.0156728254
0.0039627895
0.0037758562
0.0000856494
0.0135257900
-0.0034703154
0.0010169492
0.0026223422
-0.0210012841
0.0174467780
-0.0053555617
0.0135457540
0.0007565251
0.0039414702
0.0586730940
-0.0060958903
0.0201248833
0.0002334540
-0.0035856302
0.0251381885
-0.0118734399
0.0027702980
-0.0186152897
0.0047643313
0.0060592122
0.0058687427
-0.0004620716
0.0197542937
0.0063238937
0.0052395329
-0.0143616890
-0.0386029095
-0.0135517389
0.0177149749
-0.0082648351
0.0014216889
-0.0428135844
-0.0785472726
-0.0891360869
-0.0550689676
0.0011316292
-0.0104388318
0.0508412442
-0.0048502941
-0.0000992310
-0.0204518407
0.0027309985
-0.0045558165
0.0105981310
-0.0114102313
0.0011164680
-0.0039640241
-0.0073597388
-0.0091729579
-0.0042542217
-0.0003119963
0.0007278399
0.0138317647
-0.0022578006
-0.0372622910
-0.0216685026
0.0206014944
0.0033040265
-0.0060835878
-0.0177129591
0.0090036948
-0.0008643043
0.0143794730
0.0075359907
-0.0010579772
0.0172110451
-0.0081488123
0.0056485506
-0.0093267640
0.0062972500
0.0005229852
0.0036532581
-0.0112107623
0.0147469074
0.0198392692
0.0093202984
0.0029200041
-0.0035252089
0.0183950003
-0.0015862004
-0.0129820078
-0.0059478980
0.0019192894
-0.0071909967
0.0109180219
-0.0055452075
0.0022217743
-0.0054622835
-0.0196667201
0.0073177343
0.0003080240
0.0086881520
0.0025410391
-0.0047825072
-0.0169730969
0.0039345671
0.0161955159
-0.0218953086
0.0179219958
0.0040749853
0.0148345220
-0.0042160271
0.0091123647
0.0097213344
-0.0095219922
-0.0011966495
-0.0064064283
0.0070049321
-0.0118368320
0.0002017960
-0.0082054859
-0.0144462325
-0.0141345109
-0.0177406976
-0.0023466677
0.0078715437
-0.0030774153
-0.0111147879
0.0031117574
-0.0116380624
0.0086337683
0.0072805461
0.0188106571
-0.0015715861
0.0118825663
0.0087688188
0.0085907667
-0.0012227432
-0.0023477783
-0.0006133715
-0.0046123179
0.0028723861
-0.0063714120
0.0107665741
-0.0083982468
0.0049246021
0.0060201192
0.0008135042
-0.0024425007
0.0062976338
-0.0102794656
0.0009202925
-0.0070773156
-0.0006177924
-0.0042318275
-0.0070583644
-0.0131063475
-0.0063525889
0.0055079050
0.0078910399
-0.0108530648
0.0000000000
-0.0033959494
0.0044548228
0.0114695844
-0.0041937575
0.0095154166
-0.0014580298
-0.0121633040
-0.0028524661
-0.0007408584
0.0117883693
-0.0071406373
-0.0069797238
0.0089800403
0.0039886691
0.0063697808
0.0016640669
-0.0057318692
-0.0086071698
-0.0331166736
0.0154622749
-0.0146997891
0.0000000000
-0.0139249002
-0.0045371627
0.0136596087
-0.0061457612
0.0104036420
0.0045652253
-0.0014108201
0.0018445185
-0.0013016598
-0.0020644327
-0.0055625382
-0.0329101407
-0.0384840116
-0.0025876279
0.0104271345
-0.0001165569
0.0199648891
0.0044462252
0.0129967360
-0.0058558726
0.0164663480
0.0058709667
-0.0034297760
0.0055260972
-0.0015442315
0.0067110654
-0.0013166559
-0.0049529571
-0.0056431685
0.0044287052
0.0050688814
-0.0039647629
-0.0005519069
-0.0037610664
0.0056363082
0.0014316395
0.0012097884
-0.0023108676
0.0066978016
-0.0002188902
0.0008752736
-0.0058130134
-0.0061789891
0.0038663401
0.0048394287
-0.0007683443
0.0089637679
-0.0011978005
0.0021767531
0.0015209128
-0.0023910456
-0.0030514409
0.0014178985
-0.0077685166
0.0008783488
0.0049263880
0.0075069710
-0.0036920446
0.0055329677
-0.0044456565
-0.0014137352
-0.0066605040
0.0110040877
0.0101337650
0.0029988241
0.0009620010
0.0071326219
0.0023310034
-0.0031799900
-0.0013811423
-0.0018089922
0.0050993418
-0.0020153812
0.0015914278
-0.0063809639
0.0041522551
-0.0083218233
-0.0015010188
-0.0017182135
0.0039688977
0.0133987543
0.0003168401
0.0051608941
0.0046116841
-0.0055576088
-0.0026322732
-0.0016882984
-0.0004225203
-0.0007398404
0.0019013421
0.0059971772
0.0024097660
-0.0053512535
-0.0047455929
-0.0026462042
0.0051799894
0.0053630708
-0.0019946466
-0.0049512874
0.0030579451
-0.0101588175
-0.0053322084
-0.0009628244
-0.0048280765
-0.0001075558
-0.0111406701
0.0060724541
0.0036689369
0.0025817570
-0.0094992079
-0.0017368654
0.0071452074
0.0026932416
0.0003227021
0.0009674819
0.0258790558
0.0084450275
-0.0069802857
0.0076030153
0.0016587190
-0.0035280726
-0.0047931737
-0.0012541808
-0.0116763542
-0.0213889022
-0.0009733413
0.0034564735
0.0037668882
-0.0012899067
0.0026854305
-0.0053780919
-0.0009711358
0.0063492277
-0.0082943331
-0.0039015981
-0.0018477262
0.0040171597
0.0069107283
0.0076111211
-0.0023521875
-0.0053665472
0.0168609266
-0.0087151152
0.0045795916
-0.0029796766
-0.0129795332
-0.0197356894
0.0013205680
0.0099579528
0.0069444724
-0.0010818999
-0.0003247984
0.0029193944
-0.0041112251
0.0062682579
0.0109290705
-0.0057710965
0.0028897114
-0.0010692901
0.0025643779
-0.0045991845
0.0002143853
0.0025690444
0.0002137894
0.0056488293
0.0044538780
0.0016915111
-0.0079538041
-0.0001064793
-0.0069455854
0.0021422459
0.0034180764
0.0028749421
0.0045616161
0.0046462597
0.0026303345
-0.0035789512
0.0049439958
0.0038749590
0.0035475830
0.0010410161
0.0051888867
-0.0093594693
-0.0030345861
0.0077252707
0.0030112686
-0.0022835800
-0.0086625809
-0.0023087428
0.0035658140
0.0024049784
-0.0006268283
0.0058351734
0.0054913882
0.0021675190
-0.0036151462
-0.0016570012
0.0000000000
0.0008288438
-0.0031117129
-0.0010393931
0.0012471421
-0.0011431542
-0.0005200479
0.0045671659
-0.0015546461
-0.0054082295
0.0031237010
0.0007274617
0.0017644926
-0.0014528853
0.0019712617
-0.0031142971
0.0010391771
0.0021787631
0.0046528544
0.0005156500
-0.0012380070
-0.0005162889
0.0012386459
0.0004125413
-0.0008252528
-0.0017559267
-0.0013448510
-0.0013466620
0.0023813233
0.0019629119
0.0034001372
0.0024655858
0.0029711615
0.0072371755
-0.0044788348
0.0064066930
0.0085794117
-0.0026164853
-0.0044435541
0.0048465361
-0.0017137965
-0.0002018163
0.0009078530
0.0004032258
-0.0026238788
0.0050398252
0.0088088658
-0.0032942381
0.0015985616
0.0034879701
-0.0011945054
-0.0036920663
0.0046875865
0.0000994975
0.0053582188
-0.0138510510
-0.0032160832
-0.0039336376
-0.0001010662
0.0029267821
-0.0051528278
0.0048504541
-0.0011094862
0.0294343612
0.0074197353
-0.0084982196
0.0007844676
-0.0000980248
-0.0174037815
0.0000997456
-0.0105279962
0.0019132980
0.0005028916
0.0080120609
-0.0044988829
0.0024019227
0.0007993606
-0.0062118224
0.0581740899
-0.0282738326
-0.0023437511
-0.0025452779
-0.0036333324
0.0062763764
0.0004886869
-0.0064699765
-0.0312665933
0.0050607395
0.0034267318
0.0055185009
-0.0065251449
-0.0101225685
-0.0158953252
0.0037144079
0.0014407742
-0.0058790330
-0.0005173574
0.0024808778
-0.0007229538
-0.0035189438
0.0039321243
0.0043281189
0.0023622463
0.0128429041
-0.0093610777
-0.0022515617
0.0059250352
0.0025431070
0.0089006353
0.0071238951
-0.0107554939
-0.0077102949
0.0079123967
0.0039328443
-0.0071713857
0.0022276234
0.0030296933
0.0040253652
-0.0005022854
-0.0100990557
0.0074830969
-0.0024208202
0.0060410977
-0.0065461737
-0.0266218240
0.0179962695
0.0030528160
0.0035498795
-0.0080305387
-0.0065533718
-0.0056663212
-0.0005167158
-0.0132149054
-0.0240643403
0.0011795616
-0.0128352083
0.0042246718
-0.0050934816
-0.0063215469
-0.0092267790
0.0143524786
0.0034748650
0.0056210287
0.0068750942
0.0049124405
-0.0007459903
-0.0027757037
0.0034151581
0.0079588684
-0.0052988678
-0.0011695286
0.0025499376
0.0042354998
-0.0030689479
-0.0020158089
0.0090919328
-0.0035846111
0.0027423285
0.0089131823
-0.0021947022
-0.0106232921
0.0006342495
0.0029545236
0.0124602418
-0.0060536663
0.0008371704
-0.0017798256
-0.0005240816
0.0012573346
0.0002094022
0.0028226458
0.0033350734
0.0007280670
-0.0046897069
0.0205745174
0.0131146087
-0.0076038284
-0.0037726275
0.0075310757
0.0002027575
0.0023287612
0.0023233507
-0.0034364295
-0.0014184400
0.0058633407
0.0001007912
0.0020136938
0.0030129580
0.0036036075
-0.0012998052
0.0025979231
0.0116078490
-0.0070279923
-0.0071777798
-0.0004002802
-0.0042126441
0.0062124448
0.0017964077
-0.0027958081
0.0078681746
-0.0059701670
0.0029895388
-0.0038881461
0.0074638352
-0.0054680258
-0.0103212500
-0.0057578825
-0.0030438335
0.0004063802
-0.0031537744
0.0015272619
-0.0001017449
0.0010169837
0.0036526015
-0.0053820897
0.0121446691
-0.0121446691
-0.0031614936
-0.0081021929
-0.0308488937
0.0054016972
-0.0108327313
-0.0019238997
-0.0008562561
-0.0017147148
-0.0086179570
-0.0084746270
0.0006544503
-0.0025110554
0.0055595063
0.0020633118
-0.0498212879
0.0052314460
0.0205452076
-0.0143259305
-0.0152206482
-0.0047037315
0.0044747938
-0.0052800857
0.0063098930
0.0103533549
0.0103592864
-0.0017939236
0.0050372301
-0.0053739493
-0.0416034328
0.0156752121
-0.0076327420
0.0088992208
-0.0027652973
0.0052934531
-0.0025281558
-0.0038042584
0.0013850418
0.0206616562
-0.0117053442
-0.0150881066
-0.0066368061
-0.0145919275
-0.0110853987
-0.0033617513
-0.0060313814
0.0327312765
-0.0018752936
-0.0090743655
0.0007100592
0.0283417419
-0.0003450457
0.0024128236
-0.0025278653
0.0039040123
-0.0029840490
-0.0083102971
0.0039329143
-0.0128974076
0.0119734066
0.0027694456
0.0063178661
-0.0042458036
0.0092715138
0.0083957834
-0.0038487709
0.0085827743
0.0016852990
-0.0016852990
-0.0018007883
0.0084133089
-0.0013413818
-0.0087631164
-0.0016940543
0.0007909158
0.0001129369
-0.0003388490
-0.0142217540
-0.0041336607
-0.0009209164
-0.0002303617
0.0053995191
0.0008016951
0.0000000000
-0.0083923008
0.0197754630
-0.0165481665
-0.0035736968
-0.0047462033
0.0154292065
0.0025105571
-0.0021678370
-0.0092949203
0.0060916228
0.0018317120
-0.0055052324
0.0109803231
0.0032933991
0.0046377550
0.0042792858
-0.0011243536
0.0142971273
-0.0076816409
0.0133216890
-0.0048640379
-0.0139487839
-0.0066520342
-0.0054446595
-0.0159361355
0.0137727415
0.0203098485
0.0395299729
0.1014986556
0.0071525532
-0.0257550086
-0.0067427127
0.0069403412
0.0087551590
0.0112973543
-0.0140435310
-0.0161381652
0.0235745987
-0.0125565707
-0.0044521469
0.0091793568
-0.0155456371
-0.0070098424
0.0042117992
0.0026982478
-0.0086198790
0.0026138549
0.0016051368
0.0071914013
-0.0088969448
0.0016052978
-0.0114943794
0.0076775809
0.0043179261
0.0096725090
-0.0011915402
0.0011915402
0.0036650034
0.0027646147
0.0517812447
-0.0210036103
0.0048643331
-0.0354447872
-0.0149975498
0.0043934170
0.0013938672
0.0058529010
0.0029629651
-0.0027651608
-0.0113377644
0.0552562258
-0.0348614985
0.0050830999
0.0209376166
0.0146915111
0.0050680540
-0.0105402820
-0.0053120975
0.0312730288
0.0093587251
0.0172027782
-0.0033268924
0.0037756248
-0.0101908263
-0.0024504255
-0.0008181447
-0.0052886054
-0.0090922241
0.0010143392
0.0047811787
-0.0089372687
-0.0077112846
-0.0015867834
0.0118861089
-0.0112324226
0.0001866891
-0.0056158890
0.0086912374
-0.0106642732
0.0091743763
-0.0029864698
0.0091180386
-0.0044555908
0.0009298866
-0.0046581042
-0.0237172737
0.0059109715
-0.0095511710
0.0001919202
0.0029700621
0.0048671184
0.0040853223
-0.0115387729
-0.0093472133
0.0034792729
-0.0146754177
0.0032256516
-0.0013671877
-0.0010755318
0.0043926080
-0.0042947845
-0.0060832213
0.0118379311
-0.0171665405
-0.0008908687
-0.0035714324
-0.0046819830
0.0004991265
-0.0085192197
0.0024127889
0.0097922445
-0.0097922445
-0.0024127889
0.0007043317
-0.0023160979
0.0013097579
0.0023130699
0.0020070253
-0.0026099192
0.0003014924
0.0184185604
0.0032501137
0.0046107895
-0.0002936714
0.0072188393
0.0100581119
-0.0243510620
-0.0140001294
-0.0487651670
0.0090923969
0.0037383221
0.0080520720
0.0113480745
-0.0018315023
0.0000000000
-0.0063343081
0.0046014704
0.0081284739
0.0038380009
-0.0005041593
0.0059329452
0.0119594808
-0.0006937218
-0.0023821351
-0.0029856710
-0.0069010625
-0.0033174195
0.0083229360
0.0082542361
-0.0033730191
0.0127377679
-0.0258412312
-0.0207535424
-0.0168977223
-0.0041906819
-0.0044191991
-0.0020055952
0.0045332427
0.0139964683
0.0013474996
-0.0068600207
-0.0021926399
0.0062519741
-0.0014553017
-0.0095114383
0.0098234670
0.0140440144
0.0063375455
-0.0079795820
-0.0163615538
0.0042715073
-0.0012483097
-0.0018753913
-0.0081675847
0.0134720851
0.0045539305
0.0082271135
-0.0139227743
0.0042489312
0.0302513265
-0.0152659286
0.0041681553
-0.0035570951
-0.0063323672
0.0072482580
0.0347861161
0.0327613007
-0.0146533293
0.0067307946
-0.0045142467
-0.0001925484
-0.0119135508
-0.0059614152
0.0035225085
-0.0003907777
0.0011718751
0.0386725066
-0.0013154188
-0.0129644588
-0.0076489521
-0.0022099457
-0.0065624632
0.0026108413
-0.0026108413
-0.0110993253
-0.0033343171
0.0043128865
-0.0055907163
-0.0021662080
-0.0089109501
0.0132386838
0.0049929126
-0.0041099970
-0.0003923107
-0.0063967152
0.0056116318
-0.0010804971
0.0057817791
-0.0029357101
-0.0148092350
0.0081228777
-0.0082223456
0.0035746240
-0.0313107573
-0.0052294403
-0.0185738154
0.0055355512
-0.0017722183
-0.0008350731
-0.0009402916
0.0073939415
-0.0071849114
0.0166851894
-0.0092927876
0.0064109412
0.0014419613
-0.0053663699
0.0033057881
0.0021634995
-0.0021634995
-0.0069340511
-0.0004154981
0.0028012676
-0.0007255014
-0.0055102286
-0.0191564641
0.0153962759
-0.0113661506
0.0083267938
-0.0188604870
-0.0092414154
-0.0081296854
0.0014138890
-0.0041385378
-0.0042653316
-0.0012063389
0.0090666414
-0.0014146583
-0.0056787310
0.0183391825
0.0074986961
0.0019191817
-0.0018124638
0.0174542962
0.0042902802
0.0035438853
-0.0118270257
0.0016831479
0.0075393027
0.0004171882
-0.0116420634
0.0149733178
0.0017652255
-0.0030131458
-0.0083595053
-0.0030476614
0.0040964292
-0.0068367345
0.0144595981
-0.0049012038
0.0010448230
-0.0048152506
-0.0007347925
-0.0081185537
-0.0064787014
-0.0100664804
0.0102795637
0.0058420688
-0.0013777756
-0.0077721978
0.0014952475
-0.0025646520
0.0008556150
-0.0081580530
0.0091197456
-0.0212647659
-0.0105287220
-0.0078588041
-0.0075850894
0.0054715116
0.0109641721
0.0171448371
-0.0027104695
0.0078940664
-0.0032365979
0.0082862998
-0.0027903002
0.0011814619
0.0039637954
-0.0080511411
-0.0007547577
0.0031231515
-0.0026917917
-0.0048635600
0.0024887748
-0.0001080789
0.0020515043
-0.0095373000
0.0044548343
-0.0212564155
-0.0373442909
0.0005746136
-0.0028763755
0.0012666246
-0.0025348556
0.0116987227
0.0102099582
-0.0171897909
0.0117574552
-0.0026134894
-0.0140936163
0.0057530938
0.0019485363
-0.0068942017
0.0016129036
-0.0273062473
-0.0031992444
-0.0132610509
-0.0028905235
-0.0166619847
0.0148511555
0.0074636196
0.0065746456
-0.0226543006
0.0183557865
-0.0023960716
-0.0013202907
-0.0046951269
-0.0112858427
0.0079013357
-0.0194394532
0.0195605259
0.0036253816
0.0102011086
-0.0055076768
-0.0004803651
-0.0089286307
-0.0044943896
0.0122210971
0.0004809427
-0.0175836702
0.0009782344
0.0003665913
0.0115397576
-0.0109290705
-0.0078451003
0.0073565805
-0.0045301577
0.0077012788
-0.0018282655
0.0031668723
-0.0021913814
-0.0072167153
0.0034313759
0.0138503004
-0.0095775722
-0.0009750153
0.0140455148
0.0073076096
-0.0020311854
0.0044155451
-0.0027425046
-0.0091160521
0.0010838804
0.0036044734
-0.0016804709
-0.0018036438
-0.0009632752
0.0044473900
0.0056210158
-0.0106709243
0.0088804136
-0.0019134184
-0.0066054405
0.0054076921
0.0052593953
-0.0005962674
0.0061838703
-0.0028493430
-0.0122011083
-0.0007223694
0.0025260133
0.0115856775
-0.0003563157
-0.0091891571
0.0093079431
-0.0046431419
0.0002386350
0.0021451563
-0.0101705932
0.0009616541
-0.0019242339
-0.0062794555
0.0056773723
0.0039670666
0.0091957416
0.0091119499
0.0221351069
-0.0062413517
-0.0029027597
0.0109859445
-0.0111022304
0.0013945383
-0.0072261387
0.0078066228
-0.0026730215
-0.0009314240
-0.0047872121
-0.0010539260
-0.0045798917
-0.0055473733
-0.0049833990
-0.0038136144
0.0091520220
-0.0066476978
-0.0025043242
0.0048835783
-0.0061978744
0.0046520034
0.0015458710
0.0116946581
0.0122557706
-0.0058173521
-0.0037409443
0.0050236685
-0.0106614565
0.0077437909
-0.0028089906
0.0005858574
0.0039747539
-0.0071424693
-0.0067205346
0.0020091007
0.0054162384
0.0001174191
0.0024626222
-0.0068163385
-0.0015341951
-0.0002362391
-0.0056865454
-0.0036898215
0.0066555986
-0.0077293922
0.0000000000
0.0050012012
0.0235940283
0.0090080295
-0.0042629248
-0.0009241077
0.0056468027
0.0008040894
-0.0026444396
-0.0021898240
0.0026502291
-0.0036891903
-0.0041666727
0.0015066353
0.0009260332
0.0028883389
-0.0021943763
0.0004623743
0.0069100816
-0.0061014407
-0.0017336034
-0.0005785363
0.0032355009
0.0006919617
0.0052891925
-0.0003440959
0.0000000000
0.0017192967
-0.0001145279
0.0026308279
-0.0021727952
-0.0085077542
-0.0001154668
-0.0054420328
-0.0119132453
0.0028159118
-0.0004687683
-0.0032875455
0.0022320127
-0.0037620548
-0.0029489847
0.0166358101
-0.0045414925
0.0001167065
-0.0072616857
0.0007050529
0.0060897249
0.0041943438
-0.0001162723
-0.0157040612
-0.0118822691
0.0039367781
0.0097157162
-0.0014159294
-0.0029563080
0.0037825104
-0.0055604994
0.0016595547
0.0024841794
-0.0022473249
-0.0001184203
0.0146949097
-0.0092620394
-0.0048409092
-0.0022513192
-0.0014245017
0.0033206862
0.0021289186
0.0004724782
-0.0054470235
0.0001187296
-0.0011879308
0.0036780014
-0.0023713552
-0.0079852638
0.0005981219
0.0019115896
0.0058316143
-0.0011873666
-0.0030937673
0.0004765876
0.0016662703
0.0026128281
-0.0035646426
0.0019027238
-0.0020217644
-0.0015488178
0.0010725140
0.0021415832
0.0015438516
0.0010674258
-0.0032057018
-0.0017853959
0.0051096303
0.0048477777
-0.0073399169
-0.0026174911
0.0057020824
-0.0009480920
-0.0039204089
-0.0004762472
-0.0013108505
0.0003576751
0.0013103820
-0.0193527285
-0.0547552436
0.0090613855
-0.0022894948
-0.0057467753
-0.0128900986
0.0028501120
0.0024549402
0.0001290406
0.0052763780
-0.0037291884
0.0034724490
-0.0057941320
-0.0060877074
-0.0056022555
0.0023489506
-0.0143094007
-0.0059677917
0.0062322021
0.0068502442
-0.0018396851
0.0108575859
0.0058377282
0.0029706189
0.0006446207
0.0021886072
-0.0015444019
0.0002575660
0.0018011069
-0.0032185416
-0.0002579314
0.0057874253
0.0011534766
-0.0093945740
0.0074713732
0.0080527054
0.0025429130
-0.0027975603
0.0108916984
0.0120196764
0.0274965156
-0.0052200422
0.0009732361
0.0063030512
0.0004832085
0.0003622532
0.0040963913
0.0018019105
-0.0060190383
0.0064989999
-0.0021616437
0.0061125617
0.0040543819
0.0112420567
0.0018810257
-0.0008225134
0.0016443509
0.0009384165
-0.0005864071
-0.0014087816
0.0041034116
0.0029207334
-0.0063195061
-0.0044711217
0.0044711217
0.0011732959
0.0023424700
0.0004678363
0.0029190283
0.0000000000
0.0089374398
-0.0042846455
-0.0023236911
0.0031357090
-0.0017408465
0.0041729515
-0.0027800319
-0.0036023512
0.0011634673
-0.0032611256
-0.0011672699
-0.0064444537
-0.0016470592
-0.0040113315
-0.0062852267
0.0024951002
-0.0017815789
-0.0079967007
0.0123855341
-0.0085582360
-0.0002387775
-0.0011947433
-0.0034728494
0.0080052999
-0.0046520034
0.0023883460
-0.0033452839
0.0019129609
-0.0003584015
0.0014328361
-0.0047841259
-0.0011996163
0.0002400384
0.0045498163
-0.0003584444
-0.0040713743
-0.0142600604
0.0018240414
-0.0010940255
0.0024295444
-0.0035247682
-0.0024381336
0.0003660992
-0.0163605347
-0.0012410029
-0.0062282214
0.0054828798
-0.0048583092
-0.0011245081
0.0034943253
0.0028612323
-0.0003727403
-0.0026130793
0.0032342359
0.0021090511
-0.0031030870
-0.0014929090
0.0014929090
-0.0031127461
-0.0013726838
0.0056036508
0.0016130036
0.0059332683
0.0018469500
0.0034385396
0.0014700480
-0.0092234559
0.0024679183
0.0066331161
0.0040320172
-0.0041544537
0.0015905062
0.0010996397
-0.0018334051
-0.0002447082
0.0067077512
-0.0026777036
0.0031637894
-0.0009724080
-0.0015821825
0.0003653413
0.0069162443
-0.0046055105
-0.0030415499
-0.0054982117
0.0023251555
-0.0007336757
0.0071912066
-0.0071912066
-0.0216391751
0.0206601027
-0.0009800319
0.0178565328
0.0015639101
0.0002403846
-0.0001201851
-0.0219949325
-0.0046798115
0.0055394984
-0.0023351575
0.0107698997
0.0050995739
-0.0008481251
0.0041127432
0.0062575415
0.0041898667
-0.0058707411
0.0025202534
0.0047829817
0.0004770423
-0.0032244609
-0.0007179610
-0.0004789272
-0.0005989817
0.0002396358
0.0021541416
0.0042944119
-0.0095683065
0.0002403268
0.0086135238
0.0051090232
-0.0034427529
-0.0022620404
0.0014292523
-0.0060884806
-0.0035988523
0.0037185912
-0.0061250417
-0.0012054003
-0.0003619036
0.0067340322
0.0013174443
-0.0020367826
-0.0003598633
-0.0009602689
0.0106314087
0.0047415926
-0.0103418455
0.0258314770
0.0150239738
-0.0063287709
-0.0006928407
-0.0015028036
-0.0056847998
-0.0063025419
0.0097868660
-0.0040662269
-0.0070093745
-0.0021124289
-0.0019991775
-0.0027111468
-0.0017721075
-0.0001182522
-0.0020124304
-0.0024915478
0.0001187860
0.0053308188
-0.0079473759
0.0024977711
0.0003563157
0.0021352321
-0.0039180816
0.0016640917
0.0053301873
0.0018883518
0.0017670971
0.0086722681
-0.0033896356
-0.0063425160
0.0049365403
-0.0110824053
-0.0185467476
-0.0152117323
-0.0077553168
-0.0027224370
0.0112132282
-0.0002450980
-0.0040528149
-0.0044400665
0.0008648916
0.0006173221
-0.0017294631
0.0012356359
-0.0035875587
0.0018572407
0.0007419315
0.0012353306
0.0020965661
0.0028295522
0.0035563223
-0.0003673095
0.0090211510
0.0102626919
-0.0037306740
0.0002411091
-0.0079874562
0.0069020072
0.0049353094
-0.0040909695
-0.0024142938
0.0045821858
0.0033629626
0.0002397794
-0.0001198825
0.0062149118
0.0002382654
0.0014284016
0.0026134489
-0.0023755802
0.0019009154
-0.0351506688
-0.0050533170
0.0081221219
0.0020814210
-0.0053961377
0.0034372732
0.0024479816
0.0026858764
-0.0007317966
-0.0001220182
0.0018287113
0.0006088280
0.0023101719
-0.0002429248
-0.0012155101
-0.0059774499
0.0012227930
0.0019533641
-0.0015868175
-0.0003665465
-0.0024470831
-0.0012257908
-0.0017186353
0.0006141375
0.0046551597
0.0018316142
-0.0045240647
-0.0040523172
0.0019668107
-0.0004913401
-0.0011063988
-0.0002460327
0.0023348705
0.0003681659
0.0004906771
0.0020826960
-0.0018374477
-0.0043005534
-0.0013554312
-0.0023455353
0.0020988958
-0.0013576059
-0.0006177034
-0.0043346405
-0.0064749323
0.0029936408
0.0002490660
-0.0118996832
-0.0053063927
0.0056843455
-0.0053043822
0.0056821922
-0.0032791050
-0.0020232683
-0.0090279715
0.0049691126
0.0038056623
0.0059332371
0.0121350085
-0.0027393866
0.0021174574
0.0054597480
0.0046913666
-0.0014791079
-0.0035835689
0.0012371646
0.0019762852
-0.0006171697
0.0009872887
-0.0009872887
-0.0040829008
-0.0124752117
-0.0223416249
-0.0116205310
-0.0072993025
0.0046985208
0.0024709031
-0.0078237457
0.0080834860
0.0049222897
0.0012913225
-0.0045269430
0.0005184033
0.0038794824
0.0045071224
-0.0059278524
-0.0002585315
0.0084964466
-0.0108262431
0.0001295756
0.0050403984
0.0112807247
0.0069863733
-0.0017737240
-0.0154625789
0.0074416561
0.0143412573
-0.0037874051
-0.0035479003
0.0083428622
-0.0032782781
-0.0030356714
0.0042978198
-0.0002523023
-0.0024000517
0.0007585335
0.0006316721
0.0021447053
-0.0029027597
-0.0031647599
0.0044278648
-0.0029075300
-0.0021544904
-0.0058531787
-0.0030674871
0.0017905108
0.0061146687
-0.0036898063
0.0101459336
0.0124147309
-0.0252411179
-0.0142887158
-0.0101642783
-0.0110629338
0.0075203204
0.0013135428
-0.0081719184
0.0092215118
-0.0034152141
0.0032840752
-0.0076356348
0.0075044786
-0.0064478150
0.0007917657
-0.0116758657
0.0038628087
0.0011957751
0.0078037563
0.0006585446
0.0021044332
0.0011818004
0.0019665690
0.0218934841
-0.0101746000
0.0074800452
-0.0056693877
-0.0300370145
-0.0088271270
-0.0231019922
0.0073962808
0.0162429126
-0.0025542798
-0.0005385755
-0.0008084075
-0.0047287800
0.0048635600
0.0200140103
0.0017158323
-0.0040964709
0.0013232766
0.0022455594
0.0026353949
0.0003947109
0.0010518013
0.0011819556
0.0003936750
-0.0007875050
0.0039313378
-0.0032750406
0.0051043891
-0.0079953241
0.0066889882
0.0145343851
0.0014161573
-0.0050299971
0.0033561410
-0.0012894908
-0.0010327912
-0.0021982294
-0.0002589332
-0.0040220619
-0.0054751799
0.0030020254
0.0007816572
0.0038991471
0.0036255381
0.0016788278
-0.0051746558
0.0031080056
-0.0038865187
-0.0006492242
-0.0003897369
-0.0039057464
0.0019547801
0.0013010671
0.0037635500
0.0011651241
0.0034872493
0.0038605118
0.0065288589
-0.0071712434
-0.0005142049
-0.0067088369
-0.0031116322
0.0029821740
-0.0024628958
0.0006487188
0.0009074999
0.0000000000
0.0029760001
0.0027095043
-0.0029679356
0.0001292240
-0.0054418377
-0.0172982953
0.0046159001
-0.0009214771
0.0048610751
-0.0001310702
-0.0002621919
0.0041868437
-0.0043179655
-0.0027575357
0.0069449273
0.0023477251
0.0053271093
0.0002591345
0.0036208497
0.0063051100
-0.0010266941
-0.0039884260
-0.0007737942
0.0036059279
-0.0005143372
0.0008999165
0.0010274853
0.0005133470
0.0029466423
-0.0012800821
0.0061295046
0.0093766526
-0.0055647039
-0.0047034982
-0.0022962123
-0.0159632638
-0.0083398972
0.0036572664
0.0055906016
-0.0018167667
0.0014277373
-0.0038986404
-0.0041753714
0.0035241177
0.0007814535
0.0016910573
-0.0031241890
0.0009122305
-0.0031311180
0.0006531252
-0.0006531252
0.0044328625
0.0013000522
-0.0076948537
-0.0056456528
0.0094352685
0.0070184847
-0.0093689690
0.0094984775
-0.0002590338
0.0023288922
-0.0044035818
-0.0033805779
0.0024715460
0.0023358433
-0.0006482982
-0.0112170212
0.0043190958
-0.0057629498
-0.0044760475
0.0006595001
-0.0029050595
-0.0045063032
0.0062239491
0.0047412179
0.0001313801
0.0039333996
0.0018303051
-0.0177905463
0.0090007226
-0.0013185656
-0.0033040405
-0.0003972195
0.0029092853
-0.0029092853
-0.0001324416
0.0073898462
-0.0040840581
-0.0027761271
0.0052812375
0.0030241296
0.0006562111
0.0017041362
-0.0009172509
0.0020953386
0.0061297877
-0.0027341987
0.0016934805
-0.0091527836
0.0005252791
0.0007874016
-0.0001311906
0.0001311906
0.0091408315
-0.0001299968
0.0027263892
0.0023310034
0.0006465378
-0.0023294950
-0.0023349343
-0.0121514528
-0.0052721883
0.0043515596
0.0044637070
0.0130142389
0.0014212807
0.0016770951
0.0028317692
-0.0003856785
-0.0077449722
-0.0027249741
0.0025953817
0.0025886631
-0.0040152894
0.0027217955
0.0012934939
-0.0198439932
0.0097100881
-0.0070764284
0.0051157716
0.0024828500
0.0019557996
0.0027317090
-0.0040351503
0.0013034413
0.0010415311
0.0022096584
-0.0003895851
0.0022056447
0.0045257723
-0.0041370453
0.0011652749
-0.0020725396
-0.0011676939
-0.0001298280
0.0034994527
0.0007759959
0.0063148609
0.0034626517
0.0002560164
0.0067606610
-0.0002542912
0.0007626796
0.0027915257
-0.0029185986
0.0054496048
0.0012631049
0.0032766255
-0.0011330019
0.0110235364
-0.0004984424
-0.0052486999
-0.0018812321
-0.0040251627
-0.0011350023
-0.0027798855
0.0053003658
0.0023885862
0.0030090294
-0.0076657617
0.0001261432
-0.0011358618
-0.0031619580
0.0001266705
0.0042972766
0.0003782864
-0.0011352887
0.0016394480
-0.0140856336
-0.0001278037
-0.0008950835
-0.0014081805
0.0029421192
0.0039518185
0.0081095224
-0.0008837826
-0.0018964542
0.0128255247
-0.0037551678
-0.0030143203
-0.0063091692
0.0015178348
-0.0040526905
-0.0093071367
0.0000000000
-0.0037215314
-0.0027035742
-0.0037455646
0.0085041100
0.0033303476
-0.0046142097
0.0044863243
-0.0101549815
0.0055401804
0.0011556984
0.0028194303
0.0017900529
-0.0010224950
-0.0003837053
0.0012784456
-0.0043534000
0.0021790690
0.0011517053
-0.0017921152
0.0010244590
0.0006397544
-0.0029462649
0.0008976086
-0.0010259042
-0.0003849856
-0.0024416898
0.0056453832
0.0045953617
0.0010183300
-0.0045906737
-0.0030721990
-0.0003846894
0.0017939523
-0.0053915407
0.0028277654
0.0011545123
0.0103310657
-0.0100746883
0.0025601652
-0.0025601652
0.0001281641
-0.0008974935
0.0015380675
0.0017914272
-0.0010232797
-0.0038466517
0.0015404368
-0.0003848868
0.0025631182
-0.0021782314
0.0017941822
0.0000000000
-0.0068093023
-0.0093252845
-0.0066584227
0.0037915977
-0.0020901379
0.0020901379
0.0011737856
-0.0002607222
0.0010424812
0.0023416168
0.0027249741
-0.0016860130
-0.0035108287
-0.0016948052
0.0063731763
0.0000000000
-0.0011675425
0.0040158095
0.0015501876
-0.0007747934
0.0034818528
-0.0021908637
0.0055323396
0.0021787897
0.0081601881
0.0001269761
0.0013956736
0.0006337537
0.0049295429
0.0007562390
0.0023909909
0.0030120505
0.0010020041
-0.0035114157
-0.0039020756
0.0013863510
0.0079031961
-0.0053874715
0.0020080328
-0.0045237574
-0.0022695761
0.0018916709
0.0095298527
-0.0026241814
-0.0037608168
0.0058856848
-0.0011243677
0.0066031511
-0.0021132459
0.0133500129
-0.0022126622
-0.0018476325
0.0016014786
-0.0013549303
0.0081021803
0.0037830297
-0.0024390256
0.0014641291
0.0063199044
0.0016947105
-0.0008469962
-0.0016961477
0.0010907109
-0.0037619121
-0.0110025560
-0.0006148171
0.0009835260
0.0009825596
-0.0020890945
0.0027027043
0.0037960004
-0.0078528011
0.0016000988
0.0079623132
0.0029239787
0.0019445801
-0.0015796832
0.0012153623
-0.0024322036
0.0034034310
-0.0046217548
0.0055920399
-0.0032784924
-0.0013387697
0.0048596864
-0.0010913722
0.0002426301
-0.0030371159
0.0003649413
-0.0014605650
0.0049814817
-0.0015768091
0.0014556043
0.0013324452
0.0004840857
-0.0044867595
0.0049706109
0.0033804209
-0.0007234145
-0.0056849261
-0.0034021904
-0.0004869735
-0.0028047089
0.0013423640
0.0025577019
0.0060635645
0.0065076152
-0.0102626919
0.0021820835
-0.0071702318
-0.0037881148
0.0050070325
0.0034050866
-0.0015794912
-0.0052423162
-0.0012230921
0.0036647977
-0.0004878644
-0.0017094021
0.0106965892
0.0079480187
-0.0052916540
0.0045717115
0.0064608983
-0.0021489980
0.0036981849
-0.0033396978
0.0040538985
-0.0069254008
0.0021543994
-0.0037132462
0.0027563083
0.0035838051
-0.0017902971
-0.0038300466
0.0035910979
-0.0077970766
-0.0001204311
0.0002408478
0.0022851655
0.0063469466
0.0053574746
-0.0039260059
0.0002383790
-0.0068161699
-0.0089189455
-0.0159866728
0.0144115831
-0.0007278021
0.0043588881
0.0120092713
-0.0023903442
0.0045367795
-0.0112603011
-0.0019293386
0.0075753383
-0.0025187420
-0.0010814059
-0.0028894795
-0.0015686278
0.0070994823
0.0057388967
-0.0140466923
0.0002417795
-0.0002417795
-0.0016940953
-0.0018182925
-0.0029161625
-0.0083089432
-0.0006136852
0.0003682563
-0.0014738396
0.0003686636
-0.0011063988
0.0018433185
-0.0001227822
0.0023302887
0.0020804021
0.0039043485
-0.0040266054
-0.0072397396
0.0050365563
-0.0007354744
-0.0118417567
0.0074175145
-0.0044439031
-0.0032218120
0.0050758388
-0.0019777510
-0.0050859131
0.0022360258
0.0009921866
0.0077792576
-0.0019699588
0.0051628879
-0.0031929292
-0.0045614330
0.0011114543
0.0032039461
0.0024576075
-0.0029498546
0.0051565492
-0.0038034522
-0.0019687468
0.0065066831
-0.0023277193
-0.0001226618
0.0030620393
-0.0034301148
-0.0087509032
0.0016080157
0.0028386320
-0.0007397362
-0.0019753093
0.0002471271
-0.0033413805
0.0066716333
0.0069943226
-0.0002445885
-0.0045357111
-0.0056678318
-0.0008653193
0.0039496472
0.0034431908
-0.0008596869
-0.0018446786
0.0028271176
-0.0045518932
-0.0007401012
-0.0033372505
0.0022260707
0.0012345681
0.0051686061
-0.0017199021
0.0028239935
0.0004903163
0.0014695080
-0.0004895961
0.0040320172
-0.0053796437
-0.0015949945
0.0001227822
-0.0066519092
0.0029618681
0.0013545966
-0.0001230693
-0.0032051309
-0.0021012306
0.0037050802
0.0007393716
0.0023377433
0.0009826803
0.0024524844
-0.0038039189
0.0000000000
-0.0003688903
-0.0017232894
0.0002463661
-0.0002463661
-0.0003696630
-0.0027150455
0.0024685275
-0.0032102756
0.0024703570
-0.0078023803
0.0035991351
-0.0017358963
0.0006203089
-0.0053472738
-0.0034973805
-0.0093023927
-0.0053184879
-0.0017791338
-0.0035677918
0.0042035601
0.0051981100
0.0002528765
0.0109386896
-0.0007505630
-0.0050182015
-0.0124020825
-0.0034441006
-0.0023026747
-0.0087471615
0.0021939739
-0.0179505340
0.0002624672
0.0079723352
0.0036382577
-0.0040288572
0.0019514740
-0.0053430765
-0.0049777415
-0.0018401688
0.0010519396
-0.0015783247
0.0021038798
-0.0024988505
0.0028928357
-0.0011824215
0.0014449920
0.0030146166
-0.0006545788
0.0035296461
0.0015647415
-0.0037856582
-0.0053767096
-0.0064639761
0.0097458957
0.0044461954
-0.0040530879
0.0032699002
0.0057291823
0.0069867020
-0.0112805086
-0.0061474263
0.0131640871
-0.0054531426
0.0046759405
0.0156855877
-0.0028104260
-0.0001279345
-0.0002559181
0.0008954270
0.0134622302
-0.0084880474
-0.0001272346
0.0053299619
0.0001265582
-0.0027879881
-0.0001269116
-0.0056001165
-0.0067875012
0.0113717446
-0.0026715874
0.0096349630
0.0055359980
-0.0045271707
-0.0139613894
-0.0040983664
-0.0052756990
0.0019333640
-0.0003863739
-0.0130958111
0.0003914660
-0.0056257099
-0.0028905552
-0.0032948959
-0.0231031174
0.0041793118
0.0041619178
-0.0029518336
0.0002687089
0.0097587834
0.0117702873
-0.0046122504
-0.0014539689
0.0026420095
-0.0007918702
-0.0116867200
-0.0336896843
0.0075700589
-0.0050862712
-0.0096940241
0.0022240765
-0.0040347881
0.0056996053
0.0016620502
-0.0009691936
-0.0040252674
0.0011120379
0.0069223591
-0.0020716809
-0.0081905088
0.0050055722
0.0019398648
-0.0011080334
0.0033204236
-0.0034590142
-0.0009706719
0.0104886416
-0.0057827505
0.0008281574
0.0027555818
-0.0100948102
-0.0011125019
0.0091413379
0.0231681118
-0.0004042310
0.0049741314
0.0062830231
0.0057139216
-0.0033180733
0.0022574872
-0.0083916576
-0.0042895508
-0.0013442669
0.0014785943
0.0037538588
-0.0038881862
0.0038881862
0.0048057762
-0.0038695091
0.0013360055
-0.0054890023
-0.0041703161
0.0043045533
0.0061555125
-0.0009342677
-0.0036118025
0.0002679887
0.0030767197
0.0034666701
-0.0003993876
-0.0015991475
-0.0037413192
0.0024067400
0.0021344725
-0.0076249450
0.0016100902
0.0045478944
-0.0046819696
0.0054823966
-0.0016014951
0.0004006143
0.0065207497
0.0038392845
-0.0013222268
-0.0019866241
-0.0045176798
-0.0038695091
-0.0040187596
0.0046869855
0.0017353004
0.0033286763
0.0006644077
-0.0027934837
0.0003995472
-0.0001331647
0.0018626935
-0.0406946155
-0.0395364213
0.0014392633
0.0038756957
0.0061415604
-0.0037089914
0.0031392720
-0.0029963638
0.0082539248
-0.0034071583
-0.0035615110
-0.0015710922
0.0034246609
-0.0009976485
-0.0025699614
0.0078320087
0.0022669321
0.0032497379
0.0028173001
0.0028093852
0.0033608770
-0.0026597622
-0.0032292060
-0.0052167901
-0.0001413727
0.0002827255
-0.0031143853
-0.0032663524
-0.0019934508
0.0001425212
0.0041243036
-0.0064070839
-0.0080310198
-0.0017293562
0.0018733344
-0.0011524058
-0.0002883091
0.0027355859
-0.0090995067
0.0067963533
-0.0120334906
-0.0035067248
-0.0038128804
-0.0066337680
-0.0023693184
-0.0044576597
-0.0005958588
-0.0020883062
0.0010446983
0.0164217020
0.0030767001
0.0052524194
0.0011634673
0.0000000000
0.0043509858
-0.0026083191
-0.0011614403
-0.0067045871
0.0018993358
0.0010212270
-0.0092288064
-0.0014727543
-0.0042832943
0.0170241857
0.0049354143
-0.0365714598
-0.0007512584
0.0116558403
0.0268246205
-0.0039127649
0.0049246913
-0.0039087998
-0.0075713815
0.0109020631
0.0038958277
-0.0065015038
-0.0058148150
0.0018935262
-0.0020393306
0.0001458045
-0.0035051883
0.0043795690
0.0029090930
-0.0029090930
-0.0040870003
-0.0007315824
0.0020470836
-0.0113111746
0.0041279728
0.0027914512
0.0019054605
-0.0057273084
0.0054343969
-0.0035216471
-0.0017654852
0.0007359977
0.0023515590
0.0067300912
0.0118859205
-0.0063602412
0.0034742363
0.0011554016
-0.0050647674
-0.0040703647
0.0011646529
-0.0074480081
-0.0005865103
0.0000000000
0.0032215579
-0.0010239158
-0.0061656097
-0.0087259298
0.0124005132
0.0002933842
0.0048284533
0.0014585767
-0.0111389104
-0.0075449725
0.0010389611
0.0084201694
0.0001470913
-0.0023560606
0.0027972046
0.0017626327
0.0058531042
0.0000000000
0.0005834306
0.0014570890
-0.0039390233
0.0020443932
-0.0018982265
-0.0014626301
0.0008778347
0.0020452892
0.0010210781
0.0024754290
-0.0080309988
-0.0072096244
0.0038319870
0.0000000000
-0.0038319870
0.0036848741
-0.0007358894
0.0024998175
-0.0001468752
0.0048355285
-0.0046886533
0.0008807986
-0.0008807986
0.0041037724
0.0033584028
-0.0036509716
0.0026300424
0.0002918004
0.0071226408
0.0079348321
0.0047308525
-0.0047308525
0.0075871812
-0.0208956374
0.0108625878
-0.0212557136
-0.0059032049
-0.0056405078
-0.0183270865
-0.0009100562
0.0110164851
-0.0007506944
0.0091201948
0.0059356162
0.0044287052
-0.0041328472
-0.0048928854
0.0066661976
-0.0011818586
0.0030994047
0.0067557901
-0.0029316937
-0.0033821075
0.0057281496
-0.0013189714
0.0010260169
0.0013176197
0.0129371671
-0.0040521040
0.0050625696
-0.0028897578
0.0076396768
-0.0083634229
-0.0036266087
0.0096898582
0.0001439160
0.0022998429
0.0034398773
-0.0017184595
-0.0024395506
-0.0014378148
-0.0005757053
0.0011510793
-0.0062026885
-0.0010133913
0.0040474181
-0.0023108040
0.0010116339
-0.0043427978
-0.0030512192
0.0018899475
0.0031902579
0.0113727563
0.0025732680
-0.0117766692
0.0051873315
-0.0001437298
0.0065902817
-0.0004284796
0.0017128180
-0.0027133183
0.0012861738
-0.0034334798
-0.0008602151
-0.0037361733
-0.0033167526
0.0046116237
0.0048766591
-0.0054519504
-0.0037474820
0.0059031199
-0.0024434076
0.0051672284
-0.0028673855
-0.0001435853
-0.0101025538
-0.0004352557
0.0026086971
0.0079291124
-0.0044614019
0.0030244136
-0.0064921241
0.0036119378
0.0033114997
-0.0035999751
-0.0033234623
-0.0062432145
-0.0070155213
-0.0041152321
0.0011775097
-0.0007357811
0.0038201633
-0.0017613391
-0.0029424767
-0.0001473514
-0.0065050496
-0.0002966919
-0.0023767094
0.0014861052
-0.0151121302
-0.0148848435
0.0105031790
-0.0069898476
-0.0181571383
0.0086580627
0.0105659049
0.0051656146
0.0003030303
0.0018162560
-0.0012104707
-0.0204962819
-0.0135357959
0.0010958905
0.0057726972
0.0024860174
-0.0159552892
0.0128468005
-0.0057763021
0.0021895536
0.0034310701
0.0099148760
-0.0077375812
-0.0042033221
0.0063758866
0.0032500222
0.0035474704
0.0032280406
0.0047462387
0.0032024427
-0.0119468414
0.0067567825
0.0009178523
-0.0004588208
-0.0035246378
-0.0013825949
-0.0012305801
-0.0020029280
-0.0041727902
-0.0018601773
-0.0046656383
-0.0056276528
-0.0138913047
0.0034909588
0.0017409200
-0.0047551207
-0.0047778400
-0.0065668531
-0.0316709461
-0.0031564110
-0.0031664054
-0.0301615544
-0.0075980334
0.0062208599
0.0029242302
0.0094025823
-0.0030674871
0.0144033669
0.0026881737
-0.0025199509
0.0052009177
-0.0023454526
-0.0006711410
-0.0070743094
0.0005069709
0.0023624716
0.0023569034
0.0018479636
-0.0157323722
0.0101782049
-0.0016891896
0.0023640673
0.0001686483
-0.0158072468
-0.0010284540
0.0044490149
0.0098539703
-0.0074665203
-0.0010224950
-0.0044429328
0.0083568321
-0.0080143664
0.0122513018
0.0020273702
-0.0091557099
-0.0075226889
-0.0063699966
-0.0123383267
0.0138915240
0.0037865794
0.0058239288
0.0090113676
-0.0003385813
0.0001693050
0.0109437914
0.0005022181
0.0023403555
0.0177083651
-0.0074092707
-0.0038082669
0.0008291187
-0.0071529873
-0.0051887304
0.0028487661
0.0041746742
-0.0011671531
0.0018334866
-0.0025010434
-0.0137840475
0.0139509784
0.0031664054
-0.0071804600
0.0083445077
0.0004984631
-0.0023282898
-0.0061795604
-0.0013411569
0.0030150777
0.0053377942
0.0003326680
-0.0149118957
0.0182325031
-0.0148620920
-0.0226296343
-0.0182344203
0.0369871008
0.0292914934
-0.0150378774
-0.0103766621
-0.0005048380
0.0052044103
0.0081714788
-0.0044943896
0.0122700926
-0.0029707894
-0.0069663576
0.0079576017
0.0026385240
0.0000000000
-0.0062778994
-0.0019907107
-0.0033266830
-0.0015006255
-0.0129315766
-0.0148150858
-0.0036091815
-0.0041407927
-0.0031168856
0.0113813955
0.0178439606
-0.0076084567
-0.0064703103
-0.0047945297
0.0083754015
0.0037376870
-0.0033973194
-0.0099180020
-0.0013757526
-0.0025846486
0.0015515907
-0.0083031095
-0.0017385262
0.0074543121
0.0020703941
-0.0219559264
-0.0067173666
-0.0096240272
-0.0037678344
0.0057358107
-0.0388132895
0.0088790816
-0.0246097431
0.0086450454
-0.0211808221
-0.0312555773
0.0037397937
0.0124952817
-0.0168268498
-0.0207343951
0.0232962253
-0.0194759733
0.0038057132
0.0156702602
0.0271808618
-0.0226644084
-0.0027467155
-0.0025572946
0.0179587102
0.0092432778
0.0053527178
0.0017144494
0.0152991935
0.0183866263
0.0005519272
0.0164177347
0.0061327754
-0.0150378774
0.0067315819
-0.0034510978
0.0010911076
0.0079652847
-0.0083288550
-0.0083988078
0.0049382816
-0.0036556429
0.0043851706
-0.0049346714
-0.0007331379
-0.0142186866
-0.0027935580
0.0048372187
-0.0142058464
0.0035704257
-0.0018775822
0.0164029773
-0.0014801113
-0.0053838429
0.0111071116
0.0102565002
0.0032745163
0.0122745223
-0.0059379392
0.0064760075
-0.0053937563
0.0001802614
-0.0046973889
-0.0034467154
0.0052560157
-0.0032591012
-0.0029059229
0.0067071764
-0.0038012536
-0.0023604187
-0.0007274050
0.0124741742
-0.0070314903
-0.0058065850
0.0083364020
-0.0034348764
-0.0019940186
0.0028990780
-0.0081751750
-0.0182241583
0.0101655066
0.0067809295
0.0029181126
-0.0102508677
-0.0046104277
0.0075499852
-0.0001834694
-0.0022042625
-0.0001839080
0.0042213516
0.0052972998
-0.0025538139
0.0016424860
-0.0082395413
-0.0064558003
-0.0117265187
-0.0046917605
-0.0138272873
0.0093023927
0.0067796870
-0.0016906175
0.0110312421
0.0099908324
0.0018392501
0.0080527522
-0.0040182702
0.0052934321
0.0001820333
-0.0030990819
-0.0040248865
-0.0023859789
-0.0020233613
0.0023908057
-0.0025749508
-0.0070227603
0.0033327192
-0.0077936932
-0.0106752582
-0.0011303694
0.0084467888
-0.0022455099
-0.0035657352
-0.0028240629
-0.0024539890
0.0075315739
-0.0013139373
0.0018765252
0.0013114756
0.0061596088
-0.0129227381
0.0037629395
0.0007508917
-0.0033834619
0.0011290931
0.0031921912
0.0029951351
-0.0007479432
-0.0029973795
-0.0035710967
-0.0096491147
-0.0020934445
-0.0082257757
0.0000000000
-0.0019227078
0.0017306033
-0.0057803629
0.0071243201
0.0017252952
0.0051580972
-0.0147809582
-0.0095211056
0.0015606714
0.0060247000
0.0138543682
-0.0021042571
0.0001914792
0.0074392332
-0.0057175685
-0.0005735589
0.0072408853
0.0026545332
-0.0018953759
0.0022740203
-0.0011363638
0.0026495095
0.0047138769
0.0022547924
-0.0013146776
0.0048744004
0.0046646227
-0.0072863470
-0.0067733091
0.0058353107
-0.0016906175
-0.0069805019
-0.0220125646
-0.0017433418
0.0086864748
0.0061314620
-0.0086331471
0.0069124699
0.0112264522
0.0041540845
-0.0032084580
0.0032084580
0.0007534376
-0.0020733209
-0.0015105743
-0.0066357244
0.0039867162
0.0003788596
0.0098003046
-0.0016893481
0.0033758472
0.0016836596
-0.0009350164
0.0039212075
0.0011175267
0.0112911889
0.0140731556
-0.0054595222
0.0023694534
0.0030900688
0.0039847906
0.0036088094
-0.0050559877
-0.0039905730
0.0063411753
-0.0007226739
-0.0032585112
0.0028969783
-0.0009044045
-0.0018112666
-0.0012698414
0.0039855125
0.0059486430
-0.0005393259
-0.0050477843
0.0070238920
-0.0081088831
0.0010849911
0.0154235482
-0.0014247554
0.0055096558
-0.0081865558
0.0017853959
0.0049822167
-0.0012432290
-0.0017787269
0.0026669053
-0.0060552278
-0.0048348201
0.0028678994
-0.0005371050
0.0003581021
0.0021459236
0.0048115570
-0.0040972713
0.0081778234
-0.0130091828
0.0076834113
-0.0033877183
-0.0021455399
-0.0195198679
-0.0073273821
0.0118798802
0.0003633061
0.0019958276
-0.0080073221
-0.0056802718
0.0007347539
0.0022010280
0.0038401803
0.0047341676
-0.0003633721
0.0012712251
-0.0001815047
-0.0115017242
0.0000000000
0.0031166952
-0.0138238309
0.0046292093
0.0007386889
0.0042369042
0.0022034530
-0.0053333460
-0.0064749093
0.0140068637
-0.0140068637
0.0070279557
-0.0122382392
-0.0009332712
0.0033557078
0.0035299619
0.0044411620
0.0128418569
0.0117786992
-0.0090481978
0.0021790457
-0.0012705329
-0.0032745163
0.0085276757
-0.0041640324
0.0023557137
-0.0041715849
0.0072437839
0.0014424813
-0.0045146804
-0.0039898493
-0.0010909092
0.0000000000
-0.0043755767
0.0049211801
-0.0192754935
-0.0037140247
0.0075989616
-0.0036995973
0.0117908514
-0.0069840387
-0.0005534545
0.0047864598
-0.0088545127
-0.0014834047
-0.0005568446
0.0001856493
0.0037057667
0.0040605445
-0.0031362446
0.0018460408
0.0003687996
0.0034968288
-0.0020229892
-0.0014738396
-0.0025844578
-0.0040748343
0.0009275578
-0.0025993331
0.0016717753
0.0108907399
-0.0046002473
-0.0046215074
-0.0117418179
-0.0024401701
-0.0018811142
0.0005647059
0.0011284560
0.0018779348
-0.0028182264
0.0080577593
-0.0037397201
0.0035530659
-0.0003734130
-0.0043043016
-0.0013136907
0.0016887142
-0.0103647399
-0.0001894478
-0.0026560441
-0.0015209128
-0.0043855538
-0.0088292320
0.0023108040
-0.0030822602
0.0000000000
0.0030822602
0.0126148462
-0.0009501188
0.0007601673
-0.0030441424
0.0017134702
0.0022800694
0.0035995113
0.0033981532
0.0000000000
0.0030109168
-0.0016925251
0.0054434672
0.0005614298
0.0009350164
0.0024269591
0.0076159001
-0.0050088223
-0.0037264809
-0.0011206576
-0.0095766388
0.0134934581
0.0213636118
0.0061762231
0.0001810774
0.0005430356
-0.0056256386
0.0029075070
0.0021750960
0.0010857764
-0.0014479641
-0.0058129137
0.0036370289
0.0029001289
-0.0038081468
-0.0007270084
0.0023608474
0.0003627131
-0.0018148825
0.0092216547
-0.0084953064
-0.0010897204
0.0005450086
0.0014519059
0.0047041882
0.0018034270
0.0032379953
-0.0050414223
-0.0016258697
0.0023476309
-0.0032520354
-0.0030811080
-0.0001815376
-0.0032733253
-0.0001821660
-0.0047480002
0.0010976950
-0.0045816996
0.0012849933
0.0003668379
-0.0033063954
0.0023890483
0.0042128462
-0.0016463920
0.0010978958
-0.0007317966
0.0005488976
-0.0110356095
-0.0096637065
-0.0061815313
0.0016896653
0.0050519333
-0.0063658706
0.0011263376
-0.0020659224
-0.0026355437
0.0056391127
0.0024337745
-0.0003740415
-0.0082645098
-0.0380595618
0.0027391917
0.0033161056
-0.0048804392
0.0054644945
0.0137240001
-0.0007681967
-0.0009610765
0.0165923517
-0.0018932228
-0.0022766088
0.0045480465
-0.0034090942
0.0000000000
-0.0114483219
-0.0061597885
-0.0077534794
0.0003891051
-0.0033122290
0.0054496048
0.0031007777
0.0003869220
-0.0071824049
0.0095007986
-0.0065827924
-0.0044777647
-0.0058708583
-0.0033421834
-0.0096963261
0.0041670861
0.0049382816
0.0062856227
-0.0035308001
-0.0031489890
0.0005911913
-0.0021694122
-0.0003949447
0.0082612586
0.0039100734
0.0042834956
0.0007768499
0.0013580369
0.0019368590
-0.0050436576
-0.0029214160
0.0003900156
-0.0019516009
0.0038994005
0.0232725187
0.0030372081
-0.0070375944
0.0057099508
-0.0078117955
0.0009559316
0.0078043605
0.0013263858
0.0043457792
0.0030120505
0.0020655345
0.0206078025
0.0129622992
0.0340587435
0.0125437185
0.0072451585
0.0036029892
-0.0008566779
-0.0012005833
-0.0015457281
0.0018888990
-0.0162577085
-0.0101648264
-0.0024691371
-0.0014136776
0.0030016797
-0.0040632509
0.0067043300
-0.0070584376
0.0005311145
-0.0044345971
-0.0051688913
0.0074773359
-0.0085501055
-0.0012530208
0.0058934004
0.0000000000
-0.0014255170
-0.0053638605
-0.0213814994
0.0010982977
0.0116407280
0.0079251135
-0.0057574826
-0.0032532109
0.0039747116
0.0030605839
-0.0010791368
0.0030545348
0.0014342061
0.0028622560
-0.0003573343
0.0016069997
0.0017825317
-0.0042834261
0.0016084357
-0.0062696130
-0.0108402146
-0.0067438513
0.0038331707
0.0016383002
-0.0065693667
0.0025598844
-0.0089884123
0.0023925658
0.0000000000
-0.0046061804
-0.0011086476
-0.0007397818
0.0000000000
0.0097579712
0.0038401803
-0.0010956904
0.0041936428
-0.0056564333
0.0010972935
-0.0034789012
-0.0438683271
0.0049703792
-0.0122795096
-0.0003861749
0.0034702175
-0.0055968495
0.0027058385
0.0219537308
-0.0115849743
0.0047641824
0.0030372081
0.0069884126
0.0140176111
0.0035201519
0.0132281922
-0.0093518606
0.0060611812
-0.0034852828
-0.0047891048
0.0108347401
0.0105378882
-0.0083485058
0.0009108298
-0.0012753942
-0.0076867143
0.0034846436
-0.0117865085
-0.0009266982
0.0025925940
-0.0020364721
-0.0040854282
0.0120227102
-0.0014719414
-0.0009210648
-0.0100019356
-0.0042906511
0.0029867485
-0.0072958887
-0.0109497035
0.0075643326
-0.0013196345
0.0037657736
0.0112129749
0.0029690131
-0.0029690131
0.0061139607
-0.0024040696
-0.0009261833
-0.0093093206
-0.0024346861
0.0037432198
0.0007469655
-0.0024296807
-0.0026231981
-0.0018779348
-0.0020698098
0.0199540420
0.0161175650
0.0005449096
-0.0076558887
-0.0005490986
0.0047488674
-0.0014587895
0.0050964799
-0.0014534886
-0.0076656700
0.0016475976
-0.0040322635
-0.0005511160
-0.0023916854
-0.0060970166
-0.0011125534
0.0035188480
0.0003696858
-0.0105899736
-0.0063706417
0.0009394082
0.0041229444
0.0078241830
-0.0022292411
-0.0040998939
0.0078125397
0.0159915181
0.0003646308
0.0003644979
-0.0032852740
-0.0003656976
-0.0023802996
0.0045724817
0.0000000000
-0.0003650301
0.0045533272
-0.0001817356
-0.0060158781
0.0003656307
0.0018261510
0.0010940920
0.0076253093
0.0161467448
0.0003558719
-0.0046362423
-0.0023262066
-0.0026908259
0.0060888440
-0.0062684901
0.0230875110
-0.0028129414
0.0015832530
0.0035093912
0.0092407597
-0.0064420872
-0.0001746877
-0.0080688036
0.0001761028
0.0017593249
-0.0054640129
-0.0003535443
-0.0010613834
0.0037099239
-0.0083223145
0.0023088546
-0.0071212692
0.0081850991
0.0044204828
0.0072075552
-0.0190987238
-0.0007144133
-0.0001786831
0.0097804638
-0.0106743586
-0.0073602343
-0.0057824520
0.0048811450
-0.0030705343
0.0127619239
-0.0044750813
-0.0021551732
-0.0028808086
-0.0005410768
0.0062944188
-0.0028725334
0.0007189073
-0.0043212167
0.0000000000
0.0018027768
0.0017995326
-0.0037827659
-0.0018063589
-0.0001808155
-0.0065312279
-0.0058415646
-0.0093811044
-0.0072336400
-0.0003723701
-0.0011179431
-0.0050462681
0.0013107389
0.0018695089
0.0048444291
0.0042659807
0.0009249839
-0.0051909646
0.0042659807
-0.0022234584
0.0014828548
-0.0024107568
-0.0001856838
-0.0007430801
-0.0046568027
0.0031689839
0.0066778211
-0.0003698225
-0.0025925940
0.0020376037
-0.0016668214
0.0003706449
0.0000000000
-0.0037126458
0.0013009945
0.0018556324
-0.0052044727
-0.0052317010
0.0031796529
0.0022383893
-0.0048561918
0.0029912155
-0.0031784639
0.0041113868
-0.0097452046
0.0020694204
-0.0041431321
0.0071455738
-0.0024387968
-0.0015037597
-0.0049028950
0.0088454515
0.0054190547
-0.0014919809
0.0013056050
-0.0067327728
-0.0069673571
-0.0043556550
-0.0051374863
0.0038080777
-0.0007604563
0.0098411089
-0.0005651314
-0.0024526000
-0.0030268657
-0.0036063435
0.0079545874
-0.0062446981
0.0062446981
0.0054557562
-0.0003753049
0.0095265501
-0.0089636455
0.0000000000
0.0018740635
0.0013097579
-0.0039344313
0.0016880807
0.0059790911
0.0094558969
-0.0020319578
-0.0029629651
0.0022230465
0.0005549903
-0.0020364721
0.0048068127
-0.0007380074
-0.0007385525
-0.0068575934
0.0000000000
0.0064881125
0.0001847575
0.0060779264
-0.0079270394
0.0025878018
-0.0049967718
0.0022238704
0.0009251550
0.0012937808
0.0049746763
-0.0031293169
-0.0023996320
-0.0001848258
-0.0009246418
0.0157859372
-0.0025528825
0.0000000000
-0.0016445869
-0.0164104356
0.0000000000
0.0037112679
-0.0066902312
0.0018628917
0.0027878468
0.0024098631
-0.0005556070
-0.0014831297
-0.0012995453
0.0042636083
-0.0072403547
0.0040907458
-0.0003711953
0.0024103099
-0.0057572821
0.0044601449
-0.0005564314
0.0044428063
0.0088268319
0.0034725430
-0.0047549468
0.0058490388
0.0010928963
0.0039970983
-0.0016332460
-0.0007267442
0.0023599902
-0.0030872630
-0.0032792888
0.0038247929
-0.0063828064
-0.0071605924
-0.0020289595
-0.0005540678
0.0000000000
-0.0005543750
0.0036900411
0.0018399269
0.0009186955
0.0020181642
-0.0042244530
0.0038578169
-0.0042260054
-0.0046138312
0.0055340484
0.0014705885
-0.0036805342
-0.0022148403
0.0040568007
-0.0031333543
0.0058899489
0.0001835031
0.0014668136
0.0074838352
0.0061639064
-0.0054367658
0.0047135693
-0.0019914916
0.0019914916
-0.0038053865
0.0000000000
0.0027196101
0.0045163115
0.0091505079
-0.0010721945
0.0062383234
0.0037243991
-0.0139039673
-0.0072059400
0.0077442980
-0.0066600912
0.0000000000
0.0052238253
0.0025121133
-0.0028715023
-0.0072150385
0.0016279284
-0.0028959296
0.0052427129
0.0028808086
0.0017963001
-0.0028756310
-0.0046906094
-0.0083530538
-0.0020078495
-0.0021949890
-0.0016494093
-0.0001834358
0.0040278341
-0.0012798247
0.0007315289
-0.0045808600
0.0009178523
0.0023824807
0.0000000000
0.0025594164
-0.0014617214
-0.0003657645
0.0009141604
-0.0010970928
0.0063828064
-0.0043723881
0.0025528825
0.0056297252
-0.0010871536
0.0021731265
-0.0007238509
-0.0021747018
0.0025366928
0.0023497525
-0.0001805543
0.0016238163
0.0000000000
-0.0009017946
-0.0021676309
0.0001808155
-0.0032596914
-0.0018155415
0.0043517748
-0.0048970806
0.0047161343
0.0021691982
0.0068382487
0.0098153728
-0.0003552398
-0.0019560778
0.0008896006
-0.0024928788
0.0104638713
0.0093072935
0.0048823114
-0.0047075320
0.0031408157
-0.0024420037
0.0040087200
0.0000000000
-0.0015667163
0.0050395449
0.0039788998
0.0053379378
-0.0065472322
0.0077486397
0.0015425489
0.0011981174
0.0001710425
0.0011964791
0.0034106445
0.0027201649
-0.0035717361
0.0030622685
-0.0027215530
0.0006810829
-0.0123310348
-0.0055296495
-0.0012136976
0.0012136976
0.0038049164
-0.0003453039
-0.0013824091
-0.0024238239
0.0003466205
-0.0045154644
0.0062467668
0.0051759950
-0.0003442341
0.0000000000
0.0078875580
0.0000000000
-0.0059957353
0.0018882505
0.0047904283
-0.0030769255
-0.0051493420
0.0013757526
0.0015454627
0.0020569085
-0.0001712475
-0.0046348036
-0.0022392568
-0.0006900121
-0.0017271161
-0.0050255716
0.0048526958
-0.0029434702
-0.0189048165
-0.0088747476
0.0028484976
-0.0116228398
-0.0010797194
0.0007199424
0.0064562635
-0.0042995408
0.0019729179
0.0042910847
0.0039173839
-0.0064182784
0.0032142885
-0.0042880180
0.0025035778
-0.0037577212
0.0041148640
-0.0051910973
-0.0021559477
-0.0008996852
-0.0059583096
-0.0007246377
0.0088408334
-0.0039596884
-0.0012631961
-0.0072490350
0.0038122947
-0.0005437245
-0.0029048677
-0.0010915046
0.0061694988
0.0007233273
0.0063068954
0.0030490563
-0.0019718569
-0.0035951863
-0.0001800991
0.0043134503
0.0016127591
-0.0016127591
0.0023287068
0.0017876301
-0.0008934156
-0.0003575898
0.0008937350
0.0005358578
-0.0064493237
-0.0005393259
-0.0030616863
-0.0010828371
-0.0005418586
0.0005418586
0.0039646835
-0.0016200166
0.0025188930
-0.0043219948
0.0046813193
0.0014360081
0.0062584022
0.0023146098
-0.0008896006
0.0042628839
-0.0046189459
0.0026673795
-0.0023113176
0.0001779834
0.0010672360
0.0003554924
0.0007106058
0.0014196986
-0.0015973027
-0.0039152924
-0.0008919811
-0.0012501118
-0.0028632804
-0.0025121133
0.0021536261
-0.0012557182
0.0003589375
0.0050116446
-0.0030397878
0.0026826449
-0.0021455399
-0.0026884146
-0.0166489550
-0.0027409793
-0.0009153319
0.0032912811
-0.0009131587
0.0003653635
-0.0034763552
0.0012821689
-0.0038514491
-0.0031287409
-0.0009220840
-0.0038820642
-0.0012973776
0.0025930742
0.0024018487
-0.0011078288
0.0018457000
-0.0020304576
0.0001847575
-0.0024045142
-0.0044543503
-0.0033538321
-0.0041144625
0.0063515999
-0.0035444492
0.0020535805
0.0013046316
0.0040892250
0.0000000000
0.0042572947
-0.0001847234
-0.0098394927
0.0013051181
-0.0003727171
0.0026061072
0.0005575690
0.0200503360
0.0088841125
0.0064771727
0.0000000000
-0.0126332667
0.0048917572
0.0028875674
0.0023400245
-0.0052275919
0.0061261453
0.0021532397
-0.0023328858
0.0005388415
-0.0041385574
-0.0046990869
0.0010863662
0.0055941678
-0.0023421324
0.0010816659
0.0023396033
0.0053782847
-0.0023270394
0.0021482285
-0.0021482285
-0.0023324672
-0.0003593245
-0.0050441469
0.0019846646
0.0035984206
0.0005386480
-0.0053995812
0.0041422842
0.0010777799
0.0082246128
-0.0017822140
0.0000000000
0.0056919399
0.0003546728
-0.0012419056
-0.0040914404
0.0030257209
0.0019529522
0.0007092199
-0.0003545471
-0.0001773207
0.0015947554
-0.0008856612
0.0007085917
-0.0010630759
0.0023019045
0.0012372958
-0.0003533569
-0.0101235213
0.0046304624
0.0010655302
-0.0008878630
0.0001776357
-0.0001776357
0.0010653410
0.0049566396
0.0000000000
-0.0038924324
-0.0010642073
-0.0058734707
-0.0017866719
-0.0005366246
-0.0095281620
0.0007222824
-0.0023493279
-0.0007239819
-0.0061751014
-0.0029191774
-0.0023781224
0.0016469946
0.0065609858
-0.0010905126
-0.0056533387
-0.0009148294
-0.0064273474
0.0014727543
-0.0020255969
0.0086262809
0.0023729134
-0.0023729134
-0.0025617580
0.0001832005
0.0073006347
-0.0012737696
0.0001820665
0.0005460006
-0.0020034612
0.0020034612
-0.0010922994
-0.0043811680
-0.0021978031
-0.0179451675
0.0040983664
0.0003717472
0.0018566660
0.0024085236
0.0042470750
-0.0014751985
-0.0062939860
-0.0022308989
-0.0011173186
-0.0029856339
0.0014939312
-0.0014939312
0.0033582121
-0.0003725782
-0.0039204755
-0.0014975667
0.0028061004
0.0007469655
0.0029822948
0.0016736406
0.0005572583
-0.0003714710
-0.0016733294
0.0031583863
0.0022234584
-0.0003702333
0.0106815012
-0.0010997069
-0.0005503073
0.0034801757
-0.0114013740
0.0007395083
0.0001847916
0.0001847575
-0.0012940200
-0.0012956966
-0.0029679117
0.0011139994
0.0020391146
0.0014803852
0.0035071563
-0.0020289595
0.0000000000
0.0005537610
-0.0022168862
-0.0003699593
-0.0003700962
-0.0063126834
0.0033469723
0.0000000000
-0.0053978726
0.0013056050
-0.0029867485
-0.0029956959
-0.0011257037
0.0024374250
-0.0013117214
0.0054231082
0.0026075634
-0.0125411096
0.0037601097
0.0063599167
0.0037223196
0.0038935805
-0.0001850652
0.0022185256
-0.0090901284
-0.0014919809
0.0096583217
0.0005543750
-0.0050004734
-0.0005571548
-0.0024179311
0.0039029879
-0.0040892250
0.0039037135
-0.0001855460
-0.0005568446
-0.0068933668
-0.0035583894
0.0003751641
0.0000000000
0.0033701586
-0.0014964462
-0.0028118868
0.0031862083
0.0091273801
-0.0020417641
-0.0024183809
-0.0007452954
0.0035352163
0.0001857183
-0.0009289364
-0.0037243991
-0.0080547406
0.0009399380
0.0046864834
-0.0026217243
0.0104459073
-0.0080112212
-0.0020597330
0.0078417131
0.0024147871
0.0024089699
-0.0003702333
0.0020345887
-0.0042588714
-0.0003711953
0.0003711953
0.0037043939
-0.0033333364
-0.0014850569
0.0040786115
-0.0005551957
0.0062742409
0.0040389260
-0.0055116803
-0.0012904417
-0.0035110449
0.0011100834
-0.0007399186
0.0027718765
-0.0048094802
0.0044403403
0.0016600576
0.0009210648
-0.0007367840
-0.0033222622
0.0016625108
-0.0011080334
0.0047926359
-0.0071975950
-0.0035253771
0.0053758587
-0.0173430920
-0.0088805496
-0.0039935396
-0.0042008845
0.0011474471
0.0038153423
-0.0015243905
-0.0068886610
-0.0001920307
-0.0028848948
-0.0046332129
-0.0007742935
0.0029005145
0.0063516718
-0.0028821232
0.0026902399
-0.0096414168
0.0082972015
0.0003842459
0.0009599694
-0.0003838772
0.0001919570
0.0036401994
0.0028645107
-0.0020998385
-0.0007646722
0.0045792868
0.0028514419
0.0036001934
-0.0001891611
-0.0001891969
0.0028342012
-0.0015105743
0.0005667328
0.0009438415
0.0003772873
-0.0026440053
0.0033981532
-0.0024530628
0.0045240416
-0.0005643872
0.0003762935
-0.0005644934
0.0015046081
0.0043131806
-0.0037495357
-0.0001878463
0.0005634332
0.0013134442
-0.0028166388
0.0009397614
-0.0011278197
-0.0020709788
0.0045129825
-0.0018779348
-0.0001879876
-0.0013169036
0.0030075211
0.0015003754
0.0007493444
0.0000000000
0.0011229647
0.0003740415
-0.0007482230
0.0046672352
-0.0016776964
-0.0013068237
-0.0009344922
0.0007476636
0.0007471050
0.0005599627
-0.0001866194
-0.0009336197
0.0000000000
-0.0028061004
-0.0035657352
-0.0047112120
-0.0009449117
-0.0030297315
0.0018946576
0.0005676980
-0.0001891969
0.0007565728
-0.0024609572
0.0030280114
-0.0001889823
0.0056539917
-0.0013164083
0.0048808056
-0.0001872835
0.0018712580
0.0024274123
-0.0013063359
0.0044717794
0.0057466096
0.0009237876
-0.0020334604
0.0057201005
-0.0016573063
0.0009210648
0.0001841112
-0.0022115748
-0.0020315826
0.0016625108
0.0038684768
-0.0009197094
0.0001840096
-0.0027637051
-0.0003690718
0.0027647239
-0.0005523336
-0.0029509428
-0.0024040696
0.0005552985
0.0003700278
-0.0018515095
-0.0020406277
-0.0053998828
-0.0003734827
0.0001867588
-0.0022434109
0.0024301349
-0.0007471050
0.0001868286
-0.0050566640
0.0011259149
0.0005624824
0.0018726597
0.0001870732
-0.0067567825
0.0018814681
0.0018779348
0.0037453227
-0.0059992681
0.0045028219
0.0033638604
0.0013051181
-0.0057927846
0.0072822654
0.0000000000
0.0074143064
0.0157570134
0.0065229439
-0.0039811851
-0.0019965521
0.0001816695
-0.0007268763
0.0003635042
0.0012712251
-0.0001815047
0.0009071941
0.0014498009
-0.0012684608
-0.0009070295
0.0000000000
-0.0003630423
0.0009073587
-0.0118603708
0.0031155528
-0.0016482011
0.0027454945
-0.0097346714
0.0025806466
-0.0003682563
0.0022075064
-0.0058975475
-0.0020353416
-0.0020394927
0.0014836798
0.0022214004
-0.0014803852
-0.0012971372
-0.0009275578
0.0018542560
0.0000000000
-0.0001852710
0.0012961765
-0.0042651896
-0.0003717472
0.0038964703
-0.0014825800
0.0042565068
0.0101057360
-0.0016466933
0.0009151643
0.0003658314
0.0020096837
0.0021877857
-0.0023703175
-0.0005477951
-0.0034763552
-0.0014673517
-0.0003671746
-0.0001836379
-0.0003673769
0.0029352433
0.0010984988
-0.0031155528
-0.0029411786
0.0016554772
0.0029363207
-0.0005499038
0.0025636344
0.0056533387
-0.0012737696
0.0076183935
-0.0074363270
0.0045409214
-0.0018138949
0.0010887317
0.0023548602
0.0021688062
-0.0034361188
-0.0029027597
-0.0007270084
-0.0045558165
0.0020071168
-0.0025552122
0.0000000000
-0.0003655639
-0.0025626959
0.0010991025
0.0000000000
0.0001830664
0.0012805270
-0.0016466933
-0.0003663004
0.0018301616
-0.0038472155
0.0011007156
0.0016488050
0.0056584983
0.0010915046
0.0090498355
0.0030583814
-0.0061261453
0.0003614022
-0.0009037506
-0.0038046970
-0.0014532246
-0.0187161427
0.0040665490
-0.0027708524
-0.0001849968
-0.0005551957
-0.0024094164
-0.0003711953
0.0001856148
-0.0018577007
-0.0018611582
0.0040899853
-0.0022288271
-0.0027930378
0.0003728561
-0.0011189856
0.0009325749
0.0039073452
-0.0003714710
-0.0014872656
0.0033432423
-0.0024134422
-0.0031648542
-0.0022400607
0.0046611439
0.0016727074
-0.0014867128
-0.0007441861
-0.0027956406
0.0018646285
-0.0011183599
-0.0076757842
-0.0022577620
-0.0028293898
-0.0015122876
-0.0003784295
0.0020795924
0.0047103243
0.0045011329
-0.0086450454
0.0033917500
-0.0013176472
0.0000000000
0.0123550804
-0.0057841378
0.0050396747
0.0157018096
0.0016482011
-0.0077149538
0.0034974725
-0.0027601453
-0.0011061948
0.0022111673
-0.0046121288
0.0033228755
0.0029444261
0.0056802718
0.0007305936
-0.0034750835
0.0000000000
-0.0022010280
0.0142208413
-0.0059918473
-0.0032834761
-0.0034776277
0.0049382816
-0.0093484321
0.0047767866
-0.0038564000
0.0051385688
-0.0060589555
0.0003682563
0.0022066945
-0.0012866466
-0.0038699026
-0.0007388253
0.0018460408
-0.0033253310
-0.0016668214
0.0018518524
0.0062707693
-0.0022087254
0.0022087254
0.0027540640
0.0021978031
0.0040168029
0.0043636433
-0.0003629105
-0.0005446129
0.0018142240
0.0009058792
0.0063182808
-0.0054132214
0.0003617945
-0.0007237200
-0.0018115947
-0.0009070295
-0.0023621343
0.0056235976
0.0010847949
0.0028870464
0.0003602954
0.0010801081
-0.0001799370
-0.0010803026
-0.0003603604
-0.0027068500
-0.0005422504
0.0028886101
-0.0063297074
-0.0018158712
0.0156887178
-0.0075431392
0.0064690253
0.0115752339
0.0010617591
-0.0079908087
-0.0014272973
0.0040980013
0.0030182002
-0.0046197666
-0.0026749904
-0.0033986259
-0.0034102160
0.0008985534
-0.0041400473
0.0066517099
0.0032200386
0.0032097032
0.0005339504
-0.0033865107
0.0040980013
0.0076167227
0.0119278734
-0.0047190510
-0.0086215015
0.0098470991
-0.0079051795
-0.0003527959
0.0019388391
-0.0022917595
0.0008820676
-0.0017649140
-0.0033619425
0.0010628876
-0.0019494911
0.0015953207
-0.0033708894
0.0001776988
0.0014204548
0.0005321508
0.0044236116
-0.0046009637
-0.0014199505
-0.0021337135
-0.0024951002
0.0000000000
-0.0017860337
0.0007147963
-0.0023249586
0.0000000000
0.0012525724
-0.0113300376
0.0034305351
0.0009008198
0.0026976008
0.0017943662
-0.0017943662
0.0005386480
-0.0019764628
-0.0012597860
-0.0001800991
0.0023387615
0.0014365239
-0.0023354003
-0.0077638740
-0.0007252947
-0.0010889293
-0.0009083478
0.0036284510
0.0023514527
0.0030666570
0.0014398851
-0.0023408672
-0.0025270772
-0.0121830764
0.0000000000
0.0018278199
-0.0034757192
0.0009158348
-0.0077192076
-0.0018467226
0.0060812866
0.0011017261
0.0007338103
0.0025641040
0.0029223765
-0.0040204733
0.0051141664
0.0009104981
-0.0020041913
0.0052751373
-0.0010891270
-0.0027280184
0.0032727302
0.0014511158
-0.0050881447
0.0049068704
-0.0041784056
0.0045409214
0.0032567425
-0.0023510274
0.0003620565
-0.0005431339
-0.0030833433
0.0000000000
0.0009078530
-0.0010895225
-0.0032757081
-0.0005469961
0.0029138611
0.0005454050
0.0019972771
0.0047050394
-0.0027117435
0.0050559877
0.0019793079
-0.0025197997
-0.0019843066
0.0018040777
0.0007207208
-0.0025247985
-0.0059766546
0.0019961898
-0.0003626473
-0.0050909201
0.0061784678
-0.0001811758
-0.0009063719
0.0075881123
0.0021574981
-0.0010781672
0.0057368390
-0.0012521243
0.0014308713
0.0071238057
-0.0014207070
-0.0010668564
0.0005335705
-0.0037409859
0.0037409859
-0.0026707040
0.0014252630
0.0017787269
0.0035479902
0.0008850341
-0.0079936477
0.0016038496
0.0008899173
-0.0044575272
-0.0019676243
0.0041097172
-0.0041097172
-0.0059262093
0.0016197250
0.0019761077
-0.0081088831
-0.0021735201
-0.0009070295
0.0018132371
0.0014482262
-0.0018106107
0.0009057151
-0.0027196101
0.0010887317
0.0065076152
0.0019800204
-0.0008995233
0.0028756310
0.0026884146
-0.0044847147
-0.0021598281
-0.0023450899
0.0036055565
0.0035926031
0.0012543681
0.0053581125
0.0016018514
-0.0007116172
-0.0016029926
-0.0003565698
-0.0035727083
0.0005367206
0.0037490002
-0.0019620090
0.0023183247
-0.0012476608
0.0003566334
0.0017812616
0.0044393219
-0.0044393219
0.0012449979
0.0007107321
0.0053144501
-0.0005301759
-0.0008842515
0.0014144274
0.0022941861
-0.0001762891
-0.0017646025
-0.0026527560
0.0014156789
-0.0017699120
0.0024770006
0.0021182709
0.0000000000
-0.0026485404
-0.0019467310
-0.0007088428
0.0008859751
0.0000000000
0.0014159294
-0.0015930617
-0.0030160583
-0.0001776988
0.0026621721
-0.0003545471
0.0010632643
0.0000000000
-0.0040820005
-0.0033847008
0.0012483283
-0.0017838035
-0.0005357621
0.0021413284
-0.0012485510
-0.0017863527
-0.0001788109
0.0000000000
-0.0007155635
0.0012519004
0.0023208080
0.0016035638
0.0021340929
-0.0019560778
0.0007117438
0.0005334756
0.0012436708
-0.0037356621
-0.0024982169
0.0001786512
0.0005357621
-0.0021447729
0.0017876301
0.0044551441
0.0026635903
-0.0024857967
0.0010660982
-0.0012438918
0.0010662876
0.0024835918
0.0037138605
-0.0001765381
0.0012351126
-0.0044181392
-0.0155290939
-0.0016203082
-0.0021645030
0.0001805543
0.0010826418
-0.0014437830
0.0005416629
0.0014430017
0.0034188067
0.0034071583
-0.0131545279
0.0030788759
0.0014456092
-0.0001805869
-0.0010842068
0.0019868154
-0.0025293600
0.0027097840
0.0027024609
-0.0012602396
-0.0001801639
-0.0012620573
-0.0003608806
0.0003608806
-0.0023480549
-0.0023535812
0.0010869566
-0.0009057151
-0.0010879421
-0.0009075234
-0.0019994554
0.0025440682
-0.0016347293
-0.0016374060
0.0029090930
0.0009073587
0.0009065362
0.0019914916
0.0025289031
0.0018024518
0.0000000000
-0.0014417015
0.0048574351
-0.0008977467
0.0000000000
-0.0012582009
0.0057388967
0.0012510054
-0.0008934156
-0.0005364327
0.0014298483
-0.0007146686
0.0236676537
-0.0022717354
-0.0061419865
0.0024613233
-0.0130790129
-0.0016024218
-0.0170729279
0.0007247690
0.0048784992
-0.0108736120
-0.0021889830
0.0040094823
0.0030872630
0.0021735201
0.0007234582
0.0057689001
0.0010779735
-0.0077512781
0.0021691982
-0.0067035309
0.0025417588
0.0028969783
0.0050496050
-0.0001799047
0.0039504451
-0.0026917917
0.0007185199
-0.0003591954
0.0003591954
-0.0012577488
0.0000000000
-0.0014393669
-0.0010808864
-0.0001802614
-0.0034311546
-0.0005428391
-0.0030816665
-0.0003631741
0.0019958276
-0.0005439217
0.0028975029
-0.0007235890
0.0025302743
-0.0028922652
0.0009047318
-0.0010857764
0.0009048955
-0.0001809136
-0.0043517748
0.0027220777
-0.0007251632
0.0027166548
0.0041512558
0.0021590509
-0.0005393259
0.0010783610
0.0023324672
0.0016116039
-0.0028668717
-0.0023354003
-0.0010797194
-0.0012611478
-0.0014432620
0.0023442442
0.0007202017
0.0001799694
0.0010791368
-0.0054073672
0.0001807174
0.0018053805
-0.0003608154
-0.0005414674
0.0014432620
-0.0012627403
-0.0030733098
-0.0003621876
0.0032549757
-0.0003611412
0.0001805869
0.0007220217
-0.0037964431
0.0007242441
0.0005428391
-0.0032614633
0.0041655408
-0.0010849911
0.0021688062
-0.0025307316
-0.0039898493
-0.0020009102
0.0029090930
-0.0003631741
-0.0018178518
0.0012728432
-0.0003635042
-0.0005455042
0.0019987287
-0.0025445306
0.0052636477
-0.0005432322
-0.0001811430
0.0019907707
-0.0001808155
0.0010844028
-0.0009035873
0.0001807828
0.0018060326
0.0012622849
-0.0018037523
0.0041437768
-0.0061316693
-0.0018106107
0.0090204472
0.0071582267
0.0001783008
0.0014252630
-0.0003561254
0.0000000000
-0.0044623010
-0.0012530208
0.0008951751
-0.0118813279
0.0003621220
0.0000000000
-0.0021747018
0.0093897403
-0.0066721012
-0.0025362332
0.0043438982
-0.0018076650
-0.0012673126
-0.0005436260
0.0021727331
-0.0045318667
-0.0014545457
0.0021810259
-0.0005448107
0.0003632401
0.0012703023
-0.0003627789
0.0012691507
-0.0005437245
0.0025348556
0.0016261635
-0.0023497525
0.0023497525
0.0018037523
0.0025197997
0.0034096040
-0.0039490269
0.0003596475
-0.0005395198
0.0001798723
0.0021559477
0.0064400938
0.0046255197
0.0023047612
-0.0003542331
-0.0017730501
-0.0019539930
0.0063807377
0.0007064642
0.0019402070
0.0010567102
-0.0014091952
0.0031679013
0.0035081601
0.0121825384
-0.0001729954
-0.0013850418
-0.0008666263
0.0024246635
-0.0144614420
-0.0026359738
0.0047397614
-0.0010513406
-0.0017546943
-0.0014059756
0.0017571609
-0.0014054816
0.0028089906
-0.0052733467
0.0000000000
-0.0040618157
-0.0044338106
0.0023080348
-0.0035530327
0.0051477881
0.0035348216
0.0054543990
0.0024535589
-0.0036825995
-0.0010546670
0.0010546670
0.0031573434
0.0048916939
-0.0069954815
-0.0068680379
-0.0049601519
-0.0014217170
0.0069118574
0.0003531697
-0.0030059257
-0.0014176859
-0.0003547357
0.0001773836
0.0010636413
0.0015933437
-0.0010619470
-0.0030149885
0.0028378877
0.0012390479
0.0000000000
-0.0049654296
0.0051423112
0.0000000000
-0.0008847209
-0.0003541077
0.0021227675
0.0010596963
-0.0007063394
0.0100185388
0.0109575842
-0.0029450000
0.0094967475
0.0065091014
-0.0020509322
-0.0066947293
0.0044681291
0.0011995546
-0.0013710371
0.0046197362
0.0074830281
-0.0030544738
-0.0023821689
-0.0006816633
0.0006816633
-0.0035839274
0.0006836438
0.0030706268
-0.0080376662
0.0005149773
-0.0003432887
-0.0001716886
-0.0025788719
-0.0046587954
-0.0012113872
0.0029393987
0.0024142105
0.0017208746
-0.0006879945
0.0000000000
0.0015473226
0.0001717770
-0.0034411596
-0.0008621433
-0.0025908988
0.0020732558
0.0001725774
0.0008624408
0.0003447681
0.0017220600
0.0032637665
0.0042782644
-0.0017091100
-0.0006844627
-0.0001711889
0.0005134788
0.0064813462
-0.0025534102
0.0064560197
0.0069192749
0.0033579615
0.0030125546
-0.0026773778
-0.0218523136
0.0052950845
0.0209043351
0.0071482309
-0.0133402012
-0.0001678838
-0.0099553678
-0.0047594854
0.0006813150
0.0033996293
-0.0027187782
0.0013603131
-0.0037453227
0.0017041586
-0.0025573281
0.0013647221
-0.0032442614
-0.0003421143
-0.0003422314
0.0090297913
-0.0003392706
0.0028801375
-0.0045782191
0.0018677313
-0.0037389574
-0.0011926060
-0.0005115526
-0.0018779348
-0.0011968882
-0.0099725723
0.0053425375
-0.0022369449
0.0027524531
0.0010302199
-0.0003432887
0.0027430156
-0.0048052263
0.0012034730
-0.0048226067
-0.0015550759
-0.0008649771
-0.0085166066
-0.0006984460
0.0003492840
-0.0020975362
0.0064533232
0.0003476447
0.0034698161
0.0019032794
0.0056881994
-0.0043062680
0.0022415735
-0.0022415735
0.0055087073
0.0000000000
0.0047953509
-0.0008546279
-0.0056589365
0.0010312823
0.0036011357
0.0046110576
0.0035717361
-0.0052770571
-0.0078821518
-0.0063853871
-0.0090435399
0.0006985680
-0.0170793834
0.0093681640
0.0012307694
0.0008781945
-0.0036936107
0.0019364499
-0.0044064582
0.0066901658
-0.0001754848
0.0031540240
-0.0010502364
-0.0028060348
-0.0056358022
0.0054601633
0.0059544834
-0.0017476411
-0.0012251686
0.0001751160
-0.0026299656
0.0029801056
-0.0036825995
0.0061301532
0.0045296245
0.0114069678
-0.0024088105
0.0037826730
0.0030843068
0.0134253015
-0.0050770121
-0.0056146468
-0.0006827104
-0.0001707504
-0.0063383510
0.0017170334
-0.0049875415
0.0049875415
-0.0032648882
-0.0060423145
-0.0067761531
0.0100607960
0.0055077592
0.0030848354
-0.0054907482
0.0032637665
-0.0039522347
-0.0032767124
-0.0237731874
0.0074022192
-0.0005269167
0.0073516872
0.0006973501
-0.0006973501
-0.0017455058
0.0005239717
-0.0020975362
0.0052356141
0.0008699435
0.0003477656
-0.0034831105
-0.0034952849
0.0000000000
-0.0050899627
0.0001759479
-0.0100787698
-0.0033822907
0.0008911862
-0.0071518274
0.0019718569
0.0012527966
0.0014298483
0.0007141582
0.0021394196
0.0017793599
-0.0017793599
0.0016015663
-0.0010674258
-0.0012467719
0.0010687568
-0.0003561254
-0.0012474385
0.0010693282
-0.0023183247
-0.0035771814
0.0023266230
0.0042811339
0.0019560778
-0.0014222225
-0.0003558719
0.0023109067
-0.0014214643
0.0001777936
0.0023084446
-0.0007097232
-0.0015987214
-0.0032051309
-0.0032154369
0.0010729615
-0.0016098742
-0.0001790350
0.0007159478
0.0028586762
-0.0001784280
0.0028510354
-0.0062472314
-0.0235518132
-0.0044093402
-0.0047988280
0.0022177056
-0.0007386889
0.0020300828
-0.0036941305
-0.0042651896
-0.0018601196
0.0005583993
-0.0031683933
-0.0016814577
0.0065231803
0.0033382820
-0.0038957474
-0.0048444291
-0.0007473842
0.0020539639
0.0026080492
-0.0029811835
0.0107647662
-0.0009234464
0.0053441572
0.0009185267
-0.0022058832
0.0000000000
-0.0022107599
-0.0014765599
0.0035032764
0.0011037529
-0.0009197094
0.0014711294
0.0000000000
-0.0031287409
-0.0018450190
-0.0011086476
-0.0033333364
0.0048112602
-0.0003692762
-0.0102089054
0.0029806281
0.0063044896
-0.0005546825
-0.0011102888
0.0001851338
0.0018494549
0.0014771051
0.0012906796
0.0031275897
-0.0131276730
-0.0027956406
0.0007462687
0.0026075634
0.0007437710
0.0050060362
0.0025858899
-0.0016615900
-0.0001847916
-0.0020349651
-0.0001852023
-0.0031536989
0.0068512443
-0.0075947387
0.0085169928
-0.0005532504
-0.0005535566
0.0016597514
-0.0029525764
0.0011082380
-0.0011082380
-0.0020349651
-0.0003704390
-0.0012976181
0.0040725713
0.0012923476
0.0023956521
0.0016551728
-0.0003675795
-0.0014716706
-0.0023960937
0.0044190829
-0.0018389119
-0.0062777163
-0.0109880983
0.0016839746
0.0033594656
0.0022333901
0.0011148273
0.0007425283
-0.0035319304
0.0068665019
