datetime_str,log_return
2025-05-21 18:00:00,-0.0023087428
2025-05-21 19:00:00,0.0127363659
2025-05-21 20:00:00,-0.0021807995
2025-05-21 21:00:00,0.0022845285
2025-05-21 22:00:00,0.0070284527
2025-05-21 23:00:00,0.0015437661
2025-05-22 00:00:00,0.0072749949
2025-05-22 01:00:00,-0.0038870753
2025-05-22 02:00:00,0.0059268516
2025-05-22 03:00:00,0.0153678083
2025-05-22 04:00:00,-0.0036184581
2025-05-22 05:00:00,-0.0089006353
2025-05-22 06:00:00,-0.0045822594
2025-05-22 07:00:00,0.011971331
2025-05-22 08:00:00,-0.0030299993
2025-05-22 09:00:00,0.0020210193
2025-05-22 10:00:00,-0.005669179
2025-05-22 11:00:00,0.0002030251
2025-05-22 12:00:00,0.0047592617
2025-05-22 13:00:00,-0.0070965424
2025-05-22 14:00:00,0.0020327276
2025-05-22 15:00:00,0.0069813609
2025-05-22 16:00:00,-0.0021196072
2025-05-22 17:00:00,0.0012117542
2025-05-22 18:00:00,0.0131336792
2025-05-22 19:00:00,-0.0062946703
2025-05-22 20:00:00,-0.0020066225
2025-05-22 21:00:00,-0.000301341
2025-05-22 22:00:00,0.0093991293
2025-05-22 23:00:00,-0.0015936258
2025-05-23 00:00:00,0.0041778634
2025-05-23 01:00:00,0.0011904763
2025-05-23 02:00:00,0.0116314766
2025-05-23 03:00:00,0.0008816183
2025-05-23 04:00:00,-0.0086538056
2025-05-23 05:00:00,0.0009871669
2025-05-23 06:00:00,-0.013909812
2025-05-23 07:00:00,0.0012998052
2025-05-23 08:00:00,0.0078626929
2025-05-23 09:00:00,0.010649938
2025-05-23 10:00:00,-0.0029469569
2025-05-23 11:00:00,-0.0452793643
2025-05-23 12:00:00,0.0025700348
2025-05-23 13:00:00,0.0213314335
2025-05-23 14:00:00,0.0001004975
2025-05-23 15:00:00,-0.0099985684
2025-05-23 16:00:00,0.0007102633
2025-05-23 17:00:00,0.0057648706
2025-05-23 18:00:00,-0.0092194564
2025-05-23 19:00:00,0.0044683734
2025-05-23 20:00:00,-0.0155216023
2025-05-23 21:00:00,-0.0022666402
2025-05-23 22:00:00,-0.0034096226
2025-05-23 23:00:00,-0.0135461069
2025-05-24 00:00:00,0.0032469261
2025-05-24 01:00:00,0.0025065287
2025-05-24 02:00:00,0.0081030986
2025-05-24 03:00:00,0.0013441557
2025-05-24 04:00:00,0.0034039952
2025-05-24 05:00:00,-0.0054726762
2025-05-24 06:00:00,0.0004140787
2025-05-24 07:00:00,0.0004139073
2025-05-24 08:00:00,0.0080371375
2025-05-24 09:00:00,-0.0022603523
2025-05-24 10:00:00,0.0041059388
2025-05-24 11:00:00,-0.0036945855
2025-05-24 12:00:00,-0.0010287008
2025-05-24 13:00:00,-0.0059874237
2025-05-24 14:00:00,0.0036173881
2025-05-24 15:00:00,0.0008249975
2025-05-24 16:00:00,-0.0073457472
2025-05-24 17:00:00,0.0004152824
2025-05-24 18:00:00,0.0023845328
2025-05-24 19:00:00,0.0039272477
2025-05-24 20:00:00,-0.0054817327
2025-05-24 21:00:00,-0.0006224712
2025-05-24 22:00:00,-0.0080229657
2025-05-24 23:00:00,0.0007320262
2025-05-25 00:00:00,-0.007239186
2025-05-25 01:00:00,0.0003158393
2025-05-25 02:00:00,0.0056681164
2025-05-25 03:00:00,0.0034480991
2025-05-25 04:00:00,0.0003128748
2025-05-25 05:00:00,0.0
2025-05-25 06:00:00,0.0005212406
2025-05-25 07:00:00,-0.0072172271
2025-05-25 08:00:00,-0.01044699
2025-05-25 09:00:00,0.0031772956
2025-05-25 10:00:00,-0.005301115
2025-05-25 11:00:00,0.0049838394
2025-05-25 12:00:00,0.0060110911
2025-05-25 13:00:00,-0.0011572249
2025-05-25 14:00:00,-0.0046423379
2025-05-25 15:00:00,-0.0016934805
2025-05-25 16:00:00,-0.0013780677
2025-05-25 17:00:00,0.0039172143
2025-05-25 18:00:00,-0.0026450843
2025-05-25 19:00:00,0.0043342739
2025-05-25 20:00:00,-0.0047581374
2025-05-25 21:00:00,-0.0023344663
2025-05-25 22:00:00,0.0170638225
2025-05-25 23:00:00,0.0001044332
2025-05-26 00:00:00,0.00645365
2025-05-26 01:00:00,-0.0003113164
2025-05-26 02:00:00,-0.0033267522
2025-05-26 03:00:00,0.0020805167
2025-05-26 04:00:00,0.0014537905
2025-05-26 05:00:00,0.0029012558
2025-05-26 06:00:00,0.0026865071
2025-05-26 07:00:00,0.0010313532
2025-05-26 08:00:00,-0.0021670717
2025-05-26 09:00:00,-0.0007234021
2025-05-26 10:00:00,0.0009299923
2025-05-26 11:00:00,0.0008259344
2025-05-26 12:00:00,0.0063779663
2025-05-26 13:00:00,-0.0066876117
2025-05-26 14:00:00,0.0
2025-05-26 15:00:00,0.003400838
2025-05-26 16:00:00,-0.01242252
2025-05-26 17:00:00,-0.014056667
2025-05-26 18:00:00,0.0028482534
2025-05-26 19:00:00,-0.0008430815
2025-05-26 20:00:00,0.0044182693
2025-05-26 21:00:00,0.0010490979
2025-05-26 22:00:00,-0.0080008849
2025-05-26 23:00:00,0.0049554638
2025-05-27 00:00:00,-0.0069657274
2025-05-27 01:00:00,-0.0060551521
2025-05-27 02:00:00,0.0019161173
2025-05-27 03:00:00,0.0050917687
2025-05-27 04:00:00,-0.0022244594
2025-05-27 05:00:00,0.0021186449
2025-05-27 06:00:00,0.0003174099
2025-05-27 07:00:00,0.0105230898
2025-05-27 08:00:00,0.0059489817
2025-05-27 09:00:00,-0.003857587
2025-05-27 10:00:00,-0.0036628161
2025-05-27 11:00:00,0.0018854096
2025-05-27 12:00:00,0.0019863056
2025-05-27 13:00:00,0.0030241433
2025-05-27 14:00:00,-0.0039645331
2025-05-27 15:00:00,0.0079134107
2025-05-27 16:00:00,0.0011401919
2025-05-27 17:00:00,0.0029997437
2025-05-27 18:00:00,-0.0022748433
2025-05-27 19:00:00,0.0012414651
2025-05-27 20:00:00,0.0023751754
2025-05-27 21:00:00,-0.007766024
2025-05-27 22:00:00,-0.0036448882
2025-05-27 23:00:00,0.0014595499
2025-05-28 00:00:00,0.002289283
2025-05-28 01:00:00,-0.0035401953
2025-05-28 02:00:00,-0.0032387846
2025-05-28 03:00:00,0.0025083625
2025-05-28 04:00:00,0.0012518257
2025-05-28 05:00:00,0.0005211319
2025-05-28 06:00:00,-0.0071107693
2025-05-28 07:00:00,0.0027247973
2025-05-28 08:00:00,0.0060517714
2025-05-28 09:00:00,-0.0024997409
2025-05-28 10:00:00,0.0052007606
2025-05-28 11:00:00,0.0092937472
2025-05-28 12:00:00,-0.0037071405
2025-05-28 13:00:00,-0.0101618461
2025-05-28 14:00:00,-0.0075322042
2025-05-28 15:00:00,-0.0078010094
2025-05-28 16:00:00,0.0080110052
2025-05-28 17:00:00,0.0018879804
2025-05-28 18:00:00,-0.00947575
2025-05-28 19:00:00,-0.0094596018
2025-05-28 20:00:00,0.0089305293
2025-05-28 21:00:00,0.0068562053
2025-05-28 22:00:00,-0.0068562053
2025-05-28 23:00:00,0.0100048225
2025-05-29 00:00:00,0.0123927647
2025-05-29 01:00:00,-0.0020721101
2025-05-29 02:00:00,0.022661826
2025-05-29 03:00:00,-0.01285732
2025-05-29 04:00:00,-0.0041165027
2025-05-29 05:00:00,-0.0027882499
2025-05-29 06:00:00,0.0040249809
2025-05-29 07:00:00,-0.0013398611
2025-05-29 08:00:00,0.0068863009
2025-05-29 09:00:00,0.0
2025-05-29 10:00:00,0.0002048341
2025-05-29 11:00:00,-0.0047218318
2025-05-29 12:00:00,-0.0066068166
2025-05-29 13:00:00,-0.0047757566
2025-05-29 14:00:00,0.0035321042
2025-05-29 15:00:00,-0.0069722953
2025-05-29 16:00:00,-0.0088106297
2025-05-29 17:00:00,0.0059870984
2025-05-29 18:00:00,-0.0105275212
2025-05-29 19:00:00,-0.0066896984
2025-05-29 20:00:00,-0.0010659845
2025-05-29 21:00:00,0.0100812654
2025-05-29 22:00:00,-0.0081633106
2025-05-29 23:00:00,-0.0076939897
2025-05-30 00:00:00,-0.035930701
2025-05-30 01:00:00,0.0156666929
2025-05-30 02:00:00,0.0032786915
2025-05-30 03:00:00,0.0019620673
2025-05-30 04:00:00,-0.0011985836
2025-05-30 05:00:00,-0.0003271359
2025-05-30 06:00:00,-0.0128425013
2025-05-30 07:00:00,0.0011041185
2025-05-30 08:00:00,-0.0054218667
2025-05-30 09:00:00,0.0021058473
2025-05-30 10:00:00,-0.0013294928
2025-05-30 11:00:00,0.0049765101
2025-05-30 12:00:00,-0.003425607
2025-05-30 13:00:00,-0.011914845
2025-05-30 14:00:00,0.0071436848
2025-05-30 15:00:00,-0.0025613912
2025-05-30 16:00:00,-0.0272410176
2025-05-30 17:00:00,0.0044589338
2025-05-30 18:00:00,0.0120196481
2025-05-30 19:00:00,-0.0013534854
2025-05-30 20:00:00,-0.0054323357
2025-05-30 21:00:00,-0.0052338269
2025-05-30 22:00:00,-0.0177240225
2025-05-30 23:00:00,-0.0045388498
2025-05-31 00:00:00,-0.0156354211
2025-05-31 01:00:00,-0.002966481
2025-05-31 02:00:00,-0.003809982
2025-05-31 03:00:00,0.0064209495
2025-05-31 04:00:00,0.0054373656
2025-05-31 05:00:00,-0.0016517229
2025-05-31 06:00:00,0.0050644947
2025-05-31 07:00:00,0.0007046389
2025-05-31 08:00:00,-0.0010571446
2025-05-31 09:00:00,0.0
2025-05-31 10:00:00,0.0024649346
2025-05-31 11:00:00,-0.0034055579
2025-05-31 12:00:00,0.0171442767
2025-05-31 13:00:00,0.0016175625
2025-05-31 14:00:00,0.006444211
2025-05-31 15:00:00,-0.0010328801
2025-05-31 16:00:00,0.0084610612
2025-05-31 17:00:00,-0.0065109602
2025-05-31 18:00:00,0.001603115
2025-05-31 19:00:00,0.0022857153
2025-05-31 20:00:00,0.0009128253
2025-05-31 21:00:00,0.0022784243
2025-05-31 22:00:00,-0.0055913879
2025-05-31 23:00:00,-0.0036684668
2025-06-01 00:00:00,0.000459295
2025-06-01 01:00:00,-0.0044871501
2025-06-01 02:00:00,0.0039129984
2025-06-01 03:00:00,0.0010332358
2025-06-01 04:00:00,0.003550774
2025-06-01 05:00:00,-0.003321311
2025-06-01 06:00:00,-0.0056370584
2025-06-01 07:00:00,0.0001153602
2025-06-01 08:00:00,0.0
2025-06-01 09:00:00,-0.0041613746
2025-06-01 10:00:00,0.0032381201
2025-06-01 11:00:00,0.0028823448
2025-06-01 12:00:00,-0.0024206109
2025-06-01 13:00:00,0.0097617772
2025-06-01 14:00:00,0.0006854793
2025-06-01 15:00:00,0.0026233263
2025-06-01 16:00:00,0.0046593641
2025-06-01 17:00:00,-0.0009074411
2025-06-01 18:00:00,-0.0069464494
2025-06-01 19:00:00,0.0066059466
2025-06-01 20:00:00,-0.0020454553
2025-06-01 21:00:00,0.0052189817
2025-06-01 22:00:00,-0.000113167
2025-06-01 23:00:00,0.0007919
2025-06-02 00:00:00,-0.0012446961
2025-06-02 01:00:00,-0.0036297681
2025-06-02 02:00:00,-0.0054694758
2025-06-02 03:00:00,-0.0010288655
2025-06-02 04:00:00,0.0002287283
2025-06-02 05:00:00,0.0022844099
2025-06-02 06:00:00,0.0065954299
2025-06-02 07:00:00,0.0100367349
2025-06-02 08:00:00,-0.0038223768
2025-06-02 09:00:00,-0.0054212918
2025-06-02 10:00:00,0.001131862
2025-06-02 11:00:00,-0.0053309263
2025-06-02 12:00:00,0.0081549891
2025-06-02 13:00:00,-0.0096345319
2025-06-02 14:00:00,0.0048855406
2025-06-02 15:00:00,0.0030555108
2025-06-02 16:00:00,-0.0050977171
2025-06-02 17:00:00,0.005210705
2025-06-02 18:00:00,0.0022570826
2025-06-02 19:00:00,-0.00067659
2025-06-02 20:00:00,0.0033783816
2025-06-02 21:00:00,0.0032549555
2025-06-02 22:00:00,0.0030209813
2025-06-02 23:00:00,0.0005584408
2025-06-03 00:00:00,0.0061223545
2025-06-03 01:00:00,0.0052022919
2025-06-03 02:00:00,-0.0084257705
2025-06-03 03:00:00,-0.0025639611
2025-06-03 04:00:00,-0.0052599304
2025-06-03 05:00:00,0.0072670676
2025-06-03 06:00:00,0.0021142833
2025-06-03 07:00:00,-0.0052382399
2025-06-03 08:00:00,0.0004468775
2025-06-03 09:00:00,0.0024542627
2025-06-03 10:00:00,-0.0053625422
2025-06-03 11:00:00,-0.0034786547
2025-06-03 12:00:00,0.0017969457
2025-06-03 13:00:00,0.0038078218
2025-06-03 14:00:00,0.008570368
2025-06-03 15:00:00,-0.0038865187
2025-06-03 16:00:00,-0.0023391824
2025-06-03 17:00:00,0.0046729057
2025-06-03 18:00:00,0.001331115
2025-06-03 19:00:00,0.0024357851
2025-06-03 20:00:00,-0.0044331226
2025-06-03 21:00:00,-0.0110572412
2025-06-03 22:00:00,0.0087219607
2025-06-03 23:00:00,-0.0026755869
2025-06-04 00:00:00,0.0097756833
2025-06-04 01:00:00,-0.0002211166
2025-06-04 02:00:00,-0.0037664828
2025-06-04 03:00:00,0.0044296861
2025-06-04 04:00:00,0.0036397768
2025-06-04 05:00:00,-0.0058521671
2025-06-04 06:00:00,-0.000443066
2025-06-04 07:00:00,0.0014392474
2025-06-04 08:00:00,0.0008846622
2025-06-04 09:00:00,0.0045216509
2025-06-04 10:00:00,-0.0012111204
2025-06-04 11:00:00,-0.0053021222
2025-06-04 12:00:00,-0.0031059371
2025-06-04 13:00:00,-0.0003333519
2025-06-04 14:00:00,0.0017765938
2025-06-04 15:00:00,-0.0006658529
2025-06-04 16:00:00,-0.0020002229
2025-06-04 17:00:00,-0.0090508467
2025-06-04 18:00:00,0.0019063645
2025-06-04 19:00:00,-0.0028047362
2025-06-04 20:00:00,-0.010843888
2025-06-04 21:00:00,0.0055495924
2025-06-04 22:00:00,-0.0080512994
2025-06-04 23:00:00,0.002501707
2025-06-05 00:00:00,0.0056625293
2025-06-05 01:00:00,0.0
2025-06-05 02:00:00,0.0022560641
2025-06-05 03:00:00,-0.00372524
2025-06-05 04:00:00,0.0010173516
2025-06-05 05:00:00,-0.0069157353
2025-06-05 06:00:00,-0.0047896089
2025-06-05 07:00:00,0.0011424656
2025-06-05 08:00:00,0.0021670952
2025-06-05 09:00:00,0.0027306878
2025-06-05 10:00:00,-0.0069551617
2025-06-05 11:00:00,0.006386883
2025-06-05 12:00:00,0.0120912259
2025-06-05 13:00:00,-0.0152795684
2025-06-05 14:00:00,0.0031883425
2025-06-05 15:00:00,-0.0033024001
2025-06-05 16:00:00,-0.0142449278
2025-06-05 17:00:00,0.0068031395
2025-06-05 18:00:00,-0.0018403502
2025-06-05 19:00:00,-0.0128615411
2025-06-05 20:00:00,-0.0411864924
2025-06-05 21:00:00,0.0169893839
2025-06-05 22:00:00,-0.0050305532
2025-06-05 23:00:00,0.0045525417
2025-06-06 00:00:00,0.007620899
2025-06-06 01:00:00,-0.002375298
2025-06-06 02:00:00,0.0041530763
2025-06-06 03:00:00,-0.0001184203
2025-06-06 04:00:00,0.0003552188
2025-06-06 05:00:00,-0.005341576
2025-06-06 06:00:00,0.0014272124
2025-06-06 07:00:00,-0.0022606946
2025-06-06 08:00:00,0.0020229673
2025-06-06 09:00:00,-0.000832491
2025-06-06 10:00:00,0.0039185468
2025-06-06 11:00:00,0.003430941
2025-06-06 12:00:00,0.0058879115
2025-06-06 13:00:00,0.0099305682
2025-06-06 14:00:00,0.0083353111
2025-06-06 15:00:00,-0.0012689625
2025-06-06 16:00:00,0.0010383618
2025-06-06 17:00:00,0.0026487031
2025-06-06 18:00:00,-0.0050732266
2025-06-06 19:00:00,0.0044980181
2025-06-06 20:00:00,0.0091638671
2025-06-06 21:00:00,-0.0038843874
2025-06-06 22:00:00,-0.0005725082
2025-06-06 23:00:00,0.0002290426
2025-06-07 00:00:00,0.0026302262
2025-06-07 01:00:00,-0.0086024503
2025-06-07 02:00:00,0.0080312501
2025-06-07 03:00:00,0.0021688268
2025-06-07 04:00:00,-0.0001140316
2025-06-07 05:00:00,0.0044376246
2025-06-07 06:00:00,0.000907853
2025-06-07 07:00:00,0.0024923543
2025-06-07 08:00:00,-0.0034002073
2025-06-07 09:00:00,-0.000681431
2025-06-07 10:00:00,0.0052124764
2025-06-07 11:00:00,0.0011295607
2025-06-07 12:00:00,-0.0024867199
2025-06-07 13:00:00,0.0040659645
2025-06-07 14:00:00,0.0019143072
2025-06-07 15:00:00,0.0017983595
2025-06-07 16:00:00,-0.0028113597
2025-06-07 17:00:00,-0.0041753714
2025-06-07 18:00:00,-0.0033982815
2025-06-07 19:00:00,0.0005671828
2025-06-07 20:00:00,0.0019260188
2025-06-07 21:00:00,0.0024870011
2025-06-07 22:00:00,0.0004515182
2025-06-07 23:00:00,-0.0029385193
2025-06-08 00:00:00,0.0
2025-06-08 01:00:00,0.003164202
2025-06-08 02:00:00,-0.0036170493
2025-06-08 03:00:00,0.0015840691
2025-06-08 04:00:00,-0.0007917209
2025-06-08 05:00:00,-0.0028327026
2025-06-08 06:00:00,-0.0027269645
2025-06-08 07:00:00,-0.0074230912
2025-06-08 08:00:00,0.0006875215
2025-06-08 09:00:00,-0.0042472658
2025-06-08 10:00:00,0.0003450457
2025-06-08 11:00:00,0.0033293183
2025-06-08 12:00:00,0.001030987
2025-06-08 13:00:00,0.0042273699
2025-06-08 14:00:00,0.003073598
2025-06-08 15:00:00,0.0017034812
2025-06-08 16:00:00,0.0030589725
2025-06-08 17:00:00,-0.0030589725
2025-06-08 18:00:00,-0.0003404642
2025-06-08 19:00:00,-0.000567698
2025-06-08 20:00:00,-0.0018188024
2025-06-08 21:00:00,0.0026134894
2025-06-08 22:00:00,-0.0087764854
2025-06-08 23:00:00,-0.0004580328
2025-06-09 00:00:00,0.0003435442
2025-06-09 01:00:00,-0.002063038
2025-06-09 02:00:00,0.0060623577
2025-06-09 03:00:00,0.0026194423
2025-06-09 04:00:00,-0.0059320274
2025-06-09 05:00:00,-0.0020616202
2025-06-09 06:00:00,0.0035479293
2025-06-09 07:00:00,-0.0060734731
2025-06-09 08:00:00,0.0078997491
2025-06-09 09:00:00,0.0046646652
2025-06-09 10:00:00,0.0043040048
2025-06-09 11:00:00,0.0087769214
2025-06-09 12:00:00,0.0017909116
2025-06-09 13:00:00,-0.009551171
2025-06-09 14:00:00,-0.0079347503
2025-06-09 15:00:00,0.0040885917
2025-06-09 16:00:00,0.0054255813
2025-06-09 17:00:00,0.0033761004
2025-06-09 18:00:00,-0.0033761004
2025-06-09 19:00:00,-0.0024830713
2025-06-09 20:00:00,0.0034970987
2025-06-09 21:00:00,0.013311903
2025-06-09 22:00:00,0.0074176925
2025-06-09 23:00:00,0.0015430401
2025-06-10 00:00:00,0.0014306941
2025-06-10 01:00:00,0.006139697
2025-06-10 02:00:00,-0.0028458863
2025-06-10 03:00:00,-0.0062675448
2025-06-10 04:00:00,-0.0029826037
2025-06-10 05:00:00,-0.0046573604
2025-06-10 06:00:00,0.0044360725
2025-06-10 07:00:00,-0.0015503879
2025-06-10 08:00:00,-0.0028856846
2025-06-10 09:00:00,0.0009998334
2025-06-10 10:00:00,-0.0018894143
2025-06-10 11:00:00,0.0196084714
2025-06-10 12:00:00,0.0085809466
2025-06-10 13:00:00,-0.0108744003
2025-06-10 14:00:00,-0.0070221926
2025-06-10 15:00:00,0.0017601765
2025-06-10 16:00:00,-0.0026414279
2025-06-10 17:00:00,0.0007711375
2025-06-10 18:00:00,0.0087710243
2025-06-10 19:00:00,0.0015270509
2025-06-10 20:00:00,0.007167711
2025-06-10 21:00:00,-0.0002164502
2025-06-10 22:00:00,0.0058277739
2025-06-10 23:00:00,0.0045093484
2025-06-11 00:00:00,-0.013263795
2025-06-11 01:00:00,-0.0033708508
2025-06-11 02:00:00,-0.0020716357
2025-06-11 03:00:00,0.0033778294
2025-06-11 04:00:00,0.0013044898
2025-06-11 05:00:00,-0.0011957173
2025-06-11 06:00:00,-0.0006528126
2025-06-11 07:00:00,-0.0015248887
2025-06-11 08:00:00,0.0022864619
2025-06-11 09:00:00,-0.0084093763
2025-06-11 10:00:00,0.0033941019
2025-06-11 11:00:00,-0.0038328909
2025-06-11 12:00:00,0.008086592
2025-06-11 13:00:00,-0.0001088435
2025-06-11 14:00:00,0.0091018073
2025-06-11 15:00:00,0.006665258
2025-06-11 16:00:00,0.0031024363
2025-06-11 17:00:00,-0.0058921377
2025-06-11 18:00:00,-0.0073331505
2025-06-11 19:00:00,-0.0053177183
2025-06-11 20:00:00,0.0026081301
2025-06-11 21:00:00,-0.0122298969
2025-06-11 22:00:00,-0.0023098509
2025-06-11 23:00:00,0.0085526837
2025-06-12 00:00:00,-0.0002183883
2025-06-12 01:00:00,0.0003275646
2025-06-12 02:00:00,-0.0037186962
2025-06-12 03:00:00,-0.0098002216
2025-06-12 04:00:00,-0.0029921893
2025-06-12 05:00:00,-0.0018885747
2025-06-12 06:00:00,0.0012224261
2025-06-12 07:00:00,-0.0047870951
2025-06-12 08:00:00,0.0032310206
2025-06-12 09:00:00,-0.0041241768
2025-06-12 10:00:00,-0.0073991369
2025-06-12 11:00:00,-0.0071142528
2025-06-12 12:00:00,0.0046356576
2025-06-12 13:00:00,0.0032659526
2025-06-12 14:00:00,0.0022461824
2025-06-12 15:00:00,-0.0133260018
2025-06-12 16:00:00,0.0114170686
2025-06-12 17:00:00,0.0081715348
2025-06-12 18:00:00,-0.0125646706
2025-06-12 19:00:00,-0.0116960398
2025-06-12 20:00:00,-0.0126438466
2025-06-12 21:00:00,0.0045011329
2025-06-12 22:00:00,-0.0060060241
2025-06-12 23:00:00,-0.0012751407
2025-06-13 00:00:00,-0.0379455724
2025-06-13 01:00:00,-0.0050730873
2025-06-13 02:00:00,-0.0042473215
2025-06-13 03:00:00,0.0140081991
2025-06-13 04:00:00,-0.0030024643
2025-06-13 05:00:00,-0.0010830978
2025-06-13 06:00:00,0.0081545002
2025-06-13 07:00:00,0.0021474597
2025-06-13 08:00:00,-0.0005960541
2025-06-13 09:00:00,-0.0023877757
2025-06-13 10:00:00,0.0033412919
2025-06-13 11:00:00,0.0034488944
2025-06-13 12:00:00,-0.0044024106
2025-06-13 13:00:00,-0.0004770992
2025-06-13 14:00:00,-0.0059830261
2025-06-13 15:00:00,0.010387533
2025-06-13 16:00:00,0.0096927473
2025-06-13 17:00:00,-0.0005883391
2025-06-13 18:00:00,-0.0067316463
2025-06-13 19:00:00,0.0054360805
2025-06-13 20:00:00,0.0104344695
2025-06-13 21:00:00,-0.0004666356
2025-06-13 22:00:00,0.0034944706
2025-06-13 23:00:00,0.0072988796
2025-06-14 00:00:00,-0.0078804441
2025-06-14 01:00:00,0.0015113646
2025-06-14 02:00:00,-0.000464792
2025-06-14 03:00:00,0.0019738758
2025-06-14 04:00:00,0.0024329503
2025-06-14 05:00:00,-0.0009261404
2025-06-14 06:00:00,-0.0032482627
2025-06-14 07:00:00,0.0055620074
2025-06-14 08:00:00,0.0042663657
2025-06-14 09:00:00,-0.0090153176
2025-06-14 10:00:00,0.0042866311
2025-06-14 11:00:00,-0.0047511533
2025-06-14 12:00:00,0.0018567952
2025-06-14 13:00:00,0.000811265
2025-06-14 14:00:00,-0.0056927252
2025-06-14 15:00:00,-0.0051395978
2025-06-14 16:00:00,-0.0117800867
2025-06-14 17:00:00,0.0076728229
2025-06-14 18:00:00,-0.0028261912
2025-06-14 19:00:00,0.0001179176
2025-06-14 20:00:00,0.0004715313
2025-06-14 21:00:00,0.0072804455
2025-06-14 22:00:00,-0.0026946299
2025-06-14 23:00:00,0.0001173089
2025-06-15 00:00:00,0.00503131
2025-06-15 01:00:00,-0.0023369957
2025-06-15 02:00:00,0.0021035417
2025-06-15 03:00:00,0.0024485525
2025-06-15 04:00:00,0.0039516555
2025-06-15 05:00:00,0.0004638757
2025-06-15 06:00:00,-0.0061638853
2025-06-15 07:00:00,-0.0018682864
2025-06-15 08:00:00,-0.0028089906
2025-06-15 09:00:00,-0.0024643561
2025-06-15 10:00:00,0.0032844604
2025-06-15 11:00:00,-0.0001171166
2025-06-15 12:00:00,0.0066538505
2025-06-15 13:00:00,0.0047588738
2025-06-15 14:00:00,0.0020821292
2025-06-15 15:00:00,-0.0044007019
2025-06-15 16:00:00,0.0
2025-06-15 17:00:00,-0.0004643604
2025-06-15 18:00:00,-0.0022086612
2025-06-15 19:00:00,0.0023247715
2025-06-15 20:00:00,-0.0099178224
2025-06-15 21:00:00,0.0026933678
2025-06-15 22:00:00,0.0075727047
2025-06-15 23:00:00,0.0017394334
2025-06-16 00:00:00,-0.0017394334
2025-06-16 01:00:00,0.0056709833
2025-06-16 02:00:00,0.0021903288
2025-06-16 03:00:00,-0.0032295299
2025-06-16 04:00:00,0.0051852395
2025-06-16 05:00:00,0.0030982869
2025-06-16 06:00:00,0.0
2025-06-16 07:00:00,0.0024031596
2025-06-16 08:00:00,0.0012564968
2025-06-16 09:00:00,-0.0041180566
2025-06-16 10:00:00,-0.0024100545
2025-06-16 11:00:00,0.0019514441
2025-06-16 12:00:00,0.0018331811
2025-06-16 13:00:00,0.0072993025
2025-06-16 14:00:00,0.0046482709
2025-06-16 15:00:00,-0.0048755695
2025-06-16 16:00:00,0.0034040655
2025-06-16 17:00:00,-0.00294952
2025-06-16 18:00:00,0.0065677962
2025-06-16 19:00:00,0.0023673987
2025-06-16 20:00:00,-0.0010139132
2025-06-16 21:00:00,0.0001127078
2025-06-16 22:00:00,-0.0154460765
2025-06-16 23:00:00,-0.0078134374
2025-06-17 00:00:00,0.0113552863
2025-06-17 01:00:00,-0.0076707686
2025-06-17 02:00:00,0.0030982869
2025-06-17 03:00:00,-0.0014905696
2025-06-17 04:00:00,-0.003563427
2025-06-17 05:00:00,-0.0060060241
2025-06-17 06:00:00,-0.0012751407
2025-06-17 07:00:00,0.0026643514
2025-06-17 08:00:00,-0.0053358206
2025-06-17 09:00:00,0.0006975933
2025-06-17 10:00:00,-0.0060620377
2025-06-17 11:00:00,-0.0039836022
2025-06-17 12:00:00,-0.0015273457
2025-06-17 13:00:00,0.0052770571
2025-06-17 14:00:00,-0.005041929
2025-06-17 15:00:00,-0.0120625871
2025-06-17 16:00:00,-0.0160713462
2025-06-17 17:00:00,0.0060270192
2025-06-17 18:00:00,0.0094492659
2025-06-17 19:00:00,0.0103038751
2025-06-17 20:00:00,-0.0065015892
2025-06-17 21:00:00,0.0018957352
2025-06-17 22:00:00,-0.0085592534
2025-06-17 23:00:00,0.0055955858
2025-06-18 00:00:00,0.0080407197
2025-06-18 01:00:00,0.0009417305
2025-06-18 02:00:00,0.0010583878
2025-06-18 03:00:00,0.0028169033
2025-06-18 04:00:00,0.0016395366
2025-06-18 05:00:00,-0.0008194323
2025-06-18 06:00:00,-0.0044601013
2025-06-18 07:00:00,0.0018803625
2025-06-18 08:00:00,-0.0037642675
2025-06-18 09:00:00,-0.0030689354
2025-06-18 10:00:00,-0.0120117993
2025-06-18 11:00:00,0.0108289271
2025-06-18 12:00:00,-0.0043888333
2025-06-18 13:00:00,0.0045071835
2025-06-18 14:00:00,0.0023640673
2025-06-18 15:00:00,0.0024762704
2025-06-18 16:00:00,-0.0029486369
2025-06-18 17:00:00,0.0
2025-06-18 18:00:00,-0.008779271
2025-06-18 19:00:00,0.0041619657
2025-06-18 20:00:00,0.0127345195
2025-06-18 21:00:00,-0.0010550379
2025-06-18 22:00:00,-0.0009387468
2025-06-18 23:00:00,-0.0004697041
2025-06-19 00:00:00,0.0011738468
2025-06-19 01:00:00,-0.005765061
2025-06-19 02:00:00,0.0021216415
2025-06-19 03:00:00,0.0027044522
2025-06-19 04:00:00,0.0008216445
2025-06-19 05:00:00,0.0
2025-06-19 06:00:00,-0.0024669616
2025-06-19 07:00:00,-0.0003529204
2025-06-19 08:00:00,-0.0027098691
2025-06-19 09:00:00,0.0075223674
2025-06-19 10:00:00,0.0045563488
2025-06-19 11:00:00,-0.0026845654
2025-06-19 12:00:00,-0.000584556
2025-06-19 13:00:00,-0.0068059404
2025-06-19 14:00:00,-0.0054309461
2025-06-19 15:00:00,0.0041349223
2025-06-19 16:00:00,-0.0025970974
2025-06-19 17:00:00,0.0040108583
2025-06-19 18:00:00,0.0018819107
2025-06-19 19:00:00,0.0017610806
2025-06-19 20:00:00,-0.0027015932
2025-06-19 21:00:00,-0.0003529204
2025-06-19 22:00:00,0.0008232873
2025-06-19 23:00:00,0.0010575173
2025-06-20 00:00:00,-0.0008224168
2025-06-20 01:00:00,-0.0012937373
2025-06-20 02:00:00,-0.0029465517
2025-06-20 03:00:00,0.0043578186
2025-06-20 04:00:00,-0.0081421183
2025-06-20 05:00:00,0.0046102097
2025-06-20 06:00:00,-0.0027162698
2025-06-20 07:00:00,0.0115227612
2025-06-20 08:00:00,0.0003506516
2025-06-20 09:00:00,0.0010512178
2025-06-20 10:00:00,0.0011667251
2025-06-20 11:00:00,0.0
2025-06-20 12:00:00,0.0006993822
2025-06-20 13:00:00,-0.0024499808
2025-06-20 14:00:00,-0.0195807152
2025-06-20 15:00:00,-0.0011918953
2025-06-20 16:00:00,-0.0085035544
2025-06-20 17:00:00,-0.0074852456
2025-06-20 18:00:00,0.0051973284
2025-06-20 19:00:00,-0.000723589
2025-06-20 20:00:00,0.0051741888
2025-06-20 21:00:00,-0.0044505998
2025-06-20 22:00:00,-0.0041072781
2025-06-20 23:00:00,0.0041072781
2025-06-21 00:00:00,0.0018066852
2025-06-21 01:00:00,0.0061184283
2025-06-21 02:00:00,-0.001196745
2025-06-21 03:00:00,0.0014359222
2025-06-21 04:00:00,-0.0009570524
2025-06-21 05:00:00,0.0029877524
2025-06-21 06:00:00,0.0040490707
2025-06-21 07:00:00,-0.0091935457
2025-06-21 08:00:00,0.0029941935
2025-06-21 09:00:00,-0.0033540999
2025-06-21 10:00:00,-0.0007202017
2025-06-21 11:00:00,0.0001200696
2025-06-21 12:00:00,-0.0021634624
2025-06-21 13:00:00,-0.0040993547
2025-06-21 14:00:00,-0.0010879421
2025-06-21 15:00:00,0.0018125798
2025-06-21 16:00:00,-0.0001207365
2025-06-21 17:00:00,-0.0077576147
2025-06-21 18:00:00,-0.005123837
2025-06-21 19:00:00,-0.0074888325
2025-06-21 20:00:00,0.0068770994
2025-06-21 21:00:00,-0.0272935935
2025-06-21 22:00:00,0.009637724
2025-06-21 23:00:00,0.0001245563
2025-06-22 00:00:00,0.0102844596
2025-06-22 01:00:00,-0.0125288496
2025-06-22 02:00:00,0.0049807101
2025-06-22 03:00:00,-0.0021137714
2025-06-22 04:00:00,0.008675231
2025-06-22 05:00:00,0.0063960858
2025-06-22 06:00:00,0.0030605398
2025-06-22 07:00:00,-0.0055157338
2025-06-22 08:00:00,0.0012283505
2025-06-22 09:00:00,-0.0118549178
2025-06-22 10:00:00,0.0066856755
2025-06-22 11:00:00,0.000616789
2025-06-22 12:00:00,0.0022172958
2025-06-22 13:00:00,-0.025043357
2025-06-22 14:00:00,-0.0056936954
2025-06-22 15:00:00,-0.0157302304
2025-06-22 16:00:00,0.0093656468
2025-06-22 17:00:00,0.0094052549
2025-06-22 18:00:00,-0.0092775654
2025-06-22 19:00:00,-0.0012776289
2025-06-22 20:00:00,0.0034458588
2025-06-22 21:00:00,-0.0043411713
2025-06-22 22:00:00,0.0262674529
2025-06-22 23:00:00,0.0003738551
2025-06-23 00:00:00,0.0007472911
2025-06-23 01:00:00,0.0079365496
2025-06-23 02:00:00,-0.0108042032
2025-06-23 03:00:00,-0.0011243677
2025-06-23 04:00:00,0.0042409943
2025-06-23 05:00:00,0.0053379805
2025-06-23 06:00:00,-0.0002476474
2025-06-23 07:00:00,0.004324999
2025-06-23 08:00:00,-0.0016042454
2025-06-23 09:00:00,0.0012342633
2025-06-23 10:00:00,-0.0011107684
2025-06-23 11:00:00,-0.001977751
2025-06-23 12:00:00,0.0099723818
2025-06-23 13:00:00,0.0041564852
2025-06-23 14:00:00,-0.0029321951
2025-06-23 15:00:00,-0.0071218376
2025-06-23 16:00:00,-0.0128986037
2025-06-23 17:00:00,0.0241718514
2025-06-23 18:00:00,0.0094592022
2025-06-23 19:00:00,0.0027722551
2025-06-23 20:00:00,0.0063591312
2025-06-23 21:00:00,-0.0022750414
2025-06-23 22:00:00,0.021934604
2025-06-23 23:00:00,-0.0038775679
2025-06-24 00:00:00,0.0002354326
2025-06-24 01:00:00,0.0016464781
2025-06-24 02:00:00,-0.0049475893
2025-06-24 03:00:00,-0.0011816142
2025-06-24 04:00:00,-0.0024859439
2025-06-24 05:00:00,0.0102589191
2025-06-24 06:00:00,-0.0003520094
2025-06-24 07:00:00,-0.0087223561
2025-06-24 08:00:00,0.0013013903
2025-06-24 09:00:00,0.0005909816
2025-06-24 10:00:00,-0.0022475907
2025-06-24 11:00:00,-0.0002368826
2025-06-24 12:00:00,-0.0001184624
2025-06-24 13:00:00,-0.0042740181
2025-06-24 14:00:00,0.0049845819
2025-06-24 15:00:00,-0.0004736531
2025-06-24 16:00:00,0.0062577688
2025-06-24 17:00:00,-0.0030649558
2025-06-24 18:00:00,-0.0014177696
2025-06-24 19:00:00,-0.0009462977
2025-06-24 20:00:00,0.0086019502
2025-06-24 21:00:00,-0.0004694285
2025-06-24 22:00:00,-0.0029389312
2025-06-24 23:00:00,-0.0003532529
2025-06-25 00:00:00,0.0023526655
2025-06-25 01:00:00,-0.0004700905
2025-06-25 02:00:00,-0.001882575
2025-06-25 03:00:00,0.0008240627
2025-06-25 04:00:00,0.0023507298
2025-06-25 05:00:00,-0.0019977679
2025-06-25 06:00:00,0.0005879932
2025-06-25 07:00:00,0.0021139174
2025-06-25 08:00:00,-0.0016437717
2025-06-25 09:00:00,-0.0060109793
2025-06-25 10:00:00,-0.0013012364
2025-06-25 11:00:00,-0.0007104796
2025-06-25 12:00:00,0.0021299263
2025-06-25 13:00:00,0.0069497894
2025-06-25 14:00:00,-0.0041169264
2025-06-25 15:00:00,-0.0074534507
2025-06-25 16:00:00,0.0001187437
2025-06-25 17:00:00,0.0045018439
2025-06-25 18:00:00,-0.0014194467
2025-06-25 19:00:00,0.0038986404
2025-06-25 20:00:00,0.0017670971
2025-06-25 21:00:00,-0.0047192159
2025-06-25 22:00:00,-0.0021309349
2025-06-25 23:00:00,0.0042573385
2025-06-26 00:00:00,0.0032987777
2025-06-26 01:00:00,0.0004703669
2025-06-26 02:00:00,0.0032863879
2025-06-26 03:00:00,-0.0009378664
2025-06-26 04:00:00,-0.0035248538
2025-06-26 05:00:00,0.0023512825
2025-06-26 06:00:00,0.0014081204
2025-06-26 07:00:00,0.0032779238
2025-06-26 08:00:00,-0.0002337814
2025-06-26 09:00:00,-0.003865305
2025-06-26 10:00:00,0.0025785293
2025-06-26 11:00:00,-0.0053990741
2025-06-26 12:00:00,-0.0051917521
2025-06-26 13:00:00,-0.0031992444
2025-06-26 14:00:00,0.0109767995
2025-06-26 15:00:00,-0.0037633821
2025-06-26 16:00:00,-0.0075695217
2025-06-26 17:00:00,0.0008307127
2025-06-26 18:00:00,0.002132955
2025-06-26 19:00:00,0.0076646799
2025-06-26 20:00:00,0.0026981071
2025-06-26 21:00:00,-0.0082343719
2025-06-26 22:00:00,-0.0036684261
2025-06-26 23:00:00,-0.0009488792
2025-06-27 00:00:00,-0.0036854348
2025-06-27 01:00:00,0.0136040425
2025-06-27 02:00:00,0.0001174881
2025-06-27 03:00:00,0.0037523496
2025-06-27 04:00:00,0.0005850348
2025-06-27 05:00:00,-0.0073965703
2025-06-27 06:00:00,0.0035290003
2025-06-27 07:00:00,-0.0048260938
2025-06-27 08:00:00,-0.0016532833
2025-06-27 09:00:00,-0.0003546309
2025-06-27 10:00:00,-0.0003547567
2025-06-27 11:00:00,-0.0013018524
2025-06-27 12:00:00,-0.0046293631
2025-06-27 13:00:00,-0.001667064
2025-06-27 14:00:00,-0.0041798592
2025-06-27 15:00:00,0.0096469515
2025-06-27 16:00:00,0.0031950799
2025-06-27 17:00:00,-0.0117655407
2025-06-27 18:00:00,-0.0021541416
2025-06-27 19:00:00,0.0094199707
2025-06-27 20:00:00,0.0056804886
2025-06-27 21:00:00,0.0035339888
2025-06-27 22:00:00,0.0
2025-06-27 23:00:00,-0.0017654333
2025-06-28 00:00:00,0.0008242567
2025-06-28 01:00:00,0.0018814681
2025-06-28 02:00:00,0.0003523815
2025-06-28 03:00:00,0.0004696489
2025-06-28 04:00:00,-0.000352216
2025-06-28 05:00:00,0.0004695938
2025-06-28 06:00:00,0.0044501772
2025-06-28 07:00:00,-0.0016372358
2025-06-28 08:00:00,-0.0016399207
2025-06-28 09:00:00,0.0028096483
2025-06-28 10:00:00,0.0025685945
2025-06-28 11:00:00,-0.0035042671
2025-06-28 12:00:00,0.0004679457
2025-06-28 13:00:00,0.001052078
2025-06-28 14:00:00,0.0022174252
2025-06-28 15:00:00,0.0091674561
2025-06-28 16:00:00,0.0023076046
2025-06-28 17:00:00,0.0052873686
2025-06-28 18:00:00,-0.0033300829
2025-06-28 19:00:00,-0.0061148157
2025-06-28 20:00:00,-0.0055703985
2025-06-28 21:00:00,0.0041807052
2025-06-28 22:00:00,0.0008108891
2025-06-28 23:00:00,0.0
2025-06-29 00:00:00,0.0011572736
2025-06-29 01:00:00,-0.0047533566
2025-06-29 02:00:00,0.0030169436
2025-06-29 03:00:00,0.001736413
2025-06-29 04:00:00,-0.001504717
2025-06-29 05:00:00,0.0020828519
2025-06-29 06:00:00,0.0035769957
2025-06-29 07:00:00,-0.0006913239
2025-06-29 08:00:00,0.0013821702
2025-06-29 09:00:00,-0.0006908463
2025-06-29 10:00:00,0.0006908463
2025-06-29 11:00:00,-0.0009212345
2025-06-29 12:00:00,-0.000922084
2025-06-29 13:00:00,0.0006916427
2025-06-29 14:00:00,-0.0020763648
2025-06-29 15:00:00,0.0006926007
2025-06-29 16:00:00,0.0017294061
2025-06-29 17:00:00,-0.0013832855
2025-06-29 18:00:00,0.0018439558
2025-06-29 19:00:00,0.0004604582
2025-06-29 20:00:00,-0.0020737335
2025-06-29 21:00:00,0.0017284097
2025-06-29 22:00:00,0.014969142
2025-06-29 23:00:00,-0.0018163247
2025-06-30 00:00:00,0.0002272211
2025-06-30 01:00:00,0.0002271695
2025-06-30 02:00:00,-0.0058090032
2025-06-30 03:00:00,-0.0016005491
2025-06-30 04:00:00,-0.0021762794
2025-06-30 05:00:00,-0.0012621194
2025-06-30 06:00:00,-0.0095749708
2025-06-30 07:00:00,0.0027781011
2025-06-30 08:00:00,-0.0078914185
2025-06-30 09:00:00,-0.0017491696
2025-06-30 10:00:00,-0.0004669624
2025-06-30 11:00:00,-0.0012852721
2025-06-30 12:00:00,-0.0010528164
2025-06-30 13:00:00,-0.0005853773
2025-06-30 14:00:00,-0.0051661498
2025-06-30 15:00:00,0.0121681623
2025-06-30 16:00:00,0.001278401
2025-06-30 17:00:00,-0.000464684
2025-06-30 18:00:00,0.0
2025-06-30 19:00:00,0.0124712933
2025-06-30 20:00:00,-0.0071404196
2025-06-30 21:00:00,0.0053026061
2025-06-30 22:00:00,-0.0057650338
2025-06-30 23:00:00,-0.0049846507
2025-07-01 00:00:00,0.0026692989
2025-07-01 01:00:00,0.0020840577
2025-07-01 02:00:00,-0.00335979
2025-07-01 03:00:00,0.0054395134
2025-07-01 04:00:00,-0.0082285914
2025-07-01 05:00:00,0.0002327205
2025-07-01 06:00:00,0.0012789956
2025-07-01 07:00:00,0.0071784493
2025-07-01 08:00:00,-0.0057850445
2025-07-01 09:00:00,-0.0037200694
2025-07-01 10:00:00,-0.0019819301
2025-07-01 11:00:00,0.0
2025-07-01 12:00:00,-0.0050307213
2025-07-01 13:00:00,0.0040966874
2025-07-01 14:00:00,-0.0123407572
2025-07-01 15:00:00,-0.0028422568
2025-07-01 16:00:00,0.0003557242
2025-07-01 17:00:00,0.0008295314
2025-07-01 18:00:00,-0.0068941198
2025-07-01 19:00:00,0.0008345753
2025-07-01 20:00:00,-0.0056169852
2025-07-01 21:00:00,-0.0083037964
2025-07-01 22:00:00,0.0009663004
2025-07-01 23:00:00,0.0052980256
2025-07-02 00:00:00,0.0019196167
2025-07-02 01:00:00,0.0050215314
2025-07-02 02:00:00,-0.0029859682
2025-07-02 03:00:00,0.002508812
2025-07-02 04:00:00,0.0045238172
2025-07-02 05:00:00,0.0009497804
2025-07-02 06:00:00,0.0008303185
2025-07-02 07:00:00,-0.0026118975
2025-07-02 08:00:00,0.002374734
2025-07-02 09:00:00,-0.0033262088
2025-07-02 10:00:00,0.003088989
2025-07-02 11:00:00,-0.0003559352
2025-07-02 12:00:00,0.0004745522
2025-07-02 13:00:00,0.0069736114
2025-07-02 14:00:00,0.0086783704
2025-07-02 15:00:00,0.0065177139
2025-07-02 16:00:00,0.0167955173
2025-07-02 17:00:00,-0.0037716486
2025-07-02 18:00:00,0.0029727897
2025-07-02 19:00:00,0.0047836082
2025-07-02 20:00:00,-0.0012506397
2025-07-02 21:00:00,0.0013642567
2025-07-02 22:00:00,-0.0012504975
2025-07-02 23:00:00,-0.0065050158
2025-07-03 00:00:00,0.0010299251
2025-07-03 01:00:00,0.0009145994
2025-07-03 02:00:00,0.0031945264
2025-07-03 03:00:00,0.0031843539
2025-07-03 04:00:00,0.0048705992
2025-07-03 05:00:00,0.0148051156
2025-07-03 06:00:00,0.0041108885
2025-07-03 07:00:00,0.009819685
2025-07-03 08:00:00,-0.002638524
2025-07-03 09:00:00,0.0134494401
2025-07-03 10:00:00,-0.0066474391
2025-07-03 11:00:00,-0.0009845212
2025-07-03 12:00:00,-0.0037280745
2025-07-03 13:00:00,0.0028521301
2025-07-03 14:00:00,-0.0075870395
2025-07-03 15:00:00,-0.0182673825
2025-07-03 16:00:00,0.006833612
2025-07-03 17:00:00,0.0031211707
2025-07-03 18:00:00,-0.0004452855
2025-07-03 19:00:00,-0.0015600627
2025-07-03 20:00:00,-0.0001115262
2025-07-03 21:00:00,-0.0026803679
2025-07-03 22:00:00,-0.0034728092
2025-07-03 23:00:00,-0.0006735519
2025-07-04 00:00:00,-0.0074391687
2025-07-04 01:00:00,0.0036137815
2025-07-04 02:00:00,-0.00440604
2025-07-04 03:00:00,0.0049695155
2025-07-04 04:00:00,-0.004177257
2025-07-04 05:00:00,0.0055283043
2025-07-04 06:00:00,-0.0146203092
2025-07-04 07:00:00,-0.0030873045
2025-07-04 08:00:00,0.0047983641
2025-07-04 09:00:00,0.0013667428
2025-07-04 10:00:00,0.0031818209
2025-07-04 11:00:00,0.0009072353
2025-07-04 12:00:00,-0.0007937858
2025-07-04 13:00:00,-0.0084302163
2025-07-04 14:00:00,-0.0018321315
2025-07-04 15:00:00,-0.0069005449
2025-07-04 16:00:00,0.0009228285
2025-07-04 17:00:00,0.0070087034
2025-07-04 18:00:00,-0.0100110151
2025-07-04 19:00:00,-0.0002313208
2025-07-04 20:00:00,0.0018490702
2025-07-04 21:00:00,0.0002308936
2025-07-04 22:00:00,0.0051810605
2025-07-04 23:00:00,-0.0025296093
2025-07-05 00:00:00,0.0001151212
2025-07-05 01:00:00,-0.0044995749
2025-07-05 02:00:00,0.0012711621
2025-07-05 03:00:00,0.0019613505
2025-07-05 04:00:00,-0.0038108482
2025-07-05 05:00:00,0.003119046
2025-07-05 06:00:00,0.002994359
2025-07-05 07:00:00,-0.0084300978
2025-07-05 08:00:00,0.0009273213
2025-07-05 09:00:00,0.0004633384
2025-07-05 10:00:00,0.0
2025-07-05 11:00:00,0.0030064778
2025-07-05 12:00:00,0.0002308936
2025-07-05 13:00:00,-0.0012705748
2025-07-05 14:00:00,0.0046125543
2025-07-05 15:00:00,-0.0053062761
2025-07-05 16:00:00,-0.0003470415
2025-07-05 17:00:00,0.0025421784
2025-07-05 18:00:00,-0.0032366229
2025-07-05 19:00:00,0.0048510144
2025-07-05 20:00:00,0.0076901383
2025-07-05 21:00:00,-0.0014874996
2025-07-05 22:00:00,0.0022875453
2025-07-05 23:00:00,0.0007994062
2025-07-06 00:00:00,-0.0009136593
2025-07-06 01:00:00,-0.0026314299
2025-07-06 02:00:00,-0.0037876659
2025-07-06 03:00:00,0.0014938239
2025-07-06 04:00:00,-0.0013788351
2025-07-06 05:00:00,-0.000345006
2025-07-06 06:00:00,0.0017238411
2025-07-06 07:00:00,-0.004257529
2025-07-06 08:00:00,-0.0012692553
2025-07-06 09:00:00,0.0
2025-07-06 10:00:00,0.0066743631
2025-07-06 11:00:00,0.0040061863
2025-07-06 12:00:00,-0.0010286303
2025-07-06 13:00:00,0.0077457956
2025-07-06 14:00:00,-0.0007945968
2025-07-06 15:00:00,-0.0007952287
2025-07-06 16:00:00,0.0007952287
2025-07-06 17:00:00,-0.0034125844
2025-07-06 18:00:00,-0.0038817265
2025-07-06 19:00:00,0.0013717423
2025-07-06 20:00:00,0.0014839338
2025-07-06 21:00:00,0.0019372122
2025-07-06 22:00:00,-0.0018231546
2025-07-06 23:00:00,-0.0034273997
2025-07-07 00:00:00,0.0004576659
2025-07-07 01:00:00,0.0001143838
2025-07-07 02:00:00,0.0036533892
2025-07-07 03:00:00,-0.0009120967
2025-07-07 04:00:00,0.0022786839
2025-07-07 05:00:00,-0.0015945334
2025-07-07 06:00:00,-0.0020538574
2025-07-07 07:00:00,0.0045584125
2025-07-07 08:00:00,-0.0004549073
2025-07-07 09:00:00,-0.0044462252
2025-07-07 10:00:00,-0.0040071037
2025-07-07 11:00:00,-0.0024119922
2025-07-07 12:00:00,-0.0034558265
2025-07-07 13:00:00,0.0063265869
2025-07-07 14:00:00,-0.0082902029
2025-07-07 15:00:00,-0.0035906681
2025-07-07 16:00:00,-0.0073371318
2025-07-07 17:00:00,0.0009346887
2025-07-07 18:00:00,-0.0008178048
2025-07-07 19:00:00,0.0050131262
2025-07-07 20:00:00,-0.0015129476
2025-07-07 21:00:00,0.001047669
2025-07-07 22:00:00,0.0001163399
2025-07-07 23:00:00,0.0016273397
2025-07-08 00:00:00,-0.0005808888
2025-07-08 01:00:00,-0.0038423521
2025-07-08 02:00:00,0.0003499154
2025-07-08 03:00:00,0.0030274825
2025-07-08 04:00:00,0.0
2025-07-08 05:00:00,0.003134253
2025-07-08 06:00:00,0.0040483544
2025-07-08 07:00:00,0.0001154268
2025-07-08 08:00:00,-0.0043956115
2025-07-08 09:00:00,-0.0013921116
2025-07-08 10:00:00,0.004748402
2025-07-08 11:00:00,0.0
2025-07-08 12:00:00,0.0064494062
2025-07-08 13:00:00,-0.0051792715
2025-07-08 14:00:00,-0.0055542841
2025-07-08 15:00:00,0.0020864735
2025-07-08 16:00:00,0.0034678107
2025-07-08 17:00:00,0.0068997514
2025-07-08 18:00:00,0.003089424
2025-07-08 19:00:00,-0.0020585552
2025-07-08 20:00:00,-0.002636558
2025-07-08 21:00:00,0.006293287
2025-07-08 22:00:00,0.001481735
2025-07-08 23:00:00,-0.000341744
2025-07-09 00:00:00,-0.0030809632
2025-07-09 01:00:00,-0.0002285976
2025-07-09 02:00:00,0.0026257222
2025-07-09 03:00:00,-0.0013690818
2025-07-09 04:00:00,0.0022807628
2025-07-09 05:00:00,0.0031843539
2025-07-09 06:00:00,-0.0001135525
2025-07-09 07:00:00,0.0005676336
2025-07-09 08:00:00,-0.0040941715
2025-07-09 09:00:00,0.0013665872
2025-07-09 10:00:00,0.0020463854
2025-07-09 11:00:00,0.0047586766
2025-07-09 12:00:00,0.0034978879
2025-07-09 13:00:00,-0.001239786
2025-07-09 14:00:00,-0.0022581019
2025-07-09 15:00:00,0.0004520285
2025-07-09 16:00:00,0.0020316034
2025-07-09 17:00:00,-0.003162058
2025-07-09 18:00:00,0.000565387
2025-07-09 19:00:00,0.0220255983
2025-07-09 20:00:00,0.0016573674
2025-07-09 21:00:00,-0.0003312538
2025-07-09 22:00:00,0.0083581263
2025-07-09 23:00:00,-0.0068132132
2025-07-10 00:00:00,-0.0044203851
2025-07-10 01:00:00,0.0061830825
2025-07-10 02:00:00,0.0051600268
2025-07-10 03:00:00,-0.0041698733
2025-07-10 04:00:00,-0.001650801
2025-07-10 05:00:00,-0.0012123217
2025-07-10 06:00:00,0.0026431733
2025-07-10 07:00:00,0.0002199494
2025-07-10 08:00:00,0.0025259472
2025-07-10 09:00:00,-0.0029658944
2025-07-10 10:00:00,0.0015389692
2025-07-10 11:00:00,-0.0008791209
2025-07-10 12:00:00,-0.0018707021
2025-07-10 13:00:00,0.0
2025-07-10 14:00:00,0.0026399751
2025-07-10 15:00:00,0.002523453
2025-07-10 16:00:00,0.0058997221
2025-07-10 17:00:00,0.0099719014
2025-07-10 18:00:00,-0.0011870718
2025-07-10 19:00:00,0.0004318255
2025-07-10 20:00:00,0.0049526372
2025-07-10 21:00:00,0.0177768266
2025-07-10 22:00:00,0.0018973338
2025-07-10 23:00:00,-0.0002106372
2025-07-11 00:00:00,-0.0088870665
2025-07-11 01:00:00,0.0080440739
2025-07-11 02:00:00,0.0082935754
2025-07-11 03:00:00,-0.0014647418
2025-07-11 04:00:00,0.0015692842
2025-07-11 05:00:00,0.0039645331
2025-07-11 06:00:00,-0.0123626509
2025-07-11 07:00:00,0.0006323111
2025-07-11 08:00:00,0.0052537685
2025-07-11 09:00:00,0.0033479839
2025-07-11 10:00:00,0.0012526098
2025-07-11 11:00:00,-0.0043910159
2025-07-11 12:00:00,0.005120981
2025-07-11 13:00:00,0.0109891216
2025-07-11 14:00:00,-0.0023741947
2025-07-11 15:00:00,-0.0022762555
2025-07-11 16:00:00,0.0017593795
2025-07-11 17:00:00,-0.0006206041
2025-07-11 18:00:00,0.0109077023
2025-07-11 19:00:00,-0.005850671
2025-07-11 20:00:00,-0.012847255
2025-07-11 21:00:00,-0.0146003329
2025-07-11 22:00:00,-0.0082873402
2025-07-11 23:00:00,0.0064869691
2025-07-12 00:00:00,-0.001591259
2025-07-12 01:00:00,0.0095097927
2025-07-12 02:00:00,-0.0026325504
2025-07-12 03:00:00,-0.0005273427
2025-07-12 04:00:00,-0.0196022043
2025-07-12 05:00:00,0.0033295772
2025-07-12 06:00:00,0.0
2025-07-12 07:00:00,-0.000858185
2025-07-12 08:00:00,-0.00128866
2025-07-12 09:00:00,0.0061063985
2025-07-12 10:00:00,0.0022403594
2025-07-12 11:00:00,-0.0044857493
2025-07-12 12:00:00,-0.0103293365
2025-07-12 13:00:00,-0.0001081607
2025-07-12 14:00:00,-0.0070556602
2025-07-12 15:00:00,-0.0069960932
2025-07-12 16:00:00,0.0045967029
2025-07-12 17:00:00,0.0098876233
2025-07-12 18:00:00,0.0025915142
2025-07-12 19:00:00,0.0016162926
2025-07-12 20:00:00,-0.0091937265
2025-07-12 21:00:00,0.0076852681
2025-07-12 22:00:00,-0.0005392871
2025-07-12 23:00:00,0.0015092715
2025-07-13 00:00:00,0.0009690445
2025-07-13 01:00:00,0.0072914756
2025-07-13 02:00:00,-0.0012828738
2025-07-13 03:00:00,-0.0034290647
2025-07-13 04:00:00,0.0053527587
2025-07-13 05:00:00,0.0043679822
2025-07-13 06:00:00,0.0014871471
2025-07-13 07:00:00,0.0026501314
2025-07-13 08:00:00,0.0020094132
2025-07-13 09:00:00,-0.0058278311
2025-07-13 10:00:00,-0.0003188606
2025-07-13 11:00:00,0.0089952456
2025-07-13 12:00:00,0.0028404627
2025-07-13 13:00:00,0.0019940186
2025-07-13 14:00:00,0.0042893825
2025-07-13 15:00:00,0.0039591633
2025-07-13 16:00:00,-0.0056308804
2025-07-13 17:00:00,0.0055268924
2025-07-13 18:00:00,0.0028038857
2025-07-13 19:00:00,-0.0002074258
2025-07-13 20:00:00,-0.0028044682
2025-07-13 21:00:00,-0.0145636185
2025-07-13 22:00:00,-0.0032771317
2025-07-13 23:00:00,0.0025380724
2025-07-14 00:00:00,0.0018993358
2025-07-14 01:00:00,0.0022113419
2025-07-14 02:00:00,0.005873116
2025-07-14 03:00:00,0.0125735537
2025-07-14 04:00:00,0.0083295253
2025-07-14 05:00:00,-0.00544233
2025-07-14 06:00:00,-0.0081675305
2025-07-14 07:00:00,0.0094023527
2025-07-14 08:00:00,-0.0082610961
2025-07-14 09:00:00,0.0067173301
2025-07-14 10:00:00,0.008410306
2025-07-14 11:00:00,-0.0093377109
2025-07-14 12:00:00,-0.001857394
2025-07-14 13:00:00,0.0031967029
2025-07-14 14:00:00,-0.0057821534
2025-07-14 15:00:00,-0.0123992211
2025-07-14 16:00:00,0.010326037
2025-07-14 17:00:00,-0.0058278862
2025-07-14 18:00:00,-0.009543358
2025-07-14 19:00:00,-0.0003161722
2025-07-14 20:00:00,0.0036824704
2025-07-14 21:00:00,0.0018885747
2025-07-14 22:00:00,0.0023034247
2025-07-14 23:00:00,0.0012541808
2025-07-15 00:00:00,-0.0207912085
2025-07-15 01:00:00,-0.0003199829
2025-07-15 02:00:00,-0.0108329477
2025-07-15 03:00:00,-0.009208667
2025-07-15 04:00:00,0.0096399338
2025-07-15 05:00:00,-0.0032390441
2025-07-15 06:00:00,0.0043163982
2025-07-15 07:00:00,-0.0029115241
2025-07-15 08:00:00,0.0011872
2025-07-15 09:00:00,0.0022625663
2025-07-15 10:00:00,0.0007530526
2025-07-15 11:00:00,-0.0027999157
2025-07-15 12:00:00,0.0020468631
2025-07-15 13:00:00,0.0103849764
2025-07-15 14:00:00,-0.0205527222
2025-07-15 15:00:00,0.0154272438
2025-07-15 16:00:00,0.0090585156
2025-07-15 17:00:00,0.0127551405
2025-07-15 18:00:00,-0.0001047504
2025-07-15 19:00:00,-0.0029374759
2025-07-15 20:00:00,0.0027279421
2025-07-15 21:00:00,0.0077236581
2025-07-15 22:00:00,-0.0017690831
2025-07-15 23:00:00,0.0040538489
2025-07-16 00:00:00,0.0062047769
2025-07-16 01:00:00,-0.0054788993
2025-07-16 02:00:00,-0.0096870712
2025-07-16 03:00:00,-0.0009424578
2025-07-16 04:00:00,0.0033469334
2025-07-16 05:00:00,0.0012522176
2025-07-16 06:00:00,0.0040589117
2025-07-16 07:00:00,0.0025932279
2025-07-16 08:00:00,-0.0006217617
2025-07-16 09:00:00,0.0119527441
2025-07-16 10:00:00,-0.0068863009
2025-07-16 11:00:00,0.0020605818
2025-07-16 12:00:00,0.0027750673
2025-07-16 13:00:00,-0.0039078618
2025-07-16 14:00:00,0.0061633477
2025-07-16 15:00:00,-0.0082262675
2025-07-16 16:00:00,0.0118040888
2025-07-16 17:00:00,0.0127751915
2025-07-16 18:00:00,-0.0039368143
2025-07-16 19:00:00,-0.0031403561
2025-07-16 20:00:00,0.000608581
2025-07-16 21:00:00,0.003239525
2025-07-16 22:00:00,-0.0104649164
2025-07-16 23:00:00,-0.0036836223
2025-07-17 00:00:00,0.0057242311
2025-07-17 01:00:00,-0.0213245268
2025-07-17 02:00:00,0.0085018656
2025-07-17 03:00:00,-0.0085018656
2025-07-17 04:00:00,0.0057104448
2025-07-17 05:00:00,0.0132670224
2025-07-17 06:00:00,0.0051969343
2025-07-17 07:00:00,0.0004064628
2025-07-17 08:00:00,0.004763603
2025-07-17 09:00:00,0.022396457
2025-07-17 10:00:00,-0.0100363539
2025-07-17 11:00:00,-0.0037020403
2025-07-17 12:00:00,0.0107678009
2025-07-17 13:00:00,-0.0101665383
2025-07-17 14:00:00,0.0096705803
2025-07-17 15:00:00,0.0054420557
2025-07-17 16:00:00,0.0006905056
2025-07-17 17:00:00,0.0008870929
2025-07-17 18:00:00,0.0018701713
2025-07-17 19:00:00,-0.0071055268
2025-07-17 20:00:00,-0.0001980983
2025-07-17 21:00:00,0.0081882764
2025-07-17 22:00:00,0.0047049685
2025-07-17 23:00:00,-0.0061798225
2025-07-18 00:00:00,0.0170727526
2025-07-18 01:00:00,0.0098181557
2025-07-18 02:00:00,0.0005745476
2025-07-18 03:00:00,0.0311951036
2025-07-18 04:00:00,-0.0031598539
2025-07-18 05:00:00,0.014783601
2025-07-18 06:00:00,-0.0011012206
2025-07-18 07:00:00,-0.0094096635
2025-07-18 08:00:00,0.0111527033
2025-07-18 09:00:00,0.0219390542
2025-07-18 10:00:00,-0.0155434179
2025-07-18 11:00:00,-0.0115417604
2025-07-18 12:00:00,0.0166289807
2025-07-18 13:00:00,-0.0354149884
2025-07-18 14:00:00,-0.0130399656
2025-07-18 15:00:00,-0.011671423
2025-07-18 16:00:00,0.0119567162
2025-07-18 17:00:00,-0.0063910171
2025-07-18 18:00:00,-0.0148465081
2025-07-18 19:00:00,-0.0074088855
2025-07-18 20:00:00,-0.0051994035
2025-07-18 21:00:00,-0.0018705396
2025-07-18 22:00:00,-0.0050382917
2025-07-18 23:00:00,0.0074988018
2025-07-19 00:00:00,-0.0093823216
2025-07-19 01:00:00,0.0048502941
2025-07-19 02:00:00,0.0054163311
2025-07-19 03:00:00,0.006851353
2025-07-19 04:00:00,0.0064171343
2025-07-19 05:00:00,-0.0030089807
2025-07-19 06:00:00,-0.0034081536
2025-07-19 07:00:00,0.0028247231
2025-07-19 08:00:00,-0.007125805
2025-07-19 09:00:00,-0.0005879471
2025-07-19 10:00:00,-0.003731714
2025-07-19 11:00:00,-0.0032520354
2025-07-19 12:00:00,0.0013809432
2025-07-19 13:00:00,-0.0053370358
2025-07-19 14:00:00,-0.0114617291
2025-07-19 15:00:00,0.0145290644
2025-07-19 16:00:00,0.0056155017
2025-07-19 17:00:00,-0.0006879269
2025-07-19 18:00:00,0.0204346898
2025-07-19 19:00:00,0.0834008729
2025-07-19 20:00:00,-0.0125731738
2025-07-19 21:00:00,0.0099112379
2025-07-19 22:00:00,0.0081409175
2025-07-19 23:00:00,-0.0022056562
2025-07-20 00:00:00,-0.0050471617
2025-07-20 01:00:00,-0.0119665654
2025-07-20 02:00:00,0.0046607595
2025-07-20 03:00:00,0.0082818052
2025-07-20 04:00:00,0.0089172003
2025-07-20 05:00:00,0.0213921201
2025-07-20 06:00:00,0.0007740271
2025-07-20 07:00:00,0.0112840999
2025-07-20 08:00:00,0.0137607169
2025-07-20 09:00:00,-0.0104510011
2025-07-20 10:00:00,0.0005928938
2025-07-20 11:00:00,-0.0176829448
2025-07-20 12:00:00,0.0071278588
2025-07-20 13:00:00,0.0040138403
2025-07-20 14:00:00,0.0044221519
2025-07-20 15:00:00,-0.0019535404
2025-07-20 16:00:00,-8.50232e-05
2025-07-20 17:00:00,0.0054269615
2025-07-20 18:00:00,-0.0031338695
2025-07-20 19:00:00,-0.0029735377
2025-07-20 20:00:00,-0.0045196853
2025-07-20 21:00:00,-0.0002564431
2025-07-20 22:00:00,0.0022203254
2025-07-20 23:00:00,-0.0038459942
2025-07-21 00:00:00,0.0112399003
2025-07-21 01:00:00,-0.0060299983
2025-07-21 02:00:00,-0.0024734543
2025-07-21 03:00:00,0.0036653495
2025-07-21 04:00:00,0.0013604287
2025-07-21 05:00:00,0.0121612849
2025-07-21 06:00:00,0.0130099408
2025-07-21 07:00:00,0.0003313727
2025-07-21 08:00:00,-0.0041500724
2025-07-21 09:00:00,-0.0087716197
2025-07-21 10:00:00,-0.0052157938
2025-07-21 11:00:00,-0.0061762538
2025-07-21 12:00:00,-0.0093793321
2025-07-21 13:00:00,0.0103972302
2025-07-21 14:00:00,0.0025402215
2025-07-21 15:00:00,0.0010987619
2025-07-21 16:00:00,-0.0139505495
2025-07-21 17:00:00,0.0026519542
2025-07-21 18:00:00,-0.013590438
2025-07-21 19:00:00,-0.0026014583
2025-07-21 20:00:00,0.0028612323
2025-07-21 21:00:00,-0.0022536197
2025-07-21 22:00:00,0.0071765472
2025-07-21 23:00:00,-0.0050095113
2025-07-22 00:00:00,-0.0073871626
2025-07-22 01:00:00,0.0189231032
2025-07-22 02:00:00,-0.0097192525
2025-07-22 03:00:00,8.64267e-05
2025-07-22 04:00:00,-0.0124354835
2025-07-22 05:00:00,0.0093194073
2025-07-22 06:00:00,0.0006066647
2025-07-22 07:00:00,0.0033732679
2025-07-22 08:00:00,-0.0153139685
2025-07-22 09:00:00,-0.0012282858
2025-07-22 10:00:00,0.0054281345
2025-07-22 11:00:00,0.0095586407
2025-07-22 12:00:00,0.0005187619
2025-07-22 13:00:00,-0.0220230871
2025-07-22 14:00:00,0.0226279693
2025-07-22 15:00:00,0.0004318349
2025-07-22 16:00:00,0.0019840421
2025-07-22 17:00:00,0.0241796217
2025-07-22 18:00:00,-0.0009257312
2025-07-22 19:00:00,-0.0142459799
2025-07-22 20:00:00,-0.0005980095
2025-07-22 21:00:00,0.0099486387
2025-07-22 22:00:00,0.0023662649
2025-07-22 23:00:00,0.0111639217
2025-07-23 00:00:00,-0.0133609819
2025-07-23 01:00:00,0.0244016453
2025-07-23 02:00:00,-0.0023969925
2025-07-23 03:00:00,-0.0061426274
2025-07-23 04:00:00,-0.0009996669
2025-07-23 05:00:00,-0.0084537017
2025-07-23 06:00:00,-0.0095435883
2025-07-23 07:00:00,-0.0015286627
2025-07-23 08:00:00,0.0023769111
2025-07-23 09:00:00,-0.0060382035
2025-07-23 10:00:00,0.0046806604
2025-07-23 11:00:00,-0.0075851559
2025-07-23 12:00:00,-0.0148240239
2025-07-23 13:00:00,-0.022478776
2025-07-23 14:00:00,0.0140207755
2025-07-23 15:00:00,0.0039327121
2025-07-23 16:00:00,-0.0189307877
2025-07-23 17:00:00,0.0042575903
2025-07-23 18:00:00,0.0061766719
2025-07-23 19:00:00,-0.0142638077
2025-07-23 20:00:00,-0.0092331793
2025-07-23 21:00:00,0.0065526916
2025-07-23 22:00:00,0.0023235042
2025-07-23 23:00:00,0.0017836445
2025-07-24 00:00:00,0.0160866117
2025-07-24 01:00:00,0.0016645499
2025-07-24 02:00:00,-0.0050019849
2025-07-24 03:00:00,-0.0044967673
2025-07-24 04:00:00,-0.0144194755
2025-07-24 05:00:00,-0.0238614179
2025-07-24 06:00:00,-0.0068177894
2025-07-24 07:00:00,0.023842189
2025-07-24 08:00:00,0.0239922322
2025-07-24 09:00:00,0.0040457399
2025-07-24 10:00:00,-0.0059864603
2025-07-24 11:00:00,0.0058108985
2025-07-24 12:00:00,-0.01281106
2025-07-24 13:00:00,-0.0068704263
2025-07-24 14:00:00,0.0280738776
2025-07-24 15:00:00,-0.0119982172
2025-07-24 16:00:00,-0.0116981128
2025-07-24 17:00:00,0.0124907502
2025-07-24 18:00:00,-0.0006164414
2025-07-24 19:00:00,-0.0021164029
2025-07-24 20:00:00,0.0117596792
2025-07-24 21:00:00,-0.0136152132
2025-07-24 22:00:00,0.0015906684
2025-07-24 23:00:00,-0.0090474273
2025-07-25 00:00:00,-0.0095797322
2025-07-25 01:00:00,0.0052041392
2025-07-25 02:00:00,-0.0194286146
2025-07-25 03:00:00,-0.0018266513
2025-07-25 04:00:00,0.0133486659
2025-07-25 05:00:00,-0.0057897755
2025-07-25 06:00:00,0.0159312131
2025-07-25 07:00:00,-0.0068993598
2025-07-25 08:00:00,0.0075242204
2025-07-25 09:00:00,0.0218896648
2025-07-25 10:00:00,0.0051378177
2025-07-25 11:00:00,0.0057162809
2025-07-25 12:00:00,-0.0086738335
2025-07-25 13:00:00,0.0037389722
2025-07-25 14:00:00,-0.0324600733
2025-07-25 15:00:00,-0.0095487619
2025-07-25 16:00:00,0.0099073133
2025-07-25 17:00:00,-0.0019736258
2025-07-25 18:00:00,0.0
2025-07-25 19:00:00,-0.0008085164
2025-07-25 20:00:00,0.0141884324
2025-07-25 21:00:00,0.0043322644
2025-07-25 22:00:00,0.0033468412
2025-07-25 23:00:00,0.0008788891
2025-07-26 00:00:00,-0.0047552045
2025-07-26 01:00:00,-0.0092223763
2025-07-26 02:00:00,0.0090458226
2025-07-26 03:00:00,0.0006178015
2025-07-26 04:00:00,0.0020272362
2025-07-26 05:00:00,-0.0011453241
2025-07-26 06:00:00,-0.0011466374
2025-07-26 07:00:00,-0.000529661
2025-07-26 08:00:00,0.0059864603
2025-07-26 09:00:00,0.0014033859
2025-07-26 10:00:00,-0.0014033859
2025-07-26 11:00:00,-0.0019328771
2025-07-26 12:00:00,0.0020206464
2025-07-26 13:00:00,0.0036793734
2025-07-26 14:00:00,-0.0058759213
2025-07-26 15:00:00,0.0015820007
2025-07-26 16:00:00,-0.0008785803
2025-07-26 17:00:00,0.0044727108
2025-07-26 18:00:00,0.0082785537
2025-07-26 19:00:00,-0.002084963
2025-07-26 20:00:00,-0.0028739406
2025-07-26 21:00:00,-0.0003489184
2025-07-26 22:00:00,-0.0005236059
2025-07-26 23:00:00,-0.0051634473
2025-07-27 00:00:00,0.0002631925
2025-07-27 01:00:00,0.0062087559
2025-07-27 02:00:00,0.0047832417
2025-07-27 03:00:00,-0.0060917428
2025-07-27 04:00:00,0.0026152922
2025-07-27 05:00:00,0.0011311726
2025-07-27 06:00:00,0.0044253619
2025-07-27 07:00:00,-0.011757157
2025-07-27 08:00:00,-0.0095947217
2025-07-27 09:00:00,-0.0022136636
2025-07-27 10:00:00,0.0060097397
2025-07-27 11:00:00,-0.0041499331
2025-07-27 12:00:00,0.0067898502
2025-07-27 13:00:00,-0.0019352575
2025-07-27 14:00:00,-0.0036166405
2025-07-27 15:00:00,0.0024713164
2025-07-27 16:00:00,0.007114967
2025-07-27 17:00:00,0.0024477676
2025-07-27 18:00:00,-0.0010483097
2025-07-27 19:00:00,-0.0047310409
2025-07-27 20:00:00,-0.0021098909
2025-07-27 21:00:00,0.0036017081
2025-07-27 22:00:00,0.0084698171
2025-07-27 23:00:00,-0.0020889554
2025-07-28 00:00:00,0.0033055006
2025-07-28 01:00:00,-0.0088974767
2025-07-28 02:00:00,0.0097655323
2025-07-28 03:00:00,-0.0006075598
2025-07-28 04:00:00,0.0008678296
2025-07-28 05:00:00,0.0074324083
2025-07-28 06:00:00,-0.0023274869
2025-07-28 07:00:00,-0.0085807677
2025-07-28 08:00:00,-0.0053240361
2025-07-28 09:00:00,0.0041917798
2025-07-28 10:00:00,-0.0086648829
2025-07-28 11:00:00,-0.0029932235
2025-07-28 12:00:00,-0.0011468397
2025-07-28 13:00:00,-0.015926312
2025-07-28 14:00:00,-0.0118184424
2025-07-28 15:00:00,0.0021756876
2025-07-28 16:00:00,0.0013574049
2025-07-28 17:00:00,-0.0056225776
2025-07-28 18:00:00,-0.0077601156
2025-07-28 19:00:00,0.0038419367
2025-07-28 20:00:00,-0.0005479452
2025-07-28 21:00:00,0.0014605206
2025-07-28 22:00:00,-0.0063137877
2025-07-28 23:00:00,-0.000918358
2025-07-29 00:00:00,0.0022943157
2025-07-29 01:00:00,-0.0054230566
2025-07-29 02:00:00,-0.0076791792
2025-07-29 03:00:00,0.0157570641
2025-07-29 04:00:00,-0.0033884368
2025-07-29 05:00:00,0.0057626503
2025-07-29 06:00:00,0.0059109889
2025-07-29 07:00:00,0.0025355442
2025-07-29 08:00:00,-0.0058959761
2025-07-29 09:00:00,0.0018178518
2025-07-29 10:00:00,-0.0150970432
2025-07-29 11:00:00,0.0064326632
2025-07-29 12:00:00,0.0081193713
2025-07-29 13:00:00,-0.0077530374
2025-07-29 14:00:00,-0.0102159096
2025-07-29 15:00:00,0.0008322161
2025-07-29 16:00:00,0.005070771
2025-07-29 17:00:00,0.0046791223
2025-07-29 18:00:00,-0.0030251662
2025-07-29 19:00:00,-0.0078345025
2025-07-29 20:00:00,0.0002775593
2025-07-29 21:00:00,0.0062707693
2025-07-29 22:00:00,9.19244e-05
2025-07-29 23:00:00,-0.0015638658
2025-07-30 00:00:00,-0.006743363
2025-07-30 01:00:00,0.0102356927
2025-07-30 02:00:00,0.0024740014
2025-07-30 03:00:00,-0.0028410412
2025-07-30 04:00:00,-0.0088496153
2025-07-30 05:00:00,0.0075639139
2025-07-30 06:00:00,0.0030279419
2025-07-30 07:00:00,0.0007326679
2025-07-30 08:00:00,0.0090226176
2025-07-30 09:00:00,-0.0155438807
2025-07-30 10:00:00,-0.0042478594
2025-07-30 11:00:00,-0.0051957808
2025-07-30 12:00:00,0.0097200488
2025-07-30 13:00:00,-0.0036917439
2025-07-30 14:00:00,0.011765923
2025-07-30 15:00:00,-0.0004570175
2025-07-30 16:00:00,0.0024654169
2025-07-30 17:00:00,0.004458809
2025-07-30 18:00:00,-0.0205474116
2025-07-30 19:00:00,0.0097759701
2025-07-30 20:00:00,0.0083170063
2025-07-30 21:00:00,-0.0031906677
2025-07-30 22:00:00,0.0052818627
2025-07-30 23:00:00,0.0036264772
2025-07-31 00:00:00,0.0068542837
2025-07-31 01:00:00,-0.0075785278
2025-07-31 02:00:00,0.0
2025-07-31 03:00:00,0.0013575277
2025-07-31 04:00:00,0.0009039957
2025-07-31 05:00:00,0.0003613696
2025-07-31 06:00:00,0.0049556348
2025-07-31 07:00:00,-0.0055881173
2025-07-31 08:00:00,0.0045989531
2025-07-31 09:00:00,-0.0003599388
2025-07-31 10:00:00,-0.0043294015
2025-07-31 11:00:00,-0.0064384716
2025-07-31 12:00:00,0.0004547728
2025-07-31 13:00:00,-0.0025493959
2025-07-31 14:00:00,-0.008146871
2025-07-31 15:00:00,0.0038528623
2025-07-31 16:00:00,0.0070252558
2025-07-31 17:00:00,-0.0110619586
2025-07-31 18:00:00,0.0029373988
2025-07-31 19:00:00,-0.0080987006
2025-07-31 20:00:00,-0.0009244708
2025-07-31 21:00:00,-0.0024076315
2025-07-31 22:00:00,-0.0087531986
2025-07-31 23:00:00,-0.0083588183
2025-08-01 00:00:00,-9.43174e-05
2025-08-01 01:00:00,0.000471498
2025-08-01 02:00:00,0.0077945645
2025-08-01 03:00:00,-0.0048762287
2025-08-01 04:00:00,-0.00348416
2025-08-01 05:00:00,-0.0055810579
2025-08-01 06:00:00,-0.0017089153
2025-08-01 07:00:00,-0.0028546979
2025-08-01 08:00:00,-0.0084211024
2025-08-01 09:00:00,-0.0021164029
2025-08-01 10:00:00,0.0096795044
2025-08-01 11:00:00,0.0059906041
2025-08-01 12:00:00,0.0031236714
2025-08-01 13:00:00,-0.011310295
2025-08-01 14:00:00,0.0162127277
2025-08-01 15:00:00,0.0004701237
2025-08-01 16:00:00,-0.0096345319
2025-08-01 17:00:00,-0.004375542
2025-08-01 18:00:00,0.0026656528
2025-08-01 19:00:00,0.0106861861
2025-08-01 20:00:00,0.0031930906
2025-08-01 21:00:00,0.0077523388
2025-08-01 22:00:00,-0.0200166435
2025-08-01 23:00:00,0.0113262183
2025-08-02 00:00:00,0.0078527093
2025-08-02 01:00:00,0.0016747306
2025-08-02 02:00:00,-9.2967e-05
2025-08-02 03:00:00,-9.29757e-05
2025-08-02 04:00:00,0.0023218028
2025-08-02 05:00:00,0.0012052104
2025-08-02 06:00:00,-0.0060406299
2025-08-02 07:00:00,0.0102013312
2025-08-02 08:00:00,-0.0134691554
2025-08-02 09:00:00,0.0058744166
2025-08-02 10:00:00,-0.0079339568
2025-08-02 11:00:00,0.0032745503
2025-08-02 12:00:00,0.0049382816
2025-08-02 13:00:00,0.0119186517
2025-08-02 14:00:00,-0.0047873411
2025-08-02 15:00:00,-0.0015700765
2025-08-02 16:00:00,-0.0134929698
2025-08-02 17:00:00,-0.0190103611
2025-08-02 18:00:00,0.0029556202
2025-08-02 19:00:00,-0.0001904218
2025-08-02 20:00:00,0.0151203032
2025-08-02 21:00:00,-0.0097074416
2025-08-02 22:00:00,0.0113942567
2025-08-02 23:00:00,-0.0070472455
2025-08-03 00:00:00,-0.0003772517
2025-08-03 01:00:00,0.01516599
2025-08-03 02:00:00,0.0102602924
2025-08-03 03:00:00,-0.0098887179
2025-08-03 04:00:00,-0.0029764695
2025-08-03 05:00:00,0.0012102594
2025-08-03 06:00:00,0.0037147145
2025-08-03 07:00:00,0.0029618681
2025-08-03 08:00:00,0.0031374022
2025-08-03 09:00:00,0.0099922911
2025-08-03 10:00:00,-0.003746863
2025-08-03 11:00:00,-9.15625e-05
2025-08-03 12:00:00,0.0062982272
2025-08-03 13:00:00,-0.0058404984
2025-08-03 14:00:00,-0.0012821689
2025-08-03 15:00:00,0.0074865683
2025-08-03 16:00:00,-0.000910001
2025-08-03 17:00:00,-0.0064849293
2025-08-03 18:00:00,-0.001100211
2025-08-03 19:00:00,-0.0004587787
2025-08-03 20:00:00,0.0059477688
2025-08-03 21:00:00,-0.0029237115
2025-08-03 22:00:00,0.0057479288
2025-08-03 23:00:00,0.004900636
2025-08-04 00:00:00,0.0102675855
2025-08-04 01:00:00,-0.0062019883
2025-08-04 02:00:00,0.0053055293
2025-08-04 03:00:00,0.0001793561
2025-08-04 04:00:00,-0.0075607921
2025-08-04 05:00:00,0.0041475129
2025-08-04 06:00:00,0.0056525205
2025-08-04 07:00:00,-0.0016117482
2025-08-04 08:00:00,-0.0025123387
2025-08-04 09:00:00,0.0148031952
2025-08-04 10:00:00,-0.0072850358
2025-08-04 11:00:00,0.0177637122
2025-08-04 12:00:00,0.0232045044
2025-08-04 13:00:00,0.0148666885
2025-08-04 14:00:00,-0.0011812354
2025-08-04 15:00:00,-0.0055875526
2025-08-04 16:00:00,0.0118993767
2025-08-04 17:00:00,-0.0004195511
2025-08-04 18:00:00,0.0009227802
2025-08-04 19:00:00,0.0051018385
2025-08-04 20:00:00,-0.0055211785
2025-08-04 21:00:00,0.0056045987
2025-08-04 22:00:00,0.0065683046
2025-08-04 23:00:00,0.0035571035
2025-08-05 00:00:00,-0.0065449055
2025-08-05 01:00:00,0.0083599378
2025-08-05 02:00:00,0.0048513848
2025-08-05 03:00:00,-0.0008206139
2025-08-05 04:00:00,-0.0008212878
2025-08-05 05:00:00,0.018317767
2025-08-05 06:00:00,-0.0102980841
2025-08-05 07:00:00,-0.0148625308
2025-08-05 08:00:00,0.0153514487
2025-08-05 09:00:00,0.0361610473
2025-08-05 10:00:00,0.0082163301
2025-08-05 11:00:00,-0.005940302
2025-08-05 12:00:00,-0.0281439992
2025-08-05 13:00:00,-0.003311395
2025-08-05 14:00:00,-0.0034035689
2025-08-05 15:00:00,-0.0094609628
2025-08-05 16:00:00,-0.0050113064
2025-08-05 17:00:00,-0.0044572917
2025-08-05 18:00:00,-0.0090581082
2025-08-05 19:00:00,0.001251408
2025-08-05 20:00:00,-0.0010844631
2025-08-05 21:00:00,0.005410593
2025-08-05 22:00:00,0.0055466014
2025-08-05 23:00:00,-0.006958855
2025-08-06 00:00:00,-0.0112863297
2025-08-06 01:00:00,-0.0055644693
2025-08-06 02:00:00,0.0002536033
2025-08-06 03:00:00,-0.0010994123
2025-08-06 04:00:00,-0.0022024575
2025-08-06 05:00:00,0.0048221404
2025-08-06 06:00:00,-0.0061799138
2025-08-06 07:00:00,0.0052511343
2025-08-06 08:00:00,-0.0104446243
2025-08-06 09:00:00,0.0018761732
2025-08-06 10:00:00,-0.0075259057
2025-08-06 11:00:00,-0.0011165988
2025-08-06 12:00:00,-0.0076780777
2025-08-06 13:00:00,0.0009521749
2025-08-06 14:00:00,0.0146865696
2025-08-06 15:00:00,0.0097570027
2025-08-06 16:00:00,-0.0077128831
2025-08-06 17:00:00,0.0079661438
2025-08-06 18:00:00,0.0073167981
2025-08-06 19:00:00,0.0052651494
2025-08-06 20:00:00,-0.0050975751
2025-08-06 21:00:00,-0.001425278
2025-08-06 22:00:00,8.38961e-05
2025-08-06 23:00:00,0.0002516462
2025-08-07 00:00:00,-0.0090993972
2025-08-07 01:00:00,0.0071684895
2025-08-07 02:00:00,0.013107004
2025-08-07 03:00:00,-0.0077432634
2025-08-07 04:00:00,0.0133672961
2025-08-07 05:00:00,0.0030468999
2025-08-07 06:00:00,-0.0084221454
2025-08-07 07:00:00,-0.0094139905
2025-08-07 08:00:00,-0.0167120702
2025-08-07 09:00:00,0.004500878
2025-08-07 10:00:00,0.015136515
2025-08-07 11:00:00,0.0083112181
2025-08-07 12:00:00,-0.0025690977
2025-08-07 13:00:00,-0.0041576644
2025-08-07 14:00:00,0.004489532
2025-08-07 15:00:00,0.005377469
2025-08-07 16:00:00,0.0033771294
2025-08-07 17:00:00,-0.0013165475
2025-08-07 18:00:00,-0.0023081372
2025-08-07 19:00:00,0.0087918072
2025-08-07 20:00:00,-0.0015555286
2025-08-07 21:00:00,-0.0011477293
2025-08-07 22:00:00,0.0022941428
2025-08-07 23:00:00,0.007094831
2025-08-08 00:00:00,-0.004234534
2025-08-08 01:00:00,-0.001469988
2025-08-08 02:00:00,-0.0057372504
2025-08-08 03:00:00,-0.0023865378
2025-08-08 04:00:00,-0.0030531855
2025-08-08 05:00:00,-0.0102173086
2025-08-08 06:00:00,0.0075691773
2025-08-08 07:00:00,0.0151318677
2025-08-08 08:00:00,-0.0004081799
2025-08-08 09:00:00,-0.0014708288
2025-08-08 10:00:00,-0.0132528589
2025-08-08 11:00:00,0.0091558358
2025-08-08 12:00:00,0.0002462953
2025-08-08 13:00:00,0.0145059996
2025-08-08 14:00:00,-0.0109006204
2025-08-08 15:00:00,-0.0068943149
2025-08-08 16:00:00,0.0099160821
2025-08-08 17:00:00,0.0053676121
2025-08-08 18:00:00,0.0121731521
2025-08-08 19:00:00,0.006071276
2025-08-08 20:00:00,-0.0062315453
2025-08-08 21:00:00,0.0002403942
2025-08-08 22:00:00,-0.00497993
2025-08-08 23:00:00,-0.0032260694
2025-08-09 00:00:00,0.0004038283
2025-08-09 01:00:00,-0.0028302287
2025-08-09 02:00:00,-0.00235113
2025-08-09 03:00:00,-0.0004871316
2025-08-09 04:00:00,0.0123483269
2025-08-09 05:00:00,0.0026434909
2025-08-09 06:00:00,-0.0045704285
2025-08-09 07:00:00,0.0060892745
2025-08-09 08:00:00,-0.0024793071
2025-08-09 09:00:00,0.003437391
2025-08-09 10:00:00,-0.0023969331
2025-08-09 11:00:00,0.0011991847
2025-08-09 12:00:00,-0.0014391943
2025-08-09 13:00:00,-0.0211044825
2025-08-09 14:00:00,-0.0012265425
2025-08-09 15:00:00,-0.0081331317
2025-08-09 16:00:00,0.0018954227
2025-08-09 17:00:00,0.0060740563
2025-08-09 18:00:00,-0.000409249
2025-08-09 19:00:00,-0.002787344
2025-08-09 20:00:00,0.004014589
2025-08-09 21:00:00,-0.0011453818
2025-08-09 22:00:00,-0.0111125974
2025-08-09 23:00:00,-0.0043967054
2025-08-10 00:00:00,0.0088565741
2025-08-10 01:00:00,-0.0002472494
2025-08-10 02:00:00,0.0021407995
2025-08-10 03:00:00,0.0077017996
2025-08-10 04:00:00,0.0101507226
2025-08-10 05:00:00,-0.0148958841
2025-08-10 06:00:00,-0.0064171343
2025-08-10 07:00:00,-0.0162253424
2025-08-10 08:00:00,0.0105971203
2025-08-10 09:00:00,0.0027352995
2025-08-10 10:00:00,0.0031404984
2025-08-10 11:00:00,0.0079720989
2025-08-10 12:00:00,-0.0030334108
2025-08-10 13:00:00,-0.0097360505
2025-08-10 14:00:00,0.0313418292
2025-08-10 15:00:00,-0.0008038586
2025-08-10 16:00:00,-0.006697084
2025-08-10 17:00:00,0.0
2025-08-10 18:00:00,0.0036365146
2025-08-10 19:00:00,0.0047479267
2025-08-10 20:00:00,-0.0026528413
2025-08-10 21:00:00,-8.04991e-05
2025-08-10 22:00:00,-0.0048418429
2025-08-10 23:00:00,0.0016165539
2025-08-11 00:00:00,-0.011207784
2025-08-11 01:00:00,0.0098338799
2025-08-11 02:00:00,0.0102985865
2025-08-11 03:00:00,0.0079726166
2025-08-11 04:00:00,-0.0066927188
2025-08-11 05:00:00,-0.0085100064
2025-08-11 06:00:00,0.0047456353
2025-08-11 07:00:00,-0.0109731616
2025-08-11 08:00:00,0.0152969733
2025-08-11 09:00:00,0.0019157094
2025-08-11 10:00:00,0.0013547438
2025-08-11 11:00:00,0.0073789362
2025-08-11 12:00:00,-0.0011864743
2025-08-11 13:00:00,-0.0016634326
2025-08-11 14:00:00,-0.0197756735
2025-08-11 15:00:00,0.0117364691
2025-08-11 16:00:00,0.0042266501
2025-08-11 17:00:00,0.004050357
2025-08-11 18:00:00,-0.0138065319
2025-08-11 19:00:00,-0.025062337
2025-08-11 20:00:00,-0.0025576517
2025-08-11 21:00:00,-0.0053010975
2025-08-11 22:00:00,0.0015766984
2025-08-11 23:00:00,-0.0044043783
2025-08-12 00:00:00,0.001830588
2025-08-12 01:00:00,0.0079490358
2025-08-12 02:00:00,-0.0079490358
2025-08-12 03:00:00,-0.0072588029
2025-08-12 04:00:00,0.0038445513
2025-08-12 05:00:00,-0.0055207167
2025-08-12 06:00:00,-0.0005873222
2025-08-12 07:00:00,0.0016771492
2025-08-12 08:00:00,0.0044308897
2025-08-12 09:00:00,-0.0059401973
2025-08-12 10:00:00,-0.0001678416
2025-08-12 11:00:00,0.0036023999
2025-08-12 12:00:00,0.0127961862
2025-08-12 13:00:00,-0.0019007485
2025-08-12 14:00:00,0.0130667101
2025-08-12 15:00:00,0.0153936443
2025-08-12 16:00:00,0.0053722616
2025-08-12 17:00:00,0.0011189259
2025-08-12 18:00:00,0.0123840592
2025-08-12 19:00:00,0.0160441712
2025-08-12 20:00:00,0.0077339906
2025-08-12 21:00:00,0.0004621428
2025-08-12 22:00:00,0.0079767258
2025-08-12 23:00:00,-0.0038270234
2025-08-13 00:00:00,0.0035978146
2025-08-13 01:00:00,-0.0162542576
2025-08-13 02:00:00,0.017170778
2025-08-13 03:00:00,0.0019829171
2025-08-13 04:00:00,0.018045716
2025-08-13 05:00:00,-0.0175886776
2025-08-13 06:00:00,-0.004120885
2025-08-13 07:00:00,0.0051104188
2025-08-13 08:00:00,0.0023557137
2025-08-13 09:00:00,0.0052235253
2025-08-13 10:00:00,0.0013581833
2025-08-13 11:00:00,-0.0055196541
2025-08-13 12:00:00,-0.0060078511
2025-08-13 13:00:00,0.0078258957
2025-08-13 14:00:00,-0.0113408378
2025-08-13 15:00:00,-0.0039114979
2025-08-13 16:00:00,0.0015357448
2025-08-13 17:00:00,-0.0047685062
2025-08-13 18:00:00,-0.0045589848
2025-08-13 19:00:00,0.0090205307
2025-08-13 20:00:00,-0.0056958282
2025-08-13 21:00:00,-0.0010039774
2025-08-13 22:00:00,0.010912273
2025-08-13 23:00:00,0.0018326212
2025-08-14 00:00:00,0.0069940988
2025-08-14 01:00:00,0.0005301625
2025-08-14 02:00:00,0.0077686403
2025-08-14 03:00:00,0.001351453
2025-08-14 04:00:00,-0.0041351888
2025-08-14 05:00:00,-0.010679897
2025-08-14 06:00:00,0.0003045531
2025-08-14 07:00:00,-0.0134117043
2025-08-14 08:00:00,-0.0123434397
2025-08-14 09:00:00,0.0059966692
2025-08-14 10:00:00,-0.0070908467
2025-08-14 11:00:00,-0.0021135864
2025-08-14 12:00:00,-0.0389919171
2025-08-14 13:00:00,0.0031726689
2025-08-14 14:00:00,0.007202718
2025-08-14 15:00:00,-0.0094795119
2025-08-14 16:00:00,-0.0152574529
2025-08-14 17:00:00,-8.26617e-05
2025-08-14 18:00:00,0.0030539415
2025-08-14 19:00:00,0.0041942576
2025-08-14 20:00:00,-0.0017249173
2025-08-14 21:00:00,-0.004531792
2025-08-14 22:00:00,0.0044495789
2025-08-14 23:00:00,-0.003046649
2025-08-15 00:00:00,0.0038684768
2025-08-15 01:00:00,0.0038535693
2025-08-15 02:00:00,-0.000409249
2025-08-15 03:00:00,0.0059584717
2025-08-15 04:00:00,-0.0076791489
2025-08-15 05:00:00,0.0026208041
2025-08-15 06:00:00,0.0023691854
2025-08-15 07:00:00,-0.0086048472
2025-08-15 08:00:00,-0.0001646226
2025-08-15 09:00:00,-0.0046204703
2025-08-15 10:00:00,0.0007440169
2025-08-15 11:00:00,0.0013213314
2025-08-15 12:00:00,-0.0009082278
2025-08-15 13:00:00,-0.0135558648
2025-08-15 14:00:00,-0.0053731974
2025-08-15 15:00:00,-0.0096431131
2025-08-15 16:00:00,0.0037329304
2025-08-15 17:00:00,0.0059101827
2025-08-15 18:00:00,-0.0121110945
2025-08-15 19:00:00,0.002127932
2025-08-15 20:00:00,0.0075388947
2025-08-15 21:00:00,0.0001687621
2025-08-15 22:00:00,0.011492933
2025-08-15 23:00:00,-0.0065272198
2025-08-16 00:00:00,0.0142543988
2025-08-16 01:00:00,-0.0048952597
2025-08-16 02:00:00,-0.0021648635
2025-08-16 03:00:00,-0.0005002501
2025-08-16 04:00:00,0.0037457904
2025-08-16 05:00:00,-0.0118680875
2025-08-16 06:00:00,-0.0052263459
2025-08-16 07:00:00,0.0047217626
2025-08-16 08:00:00,-0.003370411
2025-08-16 09:00:00,0.000927996
2025-08-16 10:00:00,-0.0030402861
2025-08-16 11:00:00,-0.0079823793
2025-08-16 12:00:00,0.0099258503
2025-08-16 13:00:00,-0.0036365214
2025-08-16 14:00:00,0.0086887383
2025-08-16 15:00:00,0.0003359086
2025-08-16 16:00:00,0.0005036515
2025-08-16 17:00:00,0.0024307459
2025-08-16 18:00:00,0.0060927451
2025-08-16 19:00:00,-0.0004993758
2025-08-16 20:00:00,0.000665779
2025-08-16 21:00:00,-0.0024155607
2025-08-16 22:00:00,0.0066495133
2025-08-16 23:00:00,0.0035559268
2025-08-17 00:00:00,-0.0070414075
2025-08-17 01:00:00,-0.0013310043
2025-08-17 02:00:00,0.0041535198
2025-08-17 03:00:00,0.0011599007
2025-08-17 04:00:00,0.0086566351
2025-08-17 05:00:00,-0.0019720631
2025-08-17 06:00:00,-0.0009051636
2025-08-17 07:00:00,0.0123544218
2025-08-17 08:00:00,-0.0041556385
2025-08-17 09:00:00,-0.0021252256
2025-08-17 10:00:00,-0.0009823988
2025-08-17 11:00:00,0.0023724804
2025-08-17 12:00:00,-0.0047506028
2025-08-17 13:00:00,0.0011487652
2025-08-17 14:00:00,-0.0023810513
2025-08-17 15:00:00,0.0046746302
2025-08-17 16:00:00,-0.0092886287
2025-08-17 17:00:00,0.0070770539
2025-08-17 18:00:00,-0.0069119011
2025-08-17 19:00:00,-0.0035568092
2025-08-17 20:00:00,0.0028960345
2025-08-17 21:00:00,-0.000826583
2025-08-17 22:00:00,0.006100596
2025-08-17 23:00:00,-0.0070106271
2025-08-18 00:00:00,-0.0035653618
2025-08-18 01:00:00,-0.011697017
2025-08-18 02:00:00,-0.0245014383
2025-08-18 03:00:00,0.0057538052
2025-08-18 04:00:00,0.002394801
2025-08-18 05:00:00,0.0023038536
2025-08-18 06:00:00,-0.0103663383
2025-08-18 07:00:00,0.000602643
2025-08-18 08:00:00,-0.0039668903
2025-08-18 09:00:00,0.0088606541
2025-08-18 10:00:00,-0.0018859843
2025-08-18 11:00:00,-0.0006008326
2025-08-18 12:00:00,0.0092300459
2025-08-18 13:00:00,-0.0004254414
2025-08-18 14:00:00,0.0042462909
2025-08-18 15:00:00,0.0012703792
2025-08-18 16:00:00,-0.0075613121
2025-08-18 17:00:00,0.0062909329
2025-08-18 18:00:00,0.0038063061
2025-08-18 19:00:00,-0.004569309
2025-08-18 20:00:00,-0.0017826073
2025-08-18 21:00:00,0.0058452452
2025-08-18 22:00:00,0.0010130858
2025-08-18 23:00:00,-0.006009074
2025-08-19 00:00:00,0.0087897794
2025-08-19 01:00:00,-0.0161170678
2025-08-19 02:00:00,-0.0040272536
2025-08-19 03:00:00,-0.0077573221
2025-08-19 04:00:00,0.0103297811
2025-08-19 05:00:00,0.0001712622
2025-08-19 06:00:00,-0.0083401885
2025-08-19 07:00:00,-0.0070181807
2025-08-19 08:00:00,0.0012165452
2025-08-19 09:00:00,0.0056289389
2025-08-19 10:00:00,-0.0001727265
2025-08-19 11:00:00,0.0031906206
2025-08-19 12:00:00,-0.0015509222
2025-08-19 13:00:00,-0.0003449763
2025-08-19 14:00:00,-0.0186319163
2025-08-19 15:00:00,0.004296933
2025-08-19 16:00:00,-0.0047364355
2025-08-19 17:00:00,0.0028094838
2025-08-19 18:00:00,-0.009690852
2025-08-19 19:00:00,0.0010617591
2025-08-19 20:00:00,0.0121298842
2025-08-19 21:00:00,0.0012223873
2025-08-19 22:00:00,-0.0045478476
2025-08-19 23:00:00,-0.0124367645
2025-08-20 00:00:00,0.0105942546
2025-08-20 01:00:00,-0.0001756543
2025-08-20 02:00:00,-8.78387e-05
2025-08-20 03:00:00,-0.0011426061
2025-08-20 04:00:00,0.0040372181
2025-08-20 05:00:00,0.0011380051
2025-08-20 06:00:00,-0.0007001576
2025-08-20 07:00:00,-0.0032446207
2025-08-20 08:00:00,0.0119615518
2025-08-20 09:00:00,-0.004959335
2025-08-20 10:00:00,0.0042647699
2025-08-20 11:00:00,-0.0047882388
2025-08-20 12:00:00,0.0030497126
2025-08-20 13:00:00,-0.0152540873
2025-08-20 14:00:00,0.0104574968
2025-08-20 15:00:00,0.0048835887
2025-08-20 16:00:00,0.0060711375
2025-08-20 17:00:00,0.0047444557
2025-08-20 18:00:00,-0.0069084903
2025-08-20 19:00:00,0.0141968399
2025-08-20 20:00:00,-0.0019669053
2025-08-20 21:00:00,-0.0010277493
2025-08-20 22:00:00,0.0004283573
2025-08-20 23:00:00,-0.0056691442
2025-08-21 00:00:00,0.001893288
2025-08-21 01:00:00,0.0058294207
2025-08-21 02:00:00,-0.0078088525
2025-08-21 03:00:00,0.0017214671
2025-08-21 04:00:00,-0.0009464402
2025-08-21 05:00:00,0.001462303
2025-08-21 06:00:00,-0.0049114743
2025-08-21 07:00:00,0.0026741444
2025-08-21 08:00:00,-0.0071759267
2025-08-21 09:00:00,0.0004337454
2025-08-21 10:00:00,-0.0002602247
2025-08-21 11:00:00,-0.0057421421
2025-08-21 12:00:00,0.0001744896
2025-08-21 13:00:00,0.0030486501
2025-08-21 14:00:00,0.0011299927
2025-08-21 15:00:00,-0.0082872198
2025-08-21 16:00:00,-0.0040375724
2025-08-21 17:00:00,0.0090181411
2025-08-21 18:00:00,0.0036540845
2025-08-21 19:00:00,-0.0052242174
2025-08-21 20:00:00,0.0069595757
2025-08-21 21:00:00,-0.0002601118
2025-08-21 22:00:00,-0.0006939626
2025-08-21 23:00:00,-0.0045225334
2025-08-22 00:00:00,-0.0006103675
2025-08-22 01:00:00,0.0050461217
2025-08-22 02:00:00,0.0076940081
2025-08-22 03:00:00,-0.0049208024
2025-08-22 04:00:00,0.0038868544
2025-08-22 05:00:00,0.0018947555
2025-08-22 06:00:00,-0.003102381
2025-08-22 07:00:00,0.0049076684
2025-08-22 08:00:00,-0.0019773896
2025-08-22 09:00:00,0.0010321694
2025-08-22 10:00:00,-0.0101962345
2025-08-22 11:00:00,-0.0046137187
2025-08-22 12:00:00,-0.0078837129
2025-08-22 13:00:00,0.0050877303
2025-08-22 14:00:00,0.0416441256
2025-08-22 15:00:00,0.0066084142
2025-08-22 16:00:00,0.0087162798
2025-08-22 17:00:00,0.0086409623
2025-08-22 18:00:00,0.0035988915
2025-08-22 19:00:00,0.0017946004
2025-08-22 20:00:00,0.004391322
2025-08-22 21:00:00,-0.0011366405
2025-08-22 22:00:00,-0.0051309312
2025-08-22 23:00:00,0.0031793937
2025-08-23 00:00:00,-0.0022000416
2025-08-23 01:00:00,-0.0053983445
2025-08-23 02:00:00,-0.0099732951
2025-08-23 03:00:00,-0.004816085
2025-08-23 04:00:00,0.0092792712
2025-08-23 05:00:00,0.0087853104
2025-08-23 06:00:00,0.000572059
2025-08-23 07:00:00,-0.0059819083
2025-08-23 08:00:00,0.0012320836
2025-08-23 09:00:00,-0.0011498975
2025-08-23 10:00:00,-0.0029629651
2025-08-23 11:00:00,-0.0013196967
2025-08-23 12:00:00,-0.0003301965
2025-08-23 13:00:00,-0.002479955
2025-08-23 14:00:00,-0.0023201867
2025-08-23 15:00:00,0.0031475219
2025-08-23 16:00:00,-8.27027e-05
2025-08-23 17:00:00,0.0022305763
2025-08-23 18:00:00,-0.0034719387
2025-08-23 19:00:00,0.0026463793
2025-08-23 20:00:00,-0.0003304147
2025-08-23 21:00:00,-0.0019020059
2025-08-23 22:00:00,0.0055305766
2025-08-23 23:00:00,-0.0009059091
2025-08-24 00:00:00,0.0036187226
2025-08-24 01:00:00,-0.0030421401
2025-08-24 02:00:00,-0.0036297681
2025-08-24 03:00:00,0.001651528
2025-08-24 04:00:00,0.0037059956
2025-08-24 05:00:00,-0.003376017
2025-08-24 06:00:00,-0.0088646453
2025-08-24 07:00:00,-0.0049218035
2025-08-24 08:00:00,0.0018380822
2025-08-24 09:00:00,0.0008343764
2025-08-24 10:00:00,-0.0077867015
2025-08-24 11:00:00,-0.0043804299
2025-08-24 12:00:00,0.0040441541
2025-08-24 13:00:00,0.0005043712
2025-08-24 14:00:00,0.0055313584
2025-08-24 15:00:00,-0.0030971439
2025-08-24 16:00:00,0.0065179474
2025-08-24 17:00:00,0.0124163502
2025-08-24 18:00:00,0.0173704673
2025-08-24 19:00:00,-0.0248846433
2025-08-24 20:00:00,-0.0153682136
2025-08-24 21:00:00,-0.0013475956
2025-08-24 22:00:00,-0.0002528765
2025-08-24 23:00:00,-0.0038854682
2025-08-25 00:00:00,-0.0162965938
2025-08-25 01:00:00,0.0094178778
2025-08-25 02:00:00,0.0088233371
2025-08-25 03:00:00,-0.0089085559
2025-08-25 04:00:00,-0.009332659
2025-08-25 05:00:00,-0.0107239634
2025-08-25 06:00:00,-0.0097860108
2025-08-25 07:00:00,-0.0113025486
2025-08-25 08:00:00,0.0009763459
2025-08-25 09:00:00,0.0001774151
2025-08-25 10:00:00,-0.0167259389
2025-08-25 11:00:00,0.0054868588
2025-08-25 12:00:00,0.0069724069
2025-08-25 13:00:00,-0.0057173642
2025-08-25 14:00:00,0.0058955061
2025-08-25 15:00:00,-0.004731518
2025-08-25 16:00:00,0.003394679
2025-08-25 17:00:00,-0.0020532972
2025-08-25 18:00:00,-0.0051068516
2025-08-25 19:00:00,-0.0184023686
2025-08-25 20:00:00,-0.0116874289
2025-08-25 21:00:00,-0.0049181188
2025-08-25 22:00:00,0.0084294881
2025-08-25 23:00:00,0.0079015479
2025-08-26 00:00:00,0.0046564795
2025-08-26 01:00:00,0.0022746928
2025-08-26 02:00:00,-0.0031860206
2025-08-26 03:00:00,0.0032769008
2025-08-26 04:00:00,0.0027225718
2025-08-26 05:00:00,0.0046114282
2025-08-26 06:00:00,-0.007061409
2025-08-26 07:00:00,0.004441833
2025-08-26 08:00:00,-0.0009048955
2025-08-26 09:00:00,-0.0010869566
2025-08-26 10:00:00,0.0027151795
2025-08-26 11:00:00,-0.000904241
2025-08-26 12:00:00,0.0125855671
2025-08-26 13:00:00,0.0001786512
2025-08-26 14:00:00,0.0046337634
2025-08-26 15:00:00,-0.0032948959
2025-08-26 16:00:00,0.0105586359
2025-08-26 17:00:00,-0.0039796648
2025-08-26 18:00:00,0.0079435546
2025-08-26 19:00:00,0.0072702111
2025-08-26 20:00:00,-0.0070065097
2025-08-26 21:00:00,-0.0002637015
2025-08-26 22:00:00,-0.0012315272
2025-08-26 23:00:00,-0.0007044114
2025-08-27 00:00:00,-0.0030876475
2025-08-27 01:00:00,0.0026471382
2025-08-27 02:00:00,0.0022885319
2025-08-27 03:00:00,0.0056985207
2025-08-27 04:00:00,0.0079237647
2025-08-27 05:00:00,-0.0118654332
2025-08-27 06:00:00,-0.0067808811
2025-08-27 07:00:00,-0.0021229552
2025-08-27 08:00:00,-0.0010631701
2025-08-27 09:00:00,-0.0014193207
2025-08-27 10:00:00,0.0033676033
2025-08-27 11:00:00,0.0006191129
2025-08-27 12:00:00,0.0034423442
2025-08-27 13:00:00,-0.0044154081
2025-08-27 14:00:00,0.0050320124
2025-08-27 15:00:00,0.0015838103
2025-08-27 16:00:00,-0.0001758551
2025-08-27 17:00:00,0.0035988628
2025-08-27 18:00:00,-0.0056234223
2025-08-27 19:00:00,-0.0023818987
2025-08-27 20:00:00,0.0055489639
2025-08-27 21:00:00,-0.0077594958
2025-08-27 22:00:00,-0.0020380141
2025-08-27 23:00:00,-0.0062283323
2025-08-28 00:00:00,0.0015161653
2025-08-28 01:00:00,0.0040023178
2025-08-28 02:00:00,-0.0025774355
2025-08-28 03:00:00,0.0050597063
2025-08-28 04:00:00,0.0089908054
2025-08-28 05:00:00,-0.0038684768
2025-08-28 06:00:00,0.0013204808
2025-08-28 07:00:00,-0.0020254509
2025-08-28 08:00:00,0.0001762891
2025-08-28 09:00:00,-0.0009699749
2025-08-28 10:00:00,0.001146233
2025-08-28 11:00:00,0.0
2025-08-28 12:00:00,0.0034308369
2025-08-28 13:00:00,-0.0034308369
2025-08-28 14:00:00,0.0078121969
2025-08-28 15:00:00,-0.0155082851
2025-08-28 16:00:00,-0.0081138156
2025-08-28 17:00:00,0.0081138156
2025-08-28 18:00:00,-0.0011550936
2025-08-28 19:00:00,-0.0062427742
2025-08-28 20:00:00,0.0042849557
2025-08-28 21:00:00,0.0072779233
2025-08-28 22:00:00,0.0060833337
2025-08-28 23:00:00,-0.0005275189
2025-08-29 00:00:00,-0.0036121796
2025-08-29 01:00:00,-0.0061086463
2025-08-29 02:00:00,0.0035457887
2025-08-29 03:00:00,0.0024745925
2025-08-29 04:00:00,-0.0033598617
2025-08-29 05:00:00,-0.0004429287
2025-08-29 06:00:00,-0.010062866
2025-08-29 07:00:00,-0.0119751127
2025-08-29 08:00:00,-0.0091906557
2025-08-29 09:00:00,0.007921735
2025-08-29 10:00:00,-0.0007258211
2025-08-29 11:00:00,-0.0016350263
2025-08-29 12:00:00,0.008328855
2025-08-29 13:00:00,-0.0086925575
2025-08-29 14:00:00,-0.0020027317
2025-08-29 15:00:00,0.0018208308
2025-08-29 16:00:00,0.0008182934
2025-08-29 17:00:00,-0.0042807115
2025-08-29 18:00:00,-0.0039325123
2025-08-29 19:00:00,0.0040237823
2025-08-29 20:00:00,-0.0010957904
2025-08-29 21:00:00,0.004557893
2025-08-29 22:00:00,-0.001820665
2025-08-29 23:00:00,0.0010927968
2025-08-30 00:00:00,-0.0011839171
2025-08-30 01:00:00,-0.0097981646
2025-08-30 02:00:00,0.0087040725
2025-08-30 03:00:00,0.0089002495
2025-08-30 04:00:00,-0.0020817313
2025-08-30 05:00:00,0.0019008831
2025-08-30 06:00:00,0.00027126
2025-08-30 07:00:00,0.0
2025-08-30 08:00:00,0.0020772191
2025-08-30 09:00:00,-0.0017156535
2025-08-30 10:00:00,-0.0007232619
2025-08-30 11:00:00,9.04364e-05
2025-08-30 12:00:00,-0.0051679702
2025-08-30 13:00:00,-0.0002727397
2025-08-30 14:00:00,0.000545405
2025-08-30 15:00:00,0.0040810831
2025-08-30 16:00:00,-0.0008148853
2025-08-30 17:00:00,-0.0029027597
2025-08-30 18:00:00,-0.0001817026
2025-08-30 19:00:00,0.0019062321
2025-08-30 20:00:00,-0.0032700547
2025-08-30 21:00:00,0.000636682
2025-08-30 22:00:00,0.0049884462
2025-08-30 23:00:00,0.0027105185
2025-08-31 00:00:00,0.0075505977
2025-08-31 01:00:00,-0.0001791152
2025-08-31 02:00:00,-0.0009857073
2025-08-31 03:00:00,0.0028648184
2025-08-31 04:00:00,-0.0074476543
2025-08-31 05:00:00,0.0001801153
2025-08-31 06:00:00,-0.002253776
2025-08-31 07:00:00,0.0030638935
2025-08-31 08:00:00,0.0041303821
2025-08-31 09:00:00,-0.0022426562
2025-08-31 10:00:00,-0.0013480119
2025-08-31 11:00:00,0.0015276096
2025-08-31 12:00:00,-0.0015276096
2025-08-31 13:00:00,-0.0019803769
2025-08-31 14:00:00,-0.0069623682
2025-08-31 15:00:00,0.0049780616
2025-08-31 16:00:00,-0.0033461483
2025-08-31 17:00:00,9.05838e-05
2025-08-31 18:00:00,0.002804036
2025-08-31 19:00:00,-0.0044358014
2025-08-31 20:00:00,0.0014505896
2025-08-31 21:00:00,0.0003623188
2025-08-31 22:00:00,-0.0048114114
2025-08-31 23:00:00,-0.0091416671
2025-09-01 00:00:00,-0.0006430573
2025-09-01 01:00:00,9.18907e-05
2025-09-01 02:00:00,-0.0104374475
2025-09-01 03:00:00,0.0044469223
2025-09-01 04:00:00,-0.005654708
2025-09-01 05:00:00,0.005839568
2025-09-01 06:00:00,0.0035058621
2025-09-01 07:00:00,0.017166236
2025-09-01 08:00:00,0.0065869852
2025-09-01 09:00:00,-0.0073114917
2025-09-01 10:00:00,-0.0053595078
2025-09-01 11:00:00,-0.0012759754
2025-09-01 12:00:00,0.0027322421
2025-09-01 13:00:00,0.0007273389
2025-09-01 14:00:00,-0.0005454546
2025-09-01 15:00:00,-0.0038265353
2025-09-01 16:00:00,-0.0054002236
2025-09-01 17:00:00,-0.0042306694
2025-09-01 18:00:00,0.0026692455
2025-09-01 19:00:00,0.005225774
2025-09-01 20:00:00,-0.00761856
2025-09-01 21:00:00,-0.0150392734
2025-09-01 22:00:00,0.001308656
2025-09-01 23:00:00,0.01557173
2025-09-02 00:00:00,0.0045880058
2025-09-02 01:00:00,0.0015551391
2025-09-02 02:00:00,0.003011913
2025-09-02 03:00:00,0.0049997832
2025-09-02 04:00:00,0.0025357739
2025-09-02 05:00:00,0.00063294
2025-09-02 06:00:00,0.0054088296
2025-09-02 07:00:00,-0.0064036295
2025-09-02 08:00:00,-0.0001809791
2025-09-02 09:00:00,-0.0005431339
2025-09-02 10:00:00,0.0034348764
2025-09-02 11:00:00,-0.0049753597
2025-09-02 12:00:00,-0.0131448721
2025-09-02 13:00:00,0.0249547907
2025-09-02 14:00:00,-0.0032316007
2025-09-02 15:00:00,-0.0150378774
2025-09-02 16:00:00,0.0080000427
2025-09-02 17:00:00,-0.0009058792
2025-09-02 18:00:00,-0.0025408362
2025-09-02 19:00:00,-0.0055578477
2025-09-02 20:00:00,0.0145127264
2025-09-02 21:00:00,0.0089646499
2025-09-02 22:00:00,-0.0033075612
2025-09-02 23:00:00,0.0003581021
2025-09-03 00:00:00,-0.0041259364
2025-09-03 01:00:00,0.0009881868
2025-09-03 02:00:00,0.0017942052
2025-09-03 03:00:00,-0.000806994
2025-09-03 04:00:00,-8.97062e-05
2025-09-03 05:00:00,-0.000897505
2025-09-03 06:00:00,0.0019734488
2025-09-03 07:00:00,0.0016117482
2025-09-03 08:00:00,0.0007154995
2025-09-03 09:00:00,0.004104217
2025-09-03 10:00:00,-0.0016931787
2025-09-03 11:00:00,-0.0012494424
2025-09-03 12:00:00,-0.0030408753
2025-09-03 13:00:00,0.0079404441
2025-09-03 14:00:00,0.005759619
2025-09-03 15:00:00,-0.0023884305
2025-09-03 16:00:00,-0.0033711884
2025-09-03 17:00:00,0.0016870148
2025-09-03 18:00:00,-0.0034658999
2025-09-03 19:00:00,0.0043526607
2025-09-03 20:00:00,-0.0029292995
2025-09-03 21:00:00,0.0049658699
2025-09-03 22:00:00,0.0003537632
2025-09-03 23:00:00,-0.0007961432
2025-09-04 00:00:00,0.0005308325
2025-09-04 01:00:00,-0.0008848775
2025-09-04 02:00:00,-0.0075532416
2025-09-04 03:00:00,-0.0037533556
2025-09-04 04:00:00,-0.0009853541
2025-09-04 05:00:00,-0.0032316007
2025-09-04 06:00:00,-0.0022503272
2025-09-04 07:00:00,0.0044956019
2025-09-04 08:00:00,-0.0027848915
2025-09-04 09:00:00,-0.000179937
2025-09-04 10:00:00,-0.0015307733
2025-09-04 11:00:00,0.0009907679
2025-09-04 12:00:00,0.0019785958
2025-09-04 13:00:00,-0.0044122353
2025-09-04 14:00:00,-0.0031635585
2025-09-04 15:00:00,-0.0034460903
2025-09-04 16:00:00,-0.0019095255
2025-09-04 17:00:00,0.0015460873
2025-09-04 18:00:00,-0.0002726653
2025-09-04 19:00:00,-0.0008184423
2025-09-04 20:00:00,0.0067999718
2025-09-04 21:00:00,0.003157565
2025-09-04 22:00:00,0.0053898801
2025-09-04 23:00:00,-0.0049396122
2025-09-05 00:00:00,0.0042226378
2025-09-05 01:00:00,0.0072357277
2025-09-05 02:00:00,-0.0031201273
2025-09-05 03:00:00,-0.006269613
2025-09-05 04:00:00,0.0030501504
2025-09-05 05:00:00,0.0009848248
2025-09-05 06:00:00,0.0012520123
2025-09-05 07:00:00,0.0117282553
2025-09-05 08:00:00,-0.000972118
2025-09-05 09:00:00,0.0010604455
2025-09-05 10:00:00,-0.0033619425
2025-09-05 11:00:00,0.0004430071
2025-09-05 12:00:00,0.0107490022
2025-09-05 13:00:00,0.0058543572
2025-09-05 14:00:00,-0.0253222759
2025-09-05 15:00:00,0.0038350103
2025-09-05 16:00:00,0.0039090313
2025-09-05 17:00:00,-0.0031082126
2025-09-05 18:00:00,0.0058531561
2025-09-05 19:00:00,0.0011488667
2025-09-05 20:00:00,0.0001766316
2025-09-05 21:00:00,-0.0103857842
2025-09-05 22:00:00,0.0039184305
2025-09-05 23:00:00,-0.0037399865
2025-09-06 00:00:00,0.0020498202
2025-09-06 01:00:00,0.0012456626
2025-09-06 02:00:00,-0.0006226373
2025-09-06 03:00:00,-0.0016028499
2025-09-06 04:00:00,-0.005092707
2025-09-06 05:00:00,-0.0012548178
2025-09-06 06:00:00,-0.0005382614
2025-09-06 07:00:00,0.0018826488
2025-09-06 08:00:00,0.001253133
2025-09-06 09:00:00,-0.0020595485
2025-09-06 10:00:00,0.0006272683
2025-09-06 11:00:00,0.0005373455
2025-09-06 12:00:00,-0.0012542557
2025-09-06 13:00:00,-0.0001793079
2025-09-06 14:00:00,0.000896218
2025-09-06 15:00:00,-0.000896218
2025-09-06 16:00:00,0.0057219647
2025-09-06 17:00:00,-0.0015167064
2025-09-06 18:00:00,0.0015167064
2025-09-06 19:00:00,0.0012473273
2025-09-06 20:00:00,8.90353e-05
2025-09-06 21:00:00,-0.0033889268
2025-09-06 22:00:00,-0.0003573981
2025-09-06 23:00:00,0.0022316456
2025-09-07 00:00:00,0.0032048456
2025-09-07 01:00:00,0.0023969118
2025-09-07 02:00:00,0.0025680776
2025-09-07 03:00:00,-0.0018589834
2025-09-07 04:00:00,0.0008856612
2025-09-07 05:00:00,0.0058257734
2025-09-07 06:00:00,-0.0016736406
2025-09-07 07:00:00,0.0030808528
2025-09-07 08:00:00,0.0016684965
2025-09-07 09:00:00,0.0019284718
2025-09-07 10:00:00,0.0002626855
2025-09-07 11:00:00,-0.0005254401
2025-09-07 12:00:00,0.0061130223
2025-09-07 13:00:00,0.0034764506
2025-09-07 14:00:00,-0.0044345971
2025-09-07 15:00:00,-0.0006102079
2025-09-07 16:00:00,-0.000872372
2025-09-07 17:00:00,-0.0023592129
2025-09-07 18:00:00,-0.0007000963
2025-09-07 19:00:00,0.0018367084
2025-09-07 20:00:00,-0.0022745176
2025-09-07 21:00:00,-0.0007885399
2025-09-07 22:00:00,0.0067263848
2025-09-07 23:00:00,0.0006962576
2025-09-08 00:00:00,-0.0043595849
2025-09-08 01:00:00,-0.0042031586
2025-09-08 02:00:00,0.0083887245
2025-09-08 03:00:00,-0.0029629651
2025-09-08 04:00:00,-0.0145936656
2025-09-08 05:00:00,0.0011505953
2025-09-08 06:00:00,-0.0042549484
2025-09-08 07:00:00,0.0026614636
2025-09-08 08:00:00,0.0014165562
2025-09-08 09:00:00,0.0042376686
2025-09-08 10:00:00,8.80941e-05
2025-09-08 11:00:00,-0.0022929722
2025-09-08 12:00:00,-0.0011484607
2025-09-08 13:00:00,-0.0017694422
2025-09-08 14:00:00,0.0040650462
2025-09-08 15:00:00,0.0002645386
2025-09-08 16:00:00,-0.0030022098
2025-09-08 17:00:00,-0.0015930617
2025-09-08 18:00:00,0.0020351288
2025-09-08 19:00:00,-0.0062957424
2025-09-08 20:00:00,-0.0027613254
2025-09-08 21:00:00,0.0046275779
2025-09-08 22:00:00,-0.0017773043
2025-09-08 23:00:00,0.0030195405
2025-09-09 00:00:00,0.0032756437
2025-09-09 01:00:00,-0.000618894
2025-09-09 02:00:00,-0.0102227656
2025-09-09 03:00:00,0.0035676099
2025-09-09 04:00:00,0.0049733673
2025-09-09 05:00:00,0.0015048912
2025-09-09 06:00:00,0.005733202
2025-09-09 07:00:00,0.0026350476
2025-09-09 08:00:00,0.0025406295
2025-09-09 09:00:00,-0.0014885516
2025-09-09 10:00:00,-0.0043909792
2025-09-09 11:00:00,-0.0011448198
2025-09-09 12:00:00,0.0007046596
2025-09-09 13:00:00,0.001495755
2025-09-09 14:00:00,-0.0126522369
2025-09-09 15:00:00,-0.0087641412
2025-09-09 16:00:00,0.0035864828
2025-09-09 17:00:00,-0.0008058379
2025-09-09 18:00:00,0.0027729344
2025-09-09 19:00:00,-0.0004467277
2025-09-09 20:00:00,0.002320808
2025-09-09 21:00:00,-0.0054535024
2025-09-09 22:00:00,0.002864562
2025-09-09 23:00:00,0.000536193
2025-09-10 00:00:00,-0.0016094424
2025-09-10 01:00:00,0.0032162987
2025-09-10 02:00:00,0.0076417646
2025-09-10 03:00:00,-0.000354139
2025-09-10 04:00:00,-0.0016838751
2025-09-10 05:00:00,-0.0003548616
2025-09-10 06:00:00,0.0012414651
2025-09-10 07:00:00,0.002478316
2025-09-10 08:00:00,-0.0011498829
2025-09-10 09:00:00,0.0007962136
2025-09-10 10:00:00,-0.0018588189
2025-09-10 11:00:00,0.0009740979
2025-09-10 12:00:00,0.0079344505
2025-09-10 13:00:00,0.0086557917
2025-09-10 14:00:00,-0.0070764284
2025-09-10 15:00:00,0.0032386566
2025-09-10 16:00:00,0.0162097772
2025-09-10 17:00:00,0.0013748069
2025-09-10 18:00:00,-0.0040438859
2025-09-10 19:00:00,-0.0038871901
2025-09-10 20:00:00,-0.0017325022
2025-09-10 21:00:00,0.0047571772
2025-09-10 22:00:00,0.0031015791
2025-09-10 23:00:00,0.012141052
2025-09-11 00:00:00,-0.0077635505
2025-09-11 01:00:00,0.0004281372
2025-09-11 02:00:00,-0.005666224
2025-09-11 03:00:00,0.0041240715
2025-09-11 04:00:00,-0.0009435986
2025-09-11 05:00:00,-0.0015459936
2025-09-11 06:00:00,0.0054860415
2025-09-11 07:00:00,0.0023054273
2025-09-11 08:00:00,-0.0018780951
2025-09-11 09:00:00,-0.0020528619
2025-09-11 10:00:00,0.0053798003
2025-09-11 11:00:00,-0.0042673104
2025-09-11 12:00:00,-0.0044574049
2025-09-11 13:00:00,-0.0011174626
2025-09-11 14:00:00,-0.0199798168
2025-09-11 15:00:00,0.0007893699
2025-09-11 16:00:00,0.0024518401
2025-09-11 17:00:00,0.0038407868
2025-09-11 18:00:00,0.0006096765
2025-09-11 19:00:00,0.0026086971
2025-09-11 20:00:00,0.0016486619
2025-09-11 21:00:00,-8.67039e-05
2025-09-11 22:00:00,0.00587881
2025-09-11 23:00:00,-0.0008623664
2025-09-12 00:00:00,0.0039607422
2025-09-12 01:00:00,-0.0119296021
2025-09-12 02:00:00,0.0078825823
2025-09-12 03:00:00,-0.0025917941
2025-09-12 04:00:00,-8.65089e-05
2025-09-12 05:00:00,0.006037624
2025-09-12 06:00:00,-0.0019797725
2025-09-12 07:00:00,-0.0025882164
2025-09-12 08:00:00,8.63819e-05
2025-09-12 09:00:00,-0.0001727713
2025-09-12 10:00:00,-0.0012102353
2025-09-12 11:00:00,-0.0011251029
2025-09-12 12:00:00,0.0006059819
2025-09-12 13:00:00,0.0038006438
2025-09-12 14:00:00,0.0067022076
2025-09-12 15:00:00,-0.0016284555
2025-09-12 16:00:00,0.0053894651
2025-09-12 17:00:00,0.0024711358
2025-09-12 18:00:00,-0.0018740954
2025-09-12 19:00:00,0.0010226693
2025-09-12 20:00:00,0.0034013638
2025-09-12 21:00:00,-0.0032310206
2025-09-12 22:00:00,0.0037402288
2025-09-12 23:00:00,0.0021189142
2025-09-13 00:00:00,0.0023678658
2025-09-13 01:00:00,-0.0043171016
2025-09-13 02:00:00,0.0001696497
2025-09-13 03:00:00,0.0016949157
2025-09-13 04:00:00,-0.0017797369
2025-09-13 05:00:00,0.0048233645
2025-09-13 06:00:00,0.0041278859
2025-09-13 07:00:00,-0.0009251862
2025-09-13 08:00:00,0.007210562
2025-09-13 09:00:00,0.0039187944
2025-09-13 10:00:00,-0.0014990009
2025-09-13 11:00:00,0.0058997221
2025-09-13 12:00:00,-0.0042343041
2025-09-13 13:00:00,-0.0052554865
2025-09-13 14:00:00,0.0027563183
2025-09-13 15:00:00,-0.006947088
2025-09-13 16:00:00,-0.0031125157
2025-09-13 17:00:00,0.011559854
2025-09-13 18:00:00,-0.0032533918
2025-09-13 19:00:00,-0.0025098315
2025-09-13 20:00:00,0.0035954719
2025-09-13 21:00:00,0.0015845881
2025-09-13 22:00:00,-0.00518006
2025-09-13 23:00:00,-0.0007541794
2025-09-14 00:00:00,-0.0036953095
2025-09-14 01:00:00,-0.0034556906
2025-09-14 02:00:00,-0.0056729334
2025-09-14 03:00:00,-0.0119587997
2025-09-14 04:00:00,0.004201867
2025-09-14 05:00:00,0.0058871379
2025-09-14 06:00:00,-0.003323253
2025-09-14 07:00:00,-0.0025638848
2025-09-14 08:00:00,8.55688e-05
2025-09-14 09:00:00,0.001538988
2025-09-14 10:00:00,-0.0033374726
2025-09-14 11:00:00,-0.009214274
2025-09-14 12:00:00,-0.001471798
2025-09-14 13:00:00,-0.0037324812
2025-09-14 14:00:00,-0.0022636262
2025-09-14 15:00:00,0.0006099421
2025-09-14 16:00:00,0.0015667163
2025-09-14 17:00:00,0.0042525558
2025-09-14 18:00:00,-0.003296325
2025-09-14 19:00:00,0.0007816911
2025-09-14 20:00:00,0.0018215731
2025-09-14 21:00:00,0.0019912564
2025-09-14 22:00:00,0.0025913464
2025-09-14 23:00:00,-0.005970167
2025-09-15 00:00:00,0.0018207834
2025-09-15 01:00:00,0.0013850418
2025-09-15 02:00:00,0.0013831261
2025-09-15 03:00:00,0.0006045166
2025-09-15 04:00:00,0.0007766991
2025-09-15 05:00:00,0.006534847
2025-09-15 06:00:00,-0.0078296808
2025-09-15 07:00:00,-0.0064994379
2025-09-15 08:00:00,-0.0187807187
2025-09-15 09:00:00,0.0075898343
2025-09-15 10:00:00,-0.0018480227
2025-09-15 11:00:00,0.0036926365
2025-09-15 12:00:00,-0.0058088528
2025-09-15 13:00:00,0.0057210912
2025-09-15 14:00:00,-0.0096124908
2025-09-15 15:00:00,0.0030966625
2025-09-15 16:00:00,-0.0082494813
2025-09-15 17:00:00,0.0074541121
2025-09-15 18:00:00,0.0034420404
2025-09-15 19:00:00,-0.001940207
2025-09-15 20:00:00,0.001587722
2025-09-15 21:00:00,0.0020250942
2025-09-15 22:00:00,-0.0002639103
2025-09-15 23:00:00,0.0009673307
2025-09-16 00:00:00,-0.0026403817
2025-09-16 01:00:00,-0.0024706622
2025-09-16 02:00:00,-0.0016800039
2025-09-16 03:00:00,-0.0026583977
2025-09-16 04:00:00,0.003984951
2025-09-16 05:00:00,0.0087990009
2025-09-16 06:00:00,-0.0029829817
2025-09-16 07:00:00,0.0086610926
2025-09-16 08:00:00,-0.0023546865
2025-09-16 09:00:00,0.0038344274
2025-09-16 10:00:00,-0.0060196474
2025-09-16 11:00:00,0.0004374262
2025-09-16 12:00:00,0.0001749169
2025-09-16 13:00:00,0.0015728769
2025-09-16 14:00:00,0.0006982631
2025-09-16 15:00:00,0.0040055783
2025-09-16 16:00:00,0.0007818269
2025-09-16 17:00:00,0.0005208786
2025-09-16 18:00:00,-0.0024330912
2025-09-16 19:00:00,0.0026066571
2025-09-16 20:00:00,-0.0032158561
2025-09-16 21:00:00,0.005382892
2025-09-16 22:00:00,-0.0014730734
2025-09-16 23:00:00,-0.0022571413
2025-09-17 00:00:00,0.0010423906
2025-09-17 01:00:00,0.0005207881
2025-09-17 02:00:00,0.0038972898
2025-09-17 03:00:00,-0.0078969474
2025-09-17 04:00:00,-0.0059419958
2025-09-17 05:00:00,0.0062033312
2025-09-17 06:00:00,0.0050391071
2025-09-17 07:00:00,-0.0006935414
2025-09-17 08:00:00,-0.0010412148
2025-09-17 09:00:00,-0.0049606298
2025-09-17 10:00:00,-0.004021336
2025-09-17 11:00:00,0.0006129866
2025-09-17 12:00:00,0.0010499607
2025-09-17 13:00:00,8.7447e-05
2025-09-17 14:00:00,-0.0036793734
2025-09-17 15:00:00,-0.0003511236
2025-09-17 16:00:00,0.0037681331
2025-09-17 17:00:00,-0.0026274319
2025-09-17 18:00:00,-0.0034260147
2025-09-17 19:00:00,0.0115486848
2025-09-17 20:00:00,-0.0046209594
2025-09-17 21:00:00,0.0102591754
2025-09-17 22:00:00,0.0140859496
2025-09-17 23:00:00,-0.0018780951
2025-09-18 00:00:00,-0.000170911
2025-09-18 01:00:00,0.0040087051
2025-09-18 02:00:00,0.0009358915
2025-09-18 03:00:00,0.0022934816
2025-09-18 04:00:00,-0.0030591458
2025-09-18 05:00:00,-0.0051194651
2025-09-18 06:00:00,-0.0154306756
2025-09-18 07:00:00,0.0032957532
2025-09-18 08:00:00,0.0046648322
2025-09-18 09:00:00,-0.0008622177
2025-09-18 10:00:00,-0.0050155761
2025-09-18 11:00:00,0.0040662772
2025-09-18 12:00:00,-0.0005181795
2025-09-18 13:00:00,0.0026743751
2025-09-18 14:00:00,0.0023234811
2025-09-18 15:00:00,0.006255108
2025-09-18 16:00:00,0.001706922
2025-09-18 17:00:00,0.0077299174
2025-09-18 18:00:00,0.0053166926
2025-09-18 19:00:00,-0.0024438558
2025-09-18 20:00:00,0.0025280202
2025-09-18 21:00:00,-0.0051470392
2025-09-18 22:00:00,-0.0008463101
2025-09-18 23:00:00,0.0015228429
2025-09-19 00:00:00,0.0074957188
2025-09-19 01:00:00,-0.0031935484
2025-09-19 02:00:00,-0.0062484371
2025-09-19 03:00:00,-0.0070551527
2025-09-19 04:00:00,0.0017045943
2025-09-19 05:00:00,-0.0001703287
2025-09-19 06:00:00,-0.0052946324
2025-09-19 07:00:00,0.0072516634
2025-09-19 08:00:00,-0.0046862438
2025-09-19 09:00:00,-0.0053950035
2025-09-19 10:00:00,0.0017158549
2025-09-19 11:00:00,-0.0071401224
2025-09-19 12:00:00,0.000431574
2025-09-19 13:00:00,0.0028437263
2025-09-19 14:00:00,-0.0051764415
2025-09-19 15:00:00,-0.0002595268
2025-09-19 16:00:00,-0.0005192557
2025-09-19 17:00:00,-0.0083449719
2025-09-19 18:00:00,-0.0053389475
2025-09-19 19:00:00,-0.0006144933
2025-09-19 20:00:00,0.000175608
2025-09-19 21:00:00,0.0037681331
2025-09-19 22:00:00,0.0001749169
2025-09-19 23:00:00,-0.0020133941
2025-09-20 00:00:00,0.0036735806
2025-09-20 01:00:00,-0.0028852479
2025-09-20 02:00:00,0.000875197
2025-09-20 03:00:00,0.0006121824
2025-09-20 04:00:00,0.0001748405
2025-09-20 05:00:00,0.0028804629
2025-09-20 06:00:00,-0.0011337375
2025-09-20 07:00:00,0.0054823267
2025-09-20 08:00:00,-0.0072290521
2025-09-20 09:00:00,-0.0035903537
2025-09-20 10:00:00,-0.0027232415
2025-09-20 11:00:00,0.0031617803
2025-09-20 12:00:00,-0.0001753924
2025-09-20 13:00:00,-0.0012286092
2025-09-20 14:00:00,0.0046432253
2025-09-20 15:00:00,0.0030545034
2025-09-20 16:00:00,-0.0008717636
2025-09-20 17:00:00,-0.0034946742
2025-09-20 18:00:00,-0.0036825995
2025-09-20 19:00:00,0.0005269167
2025-09-20 20:00:00,0.0021925025
2025-09-20 21:00:00,0.0003503547
2025-09-20 22:00:00,0.0004377709
2025-09-20 23:00:00,-0.001927627
2025-09-21 00:00:00,0.0028025942
2025-09-21 01:00:00,-0.002890302
2025-09-21 02:00:00,0.0035023239
2025-09-21 03:00:00,0.0009609925
2025-09-21 04:00:00,-0.0020104023
2025-09-21 05:00:00,0.0048878512
2025-09-21 06:00:00,0.0010442956
2025-09-21 07:00:00,0.0039930609
2025-09-21 08:00:00,-0.0015606038
2025-09-21 09:00:00,0.0019070741
2025-09-21 10:00:00,-0.0042525558
2025-09-21 11:00:00,-0.0013054264
2025-09-21 12:00:00,-0.0006097827
2025-09-21 13:00:00,0.0030452018
2025-09-21 14:00:00,-0.0023483377
2025-09-21 15:00:00,0.005817251
2025-09-21 16:00:00,-0.0026005563
2025-09-21 17:00:00,0.006143748
2025-09-21 18:00:00,-0.0046692692
2025-09-21 19:00:00,-0.0003467406
2025-09-21 20:00:00,-0.0024305568
2025-09-21 21:00:00,-0.0006085634
2025-09-21 22:00:00,8.69603e-05
2025-09-21 23:00:00,-0.0082075026
2025-09-22 00:00:00,-0.0205498817
2025-09-22 01:00:00,0.002413409
2025-09-22 02:00:00,-0.0108613787
2025-09-22 03:00:00,0.0063874987
2025-09-22 04:00:00,-0.0018850147
2025-09-22 05:00:00,-0.0153006471
2025-09-22 06:00:00,-0.0240997768
2025-09-22 07:00:00,-0.0140230993
2025-09-22 08:00:00,0.0017991577
2025-09-22 09:00:00,-0.0036965115
2025-09-22 10:00:00,0.005303545
2025-09-22 11:00:00,-0.0014178366
2025-09-22 12:00:00,0.0044358527
2025-09-22 13:00:00,0.0029150427
2025-09-22 14:00:00,-0.0050833207
2025-09-22 15:00:00,-0.0052990283
2025-09-22 16:00:00,-0.0016142054
2025-09-22 17:00:00,0.0025625222
2025-09-22 18:00:00,-0.0036083982
2025-09-22 19:00:00,-0.0033350834
2025-09-22 20:00:00,0.0109166208
2025-09-22 21:00:00,0.0018864371
2025-09-22 22:00:00,-0.0025475317
2025-09-22 23:00:00,-0.0006615319
2025-09-23 00:00:00,-0.0022714377
2025-09-23 01:00:00,0.000284212
2025-09-23 02:00:00,-0.0063667246
2025-09-23 03:00:00,0.0132577699
2025-09-23 04:00:00,-0.0022603136
2025-09-23 05:00:00,-0.0026435061
2025-09-23 06:00:00,0.0066896184
2025-09-23 07:00:00,-0.0012215177
2025-09-23 08:00:00,0.001033689
2025-09-23 09:00:00,-0.0044241612
2025-09-23 10:00:00,0.0040483979
2025-09-23 11:00:00,0.0017836193
2025-09-23 12:00:00,0.0034642608
2025-09-23 13:00:00,-0.004590387
2025-09-23 14:00:00,9.38923e-05
2025-09-23 15:00:00,0.0030935108
2025-09-23 16:00:00,-0.0015924316
2025-09-23 17:00:00,-0.0100815854
2025-09-23 18:00:00,0.0042523097
2025-09-23 19:00:00,-0.0010377849
2025-09-23 20:00:00,0.0049903592
2025-09-23 21:00:00,-0.000187864
2025-09-23 22:00:00,0.0
2025-09-23 23:00:00,-0.0031990995
2025-09-24 00:00:00,0.0052636648
2025-09-24 01:00:00,0.0081229147
2025-09-24 02:00:00,-0.0031666227
2025-09-24 03:00:00,-0.0128622155
2025-09-24 04:00:00,0.0069680131
2025-09-24 05:00:00,0.0068266034
2025-09-24 06:00:00,-0.0032672141
2025-09-24 07:00:00,-0.0009354538
2025-09-24 08:00:00,-0.0001871958
2025-09-24 09:00:00,0.0010291436
2025-09-24 10:00:00,0.0014016729
2025-09-24 11:00:00,0.0013064578
2025-09-24 12:00:00,-0.0073946141
2025-09-24 13:00:00,-0.0005638568
2025-09-24 14:00:00,0.0094494786
2025-09-24 15:00:00,-0.0048539253
2025-09-24 16:00:00,-0.0019669374
2025-09-24 17:00:00,0.0009371194
2025-09-24 18:00:00,-0.0036597423
2025-09-24 19:00:00,-0.0013170275
2025-09-24 20:00:00,0.0006587306
2025-09-24 21:00:00,-0.0036756085
2025-09-24 22:00:00,0.0005663583
2025-09-24 23:00:00,-0.0037817952
2025-09-25 00:00:00,-0.0032258092
2025-09-25 01:00:00,-0.0019024071
2025-09-25 02:00:00,0.0045597115
2025-09-25 03:00:00,-0.0059888957
2025-09-25 04:00:00,-0.009773001
2025-09-25 05:00:00,0.0075776105
2025-09-25 06:00:00,-0.0075776105
2025-09-25 07:00:00,0.0011547345
2025-09-25 08:00:00,0.0005768676
2025-09-25 09:00:00,-0.0018278903
2025-09-25 10:00:00,-0.0042458811
2025-09-25 11:00:00,0.0002900653
2025-09-25 12:00:00,0.0053030062
2025-09-25 13:00:00,-0.0004809311
2025-09-25 14:00:00,0.0089076783
2025-09-25 15:00:00,-0.003056062
2025-09-25 16:00:00,-0.0128027932
2025-09-25 17:00:00,-0.0225345089
2025-09-25 18:00:00,0.022146912
2025-09-25 19:00:00,-0.0048576798
2025-09-25 20:00:00,-0.0026329919
2025-09-25 21:00:00,0.0052590694
2025-09-25 22:00:00,-0.004185532
2025-09-25 23:00:00,-0.0027349109
2025-09-26 00:00:00,0.0132143392
2025-09-26 01:00:00,0.0001930316
2025-09-26 02:00:00,-0.0032866148
2025-09-26 03:00:00,-0.0009687107
2025-09-26 04:00:00,-0.0003877472
2025-09-26 05:00:00,-0.0011641445
2025-09-26 06:00:00,0.0001941182
2025-09-26 07:00:00,-0.0001941182
2025-09-26 08:00:00,-0.0015543038
2025-09-26 09:00:00,-0.0073181768
2025-09-26 10:00:00,-0.0042200367
2025-09-26 11:00:00,0.0031421864
2025-09-26 12:00:00,0.0092706202
2025-09-26 13:00:00,0.0039746066
2025-09-26 14:00:00,-0.0045575836
2025-09-26 15:00:00,0.0059111563
2025-09-26 16:00:00,0.0052999401
2025-09-26 17:00:00,0.006609536
2025-09-26 18:00:00,-0.0009552011
2025-09-26 19:00:00,-0.0040218382
2025-09-26 20:00:00,-0.0018247304
2025-09-26 21:00:00,0.0038376714
2025-09-26 22:00:00,0.0010527828
2025-09-26 23:00:00,0.0008605441
2025-09-27 00:00:00,-0.0029672192
2025-09-27 01:00:00,-0.0038417258
2025-09-27 02:00:00,-0.0026015335
2025-09-27 03:00:00,0.0026977567
2025-09-27 04:00:00,-0.0007700453
2025-09-27 05:00:00,0.0003850968
2025-09-27 06:00:00,0.0005773672
2025-09-27 07:00:00,-0.0015403873
2025-09-27 08:00:00,-0.0011568496
2025-09-27 09:00:00,0.0047154011
2025-09-27 10:00:00,0.0018224551
2025-09-27 11:00:00,-0.0031674452
2025-09-27 12:00:00,0.0045081847
2025-09-27 13:00:00,-0.0010532868
2025-09-27 14:00:00,0.0026789147
2025-09-27 15:00:00,0.0030528549
2025-09-27 16:00:00,-0.0009530164
2025-09-27 17:00:00,-0.0021953906
2025-09-27 18:00:00,-0.0013386883
2025-09-27 19:00:00,0.0012431271
2025-09-27 20:00:00,9.55612e-05
2025-09-27 21:00:00,0.0007641609
2025-09-27 22:00:00,0.000190949
2025-09-27 23:00:00,-0.0020067855
2025-09-28 00:00:00,-0.0030657238
2025-09-28 01:00:00,-0.0027864539
2025-09-28 02:00:00,-0.0012516249
2025-09-28 03:00:00,0.0016364253
2025-09-28 04:00:00,-9.61862e-05
2025-09-28 05:00:00,0.0008653431
2025-09-28 06:00:00,-0.0009615385
2025-09-28 07:00:00,0.0020181642
2025-09-28 08:00:00,-0.0032695481
2025-09-28 09:00:00,-0.0025074755
2025-09-28 10:00:00,0.0006757083
2025-09-28 11:00:00,-0.002125194
2025-09-28 12:00:00,-0.0016452943
2025-09-28 13:00:00,0.0082956008
2025-09-28 14:00:00,0.0015358037
2025-09-28 15:00:00,0.00335137
2025-09-28 16:00:00,0.0021008411
2025-09-28 17:00:00,0.0029528049
2025-09-28 18:00:00,0.0025647129
2025-09-28 19:00:00,0.0022742358
2025-09-28 20:00:00,0.0025523481
2025-09-28 21:00:00,0.0019806656
2025-09-28 22:00:00,0.0078836635
2025-09-28 23:00:00,-0.0010288548
2025-09-29 00:00:00,0.0006548482
2025-09-29 01:00:00,-0.0020595401
2025-09-29 02:00:00,0.0012175136
2025-09-29 03:00:00,-0.0026241814
2025-09-29 04:00:00,-0.0024429214
2025-09-29 05:00:00,-0.0010353429
2025-09-29 06:00:00,-0.0038684768
2025-09-29 07:00:00,0.0029263248
2025-09-29 08:00:00,0.0024477512
2025-09-29 09:00:00,-0.0037682569
2025-09-29 10:00:00,-0.0004720321
2025-09-29 11:00:00,-0.0009447332
2025-09-29 12:00:00,-0.0019868496
2025-09-29 13:00:00,0.0096136461
2025-09-29 14:00:00,0.0014060086
2025-09-29 15:00:00,-0.0036597423
2025-09-29 16:00:00,-0.0048061158
2025-09-29 17:00:00,0.0037714546
2025-09-29 18:00:00,-0.0034881016
2025-09-29 19:00:00,0.0050866726
2025-09-29 20:00:00,0.0073020358
2025-09-29 21:00:00,-0.0016803589
2025-09-29 22:00:00,0.000186846
2025-09-29 23:00:00,-0.0020572291
2025-09-30 00:00:00,-0.001686341
2025-09-30 01:00:00,0.0036501515
2025-09-30 02:00:00,-0.0058090672
2025-09-30 03:00:00,0.0005636449
2025-09-30 04:00:00,-0.0011276077
2025-09-30 05:00:00,0.0007518797
2025-09-30 06:00:00,-0.0016925251
2025-09-30 07:00:00,-0.0035825437
2025-09-30 08:00:00,-0.0017960963
2025-09-30 09:00:00,-0.0018941193
2025-09-30 10:00:00,-0.0003792548
2025-09-30 11:00:00,0.000474046
2025-09-30 12:00:00,-0.0024674967
2025-09-30 13:00:00,-0.0004752174
2025-09-30 14:00:00,-0.0001901502
2025-09-30 15:00:00,-0.0059126627
2025-09-30 16:00:00,-0.0012441979
2025-09-30 17:00:00,0.0006701451
2025-09-30 18:00:00,0.0074371052
2025-09-30 19:00:00,0.01480391
2025-09-30 20:00:00,0.0058793506
2025-09-30 21:00:00,-0.0076592939
2025-09-30 22:00:00,-0.0019709988
2025-09-30 23:00:00,0.0039381204
2025-10-01 00:00:00,-0.0037502388
2025-10-01 01:00:00,0.0059936497
2025-10-01 02:00:00,-0.0086272103
2025-10-01 03:00:00,-0.0033962297
2025-10-01 04:00:00,0.0034904049
2025-10-01 05:00:00,0.0024454489
2025-10-01 06:00:00,-0.0089644384
2025-10-01 07:00:00,0.0048224764
2025-10-01 08:00:00,0.0275391857
2025-10-01 09:00:00,0.0138524041
2025-10-01 10:00:00,-0.0094571952
2025-10-01 11:00:00,0.0088234529
2025-10-01 12:00:00,0.0030744214
2025-10-01 13:00:00,0.0011730207
2025-10-01 14:00:00,0.0027017308
2025-10-01 15:00:00,0.0017073284
2025-10-01 16:00:00,0.0034954102
2025-10-01 17:00:00,-0.0096193487
2025-10-01 18:00:00,0.0062137171
2025-10-01 19:00:00,0.0072454362
2025-10-01 20:00:00,-0.001159317
2025-10-01 21:00:00,0.0035628434
2025-10-01 22:00:00,0.0214626939
2025-10-01 23:00:00,0.002520535
2025-10-02 00:00:00,0.0251159647
2025-10-02 01:00:00,0.0272227899
2025-10-02 02:00:00,-0.0249397805
2025-10-02 03:00:00,0.0009286228
2025-10-02 04:00:00,-0.0048213246
2025-10-02 05:00:00,-0.000339213
2025-10-02 06:00:00,0.001271456
2025-10-02 07:00:00,0.0119570303
2025-10-02 08:00:00,-0.0021786501
2025-10-02 09:00:00,0.0072715436
2025-10-02 10:00:00,0.0166002904
2025-10-02 11:00:00,-0.0178502384
2025-10-02 12:00:00,-0.0003335835
2025-10-02 13:00:00,-0.0098068763
2025-10-02 14:00:00,-0.0079493019
2025-10-02 15:00:00,0.0093802184
2025-10-02 16:00:00,0.0021005763
2025-10-02 17:00:00,0.0005873715
2025-10-02 18:00:00,0.0006708596
2025-10-02 19:00:00,0.0027625483
2025-10-02 20:00:00,0.0027549377
2025-10-02 21:00:00,0.0001667222
2025-10-02 22:00:00,-0.0072782352
2025-10-02 23:00:00,0.0041893652
2025-10-03 00:00:00,-0.0108445433
2025-10-03 01:00:00,-0.0033018698
2025-10-03 02:00:00,-0.0019523796
2025-10-03 03:00:00,-0.002126484
2025-10-03 04:00:00,0.0035699145
2025-10-03 05:00:00,-0.0046774759
2025-10-03 06:00:00,-0.0044425532
2025-10-03 07:00:00,-0.0023145182
2025-10-03 08:00:00,0.0037690639
2025-10-03 09:00:00,0.0025616955
2025-10-03 10:00:00,0.0016190196
2025-10-03 11:00:00,-0.0001702997
2025-10-03 12:00:00,0.0061972268
2025-10-03 13:00:00,-0.0003385813
2025-10-03 14:00:00,0.0085142769
2025-10-03 15:00:00,0.0086920731
2025-10-03 16:00:00,0.001995179
2025-10-03 17:00:00,0.0091762724
2025-10-03 18:00:00,0.0155953355
2025-10-03 19:00:00,-0.0073182958
2025-10-03 20:00:00,0.000163212
2025-10-03 21:00:00,-0.0074532472
2025-10-03 22:00:00,-0.005853997
2025-10-03 23:00:00,-0.0026496662
2025-10-04 00:00:00,-0.0009124467
2025-10-04 01:00:00,-0.0056591363
2025-10-04 02:00:00,0.0011677372
2025-10-04 03:00:00,-0.002253287
2025-10-04 04:00:00,-0.0041023123
2025-10-04 05:00:00,-0.0009232449
2025-10-04 06:00:00,0.0007554455
2025-10-04 07:00:00,-0.0049627893
2025-10-04 08:00:00,-0.0008435971
2025-10-04 09:00:00,-0.0008443094
2025-10-04 10:00:00,-0.0010141132
2025-10-04 11:00:00,-0.0019465962
2025-10-04 12:00:00,0.0011007156
2025-10-04 13:00:00,0.002366665
2025-10-04 14:00:00,-0.0024512924
2025-10-04 15:00:00,-0.0028816021
2025-10-04 16:00:00,0.0078624068
2025-10-04 17:00:00,-0.0026983742
2025-10-04 18:00:00,0.0016873369
2025-10-04 19:00:00,0.0020210533
2025-10-04 20:00:00,0.0025205861
2025-10-04 21:00:00,0.0025142487
2025-10-04 22:00:00,0.0055924356
2025-10-04 23:00:00,0.0034898249
2025-10-05 00:00:00,0.0021542804
2025-10-05 01:00:00,0.00971921
2025-10-05 02:00:00,0.0160185561
2025-10-05 03:00:00,-0.0099713039
2025-10-05 04:00:00,-0.0120488323
2025-10-05 05:00:00,0.0034573627
2025-10-05 06:00:00,-0.0054383786
2025-10-05 07:00:00,0.0088838291
2025-10-05 08:00:00,-0.000573418
2025-10-05 09:00:00,-0.0099642608
2025-10-05 10:00:00,-0.00605987
2025-10-05 11:00:00,0.0004162331
2025-10-05 12:00:00,-0.0033347259
2025-10-05 13:00:00,0.0054963496
2025-10-05 14:00:00,-0.0032441903
2025-10-05 15:00:00,-0.0015843239
2025-10-05 16:00:00,0.0003337505
2025-10-05 17:00:00,-0.0045988626
2025-10-05 18:00:00,0.0012563342
2025-10-05 19:00:00,-0.0075617904
2025-10-05 20:00:00,0.0039560676
2025-10-05 21:00:00,-0.003618771
2025-10-05 22:00:00,0.0005899954
2025-10-05 23:00:00,0.0014313984
2025-10-06 00:00:00,-0.0043003566
2025-10-06 01:00:00,0.0083309271
2025-10-06 02:00:00,0.0074306332
2025-10-06 03:00:00,0.0050612014
2025-10-06 04:00:00,-0.0084774444
2025-10-06 05:00:00,0.0092220153
2025-10-06 06:00:00,-0.0032304853
2025-10-06 07:00:00,-0.0045736224
2025-10-06 08:00:00,0.0020815128
2025-10-06 09:00:00,0.0043985299
2025-10-06 10:00:00,-0.0047312809
2025-10-06 11:00:00,-0.0012488034
2025-10-06 12:00:00,-0.0017509489
2025-10-06 13:00:00,0.0055756812
2025-10-06 14:00:00,-0.0038247324
2025-10-06 15:00:00,0.004737179
2025-10-06 16:00:00,-0.0076571327
2025-10-06 17:00:00,0.0009186188
2025-10-06 18:00:00,0.0044973841
2025-10-06 19:00:00,-0.0030793583
2025-10-06 20:00:00,-0.0023366446
2025-10-06 21:00:00,-0.0058656109
2025-10-06 22:00:00,-0.0039577333
2025-10-06 23:00:00,-0.0006752195
2025-10-07 00:00:00,0.0021085488
2025-10-07 01:00:00,-0.0043061662
2025-10-07 02:00:00,-0.0011853358
2025-10-07 03:00:00,0.0022002209
2025-10-07 04:00:00,0.0027856347
2025-10-07 05:00:00,0.0024415925
2025-10-07 06:00:00,-0.0075121687
2025-10-07 07:00:00,-0.0015262001
2025-10-07 08:00:00,0.0035575169
2025-10-07 09:00:00,-0.0006766472
2025-10-07 10:00:00,-0.0009311382
2025-10-07 11:00:00,0.0017768757
2025-10-07 12:00:00,0.0051435671
2025-10-07 13:00:00,-0.0053126574
2025-10-07 14:00:00,-0.0130209065
2025-10-07 15:00:00,-0.0042922205
2025-10-07 16:00:00,0.0016332148
2025-10-07 17:00:00,-0.0049076684
2025-10-07 18:00:00,-0.0030254594
2025-10-07 19:00:00,0.0044916721
2025-10-07 20:00:00,0.0077266868
2025-10-07 21:00:00,0.0025623519
2025-10-07 22:00:00,0.0017045943
2025-10-07 23:00:00,-0.0040959183
2025-10-08 00:00:00,0.0089381314
2025-10-08 01:00:00,-0.0002542696
2025-10-08 02:00:00,-0.0014420836
2025-10-08 03:00:00,-0.0064725145
2025-10-08 04:00:00,-0.0011968882
2025-10-08 05:00:00,-0.0095406629
2025-10-08 06:00:00,0.0008632597
2025-10-08 07:00:00,0.0040473683
2025-10-08 08:00:00,0.0017173283
2025-10-08 09:00:00,0.0032548209
2025-10-08 10:00:00,-0.0019687573
2025-10-08 11:00:00,-0.0037771527
2025-10-08 12:00:00,0.0041198239
2025-10-08 13:00:00,0.0018825951
2025-10-08 14:00:00,-0.0041120593
2025-10-08 15:00:00,-0.0006869902
2025-10-08 16:00:00,0.0112754248
2025-10-08 17:00:00,0.0129121166
2025-10-08 18:00:00,-0.0047066821
2025-10-08 19:00:00,0.0001684778
2025-10-08 20:00:00,-0.0052360562
2025-10-08 21:00:00,0.0022835888
2025-10-08 22:00:00,0.0002534105
2025-10-08 23:00:00,0.0020249754
2025-10-09 00:00:00,0.0032818644
2025-10-09 01:00:00,-0.0017658193
2025-10-09 02:00:00,-0.014069221
2025-10-09 03:00:00,0.0105282005
2025-10-09 04:00:00,0.0081591907
2025-10-09 05:00:00,-0.0050390633
2025-10-09 06:00:00,-0.0080308137
2025-10-09 07:00:00,-0.0011889598
2025-10-09 08:00:00,-0.0156728254
2025-10-09 09:00:00,0.0039627895
2025-10-09 10:00:00,0.0037758562
2025-10-09 11:00:00,8.56494e-05
2025-10-09 12:00:00,0.01352579
2025-10-09 13:00:00,-0.0034703154
2025-10-09 14:00:00,0.0010169492
2025-10-09 15:00:00,0.0026223422
2025-10-09 16:00:00,-0.0210012841
2025-10-09 17:00:00,0.017446778
2025-10-09 18:00:00,-0.0053555617
2025-10-09 19:00:00,0.013545754
2025-10-09 20:00:00,0.0007565251
2025-10-09 21:00:00,0.0039414702
2025-10-09 22:00:00,0.058673094
2025-10-09 23:00:00,-0.0060958903
2025-10-10 00:00:00,0.0201248833
2025-10-10 01:00:00,0.000233454
2025-10-10 02:00:00,-0.0035856302
2025-10-10 03:00:00,0.0251381885
2025-10-10 04:00:00,-0.0118734399
2025-10-10 05:00:00,0.002770298
2025-10-10 06:00:00,-0.0186152897
2025-10-10 07:00:00,0.0047643313
2025-10-10 08:00:00,0.0060592122
2025-10-10 09:00:00,0.0058687427
2025-10-10 10:00:00,-0.0004620716
2025-10-10 11:00:00,0.0197542937
2025-10-10 12:00:00,0.0063238937
2025-10-10 13:00:00,0.0052395329
2025-10-10 14:00:00,-0.014361689
2025-10-10 15:00:00,-0.0386029095
2025-10-10 16:00:00,-0.0135517389
2025-10-10 17:00:00,0.0177149749
2025-10-10 18:00:00,-0.0082648351
2025-10-10 19:00:00,0.0014216889
2025-10-10 20:00:00,-0.0428135844
2025-10-10 21:00:00,-0.0785472726
2025-10-10 22:00:00,-0.0891360869
2025-10-10 23:00:00,-0.0550689676
2025-10-11 00:00:00,0.0011316292
2025-10-11 01:00:00,-0.0104388318
2025-10-11 02:00:00,0.0508412442
2025-10-11 03:00:00,-0.0048502941
2025-10-11 04:00:00,-9.9231e-05
2025-10-11 05:00:00,-0.0204518407
2025-10-11 06:00:00,0.0027309985
2025-10-11 07:00:00,-0.0045558165
2025-10-11 08:00:00,0.010598131
2025-10-11 09:00:00,-0.0114102313
2025-10-11 10:00:00,0.001116468
2025-10-11 11:00:00,-0.0039640241
2025-10-11 12:00:00,-0.0073597388
2025-10-11 13:00:00,-0.0091729579
2025-10-11 14:00:00,-0.0042542217
2025-10-11 15:00:00,-0.0003119963
2025-10-11 16:00:00,0.0007278399
2025-10-11 17:00:00,0.0138317647
2025-10-11 18:00:00,-0.0022578006
2025-10-11 19:00:00,-0.037262291
2025-10-11 20:00:00,-0.0216685026
2025-10-11 21:00:00,0.0206014944
2025-10-11 22:00:00,0.0033040265
2025-10-11 23:00:00,-0.0060835878
2025-10-12 00:00:00,-0.0177129591
2025-10-12 01:00:00,0.0090036948
2025-10-12 02:00:00,-0.0008643043
2025-10-12 03:00:00,0.014379473
2025-10-12 04:00:00,0.0075359907
2025-10-12 05:00:00,-0.0010579772
2025-10-12 06:00:00,0.0172110451
2025-10-12 07:00:00,-0.0081488123
2025-10-12 08:00:00,0.0056485506
2025-10-12 09:00:00,-0.009326764
2025-10-12 10:00:00,0.00629725
2025-10-12 11:00:00,0.0005229852
2025-10-12 12:00:00,0.0036532581
2025-10-12 13:00:00,-0.0112107623
2025-10-12 14:00:00,0.0147469074
2025-10-12 15:00:00,0.0198392692
2025-10-12 16:00:00,0.0093202984
2025-10-12 17:00:00,0.0029200041
2025-10-12 18:00:00,-0.0035252089
2025-10-12 19:00:00,0.0183950003
2025-10-12 20:00:00,-0.0015862004
2025-10-12 21:00:00,-0.0129820078
2025-10-12 22:00:00,-0.005947898
2025-10-12 23:00:00,0.0019192894
2025-10-13 00:00:00,-0.0071909967
2025-10-13 01:00:00,0.0109180219
2025-10-13 02:00:00,-0.0055452075
2025-10-13 03:00:00,0.0022217743
2025-10-13 04:00:00,-0.0054622835
2025-10-13 05:00:00,-0.0196667201
2025-10-13 06:00:00,0.0073177343
2025-10-13 07:00:00,0.000308024
2025-10-13 08:00:00,0.008688152
2025-10-13 09:00:00,0.0025410391
2025-10-13 10:00:00,-0.0047825072
2025-10-13 11:00:00,-0.0169730969
2025-10-13 12:00:00,0.0039345671
2025-10-13 13:00:00,0.0161955159
2025-10-13 14:00:00,-0.0218953086
2025-10-13 15:00:00,0.0179219958
2025-10-13 16:00:00,0.0040749853
2025-10-13 17:00:00,0.014834522
2025-10-13 18:00:00,-0.0042160271
2025-10-13 19:00:00,0.0091123647
2025-10-13 20:00:00,0.0097213344
2025-10-13 21:00:00,-0.0095219922
2025-10-13 22:00:00,-0.0011966495
2025-10-13 23:00:00,-0.0064064283
2025-10-14 00:00:00,0.0070049321
2025-10-14 01:00:00,-0.011836832
2025-10-14 02:00:00,0.000201796
2025-10-14 03:00:00,-0.0082054859
2025-10-14 04:00:00,-0.0144462325
2025-10-14 05:00:00,-0.0141345109
2025-10-14 06:00:00,-0.0177406976
2025-10-14 07:00:00,-0.0023466677
2025-10-14 08:00:00,0.0078715437
2025-10-14 09:00:00,-0.0030774153
2025-10-14 10:00:00,-0.0111147879
2025-10-14 11:00:00,0.0031117574
2025-10-14 12:00:00,-0.0116380624
2025-10-14 13:00:00,0.0086337683
2025-10-14 14:00:00,0.0072805461
2025-10-14 15:00:00,0.0188106571
2025-10-14 16:00:00,-0.0015715861
2025-10-14 17:00:00,0.0118825663
2025-10-14 18:00:00,0.0087688188
2025-10-14 19:00:00,0.0085907667
2025-10-14 20:00:00,-0.0012227432
2025-10-14 21:00:00,-0.0023477783
2025-10-14 22:00:00,-0.0006133715
2025-10-14 23:00:00,-0.0046123179
2025-10-15 00:00:00,0.0028723861
2025-10-15 01:00:00,-0.006371412
2025-10-15 02:00:00,0.0107665741
2025-10-15 03:00:00,-0.0083982468
2025-10-15 04:00:00,0.0049246021
2025-10-15 05:00:00,0.0060201192
2025-10-15 06:00:00,0.0008135042
2025-10-15 07:00:00,-0.0024425007
2025-10-15 08:00:00,0.0062976338
2025-10-15 09:00:00,-0.0102794656
2025-10-15 10:00:00,0.0009202925
2025-10-15 11:00:00,-0.0070773156
2025-10-15 12:00:00,-0.0006177924
2025-10-15 13:00:00,-0.0042318275
2025-10-15 14:00:00,-0.0070583644
2025-10-15 15:00:00,-0.0131063475
2025-10-15 16:00:00,-0.0063525889
2025-10-15 17:00:00,0.005507905
2025-10-15 18:00:00,0.0078910399
2025-10-15 19:00:00,-0.0108530648
2025-10-15 20:00:00,0.0
2025-10-15 21:00:00,-0.0033959494
2025-10-15 22:00:00,0.0044548228
2025-10-15 23:00:00,0.0114695844
2025-10-16 00:00:00,-0.0041937575
2025-10-16 01:00:00,0.0095154166
2025-10-16 02:00:00,-0.0014580298
2025-10-16 03:00:00,-0.012163304
2025-10-16 04:00:00,-0.0028524661
2025-10-16 05:00:00,-0.0007408584
2025-10-16 06:00:00,0.0117883693
2025-10-16 07:00:00,-0.0071406373
2025-10-16 08:00:00,-0.0069797238
2025-10-16 09:00:00,0.0089800403
2025-10-16 10:00:00,0.0039886691
2025-10-16 11:00:00,0.0063697808
2025-10-16 12:00:00,0.0016640669
2025-10-16 13:00:00,-0.0057318692
2025-10-16 14:00:00,-0.0086071698
2025-10-16 15:00:00,-0.0331166736
2025-10-16 16:00:00,0.0154622749
2025-10-16 17:00:00,-0.0146997891
2025-10-16 18:00:00,0.0
2025-10-16 19:00:00,-0.0139249002
2025-10-16 20:00:00,-0.0045371627
2025-10-16 21:00:00,0.0136596087
2025-10-16 22:00:00,-0.0061457612
2025-10-16 23:00:00,0.010403642
2025-10-17 00:00:00,0.0045652253
2025-10-17 01:00:00,-0.0014108201
2025-10-17 02:00:00,0.0018445185
2025-10-17 03:00:00,-0.0013016598
2025-10-17 04:00:00,-0.0020644327
2025-10-17 05:00:00,-0.0055625382
2025-10-17 06:00:00,-0.0329101407
2025-10-17 07:00:00,-0.0384840116
2025-10-17 08:00:00,-0.0025876279
2025-10-17 09:00:00,0.0104271345
2025-10-17 10:00:00,-0.0001165569
2025-10-17 11:00:00,0.0199648891
2025-10-17 12:00:00,0.0044462252
2025-10-17 13:00:00,0.012996736
2025-10-17 14:00:00,-0.0058558726
2025-10-17 15:00:00,0.016466348
2025-10-17 16:00:00,0.0058709667
2025-10-17 17:00:00,-0.003429776
2025-10-17 18:00:00,0.0055260972
2025-10-17 19:00:00,-0.0015442315
2025-10-17 20:00:00,0.0067110654
2025-10-17 21:00:00,-0.0013166559
2025-10-17 22:00:00,-0.0049529571
2025-10-17 23:00:00,-0.0056431685
2025-10-18 00:00:00,0.0044287052
2025-10-18 01:00:00,0.0050688814
2025-10-18 02:00:00,-0.0039647629
2025-10-18 03:00:00,-0.0005519069
2025-10-18 04:00:00,-0.0037610664
2025-10-18 05:00:00,0.0056363082
2025-10-18 06:00:00,0.0014316395
2025-10-18 07:00:00,0.0012097884
2025-10-18 08:00:00,-0.0023108676
2025-10-18 09:00:00,0.0066978016
2025-10-18 10:00:00,-0.0002188902
2025-10-18 11:00:00,0.0008752736
2025-10-18 12:00:00,-0.0058130134
2025-10-18 13:00:00,-0.0061789891
2025-10-18 14:00:00,0.0038663401
2025-10-18 15:00:00,0.0048394287
2025-10-18 16:00:00,-0.0007683443
2025-10-18 17:00:00,0.0089637679
2025-10-18 18:00:00,-0.0011978005
2025-10-18 19:00:00,0.0021767531
2025-10-18 20:00:00,0.0015209128
2025-10-18 21:00:00,-0.0023910456
2025-10-18 22:00:00,-0.0030514409
2025-10-18 23:00:00,0.0014178985
2025-10-19 00:00:00,-0.0077685166
2025-10-19 01:00:00,0.0008783488
2025-10-19 02:00:00,0.004926388
2025-10-19 03:00:00,0.007506971
2025-10-19 04:00:00,-0.0036920446
2025-10-19 05:00:00,0.0055329677
2025-10-19 06:00:00,-0.0044456565
2025-10-19 07:00:00,-0.0014137352
2025-10-19 08:00:00,-0.006660504
2025-10-19 09:00:00,0.0110040877
2025-10-19 10:00:00,0.010133765
2025-10-19 11:00:00,0.0029988241
2025-10-19 12:00:00,0.000962001
2025-10-19 13:00:00,0.0071326219
2025-10-19 14:00:00,0.0023310034
2025-10-19 15:00:00,-0.00317999
2025-10-19 16:00:00,-0.0013811423
2025-10-19 17:00:00,-0.0018089922
2025-10-19 18:00:00,0.0050993418
2025-10-19 19:00:00,-0.0020153812
2025-10-19 20:00:00,0.0015914278
2025-10-19 21:00:00,-0.0063809639
2025-10-19 22:00:00,0.0041522551
2025-10-19 23:00:00,-0.0083218233
2025-10-20 00:00:00,-0.0015010188
2025-10-20 01:00:00,-0.0017182135
2025-10-20 02:00:00,0.0039688977
2025-10-20 03:00:00,0.0133987543
2025-10-20 04:00:00,0.0003168401
2025-10-20 05:00:00,0.0051608941
2025-10-20 06:00:00,0.0046116841
2025-10-20 07:00:00,-0.0055576088
2025-10-20 08:00:00,-0.0026322732
2025-10-20 09:00:00,-0.0016882984
2025-10-20 10:00:00,-0.0004225203
2025-10-20 11:00:00,-0.0007398404
2025-10-20 12:00:00,0.0019013421
2025-10-20 13:00:00,0.0059971772
2025-10-20 14:00:00,0.002409766
2025-10-20 15:00:00,-0.0053512535
2025-10-20 16:00:00,-0.0047455929
2025-10-20 17:00:00,-0.0026462042
2025-10-20 18:00:00,0.0051799894
2025-10-20 19:00:00,0.0053630708
2025-10-20 20:00:00,-0.0019946466
2025-10-20 21:00:00,-0.0049512874
2025-10-20 22:00:00,0.0030579451
2025-10-20 23:00:00,-0.0101588175
2025-10-21 00:00:00,-0.0053322084
2025-10-21 01:00:00,-0.0009628244
2025-10-21 02:00:00,-0.0048280765
2025-10-21 03:00:00,-0.0001075558
2025-10-21 04:00:00,-0.0111406701
2025-10-21 05:00:00,0.0060724541
2025-10-21 06:00:00,0.0036689369
2025-10-21 07:00:00,0.002581757
2025-10-21 08:00:00,-0.0094992079
2025-10-21 09:00:00,-0.0017368654
2025-10-21 10:00:00,0.0071452074
2025-10-21 11:00:00,0.0026932416
2025-10-21 12:00:00,0.0003227021
2025-10-21 13:00:00,0.0009674819
2025-10-21 14:00:00,0.0258790558
2025-10-21 15:00:00,0.0084450275
2025-10-21 16:00:00,-0.0069802857
2025-10-21 17:00:00,0.0076030153
2025-10-21 18:00:00,0.001658719
2025-10-21 19:00:00,-0.0035280726
2025-10-21 20:00:00,-0.0047931737
2025-10-21 21:00:00,-0.0012541808
2025-10-21 22:00:00,-0.0116763542
2025-10-21 23:00:00,-0.0213889022
2025-10-22 00:00:00,-0.0009733413
2025-10-22 01:00:00,0.0034564735
2025-10-22 02:00:00,0.0037668882
2025-10-22 03:00:00,-0.0012899067
2025-10-22 04:00:00,0.0026854305
2025-10-22 05:00:00,-0.0053780919
2025-10-22 06:00:00,-0.0009711358
2025-10-22 07:00:00,0.0063492277
2025-10-22 08:00:00,-0.0082943331
2025-10-22 09:00:00,-0.0039015981
2025-10-22 10:00:00,-0.0018477262
2025-10-22 11:00:00,0.0040171597
2025-10-22 12:00:00,0.0069107283
2025-10-22 13:00:00,0.0076111211
2025-10-22 14:00:00,-0.0023521875
2025-10-22 15:00:00,-0.0053665472
2025-10-22 16:00:00,0.0168609266
2025-10-22 17:00:00,-0.0087151152
2025-10-22 18:00:00,0.0045795916
2025-10-22 19:00:00,-0.0029796766
2025-10-22 20:00:00,-0.0129795332
2025-10-22 21:00:00,-0.0197356894
2025-10-22 22:00:00,0.001320568
2025-10-22 23:00:00,0.0099579528
2025-10-23 00:00:00,0.0069444724
2025-10-23 01:00:00,-0.0010818999
2025-10-23 02:00:00,-0.0003247984
2025-10-23 03:00:00,0.0029193944
2025-10-23 04:00:00,-0.0041112251
2025-10-23 05:00:00,0.0062682579
2025-10-23 06:00:00,0.0109290705
2025-10-23 07:00:00,-0.0057710965
2025-10-23 08:00:00,0.0028897114
2025-10-23 09:00:00,-0.0010692901
2025-10-23 10:00:00,0.0025643779
2025-10-23 11:00:00,-0.0045991845
2025-10-23 12:00:00,0.0002143853
2025-10-23 13:00:00,0.0025690444
2025-10-23 14:00:00,0.0002137894
2025-10-23 15:00:00,0.0056488293
2025-10-23 16:00:00,0.004453878
2025-10-23 17:00:00,0.0016915111
2025-10-23 18:00:00,-0.0079538041
2025-10-23 19:00:00,-0.0001064793
2025-10-23 20:00:00,-0.0069455854
2025-10-23 21:00:00,0.0021422459
2025-10-23 22:00:00,0.0034180764
2025-10-23 23:00:00,0.0028749421
2025-10-24 00:00:00,0.0045616161
2025-10-24 01:00:00,0.0046462597
2025-10-24 02:00:00,0.0026303345
2025-10-24 03:00:00,-0.0035789512
2025-10-24 04:00:00,0.0049439958
2025-10-24 05:00:00,0.003874959
2025-10-24 06:00:00,0.003547583
2025-10-24 07:00:00,0.0010410161
2025-10-24 08:00:00,0.0051888867
2025-10-24 09:00:00,-0.0093594693
2025-10-24 10:00:00,-0.0030345861
2025-10-24 11:00:00,0.0077252707
2025-10-24 12:00:00,0.0030112686
2025-10-24 13:00:00,-0.00228358
2025-10-24 14:00:00,-0.0086625809
2025-10-24 15:00:00,-0.0023087428
2025-10-24 16:00:00,0.003565814
2025-10-24 17:00:00,0.0024049784
2025-10-24 18:00:00,-0.0006268283
2025-10-24 19:00:00,0.0058351734
2025-10-24 20:00:00,0.0054913882
2025-10-24 21:00:00,0.002167519
2025-10-24 22:00:00,-0.0036151462
2025-10-24 23:00:00,-0.0016570012
2025-10-25 00:00:00,0.0
2025-10-25 01:00:00,0.0008288438
2025-10-25 02:00:00,-0.0031117129
2025-10-25 03:00:00,-0.0010393931
2025-10-25 04:00:00,0.0012471421
2025-10-25 05:00:00,-0.0011431542
2025-10-25 06:00:00,-0.0005200479
2025-10-25 07:00:00,0.0045671659
2025-10-25 08:00:00,-0.0015546461
2025-10-25 09:00:00,-0.0054082295
2025-10-25 10:00:00,0.003123701
2025-10-25 11:00:00,0.0007274617
2025-10-25 12:00:00,0.0017644926
2025-10-25 13:00:00,-0.0014528853
2025-10-25 14:00:00,0.0019712617
2025-10-25 15:00:00,-0.0031142971
2025-10-25 16:00:00,0.0010391771
2025-10-25 17:00:00,0.0021787631
2025-10-25 18:00:00,0.0046528544
2025-10-25 19:00:00,0.00051565
2025-10-25 20:00:00,-0.001238007
2025-10-25 21:00:00,-0.0005162889
2025-10-25 22:00:00,0.0012386459
2025-10-25 23:00:00,0.0004125413
2025-10-26 00:00:00,-0.0008252528
2025-10-26 01:00:00,-0.0017559267
2025-10-26 02:00:00,-0.001344851
2025-10-26 03:00:00,-0.001346662
2025-10-26 04:00:00,0.0023813233
2025-10-26 05:00:00,0.0019629119
2025-10-26 06:00:00,0.0034001372
2025-10-26 07:00:00,0.0024655858
2025-10-26 08:00:00,0.0029711615
2025-10-26 09:00:00,0.0072371755
2025-10-26 10:00:00,-0.0044788348
2025-10-26 11:00:00,0.006406693
2025-10-26 12:00:00,0.0085794117
2025-10-26 13:00:00,-0.0026164853
2025-10-26 14:00:00,-0.0044435541
2025-10-26 15:00:00,0.0048465361
2025-10-26 16:00:00,-0.0017137965
2025-10-26 17:00:00,-0.0002018163
2025-10-26 18:00:00,0.000907853
2025-10-26 19:00:00,0.0004032258
2025-10-26 20:00:00,-0.0026238788
2025-10-26 21:00:00,0.0050398252
2025-10-26 22:00:00,0.0088088658
2025-10-26 23:00:00,-0.0032942381
2025-10-27 00:00:00,0.0015985616
2025-10-27 01:00:00,0.0034879701
2025-10-27 02:00:00,-0.0011945054
2025-10-27 03:00:00,-0.0036920663
2025-10-27 04:00:00,0.0046875865
2025-10-27 05:00:00,9.94975e-05
2025-10-27 06:00:00,0.0053582188
2025-10-27 07:00:00,-0.013851051
2025-10-27 08:00:00,-0.0032160832
2025-10-27 09:00:00,-0.0039336376
2025-10-27 10:00:00,-0.0001010662
2025-10-27 11:00:00,0.0029267821
2025-10-27 12:00:00,-0.0051528278
2025-10-27 13:00:00,0.0048504541
2025-10-27 14:00:00,-0.0011094862
2025-10-27 15:00:00,0.0294343612
2025-10-27 16:00:00,0.0074197353
2025-10-27 17:00:00,-0.0084982196
2025-10-27 18:00:00,0.0007844676
2025-10-27 19:00:00,-9.80248e-05
2025-10-27 20:00:00,-0.0174037815
2025-10-27 21:00:00,9.97456e-05
2025-10-27 22:00:00,-0.0105279962
2025-10-27 23:00:00,0.001913298
2025-10-28 00:00:00,0.0005028916
2025-10-28 01:00:00,0.0080120609
2025-10-28 02:00:00,-0.0044988829
2025-10-28 03:00:00,0.0024019227
2025-10-28 04:00:00,0.0007993606
2025-10-28 05:00:00,-0.0062118224
2025-10-28 06:00:00,0.0581740899
2025-10-28 07:00:00,-0.0282738326
2025-10-28 08:00:00,-0.0023437511
2025-10-28 09:00:00,-0.0025452779
2025-10-28 10:00:00,-0.0036333324
2025-10-28 11:00:00,0.0062763764
2025-10-28 12:00:00,0.0004886869
2025-10-28 13:00:00,-0.0064699765
2025-10-28 14:00:00,-0.0312665933
2025-10-28 15:00:00,0.0050607395
2025-10-28 16:00:00,0.0034267318
2025-10-28 17:00:00,0.0055185009
2025-10-28 18:00:00,-0.0065251449
2025-10-28 19:00:00,-0.0101225685
2025-10-28 20:00:00,-0.0158953252
2025-10-28 21:00:00,0.0037144079
2025-10-28 22:00:00,0.0014407742
2025-10-28 23:00:00,-0.005879033
2025-10-29 00:00:00,-0.0005173574
2025-10-29 01:00:00,0.0024808778
2025-10-29 02:00:00,-0.0007229538
2025-10-29 03:00:00,-0.0035189438
2025-10-29 04:00:00,0.0039321243
2025-10-29 05:00:00,0.0043281189
2025-10-29 06:00:00,0.0023622463
2025-10-29 07:00:00,0.0128429041
2025-10-29 08:00:00,-0.0093610777
2025-10-29 09:00:00,-0.0022515617
2025-10-29 10:00:00,0.0059250352
2025-10-29 11:00:00,0.002543107
2025-10-29 12:00:00,0.0089006353
2025-10-29 13:00:00,0.0071238951
2025-10-29 14:00:00,-0.0107554939
2025-10-29 15:00:00,-0.0077102949
2025-10-29 16:00:00,0.0079123967
2025-10-29 17:00:00,0.0039328443
2025-10-29 18:00:00,-0.0071713857
2025-10-29 19:00:00,0.0022276234
2025-10-29 20:00:00,0.0030296933
2025-10-29 21:00:00,0.0040253652
2025-10-29 22:00:00,-0.0005022854
2025-10-29 23:00:00,-0.0100990557
2025-10-30 00:00:00,0.0074830969
2025-10-30 01:00:00,-0.0024208202
2025-10-30 02:00:00,0.0060410977
2025-10-30 03:00:00,-0.0065461737
2025-10-30 04:00:00,-0.026621824
2025-10-30 05:00:00,0.0179962695
2025-10-30 06:00:00,0.003052816
2025-10-30 07:00:00,0.0035498795
2025-10-30 08:00:00,-0.0080305387
2025-10-30 09:00:00,-0.0065533718
2025-10-30 10:00:00,-0.0056663212
2025-10-30 11:00:00,-0.0005167158
2025-10-30 12:00:00,-0.0132149054
2025-10-30 13:00:00,-0.0240643403
2025-10-30 14:00:00,0.0011795616
2025-10-30 15:00:00,-0.0128352083
2025-10-30 16:00:00,0.0042246718
2025-10-30 17:00:00,-0.0050934816
2025-10-30 18:00:00,-0.0063215469
2025-10-30 19:00:00,-0.009226779
2025-10-30 20:00:00,0.0143524786
2025-10-30 21:00:00,0.003474865
2025-10-30 22:00:00,0.0056210287
2025-10-30 23:00:00,0.0068750942
2025-10-31 00:00:00,0.0049124405
2025-10-31 01:00:00,-0.0007459903
2025-10-31 02:00:00,-0.0027757037
2025-10-31 03:00:00,0.0034151581
2025-10-31 04:00:00,0.0079588684
2025-10-31 05:00:00,-0.0052988678
2025-10-31 06:00:00,-0.0011695286
2025-10-31 07:00:00,0.0025499376
2025-10-31 08:00:00,0.0042354998
2025-10-31 09:00:00,-0.0030689479
2025-10-31 10:00:00,-0.0020158089
2025-10-31 11:00:00,0.0090919328
2025-10-31 12:00:00,-0.0035846111
2025-10-31 13:00:00,0.0027423285
2025-10-31 14:00:00,0.0089131823
2025-10-31 15:00:00,-0.0021947022
2025-10-31 16:00:00,-0.0106232921
2025-10-31 17:00:00,0.0006342495
2025-10-31 18:00:00,0.0029545236
2025-10-31 19:00:00,0.0124602418
2025-10-31 20:00:00,-0.0060536663
2025-10-31 21:00:00,0.0008371704
2025-10-31 22:00:00,-0.0017798256
2025-10-31 23:00:00,-0.0005240816
2025-11-01 00:00:00,0.0012573346
2025-11-01 01:00:00,0.0002094022
2025-11-01 02:00:00,0.0028226458
2025-11-01 03:00:00,0.0033350734
2025-11-01 04:00:00,0.000728067
2025-11-01 05:00:00,-0.0046897069
2025-11-01 06:00:00,0.0205745174
2025-11-01 07:00:00,0.0131146087
2025-11-01 08:00:00,-0.0076038284
2025-11-01 09:00:00,-0.0037726275
2025-11-01 10:00:00,0.0075310757
2025-11-01 11:00:00,0.0002027575
2025-11-01 12:00:00,0.0023287612
2025-11-01 13:00:00,0.0023233507
2025-11-01 14:00:00,-0.0034364295
2025-11-01 15:00:00,-0.00141844
2025-11-01 16:00:00,0.0058633407
2025-11-01 17:00:00,0.0001007912
2025-11-01 18:00:00,0.0020136938
2025-11-01 19:00:00,0.003012958
2025-11-01 20:00:00,0.0036036075
2025-11-01 21:00:00,-0.0012998052
2025-11-01 22:00:00,0.0025979231
2025-11-01 23:00:00,0.011607849
2025-11-02 00:00:00,-0.0070279923
2025-11-02 01:00:00,-0.0071777798
2025-11-02 02:00:00,-0.0004002802
2025-11-02 03:00:00,-0.0042126441
2025-11-02 04:00:00,0.0062124448
2025-11-02 05:00:00,0.0017964077
2025-11-02 06:00:00,-0.0027958081
2025-11-02 07:00:00,0.0078681746
2025-11-02 08:00:00,-0.005970167
2025-11-02 09:00:00,0.0029895388
2025-11-02 10:00:00,-0.0038881461
2025-11-02 11:00:00,0.0074638352
2025-11-02 12:00:00,-0.0054680258
2025-11-02 13:00:00,-0.01032125
2025-11-02 14:00:00,-0.0057578825
2025-11-02 15:00:00,-0.0030438335
2025-11-02 16:00:00,0.0004063802
2025-11-02 17:00:00,-0.0031537744
2025-11-02 18:00:00,0.0015272619
2025-11-02 19:00:00,-0.0001017449
2025-11-02 20:00:00,0.0010169837
2025-11-02 21:00:00,0.0036526015
2025-11-02 22:00:00,-0.0053820897
2025-11-02 23:00:00,0.0121446691
2025-11-03 00:00:00,-0.0121446691
2025-11-03 01:00:00,-0.0031614936
2025-11-03 02:00:00,-0.0081021929
2025-11-03 03:00:00,-0.0308488937
2025-11-03 04:00:00,0.0054016972
2025-11-03 05:00:00,-0.0108327313
2025-11-03 06:00:00,-0.0019238997
2025-11-03 07:00:00,-0.0008562561
2025-11-03 08:00:00,-0.0017147148
2025-11-03 09:00:00,-0.008617957
2025-11-03 10:00:00,-0.008474627
2025-11-03 11:00:00,0.0006544503
2025-11-03 12:00:00,-0.0025110554
2025-11-03 13:00:00,0.0055595063
2025-11-03 14:00:00,0.0020633118
2025-11-03 15:00:00,-0.0498212879
2025-11-03 16:00:00,0.005231446
2025-11-03 17:00:00,0.0205452076
2025-11-03 18:00:00,-0.0143259305
2025-11-03 19:00:00,-0.0152206482
2025-11-03 20:00:00,-0.0047037315
2025-11-03 21:00:00,0.0044747938
2025-11-03 22:00:00,-0.0052800857
2025-11-03 23:00:00,0.006309893
2025-11-04 00:00:00,0.0103533549
2025-11-04 01:00:00,0.0103592864
2025-11-04 02:00:00,-0.0017939236
2025-11-04 03:00:00,0.0050372301
2025-11-04 04:00:00,-0.0053739493
2025-11-04 05:00:00,-0.0416034328
2025-11-04 06:00:00,0.0156752121
2025-11-04 07:00:00,-0.007632742
2025-11-04 08:00:00,0.0088992208
2025-11-04 09:00:00,-0.0027652973
2025-11-04 10:00:00,0.0052934531
2025-11-04 11:00:00,-0.0025281558
2025-11-04 12:00:00,-0.0038042584
2025-11-04 13:00:00,0.0013850418
2025-11-04 14:00:00,0.0206616562
2025-11-04 15:00:00,-0.0117053442
2025-11-04 16:00:00,-0.0150881066
2025-11-04 17:00:00,-0.0066368061
2025-11-04 18:00:00,-0.0145919275
2025-11-04 19:00:00,-0.0110853987
2025-11-04 20:00:00,-0.0033617513
2025-11-04 21:00:00,-0.0060313814
2025-11-04 22:00:00,0.0327312765
2025-11-04 23:00:00,-0.0018752936
2025-11-05 00:00:00,-0.0090743655
2025-11-05 01:00:00,0.0007100592
2025-11-05 02:00:00,0.0283417419
2025-11-05 03:00:00,-0.0003450457
2025-11-05 04:00:00,0.0024128236
2025-11-05 05:00:00,-0.0025278653
2025-11-05 06:00:00,0.0039040123
2025-11-05 07:00:00,-0.002984049
2025-11-05 08:00:00,-0.0083102971
2025-11-05 09:00:00,0.0039329143
2025-11-05 10:00:00,-0.0128974076
2025-11-05 11:00:00,0.0119734066
2025-11-05 12:00:00,0.0027694456
2025-11-05 13:00:00,0.0063178661
2025-11-05 14:00:00,-0.0042458036
2025-11-05 15:00:00,0.0092715138
2025-11-05 16:00:00,0.0083957834
2025-11-05 17:00:00,-0.0038487709
2025-11-05 18:00:00,0.0085827743
2025-11-05 19:00:00,0.001685299
2025-11-05 20:00:00,-0.001685299
2025-11-05 21:00:00,-0.0018007883
2025-11-05 22:00:00,0.0084133089
2025-11-05 23:00:00,-0.0013413818
2025-11-06 00:00:00,-0.0087631164
2025-11-06 01:00:00,-0.0016940543
2025-11-06 02:00:00,0.0007909158
2025-11-06 03:00:00,0.0001129369
2025-11-06 04:00:00,-0.000338849
2025-11-06 05:00:00,-0.014221754
2025-11-06 06:00:00,-0.0041336607
2025-11-06 07:00:00,-0.0009209164
2025-11-06 08:00:00,-0.0002303617
2025-11-06 09:00:00,0.0053995191
2025-11-06 10:00:00,0.0008016951
2025-11-06 11:00:00,0.0
2025-11-06 12:00:00,-0.0083923008
2025-11-06 13:00:00,0.019775463
2025-11-06 14:00:00,-0.0165481665
2025-11-06 15:00:00,-0.0035736968
2025-11-06 16:00:00,-0.0047462033
2025-11-06 17:00:00,0.0154292065
2025-11-06 18:00:00,0.0025105571
2025-11-06 19:00:00,-0.002167837
2025-11-06 20:00:00,-0.0092949203
2025-11-06 21:00:00,0.0060916228
2025-11-06 22:00:00,0.001831712
2025-11-06 23:00:00,-0.0055052324
2025-11-07 00:00:00,0.0109803231
2025-11-07 01:00:00,0.0032933991
2025-11-07 02:00:00,0.004637755
2025-11-07 03:00:00,0.0042792858
2025-11-07 04:00:00,-0.0011243536
2025-11-07 05:00:00,0.0142971273
2025-11-07 06:00:00,-0.0076816409
2025-11-07 07:00:00,0.013321689
2025-11-07 08:00:00,-0.0048640379
2025-11-07 09:00:00,-0.0139487839
2025-11-07 10:00:00,-0.0066520342
2025-11-07 11:00:00,-0.0054446595
2025-11-07 12:00:00,-0.0159361355
2025-11-07 13:00:00,0.0137727415
2025-11-07 14:00:00,0.0203098485
2025-11-07 15:00:00,0.0395299729
2025-11-07 16:00:00,0.1014986556
2025-11-07 17:00:00,0.0071525532
2025-11-07 18:00:00,-0.0257550086
2025-11-07 19:00:00,-0.0067427127
2025-11-07 20:00:00,0.0069403412
2025-11-07 21:00:00,0.008755159
2025-11-07 22:00:00,0.0112973543
2025-11-07 23:00:00,-0.014043531
2025-11-08 00:00:00,-0.0161381652
2025-11-08 01:00:00,0.0235745987
2025-11-08 02:00:00,-0.0125565707
2025-11-08 03:00:00,-0.0044521469
2025-11-08 04:00:00,0.0091793568
2025-11-08 05:00:00,-0.0155456371
2025-11-08 06:00:00,-0.0070098424
2025-11-08 07:00:00,0.0042117992
2025-11-08 08:00:00,0.0026982478
2025-11-08 09:00:00,-0.008619879
2025-11-08 10:00:00,0.0026138549
2025-11-08 11:00:00,0.0016051368
2025-11-08 12:00:00,0.0071914013
2025-11-08 13:00:00,-0.0088969448
2025-11-08 14:00:00,0.0016052978
2025-11-08 15:00:00,-0.0114943794
2025-11-08 16:00:00,0.0076775809
2025-11-08 17:00:00,0.0043179261
2025-11-08 18:00:00,0.009672509
2025-11-08 19:00:00,-0.0011915402
2025-11-08 20:00:00,0.0011915402
2025-11-08 21:00:00,0.0036650034
2025-11-08 22:00:00,0.0027646147
2025-11-08 23:00:00,0.0517812447
2025-11-09 00:00:00,-0.0210036103
2025-11-09 01:00:00,0.0048643331
2025-11-09 02:00:00,-0.0354447872
2025-11-09 03:00:00,-0.0149975498
2025-11-09 04:00:00,0.004393417
2025-11-09 05:00:00,0.0013938672
2025-11-09 06:00:00,0.005852901
2025-11-09 07:00:00,0.0029629651
2025-11-09 08:00:00,-0.0027651608
2025-11-09 09:00:00,-0.0113377644
2025-11-09 10:00:00,0.0552562258
2025-11-09 11:00:00,-0.0348614985
2025-11-09 12:00:00,0.0050830999
2025-11-09 13:00:00,0.0209376166
2025-11-09 14:00:00,0.0146915111
2025-11-09 15:00:00,0.005068054
2025-11-09 16:00:00,-0.010540282
2025-11-09 17:00:00,-0.0053120975
2025-11-09 18:00:00,0.0312730288
2025-11-09 19:00:00,0.0093587251
2025-11-09 20:00:00,0.0172027782
2025-11-09 21:00:00,-0.0033268924
2025-11-09 22:00:00,0.0037756248
2025-11-09 23:00:00,-0.0101908263
2025-11-10 00:00:00,-0.0024504255
2025-11-10 01:00:00,-0.0008181447
2025-11-10 02:00:00,-0.0052886054
2025-11-10 03:00:00,-0.0090922241
2025-11-10 04:00:00,0.0010143392
2025-11-10 05:00:00,0.0047811787
2025-11-10 06:00:00,-0.0089372687
2025-11-10 07:00:00,-0.0077112846
2025-11-10 08:00:00,-0.0015867834
2025-11-10 09:00:00,0.0118861089
2025-11-10 10:00:00,-0.0112324226
2025-11-10 11:00:00,0.0001866891
2025-11-10 12:00:00,-0.005615889
2025-11-10 13:00:00,0.0086912374
2025-11-10 14:00:00,-0.0106642732
2025-11-10 15:00:00,0.0091743763
2025-11-10 16:00:00,-0.0029864698
2025-11-10 17:00:00,0.0091180386
2025-11-10 18:00:00,-0.0044555908
2025-11-10 19:00:00,0.0009298866
2025-11-10 20:00:00,-0.0046581042
2025-11-10 21:00:00,-0.0237172737
2025-11-10 22:00:00,0.0059109715
2025-11-10 23:00:00,-0.009551171
2025-11-11 00:00:00,0.0001919202
2025-11-11 01:00:00,0.0029700621
2025-11-11 02:00:00,0.0048671184
2025-11-11 03:00:00,0.0040853223
2025-11-11 04:00:00,-0.0115387729
2025-11-11 05:00:00,-0.0093472133
2025-11-11 06:00:00,0.0034792729
2025-11-11 07:00:00,-0.0146754177
2025-11-11 08:00:00,0.0032256516
2025-11-11 09:00:00,-0.0013671877
2025-11-11 10:00:00,-0.0010755318
2025-11-11 11:00:00,0.004392608
2025-11-11 12:00:00,-0.0042947845
2025-11-11 13:00:00,-0.0060832213
2025-11-11 14:00:00,0.0118379311
2025-11-11 15:00:00,-0.0171665405
2025-11-11 16:00:00,-0.0008908687
2025-11-11 17:00:00,-0.0035714324
2025-11-11 18:00:00,-0.004681983
2025-11-11 19:00:00,0.0004991265
2025-11-11 20:00:00,-0.0085192197
2025-11-11 21:00:00,0.0024127889
2025-11-11 22:00:00,0.0097922445
2025-11-11 23:00:00,-0.0097922445
2025-11-12 00:00:00,-0.0024127889
2025-11-12 01:00:00,0.0007043317
2025-11-12 02:00:00,-0.0023160979
2025-11-12 03:00:00,0.0013097579
2025-11-12 04:00:00,0.0023130699
2025-11-12 05:00:00,0.0020070253
2025-11-12 06:00:00,-0.0026099192
2025-11-12 07:00:00,0.0003014924
2025-11-12 08:00:00,0.0184185604
2025-11-12 09:00:00,0.0032501137
2025-11-12 10:00:00,0.0046107895
2025-11-12 11:00:00,-0.0002936714
2025-11-12 12:00:00,0.0072188393
2025-11-12 13:00:00,0.0100581119
2025-11-12 14:00:00,-0.024351062
2025-11-12 15:00:00,-0.0140001294
2025-11-12 16:00:00,-0.048765167
2025-11-12 17:00:00,0.0090923969
2025-11-12 18:00:00,0.0037383221
2025-11-12 19:00:00,0.008052072
2025-11-12 20:00:00,0.0113480745
2025-11-12 21:00:00,-0.0018315023
2025-11-12 22:00:00,0.0
2025-11-12 23:00:00,-0.0063343081
2025-11-13 00:00:00,0.0046014704
2025-11-13 01:00:00,0.0081284739
2025-11-13 02:00:00,0.0038380009
2025-11-13 03:00:00,-0.0005041593
2025-11-13 04:00:00,0.0059329452
2025-11-13 05:00:00,0.0119594808
2025-11-13 06:00:00,-0.0006937218
2025-11-13 07:00:00,-0.0023821351
2025-11-13 08:00:00,-0.002985671
2025-11-13 09:00:00,-0.0069010625
2025-11-13 10:00:00,-0.0033174195
2025-11-13 11:00:00,0.008322936
2025-11-13 12:00:00,0.0082542361
2025-11-13 13:00:00,-0.0033730191
2025-11-13 14:00:00,0.0127377679
2025-11-13 15:00:00,-0.0258412312
2025-11-13 16:00:00,-0.0207535424
2025-11-13 17:00:00,-0.0168977223
2025-11-13 18:00:00,-0.0041906819
2025-11-13 19:00:00,-0.0044191991
2025-11-13 20:00:00,-0.0020055952
2025-11-13 21:00:00,0.0045332427
2025-11-13 22:00:00,0.0139964683
2025-11-13 23:00:00,0.0013474996
2025-11-14 00:00:00,-0.0068600207
2025-11-14 01:00:00,-0.0021926399
2025-11-14 02:00:00,0.0062519741
2025-11-14 03:00:00,-0.0014553017
2025-11-14 04:00:00,-0.0095114383
2025-11-14 05:00:00,0.009823467
2025-11-14 06:00:00,0.0140440144
2025-11-14 07:00:00,0.0063375455
2025-11-14 08:00:00,-0.007979582
2025-11-14 09:00:00,-0.0163615538
2025-11-14 10:00:00,0.0042715073
2025-11-14 11:00:00,-0.0012483097
2025-11-14 12:00:00,-0.0018753913
2025-11-14 13:00:00,-0.0081675847
2025-11-14 14:00:00,0.0134720851
2025-11-14 15:00:00,0.0045539305
2025-11-14 16:00:00,0.0082271135
2025-11-14 17:00:00,-0.0139227743
2025-11-14 18:00:00,0.0042489312
2025-11-14 19:00:00,0.0302513265
2025-11-14 20:00:00,-0.0152659286
2025-11-14 21:00:00,0.0041681553
2025-11-14 22:00:00,-0.0035570951
2025-11-14 23:00:00,-0.0063323672
2025-11-15 00:00:00,0.007248258
2025-11-15 01:00:00,0.0347861161
2025-11-15 02:00:00,0.0327613007
2025-11-15 03:00:00,-0.0146533293
2025-11-15 04:00:00,0.0067307946
2025-11-15 05:00:00,-0.0045142467
2025-11-15 06:00:00,-0.0001925484
2025-11-15 07:00:00,-0.0119135508
2025-11-15 08:00:00,-0.0059614152
2025-11-15 09:00:00,0.0035225085
2025-11-15 10:00:00,-0.0003907777
2025-11-15 11:00:00,0.0011718751
2025-11-15 12:00:00,0.0386725066
2025-11-15 13:00:00,-0.0013154188
2025-11-15 14:00:00,-0.0129644588
2025-11-15 15:00:00,-0.0076489521
2025-11-15 16:00:00,-0.0022099457
2025-11-15 17:00:00,-0.0065624632
2025-11-15 18:00:00,0.0026108413
2025-11-15 19:00:00,-0.0026108413
2025-11-15 20:00:00,-0.0110993253
2025-11-15 21:00:00,-0.0033343171
2025-11-15 22:00:00,0.0043128865
2025-11-15 23:00:00,-0.0055907163
2025-11-16 00:00:00,-0.002166208
2025-11-16 01:00:00,-0.0089109501
2025-11-16 02:00:00,0.0132386838
2025-11-16 03:00:00,0.0049929126
2025-11-16 04:00:00,-0.004109997
2025-11-16 05:00:00,-0.0003923107
2025-11-16 06:00:00,-0.0063967152
2025-11-16 07:00:00,0.0056116318
2025-11-16 08:00:00,-0.0010804971
2025-11-16 09:00:00,0.0057817791
2025-11-16 10:00:00,-0.0029357101
2025-11-16 11:00:00,-0.014809235
2025-11-16 12:00:00,0.0081228777
2025-11-16 13:00:00,-0.0082223456
2025-11-16 14:00:00,0.003574624
2025-11-16 15:00:00,-0.0313107573
2025-11-16 16:00:00,-0.0052294403
2025-11-16 17:00:00,-0.0185738154
2025-11-16 18:00:00,0.0055355512
2025-11-16 19:00:00,-0.0017722183
2025-11-16 20:00:00,-0.0008350731
2025-11-16 21:00:00,-0.0009402916
2025-11-16 22:00:00,0.0073939415
2025-11-16 23:00:00,-0.0071849114
2025-11-17 00:00:00,0.0166851894
2025-11-17 01:00:00,-0.0092927876
2025-11-17 02:00:00,0.0064109412
2025-11-17 03:00:00,0.0014419613
2025-11-17 04:00:00,-0.0053663699
2025-11-17 05:00:00,0.0033057881
2025-11-17 06:00:00,0.0021634995
2025-11-17 07:00:00,-0.0021634995
2025-11-17 08:00:00,-0.0069340511
2025-11-17 09:00:00,-0.0004154981
2025-11-17 10:00:00,0.0028012676
2025-11-17 11:00:00,-0.0007255014
2025-11-17 12:00:00,-0.0055102286
2025-11-17 13:00:00,-0.0191564641
2025-11-17 14:00:00,0.0153962759
2025-11-17 15:00:00,-0.0113661506
2025-11-17 16:00:00,0.0083267938
2025-11-17 17:00:00,-0.018860487
2025-11-17 18:00:00,-0.0092414154
2025-11-17 19:00:00,-0.0081296854
2025-11-17 20:00:00,0.001413889
2025-11-17 21:00:00,-0.0041385378
2025-11-17 22:00:00,-0.0042653316
2025-11-17 23:00:00,-0.0012063389
2025-11-18 00:00:00,0.0090666414
2025-11-18 01:00:00,-0.0014146583
2025-11-18 02:00:00,-0.005678731
2025-11-18 03:00:00,0.0183391825
2025-11-18 04:00:00,0.0074986961
2025-11-18 05:00:00,0.0019191817
2025-11-18 06:00:00,-0.0018124638
2025-11-18 07:00:00,0.0174542962
2025-11-18 08:00:00,0.0042902802
2025-11-18 09:00:00,0.0035438853
2025-11-18 10:00:00,-0.0118270257
2025-11-18 11:00:00,0.0016831479
2025-11-18 12:00:00,0.0075393027
2025-11-18 13:00:00,0.0004171882
2025-11-18 14:00:00,-0.0116420634
2025-11-18 15:00:00,0.0149733178
2025-11-18 16:00:00,0.0017652255
2025-11-18 17:00:00,-0.0030131458
2025-11-18 18:00:00,-0.0083595053
2025-11-18 19:00:00,-0.0030476614
2025-11-18 20:00:00,0.0040964292
2025-11-18 21:00:00,-0.0068367345
2025-11-18 22:00:00,0.0144595981
2025-11-18 23:00:00,-0.0049012038
2025-11-19 00:00:00,0.001044823
2025-11-19 01:00:00,-0.0048152506
2025-11-19 02:00:00,-0.0007347925
2025-11-19 03:00:00,-0.0081185537
2025-11-19 04:00:00,-0.0064787014
2025-11-19 05:00:00,-0.0100664804
2025-11-19 06:00:00,0.0102795637
2025-11-19 07:00:00,0.0058420688
2025-11-19 08:00:00,-0.0013777756
2025-11-19 09:00:00,-0.0077721978
2025-11-19 10:00:00,0.0014952475
2025-11-19 11:00:00,-0.002564652
2025-11-19 12:00:00,0.000855615
2025-11-19 13:00:00,-0.008158053
2025-11-19 14:00:00,0.0091197456
2025-11-19 15:00:00,-0.0212647659
2025-11-19 16:00:00,-0.010528722
2025-11-19 17:00:00,-0.0078588041
2025-11-19 18:00:00,-0.0075850894
2025-11-19 19:00:00,0.0054715116
2025-11-19 20:00:00,0.0109641721
2025-11-19 21:00:00,0.0171448371
2025-11-19 22:00:00,-0.0027104695
2025-11-19 23:00:00,0.0078940664
2025-11-20 00:00:00,-0.0032365979
2025-11-20 01:00:00,0.0082862998
2025-11-20 02:00:00,-0.0027903002
2025-11-20 03:00:00,0.0011814619
2025-11-20 04:00:00,0.0039637954
2025-11-20 05:00:00,-0.0080511411
2025-11-20 06:00:00,-0.0007547577
2025-11-20 07:00:00,0.0031231515
2025-11-20 08:00:00,-0.0026917917
2025-11-20 09:00:00,-0.00486356
2025-11-20 10:00:00,0.0024887748
2025-11-20 11:00:00,-0.0001080789
2025-11-20 12:00:00,0.0020515043
2025-11-20 13:00:00,-0.0095373
2025-11-20 14:00:00,0.0044548343
2025-11-20 15:00:00,-0.0212564155
2025-11-20 16:00:00,-0.0373442909
2025-11-20 17:00:00,0.0005746136
2025-11-20 18:00:00,-0.0028763755
2025-11-20 19:00:00,0.0012666246
2025-11-20 20:00:00,-0.0025348556
2025-11-20 21:00:00,0.0116987227
2025-11-20 22:00:00,0.0102099582
2025-11-20 23:00:00,-0.0171897909
2025-11-21 00:00:00,0.0117574552
2025-11-21 01:00:00,-0.0026134894
2025-11-21 02:00:00,-0.0140936163
2025-11-21 03:00:00,0.0057530938
2025-11-21 04:00:00,0.0019485363
2025-11-21 05:00:00,-0.0068942017
2025-11-21 06:00:00,0.0016129036
2025-11-21 07:00:00,-0.0273062473
2025-11-21 08:00:00,-0.0031992444
2025-11-21 09:00:00,-0.0132610509
2025-11-21 10:00:00,-0.0028905235
2025-11-21 11:00:00,-0.0166619847
2025-11-21 12:00:00,0.0148511555
2025-11-21 13:00:00,0.0074636196
2025-11-21 14:00:00,0.0065746456
2025-11-21 15:00:00,-0.0226543006
2025-11-21 16:00:00,0.0183557865
2025-11-21 17:00:00,-0.0023960716
2025-11-21 18:00:00,-0.0013202907
2025-11-21 19:00:00,-0.0046951269
2025-11-21 20:00:00,-0.0112858427
2025-11-21 21:00:00,0.0079013357
2025-11-21 22:00:00,-0.0194394532
2025-11-21 23:00:00,0.0195605259
2025-11-22 00:00:00,0.0036253816
2025-11-22 01:00:00,0.0102011086
2025-11-22 02:00:00,-0.0055076768
2025-11-22 03:00:00,-0.0004803651
2025-11-22 04:00:00,-0.0089286307
2025-11-22 05:00:00,-0.0044943896
2025-11-22 06:00:00,0.0122210971
2025-11-22 07:00:00,0.0004809427
2025-11-22 08:00:00,-0.0175836702
2025-11-22 09:00:00,0.0009782344
2025-11-22 10:00:00,0.0003665913
2025-11-22 11:00:00,0.0115397576
2025-11-22 12:00:00,-0.0109290705
2025-11-22 13:00:00,-0.0078451003
2025-11-22 14:00:00,0.0073565805
2025-11-22 15:00:00,-0.0045301577
2025-11-22 16:00:00,0.0077012788
2025-11-22 17:00:00,-0.0018282655
2025-11-22 18:00:00,0.0031668723
2025-11-22 19:00:00,-0.0021913814
2025-11-22 20:00:00,-0.0072167153
2025-11-22 21:00:00,0.0034313759
2025-11-22 22:00:00,0.0138503004
2025-11-22 23:00:00,-0.0095775722
2025-11-23 00:00:00,-0.0009750153
2025-11-23 01:00:00,0.0140455148
2025-11-23 02:00:00,0.0073076096
2025-11-23 03:00:00,-0.0020311854
2025-11-23 04:00:00,0.0044155451
2025-11-23 05:00:00,-0.0027425046
2025-11-23 06:00:00,-0.0091160521
2025-11-23 07:00:00,0.0010838804
2025-11-23 08:00:00,0.0036044734
2025-11-23 09:00:00,-0.0016804709
2025-11-23 10:00:00,-0.0018036438
2025-11-23 11:00:00,-0.0009632752
2025-11-23 12:00:00,0.00444739
2025-11-23 13:00:00,0.0056210158
2025-11-23 14:00:00,-0.0106709243
2025-11-23 15:00:00,0.0088804136
2025-11-23 16:00:00,-0.0019134184
2025-11-23 17:00:00,-0.0066054405
2025-11-23 18:00:00,0.0054076921
2025-11-23 19:00:00,0.0052593953
2025-11-23 20:00:00,-0.0005962674
2025-11-23 21:00:00,0.0061838703
2025-11-23 22:00:00,-0.002849343
2025-11-23 23:00:00,-0.0122011083
2025-11-24 00:00:00,-0.0007223694
2025-11-24 01:00:00,0.0025260133
2025-11-24 02:00:00,0.0115856775
2025-11-24 03:00:00,-0.0003563157
2025-11-24 04:00:00,-0.0091891571
2025-11-24 05:00:00,0.0093079431
2025-11-24 06:00:00,-0.0046431419
2025-11-24 07:00:00,0.000238635
2025-11-24 08:00:00,0.0021451563
2025-11-24 09:00:00,-0.0101705932
2025-11-24 10:00:00,0.0009616541
2025-11-24 11:00:00,-0.0019242339
2025-11-24 12:00:00,-0.0062794555
2025-11-24 13:00:00,0.0056773723
2025-11-24 14:00:00,0.0039670666
2025-11-24 15:00:00,0.0091957416
2025-11-24 16:00:00,0.0091119499
2025-11-24 17:00:00,0.0221351069
2025-11-24 18:00:00,-0.0062413517
2025-11-24 19:00:00,-0.0029027597
2025-11-24 20:00:00,0.0109859445
2025-11-24 21:00:00,-0.0111022304
2025-11-24 22:00:00,0.0013945383
2025-11-24 23:00:00,-0.0072261387
2025-11-25 00:00:00,0.0078066228
2025-11-25 01:00:00,-0.0026730215
2025-11-25 02:00:00,-0.000931424
2025-11-25 03:00:00,-0.0047872121
2025-11-25 04:00:00,-0.001053926
2025-11-25 05:00:00,-0.0045798917
2025-11-25 06:00:00,-0.0055473733
2025-11-25 07:00:00,-0.004983399
2025-11-25 08:00:00,-0.0038136144
2025-11-25 09:00:00,0.009152022
2025-11-25 10:00:00,-0.0066476978
2025-11-25 11:00:00,-0.0025043242
2025-11-25 12:00:00,0.0048835783
2025-11-25 13:00:00,-0.0061978744
2025-11-25 14:00:00,0.0046520034
2025-11-25 15:00:00,0.001545871
2025-11-25 16:00:00,0.0116946581
2025-11-25 17:00:00,0.0122557706
2025-11-25 18:00:00,-0.0058173521
2025-11-25 19:00:00,-0.0037409443
2025-11-25 20:00:00,0.0050236685
2025-11-25 21:00:00,-0.0106614565
2025-11-25 22:00:00,0.0077437909
2025-11-25 23:00:00,-0.0028089906
2025-11-26 00:00:00,0.0005858574
2025-11-26 01:00:00,0.0039747539
2025-11-26 02:00:00,-0.0071424693
2025-11-26 03:00:00,-0.0067205346
2025-11-26 04:00:00,0.0020091007
2025-11-26 05:00:00,0.0054162384
2025-11-26 06:00:00,0.0001174191
2025-11-26 07:00:00,0.0024626222
2025-11-26 08:00:00,-0.0068163385
2025-11-26 09:00:00,-0.0015341951
2025-11-26 10:00:00,-0.0002362391
2025-11-26 11:00:00,-0.0056865454
2025-11-26 12:00:00,-0.0036898215
2025-11-26 13:00:00,0.0066555986
2025-11-26 14:00:00,-0.0077293922
2025-11-26 15:00:00,0.0
2025-11-26 16:00:00,0.0050012012
2025-11-26 17:00:00,0.0235940283
2025-11-26 18:00:00,0.0090080295
2025-11-26 19:00:00,-0.0042629248
2025-11-26 20:00:00,-0.0009241077
2025-11-26 21:00:00,0.0056468027
2025-11-26 22:00:00,0.0008040894
2025-11-26 23:00:00,-0.0026444396
2025-11-27 00:00:00,-0.002189824
2025-11-27 01:00:00,0.0026502291
2025-11-27 02:00:00,-0.0036891903
2025-11-27 03:00:00,-0.0041666727
2025-11-27 04:00:00,0.0015066353
2025-11-27 05:00:00,0.0009260332
2025-11-27 06:00:00,0.0028883389
2025-11-27 07:00:00,-0.0021943763
2025-11-27 08:00:00,0.0004623743
2025-11-27 09:00:00,0.0069100816
2025-11-27 10:00:00,-0.0061014407
2025-11-27 11:00:00,-0.0017336034
2025-11-27 12:00:00,-0.0005785363
2025-11-27 13:00:00,0.0032355009
2025-11-27 14:00:00,0.0006919617
2025-11-27 15:00:00,0.0052891925
2025-11-27 16:00:00,-0.0003440959
2025-11-27 17:00:00,0.0
2025-11-27 18:00:00,0.0017192967
2025-11-27 19:00:00,-0.0001145279
2025-11-27 20:00:00,0.0026308279
2025-11-27 21:00:00,-0.0021727952
2025-11-27 22:00:00,-0.0085077542
2025-11-27 23:00:00,-0.0001154668
2025-11-28 00:00:00,-0.0054420328
2025-11-28 01:00:00,-0.0119132453
2025-11-28 02:00:00,0.0028159118
2025-11-28 03:00:00,-0.0004687683
2025-11-28 04:00:00,-0.0032875455
2025-11-28 05:00:00,0.0022320127
2025-11-28 06:00:00,-0.0037620548
2025-11-28 07:00:00,-0.0029489847
2025-11-28 08:00:00,0.0166358101
2025-11-28 09:00:00,-0.0045414925
2025-11-28 10:00:00,0.0001167065
2025-11-28 11:00:00,-0.0072616857
2025-11-28 12:00:00,0.0007050529
2025-11-28 13:00:00,0.0060897249
2025-11-28 14:00:00,0.0041943438
2025-11-28 15:00:00,-0.0001162723
2025-11-28 16:00:00,-0.0157040612
2025-11-28 17:00:00,-0.0118822691
2025-11-28 18:00:00,0.0039367781
2025-11-28 19:00:00,0.0097157162
2025-11-28 20:00:00,-0.0014159294
2025-11-28 21:00:00,-0.002956308
2025-11-28 22:00:00,0.0037825104
2025-11-28 23:00:00,-0.0055604994
2025-11-29 00:00:00,0.0016595547
2025-11-29 01:00:00,0.0024841794
2025-11-29 02:00:00,-0.0022473249
2025-11-29 03:00:00,-0.0001184203
2025-11-29 04:00:00,0.0146949097
2025-11-29 05:00:00,-0.0092620394
2025-11-29 06:00:00,-0.0048409092
2025-11-29 07:00:00,-0.0022513192
2025-11-29 08:00:00,-0.0014245017
2025-11-29 09:00:00,0.0033206862
2025-11-29 10:00:00,0.0021289186
2025-11-29 11:00:00,0.0004724782
2025-11-29 12:00:00,-0.0054470235
2025-11-29 13:00:00,0.0001187296
2025-11-29 14:00:00,-0.0011879308
2025-11-29 15:00:00,0.0036780014
2025-11-29 16:00:00,-0.0023713552
2025-11-29 17:00:00,-0.0079852638
2025-11-29 18:00:00,0.0005981219
2025-11-29 19:00:00,0.0019115896
2025-11-29 20:00:00,0.0058316143
2025-11-29 21:00:00,-0.0011873666
2025-11-29 22:00:00,-0.0030937673
2025-11-29 23:00:00,0.0004765876
2025-11-30 00:00:00,0.0016662703
2025-11-30 01:00:00,0.0026128281
2025-11-30 02:00:00,-0.0035646426
2025-11-30 03:00:00,0.0019027238
2025-11-30 04:00:00,-0.0020217644
2025-11-30 05:00:00,-0.0015488178
2025-11-30 06:00:00,0.001072514
2025-11-30 07:00:00,0.0021415832
2025-11-30 08:00:00,0.0015438516
2025-11-30 09:00:00,0.0010674258
2025-11-30 10:00:00,-0.0032057018
2025-11-30 11:00:00,-0.0017853959
2025-11-30 12:00:00,0.0051096303
2025-11-30 13:00:00,0.0048477777
2025-11-30 14:00:00,-0.0073399169
2025-11-30 15:00:00,-0.0026174911
2025-11-30 16:00:00,0.0057020824
2025-11-30 17:00:00,-0.000948092
2025-11-30 18:00:00,-0.0039204089
2025-11-30 19:00:00,-0.0004762472
2025-11-30 20:00:00,-0.0013108505
2025-11-30 21:00:00,0.0003576751
2025-11-30 22:00:00,0.001310382
2025-11-30 23:00:00,-0.0193527285
2025-12-01 00:00:00,-0.0547552436
2025-12-01 01:00:00,0.0090613855
2025-12-01 02:00:00,-0.0022894948
2025-12-01 03:00:00,-0.0057467753
2025-12-01 04:00:00,-0.0128900986
2025-12-01 05:00:00,0.002850112
2025-12-01 06:00:00,0.0024549402
2025-12-01 07:00:00,0.0001290406
2025-12-01 08:00:00,0.005276378
2025-12-01 09:00:00,-0.0037291884
2025-12-01 10:00:00,0.003472449
2025-12-01 11:00:00,-0.005794132
2025-12-01 12:00:00,-0.0060877074
2025-12-01 13:00:00,-0.0056022555
2025-12-01 14:00:00,0.0023489506
2025-12-01 15:00:00,-0.0143094007
2025-12-01 16:00:00,-0.0059677917
2025-12-01 17:00:00,0.0062322021
2025-12-01 18:00:00,0.0068502442
2025-12-01 19:00:00,-0.0018396851
2025-12-01 20:00:00,0.0108575859
2025-12-01 21:00:00,0.0058377282
2025-12-01 22:00:00,0.0029706189
2025-12-01 23:00:00,0.0006446207
2025-12-02 00:00:00,0.0021886072
2025-12-02 01:00:00,-0.0015444019
2025-12-02 02:00:00,0.000257566
2025-12-02 03:00:00,0.0018011069
2025-12-02 04:00:00,-0.0032185416
2025-12-02 05:00:00,-0.0002579314
2025-12-02 06:00:00,0.0057874253
2025-12-02 07:00:00,0.0011534766
2025-12-02 08:00:00,-0.009394574
2025-12-02 09:00:00,0.0074713732
2025-12-02 10:00:00,0.0080527054
2025-12-02 11:00:00,0.002542913
2025-12-02 12:00:00,-0.0027975603
2025-12-02 13:00:00,0.0108916984
2025-12-02 14:00:00,0.0120196764
2025-12-02 15:00:00,0.0274965156
2025-12-02 16:00:00,-0.0052200422
2025-12-02 17:00:00,0.0009732361
2025-12-02 18:00:00,0.0063030512
2025-12-02 19:00:00,0.0004832085
2025-12-02 20:00:00,0.0003622532
2025-12-02 21:00:00,0.0040963913
2025-12-02 22:00:00,0.0018019105
2025-12-02 23:00:00,-0.0060190383
2025-12-03 00:00:00,0.0064989999
2025-12-03 01:00:00,-0.0021616437
2025-12-03 02:00:00,0.0061125617
2025-12-03 03:00:00,0.0040543819
2025-12-03 04:00:00,0.0112420567
2025-12-03 05:00:00,0.0018810257
2025-12-03 06:00:00,-0.0008225134
2025-12-03 07:00:00,0.0016443509
2025-12-03 08:00:00,0.0009384165
2025-12-03 09:00:00,-0.0005864071
2025-12-03 10:00:00,-0.0014087816
2025-12-03 11:00:00,0.0041034116
2025-12-03 12:00:00,0.0029207334
2025-12-03 13:00:00,-0.0063195061
2025-12-03 14:00:00,-0.0044711217
2025-12-03 15:00:00,0.0044711217
2025-12-03 16:00:00,0.0011732959
2025-12-03 17:00:00,0.00234247
2025-12-03 18:00:00,0.0004678363
2025-12-03 19:00:00,0.0029190283
2025-12-03 20:00:00,0.0
2025-12-03 21:00:00,0.0089374398
2025-12-03 22:00:00,-0.0042846455
2025-12-03 23:00:00,-0.0023236911
2025-12-04 00:00:00,0.003135709
2025-12-04 01:00:00,-0.0017408465
2025-12-04 02:00:00,0.0041729515
2025-12-04 03:00:00,-0.0027800319
2025-12-04 04:00:00,-0.0036023512
2025-12-04 05:00:00,0.0011634673
2025-12-04 06:00:00,-0.0032611256
2025-12-04 07:00:00,-0.0011672699
2025-12-04 08:00:00,-0.0064444537
2025-12-04 09:00:00,-0.0016470592
2025-12-04 10:00:00,-0.0040113315
2025-12-04 11:00:00,-0.0062852267
2025-12-04 12:00:00,0.0024951002
2025-12-04 13:00:00,-0.0017815789
2025-12-04 14:00:00,-0.0079967007
2025-12-04 15:00:00,0.0123855341
2025-12-04 16:00:00,-0.008558236
2025-12-04 17:00:00,-0.0002387775
2025-12-04 18:00:00,-0.0011947433
2025-12-04 19:00:00,-0.0034728494
2025-12-04 20:00:00,0.0080052999
2025-12-04 21:00:00,-0.0046520034
2025-12-04 22:00:00,0.002388346
2025-12-04 23:00:00,-0.0033452839
2025-12-05 00:00:00,0.0019129609
2025-12-05 01:00:00,-0.0003584015
2025-12-05 02:00:00,0.0014328361
2025-12-05 03:00:00,-0.0047841259
2025-12-05 04:00:00,-0.0011996163
2025-12-05 05:00:00,0.0002400384
2025-12-05 06:00:00,0.0045498163
2025-12-05 07:00:00,-0.0003584444
2025-12-05 08:00:00,-0.0040713743
2025-12-05 09:00:00,-0.0142600604
2025-12-05 10:00:00,0.0018240414
2025-12-05 11:00:00,-0.0010940255
2025-12-05 12:00:00,0.0024295444
2025-12-05 13:00:00,-0.0035247682
2025-12-05 14:00:00,-0.0024381336
2025-12-05 15:00:00,0.0003660992
2025-12-05 16:00:00,-0.0163605347
2025-12-05 17:00:00,-0.0012410029
2025-12-05 18:00:00,-0.0062282214
2025-12-05 19:00:00,0.0054828798
2025-12-05 20:00:00,-0.0048583092
2025-12-05 21:00:00,-0.0011245081
2025-12-05 22:00:00,0.0034943253
2025-12-05 23:00:00,0.0028612323
2025-12-06 00:00:00,-0.0003727403
2025-12-06 01:00:00,-0.0026130793
2025-12-06 02:00:00,0.0032342359
2025-12-06 03:00:00,0.0021090511
2025-12-06 04:00:00,-0.003103087
2025-12-06 05:00:00,-0.001492909
2025-12-06 06:00:00,0.001492909
2025-12-06 07:00:00,-0.0031127461
2025-12-06 08:00:00,-0.0013726838
2025-12-06 09:00:00,0.0056036508
2025-12-06 10:00:00,0.0016130036
2025-12-06 11:00:00,0.0059332683
2025-12-06 12:00:00,0.00184695
2025-12-06 13:00:00,0.0034385396
2025-12-06 14:00:00,0.001470048
2025-12-06 15:00:00,-0.0092234559
2025-12-06 16:00:00,0.0024679183
2025-12-06 17:00:00,0.0066331161
2025-12-06 18:00:00,0.0040320172
2025-12-06 19:00:00,-0.0041544537
2025-12-06 20:00:00,0.0015905062
2025-12-06 21:00:00,0.0010996397
2025-12-06 22:00:00,-0.0018334051
2025-12-06 23:00:00,-0.0002447082
2025-12-07 00:00:00,0.0067077512
2025-12-07 01:00:00,-0.0026777036
2025-12-07 02:00:00,0.0031637894
2025-12-07 03:00:00,-0.000972408
2025-12-07 04:00:00,-0.0015821825
2025-12-07 05:00:00,0.0003653413
2025-12-07 06:00:00,0.0069162443
2025-12-07 07:00:00,-0.0046055105
2025-12-07 08:00:00,-0.0030415499
2025-12-07 09:00:00,-0.0054982117
2025-12-07 10:00:00,0.0023251555
2025-12-07 11:00:00,-0.0007336757
2025-12-07 12:00:00,0.0071912066
2025-12-07 13:00:00,-0.0071912066
2025-12-07 14:00:00,-0.0216391751
2025-12-07 15:00:00,0.0206601027
2025-12-07 16:00:00,-0.0009800319
2025-12-07 17:00:00,0.0178565328
2025-12-07 18:00:00,0.0015639101
2025-12-07 19:00:00,0.0002403846
2025-12-07 20:00:00,-0.0001201851
2025-12-07 21:00:00,-0.0219949325
2025-12-07 22:00:00,-0.0046798115
2025-12-07 23:00:00,0.0055394984
2025-12-08 00:00:00,-0.0023351575
2025-12-08 01:00:00,0.0107698997
2025-12-08 02:00:00,0.0050995739
2025-12-08 03:00:00,-0.0008481251
2025-12-08 04:00:00,0.0041127432
2025-12-08 05:00:00,0.0062575415
2025-12-08 06:00:00,0.0041898667
2025-12-08 07:00:00,-0.0058707411
2025-12-08 08:00:00,0.0025202534
2025-12-08 09:00:00,0.0047829817
2025-12-08 10:00:00,0.0004770423
2025-12-08 11:00:00,-0.0032244609
2025-12-08 12:00:00,-0.000717961
2025-12-08 13:00:00,-0.0004789272
2025-12-08 14:00:00,-0.0005989817
2025-12-08 15:00:00,0.0002396358
2025-12-08 16:00:00,0.0021541416
2025-12-08 17:00:00,0.0042944119
2025-12-08 18:00:00,-0.0095683065
2025-12-08 19:00:00,0.0002403268
2025-12-08 20:00:00,0.0086135238
2025-12-08 21:00:00,0.0051090232
2025-12-08 22:00:00,-0.0034427529
2025-12-08 23:00:00,-0.0022620404
2025-12-09 00:00:00,0.0014292523
2025-12-09 01:00:00,-0.0060884806
2025-12-09 02:00:00,-0.0035988523
2025-12-09 03:00:00,0.0037185912
2025-12-09 04:00:00,-0.0061250417
2025-12-09 05:00:00,-0.0012054003
2025-12-09 06:00:00,-0.0003619036
2025-12-09 07:00:00,0.0067340322
2025-12-09 08:00:00,0.0013174443
2025-12-09 09:00:00,-0.0020367826
2025-12-09 10:00:00,-0.0003598633
2025-12-09 11:00:00,-0.0009602689
2025-12-09 12:00:00,0.0106314087
2025-12-09 13:00:00,0.0047415926
2025-12-09 14:00:00,-0.0103418455
2025-12-09 15:00:00,0.025831477
2025-12-09 16:00:00,0.0150239738
2025-12-09 17:00:00,-0.0063287709
2025-12-09 18:00:00,-0.0006928407
2025-12-09 19:00:00,-0.0015028036
2025-12-09 20:00:00,-0.0056847998
2025-12-09 21:00:00,-0.0063025419
2025-12-09 22:00:00,0.009786866
2025-12-09 23:00:00,-0.0040662269
2025-12-10 00:00:00,-0.0070093745
2025-12-10 01:00:00,-0.0021124289
2025-12-10 02:00:00,-0.0019991775
2025-12-10 03:00:00,-0.0027111468
2025-12-10 04:00:00,-0.0017721075
2025-12-10 05:00:00,-0.0001182522
2025-12-10 06:00:00,-0.0020124304
2025-12-10 07:00:00,-0.0024915478
2025-12-10 08:00:00,0.000118786
2025-12-10 09:00:00,0.0053308188
2025-12-10 10:00:00,-0.0079473759
2025-12-10 11:00:00,0.0024977711
2025-12-10 12:00:00,0.0003563157
2025-12-10 13:00:00,0.0021352321
2025-12-10 14:00:00,-0.0039180816
2025-12-10 15:00:00,0.0016640917
2025-12-10 16:00:00,0.0053301873
2025-12-10 17:00:00,0.0018883518
2025-12-10 18:00:00,0.0017670971
2025-12-10 19:00:00,0.0086722681
2025-12-10 20:00:00,-0.0033896356
2025-12-10 21:00:00,-0.006342516
2025-12-10 22:00:00,0.0049365403
2025-12-10 23:00:00,-0.0110824053
2025-12-11 00:00:00,-0.0185467476
2025-12-11 01:00:00,-0.0152117323
2025-12-11 02:00:00,-0.0077553168
2025-12-11 03:00:00,-0.002722437
2025-12-11 04:00:00,0.0112132282
2025-12-11 05:00:00,-0.000245098
2025-12-11 06:00:00,-0.0040528149
2025-12-11 07:00:00,-0.0044400665
2025-12-11 08:00:00,0.0008648916
2025-12-11 09:00:00,0.0006173221
2025-12-11 10:00:00,-0.0017294631
2025-12-11 11:00:00,0.0012356359
2025-12-11 12:00:00,-0.0035875587
2025-12-11 13:00:00,0.0018572407
2025-12-11 14:00:00,0.0007419315
2025-12-11 15:00:00,0.0012353306
2025-12-11 16:00:00,0.0020965661
2025-12-11 17:00:00,0.0028295522
2025-12-11 18:00:00,0.0035563223
2025-12-11 19:00:00,-0.0003673095
2025-12-11 20:00:00,0.009021151
2025-12-11 21:00:00,0.0102626919
2025-12-11 22:00:00,-0.003730674
2025-12-11 23:00:00,0.0002411091
2025-12-12 00:00:00,-0.0079874562
2025-12-12 01:00:00,0.0069020072
2025-12-12 02:00:00,0.0049353094
2025-12-12 03:00:00,-0.0040909695
2025-12-12 04:00:00,-0.0024142938
2025-12-12 05:00:00,0.0045821858
2025-12-12 06:00:00,0.0033629626
2025-12-12 07:00:00,0.0002397794
2025-12-12 08:00:00,-0.0001198825
2025-12-12 09:00:00,0.0062149118
2025-12-12 10:00:00,0.0002382654
2025-12-12 11:00:00,0.0014284016
2025-12-12 12:00:00,0.0026134489
2025-12-12 13:00:00,-0.0023755802
2025-12-12 14:00:00,0.0019009154
2025-12-12 15:00:00,-0.0351506688
2025-12-12 16:00:00,-0.005053317
2025-12-12 17:00:00,0.0081221219
2025-12-12 18:00:00,0.002081421
2025-12-12 19:00:00,-0.0053961377
2025-12-12 20:00:00,0.0034372732
2025-12-12 21:00:00,0.0024479816
2025-12-12 22:00:00,0.0026858764
2025-12-12 23:00:00,-0.0007317966
2025-12-13 00:00:00,-0.0001220182
2025-12-13 01:00:00,0.0018287113
2025-12-13 02:00:00,0.000608828
2025-12-13 03:00:00,0.0023101719
2025-12-13 04:00:00,-0.0002429248
2025-12-13 05:00:00,-0.0012155101
2025-12-13 06:00:00,-0.0059774499
2025-12-13 07:00:00,0.001222793
2025-12-13 08:00:00,0.0019533641
2025-12-13 09:00:00,-0.0015868175
2025-12-13 10:00:00,-0.0003665465
2025-12-13 11:00:00,-0.0024470831
2025-12-13 12:00:00,-0.0012257908
2025-12-13 13:00:00,-0.0017186353
2025-12-13 14:00:00,0.0006141375
2025-12-13 15:00:00,0.0046551597
2025-12-13 16:00:00,0.0018316142
2025-12-13 17:00:00,-0.0045240647
2025-12-13 18:00:00,-0.0040523172
2025-12-13 19:00:00,0.0019668107
2025-12-13 20:00:00,-0.0004913401
2025-12-13 21:00:00,-0.0011063988
2025-12-13 22:00:00,-0.0002460327
2025-12-13 23:00:00,0.0023348705
2025-12-14 00:00:00,0.0003681659
2025-12-14 01:00:00,0.0004906771
2025-12-14 02:00:00,0.002082696
2025-12-14 03:00:00,-0.0018374477
2025-12-14 04:00:00,-0.0043005534
2025-12-14 05:00:00,-0.0013554312
2025-12-14 06:00:00,-0.0023455353
2025-12-14 07:00:00,0.0020988958
2025-12-14 08:00:00,-0.0013576059
2025-12-14 09:00:00,-0.0006177034
2025-12-14 10:00:00,-0.0043346405
2025-12-14 11:00:00,-0.0064749323
2025-12-14 12:00:00,0.0029936408
2025-12-14 13:00:00,0.000249066
2025-12-14 14:00:00,-0.0118996832
2025-12-14 15:00:00,-0.0053063927
2025-12-14 16:00:00,0.0056843455
2025-12-14 17:00:00,-0.0053043822
2025-12-14 18:00:00,0.0056821922
2025-12-14 19:00:00,-0.003279105
2025-12-14 20:00:00,-0.0020232683
2025-12-14 21:00:00,-0.0090279715
2025-12-14 22:00:00,0.0049691126
2025-12-14 23:00:00,0.0038056623
2025-12-15 00:00:00,0.0059332371
2025-12-15 01:00:00,0.0121350085
2025-12-15 02:00:00,-0.0027393866
2025-12-15 03:00:00,0.0021174574
2025-12-15 04:00:00,0.005459748
2025-12-15 05:00:00,0.0046913666
2025-12-15 06:00:00,-0.0014791079
2025-12-15 07:00:00,-0.0035835689
2025-12-15 08:00:00,0.0012371646
2025-12-15 09:00:00,0.0019762852
2025-12-15 10:00:00,-0.0006171697
2025-12-15 11:00:00,0.0009872887
2025-12-15 12:00:00,-0.0009872887
2025-12-15 13:00:00,-0.0040829008
2025-12-15 14:00:00,-0.0124752117
2025-12-15 15:00:00,-0.0223416249
2025-12-15 16:00:00,-0.011620531
2025-12-15 17:00:00,-0.0072993025
2025-12-15 18:00:00,0.0046985208
2025-12-15 19:00:00,0.0024709031
2025-12-15 20:00:00,-0.0078237457
2025-12-15 21:00:00,0.008083486
2025-12-15 22:00:00,0.0049222897
2025-12-15 23:00:00,0.0012913225
2025-12-16 00:00:00,-0.004526943
2025-12-16 01:00:00,0.0005184033
2025-12-16 02:00:00,0.0038794824
2025-12-16 03:00:00,0.0045071224
2025-12-16 04:00:00,-0.0059278524
2025-12-16 05:00:00,-0.0002585315
2025-12-16 06:00:00,0.0084964466
2025-12-16 07:00:00,-0.0108262431
2025-12-16 08:00:00,0.0001295756
2025-12-16 09:00:00,0.0050403984
2025-12-16 10:00:00,0.0112807247
2025-12-16 11:00:00,0.0069863733
2025-12-16 12:00:00,-0.001773724
2025-12-16 13:00:00,-0.0154625789
2025-12-16 14:00:00,0.0074416561
2025-12-16 15:00:00,0.0143412573
2025-12-16 16:00:00,-0.0037874051
2025-12-16 17:00:00,-0.0035479003
2025-12-16 18:00:00,0.0083428622
2025-12-16 19:00:00,-0.0032782781
2025-12-16 20:00:00,-0.0030356714
2025-12-16 21:00:00,0.0042978198
2025-12-16 22:00:00,-0.0002523023
2025-12-16 23:00:00,-0.0024000517
2025-12-17 00:00:00,0.0007585335
2025-12-17 01:00:00,0.0006316721
2025-12-17 02:00:00,0.0021447053
2025-12-17 03:00:00,-0.0029027597
2025-12-17 04:00:00,-0.0031647599
2025-12-17 05:00:00,0.0044278648
2025-12-17 06:00:00,-0.00290753
2025-12-17 07:00:00,-0.0021544904
2025-12-17 08:00:00,-0.0058531787
2025-12-17 09:00:00,-0.0030674871
2025-12-17 10:00:00,0.0017905108
2025-12-17 11:00:00,0.0061146687
2025-12-17 12:00:00,-0.0036898063
2025-12-17 13:00:00,0.0101459336
2025-12-17 14:00:00,0.0124147309
2025-12-17 15:00:00,-0.0252411179
2025-12-17 16:00:00,-0.0142887158
2025-12-17 17:00:00,-0.0101642783
2025-12-17 18:00:00,-0.0110629338
2025-12-17 19:00:00,0.0075203204
2025-12-17 20:00:00,0.0013135428
2025-12-17 21:00:00,-0.0081719184
2025-12-17 22:00:00,0.0092215118
2025-12-17 23:00:00,-0.0034152141
2025-12-18 00:00:00,0.0032840752
2025-12-18 01:00:00,-0.0076356348
2025-12-18 02:00:00,0.0075044786
2025-12-18 03:00:00,-0.006447815
2025-12-18 04:00:00,0.0007917657
2025-12-18 05:00:00,-0.0116758657
2025-12-18 06:00:00,0.0038628087
2025-12-18 07:00:00,0.0011957751
2025-12-18 08:00:00,0.0078037563
2025-12-18 09:00:00,0.0006585446
2025-12-18 10:00:00,0.0021044332
2025-12-18 11:00:00,0.0011818004
2025-12-18 12:00:00,0.001966569
2025-12-18 13:00:00,0.0218934841
2025-12-18 14:00:00,-0.0101746
2025-12-18 15:00:00,0.0074800452
2025-12-18 16:00:00,-0.0056693877
2025-12-18 17:00:00,-0.0300370145
2025-12-18 18:00:00,-0.008827127
2025-12-18 19:00:00,-0.0231019922
2025-12-18 20:00:00,0.0073962808
2025-12-18 21:00:00,0.0162429126
2025-12-18 22:00:00,-0.0025542798
2025-12-18 23:00:00,-0.0005385755
2025-12-19 00:00:00,-0.0008084075
2025-12-19 01:00:00,-0.00472878
2025-12-19 02:00:00,0.00486356
2025-12-19 03:00:00,0.0200140103
2025-12-19 04:00:00,0.0017158323
2025-12-19 05:00:00,-0.0040964709
2025-12-19 06:00:00,0.0013232766
2025-12-19 07:00:00,0.0022455594
2025-12-19 08:00:00,0.0026353949
2025-12-19 09:00:00,0.0003947109
2025-12-19 10:00:00,0.0010518013
2025-12-19 11:00:00,0.0011819556
2025-12-19 12:00:00,0.000393675
2025-12-19 13:00:00,-0.000787505
2025-12-19 14:00:00,0.0039313378
2025-12-19 15:00:00,-0.0032750406
2025-12-19 16:00:00,0.0051043891
2025-12-19 17:00:00,-0.0079953241
2025-12-19 18:00:00,0.0066889882
2025-12-19 19:00:00,0.0145343851
2025-12-19 20:00:00,0.0014161573
2025-12-19 21:00:00,-0.0050299971
2025-12-19 22:00:00,0.003356141
2025-12-19 23:00:00,-0.0012894908
2025-12-20 00:00:00,-0.0010327912
2025-12-20 01:00:00,-0.0021982294
2025-12-20 02:00:00,-0.0002589332
2025-12-20 03:00:00,-0.0040220619
2025-12-20 04:00:00,-0.0054751799
2025-12-20 05:00:00,0.0030020254
2025-12-20 06:00:00,0.0007816572
2025-12-20 07:00:00,0.0038991471
2025-12-20 08:00:00,0.0036255381
2025-12-20 09:00:00,0.0016788278
2025-12-20 10:00:00,-0.0051746558
2025-12-20 11:00:00,0.0031080056
2025-12-20 12:00:00,-0.0038865187
2025-12-20 13:00:00,-0.0006492242
2025-12-20 14:00:00,-0.0003897369
2025-12-20 15:00:00,-0.0039057464
2025-12-20 16:00:00,0.0019547801
2025-12-20 17:00:00,0.0013010671
2025-12-20 18:00:00,0.00376355
2025-12-20 19:00:00,0.0011651241
2025-12-20 20:00:00,0.0034872493
2025-12-20 21:00:00,0.0038605118
2025-12-20 22:00:00,0.0065288589
2025-12-20 23:00:00,-0.0071712434
2025-12-21 00:00:00,-0.0005142049
2025-12-21 01:00:00,-0.0067088369
2025-12-21 02:00:00,-0.0031116322
2025-12-21 03:00:00,0.002982174
2025-12-21 04:00:00,-0.0024628958
2025-12-21 05:00:00,0.0006487188
2025-12-21 06:00:00,0.0009074999
2025-12-21 07:00:00,0.0
2025-12-21 08:00:00,0.0029760001
2025-12-21 09:00:00,0.0027095043
2025-12-21 10:00:00,-0.0029679356
2025-12-21 11:00:00,0.000129224
2025-12-21 12:00:00,-0.0054418377
2025-12-21 13:00:00,-0.0172982953
2025-12-21 14:00:00,0.0046159001
2025-12-21 15:00:00,-0.0009214771
2025-12-21 16:00:00,0.0048610751
2025-12-21 17:00:00,-0.0001310702
2025-12-21 18:00:00,-0.0002621919
2025-12-21 19:00:00,0.0041868437
2025-12-21 20:00:00,-0.0043179655
2025-12-21 21:00:00,-0.0027575357
2025-12-21 22:00:00,0.0069449273
2025-12-21 23:00:00,0.0023477251
2025-12-22 00:00:00,0.0053271093
2025-12-22 01:00:00,0.0002591345
2025-12-22 02:00:00,0.0036208497
2025-12-22 03:00:00,0.00630511
2025-12-22 04:00:00,-0.0010266941
2025-12-22 05:00:00,-0.003988426
2025-12-22 06:00:00,-0.0007737942
2025-12-22 07:00:00,0.0036059279
2025-12-22 08:00:00,-0.0005143372
2025-12-22 09:00:00,0.0008999165
2025-12-22 10:00:00,0.0010274853
2025-12-22 11:00:00,0.000513347
2025-12-22 12:00:00,0.0029466423
2025-12-22 13:00:00,-0.0012800821
2025-12-22 14:00:00,0.0061295046
2025-12-22 15:00:00,0.0093766526
2025-12-22 16:00:00,-0.0055647039
2025-12-22 17:00:00,-0.0047034982
2025-12-22 18:00:00,-0.0022962123
2025-12-22 19:00:00,-0.0159632638
2025-12-22 20:00:00,-0.0083398972
2025-12-22 21:00:00,0.0036572664
2025-12-22 22:00:00,0.0055906016
2025-12-22 23:00:00,-0.0018167667
2025-12-23 00:00:00,0.0014277373
2025-12-23 01:00:00,-0.0038986404
2025-12-23 02:00:00,-0.0041753714
2025-12-23 03:00:00,0.0035241177
2025-12-23 04:00:00,0.0007814535
2025-12-23 05:00:00,0.0016910573
2025-12-23 06:00:00,-0.003124189
2025-12-23 07:00:00,0.0009122305
2025-12-23 08:00:00,-0.003131118
2025-12-23 09:00:00,0.0006531252
2025-12-23 10:00:00,-0.0006531252
2025-12-23 11:00:00,0.0044328625
2025-12-23 12:00:00,0.0013000522
2025-12-23 13:00:00,-0.0076948537
2025-12-23 14:00:00,-0.0056456528
2025-12-23 15:00:00,0.0094352685
2025-12-23 16:00:00,0.0070184847
2025-12-23 17:00:00,-0.009368969
2025-12-23 18:00:00,0.0094984775
2025-12-23 19:00:00,-0.0002590338
2025-12-23 20:00:00,0.0023288922
2025-12-23 21:00:00,-0.0044035818
2025-12-23 22:00:00,-0.0033805779
2025-12-23 23:00:00,0.002471546
2025-12-24 00:00:00,0.0023358433
2025-12-24 01:00:00,-0.0006482982
2025-12-24 02:00:00,-0.0112170212
2025-12-24 03:00:00,0.0043190958
2025-12-24 04:00:00,-0.0057629498
2025-12-24 05:00:00,-0.0044760475
2025-12-24 06:00:00,0.0006595001
2025-12-24 07:00:00,-0.0029050595
2025-12-24 08:00:00,-0.0045063032
2025-12-24 09:00:00,0.0062239491
2025-12-24 10:00:00,0.0047412179
2025-12-24 11:00:00,0.0001313801
2025-12-24 12:00:00,0.0039333996
2025-12-24 13:00:00,0.0018303051
2025-12-24 14:00:00,-0.0177905463
2025-12-24 15:00:00,0.0090007226
2025-12-24 16:00:00,-0.0013185656
2025-12-24 17:00:00,-0.0033040405
2025-12-24 18:00:00,-0.0003972195
2025-12-24 19:00:00,0.0029092853
2025-12-24 20:00:00,-0.0029092853
2025-12-24 21:00:00,-0.0001324416
2025-12-24 22:00:00,0.0073898462
2025-12-24 23:00:00,-0.0040840581
2025-12-25 00:00:00,-0.0027761271
2025-12-25 01:00:00,0.0052812375
2025-12-25 02:00:00,0.0030241296
2025-12-25 03:00:00,0.0006562111
2025-12-25 04:00:00,0.0017041362
2025-12-25 05:00:00,-0.0009172509
2025-12-25 06:00:00,0.0020953386
2025-12-25 07:00:00,0.0061297877
2025-12-25 08:00:00,-0.0027341987
2025-12-25 09:00:00,0.0016934805
2025-12-25 10:00:00,-0.0091527836
2025-12-25 11:00:00,0.0005252791
2025-12-25 12:00:00,0.0007874016
2025-12-25 13:00:00,-0.0001311906
2025-12-25 14:00:00,0.0001311906
2025-12-25 15:00:00,0.0091408315
2025-12-25 16:00:00,-0.0001299968
2025-12-25 17:00:00,0.0027263892
2025-12-25 18:00:00,0.0023310034
2025-12-25 19:00:00,0.0006465378
2025-12-25 20:00:00,-0.002329495
2025-12-25 21:00:00,-0.0023349343
2025-12-25 22:00:00,-0.0121514528
2025-12-25 23:00:00,-0.0052721883
2025-12-26 00:00:00,0.0043515596
2025-12-26 01:00:00,0.004463707
2025-12-26 02:00:00,0.0130142389
2025-12-26 03:00:00,0.0014212807
2025-12-26 04:00:00,0.0016770951
2025-12-26 05:00:00,0.0028317692
2025-12-26 06:00:00,-0.0003856785
2025-12-26 07:00:00,-0.0077449722
2025-12-26 08:00:00,-0.0027249741
2025-12-26 09:00:00,0.0025953817
2025-12-26 10:00:00,0.0025886631
2025-12-26 11:00:00,-0.0040152894
2025-12-26 12:00:00,0.0027217955
2025-12-26 13:00:00,0.0012934939
2025-12-26 14:00:00,-0.0198439932
2025-12-26 15:00:00,0.0097100881
2025-12-26 16:00:00,-0.0070764284
2025-12-26 17:00:00,0.0051157716
2025-12-26 18:00:00,0.00248285
2025-12-26 19:00:00,0.0019557996
2025-12-26 20:00:00,0.002731709
2025-12-26 21:00:00,-0.0040351503
2025-12-26 22:00:00,0.0013034413
2025-12-26 23:00:00,0.0010415311
2025-12-27 00:00:00,0.0022096584
2025-12-27 01:00:00,-0.0003895851
2025-12-27 02:00:00,0.0022056447
2025-12-27 03:00:00,0.0045257723
2025-12-27 04:00:00,-0.0041370453
2025-12-27 05:00:00,0.0011652749
2025-12-27 06:00:00,-0.0020725396
2025-12-27 07:00:00,-0.0011676939
2025-12-27 08:00:00,-0.000129828
2025-12-27 09:00:00,0.0034994527
2025-12-27 10:00:00,0.0007759959
2025-12-27 11:00:00,0.0063148609
2025-12-27 12:00:00,0.0034626517
2025-12-27 13:00:00,0.0002560164
2025-12-27 14:00:00,0.006760661
2025-12-27 15:00:00,-0.0002542912
2025-12-27 16:00:00,0.0007626796
2025-12-27 17:00:00,0.0027915257
2025-12-27 18:00:00,-0.0029185986
2025-12-27 19:00:00,0.0054496048
2025-12-27 20:00:00,0.0012631049
2025-12-27 21:00:00,0.0032766255
2025-12-27 22:00:00,-0.0011330019
2025-12-27 23:00:00,0.0110235364
2025-12-28 00:00:00,-0.0004984424
2025-12-28 01:00:00,-0.0052486999
2025-12-28 02:00:00,-0.0018812321
2025-12-28 03:00:00,-0.0040251627
2025-12-28 04:00:00,-0.0011350023
2025-12-28 05:00:00,-0.0027798855
2025-12-28 06:00:00,0.0053003658
2025-12-28 07:00:00,0.0023885862
2025-12-28 08:00:00,0.0030090294
2025-12-28 09:00:00,-0.0076657617
2025-12-28 10:00:00,0.0001261432
2025-12-28 11:00:00,-0.0011358618
2025-12-28 12:00:00,-0.003161958
2025-12-28 13:00:00,0.0001266705
2025-12-28 14:00:00,0.0042972766
2025-12-28 15:00:00,0.0003782864
2025-12-28 16:00:00,-0.0011352887
2025-12-28 17:00:00,0.001639448
2025-12-28 18:00:00,-0.0140856336
2025-12-28 19:00:00,-0.0001278037
2025-12-28 20:00:00,-0.0008950835
2025-12-28 21:00:00,-0.0014081805
2025-12-28 22:00:00,0.0029421192
2025-12-28 23:00:00,0.0039518185
2025-12-29 00:00:00,0.0081095224
2025-12-29 01:00:00,-0.0008837826
2025-12-29 02:00:00,-0.0018964542
2025-12-29 03:00:00,0.0128255247
2025-12-29 04:00:00,-0.0037551678
2025-12-29 05:00:00,-0.0030143203
2025-12-29 06:00:00,-0.0063091692
2025-12-29 07:00:00,0.0015178348
2025-12-29 08:00:00,-0.0040526905
2025-12-29 09:00:00,-0.0093071367
2025-12-29 10:00:00,0.0
2025-12-29 11:00:00,-0.0037215314
2025-12-29 12:00:00,-0.0027035742
2025-12-29 13:00:00,-0.0037455646
2025-12-29 14:00:00,0.00850411
2025-12-29 15:00:00,0.0033303476
2025-12-29 16:00:00,-0.0046142097
2025-12-29 17:00:00,0.0044863243
2025-12-29 18:00:00,-0.0101549815
2025-12-29 19:00:00,0.0055401804
2025-12-29 20:00:00,0.0011556984
2025-12-29 21:00:00,0.0028194303
2025-12-29 22:00:00,0.0017900529
2025-12-29 23:00:00,-0.001022495
2025-12-30 00:00:00,-0.0003837053
2025-12-30 01:00:00,0.0012784456
2025-12-30 02:00:00,-0.0043534
2025-12-30 03:00:00,0.002179069
2025-12-30 04:00:00,0.0011517053
2025-12-30 05:00:00,-0.0017921152
2025-12-30 06:00:00,0.001024459
2025-12-30 07:00:00,0.0006397544
2025-12-30 08:00:00,-0.0029462649
2025-12-30 09:00:00,0.0008976086
2025-12-30 10:00:00,-0.0010259042
2025-12-30 11:00:00,-0.0003849856
2025-12-30 12:00:00,-0.0024416898
2025-12-30 13:00:00,0.0056453832
2025-12-30 14:00:00,0.0045953617
2025-12-30 15:00:00,0.00101833
2025-12-30 16:00:00,-0.0045906737
2025-12-30 17:00:00,-0.003072199
2025-12-30 18:00:00,-0.0003846894
2025-12-30 19:00:00,0.0017939523
2025-12-30 20:00:00,-0.0053915407
2025-12-30 21:00:00,0.0028277654
2025-12-30 22:00:00,0.0011545123
2025-12-30 23:00:00,0.0103310657
2025-12-31 00:00:00,-0.0100746883
2025-12-31 01:00:00,0.0025601652
2025-12-31 02:00:00,-0.0025601652
2025-12-31 03:00:00,0.0001281641
2025-12-31 04:00:00,-0.0008974935
2025-12-31 05:00:00,0.0015380675
2025-12-31 06:00:00,0.0017914272
2025-12-31 07:00:00,-0.0010232797
2025-12-31 08:00:00,-0.0038466517
2025-12-31 09:00:00,0.0015404368
2025-12-31 10:00:00,-0.0003848868
2025-12-31 11:00:00,0.0025631182
2025-12-31 12:00:00,-0.0021782314
2025-12-31 13:00:00,0.0017941822
2025-12-31 14:00:00,0.0
2025-12-31 15:00:00,-0.0068093023
2025-12-31 16:00:00,-0.0093252845
2025-12-31 17:00:00,-0.0066584227
2025-12-31 18:00:00,0.0037915977
2025-12-31 19:00:00,-0.0020901379
2025-12-31 20:00:00,0.0020901379
2025-12-31 21:00:00,0.0011737856
2025-12-31 22:00:00,-0.0002607222
2025-12-31 23:00:00,0.0010424812
2026-01-01 00:00:00,0.0023416168
2026-01-01 01:00:00,0.0027249741
2026-01-01 02:00:00,-0.001686013
2026-01-01 03:00:00,-0.0035108287
2026-01-01 04:00:00,-0.0016948052
2026-01-01 05:00:00,0.0063731763
2026-01-01 06:00:00,0.0
2026-01-01 07:00:00,-0.0011675425
2026-01-01 08:00:00,0.0040158095
2026-01-01 09:00:00,0.0015501876
2026-01-01 10:00:00,-0.0007747934
2026-01-01 11:00:00,0.0034818528
2026-01-01 12:00:00,-0.0021908637
2026-01-01 13:00:00,0.0055323396
2026-01-01 14:00:00,0.0021787897
2026-01-01 15:00:00,0.0081601881
2026-01-01 16:00:00,0.0001269761
2026-01-01 17:00:00,0.0013956736
2026-01-01 18:00:00,0.0006337537
2026-01-01 19:00:00,0.0049295429
2026-01-01 20:00:00,0.000756239
2026-01-01 21:00:00,0.0023909909
2026-01-01 22:00:00,0.0030120505
2026-01-01 23:00:00,0.0010020041
2026-01-02 00:00:00,-0.0035114157
2026-01-02 01:00:00,-0.0039020756
2026-01-02 02:00:00,0.001386351
2026-01-02 03:00:00,0.0079031961
2026-01-02 04:00:00,-0.0053874715
2026-01-02 05:00:00,0.0020080328
2026-01-02 06:00:00,-0.0045237574
2026-01-02 07:00:00,-0.0022695761
2026-01-02 08:00:00,0.0018916709
2026-01-02 09:00:00,0.0095298527
2026-01-02 10:00:00,-0.0026241814
2026-01-02 11:00:00,-0.0037608168
2026-01-02 12:00:00,0.0058856848
2026-01-02 13:00:00,-0.0011243677
2026-01-02 14:00:00,0.0066031511
2026-01-02 15:00:00,-0.0021132459
2026-01-02 16:00:00,0.0133500129
2026-01-02 17:00:00,-0.0022126622
2026-01-02 18:00:00,-0.0018476325
2026-01-02 19:00:00,0.0016014786
2026-01-02 20:00:00,-0.0013549303
2026-01-02 21:00:00,0.0081021803
2026-01-02 22:00:00,0.0037830297
2026-01-02 23:00:00,-0.0024390256
2026-01-03 00:00:00,0.0014641291
2026-01-03 01:00:00,0.0063199044
2026-01-03 02:00:00,0.0016947105
2026-01-03 03:00:00,-0.0008469962
2026-01-03 04:00:00,-0.0016961477
2026-01-03 05:00:00,0.0010907109
2026-01-03 06:00:00,-0.0037619121
2026-01-03 07:00:00,-0.011002556
2026-01-03 08:00:00,-0.0006148171
2026-01-03 09:00:00,0.000983526
2026-01-03 10:00:00,0.0009825596
2026-01-03 11:00:00,-0.0020890945
2026-01-03 12:00:00,0.0027027043
2026-01-03 13:00:00,0.0037960004
2026-01-03 14:00:00,-0.0078528011
2026-01-03 15:00:00,0.0016000988
2026-01-03 16:00:00,0.0079623132
2026-01-03 17:00:00,0.0029239787
2026-01-03 18:00:00,0.0019445801
2026-01-03 19:00:00,-0.0015796832
2026-01-03 20:00:00,0.0012153623
2026-01-03 21:00:00,-0.0024322036
2026-01-03 22:00:00,0.003403431
2026-01-03 23:00:00,-0.0046217548
2026-01-04 00:00:00,0.0055920399
2026-01-04 01:00:00,-0.0032784924
2026-01-04 02:00:00,-0.0013387697
2026-01-04 03:00:00,0.0048596864
2026-01-04 04:00:00,-0.0010913722
2026-01-04 05:00:00,0.0002426301
2026-01-04 06:00:00,-0.0030371159
2026-01-04 07:00:00,0.0003649413
2026-01-04 08:00:00,-0.001460565
2026-01-04 09:00:00,0.0049814817
2026-01-04 10:00:00,-0.0015768091
2026-01-04 11:00:00,0.0014556043
2026-01-04 12:00:00,0.0013324452
2026-01-04 13:00:00,0.0004840857
2026-01-04 14:00:00,-0.0044867595
2026-01-04 15:00:00,0.0049706109
2026-01-04 16:00:00,0.0033804209
2026-01-04 17:00:00,-0.0007234145
2026-01-04 18:00:00,-0.0056849261
2026-01-04 19:00:00,-0.0034021904
2026-01-04 20:00:00,-0.0004869735
2026-01-04 21:00:00,-0.0028047089
2026-01-04 22:00:00,0.001342364
2026-01-04 23:00:00,0.0025577019
2026-01-05 00:00:00,0.0060635645
2026-01-05 01:00:00,0.0065076152
2026-01-05 02:00:00,-0.0102626919
2026-01-05 03:00:00,0.0021820835
2026-01-05 04:00:00,-0.0071702318
2026-01-05 05:00:00,-0.0037881148
2026-01-05 06:00:00,0.0050070325
2026-01-05 07:00:00,0.0034050866
2026-01-05 08:00:00,-0.0015794912
2026-01-05 09:00:00,-0.0052423162
2026-01-05 10:00:00,-0.0012230921
2026-01-05 11:00:00,0.0036647977
2026-01-05 12:00:00,-0.0004878644
2026-01-05 13:00:00,-0.0017094021
2026-01-05 14:00:00,0.0106965892
2026-01-05 15:00:00,0.0079480187
2026-01-05 16:00:00,-0.005291654
2026-01-05 17:00:00,0.0045717115
2026-01-05 18:00:00,0.0064608983
2026-01-05 19:00:00,-0.002148998
2026-01-05 20:00:00,0.0036981849
2026-01-05 21:00:00,-0.0033396978
2026-01-05 22:00:00,0.0040538985
2026-01-05 23:00:00,-0.0069254008
2026-01-06 00:00:00,0.0021543994
2026-01-06 01:00:00,-0.0037132462
2026-01-06 02:00:00,0.0027563083
2026-01-06 03:00:00,0.0035838051
2026-01-06 04:00:00,-0.0017902971
2026-01-06 05:00:00,-0.0038300466
2026-01-06 06:00:00,0.0035910979
2026-01-06 07:00:00,-0.0077970766
2026-01-06 08:00:00,-0.0001204311
2026-01-06 09:00:00,0.0002408478
2026-01-06 10:00:00,0.0022851655
2026-01-06 11:00:00,0.0063469466
2026-01-06 12:00:00,0.0053574746
2026-01-06 13:00:00,-0.0039260059
2026-01-06 14:00:00,0.000238379
2026-01-06 15:00:00,-0.0068161699
2026-01-06 16:00:00,-0.0089189455
2026-01-06 17:00:00,-0.0159866728
2026-01-06 18:00:00,0.0144115831
2026-01-06 19:00:00,-0.0007278021
2026-01-06 20:00:00,0.0043588881
2026-01-06 21:00:00,0.0120092713
2026-01-06 22:00:00,-0.0023903442
2026-01-06 23:00:00,0.0045367795
2026-01-07 00:00:00,-0.0112603011
2026-01-07 01:00:00,-0.0019293386
2026-01-07 02:00:00,0.0075753383
2026-01-07 03:00:00,-0.002518742
2026-01-07 04:00:00,-0.0010814059
2026-01-07 05:00:00,-0.0028894795
2026-01-07 06:00:00,-0.0015686278
2026-01-07 07:00:00,0.0070994823
2026-01-07 08:00:00,0.0057388967
2026-01-07 09:00:00,-0.0140466923
2026-01-07 10:00:00,0.0002417795
2026-01-07 11:00:00,-0.0002417795
2026-01-07 12:00:00,-0.0016940953
2026-01-07 13:00:00,-0.0018182925
2026-01-07 14:00:00,-0.0029161625
2026-01-07 15:00:00,-0.0083089432
2026-01-07 16:00:00,-0.0006136852
2026-01-07 17:00:00,0.0003682563
2026-01-07 18:00:00,-0.0014738396
2026-01-07 19:00:00,0.0003686636
2026-01-07 20:00:00,-0.0011063988
2026-01-07 21:00:00,0.0018433185
2026-01-07 22:00:00,-0.0001227822
2026-01-07 23:00:00,0.0023302887
2026-01-08 00:00:00,0.0020804021
2026-01-08 01:00:00,0.0039043485
2026-01-08 02:00:00,-0.0040266054
2026-01-08 03:00:00,-0.0072397396
2026-01-08 04:00:00,0.0050365563
2026-01-08 05:00:00,-0.0007354744
2026-01-08 06:00:00,-0.0118417567
2026-01-08 07:00:00,0.0074175145
2026-01-08 08:00:00,-0.0044439031
2026-01-08 09:00:00,-0.003221812
2026-01-08 10:00:00,0.0050758388
2026-01-08 11:00:00,-0.001977751
2026-01-08 12:00:00,-0.0050859131
2026-01-08 13:00:00,0.0022360258
2026-01-08 14:00:00,0.0009921866
2026-01-08 15:00:00,0.0077792576
2026-01-08 16:00:00,-0.0019699588
2026-01-08 17:00:00,0.0051628879
2026-01-08 18:00:00,-0.0031929292
2026-01-08 19:00:00,-0.004561433
2026-01-08 20:00:00,0.0011114543
2026-01-08 21:00:00,0.0032039461
2026-01-08 22:00:00,0.0024576075
2026-01-08 23:00:00,-0.0029498546
2026-01-09 00:00:00,0.0051565492
2026-01-09 01:00:00,-0.0038034522
2026-01-09 02:00:00,-0.0019687468
2026-01-09 03:00:00,0.0065066831
2026-01-09 04:00:00,-0.0023277193
2026-01-09 05:00:00,-0.0001226618
2026-01-09 06:00:00,0.0030620393
2026-01-09 07:00:00,-0.0034301148
2026-01-09 08:00:00,-0.0087509032
2026-01-09 09:00:00,0.0016080157
2026-01-09 10:00:00,0.002838632
2026-01-09 11:00:00,-0.0007397362
2026-01-09 12:00:00,-0.0019753093
2026-01-09 13:00:00,0.0002471271
2026-01-09 14:00:00,-0.0033413805
2026-01-09 15:00:00,0.0066716333
2026-01-09 16:00:00,0.0069943226
2026-01-09 17:00:00,-0.0002445885
2026-01-09 18:00:00,-0.0045357111
2026-01-09 19:00:00,-0.0056678318
2026-01-09 20:00:00,-0.0008653193
2026-01-09 21:00:00,0.0039496472
2026-01-09 22:00:00,0.0034431908
2026-01-09 23:00:00,-0.0008596869
2026-01-10 00:00:00,-0.0018446786
2026-01-10 01:00:00,0.0028271176
2026-01-10 02:00:00,-0.0045518932
2026-01-10 03:00:00,-0.0007401012
2026-01-10 04:00:00,-0.0033372505
2026-01-10 05:00:00,0.0022260707
2026-01-10 06:00:00,0.0012345681
2026-01-10 07:00:00,0.0051686061
2026-01-10 08:00:00,-0.0017199021
2026-01-10 09:00:00,0.0028239935
2026-01-10 10:00:00,0.0004903163
2026-01-10 11:00:00,0.001469508
2026-01-10 12:00:00,-0.0004895961
2026-01-10 13:00:00,0.0040320172
2026-01-10 14:00:00,-0.0053796437
2026-01-10 15:00:00,-0.0015949945
2026-01-10 16:00:00,0.0001227822
2026-01-10 17:00:00,-0.0066519092
2026-01-10 18:00:00,0.0029618681
2026-01-10 19:00:00,0.0013545966
2026-01-10 20:00:00,-0.0001230693
2026-01-10 21:00:00,-0.0032051309
2026-01-10 22:00:00,-0.0021012306
2026-01-10 23:00:00,0.0037050802
2026-01-11 00:00:00,0.0007393716
2026-01-11 01:00:00,0.0023377433
2026-01-11 02:00:00,0.0009826803
2026-01-11 03:00:00,0.0024524844
2026-01-11 04:00:00,-0.0038039189
2026-01-11 05:00:00,0.0
2026-01-11 06:00:00,-0.0003688903
2026-01-11 07:00:00,-0.0017232894
2026-01-11 08:00:00,0.0002463661
2026-01-11 09:00:00,-0.0002463661
2026-01-11 10:00:00,-0.000369663
2026-01-11 11:00:00,-0.0027150455
2026-01-11 12:00:00,0.0024685275
2026-01-11 13:00:00,-0.0032102756
2026-01-11 14:00:00,0.002470357
2026-01-11 15:00:00,-0.0078023803
2026-01-11 16:00:00,0.0035991351
2026-01-11 17:00:00,-0.0017358963
2026-01-11 18:00:00,0.0006203089
2026-01-11 19:00:00,-0.0053472738
2026-01-11 20:00:00,-0.0034973805
2026-01-11 21:00:00,-0.0093023927
2026-01-11 22:00:00,-0.0053184879
2026-01-11 23:00:00,-0.0017791338
2026-01-12 00:00:00,-0.0035677918
2026-01-12 01:00:00,0.0042035601
2026-01-12 02:00:00,0.00519811
2026-01-12 03:00:00,0.0002528765
2026-01-12 04:00:00,0.0109386896
2026-01-12 05:00:00,-0.000750563
2026-01-12 06:00:00,-0.0050182015
2026-01-12 07:00:00,-0.0124020825
2026-01-12 08:00:00,-0.0034441006
2026-01-12 09:00:00,-0.0023026747
2026-01-12 10:00:00,-0.0087471615
2026-01-12 11:00:00,0.0021939739
2026-01-12 12:00:00,-0.017950534
2026-01-12 13:00:00,0.0002624672
2026-01-12 14:00:00,0.0079723352
2026-01-12 15:00:00,0.0036382577
2026-01-12 16:00:00,-0.0040288572
2026-01-12 17:00:00,0.001951474
2026-01-12 18:00:00,-0.0053430765
2026-01-12 19:00:00,-0.0049777415
2026-01-12 20:00:00,-0.0018401688
2026-01-12 21:00:00,0.0010519396
2026-01-12 22:00:00,-0.0015783247
2026-01-12 23:00:00,0.0021038798
2026-01-13 00:00:00,-0.0024988505
2026-01-13 01:00:00,0.0028928357
2026-01-13 02:00:00,-0.0011824215
2026-01-13 03:00:00,0.001444992
2026-01-13 04:00:00,0.0030146166
2026-01-13 05:00:00,-0.0006545788
2026-01-13 06:00:00,0.0035296461
2026-01-13 07:00:00,0.0015647415
2026-01-13 08:00:00,-0.0037856582
2026-01-13 09:00:00,-0.0053767096
2026-01-13 10:00:00,-0.0064639761
2026-01-13 11:00:00,0.0097458957
2026-01-13 12:00:00,0.0044461954
2026-01-13 13:00:00,-0.0040530879
2026-01-13 14:00:00,0.0032699002
2026-01-13 15:00:00,0.0057291823
2026-01-13 16:00:00,0.006986702
2026-01-13 17:00:00,-0.0112805086
2026-01-13 18:00:00,-0.0061474263
2026-01-13 19:00:00,0.0131640871
2026-01-13 20:00:00,-0.0054531426
2026-01-13 21:00:00,0.0046759405
2026-01-13 22:00:00,0.0156855877
2026-01-13 23:00:00,-0.002810426
2026-01-14 00:00:00,-0.0001279345
2026-01-14 01:00:00,-0.0002559181
2026-01-14 02:00:00,0.000895427
2026-01-14 03:00:00,0.0134622302
2026-01-14 04:00:00,-0.0084880474
2026-01-14 05:00:00,-0.0001272346
2026-01-14 06:00:00,0.0053299619
2026-01-14 07:00:00,0.0001265582
2026-01-14 08:00:00,-0.0027879881
2026-01-14 09:00:00,-0.0001269116
2026-01-14 10:00:00,-0.0056001165
2026-01-14 11:00:00,-0.0067875012
2026-01-14 12:00:00,0.0113717446
2026-01-14 13:00:00,-0.0026715874
2026-01-14 14:00:00,0.009634963
2026-01-14 15:00:00,0.005535998
2026-01-14 16:00:00,-0.0045271707
2026-01-14 17:00:00,-0.0139613894
2026-01-14 18:00:00,-0.0040983664
2026-01-14 19:00:00,-0.005275699
2026-01-14 20:00:00,0.001933364
2026-01-14 21:00:00,-0.0003863739
2026-01-14 22:00:00,-0.0130958111
2026-01-14 23:00:00,0.000391466
2026-01-15 00:00:00,-0.0056257099
2026-01-15 01:00:00,-0.0028905552
2026-01-15 02:00:00,-0.0032948959
2026-01-15 03:00:00,-0.0231031174
2026-01-15 04:00:00,0.0041793118
2026-01-15 05:00:00,0.0041619178
2026-01-15 06:00:00,-0.0029518336
2026-01-15 07:00:00,0.0002687089
2026-01-15 08:00:00,0.0097587834
2026-01-15 09:00:00,0.0117702873
2026-01-15 10:00:00,-0.0046122504
2026-01-15 11:00:00,-0.0014539689
2026-01-15 12:00:00,0.0026420095
2026-01-15 13:00:00,-0.0007918702
2026-01-15 14:00:00,-0.01168672
2026-01-15 15:00:00,-0.0336896843
2026-01-15 16:00:00,0.0075700589
2026-01-15 17:00:00,-0.0050862712
2026-01-15 18:00:00,-0.0096940241
2026-01-15 19:00:00,0.0022240765
2026-01-15 20:00:00,-0.0040347881
2026-01-15 21:00:00,0.0056996053
2026-01-15 22:00:00,0.0016620502
2026-01-15 23:00:00,-0.0009691936
2026-01-16 00:00:00,-0.0040252674
2026-01-16 01:00:00,0.0011120379
2026-01-16 02:00:00,0.0069223591
2026-01-16 03:00:00,-0.0020716809
2026-01-16 04:00:00,-0.0081905088
2026-01-16 05:00:00,0.0050055722
2026-01-16 06:00:00,0.0019398648
2026-01-16 07:00:00,-0.0011080334
2026-01-16 08:00:00,0.0033204236
2026-01-16 09:00:00,-0.0034590142
2026-01-16 10:00:00,-0.0009706719
2026-01-16 11:00:00,0.0104886416
2026-01-16 12:00:00,-0.0057827505
2026-01-16 13:00:00,0.0008281574
2026-01-16 14:00:00,0.0027555818
2026-01-16 15:00:00,-0.0100948102
2026-01-16 16:00:00,-0.0011125019
2026-01-16 17:00:00,0.0091413379
2026-01-16 18:00:00,0.0231681118
2026-01-16 19:00:00,-0.000404231
2026-01-16 20:00:00,0.0049741314
2026-01-16 21:00:00,0.0062830231
2026-01-16 22:00:00,0.0057139216
2026-01-16 23:00:00,-0.0033180733
2026-01-17 00:00:00,0.0022574872
2026-01-17 01:00:00,-0.0083916576
2026-01-17 02:00:00,-0.0042895508
2026-01-17 03:00:00,-0.0013442669
2026-01-17 04:00:00,0.0014785943
2026-01-17 05:00:00,0.0037538588
2026-01-17 06:00:00,-0.0038881862
2026-01-17 07:00:00,0.0038881862
2026-01-17 08:00:00,0.0048057762
2026-01-17 09:00:00,-0.0038695091
2026-01-17 10:00:00,0.0013360055
2026-01-17 11:00:00,-0.0054890023
2026-01-17 12:00:00,-0.0041703161
2026-01-17 13:00:00,0.0043045533
2026-01-17 14:00:00,0.0061555125
2026-01-17 15:00:00,-0.0009342677
2026-01-17 16:00:00,-0.0036118025
2026-01-17 17:00:00,0.0002679887
2026-01-17 18:00:00,0.0030767197
2026-01-17 19:00:00,0.0034666701
2026-01-17 20:00:00,-0.0003993876
2026-01-17 21:00:00,-0.0015991475
2026-01-17 22:00:00,-0.0037413192
2026-01-17 23:00:00,0.00240674
2026-01-18 00:00:00,0.0021344725
2026-01-18 01:00:00,-0.007624945
2026-01-18 02:00:00,0.0016100902
2026-01-18 03:00:00,0.0045478944
2026-01-18 04:00:00,-0.0046819696
2026-01-18 05:00:00,0.0054823966
2026-01-18 06:00:00,-0.0016014951
2026-01-18 07:00:00,0.0004006143
2026-01-18 08:00:00,0.0065207497
2026-01-18 09:00:00,0.0038392845
2026-01-18 10:00:00,-0.0013222268
2026-01-18 11:00:00,-0.0019866241
2026-01-18 12:00:00,-0.0045176798
2026-01-18 13:00:00,-0.0038695091
2026-01-18 14:00:00,-0.0040187596
2026-01-18 15:00:00,0.0046869855
2026-01-18 16:00:00,0.0017353004
2026-01-18 17:00:00,0.0033286763
2026-01-18 18:00:00,0.0006644077
2026-01-18 19:00:00,-0.0027934837
2026-01-18 20:00:00,0.0003995472
2026-01-18 21:00:00,-0.0001331647
2026-01-18 22:00:00,0.0018626935
2026-01-18 23:00:00,-0.0406946155
2026-01-19 00:00:00,-0.0395364213
2026-01-19 01:00:00,0.0014392633
2026-01-19 02:00:00,0.0038756957
2026-01-19 03:00:00,0.0061415604
2026-01-19 04:00:00,-0.0037089914
2026-01-19 05:00:00,0.003139272
2026-01-19 06:00:00,-0.0029963638
2026-01-19 07:00:00,0.0082539248
2026-01-19 08:00:00,-0.0034071583
2026-01-19 09:00:00,-0.003561511
2026-01-19 10:00:00,-0.0015710922
2026-01-19 11:00:00,0.0034246609
2026-01-19 12:00:00,-0.0009976485
2026-01-19 13:00:00,-0.0025699614
2026-01-19 14:00:00,0.0078320087
2026-01-19 15:00:00,0.0022669321
2026-01-19 16:00:00,0.0032497379
2026-01-19 17:00:00,0.0028173001
2026-01-19 18:00:00,0.0028093852
2026-01-19 19:00:00,0.003360877
2026-01-19 20:00:00,-0.0026597622
2026-01-19 21:00:00,-0.003229206
2026-01-19 22:00:00,-0.0052167901
2026-01-19 23:00:00,-0.0001413727
2026-01-20 00:00:00,0.0002827255
2026-01-20 01:00:00,-0.0031143853
2026-01-20 02:00:00,-0.0032663524
2026-01-20 03:00:00,-0.0019934508
2026-01-20 04:00:00,0.0001425212
2026-01-20 05:00:00,0.0041243036
2026-01-20 06:00:00,-0.0064070839
2026-01-20 07:00:00,-0.0080310198
2026-01-20 08:00:00,-0.0017293562
2026-01-20 09:00:00,0.0018733344
2026-01-20 10:00:00,-0.0011524058
2026-01-20 11:00:00,-0.0002883091
2026-01-20 12:00:00,0.0027355859
2026-01-20 13:00:00,-0.0090995067
2026-01-20 14:00:00,0.0067963533
2026-01-20 15:00:00,-0.0120334906
2026-01-20 16:00:00,-0.0035067248
2026-01-20 17:00:00,-0.0038128804
2026-01-20 18:00:00,-0.006633768
2026-01-20 19:00:00,-0.0023693184
2026-01-20 20:00:00,-0.0044576597
2026-01-20 21:00:00,-0.0005958588
2026-01-20 22:00:00,-0.0020883062
2026-01-20 23:00:00,0.0010446983
2026-01-21 00:00:00,0.016421702
2026-01-21 01:00:00,0.0030767001
2026-01-21 02:00:00,0.0052524194
2026-01-21 03:00:00,0.0011634673
2026-01-21 04:00:00,0.0
2026-01-21 05:00:00,0.0043509858
2026-01-21 06:00:00,-0.0026083191
2026-01-21 07:00:00,-0.0011614403
2026-01-21 08:00:00,-0.0067045871
2026-01-21 09:00:00,0.0018993358
2026-01-21 10:00:00,0.001021227
2026-01-21 11:00:00,-0.0092288064
2026-01-21 12:00:00,-0.0014727543
2026-01-21 13:00:00,-0.0042832943
2026-01-21 14:00:00,0.0170241857
2026-01-21 15:00:00,0.0049354143
2026-01-21 16:00:00,-0.0365714598
2026-01-21 17:00:00,-0.0007512584
2026-01-21 18:00:00,0.0116558403
2026-01-21 19:00:00,0.0268246205
2026-01-21 20:00:00,-0.0039127649
2026-01-21 21:00:00,0.0049246913
2026-01-21 22:00:00,-0.0039087998
2026-01-21 23:00:00,-0.0075713815
2026-01-22 00:00:00,0.0109020631
2026-01-22 01:00:00,0.0038958277
2026-01-22 02:00:00,-0.0065015038
2026-01-22 03:00:00,-0.005814815
2026-01-22 04:00:00,0.0018935262
2026-01-22 05:00:00,-0.0020393306
2026-01-22 06:00:00,0.0001458045
2026-01-22 07:00:00,-0.0035051883
2026-01-22 08:00:00,0.004379569
2026-01-22 09:00:00,0.002909093
2026-01-22 10:00:00,-0.002909093
2026-01-22 11:00:00,-0.0040870003
2026-01-22 12:00:00,-0.0007315824
2026-01-22 13:00:00,0.0020470836
2026-01-22 14:00:00,-0.0113111746
2026-01-22 15:00:00,0.0041279728
2026-01-22 16:00:00,0.0027914512
2026-01-22 17:00:00,0.0019054605
2026-01-22 18:00:00,-0.0057273084
2026-01-22 19:00:00,0.0054343969
2026-01-22 20:00:00,-0.0035216471
2026-01-22 21:00:00,-0.0017654852
2026-01-22 22:00:00,0.0007359977
2026-01-22 23:00:00,0.002351559
2026-01-23 00:00:00,0.0067300912
2026-01-23 01:00:00,0.0118859205
2026-01-23 02:00:00,-0.0063602412
2026-01-23 03:00:00,0.0034742363
2026-01-23 04:00:00,0.0011554016
2026-01-23 05:00:00,-0.0050647674
2026-01-23 06:00:00,-0.0040703647
2026-01-23 07:00:00,0.0011646529
2026-01-23 08:00:00,-0.0074480081
2026-01-23 09:00:00,-0.0005865103
2026-01-23 10:00:00,0.0
2026-01-23 11:00:00,0.0032215579
2026-01-23 12:00:00,-0.0010239158
2026-01-23 13:00:00,-0.0061656097
2026-01-23 14:00:00,-0.0087259298
2026-01-23 15:00:00,0.0124005132
2026-01-23 16:00:00,0.0002933842
2026-01-23 17:00:00,0.0048284533
2026-01-23 18:00:00,0.0014585767
2026-01-23 19:00:00,-0.0111389104
2026-01-23 20:00:00,-0.0075449725
2026-01-23 21:00:00,0.0010389611
2026-01-23 22:00:00,0.0084201694
2026-01-23 23:00:00,0.0001470913
2026-01-24 00:00:00,-0.0023560606
2026-01-24 01:00:00,0.0027972046
2026-01-24 02:00:00,0.0017626327
2026-01-24 03:00:00,0.0058531042
2026-01-24 04:00:00,0.0
2026-01-24 05:00:00,0.0005834306
2026-01-24 06:00:00,0.001457089
2026-01-24 07:00:00,-0.0039390233
2026-01-24 08:00:00,0.0020443932
2026-01-24 09:00:00,-0.0018982265
2026-01-24 10:00:00,-0.0014626301
2026-01-24 11:00:00,0.0008778347
2026-01-24 12:00:00,0.0020452892
2026-01-24 13:00:00,0.0010210781
2026-01-24 14:00:00,0.002475429
2026-01-24 15:00:00,-0.0080309988
2026-01-24 16:00:00,-0.0072096244
2026-01-24 17:00:00,0.003831987
2026-01-24 18:00:00,0.0
2026-01-24 19:00:00,-0.003831987
2026-01-24 20:00:00,0.0036848741
2026-01-24 21:00:00,-0.0007358894
2026-01-24 22:00:00,0.0024998175
2026-01-24 23:00:00,-0.0001468752
2026-01-25 00:00:00,0.0048355285
2026-01-25 01:00:00,-0.0046886533
2026-01-25 02:00:00,0.0008807986
2026-01-25 03:00:00,-0.0008807986
2026-01-25 04:00:00,0.0041037724
2026-01-25 05:00:00,0.0033584028
2026-01-25 06:00:00,-0.0036509716
2026-01-25 07:00:00,0.0026300424
2026-01-25 08:00:00,0.0002918004
2026-01-25 09:00:00,0.0071226408
2026-01-25 10:00:00,0.0079348321
2026-01-25 11:00:00,0.0047308525
2026-01-25 12:00:00,-0.0047308525
2026-01-25 13:00:00,0.0075871812
2026-01-25 14:00:00,-0.0208956374
2026-01-25 15:00:00,0.0108625878
2026-01-25 16:00:00,-0.0212557136
2026-01-25 17:00:00,-0.0059032049
2026-01-25 18:00:00,-0.0056405078
2026-01-25 19:00:00,-0.0183270865
2026-01-25 20:00:00,-0.0009100562
2026-01-25 21:00:00,0.0110164851
2026-01-25 22:00:00,-0.0007506944
2026-01-25 23:00:00,0.0091201948
2026-01-26 00:00:00,0.0059356162
2026-01-26 01:00:00,0.0044287052
2026-01-26 02:00:00,-0.0041328472
2026-01-26 03:00:00,-0.0048928854
2026-01-26 04:00:00,0.0066661976
2026-01-26 05:00:00,-0.0011818586
2026-01-26 06:00:00,0.0030994047
2026-01-26 07:00:00,0.0067557901
2026-01-26 08:00:00,-0.0029316937
2026-01-26 09:00:00,-0.0033821075
2026-01-26 10:00:00,0.0057281496
2026-01-26 11:00:00,-0.0013189714
2026-01-26 12:00:00,0.0010260169
2026-01-26 13:00:00,0.0013176197
2026-01-26 14:00:00,0.0129371671
2026-01-26 15:00:00,-0.004052104
2026-01-26 16:00:00,0.0050625696
2026-01-26 17:00:00,-0.0028897578
2026-01-26 18:00:00,0.0076396768
2026-01-26 19:00:00,-0.0083634229
2026-01-26 20:00:00,-0.0036266087
2026-01-26 21:00:00,0.0096898582
2026-01-26 22:00:00,0.000143916
2026-01-26 23:00:00,0.0022998429
2026-01-27 00:00:00,0.0034398773
2026-01-27 01:00:00,-0.0017184595
2026-01-27 02:00:00,-0.0024395506
2026-01-27 03:00:00,-0.0014378148
2026-01-27 04:00:00,-0.0005757053
2026-01-27 05:00:00,0.0011510793
2026-01-27 06:00:00,-0.0062026885
2026-01-27 07:00:00,-0.0010133913
2026-01-27 08:00:00,0.0040474181
2026-01-27 09:00:00,-0.002310804
2026-01-27 10:00:00,0.0010116339
2026-01-27 11:00:00,-0.0043427978
2026-01-27 12:00:00,-0.0030512192
2026-01-27 13:00:00,0.0018899475
2026-01-27 14:00:00,0.0031902579
2026-01-27 15:00:00,0.0113727563
2026-01-27 16:00:00,0.002573268
2026-01-27 17:00:00,-0.0117766692
2026-01-27 18:00:00,0.0051873315
2026-01-27 19:00:00,-0.0001437298
2026-01-27 20:00:00,0.0065902817
2026-01-27 21:00:00,-0.0004284796
2026-01-27 22:00:00,0.001712818
2026-01-27 23:00:00,-0.0027133183
2026-01-28 00:00:00,0.0012861738
2026-01-28 01:00:00,-0.0034334798
2026-01-28 02:00:00,-0.0008602151
2026-01-28 03:00:00,-0.0037361733
2026-01-28 04:00:00,-0.0033167526
2026-01-28 05:00:00,0.0046116237
2026-01-28 06:00:00,0.0048766591
2026-01-28 07:00:00,-0.0054519504
2026-01-28 08:00:00,-0.003747482
2026-01-28 09:00:00,0.0059031199
2026-01-28 10:00:00,-0.0024434076
2026-01-28 11:00:00,0.0051672284
2026-01-28 12:00:00,-0.0028673855
2026-01-28 13:00:00,-0.0001435853
2026-01-28 14:00:00,-0.0101025538
2026-01-28 15:00:00,-0.0004352557
2026-01-28 16:00:00,0.0026086971
2026-01-28 17:00:00,0.0079291124
2026-01-28 18:00:00,-0.0044614019
2026-01-28 19:00:00,0.0030244136
2026-01-28 20:00:00,-0.0064921241
2026-01-28 21:00:00,0.0036119378
2026-01-28 22:00:00,0.0033114997
2026-01-28 23:00:00,-0.0035999751
2026-01-29 00:00:00,-0.0033234623
2026-01-29 01:00:00,-0.0062432145
2026-01-29 02:00:00,-0.0070155213
2026-01-29 03:00:00,-0.0041152321
2026-01-29 04:00:00,0.0011775097
2026-01-29 05:00:00,-0.0007357811
2026-01-29 06:00:00,0.0038201633
2026-01-29 07:00:00,-0.0017613391
2026-01-29 08:00:00,-0.0029424767
2026-01-29 09:00:00,-0.0001473514
2026-01-29 10:00:00,-0.0065050496
2026-01-29 11:00:00,-0.0002966919
2026-01-29 12:00:00,-0.0023767094
2026-01-29 13:00:00,0.0014861052
2026-01-29 14:00:00,-0.0151121302
2026-01-29 15:00:00,-0.0148848435
2026-01-29 16:00:00,0.010503179
2026-01-29 17:00:00,-0.0069898476
2026-01-29 18:00:00,-0.0181571383
2026-01-29 19:00:00,0.0086580627
2026-01-29 20:00:00,0.0105659049
2026-01-29 21:00:00,0.0051656146
2026-01-29 22:00:00,0.0003030303
2026-01-29 23:00:00,0.001816256
2026-01-30 00:00:00,-0.0012104707
2026-01-30 01:00:00,-0.0204962819
2026-01-30 02:00:00,-0.0135357959
2026-01-30 03:00:00,0.0010958905
2026-01-30 04:00:00,0.0057726972
2026-01-30 05:00:00,0.0024860174
2026-01-30 06:00:00,-0.0159552892
2026-01-30 07:00:00,0.0128468005
2026-01-30 08:00:00,-0.0057763021
2026-01-30 09:00:00,0.0021895536
2026-01-30 10:00:00,0.0034310701
2026-01-30 11:00:00,0.009914876
2026-01-30 12:00:00,-0.0077375812
2026-01-30 13:00:00,-0.0042033221
2026-01-30 14:00:00,0.0063758866
2026-01-30 15:00:00,0.0032500222
2026-01-30 16:00:00,0.0035474704
2026-01-30 17:00:00,0.0032280406
2026-01-30 18:00:00,0.0047462387
2026-01-30 19:00:00,0.0032024427
2026-01-30 20:00:00,-0.0119468414
2026-01-30 21:00:00,0.0067567825
2026-01-30 22:00:00,0.0009178523
2026-01-30 23:00:00,-0.0004588208
2026-01-31 00:00:00,-0.0035246378
2026-01-31 01:00:00,-0.0013825949
2026-01-31 02:00:00,-0.0012305801
2026-01-31 03:00:00,-0.002002928
2026-01-31 04:00:00,-0.0041727902
2026-01-31 05:00:00,-0.0018601773
2026-01-31 06:00:00,-0.0046656383
2026-01-31 07:00:00,-0.0056276528
2026-01-31 08:00:00,-0.0138913047
2026-01-31 09:00:00,0.0034909588
2026-01-31 10:00:00,0.00174092
2026-01-31 11:00:00,-0.0047551207
2026-01-31 12:00:00,-0.00477784
2026-01-31 13:00:00,-0.0065668531
2026-01-31 14:00:00,-0.0316709461
2026-01-31 15:00:00,-0.003156411
2026-01-31 16:00:00,-0.0031664054
2026-01-31 17:00:00,-0.0301615544
2026-01-31 18:00:00,-0.0075980334
2026-01-31 19:00:00,0.0062208599
2026-01-31 20:00:00,0.0029242302
2026-01-31 21:00:00,0.0094025823
2026-01-31 22:00:00,-0.0030674871
2026-01-31 23:00:00,0.0144033669
2026-02-01 00:00:00,0.0026881737
2026-02-01 01:00:00,-0.0025199509
2026-02-01 02:00:00,0.0052009177
2026-02-01 03:00:00,-0.0023454526
2026-02-01 04:00:00,-0.000671141
2026-02-01 05:00:00,-0.0070743094
2026-02-01 06:00:00,0.0005069709
2026-02-01 07:00:00,0.0023624716
2026-02-01 08:00:00,0.0023569034
2026-02-01 09:00:00,0.0018479636
2026-02-01 10:00:00,-0.0157323722
2026-02-01 11:00:00,0.0101782049
2026-02-01 12:00:00,-0.0016891896
2026-02-01 13:00:00,0.0023640673
2026-02-01 14:00:00,0.0001686483
2026-02-01 15:00:00,-0.0158072468
2026-02-01 16:00:00,-0.001028454
2026-02-01 17:00:00,0.0044490149
2026-02-01 18:00:00,0.0098539703
2026-02-01 19:00:00,-0.0074665203
2026-02-01 20:00:00,-0.001022495
2026-02-01 21:00:00,-0.0044429328
2026-02-01 22:00:00,0.0083568321
2026-02-01 23:00:00,-0.0080143664
2026-02-02 00:00:00,0.0122513018
2026-02-02 01:00:00,0.0020273702
2026-02-02 02:00:00,-0.0091557099
2026-02-02 03:00:00,-0.0075226889
2026-02-02 04:00:00,-0.0063699966
2026-02-02 05:00:00,-0.0123383267
2026-02-02 06:00:00,0.013891524
2026-02-02 07:00:00,0.0037865794
2026-02-02 08:00:00,0.0058239288
2026-02-02 09:00:00,0.0090113676
2026-02-02 10:00:00,-0.0003385813
2026-02-02 11:00:00,0.000169305
2026-02-02 12:00:00,0.0109437914
2026-02-02 13:00:00,0.0005022181
2026-02-02 14:00:00,0.0023403555
2026-02-02 15:00:00,0.0177083651
2026-02-02 16:00:00,-0.0074092707
2026-02-02 17:00:00,-0.0038082669
2026-02-02 18:00:00,0.0008291187
2026-02-02 19:00:00,-0.0071529873
2026-02-02 20:00:00,-0.0051887304
2026-02-02 21:00:00,0.0028487661
2026-02-02 22:00:00,0.0041746742
2026-02-02 23:00:00,-0.0011671531
2026-02-03 00:00:00,0.0018334866
2026-02-03 01:00:00,-0.0025010434
2026-02-03 02:00:00,-0.0137840475
2026-02-03 03:00:00,0.0139509784
2026-02-03 04:00:00,0.0031664054
2026-02-03 05:00:00,-0.00718046
2026-02-03 06:00:00,0.0083445077
2026-02-03 07:00:00,0.0004984631
2026-02-03 08:00:00,-0.0023282898
2026-02-03 09:00:00,-0.0061795604
2026-02-03 10:00:00,-0.0013411569
2026-02-03 11:00:00,0.0030150777
2026-02-03 12:00:00,0.0053377942
2026-02-03 13:00:00,0.000332668
2026-02-03 14:00:00,-0.0149118957
2026-02-03 15:00:00,0.0182325031
2026-02-03 16:00:00,-0.014862092
2026-02-03 17:00:00,-0.0226296343
2026-02-03 18:00:00,-0.0182344203
2026-02-03 19:00:00,0.0369871008
2026-02-03 20:00:00,0.0292914934
2026-02-03 21:00:00,-0.0150378774
2026-02-03 22:00:00,-0.0103766621
2026-02-03 23:00:00,-0.000504838
2026-02-04 00:00:00,0.0052044103
2026-02-04 01:00:00,0.0081714788
2026-02-04 02:00:00,-0.0044943896
2026-02-04 03:00:00,0.0122700926
2026-02-04 04:00:00,-0.0029707894
2026-02-04 05:00:00,-0.0069663576
2026-02-04 06:00:00,0.0079576017
2026-02-04 07:00:00,0.002638524
2026-02-04 08:00:00,0.0
2026-02-04 09:00:00,-0.0062778994
2026-02-04 10:00:00,-0.0019907107
2026-02-04 11:00:00,-0.003326683
2026-02-04 12:00:00,-0.0015006255
2026-02-04 13:00:00,-0.0129315766
2026-02-04 14:00:00,-0.0148150858
2026-02-04 15:00:00,-0.0036091815
2026-02-04 16:00:00,-0.0041407927
2026-02-04 17:00:00,-0.0031168856
2026-02-04 18:00:00,0.0113813955
2026-02-04 19:00:00,0.0178439606
2026-02-04 20:00:00,-0.0076084567
2026-02-04 21:00:00,-0.0064703103
2026-02-04 22:00:00,-0.0047945297
2026-02-04 23:00:00,0.0083754015
2026-02-05 00:00:00,0.003737687
2026-02-05 01:00:00,-0.0033973194
2026-02-05 02:00:00,-0.009918002
2026-02-05 03:00:00,-0.0013757526
2026-02-05 04:00:00,-0.0025846486
2026-02-05 05:00:00,0.0015515907
2026-02-05 06:00:00,-0.0083031095
2026-02-05 07:00:00,-0.0017385262
2026-02-05 08:00:00,0.0074543121
2026-02-05 09:00:00,0.0020703941
2026-02-05 10:00:00,-0.0219559264
2026-02-05 11:00:00,-0.0067173666
2026-02-05 12:00:00,-0.0096240272
2026-02-05 13:00:00,-0.0037678344
2026-02-05 14:00:00,0.0057358107
2026-02-05 15:00:00,-0.0388132895
2026-02-05 16:00:00,0.0088790816
2026-02-05 17:00:00,-0.0246097431
2026-02-05 18:00:00,0.0086450454
2026-02-05 19:00:00,-0.0211808221
2026-02-05 20:00:00,-0.0312555773
2026-02-05 21:00:00,0.0037397937
2026-02-05 22:00:00,0.0124952817
2026-02-05 23:00:00,-0.0168268498
2026-02-06 00:00:00,-0.0207343951
2026-02-06 01:00:00,0.0232962253
2026-02-06 02:00:00,-0.0194759733
2026-02-06 03:00:00,0.0038057132
2026-02-06 04:00:00,0.0156702602
2026-02-06 05:00:00,0.0271808618
2026-02-06 06:00:00,-0.0226644084
2026-02-06 07:00:00,-0.0027467155
2026-02-06 08:00:00,-0.0025572946
2026-02-06 09:00:00,0.0179587102
2026-02-06 10:00:00,0.0092432778
2026-02-06 11:00:00,0.0053527178
2026-02-06 12:00:00,0.0017144494
2026-02-06 13:00:00,0.0152991935
2026-02-06 14:00:00,0.0183866263
2026-02-06 15:00:00,0.0005519272
2026-02-06 16:00:00,0.0164177347
2026-02-06 17:00:00,0.0061327754
2026-02-06 18:00:00,-0.0150378774
2026-02-06 19:00:00,0.0067315819
2026-02-06 20:00:00,-0.0034510978
2026-02-06 21:00:00,0.0010911076
2026-02-06 22:00:00,0.0079652847
2026-02-06 23:00:00,-0.008328855
2026-02-07 00:00:00,-0.0083988078
2026-02-07 01:00:00,0.0049382816
2026-02-07 02:00:00,-0.0036556429
2026-02-07 03:00:00,0.0043851706
2026-02-07 04:00:00,-0.0049346714
2026-02-07 05:00:00,-0.0007331379
2026-02-07 06:00:00,-0.0142186866
2026-02-07 07:00:00,-0.002793558
2026-02-07 08:00:00,0.0048372187
2026-02-07 09:00:00,-0.0142058464
2026-02-07 10:00:00,0.0035704257
2026-02-07 11:00:00,-0.0018775822
2026-02-07 12:00:00,0.0164029773
2026-02-07 13:00:00,-0.0014801113
2026-02-07 14:00:00,-0.0053838429
2026-02-07 15:00:00,0.0111071116
2026-02-07 16:00:00,0.0102565002
2026-02-07 17:00:00,0.0032745163
2026-02-07 18:00:00,0.0122745223
2026-02-07 19:00:00,-0.0059379392
2026-02-07 20:00:00,0.0064760075
2026-02-07 21:00:00,-0.0053937563
2026-02-07 22:00:00,0.0001802614
2026-02-07 23:00:00,-0.0046973889
2026-02-08 00:00:00,-0.0034467154
2026-02-08 01:00:00,0.0052560157
2026-02-08 02:00:00,-0.0032591012
2026-02-08 03:00:00,-0.0029059229
2026-02-08 04:00:00,0.0067071764
2026-02-08 05:00:00,-0.0038012536
2026-02-08 06:00:00,-0.0023604187
2026-02-08 07:00:00,-0.000727405
2026-02-08 08:00:00,0.0124741742
2026-02-08 09:00:00,-0.0070314903
2026-02-08 10:00:00,-0.005806585
2026-02-08 11:00:00,0.008336402
2026-02-08 12:00:00,-0.0034348764
2026-02-08 13:00:00,-0.0019940186
2026-02-08 14:00:00,0.002899078
2026-02-08 15:00:00,-0.008175175
2026-02-08 16:00:00,-0.0182241583
2026-02-08 17:00:00,0.0101655066
2026-02-08 18:00:00,0.0067809295
2026-02-08 19:00:00,0.0029181126
2026-02-08 20:00:00,-0.0102508677
2026-02-08 21:00:00,-0.0046104277
2026-02-08 22:00:00,0.0075499852
2026-02-08 23:00:00,-0.0001834694
2026-02-09 00:00:00,-0.0022042625
2026-02-09 01:00:00,-0.000183908
2026-02-09 02:00:00,0.0042213516
2026-02-09 03:00:00,0.0052972998
2026-02-09 04:00:00,-0.0025538139
2026-02-09 05:00:00,0.001642486
2026-02-09 06:00:00,-0.0082395413
2026-02-09 07:00:00,-0.0064558003
2026-02-09 08:00:00,-0.0117265187
2026-02-09 09:00:00,-0.0046917605
2026-02-09 10:00:00,-0.0138272873
2026-02-09 11:00:00,0.0093023927
2026-02-09 12:00:00,0.006779687
2026-02-09 13:00:00,-0.0016906175
2026-02-09 14:00:00,0.0110312421
2026-02-09 15:00:00,0.0099908324
2026-02-09 16:00:00,0.0018392501
2026-02-09 17:00:00,0.0080527522
2026-02-09 18:00:00,-0.0040182702
2026-02-09 19:00:00,0.0052934321
2026-02-09 20:00:00,0.0001820333
2026-02-09 21:00:00,-0.0030990819
2026-02-09 22:00:00,-0.0040248865
2026-02-09 23:00:00,-0.0023859789
2026-02-10 00:00:00,-0.0020233613
2026-02-10 01:00:00,0.0023908057
2026-02-10 02:00:00,-0.0025749508
2026-02-10 03:00:00,-0.0070227603
2026-02-10 04:00:00,0.0033327192
2026-02-10 05:00:00,-0.0077936932
2026-02-10 06:00:00,-0.0106752582
2026-02-10 07:00:00,-0.0011303694
2026-02-10 08:00:00,0.0084467888
2026-02-10 09:00:00,-0.0022455099
2026-02-10 10:00:00,-0.0035657352
2026-02-10 11:00:00,-0.0028240629
2026-02-10 12:00:00,-0.002453989
2026-02-10 13:00:00,0.0075315739
2026-02-10 14:00:00,-0.0013139373
2026-02-10 15:00:00,0.0018765252
2026-02-10 16:00:00,0.0013114756
2026-02-10 17:00:00,0.0061596088
2026-02-10 18:00:00,-0.0129227381
2026-02-10 19:00:00,0.0037629395
2026-02-10 20:00:00,0.0007508917
2026-02-10 21:00:00,-0.0033834619
2026-02-10 22:00:00,0.0011290931
2026-02-10 23:00:00,0.0031921912
2026-02-11 00:00:00,0.0029951351
2026-02-11 01:00:00,-0.0007479432
2026-02-11 02:00:00,-0.0029973795
2026-02-11 03:00:00,-0.0035710967
2026-02-11 04:00:00,-0.0096491147
2026-02-11 05:00:00,-0.0020934445
2026-02-11 06:00:00,-0.0082257757
2026-02-11 07:00:00,0.0
2026-02-11 08:00:00,-0.0019227078
2026-02-11 09:00:00,0.0017306033
2026-02-11 10:00:00,-0.0057803629
2026-02-11 11:00:00,0.0071243201
2026-02-11 12:00:00,0.0017252952
2026-02-11 13:00:00,0.0051580972
2026-02-11 14:00:00,-0.0147809582
2026-02-11 15:00:00,-0.0095211056
2026-02-11 16:00:00,0.0015606714
2026-02-11 17:00:00,0.0060247
2026-02-11 18:00:00,0.0138543682
2026-02-11 19:00:00,-0.0021042571
2026-02-11 20:00:00,0.0001914792
2026-02-11 21:00:00,0.0074392332
2026-02-11 22:00:00,-0.0057175685
2026-02-11 23:00:00,-0.0005735589
2026-02-12 00:00:00,0.0072408853
2026-02-12 01:00:00,0.0026545332
2026-02-12 02:00:00,-0.0018953759
2026-02-12 03:00:00,0.0022740203
2026-02-12 04:00:00,-0.0011363638
2026-02-12 05:00:00,0.0026495095
2026-02-12 06:00:00,0.0047138769
2026-02-12 07:00:00,0.0022547924
2026-02-12 08:00:00,-0.0013146776
2026-02-12 09:00:00,0.0048744004
2026-02-12 10:00:00,0.0046646227
2026-02-12 11:00:00,-0.007286347
2026-02-12 12:00:00,-0.0067733091
2026-02-12 13:00:00,0.0058353107
2026-02-12 14:00:00,-0.0016906175
2026-02-12 15:00:00,-0.0069805019
2026-02-12 16:00:00,-0.0220125646
2026-02-12 17:00:00,-0.0017433418
2026-02-12 18:00:00,0.0086864748
2026-02-12 19:00:00,0.006131462
2026-02-12 20:00:00,-0.0086331471
2026-02-12 21:00:00,0.0069124699
2026-02-12 22:00:00,0.0112264522
2026-02-12 23:00:00,0.0041540845
2026-02-13 00:00:00,-0.003208458
2026-02-13 01:00:00,0.003208458
2026-02-13 02:00:00,0.0007534376
2026-02-13 03:00:00,-0.0020733209
2026-02-13 04:00:00,-0.0015105743
2026-02-13 05:00:00,-0.0066357244
2026-02-13 06:00:00,0.0039867162
2026-02-13 07:00:00,0.0003788596
2026-02-13 08:00:00,0.0098003046
2026-02-13 09:00:00,-0.0016893481
2026-02-13 10:00:00,0.0033758472
2026-02-13 11:00:00,0.0016836596
2026-02-13 12:00:00,-0.0009350164
2026-02-13 13:00:00,0.0039212075
2026-02-13 14:00:00,0.0011175267
2026-02-13 15:00:00,0.0112911889
2026-02-13 16:00:00,0.0140731556
2026-02-13 17:00:00,-0.0054595222
2026-02-13 18:00:00,0.0023694534
2026-02-13 19:00:00,0.0030900688
2026-02-13 20:00:00,0.0039847906
2026-02-13 21:00:00,0.0036088094
2026-02-13 22:00:00,-0.0050559877
2026-02-13 23:00:00,-0.003990573
2026-02-14 00:00:00,0.0063411753
2026-02-14 01:00:00,-0.0007226739
2026-02-14 02:00:00,-0.0032585112
2026-02-14 03:00:00,0.0028969783
2026-02-14 04:00:00,-0.0009044045
2026-02-14 05:00:00,-0.0018112666
2026-02-14 06:00:00,-0.0012698414
2026-02-14 07:00:00,0.0039855125
2026-02-14 08:00:00,0.005948643
2026-02-14 09:00:00,-0.0005393259
2026-02-14 10:00:00,-0.0050477843
2026-02-14 11:00:00,0.007023892
2026-02-14 12:00:00,-0.0081088831
2026-02-14 13:00:00,0.0010849911
2026-02-14 14:00:00,0.0154235482
2026-02-14 15:00:00,-0.0014247554
2026-02-14 16:00:00,0.0055096558
2026-02-14 17:00:00,-0.0081865558
2026-02-14 18:00:00,0.0017853959
2026-02-14 19:00:00,0.0049822167
2026-02-14 20:00:00,-0.001243229
2026-02-14 21:00:00,-0.0017787269
2026-02-14 22:00:00,0.0026669053
2026-02-14 23:00:00,-0.0060552278
2026-02-15 00:00:00,-0.0048348201
2026-02-15 01:00:00,0.0028678994
2026-02-15 02:00:00,-0.000537105
2026-02-15 03:00:00,0.0003581021
2026-02-15 04:00:00,0.0021459236
2026-02-15 05:00:00,0.004811557
2026-02-15 06:00:00,-0.0040972713
2026-02-15 07:00:00,0.0081778234
2026-02-15 08:00:00,-0.0130091828
2026-02-15 09:00:00,0.0076834113
2026-02-15 10:00:00,-0.0033877183
2026-02-15 11:00:00,-0.0021455399
2026-02-15 12:00:00,-0.0195198679
2026-02-15 13:00:00,-0.0073273821
2026-02-15 14:00:00,0.0118798802
2026-02-15 15:00:00,0.0003633061
2026-02-15 16:00:00,0.0019958276
2026-02-15 17:00:00,-0.0080073221
2026-02-15 18:00:00,-0.0056802718
2026-02-15 19:00:00,0.0007347539
2026-02-15 20:00:00,0.002201028
2026-02-15 21:00:00,0.0038401803
2026-02-15 22:00:00,0.0047341676
2026-02-15 23:00:00,-0.0003633721
2026-02-16 00:00:00,0.0012712251
2026-02-16 01:00:00,-0.0001815047
2026-02-16 02:00:00,-0.0115017242
2026-02-16 03:00:00,0.0
2026-02-16 04:00:00,0.0031166952
2026-02-16 05:00:00,-0.0138238309
2026-02-16 06:00:00,0.0046292093
2026-02-16 07:00:00,0.0007386889
2026-02-16 08:00:00,0.0042369042
2026-02-16 09:00:00,0.002203453
2026-02-16 10:00:00,-0.005333346
2026-02-16 11:00:00,-0.0064749093
2026-02-16 12:00:00,0.0140068637
2026-02-16 13:00:00,-0.0140068637
2026-02-16 14:00:00,0.0070279557
2026-02-16 15:00:00,-0.0122382392
2026-02-16 16:00:00,-0.0009332712
2026-02-16 17:00:00,0.0033557078
2026-02-16 18:00:00,0.0035299619
2026-02-16 19:00:00,0.004441162
2026-02-16 20:00:00,0.0128418569
2026-02-16 21:00:00,0.0117786992
2026-02-16 22:00:00,-0.0090481978
2026-02-16 23:00:00,0.0021790457
2026-02-17 00:00:00,-0.0012705329
2026-02-17 01:00:00,-0.0032745163
2026-02-17 02:00:00,0.0085276757
2026-02-17 03:00:00,-0.0041640324
2026-02-17 04:00:00,0.0023557137
2026-02-17 05:00:00,-0.0041715849
2026-02-17 06:00:00,0.0072437839
2026-02-17 07:00:00,0.0014424813
2026-02-17 08:00:00,-0.0045146804
2026-02-17 09:00:00,-0.0039898493
2026-02-17 10:00:00,-0.0010909092
2026-02-17 11:00:00,0.0
2026-02-17 12:00:00,-0.0043755767
2026-02-17 13:00:00,0.0049211801
2026-02-17 14:00:00,-0.0192754935
2026-02-17 15:00:00,-0.0037140247
2026-02-17 16:00:00,0.0075989616
2026-02-17 17:00:00,-0.0036995973
2026-02-17 18:00:00,0.0117908514
2026-02-17 19:00:00,-0.0069840387
2026-02-17 20:00:00,-0.0005534545
2026-02-17 21:00:00,0.0047864598
2026-02-17 22:00:00,-0.0088545127
2026-02-17 23:00:00,-0.0014834047
2026-02-18 00:00:00,-0.0005568446
2026-02-18 01:00:00,0.0001856493
2026-02-18 02:00:00,0.0037057667
2026-02-18 03:00:00,0.0040605445
2026-02-18 04:00:00,-0.0031362446
2026-02-18 05:00:00,0.0018460408
2026-02-18 06:00:00,0.0003687996
2026-02-18 07:00:00,0.0034968288
2026-02-18 08:00:00,-0.0020229892
2026-02-18 09:00:00,-0.0014738396
2026-02-18 10:00:00,-0.0025844578
2026-02-18 11:00:00,-0.0040748343
2026-02-18 12:00:00,0.0009275578
2026-02-18 13:00:00,-0.0025993331
2026-02-18 14:00:00,0.0016717753
2026-02-18 15:00:00,0.0108907399
2026-02-18 16:00:00,-0.0046002473
2026-02-18 17:00:00,-0.0046215074
2026-02-18 18:00:00,-0.0117418179
2026-02-18 19:00:00,-0.0024401701
2026-02-18 20:00:00,-0.0018811142
2026-02-18 21:00:00,0.0005647059
2026-02-18 22:00:00,0.001128456
2026-02-18 23:00:00,0.0018779348
2026-02-19 00:00:00,-0.0028182264
2026-02-19 01:00:00,0.0080577593
2026-02-19 02:00:00,-0.0037397201
2026-02-19 03:00:00,0.0035530659
2026-02-19 04:00:00,-0.000373413
2026-02-19 05:00:00,-0.0043043016
2026-02-19 06:00:00,-0.0013136907
2026-02-19 07:00:00,0.0016887142
2026-02-19 08:00:00,-0.0103647399
2026-02-19 09:00:00,-0.0001894478
2026-02-19 10:00:00,-0.0026560441
2026-02-19 11:00:00,-0.0015209128
2026-02-19 12:00:00,-0.0043855538
2026-02-19 13:00:00,-0.008829232
2026-02-19 14:00:00,0.002310804
2026-02-19 15:00:00,-0.0030822602
2026-02-19 16:00:00,0.0
2026-02-19 17:00:00,0.0030822602
2026-02-19 18:00:00,0.0126148462
2026-02-19 19:00:00,-0.0009501188
2026-02-19 20:00:00,0.0007601673
2026-02-19 21:00:00,-0.0030441424
2026-02-19 22:00:00,0.0017134702
2026-02-19 23:00:00,0.0022800694
2026-02-20 00:00:00,0.0035995113
2026-02-20 01:00:00,0.0033981532
2026-02-20 02:00:00,0.0
2026-02-20 03:00:00,0.0030109168
2026-02-20 04:00:00,-0.0016925251
2026-02-20 05:00:00,0.0054434672
2026-02-20 06:00:00,0.0005614298
2026-02-20 07:00:00,0.0009350164
2026-02-20 08:00:00,0.0024269591
2026-02-20 09:00:00,0.0076159001
2026-02-20 10:00:00,-0.0050088223
2026-02-20 11:00:00,-0.0037264809
2026-02-20 12:00:00,-0.0011206576
2026-02-20 13:00:00,-0.0095766388
2026-02-20 14:00:00,0.0134934581
2026-02-20 15:00:00,0.0213636118
2026-02-20 16:00:00,0.0061762231
2026-02-20 17:00:00,0.0001810774
2026-02-20 18:00:00,0.0005430356
2026-02-20 19:00:00,-0.0056256386
2026-02-20 20:00:00,0.002907507
2026-02-20 21:00:00,0.002175096
2026-02-20 22:00:00,0.0010857764
2026-02-20 23:00:00,-0.0014479641
2026-02-21 00:00:00,-0.0058129137
2026-02-21 01:00:00,0.0036370289
2026-02-21 02:00:00,0.0029001289
2026-02-21 03:00:00,-0.0038081468
2026-02-21 04:00:00,-0.0007270084
2026-02-21 05:00:00,0.0023608474
2026-02-21 06:00:00,0.0003627131
2026-02-21 07:00:00,-0.0018148825
2026-02-21 08:00:00,0.0092216547
2026-02-21 09:00:00,-0.0084953064
2026-02-21 10:00:00,-0.0010897204
2026-02-21 11:00:00,0.0005450086
2026-02-21 12:00:00,0.0014519059
2026-02-21 13:00:00,0.0047041882
2026-02-21 14:00:00,0.001803427
2026-02-21 15:00:00,0.0032379953
2026-02-21 16:00:00,-0.0050414223
2026-02-21 17:00:00,-0.0016258697
2026-02-21 18:00:00,0.0023476309
2026-02-21 19:00:00,-0.0032520354
2026-02-21 20:00:00,-0.003081108
2026-02-21 21:00:00,-0.0001815376
2026-02-21 22:00:00,-0.0032733253
2026-02-21 23:00:00,-0.000182166
2026-02-22 00:00:00,-0.0047480002
2026-02-22 01:00:00,0.001097695
2026-02-22 02:00:00,-0.0045816996
2026-02-22 03:00:00,0.0012849933
2026-02-22 04:00:00,0.0003668379
2026-02-22 05:00:00,-0.0033063954
2026-02-22 06:00:00,0.0023890483
2026-02-22 07:00:00,0.0042128462
2026-02-22 08:00:00,-0.001646392
2026-02-22 09:00:00,0.0010978958
2026-02-22 10:00:00,-0.0007317966
2026-02-22 11:00:00,0.0005488976
2026-02-22 12:00:00,-0.0110356095
2026-02-22 13:00:00,-0.0096637065
2026-02-22 14:00:00,-0.0061815313
2026-02-22 15:00:00,0.0016896653
2026-02-22 16:00:00,0.0050519333
2026-02-22 17:00:00,-0.0063658706
2026-02-22 18:00:00,0.0011263376
2026-02-22 19:00:00,-0.0020659224
2026-02-22 20:00:00,-0.0026355437
2026-02-22 21:00:00,0.0056391127
2026-02-22 22:00:00,0.0024337745
2026-02-22 23:00:00,-0.0003740415
2026-02-23 00:00:00,-0.0082645098
2026-02-23 01:00:00,-0.0380595618
2026-02-23 02:00:00,0.0027391917
2026-02-23 03:00:00,0.0033161056
2026-02-23 04:00:00,-0.0048804392
2026-02-23 05:00:00,0.0054644945
2026-02-23 06:00:00,0.0137240001
2026-02-23 07:00:00,-0.0007681967
2026-02-23 08:00:00,-0.0009610765
2026-02-23 09:00:00,0.0165923517
2026-02-23 10:00:00,-0.0018932228
2026-02-23 11:00:00,-0.0022766088
2026-02-23 12:00:00,0.0045480465
2026-02-23 13:00:00,-0.0034090942
2026-02-23 14:00:00,0.0
2026-02-23 15:00:00,-0.0114483219
2026-02-23 16:00:00,-0.0061597885
2026-02-23 17:00:00,-0.0077534794
2026-02-23 18:00:00,0.0003891051
2026-02-23 19:00:00,-0.003312229
2026-02-23 20:00:00,0.0054496048
2026-02-23 21:00:00,0.0031007777
2026-02-23 22:00:00,0.000386922
2026-02-23 23:00:00,-0.0071824049
2026-02-24 00:00:00,0.0095007986
2026-02-24 01:00:00,-0.0065827924
2026-02-24 02:00:00,-0.0044777647
2026-02-24 03:00:00,-0.0058708583
2026-02-24 04:00:00,-0.0033421834
2026-02-24 05:00:00,-0.0096963261
2026-02-24 06:00:00,0.0041670861
2026-02-24 07:00:00,0.0049382816
2026-02-24 08:00:00,0.0062856227
2026-02-24 09:00:00,-0.0035308001
2026-02-24 10:00:00,-0.003148989
2026-02-24 11:00:00,0.0005911913
2026-02-24 12:00:00,-0.0021694122
2026-02-24 13:00:00,-0.0003949447
2026-02-24 14:00:00,0.0082612586
2026-02-24 15:00:00,0.0039100734
2026-02-24 16:00:00,0.0042834956
2026-02-24 17:00:00,0.0007768499
2026-02-24 18:00:00,0.0013580369
2026-02-24 19:00:00,0.001936859
2026-02-24 20:00:00,-0.0050436576
2026-02-24 21:00:00,-0.002921416
2026-02-24 22:00:00,0.0003900156
2026-02-24 23:00:00,-0.0019516009
2026-02-25 00:00:00,0.0038994005
2026-02-25 01:00:00,0.0232725187
2026-02-25 02:00:00,0.0030372081
2026-02-25 03:00:00,-0.0070375944
2026-02-25 04:00:00,0.0057099508
2026-02-25 05:00:00,-0.0078117955
2026-02-25 06:00:00,0.0009559316
2026-02-25 07:00:00,0.0078043605
2026-02-25 08:00:00,0.0013263858
2026-02-25 09:00:00,0.0043457792
2026-02-25 10:00:00,0.0030120505
2026-02-25 11:00:00,0.0020655345
2026-02-25 12:00:00,0.0206078025
2026-02-25 13:00:00,0.0129622992
2026-02-25 14:00:00,0.0340587435
2026-02-25 15:00:00,0.0125437185
2026-02-25 16:00:00,0.0072451585
2026-02-25 17:00:00,0.0036029892
2026-02-25 18:00:00,-0.0008566779
2026-02-25 19:00:00,-0.0012005833
2026-02-25 20:00:00,-0.0015457281
2026-02-25 21:00:00,0.001888899
2026-02-25 22:00:00,-0.0162577085
2026-02-25 23:00:00,-0.0101648264
2026-02-26 00:00:00,-0.0024691371
2026-02-26 01:00:00,-0.0014136776
2026-02-26 02:00:00,0.0030016797
2026-02-26 03:00:00,-0.0040632509
2026-02-26 04:00:00,0.00670433
2026-02-26 05:00:00,-0.0070584376
2026-02-26 06:00:00,0.0005311145
2026-02-26 07:00:00,-0.0044345971
2026-02-26 08:00:00,-0.0051688913
2026-02-26 09:00:00,0.0074773359
2026-02-26 10:00:00,-0.0085501055
2026-02-26 11:00:00,-0.0012530208
2026-02-26 12:00:00,0.0058934004
2026-02-26 13:00:00,0.0
2026-02-26 14:00:00,-0.001425517
2026-02-26 15:00:00,-0.0053638605
2026-02-26 16:00:00,-0.0213814994
2026-02-26 17:00:00,0.0010982977
2026-02-26 18:00:00,0.011640728
2026-02-26 19:00:00,0.0079251135
2026-02-26 20:00:00,-0.0057574826
2026-02-26 21:00:00,-0.0032532109
2026-02-26 22:00:00,0.0039747116
2026-02-26 23:00:00,0.0030605839
2026-02-27 00:00:00,-0.0010791368
2026-02-27 01:00:00,0.0030545348
2026-02-27 02:00:00,0.0014342061
2026-02-27 03:00:00,0.002862256
2026-02-27 04:00:00,-0.0003573343
2026-02-27 05:00:00,0.0016069997
2026-02-27 06:00:00,0.0017825317
2026-02-27 07:00:00,-0.0042834261
2026-02-27 08:00:00,0.0016084357
2026-02-27 09:00:00,-0.006269613
2026-02-27 10:00:00,-0.0108402146
2026-02-27 11:00:00,-0.0067438513
2026-02-27 12:00:00,0.0038331707
2026-02-27 13:00:00,0.0016383002
2026-02-27 14:00:00,-0.0065693667
2026-02-27 15:00:00,0.0025598844
2026-02-27 16:00:00,-0.0089884123
2026-02-27 17:00:00,0.0023925658
2026-02-27 18:00:00,0.0
2026-02-27 19:00:00,-0.0046061804
2026-02-27 20:00:00,-0.0011086476
2026-02-27 21:00:00,-0.0007397818
2026-02-27 22:00:00,0.0
2026-02-27 23:00:00,0.0097579712
2026-02-28 00:00:00,0.0038401803
2026-02-28 01:00:00,-0.0010956904
2026-02-28 02:00:00,0.0041936428
2026-02-28 03:00:00,-0.0056564333
2026-02-28 04:00:00,0.0010972935
2026-02-28 05:00:00,-0.0034789012
2026-02-28 06:00:00,-0.0438683271
2026-02-28 07:00:00,0.0049703792
2026-02-28 08:00:00,-0.0122795096
2026-02-28 09:00:00,-0.0003861749
2026-02-28 10:00:00,0.0034702175
2026-02-28 11:00:00,-0.0055968495
2026-02-28 12:00:00,0.0027058385
2026-02-28 13:00:00,0.0219537308
2026-02-28 14:00:00,-0.0115849743
2026-02-28 15:00:00,0.0047641824
2026-02-28 16:00:00,0.0030372081
2026-02-28 17:00:00,0.0069884126
2026-02-28 18:00:00,0.0140176111
2026-02-28 19:00:00,0.0035201519
2026-02-28 20:00:00,0.0132281922
2026-02-28 21:00:00,-0.0093518606
2026-02-28 22:00:00,0.0060611812
2026-02-28 23:00:00,-0.0034852828
2026-03-01 00:00:00,-0.0047891048
2026-03-01 01:00:00,0.0108347401
2026-03-01 02:00:00,0.0105378882
2026-03-01 03:00:00,-0.0083485058
2026-03-01 04:00:00,0.0009108298
2026-03-01 05:00:00,-0.0012753942
2026-03-01 06:00:00,-0.0076867143
2026-03-01 07:00:00,0.0034846436
2026-03-01 08:00:00,-0.0117865085
2026-03-01 09:00:00,-0.0009266982
2026-03-01 10:00:00,0.002592594
2026-03-01 11:00:00,-0.0020364721
2026-03-01 12:00:00,-0.0040854282
2026-03-01 13:00:00,0.0120227102
2026-03-01 14:00:00,-0.0014719414
2026-03-01 15:00:00,-0.0009210648
2026-03-01 16:00:00,-0.0100019356
2026-03-01 17:00:00,-0.0042906511
2026-03-01 18:00:00,0.0029867485
2026-03-01 19:00:00,-0.0072958887
2026-03-01 20:00:00,-0.0109497035
2026-03-01 21:00:00,0.0075643326
2026-03-01 22:00:00,-0.0013196345
2026-03-01 23:00:00,0.0037657736
2026-03-02 00:00:00,0.0112129749
2026-03-02 01:00:00,0.0029690131
2026-03-02 02:00:00,-0.0029690131
2026-03-02 03:00:00,0.0061139607
2026-03-02 04:00:00,-0.0024040696
2026-03-02 05:00:00,-0.0009261833
2026-03-02 06:00:00,-0.0093093206
2026-03-02 07:00:00,-0.0024346861
2026-03-02 08:00:00,0.0037432198
2026-03-02 09:00:00,0.0007469655
2026-03-02 10:00:00,-0.0024296807
2026-03-02 11:00:00,-0.0026231981
2026-03-02 12:00:00,-0.0018779348
2026-03-02 13:00:00,-0.0020698098
2026-03-02 14:00:00,0.019954042
2026-03-02 15:00:00,0.016117565
2026-03-02 16:00:00,0.0005449096
2026-03-02 17:00:00,-0.0076558887
2026-03-02 18:00:00,-0.0005490986
2026-03-02 19:00:00,0.0047488674
2026-03-02 20:00:00,-0.0014587895
2026-03-02 21:00:00,0.0050964799
2026-03-02 22:00:00,-0.0014534886
2026-03-02 23:00:00,-0.00766567
2026-03-03 00:00:00,0.0016475976
2026-03-03 01:00:00,-0.0040322635
2026-03-03 02:00:00,-0.000551116
2026-03-03 03:00:00,-0.0023916854
2026-03-03 04:00:00,-0.0060970166
2026-03-03 05:00:00,-0.0011125534
2026-03-03 06:00:00,0.003518848
2026-03-03 07:00:00,0.0003696858
2026-03-03 08:00:00,-0.0105899736
2026-03-03 09:00:00,-0.0063706417
2026-03-03 10:00:00,0.0009394082
2026-03-03 11:00:00,0.0041229444
2026-03-03 12:00:00,0.007824183
2026-03-03 13:00:00,-0.0022292411
2026-03-03 14:00:00,-0.0040998939
2026-03-03 15:00:00,0.0078125397
2026-03-03 16:00:00,0.0159915181
2026-03-03 17:00:00,0.0003646308
2026-03-03 18:00:00,0.0003644979
2026-03-03 19:00:00,-0.003285274
2026-03-03 20:00:00,-0.0003656976
2026-03-03 21:00:00,-0.0023802996
2026-03-03 22:00:00,0.0045724817
2026-03-03 23:00:00,0.0
2026-03-04 00:00:00,-0.0003650301
2026-03-04 01:00:00,0.0045533272
2026-03-04 02:00:00,-0.0001817356
2026-03-04 03:00:00,-0.0060158781
2026-03-04 04:00:00,0.0003656307
2026-03-04 05:00:00,0.001826151
2026-03-04 06:00:00,0.001094092
2026-03-04 07:00:00,0.0076253093
2026-03-04 08:00:00,0.0161467448
2026-03-04 09:00:00,0.0003558719
2026-03-04 10:00:00,-0.0046362423
2026-03-04 11:00:00,-0.0023262066
2026-03-04 12:00:00,-0.0026908259
2026-03-04 13:00:00,0.006088844
2026-03-04 14:00:00,-0.0062684901
2026-03-04 15:00:00,0.023087511
2026-03-04 16:00:00,-0.0028129414
2026-03-04 17:00:00,0.001583253
2026-03-04 18:00:00,0.0035093912
2026-03-04 19:00:00,0.0092407597
2026-03-04 20:00:00,-0.0064420872
2026-03-04 21:00:00,-0.0001746877
2026-03-04 22:00:00,-0.0080688036
2026-03-04 23:00:00,0.0001761028
2026-03-05 00:00:00,0.0017593249
2026-03-05 01:00:00,-0.0054640129
2026-03-05 02:00:00,-0.0003535443
2026-03-05 03:00:00,-0.0010613834
2026-03-05 04:00:00,0.0037099239
2026-03-05 05:00:00,-0.0083223145
2026-03-05 06:00:00,0.0023088546
2026-03-05 07:00:00,-0.0071212692
2026-03-05 08:00:00,0.0081850991
2026-03-05 09:00:00,0.0044204828
2026-03-05 10:00:00,0.0072075552
2026-03-05 11:00:00,-0.0190987238
2026-03-05 12:00:00,-0.0007144133
2026-03-05 13:00:00,-0.0001786831
2026-03-05 14:00:00,0.0097804638
2026-03-05 15:00:00,-0.0106743586
2026-03-05 16:00:00,-0.0073602343
2026-03-05 17:00:00,-0.005782452
2026-03-05 18:00:00,0.004881145
2026-03-05 19:00:00,-0.0030705343
2026-03-05 20:00:00,0.0127619239
2026-03-05 21:00:00,-0.0044750813
2026-03-05 22:00:00,-0.0021551732
2026-03-05 23:00:00,-0.0028808086
2026-03-06 00:00:00,-0.0005410768
2026-03-06 01:00:00,0.0062944188
2026-03-06 02:00:00,-0.0028725334
2026-03-06 03:00:00,0.0007189073
2026-03-06 04:00:00,-0.0043212167
2026-03-06 05:00:00,0.0
2026-03-06 06:00:00,0.0018027768
2026-03-06 07:00:00,0.0017995326
2026-03-06 08:00:00,-0.0037827659
2026-03-06 09:00:00,-0.0018063589
2026-03-06 10:00:00,-0.0001808155
2026-03-06 11:00:00,-0.0065312279
2026-03-06 12:00:00,-0.0058415646
2026-03-06 13:00:00,-0.0093811044
2026-03-06 14:00:00,-0.00723364
2026-03-06 15:00:00,-0.0003723701
2026-03-06 16:00:00,-0.0011179431
2026-03-06 17:00:00,-0.0050462681
2026-03-06 18:00:00,0.0013107389
2026-03-06 19:00:00,0.0018695089
2026-03-06 20:00:00,0.0048444291
2026-03-06 21:00:00,0.0042659807
2026-03-06 22:00:00,0.0009249839
2026-03-06 23:00:00,-0.0051909646
2026-03-07 00:00:00,0.0042659807
2026-03-07 01:00:00,-0.0022234584
2026-03-07 02:00:00,0.0014828548
2026-03-07 03:00:00,-0.0024107568
2026-03-07 04:00:00,-0.0001856838
2026-03-07 05:00:00,-0.0007430801
2026-03-07 06:00:00,-0.0046568027
2026-03-07 07:00:00,0.0031689839
2026-03-07 08:00:00,0.0066778211
2026-03-07 09:00:00,-0.0003698225
2026-03-07 10:00:00,-0.002592594
2026-03-07 11:00:00,0.0020376037
2026-03-07 12:00:00,-0.0016668214
2026-03-07 13:00:00,0.0003706449
2026-03-07 14:00:00,0.0
2026-03-07 15:00:00,-0.0037126458
2026-03-07 16:00:00,0.0013009945
2026-03-07 17:00:00,0.0018556324
2026-03-07 18:00:00,-0.0052044727
2026-03-07 19:00:00,-0.005231701
2026-03-07 20:00:00,0.0031796529
2026-03-07 21:00:00,0.0022383893
2026-03-07 22:00:00,-0.0048561918
2026-03-07 23:00:00,0.0029912155
2026-03-08 00:00:00,-0.0031784639
2026-03-08 01:00:00,0.0041113868
2026-03-08 02:00:00,-0.0097452046
2026-03-08 03:00:00,0.0020694204
2026-03-08 04:00:00,-0.0041431321
2026-03-08 05:00:00,0.0071455738
2026-03-08 06:00:00,-0.0024387968
2026-03-08 07:00:00,-0.0015037597
2026-03-08 08:00:00,-0.004902895
2026-03-08 09:00:00,0.0088454515
2026-03-08 10:00:00,0.0054190547
2026-03-08 11:00:00,-0.0014919809
2026-03-08 12:00:00,0.001305605
2026-03-08 13:00:00,-0.0067327728
2026-03-08 14:00:00,-0.0069673571
2026-03-08 15:00:00,-0.004355655
2026-03-08 16:00:00,-0.0051374863
2026-03-08 17:00:00,0.0038080777
2026-03-08 18:00:00,-0.0007604563
2026-03-08 19:00:00,0.0098411089
2026-03-08 20:00:00,-0.0005651314
2026-03-08 21:00:00,-0.0024526
2026-03-08 22:00:00,-0.0030268657
2026-03-08 23:00:00,-0.0036063435
2026-03-09 00:00:00,0.0079545874
2026-03-09 01:00:00,-0.0062446981
2026-03-09 02:00:00,0.0062446981
2026-03-09 03:00:00,0.0054557562
2026-03-09 04:00:00,-0.0003753049
2026-03-09 05:00:00,0.0095265501
2026-03-09 06:00:00,-0.0089636455
2026-03-09 07:00:00,0.0
2026-03-09 08:00:00,0.0018740635
2026-03-09 09:00:00,0.0013097579
2026-03-09 10:00:00,-0.0039344313
2026-03-09 11:00:00,0.0016880807
2026-03-09 12:00:00,0.0059790911
2026-03-09 13:00:00,0.0094558969
2026-03-09 14:00:00,-0.0020319578
2026-03-09 15:00:00,-0.0029629651
2026-03-09 16:00:00,0.0022230465
2026-03-09 17:00:00,0.0005549903
2026-03-09 18:00:00,-0.0020364721
2026-03-09 19:00:00,0.0048068127
2026-03-09 20:00:00,-0.0007380074
2026-03-09 21:00:00,-0.0007385525
2026-03-09 22:00:00,-0.0068575934
2026-03-09 23:00:00,0.0
2026-03-10 00:00:00,0.0064881125
2026-03-10 01:00:00,0.0001847575
2026-03-10 02:00:00,0.0060779264
2026-03-10 03:00:00,-0.0079270394
2026-03-10 04:00:00,0.0025878018
2026-03-10 05:00:00,-0.0049967718
2026-03-10 06:00:00,0.0022238704
2026-03-10 07:00:00,0.000925155
2026-03-10 08:00:00,0.0012937808
2026-03-10 09:00:00,0.0049746763
2026-03-10 10:00:00,-0.0031293169
2026-03-10 11:00:00,-0.002399632
2026-03-10 12:00:00,-0.0001848258
2026-03-10 13:00:00,-0.0009246418
2026-03-10 14:00:00,0.0157859372
2026-03-10 15:00:00,-0.0025528825
2026-03-10 16:00:00,0.0
2026-03-10 17:00:00,-0.0016445869
2026-03-10 18:00:00,-0.0164104356
2026-03-10 19:00:00,0.0
2026-03-10 20:00:00,0.0037112679
2026-03-10 21:00:00,-0.0066902312
2026-03-10 22:00:00,0.0018628917
2026-03-10 23:00:00,0.0027878468
2026-03-11 00:00:00,0.0024098631
2026-03-11 01:00:00,-0.000555607
2026-03-11 02:00:00,-0.0014831297
2026-03-11 03:00:00,-0.0012995453
2026-03-11 04:00:00,0.0042636083
2026-03-11 05:00:00,-0.0072403547
2026-03-11 06:00:00,0.0040907458
2026-03-11 07:00:00,-0.0003711953
2026-03-11 08:00:00,0.0024103099
2026-03-11 09:00:00,-0.0057572821
2026-03-11 10:00:00,0.0044601449
2026-03-11 11:00:00,-0.0005564314
2026-03-11 12:00:00,0.0044428063
2026-03-11 13:00:00,0.0088268319
2026-03-11 14:00:00,0.003472543
2026-03-11 15:00:00,-0.0047549468
2026-03-11 16:00:00,0.0058490388
2026-03-11 17:00:00,0.0010928963
2026-03-11 18:00:00,0.0039970983
2026-03-11 19:00:00,-0.001633246
2026-03-11 20:00:00,-0.0007267442
2026-03-11 21:00:00,0.0023599902
2026-03-11 22:00:00,-0.003087263
2026-03-11 23:00:00,-0.0032792888
2026-03-12 00:00:00,0.0038247929
2026-03-12 01:00:00,-0.0063828064
2026-03-12 02:00:00,-0.0071605924
2026-03-12 03:00:00,-0.0020289595
2026-03-12 04:00:00,-0.0005540678
2026-03-12 05:00:00,0.0
2026-03-12 06:00:00,-0.000554375
2026-03-12 07:00:00,0.0036900411
2026-03-12 08:00:00,0.0018399269
2026-03-12 09:00:00,0.0009186955
2026-03-12 10:00:00,0.0020181642
2026-03-12 11:00:00,-0.004224453
2026-03-12 12:00:00,0.0038578169
2026-03-12 13:00:00,-0.0042260054
2026-03-12 14:00:00,-0.0046138312
2026-03-12 15:00:00,0.0055340484
2026-03-12 16:00:00,0.0014705885
2026-03-12 17:00:00,-0.0036805342
2026-03-12 18:00:00,-0.0022148403
2026-03-12 19:00:00,0.0040568007
2026-03-12 20:00:00,-0.0031333543
2026-03-12 21:00:00,0.0058899489
2026-03-12 22:00:00,0.0001835031
2026-03-12 23:00:00,0.0014668136
2026-03-13 00:00:00,0.0074838352
2026-03-13 01:00:00,0.0061639064
2026-03-13 02:00:00,-0.0054367658
2026-03-13 03:00:00,0.0047135693
2026-03-13 04:00:00,-0.0019914916
2026-03-13 05:00:00,0.0019914916
2026-03-13 06:00:00,-0.0038053865
2026-03-13 07:00:00,0.0
2026-03-13 08:00:00,0.0027196101
2026-03-13 09:00:00,0.0045163115
2026-03-13 10:00:00,0.0091505079
2026-03-13 11:00:00,-0.0010721945
2026-03-13 12:00:00,0.0062383234
2026-03-13 13:00:00,0.0037243991
2026-03-13 14:00:00,-0.0139039673
2026-03-13 15:00:00,-0.00720594
2026-03-13 16:00:00,0.007744298
2026-03-13 17:00:00,-0.0066600912
2026-03-13 18:00:00,0.0
2026-03-13 19:00:00,0.0052238253
2026-03-13 20:00:00,0.0025121133
2026-03-13 21:00:00,-0.0028715023
2026-03-13 22:00:00,-0.0072150385
2026-03-13 23:00:00,0.0016279284
2026-03-14 00:00:00,-0.0028959296
2026-03-14 01:00:00,0.0052427129
2026-03-14 02:00:00,0.0028808086
2026-03-14 03:00:00,0.0017963001
2026-03-14 04:00:00,-0.002875631
2026-03-14 05:00:00,-0.0046906094
2026-03-14 06:00:00,-0.0083530538
2026-03-14 07:00:00,-0.0020078495
2026-03-14 08:00:00,-0.002194989
2026-03-14 09:00:00,-0.0016494093
2026-03-14 10:00:00,-0.0001834358
2026-03-14 11:00:00,0.0040278341
2026-03-14 12:00:00,-0.0012798247
2026-03-14 13:00:00,0.0007315289
2026-03-14 14:00:00,-0.00458086
2026-03-14 15:00:00,0.0009178523
2026-03-14 16:00:00,0.0023824807
2026-03-14 17:00:00,0.0
2026-03-14 18:00:00,0.0025594164
2026-03-14 19:00:00,-0.0014617214
2026-03-14 20:00:00,-0.0003657645
2026-03-14 21:00:00,0.0009141604
2026-03-14 22:00:00,-0.0010970928
2026-03-14 23:00:00,0.0063828064
2026-03-15 00:00:00,-0.0043723881
2026-03-15 01:00:00,0.0025528825
2026-03-15 02:00:00,0.0056297252
2026-03-15 03:00:00,-0.0010871536
2026-03-15 04:00:00,0.0021731265
2026-03-15 05:00:00,-0.0007238509
2026-03-15 06:00:00,-0.0021747018
2026-03-15 07:00:00,0.0025366928
2026-03-15 08:00:00,0.0023497525
2026-03-15 09:00:00,-0.0001805543
2026-03-15 10:00:00,0.0016238163
2026-03-15 11:00:00,0.0
2026-03-15 12:00:00,-0.0009017946
2026-03-15 13:00:00,-0.0021676309
2026-03-15 14:00:00,0.0001808155
2026-03-15 15:00:00,-0.0032596914
2026-03-15 16:00:00,-0.0018155415
2026-03-15 17:00:00,0.0043517748
2026-03-15 18:00:00,-0.0048970806
2026-03-15 19:00:00,0.0047161343
2026-03-15 20:00:00,0.0021691982
2026-03-15 21:00:00,0.0068382487
2026-03-15 22:00:00,0.0098153728
2026-03-15 23:00:00,-0.0003552398
2026-03-16 00:00:00,-0.0019560778
2026-03-16 01:00:00,0.0008896006
2026-03-16 02:00:00,-0.0024928788
2026-03-16 03:00:00,0.0104638713
2026-03-16 04:00:00,0.0093072935
2026-03-16 05:00:00,0.0048823114
2026-03-16 06:00:00,-0.004707532
2026-03-16 07:00:00,0.0031408157
2026-03-16 08:00:00,-0.0024420037
2026-03-16 09:00:00,0.00400872
2026-03-16 10:00:00,0.0
2026-03-16 11:00:00,-0.0015667163
2026-03-16 12:00:00,0.0050395449
2026-03-16 13:00:00,0.0039788998
2026-03-16 14:00:00,0.0053379378
2026-03-16 15:00:00,-0.0065472322
2026-03-16 16:00:00,0.0077486397
2026-03-16 17:00:00,0.0015425489
2026-03-16 18:00:00,0.0011981174
2026-03-16 19:00:00,0.0001710425
2026-03-16 20:00:00,0.0011964791
2026-03-16 21:00:00,0.0034106445
2026-03-16 22:00:00,0.0027201649
2026-03-16 23:00:00,-0.0035717361
2026-03-17 00:00:00,0.0030622685
2026-03-17 01:00:00,-0.002721553
2026-03-17 02:00:00,0.0006810829
2026-03-17 03:00:00,-0.0123310348
2026-03-17 04:00:00,-0.0055296495
2026-03-17 05:00:00,-0.0012136976
2026-03-17 06:00:00,0.0012136976
2026-03-17 07:00:00,0.0038049164
2026-03-17 08:00:00,-0.0003453039
2026-03-17 09:00:00,-0.0013824091
2026-03-17 10:00:00,-0.0024238239
2026-03-17 11:00:00,0.0003466205
2026-03-17 12:00:00,-0.0045154644
2026-03-17 13:00:00,0.0062467668
2026-03-17 14:00:00,0.005175995
2026-03-17 15:00:00,-0.0003442341
2026-03-17 16:00:00,0.0
2026-03-17 17:00:00,0.007887558
2026-03-17 18:00:00,0.0
2026-03-17 19:00:00,-0.0059957353
2026-03-17 20:00:00,0.0018882505
2026-03-17 21:00:00,0.0047904283
2026-03-17 22:00:00,-0.0030769255
2026-03-17 23:00:00,-0.005149342
2026-03-18 00:00:00,0.0013757526
2026-03-18 01:00:00,0.0015454627
2026-03-18 02:00:00,0.0020569085
2026-03-18 03:00:00,-0.0001712475
2026-03-18 04:00:00,-0.0046348036
2026-03-18 05:00:00,-0.0022392568
2026-03-18 06:00:00,-0.0006900121
2026-03-18 07:00:00,-0.0017271161
2026-03-18 08:00:00,-0.0050255716
2026-03-18 09:00:00,0.0048526958
2026-03-18 10:00:00,-0.0029434702
2026-03-18 11:00:00,-0.0189048165
2026-03-18 12:00:00,-0.0088747476
2026-03-18 13:00:00,0.0028484976
2026-03-18 14:00:00,-0.0116228398
2026-03-18 15:00:00,-0.0010797194
2026-03-18 16:00:00,0.0007199424
2026-03-18 17:00:00,0.0064562635
2026-03-18 18:00:00,-0.0042995408
2026-03-18 19:00:00,0.0019729179
2026-03-18 20:00:00,0.0042910847
2026-03-18 21:00:00,0.0039173839
2026-03-18 22:00:00,-0.0064182784
2026-03-18 23:00:00,0.0032142885
2026-03-19 00:00:00,-0.004288018
2026-03-19 01:00:00,0.0025035778
2026-03-19 02:00:00,-0.0037577212
2026-03-19 03:00:00,0.004114864
2026-03-19 04:00:00,-0.0051910973
2026-03-19 05:00:00,-0.0021559477
2026-03-19 06:00:00,-0.0008996852
2026-03-19 07:00:00,-0.0059583096
2026-03-19 08:00:00,-0.0007246377
2026-03-19 09:00:00,0.0088408334
2026-03-19 10:00:00,-0.0039596884
2026-03-19 11:00:00,-0.0012631961
2026-03-19 12:00:00,-0.007249035
2026-03-19 13:00:00,0.0038122947
2026-03-19 14:00:00,-0.0005437245
2026-03-19 15:00:00,-0.0029048677
2026-03-19 16:00:00,-0.0010915046
2026-03-19 17:00:00,0.0061694988
2026-03-19 18:00:00,0.0007233273
2026-03-19 19:00:00,0.0063068954
2026-03-19 20:00:00,0.0030490563
2026-03-19 21:00:00,-0.0019718569
2026-03-19 22:00:00,-0.0035951863
2026-03-19 23:00:00,-0.0001800991
2026-03-20 00:00:00,0.0043134503
2026-03-20 01:00:00,0.0016127591
2026-03-20 02:00:00,-0.0016127591
2026-03-20 03:00:00,0.0023287068
2026-03-20 04:00:00,0.0017876301
2026-03-20 05:00:00,-0.0008934156
2026-03-20 06:00:00,-0.0003575898
2026-03-20 07:00:00,0.000893735
2026-03-20 08:00:00,0.0005358578
2026-03-20 09:00:00,-0.0064493237
2026-03-20 10:00:00,-0.0005393259
2026-03-20 11:00:00,-0.0030616863
2026-03-20 12:00:00,-0.0010828371
2026-03-20 13:00:00,-0.0005418586
2026-03-20 14:00:00,0.0005418586
2026-03-20 15:00:00,0.0039646835
2026-03-20 16:00:00,-0.0016200166
2026-03-20 17:00:00,0.002518893
2026-03-20 18:00:00,-0.0043219948
2026-03-20 19:00:00,0.0046813193
2026-03-20 20:00:00,0.0014360081
2026-03-20 21:00:00,0.0062584022
2026-03-20 22:00:00,0.0023146098
2026-03-20 23:00:00,-0.0008896006
2026-03-21 00:00:00,0.0042628839
2026-03-21 01:00:00,-0.0046189459
2026-03-21 02:00:00,0.0026673795
2026-03-21 03:00:00,-0.0023113176
2026-03-21 04:00:00,0.0001779834
2026-03-21 05:00:00,0.001067236
2026-03-21 06:00:00,0.0003554924
2026-03-21 07:00:00,0.0007106058
2026-03-21 08:00:00,0.0014196986
2026-03-21 09:00:00,-0.0015973027
2026-03-21 10:00:00,-0.0039152924
2026-03-21 11:00:00,-0.0008919811
2026-03-21 12:00:00,-0.0012501118
2026-03-21 13:00:00,-0.0028632804
2026-03-21 14:00:00,-0.0025121133
2026-03-21 15:00:00,0.0021536261
2026-03-21 16:00:00,-0.0012557182
2026-03-21 17:00:00,0.0003589375
2026-03-21 18:00:00,0.0050116446
2026-03-21 19:00:00,-0.0030397878
2026-03-21 20:00:00,0.0026826449
2026-03-21 21:00:00,-0.0021455399
2026-03-21 22:00:00,-0.0026884146
2026-03-21 23:00:00,-0.016648955
2026-03-22 00:00:00,-0.0027409793
2026-03-22 01:00:00,-0.0009153319
2026-03-22 02:00:00,0.0032912811
2026-03-22 03:00:00,-0.0009131587
2026-03-22 04:00:00,0.0003653635
2026-03-22 05:00:00,-0.0034763552
2026-03-22 06:00:00,0.0012821689
2026-03-22 07:00:00,-0.0038514491
2026-03-22 08:00:00,-0.0031287409
2026-03-22 09:00:00,-0.000922084
2026-03-22 10:00:00,-0.0038820642
2026-03-22 11:00:00,-0.0012973776
2026-03-22 12:00:00,0.0025930742
2026-03-22 13:00:00,0.0024018487
2026-03-22 14:00:00,-0.0011078288
2026-03-22 15:00:00,0.0018457
2026-03-22 16:00:00,-0.0020304576
2026-03-22 17:00:00,0.0001847575
2026-03-22 18:00:00,-0.0024045142
2026-03-22 19:00:00,-0.0044543503
2026-03-22 20:00:00,-0.0033538321
2026-03-22 21:00:00,-0.0041144625
2026-03-22 22:00:00,0.0063515999
2026-03-22 23:00:00,-0.0035444492
2026-03-23 00:00:00,0.0020535805
2026-03-23 01:00:00,0.0013046316
2026-03-23 02:00:00,0.004089225
2026-03-23 03:00:00,0.0
2026-03-23 04:00:00,0.0042572947
2026-03-23 05:00:00,-0.0001847234
2026-03-23 06:00:00,-0.0098394927
2026-03-23 07:00:00,0.0013051181
2026-03-23 08:00:00,-0.0003727171
2026-03-23 09:00:00,0.0026061072
2026-03-23 10:00:00,0.000557569
2026-03-23 11:00:00,0.020050336
2026-03-23 12:00:00,0.0088841125
2026-03-23 13:00:00,0.0064771727
2026-03-23 14:00:00,0.0
2026-03-23 15:00:00,-0.0126332667
2026-03-23 16:00:00,0.0048917572
2026-03-23 17:00:00,0.0028875674
2026-03-23 18:00:00,0.0023400245
2026-03-23 19:00:00,-0.0052275919
2026-03-23 20:00:00,0.0061261453
2026-03-23 21:00:00,0.0021532397
2026-03-23 22:00:00,-0.0023328858
2026-03-23 23:00:00,0.0005388415
2026-03-24 00:00:00,-0.0041385574
2026-03-24 01:00:00,-0.0046990869
2026-03-24 02:00:00,0.0010863662
2026-03-24 03:00:00,0.0055941678
2026-03-24 04:00:00,-0.0023421324
2026-03-24 05:00:00,0.0010816659
2026-03-24 06:00:00,0.0023396033
2026-03-24 07:00:00,0.0053782847
2026-03-24 08:00:00,-0.0023270394
2026-03-24 09:00:00,0.0021482285
2026-03-24 10:00:00,-0.0021482285
2026-03-24 11:00:00,-0.0023324672
2026-03-24 12:00:00,-0.0003593245
2026-03-24 13:00:00,-0.0050441469
2026-03-24 14:00:00,0.0019846646
2026-03-24 15:00:00,0.0035984206
2026-03-24 16:00:00,0.000538648
2026-03-24 17:00:00,-0.0053995812
2026-03-24 18:00:00,0.0041422842
2026-03-24 19:00:00,0.0010777799
2026-03-24 20:00:00,0.0082246128
2026-03-24 21:00:00,-0.001782214
2026-03-24 22:00:00,0.0
2026-03-24 23:00:00,0.0056919399
2026-03-25 00:00:00,0.0003546728
2026-03-25 01:00:00,-0.0012419056
2026-03-25 02:00:00,-0.0040914404
2026-03-25 03:00:00,0.0030257209
2026-03-25 04:00:00,0.0019529522
2026-03-25 05:00:00,0.0007092199
2026-03-25 06:00:00,-0.0003545471
2026-03-25 07:00:00,-0.0001773207
2026-03-25 08:00:00,0.0015947554
2026-03-25 09:00:00,-0.0008856612
2026-03-25 10:00:00,0.0007085917
2026-03-25 11:00:00,-0.0010630759
2026-03-25 12:00:00,0.0023019045
2026-03-25 13:00:00,0.0012372958
2026-03-25 14:00:00,-0.0003533569
2026-03-25 15:00:00,-0.0101235213
2026-03-25 16:00:00,0.0046304624
2026-03-25 17:00:00,0.0010655302
2026-03-25 18:00:00,-0.000887863
2026-03-25 19:00:00,0.0001776357
2026-03-25 20:00:00,-0.0001776357
2026-03-25 21:00:00,0.001065341
2026-03-25 22:00:00,0.0049566396
2026-03-25 23:00:00,0.0
2026-03-26 00:00:00,-0.0038924324
2026-03-26 01:00:00,-0.0010642073
2026-03-26 02:00:00,-0.0058734707
2026-03-26 03:00:00,-0.0017866719
2026-03-26 04:00:00,-0.0005366246
2026-03-26 05:00:00,-0.009528162
2026-03-26 06:00:00,0.0007222824
2026-03-26 07:00:00,-0.0023493279
2026-03-26 08:00:00,-0.0007239819
2026-03-26 09:00:00,-0.0061751014
2026-03-26 10:00:00,-0.0029191774
2026-03-26 11:00:00,-0.0023781224
2026-03-26 12:00:00,0.0016469946
2026-03-26 13:00:00,0.0065609858
2026-03-26 14:00:00,-0.0010905126
2026-03-26 15:00:00,-0.0056533387
2026-03-26 16:00:00,-0.0009148294
2026-03-26 17:00:00,-0.0064273474
2026-03-26 18:00:00,0.0014727543
2026-03-26 19:00:00,-0.0020255969
2026-03-26 20:00:00,0.0086262809
2026-03-26 21:00:00,0.0023729134
2026-03-26 22:00:00,-0.0023729134
2026-03-26 23:00:00,-0.002561758
2026-03-27 00:00:00,0.0001832005
2026-03-27 01:00:00,0.0073006347
2026-03-27 02:00:00,-0.0012737696
2026-03-27 03:00:00,0.0001820665
2026-03-27 04:00:00,0.0005460006
2026-03-27 05:00:00,-0.0020034612
2026-03-27 06:00:00,0.0020034612
2026-03-27 07:00:00,-0.0010922994
2026-03-27 08:00:00,-0.004381168
2026-03-27 09:00:00,-0.0021978031
2026-03-27 10:00:00,-0.0179451675
2026-03-27 11:00:00,0.0040983664
2026-03-27 12:00:00,0.0003717472
2026-03-27 13:00:00,0.001856666
2026-03-27 14:00:00,0.0024085236
2026-03-27 15:00:00,0.004247075
2026-03-27 16:00:00,-0.0014751985
2026-03-27 17:00:00,-0.006293986
2026-03-27 18:00:00,-0.0022308989
2026-03-27 19:00:00,-0.0011173186
2026-03-27 20:00:00,-0.0029856339
2026-03-27 21:00:00,0.0014939312
2026-03-27 22:00:00,-0.0014939312
2026-03-27 23:00:00,0.0033582121
2026-03-28 00:00:00,-0.0003725782
2026-03-28 01:00:00,-0.0039204755
2026-03-28 02:00:00,-0.0014975667
2026-03-28 03:00:00,0.0028061004
2026-03-28 04:00:00,0.0007469655
2026-03-28 05:00:00,0.0029822948
2026-03-28 06:00:00,0.0016736406
2026-03-28 07:00:00,0.0005572583
2026-03-28 08:00:00,-0.000371471
2026-03-28 09:00:00,-0.0016733294
2026-03-28 10:00:00,0.0031583863
2026-03-28 11:00:00,0.0022234584
2026-03-28 12:00:00,-0.0003702333
2026-03-28 13:00:00,0.0106815012
2026-03-28 14:00:00,-0.0010997069
2026-03-28 15:00:00,-0.0005503073
2026-03-28 16:00:00,0.0034801757
2026-03-28 17:00:00,-0.011401374
2026-03-28 18:00:00,0.0007395083
2026-03-28 19:00:00,0.0001847916
2026-03-28 20:00:00,0.0001847575
2026-03-28 21:00:00,-0.00129402
2026-03-28 22:00:00,-0.0012956966
2026-03-28 23:00:00,-0.0029679117
2026-03-29 00:00:00,0.0011139994
2026-03-29 01:00:00,0.0020391146
2026-03-29 02:00:00,0.0014803852
2026-03-29 03:00:00,0.0035071563
2026-03-29 04:00:00,-0.0020289595
2026-03-29 05:00:00,0.0
2026-03-29 06:00:00,0.000553761
2026-03-29 07:00:00,-0.0022168862
2026-03-29 08:00:00,-0.0003699593
2026-03-29 09:00:00,-0.0003700962
2026-03-29 10:00:00,-0.0063126834
2026-03-29 11:00:00,0.0033469723
2026-03-29 12:00:00,0.0
2026-03-29 13:00:00,-0.0053978726
2026-03-29 14:00:00,0.001305605
2026-03-29 15:00:00,-0.0029867485
2026-03-29 16:00:00,-0.0029956959
2026-03-29 17:00:00,-0.0011257037
2026-03-29 18:00:00,0.002437425
2026-03-29 19:00:00,-0.0013117214
2026-03-29 20:00:00,0.0054231082
2026-03-29 21:00:00,0.0026075634
2026-03-29 22:00:00,-0.0125411096
2026-03-29 23:00:00,0.0037601097
2026-03-30 00:00:00,0.0063599167
2026-03-30 01:00:00,0.0037223196
2026-03-30 02:00:00,0.0038935805
2026-03-30 03:00:00,-0.0001850652
2026-03-30 04:00:00,0.0022185256
2026-03-30 05:00:00,-0.0090901284
2026-03-30 06:00:00,-0.0014919809
2026-03-30 07:00:00,0.0096583217
2026-03-30 08:00:00,0.000554375
2026-03-30 09:00:00,-0.0050004734
2026-03-30 10:00:00,-0.0005571548
2026-03-30 11:00:00,-0.0024179311
2026-03-30 12:00:00,0.0039029879
2026-03-30 13:00:00,-0.004089225
2026-03-30 14:00:00,0.0039037135
2026-03-30 15:00:00,-0.000185546
2026-03-30 16:00:00,-0.0005568446
2026-03-30 17:00:00,-0.0068933668
2026-03-30 18:00:00,-0.0035583894
2026-03-30 19:00:00,0.0003751641
2026-03-30 20:00:00,0.0
2026-03-30 21:00:00,0.0033701586
2026-03-30 22:00:00,-0.0014964462
2026-03-30 23:00:00,-0.0028118868
2026-03-31 00:00:00,0.0031862083
2026-03-31 01:00:00,0.0091273801
2026-03-31 02:00:00,-0.0020417641
2026-03-31 03:00:00,-0.0024183809
2026-03-31 04:00:00,-0.0007452954
2026-03-31 05:00:00,0.0035352163
2026-03-31 06:00:00,0.0001857183
2026-03-31 07:00:00,-0.0009289364
2026-03-31 08:00:00,-0.0037243991
2026-03-31 09:00:00,-0.0080547406
2026-03-31 10:00:00,0.000939938
2026-03-31 11:00:00,0.0046864834
2026-03-31 12:00:00,-0.0026217243
2026-03-31 13:00:00,0.0104459073
2026-03-31 14:00:00,-0.0080112212
2026-03-31 15:00:00,-0.002059733
2026-03-31 16:00:00,0.0078417131
2026-03-31 17:00:00,0.0024147871
2026-03-31 18:00:00,0.0024089699
2026-03-31 19:00:00,-0.0003702333
2026-03-31 20:00:00,0.0020345887
2026-03-31 21:00:00,-0.0042588714
2026-03-31 22:00:00,-0.0003711953
2026-03-31 23:00:00,0.0003711953
2026-04-01 00:00:00,0.0037043939
2026-04-01 01:00:00,-0.0033333364
2026-04-01 02:00:00,-0.0014850569
2026-04-01 03:00:00,0.0040786115
2026-04-01 04:00:00,-0.0005551957
2026-04-01 05:00:00,0.0062742409
2026-04-01 06:00:00,0.004038926
2026-04-01 07:00:00,-0.0055116803
2026-04-01 08:00:00,-0.0012904417
2026-04-01 09:00:00,-0.0035110449
2026-04-01 10:00:00,0.0011100834
2026-04-01 11:00:00,-0.0007399186
2026-04-01 12:00:00,0.0027718765
2026-04-01 13:00:00,-0.0048094802
2026-04-01 14:00:00,0.0044403403
2026-04-01 15:00:00,0.0016600576
2026-04-01 16:00:00,0.0009210648
2026-04-01 17:00:00,-0.000736784
2026-04-01 18:00:00,-0.0033222622
2026-04-01 19:00:00,0.0016625108
2026-04-01 20:00:00,-0.0011080334
2026-04-01 21:00:00,0.0047926359
2026-04-01 22:00:00,-0.007197595
2026-04-01 23:00:00,-0.0035253771
2026-04-02 00:00:00,0.0053758587
2026-04-02 01:00:00,-0.017343092
2026-04-02 02:00:00,-0.0088805496
2026-04-02 03:00:00,-0.0039935396
2026-04-02 04:00:00,-0.0042008845
2026-04-02 05:00:00,0.0011474471
2026-04-02 06:00:00,0.0038153423
2026-04-02 07:00:00,-0.0015243905
2026-04-02 08:00:00,-0.006888661
2026-04-02 09:00:00,-0.0001920307
2026-04-02 10:00:00,-0.0028848948
2026-04-02 11:00:00,-0.0046332129
2026-04-02 12:00:00,-0.0007742935
2026-04-02 13:00:00,0.0029005145
2026-04-02 14:00:00,0.0063516718
2026-04-02 15:00:00,-0.0028821232
2026-04-02 16:00:00,0.0026902399
2026-04-02 17:00:00,-0.0096414168
2026-04-02 18:00:00,0.0082972015
2026-04-02 19:00:00,0.0003842459
2026-04-02 20:00:00,0.0009599694
2026-04-02 21:00:00,-0.0003838772
2026-04-02 22:00:00,0.000191957
2026-04-02 23:00:00,0.0036401994
2026-04-03 00:00:00,0.0028645107
2026-04-03 01:00:00,-0.0020998385
2026-04-03 02:00:00,-0.0007646722
2026-04-03 03:00:00,0.0045792868
2026-04-03 04:00:00,0.0028514419
2026-04-03 05:00:00,0.0036001934
2026-04-03 06:00:00,-0.0001891611
2026-04-03 07:00:00,-0.0001891969
2026-04-03 08:00:00,0.0028342012
2026-04-03 09:00:00,-0.0015105743
2026-04-03 10:00:00,0.0005667328
2026-04-03 11:00:00,0.0009438415
2026-04-03 12:00:00,0.0003772873
2026-04-03 13:00:00,-0.0026440053
2026-04-03 14:00:00,0.0033981532
2026-04-03 15:00:00,-0.0024530628
2026-04-03 16:00:00,0.0045240416
2026-04-03 17:00:00,-0.0005643872
2026-04-03 18:00:00,0.0003762935
2026-04-03 19:00:00,-0.0005644934
2026-04-03 20:00:00,0.0015046081
2026-04-03 21:00:00,0.0043131806
2026-04-03 22:00:00,-0.0037495357
2026-04-03 23:00:00,-0.0001878463
2026-04-04 00:00:00,0.0005634332
2026-04-04 01:00:00,0.0013134442
2026-04-04 02:00:00,-0.0028166388
2026-04-04 03:00:00,0.0009397614
2026-04-04 04:00:00,-0.0011278197
2026-04-04 05:00:00,-0.0020709788
2026-04-04 06:00:00,0.0045129825
2026-04-04 07:00:00,-0.0018779348
2026-04-04 08:00:00,-0.0001879876
2026-04-04 09:00:00,-0.0013169036
2026-04-04 10:00:00,0.0030075211
2026-04-04 11:00:00,0.0015003754
2026-04-04 12:00:00,0.0007493444
2026-04-04 13:00:00,0.0
2026-04-04 14:00:00,0.0011229647
2026-04-04 15:00:00,0.0003740415
2026-04-04 16:00:00,-0.000748223
2026-04-04 17:00:00,0.0046672352
2026-04-04 18:00:00,-0.0016776964
2026-04-04 19:00:00,-0.0013068237
2026-04-04 20:00:00,-0.0009344922
2026-04-04 21:00:00,0.0007476636
2026-04-04 22:00:00,0.000747105
2026-04-04 23:00:00,0.0005599627
2026-04-05 00:00:00,-0.0001866194
2026-04-05 01:00:00,-0.0009336197
2026-04-05 02:00:00,0.0
2026-04-05 03:00:00,-0.0028061004
2026-04-05 04:00:00,-0.0035657352
2026-04-05 05:00:00,-0.004711212
2026-04-05 06:00:00,-0.0009449117
2026-04-05 07:00:00,-0.0030297315
2026-04-05 08:00:00,0.0018946576
2026-04-05 09:00:00,0.000567698
2026-04-05 10:00:00,-0.0001891969
2026-04-05 11:00:00,0.0007565728
2026-04-05 12:00:00,-0.0024609572
2026-04-05 13:00:00,0.0030280114
2026-04-05 14:00:00,-0.0001889823
2026-04-05 15:00:00,0.0056539917
2026-04-05 16:00:00,-0.0013164083
2026-04-05 17:00:00,0.0048808056
2026-04-05 18:00:00,-0.0001872835
2026-04-05 19:00:00,0.001871258
2026-04-05 20:00:00,0.0024274123
2026-04-05 21:00:00,-0.0013063359
2026-04-05 22:00:00,0.0044717794
2026-04-05 23:00:00,0.0057466096
2026-04-06 00:00:00,0.0009237876
2026-04-06 01:00:00,-0.0020334604
2026-04-06 02:00:00,0.0057201005
2026-04-06 03:00:00,-0.0016573063
2026-04-06 04:00:00,0.0009210648
2026-04-06 05:00:00,0.0001841112
2026-04-06 06:00:00,-0.0022115748
2026-04-06 07:00:00,-0.0020315826
2026-04-06 08:00:00,0.0016625108
2026-04-06 09:00:00,0.0038684768
2026-04-06 10:00:00,-0.0009197094
2026-04-06 11:00:00,0.0001840096
2026-04-06 12:00:00,-0.0027637051
2026-04-06 13:00:00,-0.0003690718
2026-04-06 14:00:00,0.0027647239
2026-04-06 15:00:00,-0.0005523336
2026-04-06 16:00:00,-0.0029509428
2026-04-06 17:00:00,-0.0024040696
2026-04-06 18:00:00,0.0005552985
2026-04-06 19:00:00,0.0003700278
2026-04-06 20:00:00,-0.0018515095
2026-04-06 21:00:00,-0.0020406277
2026-04-06 22:00:00,-0.0053998828
2026-04-06 23:00:00,-0.0003734827
2026-04-07 00:00:00,0.0001867588
2026-04-07 01:00:00,-0.0022434109
2026-04-07 02:00:00,0.0024301349
2026-04-07 03:00:00,-0.000747105
2026-04-07 04:00:00,0.0001868286
2026-04-07 05:00:00,-0.005056664
2026-04-07 06:00:00,0.0011259149
2026-04-07 07:00:00,0.0005624824
2026-04-07 08:00:00,0.0018726597
2026-04-07 09:00:00,0.0001870732
2026-04-07 10:00:00,-0.0067567825
2026-04-07 11:00:00,0.0018814681
2026-04-07 12:00:00,0.0018779348
2026-04-07 13:00:00,0.0037453227
2026-04-07 14:00:00,-0.0059992681
2026-04-07 15:00:00,0.0045028219
2026-04-07 16:00:00,0.0033638604
2026-04-07 17:00:00,0.0013051181
2026-04-07 18:00:00,-0.0057927846
2026-04-07 19:00:00,0.0072822654
2026-04-07 20:00:00,0.0
2026-04-07 21:00:00,0.0074143064
2026-04-07 22:00:00,0.0157570134
2026-04-07 23:00:00,0.0065229439
2026-04-08 00:00:00,-0.0039811851
2026-04-08 01:00:00,-0.0019965521
2026-04-08 02:00:00,0.0001816695
2026-04-08 03:00:00,-0.0007268763
2026-04-08 04:00:00,0.0003635042
2026-04-08 05:00:00,0.0012712251
2026-04-08 06:00:00,-0.0001815047
2026-04-08 07:00:00,0.0009071941
2026-04-08 08:00:00,0.0014498009
2026-04-08 09:00:00,-0.0012684608
2026-04-08 10:00:00,-0.0009070295
2026-04-08 11:00:00,0.0
2026-04-08 12:00:00,-0.0003630423
2026-04-08 13:00:00,0.0009073587
2026-04-08 14:00:00,-0.0118603708
2026-04-08 15:00:00,0.0031155528
2026-04-08 16:00:00,-0.0016482011
2026-04-08 17:00:00,0.0027454945
2026-04-08 18:00:00,-0.0097346714
2026-04-08 19:00:00,0.0025806466
2026-04-08 20:00:00,-0.0003682563
2026-04-08 21:00:00,0.0022075064
2026-04-08 22:00:00,-0.0058975475
2026-04-08 23:00:00,-0.0020353416
2026-04-09 00:00:00,-0.0020394927
2026-04-09 01:00:00,0.0014836798
2026-04-09 02:00:00,0.0022214004
2026-04-09 03:00:00,-0.0014803852
2026-04-09 04:00:00,-0.0012971372
2026-04-09 05:00:00,-0.0009275578
2026-04-09 06:00:00,0.001854256
2026-04-09 07:00:00,0.0
2026-04-09 08:00:00,-0.000185271
2026-04-09 09:00:00,0.0012961765
2026-04-09 10:00:00,-0.0042651896
2026-04-09 11:00:00,-0.0003717472
2026-04-09 12:00:00,0.0038964703
2026-04-09 13:00:00,-0.00148258
2026-04-09 14:00:00,0.0042565068
2026-04-09 15:00:00,0.010105736
2026-04-09 16:00:00,-0.0016466933
2026-04-09 17:00:00,0.0009151643
2026-04-09 18:00:00,0.0003658314
2026-04-09 19:00:00,0.0020096837
2026-04-09 20:00:00,0.0021877857
2026-04-09 21:00:00,-0.0023703175
2026-04-09 22:00:00,-0.0005477951
2026-04-09 23:00:00,-0.0034763552
2026-04-10 00:00:00,-0.0014673517
2026-04-10 01:00:00,-0.0003671746
2026-04-10 02:00:00,-0.0001836379
2026-04-10 03:00:00,-0.0003673769
2026-04-10 04:00:00,0.0029352433
2026-04-10 05:00:00,0.0010984988
2026-04-10 06:00:00,-0.0031155528
2026-04-10 07:00:00,-0.0029411786
2026-04-10 08:00:00,0.0016554772
2026-04-10 09:00:00,0.0029363207
2026-04-10 10:00:00,-0.0005499038
2026-04-10 11:00:00,0.0025636344
2026-04-10 12:00:00,0.0056533387
2026-04-10 13:00:00,-0.0012737696
2026-04-10 14:00:00,0.0076183935
2026-04-10 15:00:00,-0.007436327
2026-04-10 16:00:00,0.0045409214
2026-04-10 17:00:00,-0.0018138949
2026-04-10 18:00:00,0.0010887317
2026-04-10 19:00:00,0.0023548602
2026-04-10 20:00:00,0.0021688062
2026-04-10 21:00:00,-0.0034361188
2026-04-10 22:00:00,-0.0029027597
2026-04-10 23:00:00,-0.0007270084
2026-04-11 00:00:00,-0.0045558165
2026-04-11 01:00:00,0.0020071168
2026-04-11 02:00:00,-0.0025552122
2026-04-11 03:00:00,0.0
2026-04-11 04:00:00,-0.0003655639
2026-04-11 05:00:00,-0.0025626959
2026-04-11 06:00:00,0.0010991025
2026-04-11 07:00:00,0.0
2026-04-11 08:00:00,0.0001830664
2026-04-11 09:00:00,0.001280527
2026-04-11 10:00:00,-0.0016466933
2026-04-11 11:00:00,-0.0003663004
2026-04-11 12:00:00,0.0018301616
2026-04-11 13:00:00,-0.0038472155
2026-04-11 14:00:00,0.0011007156
2026-04-11 15:00:00,0.001648805
2026-04-11 16:00:00,0.0056584983
2026-04-11 17:00:00,0.0010915046
2026-04-11 18:00:00,0.0090498355
2026-04-11 19:00:00,0.0030583814
2026-04-11 20:00:00,-0.0061261453
2026-04-11 21:00:00,0.0003614022
2026-04-11 22:00:00,-0.0009037506
2026-04-11 23:00:00,-0.003804697
2026-04-12 00:00:00,-0.0014532246
2026-04-12 01:00:00,-0.0187161427
2026-04-12 02:00:00,0.004066549
2026-04-12 03:00:00,-0.0027708524
2026-04-12 04:00:00,-0.0001849968
2026-04-12 05:00:00,-0.0005551957
2026-04-12 06:00:00,-0.0024094164
2026-04-12 07:00:00,-0.0003711953
2026-04-12 08:00:00,0.0001856148
2026-04-12 09:00:00,-0.0018577007
2026-04-12 10:00:00,-0.0018611582
2026-04-12 11:00:00,0.0040899853
2026-04-12 12:00:00,-0.0022288271
2026-04-12 13:00:00,-0.0027930378
2026-04-12 14:00:00,0.0003728561
2026-04-12 15:00:00,-0.0011189856
2026-04-12 16:00:00,0.0009325749
2026-04-12 17:00:00,0.0039073452
2026-04-12 18:00:00,-0.000371471
2026-04-12 19:00:00,-0.0014872656
2026-04-12 20:00:00,0.0033432423
2026-04-12 21:00:00,-0.0024134422
2026-04-12 22:00:00,-0.0031648542
2026-04-12 23:00:00,-0.0022400607
2026-04-13 00:00:00,0.0046611439
2026-04-13 01:00:00,0.0016727074
2026-04-13 02:00:00,-0.0014867128
2026-04-13 03:00:00,-0.0007441861
2026-04-13 04:00:00,-0.0027956406
2026-04-13 05:00:00,0.0018646285
2026-04-13 06:00:00,-0.0011183599
2026-04-13 07:00:00,-0.0076757842
2026-04-13 08:00:00,-0.002257762
2026-04-13 09:00:00,-0.0028293898
2026-04-13 10:00:00,-0.0015122876
2026-04-13 11:00:00,-0.0003784295
2026-04-13 12:00:00,0.0020795924
2026-04-13 13:00:00,0.0047103243
2026-04-13 14:00:00,0.0045011329
2026-04-13 15:00:00,-0.0086450454
2026-04-13 16:00:00,0.00339175
2026-04-13 17:00:00,-0.0013176472
2026-04-13 18:00:00,0.0
2026-04-13 19:00:00,0.0123550804
2026-04-13 20:00:00,-0.0057841378
2026-04-13 21:00:00,0.0050396747
2026-04-13 22:00:00,0.0157018096
2026-04-13 23:00:00,0.0016482011
2026-04-14 00:00:00,-0.0077149538
2026-04-14 01:00:00,0.0034974725
2026-04-14 02:00:00,-0.0027601453
2026-04-14 03:00:00,-0.0011061948
2026-04-14 04:00:00,0.0022111673
2026-04-14 05:00:00,-0.0046121288
2026-04-14 06:00:00,0.0033228755
2026-04-14 07:00:00,0.0029444261
2026-04-14 08:00:00,0.0056802718
2026-04-14 09:00:00,0.0007305936
2026-04-14 10:00:00,-0.0034750835
2026-04-14 11:00:00,0.0
2026-04-14 12:00:00,-0.002201028
2026-04-14 13:00:00,0.0142208413
2026-04-14 14:00:00,-0.0059918473
2026-04-14 15:00:00,-0.0032834761
2026-04-14 16:00:00,-0.0034776277
2026-04-14 17:00:00,0.0049382816
2026-04-14 18:00:00,-0.0093484321
2026-04-14 19:00:00,0.0047767866
2026-04-14 20:00:00,-0.0038564
2026-04-14 21:00:00,0.0051385688
2026-04-14 22:00:00,-0.0060589555
2026-04-14 23:00:00,0.0003682563
2026-04-15 00:00:00,0.0022066945
2026-04-15 01:00:00,-0.0012866466
2026-04-15 02:00:00,-0.0038699026
2026-04-15 03:00:00,-0.0007388253
2026-04-15 04:00:00,0.0018460408
2026-04-15 05:00:00,-0.003325331
2026-04-15 06:00:00,-0.0016668214
2026-04-15 07:00:00,0.0018518524
2026-04-15 08:00:00,0.0062707693
2026-04-15 09:00:00,-0.0022087254
2026-04-15 10:00:00,0.0022087254
2026-04-15 11:00:00,0.002754064
2026-04-15 12:00:00,0.0021978031
2026-04-15 13:00:00,0.0040168029
2026-04-15 14:00:00,0.0043636433
2026-04-15 15:00:00,-0.0003629105
2026-04-15 16:00:00,-0.0005446129
2026-04-15 17:00:00,0.001814224
2026-04-15 18:00:00,0.0009058792
2026-04-15 19:00:00,0.0063182808
2026-04-15 20:00:00,-0.0054132214
2026-04-15 21:00:00,0.0003617945
2026-04-15 22:00:00,-0.00072372
2026-04-15 23:00:00,-0.0018115947
2026-04-16 00:00:00,-0.0009070295
2026-04-16 01:00:00,-0.0023621343
2026-04-16 02:00:00,0.0056235976
2026-04-16 03:00:00,0.0010847949
2026-04-16 04:00:00,0.0028870464
2026-04-16 05:00:00,0.0003602954
2026-04-16 06:00:00,0.0010801081
2026-04-16 07:00:00,-0.000179937
2026-04-16 08:00:00,-0.0010803026
2026-04-16 09:00:00,-0.0003603604
2026-04-16 10:00:00,-0.00270685
2026-04-16 11:00:00,-0.0005422504
2026-04-16 12:00:00,0.0028886101
2026-04-16 13:00:00,-0.0063297074
2026-04-16 14:00:00,-0.0018158712
2026-04-16 15:00:00,0.0156887178
2026-04-16 16:00:00,-0.0075431392
2026-04-16 17:00:00,0.0064690253
2026-04-16 18:00:00,0.0115752339
2026-04-16 19:00:00,0.0010617591
2026-04-16 20:00:00,-0.0079908087
2026-04-16 21:00:00,-0.0014272973
2026-04-16 22:00:00,0.0040980013
2026-04-16 23:00:00,0.0030182002
2026-04-17 00:00:00,-0.0046197666
2026-04-17 01:00:00,-0.0026749904
2026-04-17 02:00:00,-0.0033986259
2026-04-17 03:00:00,-0.003410216
2026-04-17 04:00:00,0.0008985534
2026-04-17 05:00:00,-0.0041400473
2026-04-17 06:00:00,0.0066517099
2026-04-17 07:00:00,0.0032200386
2026-04-17 08:00:00,0.0032097032
2026-04-17 09:00:00,0.0005339504
2026-04-17 10:00:00,-0.0033865107
2026-04-17 11:00:00,0.0040980013
2026-04-17 12:00:00,0.0076167227
2026-04-17 13:00:00,0.0119278734
2026-04-17 14:00:00,-0.004719051
2026-04-17 15:00:00,-0.0086215015
2026-04-17 16:00:00,0.0098470991
2026-04-17 17:00:00,-0.0079051795
2026-04-17 18:00:00,-0.0003527959
2026-04-17 19:00:00,0.0019388391
2026-04-17 20:00:00,-0.0022917595
2026-04-17 21:00:00,0.0008820676
2026-04-17 22:00:00,-0.001764914
2026-04-17 23:00:00,-0.0033619425
2026-04-18 00:00:00,0.0010628876
2026-04-18 01:00:00,-0.0019494911
2026-04-18 02:00:00,0.0015953207
2026-04-18 03:00:00,-0.0033708894
2026-04-18 04:00:00,0.0001776988
2026-04-18 05:00:00,0.0014204548
2026-04-18 06:00:00,0.0005321508
2026-04-18 07:00:00,0.0044236116
2026-04-18 08:00:00,-0.0046009637
2026-04-18 09:00:00,-0.0014199505
2026-04-18 10:00:00,-0.0021337135
2026-04-18 11:00:00,-0.0024951002
2026-04-18 12:00:00,0.0
2026-04-18 13:00:00,-0.0017860337
2026-04-18 14:00:00,0.0007147963
2026-04-18 15:00:00,-0.0023249586
2026-04-18 16:00:00,0.0
2026-04-18 17:00:00,0.0012525724
2026-04-18 18:00:00,-0.0113300376
2026-04-18 19:00:00,0.0034305351
2026-04-18 20:00:00,0.0009008198
2026-04-18 21:00:00,0.0026976008
2026-04-18 22:00:00,0.0017943662
2026-04-18 23:00:00,-0.0017943662
2026-04-19 00:00:00,0.000538648
2026-04-19 01:00:00,-0.0019764628
2026-04-19 02:00:00,-0.001259786
2026-04-19 03:00:00,-0.0001800991
2026-04-19 04:00:00,0.0023387615
2026-04-19 05:00:00,0.0014365239
2026-04-19 06:00:00,-0.0023354003
2026-04-19 07:00:00,-0.007763874
2026-04-19 08:00:00,-0.0007252947
2026-04-19 09:00:00,-0.0010889293
2026-04-19 10:00:00,-0.0009083478
2026-04-19 11:00:00,0.003628451
2026-04-19 12:00:00,0.0023514527
2026-04-19 13:00:00,0.003066657
2026-04-19 14:00:00,0.0014398851
2026-04-19 15:00:00,-0.0023408672
2026-04-19 16:00:00,-0.0025270772
2026-04-19 17:00:00,-0.0121830764
2026-04-19 18:00:00,0.0
2026-04-19 19:00:00,0.0018278199
2026-04-19 20:00:00,-0.0034757192
2026-04-19 21:00:00,0.0009158348
2026-04-19 22:00:00,-0.0077192076
2026-04-19 23:00:00,-0.0018467226
2026-04-20 00:00:00,0.0060812866
2026-04-20 01:00:00,0.0011017261
2026-04-20 02:00:00,0.0007338103
2026-04-20 03:00:00,0.002564104
2026-04-20 04:00:00,0.0029223765
2026-04-20 05:00:00,-0.0040204733
2026-04-20 06:00:00,0.0051141664
2026-04-20 07:00:00,0.0009104981
2026-04-20 08:00:00,-0.0020041913
2026-04-20 09:00:00,0.0052751373
2026-04-20 10:00:00,-0.001089127
2026-04-20 11:00:00,-0.0027280184
2026-04-20 12:00:00,0.0032727302
2026-04-20 13:00:00,0.0014511158
2026-04-20 14:00:00,-0.0050881447
2026-04-20 15:00:00,0.0049068704
2026-04-20 16:00:00,-0.0041784056
2026-04-20 17:00:00,0.0045409214
2026-04-20 18:00:00,0.0032567425
2026-04-20 19:00:00,-0.0023510274
2026-04-20 20:00:00,0.0003620565
2026-04-20 21:00:00,-0.0005431339
2026-04-20 22:00:00,-0.0030833433
2026-04-20 23:00:00,0.0
2026-04-21 00:00:00,0.000907853
2026-04-21 01:00:00,-0.0010895225
2026-04-21 02:00:00,-0.0032757081
2026-04-21 03:00:00,-0.0005469961
2026-04-21 04:00:00,0.0029138611
2026-04-21 05:00:00,0.000545405
2026-04-21 06:00:00,0.0019972771
2026-04-21 07:00:00,0.0047050394
2026-04-21 08:00:00,-0.0027117435
2026-04-21 09:00:00,0.0050559877
2026-04-21 10:00:00,0.0019793079
2026-04-21 11:00:00,-0.0025197997
2026-04-21 12:00:00,-0.0019843066
2026-04-21 13:00:00,0.0018040777
2026-04-21 14:00:00,0.0007207208
2026-04-21 15:00:00,-0.0025247985
2026-04-21 16:00:00,-0.0059766546
2026-04-21 17:00:00,0.0019961898
2026-04-21 18:00:00,-0.0003626473
2026-04-21 19:00:00,-0.0050909201
2026-04-21 20:00:00,0.0061784678
2026-04-21 21:00:00,-0.0001811758
2026-04-21 22:00:00,-0.0009063719
2026-04-21 23:00:00,0.0075881123
2026-04-22 00:00:00,0.0021574981
2026-04-22 01:00:00,-0.0010781672
2026-04-22 02:00:00,0.005736839
2026-04-22 03:00:00,-0.0012521243
2026-04-22 04:00:00,0.0014308713
2026-04-22 05:00:00,0.0071238057
2026-04-22 06:00:00,-0.001420707
2026-04-22 07:00:00,-0.0010668564
2026-04-22 08:00:00,0.0005335705
2026-04-22 09:00:00,-0.0037409859
2026-04-22 10:00:00,0.0037409859
2026-04-22 11:00:00,-0.002670704
2026-04-22 12:00:00,0.001425263
2026-04-22 13:00:00,0.0017787269
2026-04-22 14:00:00,0.0035479902
2026-04-22 15:00:00,0.0008850341
2026-04-22 16:00:00,-0.0079936477
2026-04-22 17:00:00,0.0016038496
2026-04-22 18:00:00,0.0008899173
2026-04-22 19:00:00,-0.0044575272
2026-04-22 20:00:00,-0.0019676243
2026-04-22 21:00:00,0.0041097172
2026-04-22 22:00:00,-0.0041097172
2026-04-22 23:00:00,-0.0059262093
2026-04-23 00:00:00,0.001619725
2026-04-23 01:00:00,0.0019761077
2026-04-23 02:00:00,-0.0081088831
2026-04-23 03:00:00,-0.0021735201
2026-04-23 04:00:00,-0.0009070295
2026-04-23 05:00:00,0.0018132371
2026-04-23 06:00:00,0.0014482262
2026-04-23 07:00:00,-0.0018106107
2026-04-23 08:00:00,0.0009057151
2026-04-23 09:00:00,-0.0027196101
2026-04-23 10:00:00,0.0010887317
2026-04-23 11:00:00,0.0065076152
2026-04-23 12:00:00,0.0019800204
2026-04-23 13:00:00,-0.0008995233
2026-04-23 14:00:00,0.002875631
2026-04-23 15:00:00,0.0026884146
2026-04-23 16:00:00,-0.0044847147
2026-04-23 17:00:00,-0.0021598281
2026-04-23 18:00:00,-0.0023450899
2026-04-23 19:00:00,0.0036055565
2026-04-23 20:00:00,0.0035926031
2026-04-23 21:00:00,0.0012543681
2026-04-23 22:00:00,0.0053581125
2026-04-23 23:00:00,0.0016018514
2026-04-24 00:00:00,-0.0007116172
2026-04-24 01:00:00,-0.0016029926
2026-04-24 02:00:00,-0.0003565698
2026-04-24 03:00:00,-0.0035727083
2026-04-24 04:00:00,0.0005367206
2026-04-24 05:00:00,0.0037490002
2026-04-24 06:00:00,-0.001962009
2026-04-24 07:00:00,0.0023183247
2026-04-24 08:00:00,-0.0012476608
2026-04-24 09:00:00,0.0003566334
2026-04-24 10:00:00,0.0017812616
2026-04-24 11:00:00,0.0044393219
2026-04-24 12:00:00,-0.0044393219
2026-04-24 13:00:00,0.0012449979
2026-04-24 14:00:00,0.0007107321
2026-04-24 15:00:00,0.0053144501
2026-04-24 16:00:00,-0.0005301759
2026-04-24 17:00:00,-0.0008842515
2026-04-24 18:00:00,0.0014144274
2026-04-24 19:00:00,0.0022941861
2026-04-24 20:00:00,-0.0001762891
2026-04-24 21:00:00,-0.0017646025
2026-04-24 22:00:00,-0.002652756
2026-04-24 23:00:00,0.0014156789
2026-04-25 00:00:00,-0.001769912
2026-04-25 01:00:00,0.0024770006
2026-04-25 02:00:00,0.0021182709
2026-04-25 03:00:00,0.0
2026-04-25 04:00:00,-0.0026485404
2026-04-25 05:00:00,-0.001946731
2026-04-25 06:00:00,-0.0007088428
2026-04-25 07:00:00,0.0008859751
2026-04-25 08:00:00,0.0
2026-04-25 09:00:00,0.0014159294
2026-04-25 10:00:00,-0.0015930617
2026-04-25 11:00:00,-0.0030160583
2026-04-25 12:00:00,-0.0001776988
2026-04-25 13:00:00,0.0026621721
2026-04-25 14:00:00,-0.0003545471
2026-04-25 15:00:00,0.0010632643
2026-04-25 16:00:00,0.0
2026-04-25 17:00:00,-0.0040820005
2026-04-25 18:00:00,-0.0033847008
2026-04-25 19:00:00,0.0012483283
2026-04-25 20:00:00,-0.0017838035
2026-04-25 21:00:00,-0.0005357621
2026-04-25 22:00:00,0.0021413284
2026-04-25 23:00:00,-0.001248551
2026-04-26 00:00:00,-0.0017863527
2026-04-26 01:00:00,-0.0001788109
2026-04-26 02:00:00,0.0
2026-04-26 03:00:00,-0.0007155635
2026-04-26 04:00:00,0.0012519004
2026-04-26 05:00:00,0.002320808
2026-04-26 06:00:00,0.0016035638
2026-04-26 07:00:00,0.0021340929
2026-04-26 08:00:00,-0.0019560778
2026-04-26 09:00:00,0.0007117438
2026-04-26 10:00:00,0.0005334756
2026-04-26 11:00:00,0.0012436708
2026-04-26 12:00:00,-0.0037356621
2026-04-26 13:00:00,-0.0024982169
2026-04-26 14:00:00,0.0001786512
2026-04-26 15:00:00,0.0005357621
2026-04-26 16:00:00,-0.0021447729
2026-04-26 17:00:00,0.0017876301
2026-04-26 18:00:00,0.0044551441
2026-04-26 19:00:00,0.0026635903
2026-04-26 20:00:00,-0.0024857967
2026-04-26 21:00:00,0.0010660982
2026-04-26 22:00:00,-0.0012438918
2026-04-26 23:00:00,0.0010662876
2026-04-27 00:00:00,0.0024835918
2026-04-27 01:00:00,0.0037138605
2026-04-27 02:00:00,-0.0001765381
2026-04-27 03:00:00,0.0012351126
2026-04-27 04:00:00,-0.0044181392
2026-04-27 05:00:00,-0.0155290939
2026-04-27 06:00:00,-0.0016203082
2026-04-27 07:00:00,-0.002164503
2026-04-27 08:00:00,0.0001805543
2026-04-27 09:00:00,0.0010826418
2026-04-27 10:00:00,-0.001443783
2026-04-27 11:00:00,0.0005416629
2026-04-27 12:00:00,0.0014430017
2026-04-27 13:00:00,0.0034188067
2026-04-27 14:00:00,0.0034071583
2026-04-27 15:00:00,-0.0131545279
2026-04-27 16:00:00,0.0030788759
2026-04-27 17:00:00,0.0014456092
2026-04-27 18:00:00,-0.0001805869
2026-04-27 19:00:00,-0.0010842068
2026-04-27 20:00:00,0.0019868154
2026-04-27 21:00:00,-0.00252936
2026-04-27 22:00:00,0.002709784
2026-04-27 23:00:00,0.0027024609
2026-04-28 00:00:00,-0.0012602396
2026-04-28 01:00:00,-0.0001801639
2026-04-28 02:00:00,-0.0012620573
2026-04-28 03:00:00,-0.0003608806
2026-04-28 04:00:00,0.0003608806
2026-04-28 05:00:00,-0.0023480549
2026-04-28 06:00:00,-0.0023535812
2026-04-28 07:00:00,0.0010869566
2026-04-28 08:00:00,-0.0009057151
2026-04-28 09:00:00,-0.0010879421
2026-04-28 10:00:00,-0.0009075234
2026-04-28 11:00:00,-0.0019994554
2026-04-28 12:00:00,0.0025440682
2026-04-28 13:00:00,-0.0016347293
2026-04-28 14:00:00,-0.001637406
2026-04-28 15:00:00,0.002909093
2026-04-28 16:00:00,0.0009073587
2026-04-28 17:00:00,0.0009065362
2026-04-28 18:00:00,0.0019914916
2026-04-28 19:00:00,0.0025289031
2026-04-28 20:00:00,0.0018024518
2026-04-28 21:00:00,0.0
2026-04-28 22:00:00,-0.0014417015
2026-04-28 23:00:00,0.0048574351
2026-04-29 00:00:00,-0.0008977467
2026-04-29 01:00:00,0.0
2026-04-29 02:00:00,-0.0012582009
2026-04-29 03:00:00,0.0057388967
2026-04-29 04:00:00,0.0012510054
2026-04-29 05:00:00,-0.0008934156
2026-04-29 06:00:00,-0.0005364327
2026-04-29 07:00:00,0.0014298483
2026-04-29 08:00:00,-0.0007146686
2026-04-29 09:00:00,0.0236676537
2026-04-29 10:00:00,-0.0022717354
2026-04-29 11:00:00,-0.0061419865
2026-04-29 12:00:00,0.0024613233
2026-04-29 13:00:00,-0.0130790129
2026-04-29 14:00:00,-0.0016024218
2026-04-29 15:00:00,-0.0170729279
2026-04-29 16:00:00,0.000724769
2026-04-29 17:00:00,0.0048784992
2026-04-29 18:00:00,-0.010873612
2026-04-29 19:00:00,-0.002188983
2026-04-29 20:00:00,0.0040094823
2026-04-29 21:00:00,0.003087263
2026-04-29 22:00:00,0.0021735201
2026-04-29 23:00:00,0.0007234582
2026-04-30 00:00:00,0.0057689001
2026-04-30 01:00:00,0.0010779735
2026-04-30 02:00:00,-0.0077512781
2026-04-30 03:00:00,0.0021691982
2026-04-30 04:00:00,-0.0067035309
2026-04-30 05:00:00,0.0025417588
2026-04-30 06:00:00,0.0028969783
2026-04-30 07:00:00,0.005049605
2026-04-30 08:00:00,-0.0001799047
2026-04-30 09:00:00,0.0039504451
2026-04-30 10:00:00,-0.0026917917
2026-04-30 11:00:00,0.0007185199
2026-04-30 12:00:00,-0.0003591954
2026-04-30 13:00:00,0.0003591954
2026-04-30 14:00:00,-0.0012577488
2026-04-30 15:00:00,0.0
2026-04-30 16:00:00,-0.0014393669
2026-04-30 17:00:00,-0.0010808864
2026-04-30 18:00:00,-0.0001802614
2026-04-30 19:00:00,-0.0034311546
2026-04-30 20:00:00,-0.0005428391
2026-04-30 21:00:00,-0.0030816665
2026-04-30 22:00:00,-0.0003631741
2026-04-30 23:00:00,0.0019958276
2026-05-01 00:00:00,-0.0005439217
2026-05-01 01:00:00,0.0028975029
2026-05-01 02:00:00,-0.000723589
2026-05-01 03:00:00,0.0025302743
2026-05-01 04:00:00,-0.0028922652
2026-05-01 05:00:00,0.0009047318
2026-05-01 06:00:00,-0.0010857764
2026-05-01 07:00:00,0.0009048955
2026-05-01 08:00:00,-0.0001809136
2026-05-01 09:00:00,-0.0043517748
2026-05-01 10:00:00,0.0027220777
2026-05-01 11:00:00,-0.0007251632
2026-05-01 12:00:00,0.0027166548
2026-05-01 13:00:00,0.0041512558
2026-05-01 14:00:00,0.0021590509
2026-05-01 15:00:00,-0.0005393259
2026-05-01 16:00:00,0.001078361
2026-05-01 17:00:00,0.0023324672
2026-05-01 18:00:00,0.0016116039
2026-05-01 19:00:00,-0.0028668717
2026-05-01 20:00:00,-0.0023354003
2026-05-01 21:00:00,-0.0010797194
2026-05-01 22:00:00,-0.0012611478
2026-05-01 23:00:00,-0.001443262
2026-05-02 00:00:00,0.0023442442
2026-05-02 01:00:00,0.0007202017
2026-05-02 02:00:00,0.0001799694
2026-05-02 03:00:00,0.0010791368
2026-05-02 04:00:00,-0.0054073672
2026-05-02 05:00:00,0.0001807174
2026-05-02 06:00:00,0.0018053805
2026-05-02 07:00:00,-0.0003608154
2026-05-02 08:00:00,-0.0005414674
2026-05-02 09:00:00,0.001443262
2026-05-02 10:00:00,-0.0012627403
2026-05-02 11:00:00,-0.0030733098
2026-05-02 12:00:00,-0.0003621876
2026-05-02 13:00:00,0.0032549757
2026-05-02 14:00:00,-0.0003611412
2026-05-02 15:00:00,0.0001805869
2026-05-02 16:00:00,0.0007220217
2026-05-02 17:00:00,-0.0037964431
2026-05-02 18:00:00,0.0007242441
2026-05-02 19:00:00,0.0005428391
2026-05-02 20:00:00,-0.0032614633
2026-05-02 21:00:00,0.0041655408
2026-05-02 22:00:00,-0.0010849911
2026-05-02 23:00:00,0.0021688062
2026-05-03 00:00:00,-0.0025307316
2026-05-03 01:00:00,-0.0039898493
2026-05-03 02:00:00,-0.0020009102
2026-05-03 03:00:00,0.002909093
2026-05-03 04:00:00,-0.0003631741
2026-05-03 05:00:00,-0.0018178518
2026-05-03 06:00:00,0.0012728432
2026-05-03 07:00:00,-0.0003635042
2026-05-03 08:00:00,-0.0005455042
2026-05-03 09:00:00,0.0019987287
2026-05-03 10:00:00,-0.0025445306
2026-05-03 11:00:00,0.0052636477
2026-05-03 12:00:00,-0.0005432322
2026-05-03 13:00:00,-0.000181143
2026-05-03 14:00:00,0.0019907707
2026-05-03 15:00:00,-0.0001808155
2026-05-03 16:00:00,0.0010844028
2026-05-03 17:00:00,-0.0009035873
2026-05-03 18:00:00,0.0001807828
2026-05-03 19:00:00,0.0018060326
2026-05-03 20:00:00,0.0012622849
2026-05-03 21:00:00,-0.0018037523
2026-05-03 22:00:00,0.0041437768
2026-05-03 23:00:00,-0.0061316693
2026-05-04 00:00:00,-0.0018106107
2026-05-04 01:00:00,0.0090204472
2026-05-04 02:00:00,0.0071582267
2026-05-04 03:00:00,0.0001783008
2026-05-04 04:00:00,0.001425263
2026-05-04 05:00:00,-0.0003561254
2026-05-04 06:00:00,0.0
2026-05-04 07:00:00,-0.004462301
2026-05-04 08:00:00,-0.0012530208
2026-05-04 09:00:00,0.0008951751
2026-05-04 10:00:00,-0.0118813279
2026-05-04 11:00:00,0.000362122
2026-05-04 12:00:00,0.0
2026-05-04 13:00:00,-0.0021747018
2026-05-04 14:00:00,0.0093897403
2026-05-04 15:00:00,-0.0066721012
2026-05-04 16:00:00,-0.0025362332
2026-05-04 17:00:00,0.0043438982
2026-05-04 18:00:00,-0.001807665
2026-05-04 19:00:00,-0.0012673126
2026-05-04 20:00:00,-0.000543626
2026-05-04 21:00:00,0.0021727331
2026-05-04 22:00:00,-0.0045318667
2026-05-04 23:00:00,-0.0014545457
2026-05-05 00:00:00,0.0021810259
2026-05-05 01:00:00,-0.0005448107
2026-05-05 02:00:00,0.0003632401
2026-05-05 03:00:00,0.0012703023
2026-05-05 04:00:00,-0.0003627789
2026-05-05 05:00:00,0.0012691507
2026-05-05 06:00:00,-0.0005437245
2026-05-05 07:00:00,0.0025348556
2026-05-05 08:00:00,0.0016261635
2026-05-05 09:00:00,-0.0023497525
2026-05-05 10:00:00,0.0023497525
2026-05-05 11:00:00,0.0018037523
2026-05-05 12:00:00,0.0025197997
2026-05-05 13:00:00,0.003409604
2026-05-05 14:00:00,-0.0039490269
2026-05-05 15:00:00,0.0003596475
2026-05-05 16:00:00,-0.0005395198
2026-05-05 17:00:00,0.0001798723
2026-05-05 18:00:00,0.0021559477
2026-05-05 19:00:00,0.0064400938
2026-05-05 20:00:00,0.0046255197
2026-05-05 21:00:00,0.0023047612
2026-05-05 22:00:00,-0.0003542331
2026-05-05 23:00:00,-0.0017730501
2026-05-06 00:00:00,-0.001953993
2026-05-06 01:00:00,0.0063807377
2026-05-06 02:00:00,0.0007064642
2026-05-06 03:00:00,0.001940207
2026-05-06 04:00:00,0.0010567102
2026-05-06 05:00:00,-0.0014091952
2026-05-06 06:00:00,0.0031679013
2026-05-06 07:00:00,0.0035081601
2026-05-06 08:00:00,0.0121825384
2026-05-06 09:00:00,-0.0001729954
2026-05-06 10:00:00,-0.0013850418
2026-05-06 11:00:00,-0.0008666263
2026-05-06 12:00:00,0.0024246635
2026-05-06 13:00:00,-0.014461442
2026-05-06 14:00:00,-0.0026359738
2026-05-06 15:00:00,0.0047397614
2026-05-06 16:00:00,-0.0010513406
2026-05-06 17:00:00,-0.0017546943
2026-05-06 18:00:00,-0.0014059756
2026-05-06 19:00:00,0.0017571609
2026-05-06 20:00:00,-0.0014054816
2026-05-06 21:00:00,0.0028089906
2026-05-06 22:00:00,-0.0052733467
2026-05-06 23:00:00,0.0
2026-05-07 00:00:00,-0.0040618157
2026-05-07 01:00:00,-0.0044338106
2026-05-07 02:00:00,0.0023080348
2026-05-07 03:00:00,-0.0035530327
2026-05-07 04:00:00,0.0051477881
2026-05-07 05:00:00,0.0035348216
2026-05-07 06:00:00,0.005454399
2026-05-07 07:00:00,0.0024535589
2026-05-07 08:00:00,-0.0036825995
2026-05-07 09:00:00,-0.001054667
2026-05-07 10:00:00,0.001054667
2026-05-07 11:00:00,0.0031573434
2026-05-07 12:00:00,0.0048916939
2026-05-07 13:00:00,-0.0069954815
2026-05-07 14:00:00,-0.0068680379
2026-05-07 15:00:00,-0.0049601519
2026-05-07 16:00:00,-0.001421717
2026-05-07 17:00:00,0.0069118574
2026-05-07 18:00:00,0.0003531697
2026-05-07 19:00:00,-0.0030059257
2026-05-07 20:00:00,-0.0014176859
2026-05-07 21:00:00,-0.0003547357
2026-05-07 22:00:00,0.0001773836
2026-05-07 23:00:00,0.0010636413
2026-05-08 00:00:00,0.0015933437
2026-05-08 01:00:00,-0.001061947
2026-05-08 02:00:00,-0.0030149885
2026-05-08 03:00:00,0.0028378877
2026-05-08 04:00:00,0.0012390479
2026-05-08 05:00:00,0.0
2026-05-08 06:00:00,-0.0049654296
2026-05-08 07:00:00,0.0051423112
2026-05-08 08:00:00,0.0
2026-05-08 09:00:00,-0.0008847209
2026-05-08 10:00:00,-0.0003541077
2026-05-08 11:00:00,0.0021227675
2026-05-08 12:00:00,0.0010596963
2026-05-08 13:00:00,-0.0007063394
2026-05-08 14:00:00,0.0100185388
2026-05-08 15:00:00,0.0109575842
2026-05-08 16:00:00,-0.002945
2026-05-08 17:00:00,0.0094967475
2026-05-08 18:00:00,0.0065091014
2026-05-08 19:00:00,-0.0020509322
2026-05-08 20:00:00,-0.0066947293
2026-05-08 21:00:00,0.0044681291
2026-05-08 22:00:00,0.0011995546
2026-05-08 23:00:00,-0.0013710371
2026-05-09 00:00:00,0.0046197362
2026-05-09 01:00:00,0.0074830281
2026-05-09 02:00:00,-0.0030544738
2026-05-09 03:00:00,-0.0023821689
2026-05-09 04:00:00,-0.0006816633
2026-05-09 05:00:00,0.0006816633
2026-05-09 06:00:00,-0.0035839274
2026-05-09 07:00:00,0.0006836438
2026-05-09 08:00:00,0.0030706268
2026-05-09 09:00:00,-0.0080376662
2026-05-09 10:00:00,0.0005149773
2026-05-09 11:00:00,-0.0003432887
2026-05-09 12:00:00,-0.0001716886
2026-05-09 13:00:00,-0.0025788719
2026-05-09 14:00:00,-0.0046587954
2026-05-09 15:00:00,-0.0012113872
2026-05-09 16:00:00,0.0029393987
2026-05-09 17:00:00,0.0024142105
2026-05-09 18:00:00,0.0017208746
2026-05-09 19:00:00,-0.0006879945
2026-05-09 20:00:00,0.0
2026-05-09 21:00:00,0.0015473226
2026-05-09 22:00:00,0.000171777
2026-05-09 23:00:00,-0.0034411596
2026-05-10 00:00:00,-0.0008621433
2026-05-10 01:00:00,-0.0025908988
2026-05-10 02:00:00,0.0020732558
2026-05-10 03:00:00,0.0001725774
2026-05-10 04:00:00,0.0008624408
2026-05-10 05:00:00,0.0003447681
2026-05-10 06:00:00,0.00172206
2026-05-10 07:00:00,0.0032637665
2026-05-10 08:00:00,0.0042782644
2026-05-10 09:00:00,-0.00170911
2026-05-10 10:00:00,-0.0006844627
2026-05-10 11:00:00,-0.0001711889
2026-05-10 12:00:00,0.0005134788
2026-05-10 13:00:00,0.0064813462
2026-05-10 14:00:00,-0.0025534102
2026-05-10 15:00:00,0.0064560197
2026-05-10 16:00:00,0.0069192749
2026-05-10 17:00:00,0.0033579615
2026-05-10 18:00:00,0.0030125546
2026-05-10 19:00:00,-0.0026773778
2026-05-10 20:00:00,-0.0218523136
2026-05-10 21:00:00,0.0052950845
2026-05-10 22:00:00,0.0209043351
2026-05-10 23:00:00,0.0071482309
2026-05-11 00:00:00,-0.0133402012
2026-05-11 01:00:00,-0.0001678838
2026-05-11 02:00:00,-0.0099553678
2026-05-11 03:00:00,-0.0047594854
2026-05-11 04:00:00,0.000681315
2026-05-11 05:00:00,0.0033996293
2026-05-11 06:00:00,-0.0027187782
2026-05-11 07:00:00,0.0013603131
2026-05-11 08:00:00,-0.0037453227
2026-05-11 09:00:00,0.0017041586
2026-05-11 10:00:00,-0.0025573281
2026-05-11 11:00:00,0.0013647221
2026-05-11 12:00:00,-0.0032442614
2026-05-11 13:00:00,-0.0003421143
2026-05-11 14:00:00,-0.0003422314
2026-05-11 15:00:00,0.0090297913
2026-05-11 16:00:00,-0.0003392706
2026-05-11 17:00:00,0.0028801375
2026-05-11 18:00:00,-0.0045782191
2026-05-11 19:00:00,0.0018677313
2026-05-11 20:00:00,-0.0037389574
2026-05-11 21:00:00,-0.001192606
2026-05-11 22:00:00,-0.0005115526
2026-05-11 23:00:00,-0.0018779348
2026-05-12 00:00:00,-0.0011968882
2026-05-12 01:00:00,-0.0099725723
2026-05-12 02:00:00,0.0053425375
2026-05-12 03:00:00,-0.0022369449
2026-05-12 04:00:00,0.0027524531
2026-05-12 05:00:00,0.0010302199
2026-05-12 06:00:00,-0.0003432887
2026-05-12 07:00:00,0.0027430156
2026-05-12 08:00:00,-0.0048052263
2026-05-12 09:00:00,0.001203473
2026-05-12 10:00:00,-0.0048226067
2026-05-12 11:00:00,-0.0015550759
2026-05-12 12:00:00,-0.0008649771
2026-05-12 13:00:00,-0.0085166066
2026-05-12 14:00:00,-0.000698446
2026-05-12 15:00:00,0.000349284
2026-05-12 16:00:00,-0.0020975362
2026-05-12 17:00:00,0.0064533232
2026-05-12 18:00:00,0.0003476447
2026-05-12 19:00:00,0.0034698161
2026-05-12 20:00:00,0.0019032794
2026-05-12 21:00:00,0.0056881994
2026-05-12 22:00:00,-0.004306268
2026-05-12 23:00:00,0.0022415735
2026-05-13 00:00:00,-0.0022415735
2026-05-13 01:00:00,0.0055087073
2026-05-13 02:00:00,0.0
2026-05-13 03:00:00,0.0047953509
2026-05-13 04:00:00,-0.0008546279
2026-05-13 05:00:00,-0.0056589365
2026-05-13 06:00:00,0.0010312823
2026-05-13 07:00:00,0.0036011357
2026-05-13 08:00:00,0.0046110576
2026-05-13 09:00:00,0.0035717361
2026-05-13 10:00:00,-0.0052770571
2026-05-13 11:00:00,-0.0078821518
2026-05-13 12:00:00,-0.0063853871
2026-05-13 13:00:00,-0.0090435399
2026-05-13 14:00:00,0.000698568
2026-05-13 15:00:00,-0.0170793834
2026-05-13 16:00:00,0.009368164
2026-05-13 17:00:00,0.0012307694
2026-05-13 18:00:00,0.0008781945
2026-05-13 19:00:00,-0.0036936107
2026-05-13 20:00:00,0.0019364499
2026-05-13 21:00:00,-0.0044064582
2026-05-13 22:00:00,0.0066901658
2026-05-13 23:00:00,-0.0001754848
2026-05-14 00:00:00,0.003154024
2026-05-14 01:00:00,-0.0010502364
2026-05-14 02:00:00,-0.0028060348
2026-05-14 03:00:00,-0.0056358022
2026-05-14 04:00:00,0.0054601633
2026-05-14 05:00:00,0.0059544834
2026-05-14 06:00:00,-0.0017476411
2026-05-14 07:00:00,-0.0012251686
2026-05-14 08:00:00,0.000175116
2026-05-14 09:00:00,-0.0026299656
2026-05-14 10:00:00,0.0029801056
2026-05-14 11:00:00,-0.0036825995
2026-05-14 12:00:00,0.0061301532
2026-05-14 13:00:00,0.0045296245
2026-05-14 14:00:00,0.0114069678
2026-05-14 15:00:00,-0.0024088105
2026-05-14 16:00:00,0.003782673
2026-05-14 17:00:00,0.0030843068
2026-05-14 18:00:00,0.0134253015
2026-05-14 19:00:00,-0.0050770121
2026-05-14 20:00:00,-0.0056146468
2026-05-14 21:00:00,-0.0006827104
2026-05-14 22:00:00,-0.0001707504
2026-05-14 23:00:00,-0.006338351
2026-05-15 00:00:00,0.0017170334
2026-05-15 01:00:00,-0.0049875415
2026-05-15 02:00:00,0.0049875415
2026-05-15 03:00:00,-0.0032648882
2026-05-15 04:00:00,-0.0060423145
2026-05-15 05:00:00,-0.0067761531
2026-05-15 06:00:00,0.010060796
2026-05-15 07:00:00,0.0055077592
2026-05-15 08:00:00,0.0030848354
2026-05-15 09:00:00,-0.0054907482
2026-05-15 10:00:00,0.0032637665
2026-05-15 11:00:00,-0.0039522347
2026-05-15 12:00:00,-0.0032767124
2026-05-15 13:00:00,-0.0237731874
2026-05-15 14:00:00,0.0074022192
2026-05-15 15:00:00,-0.0005269167
2026-05-15 16:00:00,0.0073516872
2026-05-15 17:00:00,0.0006973501
2026-05-15 18:00:00,-0.0006973501
2026-05-15 19:00:00,-0.0017455058
2026-05-15 20:00:00,0.0005239717
2026-05-15 21:00:00,-0.0020975362
2026-05-15 22:00:00,0.0052356141
2026-05-15 23:00:00,0.0008699435
2026-05-16 00:00:00,0.0003477656
2026-05-16 01:00:00,-0.0034831105
2026-05-16 02:00:00,-0.0034952849
2026-05-16 03:00:00,0.0
2026-05-16 04:00:00,-0.0050899627
2026-05-16 05:00:00,0.0001759479
2026-05-16 06:00:00,-0.0100787698
2026-05-16 07:00:00,-0.0033822907
2026-05-16 08:00:00,0.0008911862
2026-05-16 09:00:00,-0.0071518274
2026-05-16 10:00:00,0.0019718569
2026-05-16 11:00:00,0.0012527966
2026-05-16 12:00:00,0.0014298483
2026-05-16 13:00:00,0.0007141582
2026-05-16 14:00:00,0.0021394196
2026-05-16 15:00:00,0.0017793599
2026-05-16 16:00:00,-0.0017793599
2026-05-16 17:00:00,0.0016015663
2026-05-16 18:00:00,-0.0010674258
2026-05-16 19:00:00,-0.0012467719
2026-05-16 20:00:00,0.0010687568
2026-05-16 21:00:00,-0.0003561254
2026-05-16 22:00:00,-0.0012474385
2026-05-16 23:00:00,0.0010693282
2026-05-17 00:00:00,-0.0023183247
2026-05-17 01:00:00,-0.0035771814
2026-05-17 02:00:00,0.002326623
2026-05-17 03:00:00,0.0042811339
2026-05-17 04:00:00,0.0019560778
2026-05-17 05:00:00,-0.0014222225
2026-05-17 06:00:00,-0.0003558719
2026-05-17 07:00:00,0.0023109067
2026-05-17 08:00:00,-0.0014214643
2026-05-17 09:00:00,0.0001777936
2026-05-17 10:00:00,0.0023084446
2026-05-17 11:00:00,-0.0007097232
2026-05-17 12:00:00,-0.0015987214
2026-05-17 13:00:00,-0.0032051309
2026-05-17 14:00:00,-0.0032154369
2026-05-17 15:00:00,0.0010729615
2026-05-17 16:00:00,-0.0016098742
2026-05-17 17:00:00,-0.000179035
2026-05-17 18:00:00,0.0007159478
2026-05-17 19:00:00,0.0028586762
2026-05-17 20:00:00,-0.000178428
2026-05-17 21:00:00,0.0028510354
2026-05-17 22:00:00,-0.0062472314
2026-05-17 23:00:00,-0.0235518132
2026-05-18 00:00:00,-0.0044093402
2026-05-18 01:00:00,-0.004798828
2026-05-18 02:00:00,0.0022177056
2026-05-18 03:00:00,-0.0007386889
2026-05-18 04:00:00,0.0020300828
2026-05-18 05:00:00,-0.0036941305
2026-05-18 06:00:00,-0.0042651896
2026-05-18 07:00:00,-0.0018601196
2026-05-18 08:00:00,0.0005583993
2026-05-18 09:00:00,-0.0031683933
2026-05-18 10:00:00,-0.0016814577
2026-05-18 11:00:00,0.0065231803
2026-05-18 12:00:00,0.003338282
2026-05-18 13:00:00,-0.0038957474
2026-05-18 14:00:00,-0.0048444291
2026-05-18 15:00:00,-0.0007473842
2026-05-18 16:00:00,0.0020539639
2026-05-18 17:00:00,0.0026080492
2026-05-18 18:00:00,-0.0029811835
2026-05-18 19:00:00,0.0107647662
2026-05-18 20:00:00,-0.0009234464
2026-05-18 21:00:00,0.0053441572
2026-05-18 22:00:00,0.0009185267
2026-05-18 23:00:00,-0.0022058832
2026-05-19 00:00:00,0.0
2026-05-19 01:00:00,-0.0022107599
2026-05-19 02:00:00,-0.0014765599
2026-05-19 03:00:00,0.0035032764
2026-05-19 04:00:00,0.0011037529
2026-05-19 05:00:00,-0.0009197094
2026-05-19 06:00:00,0.0014711294
2026-05-19 07:00:00,0.0
2026-05-19 08:00:00,-0.0031287409
2026-05-19 09:00:00,-0.001845019
2026-05-19 10:00:00,-0.0011086476
2026-05-19 11:00:00,-0.0033333364
2026-05-19 12:00:00,0.0048112602
2026-05-19 13:00:00,-0.0003692762
2026-05-19 14:00:00,-0.0102089054
2026-05-19 15:00:00,0.0029806281
2026-05-19 16:00:00,0.0063044896
2026-05-19 17:00:00,-0.0005546825
2026-05-19 18:00:00,-0.0011102888
2026-05-19 19:00:00,0.0001851338
2026-05-19 20:00:00,0.0018494549
2026-05-19 21:00:00,0.0014771051
2026-05-19 22:00:00,0.0012906796
2026-05-19 23:00:00,0.0031275897
2026-05-20 00:00:00,-0.013127673
2026-05-20 01:00:00,-0.0027956406
2026-05-20 02:00:00,0.0007462687
2026-05-20 03:00:00,0.0026075634
2026-05-20 04:00:00,0.000743771
2026-05-20 05:00:00,0.0050060362
2026-05-20 06:00:00,0.0025858899
2026-05-20 07:00:00,-0.00166159
2026-05-20 08:00:00,-0.0001847916
2026-05-20 09:00:00,-0.0020349651
2026-05-20 10:00:00,-0.0001852023
2026-05-20 11:00:00,-0.0031536989
2026-05-20 12:00:00,0.0068512443
2026-05-20 13:00:00,-0.0075947387
2026-05-20 14:00:00,0.0085169928
2026-05-20 15:00:00,-0.0005532504
2026-05-20 16:00:00,-0.0005535566
2026-05-20 17:00:00,0.0016597514
2026-05-20 18:00:00,-0.0029525764
2026-05-20 19:00:00,0.001108238
2026-05-20 20:00:00,-0.001108238
2026-05-20 21:00:00,-0.0020349651
2026-05-20 22:00:00,-0.000370439
2026-05-20 23:00:00,-0.0012976181
2026-05-21 00:00:00,0.0040725713
2026-05-21 01:00:00,0.0012923476
2026-05-21 02:00:00,0.0023956521
2026-05-21 03:00:00,0.0016551728
2026-05-21 04:00:00,-0.0003675795
2026-05-21 05:00:00,-0.0014716706
2026-05-21 06:00:00,-0.0023960937
2026-05-21 07:00:00,0.0044190829
2026-05-21 08:00:00,-0.0018389119
2026-05-21 09:00:00,-0.0062777163
2026-05-21 10:00:00,-0.0109880983
2026-05-21 11:00:00,0.0016839746
2026-05-21 12:00:00,0.0033594656
2026-05-21 13:00:00,0.0022333901
2026-05-21 14:00:00,0.0011148273
2026-05-21 15:00:00,0.0007425283
2026-05-21 16:00:00,-0.0035319304
2026-05-21 17:00:00,0.0068665019
