datetime_str,log_return
2025-05-21 18:00:00,0.0063318901
2025-05-21 19:00:00,0.01245278
2025-05-21 20:00:00,-0.0030861056
2025-05-21 21:00:00,-0.0031882143
2025-05-21 22:00:00,0.0071268669
2025-05-21 23:00:00,0.0008601684
2025-05-22 00:00:00,0.0032710611
2025-05-22 01:00:00,-0.0034255029
2025-05-22 02:00:00,0.0037457831
2025-05-22 03:00:00,0.0056028364
2025-05-22 04:00:00,0.0005085471
2025-05-22 05:00:00,-0.0072515491
2025-05-22 06:00:00,-0.0035285911
2025-05-22 07:00:00,0.005687148
2025-05-22 08:00:00,0.0109946837
2025-05-22 09:00:00,-0.000822169
2025-05-22 10:00:00,-0.0040797208
2025-05-22 11:00:00,0.0039193191
2025-05-22 12:00:00,-0.0007200683
2025-05-22 13:00:00,-0.0045380552
2025-05-22 14:00:00,0.0030592616
2025-05-22 15:00:00,0.0029718438
2025-05-22 16:00:00,-0.0048285787
2025-05-22 17:00:00,0.0031091142
2025-05-22 18:00:00,0.0016043774
2025-05-22 19:00:00,-0.0037269298
2025-05-22 20:00:00,-0.0008544134
2025-05-22 21:00:00,-0.0038477021
2025-05-22 22:00:00,0.0014332407
2025-05-22 23:00:00,0.0063625888
2025-05-23 00:00:00,0.0012824625
2025-05-23 01:00:00,0.0076645033
2025-05-23 02:00:00,0.0028250676
2025-05-23 03:00:00,0.0055656703
2025-05-23 04:00:00,-0.0070057017
2025-05-23 05:00:00,-0.0005578574
2025-05-23 06:00:00,-0.014172474
2025-05-23 07:00:00,0.0024056079
2025-05-23 08:00:00,0.0050030834
2025-05-23 09:00:00,0.0048353541
2025-05-23 10:00:00,-0.0034789327
2025-05-23 11:00:00,-0.0330983734
2025-05-23 12:00:00,-0.0063697188
2025-05-23 13:00:00,0.0109772726
2025-05-23 14:00:00,0.0019826034
2025-05-23 15:00:00,-0.0069203844
2025-05-23 16:00:00,0.0008253637
2025-05-23 17:00:00,0.0017416084
2025-05-23 18:00:00,-0.0072952337
2025-05-23 19:00:00,-0.0047079781
2025-05-23 20:00:00,-0.005705642
2025-05-23 21:00:00,-0.0007009803
2025-05-23 22:00:00,-0.0029167037
2025-05-23 23:00:00,-0.0093196108
2025-05-24 00:00:00,0.0022098784
2025-05-24 01:00:00,0.005105767
2025-05-24 02:00:00,0.0066571687
2025-05-24 03:00:00,0.0023292186
2025-05-24 04:00:00,0.0055246281
2025-05-24 05:00:00,-0.0027734534
2025-05-24 06:00:00,-0.0010088834
2025-05-24 07:00:00,-0.0006931282
2025-05-24 08:00:00,0.0035205587
2025-05-24 09:00:00,-0.0004052581
2025-05-24 10:00:00,0.0046866805
2025-05-24 11:00:00,-0.0010367539
2025-05-24 12:00:00,-0.0006038519
2025-05-24 13:00:00,-0.0011406586
2025-05-24 14:00:00,0.0026198734
2025-05-24 15:00:00,-0.0006160736
2025-05-24 16:00:00,-0.0011779691
2025-05-24 17:00:00,-0.0005618312
2025-05-24 18:00:00,-0.0011246103
2025-05-24 19:00:00,0.0015545247
2025-05-24 20:00:00,-2.12785e-05
2025-05-24 21:00:00,-0.0025737846
2025-05-24 22:00:00,-0.0052275734
2025-05-24 23:00:00,0.0001887019
2025-05-25 00:00:00,-0.01075256
2025-05-25 01:00:00,0.0017842763
2025-05-25 02:00:00,0.0031579769
2025-05-25 03:00:00,0.0021327895
2025-05-25 04:00:00,0.0008174399
2025-05-25 05:00:00,-0.0009810081
2025-05-25 06:00:00,-0.00173202
2025-05-25 07:00:00,-0.0047287543
2025-05-25 08:00:00,-0.0077944616
2025-05-25 09:00:00,0.0015184176
2025-05-25 10:00:00,-0.003835389
2025-05-25 11:00:00,0.0039966944
2025-05-25 12:00:00,0.0051437468
2025-05-25 13:00:00,-0.0006594246
2025-05-25 14:00:00,-0.0050075697
2025-05-25 15:00:00,-0.0018510035
2025-05-25 16:00:00,-0.0005113759
2025-05-25 17:00:00,0.0049802333
2025-05-25 18:00:00,0.0017211708
2025-05-25 19:00:00,0.0019912936
2025-05-25 20:00:00,0.0010959048
2025-05-25 21:00:00,-3.46347e-05
2025-05-25 22:00:00,0.0126267835
2025-05-25 23:00:00,0.0020670076
2025-05-26 00:00:00,0.0041467337
2025-05-26 01:00:00,-0.0028421076
2025-05-26 02:00:00,-0.0018380516
2025-05-26 03:00:00,0.0002731494
2025-05-26 04:00:00,0.0026976077
2025-05-26 05:00:00,-0.0012094011
2025-05-26 06:00:00,8.09563e-05
2025-05-26 07:00:00,0.0010731168
2025-05-26 08:00:00,-0.0022966819
2025-05-26 09:00:00,-0.0013959239
2025-05-26 10:00:00,-0.0022837797
2025-05-26 11:00:00,-5.56627e-05
2025-05-26 12:00:00,0.0032361312
2025-05-26 13:00:00,-0.0075959982
2025-05-26 14:00:00,-0.0014331182
2025-05-26 15:00:00,0.005227619
2025-05-26 16:00:00,-0.0090161071
2025-05-26 17:00:00,-0.0052490146
2025-05-26 18:00:00,0.0016240255
2025-05-26 19:00:00,0.0041652294
2025-05-26 20:00:00,0.0020847504
2025-05-26 21:00:00,-0.0020847504
2025-05-26 22:00:00,-0.003965665
2025-05-26 23:00:00,0.0026945553
2025-05-27 00:00:00,-0.0036450123
2025-05-27 01:00:00,-0.0072513979
2025-05-27 02:00:00,-0.0002974524
2025-05-27 03:00:00,0.0049445747
2025-05-27 04:00:00,-0.0009756311
2025-05-27 05:00:00,0.0010714007
2025-05-27 06:00:00,-0.0034491288
2025-05-27 07:00:00,0.0050931936
2025-05-27 08:00:00,0.0062082266
2025-05-27 09:00:00,0.0006562587
2025-05-27 10:00:00,0.0003150238
2025-05-27 11:00:00,0.0007246096
2025-05-27 12:00:00,0.0030522544
2025-05-27 13:00:00,0.0024985739
2025-05-27 14:00:00,-0.0007463423
2025-05-27 15:00:00,0.0036192739
2025-05-27 16:00:00,0.0007863685
2025-05-27 17:00:00,0.0016604528
2025-05-27 18:00:00,-0.0032680396
2025-05-27 19:00:00,0.0001240814
2025-05-27 20:00:00,-0.0025746325
2025-05-27 21:00:00,-0.0061053061
2025-05-27 22:00:00,0.0011645612
2025-05-27 23:00:00,-0.0007977938
2025-05-28 00:00:00,0.0016121805
2025-05-28 01:00:00,-0.0049179401
2025-05-28 02:00:00,-0.0002857155
2025-05-28 03:00:00,0.0014061444
2025-05-28 04:00:00,0.0005748679
2025-05-28 05:00:00,-0.0042566615
2025-05-28 06:00:00,-0.0063995064
2025-05-28 07:00:00,0.0030786161
2025-05-28 08:00:00,0.0018965185
2025-05-28 09:00:00,-0.0013567756
2025-05-28 10:00:00,0.0029807447
2025-05-28 11:00:00,0.0019201726
2025-05-28 12:00:00,-0.0005024429
2025-05-28 13:00:00,-0.0105268485
2025-05-28 14:00:00,-0.0061353254
2025-05-28 15:00:00,-0.0073307693
2025-05-28 16:00:00,0.0028892021
2025-05-28 17:00:00,-0.0039103941
2025-05-28 18:00:00,-0.0030297459
2025-05-28 19:00:00,-0.0070155645
2025-05-28 20:00:00,0.0107424978
2025-05-28 21:00:00,0.0045000231
2025-05-28 22:00:00,-0.0005613967
2025-05-28 23:00:00,0.0059603234
2025-05-29 00:00:00,0.0091793136
2025-05-29 01:00:00,-0.0027257421
2025-05-29 02:00:00,0.0096699733
2025-05-29 03:00:00,-0.0084871791
2025-05-29 04:00:00,-0.0038590597
2025-05-29 05:00:00,-0.0014460621
2025-05-29 06:00:00,0.0017394014
2025-05-29 07:00:00,-0.0020244785
2025-05-29 08:00:00,0.0071113703
2025-05-29 09:00:00,-0.0008627301
2025-05-29 10:00:00,0.0035376857
2025-05-29 11:00:00,-0.0002910709
2025-05-29 12:00:00,-0.0023969508
2025-05-29 13:00:00,-0.0036302749
2025-05-29 14:00:00,0.0018996842
2025-05-29 15:00:00,-0.0065044438
2025-05-29 16:00:00,-0.0019868924
2025-05-29 17:00:00,0.0046314162
2025-05-29 18:00:00,-0.0049922936
2025-05-29 19:00:00,-0.0029182042
2025-05-29 20:00:00,0.0032570806
2025-05-29 21:00:00,0.0040006114
2025-05-29 22:00:00,-0.0092683558
2025-05-29 23:00:00,-0.0072898722
2025-05-30 00:00:00,-0.0390228929
2025-05-30 01:00:00,0.0160996921
2025-05-30 02:00:00,0.0115453106
2025-05-30 03:00:00,-0.0004552944
2025-05-30 04:00:00,0.0021394333
2025-05-30 05:00:00,-0.0027889245
2025-05-30 06:00:00,-0.0132300671
2025-05-30 07:00:00,0.0020369955
2025-05-30 08:00:00,-0.0015570602
2025-05-30 09:00:00,0.0031800301
2025-05-30 10:00:00,0.0042908962
2025-05-30 11:00:00,0.0012601311
2025-05-30 12:00:00,-0.0051092698
2025-05-30 13:00:00,-0.0116140856
2025-05-30 14:00:00,0.003623259
2025-05-30 15:00:00,0.0021548472
2025-05-30 16:00:00,-0.0137047824
2025-05-30 17:00:00,0.0097813282
2025-05-30 18:00:00,0.0132456502
2025-05-30 19:00:00,-0.0082007631
2025-05-30 20:00:00,0.0013486302
2025-05-30 21:00:00,-0.0036386062
2025-05-30 22:00:00,-0.0185344319
2025-05-30 23:00:00,1.40128e-05
2025-05-31 00:00:00,-0.0053578498
2025-05-31 01:00:00,-0.004324967
2025-05-31 02:00:00,-0.0085161719
2025-05-31 03:00:00,0.0038360426
2025-05-31 04:00:00,0.0110738928
2025-05-31 05:00:00,-0.0029755362
2025-05-31 06:00:00,0.0049465244
2025-05-31 07:00:00,-0.0038566573
2025-05-31 08:00:00,0.0037444013
2025-05-31 09:00:00,0.0027046675
2025-05-31 10:00:00,-0.0015125912
2025-05-31 11:00:00,0.0001261367
2025-05-31 12:00:00,0.0107332065
2025-05-31 13:00:00,-0.0024200034
2025-05-31 14:00:00,0.005636056
2025-05-31 15:00:00,0.0021536261
2025-05-31 16:00:00,0.0074055584
2025-05-31 17:00:00,-0.0030343628
2025-05-31 18:00:00,0.0022766349
2025-05-31 19:00:00,0.0016151849
2025-05-31 20:00:00,0.0004922494
2025-05-31 21:00:00,0.0005011161
2025-05-31 22:00:00,-0.0074376976
2025-05-31 23:00:00,-0.0024900434
2025-06-01 00:00:00,-0.0004002715
2025-06-01 01:00:00,-0.0053060558
2025-06-01 02:00:00,-0.0004627295
2025-06-01 03:00:00,0.0020852172
2025-06-01 04:00:00,0.0043230057
2025-06-01 05:00:00,-0.0010582839
2025-06-01 06:00:00,-0.0035557438
2025-06-01 07:00:00,-0.0017895669
2025-06-01 08:00:00,-0.0056160367
2025-06-01 09:00:00,-0.0069826652
2025-06-01 10:00:00,0.0043914589
2025-06-01 11:00:00,-0.0002333515
2025-06-01 12:00:00,-0.0035068232
2025-06-01 13:00:00,0.0030072679
2025-06-01 14:00:00,0.0028818464
2025-06-01 15:00:00,0.0027435497
2025-06-01 16:00:00,0.007439347
2025-06-01 17:00:00,0.0018236163
2025-06-01 18:00:00,-0.0067446019
2025-06-01 19:00:00,0.0046628318
2025-06-01 20:00:00,-0.0058493355
2025-06-01 21:00:00,0.0078252793
2025-06-01 22:00:00,0.0001886389
2025-06-01 23:00:00,0.0031142943
2025-06-02 00:00:00,-0.0037033336
2025-06-02 01:00:00,-0.0031073966
2025-06-02 02:00:00,-0.0023253298
2025-06-02 03:00:00,-0.0009399868
2025-06-02 04:00:00,0.0051290694
2025-06-02 05:00:00,0.0002626758
2025-06-02 06:00:00,-0.0011249217
2025-06-02 07:00:00,-0.0015742473
2025-06-02 08:00:00,-0.0001062702
2025-06-02 09:00:00,-0.0046592493
2025-06-02 10:00:00,-0.0026682177
2025-06-02 11:00:00,-0.0022134161
2025-06-02 12:00:00,0.0044683867
2025-06-02 13:00:00,-0.0047296599
2025-06-02 14:00:00,0.0036376803
2025-06-02 15:00:00,0.0045644388
2025-06-02 16:00:00,0.0019880998
2025-06-02 17:00:00,0.0019518864
2025-06-02 18:00:00,-0.0013423781
2025-06-02 19:00:00,0.0001200109
2025-06-02 20:00:00,0.0050550499
2025-06-02 21:00:00,0.0042845654
2025-06-02 22:00:00,0.0018867111
2025-06-02 23:00:00,0.0028939491
2025-06-03 00:00:00,0.0032530844
2025-06-03 01:00:00,0.0069521946
2025-06-03 02:00:00,-0.0081640491
2025-06-03 03:00:00,-0.0021868665
2025-06-03 04:00:00,-0.0028715481
2025-06-03 05:00:00,0.0060389048
2025-06-03 06:00:00,-0.0004401938
2025-06-03 07:00:00,-0.0056352282
2025-06-03 08:00:00,0.0008167531
2025-06-03 09:00:00,0.0036148951
2025-06-03 10:00:00,0.0011672667
2025-06-03 11:00:00,0.0061589061
2025-06-03 12:00:00,0.0044608066
2025-06-03 13:00:00,-0.0043976494
2025-06-03 14:00:00,0.0103399058
2025-06-03 15:00:00,0.0115457347
2025-06-03 16:00:00,-0.0042370321
2025-06-03 17:00:00,-0.0031251274
2025-06-03 18:00:00,0.0054537367
2025-06-03 19:00:00,0.0092343018
2025-06-03 20:00:00,-0.0127070659
2025-06-03 21:00:00,-0.0036318173
2025-06-03 22:00:00,0.0070249846
2025-06-03 23:00:00,-0.0068602227
2025-06-04 00:00:00,0.0005341762
2025-06-04 01:00:00,0.0038775663
2025-06-04 02:00:00,-0.0030679433
2025-06-04 03:00:00,0.0019501886
2025-06-04 04:00:00,-0.0035300065
2025-06-04 05:00:00,-0.0029571766
2025-06-04 06:00:00,-0.0007328397
2025-06-04 07:00:00,-0.0005007847
2025-06-04 08:00:00,0.0064729473
2025-06-04 09:00:00,0.0042124929
2025-06-04 10:00:00,-0.0013903774
2025-06-04 11:00:00,-0.001081757
2025-06-04 12:00:00,-0.0063277269
2025-06-04 13:00:00,-0.0018229672
2025-06-04 14:00:00,0.0051164241
2025-06-04 15:00:00,0.0012316997
2025-06-04 16:00:00,-0.0017835663
2025-06-04 17:00:00,-0.0051550532
2025-06-04 18:00:00,-0.0038961583
2025-06-04 19:00:00,-0.0085084627
2025-06-04 20:00:00,-0.001750353
2025-06-04 21:00:00,0.0042436177
2025-06-04 22:00:00,-0.0033227134
2025-06-04 23:00:00,-0.0014021079
2025-06-05 00:00:00,0.0041280897
2025-06-05 01:00:00,-0.0046913012
2025-06-05 02:00:00,0.0028355428
2025-06-05 03:00:00,-0.0002673318
2025-06-05 04:00:00,0.0031806887
2025-06-05 05:00:00,-0.0058806643
2025-06-05 06:00:00,-0.0054264882
2025-06-05 07:00:00,-0.0010970728
2025-06-05 08:00:00,0.0042308063
2025-06-05 09:00:00,0.0053234863
2025-06-05 10:00:00,-0.0029353141
2025-06-05 11:00:00,0.0023552861
2025-06-05 12:00:00,0.0076716961
2025-06-05 13:00:00,-0.0098452598
2025-06-05 14:00:00,-6.35991e-05
2025-06-05 15:00:00,-0.0035133105
2025-06-05 16:00:00,-0.0114765919
2025-06-05 17:00:00,0.0010969462
2025-06-05 18:00:00,-0.0042886127
2025-06-05 19:00:00,-0.0142716791
2025-06-05 20:00:00,-0.0333672022
2025-06-05 21:00:00,0.0209721347
2025-06-05 22:00:00,-0.0028548609
2025-06-05 23:00:00,-0.0018218503
2025-06-06 00:00:00,0.001931437
2025-06-06 01:00:00,0.0039751085
2025-06-06 02:00:00,0.0017258632
2025-06-06 03:00:00,0.0093032699
2025-06-06 04:00:00,0.0032753346
2025-06-06 05:00:00,-0.0018261168
2025-06-06 06:00:00,-0.0036951955
2025-06-06 07:00:00,0.0031936005
2025-06-06 08:00:00,0.003309626
2025-06-06 09:00:00,0.0017790151
2025-06-06 10:00:00,0.0037251969
2025-06-06 11:00:00,-0.0004834916
2025-06-06 12:00:00,0.0022759479
2025-06-06 13:00:00,0.0070825886
2025-06-06 14:00:00,0.0067079371
2025-06-06 15:00:00,0.0004026041
2025-06-06 16:00:00,-0.0066453661
2025-06-06 17:00:00,0.0024742243
2025-06-06 18:00:00,-0.0039211225
2025-06-06 19:00:00,0.0030572193
2025-06-06 20:00:00,0.0011945621
2025-06-06 21:00:00,-0.0014106546
2025-06-06 22:00:00,-0.0030163713
2025-06-06 23:00:00,-0.0029746118
2025-06-07 00:00:00,0.003873567
2025-06-07 01:00:00,-0.0028379155
2025-06-07 02:00:00,0.0041181073
2025-06-07 03:00:00,0.0034639468
2025-06-07 04:00:00,-0.0029256507
2025-06-07 05:00:00,0.0036408337
2025-06-07 06:00:00,0.00457696
2025-06-07 07:00:00,-0.0032350806
2025-06-07 08:00:00,-0.0034981502
2025-06-07 09:00:00,0.0007988211
2025-06-07 10:00:00,0.0044415416
2025-06-07 11:00:00,-0.0021450452
2025-06-07 12:00:00,0.000311294
2025-06-07 13:00:00,0.0014453315
2025-06-07 14:00:00,-0.0019947393
2025-06-07 15:00:00,0.0003937729
2025-06-07 16:00:00,-0.0024567447
2025-06-07 17:00:00,-0.0023017931
2025-06-07 18:00:00,0.0014570394
2025-06-07 19:00:00,-0.0001056444
2025-06-07 20:00:00,0.0025048987
2025-06-07 21:00:00,0.0
2025-06-07 22:00:00,0.0004214538
2025-06-07 23:00:00,-0.00243038
2025-06-08 00:00:00,-0.0025375591
2025-06-08 01:00:00,0.0021426379
2025-06-08 02:00:00,-0.0017238649
2025-06-08 03:00:00,0.0013701404
2025-06-08 04:00:00,0.0006430425
2025-06-08 05:00:00,0.0064214714
2025-06-08 06:00:00,0.0063804991
2025-06-08 07:00:00,0.001263985
2025-06-08 08:00:00,0.0015065388
2025-06-08 09:00:00,-0.0002441495
2025-06-08 10:00:00,0.0024794129
2025-06-08 11:00:00,0.0117218445
2025-06-08 12:00:00,0.0075501553
2025-06-08 13:00:00,0.0033658316
2025-06-08 14:00:00,0.0038730056
2025-06-08 15:00:00,0.0008035285
2025-06-08 16:00:00,0.0006888518
2025-06-08 17:00:00,0.0005831786
2025-06-08 18:00:00,0.0015286806
2025-06-08 19:00:00,0.0021205114
2025-06-08 20:00:00,-0.0031890279
2025-06-08 21:00:00,-0.003581716
2025-06-08 22:00:00,-0.006281339
2025-06-08 23:00:00,0.003445507
2025-06-09 00:00:00,-0.0029942654
2025-06-09 01:00:00,-0.0067767384
2025-06-09 02:00:00,0.0001736525
2025-06-09 03:00:00,-0.001497073
2025-06-09 04:00:00,-0.0057865408
2025-06-09 05:00:00,0.0001255662
2025-06-09 06:00:00,0.0029507462
2025-06-09 07:00:00,-0.0021170281
2025-06-09 08:00:00,0.0050724665
2025-06-09 09:00:00,0.0044567873
2025-06-09 10:00:00,0.0033981615
2025-06-09 11:00:00,0.003765668
2025-06-09 12:00:00,-0.0003217127
2025-06-09 13:00:00,-0.009459518
2025-06-09 14:00:00,0.0037927787
2025-06-09 15:00:00,0.0040080569
2025-06-09 16:00:00,0.0069384074
2025-06-09 17:00:00,0.0049946309
2025-06-09 18:00:00,0.0037361896
2025-06-09 19:00:00,-0.0019926392
2025-06-09 20:00:00,0.0042198648
2025-06-09 21:00:00,0.0052423626
2025-06-09 22:00:00,0.0026840565
2025-06-09 23:00:00,-0.0010546685
2025-06-10 00:00:00,-0.0023285106
2025-06-10 01:00:00,0.0001554028
2025-06-10 02:00:00,-0.0028788691
2025-06-10 03:00:00,-0.0045078247
2025-06-10 04:00:00,-0.0019935586
2025-06-10 05:00:00,-0.0045810641
2025-06-10 06:00:00,0.0011854899
2025-06-10 07:00:00,-0.0008878917
2025-06-10 08:00:00,-0.0035726457
2025-06-10 09:00:00,0.0073854352
2025-06-10 10:00:00,-0.0043949394
2025-06-10 11:00:00,0.0092219171
2025-06-10 12:00:00,0.0051232236
2025-06-10 13:00:00,-0.0103251578
2025-06-10 14:00:00,-0.007234468
2025-06-10 15:00:00,3.07466e-05
2025-06-10 16:00:00,-0.0017980675
2025-06-10 17:00:00,0.0069938174
2025-06-10 18:00:00,0.0019774455
2025-06-10 19:00:00,0.001063496
2025-06-10 20:00:00,0.0014234878
2025-06-10 21:00:00,6.95988e-05
2025-06-10 22:00:00,0.0020596703
2025-06-10 23:00:00,0.0016741559
2025-06-11 00:00:00,-0.0075777052
2025-06-11 01:00:00,-0.0028203829
2025-06-11 02:00:00,0.001631982
2025-06-11 03:00:00,0.0046972912
2025-06-11 04:00:00,-0.0031989149
2025-06-11 05:00:00,0.0030640177
2025-06-11 06:00:00,-0.001768401
2025-06-11 07:00:00,-0.0002790483
2025-06-11 08:00:00,0.0132513088
2025-06-11 09:00:00,-0.0070478177
2025-06-11 10:00:00,0.0072801707
2025-06-11 11:00:00,-0.004203598
2025-06-11 12:00:00,0.0040831254
2025-06-11 13:00:00,-0.0039016827
2025-06-11 14:00:00,0.005419437
2025-06-11 15:00:00,-0.00058877
2025-06-11 16:00:00,-0.0036089462
2025-06-11 17:00:00,-0.0062147484
2025-06-11 18:00:00,-0.0023122403
2025-06-11 19:00:00,-0.0052527912
2025-06-11 20:00:00,0.0038071001
2025-06-11 21:00:00,-0.0092063663
2025-06-11 22:00:00,-0.0054418423
2025-06-11 23:00:00,0.0041612211
2025-06-12 00:00:00,-0.0012646265
2025-06-12 01:00:00,-0.004480904
2025-06-12 02:00:00,-0.003936218
2025-06-12 03:00:00,-0.0021053717
2025-06-12 04:00:00,0.0015805564
2025-06-12 05:00:00,0.0038983981
2025-06-12 06:00:00,-0.0028134906
2025-06-12 07:00:00,-0.0043467099
2025-06-12 08:00:00,0.0019396486
2025-06-12 09:00:00,0.0001915312
2025-06-12 10:00:00,-0.0024883067
2025-06-12 11:00:00,-0.0062884275
2025-06-12 12:00:00,0.0038162936
2025-06-12 13:00:00,0.0046664474
2025-06-12 14:00:00,0.0022117356
2025-06-12 15:00:00,-0.0092038957
2025-06-12 16:00:00,0.0064752353
2025-06-12 17:00:00,0.0042433445
2025-06-12 18:00:00,-0.0062645883
2025-06-12 19:00:00,-0.0153658069
2025-06-12 20:00:00,-0.0088974517
2025-06-12 21:00:00,0.0026962694
2025-06-12 22:00:00,-0.0009999704
2025-06-12 23:00:00,0.0007398004
2025-06-13 00:00:00,-0.0292938402
2025-06-13 01:00:00,-0.0071517498
2025-06-13 02:00:00,-0.0040276248
2025-06-13 03:00:00,0.0112028777
2025-06-13 04:00:00,-0.0012134839
2025-06-13 05:00:00,-0.0048829028
2025-06-13 06:00:00,0.0020740181
2025-06-13 07:00:00,0.005328275
2025-06-13 08:00:00,0.0034818993
2025-06-13 09:00:00,-0.0020089308
2025-06-13 10:00:00,0.0065876699
2025-06-13 11:00:00,0.0039365098
2025-06-13 12:00:00,-0.0019221668
2025-06-13 13:00:00,-0.0052934091
2025-06-13 14:00:00,0.0003223192
2025-06-13 15:00:00,0.0034828214
2025-06-13 16:00:00,0.0027237082
2025-06-13 17:00:00,-0.0025654744
2025-06-13 18:00:00,-0.0074079257
2025-06-13 19:00:00,-0.0050666575
2025-06-13 20:00:00,0.009300473
2025-06-13 21:00:00,-0.0013453922
2025-06-13 22:00:00,0.0013687338
2025-06-13 23:00:00,0.0029552998
2025-06-14 00:00:00,-0.0037492175
2025-06-14 01:00:00,0.0001167921
2025-06-14 02:00:00,0.000891842
2025-06-14 03:00:00,0.0078520744
2025-06-14 04:00:00,0.0023404158
2025-06-14 05:00:00,-0.0028221292
2025-06-14 06:00:00,-0.0010615146
2025-06-14 07:00:00,0.0047795068
2025-06-14 08:00:00,0.0032764478
2025-06-14 09:00:00,-0.0028380446
2025-06-14 10:00:00,0.0015490227
2025-06-14 11:00:00,0.0032929108
2025-06-14 12:00:00,-0.0018750781
2025-06-14 13:00:00,-0.0034098744
2025-06-14 14:00:00,-0.0002723695
2025-06-14 15:00:00,-0.0077217598
2025-06-14 16:00:00,-0.0112531864
2025-06-14 17:00:00,0.0029413168
2025-06-14 18:00:00,-0.0015212628
2025-06-14 19:00:00,-0.0009213948
2025-06-14 20:00:00,0.0011563086
2025-06-14 21:00:00,0.0048550382
2025-06-14 22:00:00,-9.35038e-05
2025-06-14 23:00:00,0.0007057378
2025-06-15 00:00:00,0.0040285785
2025-06-15 01:00:00,-0.0022454228
2025-06-15 02:00:00,0.0014167873
2025-06-15 03:00:00,0.0032593689
2025-06-15 04:00:00,0.0025313418
2025-06-15 05:00:00,0.0008331058
2025-06-15 06:00:00,-0.0039541592
2025-06-15 07:00:00,9.2895e-06
2025-06-15 08:00:00,0.0008171376
2025-06-15 09:00:00,0.000770098
2025-06-15 10:00:00,0.003462742
2025-06-15 11:00:00,-0.002322602
2025-06-15 12:00:00,0.0029370498
2025-06-15 13:00:00,0.0028777927
2025-06-15 14:00:00,0.0008147915
2025-06-15 15:00:00,-0.0037433889
2025-06-15 16:00:00,0.0011401747
2025-06-15 17:00:00,0.0012079969
2025-06-15 18:00:00,-0.0012033835
2025-06-15 19:00:00,-0.0012371669
2025-06-15 20:00:00,-0.0087359085
2025-06-15 21:00:00,0.0061875119
2025-06-15 22:00:00,0.0029086255
2025-06-15 23:00:00,0.0003185559
2025-06-16 00:00:00,0.000323069
2025-06-16 01:00:00,0.0036526398
2025-06-16 02:00:00,-0.0005380758
2025-06-16 03:00:00,-0.0005337628
2025-06-16 04:00:00,0.0030331324
2025-06-16 05:00:00,0.0007660182
2025-06-16 06:00:00,0.0002154802
2025-06-16 07:00:00,0.0096579438
2025-06-16 08:00:00,-0.0006312773
2025-06-16 09:00:00,-0.0004134982
2025-06-16 10:00:00,0.0041589908
2025-06-16 11:00:00,0.0170437254
2025-06-16 12:00:00,0.0006271866
2025-06-16 13:00:00,0.0042199304
2025-06-16 14:00:00,0.0103476769
2025-06-16 15:00:00,0.0038927744
2025-06-16 16:00:00,0.0087318579
2025-06-16 17:00:00,-0.0007489291
2025-06-16 18:00:00,0.0067976826
2025-06-16 19:00:00,0.0047759825
2025-06-16 20:00:00,-0.0069634605
2025-06-16 21:00:00,-0.0099337776
2025-06-16 22:00:00,-0.0089038749
2025-06-16 23:00:00,-0.017306974
2025-06-17 00:00:00,0.0072720792
2025-06-17 01:00:00,0.0001197932
2025-06-17 02:00:00,-0.0012074615
2025-06-17 03:00:00,-0.0010799593
2025-06-17 04:00:00,-0.0016154481
2025-06-17 05:00:00,-0.0036588563
2025-06-17 06:00:00,-0.0013330055
2025-06-17 07:00:00,0.0008635251
2025-06-17 08:00:00,-0.0086148574
2025-06-17 09:00:00,-0.001471664
2025-06-17 10:00:00,0.0006232387
2025-06-17 11:00:00,-0.0095628091
2025-06-17 12:00:00,0.0058719167
2025-06-17 13:00:00,0.0043182548
2025-06-17 14:00:00,-0.0097162314
2025-06-17 15:00:00,-0.006729076
2025-06-17 16:00:00,-0.0146050051
2025-06-17 17:00:00,-0.0002606737
2025-06-17 18:00:00,0.0133784507
2025-06-17 19:00:00,0.003306531
2025-06-17 20:00:00,-0.0070204745
2025-06-17 21:00:00,-0.0052978909
2025-06-17 22:00:00,-0.00539601
2025-06-17 23:00:00,0.0062161056
2025-06-18 00:00:00,0.0033429151
2025-06-18 01:00:00,-0.0021302215
2025-06-18 02:00:00,-0.0010644995
2025-06-18 03:00:00,0.0036792786
2025-06-18 04:00:00,0.0019543049
2025-06-18 05:00:00,-0.0013593125
2025-06-18 06:00:00,-0.005817492
2025-06-18 07:00:00,0.0033429517
2025-06-18 08:00:00,-0.0033893315
2025-06-18 09:00:00,-0.0040479582
2025-06-18 10:00:00,-0.0079810973
2025-06-18 11:00:00,0.0055332298
2025-06-18 12:00:00,-0.0048246539
2025-06-18 13:00:00,0.0033764277
2025-06-18 14:00:00,0.0030574997
2025-06-18 15:00:00,0.002825117
2025-06-18 16:00:00,-0.0047051895
2025-06-18 17:00:00,0.0041333638
2025-06-18 18:00:00,-0.0088701802
2025-06-18 19:00:00,0.0038351811
2025-06-18 20:00:00,0.0153195906
2025-06-18 21:00:00,0.0014442163
2025-06-18 22:00:00,-0.0027845107
2025-06-18 23:00:00,0.0006542513
2025-06-19 00:00:00,0.0027321667
2025-06-19 01:00:00,-0.0070341023
2025-06-19 02:00:00,-0.0010042926
2025-06-19 03:00:00,0.003697477
2025-06-19 04:00:00,0.0004058891
2025-06-19 05:00:00,-0.0011165917
2025-06-19 06:00:00,-0.0049056004
2025-06-19 07:00:00,0.0005751072
2025-06-19 08:00:00,0.0003291464
2025-06-19 09:00:00,0.0032670392
2025-06-19 10:00:00,-0.0016692063
2025-06-19 11:00:00,-0.0039087816
2025-06-19 12:00:00,0.0010772511
2025-06-19 13:00:00,-0.0022533362
2025-06-19 14:00:00,-0.0005769267
2025-06-19 15:00:00,-0.0010523523
2025-06-19 16:00:00,0.0051626629
2025-06-19 17:00:00,0.0054588745
2025-06-19 18:00:00,0.0015844652
2025-06-19 19:00:00,4.14203e-05
2025-06-19 20:00:00,-0.0035407243
2025-06-19 21:00:00,-0.001090558
2025-06-19 22:00:00,0.0014322678
2025-06-19 23:00:00,-0.0003370914
2025-06-20 00:00:00,0.002665918
2025-06-20 01:00:00,-0.0013043971
2025-06-20 02:00:00,-0.0021053709
2025-06-20 03:00:00,-0.0037090159
2025-06-20 04:00:00,-0.0038392402
2025-06-20 05:00:00,0.0019958276
2025-06-20 06:00:00,-0.0028111216
2025-06-20 07:00:00,0.0100675804
2025-06-20 08:00:00,0.0003875039
2025-06-20 09:00:00,0.0011201487
2025-06-20 10:00:00,0.0008565508
2025-06-20 11:00:00,0.0002025177
2025-06-20 12:00:00,-6.4433e-05
2025-06-20 13:00:00,-0.0036287471
2025-06-20 14:00:00,-0.0134441817
2025-06-20 15:00:00,-0.000824329
2025-06-20 16:00:00,-0.0059025224
2025-06-20 17:00:00,-0.0012781363
2025-06-20 18:00:00,0.0029311576
2025-06-20 19:00:00,0.0023922726
2025-06-20 20:00:00,0.0015057453
2025-06-20 21:00:00,-0.0052541418
2025-06-20 22:00:00,-0.0053766365
2025-06-20 23:00:00,0.0041130337
2025-06-21 00:00:00,-0.0005285462
2025-06-21 01:00:00,0.003063569
2025-06-21 02:00:00,0.0007291596
2025-06-21 03:00:00,0.0018135353
2025-06-21 04:00:00,-0.0041015857
2025-06-21 05:00:00,0.00259837
2025-06-21 06:00:00,0.0015079098
2025-06-21 07:00:00,0.0019086347
2025-06-21 08:00:00,0.0024098934
2025-06-21 09:00:00,-0.0006732496
2025-06-21 10:00:00,0.00193904
2025-06-21 11:00:00,-0.0024021622
2025-06-21 12:00:00,-0.0029005561
2025-06-21 13:00:00,-0.0068465359
2025-06-21 14:00:00,0.0014070345
2025-06-21 15:00:00,-0.0011755404
2025-06-21 16:00:00,-0.0015033047
2025-06-21 17:00:00,-0.0084853371
2025-06-21 18:00:00,-0.0056411768
2025-06-21 19:00:00,-0.0065228349
2025-06-21 20:00:00,0.0085887384
2025-06-21 21:00:00,-0.023899381
2025-06-21 22:00:00,0.0084824281
2025-06-21 23:00:00,0.0035725765
2025-06-22 00:00:00,0.0085685862
2025-06-22 01:00:00,-0.0101009009
2025-06-22 02:00:00,-0.0014714848
2025-06-22 03:00:00,0.0012676458
2025-06-22 04:00:00,0.0070037239
2025-06-22 05:00:00,0.0035652034
2025-06-22 06:00:00,0.0008545286
2025-06-22 07:00:00,-0.0071467058
2025-06-22 08:00:00,0.0010723706
2025-06-22 09:00:00,-0.0158249167
2025-06-22 10:00:00,-0.0019294931
2025-06-22 11:00:00,-0.0042057218
2025-06-22 12:00:00,-0.0012691266
2025-06-22 13:00:00,-0.0303869234
2025-06-22 14:00:00,-0.0049788566
2025-06-22 15:00:00,-0.009458901
2025-06-22 16:00:00,0.0141932239
2025-06-22 17:00:00,0.007188724
2025-06-22 18:00:00,-0.0058597931
2025-06-22 19:00:00,0.0002085989
2025-06-22 20:00:00,0.0021445168
2025-06-22 21:00:00,-0.0053801472
2025-06-22 22:00:00,0.0290381355
2025-06-22 23:00:00,0.0006938319
2025-06-23 00:00:00,-0.001269086
2025-06-23 01:00:00,0.0035701502
2025-06-23 02:00:00,-0.0027767827
2025-06-23 03:00:00,0.0007877859
2025-06-23 04:00:00,0.0017962077
2025-06-23 05:00:00,0.0046757636
2025-06-23 06:00:00,-0.0043248162
2025-06-23 07:00:00,0.0008990496
2025-06-23 08:00:00,-0.0020660552
2025-06-23 09:00:00,-0.0061840722
2025-06-23 10:00:00,-0.0068489484
2025-06-23 11:00:00,0.0032779613
2025-06-23 12:00:00,0.0094828918
2025-06-23 13:00:00,0.004552757
2025-06-23 14:00:00,-0.0047358932
2025-06-23 15:00:00,-0.0101494923
2025-06-23 16:00:00,-0.0135428386
2025-06-23 17:00:00,0.0281030096
2025-06-23 18:00:00,0.009500828
2025-06-23 19:00:00,0.0052243848
2025-06-23 20:00:00,0.0090017093
2025-06-23 21:00:00,0.0058256599
2025-06-23 22:00:00,0.0354647929
2025-06-23 23:00:00,-0.0025153873
2025-06-24 00:00:00,-0.0035619411
2025-06-24 01:00:00,0.0013696947
2025-06-24 02:00:00,-0.0092762017
2025-06-24 03:00:00,0.0075022047
2025-06-24 04:00:00,-0.0003765664
2025-06-24 05:00:00,0.0252525918
2025-06-24 06:00:00,-0.0054555261
2025-06-24 07:00:00,-0.0064898022
2025-06-24 08:00:00,0.0006971902
2025-06-24 09:00:00,0.0020932344
2025-06-24 10:00:00,-2.28782e-05
2025-06-24 11:00:00,-0.0001418566
2025-06-24 12:00:00,-0.0016900987
2025-06-24 13:00:00,-0.0029611152
2025-06-24 14:00:00,0.0045917196
2025-06-24 15:00:00,0.0014862955
2025-06-24 16:00:00,0.0094965488
2025-06-24 17:00:00,-0.0041822845
2025-06-24 18:00:00,-0.0019383025
2025-06-24 19:00:00,0.0060798465
2025-06-24 20:00:00,0.0037547232
2025-06-24 21:00:00,-0.0052768901
2025-06-24 22:00:00,-0.0081895842
2025-06-24 23:00:00,0.0014433906
2025-06-25 00:00:00,0.0030534792
2025-06-25 01:00:00,-0.0031356418
2025-06-25 02:00:00,-0.0027883948
2025-06-25 03:00:00,-0.00237397
2025-06-25 04:00:00,-0.0009089157
2025-06-25 05:00:00,0.0020874392
2025-06-25 06:00:00,0.0013876837
2025-06-25 07:00:00,0.0007914451
2025-06-25 08:00:00,-0.0012217417
2025-06-25 09:00:00,0.0006453754
2025-06-25 10:00:00,0.0028100752
2025-06-25 11:00:00,0.0019373181
2025-06-25 12:00:00,-0.0027178639
2025-06-25 13:00:00,0.016116596
2025-06-25 14:00:00,-0.0088006886
2025-06-25 15:00:00,-0.0104808433
2025-06-25 16:00:00,-0.0028211998
2025-06-25 17:00:00,0.0066526046
2025-06-25 18:00:00,-0.0007989026
2025-06-25 19:00:00,0.0077565438
2025-06-25 20:00:00,-0.0041960771
2025-06-25 21:00:00,-0.004730298
2025-06-25 22:00:00,-0.002375858
2025-06-25 23:00:00,0.0021197749
2025-06-26 00:00:00,0.0013117333
2025-06-26 01:00:00,0.0042114921
2025-06-26 02:00:00,0.0020764193
2025-06-26 03:00:00,-0.0031686094
2025-06-26 04:00:00,-0.000409879
2025-06-26 05:00:00,-0.0029423928
2025-06-26 06:00:00,-8.68065e-05
2025-06-26 07:00:00,0.0011644076
2025-06-26 08:00:00,-0.0005523538
2025-06-26 09:00:00,-0.0057011
2025-06-26 10:00:00,-0.0008039712
2025-06-26 11:00:00,-0.0016789371
2025-06-26 12:00:00,-0.0066838283
2025-06-26 13:00:00,-0.0150734097
2025-06-26 14:00:00,-0.000800162
2025-06-26 15:00:00,-0.0013853224
2025-06-26 16:00:00,-0.0090945028
2025-06-26 17:00:00,0.0061856845
2025-06-26 18:00:00,0.0043553521
2025-06-26 19:00:00,0.0008565674
2025-06-26 20:00:00,0.0057416695
2025-06-26 21:00:00,-0.0089599472
2025-06-26 22:00:00,-0.0037117374
2025-06-26 23:00:00,-0.0022669079
2025-06-27 00:00:00,-0.010260367
2025-06-27 01:00:00,0.0060067421
2025-06-27 02:00:00,0.0034128995
2025-06-27 03:00:00,0.0008549688
2025-06-27 04:00:00,0.0025131718
2025-06-27 05:00:00,-0.007634895
2025-06-27 06:00:00,0.0006821885
2025-06-27 07:00:00,-0.0050534979
2025-06-27 08:00:00,0.0072971412
2025-06-27 09:00:00,-0.0009711512
2025-06-27 10:00:00,-0.0036024383
2025-06-27 11:00:00,-0.0007029138
2025-06-27 12:00:00,-0.0034067992
2025-06-27 13:00:00,0.0053708496
2025-06-27 14:00:00,-0.0102062512
2025-06-27 15:00:00,0.0120092051
2025-06-27 16:00:00,0.0078274663
2025-06-27 17:00:00,-0.0102225742
2025-06-27 18:00:00,-0.0060946875
2025-06-27 19:00:00,0.007092551
2025-06-27 20:00:00,0.0065970736
2025-06-27 21:00:00,0.0148041403
2025-06-27 22:00:00,0.0015216014
2025-06-27 23:00:00,-0.0006298302
2025-06-28 00:00:00,0.002051321
2025-06-28 01:00:00,0.0137558077
2025-06-28 02:00:00,-0.0022350283
2025-06-28 03:00:00,0.0064843362
2025-06-28 04:00:00,-0.0031566073
2025-06-28 05:00:00,0.0051854968
2025-06-28 06:00:00,0.0009809805
2025-06-28 07:00:00,-0.0003831523
2025-06-28 08:00:00,-0.0039586994
2025-06-28 09:00:00,0.0017252864
2025-06-28 10:00:00,0.0021147885
2025-06-28 11:00:00,0.0009577191
2025-06-28 12:00:00,-0.003333169
2025-06-28 13:00:00,0.003150817
2025-06-28 14:00:00,0.0021132413
2025-06-28 15:00:00,0.0030617321
2025-06-28 16:00:00,-0.0049698298
2025-06-28 17:00:00,0.0028948718
2025-06-28 18:00:00,-0.003711137
2025-06-28 19:00:00,-0.0026631904
2025-06-28 20:00:00,-0.0018084305
2025-06-28 21:00:00,0.0024897494
2025-06-28 22:00:00,-0.0006355782
2025-06-28 23:00:00,4.11648e-05
2025-06-29 00:00:00,-0.0019090834
2025-06-29 01:00:00,0.0015842929
2025-06-29 02:00:00,0.0014904223
2025-06-29 03:00:00,-0.0019160116
2025-06-29 04:00:00,-0.0007646853
2025-06-29 05:00:00,0.0018763277
2025-06-29 06:00:00,-0.0004618906
2025-06-29 07:00:00,-0.0002241624
2025-06-29 08:00:00,0.0021891497
2025-06-29 09:00:00,-5.0219e-05
2025-06-29 10:00:00,0.0005933364
2025-06-29 11:00:00,0.0021786302
2025-06-29 12:00:00,-0.0011525331
2025-06-29 13:00:00,-0.0034518691
2025-06-29 14:00:00,-0.0003934288
2025-06-29 15:00:00,-0.0004393593
2025-06-29 16:00:00,0.0018979286
2025-06-29 17:00:00,0.000685113
2025-06-29 18:00:00,0.0013597002
2025-06-29 19:00:00,-0.001875775
2025-06-29 20:00:00,-0.0030379029
2025-06-29 21:00:00,0.0032571531
2025-06-29 22:00:00,0.011231404
2025-06-29 23:00:00,-0.0034336856
2025-06-30 00:00:00,-0.0017734804
2025-06-30 01:00:00,-0.0001135009
2025-06-30 02:00:00,-0.0022863802
2025-06-30 03:00:00,-0.0002685266
2025-06-30 04:00:00,-0.003716705
2025-06-30 05:00:00,0.001520274
2025-06-30 06:00:00,-0.0051820578
2025-06-30 07:00:00,0.0029579318
2025-06-30 08:00:00,-0.0042289561
2025-06-30 09:00:00,-0.0015071316
2025-06-30 10:00:00,0.001576001
2025-06-30 11:00:00,0.0002800201
2025-06-30 12:00:00,-0.0020077791
2025-06-30 13:00:00,0.0031637531
2025-06-30 14:00:00,-0.0024971094
2025-06-30 15:00:00,0.0084074299
2025-06-30 16:00:00,0.003112503
2025-06-30 17:00:00,0.0059657859
2025-06-30 18:00:00,0.0103161326
2025-06-30 19:00:00,0.0377601944
2025-06-30 20:00:00,-0.012992794
2025-06-30 21:00:00,-0.0072562081
2025-06-30 22:00:00,-0.0072030605
2025-06-30 23:00:00,-0.0096423246
2025-07-01 00:00:00,0.0001965295
2025-07-01 01:00:00,-0.0039110445
2025-07-01 02:00:00,-0.0009285447
2025-07-01 03:00:00,0.004071118
2025-07-01 04:00:00,-0.0064299964
2025-07-01 05:00:00,-0.0032576474
2025-07-01 06:00:00,0.0025961631
2025-07-01 07:00:00,0.0013270268
2025-07-01 08:00:00,-0.0067523785
2025-07-01 09:00:00,-0.0019072088
2025-07-01 10:00:00,-0.0002993224
2025-07-01 11:00:00,-0.000803171
2025-07-01 12:00:00,-0.002190442
2025-07-01 13:00:00,-0.0004049845
2025-07-01 14:00:00,-0.0051516752
2025-07-01 15:00:00,0.0014537345
2025-07-01 16:00:00,0.00550318
2025-07-01 17:00:00,-0.0050053733
2025-07-01 18:00:00,-0.0100773165
2025-07-01 19:00:00,-0.0047803625
2025-07-01 20:00:00,0.0081369742
2025-07-01 21:00:00,2.75797e-05
2025-07-01 22:00:00,-0.0006023307
2025-07-01 23:00:00,-0.0008420317
2025-07-02 00:00:00,-0.0033382855
2025-07-02 01:00:00,0.0069085937
2025-07-02 02:00:00,-0.0015331653
2025-07-02 03:00:00,0.0047433527
2025-07-02 04:00:00,-0.0004390177
2025-07-02 05:00:00,0.0006264561
2025-07-02 06:00:00,0.0024745481
2025-07-02 07:00:00,0.0
2025-07-02 08:00:00,0.0018587281
2025-07-02 09:00:00,-0.0050512187
2025-07-02 10:00:00,0.0009053457
2025-07-02 11:00:00,-0.00495283
2025-07-02 12:00:00,-0.0005007707
2025-07-02 13:00:00,0.0026938546
2025-07-02 14:00:00,0.0074334508
2025-07-02 15:00:00,0.0068682056
2025-07-02 16:00:00,0.0194712571
2025-07-02 17:00:00,-0.004854648
2025-07-02 18:00:00,0.0034180318
2025-07-02 19:00:00,0.0056767678
2025-07-02 20:00:00,-0.0052242771
2025-07-02 21:00:00,0.0009309543
2025-07-02 22:00:00,-0.0034933332
2025-07-02 23:00:00,-0.006522092
2025-07-03 00:00:00,0.0042294881
2025-07-03 01:00:00,0.0017811188
2025-07-03 02:00:00,-0.0024275586
2025-07-03 03:00:00,0.0002942934
2025-07-03 04:00:00,0.0056106491
2025-07-03 05:00:00,0.006504749
2025-07-03 06:00:00,0.0016591744
2025-07-03 07:00:00,0.0024989637
2025-07-03 08:00:00,-0.0010137649
2025-07-03 09:00:00,0.0056569062
2025-07-03 10:00:00,0.0045043355
2025-07-03 11:00:00,-0.0018358767
2025-07-03 12:00:00,-0.0061542688
2025-07-03 13:00:00,0.0087678535
2025-07-03 14:00:00,-0.0085488127
2025-07-03 15:00:00,-0.0169680158
2025-07-03 16:00:00,0.0067315205
2025-07-03 17:00:00,0.0025722748
2025-07-03 18:00:00,0.0060597311
2025-07-03 19:00:00,-0.0026622867
2025-07-03 20:00:00,0.002034696
2025-07-03 21:00:00,-0.0037209591
2025-07-03 22:00:00,-0.0020776135
2025-07-03 23:00:00,-0.0031754763
2025-07-04 00:00:00,0.0024952342
2025-07-04 01:00:00,-0.001003539
2025-07-04 02:00:00,-0.0074139855
2025-07-04 03:00:00,0.0023011077
2025-07-04 04:00:00,-0.0038173001
2025-07-04 05:00:00,0.0018547918
2025-07-04 06:00:00,-0.0038069271
2025-07-04 07:00:00,-0.0062527677
2025-07-04 08:00:00,0.000584769
2025-07-04 09:00:00,0.0044689202
2025-07-04 10:00:00,-0.0003044726
2025-07-04 11:00:00,0.0027726492
2025-07-04 12:00:00,-0.0007192558
2025-07-04 13:00:00,-0.0075813334
2025-07-04 14:00:00,0.0011746044
2025-07-04 15:00:00,-0.0034512312
2025-07-04 16:00:00,-0.0020240087
2025-07-04 17:00:00,0.0067248355
2025-07-04 18:00:00,-0.0076750016
2025-07-04 19:00:00,0.0008642358
2025-07-04 20:00:00,0.004715234
2025-07-04 21:00:00,-0.0008061048
2025-07-04 22:00:00,0.0040060932
2025-07-04 23:00:00,-0.0033080317
2025-07-05 00:00:00,0.0015430123
2025-07-05 01:00:00,-0.002876508
2025-07-05 02:00:00,0.0023099638
2025-07-05 03:00:00,0.001330421
2025-07-05 04:00:00,-0.0018837858
2025-07-05 05:00:00,0.0029253123
2025-07-05 06:00:00,0.0008207843
2025-07-05 07:00:00,-0.002423928
2025-07-05 08:00:00,-0.0023712527
2025-07-05 09:00:00,0.0007700362
2025-07-05 10:00:00,-0.000355674
2025-07-05 11:00:00,0.0010036659
2025-07-05 12:00:00,-0.0006029789
2025-07-05 13:00:00,0.0003690303
2025-07-05 14:00:00,0.0027723689
2025-07-05 15:00:00,-0.0021831029
2025-07-05 16:00:00,-0.002273511
2025-07-05 17:00:00,-0.002075429
2025-07-05 18:00:00,-0.0043044303
2025-07-05 19:00:00,0.0049816741
2025-07-05 20:00:00,-0.001992406
2025-07-05 21:00:00,0.0035618473
2025-07-05 22:00:00,-0.0009918891
2025-07-05 23:00:00,0.0006854103
2025-07-06 00:00:00,0.0013153925
2025-07-06 01:00:00,-0.0009773697
2025-07-06 02:00:00,-0.0022601632
2025-07-06 03:00:00,0.0014532262
2025-07-06 04:00:00,0.0015862075
2025-07-06 05:00:00,0.0012419735
2025-07-06 06:00:00,0.0044512124
2025-07-06 07:00:00,-0.0023353134
2025-07-06 08:00:00,0.0066999378
2025-07-06 09:00:00,0.0045320489
2025-07-06 10:00:00,0.0095481086
2025-07-06 11:00:00,-0.0055800076
2025-07-06 12:00:00,0.0051931451
2025-07-06 13:00:00,0.0034676229
2025-07-06 14:00:00,-0.0045982948
2025-07-06 15:00:00,0.0021282966
2025-07-06 16:00:00,0.0002503486
2025-07-06 17:00:00,-0.0038367663
2025-07-06 18:00:00,-0.0070518161
2025-07-06 19:00:00,0.0057372453
2025-07-06 20:00:00,0.0019800197
2025-07-06 21:00:00,0.0031405762
2025-07-06 22:00:00,-0.0008919059
2025-07-06 23:00:00,-0.0015660539
2025-07-07 00:00:00,-0.0028745407
2025-07-07 01:00:00,0.000763529
2025-07-07 02:00:00,0.0029955178
2025-07-07 03:00:00,-0.0011751115
2025-07-07 04:00:00,-0.0031271458
2025-07-07 05:00:00,0.0032856684
2025-07-07 06:00:00,-0.0054658938
2025-07-07 07:00:00,0.0063725122
2025-07-07 08:00:00,0.0011474975
2025-07-07 09:00:00,0.002479545
2025-07-07 10:00:00,0.0017167161
2025-07-07 11:00:00,-0.000818576
2025-07-07 12:00:00,-0.0033469274
2025-07-07 13:00:00,0.0292828879
2025-07-07 14:00:00,-0.0133292065
2025-07-07 15:00:00,0.0113815201
2025-07-07 16:00:00,-0.0077556533
2025-07-07 17:00:00,-0.0063409122
2025-07-07 18:00:00,-0.0049249085
2025-07-07 19:00:00,0.0019198167
2025-07-07 20:00:00,-0.0143414652
2025-07-07 21:00:00,0.00552614
2025-07-07 22:00:00,-0.0024205269
2025-07-07 23:00:00,-0.0012058587
2025-07-08 00:00:00,-0.0023719469
2025-07-08 01:00:00,-0.003143329
2025-07-08 02:00:00,-0.002633669
2025-07-08 03:00:00,0.0049821521
2025-07-08 04:00:00,0.0012229177
2025-07-08 05:00:00,0.0010539523
2025-07-08 06:00:00,-0.0015835526
2025-07-08 07:00:00,0.0044135791
2025-07-08 08:00:00,0.0023310597
2025-07-08 09:00:00,0.0010080027
2025-07-08 10:00:00,0.0046368509
2025-07-08 11:00:00,0.0003574683
2025-07-08 12:00:00,0.0019246434
2025-07-08 13:00:00,-0.0012797801
2025-07-08 14:00:00,-0.0058231767
2025-07-08 15:00:00,0.0014360081
2025-07-08 16:00:00,0.0025429741
2025-07-08 17:00:00,0.0081272286
2025-07-08 18:00:00,0.0032065992
2025-07-08 19:00:00,0.001926787
2025-07-08 20:00:00,-0.0108198565
2025-07-08 21:00:00,0.0047034181
2025-07-08 22:00:00,-0.0003466805
2025-07-08 23:00:00,0.0017797953
2025-07-09 00:00:00,-0.0029029986
2025-07-09 01:00:00,0.0023663624
2025-07-09 02:00:00,0.0004501015
2025-07-09 03:00:00,-0.0035239921
2025-07-09 04:00:00,0.0086813456
2025-07-09 05:00:00,0.0023475905
2025-07-09 06:00:00,-0.0006357989
2025-07-09 07:00:00,0.0018032412
2025-07-09 08:00:00,0.0018813472
2025-07-09 09:00:00,0.0007618168
2025-07-09 10:00:00,0.0087788051
2025-07-09 11:00:00,0.0096520835
2025-07-09 12:00:00,0.0016199297
2025-07-09 13:00:00,-0.0070147968
2025-07-09 14:00:00,0.0018352461
2025-07-09 15:00:00,0.0039585519
2025-07-09 16:00:00,0.0016360505
2025-07-09 17:00:00,-0.002085384
2025-07-09 18:00:00,0.0040367512
2025-07-09 19:00:00,0.0132155021
2025-07-09 20:00:00,-0.0114892487
2025-07-09 21:00:00,0.0076879614
2025-07-09 22:00:00,0.0023759469
2025-07-09 23:00:00,-0.0058298807
2025-07-10 00:00:00,-0.0039250377
2025-07-10 01:00:00,0.0149301344
2025-07-10 02:00:00,-0.0028090253
2025-07-10 03:00:00,-0.001275313
2025-07-10 04:00:00,0.0016711958
2025-07-10 05:00:00,-0.0019768521
2025-07-10 06:00:00,0.0002147953
2025-07-10 07:00:00,0.0063937705
2025-07-10 08:00:00,0.0054107061
2025-07-10 09:00:00,-0.0019734389
2025-07-10 10:00:00,-0.0007814626
2025-07-10 11:00:00,0.0043210725
2025-07-10 12:00:00,-0.003371941
2025-07-10 13:00:00,-0.0073712021
2025-07-10 14:00:00,0.0059062162
2025-07-10 15:00:00,0.0050977171
2025-07-10 16:00:00,0.0087135562
2025-07-10 17:00:00,0.0090386282
2025-07-10 18:00:00,-0.0033558222
2025-07-10 19:00:00,0.0047757458
2025-07-10 20:00:00,0.0006912328
2025-07-10 21:00:00,0.0171705231
2025-07-10 22:00:00,0.0001413328
2025-07-10 23:00:00,3.53301e-05
2025-07-11 00:00:00,-0.0077158079
2025-07-11 01:00:00,0.0101349094
2025-07-11 02:00:00,0.0137751903
2025-07-11 03:00:00,-0.00466898
2025-07-11 04:00:00,-0.0004269474
2025-07-11 05:00:00,0.0034182238
2025-07-11 06:00:00,-0.0050889511
2025-07-11 07:00:00,0.0034200543
2025-07-11 08:00:00,0.0029911931
2025-07-11 09:00:00,0.0100378557
2025-07-11 10:00:00,0.012914341
2025-07-11 11:00:00,-0.0079614935
2025-07-11 12:00:00,0.0258282003
2025-07-11 13:00:00,0.0387540926
2025-07-11 14:00:00,0.0080036251
2025-07-11 15:00:00,-0.018578598
2025-07-11 16:00:00,0.0051041532
2025-07-11 17:00:00,0.0045962116
2025-07-11 18:00:00,0.0118049197
2025-07-11 19:00:00,0.0092362128
2025-07-11 20:00:00,-0.0357667243
2025-07-11 21:00:00,-0.0061841362
2025-07-11 22:00:00,-0.01460974
2025-07-11 23:00:00,0.0114246168
2025-07-12 00:00:00,-0.0048151684
2025-07-12 01:00:00,0.0374589951
2025-07-12 02:00:00,-0.010919615
2025-07-12 03:00:00,0.0026420284
2025-07-12 04:00:00,-0.0089048869
2025-07-12 05:00:00,0.0047976201
2025-07-12 06:00:00,0.0017122188
2025-07-12 07:00:00,-0.0089985598
2025-07-12 08:00:00,0.0077630478
2025-07-12 09:00:00,0.0109055444
2025-07-12 10:00:00,0.0063176404
2025-07-12 11:00:00,-0.0114491006
2025-07-12 12:00:00,-0.0076715057
2025-07-12 13:00:00,-0.0033552915
2025-07-12 14:00:00,-0.0064254521
2025-07-12 15:00:00,-0.0277466798
2025-07-12 16:00:00,0.0088360352
2025-07-12 17:00:00,0.0070211123
2025-07-12 18:00:00,0.0056706293
2025-07-12 19:00:00,-0.0012338245
2025-07-12 20:00:00,-0.0191912194
2025-07-12 21:00:00,0.015520913
2025-07-12 22:00:00,0.0039405638
2025-07-12 23:00:00,0.0004782497
2025-07-13 00:00:00,2.91987e-05
2025-07-13 01:00:00,0.0080771068
2025-07-13 02:00:00,0.0055635628
2025-07-13 03:00:00,-0.0037224646
2025-07-13 04:00:00,0.0052190831
2025-07-13 05:00:00,-0.0034823729
2025-07-13 06:00:00,0.0077727162
2025-07-13 07:00:00,0.0024168591
2025-07-13 08:00:00,-0.002055389
2025-07-13 09:00:00,-0.006137631
2025-07-13 10:00:00,-0.00024485
2025-07-13 11:00:00,0.0048999807
2025-07-13 12:00:00,0.0111293411
2025-07-13 13:00:00,0.0040601581
2025-07-13 14:00:00,0.0043284393
2025-07-13 15:00:00,-0.0021248983
2025-07-13 16:00:00,-0.0048223659
2025-07-13 17:00:00,0.0123761649
2025-07-13 18:00:00,-6.99081e-05
2025-07-13 19:00:00,-0.0050005974
2025-07-13 20:00:00,0.0009375445
2025-07-13 21:00:00,-0.0160840129
2025-07-13 22:00:00,0.0047430975
2025-07-13 23:00:00,0.0070991648
2025-07-14 00:00:00,0.003564138
2025-07-14 01:00:00,0.0031314296
2025-07-14 02:00:00,0.0111240887
2025-07-14 03:00:00,0.0132456823
2025-07-14 04:00:00,0.0048334138
2025-07-14 05:00:00,-0.0029661335
2025-07-14 06:00:00,-0.001672538
2025-07-14 07:00:00,0.0100645471
2025-07-14 08:00:00,0.0070871493
2025-07-14 09:00:00,0.0016374139
2025-07-14 10:00:00,0.0090013574
2025-07-14 11:00:00,-0.0107160107
2025-07-14 12:00:00,-0.0054891719
2025-07-14 13:00:00,0.0142496016
2025-07-14 14:00:00,0.0028589114
2025-07-14 15:00:00,-0.0220712687
2025-07-14 16:00:00,0.0157474555
2025-07-14 17:00:00,-0.0143333039
2025-07-14 18:00:00,-0.0120553627
2025-07-14 19:00:00,0.0051146807
2025-07-14 20:00:00,-0.0016427403
2025-07-14 21:00:00,0.005576381
2025-07-14 22:00:00,0.0031527514
2025-07-14 23:00:00,0.0028083918
2025-07-15 00:00:00,-0.0173651864
2025-07-15 01:00:00,-0.0073603706
2025-07-15 02:00:00,-0.0050694553
2025-07-15 03:00:00,-0.0078982727
2025-07-15 04:00:00,0.0066094556
2025-07-15 05:00:00,0.0021030502
2025-07-15 06:00:00,-0.0055142294
2025-07-15 07:00:00,-0.0026545837
2025-07-15 08:00:00,-0.0007226498
2025-07-15 09:00:00,0.0105318331
2025-07-15 10:00:00,0.0122760636
2025-07-15 11:00:00,-0.0038181693
2025-07-15 12:00:00,-0.0029207068
2025-07-15 13:00:00,0.0092431726
2025-07-15 14:00:00,-0.0239760517
2025-07-15 15:00:00,0.0125029926
2025-07-15 16:00:00,0.0050576209
2025-07-15 17:00:00,0.011626565
2025-07-15 18:00:00,-0.0110998352
2025-07-15 19:00:00,-0.0145399873
2025-07-15 20:00:00,0.0007575163
2025-07-15 21:00:00,0.0121635284
2025-07-15 22:00:00,0.002657818
2025-07-15 23:00:00,0.0038365369
2025-07-16 00:00:00,0.0043778702
2025-07-16 01:00:00,-0.0046930229
2025-07-16 02:00:00,-0.0071828842
2025-07-16 03:00:00,0.0023265884
2025-07-16 04:00:00,0.0023692741
2025-07-16 05:00:00,0.0017055627
2025-07-16 06:00:00,0.0064867605
2025-07-16 07:00:00,-0.0020426508
2025-07-16 08:00:00,0.0086940519
2025-07-16 09:00:00,-0.0011342956
2025-07-16 10:00:00,-0.0020823237
2025-07-16 11:00:00,0.0022449287
2025-07-16 12:00:00,0.0041813698
2025-07-16 13:00:00,0.004936271
2025-07-16 14:00:00,0.0041501827
2025-07-16 15:00:00,-0.0047075308
2025-07-16 16:00:00,0.0051119136
2025-07-16 17:00:00,0.0107677294
2025-07-16 18:00:00,0.0094683907
2025-07-16 19:00:00,0.0035333705
2025-07-16 20:00:00,-0.0003165461
2025-07-16 21:00:00,0.0009167294
2025-07-16 22:00:00,-0.0044544959
2025-07-16 23:00:00,-0.0044250765
2025-07-17 00:00:00,0.0052272388
2025-07-17 01:00:00,-0.0107597974
2025-07-17 02:00:00,0.0086301991
2025-07-17 03:00:00,-0.006987362
2025-07-17 04:00:00,0.0159208614
2025-07-17 05:00:00,0.0217299201
2025-07-17 06:00:00,0.0036733757
2025-07-17 07:00:00,0.000563939
2025-07-17 08:00:00,0.0247786668
2025-07-17 09:00:00,0.0088837248
2025-07-17 10:00:00,0.0031463153
2025-07-17 11:00:00,-0.003556769
2025-07-17 12:00:00,-0.0010146046
2025-07-17 13:00:00,-0.0094814311
2025-07-17 14:00:00,0.0014478991
2025-07-17 15:00:00,0.0061272171
2025-07-17 16:00:00,0.0030495873
2025-07-17 17:00:00,0.0158610234
2025-07-17 18:00:00,0.0116039342
2025-07-17 19:00:00,-0.0138376142
2025-07-17 20:00:00,0.015249295
2025-07-17 21:00:00,0.044776108
2025-07-17 22:00:00,-0.0108959846
2025-07-17 23:00:00,0.002471152
2025-07-18 00:00:00,0.0483382602
2025-07-18 01:00:00,-0.0158536175
2025-07-18 02:00:00,-0.0008588189
2025-07-18 03:00:00,0.0032950697
2025-07-18 04:00:00,-0.003957058
2025-07-18 05:00:00,0.0076528051
2025-07-18 06:00:00,-0.0145882421
2025-07-18 07:00:00,-0.0328229774
2025-07-18 08:00:00,-0.0024872029
2025-07-18 09:00:00,0.0020093749
2025-07-18 10:00:00,0.0052724073
2025-07-18 11:00:00,0.0062560524
2025-07-18 12:00:00,0.0035044027
2025-07-18 13:00:00,0.0016621505
2025-07-18 14:00:00,-0.0156064765
2025-07-18 15:00:00,-0.0236953698
2025-07-18 16:00:00,0.0182844387
2025-07-18 17:00:00,0.0036762399
2025-07-18 18:00:00,-0.0025335903
2025-07-18 19:00:00,-0.0016169563
2025-07-18 20:00:00,-0.0054927072
2025-07-18 21:00:00,-0.0002487901
2025-07-18 22:00:00,-0.0062723562
2025-07-18 23:00:00,0.0063660256
2025-07-19 00:00:00,0.0052926781
2025-07-19 01:00:00,0.0024369332
2025-07-19 02:00:00,0.0023788537
2025-07-19 03:00:00,0.000127486
2025-07-19 04:00:00,0.0034186683
2025-07-19 05:00:00,-0.0011498206
2025-07-19 06:00:00,-0.0042496121
2025-07-19 07:00:00,0.0062767978
2025-07-19 08:00:00,-0.0075374804
2025-07-19 09:00:00,0.0032878014
2025-07-19 10:00:00,-0.0064960489
2025-07-19 11:00:00,-0.010225928
2025-07-19 12:00:00,0.0067850016
2025-07-19 13:00:00,-0.002346494
2025-07-19 14:00:00,-0.0140946411
2025-07-19 15:00:00,0.0146194916
2025-07-19 16:00:00,0.0098272934
2025-07-19 17:00:00,-0.0057317924
2025-07-19 18:00:00,-0.001244428
2025-07-19 19:00:00,0.0036471047
2025-07-19 20:00:00,-0.0042231037
2025-07-19 21:00:00,-0.0032927724
2025-07-19 22:00:00,0.0046313863
2025-07-19 23:00:00,0.0005022484
2025-07-20 00:00:00,0.0009279118
2025-07-20 01:00:00,-0.0010914069
2025-07-20 02:00:00,-0.00504937
2025-07-20 03:00:00,0.0084073276
2025-07-20 04:00:00,-0.0038661307
2025-07-20 05:00:00,-0.0009469421
2025-07-20 06:00:00,-0.0003860484
2025-07-20 07:00:00,0.007451836
2025-07-20 08:00:00,0.0157542546
2025-07-20 09:00:00,-0.0029338251
2025-07-20 10:00:00,0.0064544833
2025-07-20 11:00:00,-0.0031406067
2025-07-20 12:00:00,-0.0023454785
2025-07-20 13:00:00,0.0092043858
2025-07-20 14:00:00,0.0045494322
2025-07-20 15:00:00,-0.0058867693
2025-07-20 16:00:00,-0.0004234368
2025-07-20 17:00:00,-0.0048581753
2025-07-20 18:00:00,0.0099247935
2025-07-20 19:00:00,-0.0031214265
2025-07-20 20:00:00,-0.004834458
2025-07-20 21:00:00,-0.0002822575
2025-07-20 22:00:00,-0.0144381645
2025-07-20 23:00:00,0.000164885
2025-07-21 00:00:00,-0.0013227381
2025-07-21 01:00:00,0.0039456677
2025-07-21 02:00:00,0.0057417527
2025-07-21 03:00:00,-0.0018575706
2025-07-21 04:00:00,0.0074838305
2025-07-21 05:00:00,0.0020600851
2025-07-21 06:00:00,0.0135366431
2025-07-21 07:00:00,0.0018376505
2025-07-21 08:00:00,-0.002334817
2025-07-21 09:00:00,-0.0034250801
2025-07-21 10:00:00,0.0019771146
2025-07-21 11:00:00,-0.0050038606
2025-07-21 12:00:00,0.0008536114
2025-07-21 13:00:00,0.0100023042
2025-07-21 14:00:00,0.0189027298
2025-07-21 15:00:00,-0.0103519793
2025-07-21 16:00:00,-0.0030748615
2025-07-21 17:00:00,0.0024728554
2025-07-21 18:00:00,-0.0133619709
2025-07-21 19:00:00,-0.0019396136
2025-07-21 20:00:00,-0.0071092759
2025-07-21 21:00:00,0.0081400761
2025-07-21 22:00:00,0.0042976146
2025-07-21 23:00:00,-0.0046270171
2025-07-22 00:00:00,-0.0053843341
2025-07-22 01:00:00,0.0052210003
2025-07-22 02:00:00,-0.0090076427
2025-07-22 03:00:00,-0.0045344318
2025-07-22 04:00:00,-0.0226732909
2025-07-22 05:00:00,0.0102005977
2025-07-22 06:00:00,0.0014990753
2025-07-22 07:00:00,0.0037191953
2025-07-22 08:00:00,-0.0019255711
2025-07-22 09:00:00,0.0008668219
2025-07-22 10:00:00,0.0072335017
2025-07-22 11:00:00,0.0066309538
2025-07-22 12:00:00,-0.0031704219
2025-07-22 13:00:00,-0.0095288961
2025-07-22 14:00:00,0.0125460043
2025-07-22 15:00:00,-0.003393107
2025-07-22 16:00:00,0.005350349
2025-07-22 17:00:00,0.0076474706
2025-07-22 18:00:00,0.0016578346
2025-07-22 19:00:00,-0.0118987662
2025-07-22 20:00:00,0.0061520528
2025-07-22 21:00:00,-0.0038816981
2025-07-22 22:00:00,0.000221084
2025-07-22 23:00:00,0.0067422111
2025-07-23 00:00:00,-0.009347303
2025-07-23 01:00:00,5.683e-06
2025-07-23 02:00:00,-0.0031818247
2025-07-23 03:00:00,-0.0041361088
2025-07-23 04:00:00,0.0052642819
2025-07-23 05:00:00,-0.0053272555
2025-07-23 06:00:00,-0.0027489358
2025-07-23 07:00:00,-0.0036866454
2025-07-23 08:00:00,0.0013675423
2025-07-23 09:00:00,-0.007059291
2025-07-23 10:00:00,0.000388183
2025-07-23 11:00:00,0.0003301267
2025-07-23 12:00:00,-0.0306819967
2025-07-23 13:00:00,-0.0256192441
2025-07-23 14:00:00,0.0120930545
2025-07-23 15:00:00,0.0060222062
2025-07-23 16:00:00,-0.0281355542
2025-07-23 17:00:00,0.0026572258
2025-07-23 18:00:00,0.0031117065
2025-07-23 19:00:00,-0.0195603208
2025-07-23 20:00:00,-0.0128746845
2025-07-23 21:00:00,-0.0026312665
2025-07-23 22:00:00,0.0116558819
2025-07-23 23:00:00,0.0029211239
2025-07-24 00:00:00,0.0124003087
2025-07-24 01:00:00,0.0026386465
2025-07-24 02:00:00,-0.0105809906
2025-07-24 03:00:00,-0.0013418769
2025-07-24 04:00:00,-0.0208489134
2025-07-24 05:00:00,-0.0286524872
2025-07-24 06:00:00,-0.008538041
2025-07-24 07:00:00,0.0205196351
2025-07-24 08:00:00,0.0081751997
2025-07-24 09:00:00,0.0045697496
2025-07-24 10:00:00,-0.0033971824
2025-07-24 11:00:00,0.0204865582
2025-07-24 12:00:00,-0.0027700368
2025-07-24 13:00:00,-0.0077442603
2025-07-24 14:00:00,0.0345357703
2025-07-24 15:00:00,-0.0062117277
2025-07-24 16:00:00,-0.0092920258
2025-07-24 17:00:00,0.009892952
2025-07-24 18:00:00,0.0031196257
2025-07-24 19:00:00,-0.0089240349
2025-07-24 20:00:00,0.0062409383
2025-07-24 21:00:00,-0.0142872265
2025-07-24 22:00:00,-0.0014453594
2025-07-24 23:00:00,-0.0105132034
2025-07-25 00:00:00,-0.0120775728
2025-07-25 01:00:00,0.0131859369
2025-07-25 02:00:00,-0.023703348
2025-07-25 03:00:00,-0.0023689522
2025-07-25 04:00:00,0.0149169383
2025-07-25 05:00:00,-0.0124829841
2025-07-25 06:00:00,-0.0010145122
2025-07-25 07:00:00,0.0005041331
2025-07-25 08:00:00,0.0012413602
2025-07-25 09:00:00,0.018342171
2025-07-25 10:00:00,-0.0019245721
2025-07-25 11:00:00,0.0016949671
2025-07-25 12:00:00,-0.0038249274
2025-07-25 13:00:00,-0.0010827088
2025-07-25 14:00:00,-0.0372546396
2025-07-25 15:00:00,0.0108326286
2025-07-25 16:00:00,0.0069163804
2025-07-25 17:00:00,0.0005129671
2025-07-25 18:00:00,0.003534598
2025-07-25 19:00:00,-9.11426e-05
2025-07-25 20:00:00,0.0162828873
2025-07-25 21:00:00,0.0056017546
2025-07-25 22:00:00,0.0014925447
2025-07-25 23:00:00,-0.0006171151
2025-07-26 00:00:00,-0.0024180496
2025-07-26 01:00:00,-0.0076364968
2025-07-26 02:00:00,0.0129523163
2025-07-26 03:00:00,-0.0024237662
2025-07-26 04:00:00,0.0021191329
2025-07-26 05:00:00,0.0074999324
2025-07-26 06:00:00,-0.0046128208
2025-07-26 07:00:00,-0.0013331836
2025-07-26 08:00:00,0.0064687732
2025-07-26 09:00:00,0.0060298346
2025-07-26 10:00:00,0.0017197231
2025-07-26 11:00:00,-0.0046029785
2025-07-26 12:00:00,0.0017685467
2025-07-26 13:00:00,-0.0007082975
2025-07-26 14:00:00,-0.0018263355
2025-07-26 15:00:00,0.0030576988
2025-07-26 16:00:00,-0.0003570332
2025-07-26 17:00:00,-0.0057992485
2025-07-26 18:00:00,0.0007306834
2025-07-26 19:00:00,0.0051500049
2025-07-26 20:00:00,-0.0024963242
2025-07-26 21:00:00,0.0027218154
2025-07-26 22:00:00,-0.0034725579
2025-07-26 23:00:00,-0.0051383705
2025-07-27 00:00:00,0.0053991525
2025-07-27 01:00:00,0.0016165868
2025-07-27 02:00:00,0.0032534916
2025-07-27 03:00:00,0.0003844585
2025-07-27 04:00:00,0.0033912033
2025-07-27 05:00:00,0.0043198088
2025-07-27 06:00:00,-0.0068863316
2025-07-27 07:00:00,-0.003628678
2025-07-27 08:00:00,-0.0019134799
2025-07-27 09:00:00,-0.0037276678
2025-07-27 10:00:00,0.0102061379
2025-07-27 11:00:00,-0.0073674442
2025-07-27 12:00:00,0.0050187642
2025-07-27 13:00:00,-0.0028965877
2025-07-27 14:00:00,-0.0021190339
2025-07-27 15:00:00,0.0017834272
2025-07-27 16:00:00,0.0028193564
2025-07-27 17:00:00,0.0030235283
2025-07-27 18:00:00,0.0024172358
2025-07-27 19:00:00,-0.0017095272
2025-07-27 20:00:00,-0.0020278161
2025-07-27 21:00:00,0.0045397194
2025-07-27 22:00:00,0.0059448527
2025-07-27 23:00:00,0.0010254574
2025-07-28 00:00:00,0.0072010142
2025-07-28 01:00:00,-0.0056524676
2025-07-28 02:00:00,0.0075479009
2025-07-28 03:00:00,0.0006850237
2025-07-28 04:00:00,0.0003576161
2025-07-28 05:00:00,0.0146917595
2025-07-28 06:00:00,-0.0089781113
2025-07-28 07:00:00,-0.0047362057
2025-07-28 08:00:00,-0.0033180205
2025-07-28 09:00:00,-0.0030893717
2025-07-28 10:00:00,-0.0051352542
2025-07-28 11:00:00,0.0023660473
2025-07-28 12:00:00,-0.0045705471
2025-07-28 13:00:00,-0.0121418953
2025-07-28 14:00:00,-0.0112227976
2025-07-28 15:00:00,0.0013899819
2025-07-28 16:00:00,0.0032473612
2025-07-28 17:00:00,-0.0041716898
2025-07-28 18:00:00,-0.0046408657
2025-07-28 19:00:00,0.0051759408
2025-07-28 20:00:00,-0.0055960139
2025-07-28 21:00:00,0.0008463306
2025-07-28 22:00:00,-0.0036641048
2025-07-28 23:00:00,-0.0032707822
2025-07-29 00:00:00,0.0007970998
2025-07-29 01:00:00,-0.0029611135
2025-07-29 02:00:00,-0.0017378041
2025-07-29 03:00:00,0.0097197792
2025-07-29 04:00:00,-0.0049568651
2025-07-29 05:00:00,0.0068685618
2025-07-29 06:00:00,0.0026119329
2025-07-29 07:00:00,0.0065426507
2025-07-29 08:00:00,-0.0003527348
2025-07-29 09:00:00,-0.0048469366
2025-07-29 10:00:00,-0.0133704952
2025-07-29 11:00:00,0.0065259502
2025-07-29 12:00:00,0.0078885416
2025-07-29 13:00:00,-0.0074392731
2025-07-29 14:00:00,-0.0112637181
2025-07-29 15:00:00,-0.0011895035
2025-07-29 16:00:00,0.0019398711
2025-07-29 17:00:00,0.0129505369
2025-07-29 18:00:00,-0.0022747347
2025-07-29 19:00:00,-0.0063680745
2025-07-29 20:00:00,-0.0011225254
2025-07-29 21:00:00,0.0023846624
2025-07-29 22:00:00,0.000224071
2025-07-29 23:00:00,0.0010588562
2025-07-30 00:00:00,-0.0021925306
2025-07-30 01:00:00,0.0037962726
2025-07-30 02:00:00,0.0023116311
2025-07-30 03:00:00,-0.0006690263
2025-07-30 04:00:00,-0.0064391146
2025-07-30 05:00:00,0.0050869529
2025-07-30 06:00:00,0.0018046
2025-07-30 07:00:00,-0.0061124357
2025-07-30 08:00:00,0.0034234775
2025-07-30 09:00:00,-0.0100444317
2025-07-30 10:00:00,-0.0035746529
2025-07-30 11:00:00,-0.0123669926
2025-07-30 12:00:00,0.0090004556
2025-07-30 13:00:00,0.0029487685
2025-07-30 14:00:00,0.0194679183
2025-07-30 15:00:00,-0.0018537572
2025-07-30 16:00:00,-0.0018699543
2025-07-30 17:00:00,-0.0016818017
2025-07-30 18:00:00,-0.0261689918
2025-07-30 19:00:00,0.015792464
2025-07-30 20:00:00,-0.0022972287
2025-07-30 21:00:00,-0.00409379
2025-07-30 22:00:00,0.0015480809
2025-07-30 23:00:00,0.0038355209
2025-07-31 00:00:00,0.0099936062
2025-07-31 01:00:00,-0.0001375408
2025-07-31 02:00:00,0.0027695584
2025-07-31 03:00:00,0.0010043443
2025-07-31 04:00:00,0.0007326941
2025-07-31 05:00:00,0.0005921342
2025-07-31 06:00:00,0.0015773125
2025-07-31 07:00:00,0.0019554631
2025-07-31 08:00:00,0.0020782454
2025-07-31 09:00:00,0.0027969041
2025-07-31 10:00:00,0.0009368716
2025-07-31 11:00:00,-0.0065385244
2025-07-31 12:00:00,-0.0048930345
2025-07-31 13:00:00,-0.0071534383
2025-07-31 14:00:00,-0.010218386
2025-07-31 15:00:00,0.0062241804
2025-07-31 16:00:00,0.0065574005
2025-07-31 17:00:00,-0.0115783695
2025-07-31 18:00:00,-0.0002204264
2025-07-31 19:00:00,-0.0087786413
2025-07-31 20:00:00,-0.0021674227
2025-07-31 21:00:00,-0.0004786446
2025-07-31 22:00:00,-0.0072700546
2025-07-31 23:00:00,-0.0017290146
2025-08-01 00:00:00,-0.011939715
2025-08-01 01:00:00,0.0002511103
2025-08-01 02:00:00,0.010993512
2025-08-01 03:00:00,-0.0071410243
2025-08-01 04:00:00,-0.0041035981
2025-08-01 05:00:00,-0.0086193949
2025-08-01 06:00:00,0.0005672667
2025-08-01 07:00:00,-0.002342052
2025-08-01 08:00:00,-0.0138907448
2025-08-01 09:00:00,0.0023336994
2025-08-01 10:00:00,0.010483886
2025-08-01 11:00:00,0.0061120757
2025-08-01 12:00:00,0.0077132154
2025-08-01 13:00:00,-0.0120824139
2025-08-01 14:00:00,0.0316989289
2025-08-01 15:00:00,-0.0030182661
2025-08-01 16:00:00,-0.0105698405
2025-08-01 17:00:00,-0.0034194095
2025-08-01 18:00:00,0.0025257707
2025-08-01 19:00:00,0.0011360127
2025-08-01 20:00:00,-0.0003154297
2025-08-01 21:00:00,-0.0059186059
2025-08-01 22:00:00,-0.0222225738
2025-08-01 23:00:00,0.0108503969
2025-08-02 00:00:00,0.0062043798
2025-08-02 01:00:00,-0.0002552297
2025-08-02 02:00:00,-0.0008299467
2025-08-02 03:00:00,0.0023704093
2025-08-02 04:00:00,0.0121595013
2025-08-02 05:00:00,-0.0028133893
2025-08-02 06:00:00,-0.013728723
2025-08-02 07:00:00,0.0075968421
2025-08-02 08:00:00,-0.0051175006
2025-08-02 09:00:00,-0.0031768173
2025-08-02 10:00:00,-0.0083195043
2025-08-02 11:00:00,-0.0008262454
2025-08-02 12:00:00,-0.0007077815
2025-08-02 13:00:00,0.0006057286
2025-08-02 14:00:00,-0.0209041693
2025-08-02 15:00:00,-0.0174120372
2025-08-02 16:00:00,0.005119429
2025-08-02 17:00:00,-0.0071575597
2025-08-02 18:00:00,-0.023089359
2025-08-02 19:00:00,0.007183791
2025-08-02 20:00:00,0.006742993
2025-08-02 21:00:00,0.000525333
2025-08-02 22:00:00,-0.0006647534
2025-08-02 23:00:00,-0.0101980466
2025-08-03 00:00:00,0.0056616564
2025-08-03 01:00:00,0.0050582232
2025-08-03 02:00:00,0.0103020765
2025-08-03 03:00:00,0.0031356179
2025-08-03 04:00:00,-0.0045300271
2025-08-03 05:00:00,0.003891695
2025-08-03 06:00:00,0.00135729
2025-08-03 07:00:00,0.0093590532
2025-08-03 08:00:00,0.0004954883
2025-08-03 09:00:00,-0.0005094492
2025-08-03 10:00:00,0.0012905658
2025-08-03 11:00:00,0.0003763919
2025-08-03 12:00:00,0.0023422923
2025-08-03 13:00:00,-0.0006502799
2025-08-03 14:00:00,0.0037498091
2025-08-03 15:00:00,0.003359394
2025-08-03 16:00:00,0.0081421938
2025-08-03 17:00:00,-0.0014227655
2025-08-03 18:00:00,0.0001818154
2025-08-03 19:00:00,0.0001166189
2025-08-03 20:00:00,0.0010112697
2025-08-03 21:00:00,0.0036014014
2025-08-03 22:00:00,0.0046152801
2025-08-03 23:00:00,0.0021216619
2025-08-04 00:00:00,0.0230856964
2025-08-04 01:00:00,-0.0064326006
2025-08-04 02:00:00,0.0055540917
2025-08-04 03:00:00,-0.0055174068
2025-08-04 04:00:00,-0.0035111727
2025-08-04 05:00:00,-0.0011787202
2025-08-04 06:00:00,-0.0003652833
2025-08-04 07:00:00,0.0094841511
2025-08-04 08:00:00,-0.0011959856
2025-08-04 09:00:00,-0.0057707566
2025-08-04 10:00:00,-0.0017467838
2025-08-04 11:00:00,0.0022682195
2025-08-04 12:00:00,0.0037656411
2025-08-04 13:00:00,0.016180995
2025-08-04 14:00:00,-0.0055018558
2025-08-04 15:00:00,-0.0012820874
2025-08-04 16:00:00,0.0132878825
2025-08-04 17:00:00,-0.0044946974
2025-08-04 18:00:00,-0.0046989057
2025-08-04 19:00:00,0.0013654165
2025-08-04 20:00:00,0.000170546
2025-08-04 21:00:00,0.0069251245
2025-08-04 22:00:00,0.0051909019
2025-08-04 23:00:00,-0.0049824872
2025-08-05 00:00:00,0.0062064419
2025-08-05 01:00:00,-0.011334968
2025-08-05 02:00:00,0.0024973617
2025-08-05 03:00:00,-0.0079385787
2025-08-05 04:00:00,-0.0016236523
2025-08-05 05:00:00,0.0022256765
2025-08-05 06:00:00,-0.0060994807
2025-08-05 07:00:00,-0.0056409776
2025-08-05 08:00:00,0.0091620383
2025-08-05 09:00:00,0.0089448824
2025-08-05 10:00:00,0.0043856788
2025-08-05 11:00:00,-0.0036702672
2025-08-05 12:00:00,-0.0116042628
2025-08-05 13:00:00,0.0037360662
2025-08-05 14:00:00,-0.020479689
2025-08-05 15:00:00,-0.0020244351
2025-08-05 16:00:00,-0.0004242381
2025-08-05 17:00:00,0.0065990445
2025-08-05 18:00:00,-0.0041974046
2025-08-05 19:00:00,-0.0099874216
2025-08-05 20:00:00,-0.0032969565
2025-08-05 21:00:00,-0.0008378661
2025-08-05 22:00:00,0.0087323763
2025-08-05 23:00:00,0.0003377192
2025-08-06 00:00:00,-0.0102122222
2025-08-06 01:00:00,0.0029600181
2025-08-06 02:00:00,-0.0026632807
2025-08-06 03:00:00,-0.0062088735
2025-08-06 04:00:00,-0.001108992
2025-08-06 05:00:00,0.0137358142
2025-08-06 06:00:00,-0.0014105905
2025-08-06 07:00:00,0.0029409992
2025-08-06 08:00:00,-0.0087193754
2025-08-06 09:00:00,0.0046409958
2025-08-06 10:00:00,-0.0023807996
2025-08-06 11:00:00,0.0033315347
2025-08-06 12:00:00,-0.0025520491
2025-08-06 13:00:00,0.0040103487
2025-08-06 14:00:00,0.011841674
2025-08-06 15:00:00,0.0064361715
2025-08-06 16:00:00,-0.0079712044
2025-08-06 17:00:00,0.0075784771
2025-08-06 18:00:00,-0.0007326154
2025-08-06 19:00:00,0.0034618738
2025-08-06 20:00:00,-0.0057664488
2025-08-06 21:00:00,-0.0003539941
2025-08-06 22:00:00,0.0017187038
2025-08-06 23:00:00,-0.0026677589
2025-08-07 00:00:00,-0.0011373787
2025-08-07 01:00:00,-0.0001707184
2025-08-07 02:00:00,-0.0035582393
2025-08-07 03:00:00,-0.0025768008
2025-08-07 04:00:00,0.0027010997
2025-08-07 05:00:00,0.0063689151
2025-08-07 06:00:00,0.0016175702
2025-08-07 07:00:00,-0.0001366418
2025-08-07 08:00:00,-0.0004400469
2025-08-07 09:00:00,0.0029931619
2025-08-07 10:00:00,0.0207049731
2025-08-07 11:00:00,0.0030465376
2025-08-07 12:00:00,-0.0008866674
2025-08-07 13:00:00,-0.002013346
2025-08-07 14:00:00,-0.007582256
2025-08-07 15:00:00,0.004899091
2025-08-07 16:00:00,-0.0080435979
2025-08-07 17:00:00,0.0039217153
2025-08-07 18:00:00,0.0013300183
2025-08-07 19:00:00,0.0156142785
2025-08-07 20:00:00,0.0026747408
2025-08-07 21:00:00,0.0436646235
2025-08-07 22:00:00,0.0231615393
2025-08-07 23:00:00,-0.0017423468
2025-08-08 00:00:00,-0.0062661844
2025-08-08 01:00:00,0.0062782318
2025-08-08 02:00:00,0.0067327992
2025-08-08 03:00:00,0.009794281
2025-08-08 04:00:00,-0.0072994001
2025-08-08 05:00:00,-0.0101647954
2025-08-08 06:00:00,0.0097290135
2025-08-08 07:00:00,0.001843313
2025-08-08 08:00:00,-0.0055491534
2025-08-08 09:00:00,-0.0026103957
2025-08-08 10:00:00,-0.0056612139
2025-08-08 11:00:00,0.0083854717
2025-08-08 12:00:00,-0.0044532669
2025-08-08 13:00:00,0.0089255677
2025-08-08 14:00:00,-0.0217835172
2025-08-08 15:00:00,-0.017988575
2025-08-08 16:00:00,0.0074370477
2025-08-08 17:00:00,0.0146798361
2025-08-08 18:00:00,-0.0054736107
2025-08-08 19:00:00,0.0191417852
2025-08-08 20:00:00,-0.0082907919
2025-08-08 21:00:00,-0.0023248337
2025-08-08 22:00:00,-0.004708518
2025-08-08 23:00:00,-0.0006631562
2025-08-09 00:00:00,0.0033204909
2025-08-09 01:00:00,0.002520213
2025-08-09 02:00:00,-3.0253e-06
2025-08-09 03:00:00,-0.0042535259
2025-08-09 04:00:00,0.0026306502
2025-08-09 05:00:00,0.0042725481
2025-08-09 06:00:00,-0.0028039745
2025-08-09 07:00:00,0.0042331492
2025-08-09 08:00:00,0.0006837133
2025-08-09 09:00:00,0.0042514069
2025-08-09 10:00:00,-0.0005908101
2025-08-09 11:00:00,-0.0071412531
2025-08-09 12:00:00,0.0046301682
2025-08-09 13:00:00,-0.0146509007
2025-08-09 14:00:00,0.0061003163
2025-08-09 15:00:00,-0.0070651665
2025-08-09 16:00:00,-1.22193e-05
2025-08-09 17:00:00,0.0035221236
2025-08-09 18:00:00,-3.34856e-05
2025-08-09 19:00:00,-0.0059446836
2025-08-09 20:00:00,-0.001826826
2025-08-09 21:00:00,-0.0030388109
2025-08-09 22:00:00,-0.0071029167
2025-08-09 23:00:00,-5.26881e-05
2025-08-10 00:00:00,0.0023218387
2025-08-10 01:00:00,0.0010940379
2025-08-10 02:00:00,0.0015247105
2025-08-10 03:00:00,0.0052814398
2025-08-10 04:00:00,0.0041086176
2025-08-10 05:00:00,-0.0049127204
2025-08-10 06:00:00,-0.0023084795
2025-08-10 07:00:00,-0.0191859784
2025-08-10 08:00:00,0.0064477417
2025-08-10 09:00:00,0.0019617069
2025-08-10 10:00:00,-0.0077665624
2025-08-10 11:00:00,-9.09198e-05
2025-08-10 12:00:00,-9.0928e-05
2025-08-10 13:00:00,-0.0082144067
2025-08-10 14:00:00,0.0119638086
2025-08-10 15:00:00,-0.0047972386
2025-08-10 16:00:00,0.0038721489
2025-08-10 17:00:00,-0.0002220238
2025-08-10 18:00:00,0.003384415
2025-08-10 19:00:00,-0.0001278001
2025-08-10 20:00:00,-0.0071296252
2025-08-10 21:00:00,-0.0008637573
2025-08-10 22:00:00,-0.0011004076
2025-08-10 23:00:00,0.0028805021
2025-08-11 00:00:00,0.002274658
2025-08-11 01:00:00,0.009664228
2025-08-11 02:00:00,0.0117030676
2025-08-11 03:00:00,0.0004900264
2025-08-11 04:00:00,-0.0010323981
2025-08-11 05:00:00,0.0027394887
2025-08-11 06:00:00,0.0023325904
2025-08-11 07:00:00,-0.0105798384
2025-08-11 08:00:00,0.0162511754
2025-08-11 09:00:00,-0.0054639877
2025-08-11 10:00:00,-0.0074027149
2025-08-11 11:00:00,-0.0125428569
2025-08-11 12:00:00,-0.0030184917
2025-08-11 13:00:00,0.0032268642
2025-08-11 14:00:00,-0.0063859309
2025-08-11 15:00:00,0.0042784354
2025-08-11 16:00:00,-0.0063963103
2025-08-11 17:00:00,0.0013226313
2025-08-11 18:00:00,0.0045344182
2025-08-11 19:00:00,-0.0183608022
2025-08-11 20:00:00,0.0044013918
2025-08-11 21:00:00,-0.0076172225
2025-08-11 22:00:00,-0.0002071089
2025-08-11 23:00:00,-0.0027027173
2025-08-12 00:00:00,0.0058652129
2025-08-12 01:00:00,0.0048578473
2025-08-12 02:00:00,-0.0003794119
2025-08-12 03:00:00,-0.0043704382
2025-08-12 04:00:00,0.004547515
2025-08-12 05:00:00,-0.0066237383
2025-08-12 06:00:00,0.0006077335
2025-08-12 07:00:00,0.0033628954
2025-08-12 08:00:00,-0.0013101526
2025-08-12 09:00:00,-0.0070816208
2025-08-12 10:00:00,-2.87727e-05
2025-08-12 11:00:00,0.0069167387
2025-08-12 12:00:00,0.0114153103
2025-08-12 13:00:00,-0.0032068541
2025-08-12 14:00:00,0.0094807047
2025-08-12 15:00:00,0.0021842472
2025-08-12 16:00:00,0.0057354235
2025-08-12 17:00:00,-0.0004766975
2025-08-12 18:00:00,0.0047875948
2025-08-12 19:00:00,0.0136220582
2025-08-12 20:00:00,0.0003221561
2025-08-12 21:00:00,-0.0055305409
2025-08-12 22:00:00,0.0004765556
2025-08-12 23:00:00,-0.0020361126
2025-08-13 00:00:00,-0.0065244622
2025-08-13 01:00:00,-0.0074731161
2025-08-13 02:00:00,0.0053330488
2025-08-13 03:00:00,0.0008238821
2025-08-13 04:00:00,0.002676784
2025-08-13 05:00:00,-0.010057234
2025-08-13 06:00:00,0.0019370646
2025-08-13 07:00:00,0.0046380249
2025-08-13 08:00:00,0.0144164311
2025-08-13 09:00:00,0.0007147865
2025-08-13 10:00:00,0.0013217688
2025-08-13 11:00:00,-0.0025174226
2025-08-13 12:00:00,-0.0041731551
2025-08-13 13:00:00,0.0058734142
2025-08-13 14:00:00,-0.0151173556
2025-08-13 15:00:00,0.0049489206
2025-08-13 16:00:00,-0.0005097638
2025-08-13 17:00:00,0.0063168193
2025-08-13 18:00:00,-0.0019431542
2025-08-13 19:00:00,0.0028187829
2025-08-13 20:00:00,-0.0045941396
2025-08-13 21:00:00,-0.0009992583
2025-08-13 22:00:00,0.0045224024
2025-08-13 23:00:00,0.0001373712
2025-08-14 00:00:00,0.0059073892
2025-08-14 01:00:00,0.0078497206
2025-08-14 02:00:00,0.0090126748
2025-08-14 03:00:00,-0.0071627581
2025-08-14 04:00:00,-0.0071084951
2025-08-14 05:00:00,-0.008550425
2025-08-14 06:00:00,-0.0027113666
2025-08-14 07:00:00,-0.0037781953
2025-08-14 08:00:00,-0.0061423532
2025-08-14 09:00:00,0.0029695596
2025-08-14 10:00:00,-0.0094112002
2025-08-14 11:00:00,0.0018433758
2025-08-14 12:00:00,-0.0370648284
2025-08-14 13:00:00,0.0038344173
2025-08-14 14:00:00,0.0026612816
2025-08-14 15:00:00,-0.0079277215
2025-08-14 16:00:00,-0.0092444486
2025-08-14 17:00:00,0.003508747
2025-08-14 18:00:00,0.0009928296
2025-08-14 19:00:00,-0.0043289407
2025-08-14 20:00:00,0.0034399826
2025-08-14 21:00:00,-0.0057845119
2025-08-14 22:00:00,0.0058267066
2025-08-14 23:00:00,0.0001590256
2025-08-15 00:00:00,0.0003601482
2025-08-15 01:00:00,0.0044376545
2025-08-15 02:00:00,0.0022388551
2025-08-15 03:00:00,0.0053060923
2025-08-15 04:00:00,2.24372e-05
2025-08-15 05:00:00,0.0051631787
2025-08-15 06:00:00,-0.002359286
2025-08-15 07:00:00,-0.0028808225
2025-08-15 08:00:00,-0.0009268272
2025-08-15 09:00:00,-0.003400369
2025-08-15 10:00:00,0.0010940075
2025-08-15 11:00:00,0.0010735374
2025-08-15 12:00:00,0.0010788042
2025-08-15 13:00:00,-0.0096930667
2025-08-15 14:00:00,-0.007170401
2025-08-15 15:00:00,-0.0115806697
2025-08-15 16:00:00,0.0034738279
2025-08-15 17:00:00,0.0061925592
2025-08-15 18:00:00,0.0024558883
2025-08-15 19:00:00,0.0005999915
2025-08-15 20:00:00,0.0031310645
2025-08-15 21:00:00,0.0012308613
2025-08-15 22:00:00,0.0056347841
2025-08-15 23:00:00,-0.0060145981
2025-08-16 00:00:00,0.0047195645
2025-08-16 01:00:00,-0.0007823538
2025-08-16 02:00:00,0.0007823538
2025-08-16 03:00:00,0.0052665458
2025-08-16 04:00:00,-0.0001414536
2025-08-16 05:00:00,-0.0045274244
2025-08-16 06:00:00,0.0038616807
2025-08-16 07:00:00,0.0055407669
2025-08-16 08:00:00,0.005592961
2025-08-16 09:00:00,-0.0048701473
2025-08-16 10:00:00,0.000342035
2025-08-16 11:00:00,-0.0075422663
2025-08-16 12:00:00,0.0029486073
2025-08-16 13:00:00,-0.0020087395
2025-08-16 14:00:00,0.0012956972
2025-08-16 15:00:00,-0.0025834113
2025-08-16 16:00:00,0.0017926891
2025-08-16 17:00:00,-0.0038693991
2025-08-16 18:00:00,0.0006034643
2025-08-16 19:00:00,0.0010994982
2025-08-16 20:00:00,0.000879373
2025-08-16 21:00:00,-0.0032766084
2025-08-16 22:00:00,0.0038849524
2025-08-16 23:00:00,3.53949e-05
2025-08-17 00:00:00,-0.0041788045
2025-08-17 01:00:00,0.003953543
2025-08-17 02:00:00,0.0046397836
2025-08-17 03:00:00,0.0002306244
2025-08-17 04:00:00,0.004374976
2025-08-17 05:00:00,-0.003376218
2025-08-17 06:00:00,-0.0027521968
2025-08-17 07:00:00,0.0006222297
2025-08-17 08:00:00,0.0067394765
2025-08-17 09:00:00,-0.0024170236
2025-08-17 10:00:00,-0.0012906195
2025-08-17 11:00:00,0.0002684838
2025-08-17 12:00:00,-0.0033387944
2025-08-17 13:00:00,0.0033164235
2025-08-17 14:00:00,-0.0030278806
2025-08-17 15:00:00,0.0081759504
2025-08-17 16:00:00,-0.0100369115
2025-08-17 17:00:00,-0.0014848338
2025-08-17 18:00:00,-0.0031214742
2025-08-17 19:00:00,-0.0028529491
2025-08-17 20:00:00,0.0013418676
2025-08-17 21:00:00,0.0027621296
2025-08-17 22:00:00,0.0029537366
2025-08-17 23:00:00,-0.0074784486
2025-08-18 00:00:00,-0.0019148684
2025-08-18 01:00:00,-0.0130016308
2025-08-18 02:00:00,-0.0101213935
2025-08-18 03:00:00,-0.0068639981
2025-08-18 04:00:00,0.0027699185
2025-08-18 05:00:00,-0.002078389
2025-08-18 06:00:00,-0.0070344353
2025-08-18 07:00:00,-0.0026840229
2025-08-18 08:00:00,-0.0003001691
2025-08-18 09:00:00,0.0016346619
2025-08-18 10:00:00,0.0006968677
2025-08-18 11:00:00,-0.0015020682
2025-08-18 12:00:00,0.0085009783
2025-08-18 13:00:00,-0.0078271261
2025-08-18 14:00:00,0.0095767326
2025-08-18 15:00:00,0.0070375419
2025-08-18 16:00:00,-0.0043190445
2025-08-18 17:00:00,0.0218375729
2025-08-18 18:00:00,-0.0017136513
2025-08-18 19:00:00,0.0051775841
2025-08-18 20:00:00,-0.0004704684
2025-08-18 21:00:00,-0.0004057539
2025-08-18 22:00:00,-0.0031770576
2025-08-18 23:00:00,-0.0025469744
2025-08-19 00:00:00,0.0008192615
2025-08-19 01:00:00,-0.0043815405
2025-08-19 02:00:00,-0.0052273141
2025-08-19 03:00:00,-0.0147073186
2025-08-19 04:00:00,0.005440884
2025-08-19 05:00:00,0.0026596423
2025-08-19 06:00:00,0.0020008553
2025-08-19 07:00:00,-0.0057649481
2025-08-19 08:00:00,0.0018954452
2025-08-19 09:00:00,0.0030086983
2025-08-19 10:00:00,-0.0018499246
2025-08-19 11:00:00,0.0011508035
2025-08-19 12:00:00,-0.0008356103
2025-08-19 13:00:00,-0.0044850803
2025-08-19 14:00:00,-0.0192544289
2025-08-19 15:00:00,-0.005118759
2025-08-19 16:00:00,-0.00606187
2025-08-19 17:00:00,0.0062428182
2025-08-19 18:00:00,-0.0091325462
2025-08-19 19:00:00,-0.009404496
2025-08-19 20:00:00,0.0094458367
2025-08-19 21:00:00,-0.002259015
2025-08-19 22:00:00,-0.0014373875
2025-08-19 23:00:00,-0.0112418362
2025-08-20 00:00:00,0.0067678969
2025-08-20 01:00:00,0.0021718926
2025-08-20 02:00:00,-0.0004367751
2025-08-20 03:00:00,0.001050018
2025-08-20 04:00:00,0.0041097487
2025-08-20 05:00:00,0.0004793492
2025-08-20 06:00:00,-0.005077583
2025-08-20 07:00:00,-0.0068569869
2025-08-20 08:00:00,0.0162761655
2025-08-20 09:00:00,-0.0094226439
2025-08-20 10:00:00,0.0062284835
2025-08-20 11:00:00,-0.0051202045
2025-08-20 12:00:00,0.0013594267
2025-08-20 13:00:00,-0.0187689019
2025-08-20 14:00:00,0.0172640836
2025-08-20 15:00:00,0.0054825304
2025-08-20 16:00:00,0.0027609368
2025-08-20 17:00:00,0.0109036173
2025-08-20 18:00:00,-0.0087085655
2025-08-20 19:00:00,0.0239432062
2025-08-20 20:00:00,-0.0066450333
2025-08-20 21:00:00,-0.0007174822
2025-08-20 22:00:00,0.0007713568
2025-08-20 23:00:00,-0.0063129412
2025-08-21 00:00:00,-0.0026022818
2025-08-21 01:00:00,0.0023447306
2025-08-21 02:00:00,-0.0086904529
2025-08-21 03:00:00,0.0016977266
2025-08-21 04:00:00,0.0003275992
2025-08-21 05:00:00,1.02357e-05
2025-08-21 06:00:00,-0.0068231374
2025-08-21 07:00:00,-0.001189306
2025-08-21 08:00:00,-0.0035729767
2025-08-21 09:00:00,-0.0015751952
2025-08-21 10:00:00,0.0027446225
2025-08-21 11:00:00,0.0006548337
2025-08-21 12:00:00,-0.0041914451
2025-08-21 13:00:00,0.0019736178
2025-08-21 14:00:00,0.0014767993
2025-08-21 15:00:00,-0.0050986569
2025-08-21 16:00:00,0.0014579307
2025-08-21 17:00:00,0.0040474979
2025-08-21 18:00:00,0.0041169943
2025-08-21 19:00:00,-0.0158276312
2025-08-21 20:00:00,0.0040056362
2025-08-21 21:00:00,0.0014646068
2025-08-21 22:00:00,-0.0037073176
2025-08-21 23:00:00,-0.0076841069
2025-08-22 00:00:00,0.0022249912
2025-08-22 01:00:00,0.0001994817
2025-08-22 02:00:00,-0.0002974873
2025-08-22 03:00:00,-0.0086199551
2025-08-22 04:00:00,0.0083328835
2025-08-22 05:00:00,0.0050885363
2025-08-22 06:00:00,-0.0063603442
2025-08-22 07:00:00,0.0026538959
2025-08-22 08:00:00,0.0027758931
2025-08-22 09:00:00,-0.0031570886
2025-08-22 10:00:00,-0.0097822722
2025-08-22 11:00:00,-0.0092405635
2025-08-22 12:00:00,0.0006130006
2025-08-22 13:00:00,0.0113930261
2025-08-22 14:00:00,0.0573002824
2025-08-22 15:00:00,0.0033208169
2025-08-22 16:00:00,0.0102512566
2025-08-22 17:00:00,0.0059121531
2025-08-22 18:00:00,0.0043682548
2025-08-22 19:00:00,-0.0021557023
2025-08-22 20:00:00,0.0056767528
2025-08-22 21:00:00,-0.0003560804
2025-08-22 22:00:00,-0.0044194593
2025-08-22 23:00:00,-0.0004846671
2025-08-23 00:00:00,-0.0119763086
2025-08-23 01:00:00,-0.0042302895
2025-08-23 02:00:00,-0.0100632957
2025-08-23 03:00:00,-0.0005512836
2025-08-23 04:00:00,0.0130717777
2025-08-23 05:00:00,0.006146216
2025-08-23 06:00:00,0.0041875971
2025-08-23 07:00:00,-0.0008067111
2025-08-23 08:00:00,-0.0037055023
2025-08-23 09:00:00,-0.0009482204
2025-08-23 10:00:00,-0.0055894388
2025-08-23 11:00:00,0.0042426682
2025-08-23 12:00:00,-0.0034276547
2025-08-23 13:00:00,-0.0058750144
2025-08-23 14:00:00,0.0001459699
2025-08-23 15:00:00,0.0011769329
2025-08-23 16:00:00,0.000573046
2025-08-23 17:00:00,-0.000894493
2025-08-23 18:00:00,0.0013381296
2025-08-23 19:00:00,0.0024827157
2025-08-23 20:00:00,0.0009141749
2025-08-23 21:00:00,9.8962e-06
2025-08-23 22:00:00,0.005008105
2025-08-23 23:00:00,0.0002953589
2025-08-24 00:00:00,0.0028800948
2025-08-24 01:00:00,0.0050422661
2025-08-24 02:00:00,-0.0049604733
2025-08-24 03:00:00,-0.0017649365
2025-08-24 04:00:00,-0.0005081193
2025-08-24 05:00:00,-0.0006888318
2025-08-24 06:00:00,-0.0055508993
2025-08-24 07:00:00,0.0010816659
2025-08-24 08:00:00,0.001646633
2025-08-24 09:00:00,-0.0044818944
2025-08-24 10:00:00,-0.0045618386
2025-08-24 11:00:00,-0.0009268349
2025-08-24 12:00:00,0.0028409016
2025-08-24 13:00:00,0.0008579839
2025-08-24 14:00:00,0.0007513733
2025-08-24 15:00:00,-0.0028230542
2025-08-24 16:00:00,0.0055292727
2025-08-24 17:00:00,0.0071416662
2025-08-24 18:00:00,0.0185318825
2025-08-24 19:00:00,-0.0251127351
2025-08-24 20:00:00,-0.0011483558
2025-08-24 21:00:00,-9.57559e-05
2025-08-24 22:00:00,0.0014749436
2025-08-24 23:00:00,-0.0026644011
2025-08-25 00:00:00,-0.0106556533
2025-08-25 01:00:00,0.0076459614
2025-08-25 02:00:00,0.0096623573
2025-08-25 03:00:00,-0.0077078406
2025-08-25 04:00:00,-0.0058983513
2025-08-25 05:00:00,-0.0040530386
2025-08-25 06:00:00,-0.0125767513
2025-08-25 07:00:00,-0.0054918338
2025-08-25 08:00:00,0.002410209
2025-08-25 09:00:00,0.0038801441
2025-08-25 10:00:00,-0.0090271442
2025-08-25 11:00:00,0.0042536228
2025-08-25 12:00:00,0.0068412924
2025-08-25 13:00:00,-0.0046076483
2025-08-25 14:00:00,0.0062399218
2025-08-25 15:00:00,-0.004843884
2025-08-25 16:00:00,-0.0013248334
2025-08-25 17:00:00,0.0050324782
2025-08-25 18:00:00,-0.0013097933
2025-08-25 19:00:00,-0.0286670787
2025-08-25 20:00:00,-0.0176293726
2025-08-25 21:00:00,0.0087290344
2025-08-25 22:00:00,0.0042208628
2025-08-25 23:00:00,-0.001562372
2025-08-26 00:00:00,0.0001399091
2025-08-26 01:00:00,0.0088963757
2025-08-26 02:00:00,-0.0004542153
2025-08-26 03:00:00,0.0008874345
2025-08-26 04:00:00,0.0078863537
2025-08-26 05:00:00,0.003743607
2025-08-26 06:00:00,-0.0034445645
2025-08-26 07:00:00,0.0026496628
2025-08-26 08:00:00,-0.0020381071
2025-08-26 09:00:00,-0.0006149924
2025-08-26 10:00:00,-0.0006566383
2025-08-26 11:00:00,-0.0023516177
2025-08-26 12:00:00,0.0060554591
2025-08-26 13:00:00,-0.0002912789
2025-08-26 14:00:00,0.0043364135
2025-08-26 15:00:00,0.001047083
2025-08-26 16:00:00,0.0076509285
2025-08-26 17:00:00,0.0020985941
2025-08-26 18:00:00,0.0063499969
2025-08-26 19:00:00,0.0264198975
2025-08-26 20:00:00,-0.0068054011
2025-08-26 21:00:00,-0.0030439518
2025-08-26 22:00:00,-0.005737482
2025-08-26 23:00:00,-9.95547e-05
2025-08-27 00:00:00,-0.0080167294
2025-08-27 01:00:00,0.0046759079
2025-08-27 02:00:00,-0.0027775434
2025-08-27 03:00:00,0.0031603924
2025-08-27 04:00:00,0.0062579008
2025-08-27 05:00:00,-0.002762451
2025-08-27 06:00:00,-0.0053544713
2025-08-27 07:00:00,-0.0018390979
2025-08-27 08:00:00,0.0069547259
2025-08-27 09:00:00,-0.0006770324
2025-08-27 10:00:00,-0.0043518978
2025-08-27 11:00:00,-2.00065e-05
2025-08-27 12:00:00,0.0012829422
2025-08-27 13:00:00,-0.0006862527
2025-08-27 14:00:00,0.0018378319
2025-08-27 15:00:00,0.003768296
2025-08-27 16:00:00,0.0009506192
2025-08-27 17:00:00,0.0052205473
2025-08-27 18:00:00,-0.0091048975
2025-08-27 19:00:00,-0.0003423866
2025-08-27 20:00:00,0.0015846311
2025-08-27 21:00:00,-0.0085541839
2025-08-27 22:00:00,-0.002443649
2025-08-27 23:00:00,-0.0034257834
2025-08-28 00:00:00,-7.07236e-05
2025-08-28 01:00:00,0.0054713312
2025-08-28 02:00:00,-0.0039905475
2025-08-28 03:00:00,0.0028477036
2025-08-28 04:00:00,0.0082619983
2025-08-28 05:00:00,-0.00175422
2025-08-28 06:00:00,0.0001499113
2025-08-28 07:00:00,0.0002531325
2025-08-28 08:00:00,-0.0009562444
2025-08-28 09:00:00,0.000273306
2025-08-28 10:00:00,0.0021571606
2025-08-28 11:00:00,0.0006548821
2025-08-28 12:00:00,0.0031653051
2025-08-28 13:00:00,-0.0054043143
2025-08-28 14:00:00,0.0045791156
2025-08-28 15:00:00,-0.0114538095
2025-08-28 16:00:00,-0.0072938114
2025-08-28 17:00:00,0.0067537342
2025-08-28 18:00:00,-0.000375878
2025-08-28 19:00:00,-0.0119470328
2025-08-28 20:00:00,0.0019886794
2025-08-28 21:00:00,0.004006055
2025-08-28 22:00:00,0.0026472215
2025-08-28 23:00:00,-0.0006636762
2025-08-29 00:00:00,-0.0030342584
2025-08-29 01:00:00,-0.0053211626
2025-08-29 02:00:00,0.0017893071
2025-08-29 03:00:00,-0.003081499
2025-08-29 04:00:00,-0.0072981433
2025-08-29 05:00:00,-0.0023163291
2025-08-29 06:00:00,-0.0031760751
2025-08-29 07:00:00,-0.0105918623
2025-08-29 08:00:00,-0.0063350731
2025-08-29 09:00:00,0.008280291
2025-08-29 10:00:00,0.0002780761
2025-08-29 11:00:00,-6.951e-06
2025-08-29 12:00:00,0.0036045326
2025-08-29 13:00:00,-0.0131765234
2025-08-29 14:00:00,-0.0094200632
2025-08-29 15:00:00,0.0043790969
2025-08-29 16:00:00,0.0024058075
2025-08-29 17:00:00,-0.0084439969
2025-08-29 18:00:00,-0.0030452782
2025-08-29 19:00:00,0.0019980666
2025-08-29 20:00:00,-0.0107410807
2025-08-29 21:00:00,0.0079882568
2025-08-29 22:00:00,0.0016120684
2025-08-29 23:00:00,0.0025285182
2025-08-30 00:00:00,-0.0006279814
2025-08-30 01:00:00,-0.018714164
2025-08-30 02:00:00,0.0100311343
2025-08-30 03:00:00,0.0071664438
2025-08-30 04:00:00,-0.0003306155
2025-08-30 05:00:00,0.0049265639
2025-08-30 06:00:00,0.0003643599
2025-08-30 07:00:00,0.0016573994
2025-08-30 08:00:00,-0.0073608571
2025-08-30 09:00:00,-0.0025608026
2025-08-30 10:00:00,-2.49636e-05
2025-08-30 11:00:00,0.0024612613
2025-08-30 12:00:00,-0.00627015
2025-08-30 13:00:00,-0.0003079171
2025-08-30 14:00:00,0.0016673469
2025-08-30 15:00:00,0.0035650789
2025-08-30 16:00:00,0.0010005039
2025-08-30 17:00:00,-0.000747613
2025-08-30 18:00:00,-0.0008337134
2025-08-30 19:00:00,0.0019193488
2025-08-30 20:00:00,-0.0018159876
2025-08-30 21:00:00,0.0004774613
2025-08-30 22:00:00,0.0005163992
2025-08-30 23:00:00,0.0035612269
2025-08-31 00:00:00,0.0092874458
2025-08-31 01:00:00,0.0065166211
2025-08-31 02:00:00,-0.0054486315
2025-08-31 03:00:00,0.00094408
2025-08-31 04:00:00,-0.0010459114
2025-08-31 05:00:00,-0.0038561454
2025-08-31 06:00:00,-0.0042639619
2025-08-31 07:00:00,0.0016307187
2025-08-31 08:00:00,0.0054142595
2025-08-31 09:00:00,-0.0047111475
2025-08-31 10:00:00,-0.0037367479
2025-08-31 11:00:00,0.0011621522
2025-08-31 12:00:00,-0.002027557
2025-08-31 13:00:00,-0.0020138991
2025-08-31 14:00:00,-0.0007433609
2025-08-31 15:00:00,0.0042889416
2025-08-31 16:00:00,-0.0028134304
2025-08-31 17:00:00,-0.0016605481
2025-08-31 18:00:00,0.0036268798
2025-08-31 19:00:00,-0.0071062478
2025-08-31 20:00:00,0.0030629097
2025-08-31 21:00:00,0.0011706249
2025-08-31 22:00:00,-0.003958595
2025-08-31 23:00:00,-0.0089906701
2025-09-01 00:00:00,-0.0047592657
2025-09-01 01:00:00,0.0012479767
2025-09-01 02:00:00,-0.011617362
2025-09-01 03:00:00,0.0037818131
2025-09-01 04:00:00,-0.0091688858
2025-09-01 05:00:00,0.0052005325
2025-09-01 06:00:00,0.0010602555
2025-09-01 07:00:00,0.0207576866
2025-09-01 08:00:00,0.0114550909
2025-09-01 09:00:00,-0.0059051028
2025-09-01 10:00:00,-0.0061048943
2025-09-01 11:00:00,-0.0081116218
2025-09-01 12:00:00,0.0010968988
2025-09-01 13:00:00,-0.0048766918
2025-09-01 14:00:00,0.0040685672
2025-09-01 15:00:00,-0.0027973967
2025-09-01 16:00:00,-0.0057603365
2025-09-01 17:00:00,-0.0072519813
2025-09-01 18:00:00,0.0105880918
2025-09-01 19:00:00,0.0061667751
2025-09-01 20:00:00,-0.0039199089
2025-09-01 21:00:00,-0.0125966528
2025-09-01 22:00:00,0.0058299186
2025-09-01 23:00:00,0.004802816
2025-09-02 00:00:00,0.0009498295
2025-09-02 01:00:00,0.0019258901
2025-09-02 02:00:00,0.0082730379
2025-09-02 03:00:00,0.0036375784
2025-09-02 04:00:00,0.00206352
2025-09-02 05:00:00,0.0025894339
2025-09-02 06:00:00,-0.0030246322
2025-09-02 07:00:00,-0.0029157144
2025-09-02 08:00:00,0.0042421211
2025-09-02 09:00:00,0.0012641529
2025-09-02 10:00:00,0.0009319566
2025-09-02 11:00:00,-0.004897131
2025-09-02 12:00:00,-0.0103287708
2025-09-02 13:00:00,0.0208312957
2025-09-02 14:00:00,0.0034799953
2025-09-02 15:00:00,-0.0169631697
2025-09-02 16:00:00,0.0018867491
2025-09-02 17:00:00,0.0037984852
2025-09-02 18:00:00,0.002587121
2025-09-02 19:00:00,0.0051648558
2025-09-02 20:00:00,0.0053599011
2025-09-02 21:00:00,0.0008577355
2025-09-02 22:00:00,0.0050506131
2025-09-02 23:00:00,0.0006360879
2025-09-03 00:00:00,-0.0072198935
2025-09-03 01:00:00,0.0023480625
2025-09-03 02:00:00,0.0011158561
2025-09-03 03:00:00,-0.0033583484
2025-09-03 04:00:00,-0.0017680107
2025-09-03 05:00:00,-0.0034074711
2025-09-03 06:00:00,-0.003145871
2025-09-03 07:00:00,0.0011170669
2025-09-03 08:00:00,0.0057992893
2025-09-03 09:00:00,0.0032015001
2025-09-03 10:00:00,0.0004003456
2025-09-03 11:00:00,0.0034629642
2025-09-03 12:00:00,-0.0042216496
2025-09-03 13:00:00,0.0047743329
2025-09-03 14:00:00,0.0048212535
2025-09-03 15:00:00,-8.0048e-05
2025-09-03 16:00:00,-0.0044020512
2025-09-03 17:00:00,0.0008735792
2025-09-03 18:00:00,-0.0038073954
2025-09-03 19:00:00,0.0048511949
2025-09-03 20:00:00,-0.0029736811
2025-09-03 21:00:00,-0.0038217902
2025-09-03 22:00:00,0.0001299703
2025-09-03 23:00:00,-0.0006640795
2025-09-04 00:00:00,0.0007378389
2025-09-04 01:00:00,-0.0021447541
2025-09-04 02:00:00,-0.0008415775
2025-09-04 03:00:00,0.0024101611
2025-09-04 04:00:00,0.0022360733
2025-09-04 05:00:00,-0.0063032882
2025-09-04 06:00:00,-0.00662029
2025-09-04 07:00:00,0.003379346
2025-09-04 08:00:00,0.004626711
2025-09-04 09:00:00,0.0015281101
2025-09-04 10:00:00,0.0001477578
2025-09-04 11:00:00,-0.0004398195
2025-09-04 12:00:00,0.0021725841
2025-09-04 13:00:00,-0.0074301827
2025-09-04 14:00:00,0.00307323
2025-09-04 15:00:00,-0.0086787651
2025-09-04 16:00:00,-0.0011284493
2025-09-04 17:00:00,0.0029767801
2025-09-04 18:00:00,-0.0058267046
2025-09-04 19:00:00,-0.0052251045
2025-09-04 20:00:00,0.0057536137
2025-09-04 21:00:00,0.0042571523
2025-09-04 22:00:00,0.0026236251
2025-09-04 23:00:00,-0.009214751
2025-09-05 00:00:00,-0.004364431
2025-09-05 01:00:00,0.008022022
2025-09-05 02:00:00,0.0021796122
2025-09-05 03:00:00,-0.0013064847
2025-09-05 04:00:00,0.0033322517
2025-09-05 05:00:00,-0.0015349415
2025-09-05 06:00:00,0.0007855306
2025-09-05 07:00:00,0.0106167789
2025-09-05 08:00:00,-0.0001300827
2025-09-05 09:00:00,0.0004112847
2025-09-05 10:00:00,-0.002058117
2025-09-05 11:00:00,0.0017663684
2025-09-05 12:00:00,0.0113016883
2025-09-05 13:00:00,0.0019238789
2025-09-05 14:00:00,-0.0255956628
2025-09-05 15:00:00,0.0019343948
2025-09-05 16:00:00,-0.0002202753
2025-09-05 17:00:00,0.0012605976
2025-09-05 18:00:00,0.0062510485
2025-09-05 19:00:00,0.0102311297
2025-09-05 20:00:00,-0.0052077436
2025-09-05 21:00:00,-0.0096185439
2025-09-05 22:00:00,-0.0012372269
2025-09-05 23:00:00,-0.0016046467
2025-09-06 00:00:00,0.0002912997
2025-09-06 01:00:00,0.0010401709
2025-09-06 02:00:00,0.0017548311
2025-09-06 03:00:00,0.0013768915
2025-09-06 04:00:00,-0.0035398518
2025-09-06 05:00:00,-0.0009162355
2025-09-06 06:00:00,0.0009872265
2025-09-06 07:00:00,0.0011316251
2025-09-06 08:00:00,-0.001774277
2025-09-06 09:00:00,-0.0023290763
2025-09-06 10:00:00,-0.0006231917
2025-09-06 11:00:00,-7.12466e-05
2025-09-06 12:00:00,0.0006481574
2025-09-06 13:00:00,0.0018815484
2025-09-06 14:00:00,-0.0008638634
2025-09-06 15:00:00,-0.0031417891
2025-09-06 16:00:00,-0.0007066583
2025-09-06 17:00:00,-0.0002642329
2025-09-06 18:00:00,0.0005640883
2025-09-06 19:00:00,-0.0024049425
2025-09-06 20:00:00,0.0019944035
2025-09-06 21:00:00,0.0020367587
2025-09-06 22:00:00,0.0001817155
2025-09-06 23:00:00,0.0010824824
2025-09-07 00:00:00,0.0022040692
2025-09-07 01:00:00,0.0020822884
2025-09-07 02:00:00,0.0004924459
2025-09-07 03:00:00,-0.0001416862
2025-09-07 04:00:00,-0.0002196533
2025-09-07 05:00:00,0.0008606233
2025-09-07 06:00:00,-0.0015163274
2025-09-07 07:00:00,0.0036593521
2025-09-07 08:00:00,0.0010274463
2025-09-07 09:00:00,-0.0009567977
2025-09-07 10:00:00,2.47259e-05
2025-09-07 11:00:00,0.0003284426
2025-09-07 12:00:00,0.0013761664
2025-09-07 13:00:00,0.0044858349
2025-09-07 14:00:00,0.0125964658
2025-09-07 15:00:00,0.0056999513
2025-09-07 16:00:00,-0.0034631083
2025-09-07 17:00:00,-0.0110737017
2025-09-07 18:00:00,-0.0003322939
2025-09-07 19:00:00,0.0014822275
2025-09-07 20:00:00,0.0060285729
2025-09-07 21:00:00,-0.0071260492
2025-09-07 22:00:00,0.0064904283
2025-09-07 23:00:00,-0.0002710432
2025-09-08 00:00:00,-0.0028608539
2025-09-08 01:00:00,0.0038925105
2025-09-08 02:00:00,0.0017136003
2025-09-08 03:00:00,0.0012088528
2025-09-08 04:00:00,-0.0028356619
2025-09-08 05:00:00,0.0042124579
2025-09-08 06:00:00,-0.00587669
2025-09-08 07:00:00,0.0121004547
2025-09-08 08:00:00,3.77893e-05
2025-09-08 09:00:00,0.0081394306
2025-09-08 10:00:00,0.0059657048
2025-09-08 11:00:00,-0.0054887713
2025-09-08 12:00:00,0.0092415269
2025-09-08 13:00:00,0.0046695469
2025-09-08 14:00:00,0.0015941607
2025-09-08 15:00:00,0.0013103417
2025-09-08 16:00:00,-0.0055008669
2025-09-08 17:00:00,0.0001144897
2025-09-08 18:00:00,0.0048235763
2025-09-08 19:00:00,-0.0019387261
2025-09-08 20:00:00,-0.0055653243
2025-09-08 21:00:00,0.0042752313
2025-09-08 22:00:00,0.0005847796
2025-09-08 23:00:00,-0.0023142319
2025-09-09 00:00:00,-0.0046073776
2025-09-09 01:00:00,0.0008657131
2025-09-09 02:00:00,-0.006997839
2025-09-09 03:00:00,0.0042933828
2025-09-09 04:00:00,0.0047642726
2025-09-09 05:00:00,0.0002765701
2025-09-09 06:00:00,0.0093581596
2025-09-09 07:00:00,0.0087681345
2025-09-09 08:00:00,0.0012411405
2025-09-09 09:00:00,-0.0051167799
2025-09-09 10:00:00,-0.0011276827
2025-09-09 11:00:00,-0.0001730904
2025-09-09 12:00:00,0.0016298567
2025-09-09 13:00:00,0.001295337
2025-09-09 14:00:00,-0.0150828891
2025-09-09 15:00:00,-0.0068333968
2025-09-09 16:00:00,0.0018405818
2025-09-09 17:00:00,0.0005958527
2025-09-09 18:00:00,0.0025891864
2025-09-09 19:00:00,0.0009886108
2025-09-09 20:00:00,-0.0035541058
2025-09-09 21:00:00,-0.0008532424
2025-09-09 22:00:00,-0.000775999
2025-09-09 23:00:00,-0.0010242914
2025-09-10 00:00:00,-0.0033038667
2025-09-10 01:00:00,0.0042196736
2025-09-10 02:00:00,0.0032561852
2025-09-10 03:00:00,0.0010639143
2025-09-10 04:00:00,-0.000742932
2025-09-10 05:00:00,4.39159e-05
2025-09-10 06:00:00,-0.0025096747
2025-09-10 07:00:00,0.0096825557
2025-09-10 08:00:00,-0.0040530378
2025-09-10 09:00:00,-0.0002660717
2025-09-10 10:00:00,-0.0014899616
2025-09-10 11:00:00,0.0026749514
2025-09-10 12:00:00,0.0090063391
2025-09-10 13:00:00,0.0047932049
2025-09-10 14:00:00,-0.0046498407
2025-09-10 15:00:00,0.0011128735
2025-09-10 16:00:00,0.0008155426
2025-09-10 17:00:00,-0.001048677
2025-09-10 18:00:00,-0.0012165107
2025-09-10 19:00:00,-0.0064572259
2025-09-10 20:00:00,-0.0015855423
2025-09-10 21:00:00,0.002394141
2025-09-10 22:00:00,-0.0010167257
2025-09-10 23:00:00,0.0016839143
2025-09-11 00:00:00,0.0023132699
2025-09-11 01:00:00,0.0019876107
2025-09-11 02:00:00,-0.0024759311
2025-09-11 03:00:00,0.0068713669
2025-09-11 04:00:00,-5.64853e-05
2025-09-11 05:00:00,-0.0006913722
2025-09-11 06:00:00,-0.0024069083
2025-09-11 07:00:00,0.0012790792
2025-09-11 08:00:00,0.0044009697
2025-09-11 09:00:00,0.0034408295
2025-09-11 10:00:00,-0.0036231264
2025-09-11 11:00:00,-0.0026287679
2025-09-11 12:00:00,-0.0033390569
2025-09-11 13:00:00,0.0044650952
2025-09-11 14:00:00,-0.0041950264
2025-09-11 15:00:00,-0.0012742977
2025-09-11 16:00:00,0.0004071512
2025-09-11 17:00:00,0.0055931963
2025-09-11 18:00:00,0.003524151
2025-09-11 19:00:00,0.0003537161
2025-09-11 20:00:00,-0.0042230002
2025-09-11 21:00:00,0.0004446686
2025-09-11 22:00:00,0.0036659494
2025-09-11 23:00:00,0.0051433998
2025-09-12 00:00:00,0.0049698386
2025-09-12 01:00:00,-0.0052592761
2025-09-12 02:00:00,0.0017189505
2025-09-12 03:00:00,-0.0021203547
2025-09-12 04:00:00,0.0052973909
2025-09-12 05:00:00,0.0059563131
2025-09-12 06:00:00,-0.0067127713
2025-09-12 07:00:00,0.0049247098
2025-09-12 08:00:00,-0.00385732
2025-09-12 09:00:00,-0.0021096847
2025-09-12 10:00:00,-0.0017494314
2025-09-12 11:00:00,-0.0014530729
2025-09-12 12:00:00,0.0008056971
2025-09-12 13:00:00,-0.0003254893
2025-09-12 14:00:00,-0.0004604688
2025-09-12 15:00:00,-0.0037871654
2025-09-12 16:00:00,0.0045139515
2025-09-12 17:00:00,0.0081393362
2025-09-12 18:00:00,0.00427876
2025-09-12 19:00:00,0.0044544947
2025-09-12 20:00:00,0.0101402579
2025-09-12 21:00:00,-0.0093034094
2025-09-12 22:00:00,0.0056521617
2025-09-12 23:00:00,-0.0022216266
2025-09-13 00:00:00,-0.0006858104
2025-09-13 01:00:00,-0.0017988631
2025-09-13 02:00:00,0.001586263
2025-09-13 03:00:00,0.0037172015
2025-09-13 04:00:00,-0.0026449983
2025-09-13 05:00:00,-0.0017134984
2025-09-13 06:00:00,0.0050290789
2025-09-13 07:00:00,0.0003335193
2025-09-13 08:00:00,0.0081621115
2025-09-13 09:00:00,0.0118870625
2025-09-13 10:00:00,-0.005439129
2025-09-13 11:00:00,0.0031044952
2025-09-13 12:00:00,-0.000854037
2025-09-13 13:00:00,-0.0088796862
2025-09-13 14:00:00,0.0016336445
2025-09-13 15:00:00,-0.0046632596
2025-09-13 16:00:00,-0.0072721072
2025-09-13 17:00:00,0.0008513031
2025-09-13 18:00:00,0.0006259681
2025-09-13 19:00:00,-0.0012041327
2025-09-13 20:00:00,0.0022978335
2025-09-13 21:00:00,0.0005287809
2025-09-13 22:00:00,0.0003747844
2025-09-13 23:00:00,-0.0004196398
2025-09-14 00:00:00,-0.0028556597
2025-09-14 01:00:00,0.0014673517
2025-09-14 02:00:00,0.0023458542
2025-09-14 03:00:00,-0.0090677029
2025-09-14 04:00:00,0.0015621574
2025-09-14 05:00:00,0.0026571562
2025-09-14 06:00:00,-0.0050918265
2025-09-14 07:00:00,-0.0024146861
2025-09-14 08:00:00,1.62036e-05
2025-09-14 09:00:00,0.001631982
2025-09-14 10:00:00,-0.0011881042
2025-09-14 11:00:00,-0.0085394282
2025-09-14 12:00:00,-0.0030626392
2025-09-14 13:00:00,-0.004154105
2025-09-14 14:00:00,-0.0038212218
2025-09-14 15:00:00,0.001745924
2025-09-14 16:00:00,0.0038769816
2025-09-14 17:00:00,0.0039863416
2025-09-14 18:00:00,-0.0061204421
2025-09-14 19:00:00,0.000506809
2025-09-14 20:00:00,0.0001348864
2025-09-14 21:00:00,0.0031498468
2025-09-14 22:00:00,0.000937453
2025-09-14 23:00:00,-0.0076530944
2025-09-15 00:00:00,0.002466434
2025-09-15 01:00:00,0.0015006222
2025-09-15 02:00:00,-0.001296458
2025-09-15 03:00:00,0.0041794872
2025-09-15 04:00:00,0.0007374813
2025-09-15 05:00:00,0.0048994311
2025-09-15 06:00:00,-0.0099118906
2025-09-15 07:00:00,-0.003965981
2025-09-15 08:00:00,-0.0214937717
2025-09-15 09:00:00,0.0062799577
2025-09-15 10:00:00,0.0005637698
2025-09-15 11:00:00,0.0066239248
2025-09-15 12:00:00,-0.0035221708
2025-09-15 13:00:00,0.0115383721
2025-09-15 14:00:00,-0.0060352215
2025-09-15 15:00:00,0.0069869164
2025-09-15 16:00:00,-0.0066310889
2025-09-15 17:00:00,0.0008707444
2025-09-15 18:00:00,-0.0002657957
2025-09-15 19:00:00,-0.0058320279
2025-09-15 20:00:00,0.0020534197
2025-09-15 21:00:00,0.0003835053
2025-09-15 22:00:00,-0.0023867913
2025-09-15 23:00:00,0.0019532528
2025-09-16 00:00:00,-0.0041079213
2025-09-16 01:00:00,3.01438e-05
2025-09-16 02:00:00,-0.0015250778
2025-09-16 03:00:00,3.68975e-05
2025-09-16 04:00:00,0.0002951307
2025-09-16 05:00:00,0.0076662772
2025-09-16 06:00:00,-0.0070293601
2025-09-16 07:00:00,0.0078576029
2025-09-16 08:00:00,0.009068976
2025-09-16 09:00:00,-0.0015233953
2025-09-16 10:00:00,-0.0024184528
2025-09-16 11:00:00,0.0022204389
2025-09-16 12:00:00,0.002801547
2025-09-16 13:00:00,-0.004502781
2025-09-16 14:00:00,0.0014701682
2025-09-16 15:00:00,0.0036084288
2025-09-16 16:00:00,0.0027593111
2025-09-16 17:00:00,1.31214e-05
2025-09-16 18:00:00,-0.002522467
2025-09-16 19:00:00,0.0039549419
2025-09-16 20:00:00,-0.0015702579
2025-09-16 21:00:00,0.0022939097
2025-09-16 22:00:00,-0.0024382742
2025-09-16 23:00:00,-0.0031055977
2025-09-17 00:00:00,-0.0004938402
2025-09-17 01:00:00,0.0011979636
2025-09-17 02:00:00,-0.0006020935
2025-09-17 03:00:00,-0.0068856353
2025-09-17 04:00:00,-0.0016715812
2025-09-17 05:00:00,0.0029300554
2025-09-17 06:00:00,0.0011643332
2025-09-17 07:00:00,0.0034782988
2025-09-17 08:00:00,-0.0045698214
2025-09-17 09:00:00,-0.001901431
2025-09-17 10:00:00,-0.0006799596
2025-09-17 11:00:00,-0.0012948596
2025-09-17 12:00:00,0.0050438042
2025-09-17 13:00:00,-0.0004827324
2025-09-17 14:00:00,-0.0027951666
2025-09-17 15:00:00,0.0026992536
2025-09-17 16:00:00,-0.0004135232
2025-09-17 17:00:00,0.0004664418
2025-09-17 18:00:00,-0.0083927353
2025-09-17 19:00:00,0.0118824834
2025-09-17 20:00:00,-0.0058639175
2025-09-17 21:00:00,0.005435371
2025-09-17 22:00:00,0.0180143251
2025-09-17 23:00:00,-0.0010432935
2025-09-18 00:00:00,-0.002629257
2025-09-18 01:00:00,0.0056169089
2025-09-18 02:00:00,0.0007850828
2025-09-18 03:00:00,0.0032565127
2025-09-18 04:00:00,-0.0024623648
2025-09-18 05:00:00,-0.0057573068
2025-09-18 06:00:00,-0.0030099455
2025-09-18 07:00:00,0.007003777
2025-09-18 08:00:00,0.0045959595
2025-09-18 09:00:00,0.005061693
2025-09-18 10:00:00,-0.003344844
2025-09-18 11:00:00,0.0080369516
2025-09-18 12:00:00,-0.0067207691
2025-09-18 13:00:00,0.0009106826
2025-09-18 14:00:00,0.0012108207
2025-09-18 15:00:00,-0.0030394381
2025-09-18 16:00:00,0.0014439231
2025-09-18 17:00:00,-0.0031793874
2025-09-18 18:00:00,0.0029356711
2025-09-18 19:00:00,-0.0031093833
2025-09-18 20:00:00,-0.0023899954
2025-09-18 21:00:00,-0.0050856307
2025-09-18 22:00:00,-0.0036206099
2025-09-18 23:00:00,0.0001561351
2025-09-19 00:00:00,0.0042841908
2025-09-19 01:00:00,-0.0019580643
2025-09-19 02:00:00,-0.0045729159
2025-09-19 03:00:00,-0.0063606477
2025-09-19 04:00:00,0.0007083756
2025-09-19 05:00:00,-0.0004361163
2025-09-19 06:00:00,-0.0069576144
2025-09-19 07:00:00,0.0039784157
2025-09-19 08:00:00,-0.0014484598
2025-09-19 09:00:00,-0.0014241682
2025-09-19 10:00:00,0.000709041
2025-09-19 11:00:00,-0.0005375059
2025-09-19 12:00:00,0.0009033722
2025-09-19 13:00:00,0.000141696
2025-09-19 14:00:00,-0.0084145472
2025-09-19 15:00:00,0.0007440452
2025-09-19 16:00:00,-0.0001195414
2025-09-19 17:00:00,-0.0044998195
2025-09-19 18:00:00,0.0005235786
2025-09-19 19:00:00,-0.0039251697
2025-09-19 20:00:00,-0.0002142396
2025-09-19 21:00:00,0.0034089917
2025-09-19 22:00:00,-0.0009880797
2025-09-19 23:00:00,-0.0009790278
2025-09-20 00:00:00,0.0028342107
2025-09-20 01:00:00,-0.0018919209
2025-09-20 02:00:00,0.0007812266
2025-09-20 03:00:00,-0.0011854337
2025-09-20 04:00:00,0.0002138158
2025-09-20 05:00:00,0.0035746359
2025-09-20 06:00:00,0.0004326238
2025-09-20 07:00:00,0.0015259996
2025-09-20 08:00:00,-0.0077404336
2025-09-20 09:00:00,-0.0022019907
2025-09-20 10:00:00,0.0001409117
2025-09-20 11:00:00,0.0031485539
2025-09-20 12:00:00,-0.0011879169
2025-09-20 13:00:00,-0.0005124109
2025-09-20 14:00:00,-0.0007272033
2025-09-20 15:00:00,0.0025278538
2025-09-20 16:00:00,0.0008824061
2025-09-20 17:00:00,-0.0027668088
2025-09-20 18:00:00,-0.0028080812
2025-09-20 19:00:00,-0.000157916
2025-09-20 20:00:00,-0.0008235834
2025-09-20 21:00:00,0.0028208953
2025-09-20 22:00:00,0.0006704705
2025-09-20 23:00:00,-0.0023553343
2025-09-21 00:00:00,0.0046482953
2025-09-21 01:00:00,-0.003060687
2025-09-21 02:00:00,0.0033247928
2025-09-21 03:00:00,0.0024371772
2025-09-21 04:00:00,0.003212659
2025-09-21 05:00:00,-0.0003058399
2025-09-21 06:00:00,-0.0019336089
2025-09-21 07:00:00,-0.0010999304
2025-09-21 08:00:00,-0.0021934702
2025-09-21 09:00:00,-0.003706765
2025-09-21 10:00:00,-0.0037575961
2025-09-21 11:00:00,0.0024685641
2025-09-21 12:00:00,0.0013527691
2025-09-21 13:00:00,0.0022215493
2025-09-21 14:00:00,-0.003416457
2025-09-21 15:00:00,0.0013760331
2025-09-21 16:00:00,-0.0050670985
2025-09-21 17:00:00,0.0029250367
2025-09-21 18:00:00,0.0040251627
2025-09-21 19:00:00,-0.0010650912
2025-09-21 20:00:00,-0.0024627579
2025-09-21 21:00:00,1.00781e-05
2025-09-21 22:00:00,0.0052736977
2025-09-21 23:00:00,-0.0064299848
2025-09-22 00:00:00,-0.0187293198
2025-09-22 01:00:00,0.0002741087
2025-09-22 02:00:00,-0.0067891257
2025-09-22 03:00:00,0.0023840213
2025-09-22 04:00:00,-0.0031327839
2025-09-22 05:00:00,-0.0167285488
2025-09-22 06:00:00,-0.0080633946
2025-09-22 07:00:00,-0.0063860328
2025-09-22 08:00:00,0.0024967914
2025-09-22 09:00:00,-0.0042896443
2025-09-22 10:00:00,0.0053228142
2025-09-22 11:00:00,0.000184509
2025-09-22 12:00:00,0.0103241981
2025-09-22 13:00:00,0.0042818514
2025-09-22 14:00:00,0.0010169581
2025-09-22 15:00:00,-0.0004436999
2025-09-22 16:00:00,-0.0049499242
2025-09-22 17:00:00,0.0046143983
2025-09-22 18:00:00,-0.0089327064
2025-09-22 19:00:00,-0.000928035
2025-09-22 20:00:00,0.0033727915
2025-09-22 21:00:00,0.005501691
2025-09-22 22:00:00,-0.0035403478
2025-09-22 23:00:00,0.0023534498
2025-09-23 00:00:00,-0.0004485169
2025-09-23 01:00:00,-0.0098832157
2025-09-23 02:00:00,-0.0050104963
2025-09-23 03:00:00,0.0179836931
2025-09-23 04:00:00,-0.0012306489
2025-09-23 05:00:00,0.0031993321
2025-09-23 06:00:00,0.0022258032
2025-09-23 07:00:00,-0.0025920198
2025-09-23 08:00:00,0.0003766781
2025-09-23 09:00:00,-0.0027691031
2025-09-23 10:00:00,0.0021342489
2025-09-23 11:00:00,-0.0020538263
2025-09-23 12:00:00,0.0025456991
2025-09-23 13:00:00,-0.0021366933
2025-09-23 14:00:00,0.0015750317
2025-09-23 15:00:00,0.0043802603
2025-09-23 16:00:00,0.0037036951
2025-09-23 17:00:00,-0.0141707892
2025-09-23 18:00:00,-0.0004284174
2025-09-23 19:00:00,0.0030966237
2025-09-23 20:00:00,-4.2019e-05
2025-09-23 21:00:00,-0.0026472527
2025-09-23 22:00:00,-0.004384228
2025-09-23 23:00:00,-0.0037130964
2025-09-24 00:00:00,0.0012380529
2025-09-24 01:00:00,0.0046906717
2025-09-24 02:00:00,-0.0041782128
2025-09-24 03:00:00,-0.0053104837
2025-09-24 04:00:00,0.0091790151
2025-09-24 05:00:00,0.0059095978
2025-09-24 06:00:00,-0.0008050741
2025-09-24 07:00:00,0.0063703265
2025-09-24 08:00:00,0.0002191842
2025-09-24 09:00:00,-0.0001148048
2025-09-24 10:00:00,-0.0002505289
2025-09-24 11:00:00,0.0026100737
2025-09-24 12:00:00,-0.001312874
2025-09-24 13:00:00,0.0001146847
2025-09-24 14:00:00,0.014876869
2025-09-24 15:00:00,0.0069228277
2025-09-24 16:00:00,0.0020923068
2025-09-24 17:00:00,-0.0005498254
2025-09-24 18:00:00,0.0023973305
2025-09-24 19:00:00,0.008602588
2025-09-24 20:00:00,-0.00344092
2025-09-24 21:00:00,-0.0079257167
2025-09-24 22:00:00,-0.0003634554
2025-09-24 23:00:00,-0.0058196553
2025-09-25 00:00:00,-0.0046994596
2025-09-25 01:00:00,-0.005684543
2025-09-25 02:00:00,0.0032266989
2025-09-25 03:00:00,-0.0108416307
2025-09-25 04:00:00,-0.0098986995
2025-09-25 05:00:00,0.0069124941
2025-09-25 06:00:00,-0.0068070827
2025-09-25 07:00:00,-0.0010581323
2025-09-25 08:00:00,-0.0037211312
2025-09-25 09:00:00,-0.0015156737
2025-09-25 10:00:00,-0.0035810149
2025-09-25 11:00:00,-0.0008413251
2025-09-25 12:00:00,0.0045036582
2025-09-25 13:00:00,-0.0003606789
2025-09-25 14:00:00,0.0045977417
2025-09-25 15:00:00,-0.0026438535
2025-09-25 16:00:00,-0.0143988665
2025-09-25 17:00:00,-0.0197641682
2025-09-25 18:00:00,0.022756978
2025-09-25 19:00:00,-0.0143624004
2025-09-25 20:00:00,-0.0044176465
2025-09-25 21:00:00,0.0034066139
2025-09-25 22:00:00,-0.0009031835
2025-09-25 23:00:00,-0.0040143319
2025-09-26 00:00:00,0.0090891252
2025-09-26 01:00:00,0.0003285027
2025-09-26 02:00:00,-0.0038440931
2025-09-26 03:00:00,0.0007280037
2025-09-26 04:00:00,0.0008577121
2025-09-26 05:00:00,-0.003569588
2025-09-26 06:00:00,0.0010196288
2025-09-26 07:00:00,-0.00018498
2025-09-26 08:00:00,0.0013013873
2025-09-26 09:00:00,-0.0032148535
2025-09-26 10:00:00,-0.0146920139
2025-09-26 11:00:00,0.0064298264
2025-09-26 12:00:00,0.0094571716
2025-09-26 13:00:00,0.0028599773
2025-09-26 14:00:00,-0.020112516
2025-09-26 15:00:00,0.0106788269
2025-09-26 16:00:00,0.0101537371
2025-09-26 17:00:00,0.0109142878
2025-09-26 18:00:00,0.0035214699
2025-09-26 19:00:00,-0.0036860607
2025-09-26 20:00:00,-0.0051769439
2025-09-26 21:00:00,0.0024321603
2025-09-26 22:00:00,-0.0012279147
2025-09-26 23:00:00,0.000459747
2025-09-27 00:00:00,-0.0011497641
2025-09-27 01:00:00,-0.0027396045
2025-09-27 02:00:00,0.0018836094
2025-09-27 03:00:00,0.0021529772
2025-09-27 04:00:00,-0.0001364452
2025-09-27 05:00:00,0.0021629774
2025-09-27 06:00:00,0.002694479
2025-09-27 07:00:00,-0.0057376164
2025-09-27 08:00:00,-0.0041850559
2025-09-27 09:00:00,0.0042353716
2025-09-27 10:00:00,0.0026774546
2025-09-27 11:00:00,-0.0040944509
2025-09-27 12:00:00,0.0025663804
2025-09-27 13:00:00,-0.0011996999
2025-09-27 14:00:00,0.0004419731
2025-09-27 15:00:00,0.0005854034
2025-09-27 16:00:00,-0.0030096731
2025-09-27 17:00:00,0.0028193648
2025-09-27 18:00:00,0.0023923757
2025-09-27 19:00:00,-6.09041e-05
2025-09-27 20:00:00,0.0027906096
2025-09-27 21:00:00,-8.57489e-05
2025-09-27 22:00:00,0.007883094
2025-09-27 23:00:00,-0.0054635135
2025-09-28 00:00:00,-0.0013589551
2025-09-28 01:00:00,-0.0042062555
2025-09-28 02:00:00,-0.000652552
2025-09-28 03:00:00,-0.0014320865
2025-09-28 04:00:00,0.0017620012
2025-09-28 05:00:00,-0.0022434129
2025-09-28 06:00:00,0.0029530777
2025-09-28 07:00:00,-0.0009678495
2025-09-28 08:00:00,-9.32498e-05
2025-09-28 09:00:00,-0.0034707661
2025-09-28 10:00:00,0.0014134735
2025-09-28 11:00:00,-0.0021659827
2025-09-28 12:00:00,-0.0019252546
2025-09-28 13:00:00,0.0057754437
2025-09-28 14:00:00,0.0029700669
2025-09-28 15:00:00,0.0058497847
2025-09-28 16:00:00,0.0074021262
2025-09-28 17:00:00,-0.0028494782
2025-09-28 18:00:00,0.0023798379
2025-09-28 19:00:00,-0.0010672209
2025-09-28 20:00:00,0.0053001321
2025-09-28 21:00:00,-0.001073273
2025-09-28 22:00:00,0.0063664528
2025-09-28 23:00:00,0.0033006039
2025-09-29 00:00:00,-0.0014341623
2025-09-29 01:00:00,-0.0021463587
2025-09-29 02:00:00,0.0062931684
2025-09-29 03:00:00,-0.0041293502
2025-09-29 04:00:00,-0.0008978182
2025-09-29 05:00:00,-0.0005208943
2025-09-29 06:00:00,0.0027761354
2025-09-29 07:00:00,0.0064582283
2025-09-29 08:00:00,-0.0006030402
2025-09-29 09:00:00,-0.0048479088
2025-09-29 10:00:00,-0.0030773012
2025-09-29 11:00:00,-0.0019797762
2025-09-29 12:00:00,-0.0018749535
2025-09-29 13:00:00,0.0106768913
2025-09-29 14:00:00,0.0097636216
2025-09-29 15:00:00,-0.0049096129
2025-09-29 16:00:00,-0.0051351684
2025-09-29 17:00:00,0.0010201285
2025-09-29 18:00:00,-0.002003073
2025-09-29 19:00:00,0.0073538144
2025-09-29 20:00:00,0.0028796724
2025-09-29 21:00:00,-0.003987591
2025-09-29 22:00:00,-0.0024929865
2025-09-29 23:00:00,-0.002450629
2025-09-30 00:00:00,-0.0016498416
2025-09-30 01:00:00,0.0027667144
2025-09-30 02:00:00,-0.0007733537
2025-09-30 03:00:00,-0.0017639567
2025-09-30 04:00:00,0.0017535488
2025-09-30 05:00:00,0.0046830225
2025-09-30 06:00:00,0.0010491985
2025-09-30 07:00:00,-0.008323697
2025-09-30 08:00:00,-0.0064977214
2025-09-30 09:00:00,-0.0056877782
2025-09-30 10:00:00,0.000485777
2025-09-30 11:00:00,0.002355134
2025-09-30 12:00:00,0.0007580863
2025-09-30 13:00:00,-0.0013586458
2025-09-30 14:00:00,0.0009164986
2025-09-30 15:00:00,-0.0072000536
2025-09-30 16:00:00,-0.0014044772
2025-09-30 17:00:00,0.00084929
2025-09-30 18:00:00,0.0048025866
2025-09-30 19:00:00,0.0083433142
2025-09-30 20:00:00,0.0029142344
2025-09-30 21:00:00,-0.0069264618
2025-09-30 22:00:00,-0.0039333766
2025-09-30 23:00:00,0.0017016792
2025-10-01 00:00:00,-0.0030185994
2025-10-01 01:00:00,0.0074875164
2025-10-01 02:00:00,-0.0059278244
2025-10-01 03:00:00,-0.007840629
2025-10-01 04:00:00,0.0056852888
2025-10-01 05:00:00,0.0034737227
2025-10-01 06:00:00,-0.0045849025
2025-10-01 07:00:00,0.0076158563
2025-10-01 08:00:00,0.021748461
2025-10-01 09:00:00,0.008287246
2025-10-01 10:00:00,-0.0039439184
2025-10-01 11:00:00,0.0052313462
2025-10-01 12:00:00,-0.0026956439
2025-10-01 13:00:00,0.0003369278
2025-10-01 14:00:00,0.0021176618
2025-10-01 15:00:00,-0.0002037531
2025-10-01 16:00:00,-0.0016315213
2025-10-01 17:00:00,-0.0058956158
2025-10-01 18:00:00,0.0051469447
2025-10-01 19:00:00,0.0062714854
2025-10-01 20:00:00,-0.002503198
2025-10-01 21:00:00,-0.0063623402
2025-10-01 22:00:00,0.0007335619
2025-10-01 23:00:00,0.0061441566
2025-10-02 00:00:00,-0.001818571
2025-10-02 01:00:00,0.0092113898
2025-10-02 02:00:00,0.002036996
2025-10-02 03:00:00,-0.0014046126
2025-10-02 04:00:00,-0.0015951811
2025-10-02 05:00:00,-0.0008052873
2025-10-02 06:00:00,0.004932719
2025-10-02 07:00:00,-0.0035415633
2025-10-02 08:00:00,0.0067965172
2025-10-02 09:00:00,-0.0018672892
2025-10-02 10:00:00,0.0016934238
2025-10-02 11:00:00,-0.0057243137
2025-10-02 12:00:00,0.0051724253
2025-10-02 13:00:00,-0.0003781357
2025-10-02 14:00:00,-0.0096927815
2025-10-02 15:00:00,0.0117557305
2025-10-02 16:00:00,0.0174523228
2025-10-02 17:00:00,-0.0031625517
2025-10-02 18:00:00,0.0089586449
2025-10-02 19:00:00,0.0091636922
2025-10-02 20:00:00,-0.0109078217
2025-10-02 21:00:00,-0.005678015
2025-10-02 22:00:00,-0.0025643445
2025-10-02 23:00:00,0.0021730407
2025-10-03 00:00:00,-0.0063810699
2025-10-03 01:00:00,-0.0042058679
2025-10-03 02:00:00,0.005125615
2025-10-03 03:00:00,-0.000757572
2025-10-03 04:00:00,0.0031885095
2025-10-03 05:00:00,-0.0028113059
2025-10-03 06:00:00,0.0003009991
2025-10-03 07:00:00,0.0042012085
2025-10-03 08:00:00,0.0062934481
2025-10-03 09:00:00,-0.0040926409
2025-10-03 10:00:00,0.0015957607
2025-10-03 11:00:00,-0.0027004934
2025-10-03 12:00:00,-0.0048575241
2025-10-03 13:00:00,0.0010143446
2025-10-03 14:00:00,0.0059463817
2025-10-03 15:00:00,0.0084534894
2025-10-03 16:00:00,-0.0023627845
2025-10-03 17:00:00,-0.0113471275
2025-10-03 18:00:00,0.0058274667
2025-10-03 19:00:00,-0.0039712335
2025-10-03 20:00:00,0.0013627792
2025-10-03 21:00:00,0.002874174
2025-10-03 22:00:00,0.0002623699
2025-10-03 23:00:00,-0.0027813415
2025-10-04 00:00:00,0.0014458182
2025-10-04 01:00:00,-0.0064301701
2025-10-04 02:00:00,-0.0012135823
2025-10-04 03:00:00,0.00140524
2025-10-04 04:00:00,-0.0021135678
2025-10-04 05:00:00,0.0023448298
2025-10-04 06:00:00,0.0005052865
2025-10-04 07:00:00,-0.0029461433
2025-10-04 08:00:00,-0.0060083979
2025-10-04 09:00:00,-0.0012100264
2025-10-04 10:00:00,-0.0028157225
2025-10-04 11:00:00,0.0008258315
2025-10-04 12:00:00,-0.0020239976
2025-10-04 13:00:00,0.0026788283
2025-10-04 14:00:00,-0.008849645
2025-10-04 15:00:00,-0.0057277893
2025-10-04 16:00:00,-0.001112185
2025-10-04 17:00:00,0.0005223385
2025-10-04 18:00:00,-0.0014897241
2025-10-04 19:00:00,0.0020558478
2025-10-04 20:00:00,-0.0009256262
2025-10-04 21:00:00,0.0049538052
2025-10-04 22:00:00,0.0026327026
2025-10-04 23:00:00,-0.0001447702
2025-10-05 00:00:00,-0.0040620976
2025-10-05 01:00:00,0.0024952194
2025-10-05 02:00:00,0.0138846003
2025-10-05 03:00:00,0.0006549627
2025-10-05 04:00:00,0.0084229767
2025-10-05 05:00:00,0.0005172939
2025-10-05 06:00:00,-0.0006425391
2025-10-05 07:00:00,0.010035635
2025-10-05 08:00:00,-0.0054841634
2025-10-05 09:00:00,-0.0078199771
2025-10-05 10:00:00,-0.0026855166
2025-10-05 11:00:00,0.0022985318
2025-10-05 12:00:00,-0.0050577771
2025-10-05 13:00:00,-0.0008182789
2025-10-05 14:00:00,-0.002982734
2025-10-05 15:00:00,0.005721005
2025-10-05 16:00:00,-0.0031709654
2025-10-05 17:00:00,-0.0049827975
2025-10-05 18:00:00,-0.0044026715
2025-10-05 19:00:00,-0.0074274048
2025-10-05 20:00:00,0.0061529517
2025-10-05 21:00:00,0.0018019174
2025-10-05 22:00:00,-0.00294661
2025-10-05 23:00:00,0.0006701409
2025-10-06 00:00:00,-0.0021264665
2025-10-06 01:00:00,0.0054905819
2025-10-06 02:00:00,0.0001945773
2025-10-06 03:00:00,-0.0005267882
2025-10-06 04:00:00,-0.0033787053
2025-10-06 05:00:00,0.0017025462
2025-10-06 06:00:00,0.0055885639
2025-10-06 07:00:00,-0.005622183
2025-10-06 08:00:00,0.0049466451
2025-10-06 09:00:00,0.001277118
2025-10-06 10:00:00,0.0006613205
2025-10-06 11:00:00,0.0005040466
2025-10-06 12:00:00,0.0018804205
2025-10-06 13:00:00,0.002598091
2025-10-06 14:00:00,-0.0072020477
2025-10-06 15:00:00,0.0147120828
2025-10-06 16:00:00,0.0006823385
2025-10-06 17:00:00,0.001149363
2025-10-06 18:00:00,0.0027872292
2025-10-06 19:00:00,-0.0063714092
2025-10-06 20:00:00,-0.0055416301
2025-10-06 21:00:00,-0.0011200014
2025-10-06 22:00:00,-0.0017573059
2025-10-06 23:00:00,-0.0043532905
2025-10-07 00:00:00,0.0022491183
2025-10-07 01:00:00,-0.0020049127
2025-10-07 02:00:00,-0.0009102196
2025-10-07 03:00:00,0.0001606872
2025-10-07 04:00:00,0.0022970107
2025-10-07 05:00:00,-0.0003908214
2025-10-07 06:00:00,-0.0080844167
2025-10-07 07:00:00,0.001719633
2025-10-07 08:00:00,-0.002400226
2025-10-07 09:00:00,0.0024641084
2025-10-07 10:00:00,0.0016360155
2025-10-07 11:00:00,-0.0021000964
2025-10-07 12:00:00,0.0049357796
2025-10-07 13:00:00,-0.0104945538
2025-10-07 14:00:00,-0.0152589901
2025-10-07 15:00:00,-0.0087894762
2025-10-07 16:00:00,0.0016962945
2025-10-07 17:00:00,-0.0041419408
2025-10-07 18:00:00,-0.0063798237
2025-10-07 19:00:00,-0.0008637557
2025-10-07 20:00:00,0.0053314665
2025-10-07 21:00:00,0.0002052927
2025-10-07 22:00:00,-0.0021140957
2025-10-07 23:00:00,-0.0052505487
2025-10-08 00:00:00,0.0063412418
2025-10-08 01:00:00,0.0007659101
2025-10-08 02:00:00,-0.0010097318
2025-10-08 03:00:00,-0.007872473
2025-10-08 04:00:00,0.0054449487
2025-10-08 05:00:00,-0.0024334315
2025-10-08 06:00:00,0.0021889575
2025-10-08 07:00:00,-0.0013386813
2025-10-08 08:00:00,0.0037842204
2025-10-08 09:00:00,-0.0002543922
2025-10-08 10:00:00,0.0032569012
2025-10-08 11:00:00,-0.0003683049
2025-10-08 12:00:00,-0.0007057176
2025-10-08 13:00:00,-0.0002956455
2025-10-08 14:00:00,-0.0040190024
2025-10-08 15:00:00,0.0012530958
2025-10-08 16:00:00,0.0062177663
2025-10-08 17:00:00,0.0130703707
2025-10-08 18:00:00,-0.0048397011
2025-10-08 19:00:00,0.0004400047
2025-10-08 20:00:00,-0.0057144785
2025-10-08 21:00:00,0.0015093404
2025-10-08 22:00:00,-0.0006283272
2025-10-08 23:00:00,-0.0053845578
2025-10-09 00:00:00,-0.004572749
2025-10-09 01:00:00,-0.0025250025
2025-10-09 02:00:00,-0.0100900731
2025-10-09 03:00:00,0.0049997726
2025-10-09 04:00:00,0.0006008254
2025-10-09 05:00:00,-0.0044179868
2025-10-09 06:00:00,-0.0034706059
2025-10-09 07:00:00,-0.0023003386
2025-10-09 08:00:00,-0.0105268824
2025-10-09 09:00:00,0.0074989678
2025-10-09 10:00:00,0.0007685083
2025-10-09 11:00:00,0.0056814103
2025-10-09 12:00:00,0.0014347458
2025-10-09 13:00:00,-0.0055844602
2025-10-09 14:00:00,-0.0007566702
2025-10-09 15:00:00,-0.003421034
2025-10-09 16:00:00,-0.0085555853
2025-10-09 17:00:00,0.009767279
2025-10-09 18:00:00,-0.0074752738
2025-10-09 19:00:00,0.0009827306
2025-10-09 20:00:00,0.0025205524
2025-10-09 21:00:00,0.0010221624
2025-10-09 22:00:00,0.0061146805
2025-10-09 23:00:00,-0.0046511629
2025-10-10 00:00:00,0.0027854675
2025-10-10 01:00:00,-5.6914e-05
2025-10-10 02:00:00,-0.004724466
2025-10-10 03:00:00,0.0059687203
2025-10-10 04:00:00,0.0003587686
2025-10-10 05:00:00,0.0042492405
2025-10-10 06:00:00,-0.0037273022
2025-10-10 07:00:00,-0.0046644846
2025-10-10 08:00:00,0.0062924592
2025-10-10 09:00:00,-0.0024696014
2025-10-10 10:00:00,0.0018279497
2025-10-10 11:00:00,9.21963e-05
2025-10-10 12:00:00,-0.0001666687
2025-10-10 13:00:00,0.0027305729
2025-10-10 14:00:00,-0.0094630476
2025-10-10 15:00:00,-0.0208418666
2025-10-10 16:00:00,-0.0045197941
2025-10-10 17:00:00,-0.0025227075
2025-10-10 18:00:00,-0.0055997805
2025-10-10 19:00:00,-0.0116679812
2025-10-10 20:00:00,-0.0709007614
2025-10-10 21:00:00,-0.022173354
2025-10-10 22:00:00,-0.0329021597
2025-10-10 23:00:00,0.0058128892
2025-10-11 00:00:00,0.0074572563
2025-10-11 01:00:00,-0.0222927118
2025-10-11 02:00:00,0.0417853281
2025-10-11 03:00:00,-0.0158493057
2025-10-11 04:00:00,0.0180527978
2025-10-11 05:00:00,-0.0157975175
2025-10-11 06:00:00,0.0088634941
2025-10-11 07:00:00,-0.0049765627
2025-10-11 08:00:00,0.0294704066
2025-10-11 09:00:00,-0.0062100229
2025-10-11 10:00:00,0.0033275616
2025-10-11 11:00:00,-0.0006371944
2025-10-11 12:00:00,-0.012037483
2025-10-11 13:00:00,0.0014321126
2025-10-11 14:00:00,0.0031914055
2025-10-11 15:00:00,0.0083010868
2025-10-11 16:00:00,-0.0011009553
2025-10-11 17:00:00,0.0017577248
2025-10-11 18:00:00,-0.0040077626
2025-10-11 19:00:00,-0.0248540868
2025-10-11 20:00:00,-0.0235034508
2025-10-11 21:00:00,0.01358724
2025-10-11 22:00:00,0.0045411612
2025-10-11 23:00:00,-0.0060958208
2025-10-12 00:00:00,-0.0169555442
2025-10-12 01:00:00,-0.0060367048
2025-10-12 02:00:00,-0.0009531129
2025-10-12 03:00:00,0.0067295927
2025-10-12 04:00:00,0.0087971937
2025-10-12 05:00:00,0.004616042
2025-10-12 06:00:00,0.0068007352
2025-10-12 07:00:00,0.0001505105
2025-10-12 08:00:00,-0.0031864563
2025-10-12 09:00:00,0.0073166421
2025-10-12 10:00:00,-0.0051884202
2025-10-12 11:00:00,0.0036885074
2025-10-12 12:00:00,0.003974014
2025-10-12 13:00:00,-0.0130589122
2025-10-12 14:00:00,0.0265232957
2025-10-12 15:00:00,0.0196858827
2025-10-12 16:00:00,0.0124450877
2025-10-12 17:00:00,0.0038019547
2025-10-12 18:00:00,-0.0059906652
2025-10-12 19:00:00,0.01401822
2025-10-12 20:00:00,0.0043158075
2025-10-12 21:00:00,-0.0061840646
2025-10-12 22:00:00,-0.0042952906
2025-10-12 23:00:00,-0.0014134836
2025-10-13 00:00:00,0.0003357846
2025-10-13 01:00:00,0.0081348913
2025-10-13 02:00:00,0.0031995897
2025-10-13 03:00:00,-0.0031643306
2025-10-13 04:00:00,0.0105646243
2025-10-13 05:00:00,-0.010999573
2025-10-13 06:00:00,0.0215573217
2025-10-13 07:00:00,0.0063204351
2025-10-13 08:00:00,0.0045634396
2025-10-13 09:00:00,-0.0044529106
2025-10-13 10:00:00,-0.0080740029
2025-10-13 11:00:00,-0.0120167878
2025-10-13 12:00:00,-0.0002333359
2025-10-13 13:00:00,0.0135785837
2025-10-13 14:00:00,-0.0182137894
2025-10-13 15:00:00,0.0118086681
2025-10-13 16:00:00,0.0021100594
2025-10-13 17:00:00,0.0116044938
2025-10-13 18:00:00,-0.0045850888
2025-10-13 19:00:00,0.0052247939
2025-10-13 20:00:00,0.0073575756
2025-10-13 21:00:00,-0.0106785901
2025-10-13 22:00:00,-0.0031136824
2025-10-13 23:00:00,-0.0013302845
2025-10-14 00:00:00,0.0010390767
2025-10-14 01:00:00,-0.0077751047
2025-10-14 02:00:00,-0.0048937149
2025-10-14 03:00:00,-0.0054600605
2025-10-14 04:00:00,-0.0135268598
2025-10-14 05:00:00,-0.0084848272
2025-10-14 06:00:00,-0.0156072253
2025-10-14 07:00:00,-0.0057418526
2025-10-14 08:00:00,0.004866249
2025-10-14 09:00:00,-0.0005476418
2025-10-14 10:00:00,-0.0089343079
2025-10-14 11:00:00,0.0045219649
2025-10-14 12:00:00,-0.0133096243
2025-10-14 13:00:00,0.0048002235
2025-10-14 14:00:00,0.0057831467
2025-10-14 15:00:00,0.0208765549
2025-10-14 16:00:00,0.0022787431
2025-10-14 17:00:00,0.0011294498
2025-10-14 18:00:00,-0.0014289879
2025-10-14 19:00:00,-0.0073004584
2025-10-14 20:00:00,0.0023591315
2025-10-14 21:00:00,0.0020411567
2025-10-14 22:00:00,0.001205092
2025-10-14 23:00:00,0.0022900728
2025-10-15 00:00:00,0.0006105993
2025-10-15 01:00:00,-0.0022646809
2025-10-15 02:00:00,0.0045560892
2025-10-15 03:00:00,-0.0090285944
2025-10-15 04:00:00,0.0036884581
2025-10-15 05:00:00,0.0008640173
2025-10-15 06:00:00,0.0007633939
2025-10-15 07:00:00,0.0022229105
2025-10-15 08:00:00,0.0045897912
2025-10-15 09:00:00,-0.0068806241
2025-10-15 10:00:00,-0.0014834573
2025-10-15 11:00:00,-0.0017461797
2025-10-15 12:00:00,0.0036171325
2025-10-15 13:00:00,-0.0073278609
2025-10-15 14:00:00,-0.0076130148
2025-10-15 15:00:00,-0.0128815548
2025-10-15 16:00:00,-0.0006778366
2025-10-15 17:00:00,0.0005998061
2025-10-15 18:00:00,0.0029731719
2025-10-15 19:00:00,-0.0144937844
2025-10-15 20:00:00,-0.0035626921
2025-10-15 21:00:00,0.0001125687
2025-10-15 22:00:00,0.0028350508
2025-10-15 23:00:00,0.002756561
2025-10-16 00:00:00,-0.0015475544
2025-10-16 01:00:00,0.0066915902
2025-10-16 02:00:00,0.001607247
2025-10-16 03:00:00,-0.0040477783
2025-10-16 04:00:00,-0.0024672257
2025-10-16 05:00:00,-0.0022115962
2025-10-16 06:00:00,0.0090148072
2025-10-16 07:00:00,-0.0073753503
2025-10-16 08:00:00,-0.0066408103
2025-10-16 09:00:00,0.0119144624
2025-10-16 10:00:00,0.0108890722
2025-10-16 11:00:00,0.0011663806
2025-10-16 12:00:00,0.0003912076
2025-10-16 13:00:00,-0.0058391642
2025-10-16 14:00:00,-0.014193768
2025-10-16 15:00:00,-0.0206164295
2025-10-16 16:00:00,0.017656622
2025-10-16 17:00:00,-0.0128055724
2025-10-16 18:00:00,-0.006834642
2025-10-16 19:00:00,-0.0104026479
2025-10-16 20:00:00,-0.014575297
2025-10-16 21:00:00,0.012347387
2025-10-16 22:00:00,-0.0091658243
2025-10-16 23:00:00,0.0115741583
2025-10-17 00:00:00,0.0047352124
2025-10-17 01:00:00,0.0074493872
2025-10-17 02:00:00,0.0007592805
2025-10-17 03:00:00,0.0003137242
2025-10-17 04:00:00,-0.0037414179
2025-10-17 05:00:00,-0.0074050687
2025-10-17 06:00:00,-0.0171807556
2025-10-17 07:00:00,-0.0237978821
2025-10-17 08:00:00,-0.0106716166
2025-10-17 09:00:00,0.0045663208
2025-10-17 10:00:00,0.0004941089
2025-10-17 11:00:00,0.0249950927
2025-10-17 12:00:00,0.0048630216
2025-10-17 13:00:00,-0.0038999003
2025-10-17 14:00:00,-0.010597052
2025-10-17 15:00:00,0.0176693962
2025-10-17 16:00:00,-0.0043630733
2025-10-17 17:00:00,0.0008026313
2025-10-17 18:00:00,0.0051710943
2025-10-17 19:00:00,-0.0024582629
2025-10-17 20:00:00,0.0050143465
2025-10-17 21:00:00,0.0106176797
2025-10-17 22:00:00,-0.0075115303
2025-10-17 23:00:00,-0.0105107114
2025-10-18 00:00:00,0.0072531122
2025-10-18 01:00:00,0.0102381303
2025-10-18 02:00:00,-0.0046023677
2025-10-18 03:00:00,0.0067759653
2025-10-18 04:00:00,-0.0087703103
2025-10-18 05:00:00,0.0059282806
2025-10-18 06:00:00,0.0078387573
2025-10-18 07:00:00,0.0012622803
2025-10-18 08:00:00,-0.0020153068
2025-10-18 09:00:00,0.0035728965
2025-10-18 10:00:00,0.0016737186
2025-10-18 11:00:00,0.0075203705
2025-10-18 12:00:00,-0.0016106618
2025-10-18 13:00:00,-0.0051098559
2025-10-18 14:00:00,-0.0007998528
2025-10-18 15:00:00,-0.0053359949
2025-10-18 16:00:00,-0.0012862505
2025-10-18 17:00:00,0.0096827692
2025-10-18 18:00:00,-0.0027218837
2025-10-18 19:00:00,0.0021519159
2025-10-18 20:00:00,-0.0033673199
2025-10-18 21:00:00,0.0018965698
2025-10-18 22:00:00,-0.0006853981
2025-10-18 23:00:00,-0.001054399
2025-10-19 00:00:00,-0.0058170208
2025-10-19 01:00:00,0.0014053021
2025-10-19 02:00:00,-0.0026632309
2025-10-19 03:00:00,0.0108385814
2025-10-19 04:00:00,-0.0051203172
2025-10-19 05:00:00,-0.0014817365
2025-10-19 06:00:00,-0.0015690413
2025-10-19 07:00:00,-0.0004682126
2025-10-19 08:00:00,-0.0068352674
2025-10-19 09:00:00,0.0131504078
2025-10-19 10:00:00,0.0093734106
2025-10-19 11:00:00,-0.0043767974
2025-10-19 12:00:00,-0.0018159799
2025-10-19 13:00:00,0.0134215584
2025-10-19 14:00:00,0.0043222618
2025-10-19 15:00:00,-0.0049924096
2025-10-19 16:00:00,-0.0003748126
2025-10-19 17:00:00,-0.0013630028
2025-10-19 18:00:00,0.0053081419
2025-10-19 19:00:00,-0.0041117676
2025-10-19 20:00:00,0.0028496863
2025-10-19 21:00:00,-0.0040418896
2025-10-19 22:00:00,0.0024786877
2025-10-19 23:00:00,-0.0049928048
2025-10-20 00:00:00,-0.0043792723
2025-10-20 01:00:00,-0.0033234222
2025-10-20 02:00:00,0.0060286828
2025-10-20 03:00:00,0.0197946608
2025-10-20 04:00:00,0.0048298091
2025-10-20 05:00:00,0.0042166968
2025-10-20 06:00:00,0.0049686518
2025-10-20 07:00:00,0.0007124208
2025-10-20 08:00:00,0.0007119137
2025-10-20 09:00:00,0.0004648972
2025-10-20 10:00:00,-0.0029831376
2025-10-20 11:00:00,-0.0037445318
2025-10-20 12:00:00,-0.0015922176
2025-10-20 13:00:00,0.0029828235
2025-10-20 14:00:00,0.0040752744
2025-10-20 15:00:00,-0.0031736344
2025-10-20 16:00:00,-0.0072237192
2025-10-20 17:00:00,0.0054846944
2025-10-20 18:00:00,0.0069057186
2025-10-20 19:00:00,0.0207481049
2025-10-20 20:00:00,0.0016639893
2025-10-20 21:00:00,-0.0158425776
2025-10-20 22:00:00,0.0025725497
2025-10-20 23:00:00,-0.00122935
2025-10-21 00:00:00,-0.003729318
2025-10-21 01:00:00,-0.0071116936
2025-10-21 02:00:00,-0.0074278447
2025-10-21 03:00:00,0.0010074335
2025-10-21 04:00:00,-0.0117895187
2025-10-21 05:00:00,3.7124e-05
2025-10-21 06:00:00,0.0031916345
2025-10-21 07:00:00,-0.0017572274
2025-10-21 08:00:00,-0.0062804155
2025-10-21 09:00:00,-0.0013147828
2025-10-21 10:00:00,0.0033809292
2025-10-21 11:00:00,0.0062839348
2025-10-21 12:00:00,-0.0032978532
2025-10-21 13:00:00,-0.0047165512
2025-10-21 14:00:00,0.030084361
2025-10-21 15:00:00,0.014311193
2025-10-21 16:00:00,-0.0142066612
2025-10-21 17:00:00,0.0026257904
2025-10-21 18:00:00,-0.0032129187
2025-10-21 19:00:00,0.0033291933
2025-10-21 20:00:00,-0.0068834416
2025-10-21 21:00:00,0.0005125587
2025-10-21 22:00:00,-0.0143168143
2025-10-21 23:00:00,-0.008145496
2025-10-22 00:00:00,-0.0040273284
2025-10-22 01:00:00,0.0051161365
2025-10-22 02:00:00,-0.0004658977
2025-10-22 03:00:00,-0.0013948673
2025-10-22 04:00:00,0.0067457838
2025-10-22 05:00:00,-0.0127518576
2025-10-22 06:00:00,-0.0007439472
2025-10-22 07:00:00,0.002313148
2025-10-22 08:00:00,-0.0045524829
2025-10-22 09:00:00,-0.0057838173
2025-10-22 10:00:00,-0.0012077853
2025-10-22 11:00:00,0.0061536854
2025-10-22 12:00:00,0.0015335637
2025-10-22 13:00:00,0.0034792909
2025-10-22 14:00:00,-4.1496e-06
2025-10-22 15:00:00,-0.0039249651
2025-10-22 16:00:00,-0.0022438086
2025-10-22 17:00:00,-0.0066525037
2025-10-22 18:00:00,-0.0006643261
2025-10-22 19:00:00,0.0003910808
2025-10-22 20:00:00,-0.0061826476
2025-10-22 21:00:00,-0.0097861616
2025-10-22 22:00:00,-0.00172311
2025-10-22 23:00:00,0.011911081
2025-10-23 00:00:00,0.0010017055
2025-10-23 01:00:00,0.001549187
2025-10-23 02:00:00,0.0020436161
2025-10-23 03:00:00,0.0015562438
2025-10-23 04:00:00,0.0027155168
2025-10-23 05:00:00,0.0039947933
2025-10-23 06:00:00,0.0094732696
2025-10-23 07:00:00,-0.0041438985
2025-10-23 08:00:00,0.0027658864
2025-10-23 09:00:00,-0.0014545578
2025-10-23 10:00:00,-7.46498e-05
2025-10-23 11:00:00,-0.0084129655
2025-10-23 12:00:00,-0.0004643545
2025-10-23 13:00:00,0.0035337054
2025-10-23 14:00:00,0.0020451736
2025-10-23 15:00:00,0.0023606972
2025-10-23 16:00:00,0.0007262059
2025-10-23 17:00:00,0.0045609453
2025-10-23 18:00:00,-0.0075396664
2025-10-23 19:00:00,0.0018912909
2025-10-23 20:00:00,-0.0093079814
2025-10-23 21:00:00,0.00031851
2025-10-23 22:00:00,0.0045069227
2025-10-23 23:00:00,-0.000947359
2025-10-24 00:00:00,0.0012893563
2025-10-24 01:00:00,-0.0002001793
2025-10-24 02:00:00,0.0030899696
2025-10-24 03:00:00,0.0012632193
2025-10-24 04:00:00,0.0090245075
2025-10-24 05:00:00,0.0054094341
2025-10-24 06:00:00,0.0014561164
2025-10-24 07:00:00,-0.0025168159
2025-10-24 08:00:00,0.0043829414
2025-10-24 09:00:00,0.0017486263
2025-10-24 10:00:00,-0.0025485513
2025-10-24 11:00:00,0.0021412193
2025-10-24 12:00:00,0.0108796924
2025-10-24 13:00:00,0.013362675
2025-10-24 14:00:00,-0.0160220203
2025-10-24 15:00:00,0.001800573
2025-10-24 16:00:00,0.0002702098
2025-10-24 17:00:00,-0.0019818892
2025-10-24 18:00:00,0.0068332213
2025-10-24 19:00:00,0.0031211899
2025-10-24 20:00:00,0.0057520253
2025-10-24 21:00:00,-0.0027123332
2025-10-24 22:00:00,0.0014626266
2025-10-24 23:00:00,-0.0001075318
2025-10-25 00:00:00,0.005829832
2025-10-25 01:00:00,0.0084106178
2025-10-25 02:00:00,-7.8531e-06
2025-10-25 03:00:00,-0.0020203059
2025-10-25 04:00:00,0.0073853147
2025-10-25 05:00:00,-0.0013522441
2025-10-25 06:00:00,-0.0073598869
2025-10-25 07:00:00,0.0020229856
2025-10-25 08:00:00,0.000915688
2025-10-25 09:00:00,-0.00237151
2025-10-25 10:00:00,0.004074894
2025-10-25 11:00:00,0.0058221425
2025-10-25 12:00:00,0.005559717
2025-10-25 13:00:00,0.0073010507
2025-10-25 14:00:00,0.0058027019
2025-10-25 15:00:00,-0.0055756413
2025-10-25 16:00:00,-0.0035889656
2025-10-25 17:00:00,0.0038313632
2025-10-25 18:00:00,0.0163769824
2025-10-25 19:00:00,-0.0143439263
2025-10-25 20:00:00,-0.0014330861
2025-10-25 21:00:00,-0.0011772039
2025-10-25 22:00:00,0.0014040219
2025-10-25 23:00:00,-0.0019969956
2025-10-26 00:00:00,0.0086135357
2025-10-26 01:00:00,-0.0002215026
2025-10-26 02:00:00,-0.0079376452
2025-10-26 03:00:00,0.001327324
2025-10-26 04:00:00,0.0040250459
2025-10-26 05:00:00,0.0012246321
2025-10-26 06:00:00,0.0046133235
2025-10-26 07:00:00,-0.0007274071
2025-10-26 08:00:00,0.0033242334
2025-10-26 09:00:00,0.005218839
2025-10-26 10:00:00,-0.006491696
2025-10-26 11:00:00,0.0064274783
2025-10-26 12:00:00,-0.0031593092
2025-10-26 13:00:00,0.001276276
2025-10-26 14:00:00,-0.0014657733
2025-10-26 15:00:00,0.0011175154
2025-10-26 16:00:00,-0.0055353847
2025-10-26 17:00:00,-0.0015049313
2025-10-26 18:00:00,-0.0010681602
2025-10-26 19:00:00,-0.0020976744
2025-10-26 20:00:00,-0.0012859966
2025-10-26 21:00:00,0.0030515459
2025-10-26 22:00:00,0.0124382639
2025-10-26 23:00:00,-0.0020761854
2025-10-27 00:00:00,0.0008914003
2025-10-27 01:00:00,0.0038811587
2025-10-27 02:00:00,-0.0050597893
2025-10-27 03:00:00,-0.003878117
2025-10-27 04:00:00,0.0042484776
2025-10-27 05:00:00,5.28975e-05
2025-10-27 06:00:00,0.0014309476
2025-10-27 07:00:00,-0.0079317997
2025-10-27 08:00:00,-0.0019185169
2025-10-27 09:00:00,-0.0044067065
2025-10-27 10:00:00,0.0043533618
2025-10-27 11:00:00,0.0005371275
2025-10-27 12:00:00,0.0019898081
2025-10-27 13:00:00,-0.0018298684
2025-10-27 14:00:00,0.0007041919
2025-10-27 15:00:00,0.012174218
2025-10-27 16:00:00,0.0095809071
2025-10-27 17:00:00,0.0022017184
2025-10-27 18:00:00,-0.0008957227
2025-10-27 19:00:00,-0.0072697195
2025-10-27 20:00:00,-0.0163204505
2025-10-27 21:00:00,0.0029499668
2025-10-27 22:00:00,0.0022635896
2025-10-27 23:00:00,-0.0024116407
2025-10-28 00:00:00,0.0018623286
2025-10-28 01:00:00,0.0006970067
2025-10-28 02:00:00,-0.0052927252
2025-10-28 03:00:00,0.0019206164
2025-10-28 04:00:00,0.0005052126
2025-10-28 05:00:00,-0.005223972
2025-10-28 06:00:00,0.0108627181
2025-10-28 07:00:00,-0.0035635961
2025-10-28 08:00:00,0.0064369879
2025-10-28 09:00:00,0.0042759194
2025-10-28 10:00:00,-0.0033650971
2025-10-28 11:00:00,-0.0063175266
2025-10-28 12:00:00,0.0081629721
2025-10-28 13:00:00,0.0003529151
2025-10-28 14:00:00,-0.0125369691
2025-10-28 15:00:00,0.001796311
2025-10-28 16:00:00,0.0049619816
2025-10-28 17:00:00,0.0042083751
2025-10-28 18:00:00,0.0046024864
2025-10-28 19:00:00,-0.0115707876
2025-10-28 20:00:00,-0.0177537311
2025-10-28 21:00:00,0.0010977182
2025-10-28 22:00:00,0.0051068124
2025-10-28 23:00:00,-0.0025501462
2025-10-29 00:00:00,0.00222455
2025-10-29 01:00:00,0.0035108421
2025-10-29 02:00:00,-0.0017347583
2025-10-29 03:00:00,-0.0021477762
2025-10-29 04:00:00,0.0038748989
2025-10-29 05:00:00,6.87175e-05
2025-10-29 06:00:00,0.0047491373
2025-10-29 07:00:00,0.001093635
2025-10-29 08:00:00,-0.0025765081
2025-10-29 09:00:00,0.0075510965
2025-10-29 10:00:00,-0.0021548881
2025-10-29 11:00:00,0.0029891321
2025-10-29 12:00:00,0.0026001839
2025-10-29 13:00:00,-0.0083331139
2025-10-29 14:00:00,0.002062341
2025-10-29 15:00:00,-0.0052209526
2025-10-29 16:00:00,0.0002550355
2025-10-29 17:00:00,0.0118800392
2025-10-29 18:00:00,-0.0190035695
2025-10-29 19:00:00,-0.0081171245
2025-10-29 20:00:00,0.0006065371
2025-10-29 21:00:00,0.0055998174
2025-10-29 22:00:00,-0.0037245854
2025-10-29 23:00:00,-0.0169775972
2025-10-30 00:00:00,0.004799399
2025-10-30 01:00:00,0.0064062266
2025-10-30 02:00:00,0.0022075663
2025-10-30 03:00:00,-0.0027893156
2025-10-30 04:00:00,-0.0272606164
2025-10-30 05:00:00,0.0200421114
2025-10-30 06:00:00,0.0031328603
2025-10-30 07:00:00,0.0064144848
2025-10-30 08:00:00,-0.0016462886
2025-10-30 09:00:00,-0.0094105144
2025-10-30 10:00:00,-0.0018919925
2025-10-30 11:00:00,-0.0023002774
2025-10-30 12:00:00,-0.0172468982
2025-10-30 13:00:00,-0.0140846832
2025-10-30 14:00:00,0.0029476808
2025-10-30 15:00:00,-0.0079477929
2025-10-30 16:00:00,0.0036529498
2025-10-30 17:00:00,-0.0041828807
2025-10-30 18:00:00,-0.0121675066
2025-10-30 19:00:00,-0.0150748369
2025-10-30 20:00:00,0.0163864856
2025-10-30 21:00:00,-0.0002349803
2025-10-30 22:00:00,0.0048820008
2025-10-30 23:00:00,0.0006849442
2025-10-31 00:00:00,0.007906374
2025-10-31 01:00:00,0.0091592195
2025-10-31 02:00:00,-0.0081265396
2025-10-31 03:00:00,0.0039136771
2025-10-31 04:00:00,0.0084762836
2025-10-31 05:00:00,-0.0033569288
2025-10-31 06:00:00,-0.0011040153
2025-10-31 07:00:00,-0.0021026089
2025-10-31 08:00:00,0.0057565071
2025-10-31 09:00:00,-0.0014832892
2025-10-31 10:00:00,0.0047596205
2025-10-31 11:00:00,0.0063097987
2025-10-31 12:00:00,-0.0039025101
2025-10-31 13:00:00,0.0013370987
2025-10-31 14:00:00,-8.77546e-05
2025-10-31 15:00:00,0.0072298331
2025-10-31 16:00:00,-0.0126817048
2025-10-31 17:00:00,0.0047934664
2025-10-31 18:00:00,0.0062235333
2025-10-31 19:00:00,0.0087640003
2025-10-31 20:00:00,-0.0132526719
2025-10-31 21:00:00,0.0037108598
2025-10-31 22:00:00,-0.0050346662
2025-10-31 23:00:00,0.000809644
2025-11-01 00:00:00,-0.003566547
2025-11-01 01:00:00,-0.0005042562
2025-11-01 02:00:00,0.0020554499
2025-11-01 03:00:00,0.0046312432
2025-11-01 04:00:00,0.0006399898
2025-11-01 05:00:00,-0.0041493175
2025-11-01 06:00:00,-0.0010819682
2025-11-01 07:00:00,0.0006229734
2025-11-01 08:00:00,0.0025358056
2025-11-01 09:00:00,-0.0037941322
2025-11-01 10:00:00,0.0020045849
2025-11-01 11:00:00,-0.0029843792
2025-11-01 12:00:00,-0.0035151534
2025-11-01 13:00:00,-0.0008515869
2025-11-01 14:00:00,-0.0021482545
2025-11-01 15:00:00,0.0070789937
2025-11-01 16:00:00,0.0031341918
2025-11-01 17:00:00,-0.0016557055
2025-11-01 18:00:00,0.0002874515
2025-11-01 19:00:00,-0.0003473477
2025-11-01 20:00:00,0.0010656153
2025-11-01 21:00:00,-0.0059612576
2025-11-01 22:00:00,0.0039528038
2025-11-01 23:00:00,0.0009588111
2025-11-02 00:00:00,-0.0014185675
2025-11-02 01:00:00,-0.0016728971
2025-11-02 02:00:00,0.0057075341
2025-11-02 03:00:00,-0.0019494388
2025-11-02 04:00:00,0.0074938879
2025-11-02 05:00:00,-0.0018513495
2025-11-02 06:00:00,0.0006703703
2025-11-02 07:00:00,0.005208788
2025-11-02 08:00:00,-0.0033824265
2025-11-02 09:00:00,-0.0024213423
2025-11-02 10:00:00,-0.0022283711
2025-11-02 11:00:00,0.0104985141
2025-11-02 12:00:00,-0.0013585113
2025-11-02 13:00:00,-0.0044744571
2025-11-02 14:00:00,-0.0039937312
2025-11-02 15:00:00,-0.0065465247
2025-11-02 16:00:00,0.0020618729
2025-11-02 17:00:00,-0.0018658921
2025-11-02 18:00:00,-0.0024425023
2025-11-02 19:00:00,-0.0024243701
2025-11-02 20:00:00,0.0036543752
2025-11-02 21:00:00,0.0053949173
2025-11-02 22:00:00,-0.0054910195
2025-11-02 23:00:00,0.0120604717
2025-11-03 00:00:00,-0.0099723289
2025-11-03 01:00:00,-0.0042047323
2025-11-03 02:00:00,-0.0126034697
2025-11-03 03:00:00,-0.0128672532
2025-11-03 04:00:00,0.0071166795
2025-11-03 05:00:00,-0.0064582622
2025-11-03 06:00:00,-0.0094028579
2025-11-03 07:00:00,0.0025050404
2025-11-03 08:00:00,-0.0016084772
2025-11-03 09:00:00,-0.0045117142
2025-11-03 10:00:00,-0.0051645367
2025-11-03 11:00:00,0.0061434567
2025-11-03 12:00:00,0.0002206453
2025-11-03 13:00:00,0.0035029799
2025-11-03 14:00:00,0.0063718845
2025-11-03 15:00:00,-0.0415495775
2025-11-03 16:00:00,0.0196264503
2025-11-03 17:00:00,0.0032514472
2025-11-03 18:00:00,-0.0144406536
2025-11-03 19:00:00,-0.0101143318
2025-11-03 20:00:00,-0.0160829506
2025-11-03 21:00:00,0.0106280542
2025-11-03 22:00:00,-0.0046975629
2025-11-03 23:00:00,0.0037407556
2025-11-04 00:00:00,0.0121579951
2025-11-04 01:00:00,0.0021885401
2025-11-04 02:00:00,-0.0011877146
2025-11-04 03:00:00,0.0077289845
2025-11-04 04:00:00,-0.0083019843
2025-11-04 05:00:00,-0.0383317632
2025-11-04 06:00:00,0.0108301276
2025-11-04 07:00:00,-0.0138703268
2025-11-04 08:00:00,0.0087616294
2025-11-04 09:00:00,0.0005787382
2025-11-04 10:00:00,0.0004415596
2025-11-04 11:00:00,0.0066088743
2025-11-04 12:00:00,-0.0071078509
2025-11-04 13:00:00,-0.0009765949
2025-11-04 14:00:00,0.0184332172
2025-11-04 15:00:00,-0.0096736258
2025-11-04 16:00:00,-0.0189534683
2025-11-04 17:00:00,-0.004184865
2025-11-04 18:00:00,-0.0088976775
2025-11-04 19:00:00,-0.0190644686
2025-11-04 20:00:00,-0.0051282282
2025-11-04 21:00:00,-0.0013639339
2025-11-04 22:00:00,0.0285253127
2025-11-04 23:00:00,-0.0052202668
2025-11-05 00:00:00,-0.014003298
2025-11-05 01:00:00,-0.0018092053
2025-11-05 02:00:00,0.0254041994
2025-11-05 03:00:00,0.0045894255
2025-11-05 04:00:00,0.0037624651
2025-11-05 05:00:00,-0.0011455393
2025-11-05 06:00:00,0.0035437981
2025-11-05 07:00:00,-0.0017258102
2025-11-05 08:00:00,-0.0109848419
2025-11-05 09:00:00,0.0070238048
2025-11-05 10:00:00,-0.0116932003
2025-11-05 11:00:00,0.0116127466
2025-11-05 12:00:00,0.005082671
2025-11-05 13:00:00,0.0062862898
2025-11-05 14:00:00,-0.0008532895
2025-11-05 15:00:00,0.0066434589
2025-11-05 16:00:00,0.0042441685
2025-11-05 17:00:00,-0.0001356398
2025-11-05 18:00:00,0.0085052385
2025-11-05 19:00:00,0.0077406023
2025-11-05 20:00:00,0.0151426118
2025-11-05 21:00:00,-0.0078417751
2025-11-05 22:00:00,0.0055322464
2025-11-05 23:00:00,-0.0041356429
2025-11-06 00:00:00,0.0010195268
2025-11-06 01:00:00,-0.0023947608
2025-11-06 02:00:00,0.0202063828
2025-11-06 03:00:00,-0.0126404431
2025-11-06 04:00:00,0.0022667052
2025-11-06 05:00:00,-0.0143259949
2025-11-06 06:00:00,-0.0047249672
2025-11-06 07:00:00,0.0033502311
2025-11-06 08:00:00,-0.0017296948
2025-11-06 09:00:00,-0.0068794726
2025-11-06 10:00:00,-0.0004684166
2025-11-06 11:00:00,-0.0023888647
2025-11-06 12:00:00,-0.0088624292
2025-11-06 13:00:00,0.0091928668
2025-11-06 14:00:00,-0.0187943372
2025-11-06 15:00:00,-0.0105760775
2025-11-06 16:00:00,-0.0033856459
2025-11-06 17:00:00,0.0056527693
2025-11-06 18:00:00,-0.0039114296
2025-11-06 19:00:00,-0.0087507511
2025-11-06 20:00:00,-0.0076467275
2025-11-06 21:00:00,0.009391274
2025-11-06 22:00:00,0.001827152
2025-11-06 23:00:00,-0.0030651953
2025-11-07 00:00:00,0.0033310946
2025-11-07 01:00:00,-0.0011722908
2025-11-07 02:00:00,0.0022846956
2025-11-07 03:00:00,0.003213161
2025-11-07 04:00:00,-0.0037804679
2025-11-07 05:00:00,0.0067149592
2025-11-07 06:00:00,-0.0060756363
2025-11-07 07:00:00,0.0049834885
2025-11-07 08:00:00,-0.0066592023
2025-11-07 09:00:00,-0.0080754749
2025-11-07 10:00:00,-0.0071473999
2025-11-07 11:00:00,0.0009791138
2025-11-07 12:00:00,-0.008911323
2025-11-07 13:00:00,0.0081427538
2025-11-07 14:00:00,0.0084582516
2025-11-07 15:00:00,0.0033027628
2025-11-07 16:00:00,0.0230664074
2025-11-07 17:00:00,0.020015108
2025-11-07 18:00:00,0.0116037465
2025-11-07 19:00:00,0.0070835728
2025-11-07 20:00:00,0.0047045335
2025-11-07 21:00:00,-0.0089315724
2025-11-07 22:00:00,-0.0055666556
2025-11-07 23:00:00,-0.0064790949
2025-11-08 00:00:00,-0.0066518612
2025-11-08 01:00:00,0.0038040031
2025-11-08 02:00:00,0.0043636936
2025-11-08 03:00:00,0.0003235988
2025-11-08 04:00:00,0.0031571379
2025-11-08 05:00:00,-0.0053077971
2025-11-08 06:00:00,0.0039393487
2025-11-08 07:00:00,-0.0004522577
2025-11-08 08:00:00,-0.0001249453
2025-11-08 09:00:00,-0.0040324724
2025-11-08 10:00:00,0.0005060302
2025-11-08 11:00:00,-0.0078091993
2025-11-08 12:00:00,-0.0007585534
2025-11-08 13:00:00,-0.0068661722
2025-11-08 14:00:00,-0.0005622321
2025-11-08 15:00:00,-0.009362674
2025-11-08 16:00:00,0.0041514036
2025-11-08 17:00:00,0.0026112324
2025-11-08 18:00:00,0.0031973991
2025-11-08 19:00:00,-0.0021407307
2025-11-08 20:00:00,0.0021231664
2025-11-08 21:00:00,0.0035198725
2025-11-08 22:00:00,0.0005949178
2025-11-08 23:00:00,-0.0001224542
2025-11-09 00:00:00,-0.0055348105
2025-11-09 01:00:00,0.004274411
2025-11-09 02:00:00,-0.0113270746
2025-11-09 03:00:00,-0.0024788985
2025-11-09 04:00:00,0.0035059062
2025-11-09 05:00:00,0.0047406424
2025-11-09 06:00:00,0.0024190297
2025-11-09 07:00:00,0.0083859676
2025-11-09 08:00:00,-0.0071918066
2025-11-09 09:00:00,-0.0042166605
2025-11-09 10:00:00,-0.0016360445
2025-11-09 11:00:00,0.0038015574
2025-11-09 12:00:00,0.0005274633
2025-11-09 13:00:00,0.0009794643
2025-11-09 14:00:00,0.0055206068
2025-11-09 15:00:00,0.0105964478
2025-11-09 16:00:00,0.0047234138
2025-11-09 17:00:00,-0.0076955827
2025-11-09 18:00:00,0.0082500673
2025-11-09 19:00:00,0.0092049463
2025-11-09 20:00:00,-0.0043352731
2025-11-09 21:00:00,-0.0003421596
2025-11-09 22:00:00,0.0069442503
2025-11-09 23:00:00,0.004801579
2025-11-10 00:00:00,0.0209972134
2025-11-10 01:00:00,-0.0068459844
2025-11-10 02:00:00,0.0104206269
2025-11-10 03:00:00,0.0150705702
2025-11-10 04:00:00,0.0013440999
2025-11-10 05:00:00,-0.0049181927
2025-11-10 06:00:00,0.0074593254
2025-11-10 07:00:00,0.0039024519
2025-11-10 08:00:00,0.0062941571
2025-11-10 09:00:00,0.0165065755
2025-11-10 10:00:00,0.0009611522
2025-11-10 11:00:00,0.0001181107
2025-11-10 12:00:00,-0.0044703613
2025-11-10 13:00:00,0.0108120642
2025-11-10 14:00:00,-0.0188759356
2025-11-10 15:00:00,0.0081350486
2025-11-10 16:00:00,-0.00034407
2025-11-10 17:00:00,0.0084291626
2025-11-10 18:00:00,-0.00471788
2025-11-10 19:00:00,0.0042235472
2025-11-10 20:00:00,0.0045222637
2025-11-10 21:00:00,-0.0167302485
2025-11-10 22:00:00,0.004890024
2025-11-10 23:00:00,-0.0017685849
2025-11-11 00:00:00,0.0058437904
2025-11-11 01:00:00,-0.0067431299
2025-11-11 02:00:00,0.0053366349
2025-11-11 03:00:00,-0.0027873097
2025-11-11 04:00:00,-0.0122916665
2025-11-11 05:00:00,-0.0095431661
2025-11-11 06:00:00,-0.0006305655
2025-11-11 07:00:00,-0.0106051654
2025-11-11 08:00:00,0.0028075463
2025-11-11 09:00:00,0.0011362828
2025-11-11 10:00:00,0.0027802749
2025-11-11 11:00:00,-0.0013282021
2025-11-11 12:00:00,-0.0014805658
2025-11-11 13:00:00,-0.0049497476
2025-11-11 14:00:00,0.0074540379
2025-11-11 15:00:00,-0.0107114432
2025-11-11 16:00:00,-0.0021898524
2025-11-11 17:00:00,-0.0005224929
2025-11-11 18:00:00,-0.0022288011
2025-11-11 19:00:00,-0.0040128083
2025-11-11 20:00:00,-0.0032144033
2025-11-11 21:00:00,-0.0085443861
2025-11-11 22:00:00,0.0063734919
2025-11-11 23:00:00,-0.0047574822
2025-11-12 00:00:00,-0.003301785
2025-11-12 01:00:00,0.0091785733
2025-11-12 02:00:00,-0.0048524357
2025-11-12 03:00:00,0.0021998535
2025-11-12 04:00:00,-0.0015899217
2025-11-12 05:00:00,0.0022568523
2025-11-12 06:00:00,-0.0044602101
2025-11-12 07:00:00,-0.0067910478
2025-11-12 08:00:00,0.0135404457
2025-11-12 09:00:00,0.0055223792
2025-11-12 10:00:00,0.0018876854
2025-11-12 11:00:00,0.0062283967
2025-11-12 12:00:00,0.0022080445
2025-11-12 13:00:00,0.0011246778
2025-11-12 14:00:00,-0.0136590701
2025-11-12 15:00:00,-0.019189886
2025-11-12 16:00:00,-0.0126886106
2025-11-12 17:00:00,0.004741459
2025-11-12 18:00:00,-0.0020244259
2025-11-12 19:00:00,-0.0027640908
2025-11-12 20:00:00,0.0069957931
2025-11-12 21:00:00,0.0163655568
2025-11-12 22:00:00,-0.0056117881
2025-11-12 23:00:00,0.0031555298
2025-11-13 00:00:00,0.0020131552
2025-11-13 01:00:00,0.0049174581
2025-11-13 02:00:00,0.0076677003
2025-11-13 03:00:00,0.0248700368
2025-11-13 04:00:00,-0.0041326209
2025-11-13 05:00:00,0.008573063
2025-11-13 06:00:00,0.0029427153
2025-11-13 07:00:00,-0.0056126544
2025-11-13 08:00:00,0.0053247707
2025-11-13 09:00:00,-0.0012644706
2025-11-13 10:00:00,0.0006604452
2025-11-13 11:00:00,-0.0016940163
2025-11-13 12:00:00,-0.0053975
2025-11-13 13:00:00,-0.0092671415
2025-11-13 14:00:00,0.0176662526
2025-11-13 15:00:00,-0.0273732216
2025-11-13 16:00:00,-0.0146289987
2025-11-13 17:00:00,-0.018749537
2025-11-13 18:00:00,-0.0063729486
2025-11-13 19:00:00,-0.0113377755
2025-11-13 20:00:00,-0.0073576635
2025-11-13 21:00:00,-0.0020136868
2025-11-13 22:00:00,0.0152024213
2025-11-13 23:00:00,-0.0027841566
2025-11-14 00:00:00,-0.0108270288
2025-11-14 01:00:00,0.0043943314
2025-11-14 02:00:00,0.0090664409
2025-11-14 03:00:00,-0.0054299946
2025-11-14 04:00:00,-0.0109623589
2025-11-14 05:00:00,0.0100501611
2025-11-14 06:00:00,0.0026650845
2025-11-14 07:00:00,-0.0052028601
2025-11-14 08:00:00,-0.00499036
2025-11-14 09:00:00,-0.0080991234
2025-11-14 10:00:00,0.0038761608
2025-11-14 11:00:00,-0.0076086416
2025-11-14 12:00:00,0.0074029339
2025-11-14 13:00:00,-0.0068915354
2025-11-14 14:00:00,0.0139749784
2025-11-14 15:00:00,0.003730862
2025-11-14 16:00:00,0.0089663503
2025-11-14 17:00:00,-0.0089403698
2025-11-14 18:00:00,-0.0085623551
2025-11-14 19:00:00,0.0090212316
2025-11-14 20:00:00,-0.0218467663
2025-11-14 21:00:00,0.0067321618
2025-11-14 22:00:00,-0.0078519654
2025-11-14 23:00:00,-0.0069459383
2025-11-15 00:00:00,0.0110737013
2025-11-15 01:00:00,0.0049405846
2025-11-15 02:00:00,0.0087780611
2025-11-15 03:00:00,-0.0025350543
2025-11-15 04:00:00,-0.0046336855
2025-11-15 05:00:00,-0.0035421729
2025-11-15 06:00:00,0.0020118433
2025-11-15 07:00:00,0.0023668546
2025-11-15 08:00:00,-0.0152011326
2025-11-15 09:00:00,0.003000273
2025-11-15 10:00:00,0.0031768533
2025-11-15 11:00:00,-0.003314243
2025-11-15 12:00:00,0.0020588666
2025-11-15 13:00:00,0.0034132363
2025-11-15 14:00:00,-0.0041300378
2025-11-15 15:00:00,-0.0022777034
2025-11-15 16:00:00,-0.003110298
2025-11-15 17:00:00,0.005640268
2025-11-15 18:00:00,-0.001182219
2025-11-15 19:00:00,-0.0009396872
2025-11-15 20:00:00,-0.0070938064
2025-11-15 21:00:00,-0.0059711565
2025-11-15 22:00:00,0.005032827
2025-11-15 23:00:00,-0.0006707748
2025-11-16 00:00:00,-0.0084905408
2025-11-16 01:00:00,-0.0030182155
2025-11-16 02:00:00,0.0149160972
2025-11-16 03:00:00,0.0015546734
2025-11-16 04:00:00,-0.0007748072
2025-11-16 05:00:00,0.0054731124
2025-11-16 06:00:00,0.0009078047
2025-11-16 07:00:00,0.0027052371
2025-11-16 08:00:00,-0.0008744232
2025-11-16 09:00:00,0.0057755627
2025-11-16 10:00:00,-0.0032427205
2025-11-16 11:00:00,-0.0158044608
2025-11-16 12:00:00,0.0002238368
2025-11-16 13:00:00,-0.0084373892
2025-11-16 14:00:00,0.0030964312
2025-11-16 15:00:00,-0.0171250818
2025-11-16 16:00:00,-0.0068629342
2025-11-16 17:00:00,0.0021733033
2025-11-16 18:00:00,0.0059294829
2025-11-16 19:00:00,0.0125404888
2025-11-16 20:00:00,-0.0047750071
2025-11-16 21:00:00,-0.0040369013
2025-11-16 22:00:00,0.0049891959
2025-11-16 23:00:00,0.0033304253
2025-11-17 00:00:00,0.0120520715
2025-11-17 01:00:00,-0.0061605607
2025-11-17 02:00:00,0.005227277
2025-11-17 03:00:00,0.0075173767
2025-11-17 04:00:00,-0.0022239544
2025-11-17 05:00:00,0.0008040353
2025-11-17 06:00:00,0.0035814212
2025-11-17 07:00:00,0.0009110369
2025-11-17 08:00:00,0.0011442533
2025-11-17 09:00:00,0.0026281456
2025-11-17 10:00:00,0.0004138763
2025-11-17 11:00:00,-0.0005371917
2025-11-17 12:00:00,-0.0049097189
2025-11-17 13:00:00,-0.0237195718
2025-11-17 14:00:00,0.0207985287
2025-11-17 15:00:00,-0.0199287034
2025-11-17 16:00:00,0.0039274313
2025-11-17 17:00:00,-0.0248762117
2025-11-17 18:00:00,-0.0071607714
2025-11-17 19:00:00,-0.0106334419
2025-11-17 20:00:00,0.0109733792
2025-11-17 21:00:00,0.0006748753
2025-11-17 22:00:00,0.0055862697
2025-11-17 23:00:00,0.0
2025-11-18 00:00:00,-0.0052327238
2025-11-18 01:00:00,-0.0039659383
2025-11-18 02:00:00,-0.0078334707
2025-11-18 03:00:00,0.0171709278
2025-11-18 04:00:00,0.0017933494
2025-11-18 05:00:00,-0.0048559402
2025-11-18 06:00:00,-0.0071811755
2025-11-18 07:00:00,0.0090170762
2025-11-18 08:00:00,0.0124101683
2025-11-18 09:00:00,-0.0021891167
2025-11-18 10:00:00,0.0048024461
2025-11-18 11:00:00,-0.0054307554
2025-11-18 12:00:00,0.0025291762
2025-11-18 13:00:00,-0.0081325916
2025-11-18 14:00:00,0.0010006111
2025-11-18 15:00:00,0.0194703767
2025-11-18 16:00:00,0.0052968733
2025-11-18 17:00:00,-0.002507446
2025-11-18 18:00:00,0.0045420895
2025-11-18 19:00:00,-0.0008708417
2025-11-18 20:00:00,-4.4908e-06
2025-11-18 21:00:00,-0.0102783065
2025-11-18 22:00:00,0.0097257793
2025-11-18 23:00:00,-0.0044357553
2025-11-19 00:00:00,-0.0046776833
2025-11-19 01:00:00,8.16171e-05
2025-11-19 02:00:00,0.0013955282
2025-11-19 03:00:00,-0.011466428
2025-11-19 04:00:00,-0.0076733716
2025-11-19 05:00:00,-0.0134606293
2025-11-19 06:00:00,0.0055139481
2025-11-19 07:00:00,0.0082927666
2025-11-19 08:00:00,-0.0069166942
2025-11-19 09:00:00,-0.0059969566
2025-11-19 10:00:00,-0.0039945824
2025-11-19 11:00:00,-0.000774537
2025-11-19 12:00:00,0.0049700658
2025-11-19 13:00:00,-0.0085453961
2025-11-19 14:00:00,4.71269e-05
2025-11-19 15:00:00,-0.017868571
2025-11-19 16:00:00,-0.0028297532
2025-11-19 17:00:00,-0.010957039
2025-11-19 18:00:00,-0.0050373273
2025-11-19 19:00:00,-0.0054264972
2025-11-19 20:00:00,0.0074678923
2025-11-19 21:00:00,0.0196140606
2025-11-19 22:00:00,0.000377863
2025-11-19 23:00:00,0.0081490029
2025-11-20 00:00:00,0.0004884468
2025-11-20 01:00:00,0.00747705
2025-11-20 02:00:00,0.0016268576
2025-11-20 03:00:00,0.0016711187
2025-11-20 04:00:00,0.0055192166
2025-11-20 05:00:00,-0.0016385526
2025-11-20 06:00:00,-0.0059229998
2025-11-20 07:00:00,0.0047917198
2025-11-20 08:00:00,-0.0047635213
2025-11-20 09:00:00,-0.0056272329
2025-11-20 10:00:00,0.0014215785
2025-11-20 11:00:00,-0.0024618857
2025-11-20 12:00:00,0.0048188543
2025-11-20 13:00:00,-0.0016870245
2025-11-20 14:00:00,0.0005422316
2025-11-20 15:00:00,-0.0182043314
2025-11-20 16:00:00,-0.0370404565
2025-11-20 17:00:00,-0.0023989857
2025-11-20 18:00:00,-0.0080669656
2025-11-20 19:00:00,0.0091798929
2025-11-20 20:00:00,-0.0014025913
2025-11-20 21:00:00,0.0082276741
2025-11-20 22:00:00,0.0103888846
2025-11-20 23:00:00,-0.021172231
2025-11-21 00:00:00,0.0083430021
2025-11-21 01:00:00,0.0003723886
2025-11-21 02:00:00,-0.0266628803
2025-11-21 03:00:00,0.0080889459
2025-11-21 04:00:00,0.0025153815
2025-11-21 05:00:00,-0.0019187952
2025-11-21 06:00:00,-0.0062412902
2025-11-21 07:00:00,-0.0258421898
2025-11-21 08:00:00,0.0071869053
2025-11-21 09:00:00,-0.0155198938
2025-11-21 10:00:00,-0.0021336966
2025-11-21 11:00:00,-0.0121883813
2025-11-21 12:00:00,0.0173960689
2025-11-21 13:00:00,0.0116475989
2025-11-21 14:00:00,0.0109904535
2025-11-21 15:00:00,-0.0210810198
2025-11-21 16:00:00,0.0235297665
2025-11-21 17:00:00,0.0101356777
2025-11-21 18:00:00,-0.0052204589
2025-11-21 19:00:00,-0.0088473976
2025-11-21 20:00:00,-0.0031898938
2025-11-21 21:00:00,0.0061289528
2025-11-21 22:00:00,-0.0229977368
2025-11-21 23:00:00,0.0214343916
2025-11-22 00:00:00,-0.0036590546
2025-11-22 01:00:00,0.0086582847
2025-11-22 02:00:00,-0.0047940619
2025-11-22 03:00:00,-0.0010416641
2025-11-22 04:00:00,-0.0070739762
2025-11-22 05:00:00,-0.0027804044
2025-11-22 06:00:00,0.0123924985
2025-11-22 07:00:00,-0.0004763673
2025-11-22 08:00:00,-0.0200112759
2025-11-22 09:00:00,-0.0003502709
2025-11-22 10:00:00,-0.0059261142
2025-11-22 11:00:00,0.0081980768
2025-11-22 12:00:00,-0.0071571548
2025-11-22 13:00:00,-0.0042704616
2025-11-22 14:00:00,0.01698388
2025-11-22 15:00:00,-0.0005552774
2025-11-22 16:00:00,0.0088733744
2025-11-22 17:00:00,-0.0075246376
2025-11-22 18:00:00,0.0008342683
2025-11-22 19:00:00,-0.0016588566
2025-11-22 20:00:00,-0.0006279728
2025-11-22 21:00:00,0.0046717924
2025-11-22 22:00:00,0.0114418488
2025-11-22 23:00:00,-0.0041772524
2025-11-23 00:00:00,0.0048360324
2025-11-23 01:00:00,0.0201498167
2025-11-23 02:00:00,0.0159477656
2025-11-23 03:00:00,-0.0006551256
2025-11-23 04:00:00,0.016958295
2025-11-23 05:00:00,-0.0043793281
2025-11-23 06:00:00,-0.0097104281
2025-11-23 07:00:00,-0.0047426948
2025-11-23 08:00:00,0.0052191671
2025-11-23 09:00:00,0.0045127558
2025-11-23 10:00:00,-0.0058051615
2025-11-23 11:00:00,-0.0020279689
2025-11-23 12:00:00,0.0052877155
2025-11-23 13:00:00,0.0039035798
2025-11-23 14:00:00,-0.0048548774
2025-11-23 15:00:00,0.0112641107
2025-11-23 16:00:00,-0.0044436523
2025-11-23 17:00:00,-0.0033775241
2025-11-23 18:00:00,0.0075931545
2025-11-23 19:00:00,0.0063168287
2025-11-23 20:00:00,-0.0032840276
2025-11-23 21:00:00,0.0051097203
2025-11-23 22:00:00,-0.001931772
2025-11-23 23:00:00,-0.0123626682
2025-11-24 00:00:00,-0.0009768822
2025-11-24 01:00:00,0.0045344255
2025-11-24 02:00:00,0.0162754287
2025-11-24 03:00:00,-0.0021273138
2025-11-24 04:00:00,-0.013486736
2025-11-24 05:00:00,0.0156858395
2025-11-24 06:00:00,-0.0090235574
2025-11-24 07:00:00,-0.0041617528
2025-11-24 08:00:00,0.0050595792
2025-11-24 09:00:00,-0.01434049
2025-11-24 10:00:00,0.0076842068
2025-11-24 11:00:00,-0.0006996643
2025-11-24 12:00:00,0.0036774736
2025-11-24 13:00:00,0.0085973609
2025-11-24 14:00:00,-0.0055028652
2025-11-24 15:00:00,0.0086570639
2025-11-24 16:00:00,0.0133025319
2025-11-24 17:00:00,0.0407702311
2025-11-24 18:00:00,0.0058455244
2025-11-24 19:00:00,0.0071506517
2025-11-24 20:00:00,0.0042249747
2025-11-24 21:00:00,-0.0013022113
2025-11-24 22:00:00,-0.0004686757
2025-11-24 23:00:00,-0.0058254113
2025-11-25 00:00:00,0.0138517612
2025-11-25 01:00:00,-0.0045588905
2025-11-25 02:00:00,0.0011738917
2025-11-25 03:00:00,-0.0034054141
2025-11-25 04:00:00,0.0016039925
2025-11-25 05:00:00,0.0020724659
2025-11-25 06:00:00,-0.0062973875
2025-11-25 07:00:00,-0.0094646504
2025-11-25 08:00:00,-0.0122973958
2025-11-25 09:00:00,0.0049271175
2025-11-25 10:00:00,0.0038164954
2025-11-25 11:00:00,-0.0055821788
2025-11-25 12:00:00,0.0102907067
2025-11-25 13:00:00,-0.0026452534
2025-11-25 14:00:00,-0.0160890697
2025-11-25 15:00:00,0.0042490158
2025-11-25 16:00:00,0.0029640612
2025-11-25 17:00:00,-0.0022462173
2025-11-25 18:00:00,-0.0026178145
2025-11-25 19:00:00,-0.004984517
2025-11-25 20:00:00,0.0116573743
2025-11-25 21:00:00,-0.0052075012
2025-11-25 22:00:00,0.0102612161
2025-11-25 23:00:00,-0.0036708279
2025-11-26 00:00:00,-0.0027494555
2025-11-26 01:00:00,0.0039079699
2025-11-26 02:00:00,-0.0053813994
2025-11-26 03:00:00,-0.0067976058
2025-11-26 04:00:00,5.97488e-05
2025-11-26 05:00:00,0.007358513
2025-11-26 06:00:00,0.0032157591
2025-11-26 07:00:00,0.0026159835
2025-11-26 08:00:00,-0.0074435084
2025-11-26 09:00:00,-0.0049978917
2025-11-26 10:00:00,-0.0016638633
2025-11-26 11:00:00,-0.0012335963
2025-11-26 12:00:00,-0.009082328
2025-11-26 13:00:00,0.0060147631
2025-11-26 14:00:00,-0.0059218107
2025-11-26 15:00:00,0.0087452378
2025-11-26 16:00:00,0.0087333595
2025-11-26 17:00:00,0.0200248573
2025-11-26 18:00:00,0.0033471675
2025-11-26 19:00:00,-0.004072597
2025-11-26 20:00:00,-0.0027048441
2025-11-26 21:00:00,-0.0008268177
2025-11-26 22:00:00,-0.0002787557
2025-11-26 23:00:00,-0.0006207353
2025-11-27 00:00:00,-0.0007471924
2025-11-27 01:00:00,0.0030348082
2025-11-27 02:00:00,-0.0036834276
2025-11-27 03:00:00,-0.0043801689
2025-11-27 04:00:00,0.0014426069
2025-11-27 05:00:00,-0.0062330352
2025-11-27 06:00:00,0.0047406461
2025-11-27 07:00:00,-0.0022790561
2025-11-27 08:00:00,-0.002488874
2025-11-27 09:00:00,-0.0003320151
2025-11-27 10:00:00,-0.0042622993
2025-11-27 11:00:00,0.0003334331
2025-11-27 12:00:00,-0.0070669405
2025-11-27 13:00:00,0.0027924127
2025-11-27 14:00:00,0.0011321941
2025-11-27 15:00:00,0.0088255385
2025-11-27 16:00:00,0.0065627725
2025-11-27 17:00:00,-0.0040774315
2025-11-27 18:00:00,0.0096288525
2025-11-27 19:00:00,-0.0027268721
2025-11-27 20:00:00,0.0014744226
2025-11-27 21:00:00,-0.0060282672
2025-11-27 22:00:00,-0.0030232834
2025-11-27 23:00:00,-0.0027642445
2025-11-28 00:00:00,-0.0038253329
2025-11-28 01:00:00,-0.0092547627
2025-11-28 02:00:00,0.0062937608
2025-11-28 03:00:00,5.49131e-05
2025-11-28 04:00:00,0.0023310247
2025-11-28 05:00:00,0.0105177604
2025-11-28 06:00:00,-0.0058537725
2025-11-28 07:00:00,-0.0018511491
2025-11-28 08:00:00,0.020355022
2025-11-28 09:00:00,-0.0040451593
2025-11-28 10:00:00,-0.0037288612
2025-11-28 11:00:00,-0.012316992
2025-11-28 12:00:00,-0.0003823813
2025-11-28 13:00:00,0.0114308171
2025-11-28 14:00:00,-0.0028940058
2025-11-28 15:00:00,0.0135634361
2025-11-28 16:00:00,-0.0245208332
2025-11-28 17:00:00,-0.0073752728
2025-11-28 18:00:00,-0.0009291971
2025-11-28 19:00:00,0.0070851218
2025-11-28 20:00:00,0.0002741403
2025-11-28 21:00:00,-0.0025295104
2025-11-28 22:00:00,0.0019263024
2025-11-28 23:00:00,-0.0036360845
2025-11-29 00:00:00,0.0008300449
2025-11-29 01:00:00,-0.0014266352
2025-11-29 02:00:00,0.0011698993
2025-11-29 03:00:00,0.002289955
2025-11-29 04:00:00,0.001768832
2025-11-29 05:00:00,-0.0037562123
2025-11-29 06:00:00,0.0014657319
2025-11-29 07:00:00,-0.0022269275
2025-11-29 08:00:00,0.0008757833
2025-11-29 09:00:00,0.0012595989
2025-11-29 10:00:00,0.0010294021
2025-11-29 11:00:00,0.0115298112
2025-11-29 12:00:00,0.0003705997
2025-11-29 13:00:00,-0.0056779842
2025-11-29 14:00:00,0.0012126196
2025-11-29 15:00:00,0.0073035773
2025-11-29 16:00:00,-0.0011767227
2025-11-29 17:00:00,-0.0081214168
2025-11-29 18:00:00,0.0011000001
2025-11-29 19:00:00,-0.0033811258
2025-11-29 20:00:00,0.0072533036
2025-11-29 21:00:00,-0.0012497907
2025-11-29 22:00:00,-0.0020138162
2025-11-29 23:00:00,-0.0003996167
2025-11-30 00:00:00,-0.000649718
2025-11-30 01:00:00,0.0028501685
2025-11-30 02:00:00,-0.0034912131
2025-11-30 03:00:00,0.0035591911
2025-11-30 04:00:00,-0.0031908812
2025-11-30 05:00:00,-0.0016744021
2025-11-30 06:00:00,-0.0003780383
2025-11-30 07:00:00,0.0023933471
2025-11-30 08:00:00,-0.0037472583
2025-11-30 09:00:00,0.0022646041
2025-11-30 10:00:00,-0.0031454021
2025-11-30 11:00:00,-0.0009181332
2025-11-30 12:00:00,0.0040908433
2025-11-30 13:00:00,0.0034575306
2025-11-30 14:00:00,-0.0047418125
2025-11-30 15:00:00,0.0009793004
2025-11-30 16:00:00,0.0060503501
2025-11-30 17:00:00,-0.0038492887
2025-11-30 18:00:00,0.0007492559
2025-11-30 19:00:00,-0.0017946107
2025-11-30 20:00:00,-0.0011329435
2025-11-30 21:00:00,-0.0044943486
2025-11-30 22:00:00,0.0026169358
2025-11-30 23:00:00,-0.0173078059
2025-12-01 00:00:00,-0.0464389165
2025-12-01 01:00:00,0.0104120506
2025-12-01 02:00:00,-0.0066709714
2025-12-01 03:00:00,-0.0074522912
2025-12-01 04:00:00,-0.0096934144
2025-12-01 05:00:00,-0.0009069669
2025-12-01 06:00:00,0.0095361048
2025-12-01 07:00:00,0.0045518422
2025-12-01 08:00:00,6.80715e-05
2025-12-01 09:00:00,-0.0046883005
2025-12-01 10:00:00,-0.0024650431
2025-12-01 11:00:00,-0.0041170395
2025-12-01 12:00:00,-0.0030385206
2025-12-01 13:00:00,-0.0037604339
2025-12-01 14:00:00,0.0055590532
2025-12-01 15:00:00,-0.0117716876
2025-12-01 16:00:00,-0.008539941
2025-12-01 17:00:00,0.0024187935
2025-12-01 18:00:00,0.0053287604
2025-12-01 19:00:00,-0.0058601926
2025-12-01 20:00:00,0.0085040174
2025-12-01 21:00:00,0.0074012762
2025-12-01 22:00:00,0.0035769223
2025-12-01 23:00:00,-0.0017375942
2025-12-02 00:00:00,-0.0042706519
2025-12-02 01:00:00,-0.0018372936
2025-12-02 02:00:00,0.0021192743
2025-12-02 03:00:00,-0.0007521253
2025-12-02 04:00:00,-0.0021208705
2025-12-02 05:00:00,0.0004860171
2025-12-02 06:00:00,0.0034696392
2025-12-02 07:00:00,-0.0032366332
2025-12-02 08:00:00,-0.0075681604
2025-12-02 09:00:00,0.0051213694
2025-12-02 10:00:00,0.0078550956
2025-12-02 11:00:00,0.0042654268
2025-12-02 12:00:00,0.0011284966
2025-12-02 13:00:00,0.0022287161
2025-12-02 14:00:00,0.0238448403
2025-12-02 15:00:00,0.0294178319
2025-12-02 16:00:00,-0.0039835783
2025-12-02 17:00:00,0.0105954936
2025-12-02 18:00:00,0.0024624943
2025-12-02 19:00:00,-0.0003724369
2025-12-02 20:00:00,-0.0039351444
2025-12-02 21:00:00,0.0009598701
2025-12-02 22:00:00,0.0007239077
2025-12-02 23:00:00,-0.0073556276
2025-12-03 00:00:00,-0.0003993981
2025-12-03 01:00:00,0.0042227502
2025-12-03 02:00:00,0.0101384481
2025-12-03 03:00:00,-0.0030266228
2025-12-03 04:00:00,0.0102079003
2025-12-03 05:00:00,0.0016443338
2025-12-03 06:00:00,-0.0039473077
2025-12-03 07:00:00,-0.0013268437
2025-12-03 08:00:00,-0.0015662068
2025-12-03 09:00:00,-0.0019944108
2025-12-03 10:00:00,-0.0046308172
2025-12-03 11:00:00,0.0009793532
2025-12-03 12:00:00,0.0012630063
2025-12-03 13:00:00,-0.0007805792
2025-12-03 14:00:00,-0.0042349149
2025-12-03 15:00:00,0.0004012443
2025-12-03 16:00:00,3.2277e-05
2025-12-03 17:00:00,0.0075060184
2025-12-03 18:00:00,-0.0054010406
2025-12-03 19:00:00,0.0058631552
2025-12-03 20:00:00,0.0059926844
2025-12-03 21:00:00,0.0042469652
2025-12-03 22:00:00,-0.0021892906
2025-12-03 23:00:00,-0.0025397733
2025-12-04 00:00:00,-0.0012381479
2025-12-04 01:00:00,-0.0008794695
2025-12-04 02:00:00,0.0038039469
2025-12-04 03:00:00,-0.0032615919
2025-12-04 04:00:00,-0.0034231291
2025-12-04 05:00:00,-0.0047340566
2025-12-04 06:00:00,0.0019779223
2025-12-04 07:00:00,-0.0040932546
2025-12-04 08:00:00,-0.0040130131
2025-12-04 09:00:00,0.0036032251
2025-12-04 10:00:00,-0.0058705375
2025-12-04 11:00:00,-0.0035222007
2025-12-04 12:00:00,-0.0021360619
2025-12-04 13:00:00,-0.0095492038
2025-12-04 14:00:00,-0.002835465
2025-12-04 15:00:00,0.0158029667
2025-12-04 16:00:00,-0.0070493535
2025-12-04 17:00:00,-0.0046631274
2025-12-04 18:00:00,-0.0116991899
2025-12-04 19:00:00,-0.0029510762
2025-12-04 20:00:00,0.0042002778
2025-12-04 21:00:00,-0.0075378558
2025-12-04 22:00:00,0.0035663597
2025-12-04 23:00:00,-0.000915441
2025-12-05 00:00:00,0.0039561213
2025-12-05 01:00:00,0.0007599145
2025-12-05 02:00:00,-0.000864448
2025-12-05 03:00:00,-0.0062155818
2025-12-05 04:00:00,-0.0026524072
2025-12-05 05:00:00,-0.0019482987
2025-12-05 06:00:00,0.00385453
2025-12-05 07:00:00,0.0021652427
2025-12-05 08:00:00,-0.0071925002
2025-12-05 09:00:00,-0.0100046749
2025-12-05 10:00:00,0.0016841108
2025-12-05 11:00:00,0.0034902191
2025-12-05 12:00:00,-0.0002609818
2025-12-05 13:00:00,-0.0013591723
2025-12-05 14:00:00,9.67993e-05
2025-12-05 15:00:00,0.0048569565
2025-12-05 16:00:00,-0.02049969
2025-12-05 17:00:00,0.0010858538
2025-12-05 18:00:00,-0.0083436139
2025-12-05 19:00:00,0.0091731779
2025-12-05 20:00:00,-0.006996737
2025-12-05 21:00:00,0.0020385857
2025-12-05 22:00:00,0.0020639639
2025-12-05 23:00:00,0.0012392855
2025-12-06 00:00:00,-0.0004817619
2025-12-06 01:00:00,-0.0014663769
2025-12-06 02:00:00,0.001245082
2025-12-06 03:00:00,0.0026866487
2025-12-06 04:00:00,0.0013724618
2025-12-06 05:00:00,0.0015173173
2025-12-06 06:00:00,-0.0044262283
2025-12-06 07:00:00,-0.0025282474
2025-12-06 08:00:00,-0.0061554464
2025-12-06 09:00:00,0.0045140777
2025-12-06 10:00:00,-0.0008685997
2025-12-06 11:00:00,0.0035633618
2025-12-06 12:00:00,-0.0008317933
2025-12-06 13:00:00,0.0002658553
2025-12-06 14:00:00,0.004126452
2025-12-06 15:00:00,-0.0048798923
2025-12-06 16:00:00,0.0028089699
2025-12-06 17:00:00,-0.0010075667
2025-12-06 18:00:00,-0.0011562657
2025-12-06 19:00:00,-0.0026521553
2025-12-06 20:00:00,0.0028490609
2025-12-06 21:00:00,0.0014165771
2025-12-06 22:00:00,-0.003165471
2025-12-06 23:00:00,0.0015273723
2025-12-07 00:00:00,0.003082121
2025-12-07 01:00:00,-0.0014784292
2025-12-07 02:00:00,0.0072191164
2025-12-07 03:00:00,0.0097368443
2025-12-07 04:00:00,-0.0076406425
2025-12-07 05:00:00,-0.0022670164
2025-12-07 06:00:00,-0.0007617002
2025-12-07 07:00:00,-0.0082202053
2025-12-07 08:00:00,0.0001378869
2025-12-07 09:00:00,-0.0008818191
2025-12-07 10:00:00,0.0007981043
2025-12-07 11:00:00,0.0019187537
2025-12-07 12:00:00,0.0061593537
2025-12-07 13:00:00,-0.0079106848
2025-12-07 14:00:00,-0.0154164086
2025-12-07 15:00:00,0.0268040348
2025-12-07 16:00:00,0.0019598933
2025-12-07 17:00:00,0.0143122479
2025-12-07 18:00:00,0.0081898665
2025-12-07 19:00:00,-0.0085970531
2025-12-07 20:00:00,-0.0004504936
2025-12-07 21:00:00,-0.0180076111
2025-12-07 22:00:00,-0.0097452174
2025-12-07 23:00:00,0.0075024779
2025-12-08 00:00:00,7.33717e-05
2025-12-08 01:00:00,0.0113757242
2025-12-08 02:00:00,0.0031143272
2025-12-08 03:00:00,-0.0009646458
2025-12-08 04:00:00,0.00093572
2025-12-08 05:00:00,0.001998734
2025-12-08 06:00:00,0.0007839535
2025-12-08 07:00:00,0.0031919848
2025-12-08 08:00:00,0.0027087837
2025-12-08 09:00:00,0.0038923733
2025-12-08 10:00:00,-0.0009097253
2025-12-08 11:00:00,-0.0038624373
2025-12-08 12:00:00,0.0022791624
2025-12-08 13:00:00,0.0013497564
2025-12-08 14:00:00,-0.0067094928
2025-12-08 15:00:00,-0.0040291034
2025-12-08 16:00:00,-0.0016297093
2025-12-08 17:00:00,0.0028767153
2025-12-08 18:00:00,-0.0047942985
2025-12-08 19:00:00,0.0046932478
2025-12-08 20:00:00,0.004537202
2025-12-08 21:00:00,0.0003687925
2025-12-08 22:00:00,-0.0039488288
2025-12-08 23:00:00,-0.0036604496
2025-12-09 00:00:00,-0.000376437
2025-12-09 01:00:00,-0.0042713712
2025-12-09 02:00:00,-0.000814743
2025-12-09 03:00:00,0.0043714594
2025-12-09 04:00:00,-0.0075397404
2025-12-09 05:00:00,-0.0021974443
2025-12-09 06:00:00,-0.0005171741
2025-12-09 07:00:00,0.0058149742
2025-12-09 08:00:00,0.0010814036
2025-12-09 09:00:00,-0.0024505951
2025-12-09 10:00:00,-0.001901525
2025-12-09 11:00:00,0.0071592753
2025-12-09 12:00:00,0.0074010744
2025-12-09 13:00:00,-0.0086391232
2025-12-09 14:00:00,-0.0054394242
2025-12-09 15:00:00,0.0285339678
2025-12-09 16:00:00,0.023465064
2025-12-09 17:00:00,-0.0079624052
2025-12-09 18:00:00,-0.0001536567
2025-12-09 19:00:00,-0.0067984404
2025-12-09 20:00:00,-0.0089194643
2025-12-09 21:00:00,-0.0068112556
2025-12-09 22:00:00,0.0055237607
2025-12-09 23:00:00,-0.0019723218
2025-12-10 00:00:00,-0.0081915527
2025-12-10 01:00:00,-0.0003445702
2025-12-10 02:00:00,-0.0002776568
2025-12-10 03:00:00,-0.0021616552
2025-12-10 04:00:00,0.0032526897
2025-12-10 05:00:00,-0.0010575201
2025-12-10 06:00:00,-0.0008573639
2025-12-10 07:00:00,-0.0013426039
2025-12-10 08:00:00,-0.002969714
2025-12-10 09:00:00,0.0051888324
2025-12-10 10:00:00,-0.0091380618
2025-12-10 11:00:00,0.0012119838
2025-12-10 12:00:00,-0.0036936448
2025-12-10 13:00:00,0.0002130936
2025-12-10 14:00:00,-0.0003245016
2025-12-10 15:00:00,-0.0011438599
2025-12-10 16:00:00,0.0029780878
2025-12-10 17:00:00,-0.0030023363
2025-12-10 18:00:00,0.0033697452
2025-12-10 19:00:00,-0.0003190579
2025-12-10 20:00:00,-0.0022798735
2025-12-10 21:00:00,-0.0077545412
2025-12-10 22:00:00,0.0037485633
2025-12-10 23:00:00,-0.006208108
2025-12-11 00:00:00,-0.0064045483
2025-12-11 01:00:00,-0.0080240657
2025-12-11 02:00:00,-0.0034380452
2025-12-11 03:00:00,-0.0033248827
2025-12-11 04:00:00,0.0090252826
2025-12-11 05:00:00,-0.0012793877
2025-12-11 06:00:00,-0.0004466834
2025-12-11 07:00:00,-0.0034262362
2025-12-11 08:00:00,0.0026316394
2025-12-11 09:00:00,0.0001540024
2025-12-11 10:00:00,0.0016379126
2025-12-11 11:00:00,-0.0035024391
2025-12-11 12:00:00,-0.0008912279
2025-12-11 13:00:00,0.000796666
2025-12-11 14:00:00,-0.0089089008
2025-12-11 15:00:00,0.0029283919
2025-12-11 16:00:00,-0.0028229414
2025-12-11 17:00:00,0.0019262803
2025-12-11 18:00:00,0.0062697696
2025-12-11 19:00:00,0.0019900999
2025-12-11 20:00:00,0.0062726884
2025-12-11 21:00:00,0.0087289125
2025-12-11 22:00:00,-0.0040279607
2025-12-11 23:00:00,-1.47483e-05
2025-12-12 00:00:00,-0.0086850805
2025-12-12 01:00:00,0.0058838823
2025-12-12 02:00:00,0.0061973871
2025-12-12 03:00:00,-0.0044389522
2025-12-12 04:00:00,-0.0010980436
2025-12-12 05:00:00,0.003467282
2025-12-12 06:00:00,0.0020746132
2025-12-12 07:00:00,-0.0017113678
2025-12-12 08:00:00,-0.0043331737
2025-12-12 09:00:00,0.003596728
2025-12-12 10:00:00,0.0010995593
2025-12-12 11:00:00,0.0019409107
2025-12-12 12:00:00,0.0011744787
2025-12-12 13:00:00,-0.0014193355
2025-12-12 14:00:00,-0.0015096414
2025-12-12 15:00:00,-0.0296451854
2025-12-12 16:00:00,0.0047182025
2025-12-12 17:00:00,0.0036593946
2025-12-12 18:00:00,0.0085564207
2025-12-12 19:00:00,-0.0046208548
2025-12-12 20:00:00,-0.0015183832
2025-12-12 21:00:00,0.0023614884
2025-12-12 22:00:00,0.0028284336
2025-12-12 23:00:00,-0.001841557
2025-12-13 00:00:00,0.0026070445
2025-12-13 01:00:00,-0.00091965
2025-12-13 02:00:00,0.0018533476
2025-12-13 03:00:00,0.0041958277
2025-12-13 04:00:00,0.0059882337
2025-12-13 05:00:00,-0.001524458
2025-12-13 06:00:00,-0.0015711464
2025-12-13 07:00:00,-0.0001183053
2025-12-13 08:00:00,0.003498873
2025-12-13 09:00:00,-0.0021588987
2025-12-13 10:00:00,0.0026352938
2025-12-13 11:00:00,-0.0014741221
2025-12-13 12:00:00,-0.0008707524
2025-12-13 13:00:00,0.001072344
2025-12-13 14:00:00,0.0013069007
2025-12-13 15:00:00,-0.0030488128
2025-12-13 16:00:00,-0.002080489
2025-12-13 17:00:00,-0.0031486748
2025-12-13 18:00:00,-0.0012681996
2025-12-13 19:00:00,0.0011988865
2025-12-13 20:00:00,-0.0012633302
2025-12-13 21:00:00,0.0026486803
2025-12-13 22:00:00,0.0001532601
2025-12-13 23:00:00,0.0001581794
2025-12-14 00:00:00,0.0015656141
2025-12-14 01:00:00,-5.42863e-05
2025-12-14 02:00:00,0.001075306
2025-12-14 03:00:00,-0.0017516639
2025-12-14 04:00:00,-0.0037405602
2025-12-14 05:00:00,-0.0004264012
2025-12-14 06:00:00,0.0005205816
2025-12-14 07:00:00,0.0009710278
2025-12-14 08:00:00,-0.0022506566
2025-12-14 09:00:00,-0.0011719488
2025-12-14 10:00:00,-0.0028561638
2025-12-14 11:00:00,-0.0025245861
2025-12-14 12:00:00,0.0015274876
2025-12-14 13:00:00,-0.000913217
2025-12-14 14:00:00,-0.0040120515
2025-12-14 15:00:00,-0.0016906768
2025-12-14 16:00:00,0.0029931061
2025-12-14 17:00:00,-0.0051092217
2025-12-14 18:00:00,0.002959303
2025-12-14 19:00:00,-0.0021646063
2025-12-14 20:00:00,-0.0006538183
2025-12-14 21:00:00,-0.000130815
2025-12-14 22:00:00,0.0025678858
2025-12-14 23:00:00,-0.0069499983
2025-12-15 00:00:00,0.0027454798
2025-12-15 01:00:00,0.0071562136
2025-12-15 02:00:00,-0.001316913
2025-12-15 03:00:00,-0.0001854084
2025-12-15 04:00:00,0.002602591
2025-12-15 05:00:00,5.99799e-05
2025-12-15 06:00:00,0.0005796204
2025-12-15 07:00:00,-0.0035329007
2025-12-15 08:00:00,-0.0004863752
2025-12-15 09:00:00,0.0023294445
2025-12-15 10:00:00,-0.0022040674
2025-12-15 11:00:00,-0.0031995205
2025-12-15 12:00:00,-0.0021555206
2025-12-15 13:00:00,-0.0096152151
2025-12-15 14:00:00,-0.0121118626
2025-12-15 15:00:00,-0.0078261786
2025-12-15 16:00:00,-0.0065907109
2025-12-15 17:00:00,-0.0114238291
2025-12-15 18:00:00,0.0005497294
2025-12-15 19:00:00,0.0018636579
2025-12-15 20:00:00,-0.0065619464
2025-12-15 21:00:00,0.003984639
2025-12-15 22:00:00,-0.0002062603
2025-12-15 23:00:00,0.0036851122
2025-12-16 00:00:00,-0.0100045587
2025-12-16 01:00:00,-0.0032094712
2025-12-16 02:00:00,-0.0021650063
2025-12-16 03:00:00,0.0020101369
2025-12-16 04:00:00,0.0001441896
2025-12-16 05:00:00,0.0048422891
2025-12-16 06:00:00,0.0068107816
2025-12-16 07:00:00,-0.0103616325
2025-12-16 08:00:00,0.0008795708
2025-12-16 09:00:00,0.0012194571
2025-12-16 10:00:00,0.0148385645
2025-12-16 11:00:00,0.0068819656
2025-12-16 12:00:00,0.0078016383
2025-12-16 13:00:00,-0.0142642112
2025-12-16 14:00:00,0.0079768219
2025-12-16 15:00:00,0.0091149464
2025-12-16 16:00:00,-0.0067052065
2025-12-16 17:00:00,-0.0061448681
2025-12-16 18:00:00,0.0073993718
2025-12-16 19:00:00,-0.0022509332
2025-12-16 20:00:00,0.0013024247
2025-12-16 21:00:00,-0.0013595419
2025-12-16 22:00:00,0.0003945613
2025-12-16 23:00:00,0.0013123532
2025-12-17 00:00:00,-0.0027615723
2025-12-17 01:00:00,-0.0008840676
2025-12-17 02:00:00,0.0046404277
2025-12-17 03:00:00,-0.0029250099
2025-12-17 04:00:00,-0.0037986651
2025-12-17 05:00:00,0.0009640413
2025-12-17 06:00:00,0.0006144169
2025-12-17 07:00:00,0.0009261187
2025-12-17 08:00:00,-0.0086283525
2025-12-17 09:00:00,-0.0026157126
2025-12-17 10:00:00,0.0026366946
2025-12-17 11:00:00,0.0031423345
2025-12-17 12:00:00,-0.0007375615
2025-12-17 13:00:00,0.0048443435
2025-12-17 14:00:00,0.0204275451
2025-12-17 15:00:00,-0.0255754406
2025-12-17 16:00:00,-0.006280082
2025-12-17 17:00:00,-0.0137685948
2025-12-17 18:00:00,-0.0079837212
2025-12-17 19:00:00,0.0036271154
2025-12-17 20:00:00,0.0065597844
2025-12-17 21:00:00,-0.0080681411
2025-12-17 22:00:00,0.0032875449
2025-12-17 23:00:00,-0.0031693708
2025-12-18 00:00:00,0.0037795675
2025-12-18 01:00:00,-0.0071152892
2025-12-18 02:00:00,0.0041035131
2025-12-18 03:00:00,-0.0042490315
2025-12-18 04:00:00,-0.0010731785
2025-12-18 05:00:00,-0.0120126618
2025-12-18 06:00:00,0.0004695323
2025-12-18 07:00:00,0.0046669383
2025-12-18 08:00:00,0.0071189705
2025-12-18 09:00:00,0.0083319714
2025-12-18 10:00:00,0.0035245715
2025-12-18 11:00:00,0.0007194072
2025-12-18 12:00:00,0.0023996074
2025-12-18 13:00:00,0.0168469745
2025-12-18 14:00:00,-0.0065480154
2025-12-18 15:00:00,0.0092250997
2025-12-18 16:00:00,-0.0046176189
2025-12-18 17:00:00,-0.0235045689
2025-12-18 18:00:00,-0.0127197844
2025-12-18 19:00:00,-0.0201136352
2025-12-18 20:00:00,-0.0018961556
2025-12-18 21:00:00,0.0091261268
2025-12-18 22:00:00,-0.000412522
2025-12-18 23:00:00,-0.0062415527
2025-12-19 00:00:00,-0.0080091802
2025-12-19 01:00:00,-0.0058598017
2025-12-19 02:00:00,0.006451148
2025-12-19 03:00:00,0.0250373805
2025-12-19 04:00:00,-0.0002067105
2025-12-19 05:00:00,-0.0063581332
2025-12-19 06:00:00,0.0127301548
2025-12-19 07:00:00,0.0088960275
2025-12-19 08:00:00,-0.0002411337
2025-12-19 09:00:00,-0.0010724092
2025-12-19 10:00:00,0.0012599626
2025-12-19 11:00:00,0.0015687118
2025-12-19 12:00:00,0.0053089018
2025-12-19 13:00:00,-0.0069633479
2025-12-19 14:00:00,0.0054935504
2025-12-19 15:00:00,-0.0007677093
2025-12-19 16:00:00,0.0065862979
2025-12-19 17:00:00,-0.0076268446
2025-12-19 18:00:00,0.0103993332
2025-12-19 19:00:00,0.0074433541
2025-12-19 20:00:00,0.000812567
2025-12-19 21:00:00,-0.0032542373
2025-12-19 22:00:00,0.0022948135
2025-12-19 23:00:00,0.0008912984
2025-12-20 00:00:00,-0.0013057605
2025-12-20 01:00:00,-0.0021064417
2025-12-20 02:00:00,-0.0025167313
2025-12-20 03:00:00,0.0033840089
2025-12-20 04:00:00,0.0001103269
2025-12-20 05:00:00,0.0049678346
2025-12-20 06:00:00,0.0015199992
2025-12-20 07:00:00,-0.0015984124
2025-12-20 08:00:00,0.0080651687
2025-12-20 09:00:00,0.0102565002
2025-12-20 10:00:00,-0.004506505
2025-12-20 11:00:00,0.0017412184
2025-12-20 12:00:00,-0.00149376
2025-12-20 13:00:00,-0.0066770181
2025-12-20 14:00:00,0.0004358045
2025-12-20 15:00:00,-0.0037885034
2025-12-20 16:00:00,0.0038040643
2025-12-20 17:00:00,-0.002321253
2025-12-20 18:00:00,-0.0008217782
2025-12-20 19:00:00,0.0008893628
2025-12-20 20:00:00,0.0017244608
2025-12-20 21:00:00,0.0017422149
2025-12-20 22:00:00,0.0013719305
2025-12-20 23:00:00,-0.0001241728
2025-12-21 00:00:00,0.0024805317
2025-12-21 01:00:00,-0.0048531227
2025-12-21 02:00:00,-0.0021599066
2025-12-21 03:00:00,0.0025902918
2025-12-21 04:00:00,-0.0027774263
2025-12-21 05:00:00,-0.0009986426
2025-12-21 06:00:00,-0.0009006735
2025-12-21 07:00:00,0.0022423692
2025-12-21 08:00:00,0.0057933026
2025-12-21 09:00:00,0.0048553793
2025-12-21 10:00:00,-0.0062669289
2025-12-21 11:00:00,8.27832e-05
2025-12-21 12:00:00,-0.0020353474
2025-12-21 13:00:00,-0.0159120453
2025-12-21 14:00:00,0.0043834131
2025-12-21 15:00:00,-0.0012909525
2025-12-21 16:00:00,0.0018519447
2025-12-21 17:00:00,-0.0001520135
2025-12-21 18:00:00,0.0023248518
2025-12-21 19:00:00,0.0028359035
2025-12-21 20:00:00,-0.0029248186
2025-12-21 21:00:00,-0.0025819846
2025-12-21 22:00:00,0.005339901
2025-12-21 23:00:00,0.0020582518
2025-12-22 00:00:00,0.0014200669
2025-12-22 01:00:00,-0.0023262178
2025-12-22 02:00:00,-0.0003230799
2025-12-22 03:00:00,0.0003855994
2025-12-22 04:00:00,0.0024508094
2025-12-22 05:00:00,-0.0025550108
2025-12-22 06:00:00,-0.001235614
2025-12-22 07:00:00,0.004964468
2025-12-22 08:00:00,-0.005214905
2025-12-22 09:00:00,0.0025952383
2025-12-22 10:00:00,0.0019082536
2025-12-22 11:00:00,0.0045763824
2025-12-22 12:00:00,0.0006668269
2025-12-22 13:00:00,-0.0011478386
2025-12-22 14:00:00,0.0035375233
2025-12-22 15:00:00,-0.0033461254
2025-12-22 16:00:00,0.0027634244
2025-12-22 17:00:00,-0.004710149
2025-12-22 18:00:00,-0.0016805419
2025-12-22 19:00:00,-0.013162932
2025-12-22 20:00:00,-0.0026967539
2025-12-22 21:00:00,-1.58227e-05
2025-12-22 22:00:00,0.0060680819
2025-12-22 23:00:00,-0.0029505671
2025-12-23 00:00:00,0.0004363082
2025-12-23 01:00:00,-0.0029527347
2025-12-23 02:00:00,-0.0023536873
2025-12-23 03:00:00,-0.0005760719
2025-12-23 04:00:00,-0.0020480044
2025-12-23 05:00:00,-0.0030612946
2025-12-23 06:00:00,-0.0007282373
2025-12-23 07:00:00,-0.000484013
2025-12-23 08:00:00,-0.0016505959
2025-12-23 09:00:00,0.0046148202
2025-12-23 10:00:00,0.0066718019
2025-12-23 11:00:00,0.0033507918
2025-12-23 12:00:00,-0.0030926396
2025-12-23 13:00:00,-0.010756408
2025-12-23 14:00:00,-0.0031304939
2025-12-23 15:00:00,0.0044448308
2025-12-23 16:00:00,0.0051237555
2025-12-23 17:00:00,-0.0116913717
2025-12-23 18:00:00,0.0067484019
2025-12-23 19:00:00,0.0002817478
2025-12-23 20:00:00,-0.000260481
2025-12-23 21:00:00,-0.0002499129
2025-12-23 22:00:00,-0.0012345286
2025-12-23 23:00:00,-0.0033440655
2025-12-24 00:00:00,0.0001549166
2025-12-24 01:00:00,-0.0016840016
2025-12-24 02:00:00,-0.0081876515
2025-12-24 03:00:00,0.0039141522
2025-12-24 04:00:00,-0.0039303359
2025-12-24 05:00:00,-0.0040000053
2025-12-24 06:00:00,0.002612627
2025-12-24 07:00:00,0.00207226
2025-12-24 08:00:00,-0.0019318151
2025-12-24 09:00:00,0.0013062725
2025-12-24 10:00:00,0.005910828
2025-12-24 11:00:00,0.0017359441
2025-12-24 12:00:00,0.0015084653
2025-12-24 13:00:00,-0.0010160918
2025-12-24 14:00:00,-0.0059891345
2025-12-24 15:00:00,0.0019144114
2025-12-24 16:00:00,-0.000349268
2025-12-24 17:00:00,-0.0058806102
2025-12-24 18:00:00,0.0029203721
2025-12-24 19:00:00,0.0028419967
2025-12-24 20:00:00,0.0015467824
2025-12-24 21:00:00,-0.0005421756
2025-12-24 22:00:00,0.0031683683
2025-12-24 23:00:00,-0.0037000932
2025-12-25 00:00:00,-0.0029268576
2025-12-25 01:00:00,0.0045962757
2025-12-25 02:00:00,0.0026941706
2025-12-25 03:00:00,-0.0003102899
2025-12-25 04:00:00,0.0015611721
2025-12-25 05:00:00,-0.0021659789
2025-12-25 06:00:00,0.003836725
2025-12-25 07:00:00,-0.0008697207
2025-12-25 08:00:00,-0.0004645166
2025-12-25 09:00:00,-0.0009991746
2025-12-25 10:00:00,-0.0076739346
2025-12-25 11:00:00,0.0012274895
2025-12-25 12:00:00,0.0030085067
2025-12-25 13:00:00,0.0017525764
2025-12-25 14:00:00,0.000765453
2025-12-25 15:00:00,0.0066555631
2025-12-25 16:00:00,-0.0059388169
2025-12-25 17:00:00,-0.0004011006
2025-12-25 18:00:00,0.0016782025
2025-12-25 19:00:00,-0.0002403339
2025-12-25 20:00:00,-0.0024547108
2025-12-25 21:00:00,-0.0016398278
2025-12-25 22:00:00,-0.0106924056
2025-12-25 23:00:00,-0.0072414607
2025-12-26 00:00:00,-0.0003822985
2025-12-26 01:00:00,0.0027601874
2025-12-26 02:00:00,0.0171154841
2025-12-26 03:00:00,-0.0024287407
2025-12-26 04:00:00,0.0008048722
2025-12-26 05:00:00,0.0018862268
2025-12-26 06:00:00,0.0033990733
2025-12-26 07:00:00,-0.0061760636
2025-12-26 08:00:00,0.0014430675
2025-12-26 09:00:00,0.0055809623
2025-12-26 10:00:00,0.0008365949
2025-12-26 11:00:00,-0.0040081497
2025-12-26 12:00:00,0.0005613608
2025-12-26 13:00:00,0.0031164975
2025-12-26 14:00:00,-0.0182167328
2025-12-26 15:00:00,-0.003609445
2025-12-26 16:00:00,-0.0014278009
2025-12-26 17:00:00,0.0048581682
2025-12-26 18:00:00,0.0007432343
2025-12-26 19:00:00,0.0002114767
2025-12-26 20:00:00,0.0043713315
2025-12-26 21:00:00,-0.0037967746
2025-12-26 22:00:00,0.0004009102
2025-12-26 23:00:00,-0.0022395697
2025-12-27 00:00:00,0.0009116167
2025-12-27 01:00:00,0.0010516673
2025-12-27 02:00:00,0.0012995031
2025-12-27 03:00:00,0.0010329825
2025-12-27 04:00:00,-0.0016500359
2025-12-27 05:00:00,0.0008551126
2025-12-27 06:00:00,-0.000947162
2025-12-27 07:00:00,-0.0001841242
2025-12-27 08:00:00,0.0013584716
2025-12-27 09:00:00,0.0006217914
2025-12-27 10:00:00,-0.0013468016
2025-12-27 11:00:00,0.0015035401
2025-12-27 12:00:00,-0.0002161975
2025-12-27 13:00:00,-0.0027335214
2025-12-27 14:00:00,0.0020413751
2025-12-27 15:00:00,-0.0002759106
2025-12-27 16:00:00,-0.0023889955
2025-12-27 17:00:00,0.0028001286
2025-12-27 18:00:00,8.11247e-05
2025-12-27 19:00:00,0.0028783681
2025-12-27 20:00:00,-0.0001402161
2025-12-27 21:00:00,0.0036177503
2025-12-27 22:00:00,-3.22435e-05
2025-12-27 23:00:00,0.0059687915
2025-12-28 00:00:00,-0.0010796713
2025-12-28 01:00:00,-0.0003530167
2025-12-28 02:00:00,0.0013258418
2025-12-28 03:00:00,0.0006836183
2025-12-28 04:00:00,-5.339e-06
2025-12-28 05:00:00,-0.0008759748
2025-12-28 06:00:00,0.0023324528
2025-12-28 07:00:00,-0.0019584673
2025-12-28 08:00:00,-0.0027065353
2025-12-28 09:00:00,-0.0022145316
2025-12-28 10:00:00,0.0036917316
2025-12-28 11:00:00,0.000245988
2025-12-28 12:00:00,-0.0028539703
2025-12-28 13:00:00,0.0003055981
2025-12-28 14:00:00,0.002216809
2025-12-28 15:00:00,-0.0005296596
2025-12-28 16:00:00,-0.0019069561
2025-12-28 17:00:00,0.0008092935
2025-12-28 18:00:00,-0.0060129629
2025-12-28 19:00:00,0.0004580198
2025-12-28 20:00:00,0.000409346
2025-12-28 21:00:00,0.0021248277
2025-12-28 22:00:00,0.0030582704
2025-12-28 23:00:00,-0.0016513775
2025-12-29 00:00:00,0.0044332437
2025-12-29 01:00:00,0.0045253649
2025-12-29 02:00:00,0.0049231391
2025-12-29 03:00:00,0.0122289814
2025-12-29 04:00:00,-0.0001986741
2025-12-29 05:00:00,-0.0062153864
2025-12-29 06:00:00,-0.0004789007
2025-12-29 07:00:00,-0.0006898095
2025-12-29 08:00:00,-0.0009749697
2025-12-29 09:00:00,-0.0120518536
2025-12-29 10:00:00,-0.0002241626
2025-12-29 11:00:00,-0.0017416395
2025-12-29 12:00:00,-0.0028058169
2025-12-29 13:00:00,-0.0022385125
2025-12-29 14:00:00,0.0019542791
2025-12-29 15:00:00,-0.0006545802
2025-12-29 16:00:00,-0.0016275757
2025-12-29 17:00:00,0.0018529713
2025-12-29 18:00:00,-0.0057689156
2025-12-29 19:00:00,-0.0010205543
2025-12-29 20:00:00,-0.001860194
2025-12-29 21:00:00,0.0022490994
2025-12-29 22:00:00,-0.0009293028
2025-12-29 23:00:00,-0.0005839574
2025-12-30 00:00:00,0.0002325424
2025-12-30 01:00:00,-0.0021436003
2025-12-30 02:00:00,0.0024355538
2025-12-30 03:00:00,0.0048211057
2025-12-30 04:00:00,-2.68991e-05
2025-12-30 05:00:00,-0.0013404936
2025-12-30 06:00:00,0.0018138129
2025-12-30 07:00:00,-0.0010814331
2025-12-30 08:00:00,0.0038147683
2025-12-30 09:00:00,0.0010719608
2025-12-30 10:00:00,-0.0037353929
2025-12-30 11:00:00,-0.0004625272
2025-12-30 12:00:00,0.0013761963
2025-12-30 13:00:00,3.22319e-05
2025-12-30 14:00:00,0.0050796346
2025-12-30 15:00:00,0.0025355051
2025-12-30 16:00:00,0.0001865726
2025-12-30 17:00:00,-0.0018833151
2025-12-30 18:00:00,0.0024588056
2025-12-30 19:00:00,-0.0015247075
2025-12-30 20:00:00,-0.0041915781
2025-12-30 21:00:00,0.0023064728
2025-12-30 22:00:00,-0.0003154212
2025-12-30 23:00:00,0.0027019106
2025-12-31 00:00:00,-0.0019215583
2025-12-31 01:00:00,0.0030301114
2025-12-31 02:00:00,-0.0002503829
2025-12-31 03:00:00,-0.0039183915
2025-12-31 04:00:00,-0.0019864064
2025-12-31 05:00:00,0.0020024529
2025-12-31 06:00:00,0.0005668116
2025-12-31 07:00:00,-0.0002459354
2025-12-31 08:00:00,-0.0027736298
2025-12-31 09:00:00,0.0019230827
2025-12-31 10:00:00,0.0004601342
2025-12-31 11:00:00,0.0038280164
2025-12-31 12:00:00,-0.0014611388
2025-12-31 13:00:00,-0.0001067361
2025-12-31 14:00:00,-0.0051367777
2025-12-31 15:00:00,-0.0039884592
2025-12-31 16:00:00,-0.0080738273
2025-12-31 17:00:00,-0.0054881473
2025-12-31 18:00:00,0.0001201031
2025-12-31 19:00:00,-0.0034121701
2025-12-31 20:00:00,0.0007173032
2025-12-31 21:00:00,0.0064109254
2025-12-31 22:00:00,-0.0001305362
2025-12-31 23:00:00,0.0004622391
2026-01-01 00:00:00,0.0016568662
2026-01-01 01:00:00,-0.0022442185
2026-01-01 02:00:00,-0.000941571
2026-01-01 03:00:00,-0.003146809
2026-01-01 04:00:00,-0.0019847948
2026-01-01 05:00:00,0.0080676811
2026-01-01 06:00:00,0.0003365541
2026-01-01 07:00:00,-0.0016947776
2026-01-01 08:00:00,0.0043019452
2026-01-01 09:00:00,0.0010928785
2026-01-01 10:00:00,0.000454113
2026-01-01 11:00:00,0.0011721716
2026-01-01 12:00:00,-0.0010262505
2026-01-01 13:00:00,0.0030109453
2026-01-01 14:00:00,-0.0012507617
2026-01-01 15:00:00,0.0034895967
2026-01-01 16:00:00,0.0009993983
2026-01-01 17:00:00,0.0021726602
2026-01-01 18:00:00,0.0003375455
2026-01-01 19:00:00,0.0024291077
2026-01-01 20:00:00,-0.0009302824
2026-01-01 21:00:00,-0.0005671482
2026-01-01 22:00:00,0.0027097753
2026-01-01 23:00:00,0.0019942313
2026-01-02 00:00:00,-0.000394265
2026-01-02 01:00:00,-0.0035714419
2026-01-02 02:00:00,0.0025690959
2026-01-02 03:00:00,0.0062058327
2026-01-02 04:00:00,-0.0063018548
2026-01-02 05:00:00,-0.0004802485
2026-01-02 06:00:00,0.0006722833
2026-01-02 07:00:00,-0.0031572479
2026-01-02 08:00:00,0.0049052019
2026-01-02 09:00:00,0.0086414466
2026-01-02 10:00:00,0.0003008384
2026-01-02 11:00:00,-0.0031236234
2026-01-02 12:00:00,0.0042891769
2026-01-02 13:00:00,-0.001096954
2026-01-02 14:00:00,0.0107435081
2026-01-02 15:00:00,0.0006471107
2026-01-02 16:00:00,0.0231488595
2026-01-02 17:00:00,0.0150463986
2026-01-02 18:00:00,-0.0077428327
2026-01-02 19:00:00,0.0073309897
2026-01-02 20:00:00,-0.0061071046
2026-01-02 21:00:00,0.0185827112
2026-01-02 22:00:00,-0.000555812
2026-01-02 23:00:00,-0.004268196
2026-01-03 00:00:00,0.0039206566
2026-01-03 01:00:00,0.007746225
2026-01-03 02:00:00,-0.00266928
2026-01-03 03:00:00,0.0074227551
2026-01-03 04:00:00,0.0043111425
2026-01-03 05:00:00,-0.0085769244
2026-01-03 06:00:00,-0.0090784457
2026-01-03 07:00:00,-0.0095930584
2026-01-03 08:00:00,0.0069605153
2026-01-03 09:00:00,0.0030350245
2026-01-03 10:00:00,-0.0040820041
2026-01-03 11:00:00,-0.0030824825
2026-01-03 12:00:00,0.0013400739
2026-01-03 13:00:00,0.0014430701
2026-01-03 14:00:00,0.0029893601
2026-01-03 15:00:00,-0.0027548707
2026-01-03 16:00:00,-0.0017125386
2026-01-03 17:00:00,-3.49803e-05
2026-01-03 18:00:00,0.004054555
2026-01-03 19:00:00,-0.0014792792
2026-01-03 20:00:00,0.0001395541
2026-01-03 21:00:00,0.000836916
2026-01-03 22:00:00,0.0024221095
2026-01-03 23:00:00,0.002049481
2026-01-04 00:00:00,0.0122045568
2026-01-04 01:00:00,-0.0033700539
2026-01-04 02:00:00,-0.0032286194
2026-01-04 03:00:00,0.0139711106
2026-01-04 04:00:00,0.0016757216
2026-01-04 05:00:00,0.0026850077
2026-01-04 06:00:00,0.0002516527
2026-01-04 07:00:00,0.0021992638
2026-01-04 08:00:00,0.002729054
2026-01-04 09:00:00,0.0036239934
2026-01-04 10:00:00,0.0028505403
2026-01-04 11:00:00,0.0020693305
2026-01-04 12:00:00,0.0107505962
2026-01-04 13:00:00,-0.0076474684
2026-01-04 14:00:00,-0.0053064193
2026-01-04 15:00:00,0.0001770161
2026-01-04 16:00:00,0.0001626358
2026-01-04 17:00:00,0.0017490542
2026-01-04 18:00:00,-0.0037120171
2026-01-04 19:00:00,-0.0015203512
2026-01-04 20:00:00,0.0037176545
2026-01-04 21:00:00,0.0022831387
2026-01-04 22:00:00,-0.0050365169
2026-01-04 23:00:00,0.0024138058
2026-01-05 00:00:00,0.0097821357
2026-01-05 01:00:00,0.0209809706
2026-01-05 02:00:00,-0.0059317812
2026-01-05 03:00:00,-0.0005834456
2026-01-05 04:00:00,-0.0074936205
2026-01-05 05:00:00,-0.0016948917
2026-01-05 06:00:00,0.0001649073
2026-01-05 07:00:00,0.0047470749
2026-01-05 08:00:00,0.0027766805
2026-01-05 09:00:00,-0.0008279831
2026-01-05 10:00:00,0.0001123091
2026-01-05 11:00:00,-0.0020797624
2026-01-05 12:00:00,-0.0032971243
2026-01-05 13:00:00,-0.0045643663
2026-01-05 14:00:00,0.0153731578
2026-01-05 15:00:00,0.0076496569
2026-01-05 16:00:00,0.0131633671
2026-01-05 17:00:00,0.0060439345
2026-01-05 18:00:00,0.0267986724
2026-01-05 19:00:00,0.0046250437
2026-01-05 20:00:00,0.0169044353
2026-01-05 21:00:00,0.0078602424
2026-01-05 22:00:00,-5.56813e-05
2026-01-05 23:00:00,0.0054207852
2026-01-06 00:00:00,0.0104001175
2026-01-06 01:00:00,0.0006406366
2026-01-06 02:00:00,0.0082618917
2026-01-06 03:00:00,-0.0029084204
2026-01-06 04:00:00,0.000615868
2026-01-06 05:00:00,0.0011887671
2026-01-06 06:00:00,-0.0063157884
2026-01-06 07:00:00,-0.0196066374
2026-01-06 08:00:00,0.0008754238
2026-01-06 09:00:00,0.0080828198
2026-01-06 10:00:00,0.0041865404
2026-01-06 11:00:00,0.0070005648
2026-01-06 12:00:00,-0.0013936698
2026-01-06 13:00:00,-0.0008641239
2026-01-06 14:00:00,0.0028971369
2026-01-06 15:00:00,-0.012792774
2026-01-06 16:00:00,-0.0284944915
2026-01-06 17:00:00,-0.0329332739
2026-01-06 18:00:00,0.0166489745
2026-01-06 19:00:00,-0.0086244837
2026-01-06 20:00:00,0.013401156
2026-01-06 21:00:00,0.0117398516
2026-01-06 22:00:00,0.0035947823
2026-01-06 23:00:00,0.0055200175
2026-01-07 00:00:00,-0.0095968352
2026-01-07 01:00:00,-0.007426343
2026-01-07 02:00:00,0.0042214794
2026-01-07 03:00:00,-0.0041066734
2026-01-07 04:00:00,-0.0034100517
2026-01-07 05:00:00,-0.0028306259
2026-01-07 06:00:00,0.0053527957
2026-01-07 07:00:00,0.0069406494
2026-01-07 08:00:00,0.0017145179
2026-01-07 09:00:00,-0.0194610397
2026-01-07 10:00:00,0.004559634
2026-01-07 11:00:00,0.0001156146
2026-01-07 12:00:00,-0.0014817685
2026-01-07 13:00:00,-0.0012788438
2026-01-07 14:00:00,-0.0069350577
2026-01-07 15:00:00,-0.0153145814
2026-01-07 16:00:00,0.0022269036
2026-01-07 17:00:00,-0.0030478731
2026-01-07 18:00:00,-0.0027231415
2026-01-07 19:00:00,0.0027140158
2026-01-07 20:00:00,-0.0089834274
2026-01-07 21:00:00,0.0023177433
2026-01-07 22:00:00,-0.0044240017
2026-01-07 23:00:00,-0.0020228618
2026-01-08 00:00:00,0.002059771
2026-01-08 01:00:00,0.0060760263
2026-01-08 02:00:00,-0.0070730537
2026-01-08 03:00:00,-0.0081425669
2026-01-08 04:00:00,0.0053354015
2026-01-08 05:00:00,-0.0087820645
2026-01-08 06:00:00,-0.0164634289
2026-01-08 07:00:00,0.0052770571
2026-01-08 08:00:00,-0.0033695561
2026-01-08 09:00:00,-0.0076089418
2026-01-08 10:00:00,0.003704635
2026-01-08 11:00:00,-0.0054927232
2026-01-08 12:00:00,-0.0054749434
2026-01-08 13:00:00,0.003117819
2026-01-08 14:00:00,5.27607e-05
2026-01-08 15:00:00,0.0189093641
2026-01-08 16:00:00,0.0087485768
2026-01-08 17:00:00,0.0085339376
2026-01-08 18:00:00,-0.0127604352
2026-01-08 19:00:00,-0.0004311335
2026-01-08 20:00:00,-0.0036580453
2026-01-08 21:00:00,0.0052176806
2026-01-08 22:00:00,-0.0021785429
2026-01-08 23:00:00,-0.0051395138
2026-01-09 00:00:00,0.0039568981
2026-01-09 01:00:00,-0.0104317085
2026-01-09 02:00:00,0.003869118
2026-01-09 03:00:00,0.0080687739
2026-01-09 04:00:00,-0.0037438361
2026-01-09 05:00:00,0.004962137
2026-01-09 06:00:00,0.0027871324
2026-01-09 07:00:00,-0.011072667
2026-01-09 08:00:00,-0.0177407258
2026-01-09 09:00:00,0.0063005237
2026-01-09 10:00:00,0.0021612862
2026-01-09 11:00:00,0.0011193596
2026-01-09 12:00:00,-0.0027601742
2026-01-09 13:00:00,0.0041492946
2026-01-09 14:00:00,-0.0069841281
2026-01-09 15:00:00,0.0123606381
2026-01-09 16:00:00,0.0069408892
2026-01-09 17:00:00,-0.0115428039
2026-01-09 18:00:00,-0.0072944652
2026-01-09 19:00:00,-0.004214934
2026-01-09 20:00:00,0.0008837784
2026-01-09 21:00:00,0.0031828079
2026-01-09 22:00:00,0.0026716707
2026-01-09 23:00:00,-0.0009502776
2026-01-10 00:00:00,-0.0017022502
2026-01-10 01:00:00,0.0016019169
2026-01-10 02:00:00,-0.0005687453
2026-01-10 03:00:00,-0.0016315598
2026-01-10 04:00:00,-0.0037228267
2026-01-10 05:00:00,0.0031432457
2026-01-10 06:00:00,0.0013741626
2026-01-10 07:00:00,0.0037156122
2026-01-10 08:00:00,-0.0033711706
2026-01-10 09:00:00,0.0019591453
2026-01-10 10:00:00,0.0033455526
2026-01-10 11:00:00,-0.0008139117
2026-01-10 12:00:00,-0.0008717628
2026-01-10 13:00:00,-0.0044133312
2026-01-10 14:00:00,-0.0005410647
2026-01-10 15:00:00,0.0011105421
2026-01-10 16:00:00,0.0008655587
2026-01-10 17:00:00,-0.0018755268
2026-01-10 18:00:00,0.0029743283
2026-01-10 19:00:00,-0.0011609437
2026-01-10 20:00:00,-0.0013250262
2026-01-10 21:00:00,-0.0001819096
2026-01-10 22:00:00,-0.0027758286
2026-01-10 23:00:00,0.0023879635
2026-01-11 00:00:00,-0.000263451
2026-01-11 01:00:00,0.0013213457
2026-01-11 02:00:00,-4.78444e-05
2026-01-11 03:00:00,0.0013101086
2026-01-11 04:00:00,-0.001180934
2026-01-11 05:00:00,0.0014007111
2026-01-11 06:00:00,-0.0004204853
2026-01-11 07:00:00,-0.0008415014
2026-01-11 08:00:00,0.00178257
2026-01-11 09:00:00,-0.0023471552
2026-01-11 10:00:00,0.0004545639
2026-01-11 11:00:00,0.0011044468
2026-01-11 12:00:00,0.0041058615
2026-01-11 13:00:00,-0.002931037
2026-01-11 14:00:00,0.0048945486
2026-01-11 15:00:00,-0.0090987576
2026-01-11 16:00:00,0.0023984214
2026-01-11 17:00:00,-0.000157803
2026-01-11 18:00:00,-0.0002821947
2026-01-11 19:00:00,-0.0030662232
2026-01-11 20:00:00,-0.0103893781
2026-01-11 21:00:00,0.0045906145
2026-01-11 22:00:00,-0.0064298628
2026-01-11 23:00:00,0.0060147207
2026-01-12 00:00:00,-0.0090844238
2026-01-12 01:00:00,0.0045015997
2026-01-12 02:00:00,0.0169531859
2026-01-12 03:00:00,-0.0081641706
2026-01-12 04:00:00,0.003910838
2026-01-12 05:00:00,-0.0037425732
2026-01-12 06:00:00,-0.0059787163
2026-01-12 07:00:00,-0.0082795397
2026-01-12 08:00:00,-0.0014297463
2026-01-12 09:00:00,-0.0031350211
2026-01-12 10:00:00,-0.0037691446
2026-01-12 11:00:00,0.0061176661
2026-01-12 12:00:00,0.0005471956
2026-01-12 13:00:00,0.0010007885
2026-01-12 14:00:00,0.0102285176
2026-01-12 15:00:00,0.010263597
2026-01-12 16:00:00,0.0003967012
2026-01-12 17:00:00,-0.0124731145
2026-01-12 18:00:00,-0.0008664778
2026-01-12 19:00:00,0.0017853821
2026-01-12 20:00:00,-0.002793183
2026-01-12 21:00:00,-0.0075080213
2026-01-12 22:00:00,0.0021808451
2026-01-12 23:00:00,2.92408e-05
2026-01-13 00:00:00,0.0023899759
2026-01-13 01:00:00,-0.0026580482
2026-01-13 02:00:00,-0.0006631785
2026-01-13 03:00:00,-0.0011274371
2026-01-13 04:00:00,0.0034466403
2026-01-13 05:00:00,0.0031534655
2026-01-13 06:00:00,-0.0002620049
2026-01-13 07:00:00,-0.0048741432
2026-01-13 08:00:00,0.0061980204
2026-01-13 09:00:00,-0.0003150499
2026-01-13 10:00:00,-0.002033246
2026-01-13 11:00:00,-6.8008e-05
2026-01-13 12:00:00,0.0010147824
2026-01-13 13:00:00,0.0030962402
2026-01-13 14:00:00,0.0045566302
2026-01-13 15:00:00,0.0099196704
2026-01-13 16:00:00,0.0033513468
2026-01-13 17:00:00,-0.0061352079
2026-01-13 18:00:00,0.0067528379
2026-01-13 19:00:00,0.0156220411
2026-01-13 20:00:00,-0.0025422493
2026-01-13 21:00:00,-0.0061882724
2026-01-13 22:00:00,0.0245173811
2026-01-13 23:00:00,-0.0037628528
2026-01-14 00:00:00,0.000540397
2026-01-14 01:00:00,0.0035952029
2026-01-14 02:00:00,-0.001404278
2026-01-14 03:00:00,0.0054816058
2026-01-14 04:00:00,-0.0094611134
2026-01-14 05:00:00,-0.0046179393
2026-01-14 06:00:00,-0.0018093996
2026-01-14 07:00:00,9.31081e-05
2026-01-14 08:00:00,-0.0031845602
2026-01-14 09:00:00,0.002117953
2026-01-14 10:00:00,-0.005312687
2026-01-14 11:00:00,-0.0095087283
2026-01-14 12:00:00,0.0046809319
2026-01-14 13:00:00,-0.0043262641
2026-01-14 14:00:00,0.0206456289
2026-01-14 15:00:00,-0.0015249099
2026-01-14 16:00:00,0.0018722085
2026-01-14 17:00:00,-0.0098918113
2026-01-14 18:00:00,0.0004300874
2026-01-14 19:00:00,0.0028889412
2026-01-14 20:00:00,0.0017228538
2026-01-14 21:00:00,-0.0015970316
2026-01-14 22:00:00,-0.0046753611
2026-01-14 23:00:00,0.0014455771
2026-01-15 00:00:00,-0.0031136264
2026-01-15 01:00:00,-0.0063461512
2026-01-15 02:00:00,-0.0070565907
2026-01-15 03:00:00,-0.0077100354
2026-01-15 04:00:00,0.006425978
2026-01-15 05:00:00,-0.0009617445
2026-01-15 06:00:00,-0.0036554388
2026-01-15 07:00:00,0.0040126301
2026-01-15 08:00:00,0.0017365121
2026-01-15 09:00:00,0.006179353
2026-01-15 10:00:00,-0.0008412536
2026-01-15 11:00:00,-0.0016846333
2026-01-15 12:00:00,0.0030218004
2026-01-15 13:00:00,0.0050678091
2026-01-15 14:00:00,-0.0156055645
2026-01-15 15:00:00,5.24888e-05
2026-01-15 16:00:00,-0.0022164697
2026-01-15 17:00:00,-0.0054088918
2026-01-15 18:00:00,-0.0047907169
2026-01-15 19:00:00,-0.0022926139
2026-01-15 20:00:00,-0.0019484963
2026-01-15 21:00:00,0.0061090381
2026-01-15 22:00:00,0.0004290821
2026-01-15 23:00:00,0.001733737
2026-01-16 00:00:00,0.0016058391
2026-01-16 01:00:00,-0.0022171199
2026-01-16 02:00:00,-0.0010067802
2026-01-16 03:00:00,-0.0055579058
2026-01-16 04:00:00,-0.0001890281
2026-01-16 05:00:00,0.0041165958
2026-01-16 06:00:00,0.0006611379
2026-01-16 07:00:00,-4.82435e-05
2026-01-16 08:00:00,0.0005932328
2026-01-16 09:00:00,-0.0037050229
2026-01-16 10:00:00,-0.0027962964
2026-01-16 11:00:00,0.0019296508
2026-01-16 12:00:00,-0.0010807275
2026-01-16 13:00:00,-0.0025586575
2026-01-16 14:00:00,-0.0010749368
2026-01-16 15:00:00,-0.0112857851
2026-01-16 16:00:00,0.0055805058
2026-01-16 17:00:00,0.0045317446
2026-01-16 18:00:00,-0.0017116403
2026-01-16 19:00:00,0.002320492
2026-01-16 20:00:00,0.0117052688
2026-01-16 21:00:00,-0.0023609917
2026-01-16 22:00:00,-7.23633e-05
2026-01-16 23:00:00,-0.0029278636
2026-01-17 00:00:00,-0.0015010728
2026-01-17 01:00:00,0.0009638508
2026-01-17 02:00:00,-0.0019868391
2026-01-17 03:00:00,-0.0029584886
2026-01-17 04:00:00,0.0036325179
2026-01-17 05:00:00,-0.0003296842
2026-01-17 06:00:00,-0.0015432027
2026-01-17 07:00:00,-0.0008356817
2026-01-17 08:00:00,0.0020199869
2026-01-17 09:00:00,0.0004607233
2026-01-17 10:00:00,-0.0011012389
2026-01-17 11:00:00,0.0004173521
2026-01-17 12:00:00,-0.0008640148
2026-01-17 13:00:00,0.0011744895
2026-01-17 14:00:00,0.0056107099
2026-01-17 15:00:00,0.0038127562
2026-01-17 16:00:00,-0.0043579348
2026-01-17 17:00:00,0.0045549172
2026-01-17 18:00:00,-0.0029780899
2026-01-17 19:00:00,-0.0014465363
2026-01-17 20:00:00,-0.0007578555
2026-01-17 21:00:00,-0.0015077638
2026-01-17 22:00:00,-0.0019169799
2026-01-17 23:00:00,-0.0007610332
2026-01-18 00:00:00,-0.0018055277
2026-01-18 01:00:00,-0.0039134421
2026-01-18 02:00:00,0.000531452
2026-01-18 03:00:00,0.0029398186
2026-01-18 04:00:00,-0.0013812224
2026-01-18 05:00:00,-0.0003456039
2026-01-18 06:00:00,0.0017997252
2026-01-18 07:00:00,-0.0030907111
2026-01-18 08:00:00,0.0022885311
2026-01-18 09:00:00,0.0015940053
2026-01-18 10:00:00,-0.0012584699
2026-01-18 11:00:00,-0.0013720293
2026-01-18 12:00:00,-0.0014909305
2026-01-18 13:00:00,0.000370504
2026-01-18 14:00:00,-0.0011607209
2026-01-18 15:00:00,0.0003951865
2026-01-18 16:00:00,-0.000658731
2026-01-18 17:00:00,0.0001708238
2026-01-18 18:00:00,0.0057518967
2026-01-18 19:00:00,-0.003977057
2026-01-18 20:00:00,0.0019467474
2026-01-18 21:00:00,-9.23848e-05
2026-01-18 22:00:00,0.0015742373
2026-01-18 23:00:00,-0.0341282526
2026-01-19 00:00:00,-0.0233072165
2026-01-19 01:00:00,0.0037209775
2026-01-19 02:00:00,0.0023588477
2026-01-19 03:00:00,0.0050926756
2026-01-19 04:00:00,-0.0020207117
2026-01-19 05:00:00,-0.0009532379
2026-01-19 06:00:00,-0.0004539994
2026-01-19 07:00:00,-0.0001734924
2026-01-19 08:00:00,0.0101798457
2026-01-19 09:00:00,0.0004595786
2026-01-19 10:00:00,-0.0007323954
2026-01-19 11:00:00,-0.0040251079
2026-01-19 12:00:00,9.63868e-05
2026-01-19 13:00:00,0.0003753126
2026-01-19 14:00:00,0.0030479956
2026-01-19 15:00:00,0.0013236403
2026-01-19 16:00:00,0.0198996372
2026-01-19 17:00:00,-0.0016990337
2026-01-19 18:00:00,-0.0037301522
2026-01-19 19:00:00,0.0016656354
2026-01-19 20:00:00,-0.0060143139
2026-01-19 21:00:00,-0.0019861278
2026-01-19 22:00:00,-0.0093278533
2026-01-19 23:00:00,0.00312904
2026-01-20 00:00:00,0.000619599
2026-01-20 01:00:00,-0.0078158575
2026-01-20 02:00:00,-0.0012340696
2026-01-20 03:00:00,-0.0036858706
2026-01-20 04:00:00,0.0016155134
2026-01-20 05:00:00,0.0004480082
2026-01-20 06:00:00,-0.0093272715
2026-01-20 07:00:00,0.0003801071
2026-01-20 08:00:00,-0.0112224074
2026-01-20 09:00:00,-0.0012004335
2026-01-20 10:00:00,0.0024409256
2026-01-20 11:00:00,-0.0003475978
2026-01-20 12:00:00,0.003449869
2026-01-20 13:00:00,-0.0097064935
2026-01-20 14:00:00,0.0042880841
2026-01-20 15:00:00,-0.0040531444
2026-01-20 16:00:00,-0.0035560985
2026-01-20 17:00:00,-0.0045787578
2026-01-20 18:00:00,-0.0020230018
2026-01-20 19:00:00,0.0019914238
2026-01-20 20:00:00,0.0011624636
2026-01-20 21:00:00,-0.00793789
2026-01-20 22:00:00,0.0003708511
2026-01-20 23:00:00,-0.0002013021
2026-01-21 00:00:00,0.0127447932
2026-01-21 01:00:00,-0.0083096569
2026-01-21 02:00:00,-0.0007017563
2026-01-21 03:00:00,0.0032250613
2026-01-21 04:00:00,0.0024434794
2026-01-21 05:00:00,0.0074250648
2026-01-21 06:00:00,-0.0033292314
2026-01-21 07:00:00,-0.0028946762
2026-01-21 08:00:00,-0.0037709138
2026-01-21 09:00:00,0.0042530689
2026-01-21 10:00:00,-0.0040899638
2026-01-21 11:00:00,-0.006836343
2026-01-21 12:00:00,0.0038013914
2026-01-21 13:00:00,-0.0002902781
2026-01-21 14:00:00,0.0241870315
2026-01-21 15:00:00,0.0081691752
2026-01-21 16:00:00,-0.0412264437
2026-01-21 17:00:00,0.0063174422
2026-01-21 18:00:00,0.0074235711
2026-01-21 19:00:00,0.0349444089
2026-01-21 20:00:00,-0.000619038
2026-01-21 21:00:00,0.0015114017
2026-01-21 22:00:00,-0.0045410755
2026-01-21 23:00:00,-0.0094322467
2026-01-22 00:00:00,0.0037190687
2026-01-22 01:00:00,0.0020255554
2026-01-22 02:00:00,-0.0069325079
2026-01-22 03:00:00,0.0010182724
2026-01-22 04:00:00,0.0027923516
2026-01-22 05:00:00,0.0001691384
2026-01-22 06:00:00,0.0013162513
2026-01-22 07:00:00,-0.0040618773
2026-01-22 08:00:00,0.0056421614
2026-01-22 09:00:00,0.0025212328
2026-01-22 10:00:00,-0.0037637707
2026-01-22 11:00:00,-0.0065191622
2026-01-22 12:00:00,-0.0011284793
2026-01-22 13:00:00,-0.005599359
2026-01-22 14:00:00,-0.0080478933
2026-01-22 15:00:00,-1.04533e-05
2026-01-22 16:00:00,0.0039852328
2026-01-22 17:00:00,0.0038190296
2026-01-22 18:00:00,-0.0041106021
2026-01-22 19:00:00,0.0053700188
2026-01-22 20:00:00,-0.0054220942
2026-01-22 21:00:00,0.0012386609
2026-01-22 22:00:00,-0.0001040301
2026-01-22 23:00:00,-0.0003641907
2026-01-23 00:00:00,-0.0030174739
2026-01-23 01:00:00,0.0019501518
2026-01-23 02:00:00,-0.0066691653
2026-01-23 03:00:00,0.0036380142
2026-01-23 04:00:00,0.0021295483
2026-01-23 05:00:00,-0.0048974228
2026-01-23 06:00:00,9.4307e-05
2026-01-23 07:00:00,0.0013873803
2026-01-23 08:00:00,-0.0041048873
2026-01-23 09:00:00,0.0006459457
2026-01-23 10:00:00,0.0002519632
2026-01-23 11:00:00,0.0032383686
2026-01-23 12:00:00,-0.0018956359
2026-01-23 13:00:00,-0.0029185453
2026-01-23 14:00:00,-0.0046050737
2026-01-23 15:00:00,0.013361335
2026-01-23 16:00:00,0.0079102264
2026-01-23 17:00:00,0.0055063323
2026-01-23 18:00:00,-0.0013531488
2026-01-23 19:00:00,-0.0115268187
2026-01-23 20:00:00,-0.0028999739
2026-01-23 21:00:00,0.0007101235
2026-01-23 22:00:00,0.0040162684
2026-01-23 23:00:00,-0.0033275128
2026-01-24 00:00:00,-0.0002504017
2026-01-24 01:00:00,0.0005789588
2026-01-24 02:00:00,0.0016932246
2026-01-24 03:00:00,-0.0002759303
2026-01-24 04:00:00,0.0009264079
2026-01-24 05:00:00,-0.0017181777
2026-01-24 06:00:00,-0.0017576759
2026-01-24 07:00:00,4.17611e-05
2026-01-24 08:00:00,0.0003914252
2026-01-24 09:00:00,-0.0013628213
2026-01-24 10:00:00,0.0004231433
2026-01-24 11:00:00,-0.0003029733
2026-01-24 12:00:00,0.0013835269
2026-01-24 13:00:00,-0.0004279057
2026-01-24 14:00:00,0.000349644
2026-01-24 15:00:00,-0.0034391236
2026-01-24 16:00:00,0.0009733532
2026-01-24 17:00:00,0.0009462791
2026-01-24 18:00:00,0.0022236267
2026-01-24 19:00:00,-0.0021765975
2026-01-24 20:00:00,0.0004127169
2026-01-24 21:00:00,6.78991e-05
2026-01-24 22:00:00,0.0021911871
2026-01-24 23:00:00,-0.0038325026
2026-01-25 00:00:00,-0.0001517224
2026-01-25 01:00:00,-0.0045256183
2026-01-25 02:00:00,0.0008143387
2026-01-25 03:00:00,-0.0033930704
2026-01-25 04:00:00,0.0003687976
2026-01-25 05:00:00,0.0003423332
2026-01-25 06:00:00,-0.0020768658
2026-01-25 07:00:00,-0.0020336
2026-01-25 08:00:00,-0.0017940547
2026-01-25 09:00:00,0.0012863304
2026-01-25 10:00:00,0.0075836791
2026-01-25 11:00:00,-0.0026022173
2026-01-25 12:00:00,-0.0009690178
2026-01-25 13:00:00,0.0006004804
2026-01-25 14:00:00,-0.0074153302
2026-01-25 15:00:00,-6.36618e-05
2026-01-25 16:00:00,-0.0182297761
2026-01-25 17:00:00,-0.0036319489
2026-01-25 18:00:00,-0.0057208892
2026-01-25 19:00:00,-0.0095567608
2026-01-25 20:00:00,0.0031829391
2026-01-25 21:00:00,0.0084821766
2026-01-25 22:00:00,-0.0056376611
2026-01-25 23:00:00,0.0033547728
2026-01-26 00:00:00,0.0095003565
2026-01-26 01:00:00,0.0166479853
2026-01-26 02:00:00,-0.004169435
2026-01-26 03:00:00,-0.0048033041
2026-01-26 04:00:00,0.0058752785
2026-01-26 05:00:00,0.0014913849
2026-01-26 06:00:00,-0.0004525068
2026-01-26 07:00:00,0.0008143648
2026-01-26 08:00:00,0.0036219993
2026-01-26 09:00:00,-0.00458547
2026-01-26 10:00:00,0.0037209939
2026-01-26 11:00:00,0.0026441094
2026-01-26 12:00:00,0.0039820912
2026-01-26 13:00:00,0.0036880124
2026-01-26 14:00:00,0.0074032363
2026-01-26 15:00:00,0.0024729485
2026-01-26 16:00:00,-0.0031038782
2026-01-26 17:00:00,-0.0040034129
2026-01-26 18:00:00,0.0032885737
2026-01-26 19:00:00,-0.0052595755
2026-01-26 20:00:00,-0.0081452467
2026-01-26 21:00:00,0.0035328355
2026-01-26 22:00:00,0.0003056976
2026-01-26 23:00:00,0.0023423344
2026-01-27 00:00:00,-2.62879e-05
2026-01-27 01:00:00,0.0010772381
2026-01-27 02:00:00,0.0046633811
2026-01-27 03:00:00,-0.003036588
2026-01-27 04:00:00,-0.0003356373
2026-01-27 05:00:00,-0.0036415555
2026-01-27 06:00:00,-0.0021132354
2026-01-27 07:00:00,0.0008595347
2026-01-27 08:00:00,-0.0025332636
2026-01-27 09:00:00,-0.0063294706
2026-01-27 10:00:00,0.000951447
2026-01-27 11:00:00,0.0020963645
2026-01-27 12:00:00,-0.0018838743
2026-01-27 13:00:00,-0.004397109
2026-01-27 14:00:00,0.0035628258
2026-01-27 15:00:00,0.0051381008
2026-01-27 16:00:00,0.0113383
2026-01-27 17:00:00,-0.0179074614
2026-01-27 18:00:00,0.0134474382
2026-01-27 19:00:00,0.0001995798
2026-01-27 20:00:00,0.0086017425
2026-01-27 21:00:00,-0.0056704117
2026-01-27 22:00:00,0.0030741586
2026-01-27 23:00:00,-0.0014052026
2026-01-28 00:00:00,-0.0018260545
2026-01-28 01:00:00,-0.0049244373
2026-01-28 02:00:00,-0.0001052632
2026-01-28 03:00:00,-0.0004422263
2026-01-28 04:00:00,-6.31912e-05
2026-01-28 05:00:00,0.0055036953
2026-01-28 06:00:00,0.0048118587
2026-01-28 07:00:00,-0.0029125626
2026-01-28 08:00:00,-0.0033562965
2026-01-28 09:00:00,0.0117836124
2026-01-28 10:00:00,-0.0025742712
2026-01-28 11:00:00,0.0075740877
2026-01-28 12:00:00,-0.0079483236
2026-01-28 13:00:00,0.0036324804
2026-01-28 14:00:00,-0.0073042926
2026-01-28 15:00:00,-0.0059293314
2026-01-28 16:00:00,-1.57467e-05
2026-01-28 17:00:00,0.0071183984
2026-01-28 18:00:00,-0.0028705507
2026-01-28 19:00:00,0.0019998179
2026-01-28 20:00:00,-0.0011377872
2026-01-28 21:00:00,-0.0016724947
2026-01-28 22:00:00,0.0020640813
2026-01-28 23:00:00,-0.0037603368
2026-01-29 00:00:00,-0.0024394798
2026-01-29 01:00:00,-0.0077301083
2026-01-29 02:00:00,-0.0092050392
2026-01-29 03:00:00,0.0006675657
2026-01-29 04:00:00,0.0014244295
2026-01-29 05:00:00,0.0001066172
2026-01-29 06:00:00,0.0037563226
2026-01-29 07:00:00,-0.000154019
2026-01-29 08:00:00,-0.0031972619
2026-01-29 09:00:00,-0.0031700991
2026-01-29 10:00:00,0.0003313559
2026-01-29 11:00:00,-0.0017435211
2026-01-29 12:00:00,0.0010593108
2026-01-29 13:00:00,0.0013626128
2026-01-29 14:00:00,-0.0267389677
2026-01-29 15:00:00,-0.0133506107
2026-01-29 16:00:00,0.0081706766
2026-01-29 17:00:00,-0.0017491928
2026-01-29 18:00:00,-0.0159885832
2026-01-29 19:00:00,0.002354182
2026-01-29 20:00:00,0.0067792709
2026-01-29 21:00:00,0.0024992238
2026-01-29 22:00:00,0.0025040593
2026-01-29 23:00:00,-0.0015615313
2026-01-30 00:00:00,-0.0048607561
2026-01-30 01:00:00,-0.0237575129
2026-01-30 02:00:00,-0.0048761483
2026-01-30 03:00:00,1.14608e-05
2026-01-30 04:00:00,0.0085190424
2026-01-30 05:00:00,0.0007042894
2026-01-30 06:00:00,-0.013835433
2026-01-30 07:00:00,0.0110039068
2026-01-30 08:00:00,-0.0055612479
2026-01-30 09:00:00,-0.0051606129
2026-01-30 10:00:00,0.0055899412
2026-01-30 11:00:00,0.0110813445
2026-01-30 12:00:00,-0.004578147
2026-01-30 13:00:00,-0.0053363562
2026-01-30 14:00:00,0.0057058812
2026-01-30 15:00:00,-0.0016041598
2026-01-30 16:00:00,0.0018996815
2026-01-30 17:00:00,-0.0051671458
2026-01-30 18:00:00,0.0111270982
2026-01-30 19:00:00,-0.0009437455
2026-01-30 20:00:00,-0.0186495701
2026-01-30 21:00:00,-0.0049661423
2026-01-30 22:00:00,-0.0007180871
2026-01-30 23:00:00,0.0036141517
2026-01-31 00:00:00,0.0010211588
2026-01-31 01:00:00,0.0056121452
2026-01-31 02:00:00,0.0015011921
2026-01-31 03:00:00,-0.0029357314
2026-01-31 04:00:00,-0.0037164071
2026-01-31 05:00:00,-0.0001556308
2026-01-31 06:00:00,-0.0049872245
2026-01-31 07:00:00,-0.0056179433
2026-01-31 08:00:00,-0.0142820174
2026-01-31 09:00:00,0.0031744373
2026-01-31 10:00:00,0.0039744652
2026-01-31 11:00:00,-0.0030794209
2026-01-31 12:00:00,-0.0069754195
2026-01-31 13:00:00,-0.008057553
2026-01-31 14:00:00,-0.0211646514
2026-01-31 15:00:00,-0.0035765089
2026-01-31 16:00:00,-0.0153118532
2026-01-31 17:00:00,-0.026780534
2026-01-31 18:00:00,0.0110410615
2026-01-31 19:00:00,-0.0014731314
2026-01-31 20:00:00,0.007833835
2026-01-31 21:00:00,0.0161285784
2026-01-31 22:00:00,-0.0038434806
2026-01-31 23:00:00,0.0201476401
2026-02-01 00:00:00,0.0099296314
2026-02-01 01:00:00,-0.001903294
2026-02-01 02:00:00,0.0058668823
2026-02-01 03:00:00,-0.0021419901
2026-02-01 04:00:00,-0.0007090068
2026-02-01 05:00:00,-0.0040473449
2026-02-01 06:00:00,-0.0007909028
2026-02-01 07:00:00,0.0009840055
2026-02-01 08:00:00,0.0026995286
2026-02-01 09:00:00,0.002320103
2026-02-01 10:00:00,-0.0204765853
2026-02-01 11:00:00,0.0101329973
2026-02-01 12:00:00,-0.0059625027
2026-02-01 13:00:00,-0.0065939351
2026-02-01 14:00:00,-0.008129073
2026-02-01 15:00:00,-0.0133978307
2026-02-01 16:00:00,-0.0011303907
2026-02-01 17:00:00,0.0057891634
2026-02-01 18:00:00,0.0083612215
2026-02-01 19:00:00,-0.0099930787
2026-02-01 20:00:00,-0.0002315517
2026-02-01 21:00:00,-0.0067825397
2026-02-01 22:00:00,0.0073018918
2026-02-01 23:00:00,-0.0058787715
2026-02-02 00:00:00,0.0088146039
2026-02-02 01:00:00,-0.0017417202
2026-02-02 02:00:00,-0.0072490896
2026-02-02 03:00:00,-0.0063641802
2026-02-02 04:00:00,-0.0025494363
2026-02-02 05:00:00,-0.0173388277
2026-02-02 06:00:00,0.0190518522
2026-02-02 07:00:00,0.000158465
2026-02-02 08:00:00,0.0068533004
2026-02-02 09:00:00,0.0115843372
2026-02-02 10:00:00,0.0016910379
2026-02-02 11:00:00,0.006235797
2026-02-02 12:00:00,0.0152907616
2026-02-02 13:00:00,-0.0041853683
2026-02-02 14:00:00,-0.0061237179
2026-02-02 15:00:00,0.008386114
2026-02-02 16:00:00,0.0008402339
2026-02-02 17:00:00,-0.0013520264
2026-02-02 18:00:00,1.21886e-05
2026-02-02 19:00:00,-0.0097555775
2026-02-02 20:00:00,-0.007889697
2026-02-02 21:00:00,0.0057643107
2026-02-02 22:00:00,0.0016822002
2026-02-02 23:00:00,-0.0038121133
2026-02-03 00:00:00,-0.0006986112
2026-02-03 01:00:00,-0.0007176664
2026-02-03 02:00:00,-0.015524301
2026-02-03 03:00:00,0.0131448966
2026-02-03 04:00:00,0.0051235516
2026-02-03 05:00:00,-0.0084542989
2026-02-03 06:00:00,0.0027225955
2026-02-03 07:00:00,0.0030803868
2026-02-03 08:00:00,-0.0007924323
2026-02-03 09:00:00,-0.0076781656
2026-02-03 10:00:00,-0.0023181208
2026-02-03 11:00:00,0.0020372333
2026-02-03 12:00:00,0.0028364569
2026-02-03 13:00:00,0.0029153362
2026-02-03 14:00:00,-0.0186005544
2026-02-03 15:00:00,0.022243636
2026-02-03 16:00:00,-0.0201022467
2026-02-03 17:00:00,-0.0180829846
2026-02-03 18:00:00,-0.0174348035
2026-02-03 19:00:00,0.0322501728
2026-02-03 20:00:00,0.023747042
2026-02-03 21:00:00,-0.0106089427
2026-02-03 22:00:00,-0.0089433404
2026-02-03 23:00:00,-0.0059498957
2026-02-04 00:00:00,-0.0021331174
2026-02-04 01:00:00,0.0103184952
2026-02-04 02:00:00,-0.0042169554
2026-02-04 03:00:00,0.0086917693
2026-02-04 04:00:00,-0.0027088562
2026-02-04 05:00:00,-0.0053514444
2026-02-04 06:00:00,0.0094432493
2026-02-04 07:00:00,0.0024171272
2026-02-04 08:00:00,0.0029401343
2026-02-04 09:00:00,-0.0071849121
2026-02-04 10:00:00,-0.001780788
2026-02-04 11:00:00,-0.002142398
2026-02-04 12:00:00,-0.0007550162
2026-02-04 13:00:00,-0.0164490544
2026-02-04 14:00:00,-0.0128473151
2026-02-04 15:00:00,-0.0011738042
2026-02-04 16:00:00,-0.0079348951
2026-02-04 17:00:00,-0.0067398657
2026-02-04 18:00:00,0.0086217887
2026-02-04 19:00:00,0.0124886875
2026-02-04 20:00:00,-0.0115360082
2026-02-04 21:00:00,-0.0121524603
2026-02-04 22:00:00,-0.0043269489
2026-02-04 23:00:00,0.0003513529
2026-02-05 00:00:00,-0.0138085117
2026-02-05 01:00:00,-0.0113815004
2026-02-05 02:00:00,-0.0145976999
2026-02-05 03:00:00,-0.0066085861
2026-02-05 04:00:00,0.0015955937
2026-02-05 05:00:00,-0.0029295201
2026-02-05 06:00:00,-0.0102792921
2026-02-05 07:00:00,0.0038347664
2026-02-05 08:00:00,-0.0031326129
2026-02-05 09:00:00,-0.0095563578
2026-02-05 10:00:00,-0.0336684584
2026-02-05 11:00:00,-0.0012100369
2026-02-05 12:00:00,8.07147e-05
2026-02-05 13:00:00,-0.0096807176
2026-02-05 14:00:00,0.0036680192
2026-02-05 15:00:00,-0.0457564818
2026-02-05 16:00:00,-0.0125893461
2026-02-05 17:00:00,-0.0239797995
2026-02-05 18:00:00,0.0088971043
2026-02-05 19:00:00,-0.0389106246
2026-02-05 20:00:00,-0.018640397
2026-02-05 21:00:00,-0.0235587471
2026-02-05 22:00:00,0.0522250322
2026-02-05 23:00:00,-0.0084496095
2026-02-06 00:00:00,0.0023309746
2026-02-06 01:00:00,0.0511419049
2026-02-06 02:00:00,-0.0168378564
2026-02-06 03:00:00,0.0080995823
2026-02-06 04:00:00,0.0090587156
2026-02-06 05:00:00,0.0372895964
2026-02-06 06:00:00,-0.0201672171
2026-02-06 07:00:00,-0.0090360085
2026-02-06 08:00:00,0.0084059081
2026-02-06 09:00:00,0.0200366636
2026-02-06 10:00:00,0.0221737914
2026-02-06 11:00:00,0.0072613856
2026-02-06 12:00:00,0.0093855698
2026-02-06 13:00:00,0.0342863049
2026-02-06 14:00:00,0.0348350757
2026-02-06 15:00:00,0.0224170955
2026-02-06 16:00:00,-0.0152266741
2026-02-06 17:00:00,0.0029367415
2026-02-06 18:00:00,-0.0258459984
2026-02-06 19:00:00,-0.0002061317
2026-02-06 20:00:00,-0.004918517
2026-02-06 21:00:00,0.0061409439
2026-02-06 22:00:00,0.021389229
2026-02-06 23:00:00,-0.0136158673
2026-02-07 00:00:00,-0.0075263108
2026-02-07 01:00:00,0.0065451571
2026-02-07 02:00:00,-0.0047421628
2026-02-07 03:00:00,0.0086338537
2026-02-07 04:00:00,-0.0080039151
2026-02-07 05:00:00,-0.0016441513
2026-02-07 06:00:00,-0.017442745
2026-02-07 07:00:00,-0.0145545791
2026-02-07 08:00:00,0.0072580878
2026-02-07 09:00:00,-0.0079308376
2026-02-07 10:00:00,-0.0092446634
2026-02-07 11:00:00,-0.0054126846
2026-02-07 12:00:00,0.0182142461
2026-02-07 13:00:00,-0.0107802261
2026-02-07 14:00:00,-0.0020785351
2026-02-07 15:00:00,0.0061445221
2026-02-07 16:00:00,0.0078994161
2026-02-07 17:00:00,0.0032309296
2026-02-07 18:00:00,0.0115637304
2026-02-07 19:00:00,-0.006985138
2026-02-07 20:00:00,0.0041049757
2026-02-07 21:00:00,-0.0053369599
2026-02-07 22:00:00,-0.0041762213
2026-02-07 23:00:00,0.0001617582
2026-02-08 00:00:00,-0.0015412824
2026-02-08 01:00:00,0.0082696981
2026-02-08 02:00:00,-0.0022657828
2026-02-08 03:00:00,-0.0090653653
2026-02-08 04:00:00,0.0045957
2026-02-08 05:00:00,-0.0029509454
2026-02-08 06:00:00,-0.0019344551
2026-02-08 07:00:00,0.0025831419
2026-02-08 08:00:00,0.0236001619
2026-02-08 09:00:00,-0.0096708003
2026-02-08 10:00:00,-0.0065555256
2026-02-08 11:00:00,0.0154067638
2026-02-08 12:00:00,0.0023948151
2026-02-08 13:00:00,0.0034856151
2026-02-08 14:00:00,0.0003218748
2026-02-08 15:00:00,-0.0146782514
2026-02-08 16:00:00,-0.0150450365
2026-02-08 17:00:00,0.0088765874
2026-02-08 18:00:00,0.0053203669
2026-02-08 19:00:00,0.0076345768
2026-02-08 20:00:00,-0.0089428672
2026-02-08 21:00:00,-0.00602767
2026-02-08 22:00:00,0.0050174458
2026-02-08 23:00:00,-0.0030298188
2026-02-09 00:00:00,0.0015579429
2026-02-09 01:00:00,-0.0065555176
2026-02-09 02:00:00,0.012402307
2026-02-09 03:00:00,0.0073571943
2026-02-09 04:00:00,-0.00321557
2026-02-09 05:00:00,0.0020712947
2026-02-09 06:00:00,-0.0104275219
2026-02-09 07:00:00,-0.0074852743
2026-02-09 08:00:00,-0.012684293
2026-02-09 09:00:00,-0.0060630888
2026-02-09 10:00:00,-0.0113905381
2026-02-09 11:00:00,0.0066284877
2026-02-09 12:00:00,0.0114933935
2026-02-09 13:00:00,-0.0088872342
2026-02-09 14:00:00,0.0253731959
2026-02-09 15:00:00,0.0102443737
2026-02-09 16:00:00,0.0039224403
2026-02-09 17:00:00,-0.0010343616
2026-02-09 18:00:00,-0.0047580278
2026-02-09 19:00:00,0.0066535408
2026-02-09 20:00:00,0.0012181233
2026-02-09 21:00:00,-0.0025756348
2026-02-09 22:00:00,-0.0044714356
2026-02-09 23:00:00,-0.0052989363
2026-02-10 00:00:00,0.0004385919
2026-02-10 01:00:00,0.0064106786
2026-02-10 02:00:00,0.0002765927
2026-02-10 03:00:00,-0.0087008093
2026-02-10 04:00:00,0.0086385827
2026-02-10 05:00:00,-0.0038864595
2026-02-10 06:00:00,-0.0149303995
2026-02-10 07:00:00,0.0009718242
2026-02-10 08:00:00,0.0053212152
2026-02-10 09:00:00,-0.005933777
2026-02-10 10:00:00,-0.0036196517
2026-02-10 11:00:00,-0.0055785481
2026-02-10 12:00:00,0.0007176685
2026-02-10 13:00:00,0.0044083845
2026-02-10 14:00:00,-0.0086579398
2026-02-10 15:00:00,0.0030555253
2026-02-10 16:00:00,0.0068533466
2026-02-10 17:00:00,0.0054378202
2026-02-10 18:00:00,-0.0157391023
2026-02-10 19:00:00,-0.0010067007
2026-02-10 20:00:00,-0.0026107154
2026-02-10 21:00:00,-0.0019643132
2026-02-10 22:00:00,0.0036960145
2026-02-10 23:00:00,0.000221613
2026-02-11 00:00:00,0.0074135342
2026-02-11 01:00:00,-0.0001348182
2026-02-11 02:00:00,-6.38676e-05
2026-02-11 03:00:00,-0.0041031606
2026-02-11 04:00:00,-0.0142963128
2026-02-11 05:00:00,-0.0059376613
2026-02-11 06:00:00,-0.0121219813
2026-02-11 07:00:00,0.0051315482
2026-02-11 08:00:00,0.0006661226
2026-02-11 09:00:00,-0.0042605836
2026-02-11 10:00:00,-0.0003160498
2026-02-11 11:00:00,0.0130727499
2026-02-11 12:00:00,-0.0046252946
2026-02-11 13:00:00,0.0022425942
2026-02-11 14:00:00,-0.0101535589
2026-02-11 15:00:00,-0.0055478133
2026-02-11 16:00:00,-0.0068500019
2026-02-11 17:00:00,0.0183460279
2026-02-11 18:00:00,0.0060800199
2026-02-11 19:00:00,0.0002395305
2026-02-11 20:00:00,0.0015374354
2026-02-11 21:00:00,0.0014410111
2026-02-11 22:00:00,-0.0073935611
2026-02-11 23:00:00,-0.0025327464
2026-02-12 00:00:00,0.006519569
2026-02-12 01:00:00,0.0021613632
2026-02-12 02:00:00,-0.0032946807
2026-02-12 03:00:00,-0.0011273261
2026-02-12 04:00:00,0.0001091516
2026-02-12 05:00:00,0.003646087
2026-02-12 06:00:00,0.0014054918
2026-02-12 07:00:00,0.0001882149
2026-02-12 08:00:00,-1.44768e-05
2026-02-12 09:00:00,0.0097531531
2026-02-12 10:00:00,0.0055043387
2026-02-12 11:00:00,-0.0009771302
2026-02-12 12:00:00,-0.0069242585
2026-02-12 13:00:00,0.0063318097
2026-02-12 14:00:00,-0.0080793893
2026-02-12 15:00:00,-0.0102664438
2026-02-12 16:00:00,-0.0170155702
2026-02-12 17:00:00,0.0071348323
2026-02-12 18:00:00,0.00070482
2026-02-12 19:00:00,0.0007483273
2026-02-12 20:00:00,-0.0094390025
2026-02-12 21:00:00,-4.44211e-05
2026-02-12 22:00:00,0.0089112237
2026-02-12 23:00:00,-0.0003229239
2026-02-13 00:00:00,-0.0072417374
2026-02-13 01:00:00,0.0027982992
2026-02-13 02:00:00,0.0068921197
2026-02-13 03:00:00,-0.0021697866
2026-02-13 04:00:00,-0.0041989833
2026-02-13 05:00:00,-0.0034473502
2026-02-13 06:00:00,0.0026511601
2026-02-13 07:00:00,-0.0022445373
2026-02-13 08:00:00,0.0096291455
2026-02-13 09:00:00,0.000848853
2026-02-13 10:00:00,8.04573e-05
2026-02-13 11:00:00,-0.0002340755
2026-02-13 12:00:00,-0.0022264547
2026-02-13 13:00:00,0.008578229
2026-02-13 14:00:00,0.0062900125
2026-02-13 15:00:00,0.0136604149
2026-02-13 16:00:00,0.008987884
2026-02-13 17:00:00,-0.001519494
2026-02-13 18:00:00,0.0004879032
2026-02-13 19:00:00,-0.0027608487
2026-02-13 20:00:00,0.0014734011
2026-02-13 21:00:00,-0.0027360186
2026-02-13 22:00:00,-0.0048596112
2026-02-13 23:00:00,0.0033608451
2026-02-14 00:00:00,0.0047938254
2026-02-14 01:00:00,-0.0013450568
2026-02-14 02:00:00,-0.0011199003
2026-02-14 03:00:00,0.0039283047
2026-02-14 04:00:00,-0.0021639673
2026-02-14 05:00:00,-0.0034110242
2026-02-14 06:00:00,0.0042177555
2026-02-14 07:00:00,0.0056219354
2026-02-14 08:00:00,0.0174807562
2026-02-14 09:00:00,0.0031194383
2026-02-14 10:00:00,-0.0031609123
2026-02-14 11:00:00,0.0169704698
2026-02-14 12:00:00,-0.0048574376
2026-02-14 13:00:00,-0.0058698598
2026-02-14 14:00:00,0.0104826058
2026-02-14 15:00:00,-0.0020754872
2026-02-14 16:00:00,0.0039906372
2026-02-14 17:00:00,-0.0006719222
2026-02-14 18:00:00,0.0100586189
2026-02-14 19:00:00,0.0061646693
2026-02-14 20:00:00,-0.0018654913
2026-02-14 21:00:00,0.0019322902
2026-02-14 22:00:00,0.0019952295
2026-02-14 23:00:00,0.0056636661
2026-02-15 00:00:00,0.0082057227
2026-02-15 01:00:00,0.0046570593
2026-02-15 02:00:00,-0.000399263
2026-02-15 03:00:00,-0.0009169445
2026-02-15 04:00:00,0.012424866
2026-02-15 05:00:00,0.024320184
2026-02-15 06:00:00,-0.0025613391
2026-02-15 07:00:00,0.0434937347
2026-02-15 08:00:00,-0.0205383257
2026-02-15 09:00:00,-0.0166681446
2026-02-15 10:00:00,-0.0019400359
2026-02-15 11:00:00,-0.0157533609
2026-02-15 12:00:00,-0.0269866457
2026-02-15 13:00:00,-0.0009743509
2026-02-15 14:00:00,0.0084021155
2026-02-15 15:00:00,-0.0055607187
2026-02-15 16:00:00,-0.0002693231
2026-02-15 17:00:00,-0.0194437211
2026-02-15 18:00:00,-0.016493576
2026-02-15 19:00:00,-0.010783898
2026-02-15 20:00:00,0.005450989
2026-02-15 21:00:00,0.0078902464
2026-02-15 22:00:00,0.0087514
2026-02-15 23:00:00,-0.0072309827
2026-02-16 00:00:00,0.0023575011
2026-02-16 01:00:00,-0.0026084821
2026-02-16 02:00:00,-0.0126300509
2026-02-16 03:00:00,0.0038468575
2026-02-16 04:00:00,0.0081656476
2026-02-16 05:00:00,-0.0119781539
2026-02-16 06:00:00,0.0061230971
2026-02-16 07:00:00,-0.0028993456
2026-02-16 08:00:00,0.005953699
2026-02-16 09:00:00,0.021975947
2026-02-16 10:00:00,-0.0084933868
2026-02-16 11:00:00,-0.0034715716
2026-02-16 12:00:00,0.0136816056
2026-02-16 13:00:00,-0.0094312596
2026-02-16 14:00:00,0.002874865
2026-02-16 15:00:00,-0.0143083434
2026-02-16 16:00:00,0.0090549725
2026-02-16 17:00:00,-0.0026471882
2026-02-16 18:00:00,-0.0078547021
2026-02-16 19:00:00,0.0024849625
2026-02-16 20:00:00,0.0067379916
2026-02-16 21:00:00,0.0044020811
2026-02-16 22:00:00,-0.0054803501
2026-02-16 23:00:00,0.0024042925
2026-02-17 00:00:00,-0.002491953
2026-02-17 01:00:00,-0.0028903511
2026-02-17 02:00:00,0.0053957572
2026-02-17 03:00:00,-0.0023031244
2026-02-17 04:00:00,0.0016302448
2026-02-17 05:00:00,-0.0074384947
2026-02-17 06:00:00,0.0024721222
2026-02-17 07:00:00,-0.0040941715
2026-02-17 08:00:00,-0.0044520761
2026-02-17 09:00:00,-0.00354723
2026-02-17 10:00:00,-0.0039515981
2026-02-17 11:00:00,-0.0020918782
2026-02-17 12:00:00,0.0025935533
2026-02-17 13:00:00,0.0011398595
2026-02-17 14:00:00,-0.0155754969
2026-02-17 15:00:00,0.0147653689
2026-02-17 16:00:00,0.0138124214
2026-02-17 17:00:00,-0.0081211125
2026-02-17 18:00:00,0.012501096
2026-02-17 19:00:00,0.0012738898
2026-02-17 20:00:00,0.0021666002
2026-02-17 21:00:00,-0.003177491
2026-02-17 22:00:00,-0.0062361546
2026-02-17 23:00:00,-0.0002035665
2026-02-18 00:00:00,-0.0028679019
2026-02-18 01:00:00,-0.0020642654
2026-02-18 02:00:00,0.0054952667
2026-02-18 03:00:00,0.0027701693
2026-02-18 04:00:00,0.0006626189
2026-02-18 05:00:00,-0.003005587
2026-02-18 06:00:00,0.0030461412
2026-02-18 07:00:00,0.0043971233
2026-02-18 08:00:00,0.0017547934
2026-02-18 09:00:00,-0.0010215741
2026-02-18 10:00:00,-0.0071329818
2026-02-18 11:00:00,-0.0071978697
2026-02-18 12:00:00,-0.0011261608
2026-02-18 13:00:00,0.0030683655
2026-02-18 14:00:00,-0.0029044815
2026-02-18 15:00:00,0.0077537167
2026-02-18 16:00:00,-0.0114133544
2026-02-18 17:00:00,-0.0024014228
2026-02-18 18:00:00,-0.0106908572
2026-02-18 19:00:00,-0.012717306
2026-02-18 20:00:00,-0.0004220181
2026-02-18 21:00:00,-0.0014643765
2026-02-18 22:00:00,0.000760617
2026-02-18 23:00:00,0.0005208297
2026-02-19 00:00:00,-0.0030584727
2026-02-19 01:00:00,0.0066616499
2026-02-19 02:00:00,0.0001472222
2026-02-19 03:00:00,0.0013940311
2026-02-19 04:00:00,-0.0079700177
2026-02-19 05:00:00,-0.0038601897
2026-02-19 06:00:00,0.0107866183
2026-02-19 07:00:00,0.0032741956
2026-02-19 08:00:00,-0.0117259512
2026-02-19 09:00:00,-0.0004029052
2026-02-19 10:00:00,-0.0031298044
2026-02-19 11:00:00,-0.0010359828
2026-02-19 12:00:00,-0.0010228436
2026-02-19 13:00:00,-0.0108394206
2026-02-19 14:00:00,0.0058165936
2026-02-19 15:00:00,-0.0019804323
2026-02-19 16:00:00,-0.0039439297
2026-02-19 17:00:00,0.0026119043
2026-02-19 18:00:00,0.0122222003
2026-02-19 19:00:00,-0.0008711141
2026-02-19 20:00:00,-0.0010704552
2026-02-19 21:00:00,-0.0020945985
2026-02-19 22:00:00,-0.0048235786
2026-02-19 23:00:00,0.0042263472
2026-02-20 00:00:00,0.0071715883
2026-02-20 01:00:00,0.0059630217
2026-02-20 02:00:00,-0.0050031594
2026-02-20 03:00:00,-0.0037954197
2026-02-20 04:00:00,-0.0015378131
2026-02-20 05:00:00,0.0055801072
2026-02-20 06:00:00,0.0012968525
2026-02-20 07:00:00,-0.0004367951
2026-02-20 08:00:00,-0.0008600574
2026-02-20 09:00:00,0.0029647805
2026-02-20 10:00:00,-0.0013862259
2026-02-20 11:00:00,-0.0107893324
2026-02-20 12:00:00,-0.0002633986
2026-02-20 13:00:00,-0.0145659231
2026-02-20 14:00:00,0.010649483
2026-02-20 15:00:00,0.0209226562
2026-02-20 16:00:00,0.0026284531
2026-02-20 17:00:00,-0.002194562
2026-02-20 18:00:00,0.0022992773
2026-02-20 19:00:00,-0.0064710187
2026-02-20 20:00:00,-0.0029129923
2026-02-20 21:00:00,0.0014434843
2026-02-20 22:00:00,0.0059280739
2026-02-20 23:00:00,-0.0008047164
2026-02-21 00:00:00,-0.0045043541
2026-02-21 01:00:00,0.0054139858
2026-02-21 02:00:00,0.0001538558
2026-02-21 03:00:00,-0.0036569772
2026-02-21 04:00:00,0.0023134365
2026-02-21 05:00:00,-9.80372e-05
2026-02-21 06:00:00,0.0007700331
2026-02-21 07:00:00,0.0012517878
2026-02-21 08:00:00,0.0019968169
2026-02-21 09:00:00,0.0038913941
2026-02-21 10:00:00,0.0002084129
2026-02-21 11:00:00,0.0027885507
2026-02-21 12:00:00,-0.0026774149
2026-02-21 13:00:00,0.0052578651
2026-02-21 14:00:00,0.0054846382
2026-02-21 15:00:00,-0.003482981
2026-02-21 16:00:00,-0.0062251628
2026-02-21 17:00:00,0.0
2026-02-21 18:00:00,0.0044445748
2026-02-21 19:00:00,-0.0032657383
2026-02-21 20:00:00,-0.0036937048
2026-02-21 21:00:00,0.0020915349
2026-02-21 22:00:00,-0.0043687026
2026-02-21 23:00:00,-0.0029184462
2026-02-22 00:00:00,-0.0015254466
2026-02-22 01:00:00,0.0028391032
2026-02-22 02:00:00,-0.0059812896
2026-02-22 03:00:00,-6.32256e-05
2026-02-22 04:00:00,-0.0008785463
2026-02-22 05:00:00,-0.0014072815
2026-02-22 06:00:00,0.0017658216
2026-02-22 07:00:00,-0.0013786217
2026-02-22 08:00:00,-0.0020291843
2026-02-22 09:00:00,0.0017968824
2026-02-22 10:00:00,0.0002674945
2026-02-22 11:00:00,0.0019196361
2026-02-22 12:00:00,-0.0103873744
2026-02-22 13:00:00,-0.0064660616
2026-02-22 14:00:00,-0.0020883105
2026-02-22 15:00:00,-0.0026954967
2026-02-22 16:00:00,-0.0005457183
2026-02-22 17:00:00,-0.0032301373
2026-02-22 18:00:00,0.0016847141
2026-02-22 19:00:00,-0.0029897973
2026-02-22 20:00:00,-0.0024778505
2026-02-22 21:00:00,0.0059135498
2026-02-22 22:00:00,0.007264579
2026-02-22 23:00:00,-0.005899342
2026-02-23 00:00:00,-0.0206768829
2026-02-23 01:00:00,-0.0238724747
2026-02-23 02:00:00,0.0075541488
2026-02-23 03:00:00,-0.0007826797
2026-02-23 04:00:00,-0.0017987563
2026-02-23 05:00:00,0.0030656452
2026-02-23 06:00:00,0.0185427567
2026-02-23 07:00:00,0.0024023465
2026-02-23 08:00:00,-0.0041438189
2026-02-23 09:00:00,0.0185385993
2026-02-23 10:00:00,0.0010921267
2026-02-23 11:00:00,0.0028110452
2026-02-23 12:00:00,0.0116543221
2026-02-23 13:00:00,-0.0120124344
2026-02-23 14:00:00,-0.009949328
2026-02-23 15:00:00,-0.0080415658
2026-02-23 16:00:00,-0.003550974
2026-02-23 17:00:00,-0.0012011222
2026-02-23 18:00:00,0.0004689023
2026-02-23 19:00:00,-0.0059360871
2026-02-23 20:00:00,-0.0014526473
2026-02-23 21:00:00,0.0048951687
2026-02-23 22:00:00,-0.0045115238
2026-02-23 23:00:00,-0.0031176839
2026-02-24 00:00:00,0.0038771618
2026-02-24 01:00:00,-0.0042101904
2026-02-24 02:00:00,-0.0024307652
2026-02-24 03:00:00,-0.0118527425
2026-02-24 04:00:00,-0.0003905106
2026-02-24 05:00:00,-0.0004357495
2026-02-24 06:00:00,-0.0012331478
2026-02-24 07:00:00,-0.0024482398
2026-02-24 08:00:00,0.0049505424
2026-02-24 09:00:00,-0.0007207424
2026-02-24 10:00:00,-0.0006987149
2026-02-24 11:00:00,0.002177178
2026-02-24 12:00:00,-0.0009828969
2026-02-24 13:00:00,-0.0012544084
2026-02-24 14:00:00,0.0039906139
2026-02-24 15:00:00,0.0117957928
2026-02-24 16:00:00,0.0044660562
2026-02-24 17:00:00,0.0014058126
2026-02-24 18:00:00,0.0004779675
2026-02-24 19:00:00,-0.0030998188
2026-02-24 20:00:00,0.0013486079
2026-02-24 21:00:00,-0.0043397144
2026-02-24 22:00:00,0.0008132847
2026-02-24 23:00:00,-0.0036056619
2026-02-25 00:00:00,-0.0008607641
2026-02-25 01:00:00,0.0297664966
2026-02-25 02:00:00,-0.0061148124
2026-02-25 03:00:00,-0.00690408
2026-02-25 04:00:00,-0.001139493
2026-02-25 05:00:00,-0.0072544613
2026-02-25 06:00:00,0.0011404314
2026-02-25 07:00:00,0.0046146422
2026-02-25 08:00:00,0.0045715868
2026-02-25 09:00:00,0.0055874388
2026-02-25 10:00:00,-0.0034766739
2026-02-25 11:00:00,0.0060744632
2026-02-25 12:00:00,0.0116679725
2026-02-25 13:00:00,0.0093774571
2026-02-25 14:00:00,0.016019099
2026-02-25 15:00:00,0.0040031467
2026-02-25 16:00:00,0.0047813377
2026-02-25 17:00:00,0.012389624
2026-02-25 18:00:00,0.0039398125
2026-02-25 19:00:00,-0.0041375521
2026-02-25 20:00:00,-0.001371616
2026-02-25 21:00:00,0.0082557984
2026-02-25 22:00:00,-0.013925959
2026-02-25 23:00:00,-0.0153283303
2026-02-26 00:00:00,0.0042101223
2026-02-26 01:00:00,-0.0110676599
2026-02-26 02:00:00,0.0097751943
2026-02-26 03:00:00,0.0027774324
2026-02-26 04:00:00,0.0117598945
2026-02-26 05:00:00,-0.0077462705
2026-02-26 06:00:00,-0.0025654781
2026-02-26 07:00:00,-0.0071711295
2026-02-26 08:00:00,0.0017558411
2026-02-26 09:00:00,0.0108427289
2026-02-26 10:00:00,-0.0064804295
2026-02-26 11:00:00,-0.0042021976
2026-02-26 12:00:00,0.003987307
2026-02-26 13:00:00,-0.0015541312
2026-02-26 14:00:00,-0.0030737373
2026-02-26 15:00:00,-0.0099604299
2026-02-26 16:00:00,-0.0237975119
2026-02-26 17:00:00,-0.0002233486
2026-02-26 18:00:00,0.0041274831
2026-02-26 19:00:00,0.0098966877
2026-02-26 20:00:00,-0.0096455621
2026-02-26 21:00:00,0.0006813089
2026-02-26 22:00:00,0.0056976138
2026-02-26 23:00:00,-7.84166e-05
2026-02-27 00:00:00,-0.0008059081
2026-02-27 01:00:00,0.0029992507
2026-02-27 02:00:00,0.0007181993
2026-02-27 03:00:00,0.0007034773
2026-02-27 04:00:00,-0.0001136598
2026-02-27 05:00:00,0.0018311904
2026-02-27 06:00:00,0.0017712161
2026-02-27 07:00:00,0.0031097409
2026-02-27 08:00:00,0.0032548534
2026-02-27 09:00:00,-0.0097467967
2026-02-27 10:00:00,-0.0139828407
2026-02-27 11:00:00,-0.0044032583
2026-02-27 12:00:00,-0.0035148402
2026-02-27 13:00:00,-0.0046425406
2026-02-27 14:00:00,-0.0084745339
2026-02-27 15:00:00,-0.0010229653
2026-02-27 16:00:00,-0.0050343727
2026-02-27 17:00:00,0.0050343727
2026-02-27 18:00:00,-0.0006923831
2026-02-27 19:00:00,-0.0048157269
2026-02-27 20:00:00,0.0020635568
2026-02-27 21:00:00,-0.0017230355
2026-02-27 22:00:00,0.0019668307
2026-02-27 23:00:00,0.001675407
2026-02-28 00:00:00,0.0045690905
2026-02-28 01:00:00,-0.0022782569
2026-02-28 02:00:00,0.0017716099
2026-02-28 03:00:00,-0.0048739642
2026-02-28 04:00:00,-0.0008564995
2026-02-28 05:00:00,-0.0029739029
2026-02-28 06:00:00,-0.0404053375
2026-02-28 07:00:00,0.0051245467
2026-02-28 08:00:00,-0.0125655699
2026-02-28 09:00:00,-0.006745375
2026-02-28 10:00:00,0.0090587173
2026-02-28 11:00:00,0.0029266954
2026-02-28 12:00:00,0.0015604966
2026-02-28 13:00:00,0.0358536335
2026-02-28 14:00:00,-0.018391755
2026-02-28 15:00:00,0.0042691438
2026-02-28 16:00:00,0.0018865367
2026-02-28 17:00:00,0.0015744179
2026-02-28 18:00:00,0.0106467617
2026-02-28 19:00:00,0.0090153485
2026-02-28 20:00:00,0.0190584999
2026-02-28 21:00:00,-0.0026538293
2026-02-28 22:00:00,0.0021105853
2026-02-28 23:00:00,-0.0027351858
2026-03-01 00:00:00,0.0023656112
2026-03-01 01:00:00,0.0169675256
2026-03-01 02:00:00,0.0151555019
2026-03-01 03:00:00,-0.0042765467
2026-03-01 04:00:00,-0.0033538242
2026-03-01 05:00:00,-0.0031096733
2026-03-01 06:00:00,-0.0107419007
2026-03-01 07:00:00,0.00227784
2026-03-01 08:00:00,-0.0119916215
2026-03-01 09:00:00,-0.0060574552
2026-03-01 10:00:00,0.0028371909
2026-03-01 11:00:00,-0.0003778274
2026-03-01 12:00:00,-0.0061159149
2026-03-01 13:00:00,0.0153030338
2026-03-01 14:00:00,-0.0056541999
2026-03-01 15:00:00,-0.0016089408
2026-03-01 16:00:00,-0.0063084806
2026-03-01 17:00:00,-0.002638495
2026-03-01 18:00:00,0.0010021324
2026-03-01 19:00:00,-0.0082811952
2026-03-01 20:00:00,-0.0109630146
2026-03-01 21:00:00,0.0090666219
2026-03-01 22:00:00,-0.0089622821
2026-03-01 23:00:00,0.0077428554
2026-03-02 00:00:00,0.0095455755
2026-03-02 01:00:00,0.0017490774
2026-03-02 02:00:00,-0.0023865311
2026-03-02 03:00:00,0.0068805601
2026-03-02 04:00:00,-0.005218171
2026-03-02 05:00:00,-0.0035037602
2026-03-02 06:00:00,-0.0088875706
2026-03-02 07:00:00,-0.0025591872
2026-03-02 08:00:00,0.0055846619
2026-03-02 09:00:00,-0.0003693717
2026-03-02 10:00:00,0.0001108258
2026-03-02 11:00:00,-0.0016636786
2026-03-02 12:00:00,-0.0027270184
2026-03-02 13:00:00,-0.0063273918
2026-03-02 14:00:00,0.0241548015
2026-03-02 15:00:00,0.0207832103
2026-03-02 16:00:00,0.0048430728
2026-03-02 17:00:00,-0.0086413199
2026-03-02 18:00:00,0.003641167
2026-03-02 19:00:00,0.0003141354
2026-03-02 20:00:00,-0.0041918285
2026-03-02 21:00:00,0.002598715
2026-03-02 22:00:00,0.0005932491
2026-03-02 23:00:00,-0.0066242975
2026-03-03 00:00:00,0.0004458635
2026-03-03 01:00:00,-0.005341843
2026-03-03 02:00:00,-0.0037440073
2026-03-03 03:00:00,-0.0039255933
2026-03-03 04:00:00,-0.0052142787
2026-03-03 05:00:00,-0.0005786041
2026-03-03 06:00:00,-0.0020901561
2026-03-03 07:00:00,0.0010272893
2026-03-03 08:00:00,-0.0108098798
2026-03-03 09:00:00,-0.0004152547
2026-03-03 10:00:00,0.0016970069
2026-03-03 11:00:00,0.0016645648
2026-03-03 12:00:00,0.003917422
2026-03-03 13:00:00,-0.0070935909
2026-03-03 14:00:00,-0.0013430938
2026-03-03 15:00:00,0.0135775556
2026-03-03 16:00:00,0.00279434
2026-03-03 17:00:00,0.0003578719
2026-03-03 18:00:00,-0.0017540659
2026-03-03 19:00:00,-0.0034366435
2026-03-03 20:00:00,-0.0067241626
2026-03-03 21:00:00,0.0022513305
2026-03-03 22:00:00,0.004751721
2026-03-03 23:00:00,-0.0014834074
2026-03-04 00:00:00,-0.0001175917
2026-03-04 01:00:00,0.0023932062
2026-03-04 02:00:00,-0.0024740585
2026-03-04 03:00:00,-0.0054394426
2026-03-04 04:00:00,-0.0013533953
2026-03-04 05:00:00,0.0040547034
2026-03-04 06:00:00,0.0017673964
2026-03-04 07:00:00,0.0116525774
2026-03-04 08:00:00,0.0201581992
2026-03-04 09:00:00,0.0090956802
2026-03-04 10:00:00,-0.007856302
2026-03-04 11:00:00,-0.0040514763
2026-03-04 12:00:00,-0.0035872487
2026-03-04 13:00:00,0.0082080391
2026-03-04 14:00:00,0.0053853024
2026-03-04 15:00:00,0.0350017654
2026-03-04 16:00:00,-0.0088120204
2026-03-04 17:00:00,-0.0052665167
2026-03-04 18:00:00,0.0079512853
2026-03-04 19:00:00,0.0017378109
2026-03-04 20:00:00,0.002248486
2026-03-04 21:00:00,-0.0083613447
2026-03-04 22:00:00,-0.0125766845
2026-03-04 23:00:00,0.0008317404
2026-03-05 00:00:00,-0.0025463284
2026-03-05 01:00:00,-0.0059785135
2026-03-05 02:00:00,0.0005846738
2026-03-05 03:00:00,-4.92966e-05
2026-03-05 04:00:00,0.0062203139
2026-03-05 05:00:00,-0.0098396847
2026-03-05 06:00:00,0.0070221694
2026-03-05 07:00:00,-0.0079697418
2026-03-05 08:00:00,0.0039329126
2026-03-05 09:00:00,0.0070922781
2026-03-05 10:00:00,0.0132899711
2026-03-05 11:00:00,-0.0080557821
2026-03-05 12:00:00,0.0035922149
2026-03-05 13:00:00,-0.009687432
2026-03-05 14:00:00,0.0063388114
2026-03-05 15:00:00,-0.0144816292
2026-03-05 16:00:00,-0.0032885345
2026-03-05 17:00:00,-0.0082225373
2026-03-05 18:00:00,0.0072090464
2026-03-05 19:00:00,0.0008505511
2026-03-05 20:00:00,0.0030348178
2026-03-05 21:00:00,-0.0059935993
2026-03-05 22:00:00,-0.0008601845
2026-03-05 23:00:00,-0.0014661507
2026-03-06 00:00:00,0.0006194618
2026-03-06 01:00:00,0.0051827198
2026-03-06 02:00:00,-0.0015378131
2026-03-06 03:00:00,-0.0029404683
2026-03-06 04:00:00,-0.0045841716
2026-03-06 05:00:00,-0.0005861204
2026-03-06 06:00:00,0.0017858806
2026-03-06 07:00:00,0.0047207684
2026-03-06 08:00:00,-0.0021618094
2026-03-06 09:00:00,-0.0048096914
2026-03-06 10:00:00,0.0034846973
2026-03-06 11:00:00,-0.0053964357
2026-03-06 12:00:00,-0.004273434
2026-03-06 13:00:00,-0.0124207206
2026-03-06 14:00:00,-0.0120162296
2026-03-06 15:00:00,0.0004866754
2026-03-06 16:00:00,0.0004864387
2026-03-06 17:00:00,-0.0053490682
2026-03-06 18:00:00,0.0064978926
2026-03-06 19:00:00,0.0035852602
2026-03-06 20:00:00,-0.004763559
2026-03-06 21:00:00,0.0049175547
2026-03-06 22:00:00,0.0037107152
2026-03-06 23:00:00,-0.0042241262
2026-03-07 00:00:00,0.0038295567
2026-03-07 01:00:00,-0.0005628964
2026-03-07 02:00:00,0.000138926
2026-03-07 03:00:00,-0.001031437
2026-03-07 04:00:00,-0.002271446
2026-03-07 05:00:00,0.0030176983
2026-03-07 06:00:00,-0.0027463189
2026-03-07 07:00:00,0.0024756839
2026-03-07 08:00:00,-0.0010466568
2026-03-07 09:00:00,-0.0003515711
2026-03-07 10:00:00,0.0005639187
2026-03-07 11:00:00,0.003092232
2026-03-07 12:00:00,-0.0042936886
2026-03-07 13:00:00,-0.0010487909
2026-03-07 14:00:00,0.0006162062
2026-03-07 15:00:00,-0.0046455642
2026-03-07 16:00:00,0.0028545803
2026-03-07 17:00:00,-0.000426198
2026-03-07 18:00:00,-0.0025536407
2026-03-07 19:00:00,-0.0049121636
2026-03-07 20:00:00,0.0038800272
2026-03-07 21:00:00,0.0007963134
2026-03-07 22:00:00,-0.0029229212
2026-03-07 23:00:00,0.0029524021
2026-03-08 00:00:00,-0.0011356431
2026-03-08 01:00:00,0.0014598758
2026-03-08 02:00:00,-0.0069497607
2026-03-08 03:00:00,0.0009936673
2026-03-08 04:00:00,-0.0041071175
2026-03-08 05:00:00,0.0073482036
2026-03-08 06:00:00,-0.0009682654
2026-03-08 07:00:00,0.005802931
2026-03-08 08:00:00,-0.0006177697
2026-03-08 09:00:00,0.0019623053
2026-03-08 10:00:00,0.0045126298
2026-03-08 11:00:00,-0.0076306004
2026-03-08 12:00:00,-0.0042883516
2026-03-08 13:00:00,-0.0013915723
2026-03-08 14:00:00,-0.0003926551
2026-03-08 15:00:00,-0.0026117424
2026-03-08 16:00:00,-0.0047885643
2026-03-08 17:00:00,0.0029666977
2026-03-08 18:00:00,0.0015766657
2026-03-08 19:00:00,0.0079199834
2026-03-08 20:00:00,-0.0021846801
2026-03-08 21:00:00,-0.0045395884
2026-03-08 22:00:00,-0.0012477349
2026-03-08 23:00:00,-0.004155471
2026-03-09 00:00:00,0.0072052153
2026-03-09 01:00:00,-0.0054977442
2026-03-09 02:00:00,0.0030869158
2026-03-09 03:00:00,0.0030848201
2026-03-09 04:00:00,-0.0048465421
2026-03-09 05:00:00,0.0078185322
2026-03-09 06:00:00,-0.007461477
2026-03-09 07:00:00,-0.0029644438
2026-03-09 08:00:00,0.0041462793
2026-03-09 09:00:00,0.0065674994
2026-03-09 10:00:00,-0.0055503073
2026-03-09 11:00:00,0.0017942677
2026-03-09 12:00:00,0.003217161
2026-03-09 13:00:00,0.0101162718
2026-03-09 14:00:00,-0.0026568994
2026-03-09 15:00:00,-0.003229977
2026-03-09 16:00:00,0.0034058578
2026-03-09 17:00:00,-0.0013712243
2026-03-09 18:00:00,-0.0008882658
2026-03-09 19:00:00,0.0088327912
2026-03-09 20:00:00,-0.0001601666
2026-03-09 21:00:00,0.0002693563
2026-03-09 22:00:00,-0.0069243351
2026-03-09 23:00:00,-0.0007845639
2026-03-10 00:00:00,0.0048660828
2026-03-10 01:00:00,0.0018451064
2026-03-10 02:00:00,0.0110141252
2026-03-10 03:00:00,-0.0088524658
2026-03-10 04:00:00,0.0049100232
2026-03-10 05:00:00,0.0012291676
2026-03-10 06:00:00,-0.0022570434
2026-03-10 07:00:00,0.0046027257
2026-03-10 08:00:00,0.0102275901
2026-03-10 09:00:00,0.010928993
2026-03-10 10:00:00,-0.0080503294
2026-03-10 11:00:00,-0.0106438012
2026-03-10 12:00:00,-0.0011296713
2026-03-10 13:00:00,0.0030622611
2026-03-10 14:00:00,0.0288632574
2026-03-10 15:00:00,-0.001961394
2026-03-10 16:00:00,-0.002805679
2026-03-10 17:00:00,-0.0101760367
2026-03-10 18:00:00,-0.013353293
2026-03-10 19:00:00,-0.00672967
2026-03-10 20:00:00,0.003625974
2026-03-10 21:00:00,-0.0043122786
2026-03-10 22:00:00,0.0004046155
2026-03-10 23:00:00,0.0016312511
2026-03-11 00:00:00,0.002046125
2026-03-11 01:00:00,0.0007050867
2026-03-11 02:00:00,-0.0052207767
2026-03-11 03:00:00,-0.0026641392
2026-03-11 04:00:00,0.0062077214
2026-03-11 05:00:00,-0.0083194554
2026-03-11 06:00:00,0.0044938684
2026-03-11 07:00:00,-0.0029187162
2026-03-11 08:00:00,-0.0019166412
2026-03-11 09:00:00,-0.001287081
2026-03-11 10:00:00,0.0034938022
2026-03-11 11:00:00,-0.003835848
2026-03-11 12:00:00,0.0080831221
2026-03-11 13:00:00,0.0055298087
2026-03-11 14:00:00,-0.0007901561
2026-03-11 15:00:00,-0.006712717
2026-03-11 16:00:00,0.0038413541
2026-03-11 17:00:00,0.0074956734
2026-03-11 18:00:00,0.0045674237
2026-03-11 19:00:00,-0.01054363
2026-03-11 20:00:00,0.001222538
2026-03-11 21:00:00,0.0009769554
2026-03-11 22:00:00,-0.0015808462
2026-03-11 23:00:00,-0.0043458118
2026-03-12 00:00:00,-0.000195031
2026-03-12 01:00:00,-0.0042640592
2026-03-12 02:00:00,-0.0044061903
2026-03-12 03:00:00,0.0012380205
2026-03-12 04:00:00,-0.002557835
2026-03-12 05:00:00,0.0002261692
2026-03-12 06:00:00,0.0013340868
2026-03-12 07:00:00,0.0030260731
2026-03-12 08:00:00,0.0022490669
2026-03-12 09:00:00,0.0016653999
2026-03-12 10:00:00,0.0060229197
2026-03-12 11:00:00,-0.0023687736
2026-03-12 12:00:00,0.000612531
2026-03-12 13:00:00,-0.0047660058
2026-03-12 14:00:00,-0.0084904593
2026-03-12 15:00:00,0.0070272211
2026-03-12 16:00:00,0.0019770366
2026-03-12 17:00:00,-0.0014769768
2026-03-12 18:00:00,-0.0059589735
2026-03-12 19:00:00,0.0052994218
2026-03-12 20:00:00,-0.0054014693
2026-03-12 21:00:00,0.0020898954
2026-03-12 22:00:00,0.0034710659
2026-03-12 23:00:00,0.0041090101
2026-03-13 00:00:00,0.0150183742
2026-03-13 01:00:00,0.0053549835
2026-03-13 02:00:00,-0.0087530399
2026-03-13 03:00:00,0.0081091226
2026-03-13 04:00:00,-0.0012040344
2026-03-13 05:00:00,0.0085876808
2026-03-13 06:00:00,-0.0071005548
2026-03-13 07:00:00,0.0014637202
2026-03-13 08:00:00,0.0082892258
2026-03-13 09:00:00,0.0013375586
2026-03-13 10:00:00,0.0039183279
2026-03-13 11:00:00,-0.0097015712
2026-03-13 12:00:00,0.00935994
2026-03-13 13:00:00,0.0069144314
2026-03-13 14:00:00,-0.014642694
2026-03-13 15:00:00,-0.0098231438
2026-03-13 16:00:00,0.0005250201
2026-03-13 17:00:00,-0.0112558698
2026-03-13 18:00:00,0.0026148301
2026-03-13 19:00:00,0.0026793673
2026-03-13 20:00:00,0.0010412285
2026-03-13 21:00:00,-0.001419477
2026-03-13 22:00:00,-0.0042347181
2026-03-13 23:00:00,0.0030347951
2026-03-14 00:00:00,-0.0030993128
2026-03-14 01:00:00,0.0046560779
2026-03-14 02:00:00,-0.001828376
2026-03-14 03:00:00,0.0016142861
2026-03-14 04:00:00,-0.0020933588
2026-03-14 05:00:00,-0.0016964747
2026-03-14 06:00:00,-0.0018931387
2026-03-14 07:00:00,0.0005023178
2026-03-14 08:00:00,-0.0001937213
2026-03-14 09:00:00,-0.0021190329
2026-03-14 10:00:00,-0.0006185982
2026-03-14 11:00:00,0.0021706014
2026-03-14 12:00:00,-0.0023576949
2026-03-14 13:00:00,0.0018980931
2026-03-14 14:00:00,-0.0021931962
2026-03-14 15:00:00,0.0011151762
2026-03-14 16:00:00,0.0019037157
2026-03-14 17:00:00,-0.0024431618
2026-03-14 18:00:00,0.0010929749
2026-03-14 19:00:00,-0.0005607195
2026-03-14 20:00:00,0.002140544
2026-03-14 21:00:00,0.001204733
2026-03-14 22:00:00,0.0012605465
2026-03-14 23:00:00,0.0067341283
2026-03-15 00:00:00,-0.0006756445
2026-03-15 01:00:00,3.55716e-05
2026-03-15 02:00:00,0.0079786715
2026-03-15 03:00:00,-0.0033580209
2026-03-15 04:00:00,0.0034638802
2026-03-15 05:00:00,-0.001772856
2026-03-15 06:00:00,-0.0028388696
2026-03-15 07:00:00,-0.0019373181
2026-03-15 08:00:00,0.0037789001
2026-03-15 09:00:00,0.0014284302
2026-03-15 10:00:00,0.0011088081
2026-03-15 11:00:00,0.0023829511
2026-03-15 12:00:00,0.0028970038
2026-03-15 13:00:00,-0.0004564943
2026-03-15 14:00:00,-0.0042871539
2026-03-15 15:00:00,-0.0011294013
2026-03-15 16:00:00,-0.0021706169
2026-03-15 17:00:00,0.0046958886
2026-03-15 18:00:00,-0.0059565834
2026-03-15 19:00:00,0.0014376315
2026-03-15 20:00:00,0.0035815367
2026-03-15 21:00:00,0.0063333393
2026-03-15 22:00:00,0.0194502907
2026-03-15 23:00:00,-0.0041248531
2026-03-16 00:00:00,-0.0017266032
2026-03-16 01:00:00,6.9124e-06
2026-03-16 02:00:00,-0.00240146
2026-03-16 03:00:00,0.0166426577
2026-03-16 04:00:00,0.0087186285
2026-03-16 05:00:00,0.0004727685
2026-03-16 06:00:00,-0.0029144584
2026-03-16 07:00:00,0.0043314244
2026-03-16 08:00:00,-0.0098590391
2026-03-16 09:00:00,0.0037450045
2026-03-16 10:00:00,0.0006442753
2026-03-16 11:00:00,-0.0035112419
2026-03-16 12:00:00,0.0045276744
2026-03-16 13:00:00,0.003859795
2026-03-16 14:00:00,0.0182641269
2026-03-16 15:00:00,-0.010870179
2026-03-16 16:00:00,0.0104527435
2026-03-16 17:00:00,0.0066713151
2026-03-16 18:00:00,0.0103152777
2026-03-16 19:00:00,-0.0038516825
2026-03-16 20:00:00,-0.0002812967
2026-03-16 21:00:00,2.61705e-05
2026-03-16 22:00:00,0.015161299
2026-03-16 23:00:00,-0.0054925311
2026-03-17 00:00:00,0.0010750322
2026-03-17 01:00:00,0.0167778832
2026-03-17 02:00:00,0.0146273028
2026-03-17 03:00:00,-0.0319231296
2026-03-17 04:00:00,-0.0092122778
2026-03-17 05:00:00,-0.0100502698
2026-03-17 06:00:00,0.0015238827
2026-03-17 07:00:00,0.0086636317
2026-03-17 08:00:00,-0.0061684283
2026-03-17 09:00:00,-0.0054659537
2026-03-17 10:00:00,-0.0023829708
2026-03-17 11:00:00,0.0009538699
2026-03-17 12:00:00,-0.0033890356
2026-03-17 13:00:00,-0.0008706662
2026-03-17 14:00:00,0.006092022
2026-03-17 15:00:00,0.000535171
2026-03-17 16:00:00,0.0033696154
2026-03-17 17:00:00,0.0078229138
2026-03-17 18:00:00,0.0039048926
2026-03-17 19:00:00,-0.0020907088
2026-03-17 20:00:00,-5.8681e-05
2026-03-17 21:00:00,-0.0021082802
2026-03-17 22:00:00,-0.0014647035
2026-03-17 23:00:00,-0.0064795256
2026-03-18 00:00:00,-0.0014961824
2026-03-18 01:00:00,-0.0001583176
2026-03-18 02:00:00,0.0074663508
2026-03-18 03:00:00,0.0078464003
2026-03-18 04:00:00,-0.0078398523
2026-03-18 05:00:00,-0.0019532024
2026-03-18 06:00:00,0.000714869
2026-03-18 07:00:00,-0.0029282982
2026-03-18 08:00:00,0.001176289
2026-03-18 09:00:00,0.0008534216
2026-03-18 10:00:00,-0.0078592467
2026-03-18 11:00:00,-0.0146303125
2026-03-18 12:00:00,-0.0172207976
2026-03-18 13:00:00,0.0015350768
2026-03-18 14:00:00,-0.0144060279
2026-03-18 15:00:00,-0.0026177663
2026-03-18 16:00:00,0.0007209156
2026-03-18 17:00:00,0.009647519
2026-03-18 18:00:00,-0.0031825598
2026-03-18 19:00:00,-0.0019985672
2026-03-18 20:00:00,0.0068268567
2026-03-18 21:00:00,0.0053640682
2026-03-18 22:00:00,-0.0030645873
2026-03-18 23:00:00,0.0013184458
2026-03-19 00:00:00,-0.0024949004
2026-03-19 01:00:00,0.0006909928
2026-03-19 02:00:00,-0.0030823631
2026-03-19 03:00:00,0.0114796788
2026-03-19 04:00:00,-0.0053516973
2026-03-19 05:00:00,-1.36368e-05
2026-03-19 06:00:00,0.0014444667
2026-03-19 07:00:00,-0.0051400659
2026-03-19 08:00:00,-0.0036062758
2026-03-19 09:00:00,0.0092500514
2026-03-19 10:00:00,-0.0046245853
2026-03-19 11:00:00,-0.0029029783
2026-03-19 12:00:00,-0.0147748681
2026-03-19 13:00:00,0.0098810175
2026-03-19 14:00:00,-0.0050702622
2026-03-19 15:00:00,-0.0084497848
2026-03-19 16:00:00,-0.0033299319
2026-03-19 17:00:00,0.0082554839
2026-03-19 18:00:00,-0.0012169385
2026-03-19 19:00:00,0.0054126955
2026-03-19 20:00:00,0.0034888134
2026-03-19 21:00:00,0.0033186023
2026-03-19 22:00:00,-0.0037876746
2026-03-19 23:00:00,-0.0015260063
2026-03-20 00:00:00,0.0020916249
2026-03-20 01:00:00,0.0045546568
2026-03-20 02:00:00,-0.0031213501
2026-03-20 03:00:00,0.0006195446
2026-03-20 04:00:00,0.0006122835
2026-03-20 05:00:00,0.000412564
2026-03-20 06:00:00,-0.0027881155
2026-03-20 07:00:00,0.0028362369
2026-03-20 08:00:00,0.0041297994
2026-03-20 09:00:00,-0.0088843631
2026-03-20 10:00:00,0.0018907511
2026-03-20 11:00:00,-0.0009725312
2026-03-20 12:00:00,-0.0048422225
2026-03-20 13:00:00,-0.0028401318
2026-03-20 14:00:00,-0.0013221256
2026-03-20 15:00:00,0.0010021924
2026-03-20 16:00:00,-0.0001182621
2026-03-20 17:00:00,0.0005494525
2026-03-20 18:00:00,-0.0051236941
2026-03-20 19:00:00,0.0032236709
2026-03-20 20:00:00,0.0003273676
2026-03-20 21:00:00,0.0048630456
2026-03-20 22:00:00,0.0032588757
2026-03-20 23:00:00,-0.0020329567
2026-03-21 00:00:00,0.001984601
2026-03-21 01:00:00,-0.0026423932
2026-03-21 02:00:00,0.0021103258
2026-03-21 03:00:00,-0.0006775864
2026-03-21 04:00:00,-0.0009064709
2026-03-21 05:00:00,0.0043380719
2026-03-21 06:00:00,-0.0016418326
2026-03-21 07:00:00,-0.0030839892
2026-03-21 08:00:00,-0.0020728557
2026-03-21 09:00:00,-0.0006039465
2026-03-21 10:00:00,-9.72209e-05
2026-03-21 11:00:00,0.0016306708
2026-03-21 12:00:00,0.0016557041
2026-03-21 13:00:00,-0.0036058815
2026-03-21 14:00:00,-0.0019887911
2026-03-21 15:00:00,0.0007932091
2026-03-21 16:00:00,-0.0007236041
2026-03-21 17:00:00,0.0021970238
2026-03-21 18:00:00,-0.002085666
2026-03-21 19:00:00,0.0002644251
2026-03-21 20:00:00,0.0028208175
2026-03-21 21:00:00,-0.0010620834
2026-03-21 22:00:00,-0.0003195399
2026-03-21 23:00:00,-0.0216238687
2026-03-22 00:00:00,0.001723692
2026-03-22 01:00:00,-0.0007728113
2026-03-22 02:00:00,0.0046491141
2026-03-22 03:00:00,0.0006281296
2026-03-22 04:00:00,0.0001269895
2026-03-22 05:00:00,-0.0042700364
2026-03-22 06:00:00,-3.54242e-05
2026-03-22 07:00:00,-0.0058907507
2026-03-22 08:00:00,-0.0027761837
2026-03-22 09:00:00,-0.0025474439
2026-03-22 10:00:00,-0.0052152668
2026-03-22 11:00:00,0.0015616851
2026-03-22 12:00:00,0.0062939276
2026-03-22 13:00:00,-0.0005932915
2026-03-22 14:00:00,-0.0011661642
2026-03-22 15:00:00,-0.0029608622
2026-03-22 16:00:00,0.0012628439
2026-03-22 17:00:00,-0.001349005
2026-03-22 18:00:00,-0.0034597506
2026-03-22 19:00:00,-0.0022794663
2026-03-22 20:00:00,0.0017605511
2026-03-22 21:00:00,-0.0058709291
2026-03-22 22:00:00,0.0085922347
2026-03-22 23:00:00,-0.0046263017
2026-03-23 00:00:00,-0.004096468
2026-03-23 01:00:00,0.002043094
2026-03-23 02:00:00,0.002493866
2026-03-23 03:00:00,-0.0031744337
2026-03-23 04:00:00,0.0064899432
2026-03-23 05:00:00,0.0006905482
2026-03-23 06:00:00,-0.0140190565
2026-03-23 07:00:00,0.0005686333
2026-03-23 08:00:00,-0.0023860526
2026-03-23 09:00:00,-0.0004895889
2026-03-23 10:00:00,0.0028610652
2026-03-23 11:00:00,0.0273469705
2026-03-23 12:00:00,0.0095140675
2026-03-23 13:00:00,0.0127173298
2026-03-23 14:00:00,0.0091959115
2026-03-23 15:00:00,-0.0166098244
2026-03-23 16:00:00,0.0018987392
2026-03-23 17:00:00,0.0069013482
2026-03-23 18:00:00,-0.0016150781
2026-03-23 19:00:00,-0.0046936527
2026-03-23 20:00:00,0.0023252424
2026-03-23 21:00:00,-0.0018374682
2026-03-23 22:00:00,-0.0042796121
2026-03-23 23:00:00,0.0020059486
2026-03-24 00:00:00,-0.0086535698
2026-03-24 01:00:00,-0.0049281704
2026-03-24 02:00:00,-0.0028990356
2026-03-24 03:00:00,0.0037975178
2026-03-24 04:00:00,-0.004251918
2026-03-24 05:00:00,0.0039053552
2026-03-24 06:00:00,0.0012442385
2026-03-24 07:00:00,0.0105559308
2026-03-24 08:00:00,-0.0094049755
2026-03-24 09:00:00,0.0044079612
2026-03-24 10:00:00,-0.0013569334
2026-03-24 11:00:00,0.0011039663
2026-03-24 12:00:00,-0.0046420466
2026-03-24 13:00:00,-0.0097769412
2026-03-24 14:00:00,-0.001455542
2026-03-24 15:00:00,4.28403e-05
2026-03-24 16:00:00,-0.0072805768
2026-03-24 17:00:00,-0.0019869845
2026-03-24 18:00:00,0.0004322891
2026-03-24 19:00:00,-0.0008575557
2026-03-24 20:00:00,0.0159988537
2026-03-24 21:00:00,0.0020979227
2026-03-24 22:00:00,-0.0012752393
2026-03-24 23:00:00,0.0033334426
2026-03-25 00:00:00,0.0032941986
2026-03-25 01:00:00,-0.002072598
2026-03-25 02:00:00,-0.0050655946
2026-03-25 03:00:00,0.0019132252
2026-03-25 04:00:00,0.0021497781
2026-03-25 05:00:00,0.0009179041
2026-03-25 06:00:00,0.0003387056
2026-03-25 07:00:00,0.0017199818
2026-03-25 08:00:00,-0.0005424617
2026-03-25 09:00:00,-0.0012621857
2026-03-25 10:00:00,0.0037325827
2026-03-25 11:00:00,0.0041388174
2026-03-25 12:00:00,-0.0045888055
2026-03-25 13:00:00,-0.0012385123
2026-03-25 14:00:00,-0.0036116911
2026-03-25 15:00:00,-0.0056979404
2026-03-25 16:00:00,0.0059311188
2026-03-25 17:00:00,-0.0032269278
2026-03-25 18:00:00,0.0009847506
2026-03-25 19:00:00,-0.000779219
2026-03-25 20:00:00,0.0020176355
2026-03-25 21:00:00,-0.0004102767
2026-03-25 22:00:00,0.0029953891
2026-03-25 23:00:00,-0.0024648907
2026-03-26 00:00:00,-0.0008064688
2026-03-26 01:00:00,-0.0020757552
2026-03-26 02:00:00,-0.0050408027
2026-03-26 03:00:00,-0.0014408299
2026-03-26 04:00:00,0.0010202081
2026-03-26 05:00:00,-0.0100691351
2026-03-26 06:00:00,-0.0022786938
2026-03-26 07:00:00,7.2193e-06
2026-03-26 08:00:00,-0.0026529721
2026-03-26 09:00:00,-0.0064994474
2026-03-26 10:00:00,0.0004079106
2026-03-26 11:00:00,-0.0015305233
2026-03-26 12:00:00,0.0021275209
2026-03-26 13:00:00,0.0030231922
2026-03-26 14:00:00,-0.0075020746
2026-03-26 15:00:00,-0.0059468335
2026-03-26 16:00:00,0.0002647292
2026-03-26 17:00:00,-0.0049384272
2026-03-26 18:00:00,-0.004844131
2026-03-26 19:00:00,-0.0024308936
2026-03-26 20:00:00,0.010992172
2026-03-26 21:00:00,0.0056304678
2026-03-26 22:00:00,-0.0025213485
2026-03-26 23:00:00,-0.0019319561
2026-03-27 00:00:00,0.0009186955
2026-03-27 01:00:00,0.0051364644
2026-03-27 02:00:00,0.0009496608
2026-03-27 03:00:00,-0.0046693147
2026-03-27 04:00:00,-0.0005062975
2026-03-27 05:00:00,-0.0005506143
2026-03-27 06:00:00,-0.0019552935
2026-03-27 07:00:00,-0.0008612472
2026-03-27 08:00:00,-0.0060273629
2026-03-27 09:00:00,-0.0034212933
2026-03-27 10:00:00,-0.0096288547
2026-03-27 11:00:00,0.001560051
2026-03-27 12:00:00,-0.0019354264
2026-03-27 13:00:00,0.0058622652
2026-03-27 14:00:00,-0.0060049448
2026-03-27 15:00:00,0.0030668775
2026-03-27 16:00:00,-0.0042691982
2026-03-27 17:00:00,-0.0052545401
2026-03-27 18:00:00,-0.0004158114
2026-03-27 19:00:00,0.0013450918
2026-03-27 20:00:00,0.0009435067
2026-03-27 21:00:00,0.0012666724
2026-03-27 22:00:00,-0.0027993786
2026-03-27 23:00:00,0.0008836692
2026-03-28 00:00:00,0.0007169352
2026-03-28 01:00:00,-0.0017366228
2026-03-28 02:00:00,-0.0004762103
2026-03-28 03:00:00,0.0026201251
2026-03-28 04:00:00,0.0019888211
2026-03-28 05:00:00,0.0048949047
2026-03-28 06:00:00,-2.24678e-05
2026-03-28 07:00:00,0.0035660523
2026-03-28 08:00:00,-0.0023983962
2026-03-28 09:00:00,-0.0002244434
2026-03-28 10:00:00,0.0003441259
2026-03-28 11:00:00,0.0021070572
2026-03-28 12:00:00,-0.0015985661
2026-03-28 13:00:00,0.0092422375
2026-03-28 14:00:00,-0.0021800718
2026-03-28 15:00:00,0.0040449294
2026-03-28 16:00:00,-0.0026058454
2026-03-28 17:00:00,-0.0031404659
2026-03-28 18:00:00,0.0002007502
2026-03-28 19:00:00,-0.0008032428
2026-03-28 20:00:00,0.0016058408
2026-03-28 21:00:00,-0.0043178281
2026-03-28 22:00:00,-1.49214e-05
2026-03-28 23:00:00,-0.0059864735
2026-03-29 00:00:00,-0.0002326987
2026-03-29 01:00:00,0.0020024381
2026-03-29 02:00:00,0.0005392976
2026-03-29 03:00:00,0.001646054
2026-03-29 04:00:00,-0.0017808511
2026-03-29 05:00:00,-0.0016039818
2026-03-29 06:00:00,0.0009746882
2026-03-29 07:00:00,-0.0012297634
2026-03-29 08:00:00,0.0028920377
2026-03-29 09:00:00,-0.0016697682
2026-03-29 10:00:00,-0.001259786
2026-03-29 11:00:00,0.0035204183
2026-03-29 12:00:00,-0.0027703545
2026-03-29 13:00:00,-0.0061747394
2026-03-29 14:00:00,-0.0002489918
2026-03-29 15:00:00,-0.0004151241
2026-03-29 16:00:00,-0.0004455066
2026-03-29 17:00:00,-0.0012242771
2026-03-29 18:00:00,5.29319e-05
2026-03-29 19:00:00,-0.004213053
2026-03-29 20:00:00,0.0046817558
2026-03-29 21:00:00,0.0025890226
2026-03-29 22:00:00,-0.0070657772
2026-03-29 23:00:00,0.0073220502
2026-03-30 00:00:00,0.0025215379
2026-03-30 01:00:00,0.0068698929
2026-03-30 02:00:00,0.0059624787
2026-03-30 03:00:00,0.0025275842
2026-03-30 04:00:00,-0.0008591066
2026-03-30 05:00:00,0.0010959717
2026-03-30 06:00:00,-0.0009181649
2026-03-30 07:00:00,0.0050321357
2026-03-30 08:00:00,0.0028410783
2026-03-30 09:00:00,-0.0086810074
2026-03-30 10:00:00,-0.0015284397
2026-03-30 11:00:00,0.0014098095
2026-03-30 12:00:00,0.0013930159
2026-03-30 13:00:00,-0.0051817434
2026-03-30 14:00:00,0.002594228
2026-03-30 15:00:00,-0.001969214
2026-03-30 16:00:00,-0.003002144
2026-03-30 17:00:00,-0.0054911898
2026-03-30 18:00:00,-0.0060647745
2026-03-30 19:00:00,-0.002259222
2026-03-30 20:00:00,0.0033605354
2026-03-30 21:00:00,0.0026652829
2026-03-30 22:00:00,-0.0017986632
2026-03-30 23:00:00,-0.0036751014
2026-03-31 00:00:00,0.0014429744
2026-03-31 01:00:00,0.0102746031
2026-03-31 02:00:00,-0.0013309408
2026-03-31 03:00:00,-0.0085964506
2026-03-31 04:00:00,-0.0013744565
2026-03-31 05:00:00,-0.0007786896
2026-03-31 06:00:00,0.000710673
2026-03-31 07:00:00,-0.0040136062
2026-03-31 08:00:00,-0.0038240964
2026-03-31 09:00:00,-0.0050399868
2026-03-31 10:00:00,0.0028514768
2026-03-31 11:00:00,0.0029042643
2026-03-31 12:00:00,0.0007000297
2026-03-31 13:00:00,0.0075775734
2026-03-31 14:00:00,-0.0087953315
2026-03-31 15:00:00,0.0002893519
2026-03-31 16:00:00,0.011784387
2026-03-31 17:00:00,0.00043631
2026-03-31 18:00:00,0.0066713388
2026-03-31 19:00:00,0.003981544
2026-03-31 20:00:00,-0.0004689088
2026-03-31 21:00:00,-0.0027882168
2026-03-31 22:00:00,-0.0037547352
2026-03-31 23:00:00,0.0040458484
2026-04-01 00:00:00,0.0028767133
2026-04-01 01:00:00,-0.0071623861
2026-04-01 02:00:00,-0.0006523133
2026-04-01 03:00:00,0.0104902067
2026-04-01 04:00:00,-0.0069563166
2026-04-01 05:00:00,0.005574865
2026-04-01 06:00:00,0.0120565274
2026-04-01 07:00:00,-0.0045041806
2026-04-01 08:00:00,-0.0025406968
2026-04-01 09:00:00,-0.0011395001
2026-04-01 10:00:00,0.0010951283
2026-04-01 11:00:00,0.0014558464
2026-04-01 12:00:00,-0.000583562
2026-04-01 13:00:00,-0.0052303002
2026-04-01 14:00:00,0.0066774998
2026-04-01 15:00:00,0.0012977439
2026-04-01 16:00:00,0.0008985852
2026-04-01 17:00:00,-0.0055221024
2026-04-01 18:00:00,-0.0028096466
2026-04-01 19:00:00,0.0019431307
2026-04-01 20:00:00,-0.0010007599
2026-04-01 21:00:00,0.0047797772
2026-04-01 22:00:00,-0.0044460793
2026-04-01 23:00:00,-0.0008084824
2026-04-02 00:00:00,0.0066560416
2026-04-02 01:00:00,-0.0211860968
2026-04-02 02:00:00,-0.0080126211
2026-04-02 03:00:00,-0.003748612
2026-04-02 04:00:00,-0.0035104089
2026-04-02 05:00:00,0.0053598582
2026-04-02 06:00:00,0.00031171
2026-04-02 07:00:00,0.0010788307
2026-04-02 08:00:00,-0.0038191215
2026-04-02 09:00:00,-0.0003659401
2026-04-02 10:00:00,-0.0020609121
2026-04-02 11:00:00,-0.0064928573
2026-04-02 12:00:00,-0.0074491546
2026-04-02 13:00:00,-0.0014034002
2026-04-02 14:00:00,0.0084294795
2026-04-02 15:00:00,0.0001154019
2026-04-02 16:00:00,0.0034482131
2026-04-02 17:00:00,-0.0045951302
2026-04-02 18:00:00,0.0063339214
2026-04-02 19:00:00,0.0008797329
2026-04-02 20:00:00,0.0077691591
2026-04-02 21:00:00,-0.0021038968
2026-04-02 22:00:00,0.0019976688
2026-04-02 23:00:00,0.00162254
2026-04-03 00:00:00,-0.0033693317
2026-04-03 01:00:00,-0.0017498483
2026-04-03 02:00:00,-0.0040974751
2026-04-03 03:00:00,0.0102540035
2026-04-03 04:00:00,-0.0010903805
2026-04-03 05:00:00,-0.0008716447
2026-04-03 06:00:00,0.0004169683
2026-04-03 07:00:00,-0.0007582536
2026-04-03 08:00:00,-0.0005842473
2026-04-03 09:00:00,-0.0046558065
2026-04-03 10:00:00,0.0033419005
2026-04-03 11:00:00,0.0033231948
2026-04-03 12:00:00,-0.0002196878
2026-04-03 13:00:00,-0.0018047809
2026-04-03 14:00:00,0.0013955784
2026-04-03 15:00:00,-0.0001970832
2026-04-03 16:00:00,0.0040551126
2026-04-03 17:00:00,-0.0024492585
2026-04-03 18:00:00,-0.0027815797
2026-04-03 19:00:00,4.55377e-05
2026-04-03 20:00:00,-0.0009035516
2026-04-03 21:00:00,0.0014725978
2026-04-03 22:00:00,-0.0011156353
2026-04-03 23:00:00,0.0009866799
2026-04-04 00:00:00,-0.0016399421
2026-04-04 01:00:00,-0.0008437953
2026-04-04 02:00:00,-0.0004564022
2026-04-04 03:00:00,0.0010418133
2026-04-04 04:00:00,0.000372356
2026-04-04 05:00:00,0.0006380022
2026-04-04 06:00:00,0.0021237389
2026-04-04 07:00:00,-0.0031416976
2026-04-04 08:00:00,-0.0015441082
2026-04-04 09:00:00,-0.0006853436
2026-04-04 10:00:00,0.0008604116
2026-04-04 11:00:00,-0.0016758206
2026-04-04 12:00:00,-0.0011289524
2026-04-04 13:00:00,-0.0008246353
2026-04-04 14:00:00,0.002570921
2026-04-04 15:00:00,-0.0002895657
2026-04-04 16:00:00,0.0001143123
2026-04-04 17:00:00,0.0016066095
2026-04-04 18:00:00,-0.0007230356
2026-04-04 19:00:00,0.0032457566
2026-04-04 20:00:00,-0.0008959009
2026-04-04 21:00:00,-7.5958e-06
2026-04-04 22:00:00,0.0002354433
2026-04-04 23:00:00,-0.0013906781
2026-04-05 00:00:00,-0.0022153968
2026-04-05 01:00:00,0.0006095331
2026-04-05 02:00:00,0.0028218633
2026-04-05 03:00:00,-0.0027000013
2026-04-05 04:00:00,-0.001898163
2026-04-05 05:00:00,-0.0079749455
2026-04-05 06:00:00,0.0013220601
2026-04-05 07:00:00,-0.0032621938
2026-04-05 08:00:00,0.0010167299
2026-04-05 09:00:00,0.001453975
2026-04-05 10:00:00,-0.0014693723
2026-04-05 11:00:00,-0.0003079956
2026-04-05 12:00:00,-0.0122423311
2026-04-05 13:00:00,0.0046666544
2026-04-05 14:00:00,-0.0020661967
2026-04-05 15:00:00,0.0078844849
2026-04-05 16:00:00,0.0008636645
2026-04-05 17:00:00,0.0036929937
2026-04-05 18:00:00,0.0001996483
2026-04-05 19:00:00,-0.0016905915
2026-04-05 20:00:00,0.0028493002
2026-04-05 21:00:00,-0.0025570846
2026-04-05 22:00:00,0.0087727247
2026-04-05 23:00:00,0.0100856995
2026-04-06 00:00:00,0.0044642763
2026-04-06 01:00:00,-0.0019624288
2026-04-06 02:00:00,0.0083493084
2026-04-06 03:00:00,-0.0016059821
2026-04-06 04:00:00,0.0013521844
2026-04-06 05:00:00,0.000156765
2026-04-06 06:00:00,0.0014619558
2026-04-06 07:00:00,0.0014970341
2026-04-06 08:00:00,-0.0036459519
2026-04-06 09:00:00,0.0101369041
2026-04-06 10:00:00,0.0005618019
2026-04-06 11:00:00,-0.0025528245
2026-04-06 12:00:00,-0.0049540166
2026-04-06 13:00:00,0.0029219026
2026-04-06 14:00:00,0.0006011645
2026-04-06 15:00:00,0.001986466
2026-04-06 16:00:00,-0.0049214926
2026-04-06 17:00:00,-0.0034587666
2026-04-06 18:00:00,0.0013879253
2026-04-06 19:00:00,0.0004249466
2026-04-06 20:00:00,-0.000275822
2026-04-06 21:00:00,-0.0041689452
2026-04-06 22:00:00,-0.0129609675
2026-04-06 23:00:00,0.0016596256
2026-04-07 00:00:00,0.0003179698
2026-04-07 01:00:00,-0.0043695687
2026-04-07 02:00:00,0.0012156855
2026-04-07 03:00:00,-4.55615e-05
2026-04-07 04:00:00,0.0012294337
2026-04-07 05:00:00,-0.0060020948
2026-04-07 06:00:00,0.0006178466
2026-04-07 07:00:00,0.0010669838
2026-04-07 08:00:00,0.0049389946
2026-04-07 09:00:00,0.0009015801
2026-04-07 10:00:00,-0.0102148111
2026-04-07 11:00:00,-0.000466798
2026-04-07 12:00:00,0.0014226712
2026-04-07 13:00:00,-0.0025944521
2026-04-07 14:00:00,-0.0066970114
2026-04-07 15:00:00,0.0007634618
2026-04-07 16:00:00,0.002271512
2026-04-07 17:00:00,0.0062182723
2026-04-07 18:00:00,-0.004719592
2026-04-07 19:00:00,0.0091811443
2026-04-07 20:00:00,0.0025915118
2026-04-07 21:00:00,0.0151928353
2026-04-07 22:00:00,0.0264030297
2026-04-07 23:00:00,0.0035684344
2026-04-08 00:00:00,-0.0086852526
2026-04-08 01:00:00,0.0023098244
2026-04-08 02:00:00,0.0031127352
2026-04-08 03:00:00,-0.0029083243
2026-04-08 04:00:00,0.0046027654
2026-04-08 05:00:00,0.0059477629
2026-04-08 06:00:00,-0.0033788582
2026-04-08 07:00:00,9.42128e-05
2026-04-08 08:00:00,0.000985079
2026-04-08 09:00:00,-0.0003185959
2026-04-08 10:00:00,0.0022208165
2026-04-08 11:00:00,-0.0041998309
2026-04-08 12:00:00,0.0018776217
2026-04-08 13:00:00,-0.0046824892
2026-04-08 14:00:00,-0.0184259512
2026-04-08 15:00:00,0.004156903
2026-04-08 16:00:00,0.0019541266
2026-04-08 17:00:00,0.003478469
2026-04-08 18:00:00,-0.0102864712
2026-04-08 19:00:00,0.0028515475
2026-04-08 20:00:00,-0.0025771492
2026-04-08 21:00:00,0.0031760513
2026-04-08 22:00:00,-0.0060498405
2026-04-08 23:00:00,-0.001205438
2026-04-09 00:00:00,-0.0024973455
2026-04-09 01:00:00,-0.0040537362
2026-04-09 02:00:00,-2.9978e-05
2026-04-09 03:00:00,-0.0019505029
2026-04-09 04:00:00,7.50897e-05
2026-04-09 05:00:00,0.0011706703
2026-04-09 06:00:00,-0.0001875152
2026-04-09 07:00:00,-0.0008555155
2026-04-09 08:00:00,0.0024070829
2026-04-09 09:00:00,0.0022369115
2026-04-09 10:00:00,-0.0035409662
2026-04-09 11:00:00,-0.002380158
2026-04-09 12:00:00,0.0010218343
2026-04-09 13:00:00,-0.0016911003
2026-04-09 14:00:00,0.0025243242
2026-04-09 15:00:00,0.0146291388
2026-04-09 16:00:00,0.0001183038
2026-04-09 17:00:00,0.0047354301
2026-04-09 18:00:00,-0.0025271982
2026-04-09 19:00:00,0.0002212928
2026-04-09 20:00:00,0.0007446593
2026-04-09 21:00:00,-0.0024794316
2026-04-09 22:00:00,-0.0006947524
2026-04-09 23:00:00,-0.0067210936
2026-04-10 00:00:00,0.0008035655
2026-04-10 01:00:00,-0.0007737923
2026-04-10 02:00:00,-7.44347e-05
2026-04-10 03:00:00,-0.0015867757
2026-04-10 04:00:00,0.0038545443
2026-04-10 05:00:00,-0.0022231071
2026-04-10 06:00:00,-0.0009457603
2026-04-10 07:00:00,-0.0037994903
2026-04-10 08:00:00,0.0019500684
2026-04-10 09:00:00,-0.0001642269
2026-04-10 10:00:00,-0.0015689794
2026-04-10 11:00:00,0.0032547544
2026-04-10 12:00:00,0.0010354165
2026-04-10 13:00:00,0.0011979569
2026-04-10 14:00:00,0.0102980817
2026-04-10 15:00:00,-0.0078693728
2026-04-10 16:00:00,0.0030442551
2026-04-10 17:00:00,0.00247449
2026-04-10 18:00:00,0.0034319752
2026-04-10 19:00:00,0.0020931649
2026-04-10 20:00:00,0.001319745
2026-04-10 21:00:00,-0.0030821188
2026-04-10 22:00:00,-0.0028041632
2026-04-10 23:00:00,-0.0002579951
2026-04-11 00:00:00,-0.0013647951
2026-04-11 01:00:00,-0.0007606669
2026-04-11 02:00:00,0.0012477806
2026-04-11 03:00:00,-0.0030446598
2026-04-11 04:00:00,0.000414382
2026-04-11 05:00:00,-0.0025704575
2026-04-11 06:00:00,-0.0009869728
2026-04-11 07:00:00,0.0001262087
2026-04-11 08:00:00,-0.0007723499
2026-04-11 09:00:00,0.0016553653
2026-04-11 10:00:00,-8.90082e-05
2026-04-11 11:00:00,-0.0012840831
2026-04-11 12:00:00,-0.0010180463
2026-04-11 13:00:00,0.0002527505
2026-04-11 14:00:00,-0.0017259212
2026-04-11 15:00:00,0.0028253857
2026-04-11 16:00:00,0.0064903816
2026-04-11 17:00:00,-0.0014542665
2026-04-11 18:00:00,0.0077855192
2026-04-11 19:00:00,0.0053804839
2026-04-11 20:00:00,-0.0064806102
2026-04-11 21:00:00,4.40283e-05
2026-04-11 22:00:00,-0.0003963245
2026-04-11 23:00:00,-0.0051813206
2026-04-12 00:00:00,-0.0008489372
2026-04-12 01:00:00,-0.0178533593
2026-04-12 02:00:00,0.0034748968
2026-04-12 03:00:00,-0.0029863311
2026-04-12 04:00:00,-0.0017223165
2026-04-12 05:00:00,0.001992804
2026-04-12 06:00:00,-0.0008417572
2026-04-12 07:00:00,0.0002255402
2026-04-12 08:00:00,-0.0008497998
2026-04-12 09:00:00,0.0012932138
2026-04-12 10:00:00,0.0001502652
2026-04-12 11:00:00,0.0019513959
2026-04-12 12:00:00,-0.001410628
2026-04-12 13:00:00,-0.0059192714
2026-04-12 14:00:00,-0.0007556066
2026-04-12 15:00:00,0.0011860471
2026-04-12 16:00:00,0.0031734931
2026-04-12 17:00:00,0.0035159984
2026-04-12 18:00:00,-0.0014034142
2026-04-12 19:00:00,0.0
2026-04-12 20:00:00,0.004024844
2026-04-12 21:00:00,-7.48027e-05
2026-04-12 22:00:00,-0.0063110157
2026-04-12 23:00:00,-0.0026759852
2026-04-13 00:00:00,0.0053298128
2026-04-13 01:00:00,0.0002327196
2026-04-13 02:00:00,-0.0051625641
2026-04-13 03:00:00,0.0003168424
2026-04-13 04:00:00,-0.0019327908
2026-04-13 05:00:00,0.0060801911
2026-04-13 06:00:00,0.0024607272
2026-04-13 07:00:00,-0.0066458415
2026-04-13 08:00:00,0.0
2026-04-13 09:00:00,0.0007012491
2026-04-13 10:00:00,-0.0013426061
2026-04-13 11:00:00,0.0007243261
2026-04-13 12:00:00,0.0050331322
2026-04-13 13:00:00,0.0055379415
2026-04-13 14:00:00,0.0049580603
2026-04-13 15:00:00,-0.0085467419
2026-04-13 16:00:00,0.0037528546
2026-04-13 17:00:00,-0.0011946005
2026-04-13 18:00:00,0.0017615363
2026-04-13 19:00:00,0.0098696973
2026-04-13 20:00:00,-0.004596212
2026-04-13 21:00:00,0.002659645
2026-04-13 22:00:00,0.0173973555
2026-04-13 23:00:00,0.0006541791
2026-04-14 00:00:00,-0.0100780802
2026-04-14 01:00:00,0.0035462069
2026-04-14 02:00:00,0.0009941957
2026-04-14 03:00:00,-0.0007089944
2026-04-14 04:00:00,-0.0024671216
2026-04-14 05:00:00,-0.0010413841
2026-04-14 06:00:00,0.0070193172
2026-04-14 07:00:00,-0.0028018172
2026-04-14 08:00:00,0.0040105933
2026-04-14 09:00:00,-0.0003639355
2026-04-14 10:00:00,-0.0018654275
2026-04-14 11:00:00,-0.0007807228
2026-04-14 12:00:00,-0.0016729436
2026-04-14 13:00:00,0.018688071
2026-04-14 14:00:00,-0.0147767422
2026-04-14 15:00:00,0.0010554782
2026-04-14 16:00:00,-0.0040751962
2026-04-14 17:00:00,0.0004163
2026-04-14 18:00:00,-0.0103860624
2026-04-14 19:00:00,0.0046154777
2026-04-14 20:00:00,-0.0030893508
2026-04-14 21:00:00,0.0025383806
2026-04-14 22:00:00,-0.0012794213
2026-04-14 23:00:00,0.0023810585
2026-04-15 00:00:00,0.0002495358
2026-04-15 01:00:00,0.0003888581
2026-04-15 02:00:00,-0.0041016199
2026-04-15 03:00:00,0.0003903043
2026-04-15 04:00:00,0.0011038097
2026-04-15 05:00:00,-0.0002574466
2026-04-15 06:00:00,-0.0022905131
2026-04-15 07:00:00,-0.002761474
2026-04-15 08:00:00,0.0028646968
2026-04-15 09:00:00,-0.0024950739
2026-04-15 10:00:00,0.0027162297
2026-04-15 11:00:00,0.005403094
2026-04-15 12:00:00,0.0013334117
2026-04-15 13:00:00,0.0013243242
2026-04-15 14:00:00,0.0064138292
2026-04-15 15:00:00,-0.0019416705
2026-04-15 16:00:00,0.0037127901
2026-04-15 17:00:00,0.0008988765
2026-04-15 18:00:00,0.0051240839
2026-04-15 19:00:00,0.0096847151
2026-04-15 20:00:00,-0.0085823897
2026-04-15 21:00:00,0.0002088006
2026-04-15 22:00:00,0.0040880165
2026-04-15 23:00:00,-0.0019593003
2026-04-16 00:00:00,0.0037215415
2026-04-16 01:00:00,0.0023876767
2026-04-16 02:00:00,0.0048720127
2026-04-16 03:00:00,-0.0004903999
2026-04-16 04:00:00,-0.0016435261
2026-04-16 05:00:00,0.0011244352
2026-04-16 06:00:00,0.0030396024
2026-04-16 07:00:00,-0.0028689126
2026-04-16 08:00:00,-0.0005050415
2026-04-16 09:00:00,0.008410109
2026-04-16 10:00:00,-0.0059726174
2026-04-16 11:00:00,0.0006102191
2026-04-16 12:00:00,0.0031940198
2026-04-16 13:00:00,-0.0047913111
2026-04-16 14:00:00,0.0023630859
2026-04-16 15:00:00,0.0131044832
2026-04-16 16:00:00,-0.0068159986
2026-04-16 17:00:00,0.005387857
2026-04-16 18:00:00,0.0136861196
2026-04-16 19:00:00,0.0124030681
2026-04-16 20:00:00,-0.0082997697
2026-04-16 21:00:00,-0.0043244578
2026-04-16 22:00:00,0.0034155984
2026-04-16 23:00:00,0.0011841083
2026-04-17 00:00:00,-0.0084224261
2026-04-17 01:00:00,-0.0070674625
2026-04-17 02:00:00,-0.000726983
2026-04-17 03:00:00,0.0005732422
2026-04-17 04:00:00,0.0006287902
2026-04-17 05:00:00,-0.0043537369
2026-04-17 06:00:00,0.0049472316
2026-04-17 07:00:00,0.0035744559
2026-04-17 08:00:00,0.0063093879
2026-04-17 09:00:00,0.0037803838
2026-04-17 10:00:00,-0.0102288876
2026-04-17 11:00:00,0.0072015809
2026-04-17 12:00:00,0.0082397831
2026-04-17 13:00:00,0.018822776
2026-04-17 14:00:00,0.0078005866
2026-04-17 15:00:00,-0.0083519398
2026-04-17 16:00:00,0.0071840545
2026-04-17 17:00:00,-0.0085300946
2026-04-17 18:00:00,-0.0044480666
2026-04-17 19:00:00,0.0065538192
2026-04-17 20:00:00,-0.0039190386
2026-04-17 21:00:00,-0.0014448918
2026-04-17 22:00:00,0.0033389914
2026-04-17 23:00:00,-0.0052935898
2026-04-18 00:00:00,-0.0007246451
2026-04-18 01:00:00,0.0017328563
2026-04-18 02:00:00,-0.0012722734
2026-04-18 03:00:00,-0.005575093
2026-04-18 04:00:00,0.0007759906
2026-04-18 05:00:00,0.000176896
2026-04-18 06:00:00,0.0011762428
2026-04-18 07:00:00,0.001921165
2026-04-18 08:00:00,-0.0138082051
2026-04-18 09:00:00,-0.0022717739
2026-04-18 10:00:00,-0.0075267387
2026-04-18 11:00:00,-0.0052635365
2026-04-18 12:00:00,0.002899765
2026-04-18 13:00:00,0.0008905464
2026-04-18 14:00:00,-0.0016286308
2026-04-18 15:00:00,0.000459626
2026-04-18 16:00:00,-0.0014004287
2026-04-18 17:00:00,-0.0009556462
2026-04-18 18:00:00,-0.0048130156
2026-04-18 19:00:00,0.0012754657
2026-04-18 20:00:00,0.0007071121
2026-04-18 21:00:00,0.0054788921
2026-04-18 22:00:00,-0.0011003476
2026-04-18 23:00:00,-0.001624877
2026-04-19 00:00:00,0.0003000687
2026-04-19 01:00:00,-0.0006700448
2026-04-19 02:00:00,-0.0006425479
2026-04-19 03:00:00,-0.0008876743
2026-04-19 04:00:00,0.0007129976
2026-04-19 05:00:00,-0.0001956742
2026-04-19 06:00:00,-0.001020922
2026-04-19 07:00:00,-0.0054016266
2026-04-19 08:00:00,0.0025571329
2026-04-19 09:00:00,-0.0023461328
2026-04-19 10:00:00,0.0012439954
2026-04-19 11:00:00,0.0047508691
2026-04-19 12:00:00,0.0011457956
2026-04-19 13:00:00,0.0046465539
2026-04-19 14:00:00,0.0005628068
2026-04-19 15:00:00,-0.00553061
2026-04-19 16:00:00,-0.0063413086
2026-04-19 17:00:00,-0.0064595972
2026-04-19 18:00:00,0.001562307
2026-04-19 19:00:00,0.0017925831
2026-04-19 20:00:00,-0.0051676779
2026-04-19 21:00:00,-7.08788e-05
2026-04-19 22:00:00,-0.0076774853
2026-04-19 23:00:00,-0.0037856741
2026-04-20 00:00:00,0.0083110685
2026-04-20 01:00:00,0.0017689501
2026-04-20 02:00:00,-0.0001419688
2026-04-20 03:00:00,0.0022265881
2026-04-20 04:00:00,-0.0010559476
2026-04-20 05:00:00,-0.0077087993
2026-04-20 06:00:00,0.0111630586
2026-04-20 07:00:00,0.000183704
2026-04-20 08:00:00,-0.0034394452
2026-04-20 09:00:00,0.0052816837
2026-04-20 10:00:00,-0.0025206982
2026-04-20 11:00:00,0.0009257003
2026-04-20 12:00:00,0.0047844116
2026-04-20 13:00:00,0.002169739
2026-04-20 14:00:00,-0.0059375746
2026-04-20 15:00:00,0.0110797654
2026-04-20 16:00:00,-0.006286159
2026-04-20 17:00:00,0.0027279215
2026-04-20 18:00:00,0.0034047049
2026-04-20 19:00:00,-0.0014387688
2026-04-20 20:00:00,0.0015643881
2026-04-20 21:00:00,-0.0016692338
2026-04-20 22:00:00,-0.0028560248
2026-04-20 23:00:00,-0.0011432941
2026-04-21 00:00:00,0.0023763054
2026-04-21 01:00:00,-0.0013942558
2026-04-21 02:00:00,-0.0022390767
2026-04-21 03:00:00,0.0012991347
2026-04-21 04:00:00,0.0025022179
2026-04-21 05:00:00,0.0024959724
2026-04-21 06:00:00,0.0041531135
2026-04-21 07:00:00,0.0016883622
2026-04-21 08:00:00,0.0017894676
2026-04-21 09:00:00,-0.0009428861
2026-04-21 10:00:00,0.0024385863
2026-04-21 11:00:00,-0.0033893051
2026-04-21 12:00:00,-0.004816033
2026-04-21 13:00:00,0.0003208616
2026-04-21 14:00:00,-0.001325964
2026-04-21 15:00:00,0.0004328763
2026-04-21 16:00:00,-0.0026280673
2026-04-21 17:00:00,-0.0031122757
2026-04-21 18:00:00,0.0019568174
2026-04-21 19:00:00,-0.0092496137
2026-04-21 20:00:00,0.0074753139
2026-04-21 21:00:00,-0.0011799329
2026-04-21 22:00:00,-0.0002038199
2026-04-21 23:00:00,0.0080299224
2026-04-22 00:00:00,-0.0013257049
2026-04-22 01:00:00,-0.0016001625
2026-04-22 02:00:00,0.013240994
2026-04-22 03:00:00,-0.0036366442
2026-04-22 04:00:00,0.0006785529
2026-04-22 05:00:00,0.0067878246
2026-04-22 06:00:00,0.0012710367
2026-04-22 07:00:00,-0.0012985364
2026-04-22 08:00:00,-0.0008459859
2026-04-22 09:00:00,-0.00097067
2026-04-22 10:00:00,-0.0006545292
2026-04-22 11:00:00,0.0025605565
2026-04-22 12:00:00,-0.0025260969
2026-04-22 13:00:00,0.0058614922
2026-04-22 14:00:00,-0.0007402381
2026-04-22 15:00:00,-0.0012212192
2026-04-22 16:00:00,-0.0065430836
2026-04-22 17:00:00,0.0018570748
2026-04-22 18:00:00,-0.0010075011
2026-04-22 19:00:00,-0.004671208
2026-04-22 20:00:00,-0.0030567254
2026-04-22 21:00:00,0.0035074961
2026-04-22 22:00:00,-0.0026798686
2026-04-22 23:00:00,-0.0059896494
2026-04-23 00:00:00,-0.0002727931
2026-04-23 01:00:00,-0.0020798691
2026-04-23 02:00:00,-0.0050530892
2026-04-23 03:00:00,-0.0023066108
2026-04-23 04:00:00,0.0016017898
2026-04-23 05:00:00,0.0010570453
2026-04-23 06:00:00,0.0030240186
2026-04-23 07:00:00,-0.0020595592
2026-04-23 08:00:00,-0.0016196959
2026-04-23 09:00:00,-0.0026040487
2026-04-23 10:00:00,-0.0029084496
2026-04-23 11:00:00,0.0040172342
2026-04-23 12:00:00,0.0015445979
2026-04-23 13:00:00,-0.0017422529
2026-04-23 14:00:00,0.0099400556
2026-04-23 15:00:00,0.000929235
2026-04-23 16:00:00,-0.000978166
2026-04-23 17:00:00,0.0035726535
2026-04-23 18:00:00,-0.0022663176
2026-04-23 19:00:00,-0.0016629057
2026-04-23 20:00:00,0.0022631081
2026-04-23 21:00:00,0.000516165
2026-04-23 22:00:00,0.0020132856
2026-04-23 23:00:00,0.0014743008
2026-04-24 00:00:00,0.000784943
2026-04-24 01:00:00,0.0030159452
2026-04-24 02:00:00,-0.0044334587
2026-04-24 03:00:00,-0.0049282645
2026-04-24 04:00:00,-0.0007759552
2026-04-24 05:00:00,0.0023748998
2026-04-24 06:00:00,-0.0014452232
2026-04-24 07:00:00,0.0012219435
2026-04-24 08:00:00,-0.0006212589
2026-04-24 09:00:00,-0.0041843407
2026-04-24 10:00:00,0.0044287021
2026-04-24 11:00:00,0.0044230754
2026-04-24 12:00:00,-0.0026375599
2026-04-24 13:00:00,0.0006060712
2026-04-24 14:00:00,-0.0008709072
2026-04-24 15:00:00,0.0095661318
2026-04-24 16:00:00,-0.0053093856
2026-04-24 17:00:00,0.0004926672
2026-04-24 18:00:00,-0.0017080254
2026-04-24 19:00:00,0.0002431898
2026-04-24 20:00:00,0.0012358795
2026-04-24 21:00:00,-0.0019447692
2026-04-24 22:00:00,-0.0045083257
2026-04-24 23:00:00,0.0013678843
2026-04-25 00:00:00,-0.0001115939
2026-04-25 01:00:00,0.0019162901
2026-04-25 02:00:00,-0.0018186447
2026-04-25 03:00:00,0.0016794019
2026-04-25 04:00:00,-0.0012261734
2026-04-25 05:00:00,-0.0014231303
2026-04-25 06:00:00,0.0005583317
2026-04-25 07:00:00,0.0004394669
2026-04-25 08:00:00,0.0008853229
2026-04-25 09:00:00,0.0003483374
2026-04-25 10:00:00,9.05478e-05
2026-04-25 11:00:00,-0.0033487547
2026-04-25 12:00:00,-0.0009928266
2026-04-25 13:00:00,0.001300263
2026-04-25 14:00:00,-0.0014891515
2026-04-25 15:00:00,-0.0023606146
2026-04-25 16:00:00,-0.0009401926
2026-04-25 17:00:00,-0.002847012
2026-04-25 18:00:00,0.0009499049
2026-04-25 19:00:00,-0.0007387369
2026-04-25 20:00:00,0.001111416
2026-04-25 21:00:00,0.0004217333
2026-04-25 22:00:00,0.0005339404
2026-04-25 23:00:00,-2.8095e-05
2026-04-26 00:00:00,-0.0016590047
2026-04-26 01:00:00,-0.0013165076
2026-04-26 02:00:00,0.0016260223
2026-04-26 03:00:00,-0.0021968127
2026-04-26 04:00:00,0.0025906021
2026-04-26 05:00:00,0.0024366364
2026-04-26 06:00:00,0.0011845727
2026-04-26 07:00:00,0.0012951148
2026-04-26 08:00:00,-0.0017645704
2026-04-26 09:00:00,0.0011347241
2026-04-26 10:00:00,-0.0007073003
2026-04-26 11:00:00,0.0026166121
2026-04-26 12:00:00,-0.0044818002
2026-04-26 13:00:00,-0.000575685
2026-04-26 14:00:00,0.0023778222
2026-04-26 15:00:00,0.0014351775
2026-04-26 16:00:00,-0.0027391232
2026-04-26 17:00:00,-7.71683e-05
2026-04-26 18:00:00,0.0027603232
2026-04-26 19:00:00,0.0009999616
2026-04-26 20:00:00,-0.001727835
2026-04-26 21:00:00,2.10038e-05
2026-04-26 22:00:00,-0.000616294
2026-04-26 23:00:00,0.0025747063
2026-04-27 00:00:00,0.0056994901
2026-04-27 01:00:00,0.0034470954
2026-04-27 02:00:00,-5.53925e-05
2026-04-27 03:00:00,-0.0010599716
2026-04-27 04:00:00,-0.001685797
2026-04-27 05:00:00,-0.013962772
2026-04-27 06:00:00,-0.0013739218
2026-04-27 07:00:00,-0.0021456812
2026-04-27 08:00:00,0.0018847752
2026-04-27 09:00:00,-0.0006631487
2026-04-27 10:00:00,-0.0012286922
2026-04-27 11:00:00,-0.0010745772
2026-04-27 12:00:00,-0.0024149384
2026-04-27 13:00:00,-0.0059024912
2026-04-27 14:00:00,0.0012830201
2026-04-27 15:00:00,-0.0112754334
2026-04-27 16:00:00,0.0003889453
2026-04-27 17:00:00,0.0034291294
2026-04-27 18:00:00,0.0012551238
2026-04-27 19:00:00,-0.0015422305
2026-04-27 20:00:00,-5.74312e-05
2026-04-27 21:00:00,-0.0024150955
2026-04-27 22:00:00,0.0052253548
2026-04-27 23:00:00,0.0026595951
2026-04-28 00:00:00,-0.0018652655
2026-04-28 01:00:00,-0.0004507582
2026-04-28 02:00:00,-0.0028164692
2026-04-28 03:00:00,-0.0003732575
2026-04-28 04:00:00,-0.0001220567
2026-04-28 05:00:00,0.0009401701
2026-04-28 06:00:00,-0.0036363938
2026-04-28 07:00:00,0.0028972504
2026-04-28 08:00:00,-0.0005529206
2026-04-28 09:00:00,-0.0035834337
2026-04-28 10:00:00,0.0004035978
2026-04-28 11:00:00,-0.0050060242
2026-04-28 12:00:00,0.0014256202
2026-04-28 13:00:00,-0.0030998794
2026-04-28 14:00:00,-0.0066959987
2026-04-28 15:00:00,0.0041611615
2026-04-28 16:00:00,0.0010466715
2026-04-28 17:00:00,0.0015171811
2026-04-28 18:00:00,0.0026224108
2026-04-28 19:00:00,0.000151918
2026-04-28 20:00:00,0.0003616166
2026-04-28 21:00:00,-0.0017297098
2026-04-28 22:00:00,-0.0005724036
2026-04-28 23:00:00,0.0006665653
2026-04-29 00:00:00,0.0017006253
2026-04-29 01:00:00,-0.0012371896
2026-04-29 02:00:00,-0.0013474553
2026-04-29 03:00:00,0.0068559973
2026-04-29 04:00:00,0.0045685796
2026-04-29 05:00:00,0.0002006536
2026-04-29 06:00:00,-0.0025613537
2026-04-29 07:00:00,-0.0002945815
2026-04-29 08:00:00,-0.0003306094
2026-04-29 09:00:00,0.0088384369
2026-04-29 10:00:00,-0.0042484436
2026-04-29 11:00:00,-0.0022278186
2026-04-29 12:00:00,-0.0083319113
2026-04-29 13:00:00,-0.0050457559
2026-04-29 14:00:00,-0.0027437855
2026-04-29 15:00:00,-0.0076964539
2026-04-29 16:00:00,0.0007855258
2026-04-29 17:00:00,0.0034943427
2026-04-29 18:00:00,-0.0075607789
2026-04-29 19:00:00,-0.0031956101
2026-04-29 20:00:00,0.0069464418
2026-04-29 21:00:00,0.004555583
2026-04-29 22:00:00,0.0006355445
2026-04-29 23:00:00,-0.0002118033
2026-04-30 00:00:00,0.0100078237
2026-04-30 01:00:00,-0.0028315604
2026-04-30 02:00:00,-0.0040548845
2026-04-30 03:00:00,-0.0003277244
2026-04-30 04:00:00,-0.0077729786
2026-04-30 05:00:00,0.0020606392
2026-04-30 06:00:00,0.0024364826
2026-04-30 07:00:00,0.0042950913
2026-04-30 08:00:00,-0.0015875447
2026-04-30 09:00:00,0.0005610262
2026-04-30 10:00:00,-0.0021802944
2026-04-30 11:00:00,-0.0007302575
2026-04-30 12:00:00,0.0002629541
2026-04-30 13:00:00,0.0
2026-04-30 14:00:00,-0.001074165
2026-04-30 15:00:00,0.0008623462
2026-04-30 16:00:00,-0.0025673016
2026-04-30 17:00:00,0.0017926856
2026-04-30 18:00:00,0.0013004283
2026-04-30 19:00:00,0.0004525614
2026-04-30 20:00:00,-0.0007300389
2026-04-30 21:00:00,-0.00282296
2026-04-30 22:00:00,-0.0007472966
2026-04-30 23:00:00,0.0021743993
2026-05-01 00:00:00,0.0007749048
2026-05-01 01:00:00,0.0016720397
2026-05-01 02:00:00,-0.0008028143
2026-05-01 03:00:00,0.0045674321
2026-05-01 04:00:00,-0.0005597903
2026-05-01 05:00:00,0.0008867955
2026-05-01 06:00:00,-0.0022039017
2026-05-01 07:00:00,0.0007788304
2026-05-01 08:00:00,0.0029496832
2026-05-01 09:00:00,-0.0022950615
2026-05-01 10:00:00,0.0007050572
2026-05-01 11:00:00,0.001103833
2026-05-01 12:00:00,0.0041863794
2026-05-01 13:00:00,0.0104399792
2026-05-01 14:00:00,-0.0023273227
2026-05-01 15:00:00,0.0007668245
2026-05-01 16:00:00,-0.003128321
2026-05-01 17:00:00,0.0023113099
2026-05-01 18:00:00,-0.0008750852
2026-05-01 19:00:00,0.000200907
2026-05-01 20:00:00,-0.0067596766
2026-05-01 21:00:00,0.0029931397
2026-05-01 22:00:00,-0.0035783892
2026-05-01 23:00:00,0.001343397
2026-05-02 00:00:00,0.0003824658
2026-05-02 01:00:00,-0.0011117208
2026-05-02 02:00:00,0.0008158639
2026-05-02 03:00:00,0.0004329317
2026-05-02 04:00:00,-0.0012126813
2026-05-02 05:00:00,-0.0004551349
2026-05-02 06:00:00,0.0023961615
2026-05-02 07:00:00,-0.001421126
2026-05-02 08:00:00,-0.0007149331
2026-05-02 09:00:00,0.0014726374
2026-05-02 10:00:00,0.000728298
2026-05-02 11:00:00,-0.0012117192
2026-05-02 12:00:00,0.0008512419
2026-05-02 13:00:00,0.0038719291
2026-05-02 14:00:00,-0.0002873605
2026-05-02 15:00:00,0.0009982227
2026-05-02 16:00:00,-0.0002010007
2026-05-02 17:00:00,-0.0011062266
2026-05-02 18:00:00,0.0013718261
2026-05-02 19:00:00,0.0006601039
2026-05-02 20:00:00,-0.0007749491
2026-05-02 21:00:00,0.0001722628
2026-05-02 22:00:00,0.0021436235
2026-05-02 23:00:00,-0.0019283367
2026-05-03 00:00:00,-0.0031765908
2026-05-03 01:00:00,-0.0039885949
2026-05-03 02:00:00,-0.0002746657
2026-05-03 03:00:00,0.0004625514
2026-05-03 04:00:00,-0.0002746141
2026-05-03 05:00:00,0.000975261
2026-05-03 06:00:00,-0.000101094
2026-05-03 07:00:00,0.0009383369
2026-05-03 08:00:00,0.0012977839
2026-05-03 09:00:00,0.0009722338
2026-05-03 10:00:00,-0.0009001841
2026-05-03 11:00:00,0.0052456592
2026-05-03 12:00:00,0.0003439578
2026-05-03 13:00:00,-0.000358292
2026-05-03 14:00:00,0.0012033523
2026-05-03 15:00:00,-0.0009238736
2026-05-03 16:00:00,-0.0009821036
2026-05-03 17:00:00,0.0001864588
2026-05-03 18:00:00,-0.0003657789
2026-05-03 19:00:00,0.0007816002
2026-05-03 20:00:00,-0.0015925284
2026-05-03 21:00:00,-0.0010559094
2026-05-03 22:00:00,0.0046105004
2026-05-03 23:00:00,-0.0071650927
2026-05-04 00:00:00,0.000302574
2026-05-04 01:00:00,0.0115444291
2026-05-04 02:00:00,0.0040645841
2026-05-04 03:00:00,0.0013181488
2026-05-04 04:00:00,0.0030477588
2026-05-04 05:00:00,-0.0034869487
2026-05-04 06:00:00,-0.0017941804
2026-05-04 07:00:00,0.0008159356
2026-05-04 08:00:00,0.0008223568
2026-05-04 09:00:00,0.0042145819
2026-05-04 10:00:00,-0.0157465648
2026-05-04 11:00:00,-0.0008247246
2026-05-04 12:00:00,5.73942e-05
2026-05-04 13:00:00,-0.0005381996
2026-05-04 14:00:00,0.0106525261
2026-05-04 15:00:00,-0.0069984678
2026-05-04 16:00:00,0.0017363659
2026-05-04 17:00:00,0.0052407961
2026-05-04 18:00:00,-0.0029801829
2026-05-04 19:00:00,-0.0043832479
2026-05-04 20:00:00,-0.0034257163
2026-05-04 21:00:00,0.00322537
2026-05-04 22:00:00,-0.0018551087
2026-05-04 23:00:00,-0.0023973942
2026-05-05 00:00:00,0.0029922633
2026-05-05 01:00:00,0.0009882768
2026-05-05 02:00:00,0.0023307534
2026-05-05 03:00:00,0.0036567543
2026-05-05 04:00:00,-0.0025148106
2026-05-05 05:00:00,-0.0001355376
2026-05-05 06:00:00,0.0036388665
2026-05-05 07:00:00,0.0003908707
2026-05-05 08:00:00,-0.0004974983
2026-05-05 09:00:00,-0.0024698313
2026-05-05 10:00:00,0.0020360951
2026-05-05 11:00:00,0.0010946442
2026-05-05 12:00:00,0.0037439948
2026-05-05 13:00:00,0.0004670153
2026-05-05 14:00:00,-0.0018339339
2026-05-05 15:00:00,0.000595158
2026-05-05 16:00:00,-0.0026170877
2026-05-05 17:00:00,0.0003550203
2026-05-05 18:00:00,0.000993387
2026-05-05 19:00:00,0.0020687513
2026-05-05 20:00:00,0.0028410917
2026-05-05 21:00:00,-0.0003529304
2026-05-05 22:00:00,-0.0005649478
2026-05-05 23:00:00,-0.0020789293
2026-05-06 00:00:00,-0.0012536877
2026-05-06 01:00:00,0.0049559826
2026-05-06 02:00:00,-0.0012984815
2026-05-06 03:00:00,0.0041576585
2026-05-06 04:00:00,-0.0012806892
2026-05-06 05:00:00,0.0014986652
2026-05-06 06:00:00,0.0025979877
2026-05-06 07:00:00,0.0036398548
2026-05-06 08:00:00,0.0079682806
2026-05-06 09:00:00,0.0043090546
2026-05-06 10:00:00,0.0015379048
2026-05-06 11:00:00,-0.0005307581
2026-05-06 12:00:00,-0.0036332531
2026-05-06 13:00:00,-0.0157554966
2026-05-06 14:00:00,0.0004989897
2026-05-06 15:00:00,0.0048294204
2026-05-06 16:00:00,-0.0007414714
2026-05-06 17:00:00,-0.0022768122
2026-05-06 18:00:00,-0.0021554834
2026-05-06 19:00:00,0.0038653288
2026-05-06 20:00:00,-0.0030292641
2026-05-06 21:00:00,0.0018593169
2026-05-06 22:00:00,-0.0030820343
2026-05-06 23:00:00,0.0018194788
2026-05-07 00:00:00,-0.0048264068
2026-05-07 01:00:00,-0.0017364424
2026-05-07 02:00:00,-0.0026315805
2026-05-07 03:00:00,-0.0044085303
2026-05-07 04:00:00,0.0013864155
2026-05-07 05:00:00,0.0024411025
2026-05-07 06:00:00,0.0033185597
2026-05-07 07:00:00,0.0032301319
2026-05-07 08:00:00,-0.0029829192
2026-05-07 09:00:00,-0.0031122705
2026-05-07 10:00:00,-0.0011199559
2026-05-07 11:00:00,-0.0003901526
2026-05-07 12:00:00,0.0036048836
2026-05-07 13:00:00,-0.0092186189
2026-05-07 14:00:00,-0.0060760442
2026-05-07 15:00:00,-0.0021127072
2026-05-07 16:00:00,-0.001022024
2026-05-07 17:00:00,0.0019998856
2026-05-07 18:00:00,0.0008907471
2026-05-07 19:00:00,-0.0050893626
2026-05-07 20:00:00,-0.0026159297
2026-05-07 21:00:00,0.0011136906
2026-05-07 22:00:00,0.0007658462
2026-05-07 23:00:00,0.0017822937
2026-05-08 00:00:00,-0.0012407755
2026-05-08 01:00:00,0.0002381751
2026-05-08 02:00:00,-0.0018853006
2026-05-08 03:00:00,0.0015316262
2026-05-08 04:00:00,0.0004258375
2026-05-08 05:00:00,-0.0014587052
2026-05-08 06:00:00,-0.0017793213
2026-05-08 07:00:00,0.0016347792
2026-05-08 08:00:00,0.0031823145
2026-05-08 09:00:00,-0.0008144585
2026-05-08 10:00:00,0.001908968
2026-05-08 11:00:00,0.0012442688
2026-05-08 12:00:00,-0.002612593
2026-05-08 13:00:00,-0.0008218942
2026-05-08 14:00:00,0.0045838796
2026-05-08 15:00:00,0.0027889621
2026-05-08 16:00:00,-0.0017484652
2026-05-08 17:00:00,0.0100476822
2026-05-08 18:00:00,0.0076110005
2026-05-08 19:00:00,-0.0001479889
2026-05-08 20:00:00,-0.0050163667
2026-05-08 21:00:00,0.006987754
2026-05-08 22:00:00,-0.0022321831
2026-05-08 23:00:00,-0.0003807429
2026-05-09 00:00:00,0.0045593747
2026-05-09 01:00:00,0.0056701399
2026-05-09 02:00:00,-0.00086594
2026-05-09 03:00:00,-0.0015731794
2026-05-09 04:00:00,-0.0006929837
2026-05-09 05:00:00,-0.0010789301
2026-05-09 06:00:00,-0.0005469156
2026-05-09 07:00:00,-0.0012140991
2026-05-09 08:00:00,0.0002246844
2026-05-09 09:00:00,-0.0040238672
2026-05-09 10:00:00,0.0017254923
2026-05-09 11:00:00,0.0010690148
2026-05-09 12:00:00,-0.001406836
2026-05-09 13:00:00,-0.00054216
2026-05-09 14:00:00,-0.0031672942
2026-05-09 15:00:00,-0.0007845549
2026-05-09 16:00:00,0.0019919903
2026-05-09 17:00:00,0.0028679866
2026-05-09 18:00:00,0.0006260574
2026-05-09 19:00:00,0.0010753407
2026-05-09 20:00:00,-0.0015536414
2026-05-09 21:00:00,0.0006259649
2026-05-09 22:00:00,0.0006396266
2026-05-09 23:00:00,-0.002229922
2026-05-10 00:00:00,-0.0026161135
2026-05-10 01:00:00,-0.0014697156
2026-05-10 02:00:00,0.0016815157
2026-05-10 03:00:00,0.0002399859
2026-05-10 04:00:00,0.0007971866
2026-05-10 05:00:00,-9.8732e-05
2026-05-10 06:00:00,-7.0527e-06
2026-05-10 07:00:00,0.0013743285
2026-05-10 08:00:00,0.0050231063
2026-05-10 09:00:00,0.0008265679
2026-05-10 10:00:00,-0.0005953403
2026-05-10 11:00:00,-0.0025253779
2026-05-10 12:00:00,0.000147489
2026-05-10 13:00:00,0.005818957
2026-05-10 14:00:00,0.0016951935
2026-05-10 15:00:00,0.0066829473
2026-05-10 16:00:00,0.0192146129
2026-05-10 17:00:00,0.0216145824
2026-05-10 18:00:00,-0.0121776165
2026-05-10 19:00:00,7.40075e-05
2026-05-10 20:00:00,-0.0242765903
2026-05-10 21:00:00,0.0029664932
2026-05-10 22:00:00,0.0126613361
2026-05-10 23:00:00,-0.0004683539
2026-05-11 00:00:00,-0.01013332
2026-05-11 01:00:00,0.0021170264
2026-05-11 02:00:00,-0.0052837925
2026-05-11 03:00:00,-0.0036324701
2026-05-11 04:00:00,4.83357e-05
2026-05-11 05:00:00,0.0047668341
2026-05-11 06:00:00,-0.0009969508
2026-05-11 07:00:00,-0.0035834675
2026-05-11 08:00:00,-0.0018864736
2026-05-11 09:00:00,0.0040312058
2026-05-11 10:00:00,-0.0002549201
2026-05-11 11:00:00,0.0044071562
2026-05-11 12:00:00,0.0005006773
2026-05-11 13:00:00,0.0004387438
2026-05-11 14:00:00,0.0081502158
2026-05-11 15:00:00,0.0091694406
2026-05-11 16:00:00,-0.0073355996
2026-05-11 17:00:00,0.0038198747
2026-05-11 18:00:00,-0.0061501101
2026-05-11 19:00:00,0.0058999622
2026-05-11 20:00:00,-0.0041738437
2026-05-11 21:00:00,-0.0019846131
2026-05-11 22:00:00,0.0035043909
2026-05-11 23:00:00,0.0017069937
2026-05-12 00:00:00,0.0014202723
2026-05-12 01:00:00,-0.0086202164
2026-05-12 02:00:00,-0.0019242191
2026-05-12 03:00:00,-0.0031878751
2026-05-12 04:00:00,0.0020466072
2026-05-12 05:00:00,-0.0002325136
2026-05-12 06:00:00,-0.0022527081
2026-05-12 07:00:00,0.0025535978
2026-05-12 08:00:00,0.0016396246
2026-05-12 09:00:00,-0.0062586654
2026-05-12 10:00:00,-0.0046473764
2026-05-12 11:00:00,-0.0003727248
2026-05-12 12:00:00,0.0013039296
2026-05-12 13:00:00,-0.011413401
2026-05-12 14:00:00,-0.0043050798
2026-05-12 15:00:00,-0.0027352315
2026-05-12 16:00:00,-0.0012579104
2026-05-12 17:00:00,0.0080820122
2026-05-12 18:00:00,0.0016378422
2026-05-12 19:00:00,0.0033023637
2026-05-12 20:00:00,-4.85873e-05
2026-05-12 21:00:00,-8.3298e-05
2026-05-12 22:00:00,-0.0006874738
2026-05-12 23:00:00,-0.0017451101
2026-05-13 00:00:00,0.0016548007
2026-05-13 01:00:00,0.0064539138
2026-05-13 02:00:00,-0.0005937914
2026-05-13 03:00:00,0.0028070436
2026-05-13 04:00:00,0.0072671198
2026-05-13 05:00:00,-0.0057737039
2026-05-13 06:00:00,-8.94045e-05
2026-05-13 07:00:00,0.0058220834
2026-05-13 08:00:00,-0.0002461858
2026-05-13 09:00:00,0.0038227129
2026-05-13 10:00:00,-0.0069326027
2026-05-13 11:00:00,-0.0063386964
2026-05-13 12:00:00,-0.0105708716
2026-05-13 13:00:00,-0.0044616707
2026-05-13 14:00:00,0.0012047941
2026-05-13 15:00:00,-0.0110443914
2026-05-13 16:00:00,0.0068915441
2026-05-13 17:00:00,0.0045028061
2026-05-13 18:00:00,-0.0019683598
2026-05-13 19:00:00,-0.0054418651
2026-05-13 20:00:00,0.0045018505
2026-05-13 21:00:00,-0.0047979943
2026-05-13 22:00:00,0.003309
2026-05-13 23:00:00,0.0027655157
2026-05-14 00:00:00,0.0034007688
2026-05-14 01:00:00,0.0004120644
2026-05-14 02:00:00,-0.0047174521
2026-05-14 03:00:00,-0.0024725886
2026-05-14 04:00:00,0.0056876313
2026-05-14 05:00:00,0.0039851674
2026-05-14 06:00:00,-0.001456827
2026-05-14 07:00:00,-0.0014938816
2026-05-14 08:00:00,0.0019681062
2026-05-14 09:00:00,-0.0036531443
2026-05-14 10:00:00,0.0049769926
2026-05-14 11:00:00,-0.0019724766
2026-05-14 12:00:00,0.0098996963
2026-05-14 13:00:00,-0.0039730934
2026-05-14 14:00:00,0.0198182661
2026-05-14 15:00:00,0.0011756113
2026-05-14 16:00:00,0.0054589799
2026-05-14 17:00:00,0.0076504981
2026-05-14 18:00:00,0.0292749584
2026-05-14 19:00:00,-0.0129662203
2026-05-14 20:00:00,-0.0055216791
2026-05-14 21:00:00,-0.0066264621
2026-05-14 22:00:00,0.0016207513
2026-05-14 23:00:00,-0.0103834745
2026-05-15 00:00:00,0.0070992239
2026-05-15 01:00:00,-0.0077593656
2026-05-15 02:00:00,0.0041489511
2026-05-15 03:00:00,-0.0006041242
2026-05-15 04:00:00,-0.0109778442
2026-05-15 05:00:00,-0.0085425445
2026-05-15 06:00:00,0.005448935
2026-05-15 07:00:00,0.0005650429
2026-05-15 08:00:00,0.0006463443
2026-05-15 09:00:00,-0.0041096929
2026-05-15 10:00:00,0.0069690013
2026-05-15 11:00:00,-0.0044112371
2026-05-15 12:00:00,-0.0058275741
2026-05-15 13:00:00,-0.0193365393
2026-05-15 14:00:00,0.0052949989
2026-05-15 15:00:00,-0.0031387804
2026-05-15 16:00:00,0.0080533061
2026-05-15 17:00:00,2.76581e-05
2026-05-15 18:00:00,-0.003851834
2026-05-15 19:00:00,-0.0050450156
2026-05-15 20:00:00,0.0004951894
2026-05-15 21:00:00,-0.0033945217
2026-05-15 22:00:00,0.0027179341
2026-05-15 23:00:00,0.0003836884
2026-05-16 00:00:00,-0.0005092911
2026-05-16 01:00:00,0.0029405433
2026-05-16 02:00:00,-0.0010233313
2026-05-16 03:00:00,-0.0004807006
2026-05-16 04:00:00,-0.0070348465
2026-05-16 05:00:00,-0.000512412
2026-05-16 06:00:00,-0.0036576743
2026-05-16 07:00:00,-0.0020244992
2026-05-16 08:00:00,-0.0010314596
2026-05-16 09:00:00,-0.0091601092
2026-05-16 10:00:00,0.0033257994
2026-05-16 11:00:00,0.0030525488
2026-05-16 12:00:00,-0.000709064
2026-05-16 13:00:00,0.0008153802
2026-05-16 14:00:00,-0.0013120244
2026-05-16 15:00:00,0.0035632731
2026-05-16 16:00:00,0.0011025359
2026-05-16 17:00:00,0.00067788
2026-05-16 18:00:00,-0.0010593895
2026-05-16 19:00:00,0.0003249988
2026-05-16 20:00:00,-0.0003673977
2026-05-16 21:00:00,-0.0002685683
2026-05-16 22:00:00,-0.0010254634
2026-05-16 23:00:00,0.0
2026-05-17 00:00:00,-0.0017350726
2026-05-17 01:00:00,-0.0055226572
2026-05-17 02:00:00,0.0022497037
2026-05-17 03:00:00,0.0039602607
2026-05-17 04:00:00,0.002207522
2026-05-17 05:00:00,0.0006570697
2026-05-17 06:00:00,0.0006001702
2026-05-17 07:00:00,0.0008396336
2026-05-17 08:00:00,-0.0023089236
2026-05-17 09:00:00,0.004169127
2026-05-17 10:00:00,0.0025872508
2026-05-17 11:00:00,-0.0014263784
2026-05-17 12:00:00,0.0005623625
2026-05-17 13:00:00,-0.0034706002
2026-05-17 14:00:00,-0.0037728695
2026-05-17 15:00:00,4.95493e-05
2026-05-17 16:00:00,-0.0011331687
2026-05-17 17:00:00,-0.000411091
2026-05-17 18:00:00,0.0021174371
2026-05-17 19:00:00,0.0049749415
2026-05-17 20:00:00,-0.0013806222
2026-05-17 21:00:00,0.0029912853
2026-05-17 22:00:00,-0.0080439603
2026-05-17 23:00:00,-0.00751656
2026-05-18 00:00:00,-0.0035467369
2026-05-18 01:00:00,-0.0017852731
2026-05-18 02:00:00,-0.0012278795
2026-05-18 03:00:00,0.0004381885
2026-05-18 04:00:00,0.0014855378
2026-05-18 05:00:00,-0.003987948
2026-05-18 06:00:00,-0.0013184392
2026-05-18 07:00:00,-0.0008438484
2026-05-18 08:00:00,0.0008438484
2026-05-18 09:00:00,-0.0035460646
2026-05-18 10:00:00,-0.0035151204
2026-05-18 11:00:00,0.008782734
2026-05-18 12:00:00,0.0062203578
2026-05-18 13:00:00,-0.0092187743
2026-05-18 14:00:00,-0.0064815612
2026-05-18 15:00:00,-0.0006686484
2026-05-18 16:00:00,0.0025413897
2026-05-18 17:00:00,0.0012320628
2026-05-18 18:00:00,-0.0097749216
2026-05-18 19:00:00,0.01437087
2026-05-18 20:00:00,-0.0022592029
2026-05-18 21:00:00,0.0061449105
2026-05-18 22:00:00,-0.0006321976
2026-05-18 23:00:00,-0.0016254319
2026-05-19 00:00:00,0.0022504476
2026-05-19 01:00:00,-0.0064557259
2026-05-19 02:00:00,-0.0038166189
2026-05-19 03:00:00,0.0025436179
2026-05-19 04:00:00,0.002963008
2026-05-19 05:00:00,-0.0026373705
2026-05-19 06:00:00,0.0019154948
2026-05-19 07:00:00,0.0021280364
2026-05-19 08:00:00,-0.0043112698
2026-05-19 09:00:00,-0.0053989856
2026-05-19 10:00:00,-0.0006332408
2026-05-19 11:00:00,-0.0015739199
2026-05-19 12:00:00,0.003857524
2026-05-19 13:00:00,-0.0008357468
2026-05-19 14:00:00,-0.0071504967
2026-05-19 15:00:00,0.0002342949
2026-05-19 16:00:00,0.0039673459
2026-05-19 17:00:00,-0.0061660188
2026-05-19 18:00:00,-0.0011525686
2026-05-19 19:00:00,-0.0038785554
2026-05-19 20:00:00,0.0009213228
2026-05-19 21:00:00,0.0007290858
2026-05-19 22:00:00,-0.0010017089
2026-05-19 23:00:00,0.0023994771
2026-05-20 00:00:00,-0.0045609861
2026-05-20 01:00:00,-9.60115e-05
2026-05-20 02:00:00,-0.0023588666
2026-05-20 03:00:00,0.0030307534
2026-05-20 04:00:00,0.0025063594
2026-05-20 05:00:00,0.006319032
2026-05-20 06:00:00,0.0016301471
2026-05-20 07:00:00,-0.0015716205
2026-05-20 08:00:00,0.0012648003
2026-05-20 09:00:00,0.0
2026-05-20 10:00:00,0.000460195
2026-05-20 11:00:00,-0.0037681363
2026-05-20 12:00:00,0.0057525824
2026-05-20 13:00:00,-0.006588617
2026-05-20 14:00:00,0.0070476886
2026-05-20 15:00:00,0.0006481708
2026-05-20 16:00:00,0.0002838976
2026-05-20 17:00:00,0.0001746661
2026-05-20 18:00:00,-0.0058899476
2026-05-20 19:00:00,0.0039013178
2026-05-20 20:00:00,-0.0018099552
2026-05-20 21:00:00,-0.0026771428
2026-05-20 22:00:00,-0.0003369791
2026-05-20 23:00:00,0.0008934784
2026-05-21 00:00:00,0.0067412051
2026-05-21 01:00:00,0.0013950855
2026-05-21 02:00:00,0.0023570463
2026-05-21 03:00:00,0.0019177959
2026-05-21 04:00:00,-0.0017222295
2026-05-21 05:00:00,-0.0053301701
2026-05-21 06:00:00,-0.0027852937
2026-05-21 07:00:00,0.0039350621
2026-05-21 08:00:00,0.0033979064
2026-05-21 09:00:00,-0.0044020614
2026-05-21 10:00:00,-0.006324559
2026-05-21 11:00:00,-0.0018552813
2026-05-21 12:00:00,0.0009537365
2026-05-21 13:00:00,-0.0025257174
2026-05-21 14:00:00,-0.0033874124
2026-05-21 15:00:00,0.0031889027
2026-05-21 16:00:00,-6.61787e-05
2026-05-21 17:00:00,0.0086104545
