13 1984
13 4916
13 4046
13 3698
13 2709
13 2178
13 1339
13 8144
14 7630
14 992
16 7335
16 1536
17 1528
17 8674
17 8226
17 6007
17 4898
17 3245
18 8625
18 8302
18 7893
18 7649
18 7469
18 5751
18 5344
18 5332
18 4945
18 2274
18 2116
18 475
18 5406
18 196
19 6100
21 8443
21 5783
21 5745
21 5140
21 4273
21 2825
21 2697
21 617
21 7563
21 6544
21 5291
21 4942
21 663
22 2009
22 1384
22 3045
23 7633
23 5713
23 5446
23 3640
23 3312
23 2888
23 944
23 424
23 41
23 8114
23 7668
23 6564
23 5915
23 5332
23 5229
23 5131
23 3305
23 2344
23 1931
23 1274
23 1021
23 970
23 924
23 516
23 5996
23 1650
26 6783
26 5582
26 3819
26 1880
26 5657
26 4040
27 8162
27 5681
27 3850
27 1943
27 1221
27 1053
27 6458
27 5577
27 5058
27 4877
27 2604
27 945
28 5907
28 5352
28 5156
28 4156
28 7593
28 7289
28 6479
28 5816
28 5223
28 4132
28 3204
28 2928
28 2616
28 2364
28 1878
28 1784
28 1616
28 1246
28 1089
28 1054
28 432
28 267
28 8329
28 8196
28 6636
28 6569
28 4985
28 4601
28 3942
28 3826
28 2999
28 2886
28 1918
28 956
29 6667
29 2214
29 618
29 7529
29 6052
29 3180
29 1355
31 8358
31 7313
31 5430
31 4495
31 634
32 8647
32 3247
32 3228
32 7622
33 8548
33 8358
33 7561
33 7403
33 6292
33 5621
33 5414
33 3288
33 1201
33 1196
33 899
33 8686
33 8583
33 8317
33 8118
33 7972
33 6944
33 5755
33 5097
33 3161
33 2938
33 2822
33 2596
33 2469
33 2089
33 1842
33 1645
33 1588
33 1542
33 1506
33 1122
33 1083
33 732
33 569
33 306
33 66
33 38
34 1111
34 8475
34 3087
34 2291
34 2051
34 1594
34 859
34 7777
34 6112
34 5764
34 2870
34 2728
34 2617
34 2093
34 1858
34 1825
34 1464
34 1050
34 350
34 156
35 6434
35 3791
35 963
36 8405
36 6956
36 326
36 8293
36 2393
36 1164
37 6648
37 5986
37 2265
37 8151
37 8117
37 7821
37 5508
37 3866
37 3177
37 913
37 863
37 4952
38 6970
38 5800
38 5119
38 4674
38 4099
38 3395
38 2001
38 1888
38 1780
38 1588
38 1583
38 1426
38 1280
38 851
38 8472
38 8236
38 7979
38 6392
38 5452
38 5391
38 2505
38 2350
38 583
38 263
39 8138
39 7983
39 6402
39 5310
39 3372
39 3362
39 2891
39 2812
39 2701
39 2258
39 1190
39 1109
39 1076
39 136
39 7769
39 7744
39 6483
39 5128
39 3537
39 3294
39 1607
39 787
39 6424
39 6071
40 3055
41 8704
41 6623
41 5653
41 4988
41 2061
41 707
41 8497
41 7960
41 7361
41 4562
41 3956
41 3254
41 3206
41 3142
41 2726
41 2645
41 1924
41 934
41 8677
41 8643
41 8636
41 8440
41 5802
41 4630
41 2633
41 1645
41 1635
41 1433
41 467
43 4516
43 1440
44 7520
45 5473
45 4471
45 1851
45 1300
45 275
45 3216
45 2716
45 2259
45 2010
45 1137
45 1010
45 998
45 6957
46 789
48 1379
48 6739
50 6441
50 5876
50 4089
50 3227
50 2868
50 2291
50 1854
50 446
50 6589
50 5770
50 4270
50 2509
50 2471
50 2348
50 2093
50 1406
50 1234
50 567
50 182
50 5212
51 7851
51 4613
55 8593
55 4440
55 3206
55 2874
55 2850
55 2645
55 2622
55 960
55 668
55 252
55 8150
55 7911
55 7132
55 6437
55 5956
55 5903
55 5304
55 4920
55 4622
55 3832
55 3387
55 3148
55 2856
55 2347
55 1959
55 1469
55 1092
55 919
55 691
55 132
55 8705
55 5394
55 4912
55 2738
55 1927
57 8723
57 6642
57 6584
57 5216
57 4770
57 4587
57 3340
57 1840
57 8268
57 7454
57 7201
57 5431
57 1911
57 1742
57 1651
57 1438
57 606
57 469
57 69
57 5521
58 2718
59 6845
59 8002
59 5704
59 4519
59 1553
60 8598
60 4113
60 8648
60 8464
60 7976
60 4539
60 4383
60 3086
60 2357
60 1914
60 1643
60 1271
60 464
60 8186
60 7626
60 5390
60 4175
60 4110
60 2633
60 1668
60 1420
60 965
60 691
61 8543
61 5870
61 2720
61 7756
61 1698
61 578
61 2838
61 2203
62 8416
62 7365
62 3187
62 2294
62 8162
62 7355
62 5973
62 5745
62 5237
62 5129
62 4922
62 4120
62 2850
62 2269
62 574
63 7775
64 5767
64 4594
64 7177
64 5896
64 5332
64 155
65 815
66 4185
66 3742
66 8541
66 7862
66 5618
66 4927
66 4064
66 3601
66 3078
66 8502
66 5794
66 4853
66 1124
66 433
67 3554
67 2265
67 4346
67 420
68 7720
69 7782
69 7068
69 3161
69 1259
69 627
69 270
69 8370
69 7963
69 5089
69 5030
69 4042
69 4021
69 2607
69 2325
69 1844
69 1607
69 1134
69 5928
70 5501
71 4289
71 3392
71 325
71 7840
71 7614
71 7288
71 6437
71 5206
71 2010
71 1542
71 1261
71 1023
71 921
71 827
71 779
71 480
71 8127
71 5369
72 7826
72 5862
72 2968
72 2223
72 83
73 3643
73 2842
73 1854
73 4037
73 624
74 5346
74 8259
74 6543
74 5628
74 5577
74 5396
74 5058
74 4775
74 3131
74 3124
74 2072
74 1764
74 1169
74 983
74 434
74 5596
74 2243
75 6803
75 6035
75 5773
75 1855
75 4345
76 7746
76 7026
76 6041
76 5789
76 3948
76 2419
76 2268
76 2101
76 1416
76 1166
76 494
76 173
76 107
76 7741
76 7131
76 7115
76 6005
76 5999
76 5939
76 5429
76 5303
76 5197
76 4620
76 4592
76 4272
76 4270
76 4114
76 3270
76 3249
76 3091
76 2566
76 2523
76 2201
76 2091
76 1888
76 1685
76 1581
76 1417
76 1270
76 703
76 357
76 7747
76 5794
76 5585
76 1239
77 4044
78 5967
78 3838
78 8324
78 8112
78 4635
78 3962
78 2992
78 2489
78 2158
78 1843
78 1667
78 677
78 274
78 228
79 603
79 6419
79 4113
79 4059
79 2457
79 2391
79 6464
79 4866
79 2734
79 863
79 446
80 8320
80 7294
80 6576
80 5990
80 4095
80 3327
80 2776
80 2535
80 2438
80 2001
80 1570
80 950
80 884
80 6595
80 5400
80 3212
80 3056
80 2505
80 867
80 8333
81 8529
81 7641
81 5751
81 5119
81 4917
81 3078
81 2822
81 2629
81 1817
81 441
81 249
81 8531
81 8190
81 4459
81 4219
81 1948
81 1923
81 1908
81 1060
81 927
81 425
81 7482
81 3186
82 3974
82 2496
82 1141
82 6677
82 285
83 2645
83 2223
83 7515
83 5990
83 5307
83 1141
83 8331
83 6739
83 5584
83 5478
83 4589
83 4133
83 3537
84 4573
84 8136
84 6479
84 5788
84 5204
84 2934
84 1637
84 1616
84 8315
84 7882
84 5228
84 2044
84 1603
84 1394
85 6063
85 8313
85 8162
85 7977
85 5316
85 3778
85 3044
85 2949
85 2636
85 1428
85 734
85 619
85 498
85 281
85 8126
85 6897
85 5942
85 4788
85 4324
85 88
86 6214
86 5231
86 3240
86 2882
86 7787
86 5418
86 4178
86 3244
86 2051
86 1781
86 494
86 7323
86 4942
86 2817
86 2765
86 438
88 8537
88 7623
88 7423
88 6474
88 281
88 7823
88 6681
88 5851
88 4603
88 2922
88 2859
88 2712
88 2602
88 2588
88 1762
88 909
88 687
88 351
88 995
89 5852
89 2542
89 8602
89 5805
89 4972
89 1549
89 8141
89 5802
89 2754
89 909
90 8541
90 4772
90 3783
90 1366
90 912
90 8678
90 5416
90 4451
90 3119
90 2918
90 1527
90 1351
90 7495
91 8299
91 5776
91 3018
91 1959
91 1789
91 1073
91 5478
91 5201
91 3119
91 1530
91 3186
92 7966
92 7415
92 1353
92 7395
93 6567
93 6298
93 1871
93 1847
93 8101
93 7526
93 7403
93 3034
93 2710
93 2645
93 2580
93 2417
93 1230
93 933
93 274
93 8012
93 7653
93 7620
93 7309
93 7294
93 5804
93 5791
93 5751
93 5630
93 5619
93 5300
93 5294
93 4987
93 4728
93 4619
93 2768
93 2448
93 1936
93 1668
93 1583
93 1581
93 244
94 6949
94 8079
94 3001
94 2433
94 1914
94 1432
95 8120
95 7772
95 7652
95 7563
95 6581
95 3622
95 3591
95 2314
95 582
95 114
95 5514
95 1580
96 8409
96 8011
96 7703
96 5170
96 5122
96 4050
96 915
96 376
96 5555
96 4969
96 1561
97 562
97 5179
97 1664
97 539
97 7000
97 216
98 7146
98 6895
98 6566
98 5781
98 2105
98 1093
98 909
98 312
98 110
98 5462
98 5356
98 4589
98 2877
98 2284
98 1641
98 1134
98 994
98 849
98 171
98 1796
99 8635
99 6813
99 3209
99 2826
99 2584
99 1367
99 125
99 5097
99 4543
99 3147
99 2909
99 1910
99 1812
99 1035
99 925
100 8221
100 3813
100 7958
100 6776
100 4866
100 2679
100 2337
100 1878
100 684
100 505
100 8440
100 1920
100 1909
100 219
101 4135
102 784
102 8464
102 7925
102 7150
102 6992
102 6780
102 5798
102 5306
102 5204
102 5116
102 3660
102 3397
102 2798
102 1894
102 961
102 632
102 521
102 8365
102 5946
102 5803
102 5287
102 4924
102 4622
102 4592
102 2686
102 2523
102 2266
102 2102
102 1986
102 1645
102 1619
102 264
102 246
102 131
102 122
103 8606
103 3934
103 1145
103 5715
103 8391
104 6678
104 5518
104 1802
104 8628
104 7840
104 7303
104 2263
104 2102
104 5369
104 612
105 5645
105 2639
105 1856
105 721
105 8335
105 6638
105 5961
105 4939
105 2208
105 1909
105 1119
107 7793
107 7461
107 6292
107 5962
107 5461
107 5419
107 5285
107 4960
107 4854
107 4440
107 3660
107 3034
107 2971
107 2928
107 2279
107 2213
107 2073
107 2004
107 876
107 8150
107 6566
107 5481
107 5474
107 5097
107 3782
107 3305
107 3291
107 3201
107 2933
107 2779
107 2675
107 2583
107 1918
107 1250
107 1093
107 952
107 916
107 737
107 627
108 6909
108 6885
108 6749
108 5410
108 4465
109 7814
109 7614
109 7366
109 6758
109 5447
109 3118
109 834
109 8575
109 5154
109 2980
109 2473
109 1224
109 445
109 168
110 8173
110 4479
110 2826
110 2086
110 1081
110 8535
110 3108
110 2911
110 2455
110 1926
110 1907
110 1621
110 1600
110 1534
110 973
110 269
110 8649
110 7597
110 5584
110 5350
110 5007
110 1794
112 6956
112 5746
112 4916
112 4777
112 2615
112 2613
112 2279
112 1121
112 574
112 259
112 8383
112 8184
112 8145
112 7637
112 7084
112 5632
112 5617
112 5298
112 4987
112 3935
112 3782
112 2757
112 2455
112 2262
112 2096
112 1977
112 1664
112 1437
112 1082
112 571
112 292
112 269
112 8498
112 5831
112 2783
112 2422
112 1438
112 1267
113 8249
113 3737
113 2214
114 4600
114 1590
114 1253
114 932
114 8492
114 7626
114 7477
114 5812
114 5675
114 5377
114 5136
114 3115
114 3114
114 2957
114 2908
114 2629
114 2598
114 2474
114 1764
114 1606
114 1153
114 1047
114 8656
114 7799
114 6562
114 2877
114 1955
115 5288
115 2955
115 2905
115 1835
115 1235
115 8486
115 7614
115 6591
115 5915
115 5776
115 5622
115 5276
115 4949
115 4570
115 4127
115 3775
115 2995
115 2608
115 1977
115 1534
115 1426
115 1099
115 956
115 855
115 308
115 5417
115 2371
115 2338
115 1890
115 1720
115 1601
116 5500
116 1902
116 1022
116 253
116 7531
116 7319
116 4560
117 8324
117 8143
117 5473
117 4955
117 3001
117 2960
117 2268
117 2158
117 1302
117 1133
117 428
117 8663
117 8154
117 7867
117 7823
117 7807
117 7628
117 7309
117 5968
117 5821
117 5447
117 5287
117 4978
117 4138
117 3792
117 3767
117 3152
117 2843
117 2757
117 2601
117 2411
117 2100
117 2068
117 2006
117 1474
117 1198
117 1190
117 855
117 410
117 5341
117 4717
117 4623
117 4577
117 3711
117 3239
117 2422
117 2281
117 1650
117 1056
118 4105
118 8029
118 3396
118 1142
118 648
118 433
118 7988
118 7726
118 2147
119 4220
119 224
120 3722
120 2435
120 5463
120 5403
120 2905
120 2268
120 2062
120 1201
120 837
120 191
120 7658
120 5269
120 4782
120 3772
120 3749
120 3157
120 2880
120 2748
120 2208
120 1837
120 1114
120 950
121 8265
121 4269
121 3002
121 1763
121 137
121 8677
121 3330
121 2001
121 238
121 7698
122 8655
122 7604
122 5302
122 3973
122 1407
122 1094
122 329
122 8668
122 8404
122 8325
122 8258
122 7643
122 6010
122 5765
122 5293
122 5136
122 4964
122 4936
122 3772
122 3345
122 2915
122 2910
122 2416
122 2150
122 1803
122 1148
122 1093
122 916
122 832
122 732
122 572
122 2140
122 1979
122 1580
122 159
123 7602
123 5157
123 3808
123 3804
123 1147
123 242
123 7749
124 4168
125 2111
125 6763
125 5757
125 5306
125 4039
125 2934
125 1599
125 1049
125 961
125 8495
125 8480
125 7800
125 7624
125 6566
125 5625
125 5112
125 3018
125 2170
125 703
126 8558
126 8287
126 8129
126 5775
126 5581
126 2421
126 1886
126 1862
126 1767
126 1072
126 312
126 8657
126 7722
126 6975
126 3461
126 2536
126 2516
126 558
126 433
126 2285
127 3166
127 8556
127 8348
127 5995
127 5317
127 4955
127 4576
127 3299
127 2826
127 1905
127 1807
127 1705
127 1670
127 1444
127 1160
127 689
127 8163
127 3601
127 3115
127 2424
127 1244
129 4500
130 1577
130 2183
131 5827
131 5363
131 5288
131 4926
131 2936
131 2092
131 1610
131 512
131 502
131 8628
131 8525
131 8491
131 8259
131 8186
131 8181
131 7872
131 5652
131 3926
131 3236
131 2977
131 2822
131 1431
131 1010
131 687
131 7768
131 3212
131 1112
132 8548
132 7313
132 4521
132 4495
132 3295
132 1615
132 1308
132 8532
132 8522
132 8480
132 7531
132 5990
132 5921
132 4165
132 3963
132 3153
132 3109
132 2273
132 1633
132 1206
132 1872
132 1530
133 1034
134 7831
134 696
134 5662
134 1547
135 4340
135 2104
135 7180
135 6409
135 5010
135 3625
136 4539
136 3247
136 173
136 7620
136 3932
136 3814
136 3131
136 3062
136 2222
136 1910
136 1863
136 1595
136 1412
136 940
136 8408
136 2952
136 2296
136 1479
136 579
137 7984
137 8602
137 7655
137 5381
137 5166
137 3209
137 2528
137 1344
137 8133
137 7399
137 5179
137 3606
137 3153
137 3030
137 2730
137 524
138 6066
138 4435
138 2195
138 1358
138 827
139 8618
139 2168
139 1531
139 8152
139 7380
140 4838
141 330
141 8673
141 8375
141 7796
141 7187
141 6419
141 2780
141 2457
141 2111
141 3155
141 2756
141 885
142 6573
143 8672
143 8645
143 8627
143 5403
143 2591
143 2279
143 2213
143 1439
143 1195
143 976
143 8677
143 7596
143 6636
143 6020
143 5957
143 5549
143 5513
143 5304
143 4873
143 4859
143 4610
143 4170
143 3942
143 3938
143 3153
143 3112
143 3089
143 2752
143 2236
143 2187
143 2170
143 1776
143 1135
143 1077
143 970
143 965
143 916
143 264
143 7843
143 6686
143 6483
143 4896
143 4459
143 2918
143 334
144 7472
145 4143
145 1523
145 8461
145 8247
145 5636
145 4073
145 616
145 488
145 435
145 191
146 1308
146 876
146 7489
146 6966
146 5379
146 5228
146 4436
146 3945
146 3933
148 7774
148 6906
148 221
148 6691
148 4072
148 3910
148 3466
148 2857
148 1674
149 7805
149 6635
149 3655
149 2697
149 1235
149 922
149 8201
149 8149
149 7789
149 7629
149 7428
149 6589
149 5623
149 4099
149 3949
149 3790
149 3327
149 3110
149 2784
149 2771
149 2548
149 2127
149 1837
149 1126
149 923
149 915
149 3231
149 2544
149 1911
149 1868
149 1742
150 7687
150 4863
150 4128
150 3612
150 3490
150 565
150 6964
150 5924
150 5236
150 4667
150 3317
150 2764
150 1976
150 1614
150 736
151 7840
151 7387
151 7121
151 5580
151 5347
151 326
151 8215
151 5555
151 340
153 6054
153 7406
153 5921
153 4436
154 7795
154 7629
154 7146
154 7131
154 6939
154 4119
154 4115
154 3768
154 3518
154 3207
154 3100
154 2733
154 2634
154 2248
154 1397
154 1158
154 1092
154 572
154 8161
154 6483
154 6459
154 5831
154 5760
154 3934
154 2952
154 1650
154 1124
154 409
154 317
155 1172
155 6355
155 5476
155 5233
155 3827
155 3064
155 2096
155 1768
155 5830
155 2393
156 6532
156 5954
156 5827
156 5363
156 3533
156 1867
156 1428
156 8565
156 8295
156 7136
156 6619
156 6473
156 4614
156 3753
156 3354
156 3210
156 3114
156 2927
156 2908
156 2629
156 1866
156 1685
156 1422
156 423
156 1950
157 3657
157 7865
157 7037
157 6995
157 6290
158 8363
158 3138
158 5702
158 898
159 8486
159 5775
159 5080
159 4958
159 4464
159 4170
159 3729
159 3264
159 2765
159 2498
159 2098
159 3707
159 3023
159 1761
160 6184
160 1810
160 8527
160 8112
160 5682
160 3928
160 2884
160 2260
160 1264
160 1089
160 705
160 5396
160 4096
160 3095
160 444
161 8428
161 6780
161 3931
161 1878
161 1457
161 810
161 252
161 8491
161 8462
161 8458
161 7622
161 7309
161 5937
161 4871
161 3937
161 2635
161 2277
161 2274
161 2267
161 2214
161 2150
161 1058
161 310
161 8551
161 8408
161 6686
161 2864
161 1268
162 7839
162 8658
162 8210
163 8143
163 7488
163 6613
163 6462
163 5554
163 5306
163 5288
163 4563
163 3764
163 3628
163 2976
163 2276
163 2107
163 521
163 275
163 8631
163 8263
163 8076
163 7620
163 7479
163 7387
163 6616
163 6574
163 6571
163 5633
163 5497
163 5407
163 4934
163 4109
163 3832
163 3256
163 2923
163 2879
163 2811
163 2010
163 1190
163 1153
163 1104
163 1050
163 950
163 906
163 895
163 306
163 1923
164 7322
165 7408
165 4608
165 673
165 2981
166 8752
166 8433
166 6740
166 4503
166 3940
166 8130
166 4866
166 4120
166 3034
166 1096
167 8457
167 8168
167 7653
167 7648
167 3083
167 2993
167 2900
167 2750
167 1866
167 8498
167 5053
167 4864
167 3600
167 2261
167 974
167 478
168 8565
168 8180
168 7657
168 5957
168 5115
168 4812
168 2426
168 1798
168 1665
168 1636
168 1203
168 8268
168 7752
168 3067
168 1868
168 708
169 3715
169 6375
170 6861
170 5722
171 5575
171 4646
171 4169
171 4116
171 819
171 1722
171 1460
171 195
172 8477
172 8133
172 7487
172 4963
172 4614
172 3024
172 2604
172 1832
172 1785
172 1656
172 1068
172 254
172 8105
172 5893
172 5679
172 5056
172 2398
172 1969
172 1655
172 1360
172 708
172 556
172 387
173 8279
173 8169
173 8032
173 7481
173 7151
173 5086
173 7619
173 5826
173 5609
173 5407
173 5282
173 5131
173 3832
173 3016
173 2612
173 1915
176 6214
176 6959
176 2452
176 231
176 7610
176 2002
176 1597
176 1496
177 6619
177 2925
177 2822
177 2743
177 1139
177 310
177 8429
177 3707
177 2962
178 5254
178 4071
178 3985
178 8387
178 8310
178 7313
178 2997
178 2530
179 6645
179 3585
179 1535
179 256
180 6773
180 5501
180 408
181 7405
181 4929
181 4177
181 3127
181 1630
181 1247
181 1031
181 517
181 304
181 2819
181 2067
182 7805
182 5463
182 4955
182 3611
182 3206
182 2453
182 265
182 8327
182 7828
182 6651
182 5614
182 5577
182 4746
182 4160
182 3814
182 2721
182 2194
182 1406
182 1180
182 892
183 819
183 8218
184 484
184 8347
185 8451
185 7483
185 3180
186 5636
186 4794
186 3850
186 2782
186 1808
186 1255
186 8488
186 8409
186 8306
186 6630
186 6544
186 5754
186 5409
186 4099
186 3236
186 2961
186 2463
186 1904
186 1775
186 1708
186 1085
186 709
186 500
186 467
186 5417
186 4969
187 5387
187 5408
187 5401
187 5148
187 2893
187 1814
187 1246
187 1242
187 485
187 379
187 332
189 8759
189 8397
189 8457
189 3516
189 524
189 7784
190 7359
190 4143
190 2159
191 8221
191 8081
191 5894
191 1871
191 8542
191 8294
191 7639
191 6041
191 5973
191 5436
191 5305
191 4780
191 3538
191 3156
191 2936
191 1003
191 5790
191 3601
191 1700
192 7766
192 7644
192 4792
192 2231
192 1013
194 3722
194 8130
194 7981
194 7541
194 7289
194 5610
194 4922
194 4774
194 4626
194 3619
194 3051
194 2899
194 1695
194 8305
194 7619
194 7466
194 7316
194 7068
194 5705
194 5297
194 5280
194 5274
194 4272
194 4160
194 3942
194 3099
194 2954
194 2841
194 2831
194 2685
194 2474
194 2267
194 1956
194 1817
194 1585
194 970
194 679
195 8075
195 4499
196 8316
196 7636
196 7366
196 7259
196 6065
196 5939
196 5308
196 5270
196 5200
196 4927
196 4602
196 3089
196 2432
196 2008
196 978
196 912
196 8148
196 6954
196 5135
196 4937
196 3686
196 2439
196 1746
196 501
196 5689
197 7766
198 7570
199 1136
199 868
199 5120
200 5183
201 6458
201 4951
201 2053
201 1106
201 7752
201 7474
201 7056
201 6806
201 6095
201 5252
201 2493
201 1938
201 1286
202 4715
202 5471
202 3197
202 4305
203 6104
203 4911
203 1051
203 8121
203 8107
203 5899
203 4720
204 7037
205 6434
206 7390
206 3630
207 8144
207 7323
207 2203
207 4524
208 7494
208 5830
208 3747
208 3176
208 2510
208 2243
208 277
208 3617
208 3170
208 588
209 7071
209 1423
209 539
209 3250
210 3874
210 1855
210 8597
211 2383
211 3998
211 3337
212 8744
212 5495
212 5094
212 4955
212 4740
212 3931
212 2912
212 1784
212 494
212 7626
212 7213
212 6397
212 5934
212 4978
212 2961
212 2437
212 1694
212 1088
212 905
212 423
213 7892
213 8730
213 5745
213 298
213 7213
213 4205
213 1066
214 8335
214 8206
214 7895
214 7040
214 6010
214 5269
214 5147
214 1584
214 288
214 254
214 7799
214 4645
214 2338
214 345
214 300
216 4618
216 6524
217 3906
217 7941
217 3141
218 7593
218 6987
218 6520
218 6427
218 3957
218 3320
218 1918
219 7439
219 5382
219 1781
219 568
219 8465
219 8319
219 8273
219 8142
219 7068
219 6651
219 5840
219 5216
219 3062
219 2068
219 6625
219 6527
221 8670
221 8134
221 1105
221 348
223 8265
223 7650
223 5446
223 4495
223 3936
223 3618
223 2963
223 2524
223 1578
223 349
223 7292
223 7072
223 5803
223 5800
223 5776
223 5228
223 4622
223 3091
223 1907
223 1116
223 857
223 2422
224 673
224 330
224 1111
224 315
224 6554
224 2165
226 2299
227 8056
227 5100
227 3208
228 2853
228 398
228 7756
228 7613
228 5774
228 4279
228 2613
228 2531
228 1726
228 4936
228 3776
228 1091
229 1366
229 475
229 5575
229 3171
229 429
230 8740
230 8282
230 7655
230 5641
230 3279
230 1787
230 1637
230 904
230 721
230 492
230 344
230 8722
230 8303
230 8258
230 6929
230 5513
230 5468
230 5021
230 4945
230 4091
230 4064
230 3603
230 3190
230 2458
230 2377
230 1621
230 1258
230 320
230 289
231 4273
231 3344
231 408
231 290
232 8671
232 2519
232 7490
232 6600
232 5777
232 5436
232 2929
232 1961
232 1667
232 1242
232 1131
232 8492
232 8149
232 8138
232 7676
232 7648
232 7476
232 7297
232 5951
232 5617
232 5611
232 5269
232 3749
232 2810
232 2789
232 2781
232 1917
232 1045
232 998
232 709
233 7432
233 2036
233 8607
233 7967
233 4719
233 3770
233 3295
233 2341
233 2218
233 1961
233 1344
233 1125
233 697
233 8392
233 7531
233 7116
233 5617
233 4630
233 2495
233 2100
233 1249
234 4858
234 8457
234 5896
235 8308
235 2220
235 7222
235 780
236 3178
236 8252
236 5981
236 5296
236 3323
237 7905
237 5575
237 2512
237 1848
237 1777
237 606
237 251
237 8147
237 7495
237 6004
237 5561
237 2163
238 7252
238 2963
238 473
238 7466
238 5939
238 5540
238 5440
238 5153
238 4946
238 3281
238 2251
238 1193
238 1091
238 973
238 2536
238 2382
238 2315
239 7481
239 5145
239 4866
239 4679
239 4539
239 4346
239 2622
239 2319
239 1781
239 1346
239 908
239 591
239 8462
239 5959
239 5268
239 5101
239 4917
239 3918
239 3137
239 1191
239 1042
240 2825
240 2197
240 619
240 8446
240 5218
240 5206
240 4205
240 2649
240 2444
240 2376
241 8627
241 8484
241 4769
241 415
241 8570
241 8486
241 8196
241 8186
241 7800
241 7658
241 6591
241 6569
241 5934
241 5304
241 5220
241 4570
241 3152
241 3121
241 2872
241 2385
241 2354
241 2115
241 1946
241 1211
241 919
241 917
241 895
241 351
241 7160
241 6622
241 5639
241 5309
241 3212
241 3116
241 2451
241 2386
241 1641
241 474
242 5208
242 2674
242 2656
242 8338
242 4773
242 2189
242 333
242 1481
243 7633
243 5970
243 5801
243 5446
243 4454
243 3968
243 3618
243 3025
243 2589
243 1631
243 1610
243 881
243 8485
243 8107
243 5807
243 5244
243 4101
243 4067
243 2732
243 2463
243 2448
243 2236
243 2224
243 2114
243 1838
243 1542
243 8498
243 8029
243 6952
243 4042
243 726
243 425
244 6647
244 6017
244 4863
244 3650
244 2605
244 1235
244 8746
244 8581
244 8411
244 8402
244 8373
244 8319
244 7641
244 7587
244 7531
244 6642
244 6112
244 5284
244 5274
244 4953
244 4849
244 4599
244 2922
244 2843
244 2761
244 2448
244 2280
244 2273
244 2272
244 1982
244 1596
244 1448
244 1073
244 1069
244 831
244 700
244 699
244 6459
244 3743
244 2952
244 1620
245 6737
245 7456
245 5708
245 2047
245 2982
246 8484
246 8124
246 6482
246 5786
246 5516
246 4479
246 3510
246 2613
246 1640
246 935
246 837
246 705
246 8479
246 7668
246 7068
246 6454
246 5295
246 5208
246 3608
246 3102
246 3099
246 3062
246 2619
246 2571
246 2416
246 1435
246 1270
246 1139
246 1055
246 915
246 587
246 313
247 8556
247 8399
247 6635
247 6041
247 4819
247 3924
247 1814
247 852
247 8379
247 5770
247 2721
247 2359
248 8630
248 4156
248 3863
248 3801
248 3166
248 1871
248 8703
248 8272
248 6763
248 6647
248 6310
248 4539
248 3611
248 3258
248 2710
248 2643
248 2279
248 2182
248 2042
248 1673
248 432
249 8713
249 8475
249 7655
249 4180
249 2643
249 2268
249 1667
249 1598
249 1403
249 922
249 446
249 8315
249 8153
249 8129
249 5946
249 5851
249 5718
249 5486
249 5468
249 5310
249 5308
249 5297
249 5115
249 5107
249 4877
249 4620
249 3935
249 3163
249 3105
249 1883
249 1770
249 1744
249 1645
249 1591
249 1452
249 902
249 704
249 506
249 5846
249 5368
249 4623
249 3063
249 2907
249 2461
249 2284
249 1650
249 1171
249 1001
249 382
250 8652
250 7466
250 5939
250 5513
250 5267
250 4957
250 4849
250 2775
250 2443
250 1936
250 1812
250 1085
250 978
250 970
250 864
250 7843
250 6135
250 5209
250 3851
250 2296
250 1892
250 595
251 8435
251 6589
251 6579
251 5282
251 4177
251 3717
251 3089
251 3004
251 2841
251 2829
251 2752
251 2160
251 1447
251 1435
251 1254
251 8498
251 7822
251 6537
251 5462
251 5154
251 3803
251 3056
251 2832
251 1892
251 1703
251 1479
251 1430
251 787
251 433
252 8735
252 8348
252 5902
252 5491
252 5114
252 3521
252 3092
252 1672
252 1594
252 1587
252 8329
252 7304
252 6574
252 5687
252 5627
252 4953
252 3790
252 3127
252 3039
252 2930
252 2455
252 2424
252 2079
252 1434
252 1404
252 1275
252 597
252 306
253 5242
253 8380
253 2847
253 2828
253 622
253 8315
253 6638
253 3826
254 8661
254 8032
254 7788
254 7604
254 7461
254 5970
254 5114
254 2726
254 2062
254 1859
254 1640
254 1407
254 446
254 8677
254 8490
254 8129
254 7872
254 7800
254 6758
254 5952
254 5791
254 5624
254 5458
254 5282
254 4944
254 4919
254 3753
254 2931
254 2458
254 2447
254 2271
254 1435
254 1244
254 1091
254 956
254 711
254 686
254 566
254 279
254 8156
254 3748
254 1436
255 7968
255 6310
255 2468
255 693
255 8558
255 6773
255 6591
255 6397
255 5787
255 5112
255 5108
255 4953
255 3942
255 3938
255 2507
255 1863
255 1270
255 1050
255 970
255 870
255 7277
255 5760
255 4717
255 2217
255 1689
255 928
256 477
256 7877
256 5843
256 1105
256 8661
257 8726
257 8143
257 5508
257 4443
257 3209
257 2971
257 1432
257 1196
257 424
257 8539
257 8456
257 5813
257 5791
257 5779
257 3754
257 3516
257 3200
257 3115
257 2961
257 2856
257 2455
257 2258
257 2044
257 1554
257 1101
257 855
257 422
257 7979
257 2505
257 2284
258 7271
258 7067
258 5564
258 5130
258 3920
258 3281
258 2123
258 2041
258 8552
258 8156
258 8023
258 2064
258 1171
259 4722
259 2882
259 8143
259 8117
259 7638
259 7463
259 5273
259 4479
259 4454
259 3953
259 3650
259 3299
259 2821
259 2770
259 2427
259 1869
259 1856
259 1791
259 1747
259 920
259 584
259 8646
259 8460
259 8217
259 8149
259 7973
259 7893
259 7814
259 7657
259 7304
259 6584
259 5390
259 5295
259 5294
259 5293
259 5222
259 4823
259 3826
259 3127
259 2779
259 2716
259 2714
259 2583
259 1798
259 1464
259 1431
259 1270
259 1139
259 1090
259 1058
259 973
259 739
260 8565
260 7182
260 5800
260 5147
260 3200
260 3179
260 3105
260 2743
260 2593
260 1785
260 1586
260 8651
260 7792
260 2315
260 2309
260 2050
260 1950
260 1948
260 7383
260 4144
260 1020
261 1592
261 2016
262 5419
262 2278
262 1598
262 329
262 8493
262 8471
262 8250
262 8196
262 7978
262 7290
262 7118
262 5968
262 5396
262 5308
262 4924
262 3362
262 2566
262 2274
262 2224
262 2097
262 2087
262 1812
262 1153
262 8656
262 8651
262 5846
262 3637
262 2738
262 1868
262 1790
262 1048
262 910
262 429
263 8214
263 5800
263 4873
263 7752
263 7056
263 5512
263 4817
263 4750
263 4337
263 3808
263 2371
263 1689
263 333
263 7922
263 6181
264 8204
264 7650
264 5786
264 5500
264 5446
264 2893
264 2442
264 1705
264 1416
264 1070
264 564
264 6473
264 5999
264 5797
264 5624
264 5392
264 5297
264 4954
264 2922
264 2913
264 2474
264 2421
264 2238
264 1270
264 1254
264 1097
264 1042
264 977
264 7647
264 5391
264 3119
265 5438
265 653
265 8497
265 7481
265 5836
265 5436
265 4557
265 4454
265 2850
265 1951
265 1618
265 1428
265 934
265 5396
266 3774
266 6319
266 4998
266 2209
267 5387
267 3801
267 1932
267 8517
267 8066
267 7638
267 7600
267 5610
267 5249
267 3766
267 3142
267 3087
267 2613
267 2452
267 860
267 8728
267 8631
267 7795
267 7634
267 7618
267 7115
267 5629
267 5626
267 3345
267 2944
267 2923
267 2767
267 1780
267 1619
267 1274
267 925
267 451
268 375
268 1799
269 8484
269 5114
269 3953
269 3770
269 2960
269 860
269 684
269 275
269 8365
269 8299
269 8133
269 7485
269 5821
269 5124
269 4868
269 4859
269 4188
269 4099
269 3036
269 2707
269 2675
269 2619
269 2091
269 1883
269 1803
269 1626
269 1614
269 1045
269 879
269 855
269 627
269 389
269 7804
269 7647
269 1805
269 942
270 2031
270 8309
270 7116
270 6019
270 5797
270 5791
270 5107
270 4622
270 2745
270 2432
270 2208
270 2082
270 1427
270 1148
270 916
270 875
270 7357
270 4663
270 2711
270 1343
271 7757
271 3863
271 6441
271 6103
271 786
271 479
271 446
271 1858
271 1045
271 977
271 324
272 7461
272 5164
272 3159
272 2106
272 1609
272 1049
272 743
272 559
272 8644
272 7405
272 5864
272 5812
272 5687
272 5629
272 5270
272 5259
272 5153
272 4920
272 3148
272 3029
272 2784
272 2112
272 2032
272 1770
272 1424
272 926
272 923
272 857
272 8498
272 2284
272 542
273 3318
273 1960
274 8155
274 2061
274 7810
274 7660
274 5386
274 5249
274 4895
274 4887
274 3795
274 2888
274 2623
274 904
274 860
274 698
274 689
274 8643
274 7742
274 7634
274 7123
274 5951
274 5718
274 5310
274 5274
274 5269
274 5112
274 4274
274 4165
274 2886
274 2273
274 1812
274 1091
274 851
275 784
275 653
275 8321
275 8066
275 7133
275 6956
275 6482
275 5950
275 5713
275 5505
275 5363
275 5225
275 2433
275 1943
275 1851
275 1143
275 933
275 8492
275 5301
275 5275
275 5108
275 3289
275 3100
275 2758
275 2030
275 1168
275 917
275 434
275 400
276 6635
276 3690
276 8315
276 8261
276 6689
276 5106
276 4772
276 4115
276 2987
276 2745
276 2258
276 1827
276 1579
276 1366
276 1249
276 1050
276 304
276 8139
276 6209
276 2802
276 1949
276 867
277 8325
277 7772
277 4841
277 1170
277 1099
277 970
277 8665
277 8211
277 6031
277 5723
277 3667
277 3328
277 2037
277 8413
277 528
278 7740
278 4783
278 633
279 7616
279 5322
279 4961
279 4947
279 3936
279 3777
279 3660
279 3002
279 2889
279 2066
279 1905
279 1560
279 8149
279 5803
279 5675
279 5615
279 5358
279 5106
279 4936
279 3783
279 3109
279 3101
279 3024
279 2932
279 2829
279 2150
279 2112
279 1925
279 1861
279 1234
279 902
280 6893
280 7225
280 6978
280 5040
280 4881
280 4051
281 7321
281 6474
281 6462
281 5908
281 3695
281 3271
281 2884
281 1971
281 1525
281 1407
281 955
281 914
281 417
281 5961
281 3942
281 2995
281 2310
281 2090
281 1426
282 8088
282 8313
282 8159
282 4922
282 4866
282 2062
282 1869
282 934
282 424
283 5602
283 7601
283 7290
283 6654
283 5826
283 4138
283 5893
283 4200
283 3831
283 3545
284 5975
284 2542
284 1507
284 4787
284 2884
285 6677
285 4336
285 4309
285 7224
286 3782
286 3645
286 2872
286 1165
286 1138
286 8061
286 3537
286 3528
286 910
287 8272
287 6947
287 6816
287 5788
287 3178
287 2324
287 3517
287 990
288 5801
288 5543
288 7627
288 6552
288 5611
288 5275
288 4956
288 3132
288 2982
288 2214
288 1925
288 1785
288 1323
288 1158
288 832
288 8546
288 7901
288 5809
288 4215
288 1266
289 7300
289 1616
289 8184
289 5564
289 2761
289 2236
289 712
289 678
290 1521
290 4209
291 8419
291 1145
291 7938
291 2637
292 2709
292 8754
292 7971
292 4506
292 3345
292 8083
292 4246
292 3007
293 3947
294 8118
294 7399
294 5793
294 4607
294 4096
294 3979
294 2916
294 427
294 6892
294 3377
295 8370
295 6477
295 5462
295 5370
295 1949
295 401
295 605
296 8110
296 4038
296 7901
296 1563
297 8230
298 7713
298 2984
298 5460
298 2188
298 360
299 8340
299 8312
299 8134
299 7651
299 6516
299 6214
299 2720
299 8744
299 8269
299 7830
299 7787
299 5974
299 3698
299 2276
299 2094
299 2086
299 1991
299 1428
299 1255
299 1036
299 889
299 628
299 432
300 7451
300 1340
300 1010
300 1655
300 1566
301 6438
301 4914
301 3357
301 8434
301 7956
301 5601
301 2875
302 7041
302 5547
303 846
304 8526
304 3025
304 2564
304 2047
304 1529
304 471
304 8535
304 5177
304 4823
304 2775
304 2081
304 2044
304 1700
304 1395
304 1366
304 736
304 6984
304 669
305 7282
305 2419
305 2328
305 6501
305 2870
306 7788
306 6631
306 5641
306 5145
306 4960
306 4941
306 3085
306 1905
306 1878
306 1786
306 1712
306 561
306 8751
306 8500
306 8491
306 8435
306 8206
306 7136
306 6624
306 6569
306 5769
306 5628
306 5511
306 4963
306 4944
306 3749
306 3112
306 3046
306 2950
306 2940
306 2875
306 2761
306 1506
306 1269
306 1095
306 704
306 411
306 8472
306 2760
306 1868
306 1613
306 1144
306 1140
308 8526
308 1822
308 8442
308 7663
308 7531
308 7296
308 5624
308 5615
308 5310
308 5300
308 4953
308 3782
308 2817
308 2507
308 490
308 8651
308 2988
308 2346
310 6478
310 4346
310 4214
310 4089
310 598
310 7794
310 7617
310 6000
310 4047
310 2793
310 2610
310 2112
310 2093
310 1900
310 1448
310 1187
310 1042
310 912
310 7547
310 4937
310 2918
310 2606
310 993
310 929
311 8684
311 7044
311 3333
311 8685
311 4111
312 3968
312 914
312 8646
312 8488
312 8457
312 8154
312 5945
312 5838
312 5113
312 4957
312 4920
312 3345
312 3153
312 3152
312 2946
312 2437
312 2320
312 2052
312 1421
312 1211
312 1097
312 438
312 7767
312 5341
312 3475
312 2894
313 4102
313 3382
313 2823
313 2279
313 2119
313 1781
313 932
313 574
313 485
313 8483
313 8459
313 8323
313 7952
313 7807
313 7741
313 7618
313 7213
313 5839
313 5756
313 5333
313 4276
313 3256
313 3233
313 3200
313 2940
313 2712
313 2448
313 1584
313 1074
313 917
313 7005
313 6562
313 2117
313 1124
313 1112
313 1001
314 6102
315 7508
315 7322
315 5040
315 4051
315 3656
315 7308
315 5120
315 665
315 3928
315 3456
315 2958
315 1117
317 8128
317 2776
317 2314
317 1099
317 6586
317 5509
317 5459
317 5350
317 4773
317 4750
317 4014
317 3743
317 2692
317 2289
317 2124
317 1777
317 1702
317 1163
317 987
318 7359
318 6985
318 5375
318 3672
318 2457
318 8744
318 5962
318 5783
318 5204
318 4597
318 1781
318 1539
318 860
318 405
318 329
320 7285
320 7116
320 4312
320 3470
320 2535
320 850
320 7656
321 2195
322 2197
322 8536
322 7832
322 7479
322 5765
322 5551
322 1882
322 1606
322 1257
322 679
322 1868
323 8037
323 8676
323 7541
323 4000
323 2648
323 697
323 622
323 7469
323 6650
323 5981
323 4823
323 4786
323 3147
323 2950
323 2676
323 1993
323 973
323 925
323 422
324 8213
324 7980
324 6554
324 5948
324 5641
324 3521
324 2928
324 2905
324 2778
324 2533
324 8495
324 8486
324 7872
324 7149
324 6707
324 5864
324 5517
324 5307
324 5294
324 4622
324 3832
324 3713
324 3106
324 2920
324 2581
324 2523
324 2271
324 2150
324 1798
324 1275
324 357
325 5569
325 7830
325 3462
325 1133
325 7288
325 7118
325 6775
325 3114
325 1664
325 1037
326 8265
326 5929
326 3044
326 2135
326 8436
326 8122
326 5755
326 5549
326 4920
326 2255
326 1737
326 1662
326 1429
326 1135
326 7201
327 7615
327 4947
327 3092
327 2850
327 8451
327 8220
327 7452
327 6010
327 5769
327 5136
327 4929
327 4210
327 3614
327 3518
327 2841
327 350
327 5585
327 5394
327 5081
327 3205
327 1343
328 7955
328 8657
328 7979
328 7450
328 5830
328 3543
328 3268
328 1899
328 1816
328 1561
328 3966
329 4388
329 4206
329 7805
329 7463
329 7403
329 5898
329 5810
329 5419
329 5403
329 4961
329 4279
329 3953
329 3951
329 3526
329 3350
329 2884
329 2342
329 1457
329 1297
329 889
329 574
329 8225
329 7629
329 5807
329 5802
329 5522
329 5289
329 4929
329 3402
329 3105
329 2926
329 2851
329 2567
329 1933
329 1122
329 1044
329 890
329 880
329 831
329 604
330 6644
331 8602
331 7981
331 7488
331 5995
331 5902
331 5418
331 3001
331 2939
331 2899
331 2615
331 2260
331 1928
331 1415
331 933
331 505
331 464
331 7741
331 7257
331 7131
331 6636
331 6468
331 5644
331 5303
331 5295
331 4920
331 4094
331 3152
331 3091
331 2993
331 2836
331 2811
331 2765
331 2685
331 2571
331 2421
331 2416
331 2263
331 1662
331 1586
331 1076
331 347
331 8132
331 2621
331 2283
332 4988
332 4738
332 4574
332 2059
332 1629
332 5783
332 5292
332 4605
332 4180
332 3650
332 2611
332 1344
332 1243
332 938
332 464
332 339
332 7477
333 5609
333 5464
333 8559
333 7005
334 8392
334 8222
334 5449
334 2160
334 1437
334 8552
334 8419
334 7625
334 6622
334 5509
334 2078
334 1593
334 1333
334 596
334 542
334 6302
335 7203
335 5011
335 7689
335 6330
336 6528
336 5843
336 5706
336 5553
336 3740
336 1893
336 1891
336 856
336 7974
336 5973
336 5508
336 5129
336 4866
336 908
337 8542
337 7981
337 2702
337 8469
337 8317
337 8315
337 8055
337 7316
337 6468
337 5364
337 4931
337 3933
337 3775
337 3362
337 2585
337 2273
338 6852
338 6103
338 3737
338 2077
338 1834
338 812
338 7948
338 3589
338 2348
338 1744
338 1660
338 5370
338 3194
339 8134
339 1649
339 4858
339 3821
339 3155
339 3051
339 2615
339 2148
339 2092
339 903
339 515
340 6490
340 1739
341 6115
341 8282
341 6688
341 6068
341 5829
341 5574
341 4495
341 2358
341 976
341 4553
341 4284
341 3990
341 3039
341 1757
341 831
342 6958
342 5805
342 2278
342 2233
342 8643
342 8263
342 7288
342 5756
342 2766
342 2757
343 8434
343 8262
343 3304
343 3207
343 2772
343 2660
343 2008
343 1623
343 7154
343 3528
343 2998
343 2618
343 1266
343 910
343 5685
344 7786
344 7026
344 6953
344 6420
344 5841
344 3618
344 2226
344 565
344 8303
344 5803
344 2495
344 2208
345 7797
345 7794
345 6436
345 5818
345 5298
345 4534
345 4114
345 3713
345 3226
345 2624
345 2354
345 377
345 8161
345 4215
345 3222
345 2877
346 8759
346 4971
346 4635
346 2489
346 1302
346 8214
346 7437
346 3938
346 3083
346 2730
346 2034
346 1067
346 569
346 3950
347 7301
347 2119
347 8638
347 8488
347 8479
347 8476
347 8306
347 8125
347 7303
347 5342
347 5228
347 4983
347 4674
347 4612
347 4607
347 3942
347 3516
347 3264
347 2836
347 2781
347 1798
347 1170
347 1165
347 1138
347 983
347 921
347 763
347 422
347 8657
347 6595
347 2952
347 2650
348 8375
348 7913
348 5238
348 752
348 2506
349 7448
349 8427
349 7623
349 7425
349 4443
349 3860
349 1894
349 1196
349 734
349 7437
349 7373
349 3540
349 1502
350 8348
350 2753
350 7764
350 7132
350 5211
350 4587
350 4469
350 3174
350 2617
350 1596
350 1323
350 8705
350 929
351 8710
351 8490
351 8442
351 8307
351 5615
351 5474
351 5297
351 5197
351 4951
351 4096
351 3961
351 3305
351 3284
351 2961
351 2883
351 2691
351 2447
351 2345
351 2224
351 1474
351 1425
351 1193
351 1106
351 1068
351 956
351 916
351 912
351 895
351 389
351 8148
351 2832
351 1239
351 1171
351 1124
352 8214
352 8128
352 7299
352 5945
352 5197
352 5149
352 5118
352 3832
352 3096
352 2908
352 2314
352 2272
352 835
352 8268
352 7625
352 6652
352 4925
352 3500
352 1112
352 8441
353 4074
353 7608
353 5161
353 2358
353 2495
354 7983
354 7891
354 7614
354 5620
354 5608
354 4859
354 3935
354 3527
354 1861
354 1659
354 1138
354 569
354 7979
354 7143
354 6952
354 5971
354 4133
354 3478
354 2382
354 2315
354 943
356 362
357 4563
357 4132
357 2528
357 668
357 8305
357 8185
357 7789
357 5454
357 5348
357 5275
357 5269
357 4186
357 3102
357 2822
357 2426
357 2194
357 2129
357 1785
357 1665
357 1103
357 1087
357 1010
357 2325
357 929
358 1362
358 7420
358 2531
358 1663
358 4506
360 5188
360 4032
361 4995
361 5562
365 4818
366 2130
367 6029
367 1489
370 7648
370 5949
370 5122
370 3162
370 2380
370 2262
370 8514
370 7647
370 7491
370 5154
370 5007
370 2204
370 2117
370 1307
370 943
370 2861
371 6437
371 4951
371 3832
371 2096
371 1506
371 8665
371 6595
371 4817
371 1923
371 1890
371 1860
372 5098
372 4258
373 3432
375 6773
375 8132
375 5666
375 2355
375 1252
375 1156
375 378
376 5801
376 5543
376 8365
376 8328
376 7552
376 6626
376 6511
376 5670
376 5275
376 2314
376 2272
376 1866
376 1676
376 1082
376 992
377 6589
377 5790
377 3944
377 3773
377 3753
377 2816
377 732
377 436
377 7204
377 1671
378 8507
378 8465
378 8328
378 7741
378 5623
378 4127
378 2426
378 1982
378 835
378 8750
378 7914
378 5710
378 5146
378 4112
378 4088
378 4029
378 3637
378 3588
378 2751
379 7998
379 8721
379 6443
379 5898
379 4882
379 3765
379 2106
379 1590
379 1041
379 698
379 573
379 407
379 8631
379 7422
379 5522
379 1451
379 1185
379 1073
379 1045
379 875
380 1660
380 6749
380 3194
380 593
380 6754
382 8654
382 8295
382 4963
382 2940
382 1198
382 3260
382 2952
382 2673
382 2631
382 2399
382 2318
382 1156
382 623
382 5521
382 2698
383 7817
383 7700
383 7457
383 7214
383 4147
383 3523
383 2679
383 2532
383 2515
383 1878
383 1851
384 4474
384 1196
384 8316
384 5749
384 5622
384 5444
384 5432
384 5344
384 5299
384 5108
384 5029
384 4953
384 4543
384 4195
384 2155
384 1982
384 1866
384 1811
384 1581
384 1506
384 1426
384 1023
384 6044
384 3478
384 2907
384 2099
384 1923
384 1911
384 1816
384 1163
385 7117
385 5712
385 3128
385 3080
386 4348
386 1105
386 7188
387 8492
387 7683
387 5799
387 5271
387 2102
387 946
387 709
387 8715
387 7630
387 6759
387 5596
387 3808
387 3066
387 1144
388 7886
388 3655
388 3471
388 1854
388 1363
388 976
388 8535
388 8176
388 5924
388 5903
388 3929
388 2731
388 2583
388 1433
388 1408
389 8478
389 5602
389 3609
389 2929
389 2278
389 2276
389 2084
389 1442
389 1253
389 1078
389 8643
389 7131
389 6945
389 6544
389 5796
389 5549
389 5277
389 5117
389 4873
389 4620
389 4110
389 4096
389 3832
389 3827
389 3114
389 2994
389 2776
389 2649
389 2426
389 2090
389 1608
389 1338
389 674
389 663
389 8211
389 5639
389 3808
389 1938
389 1720
390 6929
390 4667
390 990
391 8362
392 5681
392 4563
392 8403
392 8185
392 7832
392 7683
392 3785
392 2921
392 2343
392 2194
392 2068
392 1660
392 1147
393 5381
393 2953
393 2914
393 2119
393 1160
393 8658
393 8121
393 7292
393 5834
393 5424
393 4977
393 4283
393 2792
393 2275
393 7201
393 5033
393 3478
393 1307
393 996
393 930
394 8624
394 8487
394 8383
394 8208
394 5675
394 5398
394 4964
394 2940
394 839
394 7630
394 7548
394 6749
394 6646
394 5637
394 3184
394 3116
394 2309
394 2283
394 1580
394 874
395 8602
395 8146
395 5678
395 5224
395 4850
395 4635
395 1721
395 1133
395 3920
395 1998
396 4876
396 4172
396 8301
396 8292
396 7399
396 3149
396 2922
396 1429
396 427
396 8707
396 7722
396 5893
396 2430
397 6241
397 5809
397 4799
397 4595
397 3769
397 2355
397 7678
398 2039
398 1674
398 8497
398 1750
398 553
399 7220
399 7599
399 5371
399 4073
399 3246
399 1781
399 8123
399 7563
399 6814
399 4674
399 3505
399 2748
399 2227
399 2053
399 1104
399 533
400 7977
400 7815
400 7633
400 7420
400 5492
400 4850
400 4784
400 4777
400 4617
400 4271
400 4046
400 1196
400 8485
400 8201
400 7306
400 6712
400 5766
400 5597
400 5315
400 5108
400 4274
400 2954
400 2927
400 2787
400 2763
400 2757
400 2347
400 1420
400 1203
400 4112
400 3377
400 2618
401 7146
401 2583
401 1169
401 8164
401 6950
401 6625
401 5822
401 5459
401 5368
401 3231
401 2907
401 2864
401 2283
402 8036
402 6464
402 1851
402 7772
402 6515
402 6472
402 5644
403 8637
403 3812
403 2595
403 2257
403 4589
403 669
404 7289
404 3951
404 3154
404 8480
404 8318
404 7975
404 6549
404 5840
404 4985
404 3929
404 3276
404 2755
404 2441
404 1279
404 1190
404 1103
404 736
404 7272
404 5806
404 4799
404 658
405 3837
405 8526
405 8099
405 7982
405 7820
405 7403
405 7275
405 5777
405 4794
405 3265
405 3244
405 2613
405 2279
405 2148
405 1943
405 1599
405 1594
405 1176
405 844
405 8662
405 8335
405 7629
405 5407
405 4812
405 4274
405 4165
405 3252
405 3226
405 3030
405 2424
405 2273
405 2068
405 1103
405 907
406 8492
406 8440
406 6473
406 5835
406 5754
406 5474
406 4566
406 3792
406 2716
406 1350
406 7842
406 5081
406 4142
406 1369
407 8667
407 7930
407 6463
407 2747
407 2687
407 1277
407 698
408 6959
408 5573
408 2633
408 563
408 7215
408 1994
409 8641
409 8140
409 6614
409 4982
409 3281
409 2921
409 2608
409 1608
409 1270
409 1106
409 687
409 600
409 581
409 8736
409 3651
409 2430
409 1267
409 1336
410 8173
410 2591
410 8058
410 7989
410 7628
410 7299
410 6964
410 5697
410 5632
410 5442
410 5267
410 5136
410 5097
410 4622
410 3024
410 2763
410 1433
410 1422
410 1047
410 8370
410 7965
410 5971
410 5368
410 4484
410 2819
410 2325
410 2254
410 1048
410 577
411 8728
411 8462
411 8458
411 8379
411 5269
411 4929
411 3758
411 2947
411 2870
411 1906
411 839
411 5661
411 4609
411 2360
411 1414
412 3261
412 8484
412 8136
412 5746
412 5322
412 2268
412 1616
412 1344
412 1297
412 8739
412 8500
412 8128
412 7294
412 5899
412 4929
412 3981
412 3340
412 3245
412 3235
412 2838
412 2696
412 2691
412 2602
412 2583
412 1907
412 1249
412 1097
412 1080
413 8593
413 3924
413 2047
413 947
413 8728
413 8208
413 7953
413 7691
413 7452
413 6955
413 5687
413 5544
413 5470
413 4935
413 2954
413 2610
413 2343
413 1404
413 829
413 7096
413 5671
414 6663
414 6528
414 3819
414 8659
414 8311
414 7311
414 6635
414 3073
414 2992
414 2951
414 2603
414 2453
414 2269
414 1277
414 1014
414 858
414 505
414 8619
414 8490
414 5790
414 4603
414 2920
414 2836
414 1190
415 7655
415 5761
415 5688
415 5363
415 4576
415 3795
415 3274
415 3142
415 3044
415 2427
415 2178
415 1081
415 914
415 584
415 8411
415 7797
415 5754
415 4050
415 2900
415 2072
415 1211
415 1074
415 699
415 681
416 8496
416 8330
416 8305
416 8252
416 7309
416 6581
416 5112
416 4917
416 4570
416 3518
416 3046
416 2674
416 2449
416 1417
416 1279
416 1169
416 587
416 8374
416 4459
416 3003
416 2315
416 1240
417 8630
417 4642
417 2111
417 2059
417 7692
417 7423
417 5829
417 5473
417 4787
417 4279
417 3650
417 3155
417 690
417 8488
417 7587
417 3106
417 1645
417 739
418 8348
418 8173
418 8131
418 7133
418 5422
418 3850
418 3158
418 1263
418 8663
418 8522
418 8388
418 8178
418 7629
418 7132
418 6626
418 5812
418 3926
418 3264
418 3263
418 3249
418 3200
418 3112
418 2305
418 2063
418 1956
418 1931
418 1778
418 1469
418 1241
418 1090
418 926
418 737
418 736
418 662
418 571
418 8370
418 7474
418 5794
418 4750
418 2711
418 808
419 8329
419 7973
419 7627
419 7406
419 6636
419 5946
419 5800
419 5153
419 4943
419 4793
419 4115
419 3783
419 3270
419 2438
419 2173
419 1044
419 956
419 925
419 8463
419 5309
419 5020
419 2980
419 2296
419 2016
419 1777
420 8312
420 7796
420 1752
420 8136
420 7835
420 7133
420 6478
420 5786
420 3948
420 3612
420 3204
420 2622
420 2077
420 1624
420 592
420 8644
420 8314
420 7911
420 6650
420 5390
420 5101
420 4630
420 3729
420 2856
420 2843
420 1985
420 1206
420 691
421 6980
421 5114
421 2824
421 786
421 693
421 505
421 8119
421 5640
421 5444
421 5304
421 4942
421 4534
421 3859
421 2957
421 2728
421 2160
421 2129
421 2053
421 1350
421 905
421 6301
421 1969
421 830
422 8428
422 8151
422 6533
422 3209
422 2095
422 591
422 5899
422 5755
422 5697
422 5634
422 5279
422 4952
422 3004
422 2523
422 2380
422 1818
422 1619
422 1588
422 1434
422 1193
422 1101
422 1093
422 1085
422 1055
422 3845
422 542
423 8756
423 8475
423 8159
423 8032
423 7638
423 7455
423 6953
423 6631
423 5920
423 5657
423 4867
423 4740
423 2997
423 2182
423 1411
423 8529
423 8456
423 7772
423 7317
423 7131
423 5624
423 5511
423 5407
423 5335
423 5229
423 4849
423 4570
423 3093
423 2597
423 2503
423 2201
423 1827
423 1073
423 924
423 699
423 581
424 8630
424 7150
424 5418
424 4594
424 4269
424 1594
424 1263
424 1143
424 1121
424 3706
424 1420
425 7867
425 7840
425 7285
425 5697
425 5587
425 4115
425 3098
425 1211
425 8148
425 6392
425 3747
425 865
426 8496
426 8128
426 8115
426 6624
426 5800
426 2731
426 1986
426 1097
426 8190
426 7792
426 7154
426 6537
426 5637
426 5081
426 4561
426 4277
426 3126
426 2254
426 1777
426 718
426 510
427 7233
427 1791
427 8383
427 8181
427 7840
427 7643
427 6640
427 6498
427 5957
427 5915
427 5476
427 5131
427 4603
427 4598
427 3776
427 3767
427 2817
427 581
427 490
427 7201
427 3272
427 2350
428 7974
428 7085
428 6046
428 5829
428 5516
428 5386
428 5164
428 3467
428 2955
428 2489
428 2453
428 1008
428 632
428 8650
428 8532
428 7953
428 7271
428 5946
428 5903
428 5754
428 5619
428 5618
428 5432
428 5376
428 5312
428 5308
428 5283
428 5280
428 4871
428 2523
428 1811
428 1206
428 1087
428 604
428 467
429 8489
429 5228
429 4958
429 4823
429 4745
429 4125
429 3772
429 2822
429 6541
429 3711
429 3117
429 2296
429 7605
430 1705
430 8490
430 8378
430 7800
430 5839
430 5315
430 3946
430 3106
430 2444
430 2314
430 905
430 8546
430 7378
430 3934
430 2439
430 2350
430 2189
430 2117
430 1720
430 1124
430 942
431 7789
431 7168
431 5835
431 5551
431 4924
431 4114
431 3149
431 3099
431 2967
431 1690
431 1597
431 1180
431 5417
431 5089
431 4088
431 3708
431 2451
431 1559
432 784
432 8143
432 7633
432 7151
432 7026
432 6618
432 5086
432 4774
432 3795
432 3771
432 3628
432 3456
432 2929
432 2622
432 1432
432 502
432 8460
432 8186
432 7653
432 7466
432 7296
432 5812
432 5680
432 5549
432 5447
432 5395
432 5358
432 5315
432 5308
432 5297
432 5221
432 4968
432 4272
432 3923
432 3785
432 3614
432 3097
432 2950
432 2609
432 2052
432 1700
432 1690
432 1583
432 511
433 8663
433 8492
433 8320
433 7294
433 5108
433 4283
433 4119
433 3781
433 3614
433 3039
433 2817
433 2761
433 2448
433 2267
433 2112
433 2097
433 1886
433 1744
433 839
433 8502
433 6305
433 5417
433 4785
433 4112
433 3637
433 2760
433 2261
433 1248
434 8620
434 5331
434 1631
434 768
434 8507
434 8314
434 7970
434 6352
434 5851
434 5622
434 5347
434 5096
434 4953
434 4607
434 3157
434 2779
434 2766
434 2630
434 2002
434 1764
434 1762
434 5780
434 3500
435 5052
435 8730
435 6647
435 1943
435 1410
435 1161
435 8319
435 7658
435 5627
435 5611
435 5293
435 5275
435 3115
435 2930
435 2891
435 1225
435 511
436 8476
436 7777
436 7384
436 6010
436 2982
436 1015
436 5426
436 2724
436 1566
437 4351
437 8447
437 5231
437 744
438 8620
438 8461
438 8397
438 8130
438 8099
438 7500
438 6757
438 3928
438 3613
438 1407
438 1131
438 8335
438 8305
438 7126
438 6498
438 6113
438 5817
438 5670
438 4788
438 3923
438 3162
438 3132
438 2872
438 2811
438 2670
438 2110
438 2072
439 7962
439 6987
439 6953
439 4867
439 1598
439 1096
439 8476
439 8258
439 7699
439 7304
439 6973
439 5625
439 5458
439 5147
439 5122
439 4728
439 4104
439 3783
439 3270
439 2996
439 2935
439 2886
439 2774
439 1956
439 1798
439 1645
439 1596
439 1103
439 1079
439 939
439 586
439 5475
440 5950
440 5621
440 5290
440 4887
440 4183
440 3001
440 2889
440 2616
440 2268
440 2095
440 2047
440 698
440 637
440 591
440 8225
440 5303
440 2586
440 1837
440 1084
440 966
440 950
440 831
440 763
440 691
441 5902
441 5305
441 4867
441 3598
441 3080
441 2419
441 1411
441 8468
441 8273
441 8138
441 7141
441 6944
441 6581
441 5864
441 5807
441 5517
441 5412
441 4165
441 3768
441 3713
441 2444
441 2428
441 1798
441 1694
441 1139
441 1055
441 714
441 8361
441 5831
441 3858
442 8089
442 4125
443 8752
443 5231
443 8136
443 6953
443 5086
443 4940
443 3778
443 2530
443 1602
443 1230
443 920
443 8315
443 5859
443 5087
443 4953
443 2082
443 1109
443 1087
443 977
443 936
444 8112
444 6958
444 6043
444 5473
444 3523
444 2960
444 2949
444 2073
444 1835
444 1792
444 1657
444 1615
444 826
444 8129
444 8119
444 6758
444 6065
444 6020
444 5955
444 5439
444 5269
444 5197
444 4953
444 4770
444 2883
444 2843
444 2514
444 2264
444 1811
444 1675
444 1269
444 1167
444 1148
444 662
444 511
445 8270
445 8154
445 8129
445 7285
445 2712
445 2160
445 8175
445 6768
445 4133
445 4045
445 3851
445 3747
445 1746
445 1364
445 996
445 819
445 577
445 1223
445 1216
446 5706
446 7463
446 6631
446 5641
446 3085
446 568
446 8459
446 8435
446 8158
446 7428
446 6581
446 5765
446 5449
446 5308
446 5153
446 4165
446 3772
446 3137
446 2777
446 2755
446 2627
446 1883
446 1109
446 835
447 6775
447 8727
447 2600
447 2048
447 1347
449 6768
449 5400
449 5201
449 2181
450 2834
450 5034
450 1799
450 2478
451 8593
451 7599
451 6068
451 6041
451 5816
451 5302
451 3618
451 2603
451 2182
451 1089
451 8140
451 7882
451 7795
451 7297
451 7257
451 7123
451 5945
451 5813
451 5790
451 5153
451 5123
451 4957
451 3327
451 3137
451 2940
451 1417
451 1170
451 1107
451 1073
451 909
451 711
451 5451
451 4700
451 3703
451 1941
451 1307
451 1048
452 6169
452 4164
453 4450
453 1481
453 6790
454 4047
454 3354
454 8398
454 5054
454 461
455 7852
455 3939
455 7612
455 6909
456 4684
456 3376
456 836
457 5379
459 8434
459 7341
459 6092
459 4669
459 1909
459 624
459 3594
461 5909
462 1521
462 816
462 3445
463 5438
463 1543
463 2109
464 7623
464 5610
464 2756
464 1961
464 1859
464 1843
464 1610
464 1143
464 844
464 7742
464 5107
464 4942
464 3281
464 2851
464 2670
464 1986
464 1920
464 1427
464 609
465 1033
466 7900
466 560
466 5366
466 1809
466 972
467 5225
467 2934
467 2710
467 2591
467 2221
467 1954
467 1928
467 1782
467 961
467 693
467 684
467 8491
467 8488
467 8178
467 7452
467 7131
467 6437
467 5797
467 5468
467 5287
467 5278
467 5107
467 4511
467 3832
467 3754
467 3450
467 3162
467 2917
467 2706
467 2619
467 2576
467 2256
467 1933
467 1926
467 1774
467 1250
467 1165
467 1099
467 1073
467 6686
467 5475
467 3808
467 1860
468 6298
468 8428
468 8380
468 5574
468 2855
468 1560
468 6007
468 5953
468 5544
468 3095
468 2246
468 1451
469 8482
469 8456
469 8206
469 5769
469 5300
469 5220
469 4101
469 3935
469 3603
469 2940
469 2829
469 2816
469 2638
469 2448
469 2310
469 1910
469 1572
469 1420
469 1097
469 1031
469 832
469 821
469 709
469 7597
469 6652
469 5135
469 2738
469 1620
471 7599
471 7280
471 3228
471 1750
471 812
471 8532
471 7587
471 6112
471 5434
471 5336
471 5301
471 3093
472 4151
472 8715
472 8502
472 8472
472 5637
472 4925
472 3126
472 2962
472 1351
472 595
472 6360
473 2720
473 3084
473 2236
473 1583
474 8295
474 7632
474 7168
474 4873
474 3103
474 2682
474 2014
474 1998
474 1925
474 741
474 699
474 8211
474 5639
474 5405
474 5146
474 5056
474 4623
474 3588
474 2877
474 2192
474 614
475 8484
475 2934
475 8316
475 7909
475 7618
475 7531
475 7123
475 5293
475 5279
475 5272
475 2787
475 2089
475 1993
475 1315
475 7798
475 5141
475 5007
475 4219
475 596
476 7508
476 3648
476 8272
476 7403
476 5786
476 5508
476 4854
476 3953
476 2848
476 2847
476 2165
476 485
477 7724
477 8604
477 7603
477 2225
477 522
478 7297
478 6026
478 5972
478 7933
478 7548
478 7473
478 5677
478 5400
478 4045
478 1805
478 1605
478 1438
478 1364
478 1248
478 2698
479 5753
479 5355
479 1440
479 1337
479 7301
479 6613
479 4940
479 3737
479 2165
479 988
480 5954
480 5570
480 4781
480 2929
480 2668
480 8325
480 7957
480 7653
480 7626
480 7521
480 7297
480 6522
480 5126
480 4674
480 2859
480 2681
480 2145
480 2104
480 2072
480 1931
480 1866
480 1570
480 1426
480 737
480 563
480 489
480 8156
480 4029
480 3667
481 4646
481 943
481 3871
481 580
482 7915
483 7005
483 6542
483 2050
484 3261
484 8197
484 7835
484 5752
484 5110
484 3104
484 1787
484 573
484 8482
484 8414
484 5342
484 4782
484 3027
484 2731
484 1840
484 952
484 940
485 8037
485 4755
485 2797
485 8428
485 6647
485 6292
485 5371
485 4941
485 4539
485 3159
485 2997
485 844
485 786
485 8465
485 7789
485 7316
485 6473
485 6020
485 5769
485 4160
485 3305
485 3124
485 3024
485 2784
485 2728
485 2721
485 2214
485 1780
485 1109
486 7861
486 4157
487 3462
488 6438
488 1974
488 1419
489 7435
489 5960
489 5954
489 3002
489 1549
489 1255
489 881
489 5800
489 2732
489 2001
489 1588
489 1452
489 1067
489 966
489 8665
489 5328
489 4700
489 4246
489 3831
489 928
489 648
490 8151
490 7435
490 5771
490 5746
490 5367
490 4046
490 1609
490 1415
490 1160
490 7790
490 6944
490 5947
490 5597
490 5376
490 5244
490 5229
490 4964
490 3981
490 3451
490 3111
490 3027
490 1925
490 1852
490 1621
490 1198
490 1088
490 1076
490 982
490 7963
490 5394
490 3747
490 3637
490 3272
490 3067
490 2430
490 993
491 8285
491 2562
492 509
492 5376
492 5236
492 5219
492 5044
492 3235
492 3014
493 7370
493 2405
493 1573
493 803
493 643
493 5999
493 5533
493 5143
493 4210
493 3717
493 3297
493 1830
493 1633
493 8702
493 6018
494 8422
494 5986
494 4755
494 3740
494 8143
494 5948
494 5777
494 4974
494 4626
494 4350
494 3973
494 3244
494 2824
494 2027
494 1813
494 1271
494 947
494 503
494 8319
494 8201
494 8138
494 7658
494 7632
494 7626
494 5949
494 5396
494 5275
494 4977
494 3938
494 3106
494 3099
494 2838
494 2656
494 2344
494 2115
494 2110
494 1888
494 1883
494 1656
494 582
495 7321
495 5767
495 5621
495 3965
495 2643
495 2417
495 904
495 8493
495 7309
495 5756
495 5454
495 5131
495 3738
495 3289
495 2448
495 2434
495 2421
495 2411
495 956
495 895
495 500
495 8750
495 8268
495 5794
495 2735
495 2553
495 2510
495 2493
495 2315
495 1823
496 5173
496 7593
496 641
497 5847
497 8742
497 8691
497 8045
497 6355
497 5233
497 2006
497 1981
497 5604
497 1400
498 8169
498 5337
498 3611
498 3044
498 2884
498 2791
498 1238
498 1036
498 8257
498 8076
498 7632
498 7136
498 5335
498 5111
498 5096
498 4983
498 3606
498 3256
498 2700
498 2458
498 2344
498 1664
498 921
498 905
499 7155
499 1950
499 1063
499 8333
499 614
500 8744
500 7810
500 5816
500 4180
500 3142
500 1643
500 8492
500 8225
500 7970
500 7614
500 7469
500 7213
500 5395
500 5388
500 5008
500 4942
500 4101
500 3115
500 2938
500 2937
500 2792
500 2721
500 2428
500 2208
500 1690
500 1312
500 1139
500 1073
500 8132
500 3117
500 556
501 8637
501 8583
501 8442
501 7259
501 6559
501 6112
501 5772
501 4983
501 3153
501 2833
501 2774
501 1067
501 703
501 576
501 7597
501 5150
501 3941
501 3164
501 2808
501 2169
501 750
501 583
502 7510
502 5995
502 5761
502 5467
502 5418
502 4955
502 3931
502 3613
502 3611
502 3113
502 1195
502 1049
502 961
502 695
502 8723
502 8691
502 8467
502 7299
502 7136
502 6955
502 6814
502 6511
502 5807
502 5633
502 5115
502 4973
502 3840
502 3137
502 3041
502 2604
502 1925
502 1619
502 1275
503 3855
503 8521
503 7660
503 5944
503 5351
503 5121
503 4966
503 4780
503 2846
503 2479
503 1344
503 1166
503 4782
503 4274
503 3132
503 1572
503 1083
503 936
504 6908
504 8111
504 6214
504 3882
504 8066
504 3298
505 7220
505 5894
505 8461
505 8130
505 7604
505 6631
505 6039
505 5292
505 4887
505 3473
505 2433
505 2106
505 1750
505 8469
505 4619
505 3402
505 3109
505 2779
505 2624
505 1595
505 1047
505 926
506 8588
506 8454
506 5602
506 5139
506 4926
506 4854
506 4244
506 4123
506 3925
506 2949
506 2914
506 2740
506 2174
506 2168
506 2119
506 1358
506 1192
506 1049
506 837
506 7957
506 5796
506 5781
506 4788
506 4283
506 3780
506 1608
506 7474
507 2603
507 7751
507 7477
507 6929
507 6589
507 5259
507 5119
507 4953
507 4782
507 3470
507 3046
507 2822
507 2777
507 2772
507 2434
507 2305
507 1604
507 1408
507 1247
507 912
507 832
507 821
507 779
507 4024
507 2783
508 4573
508 7561
509 3471
509 3341
509 1386
510 8636
510 8329
510 8222
510 7978
510 7663
510 7469
510 7126
510 6934
510 6650
510 5955
510 5617
510 5615
510 5295
510 5176
510 2757
510 2566
510 2535
510 875
510 604
510 569
510 7656
510 2430
510 1941
510 1938
510 1693
510 1063
510 623
511 8272
511 7835
511 6463
511 3087
511 786
511 644
511 7907
511 6487
511 5308
511 5293
511 5200
511 4771
511 3782
511 3118
511 3115
511 2845
511 2814
511 2767
511 2691
511 2624
511 2421
511 1789
511 1225
511 1187
511 1107
511 5451
511 2677
511 1805
512 7571
512 2780
512 2036
512 1891
512 8620
512 8112
512 7553
512 7457
512 5966
512 5148
512 2699
512 1916
512 1782
512 1625
512 1230
512 932
512 860
512 5385
512 4953
512 4791
512 4175
512 3093
512 3029
512 2921
512 2758
512 2696
512 2098
512 1737
513 3958
513 2973
513 7649
513 7271
513 2236
513 1993
513 1141
514 4405
515 5316
515 2092
515 1202
515 8306
515 7068
515 6498
515 5511
515 5300
515 5218
515 4770
515 4668
515 4187
515 2601
515 2263
515 2030
515 2014
515 1474
515 1350
516 8497
516 7793
516 7293
516 6478
516 6046
516 5872
516 5811
516 5386
516 4766
516 4100
516 3821
516 2680
516 1851
516 1835
516 1539
516 8664
516 8636
516 8150
516 7653
516 6557
516 6511
516 5952
516 5915
516 5640
516 5615
516 5301
516 5293
516 5108
516 4920
516 4511
516 4151
516 4101
516 4094
516 3606
516 3327
516 3137
516 3030
516 2859
516 2731
516 2682
516 2264
516 1774
516 1636
516 1586
516 1434
516 1433
516 1425
516 1086
516 7459
517 8483
517 8299
517 8163
517 7452
517 6574
517 5981
517 5308
517 5113
517 4943
517 2987
517 2816
517 2755
517 2696
517 2425
517 1520
517 763
517 8698
517 8448
517 6483
517 5400
517 5201
517 2651
517 849
517 633
518 2720
518 7425
518 7233
518 6813
518 6021
518 5862
518 1133
518 971
518 3963
519 8288
519 6448
519 2347
519 8605
519 6330
519 4870
519 4045
520 8749
520 8311
520 7958
520 7835
520 5610
520 5414
520 3951
520 3655
520 3538
520 2639
520 2106
520 1813
520 1242
520 1195
520 885
520 8149
520 7882
520 6108
520 5376
520 5119
520 3527
520 3120
520 2935
520 1576
520 907
521 8312
521 5355
521 8173
521 8101
521 7403
521 6992
521 6046
521 5970
521 5386
521 3973
521 2773
521 2620
521 2615
521 2094
521 689
521 8462
521 7983
521 7531
521 6112
521 5990
521 3362
521 3137
521 2961
521 2927
521 2145
521 2110
521 2087
521 1818
521 1570
521 1412
521 1167
521 894
521 832
522 784
522 7135
523 4443
523 3962
523 3956
523 8754
523 8299
523 8209
523 5608
523 5293
523 4952
523 4622
523 3747
523 865
524 4123
524 2300
524 2754
524 959
525 1702
525 7801
525 6071
525 4544
525 3360
526 4568
526 3648
526 2904
526 856
526 746
528 8750
528 5880
528 2516
528 6484
528 1347
529 8227
532 6555
533 7388
533 7282
533 5745
533 5498
533 6458
533 4070
533 2188
533 6749
534 7269
534 8288
537 2322
537 1162
537 4915
537 4764
537 4139
537 2509
539 7955
539 7411
541 3731
542 8650
542 8163
542 5444
542 5392
542 4982
542 4954
542 4950
542 4932
542 4786
542 4553
542 3781
542 3527
542 3036
542 2938
542 2933
542 2856
542 2712
542 2448
542 1864
542 1170
542 741
542 609
542 3759
542 3268
542 2903
542 2877
542 1267
542 993
543 4632
543 8618
543 2415
544 7787
544 6948
544 4971
544 3650
544 862
544 8485
544 8133
544 7136
544 7129
544 6113
544 5765
544 5611
544 5126
544 3744
544 3095
544 2754
544 2714
544 2305
544 1169
544 1106
544 779
544 8377
544 5760
544 5417
544 3667
544 3067
544 2261
544 2217
547 7877
547 4705
547 3955
547 3734
547 8050
547 7968
547 5974
547 5305
547 5159
547 3599
547 2888
547 2821
547 2726
547 2197
547 2073
547 1631
547 1285
547 8028
547 7126
547 5652
547 5179
547 4953
547 2670
547 1570
548 8530
548 8018
548 4695
549 8710
549 8208
549 8185
549 7741
549 5615
549 5335
549 3623
549 3137
549 2921
549 2781
549 2743
549 2610
549 8374
549 8156
549 6625
549 5585
549 5007
549 3743
549 3205
549 2606
549 2283
549 1369
550 7163
550 3651
551 1569
551 4486
551 1536
552 3172
552 5574
552 5427
552 2253
552 1806
552 1672
553 8395
553 575
553 8526
553 5948
553 5281
553 4766
553 4383
553 3262
553 2524
553 1889
553 1391
553 1120
553 8373
553 7292
553 5471
553 3933
553 2935
554 8611
554 7308
554 5560
554 5346
554 3764
554 1610
554 8751
554 8142
554 7872
554 7676
554 7040
554 6442
554 5393
554 2930
554 2900
554 2793
554 2779
554 2635
554 2593
554 2586
554 2139
554 900
555 3210
555 8398
555 8038
555 2136
555 1969
555 891
556 2503
556 1882
556 1873
556 1779
556 5666
556 4717
557 8141
557 7285
557 5834
557 5705
557 4553
557 4095
557 3833
557 3673
557 3229
557 2948
557 2041
557 5584
557 5550
557 4133
557 3543
557 1032
557 943
557 670
558 8668
558 5683
558 2794
558 1662
558 8061
558 5443
558 4779
558 3686
558 2735
558 1885
558 688
558 8441
558 6424
559 6985
559 3819
559 2759
559 6478
559 4675
559 4479
559 4128
559 2704
559 2592
559 1814
559 1363
559 863
559 667
560 4034
560 7289
560 636
561 2293
561 8530
561 5792
561 4866
561 598
561 6614
561 5577
561 3292
561 2214
561 1323
562 1984
562 8602
562 8304
562 7321
562 4766
562 4703
562 2929
562 2769
562 8453
562 6654
562 1597
562 754
563 4740
563 8716
563 7304
563 6591
563 6584
563 6515
563 5835
563 1597
563 1312
563 3708
564 7644
564 5110
564 3958
564 2971
564 2785
564 1773
564 7489
564 7072
564 6065
564 5921
564 5279
564 5144
564 5107
564 4610
564 4107
564 3632
564 2052
564 2001
564 1910
564 1404
564 1165
564 576
565 8660
565 8593
565 5535
565 4346
565 3037
565 1540
565 644
565 5934
565 3614
565 1956
566 7481
566 5636
566 5482
566 3598
566 2640
566 2324
566 960
566 643
566 8460
566 8404
566 5999
566 5106
566 4929
566 4771
566 4622
566 3754
566 2745
566 2691
566 2112
566 1447
566 1395
566 1090
566 567
567 8348
567 7289
567 7085
567 4941
567 4581
567 4440
567 3254
567 2828
567 908
567 8493
567 8296
567 7794
567 7131
567 5961
567 5939
567 4859
567 4836
567 3772
567 3527
567 3235
567 3132
567 2771
567 2695
567 2421
567 2153
567 2112
567 1427
567 1250
567 1225
567 1091
567 686
567 5459
567 1979
568 1462
568 8213
568 6980
568 5491
568 4780
568 3798
568 1602
568 8256
568 5632
568 5389
568 2996
568 1895
569 5801
569 4565
569 904
569 7800
569 7303
569 5957
569 5540
569 5444
569 3305
569 2768
569 2380
569 2345
569 2052
569 2006
569 1981
569 1664
569 1241
569 8061
569 5648
569 4045
569 2283
569 1742
569 648
570 7815
570 3258
570 8006
570 6701
570 4982
570 3935
570 2878
570 2872
570 1588
570 1583
570 1067
570 5760
570 2382
571 7912
571 7592
571 5973
571 5477
571 5234
571 4938
571 3531
571 3009
571 2484
571 2442
571 2200
571 1391
571 8650
571 8646
571 8328
571 8133
571 8118
571 7145
571 5632
571 5481
571 5389
571 5344
571 5275
571 5118
571 5117
571 4983
571 4948
571 4932
571 4924
571 4110
571 3606
571 3437
571 3267
571 2421
571 2274
571 2057
571 1461
571 998
571 936
572 7679
572 5688
572 5505
572 4966
572 4102
572 3928
572 2479
572 1924
572 7611
572 6584
572 6571
572 5797
572 5244
572 4968
572 3606
572 3102
572 2933
572 2629
572 2498
572 2437
572 1925
572 1907
572 1817
572 1645
572 1619
572 1280
572 864
572 739
572 704
572 8546
572 2621
573 8726
573 8548
573 8510
573 7150
573 7113
573 6449
573 5638
573 5487
573 4625
573 4605
573 3866
573 2564
573 2358
573 2218
573 1528
573 1410
573 8637
573 8217
573 7663
573 6951
573 6638
573 6559
573 5776
573 5220
573 5210
573 5153
573 5107
573 2596
573 1592
574 8497
574 7026
574 6464
574 5543
574 5477
574 5317
574 5288
574 5139
574 4562
574 4474
574 3778
574 3397
574 2643
574 961
574 6036
574 5999
574 5851
574 5776
574 4949
574 2920
574 2908
574 2841
574 2690
574 2305
574 2014
574 1690
574 1591
575 8704
575 8134
575 3828
575 817
575 4100
575 3956
575 3695
575 1625
576 3085
576 2219
576 8485
576 8058
576 7795
576 7601
576 6511
576 5955
576 5631
576 5620
576 5611
576 5335
576 4983
576 4957
576 4948
576 4849
576 4110
576 2160
576 1956
576 1886
576 1680
576 821
576 586
576 7896
576 5778
576 4925
576 4663
576 3851
576 2621
576 2422
576 1575
576 682
577 7299
577 7297
577 5952
577 5614
577 5293
577 5232
577 3226
577 3105
577 2609
577 2538
577 1863
577 1258
577 1234
577 835
577 8300
577 7564
577 6562
577 5806
577 5635
577 4645
577 3500
577 3023
577 2903
577 4144
578 6528
578 5171
578 4642
578 8478
578 8032
578 7976
578 6462
578 5950
578 5508
578 4500
578 4433
578 4100
578 3456
578 8306
578 7126
578 4936
578 3114
579 8309
579 8299
579 7291
579 7068
579 6895
579 5544
579 5200
579 3782
579 3327
579 3110
579 3089
579 3078
579 2956
579 1840
579 8470
579 6646
579 6477
579 4872
579 3803
579 3282
579 2493
579 2473
579 1575
579 1530
579 1151
579 994
579 7890
579 5823
580 6853
580 6018
580 2064
580 994
580 1197
580 861
581 7311
581 5811
581 5752
581 2543
581 2429
581 1081
581 8257
581 7587
581 7299
581 6640
581 6458
581 5949
581 5802
581 5766
581 5486
581 5303
581 5297
581 3264
581 3200
581 2993
581 2705
581 2222
581 1817
581 1420
581 1270
581 1158
581 6686
581 5089
581 3068
581 1575
581 928
582 8159
582 1230
582 8440
582 7872
582 7658
582 6458
582 5787
582 3210
582 3106
582 2977
582 2571
582 2102
582 2088
582 1680
582 1090
582 709
582 1790
582 929
583 5119
583 4776
583 3756
583 3516
583 3340
583 3233
583 2712
583 1554
583 5778
583 1467
583 1256
583 1248
583 6071
584 8704
584 7187
584 5205
584 1413
584 7833
584 7817
584 7633
584 7398
584 5518
584 4766
584 3581
584 3142
584 2452
584 2092
584 2042
584 1867
584 932
584 862
584 632
584 5218
584 4324
584 4110
584 3236
584 1574
584 1274
585 4888
585 4842
585 1401
585 1137
586 8475
586 7746
586 7026
586 6631
586 6438
586 5302
586 4922
586 4605
586 3523
586 3510
586 2912
586 1624
586 1263
586 960
586 947
586 914
586 622
586 8487
586 7634
586 7149
586 7129
586 6919
586 6640
586 6589
586 5949
586 5772
586 5511
586 5303
586 5287
586 5271
586 5035
586 4952
586 4945
586 4942
586 4924
586 3738
586 3387
586 3110
586 3029
586 2957
586 2827
586 2779
586 2110
586 2089
586 1933
586 1447
586 8546
586 7612
586 3294
586 2819
586 874
587 7407
587 7301
587 5175
587 920
587 8728
587 8372
587 8315
587 5959
587 5859
587 3387
587 2845
587 2343
587 1920
587 1765
587 1666
587 1433
587 894
587 618
587 8514
587 8274
587 7547
587 1979
588 8061
588 2834
588 2261
588 1641
588 942
588 3903
588 2737
589 5717
589 4514
589 2457
590 4147
590 3924
590 3199
590 2828
590 1951
590 1787
590 4210
590 977
591 8037
591 2896
591 1523
591 8648
591 8310
591 8173
591 8069
591 6478
591 4563
591 3660
591 3279
591 2453
591 2342
591 885
591 6574
591 5434
591 3451
591 3107
591 2721
591 1420
591 1280
592 8291
592 3855
592 2374
592 1628
592 8130
592 7885
592 6659
592 5974
592 2943
592 1784
592 1673
592 1176
592 1003
592 903
592 8409
592 7626
592 6814
592 4607
593 7906
593 6894
593 4038
593 3174
593 8105
593 7804
593 7612
593 5933
593 4031
594 6648
594 8358
594 3823
595 8723
595 8185
595 5903
595 4958
595 4745
595 2812
595 2761
595 2596
595 1680
595 919
595 7625
595 6621
595 5846
595 5053
595 3461
595 3119
595 2711
595 2466
595 623
596 5772
596 5106
596 4786
596 4712
596 4615
596 3623
596 3018
596 1811
596 1447
596 831
596 6467
596 3528
596 3067
596 980
597 8282
597 8309
597 8160
597 8141
597 7628
597 7059
597 6707
597 5981
597 5643
597 5507
597 5404
597 4868
597 3112
597 2513
597 1258
597 1122
597 1101
597 1777
597 670
598 7640
598 3247
598 3154
598 8115
598 4621
598 3196
598 615
599 7426
599 7791
599 7399
599 5130
599 3706
600 7925
600 1221
600 1202
600 914
600 8496
600 8435
600 8152
600 7703
600 6581
600 6473
600 5957
600 5261
600 5232
600 4775
600 4668
600 3738
600 3124
600 3115
600 2859
600 2776
600 1139
600 709
600 679
600 2386
601 5502
601 3658
601 8173
601 7633
601 7514
601 7321
601 5082
601 4100
601 3312
601 3246
601 3020
601 2697
601 2176
601 2174
601 5964
601 3591
601 2923
601 2633
601 2367
601 2104
601 1639
602 7449
602 7150
602 6948
602 5767
602 4787
602 4172
602 4102
602 1782
602 1707
602 8307
602 5283
602 4788
602 3774
602 3281
602 1915
602 1832
603 5438
603 3220
604 6017
604 5752
604 5492
604 5288
604 4046
604 3044
604 2086
604 1881
604 690
604 8411
604 8329
604 8126
604 8006
604 7983
604 5968
604 5304
604 5295
604 4849
604 3269
604 3233
604 2931
604 2775
604 2771
604 2700
604 2638
604 2634
604 2259
604 2224
604 2129
604 2090
604 1606
604 1422
604 1106
604 1072
604 1023
604 851
604 8657
604 5971
604 5830
604 1436
605 3480
605 1761
605 997
606 4621
606 3790
606 3245
606 890
606 8274
606 8164
606 5922
606 5368
606 7360
606 5591
607 7651
607 8174
607 6965
607 3951
607 2726
607 1599
607 1235
607 667
607 8482
607 8297
607 7611
607 7489
607 3960
607 3822
607 3772
607 3147
607 2208
607 1050
608 7372
608 8568
609 8173
609 7821
609 7150
609 7021
609 4961
609 4180
609 2919
609 2826
609 1443
609 1096
609 1094
609 8691
609 8414
609 8273
609 7642
609 7629
609 6036
609 5851
609 5216
609 5208
609 3495
609 3029
609 2900
609 2008
609 1646
609 1425
609 973
609 921
609 8651
609 5391
609 1979
610 7282
610 6544
610 2835
610 828
610 8398
610 7630
610 5415
611 8707
611 8606
611 3328
611 2323
611 800
612 8436
612 8122
612 8006
612 7957
612 7636
612 5735
612 5513
612 5345
612 4526
612 3089
612 2922
612 2258
612 1241
612 741
612 8498
612 5309
612 4817
612 2644
612 1641
613 6364
613 2914
613 2504
613 1978
613 4084
614 8219
614 7412
614 6495
614 6018
614 4577
614 3759
614 623
614 5726
615 8208
615 3743
615 1846
616 5094
616 5039
616 3073
616 1346
616 3971
617 4548
617 7721
617 5371
617 3521
617 2578
617 1231
617 1131
617 1096
617 8581
617 7642
617 5486
617 5409
617 5315
617 3100
617 3096
617 3094
617 2649
617 1635
617 1241
617 847
618 2419
618 1615
618 8403
618 6944
618 6506
618 5453
618 5442
618 5412
618 5227
618 3201
618 3062
618 2806
618 2576
618 1071
618 738
618 8615
618 6621
619 2435
619 1992
619 7968
619 6064
619 5974
619 5346
619 4387
619 1176
619 8525
620 2349
620 1607
620 5676
620 813
620 696
620 3784
621 5412
621 1623
621 1019
621 1948
621 8590
621 8033
622 8037
622 8667
622 7982
622 5401
622 2047
622 1428
622 668
622 8315
622 8138
622 7983
622 7882
622 5999
622 5390
622 5301
622 5293
622 5227
622 5123
622 4985
622 3111
622 3105
622 2954
622 2258
622 1775
622 1279
622 1250
622 1128
622 1079
623 8456
623 7648
623 5439
623 5147
623 3162
623 2057
623 1842
623 8472
623 7328
623 5993
623 5831
623 5585
623 4014
623 3117
623 2007
623 1224
623 5689
623 1990
623 1796
624 5725
624 3690
624 2253
624 1922
624 7472
624 3717
624 2179
624 2153
624 4783
625 6565
625 2866
626 8707
626 8091
626 6009
626 1612
627 7301
627 2934
627 2429
627 1230
627 5946
627 5802
627 5335
627 5113
627 4987
627 4782
627 4195
627 4094
627 3933
627 3089
627 3004
627 2766
627 2272
627 1275
627 8236
627 5794
627 5575
627 3184
627 1746
627 1124
628 8416
628 6691
628 2403
628 1984
628 8269
628 7282
628 6924
628 6064
628 3315
628 2992
628 1390
629 3332
629 1306
629 4351
630 7733
631 7534
631 4043
631 1769
631 7539
632 5171
632 1127
632 8390
632 7633
632 5973
632 5225
632 3155
632 2710
632 2697
632 2680
632 2603
632 2433
632 2364
632 1971
632 1944
632 845
632 8474
632 8378
632 8323
632 7790
632 6569
632 5951
632 5634
632 5464
632 5275
632 4770
632 2794
632 2588
632 1925
632 1496
632 1272
632 1193
633 7291
633 1247
633 4824
633 4595
633 4024
633 2309
633 1848
633 1005
633 5523
634 5850
634 2389
634 7876
636 5836
636 3318
636 2337
637 8563
637 8521
637 8074
637 7835
637 7606
637 6953
637 5491
637 4947
637 3473
637 2847
637 2687
637 2648
637 2182
637 2107
637 1235
637 1096
637 1003
637 5111
637 2424
637 2310
638 8446
638 6654
638 5854
638 3591
639 5026
639 8680
640 8243
641 1276
641 8387
641 6935
641 6887
641 1856
641 8555
642 1290
642 7536
642 7031
642 3771
642 2983
642 2873
642 2589
642 2442
642 1710
642 3963
642 1502
643 1276
643 8735
643 8667
643 7640
643 7604
643 5948
643 1887
643 1712
643 1363
643 922
643 8142
643 7265
643 6589
643 6108
643 5450
643 5268
643 4107
643 3632
643 2925
643 2264
644 5852
644 8749
644 8607
644 8593
644 4787
644 2433
644 1615
644 1594
644 1260
644 8653
644 7596
644 6020
644 5918
644 4776
644 1603
644 1420
644 1119
644 742
645 3325
645 1548
646 7125
646 1988
646 1027
647 4163
647 2207
648 8535
648 8295
648 7668
648 7601
648 7366
648 7294
648 6650
648 5834
648 5342
648 5113
648 4868
648 4823
648 4776
648 4170
648 3305
648 3120
648 3030
648 2932
648 2856
648 2670
648 1780
648 1429
648 1167
648 1077
648 916
648 857
648 6586
648 5509
648 3799
648 3711
648 3651
648 1669
648 1224
648 819
649 943
649 8724
649 4752
649 3378
649 2861
650 2445
650 1553
651 4573
651 7851
652 7203
653 6214
653 4370
653 4292
653 3940
653 1893
653 3850
653 3821
653 2782
653 2357
653 1625
653 1255
654 8364
654 4984
654 6904
654 3844
654 1113
654 793
655 5923
655 4050
655 1040
655 898
656 730
656 7698
657 8253
657 4146
658 5357
658 4125
658 3091
658 5286
658 3635
658 3544
658 2211
659 3151
660 6778
660 6647
660 3931
660 2710
660 740
660 5804
660 5393
660 4534
660 1685
660 1180
660 1109
660 882
660 2751
661 8035
661 5853
661 1127
661 7523
661 3456
661 1857
662 7403
662 5554
662 5543
662 3159
662 2893
662 2533
662 2109
662 2107
662 1828
662 1643
662 8372
662 8129
662 7622
662 6895
662 6574
662 6549
662 6442
662 5818
662 5790
662 5221
662 5211
662 4587
662 4187
662 3729
662 2925
662 2781
662 2598
662 2266
662 1685
662 738
662 5794
663 8655
663 7977
663 7875
663 4777
663 2128
663 6352
663 2259
664 8366
664 6647
664 5159
664 3185
664 2515
664 1587
664 686
665 6670
665 3837
665 8749
665 7888
665 5305
665 4605
665 2770
665 2291
665 1808
665 889
666 5247
666 2986
666 2858
666 6745
667 6949
667 5355
667 8647
667 8348
667 7645
667 7638
667 5752
667 5419
667 4922
667 3299
667 2484
667 812
667 7742
668 8661
668 5657
668 2342
668 1839
668 6630
668 5087
668 4270
668 3518
668 3252
668 2926
668 2112
668 1190
669 8483
669 7915
669 5953
669 5044
669 3960
669 2794
669 1959
669 1107
669 912
669 6605
669 4319
669 1530
669 1491
670 7825
670 6964
670 5440
670 4943
670 4107
670 3981
670 2761
670 2212
670 8665
670 8029
670 7905
670 4150
670 2802
670 1248
670 867
671 6918
671 5528
671 2334
672 8635
672 7660
672 3771
672 2223
672 960
672 8351
672 7611
672 5821
672 5176
672 4771
672 4284
672 3284
672 2114
672 1165
673 5031
673 2132
673 1701
673 7484
674 8588
674 5954
674 4454
674 2278
674 4791
674 4566
674 3152
674 2938
674 2571
674 2090
674 1037
674 704
674 7494
674 5666
674 1823
674 1751
674 1638
676 8176
676 6857
676 4834
676 1527
677 8291
677 8097
677 7756
677 7623
677 4635
677 4567
677 3962
677 1763
677 3263
678 6116
678 5850
678 2377
678 873
678 4870
678 3070
679 5944
679 3154
679 2945
679 2821
679 2319
679 1643
679 7641
679 7617
679 7168
679 5947
679 4942
679 3840
679 3832
679 3210
679 3136
679 2982
679 1840
679 1464
679 1103
679 1093
679 738
679 8472
679 6495
679 3134
680 2237
681 1667
681 5942
681 5058
681 3946
681 1817
681 1760
681 1740
681 6319
681 6031
681 5369
681 1890
682 8650
682 2535
682 2255
682 1099
682 2621
682 3211
683 5985
683 4244
683 3084
683 6735
684 8673
684 7877
684 4516
684 1932
684 1871
684 7980
684 7833
684 6965
684 6659
684 6618
684 5610
684 4867
684 4679
684 3619
684 3613
684 3355
684 2855
684 2616
684 2442
684 1878
684 1859
684 1814
684 1784
684 1648
684 1173
684 837
684 716
684 8388
684 7646
684 6758
684 5684
684 5629
684 3632
684 2941
684 2886
684 2587
684 2105
684 1676
684 1412
684 1083
686 8311
686 6953
686 1390
686 1230
686 8462
686 8403
686 8191
686 8142
686 7631
686 5412
686 5303
686 4929
686 3926
686 2638
686 2598
686 2359
686 2343
686 2112
687 7848
687 5082
687 1263
687 7626
687 5096
687 3060
687 4155
687 3748
687 2216
687 1890
688 8414
688 8383
688 6640
688 5785
688 5412
688 4272
688 3195
688 2931
688 2280
688 1966
688 1708
688 1114
688 880
688 8656
688 7471
688 5647
688 4799
688 3858
688 2369
689 8757
689 7821
689 6659
689 5516
689 3936
689 3742
689 2971
689 2928
689 2584
689 1022
689 837
689 8299
689 7620
689 6970
689 5581
689 5468
689 5447
689 5344
689 5176
689 4945
689 4107
689 3930
689 3540
689 3039
689 3014
689 2946
689 2880
689 1852
689 982
689 699
690 4383
690 2388
690 8582
690 7791
690 5626
690 4598
690 3781
690 3229
690 3084
690 2171
690 918
691 8464
691 7311
691 6568
691 6039
691 5902
691 4440
691 3660
691 3613
691 3526
691 2639
691 1539
691 1120
691 8469
691 8458
691 7646
691 7531
691 7422
691 6640
691 5790
691 5522
691 5008
691 4210
691 4195
691 2598
691 1696
691 1447
691 1427
691 1102
691 1015
691 832
691 7621
691 1224
692 5645
693 8645
693 8534
693 7214
693 6980
693 4766
693 4172
693 3820
693 3350
693 1064
693 8186
693 8123
693 7629
693 7079
693 6589
693 5835
693 5619
693 5058
693 4942
693 2836
693 2115
693 1129
693 1104
693 737
694 7361
694 5437
694 4854
694 4479
694 3928
694 3777
694 3698
694 3258
694 2815
694 2704
694 8363
694 8135
694 7891
694 7566
694 7297
694 6970
694 6617
694 6005
694 5990
694 5945
694 5826
694 5597
694 5293
694 3152
694 1315
694 1077
694 936
694 741
694 5459
694 726
695 6961
695 8633
695 8464
695 7830
695 5908
695 5249
695 2252
695 8495
695 8383
695 7609
695 7303
695 5718
695 5299
695 2706
695 2228
696 7905
696 1964
696 8333
696 7462
696 3376
696 1559
696 788
697 8380
697 3526
697 7576
697 3746
697 1754
697 1715
698 7526
698 7427
698 5657
698 5636
698 5116
698 3154
698 2591
698 1887
698 1264
698 876
698 8330
698 8128
698 7663
698 7629
698 5107
698 4929
698 3923
698 3340
698 3093
698 2841
698 2781
698 1789
698 1636
698 1595
698 1464
698 905
699 8146
699 6300
699 5612
699 5249
699 4960
699 4959
699 4703
699 4269
699 3742
699 3090
699 2955
699 8201
699 8058
699 7649
699 7601
699 7531
699 7298
699 5784
699 5625
699 5347
699 5220
699 3756
699 3601
699 3322
699 3281
699 3229
699 3088
699 3036
699 2931
699 2777
699 2586
699 2535
699 2256
699 1119
699 1097
699 2988
699 2877
699 1908
699 1059
700 7293
700 4769
700 4479
700 1260
700 1195
700 1049
700 8628
700 7872
700 7601
700 5963
700 5817
700 5802
700 5608
700 4603
700 3833
700 3623
700 3132
700 3024
700 2880
700 2634
700 2598
700 1910
700 956
700 821
700 5368
700 5341
700 2512
700 2371
701 7610
701 1220
701 3736
702 8759
702 7977
702 7387
702 5347
702 4441
702 2878
702 2867
702 5702
703 7623
703 7599
703 2960
703 2086
703 1549
703 1081
703 8487
703 6112
703 5839
703 5749
703 5364
703 5304
703 5287
703 5244
703 5220
703 5112
703 4977
703 3115
703 2987
703 2956
703 2280
703 1259
703 1254
703 970
703 909
703 8438
703 8175
703 1650
703 808
704 7321
704 6046
704 5492
704 2364
704 1416
704 1230
704 903
704 8378
704 7646
704 7632
704 7469
704 5623
704 5293
704 4987
704 4788
704 2930
704 2927
704 2593
704 2344
704 1966
704 1241
704 1165
704 864
704 8029
704 7386
704 4219
704 1938
704 1927
705 5092
705 2111
705 744
705 707
705 7423
705 6958
705 5789
705 5729
705 5543
705 5180
705 5105
705 3299
705 3258
705 2869
705 2056
705 1916
705 1263
705 914
705 826
705 8751
705 8747
705 8640
705 7978
705 7970
705 5751
705 5476
705 3754
705 3451
705 3105
705 2145
705 1768
705 1425
706 7456
706 1951
706 8458
706 4587
706 7802
707 7410
707 5329
707 4705
707 3549
707 8534
707 8497
707 7982
707 7606
707 3650
707 2807
707 2709
707 1673
707 1036
708 8668
708 6005
708 3949
708 1982
708 8211
708 8127
708 4785
708 3637
708 3117
708 2760
708 2735
708 2692
708 1702
708 1605
708 1580
708 7156
708 2717
708 2285
709 8440
709 8214
709 8178
709 8137
709 7872
709 7587
709 7476
709 6614
709 6569
709 5772
709 4633
709 3505
709 3201
709 2946
709 2696
709 2612
709 2609
709 2155
709 2105
709 2087
709 1584
709 912
709 8546
709 6686
709 6537
709 5635
709 3934
709 3602
709 3268
709 1267
711 8524
711 8491
711 8252
711 7764
711 7629
711 4094
711 2776
711 2455
711 1770
711 1744
711 1696
711 1269
711 919
711 8148
711 8132
711 5809
711 4912
711 4219
711 1769
712 8197
712 8102
712 7974
712 5842
712 5290
712 3860
712 1529
712 6929
712 5099
712 4745
712 3372
712 2731
712 2212
712 1604
712 1480
712 4133
713 8475
713 8069
713 4940
713 4794
713 2697
713 2042
713 1954
713 8471
713 6814
713 6437
713 2817
713 2593
713 2426
713 2272
713 1174
714 8756
714 8667
714 7833
714 2453
714 2412
714 1643
714 955
714 8631
714 8330
714 7126
714 5626
714 5611
714 5407
714 5298
714 4950
714 4469
714 4187
714 4047
714 3935
714 2701
714 2624
714 2104
714 1700
714 1422
714 892
714 5089
714 3134
714 2918
715 4340
716 8540
716 7308
716 5843
716 5706
716 5169
716 3819
716 8143
716 8124
716 7633
716 5403
716 5302
716 4960
716 4563
716 3350
716 3104
716 3051
716 2899
716 2823
716 2119
716 2101
716 1905
716 1428
716 1235
716 734
716 2686
718 7691
718 6642
718 8371
718 6586
718 5822
718 3743
718 2998
718 2673
718 1343
718 1335
719 8586
719 8353
719 7468
719 4755
719 1276
721 7886
721 4567
721 4039
721 8459
721 6650
721 5345
721 5228
721 4287
721 2761
721 2379
721 2273
721 1966
721 1956
721 1301
723 2354
723 8338
723 7696
723 6076
723 5679
723 5572
723 5146
723 942
723 3376
723 2431
724 8282
724 7047
724 4211
725 5242
725 8427
726 7800
726 6934
726 6617
726 6437
726 6113
726 5476
726 5429
726 1423
726 5648
726 2071
726 1400
726 1056
726 942
728 4070
728 2947
728 1157
728 7607
728 3306
729 8231
729 4241
729 3462
729 1716
729 7955
729 7121
729 3084
729 2754
730 6678
730 881
730 7518
730 7437
730 7011
730 4543
731 8703
731 7021
731 5902
731 5682
731 5473
731 4974
731 3943
731 3928
731 1610
731 1442
731 1131
731 8646
731 8485
731 8314
731 7126
731 6712
731 6584
731 5276
731 4791
731 3305
731 3106
731 2598
731 2444
731 1986
731 1582
731 1193
731 905
731 869
732 5159
732 4844
732 1260
732 1022
732 5122
732 4859
732 4728
732 3046
732 936
732 857
732 5207
732 3205
732 1613
733 8734
733 8261
733 7953
733 7149
733 5633
733 4119
733 3779
733 3210
733 2840
733 2194
733 1774
733 1685
733 1330
733 5402
733 3480
733 1345
734 4548
734 2882
734 8740
734 7838
734 5317
734 3953
734 2278
734 2003
734 1263
734 8640
734 8129
734 7668
734 5808
734 5619
734 5434
734 3267
734 3100
734 2993
734 2763
734 2448
734 2208
734 1931
734 1772
734 1265
734 1077
734 1023
734 890
735 7000
735 3293
736 7639
736 4947
736 3025
736 2992
736 2726
736 2106
736 6970
736 5634
736 5112
736 4782
736 3249
736 2567
736 1921
736 1469
736 1076
736 763
736 5979
736 5475
736 3126
736 1351
736 865
737 7133
737 5305
737 4895
737 4350
737 3090
737 2824
737 1726
737 1624
737 1255
737 8638
737 8625
737 8178
737 8118
737 7652
737 7642
737 7366
737 6557
737 6005
737 5964
737 5961
737 5481
737 5332
737 5307
737 5279
737 4983
737 3083
737 3024
737 2937
737 2463
737 2089
737 2008
737 1585
737 1095
737 909
737 7647
737 3748
737 2281
738 7888
738 6635
738 5285
738 3798
738 2605
738 2442
738 2412
738 2276
738 844
738 8290
738 8273
738 7472
738 6642
738 6619
738 5450
738 4985
738 3779
738 1917
738 1402
738 1102
738 950
738 8698
738 4733
739 7826
739 7293
739 5962
739 4769
739 4279
739 4183
739 3866
739 3770
739 2699
739 1813
739 1800
739 1631
739 8636
739 8539
739 8214
739 7663
739 7466
739 7182
739 5807
739 5312
739 5202
739 5119
739 4892
739 4823
739 3305
739 3111
739 3108
739 2434
739 2256
739 1915
739 1412
739 1206
739 1103
739 1140
740 4113
740 752
740 8517
740 6780
740 5463
740 3315
740 1242
740 8409
740 8327
740 8152
740 4791
741 7977
741 5777
741 5767
741 5437
741 5166
741 5105
741 2899
741 2807
741 2791
741 885
741 768
741 8686
741 8640
741 8636
741 7643
741 7642
741 5953
741 5131
741 5058
741 4939
741 3926
741 3327
741 3124
741 2938
741 2933
741 2634
741 2627
741 2514
741 2485
741 2474
741 2057
741 1664
741 1608
741 1452
741 965
741 919
741 5575
742 7976
742 6532
742 5612
742 4794
742 4675
742 3973
742 2092
742 1791
742 1081
742 786
742 8129
742 7466
742 6566
742 5946
742 5609
742 5312
742 5109
742 5106
742 3157
742 2921
742 2872
742 2685
742 2624
742 2604
742 1886
742 1668
742 1636
742 1431
742 1404
742 977
742 4733
742 1267
742 927
743 8749
743 7787
743 6780
743 5403
743 5250
743 4769
743 4747
743 3924
743 2945
743 2753
743 2726
743 2680
743 1991
743 1432
743 1094
743 1081
743 8522
743 8379
743 8135
743 8119
743 7893
743 7789
743 7657
743 7628
743 7068
743 6581
743 6574
743 6523
743 5790
743 5628
743 5624
743 5412
743 5301
743 5113
743 3269
743 2822
743 2674
743 2571
743 2089
743 1910
743 1696
743 1660
743 1579
744 7432
744 5120
744 4988
744 975
744 8390
744 8173
744 7787
744 5786
744 3962
744 3155
744 2966
744 2594
744 1036
744 768
745 2383
746 8586
746 7238
746 4755
746 2853
746 8464
746 8188
746 6992
746 3204
746 3156
746 2639
746 2584
746 1971
747 5309
747 4193
747 8275
747 4684
747 3436
747 2796
747 2147
747 3141
748 4055
749 8148
749 2346
749 1240
749 2499
750 7955
750 7515
750 3366
750 4519
750 4305
750 1885
750 794
750 3912
751 1731
751 8591
752 2225
754 8655
754 8618
754 7362
754 932
754 7588
754 3256
754 2398
754 1273
755 8237
755 2385
755 6098
755 5555
757 2405
757 4698
758 8355
759 6566
759 5903
759 4109
759 940
759 3033
759 2673
759 1499
760 6088
760 4483
761 4542
761 1459
762 2916
762 1193
762 996
763 1018
763 8209
763 5210
763 5134
763 3601
763 2909
763 1812
763 1645
763 1604
763 7454
764 4198
765 4053
766 7268
767 7939
768 8279
768 5692
768 7425
768 5025
768 4279
768 1924
768 8640
768 8488
768 8123
768 7609
768 7123
768 5476
768 5315
768 4788
768 4707
768 3256
768 3153
768 3084
769 5819
771 4077
779 8655
779 5958
779 5463
779 2934
779 1802
779 1710
779 889
779 8257
779 7648
779 7476
779 7298
779 6036
779 5953
779 5915
779 5821
779 5791
779 5468
779 5396
779 5124
779 5112
779 4934
779 4849
779 4094
779 3263
779 2954
779 2598
779 2258
779 2208
779 1429
779 1259
779 1203
779 924
779 855
779 6445
779 4750
780 8613
780 4704
781 7759
782 8417
782 7423
782 4858
782 2769
782 2626
782 7297
782 6773
782 2263
782 2046
784 7308
784 5352
784 3910
784 1871
784 8179
784 7604
784 7425
784 5495
784 5159
784 4679
784 3244
784 3092
784 2936
784 2893
784 2888
784 2086
784 1667
784 1442
784 1246
785 8446
786 8593
786 8298
786 6464
786 6118
786 3924
786 2905
786 2885
786 2003
786 1640
786 812
786 5934
786 2767
787 8666
787 5759
787 3282
787 3033
787 2819
787 1955
787 1703
787 8337
787 7156
787 1197
788 8008
788 2410
788 1368
788 1108
788 6466
789 6111
790 7456
790 4914
790 3031
790 3196
791 6893
791 3192
795 7583
795 4785
795 3168
795 1100
795 4437
796 6739
798 1999
798 7854
798 3546
798 896
799 6692
799 5941
799 5050
799 3688
800 5596
803 3261
803 8735
803 6816
803 4214
803 4089
803 4091
803 3773
803 2617
803 2079
803 1921
804 6785
804 3633
805 7284
805 4460
808 8560
808 8222
808 8140
808 7663
808 7247
808 6511
808 5923
808 5345
808 5289
808 5267
808 1775
808 1433
808 8175
808 7491
808 2505
808 1593
808 1239
808 1171
808 1124
809 6186
809 8028
809 7058
809 4189
810 8556
810 3357
810 1003
810 7794
810 5614
810 4592
810 3518
810 2913
810 1895
810 1340
812 1276
812 6613
812 6532
812 5305
812 4675
812 3607
812 3598
812 2276
812 2073
812 1672
812 1594
812 8524
812 8178
812 8145
812 8133
812 5803
812 5790
812 5770
812 5308
812 5222
812 2523
812 1085
812 906
813 3310
813 3212
813 2398
813 1938
813 7678
813 5928
813 5480
813 4288
814 3446
814 1487
815 4708
815 3359
815 1282
816 1743
817 4821
817 1629
817 6465
817 1367
818 8152
818 5147
818 3768
818 3124
818 2471
818 2055
818 1068
818 6173
818 5410
818 3301
818 3222
818 1441
819 6483
819 5053
819 4937
819 3164
819 2651
819 2439
819 2254
819 1899
819 1746
819 1620
819 1512
819 842
819 5561
819 4268
819 2163
821 7541
821 7435
821 5902
821 5774
821 4635
821 3695
821 2955
821 2928
821 1120
821 904
821 8532
821 8214
821 7893
821 7782
821 5800
821 5796
821 5776
821 5770
821 5627
821 5335
821 5119
821 4610
821 3322
821 3264
821 3245
821 3161
821 3103
821 2987
821 2581
821 2098
821 1234
821 1107
821 925
821 907
821 900
821 8175
821 2553
822 7259
822 5564
822 5515
822 5057
822 2480
823 7809
823 3773
823 8394
823 6754
823 5676
823 1335
824 5642
824 2813
824 5652
824 5644
824 4924
824 3750
824 2923
824 1904
825 3796
825 2573
826 5171
826 4965
826 4738
826 3032
826 1413
826 8183
826 6532
826 3925
826 3257
826 3042
826 2591
826 2417
826 1407
826 960
826 7115
826 6814
826 4954
826 4598
826 3603
826 3289
826 2930
826 905
827 7423
827 5678
827 5199
827 1521
827 1133
827 8516
827 4653
827 1998
828 6532
828 4867
828 2622
828 1443
828 7742
828 6945
828 6642
828 6010
828 5577
828 5122
828 4160
828 1694
828 7380
828 3194
828 1156
829 5675
829 3779
829 1985
829 1262
829 5671
829 3311
830 8483
830 8028
830 7629
830 7136
830 5813
830 5511
830 5454
830 3632
830 3518
830 3431
830 3259
830 2755
830 1842
830 8100
830 5760
830 5135
830 1805
830 1790
830 942
831 8708
831 8593
831 3742
831 3695
831 2218
831 1673
831 1602
831 899
831 8481
831 8414
831 6649
831 5947
831 5236
831 5107
831 5057
831 2843
831 2831
831 2810
831 2628
831 2347
831 2244
831 1075
831 1055
831 5475
831 1163
831 1032
831 887
831 865
832 8079
832 5965
832 5386
832 5382
832 4867
832 4780
832 4046
832 3956
832 3257
832 2821
832 2645
832 2249
832 1673
832 1609
832 1432
832 1302
832 8723
832 8646
832 8570
832 8469
832 8383
832 8299
832 8201
832 7622
832 7405
832 7309
832 7299
832 7296
832 5963
832 5859
832 5826
832 5718
832 5358
832 5177
832 4776
832 3933
832 3608
832 3118
832 3111
832 2829
832 2714
832 2567
832 1864
832 1408
832 966
832 7154
832 5209
832 3066
832 3056
832 1240
833 3184
833 3144
833 2349
833 6446
833 3376
833 3211
833 8445
834 8324
834 4866
834 4282
834 2955
834 2357
834 2086
834 889
834 860
834 8644
834 8297
834 8295
834 7619
834 7417
834 6651
834 5680
834 5675
834 5629
834 5624
834 5221
834 5106
834 4978
834 3949
834 3942
834 3201
834 3132
834 3004
834 2767
834 2755
834 2588
834 2277
834 1597
834 1402
834 1274
834 1241
834 880
834 7471
834 5089
834 1868
834 1400
834 1267
835 5363
835 1231
835 8479
835 4582
835 3923
835 3401
835 3236
835 3115
835 3103
835 3029
835 2768
835 2748
835 2617
835 2463
835 2267
835 3119
835 2918
835 1273
836 4627
836 1990
836 8239
837 5907
837 2036
837 8648
837 7457
837 5948
837 5795
837 5570
837 3968
837 3777
837 3607
837 2106
837 2086
837 1971
837 1914
837 1792
837 1297
837 1049
837 5999
837 5629
838 7102
838 7330
839 8526
839 7604
839 5346
839 5239
839 1277
839 8728
839 8541
839 8149
839 7983
839 7317
839 5632
839 5623
839 5399
839 5299
839 5136
839 4552
839 4175
839 3081
839 2948
839 2937
839 2851
839 1936
839 1918
839 8300
839 8132
839 6950
839 6469
839 1868
839 1239
840 8379
840 8115
840 7936
840 7699
840 6609
840 5469
840 5412
840 5271
840 3121
840 2942
840 2941
840 1910
840 1082
840 7434
840 5370
840 984
841 7903
841 7670
842 5126
842 3470
842 3089
842 8308
842 8086
842 8029
842 5451
842 3239
842 2281
842 1307
842 3624
843 4373
843 1520
844 8422
844 5355
844 2294
844 1524
844 7981
844 7925
844 5798
844 5610
844 5482
844 5337
844 3581
844 3080
844 2850
844 2603
844 2533
844 2011
844 1954
844 1914
844 1640
844 8482
844 5123
844 4952
844 2423
844 1772
844 1574
844 1433
844 1087
844 1044
844 977
844 950
845 8087
845 7359
845 7439
845 6924
845 6310
845 5902
845 5337
845 4629
845 4387
845 3009
845 2122
845 1221
845 988
845 1913
846 7736
846 7472
846 4669
846 2694
846 8601
846 6611
846 3151
847 7449
847 5976
847 3640
847 3298
847 2914
847 2813
847 2636
847 1186
847 8614
847 8471
847 8292
847 7772
847 4763
847 4607
847 4464
847 4189
847 4084
847 2344
847 2320
847 1104
848 7071
848 7934
848 7035
848 1384
849 5439
849 4871
849 2280
849 1047
849 5150
849 4921
849 4459
849 2078
849 1703
849 5165
850 7859
850 6479
850 5164
850 3538
850 2919
850 2056
850 5472
850 4927
850 3632
850 1959
850 956
850 8634
850 7647
851 8744
851 7638
851 5902
851 5105
851 4876
851 3619
851 2951
851 2699
851 2054
851 1026
851 903
851 8641
851 8581
851 7772
851 7068
851 6955
851 5951
851 5772
851 5335
851 5229
851 4924
851 3775
851 3102
851 2942
851 2935
851 2917
851 2895
851 2664
851 2280
851 2096
851 1812
851 1636
851 1045
851 2903
852 6298
852 6478
852 5657
852 4089
852 2479
852 1854
852 1117
852 7975
852 6914
852 3918
852 3062
852 1933
853 8330
853 8208
853 6005
853 5613
853 5118
853 4775
853 2859
853 2777
853 2344
853 1774
853 1766
853 1574
853 1564
853 1464
853 1220
853 879
853 8338
853 5780
853 3184
854 8173
854 7805
854 5473
854 8411
854 6571
854 5454
854 4842
854 3605
854 3191
854 2485
854 2110
854 1901
854 1259
854 983
855 8726
855 8454
855 8179
855 6808
855 4658
855 4635
855 2939
855 1924
855 1889
855 1859
855 1339
855 1133
855 8141
855 7867
855 5432
855 4110
855 3788
855 3030
855 2766
855 2236
855 2110
855 1165
856 4878
856 8586
856 8104
856 5559
856 3940
856 7660
856 5351
856 2616
856 1750
856 1041
857 3085
857 2640
857 1255
857 1160
857 8532
857 8490
857 8191
857 8178
857 8122
857 7862
857 7366
857 6559
857 5625
857 5299
857 5229
857 5210
857 4511
857 4283
857 3937
857 3781
857 2608
857 2586
857 2256
857 1993
857 1920
857 8254
857 7656
857 5710
857 2907
858 8348
858 7481
858 5556
858 4117
858 3086
858 2679
858 988
858 8477
858 8434
858 8414
858 8199
858 8096
858 5008
858 3200
858 3088
858 2354
858 2150
858 2074
858 1244
859 8340
859 7981
859 7604
859 5795
859 5145
859 2687
859 2269
859 2199
859 8440
859 5632
859 4973
859 1103
859 1092
860 6961
860 6683
860 5355
860 4292
860 8713
860 8542
860 8151
860 5973
860 5771
860 5492
860 5386
860 4971
860 3080
860 2971
860 2279
860 1120
860 8292
860 7601
860 6297
860 5961
860 5951
860 5803
860 5123
860 4957
860 3785
860 3115
860 3100
860 2946
860 1775
860 1452
860 1190
860 926
861 5584
861 3164
861 2644
861 2204
861 1634
861 4883
861 2327
862 7796
862 3838
862 3828
862 8602
862 8050
862 7233
862 5872
862 5789
862 5713
862 4626
862 3628
862 2912
862 2869
862 2646
862 2233
862 1667
862 8747
862 8488
862 6636
862 6473
862 5551
862 5448
862 5279
862 5118
862 4952
862 4110
862 2941
862 2768
862 2682
862 2443
862 2030
862 1619
862 1570
862 1565
862 1114
863 3261
863 8542
863 7604
863 7382
863 7311
863 6631
863 6554
863 3104
863 2084
863 1996
863 1822
863 920
863 7126
863 6576
863 6487
863 5297
863 4587
863 3632
863 2944
863 2715
863 2581
863 1921
863 1425
863 1408
864 7930
864 7138
864 5164
864 4128
864 8058
864 7643
864 7632
864 5956
864 5762
864 4934
864 4793
864 4125
864 3758
864 3249
864 3091
864 3089
864 2271
864 2256
864 1778
864 1592
864 1506
864 1447
864 982
864 2284
864 2281
865 8653
865 7306
865 7259
865 7236
865 6559
865 5634
865 3259
865 3162
865 2752
865 2514
865 2463
865 2160
865 1315
865 1047
865 2371
866 2801
866 1202
866 7588
866 5333
866 1338
866 1012
867 5784
867 5617
867 5540
867 5342
867 5101
867 4946
867 4622
867 3926
867 2784
867 2032
867 1696
867 1461
867 1342
867 1044
867 8393
867 8308
867 8064
867 6652
867 6469
867 5575
867 2738
867 2461
867 1746
867 1142
867 5726
868 8334
868 5737
868 6208
868 3969
868 3334
869 8726
869 7980
869 7885
869 7138
869 7133
869 5482
869 3778
869 1971
869 5766
869 5549
869 5377
869 5304
869 3163
869 3046
869 2774
869 2259
869 1977
869 1645
869 1138
869 2352
870 8620
870 7830
870 6659
870 5908
870 5288
870 4858
870 4854
870 3778
870 2825
870 1631
870 1598
870 1245
870 8496
870 7957
870 7648
870 6584
870 5781
870 5233
870 4182
870 3832
870 3793
870 3605
870 3105
870 2469
870 2110
870 1431
870 1241
870 906
871 8101
871 6110
871 4697
871 1487
872 7442
872 5666
872 5127
872 4142
872 3287
872 7262
872 3966
872 3903
872 3012
873 954
874 8185
874 8150
874 7862
874 7632
874 7299
874 6065
874 5597
874 5122
874 4935
874 4105
874 3518
874 2538
874 2474
874 2348
874 1861
874 1279
874 1265
874 1234
874 1203
874 966
874 7548
874 7454
874 7154
874 5514
874 2783
874 2505
874 2284
874 2140
874 1414
874 910
875 8213
875 8159
875 7645
875 7481
875 5159
875 3771
875 2276
875 2107
875 922
875 7422
875 5472
875 5469
875 5345
875 5277
875 4942
875 4270
875 2701
875 2682
875 2170
875 2019
875 1985
875 1603
875 1584
875 1422
875 1187
875 926
875 2641
875 2493
875 1927
875 1644
875 1613
875 984
876 6096
876 4747
876 3690
876 3204
876 3159
876 3158
876 2958
876 2770
876 4634
876 3163
877 8517
877 3485
877 7866
877 4047
877 3959
877 3242
877 1694
877 1272
878 1473
878 2156
879 8626
879 7976
879 5543
879 4947
879 2591
879 1835
879 8565
879 8126
879 8120
879 7303
879 6626
879 6617
879 6010
879 5781
879 5644
879 5486
879 5216
879 4791
879 4151
879 3101
879 2779
879 5666
879 5402
879 1823
879 1566
879 1369
879 1147
880 8348
880 5605
880 5281
880 4703
880 3650
880 979
880 960
880 8507
880 8466
880 8217
880 8011
880 7952
880 7637
880 6619
880 5751
880 5640
880 5625
880 5107
880 4932
880 4782
880 4464
880 3792
880 2947
880 2841
880 2771
880 2758
880 2082
880 1817
880 1420
880 1275
880 1065
880 1023
880 956
880 921
880 895
880 7621
880 7548
880 6686
880 5451
880 3212
880 2894
881 6673
881 5732
881 4895
881 4850
881 2973
881 2178
881 3833
881 3827
881 3039
881 1542
881 1265
882 8659
882 5262
882 1587
882 8482
882 5177
882 3646
882 2660
882 901
883 7192
883 7098
883 6521
883 4710
883 1290
883 8197
883 7513
883 3866
884 8624
884 7983
884 7384
884 6955
884 6468
884 5770
884 5202
884 3137
884 2762
884 1250
884 1174
884 1015
884 8733
884 7204
884 5417
884 4219
884 2907
884 2864
885 8752
885 3302
885 2896
885 8310
885 7958
885 7655
885 7133
885 6554
885 5482
885 3798
885 2966
885 2888
885 2850
885 2291
885 1710
885 1264
885 1096
885 8488
885 8170
885 5511
885 5303
885 3792
885 3115
885 2586
885 1572
885 1109
886 3954
886 5662
886 3360
887 8663
887 8482
887 8168
887 8163
887 8120
887 5981
887 5952
887 5625
887 4949
887 4936
887 3949
887 3772
887 3263
887 3046
887 2455
887 2098
887 1619
887 1129
887 1042
887 1031
887 945
887 906
887 5780
887 5406
887 4604
887 3845
888 2529
889 7220
889 3955
889 2797
889 8556
889 7488
889 7463
889 7455
889 7128
889 6980
889 5642
889 5305
889 5121
889 4922
889 3521
889 2770
889 2506
889 2433
889 1781
889 1707
889 1213
889 8723
889 8467
889 8330
889 8191
889 7642
889 7587
889 7317
889 5628
889 5117
889 4047
889 2921
889 2627
890 7650
890 5281
890 2936
890 2278
890 1773
890 1238
890 8583
890 8482
890 5449
890 5395
890 5364
890 5097
890 4786
890 2950
890 2933
890 2599
890 1434
890 7917
890 6628
890 4921
890 3116
890 1908
890 927
891 7731
891 4549
891 5526
892 8633
892 7623
892 7510
892 3951
892 2578
892 1916
892 1800
892 1707
892 1117
892 8409
892 8196
892 7658
892 7552
892 6511
892 5464
892 5136
892 5113
892 4950
892 4324
892 3269
892 3076
892 2471
892 1474
892 998
892 917
893 7589
893 2137
894 8131
894 7982
894 7888
894 7604
894 6118
894 4947
894 4539
894 2291
894 1919
894 1854
894 1792
894 1748
894 1695
894 1648
894 1432
894 8170
894 8160
894 8158
894 7751
894 7668
894 7483
894 6589
894 5990
894 5790
894 5625
894 4944
894 4823
894 4619
894 2602
894 1623
894 1604
894 1114
894 926
895 5801
895 5110
895 5105
895 3139
895 2955
895 1143
895 944
895 8747
895 8120
895 6591
895 6579
895 5800
895 5609
895 5388
895 5126
895 4598
895 3322
895 2792
895 2110
895 1198
895 1135
895 7474
895 5512
895 4925
895 4142
895 1164
896 5266
896 4616
897 4183
897 4089
897 2943
897 2276
897 2202
897 2056
897 2003
897 1657
897 960
897 8650
897 8489
897 8149
897 8138
897 7469
897 5999
897 5952
897 5628
897 5358
897 4987
897 4944
897 4104
897 3782
897 3109
897 3105
897 2917
897 2654
897 2617
897 2597
897 1780
897 1126
897 8254
897 5475
897 5089
897 2614
897 1742
897 1134
898 3331
899 5171
899 2039
899 8547
899 7974
899 6554
899 5225
899 4895
899 3660
899 3392
899 2889
899 2852
899 2848
899 1673
899 8677
899 8636
899 8486
899 8217
899 7619
899 7316
899 6454
899 6112
899 5813
899 5643
899 5444
899 5298
899 4934
899 4812
899 4615
899 1811
900 7604
900 5164
900 2773
900 1255
900 8555
900 7814
900 6574
900 5614
900 5611
900 5344
900 5153
900 4919
900 3729
900 2937
900 2933
900 2931
900 2789
900 2705
900 2634
900 2280
900 2115
900 1645
900 1636
900 1129
900 1083
900 6950
900 5822
900 5759
900 3056
901 5641
901 5290
901 5164
901 4474
901 2051
901 8460
901 8309
901 8125
901 5701
901 5226
901 4931
901 4929
901 4210
901 4105
901 3762
901 2585
901 1044
901 6527
901 6241
901 5141
902 7403
902 4960
902 4474
902 3778
902 3613
902 8654
902 8493
902 8490
902 8488
902 7703
902 7653
902 5949
902 5787
902 5634
902 5630
902 5615
902 5429
902 5389
902 5298
902 4170
902 2732
902 2523
902 1966
902 1106
902 1086
902 965
902 8665
902 8148
902 7799
902 5369
902 4215
902 2877
902 2783
902 2398
903 8661
903 8173
903 5783
903 5645
903 5560
903 5467
903 4780
903 4350
903 3778
903 3215
903 2213
903 2095
903 944
903 8465
903 7703
903 7634
903 5622
903 5301
903 5275
903 5197
903 5124
903 3236
903 2902
903 2777
903 2267
903 2145
903 1780
903 1434
903 977
903 915
904 8272
904 7133
904 6965
904 2178
904 1792
904 1133
904 8718
904 8646
904 8170
904 7620
904 5627
904 5608
904 5123
904 4982
904 4776
904 3606
904 3327
904 3093
904 2775
904 1976
904 1817
904 1811
904 1280
905 7403
905 5641
905 4576
905 3943
905 3850
905 2605
905 2479
905 2357
905 1869
905 1822
905 1242
905 8493
905 8460
905 8297
905 7123
905 6712
905 5785
905 5620
905 5464
905 5389
905 5270
905 3790
905 3096
905 2344
905 2272
905 2256
905 2127
905 1169
905 909
905 6586
905 5475
906 8484
906 3185
906 1599
906 8710
906 8565
906 7957
906 7641
906 7624
906 7299
906 6005
906 5764
906 5618
906 4987
906 3935
906 3781
906 3623
906 3100
906 3030
906 2902
906 2102
906 1926
906 1767
906 5514
906 5459
906 5154
906 1593
907 8756
907 8183
907 7455
907 5456
907 5204
907 4581
907 3936
907 3456
907 3274
907 3092
907 2919
907 2533
907 1894
907 1648
907 1285
907 933
907 7676
907 6758
907 5951
907 5784
907 5136
907 4935
907 3783
907 3608
907 3190
907 3131
907 3102
907 2921
907 2875
907 2841
907 2115
907 1817
907 1506
907 1229
907 8651
907 2254
907 1860
907 1430
908 4568
908 3491
908 6816
908 5516
908 5110
908 4479
908 4089
908 3655
908 3262
908 2960
908 2928
908 2885
908 2855
908 2291
908 2165
908 1878
908 1407
908 8196
908 7622
908 6581
908 6511
908 2670
908 2571
908 1700
909 6017
909 5612
909 3085
909 1238
909 1133
909 8257
909 7957
909 6026
909 5617
909 3327
909 2425
909 2257
909 1114
909 978
909 8472
909 4484
909 3212
909 2952
909 1650
910 8411
910 8330
910 8129
910 7872
910 5454
910 5226
910 3762
910 2915
910 2768
910 2177
910 1715
910 1185
910 7965
910 2631
910 2261
910 1124
910 8147
910 7462
911 5387
911 8399
911 7660
911 7526
911 5657
911 4617
911 3613
911 3397
911 2912
911 2773
911 2680
911 2620
911 2533
911 8712
911 8388
911 8319
911 8142
911 7132
911 6019
911 5764
911 5449
911 4592
911 3926
911 2910
911 2423
911 1913
911 1091
912 8570
912 8459
912 8163
912 8135
912 5497
912 5112
912 4933
912 4570
912 3832
912 3091
912 2581
912 2449
912 1474
912 1420
912 1234
912 8546
912 7621
912 5831
912 4137
912 3803
912 2325
912 1580
913 7959
913 3367
913 8681
913 7541
913 6678
913 5965
913 5757
913 4180
913 3295
913 2893
913 2884
913 2815
913 2268
913 1797
913 1791
913 1624
913 7909
913 7627
913 3112
913 3111
913 2925
913 2247
913 1977
913 1437
913 1206
913 1088
913 1072
914 8703
914 8146
914 8124
914 7128
914 6554
914 5966
914 5688
914 5495
914 5288
914 5148
914 5086
914 4940
914 3698
914 3277
914 3159
914 2148
914 1869
914 1843
914 8495
914 5807
914 5445
914 5294
914 4770
914 3774
914 3157
914 3152
914 2779
914 2767
914 2696
914 2444
914 2423
914 1863
914 1595
914 1103
915 8497
915 8475
915 6310
915 6064
915 5616
915 5403
915 5273
915 4940
915 4452
915 3777
915 3274
915 2846
915 1747
915 1457
915 8465
915 8196
915 7823
915 7040
915 5956
915 5670
915 5627
915 5298
915 3768
915 3269
915 2604
915 1241
915 1220
915 1106
916 5414
916 1602
916 8650
916 7911
916 7515
916 7131
916 7079
916 6641
916 6019
916 5959
916 5955
916 5211
916 4929
916 4823
916 4551
916 3608
916 3305
916 3136
916 3108
916 2763
916 2432
916 1461
916 1254
916 1076
916 8274
916 5135
916 3239
916 3116
916 2860
916 927
917 8269
917 5094
917 4117
917 2699
917 1943
917 8570
917 8474
917 8220
917 8076
917 6712
917 5785
917 5197
917 5035
917 4119
917 3832
917 3120
917 2571
917 2244
917 1203
917 8651
917 7154
917 4014
917 3500
917 2386
917 1950
917 1823
918 8304
918 8204
918 8146
918 8003
918 7815
918 6673
918 5954
918 2769
918 1624
918 1560
918 8392
918 8351
918 7867
918 7118
918 6590
918 6448
918 5634
918 5538
918 4707
918 4601
918 3395
918 1165
918 1067
919 1705
919 8493
919 8316
919 8184
919 7882
919 6566
919 5951
919 5441
919 4859
919 3949
919 3923
919 2927
919 2810
919 2731
919 2267
919 1926
919 1044
919 8705
919 8245
919 7985
919 7474
919 7155
919 6392
919 5091
919 4133
919 3310
919 3294
919 2284
919 2261
919 1892
919 1268
919 1175
920 8497
920 7120
920 4882
920 4844
920 2798
920 2219
920 2165
920 1643
920 8315
920 6557
920 5625
920 5439
920 5008
920 2897
920 1986
920 1451
920 1073
921 8633
921 8321
921 7423
921 5908
921 5386
921 4279
921 2939
921 2929
921 932
921 8560
921 8076
921 6569
921 5784
921 5551
921 5434
921 5399
921 5395
921 5062
921 4958
921 4674
921 4050
921 3236
921 3200
921 3030
921 2961
921 1888
921 1409
921 1280
921 1104
921 948
921 3748
921 1823
922 7877
922 8626
922 8484
922 8478
922 8324
922 5902
922 5482
922 4479
922 4214
922 4089
922 3473
922 3086
922 2951
922 1747
922 1117
922 8625
922 8487
922 8302
922 8115
922 6010
922 5785
922 5611
922 5544
922 5284
922 4745
922 4119
922 3276
922 3099
922 3091
922 2923
922 2917
922 2851
922 2841
922 2755
922 2474
922 1873
922 1581
923 8759
923 5995
923 3695
923 1416
923 8011
923 7306
923 5923
923 5796
923 5755
923 5347
923 5278
923 5270
923 5202
923 4978
923 4598
923 3109
923 3102
923 2827
923 2187
923 2001
923 1863
923 1570
923 1153
923 956
923 8470
923 3067
923 2903
923 2393
923 1941
923 1156
924 5688
924 3315
924 3254
924 1670
924 1235
924 8305
924 8153
924 7772
924 7627
924 6473
924 5812
924 5474
924 5464
924 5294
924 5096
924 3768
924 3767
924 2767
924 2425
924 2266
924 2105
924 2063
924 1680
924 1596
924 1542
924 5666
924 2692
924 1325
925 8428
925 6678
925 5792
925 5290
925 4675
925 4479
925 3234
925 2279
925 2213
925 8636
925 8535
925 8402
925 5956
925 5812
925 5303
925 5112
925 4601
925 3926
925 3304
925 3284
925 3157
925 3111
925 2789
925 2695
925 2690
925 2627
925 1645
925 1434
925 1138
925 1101
925 1045
925 8164
925 8064
925 6586
925 5402
925 5394
925 3787
925 3637
925 2512
925 2461
925 1941
926 8526
926 8348
926 4960
926 4747
926 2855
926 2094
926 1657
926 8581
926 8303
926 7828
926 7631
926 6636
926 6511
926 5769
926 5481
926 5131
926 5119
926 3267
926 3207
926 3161
926 3046
926 3004
926 2948
926 2771
926 2746
926 2583
926 2571
926 2424
926 2272
926 1838
926 1604
926 1420
926 1406
926 1031
926 977
926 5635
926 5154
926 2918
926 2692
927 7146
927 7068
927 5683
927 5565
927 5445
927 5113
927 4745
927 2940
927 2755
927 2535
927 2102
927 2052
927 1798
927 1789
927 1685
927 1206
927 8219
927 7914
927 5478
927 5154
927 3528
927 3500
927 2103
927 1899
927 1805
927 6963
927 5726
927 1223
927 1100
928 7867
928 7652
928 7552
928 7146
928 5312
928 4964
928 4094
928 3516
928 3402
928 3029
928 2926
928 2831
928 1886
928 1425
928 1072
928 1047
928 8651
928 8211
928 6459
928 5452
928 5350
928 4112
928 3063
928 2369
928 1799
929 8434
929 8325
929 7809
929 7653
929 6630
929 5775
929 5608
929 5470
929 5307
929 4107
929 3105
929 2987
929 2748
929 2682
929 2503
929 2224
929 2112
929 1685
929 5993
929 5794
929 4137
929 3282
930 8489
930 8011
930 5332
930 2102
930 1203
930 1198
930 1077
930 5452
930 4042
930 3845
930 3116
930 2903
930 2516
930 2296
930 2037
930 1605
930 1307
930 1990
931 6567
931 5706
931 8537
931 8534
931 7787
931 7599
931 5403
931 5401
931 5305
931 4703
931 2966
931 8677
931 8178
931 7271
931 5999
931 5790
931 5442
931 4620
931 4160
931 3029
931 2859
931 2634
931 1956
931 1088
931 1045
932 8304
932 5954
932 5805
932 5456
932 4117
932 3628
932 2646
932 2148
932 8747
932 8250
932 8181
932 7789
932 7304
932 6473
932 3605
932 2437
932 2090
932 2063
932 1103
932 1045
933 8704
933 8267
933 8247
933 7925
933 7355
933 5346
933 4629
933 2165
933 1943
933 8558
933 8435
933 8330
933 7668
933 5961
933 5859
933 5670
933 5640
933 5303
933 2609
934 1674
934 5948
934 5902
934 5234
934 4117
934 3523
934 3080
934 2945
934 2899
934 2888
934 2615
934 2107
934 1928
934 1631
934 1263
934 8327
934 8216
934 7132
934 6939
934 5276
934 4942
934 4187
934 2664
934 1422
934 1092
935 7984
935 7410
935 4446
935 8304
935 7700
935 7553
935 5720
935 5363
935 4974
935 4922
935 3485
935 3392
935 3156
935 2532
935 2313
935 2027
935 1625
935 988
935 4942
935 1913
935 1656
936 8510
936 7113
936 7031
936 5164
936 3086
936 2680
936 5991
936 5468
936 5442
936 5390
936 2424
936 1206
937 8593
937 7486
937 6478
937 8664
937 8581
937 8186
937 5818
937 5632
937 3840
937 1589
937 1397
937 977
937 2918
937 2381
937 1140
938 4206
938 3837
938 3220
938 8380
938 5786
938 5725
938 5463
938 4128
938 3204
938 2966
938 2107
938 2095
938 7422
938 3933
938 2917
939 7982
939 5164
939 5145
939 4695
939 2479
939 2268
939 2245
939 1648
939 1616
939 1587
939 8481
939 8319
939 7983
939 6566
939 6487
939 5840
939 5481
939 5336
939 4619
939 3926
939 3783
939 3527
939 2775
939 1623
939 4783
940 2412
940 2364
940 8092
940 6574
940 5271
940 4945
940 4871
940 4599
940 4107
940 2585
940 2392
940 2081
940 1956
940 1945
940 8733
940 8164
940 7647
940 7492
940 6784
940 5809
940 5661
941 8419
941 8308
941 8236
941 4672
941 5480
941 2717
941 1783
942 8145
942 5627
942 4977
942 4668
942 2344
942 1435
942 970
942 2894
942 1941
942 1669
942 7375
942 5748
942 3072
943 4570
943 1107
943 7597
943 5969
943 1171
943 5591
944 1988
944 7830
944 6554
944 6310
944 4120
944 3609
944 3258
944 2955
944 1721
944 1443
944 7485
944 6498
944 5964
944 5283
944 4138
944 3776
944 2002
944 1067
945 8112
945 7885
945 7817
945 7592
945 6482
945 6474
945 5973
945 5199
945 4941
945 3350
945 1539
945 1255
945 1049
945 8691
945 7983
945 5629
945 5112
945 4936
945 4598
945 4566
945 3106
945 2763
945 1496
945 1084
945 7471
946 8195
946 3441
946 2612
946 1340
946 8519
946 2209
947 6645
947 4156
947 8730
947 8173
947 8101
947 7958
947 6763
947 6482
947 5273
947 4778
947 3928
947 2888
947 2611
947 8314
947 8119
947 5611
947 2902
948 4636
948 1954
948 1231
948 7465
948 5799
948 5221
948 3256
948 1647
948 1239
949 6056
949 4881
949 1678
950 8726
950 8660
950 8478
950 7815
950 7604
950 5363
950 3766
950 3397
950 3025
950 1407
950 8668
950 8500
950 6523
950 5953
950 5813
950 5412
950 5284
950 5282
950 5227
950 4946
950 4939
950 4934
950 4612
950 3291
950 3091
950 2891
950 2794
950 2748
950 2721
950 2696
950 2187
950 1614
950 1424
950 977
950 965
950 8651
950 7454
950 1140
951 5250
951 2868
951 8318
951 1451
951 1191
952 5290
952 4844
952 4385
952 3204
952 2753
952 2726
952 1833
952 1195
952 7882
952 7422
952 7309
952 7124
952 6402
952 5236
952 5109
952 4823
952 3937
952 2932
952 2925
952 5806
953 7956
953 5442
953 5336
953 4592
953 4587
953 3814
953 2947
953 8725
953 7812
953 5993
953 5338
953 2473
954 2302
955 7930
955 7623
955 5492
955 4350
955 3655
955 2324
955 2260
955 2062
955 1914
955 1905
955 1710
955 1616
955 8654
955 8466
955 7970
955 5818
955 5609
955 5347
955 4175
955 3782
955 3207
955 2772
955 2596
955 2286
955 2112
955 1817
955 1789
955 1584
955 1250
955 1153
956 8749
956 7980
956 5771
956 2992
956 2680
956 1415
956 8653
956 8460
956 8306
956 7646
956 6619
956 5791
956 5615
956 5395
956 5312
956 5297
956 5131
956 4987
956 4274
956 3942
956 3606
956 3200
956 3096
956 2954
956 2695
956 2443
956 1785
956 1700
956 1148
957 4331
957 1511
957 4642
958 2133
959 6959
960 7301
960 6118
960 5829
960 5516
960 5495
960 4675
960 3581
960 2687
960 2643
960 1807
960 1096
960 1043
960 8646
960 8459
960 8225
960 7619
960 5963
960 5756
960 5627
960 5474
960 5299
960 5270
960 4823
960 4603
960 4283
960 4101
960 3776
960 3100
960 3039
960 2948
960 2927
960 2779
960 2715
960 2437
960 1798
960 1600
961 5967
961 5502
961 2857
961 8620
961 5437
961 4443
961 4106
961 3742
961 2620
961 2543
961 1924
961 1643
961 7643
961 5964
961 5476
961 5385
961 3281
961 3107
961 2766
961 2571
961 2082
961 1047
962 7070
962 3351
963 5188
964 7390
964 5901
964 2541
964 5913
964 5653
964 5545
964 5502
964 4113
964 2904
964 2207
964 8101
964 7138
964 2648
964 2342
965 8136
965 7427
965 6106
965 5403
965 4966
965 4625
965 4046
965 2533
965 2213
965 1991
965 1721
965 1051
965 8560
965 7629
965 7628
965 7609
965 7596
965 6065
965 5934
965 5776
965 5300
965 5229
965 4919
965 2447
965 2044
965 1737
965 1279
965 2738
965 1746
966 8759
966 8428
966 8326
966 7974
966 5161
966 3765
966 1648
966 1160
966 8754
966 8686
966 8653
966 8583
966 8500
966 7489
966 7309
966 6696
966 5540
966 5471
966 5280
966 5119
966 4105
966 3540
966 3029
966 2931
966 2585
966 2096
966 2082
966 1554
966 1366
966 1072
966 1045
966 1575
969 7486
969 2459
969 1807
969 7649
969 5597
969 4125
969 3945
969 2956
969 2715
969 2137
970 8759
970 8050
970 4102
970 2054
970 1609
970 1599
970 8507
970 7136
970 5957
970 5826
970 5807
970 5791
970 5735
970 5586
970 5444
970 5310
970 5301
970 5287
970 5278
970 4932
970 4859
970 3780
970 3138
970 3091
970 2757
970 2712
970 2691
970 2586
970 2258
970 2098
970 1768
970 1583
970 8148
970 7378
970 6135
970 6031
970 2606
971 7913
971 6643
971 5158
971 7912
971 7885
971 7644
971 5638
971 4854
971 3770
971 3532
971 1415
971 3776
971 1639
972 2313
972 2077
972 8712
972 8434
972 8225
972 7736
972 5003
972 2617
973 6850
973 5995
973 5954
973 5944
973 2564
973 1667
973 1609
973 1235
973 1120
973 1078
973 8479
973 7303
973 6559
973 5808
973 5791
973 5144
973 5109
973 4511
973 4276
973 3603
973 3259
973 3118
973 2879
973 2695
973 2599
973 2469
973 2347
973 2305
973 2001
973 1818
973 1621
973 1083
973 1047
973 2536
974 5834
974 5272
974 4653
974 2352
974 3378
974 2327
975 8067
975 2326
975 8752
975 6818
975 5238
975 3367
975 8255
975 7756
976 7120
976 4743
976 3526
976 8436
976 7059
976 3451
976 2685
976 2434
977 8667
977 7604
977 5516
977 4974
977 4626
977 3991
977 3247
977 3001
977 2107
977 1991
977 1822
977 8225
977 8012
977 7452
977 6914
977 6112
977 5434
977 5296
977 4775
977 3773
977 3179
977 2935
977 2870
977 2793
977 2421
977 1785
977 1614
977 1585
977 8268
977 1147
978 8593
978 5771
978 3087
978 8309
978 8292
978 7953
978 7596
978 7515
978 7477
978 7306
978 7303
978 7115
978 5838
978 5718
978 5440
978 3938
978 3157
978 2933
978 2767
978 2755
978 2411
978 1075
979 7410
979 1524
979 8069
979 8050
979 7925
979 5801
979 5605
979 5337
979 2888
979 1253
979 8747
979 6352
979 5269
979 2811
979 2426
980 3981
980 1353
980 8678
980 7963
980 7516
980 7066
980 6541
980 6374
980 6209
980 2545
980 7152
980 5906
980 1755
982 7150
982 5761
982 4940
982 2687
982 2640
982 2051
982 1813
982 1657
982 1277
982 8644
982 8158
982 7596
982 7366
982 6960
982 5450
982 5289
982 4950
982 4935
982 4823
982 4107
982 3772
982 3758
982 3606
982 3437
982 3105
982 2789
982 2701
982 2474
982 2426
982 2347
982 2305
982 2102
982 2096
982 1907
982 1435
982 1404
982 1397
982 1280
982 6686
982 3212
982 2751
983 7925
983 7912
983 7021
983 5636
983 8493
983 8411
983 8297
983 8250
983 8216
983 8163
983 7673
983 5131
983 4788
983 3788
983 3259
983 3106
983 2941
983 2859
983 2784
983 2670
983 2244
983 1925
983 1915
983 1767
983 1409
983 1169
983 7270
983 6483
983 5402
983 3239
984 8458
984 8199
984 6919
984 5769
984 5376
984 5336
984 5134
984 4771
984 4119
984 2932
984 2348
984 2208
984 1092
984 7234
984 3303
984 2786
984 2641
986 4732
986 6497
986 3040
987 2371
987 2296
987 8337
987 3947
988 3955
988 2797
988 1002
988 8620
988 8593
988 7151
988 6702
988 6635
988 6464
988 5148
988 4938
988 3257
988 3181
988 1878
988 1749
988 1243
988 1096
988 8468
988 7867
988 5934
988 5449
988 5434
988 4954
988 4939
988 4205
988 3099
988 2248
988 1837
989 8655
989 5761
989 3928
989 3764
989 2756
989 2615
989 2268
989 1947
989 1443
989 2836
989 2602
989 1690
989 1137
990 7370
990 4884
990 2511
990 1573
992 5261
992 3707
993 8482
993 8456
993 8306
993 8191
993 7620
993 6964
993 6944
993 5544
993 5307
993 4987
993 4931
993 4601
993 4067
993 3527
993 3132
993 3089
993 2675
993 2273
993 2227
993 2115
993 1767
993 1685
993 1433
993 1279
993 8236
993 2860
994 5581
994 4210
994 1785
994 1085
994 7963
994 6209
994 5091
994 3294
994 2887
994 2007
994 1979
994 5311
995 6355
995 3484
995 2394
995 6940
996 5440
996 3495
996 8156
996 7216
996 1860
996 7171
996 3425
998 5954
998 3965
998 1300
998 1081
998 1049
998 1000
998 8643
998 8558
998 8327
998 8058
998 7629
998 6809
998 6591
998 5851
998 5796
998 5749
998 3724
998 3120
998 2811
998 2776
998 2765
998 2581
998 2262
998 1888
998 1270
998 1074
998 1050
998 8061
998 7625
998 7160
998 4717
998 2338
998 2315
998 2117
998 1751
998 1112
999 6076
999 6023
999 1845
1000 6488
1000 8464
1000 8159
1000 7311
1000 5908
1000 5642
1000 5140
1000 4866
1000 4781
1000 4279
1000 3485
1000 2791
1000 2515
1000 2165
1000 1238
1000 8541
1000 7797
1000 7405
1000 7129
1000 5218
1000 4620
1000 3792
1000 2930
1000 2827
1000 1795
1001 4324
1001 4099
1001 2090
1001 6744
1001 2553
1001 1156
1001 1612
1002 2294
1002 1504
1002 8171
1002 2839
1003 2519
1003 8475
1003 6965
1003 6613
1003 6441
1003 5305
1003 4866
1003 3798
1003 3712
1003 3154
1003 2928
1003 2778
1003 2442
1003 2249
1003 1960
1003 1747
1003 1640
1003 1070
1003 8712
1003 8435
1003 8201
1003 8012
1003 7079
1003 6814
1003 6642
1003 5840
1003 5741
1003 5627
1003 5304
1003 5279
1003 4115
1003 4104
1003 3105
1003 2941
1003 2695
1003 2150
1003 1138
1004 3194
1004 4460
1004 4306
1005 8316
1005 5284
1005 5277
1005 4570
1005 1685
1005 7598
1005 4783
1005 4277
1005 3769
1005 3703
1005 3610
1005 3023
1005 1927
1005 5591
1005 5521
1005 2830
1005 2147
1006 3217
1008 8277
1008 7140
1008 6635
1008 5145
1008 4787
1008 4279
1008 4183
1008 3943
1008 3765
1008 3025
1008 2798
1008 2753
1008 2364
1008 1814
1008 1432
1008 1277
1008 1143
1008 8303
1008 5779
1008 5283
1009 4439
1010 5605
1010 8557
1010 7148
1010 6773
1010 6543
1010 6397
1010 5835
1010 5828
1010 5644
1010 5640
1010 5396
1010 2991
1010 2957
1010 2920
1010 2743
1010 1913
1010 6646
1010 2719
1010 1655
1012 6578
1012 6543
1012 3448
1013 8104
1013 5387
1013 8188
1013 7313
1013 4774
1013 3771
1013 3467
1013 3279
1013 2648
1013 2564
1013 5265
1014 4034
1014 1515
1014 4848
1014 1446
1015 5616
1015 5420
1015 5353
1015 3510
1015 8541
1015 8467
1015 6614
1015 6549
1015 5769
1015 4782
1015 4115
1015 2886
1015 8705
1017 4162
1018 8713
1018 7425
1018 6995
1018 3770
1018 2971
1018 1500
1018 1456
1018 1415
1018 8754
1018 6297
1018 5990
1018 5332
1018 4964
1018 1977
1018 1811
1018 1684
1019 7116
1019 5219
1019 2806
1019 1876
1019 1395
1019 1191
1019 1110
1019 5647
1019 3353
1020 8514
1020 5338
1020 5286
1020 4277
1020 3311
1020 5881
1021 3835
1021 3138
1021 3545
1022 8717
1022 8131
1022 5750
1022 5500
1022 3956
1022 3742
1022 3262
1022 3204
1022 2934
1022 8012
1022 6951
1022 5125
1022 3826
1022 3137
1022 2691
1022 1603
1023 8759
1023 8173
1023 7361
1023 1867
1023 1599
1023 5762
1023 5540
1023 4543
1023 1591
1023 8156
1023 6541
1023 5391
1023 2553
1023 2261
1024 8377
1024 1517
1024 7861
1024 5748
1024 5182
1025 8022
1025 6702
1025 5039
1025 4452
1025 8712
1025 2104
1026 2519
1026 8124
1026 5954
1026 5836
1026 2101
1026 1943
1026 1695
1026 1411
1026 8712
1026 8306
1026 4603
1026 1244
1026 1045
1027 7761
1027 5975
1027 4787
1027 4106
1027 3535
1027 2973
1029 7757
1031 8404
1031 8012
1031 7867
1031 7291
1031 6964
1031 5364
1031 4702
1031 4107
1031 3108
1031 3095
1031 2990
1031 2627
1031 2170
1031 1715
1031 1623
1031 1614
1031 8164
1031 6145
1031 3529
1031 1248
1032 7130
1032 2924
1033 3481
1033 6006
1034 7210
1035 5057
1035 3015
1035 6976
1036 3740
1036 3187
1036 7639
1036 7135
1036 3265
1036 8636
1036 8126
1036 7795
1036 6571
1036 5945
1036 5035
1036 3157
1036 2224
1037 8443
1037 8032
1037 6013
1037 5362
1037 4556
1037 3430
1037 3020
1037 2148
1037 2119
1037 5942
1037 5062
1037 3750
1039 1303
1039 6109
1039 3698
1039 1688
1039 6498
1039 3371
1039 2046
1039 1483
1040 2975
1040 2142
1041 8648
1041 8526
1041 7886
1041 6292
1041 5965
1041 5872
1041 5556
1041 5500
1041 5164
1041 4521
1041 3262
1041 2375
1041 2054
1042 6635
1042 6449
1042 5965
1042 2442
1042 2054
1042 8467
1042 8309
1042 8290
1042 8252
1042 8199
1042 8055
1042 7814
1042 5949
1042 5741
1042 5335
1042 5299
1042 5278
1042 4592
1042 3779
1042 3148
1042 2638
1042 2619
1042 2280
1042 2277
1042 2115
1042 2008
1042 1900
1042 1071
1042 6950
1042 5606
1042 4663
1042 2369
1043 5894
1043 2896
1043 2353
1043 8267
1043 7293
1043 3104
1043 2905
1043 2269
1043 1573
1043 1166
1043 5769
1043 4973
1043 3147
1043 3103
1043 2685
1043 1420
1044 6292
1044 1983
1044 1415
1044 1081
1044 8631
1044 8133
1044 6571
1044 5683
1044 5310
1044 5220
1044 5113
1044 4936
1044 4634
1044 2271
1044 1280
1044 1086
1044 1045
1044 3033
1044 1927
1044 1530
1044 1240
1045 7638
1045 6015
1045 5164
1045 4960
1045 4882
1045 4597
1045 4346
1045 3778
1045 3086
1045 2893
1045 1951
1045 1784
1045 1611
1045 1235
1045 7316
1045 7296
1045 6636
1045 6442
1045 6020
1045 5791
1045 5275
1045 5271
1045 5208
1045 5067
1045 4956
1045 4950
1045 4919
1045 4782
1045 4674
1045 2948
1045 2925
1045 2822
1045 2438
1045 1675
1045 1270
1045 1265
1045 1250
1045 1234
1045 1073
1045 8559
1045 8268
1045 1438
1046 8390
1046 6300
1046 5505
1046 5166
1046 2939
1046 2584
1046 1919
1046 1415
1046 1621
1047 7150
1047 5965
1047 5944
1047 5477
1047 4766
1047 2889
1047 2605
1047 2122
1047 2003
1047 1781
1047 1631
1047 1078
1047 8309
1047 8168
1047 7978
1047 7867
1047 7828
1047 7552
1047 6454
1047 5299
1047 5118
1047 5111
1047 4936
1047 4188
1047 3738
1047 3437
1047 3322
1047 3046
1047 2944
1047 2779
1047 2423
1047 2129
1047 1926
1047 1776
1047 1666
1047 1597
1047 1098
1047 5406
1047 3651
1047 3600
1047 3119
1047 2738
1047 1239
1048 8258
1048 5447
1048 3281
1048 2538
1048 2105
1048 1554
1048 1265
1048 7985
1048 6892
1048 6483
1048 5971
1048 4785
1048 4137
1048 3686
1049 8433
1049 8311
1049 8179
1049 7600
1049 7301
1049 5767
1049 5638
1049 5543
1049 2951
1049 2929
1049 2680
1049 2592
1049 1416
1049 1195
1049 1094
1049 8658
1049 8491
1049 8295
1049 8201
1049 7317
1049 7316
1049 7072
1049 5608
1049 5295
1049 4963
1049 4873
1049 4674
1049 4175
1049 3505
1049 3083
1049 2987
1049 2946
1049 1982
1049 1920
1049 1864
1049 1606
1049 1275
1049 1119
1049 1074
1050 8756
1050 6992
1050 6043
1050 3655
1050 3209
1050 2226
1050 2086
1050 1078
1050 8529
1050 8411
1050 8263
1050 7953
1050 7629
1050 6964
1050 6895
1050 5981
1050 5961
1050 5634
1050 5628
1050 5469
1050 5335
1050 4951
1050 3601
1050 3101
1050 2705
1050 2588
1050 2424
1050 1907
1050 1404
1050 1170
1050 1103
1050 1073
1050 3232
1051 8533
1051 8385
1051 3042
1051 5272
1051 5244
1051 2730
1051 1534
1052 8670
1052 6111
1052 4051
1052 1149
1052 4962
1052 3910
1053 6326
1053 8313
1053 7977
1053 7423
1053 4740
1053 7129
1053 5851
1053 5434
1053 4980
1053 3605
1053 1762
1053 1591
1054 4206
1054 8113
1054 7981
1054 5954
1054 5482
1054 5367
1054 5363
1054 4346
1054 3143
1054 3129
1054 1889
1054 1416
1054 7531
1054 5424
1054 4973
1054 2948
1054 2675
1054 1581
1055 8324
1055 7925
1055 7599
1055 7486
1055 5792
1055 5473
1055 5164
1055 4960
1055 4563
1055 4454
1055 2850
1055 2591
1055 2095
1055 1695
1055 1442
1055 1416
1055 1264
1055 8668
1055 8663
1055 8435
1055 8402
1055 8388
1055 8126
1055 7636
1055 7620
1055 7552
1055 7146
1055 6624
1055 6569
1055 5963
1055 5826
1055 5799
1055 5434
1055 5197
1055 5106
1055 4927
1055 4119
1055 3623
1055 3024
1055 2961
1055 2891
1055 2784
1055 2731
1055 2305
1055 1837
1055 1592
1055 1234
1055 5350
1055 3804
1055 1790
1055 1641
1056 6966
1056 5821
1056 2732
1056 2538
1056 1982
1056 8331
1056 8127
1056 2371
1056 2075
1056 1805
1056 3617
1056 2861
1056 2327
1058 8131
1058 7486
1058 7461
1058 6068
1058 5965
1058 3951
1058 3228
1058 3092
1058 2442
1058 2340
1058 1748
1058 8469
1058 8302
1058 8150
1058 7629
1058 7622
1058 5959
1058 5625
1058 5390
1058 5376
1058 5308
1058 5276
1058 5122
1058 5044
1058 4078
1058 2660
1058 1614
1058 1447
1058 1351
1058 1151
1059 8184
1059 5952
1059 5308
1059 2255
1059 2170
1059 1842
1059 1206
1059 1193
1059 8029
1059 3537
1059 2078
1059 2071
1059 1620
1060 8664
1060 8214
1060 6581
1060 5818
1060 5796
1060 5221
1060 4958
1060 4067
1060 3942
1060 3601
1060 3195
1060 2915
1060 2732
1060 2656
1060 2610
1060 2596
1060 1866
1060 1817
1060 1412
1060 1165
1060 1092
1060 5459
1060 5406
1060 2254
1060 2243
1060 1641
1060 1325
1061 5968
1061 5347
1061 1259
1061 7548
1061 6975
1061 5452
1061 4623
1061 2446
1061 1911
1061 1669
1061 1655
1061 1613
1061 5663
1061 3296
1062 6342
1063 8739
1063 8643
1063 8535
1063 8456
1063 8309
1063 7306
1063 6005
1063 5808
1063 5615
1063 5397
1063 5282
1063 5102
1063 3933
1063 3162
1063 3036
1063 2987
1063 2784
1063 2775
1063 2096
1063 1861
1063 1838
1063 8219
1063 3831
1063 1669
1064 7830
1064 5528
1064 4178
1064 3244
1064 1532
1064 1172
1064 8536
1064 4707
1064 2655
1064 2514
1064 1635
1064 1425
1065 8399
1065 8124
1065 1602
1065 1457
1065 1196
1065 8755
1065 8306
1065 8262
1065 8137
1065 6624
1065 6511
1065 5221
1065 5035
1065 4728
1065 4592
1065 3923
1065 3788
1065 3758
1065 3606
1065 3121
1065 2957
1065 2947
1065 2827
1065 2762
1065 2421
1065 1817
1065 1586
1065 1422
1065 1402
1065 1274
1065 7630
1065 5760
1065 2439
1066 2328
1066 1835
1066 1277
1066 7384
1066 7149
1066 3081
1066 2272
1067 7650
1067 3209
1067 2300
1067 8210
1067 2924
1067 2263
1067 1450
1068 6647
1068 5789
1068 5746
1068 4876
1068 4626
1068 4117
1068 2951
1068 2801
1068 8536
1068 8435
1068 8383
1068 6641
1068 6458
1068 5826
1068 5170
1068 5080
1068 5058
1068 4603
1068 4186
1068 3946
1068 2705
1068 2444
1068 1832
1068 2877
1069 7140
1069 7113
1069 6635
1069 3765
1069 3154
1069 8625
1069 7862
1069 5113
1069 5057
1069 4919
1069 3782
1069 3754
1069 2822
1069 2596
1069 2458
1069 2448
1069 2179
1069 2082
1069 4459
1070 1504
1070 1337
1070 8648
1070 7982
1070 5262
1070 4922
1070 4597
1070 1922
1070 1305
1070 1155
1070 1123
1070 5934
1070 5779
1070 3106
1070 2706
1070 1778
1070 1696
1070 1103
1071 8399
1071 1615
1071 1155
1071 8404
1071 8343
1071 6557
1071 5687
1071 5287
1071 3179
1071 2982
1071 2523
1071 2177
1071 2150
1071 1945
1071 1397
1071 1107
1071 4912
1071 1268
1072 4289
1072 2826
1072 2452
1072 7952
1072 7637
1072 7126
1072 5968
1072 5802
1072 5781
1072 5332
1072 4948
1072 3431
1072 3305
1072 2878
1072 2752
1072 2443
1072 6940
1072 3759
1072 2536
1072 1908
1073 8213
1073 7457
1073 6987
1073 6441
1073 5965
1073 5535
1073 5159
1073 2643
1073 2479
1073 1856
1073 8492
1073 7880
1073 5817
1073 5754
1073 5458
1073 5287
1073 5216
1073 4963
1073 4944
1073 3122
1073 2982
1073 2950
1073 2762
1073 2597
1073 2434
1073 1956
1073 1921
1073 1776
1073 1666
1073 1250
1073 6527
1073 4624
1073 3804
1073 3033
1073 2819
1073 2786
1073 2281
1074 7805
1074 5774
1074 4959
1074 2433
1074 1443
1074 1096
1074 8485
1074 8259
1074 8196
1074 8028
1074 6934
1074 5942
1074 5781
1074 5517
1074 5388
1074 5304
1074 5118
1074 4138
1074 3345
1074 3327
1074 3029
1074 2908
1074 2633
1074 2376
1074 1866
1074 1635
1074 1091
1074 1077
1075 6568
1075 5841
1075 5204
1075 3953
1075 3158
1075 2890
1075 2862
1075 2417
1075 2276
1075 2054
1075 1218
1075 1096
1075 1089
1075 8739
1075 8522
1075 7236
1075 5507
1075 5439
1075 4119
1075 3960
1075 3157
1075 2714
1075 2170
1075 2153
1075 1408
1075 1366
1075 8175
1075 6686
1075 3845
1075 1908
1076 8703
1076 5616
1076 5427
1076 2773
1076 1822
1076 8541
1076 8473
1076 8316
1076 7795
1076 7622
1076 6895
1076 6814
1076 5838
1076 5799
1076 5769
1076 5474
1076 5412
1076 5279
1076 3101
1076 3097
1076 3095
1076 2954
1076 2883
1076 2775
1076 2701
1076 2587
1076 2503
1076 2344
1076 2343
1076 2187
1076 1803
1076 1665
1076 1581
1076 1469
1076 1274
1076 2980
1077 6613
1077 5965
1077 5418
1077 5110
1077 3185
1077 8691
1077 8624
1077 8477
1077 8471
1077 8320
1077 8178
1077 7641
1077 5813
1077 5481
1077 5434
1077 5124
1077 4776
1077 3961
1077 3792
1077 3614
1077 3094
1077 3091
1077 2829
1077 2566
1077 2305
1077 2256
1077 1888
1077 1666
1077 1102
1077 8514
1077 8439
1077 7842
1077 7647
1077 4609
1077 3808
1077 2738
1077 2325
1077 1927
1078 8416
1078 5986
1078 7425
1078 7301
1078 7280
1078 4539
1078 4474
1078 3034
1078 2269
1078 1889
1078 1610
1078 8581
1078 8306
1078 8128
1078 7782
1078 7294
1078 5784
1078 5615
1078 5358
1078 5136
1078 5118
1078 5107
1078 4987
1078 4464
1078 4101
1078 2880
1078 2779
1078 2712
1078 1861
1078 1708
1078 1595
1079 8672
1079 7133
1079 6953
1079 5414
1079 5145
1079 3397
1079 3001
1079 2960
1079 8751
1079 8624
1079 8492
1079 8303
1079 8299
1079 8149
1079 5434
1079 5298
1079 5211
1079 3780
1079 3105
1079 3099
1079 2987
1079 2758
1079 2665
1079 2170
1079 1986
1079 1913
1079 1474
1079 1259
1079 1107
1079 8148
1079 5350
1079 3642
1079 3134
1080 8534
1080 7435
1080 5801
1080 4106
1080 2899
1080 2643
1080 2278
1080 8094
1080 7987
1080 5784
1080 5434
1080 5301
1080 4957
1080 4849
1080 4464
1080 2838
1080 2811
1080 2280
1080 1597
1080 1581
1080 3328
1081 7788
1081 6465
1081 5473
1081 3943
1081 3742
1081 3206
1081 3034
1081 2890
1081 2824
1081 2643
1081 2592
1081 1797
1081 1705
1081 1610
1081 8258
1081 8123
1081 7957
1081 7428
1081 7257
1081 7068
1081 6964
1081 5807
1081 5226
1081 2910
1081 2831
1081 1986
1082 8626
1082 4539
1082 8149
1082 7807
1082 7614
1082 7123
1082 6576
1082 5802
1082 5787
1082 5675
1082 5444
1082 5404
1082 5389
1082 5269
1082 2941
1082 2937
1082 2926
1082 2891
1082 2810
1082 2627
1082 2421
1082 2266
1082 2259
1082 1635
1082 1106
1082 8615
1082 8236
1082 5394
1082 4969
1082 3743
1082 3239
1082 2422
1082 1923
1082 1607
1082 1438
1082 1267
1083 8534
1083 8272
1083 7604
1083 7541
1083 5612
1083 5340
1083 5306
1083 5129
1083 4941
1083 3279
1083 2846
1083 2821
1083 1983
1083 1726
1083 8650
1083 8636
1083 8491
1083 8206
1083 8184
1083 7079
1083 6557
1083 6000
1083 5956
1083 5955
1083 5808
1083 5781
1083 5548
1083 5301
1083 5099
1083 4868
1083 4622
1083 4274
1083 3772
1083 3029
1083 2872
1083 2535
1083 2238
1083 2098
1083 1985
1083 1433
1083 1420
1084 8627
1084 7962
1084 7600
1084 6478
1084 5408
1084 5180
1084 2943
1084 8471
1084 8315
1084 8258
1084 6574
1084 5115
1084 4620
1084 4151
1084 3949
1084 3402
1084 2944
1084 2902
1084 2690
1084 2424
1084 2112
1084 2110
1084 1668
1084 1595
1084 1452
1084 1091
1084 5154
1085 5403
1085 2953
1085 1667
1085 1457
1085 8522
1085 8303
1085 8141
1085 7772
1085 5787
1085 5307
1085 5153
1085 5008
1085 4570
1085 3776
1085 2675
1085 2538
1085 1775
1085 1744
1085 1448
1085 1409
1085 1404
1085 1280
1085 1258
1085 1254
1085 1109
1085 6467
1085 5089
1085 4459
1085 3117
1085 2819
1085 2677
1085 2473
1085 1941
1085 1273
1085 1268
1086 8304
1086 7788
1086 7461
1086 5487
1086 4747
1086 3051
1086 2898
1086 2106
1086 1297
1086 8718
1086 8493
1086 8319
1086 8126
1086 7987
1086 7909
1086 7673
1086 7653
1086 7067
1086 6814
1086 6758
1086 5818
1086 5398
1086 5274
1086 5106
1086 4615
1086 3157
1086 2732
1086 2586
1086 2463
1086 2434
1086 2272
1086 2257
1086 1744
1086 1279
1086 1234
1086 1170
1086 1093
1086 7474
1087 8475
1087 8313
1087 5463
1087 3156
1087 2945
1087 2528
1087 2062
1087 1611
1087 1539
1087 1363
1087 8536
1087 8456
1087 8196
1087 7911
1087 5620
1087 5412
1087 5308
1087 5298
1087 5126
1087 5117
1087 5115
1087 4775
1087 4770
1087 3632
1087 3505
1087 2897
1087 2891
1087 2074
1087 1840
1087 1666
1087 1405
1087 1275
1087 1198
1087 1158
1087 1102
1087 1088
1087 8649
1087 8132
1087 2283
1088 7805
1088 7623
1088 6114
1088 6017
1088 5482
1088 5215
1088 5159
1088 4854
1088 3521
1088 2824
1088 2484
1088 1996
1088 1813
1088 1721
1088 8751
1088 8217
1088 8123
1088 7978
1088 7663
1088 5834
1088 5586
1088 5345
1088 5134
1088 4868
1088 3046
1088 3041
1088 2915
1088 2794
1088 2597
1088 2100
1088 1842
1088 1474
1088 1427
1088 5648
1088 5575
1088 2903
1088 2505
1089 6063
1089 8659
1089 7787
1089 5616
1089 4895
1089 4887
1089 2773
1089 2101
1089 1928
1089 1416
1089 8631
1089 8495
1089 8129
1089 7609
1089 7141
1089 5964
1089 5802
1089 5544
1089 4950
1089 3249
1089 3100
1089 2664
1089 2102
1089 1966
1089 1603
1090 7655
1090 7455
1090 5962
1090 5116
1090 4190
1090 3943
1090 2885
1090 2011
1090 1271
1090 7741
1090 7622
1090 5628
1090 5481
1090 5332
1090 5279
1090 4963
1090 4812
1090 4552
1090 3937
1090 3259
1090 2779
1090 2765
1090 2732
1090 2612
1090 2588
1090 2376
1090 2222
1090 1920
1090 1795
1090 1320
1090 1234
1090 8245
1090 6562
1090 5475
1090 1224
1090 1112
1091 8726
1091 8497
1091 8368
1091 8146
1091 7977
1091 5508
1091 3613
1091 2773
1091 2710
1091 2615
1091 2479
1091 2003
1091 1457
1091 8315
1091 8196
1091 8180
1091 8163
1091 6591
1091 5112
1091 4182
1091 3106
1091 2921
1091 2598
1091 1662
1091 1275
1091 1593
1092 5841
1092 5752
1092 5408
1092 4887
1092 3397
1092 3142
1092 3139
1092 1835
1092 1786
1092 1610
1092 1155
1092 8654
1092 8581
1092 8481
1092 8467
1092 8459
1092 8404
1092 8119
1092 7794
1092 7149
1092 6473
1092 5791
1092 4963
1092 4775
1092 3601
1092 2670
1092 1254
1092 1229
1092 8300
1092 1769
1092 1134
1093 6635
1093 7641
1093 6944
1093 6437
1093 5999
1093 5964
1093 5389
1093 5315
1093 5307
1093 5107
1093 4954
1093 4929
1093 3949
1093 3252
1093 3030
1093 2880
1093 2833
1093 2514
1093 2426
1093 1265
1093 1101
1093 8651
1093 8512
1093 8245
1093 7792
1093 7747
1093 5451
1093 4645
1093 3637
1093 2349
1093 2283
1093 1927
1093 1777
1094 6115
1094 7623
1094 5500
1094 5403
1094 5363
1094 4679
1094 2855
1094 2620
1094 1367
1094 1344
1094 8487
1094 8481
1094 8302
1094 8133
1094 7316
1094 6000
1094 5834
1094 5817
1094 5803
1094 5271
1094 5269
1094 3207
1094 3106
1094 3105
1094 2944
1094 2822
1094 2597
1094 1982
1094 1966
1095 8332
1095 8188
1095 5746
1095 5302
1095 5164
1095 4581
1095 3467
1095 3206
1095 2753
1095 2640
1095 2107
1095 2047
1095 1615
1095 8668
1095 7444
1095 7123
1095 6019
1095 5838
1095 5513
1095 5232
1095 4987
1095 4602
1095 4175
1095 3603
1095 3089
1095 2915
1095 2763
1095 2755
1095 2585
1095 2455
1095 2160
1095 1422
1095 1114
1096 8749
1096 8593
1096 8321
1096 5962
1096 5616
1096 4539
1096 3355
1096 3002
1096 2955
1096 2778
1096 2592
1096 2468
1096 2199
1096 1492
1096 1407
1096 8570
1096 8460
1096 8191
1096 8141
1096 7627
1096 6473
1096 5953
1096 5310
1096 5274
1096 5119
1096 3923
1096 2784
1096 2752
1096 2619
1096 2273
1096 2155
1096 1581
1096 1417
1096 1241
1097 8645
1097 5995
1097 5771
1097 5419
1097 1411
1097 8456
1097 8402
1097 8259
1097 7807
1097 7068
1097 5626
1097 5511
1097 5119
1097 4552
1097 2948
1097 2872
1097 2772
1097 2691
1097 2503
1097 2286
1097 2280
1097 2236
1097 1775
1097 8733
1097 5707
1097 4717
1097 3480
1097 3272
1097 2669
1098 8124
1098 7301
1098 7151
1098 3185
1098 3139
1098 1867
1098 1598
1098 8191
1098 7978
1098 7658
1098 6544
1098 5800
1098 5609
1098 5549
1098 5439
1098 5389
1098 5287
1098 5029
1098 4949
1098 4591
1098 3322
1098 3127
1098 3112
1098 3105
1098 2471
1098 1798
1098 1229
1098 1129
1098 1099
1098 7602
1098 7160
1098 6652
1098 5089
1098 4717
1098 3602
1098 2998
1098 2289
1098 2117
1099 5288
1099 5110
1099 2953
1099 8691
1099 8570
1099 8471
1099 8184
1099 8126
1099 7867
1099 6929
1099 5953
1099 5623
1099 5347
1099 4944
1099 4775
1099 3327
1099 2995
1099 2948
1099 2924
1099 2880
1099 2236
1099 2057
1099 2008
1099 1600
1099 7090
1099 6541
1099 6305
1099 5081
1099 3544
1099 1964
1099 1868
1099 1650
1099 1151
1099 1124
1100 8161
1100 3023
1100 2631
1100 1911
1100 8413
1100 5646
1100 1197
1101 2613
1101 8141
1101 7437
1101 6640
1101 6511
1101 5754
1101 5633
1101 5625
1101 5278
1101 5106
1101 4601
1101 4211
1101 1931
1101 1775
1101 8651
1101 8470
1101 7625
1101 7154
1101 5778
1101 5451
1101 4789
1101 3831
1101 2735
1101 1805
1102 8756
1102 4740
1102 4635
1102 3618
1102 3159
1102 2213
1102 2107
1102 2051
1102 1264
1102 1242
1102 1196
1102 8496
1102 8307
1102 8150
1102 8123
1102 7637
1102 7079
1102 6589
1102 6005
1102 5817
1102 5804
1102 5754
1102 5409
1102 5067
1102 4812
1102 4138
1102 3249
1102 2961
1102 2926
1102 2923
1102 2792
1102 2129
1102 1917
1102 1685
1102 1581
1102 1427
1102 1109
1102 8268
1103 8660
1103 7981
1103 6780
1103 6463
1103 5290
1103 4596
1103 3113
1103 2905
1103 2648
1103 2429
1103 2364
1103 2042
1103 1344
1103 1242
1103 8299
1103 8154
1103 7828
1103 7629
1103 7627
1103 5946
1103 5126
1103 3127
1103 2685
1103 2267
1103 1925
1103 1269
1103 8546
1103 8498
1103 1805
1103 1144
1104 5386
1104 5285
1104 5121
1104 3613
1104 1773
1104 7957
1104 7627
1104 7620
1104 5208
1104 5112
1104 3926
1104 3754
1104 2763
1104 2696
1104 1591
1104 1574
1104 1570
1104 1312
1104 8519
1104 8175
1104 7005
1104 2386
1104 2338
1105 4829
1105 4073
1105 1541
1106 8324
1106 8173
1106 5225
1106 4777
1106 3277
1106 2888
1106 8140
1106 8120
1106 5787
1106 5275
1106 5233
1106 4978
1106 4615
1106 3738
1106 2938
1106 2930
1106 2922
1106 2776
1106 2655
1106 2638
1106 2485
1106 1570
1106 1170
1106 8091
1106 4864
1106 3763
1106 2711
1106 2607
1106 1364
1107 5944
1107 2095
1107 1835
1107 8653
1107 8500
1107 8262
1107 8125
1107 7257
1107 6939
1107 6712
1107 6624
1107 6609
1107 6569
1107 6468
1107 5614
1107 5449
1107 5117
1107 4983
1107 3944
1107 3933
1107 3767
1107 3269
1107 3267
1107 3201
1107 2933
1107 2715
1107 2057
1107 1770
1107 1254
1107 8651
1107 8615
1107 8514
1107 8472
1107 7965
1107 4824
1107 3212
1107 2284
1108 8393
1108 2099
1108 8724
1108 8494
1108 7665
1108 2015
1108 1783
1108 1216
1108 7137
1108 3692
1109 8697
1109 8399
1109 7599
1109 5792
1109 5306
1109 3080
1109 8487
1109 8137
1109 7814
1109 5611
1109 5454
1109 5336
1109 5287
1109 5131
1109 4270
1109 3930
1109 2982
1109 2814
1109 2660
1109 2187
1109 1795
1109 1447
1109 8470
1109 5431
1109 1613
1110 8616
1111 8505
1111 8416
1111 6663
1111 1674
1111 1629
1111 8066
1111 5836
1111 5491
1111 5371
1111 5239
1111 3156
1111 3087
1111 3009
1111 2943
1111 2770
1111 1710
1112 8376
1112 8320
1112 8262
1112 8250
1112 8028
1112 7703
1112 7676
1112 5790
1112 4968
1112 4919
1112 3200
1112 2774
1112 2638
1112 2090
1112 2072
1112 1469
1112 5635
1112 3038
1112 2881
1112 2760
1112 2735
1112 2711
1112 2338
1113 1220
1113 3287
1113 2330
1113 2866
1114 8213
1114 7490
1114 7486
1114 5816
1114 5805
1114 4959
1114 4922
1114 2943
1114 2874
1114 1705
1114 1407
1114 8435
1114 7657
1114 6616
1114 5153
1114 4952
1114 3210
1114 3195
1114 3102
1114 3100
1114 2944
1114 2789
1114 2732
1114 2705
1114 1985
1114 1888
1114 1837
1114 6459
1114 3799
1115 8097
1115 8405
1115 7816
1115 4703
1115 2507
1116 6479
1116 2960
1116 2919
1116 1308
1116 8555
1116 6020
1116 5442
1116 4622
1116 4553
1116 3812
1116 3451
1116 3235
1116 2535
1116 2438
1116 2032
1116 1886
1116 1148
1117 4370
1117 3672
1117 2435
1117 2353
1117 8313
1117 6778
1117 6554
1117 6449
1117 5783
1117 5346
1117 4539
1117 4315
1117 3257
1117 3034
1117 2357
1117 1277
1118 6552
1119 8304
1119 7461
1119 7138
1119 7026
1119 5602
1119 4454
1119 4190
1119 3850
1119 2639
1119 2623
1119 2324
1119 1822
1119 1784
1119 1747
1119 8316
1119 8314
1119 7862
1119 7646
1119 7316
1119 5244
1119 5147
1119 5123
1119 4949
1119 4786
1119 4630
1119 4622
1119 3195
1119 3103
1119 3096
1119 2503
1119 2448
1119 2277
1119 1936
1119 1842
1119 1405
1119 1274
1119 1153
1119 7965
1120 7192
1120 8757
1120 8311
1120 7644
1120 6443
1120 6068
1120 5905
1120 4625
1120 2584
1120 1648
1120 5751
1120 5358
1120 5115
1120 3402
1120 2715
1120 1864
1121 5502
1121 8212
1121 6808
1121 6462
1121 5960
1121 5732
1121 5570
1121 5518
1121 2968
1121 3114
1121 3064
1121 2251
1122 7486
1122 7140
1122 6046
1122 5367
1122 4760
1122 1416
1122 8466
1122 8402
1122 8178
1122 5617
1122 5236
1122 5044
1122 1840
1122 1424
1123 7295
1123 5072
1123 5457
1123 5159
1123 2679
1123 1960
1124 8473
1124 8388
1124 7552
1124 6579
1124 5959
1124 5634
1124 5486
1124 5470
1124 5303
1124 5267
1124 5131
1124 5119
1124 4943
1124 4942
1124 3790
1124 3767
1124 3402
1124 2930
1124 2895
1124 2714
1124 2344
1124 2063
1124 1779
1124 1608
1124 8331
1124 5969
1124 5127
1124 3282
1124 2677
1124 2371
1124 2261
1125 8759
1125 8188
1125 8183
1125 6465
1125 5612
1125 4378
1125 2453
1125 2135
1125 1160
1125 6654
1125 1270
1126 7655
1126 5340
1126 3962
1126 3143
1126 2953
1126 2528
1126 2489
1126 2095
1126 8539
1126 8299
1126 8142
1126 8058
1126 7823
1126 7663
1126 5307
1126 5149
1126 3518
1126 3340
1126 2772
1126 2766
1126 2447
1126 2438
1126 2262
1126 2215
1126 2100
1126 2089
1126 1842
1126 1148
1126 5760
1126 5341
1126 5209
1126 4219
1126 2439
1126 1941
1127 8291
1127 7571
1127 6645
1127 5852
1127 7085
1127 6673
1127 5954
1127 5767
1127 3795
1127 2873
1128 4039
1128 3765
1128 3085
1128 8217
1128 3632
1128 1732
1129 5777
1129 5761
1129 2801
1129 2279
1129 1238
1129 8710
1129 8490
1129 8487
1129 8325
1129 8295
1129 8140
1129 8119
1129 7983
1129 6616
1129 5652
1129 5622
1129 5221
1129 5106
1129 4127
1129 3100
1129 2762
1129 1803
1129 1685
1129 1570
1129 8559
1129 5635
1129 5417
1129 1267
1130 8003
1130 7865
1130 3288
1130 8309
1130 7067
1130 3961
1130 3097
1130 3015
1130 5575
1130 2283
1131 8312
1131 6740
1131 5205
1131 3722
1131 3438
1131 2207
1131 8537
1131 8521
1131 7490
1131 6850
1131 5732
1131 3523
1131 2893
1131 8495
1131 8181
1131 8163
1131 7653
1131 6590
1131 5851
1131 5624
1131 4963
1131 3606
1131 2634
1131 2571
1131 2273
1131 2224
1131 2172
1131 2091
1131 1425
1132 8745
1132 8637
1132 7285
1132 5949
1132 3366
1132 2228
1132 5575
1132 5326
1132 4921
1132 4586
1132 4133
1132 1396
1132 1307
1132 1896
1133 4292
1133 8183
1133 7616
1133 7233
1133 5798
1133 4971
1133 1843
1133 1807
1133 1525
1133 4095
1133 3083
1133 2730
1133 1981
1134 7068
1134 6707
1134 5227
1134 5112
1134 4115
1134 3929
1134 3713
1134 2931
1134 2608
1134 2585
1134 2581
1134 2187
1134 1636
1134 1464
1134 5806
1134 3711
1134 3023
1134 2446
1134 2360
1134 2183
1135 7977
1135 6462
1135 5767
1135 5612
1135 3044
1135 2955
1135 2826
1135 1631
1135 1263
1135 8560
1135 5923
1135 3096
1135 2856
1135 1425
1135 1356
1135 1170
1135 5996
1135 5778
1135 3475
1135 2536
1136 4292
1136 4206
1136 4071
1137 8146
1137 4594
1137 3965
1137 8365
1137 7676
1137 5968
1137 3788
1137 3289
1137 2792
1137 1518
1137 7474
1138 7133
1138 3257
1138 2846
1138 1602
1138 8392
1138 8309
1138 8226
1138 7067
1138 6571
1138 6448
1138 5956
1138 5293
1138 5277
1138 4982
1138 4952
1138 4932
1138 4630
1138 3623
1138 2691
1138 2437
1138 2273
1138 2208
1138 2155
1138 2098
1138 1780
1138 1583
1138 1452
1138 6686
1138 5509
1138 3703
1138 2673
1138 2553
1138 2473
1138 2369
1138 2067
1138 1240
1139 7633
1139 7128
1139 5798
1139 5636
1139 1916
1139 8595
1139 7634
1139 6814
1139 6626
1139 6589
1139 5835
1139 5804
1139 4746
1139 3226
1139 2942
1139 2423
1139 1936
1139 1873
1139 1666
1139 1584
1139 1435
1139 1280
1139 5831
1139 3066
1139 2544
1140 7978
1140 7893
1140 7862
1140 7629
1140 6619
1140 5859
1140 5797
1140 5718
1140 5481
1140 5434
1140 5404
1140 5270
1140 4603
1140 4602
1140 1700
1140 1676
1140 1254
1140 1165
1140 4894
1140 3845
1140 3528
1140 3067
1140 2832
1140 2669
1140 2067
1141 7030
1141 6382
1141 8722
1141 4860
1141 7824
1142 8217
1142 7452
1142 7257
1142 5441
1142 5147
1142 4469
1142 2937
1142 2781
1142 2424
1142 2091
1142 1921
1142 1771
1142 1595
1142 8394
1142 8370
1142 3184
1142 2918
1142 2760
1142 1769
1143 6488
1143 3438
1143 7805
1143 5944
1143 5771
1143 3968
1143 3523
1143 2992
1143 2054
1143 1439
1143 8495
1143 6939
1143 6814
1143 6397
1143 5772
1143 5434
1143 4932
1143 4110
1143 3754
1143 3137
1143 2920
1143 2691
1143 2376
1143 2046
1143 2002
1144 8720
1144 5776
1144 5268
1144 3937
1144 3401
1144 3136
1144 2937
1144 2271
1144 2008
1144 1272
1144 1250
1144 7822
1144 3845
1144 2751
1144 1699
1144 1499
1145 5826
1145 5202
1145 2160
1145 8300
1145 8211
1145 3809
1145 2998
1145 2952
1145 1441
1145 6503
1145 5823
1145 1152
1146 4269
1146 3817
1147 8491
1147 8409
1147 8186
1147 8123
1147 7777
1147 7635
1147 6589
1147 5226
1147 5136
1147 3099
1147 3029
1147 2816
1147 1918
1147 1866
1147 1635
1147 1496
1147 5338
1147 4733
1147 4609
1147 3808
1147 3743
1147 3642
1147 3610
1147 2365
1147 1224
1148 7133
1148 7113
1148 5612
1148 5292
1148 3742
1148 8493
1148 7453
1148 7444
1148 6944
1148 5274
1148 5008
1148 4812
1148 3091
1148 2257
1148 1715
1148 1579
1148 8514
1148 4459
1148 3711
1149 6908
1149 5373
1149 3489
1149 4446
1149 3582
1150 8662
1150 1571
1151 8257
1151 8158
1151 7658
1151 7298
1151 6468
1151 5282
1151 5271
1151 4210
1151 3949
1151 3790
1151 2638
1151 2105
1151 1910
1151 1603
1151 1425
1151 8175
1151 8164
1151 7597
1151 7564
1151 6469
1151 5417
1151 3637
1151 2877
1151 2284
1151 1240
1152 5969
1152 5400
1152 2972
1152 7073
1153 1196
1153 5429
1153 4949
1153 4932
1153 4668
1153 3233
1153 2507
1153 7412
1153 4577
1153 4130
1153 4029
1153 3934
1153 2261
1153 2069
1153 1156
1155 8074
1155 6953
1155 5833
1155 5750
1155 5164
1155 3612
1155 3320
1155 3080
1155 2537
1155 7472
1155 7012
1155 5633
1155 4985
1155 3201
1155 2810
1155 2728
1155 2093
1156 8295
1156 8201
1156 6614
1156 5486
1156 5445
1156 3264
1156 3124
1156 2947
1156 1474
1156 1330
1156 7696
1156 5759
1156 5475
1156 3545
1156 1559
1157 2328
1157 7213
1157 1646
1157 1571
1158 7976
1158 5966
1158 5612
1158 4787
1158 4106
1158 3277
1158 3139
1158 3113
1158 2702
1158 2640
1158 2429
1158 1245
1158 1192
1158 8460
1158 8259
1158 8158
1158 8154
1158 8125
1158 7867
1158 7862
1158 7614
1158 7168
1158 6919
1158 6000
1158 5949
1158 5449
1158 5289
1158 5080
1158 4917
1158 3105
1158 2781
1158 2129
1158 1426
1158 1259
1158 4750
1158 2669
1159 3079
1159 7216
1160 3648
1160 8484
1160 7974
1160 5789
1160 4959
1160 3958
1160 3956
1160 3206
1160 2960
1160 1721
1160 7123
1160 7067
1160 5762
1160 5634
1160 3100
1160 2961
1160 2902
1160 2777
1160 1502
1161 3128
1161 2435
1161 7355
1161 5140
1161 4778
1161 3760
1161 2313
1161 1905
1161 1213
1161 7814
1161 7742
1161 5101
1161 4552
1161 2748
1161 1895
1161 1406
1162 1328
1162 6520
1162 1854
1162 7841
1162 4985
1163 8541
1163 8335
1163 7657
1163 5955
1163 5797
1163 5434
1163 5335
1163 5008
1163 4622
1163 4621
1163 3772
1163 2794
1163 2706
1163 2674
1163 2160
1163 2008
1163 1279
1163 8268
1163 3232
1163 3144
1163 2864
1163 2422
1163 2349
1163 1769
1163 1267
1164 8677
1164 8118
1164 5149
1164 4892
1164 4763
1164 4276
1164 1423
1164 1331
1164 7767
1164 7494
1164 4133
1164 3328
1164 1890
1164 1759
1164 1252
1164 1877
1165 5574
1165 5239
1165 3931
1165 2773
1165 2213
1165 1631
1165 1415
1165 8490
1165 8351
1165 8168
1165 8163
1165 8118
1165 7862
1165 7299
1165 5775
1165 5625
1165 5608
1165 5549
1165 4770
1165 4707
1165 4187
1165 4067
1165 3147
1165 1931
1165 1767
1165 8386
1165 6483
1165 4624
1165 2988
1165 2505
1165 2493
1165 1650
1166 8037
1166 8484
1166 4385
1166 4346
1166 3655
1166 3397
1166 8297
1166 7141
1166 5946
1166 5607
1166 3249
1166 3127
1166 2079
1167 5752
1167 3771
1167 2276
1167 8039
1167 7622
1167 7620
1167 7236
1167 5963
1167 5807
1167 5608
1167 5404
1167 3756
1167 3137
1167 2535
1167 2228
1167 1715
1167 5380
1167 5085
1167 3537
1168 8124
1168 7233
1168 5105
1168 4563
1168 2953
1168 2850
1168 2528
1168 2268
1168 2213
1168 1403
1168 8751
1168 8302
1168 8263
1168 7832
1168 7182
1168 7040
1168 5818
1168 5303
1168 4615
1168 3255
1168 2810
1168 2741
1168 2310
1168 1775
1168 1259
1168 8498
1168 8439
1168 3212
1168 2350
1168 1938
1169 8162
1169 7976
1169 4955
1169 4474
1169 8476
1169 8325
1169 8257
1169 7872
1169 6591
1169 4603
1169 2286
1169 2248
1169 1350
1169 1272
1169 1180
1169 6495
1169 1911
1169 1400
1170 5346
1170 5288
1170 5281
1170 1415
1170 8723
1170 8581
1170 8409
1170 7317
1170 5629
1170 5551
1170 5440
1170 5434
1170 5113
1170 4919
1170 4873
1170 4138
1170 2954
1170 2946
1170 2811
1170 2765
1170 2690
1170 2664
1170 2602
1170 2272
1170 1608
1170 8308
1170 6135
1170 3831
1170 2553
1171 8299
1171 8140
1171 7288
1171 3788
1171 2596
1171 1798
1171 8156
1171 6453
1171 5639
1171 2860
1171 1438
1171 1281
1172 8630
1172 1466
1172 8655
1172 7756
1172 7679
1172 4774
1172 4383
1172 2953
1172 2086
1172 1667
1172 8351
1172 8292
1172 8168
1172 7292
1172 7072
1172 5626
1172 3767
1172 3754
1172 2838
1173 1328
1173 7644
1173 3158
1173 3155
1173 2506
1173 1631
1173 1598
1173 7632
1173 7132
1173 5632
1173 3785
1173 3131
1173 2424
1173 1700
1174 6635
1174 6571
1174 5772
1174 5287
1174 5202
1174 4570
1174 3859
1174 3105
1174 2593
1174 2503
1174 2343
1174 5212
1174 4609
1174 2606
1175 8481
1175 3780
1175 2915
1175 2900
1175 1608
1175 8308
1175 3231
1175 3691
1175 3072
1176 6796
1176 3801
1176 3615
1176 8313
1176 8304
1176 8112
1176 7817
1176 5636
1176 2453
1176 2054
1176 5474
1176 4707
1177 6468
1177 3935
1177 2421
1177 8498
1177 2281
1177 1908
1180 8292
1180 4582
1180 8300
1180 1969
1180 1369
1180 1273
1181 4795
1181 4375
1181 7482
1181 6785
1182 5316
1182 4858
1182 2468
1185 8659
1185 5116
1185 4960
1185 2313
1185 8570
1185 8529
1185 8482
1185 7691
1185 6549
1185 5614
1185 4115
1185 3949
1185 2733
1185 1779
1185 1258
1185 6686
1185 3126
1185 1699
1186 2574
1186 8596
1186 8364
1187 4780
1187 2047
1187 8619
1187 5741
1187 4702
1187 4637
1187 4078
1190 7788
1190 3299
1190 3092
1190 2936
1190 2687
1190 2646
1190 2427
1190 1444
1190 1415
1190 8751
1190 8409
1190 8388
1190 8299
1190 8252
1190 7635
1190 7298
1190 6707
1190 6640
1190 6589
1190 5770
1190 5634
1190 5008
1190 3089
1190 2743
1190 2110
1190 1776
1190 1447
1190 5475
1191 7859
1191 7422
1191 7124
1192 8630
1192 8291
1192 2590
1192 8521
1192 7463
1192 7311
1192 5570
1192 4383
1192 4046
1192 3821
1192 3760
1192 3244
1192 2955
1192 2884
1192 2778
1192 2726
1192 2645
1192 2092
1192 8658
1192 6473
1192 4892
1192 2895
1192 2880
1192 1981
1192 1767
1192 1708
1193 5985
1193 3698
1193 2278
1193 2178
1193 6681
1193 5244
1193 5126
1193 4274
1193 3706
1193 3606
1193 2556
1193 8531
1193 5846
1193 4717
1193 4572
1193 2466
1194 7998
1194 8324
1194 7439
1194 5420
1194 5129
1194 3510
1194 3262
1194 3156
1194 3087
1194 2770
1194 2199
1194 8491
1194 8138
1194 8137
1194 7832
1194 5474
1194 3779
1194 3269
1194 3081
1194 2629
1194 2214
1194 1909
1194 1772
1195 5706
1195 2519
1195 8655
1195 7810
1195 7128
1195 7026
1195 6015
1195 5795
1195 4955
1195 4185
1195 3777
1195 2679
1195 2623
1195 2218
1195 8739
1195 8493
1195 8297
1195 7653
1195 7531
1195 7309
1195 5956
1195 5779
1195 5632
1195 5409
1195 5315
1195 5278
1195 4160
1195 2675
1195 2571
1195 2434
1196 8740
1196 8165
1196 8112
1196 7925
1196 5196
1196 3400
1196 2429
1196 2412
1196 8309
1196 8119
1196 7987
1196 7068
1196 6809
1196 6641
1196 6581
1196 6065
1196 4707
1196 4464
1196 3623
1196 3046
1196 2776
1196 2774
1196 2766
1196 1586
1196 1274
1197 8649
1197 7201
1197 6018
1197 4799
1197 8106
1197 6503
1197 1460
1198 7151
1198 1230
1198 8488
1198 7893
1198 7609
1198 5839
1198 5631
1198 5517
1198 4942
1198 3603
1198 3105
1198 2938
1198 2932
1198 2259
1198 2105
1198 1774
1198 1586
1198 5135
1198 5081
1198 4459
1198 3759
1198 3066
1198 1671
1201 5231
1201 2739
1201 2061
1201 8260
1201 8113
1201 7490
1201 7313
1201 6292
1201 5419
1201 2966
1201 1791
1201 8652
1201 5620
1201 4607
1202 5976
1202 1300
1202 8327
1202 3534
1202 2630
1202 1946
1203 2452
1203 7953
1203 7641
1203 5609
1203 5454
1203 5447
1203 5111
1203 4953
1203 4930
1203 4552
1203 4109
1203 3792
1203 3136
1203 3106
1203 2957
1203 2781
1203 2598
1203 2567
1203 2437
1203 2259
1203 2115
1203 2072
1203 1767
1203 1588
1203 1464
1203 7612
1203 2864
1203 2399
1203 2325
1206 5239
1206 3695
1206 3467
1206 8650
1206 8539
1206 8474
1206 7751
1206 7103
1206 6559
1206 5153
1206 4622
1206 3930
1206 3252
1206 3229
1206 2187
1206 1812
1206 1604
1207 7526
1207 4863
1207 4819
1207 2526
1208 8755
1208 6579
1208 5277
1208 2566
1208 1660
1208 1330
1208 8377
1208 8268
1208 6495
1208 4014
1208 3858
1208 2606
1208 2422
1208 2103
1208 2861
1211 4787
1211 4185
1211 1971
1211 8536
1211 7648
1211 7399
1211 6641
1211 6473
1211 5347
1211 2102
1211 1662
1211 1600
1211 7979
1211 7386
1211 6445
1211 4969
1211 4572
1212 5558
1213 7877
1213 7410
1213 4113
1213 3837
1213 3539
1213 2024
1213 2011
1213 8595
1213 7777
1213 5218
1213 2703
1215 8011
1215 1401
1215 3588
1215 1794
1216 5459
1216 5286
1216 2512
1216 6004
1216 3436
1218 8221
1218 4780
1218 6019
1218 5507
1218 5200
1218 4078
1218 3701
1218 2999
1218 2277
1218 2153
1219 3957
1219 8157
1219 7124
1219 6804
1219 4345
1219 3251
1219 1569
1220 6441
1220 5736
1220 8327
1220 7943
1220 7832
1220 7168
1220 6436
1220 5859
1220 4614
1220 2921
1220 1330
1220 7901
1220 7607
1220 5933
1220 3858
1220 3602
1221 5094
1221 4974
1221 3533
1221 3246
1221 2197
1221 2168
1221 5464
1221 3753
1221 2765
1221 2320
1221 1774
1223 3545
1223 2446
1223 1731
1224 6589
1224 5444
1224 5429
1224 5282
1224 3832
1224 3516
1224 2923
1224 2604
1224 1776
1224 4561
1224 4219
1224 3268
1224 2607
1224 2184
1224 1364
1225 7638
1225 6041
1225 4940
1225 1974
1225 8458
1225 7809
1225 7658
1225 7405
1225 5764
1225 4621
1225 4592
1225 4582
1225 7822
1225 3803
1225 3232
1225 2355
1226 5055
1226 7769
1226 6145
1226 5578
1226 1671
1228 8584
1228 7439
1228 3315
1228 2697
1228 8716
1228 2723
1228 1582
1229 6635
1229 5306
1229 4282
1229 2084
1229 8728
1229 8486
1229 8216
1229 8195
1229 5628
1229 5222
1229 4170
1229 4109
1229 3939
1229 3131
1229 3115
1229 3101
1229 2932
1229 2743
1229 2423
1229 1920
1229 1274
1229 2451
1230 7021
1230 6953
1230 4959
1230 3523
1230 2874
1230 2680
1230 2622
1230 1705
1230 1695
1230 1640
1230 8458
1230 7987
1230 7975
1230 7629
1230 7317
1230 7068
1230 5766
1230 5754
1230 5122
1230 4953
1230 4939
1230 3814
1230 3772
1230 2695
1230 2571
1230 2474
1230 2434
1230 1665
1231 7514
1231 5811
1231 5337
1231 4576
1231 3009
1231 1782
1231 1610
1231 8289
1231 8076
1231 7683
1231 5409
1231 2612
1231 1656
1233 2828
1233 4534
1233 4078
1233 3717
1233 2173
1234 5795
1234 5148
1234 8668
1234 8624
1234 8459
1234 6624
1234 5741
1234 5029
1234 3755
1234 2264
1234 2112
1234 1840
1234 1767
1234 1589
1234 8551
1234 7802
1234 5831
1234 4789
1234 4192
1234 3515
1234 3480
1234 2473
1234 1355
1235 8272
1235 7541
1235 6043
1235 5786
1235 5408
1235 5204
1235 4955
1235 4769
1235 2919
1235 1444
1235 8485
1235 8170
1235 7620
1235 7531
1235 7469
1235 7317
1235 7012
1235 5802
1235 5481
1235 3822
1235 3783
1235 3229
1235 2987
1235 2933
1235 2927
1235 2827
1235 2449
1235 2424
1235 2421
1235 2280
1235 2112
1235 2082
1235 1959
1235 1570
1235 1427
1236 8667
1236 8174
1236 1573
1236 4745
1236 4634
1236 3944
1236 3270
1236 2227
1236 2150
1236 1852
1236 7822
1236 6209
1237 7848
1237 2543
1237 2336
1237 2010
1237 5341
1237 2398
1238 8526
1238 8497
1238 7623
1238 5281
1238 5139
1238 5116
1238 3355
1238 2888
1238 2815
1238 1610
1238 8739
1238 8636
1238 8485
1238 8330
1238 6641
1238 6000
1238 5864
1238 4934
1238 4165
1238 4067
1238 3961
1238 3926
1238 3753
1238 3030
1238 2610
1238 2608
1238 2145
1238 1780
1238 1645
1238 1427
1239 8628
1239 8486
1239 8467
1239 5122
1239 5104
1239 4791
1239 4186
1239 3632
1239 3105
1239 2921
1239 2827
1239 2706
1239 2498
1239 2274
1239 2098
1239 1840
1239 1608
1239 1409
1239 5146
1239 4733
1239 1613
1240 8493
1240 8122
1240 8120
1240 7485
1240 7068
1240 6640
1240 6566
1240 5581
1240 5497
1240 5284
1240 5149
1240 5109
1240 4188
1240 3137
1240 3103
1240 3091
1240 2833
1240 1863
1240 1861
1240 1776
1240 1645
1240 6541
1240 5639
1240 4505
1240 3545
1240 2621
1241 8159
1241 5543
1241 5381
1241 5196
1241 3350
1241 2966
1241 1822
1241 1773
1241 1344
1241 8378
1241 8140
1241 7609
1241 6758
1241 6712
1241 6065
1241 4949
1241 4933
1241 4919
1241 3402
1241 3046
1241 3024
1241 2701
1241 2444
1241 2208
1241 2129
1241 1946
1241 1780
1241 1666
1241 1595
1242 7765
1242 6088
1242 4738
1242 5638
1242 3951
1242 2846
1242 1439
1242 8440
1242 7642
1243 7571
1243 6961
1243 3722
1243 1462
1243 7967
1243 6060
1243 4479
1243 4190
1243 2966
1243 2511
1243 1983
1243 1792
1243 1428
1243 7477
1243 6929
1243 5802
1243 5790
1243 5109
1243 2627
1243 2474
1244 5422
1244 4869
1244 4679
1244 3286
1244 3001
1244 2387
1244 2219
1244 8128
1244 7182
1244 7129
1244 5620
1244 5458
1244 5257
1244 5226
1244 5216
1244 4985
1244 4939
1244 4621
1244 4324
1244 3793
1244 2822
1244 2810
1244 2765
1244 2686
1244 1986
1244 1946
1244 1772
1244 1431
1244 3809
1245 8517
1245 7439
1245 5761
1245 5285
1245 3521
1245 2953
1245 2148
1245 5781
1245 5399
1245 5289
1245 4973
1245 4939
1245 3923
1245 3195
1245 3106
1245 2859
1245 2810
1245 2498
1245 2172
1245 1401
1246 8673
1246 8447
1246 8340
1246 8749
1246 8484
1246 7026
1246 7021
1246 6763
1246 5841
1246 5811
1246 5789
1246 5516
1246 5427
1246 3766
1246 3025
1246 2613
1246 2605
1246 2364
1246 1869
1246 5629
1246 3039
1246 2816
1246 2434
1246 2271
1246 1936
1246 1926
1247 8672
1247 8332
1247 1560
1247 1308
1247 5947
1247 5468
1247 5404
1247 5395
1247 3762
1247 3754
1247 3645
1247 2917
1247 2434
1247 1864
1247 1589
1247 7769
1247 7740
1247 3769
1247 3063
1247 2140
1248 8118
1248 7893
1248 7437
1248 5312
1248 2787
1248 5637
1248 5328
1248 2820
1248 1892
1248 1777
1248 1313
1249 5204
1249 4479
1249 3765
1249 1670
1249 8532
1249 8469
1249 8142
1249 7777
1249 7129
1249 5308
1249 5296
1249 3603
1249 3108
1249 3094
1249 2932
1249 2930
1249 2913
1249 2755
1249 1636
1249 1537
1249 1406
1249 8370
1249 8164
1249 8064
1249 4817
1249 4547
1249 1703
1250 8593
1250 8332
1250 6463
1250 5810
1250 5621
1250 4089
1250 3612
1250 3490
1250 3129
1250 2753
1250 2484
1250 2077
1250 8252
1250 8178
1250 7794
1250 7428
1250 6589
1250 5472
1250 5029
1250 3929
1250 3162
1250 2789
1250 2774
1250 2628
1250 1636
1250 1537
1250 8300
1250 4624
1250 2309
1250 1613
1251 7937
1251 8630
1251 4503
1251 1445
1252 3780
1252 2940
1252 8189
1252 3038
1252 2140
1252 6048
1252 3691
1252 3649
1253 7455
1253 6012
1253 2158
1253 1610
1253 5957
1253 5613
1253 4788
1253 1582
1254 8633
1254 4597
1254 4454
1254 2429
1254 1807
1254 1407
1254 8677
1254 8378
1254 8299
1254 8262
1254 8206
1254 5765
1254 5625
1254 5618
1254 3103
1254 2993
1254 2935
1254 2843
1254 2776
1254 2767
1254 2763
1254 2675
1254 7454
1254 3543
1254 2430
1255 8759
1255 8756
1255 8749
1255 8703
1255 8179
1255 7599
1255 7523
1255 6465
1255 5795
1255 5774
1255 4971
1255 4635
1255 4102
1255 3277
1255 2919
1255 2249
1255 2122
1255 2051
1255 1407
1255 8135
1255 7983
1255 7823
1255 6614
1255 5956
1255 5785
1255 5754
1255 5749
1255 5481
1255 5308
1255 4788
1255 4668
1255 3603
1255 2883
1255 2836
1255 2201
1255 2030
1255 1464
1255 1270
1256 7649
1256 2204
1257 7925
1257 6140
1257 4882
1257 2370
1257 2319
1257 2174
1257 2042
1257 1643
1257 8250
1257 7657
1257 7626
1257 6616
1257 6584
1257 6105
1257 5828
1257 5058
1257 5035
1257 3814
1257 3016
1257 2664
1257 3068
1257 2050
1258 7599
1258 8388
1258 8206
1258 8138
1258 6468
1258 5955
1258 5840
1258 5741
1258 5632
1258 5008
1258 4859
1258 4702
1258 3949
1258 3693
1258 2841
1258 2634
1258 2089
1258 2081
1258 1630
1258 1589
1258 6622
1258 5007
1258 4799
1258 4733
1258 3544
1258 3066
1258 3056
1258 2877
1258 2381
1258 2349
1259 8326
1259 7788
1259 5970
1259 5285
1259 4679
1259 4675
1259 4474
1259 3139
1259 2643
1259 1667
1259 8500
1259 8163
1259 7867
1259 6579
1259 5804
1259 5796
1259 5548
1259 4187
1259 4041
1259 3826
1259 3122
1259 3061
1259 2777
1259 2776
1259 2772
1259 2634
1259 2583
1259 1588
1259 8615
1259 8559
1259 5778
1259 5089
1259 4014
1259 3272
1259 3003
1259 2751
1259 1266
1260 7311
1260 4557
1260 2639
1260 2589
1260 8555
1260 8491
1260 8373
1260 7828
1260 5864
1260 5803
1260 5643
1260 5469
1260 5335
1260 5108
1260 3078
1260 2895
1260 1817
1260 1812
1261 8181
1261 6775
1261 5749
1261 2030
1261 8293
1261 6164
1261 2216
1261 1384
1262 5175
1262 8473
1262 8012
1262 7794
1262 6707
1262 6036
1262 4210
1262 2982
1262 1685
1262 5338
1262 5217
1263 8069
1263 8066
1263 7633
1263 5159
1263 2951
1263 2605
1263 1944
1263 8751
1263 8487
1263 7823
1263 7168
1263 5787
1263 5476
1263 3152
1263 2916
1263 2619
1263 2434
1263 2310
1263 1646
1263 1474
1264 8155
1264 8744
1264 8521
1264 7925
1264 6965
1264 5657
1264 5386
1264 5110
1264 3777
1264 2278
1264 2106
1264 1631
1264 8409
1264 8259
1264 8225
1264 7742
1264 7634
1264 7624
1264 7213
1264 5956
1264 5835
1264 5614
1264 5449
1264 4771
1264 3781
1264 3112
1264 2841
1264 2222
1264 2150
1264 2089
1264 2072
1265 8099
1265 5239
1265 4539
1265 3770
1265 3698
1265 3618
1265 2084
1265 2003
1265 8653
1265 8636
1265 8535
1265 7126
1265 7072
1265 6966
1265 6579
1265 6442
1265 6026
1265 5961
1265 5756
1265 3402
1265 2895
1265 2187
1265 8064
1265 4572
1265 3294
1266 8473
1266 8456
1266 7782
1266 8705
1266 8463
1266 7647
1266 4768
1266 1441
1266 4213
1267 5864
1267 5358
1267 5282
1267 5280
1267 5147
1267 5029
1267 3089
1267 2941
1267 2619
1267 8439
1267 7917
1267 4921
1267 4799
1267 4014
1267 2760
1267 2659
1267 2473
1267 2422
1267 1949
1267 1641
1267 7847
1267 6302
1268 7800
1268 7306
1268 7294
1268 6506
1268 5864
1268 5800
1268 5310
1268 4601
1268 2947
1268 2787
1268 2624
1268 2535
1268 2503
1268 2267
1268 1910
1268 1404
1268 1269
1268 8268
1268 8061
1268 8029
1268 6652
1268 6145
1268 3056
1268 3033
1268 2285
1269 5487
1269 2592
1269 2453
1269 2051
1269 1416
1269 8168
1269 8128
1269 6614
1269 6576
1269 5999
1269 5955
1269 5618
1269 5615
1269 5345
1269 5259
1269 4953
1269 4945
1269 4944
1269 4933
1269 2707
1269 1420
1269 8377
1269 7905
1269 6697
1269 4024
1269 3268
1269 3063
1269 2980
1270 8726
1270 8648
1270 8475
1270 7980
1270 7826
1270 7151
1270 5713
1270 5518
1270 3400
1270 2429
1270 1792
1270 1643
1270 8565
1270 6432
1270 5632
1270 5620
1270 5429
1270 4954
1270 4276
1270 3754
1270 3157
1270 3115
1270 3089
1270 2956
1270 2941
1270 2916
1270 2879
1270 2811
1270 2523
1270 2008
1270 5081
1270 2738
1271 6488
1271 3539
1271 6924
1271 5636
1271 4019
1271 3599
1271 2622
1271 1631
1271 8195
1271 7953
1271 7814
1271 7764
1271 7676
1271 6897
1271 4620
1271 4464
1271 2902
1271 2789
1271 2776
1271 2655
1271 2194
1272 5944
1272 5346
1272 8376
1272 7956
1272 7777
1272 7417
1272 6557
1272 5799
1272 5640
1272 5294
1272 3942
1272 3077
1272 2921
1272 2845
1272 2474
1272 2343
1272 2286
1272 1982
1272 8374
1272 4912
1272 2466
1272 1341
1273 8465
1273 8201
1273 7683
1273 7299
1273 7079
1273 5131
1273 5029
1273 3345
1273 2942
1273 2937
1273 2763
1273 2762
1273 2716
1273 2581
1273 1774
1273 8738
1273 4337
1273 2349
1273 1364
1273 3237
1274 7423
1274 6702
1274 5960
1274 5199
1274 3286
1274 2357
1274 2122
1274 8658
1274 8640
1274 8565
1274 8468
1274 6758
1274 5808
1274 5497
1274 5385
1274 5269
1274 5124
1274 3137
1274 3094
1274 3030
1274 2732
1274 2102
1274 2030
1274 1842
1274 1586
1274 1405
1274 1401
1274 3799
1275 3655
1275 8739
1275 8471
1275 7012
1275 6624
1275 5766
1275 5756
1275 4622
1275 4592
1275 3930
1275 3108
1275 3029
1275 2922
1275 2794
1275 2752
1275 1635
1275 6686
1275 5760
1275 5417
1275 2399
1276 6548
1276 7415
1276 7403
1276 4040
1276 3320
1276 2226
1276 2165
1276 2004
1277 8213
1277 5237
1277 2580
1277 1745
1277 8329
1277 8225
1277 8145
1277 6589
1277 6523
1277 5511
1277 5282
1277 5211
1277 3252
1277 3115
1277 2593
1277 1279
1278 5127
1278 3594
1279 7457
1279 4474
1279 3956
1279 2412
1279 1624
1279 8625
1279 8469
1279 8261
1279 7306
1279 5859
1279 5486
1279 5298
1279 5229
1279 5119
1279 4041
1279 3112
1279 3062
1279 2927
1279 2811
1279 2696
1279 2624
1279 2581
1279 2160
1279 1586
1279 4750
1280 8324
1280 8247
1280 2846
1280 2291
1280 1363
1280 8474
1280 8329
1280 7978
1280 7795
1280 7294
1280 6616
1280 5968
1280 5835
1280 5474
1280 5458
1280 5271
1280 5222
1280 4944
1280 4920
1280 4099
1280 4067
1280 3029
1280 2915
1280 2705
1280 2320
1280 1666
1280 1656
1280 1608
1280 1422
1280 8300
1280 8156
1280 7602
1280 5402
1280 2894
1281 8029
1281 5368
1281 3747
1281 8520
1281 2569
1282 7844
1282 4124
1282 6717
1283 5410
1283 2404
1283 7499
1284 3692
1285 5832
1285 5771
1285 4882
1285 4605
1285 3521
1285 2073
1285 2054
1285 1833
1285 2695
1287 3219
1288 6593
1289 6699
1290 6111
1290 1349
1290 4263
1290 2206
1290 6060
1290 4567
1290 4190
1290 2524
1290 2226
1292 3465
1293 2647
1293 8078
1295 2255
1295 3871
1296 7389
1296 3654
1297 8097
1297 8183
1297 8146
1297 7461
1297 5757
1297 4443
1297 4185
1297 2973
1297 2531
1297 2200
1297 1996
1297 8628
1297 8126
1297 7596
1297 5474
1297 4211
1297 2105
1297 1772
1297 1420
1298 4428
1299 6078
1299 4299
1299 4060
1300 8108
1300 7848
1300 4984
1301 6756
1301 4599
1301 1386
1302 2896
1302 8102
1302 4715
1302 3777
1302 2442
1302 1905
1302 1726
1302 7485
1302 7292
1302 2856
1302 2638
1302 1565
1302 1420
1303 6751
1303 3549
1303 7233
1305 2904
1305 3951
1305 3397
1305 2506
1305 5981
1305 1451
1306 4528
1306 1383
1307 7247
1307 6640
1307 2940
1307 2712
1307 2116
1307 1838
1307 7914
1307 5247
1307 5209
1307 3851
1307 2103
1307 1950
1307 7988
1307 1796
1308 8422
1308 8548
1308 6607
1308 4675
1308 3526
1308 3471
1308 2245
1308 7469
1308 3822
1308 3341
1308 2610
1308 1627
1310 6949
1310 7313
1310 4971
1310 4180
1310 3655
1310 3253
1310 2709
1310 8652
1310 5265
1310 3527
1311 2402
1312 4576
1312 4350
1312 3315
1312 8716
1312 8181
1312 7797
1312 6897
1312 5964
1312 5122
1312 4963
1312 3946
1312 3591
1312 3256
1312 1635
1312 8038
1312 7474
1312 5369
1312 2466
1313 8560
1313 7288
1313 5808
1313 4195
1313 3264
1313 3114
1313 6952
1313 3545
1313 5748
1313 2327
1314 4758
1315 5260
1315 6585
1315 4892
1315 4211
1315 3163
1315 2534
1315 2257
1315 1626
1315 5178
1315 4246
1318 1646
1318 7752
1318 7160
1318 6459
1318 4130
1318 1890
1318 1751
1318 4033
1318 2285
1319 8494
1319 5182
1320 8489
1320 6712
1320 6590
1320 5096
1320 3495
1320 3300
1320 2814
1320 1864
1320 1608
1320 1597
1320 1426
1320 8649
1320 8236
1320 5509
1320 4817
1320 1938
1320 1816
1320 1577
1323 8661
1323 8298
1323 7464
1323 7388
1323 1851
1323 4272
1323 3505
1323 2194
1323 3642
1323 1969
1325 7653
1325 7417
1325 5464
1325 5308
1325 4109
1325 3926
1325 2593
1325 2444
1325 2320
1325 2072
1325 1586
1325 5637
1325 4773
1325 4029
1325 2189
1325 7922
1325 4144
1325 3189
1328 6443
1328 3581
1328 2047
1328 1640
1330 7787
1330 8492
1330 8486
1330 8383
1330 7906
1330 7447
1330 5835
1330 5630
1330 5117
1330 3242
1330 2587
1330 1873
1330 8424
1330 7534
1330 2724
1330 1369
1331 8107
1331 7399
1331 3706
1331 8215
1331 7215
1332 8323
1332 8214
1332 7641
1332 6543
1332 6379
1332 5102
1332 3191
1332 2152
1332 1866
1332 7474
1332 3500
1332 2446
1333 7598
1333 5091
1333 3600
1333 3478
1333 2651
1335 8463
1335 3349
1335 3008
1335 3376
1335 1987
1336 8559
1336 7842
1336 7602
1336 4768
1336 4042
1336 2907
1336 2607
1336 2398
1336 1777
1337 6778
1337 5932
1337 5836
1337 4844
1337 3199
1338 5467
1338 4980
1338 3016
1338 2286
1339 5026
1339 8390
1339 7885
1339 7523
1339 6850
1339 5847
1339 5225
1339 4971
1339 4703
1339 4279
1339 4102
1339 1972
1339 3138
1339 2034
1339 1570
1340 5316
1340 1747
1340 6036
1340 3131
1340 2674
1340 7630
1340 5212
1342 5750
1342 5621
1342 2245
1342 8469
1342 8316
1342 4702
1342 2752
1342 2081
1342 1754
1342 1424
1343 8404
1343 8262
1343 5903
1343 5864
1343 5453
1343 4296
1343 4041
1343 3207
1343 2891
1343 2816
1343 5922
1343 5475
1343 5431
1343 4912
1343 2876
1344 8410
1344 8205
1344 5559
1344 5387
1344 3438
1344 8740
1344 8326
1344 8131
1344 7488
1344 7427
1344 6924
1344 5636
1344 4780
1344 3943
1344 3618
1344 2958
1344 2205
1344 1539
1344 8686
1344 8474
1344 7257
1344 5424
1344 5267
1344 4119
1344 3098
1344 2838
1344 2597
1344 2437
1344 1976
1345 3779
1345 8242
1345 5888
1345 2830
1346 7712
1346 6930
1346 6081
1346 8556
1346 6422
1346 8693
1346 1406
1348 8564
1348 7919
1348 7165
1348 6629
1348 3734
1348 2403
1348 1628
1348 4629
1349 7408
1349 1678
1349 5242
1350 6464
1350 8028
1350 7953
1350 7676
1350 5611
1350 4930
1350 4127
1350 3757
1350 3753
1350 2767
1350 2314
1350 8211
1350 5417
1351 8466
1351 8055
1351 5624
1351 4915
1351 3758
1351 2093
1351 1623
1351 6784
1351 2473
1351 1703
1353 7113
1353 8160
1353 5236
1353 3572
1353 8139
1354 6104
1354 3860
1355 7948
1355 6402
1355 3937
1355 3190
1355 8371
1355 6469
1355 5822
1355 5085
1355 4043
1355 2998
1355 1703
1356 8627
1356 1525
1356 8624
1356 8558
1356 8496
1356 7458
1356 6616
1356 5957
1356 5799
1356 5634
1356 5551
1356 5264
1356 5102
1356 3706
1356 3016
1356 2411
1356 2262
1356 2102
1358 2300
1358 2128
1358 1663
1358 6701
1358 6639
1358 2867
1359 7964
1359 6152
1359 5002
1359 4850
1359 3373
1359 7955
1359 4765
1359 2867
1359 2203
1359 2034
1360 8656
1360 8338
1360 3809
1360 2736
1360 6844
1361 7238
1361 6985
1361 3582
1361 2435
1361 1504
1361 8517
1361 8066
1361 6015
1361 5948
1361 5920
1361 2945
1362 7426
1363 8756
1363 7592
1363 6443
1363 5463
1363 4454
1363 4346
1363 3690
1363 3660
1363 3155
1363 2928
1363 2726
1363 2603
1363 2417
1363 2182
1363 1983
1363 1749
1363 1410
1363 7428
1363 7317
1363 5981
1363 5947
1363 5308
1363 4968
1363 4946
1363 4868
1363 4041
1363 3270
1363 2947
1363 2935
1363 2810
1363 2794
1363 1581
1363 1451
1364 7840
1364 7676
1364 7129
1364 5622
1364 4919
1364 4712
1364 1910
1364 8472
1364 8463
1364 8029
1364 5740
1364 5514
1364 4921
1364 3056
1364 2289
1364 1601
1364 5663
1365 7732
1365 6759
1365 6173
1365 5707
1366 7576
1366 6966
1366 6559
1366 5838
1366 3981
1366 3161
1366 1645
1366 8678
1366 2064
1367 6648
1367 3684
1367 8358
1367 1721
1367 8226
1368 2986
1368 1929
1368 4897
1368 1845
1369 8710
1369 5206
1369 3927
1369 3121
1369 1582
1369 1435
1369 8738
1369 7804
1369 5780
1369 3500
1369 3287
1369 3066
1370 7102
1370 4755
1371 6658
1371 5155
1371 5033
1371 3250
1371 3176
1371 2323
1371 3691
1373 6852
1373 5235
1374 7117
1375 7897
1376 5731
1377 2658
1378 4353
1378 4078
1378 7506
1379 8092
1379 7489
1379 4579
1379 4551
1379 3960
1379 7824
1379 4783
1381 7260
1382 2491
1384 7016
1384 8657
1385 8115
1385 4587
1385 1830
1385 5661
1385 3306
1386 2868
1389 5694
1389 2896
1390 8087
1390 4574
1390 4516
1390 4048
1390 7787
1390 7161
1390 4576
1390 3155
1390 2798
1390 2580
1390 1692
1390 8595
1390 3792
1390 3785
1391 4724
1391 2111
1391 5789
1391 4916
1391 2251
1391 2002
1392 3344
1393 8608
1393 4885
1394 5097
1394 4589
1395 8593
1395 3397
1395 1748
1395 8372
1395 7582
1395 7428
1395 5607
1395 5468
1395 3604
1395 3276
1395 3062
1395 2208
1395 1837
1395 1448
1395 5085
1395 4589
1396 5972
1396 5784
1396 5497
1396 5357
1396 3961
1396 3782
1396 3775
1396 1757
1396 7965
1396 4137
1396 3543
1397 8626
1397 8213
1397 5285
1397 4867
1397 4581
1397 4479
1397 2605
1397 2003
1397 1670
1397 8619
1397 7911
1397 6589
1397 6569
1397 5055
1397 3252
1397 2935
1397 2776
1397 2674
1397 2503
1397 2179
1397 2091
1397 1921
1397 8300
1397 4912
1397 2677
1398 7418
1399 8706
1400 8565
1400 8263
1400 5756
1400 4953
1400 4877
1400 2946
1400 1635
1400 1409
1400 8308
1400 7000
1400 6031
1400 4921
1400 4604
1400 1950
1400 5748
1400 2048
1401 7912
1401 8453
1401 7652
1401 5609
1401 2902
1401 2811
1401 2779
1401 2514
1401 7474
1401 6319
1401 4558
1401 2834
1402 4474
1402 3467
1402 2850
1402 2276
1402 8565
1402 7317
1402 7131
1402 6712
1402 5779
1402 5629
1402 5358
1402 5299
1402 4964
1402 4963
1402 4745
1402 4630
1402 4610
1402 3738
1402 3088
1402 2792
1402 2721
1402 2712
1402 2690
1402 2264
1402 2082
1402 5831
1402 5081
1402 1908
1402 1593
1403 1847
1403 7490
1403 5140
1403 3392
1403 3257
1403 1801
1403 8409
1403 7823
1403 7588
1403 6569
1403 5096
1403 4980
1403 1582
1404 8324
1404 6631
1404 6017
1404 5302
1404 4959
1404 4675
1404 2092
1404 2051
1404 1773
1404 1444
1404 7973
1404 6559
1404 5449
1404 5274
1404 5008
1404 4812
1404 3949
1404 3717
1404 3327
1404 3112
1404 3093
1404 2700
1404 2566
1404 2091
1404 1926
1404 1785
1404 1589
1404 8678
1404 6537
1404 1860
1405 8143
1405 6980
1405 4117
1405 3766
1405 3350
1405 3215
1405 1960
1405 1443
1405 8710
1405 8570
1405 8491
1405 8365
1405 8257
1405 8154
1405 7828
1405 7477
1405 7126
1405 7068
1405 6574
1405 5398
1405 4582
1405 3605
1405 3121
1405 2474
1405 2145
1405 2072
1405 1666
1405 1635
1405 3119
1405 2451
1405 1430
1406 5414
1406 2791
1406 2107
1406 8414
1406 8150
1406 7809
1406 5754
1406 5393
1406 3793
1406 3236
1406 3046
1406 2772
1406 2222
1406 1883
1406 1469
1406 7204
1406 6625
1406 3134
1406 2998
1406 1777
1406 1601
1407 8647
1407 7655
1407 7212
1407 6659
1407 5761
1407 5317
1407 5290
1407 3760
1407 3350
1407 2939
1407 2603
1407 2533
1407 1419
1407 8471
1407 8335
1407 7782
1407 7642
1407 7141
1407 5945
1407 5106
1407 5104
1407 4511
1407 4464
1407 4047
1407 3738
1407 3345
1407 3094
1407 2612
1407 2305
1407 2008
1407 1589
1408 8521
1408 5164
1408 3467
1408 2364
1408 7622
1408 7611
1408 7079
1408 5924
1408 5608
1408 5449
1408 5296
1408 5220
1408 5119
1408 3868
1408 3527
1408 3098
1408 3014
1408 2935
1408 2455
1408 1700
1408 1434
1409 8536
1409 8488
1409 8181
1409 7648
1409 7257
1409 7126
1409 6945
1409 5923
1409 5631
1409 5232
1409 5124
1409 5122
1409 5106
1409 4964
1409 4942
1409 4877
1409 3103
1409 2766
1409 2597
1409 2518
1409 2208
1409 2155
1409 2110
1409 2089
1409 7090
1409 2738
1409 1751
1409 1742
1409 1669
1410 1880
1410 7930
1410 5610
1410 5281
1410 4961
1410 4563
1410 4539
1410 3159
1410 2770
1410 2753
1410 2073
1410 1983
1410 1878
1410 1800
1410 1611
1410 1501
1410 8490
1410 8372
1410 8145
1410 7699
1410 7012
1410 5107
1410 4287
1410 1433
1410 1431
1411 8497
1411 8130
1411 6438
1411 4959
1411 4675
1411 3510
1411 3104
1411 3034
1411 2943
1411 2620
1411 2077
1411 1611
1411 1501
1411 8261
1411 6010
1411 5791
1411 5718
1411 5398
1411 5274
1411 3793
1411 3749
1411 2931
1411 2856
1411 2701
1411 2434
1411 1900
1412 8484
1412 8143
1412 8131
1412 7140
1412 3257
1412 2645
1412 1991
1412 1856
1412 1602
1412 8479
1412 8414
1412 8383
1412 8186
1412 8115
1412 7975
1412 7825
1412 7306
1412 5821
1412 5630
1412 5301
1412 4094
1412 2922
1412 2900
1412 2448
1412 1985
1412 1700
1413 2541
1413 8572
1413 5545
1413 4307
1413 4072
1413 8703
1414 8456
1414 4109
1414 1779
1414 8606
1414 8519
1414 8498
1414 4750
1414 3184
1414 2381
1414 1641
1415 8521
1415 7787
1415 7639
1415 7403
1415 7398
1415 6780
1415 5129
1415 3392
1415 2976
1415 2218
1415 1983
1415 8532
1415 8414
1415 7306
1415 7067
1415 6919
1415 5614
1415 5176
1415 5124
1415 4182
1415 4165
1415 4114
1415 3832
1415 3767
1415 3632
1415 3601
1415 3269
1415 3115
1415 3004
1415 2781
1415 2380
1415 2347
1415 2310
1415 2089
1415 1425
1416 8756
1416 8380
1416 7793
1416 5518
1416 5408
1416 5305
1416 3262
1416 3158
1416 2106
1416 1705
1416 1432
1416 8570
1416 8297
1416 7828
1416 7614
1416 5961
1416 5565
1416 5335
1416 4612
1416 3041
1416 2817
1416 2561
1416 2224
1416 1614
1416 1427
1417 8478
1417 7403
1417 7021
1417 5872
1417 3092
1417 2945
1417 2452
1417 2182
1417 1859
1417 8325
1417 8222
1417 7145
1417 5797
1417 5270
1417 4170
1417 4099
1417 3395
1417 3111
1417 2814
1417 2498
1417 2057
1417 1770
1417 1586
1417 1434
1417 8164
1417 4872
1418 7531
1418 6951
1418 4772
1418 3413
1418 5849
1418 2644
1419 1515
1419 5346
1419 5094
1419 4147
1419 3795
1419 3185
1419 2710
1419 2580
1419 1991
1419 8388
1420 8124
1420 7793
1420 4781
1420 3002
1420 2951
1420 2850
1420 1859
1420 8409
1420 5784
1420 5762
1420 5755
1420 5613
1420 5397
1420 5347
1420 5122
1420 5104
1420 3832
1420 3233
1420 3229
1420 3036
1420 2937
1420 2902
1420 2712
1420 2629
1420 2344
1420 1429
1420 7843
1420 5081
1420 4572
1420 3134
1420 1605
1421 2453
1421 2119
1421 8652
1421 8485
1421 8196
1421 7643
1421 7428
1421 7303
1421 7292
1421 6574
1421 5964
1421 5471
1421 5454
1421 5432
1421 5301
1421 5299
1421 5294
1421 3930
1421 2902
1421 2831
1421 2507
1421 5509
1421 2399
1422 8697
1422 7301
1422 5477
1422 5436
1422 4895
1422 4106
1422 4102
1422 3143
1422 2888
1422 2773
1422 2726
1422 2709
1422 2680
1422 2645
1422 2592
1422 2442
1422 2086
1422 1428
1422 8662
1422 8631
1422 8142
1422 7628
1422 7601
1422 7323
1422 6614
1422 5934
1422 5864
1422 5468
1422 5429
1422 5124
1422 5118
1422 5117
1422 4552
1422 4170
1422 4138
1422 3115
1422 2604
1422 8649
1422 7454
1422 5212
1422 3748
1422 2918
1422 2894
1423 5602
1423 3312
1423 5586
1423 4110
1423 3431
1423 2203
1423 5555
1423 5075
1424 2226
1424 8522
1424 6523
1424 5441
1424 4985
1424 4945
1424 3755
1424 2806
1424 1906
1424 2918
1425 5403
1425 5306
1425 5105
1425 2890
1425 2213
1425 8270
1425 7952
1425 7840
1425 7828
1425 7643
1425 7304
1425 6574
1425 6473
1425 5775
1425 5442
1425 5342
1425 5295
1425 5029
1425 4964
1425 4919
1425 4543
1425 4119
1425 4110
1425 3827
1425 3264
1425 3124
1425 3115
1425 3106
1425 2935
1425 2518
1425 2305
1425 2129
1425 2052
1425 1789
1425 1708
1425 1606
1425 8211
1425 1823
1425 1575
1426 7960
1426 7553
1426 5761
1426 4769
1426 4703
1426 4563
1426 2611
1426 1721
1426 8468
1426 8138
1426 5779
1426 5096
1426 2957
1426 2690
1426 2437
1426 2105
1426 1812
1426 4969
1426 3500
1427 7805
1427 6647
1427 5816
1427 2919
1427 2828
1427 2412
1427 2269
1427 2268
1427 2084
1427 2011
1427 1672
1427 1631
1427 8723
1427 8258
1427 6020
1427 5964
1427 5826
1427 5409
1427 5202
1427 4924
1427 4782
1427 4041
1427 3148
1427 3111
1427 3103
1427 3097
1427 2941
1427 2926
1427 2792
1427 2771
1427 2732
1427 2638
1427 2286
1427 2271
1427 1656
1427 1591
1427 5639
1428 6063
1428 5072
1428 8517
1428 8117
1428 5783
1428 2770
1428 2508
1428 2387
1428 2062
1428 1914
1428 1828
1428 1695
1428 8178
1428 7814
1428 7789
1428 7317
1428 6005
1428 5961
1428 5946
1428 5611
1428 5458
1428 5269
1428 5108
1428 4945
1428 3157
1428 2845
1428 1837
1429 7633
1429 5732
1429 4777
1429 3113
1429 2427
1429 2279
1429 2178
1429 2094
1429 2092
1429 1594
1429 8180
1429 8140
1429 7632
1429 5549
1429 5344
1429 5265
1429 5062
1429 4283
1429 3776
1429 3061
1429 2961
1429 2814
1429 2752
1429 2750
1429 2664
1429 2320
1429 1597
1429 2382
1430 8481
1430 8118
1430 5432
1430 5393
1430 3949
1430 3785
1430 3152
1430 3115
1430 2771
1430 2258
1430 2160
1430 1614
1430 7564
1430 6483
1430 3515
1430 2398
1431 6478
1431 5761
1431 5605
1431 3254
1431 2591
1431 8536
1431 8529
1431 8325
1431 8170
1431 7622
1431 7084
1431 5614
1431 4927
1431 4620
1431 4599
1431 4105
1431 3263
1431 3201
1431 2915
1431 2886
1431 2843
1431 2762
1431 2514
1431 2474
1431 2424
1431 2256
1431 2224
1431 1985
1431 1592
1431 8300
1431 5475
1431 3686
1431 3515
1431 3056
1432 8134
1432 5387
1432 1810
1432 8740
1432 7650
1432 7623
1432 6924
1432 5954
1432 5491
1432 5129
1432 5086
1432 4941
1432 4185
1432 2943
1432 2791
1432 1807
1432 8646
1432 8225
1432 7271
1432 6571
1432 5981
1432 5395
1432 4160
1432 3930
1432 3785
1432 3753
1432 2836
1432 2810
1432 2715
1433 8326
1433 7639
1433 7128
1433 5382
1433 3618
1433 3355
1433 3113
1433 2971
1433 2226
1433 2047
1433 1996
1433 8668
1433 8644
1433 8133
1433 7911
1433 7882
1433 7611
1433 6559
1433 6019
1433 5864
1433 5821
1433 5625
1433 5486
1433 5474
1433 4983
1433 4935
1433 4929
1433 4712
1433 4674
1433 3782
1433 2598
1433 2424
1433 2347
1433 1982
1433 1772
1433 1588
1434 8267
1434 4971
1434 4955
1434 3778
1434 3613
1434 2898
1434 2620
1434 2603
1434 2291
1434 1800
1434 8476
1434 8466
1434 8138
1434 7622
1434 7428
1434 7146
1434 5628
1434 4165
1434 3124
1434 2987
1434 2940
1434 2763
1434 2602
1434 1981
1434 1840
1434 1597
1434 5780
1434 2659
1434 2621
1435 1610
1435 8581
1435 8220
1435 7832
1435 7297
1435 6589
1435 5835
1435 5807
1435 5790
1435 5622
1435 5580
1435 5308
1435 5284
1435 5279
1435 3083
1435 2784
1435 2310
1435 2286
1435 2129
1435 8377
1435 5056
1435 2834
1435 2788
1435 2430
1436 8728
1436 8250
1436 7823
1436 7366
1436 6584
1436 6442
1436 6000
1436 3269
1436 3110
1436 2940
1436 2244
1436 8514
1436 8245
1436 7459
1436 5666
1436 4628
1436 3845
1436 2124
1436 7922
1437 5616
1437 5340
1437 4271
1437 2484
1437 1549
1437 8529
1437 8129
1437 7306
1437 6919
1437 6640
1437 5481
1437 3495
1437 3372
1437 3304
1437 2244
1437 2087
1437 2044
1437 1863
1437 1862
1437 7747
1437 6537
1437 5778
1437 3067
1437 1605
1438 8496
1438 8481
1438 8302
1438 8299
1438 8250
1438 7772
1438 7303
1438 7297
1438 6809
1438 5951
1438 5813
1438 5751
1438 5609
1438 5102
1438 4983
1438 4067
1438 3284
1438 3157
1438 3108
1438 3106
1438 3097
1438 2924
1438 2916
1438 2794
1438 2593
1438 2145
1438 1789
1438 8219
1438 4042
1439 7592
1439 7403
1439 5805
1439 5795
1439 5322
1439 4679
1439 4289
1439 3928
1439 3778
1439 3611
1439 3472
1439 3355
1439 1750
1439 8128
1439 7637
1439 5617
1439 5136
1439 5115
1439 5107
1439 4936
1439 3036
1439 2961
1439 2880
1439 2691
1439 2105
1439 1636
1439 1581
1440 5425
1440 8562
1440 6419
1440 5856
1440 4263
1440 2024
1440 8255
1440 3167
1441 8295
1441 7794
1441 1564
1441 5426
1441 4609
1441 3126
1441 2881
1441 2544
1441 2446
1441 7262
1442 7796
1442 8537
1442 5783
1442 2778
1442 2054
1442 1944
1442 1456
1442 8536
1442 8492
1442 7632
1442 5821
1442 5620
1442 5424
1442 5295
1442 2344
1442 2010
1442 1639
1443 1891
1443 8756
1443 8069
1443 7817
1443 6924
1443 5872
1443 3611
1443 6651
1443 6571
1443 6472
1443 5951
1443 4109
1443 3939
1443 3108
1443 2841
1443 2789
1443 2733
1443 2716
1443 1708
1443 1694
1443 1597
1443 1591
1444 8607
1444 8311
1444 8272
1444 7912
1444 6965
1444 5995
1444 5491
1444 4895
1444 4440
1444 3611
1444 3254
1444 2276
1444 8442
1444 5623
1444 5507
1444 5228
1444 4946
1444 1920
1445 3493
1445 2383
1446 6849
1446 8399
1446 5353
1446 3798
1446 2182
1446 8712
1446 1585
1447 8304
1447 5225
1447 3956
1447 3766
1447 2905
1447 2873
1447 8624
1447 8201
1447 7428
1447 7131
1447 6579
1447 6010
1447 5812
1447 5615
1447 5310
1447 5293
1447 5153
1447 4115
1447 3249
1447 2843
1447 2787
1447 2463
1447 2428
1447 2277
1447 1931
1447 8615
1447 7564
1447 6537
1447 5979
1447 5413
1447 5380
1447 4937
1447 2802
1447 2786
1447 2618
1447 2315
1448 8074
1448 7526
1448 3956
1448 2702
1448 2580
1448 8541
1448 5949
1448 5627
1448 5458
1448 3108
1448 2762
1448 2115
1448 8616
1448 2614
1449 8016
1451 7080
1451 6635
1451 3766
1451 2919
1451 2785
1451 8414
1451 8315
1451 7989
1451 7622
1451 6576
1451 5274
1451 3926
1451 3329
1451 3276
1451 2950
1451 2897
1451 2761
1452 5456
1452 2697
1452 2611
1452 1944
1452 1673
1452 1594
1452 8536
1452 8258
1452 5923
1452 5784
1452 5445
1452 5347
1452 4934
1452 3263
1452 3256
1452 2686
1452 2115
1452 2091
1452 1913
1452 1737
1452 8656
1452 3716
1452 2124
1453 7988
1453 5230
1454 8244
1454 5190
1454 4813
1455 6779
1455 5688
1455 2668
1456 2759
1456 2210
1456 1507
1456 8183
1456 7398
1456 5340
1456 5249
1456 3760
1456 3472
1456 2815
1456 2591
1456 2433
1456 2086
1456 7643
1456 2518
1457 7488
1457 7355
1457 5995
1457 5965
1457 5482
1457 3951
1457 3936
1457 3655
1457 3599
1457 3397
1457 3277
1457 3158
1457 3034
1457 2479
1457 1867
1457 8664
1457 8490
1457 8440
1457 8319
1457 8138
1457 8119
1457 7789
1457 7552
1457 7417
1457 7123
1457 6574
1457 5779
1457 5770
1457 5522
1457 5444
1457 5307
1457 4953
1457 3758
1457 3259
1457 3106
1457 3091
1457 2927
1457 2922
1457 2776
1457 2619
1457 2586
1457 2585
1457 2576
1457 2426
1457 2348
1457 2063
1458 8618
1458 8592
1458 3026
1459 7063
1459 5938
1459 4265
1459 4569
1459 2414
1460 4468
1460 3906
1461 8326
1461 8079
1461 6104
1461 5621
1461 8677
1461 8170
1461 8109
1461 7825
1461 7618
1461 7294
1461 6065
1461 5848
1461 5310
1461 4949
1461 4933
1461 3606
1461 2843
1461 2691
1461 2597
1461 2280
1461 8175
1461 7798
1461 6954
1461 1908
1462 8227
1462 6219
1462 8752
1462 6528
1462 1880
1462 3456
1463 6607
1464 7638
1464 4479
1464 2773
1464 2687
1464 2106
1464 1859
1464 8462
1464 7012
1464 5803
1464 5404
1464 4775
1464 4296
1464 4287
1464 3623
1464 3132
1464 2957
1464 1585
1464 1574
1464 8615
1464 5154
1464 2881
1466 7984
1466 7803
1466 7721
1466 6465
1466 4350
1467 8109
1467 5735
1467 5697
1467 5858
1467 4779
1468 6229
1469 2697
1469 8196
1469 7668
1469 7299
1469 6511
1469 5999
1469 5344
1469 5335
1469 5131
1469 3201
1469 3122
1469 3118
1469 2942
1469 2716
1469 2447
1469 1770
1469 8531
1469 8472
1469 7812
1469 4937
1469 2659
1469 2607
1469 2461
1469 2381
1469 1927
1471 5255
1471 3368
1471 3025
1471 1748
1471 7825
1471 7047
1471 6116
1472 7654
1472 7183
1474 7787
1474 5148
1474 1828
1474 8641
1474 7742
1474 7587
1474 7477
1474 5632
1474 5293
1474 4776
1474 4101
1474 2771
1474 2376
1474 2187
1474 2177
1474 4768
1475 8035
1476 6926
1476 7546
1477 2409
1479 8473
1479 8309
1479 7800
1479 5754
1479 5675
1479 5618
1479 2793
1479 2314
1479 2019
1479 8702
1479 8519
1479 8175
1479 6562
1479 5085
1479 3117
1479 2512
1479 2349
1479 1669
1480 7395
1480 5380
1480 3653
1480 1683
1481 4504
1481 3364
1481 2332
1482 7204
1483 2382
1483 2216
1484 5132
1484 1821
1484 5012
1486 4616
1487 4093
1487 3446
1487 8225
1487 7742
1488 8707
1488 5286
1488 4014
1488 3071
1488 2607
1488 2381
1490 4348
1490 3989
1490 7780
1491 7182
1491 8702
1491 2887
1491 2298
1491 4874
1492 8340
1492 5387
1492 2265
1492 8294
1492 7967
1492 7645
1492 7287
1492 5288
1492 4180
1492 4128
1492 3262
1492 2889
1492 2770
1492 8225
1492 4952
1493 5933
1493 8082
1495 6033
1496 8527
1496 4178
1496 1916
1496 8250
1496 7213
1496 6939
1496 6397
1496 4757
1496 3750
1496 3121
1496 2908
1496 1760
1497 8084
1497 2739
1497 1753
1497 8427
1497 8265
1497 8231
1497 6017
1497 2433
1499 7452
1500 6871
1500 6992
1500 2531
1500 5599
1501 7526
1501 7026
1501 4180
1501 2928
1501 2109
1501 3918
1501 3226
1501 1744
1502 6958
1502 3866
1502 4428
1503 6108
1503 2727
1504 8375
1504 8081
1504 7803
1504 4988
1504 1523
1504 6702
1504 6118
1504 5237
1504 2521
1505 6432
1505 4511
1505 7870
1505 7171
1505 6175
1506 7650
1506 8479
1506 8474
1506 8351
1506 7800
1506 7628
1506 7309
1506 5683
1506 5608
1506 3767
1506 3623
1506 3601
1506 2902
1506 2838
1506 1827
1506 1554
1506 1542
1506 8463
1506 7386
1506 6675
1506 5400
1506 4561
1506 3745
1506 2369
1506 1650
1507 7346
1507 5205
1508 4528
1510 4099
1510 2259
1510 1817
1510 4623
1510 2261
1510 7922
1511 4318
1511 7089
1511 3213
1512 8248
1512 7453
1512 8438
1512 4647
1512 3800
1512 2986
1513 4436
1513 3945
1513 2970
1513 8438
1513 7744
1514 1879
1514 5501
1514 4757
1515 1999
1515 2197
1516 3676
1519 7529
1519 7492
1519 2876
1520 4743
1520 8532
1520 7880
1520 3304
1520 7190
1521 6979
1521 2156
1521 8417
1521 8253
1521 8509
1523 8732
1523 6644
1523 8101
1523 6438
1523 3581
1524 6326
1524 3520
1524 1628
1524 7500
1524 5560
1524 5477
1524 5306
1524 3246
1524 2912
1524 2615
1525 1717
1525 7425
1525 7212
1525 1857
1525 8628
1525 8485
1525 8351
1525 6681
1525 6617
1525 5839
1525 5339
1525 5130
1525 2838
1525 1977
1525 1768
1527 5533
1527 3868
1528 5173
1528 8757
1528 7541
1528 7300
1528 2031
1528 8653
1529 7788
1529 6420
1529 4675
1529 4479
1529 8039
1529 4091
1530 8624
1530 8529
1530 8222
1530 7973
1530 7303
1530 7285
1530 5961
1530 3601
1530 3362
1530 3304
1530 2937
1530 2883
1530 2789
1530 2638
1530 2348
1530 1920
1530 1866
1530 1817
1530 1645
1530 6467
1530 5637
1530 5391
1530 5141
1530 4785
1530 3769
1530 3231
1530 2346
1530 2124
1530 1601
1531 8523
1531 1934
1531 5460
1532 6403
1532 6214
1532 8253
1532 7362
1532 4172
1534 5929
1534 2119
1534 8214
1534 8184
1534 7909
1534 7303
1534 7123
1534 3152
1534 2347
1534 5391
1534 3543
1535 3548
1535 2454
1535 8088
1535 6691
1535 5692
1535 4516
1535 2720
1535 2590
1535 2241
1535 1674
1535 6924
1536 2373
1537 8131
1537 2828
1537 2245
1537 1712
1537 1602
1537 8483
1537 8480
1537 7620
1537 7595
1537 6944
1537 5404
1537 5216
1537 4312
1537 3297
1538 3481
1539 7984
1539 7796
1539 6740
1539 5913
1539 5355
1539 3648
1539 2882
1539 7523
1539 6763
1539 5872
1539 5305
1539 4787
1539 3609
1539 3299
1539 2640
1539 2543
1539 2484
1539 1786
1539 4782
1539 3605
1539 3256
1539 3095
1539 2961
1540 3398
1540 2164
1540 5643
1540 2628
1541 8367
1541 8247
1541 6141
1541 3173
1541 5170
1541 4032
1542 8672
1542 8032
1542 7976
1542 5995
1542 5872
1542 5215
1542 4269
1542 3286
1542 2615
1542 8691
1542 8307
1542 8263
1542 8129
1542 8119
1542 7791
1542 5458
1542 4964
1542 4944
1542 3772
1542 3138
1542 3095
1542 2787
1542 2700
1542 2696
1542 2695
1542 2438
1542 1608
1542 7934
1542 6031
1542 4558
1542 4337
1544 4796
1544 8197
1544 7616
1544 5777
1544 3943
1544 3619
1544 3209
1544 2960
1544 1889
1544 3267
1544 2100
1545 6121
1545 6373
1547 6592
1547 4631
1547 1990
1547 6040
1548 8040
1548 6742
1549 3535
1549 3090
1549 2981
1550 3975
1553 6061
1554 8442
1554 7614
1554 6432
1554 5951
1554 5867
1554 5826
1554 5264
1554 5228
1554 4170
1554 2411
1554 2075
1554 1885
1554 1746
1556 8513
1558 4512
1559 8189
1559 5572
1559 5309
1559 4733
1559 3808
1559 3759
1559 3711
1559 3023
1559 2189
1559 1655
1559 8441
1560 8079
1560 7280
1560 5965
1560 3025
1560 2983
1560 2890
1560 2826
1560 1807
1560 8109
1560 7972
1560 7130
1560 5953
1560 5057
1560 3091
1560 2752
1560 2044
1560 1876
1560 1583
1561 4877
1561 7378
1561 6892
1561 4193
1561 3310
1561 2386
1561 1955
1561 1638
1561 1580
1564 7817
1564 1718
1564 5348
1564 2957
1564 2664
1564 2423
1564 1946
1564 8361
1565 7233
1565 1857
1565 8351
1565 7955
1565 7601
1565 7016
1565 5896
1565 5586
1565 2757
1565 2469
1565 2352
1566 8720
1566 6436
1566 4464
1566 8132
1569 6324
1569 4194
1569 2617
1569 6697
1569 4838
1570 8298
1570 6948
1570 5554
1570 5105
1570 4740
1570 2778
1570 2594
1570 8486
1570 8309
1570 5271
1570 5233
1570 5232
1570 4775
1570 3195
1570 3148
1570 2872
1570 2700
1570 2434
1570 1837
1570 8621
1570 7798
1570 5391
1570 3703
1570 2903
1570 2422
1570 1805
1571 4534
1571 2947
1571 1825
1571 1809
1571 3809
1572 8151
1572 7835
1572 2484
1572 2364
1572 6642
1572 6589
1572 5754
1572 5108
1572 4958
1572 4621
1572 4570
1572 3632
1572 3614
1572 2781
1572 2583
1572 2581
1572 2449
1572 2093
1572 2032
1572 2819
1572 1661
1573 3471
1573 2004
1573 1806
1573 5924
1573 4637
1573 4165
1573 2079
1574 5798
1574 3244
1574 8496
1574 8119
1574 6549
1574 6436
1574 5632
1574 2721
1574 2635
1575 8142
1575 5939
1575 5755
1575 5751
1575 3961
1575 3518
1575 3120
1575 3111
1575 3088
1575 1907
1575 1873
1575 1623
1575 1588
1575 8546
1575 7201
1575 6022
1575 5128
1575 5081
1575 4024
1575 2692
1575 2796
1576 6647
1576 6438
1576 3523
1576 3215
1576 3729
1576 2593
1576 2449
1576 5585
1576 3854
1576 2669
1576 2641
1577 7840
1577 7648
1577 5775
1577 2463
1577 8502
1577 6392
1577 3748
1577 2071
1577 2037
1577 1964
1577 1816
1577 6785
1577 4627
1578 8630
1578 4292
1578 3648
1578 8146
1578 8044
1578 6292
1578 5995
1578 5602
1578 5340
1578 5105
1578 4046
1578 3234
1578 2949
1578 2450
1578 2300
1578 1791
1578 8691
1578 8114
1578 6005
1578 5626
1578 5102
1578 2732
1579 8348
1579 3467
1579 3279
1579 8619
1579 8465
1579 8258
1579 7291
1579 6589
1579 6506
1579 5981
1579 5619
1579 5442
1579 5271
1579 5227
1579 3790
1579 3137
1579 2999
1579 2875
1579 8369
1579 8132
1579 5370
1579 3594
1580 7867
1580 7800
1580 7782
1580 7777
1580 7741
1580 7309
1580 6624
1580 6589
1580 6566
1580 5458
1580 2937
1580 2926
1580 2581
1580 2267
1580 2104
1580 7804
1580 6621
1580 5154
1580 2677
1580 2338
1581 7976
1581 7805
1581 6635
1581 5954
1581 5898
1581 5487
1581 5446
1581 5129
1581 3156
1581 3001
1581 2846
1581 8411
1581 8320
1581 7987
1581 7619
1581 7292
1581 7257
1581 7079
1581 5796
1581 5766
1581 5751
1581 5468
1581 5429
1581 4935
1581 2920
1581 2851
1581 2748
1581 2638
1581 2608
1581 2523
1581 4937
1582 7633
1582 3087
1582 1747
1582 5680
1582 5511
1582 3939
1582 3149
1582 7768
1582 2451
1583 8136
1583 5752
1583 3777
1583 3526
1583 2884
1583 1616
1583 8664
1583 5447
1583 5432
1583 5392
1583 4978
1583 4964
1583 4612
1583 4067
1583 3832
1583 3451
1583 3046
1583 2950
1583 2831
1583 2597
1583 2538
1583 2224
1583 2041
1583 1715
1584 8382
1584 7604
1584 7463
1584 7311
1584 5610
1584 4703
1584 3650
1584 2533
1584 8216
1584 8119
1584 7131
1584 6641
1584 5549
1584 4942
1584 4674
1584 2841
1584 2461
1585 6631
1585 4955
1585 3766
1585 2412
1585 2101
1585 8668
1585 8262
1585 5675
1585 5151
1585 4621
1585 2063
1585 8559
1585 8519
1585 8268
1585 7769
1585 2918
1585 2606
1586 8526
1586 8162
1586 5290
1586 3628
1586 2429
1586 8323
1586 8262
1586 7872
1586 7631
1586 6589
1586 5735
1586 5111
1586 5106
1586 3161
1586 2601
1586 2428
1586 2201
1586 2087
1586 1915
1586 1592
1586 8331
1586 5091
1586 4586
1586 2103
1586 1777
1587 7958
1587 7526
1587 6631
1587 6618
1587 6463
1587 4596
1587 4214
1587 3247
1587 5790
1587 3249
1587 1676
1588 7633
1588 7021
1588 5786
1588 8214
1588 8140
1588 7909
1588 7485
1588 7304
1588 5267
1588 4953
1588 4930
1588 3195
1588 2940
1588 2443
1588 1910
1588 1863
1588 8657
1588 5780
1588 4717
1588 4484
1588 2140
1588 1746
1589 8113
1589 7461
1589 5159
1589 4626
1589 4563
1589 2934
1589 2269
1589 1983
1589 1859
1589 8644
1589 8541
1589 8440
1589 8261
1589 7626
1589 5864
1589 5631
1589 5629
1589 5608
1589 5434
1589 5287
1589 4982
1589 4175
1589 3632
1589 3317
1589 2950
1589 2935
1589 2931
1589 2926
1589 2775
1589 2098
1589 1976
1589 5431
1590 2059
1590 8497
1590 8117
1590 8066
1590 7925
1590 7592
1590 7026
1590 5382
1590 4844
1590 4562
1590 3156
1590 2824
1590 2268
1590 2056
1590 1914
1590 1599
1590 1598
1590 8739
1590 8646
1590 8495
1590 8483
1590 8299
1590 7476
1590 7309
1590 7306
1590 6919
1590 5232
1590 4930
1590 4622
1590 3785
1590 3783
1590 3437
1590 2814
1590 2523
1590 2498
1590 2177
1590 2079
1590 1646
1591 5292
1591 4635
1591 4180
1591 3770
1591 8723
1591 8691
1591 8460
1591 8319
1591 8128
1591 7953
1591 5964
1591 5785
1591 5454
1591 5270
1591 4775
1591 4620
1591 2638
1591 1685
1591 1680
1591 3808
1591 2553
1591 2209
1592 5164
1592 8452
1592 7978
1592 7972
1592 7596
1592 7285
1592 6585
1592 5981
1592 5918
1592 5683
1592 4949
1592 4091
1592 3614
1592 2954
1592 2638
1592 2438
1592 8514
1592 2315
1593 8278
1593 8191
1593 7296
1593 6814
1593 5628
1593 5232
1593 4957
1593 4942
1593 4283
1593 4160
1593 3938
1593 3632
1593 3605
1593 3207
1593 3120
1593 2913
1593 2696
1593 1981
1593 1925
1593 6542
1593 2819
1594 5092
1594 7457
1594 5612
1594 5518
1594 4938
1594 4454
1594 4346
1594 3698
1594 3286
1594 3274
1594 2687
1594 2623
1594 2291
1594 2073
1594 8636
1594 8303
1594 8273
1594 8258
1594 7794
1594 7646
1594 6576
1594 5818
1594 5628
1594 5358
1594 5282
1594 5280
1594 4770
1594 3608
1594 3091
1594 2944
1594 2926
1594 2794
1594 2748
1594 2701
1594 2691
1594 1925
1595 7930
1595 5995
1595 5535
1595 5363
1595 5180
1595 3742
1595 2770
1595 1710
1595 8686
1595 8442
1595 7882
1595 7862
1595 7658
1595 7297
1595 5903
1595 5628
1595 5310
1595 5111
1595 5108
1595 4951
1595 4775
1595 4511
1595 3136
1595 2938
1595 2706
1595 2581
1595 2503
1595 2110
1595 1936
1595 1604
1595 8649
1595 7621
1595 4640
1596 7464
1596 6464
1596 5771
1596 5234
1596 4955
1596 3006
1596 2122
1596 8305
1596 8135
1596 7794
1596 7658
1596 5772
1596 5701
1596 5468
1596 5304
1596 5221
1596 4933
1596 4786
1596 4674
1596 3317
1596 2999
1596 2956
1596 2271
1596 8439
1596 7747
1596 7154
1596 3858
1596 2349
1596 1790
1597 8759
1597 8588
1597 8537
1597 5827
1597 5811
1597 4703
1597 4658
1597 2955
1597 2417
1597 2084
1597 8658
1597 8642
1597 8628
1597 8133
1597 7641
1597 7636
1597 5799
1597 5345
1597 5029
1597 4127
1597 3162
1597 3157
1597 3106
1597 2961
1597 2732
1597 2469
1597 2110
1597 1982
1597 1762
1597 1664
1597 3808
1597 3212
1597 2216
1598 5653
1598 1932
1598 8162
1598 7439
1598 7355
1598 4780
1598 3778
1598 2824
1598 2640
1598 2639
1598 2092
1598 2084
1598 8662
1598 8191
1598 7673
1598 7552
1598 7123
1598 5232
1598 3772
1598 3157
1598 3024
1598 2706
1598 2359
1598 1780
1599 8537
1599 8304
1599 6554
1599 4781
1599 4190
1599 3948
1599 3206
1599 2958
1599 2885
1599 1919
1599 1914
1599 1750
1599 7649
1599 5784
1599 5507
1599 5269
1599 4963
1599 4949
1599 4119
1599 4091
1599 3832
1599 2665
1599 2263
1599 2257
1599 1832
1599 1811
1599 1780
1599 1662
1600 8484
1600 8324
1600 8272
1600 7976
1600 5730
1600 2905
1600 2889
1600 2855
1600 2639
1600 2531
1600 2094
1600 8677
1600 8638
1600 8150
1600 7790
1600 7115
1600 5959
1600 5633
1600 5481
1600 5295
1600 5232
1600 5229
1600 4620
1600 3291
1600 3256
1600 2879
1600 2772
1600 2732
1600 2664
1600 2421
1600 2244
1600 2002
1600 1645
1600 3475
1601 7306
1601 6065
1601 5939
1601 5445
1601 5226
1601 4987
1601 4115
1601 2810
1601 2767
1601 2087
1601 7812
1601 4817
1601 4609
1601 4577
1601 1620
1601 3237
1602 7031
1602 6924
1602 6449
1602 5792
1602 5786
1602 5427
1602 5145
1602 4863
1602 3936
1602 2645
1602 2047
1602 1928
1602 8468
1602 8314
1602 8138
1602 7469
1602 6758
1602 6468
1602 5939
1602 5136
1602 4987
1602 4953
1602 4296
1602 3783
1602 3120
1602 2701
1602 2700
1602 2267
1602 2194
1603 8326
1603 7604
1603 5792
1603 4781
1603 3948
1603 3766
1603 2687
1603 8199
1603 7422
1603 5614
1603 5280
1603 5274
1603 4570
1603 3949
1603 3200
1603 2772
1603 2392
1603 2082
1603 2068
1603 4219
1603 3711
1604 3973
1604 3085
1604 8652
1604 8491
1604 8490
1604 8196
1604 8135
1604 7609
1604 6576
1604 5955
1604 5210
1604 4987
1604 4968
1604 4782
1604 4182
1604 2810
1604 2690
1604 2187
1604 2155
1604 1866
1604 3941
1604 3799
1604 1650
1605 8335
1605 7673
1605 5990
1605 5464
1605 5312
1605 4849
1605 4602
1605 3933
1605 3305
1605 2777
1605 2670
1605 2610
1605 2437
1605 1767
1605 7696
1605 6541
1605 5830
1605 4337
1605 2864
1605 2618
1606 8697
1606 7021
1606 8330
1606 7794
1606 7447
1606 5864
1606 5840
1606 5675
1606 5300
1606 4775
1606 3832
1606 3111
1606 2423
1606 1690
1606 8715
1606 7625
1606 3804
1606 2189
1607 8650
1607 1866
1607 4768
1607 2296
1607 1872
1607 6484
1607 4993
1607 3211
1608 8011
1608 7115
1608 5347
1608 5297
1608 5289
1608 4622
1608 4620
1608 3163
1608 2310
1608 2224
1608 1680
1608 5056
1608 4872
1608 3268
1608 2738
1608 2736
1608 2083
1609 8704
1609 8104
1609 4548
1609 2159
1609 8179
1609 7645
1609 5288
1609 5086
1609 3655
1609 2773
1609 2699
1609 2027
1609 1672
1609 8489
1609 7485
1609 7387
1609 5867
1609 5295
1609 5280
1609 4050
1609 2878
1609 1812
1609 1803
1610 7980
1610 7968
1610 5543
1610 4635
1610 3299
1610 2592
1610 8739
1610 8560
1610 8440
1610 7872
1610 7800
1610 7587
1610 5271
1610 4614
1610 3606
1610 3094
1610 2940
1610 2757
1610 2277
1610 2272
1610 1803
1610 1779
1611 6088
1611 8633
1611 7962
1611 7604
1611 5616
1611 5605
1611 5175
1611 4922
1611 3485
1611 2269
1611 2106
1611 2062
1611 1618
1611 6960
1611 5222
1611 4047
1611 3593
1611 3249
1611 2428
1611 1690
1612 8398
1612 7095
1612 4645
1612 3934
1612 2083
1613 8058
1613 7782
1613 7601
1613 6614
1613 5826
1613 4935
1613 4127
1613 3814
1613 3713
1613 3200
1613 2776
1613 2344
1613 2072
1613 8519
1613 8514
1613 8377
1613 4912
1613 4733
1613 4604
1613 3707
1613 3500
1613 2618
1614 8484
1614 5965
1614 5285
1614 3866
1614 3510
1614 3159
1614 2889
1614 8636
1614 7531
1614 7299
1614 7146
1614 6814
1614 5864
1614 5838
1614 5622
1614 4771
1614 3832
1614 3772
1614 3749
1614 3102
1614 2883
1614 2634
1614 2273
1614 2044
1615 5559
1615 1880
1615 8159
1615 7788
1615 4955
1615 3742
1615 3262
1615 3025
1615 8469
1615 7862
1615 5779
1615 5511
1615 5299
1615 5227
1615 4939
1615 4534
1615 3107
1615 2917
1615 2814
1615 2598
1615 2208
1615 2082
1615 1837
1616 7592
1616 5638
1616 5121
1616 4887
1616 3286
1616 2770
1616 8652
1616 7611
1616 6650
1616 6636
1616 6574
1616 3136
1616 2258
1618 2435
1618 8162
1618 6647
1618 5902
1618 5745
1618 4557
1618 3382
1618 2824
1618 2639
1618 2051
1618 7317
1618 5956
1618 4109
1618 3111
1618 2664
1618 2619
1619 7912
1619 7660
1619 5386
1619 5290
1619 5249
1619 3613
1619 3001
1619 2468
1619 8214
1619 7627
1619 7297
1619 6939
1619 5834
1619 5797
1619 5762
1619 5449
1619 4952
1619 3106
1619 2937
1619 2827
1619 2160
1619 2002
1619 1981
1620 8414
1620 5617
1620 5364
1620 5284
1620 5176
1620 4919
1620 3780
1620 2757
1620 2752
1620 6044
1620 5575
1620 2493
1620 2422
1620 7360
1620 7171
1620 4627
1621 7899
1621 7815
1621 5862
1621 5340
1621 3234
1621 2889
1621 1673
1621 8135
1621 7283
1621 5990
1621 5301
1621 5295
1621 5130
1621 4920
1621 3322
1621 3024
1621 2935
1621 2599
1621 2377
1622 4034
1622 4697
1623 8278
1623 7611
1623 5961
1623 5624
1623 3089
1623 2941
1623 2822
1623 8463
1623 6483
1623 6477
1623 4925
1623 2381
1624 8422
1624 7541
1624 7026
1624 6114
1624 5491
1624 5273
1624 4940
1624 4658
1624 4102
1624 1843
1624 8299
1624 7428
1624 6641
1624 6614
1624 6589
1624 6511
1624 5968
1624 5839
1624 5751
1624 5619
1624 5540
1624 5439
1624 5289
1624 4943
1624 3790
1624 2838
1624 2715
1624 1926
1624 1888
1624 1744
1625 7187
1625 1932
1625 7925
1625 5950
1625 5196
1625 3299
1625 3274
1625 8314
1625 5813
1625 4932
1625 4924
1626 7960
1626 7835
1626 5636
1626 3206
1626 2992
1626 2589
1626 2578
1626 2543
1626 8642
1626 8558
1626 7016
1626 6641
1626 5625
1626 5513
1626 4943
1626 4610
1626 3938
1626 3305
1626 3263
1626 3138
1626 2766
1626 2447
1626 1832
1626 8665
1626 4484
1627 6935
1627 5378
1627 7116
1627 6854
1627 5379
1627 5219
1628 6740
1628 5355
1628 4767
1628 3615
1628 7439
1628 7355
1628 7275
1628 5518
1628 3274
1628 2936
1628 2427
1629 5837
1629 6618
1629 5570
1629 4941
1629 2951
1629 1726
1630 2219
1630 8495
1630 8482
1630 8329
1630 8178
1630 4745
1630 4107
1630 3120
1630 2875
1630 5979
1630 5575
1630 2918
1631 7239
1631 8602
1631 8131
1631 7793
1631 7660
1631 7633
1631 6310
1631 5902
1631 4887
1631 3650
1631 3286
1631 2753
1631 2626
1631 8658
1631 7466
1631 7271
1631 6944
1631 6020
1631 5807
1631 5287
1631 5283
1631 4939
1631 4932
1631 3106
1631 3083
1631 2767
1631 2696
1632 3324
1632 3044
1633 8708
1633 3025
1633 2484
1633 8555
1633 8296
1633 4946
1633 4094
1633 3517
1633 3387
1633 2829
1633 1985
1633 1636
1633 8616
1633 7454
1633 6123
1633 5794
1634 5581
1634 4095
1634 3470
1634 7201
1634 1683
1635 8173
1635 5302
1635 4474
1635 3265
1635 2233
1635 1991
1635 1673
1635 7983
1635 7970
1635 7823
1635 7084
1635 5634
1635 5623
1635 5312
1635 4187
1635 3153
1635 2915
1635 2762
1635 2638
1635 2498
1635 2105
1635 1853
1635 8621
1635 2050
1636 7787
1636 4959
1636 3206
1636 2888
1636 2291
1636 2269
1636 8541
1636 7794
1636 7303
1636 7298
1636 5840
1636 5807
1636 5267
1636 5202
1636 4964
1636 4776
1636 4553
1636 3833
1636 3093
1636 2447
1636 7985
1636 7917
1636 5639
1636 4969
1636 4700
1636 2980
1637 6961
1637 8740
1637 3973
1637 2489
1637 3362
1638 6981
1638 6775
1638 6490
1638 5968
1638 3835
1638 3744
1638 3281
1638 4121
1639 7912
1639 5331
1639 2260
1639 7458
1639 6775
1639 5347
1639 5264
1640 6985
1640 6927
1640 4755
1640 8744
1640 8521
1640 8326
1640 7833
1640 7293
1640 5116
1640 5114
1640 4626
1640 4557
1640 2341
1640 2011
1640 1996
1640 1928
1640 8625
1640 8199
1640 7298
1640 7132
1640 5119
1640 3729
1640 3362
1640 3157
1640 3112
1640 3109
1640 2897
1640 2610
1640 2194
1640 1778
1641 8718
1641 8309
1641 7663
1641 7601
1641 5580
1641 5280
1641 4182
1641 3200
1641 3162
1641 1861
1641 8498
1641 8236
1641 8161
1641 8091
1641 7792
1641 3212
1641 2659
1641 2243
1641 4606
1642 4975
1642 2653
1643 5092
1643 3539
1643 8756
1643 8213
1643 6948
1643 5811
1643 5414
1643 4279
1643 3521
1643 2949
1643 8488
1643 6581
1643 4942
1643 2913
1643 2248
1643 1770
1644 8631
1644 8460
1644 8414
1644 6523
1644 5227
1644 4114
1644 2772
1644 2179
1644 2170
1644 2112
1644 7822
1644 6605
1644 5806
1644 2952
1644 2461
1645 4792
1645 3695
1645 2885
1645 2726
1645 2643
1645 2095
1645 8154
1645 5903
1645 5756
1645 5675
1645 5345
1645 5284
1645 5115
1645 4933
1645 4786
1645 3930
1645 3102
1645 1920
1646 8636
1646 8314
1646 5964
1646 5942
1646 5790
1646 4873
1646 3016
1646 2567
1646 2367
1646 2344
1646 2201
1646 2188
1646 2072
1646 8268
1646 7199
1646 5405
1646 2243
1647 8446
1647 8364
1647 7467
1647 3404
1647 2188
1648 7461
1648 3092
1648 2442
1648 8196
1648 8160
1648 8055
1648 7611
1648 4939
1648 4165
1648 2695
1648 2675
1648 2455
1648 2079
1649 2882
1649 2519
1649 2290
1649 7958
1650 8489
1650 8329
1650 7891
1650 7303
1650 5609
1650 5029
1650 4950
1650 3761
1650 3004
1650 2267
1650 1775
1650 8606
1650 8127
1650 7985
1650 6022
1650 4572
1650 3239
1650 2625
1650 2536
1650 2382
1650 2303
1650 5034
1651 7807
1651 7794
1651 4296
1651 4937
1651 3815
1652 7407
1652 5143
1653 4290
1653 6821
1653 8629
1653 3166
1654 8737
1655 7303
1655 5813
1655 5282
1655 4127
1655 3949
1655 3788
1655 3772
1655 2937
1655 2792
1655 7154
1655 5759
1655 3066
1655 2998
1656 8162
1656 3206
1656 2824
1656 2364
1656 2168
1656 2101
1656 1822
1656 8524
1656 8364
1656 8292
1656 8208
1656 7641
1656 6544
1656 5511
1656 5454
1656 4620
1656 2767
1656 2248
1656 8725
1656 8472
1656 8470
1657 4388
1657 7461
1657 4747
1657 2164
1657 7271
1657 6929
1657 6448
1657 5176
1657 4949
1657 4195
1657 4091
1657 3754
1657 3036
1657 2948
1657 1757
1658 3699
1659 5940
1659 3699
1659 7955
1659 4572
1660 8585
1660 5902
1660 5382
1660 5644
1660 5464
1660 4534
1660 8268
1660 7804
1660 7607
1660 5671
1660 1969
1661 8462
1661 8149
1661 7657
1661 5282
1661 5226
1661 4151
1661 2982
1661 2913
1661 5831
1661 5402
1661 3803
1661 3241
1661 1949
1661 7605
1662 7964
1662 5166
1662 3253
1662 2929
1662 6571
1662 5113
1662 5057
1662 4936
1662 4067
1662 3938
1662 3345
1662 2155
1662 2041
1662 7494
1662 6752
1662 5150
1663 8454
1663 7816
1663 4890
1663 8742
1664 8713
1664 4876
1664 5705
1664 5440
1664 4283
1664 2633
1664 5996
1664 5710
1664 5341
1664 2834
1665 8324
1665 7805
1665 5636
1665 8329
1665 8319
1665 8297
1665 8186
1665 7635
1665 7384
1665 6960
1665 5522
1665 4915
1665 3755
1665 3210
1665 2957
1665 2917
1665 1858
1665 1776
1665 6950
1665 5993
1665 5969
1665 4799
1665 4215
1665 2369
1666 8323
1666 7148
1666 6005
1666 5551
1666 3210
1666 3157
1666 3100
1666 2286
1666 1825
1666 7804
1666 5475
1666 2907
1667 5653
1667 4617
1667 4190
1667 2648
1667 2260
1667 1914
1667 8560
1667 8302
1667 8126
1667 7632
1667 5345
1667 4964
1667 4812
1667 3792
1667 2608
1667 2145
1667 2100
1668 7085
1668 6808
1668 3943
1668 3253
1668 3001
1668 5918
1668 5447
1668 4612
1668 3981
1668 3269
1668 2772
1668 2714
1668 2691
1668 2448
1668 1936
1668 1910
1668 1700
1668 3134
1669 5347
1669 5067
1669 2593
1669 8374
1669 5666
1669 5007
1669 4717
1669 3716
1669 2738
1669 2724
1669 2692
1670 2882
1670 2391
1670 8517
1670 7289
1670 7150
1670 6600
1670 5954
1670 5351
1670 5160
1670 3943
1670 3001
1670 2798
1670 2605
1670 2532
1670 2269
1670 2026
1670 1854
1670 1822
1670 6473
1670 5611
1670 5294
1670 4728
1670 3792
1670 3264
1670 3137
1670 3124
1670 3122
1670 2927
1670 2781
1670 2670
1670 2266
1670 2110
1670 2074
1671 8330
1671 6614
1671 5280
1671 5216
1671 5211
1671 5112
1671 4587
1671 3926
1671 3923
1671 3112
1671 2937
1671 2891
1671 2617
1671 2498
1671 2267
1671 1780
1671 6469
1671 5475
1671 3310
1671 2512
1671 2461
1671 2365
1671 2360
1671 2309
1671 1950
1672 7125
1672 5970
1672 5944
1672 5491
1672 3777
1672 2704
1672 2218
1672 7795
1672 5633
1672 5376
1672 5307
1672 2931
1673 3838
1673 1988
1673 7420
1673 7311
1673 7133
1673 5752
1673 5732
1673 5129
1673 4703
1673 4271
1673 3274
1673 2958
1673 2543
1673 2084
1673 1791
1673 8686
1673 8640
1673 7862
1673 5385
1673 3761
1673 3606
1674 4034
1674 8213
1674 6064
1674 5745
1674 5317
1674 4073
1674 3777
1674 3523
1674 3009
1674 2699
1674 1707
1675 8631
1675 8532
1675 8160
1675 8128
1675 5981
1675 5949
1675 5790
1675 5766
1675 5442
1675 5312
1675 5308
1675 5117
1675 4782
1675 3960
1675 2629
1675 2624
1675 1838
1675 1789
1675 1772
1675 7647
1675 4853
1675 4663
1675 3528
1675 3033
1675 2918
1675 2349
1675 1923
1675 1699
1676 7787
1676 5932
1676 5798
1676 5636
1676 5305
1676 3400
1676 2697
1676 2313
1676 2291
1676 8723
1676 8524
1676 8462
1676 8446
1676 6569
1676 5961
1676 5840
1676 5211
1676 5123
1676 3289
1676 2743
1676 1986
1676 1780
1676 1774
1677 7704
1678 3160
1678 6990
1678 5553
1679 3554
1679 4719
1679 8092
1679 7116
1679 6638
1679 2379
1680 8321
1680 6956
1680 3650
1680 2092
1680 7983
1680 6641
1680 6473
1680 5961
1680 4932
1680 3606
1680 3354
1680 3112
1680 2303
1680 2050
1681 7725
1682 7849
1683 6675
1683 6362
1683 5178
1684 8392
1684 7972
1684 5918
1684 2345
1685 8522
1685 8495
1685 8480
1685 8473
1685 8465
1685 8217
1685 8149
1685 8145
1685 7084
1685 6549
1685 6523
1685 5959
1685 5618
1685 5441
1685 4620
1685 2910
1685 2670
1685 1933
1685 8393
1685 5085
1685 4547
1686 6599
1688 5016
1688 8588
1688 5002
1689 5429
1689 5245
1689 2792
1689 5740
1689 5666
1689 5417
1689 4130
1689 3759
1689 8082
1689 4606
1690 8730
1690 8497
1690 8162
1690 5437
1690 3777
1690 8028
1690 7777
1690 7132
1690 5298
1690 4958
1690 4930
1690 3401
1690 3269
1690 3255
1690 3201
1690 2794
1690 2586
1690 1986
1690 1866
1691 8240
1692 2141
1692 2562
1693 5982
1693 5597
1693 7965
1693 3260
1693 3232
1693 2618
1693 7200
1693 6446
1693 5311
1694 8626
1694 8620
1694 8069
1694 3316
1694 1928
1694 7641
1694 7476
1694 7447
1694 5399
1694 5131
1694 3255
1694 2814
1694 2266
1694 1795
1694 8338
1695 8151
1695 7463
1695 7275
1695 6659
1695 5789
1695 5616
1695 3778
1695 3613
1695 2934
1695 2419
1695 2077
1695 8496
1695 8435
1695 8383
1695 8328
1695 8216
1695 7641
1695 7309
1695 6609
1695 5817
1695 5772
1695 5765
1695 3785
1695 3779
1695 3249
1695 2999
1695 2629
1695 2258
1696 6463
1696 4866
1696 8388
1696 8258
1696 8157
1696 7699
1696 5769
1696 2610
1696 5368
1696 4547
1696 3602
1696 2606
1697 7859
1697 5833
1697 2874
1697 2868
1697 2842
1697 6875
1697 4985
1697 4669
1697 4287
1697 3717
1697 3082
1698 8671
1698 4820
1698 2949
1698 2863
1698 2427
1698 1978
1698 2437
1699 3645
1699 3387
1699 3340
1699 3329
1699 8439
1699 7234
1699 4167
1699 2381
1700 6618
1700 6568
1700 5500
1700 5473
1700 3274
1700 1797
1700 1773
1700 8638
1700 8570
1700 8495
1700 7975
1700 7862
1700 7079
1700 6579
1700 6442
1700 6112
1700 5918
1700 5804
1700 5623
1700 4551
1700 4094
1700 3963
1700 3029
1700 2602
1700 2421
1700 1956
1700 8268
1700 4045
1700 3500
1701 7992
1701 6315
1701 8227
1701 5856
1701 2739
1701 2403
1701 2024
1702 6619
1702 5113
1702 2447
1702 6467
1702 5830
1702 5341
1702 4925
1702 3117
1702 1950
1702 8333
1702 3211
1703 8328
1703 8296
1703 8142
1703 8138
1703 7257
1703 6468
1703 5404
1703 5390
1703 3614
1703 2829
1703 2093
1703 8164
1703 6331
1703 3251
1703 2606
1704 5061
1704 2541
1704 4531
1705 8136
1705 7976
1705 7644
1705 5995
1705 5105
1705 3613
1705 2992
1705 2848
1705 2594
1705 2205
1705 8495
1705 8388
1705 7862
1705 7772
1705 6511
1705 5839
1705 5481
1705 5269
1705 4953
1705 4601
1705 4274
1705 3148
1705 3041
1705 2817
1705 2811
1705 2784
1705 2262
1705 2090
1705 1785
1707 8088
1707 5483
1707 5375
1707 6482
1707 4172
1707 3609
1707 2468
1707 5828
1708 8321
1708 5746
1708 5554
1708 4794
1708 4781
1708 4703
1708 2955
1708 5851
1708 5233
1708 4324
1708 3840
1708 3089
1708 2987
1708 2872
1708 2630
1708 8132
1708 4843
1708 2786
1708 2607
1708 1823
1709 1733
1710 7410
1710 5706
1710 8159
1710 4617
1710 3962
1710 3655
1710 3467
1710 3234
1710 2953
1710 2826
1710 2231
1710 1813
1710 8691
1710 8315
1710 4949
1710 4943
1710 4620
1710 2954
1710 2685
1710 2634
1710 2310
1712 5164
1712 4747
1712 3525
1712 2358
1712 2095
1712 8318
1712 8039
1712 7582
1712 5472
1712 5412
1712 2761
1713 7558
1714 8001
1714 6916
1715 5752
1715 5746
1715 5574
1715 5414
1715 4747
1715 3771
1715 2417
1715 8316
1715 7298
1715 7257
1715 7067
1715 5934
1715 5776
1715 5429
1715 5357
1715 5304
1715 5267
1715 4849
1715 4782
1715 3229
1715 2784
1715 2715
1715 2700
1715 2556
1715 1910
1715 8665
1715 8175
1715 2505
1715 2211
1716 4285
1716 4241
1717 8410
1717 7108
1717 3325
1717 7510
1717 5985
1717 4433
1717 4378
1717 4190
1717 3619
1717 2453
1717 1843
1718 5745
1718 5681
1718 1897
1718 8223
1718 7142
1718 6053
1718 2977
1718 1917
1719 8044
1720 7676
1720 7016
1720 8606
1720 8531
1720 6453
1720 5830
1720 3799
1720 2692
1720 4083
1721 7217
1721 6683
1721 5466
1721 8179
1721 7321
1721 7031
1721 4739
1721 2949
1721 2939
1721 1947
1721 1867
1721 8636
1721 7823
1721 5476
1721 3322
1721 3153
1721 2411
1721 1803
1722 7824
1722 4824
1722 2204
1722 1899
1722 4148
1722 4076
1723 8026
1723 4783
1726 8205
1726 8740
1726 8390
1726 5767
1726 5381
1726 3262
1726 2963
1726 2955
1726 2884
1726 2178
1726 2003
1726 7862
1726 4943
1726 2270
1727 7362
1727 2849
1728 8241
1728 5886
1729 4058
1731 7473
1731 3331
1731 7831
1731 7665
1731 5561
1732 7907
1732 6108
1732 4287
1732 2173
1736 6732
1736 7551
1736 4084
1736 1901
1737 7633
1737 7311
1737 5847
1737 2852
1737 8392
1737 8122
1737 6387
1737 5447
1737 5272
1737 4920
1737 2750
1737 2411
1737 7000
1737 4130
1738 8030
1738 2413
1739 6981
1739 3513
1739 2411
1739 5880
1739 5555
1739 3176
1739 2069
1740 2813
1740 5096
1740 2485
1741 2842
1741 1887
1741 7505
1741 5103
1742 8485
1742 6005
1742 5953
1742 5295
1742 5271
1742 4919
1742 3923
1742 3345
1742 3061
1742 3024
1742 1798
1742 8651
1742 8649
1742 7905
1742 5394
1742 5391
1742 4215
1742 3803
1742 3038
1742 2323
1742 4144
1742 3189
1743 8679
1744 8310
1744 8272
1744 8173
1744 7810
1744 7287
1744 5973
1744 5786
1744 5641
1744 5636
1744 4769
1744 3086
1744 2945
1744 2387
1744 2233
1744 1991
1744 8739
1744 8465
1744 8309
1744 7867
1744 7782
1744 7699
1744 7642
1744 5766
1744 5627
1744 5486
1744 4621
1744 4619
1744 3108
1744 2227
1744 2104
1744 1900
1744 1858
1744 5081
1744 3117
1745 6987
1745 6953
1745 4818
1745 2875
1745 2635
1746 8299
1746 8210
1746 5991
1746 5608
1746 5274
1746 4964
1746 3120
1746 2935
1746 8331
1746 5778
1746 5740
1746 2625
1746 2315
1746 2009
1747 8155
1747 3539
1747 5974
1747 5801
1747 5306
1747 2846
1747 2508
1747 2197
1747 2122
1747 1822
1747 8327
1747 8314
1747 7126
1747 5551
1747 5118
1747 4942
1747 3115
1747 2444
1748 8037
1748 7838
1748 4605
1748 2971
1748 2226
1748 1914
1748 5544
1748 5441
1748 5342
1748 3109
1748 3062
1748 2596
1748 2044
1749 3700
1749 2403
1749 7021
1749 6479
1749 5829
1749 5317
1749 5223
1749 5180
1749 5110
1749 3350
1749 3156
1749 2821
1749 2734
1749 2442
1749 3267
1749 2686
1750 8598
1750 5254
1750 7536
1750 5386
1750 5302
1750 3258
1750 3257
1750 2983
1750 2936
1750 7751
1750 7611
1750 2961
1750 2434
1751 8011
1751 4770
1751 8189
1751 7548
1751 2430
1751 1990
1752 7367
1752 7322
1752 6516
1752 5706
1752 3861
1752 7481
1752 3737
1752 3037
1753 8227
1753 8447
1753 5650
1753 4835
1753 3496
1753 7212
1753 5958
1753 4854
1753 4567
1753 2884
1754 8548
1754 7982
1754 7821
1754 3295
1754 8317
1754 7116
1754 5797
1754 5497
1754 4957
1755 3266
1755 2692
1755 7710
1755 1783
1756 5403
1756 2122
1756 1835
1756 8327
1756 8262
1756 8195
1756 6651
1756 6547
1756 3179
1756 2664
1756 2635
1756 2194
1756 2068
1756 7204
1756 3301
1756 3008
1756 2738
1757 7966
1757 8209
1757 6951
1757 5705
1757 5144
1757 3229
1757 2345
1758 2231
1759 7621
1759 5509
1759 2243
1759 7654
1760 5058
1760 2716
1760 2367
1761 8262
1761 6442
1761 4745
1761 8559
1761 8242
1761 6477
1761 5578
1761 5128
1761 2473
1762 8417
1762 6012
1762 3968
1762 3698
1762 8742
1762 8516
1762 8471
1762 6639
1762 4543
1762 4188
1762 3835
1762 3395
1762 6445
1762 3651
1762 3328
1763 8515
1763 3823
1763 3811
1763 1797
1763 4095
1763 3776
1764 5785
1764 5170
1764 4566
1764 2104
1764 1917
1764 7752
1764 6307
1765 8423
1765 5461
1765 2337
1765 2328
1765 8158
1765 6707
1765 6501
1765 5701
1765 5003
1765 4298
1765 2886
1765 2728
1765 2441
1765 1900
1766 7832
1766 7742
1766 7487
1766 6897
1766 5785
1766 3785
1766 8559
1766 6307
1766 3205
1767 8131
1767 7793
1767 7639
1767 7490
1767 5966
1767 5777
1767 5285
1767 5249
1767 4679
1767 2709
1767 2679
1767 2003
1767 1928
1767 1786
1767 8650
1767 8305
1767 8118
1767 7782
1767 7405
1767 6955
1767 5784
1767 5680
1767 3110
1767 2856
1767 2755
1767 2743
1767 2696
1767 2682
1767 2503
1767 2434
1767 5475
1767 4789
1768 8099
1768 5302
1768 4850
1768 2589
1768 8754
1768 7791
1768 6590
1768 5718
1768 2779
1768 2754
1768 2275
1768 2263
1768 1832
1769 7699
1769 6875
1769 5785
1769 5675
1769 3939
1769 2947
1769 2348
1769 2214
1769 8370
1770 7541
1770 7382
1770 6478
1770 6438
1770 5805
1770 5516
1770 3286
1770 2928
1770 2468
1770 2218
1770 1813
1770 8746
1770 8723
1770 8481
1770 8325
1770 8150
1770 7789
1770 7646
1770 7637
1770 7632
1770 6814
1770 6609
1770 6468
1770 5956
1770 5864
1770 5859
1770 5817
1770 5790
1770 5628
1770 5304
1770 5124
1770 4952
1770 4622
1770 4187
1770 3451
1770 3226
1770 2593
1770 2581
1770 2155
1770 1789
1770 8502
1770 8370
1770 2738
1770 2493
1771 8659
1771 8734
1771 7975
1771 6875
1771 5790
1771 5390
1771 4194
1771 3758
1771 2587
1771 5030
1771 4838
1771 4762
1771 3066
1772 5816
1772 5789
1772 5777
1772 5543
1772 5337
1772 3962
1772 3523
1772 3043
1772 2798
1772 2419
1772 8555
1772 8170
1772 8115
1772 7862
1772 7668
1772 7629
1772 5751
1772 5468
1772 5282
1772 5122
1772 5115
1772 4599
1772 4160
1772 3762
1772 3190
1772 3136
1772 2926
1772 2880
1772 2856
1772 2836
1772 2155
1773 8104
1773 2059
1773 1891
1773 7138
1773 5086
1773 4959
1773 4769
1773 3948
1773 2756
1773 2213
1773 1961
1773 1843
1773 7294
1773 5800
1773 5776
1773 5293
1773 3106
1773 2758
1773 2262
1774 5306
1774 3257
1774 7626
1774 7126
1774 6036
1774 6005
1774 5835
1774 5211
1774 3773
1774 3111
1774 3013
1774 2957
1774 2586
1774 1776
1774 1775
1774 7837
1774 4692
1774 2493
1775 8428
1775 5121
1775 2905
1775 2709
1775 2269
1775 2200
1775 1791
1775 8628
1775 8536
1775 8440
1775 7298
1775 5756
1775 5619
1775 5289
1775 5222
1775 4101
1775 3201
1775 2757
1775 1925
1775 4623
1775 2473
1776 7805
1776 7599
1776 2753
1776 8751
1776 8492
1776 8458
1776 8328
1776 7619
1776 7417
1776 6955
1776 6005
1776 5956
1776 5939
1776 5548
1776 5202
1776 5029
1776 4939
1776 3758
1776 3603
1776 3093
1776 2931
1776 2930
1776 2755
1776 2665
1776 2474
1776 2354
1776 2248
1776 2224
1776 1785
1776 5639
1776 4609
1776 3134
1776 2399
1777 7668
1777 7068
1777 5229
1777 4601
1777 4165
1777 3961
1777 3101
1777 2950
1777 2927
1777 2256
1777 1785
1777 8190
1777 6537
1777 4586
1777 3023
1777 1805
1777 7681
1777 5523
1778 8534
1778 8311
1778 8146
1778 7423
1778 7415
1778 5774
1778 5164
1778 2699
1778 2453
1778 8663
1778 8495
1778 8217
1778 7828
1778 7629
1778 7609
1778 6571
1778 4620
1778 3614
1778 3132
1778 3115
1778 3100
1778 2425
1778 2100
1779 7120
1779 3931
1779 8481
1779 7975
1779 5943
1779 5764
1779 5680
1779 5619
1779 5308
1779 5108
1779 4968
1779 2772
1779 2728
1779 8512
1779 6241
1779 5431
1779 4215
1779 1969
1780 6478
1780 5487
1780 5363
1780 4867
1780 3943
1780 3510
1780 3156
1780 2778
1780 2429
1780 2122
1780 8467
1780 8292
1780 7862
1780 7800
1780 7642
1780 7587
1780 6581
1780 5956
1780 5644
1780 5633
1780 5619
1780 5310
1780 5244
1780 3938
1780 3207
1780 2841
1780 2691
1780 2610
1780 2274
1780 2129
1780 8512
1780 8175
1780 4872
1780 4789
1780 3743
1781 8661
1781 8647
1781 8204
1781 7439
1781 5482
1781 5401
1781 4794
1781 2697
1781 1922
1781 7795
1781 7477
1781 6707
1781 6523
1781 5807
1781 5619
1781 5551
1781 5434
1781 5227
1781 4592
1781 4274
1781 3775
1781 2660
1781 2074
1782 8183
1782 7463
1782 5688
1782 5642
1782 5605
1782 2899
1782 2357
1782 1828
1782 8747
1782 8306
1782 5458
1782 5409
1782 3724
1782 2776
1782 2286
1782 2053
1782 1925
1783 7831
1783 8266
1783 5313
1783 4445
1784 8717
1784 4722
1784 8151
1784 6464
1784 5605
1784 4581
1784 8459
1784 5835
1784 5817
1784 5107
1784 4952
1784 3099
1784 2274
1784 2068
1784 1931
1785 8672
1785 8655
1785 6310
1785 3618
1785 2874
1785 8565
1785 8492
1785 8295
1785 7703
1785 7653
1785 7294
1785 5784
1785 5640
1785 5631
1785 4283
1785 3832
1785 3106
1785 2891
1785 2503
1785 2115
1785 2052
1785 1798
1785 8132
1785 4717
1785 4137
1785 4021
1785 3743
1785 3716
1785 3268
1785 2296
1786 6733
1786 8101
1786 7981
1786 7962
1786 6068
1786 5805
1786 5237
1786 4867
1786 4774
1786 2442
1786 2077
1786 7296
1786 6569
1786 5953
1786 5279
1786 3252
1786 3148
1787 5072
1787 3539
1787 3491
1787 2159
1787 8428
1787 7313
1787 5645
1787 4679
1787 3936
1787 3320
1787 8462
1787 8201
1787 7777
1787 7622
1787 7422
1787 5803
1787 5134
1787 2941
1788 2138
1788 8687
1788 8065
1788 7836
1788 3404
1788 1853
1788 7279
1789 7930
1789 7826
1789 6015
1789 5777
1789 5114
1789 2846
1789 2773
1789 2537
1789 8624
1789 8532
1789 8178
1789 7531
1789 7422
1789 7116
1789 6970
1789 6468
1789 5821
1789 5620
1789 5497
1789 4943
1789 4812
1789 3305
1789 2596
1789 2052
1789 1910
1789 1842
1789 5647
1789 4663
1789 3637
1789 2980
1789 2677
1790 8664
1790 8125
1790 5444
1790 4950
1790 4270
1790 2768
1790 2682
1790 2665
1790 2664
1790 2208
1790 8575
1790 8377
1790 8061
1790 6595
1790 5707
1790 4789
1790 4459
1790 4014
1790 3119
1790 2544
1791 7959
1791 7488
1791 5965
1791 5482
1791 5166
1791 4438
1791 4383
1791 3001
1791 2958
1791 2066
1791 8652
1791 8459
1791 7634
1791 5117
1791 4622
1791 2872
1792 5857
1792 8635
1792 8151
1792 8117
1792 7488
1792 4443
1792 2620
1792 8196
1792 5756
1792 4603
1792 4195
1792 2443
1792 1976
1792 1936
1793 8721
1793 5059
1793 4764
1793 4177
1793 2573
1794 8485
1794 8295
1794 7618
1794 7296
1794 5923
1794 5751
1794 5429
1794 5208
1794 3305
1794 2701
1794 2155
1794 7870
1794 5996
1794 5341
1794 5309
1794 2422
1794 1964
1794 8520
1794 4083
1794 1799
1795 8756
1795 8744
1795 8066
1795 7925
1795 5789
1795 3931
1795 3798
1795 3215
1795 2770
1795 2643
1795 2639
1795 2468
1795 2077
1795 6458
1795 5790
1795 5632
1795 3518
1795 2781
1795 2320
1795 2451
1796 7378
1796 6135
1796 5702
1796 5648
1796 2099
1796 1911
1796 3624
1797 8757
1797 8542
1797 8385
1797 2489
1797 2252
1797 8663
1797 8485
1797 8226
1797 8178
1797 5471
1797 5244
1797 4095
1797 3095
1797 2105
1798 8324
1798 7457
1798 7031
1798 5612
1798 5164
1798 5121
1798 3129
1798 2279
1798 8751
1798 8691
1798 8625
1798 8565
1798 8491
1798 8485
1798 8466
1798 8307
1798 8140
1798 8119
1798 7751
1798 7611
1798 7132
1798 6020
1798 6010
1798 5358
1798 4973
1798 4770
1798 4104
1798 3540
1798 2627
1798 2272
1798 1915
1798 8254
1798 6018
1798 5402
1798 3212
1799 8470
1799 5452
1799 3858
1799 3787
1799 6302
1799 3237
1800 7981
1800 7457
1800 6635
1800 5145
1800 3936
1800 3742
1800 2592
1800 8624
1800 8522
1800 7141
1800 6609
1800 5766
1800 5754
1800 4927
1800 3387
1800 2670
1800 2617
1800 2267
1800 2081
1800 1986
1801 6931
1801 6600
1801 5528
1801 6897
1801 6651
1801 3738
1801 3149
1801 2682
1801 2104
1802 6683
1802 5545
1802 8437
1802 8173
1802 8079
1802 8003
1802 7679
1802 7592
1802 5477
1802 4715
1802 2981
1802 2936
1802 2709
1802 8351
1802 7566
1802 5104
1802 3938
1802 3263
1802 3030
1802 2924
1802 2258
1803 8428
1803 8267
1803 8069
1803 6106
1803 4679
1803 2949
1803 2615
1803 6809
1803 5942
1803 5808
1803 5670
1803 5282
1803 4620
1803 4182
1803 3431
1803 3132
1803 2776
1803 2771
1803 2682
1803 2523
1803 2354
1803 2286
1803 2222
1803 2063
1803 6957
1803 3239
1803 2881
1804 8137
1804 7189
1804 6105
1804 5138
1805 8119
1805 7292
1805 5468
1805 5104
1805 4841
1805 4712
1805 3098
1805 3095
1805 2548
1805 2272
1805 2267
1805 1862
1805 8236
1805 7798
1805 5475
1805 4219
1805 2751
1805 1911
1805 1892
1806 3261
1806 7788
1806 5204
1807 5205
1807 4292
1807 8173
1807 5419
1807 4715
1807 3943
1807 3258
1807 2939
1807 2531
1807 8119
1807 7637
1807 7611
1807 7247
1807 5848
1807 5476
1807 3029
1807 2377
1807 2258
1808 8422
1808 8667
1808 8626
1808 8475
1808 7633
1808 6046
1808 5239
1808 3650
1808 2869
1808 2821
1808 2453
1808 1822
1808 8479
1808 7317
1808 5232
1808 3840
1808 3029
1808 2638
1808 2586
1808 2428
1809 7481
1809 4534
1809 3196
1809 2805
1809 2728
1809 2503
1809 7547
1810 3723
1810 3615
1810 4974
1810 4658
1810 4279
1810 3821
1810 3760
1810 2726
1810 2073
1811 7361
1811 6114
1811 2178
1811 5705
1811 5615
1811 5308
1811 3322
1811 3030
1811 2730
1811 2556
1811 5858
1811 4133
1811 4009
1812 5105
1812 4479
1812 8378
1812 8329
1812 8154
1812 7576
1812 7068
1812 6065
1812 5784
1812 5766
1812 5754
1812 5631
1812 5424
1812 4543
1812 3963
1812 3780
1812 3114
1812 3019
1812 2940
1812 2690
1812 2034
1812 7621
1812 5033
1812 3747
1812 2037
1813 7468
1813 7448
1813 7308
1813 5255
1813 1893
1813 8534
1813 8400
1813 7826
1813 5367
1813 2963
1813 2591
1813 2358
1813 2226
1813 2164
1813 8535
1813 8329
1813 6650
1813 6112
1813 4274
1813 3540
1813 3163
1813 3137
1813 2695
1813 2274
1813 1936
1814 3261
1814 8593
1814 5920
1814 3279
1814 2479
1814 2003
1814 8055
1814 8012
1814 5797
1814 3632
1815 7576
1815 2153
1815 8678
1815 3251
1816 5854
1816 2705
1816 2096
1816 8091
1816 2220
1817 8565
1817 8488
1817 8411
1817 8178
1817 7642
1817 5839
1817 5754
1817 5112
1817 4964
1817 4892
1817 3767
1817 3284
1817 3131
1817 3112
1817 3095
1817 3089
1817 3019
1817 2831
1817 2775
1817 2263
1817 2224
1817 1910
1817 7625
1817 7459
1817 6952
1817 5760
1817 4029
1817 2254
1818 5477
1818 4966
1818 4854
1818 4792
1818 3254
1818 3006
1818 8191
1818 8006
1818 7596
1818 6590
1818 6026
1818 5283
1818 3935
1818 3608
1818 3036
1818 3015
1818 2089
1818 1907
1818 8498
1818 2783
1819 3405
1820 4864
1820 2736
1820 2303
1820 3296
1822 6953
1822 5516
1822 5463
1822 3850
1822 2095
1822 8487
1822 8125
1822 8096
1822 6000
1822 5548
1822 5450
1822 5395
1822 5126
1822 4949
1822 3122
1822 2897
1822 2424
1822 2343
1822 2089
1823 8479
1823 8307
1823 7458
1823 7290
1823 4982
1823 4788
1823 3623
1823 3195
1823 3095
1823 1866
1823 3651
1823 3500
1823 2719
1823 2009
1823 1911
1823 3012
1824 5045
1825 8697
1825 8585
1825 3354
1825 7534
1827 7930
1827 6068
1827 5535
1827 5403
1827 5239
1827 2613
1827 8646
1827 8491
1827 8489
1827 8316
1827 8209
1827 8128
1827 4601
1827 3317
1827 3207
1827 3201
1827 3101
1827 2660
1827 2587
1827 2150
1827 7656
1827 5606
1827 4595
1827 3845
1827 2512
1828 7912
1828 7439
1828 5920
1828 5908
1828 5518
1828 5467
1828 5463
1828 3129
1828 8739
1828 8191
1828 7797
1828 7309
1828 7141
1828 5675
1828 5549
1828 5289
1828 5080
1828 4138
1828 3753
1828 3226
1828 3121
1828 3061
1828 2921
1828 2576
1830 7141
1830 7063
1830 4985
1830 2917
1830 1921
1830 7812
1830 3311
1830 1846
1831 5530
1832 7833
1832 7457
1832 5792
1832 4955
1832 3968
1832 3613
1832 2639
1832 1835
1832 8723
1832 8325
1832 8178
1832 7741
1832 7629
1832 7624
1832 5945
1832 5808
1832 5626
1832 5117
1832 4933
1832 3401
1832 2706
1832 1977
1832 4925
1832 2903
1833 8752
1833 7486
1833 6041
1833 5876
1833 5638
1833 3206
1833 2966
1833 2868
1833 2821
1833 2526
1833 2226
1833 2003
1833 8490
1833 8469
1833 8315
1833 8191
1833 7265
1833 6758
1833 5607
1833 5294
1833 3603
1833 3088
1833 2996
1833 2925
1834 8556
1834 7927
1834 5353
1834 4922
1834 6609
1835 8298
1835 4625
1835 3581
1835 3277
1835 3185
1835 3086
1835 2508
1835 2197
1835 8728
1835 8485
1835 8467
1835 8181
1835 7957
1835 7814
1835 7789
1835 7068
1835 6571
1835 5298
1835 5276
1835 4566
1835 3939
1835 3935
1835 3840
1835 3269
1835 3099
1835 2920
1835 2841
1835 2732
1835 1842
1836 7137
1837 8213
1837 6987
1837 5816
1837 5554
1837 5382
1837 4438
1837 3456
1837 2992
1837 2824
1837 2592
1837 2051
1837 8456
1837 8335
1837 8306
1837 8145
1837 7648
1837 7316
1837 5953
1837 5615
1837 5611
1837 5395
1837 5358
1837 5126
1837 5117
1837 5107
1837 3099
1837 2721
1837 2624
1837 2609
1837 2267
1837 2068
1837 1842
1838 8297
1838 7840
1838 6966
1838 6065
1838 5617
1838 5344
1838 5272
1838 5109
1838 3281
1838 3163
1838 3103
1838 3029
1838 2941
1838 2416
1838 2155
1838 7625
1838 5150
1838 3268
1838 2760
1838 2296
1839 7468
1839 7930
1839 7120
1839 6780
1839 6635
1840 5750
1840 2846
1840 8636
1840 8458
1840 8414
1840 8309
1840 8168
1840 6557
1840 5949
1840 5117
1840 4949
1840 4599
1840 4187
1840 4101
1840 3329
1840 3317
1840 3004
1840 2566
1840 2432
1840 8575
1840 8470
1840 7917
1840 6984
1841 2367
1841 1957
1842 5477
1842 5381
1842 8718
1842 8462
1842 8140
1842 8118
1842 7668
1842 6624
1842 6112
1842 6000
1842 5963
1842 5630
1842 5629
1842 5497
1842 5153
1842 5124
1842 4982
1842 4849
1842 4175
1842 4119
1842 3437
1842 3362
1842 3269
1842 2922
1842 2771
1842 8245
1842 3602
1842 3282
1842 2288
1843 8671
1843 7864
1843 5329
1843 5171
1843 3658
1843 1932
1843 8044
1843 7639
1843 7425
1843 6948
1843 5140
1843 2427
1843 1928
1843 5058
1844 8118
1844 5972
1844 3831
1844 7605
1846 4139
1846 6058
1846 5661
1846 4043
1847 8340
1847 6900
1847 5329
1847 4988
1847 4072
1847 3740
1847 1871
1847 8194
1847 7523
1847 7212
1847 5767
1847 5403
1847 5196
1847 3777
1847 2905
1847 2825
1848 7744
1848 5163
1848 3232
1848 7360
1848 2684
1849 7902
1849 6702
1849 6310
1849 6186
1849 4784
1849 3857
1849 3155
1849 6472
1849 5058
1849 3061
1849 3016
1849 2836
1849 2102
1850 7142
1851 8155
1851 2293
1851 8269
1851 5962
1851 5761
1851 5105
1851 3523
1851 3143
1851 2912
1851 2823
1851 2626
1851 2182
1851 1947
1851 7777
1851 6569
1851 3785
1852 8188
1852 6668
1852 4438
1852 5307
1852 5097
1852 4667
1852 3945
1852 3078
1852 2595
1853 6143
1853 4594
1853 3265
1853 6773
1853 5551
1853 5377
1853 2723
1853 2010
1854 8721
1854 8332
1854 7932
1854 4940
1854 8480
1854 6589
1854 5143
1854 4449
1854 2822
1854 2277
1854 1900
1856 7805
1856 5962
1856 2412
1856 8319
1856 8303
1856 8302
1856 7911
1856 7079
1856 6487
1856 5947
1856 5358
1856 4078
1856 2794
1856 2745
1856 2733
1856 2624
1856 2458
1856 2127
1856 2089
1857 6643
1857 3740
1857 3648
1857 2039
1857 7613
1857 7449
1857 6012
1857 5941
1857 3595
1857 3373
1857 2944
1858 7888
1858 5832
1858 5616
1858 5436
1858 8728
1858 7631
1858 6875
1858 4194
1858 3944
1858 3918
1858 2179
1859 7448
1859 5545
1859 5205
1859 8744
1859 7403
1859 6568
1859 6118
1859 5752
1859 5495
1859 5114
1859 3355
1859 2826
1859 1894
1859 8628
1859 8483
1859 6951
1859 5104
1859 3340
1859 2822
1859 2777
1859 2443
1859 1981
1859 1920
1860 8378
1860 8299
1860 7795
1860 7531
1860 5775
1860 5440
1860 5295
1860 4956
1860 4812
1860 4274
1860 3470
1860 3089
1860 2940
1860 2831
1860 2781
1860 2670
1860 2305
1860 2102
1860 1977
1860 8300
1860 8268
1860 5127
1860 4246
1860 2430
1861 8478
1861 5929
1861 5761
1861 8677
1861 8581
1861 7118
1861 6966
1861 6569
1861 5629
1861 5481
1861 5432
1861 5395
1861 5301
1861 4939
1861 4859
1861 4096
1861 3264
1861 2602
1861 2281
1862 8151
1862 7604
1862 7486
1862 5114
1862 3295
1862 2276
1862 8532
1862 8442
1862 8258
1862 8109
1862 5991
1862 5955
1862 5481
1862 5310
1862 5220
1862 5136
1862 4929
1862 3345
1862 3340
1862 3093
1862 2932
1862 2538
1862 2215
1862 6675
1862 5760
1862 5150
1862 4768
1863 7604
1863 5954
1863 5105
1863 3951
1863 2753
1863 8496
1863 8469
1863 6442
1863 5802
1863 5614
1863 5607
1863 5544
1863 5278
1863 5197
1863 4983
1863 4934
1863 4823
1863 4603
1863 4587
1863 3923
1863 3264
1863 3100
1863 2948
1863 2816
1863 2596
1863 2256
1863 1926
1863 8245
1863 8175
1863 7985
1863 4663
1863 4561
1863 3858
1863 2980
1863 2760
1864 8265
1864 6478
1864 5810
1864 5767
1864 4185
1864 2429
1864 8691
1864 7825
1864 7531
1864 7373
1864 4849
1864 4283
1864 2956
1864 8514
1864 8472
1864 5575
1864 3600
1864 2422
1864 2184
1866 7634
1866 7317
1866 5952
1866 5817
1866 5755
1866 5445
1866 5300
1866 3137
1866 2096
1866 1946
1866 3600
1866 3272
1867 8671
1867 8279
1867 5569
1867 4820
1867 8759
1867 8645
1867 5908
1867 4635
1867 3400
1867 8486
1867 8465
1867 7800
1867 5315
1867 5298
1867 4939
1867 3122
1867 2716
1868 7668
1868 7653
1868 7303
1868 6589
1868 5625
1868 4951
1868 4205
1868 3226
1868 2900
1868 2762
1868 8463
1868 4193
1868 3066
1868 1923
1868 3169
1869 7511
1869 6063
1869 5355
1869 4503
1869 4446
1869 8697
1869 8143
1869 7990
1869 7427
1869 4794
1869 4279
1869 3400
1869 3262
1869 2945
1869 2893
1869 2357
1869 2268
1869 7115
1869 5586
1869 4973
1869 4707
1869 3930
1869 2091
1869 1913
1871 8227
1871 3489
1871 7484
1871 7237
1871 4722
1871 1932
1871 5786
1871 4625
1871 2319
1871 2291
1871 2253
1871 2092
1872 8201
1872 8138
1872 8129
1872 7957
1872 7872
1872 7620
1872 6970
1872 6650
1872 5952
1872 5701
1872 5412
1872 5295
1872 3717
1872 3601
1872 3372
1872 3111
1872 3014
1872 2931
1872 1966
1872 5822
1872 5760
1872 4853
1872 2952
1872 2631
1872 2349
1872 2140
1873 8324
1873 7553
1873 5836
1873 2364
1873 2197
1873 1916
1873 8137
1873 7686
1873 5828
1873 5486
1873 5117
1873 5113
1873 5029
1873 4529
1873 3927
1873 3102
1873 2655
1873 2598
1873 7630
1873 3748
1873 3126
1874 6040
1874 4152
1876 7966
1876 7687
1876 2828
1876 2704
1876 6487
1876 1886
1877 8551
1877 8377
1877 4042
1877 3858
1877 8275
1878 8648
1878 5898
1878 4922
1878 4019
1878 3397
1878 3262
1878 2842
1878 2199
1878 8581
1878 8490
1878 8319
1878 7479
1878 7298
1878 7068
1878 6523
1878 5008
1878 2875
1880 8577
1880 7680
1880 6927
1880 8018
1880 7981
1880 5816
1880 2868
1880 2855
1880 2340
1881 7042
1881 1988
1881 8417
1881 5985
1881 2668
1881 7118
1881 1981
1882 7590
1882 6532
1882 4117
1882 3712
1882 5257
1882 2194
1882 6749
1882 5426
1882 3222
1883 7490
1883 6958
1883 5965
1883 5810
1883 5786
1883 5427
1883 5110
1883 4787
1883 4617
1883 4454
1883 3618
1883 3087
1883 2219
1883 1961
1883 8473
1883 7751
1883 7146
1883 7012
1883 6619
1883 5949
1883 5934
1883 5540
1883 5507
1883 5270
1883 4812
1883 4775
1883 3782
1883 3147
1883 3102
1883 2576
1883 2068
1883 7647
1883 6018
1883 4750
1883 3232
1883 1908
1885 7618
1885 7373
1885 7283
1886 2094
1886 8488
1886 8184
1886 8135
1886 7893
1886 5949
1886 5683
1886 5119
1886 4977
1886 4612
1886 3949
1886 3614
1886 3372
1886 2244
1886 2224
1886 8731
1886 8086
1886 4969
1887 5321
1887 3861
1887 5833
1887 5750
1887 3073
1887 2530
1887 2420
1887 1951
1887 8379
1887 8199
1887 5840
1887 1906
1888 8517
1888 7848
1888 7639
1888 7599
1888 7463
1888 5786
1888 5457
1888 5414
1888 5340
1888 5225
1888 4769
1888 4106
1888 3948
1888 2603
1888 2594
1888 8641
1888 8442
1888 8320
1888 8011
1888 7987
1888 7673
1888 7257
1888 6571
1888 5956
1888 5839
1888 5782
1888 5388
1888 5300
1888 4946
1888 4812
1888 4630
1888 3195
1888 3046
1888 2810
1888 2201
1888 8665
1888 8551
1888 7842
1888 5639
1888 1923
1889 8633
1889 8079
1889 7150
1889 3158
1889 2594
1889 8479
1889 8121
1889 6585
1889 5643
1889 3148
1889 3147
1890 8301
1890 5851
1890 7471
1890 7256
1890 5927
1891 8279
1891 6691
1891 5837
1891 5502
1891 3648
1891 3582
1891 3438
1891 8526
1891 7403
1891 5798
1891 5180
1891 4787
1891 3262
1891 3258
1891 2960
1891 2218
1892 5412
1892 8254
1892 7564
1892 5971
1892 5443
1892 5081
1892 4937
1892 4700
1892 4451
1892 4045
1892 3282
1892 3231
1892 3116
1892 2819
1892 2760
1892 2677
1892 2140
1892 6785
1893 5063
1893 8407
1893 4988
1893 2435
1893 8428
1893 8321
1893 8136
1893 7885
1893 5554
1893 5446
1893 5437
1893 2341
1894 7864
1894 8304
1894 7692
1894 6850
1894 5958
1894 5260
1894 3521
1894 2433
1894 1914
1894 5961
1894 5586
1894 5395
1895 7457
1895 3764
1895 3382
1895 3315
1895 8468
1895 6914
1895 5269
1895 5101
1895 2272
1895 2266
1895 5154
1896 8731
1896 4451
1896 8284
1897 5463
1897 3382
1897 3277
1897 2869
1897 2646
1897 6522
1897 3738
1897 3605
1897 3106
1897 2014
1898 8542
1898 7246
1898 4655
1898 3006
1898 2484
1898 8745
1898 8480
1898 7515
1898 5946
1898 8545
1898 4779
1899 5356
1899 3007
1900 7599
1900 7287
1900 8262
1900 7742
1900 3693
1900 3179
1900 2932
1900 2694
1900 2277
1900 8245
1900 6686
1901 6143
1901 5917
1901 6522
1902 6548
1902 6520
1902 5920
1902 5427
1902 4596
1902 3690
1902 2842
1902 8482
1902 4667
1902 4165
1902 3249
1902 2093
1903 4854
1903 8507
1903 4283
1904 4123
1904 3857
1904 2697
1904 5206
1904 4464
1905 7187
1905 6516
1905 5986
1905 3187
1905 8099
1905 7606
1905 5337
1905 4626
1905 3956
1905 3355
1905 2453
1905 2412
1905 2095
1905 8181
1905 5949
1905 5947
1905 5784
1905 5622
1905 5614
1905 5104
1905 4973
1905 4620
1905 3269
1905 2586
1905 2098
1906 8249
1906 5353
1906 4036
1906 8455
1906 8261
1906 3779
1906 2093
1907 8757
1907 5777
1907 5110
1907 3143
1907 2709
1907 2268
1907 2056
1907 8302
1907 5972
1907 5718
1907 5395
1907 2879
1907 2701
1907 2421
1907 2064
1908 8631
1908 7741
1908 6454
1908 5755
1908 5617
1908 5347
1908 5232
1908 5008
1908 4712
1908 4615
1908 3926
1908 3264
1908 3226
1908 3097
1908 2921
1908 1920
1908 8575
1908 7905
1908 7747
1908 7491
1908 7681
1908 6963
1909 7958
1909 5725
1909 3766
1909 2221
1909 8458
1909 5687
1909 4927
1909 3082
1909 5475
1910 7788
1910 5797
1910 5784
1910 5754
1910 5424
1910 3929
1910 3772
1910 3758
1910 3495
1910 3470
1910 3137
1910 3089
1910 2775
1910 2634
1910 2627
1910 1931
1910 8502
1911 8638
1911 8135
1911 7676
1911 6442
1911 5216
1911 4963
1911 2792
1911 2732
1911 8219
1911 8164
1911 5514
1911 2751
1911 3217
1911 3011
1912 7872
1912 5440
1912 2485
1912 8546
1912 5778
1912 3804
1912 2140
1912 5005
1912 4083
1913 8298
1913 7848
1913 7606
1913 6462
1913 5902
1913 4117
1913 3298
1913 3173
1913 2949
1913 7304
1913 6574
1913 5964
1913 5644
1913 5113
1913 5106
1913 2987
1913 2837
1913 2609
1913 2426
1914 5158
1914 2853
1914 7616
1914 7481
1914 5801
1914 5367
1914 5164
1914 5105
1914 3928
1914 3254
1914 3253
1914 2943
1914 2782
1914 3148
1915 5960
1915 4626
1915 4289
1915 2791
1915 8329
1915 8011
1915 7703
1915 7428
1915 6617
1915 6584
1915 5956
1915 5807
1915 5787
1915 5623
1915 5458
1915 5179
1915 4951
1915 4674
1915 4603
1915 3233
1915 3195
1915 2931
1915 2927
1915 2507
1915 4717
1915 2422
1915 2352
1916 7457
1916 6852
1916 5346
1916 3599
1916 3392
1916 2951
1916 2801
1916 2722
1916 2427
1916 2086
1916 8643
1916 8220
1916 2664
1916 2624
1916 2474
1917 5883
1917 6897
1917 5434
1917 2498
1918 7287
1918 3357
1918 2798
1918 2591
1918 2342
1918 2056
1918 8532
1918 6609
1918 5441
1918 4812
1918 4771
1918 3437
1918 3098
1918 2920
1918 2675
1918 2634
1919 2901
1919 8740
1919 5482
1919 4562
1919 3288
1919 6585
1919 6559
1919 5991
1919 5267
1919 4610
1920 7788
1920 6987
1920 6464
1920 5414
1920 5273
1920 4941
1920 4747
1920 4117
1920 3766
1920 3510
1920 2640
1920 8718
1920 8555
1920 8493
1920 8185
1920 8141
1920 7626
1920 7257
1920 5955
1920 5817
1920 5358
1920 5115
1920 3785
1920 3779
1920 3329
1920 3226
1920 2944
1920 2937
1920 2748
1920 2634
1920 2428
1920 2320
1920 2264
1920 2224
1920 8502
1920 4789
1920 2980
1920 2751
1921 8749
1921 6953
1921 4214
1921 3473
1921 3104
1921 1922
1921 8372
1921 5404
1921 5109
1921 3304
1921 3235
1921 2348
1922 8113
1922 7287
1922 6478
1922 5516
1922 4819
1922 3957
1922 2580
1922 2324
1922 8623
1922 8041
1922 7595
1922 6964
1922 6960
1922 2624
1922 2179
1923 8723
1923 7084
1923 5956
1923 4929
1923 3083
1923 2845
1923 2634
1923 6646
1923 5830
1923 5413
1923 4912
1923 3934
1923 2820
1923 2711
1924 8410
1924 6961
1924 2542
1924 5847
1924 2873
1924 2589
1924 2205
1924 8677
1924 8114
1924 7271
1925 7120
1925 6060
1925 4947
1925 4747
1925 3456
1925 2821
1925 2178
1925 8747
1925 8465
1925 8460
1925 8303
1925 8216
1925 5957
1925 5393
1925 5274
1925 5119
1925 4892
1925 4812
1925 3935
1925 3106
1925 2748
1925 2604
1925 2588
1925 2145
1925 2536
1926 5805
1926 5729
1926 4438
1926 3155
1926 2218
1926 2062
1926 8747
1926 8320
1926 8302
1926 8299
1926 7309
1926 7123
1926 6614
1926 5756
1926 5300
1926 4543
1926 3775
1926 3289
1926 2629
1926 2434
1926 2255
1926 2115
1926 2096
1926 2063
1927 7668
1927 6468
1927 5782
1927 5284
1927 5202
1927 4987
1927 3793
1927 3207
1927 3136
1927 2891
1927 2701
1927 2583
1927 2096
1927 1986
1927 8733
1927 8419
1927 7792
1927 6646
1927 6621
1927 4750
1927 3268
1927 2834
1928 8475
1928 8461
1928 7830
1928 6600
1928 8191
1928 7079
1928 6617
1928 5633
1928 5580
1928 5450
1928 5434
1928 4956
1928 4592
1928 2781
1928 2695
1928 2286
1929 5662
1930 3978
1931 8162
1931 7600
1931 7490
1931 7311
1931 4887
1931 4635
1931 3611
1931 3234
1931 2709
1931 2226
1931 8652
1931 8467
1931 8466
1931 8402
1931 8388
1931 7795
1931 7641
1931 7072
1931 5790
1931 5445
1931 5315
1931 5300
1931 5279
1931 5226
1931 5113
1931 3754
1931 3229
1931 3094
1931 3029
1931 2879
1931 2841
1931 2105
1931 5760
1931 2536
1932 4878
1932 5375
1932 4292
1932 3166
1932 7455
1932 5786
1932 4658
1932 4636
1932 2992
1932 2027
1933 7599
1933 7287
1933 5290
1933 4089
1933 3943
1933 2773
1933 2603
1933 2047
1933 8650
1933 8529
1933 8128
1933 6919
1933 5955
1933 5216
1933 5211
1933 4939
1933 3362
1933 3118
1933 2776
1933 2177
1933 2089
1933 2068
1933 2008
1933 6483
1933 2980
1934 6489
1934 8592
1936 7275
1936 5746
1936 4887
1936 3467
1936 3167
1936 2919
1936 2429
1936 1944
1936 8641
1936 8628
1936 6584
1936 6576
1936 5782
1936 5586
1936 5548
1936 5388
1936 5274
1936 3437
1936 3105
1936 2961
1936 2956
1936 2160
1936 5893
1936 5475
1936 2907
1936 2903
1936 2536
1937 8074
1937 7300
1937 6575
1937 2459
1937 5890
1937 3511
1938 8258
1938 8222
1938 7741
1938 5799
1938 5749
1938 5229
1938 7994
1938 7621
1938 6459
1938 3686
1938 3239
1938 2692
1938 6695
1938 4627
1939 8092
1939 5100
1939 2173
1939 7492
1939 6086
1941 8258
1941 7620
1941 6619
1941 4170
1941 3207
1941 2752
1941 8308
1941 3711
1941 3168
1941 2350
1941 2349
1941 2296
1941 5676
1942 6106
1942 8745
1942 7891
1942 3281
1942 2507
1942 8083
1942 7979
1942 5648
1943 2797
1943 8069
1943 5908
1943 5436
1943 4452
1943 4172
1943 2949
1943 8558
1943 6814
1943 5551
1943 5407
1943 4614
1943 4218
1943 2814
1943 2656
1943 2588
1944 8671
1944 7239
1944 6214
1944 4584
1944 4548
1944 6012
1944 5960
1944 5196
1944 3009
1944 2452
1944 2260
1944 3754
1944 3744
1944 3103
1944 2695
1944 2655
1945 8667
1945 8249
1945 6438
1945 2874
1945 8597
1945 7483
1945 6875
1945 5859
1945 2999
1945 8705
1945 3232
1946 5346
1946 3850
1946 2182
1946 2042
1946 8133
1946 7953
1946 2927
1946 2767
1946 2743
1946 2444
1946 2320
1946 2349
1947 8447
1947 5355
1947 4516
1947 3801
1947 8645
1947 8169
1947 7721
1947 6850
1947 5729
1947 5446
1947 4178
1947 4120
1947 3619
1947 3462
1947 3139
1947 2584
1947 5385
1948 7182
1948 7124
1948 5818
1948 2067
1948 7605
1948 3922
1949 6707
1949 5959
1949 5818
1949 3960
1949 3783
1949 2447
1949 8514
1949 8472
1949 6595
1949 3117
1949 2738
1949 2298
1949 1979
1949 3586
1949 3186
1950 8487
1950 8325
1950 8314
1950 8214
1950 8191
1950 7618
1950 7294
1950 7079
1950 5804
1950 5548
1950 5310
1950 5131
1950 4823
1950 4165
1950 2946
1950 2845
1950 2829
1950 2571
1950 2258
1950 2228
1950 5806
1950 5572
1950 5400
1950 5368
1950 3500
1950 3063
1950 2284
1951 8730
1951 6449
1951 5491
1951 3185
1951 2603
1951 2370
1951 5764
1951 5464
1951 5449
1951 5358
1951 3136
1951 2875
1951 2055
1952 6592
1952 5881
1952 4148
1952 3049
1953 4798
1954 8697
1954 8321
1954 7925
1954 6757
1954 5196
1954 4974
1954 3931
1954 3206
1954 2949
1954 8152
1954 7741
1954 7487
1954 6584
1954 5275
1954 4924
1954 4788
1954 3236
1955 5398
1955 4930
1955 4552
1955 4109
1955 3210
1955 2922
1955 8512
1955 6495
1955 5155
1955 7496
1955 4489
1955 3237
1956 8749
1956 4625
1956 3690
1956 3104
1956 2645
1956 2616
1956 2526
1956 2056
1956 8317
1956 7292
1956 5622
1956 5197
1956 5134
1956 4973
1956 4944
1956 4929
1956 4612
1956 3767
1956 3756
1956 3322
1956 3103
1956 2305
1956 2068
1956 7769
1956 3537
1957 7249
1957 2235
1959 6631
1959 8619
1959 8581
1959 6650
1959 4985
1959 4929
1959 4094
1959 3604
1959 3200
1959 3101
1959 2875
1959 2771
1959 2609
1959 8164
1960 3539
1960 3302
1960 8730
1960 2419
1960 2370
1960 7115
1960 6651
1960 3753
1960 3255
1961 7187
1961 6645
1961 4548
1961 7960
1961 7461
1961 7398
1961 6678
1961 5761
1961 5281
1961 3521
1961 2943
1961 2848
1961 2591
1961 2178
1961 8636
1961 8436
1961 8329
1961 5956
1961 5953
1961 5945
1961 5867
1961 5276
1961 4932
1961 4598
1961 2571
1962 3486
1964 7624
1964 7297
1964 5216
1964 5118
1964 2771
1964 6952
1964 6031
1964 5341
1964 4215
1964 3831
1964 3808
1964 3134
1964 2834
1964 2736
1964 2284
1964 4627
1964 4083
1965 5055
1965 3701
1965 2745
1965 5394
1966 5816
1966 5290
1966 8535
1966 8436
1966 7453
1966 7317
1966 7285
1966 5776
1966 5683
1966 5587
1966 5342
1966 5307
1966 4944
1966 4615
1966 4543
1966 3157
1966 3120
1966 2883
1966 2566
1966 2535
1966 2802
1966 2461
1966 2283
1967 8510
1969 7866
1969 7641
1969 5300
1969 5101
1969 2927
1969 8361
1970 4992
1970 8088
1970 6403
1970 5900
1971 7984
1971 7745
1971 7523
1971 5463
1971 4971
1971 4777
1971 2869
1971 2668
1971 2489
1971 6590
1971 3106
1971 3095
1971 2514
1972 8405
1972 2445
1973 4097
1974 8667
1974 7958
1974 2622
1974 8216
1974 7673
1974 3593
1974 2822
1974 2781
1974 2227
1975 4312
1975 3307
1975 3171
1975 3824
1976 8757
1976 8635
1976 5612
1976 3655
1976 2898
1976 2223
1976 7405
1976 5797
1976 5624
1976 5106
1976 4987
1976 4944
1976 4782
1976 3949
1976 3111
1976 2987
1976 8370
1976 8245
1976 3063
1976 2283
1977 8417
1977 7490
1977 7321
1977 4556
1977 8488
1977 8411
1977 8292
1977 8270
1977 8222
1977 5540
1977 2836
1977 2690
1977 2380
1977 5760
1977 5209
1977 4969
1978 8212
1978 4172
1978 3358
1978 2892
1978 1980
1978 8557
1978 7970
1979 8638
1979 8201
1979 8145
1979 5770
1979 3937
1979 3604
1979 3148
1979 2654
1979 2089
1979 8616
1979 2877
1979 2820
1979 2124
1980 8080
1981 7826
1981 7650
1981 7430
1981 5713
1981 5473
1981 3158
1981 2543
1981 8638
1981 7632
1981 5952
1981 5613
1981 5221
1981 5130
1981 4932
1981 3152
1981 3100
1981 2224
1981 8665
1981 8621
1981 8331
1981 8175
1981 3543
1981 2738
1981 2398
1982 7805
1982 5995
1982 5771
1982 7970
1982 7867
1982 7131
1982 6640
1982 6579
1982 5934
1982 5800
1982 5634
1982 5280
1982 4107
1982 3935
1982 3030
1982 2228
1982 7277
1982 5969
1982 4246
1982 3272
1982 2618
1982 2607
1983 2896
1983 8521
1983 3142
1983 8739
1983 7596
1983 5548
1983 5472
1983 2843
1983 2638
1983 2434
1983 2428
1983 2273
1984 5589
1984 5092
1984 3838
1984 7623
1984 7523
1984 6948
1984 6462
1984 6310
1984 3299
1984 3034
1985 8548
1985 5708
1985 4747
1985 2778
1985 8493
1985 7975
1985 7893
1985 7405
1985 7141
1985 6696
1985 5597
1985 5468
1985 5376
1985 4105
1985 3645
1985 3517
1985 2224
1986 5234
1986 4940
1986 3090
1986 2773
1986 2094
1986 8638
1986 8442
1986 8414
1986 8335
1986 8123
1986 7800
1986 7476
1986 6624
1986 5787
1986 5705
1986 5701
1986 5409
1986 5308
1986 5307
1986 5099
1986 4115
1986 3207
1986 3118
1986 3062
1986 2910
1986 2822
1986 2705
1986 2691
1986 2634
1986 2576
1986 6586
1986 5637
1986 5135
1986 3232
1986 2669
1986 2315
1987 8419
1987 7988
1987 3237
1988 8097
1988 3325
1988 2111
1988 8204
1988 7639
1988 6114
1988 4383
1989 7200
1989 8591
1990 8472
1990 7985
1990 5723
1990 3377
1990 7665
1991 4503
1991 4292
1991 3855
1991 8324
1991 8213
1991 8146
1991 6041
1991 5418
1991 2888
1991 2094
1991 8479
1991 5779
1991 4934
1991 2686
1991 2423
1991 2277
1992 3989
1992 4131
1992 2197
1993 5028
1993 8392
1993 8316
1993 5057
1993 3833
1993 3470
1993 3372
1993 3148
1993 8148
1994 8076
1995 8389
1995 7842
1995 2323
1995 3649
1996 7995
1996 7680
1996 8633
1996 7150
1996 5970
1996 5795
1996 5386
1996 4346
1996 2919
1996 2893
1996 7631
1996 5390
1996 4610
1997 4837
1998 8146
1998 8112
1998 6956
1998 5437
1998 3472
1998 2626
1998 5586
1998 3761
2000 5539
2001 5419
2001 3472
2001 2862
2001 2645
2001 8168
2001 7366
2001 7067
2001 6297
2001 5587
2001 3039
2001 2775
2001 2212
2001 8198
2001 7798
2002 8112
2002 7510
2002 6462
2002 5777
2002 4279
2002 2450
2002 8658
2002 7521
2002 6498
2002 5096
2002 2732
2002 2656
2002 2057
2002 7474
2003 3261
2003 8311
2003 7655
2003 7600
2003 3798
2003 3581
2003 3139
2003 2960
2003 2623
2003 8529
2003 8487
2003 8482
2003 8273
2003 7653
2003 7611
2003 5565
2003 5399
2003 5274
2003 4622
2003 4115
2003 3926
2003 3762
2003 3322
2003 3269
2003 3229
2003 2954
2003 2774
2003 2707
2003 2629
2004 8708
2004 6568
2004 6427
2004 5725
2004 4760
2004 6951
2005 4599
2005 2854
2005 2299
2006 8365
2006 7466
2006 7016
2006 6809
2006 6065
2006 5807
2006 5670
2006 5277
2006 2763
2006 2714
2006 2602
2006 2588
2006 2571
2006 2423
2006 2098
2006 8203
2006 7985
2006 7270
2006 3068
2007 8206
2007 5969
2007 5822
2007 5459
2007 4872
2007 3116
2007 2738
2007 2505
2007 2281
2007 7495
2007 6071
2008 8272
2008 5446
2008 4539
2008 4180
2008 3628
2008 2955
2008 8565
2008 8309
2008 8296
2008 7825
2008 7405
2008 6929
2008 6559
2008 5864
2008 5838
2008 5790
2008 5762
2008 5522
2008 5229
2008 5126
2008 5112
2008 3284
2008 3157
2008 2944
2008 2448
2008 2155
2008 2097
2008 2052
2008 8438
2008 5585
2009 3233
2009 2228
2009 8331
2009 5584
2010 8314
2010 5409
2010 5131
2010 4620
2010 4084
2010 4142
2010 2600
2011 3863
2011 2797
2011 8313
2011 7282
2011 6635
2011 5774
2011 4941
2011 2640
2011 6630
2011 5961
2011 5769
2011 3131
2013 8230
2014 4784
2014 2168
2014 8263
2014 5208
2014 4942
2014 4788
2014 2994
2014 2072
2014 7263
2014 4155
2015 8702
2015 8394
2015 6495
2015 4789
2015 3205
2015 2308
2015 3922
2016 2238
2016 8254
2016 8139
2016 6541
2016 4853
2016 4319
2016 3635
2016 3906
2016 2520
2016 2163
2017 6455
2019 2412
2019 8096
2019 7624
2019 6614
2019 4296
2019 2079
2019 8408
2019 4167
2020 5836
2021 3986
2021 2510
2021 2069
2021 8352
2021 3169
2023 3896
2024 8752
2024 4790
2024 3863
2024 3647
2024 3615
2024 3336
2024 2165
2025 7915
2025 5462
2025 2333
2026 6602
2026 3863
2026 4282
2026 3485
2027 4790
2027 8475
2027 8313
2027 7478
2027 5944
2027 5570
2027 2605
2028 6725
2029 7541
2029 2889
2029 2459
2030 7976
2030 7610
2030 5551
2030 4982
2031 7859
2031 7786
2031 7638
2031 6935
2031 6046
2031 5788
2031 4605
2031 3320
2031 2919
2031 8303
2031 7393
2031 7124
2031 6919
2031 5741
2031 5296
2031 4945
2031 3062
2032 7486
2032 6953
2032 6618
2032 6568
2032 8258
2032 7257
2032 7210
2032 6929
2032 5949
2032 5468
2032 3614
2034 8270
2034 5865
2034 7051
2036 6683
2036 5569
2036 4642
2036 8740
2036 7821
2036 7679
2036 4279
2036 3795
2036 3009
2037 7458
2037 5341
2037 5209
2037 4623
2037 4009
2037 3377
2039 8704
2039 5329
2039 5158
2039 8390
2039 8112
2039 6038
2039 4916
2039 4784
2039 4454
2039 2939
2039 2657
2039 2646
2039 2531
2039 2205
2041 7826
2041 7113
2041 8469
2041 8109
2041 7882
2041 5972
2041 5608
2041 5392
2041 4284
2041 3830
2041 3402
2041 2599
2041 2595
2041 4505
2042 2882
2042 8517
2042 5636
2042 4794
2042 4315
2042 4147
2042 4019
2042 2468
2042 8468
2042 8364
2042 8328
2042 7993
2042 7957
2042 5957
2042 5652
2042 5221
2042 3832
2043 6101
2043 8083
2044 8400
2044 6068
2044 5980
2044 4581
2044 2066
2044 8653
2044 8129
2044 5432
2044 5099
2044 4107
2044 3036
2044 2215
2044 2284
2046 6364
2046 4703
2046 3392
2046 4842
2046 4189
2046 3597
2046 3516
2046 2604
2046 4558
2047 8721
2047 8423
2047 7593
2047 4132
2047 3228
2047 2782
2047 7428
2047 6964
2047 5947
2047 5336
2047 3115
2047 3078
2047 3027
2047 2583
2048 8552
2048 5910
2048 5203
2048 8239
2049 6959
2049 5473
2049 2452
2049 2223
2049 8263
2049 6617
2049 3788
2049 3096
2049 2385
2049 3831
2050 8486
2050 8471
2050 3061
2050 2612
2050 7630
2050 2544
2050 2136
2051 7468
2051 2059
2051 8648
2051 6778
2051 5920
2051 5427
2051 5164
2051 4940
2051 4019
2051 3521
2051 3167
2051 3085
2051 2936
2051 2107
2051 8631
2051 8624
2051 8460
2051 7911
2051 7764
2051 7422
2051 5999
2051 5544
2051 5269
2051 2851
2051 2455
2051 2187
2052 5612
2052 5602
2052 8646
2052 8323
2052 8133
2052 7867
2052 6432
2052 5956
2052 5283
2052 4964
2052 4958
2052 4873
2052 4602
2052 3754
2052 2638
2052 2586
2052 2581
2052 5760
2052 5150
2052 3747
2052 3117
2052 2903
2052 2516
2053 8730
2053 6702
2053 5096
2053 4566
2053 7630
2053 7256
2053 3808
2054 5092
2054 8647
2054 7821
2054 5898
2054 5535
2054 5180
2054 4876
2054 4576
2054 3695
2054 3581
2054 2955
2054 2056
2054 8664
2054 8388
2054 8325
2054 6574
2054 5808
2054 5779
2054 5701
2054 5620
2054 5308
2054 4973
2054 3772
2054 3195
2054 3108
2054 3024
2054 2947
2054 2946
2054 2765
2054 2503
2055 8269
2055 2077
2055 8434
2055 8220
2055 8096
2055 6518
2055 2772
2055 5475
2056 8563
2056 2159
2056 8380
2056 8310
2056 8143
2056 7746
2056 5292
2056 5161
2056 4941
2056 3613
2056 3510
2056 3467
2056 2680
2056 8209
2056 5424
2056 5109
2056 4776
2056 4599
2056 3632
2056 3098
2056 2638
2057 8627
2057 7848
2057 8710
2057 8581
2057 8456
2057 8120
2057 6641
2057 6569
2057 5625
2057 5454
2057 5283
2057 5276
2057 5269
2057 4958
2057 4919
2057 4276
2057 3623
2057 3094
2057 2916
2057 2262
2057 8268
2057 8203
2057 8061
2057 7474
2057 4925
2057 4192
2057 2881
2057 2108
2058 7132
2058 4745
2058 2441
2058 6621
2059 8353
2059 5837
2059 5387
2059 5171
2059 3325
2059 8428
2059 7645
2059 6554
2059 5795
2059 5495
2059 5363
2059 4876
2059 4792
2059 2680
2060 8230
2060 4392
2060 3514
2061 5466
2061 3438
2061 8759
2061 8681
2061 8633
2061 8112
2061 7639
2061 5757
2061 5492
2061 4046
2061 3958
2061 2960
2062 7220
2062 5375
2062 4988
2062 8620
2062 8464
2062 6980
2062 6140
2062 5783
2062 5746
2062 5543
2062 3599
2062 3316
2062 2839
2062 2592
2062 2106
2062 8479
2062 8467
2062 8440
2062 8163
2062 7956
2062 7479
2062 6630
2062 5939
2062 5299
2062 3354
2062 2880
2062 2836
2062 2428
2062 2344
2063 8131
2063 7925
2063 7888
2063 5801
2063 5281
2063 8479
2063 8180
2063 8058
2063 7973
2063 7703
2063 6557
2063 5964
2063 5412
2063 5358
2063 5276
2063 5123
2063 4934
2063 4165
2063 4104
2063 3713
2063 3518
2063 3255
2063 2608
2063 8546
2063 2283
2064 8637
2064 7466
2064 5307
2064 8139
2064 7656
2064 7491
2064 7454
2064 5971
2064 4663
2064 4586
2064 4561
2065 8689
2066 7761
2066 8533
2066 6382
2066 5260
2066 3326
2066 4601
2067 8473
2067 2665
2067 5658
2067 5647
2067 4799
2067 4042
2067 2698
2068 5954
2068 4895
2068 4794
2068 3655
2068 2591
2068 2077
2068 8723
2068 8720
2068 8115
2068 7609
2068 7146
2068 6919
2068 6707
2068 6636
2068 5803
2068 5640
2068 5622
2068 5312
2068 5123
2068 5035
2068 4793
2068 3949
2068 3832
2068 2695
2068 2674
2068 2305
2068 7630
2068 7154
2068 5406
2068 5402
2068 3008
2069 6437
2069 5854
2069 5447
2069 2915
2069 5341
2069 3250
2069 4489
2070 2551
2071 4841
2071 7798
2071 4921
2071 2516
2071 6231
2072 8478
2072 8267
2072 8159
2072 4102
2072 8152
2072 6544
2072 3431
2072 2927
2072 2102
2072 8707
2072 2466
2073 8312
2073 7448
2073 7237
2073 7159
2073 5559
2073 8660
2073 7120
2073 5290
2073 2770
2073 2646
2073 5961
2074 8517
2074 7457
2074 6532
2074 4848
2074 3215
2074 2357
2074 2122
2074 7809
2074 7764
2074 5261
2074 4272
2074 3785
2075 6676
2075 4188
2075 3330
2075 2228
2075 7216
2075 7090
2075 4246
2076 7875
2076 6482
2076 6064
2076 2945
2076 2304
2076 5835
2076 4110
2076 3591
2076 2104
2077 2797
2077 6463
2077 6449
2077 4214
2077 3598
2077 2269
2077 5544
2077 3932
2077 2910
2078 8184
2078 7972
2078 7531
2078 7285
2078 6970
2078 5497
2078 5057
2078 3990
2078 3960
2078 3623
2078 3470
2078 2392
2078 7965
2078 7843
2078 7143
2078 5328
2078 3056
2079 6635
2079 5610
2079 4844
2079 4557
2079 8570
2079 8541
2079 8149
2079 7907
2079 5840
2079 5439
2079 5336
2079 4272
2079 3929
2079 3918
2079 2503
2079 6527
2080 8572
2080 6645
2080 8032
2080 6948
2080 6757
2080 6702
2080 5783
2081 8332
2081 7687
2081 3612
2081 3538
2081 7911
2081 7265
2081 4621
2081 4194
2081 2875
2081 3718
2082 5616
2082 5164
2082 4787
2082 2324
2082 2249
2082 2092
2082 8641
2082 8459
2082 8442
2082 8209
2082 7782
2082 7317
2082 7047
2082 6641
2082 6589
2082 5955
2082 4939
2082 3775
2082 3039
2082 2752
2082 2153
2082 8245
2083 5796
2083 4170
2083 8707
2083 4817
2083 3808
2083 2736
2083 2632
2083 2352
2083 8494
2083 5748
2084 8630
2084 5653
2084 8647
2084 8173
2084 8032
2084 7793
2084 7457
2084 7435
2084 5602
2084 5418
2084 4854
2084 3523
2084 3456
2084 3286
2084 2773
2084 8560
2084 7306
2084 7299
2084 5818
2084 5782
2084 5293
2084 5276
2084 4932
2084 4612
2084 3322
2084 3153
2084 2935
2084 2633
2084 2098
2085 8414
2085 8170
2085 8039
2085 5357
2085 3235
2085 2950
2085 2513
2085 2170
2085 7965
2085 6984
2085 6697
2085 5030
2085 2545
2086 7660
2086 6757
2086 5446
2086 4190
2086 3611
2086 3001
2086 2250
2086 2249
2086 7637
2086 7306
2086 6113
2086 5628
2086 5611
2086 5540
2086 2867
2086 2262
2086 2201
2087 7252
2087 3139
2087 2949
2087 2442
2087 7632
2087 7618
2087 7303
2087 6636
2087 5952
2087 5396
2087 5197
2087 4776
2087 4607
2087 4188
2087 3761
2087 2602
2087 8656
2087 8649
2087 7799
2087 7000
2087 6658
2087 6445
2087 4505
2087 4219
2088 7501
2088 5560
2088 3080
2088 2468
2088 8418
2088 5828
2088 5470
2088 5138
2088 2729
2088 2670
2089 8173
2089 7639
2089 6041
2089 5948
2089 5602
2089 5535
2089 5446
2089 5386
2089 3931
2089 3695
2089 3274
2089 8638
2089 8491
2089 8141
2089 7794
2089 7366
2089 5781
2089 5766
2089 5581
2089 5284
2089 5259
2089 5229
2089 5097
2089 4951
2089 4602
2089 3961
2089 3518
2089 3115
2089 3107
2089 3089
2089 2787
2089 2784
2089 2256
2089 2659
2090 7977
2090 7362
2090 6959
2090 4926
2090 2543
2090 8453
2090 8411
2090 8058
2090 6616
2090 5623
2090 4841
2090 4182
2090 4050
2090 2843
2090 2836
2090 2314
2090 7459
2090 5648
2091 7639
2091 7085
2091 6060
2091 5249
2091 4959
2091 4180
2091 2643
2091 2364
2091 2268
2091 8480
2091 8404
2091 8184
2091 7825
2091 5961
2091 5790
2091 5447
2091 5279
2091 5123
2091 4982
2091 4954
2091 4101
2091 3362
2091 2610
2091 2359
2091 7965
2091 4604
2091 4219
2092 3240
2092 8475
2092 8298
2092 7821
2092 5437
2092 4452
2092 4106
2092 3956
2092 3355
2092 3244
2092 2985
2092 2893
2092 2888
2092 7552
2092 5835
2092 5766
2092 5289
2092 4849
2092 3781
2092 3107
2092 2947
2092 2923
2092 2816
2092 2416
2092 2100
2093 7289
2093 6780
2093 3737
2093 2919
2093 2580
2093 8185
2093 7422
2093 6019
2093 5136
2093 2153
2093 5922
2093 5671
2094 4988
2094 8397
2094 6647
2094 6300
2094 5950
2094 5371
2094 4961
2094 4938
2094 4679
2094 4269
2094 2955
2094 2889
2094 2648
2094 2364
2094 2182
2094 8490
2094 8301
2094 7477
2094 7387
2094 6005
2094 5834
2094 5735
2094 5632
2094 5620
2094 5615
2094 5447
2094 5303
2094 5283
2094 5131
2094 4775
2094 4712
2094 4110
2094 3608
2094 3095
2095 3261
2095 8204
2095 7815
2095 7021
2095 5638
2095 5337
2095 5239
2095 3215
2095 2893
2095 2704
2095 2643
2095 8315
2095 8278
2095 8258
2095 8012
2095 7741
2095 7296
2095 6584
2095 5990
2095 5952
2095 5625
2095 5454
2095 4946
2095 4612
2095 3226
2095 2926
2096 8489
2096 8471
2096 8315
2096 8138
2096 7084
2096 5347
2096 5345
2096 2690
2096 2627
2096 2604
2096 2585
2096 2228
2096 2170
2096 2145
2096 8175
2096 4894
2096 3934
2096 2834
2096 2659
2097 3655
2097 3257
2097 8145
2097 8119
2097 7983
2097 5953
2097 5618
2097 5449
2097 5276
2097 3783
2097 3756
2097 3259
2097 3091
2097 3004
2097 2999
2097 2595
2097 2437
2097 8164
2097 8086
2097 6469
2098 7805
2098 5463
2098 5302
2098 2960
2098 8471
2098 8278
2098 7893
2098 7668
2098 7658
2098 7469
2098 5624
2098 5111
2098 4788
2098 4119
2098 3269
2098 2900
2098 2761
2098 6305
2098 3858
2098 3642
2098 3068
2098 2473
2098 2369
2099 5818
2099 3291
2099 8463
2099 8268
2099 5350
2099 3759
2099 3184
2099 2738
2099 2254
2099 2103
2099 2861
2099 2134
2100 8310
2100 8032
2100 7885
2100 7510
2100 6568
2100 6114
2100 5920
2100 5638
2100 5292
2100 3795
2100 2218
2100 8402
2100 7648
2100 7405
2100 5990
2100 5347
2100 5269
2100 5229
2100 5029
2100 4954
2100 3105
2100 3103
2100 2755
2100 2583
2101 7600
2101 7311
2101 5491
2101 5140
2101 2687
2101 8691
2101 8490
2101 7634
2101 7587
2101 7146
2101 6005
2101 5835
2101 5785
2101 5270
2101 5229
2101 5147
2101 5058
2101 4770
2101 3937
2101 3792
2101 3153
2101 2523
2102 8645
2102 5602
2102 5473
2102 5249
2102 3113
2102 2213
2102 8126
2102 7477
2102 5817
2102 5808
2102 5766
2102 5272
2102 5124
2102 4788
2102 3832
2102 3603
2102 3162
2102 2601
2102 2571
2102 2444
2102 2421
2102 5421
2102 5154
2102 4864
2102 4130
2103 6579
2103 5464
2103 5277
2103 5118
2103 4622
2103 3937
2103 3401
2103 8408
2103 5759
2103 5350
2103 4872
2103 3686
2103 3205
2103 3056
2103 2386
2103 2360
2103 7922
2104 8367
2104 6757
2104 3244
2104 8446
2104 8259
2104 6544
2104 5828
2104 5609
2104 5666
2105 8112
2105 7600
2105 2622
2105 8691
2105 8643
2105 8442
2105 8138
2105 7641
2105 7306
2105 6640
2105 5951
2105 5817
2105 5796
2105 5124
2105 5112
2105 4607
2105 4170
2105 3345
2105 3109
2105 2937
2105 2902
2105 7454
2105 5369
2106 8113
2106 5920
2106 5543
2106 5164
2106 2639
2106 8482
2106 8473
2106 8055
2106 7911
2106 7828
2106 7483
2106 7477
2106 7309
2106 5718
2106 5301
2106 5176
2106 4165
2106 3511
2106 3252
2106 3120
2106 3089
2106 3039
2106 2566
2106 2227
2106 2208
2107 5072
2107 4755
2107 8475
2107 7638
2107 7481
2107 6463
2107 5950
2107 5872
2107 4120
2107 3951
2107 3948
2107 3764
2107 3510
2107 3086
2107 2791
2107 2756
2107 8492
2107 7476
2107 5544
2107 4968
2107 4958
2107 4633
2107 4270
2107 2941
2107 2729
2108 6945
2108 5835
2108 4552
2108 2927
2108 8656
2108 2493
2108 4627
2109 8416
2109 8423
2109 7266
2109 5725
2109 5164
2109 2579
2109 7911
2109 5143
2109 4985
2109 2715
2110 8744
2110 2578
2110 8728
2110 8262
2110 8216
2110 8168
2110 8118
2110 7983
2110 7323
2110 7304
2110 6809
2110 5344
2110 4114
2110 3780
2110 3776
2110 3516
2110 2576
2110 2201
2110 7842
2110 6562
2110 5207
2110 4817
2110 3716
2110 3063
2110 2881
2111 7432
2111 8397
2111 5829
2111 3355
2111 2709
2112 7826
2112 5795
2112 5386
2112 2615
2112 8491
2112 8442
2112 8263
2112 7777
2112 7631
2112 5956
2112 5951
2112 5472
2112 5122
2112 4674
2112 3773
2112 3289
2112 3098
2112 2827
2112 2772
2112 7621
2112 7155
2112 5658
2112 5413
2112 5154
2112 3703
2113 5436
2113 4282
2113 3073
2114 6292
2114 3037
2114 2898
2114 2785
2114 2278
2114 2178
2114 8677
2114 8631
2114 8628
2114 8624
2114 8583
2114 7987
2114 5607
2114 5581
2114 5507
2114 5210
2114 4964
2114 4958
2114 4274
2114 3812
2114 3608
2114 3259
2114 2980
2115 7275
2115 5948
2115 5836
2115 5789
2115 4781
2115 4346
2115 2291
2115 8668
2115 8631
2115 6442
2115 5835
2115 5770
2115 5312
2115 5035
2115 4873
2115 3793
2115 3096
2115 3004
2115 2917
2115 2794
2115 2755
2115 2609
2115 2608
2115 2448
2115 2201
2115 8519
2115 5893
2115 4014
2115 3743
2116 8373
2116 8209
2116 7576
2116 5507
2116 3372
2116 3015
2116 2273
2116 8086
2116 3686
2117 8723
2117 8710
2117 8365
2117 8302
2117 8011
2117 7782
2117 6544
2117 5923
2117 5333
2117 5108
2117 3780
2117 3083
2117 3019
2117 2598
2117 2426
2117 7277
2117 5969
2117 5648
2117 5207
2117 5056
2117 4817
2117 3272
2117 3038
2117 2184
2117 5726
2118 7326
2118 5594
2118 8205
2118 4514
2118 3663
2118 3172
2119 8279
2119 8169
2119 7968
2119 5592
2119 4916
2119 4794
2119 2848
2119 2823
2119 2709
2119 2489
2119 2231
2119 8658
2119 8479
2119 8133
2119 7303
2119 5615
2119 5244
2121 3418
2121 3548
2122 8159
2122 7927
2122 7787
2122 7311
2122 5805
2122 5789
2122 5302
2122 5140
2122 4539
2122 3764
2122 2949
2122 2622
2122 2387
2122 2197
2122 7782
2122 7467
2122 6574
2122 5644
2122 5399
2122 5269
2122 4218
2122 2264
2123 8754
2123 4523
2123 5328
2124 7531
2124 7257
2124 5626
2124 5107
2124 4919
2124 3822
2124 2946
2124 2810
2124 2629
2124 2256
2124 5459
2124 4733
2124 3396
2124 2614
2124 2505
2127 6987
2127 6568
2127 6520
2127 5403
2127 3051
2127 2842
2127 8460
2127 7631
2127 7316
2127 6549
2127 5376
2127 5366
2127 5099
2127 4927
2127 4165
2127 3276
2127 2987
2127 2937
2127 2933
2127 2624
2127 2566
2127 2227
2128 7426
2128 2560
2128 2543
2128 7288
2128 3484
2128 2385
2129 8304
2129 8146
2129 7633
2129 5789
2129 5292
2129 4781
2129 8196
2129 8011
2129 5445
2129 3345
2129 3102
2129 3101
2129 2908
2129 2588
2129 2411
2129 5639
2132 7392
2132 7314
2132 7448
2133 8218
2133 8147
2133 6004
2133 2698
2133 2477
2134 6431
2134 5286
2134 4609
2134 4122
2134 3116
2134 5521
2134 4213
2135 8681
2135 8454
2135 7536
2135 7480
2135 6462
2135 5224
2135 4971
2135 4102
2135 2769
2135 2176
2135 7121
2135 5272
2135 4892
2136 6864
2136 3878
2137 7203
2137 4247
2138 2574
2138 7563
2138 2742
2139 3952
2139 7563
2139 3354
2139 2376
2139 8374
2140 8489
2140 8467
2140 8006
2140 7123
2140 5618
2140 5136
2140 4119
2140 4105
2140 4067
2140 3269
2140 3111
2140 3004
2140 2187
2140 3941
2140 3745
2140 3478
2140 2632
2141 4086
2141 2886
2142 6979
2143 7908
2143 5888
2144 5015
2145 8475
2145 8169
2145 8165
2145 5602
2145 4474
2145 3044
2145 8214
2145 7131
2145 6571
2145 5409
2145 5291
2145 5202
2145 5149
2145 4982
2145 4182
2145 3098
2145 2768
2145 2612
2145 2426
2145 2160
2147 4799
2147 2461
2147 2346
2147 6695
2148 6740
2148 7021
2148 5403
2148 4766
2148 3155
2148 2543
2148 5385
2148 2561
2149 8548
2149 7300
2149 6007
2150 7606
2150 7457
2150 6568
2150 5965
2150 4626
2150 3936
2150 3473
2150 2442
2150 8158
2150 8055
2150 7629
2150 7306
2150 6589
2150 6569
2150 5775
2150 5271
2150 5227
2150 5008
2150 4602
2150 3632
2150 3276
2150 2954
2150 2458
2150 2173
2150 5780
2150 2618
2151 6362
2152 6948
2152 4600
2152 7652
2152 6543
2152 7337
2153 8708
2153 8157
2153 5533
2153 5335
2153 4919
2153 2897
2153 2548
2153 2379
2153 3307
2154 8642
2155 6780
2155 6300
2155 3973
2155 2578
2155 2213
2155 8486
2155 8119
2155 7953
2155 7653
2155 7628
2155 7469
2155 6809
2155 6581
2155 5802
2155 5632
2155 5442
2155 5275
2155 5153
2155 4707
2155 3946
2155 3781
2155 3089
2155 2935
2155 8531
2155 8331
2155 5971
2155 3759
2156 3751
2158 8537
2158 8443
2158 5337
2158 4565
2158 4269
2158 2594
2158 8307
2158 7485
2158 5813
2158 5670
2158 3263
2158 3041
2158 2385
2158 2305
2159 6063
2159 8428
2159 6046
2159 5798
2159 5560
2159 5086
2159 4019
2159 3181
2159 2824
2160 8484
2160 7788
2160 7633
2160 3931
2160 2846
2160 8409
2160 6511
2160 5949
2160 5624
2160 5080
2160 3938
2160 3608
2160 2851
2160 2784
2160 2514
2160 2264
2160 2259
2160 8245
2160 4937
2160 2430
2161 8205
2161 2904
2161 2383
2161 8749
2161 8737
2162 6685
2162 6078
2162 5525
2163 7625
2163 5846
2163 4663
2163 2717
2164 7886
2164 6443
2164 6420
2164 6114
2164 5980
2164 2890
2164 2245
2164 8226
2164 4107
2164 3614
2164 3527
2164 2910
2165 8399
2165 7981
2165 7787
2165 7289
2165 6041
2165 5554
2165 5543
2165 5086
2165 4941
2165 4867
2165 4180
2165 4178
2165 3286
2165 3080
2165 3073
2165 3043
2165 2357
2165 8741
2165 7626
2165 5424
2165 3781
2165 2817
2166 8193
2166 6678
2168 6796
2168 8382
2168 6702
2168 5082
2168 8376
2168 8152
2168 2188
2169 3168
2169 7887
2169 4627
2170 8099
2170 2528
2170 7531
2170 7259
2170 6574
2170 5991
2170 5126
2170 4622
2170 3470
2170 2956
2170 2715
2170 7965
2170 4896
2170 4118
2170 3743
2170 3119
2170 2864
2171 8713
2171 7840
2171 4276
2171 3651
2172 7633
2172 2949
2172 8365
2172 8257
2172 8216
2172 7683
2172 5828
2172 3088
2172 5893
2172 5831
2172 5452
2172 4112
2172 3642
2172 3212
2173 6618
2173 3178
2173 7582
2173 6523
2173 5897
2173 4449
2173 2610
2174 5483
2174 7633
2174 5716
2174 5086
2174 2892
2174 5640
2174 5218
2174 3785
2174 2415
2175 8189
2175 7412
2175 4524
2175 4456
2175 2303
2175 7861
2175 3966
2175 3786
2176 7623
2176 5196
2176 4740
2176 4635
2176 3650
2176 3335
2176 2949
2176 2892
2177 7120
2177 4581
2177 8664
2177 7973
2177 6707
2177 6549
2177 6000
2177 5303
2177 2917
2177 7901
2177 4937
2177 3703
2177 2819
2178 5171
2178 7430
2178 7021
2178 6813
2178 6757
2178 5872
2178 5757
2178 5482
2178 4850
2178 3943
2178 3760
2178 2278
2178 2231
2178 5952
2178 5275
2178 3102
2178 2916
2178 2421
2179 4599
2179 4287
2181 8711
2181 3800
2181 8167
2182 6961
2182 2797
2182 8204
2182 5970
2182 5798
2182 5446
2182 5305
2182 4947
2182 2826
2182 8581
2182 8096
2182 7115
2182 3717
2182 3632
2182 2714
2182 2700
2182 2585
2183 6646
2183 5286
2183 5141
2183 4817
2183 3727
2183 2192
2184 8654
2184 8638
2184 5293
2184 5118
2184 3061
2184 8100
2184 7155
2184 5509
2184 3637
2184 2711
2184 2369
2184 5591
2186 7169
2187 8003
2187 5789
2187 5114
2187 4966
2187 4769
2187 3254
2187 3086
2187 2826
2187 8668
2187 8495
2187 8150
2187 7531
2187 7366
2187 6712
2187 6549
2187 5304
2187 5136
2187 3782
2187 3289
2187 3107
2187 2771
2187 2597
2187 2581
2187 2458
2187 2392
2187 8665
2187 8408
2187 7985
2187 3116
2187 2606
2187 2349
2187 2284
2188 8244
2188 7148
2188 7058
2188 2354
2188 8057
2189 5035
2189 3437
2189 2743
2189 8519
2189 8419
2189 3642
2189 3287
2189 3066
2189 2466
2191 4404
2192 6442
2192 4919
2192 2937
2192 8132
2192 7799
2192 4894
2192 3803
2192 7922
2192 2410
2194 8255
2194 2782
2194 8435
2194 7141
2194 3221
2194 7737
2195 6055
2195 4500
2196 5024
2196 4816
2197 2293
2197 5811
2197 5560
2197 3246
2197 2319
2197 8327
2197 7136
2197 5835
2197 5208
2197 2703
2198 7246
2198 5980
2198 7116
2198 6834
2198 4064
2198 8605
2199 8104
2199 5559
2199 7980
2199 7599
2199 6778
2199 6046
2199 5645
2199 5495
2199 5353
2199 5239
2199 4882
2199 4605
2199 2687
2199 2616
2199 2268
2200 8547
2200 6106
2200 3258
2200 8474
2200 5300
2200 4776
2200 2856
2201 3521
2201 3156
2201 8133
2201 7303
2201 5764
2201 5628
2201 5388
2201 5208
2201 4957
2201 3949
2201 3110
2201 2670
2201 2751
2202 4695
2202 4605
2202 4214
2202 2842
2202 8458
2202 7622
2202 4667
2203 2657
2203 6561
2203 4861
2204 4859
2204 3330
2204 7647
2204 5806
2204 5150
2204 2211
2205 6683
2205 8112
2205 8003
2205 7830
2205 7536
2205 7140
2205 5829
2205 5774
2205 5746
2205 5491
2205 5148
2205 3159
2205 8191
2205 7627
2205 5476
2205 5279
2205 5134
2205 2638
2206 7322
2206 4242
2206 8340
2206 5559
2207 7198
2207 5329
2207 3522
2207 3408
2207 3367
2207 2529
2207 7212
2207 3159
2208 6568
2208 6292
2208 5970
2208 5535
2208 5463
2208 4780
2208 4769
2208 3943
2208 3209
2208 8718
2208 8302
2208 8184
2208 7978
2208 7452
2208 6642
2208 5802
2208 5790
2208 5634
2208 4702
2208 4115
2208 3793
2208 3101
2208 2933
2208 2811
2208 2627
2208 2448
2208 2347
2208 8665
2208 4896
2208 4817
2208 4215
2208 2711
2209 8453
2209 8259
2209 2994
2209 7176
2209 3934
2210 8202
2210 7592
2210 3953
2210 3619
2210 3531
2210 2955
2211 8674
2211 7453
2211 2212
2212 7815
2212 8316
2212 7985
2212 2505
2213 5387
2213 8749
2213 7510
2213 6965
2213 5966
2213 5950
2213 5482
2213 3618
2213 3139
2213 2912
2213 2778
2213 2533
2213 8624
2213 8474
2213 8388
2213 8123
2213 7646
2213 7476
2213 7323
2213 7126
2213 6614
2213 5782
2213 5464
2213 5123
2213 4939
2213 3608
2213 2926
2213 2437
2213 2244
2214 7593
2214 5175
2214 8746
2214 8619
2214 7764
2214 7149
2214 6667
2214 5938
2214 3749
2214 3196
2214 2822
2214 2593
2214 8408
2214 3126
2215 3002
2215 2898
2215 7909
2215 7566
2215 7247
2215 5991
2216 6981
2216 5586
2216 3827
2216 3371
2216 2630
2217 2469
2217 7896
2217 2323
2217 4083
2218 7761
2218 3837
2218 2353
2218 8659
2218 8311
2218 7403
2218 5970
2218 5427
2218 5403
2218 3943
2218 2888
2218 2528
2218 8754
2218 8469
2218 7126
2218 5299
2218 2961
2218 2933
2219 8659
2219 8326
2219 8136
2219 6778
2219 5491
2219 5351
2219 4563
2219 2702
2219 8186
2219 7953
2219 5453
2219 5308
2219 5197
2219 5122
2219 4187
2219 3923
2219 3645
2219 3252
2219 3106
2219 2954
2219 2931
2219 2845
2219 2765
2220 2398
2220 2460
2221 8366
2221 7463
2221 3712
2221 2928
2221 2506
2221 2419
2221 5511
2221 5294
2222 8478
2222 8194
2222 4576
2222 7832
2222 7777
2222 7619
2222 5754
2222 4935
2222 2977
2222 2811
2222 2423
2222 8551
2222 7199
2222 6562
2222 5993
2222 5585
2223 7430
2223 5288
2223 5281
2223 5110
2223 4474
2223 3953
2223 2680
2223 2645
2223 8663
2223 8532
2223 8222
2223 5272
2223 4933
2223 4603
2223 4543
2223 3623
2223 3516
2223 3402
2223 3269
2223 2686
2224 8521
2224 7815
2224 7293
2224 6300
2224 3143
2224 2846
2224 8500
2224 8485
2224 8196
2224 6557
2224 6454
2224 6442
2224 5797
2224 5608
2224 5470
2224 5449
2224 3935
2224 3785
2224 3340
2224 3269
2224 2932
2224 2761
2224 2548
2224 8148
2224 7454
2224 7155
2224 5509
2224 4484
2224 3711
2224 3272
2225 4767
2225 3940
2225 2294
2225 4778
2225 2710
2226 8717
2226 8586
2226 5427
2226 5148
2226 3355
2226 3085
2226 2725
2226 8170
2226 6696
2226 5946
2226 5395
2226 4934
2226 3157
2227 8130
2227 5898
2227 4605
2227 8191
2227 7948
2227 7620
2227 5754
2227 5544
2227 5511
2227 5412
2227 4114
2227 3762
2227 3632
2227 3226
2227 2996
2227 2675
2227 7737
2227 7612
2227 5426
2227 2614
2228 5114
2228 2484
2228 7247
2228 7145
2228 5918
2228 5834
2228 5826
2228 5821
2228 5299
2228 4868
2228 4786
2228 4776
2228 4598
2228 4283
2228 4274
2228 3267
2228 3138
2228 3019
2228 2691
2228 2247
2228 6892
2228 6658
2228 5512
2228 4779
2228 2399
2231 8630
2231 4369
2231 8759
2231 8437
2231 8432
2231 7835
2231 5872
2231 5829
2231 4383
2231 3020
2231 2884
2231 2278
2231 5779
2231 4944
2231 2305
2232 6004
2232 8266
2233 7308
2233 5692
2233 5387
2233 4738
2233 2857
2233 8537
2233 8484
2233 8269
2233 7592
2233 7293
2233 5944
2233 5795
2233 5381
2233 5337
2233 4784
2233 3613
2233 3158
2233 2992
2233 2680
2233 2623
2233 3840
2233 2779
2233 2523
2233 2474
2235 6637
2235 7602
2235 3892
2236 6956
2236 2433
2236 8668
2236 8201
2236 8129
2236 7609
2236 7566
2236 7366
2236 6585
2236 5779
2236 5057
2236 4978
2236 3229
2236 3109
2236 2900
2236 2879
2236 2701
2238 8138
2238 7989
2238 7453
2238 5838
2238 5623
2238 5244
2238 4929
2238 4745
2238 3608
2238 3604
2238 2586
2238 2447
2238 2632
2238 2461
2240 7712
2240 7261
2240 5250
2240 5160
2240 3446
2241 7125
2241 6683
2241 8405
2241 8183
2241 2848
2243 7040
2243 6934
2243 5447
2243 4674
2243 2421
2243 3117
2244 5114
2244 5110
2244 3650
2244 8469
2244 8465
2244 7823
2244 7648
2244 7247
2244 6571
2244 5946
2244 5111
2244 4274
2244 2924
2244 2902
2244 2776
2244 2766
2244 2469
2244 2458
2244 2411
2244 7798
2244 5369
2245 8380
2245 7382
2245 5322
2245 5161
2245 7882
2245 4637
2246 4183
2246 2873
2246 2589
2246 6116
2246 5643
2246 3039
2247 6995
2247 6101
2247 6038
2247 5260
2247 2983
2247 8030
2247 4946
2247 2879
2247 2284
2248 7021
2248 5973
2248 5234
2248 3265
2248 6814
2248 5522
2248 5282
2248 6625
2249 2542
2249 8527
2249 7787
2249 7616
2249 7457
2249 4625
2249 3618
2249 3006
2249 2592
2249 2279
2249 8677
2249 5959
2249 5821
2249 5807
2249 5454
2249 4973
2249 3606
2249 3267
2249 3041
2249 2930
2249 2926
2249 2814
2249 2765
2249 2670
2249 2619
2249 2455
2250 8630
2250 5986
2250 3694
2250 8193
2250 7969
2250 7820
2251 8627
2251 5847
2251 4244
2251 7952
2251 6617
2251 5896
2251 5265
2251 4441
2251 2757
2252 8671
2252 2590
2252 8759
2252 8405
2252 5908
2252 5767
2252 4971
2252 2657
2253 4034
2253 8255
2253 7599
2253 5262
2253 4596
2253 3104
2253 2337
2253 7298
2253 5269
2253 2748
2254 8317
2254 8184
2254 5990
2254 5549
2254 3758
2254 2513
2254 7564
2254 6209
2254 6123
2254 5846
2254 2877
2255 7826
2255 8637
2255 7987
2255 7972
2255 7795
2255 7614
2255 7285
2255 6970
2255 6809
2255 6590
2255 5134
2255 4195
2255 3263
2255 3245
2255 2455
2255 6467
2255 5368
2255 4045
2255 3941
2255 2512
2256 8593
2256 5306
2256 8460
2256 8414
2256 7741
2256 7646
2256 7614
2256 7405
2256 5781
2256 5300
2256 5276
2256 5113
2256 4674
2256 4622
2256 3291
2256 2593
2256 2432
2256 2257
2256 8377
2256 7564
2256 7412
2256 5760
2256 5150
2256 5089
2256 4779
2256 3703
2256 3056
2256 2607
2257 4971
2257 3770
2257 3397
2257 7596
2257 6964
2257 6650
2257 5953
2257 5126
2257 3413
2257 3027
2257 2392
2257 4663
2257 2473
2258 6039
2258 5980
2258 5958
2258 4128
2258 3258
2258 2640
2258 8652
2258 8581
2258 8487
2258 7909
2258 5991
2258 5961
2258 3772
2258 3330
2258 3095
2258 2602
2258 2438
2258 7843
2258 5394
2258 3831
2259 8180
2259 7790
2259 7634
2259 7629
2259 6934
2259 5799
2259 3096
2259 2920
2259 2571
2259 2498
2259 2267
2259 6453
2259 5146
2259 4624
2259 3651
2259 3116
2259 2303
2260 5545
2260 3438
2260 3166
2260 8204
2260 7830
2260 5995
2260 5399
2261 8739
2261 6589
2261 5627
2261 5497
2261 2811
2261 2705
2261 8736
2261 7917
2261 6483
2261 5635
2261 3637
2262 7976
2262 6757
2262 2953
2262 7521
2262 5670
2262 8531
2262 8175
2262 7934
2263 7660
2263 4185
2263 3695
2263 3258
2263 2953
2263 2417
2263 2276
2263 8168
2263 7772
2263 7129
2263 2836
2263 2754
2263 2714
2264 7817
2264 3215
2264 2687
2264 8751
2264 8306
2264 8128
2264 6642
2264 6552
2264 5956
2264 5625
2264 5287
2264 5232
2264 5111
2264 5106
2264 4529
2264 4165
2264 3157
2264 3076
2264 2920
2264 8472
2264 4624
2264 3066
2264 2760
2264 2724
2265 3525
2266 8661
2266 7488
2266 4387
2266 2905
2266 8383
2266 7953
2266 6569
2266 6547
2266 5511
2266 4114
2266 6749
2266 4925
2266 2819
2267 4675
2267 8465
2267 8206
2267 7668
2267 7294
2267 7213
2267 6712
2267 6584
2267 5680
2267 5412
2267 5136
2267 4175
2267 4114
2267 3603
2267 3132
2267 3046
2267 2944
2267 2923
2267 2891
2267 2596
2267 6562
2267 5154
2267 4921
2268 7616
2268 6678
2268 6659
2268 6043
2268 4766
2268 2949
2268 2936
2268 2928
2268 2489
2268 2453
2268 8123
2268 7653
2268 5310
2268 4284
2268 2933
2269 6419
2269 8332
2269 3951
2269 3943
2269 3764
2269 3086
2269 2960
2269 6626
2269 5956
2269 5751
2269 5278
2269 5087
2269 4115
2269 3259
2269 3106
2270 2852
2270 6585
2270 6061
2270 2556
2270 3941
2271 8735
2271 7486
2271 7289
2271 5408
2271 4947
2271 2842
2271 2412
2271 2337
2271 8404
2271 7658
2271 6707
2271 6619
2271 5949
2271 5818
2271 5398
2271 5336
2271 4968
2271 4931
2271 4592
2271 4210
2271 2638
2271 2609
2271 2272
2272 8475
2272 4794
2272 4787
2272 8138
2272 6960
2272 6642
2272 6019
2272 5800
2272 5275
2272 5029
2272 4587
2272 3840
2272 3096
2272 2942
2272 2748
2272 2463
2272 5606
2273 8672
2273 7592
2273 7301
2273 6060
2273 4887
2273 4625
2273 3968
2273 2453
2273 8129
2273 7909
2273 7531
2273 5619
2273 5315
2273 3451
2273 3395
2273 2916
2273 2755
2273 2731
2273 2707
2273 2380
2273 7647
2273 3272
2273 2505
2274 7981
2274 6816
2274 6068
2274 6039
2274 3521
2274 3397
2274 2821
2274 8535
2274 8492
2274 8258
2274 8142
2274 7531
2274 6712
2274 6619
2274 5959
2274 5953
2274 5687
2274 5283
2274 5113
2274 4745
2274 4570
2274 4551
2274 3120
2274 2940
2274 2931
2274 2872
2274 2514
2275 8747
2275 3938
2275 3300
2275 2712
2276 5761
2276 5477
2276 3215
2276 2945
2276 2702
2276 2616
2276 8628
2276 8471
2276 7309
2276 5981
2276 5813
2276 5762
2276 5294
2276 3322
2276 3235
2276 3120
2276 3088
2276 2933
2276 2696
2277 8461
2277 7553
2277 7486
2277 7275
2277 7150
2277 6659
2277 6532
2277 5605
2277 5516
2277 4117
2277 3777
2277 3613
2277 2826
2277 8524
2277 8435
2277 7953
2277 7782
2277 7777
2277 7012
2277 6636
2277 5614
2277 5607
2277 5395
2277 4958
2277 4464
2277 4160
2277 4067
2277 3505
2277 3305
2277 2682
2277 2280
2277 5431
2278 8671
2278 3722
2278 8744
2278 8537
2278 8173
2278 7523
2278 7457
2278 5757
2278 5612
2278 4766
2278 2726
2278 2643
2278 2626
2278 8465
2278 7668
2278 7648
2278 5821
2278 5787
2278 5278
2278 4978
2278 3153
2278 2879
2278 2789
2278 2608
2279 5355
2279 8162
2279 7982
2279 7756
2279 5872
2279 5771
2279 5612
2279 5166
2279 4454
2279 3936
2279 2951
2279 2850
2279 8486
2279 8483
2279 8469
2279 8323
2279 8307
2279 8306
2279 7970
2279 7807
2279 7653
2279 7620
2279 5626
2279 5358
2279 5279
2279 3772
2279 3041
2279 3030
2279 2954
2279 2935
2279 2836
2279 2779
2279 2695
2279 2593
2279 2347
2280 8526
2280 7133
2280 4887
2280 8500
2280 8440
2280 8214
2280 7646
2280 7531
2280 7387
2280 7306
2280 7271
2280 5864
2280 5611
2280 5287
2280 5220
2280 4119
2280 3933
2280 3788
2280 2937
2280 2629
2280 8665
2280 8300
2280 5309
2280 3763
2281 8496
2281 8489
2281 8378
2281 8217
2281 8201
2281 8181
2281 7126
2281 5754
2281 5622
2281 5153
2281 5108
2281 4543
2281 2938
2281 2922
2281 2916
2281 2910
2281 2774
2281 2714
2281 2426
2281 7564
2281 5759
2281 5635
2281 3686
2281 2786
2283 8628
2283 8560
2283 8299
2283 8184
2283 7893
2283 7643
2283 7634
2283 7299
2283 5945
2283 5802
2283 5607
2283 5226
2283 4849
2283 4511
2283 3929
2283 3603
2283 3451
2283 3229
2283 3120
2283 2913
2283 2665
2283 2610
2283 2380
2283 8657
2283 8164
2283 8061
2283 7471
2283 7154
2283 4896
2283 4042
2283 2834
2283 2751
2284 6468
2284 6065
2284 5244
2284 3327
2284 3041
2284 2763
2284 2596
2284 2523
2284 2380
2284 7412
2284 6392
2284 5760
2284 5400
2284 4872
2284 3184
2284 2786
2284 2512
2285 3067
2285 2918
2285 2724
2285 2352
2285 3436
2286 8655
2286 3234
2286 8491
2286 8186
2286 8153
2286 7741
2286 7673
2286 7309
2286 6616
2286 5486
2286 5308
2286 5301
2286 4186
2286 4099
2286 3106
2286 2961
2286 7768
2286 5635
2286 2338
2288 8206
2288 6773
2288 8211
2288 2865
2288 2711
2288 2659
2288 7749
2289 7636
2289 5429
2289 7199
2289 5928
2289 5748
2289 3376
2290 2435
2291 3261
2291 8661
2291 7838
2291 6017
2291 5920
2291 5403
2291 4966
2291 4563
2291 4089
2291 3473
2291 2726
2291 8299
2291 8129
2291 6944
2291 5803
2291 5741
2291 5279
2291 3131
2291 3111
2291 3105
2291 2982
2291 2941
2291 2748
2291 2629
2291 2596
2291 2425
2291 2359
2293 4113
2293 7388
2293 5250
2293 5160
2294 8732
2294 6169
2294 6063
2294 4156
2294 2435
2294 5039
2294 4315
2295 3590
2295 2405
2296 8481
2296 5775
2296 3623
2296 3518
2296 2922
2296 8575
2296 7963
2296 2980
2296 4631
2296 2684
2298 8555
2298 7915
2298 7116
2298 4041
2298 3511
2298 7897
2298 6299
2299 4105
2299 7516
2299 4834
2300 7816
2300 5518
2300 4565
2300 4500
2300 2709
2300 5865
2302 8714
2303 6113
2303 5968
2303 7227
2303 5555
2303 5155
2303 3500
2303 2834
2303 2600
2303 2398
2304 7362
2304 4600
2304 2689
2304 5179
2305 8593
2305 8146
2305 6300
2305 5810
2305 5636
2305 5322
2305 3006
2305 2852
2305 8691
2305 8532
2305 8297
2305 8209
2305 7987
2305 5957
2305 5486
2305 4771
2305 4615
2305 3783
2305 3623
2305 3029
2305 2598
2305 2535
2305 2458
2305 5806
2308 7129
2308 8551
2308 4609
2308 2399
2308 2355
2309 8290
2309 6552
2309 4935
2309 3758
2309 8164
2309 5979
2309 2864
2310 8428
2310 8183
2310 7981
2310 7311
2310 5965
2310 5492
2310 5482
2310 5086
2310 4190
2310 3778
2310 2412
2310 8643
2310 8209
2310 7957
2310 5511
2310 5481
2310 5474
2310 5440
2310 5429
2310 5347
2310 5312
2310 5304
2310 4868
2310 4101
2310 3775
2310 2925
2310 2777
2310 2696
2310 2599
2310 2385
2310 7270
2313 8611
2313 4722
2313 6441
2313 2337
2313 8220
2313 7552
2314 2452
2314 8728
2314 8570
2314 8460
2314 8152
2314 7668
2314 7619
2314 7467
2314 5623
2314 5361
2314 5136
2314 5056
2314 3763
2314 2338
2315 8643
2315 8214
2315 7663
2315 7303
2315 5796
2315 5775
2315 4946
2315 4094
2315 2705
2315 8514
2315 8512
2315 5341
2315 5141
2315 4700
2315 4505
2315 2783
2315 2625
2315 2371
2315 2369
2317 2400
2318 6402
2318 5724
2318 5412
2318 3018
2318 2566
2318 3544
2318 7482
2318 7360
2318 6801
2319 8611
2319 7220
2319 6548
2319 2353
2319 8366
2319 8332
2319 8130
2319 7026
2319 5616
2319 5223
2319 4974
2319 4597
2319 3485
2319 8225
2319 6549
2319 5765
2319 5287
2319 3226
2319 2913
2320 8697
2320 8267
2320 8130
2320 8069
2320 5789
2320 3483
2320 2912
2320 8145
2320 7624
2320 6955
2320 6442
2320 5807
2320 5449
2320 5347
2320 4877
2320 4552
2320 4205
2320 4127
2320 3127
2320 3124
2320 2931
2320 2601
2320 8361
2320 5402
2320 4925
2321 3980
2322 5023
2323 8654
2323 4877
2323 3835
2323 5056
2323 3708
2323 2834
2323 5715
2324 3734
2324 2896
2324 7888
2324 7427
2324 5872
2324 5535
2324 4959
2324 4521
2324 3612
2324 3129
2324 3085
2324 2341
2324 7483
2324 7130
2324 5581
2324 5200
2324 5087
2325 7628
2325 5644
2325 5548
2325 5029
2325 4210
2325 3758
2325 3207
2325 3004
2325 2772
2325 8705
2325 8219
2325 7234
2325 4912
2325 4799
2325 3119
2325 2832
2325 7847
2326 7846
2326 2454
2326 5907
2327 8236
2327 4975
2327 3225
2328 3863
2328 5436
2328 3447
2328 3043
2328 7635
2329 5521
2329 3378
2329 5662
2330 4917
2330 5341
2330 4088
2330 3396
2330 7383
2330 2737
2331 3676
2331 7066
2331 3307
2332 7005
2333 8414
2333 5404
2333 5342
2333 7357
2333 5091
2333 4795
2333 2819
2334 4057
2334 7487
2335 5422
2335 3156
2336 8680
2337 5138
2337 2805
2338 8710
2338 7653
2338 5826
2338 5813
2338 5448
2338 4464
2338 3986
2338 8470
2338 8132
2338 7896
2338 7548
2338 5155
2338 3038
2339 4838
2339 4447
2340 6887
2340 3133
2341 5238
2341 8607
2341 8484
2341 5962
2341 5239
2341 4952
2342 8752
2342 8081
2342 5242
2342 3491
2342 8526
2342 8213
2342 7930
2342 6039
2342 5281
2342 3525
2342 3001
2342 2620
2342 7531
2342 7422
2343 6520
2343 6041
2343 5516
2343 8137
2343 8115
2343 5790
2343 5143
2343 3210
2343 3013
2343 2942
2343 8338
2343 5089
2343 2451
2344 7490
2344 7128
2344 2643
2344 8388
2344 8163
2344 7800
2344 7626
2344 5551
2344 5549
2344 5470
2344 5397
2344 5344
2344 5303
2344 5301
2344 5208
2344 5149
2344 4464
2344 3107
2344 2987
2344 2935
2344 2779
2344 2777
2344 2705
2344 2608
2344 2514
2344 2426
2344 7896
2344 7647
2344 5778
2344 5417
2344 4558
2344 3067
2345 4911
2345 8754
2345 8553
2345 8320
2345 5265
2345 3545
2346 8678
2346 6954
2346 4505
2346 2802
2346 2422
2346 7482
2347 7140
2347 6043
2347 5574
2347 3962
2347 2826
2347 2412
2347 8664
2347 7893
2347 7489
2347 7247
2347 6934
2347 5468
2347 4812
2347 4786
2347 4771
2347 4622
2347 3362
2347 3097
2347 3095
2347 2856
2347 8156
2347 7621
2347 5406
2348 4887
2348 3931
2348 3178
2348 8654
2348 8646
2348 7948
2348 7911
2348 5464
2348 5389
2348 4782
2348 4469
2348 3108
2348 2954
2348 2931
2348 2921
2348 2421
2348 7647
2348 6483
2348 3803
2348 3642
2348 2692
2348 2606
2349 7668
2349 7652
2349 5468
2349 5147
2349 4919
2349 4151
2349 3782
2349 3755
2349 2762
2349 7822
2349 5780
2349 5402
2349 5286
2349 4561
2349 4219
2349 3854
2349 3594
2350 7121
2350 5851
2350 5202
2350 3138
2350 2811
2350 2701
2350 7005
2350 4717
2350 4623
2350 3787
2350 3308
2351 4926
2351 2825
2351 7177
2351 7227
2351 5666
2351 4864
2351 3667
2352 8325
2352 8140
2352 5244
2352 5124
2352 4948
2352 3495
2352 8552
2352 7870
2352 7471
2352 6952
2352 6658
2352 4558
2353 5901
2353 5706
2353 7810
2353 7592
2353 4781
2353 4658
2353 4180
2353 2756
2354 7151
2354 7641
2354 6442
2354 5754
2354 5611
2354 4633
2354 3942
2354 3840
2354 3195
2354 2601
2354 8707
2354 5417
2354 3748
2354 2877
2355 7131
2355 4614
2355 2426
2355 4768
2355 2864
2355 2606
2355 7727
2355 5133
2357 3539
2357 8032
2357 4576
2357 3928
2357 3760
2357 3286
2357 3051
2357 2623
2357 2479
2357 8388
2357 8306
2357 8257
2357 8133
2357 7970
2357 7626
2357 5631
2357 5470
2357 3157
2357 2931
2357 2845
2357 2701
2357 2612
2358 6816
2358 4966
2358 3494
2358 3326
2358 5565
2358 4634
2358 3826
2359 7463
2359 7289
2359 5816
2359 3247
2359 8128
2359 7906
2359 7634
2359 7552
2359 7141
2359 6549
2359 5366
2359 4917
2359 3762
2359 3179
2359 2982
2359 2897
2359 2772
2359 2670
2359 2619
2359 8702
2359 7901
2359 7769
2359 6527
2359 5217
2359 4571
2359 4547
2359 4137
2360 8383
2360 7872
2360 6642
2360 6609
2360 5680
2360 5122
2360 3814
2360 2977
2360 2743
2360 8546
2360 5685
2361 7327
2361 5820
2361 7069
2361 6375
2361 4436
2362 2607
2363 8587
2363 6025
2363 6333
2364 7982
2364 6618
2364 5789
2364 3991
2364 2605
2364 8710
2364 7764
2364 7635
2364 6454
2364 5454
2364 5404
2364 5268
2364 4094
2364 3305
2364 2765
2364 2665
2365 7691
2365 8300
2365 8264
2365 7804
2367 5407
2367 3591
2369 8570
2369 8435
2369 7800
2369 7299
2369 5259
2369 3264
2369 3200
2369 2775
2369 2566
2369 2447
2369 8254
2369 7454
2369 6209
2369 4122
2369 2918
2369 2711
2369 8333
2371 5826
2371 5447
2371 3775
2371 8064
2371 6646
2371 6595
2371 5207
2371 4785
2371 3461
2371 7678
2374 4878
2374 3723
2374 8671
2374 7308
2374 4292
2374 2699
2375 7998
2375 7468
2375 4641
2375 4568
2375 2803
2375 7242
2375 6618
2375 5725
2375 4266
2375 4183
2376 8247
2376 7463
2376 3028
2376 2912
2376 2722
2376 2387
2376 8507
2376 8180
2376 5464
2376 5170
2376 4951
2376 4186
2376 3724
2376 3061
2376 2880
2376 7005
2376 5780
2377 8113
2377 2524
2377 6696
2377 2752
2377 8139
2377 6305
2377 3739
2378 8034
2378 3520
2379 7382
2379 6887
2379 3085
2380 7650
2380 3253
2380 8489
2380 5875
2380 3756
2380 2731
2380 8023
2380 5178
2380 5053
2380 4150
2381 8435
2381 4945
2381 2694
2381 8264
2381 4459
2381 4215
2381 3396
2381 3071
2381 2751
2381 3217
2382 8126
2382 7458
2382 4283
2382 3898
2382 2894
2383 6927
2383 7242
2383 5427
2385 6959
2385 3335
2385 8295
2385 7072
2385 6498
2385 5756
2385 5312
2385 4892
2385 2630
2385 2518
2386 8250
2386 7668
2386 5388
2386 4464
2386 4070
2386 3038
2386 5526
2387 8563
2387 5375
2387 8661
2387 8461
2387 8173
2387 5783
2387 4961
2387 3766
2387 3611
2387 2912
2387 2508
2387 7115
2387 6955
2387 6814
2387 4791
2387 3792
2387 2471
2387 2416
2388 4500
2388 3530
2389 7246
2389 8701
2389 6834
2389 4560
2389 4103
2390 8684
2391 5305
2391 4922
2391 4848
2392 5788
2392 8483
2392 7306
2392 5959
2392 4622
2392 3693
2392 3157
2392 5077
2392 4872
2392 2631
2393 8156
2393 8077
2393 4975
2393 4045
2393 3543
2394 7971
2394 5130
2394 8699
2394 7856
2394 5203
2398 8668
2398 5851
2398 5628
2398 4138
2398 3098
2398 3089
2398 2994
2398 2664
2398 8733
2398 7270
2398 6076
2398 5648
2398 3804
2398 3752
2399 8624
2399 6616
2399 6589
2399 3788
2399 3623
2399 2957
2399 2665
2399 5893
2399 3803
2399 3239
2399 2618
2399 7495
2399 7156
2399 6302
2399 5715
2399 4606
2402 6362
2403 8340
2403 7877
2403 5653
2403 8269
2403 7526
2403 4147
2403 3928
2403 3760
2403 3034
2404 8031
2404 6797
2404 6863
2405 7353
2405 7841
2407 8406
2408 3380
2409 8549
2409 4404
2409 4439
2411 8204
2411 7449
2411 7361
2411 5688
2411 3628
2411 3472
2411 2949
2411 2589
2411 8677
2411 6590
2411 2883
2411 2712
2411 5341
2411 2783
2412 8311
2412 7488
2412 6763
2412 5954
2412 5948
2412 5898
2412 5621
2412 4625
2412 2951
2412 8668
2412 8309
2412 7405
2412 7182
2412 5784
2412 5629
2412 5626
2412 5544
2412 5441
2412 5390
2412 5342
2412 5118
2412 4958
2412 4622
2412 4175
2412 4115
2412 3793
2412 3604
2412 3157
2412 3062
2412 2810
2412 2772
2412 2576
2412 2503
2413 8714
2415 8057
2416 8521
2416 7490
2416 5970
2416 5958
2416 5789
2416 5363
2416 2726
2416 2643
2416 8625
2416 8118
2416 7823
2416 7807
2416 7795
2416 6616
2416 6589
2416 5634
2416 5399
2416 5067
2416 4968
2416 4939
2416 4933
2416 3776
2416 3345
2416 3099
2416 2880
2416 5391
2417 7821
2417 7756
2417 7293
2417 5302
2417 3034
2417 2890
2417 2645
2417 8492
2417 8442
2417 8299
2417 7978
2417 7953
2417 6624
2417 5821
2417 5278
2417 5274
2417 5221
2417 5220
2417 4952
2417 4543
2417 3340
2417 3100
2417 3088
2417 2927
2417 2910
2419 6852
2419 6780
2419 3357
2419 8462
2419 8388
2419 6557
2419 5268
2419 2891
2419 2449
2420 5250
2420 4818
2420 3627
2421 5414
2421 7627
2421 7479
2421 7123
2421 7084
2421 6944
2421 6919
2421 5839
2421 5113
2421 4958
2421 4776
2421 4602
2421 3942
2421 3608
2421 3264
2421 3200
2421 8245
2421 6541
2421 6305
2421 5971
2421 5809
2421 4112
2421 2461
2422 7893
2422 7823
2422 7466
2422 6297
2422 5458
2422 4868
2422 4115
2422 3923
2422 3793
2422 3518
2422 2948
2422 2941
2422 2755
2422 2634
2422 2602
2422 2514
2422 2434
2422 8393
2422 8190
2422 6483
2422 5053
2422 4215
2422 4137
2422 3528
2422 7495
2423 8703
2423 8146
2423 5958
2423 5457
2423 5456
2423 5306
2423 3766
2423 3274
2423 2468
2423 7624
2423 6591
2423 5303
2423 5276
2423 5222
2423 5218
2423 3605
2423 2947
2423 2927
2423 2771
2423 8268
2424 8660
2424 5788
2424 4214
2424 3778
2424 2943
2424 2734
2424 2645
2424 8466
2424 8315
2424 8302
2424 7956
2424 6576
2424 6454
2424 5775
2424 3201
2424 3094
2424 2987
2424 2758
2424 2728
2424 2458
2424 4925
2425 8655
2425 8534
2425 7810
2425 7746
2425 7486
2425 6039
2425 5616
2425 5105
2425 4479
2425 4190
2425 3080
2425 2955
2425 2770
2425 8488
2425 8302
2425 8135
2425 7825
2425 7814
2425 7663
2425 7634
2425 7611
2425 7515
2425 6944
2425 5959
2425 5817
2425 5628
2425 5615
2425 5581
2425 4944
2425 3788
2425 3451
2425 3153
2425 2872
2425 2843
2425 2771
2425 2715
2425 2596
2425 2583
2425 2567
2425 5806
2425 4937
2426 7925
2426 7301
2426 7128
2426 5456
2426 5249
2426 4454
2426 8663
2426 8196
2426 8119
2426 7614
2426 6581
2426 5945
2426 5287
2426 5280
2426 5067
2426 4924
2426 3923
2426 3767
2426 3132
2426 4484
2426 3854
2426 3763
2426 2881
2426 2751
2426 2606
2427 3615
2427 2759
2427 8697
2427 8247
2427 5602
2427 3521
2427 3254
2427 2985
2427 8126
2427 5315
2427 5108
2427 3102
2427 3098
2427 2927
2427 2841
2427 2817
2428 5761
2428 5367
2428 2855
2428 8435
2428 5220
2428 4187
2428 3270
2428 3136
2428 3115
2428 2913
2428 7769
2428 2751
2428 2677
2429 8298
2429 5473
2429 4046
2429 8558
2429 6636
2429 6571
2429 5784
2429 5586
2429 5335
2429 5284
2429 5221
2429 4849
2429 4823
2429 2987
2429 2878
2429 2670
2430 8507
2430 8442
2430 8301
2430 7741
2430 7619
2430 6454
2430 5821
2430 5766
2430 5358
2430 5113
2430 5112
2430 4919
2430 4602
2430 2900
2430 8148
2430 5402
2430 2980
2430 2536
2431 5338
2431 6657
2431 3072
2431 5230
2431 3864
2432 8672
2432 8593
2432 7593
2432 2511
2432 8467
2432 7596
2432 7428
2432 6579
2432 5625
2432 5581
2432 5099
2432 4954
2432 4667
2432 3029
2432 2990
2432 2629
2432 5658
2433 8704
2433 8353
2433 8497
2433 7981
2433 7592
2433 7461
2433 5340
2433 4876
2433 3655
2433 3456
2433 3142
2433 8691
2433 8170
2433 7298
2433 6569
2433 5108
2433 3153
2433 2930
2433 2627
2433 2458
2434 7974
2434 7541
2434 6635
2434 5965
2434 5958
2434 5292
2434 5121
2434 5110
2434 3943
2434 3279
2434 2648
2434 2584
2434 8495
2434 8392
2434 8303
2434 8140
2434 7790
2434 7587
2434 7387
2434 7316
2434 6454
2434 5968
2434 5957
2434 5864
2434 5295
2434 5029
2434 4963
2434 4943
2434 3614
2434 2447
2434 5575
2435 4901
2435 2454
2435 8088
2435 7984
2435 6063
2435 5120
2435 4705
2435 4446
2435 8382
2435 5642
2435 4452
2435 4387
2435 4073
2435 3778
2435 2756
2436 8592
2436 4057
2436 8446
2436 6436
2436 6397
2437 8703
2437 5199
2437 3953
2437 3400
2437 3051
2437 2869
2437 2769
2437 2668
2437 2620
2437 7676
2437 7653
2437 5772
2437 5611
2437 4601
2437 3744
2437 2948
2438 6017
2438 4046
2438 6579
2438 6574
2438 5697
2438 3252
2438 2883
2438 2627
2438 2507
2438 2447
2439 8325
2439 8128
2439 4983
2439 3623
2439 2731
2439 6646
2439 6483
2439 5723
2439 5413
2439 5127
2439 3217
2440 7680
2440 5967
2440 3172
2440 2803
2440 5905
2441 3964
2441 8746
2442 5559
2442 8272
2442 7925
2442 7481
2442 3397
2442 3155
2442 2934
2442 2912
2442 2643
2442 8460
2442 8163
2442 7428
2442 5441
2442 4469
2442 3781
2442 2755
2442 2752
2443 7021
2443 6850
2443 6310
2443 5487
2443 3090
2443 8668
2443 8442
2443 8094
2443 7129
2443 6591
2443 5283
2443 5270
2443 5104
2443 3345
2443 2856
2443 5350
2443 2600
2444 7463
2444 5363
2444 3483
2444 8435
2444 8263
2444 8125
2444 8028
2444 7477
2444 5271
2444 4620
2444 3927
2444 3210
2444 5081
2444 4142
2445 4739
2445 6612
2445 7771
2446 7636
2446 5808
2446 4917
2446 2831
2446 5830
2446 4864
2446 4193
2446 8082
2446 6503
2447 8713
2447 5110
2447 4887
2447 3234
2447 2846
2447 6970
2447 5210
2447 5200
2447 4615
2447 8502
2447 8029
2447 7412
2447 3759
2447 3478
2447 3117
2447 3116
2448 8130
2448 5114
2448 3467
2448 3257
2448 2645
2448 8323
2448 8118
2448 7477
2448 7428
2448 5624
2448 5549
2448 5481
2448 5376
2448 5279
2448 5124
2448 4943
2448 2706
2448 2628
2448 6044
2448 5417
2448 5368
2448 5089
2448 5081
2448 4505
2448 4112
2448 2819
2448 2659
2449 7301
2449 8460
2449 7631
2449 5389
2449 5366
2449 5335
2449 5211
2449 5147
2449 5106
2449 2598
2449 6477
2449 4624
2449 3743
2450 7864
2450 6403
2450 7977
2450 6066
2450 5592
2450 8516
2450 2518
2451 8720
2451 8263
2451 7832
2451 5813
2451 4205
2451 2593
2451 7842
2452 8324
2452 7600
2452 5995
2452 5958
2452 5337
2452 5234
2452 4938
2452 4774
2452 3660
2452 3143
2452 2949
2452 2791
2452 2521
2452 8474
2452 7957
2452 7476
2452 6636
2452 6498
2452 6454
2452 5233
2452 5197
2452 5122
2452 5117
2452 4982
2452 4957
2452 4842
2452 4205
2452 3605
2452 3096
2452 2916
2453 7877
2453 7645
2453 7510
2453 6017
2453 5836
2453 5752
2453 5403
2453 5285
2453 4617
2453 3090
2453 7789
2453 7601
2453 5787
2453 5464
2453 5104
2453 3505
2453 2987
2453 2923
2453 2597
2453 2581
2454 6706
2454 7919
2454 7846
2454 4370
2454 3672
2455 7982
2455 7403
2455 5980
2455 2591
2455 8624
2455 8452
2455 8317
2455 6638
2455 5781
2455 5756
2455 5109
2455 4630
2455 3322
2455 3201
2455 3831
2455 2677
2456 4780
2456 8467
2456 4114
2456 3136
2456 2624
2457 6985
2457 4059
2458 5788
2458 5500
2458 4895
2458 4617
2458 4346
2458 8492
2458 8170
2458 7298
2458 7079
2458 5312
2458 3937
2458 3926
2458 3762
2458 3200
2458 3093
2458 2924
2458 2779
2458 6622
2458 3711
2459 6521
2459 6174
2459 3040
2460 5723
2460 3759
2460 4005
2461 8319
2461 6559
2461 5775
2461 5643
2461 5345
2461 5274
2461 5153
2461 3729
2461 3127
2461 3024
2461 2675
2461 7917
2461 6652
2461 4937
2463 8658
2463 8565
2463 8011
2463 7823
2463 7118
2463 6584
2463 6511
2463 5754
2463 5549
2463 5315
2463 5295
2463 5264
2463 4958
2463 4939
2463 4138
2463 3926
2463 3267
2463 3264
2463 3089
2463 2843
2463 2706
2463 2691
2463 8064
2464 7971
2466 7872
2466 6591
2466 5964
2466 5347
2466 5271
2466 4949
2466 3767
2466 3105
2466 2967
2466 2937
2466 2916
2466 2902
2466 2604
2466 8733
2466 5475
2468 8730
2468 8461
2468 5920
2468 5761
2468 5616
2468 5317
2468 5140
2468 3510
2468 2699
2468 8185
2468 7828
2468 7068
2468 5522
2468 5271
2468 5131
2468 5122
2468 3264
2468 2977
2468 2665
2468 2588
2469 3973
2469 2645
2469 2528
2469 8628
2469 7614
2469 7292
2469 7129
2469 6617
2469 5826
2469 5735
2469 5513
2469 4978
2469 4598
2469 3095
2469 2946
2469 4337
2469 3461
2471 8173
2471 4947
2471 3315
2471 8330
2471 8306
2471 7809
2471 7789
2471 5640
2471 5458
2471 5450
2471 5029
2471 4621
2471 3297
2471 3122
2471 3018
2471 2771
2471 2617
2471 5426
2471 4937
2472 7760
2473 8302
2473 6895
2473 6614
2473 6506
2473 6454
2473 5804
2473 5458
2473 8472
2473 8408
2473 6605
2473 6527
2473 4768
2473 3396
2474 7805
2474 5094
2474 8496
2474 8489
2474 8477
2474 8465
2474 7126
2474 5216
2474 5117
2474 4892
2474 3437
2474 3122
2474 3096
2474 3061
2474 2716
2474 2705
2474 8498
2474 5778
2474 4789
2476 4329
2477 5685
2478 7496
2479 5387
2479 4722
2479 8131
2479 7604
2479 6479
2479 6041
2479 5948
2479 5436
2479 2981
2479 2734
2479 2702
2479 8646
2479 8388
2479 8201
2479 5956
2479 5943
2479 4601
2479 3099
2479 2925
2479 2767
2479 2707
2479 2634
2480 7051
2480 4700
2480 3705
2480 3319
2482 7686
2482 7563
2483 3904
2483 5909
2484 2519
2484 7980
2484 7650
2484 5535
2484 4747
2484 4383
2484 3943
2484 8296
2484 7823
2484 3329
2484 3163
2484 3161
2484 2932
2484 2784
2485 8123
2485 6437
2485 5586
2485 4873
2485 3946
2485 4645
2487 7582
2487 4723
2487 6611
2488 6728
2488 5266
2488 5578
2489 8104
2489 7571
2489 5205
2489 4292
2489 3522
2489 3438
2489 8173
2489 7976
2489 4617
2489 3286
2489 3274
2489 2960
2489 2645
2489 8409
2489 7118
2489 6297
2489 5755
2489 5705
2489 5301
2489 5112
2489 2920
2489 2779
2490 5901
2490 6139
2493 8751
2493 8507
2493 8133
2493 7636
2493 6557
2493 5821
2493 5486
2493 5389
2493 5282
2493 5197
2493 4917
2493 3289
2493 3115
2493 3102
2493 2792
2493 2771
2493 2548
2493 5207
2493 5155
2493 4717
2493 3716
2493 3239
2493 5715
2494 4351
2494 4388
2494 2968
2495 8197
2495 5547
2495 4440
2495 3471
2495 8449
2495 8288
2495 5991
2498 5306
2498 8723
2498 8492
2498 8490
2498 8462
2498 8278
2498 7676
2498 7629
2498 7131
2498 6960
2498 4982
2498 4930
2498 4603
2498 3949
2498 3013
2498 2705
2498 8175
2498 2719
2499 6347
2500 7960
2500 6956
2500 6106
2500 4500
2500 3020
2503 7930
2503 3154
2503 2622
2503 8741
2503 8196
2503 7975
2503 7213
2503 5952
2503 5221
2503 4985
2503 3157
2503 3131
2503 3122
2503 3024
2503 2686
2503 2664
2503 8061
2503 3594
2503 3068
2503 2669
2504 8596
2505 8637
2505 7469
2505 6640
2505 5963
2505 5404
2505 5395
2505 5278
2505 5144
2505 3527
2505 3495
2505 3014
2505 8331
2505 7870
2505 3739
2505 3268
2505 2673
2505 8000
2506 2882
2506 8183
2506 7981
2506 7282
2506 7128
2506 6600
2506 6064
2506 5792
2506 5160
2506 4282
2506 3991
2506 3777
2506 3400
2506 2773
2506 7658
2506 4952
2507 8390
2507 8193
2507 8146
2507 7623
2507 5713
2507 4440
2507 3965
2507 3943
2507 2645
2507 8723
2507 8488
2507 8295
2507 5749
2507 5444
2507 5409
2507 4763
2507 4274
2507 3706
2507 3094
2507 2872
2507 2817
2507 8331
2507 4155
2507 2903
2508 7651
2508 8069
2508 6635
2508 3766
2508 2928
2508 2850
2509 5750
2509 8451
2509 6108
2509 5897
2509 4621
2510 8061
2510 5509
2510 5400
2510 2600
2511 8635
2511 6987
2511 6618
2511 5816
2511 5121
2511 2778
2511 8555
2511 8252
2511 6454
2511 6000
2511 5507
2511 5342
2511 4091
2512 8529
2512 8129
2512 7663
2512 5548
2512 5469
2512 5398
2512 3089
2512 2845
2512 7798
2512 5369
2512 3763
2512 3164
2512 7605
2512 7462
2513 7486
2513 6479
2513 5419
2513 8466
2513 8296
2513 7915
2513 5946
2513 5821
2513 5791
2513 5766
2513 5144
2513 3990
2513 3933
2513 3783
2513 2956
2513 7597
2513 7201
2513 5979
2514 6310
2514 5752
2514 5746
2514 5288
2514 4916
2514 4784
2514 4617
2514 8495
2514 8488
2514 8468
2514 8301
2514 8107
2514 7652
2514 7016
2514 6576
2514 6564
2514 5956
2514 4776
2514 2921
2514 2762
2514 5369
2514 4219
2514 4112
2515 5753
2515 4446
2515 8298
2515 7439
2515 5457
2515 3924
2516 6005
2516 5513
2516 4615
2516 2831
2516 5509
2516 5341
2516 3545
2516 3168
2516 2735
2516 8520
2516 8441
2516 4068
2517 8275
2517 6657
2517 5690
2518 8204
2518 5331
2518 3650
2518 8378
2518 2838
2519 6184
2519 5869
2519 5355
2519 8484
2519 8311
2519 7403
2519 6041
2519 5408
2519 5305
2519 3113
2519 3001
2519 2885
2519 2616
2520 6086
2520 5478
2520 4375
2520 3635
2520 2651
2521 8155
2521 8618
2521 8267
2521 5745
2521 2823
2521 2636
2522 6047
2523 8645
2523 7311
2523 6114
2523 5962
2523 5535
2523 5180
2523 2613
2523 8178
2523 7619
2523 7309
2523 5999
2523 5335
2523 5131
2523 5111
2523 4978
2523 4973
2523 3329
2523 3226
2523 3111
2523 2608
2523 8274
2523 5671
2523 5639
2523 5394
2523 4817
2523 2877
2524 8713
2524 7242
2524 6618
2524 6568
2524 8722
2524 7059
2524 4823
2525 4594
2525 8557
2525 7836
2525 6515
2525 5179
2526 7098
2526 5387
2526 5204
2526 4266
2526 2702
2526 8482
2526 8480
2526 6650
2526 5946
2526 5236
2528 8671
2528 5169
2528 8475
2528 7885
2528 7638
2528 7138
2528 5970
2528 4938
2528 4658
2528 4635
2528 3104
2528 2855
2528 5952
2528 5949
2528 5947
2528 5377
2528 5282
2528 4615
2528 3761
2528 2859
2528 2794
2529 5169
2529 4503
2530 6635
2530 4581
2530 3538
2530 3473
2530 7582
2531 7864
2531 7796
2531 6961
2531 3177
2531 7791
2531 4096
2531 3673
2532 8673
2532 6081
2532 8247
2532 7617
2533 8255
2533 7638
2533 7301
2533 7151
2533 7031
2533 6659
2533 5761
2533 5477
2533 4947
2533 4383
2533 2821
2533 8440
2533 5153
2533 2715
2534 5862
2534 8653
2534 8582
2534 7576
2534 5587
2534 5259
2534 4779
2535 3770
2535 8299
2535 8258
2535 7987
2535 6585
2535 6000
2535 5834
2535 5797
2535 5697
2535 5297
2535 4841
2535 4105
2535 3527
2535 3362
2535 3097
2535 2910
2535 4640
2535 3845
2535 2618
2536 7648
2536 7103
2536 6809
2536 5821
2536 5304
2536 5267
2536 5259
2536 4868
2536 2787
2536 8198
2536 7471
2536 5033
2536 4672
2536 4009
2537 3818
2537 6935
2537 4625
2537 3204
2537 3104
2537 4985
2538 8637
2538 8351
2538 8184
2538 8129
2538 7795
2538 7531
2538 6020
2538 5959
2538 5951
2538 5115
2538 3603
2538 2784
2538 2712
2538 5635
2538 4505
2538 3651
2538 3543
2538 2659
2539 8516
2539 7840
2539 5339
2539 4765
2539 5702
2539 3545
2540 8241
2540 3407
2540 3375
2540 8540
2540 6971
2540 5986
2541 8227
2541 7569
2541 7359
2541 6643
2541 5411
2542 6818
2542 5986
2542 5329
2542 8681
2542 5732
2542 3973
2543 7478
2543 6064
2543 5082
2543 4471
2543 3230
2543 8456
2543 8365
2543 7648
2543 6641
2543 5361
2543 4948
2543 4932
2543 3605
2543 2883
2543 2754
2544 8725
2544 3752
2544 7723
2545 7259
2545 6007
2545 5963
2545 4943
2545 2990
2545 6632
2545 5979
2545 4896
2545 4451
2545 8284
2546 8102
2546 7475
2546 6967
2546 6174
2546 6096
2546 8226
2548 8593
2548 7301
2548 5761
2548 4780
2548 3085
2548 8258
2548 8178
2548 6574
2548 6442
2548 5308
2548 5122
2548 4985
2548 4953
2548 8470
2548 5452
2548 5085
2551 8515
2551 6295
2551 6055
2551 5224
2552 7775
2553 8491
2553 8307
2553 7136
2553 6005
2553 5549
2553 5439
2553 3793
2553 3788
2553 8750
2553 8514
2553 8356
2553 8300
2553 4872
2553 4645
2553 3239
2553 3068
2553 2735
2554 5498
2555 7406
2555 5379
2555 4507
2556 7361
2556 7133
2556 6043
2556 5621
2556 7306
2556 7247
2556 6454
2556 5791
2556 5782
2556 5766
2556 5125
2556 4868
2556 3775
2556 7621
2556 5996
2556 5163
2556 5033
2557 2871
2557 4434
2558 3836
2560 3010
2560 3681
2561 5682
2561 5418
2561 5306
2561 4106
2561 3271
2561 2955
2561 2846
2561 8468
2561 8257
2561 7641
2561 5486
2561 5102
2561 4954
2562 5143
2562 8369
2562 3151
2564 7217
2564 8533
2564 8113
2564 6465
2564 3936
2564 2847
2564 8170
2564 5200
2564 4943
2564 4601
2564 3933
2564 3457
2566 4955
2566 3092
2566 8481
2566 8460
2566 8201
2566 8158
2566 6609
2566 5961
2566 5308
2566 5289
2566 5267
2566 5229
2566 3632
2566 2682
2567 7593
2567 6520
2567 2850
2567 2687
2567 8644
2567 8372
2567 8261
2567 6973
2567 5859
2567 5632
2567 3937
2567 3099
2567 3018
2567 2746
2567 2587
2567 8551
2567 6586
2567 3602
2567 3260
2567 2952
2571 8703
2571 8032
2571 7488
2571 7021
2571 5386
2571 4955
2571 8565
2571 8491
2571 7624
2571 5947
2571 5625
2571 5623
2571 5344
2571 4151
2571 3111
2571 3093
2571 3089
2571 2883
2571 2843
2571 2686
2571 8512
2571 7459
2571 6957
2572 4275
2574 4282
2574 3173
2574 7058
2574 5218
2576 8326
2576 4867
2576 8739
2576 8199
2576 7643
2576 7444
2576 6914
2576 5632
2576 5345
2576 5269
2576 5268
2576 5202
2576 5122
2576 4728
2576 4602
2576 3645
2576 2947
2576 2695
2576 2597
2576 6527
2576 5794
2577 8068
2578 8645
2578 7128
2578 5605
2578 5554
2578 2668
2578 8468
2578 8292
2578 7797
2578 7303
2578 7115
2578 6712
2578 5096
2578 4963
2578 4464
2578 3606
2578 3256
2578 3094
2578 2664
2579 6520
2579 5262
2579 5741
2579 4078
2579 2654
2580 6548
2580 3321
2580 8626
2580 4596
2580 2747
2580 5790
2580 5684
2581 7616
2581 6702
2581 6618
2581 4675
2581 3051
2581 8643
2581 8306
2581 7772
2581 5770
2581 5511
2581 5429
2581 5269
2581 4612
2581 4570
2581 4110
2581 3780
2581 3121
2581 2776
2581 7630
2581 6586
2582 5142
2583 2753
2583 7405
2583 7146
2583 5390
2583 4964
2583 4927
2583 4745
2583 3717
2583 3297
2583 3014
2583 2954
2583 2691
2583 6857
2583 4277
2583 3743
2583 2918
2584 6961
2584 4988
2584 8757
2584 8193
2584 5327
2584 2873
2584 8459
2584 8329
2584 7531
2584 5797
2584 3112
2585 8645
2585 5798
2585 4581
2585 3467
2585 8664
2585 8160
2585 7975
2585 7828
2585 5468
2585 5293
2585 5227
2585 4712
2585 3201
2585 2638
2585 7474
2585 3803
2585 3544
2585 2918
2586 8645
2586 7976
2586 7746
2586 6438
2586 6046
2586 5463
2586 4940
2586 4747
2586 3948
2586 3771
2586 3156
2586 2753
2586 8636
2586 8467
2586 8258
2586 7893
2586 6616
2586 5751
2586 5112
2586 5067
2586 4929
2586 3937
2586 3124
2586 2831
2586 2827
2586 8665
2586 4750
2586 3056
2587 8131
2587 5175
2587 4780
2587 4117
2587 2611
2587 8158
2587 8115
2587 7646
2587 7428
2587 7294
2587 6566
2587 5220
2587 4958
2587 4210
2588 8267
2588 8146
2588 8131
2588 7805
2588 5771
2588 5249
2588 5148
2588 3931
2588 3277
2588 8486
2588 8153
2588 7790
2588 7614
2588 7417
2588 7168
2588 7126
2588 5808
2588 5632
2588 5333
2588 5304
2588 5291
2588 5131
2588 3046
2588 2789
2588 7471
2588 6957
2588 5778
2588 2786
2589 8405
2589 8358
2589 3943
2589 8135
2589 7566
2589 7387
2589 7047
2589 5697
2589 5643
2589 5299
2589 3754
2589 2712
2590 7448
2590 6214
2590 5171
2590 5317
2590 3286
2590 2594
2591 7468
2591 7187
2591 5913
2591 7980
2591 6618
2591 6443
2591 5645
2591 5463
2591 4383
2591 3958
2591 3611
2591 3009
2591 8641
2591 8409
2591 8299
2591 8217
2591 7975
2591 7777
2591 7466
2591 5934
2591 5859
2591 5629
2591 5393
2591 4952
2591 3762
2591 2836
2592 7410
2592 3261
2592 8527
2592 6924
2592 6017
2592 5816
2592 5657
2592 3948
2592 3943
2592 3628
2592 7782
2592 7299
2592 6576
2592 6036
2592 5624
2592 5614
2592 5301
2592 5131
2592 5124
2592 4871
2592 4464
2592 4104
2593 8162
2593 7639
2593 6980
2593 6635
2593 5816
2593 5414
2593 5306
2593 4596
2593 3254
2593 8636
2593 8278
2593 7622
2593 7304
2593 6939
2593 6454
2593 5609
2593 5293
2593 5131
2593 4942
2593 3263
2593 3091
2593 2913
2593 2624
2593 5679
2593 4484
2594 7490
2594 5771
2594 5180
2594 4766
2594 3209
2594 8636
2594 7145
2594 3163
2594 2933
2594 2608
2595 4760
2595 8184
2595 5643
2595 3822
2595 3362
2595 3267
2595 4700
2595 3769
2596 8146
2596 7976
2596 7457
2596 5798
2596 4780
2596 2939
2596 2603
2596 8677
2596 8668
2596 8535
2596 8373
2596 8142
2596 5099
2596 4950
2596 4812
2596 4674
2596 2851
2596 7965
2596 5413
2596 4925
2596 3184
2597 7981
2597 7541
2597 5616
2597 5408
2597 5340
2597 5234
2597 3355
2597 3228
2597 2874
2597 8409
2597 8297
2597 8128
2597 6619
2597 6010
2597 5136
2597 4953
2597 3790
2597 3281
2597 3163
2597 2941
2597 2845
2597 2602
2597 7471
2597 4779
2598 8517
2598 5401
2598 3086
2598 2680
2598 8720
2598 8619
2598 8295
2598 8150
2598 7862
2598 7624
2598 5943
2598 5115
2598 4978
2598 3329
2598 5350
2598 3066
2599 8209
2599 5310
2599 5293
2599 4707
2599 4615
2599 4095
2599 3832
2599 3118
2599 3109
2599 2948
2599 2764
2599 2706
2599 7914
2599 7598
2599 5635
2599 5328
2599 3686
2599 2673
2600 8457
2600 5942
2600 4841
2600 3233
2600 3934
2600 3898
2600 2650
2601 8309
2601 8181
2601 7317
2601 5956
2601 5613
2601 5538
2601 5396
2601 5118
2601 5115
2601 4712
2601 4620
2601 3259
2601 2675
2601 7896
2601 6622
2601 5760
2601 5459
2601 4937
2601 2788
2602 8204
2602 7810
2602 5795
2602 5437
2602 4971
2602 4100
2602 3456
2602 8466
2602 8133
2602 7296
2602 7131
2602 5990
2602 5628
2602 5622
2602 5335
2602 5287
2602 4841
2602 3163
2602 3111
2602 2879
2603 8267
2603 7430
2603 6613
2603 5777
2603 5491
2603 5164
2603 4895
2603 4887
2603 3991
2603 8297
2603 6511
2603 5981
2603 5957
2603 5511
2603 4101
2603 3930
2603 3632
2603 3108
2603 3094
2603 2915
2603 2827
2603 2675
2604 8112
2604 5121
2604 4850
2604 2613
2604 7458
2604 7306
2604 5640
2604 5315
2604 5291
2604 5179
2604 3354
2604 3300
2604 3106
2604 7474
2604 3063
2605 6419
2605 8464
2605 7980
2605 7640
2605 3315
2605 3051
2605 8365
2605 8335
2605 5630
2605 5522
2605 5221
2605 4968
2605 4552
2605 2923
2605 2686
2606 8483
2606 8220
2606 8140
2606 7741
2606 7297
2606 7126
2606 4963
2606 4622
2606 4099
2606 3269
2606 8408
2606 7328
2606 6542
2606 3804
2606 3268
2606 2677
2606 3691
2606 3072
2607 6454
2607 3782
2607 3505
2607 2822
2607 8300
2607 8333
2607 3376
2608 7639
2608 7604
2608 6478
2608 5605
2608 4046
2608 2929
2608 2850
2608 8485
2608 8299
2608 7814
2608 7141
2608 6442
2608 5796
2608 5608
2608 5470
2608 5227
2608 5104
2608 4978
2608 4622
2608 4603
2608 4170
2608 3340
2608 2938
2608 2843
2608 8164
2608 6686
2608 4700
2608 2711
2609 8348
2609 5288
2609 8646
2609 8278
2609 8180
2609 8120
2609 7911
2609 7552
2609 6557
2609 5335
2609 3961
2609 3249
2609 2935
2609 2827
2609 8463
2609 7804
2609 5707
2609 3232
2609 2711
2610 8667
2610 5427
2610 4760
2610 3085
2610 2734
2610 8119
2610 7658
2610 5961
2610 5267
2610 5236
2610 4953
2610 3758
2610 3693
2610 2628
2610 7747
2610 5451
2610 4789
2611 7293
2611 7214
2611 6118
2611 5422
2611 5086
2611 4882
2611 3760
2611 3510
2611 2615
2611 8186
2611 7956
2611 5101
2611 4936
2611 4187
2611 3132
2611 2811
2612 5836
2612 4876
2612 8486
2612 8028
2612 7213
2612 2811
2612 2723
2612 3212
2613 8744
2613 7820
2613 5795
2613 5285
2613 4955
2613 3286
2613 8335
2613 8129
2613 7609
2613 6591
2613 5787
2613 5517
2613 5458
2613 5333
2613 5111
2613 5080
2613 4877
2613 4712
2613 3100
2613 3046
2613 2954
2613 2941
2613 2932
2613 2712
2613 2706
2614 8201
2614 5764
2614 5618
2614 5299
2614 5268
2614 4954
2614 4920
2614 4917
2614 4151
2614 2987
2614 2921
2614 2696
2614 8064
2614 5707
2614 5350
2614 5081
2614 3268
2614 2907
2615 8433
2615 8279
2615 8428
2615 7427
2615 6659
2615 4289
2615 3953
2615 3936
2615 3609
2615 3257
2615 3001
2615 2953
2615 2939
2615 8487
2615 8476
2615 7642
2615 5611
2615 4958
2615 3782
2615 3263
2615 2859
2615 2701
2616 5351
2616 4947
2616 4747
2616 4089
2616 3655
2616 3618
2616 2639
2616 7611
2616 6951
2616 5981
2616 3107
2617 6441
2617 6046
2617 8138
2617 7782
2617 6914
2617 6036
2617 4094
2617 3110
2617 6686
2617 5426
2617 4912
2618 8486
2618 8335
2618 7909
2618 7629
2618 7294
2618 7129
2618 6895
2618 5961
2618 5949
2618 5807
2618 5627
2618 5289
2618 5276
2618 5270
2618 5228
2618 4919
2618 4107
2618 3754
2618 8705
2618 7625
2618 6562
2618 6495
2618 4937
2618 3934
2618 3787
2618 3461
2618 3310
2619 5792
2619 5771
2619 5225
2619 3798
2619 2734
2619 2687
2619 8496
2619 8383
2619 8325
2619 8278
2619 7304
2619 6566
2619 5449
2619 5276
2619 4958
2619 4793
2619 4612
2619 3236
2619 3157
2619 6749
2619 5635
2619 5417
2619 2998
2620 5158
2620 4143
2620 7606
2620 7128
2620 6041
2620 5829
2620 5777
2620 5386
2620 4625
2620 4383
2620 3948
2620 3650
2620 2934
2620 2640
2620 8625
2620 7632
2620 5220
2620 4936
2620 4603
2620 3317
2621 8638
2621 7978
2621 7649
2621 7366
2621 3305
2621 3233
2621 3019
2621 5550
2621 4720
2621 3705
2621 2907
2621 2860
2621 7222
2622 8497
2622 8310
2622 7606
2622 6631
2622 6532
2622 6046
2622 5317
2622 5204
2622 4452
2622 4019
2622 3510
2622 3355
2622 2846
2622 8654
2622 8631
2622 8365
2622 7978
2622 7953
2622 7637
2622 6712
2622 6557
2622 6454
2622 5336
2622 5282
2622 4983
2622 4964
2622 4619
2622 3814
2622 3754
2622 3608
2622 3093
2622 2784
2623 7651
2623 7220
2623 6150
2623 3522
2623 7746
2623 6647
2623 6064
2623 5783
2623 5288
2623 4955
2623 4658
2623 3265
2623 2699
2623 6944
2623 5764
2623 4949
2624 7746
2624 5292
2624 4539
2624 3286
2624 3129
2624 3006
2624 2992
2624 2734
2624 8465
2624 8303
2624 8261
2624 8196
2624 8185
2624 8180
2624 8133
2624 7068
2624 5754
2624 5624
2624 5278
2624 5136
2624 4712
2624 4194
2624 3840
2624 3773
2624 2927
2624 2921
2624 2784
2624 2675
2624 4789
2624 4640
2625 6564
2625 3929
2625 4137
2625 3651
2626 5545
2626 3734
2626 3658
2626 8247
2626 5605
2626 3650
2626 3609
2626 3286
2626 7790
2626 6590
2626 2923
2626 2789
2627 8633
2627 7835
2627 7623
2627 5872
2627 5788
2627 5116
2627 5105
2627 3262
2627 3051
2627 6758
2627 5999
2627 5630
2627 5310
2627 5197
2627 5177
2627 3608
2627 3110
2627 3024
2627 2924
2627 2915
2627 2851
2627 2775
2627 2772
2627 2638
2627 2634
2628 7541
2628 4180
2628 2889
2628 5544
2628 5342
2628 6398
2628 5550
2628 4459
2629 8730
2629 8173
2629 6060
2629 5346
2629 2679
2629 8058
2629 7292
2629 6758
2629 6549
2629 5903
2629 5766
2629 5615
2629 5344
2629 5208
2629 4968
2629 4929
2629 4599
2629 3437
2629 3095
2629 3004
2629 2690
2629 8512
2629 3809
2629 2786
2630 5082
2630 8153
2630 6945
2630 4942
2630 4788
2630 3622
2630 7160
2630 4864
2630 3763
2630 2834
2631 7182
2631 2806
2631 8029
2631 6984
2631 4595
2631 3845
2631 3056
2631 3033
2631 2861
2632 8120
2632 7474
2632 6562
2632 6541
2632 5846
2632 5135
2632 4894
2632 4824
2632 2736
2632 8494
2632 4627
2632 2737
2633 8050
2633 5508
2633 5249
2633 5105
2633 3143
2633 2953
2633 2668
2633 2646
2633 8180
2633 7016
2633 5952
2633 5808
2633 5615
2633 4096
2633 3623
2633 3138
2633 2779
2633 7767
2633 4750
2633 4572
2634 8461
2634 8326
2634 7655
2634 4922
2634 3962
2634 3695
2634 3628
2634 8216
2634 8150
2634 7814
2634 7304
2634 7136
2634 6712
2634 5308
2634 5297
2634 4953
2634 3340
2634 2886
2634 2670
2634 5154
2634 4937
2634 3809
2635 6647
2635 5556
2635 4214
2635 8343
2635 5934
2635 5804
2635 5614
2635 5055
2635 4272
2635 2733
2635 7612
2635 6686
2636 7960
2636 5827
2636 5082
2636 4629
2636 7213
2637 6844
2638 8744
2638 7826
2638 7788
2638 7403
2638 5810
2638 5774
2638 5427
2638 5148
2638 3777
2638 3765
2638 3523
2638 3510
2638 8493
2638 8138
2638 7663
2638 7299
2638 7132
2638 5959
2638 5624
2638 5404
2638 4622
2638 4592
2638 3961
2638 3269
2638 3157
2638 3107
2638 5635
2639 4156
2639 8461
2639 7623
2639 7606
2639 7592
2639 6015
2639 5801
2639 5554
2639 5164
2639 4474
2639 3795
2639 3473
2639 3156
2639 3025
2639 2850
2639 8581
2639 8460
2639 8388
2639 8186
2639 7632
2639 6549
2639 5817
2639 5756
2639 5424
2639 3093
2639 2933
2640 4988
2640 4738
2640 8672
2640 8633
2640 7833
2640 7289
2640 5612
2640 5281
2640 4867
2640 4747
2640 4120
2640 3798
2640 3262
2640 2643
2640 7777
2640 7552
2640 5644
2640 5618
2640 3505
2640 3078
2641 8262
2641 6493
2641 6468
2641 4669
2641 3517
2641 3018
2641 6686
2641 5488
2641 2751
2641 4979
2642 5668
2643 5411
2643 8461
2643 7976
2643 7826
2643 7616
2643 7212
2643 4780
2643 4774
2643 4766
2643 4747
2643 3397
2643 2936
2643 8747
2643 8257
2643 7072
2643 6814
2643 5807
2643 5718
2643 5444
2643 4592
2643 3264
2643 3226
2644 8456
2644 5412
2644 3756
2644 7933
2644 7621
2644 5475
2644 4779
2645 7761
2645 2803
2645 7321
2645 5810
2645 3866
2645 3258
2645 3006
2645 2885
2645 8466
2645 7828
2645 7636
2645 6448
2645 5945
2645 5633
2645 5468
2645 5299
2645 4973
2645 4934
2645 2856
2646 6645
2646 5231
2646 7500
2646 6757
2646 6482
2646 4563
2646 3613
2646 3244
2646 2850
2646 2726
2646 8365
2646 8123
2646 7588
2646 7476
2646 5470
2646 5232
2647 6476
2647 7811
2647 5323
2648 5869
2648 5852
2648 5801
2648 4039
2648 3956
2648 3798
2648 2951
2648 5791
2648 5442
2648 3749
2649 3392
2649 8257
2649 7626
2649 5640
2649 3744
2649 3605
2649 2836
2650 8552
2650 7491
2650 6022
2650 3637
2651 8160
2651 8145
2651 6576
2651 3782
2651 3604
2651 3297
2651 8463
2651 7799
2651 4768
2651 4024
2652 3403
2653 4437
2654 8644
2654 8125
2654 6566
2654 5412
2654 4927
2654 3179
2654 2715
2655 7817
2655 6294
2655 4600
2655 2825
2655 8720
2655 5644
2655 5628
2655 5389
2655 4668
2655 4464
2655 3738
2655 3724
2656 7848
2656 7455
2656 6140
2656 5215
2656 3523
2656 8557
2656 8259
2656 7895
2656 5628
2656 5275
2656 4324
2656 2937
2656 2723
2656 5780
2656 4843
2657 5986
2657 5570
2657 6590
2657 5652
2657 3774
2659 8320
2659 7646
2659 7136
2659 7079
2659 6640
2659 5990
2659 5939
2659 5766
2659 5278
2659 3118
2659 3091
2659 2942
2659 2925
2659 2794
2659 2776
2659 2768
2659 8552
2659 5806
2659 3799
2659 8520
2660 8734
2660 8728
2660 7472
2660 4534
2660 3226
2662 6893
2663 3794
2663 5578
2664 8130
2664 5771
2664 4172
2664 8710
2664 8028
2664 7772
2664 7309
2664 5754
2664 5202
2664 5136
2664 4951
2664 4746
2664 3935
2664 3785
2664 2993
2664 2937
2664 8300
2665 8521
2665 8399
2665 7616
2665 6948
2665 6647
2665 5116
2665 4557
2665 4454
2665 8500
2665 8486
2665 8440
2665 8319
2665 8181
2665 7872
2665 7643
2665 7628
2665 7304
2665 7297
2665 6454
2665 5813
2665 5797
2665 5634
2665 5474
2665 5283
2665 5124
2665 4953
2665 4107
2665 3518
2665 3127
2665 3103
2665 2686
2665 8211
2665 6621
2665 5030
2665 2864
2666 3547
2667 3165
2668 5120
2668 6310
2668 5199
2668 3392
2668 2892
2668 2884
2668 7145
2668 3264
2668 2938
2669 8115
2669 7741
2669 7452
2669 5949
2669 5812
2669 5468
2669 5335
2669 5307
2669 5211
2669 4599
2669 3091
2669 5478
2669 3686
2669 3480
2670 8645
2670 8324
2670 7553
2670 5836
2670 5805
2670 5305
2670 5094
2670 4279
2670 3143
2670 8739
2670 8663
2670 8641
2670 8216
2670 8208
2670 7906
2670 7823
2670 5785
2670 5611
2670 5549
2670 5404
2670 5298
2670 5287
2670 5284
2670 5244
2670 5035
2670 4770
2670 4182
2670 3753
2670 3200
2670 2937
2670 8331
2670 8064
2672 3685
2673 8408
2673 7473
2673 5778
2674 8194
2674 6702
2674 5801
2674 5140
2674 8409
2674 8208
2674 8140
2674 7797
2674 7129
2674 5640
2674 5551
2674 5300
2674 4620
2674 4566
2674 3264
2674 2935
2674 7812
2674 7154
2675 7120
2675 6015
2675 5810
2675 3618
2675 3523
2675 3510
2675 3274
2675 2734
2675 2710
2675 8335
2675 8323
2675 8292
2675 8012
2675 7872
2675 7673
2675 7619
2675 7479
2675 6523
2675 6000
2675 5287
2675 4511
2675 4187
2675 3937
2675 3195
2675 2774
2675 2751
2676 3765
2677 8489
2677 8262
2677 7428
2677 7291
2677 5838
2677 4934
2677 3024
2677 2771
2677 7548
2677 6495
2677 5575
2677 4024
2677 5034
2678 2866
2679 5869
2679 7925
2679 7833
2679 7805
2679 7604
2679 6811
2679 5792
2679 3185
2679 7629
2679 7582
2679 4160
2679 3792
2679 3772
2680 5653
2680 5169
2680 4988
2680 8620
2680 8304
2680 7793
2680 7138
2680 6465
2680 5973
2680 5795
2680 3795
2680 3456
2680 2929
2680 2919
2680 2888
2680 8686
2680 8500
2680 7676
2680 5790
2680 5609
2680 5607
2680 5303
2680 4987
2680 4786
2680 3259
2680 3226
2680 3098
2681 8588
2681 4269
2681 3640
2681 3020
2681 7776
2681 3667
2682 7398
2682 5805
2682 3619
2682 2936
2682 8263
2682 8216
2682 7477
2682 7136
2682 7132
2682 6547
2682 5817
2682 5131
2682 4112
2682 3743
2682 3117
2685 7311
2685 5403
2685 5306
2685 4876
2685 4440
2685 2898
2685 8745
2685 8491
2685 7987
2685 6112
2685 5808
2685 5633
2685 5424
2685 5392
2685 5295
2685 5277
2685 5220
2685 4707
2685 4182
2685 4105
2685 3929
2685 3111
2685 3095
2685 2961
2685 2950
2685 2851
2685 4912
2686 8173
2686 8113
2686 7026
2686 4658
2686 4346
2686 3943
2686 3928
2686 8309
2686 8257
2686 8145
2686 7742
2686 7741
2686 7632
2686 7619
2686 6511
2686 5312
2686 2784
2686 2696
2687 7293
2687 4955
2687 3936
2687 3159
2687 2919
2687 2868
2687 8522
2687 8476
2687 8170
2687 7975
2687 7807
2687 7657
2687 6630
2687 5775
2687 5701
2687 5619
2687 5449
2687 5267
2687 5111
2687 4973
2687 4782
2687 4177
2687 3078
2689 8729
2689 5035
2689 3774
2690 7355
2690 5605
2690 4787
2690 3472
2690 3006
2690 8411
2690 7978
2690 7648
2690 7323
2690 7306
2690 7271
2690 5946
2690 5945
2690 5644
2690 5289
2690 4707
2690 3930
2690 3608
2690 3516
2690 3110
2690 2784
2690 2712
2690 2696
2690 5417
2690 4733
2691 8607
2691 8162
2691 7756
2691 7599
2691 6808
2691 4106
2691 3392
2691 2919
2691 2898
2691 8217
2691 8142
2691 7893
2691 7622
2691 7304
2691 7079
2691 6574
2691 5565
2691 5442
2691 5345
2691 2712
2691 3232
2692 8493
2692 8486
2692 8466
2692 8129
2692 7646
2692 6576
2692 6442
2692 5614
2692 5177
2692 3195
2692 2705
2692 8164
2692 7965
2692 5328
2692 4768
2692 4484
2692 3651
2692 3282
2692 3232
2692 2918
2692 2834
2693 8700
2693 7207
2693 3433
2694 4132
2694 7907
2694 7422
2694 4698
2694 3604
2694 3594
2695 7435
2695 7120
2695 5965
2695 5948
2695 5801
2695 5457
2695 4961
2695 4938
2695 4774
2695 3139
2695 3129
2695 2966
2695 8536
2695 8320
2695 8305
2695 7618
2695 5946
2695 5808
2695 5597
2695 5486
2695 5119
2695 4630
2695 4110
2695 4101
2695 3826
2695 3781
2695 3761
2695 3756
2695 3107
2695 2841
2695 2757
2695 2752
2696 5816
2696 5810
2696 5792
2696 5381
2696 5306
2696 5105
2696 4941
2696 4635
2696 3953
2696 3467
2696 3355
2696 2951
2696 8462
2696 8302
2696 8133
2696 7795
2696 7428
2696 5955
2696 5629
2696 5289
2696 5202
2696 5108
2696 4776
2696 3926
2696 3781
2696 3132
2696 3024
2696 2925
2696 2772
2696 2712
2696 3804
2697 6645
2697 8534
2697 5159
2697 5086
2697 4794
2697 3271
2697 2992
2697 8325
2697 8145
2697 5957
2697 5609
2697 5096
2697 4963
2697 3124
2697 3105
2697 2994
2697 2946
2697 2792
2698 8219
2698 7625
2698 3231
2698 3376
2699 8543
2699 8340
2699 6740
2699 6691
2699 5986
2699 5653
2699 8484
2699 7885
2699 7600
2699 5381
2699 4784
2699 8581
2699 4953
2699 4598
2699 3137
2699 3103
2699 2758
2700 8645
2700 5771
2700 5636
2700 5500
2700 5302
2700 5105
2700 3951
2700 8565
2700 8479
2700 8320
2700 8138
2700 8118
2700 7619
2700 6473
2700 5364
2700 5287
2700 5275
2700 4105
2700 3937
2700 2922
2700 8211
2700 6537
2700 5759
2700 5341
2700 2903
2701 8726
2701 7463
2701 5771
2701 5746
2701 5641
2701 5463
2701 4766
2701 8302
2701 7862
2701 7653
2701 6636
2701 5999
2701 5957
2701 5450
2701 5404
2701 4603
2701 4175
2701 4101
2701 3785
2701 3516
2701 3107
2701 3096
2701 3046
2701 2937
2701 2768
2701 2755
2701 8665
2701 5402
2701 3294
2702 6548
2702 5907
2702 5052
2702 7427
2702 5902
2702 4941
2702 4887
2702 4597
2702 4128
2702 3355
2702 3247
2702 2855
2702 7582
2702 5390
2702 3062
2703 5261
2703 4324
2703 8057
2704 7242
2704 7138
2704 6618
2704 5401
2704 4959
2704 4474
2704 4346
2704 3765
2704 3397
2704 2855
2704 8631
2704 8149
2704 5335
2704 4929
2704 3252
2704 3235
2704 3120
2705 8628
2705 8330
2705 8250
2705 7828
2705 7428
2705 6939
2705 5964
2705 5784
2705 5756
2705 5618
2705 5347
2705 5112
2705 5104
2705 4953
2705 3923
2705 3327
2705 3108
2705 5830
2705 5778
2705 4864
2705 4192
2705 2952
2706 8756
2706 8661
2706 8326
2706 6015
2706 5948
2706 5288
2706 4971
2706 4863
2706 4106
2706 3142
2706 3051
2706 8646
2706 8570
2706 8440
2706 8206
2706 7627
2706 7132
2706 6919
2706 6005
2706 5949
2706 5202
2706 4953
2706 3004
2706 2947
2706 2758
2706 2743
2706 5212
2706 3272
2706 2903
2707 8102
2707 6659
2707 6104
2707 5777
2707 5508
2707 4521
2707 4383
2707 4180
2707 8485
2707 8163
2707 7987
2707 7663
2707 7316
2707 6585
2707 5803
2707 5624
2707 4945
2707 4622
2707 3015
2707 3799
2709 8630
2709 8633
2709 4938
2709 4739
2709 8754
2709 7271
2709 7067
2709 5630
2709 4952
2709 4849
2709 4707
2710 7220
2710 6088
2710 2882
2710 6763
2710 5757
2710 5363
2710 5306
2710 4959
2710 3254
2710 3129
2710 5634
2710 3096
2711 8480
2711 8467
2711 8206
2711 8135
2711 7800
2711 7131
2711 5838
2711 5454
2711 4272
2711 3832
2711 2875
2711 8419
2711 7965
2711 6562
2711 4750
2711 5561
2712 7826
2712 7398
2712 5944
2712 5602
2712 4876
2712 7978
2712 7632
2712 6814
2712 5952
2712 5445
2712 5347
2712 4603
2712 6135
2712 3272
2713 3820
2713 5573
2713 4564
2714 8099
2714 7398
2714 8652
2714 8581
2714 8351
2714 6297
2714 5968
2714 5784
2714 3832
2714 3788
2714 3109
2714 3097
2714 6044
2714 5710
2715 7640
2715 5841
2715 5414
2715 2928
2715 8664
2715 8483
2715 8373
2715 8135
2715 8128
2715 6758
2715 6559
2715 5119
2715 4771
2715 4284
2715 3604
2715 3451
2715 2843
2715 3294
2716 5477
2716 2773
2716 7683
2716 5623
2716 4592
2716 3093
2716 2927
2716 7160
2716 5666
2716 5452
2716 5341
2716 3858
2717 7727
2717 5726
2719 6624
2719 4094
2719 8377
2719 5648
2719 4510
2719 3268
2719 7495
2719 5928
2719 5646
2720 8669
2720 8447
2720 7125
2720 5852
2720 4584
2720 5805
2721 8661
2721 7930
2721 6463
2721 4474
2721 3087
2721 2824
2721 8477
2721 8055
2721 6566
2721 6506
2721 5308
2721 3932
2721 3929
2721 3632
2721 3081
2721 2891
2721 5459
2721 5431
2722 3128
2722 6294
2723 8123
2723 6773
2723 6681
2723 5915
2723 5361
2723 4324
2723 8736
2723 3328
2724 8654
2724 5957
2724 5609
2724 4582
2724 6542
2724 3748
2724 2738
2725 6742
2725 3818
2725 8197
2725 7280
2725 6021
2725 3037
2725 2889
2725 7751
2725 7596
2726 8353
2726 5214
2726 8255
2726 7982
2726 7826
2726 7592
2726 7481
2726 7150
2726 6953
2726 5995
2726 5487
2726 4938
2726 3350
2726 2928
2726 7987
2726 7978
2726 7304
2726 7298
2726 6955
2726 5287
2726 4957
2726 4934
2726 4041
2726 3096
2726 2925
2727 5700
2727 5175
2727 8115
2727 7063
2727 5922
2728 8661
2728 4557
2728 7736
2728 5390
2728 5268
2728 4114
2728 3082
2728 6686
2728 4530
2728 3602
2729 5495
2729 4844
2729 4778
2729 3834
2729 3156
2729 7809
2729 7141
2729 6518
2729 4534
2729 2999
2730 3595
2730 7891
2730 6448
2730 4892
2731 5292
2731 3655
2731 8487
2731 8465
2731 8460
2731 8320
2731 8141
2731 8129
2731 7973
2731 7236
2731 6758
2731 5782
2731 4041
2731 3102
2731 3046
2731 2831
2731 2774
2731 7201
2731 6652
2731 6467
2731 5416
2731 5394
2731 4785
2731 4700
2732 8304
2732 7321
2732 4777
2732 3254
2732 2960
2732 2852
2732 8646
2732 7618
2732 6065
2732 5952
2732 5867
2732 5762
2732 5756
2732 5149
2732 4952
2732 4949
2732 3623
2732 2920
2732 2900
2732 2879
2732 8665
2732 5780
2732 5459
2732 5451
2733 8159
2733 5811
2733 5273
2733 8302
2733 7611
2733 5630
2733 5629
2733 4107
2733 4104
2733 3327
2733 2956
2733 2776
2733 8546
2733 7696
2733 5969
2733 4663
2734 8117
2734 7838
2734 5621
2734 5204
2734 4844
2734 4346
2734 2782
2734 8462
2734 5220
2734 4175
2734 3729
2734 3093
2734 3029
2734 2794
2734 2748
2735 6701
2735 5683
2735 8665
2735 5356
2735 4640
2735 3182
2736 8487
2736 6113
2736 5429
2736 5096
2736 4050
2736 8750
2736 8519
2736 5996
2736 4510
2736 3763
2736 3377
2736 7922
2736 7184
2737 6695
2737 4708
2738 8691
2738 8471
2738 8460
2738 8320
2738 8306
2738 7795
2738 7297
2738 5817
2738 5781
2738 5622
2738 5272
2738 5271
2738 3281
2738 3259
2738 3099
2738 2777
2738 6595
2738 5141
2738 4586
2738 4510
2738 3934
2738 5311
2739 8084
2739 5559
2739 3367
2739 2780
2739 8193
2739 6465
2740 6796
2740 5642
2740 5467
2740 3795
2740 3599
2740 8376
2740 5640
2741 7151
2741 8710
2741 8262
2741 7852
2741 5409
2741 4210
2741 2767
2741 8398
2741 7752
2741 5831
2741 3804
2741 3194
2742 7700
2742 7214
2742 6141
2742 8244
2742 3697
2743 8728
2743 7978
2743 4170
2743 3729
2743 2977
2743 2940
2743 2810
2743 8656
2743 3799
2744 6206
2744 6021
2745 5673
2745 5618
2745 4451
2746 7261
2746 5836
2746 8256
2746 8220
2746 7479
2746 7384
2746 6955
2746 6630
2746 3923
2746 3013
2746 2926
2746 2784
2747 4596
2747 3178
2747 4298
2748 7639
2748 7120
2748 5457
2748 5436
2748 4563
2748 7809
2748 7658
2748 6019
2748 5947
2748 4175
2748 3107
2748 2768
2748 8519
2748 8268
2749 5327
2749 3530
2749 7437
2749 4505
2750 8759
2750 7793
2750 5612
2750 5456
2750 4106
2750 8301
2750 8153
2750 5586
2750 5179
2750 5102
2750 4620
2750 3774
2750 3289
2751 8664
2751 8468
2751 8325
2751 8258
2751 8149
2751 7306
2751 7146
2751 7132
2751 6557
2751 5953
2751 5791
2751 5453
2751 5289
2751 5118
2751 5115
2751 3758
2751 3608
2751 2762
2751 8559
2751 3294
2751 3071
2752 7403
2752 7085
2752 5816
2752 4769
2752 8303
2752 7576
2752 6112
2752 5848
2752 5791
2752 5540
2752 5441
2752 5295
2752 4211
2752 3229
2752 3014
2752 2917
2752 5806
2752 5635
2752 4733
2752 3739
2753 8526
2753 6465
2753 4557
2753 3523
2753 2992
2753 2905
2753 8466
2753 8330
2753 8262
2753 8225
2753 8216
2753 8133
2753 7907
2753 7872
2753 6506
2753 6468
2753 5684
2753 4160
2753 3304
2754 5518
2754 5418
2754 5580
2754 5385
2755 6532
2755 5944
2755 4895
2755 8718
2755 8662
2755 8529
2755 8206
2755 5864
2755 5859
2755 5633
2755 5344
2755 4936
2755 4782
2755 4469
2755 4210
2755 3767
2755 3717
2755 3103
2755 3101
2755 2781
2755 8705
2755 8559
2755 5778
2755 5089
2755 4142
2755 3602
2756 6063
2756 7021
2756 5827
2756 4876
2756 4563
2756 4279
2756 3156
2756 2928
2756 8741
2756 8306
2756 5802
2756 5107
2756 4187
2756 3305
2756 3096
2757 5995
2757 5771
2757 5713
2757 4565
2757 3770
2757 3234
2757 3113
2757 6113
2757 5275
2757 3153
2757 2927
2757 2817
2757 5391
2757 4337
2757 3068
2758 6046
2758 5774
2758 4961
2758 3766
2758 3397
2758 8492
2758 8142
2758 8119
2758 7953
2758 7405
2758 6511
2758 5619
2758 5295
2758 5244
2758 4932
2758 4469
2758 3758
2758 3632
2758 3289
2758 3269
2758 2789
2758 4640
2759 8340
2759 6567
2759 6528
2759 7293
2759 5408
2759 3958
2759 2928
2760 8558
2760 8539
2760 8493
2760 8137
2760 7123
2760 6579
2760 6557
2760 5275
2760 5232
2760 4776
2760 3926
2760 2915
2760 2902
2760 2841
2760 2784
2760 6621
2760 5806
2760 5402
2761 8131
2761 3490
2761 3320
2761 8555
2761 8402
2761 7146
2761 5617
2761 5366
2761 4859
2761 4601
2761 3511
2761 3089
2761 6537
2761 6018
2762 8304
2762 5105
2762 7828
2762 7742
2762 6065
2762 5864
2762 5766
2762 5652
2762 5633
2762 5449
2762 5113
2762 5106
2762 5008
2762 4958
2762 4920
2762 3147
2762 2921
2762 8408
2762 8161
2762 5969
2762 3686
2763 7599
2763 5771
2763 3991
2763 3086
2763 2773
2763 8658
2763 8646
2763 8624
2763 7840
2763 7668
2763 7637
2763 7609
2763 6809
2763 6468
2763 6454
2763 6432
2763 5749
2763 5735
2763 5626
2763 5597
2763 5538
2763 5474
2763 5293
2763 4788
2763 4770
2763 3157
2763 2941
2763 7155
2763 3515
2763 2952
2764 5574
2764 4887
2764 4521
2764 3467
2764 6650
2765 8478
2765 8162
2765 7488
2765 7439
2765 4766
2765 8488
2765 8468
2765 8278
2765 7641
2765 7115
2765 5511
2765 5458
2765 4917
2765 3927
2765 3094
2765 2776
2765 2771
2766 7793
2766 6956
2766 5908
2766 4895
2766 4777
2766 8409
2766 8135
2766 8126
2766 7893
2766 6616
2766 5945
2766 5807
2766 5298
2766 5232
2766 5197
2766 4620
2766 4607
2767 8310
2767 7214
2767 6647
2767 5234
2767 3650
2767 3510
2767 8327
2767 8191
2767 8096
2767 7622
2767 7012
2767 5299
2767 5115
2767 4592
2767 4511
2767 4109
2767 3329
2767 3210
2767 3153
2767 2811
2767 2768
2767 7459
2768 8744
2768 6532
2768 5467
2768 5346
2768 8668
2768 8628
2768 8558
2768 8489
2768 8414
2768 8123
2768 7601
2768 7257
2768 6619
2768 6010
2768 5632
2768 5625
2768 5283
2768 5280
2768 5008
2768 4932
2768 4160
2768 3942
2768 3939
2768 3623
2768 3345
2768 3263
2768 3115
2768 3095
2768 2845
2768 3831
2768 3038
2768 3008
2769 8050
2769 7435
2769 3335
2769 4948
2770 6670
2770 8593
2770 8428
2770 8326
2770 7457
2770 7120
2770 5966
2770 5752
2770 5382
2770 5273
2770 4747
2770 3991
2770 3943
2770 3274
2770 2958
2770 8644
2770 8469
2770 8297
2770 7631
2770 7620
2770 5472
2770 3753
2770 3111
2770 2920
2771 8174
2771 5114
2771 3655
2771 2912
2771 8541
2771 8529
2771 8435
2771 7782
2771 7306
2771 7136
2771 6454
2771 5633
2771 5287
2771 4622
2771 3322
2771 3252
2771 3210
2771 3122
2771 3018
2771 2814
2771 2772
2771 7471
2771 5606
2771 5452
2771 3642
2772 6532
2772 6464
2772 5239
2772 3951
2772 2874
2772 8522
2772 8305
2772 8258
2772 6566
2772 6112
2772 5840
2772 5429
2772 5393
2772 5267
2772 4952
2772 4933
2772 4927
2772 2927
2772 2816
2772 2784
2772 4624
2772 4137
2772 2952
2773 7308
2773 8298
2773 8143
2773 7925
2773 5966
2773 5805
2773 5757
2773 4940
2773 4895
2773 4597
2773 3277
2773 3167
2773 3025
2773 8728
2773 8491
2773 7614
2773 5112
2773 4812
2773 3078
2773 2902
2773 2872
2774 7600
2774 7398
2774 6068
2774 5960
2774 4959
2774 4747
2774 4180
2774 3619
2774 8456
2774 7828
2774 6614
2774 6473
2774 5434
2774 3776
2774 3118
2774 3036
2774 2927
2774 2836
2775 7321
2775 5789
2775 5292
2775 3765
2775 8456
2775 7972
2775 5802
2775 5395
2775 5267
2775 5115
2775 4939
2775 3749
2775 3267
2775 3109
2775 2891
2775 6445
2775 5326
2775 5007
2775 4817
2775 3747
2775 3686
2776 7633
2776 7599
2776 5610
2776 2953
2776 7795
2776 7609
2776 7131
2776 7084
2776 6065
2776 5804
2776 5627
2776 5619
2776 5540
2776 5280
2776 5111
2776 4614
2776 2938
2776 2917
2776 8268
2776 6469
2776 5406
2776 2952
2776 2918
2777 8069
2777 4625
2777 3991
2777 3962
2777 3850
2777 3185
2777 2955
2777 8624
2777 8541
2777 7975
2777 7648
2777 7366
2777 6442
2777 5345
2777 5275
2777 5104
2777 4944
2777 4939
2777 3926
2777 3200
2777 3162
2777 3100
2778 6927
2778 5120
2778 7982
2778 7592
2778 7541
2778 7415
2778 3943
2778 3253
2778 8641
2778 8628
2778 8495
2778 8329
2778 7973
2778 7825
2778 6010
2778 5613
2778 5287
2778 3614
2778 3229
2778 3108
2778 3096
2779 8304
2779 6106
2779 6046
2779 5535
2779 5419
2779 4703
2779 4679
2779 4279
2779 4269
2779 3777
2779 3523
2779 3159
2779 2919
2779 2791
2779 8570
2779 8490
2779 8217
2779 8206
2779 6564
2779 5818
2779 5445
2779 5377
2779 5284
2779 5279
2779 5208
2779 5149
2779 4954
2779 4464
2779 3938
2779 2994
2779 2931
2779 5154
2779 4925
2780 7241
2780 7077
2780 3723
2780 8669
2780 8134
2780 6900
2780 5120
2780 5092
2780 5746
2780 3962
2781 7128
2781 5234
2781 4769
2781 4019
2781 3948
2781 3618
2781 2936
2781 8650
2781 8631
2781 8383
2781 8325
2781 8137
2781 6955
2781 6619
2781 5633
2781 5283
2781 5123
2781 4728
2781 3289
2781 3157
2781 3097
2781 2937
2781 2875
2781 7612
2781 2998
2782 3813
2782 7787
2782 3795
2782 3655
2782 3355
2782 2824
2782 8196
2782 7306
2782 6571
2782 5486
2782 5474
2782 5299
2782 5297
2782 5153
2782 5136
2782 3775
2782 3088
2783 8209
2783 7614
2783 5775
2783 5109
2783 4919
2783 3495
2783 2787
2783 8386
2783 4921
2783 2907
2784 8151
2784 7930
2784 7133
2784 5610
2784 5302
2784 8539
2784 8462
2784 8012
2784 7828
2784 7751
2784 7296
2784 6569
2784 5864
2784 4968
2784 4570
2784 4552
2784 4114
2784 3229
2784 3099
2784 2920
2784 8370
2784 8268
2784 7747
2785 7432
2785 5788
2785 3998
2785 7882
2785 4943
2785 3728
2786 8662
2786 8306
2786 8220
2786 7782
2786 7614
2786 7132
2786 5781
2786 5766
2786 5644
2786 5454
2786 5293
2786 5119
2786 4849
2786 3112
2786 2925
2786 6586
2786 6469
2786 3480
2786 3241
2786 2952
2787 8151
2787 8646
2787 8170
2787 8118
2787 7825
2787 7794
2787 7790
2787 5643
2787 5626
2787 5153
2787 4987
2787 4771
2787 4094
2787 3981
2787 3783
2787 3527
2787 3098
2787 3039
2787 2944
2787 2810
2787 8678
2787 4112
2787 3116
2788 8691
2788 8378
2788 8365
2788 6968
2788 5956
2788 5096
2788 4770
2788 3094
2788 2993
2788 7471
2788 7277
2788 6164
2789 5777
2789 5288
2789 5196
2789 4106
2789 3943
2789 3206
2789 2888
2789 8263
2789 8196
2789 7641
2789 6454
2789 5640
2789 5113
2789 4182
2789 5509
2790 7766
2790 3496
2791 6528
2791 4738
2791 2882
2791 8112
2791 6478
2791 5944
2791 5463
2791 4120
2791 3206
2791 2869
2791 8536
2791 8462
2791 5396
2791 3108
2791 2913
2792 8304
2792 8028
2792 7641
2792 7131
2792 5964
2792 5299
2792 5179
2792 4978
2792 4973
2792 4712
2792 3938
2792 3724
2792 8656
2792 5639
2792 5637
2793 4955
2793 4947
2793 3129
2793 8216
2793 7943
2793 6619
2793 5522
2793 5398
2793 3753
2793 2822
2793 8738
2793 8369
2793 8268
2794 6060
2794 5948
2794 5788
2794 4955
2794 4675
2794 4479
2794 2889
2794 8619
2794 8307
2794 7131
2794 6589
2794 5276
2794 5029
2794 4702
2794 4674
2794 4119
2794 3147
2794 3100
2794 3095
2794 2915
2794 2897
2794 2831
2794 8705
2794 8470
2794 7985
2794 4872
2794 3803
2795 5163
2796 8448
2796 7154
2796 5478
2796 5201
2796 4137
2796 3515
2796 8724
2796 6592
2796 5521
2796 3815
2797 4555
2797 8461
2797 7261
2797 6924
2798 8312
2798 5375
2798 8267
2798 7640
2798 5948
2798 4867
2798 2928
2798 7742
2798 4952
2800 4839
2800 3917
2801 5642
2801 3382
2801 4591
2802 5597
2803 6369
2803 6133
2803 3861
2803 5816
2803 3037
2803 2889
2803 2855
2804 6898
2805 6402
2805 6058
2806 8529
2806 8372
2806 7595
2806 5544
2806 4551
2806 3270
2806 5658
2807 8671
2807 8397
2807 6850
2807 3857
2807 2985
2807 2813
2808 3378
2809 7883
2810 8131
2810 7958
2810 7787
2810 6015
2810 5636
2810 5612
2810 4955
2810 4617
2810 3956
2810 3274
2810 8225
2810 8178
2810 7953
2810 5597
2810 5126
2810 3790
2810 3603
2810 8546
2810 4717
2811 7252
2811 6980
2811 5777
2811 3001
2811 8747
2811 8364
2811 8325
2811 6569
2811 6498
2811 5915
2811 2843
2811 2831
2811 8707
2811 7548
2811 7459
2811 5154
2811 4624
2812 6449
2812 8664
2812 7634
2812 6696
2812 6108
2812 6019
2812 5453
2812 5404
2812 4871
2812 4119
2812 3207
2812 2987
2812 6123
2812 5822
2813 7984
2813 7514
2813 4784
2814 8521
2814 3956
2814 3628
2814 8488
2814 8145
2814 7789
2814 6544
2814 6473
2814 5964
2814 5229
2814 3923
2814 3785
2814 2994
2814 2838
2814 8546
2814 8374
2814 5509
2815 6051
2815 5653
2815 3863
2815 8324
2815 8112
2815 7604
2815 5898
2815 5371
2815 3760
2815 3397
2815 3185
2815 3104
2815 5107
2815 2859
2815 2836
2816 7606
2816 6017
2816 5841
2816 4867
2816 4605
2816 4106
2816 3991
2816 3795
2816 3655
2816 3400
2816 2855
2816 8404
2816 7483
2816 7141
2816 5807
2816 5797
2816 5628
2816 5453
2816 5147
2816 3758
2816 3115
2816 2917
2817 7977
2817 7233
2817 5958
2817 5771
2817 4617
2817 3382
2817 3159
2817 3158
2817 2846
2817 8493
2817 7303
2817 6591
2817 6579
2817 5754
2817 5586
2817 5476
2817 5295
2817 2927
2817 3667
2817 3239
2818 8482
2818 3529
2819 8492
2819 8467
2819 8414
2819 8403
2819 8262
2819 7975
2819 7643
2819 7182
2819 7115
2819 5957
2819 5434
2819 5299
2819 5287
2819 5153
2819 3162
2819 3108
2819 3013
2819 8219
2819 8148
2819 7607
2819 6586
2819 6431
2819 5585
2819 5085
2819 5007
2819 4571
2819 3854
2819 3748
2819 3063
2821 4292
2821 3539
2821 8143
2821 8074
2821 6635
2821 6017
2821 5508
2821 5148
2821 8462
2821 8186
2821 7552
2821 6020
2821 5770
2821 5269
2821 5268
2821 4954
2821 4952
2821 4195
2821 4160
2821 3137
2821 3110
2821 2944
2821 2917
2822 8726
2822 8173
2822 8151
2822 6631
2822 2943
2822 8524
2822 8456
2822 7405
2822 7141
2822 7132
2822 5963
2822 5513
2822 5434
2822 5284
2822 5109
2822 4945
2822 4728
2822 3773
2822 3013
2822 5431
2822 3602
2822 3068
2823 6645
2823 5456
2823 3335
2823 2985
2823 8751
2823 8646
2823 8468
2823 8306
2823 3942
2823 3289
2823 3114
2823 2836
2824 8155
2824 8475
2824 8183
2824 8101
2824 5962
2824 5958
2824 5560
2824 5094
2824 8488
2824 8460
2824 8145
2824 5947
2824 5859
2824 5291
2824 5131
2824 4324
2824 2935
2825 7514
2825 5168
2825 4172
2825 3244
2825 2899
2825 7993
2825 7129
2825 7119
2825 4293
2825 2908
2825 2859
2826 8464
2826 7835
2826 7815
2826 7151
2826 7085
2826 5249
2826 4961
2826 3209
2826 3092
2826 2981
2826 2943
2826 8691
2826 8263
2826 7373
2826 6712
2826 5634
2826 5548
2826 5358
2826 5200
2826 4601
2826 4188
2826 3981
2826 3451
2826 3161
2826 3147
2826 3108
2827 8655
2827 8526
2827 7553
2827 7133
2827 5761
2827 8460
2827 8263
2827 8119
2827 7466
2827 7387
2827 5999
2827 5549
2827 5115
2827 4920
2827 4552
2827 3107
2827 7896
2827 7696
2827 2881
2828 8647
2828 7427
2828 7313
2828 5750
2828 8296
2828 6108
2828 3822
2829 7604
2829 4474
2829 3086
2829 8652
2829 8480
2829 8149
2829 7309
2829 7291
2829 6707
2829 6020
2829 5812
2829 5458
2829 5366
2829 5280
2829 3614
2829 3207
2829 3101
2829 2956
2829 8408
2829 5201
2831 8324
2831 7633
2831 8141
2831 5628
2831 5244
2831 4950
2831 4932
2831 4859
2831 4812
2831 4094
2831 3623
2831 3195
2831 3091
2831 2927
2831 2921
2831 8502
2831 8463
2831 8148
2831 7474
2831 5391
2831 4717
2831 4192
2831 3063
2832 6595
2832 6469
2832 3117
2832 7383
2833 7835
2833 7756
2833 6104
2833 2934
2833 8210
2833 8121
2833 7867
2833 7632
2833 5834
2833 5775
2833 5308
2833 5210
2833 3673
2834 7703
2834 3061
2834 3934
2834 3168
2834 8724
2834 7262
2834 5748
2834 5034
2835 8289
2835 7563
2836 8478
2836 8204
2836 5973
2836 5786
2836 3991
2836 2992
2836 8058
2836 6640
2836 5396
2836 5126
2836 4788
2836 4615
2836 4110
2836 3632
2836 3431
2836 3226
2836 3162
2836 3112
2836 3088
2837 6186
2837 5898
2837 4922
2837 4576
2837 3382
2837 3185
2837 7652
2837 5118
2837 3959
2837 2942
2838 8681
2838 4350
2838 8302
2838 8263
2838 7566
2838 6511
2838 6065
2838 5956
2838 5364
2838 5229
2838 4983
2838 4674
2838 4610
2838 3935
2838 3930
2838 3775
2838 2961
2839 8087
2839 4156
2839 7626
2839 6651
2839 2913
2840 5773
2840 3227
2840 5143
2841 6958
2841 5962
2841 5810
2841 5641
2841 4479
2841 3262
2841 3086
2841 7141
2841 5821
2841 5522
2841 5301
2841 4570
2841 3929
2841 3157
2841 3024
2841 2875
2841 7621
2841 4571
2841 3854
2841 3478
2842 3261
2842 7746
2842 5094
2842 3092
2842 2928
2843 8756
2843 8749
2843 8478
2843 7128
2843 5954
2843 4961
2843 4941
2843 4780
2843 4617
2843 4178
2843 8335
2843 8258
2843 7366
2843 7141
2843 5549
2843 5447
2843 5283
2843 4987
2843 4945
2843 4920
2843 4511
2843 4104
2843 3161
2843 3127
2843 3120
2843 3024
2843 7965
2844 3359
2845 8151
2845 7553
2845 6478
2845 5386
2845 5290
2845 8495
2845 5939
2845 5799
2845 5772
2845 5226
2845 4877
2845 3093
2845 2947
2845 2902
2845 3799
2846 8213
2846 4780
2846 4576
2846 3286
2846 3092
2846 8747
2846 8481
2846 7658
2846 7476
2846 7405
2846 6576
2846 5644
2846 5454
2846 4958
2846 4952
2846 4712
2846 3938
2846 3782
2846 3256
2846 3161
2846 3120
2846 3105
2846 3101
2846 3097
2846 2938
2847 8353
2847 6016
2847 5837
2847 5254
2847 5169
2847 4710
2847 3438
2847 8188
2847 7604
2847 3962
2847 3355
2847 3209
2847 7751
2847 7643
2847 4954
2848 5900
2848 5692
2848 3166
2848 8188
2848 6780
2848 5363
2848 4635
2848 4190
2848 3991
2848 3948
2848 3771
2848 3523
2848 3034
2848 3002
2848 8643
2848 4110
2848 3930
2848 3099
2849 6094
2849 3365
2850 5491
2850 4605
2850 3244
2850 8718
2850 8191
2850 8168
2850 7789
2850 7552
2850 5999
2850 5764
2850 5389
2850 5312
2850 3124
2850 3108
2851 7623
2851 7457
2851 6635
2851 5495
2851 5482
2851 5322
2851 4882
2851 3611
2851 8462
2851 8335
2851 7649
2851 7629
2851 7515
2851 6442
2851 5782
2851 4511
2851 4195
2852 7820
2852 6106
2852 5508
2852 5446
2852 5381
2852 4269
2852 3866
2852 8582
2852 7437
2852 7373
2852 5945
2852 3981
2852 3495
2853 5254
2853 3648
2853 6443
2855 3648
2855 8484
2855 8183
2855 7640
2855 7128
2855 5948
2855 4887
2855 4581
2855 4183
2855 3951
2855 2992
2855 2934
2855 6581
2855 5634
2855 5134
2855 3614
2855 3362
2856 8437
2856 7604
2856 6958
2856 4479
2856 4185
2856 3397
2856 3253
2856 8691
2856 8168
2856 8163
2856 8006
2856 7970
2856 6559
2856 6437
2856 6432
2856 5617
2856 5538
2856 5277
2856 4782
2856 3754
2856 3137
2857 6900
2857 3995
2857 8079
2857 6992
2857 5139
2858 8545
2859 5316
2859 4387
2859 4289
2859 3143
2859 6544
2859 6444
2860 7515
2860 5972
2860 5447
2860 5113
2860 4170
2860 3330
2860 3711
2860 3544
2860 3164
2860 3624
2861 8472
2861 4894
2861 3310
2861 6503
2861 3072
2862 8188
2862 7974
2862 8392
2862 7103
2862 5899
2862 5471
2862 5032
2863 8550
2863 6143
2864 7699
2864 4570
2864 3758
2864 3755
2864 6950
2864 5141
2864 7988
2865 8654
2865 8250
2865 5221
2865 3761
2865 7277
2865 5893
2865 3123
2866 8688
2866 3914
2867 6486
2867 5579
2867 3258
2867 8118
2867 5397
2867 4618
2867 4526
2867 3827
2867 8198
2868 6427
2868 3154
2868 7911
2869 8155
2869 8247
2869 3009
2869 2951
2869 7563
2869 7213
2869 5630
2869 4566
2869 3289
2870 7481
2870 8343
2870 8256
2870 7956
2870 7132
2870 5614
2871 7451
2871 4525
2872 8162
2872 6532
2872 5774
2872 5771
2872 5381
2872 4046
2872 3770
2872 2889
2872 8581
2872 8495
2872 8257
2872 8196
2872 7800
2872 7663
2872 7304
2872 5968
2872 4944
2872 4170
2872 4094
2872 3832
2872 3606
2872 3291
2872 3102
2872 3096
2872 8621
2872 8463
2872 6975
2872 5406
2872 3748
2873 7604
2873 3866
2873 3355
2873 3085
2873 8722
2873 7614
2873 5934
2873 5295
2873 5267
2873 3961
2873 3776
2874 8380
2874 4960
2874 8460
2874 7393
2874 5701
2874 5336
2874 5303
2874 2996
2875 8326
2875 8213
2875 6532
2875 5750
2875 3991
2875 8522
2875 8299
2875 7880
2875 7182
2875 6010
2875 5797
2875 5211
2875 4094
2875 3755
2875 7607
2875 5606
2875 5217
2876 8746
2876 8434
2876 8379
2876 3593
2876 8242
2876 5671
2876 2972
2877 8488
2877 8479
2877 8180
2877 7653
2877 7634
2877 7304
2877 6712
2877 6614
2877 5775
2877 5315
2877 4951
2877 3120
2877 2925
2877 7842
2877 5400
2877 3799
2877 3205
2878 8390
2878 8044
2878 7793
2878 6850
2878 4971
2878 4556
2878 4190
2878 7299
2878 5964
2878 5683
2878 3281
2878 3041
2878 2944
2879 8537
2879 8397
2879 7826
2879 7793
2879 5579
2879 3931
2879 8459
2879 7668
2879 7067
2879 5867
2879 5817
2879 5298
2879 5117
2879 4526
2879 3772
2879 3089
2879 3024
2879 5413
2880 8726
2880 8272
2880 8173
2880 6659
2880 5771
2880 5437
2880 4947
2880 4617
2880 4474
2880 8142
2880 7987
2880 7601
2880 7040
2880 5947
2880 5939
2880 5821
2880 5782
2880 5335
2880 5123
2880 5122
2880 3210
2880 3152
2880 3099
2880 2987
2880 2910
2880 3703
2881 8418
2881 7906
2881 5765
2881 8656
2881 8512
2881 7752
2881 4609
2881 3126
2881 7922
2882 4072
2882 8124
2883 8146
2883 7541
2883 5114
2883 4966
2883 7485
2883 5622
2883 5409
2883 5122
2883 3923
2883 3793
2883 3761
2883 3608
2883 3112
2883 2932
2883 5452
2883 5413
2883 4733
2883 4663
2884 8586
2884 7761
2884 5653
2884 5352
2884 5965
2884 5962
2884 5579
2884 4941
2884 4938
2884 4289
2884 4102
2884 3611
2884 7642
2884 7587
2884 7309
2884 7145
2884 5705
2884 5511
2884 5395
2884 5276
2884 4707
2884 3106
2885 8447
2885 8291
2885 8521
2885 8204
2885 8159
2885 8131
2885 5966
2885 5811
2885 5801
2885 5610
2885 5543
2885 5180
2885 3073
2885 3051
2885 2958
2885 8493
2885 8217
2885 8170
2885 7631
2885 5628
2885 5278
2885 5107
2885 4956
2885 4823
2885 3249
2886 8659
2886 7900
2886 5422
2886 4679
2886 8473
2886 8451
2886 7956
2886 7646
2886 7131
2886 5226
2886 3918
2886 2999
2886 4215
2887 8129
2887 5697
2887 5478
2887 4834
2887 7164
2887 3800
2888 7592
2888 6659
2888 5381
2888 5273
2888 5094
2888 4974
2888 4539
2888 3931
2888 3778
2888 3159
2888 3080
2888 7653
2888 5959
2888 5776
2888 5470
2888 5244
2888 4119
2888 4115
2888 4114
2888 3782
2889 8607
2889 7301
2889 4567
2889 3655
2889 3209
2889 3159
2889 8196
2889 8168
2889 7663
2889 7649
2889 7611
2889 6929
2889 5442
2889 5176
2889 3402
2889 2931
2890 8740
2890 7888
2890 7242
2890 4128
2890 3860
2890 2971
2890 2943
2890 8641
2890 8631
2890 8529
2890 7649
2890 7317
2890 5718
2890 5608
2890 5392
2890 3136
2891 8311
2891 7287
2891 5605
2891 4887
2891 8638
2891 8297
2891 8128
2891 7658
2891 7642
2891 6630
2891 5937
2891 5818
2891 5625
2891 4956
2891 3081
2891 2942
2891 8698
2891 8470
2891 7737
2891 5402
2892 8588
2892 8321
2892 8212
2892 7721
2892 7362
2892 4172
2892 3230
2892 6681
2892 5179
2893 6516
2893 4388
2893 7660
2893 5752
2893 5657
2893 5516
2893 4581
2893 3397
2893 5945
2893 5779
2893 5626
2893 5123
2894 8496
2894 8456
2894 8118
2894 7795
2894 7485
2894 4948
2894 3961
2894 3754
2894 3623
2894 3229
2894 3041
2894 2900
2894 8175
2894 7201
2894 7155
2894 4640
2894 3310
2894 8441
2895 5592
2895 5403
2895 3619
2895 8209
2895 7628
2895 7072
2895 5735
2895 5486
2895 5297
2895 4615
2895 3019
2895 7767
2896 8340
2896 6900
2896 5898
2896 5516
2897 7604
2897 7463
2897 6478
2897 6041
2897 5610
2897 5239
2897 4474
2897 7298
2897 5412
2897 5106
2897 4929
2897 4836
2897 8245
2898 4292
2898 8713
2898 8368
2898 8143
2898 8102
2898 7644
2898 6850
2898 6688
2898 6015
2898 4000
2898 8495
2898 8474
2898 8122
2898 7316
2898 6951
2898 5949
2898 5117
2898 4312
2899 8704
2899 7159
2899 5869
2899 4767
2899 7787
2899 7457
2899 6462
2899 8488
2900 8326
2900 7599
2900 5543
2900 4479
2900 2934
2900 8691
2900 8624
2900 8460
2900 6955
2900 6636
2900 5464
2900 5117
2900 5106
2900 4188
2900 4099
2900 8377
2900 5971
2900 5707
2900 5575
2900 4817
2900 4484
2900 4337
2900 3845
2900 3686
2900 3056
2901 7684
2901 7680
2901 4967
2902 8633
2902 8124
2902 7138
2902 5958
2902 3523
2902 3299
2902 8459
2902 8292
2902 8133
2902 5779
2902 5670
2902 5540
2902 5389
2902 5109
2902 4963
2902 4771
2902 3118
2902 2954
2902 2921
2902 3808
2903 5787
2903 5458
2903 5293
2903 3780
2903 3259
2903 3153
2903 6392
2903 5413
2903 4921
2904 7225
2904 7468
2904 3491
2905 7651
2905 8124
2905 7293
2905 7120
2905 7026
2905 5288
2905 4346
2905 4279
2905 4190
2905 2955
2905 2934
2905 2929
2905 8644
2905 8487
2905 8414
2905 7983
2905 7862
2905 7646
2905 5851
2905 5755
2905 5580
2905 5390
2905 4983
2905 4114
2905 3112
2905 2957
2906 6738
2906 4369
2906 6995
2906 4715
2906 4271
2907 8668
2907 8476
2907 8365
2907 8292
2907 7628
2907 7079
2907 6574
2907 6468
2907 6454
2907 5608
2907 5548
2907 5275
2907 4892
2907 4849
2907 4469
2907 3120
2907 3103
2907 2927
2907 7963
2907 5394
2907 3854
2907 3543
2907 3515
2907 3144
2907 3038
2908 5285
2908 3968
2908 8493
2908 8302
2908 7953
2908 7663
2908 6773
2908 6591
2908 5951
2908 5218
2908 4603
2908 8132
2908 6622
2908 3934
2908 3294
2908 2952
2909 8317
2909 4886
2909 3963
2909 8438
2909 6374
2910 7120
2910 5962
2910 5761
2910 5110
2910 8668
2910 8493
2910 8440
2910 7531
2910 7298
2910 6454
2910 5955
2910 5947
2910 5813
2910 5390
2910 5300
2910 5283
2910 5124
2910 4957
2910 4114
2910 3632
2910 3109
2910 3093
2910 3062
2910 3027
2910 2940
2910 8615
2910 8064
2910 7656
2910 5635
2911 4739
2912 8521
2912 7500
2912 6600
2912 5602
2912 4947
2912 3928
2912 3607
2912 3185
2912 8507
2912 8465
2912 7467
2912 7317
2912 5818
2912 5412
2912 5283
2912 5276
2912 5111
2912 4633
2912 3345
2912 3041
2912 2915
2913 8730
2913 8593
2913 8298
2913 6613
2913 6449
2913 3737
2913 3510
2913 8746
2913 8739
2913 8487
2913 8483
2913 8403
2913 8379
2913 8206
2913 8186
2913 8115
2913 7653
2913 7646
2913 7182
2913 6939
2913 5294
2913 4793
2913 4775
2913 6749
2913 5606
2913 3008
2914 6403
2914 8537
2915 2960
2915 8751
2915 8471
2915 8295
2915 8222
2915 7628
2915 4957
2915 4942
2915 4936
2915 4283
2915 3041
2915 5760
2915 3134
2916 8173
2916 3254
2916 3090
2916 5399
2916 5347
2916 5277
2916 4170
2916 3946
2916 7035
2916 3068
2917 5832
2917 7646
2917 7611
2917 5458
2917 5398
2917 5282
2917 5271
2917 5202
2917 4812
2917 4041
2917 3518
2917 2950
2918 8318
2918 8206
2918 8145
2918 4945
2918 3098
2918 8472
2918 3480
2918 8333
2919 6816
2919 6046
2919 5621
2919 4747
2919 4617
2919 3928
2919 5934
2919 5770
2919 4187
2919 2935
2920 7925
2920 7756
2920 7553
2920 7526
2920 7449
2920 7026
2920 4955
2920 4597
2920 3001
2920 2953
2920 8541
2920 8462
2920 8180
2920 8140
2920 6712
2920 5625
2920 5126
2920 4776
2920 4607
2921 8710
2921 8581
2921 8477
2921 8435
2921 7627
2921 7626
2921 7182
2921 5675
2921 5131
2921 5119
2921 3505
2921 3269
2921 8408
2921 6957
2921 5780
2921 3063
2922 8326
2922 8476
2922 8465
2922 8383
2922 7627
2922 5959
2922 5787
2922 5633
2922 5632
2922 5454
2922 4138
2922 4099
2922 3289
2922 3284
2922 3124
2922 2940
2922 6622
2922 5846
2923 5995
2923 5976
2923 5456
2923 8507
2923 8330
2923 8307
2923 8196
2923 8058
2923 7807
2923 7797
2923 7610
2923 6036
2923 5775
2923 5632
2923 5312
2923 5123
2923 6586
2923 4750
2924 8426
2924 7974
2924 2934
2924 8658
2924 8583
2924 8474
2924 8309
2924 8154
2924 7072
2924 5867
2924 5308
2924 3245
2924 5053
2924 3941
2924 3134
2925 8481
2925 8307
2925 8303
2925 7795
2925 7587
2925 7141
2925 7131
2925 6442
2925 6005
2925 5671
2925 5391
2925 4872
2926 8660
2926 8633
2926 8620
2926 7980
2926 7311
2926 6613
2926 5954
2926 3973
2926 8664
2926 8460
2926 8319
2926 8303
2926 8170
2926 7807
2926 7772
2926 7422
2926 6758
2926 5644
2926 5308
2926 5276
2926 5118
2926 4985
2926 3949
2926 6686
2926 5391
2926 4717
2927 8324
2927 8267
2927 7301
2927 5948
2927 5616
2927 4679
2927 3090
2927 8624
2927 7970
2927 7823
2927 5626
2927 4712
2927 4570
2927 4186
2927 4175
2927 3210
2927 2931
2927 7621
2927 4937
2928 5913
2928 5653
2928 4722
2928 3819
2928 8530
2928 5543
2928 5322
2928 4960
2928 4747
2928 3355
2928 3086
2928 8480
2928 5304
2928 3930
2928 3115
2928 2935
2929 8179
2929 7848
2929 7425
2929 5473
2929 5302
2929 3973
2929 3968
2929 8325
2929 8307
2929 7636
2929 7271
2929 4067
2929 3942
2929 3114
2929 3030
2929 2946
2930 8169
2930 7912
2930 5960
2930 5958
2930 5437
2930 3167
2930 8491
2930 8481
2930 8365
2930 8273
2930 7782
2930 7632
2930 5903
2930 5221
2930 5118
2930 5111
2930 4615
2930 3942
2930 3929
2930 2933
2931 8101
2931 7980
2931 7888
2931 5771
2931 8209
2931 8133
2931 5955
2931 5812
2931 5412
2931 5123
2931 4982
2931 4728
2931 4182
2931 3110
2931 8649
2931 5459
2931 4969
2931 2998
2932 5792
2932 4675
2932 4539
2932 3766
2932 8662
2932 7751
2932 7306
2932 6712
2932 6010
2932 5779
2932 5675
2932 5617
2932 5449
2932 5393
2932 5153
2932 3127
2932 3093
2932 8148
2932 4459
2933 7461
2933 5239
2933 4895
2933 4438
2933 4183
2933 3397
2933 8168
2933 7867
2933 7782
2933 7663
2933 7130
2933 5899
2933 5697
2933 5629
2933 5219
2933 4934
2933 3102
2933 7471
2934 7810
2934 6992
2934 5771
2934 5273
2934 5164
2934 4781
2934 2997
2934 8483
2934 8163
2934 7975
2934 7531
2934 4956
2934 4836
2934 4782
2934 3754
2934 3362
2934 2941
2935 8310
2935 4941
2935 4866
2935 3655
2935 3001
2935 7317
2935 5625
2935 5608
2935 5312
2935 5111
2935 4978
2935 4930
2935 4924
2935 3122
2935 5475
2936 5954
2936 5180
2936 4882
2936 3936
2936 3928
2936 3279
2936 2981
2936 8328
2936 7658
2936 7316
2936 6960
2936 5999
2936 5486
2936 5345
2936 5108
2936 4932
2936 3127
2936 3111
2937 8619
2937 8468
2937 8320
2937 7079
2937 5864
2937 5631
2937 5307
2937 5229
2937 5124
2937 2961
2937 8419
2937 8245
2937 4219
2937 4193
2937 3063
2937 3056
2938 8537
2938 8151
2938 3158
2938 3042
2938 8201
2938 7891
2938 7609
2938 7136
2938 6454
2938 5953
2938 5620
2938 5111
2938 3961
2938 3938
2938 3327
2938 3162
2938 2995
2939 7864
2939 3522
2939 8648
2939 7756
2939 6992
2939 5757
2939 4792
2939 4271
2939 4102
2939 3928
2939 3628
2939 2983
2939 7466
2939 5134
2939 2954
2940 8473
2940 7316
2940 7292
2940 5804
2940 5388
2940 5295
2940 5220
2940 4182
2940 4170
2940 3929
2940 3083
2940 7914
2940 7471
2940 5509
2940 3168
2941 7113
2941 5995
2941 5777
2941 5487
2941 5482
2941 4180
2941 2992
2941 8329
2941 8178
2941 7126
2941 5458
2941 3036
2941 3014
2941 8370
2941 7747
2941 7201
2942 8399
2942 7151
2942 5273
2942 8751
2942 8328
2942 6584
2942 6010
2942 5640
2942 5628
2942 5449
2942 5289
2942 5123
2942 3004
2942 8715
2942 8705
2942 8245
2942 4577
2942 3184
2943 7761
2943 4516
2943 3740
2943 3648
2943 8713
2943 8645
2943 7536
2943 7435
2943 6039
2943 5612
2943 4922
2943 2985
2943 2958
2943 8442
2943 8303
2943 5449
2943 5287
2943 3148
2944 7373
2944 6809
2944 5945
2944 5779
2944 5615
2944 5458
2944 4987
2944 4602
2944 3929
2944 3782
2944 3118
2944 3098
2944 8463
2945 8673
2945 8291
2945 8730
2945 6600
2945 5159
2945 8723
2945 8628
2945 5756
2945 5470
2945 5291
2945 3859
2945 3761
2945 3603
2946 8655
2946 7623
2946 5292
2946 4474
2946 4102
2946 8662
2946 8365
2946 8329
2946 7823
2946 7653
2946 6590
2946 6579
2946 5953
2946 5784
2946 5549
2946 5335
2946 5124
2946 3832
2946 3281
2946 8498
2946 5780
2947 7120
2947 5965
2947 3350
2947 8646
2947 8619
2947 8403
2947 8178
2947 8120
2947 7906
2947 6584
2947 5675
2947 5389
2947 5107
2947 4728
2947 3840
2947 3124
2947 3105
2947 3081
2947 7747
2947 3134
2948 8645
2948 8464
2948 5872
2948 3771
2948 2971
2948 8625
2948 8466
2948 8303
2948 7068
2948 6617
2948 5939
2948 5781
2948 5303
2948 5277
2948 5125
2948 5115
2948 4968
2948 4949
2948 4823
2948 4188
2948 3937
2948 3606
2948 3264
2948 3162
2949 3438
2949 8697
2949 8497
2949 7787
2949 7756
2949 7633
2949 5386
2949 5139
2949 4781
2949 7987
2949 7741
2949 7485
2949 5953
2949 5628
2949 5624
2949 5153
2949 4812
2949 4107
2949 3775
2949 3772
2949 3264
2950 8593
2950 8113
2950 5965
2950 5516
2950 5302
2950 3690
2950 3262
2950 8619
2950 8541
2950 7299
2950 6929
2950 5953
2950 5807
2950 5219
2950 4859
2950 3148
2950 3137
2950 6527
2950 3117
2951 8353
2951 8703
2951 8484
2951 8461
2951 8117
2951 7403
2951 5948
2951 5491
2951 5456
2951 5422
2951 4557
2951 4452
2951 8641
2951 7653
2951 5615
2951 5222
2951 4270
2951 3757
2951 3753
2952 6589
2952 6005
2952 5808
2952 5718
2952 5301
2952 5029
2952 4920
2952 3270
2952 8371
2952 7917
2952 7607
2952 4937
2952 4219
2952 3743
2952 3294
2952 3119
2953 8713
2953 8542
2953 7398
2953 6038
2953 5757
2953 4383
2953 8565
2953 8465
2953 5634
2953 5458
2953 5265
2953 4964
2953 4932
2953 4110
2953 3107
2954 8667
2954 8130
2954 5841
2954 5636
2954 5492
2954 4766
2954 8739
2954 8581
2954 8495
2954 8295
2954 8258
2954 7983
2954 5963
2954 5513
2954 5293
2954 4982
2954 4187
2954 3767
2954 3098
2954 5606
2955 8112
2955 7151
2955 6106
2955 5950
2955 5767
2955 5129
2955 3770
2955 3034
2955 2976
2955 8351
2955 8140
2955 5619
2955 5275
2955 4978
2955 4776
2955 4464
2955 3153
2955 3036
2956 5306
2956 5292
2956 8652
2956 8641
2956 8480
2956 8309
2956 7643
2956 6020
2956 5449
2956 3450
2956 8498
2956 3117
2957 5456
2957 3277
2957 8186
2957 7686
2957 7563
2957 5804
2957 5289
2957 5269
2957 4620
2957 4160
2957 3105
2957 5780
2957 4337
2957 3194
2958 5967
2958 5169
2958 5092
2958 7788
2958 7650
2958 6958
2958 5771
2958 3776
2958 2961
2959 7992
2959 4216
2959 6949
2960 8037
2960 7959
2960 3261
2960 8484
2960 8428
2960 6292
2960 5225
2960 4440
2960 4180
2960 3086
2960 8319
2960 7751
2960 7317
2960 6758
2960 6641
2960 6576
2960 5615
2960 5271
2960 3157
2960 3041
2960 2987
2961 8627
2961 7805
2961 5995
2961 5902
2961 5767
2961 4100
2961 3274
2961 2992
2961 8486
2961 8123
2961 5851
2961 5640
2961 5580
2961 5481
2961 5124
2961 4963
2961 3097
2962 5635
2962 5141
2962 7681
2963 7761
2963 8385
2963 3962
2963 7292
2963 6297
2963 5564
2963 3540
2963 3153
2963 3014
2965 7264
2965 7077
2966 4388
2966 4263
2966 4143
2966 3837
2966 5605
2966 5317
2966 4106
2966 6929
2967 3185
2967 7772
2967 7617
2967 7563
2967 7168
2967 3971
2967 5671
2968 3973
2968 3953
2968 2971
2968 7791
2970 7203
2970 6974
2971 8433
2971 8542
2971 3765
2971 8466
2971 8316
2971 7882
2971 5735
2971 5617
2971 5471
2971 5307
2971 4977
2972 5993
2972 3241
2972 3144
2973 4792
2973 4479
2973 4271
2973 3811
2973 3064
2974 4237
2975 4237
2976 8097
2976 8427
2976 8179
2976 7826
2976 6958
2976 6921
2976 5395
2976 3776
2977 5836
2977 5393
2977 4746
2977 3017
2978 5857
2978 8547
2978 6995
2978 6956
2978 6104
2978 4383
2979 4152
2980 8650
2980 8522
2980 8481
2980 5953
2980 5587
2980 5429
2980 4702
2980 3929
2980 7985
2980 7965
2980 6209
2980 4779
2980 4192
2980 4137
2981 8415
2981 7959
2981 4503
2981 8326
2981 7645
2981 6568
2981 5810
2981 4211
2982 8348
2982 6441
2982 3596
2982 7809
2982 6552
2982 6523
2982 5859
2982 5741
2982 5008
2982 3729
2982 3717
2982 7154
2983 7826
2983 6559
2984 8111
2984 4348
2984 8584
2985 7745
2985 7571
2985 7239
2985 6326
2985 5706
2985 4820
2985 4738
2985 5974
2985 5215
2985 4703
2985 4102
2986 8724
2987 8517
2987 6532
2987 5605
2987 4454
2987 8402
2987 8316
2987 8141
2987 7642
2987 5791
2987 5548
2987 5396
2987 5287
2987 4274
2987 3961
2987 3926
2987 3605
2987 3024
2987 8606
2987 8370
2987 7804
2987 7201
2987 6483
2987 5154
2987 4925
2988 7867
2988 4920
2988 4511
2988 3606
2988 7979
2988 5326
2988 3600
2988 3272
2989 8176
2990 5708
2990 7915
2990 7316
2990 6758
2990 5087
2990 4287
2990 3604
2990 8254
2990 5647
2991 6732
2991 6352
2991 5551
2992 6740
2992 6645
2992 4767
2992 7962
2992 5473
2992 5386
2992 4940
2992 4629
2992 4597
2992 4454
2992 4346
2992 3400
2992 3244
2992 7477
2992 7303
2992 6010
2992 5449
2992 5444
2992 5272
2992 3102
2992 3062
2993 5995
2993 5605
2993 4959
2993 4777
2993 3335
2993 8747
2993 8710
2993 5644
2993 5622
2993 5117
2993 3767
2993 4337
2993 3804
2994 7398
2994 4576
2994 3965
2994 3856
2994 8123
2994 6352
2994 5652
2994 5409
2994 4950
2994 4969
2994 4604
2994 3328
2994 3068
2995 6310
2995 5688
2995 3483
2995 3312
2995 3158
2995 7840
2995 5756
2995 5270
2995 3153
2995 4558
2996 6449
2996 5898
2996 3468
2996 8458
2996 7635
2996 6960
2996 5859
2996 3757
2997 6985
2997 6479
2997 6017
2997 5757
2997 3771
2997 3257
2997 8646
2997 8315
2997 4274
2998 8663
2998 5955
2998 3937
2998 3105
2998 7769
2998 6621
2998 5671
2998 4167
2999 8423
2999 6443
2999 4780
2999 8541
2999 8225
2999 7948
2999 7751
2999 7699
2999 7691
2999 7444
2999 5949
2999 5472
2999 4782
2999 3738
3001 5214
3001 8708
3001 8124
3001 8099
3001 7644
3001 7293
3001 6046
3001 6017
3001 5437
3001 5114
3001 3613
3001 3607
3001 3274
3001 3043
3001 8149
3001 5470
3001 5274
3001 3785
3002 8433
3002 7756
3002 5965
3002 4966
3002 4495
3002 3025
3002 5766
3002 5705
3002 5153
3002 3601
3002 3366
3002 3322
3003 7683
3003 6576
3003 5282
3003 4951
3003 4877
3003 4151
3003 8705
3003 7812
3004 7151
3004 8492
3004 8133
3004 7978
3004 7663
3004 7611
3004 5565
3004 5424
3004 5345
3004 5300
3004 5197
3004 5131
3004 4934
3004 4786
3004 4511
3004 3780
3004 3775
3004 3329
3004 8064
3004 7625
3004 7201
3004 5475
3004 5417
3005 6967
3006 3438
3006 8749
3006 5612
3006 5164
3006 3771
3006 3472
3006 3467
3006 3092
3006 8653
3006 7292
3006 5634
3006 4946
3006 3754
3006 3749
3007 8210
3007 8107
3007 7800
3007 6564
3007 5952
3007 6453
3008 6651
3008 7737
3008 6950
3009 8304
3009 7423
3009 7293
3009 5948
3009 5746
3009 5543
3009 5371
3009 4940
3009 3973
3009 7642
3010 4025
3010 3499
3011 5740
3011 5512
3011 4700
3011 7171
3011 6302
3012 8211
3012 4817
3012 8031
3012 5927
3013 8648
3013 6613
3013 5556
3013 5159
3013 8305
3013 8191
3013 7309
3013 6010
3013 5840
3013 5770
3013 5366
3013 4728
3014 7930
3014 4385
3014 3025
3014 7915
3014 7611
3014 4312
3014 3632
3014 6686
3015 5980
3015 3953
3015 8226
3015 6649
3015 5963
3015 5797
3016 6948
3016 6532
3016 4926
3016 8364
3016 6773
3016 6522
3016 6397
3016 5218
3016 4566
3016 7279
3017 7686
3017 7635
3017 6105
3017 3441
3017 8738
3018 8348
3018 6479
3018 3798
3018 8625
3018 8309
3018 5943
3018 5769
3018 5303
3018 5293
3018 5108
3018 4939
3018 3762
3018 3190
3018 3099
3018 3089
3018 4789
3019 7600
3019 4794
3019 8140
3019 7121
3019 5839
3019 5756
3019 5244
3019 5102
3019 4791
3019 4742
3019 3938
3019 5648
3020 6979
3020 7721
3020 5333
3020 4932
3021 3551
3023 5826
3023 5447
3023 8300
3023 7799
3023 7598
3023 4319
3023 3123
3024 8146
3024 7425
3024 7321
3024 5602
3024 4576
3024 3777
3024 3355
3024 3113
3024 7975
3024 7751
3024 7596
3024 7405
3024 7292
3024 6919
3024 6581
3024 5959
3024 5807
3024 5644
3024 5474
3024 5458
3024 5429
3024 5279
3024 5117
3024 4823
3024 4272
3024 3518
3024 3329
3024 3115
3024 5459
3024 3787
3024 3119
3024 3117
3025 7756
3025 4961
3025 8628
3025 8488
3025 8329
3025 8135
3025 7975
3025 6585
3025 5782
3025 4978
3027 7762
3027 8532
3027 8299
3027 5803
3027 5608
3027 4551
3027 3249
3027 3109
3027 4150
3028 3722
3028 5883
3028 3607
3028 8570
3028 8365
3028 5291
3029 8130
3029 6659
3029 3695
3029 3253
3029 3080
3029 3051
3029 8644
3029 8628
3029 7867
3029 7741
3029 7317
3029 7146
3029 5957
3029 5469
3029 5278
3029 3402
3029 3147
3029 3748
3029 3500
3030 8602
3030 7904
3030 7398
3030 3090
3030 8436
3030 7972
3030 7800
3030 7458
3030 5787
3030 5540
3030 5429
3030 5304
3030 5115
3030 4284
3030 4067
3030 3267
3030 3094
3031 3465
3031 5700
3031 8053
3032 5843
3032 5692
3032 7536
3032 5678
3033 4449
3033 6299
3033 3349
3034 8422
3034 8291
3034 3672
3034 8647
3034 8101
3034 5995
3034 5419
3034 5414
3034 4120
3034 3695
3035 7431
3035 4199
3035 3407
3035 3213
3036 7430
3036 7030
3036 6958
3036 3948
3036 8270
3036 7437
3036 7067
3036 6559
3036 3775
3036 3162
3036 6483
3036 3653
3036 3225
3037 7886
3037 7313
3037 5788
3037 3915
3037 7643
3037 5144
3038 8488
3038 8468
3038 7479
3038 6564
3038 6005
3038 5464
3038 5300
3038 4930
3038 5710
3038 3637
3038 4068
3039 8282
3039 8136
3039 4567
3039 3262
3039 7620
3039 5564
3039 5432
3040 4168
3041 7233
3041 3956
3041 8668
3041 8486
3041 8485
3041 8383
3041 7891
3041 7862
3041 5956
3041 5244
3041 4598
3041 3305
3041 3269
3041 3162
3041 7494
3041 5702
3041 5413
3042 8097
3042 6871
3042 6580
3042 8193
3042 3531
3042 3472
3043 8381
3043 5281
3043 4844
3043 8741
3043 7634
3043 4160
3044 6038
3044 3234
3044 8222
3044 5964
3044 4932
3044 4924
3044 3986
3044 3263
3044 3256
3044 3138
3045 6067
3045 4181
3046 8478
3046 8213
3046 5436
3046 3962
3046 3510
3046 3258
3046 8493
3046 8168
3046 8133
3046 8118
3046 7469
3046 6112
3046 5947
3046 5807
3046 5799
3046 5772
3046 4942
3046 3505
3046 3153
3046 5475
3046 5459
3047 4111
3049 6466
3050 6600
3051 8422
3051 4292
3051 8348
3051 8131
3051 7275
3051 5351
3051 4740
3051 4120
3051 3619
3051 3607
3051 8163
3051 7658
3051 7366
3051 7132
3051 7012
3051 5772
3051 5107
3051 4601
3055 8362
3056 8644
3056 7576
3056 5956
3056 5939
3056 5802
3056 5216
3056 4553
3056 3098
3056 8061
3056 7473
3056 6022
3056 5416
3056 4824
3056 4595
3057 6012
3057 3230
3057 3666
3060 8289
3060 5448
3061 8478
3061 8646
3061 7790
3061 5896
3061 5787
3061 5385
3061 4934
3061 3724
3061 3606
3061 4750
3061 3763
3062 8521
3062 5750
3062 5250
3062 4769
3062 8728
3062 8664
3062 8541
3062 8201
3062 7141
3062 6614
3062 6506
3062 6019
3062 5628
3062 4836
3062 3785
3062 3603
3062 8698
3062 7822
3063 8624
3063 8487
3063 8314
3063 7957
3063 5818
3063 5766
3063 5284
3063 4615
3063 4511
3063 4469
3063 3780
3063 3162
3063 8666
3063 8264
3063 8061
3063 7914
3063 5760
3063 5759
3063 4733
3063 4137
3063 3854
3063 7681
3064 6038
3064 5492
3064 4850
3064 8114
3064 5895
3064 5265
3064 4615
3064 4598
3064 8699
3064 7843
3065 7367
3066 8476
3066 8306
3066 7789
3066 7663
3066 6000
3066 5297
3066 4621
3066 3923
3066 6646
3066 5141
3066 5128
3066 4021
3066 3068
3067 8378
3067 8329
3067 6614
3067 5838
3067 5617
3067 5298
3067 4151
3067 3362
3067 8546
3067 8189
3067 7870
3067 7412
3067 5822
3067 5417
3067 4561
3067 3763
3067 3747
3067 3637
3067 3239
3067 5726
3068 8137
3068 8419
3068 8161
3068 6076
3068 5760
3068 3637
3070 5357
3070 5125
3070 6330
3070 5178
3071 8439
3071 6950
3071 5760
3071 3708
3071 5343
3072 8559
3072 7095
3072 6562
3072 5893
3072 5760
3072 5146
3072 4773
3072 7654
3072 6360
3073 8659
3073 8556
3073 8366
3073 8194
3073 6532
3073 3607
3073 8403
3075 7163
3076 8418
3076 8343
3076 3859
3076 5212
3077 8730
3077 4093
3077 7943
3077 6547
3077 4628
3078 7857
3078 5816
3078 3690
3078 8581
3078 8459
3078 8329
3078 8297
3078 8160
3078 6468
3078 5934
3078 4622
3078 4612
3078 3749
3078 8616
3078 7822
3078 3743
3079 7356
3079 5194
3080 7484
3080 8633
3080 8428
3080 4959
3080 3400
3080 8462
3080 7587
3080 6944
3080 5629
3080 5279
3080 5274
3080 3249
3081 8659
3081 7287
3081 3712
3081 7841
3081 4160
3081 3329
3082 8379
3082 8290
3082 8185
3082 8096
3082 3645
3082 8439
3082 4447
3083 7021
3083 4635
3083 8636
3083 8323
3083 7823
3083 7800
3083 7317
3083 6814
3083 5549
3083 3516
3083 3495
3083 3096
3084 5603
3084 4948
3084 4096
3084 3475
3085 8660
3085 8260
3085 8113
3085 7403
3085 5351
3085 4961
3085 3866
3085 3598
3085 8739
3085 8012
3085 7627
3085 7422
3085 6650
3085 4973
3085 4920
3085 4091
3085 3822
3085 3148
3086 8204
3086 7120
3086 6618
3086 6438
3086 5621
3086 5273
3086 5145
3086 4440
3086 4120
3086 3943
3086 8491
3086 8299
3086 7299
3086 7291
3086 5953
3086 5943
3086 5791
3086 5772
3086 5287
3086 4945
3086 3163
3086 3147
3086 3105
3087 8484
3087 8204
3087 5795
3087 5636
3087 3607
3087 3215
3087 7953
3087 7795
3087 7428
3087 7213
3087 6005
3087 5614
3087 5486
3087 5453
3087 5008
3087 4728
3087 3136
3088 8655
3088 8310
3088 8173
3088 6017
3088 5970
3088 5305
3088 5121
3088 8581
3088 8460
3088 8459
3088 8440
3088 7953
3088 7911
3088 7777
3088 6616
3088 5817
3088 5474
3088 5299
3088 5226
3088 4945
3088 4570
3088 3623
3088 3093
3089 7633
3089 5995
3089 5795
3089 5761
3089 8739
3089 8496
3089 8262
3089 7957
3089 7479
3089 7271
3089 5622
3089 5276
3089 5177
3089 5111
3089 3284
3089 3109
3089 8156
3089 7564
3089 5154
3089 4586
3089 4459
3089 3804
3090 8681
3090 7974
3090 7835
3090 7435
3090 5966
3090 5612
3090 5482
3090 4383
3090 4190
3090 3778
3090 7619
3090 7072
3090 6297
3090 5549
3090 5289
3090 5284
3090 5232
3090 4957
3090 3527
3090 3109
3091 8521
3091 7638
3091 5970
3091 5164
3091 4479
3091 8728
3091 8641
3091 8138
3091 7862
3091 7126
3091 5918
3091 5280
3091 5277
3091 5104
3091 4791
3091 3776
3091 3097
3091 7985
3092 8526
3092 8117
3092 7838
3092 5164
3092 4185
3092 3613
3092 3473
3092 8664
3092 8226
3092 7983
3092 6576
3092 5632
3092 5608
3092 5597
3092 5304
3092 4933
3092 4823
3092 3779
3092 3137
3092 3127
3093 8173
3093 5305
3093 3143
3093 8641
3093 8486
3093 8170
3093 7469
3093 6589
3093 5675
3093 5119
3093 5106
3093 4592
3093 3340
3094 8526
3094 7021
3094 6478
3094 5641
3094 4926
3094 3991
3094 3850
3094 8278
3094 8154
3094 8058
3094 7797
3094 7257
3094 6569
3094 5781
3094 5776
3094 5632
3094 5613
3094 5308
3094 5277
3094 5107
3094 4958
3094 5969
3094 4969
3094 4042
3095 8534
3095 8204
3095 7361
3095 7313
3095 7233
3095 7113
3095 5970
3095 5414
3095 3953
3095 3695
3095 3619
3095 3355
3095 8209
3095 8141
3095 8058
3095 7673
3095 5749
3095 5631
3095 5613
3095 5358
3095 5301
3095 5272
3095 5259
3095 5115
3095 4812
3095 7270
3095 6305
3096 7980
3096 7976
3096 7925
3096 7455
3096 5105
3096 4971
3096 4740
3096 3113
3096 8257
3096 5802
3096 5796
3096 5775
3096 5615
3096 5448
3096 4050
3096 3118
3096 3115
3096 8156
3096 4750
3097 8173
3097 7150
3097 6060
3097 6015
3097 5944
3097 5789
3097 4474
3097 3262
3097 8500
3097 7909
3097 7629
3097 7609
3097 6966
3097 6511
3097 5939
3097 5634
3097 5293
3097 4603
3097 3362
3097 7201
3097 5778
3098 8428
3098 7930
3098 7150
3098 5535
3098 4747
3098 3286
3098 8560
3098 8555
3098 8479
3098 7619
3098 5946
3098 5818
3098 5269
3098 8300
3099 7639
3099 5801
3099 5382
3099 4780
3099 4454
3099 3850
3099 3523
3099 8662
3099 8524
3099 8487
3099 8309
3099 8168
3099 7641
3099 7126
3099 6557
3099 5947
3099 5800
3099 4614
3099 4272
3099 4219
3099 3134
3100 7977
3100 7151
3100 6813
3100 5419
3100 5148
3100 3234
3100 8307
3100 8119
3100 8118
3100 7952
3100 7862
3100 7587
3100 7323
3100 7118
3100 6624
3100 6297
3100 5705
3100 5278
3100 4987
3100 4607
3100 3935
3100 8156
3100 7318
3100 4700
3100 4510
3101 5811
3101 5752
3101 5288
3101 8541
3101 7973
3101 6010
3101 5961
3101 5799
3101 5797
3101 5772
3101 5472
3101 5275
3101 5067
3101 4165
3101 3605
3101 3291
3101 3263
3101 8705
3101 5394
3101 3212
3102 5446
3102 3113
3102 8581
3102 8465
3102 7957
3102 7587
3102 7297
3102 7079
3102 6814
3102 5640
3102 5377
3102 5153
3102 4182
3102 3946
3102 3935
3102 3608
3102 3711
3103 8267
3103 8143
3103 8069
3103 7616
3103 5954
3103 5616
3103 5605
3103 5386
3103 5290
3103 5148
3103 5121
3103 4959
3103 4940
3103 4474
3103 3956
3103 3650
3103 3613
3103 3254
3103 8739
3103 8643
3103 8307
3103 8292
3103 7970
3103 7790
3103 5751
3103 5670
3103 5640
3103 5628
3103 5287
3103 5106
3103 5029
3103 3785
3103 3345
3103 7621
3103 4717
3104 8667
3104 8310
3104 7925
3104 7787
3104 5638
3104 4882
3104 3951
3104 3943
3104 3936
3104 3142
3104 5393
3104 5299
3104 3785
3105 5789
3105 5771
3105 5114
3105 8718
3105 8273
3105 7652
3105 6574
3105 5951
3105 5779
3105 5444
3105 4978
3105 3226
3105 8211
3105 4628
3105 3711
3106 8247
3106 5976
3106 5898
3106 8631
3106 8560
3106 8307
3106 7795
3106 7668
3106 7632
3106 5800
3106 5787
3106 5511
3106 5197
3106 5118
3106 5108
3106 4469
3106 4151
3106 3122
3106 7747
3106 4604
3107 7888
3107 7461
3107 7355
3107 6635
3107 5954
3107 5554
3107 5492
3107 3613
3107 8624
3107 6576
3107 5297
3107 4877
3107 4771
3107 4603
3107 4041
3107 3136
3107 7474
3108 8136
3108 7293
3108 7120
3108 5789
3108 5508
3108 3279
3108 8149
3108 7952
3108 7872
3108 7641
3108 7609
3108 5464
3108 5280
3108 4924
3108 4612
3108 3761
3108 3601
3108 3518
3108 3152
3108 3127
3109 7638
3109 5482
3109 4781
3109 3973
3109 8006
3109 7882
3109 6448
3109 5899
3109 5228
3109 4973
3109 4945
3109 4615
3109 3267
3109 3252
3109 5475
3109 3478
3110 8645
3110 8099
3110 5752
3110 4474
3110 8662
3110 8257
3110 7867
3110 7807
3110 7632
3110 5618
3110 5398
3110 4920
3110 4469
3110 4170
3110 3935
3110 3451
3110 5089
3111 8428
3111 8332
3111 7888
3111 5281
3111 5121
3111 4625
3111 3467
3111 8459
3111 8302
3111 8154
3111 7012
3111 6939
3111 6566
3111 5943
3111 5439
3111 5295
3111 5153
3111 4674
3111 3840
3111 3779
3111 3738
3111 8408
3111 5760
3111 4640
3112 8667
3112 8547
3112 7810
3112 7633
3112 4854
3112 4605
3112 8442
3112 8323
3112 8178
3112 7782
3112 5772
3112 5117
3112 4954
3112 4944
3112 4612
3112 3614
3112 8408
3112 7201
3112 5585
3112 5459
3113 8279
3113 5986
3113 4703
3113 3206
3113 8641
3113 8631
3113 8307
3113 8135
3113 5785
3113 5342
3113 4782
3113 4114
3113 3767
3113 3402
3114 8534
3114 7600
3114 7138
3114 5487
3114 4794
3114 8487
3114 5283
3114 4101
3114 3780
3114 4142
3115 5786
3115 5757
3115 5641
3115 5346
3115 3521
3115 7777
3115 7084
3115 5624
3115 5434
3115 5131
3115 4954
3115 4950
3115 4776
3115 4469
3115 4109
3115 3939
3115 3724
3115 3119
3116 8411
3116 8135
3116 8120
3116 5812
3116 5124
3116 6541
3116 4024
3117 8462
3117 8142
3117 7366
3117 7068
3117 6934
3117 5963
3117 5782
3117 5772
3117 5754
3117 5289
3117 4958
3117 4859
3117 3935
3117 3780
3117 3534
3117 3226
3117 3131
3117 8551
3117 7412
3117 5007
3117 4824
3118 8747
3118 8489
3118 7531
3118 7469
3118 7405
3118 7257
3118 5903
3118 5581
3118 5458
3118 5390
3118 3281
3118 8575
3118 8470
3118 5128
3118 3941
3119 8641
3119 8522
3119 8481
3119 8262
3119 8168
3119 7626
3119 7617
3119 6468
3119 6442
3119 6005
3119 5955
3119 5640
3119 5597
3119 5412
3119 5202
3119 5119
3119 5113
3119 4968
3119 7491
3119 4624
3119 3239
3120 8174
3120 7833
3120 7128
3120 5761
3120 5516
3120 3274
3120 8493
3120 8466
3120 8442
3120 7636
3120 7141
3120 6576
3120 5859
3120 5800
3120 5782
3120 5308
3120 5029
3120 4812
3120 3601
3120 8370
3120 8274
3121 8517
3121 7417
3121 6616
3121 5619
3121 5609
3121 4160
3121 5089
3121 4645
3122 7150
3122 6041
3122 5786
3122 5777
3122 5414
3122 3533
3122 3315
3122 8560
3122 8306
3122 8150
3122 7823
3122 6945
3122 6442
3122 5787
3122 5450
3122 5294
3122 5124
3122 4603
3122 3942
3122 3354
3122 3707
3122 3500
3123 7696
3123 7749
3123 6859
3124 5570
3124 8328
3124 8163
3124 7297
3124 5787
3124 5289
3124 3768
3124 8472
3124 5154
3124 3500
3125 7844
3126 8290
3126 7469
3126 7428
3126 5959
3126 5008
3126 8551
3126 7434
3126 5217
3127 7289
3127 6631
3127 5786
3127 5752
3127 5641
3127 7948
3127 7629
3127 7469
3127 7132
3127 7115
3127 6574
3127 6010
3127 5765
3127 4929
3127 4104
3127 5809
3127 4817
3128 8375
3128 5694
3128 5083
3129 8626
3129 5816
3129 5645
3129 5290
3129 4959
3129 3737
3129 3350
3129 8492
3129 8383
3129 8315
3129 8306
3129 8261
3129 8199
3129 7483
3129 6642
3129 4871
3129 3790
3131 8143
3131 8491
3131 8196
3131 5633
3131 4942
3131 4205
3131 3942
3131 3437
3131 3242
3131 8338
3132 7606
3132 5841
3132 5789
3132 5351
3132 5340
3132 4940
3132 3607
3132 8495
3132 8488
3132 8388
3132 8302
3132 8196
3132 7257
3132 6065
3132 5942
3132 5634
3132 5544
3132 5497
3132 5445
3132 5434
3132 5345
3132 4954
3132 4924
3132 3200
3132 8615
3132 5212
3133 7932
3133 3341
3134 8120
3134 7257
3134 6650
3134 6571
3134 5826
3134 5766
3134 5565
3134 5131
3134 4823
3134 3614
3134 8502
3134 7328
3134 7154
3134 5993
3134 4133
3135 8026
3135 4267
3136 8708
3136 8101
3136 6647
3136 5419
3136 3215
3136 8481
3136 8402
3136 8290
3136 5959
3136 5937
3136 4570
3136 3249
3136 7963
3136 7647
3136 4547
3137 8213
3137 7133
3137 6043
3137 5811
3137 8581
3137 7479
3137 7012
3137 5629
3137 5624
3137 5295
3137 5126
3137 5101
3137 4702
3137 4210
3137 3785
3137 3317
3137 7747
3138 8515
3138 5929
3138 4635
3138 8553
3138 8378
3138 7971
3138 5839
3138 5540
3138 5347
3138 5339
3138 4763
3138 8083
3139 8633
3139 7787
3139 5805
3139 5554
3139 4926
3139 4780
3139 4658
3139 8720
3139 8222
3139 8153
3139 7477
3139 6112
3139 5942
3139 5644
3139 5399
3139 4983
3139 3534
3141 8518
3141 8106
3142 7913
3142 8627
3142 8593
3142 8537
3142 8534
3142 6780
3142 5908
3142 4769
3142 4279
3142 4106
3142 3613
3142 3472
3142 3206
3142 7751
3142 6630
3142 5797
3142 5450
3142 4274
3143 7599
3143 7435
3143 7252
3143 5437
3143 4938
3143 4766
3143 4279
3143 3968
3143 8133
3143 7823
3143 6297
3143 5915
3143 5278
3143 4956
3143 3267
3144 8615
3144 7412
3144 6586
3144 6562
3146 8687
3146 3404
3146 7849
3146 3301
3147 8204
3147 7974
3147 7616
3147 7604
3147 4781
3147 4743
3147 3257
3147 3254
3147 8691
3147 8483
3147 8109
3147 7515
3147 7299
3147 6640
3147 5945
3147 5766
3147 5299
3147 4983
3147 4125
3147 3470
3147 6305
3148 8427
3148 7592
3148 7313
3148 6068
3148 8560
3148 7130
3148 6559
3148 5838
3148 5755
3148 5412
3148 5364
3148 5284
3149 7553
3149 5642
3149 4600
3149 8477
3149 8327
3149 6472
3149 5407
3149 4218
3149 8656
3149 8519
3151 8242
3152 8645
3152 8032
3152 7679
3152 7138
3152 4556
3152 3943
3152 3778
3152 3698
3152 8474
3152 8140
3152 7828
3152 5705
3152 5631
3152 5629
3152 5298
3152 5293
3152 5112
3152 3706
3152 3516
3152 3300
3152 8621
3152 7201
3152 5555
3152 5417
3153 6462
3153 6114
3153 6043
3153 5944
3153 5446
3153 4626
3153 4046
3153 3928
3153 3400
3153 8442
3153 7987
3153 7145
3153 6437
3153 5540
3153 5399
3153 3761
3154 5816
3154 4596
3154 3320
3154 8435
3154 6642
3154 3918
3155 8312
3155 7981
3155 7912
3155 7439
3155 7120
3155 6924
3155 5811
3155 4740
3155 4479
3155 3770
3155 3456
3155 3244
3155 6574
3155 5283
3155 3289
3156 6631
3156 5129
3156 4597
3156 8476
3156 6574
3156 3792
3157 8267
3157 7321
3157 5419
3157 4922
3157 4854
3157 4679
3157 4675
3157 4454
3157 3350
3157 8570
3157 8495
3157 8351
3157 6641
3157 6579
3157 6576
3157 5946
3157 5787
3157 5287
3157 5283
3157 5122
3157 5029
3157 5008
3157 4963
3157 4927
3157 3163
3157 7747
3158 6118
3158 5371
3158 4679
3158 4539
3158 3257
3158 3159
3158 8335
3158 5630
3158 4982
3158 3772
3159 8632
3159 6115
3159 5502
3159 3700
3159 3240
3159 8756
3159 7974
3159 7930
3159 7820
3159 7541
3159 6808
3159 6479
3159 5960
3159 5292
3159 5114
3159 4626
3159 3958
3159 3618
3159 7596
3159 6574
3159 5772
3159 5424
3159 5303
3159 4620
3159 4119
3159 3840
3159 3614
3160 5925
3160 5907
3160 3818
3160 3806
3161 7133
3161 4966
3161 3467
3161 8278
3161 7907
3161 7751
3161 5981
3161 5687
3161 5097
3161 4772
3161 3756
3161 7434
3161 3743
3161 3739
3162 8440
3162 8278
3162 7306
3162 5942
3162 5864
3162 5821
3162 5755
3162 5497
3162 5441
3162 5270
3162 4945
3162 4622
3162 3259
3162 6541
3162 5707
3162 3858
3163 8648
3163 8627
3163 8400
3163 7606
3163 4185
3163 8718
3163 8493
3163 7297
3163 6966
3163 5631
3163 5624
3163 5597
3163 5540
3163 3961
3163 3632
3163 3608
3163 7647
3164 8650
3164 4570
3164 3330
3164 8731
3164 5969
3164 5822
3164 5413
3164 5350
3164 3168
3165 5004
3166 4548
3167 5355
3167 3955
3167 7787
3167 7293
3167 6482
3167 5898
3167 5285
3167 5225
3167 3973
3167 3392
3167 6939
3168 8471
3168 8118
3168 6579
3168 5312
3168 4170
3168 6952
3168 5639
3168 4925
3168 4779
3168 3934
3169 5056
3169 5526
3169 4489
3169 4033
3169 3649
3171 7779
3171 6984
3171 6123
3171 3544
3172 8205
3172 3663
3173 7362
3173 5836
3173 8477
3173 6473
3174 3227
3174 3185
3174 7866
3174 3292
3174 8105
3174 3301
3175 7534
3175 6047
3176 8507
3176 5749
3176 5245
3176 8127
3176 7776
3176 7215
3176 5421
3176 3250
3177 8603
3177 8084
3177 6958
3177 6673
3177 5260
3177 3288
3177 5762
3178 8577
3178 5725
3178 5175
3178 3598
3178 3473
3178 8055
3179 8332
3179 8619
3179 7635
3179 5404
3179 4298
3179 8394
3180 6875
3180 6058
3180 3306
3181 3837
3181 8626
3181 7590
3181 5902
3181 4282
3181 4073
3181 3350
3181 5790
3181 5684
3181 5577
3182 6809
3182 4428
3182 4200
3184 8473
3184 8145
3184 6707
3184 6641
3184 5202
3184 4570
3184 4099
3184 3772
3184 3322
3184 8374
3184 5671
3184 5338
3184 4042
3184 6695
3184 4213
3185 8611
3185 3764
3185 7686
3185 7141
3185 6955
3185 6576
3185 5268
3185 4934
3185 4272
3185 3753
3186 7583
3186 5201
3187 5869
3187 4102
3187 3299
3189 8377
3189 6360
3190 6631
3190 5414
3190 3690
3190 8581
3190 8473
3190 8150
3190 8138
3190 6019
3190 5953
3190 5441
3190 5366
3190 4836
3190 4621
3190 3201
3190 8702
3190 6857
3190 6123
3190 5637
3191 4324
3191 3216
3191 7180
3194 6036
3194 5679
3195 4769
3195 8723
3195 7632
3195 7609
3195 6000
3195 5952
3195 5409
3195 5304
3195 5216
3195 4047
3195 3926
3195 3401
3195 3284
3195 7625
3195 7459
3195 7442
3195 5154
3195 4623
3195 3759
3195 3703
3195 3475
3196 6438
3196 4596
3196 8115
3196 7911
3196 3762
3196 3297
3196 8615
3198 7100
3198 8043
3199 7615
3199 7526
3199 8451
3199 8096
3199 6914
3199 5938
3200 8323
3200 8252
3200 8220
3200 8154
3200 7405
3200 6919
3200 6511
3200 5859
3200 5840
3200 5474
3200 5395
3200 5298
3200 5222
3200 7901
3200 7812
3200 7412
3200 5154
3201 7930
3201 3257
3201 8624
3201 8185
3201 7304
3201 6454
3201 5775
3201 5609
3201 4610
3201 3603
3201 3317
3201 8531
3201 7621
3201 5780
3201 5201
3201 3743
3201 3212
3202 7074
3203 6894
3204 5387
3204 8708
3204 7526
3204 6118
3204 5841
3204 7587
3204 4771
3205 6544
3205 5952
3205 5449
3205 5298
3205 5293
3205 7804
3206 8375
3206 4755
3206 7633
3206 7021
3206 6478
3206 5816
3206 5811
3206 5401
3206 5094
3206 3286
3206 8186
3206 7975
3206 6473
3206 5959
3206 5469
3206 5222
3206 4924
3206 3775
3207 6463
3207 5281
3207 5116
3207 8495
3207 8482
3207 8278
3207 8216
3207 8137
3207 8129
3207 7673
3207 7587
3207 6112
3207 5807
3207 5803
3207 5614
3207 5308
3207 5296
3207 8512
3207 8268
3208 8597
3208 7063
3208 5506
3208 3796
3209 8749
3209 8089
3209 7660
3209 7486
3209 5641
3209 8754
3209 7485
3209 6020
3209 5471
3209 5278
3210 8330
3210 7384
3210 6614
3210 6589
3210 5632
3210 5300
3210 4953
3210 3593
3210 6904
3210 5417
3210 4337
3211 6652
3211 5077
3211 4192
3211 8384
3211 8033
3211 7495
3212 6442
3212 5808
3212 5611
3212 5551
3212 5312
3212 4954
3212 4939
3212 4109
3212 3772
3212 8300
3212 7896
3212 6686
3212 4894
3212 3310
3212 5311
3213 5583
3213 7919
3215 8593
3215 8332
3215 7593
3215 5148
3215 4867
3215 7149
3215 5109
3215 5108
3215 4619
3215 3932
3215 3840
3216 8223
3216 4205
3216 6864
3217 7199
3217 5928
3217 5343
3220 6419
3220 4988
3220 8756
3220 4438
3220 4128
3221 7149
3221 4194
3222 7832
3222 7683
3222 8338
3225 7247
3225 6676
3225 3366
3225 4720
3225 4647
3226 7645
3226 5641
3226 5403
3226 8570
3226 8565
3226 8278
3226 8252
3226 7635
3226 7631
3226 7582
3226 7447
3226 7012
3226 6036
3226 5959
3226 5701
3226 5618
3226 5607
3226 5358
3226 5304
3226 5297
3226 4674
3227 4662
3227 7284
3227 7189
3228 7098
3228 8708
3228 6987
3228 4128
3228 5953
3228 4871
3228 4823
3229 8635
3229 6956
3229 6114
3229 5970
3229 3456
3229 3254
3229 7867
3229 7373
3229 6758
3229 6065
3229 5776
3229 5643
3229 5476
3229 4841
3229 4553
3230 3549
3230 8443
3230 4594
3230 3506
3231 8668
3231 5497
3231 4917
3231 4786
3231 4712
3231 3717
3231 8733
3231 8061
3231 6392
3231 5417
3231 3934
3231 3809
3231 7890
3231 7156
3231 6071
3232 8624
3232 8252
3232 8176
3232 7973
3232 6487
3232 5398
3232 5232
3233 8265
3233 6101
3233 8442
3233 8436
3233 8121
3233 7399
3233 7299
3233 5945
3233 4948
3233 4791
3233 4095
3233 3776
3233 5710
3233 4672
3234 8321
3234 8204
3234 5752
3234 5340
3234 4279
3234 8456
3234 7867
3234 6564
3234 5781
3234 5625
3234 4788
3235 8735
3235 5788
3235 3467
3235 8625
3235 8317
3235 5634
3235 5219
3235 5125
3235 4933
3235 3276
3235 8705
3235 8245
3235 6984
3236 8661
3236 6532
3236 8741
3236 8595
3236 7895
3236 7686
3236 5765
3236 4633
3237 8736
3237 5831
3237 7383
3237 3954
3239 7068
3239 6020
3239 5297
3239 4170
3239 5710
3239 5328
3241 7209
3241 3260
3242 6662
3242 5707
3244 5502
3244 7021
3244 6600
3244 4474
3244 4452
3244 8383
3244 5813
3244 5269
3244 5218
3244 4953
3244 3792
3245 7140
3245 7972
3245 6676
3245 5468
3245 4560
3245 4125
3245 5584
3246 7310
3246 5992
3246 8661
3246 7700
3246 3400
3246 6626
3247 6778
3247 7472
3247 5938
3247 5769
3247 5143
3248 8053
3249 8735
3249 5463
3249 4596
3249 8496
3249 8435
3249 8252
3249 7795
3249 7531
3249 6557
3249 5782
3249 5769
3249 5614
3249 5404
3249 3779
3249 8502
3249 7802
3250 8457
3250 6775
3250 7602
3251 5937
3251 3323
3252 8348
3252 8131
3252 5789
3252 5292
3252 5164
3252 4183
3252 3991
3252 3355
3252 3254
3252 8125
3252 7624
3252 7619
3252 5949
3252 5838
3252 5812
3252 5409
3252 5107
3252 4634
3252 4551
3252 4284
3252 3264
3252 8705
3252 6018
3253 8427
3253 7420
3253 7138
3253 6678
3253 5767
3253 4895
3253 4792
3253 3823
3253 8538
3253 7118
3254 8464
3254 7679
3254 6659
3254 4279
3254 3771
3254 7636
3254 7632
3254 7306
3254 7304
3254 5952
3254 4620
3254 3785
3254 3362
3254 3264
3255 8313
3255 5932
3255 8328
3255 5407
3255 5291
3255 5257
3255 3814
3256 8050
3256 7321
3256 4106
3256 8710
3256 8488
3256 8365
3256 6897
3256 6617
3256 6498
3256 5807
3256 5388
3256 4566
3256 3264
3257 7553
3257 5976
3257 5543
3257 5463
3257 5306
3257 5116
3257 3953
3257 8262
3257 8217
3257 8120
3257 7987
3257 7957
3257 7636
3257 5749
3257 5629
3257 5613
3257 5202
3257 3431
3257 3340
3257 3264
3258 8410
3258 7187
3258 6673
3258 6038
3258 5786
3258 5285
3258 5114
3258 8663
3258 8636
3258 8442
3258 8307
3258 8301
3258 7271
3258 7067
3258 5476
3258 5108
3258 4603
3259 8136
3259 5810
3259 5463
3259 5414
3259 5121
3259 4626
3259 3948
3259 3766
3259 8459
3259 8306
3259 7828
3259 7663
3259 6566
3259 6297
3259 5634
3259 5315
3259 5228
3259 4963
3259 4284
3259 4114
3259 4107
3259 3949
3259 3327
3259 7843
3260 8347
3260 4793
3260 7917
3260 7454
3260 5806
3260 3854
3260 3815
3261 5948
3261 5841
3261 5750
3261 4563
3261 3798
3262 7468
3262 7308
3262 3734
3262 8672
3262 8101
3262 7640
3262 6992
3262 5543
3262 5371
3262 4787
3262 4046
3262 8480
3262 8409
3262 8225
3262 7643
3262 5619
3262 4936
3262 4601
3263 8173
3263 7833
3263 7805
3263 7128
3263 6021
3263 5771
3263 4183
3263 4106
3263 8646
3263 8558
3263 8496
3263 8402
3263 8222
3263 8178
3263 7782
3263 7515
3263 7079
3263 5939
3263 5449
3263 5347
3263 5335
3263 4612
3264 7252
3264 6956
3264 6060
3264 3936
3264 8723
3264 8459
3264 8323
3264 8316
3264 7123
3264 6010
3264 5295
3264 4939
3264 4188
3264 4187
3264 4175
3264 8203
3264 8132
3264 7804
3264 7454
3264 6586
3264 6562
3264 6459
3264 5893
3265 5992
3265 5653
3265 3607
3265 3382
3265 5444
3265 5269
3265 5111
3266 8164
3266 6374
3266 5550
3267 7835
3267 5771
3267 5641
3267 5419
3267 5114
3267 4787
3267 3295
3267 8302
3267 7867
3267 7663
3267 7271
3267 6557
3267 5335
3267 4983
3267 4125
3267 3961
3267 3281
3268 8570
3268 8214
3268 7867
3268 6581
3268 6000
3268 5754
3268 4849
3268 3327
3268 7792
3268 7647
3269 7486
3269 5612
3269 5273
3269 3951
3269 8570
3269 8500
3269 8471
3269 8058
3269 7872
3269 7663
3269 7317
3269 5949
3269 5765
3269 5445
3269 5301
3269 5106
3269 4793
3269 3781
3269 3606
3269 3402
3269 7799
3269 7160
3269 7155
3269 5154
3269 4817
3269 4459
3269 4137
3269 3600
3270 8529
3270 8160
3270 5336
3270 4702
3270 4592
3270 8615
3271 5682
3271 5337
3271 4740
3271 6515
3272 7079
3272 7016
3272 6617
3272 5945
3272 5597
3272 5481
3272 5308
3272 5272
3272 4868
3272 3788
3272 3772
3272 3603
3272 8502
3272 5710
3274 8611
3274 8312
3274 4767
3274 8756
3274 8659
3274 8478
3274 8136
3274 8131
3274 6780
3274 5827
3274 5752
3274 5204
3274 3973
3274 3456
3274 8468
3274 7642
3274 5335
3274 4939
3274 3946
3274 3859
3275 7661
3276 5472
3276 5453
3276 4929
3276 4078
3276 3773
3276 3762
3277 7833
3277 6980
3277 5795
3277 5746
3277 8624
3277 8216
3277 7795
3277 7772
3277 6544
3277 5303
3277 5117
3277 4968
3277 4775
3277 4110
3277 3289
3279 8633
3279 7835
3279 7786
3279 4719
3279 8225
3279 7611
3279 7299
3279 6559
3279 5784
3279 4954
3279 3317
3281 8390
3281 7835
3281 7805
3281 7645
3281 4269
3281 3948
3281 8456
3281 8140
3281 7909
3281 6814
3281 6579
3281 5800
3281 5772
3281 5762
3281 5643
3281 4953
3281 4933
3281 8649
3281 5778
3281 4925
3281 4700
3282 8439
3282 7822
3282 7696
3282 6621
3282 6605
3282 5402
3282 5201
3282 5030
3282 4673
3282 3624
3284 7490
3284 6300
3284 5954
3284 5340
3284 8479
3284 8135
3284 5540
3284 5202
3284 4873
3284 6445
3284 5406
3284 4623
3286 8433
3286 7159
3286 4705
3286 8756
3286 5114
3286 4938
3286 4350
3286 3991
3286 8315
3286 5772
3286 4607
3286 4138
3286 3946
3287 8338
3287 8161
3287 5157
3287 5715
3288 6738
3288 7692
3288 7138
3288 6104
3288 3973
3288 3530
3288 7791
3288 7366
3288 5821
3289 7692
3289 6106
3289 5976
3289 5811
3289 5505
3289 4479
3289 3925
3289 3856
3289 3613
3289 8295
3289 8217
3289 7807
3289 7297
3289 5797
3289 5397
3289 5283
3289 5278
3289 4939
3289 4119
3289 3938
3291 7604
3291 4675
3291 8539
3291 8459
3291 8141
3291 7515
3291 5705
3291 5244
3291 5153
3291 4622
3291 4570
3291 3402
3291 8029
3291 5760
3291 5637
3291 3799
3292 5720
3292 4940
3292 3316
3292 7451
3292 3814
3293 8657
3293 7933
3293 7450
3293 7442
3293 6952
3293 5880
3293 4586
3293 8520
3294 8638
3294 8555
3294 8329
3294 7823
3294 7515
3294 6960
3294 6557
3294 6112
3294 5608
3294 5029
3294 4927
3294 4612
3294 5209
3295 8681
3295 7826
3295 5730
3295 4719
3295 3535
3295 3526
3295 7643
3295 3782
3296 8189
3296 7727
3296 5005
3297 5266
3297 4621
3297 8408
3297 7837
3297 7272
3298 6702
3298 5456
3298 7115
3298 5640
3298 3744
3299 8130
3299 7150
3299 4387
3299 3931
3299 3798
3299 6569
3299 3605
3300 8397
3300 4443
3300 3965
3300 8643
3300 5749
3300 5615
3300 5432
3300 4841
3300 4133
3301 7677
3301 7139
3302 7803
3302 5238
3302 4988
3303 8522
3304 7593
3304 5641
3304 8483
3304 8299
3304 7880
3304 6758
3304 5959
3304 5216
3304 4602
3304 3772
3304 8702
3304 7154
3304 6652
3304 4595
3304 3739
3305 7488
3305 6813
3305 5518
3305 5414
3305 5386
3305 3953
3305 3523
3305 8489
3305 8479
3305 8292
3305 7620
3305 7079
3305 5802
3305 5644
3305 5613
3305 5440
3305 5429
3305 4948
3305 4945
3305 4552
3305 5575
3306 6414
3306 4210
3307 7583
3307 5849
3307 3739
3308 4186
3309 8534
3309 7425
3309 4854
3310 7917
3310 7799
3310 6686
3310 5707
3310 4609
3310 7986
3310 7665
3310 6695
3311 8115
3311 8264
3311 4673
3312 7721
3312 6066
3312 4594
3312 5264
3312 3946
3313 3908
3314 4727
3314 7513
3315 8671
3315 6150
3315 6186
3315 8446
3315 7797
3315 6897
3315 6543
3315 5580
3316 5827
3316 5094
3316 7447
3316 7136
3316 5785
3317 4960
3317 4679
3317 4675
3317 8170
3317 7472
3317 5439
3317 5307
3317 5109
3317 4782
3317 4619
3317 3822
3318 7780
3319 3662
3320 6419
3320 5427
3320 4266
3320 3951
3320 8290
3322 8744
3322 7660
3322 7420
3322 5801
3322 5543
3322 5487
3322 5234
3322 4106
3322 3655
3322 7079
3322 5939
3322 5800
3322 5629
3322 5611
3322 5112
3322 3933
3322 3840
3322 6562
3322 5996
3322 4750
3323 4699
3323 5937
3324 7523
3324 5331
3324 5025
3325 8505
3325 8084
3325 3367
3325 3532
3326 7761
3326 8532
3326 3930
3327 5340
3327 8747
3327 8650
3327 8383
3327 8315
3327 5826
3327 5614
3327 5429
3327 5297
3327 5216
3327 5080
3327 4973
3327 4963
3327 4929
3327 3402
3327 4817
3328 8378
3328 7800
3328 6473
3328 5808
3328 5347
3328 7160
3328 7005
3328 6952
3328 4864
3328 5748
3329 6647
3329 8624
3329 8539
3329 8258
3329 8135
3329 7646
3329 7632
3329 7265
3329 6019
3329 5790
3329 5008
3329 4210
3329 3450
3329 8439
3329 7799
3329 7696
3329 7656
3329 5794
3329 4024
3330 7891
3330 7067
3331 7318
3331 4200
3334 5583
3334 4275
3335 4854
3335 4138
3336 4574
3337 6376
3339 6062
3339 4436
3340 7113
3340 7085
3340 8625
3340 8535
3340 7825
3340 7306
3340 7141
3340 6487
3340 5807
3340 5376
3340 5202
3340 5136
3340 5134
3340 8164
3340 7802
3340 4925
3340 4589
3340 3537
3341 6947
3341 4634
3341 5020
3343 4233
3344 5384
3345 8655
3345 7980
3345 7925
3345 8442
3345 8302
3345 8118
3345 5923
3345 5754
3345 5549
3345 4877
3345 4620
3345 5514
3345 5209
3345 3787
3346 4069
3346 3567
3346 6132
3346 5026
3347 6374
3347 3912
3349 7737
3349 6950
3349 5922
3349 5459
3349 5128
3349 5030
3349 4768
3349 4673
3350 8221
3350 5473
3350 3951
3350 8720
3350 8335
3350 8191
3350 7617
3350 4983
3350 4812
3350 4782
3350 3754
3351 3912
3351 8591
3353 7210
3354 8435
3354 5389
3355 7308
3355 6659
3355 7631
3355 7627
3355 6019
3355 5276
3355 5119
3356 8573
3357 5876
3358 4784
3359 5878
3359 3399
3359 6401
3359 5455
3360 7801
3360 3692
3361 6139
3361 5027
3361 4040
3362 8672
3362 8174
3362 7826
3362 5180
3362 4521
3362 3765
3362 8652
3362 6650
3362 5791
3362 5587
3362 4978
3362 4776
3362 3812
3362 5806
3363 6298
3363 8648
3364 5596
3365 8596
3366 4271
3366 8436
3366 8184
3366 7779
3366 6649
3366 6375
3367 7077
3367 8671
3367 8143
3367 6924
3367 4617
3367 3611
3368 8547
3368 7113
3368 5334
3368 4533
3368 8296
3371 4441
3371 4237
3372 8757
3372 7113
3372 4966
3372 8351
3372 6020
3372 5982
3372 5797
3372 5125
3373 8363
3373 4097
3374 3728
3375 4531
3375 3722
3376 8439
3376 8419
3376 5462
3376 3763
3376 3718
3376 7988
3376 7999
3377 6892
3377 3704
3378 8657
3378 7597
3378 7378
3378 7654
3378 7305
3378 6004
3382 5502
3382 4156
3382 3722
3382 8382
3382 8069
3382 7875
3382 6924
3382 6310
3382 5371
3382 5337
3382 4576
3382 7626
3382 5389
3384 4129
3386 8675
3387 5610
3387 8664
3387 8290
3387 7782
3387 5949
3387 5143
3387 5922
3387 4768
3389 6827
3391 4054
3392 7308
3392 7960
3392 5473
3392 5403
3392 5273
3392 4562
3392 3948
3392 8496
3392 8487
3392 7624
3392 5961
3392 5939
3392 5580
3392 5407
3392 5312
3392 5282
3392 5126
3392 5104
3392 4591
3393 6942
3394 4201
3394 3730
3395 8257
3395 7614
3395 7399
3395 5834
3395 8322
3395 7270
3395 4672
3395 3600
3396 8725
3396 5394
3396 5338
3396 7847
3396 7558
3397 6961
3397 5255
3397 3819
3397 7488
3397 7481
3397 5944
3397 5829
3397 5621
3397 5367
3397 3943
3397 3526
3397 3521
3397 7646
3397 6966
3397 5769
3397 5581
3397 5144
3397 5101
3398 7924
3398 8676
3399 8337
3399 6754
3399 3954
3400 4113
3400 5363
3400 4922
3400 4747
3400 7790
3400 5964
3401 6186
3401 8440
3401 8180
3401 5469
3401 3437
3401 6622
3401 3480
3402 6678
3402 5281
3402 3962
3402 3948
3402 3618
3402 8677
3402 8624
3402 8459
3402 8122
3402 7825
3402 7648
3402 7306
3402 7285
3402 7067
3402 5834
3402 4946
3402 4312
3402 3923
3402 3470
3402 7647
3402 5575
3402 4459
3403 7816
3404 4172
3404 7993
3404 4757
3407 4901
3407 8277
3408 4292
3409 8200
3412 7246
3413 7656
3413 4150
3413 3745
3420 7954
3425 7689
3429 6832
3429 6011
3429 6414
3430 6751
3431 8165
3431 5872
3431 4703
3431 4635
3431 4106
3431 7970
3431 7790
3431 6809
3431 5315
3431 4668
3431 3534
3431 5778
3431 5760
3431 5341
3431 3950
3433 4345
3436 6404
3437 8496
3437 8383
3437 8297
3437 8259
3437 8137
3437 7657
3437 6511
3437 6000
3437 5684
3437 5222
3437 4987
3437 4187
3437 3780
3437 7534
3437 3808
3438 4855
3438 8704
3438 7864
3438 7308
3438 6971
3438 5706
3438 4531
3438 3700
3438 8740
3438 8534
3438 7523
3438 7403
3438 4106
3438 3611
3441 8376
3441 4757
3441 4070
3441 6864
3441 6759
3441 5933
3441 3588
3442 6503
3442 6360
3448 4537
3450 6635
3450 8414
3450 7699
3450 7141
3450 7132
3450 5280
3450 4931
3450 4728
3450 4094
3450 6950
3450 5081
3451 6478
3451 5351
3451 4675
3451 8488
3451 7637
3451 7405
3451 6960
3451 6919
3451 6636
3451 6576
3451 6487
3451 5818
3451 5797
3451 5376
3451 5108
3451 5097
3451 5008
3451 4985
3451 4630
3451 4287
3451 3832
3452 7166
3454 8106
3454 5649
3455 8518
3455 6880
3456 7877
3456 5967
3456 5925
3456 5900
3456 8405
3456 7787
3456 7427
3456 7403
3456 7398
3456 4854
3456 8658
3456 7643
3456 7298
3456 6559
3456 4949
3457 8714
3457 8121
3457 6330
3458 8010
3459 4689
3460 7780
3460 7562
3460 5187
3461 4188
3461 8393
3461 7744
3461 4785
3462 6633
3462 5847
3462 4784
3465 5323
3465 5195
3465 3643
3466 6064
3467 8676
3467 5500
3467 3936
3467 7627
3467 5963
3467 5903
3467 5643
3467 5342
3468 5932
3468 5539
3468 4619
3470 8469
3470 7531
3470 7387
3470 4195
3470 8678
3470 4219
3470 3803
3471 5378
3471 4730
3471 6638
3472 6109
3472 5363
3472 4938
3472 4440
3472 8114
3472 7296
3472 5961
3472 5395
3473 6016
3473 7481
3473 6816
3473 5500
3473 7658
3473 5376
3474 6389
3474 5998
3474 4492
3475 8643
3475 7288
3475 6590
3475 5851
3475 4189
3475 5830
3477 6073
3478 8258
3478 5447
3478 5440
3478 5272
3478 3961
3478 7792
3478 6768
3478 4150
3478 7890
3479 7740
3480 4104
3480 8463
3480 7988
3481 7180
3481 3621
3483 6462
3483 6140
3483 5974
3483 4926
3483 4454
3483 8468
3483 7653
3483 4963
3484 4558
3485 4755
3485 4722
3485 5393
3485 3713
3490 7526
3490 8482
3490 3701
3491 8117
3491 5816
3491 3956
3493 3915
3494 4297
3494 4967
3495 8003
3495 5929
3495 3650
3495 8492
3495 8317
3495 8178
3495 7068
3495 5939
3495 3835
3495 5406
3495 5135
3495 3637
3496 6519
3496 3689
3497 6648
3500 7983
3500 7618
3500 7290
3500 5409
3500 3608
3500 6164
3500 5155
3500 4733
3501 4045
3504 8758
3504 8567
3504 6374
3505 8697
3505 8173
3505 7888
3505 6635
3505 5811
3505 5363
3505 5346
3505 4387
3505 3778
3505 8619
3505 8581
3505 8458
3505 7975
3505 7676
3505 4160
3505 7901
3506 4463
3506 6364
3506 6444
3509 8610
3510 8647
3510 6017
3510 5556
3510 5414
3510 4922
3510 3523
3510 8646
3510 7646
3510 7629
3510 7622
3510 5943
3510 5840
3510 5301
3510 5123
3511 4625
3511 8414
3511 8149
3511 8128
3511 6566
3511 7965
3513 6959
3513 5199
3513 4594
3513 8658
3513 6387
3513 8657
3514 7165
3514 6169
3515 8128
3515 7823
3515 7663
3515 5625
3515 5447
3515 4946
3515 8331
3515 8061
3515 6984
3515 6392
3515 5368
3515 4484
3515 3941
3515 7495
3516 4454
3516 8486
3516 7862
3516 6934
3516 6636
3516 5300
3516 4601
3516 4276
3516 8606
3516 6975
3516 5893
3516 4720
3517 7640
3517 6068
3517 5833
3517 6493
3517 4927
3518 8151
3518 5801
3518 8319
3518 7637
3518 7316
3518 6939
3518 5628
3518 5409
3518 5147
3518 5106
3518 4712
3518 4674
3518 8148
3518 7837
3518 7802
3519 5588
3520 3850
3521 6516
3521 8213
3521 7976
3521 7321
3521 5816
3521 5602
3521 5121
3521 4794
3521 3962
3521 3607
3521 7141
3522 8134
3522 3700
3522 8321
3522 6109
3522 3821
3523 8221
3523 7159
3523 5502
3523 3740
3523 8593
3523 7746
3523 5777
3523 5645
3523 4279
3523 3766
3523 3660
3523 8459
3523 8201
3523 8149
3523 7646
3523 7303
3523 6651
3523 5119
3523 5101
3523 3738
3524 8574
3525 8607
3525 8387
3525 8074
3525 7415
3525 6096
3526 5907
3526 8102
3526 5281
3526 5161
3526 8163
3527 8510
3527 8316
3527 7649
3527 6065
3527 5468
3527 4977
3527 4107
3527 3833
3527 6954
3528 3756
3528 8702
3528 8370
3528 7965
3528 5201
3528 4921
3528 3537
3528 7156
3529 8176
3529 8055
3529 5544
3529 7272
3529 8590
3530 8094
3530 7145
3531 5466
3531 7138
3531 5829
3531 7618
3531 4276
3531 3606
3532 5837
3532 4503
3532 8655
3532 6813
3532 5327
3532 3953
3532 4096
3533 7960
3533 5974
3533 8144
3533 7807
3533 5377
3533 4138
3534 8263
3534 5799
3534 7256
3534 5702
3534 4029
3535 8395
3535 5158
3535 8740
3535 6956
3535 5789
3535 5774
3535 5477
3535 5249
3535 4433
3535 4190
3536 6526
3537 8466
3537 8320
3537 8299
3537 8141
3537 6020
3537 5229
3537 5115
3537 5109
3537 3826
3537 8657
3537 7798
3537 5174
3537 3831
3538 8158
3539 7237
3539 5582
3539 8294
3539 5145
3539 4214
3539 4093
3540 6060
3540 8270
3540 8121
3540 6758
3540 5344
3540 4765
3540 4188
3543 7909
3543 5608
3543 5277
3543 5176
3543 4948
3543 4553
3543 3781
3543 7201
3543 5406
3543 5368
3543 5247
3544 5097
3544 3929
3544 8071
3544 7201
3544 5658
3544 4789
3544 5360
3544 3800
3545 5295
3545 5369
3545 4672
3545 4606
3549 8671
3549 7603
3549 5214
3551 8590
3553 7824
3553 4499
3554 5387
3554 5173
3559 7372
3559 6374
3561 3919
3561 4530
3563 5992
3563 4555
3563 6372
3563 6110
3568 7680
3568 6377
3577 8430
3578 6206
3578 4885
3581 4113
3581 8173
3581 6776
3581 5973
3581 5148
3581 5086
3581 4947
3581 4454
3581 3611
3582 5919
3582 4574
3582 3837
3583 7856
3583 7251
3583 6175
3585 8035
3585 8407
3585 6403
3586 3686
3587 6309
3588 7670
3588 6098
3589 7699
3589 4478
3590 7170
3590 8380
3590 7886
3590 4385
3590 6705
3590 4997
3591 7320
3591 5501
3591 5208
3591 5058
3591 6957
3593 7700
3593 7388
3593 6041
3593 5539
3593 8435
3593 8330
3593 4935
3593 5217
3593 3602
3594 8128
3594 7789
3594 6442
3594 5227
3594 7232
3594 5081
3595 7426
3596 7615
3596 8480
3596 5296
3597 7208
3597 4181
3598 6780
3598 6478
3598 5816
3598 8158
3598 8149
3598 6964
3598 5398
3598 5393
3598 5087
3599 8155
3599 4072
3599 8357
3599 5457
3599 5273
3599 5086
3599 3760
3599 7742
3600 8558
3600 8383
3600 8351
3600 7236
3600 5754
3600 5280
3600 8472
3600 7621
3600 7155
3600 6445
3600 5341
3600 4896
3600 4589
3601 8464
3601 5774
3601 5414
3601 5148
3601 4887
3601 4567
3601 4185
3601 3951
3601 8624
3601 8480
3601 8456
3601 8319
3601 8184
3601 8160
3601 8149
3601 8122
3601 7306
3601 4119
3601 8245
3601 7747
3601 3739
3602 8058
3602 6895
3602 6557
3602 5772
3602 5628
3602 4956
3602 8300
3602 6622
3602 5823
3603 7140
3603 6017
3603 5473
3603 3619
3603 8541
3603 8307
3603 8225
3603 8129
3603 5762
3603 5312
3603 4745
3603 4603
3603 4107
3603 3756
3604 7604
3604 4769
3604 6895
3604 5934
3604 5687
3604 5336
3604 8615
3604 8245
3605 8112
3605 7976
3605 7455
3605 6757
3605 5337
3605 4282
3605 3965
3605 3764
3605 8643
3605 8471
3605 8145
3605 7637
3605 6616
3605 5765
3605 5652
3605 4936
3605 4932
3606 7980
3606 7435
3606 6101
3606 4443
3606 8201
3606 7648
3606 7129
3606 7121
3606 5611
3606 5458
3606 5277
3606 5131
3606 4977
3606 4570
3606 3772
3606 3767
3607 8312
3607 5355
3607 8626
3607 5932
3608 8593
3608 7982
3608 7976
3608 7604
3608 7423
3608 7398
3608 6043
3608 3655
3608 8745
3608 8723
3608 8140
3608 7609
3608 7515
3608 5961
3608 5221
3608 4601
3608 3961
3609 7990
3609 5446
3609 8222
3609 8144
3609 7653
3609 6498
3609 5315
3609 5277
3609 4607
3610 5475
3610 7726
3610 7194
3611 6663
3611 8497
3611 8169
3611 8074
3611 6532
3611 5535
3611 5482
3611 5401
3611 3777
3611 5632
3611 4957
3612 8749
3612 7280
3612 5752
3612 5645
3612 8652
3612 7907
3612 7146
3612 5981
3612 5955
3612 5177
3612 5087
3612 3645
3613 6961
3613 8032
3613 7633
3613 7212
3613 6465
3613 5798
3613 4383
3613 8560
3613 7072
3613 6640
3613 6614
3613 5781
3613 5424
3613 4786
3613 4601
3613 4464
3613 4274
3613 3937
3614 7958
3614 7293
3614 7031
3614 3991
3614 8402
3614 8383
3614 7257
3614 6559
3614 6005
3614 5766
3614 5619
3614 5607
3614 5497
3614 5115
3614 4187
3615 7892
3615 5886
3615 4974
3617 5723
3617 4586
3617 5646
3618 8667
3618 8521
3618 7805
3618 5944
3618 5641
3618 4625
3618 4185
3618 8456
3618 6065
3618 5675
3618 5607
3618 4958
3619 8104
3619 6691
3619 7398
3619 6659
3619 6532
3619 5829
3619 5638
3619 4383
3619 8558
3619 8500
3619 7294
3619 5802
3619 5454
3619 5424
3619 4603
3619 4101
3619 3781
3619 3767
3620 7822
3620 7770
3620 6331
3620 6209
3620 5462
3622 5909
3622 4746
3622 4692
3623 8173
3623 7301
3623 7140
3623 5995
3623 5419
3623 5306
3623 3991
3623 8640
3623 7634
3623 7632
3623 7126
3623 6000
3623 5718
3623 5629
3623 5298
3623 5295
3623 5259
3623 4946
3623 4274
3623 5806
3623 5413
3624 7625
3625 7602
3625 7056
3625 4456
3627 7615
3627 7906
3627 5003
3627 4587
3628 8517
3628 7616
3628 5340
3628 5306
3628 5281
3628 5273
3628 4178
3628 8263
3628 7658
3628 7428
3628 6945
3628 5942
3628 5644
3628 5625
3628 5447
3628 5333
3628 5303
3628 5287
3630 4893
3630 8530
3631 3818
3632 7981
3632 7311
3632 6647
3632 5872
3632 5164
3632 4605
3632 8328
3632 6579
3632 5623
3632 5544
3632 5301
3632 5300
3632 5298
3632 5113
3632 4949
3632 3767
3632 7769
3632 5635
3632 5406
3632 4853
3632 4484
3635 3693
3635 7740
3635 5165
3636 7086
3637 8487
3637 8442
3637 8180
3637 7772
3637 5454
3637 5347
3637 7963
3637 5209
3637 4872
3637 3858
3638 7563
3639 7345
3640 6214
3640 7977
3640 6654
3640 6522
3640 5915
3641 6779
3642 8710
3642 5454
3642 5127
3642 3691
3644 7350
3645 7932
3645 7289
3645 5273
3645 6929
3645 5548
3645 5468
3645 5453
3645 5280
3645 4945
3645 4115
3645 6018
3645 5575
3645 4595
3646 8157
3646 5724
3646 4621
3647 3672
3647 7833
3648 8312
3648 7864
3648 6051
3648 8534
3648 7981
3648 5746
3649 5526
3650 5411
3650 5171
3650 8069
3650 7488
3650 5976
3650 5908
3650 5166
3650 4617
3650 8314
3650 7800
3650 7146
3650 6112
3650 5968
3650 5802
3650 5644
3650 5620
3650 5395
3650 4812
3650 4674
3651 8565
3651 8538
3651 8496
3651 8489
3651 8411
3651 7641
3651 7306
3651 6005
3651 8472
3651 8322
3651 7090
3651 6483
3651 6445
3651 4896
3651 4068
3653 8442
3653 7649
3653 5608
3653 7843
3653 7372
3653 6675
3653 5413
3653 5178
3653 7605
3653 6231
3655 8676
3655 7650
3655 5908
3655 5805
3655 5367
3655 5239
3655 4454
3655 8728
3655 8653
3655 8465
3655 8436
3655 7622
3655 7303
3655 5956
3655 5946
3655 5278
3655 5275
3655 4964
3655 4270
3656 6150
3656 6128
3657 6206
3659 6146
3660 6683
3660 6645
3660 5650
3660 7461
3660 7321
3660 5249
3661 4468
3662 5265
3665 6048
3666 7091
3666 3744
3666 6095
3667 8126
3667 4776
3667 4615
3667 7494
3667 7160
3667 5341
3668 5579
3668 4715
3671 7688
3672 7774
3672 8340
3672 7187
3672 8255
3673 4911
3673 6585
3678 6760
3683 5588
3683 7224
3683 5045
3684 7894
3684 6521
3684 4729
3684 8405
3684 4774
3684 3866
3684 3699
3686 6557
3686 5625
3686 5398
3686 5259
3686 8472
3686 8236
3686 7625
3686 7548
3686 5971
3686 4921
3686 4589
3686 4045
3686 4042
3686 3727
3686 7462
3688 8550
3689 8025
3689 4388
3689 8079
3689 7031
3689 5487
3690 7026
3690 5427
3690 5161
3690 8529
3690 8297
3690 7595
3691 8738
3691 6975
3692 8445
3693 5544
3693 5507
3693 4287
3693 7740
3693 5997
3693 5488
3694 4578
3695 7815
3695 7655
3695 5482
3695 8641
3695 8351
3695 7629
3695 7618
3695 6951
3695 4707
3696 4492
3696 3955
3697 8389
3697 6977
3698 6961
3698 8610
3698 5958
3698 4556
3698 4454
3698 8614
3698 8488
3698 5851
3698 5424
3698 5277
3699 5762
3700 5254
3700 6021
3701 5724
3701 6398
3703 8558
3703 8141
3703 7079
3703 5812
3703 5807
3703 5486
3703 5216
3703 5117
3703 4945
3703 8377
3703 7143
3703 6646
3703 4663
3703 6695
3704 6181
3705 7972
3705 7236
3705 5608
3705 4141
3705 3830
3705 6739
3705 4801
3706 5381
3706 6425
3706 5385
3706 4146
3707 7657
3707 4582
3707 8038
3707 6909
3707 6749
3707 5207
3707 6844
3708 8558
3708 8328
3708 7676
3708 6614
3708 5202
3708 4969
3708 3808
3710 6989
3710 6815
3711 8739
3711 8319
3711 6964
3711 6640
3711 5626
3711 5608
3711 5469
3711 5440
3711 5312
3711 5108
3711 4950
3711 4942
3711 3793
3711 7412
3711 7328
3711 5969
3711 5350
3711 5053
3711 4144
3712 7149
3712 6557
3713 7807
3713 4547
3716 8471
3716 7297
3716 6614
3716 5813
3716 5517
3716 8211
3716 8105
3716 7474
3716 4029
3716 7938
3717 7457
3717 5902
3717 8465
3717 8252
3717 8157
3717 7505
3717 5675
3717 4094
3717 8071
3717 6768
3717 5759
3718 7691
3718 7799
3718 5462
3721 4164
3722 5907
3722 5553
3722 5120
3722 4503
3722 7355
3722 5605
3722 5437
3722 4940
3722 4454
3722 3948
3722 3777
3723 4650
3723 5214
3724 5463
3724 4858
3724 8573
3724 8263
3724 5511
3724 4186
3727 7201
3727 5451
3727 4219
3727 7605
3728 8039
3728 8678
3729 8130
3729 7888
3729 7464
3729 6618
3729 4089
3729 8625
3729 8623
3729 6973
3729 5804
3730 4590
3730 5433
3732 6702
3732 6968
3732 5361
3732 4839
3732 7256
3733 7074
3733 4524
3734 8598
3734 6063
3734 6992
3735 7932
3735 7857
3735 4557
3735 8625
3735 8541
3735 7622
3735 4449
3735 3743
3736 7683
3736 7946
3737 7353
3737 5145
3737 4581
3737 4093
3737 8480
3738 6852
3738 5777
3738 5720
3738 5094
3738 4117
3738 8741
3738 8524
3738 8462
3738 8259
3738 7782
3738 7658
3738 6442
3738 5549
3738 5303
3738 5123
3738 4930
3739 7489
3739 7963
3739 6123
3739 5380
3739 5174
3740 6214
3740 8311
3740 8204
3740 7820
3740 3958
3741 5006
3742 4292
3742 8183
3742 6478
3742 5970
3742 5621
3742 4562
3742 6964
3742 6585
3742 5953
3742 5796
3742 5564
3742 4954
3742 4125
3743 8451
3743 8055
3743 7472
3743 7124
3743 5754
3743 5614
3743 8148
3743 7548
3743 6123
3743 5207
3743 5030
3743 4663
3744 5331
3744 5248
3744 3986
3744 8621
3745 8637
3745 4779
3745 3803
3745 4077
3746 5378
3746 5198
3747 8560
3747 8214
3747 6113
3747 6005
3747 5295
3747 5197
3747 3772
3747 7914
3747 7090
3747 6022
3747 4045
3747 6695
3748 8376
3748 8365
3748 8153
3748 8145
3748 8126
3748 7641
3748 5298
3748 3946
3748 3788
3748 8061
3748 7896
3748 6595
3748 5759
3749 8428
3749 8324
3749 6613
3749 5401
3749 8624
3749 8261
3749 8208
3749 6614
3749 5785
3749 4812
3749 3814
3750 6959
3750 4668
3750 4099
3750 4050
3751 4890
3751 4500
3752 7652
3752 7610
3752 7129
3752 5113
3752 8519
3752 6646
3753 8262
3753 5464
3753 4728
3753 4151
3753 3923
3754 8713
3754 7788
3754 7398
3754 5810
3754 5795
3754 5363
3754 5105
3754 4955
3754 4867
3754 4350
3754 4183
3754 8263
3754 7825
3754 7814
3754 7668
3754 7466
3754 6895
3754 6576
3754 5614
3754 5613
3754 5335
3754 5153
3754 4957
3754 4182
3754 4041
3754 8502
3754 4912
3755 8435
3755 8347
3755 7646
3755 7472
3755 4296
3755 8264
3755 7812
3755 7802
3756 8373
3756 8135
3756 7867
3756 6468
3756 5283
3756 5267
3756 4977
3756 4091
3756 8567
3756 8156
3757 8399
3757 8267
3757 5786
3757 4073
3757 8418
3757 7686
3757 4552
3758 5288
3758 5148
3758 8178
3758 7182
3758 6584
3758 5791
3758 5398
3758 5393
3758 5342
3758 4945
3758 4194
3758 3785
3758 8164
3758 5806
3759 6557
3759 5680
3759 4963
3759 3929
3759 3788
3759 6975
3759 5893
3759 5760
3759 5475
3759 5685
3760 6516
3760 6088
3760 8348
3760 5798
3760 3943
3760 8581
3760 6814
3760 5802
3761 7128
3761 5827
3761 5774
3761 5363
3761 4172
3761 6544
3761 5580
3761 5409
3761 4942
3761 4841
3761 6658
3762 8708
3762 3924
3762 8664
3762 8491
3762 8481
3762 8434
3762 7742
3762 6010
3762 5287
3762 4469
3762 7154
3763 8263
3763 7953
3763 5122
3763 4951
3763 4877
3763 6459
3763 5806
3763 3808
3764 4988
3764 3882
3764 8697
3764 8306
3764 5474
3764 3942
3765 8726
3765 8510
3765 7810
3765 5612
3765 5281
3765 8258
3765 7911
3765 5762
3765 5687
3765 5624
3765 5472
3766 3813
3766 8726
3766 6463
3766 5872
3766 4675
3766 8303
3766 7789
3766 7294
3766 7257
3766 5300
3766 3785
3767 7826
3767 5543
3767 5116
3767 4046
3767 3962
3767 7800
3767 7646
3767 5957
3767 5625
3767 5445
3767 5358
3767 5147
3768 5560
3768 5554
3768 8720
3768 8486
3768 7668
3768 4963
3768 4104
3768 8211
3769 7454
3769 4853
3770 7976
3770 7793
3770 7151
3770 5105
3770 8677
3770 8474
3770 8114
3770 6970
3770 5896
3770 5631
3770 5630
3770 4776
3770 4095
3771 8395
3771 7138
3771 7085
3771 5841
3771 5500
3771 5461
3771 4787
3771 8558
3771 7862
3771 5840
3771 4187
3772 5403
3772 5346
3772 5340
3772 4959
3772 4563
3772 4106
3772 3991
3772 8751
3772 8664
3772 8631
3772 8214
3772 8191
3772 7316
3772 7292
3772 5644
3772 5450
3772 5404
3772 5293
3772 5280
3772 5274
3772 5220
3772 5113
3772 4958
3772 4151
3772 8666
3772 8656
3772 8245
3772 4925
3772 4624
3773 7975
3773 7973
3773 7309
3773 6630
3773 6112
3773 5123
3773 4104
3773 3937
3773 8371
3773 5338
3773 4768
3774 7848
3774 7362
3774 6702
3774 5929
3774 5801
3774 8289
3774 8153
3774 8133
3774 7641
3774 4843
3775 8131
3775 8099
3775 7623
3775 3968
3775 8465
3775 8392
3775 7800
3775 7131
3775 5796
3775 5548
3775 5445
3775 4954
3775 4182
3775 8198
3775 6622
3776 8726
3776 8154
3776 7587
3776 7259
3777 8704
3777 8353
3777 6567
3777 6063
3777 7536
3777 5746
3777 5605
3777 5446
3777 5419
3777 5363
3777 4787
3777 4539
3777 8149
3777 7596
3777 7477
3777 6010
3777 5961
3777 5279
3777 4160
3778 8340
3778 8697
3778 8645
3778 8627
3778 8620
3778 7600
3778 7212
3778 6613
3778 5966
3778 5798
3778 5783
3778 5495
3778 5418
3778 5292
3778 4557
3778 8376
3778 7789
3778 7626
3778 6626
3778 5454
3778 5409
3778 4892
3778 4187
3779 5164
3779 8555
3779 8435
3779 7911
3779 7582
3779 7444
3779 7802
3779 7232
3779 6477
3780 8500
3780 8168
3780 7477
3780 6574
3780 5851
3780 5787
3780 5626
3780 5345
3780 5115
3780 5111
3780 4944
3780 4615
3780 3785
3780 7647
3780 6586
3780 5639
3780 5417
3780 4937
3780 4624
3781 8655
3781 8686
3781 7987
3781 7618
3781 6934
3781 6712
3781 6641
3781 6640
3781 5444
3781 5304
3781 5289
3781 5117
3781 4983
3781 4776
3781 8651
3782 5746
3782 4947
3782 8754
3782 8297
3782 5918
3782 5683
3782 8705
3783 5114
3783 4479
3783 3951
3783 8456
3783 8258
3783 8191
3783 6964
3783 5762
3783 5259
3783 4954
3783 3926
3783 3832
3783 5550
3784 7988
3784 4026
3785 5966
3785 5645
3785 5346
3785 5094
3785 8755
3785 8201
3785 7823
3785 5945
3785 5835
3785 5812
3785 5511
3785 5344
3785 5280
3785 5108
3785 4935
3785 4776
3786 7844
3786 6025
3786 4437
3787 8723
3787 6616
3787 6005
3787 5784
3787 5551
3787 4933
3787 7602
3787 4577
3787 4130
3787 8008
3788 8173
3788 8050
3788 5612
3788 8140
3788 8133
3788 8114
3788 8058
3788 6945
3788 6758
3788 4812
3788 4622
3788 4182
3788 8203
3788 7277
3788 5555
3788 5056
3788 4672
3788 4029
3789 8022
3789 6087
3789 7487
3789 4709
3790 8672
3790 4955
3790 8496
3790 8137
3790 7794
3790 7469
3790 5961
3790 5957
3790 5625
3790 5511
3790 5008
3790 4674
3790 4610
3790 4287
3790 4872
3791 6028
3791 8357
3791 7487
3792 7553
3792 7293
3792 5836
3792 7789
3792 7683
3792 6544
3792 5620
3792 5117
3792 4324
3793 8659
3793 8636
3793 7742
3793 7609
3793 7587
3793 6584
3793 5393
3793 5301
3793 5277
3793 5227
3793 4944
3793 4776
3793 3923
3793 8370
3793 8264
3793 6957
3793 5402
3794 7857
3794 7370
3794 8347
3794 4037
3795 8422
3795 4738
3795 8428
3795 7787
3795 7301
3795 7128
3795 5302
3795 4452
3795 5136
3796 7908
3796 5506
3796 5024
3796 4838
3796 4741
3798 7958
3798 5560
3798 4350
3798 4147
3798 8306
3798 7627
3798 7624
3798 7149
3798 6574
3798 5633
3798 5301
3798 4978
3798 4952
3799 8677
3799 8490
3799 8250
3799 7614
3799 7304
3799 6498
3799 5867
3799 5776
3799 5754
3799 5749
3799 5345
3799 5277
3799 4946
3799 4188
3799 4138
3799 4067
3799 5452
3799 3858
3800 7155
3801 7206
3801 4767
3801 8368
3801 7980
3801 6965
3801 5337
3803 8442
3803 7867
3803 5903
3803 5197
3803 4950
3803 4871
3803 7621
3803 4872
3803 5689
3804 8541
3804 5813
3804 5614
3804 4182
3804 8707
3804 8308
3805 4142
3806 6648
3806 4297
3808 8751
3808 7304
3808 6569
3808 5799
3808 5448
3808 7199
3808 5452
3808 4337
3809 7789
3809 7641
3809 7079
3809 5426
3809 5127
3810 7866
3810 7635
3811 6486
3811 6101
3812 5500
3812 5200
3812 5097
3812 3974
3812 5550
3812 5416
3813 4650
3813 8155
3813 8311
3813 7261
3813 5920
3813 5160
3814 7084
3814 6552
3814 5614
3814 5469
3814 4070
3814 4624
3815 8371
3815 6299
3815 4122
3816 7247
3816 5432
3816 4428
3816 4276
3816 7979
3818 4743
3819 7153
3819 4446
3819 8648
3819 7403
3820 6088
3820 8269
3820 5170
3821 6645
3821 4548
3821 8443
3821 7592
3821 7510
3821 4433
3821 8376
3822 7140
3822 4128
3822 8653
3822 7483
3822 7306
3822 5021
3822 8666
3823 3920
3824 7740
3824 5201
3824 6093
3825 5173
3825 7526
3826 8667
3826 7486
3826 6015
3826 5322
3826 4781
3826 8491
3826 6576
3826 6487
3826 5766
3826 5453
3826 5449
3826 5134
3826 4985
3826 4958
3826 6398
3827 5985
3827 8560
3827 8126
3827 6564
3827 7621
3827 6305
3828 4835
3828 8390
3828 6300
3828 4766
3829 7263
3829 6806
3830 4966
3830 8436
3830 8141
3830 7576
3830 5848
3830 4116
3831 8442
3831 7637
3831 6591
3831 5293
3831 5282
3831 4951
3831 4615
3831 7548
3831 5391
3832 3943
3832 8462
3832 7646
3832 6939
3832 4987
3832 4182
3832 4170
3832 4160
3832 7804
3832 7799
3832 7612
3832 4937
3833 8003
3833 6585
3833 5972
3833 5921
3833 5307
3833 4211
3833 7318
3833 6445
3833 5858
3834 4147
3834 4019
3834 8693
3835 8165
3835 8642
3835 5749
3835 5652
3835 8657
3835 4121
3837 7508
3837 7117
3837 7359
3837 3940
3837 7958
3837 7403
3837 5508
3838 7864
3838 5870
3838 4178
3840 8204
3840 5641
3840 5473
3840 4863
3840 8581
3840 8191
3840 7676
3840 7668
3840 6019
3840 5818
3840 5628
3840 5358
3840 5221
3840 5153
3840 5109
3840 5008
3843 6783
3844 6352
3844 7180
3845 8565
3845 8482
3845 8440
3845 7652
3845 5626
3845 4946
3845 4151
3845 8463
3850 7885
3850 7128
3850 6780
3850 5516
3850 8751
3850 6515
3850 5915
3850 5630
3850 5609
3850 5291
3850 5282
3850 5208
3850 3946
3851 8135
3851 5332
3851 5284
3851 7985
3851 7934
3851 7689
3851 7491
3851 7090
3851 5135
3852 3893
3854 8728
3854 8565
3854 8491
3854 8185
3854 7872
3854 6579
3854 4621
3854 6621
3854 5133
3855 4242
3855 7833
3855 6816
3856 5363
3856 4594
3856 7610
3856 5968
3856 4742
3857 5026
3857 8368
3857 4948
3857 3938
3858 8180
3858 7906
3858 5631
3858 5522
3858 5606
3858 4925
3859 7606
3859 5159
3859 7084
3859 6458
3859 5118
3859 4175
3859 4119
3859 8398
3859 4912
3859 4014
3860 4297
3860 7269
3860 7037
3861 7819
3861 8312
3861 8174
3861 7981
3861 7746
3861 5427
3861 4183
3863 8673
3863 5706
3863 8475
3863 8066
3863 4282
3864 6754
3864 8016
3866 8037
3866 4521
3866 8392
3866 7437
3866 6650
3866 5821
3868 8258
3868 7989
3868 7259
3869 8013
3873 4200
3873 7184
3873 6926
3876 6862
3878 6759
3878 5410
3878 5405
3878 6317
3879 7042
3882 6064
3887 8616
3887 7066
3887 7519
3892 5863
3892 5731
3896 6421
3896 4081
3898 5384
3898 7698
3898 6059
3898 4155
3898 4121
3899 4512
3902 5547
3902 5378
3903 8219
3903 8544
3906 6331
3906 5478
3906 7360
3906 6503
3910 8202
3910 7314
3910 6545
3910 8179
3912 7372
3915 7445
3918 7144
3918 6506
3918 5938
3918 5506
3918 5366
3919 7144
3919 5938
3919 8394
3919 5671
3919 5426
3920 8608
3920 4715
3920 7955
3920 7485
3920 4523
3922 4569
3923 7311
3923 4479
3923 8710
3923 8565
3923 8335
3923 7620
3923 7306
3923 7304
3923 6758
3923 6636
3923 5464
3923 5122
3923 5118
3923 4712
3923 8064
3923 5606
3923 4609
3924 5231
3924 7638
3924 5833
3924 5159
3924 8297
3924 5770
3924 3932
3925 8395
3925 7361
3925 6462
3925 5592
3925 4854
3925 4635
3925 4383
3925 4279
3925 7601
3925 5670
3925 4620
3926 8526
3926 8213
3926 7623
3926 7457
3926 6780
3926 5944
3926 5302
3926 8325
3926 7953
3926 7751
3926 7596
3926 7309
3926 7296
3926 6020
3926 5903
3926 5818
3926 5434
3926 5429
3926 5303
3926 5147
3926 5029
3926 4630
3926 4511
3926 5760
3927 8450
3927 8153
3927 8096
3927 6626
3927 6036
3927 4218
3927 8105
3927 6759
3928 5692
3928 8655
3928 7455
3928 5560
3928 5123
3929 8500
3929 8297
3929 8163
3929 8129
3929 8058
3929 5398
3929 5364
3929 5008
3929 4667
3929 4622
3929 8665
3929 8575
3929 8531
3929 8370
3929 7747
3929 6144
3929 5778
3930 7488
3930 6678
3930 5954
3930 3936
3930 8436
3930 7601
3930 7466
3930 7126
3930 6614
3930 5807
3930 5770
3930 5626
3930 5376
3930 4953
3930 5639
3930 5380
3931 7980
3931 7644
3931 7488
3931 7455
3931 7293
3931 5965
3931 5180
3931 4882
3931 4781
3931 4626
3931 4180
3931 4128
3931 8641
3931 8565
3931 8529
3931 8278
3931 7957
3931 7040
3931 6945
3931 6758
3931 5611
3931 5474
3931 5458
3931 4973
3931 4936
3932 7407
3932 7289
3932 5773
3932 5175
3932 4596
3932 7291
3932 5675
3933 8102
3933 7486
3933 5180
3933 5114
3933 8122
3933 7973
3933 7405
3933 4954
3933 8245
3933 6686
3934 5154
3935 8624
3935 5813
3935 5776
3935 5618
3935 5347
3935 5274
3935 5216
3935 4674
3935 4138
3935 8621
3935 7979
3935 5996
3935 5452
3935 4700
3935 4505
3935 4337
3935 4133
3936 8134
3936 5650
3936 4503
3936 8735
3936 7150
3936 7140
3936 5107
3937 7788
3937 7975
3937 7741
3937 7444
3937 6929
3937 6402
3937 5617
3937 5307
3937 5226
3937 4939
3937 4931
3937 4849
3937 4125
3937 3949
3937 7905
3937 5971
3937 4912
3937 4042
3938 5777
3938 8011
3938 7987
3938 6297
3938 5332
3938 5312
3938 5283
3938 5267
3938 4630
3938 7270
3939 8626
3939 7214
3939 6464
3939 8125
3939 8038
3939 6864
3940 5553
3940 5238
3940 4555
3941 8178
3941 7387
3941 6641
3941 6636
3941 5392
3941 5097
3941 8064
3941 6675
3941 6123
3942 8593
3942 8484
3942 7536
3942 5612
3942 5505
3942 5456
3942 5381
3942 8747
3942 8529
3942 8490
3942 8328
3942 8292
3942 8250
3942 7814
3942 5961
3942 5776
3942 5631
3942 5609
3942 5297
3942 5147
3942 5106
3942 4917
3942 5666
3943 8410
3943 8099
3943 8032
3943 7600
3943 5954
3943 5805
3943 5616
3943 5363
3943 5225
3943 4940
3943 4781
3943 8490
3943 8314
3943 8217
3943 7952
3943 6020
3943 6000
3943 5804
3943 5549
3943 4929
3943 4924
3944 8310
3944 5204
3944 4747
3944 8728
3944 8712
3944 7809
3944 6442
3944 5544
3944 5107
3944 5101
3944 5008
3944 4104
3945 6951
3945 5243
3945 5032
3945 8616
3946 8099
3946 7478
3946 7151
3946 7128
3946 5745
3946 5456
3946 8492
3946 8306
3946 7823
3946 5333
3946 5154
3947 8579
3947 6447
3948 7217
3948 8635
3948 8602
3948 7427
3948 7150
3948 5973
3948 5403
3948 5129
3948 8754
3948 8493
3948 7952
3948 7658
3948 7587
3948 5634
3948 5632
3948 4276
3948 4274
3949 8173
3949 5346
3949 8619
3949 8307
3949 8149
3949 7676
3949 7624
3949 7296
3949 5999
3949 5629
3949 5429
3949 5404
3949 5399
3949 5344
3949 5271
3949 5269
3949 5067
3949 5008
3949 8715
3949 8551
3949 7564
3949 5201
3949 4717
3950 4173
3950 3986
3950 7215
3950 4009
3951 8037
3951 8255
3951 5516
3951 5317
3951 5129
3951 4346
3951 8664
3951 8316
3951 6964
3951 5701
3951 5454
3951 5393
3951 5287
3951 4978
3951 4175
3952 8418
3952 5187
3952 3971
3953 8752
3953 8265
3953 7885
3953 5621
3953 4658
3953 7643
3953 7118
3953 5303
3953 4957
3953 3963
3954 8166
3954 5685
3954 8266
3955 4722
3955 4446
3955 8556
3955 8069
3955 7355
3956 4388
3956 8667
3956 8272
3956 7650
3956 5965
3956 5777
3956 5574
3956 5148
3956 8747
3956 8479
3956 8209
3956 8119
3956 7304
3956 7285
3956 6964
3956 5990
3956 5947
3956 5444
3956 5289
3956 5283
3956 4963
3956 4939
3956 4603
3957 7354
3958 8752
3958 5986
3958 5171
3958 8749
3958 8537
3958 8117
3958 7030
3958 6808
3958 6554
3959 8171
3959 7832
3959 6547
3959 5909
3960 8674
3960 7751
3960 8448
3960 4783
3961 5114
3961 4769
3961 8663
3961 8222
3961 7987
3961 6636
3961 6569
3961 5951
3961 5697
3961 5267
3961 5109
3961 8567
3961 8502
3961 8064
3961 5794
3961 4921
3961 4586
3962 8326
3962 5774
3962 5386
3962 4046
3962 8442
3962 7601
3962 7298
3962 5813
3962 5297
3962 5272
3962 4284
3962 4274
3962 4211
3962 3963
3963 7904
3963 6038
3963 8141
3963 7648
3963 5126
3964 4062
3964 8343
3965 7616
3965 6109
3965 5518
3965 8558
3965 7971
3965 6387
3965 4742
3965 4096
3966 8419
3966 7752
3966 7922
3966 7727
3966 5728
3967 5845
3967 7550
3967 6208
3968 5569
3968 8368
3968 8321
3968 8050
3968 7904
3968 5362
3968 8747
3968 8628
3968 5298
3968 5267
3968 4095
3969 4355
3969 4608
3969 8563
3969 7684
3969 5925
3969 4503
3971 8357
3971 7683
3972 7851
3973 7761
3973 6961
3973 7756
3973 7523
3973 5789
3973 5518
3973 5322
3973 4185
3973 8646
3973 7627
3973 5474
3974 6320
3976 8200
3976 6737
3977 7480
3977 4734
3977 4518
3978 6470
3978 5496
3979 7566
3979 4765
3981 7751
3981 4064
3981 6954
3984 6466
3984 5049
3985 5063
3986 7321
3986 6757
3986 6364
3986 5477
3986 5105
3986 4269
3986 8378
3986 7127
3986 5749
3988 4262
3990 8548
3990 6638
3990 5176
3990 7516
3991 7592
3991 5789
3991 4974
3991 4961
3991 8644
3991 7428
3991 5835
3991 5629
3991 5226
3991 5126
3995 6633
3998 6638
4000 6648
4000 7838
4000 4183
4000 8109
4004 7193
4004 6228
4004 6689
4005 7654
4005 6926
4009 5793
4009 7914
4014 6630
4014 5623
4014 4592
4014 8649
4014 6459
4014 4912
4014 4692
4014 4510
4019 6041
4019 5353
4019 8641
4019 8403
4019 6944
4019 6010
4019 4187
4021 8128
4021 5680
4021 5464
4021 8132
4021 5679
4024 6402
4024 5775
4024 5293
4024 8616
4024 6527
4024 6398
4024 5635
4025 5855
4026 5133
4028 8041
4028 6689
4029 5511
4029 5514
4029 4215
4030 4646
4032 7227
4033 4142
4033 6859
4033 5731
4034 8067
4034 7651
4034 6081
4034 4722
4034 4555
4034 4867
4035 5563
4036 5656
4037 6520
4037 5003
4039 6985
4039 4438
4039 8483
4040 7593
4040 6887
4040 6803
4041 6478
4041 8663
4041 8261
4041 7316
4041 7291
4041 4836
4041 4551
4041 4284
4042 8435
4042 8257
4042 7794
4042 7068
4042 7005
4042 5309
4042 4799
4042 4604
4042 4489
4043 5370
4044 4405
4045 8226
4045 5952
4045 5497
4045 5247
4045 4150
4045 7222
4046 8410
4046 6683
4046 6051
4046 8534
4046 8188
4046 7616
4046 7427
4046 5713
4046 5340
4046 5302
4046 5121
4046 7271
4046 7145
4046 5955
4046 5627
4046 5622
4046 4963
4046 4620
4047 8310
4047 7481
4047 6780
4047 6310
4047 6140
4047 5094
4047 7895
4047 7652
4047 7641
4047 7479
4047 6955
4047 6630
4047 4633
4047 4293
4047 8132
4047 7732
4048 8357
4050 4926
4050 7790
4050 4763
4050 4084
4050 7378
4050 4969
4054 4209
4057 7188
4059 8200
4059 5920
4059 5657
4060 7106
4061 4402
4062 5359
4062 4819
4063 5194
4064 7589
4066 6890
4067 8146
4067 5292
4067 8178
4067 5749
4067 5277
4067 4936
4067 5710
4067 4572
4067 4459
4067 4246
4068 7938
4069 6091
4070 7189
4070 5151
4071 4878
4071 4821
4071 8562
4071 6567
4071 4113
4072 6971
4072 5139
4073 7757
4073 5886
4073 8313
4073 5883
4074 6521
4074 4967
4075 7173
4078 5453
4078 5296
4079 5910
4079 4720
4080 4229
4083 7722
4083 7277
4083 5572
4083 5406
4083 4586
4084 8610
4084 7071
4084 5942
4084 5652
4084 4862
4084 6164
4084 5555
4088 4917
4088 5133
4089 7746
4089 7289
4089 5204
4089 4867
4089 8012
4089 7483
4089 4469
4091 7835
4091 6039
4091 8217
4091 7257
4091 6689
4091 5581
4093 8585
4093 8366
4093 6463
4093 6552
4093 5257
4093 4614
4094 8173
4094 7650
4094 6631
4094 8624
4094 7978
4094 7893
4094 7515
4094 7366
4094 5943
4094 5776
4094 5441
4094 4958
4094 8705
4094 8702
4095 6995
4095 6956
4095 4378
4095 8442
4095 7471
4095 7035
4095 6675
4095 5846
4096 7960
4096 6678
4096 5215
4096 4850
4096 5787
4096 5784
4096 5264
4096 4558
4097 7767
4099 8485
4099 8467
4099 7447
4099 6939
4099 5839
4099 5102
4099 5067
4099 4978
4099 4511
4099 4175
4099 8463
4099 7914
4099 6952
4099 4604
4100 7125
4100 7793
4100 6465
4100 5682
4100 5612
4100 4629
4100 4123
4100 8409
4100 7862
4100 5304
4100 4954
4100 4742
4100 4276
4101 8032
4101 7974
4101 7885
4101 5518
4101 5225
4101 4955
4101 7079
4101 5766
4101 5444
4101 5300
4101 5270
4101 4849
4101 4707
4101 4274
4101 4912
4101 4219
4102 7423
4102 5688
4102 5139
4102 8662
4102 8639
4102 8485
4102 7790
4102 7619
4102 7299
4102 5839
4102 5807
4102 5206
4102 5117
4102 4948
4103 8207
4103 7589
4103 6675
4104 6463
4104 5612
4104 8306
4104 8145
4104 7168
4104 6897
4104 5701
4104 5628
4104 5464
4104 5389
4104 5216
4104 5136
4104 5123
4104 8512
4104 8377
4104 8374
4104 5135
4105 8302
4105 8296
4105 8184
4105 7989
4105 7632
4105 5307
4105 5283
4105 4958
4106 5414
4106 5305
4106 5196
4106 7304
4106 6581
4106 6065
4106 5399
4107 7140
4107 7085
4107 5225
4107 4617
4107 7800
4107 6650
4107 5803
4107 5784
4107 5623
4107 5429
4107 5202
4107 5108
4107 4950
4107 4871
4107 4165
4107 7621
4107 7454
4107 6562
4107 6527
4107 5406
4109 6449
4109 4675
4109 8163
4109 7634
4109 7257
4109 7141
4109 6442
4109 5609
4109 5269
4109 4529
4109 8512
4110 8478
4110 7902
4110 6965
4110 5771
4110 5732
4110 4774
4110 4454
4110 8710
4110 8646
4110 8123
4110 5952
4110 5775
4110 4182
4111 8685
4111 4568
4112 8507
4112 8378
4112 5447
4112 5333
4112 5035
4112 7917
4112 7548
4112 7491
4112 6646
4114 8730
4114 8130
4114 7275
4114 5801
4114 5612
4114 5457
4114 5363
4114 8712
4114 8328
4114 8305
4114 6609
4114 6523
4114 6454
4114 5684
4114 5640
4114 5298
4114 5111
4114 4934
4114 4793
4114 4296
4114 7621
4115 7787
4115 7461
4115 6041
4115 8206
4115 8150
4115 7742
4115 7699
4115 7673
4115 6814
4115 5608
4115 5442
4115 4793
4115 4674
4115 8470
4115 8439
4115 7799
4115 6622
4115 6495
4116 6424
4117 8066
4117 7214
4117 6474
4117 5811
4117 5560
4117 5305
4117 4947
4117 4576
4117 5551
4118 8674
4118 5032
4118 8634
4118 8616
4119 8744
4119 8099
4119 5225
4119 4576
4119 8500
4119 8493
4119 8261
4119 7306
4119 6955
4119 6624
4119 5784
4119 5468
4119 5275
4119 5270
4119 5131
4119 5118
4119 4936
4119 4786
4119 4182
4119 4165
4119 7621
4119 6686
4120 6214
4120 8593
4120 7252
4120 7150
4120 6924
4120 5954
4120 5783
4120 5491
4120 4452
4120 5947
4121 4742
4121 7494
4122 8539
4122 7452
4123 4788
4124 8518
4125 8672
4125 7930
4125 7489
4125 5697
4125 5626
4125 4622
4125 8678
4125 8651
4125 8448
4125 6739
4126 5649
4127 5140
4127 8468
4127 5555
4127 5452
4128 7468
4128 7192
4128 6670
4128 4825
4128 4867
4128 5803
4130 7703
4130 7614
4130 5793
4130 5126
4130 4977
4130 8331
4130 7160
4130 5723
4132 6618
4132 5876
4132 5351
4132 8128
4132 7906
4132 7422
4132 7063
4132 6036
4132 5675
4133 8168
4133 6934
4133 6454
4133 5959
4133 5775
4133 5267
4133 4276
4133 7933
4137 8411
4137 8402
4137 7867
4137 7828
4137 6454
4137 5813
4137 5312
4137 5308
4137 5106
4137 4712
4137 7985
4137 7792
4137 7583
4137 5575
4137 7360
4138 8146
4138 8378
4138 8263
4138 8250
4138 7123
4138 5915
4138 5458
4138 8621
4138 8215
4139 4914
4141 8701
4141 8605
4141 6976
4141 6330
4142 5839
4142 4873
4142 8519
4142 5056
4143 8283
4143 6629
4143 7159
4143 6627
4143 5653
4144 7462
4146 7288
4146 4237
4146 4456
4147 5932
4147 5898
4147 4922
4147 7742
4147 7149
4149 7333
4149 6361
4150 8373
4150 7489
4150 7373
4150 5575
4151 8570
4151 8487
4151 5625
4151 5407
4151 5393
4151 5274
4151 4620
4151 4614
4151 8211
4152 4161
4155 5264
4156 8101
4156 5920
4156 5129
4156 4315
4160 8348
4160 7021
4160 6041
4160 5827
4160 5736
4160 5436
4160 5420
4160 5114
4160 8195
4160 7777
4160 7422
4160 7141
4160 6569
4160 5785
4160 5434
4160 5398
4160 5268
4161 4824
4161 4979
4162 4616
4163 5977
4164 5156
4164 6811
4164 5160
4165 8311
4165 7301
4165 4947
4165 4479
4165 8532
4165 8206
4165 8191
4165 7628
4165 4771
4165 4712
4165 4272
4165 8651
4165 6537
4165 6469
4167 7096
4167 6398
4167 4838
4169 8637
4169 4284
4169 6739
4169 4247
4169 5165
4170 5148
4170 4474
4170 8489
4170 8479
4170 7975
4170 6934
4170 5818
4170 5799
4170 5781
4170 4946
4170 4936
4170 4849
4170 4464
4170 5780
4170 5402
4170 5053
4171 8753
4172 6150
4172 6881
4172 6600
4172 4594
4172 6543
4172 5208
4172 4668
4172 4175
4173 7743
4175 8247
4175 7616
4175 7455
4175 6064
4175 8624
4175 8541
4175 8488
4175 8327
4175 8201
4175 8145
4175 8120
4175 8055
4175 7642
4175 7297
4175 6619
4175 6473
4175 5939
4175 5628
4175 5282
4175 4935
4175 4932
4175 4877
4175 6586
4177 8213
4177 7687
4177 5876
4177 8473
4177 6506
4177 5442
4177 5008
4177 8164
4178 7308
4178 6691
4178 6184
4178 7976
4178 5463
4178 4556
4178 7642
4178 5279
4178 4978
4180 7815
4180 7788
4180 7311
4180 6647
4180 6463
4180 5801
4180 7620
4180 5628
4180 5276
4180 5134
4181 4332
4181 8699
4182 5908
4182 8718
4182 8500
4182 8302
4182 7957
4182 5432
4182 5335
4182 5112
4182 4953
4182 8707
4182 7630
4182 4577
4182 4572
4183 7680
4183 7192
4183 7604
4183 7611
4183 6112
4183 4812
4185 8484
4185 8326
4185 8311
4185 8204
4185 7793
4185 7650
4185 7623
4185 6462
4185 4966
4185 4960
4185 4781
4185 7823
4185 7614
4185 7587
4185 7292
4185 5999
4185 5991
4185 5784
4185 5280
4185 5153
4185 4812
4186 8028
4186 8389
4186 4623
4186 4337
4187 8749
4187 8204
4187 6465
4187 5950
4187 5798
4187 5159
4187 4938
4187 4866
4187 4863
4187 4557
4187 8728
4187 8278
4187 7906
4187 7466
4187 6566
4187 5409
4187 5108
4187 5107
4187 4934
4188 7130
4188 7126
4188 5839
4188 5315
4188 4523
4189 6981
4189 7670
4190 8759
4190 8744
4190 8547
4190 7135
4190 7128
4190 5908
4190 5638
4190 4383
4190 4269
4192 8115
4192 5831
4192 5141
4192 4921
4192 4663
4193 8411
4193 8215
4193 7005
4193 5702
4193 8683
4194 6449
4194 4887
4194 8318
4194 8252
4194 5472
4194 5268
4194 4793
4194 8370
4194 7154
4194 6697
4194 5394
4194 5085
4195 8757
4195 6995
4195 5774
4195 4959
4195 7618
4195 7316
4195 5762
4195 5643
4195 5481
4195 4572
4199 7077
4199 7076
4200 5445
4200 4765
4201 6832
4205 5681
4205 5456
4205 8328
4205 7652
4205 6515
4205 6458
4205 4935
4205 7896
4205 4577
4206 8205
4206 8037
4206 7432
4206 5329
4206 8174
4206 7981
4206 7490
4206 5872
4206 4854
4207 6901
4210 8225
4210 7595
4210 4587
4210 4296
4210 7607
4211 7967
4211 6465
4211 5028
4211 8317
4211 8209
4211 5683
4211 5513
4213 5089
4214 5156
4214 8294
4214 7746
4214 8482
4214 8199
4214 7582
4214 7063
4215 7366
4215 6468
4215 5787
4215 5454
4215 5407
4215 5284
4215 5108
4215 4770
4215 4566
4215 8546
4215 8512
4215 6646
4219 4963
4219 8064
4219 6392
4219 5822
4219 5606
4219 5575
4219 4799
4220 6708
4224 6760
4236 7966
4236 7269
4236 6497
4237 8574
4237 7060
4241 4653
4242 7153
4246 8320
4246 7867
4246 5432
4246 6044
4246 5341
4246 6175
4247 5972
4247 7372
4252 8052
4252 7169
4252 4487
4257 7015
4257 4580
4260 4542
4263 6691
4263 5072
4263 7810
4263 5086
4265 8693
4266 8562
4266 6520
4266 8199
4268 7710
4268 5496
4269 8759
4269 7650
4269 7510
4269 6109
4269 4850
4269 4658
4269 7288
4269 6498
4269 5839
4269 4776
4270 8626
4270 5422
4270 5239
4270 4539
4270 8570
4270 6557
4270 5818
4270 8268
4270 7799
4270 7769
4271 8385
4271 7756
4271 8560
4271 8469
4271 8107
4271 5615
4271 5057
4272 7289
4272 5457
4272 4557
4272 8739
4272 8372
4272 8125
4272 7646
4272 5680
4272 5055
4272 4949
4272 8512
4272 8369
4272 8132
4272 5809
4272 5759
4273 5739
4274 7981
4274 7128
4274 6956
4274 5621
4274 4626
4274 8466
4274 8114
4274 5627
4274 5597
4274 5395
4274 4953
4275 7367
4275 5040
4276 8304
4276 7912
4276 7821
4276 7650
4276 7151
4276 5579
4276 4617
4276 8754
4276 8323
4276 8121
4276 7668
4276 7614
4276 6454
4276 6432
4276 5808
4276 5683
4277 6468
4277 5412
4277 4930
4277 8264
4277 4912
4277 6754
4279 8155
4279 6643
4279 7793
4279 7692
4279 7523
4279 6015
4279 5962
4279 5491
4279 5403
4279 5273
4279 5249
4279 7632
4279 6630
4280 4860
4281 8724
4281 8218
4281 5182
4282 4955
4282 6626
4283 7592
4283 6043
4283 5636
4283 5337
4283 7587
4283 5122
4283 8127
4283 4640
4284 8635
4284 7893
4284 5176
4284 4987
4284 4892
4284 5550
4284 5350
4286 6565
4287 7958
4287 8319
4287 5903
4287 4931
4287 7154
4288 6135
4288 8724
4288 7156
4289 7745
4289 8759
4289 8602
4289 8169
4289 6958
4289 5929
4289 4600
4289 8628
4289 8250
4289 5613
4291 8394
4292 8155
4292 5502
4292 8534
4292 8231
4292 7969
4292 7756
4292 7523
4292 5757
4292 4774
4293 6651
4293 8424
4293 7534
4293 6904
4293 4611
4294 6572
4294 6315
4296 8372
4296 7617
4296 5769
4296 6537
4297 6017
4298 4914
4298 5601
4302 7840
4302 7485
4302 7843
4302 7035
4305 7230
4306 4520
4307 6969
4307 8447
4307 6683
4307 5986
4307 5853
4307 7536
4309 7047
4309 4898
4309 5849
4309 5174
4310 8052
4311 6802
4311 7542
4312 7541
4312 8674
4312 5982
4312 5697
4312 5587
4312 5210
4312 8545
4313 6460
4314 8639
4315 8382
4315 4869
4315 8403
4319 8666
4319 8300
4319 6621
4319 6469
4319 5462
4323 7779
4323 5004
4323 6601
4323 5045
4324 8036
4324 6294
4324 6064
4324 8250
4324 4362
4329 6596
4331 7392
4331 5664
4331 4992
4333 8561
4337 8456
4337 8292
4337 8262
4337 7772
4337 6616
4337 5808
4337 5807
4337 5607
4337 5270
4337 5113
4337 8559
4337 8463
4337 8100
4337 5402
4338 6941
4345 6608
4346 5925
4346 5795
4346 5463
4346 4596
4346 4479
4346 5299
4350 6961
4350 6663
4350 7233
4350 6017
4350 5086
4350 7323
4350 5434
4350 4776
4351 4355
4351 6208
4351 8084
4351 6514
4351 5907
4351 5874
4353 5724
4357 8008
4357 8544
4357 6491
4358 6335
4359 7013
4360 5850
4361 5660
4362 5933
4365 7743
4367 6536
4367 8110
4367 5059
4370 7165
4370 7117
4370 6088
4370 5086
4373 6668
4373 6068
4375 8616
4378 8392
4378 7437
4380 8108
4383 7756
4383 7650
4383 7599
4383 5954
4383 5114
4383 4658
4383 8351
4383 7987
4383 6590
4383 5867
4385 6115
4385 6108
4385 5219
4386 6774
4387 7817
4387 7553
4387 6474
4387 4740
4387 5611
4387 5035
4388 6738
4388 5967
4388 8204
4388 7964
4388 7838
4388 4440
4389 8562
4390 6655
4393 6932
4394 6330
4394 6231
4402 6716
4410 4513
4412 8085
4428 4739
4428 5834
4433 7721
4434 8743
4438 8749
4438 8510
4438 7886
4438 6017
4438 4887
4438 8459
4438 8109
4438 4630
4440 8312
4440 6961
4440 5706
4440 5387
4440 5171
4440 7810
4440 4895
4440 8677
4440 5791
4440 5776
4440 4823
4440 4630
4441 8516
4441 7971
4441 7883
4442 8090
4442 8065
4443 7660
4443 7650
4443 6995
4443 4543
4445 6876
4446 8375
4446 7125
4446 5375
4447 5533
4447 8242
4447 8095
4449 5336
4449 6697
4451 7564
4451 7155
4451 5647
4451 8232
4452 6627
4452 6528
4452 7275
4452 6532
4452 5302
4452 4703
4454 5653
4454 7463
4454 8259
4454 8119
4454 7741
4454 7072
4454 6000
4454 5315
4454 4612
4457 6516
4459 8473
4459 8466
4459 7777
4459 7084
4459 5429
4459 5008
4459 4823
4459 8498
4459 5309
4460 4517
4461 7076
4461 8611
4464 4679
4464 8327
4464 8206
4464 7136
4464 6444
4464 5269
4464 6031
4464 5780
4465 6105
4465 6662
4466 7210
4466 5243
4466 7066
4466 6857
4466 4824
4467 7091
4469 7593
4469 5621
4469 4960
4469 8403
4469 8199
4469 7936
4469 7911
4469 7624
4469 4958
4471 6959
4471 7521
4471 7071
4473 5494
4474 8661
4474 7650
4474 7645
4474 7599
4474 7289
4474 6613
4474 5482
4474 5457
4474 5180
4474 4562
4474 8477
4474 8123
4474 7795
4474 7653
4474 7634
4474 7299
4474 7182
4474 6814
4474 6707
4474 6589
4474 6019
4474 5803
4474 5782
4474 5608
4474 5464
4474 5227
4474 4978
4474 4939
4474 4823
4476 7134
4476 6344
4477 6169
4478 6284
4479 8726
4479 8272
4479 5645
4479 8409
4479 8315
4479 7975
4479 7953
4479 7292
4479 5791
4479 5632
4479 5439
4479 5144
4479 5104
4481 5501
4481 4902
4482 8449
4483 6422
4484 8411
4484 7131
4484 6758
4484 5796
4484 5624
4484 5440
4484 5335
4484 5275
4484 5122
4484 4956
4484 7798
4484 6453
4487 6356
4487 4806
4489 8575
4489 7722
4490 7111
4491 4899
4492 6340
4494 6663
4495 7351
4495 7037
4495 5860
4500 6643
4500 8515
4500 7969
4500 7791
4500 6921
4503 8696
4503 8227
4503 7346
4503 7322
4503 8563
4503 7217
4503 8368
4503 7313
4504 7731
4505 8442
4505 8363
4505 8107
4505 6564
4505 6541
4505 4519
4506 8301
4506 8094
4506 6113
4506 5749
4506 4977
4508 6990
4508 4573
4509 7765
4510 6113
4510 5996
4511 7912
4511 5995
4511 8628
4511 8460
4511 7828
4511 7298
4511 7292
4511 6564
4511 5756
4511 5029
4511 4956
4511 4951
4511 8470
4511 6975
4511 5723
4511 4894
4513 6285
4513 4715
4514 8421
4514 7705
4514 5967
4514 7475
4515 8760
4515 6588
4516 8673
4516 8279
4516 7980
4516 7523
4518 8025
4518 7954
4519 7518
4519 7222
4520 5868
4521 8548
4521 6420
4521 5829
4521 4792
4521 8315
4523 7361
4523 7952
4523 7051
4526 5327
4526 5224
4526 6653
4526 6952
4526 5178
4526 4975
4527 6345
4528 5181
4528 7724
4529 7012
4529 4552
4529 7204
4530 5684
4530 7209
4530 6950
4531 6214
4532 6229
4532 7086
4533 7211
4533 7421
4533 4967
4534 8659
4534 6464
4534 4747
4534 8481
4534 8462
4534 6707
4534 6402
4534 5303
4534 4619
4534 5661
4535 5455
4539 8475
4539 8464
4539 8136
4539 7644
4539 7133
4539 5974
4539 4895
4539 4848
4539 8414
4539 7317
4539 5956
4539 5628
4539 5464
4542 6134
4542 5138
4543 8681
4543 8390
4543 7435
4543 7425
4543 5386
4543 5121
4543 7387
4543 6065
4543 4948
4543 4700
4544 4752
4547 7291
4547 5522
4547 5268
4548 6111
4548 8671
4548 8632
4548 6734
4548 5692
4548 8542
4548 7821
4548 5950
4548 5592
4548 4895
4550 8319
4550 7149
4550 6552
4550 8370
4550 7737
4550 5914
4550 4571
4551 5290
4551 7116
4551 4943
4551 4871
4551 7656
4552 7464
4552 5288
4552 8383
4552 8180
4552 8125
4552 7814
4552 6939
4552 6442
4552 5275
4552 4614
4552 8211
4552 5639
4553 5788
4553 7116
4553 5834
4553 7454
4554 7456
4555 7961
4555 4821
4555 6548
4555 8066
4555 6103
4556 5569
4556 5592
4556 4787
4556 5104
4557 8484
4557 8159
4557 7962
4557 8631
4557 8262
4557 8142
4557 7124
4557 7068
4557 6468
4557 5943
4557 5772
4557 5449
4558 8320
4558 7485
4558 6701
4558 5945
4558 5749
4558 5283
4558 6022
4558 5369
4559 8590
4559 7200
4560 7505
4560 5236
4560 4836
4561 8651
4561 7917
4561 6686
4561 5478
4561 4872
4561 7986
4562 8717
4562 8447
4562 7125
4562 5329
4562 5052
4562 7644
4562 7026
4562 5948
4562 5920
4562 5805
4562 5645
4562 4940
4563 8484
4563 7553
4563 4597
4563 8491
4563 8128
4563 6630
4563 6569
4563 5964
4563 5035
4563 4987
4563 4983
4563 4791
4564 7500
4564 8525
4564 7551
4565 8368
4565 7523
4565 6399
4565 6106
4565 6013
4565 7074
4565 6934
4565 6617
4566 8620
4566 5467
4566 8662
4566 8536
4566 7040
4566 8300
4566 8203
4566 5780
4566 5417
4567 8749
4567 6300
4567 5535
4567 7862
4567 7596
4567 5803
4567 5705
4567 5507
4567 5267
4568 5706
4568 6816
4569 6058
4569 8362
4570 8484
4570 8631
4570 8456
4570 8186
4570 5959
4570 5945
4570 5839
4570 5762
4570 5236
4570 5107
4570 8470
4570 8175
4570 7598
4570 7597
4570 5402
4570 5141
4571 8149
4571 4587
4571 5676
4572 5839
4572 5332
4572 6952
4572 5710
4574 7511
4576 5753
4576 7746
4576 6780
4576 6613
4576 4740
4576 7686
4576 7676
4576 7657
4576 7646
4576 5080
4576 4942
4576 4930
4577 7676
4577 7476
4577 5216
4577 5149
4577 8736
4577 8472
4577 6658
4577 6595
4577 4864
4577 4604
4577 8413
4579 8071
4579 6209
4579 4595
4581 8104
4581 7788
4581 6112
4581 5618
4581 5134
4581 4812
4581 4771
4582 6547
4582 5628
4582 5232
4582 8389
4582 7754
4584 6013
4586 8402
4586 8263
4586 8470
4586 7473
4586 6768
4586 6135
4586 5575
4587 4947
4587 8297
4587 7741
4587 7646
4587 6621
4589 8480
4589 5200
4589 6374
4589 5846
4589 5794
4589 4663
4589 4640
4589 5561
4590 4986
4591 4740
4591 5511
4591 6957
4592 5121
4592 4675
4592 8529
4592 6960
4592 6000
4592 5008
4592 5431
4592 4789
4594 6633
4594 5976
4595 5008
4595 4602
4595 6145
4595 8284
4596 8717
4596 6647
4596 8644
4596 5123
4597 6016
4597 8667
4597 8626
4597 7930
4597 6618
4597 5950
4597 5346
4597 5114
4597 4679
4597 8201
4597 7366
4597 5470
4597 4776
4597 4610
4598 7904
4599 8372
4599 8012
4599 7882
4599 7298
4599 6964
4599 6758
4599 6638
4599 5439
4599 5398
4599 4919
4599 4836
4599 4637
4600 7293
4600 8411
4600 8259
4600 8123
4600 5538
4601 7415
4601 5121
4601 8581
4601 8560
4601 8209
4601 8142
4601 7576
4601 6934
4601 5284
4601 5113
4602 8113
4602 5281
4602 7614
4602 6559
4602 5959
4602 5956
4602 5468
4602 5267
4602 4610
4602 7564
4602 7155
4602 5846
4602 5822
4602 4824
4603 6958
4603 5579
4603 5292
4603 4959
4603 4955
4603 8489
4603 7789
4603 7068
4603 5299
4603 5109
4604 8489
4604 8263
4604 8250
4604 7304
4604 5957
4604 5945
4604 5813
4604 5445
4604 5396
4604 5377
4604 5301
4604 5029
4604 4775
4604 8419
4604 6453
4605 8081
4605 5321
4605 8749
4605 8260
4605 7900
4605 7833
4605 7640
4605 7403
4605 7287
4605 6478
4605 5833
4605 8373
4605 7975
4605 5276
4606 6360
4607 5129
4607 8643
4607 8323
4607 8028
4607 5481
4607 5447
4607 5315
4608 7819
4608 5553
4609 8325
4609 8295
4609 5221
4609 5106
4609 8424
4609 5431
4609 7847
4609 5715
4610 8759
4610 8326
4610 8311
4610 8117
4610 7756
4610 6992
4610 5500
4610 5273
4610 8686
4610 8663
4610 8479
4610 8459
4610 8442
4610 8196
4610 7298
4610 6564
4610 5513
4610 5307
4610 5107
4610 4978
4611 7804
4612 7835
4612 6987
4612 4863
4612 8467
4612 8154
4612 7149
4612 6919
4612 6642
4612 5631
4612 5474
4612 5376
4612 5304
4612 5271
4612 5268
4612 5108
4612 4958
4612 4793
4612 4745
4612 8408
4612 5406
4613 8089
4613 7513
4613 6967
4614 7764
4614 5426
4615 5970
4615 5492
4615 8436
4615 8302
4615 8214
4615 7862
4615 7627
4615 7297
4615 7123
4615 6970
4615 5961
4615 4954
4615 8657
4615 7843
4616 7144
4616 5426
4617 8433
4617 5502
4617 5774
4617 5129
4617 4784
4617 4740
4617 8643
4617 8178
4617 5797
4617 5793
4617 5779
4617 5396
4617 5301
4617 5153
4618 7947
4619 8255
4619 4863
4619 8273
4619 7617
4619 5949
4619 5453
4619 5442
4619 7492
4620 5973
4620 5774
4620 5337
4620 5306
4620 5305
4620 8654
4620 8624
4620 8495
4620 8492
4620 8257
4620 7782
4620 7676
4620 7619
4620 5630
4620 5517
4620 5432
4620 5358
4620 5283
4620 5282
4620 5112
4620 5096
4621 8473
4621 8273
4621 8252
4621 8115
4621 5390
4621 5143
4622 8672
4622 8324
4622 7435
4622 6046
4622 8436
4622 8278
4622 7131
4622 6960
4622 5784
4622 5122
4622 8438
4623 8636
4623 5826
4623 5781
4623 5312
4623 4776
4623 7914
4623 7827
4623 7625
4623 7459
4624 8402
4624 8206
4624 7614
4624 6591
4624 5775
4624 5312
4624 8254
4624 5584
4624 5451
4625 6016
4625 8645
4625 7888
4625 7746
4625 7633
4625 5554
4625 5487
4625 4792
4625 7646
4625 6569
4625 5953
4625 5470
4625 5269
4625 4973
4625 4836
4626 6088
4626 8247
4626 8101
4626 7301
4626 5836
4626 8201
4626 8153
4626 8149
4626 8028
4626 5399
4627 7412
4627 6135
4627 6031
4627 5056
4627 7156
4627 6466
4628 8487
4628 8058
4628 7479
4628 6589
4628 8190
4628 4692
4629 8671
4629 8669
4629 8447
4629 7781
4629 6610
4629 6184
4629 8099
4629 6600
4629 5196
4630 8627
4630 7026
4630 5340
4630 5290
4630 4971
4630 8316
4630 7627
4630 6636
4630 6566
4630 5634
4630 5176
4632 7781
4632 8357
4632 7267
4633 8399
4633 7700
4633 7686
4633 7673
4633 6442
4633 5474
4633 4930
4634 5408
4634 8532
4634 8466
4634 8373
4634 6468
4634 5243
4635 5466
4635 7692
4635 6060
4635 5621
4635 5114
4635 7317
4635 6020
4635 5735
4635 5272
4635 5131
4635 4982
4635 4944
4635 4788
4636 6740
4636 6532
4636 5652
4637 5888
4640 8529
4640 8214
4640 8178
4640 7800
4640 5176
4640 4929
4640 6022
4640 8441
4642 5502
4645 7479
4645 7447
4645 4930
4645 4873
4645 7752
4645 7442
4645 5452
4653 7947
4653 5203
4655 5547
4656 6794
4658 8543
4658 8291
4658 5254
4658 7692
4658 7321
4658 7133
4658 5757
4658 5456
4658 8628
4658 7983
4658 4932
4658 4788
4661 6604
4662 6422
4663 7576
4666 6764
4667 5841
4667 5832
4667 5937
4667 5724
4667 4772
4668 6186
4668 8259
4668 8144
4668 6473
4668 5289
4668 5058
4668 4982
4668 4942
4668 4924
4669 5024
4670 5324
4671 7117
4672 5723
4673 8033
4673 6986
4674 5148
4674 4794
4674 8710
4674 7624
4674 5915
4674 5280
4674 5226
4674 5107
4674 5058
4674 4983
4674 8531
4674 8377
4674 8175
4674 7548
4674 5207
4675 8311
4675 7980
4675 7120
4675 5574
4675 6010
4675 5990
4675 5769
4675 5632
4675 4944
4679 4722
4679 8626
4679 7962
4679 5962
4679 5954
4679 5340
4679 8305
4679 8201
4679 7673
4679 7417
4679 5949
4679 5835
4679 5607
4680 8682
4681 8005
4681 7099
4684 8520
4684 5561
4684 8017
4684 7704
4684 7134
4684 5230
4689 7728
4691 7250
4692 8710
4692 7277
4692 6009
4692 7659
4693 7075
4695 8116
4697 8626
4699 8401
4699 7996
4699 7717
4700 8363
4700 5705
4700 4868
4700 5550
4700 7605
4700 7495
4702 7287
4702 8625
4702 7880
4702 6929
4702 4771
4702 7454
4702 5578
4703 8588
4703 8231
4703 7976
4703 7960
4703 7523
4703 6757
4703 5976
4703 5954
4703 5811
4703 5805
4703 5631
4703 5126
4704 5005
4705 7241
4705 6734
4705 8368
4705 5745
4707 8321
4707 8044
4707 7455
4707 5872
4707 5302
4707 8316
4707 8307
4707 8214
4707 7653
4707 5283
4707 4920
4708 8060
4710 7967
4712 7805
4712 8668
4712 8329
4712 7751
4712 6758
4712 5803
4712 5623
4712 5481
4712 5454
4712 5115
4712 8156
4712 7155
4712 5391
4715 7959
4715 8400
4715 6813
4715 4911
4716 8577
4717 8471
4717 6619
4717 6591
4717 5964
4717 5961
4717 5939
4717 5333
4717 5206
4719 7085
4719 6650
4720 8118
4720 5540
4720 7450
4720 5033
4721 6481
4721 6104
4721 5935
4721 4830
4722 6978
4722 7410
4722 8255
4722 8131
4722 7293
4722 5902
4722 5745
4725 7910
4726 7052
4728 8294
4728 6478
4728 6041
4728 5292
4728 8404
4728 7657
4728 4968
4728 4771
4728 5585
4729 6840
4729 6206
4729 5574
4733 8641
4733 8402
4733 8325
4733 8305
4733 8250
4733 8137
4733 8119
4733 7629
4733 6473
4733 5952
4733 5705
4733 5282
4733 4776
4733 6686
4733 5831
4733 8333
4734 6866
4734 8431
4735 7698
4737 7011
4737 5677
4737 5383
4738 6900
4738 5694
4738 8183
4738 5528
4738 5516
4739 7361
4739 4850
4739 7909
4740 6600
4740 5317
4740 5316
4740 8507
4740 8486
4740 8123
4740 7417
4740 7304
4740 6897
4740 5179
4741 7434
4741 7232
4742 8044
4742 8658
4742 5397
4743 8749
4743 8737
4743 8072
4743 6947
4743 5905
4743 8555
4743 5687
4745 7615
4745 6449
4745 8319
4745 7306
4745 7079
4745 5220
4745 5099
4745 6625
4745 5969
4745 5759
4745 5370
4746 8298
4746 7021
4746 5681
4746 8729
4746 8654
4746 6955
4747 5913
4747 5231
4747 8188
4747 7486
4747 8307
4747 8170
4747 7619
4747 7596
4747 7587
4747 7317
4747 7129
4747 6814
4747 5624
4747 4939
4749 5820
4749 6898
4750 8751
4750 8474
4750 8414
4750 7983
4750 7867
4750 7609
4750 5793
4750 5627
4750 5580
4750 5289
4750 4958
4750 4953
4750 4949
4750 8300
4750 7602
4752 7328
4752 6360
4755 7076
4755 8131
4755 5086
4757 8361
4758 5727
4760 5044
4763 8397
4763 8212
4763 6956
4763 5505
4763 4850
4763 7399
4763 6617
4763 7784
4764 5994
4765 8140
4765 7288
4765 5062
4766 5254
4766 8324
4766 7616
4766 7952
4766 7893
4766 7637
4766 7477
4766 6511
4766 6432
4766 5945
4767 7910
4767 7310
4767 5238
4767 8159
4768 8638
4768 8278
4768 7068
4768 6619
4768 6000
4768 6646
4768 6459
4768 5671
4768 5056
4768 5823
4768 5034
4769 8521
4769 7623
4769 5777
4769 5636
4769 5114
4769 8653
4769 7609
4769 6641
4769 5449
4769 5439
4769 5295
4770 5761
4770 5381
4770 4876
4770 8641
4770 8507
4770 8495
4770 8058
4770 7983
4770 6617
4770 6437
4770 5434
4770 5377
4770 5275
4770 5179
4770 4956
4770 8736
4770 8156
4770 7474
4770 5648
4771 7660
4771 7623
4771 6987
4771 6118
4771 5920
4771 5789
4771 8728
4771 8479
4771 7611
4771 5784
4771 5779
4771 5775
4771 5507
4771 5474
4771 5278
4772 7859
4772 6935
4772 7989
4772 6398
4773 8688
4773 6904
4773 5893
4773 5831
4774 8260
4774 5962
4774 5605
4774 8747
4774 5803
4775 8659
4775 8461
4775 7980
4775 7962
4775 7930
4775 6948
4775 5801
4775 5436
4775 5180
4775 5114
4775 4947
4775 4941
4775 8746
4775 8481
4775 8170
4775 7782
4775 7772
4775 7637
4775 6944
4775 5864
4775 5633
4775 5299
4775 5208
4775 5118
4775 4936
4775 4793
4776 5944
4776 5340
4776 5159
4776 8652
4776 7893
4776 7741
4776 7620
4776 5945
4776 5779
4776 5776
4776 5513
4776 5179
4776 4973
4776 4933
4776 8546
4776 6459
4776 5996
4776 4925
4777 8454
4777 5477
4777 5446
4778 8087
4778 7220
4779 8141
4779 8118
4779 5946
4779 5797
4779 5618
4779 5295
4779 7933
4779 5575
4780 8267
4780 8255
4780 7026
4780 6463
4780 6449
4780 5898
4780 5305
4780 8555
4780 8196
4780 7316
4780 7115
4780 5718
4780 5511
4780 4952
4781 8655
4781 7833
4781 7815
4781 6464
4781 8459
4781 7828
4781 5784
4781 5776
4781 5772
4782 8740
4782 8593
4782 8204
4782 8117
4782 7640
4782 7311
4782 6780
4782 6554
4782 5556
4782 8489
4782 8055
4782 7636
4782 7611
4782 7317
4782 7012
4782 6624
4782 5470
4783 8012
4783 7622
4783 6801
4784 7848
4784 7398
4784 6850
4784 8747
4784 7614
4784 7323
4784 5915
4784 5131
4785 8150
4785 7515
4785 8514
4785 6144
4785 5413
4785 4896
4785 7654
4786 7643
4786 7306
4786 6065
4786 5439
4786 4943
4786 8331
4786 8245
4786 4789
4787 8586
4787 8416
4787 6645
4787 8647
4787 8326
4787 6924
4787 6443
4787 5973
4787 8643
4787 8335
4787 6571
4787 4973
4788 8588
4788 7976
4788 7536
4788 7800
4788 6458
4788 5289
4789 8644
4789 7132
4789 5952
4789 7917
4789 6483
4790 7910
4790 7875
4791 8165
4791 8146
4791 5682
4791 5419
4791 5105
4791 4959
4791 7970
4791 6939
4791 5802
4791 5652
4791 5112
4791 4983
4791 4933
4792 8415
4792 4970
4792 7150
4792 6688
4792 5621
4792 8495
4792 5629
4793 7120
4793 8663
4793 8490
4793 8462
4793 8303
4793 7115
4793 6566
4793 6506
4793 6402
4793 5782
4793 5607
4793 5474
4793 5358
4793 5227
4793 5118
4793 8463
4793 6562
4793 5030
4794 7488
4794 5801
4794 8328
4794 8301
4794 8140
4794 7970
4794 7872
4794 7797
4794 7676
4794 7673
4794 7653
4794 7479
4794 7467
4794 6955
4794 5670
4795 8160
4795 5724
4795 8075
4795 6984
4796 6111
4796 5510
4796 8673
4796 8422
4797 5737
4799 7628
4799 7965
4799 7812
4799 7598
4799 6477
4799 5637
4801 8386
4801 7372
4801 6768
4801 5077
4807 4891
4807 5552
4812 8310
4812 5636
4812 5340
4812 5225
4812 8638
4812 8486
4812 8150
4812 7782
4812 5817
4812 5107
4812 4983
4812 4957
4812 8702
4812 7965
4812 7471
4817 8302
4817 8216
4817 6616
4817 5548
4817 5308
4817 5113
4817 4951
4817 8245
4817 6495
4817 5676
4818 7841
4819 8249
4820 8543
4820 8279
4821 7389
4823 8124
4823 7835
4823 7833
4823 5116
4823 8206
4823 6579
4823 5625
4823 5220
4823 5126
4823 5113
4823 5391
4824 8252
4824 8678
4824 8568
4826 5515
4828 7491
4828 7723
4829 6180
4830 8084
4830 8608
4830 8431
4831 5002
4833 8022
4833 8729
4835 5016
4835 7212
4836 8138
4836 7880
4836 5507
4836 4985
4836 4933
4838 7385
4839 8639
4839 7694
4839 7400
4841 7072
4841 6701
4841 6498
4841 5945
4841 5821
4841 5549
4841 7621
4841 5135
4842 7423
4843 5580
4843 5517
4843 8190
4844 8562
4844 6419
4844 8174
4844 7900
4844 7857
4844 6987
4844 5461
4844 7646
4845 7613
4848 8294
4848 8213
4848 6463
4848 5516
4848 7742
4849 8635
4849 8136
4849 8130
4849 8099
4849 7888
4849 7488
4849 5492
4849 8686
4849 8317
4849 5625
4849 5615
4849 5342
4849 5227
4849 4983
4849 4945
4849 7154
4850 7885
4850 5586
4853 8664
4853 6964
4853 5963
4853 5949
4853 5310
4853 5278
4853 5055
4853 6018
4853 5647
4853 5394
4854 8543
4854 5545
4854 8475
4854 7660
4854 7361
4854 5605
4854 8663
4854 8123
4855 7408
4855 5031
4855 8563
4857 7172
4858 5771
4858 5682
4858 5362
4858 5196
4858 4926
4858 8614
4858 8471
4858 8028
4858 5365
4859 7616
4859 5752
4859 8058
4859 7611
4859 5770
4859 6022
4860 5021
4861 7074
4862 6681
4862 7176
4862 6236
4863 5816
4863 8217
4863 7646
4863 7304
4863 5144
4863 5008
4864 8181
4864 5939
4864 5826
4864 5264
4864 8621
4864 8203
4864 6392
4864 5512
4864 5421
4866 5156
4866 8661
4866 5973
4866 8306
4866 5618
4866 5393
4867 5463
4867 7956
4867 7646
4867 6955
4867 6549
4868 7252
4868 5327
4868 8686
4868 8493
4868 8163
4868 7978
4868 7800
4868 7637
4868 7624
4868 7294
4868 7145
4868 5634
4868 5454
4868 6541
4868 5971
4869 7220
4869 8171
4869 7464
4869 6955
4870 7394
4871 8521
4871 8402
4871 8163
4871 7469
4871 7428
4871 7259
4871 5153
4871 5087
4871 8370
4871 7985
4871 6123
4872 8746
4872 8532
4872 7628
4872 5597
4872 5232
4872 5228
4872 8616
4872 8386
4872 8264
4872 5077
4873 5306
4873 8168
4873 7296
4873 7084
4873 6809
4873 5766
4873 5299
4873 6975
4876 7830
4876 7756
4876 7655
4876 7592
4876 5761
4876 5605
4876 8565
4876 8153
4876 7648
4876 7118
4876 5952
4876 4987
4877 7151
4877 4926
4877 8479
4877 8446
4877 8411
4877 8295
4877 7957
4877 7479
4877 5968
4877 5631
4877 5619
4877 5448
4877 5058
4877 8498
4877 8398
4877 4969
4878 7484
4878 5120
4879 6610
4880 6219
4882 8756
4882 8697
4882 8311
4882 8310
4882 7888
4882 5902
4882 8641
4882 8460
4882 6914
4882 5628
4885 5935
4886 5850
4886 7876
4887 7640
4887 6533
4887 5774
4887 8641
4887 8532
4887 7620
4887 6960
4887 5991
4887 5634
4888 5365
4889 7947
4889 7399
4890 6179
4891 5678
4892 7815
4892 5944
4892 5612
4892 5306
4892 8650
4892 8565
4892 8535
4892 8479
4892 7628
4892 5793
4892 4939
4892 8331
4893 6370
4894 8011
4894 5799
4894 8322
4894 7548
4894 5710
4895 6115
4895 8607
4895 8267
4895 7150
4895 6060
4895 5491
4895 8440
4895 7298
4895 5957
4895 5470
4895 5442
4895 5300
4895 5112
4896 8745
4896 8184
4896 8118
4896 5297
4896 5210
4896 7689
4896 5971
4897 7898
4897 5349
4898 8678
4898 8386
4900 5877
4901 6304
4901 8572
4906 7680
4906 6133
4906 6668
4912 8746
4912 8467
4912 8309
4912 7652
4912 7646
4912 7213
4912 7149
4912 7131
4912 5957
4912 5609
4912 5398
4912 5229
4912 4983
4912 5350
4912 5212
4912 5081
4915 8623
4915 7880
4916 8410
4916 7488
4916 7138
4916 8754
4916 8658
4916 7118
4917 8565
4917 8495
4917 8307
4917 8306
4917 8180
4917 7814
4917 7807
4917 5630
4917 5577
4917 5282
4917 5117
4917 8715
4917 8472
4917 8161
4917 7379
4917 6477
4919 8388
4919 8297
4919 8145
4919 8138
4919 7132
4919 6758
4919 5821
4919 5540
4919 5122
4919 8061
4919 5647
4920 7977
4920 7138
4920 5288
4920 8316
4920 7893
4920 6944
4920 5959
4920 5670
4920 5267
4920 5115
4920 5113
4920 4948
4920 5451
4921 8496
4921 7782
4921 8649
4921 8514
4921 5575
4922 8294
4922 7925
4922 7439
4922 6600
4922 5420
4922 4947
4922 8388
4922 7552
4924 7912
4924 7787
4924 6140
4924 5976
4924 8479
4924 8465
4924 8414
4924 8220
4924 8206
4924 7646
4924 7304
4924 7299
4924 7129
4924 5377
4924 5218
4924 5102
4924 4957
4924 8621
4924 7474
4925 8646
4925 8641
4925 8481
4925 8303
4925 8217
4925 7823
4925 7751
4925 7296
4925 6945
4925 5277
4925 5274
4925 5119
4925 4983
4925 8665
4925 8551
4925 7752
4925 5993
4926 7021
4926 8492
4926 5640
4927 8135
4927 7116
4927 5634
4927 5608
4927 5345
4927 5210
4927 4973
4927 8245
4927 5635
4927 5085
4929 8534
4929 7289
4929 6479
4929 5950
4929 5616
4929 4947
4929 8751
4929 8466
4929 8191
4929 7872
4929 7642
4929 5864
4929 5450
4929 5393
4929 4949
4929 5806
4930 8194
4930 5954
4930 8646
4930 8142
4930 7807
4930 7668
4930 7297
4930 5450
4930 5303
4930 5202
4930 5111
4930 4939
4930 7612
4930 5707
4931 8644
4931 7646
4931 5271
4931 5402
4932 6956
4932 6462
4932 5508
4932 5288
4932 8206
4932 7626
4932 5749
4932 5540
4932 5424
4932 5385
4932 5297
4932 5283
4933 8326
4933 8321
4933 8173
4933 5816
4933 5752
4933 5305
4933 8628
4933 8493
4933 8469
4933 8402
4933 7862
4933 7631
4933 5959
4933 5633
4933 5119
4933 8651
4933 5391
4933 5053
4934 8304
4934 8173
4934 6017
4934 5771
4934 5418
4934 8636
4934 8536
4934 8468
4934 8365
4934 7643
4934 5779
4934 5776
4934 5335
4934 5287
4934 5282
4935 5290
4935 8479
4935 8180
4935 7983
4935 7789
4935 7317
4935 7115
4935 6589
4935 5840
4935 5813
4935 4985
4935 8715
4935 8559
4935 5286
4936 6659
4936 5777
4936 5752
4936 5554
4936 5273
4936 8664
4936 8488
4936 8316
4936 8307
4936 8191
4936 7634
4936 7629
4936 6934
4936 6065
4936 5817
4936 5776
4936 5644
4936 5634
4936 5617
4936 5221
4936 5104
4936 5639
4937 8754
4937 8488
4937 8258
4937 8135
4937 6919
4937 6442
4937 5961
4937 5903
4937 5644
4937 5429
4937 5200
4937 4946
4937 7696
4937 7201
4938 8598
4938 6643
4938 8537
4938 7982
4938 7233
4938 6106
4938 5487
4938 5292
4938 5288
4938 4959
4939 8146
4939 7435
4939 6300
4939 5159
4939 8154
4939 8137
4939 6591
4939 6557
4939 5945
4939 5634
4939 5444
4939 5429
4939 6622
4939 5585
4940 5706
4940 7403
4940 5777
4940 5642
4940 5420
4940 7115
4940 7079
4940 6642
4940 6626
4940 6397
4940 5790
4940 5684
4940 5390
4940 4983
4941 8749
4941 8667
4941 8188
4941 7639
4941 6992
4941 5298
4941 4954
4942 6464
4942 5962
4942 5636
4942 8751
4942 8307
4942 8257
4942 7957
4942 7673
4942 7552
4942 7477
4942 7296
4942 5947
4942 5939
4942 5813
4942 5804
4942 5399
4942 5147
4943 8003
4943 7655
4943 6114
4943 6039
4943 5419
4943 8653
4943 8226
4943 7843
4944 8655
4944 8032
4944 7645
4944 7600
4944 7293
4944 5121
4944 5105
4944 8011
4944 7751
4944 7703
4944 5999
4944 5468
4944 5407
4944 5345
4944 5315
4945 8173
4945 5786
4945 8728
4945 8541
4945 8495
4945 8262
4945 8258
4945 7973
4945 7309
4945 5548
4945 5296
4945 5274
4945 7917
4945 7802
4945 6622
4946 8652
4946 6636
4946 5779
4946 5683
4946 5620
4946 5345
4947 5482
4947 5223
4947 8529
4947 8489
4947 8216
4947 8137
4947 7582
4947 6581
4947 5458
4947 5117
4948 7616
4948 5801
4948 7772
4948 6701
4948 5793
4948 4957
4948 5369
4948 5328
4949 8655
4949 8593
4949 7639
4949 7616
4949 6114
4949 5965
4949 5290
4949 5288
4949 5105
4949 4971
4949 5955
4949 5939
4949 5781
4949 5067
4949 4957
4949 4951
4949 5794
4950 6647
4950 5902
4950 5605
4950 7867
4950 7485
4950 5817
4950 5791
4950 5622
4950 5454
4950 8472
4950 8360
4950 5417
4951 8526
4951 5288
4951 8270
4951 7893
4951 7627
4951 5915
4951 5447
4951 8519
4952 8464
4952 8151
4952 7821
4952 6678
4952 5954
4952 5944
4952 8624
4952 8119
4952 7609
4952 5803
4952 5126
4952 4964
4953 8484
4953 7120
4953 5422
4953 5386
4953 7782
4953 7417
4953 5949
4953 5804
4953 5628
4953 5497
4953 5008
4953 4963
4953 7154
4953 5666
4954 8633
4954 8179
4954 7644
4954 6992
4954 5805
4954 5616
4954 4961
4954 8535
4954 8302
4954 6000
4954 5957
4954 5956
4954 5625
4954 5624
4954 5108
4954 5106
4954 5029
4955 8611
4955 8213
4955 8124
4955 7604
4955 7311
4955 5789
4955 5121
4955 5105
4955 8662
4955 5812
4955 5630
4955 5136
4956 8461
4956 8718
4956 8328
4956 8302
4956 7911
4956 7862
4956 7447
4956 7040
4956 6636
4956 5951
4956 5796
4956 5274
4956 7154
4957 8159
4957 7541
4957 5752
4957 8490
4957 8307
4957 8302
4957 8191
4957 7862
4957 7485
4957 7428
4957 5618
4958 8654
4958 8522
4958 8149
4958 8096
4958 7973
4958 7642
4958 7309
4958 6437
4958 5278
4958 5202
4958 8615
4959 8291
4959 5502
4959 8130
4959 7616
4959 7031
4959 5962
4959 5570
4959 5508
4959 5492
4959 8751
4959 8140
4959 7823
4959 7777
4959 7673
4959 7658
4959 5934
4959 5274
4959 5244
4960 8726
4960 7403
4960 7085
4960 5482
4960 5322
4960 8495
4960 8458
4960 6112
4960 5633
4960 5308
4960 5274
4960 5136
4961 8752
4961 7913
4961 8659
4961 7962
4961 7623
4961 7592
4961 7301
4961 6953
4961 5774
4961 5148
4961 8335
4961 8149
4961 7149
4961 5765
4962 8227
4962 7846
4962 8586
4962 5502
4963 8321
4963 7930
4963 5290
4963 5148
4963 5140
4963 8646
4963 8541
4963 7983
4963 7973
4963 7957
4963 7609
4963 7405
4963 5474
4963 8064
4964 8151
4964 6060
4964 5792
4964 8222
4964 8149
4964 7823
4964 7663
4964 7257
4964 6000
4964 5949
4964 5784
4964 5624
4964 5615
4964 5469
4964 5284
4964 6483
4964 6044
4965 5894
4965 8368
4965 6465
4965 5322
4966 5466
4966 8113
4966 7435
4966 6618
4966 6465
4966 5829
4966 5028
4966 8491
4966 7297
4966 7271
4966 5899
4966 5395
4967 5430
4968 8703
4968 8131
4968 6438
4968 5401
4968 8303
4968 7646
4968 7306
4968 5544
4968 5398
4968 5300
4968 8498
4968 5081
4969 8739
4969 8640
4969 5817
4969 5781
4969 5202
4969 8531
4969 5209
4971 8193
4971 8099
4971 7793
4971 7756
4971 8560
4971 7978
4971 7867
4971 5613
4971 5597
4972 8742
4972 6355
4973 8173
4973 7888
4973 5789
4973 5636
4973 5543
4973 5487
4973 5302
4973 5281
4973 8495
4973 8314
4973 7862
4973 7782
4973 7649
4973 7642
4973 7637
4973 7620
4973 7012
4973 6614
4973 5963
4973 5818
4973 5630
4973 5474
4973 5299
4973 5283
4973 5067
4974 8611
4974 8416
4974 8081
4974 5352
4974 5231
4974 8556
4974 5237
4974 5129
4975 6026
4975 7771
4977 8146
4977 6564
4977 6448
4977 5623
4977 5392
4977 5117
4977 8438
4977 5778
4977 5154
4978 8151
4978 7133
4978 5761
4978 8686
4978 8643
4978 8191
4978 8006
4978 7953
4978 6939
4978 5221
4980 7514
4980 5206
4982 8627
4982 8464
4982 8321
4982 7821
4982 7293
4982 6956
4982 5801
4982 5554
4982 5473
4982 5363
4982 8153
4982 6442
4982 5964
4982 5957
4982 5625
4982 5622
4983 7980
4983 5285
4983 8691
4983 8490
4983 8214
4983 7777
4983 5945
4983 5787
4983 7386
4984 7836
4984 7058
4984 7040
4984 7160
4985 7615
4985 5556
4985 5145
4985 5578
4987 8298
4987 8174
4987 7457
4987 8335
4987 7772
4987 7626
4987 7257
4987 7115
4987 5838
4987 5111
4987 8551
4987 7625
4987 6625
4987 5809
4988 8704
4988 7913
4988 7484
4988 6051
4988 8326
4988 7968
4988 7425
4988 5774
4988 5518
4988 5105
4992 7076
4996 5763
4997 8288
4997 7190
5003 7472
5003 7232
5004 5849
5005 7090
5007 7405
5007 5202
5007 8651
5007 5993
5007 7890
5008 8521
5008 8739
5008 7948
5008 7907
5008 7129
5008 6640
5008 5293
5009 6356
5010 8688
5010 6409
5013 6447
5015 7682
5020 7717
5020 6086
5020 5380
5021 8226
5021 8122
5021 5587
5021 5471
5022 6131
5025 5168
5025 7400
5025 6637
5025 5333
5026 5592
5029 8570
5029 8330
5029 8214
5029 8142
5029 7777
5029 5312
5029 8308
5030 8185
5030 6707
5030 8698
5030 7696
5030 5338
5030 6446
5030 5523
5031 6219
5032 7030
5032 8449
5032 5507
5032 5219
5033 7074
5033 8657
5033 7386
5033 6538
5034 7534
5034 7922
5034 6657
5034 8544
5035 8655
5035 7633
5035 6532
5035 8492
5035 5389
5035 5275
5035 6622
5039 7439
5039 6852
5039 8477
5039 6397
5040 7117
5040 7295
5044 5708
5044 5673
5045 5858
5049 5646
5050 7579
5050 6959
5052 7705
5052 6016
5052 7900
5052 5159
5053 8493
5053 8138
5053 7978
5053 7636
5053 7576
5053 5755
5053 5344
5053 5332
5053 5310
5053 5216
5053 5176
5054 5596
5055 7393
5055 6493
5055 8439
5055 8371
5055 5888
5056 6624
5056 8419
5056 5155
5056 8413
5057 6046
5057 5842
5057 8317
5057 6929
5057 5797
5057 5468
5057 5357
5058 7925
5058 5974
5058 5798
5058 5467
5058 5371
5058 7115
5058 6473
5059 7110
5061 7781
5062 8457
5062 6775
5062 5787
5062 7494
5062 7442
5062 5893
5063 7153
5067 8720
5067 8206
5067 7978
5067 7867
5067 7476
5067 6010
5067 5469
5067 5439
5067 5303
5067 6562
5067 5809
5070 8511
5072 7439
5072 6776
5072 5223
5077 5982
5080 8269
5080 8069
5080 7128
5080 6462
5080 5467
5080 5456
5080 8181
5080 8126
5080 7895
5080 7683
5080 6614
5080 5915
5081 8480
5081 8468
5081 8058
5081 7795
5081 7777
5081 5949
5081 5469
5081 5444
5081 6625
5082 5331
5083 6602
5085 8435
5085 8318
5085 7807
5085 6964
5085 5226
5085 8254
5085 7837
5085 7747
5085 6071
5086 7012
5087 7788
5087 8303
5087 5937
5089 8570
5089 7068
5089 5511
5089 5293
5089 8702
5089 8698
5089 8551
5090 7999
5091 8258
5091 7444
5091 6523
5091 5782
5091 8254
5091 8245
5091 6144
5092 7077
5092 8704
5092 8422
5092 6063
5092 5913
5092 7449
5092 5688
5092 5491
5092 5114
5093 7023
5094 6041
5094 5827
5094 5789
5094 8476
5094 8468
5094 6581
5094 5964
5095 6154
5096 8367
5096 7474
5096 6658
5097 7909
5097 8164
5099 7786
5099 7140
5099 5414
5099 7317
5099 6007
5099 5959
5099 5770
5099 8086
5099 7516
5101 7604
5101 5457
5101 8142
5101 6973
5101 5897
5101 5398
5101 8254
5102 7976
5102 7623
5102 7072
5102 6809
5102 6113
5103 8451
5103 7699
5104 5771
5104 5554
5104 8411
5104 8214
5104 7867
5104 6617
5104 5939
5104 5799
5104 5611
5104 5232
5104 8331
5105 5171
5105 8645
5105 8173
5105 7833
5105 5801
5105 5638
5105 5612
5105 7862
5105 7643
5105 7620
5105 7316
5105 7136
5105 6636
5105 5838
5105 5278
5106 8099
5106 8625
5106 8500
5106 8481
5106 8303
5106 8258
5106 8470
5106 7985
5107 8124
5107 7638
5107 7541
5107 7026
5107 8746
5107 8325
5107 8302
5107 8252
5107 7777
5107 7304
5107 7298
5107 6939
5107 5701
5107 8615
5108 8744
5108 7138
5108 6046
5108 5543
5108 8481
5108 8154
5108 7909
5108 6758
5108 5705
5108 5628
5108 5131
5108 5575
5108 5417
5109 7604
5109 5962
5109 5386
5109 8440
5109 8262
5109 8222
5109 8138
5109 5447
5109 5232
5109 5117
5109 5475
5110 8633
5110 8099
5110 7976
5110 7289
5110 5771
5110 5508
5110 8487
5110 8307
5110 8125
5110 7298
5110 6960
5110 5807
5110 5623
5111 8324
5111 8310
5111 7817
5111 7026
5111 5467
5111 8536
5111 8307
5111 8295
5111 8153
5111 8140
5111 7626
5111 7131
5111 5770
5111 5458
5111 5388
5111 5275
5111 7647
5112 7031
5112 5290
5112 8491
5112 8466
5112 8128
5112 7141
5112 5946
5112 5803
5112 5797
5112 5772
5112 5626
5112 5136
5112 8656
5112 5509
5113 5752
5113 8751
5113 8485
5113 8468
5113 8278
5113 7840
5113 7601
5113 5776
5113 5294
5113 5115
5113 8148
5113 7965
5113 6135
5113 5350
5114 6645
5114 8478
5114 7031
5114 6118
5114 5774
5114 5761
5114 5492
5114 7619
5114 6944
5114 5821
5114 5785
5114 5293
5115 8726
5115 8655
5115 8526
5115 5792
5115 8295
5115 7632
5115 6559
5115 5779
5115 5119
5115 7154
5116 8735
5116 7592
5116 7289
5116 5950
5116 5516
5116 5302
5116 8466
5116 6712
5116 6487
5116 5818
5116 5622
5116 5522
5116 5279
5116 5136
5117 8131
5117 7623
5117 7311
5117 6757
5117 8529
5117 8315
5117 8257
5117 7485
5117 7309
5117 7296
5117 6617
5117 6511
5117 5751
5117 5280
5117 8657
5117 8245
5117 5635
5117 5372
5118 8399
5118 6702
5118 8662
5118 8560
5118 8201
5118 8185
5118 8142
5118 7741
5118 6472
5118 5835
5118 5445
5118 5271
5118 8736
5118 8649
5118 8470
5118 7612
5118 5155
5119 8708
5119 8112
5119 8003
5119 7980
5119 5570
5119 5500
5119 8739
5119 8373
5119 8335
5119 8145
5119 7957
5119 7646
5119 7428
5119 5751
5119 5618
5119 5134
5119 5760
5119 5406
5120 7322
5120 5373
5120 7571
5120 6971
5120 6949
5120 5205
5120 5169
5121 8660
5121 8428
5121 7128
5121 5752
5121 5305
5121 5302
5121 8487
5121 8214
5121 8123
5121 7823
5121 5797
5121 5683
5121 5468
5122 6702
5122 8631
5122 8495
5122 8471
5122 8096
5122 7953
5122 7624
5122 6964
5122 5787
5122 5613
5122 5609
5122 5368
5123 7439
5123 5346
5123 5306
5123 7668
5123 7422
5123 7141
5123 6112
5123 5632
5123 6749
5123 6469
5124 8624
5124 8292
5124 7648
5124 5293
5124 5197
5124 6031
5125 7037
5125 7611
5126 5798
5126 5414
5126 5288
5126 7953
5126 7387
5126 5918
5126 5623
5126 5424
5126 8649
5126 8470
5126 5780
5127 7747
5127 6459
5127 5760
5127 5509
5127 5459
5127 5591
5128 8371
5128 8579
5128 8218
5129 8447
5129 8433
5129 7295
5129 7187
5129 8620
5129 6635
5129 5288
5130 7692
5130 5592
5130 7601
5130 7566
5130 7016
5130 6934
5131 7793
5131 7606
5131 5774
5131 5505
5131 8365
5131 8259
5131 7668
5131 7620
5131 5622
5131 5609
5131 5275
5131 8360
5131 8127
5131 7459
5131 6483
5131 5341
5133 8688
5133 6877
5133 6844
5133 5731
5134 8428
5134 7886
5134 6046
5134 6017
5134 6015
5134 5697
5134 5229
5134 8245
5135 8378
5135 7652
5135 6454
5135 5277
5135 5637
5135 5394
5135 8147
5135 5928
5136 8526
5136 8461
5136 7787
5136 5827
5136 5408
5136 5234
5136 8467
5136 8150
5136 7641
5136 7257
5136 6642
5136 5800
5136 5614
5138 5499
5138 8418
5139 8704
5139 6645
5139 5837
5139 7815
5139 5678
5140 6488
5140 8367
5140 8536
5140 8263
5140 7772
5140 6630
5141 7809
5141 7474
5141 5475
5141 5462
5142 7503
5143 7284
5143 5601
5144 8526
5144 5427
5144 8583
5144 8315
5144 7632
5144 6454
5145 6016
5145 5438
5145 8648
5145 5841
5145 5401
5145 7777
5145 5741
5146 8507
5146 7683
5147 6463
5147 8335
5147 6914
5147 6626
5147 6609
5147 6005
5147 5817
5147 5226
5147 7837
5147 6646
5148 8593
5148 8255
5148 7604
5148 6118
5148 6041
5148 6039
5148 5621
5148 5495
5148 5273
5148 8653
5148 7893
5148 7622
5148 5617
5149 7290
5149 5968
5149 8127
5150 8481
5150 6113
5150 6000
5150 5923
5151 6105
5152 8760
5153 8143
5153 7888
5153 7541
5153 7449
5153 7427
5153 5610
5153 7632
5153 7624
5153 7428
5153 7306
5153 5838
5154 8677
5154 8481
5154 8257
5154 7637
5154 7405
5154 7129
5154 6955
5154 5755
5154 5293
5154 5284
5154 8064
5154 5759
5154 5509
5154 5368
5154 5286
5155 5799
5155 5526
5156 7757
5156 7456
5156 6464
5157 7943
5157 6365
5157 6105
5158 6111
5158 5901
5158 8395
5158 8155
5158 6516
5158 5967
5158 5900
5158 5852
5158 7212
5159 8556
5159 8194
5159 7958
5159 7623
5159 7464
5159 5363
5159 7764
5159 6019
5159 5956
5159 5444
5160 7463
5160 5543
5160 5420
5160 5577
5161 7432
5161 7475
5161 5544
5164 6443
5164 5795
5164 8668
5164 8482
5164 8309
5164 8252
5164 8225
5164 8191
5164 7632
5164 7627
5164 7452
5164 6506
5164 5624
5164 5280
5165 7200
5166 8044
5166 7899
5166 7820
5166 7490
5166 6060
5166 8560
5166 7297
5166 6065
5169 8669
5169 8231
5170 6064
5170 5331
5171 8277
5171 7410
5171 5843
5171 8461
5171 8151
5171 7980
5171 7449
5173 6733
5174 5259
5174 5210
5174 5200
5175 7788
5175 7280
5175 6816
5175 5790
5176 5260
5176 6454
5176 5946
5176 5751
5176 7985
5177 8526
5177 8326
5177 8456
5177 8129
5177 5741
5177 5617
5177 5358
5177 8164
5177 5794
5177 5658
5178 6612
5178 8731
5178 5372
5179 7633
5179 6012
5179 8376
5179 7303
5179 5854
5179 5447
5180 7761
5180 8647
5180 8537
5180 7838
5180 7293
5180 5960
5180 5761
5180 5612
5180 7627
5180 5274
5182 6484
5182 8239
5184 6819
5187 7562
5189 5820
5189 5562
5192 7691
5192 6755
5196 5545
5196 5483
5196 5205
5196 5642
5196 7399
5196 6897
5196 5756
5196 5448
5197 7490
5197 7311
5197 7021
5197 8507
5197 8315
5197 8181
5197 8128
5197 7772
5197 7614
5197 7126
5197 5990
5197 5797
5197 5315
5197 8148
5197 7896
5197 7548
5197 5778
5197 5406
5198 7886
5198 7693
5198 7158
5199 5960
5199 8639
5199 5851
5199 5652
5200 8667
5200 7660
5200 5774
5200 8500
5200 5946
5200 5921
5200 5687
5200 5412
5201 7907
5201 8071
5201 8029
5201 7357
5202 6635
5202 8654
5202 8411
5202 8220
5202 7657
5202 7626
5202 5784
5202 5779
5202 5718
5202 5445
5202 5308
5202 5278
5202 8331
5202 8164
5202 5830
5203 7074
5204 8534
5204 7930
5204 6068
5204 5401
5204 8652
5204 8373
5205 8704
5205 7954
5205 7864
5205 7108
5205 8620
5205 8231
5205 7830
5205 7488
5206 5298
5206 8546
5207 8435
5207 6591
5207 5818
5207 5623
5207 5549
5207 5481
5207 7621
5207 6646
5207 5893
5207 7988
5207 5311
5208 8397
5208 7968
5208 7252
5208 5285
5208 8292
5208 8123
5208 5818
5208 5474
5208 5407
5208 5232
5209 8209
5209 8129
5209 7366
5209 7299
5209 7236
5209 6574
5209 6113
5209 5812
5209 5312
5209 8127
5209 7318
5209 5286
5210 7835
5210 5955
5210 5782
5210 5392
5210 5219
5211 7981
5211 8303
5211 8157
5211 7956
5211 7789
5211 7673
5211 7552
5212 8462
5212 8125
5212 7626
5212 5812
5212 7630
5212 5459
5213 7492
5215 7633
5215 5767
5215 8677
5215 5626
5216 8325
5216 8250
5216 8201
5216 7772
5216 5838
5216 5625
5216 5618
5216 5614
5216 5297
5216 5294
5217 8327
5217 5817
5217 8575
5217 8369
5217 7799
5217 6909
5218 8751
5218 5804
5219 7838
5219 7786
5219 7246
5219 7611
5219 5472
5219 5342
5220 8348
5220 8272
5220 7815
5220 6780
5220 8201
5220 7795
5220 7596
5220 7126
5220 6609
5220 5943
5220 5632
5220 5619
5220 5284
5220 5226
5220 5794
5221 8304
5221 7968
5221 7623
5221 5954
5221 8456
5221 8278
5221 8222
5221 8011
5221 7823
5221 7626
5221 7146
5221 6571
5221 5864
5221 5776
5221 8408
5221 7548
5222 5543
5222 5306
5222 8468
5222 8335
5222 7629
5222 6625
5223 6985
5223 6733
5223 8735
5223 8294
5224 8547
5224 7830
5224 8640
5225 6051
5225 5913
5225 8397
5225 5789
5225 5473
5225 8723
5225 8640
5225 8491
5225 8373
5225 8351
5225 6758
5225 5957
5225 5389
5225 5308
5225 5303
5226 8302
5226 7699
5226 7628
5226 7317
5226 6000
5226 5299
5226 7379
5226 5350
5227 8213
5227 6463
5227 5792
5227 5346
5227 8664
5227 8206
5227 8138
5227 7751
5227 7141
5227 6944
5227 6707
5227 6019
5227 8148
5228 6046
5228 5610
5228 5945
5229 8113
5229 5419
5229 8558
5229 8323
5229 8314
5229 8262
5229 8257
5229 8058
5229 7983
5229 6559
5229 5803
5229 5497
5229 5299
5229 7647
5229 7386
5229 5648
5231 8183
5232 8328
5232 7795
5232 7296
5232 6579
5232 8175
5232 5794
5232 5635
5232 5417
5233 8662
5233 7790
5233 7118
5233 8308
5233 7005
5233 5778
5233 5509
5234 8368
5234 8069
5234 5798
5234 5642
5234 8486
5234 7417
5234 6944
5234 6571
5234 5915
5236 6114
5236 8135
5236 5991
5236 5687
5236 8615
5237 8673
5237 7484
5237 5254
5237 7623
5237 5962
5237 5401
5237 5371
5237 5947
5238 5483
5238 6118
5239 8151
5239 5810
5239 5340
5239 8652
5239 8297
5239 6951
5240 7716
5240 6439
5240 5568
5242 7192
5243 6375
5244 8537
5244 5260
5244 8487
5244 8459
5244 8329
5244 8309
5244 8258
5244 8217
5244 6641
5244 5800
5244 5350
5245 6186
5245 5942
5245 8656
5245 6806
5247 5683
5248 8639
5248 6710
5249 6763
5249 8654
5249 8581
5249 8153
5249 7323
5249 6590
5249 5754
5249 5623
5249 5278
5250 6548
5250 6019
5252 7896
5252 6859
5254 7359
5254 8255
5254 8213
5254 8143
5254 5554
5255 6927
5255 6419
5255 6115
5255 8749
5255 7645
5255 7287
5255 6953
5255 6659
5255 5638
5257 5436
5257 7384
5257 6973
5257 6365
5259 5641
5259 5972
5259 5848
5259 5626
5259 5342
5259 5849
5260 7826
5260 7674
5260 5800
5261 8152
5261 8398
5261 6009
5262 7456
5264 5787
5265 8397
5265 8193
5265 6678
5265 8363
5265 5796
5265 5793
5265 8156
5266 5773
5266 5353
5266 8725
5266 6611
5267 7756
5267 8664
5267 7316
5267 6112
5267 5683
5268 8332
5268 7930
5268 7746
5268 5281
5268 8012
5268 7777
5268 7452
5268 5943
5268 8370
5269 7455
5269 7151
5269 5872
5269 5841
5269 5746
5269 8728
5269 8465
5269 8259
5269 8217
5269 7983
5269 7648
5269 6712
5269 6442
5269 5804
5269 5549
5269 5297
5269 5287
5269 7647
5270 7085
5270 5811
5270 5419
5270 8653
5270 8487
5270 8328
5270 8306
5270 8119
5270 7485
5270 7296
5270 7129
5270 6432
5270 6000
5270 5964
5270 5464
5270 5458
5270 5299
5270 5298
5270 8546
5270 8498
5270 8377
5270 8029
5271 8659
5271 5816
5271 8536
5271 8458
5271 8379
5271 8154
5271 6437
5271 5765
5271 5404
5271 5393
5271 8512
5271 7474
5272 7361
5272 7311
5272 5505
5272 8636
5272 7703
5272 6641
5272 5396
5272 5395
5272 7155
5273 7410
5273 6961
5273 5913
5273 7650
5273 7403
5273 5508
5273 5495
5273 5436
5273 8297
5273 8178
5273 8096
5273 7609
5273 5864
5274 8131
5274 7815
5274 7638
5274 7301
5274 7293
5274 5841
5274 5645
5274 8495
5274 7126
5274 5687
5274 5633
5274 5390
5274 5301
5275 8311
5275 8723
5275 8302
5275 7862
5275 7213
5275 7079
5275 5817
5275 5424
5275 8531
5275 8472
5276 8620
5276 7289
5276 5621
5276 5543
5276 8435
5276 8303
5276 8292
5276 7634
5276 7632
5276 6036
5276 5949
5276 5946
5276 5813
5276 5389
5276 7647
5276 7474
5277 5281
5277 8507
5277 7663
5277 7636
5277 7618
5277 5945
5277 5796
5277 5631
5277 5434
5277 5335
5278 8497
5278 8311
5278 8101
5278 8079
5278 7604
5278 7600
5278 7599
5278 7120
5278 5367
5278 8535
5278 8296
5278 5607
5278 5468
5278 5282
5279 8267
5279 8179
5279 5767
5279 8560
5279 8485
5279 7663
5279 7629
5279 7601
5279 5826
5279 5615
5279 5486
5279 5395
5279 5294
5280 8428
5280 8124
5280 7021
5280 6478
5280 5786
5280 8476
5280 7975
5280 7552
5280 7012
5280 6919
5280 6437
5280 5804
5280 5797
5280 5301
5280 7963
5281 8659
5281 8647
5281 8255
5281 6443
5281 5832
5281 5436
5281 8641
5281 8467
5281 7646
5281 7257
5281 6630
5281 6614
5281 5859
5281 5808
5281 5609
5281 5549
5281 5474
5281 5464
5282 8517
5282 5492
5282 5457
5282 8650
5282 7676
5282 7479
5282 5640
5282 5619
5282 5450
5282 5335
5282 8300
5282 5893
5283 8124
5283 7960
5283 7541
5283 5954
5283 8456
5283 7653
5283 5826
5283 5776
5283 5396
5283 5509
5283 5369
5284 7912
5284 7140
5284 6678
5284 5292
5284 8747
5284 8383
5284 8181
5284 7828
5284 7823
5284 7614
5284 6641
5284 6640
5284 6589
5284 6113
5284 5812
5284 5315
5284 6562
5285 7616
5285 6618
5285 5621
5285 5457
5285 8536
5285 8471
5285 8142
5285 7012
5285 6574
5285 5864
5285 5444
5286 8120
5286 8029
5286 6360
5287 7638
5287 6064
5287 8710
5287 8409
5287 8404
5287 7800
5287 7642
5287 7632
5287 7631
5287 7257
5287 6895
5287 5769
5287 5304
5288 8478
5288 7888
5288 5798
5288 5492
5288 8487
5288 8483
5288 7893
5288 7794
5288 7777
5288 7469
5288 7257
5288 6895
5288 5955
5288 5779
5288 5310
5289 8620
5289 8475
5289 8324
5289 8069
5289 7553
5289 5902
5289 5518
5289 8663
5289 8636
5289 8319
5289 8170
5289 5802
5290 8735
5290 8324
5290 7930
5290 7128
5290 6647
5290 5944
5290 5757
5290 8653
5290 8485
5290 8481
5290 8480
5290 8191
5290 8109
5290 7782
5290 7668
5290 7068
5290 6493
5290 5934
5290 5796
5290 5769
5291 7953
5291 7610
5291 7058
5292 7308
5292 8647
5292 8310
5292 7967
5292 7026
5292 6763
5292 6114
5292 5973
5292 5920
5292 8480
5292 8465
5292 8323
5292 8257
5292 8012
5292 7823
5292 6511
5292 5812
5292 5634
5292 5611
5292 5439
5293 8326
5293 7085
5293 8652
5293 8126
5293 8120
5293 7646
5293 7614
5293 5956
5293 5807
5293 5301
5293 8408
5293 8331
5293 7154
5293 6445
5294 8655
5294 8461
5294 5337
5294 7973
5294 7622
5294 6442
5294 6010
5294 5939
5294 5449
5295 8385
5295 8050
5295 6956
5295 8307
5295 8257
5295 7800
5295 6584
5295 5956
5295 5470
5295 8061
5296 7788
5296 5816
5296 7777
5296 7742
5296 5937
5296 7492
5296 5922
5297 7930
5297 5492
5297 8309
5297 8217
5297 8163
5297 7909
5297 7469
5297 7316
5297 5447
5297 8512
5297 7621
5297 5391
5298 7321
5298 6948
5298 5795
5298 5761
5298 8677
5298 8487
5298 8201
5298 8186
5298 8181
5298 8126
5298 6630
5298 5652
5298 5586
5298 5450
5298 5395
5299 8204
5299 8032
5299 7604
5299 5841
5299 5792
5299 5446
5299 8481
5299 8309
5299 8225
5299 8135
5299 7634
5299 7629
5299 7182
5299 6000
5299 5785
5300 7606
5300 7398
5300 6702
5300 5954
5300 5836
5300 5777
5300 5305
5300 8493
5300 8485
5300 8314
5300 8138
5300 7807
5300 5551
5300 5517
5300 7917
5300 7548
5300 7270
5301 7746
5301 7604
5301 7600
5301 7311
5301 5798
5301 5437
5301 8214
5301 8154
5301 8135
5301 7975
5301 7795
5301 6964
5301 6581
5301 6010
5301 5439
5301 8254
5301 7769
5302 8104
5302 6961
5302 6532
5302 5492
5302 8560
5302 8500
5302 8133
5302 7466
5302 6113
5302 5632
5303 7488
5303 7311
5303 5403
5303 8739
5303 6591
5303 6576
5303 5812
5303 5800
5303 5614
5303 5345
5304 8627
5304 7692
5304 7606
5304 5792
5304 5401
5304 8555
5304 8535
5304 8490
5304 8473
5304 7627
5304 7309
5304 5797
5304 5754
5304 5469
5305 8464
5305 6948
5305 5944
5305 5560
5305 8636
5305 7973
5305 7317
5305 5615
5306 6488
5306 8151
5306 7885
5306 7430
5306 5950
5306 5761
5306 5337
5306 8646
5306 8462
5306 8351
5306 8319
5306 8295
5306 8126
5306 7794
5306 6468
5306 5751
5306 5609
5307 8756
5307 7120
5307 5829
5307 5616
5307 5610
5307 7973
5307 7828
5307 6574
5307 5626
5307 5459
5308 7793
5308 7787
5308 8462
5308 6624
5308 5934
5308 5412
5308 5404
5309 8650
5309 7628
5309 8705
5309 8308
5309 7798
5309 5830
5309 7495
5310 8708
5310 8124
5310 7640
5310 5872
5310 5612
5310 8480
5310 7298
5310 6650
5310 6493
5310 5697
5310 5675
5310 5626
5310 7769
5310 7454
5311 6562
5311 5993
5311 5575
5311 5400
5312 7301
5312 8493
5312 8486
5312 8414
5312 7800
5312 7653
5312 7323
5312 6712
5312 5796
5312 5586
5313 6025
5315 8390
5315 8173
5315 8169
5315 7805
5315 5827
5315 8668
5315 8500
5315 8489
5315 7609
5315 7292
5316 8069
5316 6464
5316 5333
5317 7877
5317 8517
5317 8348
5317 8324
5317 7639
5317 6659
5317 5792
5317 6636
5317 5607
5317 5395
5318 8523
5321 7998
5321 5841
5322 8586
5322 8205
5322 5386
5322 7116
5322 6944
5324 6460
5324 8286
5326 5432
5326 8502
5327 7650
5327 5508
5327 8754
5327 7891
5327 7618
5327 6448
5327 5808
5327 5447
5328 5807
5328 6695
5329 6965
5331 7745
5331 6352
5332 8754
5332 8636
5332 8558
5332 8486
5332 7668
5332 5486
5333 8257
5333 6681
5333 5915
5333 7380
5333 5452
5334 7786
5334 6951
5335 8151
5335 7311
5335 5908
5335 5605
5335 8222
5335 8141
5335 7628
5335 5918
5335 5548
5335 5342
5336 6068
5336 8404
5336 6086
5337 8704
5337 8291
5337 7864
5337 8648
5337 8620
5337 8183
5337 7888
5337 5973
5337 5836
5337 7627
5338 8435
5338 7452
5338 6566
5338 7747
5338 5676
5339 7816
5339 7252
5339 6956
5339 6673
5339 8474
5339 6654
5340 8112
5340 8050
5340 7969
5340 5908
5340 5923
5340 5607
5340 5540
5341 8453
5341 8302
5341 8299
5341 8295
5341 7957
5341 6945
5341 5617
5341 8736
5341 5740
5342 8113
5342 7632
5342 7628
5342 6487
5342 5821
5342 5647
5344 8385
5344 8745
5344 8646
5344 8141
5344 8121
5344 7271
5344 6571
5344 5945
5344 7792
5344 5509
5345 8304
5345 8272
5345 8179
5345 7888
5345 7150
5345 5944
5345 5612
5345 5408
5345 5401
5345 8646
5345 8581
5345 8459
5345 8329
5345 8138
5345 8118
5345 6814
5345 5826
5345 5608
5345 5454
5345 5459
5346 8626
5346 7958
5346 5974
5346 5944
5346 5495
5346 5473
5346 5436
5346 8492
5346 8486
5346 8295
5346 8263
5346 7978
5346 7129
5347 8257
5347 7323
5347 5623
5347 7798
5347 7378
5347 6459
5348 5909
5349 6926
5349 6717
5350 8638
5350 8270
5350 7294
5350 7257
5350 6448
5350 8236
5350 7090
5350 6123
5351 8260
5351 5367
5351 5353
5352 7592
5352 6064
5353 6811
5353 6463
5353 8746
5353 7182
5353 6960
5355 6969
5355 6627
5355 8648
5355 7888
5355 6924
5355 6474
5355 5958
5356 8245
5356 7917
5356 6628
5356 5794
5357 8583
5357 7069
5358 8625
5358 5838
5358 5804
5358 8439
5358 5780
5359 7556
5360 6615
5360 7460
5361 7119
5361 6352
5361 6957
5362 6403
5362 7510
5362 6399
5363 8497
5363 8390
5363 7293
5363 6965
5363 6948
5363 6647
5363 5798
5363 5610
5363 5381
5363 8728
5363 8691
5363 7668
5363 7303
5363 7040
5364 5500
5364 8489
5364 7298
5364 6758
5364 6065
5364 5821
5364 7621
5364 6135
5365 8573
5366 7353
5366 8623
5366 8541
5366 8158
5366 7452
5366 5412
5366 8254
5366 7492
5367 6016
5367 6427
5367 5574
5367 8055
5368 8496
5368 8328
5368 6576
5368 5957
5368 5812
5368 5618
5368 8175
5369 8453
5369 8214
5369 7648
5369 7297
5369 5830
5370 6324
5370 6899
5371 6627
5371 5975
5371 8464
5371 8267
5371 5612
5371 6955
5371 5764
5372 8489
5372 7614
5372 5718
5373 7724
5373 8447
5373 5694
5374 6962
5374 8669
5374 5900
5375 8673
5375 7359
5375 7295
5375 7187
5375 6326
5376 5842
5376 8466
5376 8135
5376 7469
5376 5507
5376 5424
5377 8496
5377 7148
5377 5942
5377 5923
5377 5670
5379 8583
5379 6689
5379 6375
5380 8678
5380 5462
5381 8143
5381 7830
5381 5960
5381 5767
5381 8754
5381 8457
5381 8411
5381 6654
5381 5623
5381 5440
5382 7998
5382 7877
5382 7982
5382 7746
5382 5836
5382 5436
5382 8739
5382 6552
5382 5625
5384 8509
5384 7121
5384 5674
5385 8610
5385 8321
5385 7488
5385 5477
5385 6981
5385 5586
5385 5429
5385 8127
5386 8478
5386 6659
5386 5616
5386 8754
5386 8495
5386 8328
5386 7649
5386 7629
5386 7627
5386 7145
5386 6944
5386 5800
5386 5619
5386 5497
5387 8669
5387 7484
5387 5925
5388 8641
5388 8479
5388 8365
5388 6641
5388 5476
5388 5395
5388 8750
5388 8707
5388 7474
5389 8267
5389 8194
5389 7168
5389 7146
5389 6000
5389 5680
5389 5404
5389 8268
5390 7833
5390 7805
5390 6449
5390 6015
5390 5948
5390 5832
5390 8325
5390 8163
5390 8129
5390 7814
5390 7084
5390 8245
5390 5606
5391 5955
5391 5949
5391 5735
5391 5624
5391 5445
5391 6595
5391 6031
5391 5809
5391 5475
5392 6104
5392 8141
5392 8118
5392 7531
5392 7103
5392 6951
5392 5762
5392 5432
5392 8731
5392 8605
5392 5550
5393 8311
5393 7622
5393 8132
5393 6686
5393 5606
5394 8668
5394 8532
5394 8154
5394 6919
5394 8649
5394 7155
5395 8607
5395 8526
5395 8183
5395 7821
5395 7425
5395 7120
5395 6568
5395 6300
5395 5554
5395 8409
5395 7653
5395 5959
5395 5631
5395 5624
5395 5608
5396 8464
5396 8162
5396 7311
5396 6532
5396 7476
5396 7084
5396 5764
5396 5511
5397 7848
5397 7362
5397 8621
5397 7934
5398 7930
5398 7640
5398 5789
5398 5641
5398 8539
5398 8486
5398 8467
5398 8297
5398 7893
5398 7652
5398 7309
5398 7257
5398 7136
5398 6574
5398 6442
5398 5934
5398 5472
5398 8274
5398 5780
5399 8162
5399 8069
5399 7925
5399 7523
5399 7362
5399 8488
5399 8327
5399 8250
5399 7789
5399 6574
5399 5627
5400 8411
5400 7636
5400 8514
5400 8198
5400 8061
5400 7723
5400 7605
5400 7262
5401 5559
5401 6987
5401 6046
5401 5500
5401 8319
5401 7115
5401 6552
5401 5632
5402 8480
5402 7814
5402 7619
5402 6000
5402 5943
5402 5497
5402 8733
5402 6950
5402 7890
5403 8730
5403 8247
5403 7439
5403 7403
5403 7151
5403 7120
5403 7021
5403 5795
5403 5771
5403 5612
5403 7299
5403 6591
5403 5949
5403 5817
5403 5620
5404 7301
5404 5944
5404 8751
5404 8644
5404 8524
5404 8261
5404 8178
5404 7794
5404 7673
5404 6552
5404 6112
5404 5772
5404 5754
5404 6562
5404 5806
5405 7630
5406 7893
5406 7292
5406 6966
5406 6809
5406 5949
5406 5622
5406 5486
5406 7678
5407 7128
5407 6041
5407 5908
5407 8557
5407 8496
5407 8028
5407 7978
5407 7741
5407 7624
5407 7617
5407 7297
5408 8717
5408 8205
5408 8101
5408 7140
5408 7026
5408 6631
5408 5872
5408 5798
5408 8490
5408 6581
5409 8517
5409 8668
5409 8500
5409 7309
5409 7303
5409 7294
5409 5915
5409 5807
5410 6909
5411 6150
5411 6850
5412 7289
5412 6635
5412 6631
5412 8529
5412 8196
5412 7911
5412 5607
5412 5522
5412 5439
5412 7454
5413 8745
5413 7366
5413 7294
5413 6112
5413 5956
5413 8552
5413 7843
5413 6022
5413 6231
5414 5457
5414 7867
5414 6960
5414 5607
5414 5513
5415 6312
5416 8666
5416 6398
5416 5443
5417 8668
5417 8262
5417 7652
5417 7629
5417 7476
5417 5807
5417 5609
5417 8575
5417 6622
5417 5893
5418 8279
5418 8492
5418 6712
5418 5957
5419 7835
5419 7639
5419 7616
5419 6015
5419 5746
5419 8691
5419 8149
5419 6929
5419 5991
5419 5949
5420 8585
5420 5898
5420 5656
5420 7451
5420 6324
5420 6134
5421 8411
5421 6744
5421 5731
5422 8744
5422 7282
5422 5616
5422 7983
5422 7126
5422 6626
5422 5770
5424 6958
5424 8491
5424 7978
5424 7642
5424 7629
5424 7628
5424 5807
5424 8300
5426 6914
5426 5764
5426 6301
5426 5671
5427 6115
5427 5706
5427 8003
5427 6568
5427 8459
5427 7620
5427 5442
5429 7423
5429 5602
5429 7751
5429 5782
5429 5754
5429 5751
5429 7143
5429 5452
5431 7777
5431 6624
5431 8512
5431 8242
5431 7804
5432 6101
5432 5771
5432 8126
5432 7306
5432 7072
5432 5802
5432 5766
5432 5497
5432 5444
5432 7722
5432 6541
5434 8730
5434 8534
5434 8204
5434 5958
5434 5636
5434 5616
5434 7668
5434 7629
5434 7552
5434 7068
5434 5959
5434 5817
5436 7593
5436 7289
5436 5792
5436 5605
5436 8486
5436 8465
5436 8460
5436 5840
5437 6516
5437 8593
5438 6978
5438 8381
5438 8310
5438 7888
5438 7266
5439 8469
5439 8388
5439 8128
5439 7663
5439 5949
5439 5797
5439 7802
5439 6527
5439 5707
5440 5862
5440 8636
5440 7515
5440 6809
5440 5945
5440 5793
5440 6541
5441 7592
5441 6118
5441 8532
5441 8414
5441 7629
5441 5634
5442 8757
5442 8672
5442 8633
5442 8607
5442 7893
5442 6638
5443 5990
5443 6974
5443 8093
5444 8484
5444 8461
5444 7885
5444 7553
5444 8383
5444 6112
5444 5812
5444 8498
5445 6757
5445 8691
5445 6591
5445 6544
5445 6522
5445 6459
5445 5639
5446 5706
5446 7679
5446 6038
5446 5958
5446 5948
5446 5752
5446 7978
5446 7145
5446 6113
5446 5821
5447 7805
5447 7133
5447 8119
5447 7316
5447 7271
5447 7126
5447 7084
5447 6473
5447 5990
5447 8727
5447 5760
5448 7602
5449 8298
5449 5816
5449 5605
5449 8458
5449 8316
5449 8292
5449 8206
5449 7624
5449 6895
5449 5999
5449 5818
5449 8651
5449 7564
5449 5969
5450 8659
5450 8159
5450 7261
5450 6924
5450 5752
5450 8668
5450 8664
5450 8631
5450 8306
5450 7658
5450 7587
5450 6919
5451 7952
5451 5968
5451 5903
5452 8257
5452 7741
5452 7653
5452 6614
5452 5839
5452 5804
5452 7752
5452 7459
5452 5679
5453 8667
5453 8660
5453 8113
5453 8305
5453 8303
5453 7764
5453 6642
5453 6523
5453 5818
5453 8254
5453 6469
5454 8326
5454 8299
5454 8178
5454 7619
5454 7316
5454 7123
5454 6636
5454 6584
5454 5796
5455 8106
5455 8266
5456 8146
5456 7902
5456 7362
5456 5786
5456 5839
5457 5720
5457 5543
5457 7619
5457 6589
5457 5781
5458 5795
5458 5761
5458 8718
5458 8654
5458 8624
5458 8208
5458 6964
5459 8129
5459 7624
5459 5770
5459 8498
5459 5831
5460 6699
5461 8340
5461 5535
5461 7141
5461 5947
5462 8481
5463 5502
5463 5770
5463 5551
5464 5701
5464 8463
5466 7864
5466 8265
5466 8079
5466 7133
5466 5492
5467 7187
5467 6140
5468 6635
5468 8529
5468 8278
5468 7298
5468 5776
5468 5617
5468 6145
5469 5792
5469 8128
5469 7983
5469 7428
5470 8645
5470 8495
5470 8196
5470 7405
5470 7612
5471 7964
5471 6106
5471 8442
5471 7791
5472 8130
5472 7461
5472 6478
5472 8581
5472 7880
5472 6527
5473 8173
5473 7721
5473 5872
5473 5783
5473 5729
5473 7983
5473 7587
5473 5867
5473 5652
5473 5627
5474 8534
5474 7982
5474 7746
5474 7463
5474 7293
5474 6953
5474 6554
5474 8491
5474 8217
5474 8129
5474 8125
5474 5959
5475 8486
5475 8186
5475 8125
5475 7317
5475 6964
5475 5632
5475 6646
5476 8527
5476 8515
5476 6992
5476 8409
5476 5839
5477 7616
5477 7510
5477 7135
5477 6106
5477 7663
5477 7323
5477 5782
5477 5781
5477 5670
5477 5640
5477 5586
5478 7564
5478 7201
5478 5585
5480 8413
5481 7461
5481 6310
5481 8668
5481 8581
5481 8414
5481 8055
5481 5838
5481 5796
5481 5680
5481 8512
5482 8433
5482 8104
5482 7432
5482 6060
5482 5641
5482 5616
5482 8217
5482 7862
5482 5755
5483 8050
5486 8517
5486 8529
5486 8259
5486 7795
5486 5939
5486 8268
5487 6961
5487 5516
5487 8722
5487 8301
5487 7649
5487 7271
5487 6951
5487 6564
5487 5972
5487 5793
5487 5755
5488 6964
5489 6727
5490 8451
5491 8447
5491 7803
5491 7592
5491 7464
5491 6987
5491 5965
5492 8159
5492 7865
5492 7420
5492 6465
5492 6114
5492 8490
5492 8489
5492 8465
5492 8301
5492 8292
5492 7825
5492 7619
5492 5617
5493 8275
5493 8391
5494 6790
5495 7888
5495 6010
5495 5632
5496 7164
5497 8558
5497 8495
5497 8489
5497 8315
5497 8214
5497 7306
5497 6617
5497 6576
5497 5964
5497 7979
5497 7799
5497 5710
5498 7188
5500 7427
5500 7085
5500 6292
5500 5829
5500 5574
5501 8716
5501 6603
5502 8279
5502 7910
5502 5553
5502 8655
5502 8537
5502 7980
5502 7925
5502 7599
5502 7523
5505 8390
5505 8112
5505 7523
5505 5518
5505 8643
5505 8222
5505 5964
5505 5784
5506 7354
5507 5788
5507 8539
5508 7217
5508 7960
5508 7833
5508 7510
5508 6511
5509 8754
5509 8299
5509 8191
5509 8150
5509 7741
5509 6026
5509 8127
5509 5639
5510 5930
5510 5870
5511 8534
5511 7817
5511 7746
5511 6478
5511 8462
5511 8273
5511 7794
5511 7123
5511 5840
5512 5808
5512 7411
5513 8402
5513 8222
5513 7867
5513 5999
5513 8463
5514 8180
5514 6557
5514 5631
5514 8308
5516 6985
5516 8526
5516 8173
5516 7026
5516 8663
5516 8495
5516 8314
5516 6581
5517 7321
5517 8479
5517 8250
5517 7832
5517 6584
5518 7410
5518 6214
5518 6091
5518 8633
5518 8488
5518 8468
5521 6044
5521 7462
5522 8521
5522 7925
5522 7805
5522 8186
5522 8145
5522 8651
5523 8518
5526 8271
5527 7916
5528 6002
5528 8247
5528 7990
5528 7902
5533 8372
5535 8542
5535 8348
5535 5832
5535 5645
5535 8619
5535 7306
5536 7871
5538 7151
5538 7957
5538 6654
5538 5923
5538 5796
5538 5630
5538 5740
5539 6811
5540 8143
5540 7138
5540 6114
5540 5612
5540 7292
5540 6636
5540 5620
5540 5760
5542 8670
5543 8756
5543 8183
5543 7128
5543 6635
5543 5827
5543 8477
5543 7807
5543 7626
5543 6944
5543 5675
5543 5630
5543 5624
5543 5609
5544 6478
5544 8739
5544 7631
5544 5565
5544 6018
5544 5979
5545 8732
5545 8390
5545 6462
5548 7486
5548 6631
5548 8458
5548 8316
5548 8309
5548 8168
5548 7515
5548 7422
5548 7294
5548 5961
5548 8274
5548 6537
5549 7805
5549 8691
5549 8558
5549 7703
5549 7629
5549 5867
5549 7621
5549 7386
5550 8745
5550 6966
5551 6757
5551 6140
5551 8595
5551 8327
5551 7789
5551 7653
5551 8268
5551 8211
5551 7804
5552 8454
5552 6486
5552 7418
5552 7920
5553 7724
5553 5638
5554 8756
5554 7616
5554 7150
5554 6965
5554 6659
5554 8728
5554 8222
5554 5821
5554 5640
5555 6775
5555 8215
5556 8517
5556 8497
5556 7289
5556 6987
5556 8476
5558 7240
5559 8561
5559 8563
5559 8744
5559 7430
5560 7757
5560 8348
5560 7658
5560 6511
5561 8386
5561 7460
5561 5646
5564 8400
5564 7966
5564 6992
5564 7987
5564 7825
5564 7103
5565 8664
5565 8459
5565 8451
5565 8329
5565 8315
5565 8297
5565 8178
5565 7973
5565 7489
5565 7257
5565 6574
5565 5903
5565 5643
5565 5633
5565 8029
5566 8391
5569 6643
5569 7904
5569 7616
5569 7600
5569 5713
5570 8493
5570 7983
5570 5802
5570 5772
5572 8519
5572 7988
5573 7563
5573 7142
5574 8433
5574 8548
5574 8117
5574 6068
5574 8686
5574 5991
5574 5615
5575 8754
5575 7825
5575 5782
5577 8298
5577 7789
5578 7472
5578 7265
5578 6019
5579 8628
5579 8516
5579 8488
5580 8247
5580 5612
5580 8668
5580 6473
5580 5896
5581 8272
5581 8677
5581 6636
5581 8064
5584 8198
5584 7597
5584 8568
5584 8337
5585 8404
5585 7479
5585 7298
5585 6960
5585 5934
5585 5634
5585 6469
5586 8162
5586 6474
5586 5688
5586 8474
5586 8409
5586 7800
5586 5813
5586 5793
5586 5787
5586 5613
5587 5972
5587 5921
5587 5705
5588 8675
5588 7094
5590 7662
5591 7985
5591 5823
5591 8017
5591 6986
5592 8253
5592 7692
5592 8351
5595 7667
5596 8166
5596 7502
5597 8627
5597 8482
5597 5969
5598 6420
5598 7406
5601 6890
5601 6014
5602 7968
5602 7093
5602 5908
5602 8642
5602 8123
5602 7772
5603 8080
5604 7442
5605 8204
5605 7990
5605 6659
5605 8220
5605 7618
5605 7614
5605 7294
5606 8739
5606 7405
5606 6574
5606 5999
5606 5953
5606 5614
5606 6477
5607 7623
5607 7289
5607 5944
5607 5832
5607 5792
5607 5636
5607 8718
5607 8479
5607 8120
5607 7477
5607 6758
5608 8541
5609 6464
5609 8488
5609 6897
5609 6591
5609 5630
5609 8651
5609 7647
5610 8645
5610 8310
5610 7660
5610 7481
5610 7415
5610 8570
5610 8319
5610 8307
5610 8295
5610 6919
5611 8484
5611 7398
5611 5746
5611 5612
5611 8492
5611 7126
5611 5680
5611 8519
5611 8370
5611 8132
5612 8633
5612 5767
5612 8323
5612 8305
5612 8168
5612 5772
5613 8521
5613 7980
5613 8636
5613 8479
5613 7652
5613 7306
5613 6113
5613 5808
5613 5802
5614 5786
5614 7872
5614 7636
5614 7257
5614 5790
5614 5640
5614 5625
5615 8191
5615 7611
5615 5838
5615 5680
5616 7468
5616 8117
5616 6039
5616 8663
5616 8170
5616 7828
5616 6758
5616 5803
5616 5765
5617 7151
5617 8456
5617 8383
5617 8149
5617 7987
5617 5817
5617 5775
5617 8531
5618 8326
5618 7031
5618 5752
5618 8653
5618 7893
5618 6624
5618 6005
5618 5952
5618 5701
5618 5623
5618 6537
5619 8749
5619 8645
5619 7888
5619 6776
5619 7653
5619 7084
5619 6964
5620 8324
5620 8112
5620 7457
5620 6532
5620 6465
5620 6464
5620 5757
5620 8739
5620 8718
5620 8628
5620 8492
5620 8383
5620 8305
5620 8178
5620 7673
5620 7611
5620 6581
5620 5956
5620 5946
5621 8593
5621 8130
5621 7435
5621 5995
5621 8739
5621 7862
5621 7637
5621 7632
5621 5990
5621 5735
5621 5630
5622 5872
5622 7629
5622 7596
5622 5826
5622 5626
5622 6445
5622 5830
5623 7553
5623 8466
5623 8411
5623 8365
5623 7632
5623 7629
5623 7298
5623 6437
5623 5821
5623 5799
5623 5723
5624 8735
5624 7815
5624 7599
5624 6816
5624 6647
5624 6631
5624 6015
5624 7631
5624 7619
5624 7366
5624 6919
5624 6571
5624 5943
5624 7201
5625 8593
5625 7463
5625 7133
5625 7021
5625 8496
5625 8129
5625 7952
5625 7893
5625 7634
5625 7257
5625 7136
5625 7012
5625 6964
5625 6569
5626 7423
5626 7403
5626 7133
5626 7387
5626 5782
5626 8665
5627 8593
5627 8521
5627 8169
5627 7962
5627 7655
5627 8720
5627 8631
5627 8479
5627 8329
5627 8323
5627 8250
5627 8055
5627 5851
5627 8551
5627 6527
5628 8313
5628 8162
5628 7805
5628 7746
5628 7463
5628 8491
5628 8468
5628 8440
5628 8149
5628 7832
5628 7636
5628 6636
5628 5631
5629 8620
5629 8484
5629 7833
5629 7650
5629 5783
5629 8474
5629 8409
5629 8217
5629 8186
5629 7466
5629 6437
5629 5955
5629 5949
5630 6948
5630 8747
5630 8691
5630 7772
5630 7296
5630 5803
5631 8488
5631 8297
5631 6544
5631 6498
5631 8268
5631 7412
5631 5710
5632 7275
5632 8411
5632 7953
5632 7405
5632 7182
5632 5951
5632 5701
5633 8332
5633 8500
5633 8493
5633 8490
5633 8402
5633 8261
5633 8217
5633 7634
5633 7405
5633 6707
5633 6506
5633 5813
5633 5766
5633 7802
5634 7457
5634 7085
5634 5792
5634 5752
5634 8476
5634 8335
5634 8292
5634 8133
5634 7777
5634 7657
5634 6712
5634 6641
5634 5949
5634 5766
5634 8211
5634 5635
5635 8644
5635 7795
5635 6919
5635 5952
5635 8470
5635 8333
5635 8147
5636 8648
5636 8475
5636 8383
5636 8329
5636 8323
5636 8225
5636 7297
5636 7068
5636 5835
5636 5765
5637 8565
5637 8058
5637 7668
5637 7641
5637 8371
5637 6963
5637 6503
5638 7220
5638 6063
5638 8464
5638 8151
5638 7477
5638 7115
5639 8677
5639 7317
5639 6000
5639 5790
5639 8656
5640 7787
5640 7599
5640 7455
5640 5995
5640 8728
5640 8477
5640 8383
5640 7296
5640 6939
5640 6712
5640 6651
5640 6113
5640 5968
5640 5785
5641 8081
5641 8735
5641 8521
5641 6118
5641 8663
5641 8466
5641 8460
5641 7079
5641 6636
5641 6473
5641 5864
5641 5781
5642 6214
5642 7817
5642 6600
5642 6118
5642 7136
5643 7428
5644 8521
5644 8124
5644 7301
5644 6478
5644 8435
5644 8319
5644 7629
5644 7012
5644 6712
5644 7896
5644 5893
5645 8586
5645 8332
5646 6040
5647 7747
5647 6145
5647 5809
5648 8214
5650 8353
5651 6885
5651 7727
5652 8165
5652 5908
5652 5805
5652 5957
5653 8611
5653 8444
5653 8204
5653 7805
5653 7536
5654 7050
5657 6443
5658 5963
5658 5776
5659 6159
5661 6950
5663 5731
5663 6023
5665 6059
5666 8525
5666 8507
5666 8076
5666 7296
5666 5828
5666 6975
5666 6076
5666 5759
5667 5739
5668 7884
5668 6882
5669 6615
5670 8162
5670 5960
5670 5908
5670 7983
5670 7299
5670 7290
5670 6945
5671 8137
5671 7975
5671 5943
5671 7204
5671 5689
5672 7949
5673 6084
5675 7604
5675 8492
5675 8466
5675 8129
5675 8125
5675 7809
5675 7405
5675 6589
5675 5751
5675 5741
5675 7842
5676 8219
5676 6904
5676 6562
5677 8121
5677 8030
5677 6432
5677 5899
5677 7933
5677 6211
5678 7816
5679 8273
5679 8262
5679 7657
5679 8546
5680 8654
5680 8465
5680 8150
5680 7182
5680 6945
5680 6005
5680 5851
5680 8470
5680 6646
5681 7220
5681 5764
5682 8342
5683 8483
5683 7103
5683 7647
5684 8294
5684 8171
5684 7261
5684 5736
5684 6624
5684 6506
5685 8733
5685 7812
5685 7548
5685 8031
5687 8272
5687 8491
5687 8404
5687 7880
5688 8097
5688 6740
5688 8747
5689 7357
5690 5868
5692 7346
5692 7238
5692 6645
5692 5967
5692 8726
5692 8464
5692 7977
5692 7969
5692 7311
5692 5950
5692 5732
5694 8523
5697 6739
5700 6548
5700 7407
5700 7370
5701 7888
5701 7639
5701 5795
5701 8388
5701 8328
5701 8157
5701 8137
5701 7629
5701 7422
5701 5770
5702 7127
5702 6490
5702 5826
5702 7491
5704 8758
5705 6808
5705 7643
5705 7236
5705 6065
5706 7961
5706 8159
5706 8101
5706 7638
5706 7138
5706 6659
5706 5950
5707 8154
5707 8115
5707 8058
5707 7772
5707 7131
5707 7769
5708 7859
5708 5841
5708 6854
5710 8507
5710 7840
5710 5796
5710 7378
5710 8337
5711 8218
5712 7220
5712 5856
5712 6852
5713 7954
5713 8547
5713 7233
5715 8519
5715 8352
5718 7490
5718 7128
5718 6292
5718 8560
5718 8316
5718 7621
5718 7270
5720 7464
5723 8161
5723 7842
5723 7598
5723 6022
5723 8724
5723 7605
5724 6299
5726 7985
5726 6144
5729 7321
5729 6702
5729 8557
5730 5853
5730 7435
5730 6995
5730 8677
5730 7271
5730 7145
5731 6998
5732 8759
5732 7523
5732 6956
5732 6639
5733 7733
5735 8627
5735 8231
5735 8136
5735 8686
5735 8653
5735 8320
5735 8064
5736 7720
5736 7832
5737 7846
5741 8458
5741 8451
5741 7582
5741 8616
5745 8382
5745 8169
5745 5976
5745 6939
5745 6651
5746 6488
5746 8627
5746 8124
5746 6017
5746 8306
5746 6569
5746 5821
5746 5756
5747 5940
5748 8731
5748 6491
5749 7321
5749 8471
5749 8325
5749 8168
5749 8665
5749 7270
5750 8018
5750 8555
5750 7907
5750 7291
5750 7063
5750 6696
5751 8099
5751 7888
5751 7746
5751 5995
5751 5810
5751 8485
5751 8306
5751 8222
5751 8214
5751 8128
5751 7862
5751 7782
5751 7257
5751 8438
5752 8713
5752 8667
5752 8188
5752 7815
5752 7481
5752 6114
5752 8465
5752 8262
5752 7298
5752 7012
5753 7781
5754 5902
5754 8650
5754 8500
5754 8483
5754 8055
5754 7636
5754 5797
5754 5775
5754 7905
5754 6957
5755 7974
5755 7541
5755 5805
5755 8646
5755 8263
5755 7366
5756 8204
5756 5767
5756 8751
5756 8636
5756 8181
5756 7477
5756 6584
5756 8463
5756 5794
5757 8340
5757 7212
5757 6554
5757 6292
5757 5950
5757 5798
5758 7995
5759 8487
5759 8551
5759 7747
5759 6950
5759 6621
5759 5830
5759 8413
5760 8485
5760 8196
5760 8055
5760 7703
5761 8726
5761 8713
5761 8647
5761 8626
5761 8272
5761 7787
5761 7640
5761 7275
5761 8570
5761 8471
5761 8330
5761 8055
5761 7975
5761 7807
5761 7658
5761 7634
5761 6591
5761 6571
5761 5838
5761 5804
5762 8635
5762 8437
5762 7655
5762 7140
5762 8209
5762 7909
5762 7862
5762 7453
5762 7394
5762 8245
5764 8313
5764 8751
5764 6589
5765 8169
5765 7275
5765 5954
5765 5789
5765 8492
5765 8225
5765 7814
5765 7777
5765 6630
5765 7154
5765 5809
5766 8708
5766 7912
5766 7815
5766 8644
5766 8118
5766 8058
5766 7428
5766 6000
5766 8531
5766 8175
5766 6622
5767 8368
5767 6813
5767 6681
5769 7026
5769 6568
5769 5948
5769 8532
5769 7956
5769 8268
5770 7599
5770 7289
5770 6631
5770 8201
5770 7795
5770 7306
5770 6523
5770 5859
5770 7647
5770 7385
5771 8645
5771 7968
5771 7457
5771 6474
5771 5902
5771 8129
5771 8126
5771 7652
5771 6511
5771 5942
5772 8756
5772 8660
5772 7958
5772 7788
5772 6568
5772 6114
5772 8435
5772 6448
5772 6000
5773 7859
5774 7967
5774 7490
5774 7133
5774 5872
5774 8723
5774 8469
5774 8328
5774 8250
5774 8125
5774 7823
5774 7632
5774 6814
5774 6591
5775 7925
5775 7616
5775 8565
5775 8541
5775 8490
5775 8168
5775 8129
5775 7970
5775 7304
5775 7123
5775 7115
5775 6591
5775 5961
5775 5934
5776 8213
5776 6647
5776 5841
5776 8631
5776 8480
5776 8125
5776 7814
5776 6579
5776 6437
5776 5813
5776 7769
5776 6469
5777 8032
5777 7756
5777 7592
5777 8409
5777 8178
5778 8728
5778 7828
5778 7637
5778 7624
5778 5826
5778 7678
5779 7423
5779 7321
5779 8474
5779 8436
5779 8392
5779 8209
5779 7643
5779 5790
5780 8628
5780 8491
5780 8222
5780 7975
5780 7807
5780 7637
5780 7601
5780 7136
5780 6945
5780 8308
5780 8219
5780 8132
5780 7471
5781 8138
5781 7800
5781 7323
5781 7131
5781 7079
5781 6619
5781 6010
5781 8203
5782 8627
5782 8745
5782 8541
5782 8535
5782 8160
5782 8135
5782 6468
5782 7597
5783 8543
5783 7848
5783 5805
5783 5798
5783 8646
5784 7960
5784 6017
5784 8628
5784 8469
5784 7531
5784 7298
5784 5959
5784 5839
5784 8215
5784 7270
5784 5806
5785 8697
5785 8517
5785 8484
5785 6464
5785 5792
5785 8208
5785 6036
5785 6957
5786 8311
5786 7464
5786 7398
5786 7128
5786 6465
5786 6017
5786 8163
5787 8723
5787 8663
5787 8453
5787 7872
5787 6934
5787 6498
5787 5923
5787 7798
5787 6483
5788 7930
5788 6427
5788 6854
5788 6696
5789 8375
5789 7984
5789 8390
5789 7967
5789 5970
5789 5805
5789 7366
5789 6010
5789 5797
5790 8497
5790 8475
5790 7962
5790 7644
5790 8465
5790 8404
5790 7795
5790 7304
5790 7131
5790 6964
5790 6619
5790 6402
5790 7804
5790 6562
5790 6527
5791 8326
5791 7982
5791 8664
5791 8646
5791 8469
5791 8315
5792 8416
5792 8647
5792 7787
5792 7639
5792 6464
5792 5805
5792 8536
5792 6569
5792 5934
5792 5835
5793 8265
5793 7976
5793 7912
5793 7600
5793 7361
5793 7399
5793 6612
5793 7471
5794 8722
5794 8631
5794 8414
5794 8329
5794 8309
5794 8303
5794 8299
5794 7862
5794 6919
5794 5822
5795 8726
5795 7488
5795 7301
5795 6780
5795 6635
5795 8305
5795 7987
5795 6019
5796 8653
5796 8624
5796 8500
5796 8488
5796 6636
5796 6569
5797 8542
5797 8332
5797 7151
5797 6015
5798 7308
5798 5869
5798 8461
5798 8267
5798 5950
5798 8728
5798 8646
5798 8442
5798 5959
5799 8484
5799 8739
5799 8486
5799 6498
5799 6005
5799 5839
5800 7031
5800 6068
5800 8646
5800 6619
5800 5818
5800 7454
5801 7877
5801 8730
5801 8655
5801 8348
5801 8321
5801 8269
5801 7830
5801 7425
5801 6464
5801 8467
5801 8250
5801 7126
5801 6944
5801 6564
5801 5807
5802 8231
5802 6113
5803 8648
5803 7599
5803 8493
5803 8459
5803 8196
5803 7309
5803 7132
5803 6614
5803 5951
5804 8311
5804 8654
5804 8581
5804 8541
5804 8495
5804 8128
5804 7182
5804 6589
5804 6019
5805 8484
5805 8437
5805 8267
5805 7536
5805 7293
5806 8462
5806 8460
5806 7079
5806 6919
5806 7328
5807 7982
5807 6017
5807 8163
5807 7978
5807 7601
5807 6614
5807 6468
5807 8300
5808 8478
5808 8437
5808 8628
5808 8492
5808 8474
5808 8335
5808 8325
5808 7316
5808 8665
5808 8215
5808 5831
5809 8664
5809 8636
5809 7800
5809 7299
5809 5864
5809 6467
5810 8521
5810 8332
5810 8099
5810 7980
5810 8158
5811 6462
5811 5962
5811 8191
5811 8154
5811 8133
5811 8028
5811 6630
5811 6581
5811 6473
5811 5817
5812 8491
5812 8476
5812 8319
5812 8154
5812 8149
5812 6712
5812 6473
5812 5826
5812 8300
5812 7842
5812 6652
5812 6483
5813 8489
5813 8485
5813 7601
5813 7323
5813 6113
5813 8656
5816 8756
5816 7457
5816 6659
5816 8751
5816 8315
5816 8149
5816 8119
5816 7596
5816 7298
5816 5838
5817 8521
5817 8712
5817 8314
5817 8028
5817 6619
5818 7807
5818 6626
5818 6581
5818 8649
5818 6749
5821 8428
5821 7826
5821 6046
5821 8469
5821 8467
5821 8258
5821 8186
5821 7366
5821 8245
5821 7155
5822 8512
5822 6071
5823 8439
5823 7548
5823 7681
5823 6004
5824 6287
5825 8509
5826 8302
5826 7957
5826 7872
5826 7131
5826 8750
5826 8463
5826 8331
5826 7979
5826 7625
5827 7365
5827 8517
5827 5942
5828 6948
5828 6087
5829 8205
5829 7684
5829 5967
5829 8627
5829 7821
5829 7403
5829 7271
5830 8733
5830 8132
5830 7842
5830 7160
5830 7988
5831 6919
5831 8707
5831 7471
5832 8648
5832 8593
5832 7982
5832 7833
5832 7113
5832 8481
5832 8459
5832 8278
5832 8217
5832 7907
5832 7611
5832 7505
5833 6016
5833 8249
5833 7382
5833 8451
5833 8012
5833 7742
5834 8231
5834 8663
5835 6294
5835 8710
5835 8440
5835 8335
5835 6814
5837 7684
5837 5913
5838 8526
5838 8428
5838 6478
5838 8006
5838 7972
5838 6020
5838 5972
5839 8119
5839 8127
5840 8517
5840 8213
5840 7981
5840 7956
5840 7751
5840 7699
5840 6589
5840 6019
5841 6016
5841 7415
5841 7120
5841 8480
5841 8149
5842 8205
5842 8535
5843 7077
5843 7410
5843 6184
5843 6051
5843 7592
5843 6462
5844 7314
5844 7781
5844 7308
5844 7238
5846 7299
5846 5952
5846 8651
5846 7744
5846 7495
5847 8006
5847 7518
5847 7288
5848 8188
5848 6096
5848 8288
5850 7351
5851 8507
5851 8307
5851 5896
5851 8606
5851 6622
5851 5893
5852 7508
5852 8428
5852 7974
5852 7967
5852 5948
5857 8358
5857 6114
5857 5905
5858 8567
5858 8438
5858 8139
5858 5912
5859 7464
5859 7737
5859 7647
5860 5905
5861 5978
5862 6747
5862 7791
5862 7373
5863 7169
5864 7788
5864 8500
5864 7422
5864 7291
5864 6895
5864 6591
5864 6468
5864 8377
5864 6625
5865 6486
5866 7248
5867 8645
5867 8409
5867 7471
5867 7270
5868 8166
5869 8407
5869 8088
5869 7781
5869 8146
5869 8069
5869 6763
5870 7241
5872 8272
5872 8136
5872 6780
5872 6046
5872 8440
5872 8258
5872 8178
5872 8126
5874 6115
5875 7313
5875 8317
5876 7900
5876 8455
5876 7907
5876 7265
5876 6973
5877 6097
5880 6380
5881 8333
5881 7988
5883 7214
5885 7724
5886 6610
5888 8746
5888 8176
5888 7124
5888 6145
5890 8676
5890 6575
5890 6638
5891 7880
5893 8751
5893 8723
5893 8662
5893 8289
5893 8154
5893 7800
5893 7703
5893 6113
5894 8037
5894 6742
5894 7838
5894 7242
5896 8639
5896 7601
5896 7297
5896 5942
5896 7934
5896 7035
5897 6241
5898 7439
5898 7289
5898 8476
5899 8089
5900 7410
5900 5907
5900 6465
5902 7616
5902 6613
5902 6465
5902 6464
5902 5950
5902 8490
5902 8335
5902 7777
5902 7294
5902 6626
5903 6987
5903 6478
5903 8500
5903 8252
5903 7079
5904 8391
5905 7351
5906 6144
5906 7397
5907 8598
5907 8505
5907 6528
5907 8074
5907 6688
5908 8744
5908 8740
5908 7488
5908 6038
5908 5958
5908 8677
5908 8500
5908 8479
5908 8468
5908 7477
5909 8418
5909 6885
5913 8447
5913 8427
5913 8003
5913 6465
5914 8242
5914 6100
5915 8662
5915 8325
5915 7323
5915 6681
5915 8727
5915 6957
5918 8426
5919 8475
5920 8174
5920 6520
5920 6118
5920 7141
5921 7650
5921 8184
5921 7824
5922 8541
5922 8242
5923 8628
5923 8011
5923 7772
5924 8072
5924 7506
5924 6857
5927 8361
5927 6453
5927 8413
5927 6503
5927 8239
5928 7137
5929 5941
5929 8516
5929 8270
5929 6681
5930 6821
5932 6482
5934 8534
5934 7430
5934 8466
5934 8314
5934 8135
5934 7646
5934 6944
5934 6929
5934 5964
5934 8498
5934 8408
5934 8245
5938 7615
5939 7639
5939 8456
5939 7862
5939 7257
5939 6113
5939 8254
5939 6952
5941 5985
5942 8537
5942 7830
5942 6924
5942 6310
5942 7795
5942 7471
5943 8267
5943 7900
5943 7407
5943 6618
5943 7617
5943 7294
5943 7822
5944 8611
5944 6961
5944 8461
5944 8311
5944 8069
5944 8493
5944 8258
5944 8153
5944 8128
5944 8125
5944 7673
5944 7115
5944 6468
5944 6065
5944 6000
5945 7660
5945 8490
5945 7642
5945 7611
5945 7296
5945 6809
5945 5961
5945 7843
5945 7000
5945 6445
5946 8484
5946 8348
5946 7810
5946 6568
5946 8258
5946 8196
5946 8119
5946 7632
5946 7622
5946 7620
5946 6814
5946 6589
5946 7647
5947 8495
5947 8199
5947 8186
5947 7452
5948 7410
5948 8655
5948 7810
5948 6465
5948 8480
5948 8314
5948 7115
5949 8151
5949 7293
5949 6060
5949 8328
5949 8263
5949 7823
5949 7642
5949 7316
5949 6005
5949 8175
5950 8633
5950 8461
5950 8162
5950 7425
5950 5958
5951 8645
5951 7912
5951 7430
5951 7321
5951 7031
5951 8184
5951 7299
5951 7123
5951 6297
5951 8132
5952 8645
5952 8267
5952 8297
5952 7648
5952 7136
5952 7792
5952 6652
5953 8484
5953 6479
5953 6292
5953 8739
5953 8482
5953 8414
5953 7973
5953 7642
5953 7126
5953 6944
5953 5955
5953 8666
5954 8697
5954 8645
5954 7449
5955 8113
5955 8619
5955 8483
5955 8480
5955 7317
5955 6966
5955 8370
5955 7564
5955 6527
5955 6483
5955 6018
5956 8756
5956 8151
5956 8435
5956 6809
5956 6591
5956 6579
5956 8472
5956 7454
5957 7912
5957 7553
5957 7488
5957 7311
5957 8323
5957 8196
5957 7797
5957 8132
5957 8064
5958 8104
5958 6763
5958 8495
5958 7629
5958 6590
5959 8003
5959 7787
5959 8641
5959 8487
5959 8316
5959 7477
5959 6650
5959 6641
5959 8498
5959 6018
5960 7361
5960 7477
5961 7403
5961 7120
5961 8297
5961 7469
5961 7316
5961 7298
5962 8130
5962 7787
5962 7660
5962 7464
5962 7632
5962 7627
5963 8722
5963 8686
5963 7428
5963 6929
5963 8463
5963 7597
5964 8647
5964 7457
5964 7455
5964 7398
5964 8636
5964 8487
5965 8529
5965 8482
5965 8141
5965 7987
5965 6493
5966 8088
5966 8593
5966 7660
5966 8196
5966 8170
5966 7627
5966 7067
5967 8607
5967 7026
5968 8751
5968 8723
5968 8507
5968 8214
5968 7306
5968 7299
5969 8299
5969 7469
5969 6712
5969 8498
5969 8472
5969 6686
5969 6469
5969 7681
5969 7495
5970 8593
5970 8691
5970 8479
5970 8135
5970 7909
5970 7862
5970 7366
5971 8668
5971 8641
5971 8638
5971 7201
5971 6305
5972 8109
5972 7972
5973 6088
5973 8313
5973 8124
5973 7490
5973 7026
5973 8388
5974 7990
5975 7408
5975 7838
5976 7410
5976 8703
5976 7398
5976 6397
5977 8088
5977 6326
5979 8149
5979 8086
5980 8686
5981 6427
5981 7880
5982 6907
5985 8231
5986 7954
5986 8726
5986 7974
5986 7600
5986 7233
5989 8021
5989 6030
5990 8744
5990 7980
5990 8058
5990 7634
5990 6809
5990 6511
5990 7798
5991 8209
5991 8006
5992 8269
5992 7388
5993 8496
5993 7469
5993 6324
5993 7769
5995 8151
5995 7457
5995 7427
5995 6659
5995 8662
5995 8442
5995 8409
5995 7641
5996 8718
5996 7387
5996 8331
5996 7215
5997 6394
5999 6479
5999 8663
5999 8465
5999 8319
5999 7299
5999 6487
6000 8459
6000 8377
6000 7792
6000 7625
6002 6969
6004 8219
6004 8266
6005 8484
6005 7311
6005 8378
6005 8306
6005 8168
6005 6569
6008 6359
6010 7261
6010 7150
6010 7128
6010 8529
6010 8440
6010 7641
6010 6944
6010 6707
6010 6626
6012 7977
6012 7523
6012 8181
6012 7177
6012 7118
6012 6297
6012 6179
6015 8749
6015 8101
6015 7974
6015 6780
6015 6438
6015 8191
6015 7296
6016 8340
6016 7313
6017 8074
6017 6300
6017 8641
6017 8466
6017 8178
6017 6448
6018 7624
6018 6557
6018 7917
6019 7120
6019 7622
6019 7483
6020 8660
6020 8484
6020 8487
6020 8373
6020 8278
6021 6519
6021 7660
6021 7030
6021 6958
6022 8263
6022 7131
6022 6619
6022 7843
6022 6135
6022 6695
6022 6470
6023 6466
6026 8718
6026 7987
6026 7971
6030 8022
6031 8485
6031 7896
6031 7625
6031 7378
6031 6181
6033 8623
6033 6457
6036 8581
6036 8460
6036 8335
6036 8216
6036 8195
6036 8186
6036 7823
6036 7476
6036 6614
6036 6511
6036 6397
6036 8472
6036 8132
6036 6527
6038 8079
6038 7523
6038 8640
6039 8422
6039 8312
6039 7415
6039 8653
6039 8373
6039 7587
6041 8221
6041 7237
6041 8101
6041 8458
6041 8199
6043 7830
6043 7644
6043 8302
6043 8006
6043 7428
6043 7306
6046 7981
6046 6631
6046 8619
6046 7978
6048 6695
6048 8682
6049 6132
6050 6730
6051 7241
6051 7864
6051 6961
6051 8749
6051 8112
6051 6300
6052 6764
6053 6094
6054 7170
6055 6871
6056 8603
6056 7684
6057 8499
6058 7880
6059 6775
6060 8353
6060 8204
6060 7523
6060 7150
6060 8628
6060 8436
6060 7790
6060 7632
6060 7566
6060 7123
6060 7118
6063 6663
6063 6627
6063 6150
6063 8703
6063 7875
6063 6310
6064 8367
6064 7912
6064 7993
6065 8726
6065 8304
6065 6114
6065 6106
6065 8653
6065 8222
6065 8210
6065 7987
6065 7318
6066 6959
6067 6367
6076 6998
6076 6657
6086 7210
6087 7267
6088 8213
6088 7463
6089 6859
6094 6852
6094 7836
6094 6894
6095 6968
6095 7215
6096 7327
6096 6816
6100 8190
6100 8166
6101 7356
6101 7145
6103 7664
6103 6882
6103 7260
6104 8427
6104 7613
6104 8006
6104 7891
6104 7373
6105 7759
6106 7217
6106 8537
6106 8133
6106 6564
6108 7370
6108 6520
6108 6566
6109 6683
6109 8679
6109 7067
6110 7389
6111 8277
6112 8302
6112 8278
6112 7136
6112 7965
6112 7798
6113 7128
6113 6757
6113 8409
6113 7596
6113 7297
6113 6569
6113 8360
6114 7618
6115 8660
6115 7967
6115 7461
6115 7140
6116 8637
6118 7793
6118 7609
6118 7587
6119 6233
6123 8637
6123 8605
6123 7770
6123 6984
6123 6144
6133 7995
6135 8258
6135 8552
6135 7890
6138 6538
6139 8562
6140 7787
6140 7275
6140 8418
6144 6374
6145 7747
6145 7583
6150 7892
6155 7584
6159 7530
6164 7602
6164 6806
6164 6998
6167 6888
6168 8738
6168 6495
6172 8711
6172 6745
6173 6513
6174 6638
6179 7420
6179 6956
6179 7378
6181 8587
6184 6763
6184 6474
6185 6841
6186 8453
6208 8603
6209 7907
6209 7489
6209 6468
6209 8634
6214 7745
6214 6900
6214 7490
6218 7086
6232 6598
6233 7575
6234 6682
6236 8203
6236 7602
6236 7337
6241 8554
6241 7492
6241 7434
6241 6477
6285 7527
6285 7575
6289 8590
6289 7539
6292 8632
6292 8433
6292 7761
6292 8663
6292 8652
6292 8483
6292 6585
6294 8087
6294 8741
6297 6300
6297 8637
6298 7961
6298 6644
6299 6755
6300 8104
6300 7967
6300 7420
6300 8663
6300 8658
6301 7547
6302 7985
6305 8287
6305 8107
6305 7130
6305 7386
6305 7035
6310 8173
6310 8306
6310 8126
6310 7641
6312 6431
6314 7251
6315 7550
6320 7851
6324 7936
6324 7385
6326 6645
6331 7516
6335 7879
6341 6452
6352 8610
6352 7467
6355 7450
6360 8333
6360 8544
6364 8144
6365 8364
6365 7852
6372 7700
6377 7556
6379 7731
6379 8091
6379 7784
6382 7453
6382 7069
6388 7055
6392 8011
6392 6579
6392 6437
6392 8161
6392 6652
6392 7654
6392 6785
6398 7989
6401 8743
6402 7289
6414 8734
6419 8416
6419 8037
6419 8708
6419 8648
6420 7211
6422 6802
6425 7356
6425 7971
6426 6433
6427 8548
6427 7786
6427 7382
6427 7370
6427 6487
6431 7678
6432 8488
6432 7668
6434 7884
6434 8748
6434 7504
6436 8132
6437 8691
6437 8492
6437 8489
6437 8465
6437 8180
6437 6640
6437 7621
6438 8348
6438 7958
6439 7492
6441 6811
6441 8482
6441 8110
6441 7911
6442 7604
6442 8746
6442 8631
6442 8178
6442 8137
6442 7309
6442 6651
6442 6566
6442 7917
6442 7630
6443 8312
6443 8124
6443 8117
6444 8525
6444 8250
6445 7891
6445 8727
6445 7471
6448 8635
6448 8231
6448 6813
6448 8722
6448 7531
6448 7283
6448 6966
6448 7767
6449 8130
6449 7182
6453 8154
6453 8657
6453 8198
6453 6459
6454 8723
6454 8677
6454 8465
6454 8297
6454 7296
6454 6964
6454 8463
6454 7564
6454 7471
6458 8216
6458 8137
6458 8123
6458 7807
6458 7168
6458 6957
6459 8739
6459 8668
6459 8302
6459 7807
6459 7084
6459 6773
6462 8034
6462 8304
6462 7212
6462 7521
6462 7323
6462 6939
6462 6814
6463 8101
6463 8125
6463 7552
6463 6914
6464 7220
6464 8730
6464 7927
6464 7151
6464 8191
6464 7641
6465 8756
6465 8437
6465 8183
6465 7415
6467 8733
6467 7744
6468 8672
6468 6635
6468 8646
6468 8491
6468 8435
6468 7905
6468 7357
6469 8128
6472 8584
6472 8654
6472 8153
6472 6939
6472 6584
6473 6474
6473 8710
6473 8486
6473 7807
6473 7800
6473 7741
6473 7627
6473 7552
6473 7387
6473 7294
6473 6944
6473 6576
6473 8463
6474 7913
6474 8627
6474 7212
6474 6532
6477 8370
6477 8245
6477 7328
6478 8375
6478 8183
6478 7606
6478 7133
6478 7026
6478 8570
6478 8479
6478 8257
6478 8012
6478 7479
6478 7126
6479 8428
6479 7967
6479 7592
6479 7486
6479 8297
6479 7483
6479 6960
6479 6493
6482 8416
6482 8446
6483 8466
6483 8201
6483 8196
6483 7872
6483 7294
6483 8651
6483 8061
6483 7914
6484 8337
6484 7262
6486 8107
6487 8018
6487 7762
6487 6887
6487 7973
6487 6895
6487 8274
6488 6900
6488 8497
6488 8269
6488 8050
6490 7399
6491 7723
6493 8555
6493 8459
6493 8148
6493 6632
6494 6774
6495 7953
6495 6589
6498 7536
6498 7648
6498 7776
6500 7433
6503 8333
6506 8041
6506 7483
6506 7272
6508 8271
6511 8159
6511 7793
6511 8650
6511 8479
6511 8262
6511 7795
6513 6909
6516 6783
6516 8740
6518 7590
6519 7555
6519 6988
6520 7287
6520 6642
6521 8205
6523 8369
6524 8538
6527 8483
6527 8476
6527 6625
6528 8732
6528 7981
6528 7821
6529 7340
6532 8730
6532 8324
6532 8311
6532 8213
6532 8173
6532 6965
6532 8755
6532 7115
6533 6648
6533 7031
6536 8700
6537 8664
6537 8299
6537 8408
6537 6697
6540 6995
6541 7972
6542 6646
6544 8169
6544 8496
6544 8123
6544 7800
6544 7563
6547 8585
6547 7936
6547 7552
6547 8551
6547 6749
6548 8074
6549 8124
6549 7788
6549 6618
6549 6613
6549 7149
6549 6964
6549 8615
6552 7261
6552 8330
6552 8439
6554 7655
6554 7403
6554 6814
6555 7091
6557 7553
6557 8216
6557 8208
6557 8012
6557 7742
6557 6642
6557 7607
6559 7810
6559 8184
6559 7840
6559 7643
6559 7963
6562 8558
6562 8459
6562 8335
6562 8154
6562 7893
6562 7629
6562 8370
6562 8219
6562 7747
6564 8713
6564 8050
6564 8307
6564 8006
6564 7791
6566 7289
6566 8462
6566 7823
6566 7405
6567 8255
6567 8066
6567 7746
6568 8593
6568 7974
6568 7645
6568 7300
6568 7292
6569 7925
6569 7449
6569 7311
6569 8739
6569 8529
6569 8474
6569 7814
6571 8537
6571 8428
6571 7976
6571 7793
6571 7151
6571 8490
6571 7626
6574 8659
6574 7650
6574 8619
6574 8262
6574 8055
6574 7642
6574 7292
6574 8408
6575 6935
6576 8524
6576 8225
6576 8222
6576 7953
6576 7862
6576 7782
6576 7622
6576 6642
6576 8470
6578 8051
6579 8659
6579 8558
6579 8299
6579 6960
6579 7752
6580 7108
6580 8681
6581 8744
6581 7150
6581 7138
6581 8485
6581 8314
6581 8125
6583 8601
6584 8267
6584 8755
6584 8636
6584 8323
6584 8216
6584 7303
6585 8282
6585 7246
6585 7515
6586 8261
6586 7309
6589 8728
6589 8115
6589 7621
6590 8754
6590 8331
6590 7698
6591 8659
6591 8517
6591 8313
6591 8747
6591 8123
6591 7970
6591 7213
6591 7630
6591 7256
6592 8518
6595 8154
6595 6619
6595 8161
6595 7090
6595 6622
6597 7383
6599 6687
6602 8748
6602 7260
6605 6784
6606 6799
6607 8072
6607 6756
6609 8399
6609 7638
6609 7759
6610 6740
6612 8432
6612 8658
6612 7485
6613 8521
6613 8101
6613 8142
6613 7814
6613 7141
6613 6614
6614 8524
6614 7742
6614 7642
6614 8512
6614 8254
6614 6957
6616 6757
6616 8378
6616 8307
6616 7040
6616 8733
6616 7474
6617 8165
6617 8168
6617 8119
6617 7641
6617 6641
6618 8200
6618 8593
6619 8720
6619 8718
6619 8558
6619 8529
6619 8495
6619 8201
6619 7975
6619 7814
6619 8254
6620 6981
6620 7263
6621 8309
6621 7948
6621 7204
6622 8565
6622 8145
6622 7823
6622 7668
6622 7129
6623 7440
6623 6961
6624 8409
6625 8157
6625 8012
6625 7182
6625 7759
6625 7612
6626 6780
6626 7852
6626 7635
6626 7617
6626 6945
6626 6712
6627 7724
6627 8669
6627 6740
6628 8122
6630 7787
6630 7150
6630 8529
6630 8486
6630 8145
6630 8096
6630 8370
6631 8125
6631 7764
6631 7393
6635 8526
6635 8728
6635 7628
6636 7888
6636 7403
6636 7026
6636 8150
6636 7653
6636 7619
6636 7471
6637 7848
6637 7127
6638 8548
6638 8542
6638 8452
6639 8007
6640 8481
6640 8126
6640 7531
6641 8645
6641 8335
6641 7646
6641 7641
6641 7609
6641 7123
6641 8731
6641 8498
6641 7412
6642 8755
6642 8273
6642 7657
6642 8725
6642 7547
6643 8405
6643 7974
6644 8340
6645 7810
6645 7490
6645 6702
6645 6659
6646 8180
6646 8649
6646 8472
6646 8393
6647 8461
6647 8101
6647 7810
6647 7526
6647 8500
6647 8305
6647 8297
6647 7872
6647 7797
6647 7782
6648 7198
6648 8395
6648 8084
6649 8089
6649 7835
6649 8226
6649 8438
6650 8539
6650 7989
6651 6948
6651 8152
6651 7168
6652 8668
6652 8185
6652 8245
6652 7986
6652 7678
6652 7156
6653 8363
6654 7885
6654 7426
6654 7618
6654 6809
6655 6761
6657 7898
6658 8287
6658 8621
6658 7920
6659 8134
6659 7877
6659 8162
6659 8131
6659 7658
6662 8688
6663 8283
6663 7187
6663 6852
6667 7615
6668 8535
6670 8561
6670 8562
6673 8193
6673 7964
6675 7583
6678 8390
6678 7987
6678 7643
6678 7609
6681 8397
6681 7362
6681 6779
6683 7432
6683 8759
6684 6979
6684 7579
6686 8539
6686 8388
6686 8373
6686 7317
6686 8148
6686 7799
6688 8353
6688 8265
6689 6935
6690 7739
6691 8444
6695 8219
6696 8102
6696 7561
6697 7747
6699 8022
6699 7903
6701 8118
6701 7387
6701 8198
6702 8704
6702 8321
6702 7968
6706 7089
6707 7604
6707 7777
6707 6895
6707 7822
6710 7883
6710 7743
6712 7912
6712 7151
6712 7084
6712 8621
6728 8721
6732 8572
6733 8709
6733 8260
6733 7982
6733 7833
6734 8447
6734 6971
6740 7980
6747 7674
6749 8462
6749 8440
6749 7641
6749 8300
6749 8219
6752 7386
6754 8575
6754 8190
6754 7137
6757 7135
6757 8292
6758 7826
6758 8473
6758 8323
6758 8438
6758 8164
6759 8244
6760 7748
6763 6949
6763 8527
6763 7403
6764 7754
6768 8071
6768 7558
6768 7482
6773 8292
6774 6913
6775 7442
6775 7056
6776 8200
6776 7501
6778 8403
6779 8610
6779 8716
6780 8611
6780 7877
6780 7958
6780 7925
6780 7463
6780 8489
6780 8487
6780 8201
6780 7867
6780 7641
6783 8422
6783 7238
6783 6927
6784 8128
6785 8579
6797 8166
6801 8371
6802 7780
6803 7718
6806 8203
6808 7959
6809 8645
6809 7872
6809 7840
6809 7934
6813 8436
6813 8378
6813 8209
6814 8247
6814 8739
6814 8476
6814 8325
6814 7703
6814 7466
6816 7705
6816 6929
6817 7537
6818 6949
6830 8116
6832 8053
6834 7966
6850 8279
6852 7455
6852 8152
6852 7552
6853 7489
6853 8386
6853 6974
6854 6947
6854 6935
6857 7880
6857 8371
6858 7776
6859 7887
6861 6871
6871 8608
6875 8721
6881 7514
6882 8004
6882 8366
6887 7762
6887 7595
6890 7456
6892 7386
6895 7805
6895 8625
6895 8458
6895 8319
6897 7807
6898 7690
6900 8104
6901 7418
6904 7524
6906 8334
6908 8063
6909 7737
6914 7746
6914 8482
6919 8663
6919 8652
6919 8273
6919 8142
6919 7673
6919 8651
6919 8649
6919 8448
6919 7963
6921 8640
6921 7840
6922 7196
6924 7571
6924 7308
6924 8627
6924 8159
6924 7026
6924 8581
6925 7809
6926 7723
6927 8598
6927 7995
6928 8608
6929 8735
6929 8428
6929 7639
6929 7430
6929 6953
6929 8583
6929 8329
6929 7862
6929 7489
6930 7076
6932 8345
6934 7633
6934 8154
6934 7641
6934 8552
6934 7597
6934 7143
6935 7444
6939 8537
6939 8169
6939 8159
6939 8654
6939 8058
6939 6957
6940 7840
6940 8293
6944 7639
6944 8723
6944 8458
6944 8209
6944 8133
6944 8119
6945 7457
6945 7683
6945 8559
6945 7459
6946 7881
6947 8347
6947 7489
6948 8291
6948 8443
6948 8069
6948 7398
6948 8557
6948 8453
6948 7993
6948 7970
6948 7800
6949 7314
6951 8726
6951 8174
6951 7660
6951 7751
6952 8471
6952 7840
6953 8497
6953 8348
6953 8311
6953 7486
6953 8631
6953 7699
6953 7646
6954 8075
6955 8556
6955 7833
6955 7623
6955 7129
6955 7115
6956 8655
6956 7826
6956 7523
6956 7138
6957 7479
6957 8219
6958 8385
6958 7321
6958 8469
6958 8217
6960 7526
6960 8404
6960 8330
6960 8158
6960 8502
6960 7802
6961 7484
6961 7233
6962 7961
6963 7442
6963 7665
6964 7859
6964 8646
6964 8491
6964 8252
6964 8055
6964 7658
6964 8369
6964 8086
6965 7468
6965 8703
6965 8311
6965 7810
6965 7457
6966 8385
6966 8055
6966 8006
6966 7294
6966 7271
6967 8412
6968 8710
6969 8227
6969 7774
6969 7346
6970 7643
6970 7576
6970 7747
6973 8455
6973 8158
6973 7204
6974 8605
6974 8386
6975 7668
6975 7752
6975 8082
6977 8271
6977 7139
6979 8098
6980 8013
6980 8267
6980 8440
6980 8325
6980 7953
6983 7273
6986 7557
6987 8532
6987 7624
6987 7622
6990 7217
6990 7660
6990 7313
6992 8505
6992 8097
6992 7679
6992 7596
6993 7305
6995 8265
6995 7047
7000 7952
7000 7208
7003 7507
7005 8250
7005 8076
7005 7772
7005 7741
7005 7079
7005 8203
7005 7901
7012 8348
7012 7289
7012 8644
7012 8482
7012 7306
7012 7146
7016 7442
7026 8143
7026 7280
7026 7128
7031 8648
7031 7862
7035 8121
7035 8045
7037 7899
7040 7233
7040 8325
7040 7487
7040 7126
7044 7992
7047 8726
7047 8351
7048 7780
7056 7994
7056 7163
7059 7116
7060 8596
7063 7472
7067 8635
7067 7536
7067 8456
7068 7120
7068 8145
7068 7953
7068 7653
7068 7601
7068 7084
7068 8733
7068 8715
7069 7300
7069 7116
7072 8565
7072 8457
7073 7847
7073 7999
7073 7708
7074 7127
7076 7508
7077 7440
7079 8517
7079 7311
7079 8216
7079 8058
7079 7957
7079 8470
7079 8439
7079 7917
7079 7612
7079 7474
7084 7553
7084 7663
7084 8559
7084 7143
7085 7810
7085 7616
7085 7862
7089 7416
7090 8520
7093 8588
7093 7977
7094 8545
7095 7686
7103 8265
7103 7825
7103 7285
7108 8407
7108 7425
7113 7761
7113 8117
7113 7298
7115 8730
7115 8659
7115 7787
7115 8327
7115 8153
7115 8137
7115 8128
7115 8119
7116 8737
7118 8454
7118 8437
7118 8304
7118 7623
7118 8323
7118 7518
7119 7323
7120 8136
7120 8500
7120 8476
7120 7983
7120 7646
7120 7619
7120 7515
7121 8146
7121 8628
7122 8452
7122 7779
7123 8744
7123 8131
7123 7425
7123 7233
7123 7138
7123 8314
7123 7807
7124 8644
7124 7595
7124 7405
7124 7769
7125 7508
7125 8397
7125 8124
7125 7644
7126 7976
7126 7655
7126 8488
7126 8483
7126 8408
7127 8642
7128 7930
7128 7355
7128 7311
7128 7275
7128 7233
7128 8490
7128 8335
7128 8250
7128 7807
7128 7794
7128 7587
7129 7490
7129 8723
7129 8624
7129 8581
7129 8560
7129 8325
7129 7621
7130 7140
7131 8402
7131 7627
7131 7146
7131 7985
7131 7965
7131 7696
7132 8661
7132 8101
7132 7593
7132 8641
7132 8496
7132 8199
7132 8096
7132 7906
7132 7257
7132 7146
7133 8326
7133 7825
7135 8602
7135 7233
7136 8324
7136 8216
7136 8498
7137 7558
7138 8461
7138 8265
7138 7980
7138 7692
7138 7596
7138 7145
7141 8136
7141 7981
7141 7301
7141 8539
7141 8158
7142 7686
7143 8650
7143 8356
7143 7963
7143 7473
7144 7759
7145 7679
7145 8479
7145 7485
7146 7793
7146 8488
7146 8409
7146 8119
7146 7658
7146 7317
7146 8029
7146 7917
7148 8314
7148 8123
7149 8319
7150 8311
7150 7925
7150 7885
7150 8409
7151 7616
7151 7600
7151 7427
7151 8471
7151 8309
7151 8181
7151 8133
7152 8337
7152 7329
7154 8746
7154 8414
7154 8318
7154 8125
7154 7637
7154 7696
7154 7201
7155 8485
7155 8481
7155 8006
7155 7259
7155 8463
7156 8518
7156 7665
7156 7557
7157 7169
7159 8183
7159 8032
7159 7455
7160 7476
7161 8342
7165 7701
7166 8577
7168 8468
7168 8314
7168 7814
7168 7451
7171 8613
7177 7830
7177 7233
7177 8747
7178 8075
7178 7824
7182 8664
7182 8125
7182 8371
7187 8478
7188 8592
7188 7388
7189 8194
7189 7737
7189 7385
7189 7204
7192 8598
7192 7680
7192 8387
7192 7280
7193 7859
7195 8035
7201 8356
7205 7511
7206 8034
7209 8190
7210 8092
7212 8478
7212 8193
7212 7835
7212 7233
7213 8756
7213 8321
7213 8313
7213 8304
7213 7464
7213 8486
7213 7479
7214 7892
7214 8626
7214 7553
7214 8273
7215 7694
7215 8621
7220 8611
7225 8685
7227 8091
7232 8370
7233 8291
7233 7490
7233 8493
7233 7653
7234 8541
7234 7880
7236 8151
7236 7271
7237 7308
7239 8543
7239 8291
7239 8478
7242 8326
7242 8113
7246 7300
7247 8089
7247 7840
7247 7934
7247 7698
7251 7722
7252 8183
7252 8658
7252 7296
7253 8073
7256 8723
7257 8267
7257 7289
7257 8373
7257 7653
7257 7656
7259 7987
7259 7643
7259 7824
7261 8200
7262 7827
7264 7992
7265 8623
7266 8012
7266 7973
7266 7882
7267 7563
7269 8282
7270 8411
7270 8061
7271 8390
7271 7425
7271 8691
7271 8196
7271 7485
7272 8372
7275 8703
7275 8324
7275 7640
7275 8628
7275 8558
7275 7646
7275 7417
7276 7986
7276 8017
7277 8654
7277 7827
7279 7895
7280 7403
7282 8194
7282 7866
7282 7477
7282 7447
7283 8089
7283 7865
7283 8184
7284 7699
7285 8526
7286 7720
7287 8037
7287 8372
7287 8149
7288 8165
7289 8517
7289 8483
7289 8403
7290 7840
7290 7934
7291 8278
7291 8176
7291 8698
7292 8495
7292 8309
7293 8304
7293 8099
7293 7962
7293 7553
7293 8492
7293 8327
7293 8123
7294 7835
7294 7481
7294 8158
7294 8665
7294 8512
7295 7468
7296 7321
7296 8220
7297 8627
7297 8301
7297 8733
7298 8645
7298 8332
7298 7638
7298 8225
7298 8128
7298 7975
7298 8649
7298 8463
7299 8627
7299 7599
7299 8638
7299 8507
7299 8477
7299 8181
7299 7620
7299 8175
7300 8317
7301 8332
7301 8255
7301 7644
7301 8654
7301 8150
7301 7956
7301 7641
7301 7317
7303 8744
7303 8521
7303 7833
7303 7486
7303 8150
7304 7600
7304 8646
7304 8465
7304 7631
7304 7622
7306 8112
7306 8473
7306 7972
7306 7469
7308 8671
7308 8669
7308 8136
7308 7962
7308 7821
7308 7606
7309 8641
7309 8496
7309 8479
7309 8325
7309 8319
7309 8201
7309 8168
7309 7978
7309 7747
7311 8627
7311 8526
7311 8517
7311 8272
7311 7960
7311 7490
7311 8250
7311 8119
7311 7987
7313 8598
7313 7645
7314 8696
7314 8670
7314 8586
7316 8003
7316 8664
7316 8500
7316 8491
7316 8488
7316 7564
7317 8645
7317 8159
7317 8320
7317 8217
7317 8149
7317 8705
7317 7965
7317 7799
7317 7459
7318 8392
7318 8141
7319 7489
7321 8726
7321 8146
7321 7536
7321 8250
7321 7323
7322 7392
7323 8146
7326 8561
7327 8737
7328 8546
7328 8148
7329 7360
7337 7895
7341 7353
7346 8277
7353 7932
7353 7456
7353 8455
7355 8306
7356 7418
7357 7583
7357 7360
7361 8183
7361 8488
7361 7909
7364 8345
7365 7875
7366 8437
7366 8432
7366 7976
7366 8214
7366 8129
7366 7587
7366 8215
7370 8092
7370 7907
7373 7679
7373 7987
7373 7453
7375 8215
7378 8441
7379 8105
7380 7731
7380 8707
7380 8374
7382 7526
7382 7911
7382 7393
7383 7827
7385 7736
7385 8692
7386 7649
7386 8008
7387 8385
7387 8582
7387 7891
7388 8036
7388 7700
7388 7590
7391 7887
7391 8544
7392 8334
7393 8347
7394 7882
7395 7770
7398 8136
7398 8250
7403 7761
7403 8130
7403 7835
7403 7644
7403 7488
7403 7957
7403 7777
7403 7629
7406 7649
7407 7998
7407 8249
7407 7472
7408 7992
7410 7623
7411 7870
7412 7867
7415 7788
7417 8751
7417 8507
7417 8327
7418 7518
7420 7974
7420 8677
7422 8372
7422 7789
7422 7658
7423 8536
7423 7652
7423 7609
7425 7969
7426 7839
7427 8340
7427 8037
7427 8534
7427 8484
7427 8099
7427 7967
7427 7787
7428 8555
7428 8522
7428 8469
7428 8123
7428 7657
7428 8064
7429 7577
7430 8627
7430 8117
7430 7488
7430 7486
7430 8754
7430 8628
7430 7634
7430 7611
7431 8230
7434 8242
7434 7564
7435 8265
7435 7967
7435 7490
7435 7867
7439 8375
7439 7990
7441 8002
7442 8750
7444 8532
7445 8296
7447 8697
7447 8618
7447 8409
7447 7832
7447 7563
7448 8602
7448 7962
7448 7833
7449 8173
7449 8662
7449 8558
7451 7943
7452 8481
7452 8186
7452 8157
7452 7634
7452 7552
7452 8615
7453 8351
7453 8317
7453 8184
7453 7751
7454 8393
7454 7985
7455 8324
7457 8365
7457 7668
7459 8058
7460 8093
7461 8205
7461 8484
7461 8183
7461 8532
7461 8149
7461 7663
7462 8472
7463 8101
7463 7599
7463 8529
7463 8493
7463 7823
7464 8534
7464 8194
7464 7526
7464 8755
7464 8619
7464 7777
7465 8573
7465 7588
7465 7562
7465 8271
7466 8713
7466 7623
7466 8686
7467 8076
7467 7807
7467 7772
7468 8131
7468 7981
7468 7640
7468 7606
7468 7481
7469 8170
7469 7782
7469 7658
7469 7627
7471 8560
7471 8114
7471 7648
7471 8132
7474 8456
7474 8135
7474 8114
7474 8551
7475 7513
7476 8267
7476 8112
7476 8581
7476 7797
7476 7625
7477 8348
7477 7793
7477 7787
7477 8641
7477 8491
7477 8476
7477 8471
7477 8297
7477 8250
7479 8655
7479 8495
7479 8490
7479 8306
7479 8305
7479 8297
7479 8119
7479 7975
7479 7652
7479 7636
7479 8245
7479 8132
7480 7839
7480 8742
7480 8114
7481 8213
7481 7746
7481 8170
7481 7807
7481 7777
7483 8315
7483 8055
7483 7956
7483 7646
7484 7913
7484 7962
7485 8645
7486 8484
7486 7962
7486 8638
7486 8532
7486 8296
7486 7825
7487 8269
7488 8527
7488 7606
7488 8558
7488 8133
7490 8397
7490 8658
7490 8140
7492 7736
7493 7697
7494 8378
7494 8287
7494 8621
7495 8164
7495 8061
7496 8161
7497 8518
7497 8046
7500 8223
7504 8036
7505 7608
7505 8451
7505 7769
7510 7796
7510 8713
7510 7976
7514 8572
7515 8170
7515 7963
7517 7834
7518 7816
7518 7698
7521 8289
7523 8193
7523 7830
7523 7793
7523 8639
7523 8479
7526 7998
7526 8440
7526 8125
7531 8757
7531 8510
7531 7561
7531 7536
7531 8668
7531 8129
7531 7601
7534 8220
7536 7976
7536 7660
7539 7847
7539 7941
7541 7660
7543 8509
7547 8379
7548 8723
7548 8120
7548 7807
7548 8731
7551 8729
7552 8751
7552 8746
7552 8712
7552 8150
7552 7802
7557 8031
7561 8421
7561 8726
7561 8102
7563 8223
7563 8152
7563 8398
7564 7782
7564 8245
7566 8608
7566 8658
7566 7791
7576 8672
7576 7660
7576 8532
7581 8046
7582 8647
7582 8423
7582 8746
7582 8473
7583 7597
7583 7890
7587 8593
7587 8183
7587 7639
7587 8306
7587 8263
7587 7782
7587 8502
7588 8507
7589 8714
7589 8248
7590 8748
7592 8088
7592 7913
7592 7925
7593 8529
7593 8451
7595 8404
7596 8373
7597 7843
7598 8184
7599 8703
7599 8484
7599 8258
7599 8168
7600 7864
7600 8133
7601 8723
7601 8214
7602 8076
7602 8322
7604 8387
7604 8310
7604 8650
7604 8558
7604 8315
7606 8752
7606 7981
7606 8168
7607 8379
7607 8273
7607 8219
7609 8390
7609 8747
7609 7629
7611 8497
7611 8358
7611 8112
7611 7826
7612 7872
7612 8551
7612 8338
7612 8268
7613 7839
7614 8628
7614 8469
7614 8201
7614 8154
7614 7646
7616 8744
7616 8478
7616 7957
7617 8310
7617 7833
7617 8460
7617 8142
7617 7794
7617 7691
7618 8442
7618 7637
7619 8517
7619 8069
7619 8664
7620 8521
7620 8461
7620 8124
7620 7982
7620 8739
7620 8483
7620 8411
7620 7893
7620 8061
7621 8489
7621 8330
7621 8186
7621 8135
7621 7825
7621 7794
7621 8198
7622 8625
7622 8495
7622 8473
7622 7809
7623 8259
7623 7867
7624 8174
7624 7888
7624 7633
7624 8462
7624 8365
7624 8245
7625 8328
7625 7800
7625 8621
7626 8368
7626 8477
7626 8476
7626 8319
7626 8216
7626 7807
7626 7673
7626 8498
7627 8728
7627 8483
7627 8411
7627 8351
7627 8306
7627 7646
7627 7632
7628 8491
7628 8140
7628 8058
7629 8697
7629 8484
7629 7793
7629 8728
7629 8477
7629 8154
7629 8142
7630 7653
7630 8211
7631 7930
7631 8158
7632 8756
7632 8183
7632 8469
7632 8392
7632 8126
7632 7673
7633 8368
7633 8231
7633 8123
7633 7862
7634 8517
7634 8329
7634 8257
7635 8343
7635 8335
7636 8644
7636 8560
7636 8125
7636 7790
7636 8514
7637 8146
7637 8664
7637 8646
7637 8328
7637 8299
7637 7893
7638 8255
7638 7805
7638 8480
7638 8335
7638 8138
7638 7973
7639 7984
7639 8136
7639 7833
7639 8723
7639 8140
7640 8593
7640 8521
7640 7982
7640 8330
7640 7658
7641 8627
7641 8162
7641 8581
7642 8517
7643 7888
7643 7835
7643 8646
7643 8560
7643 8465
7643 8402
7643 8214
7643 8186
7644 8447
7645 8677
7645 8459
7645 8442
7645 8306
7647 8306
7647 7987
7647 7795
7647 8308
7648 8718
7648 8168
7648 8514
7648 8331
7648 8148
7650 8136
7650 8392
7650 8122
7651 7781
7652 8250
7653 8633
7653 8489
7653 8314
7653 8058
7653 7794
7655 8179
7655 7865
7655 8723
7655 8691
7655 8624
7655 8107
7656 8718
7656 8299
7656 8086
7656 8029
7657 7980
7657 7805
7657 7809
7657 8439
7658 8311
7658 8117
7658 8149
7658 7668
7660 7835
7663 8570
7663 8532
7668 8624
7668 8492
7668 8128
7668 8656
7673 8267
7673 7888
7673 8328
7673 8323
7674 7969
7676 7848
7676 7805
7676 8456
7676 8307
7676 8259
7676 7842
7678 8725
7679 7756
7679 7987
7680 8380
7680 7966
7681 8393
7681 7985
7683 8247
7683 8712
7683 8418
7686 8247
7687 8577
7692 7826
7693 8358
7696 8190
7696 7917
7696 7752
7698 8344
7700 7781
7701 8416
7701 7757
7703 8479
7703 8206
7704 8384
7705 8528
7705 8228
7710 8000
7713 7780
7721 7885
7722 7891
7722 7870
7722 8683
7723 7914
7726 7890
7727 8374
7736 7857
7737 8434
7737 7754
7741 8654
7741 8220
7742 8581
7742 8541
7743 7856
7746 7877
7746 8310
7746 8493
7746 8261
7747 8261
7747 8196
7747 7917
7751 8487
7751 8467
7751 8278
7751 8209
7751 7862
7752 8150
7752 8519
7756 8521
7756 8432
7756 8050
7756 7974
7767 8011
7768 8038
7769 8500
7769 8176
7769 8439
7771 8714
7772 8643
7772 8493
7776 8474
7777 8756
7777 8654
7777 8196
7777 8138
7779 8288
7779 8605
7781 8227
7781 8221
7781 7877
7782 8324
7782 8491
7782 8439
7785 8056
7786 8708
7786 8176
7787 8756
7787 8659
7787 8655
7787 7833
7787 8302
7787 8011
7787 7807
7788 8188
7788 8739
7788 8641
7789 8491
7789 8467
7789 8201
7789 7983
7789 8705
7790 8069
7791 8287
7791 8083
7792 8404
7793 8726
7793 8681
7793 8484
7793 8079
7793 8479
7793 8307
7794 8162
7794 7828
7794 7814
7795 8726
7795 8539
7795 8487
7795 8315
7795 8185
7795 8150
7795 8140
7795 7970
7795 7828
7795 8546
7796 8633
7796 8620
7797 8620
7797 8169
7797 8486
7797 8259
7797 8123
7798 8539
7798 8392
7798 8502
7798 8441
7798 8147
7799 8615
7799 8268
7800 8744
7800 8124
7800 8307
7800 8178
7800 7901
7802 8128
7802 7911
7804 8491
7804 8424
7805 8633
7805 8593
7805 8497
7805 8169
7805 8751
7805 8488
7805 8460
7805 8365
7807 8628
7807 8365
7807 8273
7809 8458
7809 8343
7809 8245
7810 8409
7810 8329
7812 8254
7814 8332
7814 8654
7814 8624
7814 8327
7814 8649
7815 7981
7815 7826
7816 7904
7817 8704
7817 8087
7817 8643
7817 8418
7817 8328
7820 8277
7820 8713
7820 8079
7820 7830
7823 8751
7823 8175
7823 7979
7825 8548
7825 8532
7826 8358
7826 8003
7826 8209
7826 8121
7827 8411
7828 8140
7830 8410
7832 8710
7832 7852
7833 8478
7833 8495
7833 8490
7833 7987
7835 8664
7835 8459
7835 8442
7838 8484
7838 8003
7840 8173
7840 8538
7840 8270
7841 8157
7843 8316
7843 8000
7844 8587
7847 7901
7848 8588
7848 8028
7852 8477
7852 8244
7857 8347
7857 8157
7857 7956
7862 8321
7862 8213
7862 7962
7862 8664
7862 8154
7862 8666
7865 8713
7865 8742
7866 8755
7867 8478
7867 8216
7867 8145
7867 8135
7870 8320
7872 8531
7872 8148
7877 8269
7880 8199
7880 8702
7880 7965
7885 8390
7885 7969
7885 8751
7888 8145
7890 8724
7891 8640
7891 8436
7891 8351
7891 8023
7892 8523
7893 8263
7893 7983
7893 7917
7895 8057
7896 8411
7896 8546
7899 8533
7900 8081
7901 8470
7904 8537
7905 8487
7905 7988
7907 8473
7907 7989
7909 8109
7909 8665
7909 8502
7909 8463
7911 8721
7911 8661
7911 8435
7911 8335
7911 8208
7911 8191
7911 8150
7911 8145
7911 7973
7912 8133
7914 8606
7914 8061
7917 8456
7917 8665
7917 8502
7922 8551
7925 8756
7925 8534
7925 8330
7925 8325
7927 8730
7930 8659
7930 8380
7930 8311
7930 8663
7930 8631
7930 8303
7930 8129
7943 8343
7948 8096
7952 8565
7952 8411
7953 8655
7953 8247
7953 8408
7954 8231
7955 8030
7956 7973
7957 8478
7957 7962
7957 8492
7957 8335
7957 8314
7957 8217
7957 8463
7957 8175
7959 8079
7960 8645
7960 8602
7961 8629
7961 8505
7961 8340
7962 8563
7962 8593
7962 8158
7963 8535
7963 8532
7963 7989
7963 8514
7967 8410
7967 8633
7967 8380
7968 8654
7969 8759
7970 8099
7970 8203
7971 8215
7972 7979
7973 8460
7973 8319
7973 8302
7973 8252
7973 8470
7974 8459
7974 8373
7975 8475
7975 8366
7975 8663
7975 8150
7975 8138
7976 8739
7976 8677
7976 8496
7976 8301
7976 8118
7977 8627
7978 8658
7978 8560
7978 8485
7978 8314
7978 8306
7979 8665
7979 8308
7980 8627
7980 8321
7980 8728
7981 8717
7981 8655
7981 8647
7981 8272
7982 8756
7982 8427
7982 8387
7982 7983
7983 8311
7983 8481
7983 8329
7983 8299
7983 8217
7983 8651
7983 8408
7985 8145
7987 8392
7987 8329
7988 8161
7990 8443
7990 8477
7994 8323
7994 8140
7997 8689
7998 8423
7999 8413
8001 8431
8003 8708
8003 8113
8004 8357
8007 8574
8008 8531
8011 8565
8011 8378
8011 8377
8012 8174
8012 8370
8023 8531
8028 8477
8029 8644
8029 8665
8029 8139
8031 8575
8031 8494
8032 8752
8033 8371
8037 8667
8037 8521
8044 8602
8050 8640
8050 8301
8055 8332
8055 8113
8055 8314
8057 8364
8058 8471
8058 8466
8058 8258
8058 8393
8058 8189
8061 8442
8061 8268
8064 8154
8064 8119
8064 8439
8064 8164
8066 8563
8066 8069
8066 8747
8069 8691
8072 8676
8074 8124
8074 8113
8079 8410
8081 8332
8082 8333
8084 8433
8084 8533
8086 8616
8088 8443
8088 8368
8089 8432
8089 8282
8089 8469
8092 8737
8096 8720
8096 8379
8096 8330
8099 8433
8099 8686
8099 8328
8099 8220
8099 8181
8101 8586
8104 8310
8105 8132
8106 8218
8107 8437
8107 8392
8107 8727
8107 8657
8109 8412
8110 8517
8110 8171
8110 8434
8112 8179
8112 8163
8113 8631
8113 8138
8114 8270
8115 8254
8118 8636
8118 8657
8118 8360
8119 8348
8119 8459
8119 8402
8119 8314
8119 8220
8120 8659
8120 8664
8120 8495
8120 8476
8120 8257
8120 8138
8121 8432
8121 8390
8122 8184
8123 8643
8123 8495
8123 8259
8125 8661
8125 8250
8125 8180
8126 8527
8127 8636
8130 8672
8130 8529
8130 8492
8131 8395
8131 8660
8131 8633
8131 8141
8132 8656
8133 8537
8133 8534
8133 8442
8133 8156
8134 8407
8136 8646
8137 8487
8137 8477
8137 8434
8137 8262
8137 8220
8138 8620
8138 8619
8139 8373
8140 8304
8140 8325
8140 8150
8141 8459
8141 8302
8141 8163
8141 8331
8141 8156
8142 8663
8142 8529
8142 8500
8142 8297
8142 8439
8143 8353
8143 8388
8145 8720
8145 8541
8145 8220
8145 8154
8146 8479
8146 8302
8147 8419
8147 8175
8148 8558
8148 8370
8148 8333
8149 8625
8149 8476
8149 8273
8151 8299
8151 8278
8152 8475
8152 8549
8152 8519
8153 8169
8153 8307
8154 8162
8154 8646
8154 8306
8154 8217
8154 8393
8155 8447
8156 8653
8156 8560
8156 8731
8158 8318
8158 8297
8158 8199
8159 8744
8159 8648
8159 8495
8160 8722
8160 8412
8160 8217
8161 8496
8161 8383
8162 8633
8162 8348
8162 8183
8162 8485
8163 8627
8163 8321
8163 8183
8163 8565
8163 8496
8163 8299
8163 8184
8164 8498
8165 8630
8165 8457
8168 8627
8168 8718
8168 8486
8168 8278
8168 8656
8169 8382
8169 8446
8169 8307
8170 8744
8170 8495
8173 8713
8173 8537
8173 8325
8173 8305
8174 8217
8175 8723
8176 8698
8178 8213
8178 8739
8178 8638
8178 8539
8179 8433
8179 8633
8179 8385
8180 8292
8181 8668
8181 8536
8181 8500
8181 8307
8183 8505
8183 8388
8184 8459
8184 8402
8184 8217
8185 8738
8185 8575
8185 8559
8186 8196
8189 8275
8191 8661
8191 8488
8191 8435
8191 8314
8191 8258
8191 8268
8196 8491
8196 8487
8196 8485
8196 8459
8196 8329
8196 8309
8196 8206
8198 8686
8198 8731
8198 8520
8199 8245
8201 8517
8201 8314
8201 8531
8202 8415
8203 8307
8203 8292
8204 8353
8204 8747
8206 8625
8206 8565
8206 8539
8206 8483
8206 8473
8206 8309
8207 8426
8209 8652
8209 8539
8209 8467
8209 8309
8211 8558
8211 8468
8212 8454
8213 8330
8214 8314
8217 8464
8217 8466
8219 8512
8221 8298
8225 8402
8226 8757
8226 8548
8226 8533
8231 8677
8240 8344
8245 8625
8245 8666
8247 8659
8247 8259
8248 8714
8248 8637
8249 8290
8250 8495
8250 8493
8250 8453
8252 8659
8254 8532
8254 8483
8254 8370
8256 8366
8257 8478
8257 8581
8257 8495
8257 8476
8257 8467
8257 8374
8258 8636
8259 8710
8259 8514
8261 8458
8262 8723
8262 8379
8262 8309
8263 8490
8267 8611
8267 8581
8268 8746
8268 8624
8268 8414
8268 8307
8270 8745
8272 8532
8273 8348
8273 8654
8273 8619
8273 8379
8273 8364
8273 8546
8274 8371
8278 8746
8278 8650
8279 8534
8282 8652
8287 8588
8289 8376
8289 8621
8292 8478
8292 8710
8292 8558
8292 8302
8292 8546
8295 8491
8296 8634
8297 8593
8297 8477
8299 8335
8300 8383
8301 8627
8301 8331
8303 8497
8303 8402
8304 8537
8304 8437
8305 8325
8305 8319
8306 8730
8306 8697
8306 8664
8306 8491
8306 8498
8307 8581
8307 8325
8308 8331
8309 8575
8310 8375
8310 8556
8310 8382
8311 8440
8313 8751
8314 8655
8314 8475
8314 8479
8314 8409
8314 8463
8315 8708
8315 8667
8315 8456
8316 8672
8316 8652
8317 8635
8318 8728
8318 8631
8319 8388
8319 8559
8320 8552
8321 8563
8323 8713
8324 8740
8324 8646
8324 8485
8326 8676
8326 8539
8328 8725
8329 8532
8331 8677
8331 8493
8331 8438
8332 8555
8332 8458
8333 8702
8333 8393
8335 8411
8335 8365
8338 8374
8343 8712
8348 8581
8348 8477
8351 8432
8352 8419
8359 8599
8363 8745
8364 8477
8364 8606
8365 8557
8365 8453
8368 8527
8370 8664
8370 8473
8373 8469
8377 8657
8377 8649
8377 8575
8378 8474
8378 8665
8378 8656
8382 8584
8383 8650
8383 8409
8388 8498
8389 8741
8390 8636
8392 8635
8392 8442
8393 8650
8397 8602
8398 8656
8400 8749
8402 8733
8402 8438
8407 8630
8409 8443
8410 8510
8411 8627
8411 8641
8411 8471
8411 8736
8412 8635
8414 8619
8414 8651
8419 8441
8422 8607
8428 8691
8428 8535
8428 8467
8432 8437
8434 8473
8435 8468
8436 8672
8436 8653
8439 8470
8440 8559
8442 8469
8443 8602
8446 8475
8447 8673
8448 8583
8448 8539
8448 8634
8456 8664
8456 8495
8459 8633
8459 8739
8460 8746
8460 8663
8460 8654
8461 8673
8461 8492
8462 8546
8463 8471
8464 8744
8465 8526
8465 8638
8467 8473
8468 8730
8468 8475
8468 8486
8469 8676
8469 8653
8471 8651
8472 8664
8472 8624
8472 8565
8473 8496
8474 8723
8474 8486
8475 8712
8476 8500
8477 8497
8477 8536
8478 8756
8478 8495
8479 8565
8479 8651
8481 8663
8481 8491
8483 8739
8485 8655
8485 8691
8485 8489
8486 8654
8487 8739
8487 8491
8487 8551
8488 8658
8488 8650
8488 8539
8488 8546
8489 8666
8491 8619
8492 8659
8492 8521
8493 8751
8495 8756
8495 8534
8496 8631
8498 8500
8498 8656
8500 8502
8502 8663
8505 8696
8514 8638
8517 8647
8521 8522
8522 8702
8526 8627
8526 8558
8534 8756
8536 8558
8537 8704
8537 8713
8537 8658
8539 8583
8546 8751
8546 8654
8546 8733
8548 8708
8551 8559
8553 8588
8555 8660
8555 8644
8556 8647
8558 8627
8563 8661
8563 8647
8567 8758
8570 8697
8581 8728
8581 8636
8593 8723
8614 8642
8614 8639
8621 8727
8624 8664
8627 8655
8631 8638
8633 8660
8633 8641
8635 8754
8636 8756
8638 8663
8643 8744
8645 8759
8645 8747
8645 8723
8646 8672
8654 8751
8659 8744
8659 8730
8663 8691
8667 8708
8668 8747
8710 8755
8717 8756
8729 8755
8735 8739
8739 8744
8747 8759
