 1  0.00282042287
 2  0.00294862385
 3  0.0026922219
 4  0.00282042287
 5  0.00294862385
 6  0.00282042287
 7  0.00294862385
 8  0.00294862385
 9  0.00294862385
 10  0.00294862385
 11  0.00307682483
 12  0.00307682483
 13  0.00307682483
 14  0.00307682483
 15  0.00307682483
 16  0.00307682483
 17  0.00307682483
 18  0.00320502603
 19  0.00294862385
 20  0.00307682483
 21  0.00307682483
 22  0.00307682483
 23  0.00320502603
 24  0.00307682483
 25  0.00307682483
 26  0.00320502603
 27  0.00320502603
 28  0.00320502603
 29  0.00320502603
 30  0.00320502603
 31  0.00320502603
 32  0.00333322701
 33  0.00333322701
 34  0.00320502603
 35  0.00320502603
 36  0.00320502603
 37  0.00320502603
 38  0.00307682483
 39  0.00333322701
 40  0.00333322701
 41  0.00320502603
 42  0.00346142799
 43  0.00320502603
 44  0.00320502603
 45  0.00320502603
 46  0.00320502603
 47  0.00320502603
 48  0.00333322701
 49  0.00320502603
 50  0.00320502603
 51  0.00307682483
 52  0.00307682483
 53  0.00320502603
 54  0.00320502603
 55  0.00333322701
 56  0.00333322701
 57  0.00333322701
 58  0.00333322701
 59  0.00320502603
 60  0.00333322701
 61  0.00320502603
 62  0.00333322701
 63  0.00320502603
 64  0.00333322701
 65  0.00320502603
 66  0.00320502603
 67  0.00320502603
 68  0.00320502603
 69  0.00320502603
 70  0.00333322701
 71  0.00307682483
 72  0.00307682483
 73  0.00320502603
 74  0.00320502603
 75  0.00320502603
 76  0.00320502603
 77  0.00320502603
 78  0.00320502603
 79  0.00320502603
 80  0.00320502603
 81  0.00333322701
 82  0.00333322701
 83  0.00320502603
 84  0.00333322701
 85  0.00333322701
 86  0.00333322701
 87  0.00333322701
 88  0.00320502603
 89  0.00333322701
 90  0.00320502603
 91  0.00320502603
 92  0.00320502603
 93  0.00333322701
 94  0.00320502603
 95  0.00320502603
 96  0.00307682483
 97  0.00333322701
 98  0.00320502603
 99  0.00320502603
 100  0.00333322701
 101  0.00333322701
 102  0.00333322701
 103  0.00320502603
 104  0.00333322701
 105  0.00320502603
 106  0.00320502603
 107  0.00320502603
 108  0.00333322701
 109  0.00333322701
 110  0.00333322701
 111  0.00320502603
 112  0.00320502603
 113  0.00320502603
 114  0.00320502603
 115  0.00307682483
 116  0.00307682483
 117  0.00320502603
 118  0.00320502603
 119  0.00320502603
 120  0.00320502603
 121  0.00320502603
 122  0.00320502603
 123  0.00333322701
 124  0.00333322701
 125  0.00320502603
 126  0.00333322701
 127  0.00346142799
 128  0.00320502603
 129  0.00333322701
 130  0.00320502603
 131  0.00320502603
 132  0.00320502603
 133  0.00346142799
 134  0.00333322701
 135  0.00320502603
 136  0.00320502603
 137  0.00320502603
 138  0.00320502603
 139  0.00320502603
 140  0.00320502603
 141  0.00333322701
 142  0.00307682483
 143  0.00320502603
 144  0.00320502603
 145  0.00307682483
 146  0.00320502603
 147  0.00320502603
 148  0.00320502603
 149  0.00320502603
 150  0.00320502603
 151  0.00320502603
 152  0.00307682483
 153  0.00320502603
 154  0.00333322701
 155  0.00294862385
 156  0.00307682483
 157  0.00307682483
 158  0.00320502603
 159  0.00307682483
 160  0.00307682483
 161  0.00320502603
 162  0.00294862385
 163  0.00294862385
 164  0.00307682483
 165  0.00320502603
 166  0.00307682483
 167  0.00307682483
 168  0.00294862385
 169  0.00294862385
 170  0.00294862385
 171  0.00307682483
 172  0.00307682483
 173  0.00320502603
 174  0.00307682483
 175  0.00320502603
 176  0.00294862385
 177  0.00307682483
 178  0.00307682483
 179  0.00320502603
 180  0.00320502603
 181  0.00320502603
 182  0.00307682483
 183  0.00320502603
 184  0.00320502603
 185  0.00333322701
 186  0.00320502603
 187  0.00320502603
 188  0.00320502603
 189  0.00320502603
 190  0.00320502603
 191  0.00333322701
 192  0.00320502603
 193  0.00320502603
 194  0.00320502603
 195  0.00320502603
 196  0.00320502603
 197  0.00333322701
 198  0.00346142799
 199  0.00333322701
 200  0.00320502603
 201  0.00320502603
 202  0.00320502603
 203  0.00346142799
 204  0.00320502603
 205  0.00333322701
 206  0.00333322701
 207  0.00320502603
 208  0.00333322701
 209  0.00333322701
 210  0.00333322701
 211  0.00320502603
 212  0.00320502603
 213  0.00333322701
 214  0.00320502603
 215  0.00320502603
 216  0.00320502603
 217  0.00333322701
 218  0.00333322701
 219  0.00320502603
 220  0.00320502603
 221  0.00333322701
 222  0.00333322701
 223  0.00320502603
 224  0.00333322701
 225  0.00333322701
 226  0.00333322701
 227  0.00320502603
 228  0.00333322701
 229  0.00333322701
 230  0.00333322701
 231  0.00333322701
 232  0.00333322701
 233  0.00333322701
 234  0.00333322701
 235  0.00333322701
 236  0.00320502603
 237  0.00320502603
 238  0.00333322701
 239  0.00333322701
 240  0.00320502603
 241  0.00333322701
 242  0.00333322701
 243  0.00333322701
 244  0.00333322701
 245  0.00333322701
 246  0.00320502603
 247  0.00333322701
 248  0.00333322701
 249  0.00320502603
 250  0.00333322701
 251  0.00333322701
 252  0.00320502603
 253  0.00333322701
 254  0.00333322701
 255  0.00333322701
 256  0.00358962896
 257  0.00333322701
 258  0.00333322701
 259  0.00333322701
 260  0.00333322701
 261  0.00333322701
 262  0.00320502603
 263  0.00333322701
 264  0.00320502603
 265  0.00333322701
 266  0.00333322701
 267  0.00333322701
 268  0.00333322701
 269  0.00333322701
 270  0.00333322701
 271  0.00346142799
 272  0.00333322701
 273  0.00333322701
 274  0.00333322701
 275  0.00346142799
 276  0.00333322701
 277  0.00333322701
 278  0.00333322701
 279  0.00346142799
 280  0.00346142799
 281  0.00333322701
 282  0.00333322701
 283  0.00333322701
 284  0.00320502603
 285  0.00333322701
 286  0.00333322701
 287  0.00320502603
 288  0.00333322701
 289  0.00333322701
 290  0.00333322701
 291  0.00333322701
 292  0.00346142799
 293  0.00333322701
 294  0.00346142799
 295  0.00333322701
 296  0.00333322701
 297  0.00333322701
 298  0.00333322701
 299  0.00333322701
 300  0.00333322701
 301  0.00333322701
 302  0.00333322701
 303  0.00333322701
 304  0.00333322701
 305  0.00333322701
 306  0.00333322701
 307  0.00320502603
 308  0.00333322701
 309  0.00333322701
 310  0.00320502603
 311  0.00333322701
 312  0.00307682483
 313  0.00320502603
 314  0.00333322701
 315  0.00333322701
 316  0.00320502603
 317  0.00320502603
 318  0.00320502603
 319  0.00320502603
 320  0.00333322701
 321  0.00320502603
 322  0.00320502603
 323  0.00320502603
 324  0.00320502603
 325  0.00320502603
 326  0.00320502603
 327  0.00320502603
 328  0.00333322701
 329  0.00307682483
 330  0.00307682483
 331  0.00320502603
 332  0.00320502603
 333  0.00307682483
 334  0.00307682483
 335  0.00307682483
 336  0.00294862385
 337  0.00307682483
 338  0.00307682483
 339  0.00307682483
 340  0.00307682483
 341  0.00320502603
 342  0.00320502603
 343  0.00307682483
 344  0.00307682483
 345  0.00307682483
 346  0.00333322701
 347  0.00320502603
 348  0.00307682483
 349  0.00320502603
 350  0.00307682483
 351  0.00307682483
 352  0.00333322701
 353  0.00320502603
 354  0.00320502603
 355  0.00333322701
 356  0.00333322701
 357  0.00333322701
 358  0.00320502603
 359  0.00333322701
 360  0.00320502603
 361  0.00333322701
 362  0.00333322701
 363  0.00346142799
 364  0.00346142799
 365  0.00333322701
 366  0.00333322701
 367  0.00346142799
 368  0.00346142799
 369  0.00333322701
 370  0.00346142799
 371  0.00346142799
 372  0.00333322701
 373  0.00346142799
 374  0.00346142799
 375  0.00346142799
 376  0.00346142799
 377  0.00346142799
 378  0.00346142799
 379  0.00333322701
 380  0.00346142799
 381  0.00333322701
 382  0.00333322701
 383  0.00346142799
 384  0.00333322701
 385  0.00346142799
 386  0.00346142799
 387  0.00333322701
 388  0.00333322701
 389  0.00333322701
 390  0.00320502603
 391  0.00346142799
 392  0.00346142799
 393  0.00333322701
 394  0.00333322701
 395  0.00333322701
 396  0.00346142799
 397  0.00333322701
 398  0.00333322701
 399  0.00333322701
 400  0.00333322701
 401  0.00320502603
 402  0.00333322701
 403  0.00346142799
 404  0.00333322701
 405  0.00333322701
 406  0.00333322701
 407  0.00320502603
 408  0.00320502603
 409  0.00333322701
 410  0.00333322701
 411  0.00333322701
 412  0.00320502603
 413  0.00320502603
 414  0.00333322701
 415  0.00346142799
 416  0.00333322701
 417  0.00333322701
 418  0.00333322701
 419  0.00333322701
 420  0.00333322701
 421  0.00333322701
 422  0.00346142799
 423  0.00346142799
 424  0.00346142799
 425  0.00320502603
 426  0.00333322701
 427  0.00333322701
 428  0.00333322701
 429  0.00333322701
 430  0.00346142799
 431  0.00320502603
 432  0.00333322701
 433  0.00346142799
 434  0.00333322701
 435  0.00320502603
 436  0.00333322701
 437  0.00333322701
 438  0.00346142799
 439  0.00333322701
 440  0.00333322701
 441  0.00333322701
 442  0.00333322701
 443  0.00333322701
 444  0.00333322701
 445  0.00346142799
 446  0.00358962896
 447  0.00346142799
 448  0.00333322701
 449  0.00333322701
 450  0.00333322701
 451  0.00333322701
 452  0.00320502603
 453  0.00333322701
 454  0.00320502603
 455  0.00333322701
 456  0.00333322701
 457  0.00346142799
 458  0.00333322701
 459  0.00333322701
 460  0.00346142799
 461  0.00333322701
 462  0.00346142799
 463  0.00346142799
 464  0.00333322701
 465  0.00346142799
 466  0.00346142799
 467  0.00333322701
 468  0.00346142799
 469  0.00333322701
 470  0.00333322701
 471  0.00333322701
 472  0.00346142799
 473  0.00346142799
 474  0.00346142799
 475  0.00333322701
 476  0.00333322701
 477  0.00320502603
 478  0.00333322701
 479  0.00320502603
 480  0.00333322701
 481  0.00320502603
 482  0.00346142799
 483  0.00346142799
 484  0.00333322701
 485  0.00333322701
 486  0.00333322701
 487  0.00333322701
 488  0.00320502603
 489  0.00320502603
 490  0.00333322701
 491  0.00333322701
 492  0.00333322701
 493  0.00333322701
 494  0.00333322701
 495  0.00320502603
 496  0.00333322701
 497  0.00320502603
 498  0.00320502603
 499  0.00320502603
 500  0.00320502603

 1  0.00384603115
 2  0.00384603115
 3  0.00358962896
 4  0.00384603115
 5  0.00384603115
 6  0.00371783017
 7  0.00397423236
 8  0.00397423236
 9  0.00397423236
 10  0.00397423236
 11  0.0041024331
 12  0.0041024331
 13  0.00397423236
 14  0.0041024331
 15  0.0041024331
 16  0.00397423236
 17  0.0041024331
 18  0.0041024331
 19  0.0041024331
 20  0.00397423236
 21  0.0041024331
 22  0.00397423236
 23  0.00423063431
 24  0.0041024331
 25  0.0041024331
 26  0.0041024331
 27  0.0041024331
 28  0.00397423236
 29  0.0041024331
 30  0.00423063431
 31  0.00423063431
 32  0.00435883505
 33  0.00423063431
 34  0.00423063431
 35  0.00423063431
 36  0.00423063431
 37  0.00423063431
 38  0.00423063431
 39  0.00435883505
 40  0.00435883505
 41  0.00423063431
 42  0.00435883505
 43  0.00435883505
 44  0.00423063431
 45  0.00423063431
 46  0.00435883505
 47  0.00423063431
 48  0.00423063431
 49  0.00435883505
 50  0.00423063431
 51  0.00423063431
 52  0.0041024331
 53  0.0041024331
 54  0.00423063431
 55  0.00435883505
 56  0.00435883505
 57  0.00435883505
 58  0.00423063431
 59  0.00423063431
 60  0.00423063431
 61  0.00423063431
 62  0.00435883505
 63  0.00423063431
 64  0.00435883505
 65  0.00423063431
 66  0.00423063431
 67  0.00423063431
 68  0.00423063431
 69  0.00423063431
 70  0.00423063431
 71  0.00423063431
 72  0.00423063431
 73  0.00423063431
 74  0.0041024331
 75  0.00423063431
 76  0.00423063431
 77  0.0041024331
 78  0.00423063431
 79  0.00423063431
 80  0.00423063431
 81  0.00423063431
 82  0.00435883505
 83  0.00423063431
 84  0.00435883505
 85  0.00435883505
 86  0.00435883505
 87  0.00435883505
 88  0.00435883505
 89  0.00423063431
 90  0.00423063431
 91  0.00423063431
 92  0.00423063431
 93  0.00435883505
 94  0.00423063431
 95  0.00423063431
 96  0.00397423236
 97  0.00423063431
 98  0.00423063431
 99  0.00423063431
 100  0.00435883505
 101  0.00435883505
 102  0.00435883505
 103  0.00423063431
 104  0.00435883505
 105  0.00435883505
 106  0.00423063431
 107  0.00435883505
 108  0.00435883505
 109  0.00435883505
 110  0.00435883505
 111  0.00423063431
 112  0.00423063431
 113  0.00435883505
 114  0.00423063431
 115  0.00423063431
 116  0.00423063431
 117  0.00423063431
 118  0.00423063431
 119  0.00423063431
 120  0.00423063431
 121  0.00435883505
 122  0.00423063431
 123  0.00423063431
 124  0.00435883505
 125  0.00435883505
 126  0.00435883505
 127  0.00435883505
 128  0.00423063431
 129  0.00435883505
 130  0.00423063431
 131  0.00423063431
 132  0.00423063431
 133  0.00435883505
 134  0.00435883505
 135  0.00423063431
 136  0.00423063431
 137  0.00435883505
 138  0.00423063431
 139  0.00448703626
 140  0.00423063431
 141  0.00435883505
 142  0.0041024331
 143  0.00423063431
 144  0.00423063431
 145  0.00423063431
 146  0.00423063431
 147  0.00423063431
 148  0.00423063431
 149  0.00423063431
 150  0.00423063431
 151  0.00423063431
 152  0.0041024331
 153  0.00423063431
 154  0.00435883505
 155  0.0041024331
 156  0.00423063431
 157  0.00423063431
 158  0.00423063431
 159  0.00435883505
 160  0.0041024331
 161  0.00423063431
 162  0.0041024331
 163  0.00423063431
 164  0.0041024331
 165  0.00423063431
 166  0.00397423236
 167  0.00397423236
 168  0.00397423236
 169  0.0041024331
 170  0.0041024331
 171  0.00423063431
 172  0.0041024331
 173  0.0041024331
 174  0.0041024331
 175  0.00423063431
 176  0.0041024331
 177  0.00423063431
 178  0.00423063431
 179  0.00423063431
 180  0.00423063431
 181  0.00435883505
 182  0.00423063431
 183  0.00423063431
 184  0.00423063431
 185  0.00435883505
 186  0.0041024331
 187  0.00423063431
 188  0.00423063431
 189  0.00423063431
 190  0.00423063431
 191  0.00423063431
 192  0.00423063431
 193  0.00423063431
 194  0.00435883505
 195  0.00423063431
 196  0.00435883505
 197  0.00435883505
 198  0.00448703626
 199  0.00448703626
 200  0.00435883505
 201  0.00435883505
 202  0.00435883505
 203  0.00448703626
 204  0.00448703626
 205  0.00448703626
 206  0.00435883505
 207  0.00435883505
 208  0.00448703626
 209  0.00448703626
 210  0.00435883505
 211  0.00435883505
 212  0.00435883505
 213  0.00435883505
 214  0.00423063431
 215  0.00435883505
 216  0.00423063431
 217  0.00423063431
 218  0.00435883505
 219  0.00423063431
 220  0.00423063431
 221  0.00435883505
 222  0.00435883505
 223  0.00435883505
 224  0.00435883505
 225  0.00435883505
 226  0.00435883505
 227  0.00435883505
 228  0.00448703626
 229  0.00435883505
 230  0.00448703626
 231  0.00435883505
 232  0.00435883505
 233  0.00435883505
 234  0.00435883505
 235  0.00448703626
 236  0.00423063431
 237  0.00423063431
 238  0.00435883505
 239  0.00435883505
 240  0.00423063431
 241  0.00435883505
 242  0.00435883505
 243  0.00435883505
 244  0.00435883505
 245  0.00435883505
 246  0.00423063431
 247  0.00435883505
 248  0.00448703626
 249  0.00435883505
 250  0.00448703626
 251  0.00435883505
 252  0.00435883505
 253  0.00423063431
 254  0.00435883505
 255  0.00435883505
 256  0.00448703626
 257  0.00435883505
 258  0.00448703626
 259  0.00435883505
 260  0.00435883505
 261  0.00435883505
 262  0.00423063431
 263  0.00435883505
 264  0.00423063431
 265  0.00435883505
 266  0.00435883505
 267  0.00435883505
 268  0.00448703626
 269  0.00448703626
 270  0.00423063431
 271  0.00448703626
 272  0.00435883505
 273  0.00435883505
 274  0.00435883505
 275  0.00448703626
 276  0.00448703626
 277  0.00435883505
 278  0.00448703626
 279  0.00435883505
 280  0.00435883505
 281  0.00448703626
 282  0.00435883505
 283  0.00448703626
 284  0.00435883505
 285  0.00435883505
 286  0.00448703626
 287  0.00435883505
 288  0.00435883505
 289  0.00448703626
 290  0.00435883505
 291  0.00448703626
 292  0.00448703626
 293  0.00448703626
 294  0.00448703626
 295  0.00448703626
 296  0.00448703626
 297  0.00448703626
 298  0.00435883505
 299  0.00461523747
 300  0.00435883505
 301  0.00435883505
 302  0.00435883505
 303  0.00448703626
 304  0.00435883505
 305  0.00435883505
 306  0.00448703626
 307  0.00435883505
 308  0.00448703626
 309  0.00435883505
 310  0.00435883505
 311  0.00435883505
 312  0.00423063431
 313  0.00423063431
 314  0.00423063431
 315  0.00423063431
 316  0.00423063431
 317  0.00423063431
 318  0.00423063431
 319  0.00423063431
 320  0.00435883505
 321  0.00435883505
 322  0.00423063431
 323  0.00448703626
 324  0.00435883505
 325  0.00423063431
 326  0.00423063431
 327  0.00435883505
 328  0.00435883505
 329  0.0041024331
 330  0.0041024331
 331  0.00423063431
 332  0.00423063431
 333  0.0041024331
 334  0.0041024331
 335  0.00423063431
 336  0.0041024331
 337  0.00423063431
 338  0.00423063431
 339  0.0041024331
 340  0.0041024331
 341  0.00423063431
 342  0.00423063431
 343  0.00423063431
 344  0.00435883505
 345  0.00423063431
 346  0.00435883505
 347  0.00423063431
 348  0.00423063431
 349  0.00435883505
 350  0.00423063431
 351  0.00423063431
 352  0.00435883505
 353  0.00423063431
 354  0.00435883505
 355  0.00435883505
 356  0.00435883505
 357  0.00423063431
 358  0.00435883505
 359  0.00435883505
 360  0.00423063431
 361  0.00435883505
 362  0.00448703626
 363  0.00435883505
 364  0.00435883505
 365  0.00435883505
 366  0.00448703626
 367  0.00448703626
 368  0.00461523747
 369  0.00435883505
 370  0.00448703626
 371  0.00435883505
 372  0.00448703626
 373  0.00448703626
 374  0.00448703626
 375  0.00448703626
 376  0.00461523747
 377  0.00448703626
 378  0.00448703626
 379  0.00448703626
 380  0.00461523747
 381  0.00448703626
 382  0.00448703626
 383  0.00435883505
 384  0.00435883505
 385  0.00435883505
 386  0.00448703626
 387  0.00435883505
 388  0.00448703626
 389  0.00448703626
 390  0.00435883505
 391  0.00448703626
 392  0.00435883505
 393  0.00448703626
 394  0.00448703626
 395  0.00435883505
 396  0.00448703626
 397  0.00435883505
 398  0.00448703626
 399  0.00435883505
 400  0.00448703626
 401  0.00435883505
 402  0.00448703626
 403  0.00435883505
 404  0.00435883505
 405  0.00435883505
 406  0.00435883505
 407  0.00435883505
 408  0.00435883505
 409  0.00435883505
 410  0.00435883505
 411  0.00435883505
 412  0.00435883505
 413  0.00435883505
 414  0.00448703626
 415  0.00461523747
 416  0.00435883505
 417  0.00448703626
 418  0.00435883505
 419  0.00435883505
 420  0.00435883505
 421  0.00435883505
 422  0.00448703626
 423  0.00461523747
 424  0.00461523747
 425  0.00435883505
 426  0.00448703626
 427  0.00448703626
 428  0.00448703626
 429  0.00435883505
 430  0.00448703626
 431  0.00423063431
 432  0.00435883505
 433  0.00448703626
 434  0.00435883505
 435  0.00435883505
 436  0.00448703626
 437  0.00435883505
 438  0.00448703626
 439  0.00435883505
 440  0.00435883505
 441  0.00448703626
 442  0.00448703626
 443  0.00435883505
 444  0.00435883505
 445  0.00448703626
 446  0.00461523747
 447  0.00448703626
 448  0.00435883505
 449  0.00448703626
 450  0.00461523747
 451  0.00448703626
 452  0.00435883505
 453  0.00435883505
 454  0.00435883505
 455  0.00448703626
 456  0.00448703626
 457  0.00448703626
 458  0.00448703626
 459  0.00435883505
 460  0.00435883505
 461  0.00461523747
 462  0.00448703626
 463  0.00448703626
 464  0.00435883505
 465  0.00461523747
 466  0.00461523747
 467  0.00448703626
 468  0.00448703626
 469  0.00435883505
 470  0.00448703626
 471  0.00448703626
 472  0.00448703626
 473  0.00448703626
 474  0.00461523747
 475  0.00448703626
 476  0.00435883505
 477  0.00435883505
 478  0.00435883505
 479  0.00435883505
 480  0.00448703626
 481  0.00435883505
 482  0.00448703626
 483  0.00448703626
 484  0.00448703626
 485  0.00448703626
 486  0.00448703626
 487  0.00435883505
 488  0.00435883505
 489  0.00435883505
 490  0.00448703626
 491  0.00448703626
 492  0.00435883505
 493  0.00435883505
 494  0.00435883505
 495  0.00435883505
 496  0.00448703626
 497  0.00423063431
 498  0.00423063431
 499  0.00435883505
 500  0.00435883505

 1  0.00461523747
 2  0.00474343821
 3  0.00435883505
 4  0.00461523747
 5  0.00461523747
 6  0.00448703626
 7  0.00487163942
 8  0.00474343821
 9  0.00474343821
 10  0.00474343821
 11  0.00487163942
 12  0.00499984063
 13  0.00487163942
 14  0.00487163942
 15  0.00487163942
 16  0.00487163942
 17  0.00487163942
 18  0.00499984063
 19  0.00499984063
 20  0.00487163942
 21  0.00499984063
 22  0.00487163942
 23  0.00487163942
 24  0.00487163942
 25  0.00487163942
 26  0.00487163942
 27  0.00487163942
 28  0.00487163942
 29  0.00512804138
 30  0.00499984063
 31  0.00499984063
 32  0.00512804138
 33  0.00512804138
 34  0.00512804138
 35  0.00512804138
 36  0.00512804138
 37  0.00499984063
 38  0.00512804138
 39  0.00525624258
 40  0.00525624258
 41  0.00499984063
 42  0.00512804138
 43  0.00512804138
 44  0.00499984063
 45  0.00512804138
 46  0.00512804138
 47  0.00512804138
 48  0.00499984063
 49  0.00512804138
 50  0.00512804138
 51  0.00499984063
 52  0.00499984063
 53  0.00499984063
 54  0.00499984063
 55  0.00512804138
 56  0.00512804138
 57  0.00512804138
 58  0.00512804138
 59  0.00525624258
 60  0.00512804138
 61  0.00512804138
 62  0.00538444379
 63  0.00512804138
 64  0.00525624258
 65  0.00499984063
 66  0.00512804138
 67  0.00499984063
 68  0.00499984063
 69  0.00487163942
 70  0.00499984063
 71  0.00499984063
 72  0.00512804138
 73  0.00499984063
 74  0.00499984063
 75  0.00499984063
 76  0.00512804138
 77  0.00499984063
 78  0.00499984063
 79  0.00512804138
 80  0.00512804138
 81  0.00512804138
 82  0.00512804138
 83  0.00512804138
 84  0.00512804138
 85  0.00512804138
 86  0.00525624258
 87  0.00512804138
 88  0.00512804138
 89  0.00499984063
 90  0.00512804138
 91  0.00499984063
 92  0.00512804138
 93  0.00512804138
 94  0.00499984063
 95  0.00499984063
 96  0.00487163942
 97  0.00499984063
 98  0.00512804138
 99  0.00499984063
 100  0.00512804138
 101  0.00512804138
 102  0.00512804138
 103  0.00512804138
 104  0.00525624258
 105  0.00512804138
 106  0.00499984063
 107  0.00512804138
 108  0.00525624258
 109  0.00525624258
 110  0.00512804138
 111  0.00512804138
 112  0.00499984063
 113  0.00525624258
 114  0.00512804138
 115  0.00499984063
 116  0.00512804138
 117  0.00512804138
 118  0.00499984063
 119  0.00512804138
 120  0.00512804138
 121  0.00512804138
 122  0.00512804138
 123  0.00525624258
 124  0.00512804138
 125  0.00512804138
 126  0.00525624258
 127  0.00525624258
 128  0.00525624258
 129  0.00525624258
 130  0.00512804138
 131  0.00512804138
 132  0.00525624258
 133  0.00512804138
 134  0.00525624258
 135  0.00512804138
 136  0.00512804138
 137  0.00525624258
 138  0.00499984063
 139  0.00525624258
 140  0.00499984063
 141  0.00512804138
 142  0.00499984063
 143  0.00499984063
 144  0.00499984063
 145  0.00512804138
 146  0.00499984063
 147  0.00512804138
 148  0.00499984063
 149  0.00512804138
 150  0.00512804138
 151  0.00499984063
 152  0.00499984063
 153  0.00499984063
 154  0.00512804138
 155  0.00499984063
 156  0.00512804138
 157  0.00512804138
 158  0.00512804138
 159  0.00499984063
 160  0.00499984063
 161  0.00499984063
 162  0.00499984063
 163  0.00499984063
 164  0.00499984063
 165  0.00499984063
 166  0.00487163942
 167  0.00487163942
 168  0.00487163942
 169  0.00499984063
 170  0.00487163942
 171  0.00499984063
 172  0.00499984063
 173  0.00499984063
 174  0.00499984063
 175  0.00499984063
 176  0.00499984063
 177  0.00512804138
 178  0.00512804138
 179  0.00512804138
 180  0.00512804138
 181  0.00525624258
 182  0.00499984063
 183  0.00512804138
 184  0.00512804138
 185  0.00512804138
 186  0.00512804138
 187  0.00499984063
 188  0.00512804138
 189  0.00525624258
 190  0.00499984063
 191  0.00499984063
 192  0.00512804138
 193  0.00512804138
 194  0.00512804138
 195  0.00512804138
 196  0.00525624258
 197  0.00525624258
 198  0.00538444379
 199  0.00525624258
 200  0.00525624258
 201  0.00538444379
 202  0.00525624258
 203  0.00538444379
 204  0.00525624258
 205  0.00538444379
 206  0.00525624258
 207  0.00525624258
 208  0.00525624258
 209  0.00525624258
 210  0.00525624258
 211  0.00512804138
 212  0.00525624258
 213  0.00512804138
 214  0.00512804138
 215  0.00525624258
 216  0.00512804138
 217  0.00512804138
 218  0.00512804138
 219  0.00525624258
 220  0.00512804138
 221  0.00525624258
 222  0.00538444379
 223  0.00512804138
 224  0.00512804138
 225  0.00512804138
 226  0.00525624258
 227  0.00525624258
 228  0.00525624258
 229  0.00525624258
 230  0.00525624258
 231  0.00512804138
 232  0.00525624258
 233  0.00525624258
 234  0.00525624258
 235  0.00525624258
 236  0.00499984063
 237  0.00512804138
 238  0.00512804138
 239  0.00525624258
 240  0.00499984063
 241  0.00512804138
 242  0.00512804138
 243  0.00512804138
 244  0.00512804138
 245  0.00512804138
 246  0.00525624258
 247  0.00525624258
 248  0.00525624258
 249  0.00525624258
 250  0.00538444379
 251  0.00525624258
 252  0.00512804138
 253  0.00512804138
 254  0.00525624258
 255  0.00525624258
 256  0.00538444379
 257  0.00525624258
 258  0.00525624258
 259  0.00525624258
 260  0.00525624258
 261  0.00525624258
 262  0.00512804138
 263  0.00525624258
 264  0.00499984063
 265  0.00525624258
 266  0.00512804138
 267  0.00525624258
 268  0.00525624258
 269  0.00525624258
 270  0.00525624258
 271  0.00538444379
 272  0.00525624258
 273  0.00525624258
 274  0.00525624258
 275  0.00525624258
 276  0.00525624258
 277  0.00525624258
 278  0.00525624258
 279  0.00525624258
 280  0.00525624258
 281  0.00525624258
 282  0.00512804138
 283  0.00538444379
 284  0.00525624258
 285  0.00525624258
 286  0.00525624258
 287  0.00525624258
 288  0.00512804138
 289  0.00538444379
 290  0.00525624258
 291  0.00525624258
 292  0.00538444379
 293  0.00538444379
 294  0.00538444379
 295  0.00538444379
 296  0.00538444379
 297  0.00538444379
 298  0.00525624258
 299  0.00538444379
 300  0.00525624258
 301  0.00525624258
 302  0.00525624258
 303  0.00525624258
 304  0.00525624258
 305  0.00525624258
 306  0.00525624258
 307  0.00512804138
 308  0.00538444379
 309  0.00525624258
 310  0.00525624258
 311  0.00512804138
 312  0.00525624258
 313  0.00512804138
 314  0.00512804138
 315  0.00512804138
 316  0.00512804138
 317  0.00512804138
 318  0.00512804138
 319  0.00512804138
 320  0.00512804138
 321  0.00512804138
 322  0.00512804138
 323  0.00525624258
 324  0.00525624258
 325  0.00499984063
 326  0.00512804138
 327  0.00512804138
 328  0.00512804138
 329  0.00487163942
 330  0.00499984063
 331  0.00512804138
 332  0.00499984063
 333  0.00499984063
 334  0.00499984063
 335  0.00499984063
 336  0.00487163942
 337  0.00499984063
 338  0.00512804138
 339  0.00499984063
 340  0.00512804138
 341  0.00512804138
 342  0.00512804138
 343  0.00499984063
 344  0.00525624258
 345  0.00512804138
 346  0.00525624258
 347  0.00512804138
 348  0.00512804138
 349  0.00512804138
 350  0.00499984063
 351  0.00512804138
 352  0.00525624258
 353  0.00512804138
 354  0.00512804138
 355  0.00525624258
 356  0.00512804138
 357  0.00512804138
 358  0.00512804138
 359  0.00525624258
 360  0.00512804138
 361  0.00525624258
 362  0.00525624258
 363  0.00525624258
 364  0.00525624258
 365  0.00525624258
 366  0.00525624258
 367  0.00525624258
 368  0.00538444379
 369  0.00538444379
 370  0.00538444379
 371  0.00538444379
 372  0.00538444379
 373  0.00525624258
 374  0.00525624258
 375  0.00538444379
 376  0.00551264454
 377  0.00525624258
 378  0.00525624258
 379  0.00525624258
 380  0.00538444379
 381  0.00538444379
 382  0.00525624258
 383  0.00525624258
 384  0.00525624258
 385  0.00525624258
 386  0.00525624258
 387  0.00525624258
 388  0.00538444379
 389  0.00538444379
 390  0.00512804138
 391  0.00538444379
 392  0.00525624258
 393  0.00538444379
 394  0.00525624258
 395  0.00525624258
 396  0.00538444379
 397  0.00525624258
 398  0.00525624258
 399  0.00525624258
 400  0.00525624258
 401  0.00512804138
 402  0.00525624258
 403  0.00512804138
 404  0.00525624258
 405  0.00525624258
 406  0.00525624258
 407  0.00525624258
 408  0.00525624258
 409  0.00525624258
 410  0.00512804138
 411  0.00538444379
 412  0.00512804138
 413  0.00512804138
 414  0.00538444379
 415  0.00538444379
 416  0.00512804138
 417  0.00525624258
 418  0.00525624258
 419  0.00538444379
 420  0.00525624258
 421  0.00512804138
 422  0.00538444379
 423  0.00538444379
 424  0.00551264454
 425  0.00525624258
 426  0.00525624258
 427  0.00525624258
 428  0.00538444379
 429  0.00538444379
 430  0.00525624258
 431  0.00525624258
 432  0.00512804138
 433  0.00538444379
 434  0.00512804138
 435  0.00525624258
 436  0.00538444379
 437  0.00538444379
 438  0.00525624258
 439  0.00525624258
 440  0.00512804138
 441  0.00538444379
 442  0.00525624258
 443  0.00525624258
 444  0.00525624258
 445  0.00525624258
 446  0.00538444379
 447  0.00538444379
 448  0.00551264454
 449  0.00538444379
 450  0.00538444379
 451  0.00538444379
 452  0.00525624258
 453  0.00525624258
 454  0.00525624258
 455  0.00538444379
 456  0.00538444379
 457  0.00525624258
 458  0.00538444379
 459  0.00525624258
 460  0.00525624258
 461  0.00538444379
 462  0.00538444379
 463  0.00538444379
 464  0.00538444379
 465  0.00538444379
 466  0.00551264454
 467  0.00538444379
 468  0.00525624258
 469  0.00538444379
 470  0.00538444379
 471  0.00538444379
 472  0.00525624258
 473  0.00538444379
 474  0.00538444379
 475  0.00538444379
 476  0.00525624258
 477  0.00525624258
 478  0.00525624258
 479  0.00525624258
 480  0.00538444379
 481  0.00525624258
 482  0.00538444379
 483  0.00538444379
 484  0.00538444379
 485  0.00538444379
 486  0.00525624258
 487  0.00525624258
 488  0.00538444379
 489  0.00512804138
 490  0.00538444379
 491  0.00525624258
 492  0.00525624258
 493  0.00512804138
 494  0.00525624258
 495  0.00525624258
 496  0.00538444379
 497  0.00512804138
 498  0.00525624258
 499  0.00525624258
 500  0.00525624258

 1  0.00525624258
 2  0.00538444379
 3  0.00499984063
 4  0.00538444379
 5  0.00538444379
 6  0.00525624258
 7  0.00564084575
 8  0.00551264454
 9  0.00564084575
 10  0.00551264454
 11  0.00576904649
 12  0.00564084575
 13  0.00564084575
 14  0.00564084575
 15  0.00564084575
 16  0.00564084575
 17  0.00564084575
 18  0.00576904649
 19  0.00576904649
 20  0.00564084575
 21  0.00564084575
 22  0.00564084575
 23  0.00564084575
 24  0.00564084575
 25  0.00551264454
 26  0.00564084575
 27  0.00564084575
 28  0.00564084575
 29  0.0058972477
 30  0.0058972477
 31  0.00576904649
 32  0.0058972477
 33  0.0058972477
 34  0.0058972477
 35  0.0058972477
 36  0.0058972477
 37  0.0058972477
 38  0.0058972477
 39  0.00602544891
 40  0.0058972477
 41  0.0058972477
 42  0.0058972477
 43  0.0058972477
 44  0.00564084575
 45  0.00602544891
 46  0.0058972477
 47  0.00576904649
 48  0.00576904649
 49  0.0058972477
 50  0.0058972477
 51  0.0058972477
 52  0.00576904649
 53  0.00564084575
 54  0.00576904649
 55  0.0058972477
 56  0.0058972477
 57  0.0058972477
 58  0.0058972477
 59  0.0058972477
 60  0.0058972477
 61  0.00602544891
 62  0.00602544891
 63  0.0058972477
 64  0.00602544891
 65  0.00576904649
 66  0.0058972477
 67  0.00576904649
 68  0.00576904649
 69  0.00564084575
 70  0.00576904649
 71  0.00576904649
 72  0.00576904649
 73  0.00576904649
 74  0.0058972477
 75  0.00576904649
 76  0.0058972477
 77  0.00576904649
 78  0.00576904649
 79  0.00576904649
 80  0.0058972477
 81  0.00576904649
 82  0.0058972477
 83  0.0058972477
 84  0.0058972477
 85  0.0058972477
 86  0.0058972477
 87  0.0058972477
 88  0.0058972477
 89  0.00576904649
 90  0.0058972477
 91  0.00576904649
 92  0.0058972477
 93  0.0058972477
 94  0.0058972477
 95  0.0058972477
 96  0.00564084575
 97  0.0058972477
 98  0.0058972477
 99  0.00576904649
 100  0.00576904649
 101  0.0058972477
 102  0.0058972477
 103  0.0058972477
 104  0.00602544891
 105  0.0058972477
 106  0.00576904649
 107  0.0058972477
 108  0.00602544891
 109  0.00602544891
 110  0.00602544891
 111  0.0058972477
 112  0.00576904649
 113  0.0058972477
 114  0.00576904649
 115  0.00576904649
 116  0.0058972477
 117  0.0058972477
 118  0.00576904649
 119  0.00576904649
 120  0.00576904649
 121  0.0058972477
 122  0.0058972477
 123  0.00602544891
 124  0.0058972477
 125  0.0058972477
 126  0.0058972477
 127  0.00602544891
 128  0.00602544891
 129  0.0058972477
 130  0.0058972477
 131  0.0058972477
 132  0.00602544891
 133  0.0058972477
 134  0.00602544891
 135  0.0058972477
 136  0.00602544891
 137  0.00602544891
 138  0.0058972477
 139  0.00602544891
 140  0.00576904649
 141  0.0058972477
 142  0.00576904649
 143  0.00576904649
 144  0.0058972477
 145  0.0058972477
 146  0.00576904649
 147  0.00576904649
 148  0.00576904649
 149  0.0058972477
 150  0.0058972477
 151  0.0058972477
 152  0.00576904649
 153  0.00576904649
 154  0.0058972477
 155  0.0058972477
 156  0.0058972477
 157  0.00576904649
 158  0.0058972477
 159  0.00576904649
 160  0.00576904649
 161  0.00576904649
 162  0.00564084575
 163  0.00576904649
 164  0.00576904649
 165  0.00564084575
 166  0.00564084575
 167  0.00564084575
 168  0.00564084575
 169  0.00576904649
 170  0.00551264454
 171  0.00576904649
 172  0.0058972477
 173  0.00576904649
 174  0.0058972477
 175  0.00576904649
 176  0.00576904649
 177  0.00602544891
 178  0.0058972477
 179  0.0058972477
 180  0.0058972477
 181  0.0058972477
 182  0.00576904649
 183  0.0058972477
 184  0.0058972477
 185  0.0058972477
 186  0.0058972477
 187  0.00576904649
 188  0.00576904649
 189  0.00602544891
 190  0.0058972477
 191  0.00576904649
 192  0.00576904649
 193  0.0058972477
 194  0.0058972477
 195  0.00602544891
 196  0.0058972477
 197  0.00602544891
 198  0.00615364965
 199  0.00602544891
 200  0.00602544891
 201  0.00615364965
 202  0.00602544891
 203  0.00615364965
 204  0.00602544891
 205  0.00615364965
 206  0.00602544891
 207  0.00602544891
 208  0.00602544891
 209  0.0058972477
 210  0.00602544891
 211  0.0058972477
 212  0.00602544891
 213  0.0058972477
 214  0.0058972477
 215  0.0058972477
 216  0.0058972477
 217  0.00602544891
 218  0.0058972477
 219  0.00602544891
 220  0.00602544891
 221  0.00602544891
 222  0.00602544891
 223  0.00602544891
 224  0.0058972477
 225  0.0058972477
 226  0.00602544891
 227  0.00602544891
 228  0.00602544891
 229  0.00602544891
 230  0.00602544891
 231  0.00602544891
 232  0.00615364965
 233  0.00602544891
 234  0.0058972477
 235  0.00602544891
 236  0.0058972477
 237  0.0058972477
 238  0.0058972477
 239  0.00602544891
 240  0.00576904649
 241  0.0058972477
 242  0.0058972477
 243  0.00602544891
 244  0.0058972477
 245  0.00602544891
 246  0.00602544891
 247  0.0058972477
 248  0.00602544891
 249  0.00602544891
 250  0.00602544891
 251  0.0058972477
 252  0.00602544891
 253  0.00576904649
 254  0.00602544891
 255  0.00602544891
 256  0.00602544891
 257  0.0058972477
 258  0.00602544891
 259  0.00602544891
 260  0.0058972477
 261  0.0058972477
 262  0.0058972477
 263  0.00602544891
 264  0.00576904649
 265  0.0058972477
 266  0.0058972477
 267  0.00602544891
 268  0.00602544891
 269  0.00602544891
 270  0.0058972477
 271  0.00615364965
 272  0.00602544891
 273  0.00602544891
 274  0.00602544891
 275  0.00602544891
 276  0.00602544891
 277  0.0058972477
 278  0.00602544891
 279  0.00602544891
 280  0.00602544891
 281  0.00602544891
 282  0.0058972477
 283  0.00602544891
 284  0.00602544891
 285  0.00602544891
 286  0.00602544891
 287  0.00615364965
 288  0.0058972477
 289  0.00602544891
 290  0.00602544891
 291  0.00615364965
 292  0.00615364965
 293  0.00628185086
 294  0.00615364965
 295  0.00615364965
 296  0.00615364965
 297  0.00615364965
 298  0.00602544891
 299  0.00615364965
 300  0.00602544891
 301  0.00615364965
 302  0.00615364965
 303  0.00602544891
 304  0.00602544891
 305  0.00602544891
 306  0.00602544891
 307  0.00602544891
 308  0.00615364965
 309  0.00602544891
 310  0.00615364965
 311  0.00602544891
 312  0.00602544891
 313  0.0058972477
 314  0.0058972477
 315  0.0058972477
 316  0.00602544891
 317  0.0058972477
 318  0.0058972477
 319  0.00602544891
 320  0.0058972477
 321  0.0058972477
 322  0.0058972477
 323  0.00602544891
 324  0.00602544891
 325  0.0058972477
 326  0.0058972477
 327  0.0058972477
 328  0.00602544891
 329  0.00576904649
 330  0.00576904649
 331  0.0058972477
 332  0.00576904649
 333  0.00564084575
 334  0.00576904649
 335  0.00576904649
 336  0.00576904649
 337  0.00576904649
 338  0.0058972477
 339  0.00576904649
 340  0.0058972477
 341  0.00602544891
 342  0.0058972477
 343  0.0058972477
 344  0.00602544891
 345  0.0058972477
 346  0.00615364965
 347  0.0058972477
 348  0.0058972477
 349  0.00602544891
 350  0.0058972477
 351  0.0058972477
 352  0.00602544891
 353  0.00602544891
 354  0.0058972477
 355  0.00615364965
 356  0.0058972477
 357  0.0058972477
 358  0.00602544891
 359  0.00602544891
 360  0.0058972477
 361  0.00602544891
 362  0.00602544891
 363  0.00615364965
 364  0.00602544891
 365  0.00602544891
 366  0.00615364965
 367  0.00615364965
 368  0.00615364965
 369  0.00615364965
 370  0.00615364965
 371  0.00615364965
 372  0.00615364965
 373  0.00615364965
 374  0.00615364965
 375  0.00602544891
 376  0.00628185086
 377  0.00602544891
 378  0.00615364965
 379  0.00602544891
 380  0.00615364965
 381  0.00602544891
 382  0.00615364965
 383  0.00602544891
 384  0.00602544891
 385  0.00602544891
 386  0.00615364965
 387  0.00602544891
 388  0.00615364965
 389  0.00615364965
 390  0.00615364965
 391  0.00615364965
 392  0.00602544891
 393  0.00615364965
 394  0.00615364965
 395  0.00615364965
 396  0.00615364965
 397  0.00615364965
 398  0.00602544891
 399  0.00602544891
 400  0.00602544891
 401  0.0058972477
 402  0.00602544891
 403  0.0058972477
 404  0.00615364965
 405  0.00602544891
 406  0.00602544891
 407  0.00602544891
 408  0.0058972477
 409  0.00602544891
 410  0.00602544891
 411  0.00602544891
 412  0.0058972477
 413  0.0058972477
 414  0.00602544891
 415  0.00615364965
 416  0.0058972477
 417  0.00602544891
 418  0.00602544891
 419  0.00615364965
 420  0.00602544891
 421  0.00602544891
 422  0.00628185086
 423  0.00615364965
 424  0.00615364965
 425  0.00615364965
 426  0.00602544891
 427  0.00602544891
 428  0.00615364965
 429  0.00615364965
 430  0.00602544891
 431  0.00602544891
 432  0.00602544891
 433  0.00602544891
 434  0.0058972477
 435  0.00602544891
 436  0.00628185086
 437  0.00615364965
 438  0.00602544891
 439  0.00602544891
 440  0.0058972477
 441  0.00602544891
 442  0.00602544891
 443  0.00615364965
 444  0.00602544891
 445  0.00602544891
 446  0.00615364965
 447  0.00602544891
 448  0.00615364965
 449  0.00615364965
 450  0.00615364965
 451  0.00602544891
 452  0.00602544891
 453  0.00602544891
 454  0.00615364965
 455  0.00615364965
 456  0.00615364965
 457  0.00615364965
 458  0.00602544891
 459  0.00602544891
 460  0.00602544891
 461  0.00615364965
 462  0.00602544891
 463  0.00615364965
 464  0.00602544891
 465  0.00615364965
 466  0.00628185086
 467  0.00628185086
 468  0.00602544891
 469  0.00615364965
 470  0.00615364965
 471  0.00628185086
 472  0.00602544891
 473  0.00615364965
 474  0.00615364965
 475  0.00615364965
 476  0.00615364965
 477  0.00602544891
 478  0.00602544891
 479  0.00615364965
 480  0.00615364965
 481  0.00602544891
 482  0.00615364965
 483  0.00615364965
 484  0.00602544891
 485  0.00615364965
 486  0.00602544891
 487  0.00602544891
 488  0.00615364965
 489  0.00602544891
 490  0.00615364965
 491  0.00615364965
 492  0.00602544891
 493  0.0058972477
 494  0.0058972477
 495  0.00602544891
 496  0.00628185086
 497  0.0058972477
 498  0.00602544891
 499  0.00602544891
 500  0.00602544891

 1  0.0058972477
 2  0.00615364965
 3  0.00576904649
 4  0.00615364965
 5  0.00615364965
 6  0.00602544891
 7  0.00641005207
 8  0.00628185086
 9  0.00641005207
 10  0.00628185086
 11  0.00641005207
 12  0.00641005207
 13  0.00641005207
 14  0.00641005207
 15  0.00628185086
 16  0.00641005207
 17  0.00641005207
 18  0.00641005207
 19  0.00653825281
 20  0.00641005207
 21  0.00641005207
 22  0.00628185086
 23  0.00641005207
 24  0.00641005207
 25  0.00628185086
 26  0.00641005207
 27  0.00641005207
 28  0.00653825281
 29  0.00653825281
 30  0.00653825281
 31  0.00653825281
 32  0.00666645402
 33  0.00653825281
 34  0.00666645402
 35  0.00653825281
 36  0.00666645402
 37  0.00666645402
 38  0.00666645402
 39  0.00679465476
 40  0.00666645402
 41  0.00666645402
 42  0.00666645402
 43  0.00666645402
 44  0.00653825281
 45  0.00666645402
 46  0.00666645402
 47  0.00653825281
 48  0.00641005207
 49  0.00653825281
 50  0.00666645402
 51  0.00653825281
 52  0.00653825281
 53  0.00653825281
 54  0.00641005207
 55  0.00666645402
 56  0.00666645402
 57  0.00653825281
 58  0.00653825281
 59  0.00666645402
 60  0.00653825281
 61  0.00679465476
 62  0.00679465476
 63  0.00666645402
 64  0.00666645402
 65  0.00653825281
 66  0.00653825281
 67  0.00653825281
 68  0.00653825281
 69  0.00628185086
 70  0.00653825281
 71  0.00641005207
 72  0.00653825281
 73  0.00653825281
 74  0.00666645402
 75  0.00653825281
 76  0.00653825281
 77  0.00653825281
 78  0.00653825281
 79  0.00653825281
 80  0.00666645402
 81  0.00641005207
 82  0.00653825281
 83  0.00653825281
 84  0.00653825281
 85  0.00653825281
 86  0.00641005207
 87  0.00666645402
 88  0.00666645402
 89  0.00653825281
 90  0.00666645402
 91  0.00653825281
 92  0.00666645402
 93  0.00666645402
 94  0.00653825281
 95  0.00653825281
 96  0.00641005207
 97  0.00653825281
 98  0.00666645402
 99  0.00653825281
 100  0.00653825281
 101  0.00653825281
 102  0.00666645402
 103  0.00653825281
 104  0.00666645402
 105  0.00653825281
 106  0.00653825281
 107  0.00666645402
 108  0.00679465476
 109  0.00666645402
 110  0.00666645402
 111  0.00666645402
 112  0.00666645402
 113  0.00653825281
 114  0.00653825281
 115  0.00653825281
 116  0.00666645402
 117  0.00666645402
 118  0.00653825281
 119  0.00653825281
 120  0.00653825281
 121  0.00653825281
 122  0.00666645402
 123  0.00679465476
 124  0.00666645402
 125  0.00666645402
 126  0.00666645402
 127  0.00666645402
 128  0.00666645402
 129  0.00666645402
 130  0.00666645402
 131  0.00666645402
 132  0.00666645402
 133  0.00666645402
 134  0.00666645402
 135  0.00666645402
 136  0.00666645402
 137  0.00666645402
 138  0.00653825281
 139  0.00666645402
 140  0.00653825281
 141  0.00666645402
 142  0.00641005207
 143  0.00653825281
 144  0.00653825281
 145  0.00666645402
 146  0.00653825281
 147  0.00653825281
 148  0.00653825281
 149  0.00666645402
 150  0.00666645402
 151  0.00666645402
 152  0.00653825281
 153  0.00653825281
 154  0.00653825281
 155  0.00653825281
 156  0.00653825281
 157  0.00666645402
 158  0.00653825281
 159  0.00653825281
 160  0.00653825281
 161  0.00653825281
 162  0.00641005207
 163  0.00653825281
 164  0.00653825281
 165  0.00641005207
 166  0.00653825281
 167  0.00641005207
 168  0.00641005207
 169  0.00641005207
 170  0.00628185086
 171  0.00653825281
 172  0.00641005207
 173  0.00666645402
 174  0.00653825281
 175  0.00641005207
 176  0.00641005207
 177  0.00666645402
 178  0.00666645402
 179  0.00666645402
 180  0.00666645402
 181  0.00666645402
 182  0.00653825281
 183  0.00666645402
 184  0.00653825281
 185  0.00653825281
 186  0.00666645402
 187  0.00653825281
 188  0.00653825281
 189  0.00666645402
 190  0.00653825281
 191  0.00666645402
 192  0.00653825281
 193  0.00666645402
 194  0.00666645402
 195  0.00679465476
 196  0.00653825281
 197  0.00679465476
 198  0.00679465476
 199  0.00679465476
 200  0.00679465476
 201  0.00692285597
 202  0.00666645402
 203  0.00679465476
 204  0.00666645402
 205  0.00679465476
 206  0.00679465476
 207  0.00666645402
 208  0.00679465476
 209  0.00666645402
 210  0.00679465476
 211  0.00666645402
 212  0.00666645402
 213  0.00653825281
 214  0.00653825281
 215  0.00666645402
 216  0.00666645402
 217  0.00666645402
 218  0.00666645402
 219  0.00666645402
 220  0.00679465476
 221  0.00679465476
 222  0.00679465476
 223  0.00666645402
 224  0.00679465476
 225  0.00679465476
 226  0.00679465476
 227  0.00679465476
 228  0.00679465476
 229  0.00679465476
 230  0.00679465476
 231  0.00666645402
 232  0.00679465476
 233  0.00679465476
 234  0.00653825281
 235  0.00679465476
 236  0.00666645402
 237  0.00666645402
 238  0.00666645402
 239  0.00679465476
 240  0.00653825281
 241  0.00666645402
 242  0.00666645402
 243  0.00666645402
 244  0.00666645402
 245  0.00679465476
 246  0.00666645402
 247  0.00653825281
 248  0.00679465476
 249  0.00679465476
 250  0.00679465476
 251  0.00666645402
 252  0.00666645402
 253  0.00653825281
 254  0.00679465476
 255  0.00679465476
 256  0.00679465476
 257  0.00666645402
 258  0.00666645402
 259  0.00666645402
 260  0.00666645402
 261  0.00666645402
 262  0.00666645402
 263  0.00666645402
 264  0.00653825281
 265  0.00666645402
 266  0.00653825281
 267  0.00679465476
 268  0.00679465476
 269  0.00666645402
 270  0.00666645402
 271  0.00692285597
 272  0.00679465476
 273  0.00679465476
 274  0.00679465476
 275  0.00679465476
 276  0.00679465476
 277  0.00666645402
 278  0.00679465476
 279  0.00679465476
 280  0.00666645402
 281  0.00679465476
 282  0.00666645402
 283  0.00679465476
 284  0.00666645402
 285  0.00666645402
 286  0.00679465476
 287  0.00679465476
 288  0.00666645402
 289  0.00679465476
 290  0.00679465476
 291  0.00679465476
 292  0.00692285597
 293  0.00692285597
 294  0.00679465476
 295  0.00692285597
 296  0.00679465476
 297  0.00679465476
 298  0.00692285597
 299  0.00679465476
 300  0.00679465476
 301  0.00679465476
 302  0.00679465476
 303  0.00679465476
 304  0.00679465476
 305  0.00679465476
 306  0.00679465476
 307  0.00666645402
 308  0.00679465476
 309  0.00666645402
 310  0.00679465476
 311  0.00666645402
 312  0.00679465476
 313  0.00666645402
 314  0.00666645402
 315  0.00666645402
 316  0.00666645402
 317  0.00666645402
 318  0.00666645402
 319  0.00679465476
 320  0.00666645402
 321  0.00666645402
 322  0.00666645402
 323  0.00679465476
 324  0.00679465476
 325  0.00666645402
 326  0.00679465476
 327  0.00666645402
 328  0.00679465476
 329  0.00641005207
 330  0.00653825281
 331  0.00666645402
 332  0.00653825281
 333  0.00653825281
 334  0.00653825281
 335  0.00653825281
 336  0.00653825281
 337  0.00653825281
 338  0.00653825281
 339  0.00653825281
 340  0.00666645402
 341  0.00679465476
 342  0.00666645402
 343  0.00679465476
 344  0.00666645402
 345  0.00666645402
 346  0.00679465476
 347  0.00666645402
 348  0.00666645402
 349  0.00679465476
 350  0.00666645402
 351  0.00666645402
 352  0.00679465476
 353  0.00666645402
 354  0.00666645402
 355  0.00692285597
 356  0.00666645402
 357  0.00666645402
 358  0.00666645402
 359  0.00666645402
 360  0.00666645402
 361  0.00666645402
 362  0.00679465476
 363  0.00679465476
 364  0.00679465476
 365  0.00679465476
 366  0.00679465476
 367  0.00692285597
 368  0.00692285597
 369  0.00692285597
 370  0.00679465476
 371  0.00692285597
 372  0.00679465476
 373  0.00692285597
 374  0.00692285597
 375  0.00679465476
 376  0.00692285597
 377  0.00679465476
 378  0.00692285597
 379  0.00692285597
 380  0.00679465476
 381  0.00679465476
 382  0.00692285597
 383  0.00666645402
 384  0.00679465476
 385  0.00679465476
 386  0.00679465476
 387  0.00666645402
 388  0.00692285597
 389  0.00679465476
 390  0.00692285597
 391  0.00692285597
 392  0.00679465476
 393  0.00692285597
 394  0.00679465476
 395  0.00679465476
 396  0.00692285597
 397  0.00692285597
 398  0.00679465476
 399  0.00679465476
 400  0.00679465476
 401  0.00679465476
 402  0.00679465476
 403  0.00666645402
 404  0.00692285597
 405  0.00679465476
 406  0.00666645402
 407  0.00679465476
 408  0.00666645402
 409  0.00666645402
 410  0.00679465476
 411  0.00679465476
 412  0.00666645402
 413  0.00679465476
 414  0.00666645402
 415  0.00692285597
 416  0.00666645402
 417  0.00692285597
 418  0.00679465476
 419  0.00692285597
 420  0.00679465476
 421  0.00692285597
 422  0.00692285597
 423  0.00692285597
 424  0.00679465476
 425  0.00692285597
 426  0.00679465476
 427  0.00679465476
 428  0.00679465476
 429  0.00679465476
 430  0.00666645402
 431  0.00679465476
 432  0.00679465476
 433  0.00679465476
 434  0.00666645402
 435  0.00679465476
 436  0.00692285597
 437  0.00679465476
 438  0.00679465476
 439  0.00679465476
 440  0.00666645402
 441  0.00692285597
 442  0.00679465476
 443  0.00679465476
 444  0.00679465476
 445  0.00679465476
 446  0.00679465476
 447  0.00679465476
 448  0.00679465476
 449  0.00679465476
 450  0.00692285597
 451  0.00679465476
 452  0.00692285597
 453  0.00666645402
 454  0.00679465476
 455  0.00692285597
 456  0.00679465476
 457  0.00679465476
 458  0.00692285597
 459  0.00666645402
 460  0.00679465476
 461  0.00692285597
 462  0.00679465476
 463  0.00705105718
 464  0.00679465476
 465  0.00692285597
 466  0.00692285597
 467  0.00705105718
 468  0.00679465476
 469  0.00679465476
 470  0.00705105718
 471  0.00705105718
 472  0.00679465476
 473  0.00692285597
 474  0.00692285597
 475  0.00692285597
 476  0.00679465476
 477  0.00692285597
 478  0.00679465476
 479  0.00679465476
 480  0.00679465476
 481  0.00679465476
 482  0.00679465476
 483  0.00679465476
 484  0.00679465476
 485  0.00692285597
 486  0.00666645402
 487  0.00679465476
 488  0.00692285597
 489  0.00692285597
 490  0.00692285597
 491  0.00679465476
 492  0.00679465476
 493  0.00679465476
 494  0.00666645402
 495  0.00679465476
 496  0.00692285597
 497  0.00666645402
 498  0.00679465476
 499  0.00679465476
 500  0.00679465476

 1  0.00666645402
 2  0.00692285597
 3  0.00641005207
 4  0.00666645402
 5  0.00692285597
 6  0.00666645402
 7  0.00705105718
 8  0.00705105718
 9  0.00717925793
 10  0.00705105718
 11  0.00717925793
 12  0.00717925793
 13  0.00717925793
 14  0.00717925793
 15  0.00717925793
 16  0.00705105718
 17  0.00717925793
 18  0.00705105718
 19  0.00730745913
 20  0.00705105718
 21  0.00705105718
 22  0.00705105718
 23  0.00717925793
 24  0.00717925793
 25  0.00692285597
 26  0.00705105718
 27  0.00717925793
 28  0.00717925793
 29  0.00717925793
 30  0.00730745913
 31  0.00730745913
 32  0.00730745913
 33  0.00743566034
 34  0.00730745913
 35  0.00730745913
 36  0.00743566034
 37  0.00730745913
 38  0.00730745913
 39  0.00743566034
 40  0.00730745913
 41  0.00743566034
 42  0.00717925793
 43  0.00730745913
 44  0.00717925793
 45  0.00743566034
 46  0.00730745913
 47  0.00717925793
 48  0.00717925793
 49  0.00730745913
 50  0.00743566034
 51  0.00717925793
 52  0.00717925793
 53  0.00730745913
 54  0.00717925793
 55  0.00730745913
 56  0.00730745913
 57  0.00730745913
 58  0.00730745913
 59  0.00743566034
 60  0.00717925793
 61  0.00743566034
 62  0.00743566034
 63  0.00730745913
 64  0.00743566034
 65  0.00717925793
 66  0.00717925793
 67  0.00717925793
 68  0.00717925793
 69  0.00705105718
 70  0.00717925793
 71  0.00705105718
 72  0.00730745913
 73  0.00717925793
 74  0.00730745913
 75  0.00730745913
 76  0.00717925793
 77  0.00730745913
 78  0.00730745913
 79  0.00717925793
 80  0.00743566034
 81  0.00730745913
 82  0.00717925793
 83  0.00730745913
 84  0.00730745913
 85  0.00730745913
 86  0.00717925793
 87  0.00743566034
 88  0.00730745913
 89  0.00730745913
 90  0.00743566034
 91  0.00717925793
 92  0.00743566034
 93  0.00730745913
 94  0.00730745913
 95  0.00717925793
 96  0.00717925793
 97  0.00717925793
 98  0.00730745913
 99  0.00717925793
 100  0.00730745913
 101  0.00730745913
 102  0.00743566034
 103  0.00730745913
 104  0.00743566034
 105  0.00717925793
 106  0.00717925793
 107  0.00730745913
 108  0.00743566034
 109  0.00730745913
 110  0.00743566034
 111  0.00743566034
 112  0.00743566034
 113  0.00730745913
 114  0.00717925793
 115  0.00730745913
 116  0.00730745913
 117  0.00730745913
 118  0.00730745913
 119  0.00730745913
 120  0.00717925793
 121  0.00730745913
 122  0.00730745913
 123  0.00756386109
 124  0.00730745913
 125  0.00730745913
 126  0.00730745913
 127  0.00743566034
 128  0.00743566034
 129  0.00756386109
 130  0.00743566034
 131  0.00743566034
 132  0.00743566034
 133  0.00743566034
 134  0.00730745913
 135  0.00743566034
 136  0.00730745913
 137  0.00743566034
 138  0.00730745913
 139  0.00743566034
 140  0.00717925793
 141  0.00730745913
 142  0.00717925793
 143  0.00730745913
 144  0.00730745913
 145  0.00730745913
 146  0.00730745913
 147  0.00717925793
 148  0.00717925793
 149  0.00730745913
 150  0.00743566034
 151  0.00730745913
 152  0.00743566034
 153  0.00730745913
 154  0.00743566034
 155  0.00743566034
 156  0.00743566034
 157  0.00730745913
 158  0.00730745913
 159  0.00717925793
 160  0.00730745913
 161  0.00717925793
 162  0.00717925793
 163  0.00730745913
 164  0.00730745913
 165  0.00717925793
 166  0.00717925793
 167  0.00717925793
 168  0.00717925793
 169  0.00717925793
 170  0.00692285597
 171  0.00717925793
 172  0.00717925793
 173  0.00743566034
 174  0.00730745913
 175  0.00717925793
 176  0.00730745913
 177  0.00743566034
 178  0.00743566034
 179  0.00743566034
 180  0.00743566034
 181  0.00730745913
 182  0.00730745913
 183  0.00743566034
 184  0.00730745913
 185  0.00730745913
 186  0.00730745913
 187  0.00730745913
 188  0.00730745913
 189  0.00743566034
 190  0.00730745913
 191  0.00730745913
 192  0.00717925793
 193  0.00743566034
 194  0.00743566034
 195  0.00743566034
 196  0.00730745913
 197  0.00756386109
 198  0.00756386109
 199  0.00756386109
 200  0.00743566034
 201  0.00756386109
 202  0.00730745913
 203  0.00756386109
 204  0.00743566034
 205  0.00756386109
 206  0.00756386109
 207  0.00743566034
 208  0.00756386109
 209  0.00743566034
 210  0.00743566034
 211  0.00743566034
 212  0.00743566034
 213  0.00730745913
 214  0.00743566034
 215  0.00743566034
 216  0.00743566034
 217  0.00743566034
 218  0.00743566034
 219  0.00730745913
 220  0.00743566034
 221  0.00756386109
 222  0.00756386109
 223  0.00756386109
 224  0.00743566034
 225  0.00756386109
 226  0.00756386109
 227  0.00743566034
 228  0.00756386109
 229  0.00743566034
 230  0.00743566034
 231  0.00743566034
 232  0.00756386109
 233  0.00743566034
 234  0.00730745913
 235  0.00756386109
 236  0.00730745913
 237  0.00743566034
 238  0.00730745913
 239  0.0076920623
 240  0.00743566034
 241  0.00730745913
 242  0.00730745913
 243  0.00743566034
 244  0.00730745913
 245  0.00756386109
 246  0.00743566034
 247  0.00743566034
 248  0.00730745913
 249  0.00756386109
 250  0.00743566034
 251  0.00743566034
 252  0.00730745913
 253  0.00730745913
 254  0.00743566034
 255  0.00743566034
 256  0.00743566034
 257  0.00743566034
 258  0.00743566034
 259  0.00756386109
 260  0.00743566034
 261  0.00730745913
 262  0.00743566034
 263  0.00743566034
 264  0.00730745913
 265  0.00730745913
 266  0.00730745913
 267  0.00743566034
 268  0.00756386109
 269  0.00743566034
 270  0.00743566034
 271  0.0076920623
 272  0.00756386109
 273  0.00756386109
 274  0.00743566034
 275  0.00756386109
 276  0.00756386109
 277  0.00743566034
 278  0.00756386109
 279  0.00743566034
 280  0.00756386109
 281  0.00756386109
 282  0.00743566034
 283  0.00743566034
 284  0.00743566034
 285  0.00743566034
 286  0.00743566034
 287  0.00756386109
 288  0.00743566034
 289  0.00756386109
 290  0.00756386109
 291  0.00756386109
 292  0.0076920623
 293  0.00756386109
 294  0.00743566034
 295  0.00756386109
 296  0.00756386109
 297  0.00743566034
 298  0.00756386109
 299  0.00756386109
 300  0.00756386109
 301  0.00756386109
 302  0.00756386109
 303  0.00756386109
 304  0.00756386109
 305  0.00756386109
 306  0.00756386109
 307  0.00743566034
 308  0.00756386109
 309  0.00743566034
 310  0.00756386109
 311  0.00743566034
 312  0.00756386109
 313  0.00743566034
 314  0.00743566034
 315  0.00730745913
 316  0.00743566034
 317  0.00730745913
 318  0.00743566034
 319  0.00743566034
 320  0.00743566034
 321  0.00743566034
 322  0.00743566034
 323  0.00756386109
 324  0.00743566034
 325  0.00730745913
 326  0.00756386109
 327  0.00730745913
 328  0.00743566034
 329  0.00717925793
 330  0.00730745913
 331  0.00743566034
 332  0.00743566034
 333  0.00730745913
 334  0.00730745913
 335  0.00730745913
 336  0.00717925793
 337  0.00730745913
 338  0.00730745913
 339  0.00730745913
 340  0.00743566034
 341  0.00756386109
 342  0.00743566034
 343  0.00743566034
 344  0.00743566034
 345  0.00743566034
 346  0.00756386109
 347  0.00743566034
 348  0.00743566034
 349  0.00743566034
 350  0.00743566034
 351  0.00743566034
 352  0.00756386109
 353  0.00756386109
 354  0.00743566034
 355  0.00743566034
 356  0.00743566034
 357  0.00743566034
 358  0.00730745913
 359  0.00730745913
 360  0.00743566034
 361  0.00743566034
 362  0.00743566034
 363  0.00756386109
 364  0.00756386109
 365  0.00756386109
 366  0.00756386109
 367  0.0076920623
 368  0.00756386109
 369  0.0076920623
 370  0.00756386109
 371  0.0076920623
 372  0.00756386109
 373  0.00756386109
 374  0.00756386109
 375  0.00756386109
 376  0.00756386109
 377  0.00743566034
 378  0.00756386109
 379  0.00756386109
 380  0.00743566034
 381  0.00756386109
 382  0.00756386109
 383  0.00743566034
 384  0.00743566034
 385  0.00756386109
 386  0.00756386109
 387  0.00730745913
 388  0.00756386109
 389  0.00756386109
 390  0.00756386109
 391  0.00756386109
 392  0.00756386109
 393  0.0076920623
 394  0.00756386109
 395  0.00743566034
 396  0.00756386109
 397  0.0076920623
 398  0.00743566034
 399  0.00756386109
 400  0.00743566034
 401  0.00743566034
 402  0.00743566034
 403  0.00743566034
 404  0.00756386109
 405  0.00730745913
 406  0.00743566034
 407  0.00756386109
 408  0.00730745913
 409  0.00743566034
 410  0.00743566034
 411  0.00743566034
 412  0.00743566034
 413  0.00743566034
 414  0.00743566034
 415  0.00756386109
 416  0.00730745913
 417  0.00756386109
 418  0.00743566034
 419  0.0076920623
 420  0.00756386109
 421  0.00756386109
 422  0.00756386109
 423  0.00756386109
 424  0.00756386109
 425  0.0076920623
 426  0.00756386109
 427  0.00756386109
 428  0.00743566034
 429  0.00756386109
 430  0.00743566034
 431  0.00743566034
 432  0.00743566034
 433  0.00743566034
 434  0.00730745913
 435  0.00743566034
 436  0.00756386109
 437  0.00743566034
 438  0.00756386109
 439  0.00756386109
 440  0.00730745913
 441  0.00756386109
 442  0.00743566034
 443  0.00743566034
 444  0.00756386109
 445  0.00756386109
 446  0.00756386109
 447  0.00756386109
 448  0.00756386109
 449  0.00743566034
 450  0.0076920623
 451  0.00756386109
 452  0.00756386109
 453  0.00743566034
 454  0.00756386109
 455  0.00756386109
 456  0.00743566034
 457  0.0076920623
 458  0.0076920623
 459  0.00743566034
 460  0.00756386109
 461  0.0076920623
 462  0.00756386109
 463  0.0076920623
 464  0.00756386109
 465  0.00756386109
 466  0.00756386109
 467  0.0078202635
 468  0.00756386109
 469  0.0076920623
 470  0.0078202635
 471  0.0078202635
 472  0.0076920623
 473  0.00756386109
 474  0.0076920623
 475  0.00756386109
 476  0.00756386109
 477  0.0076920623
 478  0.00756386109
 479  0.00743566034
 480  0.00756386109
 481  0.00743566034
 482  0.0076920623
 483  0.00756386109
 484  0.00756386109
 485  0.00756386109
 486  0.00743566034
 487  0.00743566034
 488  0.0076920623
 489  0.0076920623
 490  0.0076920623
 491  0.00756386109
 492  0.00756386109
 493  0.00743566034
 494  0.00743566034
 495  0.00756386109
 496  0.00756386109
 497  0.00743566034
 498  0.00743566034
 499  0.00743566034
 500  0.0076920623

 1  0.00743566034
 2  0.0076920623
 3  0.00705105718
 4  0.00743566034
 5  0.00743566034
 6  0.00743566034
 7  0.0076920623
 8  0.0076920623
 9  0.00794846471
 10  0.0078202635
 11  0.00794846471
 12  0.0078202635
 13  0.0078202635
 14  0.0078202635
 15  0.00794846471
 16  0.0078202635
 17  0.0078202635
 18  0.0078202635
 19  0.0078202635
 20  0.0078202635
 21  0.00794846471
 22  0.0078202635
 23  0.0078202635
 24  0.0078202635
 25  0.0076920623
 26  0.0078202635
 27  0.00794846471
 28  0.0078202635
 29  0.00794846471
 30  0.00807666499
 31  0.00794846471
 32  0.00807666499
 33  0.00794846471
 34  0.00807666499
 35  0.00807666499
 36  0.0082048662
 37  0.00807666499
 38  0.0082048662
 39  0.00807666499
 40  0.00794846471
 41  0.00807666499
 42  0.00807666499
 43  0.00794846471
 44  0.00794846471
 45  0.00794846471
 46  0.00794846471
 47  0.00794846471
 48  0.0078202635
 49  0.00794846471
 50  0.00807666499
 51  0.00794846471
 52  0.00794846471
 53  0.00794846471
 54  0.00794846471
 55  0.00794846471
 56  0.00807666499
 57  0.00794846471
 58  0.00794846471
 59  0.0082048662
 60  0.00794846471
 61  0.00807666499
 62  0.0082048662
 63  0.00794846471
 64  0.0082048662
 65  0.00794846471
 66  0.00794846471
 67  0.0078202635
 68  0.00794846471
 69  0.0078202635
 70  0.00794846471
 71  0.0078202635
 72  0.00794846471
 73  0.00794846471
 74  0.00794846471
 75  0.00807666499
 76  0.00794846471
 77  0.00807666499
 78  0.00794846471
 79  0.00794846471
 80  0.00807666499
 81  0.00794846471
 82  0.00794846471
 83  0.0078202635
 84  0.00807666499
 85  0.00807666499
 86  0.0078202635
 87  0.0082048662
 88  0.00807666499
 89  0.00807666499
 90  0.00807666499
 91  0.00794846471
 92  0.00807666499
 93  0.00794846471
 94  0.00807666499
 95  0.00794846471
 96  0.0078202635
 97  0.00794846471
 98  0.00794846471
 99  0.00794846471
 100  0.00794846471
 101  0.00807666499
 102  0.00807666499
 103  0.00807666499
 104  0.00807666499
 105  0.00807666499
 106  0.00794846471
 107  0.00807666499
 108  0.0082048662
 109  0.00807666499
 110  0.0082048662
 111  0.00807666499
 112  0.0082048662
 113  0.00794846471
 114  0.00794846471
 115  0.00794846471
 116  0.00807666499
 117  0.00807666499
 118  0.00807666499
 119  0.00794846471
 120  0.0078202635
 121  0.00807666499
 122  0.0082048662
 123  0.0082048662
 124  0.00807666499
 125  0.00807666499
 126  0.00807666499
 127  0.00807666499
 128  0.0082048662
 129  0.0082048662
 130  0.00807666499
 131  0.00807666499
 132  0.0082048662
 133  0.00807666499
 134  0.00807666499
 135  0.00807666499
 136  0.00807666499
 137  0.0082048662
 138  0.00794846471
 139  0.0082048662
 140  0.00794846471
 141  0.00794846471
 142  0.00794846471
 143  0.00794846471
 144  0.00807666499
 145  0.00807666499
 146  0.00807666499
 147  0.00794846471
 148  0.00807666499
 149  0.00807666499
 150  0.00807666499
 151  0.00794846471
 152  0.0082048662
 153  0.0082048662
 154  0.00807666499
 155  0.00807666499
 156  0.0082048662
 157  0.00807666499
 158  0.00794846471
 159  0.00794846471
 160  0.00807666499
 161  0.00794846471
 162  0.00794846471
 163  0.00807666499
 164  0.00794846471
 165  0.00794846471
 166  0.00807666499
 167  0.00794846471
 168  0.00794846471
 169  0.0078202635
 170  0.0076920623
 171  0.00794846471
 172  0.00794846471
 173  0.0082048662
 174  0.00807666499
 175  0.00794846471
 176  0.0082048662
 177  0.00833306741
 178  0.0082048662
 179  0.0082048662
 180  0.00807666499
 181  0.00807666499
 182  0.00807666499
 183  0.0082048662
 184  0.00807666499
 185  0.00807666499
 186  0.00807666499
 187  0.00794846471
 188  0.00807666499
 189  0.0082048662
 190  0.00794846471
 191  0.00807666499
 192  0.00807666499
 193  0.00807666499
 194  0.00807666499
 195  0.00807666499
 196  0.00807666499
 197  0.00833306741
 198  0.0082048662
 199  0.0082048662
 200  0.0082048662
 201  0.00833306741
 202  0.00807666499
 203  0.00833306741
 204  0.00833306741
 205  0.0082048662
 206  0.00833306741
 207  0.0082048662
 208  0.00833306741
 209  0.00807666499
 210  0.0082048662
 211  0.00807666499
 212  0.00807666499
 213  0.00794846471
 214  0.0082048662
 215  0.0082048662
 216  0.00807666499
 217  0.00807666499
 218  0.0082048662
 219  0.00807666499
 220  0.0082048662
 221  0.00833306741
 222  0.00833306741
 223  0.0082048662
 224  0.0082048662
 225  0.00833306741
 226  0.0082048662
 227  0.0082048662
 228  0.00833306741
 229  0.0082048662
 230  0.0082048662
 231  0.00807666499
 232  0.00833306741
 233  0.0082048662
 234  0.00807666499
 235  0.0082048662
 236  0.0082048662
 237  0.00807666499
 238  0.00807666499
 239  0.00833306741
 240  0.00807666499
 241  0.00807666499
 242  0.00807666499
 243  0.0082048662
 244  0.00807666499
 245  0.00833306741
 246  0.00807666499
 247  0.00807666499
 248  0.00807666499
 249  0.0082048662
 250  0.0082048662
 251  0.0082048662
 252  0.00807666499
 253  0.00794846471
 254  0.0082048662
 255  0.0082048662
 256  0.0082048662
 257  0.00807666499
 258  0.0082048662
 259  0.0082048662
 260  0.0082048662
 261  0.00807666499
 262  0.00807666499
 263  0.00807666499
 264  0.00807666499
 265  0.00807666499
 266  0.00807666499
 267  0.0082048662
 268  0.0082048662
 269  0.00807666499
 270  0.00807666499
 271  0.00833306741
 272  0.0082048662
 273  0.0082048662
 274  0.00807666499
 275  0.00833306741
 276  0.0082048662
 277  0.0082048662
 278  0.0082048662
 279  0.0082048662
 280  0.00833306741
 281  0.00833306741
 282  0.0082048662
 283  0.0082048662
 284  0.00807666499
 285  0.00807666499
 286  0.0082048662
 287  0.00833306741
 288  0.00807666499
 289  0.00833306741
 290  0.00833306741
 291  0.00833306741
 292  0.00833306741
 293  0.0082048662
 294  0.0082048662
 295  0.00833306741
 296  0.0082048662
 297  0.00833306741
 298  0.00833306741
 299  0.0082048662
 300  0.00846126862
 301  0.00833306741
 302  0.00833306741
 303  0.0082048662
 304  0.00833306741
 305  0.00833306741
 306  0.00833306741
 307  0.00807666499
 308  0.0082048662
 309  0.0082048662
 310  0.0082048662
 311  0.00807666499
 312  0.0082048662
 313  0.0082048662
 314  0.0082048662
 315  0.00807666499
 316  0.00807666499
 317  0.00807666499
 318  0.0082048662
 319  0.0082048662
 320  0.0082048662
 321  0.00807666499
 322  0.0082048662
 323  0.0082048662
 324  0.0082048662
 325  0.00807666499
 326  0.00833306741
 327  0.00807666499
 328  0.0082048662
 329  0.00807666499
 330  0.00807666499
 331  0.0082048662
 332  0.0082048662
 333  0.00794846471
 334  0.00807666499
 335  0.00807666499
 336  0.00794846471
 337  0.00807666499
 338  0.00807666499
 339  0.00807666499
 340  0.0082048662
 341  0.00833306741
 342  0.0082048662
 343  0.0082048662
 344  0.0082048662
 345  0.0082048662
 346  0.00833306741
 347  0.00833306741
 348  0.00807666499
 349  0.0082048662
 350  0.0082048662
 351  0.0082048662
 352  0.0082048662
 353  0.00833306741
 354  0.0082048662
 355  0.0082048662
 356  0.0082048662
 357  0.0082048662
 358  0.00807666499
 359  0.0082048662
 360  0.0082048662
 361  0.0082048662
 362  0.0082048662
 363  0.0082048662
 364  0.00833306741
 365  0.00833306741
 366  0.00833306741
 367  0.00846126862
 368  0.00833306741
 369  0.00846126862
 370  0.00833306741
 371  0.00833306741
 372  0.00833306741
 373  0.00833306741
 374  0.00833306741
 375  0.00833306741
 376  0.00846126862
 377  0.0082048662
 378  0.00833306741
 379  0.00846126862
 380  0.0082048662
 381  0.00833306741
 382  0.00833306741
 383  0.00807666499
 384  0.00807666499
 385  0.0082048662
 386  0.0082048662
 387  0.00807666499
 388  0.00833306741
 389  0.0082048662
 390  0.00833306741
 391  0.00833306741
 392  0.00833306741
 393  0.00846126862
 394  0.00833306741
 395  0.0082048662
 396  0.0082048662
 397  0.00833306741
 398  0.0082048662
 399  0.00833306741
 400  0.0082048662
 401  0.0082048662
 402  0.00833306741
 403  0.0082048662
 404  0.00833306741
 405  0.00807666499
 406  0.0082048662
 407  0.00833306741
 408  0.0082048662
 409  0.0082048662
 410  0.00807666499
 411  0.00807666499
 412  0.00807666499
 413  0.0082048662
 414  0.0082048662
 415  0.00833306741
 416  0.0082048662
 417  0.00833306741
 418  0.0082048662
 419  0.00846126862
 420  0.0082048662
 421  0.00833306741
 422  0.0082048662
 423  0.0082048662
 424  0.0082048662
 425  0.00833306741
 426  0.00833306741
 427  0.00807666499
 428  0.00807666499
 429  0.00833306741
 430  0.00807666499
 431  0.0082048662
 432  0.0082048662
 433  0.00807666499
 434  0.00807666499
 435  0.0082048662
 436  0.00833306741
 437  0.0082048662
 438  0.0082048662
 439  0.00833306741
 440  0.0082048662
 441  0.00833306741
 442  0.0082048662
 443  0.0082048662
 444  0.00833306741
 445  0.00833306741
 446  0.0082048662
 447  0.00833306741
 448  0.00833306741
 449  0.0082048662
 450  0.00833306741
 451  0.00833306741
 452  0.00833306741
 453  0.0082048662
 454  0.00833306741
 455  0.00833306741
 456  0.0082048662
 457  0.00833306741
 458  0.00833306741
 459  0.0082048662
 460  0.00833306741
 461  0.00846126862
 462  0.00833306741
 463  0.00846126862
 464  0.00833306741
 465  0.00833306741
 466  0.00846126862
 467  0.00858946983
 468  0.0082048662
 469  0.00846126862
 470  0.00858946983
 471  0.00858946983
 472  0.00846126862
 473  0.00833306741
 474  0.00846126862
 475  0.00833306741
 476  0.0082048662
 477  0.00846126862
 478  0.00833306741
 479  0.0082048662
 480  0.00833306741
 481  0.0082048662
 482  0.00833306741
 483  0.00833306741
 484  0.00833306741
 485  0.00846126862
 486  0.0082048662
 487  0.0082048662
 488  0.00833306741
 489  0.00846126862
 490  0.00833306741
 491  0.00833306741
 492  0.00833306741
 493  0.00833306741
 494  0.0082048662
 495  0.00833306741
 496  0.00833306741
 497  0.0082048662
 498  0.0082048662
 499  0.0082048662
 500  0.00833306741

 1  0.00807666499
 2  0.00833306741
 3  0.0076920623
 4  0.0082048662
 5  0.0082048662
 6  0.00807666499
 7  0.00846126862
 8  0.00846126862
 9  0.00871767011
 10  0.00858946983
 11  0.00871767011
 12  0.00858946983
 13  0.00858946983
 14  0.00858946983
 15  0.00871767011
 16  0.00858946983
 17  0.00858946983
 18  0.00858946983
 19  0.00858946983
 20  0.00858946983
 21  0.00858946983
 22  0.00858946983
 23  0.00871767011
 24  0.00858946983
 25  0.00858946983
 26  0.00871767011
 27  0.00858946983
 28  0.00858946983
 29  0.00871767011
 30  0.00871767011
 31  0.00858946983
 32  0.00884587131
 33  0.00871767011
 34  0.00884587131
 35  0.00871767011
 36  0.00897407252
 37  0.00884587131
 38  0.00884587131
 39  0.00884587131
 40  0.00871767011
 41  0.00884587131
 42  0.00871767011
 43  0.00871767011
 44  0.00871767011
 45  0.00884587131
 46  0.00858946983
 47  0.00871767011
 48  0.00871767011
 49  0.00871767011
 50  0.00884587131
 51  0.00871767011
 52  0.00858946983
 53  0.00871767011
 54  0.00871767011
 55  0.00871767011
 56  0.00884587131
 57  0.00871767011
 58  0.00858946983
 59  0.00884587131
 60  0.00871767011
 61  0.00884587131
 62  0.00897407252
 63  0.00884587131
 64  0.00897407252
 65  0.00858946983
 66  0.00858946983
 67  0.00858946983
 68  0.00871767011
 69  0.00858946983
 70  0.00871767011
 71  0.00858946983
 72  0.00871767011
 73  0.00871767011
 74  0.00858946983
 75  0.00884587131
 76  0.00884587131
 77  0.00871767011
 78  0.00858946983
 79  0.00858946983
 80  0.00884587131
 81  0.00858946983
 82  0.00871767011
 83  0.00871767011
 84  0.00884587131
 85  0.00884587131
 86  0.00871767011
 87  0.00897407252
 88  0.00884587131
 89  0.00871767011
 90  0.00884587131
 91  0.00871767011
 92  0.00884587131
 93  0.00858946983
 94  0.00884587131
 95  0.00871767011
 96  0.00858946983
 97  0.00871767011
 98  0.00871767011
 99  0.00871767011
 100  0.00884587131
 101  0.00884587131
 102  0.00884587131
 103  0.00871767011
 104  0.00884587131
 105  0.00884587131
 106  0.00871767011
 107  0.00871767011
 108  0.00884587131
 109  0.00884587131
 110  0.00884587131
 111  0.00897407252
 112  0.00897407252
 113  0.00871767011
 114  0.00871767011
 115  0.00871767011
 116  0.00871767011
 117  0.00871767011
 118  0.00897407252
 119  0.00871767011
 120  0.00858946983
 121  0.00871767011
 122  0.00884587131
 123  0.00884587131
 124  0.00884587131
 125  0.00884587131
 126  0.00884587131
 127  0.00884587131
 128  0.00897407252
 129  0.00897407252
 130  0.00884587131
 131  0.00884587131
 132  0.00884587131
 133  0.00884587131
 134  0.00884587131
 135  0.00884587131
 136  0.00897407252
 137  0.00897407252
 138  0.00884587131
 139  0.00897407252
 140  0.00871767011
 141  0.00871767011
 142  0.00884587131
 143  0.00871767011
 144  0.00884587131
 145  0.00884587131
 146  0.00871767011
 147  0.00884587131
 148  0.00884587131
 149  0.00871767011
 150  0.00897407252
 151  0.00871767011
 152  0.00897407252
 153  0.00884587131
 154  0.00884587131
 155  0.00884587131
 156  0.00897407252
 157  0.00884587131
 158  0.00871767011
 159  0.00871767011
 160  0.00884587131
 161  0.00871767011
 162  0.00871767011
 163  0.00897407252
 164  0.00871767011
 165  0.00858946983
 166  0.00871767011
 167  0.00871767011
 168  0.00871767011
 169  0.00871767011
 170  0.00858946983
 171  0.00871767011
 172  0.00871767011
 173  0.00884587131
 174  0.00884587131
 175  0.00884587131
 176  0.00884587131
 177  0.00910227373
 178  0.00897407252
 179  0.00884587131
 180  0.00897407252
 181  0.00884587131
 182  0.00884587131
 183  0.00897407252
 184  0.00884587131
 185  0.00884587131
 186  0.00884587131
 187  0.00871767011
 188  0.00884587131
 189  0.00897407252
 190  0.00871767011
 191  0.00884587131
 192  0.00871767011
 193  0.00884587131
 194  0.00884587131
 195  0.00884587131
 196  0.00884587131
 197  0.00897407252
 198  0.00897407252
 199  0.00884587131
 200  0.00910227373
 201  0.00897407252
 202  0.00884587131
 203  0.00910227373
 204  0.00910227373
 205  0.00897407252
 206  0.00897407252
 207  0.00910227373
 208  0.00897407252
 209  0.00871767011
 210  0.00884587131
 211  0.00884587131
 212  0.00884587131
 213  0.00884587131
 214  0.00897407252
 215  0.00884587131
 216  0.00871767011
 217  0.00871767011
 218  0.00897407252
 219  0.00884587131
 220  0.00884587131
 221  0.00897407252
 222  0.00897407252
 223  0.00897407252
 224  0.00897407252
 225  0.00897407252
 226  0.00910227373
 227  0.00897407252
 228  0.00897407252
 229  0.00884587131
 230  0.00884587131
 231  0.00884587131
 232  0.00897407252
 233  0.00897407252
 234  0.00884587131
 235  0.00897407252
 236  0.00884587131
 237  0.00897407252
 238  0.00884587131
 239  0.00923047494
 240  0.00884587131
 241  0.00871767011
 242  0.00884587131
 243  0.00897407252
 244  0.00884587131
 245  0.00910227373
 246  0.00884587131
 247  0.00897407252
 248  0.00897407252
 249  0.00897407252
 250  0.00897407252
 251  0.00897407252
 252  0.00871767011
 253  0.00871767011
 254  0.00897407252
 255  0.00897407252
 256  0.00897407252
 257  0.00884587131
 258  0.00897407252
 259  0.00897407252
 260  0.00884587131
 261  0.00884587131
 262  0.00884587131
 263  0.00871767011
 264  0.00884587131
 265  0.00884587131
 266  0.00897407252
 267  0.00897407252
 268  0.00897407252
 269  0.00884587131
 270  0.00884587131
 271  0.00897407252
 272  0.00897407252
 273  0.00897407252
 274  0.00871767011
 275  0.00910227373
 276  0.00897407252
 277  0.00884587131
 278  0.00897407252
 279  0.00884587131
 280  0.00910227373
 281  0.00897407252
 282  0.00897407252
 283  0.00897407252
 284  0.00884587131
 285  0.00884587131
 286  0.00897407252
 287  0.00897407252
 288  0.00884587131
 289  0.00910227373
 290  0.00923047494
 291  0.00910227373
 292  0.00910227373
 293  0.00897407252
 294  0.00884587131
 295  0.00910227373
 296  0.00897407252
 297  0.00897407252
 298  0.00910227373
 299  0.00897407252
 300  0.00923047494
 301  0.00910227373
 302  0.00923047494
 303  0.00897407252
 304  0.00910227373
 305  0.00910227373
 306  0.00897407252
 307  0.00884587131
 308  0.00897407252
 309  0.00897407252
 310  0.00897407252
 311  0.00871767011
 312  0.00910227373
 313  0.00884587131
 314  0.00897407252
 315  0.00884587131
 316  0.00910227373
 317  0.00884587131
 318  0.00910227373
 319  0.00897407252
 320  0.00897407252
 321  0.00897407252
 322  0.00910227373
 323  0.00897407252
 324  0.00884587131
 325  0.00871767011
 326  0.00910227373
 327  0.00884587131
 328  0.00897407252
 329  0.00871767011
 330  0.00884587131
 331  0.00897407252
 332  0.00910227373
 333  0.00871767011
 334  0.00884587131
 335  0.00884587131
 336  0.00858946983
 337  0.00897407252
 338  0.00884587131
 339  0.00884587131
 340  0.00897407252
 341  0.00910227373
 342  0.00897407252
 343  0.00910227373
 344  0.00910227373
 345  0.00897407252
 346  0.00910227373
 347  0.00910227373
 348  0.00884587131
 349  0.00897407252
 350  0.00897407252
 351  0.00897407252
 352  0.00910227373
 353  0.00910227373
 354  0.00884587131
 355  0.00897407252
 356  0.00910227373
 357  0.00897407252
 358  0.00884587131
 359  0.00910227373
 360  0.00884587131
 361  0.00897407252
 362  0.00897407252
 363  0.00897407252
 364  0.00897407252
 365  0.00897407252
 366  0.00910227373
 367  0.00923047494
 368  0.00910227373
 369  0.00910227373
 370  0.00910227373
 371  0.00910227373
 372  0.00923047494
 373  0.00897407252
 374  0.00897407252
 375  0.00910227373
 376  0.00910227373
 377  0.00897407252
 378  0.00910227373
 379  0.00910227373
 380  0.00897407252
 381  0.00910227373
 382  0.00910227373
 383  0.00884587131
 384  0.00884587131
 385  0.00910227373
 386  0.00897407252
 387  0.00884587131
 388  0.00910227373
 389  0.00897407252
 390  0.00897407252
 391  0.00897407252
 392  0.00897407252
 393  0.00923047494
 394  0.00897407252
 395  0.00897407252
 396  0.00910227373
 397  0.00910227373
 398  0.00884587131
 399  0.00897407252
 400  0.00897407252
 401  0.00897407252
 402  0.00910227373
 403  0.00897407252
 404  0.00897407252
 405  0.00884587131
 406  0.00884587131
 407  0.00897407252
 408  0.00897407252
 409  0.00897407252
 410  0.00884587131
 411  0.00884587131
 412  0.00884587131
 413  0.00910227373
 414  0.00884587131
 415  0.00884587131
 416  0.00897407252
 417  0.00910227373
 418  0.00897407252
 419  0.00923047494
 420  0.00897407252
 421  0.00910227373
 422  0.00910227373
 423  0.00897407252
 424  0.00897407252
 425  0.00897407252
 426  0.00910227373
 427  0.00884587131
 428  0.00897407252
 429  0.00910227373
 430  0.00884587131
 431  0.00884587131
 432  0.00897407252
 433  0.00884587131
 434  0.00884587131
 435  0.00884587131
 436  0.00910227373
 437  0.00884587131
 438  0.00897407252
 439  0.00897407252
 440  0.00884587131
 441  0.00910227373
 442  0.00897407252
 443  0.00897407252
 444  0.00910227373
 445  0.00897407252
 446  0.00897407252
 447  0.00897407252
 448  0.00923047494
 449  0.00897407252
 450  0.00910227373
 451  0.00910227373
 452  0.00910227373
 453  0.00897407252
 454  0.00910227373
 455  0.00910227373
 456  0.00897407252
 457  0.00897407252
 458  0.00923047494
 459  0.00884587131
 460  0.00897407252
 461  0.00923047494
 462  0.00897407252
 463  0.00923047494
 464  0.00923047494
 465  0.00923047494
 466  0.00923047494
 467  0.00923047494
 468  0.00897407252
 469  0.00923047494
 470  0.00935867615
 471  0.00935867615
 472  0.00910227373
 473  0.00897407252
 474  0.00923047494
 475  0.00910227373
 476  0.00897407252
 477  0.00923047494
 478  0.00910227373
 479  0.00897407252
 480  0.00897407252
 481  0.00897407252
 482  0.00910227373
 483  0.00910227373
 484  0.00910227373
 485  0.00910227373
 486  0.00897407252
 487  0.00897407252
 488  0.00923047494
 489  0.00923047494
 490  0.00910227373
 491  0.00910227373
 492  0.00910227373
 493  0.00897407252
 494  0.00897407252
 495  0.00923047494
 496  0.00910227373
 497  0.00897407252
 498  0.00910227373
 499  0.00884587131
 500  0.00910227373

 1  0.00897407252
 2  0.00910227373
 3  0.00846126862
 4  0.00897407252
 5  0.00910227373
 6  0.00884587131
 7  0.00935867615
 8  0.00923047494
 9  0.00948687643
 10  0.00948687643
 11  0.00961507764
 12  0.00935867615
 13  0.00935867615
 14  0.00935867615
 15  0.00948687643
 16  0.00935867615
 17  0.00935867615
 18  0.00935867615
 19  0.00948687643
 20  0.00948687643
 21  0.00948687643
 22  0.00935867615
 23  0.00948687643
 24  0.00935867615
 25  0.00935867615
 26  0.00948687643
 27  0.00948687643
 28  0.00948687643
 29  0.00948687643
 30  0.00961507764
 31  0.00948687643
 32  0.00961507764
 33  0.00935867615
 34  0.00948687643
 35  0.00948687643
 36  0.00961507764
 37  0.00961507764
 38  0.00961507764
 39  0.00974327885
 40  0.00948687643
 41  0.00961507764
 42  0.00948687643
 43  0.00948687643
 44  0.00961507764
 45  0.00948687643
 46  0.00948687643
 47  0.00948687643
 48  0.00948687643
 49  0.00948687643
 50  0.00961507764
 51  0.00948687643
 52  0.00948687643
 53  0.00948687643
 54  0.00948687643
 55  0.00961507764
 56  0.00961507764
 57  0.00948687643
 58  0.00935867615
 59  0.00974327885
 60  0.00948687643
 61  0.00961507764
 62  0.00961507764
 63  0.00961507764
 64  0.00974327885
 65  0.00935867615
 66  0.00948687643
 67  0.00935867615
 68  0.00948687643
 69  0.00948687643
 70  0.00948687643
 71  0.00948687643
 72  0.00948687643
 73  0.00935867615
 74  0.00935867615
 75  0.00961507764
 76  0.00961507764
 77  0.00948687643
 78  0.00935867615
 79  0.00935867615
 80  0.00961507764
 81  0.00948687643
 82  0.00961507764
 83  0.00961507764
 84  0.00961507764
 85  0.00948687643
 86  0.00935867615
 87  0.00961507764
 88  0.00961507764
 89  0.00961507764
 90  0.00948687643
 91  0.00948687643
 92  0.00948687643
 93  0.00948687643
 94  0.00961507764
 95  0.00948687643
 96  0.00935867615
 97  0.00961507764
 98  0.00961507764
 99  0.00948687643
 100  0.00948687643
 101  0.00948687643
 102  0.00961507764
 103  0.00948687643
 104  0.00961507764
 105  0.00961507764
 106  0.00948687643
 107  0.00948687643
 108  0.00974327885
 109  0.00987148006
 110  0.00961507764
 111  0.00974327885
 112  0.00961507764
 113  0.00935867615
 114  0.00935867615
 115  0.00961507764
 116  0.00961507764
 117  0.00948687643
 118  0.00974327885
 119  0.00948687643
 120  0.00935867615
 121  0.00961507764
 122  0.00948687643
 123  0.00961507764
 124  0.00974327885
 125  0.00961507764
 126  0.00961507764
 127  0.00961507764
 128  0.00974327885
 129  0.00974327885
 130  0.00961507764
 131  0.00974327885
 132  0.00974327885
 133  0.00961507764
 134  0.00974327885
 135  0.00974327885
 136  0.00974327885
 137  0.00974327885
 138  0.00961507764
 139  0.00974327885
 140  0.00961507764
 141  0.00948687643
 142  0.00961507764
 143  0.00948687643
 144  0.00961507764
 145  0.00961507764
 146  0.00948687643
 147  0.00961507764
 148  0.00961507764
 149  0.00961507764
 150  0.00974327885
 151  0.00948687643
 152  0.00974327885
 153  0.00974327885
 154  0.00961507764
 155  0.00961507764
 156  0.00987148006
 157  0.00974327885
 158  0.00948687643
 159  0.00974327885
 160  0.00961507764
 161  0.00948687643
 162  0.00948687643
 163  0.00974327885
 164  0.00948687643
 165  0.00948687643
 166  0.00948687643
 167  0.00961507764
 168  0.00948687643
 169  0.00935867615
 170  0.00935867615
 171  0.00948687643
 172  0.00961507764
 173  0.00961507764
 174  0.00961507764
 175  0.00961507764
 176  0.00974327885
 177  0.00987148006
 178  0.00974327885
 179  0.00974327885
 180  0.00974327885
 181  0.00961507764
 182  0.00961507764
 183  0.00974327885
 184  0.00961507764
 185  0.00948687643
 186  0.00974327885
 187  0.00961507764
 188  0.00961507764
 189  0.00974327885
 190  0.00948687643
 191  0.00948687643
 192  0.00948687643
 193  0.00961507764
 194  0.00961507764
 195  0.00948687643
 196  0.00961507764
 197  0.00974327885
 198  0.00974327885
 199  0.00961507764
 200  0.00974327885
 201  0.00974327885
 202  0.00974327885
 203  0.00974327885
 204  0.00987148006
 205  0.00961507764
 206  0.00974327885
 207  0.00987148006
 208  0.00974327885
 209  0.00961507764
 210  0.00961507764
 211  0.00961507764
 212  0.00961507764
 213  0.00974327885
 214  0.00961507764
 215  0.00974327885
 216  0.00948687643
 217  0.00961507764
 218  0.00974327885
 219  0.00961507764
 220  0.00974327885
 221  0.00974327885
 222  0.00974327885
 223  0.00974327885
 224  0.00974327885
 225  0.00987148006
 226  0.00974327885
 227  0.00987148006
 228  0.00987148006
 229  0.00974327885
 230  0.00961507764
 231  0.00974327885
 232  0.00974327885
 233  0.00974327885
 234  0.00974327885
 235  0.00974327885
 236  0.00961507764
 237  0.00974327885
 238  0.00961507764
 239  0.00987148006
 240  0.00961507764
 241  0.00948687643
 242  0.00961507764
 243  0.00974327885
 244  0.00961507764
 245  0.00999968126
 246  0.00961507764
 247  0.00961507764
 248  0.00961507764
 249  0.00974327885
 250  0.00974327885
 251  0.00974327885
 252  0.00961507764
 253  0.00948687643
 254  0.00987148006
 255  0.00961507764
 256  0.00974327885
 257  0.00961507764
 258  0.00987148006
 259  0.00974327885
 260  0.00948687643
 261  0.00974327885
 262  0.00961507764
 263  0.00948687643
 264  0.00961507764
 265  0.00948687643
 266  0.00974327885
 267  0.00961507764
 268  0.00974327885
 269  0.00961507764
 270  0.00974327885
 271  0.00974327885
 272  0.00974327885
 273  0.00974327885
 274  0.00948687643
 275  0.00987148006
 276  0.00974327885
 277  0.00974327885
 278  0.00974327885
 279  0.00974327885
 280  0.00974327885
 281  0.00974327885
 282  0.00987148006
 283  0.00974327885
 284  0.00961507764
 285  0.00961507764
 286  0.00974327885
 287  0.00974327885
 288  0.00961507764
 289  0.00974327885
 290  0.00999968126
 291  0.00974327885
 292  0.00987148006
 293  0.00974327885
 294  0.00961507764
 295  0.00987148006
 296  0.00974327885
 297  0.00974327885
 298  0.00987148006
 299  0.00974327885
 300  0.00999968126
 301  0.00987148006
 302  0.00999968126
 303  0.00974327885
 304  0.00987148006
 305  0.00999968126
 306  0.00987148006
 307  0.00961507764
 308  0.00974327885
 309  0.00987148006
 310  0.00974327885
 311  0.00948687643
 312  0.00987148006
 313  0.00961507764
 314  0.00974327885
 315  0.00961507764
 316  0.00987148006
 317  0.00974327885
 318  0.00987148006
 319  0.00987148006
 320  0.00961507764
 321  0.00974327885
 322  0.00987148006
 323  0.00974327885
 324  0.00974327885
 325  0.00948687643
 326  0.00987148006
 327  0.00961507764
 328  0.00987148006
 329  0.00948687643
 330  0.00961507764
 331  0.00974327885
 332  0.00987148006
 333  0.00948687643
 334  0.00961507764
 335  0.00961507764
 336  0.00948687643
 337  0.00987148006
 338  0.00961507764
 339  0.00961507764
 340  0.00987148006
 341  0.00974327885
 342  0.00987148006
 343  0.00987148006
 344  0.00987148006
 345  0.00974327885
 346  0.00999968126
 347  0.00987148006
 348  0.00961507764
 349  0.00974327885
 350  0.00974327885
 351  0.00987148006
 352  0.00999968126
 353  0.00987148006
 354  0.00974327885
 355  0.00974327885
 356  0.00974327885
 357  0.00974327885
 358  0.00948687643
 359  0.00999968126
 360  0.00961507764
 361  0.00974327885
 362  0.00974327885
 363  0.00974327885
 364  0.00974327885
 365  0.00987148006
 366  0.00987148006
 367  0.00999968126
 368  0.00987148006
 369  0.00987148006
 370  0.00999968126
 371  0.00999968126
 372  0.00999968126
 373  0.00987148006
 374  0.00974327885
 375  0.00987148006
 376  0.00987148006
 377  0.00974327885
 378  0.00987148006
 379  0.00987148006
 380  0.00974327885
 381  0.00987148006
 382  0.00987148006
 383  0.00974327885
 384  0.00974327885
 385  0.00987148006
 386  0.00974327885
 387  0.00974327885
 388  0.00974327885
 389  0.00987148006
 390  0.00974327885
 391  0.00987148006
 392  0.00974327885
 393  0.0101278815
 394  0.00987148006
 395  0.00974327885
 396  0.00987148006
 397  0.00987148006
 398  0.00974327885
 399  0.00974327885
 400  0.00987148006
 401  0.00987148006
 402  0.00987148006
 403  0.00961507764
 404  0.00974327885
 405  0.00961507764
 406  0.00961507764
 407  0.00974327885
 408  0.00974327885
 409  0.00974327885
 410  0.00974327885
 411  0.00974327885
 412  0.00974327885
 413  0.00987148006
 414  0.00961507764
 415  0.00961507764
 416  0.00961507764
 417  0.00987148006
 418  0.00974327885
 419  0.00999968126
 420  0.00974327885
 421  0.00974327885
 422  0.00974327885
 423  0.00974327885
 424  0.00974327885
 425  0.00974327885
 426  0.00987148006
 427  0.00961507764
 428  0.00974327885
 429  0.00987148006
 430  0.00961507764
 431  0.00961507764
 432  0.00974327885
 433  0.00948687643
 434  0.00961507764
 435  0.00974327885
 436  0.00987148006
 437  0.00961507764
 438  0.00974327885
 439  0.00987148006
 440  0.00961507764
 441  0.00987148006
 442  0.00974327885
 443  0.00961507764
 444  0.00987148006
 445  0.00987148006
 446  0.00974327885
 447  0.00987148006
 448  0.00987148006
 449  0.00961507764
 450  0.00999968126
 451  0.00974327885
 452  0.00987148006
 453  0.00974327885
 454  0.00987148006
 455  0.00987148006
 456  0.00974327885
 457  0.00987148006
 458  0.00987148006
 459  0.00974327885
 460  0.00974327885
 461  0.00999968126
 462  0.00987148006
 463  0.00999968126
 464  0.00999968126
 465  0.00999968126
 466  0.00987148006
 467  0.0101278815
 468  0.00987148006
 469  0.00999968126
 470  0.0101278815
 471  0.0101278815
 472  0.00999968126
 473  0.00987148006
 474  0.0101278815
 475  0.00987148006
 476  0.00987148006
 477  0.00999968126
 478  0.00987148006
 479  0.00974327885
 480  0.00974327885
 481  0.00987148006
 482  0.00974327885
 483  0.00987148006
 484  0.00999968126
 485  0.00999968126
 486  0.00987148006
 487  0.00974327885
 488  0.00999968126
 489  0.00999968126
 490  0.00974327885
 491  0.00999968126
 492  0.00987148006
 493  0.00987148006
 494  0.00974327885
 495  0.00999968126
 496  0.00987148006
 497  0.00974327885
 498  0.00987148006
 499  0.00974327885
 500  0.00974327885

 1  0.00987148006
 2  0.00999968126
 3  0.00923047494
 4  0.00974327885
 5  0.00987148006
 6  0.00974327885
 7  0.0101278815
 8  0.0101278815
 9  0.0102560828
 10  0.010384284
 11  0.010384284
 12  0.0102560828
 13  0.0101278815
 14  0.0102560828
 15  0.010384284
 16  0.0102560828
 17  0.0102560828
 18  0.0102560828
 19  0.0102560828
 20  0.0102560828
 21  0.010384284
 22  0.0102560828
 23  0.0102560828
 24  0.0101278815
 25  0.0101278815
 26  0.010384284
 27  0.0102560828
 28  0.010384284
 29  0.0102560828
 30  0.0105124852
 31  0.010384284
 32  0.0105124852
 33  0.0102560828
 34  0.0105124852
 35  0.010384284
 36  0.0105124852
 37  0.0105124852
 38  0.0105124852
 39  0.0105124852
 40  0.0102560828
 41  0.0105124852
 42  0.010384284
 43  0.010384284
 44  0.010384284
 45  0.0102560828
 46  0.010384284
 47  0.0102560828
 48  0.010384284
 49  0.010384284
 50  0.010384284
 51  0.010384284
 52  0.010384284
 53  0.010384284
 54  0.010384284
 55  0.0105124852
 56  0.010384284
 57  0.010384284
 58  0.0102560828
 59  0.0105124852
 60  0.0102560828
 61  0.0106406864
 62  0.010384284
 63  0.0105124852
 64  0.0105124852
 65  0.0102560828
 66  0.0102560828
 67  0.0102560828
 68  0.0102560828
 69  0.0102560828
 70  0.010384284
 71  0.010384284
 72  0.0102560828
 73  0.0102560828
 74  0.0102560828
 75  0.010384284
 76  0.010384284
 77  0.010384284
 78  0.0101278815
 79  0.0102560828
 80  0.0105124852
 81  0.0102560828
 82  0.0105124852
 83  0.010384284
 84  0.0105124852
 85  0.010384284
 86  0.0102560828
 87  0.0105124852
 88  0.0105124852
 89  0.010384284
 90  0.010384284
 91  0.0102560828
 92  0.010384284
 93  0.010384284
 94  0.010384284
 95  0.0102560828
 96  0.0101278815
 97  0.010384284
 98  0.010384284
 99  0.0102560828
 100  0.0102560828
 101  0.010384284
 102  0.010384284
 103  0.010384284
 104  0.010384284
 105  0.0105124852
 106  0.010384284
 107  0.0105124852
 108  0.0105124852
 109  0.0106406864
 110  0.0105124852
 111  0.0106406864
 112  0.0105124852
 113  0.0101278815
 114  0.010384284
 115  0.0105124852
 116  0.010384284
 117  0.010384284
 118  0.0106406864
 119  0.010384284
 120  0.0102560828
 121  0.010384284
 122  0.0106406864
 123  0.010384284
 124  0.0105124852
 125  0.010384284
 126  0.0105124852
 127  0.010384284
 128  0.010384284
 129  0.0106406864
 130  0.010384284
 131  0.0106406864
 132  0.0106406864
 133  0.010384284
 134  0.0106406864
 135  0.0106406864
 136  0.0105124852
 137  0.0106406864
 138  0.0105124852
 139  0.0105124852
 140  0.010384284
 141  0.0102560828
 142  0.0106406864
 143  0.0105124852
 144  0.010384284
 145  0.0105124852
 146  0.010384284
 147  0.0105124852
 148  0.0105124852
 149  0.0105124852
 150  0.0106406864
 151  0.0102560828
 152  0.0105124852
 153  0.0105124852
 154  0.0105124852
 155  0.0105124852
 156  0.0106406864
 157  0.0105124852
 158  0.010384284
 159  0.0105124852
 160  0.010384284
 161  0.010384284
 162  0.010384284
 163  0.0105124852
 164  0.010384284
 165  0.0102560828
 166  0.010384284
 167  0.010384284
 168  0.010384284
 169  0.0102560828
 170  0.010384284
 171  0.010384284
 172  0.0105124852
 173  0.0105124852
 174  0.010384284
 175  0.0105124852
 176  0.0105124852
 177  0.0106406864
 178  0.0106406864
 179  0.0106406864
 180  0.0105124852
 181  0.0105124852
 182  0.0105124852
 183  0.0106406864
 184  0.0105124852
 185  0.0105124852
 186  0.0106406864
 187  0.010384284
 188  0.0105124852
 189  0.0106406864
 190  0.0102560828
 191  0.010384284
 192  0.010384284
 193  0.010384284
 194  0.010384284
 195  0.010384284
 196  0.010384284
 197  0.0105124852
 198  0.0106406864
 199  0.0105124852
 200  0.0105124852
 201  0.0106406864
 202  0.0107688876
 203  0.0106406864
 204  0.0107688876
 205  0.0105124852
 206  0.0106406864
 207  0.0106406864
 208  0.0106406864
 209  0.010384284
 210  0.010384284
 211  0.0105124852
 212  0.0105124852
 213  0.0106406864
 214  0.010384284
 215  0.0106406864
 216  0.010384284
 217  0.010384284
 218  0.0106406864
 219  0.0105124852
 220  0.0105124852
 221  0.0106406864
 222  0.0106406864
 223  0.0105124852
 224  0.0106406864
 225  0.0106406864
 226  0.0106406864
 227  0.0107688876
 228  0.0105124852
 229  0.010384284
 230  0.010384284
 231  0.0106406864
 232  0.0106406864
 233  0.0106406864
 234  0.0106406864
 235  0.0106406864
 236  0.010384284
 237  0.0106406864
 238  0.010384284
 239  0.0107688876
 240  0.010384284
 241  0.010384284
 242  0.0105124852
 243  0.0106406864
 244  0.0105124852
 245  0.0108970879
 246  0.010384284
 247  0.0106406864
 248  0.0105124852
 249  0.0105124852
 250  0.0106406864
 251  0.0105124852
 252  0.010384284
 253  0.010384284
 254  0.0106406864
 255  0.0105124852
 256  0.0106406864
 257  0.0105124852
 258  0.0106406864
 259  0.0105124852
 260  0.010384284
 261  0.0105124852
 262  0.0105124852
 263  0.0105124852
 264  0.010384284
 265  0.0105124852
 266  0.0106406864
 267  0.0105124852
 268  0.0105124852
 269  0.010384284
 270  0.0105124852
 271  0.0106406864
 272  0.0106406864
 273  0.0105124852
 274  0.010384284
 275  0.0106406864
 276  0.0106406864
 277  0.0106406864
 278  0.0106406864
 279  0.0106406864
 280  0.0106406864
 281  0.0105124852
 282  0.0107688876
 283  0.0106406864
 284  0.0105124852
 285  0.0105124852
 286  0.0105124852
 287  0.0106406864
 288  0.010384284
 289  0.0107688876
 290  0.0107688876
 291  0.0105124852
 292  0.0107688876
 293  0.0105124852
 294  0.0105124852
 295  0.0106406864
 296  0.0105124852
 297  0.0106406864
 298  0.0108970879
 299  0.0107688876
 300  0.0107688876
 301  0.0107688876
 302  0.0108970879
 303  0.0105124852
 304  0.0107688876
 305  0.0108970879
 306  0.0107688876
 307  0.0105124852
 308  0.0105124852
 309  0.0106406864
 310  0.0106406864
 311  0.010384284
 312  0.0107688876
 313  0.010384284
 314  0.0106406864
 315  0.0105124852
 316  0.0107688876
 317  0.0107688876
 318  0.0107688876
 319  0.0106406864
 320  0.010384284
 321  0.0106406864
 322  0.0108970879
 323  0.0107688876
 324  0.0106406864
 325  0.010384284
 326  0.0107688876
 327  0.0106406864
 328  0.0107688876
 329  0.010384284
 330  0.010384284
 331  0.0108970879
 332  0.0106406864
 333  0.010384284
 334  0.0105124852
 335  0.010384284
 336  0.010384284
 337  0.0107688876
 338  0.010384284
 339  0.010384284
 340  0.0106406864
 341  0.0107688876
 342  0.0107688876
 343  0.0107688876
 344  0.0107688876
 345  0.0106406864
 346  0.0108970879
 347  0.0108970879
 348  0.0106406864
 349  0.0106406864
 350  0.0106406864
 351  0.0105124852
 352  0.0107688876
 353  0.0107688876
 354  0.0105124852
 355  0.0105124852
 356  0.0105124852
 357  0.0105124852
 358  0.010384284
 359  0.0106406864
 360  0.0105124852
 361  0.0106406864
 362  0.0106406864
 363  0.010384284
 364  0.0106406864
 365  0.0107688876
 366  0.0107688876
 367  0.0107688876
 368  0.0107688876
 369  0.0106406864
 370  0.0108970879
 371  0.0108970879
 372  0.0107688876
 373  0.0106406864
 374  0.0106406864
 375  0.0107688876
 376  0.0107688876
 377  0.0106406864
 378  0.0107688876
 379  0.0106406864
 380  0.0107688876
 381  0.0107688876
 382  0.0107688876
 383  0.0105124852
 384  0.0106406864
 385  0.0106406864
 386  0.0106406864
 387  0.0105124852
 388  0.0105124852
 389  0.0106406864
 390  0.0105124852
 391  0.0106406864
 392  0.0105124852
 393  0.0110252891
 394  0.0106406864
 395  0.0106406864
 396  0.0107688876
 397  0.0107688876
 398  0.0106406864
 399  0.0106406864
 400  0.0107688876
 401  0.0106406864
 402  0.0106406864
 403  0.0105124852
 404  0.0106406864
 405  0.0105124852
 406  0.0105124852
 407  0.0105124852
 408  0.0106406864
 409  0.0106406864
 410  0.0105124852
 411  0.0105124852
 412  0.0105124852
 413  0.0107688876
 414  0.0105124852
 415  0.0105124852
 416  0.0106406864
 417  0.0107688876
 418  0.0105124852
 419  0.0107688876
 420  0.0106406864
 421  0.0106406864
 422  0.0105124852
 423  0.0105124852
 424  0.0106406864
 425  0.0105124852
 426  0.0106406864
 427  0.0105124852
 428  0.0105124852
 429  0.0106406864
 430  0.0106406864
 431  0.0105124852
 432  0.0105124852
 433  0.0102560828
 434  0.0105124852
 435  0.0105124852
 436  0.0106406864
 437  0.0105124852
 438  0.0106406864
 439  0.0106406864
 440  0.0105124852
 441  0.0107688876
 442  0.0106406864
 443  0.0105124852
 444  0.0107688876
 445  0.0107688876
 446  0.0106406864
 447  0.0107688876
 448  0.0107688876
 449  0.0105124852
 450  0.0107688876
 451  0.0107688876
 452  0.0106406864
 453  0.0106406864
 454  0.0107688876
 455  0.0106406864
 456  0.0105124852
 457  0.0107688876
 458  0.0107688876
 459  0.0105124852
 460  0.0105124852
 461  0.0107688876
 462  0.0107688876
 463  0.0106406864
 464  0.0107688876
 465  0.0107688876
 466  0.0107688876
 467  0.0108970879
 468  0.0106406864
 469  0.0108970879
 470  0.0110252891
 471  0.0110252891
 472  0.0107688876
 473  0.0106406864
 474  0.0108970879
 475  0.0107688876
 476  0.0106406864
 477  0.0107688876
 478  0.0107688876
 479  0.0106406864
 480  0.0105124852
 481  0.0106406864
 482  0.0106406864
 483  0.0107688876
 484  0.0107688876
 485  0.0107688876
 486  0.0107688876
 487  0.0106406864
 488  0.0108970879
 489  0.0107688876
 490  0.0106406864
 491  0.0108970879
 492  0.0106406864
 493  0.0106406864
 494  0.0106406864
 495  0.0107688876
 496  0.0107688876
 497  0.0105124852
 498  0.0107688876
 499  0.0105124852
 500  0.0105124852

 1  0.0108970879
 2  0.0108970879
 3  0.0101278815
 4  0.0107688876
 5  0.0107688876
 6  0.0106406864
 7  0.0110252891
 8  0.0110252891
 9  0.0111534903
 10  0.0114098927
 11  0.0112816915
 12  0.0110252891
 13  0.0110252891
 14  0.0111534903
 15  0.0112816915
 16  0.0111534903
 17  0.0111534903
 18  0.0111534903
 19  0.0111534903
 20  0.0112816915
 21  0.0111534903
 22  0.0111534903
 23  0.0112816915
 24  0.0111534903
 25  0.0110252891
 26  0.0114098927
 27  0.0112816915
 28  0.0111534903
 29  0.0112816915
 30  0.0114098927
 31  0.0112816915
 32  0.0114098927
 33  0.0111534903
 34  0.0112816915
 35  0.0112816915
 36  0.0114098927
 37  0.0114098927
 38  0.0114098927
 39  0.0114098927
 40  0.0112816915
 41  0.0112816915
 42  0.0114098927
 43  0.0112816915
 44  0.0112816915
 45  0.0111534903
 46  0.0111534903
 47  0.0112816915
 48  0.0112816915
 49  0.0112816915
 50  0.0112816915
 51  0.0114098927
 52  0.0111534903
 53  0.0114098927
 54  0.0112816915
 55  0.0114098927
 56  0.0112816915
 57  0.0114098927
 58  0.0112816915
 59  0.011538093
 60  0.0111534903
 61  0.0114098927
 62  0.0112816915
 63  0.0114098927
 64  0.011538093
 65  0.0111534903
 66  0.0111534903
 67  0.0112816915
 68  0.0112816915
 69  0.0111534903
 70  0.0111534903
 71  0.0112816915
 72  0.0111534903
 73  0.0110252891
 74  0.0112816915
 75  0.0112816915
 76  0.0112816915
 77  0.0112816915
 78  0.0111534903
 79  0.0110252891
 80  0.0114098927
 81  0.0111534903
 82  0.0114098927
 83  0.0114098927
 84  0.011538093
 85  0.0112816915
 86  0.0111534903
 87  0.0114098927
 88  0.0114098927
 89  0.0114098927
 90  0.011538093
 91  0.0110252891
 92  0.0114098927
 93  0.0111534903
 94  0.0112816915
 95  0.0112816915
 96  0.0111534903
 97  0.0112816915
 98  0.0112816915
 99  0.0112816915
 100  0.0112816915
 101  0.0112816915
 102  0.011538093
 103  0.0112816915
 104  0.0112816915
 105  0.0114098927
 106  0.0112816915
 107  0.0114098927
 108  0.0114098927
 109  0.011538093
 110  0.0114098927
 111  0.011538093
 112  0.0114098927
 113  0.0110252891
 114  0.0111534903
 115  0.0114098927
 116  0.0114098927
 117  0.0114098927
 118  0.011538093
 119  0.0111534903
 120  0.0112816915
 121  0.0112816915
 122  0.0116662942
 123  0.0112816915
 124  0.011538093
 125  0.0112816915
 126  0.0114098927
 127  0.0112816915
 128  0.0112816915
 129  0.011538093
 130  0.0114098927
 131  0.011538093
 132  0.011538093
 133  0.0114098927
 134  0.011538093
 135  0.011538093
 136  0.011538093
 137  0.011538093
 138  0.011538093
 139  0.0114098927
 140  0.0112816915
 141  0.0112816915
 142  0.0116662942
 143  0.011538093
 144  0.0114098927
 145  0.0114098927
 146  0.0112816915
 147  0.0114098927
 148  0.011538093
 149  0.011538093
 150  0.011538093
 151  0.0112816915
 152  0.011538093
 153  0.0114098927
 154  0.011538093
 155  0.0114098927
 156  0.0116662942
 157  0.011538093
 158  0.011538093
 159  0.0112816915
 160  0.0112816915
 161  0.0112816915
 162  0.011538093
 163  0.0114098927
 164  0.0114098927
 165  0.0112816915
 166  0.0112816915
 167  0.0114098927
 168  0.0112816915
 169  0.0112816915
 170  0.0112816915
 171  0.0111534903
 172  0.011538093
 173  0.0114098927
 174  0.0112816915
 175  0.0114098927
 176  0.0114098927
 177  0.0116662942
 178  0.011538093
 179  0.0116662942
 180  0.011538093
 181  0.0114098927
 182  0.0114098927
 183  0.011538093
 184  0.011538093
 185  0.0114098927
 186  0.011538093
 187  0.0112816915
 188  0.011538093
 189  0.011538093
 190  0.0112816915
 191  0.0114098927
 192  0.0111534903
 193  0.0112816915
 194  0.0112816915
 195  0.0112816915
 196  0.0112816915
 197  0.0114098927
 198  0.011538093
 199  0.0114098927
 200  0.011538093
 201  0.011538093
 202  0.0116662942
 203  0.0116662942
 204  0.011538093
 205  0.011538093
 206  0.011538093
 207  0.011538093
 208  0.0114098927
 209  0.0112816915
 210  0.0114098927
 211  0.0114098927
 212  0.0114098927
 213  0.011538093
 214  0.0114098927
 215  0.011538093
 216  0.0112816915
 217  0.0114098927
 218  0.0116662942
 219  0.011538093
 220  0.0114098927
 221  0.011538093
 222  0.011538093
 223  0.011538093
 224  0.0116662942
 225  0.011538093
 226  0.0114098927
 227  0.011538093
 228  0.0114098927
 229  0.0112816915
 230  0.0114098927
 231  0.011538093
 232  0.011538093
 233  0.0116662942
 234  0.011538093
 235  0.011538093
 236  0.0112816915
 237  0.011538093
 238  0.0114098927
 239  0.0116662942
 240  0.0111534903
 241  0.0114098927
 242  0.0114098927
 243  0.011538093
 244  0.0112816915
 245  0.0116662942
 246  0.0112816915
 247  0.011538093
 248  0.011538093
 249  0.0114098927
 250  0.0114098927
 251  0.0114098927
 252  0.0114098927
 253  0.0112816915
 254  0.0116662942
 255  0.0114098927
 256  0.011538093
 257  0.011538093
 258  0.0116662942
 259  0.011538093
 260  0.0114098927
 261  0.0114098927
 262  0.0112816915
 263  0.0112816915
 264  0.0112816915
 265  0.0114098927
 266  0.011538093
 267  0.011538093
 268  0.011538093
 269  0.0112816915
 270  0.0114098927
 271  0.0116662942
 272  0.0116662942
 273  0.011538093
 274  0.0112816915
 275  0.0116662942
 276  0.011538093
 277  0.0116662942
 278  0.0114098927
 279  0.011538093
 280  0.0116662942
 281  0.011538093
 282  0.0116662942
 283  0.011538093
 284  0.011538093
 285  0.0114098927
 286  0.0114098927
 287  0.0116662942
 288  0.0112816915
 289  0.0117944954
 290  0.011538093
 291  0.0114098927
 292  0.0116662942
 293  0.011538093
 294  0.0112816915
 295  0.011538093
 296  0.0116662942
 297  0.011538093
 298  0.0117944954
 299  0.0116662942
 300  0.0116662942
 301  0.011538093
 302  0.0117944954
 303  0.011538093
 304  0.011538093
 305  0.0119226966
 306  0.011538093
 307  0.011538093
 308  0.011538093
 309  0.011538093
 310  0.011538093
 311  0.0114098927
 312  0.0116662942
 313  0.0112816915
 314  0.0116662942
 315  0.0114098927
 316  0.0117944954
 317  0.0116662942
 318  0.011538093
 319  0.011538093
 320  0.0112816915
 321  0.0116662942
 322  0.011538093
 323  0.0116662942
 324  0.011538093
 325  0.0114098927
 326  0.0117944954
 327  0.011538093
 328  0.0116662942
 329  0.0114098927
 330  0.0114098927
 331  0.0117944954
 332  0.011538093
 333  0.0112816915
 334  0.0114098927
 335  0.0112816915
 336  0.0112816915
 337  0.0116662942
 338  0.0114098927
 339  0.0112816915
 340  0.011538093
 341  0.0116662942
 342  0.0116662942
 343  0.0116662942
 344  0.0116662942
 345  0.011538093
 346  0.0117944954
 347  0.0117944954
 348  0.011538093
 349  0.011538093
 350  0.0116662942
 351  0.0114098927
 352  0.0116662942
 353  0.011538093
 354  0.0114098927
 355  0.011538093
 356  0.0114098927
 357  0.0114098927
 358  0.0114098927
 359  0.0116662942
 360  0.0114098927
 361  0.0116662942
 362  0.0116662942
 363  0.0114098927
 364  0.011538093
 365  0.0116662942
 366  0.0117944954
 367  0.0116662942
 368  0.0116662942
 369  0.011538093
 370  0.0117944954
 371  0.0116662942
 372  0.0116662942
 373  0.011538093
 374  0.011538093
 375  0.0116662942
 376  0.0116662942
 377  0.011538093
 378  0.0116662942
 379  0.011538093
 380  0.0116662942
 381  0.0116662942
 382  0.0116662942
 383  0.0114098927
 384  0.0114098927
 385  0.0116662942
 386  0.011538093
 387  0.011538093
 388  0.011538093
 389  0.011538093
 390  0.0114098927
 391  0.011538093
 392  0.0114098927
 393  0.0117944954
 394  0.0116662942
 395  0.0116662942
 396  0.011538093
 397  0.0117944954
 398  0.011538093
 399  0.011538093
 400  0.0116662942
 401  0.011538093
 402  0.0116662942
 403  0.0114098927
 404  0.011538093
 405  0.011538093
 406  0.0112816915
 407  0.0114098927
 408  0.011538093
 409  0.0116662942
 410  0.0114098927
 411  0.011538093
 412  0.011538093
 413  0.0116662942
 414  0.011538093
 415  0.011538093
 416  0.0114098927
 417  0.011538093
 418  0.011538093
 419  0.011538093
 420  0.011538093
 421  0.011538093
 422  0.011538093
 423  0.011538093
 424  0.011538093
 425  0.011538093
 426  0.0116662942
 427  0.0114098927
 428  0.0114098927
 429  0.0116662942
 430  0.0116662942
 431  0.0114098927
 432  0.0114098927
 433  0.0112816915
 434  0.0114098927
 435  0.0112816915
 436  0.011538093
 437  0.0114098927
 438  0.011538093
 439  0.0116662942
 440  0.011538093
 441  0.0116662942
 442  0.011538093
 443  0.0114098927
 444  0.011538093
 445  0.0116662942
 446  0.0116662942
 447  0.0116662942
 448  0.0117944954
 449  0.0112816915
 450  0.0116662942
 451  0.0117944954
 452  0.011538093
 453  0.011538093
 454  0.0116662942
 455  0.011538093
 456  0.0114098927
 457  0.0116662942
 458  0.011538093
 459  0.0114098927
 460  0.011538093
 461  0.0116662942
 462  0.0116662942
 463  0.011538093
 464  0.0117944954
 465  0.0116662942
 466  0.0116662942
 467  0.0117944954
 468  0.0116662942
 469  0.0117944954
 470  0.0119226966
 471  0.0119226966
 472  0.0117944954
 473  0.0116662942
 474  0.0116662942
 475  0.0116662942
 476  0.0116662942
 477  0.0117944954
 478  0.0116662942
 479  0.011538093
 480  0.0114098927
 481  0.011538093
 482  0.0114098927
 483  0.0116662942
 484  0.0117944954
 485  0.0116662942
 486  0.0117944954
 487  0.0116662942
 488  0.0116662942
 489  0.0117944954
 490  0.0116662942
 491  0.0119226966
 492  0.0116662942
 493  0.011538093
 494  0.011538093
 495  0.0117944954
 496  0.0116662942
 497  0.0114098927
 498  0.0116662942
 499  0.011538093
 500  0.011538093

 1  0.0119226966
 2  0.0120508978
 3  0.0111534903
 4  0.0116662942
 5  0.0117944954
 6  0.0116662942
 7  0.0119226966
 8  0.0120508978
 9  0.012179099
 10  0.0123072993
 11  0.0123072993
 12  0.012179099
 13  0.0120508978
 14  0.012179099
 15  0.0123072993
 16  0.012179099
 17  0.012179099
 18  0.0120508978
 19  0.012179099
 20  0.012179099
 21  0.012179099
 22  0.012179099
 23  0.0123072993
 24  0.012179099
 25  0.0120508978
 26  0.0124355005
 27  0.012179099
 28  0.012179099
 29  0.012179099
 30  0.0123072993
 31  0.0124355005
 32  0.0124355005
 33  0.012179099
 34  0.0124355005
 35  0.0124355005
 36  0.0123072993
 37  0.0123072993
 38  0.0123072993
 39  0.0123072993
 40  0.0123072993
 41  0.0123072993
 42  0.0124355005
 43  0.012179099
 44  0.0123072993
 45  0.012179099
 46  0.012179099
 47  0.0125637017
 48  0.0123072993
 49  0.0123072993
 50  0.012179099
 51  0.0124355005
 52  0.0123072993
 53  0.0124355005
 54  0.0124355005
 55  0.0124355005
 56  0.0123072993
 57  0.0123072993
 58  0.0124355005
 59  0.0125637017
 60  0.012179099
 61  0.0124355005
 62  0.0124355005
 63  0.0125637017
 64  0.0125637017
 65  0.012179099
 66  0.012179099
 67  0.0123072993
 68  0.012179099
 69  0.012179099
 70  0.012179099
 71  0.012179099
 72  0.012179099
 73  0.012179099
 74  0.0123072993
 75  0.0123072993
 76  0.0123072993
 77  0.0123072993
 78  0.012179099
 79  0.0123072993
 80  0.0124355005
 81  0.0123072993
 82  0.0124355005
 83  0.0124355005
 84  0.0124355005
 85  0.0123072993
 86  0.012179099
 87  0.0124355005
 88  0.0124355005
 89  0.0124355005
 90  0.0126919029
 91  0.0120508978
 92  0.0124355005
 93  0.0123072993
 94  0.0123072993
 95  0.0120508978
 96  0.012179099
 97  0.0123072993
 98  0.0123072993
 99  0.0124355005
 100  0.012179099
 101  0.0124355005
 102  0.0125637017
 103  0.0123072993
 104  0.0124355005
 105  0.0123072993
 106  0.0124355005
 107  0.0124355005
 108  0.0126919029
 109  0.0125637017
 110  0.0123072993
 111  0.0124355005
 112  0.0125637017
 113  0.012179099
 114  0.012179099
 115  0.0124355005
 116  0.0124355005
 117  0.0124355005
 118  0.0125637017
 119  0.0123072993
 120  0.0123072993
 121  0.0123072993
 122  0.0126919029
 123  0.0123072993
 124  0.0125637017
 125  0.0123072993
 126  0.0124355005
 127  0.0123072993
 128  0.0124355005
 129  0.0126919029
 130  0.0124355005
 131  0.0125637017
 132  0.0125637017
 133  0.0124355005
 134  0.0125637017
 135  0.0125637017
 136  0.0126919029
 137  0.0123072993
 138  0.0125637017
 139  0.0124355005
 140  0.0124355005
 141  0.012179099
 142  0.0126919029
 143  0.0125637017
 144  0.0123072993
 145  0.0125637017
 146  0.0124355005
 147  0.0123072993
 148  0.0125637017
 149  0.0125637017
 150  0.0125637017
 151  0.012179099
 152  0.0125637017
 153  0.0124355005
 154  0.0125637017
 155  0.0125637017
 156  0.0126919029
 157  0.0125637017
 158  0.0124355005
 159  0.0123072993
 160  0.0124355005
 161  0.0123072993
 162  0.0124355005
 163  0.0124355005
 164  0.0124355005
 165  0.0123072993
 166  0.0124355005
 167  0.0124355005
 168  0.0124355005
 169  0.0123072993
 170  0.0124355005
 171  0.012179099
 172  0.0125637017
 173  0.0124355005
 174  0.0123072993
 175  0.0124355005
 176  0.0126919029
 177  0.0126919029
 178  0.0125637017
 179  0.0126919029
 180  0.0126919029
 181  0.0125637017
 182  0.0124355005
 183  0.0126919029
 184  0.0124355005
 185  0.0123072993
 186  0.0124355005
 187  0.0123072993
 188  0.0126919029
 189  0.0125637017
 190  0.0123072993
 191  0.0123072993
 192  0.0120508978
 193  0.0123072993
 194  0.0123072993
 195  0.0123072993
 196  0.0123072993
 197  0.0125637017
 198  0.0124355005
 199  0.0126919029
 200  0.0124355005
 201  0.0124355005
 202  0.0126919029
 203  0.0125637017
 204  0.0126919029
 205  0.0125637017
 206  0.0126919029
 207  0.0126919029
 208  0.0125637017
 209  0.0124355005
 210  0.0123072993
 211  0.0125637017
 212  0.0124355005
 213  0.0125637017
 214  0.0124355005
 215  0.0125637017
 216  0.0124355005
 217  0.0124355005
 218  0.0126919029
 219  0.0126919029
 220  0.0125637017
 221  0.0125637017
 222  0.0125637017
 223  0.0126919029
 224  0.0126919029
 225  0.0125637017
 226  0.0125637017
 227  0.0125637017
 228  0.0124355005
 229  0.0124355005
 230  0.0124355005
 231  0.0125637017
 232  0.0125637017
 233  0.0128201041
 234  0.0126919029
 235  0.0126919029
 236  0.0123072993
 237  0.0124355005
 238  0.0125637017
 239  0.0126919029
 240  0.0123072993
 241  0.0125637017
 242  0.0125637017
 243  0.0125637017
 244  0.0124355005
 245  0.0124355005
 246  0.0123072993
 247  0.0126919029
 248  0.0125637017
 249  0.0124355005
 250  0.0125637017
 251  0.0124355005
 252  0.0125637017
 253  0.0124355005
 254  0.0125637017
 255  0.0123072993
 256  0.0125637017
 257  0.0125637017
 258  0.0125637017
 259  0.0125637017
 260  0.0125637017
 261  0.0125637017
 262  0.0124355005
 263  0.0124355005
 264  0.0124355005
 265  0.0123072993
 266  0.0125637017
 267  0.0125637017
 268  0.0125637017
 269  0.0123072993
 270  0.0125637017
 271  0.0126919029
 272  0.0125637017
 273  0.0125637017
 274  0.0123072993
 275  0.0126919029
 276  0.0125637017
 277  0.0125637017
 278  0.0124355005
 279  0.0125637017
 280  0.0126919029
 281  0.0125637017
 282  0.0125637017
 283  0.0125637017
 284  0.0125637017
 285  0.0123072993
 286  0.0125637017
 287  0.0125637017
 288  0.0124355005
 289  0.0128201041
 290  0.0125637017
 291  0.0126919029
 292  0.0126919029
 293  0.0126919029
 294  0.0124355005
 295  0.0126919029
 296  0.0125637017
 297  0.0126919029
 298  0.0129483044
 299  0.0125637017
 300  0.0126919029
 301  0.0125637017
 302  0.0126919029
 303  0.0124355005
 304  0.0128201041
 305  0.0126919029
 306  0.0126919029
 307  0.0125637017
 308  0.0125637017
 309  0.0125637017
 310  0.0124355005
 311  0.0124355005
 312  0.0126919029
 313  0.0123072993
 314  0.0126919029
 315  0.0124355005
 316  0.0126919029
 317  0.0126919029
 318  0.0126919029
 319  0.0125637017
 320  0.0123072993
 321  0.0126919029
 322  0.0128201041
 323  0.0128201041
 324  0.0126919029
 325  0.0124355005
 326  0.0128201041
 327  0.0125637017
 328  0.0128201041
 329  0.0124355005
 330  0.0125637017
 331  0.0128201041
 332  0.0125637017
 333  0.0123072993
 334  0.0125637017
 335  0.0123072993
 336  0.0125637017
 337  0.0126919029
 338  0.0124355005
 339  0.0124355005
 340  0.0126919029
 341  0.0126919029
 342  0.0128201041
 343  0.0126919029
 344  0.0126919029
 345  0.0126919029
 346  0.0128201041
 347  0.0126919029
 348  0.0126919029
 349  0.0126919029
 350  0.0128201041
 351  0.0125637017
 352  0.0128201041
 353  0.0125637017
 354  0.0125637017
 355  0.0126919029
 356  0.0125637017
 357  0.0125637017
 358  0.0125637017
 359  0.0126919029
 360  0.0125637017
 361  0.0125637017
 362  0.0125637017
 363  0.0125637017
 364  0.0124355005
 365  0.0125637017
 366  0.0129483044
 367  0.0128201041
 368  0.0125637017
 369  0.0124355005
 370  0.0126919029
 371  0.0126919029
 372  0.0126919029
 373  0.0124355005
 374  0.0126919029
 375  0.0126919029
 376  0.0125637017
 377  0.0124355005
 378  0.0126919029
 379  0.0124355005
 380  0.0126919029
 381  0.0126919029
 382  0.0126919029
 383  0.0124355005
 384  0.0125637017
 385  0.0125637017
 386  0.0125637017
 387  0.0125637017
 388  0.0126919029
 389  0.0125637017
 390  0.0125637017
 391  0.0126919029
 392  0.0124355005
 393  0.0129483044
 394  0.0125637017
 395  0.0126919029
 396  0.0129483044
 397  0.0128201041
 398  0.0125637017
 399  0.0125637017
 400  0.0126919029
 401  0.0126919029
 402  0.0126919029
 403  0.0125637017
 404  0.0125637017
 405  0.0126919029
 406  0.0124355005
 407  0.0124355005
 408  0.0124355005
 409  0.0128201041
 410  0.0124355005
 411  0.0126919029
 412  0.0124355005
 413  0.0126919029
 414  0.0125637017
 415  0.0125637017
 416  0.0125637017
 417  0.0125637017
 418  0.0126919029
 419  0.0126919029
 420  0.0128201041
 421  0.0125637017
 422  0.0125637017
 423  0.0124355005
 424  0.0125637017
 425  0.0125637017
 426  0.0125637017
 427  0.0124355005
 428  0.0123072993
 429  0.0125637017
 430  0.0128201041
 431  0.0125637017
 432  0.0124355005
 433  0.012179099
 434  0.0124355005
 435  0.0123072993
 436  0.0125637017
 437  0.0124355005
 438  0.0126919029
 439  0.0126919029
 440  0.0125637017
 441  0.0125637017
 442  0.0126919029
 443  0.0125637017
 444  0.0124355005
 445  0.0126919029
 446  0.0126919029
 447  0.0128201041
 448  0.0126919029
 449  0.0124355005
 450  0.0128201041
 451  0.0126919029
 452  0.0125637017
 453  0.0125637017
 454  0.0125637017
 455  0.0125637017
 456  0.0124355005
 457  0.0125637017
 458  0.0125637017
 459  0.0124355005
 460  0.0125637017
 461  0.0126919029
 462  0.0126919029
 463  0.0125637017
 464  0.0129483044
 465  0.0126919029
 466  0.0126919029
 467  0.0129483044
 468  0.0125637017
 469  0.0128201041
 470  0.0130765056
 471  0.0129483044
 472  0.0126919029
 473  0.0126919029
 474  0.0128201041
 475  0.0126919029
 476  0.0125637017
 477  0.0126919029
 478  0.0126919029
 479  0.0125637017
 480  0.0125637017
 481  0.0126919029
 482  0.0125637017
 483  0.0126919029
 484  0.0126919029
 485  0.0128201041
 486  0.0128201041
 487  0.0126919029
 488  0.0128201041
 489  0.0129483044
 490  0.0126919029
 491  0.0128201041
 492  0.0128201041
 493  0.0125637017
 494  0.0125637017
 495  0.0128201041
 496  0.0126919029
 497  0.0125637017
 498  0.0128201041
 499  0.0126919029
 500  0.0125637017

 1  0.0130765056
 2  0.013332908
 3  0.0123072993
 4  0.0128201041
 5  0.0129483044
 6  0.0128201041
 7  0.013332908
 8  0.0132047068
 9  0.013332908
 10  0.0134611093
 11  0.013332908
 12  0.0134611093
 13  0.0132047068
 14  0.013332908
 15  0.013332908
 16  0.0134611093
 17  0.0132047068
 18  0.013332908
 19  0.0134611093
 20  0.013332908
 21  0.013332908
 22  0.013332908
 23  0.0137175107
 24  0.013332908
 25  0.0132047068
 26  0.0135893095
 27  0.013332908
 28  0.013332908
 29  0.013332908
 30  0.0135893095
 31  0.0135893095
 32  0.0134611093
 33  0.013332908
 34  0.0135893095
 35  0.0135893095
 36  0.0135893095
 37  0.0135893095
 38  0.013332908
 39  0.013332908
 40  0.0134611093
 41  0.0134611093
 42  0.0134611093
 43  0.013332908
 44  0.0135893095
 45  0.0134611093
 46  0.0134611093
 47  0.0137175107
 48  0.0135893095
 49  0.0134611093
 50  0.013332908
 51  0.0138457119
 52  0.0135893095
 53  0.0137175107
 54  0.0135893095
 55  0.0135893095
 56  0.0134611093
 57  0.0135893095
 58  0.0137175107
 59  0.0138457119
 60  0.0134611093
 61  0.0135893095
 62  0.0135893095
 63  0.0135893095
 64  0.0137175107
 65  0.0134611093
 66  0.0134611093
 67  0.0135893095
 68  0.0135893095
 69  0.0134611093
 70  0.0134611093
 71  0.0134611093
 72  0.013332908
 73  0.0135893095
 74  0.0137175107
 75  0.013332908
 76  0.0135893095
 77  0.0134611093
 78  0.013332908
 79  0.0134611093
 80  0.0134611093
 81  0.0137175107
 82  0.0137175107
 83  0.0137175107
 84  0.0137175107
 85  0.0135893095
 86  0.0137175107
 87  0.0135893095
 88  0.0134611093
 89  0.0137175107
 90  0.0137175107
 91  0.013332908
 92  0.0135893095
 93  0.0134611093
 94  0.0135893095
 95  0.013332908
 96  0.013332908
 97  0.0134611093
 98  0.0135893095
 99  0.0135893095
 100  0.0135893095
 101  0.0135893095
 102  0.0138457119
 103  0.0135893095
 104  0.0135893095
 105  0.013332908
 106  0.0138457119
 107  0.0137175107
 108  0.0137175107
 109  0.0138457119
 110  0.0135893095
 111  0.0135893095
 112  0.0138457119
 113  0.013332908
 114  0.013332908
 115  0.0137175107
 116  0.0134611093
 117  0.0135893095
 118  0.0137175107
 119  0.0135893095
 120  0.0135893095
 121  0.0134611093
 122  0.0138457119
 123  0.0134611093
 124  0.0137175107
 125  0.0135893095
 126  0.0134611093
 127  0.0134611093
 128  0.0135893095
 129  0.0137175107
 130  0.0137175107
 131  0.0138457119
 132  0.0135893095
 133  0.0137175107
 134  0.0137175107
 135  0.0137175107
 136  0.0138457119
 137  0.0135893095
 138  0.0137175107
 139  0.0135893095
 140  0.0135893095
 141  0.0135893095
 142  0.0137175107
 143  0.0137175107
 144  0.0134611093
 145  0.0137175107
 146  0.0135893095
 147  0.0134611093
 148  0.0139739132
 149  0.0137175107
 150  0.0137175107
 151  0.0135893095
 152  0.0137175107
 153  0.0137175107
 154  0.0137175107
 155  0.0137175107
 156  0.0138457119
 157  0.0137175107
 158  0.0137175107
 159  0.0135893095
 160  0.0137175107
 161  0.0135893095
 162  0.0135893095
 163  0.0134611093
 164  0.0135893095
 165  0.0135893095
 166  0.0137175107
 167  0.0137175107
 168  0.0137175107
 169  0.0134611093
 170  0.0134611093
 171  0.0137175107
 172  0.0138457119
 173  0.0135893095
 174  0.013332908
 175  0.0137175107
 176  0.0139739132
 177  0.0138457119
 178  0.0138457119
 179  0.0137175107
 180  0.0138457119
 181  0.0137175107
 182  0.0137175107
 183  0.0138457119
 184  0.0135893095
 185  0.0134611093
 186  0.0135893095
 187  0.0135893095
 188  0.0139739132
 189  0.0138457119
 190  0.0135893095
 191  0.0134611093
 192  0.0132047068
 193  0.0135893095
 194  0.0135893095
 195  0.0135893095
 196  0.0134611093
 197  0.0137175107
 198  0.0135893095
 199  0.0137175107
 200  0.0137175107
 201  0.0137175107
 202  0.0138457119
 203  0.0137175107
 204  0.0135893095
 205  0.0137175107
 206  0.0138457119
 207  0.0138457119
 208  0.0137175107
 209  0.0135893095
 210  0.0134611093
 211  0.0137175107
 212  0.0134611093
 213  0.0138457119
 214  0.0137175107
 215  0.0137175107
 216  0.0134611093
 217  0.0135893095
 218  0.0139739132
 219  0.0138457119
 220  0.0135893095
 221  0.0138457119
 222  0.0137175107
 223  0.0139739132
 224  0.0138457119
 225  0.0138457119
 226  0.0137175107
 227  0.0138457119
 228  0.0135893095
 229  0.0135893095
 230  0.0135893095
 231  0.0137175107
 232  0.0138457119
 233  0.0141021144
 234  0.0137175107
 235  0.0137175107
 236  0.0137175107
 237  0.0134611093
 238  0.0138457119
 239  0.0139739132
 240  0.0135893095
 241  0.0137175107
 242  0.0138457119
 243  0.0137175107
 244  0.0138457119
 245  0.0137175107
 246  0.0137175107
 247  0.0138457119
 248  0.0137175107
 249  0.0135893095
 250  0.0138457119
 251  0.0138457119
 252  0.0137175107
 253  0.0137175107
 254  0.0138457119
 255  0.0134611093
 256  0.0137175107
 257  0.0138457119
 258  0.0137175107
 259  0.0135893095
 260  0.0135893095
 261  0.0137175107
 262  0.0137175107
 263  0.0137175107
 264  0.0134611093
 265  0.0134611093
 266  0.0137175107
 267  0.0137175107
 268  0.0137175107
 269  0.0135893095
 270  0.0138457119
 271  0.0138457119
 272  0.0137175107
 273  0.0137175107
 274  0.0134611093
 275  0.0138457119
 276  0.0137175107
 277  0.0137175107
 278  0.0137175107
 279  0.0137175107
 280  0.0139739132
 281  0.0139739132
 282  0.0139739132
 283  0.0137175107
 284  0.0138457119
 285  0.0134611093
 286  0.0138457119
 287  0.0135893095
 288  0.0135893095
 289  0.0138457119
 290  0.0139739132
 291  0.0137175107
 292  0.0138457119
 293  0.0138457119
 294  0.0135893095
 295  0.0137175107
 296  0.0137175107
 297  0.0138457119
 298  0.0141021144
 299  0.0138457119
 300  0.0138457119
 301  0.0138457119
 302  0.0139739132
 303  0.0138457119
 304  0.0139739132
 305  0.0139739132
 306  0.0137175107
 307  0.0137175107
 308  0.0137175107
 309  0.0137175107
 310  0.0135893095
 311  0.0137175107
 312  0.0138457119
 313  0.0137175107
 314  0.0139739132
 315  0.0138457119
 316  0.0139739132
 317  0.0138457119
 318  0.0138457119
 319  0.0138457119
 320  0.013332908
 321  0.0139739132
 322  0.0139739132
 323  0.0138457119
 324  0.0138457119
 325  0.0137175107
 326  0.0139739132
 327  0.0138457119
 328  0.0139739132
 329  0.0135893095
 330  0.0137175107
 331  0.0141021144
 332  0.0138457119
 333  0.0137175107
 334  0.0139739132
 335  0.0135893095
 336  0.0137175107
 337  0.0139739132
 338  0.0138457119
 339  0.0137175107
 340  0.0139739132
 341  0.0139739132
 342  0.0141021144
 343  0.0137175107
 344  0.0138457119
 345  0.0139739132
 346  0.0139739132
 347  0.0138457119
 348  0.0139739132
 349  0.0141021144
 350  0.0139739132
 351  0.0137175107
 352  0.0138457119
 353  0.0137175107
 354  0.0137175107
 355  0.0137175107
 356  0.0138457119
 357  0.0138457119
 358  0.0137175107
 359  0.0138457119
 360  0.0138457119
 361  0.0138457119
 362  0.0137175107
 363  0.0137175107
 364  0.0137175107
 365  0.0137175107
 366  0.0139739132
 367  0.0139739132
 368  0.0135893095
 369  0.0135893095
 370  0.0138457119
 371  0.0138457119
 372  0.0138457119
 373  0.0137175107
 374  0.0138457119
 375  0.0139739132
 376  0.0137175107
 377  0.0135893095
 378  0.0139739132
 379  0.0137175107
 380  0.0138457119
 381  0.0137175107
 382  0.0137175107
 383  0.0135893095
 384  0.0137175107
 385  0.0138457119
 386  0.0138457119
 387  0.0135893095
 388  0.0138457119
 389  0.0137175107
 390  0.0137175107
 391  0.0137175107
 392  0.0137175107
 393  0.0139739132
 394  0.0138457119
 395  0.0138457119
 396  0.0141021144
 397  0.0141021144
 398  0.0138457119
 399  0.0135893095
 400  0.0138457119
 401  0.0137175107
 402  0.0138457119
 403  0.0137175107
 404  0.0137175107
 405  0.0138457119
 406  0.0137175107
 407  0.0137175107
 408  0.0134611093
 409  0.0139739132
 410  0.0134611093
 411  0.0139739132
 412  0.0137175107
 413  0.0138457119
 414  0.0137175107
 415  0.0137175107
 416  0.0138457119
 417  0.0138457119
 418  0.0139739132
 419  0.0141021144
 420  0.0139739132
 421  0.0138457119
 422  0.0138457119
 423  0.0135893095
 424  0.0138457119
 425  0.0137175107
 426  0.0138457119
 427  0.0137175107
 428  0.0134611093
 429  0.0138457119
 430  0.0139739132
 431  0.0135893095
 432  0.0134611093
 433  0.0135893095
 434  0.0137175107
 435  0.0134611093
 436  0.0137175107
 437  0.0135893095
 438  0.0138457119
 439  0.0139739132
 440  0.0137175107
 441  0.0139739132
 442  0.0138457119
 443  0.0137175107
 444  0.0138457119
 445  0.0139739132
 446  0.0138457119
 447  0.0139739132
 448  0.0141021144
 449  0.0137175107
 450  0.0139739132
 451  0.0139739132
 452  0.0137175107
 453  0.0138457119
 454  0.0137175107
 455  0.0137175107
 456  0.0134611093
 457  0.0138457119
 458  0.0137175107
 459  0.0135893095
 460  0.0138457119
 461  0.0138457119
 462  0.0137175107
 463  0.0137175107
 464  0.0142303156
 465  0.0138457119
 466  0.0139739132
 467  0.0139739132
 468  0.0139739132
 469  0.0138457119
 470  0.0142303156
 471  0.0141021144
 472  0.0139739132
 473  0.0139739132
 474  0.0138457119
 475  0.0141021144
 476  0.0137175107
 477  0.0137175107
 478  0.0138457119
 479  0.0139739132
 480  0.0139739132
 481  0.0139739132
 482  0.0138457119
 483  0.0139739132
 484  0.0141021144
 485  0.0139739132
 486  0.0141021144
 487  0.0138457119
 488  0.0138457119
 489  0.0143585159
 490  0.0138457119
 491  0.0139739132
 492  0.0139739132
 493  0.0138457119
 494  0.0137175107
 495  0.0139739132
 496  0.0139739132
 497  0.0138457119
 498  0.0141021144
 499  0.0137175107
 500  0.0138457119

 1  0.0144867171
 2  0.0147431195
 3  0.0135893095
 4  0.0142303156
 5  0.0144867171
 6  0.0141021144
 7  0.0146149183
 8  0.0147431195
 9  0.0147431195
 10  0.0148713207
 11  0.014999521
 12  0.0147431195
 13  0.0146149183
 14  0.0148713207
 15  0.0147431195
 16  0.0147431195
 17  0.0146149183
 18  0.014999521
 19  0.0148713207
 20  0.0148713207
 21  0.0148713207
 22  0.0148713207
 23  0.0152559234
 24  0.0148713207
 25  0.0147431195
 26  0.0151277222
 27  0.0147431195
 28  0.0147431195
 29  0.0151277222
 30  0.0148713207
 31  0.0151277222
 32  0.0148713207
 33  0.0146149183
 34  0.0152559234
 35  0.0148713207
 36  0.0148713207
 37  0.0148713207
 38  0.0148713207
 39  0.0148713207
 40  0.0148713207
 41  0.0147431195
 42  0.014999521
 43  0.0148713207
 44  0.014999521
 45  0.0148713207
 46  0.0147431195
 47  0.0151277222
 48  0.014999521
 49  0.014999521
 50  0.0147431195
 51  0.0151277222
 52  0.0148713207
 53  0.0151277222
 54  0.0151277222
 55  0.014999521
 56  0.014999521
 57  0.0147431195
 58  0.0152559234
 59  0.0152559234
 60  0.014999521
 61  0.014999521
 62  0.014999521
 63  0.014999521
 64  0.014999521
 65  0.0148713207
 66  0.0148713207
 67  0.0151277222
 68  0.014999521
 69  0.0148713207
 70  0.0152559234
 71  0.0148713207
 72  0.0148713207
 73  0.014999521
 74  0.0151277222
 75  0.0147431195
 76  0.014999521
 77  0.014999521
 78  0.0147431195
 79  0.014999521
 80  0.014999521
 81  0.0152559234
 82  0.014999521
 83  0.0148713207
 84  0.0152559234
 85  0.0151277222
 86  0.0152559234
 87  0.014999521
 88  0.014999521
 89  0.0151277222
 90  0.0151277222
 91  0.0146149183
 92  0.0148713207
 93  0.0148713207
 94  0.014999521
 95  0.014999521
 96  0.0148713207
 97  0.0151277222
 98  0.014999521
 99  0.014999521
 100  0.014999521
 101  0.014999521
 102  0.0151277222
 103  0.014999521
 104  0.0151277222
 105  0.0148713207
 106  0.0153841246
 107  0.0152559234
 108  0.014999521
 109  0.0153841246
 110  0.0152559234
 111  0.014999521
 112  0.0153841246
 113  0.0148713207
 114  0.014999521
 115  0.0151277222
 116  0.0147431195
 117  0.014999521
 118  0.0152559234
 119  0.014999521
 120  0.0148713207
 121  0.014999521
 122  0.0152559234
 123  0.0148713207
 124  0.0151277222
 125  0.014999521
 126  0.0148713207
 127  0.0148713207
 128  0.0152559234
 129  0.0151277222
 130  0.0151277222
 131  0.0153841246
 132  0.0152559234
 133  0.0148713207
 134  0.014999521
 135  0.014999521
 136  0.0152559234
 137  0.0152559234
 138  0.0151277222
 139  0.014999521
 140  0.0148713207
 141  0.0148713207
 142  0.0151277222
 143  0.0151277222
 144  0.014999521
 145  0.014999521
 146  0.014999521
 147  0.014999521
 148  0.0151277222
 149  0.0152559234
 150  0.0153841246
 151  0.014999521
 152  0.0151277222
 153  0.014999521
 154  0.0151277222
 155  0.0152559234
 156  0.0152559234
 157  0.0153841246
 158  0.0152559234
 159  0.0152559234
 160  0.0151277222
 161  0.014999521
 162  0.014999521
 163  0.014999521
 164  0.0151277222
 165  0.0148713207
 166  0.0151277222
 167  0.0151277222
 168  0.0151277222
 169  0.0148713207
 170  0.014999521
 171  0.0151277222
 172  0.0151277222
 173  0.0151277222
 174  0.0148713207
 175  0.0152559234
 176  0.0155123258
 177  0.0152559234
 178  0.0153841246
 179  0.0151277222
 180  0.0153841246
 181  0.0151277222
 182  0.0151277222
 183  0.0153841246
 184  0.0151277222
 185  0.014999521
 186  0.014999521
 187  0.0151277222
 188  0.0152559234
 189  0.0152559234
 190  0.0148713207
 191  0.0148713207
 192  0.0148713207
 193  0.0151277222
 194  0.0148713207
 195  0.0151277222
 196  0.0151277222
 197  0.0152559234
 198  0.0151277222
 199  0.0151277222
 200  0.0152559234
 201  0.0152559234
 202  0.0152559234
 203  0.0152559234
 204  0.0151277222
 205  0.0148713207
 206  0.0153841246
 207  0.0151277222
 208  0.0151277222
 209  0.014999521
 210  0.0148713207
 211  0.0152559234
 212  0.014999521
 213  0.0152559234
 214  0.0152559234
 215  0.0151277222
 216  0.014999521
 217  0.0151277222
 218  0.0153841246
 219  0.0152559234
 220  0.014999521
 221  0.0151277222
 222  0.0151277222
 223  0.015640527
 224  0.0151277222
 225  0.0151277222
 226  0.014999521
 227  0.0152559234
 228  0.0148713207
 229  0.0151277222
 230  0.0152559234
 231  0.0152559234
 232  0.0153841246
 233  0.0153841246
 234  0.0152559234
 235  0.0151277222
 236  0.0152559234
 237  0.0148713207
 238  0.0152559234
 239  0.0153841246
 240  0.014999521
 241  0.0152559234
 242  0.0153841246
 243  0.015640527
 244  0.0152559234
 245  0.0151277222
 246  0.014999521
 247  0.0152559234
 248  0.0153841246
 249  0.014999521
 250  0.0153841246
 251  0.0152559234
 252  0.014999521
 253  0.014999521
 254  0.0152559234
 255  0.0151277222
 256  0.0152559234
 257  0.0152559234
 258  0.0152559234
 259  0.0151277222
 260  0.0151277222
 261  0.0152559234
 262  0.0151277222
 263  0.0152559234
 264  0.014999521
 265  0.014999521
 266  0.0151277222
 267  0.0151277222
 268  0.0152559234
 269  0.0152559234
 270  0.0152559234
 271  0.0152559234
 272  0.0152559234
 273  0.0152559234
 274  0.0148713207
 275  0.0155123258
 276  0.0152559234
 277  0.0151277222
 278  0.0151277222
 279  0.0151277222
 280  0.0153841246
 281  0.0153841246
 282  0.0153841246
 283  0.0152559234
 284  0.0152559234
 285  0.014999521
 286  0.0153841246
 287  0.014999521
 288  0.014999521
 289  0.0153841246
 290  0.0153841246
 291  0.014999521
 292  0.0152559234
 293  0.0153841246
 294  0.0151277222
 295  0.014999521
 296  0.0152559234
 297  0.0152559234
 298  0.0153841246
 299  0.0151277222
 300  0.0152559234
 301  0.0153841246
 302  0.0152559234
 303  0.0155123258
 304  0.0151277222
 305  0.0155123258
 306  0.0152559234
 307  0.014999521
 308  0.0152559234
 309  0.0152559234
 310  0.0151277222
 311  0.0151277222
 312  0.0153841246
 313  0.0152559234
 314  0.0153841246
 315  0.0151277222
 316  0.0155123258
 317  0.0153841246
 318  0.0152559234
 319  0.0152559234
 320  0.014999521
 321  0.0152559234
 322  0.0152559234
 323  0.0152559234
 324  0.0152559234
 325  0.014999521
 326  0.0155123258
 327  0.0151277222
 328  0.0155123258
 329  0.0152559234
 330  0.0151277222
 331  0.0155123258
 332  0.0151277222
 333  0.0152559234
 334  0.0152559234
 335  0.014999521
 336  0.0151277222
 337  0.0152559234
 338  0.0153841246
 339  0.014999521
 340  0.0153841246
 341  0.0152559234
 342  0.0155123258
 343  0.0152559234
 344  0.0151277222
 345  0.0155123258
 346  0.0153841246
 347  0.0153841246
 348  0.0153841246
 349  0.0155123258
 350  0.0155123258
 351  0.0152559234
 352  0.0153841246
 353  0.0153841246
 354  0.0152559234
 355  0.014999521
 356  0.0151277222
 357  0.0153841246
 358  0.0152559234
 359  0.0152559234
 360  0.0153841246
 361  0.0151277222
 362  0.0151277222
 363  0.0151277222
 364  0.0151277222
 365  0.014999521
 366  0.0152559234
 367  0.0153841246
 368  0.0151277222
 369  0.014999521
 370  0.0151277222
 371  0.0151277222
 372  0.0153841246
 373  0.0151277222
 374  0.0152559234
 375  0.0151277222
 376  0.014999521
 377  0.014999521
 378  0.0153841246
 379  0.014999521
 380  0.0152559234
 381  0.0152559234
 382  0.0152559234
 383  0.0148713207
 384  0.0152559234
 385  0.0153841246
 386  0.0151277222
 387  0.014999521
 388  0.0152559234
 389  0.0151277222
 390  0.0152559234
 391  0.0151277222
 392  0.0151277222
 393  0.0152559234
 394  0.0152559234
 395  0.0153841246
 396  0.0153841246
 397  0.0153841246
 398  0.0151277222
 399  0.014999521
 400  0.0153841246
 401  0.0151277222
 402  0.0151277222
 403  0.0151277222
 404  0.014999521
 405  0.0153841246
 406  0.0152559234
 407  0.0151277222
 408  0.0147431195
 409  0.0153841246
 410  0.0148713207
 411  0.0152559234
 412  0.0152559234
 413  0.0152559234
 414  0.0151277222
 415  0.0152559234
 416  0.0151277222
 417  0.0153841246
 418  0.0153841246
 419  0.015640527
 420  0.0152559234
 421  0.0151277222
 422  0.0151277222
 423  0.014999521
 424  0.0151277222
 425  0.014999521
 426  0.0152559234
 427  0.0151277222
 428  0.0152559234
 429  0.0152559234
 430  0.0153841246
 431  0.0151277222
 432  0.014999521
 433  0.014999521
 434  0.014999521
 435  0.0151277222
 436  0.0151277222
 437  0.0151277222
 438  0.0152559234
 439  0.0152559234
 440  0.0151277222
 441  0.0152559234
 442  0.0155123258
 443  0.0152559234
 444  0.0152559234
 445  0.0152559234
 446  0.0152559234
 447  0.0153841246
 448  0.0155123258
 449  0.0152559234
 450  0.0152559234
 451  0.0153841246
 452  0.0151277222
 453  0.0152559234
 454  0.0151277222
 455  0.014999521
 456  0.0148713207
 457  0.0152559234
 458  0.0152559234
 459  0.0151277222
 460  0.0155123258
 461  0.0152559234
 462  0.0151277222
 463  0.0153841246
 464  0.015640527
 465  0.0152559234
 466  0.0153841246
 467  0.0152559234
 468  0.0153841246
 469  0.0153841246
 470  0.015640527
 471  0.0155123258
 472  0.0152559234
 473  0.015640527
 474  0.0151277222
 475  0.0153841246
 476  0.014999521
 477  0.0151277222
 478  0.014999521
 479  0.0153841246
 480  0.0155123258
 481  0.0152559234
 482  0.0152559234
 483  0.0153841246
 484  0.015640527
 485  0.0153841246
 486  0.0153841246
 487  0.0153841246
 488  0.0153841246
 489  0.0157687273
 490  0.0152559234
 491  0.0153841246
 492  0.0153841246
 493  0.0152559234
 494  0.0151277222
 495  0.0155123258
 496  0.0153841246
 497  0.0153841246
 498  0.0152559234
 499  0.014999521
 500  0.0152559234

 1  0.0162815321
 2  0.0164097324
 3  0.0153841246
 4  0.0160251297
 5  0.0162815321
 6  0.0160251297
 7  0.0164097324
 8  0.0164097324
 9  0.0165379345
 10  0.0166661348
 11  0.0167943351
 12  0.0165379345
 13  0.0162815321
 14  0.0169225372
 15  0.0167943351
 16  0.0165379345
 17  0.0162815321
 18  0.0167943351
 19  0.0167943351
 20  0.0167943351
 21  0.0165379345
 22  0.0167943351
 23  0.0167943351
 24  0.0166661348
 25  0.0164097324
 26  0.0167943351
 27  0.0165379345
 28  0.0162815321
 29  0.0170507375
 30  0.0165379345
 31  0.0169225372
 32  0.0167943351
 33  0.0164097324
 34  0.0169225372
 35  0.0165379345
 36  0.0167943351
 37  0.0167943351
 38  0.0165379345
 39  0.0165379345
 40  0.0166661348
 41  0.0164097324
 42  0.0167943351
 43  0.0166661348
 44  0.0167943351
 45  0.0165379345
 46  0.0162815321
 47  0.0167943351
 48  0.0169225372
 49  0.0167943351
 50  0.0165379345
 51  0.0170507375
 52  0.0167943351
 53  0.0170507375
 54  0.0171789397
 55  0.0167943351
 56  0.0166661348
 57  0.0165379345
 58  0.0167943351
 59  0.0169225372
 60  0.0165379345
 61  0.0167943351
 62  0.0169225372
 63  0.0167943351
 64  0.0167943351
 65  0.0164097324
 66  0.0167943351
 67  0.0167943351
 68  0.0169225372
 69  0.0167943351
 70  0.0170507375
 71  0.0166661348
 72  0.0167943351
 73  0.0169225372
 74  0.0169225372
 75  0.0167943351
 76  0.0166661348
 77  0.0165379345
 78  0.0166661348
 79  0.0170507375
 80  0.0170507375
 81  0.0171789397
 82  0.0167943351
 83  0.0166661348
 84  0.0167943351
 85  0.0169225372
 86  0.0170507375
 87  0.0167943351
 88  0.0167943351
 89  0.0167943351
 90  0.0169225372
 91  0.0164097324
 92  0.0166661348
 93  0.0166661348
 94  0.0169225372
 95  0.0166661348
 96  0.0167943351
 97  0.0167943351
 98  0.0167943351
 99  0.0167943351
 100  0.0170507375
 101  0.0167943351
 102  0.0167943351
 103  0.0167943351
 104  0.0170507375
 105  0.0169225372
 106  0.0170507375
 107  0.0169225372
 108  0.0166661348
 109  0.0170507375
 110  0.0167943351
 111  0.0167943351
 112  0.0170507375
 113  0.0167943351
 114  0.0165379345
 115  0.0169225372
 116  0.0166661348
 117  0.0166661348
 118  0.0167943351
 119  0.0169225372
 120  0.0167943351
 121  0.0169225372
 122  0.0169225372
 123  0.0169225372
 124  0.0167943351
 125  0.0167943351
 126  0.0167943351
 127  0.0166661348
 128  0.0169225372
 129  0.0166661348
 130  0.0171789397
 131  0.0173071399
 132  0.0169225372
 133  0.0166661348
 134  0.0165379345
 135  0.0167943351
 136  0.0169225372
 137  0.0170507375
 138  0.0167943351
 139  0.0166661348
 140  0.0167943351
 141  0.0167943351
 142  0.0166661348
 143  0.0167943351
 144  0.0167943351
 145  0.0169225372
 146  0.0167943351
 147  0.0170507375
 148  0.0170507375
 149  0.0171789397
 150  0.0170507375
 151  0.0167943351
 152  0.0166661348
 153  0.0170507375
 154  0.0170507375
 155  0.0170507375
 156  0.0169225372
 157  0.0170507375
 158  0.0169225372
 159  0.0169225372
 160  0.0166661348
 161  0.0166661348
 162  0.0167943351
 163  0.0166661348
 164  0.0169225372
 165  0.0165379345
 166  0.0170507375
 167  0.0167943351
 168  0.0166661348
 169  0.0166661348
 170  0.0166661348
 171  0.0170507375
 172  0.0167943351
 173  0.0167943351
 174  0.0165379345
 175  0.0170507375
 176  0.0174353402
 177  0.0170507375
 178  0.0170507375
 179  0.0173071399
 180  0.0173071399
 181  0.0167943351
 182  0.0170507375
 183  0.0170507375
 184  0.0166661348
 185  0.0167943351
 186  0.0167943351
 187  0.0167943351
 188  0.0167943351
 189  0.0169225372
 190  0.0166661348
 191  0.0165379345
 192  0.0167943351
 193  0.0170507375
 194  0.0169225372
 195  0.0170507375
 196  0.0169225372
 197  0.0173071399
 198  0.0169225372
 199  0.0171789397
 200  0.0170507375
 201  0.0170507375
 202  0.0170507375
 203  0.0169225372
 204  0.0170507375
 205  0.0166661348
 206  0.0171789397
 207  0.0167943351
 208  0.0167943351
 209  0.0167943351
 210  0.0166661348
 211  0.0167943351
 212  0.0166661348
 213  0.0170507375
 214  0.0169225372
 215  0.0169225372
 216  0.0166661348
 217  0.0165379345
 218  0.0170507375
 219  0.0170507375
 220  0.0167943351
 221  0.0167943351
 222  0.0166661348
 223  0.0173071399
 224  0.0169225372
 225  0.0169225372
 226  0.0169225372
 227  0.0167943351
 228  0.0166661348
 229  0.0170507375
 230  0.0167943351
 231  0.0166661348
 232  0.0170507375
 233  0.0170507375
 234  0.0171789397
 235  0.0169225372
 236  0.0173071399
 237  0.0169225372
 238  0.0170507375
 239  0.0173071399
 240  0.0169225372
 241  0.0169225372
 242  0.0173071399
 243  0.0173071399
 244  0.0169225372
 245  0.0173071399
 246  0.0169225372
 247  0.0170507375
 248  0.0170507375
 249  0.0167943351
 250  0.0169225372
 251  0.0167943351
 252  0.0166661348
 253  0.0167943351
 254  0.0169225372
 255  0.0169225372
 256  0.0167943351
 257  0.0167943351
 258  0.0169225372
 259  0.0169225372
 260  0.0170507375
 261  0.0170507375
 262  0.0169225372
 263  0.0170507375
 264  0.0165379345
 265  0.0167943351
 266  0.0169225372
 267  0.0169225372
 268  0.0169225372
 269  0.0169225372
 270  0.0171789397
 271  0.0170507375
 272  0.0167943351
 273  0.0170507375
 274  0.0166661348
 275  0.0173071399
 276  0.0170507375
 277  0.0170507375
 278  0.0167943351
 279  0.0166661348
 280  0.0170507375
 281  0.0171789397
 282  0.0171789397
 283  0.0170507375
 284  0.0170507375
 285  0.0166661348
 286  0.0171789397
 287  0.0170507375
 288  0.0169225372
 289  0.0171789397
 290  0.0171789397
 291  0.0166661348
 292  0.0171789397
 293  0.0171789397
 294  0.0166661348
 295  0.0169225372
 296  0.0170507375
 297  0.0170507375
 298  0.0171789397
 299  0.0170507375
 300  0.0170507375
 301  0.0171789397
 302  0.0171789397
 303  0.0170507375
 304  0.0169225372
 305  0.0171789397
 306  0.0167943351
 307  0.0167943351
 308  0.0167943351
 309  0.0170507375
 310  0.0169225372
 311  0.0169225372
 312  0.0170507375
 313  0.0169225372
 314  0.0170507375
 315  0.0170507375
 316  0.0173071399
 317  0.0171789397
 318  0.0170507375
 319  0.0169225372
 320  0.0167943351
 321  0.0170507375
 322  0.0167943351
 323  0.0170507375
 324  0.0170507375
 325  0.0169225372
 326  0.0171789397
 327  0.0171789397
 328  0.0174353402
 329  0.0170507375
 330  0.0169225372
 331  0.0170507375
 332  0.0170507375
 333  0.0169225372
 334  0.0170507375
 335  0.0166661348
 336  0.0169225372
 337  0.0170507375
 338  0.0170507375
 339  0.0169225372
 340  0.0173071399
 341  0.0171789397
 342  0.0174353402
 343  0.0170507375
 344  0.0169225372
 345  0.0173071399
 346  0.0169225372
 347  0.0170507375
 348  0.0173071399
 349  0.0171789397
 350  0.0171789397
 351  0.0170507375
 352  0.0169225372
 353  0.0171789397
 354  0.0167943351
 355  0.0169225372
 356  0.0167943351
 357  0.0171789397
 358  0.0170507375
 359  0.0169225372
 360  0.0170507375
 361  0.0170507375
 362  0.0171789397
 363  0.0169225372
 364  0.0169225372
 365  0.0169225372
 366  0.0169225372
 367  0.0170507375
 368  0.0169225372
 369  0.0164097324
 370  0.0169225372
 371  0.0167943351
 372  0.0169225372
 373  0.0167943351
 374  0.0169225372
 375  0.0169225372
 376  0.0170507375
 377  0.0167943351
 378  0.0170507375
 379  0.0167943351
 380  0.0171789397
 381  0.0167943351
 382  0.0169225372
 383  0.0166661348
 384  0.0169225372
 385  0.0170507375
 386  0.0170507375
 387  0.0169225372
 388  0.0169225372
 389  0.0166661348
 390  0.0169225372
 391  0.0166661348
 392  0.0170507375
 393  0.0171789397
 394  0.0169225372
 395  0.0169225372
 396  0.0170507375
 397  0.0169225372
 398  0.0169225372
 399  0.0165379345
 400  0.0170507375
 401  0.0166661348
 402  0.0170507375
 403  0.0167943351
 404  0.0169225372
 405  0.0171789397
 406  0.0171789397
 407  0.0169225372
 408  0.0167943351
 409  0.0170507375
 410  0.0165379345
 411  0.0169225372
 412  0.0169225372
 413  0.0171789397
 414  0.0169225372
 415  0.0169225372
 416  0.0169225372
 417  0.0170507375
 418  0.0169225372
 419  0.0171789397
 420  0.0169225372
 421  0.0166661348
 422  0.0167943351
 423  0.0170507375
 424  0.0169225372
 425  0.0167943351
 426  0.0170507375
 427  0.0166661348
 428  0.0170507375
 429  0.0170507375
 430  0.0169225372
 431  0.0166661348
 432  0.0166661348
 433  0.0167943351
 434  0.0169225372
 435  0.0169225372
 436  0.0169225372
 437  0.0169225372
 438  0.0170507375
 439  0.0170507375
 440  0.0169225372
 441  0.0173071399
 442  0.0173071399
 443  0.0169225372
 444  0.0171789397
 445  0.0170507375
 446  0.0169225372
 447  0.0169225372
 448  0.0171789397
 449  0.0170507375
 450  0.0170507375
 451  0.0173071399
 452  0.0169225372
 453  0.0171789397
 454  0.0169225372
 455  0.0165379345
 456  0.0166661348
 457  0.0167943351
 458  0.0171789397
 459  0.0170507375
 460  0.0171789397
 461  0.0170507375
 462  0.0167943351
 463  0.0171789397
 464  0.0173071399
 465  0.0170507375
 466  0.0170507375
 467  0.0170507375
 468  0.0171789397
 469  0.0171789397
 470  0.0173071399
 471  0.0171789397
 472  0.0170507375
 473  0.0171789397
 474  0.0170507375
 475  0.0169225372
 476  0.0169225372
 477  0.0170507375
 478  0.0166661348
 479  0.0174353402
 480  0.0175635424
 481  0.0171789397
 482  0.0170507375
 483  0.0170507375
 484  0.0173071399
 485  0.0169225372
 486  0.0170507375
 487  0.0170507375
 488  0.0167943351
 489  0.0175635424
 490  0.0170507375
 491  0.0171789397
 492  0.0174353402
 493  0.0170507375
 494  0.0170507375
 495  0.0173071399
 496  0.0171789397
 497  0.0171789397
 498  0.0173071399
 499  0.0165379345
 500  0.0171789397

 1  0.0184609499
 2  0.0188455526
 3  0.0175635424
 4  0.0183327477
 5  0.0189737529
 6  0.0184609499
 7  0.0189737529
 8  0.0189737529
 9  0.0188455526
 10  0.0194865577
 11  0.0188455526
 12  0.0189737529
 13  0.0188455526
 14  0.019101955
 15  0.0189737529
 16  0.0189737529
 17  0.0183327477
 18  0.0192301553
 19  0.019101955
 20  0.0188455526
 21  0.019101955
 22  0.019101955
 23  0.019101955
 24  0.0192301553
 25  0.0189737529
 26  0.0193583574
 27  0.0189737529
 28  0.0189737529
 29  0.0194865577
 30  0.0188455526
 31  0.019101955
 32  0.0189737529
 33  0.0189737529
 34  0.019101955
 35  0.0192301553
 36  0.0193583574
 37  0.0192301553
 38  0.0189737529
 39  0.0188455526
 40  0.019101955
 41  0.0187173523
 42  0.019101955
 43  0.0189737529
 44  0.0192301553
 45  0.019101955
 46  0.0184609499
 47  0.0194865577
 48  0.0189737529
 49  0.019101955
 50  0.0187173523
 51  0.0193583574
 52  0.019101955
 53  0.0192301553
 54  0.0193583574
 55  0.019614758
 56  0.0189737529
 57  0.0189737529
 58  0.019101955
 59  0.0194865577
 60  0.019101955
 61  0.0189737529
 62  0.019101955
 63  0.0192301553
 64  0.019101955
 65  0.0188455526
 66  0.0189737529
 67  0.0192301553
 68  0.0192301553
 69  0.0189737529
 70  0.0193583574
 71  0.0189737529
 72  0.0192301553
 73  0.0194865577
 74  0.019101955
 75  0.0192301553
 76  0.0192301553
 77  0.0188455526
 78  0.0188455526
 79  0.0193583574
 80  0.019614758
 81  0.019101955
 82  0.0193583574
 83  0.019101955
 84  0.0192301553
 85  0.019101955
 86  0.0192301553
 87  0.0192301553
 88  0.019101955
 89  0.0192301553
 90  0.0193583574
 91  0.019101955
 92  0.0188455526
 93  0.0192301553
 94  0.0193583574
 95  0.0192301553
 96  0.0192301553
 97  0.0193583574
 98  0.0189737529
 99  0.019101955
 100  0.0193583574
 101  0.019101955
 102  0.0192301553
 103  0.0189737529
 104  0.019614758
 105  0.019101955
 106  0.0194865577
 107  0.0193583574
 108  0.0189737529
 109  0.0192301553
 110  0.0192301553
 111  0.019101955
 112  0.0193583574
 113  0.0189737529
 114  0.0188455526
 115  0.0192301553
 116  0.019101955
 117  0.0187173523
 118  0.0193583574
 119  0.0194865577
 120  0.019101955
 121  0.0192301553
 122  0.0193583574
 123  0.019614758
 124  0.0189737529
 125  0.0188455526
 126  0.0189737529
 127  0.0192301553
 128  0.019101955
 129  0.0189737529
 130  0.0193583574
 131  0.0194865577
 132  0.0194865577
 133  0.019101955
 134  0.0188455526
 135  0.019101955
 136  0.019101955
 137  0.019101955
 138  0.019101955
 139  0.0192301553
 140  0.0193583574
 141  0.0189737529
 142  0.0189737529
 143  0.0188455526
 144  0.019101955
 145  0.0192301553
 146  0.019101955
 147  0.0193583574
 148  0.019101955
 149  0.0192301553
 150  0.0193583574
 151  0.0192301553
 152  0.019101955
 153  0.0193583574
 154  0.0193583574
 155  0.0193583574
 156  0.0189737529
 157  0.0193583574
 158  0.019101955
 159  0.0192301553
 160  0.019101955
 161  0.019101955
 162  0.019101955
 163  0.0189737529
 164  0.0192301553
 165  0.019101955
 166  0.0197429601
 167  0.0189737529
 168  0.0192301553
 169  0.0189737529
 170  0.0192301553
 171  0.0194865577
 172  0.0192301553
 173  0.019101955
 174  0.019101955
 175  0.0192301553
 176  0.0194865577
 177  0.0193583574
 178  0.0193583574
 179  0.0192301553
 180  0.019614758
 181  0.019101955
 182  0.0192301553
 183  0.0192301553
 184  0.0188455526
 185  0.019101955
 186  0.0187173523
 187  0.019101955
 188  0.019101955
 189  0.019101955
 190  0.019101955
 191  0.0189737529
 192  0.0192301553
 193  0.0193583574
 194  0.019101955
 195  0.019101955
 196  0.0193583574
 197  0.0194865577
 198  0.0193583574
 199  0.0194865577
 200  0.0192301553
 201  0.019101955
 202  0.0192301553
 203  0.019101955
 204  0.0194865577
 205  0.0192301553
 206  0.0193583574
 207  0.0192301553
 208  0.019101955
 209  0.019101955
 210  0.0188455526
 211  0.0192301553
 212  0.0187173523
 213  0.0192301553
 214  0.019614758
 215  0.0193583574
 216  0.019101955
 217  0.0189737529
 218  0.019101955
 219  0.019101955
 220  0.0189737529
 221  0.0189737529
 222  0.0192301553
 223  0.019614758
 224  0.0192301553
 225  0.0194865577
 226  0.0193583574
 227  0.019101955
 228  0.019101955
 229  0.019101955
 230  0.019101955
 231  0.0187173523
 232  0.019101955
 233  0.0189737529
 234  0.0192301553
 235  0.0192301553
 236  0.0192301553
 237  0.0192301553
 238  0.0192301553
 239  0.019614758
 240  0.019101955
 241  0.019101955
 242  0.019614758
 243  0.0193583574
 244  0.0192301553
 245  0.0197429601
 246  0.0194865577
 247  0.019101955
 248  0.0194865577
 249  0.0189737529
 250  0.0193583574
 251  0.0189737529
 252  0.019101955
 253  0.0193583574
 254  0.0189737529
 255  0.0189737529
 256  0.0189737529
 257  0.0192301553
 258  0.019101955
 259  0.0193583574
 260  0.0193583574
 261  0.019101955
 262  0.0193583574
 263  0.0192301553
 264  0.019101955
 265  0.0192301553
 266  0.019101955
 267  0.0189737529
 268  0.019101955
 269  0.0193583574
 270  0.0192301553
 271  0.0192301553
 272  0.0188455526
 273  0.0192301553
 274  0.019101955
 275  0.0198711604
 276  0.019101955
 277  0.0192301553
 278  0.0189737529
 279  0.019101955
 280  0.019101955
 281  0.0193583574
 282  0.019614758
 283  0.0193583574
 284  0.019614758
 285  0.019101955
 286  0.0193583574
 287  0.0194865577
 288  0.019614758
 289  0.019614758
 290  0.0194865577
 291  0.0188455526
 292  0.019101955
 293  0.019614758
 294  0.0189737529
 295  0.0189737529
 296  0.0194865577
 297  0.0192301553
 298  0.0194865577
 299  0.0194865577
 300  0.0192301553
 301  0.0194865577
 302  0.0194865577
 303  0.0192301553
 304  0.0192301553
 305  0.0192301553
 306  0.0192301553
 307  0.0192301553
 308  0.019101955
 309  0.0192301553
 310  0.0193583574
 311  0.0192301553
 312  0.0193583574
 313  0.0193583574
 314  0.019101955
 315  0.0192301553
 316  0.0198711604
 317  0.0193583574
 318  0.0192301553
 319  0.0189737529
 320  0.019101955
 321  0.0194865577
 322  0.0189737529
 323  0.0193583574
 324  0.0192301553
 325  0.0192301553
 326  0.0193583574
 327  0.0194865577
 328  0.0194865577
 329  0.019101955
 330  0.019614758
 331  0.0193583574
 332  0.0189737529
 333  0.0192301553
 334  0.0192301553
 335  0.019101955
 336  0.0193583574
 337  0.0192301553
 338  0.019614758
 339  0.0194865577
 340  0.019614758
 341  0.0194865577
 342  0.019614758
 343  0.019101955
 344  0.0192301553
 345  0.0193583574
 346  0.019101955
 347  0.0193583574
 348  0.0194865577
 349  0.019614758
 350  0.0194865577
 351  0.019101955
 352  0.0189737529
 353  0.0194865577
 354  0.019101955
 355  0.0192301553
 356  0.0194865577
 357  0.0193583574
 358  0.019101955
 359  0.0192301553
 360  0.0194865577
 361  0.0192301553
 362  0.019614758
 363  0.019101955
 364  0.0192301553
 365  0.0193583574
 366  0.0193583574
 367  0.019614758
 368  0.0189737529
 369  0.0185891502
 370  0.0193583574
 371  0.019101955
 372  0.019101955
 373  0.0192301553
 374  0.0192301553
 375  0.0193583574
 376  0.0192301553
 377  0.019101955
 378  0.0192301553
 379  0.0188455526
 380  0.0194865577
 381  0.019101955
 382  0.0194865577
 383  0.0188455526
 384  0.019101955
 385  0.0193583574
 386  0.0189737529
 387  0.0192301553
 388  0.0194865577
 389  0.019101955
 390  0.0193583574
 391  0.0187173523
 392  0.0194865577
 393  0.0192301553
 394  0.0193583574
 395  0.0193583574
 396  0.0192301553
 397  0.0192301553
 398  0.0192301553
 399  0.0188455526
 400  0.019101955
 401  0.0189737529
 402  0.0192301553
 403  0.0189737529
 404  0.0192301553
 405  0.0192301553
 406  0.019614758
 407  0.0192301553
 408  0.0189737529
 409  0.0194865577
 410  0.019101955
 411  0.019101955
 412  0.019101955
 413  0.0192301553
 414  0.0194865577
 415  0.0193583574
 416  0.0189737529
 417  0.0194865577
 418  0.0194865577
 419  0.019101955
 420  0.0194865577
 421  0.0189737529
 422  0.0193583574
 423  0.0192301553
 424  0.019101955
 425  0.0188455526
 426  0.0193583574
 427  0.0189737529
 428  0.0192301553
 429  0.0194865577
 430  0.019101955
 431  0.0187173523
 432  0.0193583574
 433  0.0189737529
 434  0.0193583574
 435  0.019101955
 436  0.0193583574
 437  0.0194865577
 438  0.0192301553
 439  0.0193583574
 440  0.0192301553
 441  0.0193583574
 442  0.019614758
 443  0.019101955
 444  0.0193583574
 445  0.0192301553
 446  0.0193583574
 447  0.0193583574
 448  0.0192301553
 449  0.019101955
 450  0.0192301553
 451  0.019614758
 452  0.0193583574
 453  0.0194865577
 454  0.0192301553
 455  0.019101955
 456  0.0189737529
 457  0.0189737529
 458  0.0193583574
 459  0.019614758
 460  0.019614758
 461  0.0192301553
 462  0.019101955
 463  0.019614758
 464  0.0193583574
 465  0.0192301553
 466  0.0192301553
 467  0.0192301553
 468  0.0192301553
 469  0.019614758
 470  0.019101955
 471  0.019614758
 472  0.0193583574
 473  0.019614758
 474  0.0193583574
 475  0.0193583574
 476  0.0193583574
 477  0.0193583574
 478  0.0193583574
 479  0.019614758
 480  0.0199993625
 481  0.0193583574
 482  0.019614758
 483  0.0193583574
 484  0.019614758
 485  0.0192301553
 486  0.0192301553
 487  0.0193583574
 488  0.019101955
 489  0.0197429601
 490  0.019101955
 491  0.019614758
 492  0.0198711604
 493  0.0194865577
 494  0.0193583574
 495  0.0197429601
 496  0.0192301553
 497  0.0193583574
 498  0.0194865577
 499  0.0185891502
 500  0.0197429601

 1  0.0216659755
 2  0.0220505781
 3  0.0210249703
 4  0.0220505781
 5  0.0223069806
 6  0.0220505781
 7  0.0221787803
 8  0.0224351808
 9  0.0221787803
 10  0.022563383
 11  0.0220505781
 12  0.0219223779
 13  0.0220505781
 14  0.0220505781
 15  0.0224351808
 16  0.0223069806
 17  0.0217941757
 18  0.0220505781
 19  0.0223069806
 20  0.0219223779
 21  0.023076186
 22  0.0224351808
 23  0.022563383
 24  0.0229479857
 25  0.0226915833
 26  0.0224351808
 27  0.0224351808
 28  0.0226915833
 29  0.0226915833
 30  0.0221787803
 31  0.022563383
 32  0.0224351808
 33  0.0220505781
 34  0.022563383
 35  0.0224351808
 36  0.0226915833
 37  0.0219223779
 38  0.0221787803
 39  0.022563383
 40  0.0223069806
 41  0.0221787803
 42  0.0220505781
 43  0.0224351808
 44  0.022563383
 45  0.022563383
 46  0.0217941757
 47  0.0229479857
 48  0.0224351808
 49  0.0224351808
 50  0.0220505781
 51  0.0223069806
 52  0.0228197854
 53  0.0226915833
 54  0.0229479857
 55  0.0234607905
 56  0.0223069806
 57  0.0223069806
 58  0.0223069806
 59  0.022563383
 60  0.022563383
 61  0.0226915833
 62  0.022563383
 63  0.0226915833
 64  0.0226915833
 65  0.022563383
 66  0.0221787803
 67  0.022563383
 68  0.0226915833
 69  0.0221787803
 70  0.0221787803
 71  0.0226915833
 72  0.0226915833
 73  0.023076186
 74  0.0223069806
 75  0.0226915833
 76  0.0223069806
 77  0.022563383
 78  0.0223069806
 79  0.0232043881
 80  0.0226915833
 81  0.022563383
 82  0.0226915833
 83  0.0223069806
 84  0.0226915833
 85  0.0224351808
 86  0.0229479857
 87  0.022563383
 88  0.0223069806
 89  0.0226915833
 90  0.0224351808
 91  0.0226915833
 92  0.0220505781
 93  0.0228197854
 94  0.0228197854
 95  0.0224351808
 96  0.0224351808
 97  0.022563383
 98  0.0219223779
 99  0.022563383
 100  0.0229479857
 101  0.0226915833
 102  0.0226915833
 103  0.0224351808
 104  0.0228197854
 105  0.0219223779
 106  0.0226915833
 107  0.022563383
 108  0.0224351808
 109  0.022563383
 110  0.0224351808
 111  0.0226915833
 112  0.023076186
 113  0.0223069806
 114  0.0220505781
 115  0.0224351808
 116  0.0220505781
 117  0.0224351808
 118  0.022563383
 119  0.0228197854
 120  0.0221787803
 121  0.0224351808
 122  0.0224351808
 123  0.0228197854
 124  0.0219223779
 125  0.0223069806
 126  0.0221787803
 127  0.0226915833
 128  0.0224351808
 129  0.0223069806
 130  0.0223069806
 131  0.0228197854
 132  0.0224351808
 133  0.0229479857
 134  0.0223069806
 135  0.022563383
 136  0.0226915833
 137  0.0223069806
 138  0.0221787803
 139  0.0226915833
 140  0.022563383
 141  0.0220505781
 142  0.0224351808
 143  0.0220505781
 144  0.0228197854
 145  0.0224351808
 146  0.0223069806
 147  0.0226915833
 148  0.0221787803
 149  0.022563383
 150  0.0226915833
 151  0.0226915833
 152  0.0223069806
 153  0.0224351808
 154  0.0229479857
 155  0.0228197854
 156  0.0224351808
 157  0.0226915833
 158  0.0223069806
 159  0.0224351808
 160  0.0220505781
 161  0.0223069806
 162  0.0221787803
 163  0.0223069806
 164  0.0228197854
 165  0.0224351808
 166  0.0226915833
 167  0.0220505781
 168  0.0229479857
 169  0.0224351808
 170  0.0226915833
 171  0.0223069806
 172  0.0229479857
 173  0.0224351808
 174  0.0223069806
 175  0.0228197854
 176  0.0226915833
 177  0.0226915833
 178  0.0223069806
 179  0.0223069806
 180  0.0226915833
 181  0.0224351808
 182  0.0221787803
 183  0.0221787803
 184  0.0221787803
 185  0.0228197854
 186  0.0223069806
 187  0.0224351808
 188  0.0223069806
 189  0.0226915833
 190  0.0221787803
 191  0.0221787803
 192  0.0224351808
 193  0.023076186
 194  0.0219223779
 195  0.022563383
 196  0.0224351808
 197  0.0229479857
 198  0.0226915833
 199  0.0224351808
 200  0.022563383
 201  0.0223069806
 202  0.0223069806
 203  0.0221787803
 204  0.0228197854
 205  0.0223069806
 206  0.0226915833
 207  0.0221787803
 208  0.0217941757
 209  0.0221787803
 210  0.0224351808
 211  0.0221787803
 212  0.0219223779
 213  0.022563383
 214  0.0226915833
 215  0.0226915833
 216  0.0220505781
 217  0.022563383
 218  0.022563383
 219  0.0224351808
 220  0.0220505781
 221  0.0224351808
 222  0.0226915833
 223  0.023076186
 224  0.022563383
 225  0.0228197854
 226  0.0223069806
 227  0.0221787803
 228  0.0226915833
 229  0.0217941757
 230  0.023076186
 231  0.0219223779
 232  0.0220505781
 233  0.0220505781
 234  0.0221787803
 235  0.0223069806
 236  0.0224351808
 237  0.0224351808
 238  0.0220505781
 239  0.022563383
 240  0.0224351808
 241  0.0224351808
 242  0.0228197854
 243  0.0229479857
 244  0.0223069806
 245  0.0229479857
 246  0.022563383
 247  0.022563383
 248  0.0232043881
 249  0.0226915833
 250  0.023076186
 251  0.0221787803
 252  0.0228197854
 253  0.0220505781
 254  0.0223069806
 255  0.0221787803
 256  0.022563383
 257  0.0226915833
 258  0.0223069806
 259  0.0226915833
 260  0.022563383
 261  0.0224351808
 262  0.0224351808
 263  0.0224351808
 264  0.022563383
 265  0.0224351808
 266  0.0224351808
 267  0.0226915833
 268  0.0221787803
 269  0.022563383
 270  0.0226915833
 271  0.0223069806
 272  0.0220505781
 273  0.0224351808
 274  0.0221787803
 275  0.023076186
 276  0.0223069806
 277  0.022563383
 278  0.0224351808
 279  0.0224351808
 280  0.0219223779
 281  0.0224351808
 282  0.022563383
 283  0.0229479857
 284  0.0228197854
 285  0.0224351808
 286  0.0223069806
 287  0.0228197854
 288  0.022563383
 289  0.022563383
 290  0.0228197854
 291  0.0220505781
 292  0.0224351808
 293  0.0229479857
 294  0.0223069806
 295  0.0220505781
 296  0.0226915833
 297  0.0224351808
 298  0.0226915833
 299  0.022563383
 300  0.0224351808
 301  0.0228197854
 302  0.0221787803
 303  0.0223069806
 304  0.0220505781
 305  0.0221787803
 306  0.0229479857
 307  0.0224351808
 308  0.0224351808
 309  0.0223069806
 310  0.0224351808
 311  0.0229479857
 312  0.0226915833
 313  0.0224351808
 314  0.022563383
 315  0.0224351808
 316  0.0229479857
 317  0.0228197854
 318  0.0228197854
 319  0.0226915833
 320  0.0221787803
 321  0.023076186
 322  0.0223069806
 323  0.0223069806
 324  0.0223069806
 325  0.0224351808
 326  0.022563383
 327  0.0226915833
 328  0.0226915833
 329  0.022563383
 330  0.023076186
 331  0.0228197854
 332  0.0219223779
 333  0.0221787803
 334  0.0226915833
 335  0.022563383
 336  0.0228197854
 337  0.0224351808
 338  0.0229479857
 339  0.0226915833
 340  0.0226915833
 341  0.022563383
 342  0.0224351808
 343  0.0223069806
 344  0.022563383
 345  0.0228197854
 346  0.022563383
 347  0.0224351808
 348  0.0226915833
 349  0.0228197854
 350  0.0224351808
 351  0.022563383
 352  0.0219223779
 353  0.0228197854
 354  0.0223069806
 355  0.0226915833
 356  0.022563383
 357  0.022563383
 358  0.0223069806
 359  0.0223069806
 360  0.0224351808
 361  0.0224351808
 362  0.0226915833
 363  0.0221787803
 364  0.0224351808
 365  0.0228197854
 366  0.022563383
 367  0.0232043881
 368  0.0224351808
 369  0.0216659755
 370  0.0221787803
 371  0.0228197854
 372  0.0224351808
 373  0.0228197854
 374  0.0226915833
 375  0.0223069806
 376  0.0224351808
 377  0.0223069806
 378  0.0221787803
 379  0.0221787803
 380  0.0226915833
 381  0.0219223779
 382  0.0224351808
 383  0.0220505781
 384  0.0229479857
 385  0.0224351808
 386  0.0224351808
 387  0.0226915833
 388  0.0224351808
 389  0.0226915833
 390  0.023076186
 391  0.0223069806
 392  0.0223069806
 393  0.022563383
 394  0.0226915833
 395  0.022563383
 396  0.0221787803
 397  0.022563383
 398  0.0224351808
 399  0.0224351808
 400  0.0224351808
 401  0.0223069806
 402  0.0226915833
 403  0.0221787803
 404  0.0226915833
 405  0.022563383
 406  0.0228197854
 407  0.0226915833
 408  0.0220505781
 409  0.022563383
 410  0.0223069806
 411  0.0219223779
 412  0.022563383
 413  0.0223069806
 414  0.023076186
 415  0.0226915833
 416  0.0221787803
 417  0.023076186
 418  0.0224351808
 419  0.0224351808
 420  0.0228197854
 421  0.0221787803
 422  0.0226915833
 423  0.0228197854
 424  0.0221787803
 425  0.0223069806
 426  0.022563383
 427  0.0223069806
 428  0.0226915833
 429  0.0226915833
 430  0.0223069806
 431  0.0219223779
 432  0.0226915833
 433  0.0228197854
 434  0.023076186
 435  0.0219223779
 436  0.0228197854
 437  0.022563383
 438  0.0224351808
 439  0.0223069806
 440  0.0226915833
 441  0.0224351808
 442  0.0228197854
 443  0.0223069806
 444  0.0228197854
 445  0.0221787803
 446  0.0220505781
 447  0.0221787803
 448  0.0223069806
 449  0.0220505781
 450  0.0223069806
 451  0.0224351808
 452  0.0224351808
 453  0.0228197854
 454  0.0224351808
 455  0.0228197854
 456  0.0223069806
 457  0.022563383
 458  0.0224351808
 459  0.022563383
 460  0.0226915833
 461  0.0221787803
 462  0.0224351808
 463  0.0228197854
 464  0.0228197854
 465  0.0223069806
 466  0.0229479857
 467  0.0226915833
 468  0.022563383
 469  0.022563383
 470  0.022563383
 471  0.023076186
 472  0.0221787803
 473  0.022563383
 474  0.0226915833
 475  0.0228197854
 476  0.022563383
 477  0.0228197854
 478  0.0224351808
 479  0.0229479857
 480  0.0233325884
 481  0.0223069806
 482  0.0224351808
 483  0.0226915833
 484  0.0232043881
 485  0.0223069806
 486  0.022563383
 487  0.0226915833
 488  0.0221787803
 489  0.0226915833
 490  0.0224351808
 491  0.0228197854
 492  0.0232043881
 493  0.0226915833
 494  0.0226915833
 495  0.0228197854
 496  0.0226915833
 497  0.0226915833
 498  0.0228197854
 499  0.0224351808
 500  0.0226915833

 1  0.0292298365
 2  0.0279478263
 3  0.0266658161
 4  0.0279478263
 5  0.0282042287
 6  0.0274350215
 7  0.0284606311
 8  0.0282042287
 9  0.027819626
 10  0.0282042287
 11  0.0271786191
 12  0.027819626
 13  0.0280760266
 14  0.0287170317
 15  0.0284606311
 16  0.0280760266
 17  0.0276914239
 18  0.0289734341
 19  0.0285888314
 20  0.0280760266
 21  0.0288452338
 22  0.028332429
 23  0.028332429
 24  0.0296144392
 25  0.027819626
 26  0.0280760266
 27  0.0276914239
 28  0.0284606311
 29  0.0284606311
 30  0.0293580368
 31  0.0288452338
 32  0.027819626
 33  0.027819626
 34  0.0289734341
 35  0.0280760266
 36  0.0279478263
 37  0.0276914239
 38  0.0284606311
 39  0.0284606311
 40  0.027819626
 41  0.0279478263
 42  0.0279478263
 43  0.0284606311
 44  0.0284606311
 45  0.0279478263
 46  0.0284606311
 47  0.028332429
 48  0.0287170317
 49  0.0288452338
 50  0.0280760266
 51  0.028332429
 52  0.0280760266
 53  0.028332429
 54  0.0291016363
 55  0.0291016363
 56  0.0284606311
 57  0.0279478263
 58  0.0289734341
 59  0.0285888314
 60  0.0288452338
 61  0.0282042287
 62  0.027819626
 63  0.0280760266
 64  0.028332429
 65  0.0284606311
 66  0.0284606311
 67  0.028332429
 68  0.0284606311
 69  0.028332429
 70  0.0287170317
 71  0.028332429
 72  0.0288452338
 73  0.0282042287
 74  0.0279478263
 75  0.027819626
 76  0.027819626
 77  0.0280760266
 78  0.0284606311
 79  0.0289734341
 80  0.0282042287
 81  0.0279478263
 82  0.0276914239
 83  0.0284606311
 84  0.0282042287
 85  0.028332429
 86  0.0291016363
 87  0.0285888314
 88  0.0282042287
 89  0.028332429
 90  0.028332429
 91  0.0276914239
 92  0.0275632236
 93  0.0282042287
 94  0.0284606311
 95  0.0280760266
 96  0.0287170317
 97  0.0285888314
 98  0.0280760266
 99  0.0279478263
 100  0.0280760266
 101  0.028332429
 102  0.0279478263
 103  0.0285888314
 104  0.0279478263
 105  0.0279478263
 106  0.0279478263
 107  0.0288452338
 108  0.0282042287
 109  0.0288452338
 110  0.0282042287
 111  0.0280760266
 112  0.0275632236
 113  0.0280760266
 114  0.0282042287
 115  0.0279478263
 116  0.0280760266
 117  0.0282042287
 118  0.0280760266
 119  0.029486239
 120  0.0285888314
 121  0.0284606311
 122  0.0273068212
 123  0.0282042287
 124  0.0280760266
 125  0.0287170317
 126  0.0279478263
 127  0.028332429
 128  0.0273068212
 129  0.0273068212
 130  0.0280760266
 131  0.0282042287
 132  0.0280760266
 133  0.0285888314
 134  0.0279478263
 135  0.027819626
 136  0.0287170317
 137  0.0276914239
 138  0.0284606311
 139  0.0291016363
 140  0.0282042287
 141  0.0276914239
 142  0.0275632236
 143  0.0287170317
 144  0.0282042287
 145  0.0276914239
 146  0.0288452338
 147  0.0279478263
 148  0.0275632236
 149  0.0288452338
 150  0.0280760266
 151  0.0282042287
 152  0.028332429
 153  0.0276914239
 154  0.0280760266
 155  0.0285888314
 156  0.0282042287
 157  0.0284606311
 158  0.0276914239
 159  0.0287170317
 160  0.0276914239
 161  0.0282042287
 162  0.0280760266
 163  0.028332429
 164  0.0282042287
 165  0.0279478263
 166  0.0284606311
 167  0.028332429
 168  0.0289734341
 169  0.028332429
 170  0.0279478263
 171  0.0279478263
 172  0.028332429
 173  0.0276914239
 174  0.028332429
 175  0.0279478263
 176  0.0285888314
 177  0.0285888314
 178  0.0276914239
 179  0.028332429
 180  0.0275632236
 181  0.028332429
 182  0.0282042287
 183  0.0284606311
 184  0.0273068212
 185  0.028332429
 186  0.0280760266
 187  0.0279478263
 188  0.0285888314
 189  0.0284606311
 190  0.0274350215
 191  0.0275632236
 192  0.0287170317
 193  0.0289734341
 194  0.0284606311
 195  0.027819626
 196  0.027819626
 197  0.0276914239
 198  0.0282042287
 199  0.0284606311
 200  0.027819626
 201  0.0274350215
 202  0.0279478263
 203  0.0273068212
 204  0.0279478263
 205  0.0280760266
 206  0.028332429
 207  0.0279478263
 208  0.0271786191
 209  0.0273068212
 210  0.0287170317
 211  0.0275632236
 212  0.0284606311
 213  0.0280760266
 214  0.0284606311
 215  0.0285888314
 216  0.0279478263
 217  0.028332429
 218  0.028332429
 219  0.0282042287
 220  0.0276914239
 221  0.0279478263
 222  0.0280760266
 223  0.028332429
 224  0.0284606311
 225  0.0289734341
 226  0.0276914239
 227  0.0276914239
 228  0.0275632236
 229  0.0276914239
 230  0.028332429
 231  0.0276914239
 232  0.0279478263
 233  0.0275632236
 234  0.0271786191
 235  0.0275632236
 236  0.0282042287
 237  0.0280760266
 238  0.0282042287
 239  0.0285888314
 240  0.0282042287
 241  0.028332429
 242  0.0288452338
 243  0.0282042287
 244  0.0276914239
 245  0.028332429
 246  0.0279478263
 247  0.0275632236
 248  0.0284606311
 249  0.028332429
 250  0.0282042287
 251  0.0280760266
 252  0.0287170317
 253  0.0279478263
 254  0.0276914239
 255  0.0279478263
 256  0.0285888314
 257  0.0271786191
 258  0.028332429
 259  0.0284606311
 260  0.028332429
 261  0.027819626
 262  0.0276914239
 263  0.0280760266
 264  0.0288452338
 265  0.028332429
 266  0.0282042287
 267  0.0276914239
 268  0.0280760266
 269  0.0285888314
 270  0.028332429
 271  0.0284606311
 272  0.0279478263
 273  0.028332429
 274  0.0279478263
 275  0.0284606311
 276  0.027819626
 277  0.0274350215
 278  0.027819626
 279  0.027819626
 280  0.0279478263
 281  0.0280760266
 282  0.0276914239
 283  0.0285888314
 284  0.0279478263
 285  0.0287170317
 286  0.028332429
 287  0.027819626
 288  0.0289734341
 289  0.0280760266
 290  0.0275632236
 291  0.0280760266
 292  0.0280760266
 293  0.0291016363
 294  0.0279478263
 295  0.0274350215
 296  0.0284606311
 297  0.0280760266
 298  0.0276914239
 299  0.0273068212
 300  0.0275632236
 301  0.0282042287
 302  0.0274350215
 303  0.0273068212
 304  0.0276914239
 305  0.0284606311
 306  0.027819626
 307  0.0276914239
 308  0.0280760266
 309  0.0275632236
 310  0.028332429
 311  0.027819626
 312  0.0284606311
 313  0.0285888314
 314  0.0284606311
 315  0.028332429
 316  0.028332429
 317  0.028332429
 318  0.0279478263
 319  0.027819626
 320  0.0276914239
 321  0.0285888314
 322  0.0279478263
 323  0.0279478263
 324  0.0274350215
 325  0.027819626
 326  0.0282042287
 327  0.0275632236
 328  0.0275632236
 329  0.0280760266
 330  0.0285888314
 331  0.0284606311
 332  0.0269222185
 333  0.0280760266
 334  0.0284606311
 335  0.0288452338
 336  0.0282042287
 337  0.0288452338
 338  0.0285888314
 339  0.0284606311
 340  0.028332429
 341  0.0282042287
 342  0.0284606311
 343  0.0276914239
 344  0.0274350215
 345  0.028332429
 346  0.0279478263
 347  0.0280760266
 348  0.0280760266
 349  0.0288452338
 350  0.0289734341
 351  0.028332429
 352  0.0280760266
 353  0.0271786191
 354  0.0280760266
 355  0.0282042287
 356  0.0279478263
 357  0.028332429
 358  0.0282042287
 359  0.0276914239
 360  0.0288452338
 361  0.027819626
 362  0.028332429
 363  0.0279478263
 364  0.0279478263
 365  0.0282042287
 366  0.0270504188
 367  0.0287170317
 368  0.028332429
 369  0.027819626
 370  0.0275632236
 371  0.0284606311
 372  0.027819626
 373  0.0289734341
 374  0.0279478263
 375  0.027819626
 376  0.0274350215
 377  0.0279478263
 378  0.0273068212
 379  0.0274350215
 380  0.0285888314
 381  0.0275632236
 382  0.0276914239
 383  0.027819626
 384  0.0285888314
 385  0.0284606311
 386  0.0280760266
 387  0.027819626
 388  0.0282042287
 389  0.0280760266
 390  0.028332429
 391  0.0276914239
 392  0.0279478263
 393  0.0285888314
 394  0.0280760266
 395  0.028332429
 396  0.0279478263
 397  0.0279478263
 398  0.027819626
 399  0.0282042287
 400  0.0282042287
 401  0.0276914239
 402  0.0279478263
 403  0.0276914239
 404  0.0282042287
 405  0.0274350215
 406  0.028332429
 407  0.0287170317
 408  0.028332429
 409  0.0280760266
 410  0.0282042287
 411  0.0273068212
 412  0.027819626
 413  0.0274350215
 414  0.0285888314
 415  0.0279478263
 416  0.0276914239
 417  0.0284606311
 418  0.027819626
 419  0.0280760266
 420  0.0280760266
 421  0.027819626
 422  0.0285888314
 423  0.0280760266
 424  0.027819626
 425  0.0275632236
 426  0.0284606311
 427  0.0285888314
 428  0.0282042287
 429  0.0285888314
 430  0.0287170317
 431  0.0284606311
 432  0.0285888314
 433  0.0291016363
 434  0.0296144392
 435  0.027819626
 436  0.0285888314
 437  0.0287170317
 438  0.0279478263
 439  0.0280760266
 440  0.0280760266
 441  0.0274350215
 442  0.0288452338
 443  0.0276914239
 444  0.0280760266
 445  0.0273068212
 446  0.0276914239
 447  0.027819626
 448  0.0279478263
 449  0.0275632236
 450  0.0284606311
 451  0.0280760266
 452  0.0273068212
 453  0.0282042287
 454  0.0279478263
 455  0.0280760266
 456  0.0282042287
 457  0.0279478263
 458  0.0282042287
 459  0.0273068212
 460  0.0282042287
 461  0.027819626
 462  0.0282042287
 463  0.0279478263
 464  0.0282042287
 465  0.0280760266
 466  0.0282042287
 467  0.027819626
 468  0.028332429
 469  0.0282042287
 470  0.0284606311
 471  0.0280760266
 472  0.028332429
 473  0.0276914239
 474  0.0276914239
 475  0.0280760266
 476  0.0280760266
 477  0.028332429
 478  0.0288452338
 479  0.0287170317
 480  0.0288452338
 481  0.028332429
 482  0.0280760266
 483  0.0282042287
 484  0.0280760266
 485  0.0282042287
 486  0.0275632236
 487  0.0285888314
 488  0.0291016363
 489  0.027819626
 490  0.028332429
 491  0.0292298365
 492  0.0285888314
 493  0.0276914239
 494  0.0276914239
 495  0.0280760266
 496  0.0287170317
 497  0.0279478263
 498  0.0279478263
 499  0.028332429
 500  0.0279478263

 1  0.0758950114
 2  0.0708951727
 3  0.0911509395
 4  0.0784590319
 5  0.0762796178
 6  0.112688713
 7  0.0980737954
 8  0.088971518
 9  0.0710233748
 10  0.0969199836
 11  0.0684593543
 12  0.100381412
 13  0.0662799329
 14  0.0830742717
 15  0.0848690867
 16  0.0712797791
 17  0.0770488232
 18  0.0741001964
 19  0.0792282447
 20  0.0780744329
 21  0.0726899877
 22  0.0801256448
 23  0.0806384534
 24  0.0734591931
 25  0.0846126825
 26  0.0755104125
 27  0.0807666555
 28  0.0685875565
 29  0.0685875565
 30  0.0702541694
 31  0.0776898265
 32  0.0797410458
 33  0.0766642168
 34  0.0778180286
 35  0.0784590319
 36  0.0678183511
 37  0.0783308372
 38  0.0703823715
 39  0.0758950114
 40  0.0749976039
 41  0.0760232136
 42  0.0974327922
 43  0.0906381309
 44  0.0834588781
 45  0.0747412071
 46  0.0703823715
 47  0.0849972889
 48  0.0752540082
 49  0.0761514157
 50  0.0666645393
 51  0.0839716792
 52  0.0771770254
 53  0.0824332684
 54  0.0742283985
 55  0.0706387684
 56  0.0815358609
 57  0.0712797791
 58  0.0925611481
 59  0.0773052275
 60  0.0755104125
 61  0.0696131662
 62  0.0732027888
 63  0.0685875565
 64  0.07640782
 65  0.0844844803
 66  0.0699977651
 67  0.0828178674
 68  0.0773052275
 69  0.0825614706
 70  0.0688439608
 71  0.0761514157
 72  0.0783308372
 73  0.0701259673
 74  0.0678183511
 75  0.0696131662
 76  0.0726899877
 77  0.0860228986
 78  0.0749976039
 79  0.0655107275
 80  0.0758950114
 81  0.0705105737
 82  0.0725617856
 83  0.0734591931
 84  0.0758950114
 85  0.0726899877
 86  0.0628185049
 87  0.0755104125
 88  0.0732027888
 89  0.0757668167
 90  0.076792419
 91  0.0917919427
 92  0.0732027888
 93  0.0720489845
 94  0.069484964
 95  0.0711515769
 96  0.073330991
 97  0.0778180286
 98  0.0737155974
 99  0.0732027888
 100  0.071664378
 101  0.0856382921
 102  0.0755104125
 103  0.0735873953
 104  0.0746130049
 105  0.0755104125
 106  0.071664378
 107  0.0732027888
 108  0.0758950114
 109  0.0703823715
 110  0.0765360221
 111  0.0726899877
 112  0.0746130049
 113  0.0703823715
 114  0.0711515769
 115  0.07640782
 116  0.0702541694
 117  0.071664378
 118  0.0739720017
 119  0.0728181899
 120  0.0771770254
 121  0.0710233748
 122  0.0738437995
 123  0.0737155974
 124  0.0693567619
 125  0.0791000426
 126  0.0725617856
 127  0.0701259673
 128  0.0779462308
 129  0.0761514157
 130  0.0799974501
 131  0.0724335834
 132  0.0791000426
 133  0.0828178674
 134  0.0817922652
 135  0.0755104125
 136  0.0793564394
 137  0.071664378
 138  0.0848690867
 139  0.0734591931
 140  0.088586919
 141  0.0707669705
 142  0.0735873953
 143  0.0758950114
 144  0.0699977651
 145  0.083330676
 146  0.0708951727
 147  0.0825614706
 148  0.0842280835
 149  0.0784590319
 150  0.071664378
 151  0.0873049051
 152  0.0734591931
 153  0.0717925802
 154  0.0682029501
 155  0.0697413608
 156  0.0649979264
 157  0.0755104125
 158  0.0714079812
 159  0.0960225761
 160  0.0757668167
 161  0.0724335834
 162  0.071664378
 163  0.088586919
 164  0.0724335834
 165  0.0760232136
 166  0.0761514157
 167  0.0738437995
 168  0.0760232136
 169  0.0815358609
 170  0.076792419
 171  0.0657671317
 172  0.078202635
 173  0.0811512545
 174  0.0769206211
 175  0.0776898265
 176  0.0789718404
 177  0.0769206211
 178  0.0788436383
 179  0.0779462308
 180  0.0773052275
 181  0.075125806
 182  0.0856382921
 183  0.0784590319
 184  0.0741001964
 185  0.082048662
 186  0.0761514157
 187  0.0667927414
 188  0.0697413608
 189  0.0806384534
 190  0.0684593543
 191  0.0730745941
 192  0.0675619468
 193  0.0801256448
 194  0.0944841653
 195  0.069869563
 196  0.0884587169
 197  0.0826896727
 198  0.0683311522
 199  0.0817922652
 200  0.0761514157
 201  0.069484964
 202  0.0726899877
 203  0.0705105737
 204  0.0778180286
 205  0.0840998814
 206  0.0803820491
 207  0.0749976039
 208  0.0699977651
 209  0.0843562856
 210  0.0752540082
 211  0.0801256448
 212  0.0706387684
 213  0.0770488232
 214  0.0762796178
 215  0.0667927414
 216  0.0738437995
 217  0.0771770254
 218  0.0761514157
 219  0.066023536
 220  0.0693567619
 221  0.0707669705
 222  0.0770488232
 223  0.090766333
 224  0.0757668167
 225  0.0761514157
 226  0.0758950114
 227  0.0792282447
 228  0.0926893502
 229  0.078587234
 230  0.0792282447
 231  0.0744848028
 232  0.0893561244
 233  0.0739720017
 234  0.0749976039
 235  0.0784590319
 236  0.0688439608
 237  0.0771770254
 238  0.0778180286
 239  0.0916637406
 240  0.0738437995
 241  0.0793564394
 242  0.0757668167
 243  0.0717925802
 244  0.0696131662
 245  0.0644851252
 246  0.0719207823
 247  0.0719207823
 248  0.071664378
 249  0.073330991
 250  0.0741001964
 251  0.0692285597
 252  0.0647415221
 253  0.0696131662
 254  0.0743566006
 255  0.0773052275
 256  0.0726899877
 257  0.0692285597
 258  0.101022415
 259  0.0852536932
 260  0.0693567619
 261  0.0735873953
 262  0.0684593543
 263  0.0743566006
 264  0.0738437995
 265  0.0783308372
 266  0.0689721555
 267  0.0720489845
 268  0.0669209436
 269  0.0760232136
 270  0.0807666555
 271  0.081664063
 272  0.0776898265
 273  0.069484964
 274  0.0702541694
 275  0.073330991
 276  0.0703823715
 277  0.0774334297
 278  0.0737155974
 279  0.0771770254
 280  0.0725617856
 281  0.0744848028
 282  0.0773052275
 283  0.0688439608
 284  0.069484964
 285  0.0742283985
 286  0.0773052275
 287  0.0714079812
 288  0.0762796178
 289  0.069869563
 290  0.073330991
 291  0.0828178674
 292  0.0783308372
 293  0.076792419
 294  0.0739720017
 295  0.076792419
 296  0.0737155974
 297  0.0749976039
 298  0.0803820491
 299  0.0674337447
 300  0.0737155974
 301  0.0699977651
 302  0.0739720017
 303  0.0687157586
 304  0.0726899877
 305  0.0744848028
 306  0.0746130049
 307  0.073330991
 308  0.071664378
 309  0.0755104125
 310  0.0788436383
 311  0.0839716792
 312  0.0737155974
 313  0.0720489845
 314  0.0755104125
 315  0.0738437995
 316  0.0723053887
 317  0.0715361759
 318  0.0741001964
 319  0.0810230523
 320  0.0799974501
 321  0.07640782
 322  0.0735873953
 323  0.0752540082
 324  0.0753822103
 325  0.0747412071
 326  0.0737155974
 327  0.0730745941
 328  0.0817922652
 329  0.0843562856
 330  0.0728181899
 331  0.0728181899
 332  0.0712797791
 333  0.0714079812
 334  0.0778180286
 335  0.0753822103
 336  0.0829460695
 337  0.0760232136
 338  0.0744848028
 339  0.0819204599
 340  0.0811512545
 341  0.081664063
 342  0.0708951727
 343  0.0738437995
 344  0.0803820491
 345  0.0774334297
 346  0.0646133199
 347  0.072946392
 348  0.0723053887
 349  0.0707669705
 350  0.0749976039
 351  0.076792419
 352  0.0765360221
 353  0.078202635
 354  0.076792419
 355  0.0712797791
 356  0.0807666555
 357  0.0747412071
 358  0.0873049051
 359  0.0743566006
 360  0.0739720017
 361  0.0699977651
 362  0.0937149599
 363  0.0689721555
 364  0.0796128437
 365  0.0719207823
 366  0.0934585556
 367  0.0723053887
 368  0.0755104125
 369  0.092432946
 370  0.0756386146
 371  0.0702541694
 372  0.0742283985
 373  0.078587234
 374  0.0693567619
 375  0.0778180286
 376  0.0678183511
 377  0.0721771866
 378  0.0742283985
 379  0.0720489845
 380  0.066408135
 381  0.0756386146
 382  0.0761514157
 383  0.0688439608
 384  0.0697413608
 385  0.0796128437
 386  0.0834588781
 387  0.0703823715
 388  0.0730745941
 389  0.0779462308
 390  0.0858946964
 391  0.0710233748
 392  0.0752540082
 393  0.0735873953
 394  0.0724335834
 395  0.0708951727
 396  0.0711515769
 397  0.0773052275
 398  0.0753822103
 399  0.0769206211
 400  0.0801256448
 401  0.0702541694
 402  0.071664378
 403  0.0832024738
 404  0.0805102512
 405  0.0732027888
 406  0.0701259673
 407  0.0719207823
 408  0.0778180286
 409  0.0741001964
 410  0.0732027888
 411  0.0761514157
 412  0.0746130049
 413  0.0753822103
 414  0.0725617856
 415  0.072946392
 416  0.0734591931
 417  0.0689721555
 418  0.0817922652
 419  0.0682029501
 420  0.0774334297
 421  0.0752540082
 422  0.0732027888
 423  0.0741001964
 424  0.0791000426
 425  0.088971518
 426  0.0658953339
 427  0.0728181899
 428  0.0758950114
 429  0.075125806
 430  0.0756386146
 431  0.0864074975
 432  0.0743566006
 433  0.0744848028
 434  0.0853818879
 435  0.0756386146
 436  0.0732027888
 437  0.0744848028
 438  0.0719207823
 439  0.0752540082
 440  0.0812794566
 441  0.0711515769
 442  0.0762796178
 443  0.0720489845
 444  0.0734591931
 445  0.0784590319
 446  0.0688439608
 447  0.0739720017
 448  0.0735873953
 449  0.073330991
 450  0.0730745941
 451  0.0712797791
 452  0.0712797791
 453  0.0828178674
 454  0.0762796178
 455  0.0710233748
 456  0.0715361759
 457  0.0765360221
 458  0.0749976039
 459  0.0738437995
 460  0.0757668167
 461  0.0774334297
 462  0.0732027888
 463  0.0732027888
 464  0.0723053887
 465  0.0910227373
 466  0.0756386146
 467  0.0774334297
 468  0.0693567619
 469  0.069869563
 470  0.0691003576
 471  0.0706387684
 472  0.0742283985
 473  0.0734591931
 474  0.0742283985
 475  0.0679465532
 476  0.0805102512
 477  0.0685875565
 478  0.071664378
 479  0.0747412071
 480  0.0873049051
 481  0.0707669705
 482  0.0758950114
 483  0.071664378
 484  0.0788436383
 485  0.0801256448
 486  0.0702541694
 487  0.0748694092
 488  0.0794846416
 489  0.0741001964
 490  0.0711515769
 491  0.0688439608
 492  0.0792282447
 493  0.0724335834
 494  0.0765360221
 495  0.0773052275
 496  0.0796128437
 497  0.0723053887
 498  0.0760232136
 499  0.078202635
 500  0.0738437995

 1  0.
 2  0.
 3  0.
 4  0.
 5  0.
 6  0.
 7  0.
 8  0.
 9  0.
 10  0.
 11  0.
 12  0.
 13  0.
 14  0.
 15  0.
 16  0.
 17  0.
 18  0.
 19  0.
 20  0.
 21  0.
 22  0.
 23  0.
 24  0.
 25  0.
 26  0.
 27  0.
 28  0.
 29  0.
 30  0.
 31  0.
 32  0.
 33  0.
 34  0.
 35  0.
 36  0.
 37  0.
 38  0.
 39  0.
 40  0.
 41  0.
 42  0.
 43  0.
 44  0.
 45  0.
 46  0.
 47  0.
 48  0.
 49  0.
 50  0.
 51  0.
 52  0.
 53  0.
 54  0.
 55  0.
 56  0.
 57  0.
 58  0.
 59  0.
 60  0.
 61  0.
 62  0.
 63  0.
 64  0.
 65  0.
 66  0.
 67  0.
 68  0.
 69  0.
 70  0.
 71  0.
 72  0.
 73  0.
 74  0.
 75  0.
 76  0.
 77  0.
 78  0.
 79  0.
 80  0.
 81  0.
 82  0.
 83  0.
 84  0.
 85  0.
 86  0.
 87  0.
 88  0.
 89  0.
 90  0.
 91  0.
 92  0.
 93  0.
 94  0.
 95  0.
 96  0.
 97  0.
 98  0.
 99  0.
 100  0.
 101  0.
 102  0.
 103  0.
 104  0.
 105  0.
 106  0.
 107  0.
 108  0.
 109  0.
 110  0.
 111  0.
 112  0.
 113  0.
 114  0.
 115  0.
 116  0.
 117  0.
 118  0.
 119  0.
 120  0.
 121  0.
 122  0.
 123  0.
 124  0.
 125  0.
 126  0.
 127  0.
 128  0.
 129  0.
 130  0.
 131  0.
 132  0.
 133  0.
 134  0.
 135  0.
 136  0.
 137  0.
 138  0.
 139  0.
 140  0.
 141  0.
 142  0.
 143  0.
 144  0.
 145  0.
 146  0.
 147  0.
 148  0.
 149  0.
 150  0.
 151  0.
 152  0.
 153  0.
 154  0.
 155  0.
 156  0.
 157  0.
 158  0.
 159  0.
 160  0.
 161  0.
 162  0.
 163  0.
 164  0.
 165  0.
 166  0.
 167  0.
 168  0.
 169  0.
 170  0.
 171  0.
 172  0.
 173  0.
 174  0.
 175  0.
 176  0.
 177  0.
 178  0.
 179  0.
 180  0.
 181  0.
 182  0.
 183  0.
 184  0.
 185  0.
 186  0.
 187  0.
 188  0.
 189  0.
 190  0.
 191  0.
 192  0.
 193  0.
 194  0.
 195  0.
 196  0.
 197  0.
 198  0.
 199  0.
 200  0.
 201  0.
 202  0.
 203  0.
 204  0.
 205  0.
 206  0.
 207  0.
 208  0.
 209  0.
 210  0.
 211  0.
 212  0.
 213  0.
 214  0.
 215  0.
 216  0.
 217  0.
 218  0.
 219  0.
 220  0.
 221  0.
 222  0.
 223  0.
 224  0.
 225  0.
 226  0.
 227  0.
 228  0.
 229  0.
 230  0.
 231  0.
 232  0.
 233  0.
 234  0.
 235  0.
 236  0.
 237  0.
 238  0.
 239  0.
 240  0.
 241  0.
 242  0.
 243  0.
 244  0.
 245  0.
 246  0.
 247  0.
 248  0.
 249  0.
 250  0.
 251  0.
 252  0.
 253  0.
 254  0.
 255  0.
 256  0.
 257  0.
 258  0.
 259  0.
 260  0.
 261  0.
 262  0.
 263  0.
 264  0.
 265  0.
 266  0.
 267  0.
 268  0.
 269  0.
 270  0.
 271  0.
 272  0.
 273  0.
 274  0.
 275  0.
 276  0.
 277  0.
 278  0.
 279  0.
 280  0.
 281  0.
 282  0.
 283  0.
 284  0.
 285  0.
 286  0.
 287  0.
 288  0.
 289  0.
 290  0.
 291  0.
 292  0.
 293  0.
 294  0.
 295  0.
 296  0.
 297  0.
 298  0.
 299  0.
 300  0.
 301  0.
 302  0.
 303  0.
 304  0.
 305  0.
 306  0.
 307  0.
 308  0.
 309  0.
 310  0.
 311  0.
 312  0.
 313  0.
 314  0.
 315  0.
 316  0.
 317  0.
 318  0.
 319  0.
 320  0.
 321  0.
 322  0.
 323  0.
 324  0.
 325  0.
 326  0.
 327  0.
 328  0.
 329  0.
 330  0.
 331  0.
 332  0.
 333  0.
 334  0.
 335  0.
 336  0.
 337  0.
 338  0.
 339  0.
 340  0.
 341  0.
 342  0.
 343  0.
 344  0.
 345  0.
 346  0.
 347  0.
 348  0.
 349  0.
 350  0.
 351  0.
 352  0.
 353  0.
 354  0.
 355  0.
 356  0.
 357  0.
 358  0.
 359  0.
 360  0.
 361  0.
 362  0.
 363  0.
 364  0.
 365  0.
 366  0.
 367  0.
 368  0.
 369  0.
 370  0.
 371  0.
 372  0.
 373  0.
 374  0.
 375  0.
 376  0.
 377  0.
 378  0.
 379  0.
 380  0.
 381  0.
 382  0.
 383  0.
 384  0.
 385  0.
 386  0.
 387  0.
 388  0.
 389  0.
 390  0.
 391  0.
 392  0.
 393  0.
 394  0.
 395  0.
 396  0.
 397  0.
 398  0.
 399  0.
 400  0.
 401  0.
 402  0.
 403  0.
 404  0.
 405  0.
 406  0.
 407  0.
 408  0.
 409  0.
 410  0.
 411  0.
 412  0.
 413  0.
 414  0.
 415  0.
 416  0.
 417  0.
 418  0.
 419  0.
 420  0.
 421  0.
 422  0.
 423  0.
 424  0.
 425  0.
 426  0.
 427  0.
 428  0.
 429  0.
 430  0.
 431  0.
 432  0.
 433  0.
 434  0.
 435  0.
 436  0.
 437  0.
 438  0.
 439  0.
 440  0.
 441  0.
 442  0.
 443  0.
 444  0.
 445  0.
 446  0.
 447  0.
 448  0.
 449  0.
 450  0.
 451  0.
 452  0.
 453  0.
 454  0.
 455  0.
 456  0.
 457  0.
 458  0.
 459  0.
 460  0.
 461  0.
 462  0.
 463  0.
 464  0.
 465  0.
 466  0.
 467  0.
 468  0.
 469  0.
 470  0.
 471  0.
 472  0.
 473  0.
 474  0.
 475  0.
 476  0.
 477  0.
 478  0.
 479  0.
 480  0.
 481  0.
 482  0.
 483  0.
 484  0.
 485  0.
 486  0.
 487  0.
 488  0.
 489  0.
 490  0.
 491  0.
 492  0.
 493  0.
 494  0.
 495  0.
 496  0.
 497  0.
 498  0.
 499  0.
 500  0.

 1  0.
 2  0.
 3  0.
 4  0.
 5  0.
 6  0.
 7  0.
 8  0.
 9  0.
 10  0.
 11  0.
 12  0.
 13  0.
 14  0.
 15  0.
 16  0.
 17  0.
 18  0.
 19  0.
 20  0.
 21  0.
 22  0.
 23  0.
 24  0.
 25  0.
 26  0.
 27  0.
 28  0.
 29  0.
 30  0.
 31  0.
 32  0.
 33  0.
 34  0.
 35  0.
 36  0.
 37  0.
 38  0.
 39  0.
 40  0.
 41  0.
 42  0.
 43  0.
 44  0.
 45  0.
 46  0.
 47  0.
 48  0.
 49  0.
 50  0.
 51  0.
 52  0.
 53  0.
 54  0.
 55  0.
 56  0.
 57  0.
 58  0.
 59  0.
 60  0.
 61  0.
 62  0.
 63  0.
 64  0.
 65  0.
 66  0.
 67  0.
 68  0.
 69  0.
 70  0.
 71  0.
 72  0.
 73  0.
 74  0.
 75  0.
 76  0.
 77  0.
 78  0.
 79  0.
 80  0.
 81  0.
 82  0.
 83  0.
 84  0.
 85  0.
 86  0.
 87  0.
 88  0.
 89  0.
 90  0.
 91  0.
 92  0.
 93  0.
 94  0.
 95  0.
 96  0.
 97  0.
 98  0.
 99  0.
 100  0.
 101  0.
 102  0.
 103  0.
 104  0.
 105  0.
 106  0.
 107  0.
 108  0.
 109  0.
 110  0.
 111  0.
 112  0.
 113  0.
 114  0.
 115  0.
 116  0.
 117  0.
 118  0.
 119  0.
 120  0.
 121  0.
 122  0.
 123  0.
 124  0.
 125  0.
 126  0.
 127  0.
 128  0.
 129  0.
 130  0.
 131  0.
 132  0.
 133  0.
 134  0.
 135  0.
 136  0.
 137  0.
 138  0.
 139  0.
 140  0.
 141  0.
 142  0.
 143  0.
 144  0.
 145  0.
 146  0.
 147  0.
 148  0.
 149  0.
 150  0.
 151  0.
 152  0.
 153  0.
 154  0.
 155  0.
 156  0.
 157  0.
 158  0.
 159  0.
 160  0.
 161  0.
 162  0.
 163  0.
 164  0.
 165  0.
 166  0.
 167  0.
 168  0.
 169  0.
 170  0.
 171  0.
 172  0.
 173  0.
 174  0.
 175  0.
 176  0.
 177  0.
 178  0.
 179  0.
 180  0.
 181  0.
 182  0.
 183  0.
 184  0.
 185  0.
 186  0.
 187  0.
 188  0.
 189  0.
 190  0.
 191  0.
 192  0.
 193  0.
 194  0.
 195  0.
 196  0.
 197  0.
 198  0.
 199  0.
 200  0.
 201  0.
 202  0.
 203  0.
 204  0.
 205  0.
 206  0.
 207  0.
 208  0.
 209  0.
 210  0.
 211  0.
 212  0.
 213  0.
 214  0.
 215  0.
 216  0.
 217  0.
 218  0.
 219  0.
 220  0.
 221  0.
 222  0.
 223  0.
 224  0.
 225  0.
 226  0.
 227  0.
 228  0.
 229  0.
 230  0.
 231  0.
 232  0.
 233  0.
 234  0.
 235  0.
 236  0.
 237  0.
 238  0.
 239  0.
 240  0.
 241  0.
 242  0.
 243  0.
 244  0.
 245  0.
 246  0.
 247  0.
 248  0.
 249  0.
 250  0.
 251  0.
 252  0.
 253  0.
 254  0.
 255  0.
 256  0.
 257  0.
 258  0.
 259  0.
 260  0.
 261  0.
 262  0.
 263  0.
 264  0.
 265  0.
 266  0.
 267  0.
 268  0.
 269  0.
 270  0.
 271  0.
 272  0.
 273  0.
 274  0.
 275  0.
 276  0.
 277  0.
 278  0.
 279  0.
 280  0.
 281  0.
 282  0.
 283  0.
 284  0.
 285  0.
 286  0.
 287  0.
 288  0.
 289  0.
 290  0.
 291  0.
 292  0.
 293  0.
 294  0.
 295  0.
 296  0.
 297  0.
 298  0.
 299  0.
 300  0.
 301  0.
 302  0.
 303  0.
 304  0.
 305  0.
 306  0.
 307  0.
 308  0.
 309  0.
 310  0.
 311  0.
 312  0.
 313  0.
 314  0.
 315  0.
 316  0.
 317  0.
 318  0.
 319  0.
 320  0.
 321  0.
 322  0.
 323  0.
 324  0.
 325  0.
 326  0.
 327  0.
 328  0.
 329  0.
 330  0.
 331  0.
 332  0.
 333  0.
 334  0.
 335  0.
 336  0.
 337  0.
 338  0.
 339  0.
 340  0.
 341  0.
 342  0.
 343  0.
 344  0.
 345  0.
 346  0.
 347  0.
 348  0.
 349  0.
 350  0.
 351  0.
 352  0.
 353  0.
 354  0.
 355  0.
 356  0.
 357  0.
 358  0.
 359  0.
 360  0.
 361  0.
 362  0.
 363  0.
 364  0.
 365  0.
 366  0.
 367  0.
 368  0.
 369  0.
 370  0.
 371  0.
 372  0.
 373  0.
 374  0.
 375  0.
 376  0.
 377  0.
 378  0.
 379  0.
 380  0.
 381  0.
 382  0.
 383  0.
 384  0.
 385  0.
 386  0.
 387  0.
 388  0.
 389  0.
 390  0.
 391  0.
 392  0.
 393  0.
 394  0.
 395  0.
 396  0.
 397  0.
 398  0.
 399  0.
 400  0.
 401  0.
 402  0.
 403  0.
 404  0.
 405  0.
 406  0.
 407  0.
 408  0.
 409  0.
 410  0.
 411  0.
 412  0.
 413  0.
 414  0.
 415  0.
 416  0.
 417  0.
 418  0.
 419  0.
 420  0.
 421  0.
 422  0.
 423  0.
 424  0.
 425  0.
 426  0.
 427  0.
 428  0.
 429  0.
 430  0.
 431  0.
 432  0.
 433  0.
 434  0.
 435  0.
 436  0.
 437  0.
 438  0.
 439  0.
 440  0.
 441  0.
 442  0.
 443  0.
 444  0.
 445  0.
 446  0.
 447  0.
 448  0.
 449  0.
 450  0.
 451  0.
 452  0.
 453  0.
 454  0.
 455  0.
 456  0.
 457  0.
 458  0.
 459  0.
 460  0.
 461  0.
 462  0.
 463  0.
 464  0.
 465  0.
 466  0.
 467  0.
 468  0.
 469  0.
 470  0.
 471  0.
 472  0.
 473  0.
 474  0.
 475  0.
 476  0.
 477  0.
 478  0.
 479  0.
 480  0.
 481  0.
 482  0.
 483  0.
 484  0.
 485  0.
 486  0.
 487  0.
 488  0.
 489  0.
 490  0.
 491  0.
 492  0.
 493  0.
 494  0.
 495  0.
 496  0.
 497  0.
 498  0.
 499  0.
 500  0.

 1  0.
 2  0.
 3  0.
 4  0.
 5  0.
 6  0.
 7  0.
 8  0.
 9  0.
 10  0.
 11  0.
 12  0.
 13  0.
 14  0.
 15  0.
 16  0.
 17  0.
 18  0.
 19  0.
 20  0.
 21  0.
 22  0.
 23  0.
 24  0.
 25  0.
 26  0.
 27  0.
 28  0.
 29  0.
 30  0.
 31  0.
 32  0.
 33  0.
 34  0.
 35  0.
 36  0.
 37  0.
 38  0.
 39  0.
 40  0.
 41  0.
 42  0.
 43  0.
 44  0.
 45  0.
 46  0.
 47  0.
 48  0.
 49  0.
 50  0.
 51  0.
 52  0.
 53  0.
 54  0.
 55  0.
 56  0.
 57  0.
 58  0.
 59  0.
 60  0.
 61  0.
 62  0.
 63  0.
 64  0.
 65  0.
 66  0.
 67  0.
 68  0.
 69  0.
 70  0.
 71  0.
 72  0.
 73  0.
 74  0.
 75  0.
 76  0.
 77  0.
 78  0.
 79  0.
 80  0.
 81  0.
 82  0.
 83  0.
 84  0.
 85  0.
 86  0.
 87  0.
 88  0.
 89  0.
 90  0.
 91  0.
 92  0.
 93  0.
 94  0.
 95  0.
 96  0.
 97  0.
 98  0.
 99  0.
 100  0.
 101  0.
 102  0.
 103  0.
 104  0.
 105  0.
 106  0.
 107  0.
 108  0.
 109  0.
 110  0.
 111  0.
 112  0.
 113  0.
 114  0.
 115  0.
 116  0.
 117  0.
 118  0.
 119  0.
 120  0.
 121  0.
 122  0.
 123  0.
 124  0.
 125  0.
 126  0.
 127  0.
 128  0.
 129  0.
 130  0.
 131  0.
 132  0.
 133  0.
 134  0.
 135  0.
 136  0.
 137  0.
 138  0.
 139  0.
 140  0.
 141  0.
 142  0.
 143  0.
 144  0.
 145  0.
 146  0.
 147  0.
 148  0.
 149  0.
 150  0.
 151  0.
 152  0.
 153  0.
 154  0.
 155  0.
 156  0.
 157  0.
 158  0.
 159  0.
 160  0.
 161  0.
 162  0.
 163  0.
 164  0.
 165  0.
 166  0.
 167  0.
 168  0.
 169  0.
 170  0.
 171  0.
 172  0.
 173  0.
 174  0.
 175  0.
 176  0.
 177  0.
 178  0.
 179  0.
 180  0.
 181  0.
 182  0.
 183  0.
 184  0.
 185  0.
 186  0.
 187  0.
 188  0.
 189  0.
 190  0.
 191  0.
 192  0.
 193  0.
 194  0.
 195  0.
 196  0.
 197  0.
 198  0.
 199  0.
 200  0.
 201  0.
 202  0.
 203  0.
 204  0.
 205  0.
 206  0.
 207  0.
 208  0.
 209  0.
 210  0.
 211  0.
 212  0.
 213  0.
 214  0.
 215  0.
 216  0.
 217  0.
 218  0.
 219  0.
 220  0.
 221  0.
 222  0.
 223  0.
 224  0.
 225  0.
 226  0.
 227  0.
 228  0.
 229  0.
 230  0.
 231  0.
 232  0.
 233  0.
 234  0.
 235  0.
 236  0.
 237  0.
 238  0.
 239  0.
 240  0.
 241  0.
 242  0.
 243  0.
 244  0.
 245  0.
 246  0.
 247  0.
 248  0.
 249  0.
 250  0.
 251  0.
 252  0.
 253  0.
 254  0.
 255  0.
 256  0.
 257  0.
 258  0.
 259  0.
 260  0.
 261  0.
 262  0.
 263  0.
 264  0.
 265  0.
 266  0.
 267  0.
 268  0.
 269  0.
 270  0.
 271  0.
 272  0.
 273  0.
 274  0.
 275  0.
 276  0.
 277  0.
 278  0.
 279  0.
 280  0.
 281  0.
 282  0.
 283  0.
 284  0.
 285  0.
 286  0.
 287  0.
 288  0.
 289  0.
 290  0.
 291  0.
 292  0.
 293  0.
 294  0.
 295  0.
 296  0.
 297  0.
 298  0.
 299  0.
 300  0.
 301  0.
 302  0.
 303  0.
 304  0.
 305  0.
 306  0.
 307  0.
 308  0.
 309  0.
 310  0.
 311  0.
 312  0.
 313  0.
 314  0.
 315  0.
 316  0.
 317  0.
 318  0.
 319  0.
 320  0.
 321  0.
 322  0.
 323  0.
 324  0.
 325  0.
 326  0.
 327  0.
 328  0.
 329  0.
 330  0.
 331  0.
 332  0.
 333  0.
 334  0.
 335  0.
 336  0.
 337  0.
 338  0.
 339  0.
 340  0.
 341  0.
 342  0.
 343  0.
 344  0.
 345  0.
 346  0.
 347  0.
 348  0.
 349  0.
 350  0.
 351  0.
 352  0.
 353  0.
 354  0.
 355  0.
 356  0.
 357  0.
 358  0.
 359  0.
 360  0.
 361  0.
 362  0.
 363  0.
 364  0.
 365  0.
 366  0.
 367  0.
 368  0.
 369  0.
 370  0.
 371  0.
 372  0.
 373  0.
 374  0.
 375  0.
 376  0.
 377  0.
 378  0.
 379  0.
 380  0.
 381  0.
 382  0.
 383  0.
 384  0.
 385  0.
 386  0.
 387  0.
 388  0.
 389  0.
 390  0.
 391  0.
 392  0.
 393  0.
 394  0.
 395  0.
 396  0.
 397  0.
 398  0.
 399  0.
 400  0.
 401  0.
 402  0.
 403  0.
 404  0.
 405  0.
 406  0.
 407  0.
 408  0.
 409  0.
 410  0.
 411  0.
 412  0.
 413  0.
 414  0.
 415  0.
 416  0.
 417  0.
 418  0.
 419  0.
 420  0.
 421  0.
 422  0.
 423  0.
 424  0.
 425  0.
 426  0.
 427  0.
 428  0.
 429  0.
 430  0.
 431  0.
 432  0.
 433  0.
 434  0.
 435  0.
 436  0.
 437  0.
 438  0.
 439  0.
 440  0.
 441  0.
 442  0.
 443  0.
 444  0.
 445  0.
 446  0.
 447  0.
 448  0.
 449  0.
 450  0.
 451  0.
 452  0.
 453  0.
 454  0.
 455  0.
 456  0.
 457  0.
 458  0.
 459  0.
 460  0.
 461  0.
 462  0.
 463  0.
 464  0.
 465  0.
 466  0.
 467  0.
 468  0.
 469  0.
 470  0.
 471  0.
 472  0.
 473  0.
 474  0.
 475  0.
 476  0.
 477  0.
 478  0.
 479  0.
 480  0.
 481  0.
 482  0.
 483  0.
 484  0.
 485  0.
 486  0.
 487  0.
 488  0.
 489  0.
 490  0.
 491  0.
 492  0.
 493  0.
 494  0.
 495  0.
 496  0.
 497  0.
 498  0.
 499  0.
 500  0.

 1  0.
 2  0.
 3  0.
 4  0.
 5  0.
 6  0.
 7  0.
 8  0.
 9  0.
 10  0.
 11  0.
 12  0.
 13  0.
 14  0.
 15  0.
 16  0.
 17  0.
 18  0.
 19  0.
 20  0.
 21  0.
 22  0.
 23  0.
 24  0.
 25  0.
 26  0.
 27  0.
 28  0.
 29  0.
 30  0.
 31  0.
 32  0.
 33  0.
 34  0.
 35  0.
 36  0.
 37  0.
 38  0.
 39  0.
 40  0.
 41  0.
 42  0.
 43  0.
 44  0.
 45  0.
 46  0.
 47  0.
 48  0.
 49  0.
 50  0.
 51  0.
 52  0.
 53  0.
 54  0.
 55  0.
 56  0.
 57  0.
 58  0.
 59  0.
 60  0.
 61  0.
 62  0.
 63  0.
 64  0.
 65  0.
 66  0.
 67  0.
 68  0.
 69  0.
 70  0.
 71  0.
 72  0.
 73  0.
 74  0.
 75  0.
 76  0.
 77  0.
 78  0.
 79  0.
 80  0.
 81  0.
 82  0.
 83  0.
 84  0.
 85  0.
 86  0.
 87  0.
 88  0.
 89  0.
 90  0.
 91  0.
 92  0.
 93  0.
 94  0.
 95  0.
 96  0.
 97  0.
 98  0.
 99  0.
 100  0.
 101  0.
 102  0.
 103  0.
 104  0.
 105  0.
 106  0.
 107  0.
 108  0.
 109  0.
 110  0.
 111  0.
 112  0.
 113  0.
 114  0.
 115  0.
 116  0.
 117  0.
 118  0.
 119  0.
 120  0.
 121  0.
 122  0.
 123  0.
 124  0.
 125  0.
 126  0.
 127  0.
 128  0.
 129  0.
 130  0.
 131  0.
 132  0.
 133  0.
 134  0.
 135  0.
 136  0.
 137  0.
 138  0.
 139  0.
 140  0.
 141  0.
 142  0.
 143  0.
 144  0.
 145  0.
 146  0.
 147  0.
 148  0.
 149  0.
 150  0.
 151  0.
 152  0.
 153  0.
 154  0.
 155  0.
 156  0.
 157  0.
 158  0.
 159  0.
 160  0.
 161  0.
 162  0.
 163  0.
 164  0.
 165  0.
 166  0.
 167  0.
 168  0.
 169  0.
 170  0.
 171  0.
 172  0.
 173  0.
 174  0.
 175  0.
 176  0.
 177  0.
 178  0.
 179  0.
 180  0.
 181  0.
 182  0.
 183  0.
 184  0.
 185  0.
 186  0.
 187  0.
 188  0.
 189  0.
 190  0.
 191  0.
 192  0.
 193  0.
 194  0.
 195  0.
 196  0.
 197  0.
 198  0.
 199  0.
 200  0.
 201  0.
 202  0.
 203  0.
 204  0.
 205  0.
 206  0.
 207  0.
 208  0.
 209  0.
 210  0.
 211  0.
 212  0.
 213  0.
 214  0.
 215  0.
 216  0.
 217  0.
 218  0.
 219  0.
 220  0.
 221  0.
 222  0.
 223  0.
 224  0.
 225  0.
 226  0.
 227  0.
 228  0.
 229  0.
 230  0.
 231  0.
 232  0.
 233  0.
 234  0.
 235  0.
 236  0.
 237  0.
 238  0.
 239  0.
 240  0.
 241  0.
 242  0.
 243  0.
 244  0.
 245  0.
 246  0.
 247  0.
 248  0.
 249  0.
 250  0.
 251  0.
 252  0.
 253  0.
 254  0.
 255  0.
 256  0.
 257  0.
 258  0.
 259  0.
 260  0.
 261  0.
 262  0.
 263  0.
 264  0.
 265  0.
 266  0.
 267  0.
 268  0.
 269  0.
 270  0.
 271  0.
 272  0.
 273  0.
 274  0.
 275  0.
 276  0.
 277  0.
 278  0.
 279  0.
 280  0.
 281  0.
 282  0.
 283  0.
 284  0.
 285  0.
 286  0.
 287  0.
 288  0.
 289  0.
 290  0.
 291  0.
 292  0.
 293  0.
 294  0.
 295  0.
 296  0.
 297  0.
 298  0.
 299  0.
 300  0.
 301  0.
 302  0.
 303  0.
 304  0.
 305  0.
 306  0.
 307  0.
 308  0.
 309  0.
 310  0.
 311  0.
 312  0.
 313  0.
 314  0.
 315  0.
 316  0.
 317  0.
 318  0.
 319  0.
 320  0.
 321  0.
 322  0.
 323  0.
 324  0.
 325  0.
 326  0.
 327  0.
 328  0.
 329  0.
 330  0.
 331  0.
 332  0.
 333  0.
 334  0.
 335  0.
 336  0.
 337  0.
 338  0.
 339  0.
 340  0.
 341  0.
 342  0.
 343  0.
 344  0.
 345  0.
 346  0.
 347  0.
 348  0.
 349  0.
 350  0.
 351  0.
 352  0.
 353  0.
 354  0.
 355  0.
 356  0.
 357  0.
 358  0.
 359  0.
 360  0.
 361  0.
 362  0.
 363  0.
 364  0.
 365  0.
 366  0.
 367  0.
 368  0.
 369  0.
 370  0.
 371  0.
 372  0.
 373  0.
 374  0.
 375  0.
 376  0.
 377  0.
 378  0.
 379  0.
 380  0.
 381  0.
 382  0.
 383  0.
 384  0.
 385  0.
 386  0.
 387  0.
 388  0.
 389  0.
 390  0.
 391  0.
 392  0.
 393  0.
 394  0.
 395  0.
 396  0.
 397  0.
 398  0.
 399  0.
 400  0.
 401  0.
 402  0.
 403  0.
 404  0.
 405  0.
 406  0.
 407  0.
 408  0.
 409  0.
 410  0.
 411  0.
 412  0.
 413  0.
 414  0.
 415  0.
 416  0.
 417  0.
 418  0.
 419  0.
 420  0.
 421  0.
 422  0.
 423  0.
 424  0.
 425  0.
 426  0.
 427  0.
 428  0.
 429  0.
 430  0.
 431  0.
 432  0.
 433  0.
 434  0.
 435  0.
 436  0.
 437  0.
 438  0.
 439  0.
 440  0.
 441  0.
 442  0.
 443  0.
 444  0.
 445  0.
 446  0.
 447  0.
 448  0.
 449  0.
 450  0.
 451  0.
 452  0.
 453  0.
 454  0.
 455  0.
 456  0.
 457  0.
 458  0.
 459  0.
 460  0.
 461  0.
 462  0.
 463  0.
 464  0.
 465  0.
 466  0.
 467  0.
 468  0.
 469  0.
 470  0.
 471  0.
 472  0.
 473  0.
 474  0.
 475  0.
 476  0.
 477  0.
 478  0.
 479  0.
 480  0.
 481  0.
 482  0.
 483  0.
 484  0.
 485  0.
 486  0.
 487  0.
 488  0.
 489  0.
 490  0.
 491  0.
 492  0.
 493  0.
 494  0.
 495  0.
 496  0.
 497  0.
 498  0.
 499  0.
 500  0.

 1  0.
 2  0.
 3  0.
 4  0.
 5  0.
 6  0.
 7  0.
 8  0.
 9  0.
 10  0.
 11  0.
 12  0.
 13  0.
 14  0.
 15  0.
 16  0.
 17  0.
 18  0.
 19  0.
 20  0.
 21  0.
 22  0.
 23  0.
 24  0.
 25  0.
 26  0.
 27  0.
 28  0.
 29  0.
 30  0.
 31  0.
 32  0.
 33  0.
 34  0.
 35  0.
 36  0.
 37  0.
 38  0.
 39  0.
 40  0.
 41  0.
 42  0.
 43  0.
 44  0.
 45  0.
 46  0.
 47  0.
 48  0.
 49  0.
 50  0.
 51  0.
 52  0.
 53  0.
 54  0.
 55  0.
 56  0.
 57  0.
 58  0.
 59  0.
 60  0.
 61  0.
 62  0.
 63  0.
 64  0.
 65  0.
 66  0.
 67  0.
 68  0.
 69  0.
 70  0.
 71  0.
 72  0.
 73  0.
 74  0.
 75  0.
 76  0.
 77  0.
 78  0.
 79  0.
 80  0.
 81  0.
 82  0.
 83  0.
 84  0.
 85  0.
 86  0.
 87  0.
 88  0.
 89  0.
 90  0.
 91  0.
 92  0.
 93  0.
 94  0.
 95  0.
 96  0.
 97  0.
 98  0.
 99  0.
 100  0.
 101  0.
 102  0.
 103  0.
 104  0.
 105  0.
 106  0.
 107  0.
 108  0.
 109  0.
 110  0.
 111  0.
 112  0.
 113  0.
 114  0.
 115  0.
 116  0.
 117  0.
 118  0.
 119  0.
 120  0.
 121  0.
 122  0.
 123  0.
 124  0.
 125  0.
 126  0.
 127  0.
 128  0.
 129  0.
 130  0.
 131  0.
 132  0.
 133  0.
 134  0.
 135  0.
 136  0.
 137  0.
 138  0.
 139  0.
 140  0.
 141  0.
 142  0.
 143  0.
 144  0.
 145  0.
 146  0.
 147  0.
 148  0.
 149  0.
 150  0.
 151  0.
 152  0.
 153  0.
 154  0.
 155  0.
 156  0.
 157  0.
 158  0.
 159  0.
 160  0.
 161  0.
 162  0.
 163  0.
 164  0.
 165  0.
 166  0.
 167  0.
 168  0.
 169  0.
 170  0.
 171  0.
 172  0.
 173  0.
 174  0.
 175  0.
 176  0.
 177  0.
 178  0.
 179  0.
 180  0.
 181  0.
 182  0.
 183  0.
 184  0.
 185  0.
 186  0.
 187  0.
 188  0.
 189  0.
 190  0.
 191  0.
 192  0.
 193  0.
 194  0.
 195  0.
 196  0.
 197  0.
 198  0.
 199  0.
 200  0.
 201  0.
 202  0.
 203  0.
 204  0.
 205  0.
 206  0.
 207  0.
 208  0.
 209  0.
 210  0.
 211  0.
 212  0.
 213  0.
 214  0.
 215  0.
 216  0.
 217  0.
 218  0.
 219  0.
 220  0.
 221  0.
 222  0.
 223  0.
 224  0.
 225  0.
 226  0.
 227  0.
 228  0.
 229  0.
 230  0.
 231  0.
 232  0.
 233  0.
 234  0.
 235  0.
 236  0.
 237  0.
 238  0.
 239  0.
 240  0.
 241  0.
 242  0.
 243  0.
 244  0.
 245  0.
 246  0.
 247  0.
 248  0.
 249  0.
 250  0.
 251  0.
 252  0.
 253  0.
 254  0.
 255  0.
 256  0.
 257  0.
 258  0.
 259  0.
 260  0.
 261  0.
 262  0.
 263  0.
 264  0.
 265  0.
 266  0.
 267  0.
 268  0.
 269  0.
 270  0.
 271  0.
 272  0.
 273  0.
 274  0.
 275  0.
 276  0.
 277  0.
 278  0.
 279  0.
 280  0.
 281  0.
 282  0.
 283  0.
 284  0.
 285  0.
 286  0.
 287  0.
 288  0.
 289  0.
 290  0.
 291  0.
 292  0.
 293  0.
 294  0.
 295  0.
 296  0.
 297  0.
 298  0.
 299  0.
 300  0.
 301  0.
 302  0.
 303  0.
 304  0.
 305  0.
 306  0.
 307  0.
 308  0.
 309  0.
 310  0.
 311  0.
 312  0.
 313  0.
 314  0.
 315  0.
 316  0.
 317  0.
 318  0.
 319  0.
 320  0.
 321  0.
 322  0.
 323  0.
 324  0.
 325  0.
 326  0.
 327  0.
 328  0.
 329  0.
 330  0.
 331  0.
 332  0.
 333  0.
 334  0.
 335  0.
 336  0.
 337  0.
 338  0.
 339  0.
 340  0.
 341  0.
 342  0.
 343  0.
 344  0.
 345  0.
 346  0.
 347  0.
 348  0.
 349  0.
 350  0.
 351  0.
 352  0.
 353  0.
 354  0.
 355  0.
 356  0.
 357  0.
 358  0.
 359  0.
 360  0.
 361  0.
 362  0.
 363  0.
 364  0.
 365  0.
 366  0.
 367  0.
 368  0.
 369  0.
 370  0.
 371  0.
 372  0.
 373  0.
 374  0.
 375  0.
 376  0.
 377  0.
 378  0.
 379  0.
 380  0.
 381  0.
 382  0.
 383  0.
 384  0.
 385  0.
 386  0.
 387  0.
 388  0.
 389  0.
 390  0.
 391  0.
 392  0.
 393  0.
 394  0.
 395  0.
 396  0.
 397  0.
 398  0.
 399  0.
 400  0.
 401  0.
 402  0.
 403  0.
 404  0.
 405  0.
 406  0.
 407  0.
 408  0.
 409  0.
 410  0.
 411  0.
 412  0.
 413  0.
 414  0.
 415  0.
 416  0.
 417  0.
 418  0.
 419  0.
 420  0.
 421  0.
 422  0.
 423  0.
 424  0.
 425  0.
 426  0.
 427  0.
 428  0.
 429  0.
 430  0.
 431  0.
 432  0.
 433  0.
 434  0.
 435  0.
 436  0.
 437  0.
 438  0.
 439  0.
 440  0.
 441  0.
 442  0.
 443  0.
 444  0.
 445  0.
 446  0.
 447  0.
 448  0.
 449  0.
 450  0.
 451  0.
 452  0.
 453  0.
 454  0.
 455  0.
 456  0.
 457  0.
 458  0.
 459  0.
 460  0.
 461  0.
 462  0.
 463  0.
 464  0.
 465  0.
 466  0.
 467  0.
 468  0.
 469  0.
 470  0.
 471  0.
 472  0.
 473  0.
 474  0.
 475  0.
 476  0.
 477  0.
 478  0.
 479  0.
 480  0.
 481  0.
 482  0.
 483  0.
 484  0.
 485  0.
 486  0.
 487  0.
 488  0.
 489  0.
 490  0.
 491  0.
 492  0.
 493  0.
 494  0.
 495  0.
 496  0.
 497  0.
 498  0.
 499  0.
 500  0.

 1  0.
 2  0.
 3  0.
 4  0.
 5  0.
 6  0.
 7  0.
 8  0.
 9  0.
 10  0.
 11  0.
 12  0.
 13  0.
 14  0.
 15  0.
 16  0.
 17  0.
 18  0.
 19  0.
 20  0.
 21  0.
 22  0.
 23  0.
 24  0.
 25  0.
 26  0.
 27  0.
 28  0.
 29  0.
 30  0.
 31  0.
 32  0.
 33  0.
 34  0.
 35  0.
 36  0.
 37  0.
 38  0.
 39  0.
 40  0.
 41  0.
 42  0.
 43  0.
 44  0.
 45  0.
 46  0.
 47  0.
 48  0.
 49  0.
 50  0.
 51  0.
 52  0.
 53  0.
 54  0.
 55  0.
 56  0.
 57  0.
 58  0.
 59  0.
 60  0.
 61  0.
 62  0.
 63  0.
 64  0.
 65  0.
 66  0.
 67  0.
 68  0.
 69  0.
 70  0.
 71  0.
 72  0.
 73  0.
 74  0.
 75  0.
 76  0.
 77  0.
 78  0.
 79  0.
 80  0.
 81  0.
 82  0.
 83  0.
 84  0.
 85  0.
 86  0.
 87  0.
 88  0.
 89  0.
 90  0.
 91  0.
 92  0.
 93  0.
 94  0.
 95  0.
 96  0.
 97  0.
 98  0.
 99  0.
 100  0.
 101  0.
 102  0.
 103  0.
 104  0.
 105  0.
 106  0.
 107  0.
 108  0.
 109  0.
 110  0.
 111  0.
 112  0.
 113  0.
 114  0.
 115  0.
 116  0.
 117  0.
 118  0.
 119  0.
 120  0.
 121  0.
 122  0.
 123  0.
 124  0.
 125  0.
 126  0.
 127  0.
 128  0.
 129  0.
 130  0.
 131  0.
 132  0.
 133  0.
 134  0.
 135  0.
 136  0.
 137  0.
 138  0.
 139  0.
 140  0.
 141  0.
 142  0.
 143  0.
 144  0.
 145  0.
 146  0.
 147  0.
 148  0.
 149  0.
 150  0.
 151  0.
 152  0.
 153  0.
 154  0.
 155  0.
 156  0.
 157  0.
 158  0.
 159  0.
 160  0.
 161  0.
 162  0.
 163  0.
 164  0.
 165  0.
 166  0.
 167  0.
 168  0.
 169  0.
 170  0.
 171  0.
 172  0.
 173  0.
 174  0.
 175  0.
 176  0.
 177  0.
 178  0.
 179  0.
 180  0.
 181  0.
 182  0.
 183  0.
 184  0.
 185  0.
 186  0.
 187  0.
 188  0.
 189  0.
 190  0.
 191  0.
 192  0.
 193  0.
 194  0.
 195  0.
 196  0.
 197  0.
 198  0.
 199  0.
 200  0.
 201  0.
 202  0.
 203  0.
 204  0.
 205  0.
 206  0.
 207  0.
 208  0.
 209  0.
 210  0.
 211  0.
 212  0.
 213  0.
 214  0.
 215  0.
 216  0.
 217  0.
 218  0.
 219  0.
 220  0.
 221  0.
 222  0.
 223  0.
 224  0.
 225  0.
 226  0.
 227  0.
 228  0.
 229  0.
 230  0.
 231  0.
 232  0.
 233  0.
 234  0.
 235  0.
 236  0.
 237  0.
 238  0.
 239  0.
 240  0.
 241  0.
 242  0.
 243  0.
 244  0.
 245  0.
 246  0.
 247  0.
 248  0.
 249  0.
 250  0.
 251  0.
 252  0.
 253  0.
 254  0.
 255  0.
 256  0.
 257  0.
 258  0.
 259  0.
 260  0.
 261  0.
 262  0.
 263  0.
 264  0.
 265  0.
 266  0.
 267  0.
 268  0.
 269  0.
 270  0.
 271  0.
 272  0.
 273  0.
 274  0.
 275  0.
 276  0.
 277  0.
 278  0.
 279  0.
 280  0.
 281  0.
 282  0.
 283  0.
 284  0.
 285  0.
 286  0.
 287  0.
 288  0.
 289  0.
 290  0.
 291  0.
 292  0.
 293  0.
 294  0.
 295  0.
 296  0.
 297  0.
 298  0.
 299  0.
 300  0.
 301  0.
 302  0.
 303  0.
 304  0.
 305  0.
 306  0.
 307  0.
 308  0.
 309  0.
 310  0.
 311  0.
 312  0.
 313  0.
 314  0.
 315  0.
 316  0.
 317  0.
 318  0.
 319  0.
 320  0.
 321  0.
 322  0.
 323  0.
 324  0.
 325  0.
 326  0.
 327  0.
 328  0.
 329  0.
 330  0.
 331  0.
 332  0.
 333  0.
 334  0.
 335  0.
 336  0.
 337  0.
 338  0.
 339  0.
 340  0.
 341  0.
 342  0.
 343  0.
 344  0.
 345  0.
 346  0.
 347  0.
 348  0.
 349  0.
 350  0.
 351  0.
 352  0.
 353  0.
 354  0.
 355  0.
 356  0.
 357  0.
 358  0.
 359  0.
 360  0.
 361  0.
 362  0.
 363  0.
 364  0.
 365  0.
 366  0.
 367  0.
 368  0.
 369  0.
 370  0.
 371  0.
 372  0.
 373  0.
 374  0.
 375  0.
 376  0.
 377  0.
 378  0.
 379  0.
 380  0.
 381  0.
 382  0.
 383  0.
 384  0.
 385  0.
 386  0.
 387  0.
 388  0.
 389  0.
 390  0.
 391  0.
 392  0.
 393  0.
 394  0.
 395  0.
 396  0.
 397  0.
 398  0.
 399  0.
 400  0.
 401  0.
 402  0.
 403  0.
 404  0.
 405  0.
 406  0.
 407  0.
 408  0.
 409  0.
 410  0.
 411  0.
 412  0.
 413  0.
 414  0.
 415  0.
 416  0.
 417  0.
 418  0.
 419  0.
 420  0.
 421  0.
 422  0.
 423  0.
 424  0.
 425  0.
 426  0.
 427  0.
 428  0.
 429  0.
 430  0.
 431  0.
 432  0.
 433  0.
 434  0.
 435  0.
 436  0.
 437  0.
 438  0.
 439  0.
 440  0.
 441  0.
 442  0.
 443  0.
 444  0.
 445  0.
 446  0.
 447  0.
 448  0.
 449  0.
 450  0.
 451  0.
 452  0.
 453  0.
 454  0.
 455  0.
 456  0.
 457  0.
 458  0.
 459  0.
 460  0.
 461  0.
 462  0.
 463  0.
 464  0.
 465  0.
 466  0.
 467  0.
 468  0.
 469  0.
 470  0.
 471  0.
 472  0.
 473  0.
 474  0.
 475  0.
 476  0.
 477  0.
 478  0.
 479  0.
 480  0.
 481  0.
 482  0.
 483  0.
 484  0.
 485  0.
 486  0.
 487  0.
 488  0.
 489  0.
 490  0.
 491  0.
 492  0.
 493  0.
 494  0.
 495  0.
 496  0.
 497  0.
 498  0.
 499  0.
 500  0.

 1  0.
 2  0.
 3  0.
 4  0.
 5  0.
 6  0.
 7  0.
 8  0.
 9  0.
 10  0.
 11  0.
 12  0.
 13  0.
 14  0.
 15  0.
 16  0.
 17  0.
 18  0.
 19  0.
 20  0.
 21  0.
 22  0.
 23  0.
 24  0.
 25  0.
 26  0.
 27  0.
 28  0.
 29  0.
 30  0.
 31  0.
 32  0.
 33  0.
 34  0.
 35  0.
 36  0.
 37  0.
 38  0.
 39  0.
 40  0.
 41  0.
 42  0.
 43  0.
 44  0.
 45  0.
 46  0.
 47  0.
 48  0.
 49  0.
 50  0.
 51  0.
 52  0.
 53  0.
 54  0.
 55  0.
 56  0.
 57  0.
 58  0.
 59  0.
 60  0.
 61  0.
 62  0.
 63  0.
 64  0.
 65  0.
 66  0.
 67  0.
 68  0.
 69  0.
 70  0.
 71  0.
 72  0.
 73  0.
 74  0.
 75  0.
 76  0.
 77  0.
 78  0.
 79  0.
 80  0.
 81  0.
 82  0.
 83  0.
 84  0.
 85  0.
 86  0.
 87  0.
 88  0.
 89  0.
 90  0.
 91  0.
 92  0.
 93  0.
 94  0.
 95  0.
 96  0.
 97  0.
 98  0.
 99  0.
 100  0.
 101  0.
 102  0.
 103  0.
 104  0.
 105  0.
 106  0.
 107  0.
 108  0.
 109  0.
 110  0.
 111  0.
 112  0.
 113  0.
 114  0.
 115  0.
 116  0.
 117  0.
 118  0.
 119  0.
 120  0.
 121  0.
 122  0.
 123  0.
 124  0.
 125  0.
 126  0.
 127  0.
 128  0.
 129  0.
 130  0.
 131  0.
 132  0.
 133  0.
 134  0.
 135  0.
 136  0.
 137  0.
 138  0.
 139  0.
 140  0.
 141  0.
 142  0.
 143  0.
 144  0.
 145  0.
 146  0.
 147  0.
 148  0.
 149  0.
 150  0.
 151  0.
 152  0.
 153  0.
 154  0.
 155  0.
 156  0.
 157  0.
 158  0.
 159  0.
 160  0.
 161  0.
 162  0.
 163  0.
 164  0.
 165  0.
 166  0.
 167  0.
 168  0.
 169  0.
 170  0.
 171  0.
 172  0.
 173  0.
 174  0.
 175  0.
 176  0.
 177  0.
 178  0.
 179  0.
 180  0.
 181  0.
 182  0.
 183  0.
 184  0.
 185  0.
 186  0.
 187  0.
 188  0.
 189  0.
 190  0.
 191  0.
 192  0.
 193  0.
 194  0.
 195  0.
 196  0.
 197  0.
 198  0.
 199  0.
 200  0.
 201  0.
 202  0.
 203  0.
 204  0.
 205  0.
 206  0.
 207  0.
 208  0.
 209  0.
 210  0.
 211  0.
 212  0.
 213  0.
 214  0.
 215  0.
 216  0.
 217  0.
 218  0.
 219  0.
 220  0.
 221  0.
 222  0.
 223  0.
 224  0.
 225  0.
 226  0.
 227  0.
 228  0.
 229  0.
 230  0.
 231  0.
 232  0.
 233  0.
 234  0.
 235  0.
 236  0.
 237  0.
 238  0.
 239  0.
 240  0.
 241  0.
 242  0.
 243  0.
 244  0.
 245  0.
 246  0.
 247  0.
 248  0.
 249  0.
 250  0.
 251  0.
 252  0.
 253  0.
 254  0.
 255  0.
 256  0.
 257  0.
 258  0.
 259  0.
 260  0.
 261  0.
 262  0.
 263  0.
 264  0.
 265  0.
 266  0.
 267  0.
 268  0.
 269  0.
 270  0.
 271  0.
 272  0.
 273  0.
 274  0.
 275  0.
 276  0.
 277  0.
 278  0.
 279  0.
 280  0.
 281  0.
 282  0.
 283  0.
 284  0.
 285  0.
 286  0.
 287  0.
 288  0.
 289  0.
 290  0.
 291  0.
 292  0.
 293  0.
 294  0.
 295  0.
 296  0.
 297  0.
 298  0.
 299  0.
 300  0.
 301  0.
 302  0.
 303  0.
 304  0.
 305  0.
 306  0.
 307  0.
 308  0.
 309  0.
 310  0.
 311  0.
 312  0.
 313  0.
 314  0.
 315  0.
 316  0.
 317  0.
 318  0.
 319  0.
 320  0.
 321  0.
 322  0.
 323  0.
 324  0.
 325  0.
 326  0.
 327  0.
 328  0.
 329  0.
 330  0.
 331  0.
 332  0.
 333  0.
 334  0.
 335  0.
 336  0.
 337  0.
 338  0.
 339  0.
 340  0.
 341  0.
 342  0.
 343  0.
 344  0.
 345  0.
 346  0.
 347  0.
 348  0.
 349  0.
 350  0.
 351  0.
 352  0.
 353  0.
 354  0.
 355  0.
 356  0.
 357  0.
 358  0.
 359  0.
 360  0.
 361  0.
 362  0.
 363  0.
 364  0.
 365  0.
 366  0.
 367  0.
 368  0.
 369  0.
 370  0.
 371  0.
 372  0.
 373  0.
 374  0.
 375  0.
 376  0.
 377  0.
 378  0.
 379  0.
 380  0.
 381  0.
 382  0.
 383  0.
 384  0.
 385  0.
 386  0.
 387  0.
 388  0.
 389  0.
 390  0.
 391  0.
 392  0.
 393  0.
 394  0.
 395  0.
 396  0.
 397  0.
 398  0.
 399  0.
 400  0.
 401  0.
 402  0.
 403  0.
 404  0.
 405  0.
 406  0.
 407  0.
 408  0.
 409  0.
 410  0.
 411  0.
 412  0.
 413  0.
 414  0.
 415  0.
 416  0.
 417  0.
 418  0.
 419  0.
 420  0.
 421  0.
 422  0.
 423  0.
 424  0.
 425  0.
 426  0.
 427  0.
 428  0.
 429  0.
 430  0.
 431  0.
 432  0.
 433  0.
 434  0.
 435  0.
 436  0.
 437  0.
 438  0.
 439  0.
 440  0.
 441  0.
 442  0.
 443  0.
 444  0.
 445  0.
 446  0.
 447  0.
 448  0.
 449  0.
 450  0.
 451  0.
 452  0.
 453  0.
 454  0.
 455  0.
 456  0.
 457  0.
 458  0.
 459  0.
 460  0.
 461  0.
 462  0.
 463  0.
 464  0.
 465  0.
 466  0.
 467  0.
 468  0.
 469  0.
 470  0.
 471  0.
 472  0.
 473  0.
 474  0.
 475  0.
 476  0.
 477  0.
 478  0.
 479  0.
 480  0.
 481  0.
 482  0.
 483  0.
 484  0.
 485  0.
 486  0.
 487  0.
 488  0.
 489  0.
 490  0.
 491  0.
 492  0.
 493  0.
 494  0.
 495  0.
 496  0.
 497  0.
 498  0.
 499  0.
 500  0.

 1  0.
 2  0.
 3  0.
 4  0.
 5  0.
 6  0.
 7  0.
 8  0.
 9  0.
 10  0.
 11  0.
 12  0.
 13  0.
 14  0.
 15  0.
 16  0.
 17  0.
 18  0.
 19  0.
 20  0.
 21  0.
 22  0.
 23  0.
 24  0.
 25  0.
 26  0.
 27  0.
 28  0.
 29  0.
 30  0.
 31  0.
 32  0.
 33  0.
 34  0.
 35  0.
 36  0.
 37  0.
 38  0.
 39  0.
 40  0.
 41  0.
 42  0.
 43  0.
 44  0.
 45  0.
 46  0.
 47  0.
 48  0.
 49  0.
 50  0.
 51  0.
 52  0.
 53  0.
 54  0.
 55  0.
 56  0.
 57  0.
 58  0.
 59  0.
 60  0.
 61  0.
 62  0.
 63  0.
 64  0.
 65  0.
 66  0.
 67  0.
 68  0.
 69  0.
 70  0.
 71  0.
 72  0.
 73  0.
 74  0.
 75  0.
 76  0.
 77  0.
 78  0.
 79  0.
 80  0.
 81  0.
 82  0.
 83  0.
 84  0.
 85  0.
 86  0.
 87  0.
 88  0.
 89  0.
 90  0.
 91  0.
 92  0.
 93  0.
 94  0.
 95  0.
 96  0.
 97  0.
 98  0.
 99  0.
 100  0.
 101  0.
 102  0.
 103  0.
 104  0.
 105  0.
 106  0.
 107  0.
 108  0.
 109  0.
 110  0.
 111  0.
 112  0.
 113  0.
 114  0.
 115  0.
 116  0.
 117  0.
 118  0.
 119  0.
 120  0.
 121  0.
 122  0.
 123  0.
 124  0.
 125  0.
 126  0.
 127  0.
 128  0.
 129  0.
 130  0.
 131  0.
 132  0.
 133  0.
 134  0.
 135  0.
 136  0.
 137  0.
 138  0.
 139  0.
 140  0.
 141  0.
 142  0.
 143  0.
 144  0.
 145  0.
 146  0.
 147  0.
 148  0.
 149  0.
 150  0.
 151  0.
 152  0.
 153  0.
 154  0.
 155  0.
 156  0.
 157  0.
 158  0.
 159  0.
 160  0.
 161  0.
 162  0.
 163  0.
 164  0.
 165  0.
 166  0.
 167  0.
 168  0.
 169  0.
 170  0.
 171  0.
 172  0.
 173  0.
 174  0.
 175  0.
 176  0.
 177  0.
 178  0.
 179  0.
 180  0.
 181  0.
 182  0.
 183  0.
 184  0.
 185  0.
 186  0.
 187  0.
 188  0.
 189  0.
 190  0.
 191  0.
 192  0.
 193  0.
 194  0.
 195  0.
 196  0.
 197  0.
 198  0.
 199  0.
 200  0.
 201  0.
 202  0.
 203  0.
 204  0.
 205  0.
 206  0.
 207  0.
 208  0.
 209  0.
 210  0.
 211  0.
 212  0.
 213  0.
 214  0.
 215  0.
 216  0.
 217  0.
 218  0.
 219  0.
 220  0.
 221  0.
 222  0.
 223  0.
 224  0.
 225  0.
 226  0.
 227  0.
 228  0.
 229  0.
 230  0.
 231  0.
 232  0.
 233  0.
 234  0.
 235  0.
 236  0.
 237  0.
 238  0.
 239  0.
 240  0.
 241  0.
 242  0.
 243  0.
 244  0.
 245  0.
 246  0.
 247  0.
 248  0.
 249  0.
 250  0.
 251  0.
 252  0.
 253  0.
 254  0.
 255  0.
 256  0.
 257  0.
 258  0.
 259  0.
 260  0.
 261  0.
 262  0.
 263  0.
 264  0.
 265  0.
 266  0.
 267  0.
 268  0.
 269  0.
 270  0.
 271  0.
 272  0.
 273  0.
 274  0.
 275  0.
 276  0.
 277  0.
 278  0.
 279  0.
 280  0.
 281  0.
 282  0.
 283  0.
 284  0.
 285  0.
 286  0.
 287  0.
 288  0.
 289  0.
 290  0.
 291  0.
 292  0.
 293  0.
 294  0.
 295  0.
 296  0.
 297  0.
 298  0.
 299  0.
 300  0.
 301  0.
 302  0.
 303  0.
 304  0.
 305  0.
 306  0.
 307  0.
 308  0.
 309  0.
 310  0.
 311  0.
 312  0.
 313  0.
 314  0.
 315  0.
 316  0.
 317  0.
 318  0.
 319  0.
 320  0.
 321  0.
 322  0.
 323  0.
 324  0.
 325  0.
 326  0.
 327  0.
 328  0.
 329  0.
 330  0.
 331  0.
 332  0.
 333  0.
 334  0.
 335  0.
 336  0.
 337  0.
 338  0.
 339  0.
 340  0.
 341  0.
 342  0.
 343  0.
 344  0.
 345  0.
 346  0.
 347  0.
 348  0.
 349  0.
 350  0.
 351  0.
 352  0.
 353  0.
 354  0.
 355  0.
 356  0.
 357  0.
 358  0.
 359  0.
 360  0.
 361  0.
 362  0.
 363  0.
 364  0.
 365  0.
 366  0.
 367  0.
 368  0.
 369  0.
 370  0.
 371  0.
 372  0.
 373  0.
 374  0.
 375  0.
 376  0.
 377  0.
 378  0.
 379  0.
 380  0.
 381  0.
 382  0.
 383  0.
 384  0.
 385  0.
 386  0.
 387  0.
 388  0.
 389  0.
 390  0.
 391  0.
 392  0.
 393  0.
 394  0.
 395  0.
 396  0.
 397  0.
 398  0.
 399  0.
 400  0.
 401  0.
 402  0.
 403  0.
 404  0.
 405  0.
 406  0.
 407  0.
 408  0.
 409  0.
 410  0.
 411  0.
 412  0.
 413  0.
 414  0.
 415  0.
 416  0.
 417  0.
 418  0.
 419  0.
 420  0.
 421  0.
 422  0.
 423  0.
 424  0.
 425  0.
 426  0.
 427  0.
 428  0.
 429  0.
 430  0.
 431  0.
 432  0.
 433  0.
 434  0.
 435  0.
 436  0.
 437  0.
 438  0.
 439  0.
 440  0.
 441  0.
 442  0.
 443  0.
 444  0.
 445  0.
 446  0.
 447  0.
 448  0.
 449  0.
 450  0.
 451  0.
 452  0.
 453  0.
 454  0.
 455  0.
 456  0.
 457  0.
 458  0.
 459  0.
 460  0.
 461  0.
 462  0.
 463  0.
 464  0.
 465  0.
 466  0.
 467  0.
 468  0.
 469  0.
 470  0.
 471  0.
 472  0.
 473  0.
 474  0.
 475  0.
 476  0.
 477  0.
 478  0.
 479  0.
 480  0.
 481  0.
 482  0.
 483  0.
 484  0.
 485  0.
 486  0.
 487  0.
 488  0.
 489  0.
 490  0.
 491  0.
 492  0.
 493  0.
 494  0.
 495  0.
 496  0.
 497  0.
 498  0.
 499  0.
 500  0.

 1  0.
 2  0.
 3  0.
 4  0.
 5  0.
 6  0.
 7  0.
 8  0.
 9  0.
 10  0.
 11  0.
 12  0.
 13  0.
 14  0.
 15  0.
 16  0.
 17  0.
 18  0.
 19  0.
 20  0.
 21  0.
 22  0.
 23  0.
 24  0.
 25  0.
 26  0.
 27  0.
 28  0.
 29  0.
 30  0.
 31  0.
 32  0.
 33  0.
 34  0.
 35  0.
 36  0.
 37  0.
 38  0.
 39  0.
 40  0.
 41  0.
 42  0.
 43  0.
 44  0.
 45  0.
 46  0.
 47  0.
 48  0.
 49  0.
 50  0.
 51  0.
 52  0.
 53  0.
 54  0.
 55  0.
 56  0.
 57  0.
 58  0.
 59  0.
 60  0.
 61  0.
 62  0.
 63  0.
 64  0.
 65  0.
 66  0.
 67  0.
 68  0.
 69  0.
 70  0.
 71  0.
 72  0.
 73  0.
 74  0.
 75  0.
 76  0.
 77  0.
 78  0.
 79  0.
 80  0.
 81  0.
 82  0.
 83  0.
 84  0.
 85  0.
 86  0.
 87  0.
 88  0.
 89  0.
 90  0.
 91  0.
 92  0.
 93  0.
 94  0.
 95  0.
 96  0.
 97  0.
 98  0.
 99  0.
 100  0.
 101  0.
 102  0.
 103  0.
 104  0.
 105  0.
 106  0.
 107  0.
 108  0.
 109  0.
 110  0.
 111  0.
 112  0.
 113  0.
 114  0.
 115  0.
 116  0.
 117  0.
 118  0.
 119  0.
 120  0.
 121  0.
 122  0.
 123  0.
 124  0.
 125  0.
 126  0.
 127  0.
 128  0.
 129  0.
 130  0.
 131  0.
 132  0.
 133  0.
 134  0.
 135  0.
 136  0.
 137  0.
 138  0.
 139  0.
 140  0.
 141  0.
 142  0.
 143  0.
 144  0.
 145  0.
 146  0.
 147  0.
 148  0.
 149  0.
 150  0.
 151  0.
 152  0.
 153  0.
 154  0.
 155  0.
 156  0.
 157  0.
 158  0.
 159  0.
 160  0.
 161  0.
 162  0.
 163  0.
 164  0.
 165  0.
 166  0.
 167  0.
 168  0.
 169  0.
 170  0.
 171  0.
 172  0.
 173  0.
 174  0.
 175  0.
 176  0.
 177  0.
 178  0.
 179  0.
 180  0.
 181  0.
 182  0.
 183  0.
 184  0.
 185  0.
 186  0.
 187  0.
 188  0.
 189  0.
 190  0.
 191  0.
 192  0.
 193  0.
 194  0.
 195  0.
 196  0.
 197  0.
 198  0.
 199  0.
 200  0.
 201  0.
 202  0.
 203  0.
 204  0.
 205  0.
 206  0.
 207  0.
 208  0.
 209  0.
 210  0.
 211  0.
 212  0.
 213  0.
 214  0.
 215  0.
 216  0.
 217  0.
 218  0.
 219  0.
 220  0.
 221  0.
 222  0.
 223  0.
 224  0.
 225  0.
 226  0.
 227  0.
 228  0.
 229  0.
 230  0.
 231  0.
 232  0.
 233  0.
 234  0.
 235  0.
 236  0.
 237  0.
 238  0.
 239  0.
 240  0.
 241  0.
 242  0.
 243  0.
 244  0.
 245  0.
 246  0.
 247  0.
 248  0.
 249  0.
 250  0.
 251  0.
 252  0.
 253  0.
 254  0.
 255  0.
 256  0.
 257  0.
 258  0.
 259  0.
 260  0.
 261  0.
 262  0.
 263  0.
 264  0.
 265  0.
 266  0.
 267  0.
 268  0.
 269  0.
 270  0.
 271  0.
 272  0.
 273  0.
 274  0.
 275  0.
 276  0.
 277  0.
 278  0.
 279  0.
 280  0.
 281  0.
 282  0.
 283  0.
 284  0.
 285  0.
 286  0.
 287  0.
 288  0.
 289  0.
 290  0.
 291  0.
 292  0.
 293  0.
 294  0.
 295  0.
 296  0.
 297  0.
 298  0.
 299  0.
 300  0.
 301  0.
 302  0.
 303  0.
 304  0.
 305  0.
 306  0.
 307  0.
 308  0.
 309  0.
 310  0.
 311  0.
 312  0.
 313  0.
 314  0.
 315  0.
 316  0.
 317  0.
 318  0.
 319  0.
 320  0.
 321  0.
 322  0.
 323  0.
 324  0.
 325  0.
 326  0.
 327  0.
 328  0.
 329  0.
 330  0.
 331  0.
 332  0.
 333  0.
 334  0.
 335  0.
 336  0.
 337  0.
 338  0.
 339  0.
 340  0.
 341  0.
 342  0.
 343  0.
 344  0.
 345  0.
 346  0.
 347  0.
 348  0.
 349  0.
 350  0.
 351  0.
 352  0.
 353  0.
 354  0.
 355  0.
 356  0.
 357  0.
 358  0.
 359  0.
 360  0.
 361  0.
 362  0.
 363  0.
 364  0.
 365  0.
 366  0.
 367  0.
 368  0.
 369  0.
 370  0.
 371  0.
 372  0.
 373  0.
 374  0.
 375  0.
 376  0.
 377  0.
 378  0.
 379  0.
 380  0.
 381  0.
 382  0.
 383  0.
 384  0.
 385  0.
 386  0.
 387  0.
 388  0.
 389  0.
 390  0.
 391  0.
 392  0.
 393  0.
 394  0.
 395  0.
 396  0.
 397  0.
 398  0.
 399  0.
 400  0.
 401  0.
 402  0.
 403  0.
 404  0.
 405  0.
 406  0.
 407  0.
 408  0.
 409  0.
 410  0.
 411  0.
 412  0.
 413  0.
 414  0.
 415  0.
 416  0.
 417  0.
 418  0.
 419  0.
 420  0.
 421  0.
 422  0.
 423  0.
 424  0.
 425  0.
 426  0.
 427  0.
 428  0.
 429  0.
 430  0.
 431  0.
 432  0.
 433  0.
 434  0.
 435  0.
 436  0.
 437  0.
 438  0.
 439  0.
 440  0.
 441  0.
 442  0.
 443  0.
 444  0.
 445  0.
 446  0.
 447  0.
 448  0.
 449  0.
 450  0.
 451  0.
 452  0.
 453  0.
 454  0.
 455  0.
 456  0.
 457  0.
 458  0.
 459  0.
 460  0.
 461  0.
 462  0.
 463  0.
 464  0.
 465  0.
 466  0.
 467  0.
 468  0.
 469  0.
 470  0.
 471  0.
 472  0.
 473  0.
 474  0.
 475  0.
 476  0.
 477  0.
 478  0.
 479  0.
 480  0.
 481  0.
 482  0.
 483  0.
 484  0.
 485  0.
 486  0.
 487  0.
 488  0.
 489  0.
 490  0.
 491  0.
 492  0.
 493  0.
 494  0.
 495  0.
 496  0.
 497  0.
 498  0.
 499  0.
 500  0.

 1  0.
 2  0.
 3  0.
 4  0.
 5  0.
 6  0.
 7  0.
 8  0.
 9  0.
 10  0.
 11  0.
 12  0.
 13  0.
 14  0.
 15  0.
 16  0.
 17  0.
 18  0.
 19  0.
 20  0.
 21  0.
 22  0.
 23  0.
 24  0.
 25  0.
 26  0.
 27  0.
 28  0.
 29  0.
 30  0.
 31  0.
 32  0.
 33  0.
 34  0.
 35  0.
 36  0.
 37  0.
 38  0.
 39  0.
 40  0.
 41  0.
 42  0.
 43  0.
 44  0.
 45  0.
 46  0.
 47  0.
 48  0.
 49  0.
 50  0.
 51  0.
 52  0.
 53  0.
 54  0.
 55  0.
 56  0.
 57  0.
 58  0.
 59  0.
 60  0.
 61  0.
 62  0.
 63  0.
 64  0.
 65  0.
 66  0.
 67  0.
 68  0.
 69  0.
 70  0.
 71  0.
 72  0.
 73  0.
 74  0.
 75  0.
 76  0.
 77  0.
 78  0.
 79  0.
 80  0.
 81  0.
 82  0.
 83  0.
 84  0.
 85  0.
 86  0.
 87  0.
 88  0.
 89  0.
 90  0.
 91  0.
 92  0.
 93  0.
 94  0.
 95  0.
 96  0.
 97  0.
 98  0.
 99  0.
 100  0.
 101  0.
 102  0.
 103  0.
 104  0.
 105  0.
 106  0.
 107  0.
 108  0.
 109  0.
 110  0.
 111  0.
 112  0.
 113  0.
 114  0.
 115  0.
 116  0.
 117  0.
 118  0.
 119  0.
 120  0.
 121  0.
 122  0.
 123  0.
 124  0.
 125  0.
 126  0.
 127  0.
 128  0.
 129  0.
 130  0.
 131  0.
 132  0.
 133  0.
 134  0.
 135  0.
 136  0.
 137  0.
 138  0.
 139  0.
 140  0.
 141  0.
 142  0.
 143  0.
 144  0.
 145  0.
 146  0.
 147  0.
 148  0.
 149  0.
 150  0.
 151  0.
 152  0.
 153  0.
 154  0.
 155  0.
 156  0.
 157  0.
 158  0.
 159  0.
 160  0.
 161  0.
 162  0.
 163  0.
 164  0.
 165  0.
 166  0.
 167  0.
 168  0.
 169  0.
 170  0.
 171  0.
 172  0.
 173  0.
 174  0.
 175  0.
 176  0.
 177  0.
 178  0.
 179  0.
 180  0.
 181  0.
 182  0.
 183  0.
 184  0.
 185  0.
 186  0.
 187  0.
 188  0.
 189  0.
 190  0.
 191  0.
 192  0.
 193  0.
 194  0.
 195  0.
 196  0.
 197  0.
 198  0.
 199  0.
 200  0.
 201  0.
 202  0.
 203  0.
 204  0.
 205  0.
 206  0.
 207  0.
 208  0.
 209  0.
 210  0.
 211  0.
 212  0.
 213  0.
 214  0.
 215  0.
 216  0.
 217  0.
 218  0.
 219  0.
 220  0.
 221  0.
 222  0.
 223  0.
 224  0.
 225  0.
 226  0.
 227  0.
 228  0.
 229  0.
 230  0.
 231  0.
 232  0.
 233  0.
 234  0.
 235  0.
 236  0.
 237  0.
 238  0.
 239  0.
 240  0.
 241  0.
 242  0.
 243  0.
 244  0.
 245  0.
 246  0.
 247  0.
 248  0.
 249  0.
 250  0.
 251  0.
 252  0.
 253  0.
 254  0.
 255  0.
 256  0.
 257  0.
 258  0.
 259  0.
 260  0.
 261  0.
 262  0.
 263  0.
 264  0.
 265  0.
 266  0.
 267  0.
 268  0.
 269  0.
 270  0.
 271  0.
 272  0.
 273  0.
 274  0.
 275  0.
 276  0.
 277  0.
 278  0.
 279  0.
 280  0.
 281  0.
 282  0.
 283  0.
 284  0.
 285  0.
 286  0.
 287  0.
 288  0.
 289  0.
 290  0.
 291  0.
 292  0.
 293  0.
 294  0.
 295  0.
 296  0.
 297  0.
 298  0.
 299  0.
 300  0.
 301  0.
 302  0.
 303  0.
 304  0.
 305  0.
 306  0.
 307  0.
 308  0.
 309  0.
 310  0.
 311  0.
 312  0.
 313  0.
 314  0.
 315  0.
 316  0.
 317  0.
 318  0.
 319  0.
 320  0.
 321  0.
 322  0.
 323  0.
 324  0.
 325  0.
 326  0.
 327  0.
 328  0.
 329  0.
 330  0.
 331  0.
 332  0.
 333  0.
 334  0.
 335  0.
 336  0.
 337  0.
 338  0.
 339  0.
 340  0.
 341  0.
 342  0.
 343  0.
 344  0.
 345  0.
 346  0.
 347  0.
 348  0.
 349  0.
 350  0.
 351  0.
 352  0.
 353  0.
 354  0.
 355  0.
 356  0.
 357  0.
 358  0.
 359  0.
 360  0.
 361  0.
 362  0.
 363  0.
 364  0.
 365  0.
 366  0.
 367  0.
 368  0.
 369  0.
 370  0.
 371  0.
 372  0.
 373  0.
 374  0.
 375  0.
 376  0.
 377  0.
 378  0.
 379  0.
 380  0.
 381  0.
 382  0.
 383  0.
 384  0.
 385  0.
 386  0.
 387  0.
 388  0.
 389  0.
 390  0.
 391  0.
 392  0.
 393  0.
 394  0.
 395  0.
 396  0.
 397  0.
 398  0.
 399  0.
 400  0.
 401  0.
 402  0.
 403  0.
 404  0.
 405  0.
 406  0.
 407  0.
 408  0.
 409  0.
 410  0.
 411  0.
 412  0.
 413  0.
 414  0.
 415  0.
 416  0.
 417  0.
 418  0.
 419  0.
 420  0.
 421  0.
 422  0.
 423  0.
 424  0.
 425  0.
 426  0.
 427  0.
 428  0.
 429  0.
 430  0.
 431  0.
 432  0.
 433  0.
 434  0.
 435  0.
 436  0.
 437  0.
 438  0.
 439  0.
 440  0.
 441  0.
 442  0.
 443  0.
 444  0.
 445  0.
 446  0.
 447  0.
 448  0.
 449  0.
 450  0.
 451  0.
 452  0.
 453  0.
 454  0.
 455  0.
 456  0.
 457  0.
 458  0.
 459  0.
 460  0.
 461  0.
 462  0.
 463  0.
 464  0.
 465  0.
 466  0.
 467  0.
 468  0.
 469  0.
 470  0.
 471  0.
 472  0.
 473  0.
 474  0.
 475  0.
 476  0.
 477  0.
 478  0.
 479  0.
 480  0.
 481  0.
 482  0.
 483  0.
 484  0.
 485  0.
 486  0.
 487  0.
 488  0.
 489  0.
 490  0.
 491  0.
 492  0.
 493  0.
 494  0.
 495  0.
 496  0.
 497  0.
 498  0.
 499  0.
 500  0.

 1  0.
 2  0.
 3  0.
 4  0.
 5  0.
 6  0.
 7  0.
 8  0.
 9  0.
 10  0.
 11  0.
 12  0.
 13  0.
 14  0.
 15  0.
 16  0.
 17  0.
 18  0.
 19  0.
 20  0.
 21  0.
 22  0.
 23  0.
 24  0.
 25  0.
 26  0.
 27  0.
 28  0.
 29  0.
 30  0.
 31  0.
 32  0.
 33  0.
 34  0.
 35  0.
 36  0.
 37  0.
 38  0.
 39  0.
 40  0.
 41  0.
 42  0.
 43  0.
 44  0.
 45  0.
 46  0.
 47  0.
 48  0.
 49  0.
 50  0.
 51  0.
 52  0.
 53  0.
 54  0.
 55  0.
 56  0.
 57  0.
 58  0.
 59  0.
 60  0.
 61  0.
 62  0.
 63  0.
 64  0.
 65  0.
 66  0.
 67  0.
 68  0.
 69  0.
 70  0.
 71  0.
 72  0.
 73  0.
 74  0.
 75  0.
 76  0.
 77  0.
 78  0.
 79  0.
 80  0.
 81  0.
 82  0.
 83  0.
 84  0.
 85  0.
 86  0.
 87  0.
 88  0.
 89  0.
 90  0.
 91  0.
 92  0.
 93  0.
 94  0.
 95  0.
 96  0.
 97  0.
 98  0.
 99  0.
 100  0.
 101  0.
 102  0.
 103  0.
 104  0.
 105  0.
 106  0.
 107  0.
 108  0.
 109  0.
 110  0.
 111  0.
 112  0.
 113  0.
 114  0.
 115  0.
 116  0.
 117  0.
 118  0.
 119  0.
 120  0.
 121  0.
 122  0.
 123  0.
 124  0.
 125  0.
 126  0.
 127  0.
 128  0.
 129  0.
 130  0.
 131  0.
 132  0.
 133  0.
 134  0.
 135  0.
 136  0.
 137  0.
 138  0.
 139  0.
 140  0.
 141  0.
 142  0.
 143  0.
 144  0.
 145  0.
 146  0.
 147  0.
 148  0.
 149  0.
 150  0.
 151  0.
 152  0.
 153  0.
 154  0.
 155  0.
 156  0.
 157  0.
 158  0.
 159  0.
 160  0.
 161  0.
 162  0.
 163  0.
 164  0.
 165  0.
 166  0.
 167  0.
 168  0.
 169  0.
 170  0.
 171  0.
 172  0.
 173  0.
 174  0.
 175  0.
 176  0.
 177  0.
 178  0.
 179  0.
 180  0.
 181  0.
 182  0.
 183  0.
 184  0.
 185  0.
 186  0.
 187  0.
 188  0.
 189  0.
 190  0.
 191  0.
 192  0.
 193  0.
 194  0.
 195  0.
 196  0.
 197  0.
 198  0.
 199  0.
 200  0.
 201  0.
 202  0.
 203  0.
 204  0.
 205  0.
 206  0.
 207  0.
 208  0.
 209  0.
 210  0.
 211  0.
 212  0.
 213  0.
 214  0.
 215  0.
 216  0.
 217  0.
 218  0.
 219  0.
 220  0.
 221  0.
 222  0.
 223  0.
 224  0.
 225  0.
 226  0.
 227  0.
 228  0.
 229  0.
 230  0.
 231  0.
 232  0.
 233  0.
 234  0.
 235  0.
 236  0.
 237  0.
 238  0.
 239  0.
 240  0.
 241  0.
 242  0.
 243  0.
 244  0.
 245  0.
 246  0.
 247  0.
 248  0.
 249  0.
 250  0.
 251  0.
 252  0.
 253  0.
 254  0.
 255  0.
 256  0.
 257  0.
 258  0.
 259  0.
 260  0.
 261  0.
 262  0.
 263  0.
 264  0.
 265  0.
 266  0.
 267  0.
 268  0.
 269  0.
 270  0.
 271  0.
 272  0.
 273  0.
 274  0.
 275  0.
 276  0.
 277  0.
 278  0.
 279  0.
 280  0.
 281  0.
 282  0.
 283  0.
 284  0.
 285  0.
 286  0.
 287  0.
 288  0.
 289  0.
 290  0.
 291  0.
 292  0.
 293  0.
 294  0.
 295  0.
 296  0.
 297  0.
 298  0.
 299  0.
 300  0.
 301  0.
 302  0.
 303  0.
 304  0.
 305  0.
 306  0.
 307  0.
 308  0.
 309  0.
 310  0.
 311  0.
 312  0.
 313  0.
 314  0.
 315  0.
 316  0.
 317  0.
 318  0.
 319  0.
 320  0.
 321  0.
 322  0.
 323  0.
 324  0.
 325  0.
 326  0.
 327  0.
 328  0.
 329  0.
 330  0.
 331  0.
 332  0.
 333  0.
 334  0.
 335  0.
 336  0.
 337  0.
 338  0.
 339  0.
 340  0.
 341  0.
 342  0.
 343  0.
 344  0.
 345  0.
 346  0.
 347  0.
 348  0.
 349  0.
 350  0.
 351  0.
 352  0.
 353  0.
 354  0.
 355  0.
 356  0.
 357  0.
 358  0.
 359  0.
 360  0.
 361  0.
 362  0.
 363  0.
 364  0.
 365  0.
 366  0.
 367  0.
 368  0.
 369  0.
 370  0.
 371  0.
 372  0.
 373  0.
 374  0.
 375  0.
 376  0.
 377  0.
 378  0.
 379  0.
 380  0.
 381  0.
 382  0.
 383  0.
 384  0.
 385  0.
 386  0.
 387  0.
 388  0.
 389  0.
 390  0.
 391  0.
 392  0.
 393  0.
 394  0.
 395  0.
 396  0.
 397  0.
 398  0.
 399  0.
 400  0.
 401  0.
 402  0.
 403  0.
 404  0.
 405  0.
 406  0.
 407  0.
 408  0.
 409  0.
 410  0.
 411  0.
 412  0.
 413  0.
 414  0.
 415  0.
 416  0.
 417  0.
 418  0.
 419  0.
 420  0.
 421  0.
 422  0.
 423  0.
 424  0.
 425  0.
 426  0.
 427  0.
 428  0.
 429  0.
 430  0.
 431  0.
 432  0.
 433  0.
 434  0.
 435  0.
 436  0.
 437  0.
 438  0.
 439  0.
 440  0.
 441  0.
 442  0.
 443  0.
 444  0.
 445  0.
 446  0.
 447  0.
 448  0.
 449  0.
 450  0.
 451  0.
 452  0.
 453  0.
 454  0.
 455  0.
 456  0.
 457  0.
 458  0.
 459  0.
 460  0.
 461  0.
 462  0.
 463  0.
 464  0.
 465  0.
 466  0.
 467  0.
 468  0.
 469  0.
 470  0.
 471  0.
 472  0.
 473  0.
 474  0.
 475  0.
 476  0.
 477  0.
 478  0.
 479  0.
 480  0.
 481  0.
 482  0.
 483  0.
 484  0.
 485  0.
 486  0.
 487  0.
 488  0.
 489  0.
 490  0.
 491  0.
 492  0.
 493  0.
 494  0.
 495  0.
 496  0.
 497  0.
 498  0.
 499  0.
 500  0.

 1  0.
 2  0.
 3  0.
 4  0.
 5  0.
 6  0.
 7  0.
 8  0.
 9  0.
 10  0.
 11  0.
 12  0.
 13  0.
 14  0.
 15  0.
 16  0.
 17  0.
 18  0.
 19  0.
 20  0.
 21  0.
 22  0.
 23  0.
 24  0.
 25  0.
 26  0.
 27  0.
 28  0.
 29  0.
 30  0.
 31  0.
 32  0.
 33  0.
 34  0.
 35  0.
 36  0.
 37  0.
 38  0.
 39  0.
 40  0.
 41  0.
 42  0.
 43  0.
 44  0.
 45  0.
 46  0.
 47  0.
 48  0.
 49  0.
 50  0.
 51  0.
 52  0.
 53  0.
 54  0.
 55  0.
 56  0.
 57  0.
 58  0.
 59  0.
 60  0.
 61  0.
 62  0.
 63  0.
 64  0.
 65  0.
 66  0.
 67  0.
 68  0.
 69  0.
 70  0.
 71  0.
 72  0.
 73  0.
 74  0.
 75  0.
 76  0.
 77  0.
 78  0.
 79  0.
 80  0.
 81  0.
 82  0.
 83  0.
 84  0.
 85  0.
 86  0.
 87  0.
 88  0.
 89  0.
 90  0.
 91  0.
 92  0.
 93  0.
 94  0.
 95  0.
 96  0.
 97  0.
 98  0.
 99  0.
 100  0.
 101  0.
 102  0.
 103  0.
 104  0.
 105  0.
 106  0.
 107  0.
 108  0.
 109  0.
 110  0.
 111  0.
 112  0.
 113  0.
 114  0.
 115  0.
 116  0.
 117  0.
 118  0.
 119  0.
 120  0.
 121  0.
 122  0.
 123  0.
 124  0.
 125  0.
 126  0.
 127  0.
 128  0.
 129  0.
 130  0.
 131  0.
 132  0.
 133  0.
 134  0.
 135  0.
 136  0.
 137  0.
 138  0.
 139  0.
 140  0.
 141  0.
 142  0.
 143  0.
 144  0.
 145  0.
 146  0.
 147  0.
 148  0.
 149  0.
 150  0.
 151  0.
 152  0.
 153  0.
 154  0.
 155  0.
 156  0.
 157  0.
 158  0.
 159  0.
 160  0.
 161  0.
 162  0.
 163  0.
 164  0.
 165  0.
 166  0.
 167  0.
 168  0.
 169  0.
 170  0.
 171  0.
 172  0.
 173  0.
 174  0.
 175  0.
 176  0.
 177  0.
 178  0.
 179  0.
 180  0.
 181  0.
 182  0.
 183  0.
 184  0.
 185  0.
 186  0.
 187  0.
 188  0.
 189  0.
 190  0.
 191  0.
 192  0.
 193  0.
 194  0.
 195  0.
 196  0.
 197  0.
 198  0.
 199  0.
 200  0.
 201  0.
 202  0.
 203  0.
 204  0.
 205  0.
 206  0.
 207  0.
 208  0.
 209  0.
 210  0.
 211  0.
 212  0.
 213  0.
 214  0.
 215  0.
 216  0.
 217  0.
 218  0.
 219  0.
 220  0.
 221  0.
 222  0.
 223  0.
 224  0.
 225  0.
 226  0.
 227  0.
 228  0.
 229  0.
 230  0.
 231  0.
 232  0.
 233  0.
 234  0.
 235  0.
 236  0.
 237  0.
 238  0.
 239  0.
 240  0.
 241  0.
 242  0.
 243  0.
 244  0.
 245  0.
 246  0.
 247  0.
 248  0.
 249  0.
 250  0.
 251  0.
 252  0.
 253  0.
 254  0.
 255  0.
 256  0.
 257  0.
 258  0.
 259  0.
 260  0.
 261  0.
 262  0.
 263  0.
 264  0.
 265  0.
 266  0.
 267  0.
 268  0.
 269  0.
 270  0.
 271  0.
 272  0.
 273  0.
 274  0.
 275  0.
 276  0.
 277  0.
 278  0.
 279  0.
 280  0.
 281  0.
 282  0.
 283  0.
 284  0.
 285  0.
 286  0.
 287  0.
 288  0.
 289  0.
 290  0.
 291  0.
 292  0.
 293  0.
 294  0.
 295  0.
 296  0.
 297  0.
 298  0.
 299  0.
 300  0.
 301  0.
 302  0.
 303  0.
 304  0.
 305  0.
 306  0.
 307  0.
 308  0.
 309  0.
 310  0.
 311  0.
 312  0.
 313  0.
 314  0.
 315  0.
 316  0.
 317  0.
 318  0.
 319  0.
 320  0.
 321  0.
 322  0.
 323  0.
 324  0.
 325  0.
 326  0.
 327  0.
 328  0.
 329  0.
 330  0.
 331  0.
 332  0.
 333  0.
 334  0.
 335  0.
 336  0.
 337  0.
 338  0.
 339  0.
 340  0.
 341  0.
 342  0.
 343  0.
 344  0.
 345  0.
 346  0.
 347  0.
 348  0.
 349  0.
 350  0.
 351  0.
 352  0.
 353  0.
 354  0.
 355  0.
 356  0.
 357  0.
 358  0.
 359  0.
 360  0.
 361  0.
 362  0.
 363  0.
 364  0.
 365  0.
 366  0.
 367  0.
 368  0.
 369  0.
 370  0.
 371  0.
 372  0.
 373  0.
 374  0.
 375  0.
 376  0.
 377  0.
 378  0.
 379  0.
 380  0.
 381  0.
 382  0.
 383  0.
 384  0.
 385  0.
 386  0.
 387  0.
 388  0.
 389  0.
 390  0.
 391  0.
 392  0.
 393  0.
 394  0.
 395  0.
 396  0.
 397  0.
 398  0.
 399  0.
 400  0.
 401  0.
 402  0.
 403  0.
 404  0.
 405  0.
 406  0.
 407  0.
 408  0.
 409  0.
 410  0.
 411  0.
 412  0.
 413  0.
 414  0.
 415  0.
 416  0.
 417  0.
 418  0.
 419  0.
 420  0.
 421  0.
 422  0.
 423  0.
 424  0.
 425  0.
 426  0.
 427  0.
 428  0.
 429  0.
 430  0.
 431  0.
 432  0.
 433  0.
 434  0.
 435  0.
 436  0.
 437  0.
 438  0.
 439  0.
 440  0.
 441  0.
 442  0.
 443  0.
 444  0.
 445  0.
 446  0.
 447  0.
 448  0.
 449  0.
 450  0.
 451  0.
 452  0.
 453  0.
 454  0.
 455  0.
 456  0.
 457  0.
 458  0.
 459  0.
 460  0.
 461  0.
 462  0.
 463  0.
 464  0.
 465  0.
 466  0.
 467  0.
 468  0.
 469  0.
 470  0.
 471  0.
 472  0.
 473  0.
 474  0.
 475  0.
 476  0.
 477  0.
 478  0.
 479  0.
 480  0.
 481  0.
 482  0.
 483  0.
 484  0.
 485  0.
 486  0.
 487  0.
 488  0.
 489  0.
 490  0.
 491  0.
 492  0.
 493  0.
 494  0.
 495  0.
 496  0.
 497  0.
 498  0.
 499  0.
 500  0.

 1  0.
 2  0.
 3  0.
 4  0.
 5  0.
 6  0.
 7  0.
 8  0.
 9  0.
 10  0.
 11  0.
 12  0.
 13  0.
 14  0.
 15  0.
 16  0.
 17  0.
 18  0.
 19  0.
 20  0.
 21  0.
 22  0.
 23  0.
 24  0.
 25  0.
 26  0.
 27  0.
 28  0.
 29  0.
 30  0.
 31  0.
 32  0.
 33  0.
 34  0.
 35  0.
 36  0.
 37  0.
 38  0.
 39  0.
 40  0.
 41  0.
 42  0.
 43  0.
 44  0.
 45  0.
 46  0.
 47  0.
 48  0.
 49  0.
 50  0.
 51  0.
 52  0.
 53  0.
 54  0.
 55  0.
 56  0.
 57  0.
 58  0.
 59  0.
 60  0.
 61  0.
 62  0.
 63  0.
 64  0.
 65  0.
 66  0.
 67  0.
 68  0.
 69  0.
 70  0.
 71  0.
 72  0.
 73  0.
 74  0.
 75  0.
 76  0.
 77  0.
 78  0.
 79  0.
 80  0.
 81  0.
 82  0.
 83  0.
 84  0.
 85  0.
 86  0.
 87  0.
 88  0.
 89  0.
 90  0.
 91  0.
 92  0.
 93  0.
 94  0.
 95  0.
 96  0.
 97  0.
 98  0.
 99  0.
 100  0.
 101  0.
 102  0.
 103  0.
 104  0.
 105  0.
 106  0.
 107  0.
 108  0.
 109  0.
 110  0.
 111  0.
 112  0.
 113  0.
 114  0.
 115  0.
 116  0.
 117  0.
 118  0.
 119  0.
 120  0.
 121  0.
 122  0.
 123  0.
 124  0.
 125  0.
 126  0.
 127  0.
 128  0.
 129  0.
 130  0.
 131  0.
 132  0.
 133  0.
 134  0.
 135  0.
 136  0.
 137  0.
 138  0.
 139  0.
 140  0.
 141  0.
 142  0.
 143  0.
 144  0.
 145  0.
 146  0.
 147  0.
 148  0.
 149  0.
 150  0.
 151  0.
 152  0.
 153  0.
 154  0.
 155  0.
 156  0.
 157  0.
 158  0.
 159  0.
 160  0.
 161  0.
 162  0.
 163  0.
 164  0.
 165  0.
 166  0.
 167  0.
 168  0.
 169  0.
 170  0.
 171  0.
 172  0.
 173  0.
 174  0.
 175  0.
 176  0.
 177  0.
 178  0.
 179  0.
 180  0.
 181  0.
 182  0.
 183  0.
 184  0.
 185  0.
 186  0.
 187  0.
 188  0.
 189  0.
 190  0.
 191  0.
 192  0.
 193  0.
 194  0.
 195  0.
 196  0.
 197  0.
 198  0.
 199  0.
 200  0.
 201  0.
 202  0.
 203  0.
 204  0.
 205  0.
 206  0.
 207  0.
 208  0.
 209  0.
 210  0.
 211  0.
 212  0.
 213  0.
 214  0.
 215  0.
 216  0.
 217  0.
 218  0.
 219  0.
 220  0.
 221  0.
 222  0.
 223  0.
 224  0.
 225  0.
 226  0.
 227  0.
 228  0.
 229  0.
 230  0.
 231  0.
 232  0.
 233  0.
 234  0.
 235  0.
 236  0.
 237  0.
 238  0.
 239  0.
 240  0.
 241  0.
 242  0.
 243  0.
 244  0.
 245  0.
 246  0.
 247  0.
 248  0.
 249  0.
 250  0.
 251  0.
 252  0.
 253  0.
 254  0.
 255  0.
 256  0.
 257  0.
 258  0.
 259  0.
 260  0.
 261  0.
 262  0.
 263  0.
 264  0.
 265  0.
 266  0.
 267  0.
 268  0.
 269  0.
 270  0.
 271  0.
 272  0.
 273  0.
 274  0.
 275  0.
 276  0.
 277  0.
 278  0.
 279  0.
 280  0.
 281  0.
 282  0.
 283  0.
 284  0.
 285  0.
 286  0.
 287  0.
 288  0.
 289  0.
 290  0.
 291  0.
 292  0.
 293  0.
 294  0.
 295  0.
 296  0.
 297  0.
 298  0.
 299  0.
 300  0.
 301  0.
 302  0.
 303  0.
 304  0.
 305  0.
 306  0.
 307  0.
 308  0.
 309  0.
 310  0.
 311  0.
 312  0.
 313  0.
 314  0.
 315  0.
 316  0.
 317  0.
 318  0.
 319  0.
 320  0.
 321  0.
 322  0.
 323  0.
 324  0.
 325  0.
 326  0.
 327  0.
 328  0.
 329  0.
 330  0.
 331  0.
 332  0.
 333  0.
 334  0.
 335  0.
 336  0.
 337  0.
 338  0.
 339  0.
 340  0.
 341  0.
 342  0.
 343  0.
 344  0.
 345  0.
 346  0.
 347  0.
 348  0.
 349  0.
 350  0.
 351  0.
 352  0.
 353  0.
 354  0.
 355  0.
 356  0.
 357  0.
 358  0.
 359  0.
 360  0.
 361  0.
 362  0.
 363  0.
 364  0.
 365  0.
 366  0.
 367  0.
 368  0.
 369  0.
 370  0.
 371  0.
 372  0.
 373  0.
 374  0.
 375  0.
 376  0.
 377  0.
 378  0.
 379  0.
 380  0.
 381  0.
 382  0.
 383  0.
 384  0.
 385  0.
 386  0.
 387  0.
 388  0.
 389  0.
 390  0.
 391  0.
 392  0.
 393  0.
 394  0.
 395  0.
 396  0.
 397  0.
 398  0.
 399  0.
 400  0.
 401  0.
 402  0.
 403  0.
 404  0.
 405  0.
 406  0.
 407  0.
 408  0.
 409  0.
 410  0.
 411  0.
 412  0.
 413  0.
 414  0.
 415  0.
 416  0.
 417  0.
 418  0.
 419  0.
 420  0.
 421  0.
 422  0.
 423  0.
 424  0.
 425  0.
 426  0.
 427  0.
 428  0.
 429  0.
 430  0.
 431  0.
 432  0.
 433  0.
 434  0.
 435  0.
 436  0.
 437  0.
 438  0.
 439  0.
 440  0.
 441  0.
 442  0.
 443  0.
 444  0.
 445  0.
 446  0.
 447  0.
 448  0.
 449  0.
 450  0.
 451  0.
 452  0.
 453  0.
 454  0.
 455  0.
 456  0.
 457  0.
 458  0.
 459  0.
 460  0.
 461  0.
 462  0.
 463  0.
 464  0.
 465  0.
 466  0.
 467  0.
 468  0.
 469  0.
 470  0.
 471  0.
 472  0.
 473  0.
 474  0.
 475  0.
 476  0.
 477  0.
 478  0.
 479  0.
 480  0.
 481  0.
 482  0.
 483  0.
 484  0.
 485  0.
 486  0.
 487  0.
 488  0.
 489  0.
 490  0.
 491  0.
 492  0.
 493  0.
 494  0.
 495  0.
 496  0.
 497  0.
 498  0.
 499  0.
 500  0.

 1  0.
 2  0.
 3  0.
 4  0.
 5  0.
 6  0.
 7  0.
 8  0.
 9  0.
 10  0.
 11  0.
 12  0.
 13  0.
 14  0.
 15  0.
 16  0.
 17  0.
 18  0.
 19  0.
 20  0.
 21  0.
 22  0.
 23  0.
 24  0.
 25  0.
 26  0.
 27  0.
 28  0.
 29  0.
 30  0.
 31  0.
 32  0.
 33  0.
 34  0.
 35  0.
 36  0.
 37  0.
 38  0.
 39  0.
 40  0.
 41  0.
 42  0.
 43  0.
 44  0.
 45  0.
 46  0.
 47  0.
 48  0.
 49  0.
 50  0.
 51  0.
 52  0.
 53  0.
 54  0.
 55  0.
 56  0.
 57  0.
 58  0.
 59  0.
 60  0.
 61  0.
 62  0.
 63  0.
 64  0.
 65  0.
 66  0.
 67  0.
 68  0.
 69  0.
 70  0.
 71  0.
 72  0.
 73  0.
 74  0.
 75  0.
 76  0.
 77  0.
 78  0.
 79  0.
 80  0.
 81  0.
 82  0.
 83  0.
 84  0.
 85  0.
 86  0.
 87  0.
 88  0.
 89  0.
 90  0.
 91  0.
 92  0.
 93  0.
 94  0.
 95  0.
 96  0.
 97  0.
 98  0.
 99  0.
 100  0.
 101  0.
 102  0.
 103  0.
 104  0.
 105  0.
 106  0.
 107  0.
 108  0.
 109  0.
 110  0.
 111  0.
 112  0.
 113  0.
 114  0.
 115  0.
 116  0.
 117  0.
 118  0.
 119  0.
 120  0.
 121  0.
 122  0.
 123  0.
 124  0.
 125  0.
 126  0.
 127  0.
 128  0.
 129  0.
 130  0.
 131  0.
 132  0.
 133  0.
 134  0.
 135  0.
 136  0.
 137  0.
 138  0.
 139  0.
 140  0.
 141  0.
 142  0.
 143  0.
 144  0.
 145  0.
 146  0.
 147  0.
 148  0.
 149  0.
 150  0.
 151  0.
 152  0.
 153  0.
 154  0.
 155  0.
 156  0.
 157  0.
 158  0.
 159  0.
 160  0.
 161  0.
 162  0.
 163  0.
 164  0.
 165  0.
 166  0.
 167  0.
 168  0.
 169  0.
 170  0.
 171  0.
 172  0.
 173  0.
 174  0.
 175  0.
 176  0.
 177  0.
 178  0.
 179  0.
 180  0.
 181  0.
 182  0.
 183  0.
 184  0.
 185  0.
 186  0.
 187  0.
 188  0.
 189  0.
 190  0.
 191  0.
 192  0.
 193  0.
 194  0.
 195  0.
 196  0.
 197  0.
 198  0.
 199  0.
 200  0.
 201  0.
 202  0.
 203  0.
 204  0.
 205  0.
 206  0.
 207  0.
 208  0.
 209  0.
 210  0.
 211  0.
 212  0.
 213  0.
 214  0.
 215  0.
 216  0.
 217  0.
 218  0.
 219  0.
 220  0.
 221  0.
 222  0.
 223  0.
 224  0.
 225  0.
 226  0.
 227  0.
 228  0.
 229  0.
 230  0.
 231  0.
 232  0.
 233  0.
 234  0.
 235  0.
 236  0.
 237  0.
 238  0.
 239  0.
 240  0.
 241  0.
 242  0.
 243  0.
 244  0.
 245  0.
 246  0.
 247  0.
 248  0.
 249  0.
 250  0.
 251  0.
 252  0.
 253  0.
 254  0.
 255  0.
 256  0.
 257  0.
 258  0.
 259  0.
 260  0.
 261  0.
 262  0.
 263  0.
 264  0.
 265  0.
 266  0.
 267  0.
 268  0.
 269  0.
 270  0.
 271  0.
 272  0.
 273  0.
 274  0.
 275  0.
 276  0.
 277  0.
 278  0.
 279  0.
 280  0.
 281  0.
 282  0.
 283  0.
 284  0.
 285  0.
 286  0.
 287  0.
 288  0.
 289  0.
 290  0.
 291  0.
 292  0.
 293  0.
 294  0.
 295  0.
 296  0.
 297  0.
 298  0.
 299  0.
 300  0.
 301  0.
 302  0.
 303  0.
 304  0.
 305  0.
 306  0.
 307  0.
 308  0.
 309  0.
 310  0.
 311  0.
 312  0.
 313  0.
 314  0.
 315  0.
 316  0.
 317  0.
 318  0.
 319  0.
 320  0.
 321  0.
 322  0.
 323  0.
 324  0.
 325  0.
 326  0.
 327  0.
 328  0.
 329  0.
 330  0.
 331  0.
 332  0.
 333  0.
 334  0.
 335  0.
 336  0.
 337  0.
 338  0.
 339  0.
 340  0.
 341  0.
 342  0.
 343  0.
 344  0.
 345  0.
 346  0.
 347  0.
 348  0.
 349  0.
 350  0.
 351  0.
 352  0.
 353  0.
 354  0.
 355  0.
 356  0.
 357  0.
 358  0.
 359  0.
 360  0.
 361  0.
 362  0.
 363  0.
 364  0.
 365  0.
 366  0.
 367  0.
 368  0.
 369  0.
 370  0.
 371  0.
 372  0.
 373  0.
 374  0.
 375  0.
 376  0.
 377  0.
 378  0.
 379  0.
 380  0.
 381  0.
 382  0.
 383  0.
 384  0.
 385  0.
 386  0.
 387  0.
 388  0.
 389  0.
 390  0.
 391  0.
 392  0.
 393  0.
 394  0.
 395  0.
 396  0.
 397  0.
 398  0.
 399  0.
 400  0.
 401  0.
 402  0.
 403  0.
 404  0.
 405  0.
 406  0.
 407  0.
 408  0.
 409  0.
 410  0.
 411  0.
 412  0.
 413  0.
 414  0.
 415  0.
 416  0.
 417  0.
 418  0.
 419  0.
 420  0.
 421  0.
 422  0.
 423  0.
 424  0.
 425  0.
 426  0.
 427  0.
 428  0.
 429  0.
 430  0.
 431  0.
 432  0.
 433  0.
 434  0.
 435  0.
 436  0.
 437  0.
 438  0.
 439  0.
 440  0.
 441  0.
 442  0.
 443  0.
 444  0.
 445  0.
 446  0.
 447  0.
 448  0.
 449  0.
 450  0.
 451  0.
 452  0.
 453  0.
 454  0.
 455  0.
 456  0.
 457  0.
 458  0.
 459  0.
 460  0.
 461  0.
 462  0.
 463  0.
 464  0.
 465  0.
 466  0.
 467  0.
 468  0.
 469  0.
 470  0.
 471  0.
 472  0.
 473  0.
 474  0.
 475  0.
 476  0.
 477  0.
 478  0.
 479  0.
 480  0.
 481  0.
 482  0.
 483  0.
 484  0.
 485  0.
 486  0.
 487  0.
 488  0.
 489  0.
 490  0.
 491  0.
 492  0.
 493  0.
 494  0.
 495  0.
 496  0.
 497  0.
 498  0.
 499  0.
 500  0.

 1  0.
 2  0.
 3  0.
 4  0.
 5  0.
 6  0.
 7  0.
 8  0.
 9  0.
 10  0.
 11  0.
 12  0.
 13  0.
 14  0.
 15  0.
 16  0.
 17  0.
 18  0.
 19  0.
 20  0.
 21  0.
 22  0.
 23  0.
 24  0.
 25  0.
 26  0.
 27  0.
 28  0.
 29  0.
 30  0.
 31  0.
 32  0.
 33  0.
 34  0.
 35  0.
 36  0.
 37  0.
 38  0.
 39  0.
 40  0.
 41  0.
 42  0.
 43  0.
 44  0.
 45  0.
 46  0.
 47  0.
 48  0.
 49  0.
 50  0.
 51  0.
 52  0.
 53  0.
 54  0.
 55  0.
 56  0.
 57  0.
 58  0.
 59  0.
 60  0.
 61  0.
 62  0.
 63  0.
 64  0.
 65  0.
 66  0.
 67  0.
 68  0.
 69  0.
 70  0.
 71  0.
 72  0.
 73  0.
 74  0.
 75  0.
 76  0.
 77  0.
 78  0.
 79  0.
 80  0.
 81  0.
 82  0.
 83  0.
 84  0.
 85  0.
 86  0.
 87  0.
 88  0.
 89  0.
 90  0.
 91  0.
 92  0.
 93  0.
 94  0.
 95  0.
 96  0.
 97  0.
 98  0.
 99  0.
 100  0.
 101  0.
 102  0.
 103  0.
 104  0.
 105  0.
 106  0.
 107  0.
 108  0.
 109  0.
 110  0.
 111  0.
 112  0.
 113  0.
 114  0.
 115  0.
 116  0.
 117  0.
 118  0.
 119  0.
 120  0.
 121  0.
 122  0.
 123  0.
 124  0.
 125  0.
 126  0.
 127  0.
 128  0.
 129  0.
 130  0.
 131  0.
 132  0.
 133  0.
 134  0.
 135  0.
 136  0.
 137  0.
 138  0.
 139  0.
 140  0.
 141  0.
 142  0.
 143  0.
 144  0.
 145  0.
 146  0.
 147  0.
 148  0.
 149  0.
 150  0.
 151  0.
 152  0.
 153  0.
 154  0.
 155  0.
 156  0.
 157  0.
 158  0.
 159  0.
 160  0.
 161  0.
 162  0.
 163  0.
 164  0.
 165  0.
 166  0.
 167  0.
 168  0.
 169  0.
 170  0.
 171  0.
 172  0.
 173  0.
 174  0.
 175  0.
 176  0.
 177  0.
 178  0.
 179  0.
 180  0.
 181  0.
 182  0.
 183  0.
 184  0.
 185  0.
 186  0.
 187  0.
 188  0.
 189  0.
 190  0.
 191  0.
 192  0.
 193  0.
 194  0.
 195  0.
 196  0.
 197  0.
 198  0.
 199  0.
 200  0.
 201  0.
 202  0.
 203  0.
 204  0.
 205  0.
 206  0.
 207  0.
 208  0.
 209  0.
 210  0.
 211  0.
 212  0.
 213  0.
 214  0.
 215  0.
 216  0.
 217  0.
 218  0.
 219  0.
 220  0.
 221  0.
 222  0.
 223  0.
 224  0.
 225  0.
 226  0.
 227  0.
 228  0.
 229  0.
 230  0.
 231  0.
 232  0.
 233  0.
 234  0.
 235  0.
 236  0.
 237  0.
 238  0.
 239  0.
 240  0.
 241  0.
 242  0.
 243  0.
 244  0.
 245  0.
 246  0.
 247  0.
 248  0.
 249  0.
 250  0.
 251  0.
 252  0.
 253  0.
 254  0.
 255  0.
 256  0.
 257  0.
 258  0.
 259  0.
 260  0.
 261  0.
 262  0.
 263  0.
 264  0.
 265  0.
 266  0.
 267  0.
 268  0.
 269  0.
 270  0.
 271  0.
 272  0.
 273  0.
 274  0.
 275  0.
 276  0.
 277  0.
 278  0.
 279  0.
 280  0.
 281  0.
 282  0.
 283  0.
 284  0.
 285  0.
 286  0.
 287  0.
 288  0.
 289  0.
 290  0.
 291  0.
 292  0.
 293  0.
 294  0.
 295  0.
 296  0.
 297  0.
 298  0.
 299  0.
 300  0.
 301  0.
 302  0.
 303  0.
 304  0.
 305  0.
 306  0.
 307  0.
 308  0.
 309  0.
 310  0.
 311  0.
 312  0.
 313  0.
 314  0.
 315  0.
 316  0.
 317  0.
 318  0.
 319  0.
 320  0.
 321  0.
 322  0.
 323  0.
 324  0.
 325  0.
 326  0.
 327  0.
 328  0.
 329  0.
 330  0.
 331  0.
 332  0.
 333  0.
 334  0.
 335  0.
 336  0.
 337  0.
 338  0.
 339  0.
 340  0.
 341  0.
 342  0.
 343  0.
 344  0.
 345  0.
 346  0.
 347  0.
 348  0.
 349  0.
 350  0.
 351  0.
 352  0.
 353  0.
 354  0.
 355  0.
 356  0.
 357  0.
 358  0.
 359  0.
 360  0.
 361  0.
 362  0.
 363  0.
 364  0.
 365  0.
 366  0.
 367  0.
 368  0.
 369  0.
 370  0.
 371  0.
 372  0.
 373  0.
 374  0.
 375  0.
 376  0.
 377  0.
 378  0.
 379  0.
 380  0.
 381  0.
 382  0.
 383  0.
 384  0.
 385  0.
 386  0.
 387  0.
 388  0.
 389  0.
 390  0.
 391  0.
 392  0.
 393  0.
 394  0.
 395  0.
 396  0.
 397  0.
 398  0.
 399  0.
 400  0.
 401  0.
 402  0.
 403  0.
 404  0.
 405  0.
 406  0.
 407  0.
 408  0.
 409  0.
 410  0.
 411  0.
 412  0.
 413  0.
 414  0.
 415  0.
 416  0.
 417  0.
 418  0.
 419  0.
 420  0.
 421  0.
 422  0.
 423  0.
 424  0.
 425  0.
 426  0.
 427  0.
 428  0.
 429  0.
 430  0.
 431  0.
 432  0.
 433  0.
 434  0.
 435  0.
 436  0.
 437  0.
 438  0.
 439  0.
 440  0.
 441  0.
 442  0.
 443  0.
 444  0.
 445  0.
 446  0.
 447  0.
 448  0.
 449  0.
 450  0.
 451  0.
 452  0.
 453  0.
 454  0.
 455  0.
 456  0.
 457  0.
 458  0.
 459  0.
 460  0.
 461  0.
 462  0.
 463  0.
 464  0.
 465  0.
 466  0.
 467  0.
 468  0.
 469  0.
 470  0.
 471  0.
 472  0.
 473  0.
 474  0.
 475  0.
 476  0.
 477  0.
 478  0.
 479  0.
 480  0.
 481  0.
 482  0.
 483  0.
 484  0.
 485  0.
 486  0.
 487  0.
 488  0.
 489  0.
 490  0.
 491  0.
 492  0.
 493  0.
 494  0.
 495  0.
 496  0.
 497  0.
 498  0.
 499  0.
 500  0.

 1  0.
 2  0.
 3  0.
 4  0.
 5  0.
 6  0.
 7  0.
 8  0.
 9  0.
 10  0.
 11  0.
 12  0.
 13  0.
 14  0.
 15  0.
 16  0.
 17  0.
 18  0.
 19  0.
 20  0.
 21  0.
 22  0.
 23  0.
 24  0.
 25  0.
 26  0.
 27  0.
 28  0.
 29  0.
 30  0.
 31  0.
 32  0.
 33  0.
 34  0.
 35  0.
 36  0.
 37  0.
 38  0.
 39  0.
 40  0.
 41  0.
 42  0.
 43  0.
 44  0.
 45  0.
 46  0.
 47  0.
 48  0.
 49  0.
 50  0.
 51  0.
 52  0.
 53  0.
 54  0.
 55  0.
 56  0.
 57  0.
 58  0.
 59  0.
 60  0.
 61  0.
 62  0.
 63  0.
 64  0.
 65  0.
 66  0.
 67  0.
 68  0.
 69  0.
 70  0.
 71  0.
 72  0.
 73  0.
 74  0.
 75  0.
 76  0.
 77  0.
 78  0.
 79  0.
 80  0.
 81  0.
 82  0.
 83  0.
 84  0.
 85  0.
 86  0.
 87  0.
 88  0.
 89  0.
 90  0.
 91  0.
 92  0.
 93  0.
 94  0.
 95  0.
 96  0.
 97  0.
 98  0.
 99  0.
 100  0.
 101  0.
 102  0.
 103  0.
 104  0.
 105  0.
 106  0.
 107  0.
 108  0.
 109  0.
 110  0.
 111  0.
 112  0.
 113  0.
 114  0.
 115  0.
 116  0.
 117  0.
 118  0.
 119  0.
 120  0.
 121  0.
 122  0.
 123  0.
 124  0.
 125  0.
 126  0.
 127  0.
 128  0.
 129  0.
 130  0.
 131  0.
 132  0.
 133  0.
 134  0.
 135  0.
 136  0.
 137  0.
 138  0.
 139  0.
 140  0.
 141  0.
 142  0.
 143  0.
 144  0.
 145  0.
 146  0.
 147  0.
 148  0.
 149  0.
 150  0.
 151  0.
 152  0.
 153  0.
 154  0.
 155  0.
 156  0.
 157  0.
 158  0.
 159  0.
 160  0.
 161  0.
 162  0.
 163  0.
 164  0.
 165  0.
 166  0.
 167  0.
 168  0.
 169  0.
 170  0.
 171  0.
 172  0.
 173  0.
 174  0.
 175  0.
 176  0.
 177  0.
 178  0.
 179  0.
 180  0.
 181  0.
 182  0.
 183  0.
 184  0.
 185  0.
 186  0.
 187  0.
 188  0.
 189  0.
 190  0.
 191  0.
 192  0.
 193  0.
 194  0.
 195  0.
 196  0.
 197  0.
 198  0.
 199  0.
 200  0.
 201  0.
 202  0.
 203  0.
 204  0.
 205  0.
 206  0.
 207  0.
 208  0.
 209  0.
 210  0.
 211  0.
 212  0.
 213  0.
 214  0.
 215  0.
 216  0.
 217  0.
 218  0.
 219  0.
 220  0.
 221  0.
 222  0.
 223  0.
 224  0.
 225  0.
 226  0.
 227  0.
 228  0.
 229  0.
 230  0.
 231  0.
 232  0.
 233  0.
 234  0.
 235  0.
 236  0.
 237  0.
 238  0.
 239  0.
 240  0.
 241  0.
 242  0.
 243  0.
 244  0.
 245  0.
 246  0.
 247  0.
 248  0.
 249  0.
 250  0.
 251  0.
 252  0.
 253  0.
 254  0.
 255  0.
 256  0.
 257  0.
 258  0.
 259  0.
 260  0.
 261  0.
 262  0.
 263  0.
 264  0.
 265  0.
 266  0.
 267  0.
 268  0.
 269  0.
 270  0.
 271  0.
 272  0.
 273  0.
 274  0.
 275  0.
 276  0.
 277  0.
 278  0.
 279  0.
 280  0.
 281  0.
 282  0.
 283  0.
 284  0.
 285  0.
 286  0.
 287  0.
 288  0.
 289  0.
 290  0.
 291  0.
 292  0.
 293  0.
 294  0.
 295  0.
 296  0.
 297  0.
 298  0.
 299  0.
 300  0.
 301  0.
 302  0.
 303  0.
 304  0.
 305  0.
 306  0.
 307  0.
 308  0.
 309  0.
 310  0.
 311  0.
 312  0.
 313  0.
 314  0.
 315  0.
 316  0.
 317  0.
 318  0.
 319  0.
 320  0.
 321  0.
 322  0.
 323  0.
 324  0.
 325  0.
 326  0.
 327  0.
 328  0.
 329  0.
 330  0.
 331  0.
 332  0.
 333  0.
 334  0.
 335  0.
 336  0.
 337  0.
 338  0.
 339  0.
 340  0.
 341  0.
 342  0.
 343  0.
 344  0.
 345  0.
 346  0.
 347  0.
 348  0.
 349  0.
 350  0.
 351  0.
 352  0.
 353  0.
 354  0.
 355  0.
 356  0.
 357  0.
 358  0.
 359  0.
 360  0.
 361  0.
 362  0.
 363  0.
 364  0.
 365  0.
 366  0.
 367  0.
 368  0.
 369  0.
 370  0.
 371  0.
 372  0.
 373  0.
 374  0.
 375  0.
 376  0.
 377  0.
 378  0.
 379  0.
 380  0.
 381  0.
 382  0.
 383  0.
 384  0.
 385  0.
 386  0.
 387  0.
 388  0.
 389  0.
 390  0.
 391  0.
 392  0.
 393  0.
 394  0.
 395  0.
 396  0.
 397  0.
 398  0.
 399  0.
 400  0.
 401  0.
 402  0.
 403  0.
 404  0.
 405  0.
 406  0.
 407  0.
 408  0.
 409  0.
 410  0.
 411  0.
 412  0.
 413  0.
 414  0.
 415  0.
 416  0.
 417  0.
 418  0.
 419  0.
 420  0.
 421  0.
 422  0.
 423  0.
 424  0.
 425  0.
 426  0.
 427  0.
 428  0.
 429  0.
 430  0.
 431  0.
 432  0.
 433  0.
 434  0.
 435  0.
 436  0.
 437  0.
 438  0.
 439  0.
 440  0.
 441  0.
 442  0.
 443  0.
 444  0.
 445  0.
 446  0.
 447  0.
 448  0.
 449  0.
 450  0.
 451  0.
 452  0.
 453  0.
 454  0.
 455  0.
 456  0.
 457  0.
 458  0.
 459  0.
 460  0.
 461  0.
 462  0.
 463  0.
 464  0.
 465  0.
 466  0.
 467  0.
 468  0.
 469  0.
 470  0.
 471  0.
 472  0.
 473  0.
 474  0.
 475  0.
 476  0.
 477  0.
 478  0.
 479  0.
 480  0.
 481  0.
 482  0.
 483  0.
 484  0.
 485  0.
 486  0.
 487  0.
 488  0.
 489  0.
 490  0.
 491  0.
 492  0.
 493  0.
 494  0.
 495  0.
 496  0.
 497  0.
 498  0.
 499  0.
 500  0.

 1  0.
 2  0.
 3  0.
 4  0.
 5  0.
 6  0.
 7  0.
 8  0.
 9  0.
 10  0.
 11  0.
 12  0.
 13  0.
 14  0.
 15  0.
 16  0.
 17  0.
 18  0.
 19  0.
 20  0.
 21  0.
 22  0.
 23  0.
 24  0.
 25  0.
 26  0.
 27  0.
 28  0.
 29  0.
 30  0.
 31  0.
 32  0.
 33  0.
 34  0.
 35  0.
 36  0.
 37  0.
 38  0.
 39  0.
 40  0.
 41  0.
 42  0.
 43  0.
 44  0.
 45  0.
 46  0.
 47  0.
 48  0.
 49  0.
 50  0.
 51  0.
 52  0.
 53  0.
 54  0.
 55  0.
 56  0.
 57  0.
 58  0.
 59  0.
 60  0.
 61  0.
 62  0.
 63  0.
 64  0.
 65  0.
 66  0.
 67  0.
 68  0.
 69  0.
 70  0.
 71  0.
 72  0.
 73  0.
 74  0.
 75  0.
 76  0.
 77  0.
 78  0.
 79  0.
 80  0.
 81  0.
 82  0.
 83  0.
 84  0.
 85  0.
 86  0.
 87  0.
 88  0.
 89  0.
 90  0.
 91  0.
 92  0.
 93  0.
 94  0.
 95  0.
 96  0.
 97  0.
 98  0.
 99  0.
 100  0.
 101  0.
 102  0.
 103  0.
 104  0.
 105  0.
 106  0.
 107  0.
 108  0.
 109  0.
 110  0.
 111  0.
 112  0.
 113  0.
 114  0.
 115  0.
 116  0.
 117  0.
 118  0.
 119  0.
 120  0.
 121  0.
 122  0.
 123  0.
 124  0.
 125  0.
 126  0.
 127  0.
 128  0.
 129  0.
 130  0.
 131  0.
 132  0.
 133  0.
 134  0.
 135  0.
 136  0.
 137  0.
 138  0.
 139  0.
 140  0.
 141  0.
 142  0.
 143  0.
 144  0.
 145  0.
 146  0.
 147  0.
 148  0.
 149  0.
 150  0.
 151  0.
 152  0.
 153  0.
 154  0.
 155  0.
 156  0.
 157  0.
 158  0.
 159  0.
 160  0.
 161  0.
 162  0.
 163  0.
 164  0.
 165  0.
 166  0.
 167  0.
 168  0.
 169  0.
 170  0.
 171  0.
 172  0.
 173  0.
 174  0.
 175  0.
 176  0.
 177  0.
 178  0.
 179  0.
 180  0.
 181  0.
 182  0.
 183  0.
 184  0.
 185  0.
 186  0.
 187  0.
 188  0.
 189  0.
 190  0.
 191  0.
 192  0.
 193  0.
 194  0.
 195  0.
 196  0.
 197  0.
 198  0.
 199  0.
 200  0.
 201  0.
 202  0.
 203  0.
 204  0.
 205  0.
 206  0.
 207  0.
 208  0.
 209  0.
 210  0.
 211  0.
 212  0.
 213  0.
 214  0.
 215  0.
 216  0.
 217  0.
 218  0.
 219  0.
 220  0.
 221  0.
 222  0.
 223  0.
 224  0.
 225  0.
 226  0.
 227  0.
 228  0.
 229  0.
 230  0.
 231  0.
 232  0.
 233  0.
 234  0.
 235  0.
 236  0.
 237  0.
 238  0.
 239  0.
 240  0.
 241  0.
 242  0.
 243  0.
 244  0.
 245  0.
 246  0.
 247  0.
 248  0.
 249  0.
 250  0.
 251  0.
 252  0.
 253  0.
 254  0.
 255  0.
 256  0.
 257  0.
 258  0.
 259  0.
 260  0.
 261  0.
 262  0.
 263  0.
 264  0.
 265  0.
 266  0.
 267  0.
 268  0.
 269  0.
 270  0.
 271  0.
 272  0.
 273  0.
 274  0.
 275  0.
 276  0.
 277  0.
 278  0.
 279  0.
 280  0.
 281  0.
 282  0.
 283  0.
 284  0.
 285  0.
 286  0.
 287  0.
 288  0.
 289  0.
 290  0.
 291  0.
 292  0.
 293  0.
 294  0.
 295  0.
 296  0.
 297  0.
 298  0.
 299  0.
 300  0.
 301  0.
 302  0.
 303  0.
 304  0.
 305  0.
 306  0.
 307  0.
 308  0.
 309  0.
 310  0.
 311  0.
 312  0.
 313  0.
 314  0.
 315  0.
 316  0.
 317  0.
 318  0.
 319  0.
 320  0.
 321  0.
 322  0.
 323  0.
 324  0.
 325  0.
 326  0.
 327  0.
 328  0.
 329  0.
 330  0.
 331  0.
 332  0.
 333  0.
 334  0.
 335  0.
 336  0.
 337  0.
 338  0.
 339  0.
 340  0.
 341  0.
 342  0.
 343  0.
 344  0.
 345  0.
 346  0.
 347  0.
 348  0.
 349  0.
 350  0.
 351  0.
 352  0.
 353  0.
 354  0.
 355  0.
 356  0.
 357  0.
 358  0.
 359  0.
 360  0.
 361  0.
 362  0.
 363  0.
 364  0.
 365  0.
 366  0.
 367  0.
 368  0.
 369  0.
 370  0.
 371  0.
 372  0.
 373  0.
 374  0.
 375  0.
 376  0.
 377  0.
 378  0.
 379  0.
 380  0.
 381  0.
 382  0.
 383  0.
 384  0.
 385  0.
 386  0.
 387  0.
 388  0.
 389  0.
 390  0.
 391  0.
 392  0.
 393  0.
 394  0.
 395  0.
 396  0.
 397  0.
 398  0.
 399  0.
 400  0.
 401  0.
 402  0.
 403  0.
 404  0.
 405  0.
 406  0.
 407  0.
 408  0.
 409  0.
 410  0.
 411  0.
 412  0.
 413  0.
 414  0.
 415  0.
 416  0.
 417  0.
 418  0.
 419  0.
 420  0.
 421  0.
 422  0.
 423  0.
 424  0.
 425  0.
 426  0.
 427  0.
 428  0.
 429  0.
 430  0.
 431  0.
 432  0.
 433  0.
 434  0.
 435  0.
 436  0.
 437  0.
 438  0.
 439  0.
 440  0.
 441  0.
 442  0.
 443  0.
 444  0.
 445  0.
 446  0.
 447  0.
 448  0.
 449  0.
 450  0.
 451  0.
 452  0.
 453  0.
 454  0.
 455  0.
 456  0.
 457  0.
 458  0.
 459  0.
 460  0.
 461  0.
 462  0.
 463  0.
 464  0.
 465  0.
 466  0.
 467  0.
 468  0.
 469  0.
 470  0.
 471  0.
 472  0.
 473  0.
 474  0.
 475  0.
 476  0.
 477  0.
 478  0.
 479  0.
 480  0.
 481  0.
 482  0.
 483  0.
 484  0.
 485  0.
 486  0.
 487  0.
 488  0.
 489  0.
 490  0.
 491  0.
 492  0.
 493  0.
 494  0.
 495  0.
 496  0.
 497  0.
 498  0.
 499  0.
 500  0.

 1  0.
 2  0.
 3  0.
 4  0.
 5  0.
 6  0.
 7  0.
 8  0.
 9  0.
 10  0.
 11  0.
 12  0.
 13  0.
 14  0.
 15  0.
 16  0.
 17  0.
 18  0.
 19  0.
 20  0.
 21  0.
 22  0.
 23  0.
 24  0.
 25  0.
 26  0.
 27  0.
 28  0.
 29  0.
 30  0.
 31  0.
 32  0.
 33  0.
 34  0.
 35  0.
 36  0.
 37  0.
 38  0.
 39  0.
 40  0.
 41  0.
 42  0.
 43  0.
 44  0.
 45  0.
 46  0.
 47  0.
 48  0.
 49  0.
 50  0.
 51  0.
 52  0.
 53  0.
 54  0.
 55  0.
 56  0.
 57  0.
 58  0.
 59  0.
 60  0.
 61  0.
 62  0.
 63  0.
 64  0.
 65  0.
 66  0.
 67  0.
 68  0.
 69  0.
 70  0.
 71  0.
 72  0.
 73  0.
 74  0.
 75  0.
 76  0.
 77  0.
 78  0.
 79  0.
 80  0.
 81  0.
 82  0.
 83  0.
 84  0.
 85  0.
 86  0.
 87  0.
 88  0.
 89  0.
 90  0.
 91  0.
 92  0.
 93  0.
 94  0.
 95  0.
 96  0.
 97  0.
 98  0.
 99  0.
 100  0.
 101  0.
 102  0.
 103  0.
 104  0.
 105  0.
 106  0.
 107  0.
 108  0.
 109  0.
 110  0.
 111  0.
 112  0.
 113  0.
 114  0.
 115  0.
 116  0.
 117  0.
 118  0.
 119  0.
 120  0.
 121  0.
 122  0.
 123  0.
 124  0.
 125  0.
 126  0.
 127  0.
 128  0.
 129  0.
 130  0.
 131  0.
 132  0.
 133  0.
 134  0.
 135  0.
 136  0.
 137  0.
 138  0.
 139  0.
 140  0.
 141  0.
 142  0.
 143  0.
 144  0.
 145  0.
 146  0.
 147  0.
 148  0.
 149  0.
 150  0.
 151  0.
 152  0.
 153  0.
 154  0.
 155  0.
 156  0.
 157  0.
 158  0.
 159  0.
 160  0.
 161  0.
 162  0.
 163  0.
 164  0.
 165  0.
 166  0.
 167  0.
 168  0.
 169  0.
 170  0.
 171  0.
 172  0.
 173  0.
 174  0.
 175  0.
 176  0.
 177  0.
 178  0.
 179  0.
 180  0.
 181  0.
 182  0.
 183  0.
 184  0.
 185  0.
 186  0.
 187  0.
 188  0.
 189  0.
 190  0.
 191  0.
 192  0.
 193  0.
 194  0.
 195  0.
 196  0.
 197  0.
 198  0.
 199  0.
 200  0.
 201  0.
 202  0.
 203  0.
 204  0.
 205  0.
 206  0.
 207  0.
 208  0.
 209  0.
 210  0.
 211  0.
 212  0.
 213  0.
 214  0.
 215  0.
 216  0.
 217  0.
 218  0.
 219  0.
 220  0.
 221  0.
 222  0.
 223  0.
 224  0.
 225  0.
 226  0.
 227  0.
 228  0.
 229  0.
 230  0.
 231  0.
 232  0.
 233  0.
 234  0.
 235  0.
 236  0.
 237  0.
 238  0.
 239  0.
 240  0.
 241  0.
 242  0.
 243  0.
 244  0.
 245  0.
 246  0.
 247  0.
 248  0.
 249  0.
 250  0.
 251  0.
 252  0.
 253  0.
 254  0.
 255  0.
 256  0.
 257  0.
 258  0.
 259  0.
 260  0.
 261  0.
 262  0.
 263  0.
 264  0.
 265  0.
 266  0.
 267  0.
 268  0.
 269  0.
 270  0.
 271  0.
 272  0.
 273  0.
 274  0.
 275  0.
 276  0.
 277  0.
 278  0.
 279  0.
 280  0.
 281  0.
 282  0.
 283  0.
 284  0.
 285  0.
 286  0.
 287  0.
 288  0.
 289  0.
 290  0.
 291  0.
 292  0.
 293  0.
 294  0.
 295  0.
 296  0.
 297  0.
 298  0.
 299  0.
 300  0.
 301  0.
 302  0.
 303  0.
 304  0.
 305  0.
 306  0.
 307  0.
 308  0.
 309  0.
 310  0.
 311  0.
 312  0.
 313  0.
 314  0.
 315  0.
 316  0.
 317  0.
 318  0.
 319  0.
 320  0.
 321  0.
 322  0.
 323  0.
 324  0.
 325  0.
 326  0.
 327  0.
 328  0.
 329  0.
 330  0.
 331  0.
 332  0.
 333  0.
 334  0.
 335  0.
 336  0.
 337  0.
 338  0.
 339  0.
 340  0.
 341  0.
 342  0.
 343  0.
 344  0.
 345  0.
 346  0.
 347  0.
 348  0.
 349  0.
 350  0.
 351  0.
 352  0.
 353  0.
 354  0.
 355  0.
 356  0.
 357  0.
 358  0.
 359  0.
 360  0.
 361  0.
 362  0.
 363  0.
 364  0.
 365  0.
 366  0.
 367  0.
 368  0.
 369  0.
 370  0.
 371  0.
 372  0.
 373  0.
 374  0.
 375  0.
 376  0.
 377  0.
 378  0.
 379  0.
 380  0.
 381  0.
 382  0.
 383  0.
 384  0.
 385  0.
 386  0.
 387  0.
 388  0.
 389  0.
 390  0.
 391  0.
 392  0.
 393  0.
 394  0.
 395  0.
 396  0.
 397  0.
 398  0.
 399  0.
 400  0.
 401  0.
 402  0.
 403  0.
 404  0.
 405  0.
 406  0.
 407  0.
 408  0.
 409  0.
 410  0.
 411  0.
 412  0.
 413  0.
 414  0.
 415  0.
 416  0.
 417  0.
 418  0.
 419  0.
 420  0.
 421  0.
 422  0.
 423  0.
 424  0.
 425  0.
 426  0.
 427  0.
 428  0.
 429  0.
 430  0.
 431  0.
 432  0.
 433  0.
 434  0.
 435  0.
 436  0.
 437  0.
 438  0.
 439  0.
 440  0.
 441  0.
 442  0.
 443  0.
 444  0.
 445  0.
 446  0.
 447  0.
 448  0.
 449  0.
 450  0.
 451  0.
 452  0.
 453  0.
 454  0.
 455  0.
 456  0.
 457  0.
 458  0.
 459  0.
 460  0.
 461  0.
 462  0.
 463  0.
 464  0.
 465  0.
 466  0.
 467  0.
 468  0.
 469  0.
 470  0.
 471  0.
 472  0.
 473  0.
 474  0.
 475  0.
 476  0.
 477  0.
 478  0.
 479  0.
 480  0.
 481  0.
 482  0.
 483  0.
 484  0.
 485  0.
 486  0.
 487  0.
 488  0.
 489  0.
 490  0.
 491  0.
 492  0.
 493  0.
 494  0.
 495  0.
 496  0.
 497  0.
 498  0.
 499  0.
 500  0.

 1  0.
 2  0.
 3  0.
 4  0.
 5  0.
 6  0.
 7  0.
 8  0.
 9  0.
 10  0.
 11  0.
 12  0.
 13  0.
 14  0.
 15  0.
 16  0.
 17  0.
 18  0.
 19  0.
 20  0.
 21  0.
 22  0.
 23  0.
 24  0.
 25  0.
 26  0.
 27  0.
 28  0.
 29  0.
 30  0.
 31  0.
 32  0.
 33  0.
 34  0.
 35  0.
 36  0.
 37  0.
 38  0.
 39  0.
 40  0.
 41  0.
 42  0.
 43  0.
 44  0.
 45  0.
 46  0.
 47  0.
 48  0.
 49  0.
 50  0.
 51  0.
 52  0.
 53  0.
 54  0.
 55  0.
 56  0.
 57  0.
 58  0.
 59  0.
 60  0.
 61  0.
 62  0.
 63  0.
 64  0.
 65  0.
 66  0.
 67  0.
 68  0.
 69  0.
 70  0.
 71  0.
 72  0.
 73  0.
 74  0.
 75  0.
 76  0.
 77  0.
 78  0.
 79  0.
 80  0.
 81  0.
 82  0.
 83  0.
 84  0.
 85  0.
 86  0.
 87  0.
 88  0.
 89  0.
 90  0.
 91  0.
 92  0.
 93  0.
 94  0.
 95  0.
 96  0.
 97  0.
 98  0.
 99  0.
 100  0.
 101  0.
 102  0.
 103  0.
 104  0.
 105  0.
 106  0.
 107  0.
 108  0.
 109  0.
 110  0.
 111  0.
 112  0.
 113  0.
 114  0.
 115  0.
 116  0.
 117  0.
 118  0.
 119  0.
 120  0.
 121  0.
 122  0.
 123  0.
 124  0.
 125  0.
 126  0.
 127  0.
 128  0.
 129  0.
 130  0.
 131  0.
 132  0.
 133  0.
 134  0.
 135  0.
 136  0.
 137  0.
 138  0.
 139  0.
 140  0.
 141  0.
 142  0.
 143  0.
 144  0.
 145  0.
 146  0.
 147  0.
 148  0.
 149  0.
 150  0.
 151  0.
 152  0.
 153  0.
 154  0.
 155  0.
 156  0.
 157  0.
 158  0.
 159  0.
 160  0.
 161  0.
 162  0.
 163  0.
 164  0.
 165  0.
 166  0.
 167  0.
 168  0.
 169  0.
 170  0.
 171  0.
 172  0.
 173  0.
 174  0.
 175  0.
 176  0.
 177  0.
 178  0.
 179  0.
 180  0.
 181  0.
 182  0.
 183  0.
 184  0.
 185  0.
 186  0.
 187  0.
 188  0.
 189  0.
 190  0.
 191  0.
 192  0.
 193  0.
 194  0.
 195  0.
 196  0.
 197  0.
 198  0.
 199  0.
 200  0.
 201  0.
 202  0.
 203  0.
 204  0.
 205  0.
 206  0.
 207  0.
 208  0.
 209  0.
 210  0.
 211  0.
 212  0.
 213  0.
 214  0.
 215  0.
 216  0.
 217  0.
 218  0.
 219  0.
 220  0.
 221  0.
 222  0.
 223  0.
 224  0.
 225  0.
 226  0.
 227  0.
 228  0.
 229  0.
 230  0.
 231  0.
 232  0.
 233  0.
 234  0.
 235  0.
 236  0.
 237  0.
 238  0.
 239  0.
 240  0.
 241  0.
 242  0.
 243  0.
 244  0.
 245  0.
 246  0.
 247  0.
 248  0.
 249  0.
 250  0.
 251  0.
 252  0.
 253  0.
 254  0.
 255  0.
 256  0.
 257  0.
 258  0.
 259  0.
 260  0.
 261  0.
 262  0.
 263  0.
 264  0.
 265  0.
 266  0.
 267  0.
 268  0.
 269  0.
 270  0.
 271  0.
 272  0.
 273  0.
 274  0.
 275  0.
 276  0.
 277  0.
 278  0.
 279  0.
 280  0.
 281  0.
 282  0.
 283  0.
 284  0.
 285  0.
 286  0.
 287  0.
 288  0.
 289  0.
 290  0.
 291  0.
 292  0.
 293  0.
 294  0.
 295  0.
 296  0.
 297  0.
 298  0.
 299  0.
 300  0.
 301  0.
 302  0.
 303  0.
 304  0.
 305  0.
 306  0.
 307  0.
 308  0.
 309  0.
 310  0.
 311  0.
 312  0.
 313  0.
 314  0.
 315  0.
 316  0.
 317  0.
 318  0.
 319  0.
 320  0.
 321  0.
 322  0.
 323  0.
 324  0.
 325  0.
 326  0.
 327  0.
 328  0.
 329  0.
 330  0.
 331  0.
 332  0.
 333  0.
 334  0.
 335  0.
 336  0.
 337  0.
 338  0.
 339  0.
 340  0.
 341  0.
 342  0.
 343  0.
 344  0.
 345  0.
 346  0.
 347  0.
 348  0.
 349  0.
 350  0.
 351  0.
 352  0.
 353  0.
 354  0.
 355  0.
 356  0.
 357  0.
 358  0.
 359  0.
 360  0.
 361  0.
 362  0.
 363  0.
 364  0.
 365  0.
 366  0.
 367  0.
 368  0.
 369  0.
 370  0.
 371  0.
 372  0.
 373  0.
 374  0.
 375  0.
 376  0.
 377  0.
 378  0.
 379  0.
 380  0.
 381  0.
 382  0.
 383  0.
 384  0.
 385  0.
 386  0.
 387  0.
 388  0.
 389  0.
 390  0.
 391  0.
 392  0.
 393  0.
 394  0.
 395  0.
 396  0.
 397  0.
 398  0.
 399  0.
 400  0.
 401  0.
 402  0.
 403  0.
 404  0.
 405  0.
 406  0.
 407  0.
 408  0.
 409  0.
 410  0.
 411  0.
 412  0.
 413  0.
 414  0.
 415  0.
 416  0.
 417  0.
 418  0.
 419  0.
 420  0.
 421  0.
 422  0.
 423  0.
 424  0.
 425  0.
 426  0.
 427  0.
 428  0.
 429  0.
 430  0.
 431  0.
 432  0.
 433  0.
 434  0.
 435  0.
 436  0.
 437  0.
 438  0.
 439  0.
 440  0.
 441  0.
 442  0.
 443  0.
 444  0.
 445  0.
 446  0.
 447  0.
 448  0.
 449  0.
 450  0.
 451  0.
 452  0.
 453  0.
 454  0.
 455  0.
 456  0.
 457  0.
 458  0.
 459  0.
 460  0.
 461  0.
 462  0.
 463  0.
 464  0.
 465  0.
 466  0.
 467  0.
 468  0.
 469  0.
 470  0.
 471  0.
 472  0.
 473  0.
 474  0.
 475  0.
 476  0.
 477  0.
 478  0.
 479  0.
 480  0.
 481  0.
 482  0.
 483  0.
 484  0.
 485  0.
 486  0.
 487  0.
 488  0.
 489  0.
 490  0.
 491  0.
 492  0.
 493  0.
 494  0.
 495  0.
 496  0.
 497  0.
 498  0.
 499  0.
 500  0.

 1  0.
 2  0.
 3  0.
 4  0.
 5  0.
 6  0.
 7  0.
 8  0.
 9  0.
 10  0.
 11  0.
 12  0.
 13  0.
 14  0.
 15  0.
 16  0.
 17  0.
 18  0.
 19  0.
 20  0.
 21  0.
 22  0.
 23  0.
 24  0.
 25  0.
 26  0.
 27  0.
 28  0.
 29  0.
 30  0.
 31  0.
 32  0.
 33  0.
 34  0.
 35  0.
 36  0.
 37  0.
 38  0.
 39  0.
 40  0.
 41  0.
 42  0.
 43  0.
 44  0.
 45  0.
 46  0.
 47  0.
 48  0.
 49  0.
 50  0.
 51  0.
 52  0.
 53  0.
 54  0.
 55  0.
 56  0.
 57  0.
 58  0.
 59  0.
 60  0.
 61  0.
 62  0.
 63  0.
 64  0.
 65  0.
 66  0.
 67  0.
 68  0.
 69  0.
 70  0.
 71  0.
 72  0.
 73  0.
 74  0.
 75  0.
 76  0.
 77  0.
 78  0.
 79  0.
 80  0.
 81  0.
 82  0.
 83  0.
 84  0.
 85  0.
 86  0.
 87  0.
 88  0.
 89  0.
 90  0.
 91  0.
 92  0.
 93  0.
 94  0.
 95  0.
 96  0.
 97  0.
 98  0.
 99  0.
 100  0.
 101  0.
 102  0.
 103  0.
 104  0.
 105  0.
 106  0.
 107  0.
 108  0.
 109  0.
 110  0.
 111  0.
 112  0.
 113  0.
 114  0.
 115  0.
 116  0.
 117  0.
 118  0.
 119  0.
 120  0.
 121  0.
 122  0.
 123  0.
 124  0.
 125  0.
 126  0.
 127  0.
 128  0.
 129  0.
 130  0.
 131  0.
 132  0.
 133  0.
 134  0.
 135  0.
 136  0.
 137  0.
 138  0.
 139  0.
 140  0.
 141  0.
 142  0.
 143  0.
 144  0.
 145  0.
 146  0.
 147  0.
 148  0.
 149  0.
 150  0.
 151  0.
 152  0.
 153  0.
 154  0.
 155  0.
 156  0.
 157  0.
 158  0.
 159  0.
 160  0.
 161  0.
 162  0.
 163  0.
 164  0.
 165  0.
 166  0.
 167  0.
 168  0.
 169  0.
 170  0.
 171  0.
 172  0.
 173  0.
 174  0.
 175  0.
 176  0.
 177  0.
 178  0.
 179  0.
 180  0.
 181  0.
 182  0.
 183  0.
 184  0.
 185  0.
 186  0.
 187  0.
 188  0.
 189  0.
 190  0.
 191  0.
 192  0.
 193  0.
 194  0.
 195  0.
 196  0.
 197  0.
 198  0.
 199  0.
 200  0.
 201  0.
 202  0.
 203  0.
 204  0.
 205  0.
 206  0.
 207  0.
 208  0.
 209  0.
 210  0.
 211  0.
 212  0.
 213  0.
 214  0.
 215  0.
 216  0.
 217  0.
 218  0.
 219  0.
 220  0.
 221  0.
 222  0.
 223  0.
 224  0.
 225  0.
 226  0.
 227  0.
 228  0.
 229  0.
 230  0.
 231  0.
 232  0.
 233  0.
 234  0.
 235  0.
 236  0.
 237  0.
 238  0.
 239  0.
 240  0.
 241  0.
 242  0.
 243  0.
 244  0.
 245  0.
 246  0.
 247  0.
 248  0.
 249  0.
 250  0.
 251  0.
 252  0.
 253  0.
 254  0.
 255  0.
 256  0.
 257  0.
 258  0.
 259  0.
 260  0.
 261  0.
 262  0.
 263  0.
 264  0.
 265  0.
 266  0.
 267  0.
 268  0.
 269  0.
 270  0.
 271  0.
 272  0.
 273  0.
 274  0.
 275  0.
 276  0.
 277  0.
 278  0.
 279  0.
 280  0.
 281  0.
 282  0.
 283  0.
 284  0.
 285  0.
 286  0.
 287  0.
 288  0.
 289  0.
 290  0.
 291  0.
 292  0.
 293  0.
 294  0.
 295  0.
 296  0.
 297  0.
 298  0.
 299  0.
 300  0.
 301  0.
 302  0.
 303  0.
 304  0.
 305  0.
 306  0.
 307  0.
 308  0.
 309  0.
 310  0.
 311  0.
 312  0.
 313  0.
 314  0.
 315  0.
 316  0.
 317  0.
 318  0.
 319  0.
 320  0.
 321  0.
 322  0.
 323  0.
 324  0.
 325  0.
 326  0.
 327  0.
 328  0.
 329  0.
 330  0.
 331  0.
 332  0.
 333  0.
 334  0.
 335  0.
 336  0.
 337  0.
 338  0.
 339  0.
 340  0.
 341  0.
 342  0.
 343  0.
 344  0.
 345  0.
 346  0.
 347  0.
 348  0.
 349  0.
 350  0.
 351  0.
 352  0.
 353  0.
 354  0.
 355  0.
 356  0.
 357  0.
 358  0.
 359  0.
 360  0.
 361  0.
 362  0.
 363  0.
 364  0.
 365  0.
 366  0.
 367  0.
 368  0.
 369  0.
 370  0.
 371  0.
 372  0.
 373  0.
 374  0.
 375  0.
 376  0.
 377  0.
 378  0.
 379  0.
 380  0.
 381  0.
 382  0.
 383  0.
 384  0.
 385  0.
 386  0.
 387  0.
 388  0.
 389  0.
 390  0.
 391  0.
 392  0.
 393  0.
 394  0.
 395  0.
 396  0.
 397  0.
 398  0.
 399  0.
 400  0.
 401  0.
 402  0.
 403  0.
 404  0.
 405  0.
 406  0.
 407  0.
 408  0.
 409  0.
 410  0.
 411  0.
 412  0.
 413  0.
 414  0.
 415  0.
 416  0.
 417  0.
 418  0.
 419  0.
 420  0.
 421  0.
 422  0.
 423  0.
 424  0.
 425  0.
 426  0.
 427  0.
 428  0.
 429  0.
 430  0.
 431  0.
 432  0.
 433  0.
 434  0.
 435  0.
 436  0.
 437  0.
 438  0.
 439  0.
 440  0.
 441  0.
 442  0.
 443  0.
 444  0.
 445  0.
 446  0.
 447  0.
 448  0.
 449  0.
 450  0.
 451  0.
 452  0.
 453  0.
 454  0.
 455  0.
 456  0.
 457  0.
 458  0.
 459  0.
 460  0.
 461  0.
 462  0.
 463  0.
 464  0.
 465  0.
 466  0.
 467  0.
 468  0.
 469  0.
 470  0.
 471  0.
 472  0.
 473  0.
 474  0.
 475  0.
 476  0.
 477  0.
 478  0.
 479  0.
 480  0.
 481  0.
 482  0.
 483  0.
 484  0.
 485  0.
 486  0.
 487  0.
 488  0.
 489  0.
 490  0.
 491  0.
 492  0.
 493  0.
 494  0.
 495  0.
 496  0.
 497  0.
 498  0.
 499  0.
 500  0.

 1  0.
 2  0.
 3  0.
 4  0.
 5  0.
 6  0.
 7  0.
 8  0.
 9  0.
 10  0.
 11  0.
 12  0.
 13  0.
 14  0.
 15  0.
 16  0.
 17  0.
 18  0.
 19  0.
 20  0.
 21  0.
 22  0.
 23  0.
 24  0.
 25  0.
 26  0.
 27  0.
 28  0.
 29  0.
 30  0.
 31  0.
 32  0.
 33  0.
 34  0.
 35  0.
 36  0.
 37  0.
 38  0.
 39  0.
 40  0.
 41  0.
 42  0.
 43  0.
 44  0.
 45  0.
 46  0.
 47  0.
 48  0.
 49  0.
 50  0.
 51  0.
 52  0.
 53  0.
 54  0.
 55  0.
 56  0.
 57  0.
 58  0.
 59  0.
 60  0.
 61  0.
 62  0.
 63  0.
 64  0.
 65  0.
 66  0.
 67  0.
 68  0.
 69  0.
 70  0.
 71  0.
 72  0.
 73  0.
 74  0.
 75  0.
 76  0.
 77  0.
 78  0.
 79  0.
 80  0.
 81  0.
 82  0.
 83  0.
 84  0.
 85  0.
 86  0.
 87  0.
 88  0.
 89  0.
 90  0.
 91  0.
 92  0.
 93  0.
 94  0.
 95  0.
 96  0.
 97  0.
 98  0.
 99  0.
 100  0.
 101  0.
 102  0.
 103  0.
 104  0.
 105  0.
 106  0.
 107  0.
 108  0.
 109  0.
 110  0.
 111  0.
 112  0.
 113  0.
 114  0.
 115  0.
 116  0.
 117  0.
 118  0.
 119  0.
 120  0.
 121  0.
 122  0.
 123  0.
 124  0.
 125  0.
 126  0.
 127  0.
 128  0.
 129  0.
 130  0.
 131  0.
 132  0.
 133  0.
 134  0.
 135  0.
 136  0.
 137  0.
 138  0.
 139  0.
 140  0.
 141  0.
 142  0.
 143  0.
 144  0.
 145  0.
 146  0.
 147  0.
 148  0.
 149  0.
 150  0.
 151  0.
 152  0.
 153  0.
 154  0.
 155  0.
 156  0.
 157  0.
 158  0.
 159  0.
 160  0.
 161  0.
 162  0.
 163  0.
 164  0.
 165  0.
 166  0.
 167  0.
 168  0.
 169  0.
 170  0.
 171  0.
 172  0.
 173  0.
 174  0.
 175  0.
 176  0.
 177  0.
 178  0.
 179  0.
 180  0.
 181  0.
 182  0.
 183  0.
 184  0.
 185  0.
 186  0.
 187  0.
 188  0.
 189  0.
 190  0.
 191  0.
 192  0.
 193  0.
 194  0.
 195  0.
 196  0.
 197  0.
 198  0.
 199  0.
 200  0.
 201  0.
 202  0.
 203  0.
 204  0.
 205  0.
 206  0.
 207  0.
 208  0.
 209  0.
 210  0.
 211  0.
 212  0.
 213  0.
 214  0.
 215  0.
 216  0.
 217  0.
 218  0.
 219  0.
 220  0.
 221  0.
 222  0.
 223  0.
 224  0.
 225  0.
 226  0.
 227  0.
 228  0.
 229  0.
 230  0.
 231  0.
 232  0.
 233  0.
 234  0.
 235  0.
 236  0.
 237  0.
 238  0.
 239  0.
 240  0.
 241  0.
 242  0.
 243  0.
 244  0.
 245  0.
 246  0.
 247  0.
 248  0.
 249  0.
 250  0.
 251  0.
 252  0.
 253  0.
 254  0.
 255  0.
 256  0.
 257  0.
 258  0.
 259  0.
 260  0.
 261  0.
 262  0.
 263  0.
 264  0.
 265  0.
 266  0.
 267  0.
 268  0.
 269  0.
 270  0.
 271  0.
 272  0.
 273  0.
 274  0.
 275  0.
 276  0.
 277  0.
 278  0.
 279  0.
 280  0.
 281  0.
 282  0.
 283  0.
 284  0.
 285  0.
 286  0.
 287  0.
 288  0.
 289  0.
 290  0.
 291  0.
 292  0.
 293  0.
 294  0.
 295  0.
 296  0.
 297  0.
 298  0.
 299  0.
 300  0.
 301  0.
 302  0.
 303  0.
 304  0.
 305  0.
 306  0.
 307  0.
 308  0.
 309  0.
 310  0.
 311  0.
 312  0.
 313  0.
 314  0.
 315  0.
 316  0.
 317  0.
 318  0.
 319  0.
 320  0.
 321  0.
 322  0.
 323  0.
 324  0.
 325  0.
 326  0.
 327  0.
 328  0.
 329  0.
 330  0.
 331  0.
 332  0.
 333  0.
 334  0.
 335  0.
 336  0.
 337  0.
 338  0.
 339  0.
 340  0.
 341  0.
 342  0.
 343  0.
 344  0.
 345  0.
 346  0.
 347  0.
 348  0.
 349  0.
 350  0.
 351  0.
 352  0.
 353  0.
 354  0.
 355  0.
 356  0.
 357  0.
 358  0.
 359  0.
 360  0.
 361  0.
 362  0.
 363  0.
 364  0.
 365  0.
 366  0.
 367  0.
 368  0.
 369  0.
 370  0.
 371  0.
 372  0.
 373  0.
 374  0.
 375  0.
 376  0.
 377  0.
 378  0.
 379  0.
 380  0.
 381  0.
 382  0.
 383  0.
 384  0.
 385  0.
 386  0.
 387  0.
 388  0.
 389  0.
 390  0.
 391  0.
 392  0.
 393  0.
 394  0.
 395  0.
 396  0.
 397  0.
 398  0.
 399  0.
 400  0.
 401  0.
 402  0.
 403  0.
 404  0.
 405  0.
 406  0.
 407  0.
 408  0.
 409  0.
 410  0.
 411  0.
 412  0.
 413  0.
 414  0.
 415  0.
 416  0.
 417  0.
 418  0.
 419  0.
 420  0.
 421  0.
 422  0.
 423  0.
 424  0.
 425  0.
 426  0.
 427  0.
 428  0.
 429  0.
 430  0.
 431  0.
 432  0.
 433  0.
 434  0.
 435  0.
 436  0.
 437  0.
 438  0.
 439  0.
 440  0.
 441  0.
 442  0.
 443  0.
 444  0.
 445  0.
 446  0.
 447  0.
 448  0.
 449  0.
 450  0.
 451  0.
 452  0.
 453  0.
 454  0.
 455  0.
 456  0.
 457  0.
 458  0.
 459  0.
 460  0.
 461  0.
 462  0.
 463  0.
 464  0.
 465  0.
 466  0.
 467  0.
 468  0.
 469  0.
 470  0.
 471  0.
 472  0.
 473  0.
 474  0.
 475  0.
 476  0.
 477  0.
 478  0.
 479  0.
 480  0.
 481  0.
 482  0.
 483  0.
 484  0.
 485  0.
 486  0.
 487  0.
 488  0.
 489  0.
 490  0.
 491  0.
 492  0.
 493  0.
 494  0.
 495  0.
 496  0.
 497  0.
 498  0.
 499  0.
 500  0.

 1  0.
 2  0.
 3  0.
 4  0.
 5  0.
 6  0.
 7  0.
 8  0.
 9  0.
 10  0.
 11  0.
 12  0.
 13  0.
 14  0.
 15  0.
 16  0.
 17  0.
 18  0.
 19  0.
 20  0.
 21  0.
 22  0.
 23  0.
 24  0.
 25  0.
 26  0.
 27  0.
 28  0.
 29  0.
 30  0.
 31  0.
 32  0.
 33  0.
 34  0.
 35  0.
 36  0.
 37  0.
 38  0.
 39  0.
 40  0.
 41  0.
 42  0.
 43  0.
 44  0.
 45  0.
 46  0.
 47  0.
 48  0.
 49  0.
 50  0.
 51  0.
 52  0.
 53  0.
 54  0.
 55  0.
 56  0.
 57  0.
 58  0.
 59  0.
 60  0.
 61  0.
 62  0.
 63  0.
 64  0.
 65  0.
 66  0.
 67  0.
 68  0.
 69  0.
 70  0.
 71  0.
 72  0.
 73  0.
 74  0.
 75  0.
 76  0.
 77  0.
 78  0.
 79  0.
 80  0.
 81  0.
 82  0.
 83  0.
 84  0.
 85  0.
 86  0.
 87  0.
 88  0.
 89  0.
 90  0.
 91  0.
 92  0.
 93  0.
 94  0.
 95  0.
 96  0.
 97  0.
 98  0.
 99  0.
 100  0.
 101  0.
 102  0.
 103  0.
 104  0.
 105  0.
 106  0.
 107  0.
 108  0.
 109  0.
 110  0.
 111  0.
 112  0.
 113  0.
 114  0.
 115  0.
 116  0.
 117  0.
 118  0.
 119  0.
 120  0.
 121  0.
 122  0.
 123  0.
 124  0.
 125  0.
 126  0.
 127  0.
 128  0.
 129  0.
 130  0.
 131  0.
 132  0.
 133  0.
 134  0.
 135  0.
 136  0.
 137  0.
 138  0.
 139  0.
 140  0.
 141  0.
 142  0.
 143  0.
 144  0.
 145  0.
 146  0.
 147  0.
 148  0.
 149  0.
 150  0.
 151  0.
 152  0.
 153  0.
 154  0.
 155  0.
 156  0.
 157  0.
 158  0.
 159  0.
 160  0.
 161  0.
 162  0.
 163  0.
 164  0.
 165  0.
 166  0.
 167  0.
 168  0.
 169  0.
 170  0.
 171  0.
 172  0.
 173  0.
 174  0.
 175  0.
 176  0.
 177  0.
 178  0.
 179  0.
 180  0.
 181  0.
 182  0.
 183  0.
 184  0.
 185  0.
 186  0.
 187  0.
 188  0.
 189  0.
 190  0.
 191  0.
 192  0.
 193  0.
 194  0.
 195  0.
 196  0.
 197  0.
 198  0.
 199  0.
 200  0.
 201  0.
 202  0.
 203  0.
 204  0.
 205  0.
 206  0.
 207  0.
 208  0.
 209  0.
 210  0.
 211  0.
 212  0.
 213  0.
 214  0.
 215  0.
 216  0.
 217  0.
 218  0.
 219  0.
 220  0.
 221  0.
 222  0.
 223  0.
 224  0.
 225  0.
 226  0.
 227  0.
 228  0.
 229  0.
 230  0.
 231  0.
 232  0.
 233  0.
 234  0.
 235  0.
 236  0.
 237  0.
 238  0.
 239  0.
 240  0.
 241  0.
 242  0.
 243  0.
 244  0.
 245  0.
 246  0.
 247  0.
 248  0.
 249  0.
 250  0.
 251  0.
 252  0.
 253  0.
 254  0.
 255  0.
 256  0.
 257  0.
 258  0.
 259  0.
 260  0.
 261  0.
 262  0.
 263  0.
 264  0.
 265  0.
 266  0.
 267  0.
 268  0.
 269  0.
 270  0.
 271  0.
 272  0.
 273  0.
 274  0.
 275  0.
 276  0.
 277  0.
 278  0.
 279  0.
 280  0.
 281  0.
 282  0.
 283  0.
 284  0.
 285  0.
 286  0.
 287  0.
 288  0.
 289  0.
 290  0.
 291  0.
 292  0.
 293  0.
 294  0.
 295  0.
 296  0.
 297  0.
 298  0.
 299  0.
 300  0.
 301  0.
 302  0.
 303  0.
 304  0.
 305  0.
 306  0.
 307  0.
 308  0.
 309  0.
 310  0.
 311  0.
 312  0.
 313  0.
 314  0.
 315  0.
 316  0.
 317  0.
 318  0.
 319  0.
 320  0.
 321  0.
 322  0.
 323  0.
 324  0.
 325  0.
 326  0.
 327  0.
 328  0.
 329  0.
 330  0.
 331  0.
 332  0.
 333  0.
 334  0.
 335  0.
 336  0.
 337  0.
 338  0.
 339  0.
 340  0.
 341  0.
 342  0.
 343  0.
 344  0.
 345  0.
 346  0.
 347  0.
 348  0.
 349  0.
 350  0.
 351  0.
 352  0.
 353  0.
 354  0.
 355  0.
 356  0.
 357  0.
 358  0.
 359  0.
 360  0.
 361  0.
 362  0.
 363  0.
 364  0.
 365  0.
 366  0.
 367  0.
 368  0.
 369  0.
 370  0.
 371  0.
 372  0.
 373  0.
 374  0.
 375  0.
 376  0.
 377  0.
 378  0.
 379  0.
 380  0.
 381  0.
 382  0.
 383  0.
 384  0.
 385  0.
 386  0.
 387  0.
 388  0.
 389  0.
 390  0.
 391  0.
 392  0.
 393  0.
 394  0.
 395  0.
 396  0.
 397  0.
 398  0.
 399  0.
 400  0.
 401  0.
 402  0.
 403  0.
 404  0.
 405  0.
 406  0.
 407  0.
 408  0.
 409  0.
 410  0.
 411  0.
 412  0.
 413  0.
 414  0.
 415  0.
 416  0.
 417  0.
 418  0.
 419  0.
 420  0.
 421  0.
 422  0.
 423  0.
 424  0.
 425  0.
 426  0.
 427  0.
 428  0.
 429  0.
 430  0.
 431  0.
 432  0.
 433  0.
 434  0.
 435  0.
 436  0.
 437  0.
 438  0.
 439  0.
 440  0.
 441  0.
 442  0.
 443  0.
 444  0.
 445  0.
 446  0.
 447  0.
 448  0.
 449  0.
 450  0.
 451  0.
 452  0.
 453  0.
 454  0.
 455  0.
 456  0.
 457  0.
 458  0.
 459  0.
 460  0.
 461  0.
 462  0.
 463  0.
 464  0.
 465  0.
 466  0.
 467  0.
 468  0.
 469  0.
 470  0.
 471  0.
 472  0.
 473  0.
 474  0.
 475  0.
 476  0.
 477  0.
 478  0.
 479  0.
 480  0.
 481  0.
 482  0.
 483  0.
 484  0.
 485  0.
 486  0.
 487  0.
 488  0.
 489  0.
 490  0.
 491  0.
 492  0.
 493  0.
 494  0.
 495  0.
 496  0.
 497  0.
 498  0.
 499  0.
 500  0.

 1  0.
 2  0.
 3  0.
 4  0.
 5  0.
 6  0.
 7  0.
 8  0.
 9  0.
 10  0.
 11  0.
 12  0.
 13  0.
 14  0.
 15  0.
 16  0.
 17  0.
 18  0.
 19  0.
 20  0.
 21  0.
 22  0.
 23  0.
 24  0.
 25  0.
 26  0.
 27  0.
 28  0.
 29  0.
 30  0.
 31  0.
 32  0.
 33  0.
 34  0.
 35  0.
 36  0.
 37  0.
 38  0.
 39  0.
 40  0.
 41  0.
 42  0.
 43  0.
 44  0.
 45  0.
 46  0.
 47  0.
 48  0.
 49  0.
 50  0.
 51  0.
 52  0.
 53  0.
 54  0.
 55  0.
 56  0.
 57  0.
 58  0.
 59  0.
 60  0.
 61  0.
 62  0.
 63  0.
 64  0.
 65  0.
 66  0.
 67  0.
 68  0.
 69  0.
 70  0.
 71  0.
 72  0.
 73  0.
 74  0.
 75  0.
 76  0.
 77  0.
 78  0.
 79  0.
 80  0.
 81  0.
 82  0.
 83  0.
 84  0.
 85  0.
 86  0.
 87  0.
 88  0.
 89  0.
 90  0.
 91  0.
 92  0.
 93  0.
 94  0.
 95  0.
 96  0.
 97  0.
 98  0.
 99  0.
 100  0.
 101  0.
 102  0.
 103  0.
 104  0.
 105  0.
 106  0.
 107  0.
 108  0.
 109  0.
 110  0.
 111  0.
 112  0.
 113  0.
 114  0.
 115  0.
 116  0.
 117  0.
 118  0.
 119  0.
 120  0.
 121  0.
 122  0.
 123  0.
 124  0.
 125  0.
 126  0.
 127  0.
 128  0.
 129  0.
 130  0.
 131  0.
 132  0.
 133  0.
 134  0.
 135  0.
 136  0.
 137  0.
 138  0.
 139  0.
 140  0.
 141  0.
 142  0.
 143  0.
 144  0.
 145  0.
 146  0.
 147  0.
 148  0.
 149  0.
 150  0.
 151  0.
 152  0.
 153  0.
 154  0.
 155  0.
 156  0.
 157  0.
 158  0.
 159  0.
 160  0.
 161  0.
 162  0.
 163  0.
 164  0.
 165  0.
 166  0.
 167  0.
 168  0.
 169  0.
 170  0.
 171  0.
 172  0.
 173  0.
 174  0.
 175  0.
 176  0.
 177  0.
 178  0.
 179  0.
 180  0.
 181  0.
 182  0.
 183  0.
 184  0.
 185  0.
 186  0.
 187  0.
 188  0.
 189  0.
 190  0.
 191  0.
 192  0.
 193  0.
 194  0.
 195  0.
 196  0.
 197  0.
 198  0.
 199  0.
 200  0.
 201  0.
 202  0.
 203  0.
 204  0.
 205  0.
 206  0.
 207  0.
 208  0.
 209  0.
 210  0.
 211  0.
 212  0.
 213  0.
 214  0.
 215  0.
 216  0.
 217  0.
 218  0.
 219  0.
 220  0.
 221  0.
 222  0.
 223  0.
 224  0.
 225  0.
 226  0.
 227  0.
 228  0.
 229  0.
 230  0.
 231  0.
 232  0.
 233  0.
 234  0.
 235  0.
 236  0.
 237  0.
 238  0.
 239  0.
 240  0.
 241  0.
 242  0.
 243  0.
 244  0.
 245  0.
 246  0.
 247  0.
 248  0.
 249  0.
 250  0.
 251  0.
 252  0.
 253  0.
 254  0.
 255  0.
 256  0.
 257  0.
 258  0.
 259  0.
 260  0.
 261  0.
 262  0.
 263  0.
 264  0.
 265  0.
 266  0.
 267  0.
 268  0.
 269  0.
 270  0.
 271  0.
 272  0.
 273  0.
 274  0.
 275  0.
 276  0.
 277  0.
 278  0.
 279  0.
 280  0.
 281  0.
 282  0.
 283  0.
 284  0.
 285  0.
 286  0.
 287  0.
 288  0.
 289  0.
 290  0.
 291  0.
 292  0.
 293  0.
 294  0.
 295  0.
 296  0.
 297  0.
 298  0.
 299  0.
 300  0.
 301  0.
 302  0.
 303  0.
 304  0.
 305  0.
 306  0.
 307  0.
 308  0.
 309  0.
 310  0.
 311  0.
 312  0.
 313  0.
 314  0.
 315  0.
 316  0.
 317  0.
 318  0.
 319  0.
 320  0.
 321  0.
 322  0.
 323  0.
 324  0.
 325  0.
 326  0.
 327  0.
 328  0.
 329  0.
 330  0.
 331  0.
 332  0.
 333  0.
 334  0.
 335  0.
 336  0.
 337  0.
 338  0.
 339  0.
 340  0.
 341  0.
 342  0.
 343  0.
 344  0.
 345  0.
 346  0.
 347  0.
 348  0.
 349  0.
 350  0.
 351  0.
 352  0.
 353  0.
 354  0.
 355  0.
 356  0.
 357  0.
 358  0.
 359  0.
 360  0.
 361  0.
 362  0.
 363  0.
 364  0.
 365  0.
 366  0.
 367  0.
 368  0.
 369  0.
 370  0.
 371  0.
 372  0.
 373  0.
 374  0.
 375  0.
 376  0.
 377  0.
 378  0.
 379  0.
 380  0.
 381  0.
 382  0.
 383  0.
 384  0.
 385  0.
 386  0.
 387  0.
 388  0.
 389  0.
 390  0.
 391  0.
 392  0.
 393  0.
 394  0.
 395  0.
 396  0.
 397  0.
 398  0.
 399  0.
 400  0.
 401  0.
 402  0.
 403  0.
 404  0.
 405  0.
 406  0.
 407  0.
 408  0.
 409  0.
 410  0.
 411  0.
 412  0.
 413  0.
 414  0.
 415  0.
 416  0.
 417  0.
 418  0.
 419  0.
 420  0.
 421  0.
 422  0.
 423  0.
 424  0.
 425  0.
 426  0.
 427  0.
 428  0.
 429  0.
 430  0.
 431  0.
 432  0.
 433  0.
 434  0.
 435  0.
 436  0.
 437  0.
 438  0.
 439  0.
 440  0.
 441  0.
 442  0.
 443  0.
 444  0.
 445  0.
 446  0.
 447  0.
 448  0.
 449  0.
 450  0.
 451  0.
 452  0.
 453  0.
 454  0.
 455  0.
 456  0.
 457  0.
 458  0.
 459  0.
 460  0.
 461  0.
 462  0.
 463  0.
 464  0.
 465  0.
 466  0.
 467  0.
 468  0.
 469  0.
 470  0.
 471  0.
 472  0.
 473  0.
 474  0.
 475  0.
 476  0.
 477  0.
 478  0.
 479  0.
 480  0.
 481  0.
 482  0.
 483  0.
 484  0.
 485  0.
 486  0.
 487  0.
 488  0.
 489  0.
 490  0.
 491  0.
 492  0.
 493  0.
 494  0.
 495  0.
 496  0.
 497  0.
 498  0.
 499  0.
 500  0.

 1  0.
 2  0.
 3  0.
 4  0.
 5  0.
 6  0.
 7  0.
 8  0.
 9  0.
 10  0.
 11  0.
 12  0.
 13  0.
 14  0.
 15  0.
 16  0.
 17  0.
 18  0.
 19  0.
 20  0.
 21  0.
 22  0.
 23  0.
 24  0.
 25  0.
 26  0.
 27  0.
 28  0.
 29  0.
 30  0.
 31  0.
 32  0.
 33  0.
 34  0.
 35  0.
 36  0.
 37  0.
 38  0.
 39  0.
 40  0.
 41  0.
 42  0.
 43  0.
 44  0.
 45  0.
 46  0.
 47  0.
 48  0.
 49  0.
 50  0.
 51  0.
 52  0.
 53  0.
 54  0.
 55  0.
 56  0.
 57  0.
 58  0.
 59  0.
 60  0.
 61  0.
 62  0.
 63  0.
 64  0.
 65  0.
 66  0.
 67  0.
 68  0.
 69  0.
 70  0.
 71  0.
 72  0.
 73  0.
 74  0.
 75  0.
 76  0.
 77  0.
 78  0.
 79  0.
 80  0.
 81  0.
 82  0.
 83  0.
 84  0.
 85  0.
 86  0.
 87  0.
 88  0.
 89  0.
 90  0.
 91  0.
 92  0.
 93  0.
 94  0.
 95  0.
 96  0.
 97  0.
 98  0.
 99  0.
 100  0.
 101  0.
 102  0.
 103  0.
 104  0.
 105  0.
 106  0.
 107  0.
 108  0.
 109  0.
 110  0.
 111  0.
 112  0.
 113  0.
 114  0.
 115  0.
 116  0.
 117  0.
 118  0.
 119  0.
 120  0.
 121  0.
 122  0.
 123  0.
 124  0.
 125  0.
 126  0.
 127  0.
 128  0.
 129  0.
 130  0.
 131  0.
 132  0.
 133  0.
 134  0.
 135  0.
 136  0.
 137  0.
 138  0.
 139  0.
 140  0.
 141  0.
 142  0.
 143  0.
 144  0.
 145  0.
 146  0.
 147  0.
 148  0.
 149  0.
 150  0.
 151  0.
 152  0.
 153  0.
 154  0.
 155  0.
 156  0.
 157  0.
 158  0.
 159  0.
 160  0.
 161  0.
 162  0.
 163  0.
 164  0.
 165  0.
 166  0.
 167  0.
 168  0.
 169  0.
 170  0.
 171  0.
 172  0.
 173  0.
 174  0.
 175  0.
 176  0.
 177  0.
 178  0.
 179  0.
 180  0.
 181  0.
 182  0.
 183  0.
 184  0.
 185  0.
 186  0.
 187  0.
 188  0.
 189  0.
 190  0.
 191  0.
 192  0.
 193  0.
 194  0.
 195  0.
 196  0.
 197  0.
 198  0.
 199  0.
 200  0.
 201  0.
 202  0.
 203  0.
 204  0.
 205  0.
 206  0.
 207  0.
 208  0.
 209  0.
 210  0.
 211  0.
 212  0.
 213  0.
 214  0.
 215  0.
 216  0.
 217  0.
 218  0.
 219  0.
 220  0.
 221  0.
 222  0.
 223  0.
 224  0.
 225  0.
 226  0.
 227  0.
 228  0.
 229  0.
 230  0.
 231  0.
 232  0.
 233  0.
 234  0.
 235  0.
 236  0.
 237  0.
 238  0.
 239  0.
 240  0.
 241  0.
 242  0.
 243  0.
 244  0.
 245  0.
 246  0.
 247  0.
 248  0.
 249  0.
 250  0.
 251  0.
 252  0.
 253  0.
 254  0.
 255  0.
 256  0.
 257  0.
 258  0.
 259  0.
 260  0.
 261  0.
 262  0.
 263  0.
 264  0.
 265  0.
 266  0.
 267  0.
 268  0.
 269  0.
 270  0.
 271  0.
 272  0.
 273  0.
 274  0.
 275  0.
 276  0.
 277  0.
 278  0.
 279  0.
 280  0.
 281  0.
 282  0.
 283  0.
 284  0.
 285  0.
 286  0.
 287  0.
 288  0.
 289  0.
 290  0.
 291  0.
 292  0.
 293  0.
 294  0.
 295  0.
 296  0.
 297  0.
 298  0.
 299  0.
 300  0.
 301  0.
 302  0.
 303  0.
 304  0.
 305  0.
 306  0.
 307  0.
 308  0.
 309  0.
 310  0.
 311  0.
 312  0.
 313  0.
 314  0.
 315  0.
 316  0.
 317  0.
 318  0.
 319  0.
 320  0.
 321  0.
 322  0.
 323  0.
 324  0.
 325  0.
 326  0.
 327  0.
 328  0.
 329  0.
 330  0.
 331  0.
 332  0.
 333  0.
 334  0.
 335  0.
 336  0.
 337  0.
 338  0.
 339  0.
 340  0.
 341  0.
 342  0.
 343  0.
 344  0.
 345  0.
 346  0.
 347  0.
 348  0.
 349  0.
 350  0.
 351  0.
 352  0.
 353  0.
 354  0.
 355  0.
 356  0.
 357  0.
 358  0.
 359  0.
 360  0.
 361  0.
 362  0.
 363  0.
 364  0.
 365  0.
 366  0.
 367  0.
 368  0.
 369  0.
 370  0.
 371  0.
 372  0.
 373  0.
 374  0.
 375  0.
 376  0.
 377  0.
 378  0.
 379  0.
 380  0.
 381  0.
 382  0.
 383  0.
 384  0.
 385  0.
 386  0.
 387  0.
 388  0.
 389  0.
 390  0.
 391  0.
 392  0.
 393  0.
 394  0.
 395  0.
 396  0.
 397  0.
 398  0.
 399  0.
 400  0.
 401  0.
 402  0.
 403  0.
 404  0.
 405  0.
 406  0.
 407  0.
 408  0.
 409  0.
 410  0.
 411  0.
 412  0.
 413  0.
 414  0.
 415  0.
 416  0.
 417  0.
 418  0.
 419  0.
 420  0.
 421  0.
 422  0.
 423  0.
 424  0.
 425  0.
 426  0.
 427  0.
 428  0.
 429  0.
 430  0.
 431  0.
 432  0.
 433  0.
 434  0.
 435  0.
 436  0.
 437  0.
 438  0.
 439  0.
 440  0.
 441  0.
 442  0.
 443  0.
 444  0.
 445  0.
 446  0.
 447  0.
 448  0.
 449  0.
 450  0.
 451  0.
 452  0.
 453  0.
 454  0.
 455  0.
 456  0.
 457  0.
 458  0.
 459  0.
 460  0.
 461  0.
 462  0.
 463  0.
 464  0.
 465  0.
 466  0.
 467  0.
 468  0.
 469  0.
 470  0.
 471  0.
 472  0.
 473  0.
 474  0.
 475  0.
 476  0.
 477  0.
 478  0.
 479  0.
 480  0.
 481  0.
 482  0.
 483  0.
 484  0.
 485  0.
 486  0.
 487  0.
 488  0.
 489  0.
 490  0.
 491  0.
 492  0.
 493  0.
 494  0.
 495  0.
 496  0.
 497  0.
 498  0.
 499  0.
 500  0.

 1  0.
 2  0.
 3  0.
 4  0.
 5  0.
 6  0.
 7  0.
 8  0.
 9  0.
 10  0.
 11  0.
 12  0.
 13  0.
 14  0.
 15  0.
 16  0.
 17  0.
 18  0.
 19  0.
 20  0.
 21  0.
 22  0.
 23  0.
 24  0.
 25  0.
 26  0.
 27  0.
 28  0.
 29  0.
 30  0.
 31  0.
 32  0.
 33  0.
 34  0.
 35  0.
 36  0.
 37  0.
 38  0.
 39  0.
 40  0.
 41  0.
 42  0.
 43  0.
 44  0.
 45  0.
 46  0.
 47  0.
 48  0.
 49  0.
 50  0.
 51  0.
 52  0.
 53  0.
 54  0.
 55  0.
 56  0.
 57  0.
 58  0.
 59  0.
 60  0.
 61  0.
 62  0.
 63  0.
 64  0.
 65  0.
 66  0.
 67  0.
 68  0.
 69  0.
 70  0.
 71  0.
 72  0.
 73  0.
 74  0.
 75  0.
 76  0.
 77  0.
 78  0.
 79  0.
 80  0.
 81  0.
 82  0.
 83  0.
 84  0.
 85  0.
 86  0.
 87  0.
 88  0.
 89  0.
 90  0.
 91  0.
 92  0.
 93  0.
 94  0.
 95  0.
 96  0.
 97  0.
 98  0.
 99  0.
 100  0.
 101  0.
 102  0.
 103  0.
 104  0.
 105  0.
 106  0.
 107  0.
 108  0.
 109  0.
 110  0.
 111  0.
 112  0.
 113  0.
 114  0.
 115  0.
 116  0.
 117  0.
 118  0.
 119  0.
 120  0.
 121  0.
 122  0.
 123  0.
 124  0.
 125  0.
 126  0.
 127  0.
 128  0.
 129  0.
 130  0.
 131  0.
 132  0.
 133  0.
 134  0.
 135  0.
 136  0.
 137  0.
 138  0.
 139  0.
 140  0.
 141  0.
 142  0.
 143  0.
 144  0.
 145  0.
 146  0.
 147  0.
 148  0.
 149  0.
 150  0.
 151  0.
 152  0.
 153  0.
 154  0.
 155  0.
 156  0.
 157  0.
 158  0.
 159  0.
 160  0.
 161  0.
 162  0.
 163  0.
 164  0.
 165  0.
 166  0.
 167  0.
 168  0.
 169  0.
 170  0.
 171  0.
 172  0.
 173  0.
 174  0.
 175  0.
 176  0.
 177  0.
 178  0.
 179  0.
 180  0.
 181  0.
 182  0.
 183  0.
 184  0.
 185  0.
 186  0.
 187  0.
 188  0.
 189  0.
 190  0.
 191  0.
 192  0.
 193  0.
 194  0.
 195  0.
 196  0.
 197  0.
 198  0.
 199  0.
 200  0.
 201  0.
 202  0.
 203  0.
 204  0.
 205  0.
 206  0.
 207  0.
 208  0.
 209  0.
 210  0.
 211  0.
 212  0.
 213  0.
 214  0.
 215  0.
 216  0.
 217  0.
 218  0.
 219  0.
 220  0.
 221  0.
 222  0.
 223  0.
 224  0.
 225  0.
 226  0.
 227  0.
 228  0.
 229  0.
 230  0.
 231  0.
 232  0.
 233  0.
 234  0.
 235  0.
 236  0.
 237  0.
 238  0.
 239  0.
 240  0.
 241  0.
 242  0.
 243  0.
 244  0.
 245  0.
 246  0.
 247  0.
 248  0.
 249  0.
 250  0.
 251  0.
 252  0.
 253  0.
 254  0.
 255  0.
 256  0.
 257  0.
 258  0.
 259  0.
 260  0.
 261  0.
 262  0.
 263  0.
 264  0.
 265  0.
 266  0.
 267  0.
 268  0.
 269  0.
 270  0.
 271  0.
 272  0.
 273  0.
 274  0.
 275  0.
 276  0.
 277  0.
 278  0.
 279  0.
 280  0.
 281  0.
 282  0.
 283  0.
 284  0.
 285  0.
 286  0.
 287  0.
 288  0.
 289  0.
 290  0.
 291  0.
 292  0.
 293  0.
 294  0.
 295  0.
 296  0.
 297  0.
 298  0.
 299  0.
 300  0.
 301  0.
 302  0.
 303  0.
 304  0.
 305  0.
 306  0.
 307  0.
 308  0.
 309  0.
 310  0.
 311  0.
 312  0.
 313  0.
 314  0.
 315  0.
 316  0.
 317  0.
 318  0.
 319  0.
 320  0.
 321  0.
 322  0.
 323  0.
 324  0.
 325  0.
 326  0.
 327  0.
 328  0.
 329  0.
 330  0.
 331  0.
 332  0.
 333  0.
 334  0.
 335  0.
 336  0.
 337  0.
 338  0.
 339  0.
 340  0.
 341  0.
 342  0.
 343  0.
 344  0.
 345  0.
 346  0.
 347  0.
 348  0.
 349  0.
 350  0.
 351  0.
 352  0.
 353  0.
 354  0.
 355  0.
 356  0.
 357  0.
 358  0.
 359  0.
 360  0.
 361  0.
 362  0.
 363  0.
 364  0.
 365  0.
 366  0.
 367  0.
 368  0.
 369  0.
 370  0.
 371  0.
 372  0.
 373  0.
 374  0.
 375  0.
 376  0.
 377  0.
 378  0.
 379  0.
 380  0.
 381  0.
 382  0.
 383  0.
 384  0.
 385  0.
 386  0.
 387  0.
 388  0.
 389  0.
 390  0.
 391  0.
 392  0.
 393  0.
 394  0.
 395  0.
 396  0.
 397  0.
 398  0.
 399  0.
 400  0.
 401  0.
 402  0.
 403  0.
 404  0.
 405  0.
 406  0.
 407  0.
 408  0.
 409  0.
 410  0.
 411  0.
 412  0.
 413  0.
 414  0.
 415  0.
 416  0.
 417  0.
 418  0.
 419  0.
 420  0.
 421  0.
 422  0.
 423  0.
 424  0.
 425  0.
 426  0.
 427  0.
 428  0.
 429  0.
 430  0.
 431  0.
 432  0.
 433  0.
 434  0.
 435  0.
 436  0.
 437  0.
 438  0.
 439  0.
 440  0.
 441  0.
 442  0.
 443  0.
 444  0.
 445  0.
 446  0.
 447  0.
 448  0.
 449  0.
 450  0.
 451  0.
 452  0.
 453  0.
 454  0.
 455  0.
 456  0.
 457  0.
 458  0.
 459  0.
 460  0.
 461  0.
 462  0.
 463  0.
 464  0.
 465  0.
 466  0.
 467  0.
 468  0.
 469  0.
 470  0.
 471  0.
 472  0.
 473  0.
 474  0.
 475  0.
 476  0.
 477  0.
 478  0.
 479  0.
 480  0.
 481  0.
 482  0.
 483  0.
 484  0.
 485  0.
 486  0.
 487  0.
 488  0.
 489  0.
 490  0.
 491  0.
 492  0.
 493  0.
 494  0.
 495  0.
 496  0.
 497  0.
 498  0.
 499  0.
 500  0.

 1  0.
 2  0.
 3  0.
 4  0.
 5  0.
 6  0.
 7  0.
 8  0.
 9  0.
 10  0.
 11  0.
 12  0.
 13  0.
 14  0.
 15  0.
 16  0.
 17  0.
 18  0.
 19  0.
 20  0.
 21  0.
 22  0.
 23  0.
 24  0.
 25  0.
 26  0.
 27  0.
 28  0.
 29  0.
 30  0.
 31  0.
 32  0.
 33  0.
 34  0.
 35  0.
 36  0.
 37  0.
 38  0.
 39  0.
 40  0.
 41  0.
 42  0.
 43  0.
 44  0.
 45  0.
 46  0.
 47  0.
 48  0.
 49  0.
 50  0.
 51  0.
 52  0.
 53  0.
 54  0.
 55  0.
 56  0.
 57  0.
 58  0.
 59  0.
 60  0.
 61  0.
 62  0.
 63  0.
 64  0.
 65  0.
 66  0.
 67  0.
 68  0.
 69  0.
 70  0.
 71  0.
 72  0.
 73  0.
 74  0.
 75  0.
 76  0.
 77  0.
 78  0.
 79  0.
 80  0.
 81  0.
 82  0.
 83  0.
 84  0.
 85  0.
 86  0.
 87  0.
 88  0.
 89  0.
 90  0.
 91  0.
 92  0.
 93  0.
 94  0.
 95  0.
 96  0.
 97  0.
 98  0.
 99  0.
 100  0.
 101  0.
 102  0.
 103  0.
 104  0.
 105  0.
 106  0.
 107  0.
 108  0.
 109  0.
 110  0.
 111  0.
 112  0.
 113  0.
 114  0.
 115  0.
 116  0.
 117  0.
 118  0.
 119  0.
 120  0.
 121  0.
 122  0.
 123  0.
 124  0.
 125  0.
 126  0.
 127  0.
 128  0.
 129  0.
 130  0.
 131  0.
 132  0.
 133  0.
 134  0.
 135  0.
 136  0.
 137  0.
 138  0.
 139  0.
 140  0.
 141  0.
 142  0.
 143  0.
 144  0.
 145  0.
 146  0.
 147  0.
 148  0.
 149  0.
 150  0.
 151  0.
 152  0.
 153  0.
 154  0.
 155  0.
 156  0.
 157  0.
 158  0.
 159  0.
 160  0.
 161  0.
 162  0.
 163  0.
 164  0.
 165  0.
 166  0.
 167  0.
 168  0.
 169  0.
 170  0.
 171  0.
 172  0.
 173  0.
 174  0.
 175  0.
 176  0.
 177  0.
 178  0.
 179  0.
 180  0.
 181  0.
 182  0.
 183  0.
 184  0.
 185  0.
 186  0.
 187  0.
 188  0.
 189  0.
 190  0.
 191  0.
 192  0.
 193  0.
 194  0.
 195  0.
 196  0.
 197  0.
 198  0.
 199  0.
 200  0.
 201  0.
 202  0.
 203  0.
 204  0.
 205  0.
 206  0.
 207  0.
 208  0.
 209  0.
 210  0.
 211  0.
 212  0.
 213  0.
 214  0.
 215  0.
 216  0.
 217  0.
 218  0.
 219  0.
 220  0.
 221  0.
 222  0.
 223  0.
 224  0.
 225  0.
 226  0.
 227  0.
 228  0.
 229  0.
 230  0.
 231  0.
 232  0.
 233  0.
 234  0.
 235  0.
 236  0.
 237  0.
 238  0.
 239  0.
 240  0.
 241  0.
 242  0.
 243  0.
 244  0.
 245  0.
 246  0.
 247  0.
 248  0.
 249  0.
 250  0.
 251  0.
 252  0.
 253  0.
 254  0.
 255  0.
 256  0.
 257  0.
 258  0.
 259  0.
 260  0.
 261  0.
 262  0.
 263  0.
 264  0.
 265  0.
 266  0.
 267  0.
 268  0.
 269  0.
 270  0.
 271  0.
 272  0.
 273  0.
 274  0.
 275  0.
 276  0.
 277  0.
 278  0.
 279  0.
 280  0.
 281  0.
 282  0.
 283  0.
 284  0.
 285  0.
 286  0.
 287  0.
 288  0.
 289  0.
 290  0.
 291  0.
 292  0.
 293  0.
 294  0.
 295  0.
 296  0.
 297  0.
 298  0.
 299  0.
 300  0.
 301  0.
 302  0.
 303  0.
 304  0.
 305  0.
 306  0.
 307  0.
 308  0.
 309  0.
 310  0.
 311  0.
 312  0.
 313  0.
 314  0.
 315  0.
 316  0.
 317  0.
 318  0.
 319  0.
 320  0.
 321  0.
 322  0.
 323  0.
 324  0.
 325  0.
 326  0.
 327  0.
 328  0.
 329  0.
 330  0.
 331  0.
 332  0.
 333  0.
 334  0.
 335  0.
 336  0.
 337  0.
 338  0.
 339  0.
 340  0.
 341  0.
 342  0.
 343  0.
 344  0.
 345  0.
 346  0.
 347  0.
 348  0.
 349  0.
 350  0.
 351  0.
 352  0.
 353  0.
 354  0.
 355  0.
 356  0.
 357  0.
 358  0.
 359  0.
 360  0.
 361  0.
 362  0.
 363  0.
 364  0.
 365  0.
 366  0.
 367  0.
 368  0.
 369  0.
 370  0.
 371  0.
 372  0.
 373  0.
 374  0.
 375  0.
 376  0.
 377  0.
 378  0.
 379  0.
 380  0.
 381  0.
 382  0.
 383  0.
 384  0.
 385  0.
 386  0.
 387  0.
 388  0.
 389  0.
 390  0.
 391  0.
 392  0.
 393  0.
 394  0.
 395  0.
 396  0.
 397  0.
 398  0.
 399  0.
 400  0.
 401  0.
 402  0.
 403  0.
 404  0.
 405  0.
 406  0.
 407  0.
 408  0.
 409  0.
 410  0.
 411  0.
 412  0.
 413  0.
 414  0.
 415  0.
 416  0.
 417  0.
 418  0.
 419  0.
 420  0.
 421  0.
 422  0.
 423  0.
 424  0.
 425  0.
 426  0.
 427  0.
 428  0.
 429  0.
 430  0.
 431  0.
 432  0.
 433  0.
 434  0.
 435  0.
 436  0.
 437  0.
 438  0.
 439  0.
 440  0.
 441  0.
 442  0.
 443  0.
 444  0.
 445  0.
 446  0.
 447  0.
 448  0.
 449  0.
 450  0.
 451  0.
 452  0.
 453  0.
 454  0.
 455  0.
 456  0.
 457  0.
 458  0.
 459  0.
 460  0.
 461  0.
 462  0.
 463  0.
 464  0.
 465  0.
 466  0.
 467  0.
 468  0.
 469  0.
 470  0.
 471  0.
 472  0.
 473  0.
 474  0.
 475  0.
 476  0.
 477  0.
 478  0.
 479  0.
 480  0.
 481  0.
 482  0.
 483  0.
 484  0.
 485  0.
 486  0.
 487  0.
 488  0.
 489  0.
 490  0.
 491  0.
 492  0.
 493  0.
 494  0.
 495  0.
 496  0.
 497  0.
 498  0.
 499  0.
 500  0.

 1  0.
 2  0.
 3  0.
 4  0.
 5  0.
 6  0.
 7  0.
 8  0.
 9  0.
 10  0.
 11  0.
 12  0.
 13  0.
 14  0.
 15  0.
 16  0.
 17  0.
 18  0.
 19  0.
 20  0.
 21  0.
 22  0.
 23  0.
 24  0.
 25  0.
 26  0.
 27  0.
 28  0.
 29  0.
 30  0.
 31  0.
 32  0.
 33  0.
 34  0.
 35  0.
 36  0.
 37  0.
 38  0.
 39  0.
 40  0.
 41  0.
 42  0.
 43  0.
 44  0.
 45  0.
 46  0.
 47  0.
 48  0.
 49  0.
 50  0.
 51  0.
 52  0.
 53  0.
 54  0.
 55  0.
 56  0.
 57  0.
 58  0.
 59  0.
 60  0.
 61  0.
 62  0.
 63  0.
 64  0.
 65  0.
 66  0.
 67  0.
 68  0.
 69  0.
 70  0.
 71  0.
 72  0.
 73  0.
 74  0.
 75  0.
 76  0.
 77  0.
 78  0.
 79  0.
 80  0.
 81  0.
 82  0.
 83  0.
 84  0.
 85  0.
 86  0.
 87  0.
 88  0.
 89  0.
 90  0.
 91  0.
 92  0.
 93  0.
 94  0.
 95  0.
 96  0.
 97  0.
 98  0.
 99  0.
 100  0.
 101  0.
 102  0.
 103  0.
 104  0.
 105  0.
 106  0.
 107  0.
 108  0.
 109  0.
 110  0.
 111  0.
 112  0.
 113  0.
 114  0.
 115  0.
 116  0.
 117  0.
 118  0.
 119  0.
 120  0.
 121  0.
 122  0.
 123  0.
 124  0.
 125  0.
 126  0.
 127  0.
 128  0.
 129  0.
 130  0.
 131  0.
 132  0.
 133  0.
 134  0.
 135  0.
 136  0.
 137  0.
 138  0.
 139  0.
 140  0.
 141  0.
 142  0.
 143  0.
 144  0.
 145  0.
 146  0.
 147  0.
 148  0.
 149  0.
 150  0.
 151  0.
 152  0.
 153  0.
 154  0.
 155  0.
 156  0.
 157  0.
 158  0.
 159  0.
 160  0.
 161  0.
 162  0.
 163  0.
 164  0.
 165  0.
 166  0.
 167  0.
 168  0.
 169  0.
 170  0.
 171  0.
 172  0.
 173  0.
 174  0.
 175  0.
 176  0.
 177  0.
 178  0.
 179  0.
 180  0.
 181  0.
 182  0.
 183  0.
 184  0.
 185  0.
 186  0.
 187  0.
 188  0.
 189  0.
 190  0.
 191  0.
 192  0.
 193  0.
 194  0.
 195  0.
 196  0.
 197  0.
 198  0.
 199  0.
 200  0.
 201  0.
 202  0.
 203  0.
 204  0.
 205  0.
 206  0.
 207  0.
 208  0.
 209  0.
 210  0.
 211  0.
 212  0.
 213  0.
 214  0.
 215  0.
 216  0.
 217  0.
 218  0.
 219  0.
 220  0.
 221  0.
 222  0.
 223  0.
 224  0.
 225  0.
 226  0.
 227  0.
 228  0.
 229  0.
 230  0.
 231  0.
 232  0.
 233  0.
 234  0.
 235  0.
 236  0.
 237  0.
 238  0.
 239  0.
 240  0.
 241  0.
 242  0.
 243  0.
 244  0.
 245  0.
 246  0.
 247  0.
 248  0.
 249  0.
 250  0.
 251  0.
 252  0.
 253  0.
 254  0.
 255  0.
 256  0.
 257  0.
 258  0.
 259  0.
 260  0.
 261  0.
 262  0.
 263  0.
 264  0.
 265  0.
 266  0.
 267  0.
 268  0.
 269  0.
 270  0.
 271  0.
 272  0.
 273  0.
 274  0.
 275  0.
 276  0.
 277  0.
 278  0.
 279  0.
 280  0.
 281  0.
 282  0.
 283  0.
 284  0.
 285  0.
 286  0.
 287  0.
 288  0.
 289  0.
 290  0.
 291  0.
 292  0.
 293  0.
 294  0.
 295  0.
 296  0.
 297  0.
 298  0.
 299  0.
 300  0.
 301  0.
 302  0.
 303  0.
 304  0.
 305  0.
 306  0.
 307  0.
 308  0.
 309  0.
 310  0.
 311  0.
 312  0.
 313  0.
 314  0.
 315  0.
 316  0.
 317  0.
 318  0.
 319  0.
 320  0.
 321  0.
 322  0.
 323  0.
 324  0.
 325  0.
 326  0.
 327  0.
 328  0.
 329  0.
 330  0.
 331  0.
 332  0.
 333  0.
 334  0.
 335  0.
 336  0.
 337  0.
 338  0.
 339  0.
 340  0.
 341  0.
 342  0.
 343  0.
 344  0.
 345  0.
 346  0.
 347  0.
 348  0.
 349  0.
 350  0.
 351  0.
 352  0.
 353  0.
 354  0.
 355  0.
 356  0.
 357  0.
 358  0.
 359  0.
 360  0.
 361  0.
 362  0.
 363  0.
 364  0.
 365  0.
 366  0.
 367  0.
 368  0.
 369  0.
 370  0.
 371  0.
 372  0.
 373  0.
 374  0.
 375  0.
 376  0.
 377  0.
 378  0.
 379  0.
 380  0.
 381  0.
 382  0.
 383  0.
 384  0.
 385  0.
 386  0.
 387  0.
 388  0.
 389  0.
 390  0.
 391  0.
 392  0.
 393  0.
 394  0.
 395  0.
 396  0.
 397  0.
 398  0.
 399  0.
 400  0.
 401  0.
 402  0.
 403  0.
 404  0.
 405  0.
 406  0.
 407  0.
 408  0.
 409  0.
 410  0.
 411  0.
 412  0.
 413  0.
 414  0.
 415  0.
 416  0.
 417  0.
 418  0.
 419  0.
 420  0.
 421  0.
 422  0.
 423  0.
 424  0.
 425  0.
 426  0.
 427  0.
 428  0.
 429  0.
 430  0.
 431  0.
 432  0.
 433  0.
 434  0.
 435  0.
 436  0.
 437  0.
 438  0.
 439  0.
 440  0.
 441  0.
 442  0.
 443  0.
 444  0.
 445  0.
 446  0.
 447  0.
 448  0.
 449  0.
 450  0.
 451  0.
 452  0.
 453  0.
 454  0.
 455  0.
 456  0.
 457  0.
 458  0.
 459  0.
 460  0.
 461  0.
 462  0.
 463  0.
 464  0.
 465  0.
 466  0.
 467  0.
 468  0.
 469  0.
 470  0.
 471  0.
 472  0.
 473  0.
 474  0.
 475  0.
 476  0.
 477  0.
 478  0.
 479  0.
 480  0.
 481  0.
 482  0.
 483  0.
 484  0.
 485  0.
 486  0.
 487  0.
 488  0.
 489  0.
 490  0.
 491  0.
 492  0.
 493  0.
 494  0.
 495  0.
 496  0.
 497  0.
 498  0.
 499  0.
 500  0.

 1  0.
 2  0.
 3  0.
 4  0.
 5  0.
 6  0.
 7  0.
 8  0.
 9  0.
 10  0.
 11  0.
 12  0.
 13  0.
 14  0.
 15  0.
 16  0.
 17  0.
 18  0.
 19  0.
 20  0.
 21  0.
 22  0.
 23  0.
 24  0.
 25  0.
 26  0.
 27  0.
 28  0.
 29  0.
 30  0.
 31  0.
 32  0.
 33  0.
 34  0.
 35  0.
 36  0.
 37  0.
 38  0.
 39  0.
 40  0.
 41  0.
 42  0.
 43  0.
 44  0.
 45  0.
 46  0.
 47  0.
 48  0.
 49  0.
 50  0.
 51  0.
 52  0.
 53  0.
 54  0.
 55  0.
 56  0.
 57  0.
 58  0.
 59  0.
 60  0.
 61  0.
 62  0.
 63  0.
 64  0.
 65  0.
 66  0.
 67  0.
 68  0.
 69  0.
 70  0.
 71  0.
 72  0.
 73  0.
 74  0.
 75  0.
 76  0.
 77  0.
 78  0.
 79  0.
 80  0.
 81  0.
 82  0.
 83  0.
 84  0.
 85  0.
 86  0.
 87  0.
 88  0.
 89  0.
 90  0.
 91  0.
 92  0.
 93  0.
 94  0.
 95  0.
 96  0.
 97  0.
 98  0.
 99  0.
 100  0.
 101  0.
 102  0.
 103  0.
 104  0.
 105  0.
 106  0.
 107  0.
 108  0.
 109  0.
 110  0.
 111  0.
 112  0.
 113  0.
 114  0.
 115  0.
 116  0.
 117  0.
 118  0.
 119  0.
 120  0.
 121  0.
 122  0.
 123  0.
 124  0.
 125  0.
 126  0.
 127  0.
 128  0.
 129  0.
 130  0.
 131  0.
 132  0.
 133  0.
 134  0.
 135  0.
 136  0.
 137  0.
 138  0.
 139  0.
 140  0.
 141  0.
 142  0.
 143  0.
 144  0.
 145  0.
 146  0.
 147  0.
 148  0.
 149  0.
 150  0.
 151  0.
 152  0.
 153  0.
 154  0.
 155  0.
 156  0.
 157  0.
 158  0.
 159  0.
 160  0.
 161  0.
 162  0.
 163  0.
 164  0.
 165  0.
 166  0.
 167  0.
 168  0.
 169  0.
 170  0.
 171  0.
 172  0.
 173  0.
 174  0.
 175  0.
 176  0.
 177  0.
 178  0.
 179  0.
 180  0.
 181  0.
 182  0.
 183  0.
 184  0.
 185  0.
 186  0.
 187  0.
 188  0.
 189  0.
 190  0.
 191  0.
 192  0.
 193  0.
 194  0.
 195  0.
 196  0.
 197  0.
 198  0.
 199  0.
 200  0.
 201  0.
 202  0.
 203  0.
 204  0.
 205  0.
 206  0.
 207  0.
 208  0.
 209  0.
 210  0.
 211  0.
 212  0.
 213  0.
 214  0.
 215  0.
 216  0.
 217  0.
 218  0.
 219  0.
 220  0.
 221  0.
 222  0.
 223  0.
 224  0.
 225  0.
 226  0.
 227  0.
 228  0.
 229  0.
 230  0.
 231  0.
 232  0.
 233  0.
 234  0.
 235  0.
 236  0.
 237  0.
 238  0.
 239  0.
 240  0.
 241  0.
 242  0.
 243  0.
 244  0.
 245  0.
 246  0.
 247  0.
 248  0.
 249  0.
 250  0.
 251  0.
 252  0.
 253  0.
 254  0.
 255  0.
 256  0.
 257  0.
 258  0.
 259  0.
 260  0.
 261  0.
 262  0.
 263  0.
 264  0.
 265  0.
 266  0.
 267  0.
 268  0.
 269  0.
 270  0.
 271  0.
 272  0.
 273  0.
 274  0.
 275  0.
 276  0.
 277  0.
 278  0.
 279  0.
 280  0.
 281  0.
 282  0.
 283  0.
 284  0.
 285  0.
 286  0.
 287  0.
 288  0.
 289  0.
 290  0.
 291  0.
 292  0.
 293  0.
 294  0.
 295  0.
 296  0.
 297  0.
 298  0.
 299  0.
 300  0.
 301  0.
 302  0.
 303  0.
 304  0.
 305  0.
 306  0.
 307  0.
 308  0.
 309  0.
 310  0.
 311  0.
 312  0.
 313  0.
 314  0.
 315  0.
 316  0.
 317  0.
 318  0.
 319  0.
 320  0.
 321  0.
 322  0.
 323  0.
 324  0.
 325  0.
 326  0.
 327  0.
 328  0.
 329  0.
 330  0.
 331  0.
 332  0.
 333  0.
 334  0.
 335  0.
 336  0.
 337  0.
 338  0.
 339  0.
 340  0.
 341  0.
 342  0.
 343  0.
 344  0.
 345  0.
 346  0.
 347  0.
 348  0.
 349  0.
 350  0.
 351  0.
 352  0.
 353  0.
 354  0.
 355  0.
 356  0.
 357  0.
 358  0.
 359  0.
 360  0.
 361  0.
 362  0.
 363  0.
 364  0.
 365  0.
 366  0.
 367  0.
 368  0.
 369  0.
 370  0.
 371  0.
 372  0.
 373  0.
 374  0.
 375  0.
 376  0.
 377  0.
 378  0.
 379  0.
 380  0.
 381  0.
 382  0.
 383  0.
 384  0.
 385  0.
 386  0.
 387  0.
 388  0.
 389  0.
 390  0.
 391  0.
 392  0.
 393  0.
 394  0.
 395  0.
 396  0.
 397  0.
 398  0.
 399  0.
 400  0.
 401  0.
 402  0.
 403  0.
 404  0.
 405  0.
 406  0.
 407  0.
 408  0.
 409  0.
 410  0.
 411  0.
 412  0.
 413  0.
 414  0.
 415  0.
 416  0.
 417  0.
 418  0.
 419  0.
 420  0.
 421  0.
 422  0.
 423  0.
 424  0.
 425  0.
 426  0.
 427  0.
 428  0.
 429  0.
 430  0.
 431  0.
 432  0.
 433  0.
 434  0.
 435  0.
 436  0.
 437  0.
 438  0.
 439  0.
 440  0.
 441  0.
 442  0.
 443  0.
 444  0.
 445  0.
 446  0.
 447  0.
 448  0.
 449  0.
 450  0.
 451  0.
 452  0.
 453  0.
 454  0.
 455  0.
 456  0.
 457  0.
 458  0.
 459  0.
 460  0.
 461  0.
 462  0.
 463  0.
 464  0.
 465  0.
 466  0.
 467  0.
 468  0.
 469  0.
 470  0.
 471  0.
 472  0.
 473  0.
 474  0.
 475  0.
 476  0.
 477  0.
 478  0.
 479  0.
 480  0.
 481  0.
 482  0.
 483  0.
 484  0.
 485  0.
 486  0.
 487  0.
 488  0.
 489  0.
 490  0.
 491  0.
 492  0.
 493  0.
 494  0.
 495  0.
 496  0.
 497  0.
 498  0.
 499  0.
 500  0.

 1  0.
 2  0.
 3  0.
 4  0.
 5  0.
 6  0.
 7  0.
 8  0.
 9  0.
 10  0.
 11  0.
 12  0.
 13  0.
 14  0.
 15  0.
 16  0.
 17  0.
 18  0.
 19  0.
 20  0.
 21  0.
 22  0.
 23  0.
 24  0.
 25  0.
 26  0.
 27  0.
 28  0.
 29  0.
 30  0.
 31  0.
 32  0.
 33  0.
 34  0.
 35  0.
 36  0.
 37  0.
 38  0.
 39  0.
 40  0.
 41  0.
 42  0.
 43  0.
 44  0.
 45  0.
 46  0.
 47  0.
 48  0.
 49  0.
 50  0.
 51  0.
 52  0.
 53  0.
 54  0.
 55  0.
 56  0.
 57  0.
 58  0.
 59  0.
 60  0.
 61  0.
 62  0.
 63  0.
 64  0.
 65  0.
 66  0.
 67  0.
 68  0.
 69  0.
 70  0.
 71  0.
 72  0.
 73  0.
 74  0.
 75  0.
 76  0.
 77  0.
 78  0.
 79  0.
 80  0.
 81  0.
 82  0.
 83  0.
 84  0.
 85  0.
 86  0.
 87  0.
 88  0.
 89  0.
 90  0.
 91  0.
 92  0.
 93  0.
 94  0.
 95  0.
 96  0.
 97  0.
 98  0.
 99  0.
 100  0.
 101  0.
 102  0.
 103  0.
 104  0.
 105  0.
 106  0.
 107  0.
 108  0.
 109  0.
 110  0.
 111  0.
 112  0.
 113  0.
 114  0.
 115  0.
 116  0.
 117  0.
 118  0.
 119  0.
 120  0.
 121  0.
 122  0.
 123  0.
 124  0.
 125  0.
 126  0.
 127  0.
 128  0.
 129  0.
 130  0.
 131  0.
 132  0.
 133  0.
 134  0.
 135  0.
 136  0.
 137  0.
 138  0.
 139  0.
 140  0.
 141  0.
 142  0.
 143  0.
 144  0.
 145  0.
 146  0.
 147  0.
 148  0.
 149  0.
 150  0.
 151  0.
 152  0.
 153  0.
 154  0.
 155  0.
 156  0.
 157  0.
 158  0.
 159  0.
 160  0.
 161  0.
 162  0.
 163  0.
 164  0.
 165  0.
 166  0.
 167  0.
 168  0.
 169  0.
 170  0.
 171  0.
 172  0.
 173  0.
 174  0.
 175  0.
 176  0.
 177  0.
 178  0.
 179  0.
 180  0.
 181  0.
 182  0.
 183  0.
 184  0.
 185  0.
 186  0.
 187  0.
 188  0.
 189  0.
 190  0.
 191  0.
 192  0.
 193  0.
 194  0.
 195  0.
 196  0.
 197  0.
 198  0.
 199  0.
 200  0.
 201  0.
 202  0.
 203  0.
 204  0.
 205  0.
 206  0.
 207  0.
 208  0.
 209  0.
 210  0.
 211  0.
 212  0.
 213  0.
 214  0.
 215  0.
 216  0.
 217  0.
 218  0.
 219  0.
 220  0.
 221  0.
 222  0.
 223  0.
 224  0.
 225  0.
 226  0.
 227  0.
 228  0.
 229  0.
 230  0.
 231  0.
 232  0.
 233  0.
 234  0.
 235  0.
 236  0.
 237  0.
 238  0.
 239  0.
 240  0.
 241  0.
 242  0.
 243  0.
 244  0.
 245  0.
 246  0.
 247  0.
 248  0.
 249  0.
 250  0.
 251  0.
 252  0.
 253  0.
 254  0.
 255  0.
 256  0.
 257  0.
 258  0.
 259  0.
 260  0.
 261  0.
 262  0.
 263  0.
 264  0.
 265  0.
 266  0.
 267  0.
 268  0.
 269  0.
 270  0.
 271  0.
 272  0.
 273  0.
 274  0.
 275  0.
 276  0.
 277  0.
 278  0.
 279  0.
 280  0.
 281  0.
 282  0.
 283  0.
 284  0.
 285  0.
 286  0.
 287  0.
 288  0.
 289  0.
 290  0.
 291  0.
 292  0.
 293  0.
 294  0.
 295  0.
 296  0.
 297  0.
 298  0.
 299  0.
 300  0.
 301  0.
 302  0.
 303  0.
 304  0.
 305  0.
 306  0.
 307  0.
 308  0.
 309  0.
 310  0.
 311  0.
 312  0.
 313  0.
 314  0.
 315  0.
 316  0.
 317  0.
 318  0.
 319  0.
 320  0.
 321  0.
 322  0.
 323  0.
 324  0.
 325  0.
 326  0.
 327  0.
 328  0.
 329  0.
 330  0.
 331  0.
 332  0.
 333  0.
 334  0.
 335  0.
 336  0.
 337  0.
 338  0.
 339  0.
 340  0.
 341  0.
 342  0.
 343  0.
 344  0.
 345  0.
 346  0.
 347  0.
 348  0.
 349  0.
 350  0.
 351  0.
 352  0.
 353  0.
 354  0.
 355  0.
 356  0.
 357  0.
 358  0.
 359  0.
 360  0.
 361  0.
 362  0.
 363  0.
 364  0.
 365  0.
 366  0.
 367  0.
 368  0.
 369  0.
 370  0.
 371  0.
 372  0.
 373  0.
 374  0.
 375  0.
 376  0.
 377  0.
 378  0.
 379  0.
 380  0.
 381  0.
 382  0.
 383  0.
 384  0.
 385  0.
 386  0.
 387  0.
 388  0.
 389  0.
 390  0.
 391  0.
 392  0.
 393  0.
 394  0.
 395  0.
 396  0.
 397  0.
 398  0.
 399  0.
 400  0.
 401  0.
 402  0.
 403  0.
 404  0.
 405  0.
 406  0.
 407  0.
 408  0.
 409  0.
 410  0.
 411  0.
 412  0.
 413  0.
 414  0.
 415  0.
 416  0.
 417  0.
 418  0.
 419  0.
 420  0.
 421  0.
 422  0.
 423  0.
 424  0.
 425  0.
 426  0.
 427  0.
 428  0.
 429  0.
 430  0.
 431  0.
 432  0.
 433  0.
 434  0.
 435  0.
 436  0.
 437  0.
 438  0.
 439  0.
 440  0.
 441  0.
 442  0.
 443  0.
 444  0.
 445  0.
 446  0.
 447  0.
 448  0.
 449  0.
 450  0.
 451  0.
 452  0.
 453  0.
 454  0.
 455  0.
 456  0.
 457  0.
 458  0.
 459  0.
 460  0.
 461  0.
 462  0.
 463  0.
 464  0.
 465  0.
 466  0.
 467  0.
 468  0.
 469  0.
 470  0.
 471  0.
 472  0.
 473  0.
 474  0.
 475  0.
 476  0.
 477  0.
 478  0.
 479  0.
 480  0.
 481  0.
 482  0.
 483  0.
 484  0.
 485  0.
 486  0.
 487  0.
 488  0.
 489  0.
 490  0.
 491  0.
 492  0.
 493  0.
 494  0.
 495  0.
 496  0.
 497  0.
 498  0.
 499  0.
 500  0.

 1  0.
 2  0.
 3  0.
 4  0.
 5  0.
 6  0.
 7  0.
 8  0.
 9  0.
 10  0.
 11  0.
 12  0.
 13  0.
 14  0.
 15  0.
 16  0.
 17  0.
 18  0.
 19  0.
 20  0.
 21  0.
 22  0.
 23  0.
 24  0.
 25  0.
 26  0.
 27  0.
 28  0.
 29  0.
 30  0.
 31  0.
 32  0.
 33  0.
 34  0.
 35  0.
 36  0.
 37  0.
 38  0.
 39  0.
 40  0.
 41  0.
 42  0.
 43  0.
 44  0.
 45  0.
 46  0.
 47  0.
 48  0.
 49  0.
 50  0.
 51  0.
 52  0.
 53  0.
 54  0.
 55  0.
 56  0.
 57  0.
 58  0.
 59  0.
 60  0.
 61  0.
 62  0.
 63  0.
 64  0.
 65  0.
 66  0.
 67  0.
 68  0.
 69  0.
 70  0.
 71  0.
 72  0.
 73  0.
 74  0.
 75  0.
 76  0.
 77  0.
 78  0.
 79  0.
 80  0.
 81  0.
 82  0.
 83  0.
 84  0.
 85  0.
 86  0.
 87  0.
 88  0.
 89  0.
 90  0.
 91  0.
 92  0.
 93  0.
 94  0.
 95  0.
 96  0.
 97  0.
 98  0.
 99  0.
 100  0.
 101  0.
 102  0.
 103  0.
 104  0.
 105  0.
 106  0.
 107  0.
 108  0.
 109  0.
 110  0.
 111  0.
 112  0.
 113  0.
 114  0.
 115  0.
 116  0.
 117  0.
 118  0.
 119  0.
 120  0.
 121  0.
 122  0.
 123  0.
 124  0.
 125  0.
 126  0.
 127  0.
 128  0.
 129  0.
 130  0.
 131  0.
 132  0.
 133  0.
 134  0.
 135  0.
 136  0.
 137  0.
 138  0.
 139  0.
 140  0.
 141  0.
 142  0.
 143  0.
 144  0.
 145  0.
 146  0.
 147  0.
 148  0.
 149  0.
 150  0.
 151  0.
 152  0.
 153  0.
 154  0.
 155  0.
 156  0.
 157  0.
 158  0.
 159  0.
 160  0.
 161  0.
 162  0.
 163  0.
 164  0.
 165  0.
 166  0.
 167  0.
 168  0.
 169  0.
 170  0.
 171  0.
 172  0.
 173  0.
 174  0.
 175  0.
 176  0.
 177  0.
 178  0.
 179  0.
 180  0.
 181  0.
 182  0.
 183  0.
 184  0.
 185  0.
 186  0.
 187  0.
 188  0.
 189  0.
 190  0.
 191  0.
 192  0.
 193  0.
 194  0.
 195  0.
 196  0.
 197  0.
 198  0.
 199  0.
 200  0.
 201  0.
 202  0.
 203  0.
 204  0.
 205  0.
 206  0.
 207  0.
 208  0.
 209  0.
 210  0.
 211  0.
 212  0.
 213  0.
 214  0.
 215  0.
 216  0.
 217  0.
 218  0.
 219  0.
 220  0.
 221  0.
 222  0.
 223  0.
 224  0.
 225  0.
 226  0.
 227  0.
 228  0.
 229  0.
 230  0.
 231  0.
 232  0.
 233  0.
 234  0.
 235  0.
 236  0.
 237  0.
 238  0.
 239  0.
 240  0.
 241  0.
 242  0.
 243  0.
 244  0.
 245  0.
 246  0.
 247  0.
 248  0.
 249  0.
 250  0.
 251  0.
 252  0.
 253  0.
 254  0.
 255  0.
 256  0.
 257  0.
 258  0.
 259  0.
 260  0.
 261  0.
 262  0.
 263  0.
 264  0.
 265  0.
 266  0.
 267  0.
 268  0.
 269  0.
 270  0.
 271  0.
 272  0.
 273  0.
 274  0.
 275  0.
 276  0.
 277  0.
 278  0.
 279  0.
 280  0.
 281  0.
 282  0.
 283  0.
 284  0.
 285  0.
 286  0.
 287  0.
 288  0.
 289  0.
 290  0.
 291  0.
 292  0.
 293  0.
 294  0.
 295  0.
 296  0.
 297  0.
 298  0.
 299  0.
 300  0.
 301  0.
 302  0.
 303  0.
 304  0.
 305  0.
 306  0.
 307  0.
 308  0.
 309  0.
 310  0.
 311  0.
 312  0.
 313  0.
 314  0.
 315  0.
 316  0.
 317  0.
 318  0.
 319  0.
 320  0.
 321  0.
 322  0.
 323  0.
 324  0.
 325  0.
 326  0.
 327  0.
 328  0.
 329  0.
 330  0.
 331  0.
 332  0.
 333  0.
 334  0.
 335  0.
 336  0.
 337  0.
 338  0.
 339  0.
 340  0.
 341  0.
 342  0.
 343  0.
 344  0.
 345  0.
 346  0.
 347  0.
 348  0.
 349  0.
 350  0.
 351  0.
 352  0.
 353  0.
 354  0.
 355  0.
 356  0.
 357  0.
 358  0.
 359  0.
 360  0.
 361  0.
 362  0.
 363  0.
 364  0.
 365  0.
 366  0.
 367  0.
 368  0.
 369  0.
 370  0.
 371  0.
 372  0.
 373  0.
 374  0.
 375  0.
 376  0.
 377  0.
 378  0.
 379  0.
 380  0.
 381  0.
 382  0.
 383  0.
 384  0.
 385  0.
 386  0.
 387  0.
 388  0.
 389  0.
 390  0.
 391  0.
 392  0.
 393  0.
 394  0.
 395  0.
 396  0.
 397  0.
 398  0.
 399  0.
 400  0.
 401  0.
 402  0.
 403  0.
 404  0.
 405  0.
 406  0.
 407  0.
 408  0.
 409  0.
 410  0.
 411  0.
 412  0.
 413  0.
 414  0.
 415  0.
 416  0.
 417  0.
 418  0.
 419  0.
 420  0.
 421  0.
 422  0.
 423  0.
 424  0.
 425  0.
 426  0.
 427  0.
 428  0.
 429  0.
 430  0.
 431  0.
 432  0.
 433  0.
 434  0.
 435  0.
 436  0.
 437  0.
 438  0.
 439  0.
 440  0.
 441  0.
 442  0.
 443  0.
 444  0.
 445  0.
 446  0.
 447  0.
 448  0.
 449  0.
 450  0.
 451  0.
 452  0.
 453  0.
 454  0.
 455  0.
 456  0.
 457  0.
 458  0.
 459  0.
 460  0.
 461  0.
 462  0.
 463  0.
 464  0.
 465  0.
 466  0.
 467  0.
 468  0.
 469  0.
 470  0.
 471  0.
 472  0.
 473  0.
 474  0.
 475  0.
 476  0.
 477  0.
 478  0.
 479  0.
 480  0.
 481  0.
 482  0.
 483  0.
 484  0.
 485  0.
 486  0.
 487  0.
 488  0.
 489  0.
 490  0.
 491  0.
 492  0.
 493  0.
 494  0.
 495  0.
 496  0.
 497  0.
 498  0.
 499  0.
 500  0.

 1  0.
 2  0.
 3  0.
 4  0.
 5  0.
 6  0.
 7  0.
 8  0.
 9  0.
 10  0.
 11  0.
 12  0.
 13  0.
 14  0.
 15  0.
 16  0.
 17  0.
 18  0.
 19  0.
 20  0.
 21  0.
 22  0.
 23  0.
 24  0.
 25  0.
 26  0.
 27  0.
 28  0.
 29  0.
 30  0.
 31  0.
 32  0.
 33  0.
 34  0.
 35  0.
 36  0.
 37  0.
 38  0.
 39  0.
 40  0.
 41  0.
 42  0.
 43  0.
 44  0.
 45  0.
 46  0.
 47  0.
 48  0.
 49  0.
 50  0.
 51  0.
 52  0.
 53  0.
 54  0.
 55  0.
 56  0.
 57  0.
 58  0.
 59  0.
 60  0.
 61  0.
 62  0.
 63  0.
 64  0.
 65  0.
 66  0.
 67  0.
 68  0.
 69  0.
 70  0.
 71  0.
 72  0.
 73  0.
 74  0.
 75  0.
 76  0.
 77  0.
 78  0.
 79  0.
 80  0.
 81  0.
 82  0.
 83  0.
 84  0.
 85  0.
 86  0.
 87  0.
 88  0.
 89  0.
 90  0.
 91  0.
 92  0.
 93  0.
 94  0.
 95  0.
 96  0.
 97  0.
 98  0.
 99  0.
 100  0.
 101  0.
 102  0.
 103  0.
 104  0.
 105  0.
 106  0.
 107  0.
 108  0.
 109  0.
 110  0.
 111  0.
 112  0.
 113  0.
 114  0.
 115  0.
 116  0.
 117  0.
 118  0.
 119  0.
 120  0.
 121  0.
 122  0.
 123  0.
 124  0.
 125  0.
 126  0.
 127  0.
 128  0.
 129  0.
 130  0.
 131  0.
 132  0.
 133  0.
 134  0.
 135  0.
 136  0.
 137  0.
 138  0.
 139  0.
 140  0.
 141  0.
 142  0.
 143  0.
 144  0.
 145  0.
 146  0.
 147  0.
 148  0.
 149  0.
 150  0.
 151  0.
 152  0.
 153  0.
 154  0.
 155  0.
 156  0.
 157  0.
 158  0.
 159  0.
 160  0.
 161  0.
 162  0.
 163  0.
 164  0.
 165  0.
 166  0.
 167  0.
 168  0.
 169  0.
 170  0.
 171  0.
 172  0.
 173  0.
 174  0.
 175  0.
 176  0.
 177  0.
 178  0.
 179  0.
 180  0.
 181  0.
 182  0.
 183  0.
 184  0.
 185  0.
 186  0.
 187  0.
 188  0.
 189  0.
 190  0.
 191  0.
 192  0.
 193  0.
 194  0.
 195  0.
 196  0.
 197  0.
 198  0.
 199  0.
 200  0.
 201  0.
 202  0.
 203  0.
 204  0.
 205  0.
 206  0.
 207  0.
 208  0.
 209  0.
 210  0.
 211  0.
 212  0.
 213  0.
 214  0.
 215  0.
 216  0.
 217  0.
 218  0.
 219  0.
 220  0.
 221  0.
 222  0.
 223  0.
 224  0.
 225  0.
 226  0.
 227  0.
 228  0.
 229  0.
 230  0.
 231  0.
 232  0.
 233  0.
 234  0.
 235  0.
 236  0.
 237  0.
 238  0.
 239  0.
 240  0.
 241  0.
 242  0.
 243  0.
 244  0.
 245  0.
 246  0.
 247  0.
 248  0.
 249  0.
 250  0.
 251  0.
 252  0.
 253  0.
 254  0.
 255  0.
 256  0.
 257  0.
 258  0.
 259  0.
 260  0.
 261  0.
 262  0.
 263  0.
 264  0.
 265  0.
 266  0.
 267  0.
 268  0.
 269  0.
 270  0.
 271  0.
 272  0.
 273  0.
 274  0.
 275  0.
 276  0.
 277  0.
 278  0.
 279  0.
 280  0.
 281  0.
 282  0.
 283  0.
 284  0.
 285  0.
 286  0.
 287  0.
 288  0.
 289  0.
 290  0.
 291  0.
 292  0.
 293  0.
 294  0.
 295  0.
 296  0.
 297  0.
 298  0.
 299  0.
 300  0.
 301  0.
 302  0.
 303  0.
 304  0.
 305  0.
 306  0.
 307  0.
 308  0.
 309  0.
 310  0.
 311  0.
 312  0.
 313  0.
 314  0.
 315  0.
 316  0.
 317  0.
 318  0.
 319  0.
 320  0.
 321  0.
 322  0.
 323  0.
 324  0.
 325  0.
 326  0.
 327  0.
 328  0.
 329  0.
 330  0.
 331  0.
 332  0.
 333  0.
 334  0.
 335  0.
 336  0.
 337  0.
 338  0.
 339  0.
 340  0.
 341  0.
 342  0.
 343  0.
 344  0.
 345  0.
 346  0.
 347  0.
 348  0.
 349  0.
 350  0.
 351  0.
 352  0.
 353  0.
 354  0.
 355  0.
 356  0.
 357  0.
 358  0.
 359  0.
 360  0.
 361  0.
 362  0.
 363  0.
 364  0.
 365  0.
 366  0.
 367  0.
 368  0.
 369  0.
 370  0.
 371  0.
 372  0.
 373  0.
 374  0.
 375  0.
 376  0.
 377  0.
 378  0.
 379  0.
 380  0.
 381  0.
 382  0.
 383  0.
 384  0.
 385  0.
 386  0.
 387  0.
 388  0.
 389  0.
 390  0.
 391  0.
 392  0.
 393  0.
 394  0.
 395  0.
 396  0.
 397  0.
 398  0.
 399  0.
 400  0.
 401  0.
 402  0.
 403  0.
 404  0.
 405  0.
 406  0.
 407  0.
 408  0.
 409  0.
 410  0.
 411  0.
 412  0.
 413  0.
 414  0.
 415  0.
 416  0.
 417  0.
 418  0.
 419  0.
 420  0.
 421  0.
 422  0.
 423  0.
 424  0.
 425  0.
 426  0.
 427  0.
 428  0.
 429  0.
 430  0.
 431  0.
 432  0.
 433  0.
 434  0.
 435  0.
 436  0.
 437  0.
 438  0.
 439  0.
 440  0.
 441  0.
 442  0.
 443  0.
 444  0.
 445  0.
 446  0.
 447  0.
 448  0.
 449  0.
 450  0.
 451  0.
 452  0.
 453  0.
 454  0.
 455  0.
 456  0.
 457  0.
 458  0.
 459  0.
 460  0.
 461  0.
 462  0.
 463  0.
 464  0.
 465  0.
 466  0.
 467  0.
 468  0.
 469  0.
 470  0.
 471  0.
 472  0.
 473  0.
 474  0.
 475  0.
 476  0.
 477  0.
 478  0.
 479  0.
 480  0.
 481  0.
 482  0.
 483  0.
 484  0.
 485  0.
 486  0.
 487  0.
 488  0.
 489  0.
 490  0.
 491  0.
 492  0.
 493  0.
 494  0.
 495  0.
 496  0.
 497  0.
 498  0.
 499  0.
 500  0.

 1  0.
 2  0.
 3  0.
 4  0.
 5  0.
 6  0.
 7  0.
 8  0.
 9  0.
 10  0.
 11  0.
 12  0.
 13  0.
 14  0.
 15  0.
 16  0.
 17  0.
 18  0.
 19  0.
 20  0.
 21  0.
 22  0.
 23  0.
 24  0.
 25  0.
 26  0.
 27  0.
 28  0.
 29  0.
 30  0.
 31  0.
 32  0.
 33  0.
 34  0.
 35  0.
 36  0.
 37  0.
 38  0.
 39  0.
 40  0.
 41  0.
 42  0.
 43  0.
 44  0.
 45  0.
 46  0.
 47  0.
 48  0.
 49  0.
 50  0.
 51  0.
 52  0.
 53  0.
 54  0.
 55  0.
 56  0.
 57  0.
 58  0.
 59  0.
 60  0.
 61  0.
 62  0.
 63  0.
 64  0.
 65  0.
 66  0.
 67  0.
 68  0.
 69  0.
 70  0.
 71  0.
 72  0.
 73  0.
 74  0.
 75  0.
 76  0.
 77  0.
 78  0.
 79  0.
 80  0.
 81  0.
 82  0.
 83  0.
 84  0.
 85  0.
 86  0.
 87  0.
 88  0.
 89  0.
 90  0.
 91  0.
 92  0.
 93  0.
 94  0.
 95  0.
 96  0.
 97  0.
 98  0.
 99  0.
 100  0.
 101  0.
 102  0.
 103  0.
 104  0.
 105  0.
 106  0.
 107  0.
 108  0.
 109  0.
 110  0.
 111  0.
 112  0.
 113  0.
 114  0.
 115  0.
 116  0.
 117  0.
 118  0.
 119  0.
 120  0.
 121  0.
 122  0.
 123  0.
 124  0.
 125  0.
 126  0.
 127  0.
 128  0.
 129  0.
 130  0.
 131  0.
 132  0.
 133  0.
 134  0.
 135  0.
 136  0.
 137  0.
 138  0.
 139  0.
 140  0.
 141  0.
 142  0.
 143  0.
 144  0.
 145  0.
 146  0.
 147  0.
 148  0.
 149  0.
 150  0.
 151  0.
 152  0.
 153  0.
 154  0.
 155  0.
 156  0.
 157  0.
 158  0.
 159  0.
 160  0.
 161  0.
 162  0.
 163  0.
 164  0.
 165  0.
 166  0.
 167  0.
 168  0.
 169  0.
 170  0.
 171  0.
 172  0.
 173  0.
 174  0.
 175  0.
 176  0.
 177  0.
 178  0.
 179  0.
 180  0.
 181  0.
 182  0.
 183  0.
 184  0.
 185  0.
 186  0.
 187  0.
 188  0.
 189  0.
 190  0.
 191  0.
 192  0.
 193  0.
 194  0.
 195  0.
 196  0.
 197  0.
 198  0.
 199  0.
 200  0.
 201  0.
 202  0.
 203  0.
 204  0.
 205  0.
 206  0.
 207  0.
 208  0.
 209  0.
 210  0.
 211  0.
 212  0.
 213  0.
 214  0.
 215  0.
 216  0.
 217  0.
 218  0.
 219  0.
 220  0.
 221  0.
 222  0.
 223  0.
 224  0.
 225  0.
 226  0.
 227  0.
 228  0.
 229  0.
 230  0.
 231  0.
 232  0.
 233  0.
 234  0.
 235  0.
 236  0.
 237  0.
 238  0.
 239  0.
 240  0.
 241  0.
 242  0.
 243  0.
 244  0.
 245  0.
 246  0.
 247  0.
 248  0.
 249  0.
 250  0.
 251  0.
 252  0.
 253  0.
 254  0.
 255  0.
 256  0.
 257  0.
 258  0.
 259  0.
 260  0.
 261  0.
 262  0.
 263  0.
 264  0.
 265  0.
 266  0.
 267  0.
 268  0.
 269  0.
 270  0.
 271  0.
 272  0.
 273  0.
 274  0.
 275  0.
 276  0.
 277  0.
 278  0.
 279  0.
 280  0.
 281  0.
 282  0.
 283  0.
 284  0.
 285  0.
 286  0.
 287  0.
 288  0.
 289  0.
 290  0.
 291  0.
 292  0.
 293  0.
 294  0.
 295  0.
 296  0.
 297  0.
 298  0.
 299  0.
 300  0.
 301  0.
 302  0.
 303  0.
 304  0.
 305  0.
 306  0.
 307  0.
 308  0.
 309  0.
 310  0.
 311  0.
 312  0.
 313  0.
 314  0.
 315  0.
 316  0.
 317  0.
 318  0.
 319  0.
 320  0.
 321  0.
 322  0.
 323  0.
 324  0.
 325  0.
 326  0.
 327  0.
 328  0.
 329  0.
 330  0.
 331  0.
 332  0.
 333  0.
 334  0.
 335  0.
 336  0.
 337  0.
 338  0.
 339  0.
 340  0.
 341  0.
 342  0.
 343  0.
 344  0.
 345  0.
 346  0.
 347  0.
 348  0.
 349  0.
 350  0.
 351  0.
 352  0.
 353  0.
 354  0.
 355  0.
 356  0.
 357  0.
 358  0.
 359  0.
 360  0.
 361  0.
 362  0.
 363  0.
 364  0.
 365  0.
 366  0.
 367  0.
 368  0.
 369  0.
 370  0.
 371  0.
 372  0.
 373  0.
 374  0.
 375  0.
 376  0.
 377  0.
 378  0.
 379  0.
 380  0.
 381  0.
 382  0.
 383  0.
 384  0.
 385  0.
 386  0.
 387  0.
 388  0.
 389  0.
 390  0.
 391  0.
 392  0.
 393  0.
 394  0.
 395  0.
 396  0.
 397  0.
 398  0.
 399  0.
 400  0.
 401  0.
 402  0.
 403  0.
 404  0.
 405  0.
 406  0.
 407  0.
 408  0.
 409  0.
 410  0.
 411  0.
 412  0.
 413  0.
 414  0.
 415  0.
 416  0.
 417  0.
 418  0.
 419  0.
 420  0.
 421  0.
 422  0.
 423  0.
 424  0.
 425  0.
 426  0.
 427  0.
 428  0.
 429  0.
 430  0.
 431  0.
 432  0.
 433  0.
 434  0.
 435  0.
 436  0.
 437  0.
 438  0.
 439  0.
 440  0.
 441  0.
 442  0.
 443  0.
 444  0.
 445  0.
 446  0.
 447  0.
 448  0.
 449  0.
 450  0.
 451  0.
 452  0.
 453  0.
 454  0.
 455  0.
 456  0.
 457  0.
 458  0.
 459  0.
 460  0.
 461  0.
 462  0.
 463  0.
 464  0.
 465  0.
 466  0.
 467  0.
 468  0.
 469  0.
 470  0.
 471  0.
 472  0.
 473  0.
 474  0.
 475  0.
 476  0.
 477  0.
 478  0.
 479  0.
 480  0.
 481  0.
 482  0.
 483  0.
 484  0.
 485  0.
 486  0.
 487  0.
 488  0.
 489  0.
 490  0.
 491  0.
 492  0.
 493  0.
 494  0.
 495  0.
 496  0.
 497  0.
 498  0.
 499  0.
 500  0.

 1  0.
 2  0.
 3  0.
 4  0.
 5  0.
 6  0.
 7  0.
 8  0.
 9  0.
 10  0.
 11  0.
 12  0.
 13  0.
 14  0.
 15  0.
 16  0.
 17  0.
 18  0.
 19  0.
 20  0.
 21  0.
 22  0.
 23  0.
 24  0.
 25  0.
 26  0.
 27  0.
 28  0.
 29  0.
 30  0.
 31  0.
 32  0.
 33  0.
 34  0.
 35  0.
 36  0.
 37  0.
 38  0.
 39  0.
 40  0.
 41  0.
 42  0.
 43  0.
 44  0.
 45  0.
 46  0.
 47  0.
 48  0.
 49  0.
 50  0.
 51  0.
 52  0.
 53  0.
 54  0.
 55  0.
 56  0.
 57  0.
 58  0.
 59  0.
 60  0.
 61  0.
 62  0.
 63  0.
 64  0.
 65  0.
 66  0.
 67  0.
 68  0.
 69  0.
 70  0.
 71  0.
 72  0.
 73  0.
 74  0.
 75  0.
 76  0.
 77  0.
 78  0.
 79  0.
 80  0.
 81  0.
 82  0.
 83  0.
 84  0.
 85  0.
 86  0.
 87  0.
 88  0.
 89  0.
 90  0.
 91  0.
 92  0.
 93  0.
 94  0.
 95  0.
 96  0.
 97  0.
 98  0.
 99  0.
 100  0.
 101  0.
 102  0.
 103  0.
 104  0.
 105  0.
 106  0.
 107  0.
 108  0.
 109  0.
 110  0.
 111  0.
 112  0.
 113  0.
 114  0.
 115  0.
 116  0.
 117  0.
 118  0.
 119  0.
 120  0.
 121  0.
 122  0.
 123  0.
 124  0.
 125  0.
 126  0.
 127  0.
 128  0.
 129  0.
 130  0.
 131  0.
 132  0.
 133  0.
 134  0.
 135  0.
 136  0.
 137  0.
 138  0.
 139  0.
 140  0.
 141  0.
 142  0.
 143  0.
 144  0.
 145  0.
 146  0.
 147  0.
 148  0.
 149  0.
 150  0.
 151  0.
 152  0.
 153  0.
 154  0.
 155  0.
 156  0.
 157  0.
 158  0.
 159  0.
 160  0.
 161  0.
 162  0.
 163  0.
 164  0.
 165  0.
 166  0.
 167  0.
 168  0.
 169  0.
 170  0.
 171  0.
 172  0.
 173  0.
 174  0.
 175  0.
 176  0.
 177  0.
 178  0.
 179  0.
 180  0.
 181  0.
 182  0.
 183  0.
 184  0.
 185  0.
 186  0.
 187  0.
 188  0.
 189  0.
 190  0.
 191  0.
 192  0.
 193  0.
 194  0.
 195  0.
 196  0.
 197  0.
 198  0.
 199  0.
 200  0.
 201  0.
 202  0.
 203  0.
 204  0.
 205  0.
 206  0.
 207  0.
 208  0.
 209  0.
 210  0.
 211  0.
 212  0.
 213  0.
 214  0.
 215  0.
 216  0.
 217  0.
 218  0.
 219  0.
 220  0.
 221  0.
 222  0.
 223  0.
 224  0.
 225  0.
 226  0.
 227  0.
 228  0.
 229  0.
 230  0.
 231  0.
 232  0.
 233  0.
 234  0.
 235  0.
 236  0.
 237  0.
 238  0.
 239  0.
 240  0.
 241  0.
 242  0.
 243  0.
 244  0.
 245  0.
 246  0.
 247  0.
 248  0.
 249  0.
 250  0.
 251  0.
 252  0.
 253  0.
 254  0.
 255  0.
 256  0.
 257  0.
 258  0.
 259  0.
 260  0.
 261  0.
 262  0.
 263  0.
 264  0.
 265  0.
 266  0.
 267  0.
 268  0.
 269  0.
 270  0.
 271  0.
 272  0.
 273  0.
 274  0.
 275  0.
 276  0.
 277  0.
 278  0.
 279  0.
 280  0.
 281  0.
 282  0.
 283  0.
 284  0.
 285  0.
 286  0.
 287  0.
 288  0.
 289  0.
 290  0.
 291  0.
 292  0.
 293  0.
 294  0.
 295  0.
 296  0.
 297  0.
 298  0.
 299  0.
 300  0.
 301  0.
 302  0.
 303  0.
 304  0.
 305  0.
 306  0.
 307  0.
 308  0.
 309  0.
 310  0.
 311  0.
 312  0.
 313  0.
 314  0.
 315  0.
 316  0.
 317  0.
 318  0.
 319  0.
 320  0.
 321  0.
 322  0.
 323  0.
 324  0.
 325  0.
 326  0.
 327  0.
 328  0.
 329  0.
 330  0.
 331  0.
 332  0.
 333  0.
 334  0.
 335  0.
 336  0.
 337  0.
 338  0.
 339  0.
 340  0.
 341  0.
 342  0.
 343  0.
 344  0.
 345  0.
 346  0.
 347  0.
 348  0.
 349  0.
 350  0.
 351  0.
 352  0.
 353  0.
 354  0.
 355  0.
 356  0.
 357  0.
 358  0.
 359  0.
 360  0.
 361  0.
 362  0.
 363  0.
 364  0.
 365  0.
 366  0.
 367  0.
 368  0.
 369  0.
 370  0.
 371  0.
 372  0.
 373  0.
 374  0.
 375  0.
 376  0.
 377  0.
 378  0.
 379  0.
 380  0.
 381  0.
 382  0.
 383  0.
 384  0.
 385  0.
 386  0.
 387  0.
 388  0.
 389  0.
 390  0.
 391  0.
 392  0.
 393  0.
 394  0.
 395  0.
 396  0.
 397  0.
 398  0.
 399  0.
 400  0.
 401  0.
 402  0.
 403  0.
 404  0.
 405  0.
 406  0.
 407  0.
 408  0.
 409  0.
 410  0.
 411  0.
 412  0.
 413  0.
 414  0.
 415  0.
 416  0.
 417  0.
 418  0.
 419  0.
 420  0.
 421  0.
 422  0.
 423  0.
 424  0.
 425  0.
 426  0.
 427  0.
 428  0.
 429  0.
 430  0.
 431  0.
 432  0.
 433  0.
 434  0.
 435  0.
 436  0.
 437  0.
 438  0.
 439  0.
 440  0.
 441  0.
 442  0.
 443  0.
 444  0.
 445  0.
 446  0.
 447  0.
 448  0.
 449  0.
 450  0.
 451  0.
 452  0.
 453  0.
 454  0.
 455  0.
 456  0.
 457  0.
 458  0.
 459  0.
 460  0.
 461  0.
 462  0.
 463  0.
 464  0.
 465  0.
 466  0.
 467  0.
 468  0.
 469  0.
 470  0.
 471  0.
 472  0.
 473  0.
 474  0.
 475  0.
 476  0.
 477  0.
 478  0.
 479  0.
 480  0.
 481  0.
 482  0.
 483  0.
 484  0.
 485  0.
 486  0.
 487  0.
 488  0.
 489  0.
 490  0.
 491  0.
 492  0.
 493  0.
 494  0.
 495  0.
 496  0.
 497  0.
 498  0.
 499  0.
 500  0.

 1  0.
 2  0.
 3  0.
 4  0.
 5  0.
 6  0.
 7  0.
 8  0.
 9  0.
 10  0.
 11  0.
 12  0.
 13  0.
 14  0.
 15  0.
 16  0.
 17  0.
 18  0.
 19  0.
 20  0.
 21  0.
 22  0.
 23  0.
 24  0.
 25  0.
 26  0.
 27  0.
 28  0.
 29  0.
 30  0.
 31  0.
 32  0.
 33  0.
 34  0.
 35  0.
 36  0.
 37  0.
 38  0.
 39  0.
 40  0.
 41  0.
 42  0.
 43  0.
 44  0.
 45  0.
 46  0.
 47  0.
 48  0.
 49  0.
 50  0.
 51  0.
 52  0.
 53  0.
 54  0.
 55  0.
 56  0.
 57  0.
 58  0.
 59  0.
 60  0.
 61  0.
 62  0.
 63  0.
 64  0.
 65  0.
 66  0.
 67  0.
 68  0.
 69  0.
 70  0.
 71  0.
 72  0.
 73  0.
 74  0.
 75  0.
 76  0.
 77  0.
 78  0.
 79  0.
 80  0.
 81  0.
 82  0.
 83  0.
 84  0.
 85  0.
 86  0.
 87  0.
 88  0.
 89  0.
 90  0.
 91  0.
 92  0.
 93  0.
 94  0.
 95  0.
 96  0.
 97  0.
 98  0.
 99  0.
 100  0.
 101  0.
 102  0.
 103  0.
 104  0.
 105  0.
 106  0.
 107  0.
 108  0.
 109  0.
 110  0.
 111  0.
 112  0.
 113  0.
 114  0.
 115  0.
 116  0.
 117  0.
 118  0.
 119  0.
 120  0.
 121  0.
 122  0.
 123  0.
 124  0.
 125  0.
 126  0.
 127  0.
 128  0.
 129  0.
 130  0.
 131  0.
 132  0.
 133  0.
 134  0.
 135  0.
 136  0.
 137  0.
 138  0.
 139  0.
 140  0.
 141  0.
 142  0.
 143  0.
 144  0.
 145  0.
 146  0.
 147  0.
 148  0.
 149  0.
 150  0.
 151  0.
 152  0.
 153  0.
 154  0.
 155  0.
 156  0.
 157  0.
 158  0.
 159  0.
 160  0.
 161  0.
 162  0.
 163  0.
 164  0.
 165  0.
 166  0.
 167  0.
 168  0.
 169  0.
 170  0.
 171  0.
 172  0.
 173  0.
 174  0.
 175  0.
 176  0.
 177  0.
 178  0.
 179  0.
 180  0.
 181  0.
 182  0.
 183  0.
 184  0.
 185  0.
 186  0.
 187  0.
 188  0.
 189  0.
 190  0.
 191  0.
 192  0.
 193  0.
 194  0.
 195  0.
 196  0.
 197  0.
 198  0.
 199  0.
 200  0.
 201  0.
 202  0.
 203  0.
 204  0.
 205  0.
 206  0.
 207  0.
 208  0.
 209  0.
 210  0.
 211  0.
 212  0.
 213  0.
 214  0.
 215  0.
 216  0.
 217  0.
 218  0.
 219  0.
 220  0.
 221  0.
 222  0.
 223  0.
 224  0.
 225  0.
 226  0.
 227  0.
 228  0.
 229  0.
 230  0.
 231  0.
 232  0.
 233  0.
 234  0.
 235  0.
 236  0.
 237  0.
 238  0.
 239  0.
 240  0.
 241  0.
 242  0.
 243  0.
 244  0.
 245  0.
 246  0.
 247  0.
 248  0.
 249  0.
 250  0.
 251  0.
 252  0.
 253  0.
 254  0.
 255  0.
 256  0.
 257  0.
 258  0.
 259  0.
 260  0.
 261  0.
 262  0.
 263  0.
 264  0.
 265  0.
 266  0.
 267  0.
 268  0.
 269  0.
 270  0.
 271  0.
 272  0.
 273  0.
 274  0.
 275  0.
 276  0.
 277  0.
 278  0.
 279  0.
 280  0.
 281  0.
 282  0.
 283  0.
 284  0.
 285  0.
 286  0.
 287  0.
 288  0.
 289  0.
 290  0.
 291  0.
 292  0.
 293  0.
 294  0.
 295  0.
 296  0.
 297  0.
 298  0.
 299  0.
 300  0.
 301  0.
 302  0.
 303  0.
 304  0.
 305  0.
 306  0.
 307  0.
 308  0.
 309  0.
 310  0.
 311  0.
 312  0.
 313  0.
 314  0.
 315  0.
 316  0.
 317  0.
 318  0.
 319  0.
 320  0.
 321  0.
 322  0.
 323  0.
 324  0.
 325  0.
 326  0.
 327  0.
 328  0.
 329  0.
 330  0.
 331  0.
 332  0.
 333  0.
 334  0.
 335  0.
 336  0.
 337  0.
 338  0.
 339  0.
 340  0.
 341  0.
 342  0.
 343  0.
 344  0.
 345  0.
 346  0.
 347  0.
 348  0.
 349  0.
 350  0.
 351  0.
 352  0.
 353  0.
 354  0.
 355  0.
 356  0.
 357  0.
 358  0.
 359  0.
 360  0.
 361  0.
 362  0.
 363  0.
 364  0.
 365  0.
 366  0.
 367  0.
 368  0.
 369  0.
 370  0.
 371  0.
 372  0.
 373  0.
 374  0.
 375  0.
 376  0.
 377  0.
 378  0.
 379  0.
 380  0.
 381  0.
 382  0.
 383  0.
 384  0.
 385  0.
 386  0.
 387  0.
 388  0.
 389  0.
 390  0.
 391  0.
 392  0.
 393  0.
 394  0.
 395  0.
 396  0.
 397  0.
 398  0.
 399  0.
 400  0.
 401  0.
 402  0.
 403  0.
 404  0.
 405  0.
 406  0.
 407  0.
 408  0.
 409  0.
 410  0.
 411  0.
 412  0.
 413  0.
 414  0.
 415  0.
 416  0.
 417  0.
 418  0.
 419  0.
 420  0.
 421  0.
 422  0.
 423  0.
 424  0.
 425  0.
 426  0.
 427  0.
 428  0.
 429  0.
 430  0.
 431  0.
 432  0.
 433  0.
 434  0.
 435  0.
 436  0.
 437  0.
 438  0.
 439  0.
 440  0.
 441  0.
 442  0.
 443  0.
 444  0.
 445  0.
 446  0.
 447  0.
 448  0.
 449  0.
 450  0.
 451  0.
 452  0.
 453  0.
 454  0.
 455  0.
 456  0.
 457  0.
 458  0.
 459  0.
 460  0.
 461  0.
 462  0.
 463  0.
 464  0.
 465  0.
 466  0.
 467  0.
 468  0.
 469  0.
 470  0.
 471  0.
 472  0.
 473  0.
 474  0.
 475  0.
 476  0.
 477  0.
 478  0.
 479  0.
 480  0.
 481  0.
 482  0.
 483  0.
 484  0.
 485  0.
 486  0.
 487  0.
 488  0.
 489  0.
 490  0.
 491  0.
 492  0.
 493  0.
 494  0.
 495  0.
 496  0.
 497  0.
 498  0.
 499  0.
 500  0.

 1  0.
 2  0.
 3  0.
 4  0.
 5  0.
 6  0.
 7  0.
 8  0.
 9  0.
 10  0.
 11  0.
 12  0.
 13  0.
 14  0.
 15  0.
 16  0.
 17  0.
 18  0.
 19  0.
 20  0.
 21  0.
 22  0.
 23  0.
 24  0.
 25  0.
 26  0.
 27  0.
 28  0.
 29  0.
 30  0.
 31  0.
 32  0.
 33  0.
 34  0.
 35  0.
 36  0.
 37  0.
 38  0.
 39  0.
 40  0.
 41  0.
 42  0.
 43  0.
 44  0.
 45  0.
 46  0.
 47  0.
 48  0.
 49  0.
 50  0.
 51  0.
 52  0.
 53  0.
 54  0.
 55  0.
 56  0.
 57  0.
 58  0.
 59  0.
 60  0.
 61  0.
 62  0.
 63  0.
 64  0.
 65  0.
 66  0.
 67  0.
 68  0.
 69  0.
 70  0.
 71  0.
 72  0.
 73  0.
 74  0.
 75  0.
 76  0.
 77  0.
 78  0.
 79  0.
 80  0.
 81  0.
 82  0.
 83  0.
 84  0.
 85  0.
 86  0.
 87  0.
 88  0.
 89  0.
 90  0.
 91  0.
 92  0.
 93  0.
 94  0.
 95  0.
 96  0.
 97  0.
 98  0.
 99  0.
 100  0.
 101  0.
 102  0.
 103  0.
 104  0.
 105  0.
 106  0.
 107  0.
 108  0.
 109  0.
 110  0.
 111  0.
 112  0.
 113  0.
 114  0.
 115  0.
 116  0.
 117  0.
 118  0.
 119  0.
 120  0.
 121  0.
 122  0.
 123  0.
 124  0.
 125  0.
 126  0.
 127  0.
 128  0.
 129  0.
 130  0.
 131  0.
 132  0.
 133  0.
 134  0.
 135  0.
 136  0.
 137  0.
 138  0.
 139  0.
 140  0.
 141  0.
 142  0.
 143  0.
 144  0.
 145  0.
 146  0.
 147  0.
 148  0.
 149  0.
 150  0.
 151  0.
 152  0.
 153  0.
 154  0.
 155  0.
 156  0.
 157  0.
 158  0.
 159  0.
 160  0.
 161  0.
 162  0.
 163  0.
 164  0.
 165  0.
 166  0.
 167  0.
 168  0.
 169  0.
 170  0.
 171  0.
 172  0.
 173  0.
 174  0.
 175  0.
 176  0.
 177  0.
 178  0.
 179  0.
 180  0.
 181  0.
 182  0.
 183  0.
 184  0.
 185  0.
 186  0.
 187  0.
 188  0.
 189  0.
 190  0.
 191  0.
 192  0.
 193  0.
 194  0.
 195  0.
 196  0.
 197  0.
 198  0.
 199  0.
 200  0.
 201  0.
 202  0.
 203  0.
 204  0.
 205  0.
 206  0.
 207  0.
 208  0.
 209  0.
 210  0.
 211  0.
 212  0.
 213  0.
 214  0.
 215  0.
 216  0.
 217  0.
 218  0.
 219  0.
 220  0.
 221  0.
 222  0.
 223  0.
 224  0.
 225  0.
 226  0.
 227  0.
 228  0.
 229  0.
 230  0.
 231  0.
 232  0.
 233  0.
 234  0.
 235  0.
 236  0.
 237  0.
 238  0.
 239  0.
 240  0.
 241  0.
 242  0.
 243  0.
 244  0.
 245  0.
 246  0.
 247  0.
 248  0.
 249  0.
 250  0.
 251  0.
 252  0.
 253  0.
 254  0.
 255  0.
 256  0.
 257  0.
 258  0.
 259  0.
 260  0.
 261  0.
 262  0.
 263  0.
 264  0.
 265  0.
 266  0.
 267  0.
 268  0.
 269  0.
 270  0.
 271  0.
 272  0.
 273  0.
 274  0.
 275  0.
 276  0.
 277  0.
 278  0.
 279  0.
 280  0.
 281  0.
 282  0.
 283  0.
 284  0.
 285  0.
 286  0.
 287  0.
 288  0.
 289  0.
 290  0.
 291  0.
 292  0.
 293  0.
 294  0.
 295  0.
 296  0.
 297  0.
 298  0.
 299  0.
 300  0.
 301  0.
 302  0.
 303  0.
 304  0.
 305  0.
 306  0.
 307  0.
 308  0.
 309  0.
 310  0.
 311  0.
 312  0.
 313  0.
 314  0.
 315  0.
 316  0.
 317  0.
 318  0.
 319  0.
 320  0.
 321  0.
 322  0.
 323  0.
 324  0.
 325  0.
 326  0.
 327  0.
 328  0.
 329  0.
 330  0.
 331  0.
 332  0.
 333  0.
 334  0.
 335  0.
 336  0.
 337  0.
 338  0.
 339  0.
 340  0.
 341  0.
 342  0.
 343  0.
 344  0.
 345  0.
 346  0.
 347  0.
 348  0.
 349  0.
 350  0.
 351  0.
 352  0.
 353  0.
 354  0.
 355  0.
 356  0.
 357  0.
 358  0.
 359  0.
 360  0.
 361  0.
 362  0.
 363  0.
 364  0.
 365  0.
 366  0.
 367  0.
 368  0.
 369  0.
 370  0.
 371  0.
 372  0.
 373  0.
 374  0.
 375  0.
 376  0.
 377  0.
 378  0.
 379  0.
 380  0.
 381  0.
 382  0.
 383  0.
 384  0.
 385  0.
 386  0.
 387  0.
 388  0.
 389  0.
 390  0.
 391  0.
 392  0.
 393  0.
 394  0.
 395  0.
 396  0.
 397  0.
 398  0.
 399  0.
 400  0.
 401  0.
 402  0.
 403  0.
 404  0.
 405  0.
 406  0.
 407  0.
 408  0.
 409  0.
 410  0.
 411  0.
 412  0.
 413  0.
 414  0.
 415  0.
 416  0.
 417  0.
 418  0.
 419  0.
 420  0.
 421  0.
 422  0.
 423  0.
 424  0.
 425  0.
 426  0.
 427  0.
 428  0.
 429  0.
 430  0.
 431  0.
 432  0.
 433  0.
 434  0.
 435  0.
 436  0.
 437  0.
 438  0.
 439  0.
 440  0.
 441  0.
 442  0.
 443  0.
 444  0.
 445  0.
 446  0.
 447  0.
 448  0.
 449  0.
 450  0.
 451  0.
 452  0.
 453  0.
 454  0.
 455  0.
 456  0.
 457  0.
 458  0.
 459  0.
 460  0.
 461  0.
 462  0.
 463  0.
 464  0.
 465  0.
 466  0.
 467  0.
 468  0.
 469  0.
 470  0.
 471  0.
 472  0.
 473  0.
 474  0.
 475  0.
 476  0.
 477  0.
 478  0.
 479  0.
 480  0.
 481  0.
 482  0.
 483  0.
 484  0.
 485  0.
 486  0.
 487  0.
 488  0.
 489  0.
 490  0.
 491  0.
 492  0.
 493  0.
 494  0.
 495  0.
 496  0.
 497  0.
 498  0.
 499  0.
 500  0.

 1  0.
 2  0.
 3  0.
 4  0.
 5  0.
 6  0.
 7  0.
 8  0.
 9  0.
 10  0.
 11  0.
 12  0.
 13  0.
 14  0.
 15  0.
 16  0.
 17  0.
 18  0.
 19  0.
 20  0.
 21  0.
 22  0.
 23  0.
 24  0.
 25  0.
 26  0.
 27  0.
 28  0.
 29  0.
 30  0.
 31  0.
 32  0.
 33  0.
 34  0.
 35  0.
 36  0.
 37  0.
 38  0.
 39  0.
 40  0.
 41  0.
 42  0.
 43  0.
 44  0.
 45  0.
 46  0.
 47  0.
 48  0.
 49  0.
 50  0.
 51  0.
 52  0.
 53  0.
 54  0.
 55  0.
 56  0.
 57  0.
 58  0.
 59  0.
 60  0.
 61  0.
 62  0.
 63  0.
 64  0.
 65  0.
 66  0.
 67  0.
 68  0.
 69  0.
 70  0.
 71  0.
 72  0.
 73  0.
 74  0.
 75  0.
 76  0.
 77  0.
 78  0.
 79  0.
 80  0.
 81  0.
 82  0.
 83  0.
 84  0.
 85  0.
 86  0.
 87  0.
 88  0.
 89  0.
 90  0.
 91  0.
 92  0.
 93  0.
 94  0.
 95  0.
 96  0.
 97  0.
 98  0.
 99  0.
 100  0.
 101  0.
 102  0.
 103  0.
 104  0.
 105  0.
 106  0.
 107  0.
 108  0.
 109  0.
 110  0.
 111  0.
 112  0.
 113  0.
 114  0.
 115  0.
 116  0.
 117  0.
 118  0.
 119  0.
 120  0.
 121  0.
 122  0.
 123  0.
 124  0.
 125  0.
 126  0.
 127  0.
 128  0.
 129  0.
 130  0.
 131  0.
 132  0.
 133  0.
 134  0.
 135  0.
 136  0.
 137  0.
 138  0.
 139  0.
 140  0.
 141  0.
 142  0.
 143  0.
 144  0.
 145  0.
 146  0.
 147  0.
 148  0.
 149  0.
 150  0.
 151  0.
 152  0.
 153  0.
 154  0.
 155  0.
 156  0.
 157  0.
 158  0.
 159  0.
 160  0.
 161  0.
 162  0.
 163  0.
 164  0.
 165  0.
 166  0.
 167  0.
 168  0.
 169  0.
 170  0.
 171  0.
 172  0.
 173  0.
 174  0.
 175  0.
 176  0.
 177  0.
 178  0.
 179  0.
 180  0.
 181  0.
 182  0.
 183  0.
 184  0.
 185  0.
 186  0.
 187  0.
 188  0.
 189  0.
 190  0.
 191  0.
 192  0.
 193  0.
 194  0.
 195  0.
 196  0.
 197  0.
 198  0.
 199  0.
 200  0.
 201  0.
 202  0.
 203  0.
 204  0.
 205  0.
 206  0.
 207  0.
 208  0.
 209  0.
 210  0.
 211  0.
 212  0.
 213  0.
 214  0.
 215  0.
 216  0.
 217  0.
 218  0.
 219  0.
 220  0.
 221  0.
 222  0.
 223  0.
 224  0.
 225  0.
 226  0.
 227  0.
 228  0.
 229  0.
 230  0.
 231  0.
 232  0.
 233  0.
 234  0.
 235  0.
 236  0.
 237  0.
 238  0.
 239  0.
 240  0.
 241  0.
 242  0.
 243  0.
 244  0.
 245  0.
 246  0.
 247  0.
 248  0.
 249  0.
 250  0.
 251  0.
 252  0.
 253  0.
 254  0.
 255  0.
 256  0.
 257  0.
 258  0.
 259  0.
 260  0.
 261  0.
 262  0.
 263  0.
 264  0.
 265  0.
 266  0.
 267  0.
 268  0.
 269  0.
 270  0.
 271  0.
 272  0.
 273  0.
 274  0.
 275  0.
 276  0.
 277  0.
 278  0.
 279  0.
 280  0.
 281  0.
 282  0.
 283  0.
 284  0.
 285  0.
 286  0.
 287  0.
 288  0.
 289  0.
 290  0.
 291  0.
 292  0.
 293  0.
 294  0.
 295  0.
 296  0.
 297  0.
 298  0.
 299  0.
 300  0.
 301  0.
 302  0.
 303  0.
 304  0.
 305  0.
 306  0.
 307  0.
 308  0.
 309  0.
 310  0.
 311  0.
 312  0.
 313  0.
 314  0.
 315  0.
 316  0.
 317  0.
 318  0.
 319  0.
 320  0.
 321  0.
 322  0.
 323  0.
 324  0.
 325  0.
 326  0.
 327  0.
 328  0.
 329  0.
 330  0.
 331  0.
 332  0.
 333  0.
 334  0.
 335  0.
 336  0.
 337  0.
 338  0.
 339  0.
 340  0.
 341  0.
 342  0.
 343  0.
 344  0.
 345  0.
 346  0.
 347  0.
 348  0.
 349  0.
 350  0.
 351  0.
 352  0.
 353  0.
 354  0.
 355  0.
 356  0.
 357  0.
 358  0.
 359  0.
 360  0.
 361  0.
 362  0.
 363  0.
 364  0.
 365  0.
 366  0.
 367  0.
 368  0.
 369  0.
 370  0.
 371  0.
 372  0.
 373  0.
 374  0.
 375  0.
 376  0.
 377  0.
 378  0.
 379  0.
 380  0.
 381  0.
 382  0.
 383  0.
 384  0.
 385  0.
 386  0.
 387  0.
 388  0.
 389  0.
 390  0.
 391  0.
 392  0.
 393  0.
 394  0.
 395  0.
 396  0.
 397  0.
 398  0.
 399  0.
 400  0.
 401  0.
 402  0.
 403  0.
 404  0.
 405  0.
 406  0.
 407  0.
 408  0.
 409  0.
 410  0.
 411  0.
 412  0.
 413  0.
 414  0.
 415  0.
 416  0.
 417  0.
 418  0.
 419  0.
 420  0.
 421  0.
 422  0.
 423  0.
 424  0.
 425  0.
 426  0.
 427  0.
 428  0.
 429  0.
 430  0.
 431  0.
 432  0.
 433  0.
 434  0.
 435  0.
 436  0.
 437  0.
 438  0.
 439  0.
 440  0.
 441  0.
 442  0.
 443  0.
 444  0.
 445  0.
 446  0.
 447  0.
 448  0.
 449  0.
 450  0.
 451  0.
 452  0.
 453  0.
 454  0.
 455  0.
 456  0.
 457  0.
 458  0.
 459  0.
 460  0.
 461  0.
 462  0.
 463  0.
 464  0.
 465  0.
 466  0.
 467  0.
 468  0.
 469  0.
 470  0.
 471  0.
 472  0.
 473  0.
 474  0.
 475  0.
 476  0.
 477  0.
 478  0.
 479  0.
 480  0.
 481  0.
 482  0.
 483  0.
 484  0.
 485  0.
 486  0.
 487  0.
 488  0.
 489  0.
 490  0.
 491  0.
 492  0.
 493  0.
 494  0.
 495  0.
 496  0.
 497  0.
 498  0.
 499  0.
 500  0.

 1  0.
 2  0.
 3  0.
 4  0.
 5  0.
 6  0.
 7  0.
 8  0.
 9  0.
 10  0.
 11  0.
 12  0.
 13  0.
 14  0.
 15  0.
 16  0.
 17  0.
 18  0.
 19  0.
 20  0.
 21  0.
 22  0.
 23  0.
 24  0.
 25  0.
 26  0.
 27  0.
 28  0.
 29  0.
 30  0.
 31  0.
 32  0.
 33  0.
 34  0.
 35  0.
 36  0.
 37  0.
 38  0.
 39  0.
 40  0.
 41  0.
 42  0.
 43  0.
 44  0.
 45  0.
 46  0.
 47  0.
 48  0.
 49  0.
 50  0.
 51  0.
 52  0.
 53  0.
 54  0.
 55  0.
 56  0.
 57  0.
 58  0.
 59  0.
 60  0.
 61  0.
 62  0.
 63  0.
 64  0.
 65  0.
 66  0.
 67  0.
 68  0.
 69  0.
 70  0.
 71  0.
 72  0.
 73  0.
 74  0.
 75  0.
 76  0.
 77  0.
 78  0.
 79  0.
 80  0.
 81  0.
 82  0.
 83  0.
 84  0.
 85  0.
 86  0.
 87  0.
 88  0.
 89  0.
 90  0.
 91  0.
 92  0.
 93  0.
 94  0.
 95  0.
 96  0.
 97  0.
 98  0.
 99  0.
 100  0.
 101  0.
 102  0.
 103  0.
 104  0.
 105  0.
 106  0.
 107  0.
 108  0.
 109  0.
 110  0.
 111  0.
 112  0.
 113  0.
 114  0.
 115  0.
 116  0.
 117  0.
 118  0.
 119  0.
 120  0.
 121  0.
 122  0.
 123  0.
 124  0.
 125  0.
 126  0.
 127  0.
 128  0.
 129  0.
 130  0.
 131  0.
 132  0.
 133  0.
 134  0.
 135  0.
 136  0.
 137  0.
 138  0.
 139  0.
 140  0.
 141  0.
 142  0.
 143  0.
 144  0.
 145  0.
 146  0.
 147  0.
 148  0.
 149  0.
 150  0.
 151  0.
 152  0.
 153  0.
 154  0.
 155  0.
 156  0.
 157  0.
 158  0.
 159  0.
 160  0.
 161  0.
 162  0.
 163  0.
 164  0.
 165  0.
 166  0.
 167  0.
 168  0.
 169  0.
 170  0.
 171  0.
 172  0.
 173  0.
 174  0.
 175  0.
 176  0.
 177  0.
 178  0.
 179  0.
 180  0.
 181  0.
 182  0.
 183  0.
 184  0.
 185  0.
 186  0.
 187  0.
 188  0.
 189  0.
 190  0.
 191  0.
 192  0.
 193  0.
 194  0.
 195  0.
 196  0.
 197  0.
 198  0.
 199  0.
 200  0.
 201  0.
 202  0.
 203  0.
 204  0.
 205  0.
 206  0.
 207  0.
 208  0.
 209  0.
 210  0.
 211  0.
 212  0.
 213  0.
 214  0.
 215  0.
 216  0.
 217  0.
 218  0.
 219  0.
 220  0.
 221  0.
 222  0.
 223  0.
 224  0.
 225  0.
 226  0.
 227  0.
 228  0.
 229  0.
 230  0.
 231  0.
 232  0.
 233  0.
 234  0.
 235  0.
 236  0.
 237  0.
 238  0.
 239  0.
 240  0.
 241  0.
 242  0.
 243  0.
 244  0.
 245  0.
 246  0.
 247  0.
 248  0.
 249  0.
 250  0.
 251  0.
 252  0.
 253  0.
 254  0.
 255  0.
 256  0.
 257  0.
 258  0.
 259  0.
 260  0.
 261  0.
 262  0.
 263  0.
 264  0.
 265  0.
 266  0.
 267  0.
 268  0.
 269  0.
 270  0.
 271  0.
 272  0.
 273  0.
 274  0.
 275  0.
 276  0.
 277  0.
 278  0.
 279  0.
 280  0.
 281  0.
 282  0.
 283  0.
 284  0.
 285  0.
 286  0.
 287  0.
 288  0.
 289  0.
 290  0.
 291  0.
 292  0.
 293  0.
 294  0.
 295  0.
 296  0.
 297  0.
 298  0.
 299  0.
 300  0.
 301  0.
 302  0.
 303  0.
 304  0.
 305  0.
 306  0.
 307  0.
 308  0.
 309  0.
 310  0.
 311  0.
 312  0.
 313  0.
 314  0.
 315  0.
 316  0.
 317  0.
 318  0.
 319  0.
 320  0.
 321  0.
 322  0.
 323  0.
 324  0.
 325  0.
 326  0.
 327  0.
 328  0.
 329  0.
 330  0.
 331  0.
 332  0.
 333  0.
 334  0.
 335  0.
 336  0.
 337  0.
 338  0.
 339  0.
 340  0.
 341  0.
 342  0.
 343  0.
 344  0.
 345  0.
 346  0.
 347  0.
 348  0.
 349  0.
 350  0.
 351  0.
 352  0.
 353  0.
 354  0.
 355  0.
 356  0.
 357  0.
 358  0.
 359  0.
 360  0.
 361  0.
 362  0.
 363  0.
 364  0.
 365  0.
 366  0.
 367  0.
 368  0.
 369  0.
 370  0.
 371  0.
 372  0.
 373  0.
 374  0.
 375  0.
 376  0.
 377  0.
 378  0.
 379  0.
 380  0.
 381  0.
 382  0.
 383  0.
 384  0.
 385  0.
 386  0.
 387  0.
 388  0.
 389  0.
 390  0.
 391  0.
 392  0.
 393  0.
 394  0.
 395  0.
 396  0.
 397  0.
 398  0.
 399  0.
 400  0.
 401  0.
 402  0.
 403  0.
 404  0.
 405  0.
 406  0.
 407  0.
 408  0.
 409  0.
 410  0.
 411  0.
 412  0.
 413  0.
 414  0.
 415  0.
 416  0.
 417  0.
 418  0.
 419  0.
 420  0.
 421  0.
 422  0.
 423  0.
 424  0.
 425  0.
 426  0.
 427  0.
 428  0.
 429  0.
 430  0.
 431  0.
 432  0.
 433  0.
 434  0.
 435  0.
 436  0.
 437  0.
 438  0.
 439  0.
 440  0.
 441  0.
 442  0.
 443  0.
 444  0.
 445  0.
 446  0.
 447  0.
 448  0.
 449  0.
 450  0.
 451  0.
 452  0.
 453  0.
 454  0.
 455  0.
 456  0.
 457  0.
 458  0.
 459  0.
 460  0.
 461  0.
 462  0.
 463  0.
 464  0.
 465  0.
 466  0.
 467  0.
 468  0.
 469  0.
 470  0.
 471  0.
 472  0.
 473  0.
 474  0.
 475  0.
 476  0.
 477  0.
 478  0.
 479  0.
 480  0.
 481  0.
 482  0.
 483  0.
 484  0.
 485  0.
 486  0.
 487  0.
 488  0.
 489  0.
 490  0.
 491  0.
 492  0.
 493  0.
 494  0.
 495  0.
 496  0.
 497  0.
 498  0.
 499  0.
 500  0.

 1  0.
 2  0.
 3  0.
 4  0.
 5  0.
 6  0.
 7  0.
 8  0.
 9  0.
 10  0.
 11  0.
 12  0.
 13  0.
 14  0.
 15  0.
 16  0.
 17  0.
 18  0.
 19  0.
 20  0.
 21  0.
 22  0.
 23  0.
 24  0.
 25  0.
 26  0.
 27  0.
 28  0.
 29  0.
 30  0.
 31  0.
 32  0.
 33  0.
 34  0.
 35  0.
 36  0.
 37  0.
 38  0.
 39  0.
 40  0.
 41  0.
 42  0.
 43  0.
 44  0.
 45  0.
 46  0.
 47  0.
 48  0.
 49  0.
 50  0.
 51  0.
 52  0.
 53  0.
 54  0.
 55  0.
 56  0.
 57  0.
 58  0.
 59  0.
 60  0.
 61  0.
 62  0.
 63  0.
 64  0.
 65  0.
 66  0.
 67  0.
 68  0.
 69  0.
 70  0.
 71  0.
 72  0.
 73  0.
 74  0.
 75  0.
 76  0.
 77  0.
 78  0.
 79  0.
 80  0.
 81  0.
 82  0.
 83  0.
 84  0.
 85  0.
 86  0.
 87  0.
 88  0.
 89  0.
 90  0.
 91  0.
 92  0.
 93  0.
 94  0.
 95  0.
 96  0.
 97  0.
 98  0.
 99  0.
 100  0.
 101  0.
 102  0.
 103  0.
 104  0.
 105  0.
 106  0.
 107  0.
 108  0.
 109  0.
 110  0.
 111  0.
 112  0.
 113  0.
 114  0.
 115  0.
 116  0.
 117  0.
 118  0.
 119  0.
 120  0.
 121  0.
 122  0.
 123  0.
 124  0.
 125  0.
 126  0.
 127  0.
 128  0.
 129  0.
 130  0.
 131  0.
 132  0.
 133  0.
 134  0.
 135  0.
 136  0.
 137  0.
 138  0.
 139  0.
 140  0.
 141  0.
 142  0.
 143  0.
 144  0.
 145  0.
 146  0.
 147  0.
 148  0.
 149  0.
 150  0.
 151  0.
 152  0.
 153  0.
 154  0.
 155  0.
 156  0.
 157  0.
 158  0.
 159  0.
 160  0.
 161  0.
 162  0.
 163  0.
 164  0.
 165  0.
 166  0.
 167  0.
 168  0.
 169  0.
 170  0.
 171  0.
 172  0.
 173  0.
 174  0.
 175  0.
 176  0.
 177  0.
 178  0.
 179  0.
 180  0.
 181  0.
 182  0.
 183  0.
 184  0.
 185  0.
 186  0.
 187  0.
 188  0.
 189  0.
 190  0.
 191  0.
 192  0.
 193  0.
 194  0.
 195  0.
 196  0.
 197  0.
 198  0.
 199  0.
 200  0.
 201  0.
 202  0.
 203  0.
 204  0.
 205  0.
 206  0.
 207  0.
 208  0.
 209  0.
 210  0.
 211  0.
 212  0.
 213  0.
 214  0.
 215  0.
 216  0.
 217  0.
 218  0.
 219  0.
 220  0.
 221  0.
 222  0.
 223  0.
 224  0.
 225  0.
 226  0.
 227  0.
 228  0.
 229  0.
 230  0.
 231  0.
 232  0.
 233  0.
 234  0.
 235  0.
 236  0.
 237  0.
 238  0.
 239  0.
 240  0.
 241  0.
 242  0.
 243  0.
 244  0.
 245  0.
 246  0.
 247  0.
 248  0.
 249  0.
 250  0.
 251  0.
 252  0.
 253  0.
 254  0.
 255  0.
 256  0.
 257  0.
 258  0.
 259  0.
 260  0.
 261  0.
 262  0.
 263  0.
 264  0.
 265  0.
 266  0.
 267  0.
 268  0.
 269  0.
 270  0.
 271  0.
 272  0.
 273  0.
 274  0.
 275  0.
 276  0.
 277  0.
 278  0.
 279  0.
 280  0.
 281  0.
 282  0.
 283  0.
 284  0.
 285  0.
 286  0.
 287  0.
 288  0.
 289  0.
 290  0.
 291  0.
 292  0.
 293  0.
 294  0.
 295  0.
 296  0.
 297  0.
 298  0.
 299  0.
 300  0.
 301  0.
 302  0.
 303  0.
 304  0.
 305  0.
 306  0.
 307  0.
 308  0.
 309  0.
 310  0.
 311  0.
 312  0.
 313  0.
 314  0.
 315  0.
 316  0.
 317  0.
 318  0.
 319  0.
 320  0.
 321  0.
 322  0.
 323  0.
 324  0.
 325  0.
 326  0.
 327  0.
 328  0.
 329  0.
 330  0.
 331  0.
 332  0.
 333  0.
 334  0.
 335  0.
 336  0.
 337  0.
 338  0.
 339  0.
 340  0.
 341  0.
 342  0.
 343  0.
 344  0.
 345  0.
 346  0.
 347  0.
 348  0.
 349  0.
 350  0.
 351  0.
 352  0.
 353  0.
 354  0.
 355  0.
 356  0.
 357  0.
 358  0.
 359  0.
 360  0.
 361  0.
 362  0.
 363  0.
 364  0.
 365  0.
 366  0.
 367  0.
 368  0.
 369  0.
 370  0.
 371  0.
 372  0.
 373  0.
 374  0.
 375  0.
 376  0.
 377  0.
 378  0.
 379  0.
 380  0.
 381  0.
 382  0.
 383  0.
 384  0.
 385  0.
 386  0.
 387  0.
 388  0.
 389  0.
 390  0.
 391  0.
 392  0.
 393  0.
 394  0.
 395  0.
 396  0.
 397  0.
 398  0.
 399  0.
 400  0.
 401  0.
 402  0.
 403  0.
 404  0.
 405  0.
 406  0.
 407  0.
 408  0.
 409  0.
 410  0.
 411  0.
 412  0.
 413  0.
 414  0.
 415  0.
 416  0.
 417  0.
 418  0.
 419  0.
 420  0.
 421  0.
 422  0.
 423  0.
 424  0.
 425  0.
 426  0.
 427  0.
 428  0.
 429  0.
 430  0.
 431  0.
 432  0.
 433  0.
 434  0.
 435  0.
 436  0.
 437  0.
 438  0.
 439  0.
 440  0.
 441  0.
 442  0.
 443  0.
 444  0.
 445  0.
 446  0.
 447  0.
 448  0.
 449  0.
 450  0.
 451  0.
 452  0.
 453  0.
 454  0.
 455  0.
 456  0.
 457  0.
 458  0.
 459  0.
 460  0.
 461  0.
 462  0.
 463  0.
 464  0.
 465  0.
 466  0.
 467  0.
 468  0.
 469  0.
 470  0.
 471  0.
 472  0.
 473  0.
 474  0.
 475  0.
 476  0.
 477  0.
 478  0.
 479  0.
 480  0.
 481  0.
 482  0.
 483  0.
 484  0.
 485  0.
 486  0.
 487  0.
 488  0.
 489  0.
 490  0.
 491  0.
 492  0.
 493  0.
 494  0.
 495  0.
 496  0.
 497  0.
 498  0.
 499  0.
 500  0.

 1  0.
 2  0.
 3  0.
 4  0.
 5  0.
 6  0.
 7  0.
 8  0.
 9  0.
 10  0.
 11  0.
 12  0.
 13  0.
 14  0.
 15  0.
 16  0.
 17  0.
 18  0.
 19  0.
 20  0.
 21  0.
 22  0.
 23  0.
 24  0.
 25  0.
 26  0.
 27  0.
 28  0.
 29  0.
 30  0.
 31  0.
 32  0.
 33  0.
 34  0.
 35  0.
 36  0.
 37  0.
 38  0.
 39  0.
 40  0.
 41  0.
 42  0.
 43  0.
 44  0.
 45  0.
 46  0.
 47  0.
 48  0.
 49  0.
 50  0.
 51  0.
 52  0.
 53  0.
 54  0.
 55  0.
 56  0.
 57  0.
 58  0.
 59  0.
 60  0.
 61  0.
 62  0.
 63  0.
 64  0.
 65  0.
 66  0.
 67  0.
 68  0.
 69  0.
 70  0.
 71  0.
 72  0.
 73  0.
 74  0.
 75  0.
 76  0.
 77  0.
 78  0.
 79  0.
 80  0.
 81  0.
 82  0.
 83  0.
 84  0.
 85  0.
 86  0.
 87  0.
 88  0.
 89  0.
 90  0.
 91  0.
 92  0.
 93  0.
 94  0.
 95  0.
 96  0.
 97  0.
 98  0.
 99  0.
 100  0.
 101  0.
 102  0.
 103  0.
 104  0.
 105  0.
 106  0.
 107  0.
 108  0.
 109  0.
 110  0.
 111  0.
 112  0.
 113  0.
 114  0.
 115  0.
 116  0.
 117  0.
 118  0.
 119  0.
 120  0.
 121  0.
 122  0.
 123  0.
 124  0.
 125  0.
 126  0.
 127  0.
 128  0.
 129  0.
 130  0.
 131  0.
 132  0.
 133  0.
 134  0.
 135  0.
 136  0.
 137  0.
 138  0.
 139  0.
 140  0.
 141  0.
 142  0.
 143  0.
 144  0.
 145  0.
 146  0.
 147  0.
 148  0.
 149  0.
 150  0.
 151  0.
 152  0.
 153  0.
 154  0.
 155  0.
 156  0.
 157  0.
 158  0.
 159  0.
 160  0.
 161  0.
 162  0.
 163  0.
 164  0.
 165  0.
 166  0.
 167  0.
 168  0.
 169  0.
 170  0.
 171  0.
 172  0.
 173  0.
 174  0.
 175  0.
 176  0.
 177  0.
 178  0.
 179  0.
 180  0.
 181  0.
 182  0.
 183  0.
 184  0.
 185  0.
 186  0.
 187  0.
 188  0.
 189  0.
 190  0.
 191  0.
 192  0.
 193  0.
 194  0.
 195  0.
 196  0.
 197  0.
 198  0.
 199  0.
 200  0.
 201  0.
 202  0.
 203  0.
 204  0.
 205  0.
 206  0.
 207  0.
 208  0.
 209  0.
 210  0.
 211  0.
 212  0.
 213  0.
 214  0.
 215  0.
 216  0.
 217  0.
 218  0.
 219  0.
 220  0.
 221  0.
 222  0.
 223  0.
 224  0.
 225  0.
 226  0.
 227  0.
 228  0.
 229  0.
 230  0.
 231  0.
 232  0.
 233  0.
 234  0.
 235  0.
 236  0.
 237  0.
 238  0.
 239  0.
 240  0.
 241  0.
 242  0.
 243  0.
 244  0.
 245  0.
 246  0.
 247  0.
 248  0.
 249  0.
 250  0.
 251  0.
 252  0.
 253  0.
 254  0.
 255  0.
 256  0.
 257  0.
 258  0.
 259  0.
 260  0.
 261  0.
 262  0.
 263  0.
 264  0.
 265  0.
 266  0.
 267  0.
 268  0.
 269  0.
 270  0.
 271  0.
 272  0.
 273  0.
 274  0.
 275  0.
 276  0.
 277  0.
 278  0.
 279  0.
 280  0.
 281  0.
 282  0.
 283  0.
 284  0.
 285  0.
 286  0.
 287  0.
 288  0.
 289  0.
 290  0.
 291  0.
 292  0.
 293  0.
 294  0.
 295  0.
 296  0.
 297  0.
 298  0.
 299  0.
 300  0.
 301  0.
 302  0.
 303  0.
 304  0.
 305  0.
 306  0.
 307  0.
 308  0.
 309  0.
 310  0.
 311  0.
 312  0.
 313  0.
 314  0.
 315  0.
 316  0.
 317  0.
 318  0.
 319  0.
 320  0.
 321  0.
 322  0.
 323  0.
 324  0.
 325  0.
 326  0.
 327  0.
 328  0.
 329  0.
 330  0.
 331  0.
 332  0.
 333  0.
 334  0.
 335  0.
 336  0.
 337  0.
 338  0.
 339  0.
 340  0.
 341  0.
 342  0.
 343  0.
 344  0.
 345  0.
 346  0.
 347  0.
 348  0.
 349  0.
 350  0.
 351  0.
 352  0.
 353  0.
 354  0.
 355  0.
 356  0.
 357  0.
 358  0.
 359  0.
 360  0.
 361  0.
 362  0.
 363  0.
 364  0.
 365  0.
 366  0.
 367  0.
 368  0.
 369  0.
 370  0.
 371  0.
 372  0.
 373  0.
 374  0.
 375  0.
 376  0.
 377  0.
 378  0.
 379  0.
 380  0.
 381  0.
 382  0.
 383  0.
 384  0.
 385  0.
 386  0.
 387  0.
 388  0.
 389  0.
 390  0.
 391  0.
 392  0.
 393  0.
 394  0.
 395  0.
 396  0.
 397  0.
 398  0.
 399  0.
 400  0.
 401  0.
 402  0.
 403  0.
 404  0.
 405  0.
 406  0.
 407  0.
 408  0.
 409  0.
 410  0.
 411  0.
 412  0.
 413  0.
 414  0.
 415  0.
 416  0.
 417  0.
 418  0.
 419  0.
 420  0.
 421  0.
 422  0.
 423  0.
 424  0.
 425  0.
 426  0.
 427  0.
 428  0.
 429  0.
 430  0.
 431  0.
 432  0.
 433  0.
 434  0.
 435  0.
 436  0.
 437  0.
 438  0.
 439  0.
 440  0.
 441  0.
 442  0.
 443  0.
 444  0.
 445  0.
 446  0.
 447  0.
 448  0.
 449  0.
 450  0.
 451  0.
 452  0.
 453  0.
 454  0.
 455  0.
 456  0.
 457  0.
 458  0.
 459  0.
 460  0.
 461  0.
 462  0.
 463  0.
 464  0.
 465  0.
 466  0.
 467  0.
 468  0.
 469  0.
 470  0.
 471  0.
 472  0.
 473  0.
 474  0.
 475  0.
 476  0.
 477  0.
 478  0.
 479  0.
 480  0.
 481  0.
 482  0.
 483  0.
 484  0.
 485  0.
 486  0.
 487  0.
 488  0.
 489  0.
 490  0.
 491  0.
 492  0.
 493  0.
 494  0.
 495  0.
 496  0.
 497  0.
 498  0.
 499  0.
 500  0.

 1  0.
 2  0.
 3  0.
 4  0.
 5  0.
 6  0.
 7  0.
 8  0.
 9  0.
 10  0.
 11  0.
 12  0.
 13  0.
 14  0.
 15  0.
 16  0.
 17  0.
 18  0.
 19  0.
 20  0.
 21  0.
 22  0.
 23  0.
 24  0.
 25  0.
 26  0.
 27  0.
 28  0.
 29  0.
 30  0.
 31  0.
 32  0.
 33  0.
 34  0.
 35  0.
 36  0.
 37  0.
 38  0.
 39  0.
 40  0.
 41  0.
 42  0.
 43  0.
 44  0.
 45  0.
 46  0.
 47  0.
 48  0.
 49  0.
 50  0.
 51  0.
 52  0.
 53  0.
 54  0.
 55  0.
 56  0.
 57  0.
 58  0.
 59  0.
 60  0.
 61  0.
 62  0.
 63  0.
 64  0.
 65  0.
 66  0.
 67  0.
 68  0.
 69  0.
 70  0.
 71  0.
 72  0.
 73  0.
 74  0.
 75  0.
 76  0.
 77  0.
 78  0.
 79  0.
 80  0.
 81  0.
 82  0.
 83  0.
 84  0.
 85  0.
 86  0.
 87  0.
 88  0.
 89  0.
 90  0.
 91  0.
 92  0.
 93  0.
 94  0.
 95  0.
 96  0.
 97  0.
 98  0.
 99  0.
 100  0.
 101  0.
 102  0.
 103  0.
 104  0.
 105  0.
 106  0.
 107  0.
 108  0.
 109  0.
 110  0.
 111  0.
 112  0.
 113  0.
 114  0.
 115  0.
 116  0.
 117  0.
 118  0.
 119  0.
 120  0.
 121  0.
 122  0.
 123  0.
 124  0.
 125  0.
 126  0.
 127  0.
 128  0.
 129  0.
 130  0.
 131  0.
 132  0.
 133  0.
 134  0.
 135  0.
 136  0.
 137  0.
 138  0.
 139  0.
 140  0.
 141  0.
 142  0.
 143  0.
 144  0.
 145  0.
 146  0.
 147  0.
 148  0.
 149  0.
 150  0.
 151  0.
 152  0.
 153  0.
 154  0.
 155  0.
 156  0.
 157  0.
 158  0.
 159  0.
 160  0.
 161  0.
 162  0.
 163  0.
 164  0.
 165  0.
 166  0.
 167  0.
 168  0.
 169  0.
 170  0.
 171  0.
 172  0.
 173  0.
 174  0.
 175  0.
 176  0.
 177  0.
 178  0.
 179  0.
 180  0.
 181  0.
 182  0.
 183  0.
 184  0.
 185  0.
 186  0.
 187  0.
 188  0.
 189  0.
 190  0.
 191  0.
 192  0.
 193  0.
 194  0.
 195  0.
 196  0.
 197  0.
 198  0.
 199  0.
 200  0.
 201  0.
 202  0.
 203  0.
 204  0.
 205  0.
 206  0.
 207  0.
 208  0.
 209  0.
 210  0.
 211  0.
 212  0.
 213  0.
 214  0.
 215  0.
 216  0.
 217  0.
 218  0.
 219  0.
 220  0.
 221  0.
 222  0.
 223  0.
 224  0.
 225  0.
 226  0.
 227  0.
 228  0.
 229  0.
 230  0.
 231  0.
 232  0.
 233  0.
 234  0.
 235  0.
 236  0.
 237  0.
 238  0.
 239  0.
 240  0.
 241  0.
 242  0.
 243  0.
 244  0.
 245  0.
 246  0.
 247  0.
 248  0.
 249  0.
 250  0.
 251  0.
 252  0.
 253  0.
 254  0.
 255  0.
 256  0.
 257  0.
 258  0.
 259  0.
 260  0.
 261  0.
 262  0.
 263  0.
 264  0.
 265  0.
 266  0.
 267  0.
 268  0.
 269  0.
 270  0.
 271  0.
 272  0.
 273  0.
 274  0.
 275  0.
 276  0.
 277  0.
 278  0.
 279  0.
 280  0.
 281  0.
 282  0.
 283  0.
 284  0.
 285  0.
 286  0.
 287  0.
 288  0.
 289  0.
 290  0.
 291  0.
 292  0.
 293  0.
 294  0.
 295  0.
 296  0.
 297  0.
 298  0.
 299  0.
 300  0.
 301  0.
 302  0.
 303  0.
 304  0.
 305  0.
 306  0.
 307  0.
 308  0.
 309  0.
 310  0.
 311  0.
 312  0.
 313  0.
 314  0.
 315  0.
 316  0.
 317  0.
 318  0.
 319  0.
 320  0.
 321  0.
 322  0.
 323  0.
 324  0.
 325  0.
 326  0.
 327  0.
 328  0.
 329  0.
 330  0.
 331  0.
 332  0.
 333  0.
 334  0.
 335  0.
 336  0.
 337  0.
 338  0.
 339  0.
 340  0.
 341  0.
 342  0.
 343  0.
 344  0.
 345  0.
 346  0.
 347  0.
 348  0.
 349  0.
 350  0.
 351  0.
 352  0.
 353  0.
 354  0.
 355  0.
 356  0.
 357  0.
 358  0.
 359  0.
 360  0.
 361  0.
 362  0.
 363  0.
 364  0.
 365  0.
 366  0.
 367  0.
 368  0.
 369  0.
 370  0.
 371  0.
 372  0.
 373  0.
 374  0.
 375  0.
 376  0.
 377  0.
 378  0.
 379  0.
 380  0.
 381  0.
 382  0.
 383  0.
 384  0.
 385  0.
 386  0.
 387  0.
 388  0.
 389  0.
 390  0.
 391  0.
 392  0.
 393  0.
 394  0.
 395  0.
 396  0.
 397  0.
 398  0.
 399  0.
 400  0.
 401  0.
 402  0.
 403  0.
 404  0.
 405  0.
 406  0.
 407  0.
 408  0.
 409  0.
 410  0.
 411  0.
 412  0.
 413  0.
 414  0.
 415  0.
 416  0.
 417  0.
 418  0.
 419  0.
 420  0.
 421  0.
 422  0.
 423  0.
 424  0.
 425  0.
 426  0.
 427  0.
 428  0.
 429  0.
 430  0.
 431  0.
 432  0.
 433  0.
 434  0.
 435  0.
 436  0.
 437  0.
 438  0.
 439  0.
 440  0.
 441  0.
 442  0.
 443  0.
 444  0.
 445  0.
 446  0.
 447  0.
 448  0.
 449  0.
 450  0.
 451  0.
 452  0.
 453  0.
 454  0.
 455  0.
 456  0.
 457  0.
 458  0.
 459  0.
 460  0.
 461  0.
 462  0.
 463  0.
 464  0.
 465  0.
 466  0.
 467  0.
 468  0.
 469  0.
 470  0.
 471  0.
 472  0.
 473  0.
 474  0.
 475  0.
 476  0.
 477  0.
 478  0.
 479  0.
 480  0.
 481  0.
 482  0.
 483  0.
 484  0.
 485  0.
 486  0.
 487  0.
 488  0.
 489  0.
 490  0.
 491  0.
 492  0.
 493  0.
 494  0.
 495  0.
 496  0.
 497  0.
 498  0.
 499  0.
 500  0.

 1  0.
 2  0.
 3  0.
 4  0.
 5  0.
 6  0.
 7  0.
 8  0.
 9  0.
 10  0.
 11  0.
 12  0.
 13  0.
 14  0.
 15  0.
 16  0.
 17  0.
 18  0.
 19  0.
 20  0.
 21  0.
 22  0.
 23  0.
 24  0.
 25  0.
 26  0.
 27  0.
 28  0.
 29  0.
 30  0.
 31  0.
 32  0.
 33  0.
 34  0.
 35  0.
 36  0.
 37  0.
 38  0.
 39  0.
 40  0.
 41  0.
 42  0.
 43  0.
 44  0.
 45  0.
 46  0.
 47  0.
 48  0.
 49  0.
 50  0.
 51  0.
 52  0.
 53  0.
 54  0.
 55  0.
 56  0.
 57  0.
 58  0.
 59  0.
 60  0.
 61  0.
 62  0.
 63  0.
 64  0.
 65  0.
 66  0.
 67  0.
 68  0.
 69  0.
 70  0.
 71  0.
 72  0.
 73  0.
 74  0.
 75  0.
 76  0.
 77  0.
 78  0.
 79  0.
 80  0.
 81  0.
 82  0.
 83  0.
 84  0.
 85  0.
 86  0.
 87  0.
 88  0.
 89  0.
 90  0.
 91  0.
 92  0.
 93  0.
 94  0.
 95  0.
 96  0.
 97  0.
 98  0.
 99  0.
 100  0.
 101  0.
 102  0.
 103  0.
 104  0.
 105  0.
 106  0.
 107  0.
 108  0.
 109  0.
 110  0.
 111  0.
 112  0.
 113  0.
 114  0.
 115  0.
 116  0.
 117  0.
 118  0.
 119  0.
 120  0.
 121  0.
 122  0.
 123  0.
 124  0.
 125  0.
 126  0.
 127  0.
 128  0.
 129  0.
 130  0.
 131  0.
 132  0.
 133  0.
 134  0.
 135  0.
 136  0.
 137  0.
 138  0.
 139  0.
 140  0.
 141  0.
 142  0.
 143  0.
 144  0.
 145  0.
 146  0.
 147  0.
 148  0.
 149  0.
 150  0.
 151  0.
 152  0.
 153  0.
 154  0.
 155  0.
 156  0.
 157  0.
 158  0.
 159  0.
 160  0.
 161  0.
 162  0.
 163  0.
 164  0.
 165  0.
 166  0.
 167  0.
 168  0.
 169  0.
 170  0.
 171  0.
 172  0.
 173  0.
 174  0.
 175  0.
 176  0.
 177  0.
 178  0.
 179  0.
 180  0.
 181  0.
 182  0.
 183  0.
 184  0.
 185  0.
 186  0.
 187  0.
 188  0.
 189  0.
 190  0.
 191  0.
 192  0.
 193  0.
 194  0.
 195  0.
 196  0.
 197  0.
 198  0.
 199  0.
 200  0.
 201  0.
 202  0.
 203  0.
 204  0.
 205  0.
 206  0.
 207  0.
 208  0.
 209  0.
 210  0.
 211  0.
 212  0.
 213  0.
 214  0.
 215  0.
 216  0.
 217  0.
 218  0.
 219  0.
 220  0.
 221  0.
 222  0.
 223  0.
 224  0.
 225  0.
 226  0.
 227  0.
 228  0.
 229  0.
 230  0.
 231  0.
 232  0.
 233  0.
 234  0.
 235  0.
 236  0.
 237  0.
 238  0.
 239  0.
 240  0.
 241  0.
 242  0.
 243  0.
 244  0.
 245  0.
 246  0.
 247  0.
 248  0.
 249  0.
 250  0.
 251  0.
 252  0.
 253  0.
 254  0.
 255  0.
 256  0.
 257  0.
 258  0.
 259  0.
 260  0.
 261  0.
 262  0.
 263  0.
 264  0.
 265  0.
 266  0.
 267  0.
 268  0.
 269  0.
 270  0.
 271  0.
 272  0.
 273  0.
 274  0.
 275  0.
 276  0.
 277  0.
 278  0.
 279  0.
 280  0.
 281  0.
 282  0.
 283  0.
 284  0.
 285  0.
 286  0.
 287  0.
 288  0.
 289  0.
 290  0.
 291  0.
 292  0.
 293  0.
 294  0.
 295  0.
 296  0.
 297  0.
 298  0.
 299  0.
 300  0.
 301  0.
 302  0.
 303  0.
 304  0.
 305  0.
 306  0.
 307  0.
 308  0.
 309  0.
 310  0.
 311  0.
 312  0.
 313  0.
 314  0.
 315  0.
 316  0.
 317  0.
 318  0.
 319  0.
 320  0.
 321  0.
 322  0.
 323  0.
 324  0.
 325  0.
 326  0.
 327  0.
 328  0.
 329  0.
 330  0.
 331  0.
 332  0.
 333  0.
 334  0.
 335  0.
 336  0.
 337  0.
 338  0.
 339  0.
 340  0.
 341  0.
 342  0.
 343  0.
 344  0.
 345  0.
 346  0.
 347  0.
 348  0.
 349  0.
 350  0.
 351  0.
 352  0.
 353  0.
 354  0.
 355  0.
 356  0.
 357  0.
 358  0.
 359  0.
 360  0.
 361  0.
 362  0.
 363  0.
 364  0.
 365  0.
 366  0.
 367  0.
 368  0.
 369  0.
 370  0.
 371  0.
 372  0.
 373  0.
 374  0.
 375  0.
 376  0.
 377  0.
 378  0.
 379  0.
 380  0.
 381  0.
 382  0.
 383  0.
 384  0.
 385  0.
 386  0.
 387  0.
 388  0.
 389  0.
 390  0.
 391  0.
 392  0.
 393  0.
 394  0.
 395  0.
 396  0.
 397  0.
 398  0.
 399  0.
 400  0.
 401  0.
 402  0.
 403  0.
 404  0.
 405  0.
 406  0.
 407  0.
 408  0.
 409  0.
 410  0.
 411  0.
 412  0.
 413  0.
 414  0.
 415  0.
 416  0.
 417  0.
 418  0.
 419  0.
 420  0.
 421  0.
 422  0.
 423  0.
 424  0.
 425  0.
 426  0.
 427  0.
 428  0.
 429  0.
 430  0.
 431  0.
 432  0.
 433  0.
 434  0.
 435  0.
 436  0.
 437  0.
 438  0.
 439  0.
 440  0.
 441  0.
 442  0.
 443  0.
 444  0.
 445  0.
 446  0.
 447  0.
 448  0.
 449  0.
 450  0.
 451  0.
 452  0.
 453  0.
 454  0.
 455  0.
 456  0.
 457  0.
 458  0.
 459  0.
 460  0.
 461  0.
 462  0.
 463  0.
 464  0.
 465  0.
 466  0.
 467  0.
 468  0.
 469  0.
 470  0.
 471  0.
 472  0.
 473  0.
 474  0.
 475  0.
 476  0.
 477  0.
 478  0.
 479  0.
 480  0.
 481  0.
 482  0.
 483  0.
 484  0.
 485  0.
 486  0.
 487  0.
 488  0.
 489  0.
 490  0.
 491  0.
 492  0.
 493  0.
 494  0.
 495  0.
 496  0.
 497  0.
 498  0.
 499  0.
 500  0.

 1  0.
 2  0.
 3  0.
 4  0.
 5  0.
 6  0.
 7  0.
 8  0.
 9  0.
 10  0.
 11  0.
 12  0.
 13  0.
 14  0.
 15  0.
 16  0.
 17  0.
 18  0.
 19  0.
 20  0.
 21  0.
 22  0.
 23  0.
 24  0.
 25  0.
 26  0.
 27  0.
 28  0.
 29  0.
 30  0.
 31  0.
 32  0.
 33  0.
 34  0.
 35  0.
 36  0.
 37  0.
 38  0.
 39  0.
 40  0.
 41  0.
 42  0.
 43  0.
 44  0.
 45  0.
 46  0.
 47  0.
 48  0.
 49  0.
 50  0.
 51  0.
 52  0.
 53  0.
 54  0.
 55  0.
 56  0.
 57  0.
 58  0.
 59  0.
 60  0.
 61  0.
 62  0.
 63  0.
 64  0.
 65  0.
 66  0.
 67  0.
 68  0.
 69  0.
 70  0.
 71  0.
 72  0.
 73  0.
 74  0.
 75  0.
 76  0.
 77  0.
 78  0.
 79  0.
 80  0.
 81  0.
 82  0.
 83  0.
 84  0.
 85  0.
 86  0.
 87  0.
 88  0.
 89  0.
 90  0.
 91  0.
 92  0.
 93  0.
 94  0.
 95  0.
 96  0.
 97  0.
 98  0.
 99  0.
 100  0.
 101  0.
 102  0.
 103  0.
 104  0.
 105  0.
 106  0.
 107  0.
 108  0.
 109  0.
 110  0.
 111  0.
 112  0.
 113  0.
 114  0.
 115  0.
 116  0.
 117  0.
 118  0.
 119  0.
 120  0.
 121  0.
 122  0.
 123  0.
 124  0.
 125  0.
 126  0.
 127  0.
 128  0.
 129  0.
 130  0.
 131  0.
 132  0.
 133  0.
 134  0.
 135  0.
 136  0.
 137  0.
 138  0.
 139  0.
 140  0.
 141  0.
 142  0.
 143  0.
 144  0.
 145  0.
 146  0.
 147  0.
 148  0.
 149  0.
 150  0.
 151  0.
 152  0.
 153  0.
 154  0.
 155  0.
 156  0.
 157  0.
 158  0.
 159  0.
 160  0.
 161  0.
 162  0.
 163  0.
 164  0.
 165  0.
 166  0.
 167  0.
 168  0.
 169  0.
 170  0.
 171  0.
 172  0.
 173  0.
 174  0.
 175  0.
 176  0.
 177  0.
 178  0.
 179  0.
 180  0.
 181  0.
 182  0.
 183  0.
 184  0.
 185  0.
 186  0.
 187  0.
 188  0.
 189  0.
 190  0.
 191  0.
 192  0.
 193  0.
 194  0.
 195  0.
 196  0.
 197  0.
 198  0.
 199  0.
 200  0.
 201  0.
 202  0.
 203  0.
 204  0.
 205  0.
 206  0.
 207  0.
 208  0.
 209  0.
 210  0.
 211  0.
 212  0.
 213  0.
 214  0.
 215  0.
 216  0.
 217  0.
 218  0.
 219  0.
 220  0.
 221  0.
 222  0.
 223  0.
 224  0.
 225  0.
 226  0.
 227  0.
 228  0.
 229  0.
 230  0.
 231  0.
 232  0.
 233  0.
 234  0.
 235  0.
 236  0.
 237  0.
 238  0.
 239  0.
 240  0.
 241  0.
 242  0.
 243  0.
 244  0.
 245  0.
 246  0.
 247  0.
 248  0.
 249  0.
 250  0.
 251  0.
 252  0.
 253  0.
 254  0.
 255  0.
 256  0.
 257  0.
 258  0.
 259  0.
 260  0.
 261  0.
 262  0.
 263  0.
 264  0.
 265  0.
 266  0.
 267  0.
 268  0.
 269  0.
 270  0.
 271  0.
 272  0.
 273  0.
 274  0.
 275  0.
 276  0.
 277  0.
 278  0.
 279  0.
 280  0.
 281  0.
 282  0.
 283  0.
 284  0.
 285  0.
 286  0.
 287  0.
 288  0.
 289  0.
 290  0.
 291  0.
 292  0.
 293  0.
 294  0.
 295  0.
 296  0.
 297  0.
 298  0.
 299  0.
 300  0.
 301  0.
 302  0.
 303  0.
 304  0.
 305  0.
 306  0.
 307  0.
 308  0.
 309  0.
 310  0.
 311  0.
 312  0.
 313  0.
 314  0.
 315  0.
 316  0.
 317  0.
 318  0.
 319  0.
 320  0.
 321  0.
 322  0.
 323  0.
 324  0.
 325  0.
 326  0.
 327  0.
 328  0.
 329  0.
 330  0.
 331  0.
 332  0.
 333  0.
 334  0.
 335  0.
 336  0.
 337  0.
 338  0.
 339  0.
 340  0.
 341  0.
 342  0.
 343  0.
 344  0.
 345  0.
 346  0.
 347  0.
 348  0.
 349  0.
 350  0.
 351  0.
 352  0.
 353  0.
 354  0.
 355  0.
 356  0.
 357  0.
 358  0.
 359  0.
 360  0.
 361  0.
 362  0.
 363  0.
 364  0.
 365  0.
 366  0.
 367  0.
 368  0.
 369  0.
 370  0.
 371  0.
 372  0.
 373  0.
 374  0.
 375  0.
 376  0.
 377  0.
 378  0.
 379  0.
 380  0.
 381  0.
 382  0.
 383  0.
 384  0.
 385  0.
 386  0.
 387  0.
 388  0.
 389  0.
 390  0.
 391  0.
 392  0.
 393  0.
 394  0.
 395  0.
 396  0.
 397  0.
 398  0.
 399  0.
 400  0.
 401  0.
 402  0.
 403  0.
 404  0.
 405  0.
 406  0.
 407  0.
 408  0.
 409  0.
 410  0.
 411  0.
 412  0.
 413  0.
 414  0.
 415  0.
 416  0.
 417  0.
 418  0.
 419  0.
 420  0.
 421  0.
 422  0.
 423  0.
 424  0.
 425  0.
 426  0.
 427  0.
 428  0.
 429  0.
 430  0.
 431  0.
 432  0.
 433  0.
 434  0.
 435  0.
 436  0.
 437  0.
 438  0.
 439  0.
 440  0.
 441  0.
 442  0.
 443  0.
 444  0.
 445  0.
 446  0.
 447  0.
 448  0.
 449  0.
 450  0.
 451  0.
 452  0.
 453  0.
 454  0.
 455  0.
 456  0.
 457  0.
 458  0.
 459  0.
 460  0.
 461  0.
 462  0.
 463  0.
 464  0.
 465  0.
 466  0.
 467  0.
 468  0.
 469  0.
 470  0.
 471  0.
 472  0.
 473  0.
 474  0.
 475  0.
 476  0.
 477  0.
 478  0.
 479  0.
 480  0.
 481  0.
 482  0.
 483  0.
 484  0.
 485  0.
 486  0.
 487  0.
 488  0.
 489  0.
 490  0.
 491  0.
 492  0.
 493  0.
 494  0.
 495  0.
 496  0.
 497  0.
 498  0.
 499  0.
 500  0.

 1  0.
 2  0.
 3  0.
 4  0.
 5  0.
 6  0.
 7  0.
 8  0.
 9  0.
 10  0.
 11  0.
 12  0.
 13  0.
 14  0.
 15  0.
 16  0.
 17  0.
 18  0.
 19  0.
 20  0.
 21  0.
 22  0.
 23  0.
 24  0.
 25  0.
 26  0.
 27  0.
 28  0.
 29  0.
 30  0.
 31  0.
 32  0.
 33  0.
 34  0.
 35  0.
 36  0.
 37  0.
 38  0.
 39  0.
 40  0.
 41  0.
 42  0.
 43  0.
 44  0.
 45  0.
 46  0.
 47  0.
 48  0.
 49  0.
 50  0.
 51  0.
 52  0.
 53  0.
 54  0.
 55  0.
 56  0.
 57  0.
 58  0.
 59  0.
 60  0.
 61  0.
 62  0.
 63  0.
 64  0.
 65  0.
 66  0.
 67  0.
 68  0.
 69  0.
 70  0.
 71  0.
 72  0.
 73  0.
 74  0.
 75  0.
 76  0.
 77  0.
 78  0.
 79  0.
 80  0.
 81  0.
 82  0.
 83  0.
 84  0.
 85  0.
 86  0.
 87  0.
 88  0.
 89  0.
 90  0.
 91  0.
 92  0.
 93  0.
 94  0.
 95  0.
 96  0.
 97  0.
 98  0.
 99  0.
 100  0.
 101  0.
 102  0.
 103  0.
 104  0.
 105  0.
 106  0.
 107  0.
 108  0.
 109  0.
 110  0.
 111  0.
 112  0.
 113  0.
 114  0.
 115  0.
 116  0.
 117  0.
 118  0.
 119  0.
 120  0.
 121  0.
 122  0.
 123  0.
 124  0.
 125  0.
 126  0.
 127  0.
 128  0.
 129  0.
 130  0.
 131  0.
 132  0.
 133  0.
 134  0.
 135  0.
 136  0.
 137  0.
 138  0.
 139  0.
 140  0.
 141  0.
 142  0.
 143  0.
 144  0.
 145  0.
 146  0.
 147  0.
 148  0.
 149  0.
 150  0.
 151  0.
 152  0.
 153  0.
 154  0.
 155  0.
 156  0.
 157  0.
 158  0.
 159  0.
 160  0.
 161  0.
 162  0.
 163  0.
 164  0.
 165  0.
 166  0.
 167  0.
 168  0.
 169  0.
 170  0.
 171  0.
 172  0.
 173  0.
 174  0.
 175  0.
 176  0.
 177  0.
 178  0.
 179  0.
 180  0.
 181  0.
 182  0.
 183  0.
 184  0.
 185  0.
 186  0.
 187  0.
 188  0.
 189  0.
 190  0.
 191  0.
 192  0.
 193  0.
 194  0.
 195  0.
 196  0.
 197  0.
 198  0.
 199  0.
 200  0.
 201  0.
 202  0.
 203  0.
 204  0.
 205  0.
 206  0.
 207  0.
 208  0.
 209  0.
 210  0.
 211  0.
 212  0.
 213  0.
 214  0.
 215  0.
 216  0.
 217  0.
 218  0.
 219  0.
 220  0.
 221  0.
 222  0.
 223  0.
 224  0.
 225  0.
 226  0.
 227  0.
 228  0.
 229  0.
 230  0.
 231  0.
 232  0.
 233  0.
 234  0.
 235  0.
 236  0.
 237  0.
 238  0.
 239  0.
 240  0.
 241  0.
 242  0.
 243  0.
 244  0.
 245  0.
 246  0.
 247  0.
 248  0.
 249  0.
 250  0.
 251  0.
 252  0.
 253  0.
 254  0.
 255  0.
 256  0.
 257  0.
 258  0.
 259  0.
 260  0.
 261  0.
 262  0.
 263  0.
 264  0.
 265  0.
 266  0.
 267  0.
 268  0.
 269  0.
 270  0.
 271  0.
 272  0.
 273  0.
 274  0.
 275  0.
 276  0.
 277  0.
 278  0.
 279  0.
 280  0.
 281  0.
 282  0.
 283  0.
 284  0.
 285  0.
 286  0.
 287  0.
 288  0.
 289  0.
 290  0.
 291  0.
 292  0.
 293  0.
 294  0.
 295  0.
 296  0.
 297  0.
 298  0.
 299  0.
 300  0.
 301  0.
 302  0.
 303  0.
 304  0.
 305  0.
 306  0.
 307  0.
 308  0.
 309  0.
 310  0.
 311  0.
 312  0.
 313  0.
 314  0.
 315  0.
 316  0.
 317  0.
 318  0.
 319  0.
 320  0.
 321  0.
 322  0.
 323  0.
 324  0.
 325  0.
 326  0.
 327  0.
 328  0.
 329  0.
 330  0.
 331  0.
 332  0.
 333  0.
 334  0.
 335  0.
 336  0.
 337  0.
 338  0.
 339  0.
 340  0.
 341  0.
 342  0.
 343  0.
 344  0.
 345  0.
 346  0.
 347  0.
 348  0.
 349  0.
 350  0.
 351  0.
 352  0.
 353  0.
 354  0.
 355  0.
 356  0.
 357  0.
 358  0.
 359  0.
 360  0.
 361  0.
 362  0.
 363  0.
 364  0.
 365  0.
 366  0.
 367  0.
 368  0.
 369  0.
 370  0.
 371  0.
 372  0.
 373  0.
 374  0.
 375  0.
 376  0.
 377  0.
 378  0.
 379  0.
 380  0.
 381  0.
 382  0.
 383  0.
 384  0.
 385  0.
 386  0.
 387  0.
 388  0.
 389  0.
 390  0.
 391  0.
 392  0.
 393  0.
 394  0.
 395  0.
 396  0.
 397  0.
 398  0.
 399  0.
 400  0.
 401  0.
 402  0.
 403  0.
 404  0.
 405  0.
 406  0.
 407  0.
 408  0.
 409  0.
 410  0.
 411  0.
 412  0.
 413  0.
 414  0.
 415  0.
 416  0.
 417  0.
 418  0.
 419  0.
 420  0.
 421  0.
 422  0.
 423  0.
 424  0.
 425  0.
 426  0.
 427  0.
 428  0.
 429  0.
 430  0.
 431  0.
 432  0.
 433  0.
 434  0.
 435  0.
 436  0.
 437  0.
 438  0.
 439  0.
 440  0.
 441  0.
 442  0.
 443  0.
 444  0.
 445  0.
 446  0.
 447  0.
 448  0.
 449  0.
 450  0.
 451  0.
 452  0.
 453  0.
 454  0.
 455  0.
 456  0.
 457  0.
 458  0.
 459  0.
 460  0.
 461  0.
 462  0.
 463  0.
 464  0.
 465  0.
 466  0.
 467  0.
 468  0.
 469  0.
 470  0.
 471  0.
 472  0.
 473  0.
 474  0.
 475  0.
 476  0.
 477  0.
 478  0.
 479  0.
 480  0.
 481  0.
 482  0.
 483  0.
 484  0.
 485  0.
 486  0.
 487  0.
 488  0.
 489  0.
 490  0.
 491  0.
 492  0.
 493  0.
 494  0.
 495  0.
 496  0.
 497  0.
 498  0.
 499  0.
 500  0.

 1  0.
 2  0.
 3  0.
 4  0.
 5  0.
 6  0.
 7  0.
 8  0.
 9  0.
 10  0.
 11  0.
 12  0.
 13  0.
 14  0.
 15  0.
 16  0.
 17  0.
 18  0.
 19  0.
 20  0.
 21  0.
 22  0.
 23  0.
 24  0.
 25  0.
 26  0.
 27  0.
 28  0.
 29  0.
 30  0.
 31  0.
 32  0.
 33  0.
 34  0.
 35  0.
 36  0.
 37  0.
 38  0.
 39  0.
 40  0.
 41  0.
 42  0.
 43  0.
 44  0.
 45  0.
 46  0.
 47  0.
 48  0.
 49  0.
 50  0.
 51  0.
 52  0.
 53  0.
 54  0.
 55  0.
 56  0.
 57  0.
 58  0.
 59  0.
 60  0.
 61  0.
 62  0.
 63  0.
 64  0.
 65  0.
 66  0.
 67  0.
 68  0.
 69  0.
 70  0.
 71  0.
 72  0.
 73  0.
 74  0.
 75  0.
 76  0.
 77  0.
 78  0.
 79  0.
 80  0.
 81  0.
 82  0.
 83  0.
 84  0.
 85  0.
 86  0.
 87  0.
 88  0.
 89  0.
 90  0.
 91  0.
 92  0.
 93  0.
 94  0.
 95  0.
 96  0.
 97  0.
 98  0.
 99  0.
 100  0.
 101  0.
 102  0.
 103  0.
 104  0.
 105  0.
 106  0.
 107  0.
 108  0.
 109  0.
 110  0.
 111  0.
 112  0.
 113  0.
 114  0.
 115  0.
 116  0.
 117  0.
 118  0.
 119  0.
 120  0.
 121  0.
 122  0.
 123  0.
 124  0.
 125  0.
 126  0.
 127  0.
 128  0.
 129  0.
 130  0.
 131  0.
 132  0.
 133  0.
 134  0.
 135  0.
 136  0.
 137  0.
 138  0.
 139  0.
 140  0.
 141  0.
 142  0.
 143  0.
 144  0.
 145  0.
 146  0.
 147  0.
 148  0.
 149  0.
 150  0.
 151  0.
 152  0.
 153  0.
 154  0.
 155  0.
 156  0.
 157  0.
 158  0.
 159  0.
 160  0.
 161  0.
 162  0.
 163  0.
 164  0.
 165  0.
 166  0.
 167  0.
 168  0.
 169  0.
 170  0.
 171  0.
 172  0.
 173  0.
 174  0.
 175  0.
 176  0.
 177  0.
 178  0.
 179  0.
 180  0.
 181  0.
 182  0.
 183  0.
 184  0.
 185  0.
 186  0.
 187  0.
 188  0.
 189  0.
 190  0.
 191  0.
 192  0.
 193  0.
 194  0.
 195  0.
 196  0.
 197  0.
 198  0.
 199  0.
 200  0.
 201  0.
 202  0.
 203  0.
 204  0.
 205  0.
 206  0.
 207  0.
 208  0.
 209  0.
 210  0.
 211  0.
 212  0.
 213  0.
 214  0.
 215  0.
 216  0.
 217  0.
 218  0.
 219  0.
 220  0.
 221  0.
 222  0.
 223  0.
 224  0.
 225  0.
 226  0.
 227  0.
 228  0.
 229  0.
 230  0.
 231  0.
 232  0.
 233  0.
 234  0.
 235  0.
 236  0.
 237  0.
 238  0.
 239  0.
 240  0.
 241  0.
 242  0.
 243  0.
 244  0.
 245  0.
 246  0.
 247  0.
 248  0.
 249  0.
 250  0.
 251  0.
 252  0.
 253  0.
 254  0.
 255  0.
 256  0.
 257  0.
 258  0.
 259  0.
 260  0.
 261  0.
 262  0.
 263  0.
 264  0.
 265  0.
 266  0.
 267  0.
 268  0.
 269  0.
 270  0.
 271  0.
 272  0.
 273  0.
 274  0.
 275  0.
 276  0.
 277  0.
 278  0.
 279  0.
 280  0.
 281  0.
 282  0.
 283  0.
 284  0.
 285  0.
 286  0.
 287  0.
 288  0.
 289  0.
 290  0.
 291  0.
 292  0.
 293  0.
 294  0.
 295  0.
 296  0.
 297  0.
 298  0.
 299  0.
 300  0.
 301  0.
 302  0.
 303  0.
 304  0.
 305  0.
 306  0.
 307  0.
 308  0.
 309  0.
 310  0.
 311  0.
 312  0.
 313  0.
 314  0.
 315  0.
 316  0.
 317  0.
 318  0.
 319  0.
 320  0.
 321  0.
 322  0.
 323  0.
 324  0.
 325  0.
 326  0.
 327  0.
 328  0.
 329  0.
 330  0.
 331  0.
 332  0.
 333  0.
 334  0.
 335  0.
 336  0.
 337  0.
 338  0.
 339  0.
 340  0.
 341  0.
 342  0.
 343  0.
 344  0.
 345  0.
 346  0.
 347  0.
 348  0.
 349  0.
 350  0.
 351  0.
 352  0.
 353  0.
 354  0.
 355  0.
 356  0.
 357  0.
 358  0.
 359  0.
 360  0.
 361  0.
 362  0.
 363  0.
 364  0.
 365  0.
 366  0.
 367  0.
 368  0.
 369  0.
 370  0.
 371  0.
 372  0.
 373  0.
 374  0.
 375  0.
 376  0.
 377  0.
 378  0.
 379  0.
 380  0.
 381  0.
 382  0.
 383  0.
 384  0.
 385  0.
 386  0.
 387  0.
 388  0.
 389  0.
 390  0.
 391  0.
 392  0.
 393  0.
 394  0.
 395  0.
 396  0.
 397  0.
 398  0.
 399  0.
 400  0.
 401  0.
 402  0.
 403  0.
 404  0.
 405  0.
 406  0.
 407  0.
 408  0.
 409  0.
 410  0.
 411  0.
 412  0.
 413  0.
 414  0.
 415  0.
 416  0.
 417  0.
 418  0.
 419  0.
 420  0.
 421  0.
 422  0.
 423  0.
 424  0.
 425  0.
 426  0.
 427  0.
 428  0.
 429  0.
 430  0.
 431  0.
 432  0.
 433  0.
 434  0.
 435  0.
 436  0.
 437  0.
 438  0.
 439  0.
 440  0.
 441  0.
 442  0.
 443  0.
 444  0.
 445  0.
 446  0.
 447  0.
 448  0.
 449  0.
 450  0.
 451  0.
 452  0.
 453  0.
 454  0.
 455  0.
 456  0.
 457  0.
 458  0.
 459  0.
 460  0.
 461  0.
 462  0.
 463  0.
 464  0.
 465  0.
 466  0.
 467  0.
 468  0.
 469  0.
 470  0.
 471  0.
 472  0.
 473  0.
 474  0.
 475  0.
 476  0.
 477  0.
 478  0.
 479  0.
 480  0.
 481  0.
 482  0.
 483  0.
 484  0.
 485  0.
 486  0.
 487  0.
 488  0.
 489  0.
 490  0.
 491  0.
 492  0.
 493  0.
 494  0.
 495  0.
 496  0.
 497  0.
 498  0.
 499  0.
 500  0.

 1  0.
 2  0.
 3  0.
 4  0.
 5  0.
 6  0.
 7  0.
 8  0.
 9  0.
 10  0.
 11  0.
 12  0.
 13  0.
 14  0.
 15  0.
 16  0.
 17  0.
 18  0.
 19  0.
 20  0.
 21  0.
 22  0.
 23  0.
 24  0.
 25  0.
 26  0.
 27  0.
 28  0.
 29  0.
 30  0.
 31  0.
 32  0.
 33  0.
 34  0.
 35  0.
 36  0.
 37  0.
 38  0.
 39  0.
 40  0.
 41  0.
 42  0.
 43  0.
 44  0.
 45  0.
 46  0.
 47  0.
 48  0.
 49  0.
 50  0.
 51  0.
 52  0.
 53  0.
 54  0.
 55  0.
 56  0.
 57  0.
 58  0.
 59  0.
 60  0.
 61  0.
 62  0.
 63  0.
 64  0.
 65  0.
 66  0.
 67  0.
 68  0.
 69  0.
 70  0.
 71  0.
 72  0.
 73  0.
 74  0.
 75  0.
 76  0.
 77  0.
 78  0.
 79  0.
 80  0.
 81  0.
 82  0.
 83  0.
 84  0.
 85  0.
 86  0.
 87  0.
 88  0.
 89  0.
 90  0.
 91  0.
 92  0.
 93  0.
 94  0.
 95  0.
 96  0.
 97  0.
 98  0.
 99  0.
 100  0.
 101  0.
 102  0.
 103  0.
 104  0.
 105  0.
 106  0.
 107  0.
 108  0.
 109  0.
 110  0.
 111  0.
 112  0.
 113  0.
 114  0.
 115  0.
 116  0.
 117  0.
 118  0.
 119  0.
 120  0.
 121  0.
 122  0.
 123  0.
 124  0.
 125  0.
 126  0.
 127  0.
 128  0.
 129  0.
 130  0.
 131  0.
 132  0.
 133  0.
 134  0.
 135  0.
 136  0.
 137  0.
 138  0.
 139  0.
 140  0.
 141  0.
 142  0.
 143  0.
 144  0.
 145  0.
 146  0.
 147  0.
 148  0.
 149  0.
 150  0.
 151  0.
 152  0.
 153  0.
 154  0.
 155  0.
 156  0.
 157  0.
 158  0.
 159  0.
 160  0.
 161  0.
 162  0.
 163  0.
 164  0.
 165  0.
 166  0.
 167  0.
 168  0.
 169  0.
 170  0.
 171  0.
 172  0.
 173  0.
 174  0.
 175  0.
 176  0.
 177  0.
 178  0.
 179  0.
 180  0.
 181  0.
 182  0.
 183  0.
 184  0.
 185  0.
 186  0.
 187  0.
 188  0.
 189  0.
 190  0.
 191  0.
 192  0.
 193  0.
 194  0.
 195  0.
 196  0.
 197  0.
 198  0.
 199  0.
 200  0.
 201  0.
 202  0.
 203  0.
 204  0.
 205  0.
 206  0.
 207  0.
 208  0.
 209  0.
 210  0.
 211  0.
 212  0.
 213  0.
 214  0.
 215  0.
 216  0.
 217  0.
 218  0.
 219  0.
 220  0.
 221  0.
 222  0.
 223  0.
 224  0.
 225  0.
 226  0.
 227  0.
 228  0.
 229  0.
 230  0.
 231  0.
 232  0.
 233  0.
 234  0.
 235  0.
 236  0.
 237  0.
 238  0.
 239  0.
 240  0.
 241  0.
 242  0.
 243  0.
 244  0.
 245  0.
 246  0.
 247  0.
 248  0.
 249  0.
 250  0.
 251  0.
 252  0.
 253  0.
 254  0.
 255  0.
 256  0.
 257  0.
 258  0.
 259  0.
 260  0.
 261  0.
 262  0.
 263  0.
 264  0.
 265  0.
 266  0.
 267  0.
 268  0.
 269  0.
 270  0.
 271  0.
 272  0.
 273  0.
 274  0.
 275  0.
 276  0.
 277  0.
 278  0.
 279  0.
 280  0.
 281  0.
 282  0.
 283  0.
 284  0.
 285  0.
 286  0.
 287  0.
 288  0.
 289  0.
 290  0.
 291  0.
 292  0.
 293  0.
 294  0.
 295  0.
 296  0.
 297  0.
 298  0.
 299  0.
 300  0.
 301  0.
 302  0.
 303  0.
 304  0.
 305  0.
 306  0.
 307  0.
 308  0.
 309  0.
 310  0.
 311  0.
 312  0.
 313  0.
 314  0.
 315  0.
 316  0.
 317  0.
 318  0.
 319  0.
 320  0.
 321  0.
 322  0.
 323  0.
 324  0.
 325  0.
 326  0.
 327  0.
 328  0.
 329  0.
 330  0.
 331  0.
 332  0.
 333  0.
 334  0.
 335  0.
 336  0.
 337  0.
 338  0.
 339  0.
 340  0.
 341  0.
 342  0.
 343  0.
 344  0.
 345  0.
 346  0.
 347  0.
 348  0.
 349  0.
 350  0.
 351  0.
 352  0.
 353  0.
 354  0.
 355  0.
 356  0.
 357  0.
 358  0.
 359  0.
 360  0.
 361  0.
 362  0.
 363  0.
 364  0.
 365  0.
 366  0.
 367  0.
 368  0.
 369  0.
 370  0.
 371  0.
 372  0.
 373  0.
 374  0.
 375  0.
 376  0.
 377  0.
 378  0.
 379  0.
 380  0.
 381  0.
 382  0.
 383  0.
 384  0.
 385  0.
 386  0.
 387  0.
 388  0.
 389  0.
 390  0.
 391  0.
 392  0.
 393  0.
 394  0.
 395  0.
 396  0.
 397  0.
 398  0.
 399  0.
 400  0.
 401  0.
 402  0.
 403  0.
 404  0.
 405  0.
 406  0.
 407  0.
 408  0.
 409  0.
 410  0.
 411  0.
 412  0.
 413  0.
 414  0.
 415  0.
 416  0.
 417  0.
 418  0.
 419  0.
 420  0.
 421  0.
 422  0.
 423  0.
 424  0.
 425  0.
 426  0.
 427  0.
 428  0.
 429  0.
 430  0.
 431  0.
 432  0.
 433  0.
 434  0.
 435  0.
 436  0.
 437  0.
 438  0.
 439  0.
 440  0.
 441  0.
 442  0.
 443  0.
 444  0.
 445  0.
 446  0.
 447  0.
 448  0.
 449  0.
 450  0.
 451  0.
 452  0.
 453  0.
 454  0.
 455  0.
 456  0.
 457  0.
 458  0.
 459  0.
 460  0.
 461  0.
 462  0.
 463  0.
 464  0.
 465  0.
 466  0.
 467  0.
 468  0.
 469  0.
 470  0.
 471  0.
 472  0.
 473  0.
 474  0.
 475  0.
 476  0.
 477  0.
 478  0.
 479  0.
 480  0.
 481  0.
 482  0.
 483  0.
 484  0.
 485  0.
 486  0.
 487  0.
 488  0.
 489  0.
 490  0.
 491  0.
 492  0.
 493  0.
 494  0.
 495  0.
 496  0.
 497  0.
 498  0.
 499  0.
 500  0.

 1  0.
 2  0.
 3  0.
 4  0.
 5  0.
 6  0.
 7  0.
 8  0.
 9  0.
 10  0.
 11  0.
 12  0.
 13  0.
 14  0.
 15  0.
 16  0.
 17  0.
 18  0.
 19  0.
 20  0.
 21  0.
 22  0.
 23  0.
 24  0.
 25  0.
 26  0.
 27  0.
 28  0.
 29  0.
 30  0.
 31  0.
 32  0.
 33  0.
 34  0.
 35  0.
 36  0.
 37  0.
 38  0.
 39  0.
 40  0.
 41  0.
 42  0.
 43  0.
 44  0.
 45  0.
 46  0.
 47  0.
 48  0.
 49  0.
 50  0.
 51  0.
 52  0.
 53  0.
 54  0.
 55  0.
 56  0.
 57  0.
 58  0.
 59  0.
 60  0.
 61  0.
 62  0.
 63  0.
 64  0.
 65  0.
 66  0.
 67  0.
 68  0.
 69  0.
 70  0.
 71  0.
 72  0.
 73  0.
 74  0.
 75  0.
 76  0.
 77  0.
 78  0.
 79  0.
 80  0.
 81  0.
 82  0.
 83  0.
 84  0.
 85  0.
 86  0.
 87  0.
 88  0.
 89  0.
 90  0.
 91  0.
 92  0.
 93  0.
 94  0.
 95  0.
 96  0.
 97  0.
 98  0.
 99  0.
 100  0.
 101  0.
 102  0.
 103  0.
 104  0.
 105  0.
 106  0.
 107  0.
 108  0.
 109  0.
 110  0.
 111  0.
 112  0.
 113  0.
 114  0.
 115  0.
 116  0.
 117  0.
 118  0.
 119  0.
 120  0.
 121  0.
 122  0.
 123  0.
 124  0.
 125  0.
 126  0.
 127  0.
 128  0.
 129  0.
 130  0.
 131  0.
 132  0.
 133  0.
 134  0.
 135  0.
 136  0.
 137  0.
 138  0.
 139  0.
 140  0.
 141  0.
 142  0.
 143  0.
 144  0.
 145  0.
 146  0.
 147  0.
 148  0.
 149  0.
 150  0.
 151  0.
 152  0.
 153  0.
 154  0.
 155  0.
 156  0.
 157  0.
 158  0.
 159  0.
 160  0.
 161  0.
 162  0.
 163  0.
 164  0.
 165  0.
 166  0.
 167  0.
 168  0.
 169  0.
 170  0.
 171  0.
 172  0.
 173  0.
 174  0.
 175  0.
 176  0.
 177  0.
 178  0.
 179  0.
 180  0.
 181  0.
 182  0.
 183  0.
 184  0.
 185  0.
 186  0.
 187  0.
 188  0.
 189  0.
 190  0.
 191  0.
 192  0.
 193  0.
 194  0.
 195  0.
 196  0.
 197  0.
 198  0.
 199  0.
 200  0.
 201  0.
 202  0.
 203  0.
 204  0.
 205  0.
 206  0.
 207  0.
 208  0.
 209  0.
 210  0.
 211  0.
 212  0.
 213  0.
 214  0.
 215  0.
 216  0.
 217  0.
 218  0.
 219  0.
 220  0.
 221  0.
 222  0.
 223  0.
 224  0.
 225  0.
 226  0.
 227  0.
 228  0.
 229  0.
 230  0.
 231  0.
 232  0.
 233  0.
 234  0.
 235  0.
 236  0.
 237  0.
 238  0.
 239  0.
 240  0.
 241  0.
 242  0.
 243  0.
 244  0.
 245  0.
 246  0.
 247  0.
 248  0.
 249  0.
 250  0.
 251  0.
 252  0.
 253  0.
 254  0.
 255  0.
 256  0.
 257  0.
 258  0.
 259  0.
 260  0.
 261  0.
 262  0.
 263  0.
 264  0.
 265  0.
 266  0.
 267  0.
 268  0.
 269  0.
 270  0.
 271  0.
 272  0.
 273  0.
 274  0.
 275  0.
 276  0.
 277  0.
 278  0.
 279  0.
 280  0.
 281  0.
 282  0.
 283  0.
 284  0.
 285  0.
 286  0.
 287  0.
 288  0.
 289  0.
 290  0.
 291  0.
 292  0.
 293  0.
 294  0.
 295  0.
 296  0.
 297  0.
 298  0.
 299  0.
 300  0.
 301  0.
 302  0.
 303  0.
 304  0.
 305  0.
 306  0.
 307  0.
 308  0.
 309  0.
 310  0.
 311  0.
 312  0.
 313  0.
 314  0.
 315  0.
 316  0.
 317  0.
 318  0.
 319  0.
 320  0.
 321  0.
 322  0.
 323  0.
 324  0.
 325  0.
 326  0.
 327  0.
 328  0.
 329  0.
 330  0.
 331  0.
 332  0.
 333  0.
 334  0.
 335  0.
 336  0.
 337  0.
 338  0.
 339  0.
 340  0.
 341  0.
 342  0.
 343  0.
 344  0.
 345  0.
 346  0.
 347  0.
 348  0.
 349  0.
 350  0.
 351  0.
 352  0.
 353  0.
 354  0.
 355  0.
 356  0.
 357  0.
 358  0.
 359  0.
 360  0.
 361  0.
 362  0.
 363  0.
 364  0.
 365  0.
 366  0.
 367  0.
 368  0.
 369  0.
 370  0.
 371  0.
 372  0.
 373  0.
 374  0.
 375  0.
 376  0.
 377  0.
 378  0.
 379  0.
 380  0.
 381  0.
 382  0.
 383  0.
 384  0.
 385  0.
 386  0.
 387  0.
 388  0.
 389  0.
 390  0.
 391  0.
 392  0.
 393  0.
 394  0.
 395  0.
 396  0.
 397  0.
 398  0.
 399  0.
 400  0.
 401  0.
 402  0.
 403  0.
 404  0.
 405  0.
 406  0.
 407  0.
 408  0.
 409  0.
 410  0.
 411  0.
 412  0.
 413  0.
 414  0.
 415  0.
 416  0.
 417  0.
 418  0.
 419  0.
 420  0.
 421  0.
 422  0.
 423  0.
 424  0.
 425  0.
 426  0.
 427  0.
 428  0.
 429  0.
 430  0.
 431  0.
 432  0.
 433  0.
 434  0.
 435  0.
 436  0.
 437  0.
 438  0.
 439  0.
 440  0.
 441  0.
 442  0.
 443  0.
 444  0.
 445  0.
 446  0.
 447  0.
 448  0.
 449  0.
 450  0.
 451  0.
 452  0.
 453  0.
 454  0.
 455  0.
 456  0.
 457  0.
 458  0.
 459  0.
 460  0.
 461  0.
 462  0.
 463  0.
 464  0.
 465  0.
 466  0.
 467  0.
 468  0.
 469  0.
 470  0.
 471  0.
 472  0.
 473  0.
 474  0.
 475  0.
 476  0.
 477  0.
 478  0.
 479  0.
 480  0.
 481  0.
 482  0.
 483  0.
 484  0.
 485  0.
 486  0.
 487  0.
 488  0.
 489  0.
 490  0.
 491  0.
 492  0.
 493  0.
 494  0.
 495  0.
 496  0.
 497  0.
 498  0.
 499  0.
 500  0.

 1  0.
 2  0.
 3  0.
 4  0.
 5  0.
 6  0.
 7  0.
 8  0.
 9  0.
 10  0.
 11  0.
 12  0.
 13  0.
 14  0.
 15  0.
 16  0.
 17  0.
 18  0.
 19  0.
 20  0.
 21  0.
 22  0.
 23  0.
 24  0.
 25  0.
 26  0.
 27  0.
 28  0.
 29  0.
 30  0.
 31  0.
 32  0.
 33  0.
 34  0.
 35  0.
 36  0.
 37  0.
 38  0.
 39  0.
 40  0.
 41  0.
 42  0.
 43  0.
 44  0.
 45  0.
 46  0.
 47  0.
 48  0.
 49  0.
 50  0.
 51  0.
 52  0.
 53  0.
 54  0.
 55  0.
 56  0.
 57  0.
 58  0.
 59  0.
 60  0.
 61  0.
 62  0.
 63  0.
 64  0.
 65  0.
 66  0.
 67  0.
 68  0.
 69  0.
 70  0.
 71  0.
 72  0.
 73  0.
 74  0.
 75  0.
 76  0.
 77  0.
 78  0.
 79  0.
 80  0.
 81  0.
 82  0.
 83  0.
 84  0.
 85  0.
 86  0.
 87  0.
 88  0.
 89  0.
 90  0.
 91  0.
 92  0.
 93  0.
 94  0.
 95  0.
 96  0.
 97  0.
 98  0.
 99  0.
 100  0.
 101  0.
 102  0.
 103  0.
 104  0.
 105  0.
 106  0.
 107  0.
 108  0.
 109  0.
 110  0.
 111  0.
 112  0.
 113  0.
 114  0.
 115  0.
 116  0.
 117  0.
 118  0.
 119  0.
 120  0.
 121  0.
 122  0.
 123  0.
 124  0.
 125  0.
 126  0.
 127  0.
 128  0.
 129  0.
 130  0.
 131  0.
 132  0.
 133  0.
 134  0.
 135  0.
 136  0.
 137  0.
 138  0.
 139  0.
 140  0.
 141  0.
 142  0.
 143  0.
 144  0.
 145  0.
 146  0.
 147  0.
 148  0.
 149  0.
 150  0.
 151  0.
 152  0.
 153  0.
 154  0.
 155  0.
 156  0.
 157  0.
 158  0.
 159  0.
 160  0.
 161  0.
 162  0.
 163  0.
 164  0.
 165  0.
 166  0.
 167  0.
 168  0.
 169  0.
 170  0.
 171  0.
 172  0.
 173  0.
 174  0.
 175  0.
 176  0.
 177  0.
 178  0.
 179  0.
 180  0.
 181  0.
 182  0.
 183  0.
 184  0.
 185  0.
 186  0.
 187  0.
 188  0.
 189  0.
 190  0.
 191  0.
 192  0.
 193  0.
 194  0.
 195  0.
 196  0.
 197  0.
 198  0.
 199  0.
 200  0.
 201  0.
 202  0.
 203  0.
 204  0.
 205  0.
 206  0.
 207  0.
 208  0.
 209  0.
 210  0.
 211  0.
 212  0.
 213  0.
 214  0.
 215  0.
 216  0.
 217  0.
 218  0.
 219  0.
 220  0.
 221  0.
 222  0.
 223  0.
 224  0.
 225  0.
 226  0.
 227  0.
 228  0.
 229  0.
 230  0.
 231  0.
 232  0.
 233  0.
 234  0.
 235  0.
 236  0.
 237  0.
 238  0.
 239  0.
 240  0.
 241  0.
 242  0.
 243  0.
 244  0.
 245  0.
 246  0.
 247  0.
 248  0.
 249  0.
 250  0.
 251  0.
 252  0.
 253  0.
 254  0.
 255  0.
 256  0.
 257  0.
 258  0.
 259  0.
 260  0.
 261  0.
 262  0.
 263  0.
 264  0.
 265  0.
 266  0.
 267  0.
 268  0.
 269  0.
 270  0.
 271  0.
 272  0.
 273  0.
 274  0.
 275  0.
 276  0.
 277  0.
 278  0.
 279  0.
 280  0.
 281  0.
 282  0.
 283  0.
 284  0.
 285  0.
 286  0.
 287  0.
 288  0.
 289  0.
 290  0.
 291  0.
 292  0.
 293  0.
 294  0.
 295  0.
 296  0.
 297  0.
 298  0.
 299  0.
 300  0.
 301  0.
 302  0.
 303  0.
 304  0.
 305  0.
 306  0.
 307  0.
 308  0.
 309  0.
 310  0.
 311  0.
 312  0.
 313  0.
 314  0.
 315  0.
 316  0.
 317  0.
 318  0.
 319  0.
 320  0.
 321  0.
 322  0.
 323  0.
 324  0.
 325  0.
 326  0.
 327  0.
 328  0.
 329  0.
 330  0.
 331  0.
 332  0.
 333  0.
 334  0.
 335  0.
 336  0.
 337  0.
 338  0.
 339  0.
 340  0.
 341  0.
 342  0.
 343  0.
 344  0.
 345  0.
 346  0.
 347  0.
 348  0.
 349  0.
 350  0.
 351  0.
 352  0.
 353  0.
 354  0.
 355  0.
 356  0.
 357  0.
 358  0.
 359  0.
 360  0.
 361  0.
 362  0.
 363  0.
 364  0.
 365  0.
 366  0.
 367  0.
 368  0.
 369  0.
 370  0.
 371  0.
 372  0.
 373  0.
 374  0.
 375  0.
 376  0.
 377  0.
 378  0.
 379  0.
 380  0.
 381  0.
 382  0.
 383  0.
 384  0.
 385  0.
 386  0.
 387  0.
 388  0.
 389  0.
 390  0.
 391  0.
 392  0.
 393  0.
 394  0.
 395  0.
 396  0.
 397  0.
 398  0.
 399  0.
 400  0.
 401  0.
 402  0.
 403  0.
 404  0.
 405  0.
 406  0.
 407  0.
 408  0.
 409  0.
 410  0.
 411  0.
 412  0.
 413  0.
 414  0.
 415  0.
 416  0.
 417  0.
 418  0.
 419  0.
 420  0.
 421  0.
 422  0.
 423  0.
 424  0.
 425  0.
 426  0.
 427  0.
 428  0.
 429  0.
 430  0.
 431  0.
 432  0.
 433  0.
 434  0.
 435  0.
 436  0.
 437  0.
 438  0.
 439  0.
 440  0.
 441  0.
 442  0.
 443  0.
 444  0.
 445  0.
 446  0.
 447  0.
 448  0.
 449  0.
 450  0.
 451  0.
 452  0.
 453  0.
 454  0.
 455  0.
 456  0.
 457  0.
 458  0.
 459  0.
 460  0.
 461  0.
 462  0.
 463  0.
 464  0.
 465  0.
 466  0.
 467  0.
 468  0.
 469  0.
 470  0.
 471  0.
 472  0.
 473  0.
 474  0.
 475  0.
 476  0.
 477  0.
 478  0.
 479  0.
 480  0.
 481  0.
 482  0.
 483  0.
 484  0.
 485  0.
 486  0.
 487  0.
 488  0.
 489  0.
 490  0.
 491  0.
 492  0.
 493  0.
 494  0.
 495  0.
 496  0.
 497  0.
 498  0.
 499  0.
 500  0.

 1  0.
 2  0.
 3  0.
 4  0.
 5  0.
 6  0.
 7  0.
 8  0.
 9  0.
 10  0.
 11  0.
 12  0.
 13  0.
 14  0.
 15  0.
 16  0.
 17  0.
 18  0.
 19  0.
 20  0.
 21  0.
 22  0.
 23  0.
 24  0.
 25  0.
 26  0.
 27  0.
 28  0.
 29  0.
 30  0.
 31  0.
 32  0.
 33  0.
 34  0.
 35  0.
 36  0.
 37  0.
 38  0.
 39  0.
 40  0.
 41  0.
 42  0.
 43  0.
 44  0.
 45  0.
 46  0.
 47  0.
 48  0.
 49  0.
 50  0.
 51  0.
 52  0.
 53  0.
 54  0.
 55  0.
 56  0.
 57  0.
 58  0.
 59  0.
 60  0.
 61  0.
 62  0.
 63  0.
 64  0.
 65  0.
 66  0.
 67  0.
 68  0.
 69  0.
 70  0.
 71  0.
 72  0.
 73  0.
 74  0.
 75  0.
 76  0.
 77  0.
 78  0.
 79  0.
 80  0.
 81  0.
 82  0.
 83  0.
 84  0.
 85  0.
 86  0.
 87  0.
 88  0.
 89  0.
 90  0.
 91  0.
 92  0.
 93  0.
 94  0.
 95  0.
 96  0.
 97  0.
 98  0.
 99  0.
 100  0.
 101  0.
 102  0.
 103  0.
 104  0.
 105  0.
 106  0.
 107  0.
 108  0.
 109  0.
 110  0.
 111  0.
 112  0.
 113  0.
 114  0.
 115  0.
 116  0.
 117  0.
 118  0.
 119  0.
 120  0.
 121  0.
 122  0.
 123  0.
 124  0.
 125  0.
 126  0.
 127  0.
 128  0.
 129  0.
 130  0.
 131  0.
 132  0.
 133  0.
 134  0.
 135  0.
 136  0.
 137  0.
 138  0.
 139  0.
 140  0.
 141  0.
 142  0.
 143  0.
 144  0.
 145  0.
 146  0.
 147  0.
 148  0.
 149  0.
 150  0.
 151  0.
 152  0.
 153  0.
 154  0.
 155  0.
 156  0.
 157  0.
 158  0.
 159  0.
 160  0.
 161  0.
 162  0.
 163  0.
 164  0.
 165  0.
 166  0.
 167  0.
 168  0.
 169  0.
 170  0.
 171  0.
 172  0.
 173  0.
 174  0.
 175  0.
 176  0.
 177  0.
 178  0.
 179  0.
 180  0.
 181  0.
 182  0.
 183  0.
 184  0.
 185  0.
 186  0.
 187  0.
 188  0.
 189  0.
 190  0.
 191  0.
 192  0.
 193  0.
 194  0.
 195  0.
 196  0.
 197  0.
 198  0.
 199  0.
 200  0.
 201  0.
 202  0.
 203  0.
 204  0.
 205  0.
 206  0.
 207  0.
 208  0.
 209  0.
 210  0.
 211  0.
 212  0.
 213  0.
 214  0.
 215  0.
 216  0.
 217  0.
 218  0.
 219  0.
 220  0.
 221  0.
 222  0.
 223  0.
 224  0.
 225  0.
 226  0.
 227  0.
 228  0.
 229  0.
 230  0.
 231  0.
 232  0.
 233  0.
 234  0.
 235  0.
 236  0.
 237  0.
 238  0.
 239  0.
 240  0.
 241  0.
 242  0.
 243  0.
 244  0.
 245  0.
 246  0.
 247  0.
 248  0.
 249  0.
 250  0.
 251  0.
 252  0.
 253  0.
 254  0.
 255  0.
 256  0.
 257  0.
 258  0.
 259  0.
 260  0.
 261  0.
 262  0.
 263  0.
 264  0.
 265  0.
 266  0.
 267  0.
 268  0.
 269  0.
 270  0.
 271  0.
 272  0.
 273  0.
 274  0.
 275  0.
 276  0.
 277  0.
 278  0.
 279  0.
 280  0.
 281  0.
 282  0.
 283  0.
 284  0.
 285  0.
 286  0.
 287  0.
 288  0.
 289  0.
 290  0.
 291  0.
 292  0.
 293  0.
 294  0.
 295  0.
 296  0.
 297  0.
 298  0.
 299  0.
 300  0.
 301  0.
 302  0.
 303  0.
 304  0.
 305  0.
 306  0.
 307  0.
 308  0.
 309  0.
 310  0.
 311  0.
 312  0.
 313  0.
 314  0.
 315  0.
 316  0.
 317  0.
 318  0.
 319  0.
 320  0.
 321  0.
 322  0.
 323  0.
 324  0.
 325  0.
 326  0.
 327  0.
 328  0.
 329  0.
 330  0.
 331  0.
 332  0.
 333  0.
 334  0.
 335  0.
 336  0.
 337  0.
 338  0.
 339  0.
 340  0.
 341  0.
 342  0.
 343  0.
 344  0.
 345  0.
 346  0.
 347  0.
 348  0.
 349  0.
 350  0.
 351  0.
 352  0.
 353  0.
 354  0.
 355  0.
 356  0.
 357  0.
 358  0.
 359  0.
 360  0.
 361  0.
 362  0.
 363  0.
 364  0.
 365  0.
 366  0.
 367  0.
 368  0.
 369  0.
 370  0.
 371  0.
 372  0.
 373  0.
 374  0.
 375  0.
 376  0.
 377  0.
 378  0.
 379  0.
 380  0.
 381  0.
 382  0.
 383  0.
 384  0.
 385  0.
 386  0.
 387  0.
 388  0.
 389  0.
 390  0.
 391  0.
 392  0.
 393  0.
 394  0.
 395  0.
 396  0.
 397  0.
 398  0.
 399  0.
 400  0.
 401  0.
 402  0.
 403  0.
 404  0.
 405  0.
 406  0.
 407  0.
 408  0.
 409  0.
 410  0.
 411  0.
 412  0.
 413  0.
 414  0.
 415  0.
 416  0.
 417  0.
 418  0.
 419  0.
 420  0.
 421  0.
 422  0.
 423  0.
 424  0.
 425  0.
 426  0.
 427  0.
 428  0.
 429  0.
 430  0.
 431  0.
 432  0.
 433  0.
 434  0.
 435  0.
 436  0.
 437  0.
 438  0.
 439  0.
 440  0.
 441  0.
 442  0.
 443  0.
 444  0.
 445  0.
 446  0.
 447  0.
 448  0.
 449  0.
 450  0.
 451  0.
 452  0.
 453  0.
 454  0.
 455  0.
 456  0.
 457  0.
 458  0.
 459  0.
 460  0.
 461  0.
 462  0.
 463  0.
 464  0.
 465  0.
 466  0.
 467  0.
 468  0.
 469  0.
 470  0.
 471  0.
 472  0.
 473  0.
 474  0.
 475  0.
 476  0.
 477  0.
 478  0.
 479  0.
 480  0.
 481  0.
 482  0.
 483  0.
 484  0.
 485  0.
 486  0.
 487  0.
 488  0.
 489  0.
 490  0.
 491  0.
 492  0.
 493  0.
 494  0.
 495  0.
 496  0.
 497  0.
 498  0.
 499  0.
 500  0.

 1  0.
 2  0.
 3  0.
 4  0.
 5  0.
 6  0.
 7  0.
 8  0.
 9  0.
 10  0.
 11  0.
 12  0.
 13  0.
 14  0.
 15  0.
 16  0.
 17  0.
 18  0.
 19  0.
 20  0.
 21  0.
 22  0.
 23  0.
 24  0.
 25  0.
 26  0.
 27  0.
 28  0.
 29  0.
 30  0.
 31  0.
 32  0.
 33  0.
 34  0.
 35  0.
 36  0.
 37  0.
 38  0.
 39  0.
 40  0.
 41  0.
 42  0.
 43  0.
 44  0.
 45  0.
 46  0.
 47  0.
 48  0.
 49  0.
 50  0.
 51  0.
 52  0.
 53  0.
 54  0.
 55  0.
 56  0.
 57  0.
 58  0.
 59  0.
 60  0.
 61  0.
 62  0.
 63  0.
 64  0.
 65  0.
 66  0.
 67  0.
 68  0.
 69  0.
 70  0.
 71  0.
 72  0.
 73  0.
 74  0.
 75  0.
 76  0.
 77  0.
 78  0.
 79  0.
 80  0.
 81  0.
 82  0.
 83  0.
 84  0.
 85  0.
 86  0.
 87  0.
 88  0.
 89  0.
 90  0.
 91  0.
 92  0.
 93  0.
 94  0.
 95  0.
 96  0.
 97  0.
 98  0.
 99  0.
 100  0.
 101  0.
 102  0.
 103  0.
 104  0.
 105  0.
 106  0.
 107  0.
 108  0.
 109  0.
 110  0.
 111  0.
 112  0.
 113  0.
 114  0.
 115  0.
 116  0.
 117  0.
 118  0.
 119  0.
 120  0.
 121  0.
 122  0.
 123  0.
 124  0.
 125  0.
 126  0.
 127  0.
 128  0.
 129  0.
 130  0.
 131  0.
 132  0.
 133  0.
 134  0.
 135  0.
 136  0.
 137  0.
 138  0.
 139  0.
 140  0.
 141  0.
 142  0.
 143  0.
 144  0.
 145  0.
 146  0.
 147  0.
 148  0.
 149  0.
 150  0.
 151  0.
 152  0.
 153  0.
 154  0.
 155  0.
 156  0.
 157  0.
 158  0.
 159  0.
 160  0.
 161  0.
 162  0.
 163  0.
 164  0.
 165  0.
 166  0.
 167  0.
 168  0.
 169  0.
 170  0.
 171  0.
 172  0.
 173  0.
 174  0.
 175  0.
 176  0.
 177  0.
 178  0.
 179  0.
 180  0.
 181  0.
 182  0.
 183  0.
 184  0.
 185  0.
 186  0.
 187  0.
 188  0.
 189  0.
 190  0.
 191  0.
 192  0.
 193  0.
 194  0.
 195  0.
 196  0.
 197  0.
 198  0.
 199  0.
 200  0.
 201  0.
 202  0.
 203  0.
 204  0.
 205  0.
 206  0.
 207  0.
 208  0.
 209  0.
 210  0.
 211  0.
 212  0.
 213  0.
 214  0.
 215  0.
 216  0.
 217  0.
 218  0.
 219  0.
 220  0.
 221  0.
 222  0.
 223  0.
 224  0.
 225  0.
 226  0.
 227  0.
 228  0.
 229  0.
 230  0.
 231  0.
 232  0.
 233  0.
 234  0.
 235  0.
 236  0.
 237  0.
 238  0.
 239  0.
 240  0.
 241  0.
 242  0.
 243  0.
 244  0.
 245  0.
 246  0.
 247  0.
 248  0.
 249  0.
 250  0.
 251  0.
 252  0.
 253  0.
 254  0.
 255  0.
 256  0.
 257  0.
 258  0.
 259  0.
 260  0.
 261  0.
 262  0.
 263  0.
 264  0.
 265  0.
 266  0.
 267  0.
 268  0.
 269  0.
 270  0.
 271  0.
 272  0.
 273  0.
 274  0.
 275  0.
 276  0.
 277  0.
 278  0.
 279  0.
 280  0.
 281  0.
 282  0.
 283  0.
 284  0.
 285  0.
 286  0.
 287  0.
 288  0.
 289  0.
 290  0.
 291  0.
 292  0.
 293  0.
 294  0.
 295  0.
 296  0.
 297  0.
 298  0.
 299  0.
 300  0.
 301  0.
 302  0.
 303  0.
 304  0.
 305  0.
 306  0.
 307  0.
 308  0.
 309  0.
 310  0.
 311  0.
 312  0.
 313  0.
 314  0.
 315  0.
 316  0.
 317  0.
 318  0.
 319  0.
 320  0.
 321  0.
 322  0.
 323  0.
 324  0.
 325  0.
 326  0.
 327  0.
 328  0.
 329  0.
 330  0.
 331  0.
 332  0.
 333  0.
 334  0.
 335  0.
 336  0.
 337  0.
 338  0.
 339  0.
 340  0.
 341  0.
 342  0.
 343  0.
 344  0.
 345  0.
 346  0.
 347  0.
 348  0.
 349  0.
 350  0.
 351  0.
 352  0.
 353  0.
 354  0.
 355  0.
 356  0.
 357  0.
 358  0.
 359  0.
 360  0.
 361  0.
 362  0.
 363  0.
 364  0.
 365  0.
 366  0.
 367  0.
 368  0.
 369  0.
 370  0.
 371  0.
 372  0.
 373  0.
 374  0.
 375  0.
 376  0.
 377  0.
 378  0.
 379  0.
 380  0.
 381  0.
 382  0.
 383  0.
 384  0.
 385  0.
 386  0.
 387  0.
 388  0.
 389  0.
 390  0.
 391  0.
 392  0.
 393  0.
 394  0.
 395  0.
 396  0.
 397  0.
 398  0.
 399  0.
 400  0.
 401  0.
 402  0.
 403  0.
 404  0.
 405  0.
 406  0.
 407  0.
 408  0.
 409  0.
 410  0.
 411  0.
 412  0.
 413  0.
 414  0.
 415  0.
 416  0.
 417  0.
 418  0.
 419  0.
 420  0.
 421  0.
 422  0.
 423  0.
 424  0.
 425  0.
 426  0.
 427  0.
 428  0.
 429  0.
 430  0.
 431  0.
 432  0.
 433  0.
 434  0.
 435  0.
 436  0.
 437  0.
 438  0.
 439  0.
 440  0.
 441  0.
 442  0.
 443  0.
 444  0.
 445  0.
 446  0.
 447  0.
 448  0.
 449  0.
 450  0.
 451  0.
 452  0.
 453  0.
 454  0.
 455  0.
 456  0.
 457  0.
 458  0.
 459  0.
 460  0.
 461  0.
 462  0.
 463  0.
 464  0.
 465  0.
 466  0.
 467  0.
 468  0.
 469  0.
 470  0.
 471  0.
 472  0.
 473  0.
 474  0.
 475  0.
 476  0.
 477  0.
 478  0.
 479  0.
 480  0.
 481  0.
 482  0.
 483  0.
 484  0.
 485  0.
 486  0.
 487  0.
 488  0.
 489  0.
 490  0.
 491  0.
 492  0.
 493  0.
 494  0.
 495  0.
 496  0.
 497  0.
 498  0.
 499  0.
 500  0.

 1  0.
 2  0.
 3  0.
 4  0.
 5  0.
 6  0.
 7  0.
 8  0.
 9  0.
 10  0.
 11  0.
 12  0.
 13  0.
 14  0.
 15  0.
 16  0.
 17  0.
 18  0.
 19  0.
 20  0.
 21  0.
 22  0.
 23  0.
 24  0.
 25  0.
 26  0.
 27  0.
 28  0.
 29  0.
 30  0.
 31  0.
 32  0.
 33  0.
 34  0.
 35  0.
 36  0.
 37  0.
 38  0.
 39  0.
 40  0.
 41  0.
 42  0.
 43  0.
 44  0.
 45  0.
 46  0.
 47  0.
 48  0.
 49  0.
 50  0.
 51  0.
 52  0.
 53  0.
 54  0.
 55  0.
 56  0.
 57  0.
 58  0.
 59  0.
 60  0.
 61  0.
 62  0.
 63  0.
 64  0.
 65  0.
 66  0.
 67  0.
 68  0.
 69  0.
 70  0.
 71  0.
 72  0.
 73  0.
 74  0.
 75  0.
 76  0.
 77  0.
 78  0.
 79  0.
 80  0.
 81  0.
 82  0.
 83  0.
 84  0.
 85  0.
 86  0.
 87  0.
 88  0.
 89  0.
 90  0.
 91  0.
 92  0.
 93  0.
 94  0.
 95  0.
 96  0.
 97  0.
 98  0.
 99  0.
 100  0.
 101  0.
 102  0.
 103  0.
 104  0.
 105  0.
 106  0.
 107  0.
 108  0.
 109  0.
 110  0.
 111  0.
 112  0.
 113  0.
 114  0.
 115  0.
 116  0.
 117  0.
 118  0.
 119  0.
 120  0.
 121  0.
 122  0.
 123  0.
 124  0.
 125  0.
 126  0.
 127  0.
 128  0.
 129  0.
 130  0.
 131  0.
 132  0.
 133  0.
 134  0.
 135  0.
 136  0.
 137  0.
 138  0.
 139  0.
 140  0.
 141  0.
 142  0.
 143  0.
 144  0.
 145  0.
 146  0.
 147  0.
 148  0.
 149  0.
 150  0.
 151  0.
 152  0.
 153  0.
 154  0.
 155  0.
 156  0.
 157  0.
 158  0.
 159  0.
 160  0.
 161  0.
 162  0.
 163  0.
 164  0.
 165  0.
 166  0.
 167  0.
 168  0.
 169  0.
 170  0.
 171  0.
 172  0.
 173  0.
 174  0.
 175  0.
 176  0.
 177  0.
 178  0.
 179  0.
 180  0.
 181  0.
 182  0.
 183  0.
 184  0.
 185  0.
 186  0.
 187  0.
 188  0.
 189  0.
 190  0.
 191  0.
 192  0.
 193  0.
 194  0.
 195  0.
 196  0.
 197  0.
 198  0.
 199  0.
 200  0.
 201  0.
 202  0.
 203  0.
 204  0.
 205  0.
 206  0.
 207  0.
 208  0.
 209  0.
 210  0.
 211  0.
 212  0.
 213  0.
 214  0.
 215  0.
 216  0.
 217  0.
 218  0.
 219  0.
 220  0.
 221  0.
 222  0.
 223  0.
 224  0.
 225  0.
 226  0.
 227  0.
 228  0.
 229  0.
 230  0.
 231  0.
 232  0.
 233  0.
 234  0.
 235  0.
 236  0.
 237  0.
 238  0.
 239  0.
 240  0.
 241  0.
 242  0.
 243  0.
 244  0.
 245  0.
 246  0.
 247  0.
 248  0.
 249  0.
 250  0.
 251  0.
 252  0.
 253  0.
 254  0.
 255  0.
 256  0.
 257  0.
 258  0.
 259  0.
 260  0.
 261  0.
 262  0.
 263  0.
 264  0.
 265  0.
 266  0.
 267  0.
 268  0.
 269  0.
 270  0.
 271  0.
 272  0.
 273  0.
 274  0.
 275  0.
 276  0.
 277  0.
 278  0.
 279  0.
 280  0.
 281  0.
 282  0.
 283  0.
 284  0.
 285  0.
 286  0.
 287  0.
 288  0.
 289  0.
 290  0.
 291  0.
 292  0.
 293  0.
 294  0.
 295  0.
 296  0.
 297  0.
 298  0.
 299  0.
 300  0.
 301  0.
 302  0.
 303  0.
 304  0.
 305  0.
 306  0.
 307  0.
 308  0.
 309  0.
 310  0.
 311  0.
 312  0.
 313  0.
 314  0.
 315  0.
 316  0.
 317  0.
 318  0.
 319  0.
 320  0.
 321  0.
 322  0.
 323  0.
 324  0.
 325  0.
 326  0.
 327  0.
 328  0.
 329  0.
 330  0.
 331  0.
 332  0.
 333  0.
 334  0.
 335  0.
 336  0.
 337  0.
 338  0.
 339  0.
 340  0.
 341  0.
 342  0.
 343  0.
 344  0.
 345  0.
 346  0.
 347  0.
 348  0.
 349  0.
 350  0.
 351  0.
 352  0.
 353  0.
 354  0.
 355  0.
 356  0.
 357  0.
 358  0.
 359  0.
 360  0.
 361  0.
 362  0.
 363  0.
 364  0.
 365  0.
 366  0.
 367  0.
 368  0.
 369  0.
 370  0.
 371  0.
 372  0.
 373  0.
 374  0.
 375  0.
 376  0.
 377  0.
 378  0.
 379  0.
 380  0.
 381  0.
 382  0.
 383  0.
 384  0.
 385  0.
 386  0.
 387  0.
 388  0.
 389  0.
 390  0.
 391  0.
 392  0.
 393  0.
 394  0.
 395  0.
 396  0.
 397  0.
 398  0.
 399  0.
 400  0.
 401  0.
 402  0.
 403  0.
 404  0.
 405  0.
 406  0.
 407  0.
 408  0.
 409  0.
 410  0.
 411  0.
 412  0.
 413  0.
 414  0.
 415  0.
 416  0.
 417  0.
 418  0.
 419  0.
 420  0.
 421  0.
 422  0.
 423  0.
 424  0.
 425  0.
 426  0.
 427  0.
 428  0.
 429  0.
 430  0.
 431  0.
 432  0.
 433  0.
 434  0.
 435  0.
 436  0.
 437  0.
 438  0.
 439  0.
 440  0.
 441  0.
 442  0.
 443  0.
 444  0.
 445  0.
 446  0.
 447  0.
 448  0.
 449  0.
 450  0.
 451  0.
 452  0.
 453  0.
 454  0.
 455  0.
 456  0.
 457  0.
 458  0.
 459  0.
 460  0.
 461  0.
 462  0.
 463  0.
 464  0.
 465  0.
 466  0.
 467  0.
 468  0.
 469  0.
 470  0.
 471  0.
 472  0.
 473  0.
 474  0.
 475  0.
 476  0.
 477  0.
 478  0.
 479  0.
 480  0.
 481  0.
 482  0.
 483  0.
 484  0.
 485  0.
 486  0.
 487  0.
 488  0.
 489  0.
 490  0.
 491  0.
 492  0.
 493  0.
 494  0.
 495  0.
 496  0.
 497  0.
 498  0.
 499  0.
 500  0.

 1  0.
 2  0.
 3  0.
 4  0.
 5  0.
 6  0.
 7  0.
 8  0.
 9  0.
 10  0.
 11  0.
 12  0.
 13  0.
 14  0.
 15  0.
 16  0.
 17  0.
 18  0.
 19  0.
 20  0.
 21  0.
 22  0.
 23  0.
 24  0.
 25  0.
 26  0.
 27  0.
 28  0.
 29  0.
 30  0.
 31  0.
 32  0.
 33  0.
 34  0.
 35  0.
 36  0.
 37  0.
 38  0.
 39  0.
 40  0.
 41  0.
 42  0.
 43  0.
 44  0.
 45  0.
 46  0.
 47  0.
 48  0.
 49  0.
 50  0.
 51  0.
 52  0.
 53  0.
 54  0.
 55  0.
 56  0.
 57  0.
 58  0.
 59  0.
 60  0.
 61  0.
 62  0.
 63  0.
 64  0.
 65  0.
 66  0.
 67  0.
 68  0.
 69  0.
 70  0.
 71  0.
 72  0.
 73  0.
 74  0.
 75  0.
 76  0.
 77  0.
 78  0.
 79  0.
 80  0.
 81  0.
 82  0.
 83  0.
 84  0.
 85  0.
 86  0.
 87  0.
 88  0.
 89  0.
 90  0.
 91  0.
 92  0.
 93  0.
 94  0.
 95  0.
 96  0.
 97  0.
 98  0.
 99  0.
 100  0.
 101  0.
 102  0.
 103  0.
 104  0.
 105  0.
 106  0.
 107  0.
 108  0.
 109  0.
 110  0.
 111  0.
 112  0.
 113  0.
 114  0.
 115  0.
 116  0.
 117  0.
 118  0.
 119  0.
 120  0.
 121  0.
 122  0.
 123  0.
 124  0.
 125  0.
 126  0.
 127  0.
 128  0.
 129  0.
 130  0.
 131  0.
 132  0.
 133  0.
 134  0.
 135  0.
 136  0.
 137  0.
 138  0.
 139  0.
 140  0.
 141  0.
 142  0.
 143  0.
 144  0.
 145  0.
 146  0.
 147  0.
 148  0.
 149  0.
 150  0.
 151  0.
 152  0.
 153  0.
 154  0.
 155  0.
 156  0.
 157  0.
 158  0.
 159  0.
 160  0.
 161  0.
 162  0.
 163  0.
 164  0.
 165  0.
 166  0.
 167  0.
 168  0.
 169  0.
 170  0.
 171  0.
 172  0.
 173  0.
 174  0.
 175  0.
 176  0.
 177  0.
 178  0.
 179  0.
 180  0.
 181  0.
 182  0.
 183  0.
 184  0.
 185  0.
 186  0.
 187  0.
 188  0.
 189  0.
 190  0.
 191  0.
 192  0.
 193  0.
 194  0.
 195  0.
 196  0.
 197  0.
 198  0.
 199  0.
 200  0.
 201  0.
 202  0.
 203  0.
 204  0.
 205  0.
 206  0.
 207  0.
 208  0.
 209  0.
 210  0.
 211  0.
 212  0.
 213  0.
 214  0.
 215  0.
 216  0.
 217  0.
 218  0.
 219  0.
 220  0.
 221  0.
 222  0.
 223  0.
 224  0.
 225  0.
 226  0.
 227  0.
 228  0.
 229  0.
 230  0.
 231  0.
 232  0.
 233  0.
 234  0.
 235  0.
 236  0.
 237  0.
 238  0.
 239  0.
 240  0.
 241  0.
 242  0.
 243  0.
 244  0.
 245  0.
 246  0.
 247  0.
 248  0.
 249  0.
 250  0.
 251  0.
 252  0.
 253  0.
 254  0.
 255  0.
 256  0.
 257  0.
 258  0.
 259  0.
 260  0.
 261  0.
 262  0.
 263  0.
 264  0.
 265  0.
 266  0.
 267  0.
 268  0.
 269  0.
 270  0.
 271  0.
 272  0.
 273  0.
 274  0.
 275  0.
 276  0.
 277  0.
 278  0.
 279  0.
 280  0.
 281  0.
 282  0.
 283  0.
 284  0.
 285  0.
 286  0.
 287  0.
 288  0.
 289  0.
 290  0.
 291  0.
 292  0.
 293  0.
 294  0.
 295  0.
 296  0.
 297  0.
 298  0.
 299  0.
 300  0.
 301  0.
 302  0.
 303  0.
 304  0.
 305  0.
 306  0.
 307  0.
 308  0.
 309  0.
 310  0.
 311  0.
 312  0.
 313  0.
 314  0.
 315  0.
 316  0.
 317  0.
 318  0.
 319  0.
 320  0.
 321  0.
 322  0.
 323  0.
 324  0.
 325  0.
 326  0.
 327  0.
 328  0.
 329  0.
 330  0.
 331  0.
 332  0.
 333  0.
 334  0.
 335  0.
 336  0.
 337  0.
 338  0.
 339  0.
 340  0.
 341  0.
 342  0.
 343  0.
 344  0.
 345  0.
 346  0.
 347  0.
 348  0.
 349  0.
 350  0.
 351  0.
 352  0.
 353  0.
 354  0.
 355  0.
 356  0.
 357  0.
 358  0.
 359  0.
 360  0.
 361  0.
 362  0.
 363  0.
 364  0.
 365  0.
 366  0.
 367  0.
 368  0.
 369  0.
 370  0.
 371  0.
 372  0.
 373  0.
 374  0.
 375  0.
 376  0.
 377  0.
 378  0.
 379  0.
 380  0.
 381  0.
 382  0.
 383  0.
 384  0.
 385  0.
 386  0.
 387  0.
 388  0.
 389  0.
 390  0.
 391  0.
 392  0.
 393  0.
 394  0.
 395  0.
 396  0.
 397  0.
 398  0.
 399  0.
 400  0.
 401  0.
 402  0.
 403  0.
 404  0.
 405  0.
 406  0.
 407  0.
 408  0.
 409  0.
 410  0.
 411  0.
 412  0.
 413  0.
 414  0.
 415  0.
 416  0.
 417  0.
 418  0.
 419  0.
 420  0.
 421  0.
 422  0.
 423  0.
 424  0.
 425  0.
 426  0.
 427  0.
 428  0.
 429  0.
 430  0.
 431  0.
 432  0.
 433  0.
 434  0.
 435  0.
 436  0.
 437  0.
 438  0.
 439  0.
 440  0.
 441  0.
 442  0.
 443  0.
 444  0.
 445  0.
 446  0.
 447  0.
 448  0.
 449  0.
 450  0.
 451  0.
 452  0.
 453  0.
 454  0.
 455  0.
 456  0.
 457  0.
 458  0.
 459  0.
 460  0.
 461  0.
 462  0.
 463  0.
 464  0.
 465  0.
 466  0.
 467  0.
 468  0.
 469  0.
 470  0.
 471  0.
 472  0.
 473  0.
 474  0.
 475  0.
 476  0.
 477  0.
 478  0.
 479  0.
 480  0.
 481  0.
 482  0.
 483  0.
 484  0.
 485  0.
 486  0.
 487  0.
 488  0.
 489  0.
 490  0.
 491  0.
 492  0.
 493  0.
 494  0.
 495  0.
 496  0.
 497  0.
 498  0.
 499  0.
 500  0.

 1  0.
 2  0.
 3  0.
 4  0.
 5  0.
 6  0.
 7  0.
 8  0.
 9  0.
 10  0.
 11  0.
 12  0.
 13  0.
 14  0.
 15  0.
 16  0.
 17  0.
 18  0.
 19  0.
 20  0.
 21  0.
 22  0.
 23  0.
 24  0.
 25  0.
 26  0.
 27  0.
 28  0.
 29  0.
 30  0.
 31  0.
 32  0.
 33  0.
 34  0.
 35  0.
 36  0.
 37  0.
 38  0.
 39  0.
 40  0.
 41  0.
 42  0.
 43  0.
 44  0.
 45  0.
 46  0.
 47  0.
 48  0.
 49  0.
 50  0.
 51  0.
 52  0.
 53  0.
 54  0.
 55  0.
 56  0.
 57  0.
 58  0.
 59  0.
 60  0.
 61  0.
 62  0.
 63  0.
 64  0.
 65  0.
 66  0.
 67  0.
 68  0.
 69  0.
 70  0.
 71  0.
 72  0.
 73  0.
 74  0.
 75  0.
 76  0.
 77  0.
 78  0.
 79  0.
 80  0.
 81  0.
 82  0.
 83  0.
 84  0.
 85  0.
 86  0.
 87  0.
 88  0.
 89  0.
 90  0.
 91  0.
 92  0.
 93  0.
 94  0.
 95  0.
 96  0.
 97  0.
 98  0.
 99  0.
 100  0.
 101  0.
 102  0.
 103  0.
 104  0.
 105  0.
 106  0.
 107  0.
 108  0.
 109  0.
 110  0.
 111  0.
 112  0.
 113  0.
 114  0.
 115  0.
 116  0.
 117  0.
 118  0.
 119  0.
 120  0.
 121  0.
 122  0.
 123  0.
 124  0.
 125  0.
 126  0.
 127  0.
 128  0.
 129  0.
 130  0.
 131  0.
 132  0.
 133  0.
 134  0.
 135  0.
 136  0.
 137  0.
 138  0.
 139  0.
 140  0.
 141  0.
 142  0.
 143  0.
 144  0.
 145  0.
 146  0.
 147  0.
 148  0.
 149  0.
 150  0.
 151  0.
 152  0.
 153  0.
 154  0.
 155  0.
 156  0.
 157  0.
 158  0.
 159  0.
 160  0.
 161  0.
 162  0.
 163  0.
 164  0.
 165  0.
 166  0.
 167  0.
 168  0.
 169  0.
 170  0.
 171  0.
 172  0.
 173  0.
 174  0.
 175  0.
 176  0.
 177  0.
 178  0.
 179  0.
 180  0.
 181  0.
 182  0.
 183  0.
 184  0.
 185  0.
 186  0.
 187  0.
 188  0.
 189  0.
 190  0.
 191  0.
 192  0.
 193  0.
 194  0.
 195  0.
 196  0.
 197  0.
 198  0.
 199  0.
 200  0.
 201  0.
 202  0.
 203  0.
 204  0.
 205  0.
 206  0.
 207  0.
 208  0.
 209  0.
 210  0.
 211  0.
 212  0.
 213  0.
 214  0.
 215  0.
 216  0.
 217  0.
 218  0.
 219  0.
 220  0.
 221  0.
 222  0.
 223  0.
 224  0.
 225  0.
 226  0.
 227  0.
 228  0.
 229  0.
 230  0.
 231  0.
 232  0.
 233  0.
 234  0.
 235  0.
 236  0.
 237  0.
 238  0.
 239  0.
 240  0.
 241  0.
 242  0.
 243  0.
 244  0.
 245  0.
 246  0.
 247  0.
 248  0.
 249  0.
 250  0.
 251  0.
 252  0.
 253  0.
 254  0.
 255  0.
 256  0.
 257  0.
 258  0.
 259  0.
 260  0.
 261  0.
 262  0.
 263  0.
 264  0.
 265  0.
 266  0.
 267  0.
 268  0.
 269  0.
 270  0.
 271  0.
 272  0.
 273  0.
 274  0.
 275  0.
 276  0.
 277  0.
 278  0.
 279  0.
 280  0.
 281  0.
 282  0.
 283  0.
 284  0.
 285  0.
 286  0.
 287  0.
 288  0.
 289  0.
 290  0.
 291  0.
 292  0.
 293  0.
 294  0.
 295  0.
 296  0.
 297  0.
 298  0.
 299  0.
 300  0.
 301  0.
 302  0.
 303  0.
 304  0.
 305  0.
 306  0.
 307  0.
 308  0.
 309  0.
 310  0.
 311  0.
 312  0.
 313  0.
 314  0.
 315  0.
 316  0.
 317  0.
 318  0.
 319  0.
 320  0.
 321  0.
 322  0.
 323  0.
 324  0.
 325  0.
 326  0.
 327  0.
 328  0.
 329  0.
 330  0.
 331  0.
 332  0.
 333  0.
 334  0.
 335  0.
 336  0.
 337  0.
 338  0.
 339  0.
 340  0.
 341  0.
 342  0.
 343  0.
 344  0.
 345  0.
 346  0.
 347  0.
 348  0.
 349  0.
 350  0.
 351  0.
 352  0.
 353  0.
 354  0.
 355  0.
 356  0.
 357  0.
 358  0.
 359  0.
 360  0.
 361  0.
 362  0.
 363  0.
 364  0.
 365  0.
 366  0.
 367  0.
 368  0.
 369  0.
 370  0.
 371  0.
 372  0.
 373  0.
 374  0.
 375  0.
 376  0.
 377  0.
 378  0.
 379  0.
 380  0.
 381  0.
 382  0.
 383  0.
 384  0.
 385  0.
 386  0.
 387  0.
 388  0.
 389  0.
 390  0.
 391  0.
 392  0.
 393  0.
 394  0.
 395  0.
 396  0.
 397  0.
 398  0.
 399  0.
 400  0.
 401  0.
 402  0.
 403  0.
 404  0.
 405  0.
 406  0.
 407  0.
 408  0.
 409  0.
 410  0.
 411  0.
 412  0.
 413  0.
 414  0.
 415  0.
 416  0.
 417  0.
 418  0.
 419  0.
 420  0.
 421  0.
 422  0.
 423  0.
 424  0.
 425  0.
 426  0.
 427  0.
 428  0.
 429  0.
 430  0.
 431  0.
 432  0.
 433  0.
 434  0.
 435  0.
 436  0.
 437  0.
 438  0.
 439  0.
 440  0.
 441  0.
 442  0.
 443  0.
 444  0.
 445  0.
 446  0.
 447  0.
 448  0.
 449  0.
 450  0.
 451  0.
 452  0.
 453  0.
 454  0.
 455  0.
 456  0.
 457  0.
 458  0.
 459  0.
 460  0.
 461  0.
 462  0.
 463  0.
 464  0.
 465  0.
 466  0.
 467  0.
 468  0.
 469  0.
 470  0.
 471  0.
 472  0.
 473  0.
 474  0.
 475  0.
 476  0.
 477  0.
 478  0.
 479  0.
 480  0.
 481  0.
 482  0.
 483  0.
 484  0.
 485  0.
 486  0.
 487  0.
 488  0.
 489  0.
 490  0.
 491  0.
 492  0.
 493  0.
 494  0.
 495  0.
 496  0.
 497  0.
 498  0.
 499  0.
 500  0.

 1  0.
 2  0.
 3  0.
 4  0.
 5  0.
 6  0.
 7  0.
 8  0.
 9  0.
 10  0.
 11  0.
 12  0.
 13  0.
 14  0.
 15  0.
 16  0.
 17  0.
 18  0.
 19  0.
 20  0.
 21  0.
 22  0.
 23  0.
 24  0.
 25  0.
 26  0.
 27  0.
 28  0.
 29  0.
 30  0.
 31  0.
 32  0.
 33  0.
 34  0.
 35  0.
 36  0.
 37  0.
 38  0.
 39  0.
 40  0.
 41  0.
 42  0.
 43  0.
 44  0.
 45  0.
 46  0.
 47  0.
 48  0.
 49  0.
 50  0.
 51  0.
 52  0.
 53  0.
 54  0.
 55  0.
 56  0.
 57  0.
 58  0.
 59  0.
 60  0.
 61  0.
 62  0.
 63  0.
 64  0.
 65  0.
 66  0.
 67  0.
 68  0.
 69  0.
 70  0.
 71  0.
 72  0.
 73  0.
 74  0.
 75  0.
 76  0.
 77  0.
 78  0.
 79  0.
 80  0.
 81  0.
 82  0.
 83  0.
 84  0.
 85  0.
 86  0.
 87  0.
 88  0.
 89  0.
 90  0.
 91  0.
 92  0.
 93  0.
 94  0.
 95  0.
 96  0.
 97  0.
 98  0.
 99  0.
 100  0.
 101  0.
 102  0.
 103  0.
 104  0.
 105  0.
 106  0.
 107  0.
 108  0.
 109  0.
 110  0.
 111  0.
 112  0.
 113  0.
 114  0.
 115  0.
 116  0.
 117  0.
 118  0.
 119  0.
 120  0.
 121  0.
 122  0.
 123  0.
 124  0.
 125  0.
 126  0.
 127  0.
 128  0.
 129  0.
 130  0.
 131  0.
 132  0.
 133  0.
 134  0.
 135  0.
 136  0.
 137  0.
 138  0.
 139  0.
 140  0.
 141  0.
 142  0.
 143  0.
 144  0.
 145  0.
 146  0.
 147  0.
 148  0.
 149  0.
 150  0.
 151  0.
 152  0.
 153  0.
 154  0.
 155  0.
 156  0.
 157  0.
 158  0.
 159  0.
 160  0.
 161  0.
 162  0.
 163  0.
 164  0.
 165  0.
 166  0.
 167  0.
 168  0.
 169  0.
 170  0.
 171  0.
 172  0.
 173  0.
 174  0.
 175  0.
 176  0.
 177  0.
 178  0.
 179  0.
 180  0.
 181  0.
 182  0.
 183  0.
 184  0.
 185  0.
 186  0.
 187  0.
 188  0.
 189  0.
 190  0.
 191  0.
 192  0.
 193  0.
 194  0.
 195  0.
 196  0.
 197  0.
 198  0.
 199  0.
 200  0.
 201  0.
 202  0.
 203  0.
 204  0.
 205  0.
 206  0.
 207  0.
 208  0.
 209  0.
 210  0.
 211  0.
 212  0.
 213  0.
 214  0.
 215  0.
 216  0.
 217  0.
 218  0.
 219  0.
 220  0.
 221  0.
 222  0.
 223  0.
 224  0.
 225  0.
 226  0.
 227  0.
 228  0.
 229  0.
 230  0.
 231  0.
 232  0.
 233  0.
 234  0.
 235  0.
 236  0.
 237  0.
 238  0.
 239  0.
 240  0.
 241  0.
 242  0.
 243  0.
 244  0.
 245  0.
 246  0.
 247  0.
 248  0.
 249  0.
 250  0.
 251  0.
 252  0.
 253  0.
 254  0.
 255  0.
 256  0.
 257  0.
 258  0.
 259  0.
 260  0.
 261  0.
 262  0.
 263  0.
 264  0.
 265  0.
 266  0.
 267  0.
 268  0.
 269  0.
 270  0.
 271  0.
 272  0.
 273  0.
 274  0.
 275  0.
 276  0.
 277  0.
 278  0.
 279  0.
 280  0.
 281  0.
 282  0.
 283  0.
 284  0.
 285  0.
 286  0.
 287  0.
 288  0.
 289  0.
 290  0.
 291  0.
 292  0.
 293  0.
 294  0.
 295  0.
 296  0.
 297  0.
 298  0.
 299  0.
 300  0.
 301  0.
 302  0.
 303  0.
 304  0.
 305  0.
 306  0.
 307  0.
 308  0.
 309  0.
 310  0.
 311  0.
 312  0.
 313  0.
 314  0.
 315  0.
 316  0.
 317  0.
 318  0.
 319  0.
 320  0.
 321  0.
 322  0.
 323  0.
 324  0.
 325  0.
 326  0.
 327  0.
 328  0.
 329  0.
 330  0.
 331  0.
 332  0.
 333  0.
 334  0.
 335  0.
 336  0.
 337  0.
 338  0.
 339  0.
 340  0.
 341  0.
 342  0.
 343  0.
 344  0.
 345  0.
 346  0.
 347  0.
 348  0.
 349  0.
 350  0.
 351  0.
 352  0.
 353  0.
 354  0.
 355  0.
 356  0.
 357  0.
 358  0.
 359  0.
 360  0.
 361  0.
 362  0.
 363  0.
 364  0.
 365  0.
 366  0.
 367  0.
 368  0.
 369  0.
 370  0.
 371  0.
 372  0.
 373  0.
 374  0.
 375  0.
 376  0.
 377  0.
 378  0.
 379  0.
 380  0.
 381  0.
 382  0.
 383  0.
 384  0.
 385  0.
 386  0.
 387  0.
 388  0.
 389  0.
 390  0.
 391  0.
 392  0.
 393  0.
 394  0.
 395  0.
 396  0.
 397  0.
 398  0.
 399  0.
 400  0.
 401  0.
 402  0.
 403  0.
 404  0.
 405  0.
 406  0.
 407  0.
 408  0.
 409  0.
 410  0.
 411  0.
 412  0.
 413  0.
 414  0.
 415  0.
 416  0.
 417  0.
 418  0.
 419  0.
 420  0.
 421  0.
 422  0.
 423  0.
 424  0.
 425  0.
 426  0.
 427  0.
 428  0.
 429  0.
 430  0.
 431  0.
 432  0.
 433  0.
 434  0.
 435  0.
 436  0.
 437  0.
 438  0.
 439  0.
 440  0.
 441  0.
 442  0.
 443  0.
 444  0.
 445  0.
 446  0.
 447  0.
 448  0.
 449  0.
 450  0.
 451  0.
 452  0.
 453  0.
 454  0.
 455  0.
 456  0.
 457  0.
 458  0.
 459  0.
 460  0.
 461  0.
 462  0.
 463  0.
 464  0.
 465  0.
 466  0.
 467  0.
 468  0.
 469  0.
 470  0.
 471  0.
 472  0.
 473  0.
 474  0.
 475  0.
 476  0.
 477  0.
 478  0.
 479  0.
 480  0.
 481  0.
 482  0.
 483  0.
 484  0.
 485  0.
 486  0.
 487  0.
 488  0.
 489  0.
 490  0.
 491  0.
 492  0.
 493  0.
 494  0.
 495  0.
 496  0.
 497  0.
 498  0.
 499  0.
 500  0.

 1  0.
 2  0.
 3  0.
 4  0.
 5  0.
 6  0.
 7  0.
 8  0.
 9  0.
 10  0.
 11  0.
 12  0.
 13  0.
 14  0.
 15  0.
 16  0.
 17  0.
 18  0.
 19  0.
 20  0.
 21  0.
 22  0.
 23  0.
 24  0.
 25  0.
 26  0.
 27  0.
 28  0.
 29  0.
 30  0.
 31  0.
 32  0.
 33  0.
 34  0.
 35  0.
 36  0.
 37  0.
 38  0.
 39  0.
 40  0.
 41  0.
 42  0.
 43  0.
 44  0.
 45  0.
 46  0.
 47  0.
 48  0.
 49  0.
 50  0.
 51  0.
 52  0.
 53  0.
 54  0.
 55  0.
 56  0.
 57  0.
 58  0.
 59  0.
 60  0.
 61  0.
 62  0.
 63  0.
 64  0.
 65  0.
 66  0.
 67  0.
 68  0.
 69  0.
 70  0.
 71  0.
 72  0.
 73  0.
 74  0.
 75  0.
 76  0.
 77  0.
 78  0.
 79  0.
 80  0.
 81  0.
 82  0.
 83  0.
 84  0.
 85  0.
 86  0.
 87  0.
 88  0.
 89  0.
 90  0.
 91  0.
 92  0.
 93  0.
 94  0.
 95  0.
 96  0.
 97  0.
 98  0.
 99  0.
 100  0.
 101  0.
 102  0.
 103  0.
 104  0.
 105  0.
 106  0.
 107  0.
 108  0.
 109  0.
 110  0.
 111  0.
 112  0.
 113  0.
 114  0.
 115  0.
 116  0.
 117  0.
 118  0.
 119  0.
 120  0.
 121  0.
 122  0.
 123  0.
 124  0.
 125  0.
 126  0.
 127  0.
 128  0.
 129  0.
 130  0.
 131  0.
 132  0.
 133  0.
 134  0.
 135  0.
 136  0.
 137  0.
 138  0.
 139  0.
 140  0.
 141  0.
 142  0.
 143  0.
 144  0.
 145  0.
 146  0.
 147  0.
 148  0.
 149  0.
 150  0.
 151  0.
 152  0.
 153  0.
 154  0.
 155  0.
 156  0.
 157  0.
 158  0.
 159  0.
 160  0.
 161  0.
 162  0.
 163  0.
 164  0.
 165  0.
 166  0.
 167  0.
 168  0.
 169  0.
 170  0.
 171  0.
 172  0.
 173  0.
 174  0.
 175  0.
 176  0.
 177  0.
 178  0.
 179  0.
 180  0.
 181  0.
 182  0.
 183  0.
 184  0.
 185  0.
 186  0.
 187  0.
 188  0.
 189  0.
 190  0.
 191  0.
 192  0.
 193  0.
 194  0.
 195  0.
 196  0.
 197  0.
 198  0.
 199  0.
 200  0.
 201  0.
 202  0.
 203  0.
 204  0.
 205  0.
 206  0.
 207  0.
 208  0.
 209  0.
 210  0.
 211  0.
 212  0.
 213  0.
 214  0.
 215  0.
 216  0.
 217  0.
 218  0.
 219  0.
 220  0.
 221  0.
 222  0.
 223  0.
 224  0.
 225  0.
 226  0.
 227  0.
 228  0.
 229  0.
 230  0.
 231  0.
 232  0.
 233  0.
 234  0.
 235  0.
 236  0.
 237  0.
 238  0.
 239  0.
 240  0.
 241  0.
 242  0.
 243  0.
 244  0.
 245  0.
 246  0.
 247  0.
 248  0.
 249  0.
 250  0.
 251  0.
 252  0.
 253  0.
 254  0.
 255  0.
 256  0.
 257  0.
 258  0.
 259  0.
 260  0.
 261  0.
 262  0.
 263  0.
 264  0.
 265  0.
 266  0.
 267  0.
 268  0.
 269  0.
 270  0.
 271  0.
 272  0.
 273  0.
 274  0.
 275  0.
 276  0.
 277  0.
 278  0.
 279  0.
 280  0.
 281  0.
 282  0.
 283  0.
 284  0.
 285  0.
 286  0.
 287  0.
 288  0.
 289  0.
 290  0.
 291  0.
 292  0.
 293  0.
 294  0.
 295  0.
 296  0.
 297  0.
 298  0.
 299  0.
 300  0.
 301  0.
 302  0.
 303  0.
 304  0.
 305  0.
 306  0.
 307  0.
 308  0.
 309  0.
 310  0.
 311  0.
 312  0.
 313  0.
 314  0.
 315  0.
 316  0.
 317  0.
 318  0.
 319  0.
 320  0.
 321  0.
 322  0.
 323  0.
 324  0.
 325  0.
 326  0.
 327  0.
 328  0.
 329  0.
 330  0.
 331  0.
 332  0.
 333  0.
 334  0.
 335  0.
 336  0.
 337  0.
 338  0.
 339  0.
 340  0.
 341  0.
 342  0.
 343  0.
 344  0.
 345  0.
 346  0.
 347  0.
 348  0.
 349  0.
 350  0.
 351  0.
 352  0.
 353  0.
 354  0.
 355  0.
 356  0.
 357  0.
 358  0.
 359  0.
 360  0.
 361  0.
 362  0.
 363  0.
 364  0.
 365  0.
 366  0.
 367  0.
 368  0.
 369  0.
 370  0.
 371  0.
 372  0.
 373  0.
 374  0.
 375  0.
 376  0.
 377  0.
 378  0.
 379  0.
 380  0.
 381  0.
 382  0.
 383  0.
 384  0.
 385  0.
 386  0.
 387  0.
 388  0.
 389  0.
 390  0.
 391  0.
 392  0.
 393  0.
 394  0.
 395  0.
 396  0.
 397  0.
 398  0.
 399  0.
 400  0.
 401  0.
 402  0.
 403  0.
 404  0.
 405  0.
 406  0.
 407  0.
 408  0.
 409  0.
 410  0.
 411  0.
 412  0.
 413  0.
 414  0.
 415  0.
 416  0.
 417  0.
 418  0.
 419  0.
 420  0.
 421  0.
 422  0.
 423  0.
 424  0.
 425  0.
 426  0.
 427  0.
 428  0.
 429  0.
 430  0.
 431  0.
 432  0.
 433  0.
 434  0.
 435  0.
 436  0.
 437  0.
 438  0.
 439  0.
 440  0.
 441  0.
 442  0.
 443  0.
 444  0.
 445  0.
 446  0.
 447  0.
 448  0.
 449  0.
 450  0.
 451  0.
 452  0.
 453  0.
 454  0.
 455  0.
 456  0.
 457  0.
 458  0.
 459  0.
 460  0.
 461  0.
 462  0.
 463  0.
 464  0.
 465  0.
 466  0.
 467  0.
 468  0.
 469  0.
 470  0.
 471  0.
 472  0.
 473  0.
 474  0.
 475  0.
 476  0.
 477  0.
 478  0.
 479  0.
 480  0.
 481  0.
 482  0.
 483  0.
 484  0.
 485  0.
 486  0.
 487  0.
 488  0.
 489  0.
 490  0.
 491  0.
 492  0.
 493  0.
 494  0.
 495  0.
 496  0.
 497  0.
 498  0.
 499  0.
 500  0.

 1  0.
 2  0.
 3  0.
 4  0.
 5  0.
 6  0.
 7  0.
 8  0.
 9  0.
 10  0.
 11  0.
 12  0.
 13  0.
 14  0.
 15  0.
 16  0.
 17  0.
 18  0.
 19  0.
 20  0.
 21  0.
 22  0.
 23  0.
 24  0.
 25  0.
 26  0.
 27  0.
 28  0.
 29  0.
 30  0.
 31  0.
 32  0.
 33  0.
 34  0.
 35  0.
 36  0.
 37  0.
 38  0.
 39  0.
 40  0.
 41  0.
 42  0.
 43  0.
 44  0.
 45  0.
 46  0.
 47  0.
 48  0.
 49  0.
 50  0.
 51  0.
 52  0.
 53  0.
 54  0.
 55  0.
 56  0.
 57  0.
 58  0.
 59  0.
 60  0.
 61  0.
 62  0.
 63  0.
 64  0.
 65  0.
 66  0.
 67  0.
 68  0.
 69  0.
 70  0.
 71  0.
 72  0.
 73  0.
 74  0.
 75  0.
 76  0.
 77  0.
 78  0.
 79  0.
 80  0.
 81  0.
 82  0.
 83  0.
 84  0.
 85  0.
 86  0.
 87  0.
 88  0.
 89  0.
 90  0.
 91  0.
 92  0.
 93  0.
 94  0.
 95  0.
 96  0.
 97  0.
 98  0.
 99  0.
 100  0.
 101  0.
 102  0.
 103  0.
 104  0.
 105  0.
 106  0.
 107  0.
 108  0.
 109  0.
 110  0.
 111  0.
 112  0.
 113  0.
 114  0.
 115  0.
 116  0.
 117  0.
 118  0.
 119  0.
 120  0.
 121  0.
 122  0.
 123  0.
 124  0.
 125  0.
 126  0.
 127  0.
 128  0.
 129  0.
 130  0.
 131  0.
 132  0.
 133  0.
 134  0.
 135  0.
 136  0.
 137  0.
 138  0.
 139  0.
 140  0.
 141  0.
 142  0.
 143  0.
 144  0.
 145  0.
 146  0.
 147  0.
 148  0.
 149  0.
 150  0.
 151  0.
 152  0.
 153  0.
 154  0.
 155  0.
 156  0.
 157  0.
 158  0.
 159  0.
 160  0.
 161  0.
 162  0.
 163  0.
 164  0.
 165  0.
 166  0.
 167  0.
 168  0.
 169  0.
 170  0.
 171  0.
 172  0.
 173  0.
 174  0.
 175  0.
 176  0.
 177  0.
 178  0.
 179  0.
 180  0.
 181  0.
 182  0.
 183  0.
 184  0.
 185  0.
 186  0.
 187  0.
 188  0.
 189  0.
 190  0.
 191  0.
 192  0.
 193  0.
 194  0.
 195  0.
 196  0.
 197  0.
 198  0.
 199  0.
 200  0.
 201  0.
 202  0.
 203  0.
 204  0.
 205  0.
 206  0.
 207  0.
 208  0.
 209  0.
 210  0.
 211  0.
 212  0.
 213  0.
 214  0.
 215  0.
 216  0.
 217  0.
 218  0.
 219  0.
 220  0.
 221  0.
 222  0.
 223  0.
 224  0.
 225  0.
 226  0.
 227  0.
 228  0.
 229  0.
 230  0.
 231  0.
 232  0.
 233  0.
 234  0.
 235  0.
 236  0.
 237  0.
 238  0.
 239  0.
 240  0.
 241  0.
 242  0.
 243  0.
 244  0.
 245  0.
 246  0.
 247  0.
 248  0.
 249  0.
 250  0.
 251  0.
 252  0.
 253  0.
 254  0.
 255  0.
 256  0.
 257  0.
 258  0.
 259  0.
 260  0.
 261  0.
 262  0.
 263  0.
 264  0.
 265  0.
 266  0.
 267  0.
 268  0.
 269  0.
 270  0.
 271  0.
 272  0.
 273  0.
 274  0.
 275  0.
 276  0.
 277  0.
 278  0.
 279  0.
 280  0.
 281  0.
 282  0.
 283  0.
 284  0.
 285  0.
 286  0.
 287  0.
 288  0.
 289  0.
 290  0.
 291  0.
 292  0.
 293  0.
 294  0.
 295  0.
 296  0.
 297  0.
 298  0.
 299  0.
 300  0.
 301  0.
 302  0.
 303  0.
 304  0.
 305  0.
 306  0.
 307  0.
 308  0.
 309  0.
 310  0.
 311  0.
 312  0.
 313  0.
 314  0.
 315  0.
 316  0.
 317  0.
 318  0.
 319  0.
 320  0.
 321  0.
 322  0.
 323  0.
 324  0.
 325  0.
 326  0.
 327  0.
 328  0.
 329  0.
 330  0.
 331  0.
 332  0.
 333  0.
 334  0.
 335  0.
 336  0.
 337  0.
 338  0.
 339  0.
 340  0.
 341  0.
 342  0.
 343  0.
 344  0.
 345  0.
 346  0.
 347  0.
 348  0.
 349  0.
 350  0.
 351  0.
 352  0.
 353  0.
 354  0.
 355  0.
 356  0.
 357  0.
 358  0.
 359  0.
 360  0.
 361  0.
 362  0.
 363  0.
 364  0.
 365  0.
 366  0.
 367  0.
 368  0.
 369  0.
 370  0.
 371  0.
 372  0.
 373  0.
 374  0.
 375  0.
 376  0.
 377  0.
 378  0.
 379  0.
 380  0.
 381  0.
 382  0.
 383  0.
 384  0.
 385  0.
 386  0.
 387  0.
 388  0.
 389  0.
 390  0.
 391  0.
 392  0.
 393  0.
 394  0.
 395  0.
 396  0.
 397  0.
 398  0.
 399  0.
 400  0.
 401  0.
 402  0.
 403  0.
 404  0.
 405  0.
 406  0.
 407  0.
 408  0.
 409  0.
 410  0.
 411  0.
 412  0.
 413  0.
 414  0.
 415  0.
 416  0.
 417  0.
 418  0.
 419  0.
 420  0.
 421  0.
 422  0.
 423  0.
 424  0.
 425  0.
 426  0.
 427  0.
 428  0.
 429  0.
 430  0.
 431  0.
 432  0.
 433  0.
 434  0.
 435  0.
 436  0.
 437  0.
 438  0.
 439  0.
 440  0.
 441  0.
 442  0.
 443  0.
 444  0.
 445  0.
 446  0.
 447  0.
 448  0.
 449  0.
 450  0.
 451  0.
 452  0.
 453  0.
 454  0.
 455  0.
 456  0.
 457  0.
 458  0.
 459  0.
 460  0.
 461  0.
 462  0.
 463  0.
 464  0.
 465  0.
 466  0.
 467  0.
 468  0.
 469  0.
 470  0.
 471  0.
 472  0.
 473  0.
 474  0.
 475  0.
 476  0.
 477  0.
 478  0.
 479  0.
 480  0.
 481  0.
 482  0.
 483  0.
 484  0.
 485  0.
 486  0.
 487  0.
 488  0.
 489  0.
 490  0.
 491  0.
 492  0.
 493  0.
 494  0.
 495  0.
 496  0.
 497  0.
 498  0.
 499  0.
 500  0.

 1  0.
 2  0.
 3  0.
 4  0.
 5  0.
 6  0.
 7  0.
 8  0.
 9  0.
 10  0.
 11  0.
 12  0.
 13  0.
 14  0.
 15  0.
 16  0.
 17  0.
 18  0.
 19  0.
 20  0.
 21  0.
 22  0.
 23  0.
 24  0.
 25  0.
 26  0.
 27  0.
 28  0.
 29  0.
 30  0.
 31  0.
 32  0.
 33  0.
 34  0.
 35  0.
 36  0.
 37  0.
 38  0.
 39  0.
 40  0.
 41  0.
 42  0.
 43  0.
 44  0.
 45  0.
 46  0.
 47  0.
 48  0.
 49  0.
 50  0.
 51  0.
 52  0.
 53  0.
 54  0.
 55  0.
 56  0.
 57  0.
 58  0.
 59  0.
 60  0.
 61  0.
 62  0.
 63  0.
 64  0.
 65  0.
 66  0.
 67  0.
 68  0.
 69  0.
 70  0.
 71  0.
 72  0.
 73  0.
 74  0.
 75  0.
 76  0.
 77  0.
 78  0.
 79  0.
 80  0.
 81  0.
 82  0.
 83  0.
 84  0.
 85  0.
 86  0.
 87  0.
 88  0.
 89  0.
 90  0.
 91  0.
 92  0.
 93  0.
 94  0.
 95  0.
 96  0.
 97  0.
 98  0.
 99  0.
 100  0.
 101  0.
 102  0.
 103  0.
 104  0.
 105  0.
 106  0.
 107  0.
 108  0.
 109  0.
 110  0.
 111  0.
 112  0.
 113  0.
 114  0.
 115  0.
 116  0.
 117  0.
 118  0.
 119  0.
 120  0.
 121  0.
 122  0.
 123  0.
 124  0.
 125  0.
 126  0.
 127  0.
 128  0.
 129  0.
 130  0.
 131  0.
 132  0.
 133  0.
 134  0.
 135  0.
 136  0.
 137  0.
 138  0.
 139  0.
 140  0.
 141  0.
 142  0.
 143  0.
 144  0.
 145  0.
 146  0.
 147  0.
 148  0.
 149  0.
 150  0.
 151  0.
 152  0.
 153  0.
 154  0.
 155  0.
 156  0.
 157  0.
 158  0.
 159  0.
 160  0.
 161  0.
 162  0.
 163  0.
 164  0.
 165  0.
 166  0.
 167  0.
 168  0.
 169  0.
 170  0.
 171  0.
 172  0.
 173  0.
 174  0.
 175  0.
 176  0.
 177  0.
 178  0.
 179  0.
 180  0.
 181  0.
 182  0.
 183  0.
 184  0.
 185  0.
 186  0.
 187  0.
 188  0.
 189  0.
 190  0.
 191  0.
 192  0.
 193  0.
 194  0.
 195  0.
 196  0.
 197  0.
 198  0.
 199  0.
 200  0.
 201  0.
 202  0.
 203  0.
 204  0.
 205  0.
 206  0.
 207  0.
 208  0.
 209  0.
 210  0.
 211  0.
 212  0.
 213  0.
 214  0.
 215  0.
 216  0.
 217  0.
 218  0.
 219  0.
 220  0.
 221  0.
 222  0.
 223  0.
 224  0.
 225  0.
 226  0.
 227  0.
 228  0.
 229  0.
 230  0.
 231  0.
 232  0.
 233  0.
 234  0.
 235  0.
 236  0.
 237  0.
 238  0.
 239  0.
 240  0.
 241  0.
 242  0.
 243  0.
 244  0.
 245  0.
 246  0.
 247  0.
 248  0.
 249  0.
 250  0.
 251  0.
 252  0.
 253  0.
 254  0.
 255  0.
 256  0.
 257  0.
 258  0.
 259  0.
 260  0.
 261  0.
 262  0.
 263  0.
 264  0.
 265  0.
 266  0.
 267  0.
 268  0.
 269  0.
 270  0.
 271  0.
 272  0.
 273  0.
 274  0.
 275  0.
 276  0.
 277  0.
 278  0.
 279  0.
 280  0.
 281  0.
 282  0.
 283  0.
 284  0.
 285  0.
 286  0.
 287  0.
 288  0.
 289  0.
 290  0.
 291  0.
 292  0.
 293  0.
 294  0.
 295  0.
 296  0.
 297  0.
 298  0.
 299  0.
 300  0.
 301  0.
 302  0.
 303  0.
 304  0.
 305  0.
 306  0.
 307  0.
 308  0.
 309  0.
 310  0.
 311  0.
 312  0.
 313  0.
 314  0.
 315  0.
 316  0.
 317  0.
 318  0.
 319  0.
 320  0.
 321  0.
 322  0.
 323  0.
 324  0.
 325  0.
 326  0.
 327  0.
 328  0.
 329  0.
 330  0.
 331  0.
 332  0.
 333  0.
 334  0.
 335  0.
 336  0.
 337  0.
 338  0.
 339  0.
 340  0.
 341  0.
 342  0.
 343  0.
 344  0.
 345  0.
 346  0.
 347  0.
 348  0.
 349  0.
 350  0.
 351  0.
 352  0.
 353  0.
 354  0.
 355  0.
 356  0.
 357  0.
 358  0.
 359  0.
 360  0.
 361  0.
 362  0.
 363  0.
 364  0.
 365  0.
 366  0.
 367  0.
 368  0.
 369  0.
 370  0.
 371  0.
 372  0.
 373  0.
 374  0.
 375  0.
 376  0.
 377  0.
 378  0.
 379  0.
 380  0.
 381  0.
 382  0.
 383  0.
 384  0.
 385  0.
 386  0.
 387  0.
 388  0.
 389  0.
 390  0.
 391  0.
 392  0.
 393  0.
 394  0.
 395  0.
 396  0.
 397  0.
 398  0.
 399  0.
 400  0.
 401  0.
 402  0.
 403  0.
 404  0.
 405  0.
 406  0.
 407  0.
 408  0.
 409  0.
 410  0.
 411  0.
 412  0.
 413  0.
 414  0.
 415  0.
 416  0.
 417  0.
 418  0.
 419  0.
 420  0.
 421  0.
 422  0.
 423  0.
 424  0.
 425  0.
 426  0.
 427  0.
 428  0.
 429  0.
 430  0.
 431  0.
 432  0.
 433  0.
 434  0.
 435  0.
 436  0.
 437  0.
 438  0.
 439  0.
 440  0.
 441  0.
 442  0.
 443  0.
 444  0.
 445  0.
 446  0.
 447  0.
 448  0.
 449  0.
 450  0.
 451  0.
 452  0.
 453  0.
 454  0.
 455  0.
 456  0.
 457  0.
 458  0.
 459  0.
 460  0.
 461  0.
 462  0.
 463  0.
 464  0.
 465  0.
 466  0.
 467  0.
 468  0.
 469  0.
 470  0.
 471  0.
 472  0.
 473  0.
 474  0.
 475  0.
 476  0.
 477  0.
 478  0.
 479  0.
 480  0.
 481  0.
 482  0.
 483  0.
 484  0.
 485  0.
 486  0.
 487  0.
 488  0.
 489  0.
 490  0.
 491  0.
 492  0.
 493  0.
 494  0.
 495  0.
 496  0.
 497  0.
 498  0.
 499  0.
 500  0.

 1  0.
 2  0.
 3  0.
 4  0.
 5  0.
 6  0.
 7  0.
 8  0.
 9  0.
 10  0.
 11  0.
 12  0.
 13  0.
 14  0.
 15  0.
 16  0.
 17  0.
 18  0.
 19  0.
 20  0.
 21  0.
 22  0.
 23  0.
 24  0.
 25  0.
 26  0.
 27  0.
 28  0.
 29  0.
 30  0.
 31  0.
 32  0.
 33  0.
 34  0.
 35  0.
 36  0.
 37  0.
 38  0.
 39  0.
 40  0.
 41  0.
 42  0.
 43  0.
 44  0.
 45  0.
 46  0.
 47  0.
 48  0.
 49  0.
 50  0.
 51  0.
 52  0.
 53  0.
 54  0.
 55  0.
 56  0.
 57  0.
 58  0.
 59  0.
 60  0.
 61  0.
 62  0.
 63  0.
 64  0.
 65  0.
 66  0.
 67  0.
 68  0.
 69  0.
 70  0.
 71  0.
 72  0.
 73  0.
 74  0.
 75  0.
 76  0.
 77  0.
 78  0.
 79  0.
 80  0.
 81  0.
 82  0.
 83  0.
 84  0.
 85  0.
 86  0.
 87  0.
 88  0.
 89  0.
 90  0.
 91  0.
 92  0.
 93  0.
 94  0.
 95  0.
 96  0.
 97  0.
 98  0.
 99  0.
 100  0.
 101  0.
 102  0.
 103  0.
 104  0.
 105  0.
 106  0.
 107  0.
 108  0.
 109  0.
 110  0.
 111  0.
 112  0.
 113  0.
 114  0.
 115  0.
 116  0.
 117  0.
 118  0.
 119  0.
 120  0.
 121  0.
 122  0.
 123  0.
 124  0.
 125  0.
 126  0.
 127  0.
 128  0.
 129  0.
 130  0.
 131  0.
 132  0.
 133  0.
 134  0.
 135  0.
 136  0.
 137  0.
 138  0.
 139  0.
 140  0.
 141  0.
 142  0.
 143  0.
 144  0.
 145  0.
 146  0.
 147  0.
 148  0.
 149  0.
 150  0.
 151  0.
 152  0.
 153  0.
 154  0.
 155  0.
 156  0.
 157  0.
 158  0.
 159  0.
 160  0.
 161  0.
 162  0.
 163  0.
 164  0.
 165  0.
 166  0.
 167  0.
 168  0.
 169  0.
 170  0.
 171  0.
 172  0.
 173  0.
 174  0.
 175  0.
 176  0.
 177  0.
 178  0.
 179  0.
 180  0.
 181  0.
 182  0.
 183  0.
 184  0.
 185  0.
 186  0.
 187  0.
 188  0.
 189  0.
 190  0.
 191  0.
 192  0.
 193  0.
 194  0.
 195  0.
 196  0.
 197  0.
 198  0.
 199  0.
 200  0.
 201  0.
 202  0.
 203  0.
 204  0.
 205  0.
 206  0.
 207  0.
 208  0.
 209  0.
 210  0.
 211  0.
 212  0.
 213  0.
 214  0.
 215  0.
 216  0.
 217  0.
 218  0.
 219  0.
 220  0.
 221  0.
 222  0.
 223  0.
 224  0.
 225  0.
 226  0.
 227  0.
 228  0.
 229  0.
 230  0.
 231  0.
 232  0.
 233  0.
 234  0.
 235  0.
 236  0.
 237  0.
 238  0.
 239  0.
 240  0.
 241  0.
 242  0.
 243  0.
 244  0.
 245  0.
 246  0.
 247  0.
 248  0.
 249  0.
 250  0.
 251  0.
 252  0.
 253  0.
 254  0.
 255  0.
 256  0.
 257  0.
 258  0.
 259  0.
 260  0.
 261  0.
 262  0.
 263  0.
 264  0.
 265  0.
 266  0.
 267  0.
 268  0.
 269  0.
 270  0.
 271  0.
 272  0.
 273  0.
 274  0.
 275  0.
 276  0.
 277  0.
 278  0.
 279  0.
 280  0.
 281  0.
 282  0.
 283  0.
 284  0.
 285  0.
 286  0.
 287  0.
 288  0.
 289  0.
 290  0.
 291  0.
 292  0.
 293  0.
 294  0.
 295  0.
 296  0.
 297  0.
 298  0.
 299  0.
 300  0.
 301  0.
 302  0.
 303  0.
 304  0.
 305  0.
 306  0.
 307  0.
 308  0.
 309  0.
 310  0.
 311  0.
 312  0.
 313  0.
 314  0.
 315  0.
 316  0.
 317  0.
 318  0.
 319  0.
 320  0.
 321  0.
 322  0.
 323  0.
 324  0.
 325  0.
 326  0.
 327  0.
 328  0.
 329  0.
 330  0.
 331  0.
 332  0.
 333  0.
 334  0.
 335  0.
 336  0.
 337  0.
 338  0.
 339  0.
 340  0.
 341  0.
 342  0.
 343  0.
 344  0.
 345  0.
 346  0.
 347  0.
 348  0.
 349  0.
 350  0.
 351  0.
 352  0.
 353  0.
 354  0.
 355  0.
 356  0.
 357  0.
 358  0.
 359  0.
 360  0.
 361  0.
 362  0.
 363  0.
 364  0.
 365  0.
 366  0.
 367  0.
 368  0.
 369  0.
 370  0.
 371  0.
 372  0.
 373  0.
 374  0.
 375  0.
 376  0.
 377  0.
 378  0.
 379  0.
 380  0.
 381  0.
 382  0.
 383  0.
 384  0.
 385  0.
 386  0.
 387  0.
 388  0.
 389  0.
 390  0.
 391  0.
 392  0.
 393  0.
 394  0.
 395  0.
 396  0.
 397  0.
 398  0.
 399  0.
 400  0.
 401  0.
 402  0.
 403  0.
 404  0.
 405  0.
 406  0.
 407  0.
 408  0.
 409  0.
 410  0.
 411  0.
 412  0.
 413  0.
 414  0.
 415  0.
 416  0.
 417  0.
 418  0.
 419  0.
 420  0.
 421  0.
 422  0.
 423  0.
 424  0.
 425  0.
 426  0.
 427  0.
 428  0.
 429  0.
 430  0.
 431  0.
 432  0.
 433  0.
 434  0.
 435  0.
 436  0.
 437  0.
 438  0.
 439  0.
 440  0.
 441  0.
 442  0.
 443  0.
 444  0.
 445  0.
 446  0.
 447  0.
 448  0.
 449  0.
 450  0.
 451  0.
 452  0.
 453  0.
 454  0.
 455  0.
 456  0.
 457  0.
 458  0.
 459  0.
 460  0.
 461  0.
 462  0.
 463  0.
 464  0.
 465  0.
 466  0.
 467  0.
 468  0.
 469  0.
 470  0.
 471  0.
 472  0.
 473  0.
 474  0.
 475  0.
 476  0.
 477  0.
 478  0.
 479  0.
 480  0.
 481  0.
 482  0.
 483  0.
 484  0.
 485  0.
 486  0.
 487  0.
 488  0.
 489  0.
 490  0.
 491  0.
 492  0.
 493  0.
 494  0.
 495  0.
 496  0.
 497  0.
 498  0.
 499  0.
 500  0.

 1  0.
 2  0.
 3  0.
 4  0.
 5  0.
 6  0.
 7  0.
 8  0.
 9  0.
 10  0.
 11  0.
 12  0.
 13  0.
 14  0.
 15  0.
 16  0.
 17  0.
 18  0.
 19  0.
 20  0.
 21  0.
 22  0.
 23  0.
 24  0.
 25  0.
 26  0.
 27  0.
 28  0.
 29  0.
 30  0.
 31  0.
 32  0.
 33  0.
 34  0.
 35  0.
 36  0.
 37  0.
 38  0.
 39  0.
 40  0.
 41  0.
 42  0.
 43  0.
 44  0.
 45  0.
 46  0.
 47  0.
 48  0.
 49  0.
 50  0.
 51  0.
 52  0.
 53  0.
 54  0.
 55  0.
 56  0.
 57  0.
 58  0.
 59  0.
 60  0.
 61  0.
 62  0.
 63  0.
 64  0.
 65  0.
 66  0.
 67  0.
 68  0.
 69  0.
 70  0.
 71  0.
 72  0.
 73  0.
 74  0.
 75  0.
 76  0.
 77  0.
 78  0.
 79  0.
 80  0.
 81  0.
 82  0.
 83  0.
 84  0.
 85  0.
 86  0.
 87  0.
 88  0.
 89  0.
 90  0.
 91  0.
 92  0.
 93  0.
 94  0.
 95  0.
 96  0.
 97  0.
 98  0.
 99  0.
 100  0.
 101  0.
 102  0.
 103  0.
 104  0.
 105  0.
 106  0.
 107  0.
 108  0.
 109  0.
 110  0.
 111  0.
 112  0.
 113  0.
 114  0.
 115  0.
 116  0.
 117  0.
 118  0.
 119  0.
 120  0.
 121  0.
 122  0.
 123  0.
 124  0.
 125  0.
 126  0.
 127  0.
 128  0.
 129  0.
 130  0.
 131  0.
 132  0.
 133  0.
 134  0.
 135  0.
 136  0.
 137  0.
 138  0.
 139  0.
 140  0.
 141  0.
 142  0.
 143  0.
 144  0.
 145  0.
 146  0.
 147  0.
 148  0.
 149  0.
 150  0.
 151  0.
 152  0.
 153  0.
 154  0.
 155  0.
 156  0.
 157  0.
 158  0.
 159  0.
 160  0.
 161  0.
 162  0.
 163  0.
 164  0.
 165  0.
 166  0.
 167  0.
 168  0.
 169  0.
 170  0.
 171  0.
 172  0.
 173  0.
 174  0.
 175  0.
 176  0.
 177  0.
 178  0.
 179  0.
 180  0.
 181  0.
 182  0.
 183  0.
 184  0.
 185  0.
 186  0.
 187  0.
 188  0.
 189  0.
 190  0.
 191  0.
 192  0.
 193  0.
 194  0.
 195  0.
 196  0.
 197  0.
 198  0.
 199  0.
 200  0.
 201  0.
 202  0.
 203  0.
 204  0.
 205  0.
 206  0.
 207  0.
 208  0.
 209  0.
 210  0.
 211  0.
 212  0.
 213  0.
 214  0.
 215  0.
 216  0.
 217  0.
 218  0.
 219  0.
 220  0.
 221  0.
 222  0.
 223  0.
 224  0.
 225  0.
 226  0.
 227  0.
 228  0.
 229  0.
 230  0.
 231  0.
 232  0.
 233  0.
 234  0.
 235  0.
 236  0.
 237  0.
 238  0.
 239  0.
 240  0.
 241  0.
 242  0.
 243  0.
 244  0.
 245  0.
 246  0.
 247  0.
 248  0.
 249  0.
 250  0.
 251  0.
 252  0.
 253  0.
 254  0.
 255  0.
 256  0.
 257  0.
 258  0.
 259  0.
 260  0.
 261  0.
 262  0.
 263  0.
 264  0.
 265  0.
 266  0.
 267  0.
 268  0.
 269  0.
 270  0.
 271  0.
 272  0.
 273  0.
 274  0.
 275  0.
 276  0.
 277  0.
 278  0.
 279  0.
 280  0.
 281  0.
 282  0.
 283  0.
 284  0.
 285  0.
 286  0.
 287  0.
 288  0.
 289  0.
 290  0.
 291  0.
 292  0.
 293  0.
 294  0.
 295  0.
 296  0.
 297  0.
 298  0.
 299  0.
 300  0.
 301  0.
 302  0.
 303  0.
 304  0.
 305  0.
 306  0.
 307  0.
 308  0.
 309  0.
 310  0.
 311  0.
 312  0.
 313  0.
 314  0.
 315  0.
 316  0.
 317  0.
 318  0.
 319  0.
 320  0.
 321  0.
 322  0.
 323  0.
 324  0.
 325  0.
 326  0.
 327  0.
 328  0.
 329  0.
 330  0.
 331  0.
 332  0.
 333  0.
 334  0.
 335  0.
 336  0.
 337  0.
 338  0.
 339  0.
 340  0.
 341  0.
 342  0.
 343  0.
 344  0.
 345  0.
 346  0.
 347  0.
 348  0.
 349  0.
 350  0.
 351  0.
 352  0.
 353  0.
 354  0.
 355  0.
 356  0.
 357  0.
 358  0.
 359  0.
 360  0.
 361  0.
 362  0.
 363  0.
 364  0.
 365  0.
 366  0.
 367  0.
 368  0.
 369  0.
 370  0.
 371  0.
 372  0.
 373  0.
 374  0.
 375  0.
 376  0.
 377  0.
 378  0.
 379  0.
 380  0.
 381  0.
 382  0.
 383  0.
 384  0.
 385  0.
 386  0.
 387  0.
 388  0.
 389  0.
 390  0.
 391  0.
 392  0.
 393  0.
 394  0.
 395  0.
 396  0.
 397  0.
 398  0.
 399  0.
 400  0.
 401  0.
 402  0.
 403  0.
 404  0.
 405  0.
 406  0.
 407  0.
 408  0.
 409  0.
 410  0.
 411  0.
 412  0.
 413  0.
 414  0.
 415  0.
 416  0.
 417  0.
 418  0.
 419  0.
 420  0.
 421  0.
 422  0.
 423  0.
 424  0.
 425  0.
 426  0.
 427  0.
 428  0.
 429  0.
 430  0.
 431  0.
 432  0.
 433  0.
 434  0.
 435  0.
 436  0.
 437  0.
 438  0.
 439  0.
 440  0.
 441  0.
 442  0.
 443  0.
 444  0.
 445  0.
 446  0.
 447  0.
 448  0.
 449  0.
 450  0.
 451  0.
 452  0.
 453  0.
 454  0.
 455  0.
 456  0.
 457  0.
 458  0.
 459  0.
 460  0.
 461  0.
 462  0.
 463  0.
 464  0.
 465  0.
 466  0.
 467  0.
 468  0.
 469  0.
 470  0.
 471  0.
 472  0.
 473  0.
 474  0.
 475  0.
 476  0.
 477  0.
 478  0.
 479  0.
 480  0.
 481  0.
 482  0.
 483  0.
 484  0.
 485  0.
 486  0.
 487  0.
 488  0.
 489  0.
 490  0.
 491  0.
 492  0.
 493  0.
 494  0.
 495  0.
 496  0.
 497  0.
 498  0.
 499  0.
 500  0.

 1  0.
 2  0.
 3  0.
 4  0.
 5  0.
 6  0.
 7  0.
 8  0.
 9  0.
 10  0.
 11  0.
 12  0.
 13  0.
 14  0.
 15  0.
 16  0.
 17  0.
 18  0.
 19  0.
 20  0.
 21  0.
 22  0.
 23  0.
 24  0.
 25  0.
 26  0.
 27  0.
 28  0.
 29  0.
 30  0.
 31  0.
 32  0.
 33  0.
 34  0.
 35  0.
 36  0.
 37  0.
 38  0.
 39  0.
 40  0.
 41  0.
 42  0.
 43  0.
 44  0.
 45  0.
 46  0.
 47  0.
 48  0.
 49  0.
 50  0.
 51  0.
 52  0.
 53  0.
 54  0.
 55  0.
 56  0.
 57  0.
 58  0.
 59  0.
 60  0.
 61  0.
 62  0.
 63  0.
 64  0.
 65  0.
 66  0.
 67  0.
 68  0.
 69  0.
 70  0.
 71  0.
 72  0.
 73  0.
 74  0.
 75  0.
 76  0.
 77  0.
 78  0.
 79  0.
 80  0.
 81  0.
 82  0.
 83  0.
 84  0.
 85  0.
 86  0.
 87  0.
 88  0.
 89  0.
 90  0.
 91  0.
 92  0.
 93  0.
 94  0.
 95  0.
 96  0.
 97  0.
 98  0.
 99  0.
 100  0.
 101  0.
 102  0.
 103  0.
 104  0.
 105  0.
 106  0.
 107  0.
 108  0.
 109  0.
 110  0.
 111  0.
 112  0.
 113  0.
 114  0.
 115  0.
 116  0.
 117  0.
 118  0.
 119  0.
 120  0.
 121  0.
 122  0.
 123  0.
 124  0.
 125  0.
 126  0.
 127  0.
 128  0.
 129  0.
 130  0.
 131  0.
 132  0.
 133  0.
 134  0.
 135  0.
 136  0.
 137  0.
 138  0.
 139  0.
 140  0.
 141  0.
 142  0.
 143  0.
 144  0.
 145  0.
 146  0.
 147  0.
 148  0.
 149  0.
 150  0.
 151  0.
 152  0.
 153  0.
 154  0.
 155  0.
 156  0.
 157  0.
 158  0.
 159  0.
 160  0.
 161  0.
 162  0.
 163  0.
 164  0.
 165  0.
 166  0.
 167  0.
 168  0.
 169  0.
 170  0.
 171  0.
 172  0.
 173  0.
 174  0.
 175  0.
 176  0.
 177  0.
 178  0.
 179  0.
 180  0.
 181  0.
 182  0.
 183  0.
 184  0.
 185  0.
 186  0.
 187  0.
 188  0.
 189  0.
 190  0.
 191  0.
 192  0.
 193  0.
 194  0.
 195  0.
 196  0.
 197  0.
 198  0.
 199  0.
 200  0.
 201  0.
 202  0.
 203  0.
 204  0.
 205  0.
 206  0.
 207  0.
 208  0.
 209  0.
 210  0.
 211  0.
 212  0.
 213  0.
 214  0.
 215  0.
 216  0.
 217  0.
 218  0.
 219  0.
 220  0.
 221  0.
 222  0.
 223  0.
 224  0.
 225  0.
 226  0.
 227  0.
 228  0.
 229  0.
 230  0.
 231  0.
 232  0.
 233  0.
 234  0.
 235  0.
 236  0.
 237  0.
 238  0.
 239  0.
 240  0.
 241  0.
 242  0.
 243  0.
 244  0.
 245  0.
 246  0.
 247  0.
 248  0.
 249  0.
 250  0.
 251  0.
 252  0.
 253  0.
 254  0.
 255  0.
 256  0.
 257  0.
 258  0.
 259  0.
 260  0.
 261  0.
 262  0.
 263  0.
 264  0.
 265  0.
 266  0.
 267  0.
 268  0.
 269  0.
 270  0.
 271  0.
 272  0.
 273  0.
 274  0.
 275  0.
 276  0.
 277  0.
 278  0.
 279  0.
 280  0.
 281  0.
 282  0.
 283  0.
 284  0.
 285  0.
 286  0.
 287  0.
 288  0.
 289  0.
 290  0.
 291  0.
 292  0.
 293  0.
 294  0.
 295  0.
 296  0.
 297  0.
 298  0.
 299  0.
 300  0.
 301  0.
 302  0.
 303  0.
 304  0.
 305  0.
 306  0.
 307  0.
 308  0.
 309  0.
 310  0.
 311  0.
 312  0.
 313  0.
 314  0.
 315  0.
 316  0.
 317  0.
 318  0.
 319  0.
 320  0.
 321  0.
 322  0.
 323  0.
 324  0.
 325  0.
 326  0.
 327  0.
 328  0.
 329  0.
 330  0.
 331  0.
 332  0.
 333  0.
 334  0.
 335  0.
 336  0.
 337  0.
 338  0.
 339  0.
 340  0.
 341  0.
 342  0.
 343  0.
 344  0.
 345  0.
 346  0.
 347  0.
 348  0.
 349  0.
 350  0.
 351  0.
 352  0.
 353  0.
 354  0.
 355  0.
 356  0.
 357  0.
 358  0.
 359  0.
 360  0.
 361  0.
 362  0.
 363  0.
 364  0.
 365  0.
 366  0.
 367  0.
 368  0.
 369  0.
 370  0.
 371  0.
 372  0.
 373  0.
 374  0.
 375  0.
 376  0.
 377  0.
 378  0.
 379  0.
 380  0.
 381  0.
 382  0.
 383  0.
 384  0.
 385  0.
 386  0.
 387  0.
 388  0.
 389  0.
 390  0.
 391  0.
 392  0.
 393  0.
 394  0.
 395  0.
 396  0.
 397  0.
 398  0.
 399  0.
 400  0.
 401  0.
 402  0.
 403  0.
 404  0.
 405  0.
 406  0.
 407  0.
 408  0.
 409  0.
 410  0.
 411  0.
 412  0.
 413  0.
 414  0.
 415  0.
 416  0.
 417  0.
 418  0.
 419  0.
 420  0.
 421  0.
 422  0.
 423  0.
 424  0.
 425  0.
 426  0.
 427  0.
 428  0.
 429  0.
 430  0.
 431  0.
 432  0.
 433  0.
 434  0.
 435  0.
 436  0.
 437  0.
 438  0.
 439  0.
 440  0.
 441  0.
 442  0.
 443  0.
 444  0.
 445  0.
 446  0.
 447  0.
 448  0.
 449  0.
 450  0.
 451  0.
 452  0.
 453  0.
 454  0.
 455  0.
 456  0.
 457  0.
 458  0.
 459  0.
 460  0.
 461  0.
 462  0.
 463  0.
 464  0.
 465  0.
 466  0.
 467  0.
 468  0.
 469  0.
 470  0.
 471  0.
 472  0.
 473  0.
 474  0.
 475  0.
 476  0.
 477  0.
 478  0.
 479  0.
 480  0.
 481  0.
 482  0.
 483  0.
 484  0.
 485  0.
 486  0.
 487  0.
 488  0.
 489  0.
 490  0.
 491  0.
 492  0.
 493  0.
 494  0.
 495  0.
 496  0.
 497  0.
 498  0.
 499  0.
 500  0.

 1  0.
 2  0.
 3  0.
 4  0.
 5  0.
 6  0.
 7  0.
 8  0.
 9  0.
 10  0.
 11  0.
 12  0.
 13  0.
 14  0.
 15  0.
 16  0.
 17  0.
 18  0.
 19  0.
 20  0.
 21  0.
 22  0.
 23  0.
 24  0.
 25  0.
 26  0.
 27  0.
 28  0.
 29  0.
 30  0.
 31  0.
 32  0.
 33  0.
 34  0.
 35  0.
 36  0.
 37  0.
 38  0.
 39  0.
 40  0.
 41  0.
 42  0.
 43  0.
 44  0.
 45  0.
 46  0.
 47  0.
 48  0.
 49  0.
 50  0.
 51  0.
 52  0.
 53  0.
 54  0.
 55  0.
 56  0.
 57  0.
 58  0.
 59  0.
 60  0.
 61  0.
 62  0.
 63  0.
 64  0.
 65  0.
 66  0.
 67  0.
 68  0.
 69  0.
 70  0.
 71  0.
 72  0.
 73  0.
 74  0.
 75  0.
 76  0.
 77  0.
 78  0.
 79  0.
 80  0.
 81  0.
 82  0.
 83  0.
 84  0.
 85  0.
 86  0.
 87  0.
 88  0.
 89  0.
 90  0.
 91  0.
 92  0.
 93  0.
 94  0.
 95  0.
 96  0.
 97  0.
 98  0.
 99  0.
 100  0.
 101  0.
 102  0.
 103  0.
 104  0.
 105  0.
 106  0.
 107  0.
 108  0.
 109  0.
 110  0.
 111  0.
 112  0.
 113  0.
 114  0.
 115  0.
 116  0.
 117  0.
 118  0.
 119  0.
 120  0.
 121  0.
 122  0.
 123  0.
 124  0.
 125  0.
 126  0.
 127  0.
 128  0.
 129  0.
 130  0.
 131  0.
 132  0.
 133  0.
 134  0.
 135  0.
 136  0.
 137  0.
 138  0.
 139  0.
 140  0.
 141  0.
 142  0.
 143  0.
 144  0.
 145  0.
 146  0.
 147  0.
 148  0.
 149  0.
 150  0.
 151  0.
 152  0.
 153  0.
 154  0.
 155  0.
 156  0.
 157  0.
 158  0.
 159  0.
 160  0.
 161  0.
 162  0.
 163  0.
 164  0.
 165  0.
 166  0.
 167  0.
 168  0.
 169  0.
 170  0.
 171  0.
 172  0.
 173  0.
 174  0.
 175  0.
 176  0.
 177  0.
 178  0.
 179  0.
 180  0.
 181  0.
 182  0.
 183  0.
 184  0.
 185  0.
 186  0.
 187  0.
 188  0.
 189  0.
 190  0.
 191  0.
 192  0.
 193  0.
 194  0.
 195  0.
 196  0.
 197  0.
 198  0.
 199  0.
 200  0.
 201  0.
 202  0.
 203  0.
 204  0.
 205  0.
 206  0.
 207  0.
 208  0.
 209  0.
 210  0.
 211  0.
 212  0.
 213  0.
 214  0.
 215  0.
 216  0.
 217  0.
 218  0.
 219  0.
 220  0.
 221  0.
 222  0.
 223  0.
 224  0.
 225  0.
 226  0.
 227  0.
 228  0.
 229  0.
 230  0.
 231  0.
 232  0.
 233  0.
 234  0.
 235  0.
 236  0.
 237  0.
 238  0.
 239  0.
 240  0.
 241  0.
 242  0.
 243  0.
 244  0.
 245  0.
 246  0.
 247  0.
 248  0.
 249  0.
 250  0.
 251  0.
 252  0.
 253  0.
 254  0.
 255  0.
 256  0.
 257  0.
 258  0.
 259  0.
 260  0.
 261  0.
 262  0.
 263  0.
 264  0.
 265  0.
 266  0.
 267  0.
 268  0.
 269  0.
 270  0.
 271  0.
 272  0.
 273  0.
 274  0.
 275  0.
 276  0.
 277  0.
 278  0.
 279  0.
 280  0.
 281  0.
 282  0.
 283  0.
 284  0.
 285  0.
 286  0.
 287  0.
 288  0.
 289  0.
 290  0.
 291  0.
 292  0.
 293  0.
 294  0.
 295  0.
 296  0.
 297  0.
 298  0.
 299  0.
 300  0.
 301  0.
 302  0.
 303  0.
 304  0.
 305  0.
 306  0.
 307  0.
 308  0.
 309  0.
 310  0.
 311  0.
 312  0.
 313  0.
 314  0.
 315  0.
 316  0.
 317  0.
 318  0.
 319  0.
 320  0.
 321  0.
 322  0.
 323  0.
 324  0.
 325  0.
 326  0.
 327  0.
 328  0.
 329  0.
 330  0.
 331  0.
 332  0.
 333  0.
 334  0.
 335  0.
 336  0.
 337  0.
 338  0.
 339  0.
 340  0.
 341  0.
 342  0.
 343  0.
 344  0.
 345  0.
 346  0.
 347  0.
 348  0.
 349  0.
 350  0.
 351  0.
 352  0.
 353  0.
 354  0.
 355  0.
 356  0.
 357  0.
 358  0.
 359  0.
 360  0.
 361  0.
 362  0.
 363  0.
 364  0.
 365  0.
 366  0.
 367  0.
 368  0.
 369  0.
 370  0.
 371  0.
 372  0.
 373  0.
 374  0.
 375  0.
 376  0.
 377  0.
 378  0.
 379  0.
 380  0.
 381  0.
 382  0.
 383  0.
 384  0.
 385  0.
 386  0.
 387  0.
 388  0.
 389  0.
 390  0.
 391  0.
 392  0.
 393  0.
 394  0.
 395  0.
 396  0.
 397  0.
 398  0.
 399  0.
 400  0.
 401  0.
 402  0.
 403  0.
 404  0.
 405  0.
 406  0.
 407  0.
 408  0.
 409  0.
 410  0.
 411  0.
 412  0.
 413  0.
 414  0.
 415  0.
 416  0.
 417  0.
 418  0.
 419  0.
 420  0.
 421  0.
 422  0.
 423  0.
 424  0.
 425  0.
 426  0.
 427  0.
 428  0.
 429  0.
 430  0.
 431  0.
 432  0.
 433  0.
 434  0.
 435  0.
 436  0.
 437  0.
 438  0.
 439  0.
 440  0.
 441  0.
 442  0.
 443  0.
 444  0.
 445  0.
 446  0.
 447  0.
 448  0.
 449  0.
 450  0.
 451  0.
 452  0.
 453  0.
 454  0.
 455  0.
 456  0.
 457  0.
 458  0.
 459  0.
 460  0.
 461  0.
 462  0.
 463  0.
 464  0.
 465  0.
 466  0.
 467  0.
 468  0.
 469  0.
 470  0.
 471  0.
 472  0.
 473  0.
 474  0.
 475  0.
 476  0.
 477  0.
 478  0.
 479  0.
 480  0.
 481  0.
 482  0.
 483  0.
 484  0.
 485  0.
 486  0.
 487  0.
 488  0.
 489  0.
 490  0.
 491  0.
 492  0.
 493  0.
 494  0.
 495  0.
 496  0.
 497  0.
 498  0.
 499  0.
 500  0.

 1  0.
 2  0.
 3  0.
 4  0.
 5  0.
 6  0.
 7  0.
 8  0.
 9  0.
 10  0.
 11  0.
 12  0.
 13  0.
 14  0.
 15  0.
 16  0.
 17  0.
 18  0.
 19  0.
 20  0.
 21  0.
 22  0.
 23  0.
 24  0.
 25  0.
 26  0.
 27  0.
 28  0.
 29  0.
 30  0.
 31  0.
 32  0.
 33  0.
 34  0.
 35  0.
 36  0.
 37  0.
 38  0.
 39  0.
 40  0.
 41  0.
 42  0.
 43  0.
 44  0.
 45  0.
 46  0.
 47  0.
 48  0.
 49  0.
 50  0.
 51  0.
 52  0.
 53  0.
 54  0.
 55  0.
 56  0.
 57  0.
 58  0.
 59  0.
 60  0.
 61  0.
 62  0.
 63  0.
 64  0.
 65  0.
 66  0.
 67  0.
 68  0.
 69  0.
 70  0.
 71  0.
 72  0.
 73  0.
 74  0.
 75  0.
 76  0.
 77  0.
 78  0.
 79  0.
 80  0.
 81  0.
 82  0.
 83  0.
 84  0.
 85  0.
 86  0.
 87  0.
 88  0.
 89  0.
 90  0.
 91  0.
 92  0.
 93  0.
 94  0.
 95  0.
 96  0.
 97  0.
 98  0.
 99  0.
 100  0.
 101  0.
 102  0.
 103  0.
 104  0.
 105  0.
 106  0.
 107  0.
 108  0.
 109  0.
 110  0.
 111  0.
 112  0.
 113  0.
 114  0.
 115  0.
 116  0.
 117  0.
 118  0.
 119  0.
 120  0.
 121  0.
 122  0.
 123  0.
 124  0.
 125  0.
 126  0.
 127  0.
 128  0.
 129  0.
 130  0.
 131  0.
 132  0.
 133  0.
 134  0.
 135  0.
 136  0.
 137  0.
 138  0.
 139  0.
 140  0.
 141  0.
 142  0.
 143  0.
 144  0.
 145  0.
 146  0.
 147  0.
 148  0.
 149  0.
 150  0.
 151  0.
 152  0.
 153  0.
 154  0.
 155  0.
 156  0.
 157  0.
 158  0.
 159  0.
 160  0.
 161  0.
 162  0.
 163  0.
 164  0.
 165  0.
 166  0.
 167  0.
 168  0.
 169  0.
 170  0.
 171  0.
 172  0.
 173  0.
 174  0.
 175  0.
 176  0.
 177  0.
 178  0.
 179  0.
 180  0.
 181  0.
 182  0.
 183  0.
 184  0.
 185  0.
 186  0.
 187  0.
 188  0.
 189  0.
 190  0.
 191  0.
 192  0.
 193  0.
 194  0.
 195  0.
 196  0.
 197  0.
 198  0.
 199  0.
 200  0.
 201  0.
 202  0.
 203  0.
 204  0.
 205  0.
 206  0.
 207  0.
 208  0.
 209  0.
 210  0.
 211  0.
 212  0.
 213  0.
 214  0.
 215  0.
 216  0.
 217  0.
 218  0.
 219  0.
 220  0.
 221  0.
 222  0.
 223  0.
 224  0.
 225  0.
 226  0.
 227  0.
 228  0.
 229  0.
 230  0.
 231  0.
 232  0.
 233  0.
 234  0.
 235  0.
 236  0.
 237  0.
 238  0.
 239  0.
 240  0.
 241  0.
 242  0.
 243  0.
 244  0.
 245  0.
 246  0.
 247  0.
 248  0.
 249  0.
 250  0.
 251  0.
 252  0.
 253  0.
 254  0.
 255  0.
 256  0.
 257  0.
 258  0.
 259  0.
 260  0.
 261  0.
 262  0.
 263  0.
 264  0.
 265  0.
 266  0.
 267  0.
 268  0.
 269  0.
 270  0.
 271  0.
 272  0.
 273  0.
 274  0.
 275  0.
 276  0.
 277  0.
 278  0.
 279  0.
 280  0.
 281  0.
 282  0.
 283  0.
 284  0.
 285  0.
 286  0.
 287  0.
 288  0.
 289  0.
 290  0.
 291  0.
 292  0.
 293  0.
 294  0.
 295  0.
 296  0.
 297  0.
 298  0.
 299  0.
 300  0.
 301  0.
 302  0.
 303  0.
 304  0.
 305  0.
 306  0.
 307  0.
 308  0.
 309  0.
 310  0.
 311  0.
 312  0.
 313  0.
 314  0.
 315  0.
 316  0.
 317  0.
 318  0.
 319  0.
 320  0.
 321  0.
 322  0.
 323  0.
 324  0.
 325  0.
 326  0.
 327  0.
 328  0.
 329  0.
 330  0.
 331  0.
 332  0.
 333  0.
 334  0.
 335  0.
 336  0.
 337  0.
 338  0.
 339  0.
 340  0.
 341  0.
 342  0.
 343  0.
 344  0.
 345  0.
 346  0.
 347  0.
 348  0.
 349  0.
 350  0.
 351  0.
 352  0.
 353  0.
 354  0.
 355  0.
 356  0.
 357  0.
 358  0.
 359  0.
 360  0.
 361  0.
 362  0.
 363  0.
 364  0.
 365  0.
 366  0.
 367  0.
 368  0.
 369  0.
 370  0.
 371  0.
 372  0.
 373  0.
 374  0.
 375  0.
 376  0.
 377  0.
 378  0.
 379  0.
 380  0.
 381  0.
 382  0.
 383  0.
 384  0.
 385  0.
 386  0.
 387  0.
 388  0.
 389  0.
 390  0.
 391  0.
 392  0.
 393  0.
 394  0.
 395  0.
 396  0.
 397  0.
 398  0.
 399  0.
 400  0.
 401  0.
 402  0.
 403  0.
 404  0.
 405  0.
 406  0.
 407  0.
 408  0.
 409  0.
 410  0.
 411  0.
 412  0.
 413  0.
 414  0.
 415  0.
 416  0.
 417  0.
 418  0.
 419  0.
 420  0.
 421  0.
 422  0.
 423  0.
 424  0.
 425  0.
 426  0.
 427  0.
 428  0.
 429  0.
 430  0.
 431  0.
 432  0.
 433  0.
 434  0.
 435  0.
 436  0.
 437  0.
 438  0.
 439  0.
 440  0.
 441  0.
 442  0.
 443  0.
 444  0.
 445  0.
 446  0.
 447  0.
 448  0.
 449  0.
 450  0.
 451  0.
 452  0.
 453  0.
 454  0.
 455  0.
 456  0.
 457  0.
 458  0.
 459  0.
 460  0.
 461  0.
 462  0.
 463  0.
 464  0.
 465  0.
 466  0.
 467  0.
 468  0.
 469  0.
 470  0.
 471  0.
 472  0.
 473  0.
 474  0.
 475  0.
 476  0.
 477  0.
 478  0.
 479  0.
 480  0.
 481  0.
 482  0.
 483  0.
 484  0.
 485  0.
 486  0.
 487  0.
 488  0.
 489  0.
 490  0.
 491  0.
 492  0.
 493  0.
 494  0.
 495  0.
 496  0.
 497  0.
 498  0.
 499  0.
 500  0.

 1  0.
 2  0.
 3  0.
 4  0.
 5  0.
 6  0.
 7  0.
 8  0.
 9  0.
 10  0.
 11  0.
 12  0.
 13  0.
 14  0.
 15  0.
 16  0.
 17  0.
 18  0.
 19  0.
 20  0.
 21  0.
 22  0.
 23  0.
 24  0.
 25  0.
 26  0.
 27  0.
 28  0.
 29  0.
 30  0.
 31  0.
 32  0.
 33  0.
 34  0.
 35  0.
 36  0.
 37  0.
 38  0.
 39  0.
 40  0.
 41  0.
 42  0.
 43  0.
 44  0.
 45  0.
 46  0.
 47  0.
 48  0.
 49  0.
 50  0.
 51  0.
 52  0.
 53  0.
 54  0.
 55  0.
 56  0.
 57  0.
 58  0.
 59  0.
 60  0.
 61  0.
 62  0.
 63  0.
 64  0.
 65  0.
 66  0.
 67  0.
 68  0.
 69  0.
 70  0.
 71  0.
 72  0.
 73  0.
 74  0.
 75  0.
 76  0.
 77  0.
 78  0.
 79  0.
 80  0.
 81  0.
 82  0.
 83  0.
 84  0.
 85  0.
 86  0.
 87  0.
 88  0.
 89  0.
 90  0.
 91  0.
 92  0.
 93  0.
 94  0.
 95  0.
 96  0.
 97  0.
 98  0.
 99  0.
 100  0.
 101  0.
 102  0.
 103  0.
 104  0.
 105  0.
 106  0.
 107  0.
 108  0.
 109  0.
 110  0.
 111  0.
 112  0.
 113  0.
 114  0.
 115  0.
 116  0.
 117  0.
 118  0.
 119  0.
 120  0.
 121  0.
 122  0.
 123  0.
 124  0.
 125  0.
 126  0.
 127  0.
 128  0.
 129  0.
 130  0.
 131  0.
 132  0.
 133  0.
 134  0.
 135  0.
 136  0.
 137  0.
 138  0.
 139  0.
 140  0.
 141  0.
 142  0.
 143  0.
 144  0.
 145  0.
 146  0.
 147  0.
 148  0.
 149  0.
 150  0.
 151  0.
 152  0.
 153  0.
 154  0.
 155  0.
 156  0.
 157  0.
 158  0.
 159  0.
 160  0.
 161  0.
 162  0.
 163  0.
 164  0.
 165  0.
 166  0.
 167  0.
 168  0.
 169  0.
 170  0.
 171  0.
 172  0.
 173  0.
 174  0.
 175  0.
 176  0.
 177  0.
 178  0.
 179  0.
 180  0.
 181  0.
 182  0.
 183  0.
 184  0.
 185  0.
 186  0.
 187  0.
 188  0.
 189  0.
 190  0.
 191  0.
 192  0.
 193  0.
 194  0.
 195  0.
 196  0.
 197  0.
 198  0.
 199  0.
 200  0.
 201  0.
 202  0.
 203  0.
 204  0.
 205  0.
 206  0.
 207  0.
 208  0.
 209  0.
 210  0.
 211  0.
 212  0.
 213  0.
 214  0.
 215  0.
 216  0.
 217  0.
 218  0.
 219  0.
 220  0.
 221  0.
 222  0.
 223  0.
 224  0.
 225  0.
 226  0.
 227  0.
 228  0.
 229  0.
 230  0.
 231  0.
 232  0.
 233  0.
 234  0.
 235  0.
 236  0.
 237  0.
 238  0.
 239  0.
 240  0.
 241  0.
 242  0.
 243  0.
 244  0.
 245  0.
 246  0.
 247  0.
 248  0.
 249  0.
 250  0.
 251  0.
 252  0.
 253  0.
 254  0.
 255  0.
 256  0.
 257  0.
 258  0.
 259  0.
 260  0.
 261  0.
 262  0.
 263  0.
 264  0.
 265  0.
 266  0.
 267  0.
 268  0.
 269  0.
 270  0.
 271  0.
 272  0.
 273  0.
 274  0.
 275  0.
 276  0.
 277  0.
 278  0.
 279  0.
 280  0.
 281  0.
 282  0.
 283  0.
 284  0.
 285  0.
 286  0.
 287  0.
 288  0.
 289  0.
 290  0.
 291  0.
 292  0.
 293  0.
 294  0.
 295  0.
 296  0.
 297  0.
 298  0.
 299  0.
 300  0.
 301  0.
 302  0.
 303  0.
 304  0.
 305  0.
 306  0.
 307  0.
 308  0.
 309  0.
 310  0.
 311  0.
 312  0.
 313  0.
 314  0.
 315  0.
 316  0.
 317  0.
 318  0.
 319  0.
 320  0.
 321  0.
 322  0.
 323  0.
 324  0.
 325  0.
 326  0.
 327  0.
 328  0.
 329  0.
 330  0.
 331  0.
 332  0.
 333  0.
 334  0.
 335  0.
 336  0.
 337  0.
 338  0.
 339  0.
 340  0.
 341  0.
 342  0.
 343  0.
 344  0.
 345  0.
 346  0.
 347  0.
 348  0.
 349  0.
 350  0.
 351  0.
 352  0.
 353  0.
 354  0.
 355  0.
 356  0.
 357  0.
 358  0.
 359  0.
 360  0.
 361  0.
 362  0.
 363  0.
 364  0.
 365  0.
 366  0.
 367  0.
 368  0.
 369  0.
 370  0.
 371  0.
 372  0.
 373  0.
 374  0.
 375  0.
 376  0.
 377  0.
 378  0.
 379  0.
 380  0.
 381  0.
 382  0.
 383  0.
 384  0.
 385  0.
 386  0.
 387  0.
 388  0.
 389  0.
 390  0.
 391  0.
 392  0.
 393  0.
 394  0.
 395  0.
 396  0.
 397  0.
 398  0.
 399  0.
 400  0.
 401  0.
 402  0.
 403  0.
 404  0.
 405  0.
 406  0.
 407  0.
 408  0.
 409  0.
 410  0.
 411  0.
 412  0.
 413  0.
 414  0.
 415  0.
 416  0.
 417  0.
 418  0.
 419  0.
 420  0.
 421  0.
 422  0.
 423  0.
 424  0.
 425  0.
 426  0.
 427  0.
 428  0.
 429  0.
 430  0.
 431  0.
 432  0.
 433  0.
 434  0.
 435  0.
 436  0.
 437  0.
 438  0.
 439  0.
 440  0.
 441  0.
 442  0.
 443  0.
 444  0.
 445  0.
 446  0.
 447  0.
 448  0.
 449  0.
 450  0.
 451  0.
 452  0.
 453  0.
 454  0.
 455  0.
 456  0.
 457  0.
 458  0.
 459  0.
 460  0.
 461  0.
 462  0.
 463  0.
 464  0.
 465  0.
 466  0.
 467  0.
 468  0.
 469  0.
 470  0.
 471  0.
 472  0.
 473  0.
 474  0.
 475  0.
 476  0.
 477  0.
 478  0.
 479  0.
 480  0.
 481  0.
 482  0.
 483  0.
 484  0.
 485  0.
 486  0.
 487  0.
 488  0.
 489  0.
 490  0.
 491  0.
 492  0.
 493  0.
 494  0.
 495  0.
 496  0.
 497  0.
 498  0.
 499  0.
 500  0.

 1  0.
 2  0.
 3  0.
 4  0.
 5  0.
 6  0.
 7  0.
 8  0.
 9  0.
 10  0.
 11  0.
 12  0.
 13  0.
 14  0.
 15  0.
 16  0.
 17  0.
 18  0.
 19  0.
 20  0.
 21  0.
 22  0.
 23  0.
 24  0.
 25  0.
 26  0.
 27  0.
 28  0.
 29  0.
 30  0.
 31  0.
 32  0.
 33  0.
 34  0.
 35  0.
 36  0.
 37  0.
 38  0.
 39  0.
 40  0.
 41  0.
 42  0.
 43  0.
 44  0.
 45  0.
 46  0.
 47  0.
 48  0.
 49  0.
 50  0.
 51  0.
 52  0.
 53  0.
 54  0.
 55  0.
 56  0.
 57  0.
 58  0.
 59  0.
 60  0.
 61  0.
 62  0.
 63  0.
 64  0.
 65  0.
 66  0.
 67  0.
 68  0.
 69  0.
 70  0.
 71  0.
 72  0.
 73  0.
 74  0.
 75  0.
 76  0.
 77  0.
 78  0.
 79  0.
 80  0.
 81  0.
 82  0.
 83  0.
 84  0.
 85  0.
 86  0.
 87  0.
 88  0.
 89  0.
 90  0.
 91  0.
 92  0.
 93  0.
 94  0.
 95  0.
 96  0.
 97  0.
 98  0.
 99  0.
 100  0.
 101  0.
 102  0.
 103  0.
 104  0.
 105  0.
 106  0.
 107  0.
 108  0.
 109  0.
 110  0.
 111  0.
 112  0.
 113  0.
 114  0.
 115  0.
 116  0.
 117  0.
 118  0.
 119  0.
 120  0.
 121  0.
 122  0.
 123  0.
 124  0.
 125  0.
 126  0.
 127  0.
 128  0.
 129  0.
 130  0.
 131  0.
 132  0.
 133  0.
 134  0.
 135  0.
 136  0.
 137  0.
 138  0.
 139  0.
 140  0.
 141  0.
 142  0.
 143  0.
 144  0.
 145  0.
 146  0.
 147  0.
 148  0.
 149  0.
 150  0.
 151  0.
 152  0.
 153  0.
 154  0.
 155  0.
 156  0.
 157  0.
 158  0.
 159  0.
 160  0.
 161  0.
 162  0.
 163  0.
 164  0.
 165  0.
 166  0.
 167  0.
 168  0.
 169  0.
 170  0.
 171  0.
 172  0.
 173  0.
 174  0.
 175  0.
 176  0.
 177  0.
 178  0.
 179  0.
 180  0.
 181  0.
 182  0.
 183  0.
 184  0.
 185  0.
 186  0.
 187  0.
 188  0.
 189  0.
 190  0.
 191  0.
 192  0.
 193  0.
 194  0.
 195  0.
 196  0.
 197  0.
 198  0.
 199  0.
 200  0.
 201  0.
 202  0.
 203  0.
 204  0.
 205  0.
 206  0.
 207  0.
 208  0.
 209  0.
 210  0.
 211  0.
 212  0.
 213  0.
 214  0.
 215  0.
 216  0.
 217  0.
 218  0.
 219  0.
 220  0.
 221  0.
 222  0.
 223  0.
 224  0.
 225  0.
 226  0.
 227  0.
 228  0.
 229  0.
 230  0.
 231  0.
 232  0.
 233  0.
 234  0.
 235  0.
 236  0.
 237  0.
 238  0.
 239  0.
 240  0.
 241  0.
 242  0.
 243  0.
 244  0.
 245  0.
 246  0.
 247  0.
 248  0.
 249  0.
 250  0.
 251  0.
 252  0.
 253  0.
 254  0.
 255  0.
 256  0.
 257  0.
 258  0.
 259  0.
 260  0.
 261  0.
 262  0.
 263  0.
 264  0.
 265  0.
 266  0.
 267  0.
 268  0.
 269  0.
 270  0.
 271  0.
 272  0.
 273  0.
 274  0.
 275  0.
 276  0.
 277  0.
 278  0.
 279  0.
 280  0.
 281  0.
 282  0.
 283  0.
 284  0.
 285  0.
 286  0.
 287  0.
 288  0.
 289  0.
 290  0.
 291  0.
 292  0.
 293  0.
 294  0.
 295  0.
 296  0.
 297  0.
 298  0.
 299  0.
 300  0.
 301  0.
 302  0.
 303  0.
 304  0.
 305  0.
 306  0.
 307  0.
 308  0.
 309  0.
 310  0.
 311  0.
 312  0.
 313  0.
 314  0.
 315  0.
 316  0.
 317  0.
 318  0.
 319  0.
 320  0.
 321  0.
 322  0.
 323  0.
 324  0.
 325  0.
 326  0.
 327  0.
 328  0.
 329  0.
 330  0.
 331  0.
 332  0.
 333  0.
 334  0.
 335  0.
 336  0.
 337  0.
 338  0.
 339  0.
 340  0.
 341  0.
 342  0.
 343  0.
 344  0.
 345  0.
 346  0.
 347  0.
 348  0.
 349  0.
 350  0.
 351  0.
 352  0.
 353  0.
 354  0.
 355  0.
 356  0.
 357  0.
 358  0.
 359  0.
 360  0.
 361  0.
 362  0.
 363  0.
 364  0.
 365  0.
 366  0.
 367  0.
 368  0.
 369  0.
 370  0.
 371  0.
 372  0.
 373  0.
 374  0.
 375  0.
 376  0.
 377  0.
 378  0.
 379  0.
 380  0.
 381  0.
 382  0.
 383  0.
 384  0.
 385  0.
 386  0.
 387  0.
 388  0.
 389  0.
 390  0.
 391  0.
 392  0.
 393  0.
 394  0.
 395  0.
 396  0.
 397  0.
 398  0.
 399  0.
 400  0.
 401  0.
 402  0.
 403  0.
 404  0.
 405  0.
 406  0.
 407  0.
 408  0.
 409  0.
 410  0.
 411  0.
 412  0.
 413  0.
 414  0.
 415  0.
 416  0.
 417  0.
 418  0.
 419  0.
 420  0.
 421  0.
 422  0.
 423  0.
 424  0.
 425  0.
 426  0.
 427  0.
 428  0.
 429  0.
 430  0.
 431  0.
 432  0.
 433  0.
 434  0.
 435  0.
 436  0.
 437  0.
 438  0.
 439  0.
 440  0.
 441  0.
 442  0.
 443  0.
 444  0.
 445  0.
 446  0.
 447  0.
 448  0.
 449  0.
 450  0.
 451  0.
 452  0.
 453  0.
 454  0.
 455  0.
 456  0.
 457  0.
 458  0.
 459  0.
 460  0.
 461  0.
 462  0.
 463  0.
 464  0.
 465  0.
 466  0.
 467  0.
 468  0.
 469  0.
 470  0.
 471  0.
 472  0.
 473  0.
 474  0.
 475  0.
 476  0.
 477  0.
 478  0.
 479  0.
 480  0.
 481  0.
 482  0.
 483  0.
 484  0.
 485  0.
 486  0.
 487  0.
 488  0.
 489  0.
 490  0.
 491  0.
 492  0.
 493  0.
 494  0.
 495  0.
 496  0.
 497  0.
 498  0.
 499  0.
 500  0.

 1  0.
 2  0.
 3  0.
 4  0.
 5  0.
 6  0.
 7  0.
 8  0.
 9  0.
 10  0.
 11  0.
 12  0.
 13  0.
 14  0.
 15  0.
 16  0.
 17  0.
 18  0.
 19  0.
 20  0.
 21  0.
 22  0.
 23  0.
 24  0.
 25  0.
 26  0.
 27  0.
 28  0.
 29  0.
 30  0.
 31  0.
 32  0.
 33  0.
 34  0.
 35  0.
 36  0.
 37  0.
 38  0.
 39  0.
 40  0.
 41  0.
 42  0.
 43  0.
 44  0.
 45  0.
 46  0.
 47  0.
 48  0.
 49  0.
 50  0.
 51  0.
 52  0.
 53  0.
 54  0.
 55  0.
 56  0.
 57  0.
 58  0.
 59  0.
 60  0.
 61  0.
 62  0.
 63  0.
 64  0.
 65  0.
 66  0.
 67  0.
 68  0.
 69  0.
 70  0.
 71  0.
 72  0.
 73  0.
 74  0.
 75  0.
 76  0.
 77  0.
 78  0.
 79  0.
 80  0.
 81  0.
 82  0.
 83  0.
 84  0.
 85  0.
 86  0.
 87  0.
 88  0.
 89  0.
 90  0.
 91  0.
 92  0.
 93  0.
 94  0.
 95  0.
 96  0.
 97  0.
 98  0.
 99  0.
 100  0.
 101  0.
 102  0.
 103  0.
 104  0.
 105  0.
 106  0.
 107  0.
 108  0.
 109  0.
 110  0.
 111  0.
 112  0.
 113  0.
 114  0.
 115  0.
 116  0.
 117  0.
 118  0.
 119  0.
 120  0.
 121  0.
 122  0.
 123  0.
 124  0.
 125  0.
 126  0.
 127  0.
 128  0.
 129  0.
 130  0.
 131  0.
 132  0.
 133  0.
 134  0.
 135  0.
 136  0.
 137  0.
 138  0.
 139  0.
 140  0.
 141  0.
 142  0.
 143  0.
 144  0.
 145  0.
 146  0.
 147  0.
 148  0.
 149  0.
 150  0.
 151  0.
 152  0.
 153  0.
 154  0.
 155  0.
 156  0.
 157  0.
 158  0.
 159  0.
 160  0.
 161  0.
 162  0.
 163  0.
 164  0.
 165  0.
 166  0.
 167  0.
 168  0.
 169  0.
 170  0.
 171  0.
 172  0.
 173  0.
 174  0.
 175  0.
 176  0.
 177  0.
 178  0.
 179  0.
 180  0.
 181  0.
 182  0.
 183  0.
 184  0.
 185  0.
 186  0.
 187  0.
 188  0.
 189  0.
 190  0.
 191  0.
 192  0.
 193  0.
 194  0.
 195  0.
 196  0.
 197  0.
 198  0.
 199  0.
 200  0.
 201  0.
 202  0.
 203  0.
 204  0.
 205  0.
 206  0.
 207  0.
 208  0.
 209  0.
 210  0.
 211  0.
 212  0.
 213  0.
 214  0.
 215  0.
 216  0.
 217  0.
 218  0.
 219  0.
 220  0.
 221  0.
 222  0.
 223  0.
 224  0.
 225  0.
 226  0.
 227  0.
 228  0.
 229  0.
 230  0.
 231  0.
 232  0.
 233  0.
 234  0.
 235  0.
 236  0.
 237  0.
 238  0.
 239  0.
 240  0.
 241  0.
 242  0.
 243  0.
 244  0.
 245  0.
 246  0.
 247  0.
 248  0.
 249  0.
 250  0.
 251  0.
 252  0.
 253  0.
 254  0.
 255  0.
 256  0.
 257  0.
 258  0.
 259  0.
 260  0.
 261  0.
 262  0.
 263  0.
 264  0.
 265  0.
 266  0.
 267  0.
 268  0.
 269  0.
 270  0.
 271  0.
 272  0.
 273  0.
 274  0.
 275  0.
 276  0.
 277  0.
 278  0.
 279  0.
 280  0.
 281  0.
 282  0.
 283  0.
 284  0.
 285  0.
 286  0.
 287  0.
 288  0.
 289  0.
 290  0.
 291  0.
 292  0.
 293  0.
 294  0.
 295  0.
 296  0.
 297  0.
 298  0.
 299  0.
 300  0.
 301  0.
 302  0.
 303  0.
 304  0.
 305  0.
 306  0.
 307  0.
 308  0.
 309  0.
 310  0.
 311  0.
 312  0.
 313  0.
 314  0.
 315  0.
 316  0.
 317  0.
 318  0.
 319  0.
 320  0.
 321  0.
 322  0.
 323  0.
 324  0.
 325  0.
 326  0.
 327  0.
 328  0.
 329  0.
 330  0.
 331  0.
 332  0.
 333  0.
 334  0.
 335  0.
 336  0.
 337  0.
 338  0.
 339  0.
 340  0.
 341  0.
 342  0.
 343  0.
 344  0.
 345  0.
 346  0.
 347  0.
 348  0.
 349  0.
 350  0.
 351  0.
 352  0.
 353  0.
 354  0.
 355  0.
 356  0.
 357  0.
 358  0.
 359  0.
 360  0.
 361  0.
 362  0.
 363  0.
 364  0.
 365  0.
 366  0.
 367  0.
 368  0.
 369  0.
 370  0.
 371  0.
 372  0.
 373  0.
 374  0.
 375  0.
 376  0.
 377  0.
 378  0.
 379  0.
 380  0.
 381  0.
 382  0.
 383  0.
 384  0.
 385  0.
 386  0.
 387  0.
 388  0.
 389  0.
 390  0.
 391  0.
 392  0.
 393  0.
 394  0.
 395  0.
 396  0.
 397  0.
 398  0.
 399  0.
 400  0.
 401  0.
 402  0.
 403  0.
 404  0.
 405  0.
 406  0.
 407  0.
 408  0.
 409  0.
 410  0.
 411  0.
 412  0.
 413  0.
 414  0.
 415  0.
 416  0.
 417  0.
 418  0.
 419  0.
 420  0.
 421  0.
 422  0.
 423  0.
 424  0.
 425  0.
 426  0.
 427  0.
 428  0.
 429  0.
 430  0.
 431  0.
 432  0.
 433  0.
 434  0.
 435  0.
 436  0.
 437  0.
 438  0.
 439  0.
 440  0.
 441  0.
 442  0.
 443  0.
 444  0.
 445  0.
 446  0.
 447  0.
 448  0.
 449  0.
 450  0.
 451  0.
 452  0.
 453  0.
 454  0.
 455  0.
 456  0.
 457  0.
 458  0.
 459  0.
 460  0.
 461  0.
 462  0.
 463  0.
 464  0.
 465  0.
 466  0.
 467  0.
 468  0.
 469  0.
 470  0.
 471  0.
 472  0.
 473  0.
 474  0.
 475  0.
 476  0.
 477  0.
 478  0.
 479  0.
 480  0.
 481  0.
 482  0.
 483  0.
 484  0.
 485  0.
 486  0.
 487  0.
 488  0.
 489  0.
 490  0.
 491  0.
 492  0.
 493  0.
 494  0.
 495  0.
 496  0.
 497  0.
 498  0.
 499  0.
 500  0.

 1  0.
 2  0.
 3  0.
 4  0.
 5  0.
 6  0.
 7  0.
 8  0.
 9  0.
 10  0.
 11  0.
 12  0.
 13  0.
 14  0.
 15  0.
 16  0.
 17  0.
 18  0.
 19  0.
 20  0.
 21  0.
 22  0.
 23  0.
 24  0.
 25  0.
 26  0.
 27  0.
 28  0.
 29  0.
 30  0.
 31  0.
 32  0.
 33  0.
 34  0.
 35  0.
 36  0.
 37  0.
 38  0.
 39  0.
 40  0.
 41  0.
 42  0.
 43  0.
 44  0.
 45  0.
 46  0.
 47  0.
 48  0.
 49  0.
 50  0.
 51  0.
 52  0.
 53  0.
 54  0.
 55  0.
 56  0.
 57  0.
 58  0.
 59  0.
 60  0.
 61  0.
 62  0.
 63  0.
 64  0.
 65  0.
 66  0.
 67  0.
 68  0.
 69  0.
 70  0.
 71  0.
 72  0.
 73  0.
 74  0.
 75  0.
 76  0.
 77  0.
 78  0.
 79  0.
 80  0.
 81  0.
 82  0.
 83  0.
 84  0.
 85  0.
 86  0.
 87  0.
 88  0.
 89  0.
 90  0.
 91  0.
 92  0.
 93  0.
 94  0.
 95  0.
 96  0.
 97  0.
 98  0.
 99  0.
 100  0.
 101  0.
 102  0.
 103  0.
 104  0.
 105  0.
 106  0.
 107  0.
 108  0.
 109  0.
 110  0.
 111  0.
 112  0.
 113  0.
 114  0.
 115  0.
 116  0.
 117  0.
 118  0.
 119  0.
 120  0.
 121  0.
 122  0.
 123  0.
 124  0.
 125  0.
 126  0.
 127  0.
 128  0.
 129  0.
 130  0.
 131  0.
 132  0.
 133  0.
 134  0.
 135  0.
 136  0.
 137  0.
 138  0.
 139  0.
 140  0.
 141  0.
 142  0.
 143  0.
 144  0.
 145  0.
 146  0.
 147  0.
 148  0.
 149  0.
 150  0.
 151  0.
 152  0.
 153  0.
 154  0.
 155  0.
 156  0.
 157  0.
 158  0.
 159  0.
 160  0.
 161  0.
 162  0.
 163  0.
 164  0.
 165  0.
 166  0.
 167  0.
 168  0.
 169  0.
 170  0.
 171  0.
 172  0.
 173  0.
 174  0.
 175  0.
 176  0.
 177  0.
 178  0.
 179  0.
 180  0.
 181  0.
 182  0.
 183  0.
 184  0.
 185  0.
 186  0.
 187  0.
 188  0.
 189  0.
 190  0.
 191  0.
 192  0.
 193  0.
 194  0.
 195  0.
 196  0.
 197  0.
 198  0.
 199  0.
 200  0.
 201  0.
 202  0.
 203  0.
 204  0.
 205  0.
 206  0.
 207  0.
 208  0.
 209  0.
 210  0.
 211  0.
 212  0.
 213  0.
 214  0.
 215  0.
 216  0.
 217  0.
 218  0.
 219  0.
 220  0.
 221  0.
 222  0.
 223  0.
 224  0.
 225  0.
 226  0.
 227  0.
 228  0.
 229  0.
 230  0.
 231  0.
 232  0.
 233  0.
 234  0.
 235  0.
 236  0.
 237  0.
 238  0.
 239  0.
 240  0.
 241  0.
 242  0.
 243  0.
 244  0.
 245  0.
 246  0.
 247  0.
 248  0.
 249  0.
 250  0.
 251  0.
 252  0.
 253  0.
 254  0.
 255  0.
 256  0.
 257  0.
 258  0.
 259  0.
 260  0.
 261  0.
 262  0.
 263  0.
 264  0.
 265  0.
 266  0.
 267  0.
 268  0.
 269  0.
 270  0.
 271  0.
 272  0.
 273  0.
 274  0.
 275  0.
 276  0.
 277  0.
 278  0.
 279  0.
 280  0.
 281  0.
 282  0.
 283  0.
 284  0.
 285  0.
 286  0.
 287  0.
 288  0.
 289  0.
 290  0.
 291  0.
 292  0.
 293  0.
 294  0.
 295  0.
 296  0.
 297  0.
 298  0.
 299  0.
 300  0.
 301  0.
 302  0.
 303  0.
 304  0.
 305  0.
 306  0.
 307  0.
 308  0.
 309  0.
 310  0.
 311  0.
 312  0.
 313  0.
 314  0.
 315  0.
 316  0.
 317  0.
 318  0.
 319  0.
 320  0.
 321  0.
 322  0.
 323  0.
 324  0.
 325  0.
 326  0.
 327  0.
 328  0.
 329  0.
 330  0.
 331  0.
 332  0.
 333  0.
 334  0.
 335  0.
 336  0.
 337  0.
 338  0.
 339  0.
 340  0.
 341  0.
 342  0.
 343  0.
 344  0.
 345  0.
 346  0.
 347  0.
 348  0.
 349  0.
 350  0.
 351  0.
 352  0.
 353  0.
 354  0.
 355  0.
 356  0.
 357  0.
 358  0.
 359  0.
 360  0.
 361  0.
 362  0.
 363  0.
 364  0.
 365  0.
 366  0.
 367  0.
 368  0.
 369  0.
 370  0.
 371  0.
 372  0.
 373  0.
 374  0.
 375  0.
 376  0.
 377  0.
 378  0.
 379  0.
 380  0.
 381  0.
 382  0.
 383  0.
 384  0.
 385  0.
 386  0.
 387  0.
 388  0.
 389  0.
 390  0.
 391  0.
 392  0.
 393  0.
 394  0.
 395  0.
 396  0.
 397  0.
 398  0.
 399  0.
 400  0.
 401  0.
 402  0.
 403  0.
 404  0.
 405  0.
 406  0.
 407  0.
 408  0.
 409  0.
 410  0.
 411  0.
 412  0.
 413  0.
 414  0.
 415  0.
 416  0.
 417  0.
 418  0.
 419  0.
 420  0.
 421  0.
 422  0.
 423  0.
 424  0.
 425  0.
 426  0.
 427  0.
 428  0.
 429  0.
 430  0.
 431  0.
 432  0.
 433  0.
 434  0.
 435  0.
 436  0.
 437  0.
 438  0.
 439  0.
 440  0.
 441  0.
 442  0.
 443  0.
 444  0.
 445  0.
 446  0.
 447  0.
 448  0.
 449  0.
 450  0.
 451  0.
 452  0.
 453  0.
 454  0.
 455  0.
 456  0.
 457  0.
 458  0.
 459  0.
 460  0.
 461  0.
 462  0.
 463  0.
 464  0.
 465  0.
 466  0.
 467  0.
 468  0.
 469  0.
 470  0.
 471  0.
 472  0.
 473  0.
 474  0.
 475  0.
 476  0.
 477  0.
 478  0.
 479  0.
 480  0.
 481  0.
 482  0.
 483  0.
 484  0.
 485  0.
 486  0.
 487  0.
 488  0.
 489  0.
 490  0.
 491  0.
 492  0.
 493  0.
 494  0.
 495  0.
 496  0.
 497  0.
 498  0.
 499  0.
 500  0.

 1  0.
 2  0.
 3  0.
 4  0.
 5  0.
 6  0.
 7  0.
 8  0.
 9  0.
 10  0.
 11  0.
 12  0.
 13  0.
 14  0.
 15  0.
 16  0.
 17  0.
 18  0.
 19  0.
 20  0.
 21  0.
 22  0.
 23  0.
 24  0.
 25  0.
 26  0.
 27  0.
 28  0.
 29  0.
 30  0.
 31  0.
 32  0.
 33  0.
 34  0.
 35  0.
 36  0.
 37  0.
 38  0.
 39  0.
 40  0.
 41  0.
 42  0.
 43  0.
 44  0.
 45  0.
 46  0.
 47  0.
 48  0.
 49  0.
 50  0.
 51  0.
 52  0.
 53  0.
 54  0.
 55  0.
 56  0.
 57  0.
 58  0.
 59  0.
 60  0.
 61  0.
 62  0.
 63  0.
 64  0.
 65  0.
 66  0.
 67  0.
 68  0.
 69  0.
 70  0.
 71  0.
 72  0.
 73  0.
 74  0.
 75  0.
 76  0.
 77  0.
 78  0.
 79  0.
 80  0.
 81  0.
 82  0.
 83  0.
 84  0.
 85  0.
 86  0.
 87  0.
 88  0.
 89  0.
 90  0.
 91  0.
 92  0.
 93  0.
 94  0.
 95  0.
 96  0.
 97  0.
 98  0.
 99  0.
 100  0.
 101  0.
 102  0.
 103  0.
 104  0.
 105  0.
 106  0.
 107  0.
 108  0.
 109  0.
 110  0.
 111  0.
 112  0.
 113  0.
 114  0.
 115  0.
 116  0.
 117  0.
 118  0.
 119  0.
 120  0.
 121  0.
 122  0.
 123  0.
 124  0.
 125  0.
 126  0.
 127  0.
 128  0.
 129  0.
 130  0.
 131  0.
 132  0.
 133  0.
 134  0.
 135  0.
 136  0.
 137  0.
 138  0.
 139  0.
 140  0.
 141  0.
 142  0.
 143  0.
 144  0.
 145  0.
 146  0.
 147  0.
 148  0.
 149  0.
 150  0.
 151  0.
 152  0.
 153  0.
 154  0.
 155  0.
 156  0.
 157  0.
 158  0.
 159  0.
 160  0.
 161  0.
 162  0.
 163  0.
 164  0.
 165  0.
 166  0.
 167  0.
 168  0.
 169  0.
 170  0.
 171  0.
 172  0.
 173  0.
 174  0.
 175  0.
 176  0.
 177  0.
 178  0.
 179  0.
 180  0.
 181  0.
 182  0.
 183  0.
 184  0.
 185  0.
 186  0.
 187  0.
 188  0.
 189  0.
 190  0.
 191  0.
 192  0.
 193  0.
 194  0.
 195  0.
 196  0.
 197  0.
 198  0.
 199  0.
 200  0.
 201  0.
 202  0.
 203  0.
 204  0.
 205  0.
 206  0.
 207  0.
 208  0.
 209  0.
 210  0.
 211  0.
 212  0.
 213  0.
 214  0.
 215  0.
 216  0.
 217  0.
 218  0.
 219  0.
 220  0.
 221  0.
 222  0.
 223  0.
 224  0.
 225  0.
 226  0.
 227  0.
 228  0.
 229  0.
 230  0.
 231  0.
 232  0.
 233  0.
 234  0.
 235  0.
 236  0.
 237  0.
 238  0.
 239  0.
 240  0.
 241  0.
 242  0.
 243  0.
 244  0.
 245  0.
 246  0.
 247  0.
 248  0.
 249  0.
 250  0.
 251  0.
 252  0.
 253  0.
 254  0.
 255  0.
 256  0.
 257  0.
 258  0.
 259  0.
 260  0.
 261  0.
 262  0.
 263  0.
 264  0.
 265  0.
 266  0.
 267  0.
 268  0.
 269  0.
 270  0.
 271  0.
 272  0.
 273  0.
 274  0.
 275  0.
 276  0.
 277  0.
 278  0.
 279  0.
 280  0.
 281  0.
 282  0.
 283  0.
 284  0.
 285  0.
 286  0.
 287  0.
 288  0.
 289  0.
 290  0.
 291  0.
 292  0.
 293  0.
 294  0.
 295  0.
 296  0.
 297  0.
 298  0.
 299  0.
 300  0.
 301  0.
 302  0.
 303  0.
 304  0.
 305  0.
 306  0.
 307  0.
 308  0.
 309  0.
 310  0.
 311  0.
 312  0.
 313  0.
 314  0.
 315  0.
 316  0.
 317  0.
 318  0.
 319  0.
 320  0.
 321  0.
 322  0.
 323  0.
 324  0.
 325  0.
 326  0.
 327  0.
 328  0.
 329  0.
 330  0.
 331  0.
 332  0.
 333  0.
 334  0.
 335  0.
 336  0.
 337  0.
 338  0.
 339  0.
 340  0.
 341  0.
 342  0.
 343  0.
 344  0.
 345  0.
 346  0.
 347  0.
 348  0.
 349  0.
 350  0.
 351  0.
 352  0.
 353  0.
 354  0.
 355  0.
 356  0.
 357  0.
 358  0.
 359  0.
 360  0.
 361  0.
 362  0.
 363  0.
 364  0.
 365  0.
 366  0.
 367  0.
 368  0.
 369  0.
 370  0.
 371  0.
 372  0.
 373  0.
 374  0.
 375  0.
 376  0.
 377  0.
 378  0.
 379  0.
 380  0.
 381  0.
 382  0.
 383  0.
 384  0.
 385  0.
 386  0.
 387  0.
 388  0.
 389  0.
 390  0.
 391  0.
 392  0.
 393  0.
 394  0.
 395  0.
 396  0.
 397  0.
 398  0.
 399  0.
 400  0.
 401  0.
 402  0.
 403  0.
 404  0.
 405  0.
 406  0.
 407  0.
 408  0.
 409  0.
 410  0.
 411  0.
 412  0.
 413  0.
 414  0.
 415  0.
 416  0.
 417  0.
 418  0.
 419  0.
 420  0.
 421  0.
 422  0.
 423  0.
 424  0.
 425  0.
 426  0.
 427  0.
 428  0.
 429  0.
 430  0.
 431  0.
 432  0.
 433  0.
 434  0.
 435  0.
 436  0.
 437  0.
 438  0.
 439  0.
 440  0.
 441  0.
 442  0.
 443  0.
 444  0.
 445  0.
 446  0.
 447  0.
 448  0.
 449  0.
 450  0.
 451  0.
 452  0.
 453  0.
 454  0.
 455  0.
 456  0.
 457  0.
 458  0.
 459  0.
 460  0.
 461  0.
 462  0.
 463  0.
 464  0.
 465  0.
 466  0.
 467  0.
 468  0.
 469  0.
 470  0.
 471  0.
 472  0.
 473  0.
 474  0.
 475  0.
 476  0.
 477  0.
 478  0.
 479  0.
 480  0.
 481  0.
 482  0.
 483  0.
 484  0.
 485  0.
 486  0.
 487  0.
 488  0.
 489  0.
 490  0.
 491  0.
 492  0.
 493  0.
 494  0.
 495  0.
 496  0.
 497  0.
 498  0.
 499  0.
 500  0.

 1  0.
 2  0.
 3  0.
 4  0.
 5  0.
 6  0.
 7  0.
 8  0.
 9  0.
 10  0.
 11  0.
 12  0.
 13  0.
 14  0.
 15  0.
 16  0.
 17  0.
 18  0.
 19  0.
 20  0.
 21  0.
 22  0.
 23  0.
 24  0.
 25  0.
 26  0.
 27  0.
 28  0.
 29  0.
 30  0.
 31  0.
 32  0.
 33  0.
 34  0.
 35  0.
 36  0.
 37  0.
 38  0.
 39  0.
 40  0.
 41  0.
 42  0.
 43  0.
 44  0.
 45  0.
 46  0.
 47  0.
 48  0.
 49  0.
 50  0.
 51  0.
 52  0.
 53  0.
 54  0.
 55  0.
 56  0.
 57  0.
 58  0.
 59  0.
 60  0.
 61  0.
 62  0.
 63  0.
 64  0.
 65  0.
 66  0.
 67  0.
 68  0.
 69  0.
 70  0.
 71  0.
 72  0.
 73  0.
 74  0.
 75  0.
 76  0.
 77  0.
 78  0.
 79  0.
 80  0.
 81  0.
 82  0.
 83  0.
 84  0.
 85  0.
 86  0.
 87  0.
 88  0.
 89  0.
 90  0.
 91  0.
 92  0.
 93  0.
 94  0.
 95  0.
 96  0.
 97  0.
 98  0.
 99  0.
 100  0.
 101  0.
 102  0.
 103  0.
 104  0.
 105  0.
 106  0.
 107  0.
 108  0.
 109  0.
 110  0.
 111  0.
 112  0.
 113  0.
 114  0.
 115  0.
 116  0.
 117  0.
 118  0.
 119  0.
 120  0.
 121  0.
 122  0.
 123  0.
 124  0.
 125  0.
 126  0.
 127  0.
 128  0.
 129  0.
 130  0.
 131  0.
 132  0.
 133  0.
 134  0.
 135  0.
 136  0.
 137  0.
 138  0.
 139  0.
 140  0.
 141  0.
 142  0.
 143  0.
 144  0.
 145  0.
 146  0.
 147  0.
 148  0.
 149  0.
 150  0.
 151  0.
 152  0.
 153  0.
 154  0.
 155  0.
 156  0.
 157  0.
 158  0.
 159  0.
 160  0.
 161  0.
 162  0.
 163  0.
 164  0.
 165  0.
 166  0.
 167  0.
 168  0.
 169  0.
 170  0.
 171  0.
 172  0.
 173  0.
 174  0.
 175  0.
 176  0.
 177  0.
 178  0.
 179  0.
 180  0.
 181  0.
 182  0.
 183  0.
 184  0.
 185  0.
 186  0.
 187  0.
 188  0.
 189  0.
 190  0.
 191  0.
 192  0.
 193  0.
 194  0.
 195  0.
 196  0.
 197  0.
 198  0.
 199  0.
 200  0.
 201  0.
 202  0.
 203  0.
 204  0.
 205  0.
 206  0.
 207  0.
 208  0.
 209  0.
 210  0.
 211  0.
 212  0.
 213  0.
 214  0.
 215  0.
 216  0.
 217  0.
 218  0.
 219  0.
 220  0.
 221  0.
 222  0.
 223  0.
 224  0.
 225  0.
 226  0.
 227  0.
 228  0.
 229  0.
 230  0.
 231  0.
 232  0.
 233  0.
 234  0.
 235  0.
 236  0.
 237  0.
 238  0.
 239  0.
 240  0.
 241  0.
 242  0.
 243  0.
 244  0.
 245  0.
 246  0.
 247  0.
 248  0.
 249  0.
 250  0.
 251  0.
 252  0.
 253  0.
 254  0.
 255  0.
 256  0.
 257  0.
 258  0.
 259  0.
 260  0.
 261  0.
 262  0.
 263  0.
 264  0.
 265  0.
 266  0.
 267  0.
 268  0.
 269  0.
 270  0.
 271  0.
 272  0.
 273  0.
 274  0.
 275  0.
 276  0.
 277  0.
 278  0.
 279  0.
 280  0.
 281  0.
 282  0.
 283  0.
 284  0.
 285  0.
 286  0.
 287  0.
 288  0.
 289  0.
 290  0.
 291  0.
 292  0.
 293  0.
 294  0.
 295  0.
 296  0.
 297  0.
 298  0.
 299  0.
 300  0.
 301  0.
 302  0.
 303  0.
 304  0.
 305  0.
 306  0.
 307  0.
 308  0.
 309  0.
 310  0.
 311  0.
 312  0.
 313  0.
 314  0.
 315  0.
 316  0.
 317  0.
 318  0.
 319  0.
 320  0.
 321  0.
 322  0.
 323  0.
 324  0.
 325  0.
 326  0.
 327  0.
 328  0.
 329  0.
 330  0.
 331  0.
 332  0.
 333  0.
 334  0.
 335  0.
 336  0.
 337  0.
 338  0.
 339  0.
 340  0.
 341  0.
 342  0.
 343  0.
 344  0.
 345  0.
 346  0.
 347  0.
 348  0.
 349  0.
 350  0.
 351  0.
 352  0.
 353  0.
 354  0.
 355  0.
 356  0.
 357  0.
 358  0.
 359  0.
 360  0.
 361  0.
 362  0.
 363  0.
 364  0.
 365  0.
 366  0.
 367  0.
 368  0.
 369  0.
 370  0.
 371  0.
 372  0.
 373  0.
 374  0.
 375  0.
 376  0.
 377  0.
 378  0.
 379  0.
 380  0.
 381  0.
 382  0.
 383  0.
 384  0.
 385  0.
 386  0.
 387  0.
 388  0.
 389  0.
 390  0.
 391  0.
 392  0.
 393  0.
 394  0.
 395  0.
 396  0.
 397  0.
 398  0.
 399  0.
 400  0.
 401  0.
 402  0.
 403  0.
 404  0.
 405  0.
 406  0.
 407  0.
 408  0.
 409  0.
 410  0.
 411  0.
 412  0.
 413  0.
 414  0.
 415  0.
 416  0.
 417  0.
 418  0.
 419  0.
 420  0.
 421  0.
 422  0.
 423  0.
 424  0.
 425  0.
 426  0.
 427  0.
 428  0.
 429  0.
 430  0.
 431  0.
 432  0.
 433  0.
 434  0.
 435  0.
 436  0.
 437  0.
 438  0.
 439  0.
 440  0.
 441  0.
 442  0.
 443  0.
 444  0.
 445  0.
 446  0.
 447  0.
 448  0.
 449  0.
 450  0.
 451  0.
 452  0.
 453  0.
 454  0.
 455  0.
 456  0.
 457  0.
 458  0.
 459  0.
 460  0.
 461  0.
 462  0.
 463  0.
 464  0.
 465  0.
 466  0.
 467  0.
 468  0.
 469  0.
 470  0.
 471  0.
 472  0.
 473  0.
 474  0.
 475  0.
 476  0.
 477  0.
 478  0.
 479  0.
 480  0.
 481  0.
 482  0.
 483  0.
 484  0.
 485  0.
 486  0.
 487  0.
 488  0.
 489  0.
 490  0.
 491  0.
 492  0.
 493  0.
 494  0.
 495  0.
 496  0.
 497  0.
 498  0.
 499  0.
 500  0.

 1  0.
 2  0.
 3  0.
 4  0.
 5  0.
 6  0.
 7  0.
 8  0.
 9  0.
 10  0.
 11  0.
 12  0.
 13  0.
 14  0.
 15  0.
 16  0.
 17  0.
 18  0.
 19  0.
 20  0.
 21  0.
 22  0.
 23  0.
 24  0.
 25  0.
 26  0.
 27  0.
 28  0.
 29  0.
 30  0.
 31  0.
 32  0.
 33  0.
 34  0.
 35  0.
 36  0.
 37  0.
 38  0.
 39  0.
 40  0.
 41  0.
 42  0.
 43  0.
 44  0.
 45  0.
 46  0.
 47  0.
 48  0.
 49  0.
 50  0.
 51  0.
 52  0.
 53  0.
 54  0.
 55  0.
 56  0.
 57  0.
 58  0.
 59  0.
 60  0.
 61  0.
 62  0.
 63  0.
 64  0.
 65  0.
 66  0.
 67  0.
 68  0.
 69  0.
 70  0.
 71  0.
 72  0.
 73  0.
 74  0.
 75  0.
 76  0.
 77  0.
 78  0.
 79  0.
 80  0.
 81  0.
 82  0.
 83  0.
 84  0.
 85  0.
 86  0.
 87  0.
 88  0.
 89  0.
 90  0.
 91  0.
 92  0.
 93  0.
 94  0.
 95  0.
 96  0.
 97  0.
 98  0.
 99  0.
 100  0.
 101  0.
 102  0.
 103  0.
 104  0.
 105  0.
 106  0.
 107  0.
 108  0.
 109  0.
 110  0.
 111  0.
 112  0.
 113  0.
 114  0.
 115  0.
 116  0.
 117  0.
 118  0.
 119  0.
 120  0.
 121  0.
 122  0.
 123  0.
 124  0.
 125  0.
 126  0.
 127  0.
 128  0.
 129  0.
 130  0.
 131  0.
 132  0.
 133  0.
 134  0.
 135  0.
 136  0.
 137  0.
 138  0.
 139  0.
 140  0.
 141  0.
 142  0.
 143  0.
 144  0.
 145  0.
 146  0.
 147  0.
 148  0.
 149  0.
 150  0.
 151  0.
 152  0.
 153  0.
 154  0.
 155  0.
 156  0.
 157  0.
 158  0.
 159  0.
 160  0.
 161  0.
 162  0.
 163  0.
 164  0.
 165  0.
 166  0.
 167  0.
 168  0.
 169  0.
 170  0.
 171  0.
 172  0.
 173  0.
 174  0.
 175  0.
 176  0.
 177  0.
 178  0.
 179  0.
 180  0.
 181  0.
 182  0.
 183  0.
 184  0.
 185  0.
 186  0.
 187  0.
 188  0.
 189  0.
 190  0.
 191  0.
 192  0.
 193  0.
 194  0.
 195  0.
 196  0.
 197  0.
 198  0.
 199  0.
 200  0.
 201  0.
 202  0.
 203  0.
 204  0.
 205  0.
 206  0.
 207  0.
 208  0.
 209  0.
 210  0.
 211  0.
 212  0.
 213  0.
 214  0.
 215  0.
 216  0.
 217  0.
 218  0.
 219  0.
 220  0.
 221  0.
 222  0.
 223  0.
 224  0.
 225  0.
 226  0.
 227  0.
 228  0.
 229  0.
 230  0.
 231  0.
 232  0.
 233  0.
 234  0.
 235  0.
 236  0.
 237  0.
 238  0.
 239  0.
 240  0.
 241  0.
 242  0.
 243  0.
 244  0.
 245  0.
 246  0.
 247  0.
 248  0.
 249  0.
 250  0.
 251  0.
 252  0.
 253  0.
 254  0.
 255  0.
 256  0.
 257  0.
 258  0.
 259  0.
 260  0.
 261  0.
 262  0.
 263  0.
 264  0.
 265  0.
 266  0.
 267  0.
 268  0.
 269  0.
 270  0.
 271  0.
 272  0.
 273  0.
 274  0.
 275  0.
 276  0.
 277  0.
 278  0.
 279  0.
 280  0.
 281  0.
 282  0.
 283  0.
 284  0.
 285  0.
 286  0.
 287  0.
 288  0.
 289  0.
 290  0.
 291  0.
 292  0.
 293  0.
 294  0.
 295  0.
 296  0.
 297  0.
 298  0.
 299  0.
 300  0.
 301  0.
 302  0.
 303  0.
 304  0.
 305  0.
 306  0.
 307  0.
 308  0.
 309  0.
 310  0.
 311  0.
 312  0.
 313  0.
 314  0.
 315  0.
 316  0.
 317  0.
 318  0.
 319  0.
 320  0.
 321  0.
 322  0.
 323  0.
 324  0.
 325  0.
 326  0.
 327  0.
 328  0.
 329  0.
 330  0.
 331  0.
 332  0.
 333  0.
 334  0.
 335  0.
 336  0.
 337  0.
 338  0.
 339  0.
 340  0.
 341  0.
 342  0.
 343  0.
 344  0.
 345  0.
 346  0.
 347  0.
 348  0.
 349  0.
 350  0.
 351  0.
 352  0.
 353  0.
 354  0.
 355  0.
 356  0.
 357  0.
 358  0.
 359  0.
 360  0.
 361  0.
 362  0.
 363  0.
 364  0.
 365  0.
 366  0.
 367  0.
 368  0.
 369  0.
 370  0.
 371  0.
 372  0.
 373  0.
 374  0.
 375  0.
 376  0.
 377  0.
 378  0.
 379  0.
 380  0.
 381  0.
 382  0.
 383  0.
 384  0.
 385  0.
 386  0.
 387  0.
 388  0.
 389  0.
 390  0.
 391  0.
 392  0.
 393  0.
 394  0.
 395  0.
 396  0.
 397  0.
 398  0.
 399  0.
 400  0.
 401  0.
 402  0.
 403  0.
 404  0.
 405  0.
 406  0.
 407  0.
 408  0.
 409  0.
 410  0.
 411  0.
 412  0.
 413  0.
 414  0.
 415  0.
 416  0.
 417  0.
 418  0.
 419  0.
 420  0.
 421  0.
 422  0.
 423  0.
 424  0.
 425  0.
 426  0.
 427  0.
 428  0.
 429  0.
 430  0.
 431  0.
 432  0.
 433  0.
 434  0.
 435  0.
 436  0.
 437  0.
 438  0.
 439  0.
 440  0.
 441  0.
 442  0.
 443  0.
 444  0.
 445  0.
 446  0.
 447  0.
 448  0.
 449  0.
 450  0.
 451  0.
 452  0.
 453  0.
 454  0.
 455  0.
 456  0.
 457  0.
 458  0.
 459  0.
 460  0.
 461  0.
 462  0.
 463  0.
 464  0.
 465  0.
 466  0.
 467  0.
 468  0.
 469  0.
 470  0.
 471  0.
 472  0.
 473  0.
 474  0.
 475  0.
 476  0.
 477  0.
 478  0.
 479  0.
 480  0.
 481  0.
 482  0.
 483  0.
 484  0.
 485  0.
 486  0.
 487  0.
 488  0.
 489  0.
 490  0.
 491  0.
 492  0.
 493  0.
 494  0.
 495  0.
 496  0.
 497  0.
 498  0.
 499  0.
 500  0.

 1  0.
 2  0.
 3  0.
 4  0.
 5  0.
 6  0.
 7  0.
 8  0.
 9  0.
 10  0.
 11  0.
 12  0.
 13  0.
 14  0.
 15  0.
 16  0.
 17  0.
 18  0.
 19  0.
 20  0.
 21  0.
 22  0.
 23  0.
 24  0.
 25  0.
 26  0.
 27  0.
 28  0.
 29  0.
 30  0.
 31  0.
 32  0.
 33  0.
 34  0.
 35  0.
 36  0.
 37  0.
 38  0.
 39  0.
 40  0.
 41  0.
 42  0.
 43  0.
 44  0.
 45  0.
 46  0.
 47  0.
 48  0.
 49  0.
 50  0.
 51  0.
 52  0.
 53  0.
 54  0.
 55  0.
 56  0.
 57  0.
 58  0.
 59  0.
 60  0.
 61  0.
 62  0.
 63  0.
 64  0.
 65  0.
 66  0.
 67  0.
 68  0.
 69  0.
 70  0.
 71  0.
 72  0.
 73  0.
 74  0.
 75  0.
 76  0.
 77  0.
 78  0.
 79  0.
 80  0.
 81  0.
 82  0.
 83  0.
 84  0.
 85  0.
 86  0.
 87  0.
 88  0.
 89  0.
 90  0.
 91  0.
 92  0.
 93  0.
 94  0.
 95  0.
 96  0.
 97  0.
 98  0.
 99  0.
 100  0.
 101  0.
 102  0.
 103  0.
 104  0.
 105  0.
 106  0.
 107  0.
 108  0.
 109  0.
 110  0.
 111  0.
 112  0.
 113  0.
 114  0.
 115  0.
 116  0.
 117  0.
 118  0.
 119  0.
 120  0.
 121  0.
 122  0.
 123  0.
 124  0.
 125  0.
 126  0.
 127  0.
 128  0.
 129  0.
 130  0.
 131  0.
 132  0.
 133  0.
 134  0.
 135  0.
 136  0.
 137  0.
 138  0.
 139  0.
 140  0.
 141  0.
 142  0.
 143  0.
 144  0.
 145  0.
 146  0.
 147  0.
 148  0.
 149  0.
 150  0.
 151  0.
 152  0.
 153  0.
 154  0.
 155  0.
 156  0.
 157  0.
 158  0.
 159  0.
 160  0.
 161  0.
 162  0.
 163  0.
 164  0.
 165  0.
 166  0.
 167  0.
 168  0.
 169  0.
 170  0.
 171  0.
 172  0.
 173  0.
 174  0.
 175  0.
 176  0.
 177  0.
 178  0.
 179  0.
 180  0.
 181  0.
 182  0.
 183  0.
 184  0.
 185  0.
 186  0.
 187  0.
 188  0.
 189  0.
 190  0.
 191  0.
 192  0.
 193  0.
 194  0.
 195  0.
 196  0.
 197  0.
 198  0.
 199  0.
 200  0.
 201  0.
 202  0.
 203  0.
 204  0.
 205  0.
 206  0.
 207  0.
 208  0.
 209  0.
 210  0.
 211  0.
 212  0.
 213  0.
 214  0.
 215  0.
 216  0.
 217  0.
 218  0.
 219  0.
 220  0.
 221  0.
 222  0.
 223  0.
 224  0.
 225  0.
 226  0.
 227  0.
 228  0.
 229  0.
 230  0.
 231  0.
 232  0.
 233  0.
 234  0.
 235  0.
 236  0.
 237  0.
 238  0.
 239  0.
 240  0.
 241  0.
 242  0.
 243  0.
 244  0.
 245  0.
 246  0.
 247  0.
 248  0.
 249  0.
 250  0.
 251  0.
 252  0.
 253  0.
 254  0.
 255  0.
 256  0.
 257  0.
 258  0.
 259  0.
 260  0.
 261  0.
 262  0.
 263  0.
 264  0.
 265  0.
 266  0.
 267  0.
 268  0.
 269  0.
 270  0.
 271  0.
 272  0.
 273  0.
 274  0.
 275  0.
 276  0.
 277  0.
 278  0.
 279  0.
 280  0.
 281  0.
 282  0.
 283  0.
 284  0.
 285  0.
 286  0.
 287  0.
 288  0.
 289  0.
 290  0.
 291  0.
 292  0.
 293  0.
 294  0.
 295  0.
 296  0.
 297  0.
 298  0.
 299  0.
 300  0.
 301  0.
 302  0.
 303  0.
 304  0.
 305  0.
 306  0.
 307  0.
 308  0.
 309  0.
 310  0.
 311  0.
 312  0.
 313  0.
 314  0.
 315  0.
 316  0.
 317  0.
 318  0.
 319  0.
 320  0.
 321  0.
 322  0.
 323  0.
 324  0.
 325  0.
 326  0.
 327  0.
 328  0.
 329  0.
 330  0.
 331  0.
 332  0.
 333  0.
 334  0.
 335  0.
 336  0.
 337  0.
 338  0.
 339  0.
 340  0.
 341  0.
 342  0.
 343  0.
 344  0.
 345  0.
 346  0.
 347  0.
 348  0.
 349  0.
 350  0.
 351  0.
 352  0.
 353  0.
 354  0.
 355  0.
 356  0.
 357  0.
 358  0.
 359  0.
 360  0.
 361  0.
 362  0.
 363  0.
 364  0.
 365  0.
 366  0.
 367  0.
 368  0.
 369  0.
 370  0.
 371  0.
 372  0.
 373  0.
 374  0.
 375  0.
 376  0.
 377  0.
 378  0.
 379  0.
 380  0.
 381  0.
 382  0.
 383  0.
 384  0.
 385  0.
 386  0.
 387  0.
 388  0.
 389  0.
 390  0.
 391  0.
 392  0.
 393  0.
 394  0.
 395  0.
 396  0.
 397  0.
 398  0.
 399  0.
 400  0.
 401  0.
 402  0.
 403  0.
 404  0.
 405  0.
 406  0.
 407  0.
 408  0.
 409  0.
 410  0.
 411  0.
 412  0.
 413  0.
 414  0.
 415  0.
 416  0.
 417  0.
 418  0.
 419  0.
 420  0.
 421  0.
 422  0.
 423  0.
 424  0.
 425  0.
 426  0.
 427  0.
 428  0.
 429  0.
 430  0.
 431  0.
 432  0.
 433  0.
 434  0.
 435  0.
 436  0.
 437  0.
 438  0.
 439  0.
 440  0.
 441  0.
 442  0.
 443  0.
 444  0.
 445  0.
 446  0.
 447  0.
 448  0.
 449  0.
 450  0.
 451  0.
 452  0.
 453  0.
 454  0.
 455  0.
 456  0.
 457  0.
 458  0.
 459  0.
 460  0.
 461  0.
 462  0.
 463  0.
 464  0.
 465  0.
 466  0.
 467  0.
 468  0.
 469  0.
 470  0.
 471  0.
 472  0.
 473  0.
 474  0.
 475  0.
 476  0.
 477  0.
 478  0.
 479  0.
 480  0.
 481  0.
 482  0.
 483  0.
 484  0.
 485  0.
 486  0.
 487  0.
 488  0.
 489  0.
 490  0.
 491  0.
 492  0.
 493  0.
 494  0.
 495  0.
 496  0.
 497  0.
 498  0.
 499  0.
 500  0.

 1  0.
 2  0.
 3  0.
 4  0.
 5  0.
 6  0.
 7  0.
 8  0.
 9  0.
 10  0.
 11  0.
 12  0.
 13  0.
 14  0.
 15  0.
 16  0.
 17  0.
 18  0.
 19  0.
 20  0.
 21  0.
 22  0.
 23  0.
 24  0.
 25  0.
 26  0.
 27  0.
 28  0.
 29  0.
 30  0.
 31  0.
 32  0.
 33  0.
 34  0.
 35  0.
 36  0.
 37  0.
 38  0.
 39  0.
 40  0.
 41  0.
 42  0.
 43  0.
 44  0.
 45  0.
 46  0.
 47  0.
 48  0.
 49  0.
 50  0.
 51  0.
 52  0.
 53  0.
 54  0.
 55  0.
 56  0.
 57  0.
 58  0.
 59  0.
 60  0.
 61  0.
 62  0.
 63  0.
 64  0.
 65  0.
 66  0.
 67  0.
 68  0.
 69  0.
 70  0.
 71  0.
 72  0.
 73  0.
 74  0.
 75  0.
 76  0.
 77  0.
 78  0.
 79  0.
 80  0.
 81  0.
 82  0.
 83  0.
 84  0.
 85  0.
 86  0.
 87  0.
 88  0.
 89  0.
 90  0.
 91  0.
 92  0.
 93  0.
 94  0.
 95  0.
 96  0.
 97  0.
 98  0.
 99  0.
 100  0.
 101  0.
 102  0.
 103  0.
 104  0.
 105  0.
 106  0.
 107  0.
 108  0.
 109  0.
 110  0.
 111  0.
 112  0.
 113  0.
 114  0.
 115  0.
 116  0.
 117  0.
 118  0.
 119  0.
 120  0.
 121  0.
 122  0.
 123  0.
 124  0.
 125  0.
 126  0.
 127  0.
 128  0.
 129  0.
 130  0.
 131  0.
 132  0.
 133  0.
 134  0.
 135  0.
 136  0.
 137  0.
 138  0.
 139  0.
 140  0.
 141  0.
 142  0.
 143  0.
 144  0.
 145  0.
 146  0.
 147  0.
 148  0.
 149  0.
 150  0.
 151  0.
 152  0.
 153  0.
 154  0.
 155  0.
 156  0.
 157  0.
 158  0.
 159  0.
 160  0.
 161  0.
 162  0.
 163  0.
 164  0.
 165  0.
 166  0.
 167  0.
 168  0.
 169  0.
 170  0.
 171  0.
 172  0.
 173  0.
 174  0.
 175  0.
 176  0.
 177  0.
 178  0.
 179  0.
 180  0.
 181  0.
 182  0.
 183  0.
 184  0.
 185  0.
 186  0.
 187  0.
 188  0.
 189  0.
 190  0.
 191  0.
 192  0.
 193  0.
 194  0.
 195  0.
 196  0.
 197  0.
 198  0.
 199  0.
 200  0.
 201  0.
 202  0.
 203  0.
 204  0.
 205  0.
 206  0.
 207  0.
 208  0.
 209  0.
 210  0.
 211  0.
 212  0.
 213  0.
 214  0.
 215  0.
 216  0.
 217  0.
 218  0.
 219  0.
 220  0.
 221  0.
 222  0.
 223  0.
 224  0.
 225  0.
 226  0.
 227  0.
 228  0.
 229  0.
 230  0.
 231  0.
 232  0.
 233  0.
 234  0.
 235  0.
 236  0.
 237  0.
 238  0.
 239  0.
 240  0.
 241  0.
 242  0.
 243  0.
 244  0.
 245  0.
 246  0.
 247  0.
 248  0.
 249  0.
 250  0.
 251  0.
 252  0.
 253  0.
 254  0.
 255  0.
 256  0.
 257  0.
 258  0.
 259  0.
 260  0.
 261  0.
 262  0.
 263  0.
 264  0.
 265  0.
 266  0.
 267  0.
 268  0.
 269  0.
 270  0.
 271  0.
 272  0.
 273  0.
 274  0.
 275  0.
 276  0.
 277  0.
 278  0.
 279  0.
 280  0.
 281  0.
 282  0.
 283  0.
 284  0.
 285  0.
 286  0.
 287  0.
 288  0.
 289  0.
 290  0.
 291  0.
 292  0.
 293  0.
 294  0.
 295  0.
 296  0.
 297  0.
 298  0.
 299  0.
 300  0.
 301  0.
 302  0.
 303  0.
 304  0.
 305  0.
 306  0.
 307  0.
 308  0.
 309  0.
 310  0.
 311  0.
 312  0.
 313  0.
 314  0.
 315  0.
 316  0.
 317  0.
 318  0.
 319  0.
 320  0.
 321  0.
 322  0.
 323  0.
 324  0.
 325  0.
 326  0.
 327  0.
 328  0.
 329  0.
 330  0.
 331  0.
 332  0.
 333  0.
 334  0.
 335  0.
 336  0.
 337  0.
 338  0.
 339  0.
 340  0.
 341  0.
 342  0.
 343  0.
 344  0.
 345  0.
 346  0.
 347  0.
 348  0.
 349  0.
 350  0.
 351  0.
 352  0.
 353  0.
 354  0.
 355  0.
 356  0.
 357  0.
 358  0.
 359  0.
 360  0.
 361  0.
 362  0.
 363  0.
 364  0.
 365  0.
 366  0.
 367  0.
 368  0.
 369  0.
 370  0.
 371  0.
 372  0.
 373  0.
 374  0.
 375  0.
 376  0.
 377  0.
 378  0.
 379  0.
 380  0.
 381  0.
 382  0.
 383  0.
 384  0.
 385  0.
 386  0.
 387  0.
 388  0.
 389  0.
 390  0.
 391  0.
 392  0.
 393  0.
 394  0.
 395  0.
 396  0.
 397  0.
 398  0.
 399  0.
 400  0.
 401  0.
 402  0.
 403  0.
 404  0.
 405  0.
 406  0.
 407  0.
 408  0.
 409  0.
 410  0.
 411  0.
 412  0.
 413  0.
 414  0.
 415  0.
 416  0.
 417  0.
 418  0.
 419  0.
 420  0.
 421  0.
 422  0.
 423  0.
 424  0.
 425  0.
 426  0.
 427  0.
 428  0.
 429  0.
 430  0.
 431  0.
 432  0.
 433  0.
 434  0.
 435  0.
 436  0.
 437  0.
 438  0.
 439  0.
 440  0.
 441  0.
 442  0.
 443  0.
 444  0.
 445  0.
 446  0.
 447  0.
 448  0.
 449  0.
 450  0.
 451  0.
 452  0.
 453  0.
 454  0.
 455  0.
 456  0.
 457  0.
 458  0.
 459  0.
 460  0.
 461  0.
 462  0.
 463  0.
 464  0.
 465  0.
 466  0.
 467  0.
 468  0.
 469  0.
 470  0.
 471  0.
 472  0.
 473  0.
 474  0.
 475  0.
 476  0.
 477  0.
 478  0.
 479  0.
 480  0.
 481  0.
 482  0.
 483  0.
 484  0.
 485  0.
 486  0.
 487  0.
 488  0.
 489  0.
 490  0.
 491  0.
 492  0.
 493  0.
 494  0.
 495  0.
 496  0.
 497  0.
 498  0.
 499  0.
 500  0.

 1  0.
 2  0.
 3  0.
 4  0.
 5  0.
 6  0.
 7  0.
 8  0.
 9  0.
 10  0.
 11  0.
 12  0.
 13  0.
 14  0.
 15  0.
 16  0.
 17  0.
 18  0.
 19  0.
 20  0.
 21  0.
 22  0.
 23  0.
 24  0.
 25  0.
 26  0.
 27  0.
 28  0.
 29  0.
 30  0.
 31  0.
 32  0.
 33  0.
 34  0.
 35  0.
 36  0.
 37  0.
 38  0.
 39  0.
 40  0.
 41  0.
 42  0.
 43  0.
 44  0.
 45  0.
 46  0.
 47  0.
 48  0.
 49  0.
 50  0.
 51  0.
 52  0.
 53  0.
 54  0.
 55  0.
 56  0.
 57  0.
 58  0.
 59  0.
 60  0.
 61  0.
 62  0.
 63  0.
 64  0.
 65  0.
 66  0.
 67  0.
 68  0.
 69  0.
 70  0.
 71  0.
 72  0.
 73  0.
 74  0.
 75  0.
 76  0.
 77  0.
 78  0.
 79  0.
 80  0.
 81  0.
 82  0.
 83  0.
 84  0.
 85  0.
 86  0.
 87  0.
 88  0.
 89  0.
 90  0.
 91  0.
 92  0.
 93  0.
 94  0.
 95  0.
 96  0.
 97  0.
 98  0.
 99  0.
 100  0.
 101  0.
 102  0.
 103  0.
 104  0.
 105  0.
 106  0.
 107  0.
 108  0.
 109  0.
 110  0.
 111  0.
 112  0.
 113  0.
 114  0.
 115  0.
 116  0.
 117  0.
 118  0.
 119  0.
 120  0.
 121  0.
 122  0.
 123  0.
 124  0.
 125  0.
 126  0.
 127  0.
 128  0.
 129  0.
 130  0.
 131  0.
 132  0.
 133  0.
 134  0.
 135  0.
 136  0.
 137  0.
 138  0.
 139  0.
 140  0.
 141  0.
 142  0.
 143  0.
 144  0.
 145  0.
 146  0.
 147  0.
 148  0.
 149  0.
 150  0.
 151  0.
 152  0.
 153  0.
 154  0.
 155  0.
 156  0.
 157  0.
 158  0.
 159  0.
 160  0.
 161  0.
 162  0.
 163  0.
 164  0.
 165  0.
 166  0.
 167  0.
 168  0.
 169  0.
 170  0.
 171  0.
 172  0.
 173  0.
 174  0.
 175  0.
 176  0.
 177  0.
 178  0.
 179  0.
 180  0.
 181  0.
 182  0.
 183  0.
 184  0.
 185  0.
 186  0.
 187  0.
 188  0.
 189  0.
 190  0.
 191  0.
 192  0.
 193  0.
 194  0.
 195  0.
 196  0.
 197  0.
 198  0.
 199  0.
 200  0.
 201  0.
 202  0.
 203  0.
 204  0.
 205  0.
 206  0.
 207  0.
 208  0.
 209  0.
 210  0.
 211  0.
 212  0.
 213  0.
 214  0.
 215  0.
 216  0.
 217  0.
 218  0.
 219  0.
 220  0.
 221  0.
 222  0.
 223  0.
 224  0.
 225  0.
 226  0.
 227  0.
 228  0.
 229  0.
 230  0.
 231  0.
 232  0.
 233  0.
 234  0.
 235  0.
 236  0.
 237  0.
 238  0.
 239  0.
 240  0.
 241  0.
 242  0.
 243  0.
 244  0.
 245  0.
 246  0.
 247  0.
 248  0.
 249  0.
 250  0.
 251  0.
 252  0.
 253  0.
 254  0.
 255  0.
 256  0.
 257  0.
 258  0.
 259  0.
 260  0.
 261  0.
 262  0.
 263  0.
 264  0.
 265  0.
 266  0.
 267  0.
 268  0.
 269  0.
 270  0.
 271  0.
 272  0.
 273  0.
 274  0.
 275  0.
 276  0.
 277  0.
 278  0.
 279  0.
 280  0.
 281  0.
 282  0.
 283  0.
 284  0.
 285  0.
 286  0.
 287  0.
 288  0.
 289  0.
 290  0.
 291  0.
 292  0.
 293  0.
 294  0.
 295  0.
 296  0.
 297  0.
 298  0.
 299  0.
 300  0.
 301  0.
 302  0.
 303  0.
 304  0.
 305  0.
 306  0.
 307  0.
 308  0.
 309  0.
 310  0.
 311  0.
 312  0.
 313  0.
 314  0.
 315  0.
 316  0.
 317  0.
 318  0.
 319  0.
 320  0.
 321  0.
 322  0.
 323  0.
 324  0.
 325  0.
 326  0.
 327  0.
 328  0.
 329  0.
 330  0.
 331  0.
 332  0.
 333  0.
 334  0.
 335  0.
 336  0.
 337  0.
 338  0.
 339  0.
 340  0.
 341  0.
 342  0.
 343  0.
 344  0.
 345  0.
 346  0.
 347  0.
 348  0.
 349  0.
 350  0.
 351  0.
 352  0.
 353  0.
 354  0.
 355  0.
 356  0.
 357  0.
 358  0.
 359  0.
 360  0.
 361  0.
 362  0.
 363  0.
 364  0.
 365  0.
 366  0.
 367  0.
 368  0.
 369  0.
 370  0.
 371  0.
 372  0.
 373  0.
 374  0.
 375  0.
 376  0.
 377  0.
 378  0.
 379  0.
 380  0.
 381  0.
 382  0.
 383  0.
 384  0.
 385  0.
 386  0.
 387  0.
 388  0.
 389  0.
 390  0.
 391  0.
 392  0.
 393  0.
 394  0.
 395  0.
 396  0.
 397  0.
 398  0.
 399  0.
 400  0.
 401  0.
 402  0.
 403  0.
 404  0.
 405  0.
 406  0.
 407  0.
 408  0.
 409  0.
 410  0.
 411  0.
 412  0.
 413  0.
 414  0.
 415  0.
 416  0.
 417  0.
 418  0.
 419  0.
 420  0.
 421  0.
 422  0.
 423  0.
 424  0.
 425  0.
 426  0.
 427  0.
 428  0.
 429  0.
 430  0.
 431  0.
 432  0.
 433  0.
 434  0.
 435  0.
 436  0.
 437  0.
 438  0.
 439  0.
 440  0.
 441  0.
 442  0.
 443  0.
 444  0.
 445  0.
 446  0.
 447  0.
 448  0.
 449  0.
 450  0.
 451  0.
 452  0.
 453  0.
 454  0.
 455  0.
 456  0.
 457  0.
 458  0.
 459  0.
 460  0.
 461  0.
 462  0.
 463  0.
 464  0.
 465  0.
 466  0.
 467  0.
 468  0.
 469  0.
 470  0.
 471  0.
 472  0.
 473  0.
 474  0.
 475  0.
 476  0.
 477  0.
 478  0.
 479  0.
 480  0.
 481  0.
 482  0.
 483  0.
 484  0.
 485  0.
 486  0.
 487  0.
 488  0.
 489  0.
 490  0.
 491  0.
 492  0.
 493  0.
 494  0.
 495  0.
 496  0.
 497  0.
 498  0.
 499  0.
 500  0.

 1  0.
 2  0.
 3  0.
 4  0.
 5  0.
 6  0.
 7  0.
 8  0.
 9  0.
 10  0.
 11  0.
 12  0.
 13  0.
 14  0.
 15  0.
 16  0.
 17  0.
 18  0.
 19  0.
 20  0.
 21  0.
 22  0.
 23  0.
 24  0.
 25  0.
 26  0.
 27  0.
 28  0.
 29  0.
 30  0.
 31  0.
 32  0.
 33  0.
 34  0.
 35  0.
 36  0.
 37  0.
 38  0.
 39  0.
 40  0.
 41  0.
 42  0.
 43  0.
 44  0.
 45  0.
 46  0.
 47  0.
 48  0.
 49  0.
 50  0.
 51  0.
 52  0.
 53  0.
 54  0.
 55  0.
 56  0.
 57  0.
 58  0.
 59  0.
 60  0.
 61  0.
 62  0.
 63  0.
 64  0.
 65  0.
 66  0.
 67  0.
 68  0.
 69  0.
 70  0.
 71  0.
 72  0.
 73  0.
 74  0.
 75  0.
 76  0.
 77  0.
 78  0.
 79  0.
 80  0.
 81  0.
 82  0.
 83  0.
 84  0.
 85  0.
 86  0.
 87  0.
 88  0.
 89  0.
 90  0.
 91  0.
 92  0.
 93  0.
 94  0.
 95  0.
 96  0.
 97  0.
 98  0.
 99  0.
 100  0.
 101  0.
 102  0.
 103  0.
 104  0.
 105  0.
 106  0.
 107  0.
 108  0.
 109  0.
 110  0.
 111  0.
 112  0.
 113  0.
 114  0.
 115  0.
 116  0.
 117  0.
 118  0.
 119  0.
 120  0.
 121  0.
 122  0.
 123  0.
 124  0.
 125  0.
 126  0.
 127  0.
 128  0.
 129  0.
 130  0.
 131  0.
 132  0.
 133  0.
 134  0.
 135  0.
 136  0.
 137  0.
 138  0.
 139  0.
 140  0.
 141  0.
 142  0.
 143  0.
 144  0.
 145  0.
 146  0.
 147  0.
 148  0.
 149  0.
 150  0.
 151  0.
 152  0.
 153  0.
 154  0.
 155  0.
 156  0.
 157  0.
 158  0.
 159  0.
 160  0.
 161  0.
 162  0.
 163  0.
 164  0.
 165  0.
 166  0.
 167  0.
 168  0.
 169  0.
 170  0.
 171  0.
 172  0.
 173  0.
 174  0.
 175  0.
 176  0.
 177  0.
 178  0.
 179  0.
 180  0.
 181  0.
 182  0.
 183  0.
 184  0.
 185  0.
 186  0.
 187  0.
 188  0.
 189  0.
 190  0.
 191  0.
 192  0.
 193  0.
 194  0.
 195  0.
 196  0.
 197  0.
 198  0.
 199  0.
 200  0.
 201  0.
 202  0.
 203  0.
 204  0.
 205  0.
 206  0.
 207  0.
 208  0.
 209  0.
 210  0.
 211  0.
 212  0.
 213  0.
 214  0.
 215  0.
 216  0.
 217  0.
 218  0.
 219  0.
 220  0.
 221  0.
 222  0.
 223  0.
 224  0.
 225  0.
 226  0.
 227  0.
 228  0.
 229  0.
 230  0.
 231  0.
 232  0.
 233  0.
 234  0.
 235  0.
 236  0.
 237  0.
 238  0.
 239  0.
 240  0.
 241  0.
 242  0.
 243  0.
 244  0.
 245  0.
 246  0.
 247  0.
 248  0.
 249  0.
 250  0.
 251  0.
 252  0.
 253  0.
 254  0.
 255  0.
 256  0.
 257  0.
 258  0.
 259  0.
 260  0.
 261  0.
 262  0.
 263  0.
 264  0.
 265  0.
 266  0.
 267  0.
 268  0.
 269  0.
 270  0.
 271  0.
 272  0.
 273  0.
 274  0.
 275  0.
 276  0.
 277  0.
 278  0.
 279  0.
 280  0.
 281  0.
 282  0.
 283  0.
 284  0.
 285  0.
 286  0.
 287  0.
 288  0.
 289  0.
 290  0.
 291  0.
 292  0.
 293  0.
 294  0.
 295  0.
 296  0.
 297  0.
 298  0.
 299  0.
 300  0.
 301  0.
 302  0.
 303  0.
 304  0.
 305  0.
 306  0.
 307  0.
 308  0.
 309  0.
 310  0.
 311  0.
 312  0.
 313  0.
 314  0.
 315  0.
 316  0.
 317  0.
 318  0.
 319  0.
 320  0.
 321  0.
 322  0.
 323  0.
 324  0.
 325  0.
 326  0.
 327  0.
 328  0.
 329  0.
 330  0.
 331  0.
 332  0.
 333  0.
 334  0.
 335  0.
 336  0.
 337  0.
 338  0.
 339  0.
 340  0.
 341  0.
 342  0.
 343  0.
 344  0.
 345  0.
 346  0.
 347  0.
 348  0.
 349  0.
 350  0.
 351  0.
 352  0.
 353  0.
 354  0.
 355  0.
 356  0.
 357  0.
 358  0.
 359  0.
 360  0.
 361  0.
 362  0.
 363  0.
 364  0.
 365  0.
 366  0.
 367  0.
 368  0.
 369  0.
 370  0.
 371  0.
 372  0.
 373  0.
 374  0.
 375  0.
 376  0.
 377  0.
 378  0.
 379  0.
 380  0.
 381  0.
 382  0.
 383  0.
 384  0.
 385  0.
 386  0.
 387  0.
 388  0.
 389  0.
 390  0.
 391  0.
 392  0.
 393  0.
 394  0.
 395  0.
 396  0.
 397  0.
 398  0.
 399  0.
 400  0.
 401  0.
 402  0.
 403  0.
 404  0.
 405  0.
 406  0.
 407  0.
 408  0.
 409  0.
 410  0.
 411  0.
 412  0.
 413  0.
 414  0.
 415  0.
 416  0.
 417  0.
 418  0.
 419  0.
 420  0.
 421  0.
 422  0.
 423  0.
 424  0.
 425  0.
 426  0.
 427  0.
 428  0.
 429  0.
 430  0.
 431  0.
 432  0.
 433  0.
 434  0.
 435  0.
 436  0.
 437  0.
 438  0.
 439  0.
 440  0.
 441  0.
 442  0.
 443  0.
 444  0.
 445  0.
 446  0.
 447  0.
 448  0.
 449  0.
 450  0.
 451  0.
 452  0.
 453  0.
 454  0.
 455  0.
 456  0.
 457  0.
 458  0.
 459  0.
 460  0.
 461  0.
 462  0.
 463  0.
 464  0.
 465  0.
 466  0.
 467  0.
 468  0.
 469  0.
 470  0.
 471  0.
 472  0.
 473  0.
 474  0.
 475  0.
 476  0.
 477  0.
 478  0.
 479  0.
 480  0.
 481  0.
 482  0.
 483  0.
 484  0.
 485  0.
 486  0.
 487  0.
 488  0.
 489  0.
 490  0.
 491  0.
 492  0.
 493  0.
 494  0.
 495  0.
 496  0.
 497  0.
 498  0.
 499  0.
 500  0.

 1  0.
 2  0.
 3  0.
 4  0.
 5  0.
 6  0.
 7  0.
 8  0.
 9  0.
 10  0.
 11  0.
 12  0.
 13  0.
 14  0.
 15  0.
 16  0.
 17  0.
 18  0.
 19  0.
 20  0.
 21  0.
 22  0.
 23  0.
 24  0.
 25  0.
 26  0.
 27  0.
 28  0.
 29  0.
 30  0.
 31  0.
 32  0.
 33  0.
 34  0.
 35  0.
 36  0.
 37  0.
 38  0.
 39  0.
 40  0.
 41  0.
 42  0.
 43  0.
 44  0.
 45  0.
 46  0.
 47  0.
 48  0.
 49  0.
 50  0.
 51  0.
 52  0.
 53  0.
 54  0.
 55  0.
 56  0.
 57  0.
 58  0.
 59  0.
 60  0.
 61  0.
 62  0.
 63  0.
 64  0.
 65  0.
 66  0.
 67  0.
 68  0.
 69  0.
 70  0.
 71  0.
 72  0.
 73  0.
 74  0.
 75  0.
 76  0.
 77  0.
 78  0.
 79  0.
 80  0.
 81  0.
 82  0.
 83  0.
 84  0.
 85  0.
 86  0.
 87  0.
 88  0.
 89  0.
 90  0.
 91  0.
 92  0.
 93  0.
 94  0.
 95  0.
 96  0.
 97  0.
 98  0.
 99  0.
 100  0.
 101  0.
 102  0.
 103  0.
 104  0.
 105  0.
 106  0.
 107  0.
 108  0.
 109  0.
 110  0.
 111  0.
 112  0.
 113  0.
 114  0.
 115  0.
 116  0.
 117  0.
 118  0.
 119  0.
 120  0.
 121  0.
 122  0.
 123  0.
 124  0.
 125  0.
 126  0.
 127  0.
 128  0.
 129  0.
 130  0.
 131  0.
 132  0.
 133  0.
 134  0.
 135  0.
 136  0.
 137  0.
 138  0.
 139  0.
 140  0.
 141  0.
 142  0.
 143  0.
 144  0.
 145  0.
 146  0.
 147  0.
 148  0.
 149  0.
 150  0.
 151  0.
 152  0.
 153  0.
 154  0.
 155  0.
 156  0.
 157  0.
 158  0.
 159  0.
 160  0.
 161  0.
 162  0.
 163  0.
 164  0.
 165  0.
 166  0.
 167  0.
 168  0.
 169  0.
 170  0.
 171  0.
 172  0.
 173  0.
 174  0.
 175  0.
 176  0.
 177  0.
 178  0.
 179  0.
 180  0.
 181  0.
 182  0.
 183  0.
 184  0.
 185  0.
 186  0.
 187  0.
 188  0.
 189  0.
 190  0.
 191  0.
 192  0.
 193  0.
 194  0.
 195  0.
 196  0.
 197  0.
 198  0.
 199  0.
 200  0.
 201  0.
 202  0.
 203  0.
 204  0.
 205  0.
 206  0.
 207  0.
 208  0.
 209  0.
 210  0.
 211  0.
 212  0.
 213  0.
 214  0.
 215  0.
 216  0.
 217  0.
 218  0.
 219  0.
 220  0.
 221  0.
 222  0.
 223  0.
 224  0.
 225  0.
 226  0.
 227  0.
 228  0.
 229  0.
 230  0.
 231  0.
 232  0.
 233  0.
 234  0.
 235  0.
 236  0.
 237  0.
 238  0.
 239  0.
 240  0.
 241  0.
 242  0.
 243  0.
 244  0.
 245  0.
 246  0.
 247  0.
 248  0.
 249  0.
 250  0.
 251  0.
 252  0.
 253  0.
 254  0.
 255  0.
 256  0.
 257  0.
 258  0.
 259  0.
 260  0.
 261  0.
 262  0.
 263  0.
 264  0.
 265  0.
 266  0.
 267  0.
 268  0.
 269  0.
 270  0.
 271  0.
 272  0.
 273  0.
 274  0.
 275  0.
 276  0.
 277  0.
 278  0.
 279  0.
 280  0.
 281  0.
 282  0.
 283  0.
 284  0.
 285  0.
 286  0.
 287  0.
 288  0.
 289  0.
 290  0.
 291  0.
 292  0.
 293  0.
 294  0.
 295  0.
 296  0.
 297  0.
 298  0.
 299  0.
 300  0.
 301  0.
 302  0.
 303  0.
 304  0.
 305  0.
 306  0.
 307  0.
 308  0.
 309  0.
 310  0.
 311  0.
 312  0.
 313  0.
 314  0.
 315  0.
 316  0.
 317  0.
 318  0.
 319  0.
 320  0.
 321  0.
 322  0.
 323  0.
 324  0.
 325  0.
 326  0.
 327  0.
 328  0.
 329  0.
 330  0.
 331  0.
 332  0.
 333  0.
 334  0.
 335  0.
 336  0.
 337  0.
 338  0.
 339  0.
 340  0.
 341  0.
 342  0.
 343  0.
 344  0.
 345  0.
 346  0.
 347  0.
 348  0.
 349  0.
 350  0.
 351  0.
 352  0.
 353  0.
 354  0.
 355  0.
 356  0.
 357  0.
 358  0.
 359  0.
 360  0.
 361  0.
 362  0.
 363  0.
 364  0.
 365  0.
 366  0.
 367  0.
 368  0.
 369  0.
 370  0.
 371  0.
 372  0.
 373  0.
 374  0.
 375  0.
 376  0.
 377  0.
 378  0.
 379  0.
 380  0.
 381  0.
 382  0.
 383  0.
 384  0.
 385  0.
 386  0.
 387  0.
 388  0.
 389  0.
 390  0.
 391  0.
 392  0.
 393  0.
 394  0.
 395  0.
 396  0.
 397  0.
 398  0.
 399  0.
 400  0.
 401  0.
 402  0.
 403  0.
 404  0.
 405  0.
 406  0.
 407  0.
 408  0.
 409  0.
 410  0.
 411  0.
 412  0.
 413  0.
 414  0.
 415  0.
 416  0.
 417  0.
 418  0.
 419  0.
 420  0.
 421  0.
 422  0.
 423  0.
 424  0.
 425  0.
 426  0.
 427  0.
 428  0.
 429  0.
 430  0.
 431  0.
 432  0.
 433  0.
 434  0.
 435  0.
 436  0.
 437  0.
 438  0.
 439  0.
 440  0.
 441  0.
 442  0.
 443  0.
 444  0.
 445  0.
 446  0.
 447  0.
 448  0.
 449  0.
 450  0.
 451  0.
 452  0.
 453  0.
 454  0.
 455  0.
 456  0.
 457  0.
 458  0.
 459  0.
 460  0.
 461  0.
 462  0.
 463  0.
 464  0.
 465  0.
 466  0.
 467  0.
 468  0.
 469  0.
 470  0.
 471  0.
 472  0.
 473  0.
 474  0.
 475  0.
 476  0.
 477  0.
 478  0.
 479  0.
 480  0.
 481  0.
 482  0.
 483  0.
 484  0.
 485  0.
 486  0.
 487  0.
 488  0.
 489  0.
 490  0.
 491  0.
 492  0.
 493  0.
 494  0.
 495  0.
 496  0.
 497  0.
 498  0.
 499  0.
 500  0.

 1  0.
 2  0.
 3  0.
 4  0.
 5  0.
 6  0.
 7  0.
 8  0.
 9  0.
 10  0.
 11  0.
 12  0.
 13  0.
 14  0.
 15  0.
 16  0.
 17  0.
 18  0.
 19  0.
 20  0.
 21  0.
 22  0.
 23  0.
 24  0.
 25  0.
 26  0.
 27  0.
 28  0.
 29  0.
 30  0.
 31  0.
 32  0.
 33  0.
 34  0.
 35  0.
 36  0.
 37  0.
 38  0.
 39  0.
 40  0.
 41  0.
 42  0.
 43  0.
 44  0.
 45  0.
 46  0.
 47  0.
 48  0.
 49  0.
 50  0.
 51  0.
 52  0.
 53  0.
 54  0.
 55  0.
 56  0.
 57  0.
 58  0.
 59  0.
 60  0.
 61  0.
 62  0.
 63  0.
 64  0.
 65  0.
 66  0.
 67  0.
 68  0.
 69  0.
 70  0.
 71  0.
 72  0.
 73  0.
 74  0.
 75  0.
 76  0.
 77  0.
 78  0.
 79  0.
 80  0.
 81  0.
 82  0.
 83  0.
 84  0.
 85  0.
 86  0.
 87  0.
 88  0.
 89  0.
 90  0.
 91  0.
 92  0.
 93  0.
 94  0.
 95  0.
 96  0.
 97  0.
 98  0.
 99  0.
 100  0.
 101  0.
 102  0.
 103  0.
 104  0.
 105  0.
 106  0.
 107  0.
 108  0.
 109  0.
 110  0.
 111  0.
 112  0.
 113  0.
 114  0.
 115  0.
 116  0.
 117  0.
 118  0.
 119  0.
 120  0.
 121  0.
 122  0.
 123  0.
 124  0.
 125  0.
 126  0.
 127  0.
 128  0.
 129  0.
 130  0.
 131  0.
 132  0.
 133  0.
 134  0.
 135  0.
 136  0.
 137  0.
 138  0.
 139  0.
 140  0.
 141  0.
 142  0.
 143  0.
 144  0.
 145  0.
 146  0.
 147  0.
 148  0.
 149  0.
 150  0.
 151  0.
 152  0.
 153  0.
 154  0.
 155  0.
 156  0.
 157  0.
 158  0.
 159  0.
 160  0.
 161  0.
 162  0.
 163  0.
 164  0.
 165  0.
 166  0.
 167  0.
 168  0.
 169  0.
 170  0.
 171  0.
 172  0.
 173  0.
 174  0.
 175  0.
 176  0.
 177  0.
 178  0.
 179  0.
 180  0.
 181  0.
 182  0.
 183  0.
 184  0.
 185  0.
 186  0.
 187  0.
 188  0.
 189  0.
 190  0.
 191  0.
 192  0.
 193  0.
 194  0.
 195  0.
 196  0.
 197  0.
 198  0.
 199  0.
 200  0.
 201  0.
 202  0.
 203  0.
 204  0.
 205  0.
 206  0.
 207  0.
 208  0.
 209  0.
 210  0.
 211  0.
 212  0.
 213  0.
 214  0.
 215  0.
 216  0.
 217  0.
 218  0.
 219  0.
 220  0.
 221  0.
 222  0.
 223  0.
 224  0.
 225  0.
 226  0.
 227  0.
 228  0.
 229  0.
 230  0.
 231  0.
 232  0.
 233  0.
 234  0.
 235  0.
 236  0.
 237  0.
 238  0.
 239  0.
 240  0.
 241  0.
 242  0.
 243  0.
 244  0.
 245  0.
 246  0.
 247  0.
 248  0.
 249  0.
 250  0.
 251  0.
 252  0.
 253  0.
 254  0.
 255  0.
 256  0.
 257  0.
 258  0.
 259  0.
 260  0.
 261  0.
 262  0.
 263  0.
 264  0.
 265  0.
 266  0.
 267  0.
 268  0.
 269  0.
 270  0.
 271  0.
 272  0.
 273  0.
 274  0.
 275  0.
 276  0.
 277  0.
 278  0.
 279  0.
 280  0.
 281  0.
 282  0.
 283  0.
 284  0.
 285  0.
 286  0.
 287  0.
 288  0.
 289  0.
 290  0.
 291  0.
 292  0.
 293  0.
 294  0.
 295  0.
 296  0.
 297  0.
 298  0.
 299  0.
 300  0.
 301  0.
 302  0.
 303  0.
 304  0.
 305  0.
 306  0.
 307  0.
 308  0.
 309  0.
 310  0.
 311  0.
 312  0.
 313  0.
 314  0.
 315  0.
 316  0.
 317  0.
 318  0.
 319  0.
 320  0.
 321  0.
 322  0.
 323  0.
 324  0.
 325  0.
 326  0.
 327  0.
 328  0.
 329  0.
 330  0.
 331  0.
 332  0.
 333  0.
 334  0.
 335  0.
 336  0.
 337  0.
 338  0.
 339  0.
 340  0.
 341  0.
 342  0.
 343  0.
 344  0.
 345  0.
 346  0.
 347  0.
 348  0.
 349  0.
 350  0.
 351  0.
 352  0.
 353  0.
 354  0.
 355  0.
 356  0.
 357  0.
 358  0.
 359  0.
 360  0.
 361  0.
 362  0.
 363  0.
 364  0.
 365  0.
 366  0.
 367  0.
 368  0.
 369  0.
 370  0.
 371  0.
 372  0.
 373  0.
 374  0.
 375  0.
 376  0.
 377  0.
 378  0.
 379  0.
 380  0.
 381  0.
 382  0.
 383  0.
 384  0.
 385  0.
 386  0.
 387  0.
 388  0.
 389  0.
 390  0.
 391  0.
 392  0.
 393  0.
 394  0.
 395  0.
 396  0.
 397  0.
 398  0.
 399  0.
 400  0.
 401  0.
 402  0.
 403  0.
 404  0.
 405  0.
 406  0.
 407  0.
 408  0.
 409  0.
 410  0.
 411  0.
 412  0.
 413  0.
 414  0.
 415  0.
 416  0.
 417  0.
 418  0.
 419  0.
 420  0.
 421  0.
 422  0.
 423  0.
 424  0.
 425  0.
 426  0.
 427  0.
 428  0.
 429  0.
 430  0.
 431  0.
 432  0.
 433  0.
 434  0.
 435  0.
 436  0.
 437  0.
 438  0.
 439  0.
 440  0.
 441  0.
 442  0.
 443  0.
 444  0.
 445  0.
 446  0.
 447  0.
 448  0.
 449  0.
 450  0.
 451  0.
 452  0.
 453  0.
 454  0.
 455  0.
 456  0.
 457  0.
 458  0.
 459  0.
 460  0.
 461  0.
 462  0.
 463  0.
 464  0.
 465  0.
 466  0.
 467  0.
 468  0.
 469  0.
 470  0.
 471  0.
 472  0.
 473  0.
 474  0.
 475  0.
 476  0.
 477  0.
 478  0.
 479  0.
 480  0.
 481  0.
 482  0.
 483  0.
 484  0.
 485  0.
 486  0.
 487  0.
 488  0.
 489  0.
 490  0.
 491  0.
 492  0.
 493  0.
 494  0.
 495  0.
 496  0.
 497  0.
 498  0.
 499  0.
 500  0.

 1  0.
 2  0.
 3  0.
 4  0.
 5  0.
 6  0.
 7  0.
 8  0.
 9  0.
 10  0.
 11  0.
 12  0.
 13  0.
 14  0.
 15  0.
 16  0.
 17  0.
 18  0.
 19  0.
 20  0.
 21  0.
 22  0.
 23  0.
 24  0.
 25  0.
 26  0.
 27  0.
 28  0.
 29  0.
 30  0.
 31  0.
 32  0.
 33  0.
 34  0.
 35  0.
 36  0.
 37  0.
 38  0.
 39  0.
 40  0.
 41  0.
 42  0.
 43  0.
 44  0.
 45  0.
 46  0.
 47  0.
 48  0.
 49  0.
 50  0.
 51  0.
 52  0.
 53  0.
 54  0.
 55  0.
 56  0.
 57  0.
 58  0.
 59  0.
 60  0.
 61  0.
 62  0.
 63  0.
 64  0.
 65  0.
 66  0.
 67  0.
 68  0.
 69  0.
 70  0.
 71  0.
 72  0.
 73  0.
 74  0.
 75  0.
 76  0.
 77  0.
 78  0.
 79  0.
 80  0.
 81  0.
 82  0.
 83  0.
 84  0.
 85  0.
 86  0.
 87  0.
 88  0.
 89  0.
 90  0.
 91  0.
 92  0.
 93  0.
 94  0.
 95  0.
 96  0.
 97  0.
 98  0.
 99  0.
 100  0.
 101  0.
 102  0.
 103  0.
 104  0.
 105  0.
 106  0.
 107  0.
 108  0.
 109  0.
 110  0.
 111  0.
 112  0.
 113  0.
 114  0.
 115  0.
 116  0.
 117  0.
 118  0.
 119  0.
 120  0.
 121  0.
 122  0.
 123  0.
 124  0.
 125  0.
 126  0.
 127  0.
 128  0.
 129  0.
 130  0.
 131  0.
 132  0.
 133  0.
 134  0.
 135  0.
 136  0.
 137  0.
 138  0.
 139  0.
 140  0.
 141  0.
 142  0.
 143  0.
 144  0.
 145  0.
 146  0.
 147  0.
 148  0.
 149  0.
 150  0.
 151  0.
 152  0.
 153  0.
 154  0.
 155  0.
 156  0.
 157  0.
 158  0.
 159  0.
 160  0.
 161  0.
 162  0.
 163  0.
 164  0.
 165  0.
 166  0.
 167  0.
 168  0.
 169  0.
 170  0.
 171  0.
 172  0.
 173  0.
 174  0.
 175  0.
 176  0.
 177  0.
 178  0.
 179  0.
 180  0.
 181  0.
 182  0.
 183  0.
 184  0.
 185  0.
 186  0.
 187  0.
 188  0.
 189  0.
 190  0.
 191  0.
 192  0.
 193  0.
 194  0.
 195  0.
 196  0.
 197  0.
 198  0.
 199  0.
 200  0.
 201  0.
 202  0.
 203  0.
 204  0.
 205  0.
 206  0.
 207  0.
 208  0.
 209  0.
 210  0.
 211  0.
 212  0.
 213  0.
 214  0.
 215  0.
 216  0.
 217  0.
 218  0.
 219  0.
 220  0.
 221  0.
 222  0.
 223  0.
 224  0.
 225  0.
 226  0.
 227  0.
 228  0.
 229  0.
 230  0.
 231  0.
 232  0.
 233  0.
 234  0.
 235  0.
 236  0.
 237  0.
 238  0.
 239  0.
 240  0.
 241  0.
 242  0.
 243  0.
 244  0.
 245  0.
 246  0.
 247  0.
 248  0.
 249  0.
 250  0.
 251  0.
 252  0.
 253  0.
 254  0.
 255  0.
 256  0.
 257  0.
 258  0.
 259  0.
 260  0.
 261  0.
 262  0.
 263  0.
 264  0.
 265  0.
 266  0.
 267  0.
 268  0.
 269  0.
 270  0.
 271  0.
 272  0.
 273  0.
 274  0.
 275  0.
 276  0.
 277  0.
 278  0.
 279  0.
 280  0.
 281  0.
 282  0.
 283  0.
 284  0.
 285  0.
 286  0.
 287  0.
 288  0.
 289  0.
 290  0.
 291  0.
 292  0.
 293  0.
 294  0.
 295  0.
 296  0.
 297  0.
 298  0.
 299  0.
 300  0.
 301  0.
 302  0.
 303  0.
 304  0.
 305  0.
 306  0.
 307  0.
 308  0.
 309  0.
 310  0.
 311  0.
 312  0.
 313  0.
 314  0.
 315  0.
 316  0.
 317  0.
 318  0.
 319  0.
 320  0.
 321  0.
 322  0.
 323  0.
 324  0.
 325  0.
 326  0.
 327  0.
 328  0.
 329  0.
 330  0.
 331  0.
 332  0.
 333  0.
 334  0.
 335  0.
 336  0.
 337  0.
 338  0.
 339  0.
 340  0.
 341  0.
 342  0.
 343  0.
 344  0.
 345  0.
 346  0.
 347  0.
 348  0.
 349  0.
 350  0.
 351  0.
 352  0.
 353  0.
 354  0.
 355  0.
 356  0.
 357  0.
 358  0.
 359  0.
 360  0.
 361  0.
 362  0.
 363  0.
 364  0.
 365  0.
 366  0.
 367  0.
 368  0.
 369  0.
 370  0.
 371  0.
 372  0.
 373  0.
 374  0.
 375  0.
 376  0.
 377  0.
 378  0.
 379  0.
 380  0.
 381  0.
 382  0.
 383  0.
 384  0.
 385  0.
 386  0.
 387  0.
 388  0.
 389  0.
 390  0.
 391  0.
 392  0.
 393  0.
 394  0.
 395  0.
 396  0.
 397  0.
 398  0.
 399  0.
 400  0.
 401  0.
 402  0.
 403  0.
 404  0.
 405  0.
 406  0.
 407  0.
 408  0.
 409  0.
 410  0.
 411  0.
 412  0.
 413  0.
 414  0.
 415  0.
 416  0.
 417  0.
 418  0.
 419  0.
 420  0.
 421  0.
 422  0.
 423  0.
 424  0.
 425  0.
 426  0.
 427  0.
 428  0.
 429  0.
 430  0.
 431  0.
 432  0.
 433  0.
 434  0.
 435  0.
 436  0.
 437  0.
 438  0.
 439  0.
 440  0.
 441  0.
 442  0.
 443  0.
 444  0.
 445  0.
 446  0.
 447  0.
 448  0.
 449  0.
 450  0.
 451  0.
 452  0.
 453  0.
 454  0.
 455  0.
 456  0.
 457  0.
 458  0.
 459  0.
 460  0.
 461  0.
 462  0.
 463  0.
 464  0.
 465  0.
 466  0.
 467  0.
 468  0.
 469  0.
 470  0.
 471  0.
 472  0.
 473  0.
 474  0.
 475  0.
 476  0.
 477  0.
 478  0.
 479  0.
 480  0.
 481  0.
 482  0.
 483  0.
 484  0.
 485  0.
 486  0.
 487  0.
 488  0.
 489  0.
 490  0.
 491  0.
 492  0.
 493  0.
 494  0.
 495  0.
 496  0.
 497  0.
 498  0.
 499  0.
 500  0.

 1  0.
 2  0.
 3  0.
 4  0.
 5  0.
 6  0.
 7  0.
 8  0.
 9  0.
 10  0.
 11  0.
 12  0.
 13  0.
 14  0.
 15  0.
 16  0.
 17  0.
 18  0.
 19  0.
 20  0.
 21  0.
 22  0.
 23  0.
 24  0.
 25  0.
 26  0.
 27  0.
 28  0.
 29  0.
 30  0.
 31  0.
 32  0.
 33  0.
 34  0.
 35  0.
 36  0.
 37  0.
 38  0.
 39  0.
 40  0.
 41  0.
 42  0.
 43  0.
 44  0.
 45  0.
 46  0.
 47  0.
 48  0.
 49  0.
 50  0.
 51  0.
 52  0.
 53  0.
 54  0.
 55  0.
 56  0.
 57  0.
 58  0.
 59  0.
 60  0.
 61  0.
 62  0.
 63  0.
 64  0.
 65  0.
 66  0.
 67  0.
 68  0.
 69  0.
 70  0.
 71  0.
 72  0.
 73  0.
 74  0.
 75  0.
 76  0.
 77  0.
 78  0.
 79  0.
 80  0.
 81  0.
 82  0.
 83  0.
 84  0.
 85  0.
 86  0.
 87  0.
 88  0.
 89  0.
 90  0.
 91  0.
 92  0.
 93  0.
 94  0.
 95  0.
 96  0.
 97  0.
 98  0.
 99  0.
 100  0.
 101  0.
 102  0.
 103  0.
 104  0.
 105  0.
 106  0.
 107  0.
 108  0.
 109  0.
 110  0.
 111  0.
 112  0.
 113  0.
 114  0.
 115  0.
 116  0.
 117  0.
 118  0.
 119  0.
 120  0.
 121  0.
 122  0.
 123  0.
 124  0.
 125  0.
 126  0.
 127  0.
 128  0.
 129  0.
 130  0.
 131  0.
 132  0.
 133  0.
 134  0.
 135  0.
 136  0.
 137  0.
 138  0.
 139  0.
 140  0.
 141  0.
 142  0.
 143  0.
 144  0.
 145  0.
 146  0.
 147  0.
 148  0.
 149  0.
 150  0.
 151  0.
 152  0.
 153  0.
 154  0.
 155  0.
 156  0.
 157  0.
 158  0.
 159  0.
 160  0.
 161  0.
 162  0.
 163  0.
 164  0.
 165  0.
 166  0.
 167  0.
 168  0.
 169  0.
 170  0.
 171  0.
 172  0.
 173  0.
 174  0.
 175  0.
 176  0.
 177  0.
 178  0.
 179  0.
 180  0.
 181  0.
 182  0.
 183  0.
 184  0.
 185  0.
 186  0.
 187  0.
 188  0.
 189  0.
 190  0.
 191  0.
 192  0.
 193  0.
 194  0.
 195  0.
 196  0.
 197  0.
 198  0.
 199  0.
 200  0.
 201  0.
 202  0.
 203  0.
 204  0.
 205  0.
 206  0.
 207  0.
 208  0.
 209  0.
 210  0.
 211  0.
 212  0.
 213  0.
 214  0.
 215  0.
 216  0.
 217  0.
 218  0.
 219  0.
 220  0.
 221  0.
 222  0.
 223  0.
 224  0.
 225  0.
 226  0.
 227  0.
 228  0.
 229  0.
 230  0.
 231  0.
 232  0.
 233  0.
 234  0.
 235  0.
 236  0.
 237  0.
 238  0.
 239  0.
 240  0.
 241  0.
 242  0.
 243  0.
 244  0.
 245  0.
 246  0.
 247  0.
 248  0.
 249  0.
 250  0.
 251  0.
 252  0.
 253  0.
 254  0.
 255  0.
 256  0.
 257  0.
 258  0.
 259  0.
 260  0.
 261  0.
 262  0.
 263  0.
 264  0.
 265  0.
 266  0.
 267  0.
 268  0.
 269  0.
 270  0.
 271  0.
 272  0.
 273  0.
 274  0.
 275  0.
 276  0.
 277  0.
 278  0.
 279  0.
 280  0.
 281  0.
 282  0.
 283  0.
 284  0.
 285  0.
 286  0.
 287  0.
 288  0.
 289  0.
 290  0.
 291  0.
 292  0.
 293  0.
 294  0.
 295  0.
 296  0.
 297  0.
 298  0.
 299  0.
 300  0.
 301  0.
 302  0.
 303  0.
 304  0.
 305  0.
 306  0.
 307  0.
 308  0.
 309  0.
 310  0.
 311  0.
 312  0.
 313  0.
 314  0.
 315  0.
 316  0.
 317  0.
 318  0.
 319  0.
 320  0.
 321  0.
 322  0.
 323  0.
 324  0.
 325  0.
 326  0.
 327  0.
 328  0.
 329  0.
 330  0.
 331  0.
 332  0.
 333  0.
 334  0.
 335  0.
 336  0.
 337  0.
 338  0.
 339  0.
 340  0.
 341  0.
 342  0.
 343  0.
 344  0.
 345  0.
 346  0.
 347  0.
 348  0.
 349  0.
 350  0.
 351  0.
 352  0.
 353  0.
 354  0.
 355  0.
 356  0.
 357  0.
 358  0.
 359  0.
 360  0.
 361  0.
 362  0.
 363  0.
 364  0.
 365  0.
 366  0.
 367  0.
 368  0.
 369  0.
 370  0.
 371  0.
 372  0.
 373  0.
 374  0.
 375  0.
 376  0.
 377  0.
 378  0.
 379  0.
 380  0.
 381  0.
 382  0.
 383  0.
 384  0.
 385  0.
 386  0.
 387  0.
 388  0.
 389  0.
 390  0.
 391  0.
 392  0.
 393  0.
 394  0.
 395  0.
 396  0.
 397  0.
 398  0.
 399  0.
 400  0.
 401  0.
 402  0.
 403  0.
 404  0.
 405  0.
 406  0.
 407  0.
 408  0.
 409  0.
 410  0.
 411  0.
 412  0.
 413  0.
 414  0.
 415  0.
 416  0.
 417  0.
 418  0.
 419  0.
 420  0.
 421  0.
 422  0.
 423  0.
 424  0.
 425  0.
 426  0.
 427  0.
 428  0.
 429  0.
 430  0.
 431  0.
 432  0.
 433  0.
 434  0.
 435  0.
 436  0.
 437  0.
 438  0.
 439  0.
 440  0.
 441  0.
 442  0.
 443  0.
 444  0.
 445  0.
 446  0.
 447  0.
 448  0.
 449  0.
 450  0.
 451  0.
 452  0.
 453  0.
 454  0.
 455  0.
 456  0.
 457  0.
 458  0.
 459  0.
 460  0.
 461  0.
 462  0.
 463  0.
 464  0.
 465  0.
 466  0.
 467  0.
 468  0.
 469  0.
 470  0.
 471  0.
 472  0.
 473  0.
 474  0.
 475  0.
 476  0.
 477  0.
 478  0.
 479  0.
 480  0.
 481  0.
 482  0.
 483  0.
 484  0.
 485  0.
 486  0.
 487  0.
 488  0.
 489  0.
 490  0.
 491  0.
 492  0.
 493  0.
 494  0.
 495  0.
 496  0.
 497  0.
 498  0.
 499  0.
 500  0.

 1  0.
 2  0.
 3  0.
 4  0.
 5  0.
 6  0.
 7  0.
 8  0.
 9  0.
 10  0.
 11  0.
 12  0.
 13  0.
 14  0.
 15  0.
 16  0.
 17  0.
 18  0.
 19  0.
 20  0.
 21  0.
 22  0.
 23  0.
 24  0.
 25  0.
 26  0.
 27  0.
 28  0.
 29  0.
 30  0.
 31  0.
 32  0.
 33  0.
 34  0.
 35  0.
 36  0.
 37  0.
 38  0.
 39  0.
 40  0.
 41  0.
 42  0.
 43  0.
 44  0.
 45  0.
 46  0.
 47  0.
 48  0.
 49  0.
 50  0.
 51  0.
 52  0.
 53  0.
 54  0.
 55  0.
 56  0.
 57  0.
 58  0.
 59  0.
 60  0.
 61  0.
 62  0.
 63  0.
 64  0.
 65  0.
 66  0.
 67  0.
 68  0.
 69  0.
 70  0.
 71  0.
 72  0.
 73  0.
 74  0.
 75  0.
 76  0.
 77  0.
 78  0.
 79  0.
 80  0.
 81  0.
 82  0.
 83  0.
 84  0.
 85  0.
 86  0.
 87  0.
 88  0.
 89  0.
 90  0.
 91  0.
 92  0.
 93  0.
 94  0.
 95  0.
 96  0.
 97  0.
 98  0.
 99  0.
 100  0.
 101  0.
 102  0.
 103  0.
 104  0.
 105  0.
 106  0.
 107  0.
 108  0.
 109  0.
 110  0.
 111  0.
 112  0.
 113  0.
 114  0.
 115  0.
 116  0.
 117  0.
 118  0.
 119  0.
 120  0.
 121  0.
 122  0.
 123  0.
 124  0.
 125  0.
 126  0.
 127  0.
 128  0.
 129  0.
 130  0.
 131  0.
 132  0.
 133  0.
 134  0.
 135  0.
 136  0.
 137  0.
 138  0.
 139  0.
 140  0.
 141  0.
 142  0.
 143  0.
 144  0.
 145  0.
 146  0.
 147  0.
 148  0.
 149  0.
 150  0.
 151  0.
 152  0.
 153  0.
 154  0.
 155  0.
 156  0.
 157  0.
 158  0.
 159  0.
 160  0.
 161  0.
 162  0.
 163  0.
 164  0.
 165  0.
 166  0.
 167  0.
 168  0.
 169  0.
 170  0.
 171  0.
 172  0.
 173  0.
 174  0.
 175  0.
 176  0.
 177  0.
 178  0.
 179  0.
 180  0.
 181  0.
 182  0.
 183  0.
 184  0.
 185  0.
 186  0.
 187  0.
 188  0.
 189  0.
 190  0.
 191  0.
 192  0.
 193  0.
 194  0.
 195  0.
 196  0.
 197  0.
 198  0.
 199  0.
 200  0.
 201  0.
 202  0.
 203  0.
 204  0.
 205  0.
 206  0.
 207  0.
 208  0.
 209  0.
 210  0.
 211  0.
 212  0.
 213  0.
 214  0.
 215  0.
 216  0.
 217  0.
 218  0.
 219  0.
 220  0.
 221  0.
 222  0.
 223  0.
 224  0.
 225  0.
 226  0.
 227  0.
 228  0.
 229  0.
 230  0.
 231  0.
 232  0.
 233  0.
 234  0.
 235  0.
 236  0.
 237  0.
 238  0.
 239  0.
 240  0.
 241  0.
 242  0.
 243  0.
 244  0.
 245  0.
 246  0.
 247  0.
 248  0.
 249  0.
 250  0.
 251  0.
 252  0.
 253  0.
 254  0.
 255  0.
 256  0.
 257  0.
 258  0.
 259  0.
 260  0.
 261  0.
 262  0.
 263  0.
 264  0.
 265  0.
 266  0.
 267  0.
 268  0.
 269  0.
 270  0.
 271  0.
 272  0.
 273  0.
 274  0.
 275  0.
 276  0.
 277  0.
 278  0.
 279  0.
 280  0.
 281  0.
 282  0.
 283  0.
 284  0.
 285  0.
 286  0.
 287  0.
 288  0.
 289  0.
 290  0.
 291  0.
 292  0.
 293  0.
 294  0.
 295  0.
 296  0.
 297  0.
 298  0.
 299  0.
 300  0.
 301  0.
 302  0.
 303  0.
 304  0.
 305  0.
 306  0.
 307  0.
 308  0.
 309  0.
 310  0.
 311  0.
 312  0.
 313  0.
 314  0.
 315  0.
 316  0.
 317  0.
 318  0.
 319  0.
 320  0.
 321  0.
 322  0.
 323  0.
 324  0.
 325  0.
 326  0.
 327  0.
 328  0.
 329  0.
 330  0.
 331  0.
 332  0.
 333  0.
 334  0.
 335  0.
 336  0.
 337  0.
 338  0.
 339  0.
 340  0.
 341  0.
 342  0.
 343  0.
 344  0.
 345  0.
 346  0.
 347  0.
 348  0.
 349  0.
 350  0.
 351  0.
 352  0.
 353  0.
 354  0.
 355  0.
 356  0.
 357  0.
 358  0.
 359  0.
 360  0.
 361  0.
 362  0.
 363  0.
 364  0.
 365  0.
 366  0.
 367  0.
 368  0.
 369  0.
 370  0.
 371  0.
 372  0.
 373  0.
 374  0.
 375  0.
 376  0.
 377  0.
 378  0.
 379  0.
 380  0.
 381  0.
 382  0.
 383  0.
 384  0.
 385  0.
 386  0.
 387  0.
 388  0.
 389  0.
 390  0.
 391  0.
 392  0.
 393  0.
 394  0.
 395  0.
 396  0.
 397  0.
 398  0.
 399  0.
 400  0.
 401  0.
 402  0.
 403  0.
 404  0.
 405  0.
 406  0.
 407  0.
 408  0.
 409  0.
 410  0.
 411  0.
 412  0.
 413  0.
 414  0.
 415  0.
 416  0.
 417  0.
 418  0.
 419  0.
 420  0.
 421  0.
 422  0.
 423  0.
 424  0.
 425  0.
 426  0.
 427  0.
 428  0.
 429  0.
 430  0.
 431  0.
 432  0.
 433  0.
 434  0.
 435  0.
 436  0.
 437  0.
 438  0.
 439  0.
 440  0.
 441  0.
 442  0.
 443  0.
 444  0.
 445  0.
 446  0.
 447  0.
 448  0.
 449  0.
 450  0.
 451  0.
 452  0.
 453  0.
 454  0.
 455  0.
 456  0.
 457  0.
 458  0.
 459  0.
 460  0.
 461  0.
 462  0.
 463  0.
 464  0.
 465  0.
 466  0.
 467  0.
 468  0.
 469  0.
 470  0.
 471  0.
 472  0.
 473  0.
 474  0.
 475  0.
 476  0.
 477  0.
 478  0.
 479  0.
 480  0.
 481  0.
 482  0.
 483  0.
 484  0.
 485  0.
 486  0.
 487  0.
 488  0.
 489  0.
 490  0.
 491  0.
 492  0.
 493  0.
 494  0.
 495  0.
 496  0.
 497  0.
 498  0.
 499  0.
 500  0.

 1  0.
 2  0.
 3  0.
 4  0.
 5  0.
 6  0.
 7  0.
 8  0.
 9  0.
 10  0.
 11  0.
 12  0.
 13  0.
 14  0.
 15  0.
 16  0.
 17  0.
 18  0.
 19  0.
 20  0.
 21  0.
 22  0.
 23  0.
 24  0.
 25  0.
 26  0.
 27  0.
 28  0.
 29  0.
 30  0.
 31  0.
 32  0.
 33  0.
 34  0.
 35  0.
 36  0.
 37  0.
 38  0.
 39  0.
 40  0.
 41  0.
 42  0.
 43  0.
 44  0.
 45  0.
 46  0.
 47  0.
 48  0.
 49  0.
 50  0.
 51  0.
 52  0.
 53  0.
 54  0.
 55  0.
 56  0.
 57  0.
 58  0.
 59  0.
 60  0.
 61  0.
 62  0.
 63  0.
 64  0.
 65  0.
 66  0.
 67  0.
 68  0.
 69  0.
 70  0.
 71  0.
 72  0.
 73  0.
 74  0.
 75  0.
 76  0.
 77  0.
 78  0.
 79  0.
 80  0.
 81  0.
 82  0.
 83  0.
 84  0.
 85  0.
 86  0.
 87  0.
 88  0.
 89  0.
 90  0.
 91  0.
 92  0.
 93  0.
 94  0.
 95  0.
 96  0.
 97  0.
 98  0.
 99  0.
 100  0.
 101  0.
 102  0.
 103  0.
 104  0.
 105  0.
 106  0.
 107  0.
 108  0.
 109  0.
 110  0.
 111  0.
 112  0.
 113  0.
 114  0.
 115  0.
 116  0.
 117  0.
 118  0.
 119  0.
 120  0.
 121  0.
 122  0.
 123  0.
 124  0.
 125  0.
 126  0.
 127  0.
 128  0.
 129  0.
 130  0.
 131  0.
 132  0.
 133  0.
 134  0.
 135  0.
 136  0.
 137  0.
 138  0.
 139  0.
 140  0.
 141  0.
 142  0.
 143  0.
 144  0.
 145  0.
 146  0.
 147  0.
 148  0.
 149  0.
 150  0.
 151  0.
 152  0.
 153  0.
 154  0.
 155  0.
 156  0.
 157  0.
 158  0.
 159  0.
 160  0.
 161  0.
 162  0.
 163  0.
 164  0.
 165  0.
 166  0.
 167  0.
 168  0.
 169  0.
 170  0.
 171  0.
 172  0.
 173  0.
 174  0.
 175  0.
 176  0.
 177  0.
 178  0.
 179  0.
 180  0.
 181  0.
 182  0.
 183  0.
 184  0.
 185  0.
 186  0.
 187  0.
 188  0.
 189  0.
 190  0.
 191  0.
 192  0.
 193  0.
 194  0.
 195  0.
 196  0.
 197  0.
 198  0.
 199  0.
 200  0.
 201  0.
 202  0.
 203  0.
 204  0.
 205  0.
 206  0.
 207  0.
 208  0.
 209  0.
 210  0.
 211  0.
 212  0.
 213  0.
 214  0.
 215  0.
 216  0.
 217  0.
 218  0.
 219  0.
 220  0.
 221  0.
 222  0.
 223  0.
 224  0.
 225  0.
 226  0.
 227  0.
 228  0.
 229  0.
 230  0.
 231  0.
 232  0.
 233  0.
 234  0.
 235  0.
 236  0.
 237  0.
 238  0.
 239  0.
 240  0.
 241  0.
 242  0.
 243  0.
 244  0.
 245  0.
 246  0.
 247  0.
 248  0.
 249  0.
 250  0.
 251  0.
 252  0.
 253  0.
 254  0.
 255  0.
 256  0.
 257  0.
 258  0.
 259  0.
 260  0.
 261  0.
 262  0.
 263  0.
 264  0.
 265  0.
 266  0.
 267  0.
 268  0.
 269  0.
 270  0.
 271  0.
 272  0.
 273  0.
 274  0.
 275  0.
 276  0.
 277  0.
 278  0.
 279  0.
 280  0.
 281  0.
 282  0.
 283  0.
 284  0.
 285  0.
 286  0.
 287  0.
 288  0.
 289  0.
 290  0.
 291  0.
 292  0.
 293  0.
 294  0.
 295  0.
 296  0.
 297  0.
 298  0.
 299  0.
 300  0.
 301  0.
 302  0.
 303  0.
 304  0.
 305  0.
 306  0.
 307  0.
 308  0.
 309  0.
 310  0.
 311  0.
 312  0.
 313  0.
 314  0.
 315  0.
 316  0.
 317  0.
 318  0.
 319  0.
 320  0.
 321  0.
 322  0.
 323  0.
 324  0.
 325  0.
 326  0.
 327  0.
 328  0.
 329  0.
 330  0.
 331  0.
 332  0.
 333  0.
 334  0.
 335  0.
 336  0.
 337  0.
 338  0.
 339  0.
 340  0.
 341  0.
 342  0.
 343  0.
 344  0.
 345  0.
 346  0.
 347  0.
 348  0.
 349  0.
 350  0.
 351  0.
 352  0.
 353  0.
 354  0.
 355  0.
 356  0.
 357  0.
 358  0.
 359  0.
 360  0.
 361  0.
 362  0.
 363  0.
 364  0.
 365  0.
 366  0.
 367  0.
 368  0.
 369  0.
 370  0.
 371  0.
 372  0.
 373  0.
 374  0.
 375  0.
 376  0.
 377  0.
 378  0.
 379  0.
 380  0.
 381  0.
 382  0.
 383  0.
 384  0.
 385  0.
 386  0.
 387  0.
 388  0.
 389  0.
 390  0.
 391  0.
 392  0.
 393  0.
 394  0.
 395  0.
 396  0.
 397  0.
 398  0.
 399  0.
 400  0.
 401  0.
 402  0.
 403  0.
 404  0.
 405  0.
 406  0.
 407  0.
 408  0.
 409  0.
 410  0.
 411  0.
 412  0.
 413  0.
 414  0.
 415  0.
 416  0.
 417  0.
 418  0.
 419  0.
 420  0.
 421  0.
 422  0.
 423  0.
 424  0.
 425  0.
 426  0.
 427  0.
 428  0.
 429  0.
 430  0.
 431  0.
 432  0.
 433  0.
 434  0.
 435  0.
 436  0.
 437  0.
 438  0.
 439  0.
 440  0.
 441  0.
 442  0.
 443  0.
 444  0.
 445  0.
 446  0.
 447  0.
 448  0.
 449  0.
 450  0.
 451  0.
 452  0.
 453  0.
 454  0.
 455  0.
 456  0.
 457  0.
 458  0.
 459  0.
 460  0.
 461  0.
 462  0.
 463  0.
 464  0.
 465  0.
 466  0.
 467  0.
 468  0.
 469  0.
 470  0.
 471  0.
 472  0.
 473  0.
 474  0.
 475  0.
 476  0.
 477  0.
 478  0.
 479  0.
 480  0.
 481  0.
 482  0.
 483  0.
 484  0.
 485  0.
 486  0.
 487  0.
 488  0.
 489  0.
 490  0.
 491  0.
 492  0.
 493  0.
 494  0.
 495  0.
 496  0.
 497  0.
 498  0.
 499  0.
 500  0.

 1  0.
 2  0.
 3  0.
 4  0.
 5  0.
 6  0.
 7  0.
 8  0.
 9  0.
 10  0.
 11  0.
 12  0.
 13  0.
 14  0.
 15  0.
 16  0.
 17  0.
 18  0.
 19  0.
 20  0.
 21  0.
 22  0.
 23  0.
 24  0.
 25  0.
 26  0.
 27  0.
 28  0.
 29  0.
 30  0.
 31  0.
 32  0.
 33  0.
 34  0.
 35  0.
 36  0.
 37  0.
 38  0.
 39  0.
 40  0.
 41  0.
 42  0.
 43  0.
 44  0.
 45  0.
 46  0.
 47  0.
 48  0.
 49  0.
 50  0.
 51  0.
 52  0.
 53  0.
 54  0.
 55  0.
 56  0.
 57  0.
 58  0.
 59  0.
 60  0.
 61  0.
 62  0.
 63  0.
 64  0.
 65  0.
 66  0.
 67  0.
 68  0.
 69  0.
 70  0.
 71  0.
 72  0.
 73  0.
 74  0.
 75  0.
 76  0.
 77  0.
 78  0.
 79  0.
 80  0.
 81  0.
 82  0.
 83  0.
 84  0.
 85  0.
 86  0.
 87  0.
 88  0.
 89  0.
 90  0.
 91  0.
 92  0.
 93  0.
 94  0.
 95  0.
 96  0.
 97  0.
 98  0.
 99  0.
 100  0.
 101  0.
 102  0.
 103  0.
 104  0.
 105  0.
 106  0.
 107  0.
 108  0.
 109  0.
 110  0.
 111  0.
 112  0.
 113  0.
 114  0.
 115  0.
 116  0.
 117  0.
 118  0.
 119  0.
 120  0.
 121  0.
 122  0.
 123  0.
 124  0.
 125  0.
 126  0.
 127  0.
 128  0.
 129  0.
 130  0.
 131  0.
 132  0.
 133  0.
 134  0.
 135  0.
 136  0.
 137  0.
 138  0.
 139  0.
 140  0.
 141  0.
 142  0.
 143  0.
 144  0.
 145  0.
 146  0.
 147  0.
 148  0.
 149  0.
 150  0.
 151  0.
 152  0.
 153  0.
 154  0.
 155  0.
 156  0.
 157  0.
 158  0.
 159  0.
 160  0.
 161  0.
 162  0.
 163  0.
 164  0.
 165  0.
 166  0.
 167  0.
 168  0.
 169  0.
 170  0.
 171  0.
 172  0.
 173  0.
 174  0.
 175  0.
 176  0.
 177  0.
 178  0.
 179  0.
 180  0.
 181  0.
 182  0.
 183  0.
 184  0.
 185  0.
 186  0.
 187  0.
 188  0.
 189  0.
 190  0.
 191  0.
 192  0.
 193  0.
 194  0.
 195  0.
 196  0.
 197  0.
 198  0.
 199  0.
 200  0.
 201  0.
 202  0.
 203  0.
 204  0.
 205  0.
 206  0.
 207  0.
 208  0.
 209  0.
 210  0.
 211  0.
 212  0.
 213  0.
 214  0.
 215  0.
 216  0.
 217  0.
 218  0.
 219  0.
 220  0.
 221  0.
 222  0.
 223  0.
 224  0.
 225  0.
 226  0.
 227  0.
 228  0.
 229  0.
 230  0.
 231  0.
 232  0.
 233  0.
 234  0.
 235  0.
 236  0.
 237  0.
 238  0.
 239  0.
 240  0.
 241  0.
 242  0.
 243  0.
 244  0.
 245  0.
 246  0.
 247  0.
 248  0.
 249  0.
 250  0.
 251  0.
 252  0.
 253  0.
 254  0.
 255  0.
 256  0.
 257  0.
 258  0.
 259  0.
 260  0.
 261  0.
 262  0.
 263  0.
 264  0.
 265  0.
 266  0.
 267  0.
 268  0.
 269  0.
 270  0.
 271  0.
 272  0.
 273  0.
 274  0.
 275  0.
 276  0.
 277  0.
 278  0.
 279  0.
 280  0.
 281  0.
 282  0.
 283  0.
 284  0.
 285  0.
 286  0.
 287  0.
 288  0.
 289  0.
 290  0.
 291  0.
 292  0.
 293  0.
 294  0.
 295  0.
 296  0.
 297  0.
 298  0.
 299  0.
 300  0.
 301  0.
 302  0.
 303  0.
 304  0.
 305  0.
 306  0.
 307  0.
 308  0.
 309  0.
 310  0.
 311  0.
 312  0.
 313  0.
 314  0.
 315  0.
 316  0.
 317  0.
 318  0.
 319  0.
 320  0.
 321  0.
 322  0.
 323  0.
 324  0.
 325  0.
 326  0.
 327  0.
 328  0.
 329  0.
 330  0.
 331  0.
 332  0.
 333  0.
 334  0.
 335  0.
 336  0.
 337  0.
 338  0.
 339  0.
 340  0.
 341  0.
 342  0.
 343  0.
 344  0.
 345  0.
 346  0.
 347  0.
 348  0.
 349  0.
 350  0.
 351  0.
 352  0.
 353  0.
 354  0.
 355  0.
 356  0.
 357  0.
 358  0.
 359  0.
 360  0.
 361  0.
 362  0.
 363  0.
 364  0.
 365  0.
 366  0.
 367  0.
 368  0.
 369  0.
 370  0.
 371  0.
 372  0.
 373  0.
 374  0.
 375  0.
 376  0.
 377  0.
 378  0.
 379  0.
 380  0.
 381  0.
 382  0.
 383  0.
 384  0.
 385  0.
 386  0.
 387  0.
 388  0.
 389  0.
 390  0.
 391  0.
 392  0.
 393  0.
 394  0.
 395  0.
 396  0.
 397  0.
 398  0.
 399  0.
 400  0.
 401  0.
 402  0.
 403  0.
 404  0.
 405  0.
 406  0.
 407  0.
 408  0.
 409  0.
 410  0.
 411  0.
 412  0.
 413  0.
 414  0.
 415  0.
 416  0.
 417  0.
 418  0.
 419  0.
 420  0.
 421  0.
 422  0.
 423  0.
 424  0.
 425  0.
 426  0.
 427  0.
 428  0.
 429  0.
 430  0.
 431  0.
 432  0.
 433  0.
 434  0.
 435  0.
 436  0.
 437  0.
 438  0.
 439  0.
 440  0.
 441  0.
 442  0.
 443  0.
 444  0.
 445  0.
 446  0.
 447  0.
 448  0.
 449  0.
 450  0.
 451  0.
 452  0.
 453  0.
 454  0.
 455  0.
 456  0.
 457  0.
 458  0.
 459  0.
 460  0.
 461  0.
 462  0.
 463  0.
 464  0.
 465  0.
 466  0.
 467  0.
 468  0.
 469  0.
 470  0.
 471  0.
 472  0.
 473  0.
 474  0.
 475  0.
 476  0.
 477  0.
 478  0.
 479  0.
 480  0.
 481  0.
 482  0.
 483  0.
 484  0.
 485  0.
 486  0.
 487  0.
 488  0.
 489  0.
 490  0.
 491  0.
 492  0.
 493  0.
 494  0.
 495  0.
 496  0.
 497  0.
 498  0.
 499  0.
 500  0.

 1  0.
 2  0.
 3  0.
 4  0.
 5  0.
 6  0.
 7  0.
 8  0.
 9  0.
 10  0.
 11  0.
 12  0.
 13  0.
 14  0.
 15  0.
 16  0.
 17  0.
 18  0.
 19  0.
 20  0.
 21  0.
 22  0.
 23  0.
 24  0.
 25  0.
 26  0.
 27  0.
 28  0.
 29  0.
 30  0.
 31  0.
 32  0.
 33  0.
 34  0.
 35  0.
 36  0.
 37  0.
 38  0.
 39  0.
 40  0.
 41  0.
 42  0.
 43  0.
 44  0.
 45  0.
 46  0.
 47  0.
 48  0.
 49  0.
 50  0.
 51  0.
 52  0.
 53  0.
 54  0.
 55  0.
 56  0.
 57  0.
 58  0.
 59  0.
 60  0.
 61  0.
 62  0.
 63  0.
 64  0.
 65  0.
 66  0.
 67  0.
 68  0.
 69  0.
 70  0.
 71  0.
 72  0.
 73  0.
 74  0.
 75  0.
 76  0.
 77  0.
 78  0.
 79  0.
 80  0.
 81  0.
 82  0.
 83  0.
 84  0.
 85  0.
 86  0.
 87  0.
 88  0.
 89  0.
 90  0.
 91  0.
 92  0.
 93  0.
 94  0.
 95  0.
 96  0.
 97  0.
 98  0.
 99  0.
 100  0.
 101  0.
 102  0.
 103  0.
 104  0.
 105  0.
 106  0.
 107  0.
 108  0.
 109  0.
 110  0.
 111  0.
 112  0.
 113  0.
 114  0.
 115  0.
 116  0.
 117  0.
 118  0.
 119  0.
 120  0.
 121  0.
 122  0.
 123  0.
 124  0.
 125  0.
 126  0.
 127  0.
 128  0.
 129  0.
 130  0.
 131  0.
 132  0.
 133  0.
 134  0.
 135  0.
 136  0.
 137  0.
 138  0.
 139  0.
 140  0.
 141  0.
 142  0.
 143  0.
 144  0.
 145  0.
 146  0.
 147  0.
 148  0.
 149  0.
 150  0.
 151  0.
 152  0.
 153  0.
 154  0.
 155  0.
 156  0.
 157  0.
 158  0.
 159  0.
 160  0.
 161  0.
 162  0.
 163  0.
 164  0.
 165  0.
 166  0.
 167  0.
 168  0.
 169  0.
 170  0.
 171  0.
 172  0.
 173  0.
 174  0.
 175  0.
 176  0.
 177  0.
 178  0.
 179  0.
 180  0.
 181  0.
 182  0.
 183  0.
 184  0.
 185  0.
 186  0.
 187  0.
 188  0.
 189  0.
 190  0.
 191  0.
 192  0.
 193  0.
 194  0.
 195  0.
 196  0.
 197  0.
 198  0.
 199  0.
 200  0.
 201  0.
 202  0.
 203  0.
 204  0.
 205  0.
 206  0.
 207  0.
 208  0.
 209  0.
 210  0.
 211  0.
 212  0.
 213  0.
 214  0.
 215  0.
 216  0.
 217  0.
 218  0.
 219  0.
 220  0.
 221  0.
 222  0.
 223  0.
 224  0.
 225  0.
 226  0.
 227  0.
 228  0.
 229  0.
 230  0.
 231  0.
 232  0.
 233  0.
 234  0.
 235  0.
 236  0.
 237  0.
 238  0.
 239  0.
 240  0.
 241  0.
 242  0.
 243  0.
 244  0.
 245  0.
 246  0.
 247  0.
 248  0.
 249  0.
 250  0.
 251  0.
 252  0.
 253  0.
 254  0.
 255  0.
 256  0.
 257  0.
 258  0.
 259  0.
 260  0.
 261  0.
 262  0.
 263  0.
 264  0.
 265  0.
 266  0.
 267  0.
 268  0.
 269  0.
 270  0.
 271  0.
 272  0.
 273  0.
 274  0.
 275  0.
 276  0.
 277  0.
 278  0.
 279  0.
 280  0.
 281  0.
 282  0.
 283  0.
 284  0.
 285  0.
 286  0.
 287  0.
 288  0.
 289  0.
 290  0.
 291  0.
 292  0.
 293  0.
 294  0.
 295  0.
 296  0.
 297  0.
 298  0.
 299  0.
 300  0.
 301  0.
 302  0.
 303  0.
 304  0.
 305  0.
 306  0.
 307  0.
 308  0.
 309  0.
 310  0.
 311  0.
 312  0.
 313  0.
 314  0.
 315  0.
 316  0.
 317  0.
 318  0.
 319  0.
 320  0.
 321  0.
 322  0.
 323  0.
 324  0.
 325  0.
 326  0.
 327  0.
 328  0.
 329  0.
 330  0.
 331  0.
 332  0.
 333  0.
 334  0.
 335  0.
 336  0.
 337  0.
 338  0.
 339  0.
 340  0.
 341  0.
 342  0.
 343  0.
 344  0.
 345  0.
 346  0.
 347  0.
 348  0.
 349  0.
 350  0.
 351  0.
 352  0.
 353  0.
 354  0.
 355  0.
 356  0.
 357  0.
 358  0.
 359  0.
 360  0.
 361  0.
 362  0.
 363  0.
 364  0.
 365  0.
 366  0.
 367  0.
 368  0.
 369  0.
 370  0.
 371  0.
 372  0.
 373  0.
 374  0.
 375  0.
 376  0.
 377  0.
 378  0.
 379  0.
 380  0.
 381  0.
 382  0.
 383  0.
 384  0.
 385  0.
 386  0.
 387  0.
 388  0.
 389  0.
 390  0.
 391  0.
 392  0.
 393  0.
 394  0.
 395  0.
 396  0.
 397  0.
 398  0.
 399  0.
 400  0.
 401  0.
 402  0.
 403  0.
 404  0.
 405  0.
 406  0.
 407  0.
 408  0.
 409  0.
 410  0.
 411  0.
 412  0.
 413  0.
 414  0.
 415  0.
 416  0.
 417  0.
 418  0.
 419  0.
 420  0.
 421  0.
 422  0.
 423  0.
 424  0.
 425  0.
 426  0.
 427  0.
 428  0.
 429  0.
 430  0.
 431  0.
 432  0.
 433  0.
 434  0.
 435  0.
 436  0.
 437  0.
 438  0.
 439  0.
 440  0.
 441  0.
 442  0.
 443  0.
 444  0.
 445  0.
 446  0.
 447  0.
 448  0.
 449  0.
 450  0.
 451  0.
 452  0.
 453  0.
 454  0.
 455  0.
 456  0.
 457  0.
 458  0.
 459  0.
 460  0.
 461  0.
 462  0.
 463  0.
 464  0.
 465  0.
 466  0.
 467  0.
 468  0.
 469  0.
 470  0.
 471  0.
 472  0.
 473  0.
 474  0.
 475  0.
 476  0.
 477  0.
 478  0.
 479  0.
 480  0.
 481  0.
 482  0.
 483  0.
 484  0.
 485  0.
 486  0.
 487  0.
 488  0.
 489  0.
 490  0.
 491  0.
 492  0.
 493  0.
 494  0.
 495  0.
 496  0.
 497  0.
 498  0.
 499  0.
 500  0.

 1  0.
 2  0.
 3  0.
 4  0.
 5  0.
 6  0.
 7  0.
 8  0.
 9  0.
 10  0.
 11  0.
 12  0.
 13  0.
 14  0.
 15  0.
 16  0.
 17  0.
 18  0.
 19  0.
 20  0.
 21  0.
 22  0.
 23  0.
 24  0.
 25  0.
 26  0.
 27  0.
 28  0.
 29  0.
 30  0.
 31  0.
 32  0.
 33  0.
 34  0.
 35  0.
 36  0.
 37  0.
 38  0.
 39  0.
 40  0.
 41  0.
 42  0.
 43  0.
 44  0.
 45  0.
 46  0.
 47  0.
 48  0.
 49  0.
 50  0.
 51  0.
 52  0.
 53  0.
 54  0.
 55  0.
 56  0.
 57  0.
 58  0.
 59  0.
 60  0.
 61  0.
 62  0.
 63  0.
 64  0.
 65  0.
 66  0.
 67  0.
 68  0.
 69  0.
 70  0.
 71  0.
 72  0.
 73  0.
 74  0.
 75  0.
 76  0.
 77  0.
 78  0.
 79  0.
 80  0.
 81  0.
 82  0.
 83  0.
 84  0.
 85  0.
 86  0.
 87  0.
 88  0.
 89  0.
 90  0.
 91  0.
 92  0.
 93  0.
 94  0.
 95  0.
 96  0.
 97  0.
 98  0.
 99  0.
 100  0.
 101  0.
 102  0.
 103  0.
 104  0.
 105  0.
 106  0.
 107  0.
 108  0.
 109  0.
 110  0.
 111  0.
 112  0.
 113  0.
 114  0.
 115  0.
 116  0.
 117  0.
 118  0.
 119  0.
 120  0.
 121  0.
 122  0.
 123  0.
 124  0.
 125  0.
 126  0.
 127  0.
 128  0.
 129  0.
 130  0.
 131  0.
 132  0.
 133  0.
 134  0.
 135  0.
 136  0.
 137  0.
 138  0.
 139  0.
 140  0.
 141  0.
 142  0.
 143  0.
 144  0.
 145  0.
 146  0.
 147  0.
 148  0.
 149  0.
 150  0.
 151  0.
 152  0.
 153  0.
 154  0.
 155  0.
 156  0.
 157  0.
 158  0.
 159  0.
 160  0.
 161  0.
 162  0.
 163  0.
 164  0.
 165  0.
 166  0.
 167  0.
 168  0.
 169  0.
 170  0.
 171  0.
 172  0.
 173  0.
 174  0.
 175  0.
 176  0.
 177  0.
 178  0.
 179  0.
 180  0.
 181  0.
 182  0.
 183  0.
 184  0.
 185  0.
 186  0.
 187  0.
 188  0.
 189  0.
 190  0.
 191  0.
 192  0.
 193  0.
 194  0.
 195  0.
 196  0.
 197  0.
 198  0.
 199  0.
 200  0.
 201  0.
 202  0.
 203  0.
 204  0.
 205  0.
 206  0.
 207  0.
 208  0.
 209  0.
 210  0.
 211  0.
 212  0.
 213  0.
 214  0.
 215  0.
 216  0.
 217  0.
 218  0.
 219  0.
 220  0.
 221  0.
 222  0.
 223  0.
 224  0.
 225  0.
 226  0.
 227  0.
 228  0.
 229  0.
 230  0.
 231  0.
 232  0.
 233  0.
 234  0.
 235  0.
 236  0.
 237  0.
 238  0.
 239  0.
 240  0.
 241  0.
 242  0.
 243  0.
 244  0.
 245  0.
 246  0.
 247  0.
 248  0.
 249  0.
 250  0.
 251  0.
 252  0.
 253  0.
 254  0.
 255  0.
 256  0.
 257  0.
 258  0.
 259  0.
 260  0.
 261  0.
 262  0.
 263  0.
 264  0.
 265  0.
 266  0.
 267  0.
 268  0.
 269  0.
 270  0.
 271  0.
 272  0.
 273  0.
 274  0.
 275  0.
 276  0.
 277  0.
 278  0.
 279  0.
 280  0.
 281  0.
 282  0.
 283  0.
 284  0.
 285  0.
 286  0.
 287  0.
 288  0.
 289  0.
 290  0.
 291  0.
 292  0.
 293  0.
 294  0.
 295  0.
 296  0.
 297  0.
 298  0.
 299  0.
 300  0.
 301  0.
 302  0.
 303  0.
 304  0.
 305  0.
 306  0.
 307  0.
 308  0.
 309  0.
 310  0.
 311  0.
 312  0.
 313  0.
 314  0.
 315  0.
 316  0.
 317  0.
 318  0.
 319  0.
 320  0.
 321  0.
 322  0.
 323  0.
 324  0.
 325  0.
 326  0.
 327  0.
 328  0.
 329  0.
 330  0.
 331  0.
 332  0.
 333  0.
 334  0.
 335  0.
 336  0.
 337  0.
 338  0.
 339  0.
 340  0.
 341  0.
 342  0.
 343  0.
 344  0.
 345  0.
 346  0.
 347  0.
 348  0.
 349  0.
 350  0.
 351  0.
 352  0.
 353  0.
 354  0.
 355  0.
 356  0.
 357  0.
 358  0.
 359  0.
 360  0.
 361  0.
 362  0.
 363  0.
 364  0.
 365  0.
 366  0.
 367  0.
 368  0.
 369  0.
 370  0.
 371  0.
 372  0.
 373  0.
 374  0.
 375  0.
 376  0.
 377  0.
 378  0.
 379  0.
 380  0.
 381  0.
 382  0.
 383  0.
 384  0.
 385  0.
 386  0.
 387  0.
 388  0.
 389  0.
 390  0.
 391  0.
 392  0.
 393  0.
 394  0.
 395  0.
 396  0.
 397  0.
 398  0.
 399  0.
 400  0.
 401  0.
 402  0.
 403  0.
 404  0.
 405  0.
 406  0.
 407  0.
 408  0.
 409  0.
 410  0.
 411  0.
 412  0.
 413  0.
 414  0.
 415  0.
 416  0.
 417  0.
 418  0.
 419  0.
 420  0.
 421  0.
 422  0.
 423  0.
 424  0.
 425  0.
 426  0.
 427  0.
 428  0.
 429  0.
 430  0.
 431  0.
 432  0.
 433  0.
 434  0.
 435  0.
 436  0.
 437  0.
 438  0.
 439  0.
 440  0.
 441  0.
 442  0.
 443  0.
 444  0.
 445  0.
 446  0.
 447  0.
 448  0.
 449  0.
 450  0.
 451  0.
 452  0.
 453  0.
 454  0.
 455  0.
 456  0.
 457  0.
 458  0.
 459  0.
 460  0.
 461  0.
 462  0.
 463  0.
 464  0.
 465  0.
 466  0.
 467  0.
 468  0.
 469  0.
 470  0.
 471  0.
 472  0.
 473  0.
 474  0.
 475  0.
 476  0.
 477  0.
 478  0.
 479  0.
 480  0.
 481  0.
 482  0.
 483  0.
 484  0.
 485  0.
 486  0.
 487  0.
 488  0.
 489  0.
 490  0.
 491  0.
 492  0.
 493  0.
 494  0.
 495  0.
 496  0.
 497  0.
 498  0.
 499  0.
 500  0.

