 1  0.00305015594
 2  0.00305015594
 3  0.00266888645
 4  0.00324079068
 5  0.00305015594
 6  0.00285952119
 7  0.00305015594
 8  0.00305015594
 9  0.00305015594
 10  0.00305015594
 11  0.00324079068
 12  0.00324079068
 13  0.00324079068
 14  0.00324079068
 15  0.00324079068
 16  0.00324079068
 17  0.00324079068
 18  0.00324079068
 19  0.00324079068
 20  0.00324079068
 21  0.00305015594
 22  0.00305015594
 23  0.00324079068
 24  0.00305015594
 25  0.00324079068
 26  0.00324079068
 27  0.00305015594
 28  0.00324079068
 29  0.00324079068
 30  0.00324079068
 31  0.00324079068
 32  0.00324079068
 33  0.00324079068
 34  0.00324079068
 35  0.00324079068
 36  0.00324079068
 37  0.00343142543
 38  0.00324079068
 39  0.00324079068
 40  0.00324079068
 41  0.00324079068
 42  0.00324079068
 43  0.00324079068
 44  0.00324079068
 45  0.00324079068
 46  0.00324079068
 47  0.00324079068
 48  0.00324079068
 49  0.00324079068
 50  0.00324079068
 51  0.00324079068
 52  0.00324079068
 53  0.00324079068
 54  0.00324079068
 55  0.00324079068
 56  0.00324079068
 57  0.00343142543
 58  0.00324079068
 59  0.00324079068
 60  0.00324079068
 61  0.00324079068
 62  0.00324079068
 63  0.00324079068
 64  0.00324079068
 65  0.00324079068
 66  0.00324079068
 67  0.00324079068
 68  0.00324079068
 69  0.00324079068
 70  0.00324079068
 71  0.00305015594
 72  0.00324079068
 73  0.00324079068
 74  0.00324079068
 75  0.00324079068
 76  0.00324079068
 77  0.00324079068
 78  0.00305015594
 79  0.00324079068
 80  0.00343142543
 81  0.00324079068
 82  0.00324079068
 83  0.00324079068
 84  0.00324079068
 85  0.00343142543
 86  0.00324079068
 87  0.00324079068
 88  0.00324079068
 89  0.00324079068
 90  0.00324079068
 91  0.00324079068
 92  0.00324079068
 93  0.00343142543
 94  0.00324079068
 95  0.00343142543
 96  0.00324079068
 97  0.00324079068
 98  0.00324079068
 99  0.00305015594
 100  0.00343142543
 101  0.00324079068
 102  0.00324079068
 103  0.00324079068
 104  0.00324079068
 105  0.00324079068
 106  0.00324079068
 107  0.00324079068
 108  0.00324079068
 109  0.00324079068
 110  0.00324079068
 111  0.00343142543
 112  0.00324079068
 113  0.00324079068
 114  0.00324079068
 115  0.00324079068
 116  0.00324079068
 117  0.00343142543
 118  0.00324079068
 119  0.00305015594
 120  0.00324079068
 121  0.00324079068
 122  0.00324079068
 123  0.00324079068
 124  0.00324079068
 125  0.00343142543
 126  0.00324079068
 127  0.00343142543
 128  0.00324079068
 129  0.00324079068
 130  0.00324079068
 131  0.00343142543
 132  0.00324079068
 133  0.00324079068
 134  0.00343142543
 135  0.00324079068
 136  0.00324079068
 137  0.00343142543
 138  0.00324079068
 139  0.00324079068
 140  0.00324079068
 141  0.00324079068
 142  0.00324079068
 143  0.00343142543
 144  0.00324079068
 145  0.00324079068
 146  0.00324079068
 147  0.00324079068
 148  0.00305015594
 149  0.00343142543
 150  0.00324079068
 151  0.00324079068
 152  0.00324079068
 153  0.00324079068
 154  0.00324079068
 155  0.00324079068
 156  0.00324079068
 157  0.00324079068
 158  0.00305015594
 159  0.00324079068
 160  0.00324079068
 161  0.00324079068
 162  0.00305015594
 163  0.00324079068
 164  0.00324079068
 165  0.00324079068
 166  0.00305015594
 167  0.00305015594
 168  0.00324079068
 169  0.00305015594
 170  0.00324079068
 171  0.00324079068
 172  0.00324079068
 173  0.00324079068
 174  0.00324079068
 175  0.00324079068
 176  0.00305015594
 177  0.00324079068
 178  0.00324079068
 179  0.00324079068
 180  0.00324079068
 181  0.00324079068
 182  0.00324079068
 183  0.00324079068
 184  0.00324079068
 185  0.00324079068
 186  0.00343142543
 187  0.00324079068
 188  0.00343142543
 189  0.00324079068
 190  0.00324079068
 191  0.00324079068
 192  0.00324079068
 193  0.00324079068
 194  0.00324079068
 195  0.00324079068
 196  0.00324079068
 197  0.00343142543
 198  0.00324079068
 199  0.00324079068
 200  0.00343142543
 201  0.00343142543
 202  0.00305015594
 203  0.00343142543
 204  0.00324079068
 205  0.00324079068
 206  0.00324079068
 207  0.00343142543
 208  0.00324079068
 209  0.00324079068
 210  0.00343142543
 211  0.00324079068
 212  0.00343142543
 213  0.00343142543
 214  0.00324079068
 215  0.00324079068
 216  0.00324079068
 217  0.00324079068
 218  0.00324079068
 219  0.00324079068
 220  0.00324079068
 221  0.00324079068
 222  0.00324079068
 223  0.00324079068
 224  0.00324079068
 225  0.00343142543
 226  0.00343142543
 227  0.00343142543
 228  0.00324079068
 229  0.00343142543
 230  0.00343142543
 231  0.00324079068
 232  0.00324079068
 233  0.00343142543
 234  0.00324079068
 235  0.00343142543
 236  0.00324079068
 237  0.00343142543
 238  0.00324079068
 239  0.00324079068
 240  0.00343142543
 241  0.00324079068
 242  0.00324079068
 243  0.00343142543
 244  0.00324079068
 245  0.00343142543
 246  0.00343142543
 247  0.00343142543
 248  0.00324079068
 249  0.00324079068
 250  0.00362206018
 251  0.00324079068
 252  0.00324079068
 253  0.00343142543
 254  0.00343142543
 255  0.00343142543
 256  0.00343142543
 257  0.00343142543
 258  0.00343142543
 259  0.00324079068
 260  0.00324079068
 261  0.00324079068
 262  0.00324079068
 263  0.00324079068
 264  0.00324079068
 265  0.00324079068
 266  0.00324079068
 267  0.00324079068
 268  0.00343142543
 269  0.00324079068
 270  0.00343142543
 271  0.00343142543
 272  0.00343142543
 273  0.00343142543
 274  0.00324079068
 275  0.00343142543
 276  0.00324079068
 277  0.00343142543
 278  0.00324079068
 279  0.00324079068
 280  0.00324079068
 281  0.00324079068
 282  0.00343142543
 283  0.00343142543
 284  0.00324079068
 285  0.00324079068
 286  0.00324079068
 287  0.00343142543
 288  0.00324079068
 289  0.00343142543
 290  0.00324079068
 291  0.00343142543
 292  0.00343142543
 293  0.00324079068
 294  0.00343142543
 295  0.00343142543
 296  0.00324079068
 297  0.00343142543
 298  0.00343142543
 299  0.00343142543
 300  0.00343142543
 301  0.00343142543
 302  0.00324079068
 303  0.00343142543
 304  0.00343142543
 305  0.00343142543
 306  0.00343142543
 307  0.00343142543
 308  0.00324079068
 309  0.00343142543
 310  0.00324079068
 311  0.00324079068
 312  0.00343142543
 313  0.00324079068
 314  0.00324079068
 315  0.00324079068
 316  0.00324079068
 317  0.00324079068
 318  0.00324079068
 319  0.00343142543
 320  0.00324079068
 321  0.00324079068
 322  0.00324079068
 323  0.00324079068
 324  0.00343142543
 325  0.00343142543
 326  0.00343142543
 327  0.00324079068
 328  0.00343142543
 329  0.00324079068
 330  0.00343142543
 331  0.00324079068
 332  0.00324079068
 333  0.00324079068
 334  0.00324079068
 335  0.00324079068
 336  0.00324079068
 337  0.00324079068
 338  0.00324079068
 339  0.00343142543
 340  0.00324079068
 341  0.00343142543
 342  0.00324079068
 343  0.00324079068
 344  0.00324079068
 345  0.00343142543
 346  0.00324079068
 347  0.00343142543
 348  0.00343142543
 349  0.00324079068
 350  0.00324079068
 351  0.00324079068
 352  0.00324079068
 353  0.00324079068
 354  0.00343142543
 355  0.00324079068
 356  0.00343142543
 357  0.00324079068
 358  0.00324079068
 359  0.00324079068
 360  0.00343142543
 361  0.00343142543
 362  0.00324079068
 363  0.00324079068
 364  0.00343142543
 365  0.00324079068
 366  0.00343142543
 367  0.00343142543
 368  0.00343142543
 369  0.00343142543
 370  0.00343142543
 371  0.00324079068
 372  0.00343142543
 373  0.00343142543
 374  0.00324079068
 375  0.00343142543
 376  0.00343142543
 377  0.00324079068
 378  0.00324079068
 379  0.00343142543
 380  0.00324079068
 381  0.00324079068
 382  0.00324079068
 383  0.00324079068
 384  0.00324079068
 385  0.00324079068
 386  0.00324079068
 387  0.00324079068
 388  0.00343142543
 389  0.00343142543
 390  0.00343142543
 391  0.00343142543
 392  0.00343142543
 393  0.00343142543
 394  0.00343142543
 395  0.00324079068
 396  0.00343142543
 397  0.00343142543
 398  0.00324079068
 399  0.00343142543
 400  0.00324079068
 401  0.00324079068
 402  0.00343142543
 403  0.00343142543
 404  0.00343142543
 405  0.00324079068
 406  0.00343142543
 407  0.00324079068
 408  0.00324079068
 409  0.00324079068
 410  0.00343142543
 411  0.00324079068
 412  0.00343142543
 413  0.00343142543
 414  0.00343142543
 415  0.00324079068
 416  0.00343142543
 417  0.00343142543
 418  0.00343142543
 419  0.00324079068
 420  0.00343142543
 421  0.00343142543
 422  0.00343142543
 423  0.00343142543
 424  0.00343142543
 425  0.00343142543
 426  0.00324079068
 427  0.00343142543
 428  0.00324079068
 429  0.00343142543
 430  0.00343142543
 431  0.00324079068
 432  0.00324079068
 433  0.00343142543
 434  0.00343142543
 435  0.00343142543
 436  0.00324079068
 437  0.00343142543
 438  0.00324079068
 439  0.00324079068
 440  0.00343142543
 441  0.00343142543
 442  0.00343142543
 443  0.00343142543
 444  0.00324079068
 445  0.00343142543
 446  0.00324079068
 447  0.00343142543
 448  0.00343142543
 449  0.00343142543
 450  0.00343142543
 451  0.00343142543
 452  0.00324079068
 453  0.00343142543
 454  0.00343142543
 455  0.00324079068
 456  0.00324079068
 457  0.00343142543
 458  0.00362206018
 459  0.00343142543
 460  0.00343142543
 461  0.00324079068
 462  0.00362206018
 463  0.00343142543
 464  0.00343142543
 465  0.00324079068
 466  0.00343142543
 467  0.00343142543
 468  0.00343142543
 469  0.00343142543
 470  0.00343142543
 471  0.00343142543
 472  0.00324079068
 473  0.00305015594
 474  0.00343142543
 475  0.00343142543
 476  0.00343142543
 477  0.00343142543
 478  0.00343142543
 479  0.00343142543
 480  0.00324079068
 481  0.00343142543
 482  0.00343142543
 483  0.00324079068
 484  0.00343142543
 485  0.00324079068
 486  0.00343142543
 487  0.00343142543
 488  0.00343142543
 489  0.00324079068
 490  0.00343142543
 491  0.00362206018
 492  0.00343142543
 493  0.00343142543
 494  0.00324079068
 495  0.00324079068
 496  0.00324079068
 497  0.00343142543
 498  0.00343142543
 499  0.00343142543
 500  0.00343142543

 1  0.00400332967
 2  0.00400332967
 3  0.00362206018
 4  0.00400332967
 5  0.00400332967
 6  0.00400332967
 7  0.00400332967
 8  0.00419396441
 9  0.00419396441
 10  0.00419396441
 11  0.00419396441
 12  0.00419396441
 13  0.00419396441
 14  0.00438459916
 15  0.00419396441
 16  0.00419396441
 17  0.00419396441
 18  0.00419396441
 19  0.00419396441
 20  0.00419396441
 21  0.00419396441
 22  0.00400332967
 23  0.00419396441
 24  0.00400332967
 25  0.00400332967
 26  0.00419396441
 27  0.00419396441
 28  0.00438459916
 29  0.00419396441
 30  0.00419396441
 31  0.00419396441
 32  0.00419396441
 33  0.00419396441
 34  0.00438459916
 35  0.00419396441
 36  0.00419396441
 37  0.00438459916
 38  0.00419396441
 39  0.00419396441
 40  0.00438459916
 41  0.00419396441
 42  0.00419396441
 43  0.00438459916
 44  0.00438459916
 45  0.00419396441
 46  0.00419396441
 47  0.00419396441
 48  0.00419396441
 49  0.00419396441
 50  0.00419396441
 51  0.00419396441
 52  0.00419396441
 53  0.00438459916
 54  0.00438459916
 55  0.00438459916
 56  0.00438459916
 57  0.00438459916
 58  0.00419396441
 59  0.00438459916
 60  0.00438459916
 61  0.00419396441
 62  0.00438459916
 63  0.00419396441
 64  0.00419396441
 65  0.00438459916
 66  0.00438459916
 67  0.00438459916
 68  0.00419396441
 69  0.00419396441
 70  0.00419396441
 71  0.00419396441
 72  0.00419396441
 73  0.00419396441
 74  0.00419396441
 75  0.00419396441
 76  0.00419396441
 77  0.00419396441
 78  0.00419396441
 79  0.00419396441
 80  0.00438459916
 81  0.00419396441
 82  0.00438459916
 83  0.00419396441
 84  0.00419396441
 85  0.00438459916
 86  0.00419396441
 87  0.00419396441
 88  0.00438459916
 89  0.00438459916
 90  0.00419396441
 91  0.00438459916
 92  0.00438459916
 93  0.00419396441
 94  0.00419396441
 95  0.00438459916
 96  0.00419396441
 97  0.00419396441
 98  0.00419396441
 99  0.00419396441
 100  0.00419396441
 101  0.00438459916
 102  0.00438459916
 103  0.00419396441
 104  0.00438459916
 105  0.00438459916
 106  0.00438459916
 107  0.00438459916
 108  0.00438459916
 109  0.00438459916
 110  0.00438459916
 111  0.00438459916
 112  0.00419396441
 113  0.00438459916
 114  0.00438459916
 115  0.00438459916
 116  0.00419396441
 117  0.00438459916
 118  0.00438459916
 119  0.00419396441
 120  0.00419396441
 121  0.00419396441
 122  0.00419396441
 123  0.00438459916
 124  0.00438459916
 125  0.00438459916
 126  0.00419396441
 127  0.00438459916
 128  0.00438459916
 129  0.00438459916
 130  0.00419396441
 131  0.00438459916
 132  0.00438459916
 133  0.00438459916
 134  0.00438459916
 135  0.00419396441
 136  0.00419396441
 137  0.00438459916
 138  0.00419396441
 139  0.00419396441
 140  0.00438459916
 141  0.00419396441
 142  0.00419396441
 143  0.00438459916
 144  0.00419396441
 145  0.00419396441
 146  0.00419396441
 147  0.00419396441
 148  0.00419396441
 149  0.00438459916
 150  0.00419396441
 151  0.00419396441
 152  0.00438459916
 153  0.00438459916
 154  0.00438459916
 155  0.00438459916
 156  0.00438459916
 157  0.00419396441
 158  0.00419396441
 159  0.00438459916
 160  0.00438459916
 161  0.00419396441
 162  0.00419396441
 163  0.00419396441
 164  0.00419396441
 165  0.00419396441
 166  0.00419396441
 167  0.00400332967
 168  0.00419396441
 169  0.00419396441
 170  0.00419396441
 171  0.00419396441
 172  0.00419396441
 173  0.00419396441
 174  0.00419396441
 175  0.00419396441
 176  0.00419396441
 177  0.00419396441
 178  0.00438459916
 179  0.00438459916
 180  0.00419396441
 181  0.00419396441
 182  0.00438459916
 183  0.00419396441
 184  0.00438459916
 185  0.00419396441
 186  0.00438459916
 187  0.00438459916
 188  0.00438459916
 189  0.00419396441
 190  0.00419396441
 191  0.00419396441
 192  0.00419396441
 193  0.00438459916
 194  0.00419396441
 195  0.00419396441
 196  0.00419396441
 197  0.00438459916
 198  0.00438459916
 199  0.00438459916
 200  0.00438459916
 201  0.00438459916
 202  0.00419396441
 203  0.00438459916
 204  0.00419396441
 205  0.00438459916
 206  0.00438459916
 207  0.00438459916
 208  0.00438459916
 209  0.00419396441
 210  0.00457523391
 211  0.00438459916
 212  0.00438459916
 213  0.00438459916
 214  0.00438459916
 215  0.00438459916
 216  0.00438459916
 217  0.00419396441
 218  0.00438459916
 219  0.00438459916
 220  0.00419396441
 221  0.00438459916
 222  0.00438459916
 223  0.00438459916
 224  0.00419396441
 225  0.00438459916
 226  0.00438459916
 227  0.00438459916
 228  0.00438459916
 229  0.00438459916
 230  0.00457523391
 231  0.00438459916
 232  0.00438459916
 233  0.00438459916
 234  0.00419396441
 235  0.00438459916
 236  0.00438459916
 237  0.00438459916
 238  0.00419396441
 239  0.00438459916
 240  0.00438459916
 241  0.00419396441
 242  0.00419396441
 243  0.00438459916
 244  0.00419396441
 245  0.00438459916
 246  0.00438459916
 247  0.00438459916
 248  0.00438459916
 249  0.00438459916
 250  0.00457523391
 251  0.00457523391
 252  0.00438459916
 253  0.00457523391
 254  0.00438459916
 255  0.00438459916
 256  0.00438459916
 257  0.00438459916
 258  0.00438459916
 259  0.00438459916
 260  0.00438459916
 261  0.00419396441
 262  0.00438459916
 263  0.00438459916
 264  0.00438459916
 265  0.00419396441
 266  0.00419396441
 267  0.00438459916
 268  0.00438459916
 269  0.00438459916
 270  0.00438459916
 271  0.00438459916
 272  0.00419396441
 273  0.00438459916
 274  0.00438459916
 275  0.00438459916
 276  0.00438459916
 277  0.00438459916
 278  0.00438459916
 279  0.00438459916
 280  0.00438459916
 281  0.00438459916
 282  0.00438459916
 283  0.00438459916
 284  0.00419396441
 285  0.00438459916
 286  0.00438459916
 287  0.00438459916
 288  0.00438459916
 289  0.00438459916
 290  0.00419396441
 291  0.00457523391
 292  0.00438459916
 293  0.00438459916
 294  0.00438459916
 295  0.00438459916
 296  0.00438459916
 297  0.00438459916
 298  0.00438459916
 299  0.00457523391
 300  0.00438459916
 301  0.00457523391
 302  0.00438459916
 303  0.00457523391
 304  0.00438459916
 305  0.00438459916
 306  0.00438459916
 307  0.00438459916
 308  0.00438459916
 309  0.00438459916
 310  0.00419396441
 311  0.00419396441
 312  0.00438459916
 313  0.00419396441
 314  0.00419396441
 315  0.00419396441
 316  0.00438459916
 317  0.00419396441
 318  0.00438459916
 319  0.00438459916
 320  0.00419396441
 321  0.00438459916
 322  0.00419396441
 323  0.00438459916
 324  0.00438459916
 325  0.00438459916
 326  0.00438459916
 327  0.00438459916
 328  0.00438459916
 329  0.00419396441
 330  0.00438459916
 331  0.00438459916
 332  0.00419396441
 333  0.00438459916
 334  0.00419396441
 335  0.00419396441
 336  0.00438459916
 337  0.00438459916
 338  0.00438459916
 339  0.00438459916
 340  0.00419396441
 341  0.00438459916
 342  0.00419396441
 343  0.00438459916
 344  0.00438459916
 345  0.00438459916
 346  0.00438459916
 347  0.00438459916
 348  0.00438459916
 349  0.00438459916
 350  0.00438459916
 351  0.00438459916
 352  0.00438459916
 353  0.00438459916
 354  0.00438459916
 355  0.00438459916
 356  0.00438459916
 357  0.00419396441
 358  0.00438459916
 359  0.00438459916
 360  0.00438459916
 361  0.00457523391
 362  0.00438459916
 363  0.00438459916
 364  0.00438459916
 365  0.00438459916
 366  0.00438459916
 367  0.00438459916
 368  0.00438459916
 369  0.00438459916
 370  0.00438459916
 371  0.00438459916
 372  0.00438459916
 373  0.00457523391
 374  0.00438459916
 375  0.00438459916
 376  0.00457523391
 377  0.00419396441
 378  0.00438459916
 379  0.00438459916
 380  0.00419396441
 381  0.00438459916
 382  0.00438459916
 383  0.00438459916
 384  0.00419396441
 385  0.00438459916
 386  0.00457523391
 387  0.00419396441
 388  0.00438459916
 389  0.00457523391
 390  0.00438459916
 391  0.00457523391
 392  0.00438459916
 393  0.00457523391
 394  0.00438459916
 395  0.00419396441
 396  0.00457523391
 397  0.00457523391
 398  0.00438459916
 399  0.00438459916
 400  0.00438459916
 401  0.00438459916
 402  0.00457523391
 403  0.00438459916
 404  0.00438459916
 405  0.00419396441
 406  0.00438459916
 407  0.00438459916
 408  0.00438459916
 409  0.00438459916
 410  0.00438459916
 411  0.00438459916
 412  0.00438459916
 413  0.00438459916
 414  0.00438459916
 415  0.00438459916
 416  0.00438459916
 417  0.00438459916
 418  0.00438459916
 419  0.00438459916
 420  0.00457523391
 421  0.00457523391
 422  0.00438459916
 423  0.00457523391
 424  0.00438459916
 425  0.00457523391
 426  0.00438459916
 427  0.00457523391
 428  0.00419396441
 429  0.00457523391
 430  0.00438459916
 431  0.00419396441
 432  0.00419396441
 433  0.00438459916
 434  0.00438459916
 435  0.00419396441
 436  0.00438459916
 437  0.00438459916
 438  0.00438459916
 439  0.00438459916
 440  0.00438459916
 441  0.00457523391
 442  0.00438459916
 443  0.00438459916
 444  0.00438459916
 445  0.00457523391
 446  0.00438459916
 447  0.00438459916
 448  0.00457523391
 449  0.00457523391
 450  0.00438459916
 451  0.00457523391
 452  0.00438459916
 453  0.00457523391
 454  0.00438459916
 455  0.00438459916
 456  0.00438459916
 457  0.00438459916
 458  0.00457523391
 459  0.00438459916
 460  0.00438459916
 461  0.00438459916
 462  0.00438459916
 463  0.00438459916
 464  0.00457523391
 465  0.00438459916
 466  0.00457523391
 467  0.00438459916
 468  0.00438459916
 469  0.00438459916
 470  0.00438459916
 471  0.00457523391
 472  0.00438459916
 473  0.00419396441
 474  0.00438459916
 475  0.00438459916
 476  0.00457523391
 477  0.00438459916
 478  0.00438459916
 479  0.00438459916
 480  0.00438459916
 481  0.00438459916
 482  0.00438459916
 483  0.00457523391
 484  0.00438459916
 485  0.00438459916
 486  0.00438459916
 487  0.00438459916
 488  0.00438459916
 489  0.00438459916
 490  0.00438459916
 491  0.00457523391
 492  0.00438459916
 493  0.00438459916
 494  0.00438459916
 495  0.00419396441
 496  0.00438459916
 497  0.00438459916
 498  0.00438459916
 499  0.00438459916
 500  0.00438459916

 1  0.00476586865
 2  0.00476586865
 3  0.00438459916
 4  0.00476586865
 5  0.00476586865
 6  0.00476586865
 7  0.0049565034
 8  0.0049565034
 9  0.0049565034
 10  0.0049565034
 11  0.0049565034
 12  0.0049565034
 13  0.0049565034
 14  0.00514713814
 15  0.0049565034
 16  0.0049565034
 17  0.0049565034
 18  0.00514713814
 19  0.0049565034
 20  0.0049565034
 21  0.0049565034
 22  0.00476586865
 23  0.00514713814
 24  0.0049565034
 25  0.0049565034
 26  0.0049565034
 27  0.0049565034
 28  0.00514713814
 29  0.00514713814
 30  0.00514713814
 31  0.00514713814
 32  0.0049565034
 33  0.00514713814
 34  0.00514713814
 35  0.00514713814
 36  0.0049565034
 37  0.00533777289
 38  0.0049565034
 39  0.0049565034
 40  0.00514713814
 41  0.0049565034
 42  0.0049565034
 43  0.00514713814
 44  0.00514713814
 45  0.00514713814
 46  0.0049565034
 47  0.00514713814
 48  0.00514713814
 49  0.0049565034
 50  0.00514713814
 51  0.0049565034
 52  0.00514713814
 53  0.00514713814
 54  0.00514713814
 55  0.00514713814
 56  0.00514713814
 57  0.00514713814
 58  0.0049565034
 59  0.00514713814
 60  0.00514713814
 61  0.00514713814
 62  0.00514713814
 63  0.00514713814
 64  0.0049565034
 65  0.00514713814
 66  0.00533777289
 67  0.00514713814
 68  0.0049565034
 69  0.00514713814
 70  0.0049565034
 71  0.0049565034
 72  0.0049565034
 73  0.00514713814
 74  0.0049565034
 75  0.0049565034
 76  0.00514713814
 77  0.00514713814
 78  0.00514713814
 79  0.00514713814
 80  0.00533777289
 81  0.0049565034
 82  0.00514713814
 83  0.00514713814
 84  0.0049565034
 85  0.00514713814
 86  0.00514713814
 87  0.00514713814
 88  0.00514713814
 89  0.00533777289
 90  0.00514713814
 91  0.00514713814
 92  0.00514713814
 93  0.00514713814
 94  0.0049565034
 95  0.00514713814
 96  0.0049565034
 97  0.00514713814
 98  0.00514713814
 99  0.00514713814
 100  0.00514713814
 101  0.00514713814
 102  0.00514713814
 103  0.00514713814
 104  0.00514713814
 105  0.00514713814
 106  0.00533777289
 107  0.00533777289
 108  0.00514713814
 109  0.00514713814
 110  0.00514713814
 111  0.00533777289
 112  0.00533777289
 113  0.00514713814
 114  0.00514713814
 115  0.00533777289
 116  0.0049565034
 117  0.00514713814
 118  0.00514713814
 119  0.0049565034
 120  0.00514713814
 121  0.0049565034
 122  0.00514713814
 123  0.00514713814
 124  0.00514713814
 125  0.00514713814
 126  0.00514713814
 127  0.00514713814
 128  0.00514713814
 129  0.00514713814
 130  0.00514713814
 131  0.00533777289
 132  0.00533777289
 133  0.00514713814
 134  0.00514713814
 135  0.00514713814
 136  0.00514713814
 137  0.00514713814
 138  0.0049565034
 139  0.00514713814
 140  0.00514713814
 141  0.00514713814
 142  0.0049565034
 143  0.00533777289
 144  0.00514713814
 145  0.00514713814
 146  0.00514713814
 147  0.0049565034
 148  0.0049565034
 149  0.00514713814
 150  0.00514713814
 151  0.00514713814
 152  0.00533777289
 153  0.00514713814
 154  0.00514713814
 155  0.00514713814
 156  0.00514713814
 157  0.0049565034
 158  0.00514713814
 159  0.00514713814
 160  0.00514713814
 161  0.0049565034
 162  0.0049565034
 163  0.00514713814
 164  0.00514713814
 165  0.00514713814
 166  0.0049565034
 167  0.00476586865
 168  0.0049565034
 169  0.0049565034
 170  0.00514713814
 171  0.0049565034
 172  0.00514713814
 173  0.0049565034
 174  0.00514713814
 175  0.0049565034
 176  0.0049565034
 177  0.00514713814
 178  0.00514713814
 179  0.00514713814
 180  0.00514713814
 181  0.00514713814
 182  0.00533777289
 183  0.00514713814
 184  0.00514713814
 185  0.00514713814
 186  0.00514713814
 187  0.00514713814
 188  0.00514713814
 189  0.0049565034
 190  0.0049565034
 191  0.00514713814
 192  0.0049565034
 193  0.00514713814
 194  0.00514713814
 195  0.00514713814
 196  0.00514713814
 197  0.00514713814
 198  0.00514713814
 199  0.00514713814
 200  0.00533777289
 201  0.00514713814
 202  0.0049565034
 203  0.00514713814
 204  0.00514713814
 205  0.00533777289
 206  0.00514713814
 207  0.00514713814
 208  0.00514713814
 209  0.00514713814
 210  0.00533777289
 211  0.00514713814
 212  0.00533777289
 213  0.00514713814
 214  0.00514713814
 215  0.00514713814
 216  0.00514713814
 217  0.00514713814
 218  0.00514713814
 219  0.00514713814
 220  0.00514713814
 221  0.00514713814
 222  0.00533777289
 223  0.00533777289
 224  0.00514713814
 225  0.00514713814
 226  0.00514713814
 227  0.00514713814
 228  0.00514713814
 229  0.00514713814
 230  0.00533777289
 231  0.00514713814
 232  0.00514713814
 233  0.00514713814
 234  0.00514713814
 235  0.00514713814
 236  0.00514713814
 237  0.00514713814
 238  0.0049565034
 239  0.00514713814
 240  0.00514713814
 241  0.00533777289
 242  0.00533777289
 243  0.00514713814
 244  0.00514713814
 245  0.00533777289
 246  0.00514713814
 247  0.00514713814
 248  0.00533777289
 249  0.00533777289
 250  0.00533777289
 251  0.00533777289
 252  0.00514713814
 253  0.00533777289
 254  0.00533777289
 255  0.00533777289
 256  0.00533777289
 257  0.00533777289
 258  0.00533777289
 259  0.00514713814
 260  0.00514713814
 261  0.00514713814
 262  0.00514713814
 263  0.00533777289
 264  0.00514713814
 265  0.00514713814
 266  0.00514713814
 267  0.00514713814
 268  0.00514713814
 269  0.00514713814
 270  0.00514713814
 271  0.00533777289
 272  0.00514713814
 273  0.00533777289
 274  0.00533777289
 275  0.00533777289
 276  0.00514713814
 277  0.00533777289
 278  0.00533777289
 279  0.00514713814
 280  0.00533777289
 281  0.00533777289
 282  0.00533777289
 283  0.00533777289
 284  0.00514713814
 285  0.00514713814
 286  0.00514713814
 287  0.00514713814
 288  0.00514713814
 289  0.00514713814
 290  0.00514713814
 291  0.00533777289
 292  0.00533777289
 293  0.00514713814
 294  0.00514713814
 295  0.00514713814
 296  0.00533777289
 297  0.00514713814
 298  0.00533777289
 299  0.00533777289
 300  0.00533777289
 301  0.00533777289
 302  0.00533777289
 303  0.00533777289
 304  0.00533777289
 305  0.00533777289
 306  0.00514713814
 307  0.00514713814
 308  0.00533777289
 309  0.00514713814
 310  0.00514713814
 311  0.00514713814
 312  0.00514713814
 313  0.00514713814
 314  0.0049565034
 315  0.00514713814
 316  0.00533777289
 317  0.00514713814
 318  0.00514713814
 319  0.00514713814
 320  0.00514713814
 321  0.00514713814
 322  0.00514713814
 323  0.00514713814
 324  0.00533777289
 325  0.00514713814
 326  0.00514713814
 327  0.00533777289
 328  0.00514713814
 329  0.00514713814
 330  0.00514713814
 331  0.00514713814
 332  0.00514713814
 333  0.00514713814
 334  0.0049565034
 335  0.0049565034
 336  0.00514713814
 337  0.00514713814
 338  0.00514713814
 339  0.00514713814
 340  0.00514713814
 341  0.00514713814
 342  0.00514713814
 343  0.00533777289
 344  0.00514713814
 345  0.00514713814
 346  0.00514713814
 347  0.00514713814
 348  0.00533777289
 349  0.00514713814
 350  0.00514713814
 351  0.00533777289
 352  0.00514713814
 353  0.00514713814
 354  0.00514713814
 355  0.00514713814
 356  0.00514713814
 357  0.00514713814
 358  0.00514713814
 359  0.00514713814
 360  0.00514713814
 361  0.00533777289
 362  0.00514713814
 363  0.00514713814
 364  0.00514713814
 365  0.00514713814
 366  0.00533777289
 367  0.00533777289
 368  0.00533777289
 369  0.00533777289
 370  0.00533777289
 371  0.00533777289
 372  0.00533777289
 373  0.00533777289
 374  0.00533777289
 375  0.00533777289
 376  0.00533777289
 377  0.00514713814
 378  0.00533777289
 379  0.00533777289
 380  0.00514713814
 381  0.00533777289
 382  0.00514713814
 383  0.00533777289
 384  0.00514713814
 385  0.00533777289
 386  0.00533777289
 387  0.00514713814
 388  0.00533777289
 389  0.00533777289
 390  0.00514713814
 391  0.00533777289
 392  0.00533777289
 393  0.00533777289
 394  0.00533777289
 395  0.00514713814
 396  0.00533777289
 397  0.00533777289
 398  0.00533777289
 399  0.00533777289
 400  0.00533777289
 401  0.00514713814
 402  0.00533777289
 403  0.00533777289
 404  0.00533777289
 405  0.00514713814
 406  0.00514713814
 407  0.00514713814
 408  0.00533777289
 409  0.00514713814
 410  0.00533777289
 411  0.00514713814
 412  0.00514713814
 413  0.00533777289
 414  0.00514713814
 415  0.00533777289
 416  0.00533777289
 417  0.00533777289
 418  0.00533777289
 419  0.00533777289
 420  0.00514713814
 421  0.00533777289
 422  0.00533777289
 423  0.00533777289
 424  0.00533777289
 425  0.00533777289
 426  0.00533777289
 427  0.00533777289
 428  0.00514713814
 429  0.00533777289
 430  0.00533777289
 431  0.00514713814
 432  0.00514713814
 433  0.00514713814
 434  0.00533777289
 435  0.00514713814
 436  0.00533777289
 437  0.00533777289
 438  0.00514713814
 439  0.00533777289
 440  0.00533777289
 441  0.00533777289
 442  0.00533777289
 443  0.00533777289
 444  0.00533777289
 445  0.00533777289
 446  0.00533777289
 447  0.00533777289
 448  0.00533777289
 449  0.00533777289
 450  0.00533777289
 451  0.00533777289
 452  0.00514713814
 453  0.00533777289
 454  0.00533777289
 455  0.00533777289
 456  0.00533777289
 457  0.00533777289
 458  0.00533777289
 459  0.00514713814
 460  0.00533777289
 461  0.00533777289
 462  0.00533777289
 463  0.00533777289
 464  0.00533777289
 465  0.00514713814
 466  0.00552840764
 467  0.00514713814
 468  0.00533777289
 469  0.00533777289
 470  0.00533777289
 471  0.00533777289
 472  0.00533777289
 473  0.00514713814
 474  0.00533777289
 475  0.00533777289
 476  0.00533777289
 477  0.00533777289
 478  0.00514713814
 479  0.00514713814
 480  0.00514713814
 481  0.00533777289
 482  0.00533777289
 483  0.00533777289
 484  0.00533777289
 485  0.00514713814
 486  0.00533777289
 487  0.00514713814
 488  0.00533777289
 489  0.00533777289
 490  0.00533777289
 491  0.00552840764
 492  0.00514713814
 493  0.00533777289
 494  0.00514713814
 495  0.00514713814
 496  0.00533777289
 497  0.00514713814
 498  0.00514713814
 499  0.00533777289
 500  0.00514713814

 1  0.00571904238
 2  0.00552840764
 3  0.0049565034
 4  0.00552840764
 5  0.00552840764
 6  0.00552840764
 7  0.00552840764
 8  0.00571904238
 9  0.00571904238
 10  0.00571904238
 11  0.00571904238
 12  0.00571904238
 13  0.00571904238
 14  0.00571904238
 15  0.00571904238
 16  0.00571904238
 17  0.00571904238
 18  0.00571904238
 19  0.00571904238
 20  0.00571904238
 21  0.00571904238
 22  0.00552840764
 23  0.00590967713
 24  0.00571904238
 25  0.00552840764
 26  0.00571904238
 27  0.00571904238
 28  0.00590967713
 29  0.00590967713
 30  0.00590967713
 31  0.00590967713
 32  0.00571904238
 33  0.00571904238
 34  0.00590967713
 35  0.00590967713
 36  0.00590967713
 37  0.00590967713
 38  0.00571904238
 39  0.00590967713
 40  0.00610031188
 41  0.00571904238
 42  0.00571904238
 43  0.00590967713
 44  0.00571904238
 45  0.00590967713
 46  0.00571904238
 47  0.00571904238
 48  0.00590967713
 49  0.00571904238
 50  0.00590967713
 51  0.00571904238
 52  0.00571904238
 53  0.00590967713
 54  0.00590967713
 55  0.00590967713
 56  0.00590967713
 57  0.00590967713
 58  0.00571904238
 59  0.00590967713
 60  0.00590967713
 61  0.00571904238
 62  0.00590967713
 63  0.00590967713
 64  0.00590967713
 65  0.00590967713
 66  0.00590967713
 67  0.00571904238
 68  0.00571904238
 69  0.00590967713
 70  0.00571904238
 71  0.00571904238
 72  0.00590967713
 73  0.00571904238
 74  0.00571904238
 75  0.00571904238
 76  0.00590967713
 77  0.00571904238
 78  0.00590967713
 79  0.00571904238
 80  0.00610031188
 81  0.00571904238
 82  0.00590967713
 83  0.00590967713
 84  0.00571904238
 85  0.00590967713
 86  0.00590967713
 87  0.00590967713
 88  0.00590967713
 89  0.00610031188
 90  0.00590967713
 91  0.00590967713
 92  0.00590967713
 93  0.00590967713
 94  0.00571904238
 95  0.00590967713
 96  0.00571904238
 97  0.00590967713
 98  0.00590967713
 99  0.00590967713
 100  0.00590967713
 101  0.00571904238
 102  0.00590967713
 103  0.00590967713
 104  0.00590967713
 105  0.00610031188
 106  0.00590967713
 107  0.00610031188
 108  0.00590967713
 109  0.00610031188
 110  0.00590967713
 111  0.00590967713
 112  0.00610031188
 113  0.00590967713
 114  0.00590967713
 115  0.00590967713
 116  0.00571904238
 117  0.00590967713
 118  0.00590967713
 119  0.00571904238
 120  0.00571904238
 121  0.00590967713
 122  0.00590967713
 123  0.00590967713
 124  0.00590967713
 125  0.00590967713
 126  0.00590967713
 127  0.00590967713
 128  0.00590967713
 129  0.00590967713
 130  0.00590967713
 131  0.00610031188
 132  0.00590967713
 133  0.00590967713
 134  0.00590967713
 135  0.00590967713
 136  0.00590967713
 137  0.00590967713
 138  0.00590967713
 139  0.00590967713
 140  0.00590967713
 141  0.00590967713
 142  0.00571904238
 143  0.00590967713
 144  0.00590967713
 145  0.00590967713
 146  0.00590967713
 147  0.00571904238
 148  0.00590967713
 149  0.00590967713
 150  0.00590967713
 151  0.00590967713
 152  0.00610031188
 153  0.00590967713
 154  0.00571904238
 155  0.00590967713
 156  0.00590967713
 157  0.00571904238
 158  0.00590967713
 159  0.00571904238
 160  0.00590967713
 161  0.00571904238
 162  0.00571904238
 163  0.00590967713
 164  0.00571904238
 165  0.00571904238
 166  0.00571904238
 167  0.00552840764
 168  0.00571904238
 169  0.00571904238
 170  0.00571904238
 171  0.00571904238
 172  0.00590967713
 173  0.00571904238
 174  0.00590967713
 175  0.00571904238
 176  0.00590967713
 177  0.00590967713
 178  0.00590967713
 179  0.00590967713
 180  0.00590967713
 181  0.00590967713
 182  0.00610031188
 183  0.00590967713
 184  0.00590967713
 185  0.00590967713
 186  0.00590967713
 187  0.00590967713
 188  0.00590967713
 189  0.00571904238
 190  0.00590967713
 191  0.00571904238
 192  0.00590967713
 193  0.00571904238
 194  0.00571904238
 195  0.00590967713
 196  0.00571904238
 197  0.00610031188
 198  0.00590967713
 199  0.00590967713
 200  0.00610031188
 201  0.00590967713
 202  0.00571904238
 203  0.00590967713
 204  0.00590967713
 205  0.00610031188
 206  0.00590967713
 207  0.00610031188
 208  0.00590967713
 209  0.00590967713
 210  0.00610031188
 211  0.00571904238
 212  0.00610031188
 213  0.00590967713
 214  0.00590967713
 215  0.00590967713
 216  0.00590967713
 217  0.00590967713
 218  0.00590967713
 219  0.00590967713
 220  0.00590967713
 221  0.00590967713
 222  0.00610031188
 223  0.00610031188
 224  0.00610031188
 225  0.00590967713
 226  0.00590967713
 227  0.00590967713
 228  0.00590967713
 229  0.00590967713
 230  0.00590967713
 231  0.00590967713
 232  0.00590967713
 233  0.00590967713
 234  0.00590967713
 235  0.00590967713
 236  0.00590967713
 237  0.00571904238
 238  0.00571904238
 239  0.00590967713
 240  0.00590967713
 241  0.00590967713
 242  0.00590967713
 243  0.00590967713
 244  0.00590967713
 245  0.00610031188
 246  0.00590967713
 247  0.00590967713
 248  0.00610031188
 249  0.00610031188
 250  0.00610031188
 251  0.00610031188
 252  0.00590967713
 253  0.00610031188
 254  0.00590967713
 255  0.00610031188
 256  0.00590967713
 257  0.00610031188
 258  0.00610031188
 259  0.00590967713
 260  0.00590967713
 261  0.00590967713
 262  0.00571904238
 263  0.00610031188
 264  0.00590967713
 265  0.00590967713
 266  0.00590967713
 267  0.00610031188
 268  0.00590967713
 269  0.00590967713
 270  0.00590967713
 271  0.00610031188
 272  0.00590967713
 273  0.00610031188
 274  0.00610031188
 275  0.00610031188
 276  0.00610031188
 277  0.00590967713
 278  0.00610031188
 279  0.00590967713
 280  0.00590967713
 281  0.00610031188
 282  0.00610031188
 283  0.00590967713
 284  0.00590967713
 285  0.00590967713
 286  0.00590967713
 287  0.00590967713
 288  0.00590967713
 289  0.00590967713
 290  0.00590967713
 291  0.00610031188
 292  0.00590967713
 293  0.00590967713
 294  0.00610031188
 295  0.00590967713
 296  0.00610031188
 297  0.00590967713
 298  0.00610031188
 299  0.00610031188
 300  0.00610031188
 301  0.00629094662
 302  0.00610031188
 303  0.00590967713
 304  0.00610031188
 305  0.00590967713
 306  0.00610031188
 307  0.00590967713
 308  0.00610031188
 309  0.00590967713
 310  0.00590967713
 311  0.00590967713
 312  0.00590967713
 313  0.00590967713
 314  0.00590967713
 315  0.00590967713
 316  0.00610031188
 317  0.00571904238
 318  0.00590967713
 319  0.00590967713
 320  0.00590967713
 321  0.00610031188
 322  0.00590967713
 323  0.00610031188
 324  0.00590967713
 325  0.00610031188
 326  0.00590967713
 327  0.00590967713
 328  0.00610031188
 329  0.00590967713
 330  0.00590967713
 331  0.00590967713
 332  0.00590967713
 333  0.00590967713
 334  0.00571904238
 335  0.00590967713
 336  0.00571904238
 337  0.00590967713
 338  0.00610031188
 339  0.00571904238
 340  0.00590967713
 341  0.00590967713
 342  0.00590967713
 343  0.00610031188
 344  0.00610031188
 345  0.00590967713
 346  0.00610031188
 347  0.00590967713
 348  0.00590967713
 349  0.00610031188
 350  0.00610031188
 351  0.00590967713
 352  0.00590967713
 353  0.00610031188
 354  0.00610031188
 355  0.00590967713
 356  0.00590967713
 357  0.00590967713
 358  0.00610031188
 359  0.00610031188
 360  0.00590967713
 361  0.00610031188
 362  0.00590967713
 363  0.00590967713
 364  0.00590967713
 365  0.00590967713
 366  0.00610031188
 367  0.00610031188
 368  0.00610031188
 369  0.00610031188
 370  0.00610031188
 371  0.00610031188
 372  0.00610031188
 373  0.00610031188
 374  0.00610031188
 375  0.00610031188
 376  0.00610031188
 377  0.00610031188
 378  0.00610031188
 379  0.00610031188
 380  0.00590967713
 381  0.00610031188
 382  0.00590967713
 383  0.00610031188
 384  0.00590967713
 385  0.00610031188
 386  0.00610031188
 387  0.00590967713
 388  0.00610031188
 389  0.00590967713
 390  0.00590967713
 391  0.00610031188
 392  0.00610031188
 393  0.00610031188
 394  0.00610031188
 395  0.00590967713
 396  0.00610031188
 397  0.00610031188
 398  0.00590967713
 399  0.00610031188
 400  0.00610031188
 401  0.00590967713
 402  0.00610031188
 403  0.00590967713
 404  0.00610031188
 405  0.00590967713
 406  0.00590967713
 407  0.00590967713
 408  0.00610031188
 409  0.00610031188
 410  0.00610031188
 411  0.00590967713
 412  0.00590967713
 413  0.00610031188
 414  0.00610031188
 415  0.00610031188
 416  0.00610031188
 417  0.00610031188
 418  0.00610031188
 419  0.00590967713
 420  0.00610031188
 421  0.00610031188
 422  0.00610031188
 423  0.00610031188
 424  0.00610031188
 425  0.00610031188
 426  0.00610031188
 427  0.00610031188
 428  0.00610031188
 429  0.00610031188
 430  0.00610031188
 431  0.00590967713
 432  0.00590967713
 433  0.00590967713
 434  0.00610031188
 435  0.00590967713
 436  0.00610031188
 437  0.00610031188
 438  0.00590967713
 439  0.00610031188
 440  0.00610031188
 441  0.00610031188
 442  0.00610031188
 443  0.00610031188
 444  0.00610031188
 445  0.00610031188
 446  0.00610031188
 447  0.00610031188
 448  0.00610031188
 449  0.00610031188
 450  0.00590967713
 451  0.00610031188
 452  0.00590967713
 453  0.00610031188
 454  0.00610031188
 455  0.00610031188
 456  0.00610031188
 457  0.00610031188
 458  0.00610031188
 459  0.00610031188
 460  0.00610031188
 461  0.00590967713
 462  0.00610031188
 463  0.00610031188
 464  0.00610031188
 465  0.00610031188
 466  0.00629094662
 467  0.00610031188
 468  0.00610031188
 469  0.00610031188
 470  0.00610031188
 471  0.00610031188
 472  0.00610031188
 473  0.00590967713
 474  0.00610031188
 475  0.00610031188
 476  0.00610031188
 477  0.00610031188
 478  0.00590967713
 479  0.00610031188
 480  0.00610031188
 481  0.00610031188
 482  0.00610031188
 483  0.00610031188
 484  0.00610031188
 485  0.00590967713
 486  0.00590967713
 487  0.00610031188
 488  0.00610031188
 489  0.00610031188
 490  0.00610031188
 491  0.00610031188
 492  0.00590967713
 493  0.00610031188
 494  0.00610031188
 495  0.00590967713
 496  0.00590967713
 497  0.00590967713
 498  0.00590967713
 499  0.00610031188
 500  0.00590967713

 1  0.00629094662
 2  0.00629094662
 3  0.00590967713
 4  0.00629094662
 5  0.00629094662
 6  0.00610031188
 7  0.00629094662
 8  0.00629094662
 9  0.00629094662
 10  0.00648158137
 11  0.00667221611
 12  0.00648158137
 13  0.00648158137
 14  0.00648158137
 15  0.00648158137
 16  0.00629094662
 17  0.00648158137
 18  0.00648158137
 19  0.00648158137
 20  0.00648158137
 21  0.00629094662
 22  0.00629094662
 23  0.00648158137
 24  0.00629094662
 25  0.00629094662
 26  0.00629094662
 27  0.00629094662
 28  0.00648158137
 29  0.00667221611
 30  0.00648158137
 31  0.00667221611
 32  0.00648158137
 33  0.00648158137
 34  0.00667221611
 35  0.00648158137
 36  0.00648158137
 37  0.00667221611
 38  0.00648158137
 39  0.00648158137
 40  0.00667221611
 41  0.00648158137
 42  0.00648158137
 43  0.00667221611
 44  0.00648158137
 45  0.00667221611
 46  0.00648158137
 47  0.00648158137
 48  0.00648158137
 49  0.00629094662
 50  0.00667221611
 51  0.00648158137
 52  0.00648158137
 53  0.00667221611
 54  0.00667221611
 55  0.00648158137
 56  0.00667221611
 57  0.00667221611
 58  0.00648158137
 59  0.00648158137
 60  0.00667221611
 61  0.00667221611
 62  0.00648158137
 63  0.00667221611
 64  0.00667221611
 65  0.00667221611
 66  0.00667221611
 67  0.00648158137
 68  0.00648158137
 69  0.00648158137
 70  0.00648158137
 71  0.00648158137
 72  0.00648158137
 73  0.00648158137
 74  0.00648158137
 75  0.00648158137
 76  0.00667221611
 77  0.00667221611
 78  0.00667221611
 79  0.00667221611
 80  0.00667221611
 81  0.00648158137
 82  0.00648158137
 83  0.00648158137
 84  0.00648158137
 85  0.00667221611
 86  0.00667221611
 87  0.00667221611
 88  0.00667221611
 89  0.00667221611
 90  0.00667221611
 91  0.00648158137
 92  0.00648158137
 93  0.00667221611
 94  0.00648158137
 95  0.00648158137
 96  0.00648158137
 97  0.00648158137
 98  0.00667221611
 99  0.00667221611
 100  0.00667221611
 101  0.00648158137
 102  0.00648158137
 103  0.00648158137
 104  0.00648158137
 105  0.00667221611
 106  0.00667221611
 107  0.00686285086
 108  0.00667221611
 109  0.00686285086
 110  0.00667221611
 111  0.00667221611
 112  0.00667221611
 113  0.00667221611
 114  0.00667221611
 115  0.00667221611
 116  0.00648158137
 117  0.00648158137
 118  0.00667221611
 119  0.00648158137
 120  0.00648158137
 121  0.00667221611
 122  0.00667221611
 123  0.00648158137
 124  0.00648158137
 125  0.00648158137
 126  0.00667221611
 127  0.00667221611
 128  0.00667221611
 129  0.00667221611
 130  0.00667221611
 131  0.00667221611
 132  0.00667221611
 133  0.00686285086
 134  0.00667221611
 135  0.00667221611
 136  0.00648158137
 137  0.00667221611
 138  0.00648158137
 139  0.00667221611
 140  0.00667221611
 141  0.00667221611
 142  0.00648158137
 143  0.00667221611
 144  0.00648158137
 145  0.00667221611
 146  0.00648158137
 147  0.00648158137
 148  0.00648158137
 149  0.00667221611
 150  0.00667221611
 151  0.00667221611
 152  0.00667221611
 153  0.00667221611
 154  0.00648158137
 155  0.00667221611
 156  0.00667221611
 157  0.00648158137
 158  0.00667221611
 159  0.00667221611
 160  0.00667221611
 161  0.00648158137
 162  0.00648158137
 163  0.00648158137
 164  0.00648158137
 165  0.00648158137
 166  0.00648158137
 167  0.00629094662
 168  0.00629094662
 169  0.00629094662
 170  0.00648158137
 171  0.00648158137
 172  0.00667221611
 173  0.00648158137
 174  0.00667221611
 175  0.00648158137
 176  0.00667221611
 177  0.00648158137
 178  0.00648158137
 179  0.00667221611
 180  0.00667221611
 181  0.00648158137
 182  0.00686285086
 183  0.00667221611
 184  0.00667221611
 185  0.00648158137
 186  0.00667221611
 187  0.00667221611
 188  0.00667221611
 189  0.00648158137
 190  0.00648158137
 191  0.00667221611
 192  0.00648158137
 193  0.00648158137
 194  0.00648158137
 195  0.00648158137
 196  0.00648158137
 197  0.00667221611
 198  0.00667221611
 199  0.00648158137
 200  0.00667221611
 201  0.00667221611
 202  0.00648158137
 203  0.00667221611
 204  0.00667221611
 205  0.00686285086
 206  0.00667221611
 207  0.00667221611
 208  0.00667221611
 209  0.00667221611
 210  0.00667221611
 211  0.00648158137
 212  0.00667221611
 213  0.00667221611
 214  0.00667221611
 215  0.00667221611
 216  0.00667221611
 217  0.00667221611
 218  0.00667221611
 219  0.00667221611
 220  0.00667221611
 221  0.00686285086
 222  0.00686285086
 223  0.00667221611
 224  0.00667221611
 225  0.00667221611
 226  0.00667221611
 227  0.00667221611
 228  0.00667221611
 229  0.00667221611
 230  0.00667221611
 231  0.00686285086
 232  0.00667221611
 233  0.00667221611
 234  0.00667221611
 235  0.00667221611
 236  0.00667221611
 237  0.00667221611
 238  0.00648158137
 239  0.00667221611
 240  0.00648158137
 241  0.00667221611
 242  0.00667221611
 243  0.00667221611
 244  0.00667221611
 245  0.00686285086
 246  0.00667221611
 247  0.00667221611
 248  0.00686285086
 249  0.00686285086
 250  0.00667221611
 251  0.00686285086
 252  0.00667221611
 253  0.00667221611
 254  0.00667221611
 255  0.00686285086
 256  0.00667221611
 257  0.00686285086
 258  0.00667221611
 259  0.00667221611
 260  0.00667221611
 261  0.00667221611
 262  0.00648158137
 263  0.00686285086
 264  0.00648158137
 265  0.00667221611
 266  0.00667221611
 267  0.00667221611
 268  0.00667221611
 269  0.00667221611
 270  0.00667221611
 271  0.00686285086
 272  0.00667221611
 273  0.00686285086
 274  0.00667221611
 275  0.00686285086
 276  0.00667221611
 277  0.00667221611
 278  0.00686285086
 279  0.00667221611
 280  0.00667221611
 281  0.00686285086
 282  0.00667221611
 283  0.00667221611
 284  0.00667221611
 285  0.00667221611
 286  0.00667221611
 287  0.00667221611
 288  0.00667221611
 289  0.00667221611
 290  0.00667221611
 291  0.00667221611
 292  0.00667221611
 293  0.00667221611
 294  0.00686285086
 295  0.00686285086
 296  0.00667221611
 297  0.00686285086
 298  0.00686285086
 299  0.00686285086
 300  0.00686285086
 301  0.00686285086
 302  0.00686285086
 303  0.00686285086
 304  0.00667221611
 305  0.00686285086
 306  0.00667221611
 307  0.00667221611
 308  0.00686285086
 309  0.00667221611
 310  0.00667221611
 311  0.00667221611
 312  0.00648158137
 313  0.00667221611
 314  0.00667221611
 315  0.00648158137
 316  0.00667221611
 317  0.00667221611
 318  0.00667221611
 319  0.00667221611
 320  0.00667221611
 321  0.00686285086
 322  0.00686285086
 323  0.00667221611
 324  0.00667221611
 325  0.00667221611
 326  0.00667221611
 327  0.00667221611
 328  0.00667221611
 329  0.00667221611
 330  0.00667221611
 331  0.00667221611
 332  0.00667221611
 333  0.00667221611
 334  0.00648158137
 335  0.00648158137
 336  0.00648158137
 337  0.00667221611
 338  0.00667221611
 339  0.00648158137
 340  0.00667221611
 341  0.00667221611
 342  0.00667221611
 343  0.00667221611
 344  0.00667221611
 345  0.00667221611
 346  0.00686285086
 347  0.00667221611
 348  0.00667221611
 349  0.00686285086
 350  0.00686285086
 351  0.00667221611
 352  0.00667221611
 353  0.00667221611
 354  0.00686285086
 355  0.00667221611
 356  0.00667221611
 357  0.00667221611
 358  0.00667221611
 359  0.00686285086
 360  0.00648158137
 361  0.00667221611
 362  0.00667221611
 363  0.00667221611
 364  0.00667221611
 365  0.00667221611
 366  0.00667221611
 367  0.00686285086
 368  0.00686285086
 369  0.00667221611
 370  0.00686285086
 371  0.00686285086
 372  0.00686285086
 373  0.00686285086
 374  0.00686285086
 375  0.00667221611
 376  0.00686285086
 377  0.00667221611
 378  0.00667221611
 379  0.00686285086
 380  0.00686285086
 381  0.00686285086
 382  0.00667221611
 383  0.00667221611
 384  0.00648158137
 385  0.00686285086
 386  0.00686285086
 387  0.00667221611
 388  0.00686285086
 389  0.00667221611
 390  0.00667221611
 391  0.00667221611
 392  0.00667221611
 393  0.00686285086
 394  0.00667221611
 395  0.00686285086
 396  0.00686285086
 397  0.00705348561
 398  0.00667221611
 399  0.00686285086
 400  0.00686285086
 401  0.00686285086
 402  0.00667221611
 403  0.00667221611
 404  0.00686285086
 405  0.00667221611
 406  0.00667221611
 407  0.00667221611
 408  0.00686285086
 409  0.00667221611
 410  0.00686285086
 411  0.00648158137
 412  0.00667221611
 413  0.00686285086
 414  0.00667221611
 415  0.00667221611
 416  0.00686285086
 417  0.00686285086
 418  0.00686285086
 419  0.00667221611
 420  0.00686285086
 421  0.00686285086
 422  0.00686285086
 423  0.00686285086
 424  0.00686285086
 425  0.00686285086
 426  0.00686285086
 427  0.00686285086
 428  0.00686285086
 429  0.00686285086
 430  0.00667221611
 431  0.00667221611
 432  0.00667221611
 433  0.00667221611
 434  0.00667221611
 435  0.00667221611
 436  0.00686285086
 437  0.00686285086
 438  0.00667221611
 439  0.00686285086
 440  0.00667221611
 441  0.00686285086
 442  0.00686285086
 443  0.00686285086
 444  0.00686285086
 445  0.00686285086
 446  0.00686285086
 447  0.00686285086
 448  0.00686285086
 449  0.00686285086
 450  0.00667221611
 451  0.00686285086
 452  0.00667221611
 453  0.00667221611
 454  0.00686285086
 455  0.00686285086
 456  0.00686285086
 457  0.00686285086
 458  0.00705348561
 459  0.00686285086
 460  0.00667221611
 461  0.00667221611
 462  0.00686285086
 463  0.00686285086
 464  0.00686285086
 465  0.00686285086
 466  0.00686285086
 467  0.00686285086
 468  0.00667221611
 469  0.00686285086
 470  0.00686285086
 471  0.00686285086
 472  0.00686285086
 473  0.00667221611
 474  0.00686285086
 475  0.00686285086
 476  0.00667221611
 477  0.00686285086
 478  0.00667221611
 479  0.00667221611
 480  0.00686285086
 481  0.00686285086
 482  0.00686285086
 483  0.00686285086
 484  0.00667221611
 485  0.00667221611
 486  0.00686285086
 487  0.00667221611
 488  0.00686285086
 489  0.00686285086
 490  0.00686285086
 491  0.00686285086
 492  0.00686285086
 493  0.00686285086
 494  0.00686285086
 495  0.00667221611
 496  0.00667221611
 497  0.00667221611
 498  0.00667221611
 499  0.00686285086
 500  0.00667221611

 1  0.00705348561
 2  0.00705348561
 3  0.00648158137
 4  0.00686285086
 5  0.00705348561
 6  0.00686285086
 7  0.00705348561
 8  0.00705348561
 9  0.00724412035
 10  0.00705348561
 11  0.00724412035
 12  0.00705348561
 13  0.00724412035
 14  0.00724412035
 15  0.00705348561
 16  0.00705348561
 17  0.00705348561
 18  0.00724412035
 19  0.00724412035
 20  0.00705348561
 21  0.00705348561
 22  0.00724412035
 23  0.00724412035
 24  0.00705348561
 25  0.00705348561
 26  0.00705348561
 27  0.00705348561
 28  0.00705348561
 29  0.0074347551
 30  0.00724412035
 31  0.00724412035
 32  0.00724412035
 33  0.00705348561
 34  0.0074347551
 35  0.00724412035
 36  0.00724412035
 37  0.0074347551
 38  0.00724412035
 39  0.00724412035
 40  0.0074347551
 41  0.00705348561
 42  0.00724412035
 43  0.00724412035
 44  0.00724412035
 45  0.00724412035
 46  0.00705348561
 47  0.00724412035
 48  0.00724412035
 49  0.00705348561
 50  0.0074347551
 51  0.00724412035
 52  0.00724412035
 53  0.00724412035
 54  0.0074347551
 55  0.00724412035
 56  0.0074347551
 57  0.0074347551
 58  0.00724412035
 59  0.00724412035
 60  0.00724412035
 61  0.00724412035
 62  0.00724412035
 63  0.00724412035
 64  0.00724412035
 65  0.00724412035
 66  0.00724412035
 67  0.00705348561
 68  0.00705348561
 69  0.00724412035
 70  0.00705348561
 71  0.00705348561
 72  0.00724412035
 73  0.00705348561
 74  0.00724412035
 75  0.00724412035
 76  0.00724412035
 77  0.00724412035
 78  0.00724412035
 79  0.00724412035
 80  0.0074347551
 81  0.00705348561
 82  0.00724412035
 83  0.00724412035
 84  0.00724412035
 85  0.0074347551
 86  0.0074347551
 87  0.0074347551
 88  0.00724412035
 89  0.0074347551
 90  0.00724412035
 91  0.00724412035
 92  0.00724412035
 93  0.0074347551
 94  0.00724412035
 95  0.00724412035
 96  0.00724412035
 97  0.00724412035
 98  0.00724412035
 99  0.00724412035
 100  0.00724412035
 101  0.00724412035
 102  0.00724412035
 103  0.00705348561
 104  0.00724412035
 105  0.00724412035
 106  0.00724412035
 107  0.0074347551
 108  0.00724412035
 109  0.0074347551
 110  0.0074347551
 111  0.0074347551
 112  0.0074347551
 113  0.00724412035
 114  0.00724412035
 115  0.0074347551
 116  0.00724412035
 117  0.00724412035
 118  0.0074347551
 119  0.00705348561
 120  0.00724412035
 121  0.0074347551
 122  0.00724412035
 123  0.00724412035
 124  0.00724412035
 125  0.00724412035
 126  0.00724412035
 127  0.00724412035
 128  0.0074347551
 129  0.0074347551
 130  0.0074347551
 131  0.0074347551
 132  0.00762538984
 133  0.00762538984
 134  0.00724412035
 135  0.0074347551
 136  0.00724412035
 137  0.00724412035
 138  0.00724412035
 139  0.0074347551
 140  0.00724412035
 141  0.0074347551
 142  0.00724412035
 143  0.00724412035
 144  0.00724412035
 145  0.00724412035
 146  0.00724412035
 147  0.00724412035
 148  0.00724412035
 149  0.0074347551
 150  0.0074347551
 151  0.0074347551
 152  0.0074347551
 153  0.0074347551
 154  0.00724412035
 155  0.0074347551
 156  0.0074347551
 157  0.00724412035
 158  0.00724412035
 159  0.00724412035
 160  0.0074347551
 161  0.00724412035
 162  0.00724412035
 163  0.00724412035
 164  0.00724412035
 165  0.00724412035
 166  0.00705348561
 167  0.00705348561
 168  0.00705348561
 169  0.00705348561
 170  0.00705348561
 171  0.00705348561
 172  0.0074347551
 173  0.00724412035
 174  0.0074347551
 175  0.00724412035
 176  0.0074347551
 177  0.0074347551
 178  0.00724412035
 179  0.0074347551
 180  0.0074347551
 181  0.00724412035
 182  0.00762538984
 183  0.0074347551
 184  0.00724412035
 185  0.00724412035
 186  0.00724412035
 187  0.00724412035
 188  0.0074347551
 189  0.00724412035
 190  0.00724412035
 191  0.00724412035
 192  0.00724412035
 193  0.00724412035
 194  0.00724412035
 195  0.00724412035
 196  0.0074347551
 197  0.0074347551
 198  0.00724412035
 199  0.00724412035
 200  0.0074347551
 201  0.0074347551
 202  0.00724412035
 203  0.0074347551
 204  0.0074347551
 205  0.0074347551
 206  0.0074347551
 207  0.0074347551
 208  0.0074347551
 209  0.00724412035
 210  0.0074347551
 211  0.00724412035
 212  0.0074347551
 213  0.0074347551
 214  0.0074347551
 215  0.00724412035
 216  0.00724412035
 217  0.00724412035
 218  0.0074347551
 219  0.0074347551
 220  0.0074347551
 221  0.0074347551
 222  0.00762538984
 223  0.0074347551
 224  0.0074347551
 225  0.00724412035
 226  0.0074347551
 227  0.0074347551
 228  0.00724412035
 229  0.00724412035
 230  0.0074347551
 231  0.00762538984
 232  0.0074347551
 233  0.0074347551
 234  0.0074347551
 235  0.0074347551
 236  0.00724412035
 237  0.00724412035
 238  0.00724412035
 239  0.00724412035
 240  0.00724412035
 241  0.00724412035
 242  0.0074347551
 243  0.0074347551
 244  0.0074347551
 245  0.00762538984
 246  0.0074347551
 247  0.0074347551
 248  0.00762538984
 249  0.0074347551
 250  0.0074347551
 251  0.00762538984
 252  0.0074347551
 253  0.0074347551
 254  0.0074347551
 255  0.0074347551
 256  0.0074347551
 257  0.0074347551
 258  0.0074347551
 259  0.0074347551
 260  0.00724412035
 261  0.00724412035
 262  0.00705348561
 263  0.0074347551
 264  0.00724412035
 265  0.0074347551
 266  0.0074347551
 267  0.0074347551
 268  0.0074347551
 269  0.0074347551
 270  0.0074347551
 271  0.00762538984
 272  0.0074347551
 273  0.0074347551
 274  0.0074347551
 275  0.00762538984
 276  0.0074347551
 277  0.0074347551
 278  0.0074347551
 279  0.0074347551
 280  0.0074347551
 281  0.00762538984
 282  0.0074347551
 283  0.0074347551
 284  0.0074347551
 285  0.0074347551
 286  0.0074347551
 287  0.0074347551
 288  0.00724412035
 289  0.0074347551
 290  0.0074347551
 291  0.0074347551
 292  0.0074347551
 293  0.0074347551
 294  0.00762538984
 295  0.00762538984
 296  0.0074347551
 297  0.0074347551
 298  0.00762538984
 299  0.0074347551
 300  0.00762538984
 301  0.00762538984
 302  0.0074347551
 303  0.0074347551
 304  0.0074347551
 305  0.0074347551
 306  0.0074347551
 307  0.0074347551
 308  0.00762538984
 309  0.0074347551
 310  0.00724412035
 311  0.0074347551
 312  0.00724412035
 313  0.0074347551
 314  0.0074347551
 315  0.00724412035
 316  0.0074347551
 317  0.0074347551
 318  0.0074347551
 319  0.0074347551
 320  0.0074347551
 321  0.00762538984
 322  0.0074347551
 323  0.0074347551
 324  0.0074347551
 325  0.0074347551
 326  0.0074347551
 327  0.0074347551
 328  0.0074347551
 329  0.00724412035
 330  0.0074347551
 331  0.00724412035
 332  0.0074347551
 333  0.0074347551
 334  0.00724412035
 335  0.00724412035
 336  0.00724412035
 337  0.00724412035
 338  0.0074347551
 339  0.00724412035
 340  0.0074347551
 341  0.0074347551
 342  0.0074347551
 343  0.0074347551
 344  0.0074347551
 345  0.0074347551
 346  0.00762538984
 347  0.0074347551
 348  0.0074347551
 349  0.0074347551
 350  0.00762538984
 351  0.0074347551
 352  0.0074347551
 353  0.00762538984
 354  0.00762538984
 355  0.0074347551
 356  0.0074347551
 357  0.00724412035
 358  0.0074347551
 359  0.0074347551
 360  0.00724412035
 361  0.0074347551
 362  0.0074347551
 363  0.0074347551
 364  0.00762538984
 365  0.0074347551
 366  0.0074347551
 367  0.00762538984
 368  0.00762538984
 369  0.00762538984
 370  0.00762538984
 371  0.00762538984
 372  0.00762538984
 373  0.00762538984
 374  0.00762538984
 375  0.0074347551
 376  0.0074347551
 377  0.0074347551
 378  0.0074347551
 379  0.00762538984
 380  0.00762538984
 381  0.0074347551
 382  0.0074347551
 383  0.0074347551
 384  0.00724412035
 385  0.00762538984
 386  0.0074347551
 387  0.00762538984
 388  0.0074347551
 389  0.0074347551
 390  0.0074347551
 391  0.0074347551
 392  0.0074347551
 393  0.00762538984
 394  0.00762538984
 395  0.0074347551
 396  0.00762538984
 397  0.00762538984
 398  0.0074347551
 399  0.0074347551
 400  0.0074347551
 401  0.0074347551
 402  0.0074347551
 403  0.0074347551
 404  0.00762538984
 405  0.0074347551
 406  0.0074347551
 407  0.0074347551
 408  0.0074347551
 409  0.00762538984
 410  0.0074347551
 411  0.0074347551
 412  0.0074347551
 413  0.0074347551
 414  0.0074347551
 415  0.0074347551
 416  0.00762538984
 417  0.00762538984
 418  0.00762538984
 419  0.0074347551
 420  0.00762538984
 421  0.00762538984
 422  0.00762538984
 423  0.0074347551
 424  0.00762538984
 425  0.0074347551
 426  0.0074347551
 427  0.00762538984
 428  0.0074347551
 429  0.00762538984
 430  0.0074347551
 431  0.0074347551
 432  0.0074347551
 433  0.0074347551
 434  0.0074347551
 435  0.0074347551
 436  0.0074347551
 437  0.00762538984
 438  0.0074347551
 439  0.0074347551
 440  0.0074347551
 441  0.00762538984
 442  0.00762538984
 443  0.00762538984
 444  0.00762538984
 445  0.0074347551
 446  0.00762538984
 447  0.0074347551
 448  0.00762538984
 449  0.00762538984
 450  0.0074347551
 451  0.00762538984
 452  0.0074347551
 453  0.0074347551
 454  0.0074347551
 455  0.00762538984
 456  0.00762538984
 457  0.00762538984
 458  0.00762538984
 459  0.0074347551
 460  0.0074347551
 461  0.0074347551
 462  0.0074347551
 463  0.00762538984
 464  0.00762538984
 465  0.00762538984
 466  0.00762538984
 467  0.0074347551
 468  0.0074347551
 469  0.00762538984
 470  0.00762538984
 471  0.00762538984
 472  0.00762538984
 473  0.0074347551
 474  0.0074347551
 475  0.00762538984
 476  0.0074347551
 477  0.00762538984
 478  0.0074347551
 479  0.0074347551
 480  0.00762538984
 481  0.0074347551
 482  0.00762538984
 483  0.00762538984
 484  0.0074347551
 485  0.0074347551
 486  0.0074347551
 487  0.0074347551
 488  0.00762538984
 489  0.00762538984
 490  0.00762538984
 491  0.00762538984
 492  0.00762538984
 493  0.00762538984
 494  0.00762538984
 495  0.0074347551
 496  0.0074347551
 497  0.0074347551
 498  0.0074347551
 499  0.00762538984
 500  0.00724412035

 1  0.00762538984
 2  0.00781602412
 3  0.00705348561
 4  0.00762538984
 5  0.00781602412
 6  0.0074347551
 7  0.00781602412
 8  0.00781602412
 9  0.00800665934
 10  0.00781602412
 11  0.00781602412
 12  0.00781602412
 13  0.00800665934
 14  0.00800665934
 15  0.00781602412
 16  0.00781602412
 17  0.00781602412
 18  0.00781602412
 19  0.00800665934
 20  0.00781602412
 21  0.00781602412
 22  0.00781602412
 23  0.00800665934
 24  0.00781602412
 25  0.00781602412
 26  0.00781602412
 27  0.00762538984
 28  0.00781602412
 29  0.00800665934
 30  0.00800665934
 31  0.00800665934
 32  0.00781602412
 33  0.00800665934
 34  0.00800665934
 35  0.00781602412
 36  0.00800665934
 37  0.00819729362
 38  0.00800665934
 39  0.00781602412
 40  0.00800665934
 41  0.00781602412
 42  0.00800665934
 43  0.00800665934
 44  0.00800665934
 45  0.00800665934
 46  0.00781602412
 47  0.00800665934
 48  0.00800665934
 49  0.00781602412
 50  0.00800665934
 51  0.00781602412
 52  0.00781602412
 53  0.00800665934
 54  0.00819729362
 55  0.00781602412
 56  0.00819729362
 57  0.00800665934
 58  0.00800665934
 59  0.00800665934
 60  0.00800665934
 61  0.00800665934
 62  0.00800665934
 63  0.00781602412
 64  0.00800665934
 65  0.00800665934
 66  0.00800665934
 67  0.00781602412
 68  0.00781602412
 69  0.00800665934
 70  0.00781602412
 71  0.00781602412
 72  0.00800665934
 73  0.00800665934
 74  0.00800665934
 75  0.00800665934
 76  0.00800665934
 77  0.00800665934
 78  0.00800665934
 79  0.00800665934
 80  0.00819729362
 81  0.00800665934
 82  0.00781602412
 83  0.00800665934
 84  0.00800665934
 85  0.00800665934
 86  0.00819729362
 87  0.00800665934
 88  0.00800665934
 89  0.00819729362
 90  0.00800665934
 91  0.00800665934
 92  0.00819729362
 93  0.00819729362
 94  0.00800665934
 95  0.00781602412
 96  0.00781602412
 97  0.00800665934
 98  0.00800665934
 99  0.00800665934
 100  0.00819729362
 101  0.00800665934
 102  0.00800665934
 103  0.00781602412
 104  0.00800665934
 105  0.00800665934
 106  0.00800665934
 107  0.00800665934
 108  0.00800665934
 109  0.00838792883
 110  0.00819729362
 111  0.00819729362
 112  0.00800665934
 113  0.00800665934
 114  0.00800665934
 115  0.00800665934
 116  0.00781602412
 117  0.00800665934
 118  0.00800665934
 119  0.00781602412
 120  0.00800665934
 121  0.00800665934
 122  0.00800665934
 123  0.00800665934
 124  0.00800665934
 125  0.00800665934
 126  0.00800665934
 127  0.00800665934
 128  0.00819729362
 129  0.00819729362
 130  0.00819729362
 131  0.00819729362
 132  0.00819729362
 133  0.00838792883
 134  0.00800665934
 135  0.00819729362
 136  0.00800665934
 137  0.00800665934
 138  0.00800665934
 139  0.00819729362
 140  0.00800665934
 141  0.00819729362
 142  0.00800665934
 143  0.00800665934
 144  0.00800665934
 145  0.00781602412
 146  0.00800665934
 147  0.00800665934
 148  0.00800665934
 149  0.00800665934
 150  0.00819729362
 151  0.00800665934
 152  0.00819729362
 153  0.00819729362
 154  0.00800665934
 155  0.00819729362
 156  0.00800665934
 157  0.00800665934
 158  0.00800665934
 159  0.00800665934
 160  0.00819729362
 161  0.00800665934
 162  0.00781602412
 163  0.00800665934
 164  0.00800665934
 165  0.00781602412
 166  0.00781602412
 167  0.00781602412
 168  0.00781602412
 169  0.00781602412
 170  0.00781602412
 171  0.00800665934
 172  0.00800665934
 173  0.00800665934
 174  0.00800665934
 175  0.00781602412
 176  0.00819729362
 177  0.00819729362
 178  0.00800665934
 179  0.00800665934
 180  0.00819729362
 181  0.00819729362
 182  0.00819729362
 183  0.00819729362
 184  0.00819729362
 185  0.00800665934
 186  0.00800665934
 187  0.00800665934
 188  0.00800665934
 189  0.00800665934
 190  0.00781602412
 191  0.00800665934
 192  0.00800665934
 193  0.00781602412
 194  0.00800665934
 195  0.00800665934
 196  0.00800665934
 197  0.00800665934
 198  0.00800665934
 199  0.00800665934
 200  0.00800665934
 201  0.00819729362
 202  0.00800665934
 203  0.00819729362
 204  0.00819729362
 205  0.00819729362
 206  0.00819729362
 207  0.00800665934
 208  0.00800665934
 209  0.00800665934
 210  0.00819729362
 211  0.00800665934
 212  0.00800665934
 213  0.00800665934
 214  0.00800665934
 215  0.00800665934
 216  0.00800665934
 217  0.00800665934
 218  0.00819729362
 219  0.00819729362
 220  0.00800665934
 221  0.00819729362
 222  0.00819729362
 223  0.00819729362
 224  0.00819729362
 225  0.00800665934
 226  0.00819729362
 227  0.00819729362
 228  0.00800665934
 229  0.00800665934
 230  0.00819729362
 231  0.00838792883
 232  0.00800665934
 233  0.00800665934
 234  0.00819729362
 235  0.00819729362
 236  0.00800665934
 237  0.00800665934
 238  0.00800665934
 239  0.00800665934
 240  0.00800665934
 241  0.00800665934
 242  0.00819729362
 243  0.00819729362
 244  0.00800665934
 245  0.00838792883
 246  0.00800665934
 247  0.00800665934
 248  0.00819729362
 249  0.00819729362
 250  0.00800665934
 251  0.00819729362
 252  0.00800665934
 253  0.00819729362
 254  0.00819729362
 255  0.00819729362
 256  0.00819729362
 257  0.00819729362
 258  0.00819729362
 259  0.00819729362
 260  0.00800665934
 261  0.00800665934
 262  0.00781602412
 263  0.00819729362
 264  0.00800665934
 265  0.00800665934
 266  0.00819729362
 267  0.00800665934
 268  0.00819729362
 269  0.00800665934
 270  0.00819729362
 271  0.00838792883
 272  0.00800665934
 273  0.00819729362
 274  0.00819729362
 275  0.00838792883
 276  0.00819729362
 277  0.00819729362
 278  0.00819729362
 279  0.00800665934
 280  0.00819729362
 281  0.00819729362
 282  0.00819729362
 283  0.00819729362
 284  0.00819729362
 285  0.00800665934
 286  0.00819729362
 287  0.00819729362
 288  0.00800665934
 289  0.00819729362
 290  0.00819729362
 291  0.00819729362
 292  0.00800665934
 293  0.00819729362
 294  0.00838792883
 295  0.00819729362
 296  0.00819729362
 297  0.00819729362
 298  0.00838792883
 299  0.00819729362
 300  0.00819729362
 301  0.00838792883
 302  0.00819729362
 303  0.00838792883
 304  0.00838792883
 305  0.00819729362
 306  0.00819729362
 307  0.00819729362
 308  0.00819729362
 309  0.00819729362
 310  0.00800665934
 311  0.00819729362
 312  0.00800665934
 313  0.00819729362
 314  0.00819729362
 315  0.00800665934
 316  0.00819729362
 317  0.00800665934
 318  0.00819729362
 319  0.00819729362
 320  0.00819729362
 321  0.00838792883
 322  0.00819729362
 323  0.00819729362
 324  0.00819729362
 325  0.00819729362
 326  0.00838792883
 327  0.00819729362
 328  0.00819729362
 329  0.00819729362
 330  0.00800665934
 331  0.00800665934
 332  0.00819729362
 333  0.00800665934
 334  0.00800665934
 335  0.00800665934
 336  0.00781602412
 337  0.00800665934
 338  0.00819729362
 339  0.00800665934
 340  0.00800665934
 341  0.00819729362
 342  0.00800665934
 343  0.00819729362
 344  0.00819729362
 345  0.00819729362
 346  0.00838792883
 347  0.00838792883
 348  0.00838792883
 349  0.00838792883
 350  0.00819729362
 351  0.00819729362
 352  0.00819729362
 353  0.00838792883
 354  0.00819729362
 355  0.00819729362
 356  0.00838792883
 357  0.00800665934
 358  0.00819729362
 359  0.00819729362
 360  0.00800665934
 361  0.00819729362
 362  0.00819729362
 363  0.00800665934
 364  0.00838792883
 365  0.00819729362
 366  0.00819729362
 367  0.00838792883
 368  0.00838792883
 369  0.00838792883
 370  0.00838792883
 371  0.00838792883
 372  0.00838792883
 373  0.00819729362
 374  0.00838792883
 375  0.00819729362
 376  0.00819729362
 377  0.00819729362
 378  0.00819729362
 379  0.00838792883
 380  0.00838792883
 381  0.00819729362
 382  0.00819729362
 383  0.00819729362
 384  0.00800665934
 385  0.00819729362
 386  0.00819729362
 387  0.00819729362
 388  0.00819729362
 389  0.00819729362
 390  0.00819729362
 391  0.00800665934
 392  0.00819729362
 393  0.00838792883
 394  0.00819729362
 395  0.00819729362
 396  0.00819729362
 397  0.00838792883
 398  0.00819729362
 399  0.00819729362
 400  0.00819729362
 401  0.00838792883
 402  0.00819729362
 403  0.00819729362
 404  0.00838792883
 405  0.00819729362
 406  0.00819729362
 407  0.00819729362
 408  0.00819729362
 409  0.00819729362
 410  0.00819729362
 411  0.00819729362
 412  0.00819729362
 413  0.00819729362
 414  0.00819729362
 415  0.00819729362
 416  0.00819729362
 417  0.00838792883
 418  0.00838792883
 419  0.00819729362
 420  0.00838792883
 421  0.00838792883
 422  0.00838792883
 423  0.00819729362
 424  0.00838792883
 425  0.00819729362
 426  0.00819729362
 427  0.00838792883
 428  0.00819729362
 429  0.00819729362
 430  0.00819729362
 431  0.00819729362
 432  0.00819729362
 433  0.00819729362
 434  0.00819729362
 435  0.00819729362
 436  0.00819729362
 437  0.00838792883
 438  0.00819729362
 439  0.00819729362
 440  0.00800665934
 441  0.00819729362
 442  0.00838792883
 443  0.00819729362
 444  0.00838792883
 445  0.00838792883
 446  0.00819729362
 447  0.00819729362
 448  0.00819729362
 449  0.00819729362
 450  0.00819729362
 451  0.00838792883
 452  0.00819729362
 453  0.00819729362
 454  0.00819729362
 455  0.00838792883
 456  0.00819729362
 457  0.00838792883
 458  0.00838792883
 459  0.00819729362
 460  0.00819729362
 461  0.00819729362
 462  0.00819729362
 463  0.00838792883
 464  0.00838792883
 465  0.00838792883
 466  0.00838792883
 467  0.00838792883
 468  0.00819729362
 469  0.00838792883
 470  0.00838792883
 471  0.00838792883
 472  0.00838792883
 473  0.00819729362
 474  0.00838792883
 475  0.00819729362
 476  0.00819729362
 477  0.00838792883
 478  0.00819729362
 479  0.00819729362
 480  0.00838792883
 481  0.00838792883
 482  0.00819729362
 483  0.00838792883
 484  0.00819729362
 485  0.00800665934
 486  0.00838792883
 487  0.00819729362
 488  0.00838792883
 489  0.00838792883
 490  0.00838792883
 491  0.00838792883
 492  0.00819729362
 493  0.00819729362
 494  0.00838792883
 495  0.00800665934
 496  0.00838792883
 497  0.00819729362
 498  0.00800665934
 499  0.00838792883
 500  0.00819729362

 1  0.00857856311
 2  0.00857856311
 3  0.00781602412
 4  0.00838792883
 5  0.00838792883
 6  0.00819729362
 7  0.00857856311
 8  0.00838792883
 9  0.00857856311
 10  0.00857856311
 11  0.00857856311
 12  0.00857856311
 13  0.00876919832
 14  0.00876919832
 15  0.00857856311
 16  0.00857856311
 17  0.00857856311
 18  0.00857856311
 19  0.00857856311
 20  0.00857856311
 21  0.00857856311
 22  0.00857856311
 23  0.00876919832
 24  0.00838792883
 25  0.00857856311
 26  0.00857856311
 27  0.00857856311
 28  0.00857856311
 29  0.00876919832
 30  0.00857856311
 31  0.00876919832
 32  0.00857856311
 33  0.00857856311
 34  0.00876919832
 35  0.00857856311
 36  0.00857856311
 37  0.0089598326
 38  0.00876919832
 39  0.00857856311
 40  0.00876919832
 41  0.00857856311
 42  0.00876919832
 43  0.00876919832
 44  0.00857856311
 45  0.00876919832
 46  0.00838792883
 47  0.00857856311
 48  0.00876919832
 49  0.00838792883
 50  0.00876919832
 51  0.00876919832
 52  0.00857856311
 53  0.00876919832
 54  0.00876919832
 55  0.00876919832
 56  0.0089598326
 57  0.00876919832
 58  0.00876919832
 59  0.00876919832
 60  0.00876919832
 61  0.00876919832
 62  0.00876919832
 63  0.00876919832
 64  0.00876919832
 65  0.00876919832
 66  0.0089598326
 67  0.00857856311
 68  0.00857856311
 69  0.0089598326
 70  0.00857856311
 71  0.00876919832
 72  0.00876919832
 73  0.00857856311
 74  0.00876919832
 75  0.00876919832
 76  0.00876919832
 77  0.00857856311
 78  0.00876919832
 79  0.00876919832
 80  0.0089598326
 81  0.00876919832
 82  0.00857856311
 83  0.00876919832
 84  0.00876919832
 85  0.00876919832
 86  0.00876919832
 87  0.00876919832
 88  0.00876919832
 89  0.00876919832
 90  0.0089598326
 91  0.00876919832
 92  0.00876919832
 93  0.0089598326
 94  0.00876919832
 95  0.00876919832
 96  0.00857856311
 97  0.00876919832
 98  0.00857856311
 99  0.00876919832
 100  0.0089598326
 101  0.00876919832
 102  0.00876919832
 103  0.00857856311
 104  0.00876919832
 105  0.00876919832
 106  0.00876919832
 107  0.00876919832
 108  0.00876919832
 109  0.00915046781
 110  0.00876919832
 111  0.0089598326
 112  0.00876919832
 113  0.00876919832
 114  0.0089598326
 115  0.00876919832
 116  0.00857856311
 117  0.00876919832
 118  0.00876919832
 119  0.00857856311
 120  0.00876919832
 121  0.00876919832
 122  0.00876919832
 123  0.00876919832
 124  0.00876919832
 125  0.00876919832
 126  0.00876919832
 127  0.00876919832
 128  0.0089598326
 129  0.0089598326
 130  0.0089598326
 131  0.0089598326
 132  0.00876919832
 133  0.0089598326
 134  0.00876919832
 135  0.0089598326
 136  0.00876919832
 137  0.00876919832
 138  0.00876919832
 139  0.0089598326
 140  0.00876919832
 141  0.00876919832
 142  0.00876919832
 143  0.00876919832
 144  0.00876919832
 145  0.00857856311
 146  0.00876919832
 147  0.0089598326
 148  0.00876919832
 149  0.00876919832
 150  0.0089598326
 151  0.00876919832
 152  0.0089598326
 153  0.0089598326
 154  0.00876919832
 155  0.0089598326
 156  0.00876919832
 157  0.00876919832
 158  0.00876919832
 159  0.00876919832
 160  0.0089598326
 161  0.00876919832
 162  0.00857856311
 163  0.00876919832
 164  0.00876919832
 165  0.00857856311
 166  0.00857856311
 167  0.00857856311
 168  0.00857856311
 169  0.00857856311
 170  0.00857856311
 171  0.00857856311
 172  0.00876919832
 173  0.00876919832
 174  0.00876919832
 175  0.00876919832
 176  0.00876919832
 177  0.0089598326
 178  0.00876919832
 179  0.00876919832
 180  0.0089598326
 181  0.0089598326
 182  0.0089598326
 183  0.00876919832
 184  0.00876919832
 185  0.00876919832
 186  0.00857856311
 187  0.0089598326
 188  0.00876919832
 189  0.00876919832
 190  0.00857856311
 191  0.00876919832
 192  0.00876919832
 193  0.00857856311
 194  0.00876919832
 195  0.00876919832
 196  0.00876919832
 197  0.00876919832
 198  0.00857856311
 199  0.00876919832
 200  0.00876919832
 201  0.0089598326
 202  0.0089598326
 203  0.0089598326
 204  0.0089598326
 205  0.0089598326
 206  0.0089598326
 207  0.00876919832
 208  0.00876919832
 209  0.00876919832
 210  0.0089598326
 211  0.00876919832
 212  0.00876919832
 213  0.00876919832
 214  0.0089598326
 215  0.00876919832
 216  0.00876919832
 217  0.00876919832
 218  0.00876919832
 219  0.00876919832
 220  0.0089598326
 221  0.0089598326
 222  0.0089598326
 223  0.0089598326
 224  0.0089598326
 225  0.00876919832
 226  0.0089598326
 227  0.0089598326
 228  0.00876919832
 229  0.00876919832
 230  0.00876919832
 231  0.00915046781
 232  0.00876919832
 233  0.00876919832
 234  0.0089598326
 235  0.0089598326
 236  0.0089598326
 237  0.00876919832
 238  0.00876919832
 239  0.00876919832
 240  0.00876919832
 241  0.00876919832
 242  0.0089598326
 243  0.00876919832
 244  0.00876919832
 245  0.00915046781
 246  0.00876919832
 247  0.00876919832
 248  0.0089598326
 249  0.0089598326
 250  0.00876919832
 251  0.0089598326
 252  0.0089598326
 253  0.0089598326
 254  0.0089598326
 255  0.0089598326
 256  0.0089598326
 257  0.0089598326
 258  0.00876919832
 259  0.0089598326
 260  0.0089598326
 261  0.00876919832
 262  0.00857856311
 263  0.00876919832
 264  0.00876919832
 265  0.00876919832
 266  0.0089598326
 267  0.0089598326
 268  0.0089598326
 269  0.00857856311
 270  0.0089598326
 271  0.0089598326
 272  0.00876919832
 273  0.0089598326
 274  0.0089598326
 275  0.0089598326
 276  0.0089598326
 277  0.0089598326
 278  0.0089598326
 279  0.00876919832
 280  0.0089598326
 281  0.0089598326
 282  0.0089598326
 283  0.0089598326
 284  0.0089598326
 285  0.00876919832
 286  0.00876919832
 287  0.0089598326
 288  0.00876919832
 289  0.0089598326
 290  0.0089598326
 291  0.0089598326
 292  0.0089598326
 293  0.00915046781
 294  0.0089598326
 295  0.0089598326
 296  0.0089598326
 297  0.0089598326
 298  0.00915046781
 299  0.0089598326
 300  0.0089598326
 301  0.0089598326
 302  0.0089598326
 303  0.0089598326
 304  0.0089598326
 305  0.0089598326
 306  0.0089598326
 307  0.0089598326
 308  0.0089598326
 309  0.0089598326
 310  0.00876919832
 311  0.00876919832
 312  0.00876919832
 313  0.0089598326
 314  0.0089598326
 315  0.00876919832
 316  0.0089598326
 317  0.0089598326
 318  0.0089598326
 319  0.0089598326
 320  0.00876919832
 321  0.00915046781
 322  0.00915046781
 323  0.0089598326
 324  0.0089598326
 325  0.0089598326
 326  0.0089598326
 327  0.0089598326
 328  0.00915046781
 329  0.00876919832
 330  0.00876919832
 331  0.0089598326
 332  0.0089598326
 333  0.00876919832
 334  0.00876919832
 335  0.00876919832
 336  0.00857856311
 337  0.00876919832
 338  0.0089598326
 339  0.00876919832
 340  0.0089598326
 341  0.0089598326
 342  0.00876919832
 343  0.0089598326
 344  0.00876919832
 345  0.0089598326
 346  0.00915046781
 347  0.00915046781
 348  0.00915046781
 349  0.00915046781
 350  0.00915046781
 351  0.0089598326
 352  0.0089598326
 353  0.00915046781
 354  0.0089598326
 355  0.0089598326
 356  0.0089598326
 357  0.0089598326
 358  0.00876919832
 359  0.0089598326
 360  0.00876919832
 361  0.00915046781
 362  0.0089598326
 363  0.00876919832
 364  0.00915046781
 365  0.0089598326
 366  0.00876919832
 367  0.00915046781
 368  0.00915046781
 369  0.00915046781
 370  0.00915046781
 371  0.00915046781
 372  0.00915046781
 373  0.0089598326
 374  0.00915046781
 375  0.0089598326
 376  0.0089598326
 377  0.00876919832
 378  0.0089598326
 379  0.0089598326
 380  0.0089598326
 381  0.0089598326
 382  0.0089598326
 383  0.0089598326
 384  0.00876919832
 385  0.0089598326
 386  0.0089598326
 387  0.0089598326
 388  0.0089598326
 389  0.0089598326
 390  0.0089598326
 391  0.0089598326
 392  0.0089598326
 393  0.00915046781
 394  0.0089598326
 395  0.0089598326
 396  0.0089598326
 397  0.00915046781
 398  0.0089598326
 399  0.0089598326
 400  0.0089598326
 401  0.00915046781
 402  0.0089598326
 403  0.0089598326
 404  0.00915046781
 405  0.0089598326
 406  0.00915046781
 407  0.00915046781
 408  0.0089598326
 409  0.00915046781
 410  0.0089598326
 411  0.00876919832
 412  0.0089598326
 413  0.0089598326
 414  0.0089598326
 415  0.0089598326
 416  0.0089598326
 417  0.00915046781
 418  0.0089598326
 419  0.0089598326
 420  0.00915046781
 421  0.00915046781
 422  0.00915046781
 423  0.0089598326
 424  0.0089598326
 425  0.0089598326
 426  0.0089598326
 427  0.00915046781
 428  0.0089598326
 429  0.00915046781
 430  0.0089598326
 431  0.0089598326
 432  0.0089598326
 433  0.00876919832
 434  0.0089598326
 435  0.0089598326
 436  0.0089598326
 437  0.00915046781
 438  0.0089598326
 439  0.0089598326
 440  0.0089598326
 441  0.0089598326
 442  0.00915046781
 443  0.0089598326
 444  0.00915046781
 445  0.00915046781
 446  0.00915046781
 447  0.00915046781
 448  0.0089598326
 449  0.0089598326
 450  0.0089598326
 451  0.00915046781
 452  0.0089598326
 453  0.00915046781
 454  0.00876919832
 455  0.00915046781
 456  0.0089598326
 457  0.00915046781
 458  0.00915046781
 459  0.0089598326
 460  0.00915046781
 461  0.0089598326
 462  0.0089598326
 463  0.0089598326
 464  0.00915046781
 465  0.00915046781
 466  0.00915046781
 467  0.00915046781
 468  0.0089598326
 469  0.00915046781
 470  0.00915046781
 471  0.00915046781
 472  0.00915046781
 473  0.00876919832
 474  0.0089598326
 475  0.0089598326
 476  0.0089598326
 477  0.00915046781
 478  0.0089598326
 479  0.0089598326
 480  0.00915046781
 481  0.0089598326
 482  0.0089598326
 483  0.00915046781
 484  0.00915046781
 485  0.00876919832
 486  0.0089598326
 487  0.0089598326
 488  0.00915046781
 489  0.00915046781
 490  0.00915046781
 491  0.00915046781
 492  0.0089598326
 493  0.0089598326
 494  0.0089598326
 495  0.0089598326
 496  0.00915046781
 497  0.0089598326
 498  0.0089598326
 499  0.00915046781
 500  0.0089598326

 1  0.00934110209
 2  0.00934110209
 3  0.00857856311
 4  0.00915046781
 5  0.00915046781
 6  0.0089598326
 7  0.00934110209
 8  0.00934110209
 9  0.00934110209
 10  0.00953173731
 11  0.00934110209
 12  0.00915046781
 13  0.00953173731
 14  0.00953173731
 15  0.00934110209
 16  0.00934110209
 17  0.00934110209
 18  0.00953173731
 19  0.00953173731
 20  0.00934110209
 21  0.00934110209
 22  0.00934110209
 23  0.00953173731
 24  0.00934110209
 25  0.00934110209
 26  0.00953173731
 27  0.00953173731
 28  0.00934110209
 29  0.00953173731
 30  0.00953173731
 31  0.00953173731
 32  0.00953173731
 33  0.00934110209
 34  0.00953173731
 35  0.00953173731
 36  0.00934110209
 37  0.00972237159
 38  0.00972237159
 39  0.00953173731
 40  0.00972237159
 41  0.00934110209
 42  0.00953173731
 43  0.00953173731
 44  0.00953173731
 45  0.00953173731
 46  0.00934110209
 47  0.00953173731
 48  0.00953173731
 49  0.00915046781
 50  0.00972237159
 51  0.00953173731
 52  0.00953173731
 53  0.00953173731
 54  0.00972237159
 55  0.00953173731
 56  0.00972237159
 57  0.00953173731
 58  0.00953173731
 59  0.00953173731
 60  0.00953173731
 61  0.00953173731
 62  0.00953173731
 63  0.00953173731
 64  0.00953173731
 65  0.00953173731
 66  0.00972237159
 67  0.00915046781
 68  0.00934110209
 69  0.00953173731
 70  0.00934110209
 71  0.00934110209
 72  0.00953173731
 73  0.00953173731
 74  0.00953173731
 75  0.00953173731
 76  0.00953173731
 77  0.00953173731
 78  0.00953173731
 79  0.00953173731
 80  0.00972237159
 81  0.00953173731
 82  0.00953173731
 83  0.00953173731
 84  0.00953173731
 85  0.00972237159
 86  0.00953173731
 87  0.00953173731
 88  0.00953173731
 89  0.00953173731
 90  0.00972237159
 91  0.00953173731
 92  0.00953173731
 93  0.00953173731
 94  0.00953173731
 95  0.00934110209
 96  0.00934110209
 97  0.00953173731
 98  0.00953173731
 99  0.00953173731
 100  0.00972237159
 101  0.00934110209
 102  0.00953173731
 103  0.00934110209
 104  0.00953173731
 105  0.00953173731
 106  0.00953173731
 107  0.00953173731
 108  0.00953173731
 109  0.00972237159
 110  0.00972237159
 111  0.00972237159
 112  0.00953173731
 113  0.00953173731
 114  0.00953173731
 115  0.00953173731
 116  0.00953173731
 117  0.00953173731
 118  0.00934110209
 119  0.00934110209
 120  0.00953173731
 121  0.00953173731
 122  0.00953173731
 123  0.00972237159
 124  0.00953173731
 125  0.00953173731
 126  0.00953173731
 127  0.00953173731
 128  0.00972237159
 129  0.00953173731
 130  0.00972237159
 131  0.00972237159
 132  0.00953173731
 133  0.00972237159
 134  0.00972237159
 135  0.00972237159
 136  0.00953173731
 137  0.00953173731
 138  0.00953173731
 139  0.00972237159
 140  0.00953173731
 141  0.00953173731
 142  0.00972237159
 143  0.00953173731
 144  0.00953173731
 145  0.00953173731
 146  0.00953173731
 147  0.00953173731
 148  0.00953173731
 149  0.00953173731
 150  0.00972237159
 151  0.00953173731
 152  0.00972237159
 153  0.00972237159
 154  0.00972237159
 155  0.00953173731
 156  0.00972237159
 157  0.00953173731
 158  0.00953173731
 159  0.00972237159
 160  0.00972237159
 161  0.00953173731
 162  0.00953173731
 163  0.00953173731
 164  0.00953173731
 165  0.00953173731
 166  0.00953173731
 167  0.00934110209
 168  0.00934110209
 169  0.00934110209
 170  0.00934110209
 171  0.00934110209
 172  0.00953173731
 173  0.00953173731
 174  0.00953173731
 175  0.00953173731
 176  0.00953173731
 177  0.00972237159
 178  0.00953173731
 179  0.00953173731
 180  0.00972237159
 181  0.00972237159
 182  0.00953173731
 183  0.00953173731
 184  0.00953173731
 185  0.00953173731
 186  0.00934110209
 187  0.00972237159
 188  0.00953173731
 189  0.00953173731
 190  0.00934110209
 191  0.00953173731
 192  0.00953173731
 193  0.00934110209
 194  0.00953173731
 195  0.00953173731
 196  0.00972237159
 197  0.00953173731
 198  0.00953173731
 199  0.00953173731
 200  0.00972237159
 201  0.00972237159
 202  0.00972237159
 203  0.00972237159
 204  0.0099130068
 205  0.00972237159
 206  0.00972237159
 207  0.00972237159
 208  0.00953173731
 209  0.00953173731
 210  0.00972237159
 211  0.00953173731
 212  0.00953173731
 213  0.00953173731
 214  0.00953173731
 215  0.00953173731
 216  0.00953173731
 217  0.00972237159
 218  0.00953173731
 219  0.00953173731
 220  0.00972237159
 221  0.00972237159
 222  0.00972237159
 223  0.00972237159
 224  0.00972237159
 225  0.00953173731
 226  0.00972237159
 227  0.00972237159
 228  0.00953173731
 229  0.00953173731
 230  0.00972237159
 231  0.0099130068
 232  0.00972237159
 233  0.00972237159
 234  0.00972237159
 235  0.00972237159
 236  0.00953173731
 237  0.00972237159
 238  0.00972237159
 239  0.00953173731
 240  0.00953173731
 241  0.00953173731
 242  0.00972237159
 243  0.00972237159
 244  0.00953173731
 245  0.00972237159
 246  0.00953173731
 247  0.00972237159
 248  0.00972237159
 249  0.0099130068
 250  0.00953173731
 251  0.0099130068
 252  0.00972237159
 253  0.00972237159
 254  0.00972237159
 255  0.00972237159
 256  0.00972237159
 257  0.0099130068
 258  0.00972237159
 259  0.00972237159
 260  0.0099130068
 261  0.00972237159
 262  0.00953173731
 263  0.00953173731
 264  0.00953173731
 265  0.00953173731
 266  0.00972237159
 267  0.00972237159
 268  0.00972237159
 269  0.00953173731
 270  0.00972237159
 271  0.00972237159
 272  0.00953173731
 273  0.00972237159
 274  0.00972237159
 275  0.00972237159
 276  0.00972237159
 277  0.00953173731
 278  0.00972237159
 279  0.00972237159
 280  0.0099130068
 281  0.00972237159
 282  0.00972237159
 283  0.00972237159
 284  0.00972237159
 285  0.00953173731
 286  0.00953173731
 287  0.00972237159
 288  0.00953173731
 289  0.00972237159
 290  0.0099130068
 291  0.00972237159
 292  0.00972237159
 293  0.0099130068
 294  0.0099130068
 295  0.0099130068
 296  0.00972237159
 297  0.00972237159
 298  0.0099130068
 299  0.00972237159
 300  0.00972237159
 301  0.00972237159
 302  0.0099130068
 303  0.00972237159
 304  0.00972237159
 305  0.00972237159
 306  0.00972237159
 307  0.00972237159
 308  0.0099130068
 309  0.00953173731
 310  0.00972237159
 311  0.00972237159
 312  0.00953173731
 313  0.00972237159
 314  0.00953173731
 315  0.00953173731
 316  0.00972237159
 317  0.00972237159
 318  0.00972237159
 319  0.00972237159
 320  0.00972237159
 321  0.0099130068
 322  0.00972237159
 323  0.00972237159
 324  0.00972237159
 325  0.00972237159
 326  0.0099130068
 327  0.00972237159
 328  0.0099130068
 329  0.00953173731
 330  0.00972237159
 331  0.00972237159
 332  0.00972237159
 333  0.00972237159
 334  0.00972237159
 335  0.00953173731
 336  0.00953173731
 337  0.00972237159
 338  0.00972237159
 339  0.00953173731
 340  0.00972237159
 341  0.00972237159
 342  0.00972237159
 343  0.00972237159
 344  0.00972237159
 345  0.00972237159
 346  0.0101036411
 347  0.0099130068
 348  0.00972237159
 349  0.0099130068
 350  0.0099130068
 351  0.0099130068
 352  0.00972237159
 353  0.0099130068
 354  0.00972237159
 355  0.00972237159
 356  0.00972237159
 357  0.00972237159
 358  0.00953173731
 359  0.0099130068
 360  0.00972237159
 361  0.0099130068
 362  0.00972237159
 363  0.0099130068
 364  0.0099130068
 365  0.0099130068
 366  0.00972237159
 367  0.0099130068
 368  0.0099130068
 369  0.00972237159
 370  0.0099130068
 371  0.0101036411
 372  0.0099130068
 373  0.00972237159
 374  0.0099130068
 375  0.0099130068
 376  0.00972237159
 377  0.00972237159
 378  0.00972237159
 379  0.0099130068
 380  0.0099130068
 381  0.0099130068
 382  0.00972237159
 383  0.00972237159
 384  0.00972237159
 385  0.0099130068
 386  0.00972237159
 387  0.00972237159
 388  0.00972237159
 389  0.00972237159
 390  0.0099130068
 391  0.00972237159
 392  0.0099130068
 393  0.0101036411
 394  0.0099130068
 395  0.0099130068
 396  0.0099130068
 397  0.0099130068
 398  0.00972237159
 399  0.00972237159
 400  0.0099130068
 401  0.0099130068
 402  0.00972237159
 403  0.00953173731
 404  0.00972237159
 405  0.0099130068
 406  0.00972237159
 407  0.0099130068
 408  0.00972237159
 409  0.0099130068
 410  0.00972237159
 411  0.00953173731
 412  0.0099130068
 413  0.00972237159
 414  0.00972237159
 415  0.0099130068
 416  0.00972237159
 417  0.0099130068
 418  0.00972237159
 419  0.00972237159
 420  0.0099130068
 421  0.0099130068
 422  0.0099130068
 423  0.00953173731
 424  0.00972237159
 425  0.0099130068
 426  0.00972237159
 427  0.0099130068
 428  0.00972237159
 429  0.0099130068
 430  0.00972237159
 431  0.00972237159
 432  0.00972237159
 433  0.00972237159
 434  0.00953173731
 435  0.00972237159
 436  0.00972237159
 437  0.00972237159
 438  0.00972237159
 439  0.0099130068
 440  0.00972237159
 441  0.00972237159
 442  0.0099130068
 443  0.00972237159
 444  0.0099130068
 445  0.0099130068
 446  0.0099130068
 447  0.00972237159
 448  0.0099130068
 449  0.00972237159
 450  0.00953173731
 451  0.0099130068
 452  0.0099130068
 453  0.0099130068
 454  0.00953173731
 455  0.0099130068
 456  0.00972237159
 457  0.0099130068
 458  0.0101036411
 459  0.0099130068
 460  0.0099130068
 461  0.00972237159
 462  0.00972237159
 463  0.0099130068
 464  0.0099130068
 465  0.0099130068
 466  0.0099130068
 467  0.0099130068
 468  0.0099130068
 469  0.0101036411
 470  0.0099130068
 471  0.0099130068
 472  0.0099130068
 473  0.00953173731
 474  0.00972237159
 475  0.00972237159
 476  0.00972237159
 477  0.00972237159
 478  0.00972237159
 479  0.00972237159
 480  0.00972237159
 481  0.0099130068
 482  0.0099130068
 483  0.0099130068
 484  0.0099130068
 485  0.00972237159
 486  0.00972237159
 487  0.00972237159
 488  0.0099130068
 489  0.0099130068
 490  0.0099130068
 491  0.0099130068
 492  0.00972237159
 493  0.00972237159
 494  0.0099130068
 495  0.00972237159
 496  0.0099130068
 497  0.0099130068
 498  0.00972237159
 499  0.0099130068
 500  0.00972237159

 1  0.0101036411
 2  0.0102942763
 3  0.00934110209
 4  0.0099130068
 5  0.0101036411
 6  0.0099130068
 7  0.0101036411
 8  0.0102942763
 9  0.0102942763
 10  0.0102942763
 11  0.0102942763
 12  0.0101036411
 13  0.0104849106
 14  0.0102942763
 15  0.0102942763
 16  0.0101036411
 17  0.0101036411
 18  0.0102942763
 19  0.0102942763
 20  0.0102942763
 21  0.0101036411
 22  0.0102942763
 23  0.0102942763
 24  0.0102942763
 25  0.0101036411
 26  0.0102942763
 27  0.0102942763
 28  0.0102942763
 29  0.0102942763
 30  0.0102942763
 31  0.0102942763
 32  0.0102942763
 33  0.0102942763
 34  0.0102942763
 35  0.0104849106
 36  0.0102942763
 37  0.0104849106
 38  0.0104849106
 39  0.0102942763
 40  0.0104849106
 41  0.0101036411
 42  0.0102942763
 43  0.0102942763
 44  0.0102942763
 45  0.0104849106
 46  0.0101036411
 47  0.0102942763
 48  0.0102942763
 49  0.0099130068
 50  0.0104849106
 51  0.0102942763
 52  0.0104849106
 53  0.0104849106
 54  0.0104849106
 55  0.0102942763
 56  0.0106755458
 57  0.0102942763
 58  0.0104849106
 59  0.0104849106
 60  0.0104849106
 61  0.0102942763
 62  0.0102942763
 63  0.0102942763
 64  0.0104849106
 65  0.0102942763
 66  0.0104849106
 67  0.0101036411
 68  0.0102942763
 69  0.0104849106
 70  0.0102942763
 71  0.0102942763
 72  0.0104849106
 73  0.0102942763
 74  0.0102942763
 75  0.0104849106
 76  0.0102942763
 77  0.0102942763
 78  0.0102942763
 79  0.0102942763
 80  0.0104849106
 81  0.0102942763
 82  0.0102942763
 83  0.0104849106
 84  0.0104849106
 85  0.0106755458
 86  0.0104849106
 87  0.0104849106
 88  0.0102942763
 89  0.0104849106
 90  0.0104849106
 91  0.0102942763
 92  0.0104849106
 93  0.0102942763
 94  0.0102942763
 95  0.0102942763
 96  0.0101036411
 97  0.0104849106
 98  0.0102942763
 99  0.0102942763
 100  0.0104849106
 101  0.0102942763
 102  0.0102942763
 103  0.0102942763
 104  0.0102942763
 105  0.0102942763
 106  0.0104849106
 107  0.0104849106
 108  0.0104849106
 109  0.0106755458
 110  0.0106755458
 111  0.0104849106
 112  0.0104849106
 113  0.0104849106
 114  0.0104849106
 115  0.0102942763
 116  0.0102942763
 117  0.0102942763
 118  0.0102942763
 119  0.0102942763
 120  0.0102942763
 121  0.0102942763
 122  0.0104849106
 123  0.0104849106
 124  0.0102942763
 125  0.0102942763
 126  0.0104849106
 127  0.0104849106
 128  0.0104849106
 129  0.0104849106
 130  0.0104849106
 131  0.0106755458
 132  0.0104849106
 133  0.0104849106
 134  0.0104849106
 135  0.0104849106
 136  0.0102942763
 137  0.0102942763
 138  0.0104849106
 139  0.0104849106
 140  0.0102942763
 141  0.0102942763
 142  0.0106755458
 143  0.0104849106
 144  0.0104849106
 145  0.0104849106
 146  0.0104849106
 147  0.0104849106
 148  0.0104849106
 149  0.0102942763
 150  0.0106755458
 151  0.0104849106
 152  0.0106755458
 153  0.0104849106
 154  0.0104849106
 155  0.0104849106
 156  0.0104849106
 157  0.0104849106
 158  0.0104849106
 159  0.0104849106
 160  0.0104849106
 161  0.0102942763
 162  0.0104849106
 163  0.0102942763
 164  0.0102942763
 165  0.0102942763
 166  0.0102942763
 167  0.0102942763
 168  0.0102942763
 169  0.0102942763
 170  0.0101036411
 171  0.0104849106
 172  0.0104849106
 173  0.0102942763
 174  0.0104849106
 175  0.0102942763
 176  0.0104849106
 177  0.0104849106
 178  0.0102942763
 179  0.0104849106
 180  0.0104849106
 181  0.0106755458
 182  0.0102942763
 183  0.0104849106
 184  0.0104849106
 185  0.0102942763
 186  0.0102942763
 187  0.0104849106
 188  0.0102942763
 189  0.0102942763
 190  0.0102942763
 191  0.0102942763
 192  0.0102942763
 193  0.0102942763
 194  0.0102942763
 195  0.0104849106
 196  0.0104849106
 197  0.0104849106
 198  0.0104849106
 199  0.0102942763
 200  0.0106755458
 201  0.0104849106
 202  0.0104849106
 203  0.0104849106
 204  0.0106755458
 205  0.0106755458
 206  0.0104849106
 207  0.0104849106
 208  0.0102942763
 209  0.0102942763
 210  0.0106755458
 211  0.0102942763
 212  0.0104849106
 213  0.0104849106
 214  0.0104849106
 215  0.0104849106
 216  0.0104849106
 217  0.0104849106
 218  0.0104849106
 219  0.0104849106
 220  0.0106755458
 221  0.0104849106
 222  0.0104849106
 223  0.0104849106
 224  0.0106755458
 225  0.0104849106
 226  0.0106755458
 227  0.0104849106
 228  0.0104849106
 229  0.0102942763
 230  0.0106755458
 231  0.0106755458
 232  0.0104849106
 233  0.0104849106
 234  0.0106755458
 235  0.0104849106
 236  0.0102942763
 237  0.0102942763
 238  0.0104849106
 239  0.0104849106
 240  0.0102942763
 241  0.0102942763
 242  0.0106755458
 243  0.0104849106
 244  0.0104849106
 245  0.0106755458
 246  0.0102942763
 247  0.0104849106
 248  0.0106755458
 249  0.0106755458
 250  0.0104849106
 251  0.0106755458
 252  0.0104849106
 253  0.0104849106
 254  0.0106755458
 255  0.0104849106
 256  0.0106755458
 257  0.0106755458
 258  0.0104849106
 259  0.0106755458
 260  0.0106755458
 261  0.0104849106
 262  0.0104849106
 263  0.0104849106
 264  0.0102942763
 265  0.0104849106
 266  0.0104849106
 267  0.0104849106
 268  0.0104849106
 269  0.0102942763
 270  0.0104849106
 271  0.0104849106
 272  0.0104849106
 273  0.0106755458
 274  0.0104849106
 275  0.0106755458
 276  0.0104849106
 277  0.0104849106
 278  0.0106755458
 279  0.0104849106
 280  0.0106755458
 281  0.0106755458
 282  0.0106755458
 283  0.0106755458
 284  0.0104849106
 285  0.0102942763
 286  0.0104849106
 287  0.0104849106
 288  0.0104849106
 289  0.0106755458
 290  0.0106755458
 291  0.0104849106
 292  0.0104849106
 293  0.0106755458
 294  0.0106755458
 295  0.0106755458
 296  0.0106755458
 297  0.0106755458
 298  0.0108661801
 299  0.0104849106
 300  0.0106755458
 301  0.0106755458
 302  0.0106755458
 303  0.0106755458
 304  0.0104849106
 305  0.0104849106
 306  0.0104849106
 307  0.0104849106
 308  0.0106755458
 309  0.0104849106
 310  0.0106755458
 311  0.0104849106
 312  0.0104849106
 313  0.0104849106
 314  0.0104849106
 315  0.0104849106
 316  0.0104849106
 317  0.0106755458
 318  0.0106755458
 319  0.0106755458
 320  0.0104849106
 321  0.0106755458
 322  0.0106755458
 323  0.0106755458
 324  0.0104849106
 325  0.0106755458
 326  0.0106755458
 327  0.0106755458
 328  0.0108661801
 329  0.0104849106
 330  0.0104849106
 331  0.0106755458
 332  0.0106755458
 333  0.0106755458
 334  0.0104849106
 335  0.0102942763
 336  0.0102942763
 337  0.0104849106
 338  0.0104849106
 339  0.0104849106
 340  0.0106755458
 341  0.0106755458
 342  0.0106755458
 343  0.0104849106
 344  0.0104849106
 345  0.0106755458
 346  0.0108661801
 347  0.0106755458
 348  0.0106755458
 349  0.0108661801
 350  0.0108661801
 351  0.0106755458
 352  0.0106755458
 353  0.0106755458
 354  0.0104849106
 355  0.0106755458
 356  0.0106755458
 357  0.0104849106
 358  0.0106755458
 359  0.0106755458
 360  0.0106755458
 361  0.0106755458
 362  0.0106755458
 363  0.0106755458
 364  0.0106755458
 365  0.0108661801
 366  0.0106755458
 367  0.0108661801
 368  0.0106755458
 369  0.0106755458
 370  0.0106755458
 371  0.0108661801
 372  0.0106755458
 373  0.0106755458
 374  0.0106755458
 375  0.0106755458
 376  0.0106755458
 377  0.0106755458
 378  0.0104849106
 379  0.0106755458
 380  0.0106755458
 381  0.0106755458
 382  0.0104849106
 383  0.0104849106
 384  0.0104849106
 385  0.0106755458
 386  0.0104849106
 387  0.0104849106
 388  0.0106755458
 389  0.0106755458
 390  0.0106755458
 391  0.0106755458
 392  0.0106755458
 393  0.0108661801
 394  0.0106755458
 395  0.0106755458
 396  0.0106755458
 397  0.0106755458
 398  0.0106755458
 399  0.0106755458
 400  0.0106755458
 401  0.0108661801
 402  0.0106755458
 403  0.0104849106
 404  0.0104849106
 405  0.0108661801
 406  0.0106755458
 407  0.0106755458
 408  0.0104849106
 409  0.0106755458
 410  0.0106755458
 411  0.0104849106
 412  0.0106755458
 413  0.0104849106
 414  0.0106755458
 415  0.0108661801
 416  0.0104849106
 417  0.0108661801
 418  0.0104849106
 419  0.0106755458
 420  0.0106755458
 421  0.0108661801
 422  0.0106755458
 423  0.0104849106
 424  0.0106755458
 425  0.0106755458
 426  0.0104849106
 427  0.0108661801
 428  0.0104849106
 429  0.0106755458
 430  0.0104849106
 431  0.0104849106
 432  0.0106755458
 433  0.0104849106
 434  0.0102942763
 435  0.0104849106
 436  0.0106755458
 437  0.0106755458
 438  0.0106755458
 439  0.0106755458
 440  0.0104849106
 441  0.0106755458
 442  0.0108661801
 443  0.0104849106
 444  0.0106755458
 445  0.0108661801
 446  0.0106755458
 447  0.0106755458
 448  0.0106755458
 449  0.0106755458
 450  0.0104849106
 451  0.0108661801
 452  0.0106755458
 453  0.0108661801
 454  0.0104849106
 455  0.0106755458
 456  0.0104849106
 457  0.0108661801
 458  0.0108661801
 459  0.0106755458
 460  0.0106755458
 461  0.0106755458
 462  0.0106755458
 463  0.0106755458
 464  0.0106755458
 465  0.0106755458
 466  0.0106755458
 467  0.0108661801
 468  0.0106755458
 469  0.0108661801
 470  0.0106755458
 471  0.0106755458
 472  0.0106755458
 473  0.0104849106
 474  0.0106755458
 475  0.0106755458
 476  0.0106755458
 477  0.0104849106
 478  0.0106755458
 479  0.0104849106
 480  0.0106755458
 481  0.0106755458
 482  0.0106755458
 483  0.0106755458
 484  0.0106755458
 485  0.0106755458
 486  0.0106755458
 487  0.0106755458
 488  0.0108661801
 489  0.0108661801
 490  0.0106755458
 491  0.0108661801
 492  0.0106755458
 493  0.0106755458
 494  0.0106755458
 495  0.0106755458
 496  0.0108661801
 497  0.0106755458
 498  0.0106755458
 499  0.0106755458
 500  0.0106755458

 1  0.0108661801
 2  0.0110568153
 3  0.0101036411
 4  0.0106755458
 5  0.0110568153
 6  0.0106755458
 7  0.0110568153
 8  0.0110568153
 9  0.0112474496
 10  0.0112474496
 11  0.0112474496
 12  0.0108661801
 13  0.0112474496
 14  0.0110568153
 15  0.0110568153
 16  0.0110568153
 17  0.0110568153
 18  0.0112474496
 19  0.0110568153
 20  0.0112474496
 21  0.0110568153
 22  0.0112474496
 23  0.0112474496
 24  0.0112474496
 25  0.0110568153
 26  0.0110568153
 27  0.0112474496
 28  0.0112474496
 29  0.0112474496
 30  0.0112474496
 31  0.0112474496
 32  0.0112474496
 33  0.0112474496
 34  0.0112474496
 35  0.0112474496
 36  0.0112474496
 37  0.0114380848
 38  0.0114380848
 39  0.0112474496
 40  0.0112474496
 41  0.0110568153
 42  0.0110568153
 43  0.0112474496
 44  0.0112474496
 45  0.0114380848
 46  0.0112474496
 47  0.0110568153
 48  0.0114380848
 49  0.0110568153
 50  0.0114380848
 51  0.0112474496
 52  0.0112474496
 53  0.0114380848
 54  0.0112474496
 55  0.0112474496
 56  0.0114380848
 57  0.0110568153
 58  0.0114380848
 59  0.0114380848
 60  0.0114380848
 61  0.0114380848
 62  0.0112474496
 63  0.0114380848
 64  0.0112474496
 65  0.0112474496
 66  0.0114380848
 67  0.0110568153
 68  0.0112474496
 69  0.0114380848
 70  0.0110568153
 71  0.0112474496
 72  0.0114380848
 73  0.0114380848
 74  0.0112474496
 75  0.0114380848
 76  0.0112474496
 77  0.0112474496
 78  0.0110568153
 79  0.0110568153
 80  0.0112474496
 81  0.0112474496
 82  0.0114380848
 83  0.0114380848
 84  0.0114380848
 85  0.0114380848
 86  0.0114380848
 87  0.011628719
 88  0.0114380848
 89  0.0114380848
 90  0.0114380848
 91  0.0112474496
 92  0.0112474496
 93  0.0112474496
 94  0.0112474496
 95  0.0112474496
 96  0.0110568153
 97  0.0114380848
 98  0.0112474496
 99  0.0112474496
 100  0.0114380848
 101  0.0110568153
 102  0.0112474496
 103  0.0112474496
 104  0.0110568153
 105  0.0112474496
 106  0.0112474496
 107  0.0114380848
 108  0.0114380848
 109  0.0114380848
 110  0.011628719
 111  0.0114380848
 112  0.0112474496
 113  0.0112474496
 114  0.0114380848
 115  0.0112474496
 116  0.0112474496
 117  0.0112474496
 118  0.0112474496
 119  0.0112474496
 120  0.0112474496
 121  0.0112474496
 122  0.0112474496
 123  0.0114380848
 124  0.0112474496
 125  0.0112474496
 126  0.0114380848
 127  0.0112474496
 128  0.0112474496
 129  0.0112474496
 130  0.0114380848
 131  0.011628719
 132  0.0114380848
 133  0.0114380848
 134  0.0114380848
 135  0.0112474496
 136  0.0112474496
 137  0.0112474496
 138  0.011628719
 139  0.0114380848
 140  0.0112474496
 141  0.0112474496
 142  0.0114380848
 143  0.0112474496
 144  0.0114380848
 145  0.0112474496
 146  0.0114380848
 147  0.0114380848
 148  0.0112474496
 149  0.0112474496
 150  0.0114380848
 151  0.0112474496
 152  0.011628719
 153  0.011628719
 154  0.0114380848
 155  0.0114380848
 156  0.0114380848
 157  0.0114380848
 158  0.0114380848
 159  0.011628719
 160  0.0114380848
 161  0.0112474496
 162  0.0112474496
 163  0.0112474496
 164  0.0112474496
 165  0.0114380848
 166  0.0112474496
 167  0.0112474496
 168  0.0112474496
 169  0.0114380848
 170  0.0112474496
 171  0.0112474496
 172  0.0114380848
 173  0.0112474496
 174  0.0112474496
 175  0.0112474496
 176  0.0114380848
 177  0.0114380848
 178  0.0112474496
 179  0.0112474496
 180  0.0114380848
 181  0.011628719
 182  0.0112474496
 183  0.0114380848
 184  0.011628719
 185  0.0112474496
 186  0.0112474496
 187  0.0114380848
 188  0.0112474496
 189  0.0114380848
 190  0.0112474496
 191  0.0110568153
 192  0.0112474496
 193  0.0112474496
 194  0.0112474496
 195  0.0114380848
 196  0.0112474496
 197  0.0114380848
 198  0.0112474496
 199  0.0112474496
 200  0.011628719
 201  0.0114380848
 202  0.0114380848
 203  0.0114380848
 204  0.011628719
 205  0.0114380848
 206  0.0114380848
 207  0.0114380848
 208  0.0110568153
 209  0.0114380848
 210  0.011628719
 211  0.0112474496
 212  0.0112474496
 213  0.0114380848
 214  0.0114380848
 215  0.0114380848
 216  0.0114380848
 217  0.0114380848
 218  0.0114380848
 219  0.0114380848
 220  0.0114380848
 221  0.0114380848
 222  0.0112474496
 223  0.011628719
 224  0.011628719
 225  0.0114380848
 226  0.011628719
 227  0.0114380848
 228  0.011628719
 229  0.0114380848
 230  0.0114380848
 231  0.0114380848
 232  0.011628719
 233  0.0114380848
 234  0.011628719
 235  0.0114380848
 236  0.0112474496
 237  0.0112474496
 238  0.0114380848
 239  0.0114380848
 240  0.0112474496
 241  0.0112474496
 242  0.0114380848
 243  0.0112474496
 244  0.0114380848
 245  0.011628719
 246  0.0114380848
 247  0.0112474496
 248  0.011628719
 249  0.011628719
 250  0.0112474496
 251  0.011628719
 252  0.0114380848
 253  0.0114380848
 254  0.011628719
 255  0.0114380848
 256  0.0114380848
 257  0.0118193543
 258  0.0112474496
 259  0.0114380848
 260  0.011628719
 261  0.0114380848
 262  0.0114380848
 263  0.0112474496
 264  0.0112474496
 265  0.0112474496
 266  0.0112474496
 267  0.0114380848
 268  0.0114380848
 269  0.0114380848
 270  0.011628719
 271  0.0114380848
 272  0.0114380848
 273  0.011628719
 274  0.0114380848
 275  0.011628719
 276  0.0114380848
 277  0.0114380848
 278  0.011628719
 279  0.0114380848
 280  0.011628719
 281  0.0114380848
 282  0.0114380848
 283  0.0114380848
 284  0.011628719
 285  0.0112474496
 286  0.011628719
 287  0.0114380848
 288  0.0114380848
 289  0.0114380848
 290  0.0114380848
 291  0.011628719
 292  0.0114380848
 293  0.011628719
 294  0.0114380848
 295  0.011628719
 296  0.011628719
 297  0.0114380848
 298  0.0118193543
 299  0.0114380848
 300  0.011628719
 301  0.0114380848
 302  0.011628719
 303  0.011628719
 304  0.0114380848
 305  0.0114380848
 306  0.0114380848
 307  0.011628719
 308  0.0114380848
 309  0.0114380848
 310  0.0114380848
 311  0.0114380848
 312  0.0114380848
 313  0.0114380848
 314  0.0114380848
 315  0.0114380848
 316  0.011628719
 317  0.011628719
 318  0.011628719
 319  0.011628719
 320  0.0112474496
 321  0.011628719
 322  0.011628719
 323  0.011628719
 324  0.0114380848
 325  0.0114380848
 326  0.011628719
 327  0.0114380848
 328  0.0118193543
 329  0.0114380848
 330  0.0114380848
 331  0.0114380848
 332  0.011628719
 333  0.0114380848
 334  0.0114380848
 335  0.0114380848
 336  0.0114380848
 337  0.0114380848
 338  0.0114380848
 339  0.0112474496
 340  0.011628719
 341  0.011628719
 342  0.0114380848
 343  0.0114380848
 344  0.011628719
 345  0.0114380848
 346  0.0118193543
 347  0.011628719
 348  0.0114380848
 349  0.011628719
 350  0.0118193543
 351  0.011628719
 352  0.0114380848
 353  0.011628719
 354  0.0114380848
 355  0.011628719
 356  0.011628719
 357  0.0114380848
 358  0.011628719
 359  0.0114380848
 360  0.0114380848
 361  0.011628719
 362  0.011628719
 363  0.011628719
 364  0.011628719
 365  0.011628719
 366  0.0114380848
 367  0.0118193543
 368  0.011628719
 369  0.0114380848
 370  0.0118193543
 371  0.0118193543
 372  0.011628719
 373  0.011628719
 374  0.0118193543
 375  0.011628719
 376  0.011628719
 377  0.0114380848
 378  0.0114380848
 379  0.0114380848
 380  0.011628719
 381  0.011628719
 382  0.0114380848
 383  0.0114380848
 384  0.0114380848
 385  0.011628719
 386  0.0114380848
 387  0.0114380848
 388  0.011628719
 389  0.011628719
 390  0.011628719
 391  0.0114380848
 392  0.0114380848
 393  0.0118193543
 394  0.011628719
 395  0.0118193543
 396  0.011628719
 397  0.011628719
 398  0.0114380848
 399  0.011628719
 400  0.011628719
 401  0.011628719
 402  0.011628719
 403  0.0114380848
 404  0.0114380848
 405  0.0118193543
 406  0.011628719
 407  0.0114380848
 408  0.0114380848
 409  0.0114380848
 410  0.011628719
 411  0.0114380848
 412  0.0114380848
 413  0.0114380848
 414  0.0114380848
 415  0.011628719
 416  0.0114380848
 417  0.0118193543
 418  0.0112474496
 419  0.011628719
 420  0.011628719
 421  0.0118193543
 422  0.011628719
 423  0.0114380848
 424  0.011628719
 425  0.011628719
 426  0.0114380848
 427  0.011628719
 428  0.0114380848
 429  0.011628719
 430  0.0112474496
 431  0.0114380848
 432  0.011628719
 433  0.0114380848
 434  0.0112474496
 435  0.0112474496
 436  0.0114380848
 437  0.0114380848
 438  0.011628719
 439  0.011628719
 440  0.0114380848
 441  0.0114380848
 442  0.0118193543
 443  0.0114380848
 444  0.011628719
 445  0.011628719
 446  0.0114380848
 447  0.011628719
 448  0.011628719
 449  0.011628719
 450  0.0114380848
 451  0.0114380848
 452  0.011628719
 453  0.011628719
 454  0.0114380848
 455  0.011628719
 456  0.0114380848
 457  0.011628719
 458  0.0118193543
 459  0.011628719
 460  0.011628719
 461  0.0114380848
 462  0.011628719
 463  0.011628719
 464  0.011628719
 465  0.0118193543
 466  0.0114380848
 467  0.011628719
 468  0.011628719
 469  0.011628719
 470  0.011628719
 471  0.011628719
 472  0.0114380848
 473  0.0114380848
 474  0.0114380848
 475  0.0114380848
 476  0.0114380848
 477  0.0114380848
 478  0.0114380848
 479  0.0114380848
 480  0.011628719
 481  0.011628719
 482  0.011628719
 483  0.011628719
 484  0.0118193543
 485  0.011628719
 486  0.011628719
 487  0.0114380848
 488  0.0118193543
 489  0.0118193543
 490  0.011628719
 491  0.0118193543
 492  0.011628719
 493  0.0114380848
 494  0.011628719
 495  0.011628719
 496  0.0118193543
 497  0.011628719
 498  0.011628719
 499  0.011628719
 500  0.0114380848

 1  0.0118193543
 2  0.0120099885
 3  0.0110568153
 4  0.011628719
 5  0.0120099885
 6  0.011628719
 7  0.0120099885
 8  0.0120099885
 9  0.0122006238
 10  0.012391258
 11  0.0122006238
 12  0.0120099885
 13  0.012391258
 14  0.0120099885
 15  0.0120099885
 16  0.0120099885
 17  0.0120099885
 18  0.0122006238
 19  0.0122006238
 20  0.0122006238
 21  0.0122006238
 22  0.0122006238
 23  0.0122006238
 24  0.0122006238
 25  0.0120099885
 26  0.0122006238
 27  0.0122006238
 28  0.012391258
 29  0.012391258
 30  0.0122006238
 31  0.012391258
 32  0.0122006238
 33  0.0122006238
 34  0.0122006238
 35  0.012391258
 36  0.012391258
 37  0.0125818932
 38  0.012391258
 39  0.012391258
 40  0.012391258
 41  0.0120099885
 42  0.0122006238
 43  0.0125818932
 44  0.0122006238
 45  0.012391258
 46  0.012391258
 47  0.0122006238
 48  0.012391258
 49  0.0120099885
 50  0.012391258
 51  0.0122006238
 52  0.0122006238
 53  0.012391258
 54  0.012391258
 55  0.0122006238
 56  0.0125818932
 57  0.0120099885
 58  0.012391258
 59  0.012391258
 60  0.0125818932
 61  0.0122006238
 62  0.0122006238
 63  0.012391258
 64  0.0122006238
 65  0.012391258
 66  0.012391258
 67  0.0120099885
 68  0.012391258
 69  0.012391258
 70  0.0122006238
 71  0.012391258
 72  0.012391258
 73  0.0125818932
 74  0.012391258
 75  0.0125818932
 76  0.0122006238
 77  0.0122006238
 78  0.012391258
 79  0.012391258
 80  0.012391258
 81  0.012391258
 82  0.012391258
 83  0.0125818932
 84  0.012391258
 85  0.0125818932
 86  0.012391258
 87  0.012391258
 88  0.0125818932
 89  0.0125818932
 90  0.0125818932
 91  0.0122006238
 92  0.0122006238
 93  0.012391258
 94  0.012391258
 95  0.0122006238
 96  0.0120099885
 97  0.012391258
 98  0.012391258
 99  0.012391258
 100  0.012391258
 101  0.0122006238
 102  0.0122006238
 103  0.0122006238
 104  0.0122006238
 105  0.0122006238
 106  0.012391258
 107  0.012391258
 108  0.012391258
 109  0.012391258
 110  0.0125818932
 111  0.0125818932
 112  0.012391258
 113  0.012391258
 114  0.012391258
 115  0.012391258
 116  0.0122006238
 117  0.0122006238
 118  0.0122006238
 119  0.012391258
 120  0.012391258
 121  0.012391258
 122  0.012391258
 123  0.0125818932
 124  0.012391258
 125  0.0122006238
 126  0.012391258
 127  0.012391258
 128  0.012391258
 129  0.012391258
 130  0.012391258
 131  0.0125818932
 132  0.012391258
 133  0.012391258
 134  0.012391258
 135  0.012391258
 136  0.0122006238
 137  0.0122006238
 138  0.012391258
 139  0.012391258
 140  0.012391258
 141  0.012391258
 142  0.0125818932
 143  0.012391258
 144  0.0125818932
 145  0.012391258
 146  0.012391258
 147  0.012391258
 148  0.0122006238
 149  0.012391258
 150  0.012391258
 151  0.0122006238
 152  0.0125818932
 153  0.0125818932
 154  0.012391258
 155  0.012391258
 156  0.0125818932
 157  0.0125818932
 158  0.0125818932
 159  0.0125818932
 160  0.012391258
 161  0.012391258
 162  0.012391258
 163  0.012391258
 164  0.012391258
 165  0.012391258
 166  0.012391258
 167  0.0122006238
 168  0.0122006238
 169  0.012391258
 170  0.0122006238
 171  0.0122006238
 172  0.0122006238
 173  0.0122006238
 174  0.0125818932
 175  0.0122006238
 176  0.012391258
 177  0.012391258
 178  0.012391258
 179  0.012391258
 180  0.0125818932
 181  0.0127725275
 182  0.0122006238
 183  0.0125818932
 184  0.0125818932
 185  0.0122006238
 186  0.012391258
 187  0.012391258
 188  0.012391258
 189  0.012391258
 190  0.0122006238
 191  0.0122006238
 192  0.0122006238
 193  0.0122006238
 194  0.0122006238
 195  0.0122006238
 196  0.012391258
 197  0.0125818932
 198  0.012391258
 199  0.0122006238
 200  0.0125818932
 201  0.0125818932
 202  0.012391258
 203  0.012391258
 204  0.0125818932
 205  0.012391258
 206  0.012391258
 207  0.012391258
 208  0.0122006238
 209  0.012391258
 210  0.0125818932
 211  0.0122006238
 212  0.0122006238
 213  0.0125818932
 214  0.012391258
 215  0.012391258
 216  0.012391258
 217  0.0125818932
 218  0.0125818932
 219  0.0125818932
 220  0.012391258
 221  0.0125818932
 222  0.0125818932
 223  0.0127725275
 224  0.0127725275
 225  0.0127725275
 226  0.0125818932
 227  0.0125818932
 228  0.0127725275
 229  0.012391258
 230  0.0125818932
 231  0.0125818932
 232  0.0125818932
 233  0.012391258
 234  0.0127725275
 235  0.012391258
 236  0.012391258
 237  0.012391258
 238  0.0125818932
 239  0.0125818932
 240  0.0122006238
 241  0.0122006238
 242  0.0125818932
 243  0.012391258
 244  0.012391258
 245  0.0125818932
 246  0.012391258
 247  0.0122006238
 248  0.0125818932
 249  0.0125818932
 250  0.012391258
 251  0.0125818932
 252  0.012391258
 253  0.012391258
 254  0.0125818932
 255  0.0125818932
 256  0.012391258
 257  0.0127725275
 258  0.0122006238
 259  0.0125818932
 260  0.0125818932
 261  0.012391258
 262  0.0122006238
 263  0.012391258
 264  0.0122006238
 265  0.0122006238
 266  0.012391258
 267  0.0125818932
 268  0.012391258
 269  0.012391258
 270  0.0125818932
 271  0.012391258
 272  0.0125818932
 273  0.0125818932
 274  0.012391258
 275  0.0125818932
 276  0.012391258
 277  0.0125818932
 278  0.0125818932
 279  0.012391258
 280  0.0127725275
 281  0.012391258
 282  0.0125818932
 283  0.0125818932
 284  0.0125818932
 285  0.012391258
 286  0.0125818932
 287  0.0125818932
 288  0.012391258
 289  0.012391258
 290  0.0125818932
 291  0.0125818932
 292  0.0125818932
 293  0.0125818932
 294  0.012391258
 295  0.0125818932
 296  0.0125818932
 297  0.0125818932
 298  0.0125818932
 299  0.0125818932
 300  0.012391258
 301  0.012391258
 302  0.0125818932
 303  0.0127725275
 304  0.0125818932
 305  0.0127725275
 306  0.012391258
 307  0.0125818932
 308  0.0125818932
 309  0.012391258
 310  0.0125818932
 311  0.012391258
 312  0.0125818932
 313  0.0125818932
 314  0.012391258
 315  0.012391258
 316  0.0125818932
 317  0.0125818932
 318  0.012391258
 319  0.0125818932
 320  0.0125818932
 321  0.0125818932
 322  0.0125818932
 323  0.0125818932
 324  0.012391258
 325  0.012391258
 326  0.0125818932
 327  0.0125818932
 328  0.0127725275
 329  0.012391258
 330  0.012391258
 331  0.0125818932
 332  0.0125818932
 333  0.0125818932
 334  0.012391258
 335  0.012391258
 336  0.012391258
 337  0.0125818932
 338  0.0125818932
 339  0.012391258
 340  0.0127725275
 341  0.0125818932
 342  0.0125818932
 343  0.0125818932
 344  0.0125818932
 345  0.012391258
 346  0.0127725275
 347  0.0125818932
 348  0.012391258
 349  0.0129631627
 350  0.0127725275
 351  0.0129631627
 352  0.0125818932
 353  0.0127725275
 354  0.0125818932
 355  0.0127725275
 356  0.0127725275
 357  0.0125818932
 358  0.0125818932
 359  0.012391258
 360  0.0127725275
 361  0.0127725275
 362  0.012391258
 363  0.0127725275
 364  0.0125818932
 365  0.0125818932
 366  0.0125818932
 367  0.0129631627
 368  0.0125818932
 369  0.012391258
 370  0.0127725275
 371  0.0127725275
 372  0.0127725275
 373  0.0125818932
 374  0.0129631627
 375  0.0125818932
 376  0.0125818932
 377  0.0125818932
 378  0.0125818932
 379  0.0125818932
 380  0.0127725275
 381  0.0125818932
 382  0.0122006238
 383  0.0125818932
 384  0.012391258
 385  0.0127725275
 386  0.0125818932
 387  0.012391258
 388  0.0125818932
 389  0.0125818932
 390  0.0125818932
 391  0.0125818932
 392  0.012391258
 393  0.0127725275
 394  0.0125818932
 395  0.0127725275
 396  0.012391258
 397  0.0125818932
 398  0.0125818932
 399  0.0125818932
 400  0.0125818932
 401  0.0127725275
 402  0.0125818932
 403  0.0125818932
 404  0.012391258
 405  0.0127725275
 406  0.0125818932
 407  0.0125818932
 408  0.012391258
 409  0.0125818932
 410  0.012391258
 411  0.0125818932
 412  0.0125818932
 413  0.012391258
 414  0.0125818932
 415  0.0127725275
 416  0.012391258
 417  0.0127725275
 418  0.012391258
 419  0.0125818932
 420  0.0125818932
 421  0.0127725275
 422  0.0125818932
 423  0.0125818932
 424  0.0125818932
 425  0.0125818932
 426  0.012391258
 427  0.0125818932
 428  0.0125818932
 429  0.0125818932
 430  0.012391258
 431  0.012391258
 432  0.0125818932
 433  0.012391258
 434  0.012391258
 435  0.012391258
 436  0.0125818932
 437  0.0125818932
 438  0.0127725275
 439  0.0127725275
 440  0.0125818932
 441  0.0125818932
 442  0.0125818932
 443  0.0125818932
 444  0.0125818932
 445  0.0127725275
 446  0.0125818932
 447  0.0125818932
 448  0.0127725275
 449  0.0125818932
 450  0.0125818932
 451  0.0125818932
 452  0.0127725275
 453  0.0127725275
 454  0.0125818932
 455  0.0127725275
 456  0.0125818932
 457  0.0127725275
 458  0.0127725275
 459  0.0127725275
 460  0.0127725275
 461  0.0125818932
 462  0.012391258
 463  0.0127725275
 464  0.0127725275
 465  0.0125818932
 466  0.0125818932
 467  0.0127725275
 468  0.0125818932
 469  0.0127725275
 470  0.0125818932
 471  0.0127725275
 472  0.0127725275
 473  0.0125818932
 474  0.0125818932
 475  0.0125818932
 476  0.012391258
 477  0.0125818932
 478  0.0125818932
 479  0.012391258
 480  0.0125818932
 481  0.0127725275
 482  0.0127725275
 483  0.0125818932
 484  0.0129631627
 485  0.0127725275
 486  0.0127725275
 487  0.0125818932
 488  0.0127725275
 489  0.0129631627
 490  0.0125818932
 491  0.0127725275
 492  0.0125818932
 493  0.0125818932
 494  0.0127725275
 495  0.0125818932
 496  0.0127725275
 497  0.0125818932
 498  0.0127725275
 499  0.0125818932
 500  0.0125818932

 1  0.013153797
 2  0.0133444322
 3  0.012391258
 4  0.0129631627
 5  0.013153797
 6  0.0127725275
 7  0.0129631627
 8  0.013153797
 9  0.0133444322
 10  0.0135350665
 11  0.0133444322
 12  0.013153797
 13  0.0135350665
 14  0.0133444322
 15  0.0133444322
 16  0.0133444322
 17  0.0133444322
 18  0.0135350665
 19  0.0135350665
 20  0.0135350665
 21  0.0133444322
 22  0.0133444322
 23  0.0133444322
 24  0.0133444322
 25  0.013153797
 26  0.0133444322
 27  0.0133444322
 28  0.0135350665
 29  0.0135350665
 30  0.0135350665
 31  0.0135350665
 32  0.0135350665
 33  0.0133444322
 34  0.0135350665
 35  0.0135350665
 36  0.0133444322
 37  0.0135350665
 38  0.0135350665
 39  0.0135350665
 40  0.0135350665
 41  0.013153797
 42  0.0135350665
 43  0.0135350665
 44  0.0135350665
 45  0.0133444322
 46  0.0135350665
 47  0.0133444322
 48  0.0137257017
 49  0.013153797
 50  0.0135350665
 51  0.0135350665
 52  0.0135350665
 53  0.0135350665
 54  0.013916336
 55  0.0135350665
 56  0.0137257017
 57  0.0133444322
 58  0.0137257017
 59  0.0137257017
 60  0.0135350665
 61  0.0135350665
 62  0.0133444322
 63  0.0133444322
 64  0.0135350665
 65  0.0137257017
 66  0.0133444322
 67  0.0133444322
 68  0.0137257017
 69  0.0135350665
 70  0.0133444322
 71  0.0135350665
 72  0.0137257017
 73  0.0137257017
 74  0.0135350665
 75  0.0137257017
 76  0.0133444322
 77  0.0135350665
 78  0.0135350665
 79  0.0137257017
 80  0.0135350665
 81  0.0135350665
 82  0.0135350665
 83  0.0137257017
 84  0.0135350665
 85  0.0135350665
 86  0.0137257017
 87  0.0135350665
 88  0.0137257017
 89  0.0137257017
 90  0.0137257017
 91  0.0135350665
 92  0.0135350665
 93  0.0135350665
 94  0.0135350665
 95  0.0135350665
 96  0.013153797
 97  0.0135350665
 98  0.0133444322
 99  0.0135350665
 100  0.0135350665
 101  0.0135350665
 102  0.0135350665
 103  0.0135350665
 104  0.0135350665
 105  0.0135350665
 106  0.0135350665
 107  0.0135350665
 108  0.0135350665
 109  0.0135350665
 110  0.0137257017
 111  0.0135350665
 112  0.0135350665
 113  0.0135350665
 114  0.0137257017
 115  0.0135350665
 116  0.0135350665
 117  0.0133444322
 118  0.0133444322
 119  0.0135350665
 120  0.0137257017
 121  0.0135350665
 122  0.0135350665
 123  0.0135350665
 124  0.0137257017
 125  0.0135350665
 126  0.0135350665
 127  0.0135350665
 128  0.0135350665
 129  0.0137257017
 130  0.0135350665
 131  0.0137257017
 132  0.0135350665
 133  0.0135350665
 134  0.0135350665
 135  0.0135350665
 136  0.0137257017
 137  0.0133444322
 138  0.0133444322
 139  0.0135350665
 140  0.0135350665
 141  0.0135350665
 142  0.0137257017
 143  0.0135350665
 144  0.0135350665
 145  0.0135350665
 146  0.0137257017
 147  0.0137257017
 148  0.0133444322
 149  0.0137257017
 150  0.0135350665
 151  0.0135350665
 152  0.0137257017
 153  0.0137257017
 154  0.0137257017
 155  0.0135350665
 156  0.0137257017
 157  0.0137257017
 158  0.0137257017
 159  0.0137257017
 160  0.0133444322
 161  0.0135350665
 162  0.0135350665
 163  0.0133444322
 164  0.0135350665
 165  0.0135350665
 166  0.0135350665
 167  0.0135350665
 168  0.0135350665
 169  0.0135350665
 170  0.0135350665
 171  0.0135350665
 172  0.013153797
 173  0.0133444322
 174  0.0135350665
 175  0.0135350665
 176  0.0135350665
 177  0.0137257017
 178  0.0135350665
 179  0.0135350665
 180  0.0137257017
 181  0.0137257017
 182  0.0135350665
 183  0.0135350665
 184  0.0137257017
 185  0.0135350665
 186  0.0133444322
 187  0.0135350665
 188  0.0137257017
 189  0.0137257017
 190  0.0135350665
 191  0.0133444322
 192  0.0133444322
 193  0.0135350665
 194  0.0135350665
 195  0.0135350665
 196  0.0135350665
 197  0.0137257017
 198  0.0135350665
 199  0.0137257017
 200  0.0135350665
 201  0.0137257017
 202  0.0137257017
 203  0.0135350665
 204  0.013916336
 205  0.0135350665
 206  0.0137257017
 207  0.0137257017
 208  0.0133444322
 209  0.0137257017
 210  0.0135350665
 211  0.0133444322
 212  0.0133444322
 213  0.0135350665
 214  0.0135350665
 215  0.0137257017
 216  0.0135350665
 217  0.0135350665
 218  0.0137257017
 219  0.0137257017
 220  0.0137257017
 221  0.0137257017
 222  0.013916336
 223  0.013916336
 224  0.013916336
 225  0.013916336
 226  0.0137257017
 227  0.013916336
 228  0.013916336
 229  0.0135350665
 230  0.0137257017
 231  0.0137257017
 232  0.0137257017
 233  0.0137257017
 234  0.0141069712
 235  0.0137257017
 236  0.0135350665
 237  0.0135350665
 238  0.0137257017
 239  0.0137257017
 240  0.0133444322
 241  0.0133444322
 242  0.013916336
 243  0.0135350665
 244  0.0137257017
 245  0.0137257017
 246  0.0135350665
 247  0.0133444322
 248  0.0137257017
 249  0.0135350665
 250  0.0135350665
 251  0.0137257017
 252  0.0135350665
 253  0.0135350665
 254  0.013916336
 255  0.0137257017
 256  0.0137257017
 257  0.013916336
 258  0.0135350665
 259  0.0137257017
 260  0.0137257017
 261  0.0135350665
 262  0.0135350665
 263  0.0135350665
 264  0.0135350665
 265  0.0135350665
 266  0.0135350665
 267  0.0137257017
 268  0.0135350665
 269  0.0137257017
 270  0.013916336
 271  0.0137257017
 272  0.0137257017
 273  0.0135350665
 274  0.0137257017
 275  0.0137257017
 276  0.0135350665
 277  0.0137257017
 278  0.0137257017
 279  0.0135350665
 280  0.0137257017
 281  0.0137257017
 282  0.0137257017
 283  0.0137257017
 284  0.013916336
 285  0.0137257017
 286  0.0137257017
 287  0.0135350665
 288  0.0135350665
 289  0.0137257017
 290  0.0137257017
 291  0.0137257017
 292  0.0137257017
 293  0.0137257017
 294  0.0135350665
 295  0.0137257017
 296  0.013916336
 297  0.0135350665
 298  0.0137257017
 299  0.0137257017
 300  0.0137257017
 301  0.0135350665
 302  0.0137257017
 303  0.0141069712
 304  0.013916336
 305  0.013916336
 306  0.0137257017
 307  0.0137257017
 308  0.0135350665
 309  0.0137257017
 310  0.0137257017
 311  0.0137257017
 312  0.0137257017
 313  0.0137257017
 314  0.0137257017
 315  0.0135350665
 316  0.0137257017
 317  0.013916336
 318  0.0135350665
 319  0.0137257017
 320  0.0137257017
 321  0.013916336
 322  0.0137257017
 323  0.0137257017
 324  0.0135350665
 325  0.0135350665
 326  0.0137257017
 327  0.0137257017
 328  0.0141069712
 329  0.0137257017
 330  0.0137257017
 331  0.013916336
 332  0.0137257017
 333  0.0141069712
 334  0.0135350665
 335  0.0137257017
 336  0.0137257017
 337  0.0137257017
 338  0.013916336
 339  0.0135350665
 340  0.013916336
 341  0.0137257017
 342  0.013916336
 343  0.0137257017
 344  0.0137257017
 345  0.0137257017
 346  0.0141069712
 347  0.0137257017
 348  0.0135350665
 349  0.0141069712
 350  0.013916336
 351  0.0137257017
 352  0.0135350665
 353  0.013916336
 354  0.0137257017
 355  0.0137257017
 356  0.0137257017
 357  0.0137257017
 358  0.0137257017
 359  0.0137257017
 360  0.013916336
 361  0.013916336
 362  0.0137257017
 363  0.013916336
 364  0.0137257017
 365  0.0137257017
 366  0.013916336
 367  0.0141069712
 368  0.0135350665
 369  0.0137257017
 370  0.013916336
 371  0.0141069712
 372  0.013916336
 373  0.013916336
 374  0.013916336
 375  0.013916336
 376  0.013916336
 377  0.0137257017
 378  0.0137257017
 379  0.0137257017
 380  0.0141069712
 381  0.0137257017
 382  0.0135350665
 383  0.0137257017
 384  0.0137257017
 385  0.013916336
 386  0.0137257017
 387  0.0137257017
 388  0.0137257017
 389  0.0137257017
 390  0.013916336
 391  0.0137257017
 392  0.0137257017
 393  0.0141069712
 394  0.013916336
 395  0.013916336
 396  0.013916336
 397  0.0137257017
 398  0.013916336
 399  0.0137257017
 400  0.013916336
 401  0.0137257017
 402  0.0137257017
 403  0.0137257017
 404  0.0135350665
 405  0.013916336
 406  0.013916336
 407  0.0137257017
 408  0.0135350665
 409  0.013916336
 410  0.0137257017
 411  0.0137257017
 412  0.0137257017
 413  0.0137257017
 414  0.0137257017
 415  0.013916336
 416  0.0135350665
 417  0.0137257017
 418  0.0133444322
 419  0.013916336
 420  0.0135350665
 421  0.0141069712
 422  0.0135350665
 423  0.0137257017
 424  0.0137257017
 425  0.0137257017
 426  0.0137257017
 427  0.0137257017
 428  0.0137257017
 429  0.0137257017
 430  0.0135350665
 431  0.0135350665
 432  0.013916336
 433  0.0137257017
 434  0.0135350665
 435  0.0133444322
 436  0.0137257017
 437  0.0137257017
 438  0.013916336
 439  0.013916336
 440  0.0135350665
 441  0.0137257017
 442  0.013916336
 443  0.0137257017
 444  0.013916336
 445  0.013916336
 446  0.0135350665
 447  0.0141069712
 448  0.0141069712
 449  0.013916336
 450  0.013916336
 451  0.013916336
 452  0.0137257017
 453  0.0137257017
 454  0.0137257017
 455  0.0137257017
 456  0.0135350665
 457  0.013916336
 458  0.013916336
 459  0.0137257017
 460  0.0137257017
 461  0.0137257017
 462  0.0137257017
 463  0.013916336
 464  0.013916336
 465  0.0137257017
 466  0.0137257017
 467  0.013916336
 468  0.0137257017
 469  0.013916336
 470  0.0137257017
 471  0.013916336
 472  0.013916336
 473  0.0137257017
 474  0.013916336
 475  0.0137257017
 476  0.0137257017
 477  0.0137257017
 478  0.0137257017
 479  0.0137257017
 480  0.013916336
 481  0.0137257017
 482  0.013916336
 483  0.0137257017
 484  0.0141069712
 485  0.013916336
 486  0.0137257017
 487  0.013916336
 488  0.013916336
 489  0.013916336
 490  0.013916336
 491  0.013916336
 492  0.0137257017
 493  0.013916336
 494  0.0137257017
 495  0.013916336
 496  0.013916336
 497  0.0137257017
 498  0.013916336
 499  0.0137257017
 500  0.0137257017

 1  0.014678875
 2  0.014678875
 3  0.0137257017
 4  0.0142976055
 5  0.014678875
 6  0.0141069712
 7  0.0144882407
 8  0.0144882407
 9  0.014678875
 10  0.0148695102
 11  0.014678875
 12  0.014678875
 13  0.0148695102
 14  0.0144882407
 15  0.0148695102
 16  0.0148695102
 17  0.0150601445
 18  0.0150601445
 19  0.014678875
 20  0.0150601445
 21  0.014678875
 22  0.014678875
 23  0.0150601445
 24  0.0148695102
 25  0.0144882407
 26  0.014678875
 27  0.0148695102
 28  0.0150601445
 29  0.0148695102
 30  0.0148695102
 31  0.0150601445
 32  0.0148695102
 33  0.0148695102
 34  0.014678875
 35  0.0148695102
 36  0.014678875
 37  0.0148695102
 38  0.0150601445
 39  0.0150601445
 40  0.0148695102
 41  0.0144882407
 42  0.0150601445
 43  0.0148695102
 44  0.0150601445
 45  0.0148695102
 46  0.0148695102
 47  0.014678875
 48  0.0150601445
 49  0.014678875
 50  0.0150601445
 51  0.0148695102
 52  0.0148695102
 53  0.0150601445
 54  0.0152507797
 55  0.0148695102
 56  0.0150601445
 57  0.0148695102
 58  0.0150601445
 59  0.0150601445
 60  0.0150601445
 61  0.0148695102
 62  0.0148695102
 63  0.0148695102
 64  0.0148695102
 65  0.0152507797
 66  0.0148695102
 67  0.0148695102
 68  0.0148695102
 69  0.0148695102
 70  0.0144882407
 71  0.014678875
 72  0.0150601445
 73  0.0152507797
 74  0.0148695102
 75  0.0150601445
 76  0.014678875
 77  0.0148695102
 78  0.0148695102
 79  0.0152507797
 80  0.0148695102
 81  0.0150601445
 82  0.0148695102
 83  0.0150601445
 84  0.0150601445
 85  0.0150601445
 86  0.0150601445
 87  0.0148695102
 88  0.0152507797
 89  0.0150601445
 90  0.0150601445
 91  0.0148695102
 92  0.0148695102
 93  0.0148695102
 94  0.0148695102
 95  0.0148695102
 96  0.0150601445
 97  0.014678875
 98  0.014678875
 99  0.0148695102
 100  0.0148695102
 101  0.0148695102
 102  0.0150601445
 103  0.0150601445
 104  0.0150601445
 105  0.0148695102
 106  0.0150601445
 107  0.0148695102
 108  0.0150601445
 109  0.0150601445
 110  0.0148695102
 111  0.0148695102
 112  0.0150601445
 113  0.0150601445
 114  0.0148695102
 115  0.0148695102
 116  0.0148695102
 117  0.0148695102
 118  0.0148695102
 119  0.0150601445
 120  0.0148695102
 121  0.0148695102
 122  0.0148695102
 123  0.0148695102
 124  0.0152507797
 125  0.0148695102
 126  0.0148695102
 127  0.0150601445
 128  0.0150601445
 129  0.0148695102
 130  0.0150601445
 131  0.0150601445
 132  0.0150601445
 133  0.014678875
 134  0.0148695102
 135  0.0150601445
 136  0.0150601445
 137  0.0148695102
 138  0.0148695102
 139  0.0148695102
 140  0.0148695102
 141  0.0148695102
 142  0.0150601445
 143  0.014678875
 144  0.0148695102
 145  0.0148695102
 146  0.0150601445
 147  0.0150601445
 148  0.0148695102
 149  0.0150601445
 150  0.0150601445
 151  0.0148695102
 152  0.0152507797
 153  0.0150601445
 154  0.0148695102
 155  0.0150601445
 156  0.0150601445
 157  0.0150601445
 158  0.0150601445
 159  0.0150601445
 160  0.014678875
 161  0.0148695102
 162  0.0148695102
 163  0.014678875
 164  0.0150601445
 165  0.0148695102
 166  0.0150601445
 167  0.0150601445
 168  0.0150601445
 169  0.0150601445
 170  0.014678875
 171  0.0150601445
 172  0.0148695102
 173  0.0150601445
 174  0.0148695102
 175  0.0150601445
 176  0.0152507797
 177  0.0150601445
 178  0.0148695102
 179  0.0150601445
 180  0.0152507797
 181  0.0150601445
 182  0.0148695102
 183  0.0150601445
 184  0.0148695102
 185  0.014678875
 186  0.014678875
 187  0.0148695102
 188  0.0152507797
 189  0.0150601445
 190  0.0148695102
 191  0.014678875
 192  0.0148695102
 193  0.0150601445
 194  0.0150601445
 195  0.0148695102
 196  0.0150601445
 197  0.0148695102
 198  0.0148695102
 199  0.0152507797
 200  0.0150601445
 201  0.0152507797
 202  0.0152507797
 203  0.0148695102
 204  0.0152507797
 205  0.0148695102
 206  0.0148695102
 207  0.0150601445
 208  0.0148695102
 209  0.0152507797
 210  0.0148695102
 211  0.0144882407
 212  0.0148695102
 213  0.0150601445
 214  0.0148695102
 215  0.0150601445
 216  0.0148695102
 217  0.0150601445
 218  0.0152507797
 219  0.0150601445
 220  0.0150601445
 221  0.0150601445
 222  0.0152507797
 223  0.015441414
 224  0.0152507797
 225  0.015441414
 226  0.0150601445
 227  0.0152507797
 228  0.0150601445
 229  0.0148695102
 230  0.0150601445
 231  0.0148695102
 232  0.0152507797
 233  0.0148695102
 234  0.0152507797
 235  0.0150601445
 236  0.0148695102
 237  0.0148695102
 238  0.0150601445
 239  0.0150601445
 240  0.0144882407
 241  0.014678875
 242  0.0152507797
 243  0.0148695102
 244  0.0148695102
 245  0.0148695102
 246  0.0150601445
 247  0.014678875
 248  0.0150601445
 249  0.0152507797
 250  0.0148695102
 251  0.0150601445
 252  0.0148695102
 253  0.0148695102
 254  0.0152507797
 255  0.0148695102
 256  0.0148695102
 257  0.0150601445
 258  0.0150601445
 259  0.0152507797
 260  0.0148695102
 261  0.0148695102
 262  0.0148695102
 263  0.0150601445
 264  0.0148695102
 265  0.0148695102
 266  0.0148695102
 267  0.0150601445
 268  0.0148695102
 269  0.0150601445
 270  0.0152507797
 271  0.0152507797
 272  0.0150601445
 273  0.0148695102
 274  0.0150601445
 275  0.0150601445
 276  0.0148695102
 277  0.0150601445
 278  0.0150601445
 279  0.0150601445
 280  0.0150601445
 281  0.0150601445
 282  0.0150601445
 283  0.0148695102
 284  0.0152507797
 285  0.0150601445
 286  0.0152507797
 287  0.0150601445
 288  0.0150601445
 289  0.0152507797
 290  0.0150601445
 291  0.0152507797
 292  0.0152507797
 293  0.0150601445
 294  0.0148695102
 295  0.0150601445
 296  0.0152507797
 297  0.0148695102
 298  0.0152507797
 299  0.0150601445
 300  0.0152507797
 301  0.0148695102
 302  0.0150601445
 303  0.015441414
 304  0.0152507797
 305  0.015441414
 306  0.0152507797
 307  0.0148695102
 308  0.0150601445
 309  0.0148695102
 310  0.0150601445
 311  0.0152507797
 312  0.0150601445
 313  0.0150601445
 314  0.0150601445
 315  0.0150601445
 316  0.0152507797
 317  0.0152507797
 318  0.0148695102
 319  0.0150601445
 320  0.0152507797
 321  0.0152507797
 322  0.0150601445
 323  0.0152507797
 324  0.0150601445
 325  0.0150601445
 326  0.0152507797
 327  0.0148695102
 328  0.015441414
 329  0.0150601445
 330  0.0152507797
 331  0.0152507797
 332  0.0150601445
 333  0.0152507797
 334  0.0148695102
 335  0.0150601445
 336  0.0150601445
 337  0.0152507797
 338  0.0152507797
 339  0.0148695102
 340  0.0152507797
 341  0.0150601445
 342  0.0152507797
 343  0.0150601445
 344  0.0150601445
 345  0.0150601445
 346  0.015441414
 347  0.0152507797
 348  0.0150601445
 349  0.015441414
 350  0.0150601445
 351  0.0152507797
 352  0.0152507797
 353  0.0152507797
 354  0.0150601445
 355  0.0150601445
 356  0.0152507797
 357  0.0152507797
 358  0.0150601445
 359  0.0150601445
 360  0.015441414
 361  0.0152507797
 362  0.0152507797
 363  0.0150601445
 364  0.0152507797
 365  0.0150601445
 366  0.0152507797
 367  0.015441414
 368  0.0148695102
 369  0.0150601445
 370  0.015441414
 371  0.015441414
 372  0.015441414
 373  0.0152507797
 374  0.0152507797
 375  0.0152507797
 376  0.0150601445
 377  0.0150601445
 378  0.0150601445
 379  0.0150601445
 380  0.015441414
 381  0.0150601445
 382  0.0150601445
 383  0.0152507797
 384  0.0150601445
 385  0.0152507797
 386  0.0152507797
 387  0.0150601445
 388  0.0150601445
 389  0.0150601445
 390  0.015441414
 391  0.0150601445
 392  0.0152507797
 393  0.0152507797
 394  0.0152507797
 395  0.0150601445
 396  0.0152507797
 397  0.0152507797
 398  0.0152507797
 399  0.0150601445
 400  0.015441414
 401  0.0150601445
 402  0.0150601445
 403  0.0152507797
 404  0.0148695102
 405  0.0150601445
 406  0.0150601445
 407  0.0150601445
 408  0.0148695102
 409  0.0152507797
 410  0.0148695102
 411  0.0150601445
 412  0.0152507797
 413  0.0152507797
 414  0.0152507797
 415  0.0152507797
 416  0.0148695102
 417  0.0150601445
 418  0.0148695102
 419  0.0152507797
 420  0.0148695102
 421  0.0152507797
 422  0.0150601445
 423  0.0150601445
 424  0.0148695102
 425  0.0150601445
 426  0.0150601445
 427  0.0150601445
 428  0.0150601445
 429  0.0152507797
 430  0.0148695102
 431  0.0150601445
 432  0.0150601445
 433  0.0150601445
 434  0.0148695102
 435  0.0148695102
 436  0.0150601445
 437  0.0148695102
 438  0.0152507797
 439  0.0152507797
 440  0.0148695102
 441  0.0148695102
 442  0.0150601445
 443  0.0152507797
 444  0.015441414
 445  0.0150601445
 446  0.0150601445
 447  0.0152507797
 448  0.0152507797
 449  0.0150601445
 450  0.0152507797
 451  0.0152507797
 452  0.0150601445
 453  0.0150601445
 454  0.0152507797
 455  0.0150601445
 456  0.0150601445
 457  0.0150601445
 458  0.0152507797
 459  0.0150601445
 460  0.0152507797
 461  0.0152507797
 462  0.0150601445
 463  0.015441414
 464  0.0152507797
 465  0.0150601445
 466  0.0150601445
 467  0.0152507797
 468  0.0152507797
 469  0.0152507797
 470  0.0152507797
 471  0.0152507797
 472  0.0152507797
 473  0.0150601445
 474  0.0150601445
 475  0.0150601445
 476  0.0150601445
 477  0.015441414
 478  0.0150601445
 479  0.0152507797
 480  0.0152507797
 481  0.0152507797
 482  0.0152507797
 483  0.0150601445
 484  0.0152507797
 485  0.0152507797
 486  0.0148695102
 487  0.0152507797
 488  0.015441414
 489  0.0152507797
 490  0.0152507797
 491  0.0152507797
 492  0.0150601445
 493  0.0152507797
 494  0.0150601445
 495  0.015441414
 496  0.0152507797
 497  0.0150601445
 498  0.0152507797
 499  0.0152507797
 500  0.0150601445

 1  0.0163945872
 2  0.0163945872
 3  0.015441414
 4  0.016203953
 5  0.0163945872
 6  0.0158226844
 7  0.0163945872
 8  0.016203953
 9  0.0163945872
 10  0.0167758577
 11  0.0163945872
 12  0.0163945872
 13  0.0163945872
 14  0.0163945872
 15  0.0165852234
 16  0.0167758577
 17  0.0167758577
 18  0.0167758577
 19  0.0165852234
 20  0.0167758577
 21  0.0165852234
 22  0.0163945872
 23  0.0165852234
 24  0.0167758577
 25  0.016203953
 26  0.0163945872
 27  0.0165852234
 28  0.0165852234
 29  0.0163945872
 30  0.0163945872
 31  0.0167758577
 32  0.0163945872
 33  0.0163945872
 34  0.0165852234
 35  0.0165852234
 36  0.0165852234
 37  0.0167758577
 38  0.0167758577
 39  0.0167758577
 40  0.0167758577
 41  0.0163945872
 42  0.0167758577
 43  0.0163945872
 44  0.0167758577
 45  0.0165852234
 46  0.0165852234
 47  0.0165852234
 48  0.0167758577
 49  0.0163945872
 50  0.0167758577
 51  0.0163945872
 52  0.0165852234
 53  0.0165852234
 54  0.0169664919
 55  0.0165852234
 56  0.0165852234
 57  0.0165852234
 58  0.0165852234
 59  0.0169664919
 60  0.0167758577
 61  0.0165852234
 62  0.0167758577
 63  0.0167758577
 64  0.0165852234
 65  0.0167758577
 66  0.0163945872
 67  0.0167758577
 68  0.0165852234
 69  0.0165852234
 70  0.0163945872
 71  0.0163945872
 72  0.0167758577
 73  0.0167758577
 74  0.0165852234
 75  0.0167758577
 76  0.0163945872
 77  0.0165852234
 78  0.0167758577
 79  0.0169664919
 80  0.0165852234
 81  0.0169664919
 82  0.0163945872
 83  0.0169664919
 84  0.0165852234
 85  0.0167758577
 86  0.0167758577
 87  0.0167758577
 88  0.0167758577
 89  0.0167758577
 90  0.0167758577
 91  0.0163945872
 92  0.0165852234
 93  0.0165852234
 94  0.0167758577
 95  0.0163945872
 96  0.0167758577
 97  0.0165852234
 98  0.0163945872
 99  0.0167758577
 100  0.0167758577
 101  0.0167758577
 102  0.0165852234
 103  0.0169664919
 104  0.0167758577
 105  0.0165852234
 106  0.0167758577
 107  0.0165852234
 108  0.0167758577
 109  0.0167758577
 110  0.0167758577
 111  0.0163945872
 112  0.0165852234
 113  0.0167758577
 114  0.016203953
 115  0.0167758577
 116  0.0167758577
 117  0.0165852234
 118  0.0165852234
 119  0.0165852234
 120  0.0167758577
 121  0.0163945872
 122  0.0167758577
 123  0.0165852234
 124  0.0169664919
 125  0.0165852234
 126  0.0165852234
 127  0.0167758577
 128  0.0167758577
 129  0.0167758577
 130  0.0167758577
 131  0.0167758577
 132  0.0165852234
 133  0.0165852234
 134  0.0165852234
 135  0.0165852234
 136  0.0167758577
 137  0.0165852234
 138  0.0165852234
 139  0.0167758577
 140  0.0165852234
 141  0.0163945872
 142  0.0165852234
 143  0.0163945872
 144  0.0165852234
 145  0.0167758577
 146  0.0165852234
 147  0.0167758577
 148  0.0165852234
 149  0.0167758577
 150  0.0167758577
 151  0.0163945872
 152  0.0169664919
 153  0.0167758577
 154  0.0167758577
 155  0.0167758577
 156  0.0165852234
 157  0.0167758577
 158  0.0169664919
 159  0.0169664919
 160  0.0163945872
 161  0.0167758577
 162  0.0165852234
 163  0.0165852234
 164  0.0169664919
 165  0.0169664919
 166  0.0169664919
 167  0.0165852234
 168  0.0167758577
 169  0.0167758577
 170  0.0167758577
 171  0.0169664919
 172  0.0167758577
 173  0.0167758577
 174  0.0165852234
 175  0.0165852234
 176  0.0167758577
 177  0.0165852234
 178  0.0167758577
 179  0.0169664919
 180  0.0167758577
 181  0.0167758577
 182  0.0163945872
 183  0.0167758577
 184  0.0165852234
 185  0.0165852234
 186  0.0163945872
 187  0.0165852234
 188  0.0171571262
 189  0.0167758577
 190  0.0169664919
 191  0.0165852234
 192  0.0165852234
 193  0.0167758577
 194  0.0167758577
 195  0.0169664919
 196  0.0167758577
 197  0.0165852234
 198  0.0165852234
 199  0.0169664919
 200  0.0165852234
 201  0.0169664919
 202  0.0167758577
 203  0.0163945872
 204  0.0171571262
 205  0.0165852234
 206  0.0165852234
 207  0.0167758577
 208  0.0165852234
 209  0.0169664919
 210  0.0163945872
 211  0.0163945872
 212  0.0165852234
 213  0.0165852234
 214  0.0165852234
 215  0.0167758577
 216  0.0163945872
 217  0.0167758577
 218  0.0169664919
 219  0.0167758577
 220  0.0167758577
 221  0.0169664919
 222  0.0169664919
 223  0.0169664919
 224  0.0169664919
 225  0.0171571262
 226  0.0165852234
 227  0.0169664919
 228  0.0167758577
 229  0.0165852234
 230  0.0169664919
 231  0.0165852234
 232  0.0169664919
 233  0.0163945872
 234  0.0167758577
 235  0.0165852234
 236  0.0167758577
 237  0.0165852234
 238  0.0165852234
 239  0.0167758577
 240  0.0165852234
 241  0.0165852234
 242  0.0167758577
 243  0.0167758577
 244  0.0163945872
 245  0.0163945872
 246  0.0165852234
 247  0.0165852234
 248  0.0167758577
 249  0.0167758577
 250  0.0165852234
 251  0.0169664919
 252  0.0165852234
 253  0.0165852234
 254  0.0169664919
 255  0.0163945872
 256  0.0165852234
 257  0.0169664919
 258  0.0165852234
 259  0.0167758577
 260  0.0165852234
 261  0.0165852234
 262  0.0167758577
 263  0.0167758577
 264  0.0163945872
 265  0.0163945872
 266  0.0165852234
 267  0.0165852234
 268  0.0165852234
 269  0.0167758577
 270  0.0167758577
 271  0.0167758577
 272  0.0165852234
 273  0.0165852234
 274  0.0165852234
 275  0.0167758577
 276  0.0163945872
 277  0.0165852234
 278  0.0169664919
 279  0.0169664919
 280  0.0167758577
 281  0.0163945872
 282  0.0165852234
 283  0.0165852234
 284  0.0169664919
 285  0.0167758577
 286  0.0169664919
 287  0.0165852234
 288  0.0167758577
 289  0.0167758577
 290  0.0167758577
 291  0.0167758577
 292  0.0169664919
 293  0.0167758577
 294  0.0165852234
 295  0.0167758577
 296  0.0169664919
 297  0.0167758577
 298  0.0167758577
 299  0.0167758577
 300  0.0167758577
 301  0.0167758577
 302  0.0167758577
 303  0.0169664919
 304  0.0167758577
 305  0.0171571262
 306  0.0169664919
 307  0.0165852234
 308  0.0167758577
 309  0.0167758577
 310  0.0167758577
 311  0.0167758577
 312  0.0167758577
 313  0.0167758577
 314  0.0167758577
 315  0.0165852234
 316  0.0169664919
 317  0.0167758577
 318  0.0167758577
 319  0.0165852234
 320  0.0167758577
 321  0.0169664919
 322  0.0165852234
 323  0.0169664919
 324  0.0167758577
 325  0.0165852234
 326  0.0169664919
 327  0.0167758577
 328  0.0171571262
 329  0.0165852234
 330  0.0169664919
 331  0.0169664919
 332  0.0167758577
 333  0.0167758577
 334  0.0165852234
 335  0.0165852234
 336  0.0167758577
 337  0.0169664919
 338  0.0169664919
 339  0.0167758577
 340  0.0169664919
 341  0.0169664919
 342  0.0169664919
 343  0.0167758577
 344  0.0167758577
 345  0.0169664919
 346  0.0169664919
 347  0.0167758577
 348  0.0167758577
 349  0.0171571262
 350  0.0167758577
 351  0.0167758577
 352  0.0171571262
 353  0.0167758577
 354  0.0169664919
 355  0.0165852234
 356  0.0167758577
 357  0.0169664919
 358  0.0167758577
 359  0.0167758577
 360  0.0171571262
 361  0.0167758577
 362  0.0169664919
 363  0.0169664919
 364  0.0167758577
 365  0.0169664919
 366  0.0169664919
 367  0.0169664919
 368  0.0165852234
 369  0.0167758577
 370  0.0169664919
 371  0.0169664919
 372  0.0171571262
 373  0.0169664919
 374  0.0169664919
 375  0.0167758577
 376  0.0167758577
 377  0.0167758577
 378  0.0167758577
 379  0.0167758577
 380  0.0169664919
 381  0.0165852234
 382  0.0169664919
 383  0.0169664919
 384  0.0169664919
 385  0.0169664919
 386  0.0167758577
 387  0.0167758577
 388  0.0165852234
 389  0.0167758577
 390  0.0171571262
 391  0.0167758577
 392  0.0169664919
 393  0.0169664919
 394  0.0169664919
 395  0.0169664919
 396  0.0167758577
 397  0.0167758577
 398  0.0167758577
 399  0.0169664919
 400  0.0171571262
 401  0.0165852234
 402  0.0167758577
 403  0.0169664919
 404  0.0169664919
 405  0.0169664919
 406  0.0167758577
 407  0.0167758577
 408  0.0165852234
 409  0.0167758577
 410  0.0163945872
 411  0.0165852234
 412  0.0167758577
 413  0.0169664919
 414  0.0169664919
 415  0.0167758577
 416  0.0167758577
 417  0.0167758577
 418  0.0165852234
 419  0.0169664919
 420  0.0165852234
 421  0.0167758577
 422  0.0165852234
 423  0.0167758577
 424  0.0163945872
 425  0.0165852234
 426  0.0165852234
 427  0.0167758577
 428  0.0165852234
 429  0.0169664919
 430  0.0165852234
 431  0.0169664919
 432  0.0167758577
 433  0.0165852234
 434  0.0169664919
 435  0.0165852234
 436  0.0165852234
 437  0.0163945872
 438  0.0167758577
 439  0.0171571262
 440  0.0167758577
 441  0.0167758577
 442  0.0167758577
 443  0.0169664919
 444  0.0165852234
 445  0.0169664919
 446  0.0167758577
 447  0.0167758577
 448  0.0169664919
 449  0.0167758577
 450  0.0167758577
 451  0.0167758577
 452  0.0167758577
 453  0.0167758577
 454  0.0167758577
 455  0.0165852234
 456  0.0169664919
 457  0.0165852234
 458  0.0169664919
 459  0.0165852234
 460  0.0167758577
 461  0.0169664919
 462  0.0167758577
 463  0.0171571262
 464  0.0167758577
 465  0.0167758577
 466  0.0167758577
 467  0.0167758577
 468  0.0167758577
 469  0.0167758577
 470  0.0169664919
 471  0.0169664919
 472  0.0169664919
 473  0.0169664919
 474  0.0167758577
 475  0.0167758577
 476  0.0167758577
 477  0.0171571262
 478  0.0167758577
 479  0.0169664919
 480  0.0169664919
 481  0.0169664919
 482  0.0167758577
 483  0.0167758577
 484  0.0169664919
 485  0.0169664919
 486  0.0165852234
 487  0.0169664919
 488  0.0169664919
 489  0.0171571262
 490  0.0167758577
 491  0.0167758577
 492  0.0167758577
 493  0.0169664919
 494  0.0165852234
 495  0.0169664919
 496  0.0169664919
 497  0.0167758577
 498  0.0169664919
 499  0.0165852234
 500  0.0169664919

 1  0.0184915699
 2  0.0188728403
 3  0.0177290309
 4  0.0183009356
 5  0.0186822042
 6  0.0181103013
 7  0.0186822042
 8  0.0186822042
 9  0.0188728403
 10  0.0190634746
 11  0.0188728403
 12  0.0186822042
 13  0.0186822042
 14  0.0186822042
 15  0.0190634746
 16  0.0188728403
 17  0.0186822042
 18  0.0188728403
 19  0.0190634746
 20  0.0190634746
 21  0.0190634746
 22  0.0186822042
 23  0.0188728403
 24  0.0190634746
 25  0.0186822042
 26  0.0186822042
 27  0.0188728403
 28  0.0190634746
 29  0.0186822042
 30  0.0188728403
 31  0.0190634746
 32  0.0190634746
 33  0.0186822042
 34  0.0188728403
 35  0.0190634746
 36  0.0190634746
 37  0.0190634746
 38  0.0188728403
 39  0.0190634746
 40  0.0188728403
 41  0.0188728403
 42  0.0190634746
 43  0.0186822042
 44  0.0190634746
 45  0.0192541089
 46  0.0184915699
 47  0.0194447432
 48  0.0192541089
 49  0.0188728403
 50  0.0188728403
 51  0.0188728403
 52  0.0188728403
 53  0.0188728403
 54  0.0192541089
 55  0.0186822042
 56  0.0190634746
 57  0.0184915699
 58  0.0188728403
 59  0.0188728403
 60  0.0188728403
 61  0.0190634746
 62  0.0190634746
 63  0.0192541089
 64  0.0192541089
 65  0.0186822042
 66  0.0184915699
 67  0.0192541089
 68  0.0190634746
 69  0.0184915699
 70  0.0186822042
 71  0.0186822042
 72  0.0188728403
 73  0.0190634746
 74  0.0188728403
 75  0.0190634746
 76  0.0186822042
 77  0.0186822042
 78  0.0190634746
 79  0.0194447432
 80  0.0190634746
 81  0.0188728403
 82  0.0186822042
 83  0.0190634746
 84  0.0188728403
 85  0.0188728403
 86  0.0190634746
 87  0.0188728403
 88  0.0188728403
 89  0.0192541089
 90  0.0190634746
 91  0.0184915699
 92  0.0186822042
 93  0.0190634746
 94  0.0188728403
 95  0.0184915699
 96  0.0190634746
 97  0.0190634746
 98  0.0188728403
 99  0.0190634746
 100  0.0190634746
 101  0.0190634746
 102  0.0184915699
 103  0.0190634746
 104  0.0190634746
 105  0.0190634746
 106  0.0192541089
 107  0.0188728403
 108  0.0188728403
 109  0.0190634746
 110  0.0190634746
 111  0.0184915699
 112  0.0184915699
 113  0.0190634746
 114  0.0183009356
 115  0.0188728403
 116  0.0188728403
 117  0.0188728403
 118  0.0188728403
 119  0.0190634746
 120  0.0194447432
 121  0.0186822042
 122  0.0190634746
 123  0.0188728403
 124  0.0190634746
 125  0.0184915699
 126  0.0188728403
 127  0.0190634746
 128  0.0188728403
 129  0.0186822042
 130  0.0188728403
 131  0.0188728403
 132  0.0186822042
 133  0.0188728403
 134  0.0188728403
 135  0.0186822042
 136  0.0188728403
 137  0.0188728403
 138  0.0188728403
 139  0.0190634746
 140  0.0186822042
 141  0.0184915699
 142  0.0186822042
 143  0.0188728403
 144  0.0190634746
 145  0.0192541089
 146  0.0192541089
 147  0.0190634746
 148  0.0190634746
 149  0.0188728403
 150  0.0190634746
 151  0.0184915699
 152  0.0188728403
 153  0.0188728403
 154  0.0190634746
 155  0.0188728403
 156  0.0186822042
 157  0.0190634746
 158  0.0190634746
 159  0.0190634746
 160  0.0186822042
 161  0.0186822042
 162  0.0190634746
 163  0.0188728403
 164  0.0190634746
 165  0.0186822042
 166  0.0192541089
 167  0.0188728403
 168  0.0192541089
 169  0.0186822042
 170  0.0190634746
 171  0.0190634746
 172  0.0190634746
 173  0.0190634746
 174  0.0186822042
 175  0.0188728403
 176  0.0190634746
 177  0.0188728403
 178  0.0188728403
 179  0.0190634746
 180  0.0190634746
 181  0.0186822042
 182  0.0186822042
 183  0.0190634746
 184  0.0186822042
 185  0.0188728403
 186  0.0186822042
 187  0.0186822042
 188  0.0194447432
 189  0.0188728403
 190  0.0190634746
 191  0.0186822042
 192  0.0188728403
 193  0.0194447432
 194  0.0190634746
 195  0.0192541089
 196  0.0188728403
 197  0.0188728403
 198  0.0188728403
 199  0.0194447432
 200  0.0190634746
 201  0.0190634746
 202  0.0190634746
 203  0.0184915699
 204  0.0190634746
 205  0.0188728403
 206  0.0188728403
 207  0.0190634746
 208  0.0188728403
 209  0.0192541089
 210  0.0188728403
 211  0.0190634746
 212  0.0188728403
 213  0.0188728403
 214  0.0188728403
 215  0.0188728403
 216  0.0188728403
 217  0.0190634746
 218  0.0192541089
 219  0.0190634746
 220  0.0190634746
 221  0.0188728403
 222  0.0188728403
 223  0.0190634746
 224  0.0188728403
 225  0.0192541089
 226  0.0186822042
 227  0.0190634746
 228  0.0188728403
 229  0.0190634746
 230  0.0192541089
 231  0.0188728403
 232  0.0188728403
 233  0.0190634746
 234  0.0188728403
 235  0.0184915699
 236  0.0188728403
 237  0.0186822042
 238  0.0188728403
 239  0.0192541089
 240  0.0186822042
 241  0.0190634746
 242  0.0188728403
 243  0.0192541089
 244  0.0188728403
 245  0.0188728403
 246  0.0186822042
 247  0.0184915699
 248  0.0192541089
 249  0.0188728403
 250  0.0190634746
 251  0.0192541089
 252  0.0192541089
 253  0.0188728403
 254  0.0190634746
 255  0.0186822042
 256  0.0184915699
 257  0.0188728403
 258  0.0186822042
 259  0.0190634746
 260  0.0190634746
 261  0.0186822042
 262  0.0186822042
 263  0.0190634746
 264  0.0184915699
 265  0.0186822042
 266  0.0188728403
 267  0.0186822042
 268  0.0184915699
 269  0.0190634746
 270  0.0188728403
 271  0.0190634746
 272  0.0184915699
 273  0.0190634746
 274  0.0186822042
 275  0.0190634746
 276  0.0184915699
 277  0.0186822042
 278  0.0190634746
 279  0.0192541089
 280  0.0188728403
 281  0.0184915699
 282  0.0184915699
 283  0.0190634746
 284  0.0190634746
 285  0.0190634746
 286  0.0190634746
 287  0.0184915699
 288  0.0190634746
 289  0.0190634746
 290  0.0188728403
 291  0.0190634746
 292  0.0188728403
 293  0.0190634746
 294  0.0190634746
 295  0.0188728403
 296  0.0192541089
 297  0.0188728403
 298  0.0190634746
 299  0.0190634746
 300  0.0192541089
 301  0.0186822042
 302  0.0188728403
 303  0.0188728403
 304  0.0188728403
 305  0.0194447432
 306  0.0188728403
 307  0.0188728403
 308  0.0188728403
 309  0.0188728403
 310  0.0192541089
 311  0.0190634746
 312  0.0188728403
 313  0.0188728403
 314  0.0190634746
 315  0.0188728403
 316  0.0190634746
 317  0.0190634746
 318  0.0188728403
 319  0.0186822042
 320  0.0188728403
 321  0.0190634746
 322  0.0188728403
 323  0.0190634746
 324  0.0186822042
 325  0.0186822042
 326  0.0192541089
 327  0.0188728403
 328  0.0194447432
 329  0.0184915699
 330  0.0192541089
 331  0.0194447432
 332  0.0188728403
 333  0.0190634746
 334  0.0190634746
 335  0.0186822042
 336  0.0188728403
 337  0.0190634746
 338  0.0190634746
 339  0.0188728403
 340  0.0190634746
 341  0.0192541089
 342  0.0192541089
 343  0.0192541089
 344  0.0188728403
 345  0.0194447432
 346  0.0190634746
 347  0.0192541089
 348  0.0188728403
 349  0.0194447432
 350  0.0192541089
 351  0.0184915699
 352  0.0192541089
 353  0.0192541089
 354  0.0190634746
 355  0.0188728403
 356  0.0192541089
 357  0.0190634746
 358  0.0188728403
 359  0.0188728403
 360  0.0190634746
 361  0.0186822042
 362  0.0196353793
 363  0.0192541089
 364  0.0192541089
 365  0.0190634746
 366  0.0190634746
 367  0.0190634746
 368  0.0186822042
 369  0.0188728403
 370  0.0192541089
 371  0.0190634746
 372  0.0190634746
 373  0.0190634746
 374  0.0186822042
 375  0.0194447432
 376  0.0190634746
 377  0.0190634746
 378  0.0188728403
 379  0.0190634746
 380  0.0188728403
 381  0.0188728403
 382  0.0190634746
 383  0.0190634746
 384  0.0192541089
 385  0.0190634746
 386  0.0190634746
 387  0.0192541089
 388  0.0188728403
 389  0.0190634746
 390  0.0196353793
 391  0.0188728403
 392  0.0190634746
 393  0.0190634746
 394  0.0188728403
 395  0.0192541089
 396  0.0188728403
 397  0.0192541089
 398  0.0188728403
 399  0.0192541089
 400  0.0192541089
 401  0.0190634746
 402  0.0192541089
 403  0.0188728403
 404  0.0192541089
 405  0.0188728403
 406  0.0190634746
 407  0.0190634746
 408  0.0188728403
 409  0.0190634746
 410  0.0184915699
 411  0.0186822042
 412  0.0188728403
 413  0.0190634746
 414  0.0192541089
 415  0.0188728403
 416  0.0188728403
 417  0.0186822042
 418  0.0186822042
 419  0.0190634746
 420  0.0190634746
 421  0.0188728403
 422  0.0190634746
 423  0.0188728403
 424  0.0186822042
 425  0.0186822042
 426  0.0188728403
 427  0.0188728403
 428  0.0188728403
 429  0.0190634746
 430  0.0188728403
 431  0.0190634746
 432  0.0188728403
 433  0.0186822042
 434  0.0190634746
 435  0.0188728403
 436  0.0188728403
 437  0.0188728403
 438  0.0190634746
 439  0.0188728403
 440  0.0186822042
 441  0.0188728403
 442  0.0188728403
 443  0.0190634746
 444  0.0188728403
 445  0.0190634746
 446  0.0188728403
 447  0.0192541089
 448  0.0192541089
 449  0.0188728403
 450  0.0190634746
 451  0.0192541089
 452  0.0190634746
 453  0.0188728403
 454  0.0188728403
 455  0.0188728403
 456  0.0190634746
 457  0.0188728403
 458  0.0190634746
 459  0.0188728403
 460  0.0188728403
 461  0.0190634746
 462  0.0192541089
 463  0.0192541089
 464  0.0188728403
 465  0.0190634746
 466  0.0190634746
 467  0.0190634746
 468  0.0190634746
 469  0.0186822042
 470  0.0188728403
 471  0.0192541089
 472  0.0190634746
 473  0.0192541089
 474  0.0188728403
 475  0.0190634746
 476  0.0188728403
 477  0.0192541089
 478  0.0190634746
 479  0.0190634746
 480  0.0194447432
 481  0.0192541089
 482  0.0192541089
 483  0.0188728403
 484  0.0190634746
 485  0.0190634746
 486  0.0186822042
 487  0.0190634746
 488  0.0190634746
 489  0.0192541089
 490  0.0188728403
 491  0.0192541089
 492  0.0186822042
 493  0.0190634746
 494  0.0190634746
 495  0.0190634746
 496  0.0188728403
 497  0.0190634746
 498  0.0190634746
 499  0.0188728403
 500  0.0192541089

 1  0.0213510916
 2  0.0219229963
 3  0.0209698211
 4  0.0215417258
 5  0.0223042648
 6  0.0213510916
 7  0.0219229963
 8  0.0223042648
 9  0.0217323601
 10  0.0223042648
 11  0.0223042648
 12  0.0221136305
 13  0.0219229963
 14  0.0223042648
 15  0.0223042648
 16  0.0223042648
 17  0.0215417258
 18  0.0223042648
 19  0.0226855353
 20  0.0224948991
 21  0.0223042648
 22  0.0221136305
 23  0.0223042648
 24  0.0224948991
 25  0.0221136305
 26  0.0224948991
 27  0.0223042648
 28  0.0223042648
 29  0.0219229963
 30  0.0223042648
 31  0.0223042648
 32  0.0230668038
 33  0.0221136305
 34  0.0221136305
 35  0.0221136305
 36  0.0223042648
 37  0.0224948991
 38  0.0221136305
 39  0.0221136305
 40  0.0223042648
 41  0.0217323601
 42  0.0223042648
 43  0.0223042648
 44  0.0221136305
 45  0.0223042648
 46  0.0221136305
 47  0.0228761695
 48  0.0226855353
 49  0.0223042648
 50  0.0224948991
 51  0.0223042648
 52  0.0221136305
 53  0.0221136305
 54  0.0224948991
 55  0.0223042648
 56  0.0223042648
 57  0.0217323601
 58  0.0217323601
 59  0.0219229963
 60  0.0217323601
 61  0.0221136305
 62  0.0224948991
 63  0.0223042648
 64  0.0224948991
 65  0.0219229963
 66  0.0219229963
 67  0.0228761695
 68  0.0223042648
 69  0.0219229963
 70  0.0221136305
 71  0.0221136305
 72  0.0226855353
 73  0.0223042648
 74  0.0219229963
 75  0.0224948991
 76  0.0221136305
 77  0.0219229963
 78  0.0224948991
 79  0.0230668038
 80  0.0226855353
 81  0.0224948991
 82  0.0219229963
 83  0.0223042648
 84  0.0224948991
 85  0.0219229963
 86  0.0224948991
 87  0.0223042648
 88  0.0226855353
 89  0.0224948991
 90  0.0219229963
 91  0.0223042648
 92  0.0211604573
 93  0.0224948991
 94  0.0221136305
 95  0.0224948991
 96  0.0223042648
 97  0.0221136305
 98  0.0219229963
 99  0.0219229963
 100  0.0224948991
 101  0.0224948991
 102  0.0217323601
 103  0.0226855353
 104  0.0223042648
 105  0.0221136305
 106  0.0228761695
 107  0.0219229963
 108  0.0224948991
 109  0.0224948991
 110  0.0224948991
 111  0.0219229963
 112  0.0215417258
 113  0.0219229963
 114  0.0215417258
 115  0.0217323601
 116  0.0217323601
 117  0.0224948991
 118  0.0219229963
 119  0.0221136305
 120  0.0226855353
 121  0.0219229963
 122  0.0221136305
 123  0.0219229963
 124  0.0223042648
 125  0.0219229963
 126  0.0223042648
 127  0.0219229963
 128  0.0217323601
 129  0.0223042648
 130  0.0217323601
 131  0.0219229963
 132  0.0219229963
 133  0.0217323601
 134  0.0217323601
 135  0.0219229963
 136  0.0223042648
 137  0.0223042648
 138  0.0221136305
 139  0.0221136305
 140  0.0219229963
 141  0.0221136305
 142  0.0217323601
 143  0.0223042648
 144  0.0226855353
 145  0.0223042648
 146  0.0223042648
 147  0.0219229963
 148  0.0221136305
 149  0.0219229963
 150  0.0223042648
 151  0.0221136305
 152  0.0219229963
 153  0.0219229963
 154  0.0223042648
 155  0.0224948991
 156  0.0219229963
 157  0.0219229963
 158  0.0219229963
 159  0.0226855353
 160  0.0221136305
 161  0.0219229963
 162  0.0223042648
 163  0.0223042648
 164  0.0224948991
 165  0.0221136305
 166  0.0224948991
 167  0.0223042648
 168  0.0226855353
 169  0.0219229963
 170  0.0221136305
 171  0.0221136305
 172  0.0219229963
 173  0.0221136305
 174  0.0219229963
 175  0.0221136305
 176  0.0224948991
 177  0.0219229963
 178  0.0219229963
 179  0.0221136305
 180  0.0219229963
 181  0.0217323601
 182  0.0219229963
 183  0.0223042648
 184  0.0221136305
 185  0.0224948991
 186  0.0219229963
 187  0.0219229963
 188  0.0223042648
 189  0.0221136305
 190  0.0223042648
 191  0.0217323601
 192  0.0221136305
 193  0.0230668038
 194  0.0219229963
 195  0.0224948991
 196  0.0223042648
 197  0.0219229963
 198  0.0217323601
 199  0.0226855353
 200  0.0219229963
 201  0.0223042648
 202  0.0223042648
 203  0.0219229963
 204  0.0219229963
 205  0.0217323601
 206  0.0221136305
 207  0.0219229963
 208  0.0221136305
 209  0.0223042648
 210  0.0219229963
 211  0.0221136305
 212  0.0223042648
 213  0.0219229963
 214  0.0224948991
 215  0.0217323601
 216  0.0224948991
 217  0.0224948991
 218  0.0224948991
 219  0.0223042648
 220  0.0221136305
 221  0.0221136305
 222  0.0217323601
 223  0.0221136305
 224  0.0223042648
 225  0.0223042648
 226  0.0223042648
 227  0.0223042648
 228  0.0221136305
 229  0.0221136305
 230  0.0223042648
 231  0.0223042648
 232  0.0221136305
 233  0.0221136305
 234  0.0221136305
 235  0.0219229963
 236  0.0224948991
 237  0.0215417258
 238  0.0221136305
 239  0.0223042648
 240  0.0215417258
 241  0.0221136305
 242  0.0219229963
 243  0.0221136305
 244  0.0221136305
 245  0.0223042648
 246  0.0221136305
 247  0.0221136305
 248  0.0223042648
 249  0.0221136305
 250  0.0224948991
 251  0.0219229963
 252  0.0223042648
 253  0.0223042648
 254  0.0221136305
 255  0.0221136305
 256  0.0221136305
 257  0.0219229963
 258  0.0228761695
 259  0.0215417258
 260  0.0224948991
 261  0.0223042648
 262  0.0221136305
 263  0.0221136305
 264  0.0219229963
 265  0.0221136305
 266  0.0224948991
 267  0.0221136305
 268  0.0221136305
 269  0.0221136305
 270  0.0219229963
 271  0.0224948991
 272  0.0217323601
 273  0.0224948991
 274  0.0219229963
 275  0.0223042648
 276  0.0217323601
 277  0.0217323601
 278  0.0221136305
 279  0.0223042648
 280  0.0217323601
 281  0.0217323601
 282  0.0217323601
 283  0.0221136305
 284  0.0219229963
 285  0.0224948991
 286  0.0221136305
 287  0.0219229963
 288  0.0219229963
 289  0.0219229963
 290  0.0224948991
 291  0.0224948991
 292  0.0219229963
 293  0.0223042648
 294  0.0221136305
 295  0.0217323601
 296  0.0224948991
 297  0.0219229963
 298  0.0219229963
 299  0.0221136305
 300  0.0223042648
 301  0.0223042648
 302  0.0219229963
 303  0.0219229963
 304  0.0223042648
 305  0.0228761695
 306  0.0221136305
 307  0.0219229963
 308  0.0217323601
 309  0.0226855353
 310  0.0221136305
 311  0.0217323601
 312  0.0230668038
 313  0.0219229963
 314  0.0223042648
 315  0.0224948991
 316  0.0221136305
 317  0.0221136305
 318  0.0217323601
 319  0.0217323601
 320  0.0223042648
 321  0.0223042648
 322  0.0215417258
 323  0.0223042648
 324  0.0221136305
 325  0.0217323601
 326  0.0223042648
 327  0.0219229963
 328  0.0226855353
 329  0.0223042648
 330  0.0226855353
 331  0.0228761695
 332  0.0217323601
 333  0.0224948991
 334  0.0221136305
 335  0.0219229963
 336  0.0217323601
 337  0.0226855353
 338  0.0221136305
 339  0.0219229963
 340  0.0221136305
 341  0.0221136305
 342  0.0219229963
 343  0.0219229963
 344  0.0219229963
 345  0.0223042648
 346  0.0223042648
 347  0.0223042648
 348  0.0219229963
 349  0.0224948991
 350  0.0226855353
 351  0.0221136305
 352  0.0223042648
 353  0.0226855353
 354  0.0221136305
 355  0.0221136305
 356  0.0219229963
 357  0.0219229963
 358  0.0219229963
 359  0.0217323601
 360  0.0221136305
 361  0.0219229963
 362  0.0230668038
 363  0.0221136305
 364  0.0223042648
 365  0.0224948991
 366  0.0221136305
 367  0.0228761695
 368  0.0219229963
 369  0.0215417258
 370  0.0223042648
 371  0.0221136305
 372  0.0221136305
 373  0.0219229963
 374  0.0219229963
 375  0.0221136305
 376  0.0221136305
 377  0.0223042648
 378  0.0221136305
 379  0.0219229963
 380  0.0217323601
 381  0.0221136305
 382  0.0221136305
 383  0.0223042648
 384  0.0223042648
 385  0.0223042648
 386  0.0221136305
 387  0.0224948991
 388  0.0221136305
 389  0.0219229963
 390  0.0228761695
 391  0.0217323601
 392  0.0221136305
 393  0.0221136305
 394  0.0219229963
 395  0.0224948991
 396  0.0223042648
 397  0.0221136305
 398  0.0217323601
 399  0.0226855353
 400  0.0226855353
 401  0.0221136305
 402  0.0223042648
 403  0.0219229963
 404  0.0221136305
 405  0.0219229963
 406  0.0224948991
 407  0.0224948991
 408  0.0217323601
 409  0.0224948991
 410  0.0217323601
 411  0.0219229963
 412  0.0221136305
 413  0.0223042648
 414  0.0219229963
 415  0.0219229963
 416  0.0217323601
 417  0.0219229963
 418  0.0221136305
 419  0.0217323601
 420  0.0217323601
 421  0.0215417258
 422  0.0221136305
 423  0.0221136305
 424  0.0221136305
 425  0.0223042648
 426  0.0223042648
 427  0.0223042648
 428  0.0217323601
 429  0.0224948991
 430  0.0221136305
 431  0.0224948991
 432  0.0217323601
 433  0.0219229963
 434  0.0223042648
 435  0.0217323601
 436  0.0224948991
 437  0.0221136305
 438  0.0223042648
 439  0.0223042648
 440  0.0219229963
 441  0.0219229963
 442  0.0221136305
 443  0.0223042648
 444  0.0221136305
 445  0.0223042648
 446  0.0217323601
 447  0.0221136305
 448  0.0224948991
 449  0.0219229963
 450  0.0221136305
 451  0.0221136305
 452  0.0223042648
 453  0.0224948991
 454  0.0224948991
 455  0.0217323601
 456  0.0219229963
 457  0.0217323601
 458  0.0219229963
 459  0.0219229963
 460  0.0224948991
 461  0.0221136305
 462  0.0221136305
 463  0.0219229963
 464  0.0221136305
 465  0.0224948991
 466  0.0223042648
 467  0.0221136305
 468  0.0223042648
 469  0.0219229963
 470  0.0219229963
 471  0.0224948991
 472  0.0221136305
 473  0.0224948991
 474  0.0219229963
 475  0.0221136305
 476  0.0223042648
 477  0.0224948991
 478  0.0224948991
 479  0.0223042648
 480  0.0223042648
 481  0.0221136305
 482  0.0226855353
 483  0.0221136305
 484  0.0224948991
 485  0.0221136305
 486  0.0223042648
 487  0.0217323601
 488  0.0223042648
 489  0.0223042648
 490  0.0226855353
 491  0.0224948991
 492  0.0221136305
 493  0.0223042648
 494  0.0221136305
 495  0.0223042648
 496  0.0224948991
 497  0.0224948991
 498  0.0224948991
 499  0.0219229963
 500  0.0226855353

 1  0.0282139424
 2  0.0287858453
 3  0.0268794987
 4  0.0287858453
 5  0.0276420377
 6  0.0280233063
 7  0.0284045767
 8  0.0284045767
 9  0.0284045767
 10  0.0284045767
 11  0.027832672
 12  0.0282139424
 13  0.028595211
 14  0.0284045767
 15  0.0295483842
 16  0.0282139424
 17  0.0280233063
 18  0.0289764814
 19  0.0289764814
 20  0.027832672
 21  0.0284045767
 22  0.0282139424
 23  0.0291671157
 24  0.0287858453
 25  0.0284045767
 26  0.0284045767
 27  0.0289764814
 28  0.0282139424
 29  0.028595211
 30  0.0280233063
 31  0.0287858453
 32  0.0284045767
 33  0.0284045767
 34  0.0280233063
 35  0.0282139424
 36  0.0284045767
 37  0.0276420377
 38  0.0282139424
 39  0.0289764814
 40  0.0282139424
 41  0.0284045767
 42  0.0284045767
 43  0.0274514034
 44  0.027832672
 45  0.0282139424
 46  0.0280233063
 47  0.0289764814
 48  0.0289764814
 49  0.0284045767
 50  0.027832672
 51  0.0284045767
 52  0.028595211
 53  0.0272607673
 54  0.0280233063
 55  0.0284045767
 56  0.0289764814
 57  0.0282139424
 58  0.0280233063
 59  0.027832672
 60  0.028595211
 61  0.028595211
 62  0.027832672
 63  0.0282139424
 64  0.0282139424
 65  0.0280233063
 66  0.0276420377
 67  0.0287858453
 68  0.0289764814
 69  0.0280233063
 70  0.0284045767
 71  0.0287858453
 72  0.0295483842
 73  0.0284045767
 74  0.0274514034
 75  0.0282139424
 76  0.0284045767
 77  0.0276420377
 78  0.0291671157
 79  0.02935775
 80  0.0287858453
 81  0.0284045767
 82  0.0274514034
 83  0.0284045767
 84  0.0280233063
 85  0.027832672
 86  0.0280233063
 87  0.0280233063
 88  0.027832672
 89  0.0282139424
 90  0.0284045767
 91  0.028595211
 92  0.026307594
 93  0.0287858453
 94  0.0282139424
 95  0.0282139424
 96  0.028595211
 97  0.0289764814
 98  0.028595211
 99  0.028595211
 100  0.0284045767
 101  0.0280233063
 102  0.0287858453
 103  0.0282139424
 104  0.027832672
 105  0.0284045767
 106  0.0287858453
 107  0.0280233063
 108  0.0284045767
 109  0.0289764814
 110  0.0287858453
 111  0.0282139424
 112  0.027070133
 113  0.027832672
 114  0.0291671157
 115  0.0280233063
 116  0.0276420377
 117  0.0282139424
 118  0.0282139424
 119  0.0287858453
 120  0.0289764814
 121  0.0284045767
 122  0.027832672
 123  0.0276420377
 124  0.0280233063
 125  0.0282139424
 126  0.027832672
 127  0.0282139424
 128  0.0282139424
 129  0.027832672
 130  0.0276420377
 131  0.0272607673
 132  0.0282139424
 133  0.027832672
 134  0.0276420377
 135  0.0274514034
 136  0.0274514034
 137  0.0276420377
 138  0.027832672
 139  0.0274514034
 140  0.0276420377
 141  0.0276420377
 142  0.0280233063
 143  0.0284045767
 144  0.027832672
 145  0.0276420377
 146  0.0282139424
 147  0.0289764814
 148  0.0274514034
 149  0.0276420377
 150  0.0272607673
 151  0.028595211
 152  0.027832672
 153  0.0276420377
 154  0.0284045767
 155  0.0276420377
 156  0.0280233063
 157  0.0282139424
 158  0.0272607673
 159  0.027832672
 160  0.027832672
 161  0.0284045767
 162  0.028595211
 163  0.028595211
 164  0.028595211
 165  0.0289764814
 166  0.0287858453
 167  0.0280233063
 168  0.028595211
 169  0.0276420377
 170  0.0284045767
 171  0.0280233063
 172  0.0282139424
 173  0.027832672
 174  0.028595211
 175  0.0282139424
 176  0.0284045767
 177  0.028595211
 178  0.027832672
 179  0.0280233063
 180  0.027070133
 181  0.0284045767
 182  0.0284045767
 183  0.027832672
 184  0.0280233063
 185  0.0289764814
 186  0.0282139424
 187  0.0280233063
 188  0.0282139424
 189  0.0291671157
 190  0.0284045767
 191  0.0291671157
 192  0.0287858453
 193  0.0291671157
 194  0.0274514034
 195  0.0287858453
 196  0.0287858453
 197  0.0280233063
 198  0.0291671157
 199  0.0276420377
 200  0.0274514034
 201  0.0280233063
 202  0.027832672
 203  0.0282139424
 204  0.027832672
 205  0.0282139424
 206  0.0282139424
 207  0.0272607673
 208  0.0282139424
 209  0.0282139424
 210  0.028595211
 211  0.0280233063
 212  0.0274514034
 213  0.028595211
 214  0.02935775
 215  0.0284045767
 216  0.0287858453
 217  0.028595211
 218  0.0287858453
 219  0.027832672
 220  0.027832672
 221  0.028595211
 222  0.0287858453
 223  0.0284045767
 224  0.0280233063
 225  0.0284045767
 226  0.0282139424
 227  0.0280233063
 228  0.028595211
 229  0.0276420377
 230  0.0280233063
 231  0.0282139424
 232  0.0280233063
 233  0.0280233063
 234  0.0276420377
 235  0.0280233063
 236  0.0284045767
 237  0.0282139424
 238  0.0284045767
 239  0.0284045767
 240  0.028595211
 241  0.02935775
 242  0.0289764814
 243  0.0287858453
 244  0.0282139424
 245  0.0284045767
 246  0.028595211
 247  0.0276420377
 248  0.0284045767
 249  0.027832672
 250  0.0284045767
 251  0.0282139424
 252  0.0282139424
 253  0.027832672
 254  0.0274514034
 255  0.028595211
 256  0.0274514034
 257  0.028595211
 258  0.0289764814
 259  0.027832672
 260  0.0289764814
 261  0.0282139424
 262  0.027832672
 263  0.027832672
 264  0.0287858453
 265  0.0280233063
 266  0.028595211
 267  0.0280233063
 268  0.0287858453
 269  0.0274514034
 270  0.0280233063
 271  0.0284045767
 272  0.027832672
 273  0.0282139424
 274  0.0274514034
 275  0.0284045767
 276  0.0284045767
 277  0.0282139424
 278  0.0276420377
 279  0.028595211
 280  0.0276420377
 281  0.028595211
 282  0.027832672
 283  0.027832672
 284  0.0282139424
 285  0.028595211
 286  0.0274514034
 287  0.028595211
 288  0.028595211
 289  0.0272607673
 290  0.0280233063
 291  0.027832672
 292  0.027832672
 293  0.0282139424
 294  0.0284045767
 295  0.027070133
 296  0.0282139424
 297  0.0282139424
 298  0.027832672
 299  0.0284045767
 300  0.0282139424
 301  0.0280233063
 302  0.0272607673
 303  0.0282139424
 304  0.0282139424
 305  0.0287858453
 306  0.0282139424
 307  0.0280233063
 308  0.0280233063
 309  0.028595211
 310  0.028595211
 311  0.027832672
 312  0.02935775
 313  0.0284045767
 314  0.0291671157
 315  0.0282139424
 316  0.0291671157
 317  0.0280233063
 318  0.0276420377
 319  0.0280233063
 320  0.0287858453
 321  0.027832672
 322  0.0274514034
 323  0.0280233063
 324  0.0280233063
 325  0.0280233063
 326  0.0282139424
 327  0.0276420377
 328  0.0291671157
 329  0.0284045767
 330  0.02935775
 331  0.0280233063
 332  0.027832672
 333  0.0287858453
 334  0.0276420377
 335  0.0295483842
 336  0.027832672
 337  0.0289764814
 338  0.0276420377
 339  0.0274514034
 340  0.0284045767
 341  0.0284045767
 342  0.0272607673
 343  0.0282139424
 344  0.0274514034
 345  0.027832672
 346  0.0287858453
 347  0.027832672
 348  0.027832672
 349  0.0282139424
 350  0.028595211
 351  0.027832672
 352  0.0284045767
 353  0.0282139424
 354  0.0289764814
 355  0.0289764814
 356  0.0280233063
 357  0.0280233063
 358  0.0287858453
 359  0.0274514034
 360  0.0284045767
 361  0.0284045767
 362  0.02935775
 363  0.027832672
 364  0.027832672
 365  0.0284045767
 366  0.0276420377
 367  0.0282139424
 368  0.0282139424
 369  0.0274514034
 370  0.027832672
 371  0.0282139424
 372  0.0282139424
 373  0.0280233063
 374  0.0276420377
 375  0.0284045767
 376  0.0276420377
 377  0.0282139424
 378  0.0280233063
 379  0.0280233063
 380  0.027832672
 381  0.0280233063
 382  0.027832672
 383  0.0276420377
 384  0.0284045767
 385  0.0284045767
 386  0.0276420377
 387  0.0276420377
 388  0.027832672
 389  0.027832672
 390  0.0284045767
 391  0.027832672
 392  0.0280233063
 393  0.0280233063
 394  0.027832672
 395  0.0276420377
 396  0.0280233063
 397  0.027832672
 398  0.0276420377
 399  0.0282139424
 400  0.0284045767
 401  0.0280233063
 402  0.028595211
 403  0.0274514034
 404  0.0276420377
 405  0.0280233063
 406  0.028595211
 407  0.028595211
 408  0.0276420377
 409  0.0280233063
 410  0.0280233063
 411  0.0280233063
 412  0.0274514034
 413  0.027832672
 414  0.0280233063
 415  0.027832672
 416  0.0280233063
 417  0.027832672
 418  0.0280233063
 419  0.0276420377
 420  0.027070133
 421  0.0268794987
 422  0.0282139424
 423  0.0280233063
 424  0.027070133
 425  0.0284045767
 426  0.027832672
 427  0.0274514034
 428  0.0276420377
 429  0.0284045767
 430  0.0289764814
 431  0.0284045767
 432  0.0282139424
 433  0.027832672
 434  0.0280233063
 435  0.027832672
 436  0.0284045767
 437  0.027832672
 438  0.027832672
 439  0.0287858453
 440  0.0272607673
 441  0.0282139424
 442  0.0287858453
 443  0.0276420377
 444  0.028595211
 445  0.0280233063
 446  0.027832672
 447  0.0287858453
 448  0.0284045767
 449  0.0272607673
 450  0.0276420377
 451  0.0276420377
 452  0.0289764814
 453  0.0291671157
 454  0.0280233063
 455  0.0289764814
 456  0.0287858453
 457  0.027832672
 458  0.0280233063
 459  0.027832672
 460  0.027832672
 461  0.0276420377
 462  0.0272607673
 463  0.0280233063
 464  0.0282139424
 465  0.028595211
 466  0.0280233063
 467  0.0276420377
 468  0.0284045767
 469  0.0276420377
 470  0.0282139424
 471  0.0289764814
 472  0.027832672
 473  0.0282139424
 474  0.0274514034
 475  0.0282139424
 476  0.0291671157
 477  0.0287858453
 478  0.0287858453
 479  0.0289764814
 480  0.0289764814
 481  0.028595211
 482  0.0289764814
 483  0.0282139424
 484  0.0289764814
 485  0.0284045767
 486  0.0287858453
 487  0.0282139424
 488  0.028595211
 489  0.0287858453
 490  0.0289764814
 491  0.028595211
 492  0.0284045767
 493  0.0291671157
 494  0.0287858453
 495  0.0289764814
 496  0.0284045767
 497  0.0282139424
 498  0.0284045767
 499  0.0282139424
 500  0.0284045767

 1  0.0960799083
 2  0.127344012
 3  0.108280532
 4  0.140116543
 5  0.129440993
 6  0.108280532
 7  0.115715288
 8  0.117812268
 9  0.0945548341
 10  0.114190213
 11  0.109043069
 12  0.102752127
 13  0.117049731
 14  0.108661801
 15  0.0983675271
 16  0.101227045
 17  0.110186882
 18  0.103705302
 19  0.114380844
 20  0.110949419
 21  0.110568151
 22  0.109424345
 23  0.13725701
 24  0.147932559
 25  0.113808945
 26  0.118193537
 27  0.102752127
 28  0.109996244
 29  0.106755458
 30  0.118956082
 31  0.0962705463
 32  0.122578137
 33  0.102561489
 34  0.137066379
 35  0.116668463
 36  0.10198959
 37  0.101417683
 38  0.100845776
 39  0.103324033
 40  0.110377513
 41  0.11285577
 42  0.0985581651
 43  0.136494473
 44  0.103324033
 45  0.107708633
 46  0.0970330834
 47  0.105421014
 48  0.112093225
 49  0.106946088
 50  0.105802283
 51  0.100083239
 52  0.0987487957
 53  0.104849108
 54  0.114571482
 55  0.111711957
 56  0.109996244
 57  0.104658477
 58  0.106946088
 59  0.110758789
 60  0.100655146
 61  0.10198959
 62  0.110568151
 63  0.109233707
 64  0.110758789
 65  0.107136726
 66  0.11285577
 67  0.107708633
 68  0.107136726
 69  0.112665132
 70  0.116096556
 71  0.108280532
 72  0.116668463
 73  0.113237038
 74  0.105992913
 75  0.100655146
 76  0.106183551
 77  0.125247031
 78  0.10408657
 79  0.111140057
 80  0.101417683
 81  0.109233707
 82  0.0970330834
 83  0.143166691
 84  0.1130464
 85  0.110949419
 86  0.103324033
 87  0.116287194
 88  0.0983675271
 89  0.108089902
 90  0.106946088
 91  0.101036415
 92  0.106374189
 93  0.116859101
 94  0.115905926
 95  0.118765444
 96  0.102561489
 97  0.151363984
 98  0.106183551
 99  0.101036415
 100  0.110186882
 101  0.10408657
 102  0.109996244
 103  0.111330688
 104  0.10408657
 105  0.102370858
 106  0.107327357
 107  0.112474501
 108  0.0993207023
 109  0.132491142
 110  0.109614976
 111  0.104849108
 112  0.113808945
 113  0.0983675271
 114  0.106946088
 115  0.104277201
 116  0.100655146
 117  0.101608321
 118  0.126009569
 119  0.115524657
 120  0.150410816
 121  0.104658477
 122  0.107327357
 123  0.111902595
 124  0.107136726
 125  0.103514664
 126  0.105421014
 127  0.107899264
 128  0.107517995
 129  0.0947454646
 130  0.104467839
 131  0.10218022
 132  0.0956986398
 133  0.105802283
 134  0.102370858
 135  0.108852439
 136  0.108661801
 137  0.10847117
 138  0.104849108
 139  0.115905926
 140  0.105230376
 141  0.105039746
 142  0.0995113328
 143  0.127344012
 144  0.122387506
 145  0.118574813
 146  0.105802283
 147  0.105992913
 148  0.103514664
 149  0.101417683
 150  0.0970330834
 151  0.105421014
 152  0.109233707
 153  0.108089902
 154  0.0953173712
 155  0.106374189
 156  0.111140057
 157  0.109233707
 158  0.0987487957
 159  0.10218022
 160  0.109614976
 161  0.118002906
 162  0.103324033
 163  0.102752127
 164  0.107708633
 165  0.109805614
 166  0.0985581651
 167  0.101036415
 168  0.112283863
 169  0.115524657
 170  0.097414352
 171  0.0989394337
 172  0.116859101
 173  0.0983675271
 174  0.105230376
 175  0.107899264
 176  0.0977956206
 177  0.0991300642
 178  0.102752127
 179  0.116287194
 180  0.0953173712
 181  0.106183551
 182  0.104277201
 183  0.113427669
 184  0.107517995
 185  0.0979862586
 186  0.10198959
 187  0.100464508
 188  0.0880732536
 189  0.110758789
 190  0.114571482
 191  0.109233707
 192  0.103895932
 193  0.114380844
 194  0.100464508
 195  0.125628293
 196  0.114762112
 197  0.104849108
 198  0.107327357
 199  0.108089902
 200  0.109614976
 201  0.110568151
 202  0.0985581651
 203  0.100273877
 204  0.12829718
 205  0.108089902
 206  0.107899264
 207  0.10408657
 208  0.102752127
 209  0.111711957
 210  0.104467839
 211  0.116477825
 212  0.105802283
 213  0.116477825
 214  0.114380844
 215  0.132872418
 216  0.110758789
 217  0.120099887
 218  0.112283863
 219  0.103324033
 220  0.102370858
 221  0.102561489
 222  0.0956986398
 223  0.108852439
 224  0.110949419
 225  0.110949419
 226  0.0993207023
 227  0.100083239
 228  0.106946088
 229  0.106183551
 230  0.116859101
 231  0.103705302
 232  0.10847117
 233  0.107517995
 234  0.100083239
 235  0.102370858
 236  0.117431
 237  0.120671794
 238  0.108089902
 239  0.1130464
 240  0.0981768891
 241  0.120481156
 242  0.132872418
 243  0.109805614
 244  0.101036415
 245  0.105802283
 246  0.105802283
 247  0.10408657
 248  0.103895932
 249  0.129822254
 250  0.107327357
 251  0.107899264
 252  0.100845776
 253  0.0997019708
 254  0.106183551
 255  0.0936016589
 256  0.115143381
 257  0.104467839
 258  0.113427669
 259  0.101417683
 260  0.118956082
 261  0.101608321
 262  0.113237038
 263  0.110186882
 264  0.0998926014
 265  0.104658477
 266  0.109996244
 267  0.104658477
 268  0.106755458
 269  0.10847117
 270  0.101608321
 271  0.10656482
 272  0.104849108
 273  0.115524657
 274  0.102370858
 275  0.109805614
 276  0.108089902
 277  0.111711957
 278  0.102752127
 279  0.0981768891
 280  0.102942757
 281  0.109424345
 282  0.106183551
 283  0.10408657
 284  0.104277201
 285  0.109805614
 286  0.100655146
 287  0.122768775
 288  0.112093225
 289  0.109424345
 290  0.109233707
 291  0.104277201
 292  0.0930297524
 293  0.0951267332
 294  0.105992913
 295  0.0955080092
 296  0.104849108
 297  0.0991300642
 298  0.104467839
 299  0.100464508
 300  0.0991300642
 301  0.109614976
 302  0.102942757
 303  0.103324033
 304  0.104277201
 305  0.106374189
 306  0.100273877
 307  0.10218022
 308  0.102752127
 309  0.111140057
 310  0.0972237214
 311  0.122768775
 312  0.138972729
 313  0.104658477
 314  0.104467839
 315  0.103514664
 316  0.10408657
 317  0.100845776
 318  0.0985581651
 319  0.118765444
 320  0.103133395
 321  0.104277201
 322  0.115715288
 323  0.102752127
 324  0.100273877
 325  0.10847117
 326  0.104658477
 327  0.128869087
 328  0.104849108
 329  0.114762112
 330  0.105230376
 331  0.118193537
 332  0.0960799083
 333  0.0970330834
 334  0.102561489
 335  0.124293849
 336  0.0979862586
 337  0.103895932
 338  0.110186882
 339  0.106374189
 340  0.11285577
 341  0.0958892778
 342  0.121053062
 343  0.110949419
 344  0.0979862586
 345  0.100464508
 346  0.107136726
 347  0.10198959
 348  0.110568151
 349  0.106183551
 350  0.0989394337
 351  0.101036415
 352  0.119146712
 353  0.100655146
 354  0.101227045
 355  0.0995113328
 356  0.112474501
 357  0.109424345
 358  0.109614976
 359  0.106183551
 360  0.0972237214
 361  0.103514664
 362  0.101417683
 363  0.103705302
 364  0.111330688
 365  0.106183551
 366  0.0989394337
 367  0.111140057
 368  0.102561489
 369  0.107327357
 370  0.106946088
 371  0.103705302
 372  0.105611645
 373  0.104277201
 374  0.110758789
 375  0.102752127
 376  0.0979862586
 377  0.103324033
 378  0.103324033
 379  0.121243693
 380  0.114571482
 381  0.104658477
 382  0.112283863
 383  0.110377513
 384  0.103514664
 385  0.108280532
 386  0.103895932
 387  0.0962705463
 388  0.10218022
 389  0.09760499
 390  0.104467839
 391  0.113808945
 392  0.109805614
 393  0.0991300642
 394  0.102561489
 395  0.106946088
 396  0.110758789
 397  0.102942757
 398  0.106183551
 399  0.101417683
 400  0.102561489
 401  0.122959405
 402  0.113237038
 403  0.103514664
 404  0.107899264
 405  0.105039746
 406  0.0998926014
 407  0.0939829275
 408  0.108661801
 409  0.0932203904
 410  0.107899264
 411  0.104467839
 412  0.101227045
 413  0.112665132
 414  0.100273877
 415  0.113427669
 416  0.147360653
 417  0.136875749
 418  0.102561489
 419  0.106374189
 420  0.112665132
 421  0.106183551
 422  0.107136726
 423  0.10656482
 424  0.106946088
 425  0.111711957
 426  0.108280532
 427  0.10656482
 428  0.103514664
 429  0.107708633
 430  0.0970330834
 431  0.104277201
 432  0.106374189
 433  0.106946088
 434  0.107327357
 435  0.105421014
 436  0.0997019708
 437  0.112283863
 438  0.10198959
 439  0.104467839
 440  0.104277201
 441  0.107136726
 442  0.108661801
 443  0.108280532
 444  0.101227045
 445  0.100273877
 446  0.101417683
 447  0.103324033
 448  0.10847117
 449  0.109996244
 450  0.101798952
 451  0.107899264
 452  0.105230376
 453  0.103514664
 454  0.109233707
 455  0.103324033
 456  0.102942757
 457  0.104849108
 458  0.0993207023
 459  0.105802283
 460  0.102561489
 461  0.0985581651
 462  0.100845776
 463  0.107136726
 464  0.108280532
 465  0.102942757
 466  0.105992913
 467  0.105802283
 468  0.105230376
 469  0.100655146
 470  0.0987487957
 471  0.103705302
 472  0.109424345
 473  0.100083239
 474  0.107708633
 475  0.103895932
 476  0.10218022
 477  0.0995113328
 478  0.103514664
 479  0.0962705463
 480  0.102370858
 481  0.101608321
 482  0.0998926014
 483  0.107708633
 484  0.107327357
 485  0.103705302
 486  0.110186882
 487  0.101798952
 488  0.106946088
 489  0.113427669
 490  0.100083239
 491  0.10198959
 492  0.105421014
 493  0.10218022
 494  0.105611645
 495  0.104467839
 496  0.0981768891
 497  0.107327357
 498  0.10656482
 499  0.108852439
 500  0.100845776

 1  0.
 2  0.
 3  0.
 4  0.
 5  0.
 6  0.
 7  0.
 8  0.
 9  0.
 10  0.
 11  0.
 12  0.
 13  0.
 14  0.
 15  0.
 16  0.
 17  0.
 18  0.
 19  0.
 20  0.
 21  0.
 22  0.
 23  0.
 24  0.
 25  0.
 26  0.
 27  0.
 28  0.
 29  0.
 30  0.
 31  0.
 32  0.
 33  0.
 34  0.
 35  0.
 36  0.
 37  0.
 38  0.
 39  0.
 40  0.
 41  0.
 42  0.
 43  0.
 44  0.
 45  0.
 46  0.
 47  0.
 48  0.
 49  0.
 50  0.
 51  0.
 52  0.
 53  0.
 54  0.
 55  0.
 56  0.
 57  0.
 58  0.
 59  0.
 60  0.
 61  0.
 62  0.
 63  0.
 64  0.
 65  0.
 66  0.
 67  0.
 68  0.
 69  0.
 70  0.
 71  0.
 72  0.
 73  0.
 74  0.
 75  0.
 76  0.
 77  0.
 78  0.
 79  0.
 80  0.
 81  0.
 82  0.
 83  0.
 84  0.
 85  0.
 86  0.
 87  0.
 88  0.
 89  0.
 90  0.
 91  0.
 92  0.
 93  0.
 94  0.
 95  0.
 96  0.
 97  0.
 98  0.
 99  0.
 100  0.
 101  0.
 102  0.
 103  0.
 104  0.
 105  0.
 106  0.
 107  0.
 108  0.
 109  0.
 110  0.
 111  0.
 112  0.
 113  0.
 114  0.
 115  0.
 116  0.
 117  0.
 118  0.
 119  0.
 120  0.
 121  0.
 122  0.
 123  0.
 124  0.
 125  0.
 126  0.
 127  0.
 128  0.
 129  0.
 130  0.
 131  0.
 132  0.
 133  0.
 134  0.
 135  0.
 136  0.
 137  0.
 138  0.
 139  0.
 140  0.
 141  0.
 142  0.
 143  0.
 144  0.
 145  0.
 146  0.
 147  0.
 148  0.
 149  0.
 150  0.
 151  0.
 152  0.
 153  0.
 154  0.
 155  0.
 156  0.
 157  0.
 158  0.
 159  0.
 160  0.
 161  0.
 162  0.
 163  0.
 164  0.
 165  0.
 166  0.
 167  0.
 168  0.
 169  0.
 170  0.
 171  0.
 172  0.
 173  0.
 174  0.
 175  0.
 176  0.
 177  0.
 178  0.
 179  0.
 180  0.
 181  0.
 182  0.
 183  0.
 184  0.
 185  0.
 186  0.
 187  0.
 188  0.
 189  0.
 190  0.
 191  0.
 192  0.
 193  0.
 194  0.
 195  0.
 196  0.
 197  0.
 198  0.
 199  0.
 200  0.
 201  0.
 202  0.
 203  0.
 204  0.
 205  0.
 206  0.
 207  0.
 208  0.
 209  0.
 210  0.
 211  0.
 212  0.
 213  0.
 214  0.
 215  0.
 216  0.
 217  0.
 218  0.
 219  0.
 220  0.
 221  0.
 222  0.
 223  0.
 224  0.
 225  0.
 226  0.
 227  0.
 228  0.
 229  0.
 230  0.
 231  0.
 232  0.
 233  0.
 234  0.
 235  0.
 236  0.
 237  0.
 238  0.
 239  0.
 240  0.
 241  0.
 242  0.
 243  0.
 244  0.
 245  0.
 246  0.
 247  0.
 248  0.
 249  0.
 250  0.
 251  0.
 252  0.
 253  0.
 254  0.
 255  0.
 256  0.
 257  0.
 258  0.
 259  0.
 260  0.
 261  0.
 262  0.
 263  0.
 264  0.
 265  0.
 266  0.
 267  0.
 268  0.
 269  0.
 270  0.
 271  0.
 272  0.
 273  0.
 274  0.
 275  0.
 276  0.
 277  0.
 278  0.
 279  0.
 280  0.
 281  0.
 282  0.
 283  0.
 284  0.
 285  0.
 286  0.
 287  0.
 288  0.
 289  0.
 290  0.
 291  0.
 292  0.
 293  0.
 294  0.
 295  0.
 296  0.
 297  0.
 298  0.
 299  0.
 300  0.
 301  0.
 302  0.
 303  0.
 304  0.
 305  0.
 306  0.
 307  0.
 308  0.
 309  0.
 310  0.
 311  0.
 312  0.
 313  0.
 314  0.
 315  0.
 316  0.
 317  0.
 318  0.
 319  0.
 320  0.
 321  0.
 322  0.
 323  0.
 324  0.
 325  0.
 326  0.
 327  0.
 328  0.
 329  0.
 330  0.
 331  0.
 332  0.
 333  0.
 334  0.
 335  0.
 336  0.
 337  0.
 338  0.
 339  0.
 340  0.
 341  0.
 342  0.
 343  0.
 344  0.
 345  0.
 346  0.
 347  0.
 348  0.
 349  0.
 350  0.
 351  0.
 352  0.
 353  0.
 354  0.
 355  0.
 356  0.
 357  0.
 358  0.
 359  0.
 360  0.
 361  0.
 362  0.
 363  0.
 364  0.
 365  0.
 366  0.
 367  0.
 368  0.
 369  0.
 370  0.
 371  0.
 372  0.
 373  0.
 374  0.
 375  0.
 376  0.
 377  0.
 378  0.
 379  0.
 380  0.
 381  0.
 382  0.
 383  0.
 384  0.
 385  0.
 386  0.
 387  0.
 388  0.
 389  0.
 390  0.
 391  0.
 392  0.
 393  0.
 394  0.
 395  0.
 396  0.
 397  0.
 398  0.
 399  0.
 400  0.
 401  0.
 402  0.
 403  0.
 404  0.
 405  0.
 406  0.
 407  0.
 408  0.
 409  0.
 410  0.
 411  0.
 412  0.
 413  0.
 414  0.
 415  0.
 416  0.
 417  0.
 418  0.
 419  0.
 420  0.
 421  0.
 422  0.
 423  0.
 424  0.
 425  0.
 426  0.
 427  0.
 428  0.
 429  0.
 430  0.
 431  0.
 432  0.
 433  0.
 434  0.
 435  0.
 436  0.
 437  0.
 438  0.
 439  0.
 440  0.
 441  0.
 442  0.
 443  0.
 444  0.
 445  0.
 446  0.
 447  0.
 448  0.
 449  0.
 450  0.
 451  0.
 452  0.
 453  0.
 454  0.
 455  0.
 456  0.
 457  0.
 458  0.
 459  0.
 460  0.
 461  0.
 462  0.
 463  0.
 464  0.
 465  0.
 466  0.
 467  0.
 468  0.
 469  0.
 470  0.
 471  0.
 472  0.
 473  0.
 474  0.
 475  0.
 476  0.
 477  0.
 478  0.
 479  0.
 480  0.
 481  0.
 482  0.
 483  0.
 484  0.
 485  0.
 486  0.
 487  0.
 488  0.
 489  0.
 490  0.
 491  0.
 492  0.
 493  0.
 494  0.
 495  0.
 496  0.
 497  0.
 498  0.
 499  0.
 500  0.

 1  0.
 2  0.
 3  0.
 4  0.
 5  0.
 6  0.
 7  0.
 8  0.
 9  0.
 10  0.
 11  0.
 12  0.
 13  0.
 14  0.
 15  0.
 16  0.
 17  0.
 18  0.
 19  0.
 20  0.
 21  0.
 22  0.
 23  0.
 24  0.
 25  0.
 26  0.
 27  0.
 28  0.
 29  0.
 30  0.
 31  0.
 32  0.
 33  0.
 34  0.
 35  0.
 36  0.
 37  0.
 38  0.
 39  0.
 40  0.
 41  0.
 42  0.
 43  0.
 44  0.
 45  0.
 46  0.
 47  0.
 48  0.
 49  0.
 50  0.
 51  0.
 52  0.
 53  0.
 54  0.
 55  0.
 56  0.
 57  0.
 58  0.
 59  0.
 60  0.
 61  0.
 62  0.
 63  0.
 64  0.
 65  0.
 66  0.
 67  0.
 68  0.
 69  0.
 70  0.
 71  0.
 72  0.
 73  0.
 74  0.
 75  0.
 76  0.
 77  0.
 78  0.
 79  0.
 80  0.
 81  0.
 82  0.
 83  0.
 84  0.
 85  0.
 86  0.
 87  0.
 88  0.
 89  0.
 90  0.
 91  0.
 92  0.
 93  0.
 94  0.
 95  0.
 96  0.
 97  0.
 98  0.
 99  0.
 100  0.
 101  0.
 102  0.
 103  0.
 104  0.
 105  0.
 106  0.
 107  0.
 108  0.
 109  0.
 110  0.
 111  0.
 112  0.
 113  0.
 114  0.
 115  0.
 116  0.
 117  0.
 118  0.
 119  0.
 120  0.
 121  0.
 122  0.
 123  0.
 124  0.
 125  0.
 126  0.
 127  0.
 128  0.
 129  0.
 130  0.
 131  0.
 132  0.
 133  0.
 134  0.
 135  0.
 136  0.
 137  0.
 138  0.
 139  0.
 140  0.
 141  0.
 142  0.
 143  0.
 144  0.
 145  0.
 146  0.
 147  0.
 148  0.
 149  0.
 150  0.
 151  0.
 152  0.
 153  0.
 154  0.
 155  0.
 156  0.
 157  0.
 158  0.
 159  0.
 160  0.
 161  0.
 162  0.
 163  0.
 164  0.
 165  0.
 166  0.
 167  0.
 168  0.
 169  0.
 170  0.
 171  0.
 172  0.
 173  0.
 174  0.
 175  0.
 176  0.
 177  0.
 178  0.
 179  0.
 180  0.
 181  0.
 182  0.
 183  0.
 184  0.
 185  0.
 186  0.
 187  0.
 188  0.
 189  0.
 190  0.
 191  0.
 192  0.
 193  0.
 194  0.
 195  0.
 196  0.
 197  0.
 198  0.
 199  0.
 200  0.
 201  0.
 202  0.
 203  0.
 204  0.
 205  0.
 206  0.
 207  0.
 208  0.
 209  0.
 210  0.
 211  0.
 212  0.
 213  0.
 214  0.
 215  0.
 216  0.
 217  0.
 218  0.
 219  0.
 220  0.
 221  0.
 222  0.
 223  0.
 224  0.
 225  0.
 226  0.
 227  0.
 228  0.
 229  0.
 230  0.
 231  0.
 232  0.
 233  0.
 234  0.
 235  0.
 236  0.
 237  0.
 238  0.
 239  0.
 240  0.
 241  0.
 242  0.
 243  0.
 244  0.
 245  0.
 246  0.
 247  0.
 248  0.
 249  0.
 250  0.
 251  0.
 252  0.
 253  0.
 254  0.
 255  0.
 256  0.
 257  0.
 258  0.
 259  0.
 260  0.
 261  0.
 262  0.
 263  0.
 264  0.
 265  0.
 266  0.
 267  0.
 268  0.
 269  0.
 270  0.
 271  0.
 272  0.
 273  0.
 274  0.
 275  0.
 276  0.
 277  0.
 278  0.
 279  0.
 280  0.
 281  0.
 282  0.
 283  0.
 284  0.
 285  0.
 286  0.
 287  0.
 288  0.
 289  0.
 290  0.
 291  0.
 292  0.
 293  0.
 294  0.
 295  0.
 296  0.
 297  0.
 298  0.
 299  0.
 300  0.
 301  0.
 302  0.
 303  0.
 304  0.
 305  0.
 306  0.
 307  0.
 308  0.
 309  0.
 310  0.
 311  0.
 312  0.
 313  0.
 314  0.
 315  0.
 316  0.
 317  0.
 318  0.
 319  0.
 320  0.
 321  0.
 322  0.
 323  0.
 324  0.
 325  0.
 326  0.
 327  0.
 328  0.
 329  0.
 330  0.
 331  0.
 332  0.
 333  0.
 334  0.
 335  0.
 336  0.
 337  0.
 338  0.
 339  0.
 340  0.
 341  0.
 342  0.
 343  0.
 344  0.
 345  0.
 346  0.
 347  0.
 348  0.
 349  0.
 350  0.
 351  0.
 352  0.
 353  0.
 354  0.
 355  0.
 356  0.
 357  0.
 358  0.
 359  0.
 360  0.
 361  0.
 362  0.
 363  0.
 364  0.
 365  0.
 366  0.
 367  0.
 368  0.
 369  0.
 370  0.
 371  0.
 372  0.
 373  0.
 374  0.
 375  0.
 376  0.
 377  0.
 378  0.
 379  0.
 380  0.
 381  0.
 382  0.
 383  0.
 384  0.
 385  0.
 386  0.
 387  0.
 388  0.
 389  0.
 390  0.
 391  0.
 392  0.
 393  0.
 394  0.
 395  0.
 396  0.
 397  0.
 398  0.
 399  0.
 400  0.
 401  0.
 402  0.
 403  0.
 404  0.
 405  0.
 406  0.
 407  0.
 408  0.
 409  0.
 410  0.
 411  0.
 412  0.
 413  0.
 414  0.
 415  0.
 416  0.
 417  0.
 418  0.
 419  0.
 420  0.
 421  0.
 422  0.
 423  0.
 424  0.
 425  0.
 426  0.
 427  0.
 428  0.
 429  0.
 430  0.
 431  0.
 432  0.
 433  0.
 434  0.
 435  0.
 436  0.
 437  0.
 438  0.
 439  0.
 440  0.
 441  0.
 442  0.
 443  0.
 444  0.
 445  0.
 446  0.
 447  0.
 448  0.
 449  0.
 450  0.
 451  0.
 452  0.
 453  0.
 454  0.
 455  0.
 456  0.
 457  0.
 458  0.
 459  0.
 460  0.
 461  0.
 462  0.
 463  0.
 464  0.
 465  0.
 466  0.
 467  0.
 468  0.
 469  0.
 470  0.
 471  0.
 472  0.
 473  0.
 474  0.
 475  0.
 476  0.
 477  0.
 478  0.
 479  0.
 480  0.
 481  0.
 482  0.
 483  0.
 484  0.
 485  0.
 486  0.
 487  0.
 488  0.
 489  0.
 490  0.
 491  0.
 492  0.
 493  0.
 494  0.
 495  0.
 496  0.
 497  0.
 498  0.
 499  0.
 500  0.

 1  0.
 2  0.
 3  0.
 4  0.
 5  0.
 6  0.
 7  0.
 8  0.
 9  0.
 10  0.
 11  0.
 12  0.
 13  0.
 14  0.
 15  0.
 16  0.
 17  0.
 18  0.
 19  0.
 20  0.
 21  0.
 22  0.
 23  0.
 24  0.
 25  0.
 26  0.
 27  0.
 28  0.
 29  0.
 30  0.
 31  0.
 32  0.
 33  0.
 34  0.
 35  0.
 36  0.
 37  0.
 38  0.
 39  0.
 40  0.
 41  0.
 42  0.
 43  0.
 44  0.
 45  0.
 46  0.
 47  0.
 48  0.
 49  0.
 50  0.
 51  0.
 52  0.
 53  0.
 54  0.
 55  0.
 56  0.
 57  0.
 58  0.
 59  0.
 60  0.
 61  0.
 62  0.
 63  0.
 64  0.
 65  0.
 66  0.
 67  0.
 68  0.
 69  0.
 70  0.
 71  0.
 72  0.
 73  0.
 74  0.
 75  0.
 76  0.
 77  0.
 78  0.
 79  0.
 80  0.
 81  0.
 82  0.
 83  0.
 84  0.
 85  0.
 86  0.
 87  0.
 88  0.
 89  0.
 90  0.
 91  0.
 92  0.
 93  0.
 94  0.
 95  0.
 96  0.
 97  0.
 98  0.
 99  0.
 100  0.
 101  0.
 102  0.
 103  0.
 104  0.
 105  0.
 106  0.
 107  0.
 108  0.
 109  0.
 110  0.
 111  0.
 112  0.
 113  0.
 114  0.
 115  0.
 116  0.
 117  0.
 118  0.
 119  0.
 120  0.
 121  0.
 122  0.
 123  0.
 124  0.
 125  0.
 126  0.
 127  0.
 128  0.
 129  0.
 130  0.
 131  0.
 132  0.
 133  0.
 134  0.
 135  0.
 136  0.
 137  0.
 138  0.
 139  0.
 140  0.
 141  0.
 142  0.
 143  0.
 144  0.
 145  0.
 146  0.
 147  0.
 148  0.
 149  0.
 150  0.
 151  0.
 152  0.
 153  0.
 154  0.
 155  0.
 156  0.
 157  0.
 158  0.
 159  0.
 160  0.
 161  0.
 162  0.
 163  0.
 164  0.
 165  0.
 166  0.
 167  0.
 168  0.
 169  0.
 170  0.
 171  0.
 172  0.
 173  0.
 174  0.
 175  0.
 176  0.
 177  0.
 178  0.
 179  0.
 180  0.
 181  0.
 182  0.
 183  0.
 184  0.
 185  0.
 186  0.
 187  0.
 188  0.
 189  0.
 190  0.
 191  0.
 192  0.
 193  0.
 194  0.
 195  0.
 196  0.
 197  0.
 198  0.
 199  0.
 200  0.
 201  0.
 202  0.
 203  0.
 204  0.
 205  0.
 206  0.
 207  0.
 208  0.
 209  0.
 210  0.
 211  0.
 212  0.
 213  0.
 214  0.
 215  0.
 216  0.
 217  0.
 218  0.
 219  0.
 220  0.
 221  0.
 222  0.
 223  0.
 224  0.
 225  0.
 226  0.
 227  0.
 228  0.
 229  0.
 230  0.
 231  0.
 232  0.
 233  0.
 234  0.
 235  0.
 236  0.
 237  0.
 238  0.
 239  0.
 240  0.
 241  0.
 242  0.
 243  0.
 244  0.
 245  0.
 246  0.
 247  0.
 248  0.
 249  0.
 250  0.
 251  0.
 252  0.
 253  0.
 254  0.
 255  0.
 256  0.
 257  0.
 258  0.
 259  0.
 260  0.
 261  0.
 262  0.
 263  0.
 264  0.
 265  0.
 266  0.
 267  0.
 268  0.
 269  0.
 270  0.
 271  0.
 272  0.
 273  0.
 274  0.
 275  0.
 276  0.
 277  0.
 278  0.
 279  0.
 280  0.
 281  0.
 282  0.
 283  0.
 284  0.
 285  0.
 286  0.
 287  0.
 288  0.
 289  0.
 290  0.
 291  0.
 292  0.
 293  0.
 294  0.
 295  0.
 296  0.
 297  0.
 298  0.
 299  0.
 300  0.
 301  0.
 302  0.
 303  0.
 304  0.
 305  0.
 306  0.
 307  0.
 308  0.
 309  0.
 310  0.
 311  0.
 312  0.
 313  0.
 314  0.
 315  0.
 316  0.
 317  0.
 318  0.
 319  0.
 320  0.
 321  0.
 322  0.
 323  0.
 324  0.
 325  0.
 326  0.
 327  0.
 328  0.
 329  0.
 330  0.
 331  0.
 332  0.
 333  0.
 334  0.
 335  0.
 336  0.
 337  0.
 338  0.
 339  0.
 340  0.
 341  0.
 342  0.
 343  0.
 344  0.
 345  0.
 346  0.
 347  0.
 348  0.
 349  0.
 350  0.
 351  0.
 352  0.
 353  0.
 354  0.
 355  0.
 356  0.
 357  0.
 358  0.
 359  0.
 360  0.
 361  0.
 362  0.
 363  0.
 364  0.
 365  0.
 366  0.
 367  0.
 368  0.
 369  0.
 370  0.
 371  0.
 372  0.
 373  0.
 374  0.
 375  0.
 376  0.
 377  0.
 378  0.
 379  0.
 380  0.
 381  0.
 382  0.
 383  0.
 384  0.
 385  0.
 386  0.
 387  0.
 388  0.
 389  0.
 390  0.
 391  0.
 392  0.
 393  0.
 394  0.
 395  0.
 396  0.
 397  0.
 398  0.
 399  0.
 400  0.
 401  0.
 402  0.
 403  0.
 404  0.
 405  0.
 406  0.
 407  0.
 408  0.
 409  0.
 410  0.
 411  0.
 412  0.
 413  0.
 414  0.
 415  0.
 416  0.
 417  0.
 418  0.
 419  0.
 420  0.
 421  0.
 422  0.
 423  0.
 424  0.
 425  0.
 426  0.
 427  0.
 428  0.
 429  0.
 430  0.
 431  0.
 432  0.
 433  0.
 434  0.
 435  0.
 436  0.
 437  0.
 438  0.
 439  0.
 440  0.
 441  0.
 442  0.
 443  0.
 444  0.
 445  0.
 446  0.
 447  0.
 448  0.
 449  0.
 450  0.
 451  0.
 452  0.
 453  0.
 454  0.
 455  0.
 456  0.
 457  0.
 458  0.
 459  0.
 460  0.
 461  0.
 462  0.
 463  0.
 464  0.
 465  0.
 466  0.
 467  0.
 468  0.
 469  0.
 470  0.
 471  0.
 472  0.
 473  0.
 474  0.
 475  0.
 476  0.
 477  0.
 478  0.
 479  0.
 480  0.
 481  0.
 482  0.
 483  0.
 484  0.
 485  0.
 486  0.
 487  0.
 488  0.
 489  0.
 490  0.
 491  0.
 492  0.
 493  0.
 494  0.
 495  0.
 496  0.
 497  0.
 498  0.
 499  0.
 500  0.

 1  0.
 2  0.
 3  0.
 4  0.
 5  0.
 6  0.
 7  0.
 8  0.
 9  0.
 10  0.
 11  0.
 12  0.
 13  0.
 14  0.
 15  0.
 16  0.
 17  0.
 18  0.
 19  0.
 20  0.
 21  0.
 22  0.
 23  0.
 24  0.
 25  0.
 26  0.
 27  0.
 28  0.
 29  0.
 30  0.
 31  0.
 32  0.
 33  0.
 34  0.
 35  0.
 36  0.
 37  0.
 38  0.
 39  0.
 40  0.
 41  0.
 42  0.
 43  0.
 44  0.
 45  0.
 46  0.
 47  0.
 48  0.
 49  0.
 50  0.
 51  0.
 52  0.
 53  0.
 54  0.
 55  0.
 56  0.
 57  0.
 58  0.
 59  0.
 60  0.
 61  0.
 62  0.
 63  0.
 64  0.
 65  0.
 66  0.
 67  0.
 68  0.
 69  0.
 70  0.
 71  0.
 72  0.
 73  0.
 74  0.
 75  0.
 76  0.
 77  0.
 78  0.
 79  0.
 80  0.
 81  0.
 82  0.
 83  0.
 84  0.
 85  0.
 86  0.
 87  0.
 88  0.
 89  0.
 90  0.
 91  0.
 92  0.
 93  0.
 94  0.
 95  0.
 96  0.
 97  0.
 98  0.
 99  0.
 100  0.
 101  0.
 102  0.
 103  0.
 104  0.
 105  0.
 106  0.
 107  0.
 108  0.
 109  0.
 110  0.
 111  0.
 112  0.
 113  0.
 114  0.
 115  0.
 116  0.
 117  0.
 118  0.
 119  0.
 120  0.
 121  0.
 122  0.
 123  0.
 124  0.
 125  0.
 126  0.
 127  0.
 128  0.
 129  0.
 130  0.
 131  0.
 132  0.
 133  0.
 134  0.
 135  0.
 136  0.
 137  0.
 138  0.
 139  0.
 140  0.
 141  0.
 142  0.
 143  0.
 144  0.
 145  0.
 146  0.
 147  0.
 148  0.
 149  0.
 150  0.
 151  0.
 152  0.
 153  0.
 154  0.
 155  0.
 156  0.
 157  0.
 158  0.
 159  0.
 160  0.
 161  0.
 162  0.
 163  0.
 164  0.
 165  0.
 166  0.
 167  0.
 168  0.
 169  0.
 170  0.
 171  0.
 172  0.
 173  0.
 174  0.
 175  0.
 176  0.
 177  0.
 178  0.
 179  0.
 180  0.
 181  0.
 182  0.
 183  0.
 184  0.
 185  0.
 186  0.
 187  0.
 188  0.
 189  0.
 190  0.
 191  0.
 192  0.
 193  0.
 194  0.
 195  0.
 196  0.
 197  0.
 198  0.
 199  0.
 200  0.
 201  0.
 202  0.
 203  0.
 204  0.
 205  0.
 206  0.
 207  0.
 208  0.
 209  0.
 210  0.
 211  0.
 212  0.
 213  0.
 214  0.
 215  0.
 216  0.
 217  0.
 218  0.
 219  0.
 220  0.
 221  0.
 222  0.
 223  0.
 224  0.
 225  0.
 226  0.
 227  0.
 228  0.
 229  0.
 230  0.
 231  0.
 232  0.
 233  0.
 234  0.
 235  0.
 236  0.
 237  0.
 238  0.
 239  0.
 240  0.
 241  0.
 242  0.
 243  0.
 244  0.
 245  0.
 246  0.
 247  0.
 248  0.
 249  0.
 250  0.
 251  0.
 252  0.
 253  0.
 254  0.
 255  0.
 256  0.
 257  0.
 258  0.
 259  0.
 260  0.
 261  0.
 262  0.
 263  0.
 264  0.
 265  0.
 266  0.
 267  0.
 268  0.
 269  0.
 270  0.
 271  0.
 272  0.
 273  0.
 274  0.
 275  0.
 276  0.
 277  0.
 278  0.
 279  0.
 280  0.
 281  0.
 282  0.
 283  0.
 284  0.
 285  0.
 286  0.
 287  0.
 288  0.
 289  0.
 290  0.
 291  0.
 292  0.
 293  0.
 294  0.
 295  0.
 296  0.
 297  0.
 298  0.
 299  0.
 300  0.
 301  0.
 302  0.
 303  0.
 304  0.
 305  0.
 306  0.
 307  0.
 308  0.
 309  0.
 310  0.
 311  0.
 312  0.
 313  0.
 314  0.
 315  0.
 316  0.
 317  0.
 318  0.
 319  0.
 320  0.
 321  0.
 322  0.
 323  0.
 324  0.
 325  0.
 326  0.
 327  0.
 328  0.
 329  0.
 330  0.
 331  0.
 332  0.
 333  0.
 334  0.
 335  0.
 336  0.
 337  0.
 338  0.
 339  0.
 340  0.
 341  0.
 342  0.
 343  0.
 344  0.
 345  0.
 346  0.
 347  0.
 348  0.
 349  0.
 350  0.
 351  0.
 352  0.
 353  0.
 354  0.
 355  0.
 356  0.
 357  0.
 358  0.
 359  0.
 360  0.
 361  0.
 362  0.
 363  0.
 364  0.
 365  0.
 366  0.
 367  0.
 368  0.
 369  0.
 370  0.
 371  0.
 372  0.
 373  0.
 374  0.
 375  0.
 376  0.
 377  0.
 378  0.
 379  0.
 380  0.
 381  0.
 382  0.
 383  0.
 384  0.
 385  0.
 386  0.
 387  0.
 388  0.
 389  0.
 390  0.
 391  0.
 392  0.
 393  0.
 394  0.
 395  0.
 396  0.
 397  0.
 398  0.
 399  0.
 400  0.
 401  0.
 402  0.
 403  0.
 404  0.
 405  0.
 406  0.
 407  0.
 408  0.
 409  0.
 410  0.
 411  0.
 412  0.
 413  0.
 414  0.
 415  0.
 416  0.
 417  0.
 418  0.
 419  0.
 420  0.
 421  0.
 422  0.
 423  0.
 424  0.
 425  0.
 426  0.
 427  0.
 428  0.
 429  0.
 430  0.
 431  0.
 432  0.
 433  0.
 434  0.
 435  0.
 436  0.
 437  0.
 438  0.
 439  0.
 440  0.
 441  0.
 442  0.
 443  0.
 444  0.
 445  0.
 446  0.
 447  0.
 448  0.
 449  0.
 450  0.
 451  0.
 452  0.
 453  0.
 454  0.
 455  0.
 456  0.
 457  0.
 458  0.
 459  0.
 460  0.
 461  0.
 462  0.
 463  0.
 464  0.
 465  0.
 466  0.
 467  0.
 468  0.
 469  0.
 470  0.
 471  0.
 472  0.
 473  0.
 474  0.
 475  0.
 476  0.
 477  0.
 478  0.
 479  0.
 480  0.
 481  0.
 482  0.
 483  0.
 484  0.
 485  0.
 486  0.
 487  0.
 488  0.
 489  0.
 490  0.
 491  0.
 492  0.
 493  0.
 494  0.
 495  0.
 496  0.
 497  0.
 498  0.
 499  0.
 500  0.

 1  0.
 2  0.
 3  0.
 4  0.
 5  0.
 6  0.
 7  0.
 8  0.
 9  0.
 10  0.
 11  0.
 12  0.
 13  0.
 14  0.
 15  0.
 16  0.
 17  0.
 18  0.
 19  0.
 20  0.
 21  0.
 22  0.
 23  0.
 24  0.
 25  0.
 26  0.
 27  0.
 28  0.
 29  0.
 30  0.
 31  0.
 32  0.
 33  0.
 34  0.
 35  0.
 36  0.
 37  0.
 38  0.
 39  0.
 40  0.
 41  0.
 42  0.
 43  0.
 44  0.
 45  0.
 46  0.
 47  0.
 48  0.
 49  0.
 50  0.
 51  0.
 52  0.
 53  0.
 54  0.
 55  0.
 56  0.
 57  0.
 58  0.
 59  0.
 60  0.
 61  0.
 62  0.
 63  0.
 64  0.
 65  0.
 66  0.
 67  0.
 68  0.
 69  0.
 70  0.
 71  0.
 72  0.
 73  0.
 74  0.
 75  0.
 76  0.
 77  0.
 78  0.
 79  0.
 80  0.
 81  0.
 82  0.
 83  0.
 84  0.
 85  0.
 86  0.
 87  0.
 88  0.
 89  0.
 90  0.
 91  0.
 92  0.
 93  0.
 94  0.
 95  0.
 96  0.
 97  0.
 98  0.
 99  0.
 100  0.
 101  0.
 102  0.
 103  0.
 104  0.
 105  0.
 106  0.
 107  0.
 108  0.
 109  0.
 110  0.
 111  0.
 112  0.
 113  0.
 114  0.
 115  0.
 116  0.
 117  0.
 118  0.
 119  0.
 120  0.
 121  0.
 122  0.
 123  0.
 124  0.
 125  0.
 126  0.
 127  0.
 128  0.
 129  0.
 130  0.
 131  0.
 132  0.
 133  0.
 134  0.
 135  0.
 136  0.
 137  0.
 138  0.
 139  0.
 140  0.
 141  0.
 142  0.
 143  0.
 144  0.
 145  0.
 146  0.
 147  0.
 148  0.
 149  0.
 150  0.
 151  0.
 152  0.
 153  0.
 154  0.
 155  0.
 156  0.
 157  0.
 158  0.
 159  0.
 160  0.
 161  0.
 162  0.
 163  0.
 164  0.
 165  0.
 166  0.
 167  0.
 168  0.
 169  0.
 170  0.
 171  0.
 172  0.
 173  0.
 174  0.
 175  0.
 176  0.
 177  0.
 178  0.
 179  0.
 180  0.
 181  0.
 182  0.
 183  0.
 184  0.
 185  0.
 186  0.
 187  0.
 188  0.
 189  0.
 190  0.
 191  0.
 192  0.
 193  0.
 194  0.
 195  0.
 196  0.
 197  0.
 198  0.
 199  0.
 200  0.
 201  0.
 202  0.
 203  0.
 204  0.
 205  0.
 206  0.
 207  0.
 208  0.
 209  0.
 210  0.
 211  0.
 212  0.
 213  0.
 214  0.
 215  0.
 216  0.
 217  0.
 218  0.
 219  0.
 220  0.
 221  0.
 222  0.
 223  0.
 224  0.
 225  0.
 226  0.
 227  0.
 228  0.
 229  0.
 230  0.
 231  0.
 232  0.
 233  0.
 234  0.
 235  0.
 236  0.
 237  0.
 238  0.
 239  0.
 240  0.
 241  0.
 242  0.
 243  0.
 244  0.
 245  0.
 246  0.
 247  0.
 248  0.
 249  0.
 250  0.
 251  0.
 252  0.
 253  0.
 254  0.
 255  0.
 256  0.
 257  0.
 258  0.
 259  0.
 260  0.
 261  0.
 262  0.
 263  0.
 264  0.
 265  0.
 266  0.
 267  0.
 268  0.
 269  0.
 270  0.
 271  0.
 272  0.
 273  0.
 274  0.
 275  0.
 276  0.
 277  0.
 278  0.
 279  0.
 280  0.
 281  0.
 282  0.
 283  0.
 284  0.
 285  0.
 286  0.
 287  0.
 288  0.
 289  0.
 290  0.
 291  0.
 292  0.
 293  0.
 294  0.
 295  0.
 296  0.
 297  0.
 298  0.
 299  0.
 300  0.
 301  0.
 302  0.
 303  0.
 304  0.
 305  0.
 306  0.
 307  0.
 308  0.
 309  0.
 310  0.
 311  0.
 312  0.
 313  0.
 314  0.
 315  0.
 316  0.
 317  0.
 318  0.
 319  0.
 320  0.
 321  0.
 322  0.
 323  0.
 324  0.
 325  0.
 326  0.
 327  0.
 328  0.
 329  0.
 330  0.
 331  0.
 332  0.
 333  0.
 334  0.
 335  0.
 336  0.
 337  0.
 338  0.
 339  0.
 340  0.
 341  0.
 342  0.
 343  0.
 344  0.
 345  0.
 346  0.
 347  0.
 348  0.
 349  0.
 350  0.
 351  0.
 352  0.
 353  0.
 354  0.
 355  0.
 356  0.
 357  0.
 358  0.
 359  0.
 360  0.
 361  0.
 362  0.
 363  0.
 364  0.
 365  0.
 366  0.
 367  0.
 368  0.
 369  0.
 370  0.
 371  0.
 372  0.
 373  0.
 374  0.
 375  0.
 376  0.
 377  0.
 378  0.
 379  0.
 380  0.
 381  0.
 382  0.
 383  0.
 384  0.
 385  0.
 386  0.
 387  0.
 388  0.
 389  0.
 390  0.
 391  0.
 392  0.
 393  0.
 394  0.
 395  0.
 396  0.
 397  0.
 398  0.
 399  0.
 400  0.
 401  0.
 402  0.
 403  0.
 404  0.
 405  0.
 406  0.
 407  0.
 408  0.
 409  0.
 410  0.
 411  0.
 412  0.
 413  0.
 414  0.
 415  0.
 416  0.
 417  0.
 418  0.
 419  0.
 420  0.
 421  0.
 422  0.
 423  0.
 424  0.
 425  0.
 426  0.
 427  0.
 428  0.
 429  0.
 430  0.
 431  0.
 432  0.
 433  0.
 434  0.
 435  0.
 436  0.
 437  0.
 438  0.
 439  0.
 440  0.
 441  0.
 442  0.
 443  0.
 444  0.
 445  0.
 446  0.
 447  0.
 448  0.
 449  0.
 450  0.
 451  0.
 452  0.
 453  0.
 454  0.
 455  0.
 456  0.
 457  0.
 458  0.
 459  0.
 460  0.
 461  0.
 462  0.
 463  0.
 464  0.
 465  0.
 466  0.
 467  0.
 468  0.
 469  0.
 470  0.
 471  0.
 472  0.
 473  0.
 474  0.
 475  0.
 476  0.
 477  0.
 478  0.
 479  0.
 480  0.
 481  0.
 482  0.
 483  0.
 484  0.
 485  0.
 486  0.
 487  0.
 488  0.
 489  0.
 490  0.
 491  0.
 492  0.
 493  0.
 494  0.
 495  0.
 496  0.
 497  0.
 498  0.
 499  0.
 500  0.

 1  0.
 2  0.
 3  0.
 4  0.
 5  0.
 6  0.
 7  0.
 8  0.
 9  0.
 10  0.
 11  0.
 12  0.
 13  0.
 14  0.
 15  0.
 16  0.
 17  0.
 18  0.
 19  0.
 20  0.
 21  0.
 22  0.
 23  0.
 24  0.
 25  0.
 26  0.
 27  0.
 28  0.
 29  0.
 30  0.
 31  0.
 32  0.
 33  0.
 34  0.
 35  0.
 36  0.
 37  0.
 38  0.
 39  0.
 40  0.
 41  0.
 42  0.
 43  0.
 44  0.
 45  0.
 46  0.
 47  0.
 48  0.
 49  0.
 50  0.
 51  0.
 52  0.
 53  0.
 54  0.
 55  0.
 56  0.
 57  0.
 58  0.
 59  0.
 60  0.
 61  0.
 62  0.
 63  0.
 64  0.
 65  0.
 66  0.
 67  0.
 68  0.
 69  0.
 70  0.
 71  0.
 72  0.
 73  0.
 74  0.
 75  0.
 76  0.
 77  0.
 78  0.
 79  0.
 80  0.
 81  0.
 82  0.
 83  0.
 84  0.
 85  0.
 86  0.
 87  0.
 88  0.
 89  0.
 90  0.
 91  0.
 92  0.
 93  0.
 94  0.
 95  0.
 96  0.
 97  0.
 98  0.
 99  0.
 100  0.
 101  0.
 102  0.
 103  0.
 104  0.
 105  0.
 106  0.
 107  0.
 108  0.
 109  0.
 110  0.
 111  0.
 112  0.
 113  0.
 114  0.
 115  0.
 116  0.
 117  0.
 118  0.
 119  0.
 120  0.
 121  0.
 122  0.
 123  0.
 124  0.
 125  0.
 126  0.
 127  0.
 128  0.
 129  0.
 130  0.
 131  0.
 132  0.
 133  0.
 134  0.
 135  0.
 136  0.
 137  0.
 138  0.
 139  0.
 140  0.
 141  0.
 142  0.
 143  0.
 144  0.
 145  0.
 146  0.
 147  0.
 148  0.
 149  0.
 150  0.
 151  0.
 152  0.
 153  0.
 154  0.
 155  0.
 156  0.
 157  0.
 158  0.
 159  0.
 160  0.
 161  0.
 162  0.
 163  0.
 164  0.
 165  0.
 166  0.
 167  0.
 168  0.
 169  0.
 170  0.
 171  0.
 172  0.
 173  0.
 174  0.
 175  0.
 176  0.
 177  0.
 178  0.
 179  0.
 180  0.
 181  0.
 182  0.
 183  0.
 184  0.
 185  0.
 186  0.
 187  0.
 188  0.
 189  0.
 190  0.
 191  0.
 192  0.
 193  0.
 194  0.
 195  0.
 196  0.
 197  0.
 198  0.
 199  0.
 200  0.
 201  0.
 202  0.
 203  0.
 204  0.
 205  0.
 206  0.
 207  0.
 208  0.
 209  0.
 210  0.
 211  0.
 212  0.
 213  0.
 214  0.
 215  0.
 216  0.
 217  0.
 218  0.
 219  0.
 220  0.
 221  0.
 222  0.
 223  0.
 224  0.
 225  0.
 226  0.
 227  0.
 228  0.
 229  0.
 230  0.
 231  0.
 232  0.
 233  0.
 234  0.
 235  0.
 236  0.
 237  0.
 238  0.
 239  0.
 240  0.
 241  0.
 242  0.
 243  0.
 244  0.
 245  0.
 246  0.
 247  0.
 248  0.
 249  0.
 250  0.
 251  0.
 252  0.
 253  0.
 254  0.
 255  0.
 256  0.
 257  0.
 258  0.
 259  0.
 260  0.
 261  0.
 262  0.
 263  0.
 264  0.
 265  0.
 266  0.
 267  0.
 268  0.
 269  0.
 270  0.
 271  0.
 272  0.
 273  0.
 274  0.
 275  0.
 276  0.
 277  0.
 278  0.
 279  0.
 280  0.
 281  0.
 282  0.
 283  0.
 284  0.
 285  0.
 286  0.
 287  0.
 288  0.
 289  0.
 290  0.
 291  0.
 292  0.
 293  0.
 294  0.
 295  0.
 296  0.
 297  0.
 298  0.
 299  0.
 300  0.
 301  0.
 302  0.
 303  0.
 304  0.
 305  0.
 306  0.
 307  0.
 308  0.
 309  0.
 310  0.
 311  0.
 312  0.
 313  0.
 314  0.
 315  0.
 316  0.
 317  0.
 318  0.
 319  0.
 320  0.
 321  0.
 322  0.
 323  0.
 324  0.
 325  0.
 326  0.
 327  0.
 328  0.
 329  0.
 330  0.
 331  0.
 332  0.
 333  0.
 334  0.
 335  0.
 336  0.
 337  0.
 338  0.
 339  0.
 340  0.
 341  0.
 342  0.
 343  0.
 344  0.
 345  0.
 346  0.
 347  0.
 348  0.
 349  0.
 350  0.
 351  0.
 352  0.
 353  0.
 354  0.
 355  0.
 356  0.
 357  0.
 358  0.
 359  0.
 360  0.
 361  0.
 362  0.
 363  0.
 364  0.
 365  0.
 366  0.
 367  0.
 368  0.
 369  0.
 370  0.
 371  0.
 372  0.
 373  0.
 374  0.
 375  0.
 376  0.
 377  0.
 378  0.
 379  0.
 380  0.
 381  0.
 382  0.
 383  0.
 384  0.
 385  0.
 386  0.
 387  0.
 388  0.
 389  0.
 390  0.
 391  0.
 392  0.
 393  0.
 394  0.
 395  0.
 396  0.
 397  0.
 398  0.
 399  0.
 400  0.
 401  0.
 402  0.
 403  0.
 404  0.
 405  0.
 406  0.
 407  0.
 408  0.
 409  0.
 410  0.
 411  0.
 412  0.
 413  0.
 414  0.
 415  0.
 416  0.
 417  0.
 418  0.
 419  0.
 420  0.
 421  0.
 422  0.
 423  0.
 424  0.
 425  0.
 426  0.
 427  0.
 428  0.
 429  0.
 430  0.
 431  0.
 432  0.
 433  0.
 434  0.
 435  0.
 436  0.
 437  0.
 438  0.
 439  0.
 440  0.
 441  0.
 442  0.
 443  0.
 444  0.
 445  0.
 446  0.
 447  0.
 448  0.
 449  0.
 450  0.
 451  0.
 452  0.
 453  0.
 454  0.
 455  0.
 456  0.
 457  0.
 458  0.
 459  0.
 460  0.
 461  0.
 462  0.
 463  0.
 464  0.
 465  0.
 466  0.
 467  0.
 468  0.
 469  0.
 470  0.
 471  0.
 472  0.
 473  0.
 474  0.
 475  0.
 476  0.
 477  0.
 478  0.
 479  0.
 480  0.
 481  0.
 482  0.
 483  0.
 484  0.
 485  0.
 486  0.
 487  0.
 488  0.
 489  0.
 490  0.
 491  0.
 492  0.
 493  0.
 494  0.
 495  0.
 496  0.
 497  0.
 498  0.
 499  0.
 500  0.

 1  0.
 2  0.
 3  0.
 4  0.
 5  0.
 6  0.
 7  0.
 8  0.
 9  0.
 10  0.
 11  0.
 12  0.
 13  0.
 14  0.
 15  0.
 16  0.
 17  0.
 18  0.
 19  0.
 20  0.
 21  0.
 22  0.
 23  0.
 24  0.
 25  0.
 26  0.
 27  0.
 28  0.
 29  0.
 30  0.
 31  0.
 32  0.
 33  0.
 34  0.
 35  0.
 36  0.
 37  0.
 38  0.
 39  0.
 40  0.
 41  0.
 42  0.
 43  0.
 44  0.
 45  0.
 46  0.
 47  0.
 48  0.
 49  0.
 50  0.
 51  0.
 52  0.
 53  0.
 54  0.
 55  0.
 56  0.
 57  0.
 58  0.
 59  0.
 60  0.
 61  0.
 62  0.
 63  0.
 64  0.
 65  0.
 66  0.
 67  0.
 68  0.
 69  0.
 70  0.
 71  0.
 72  0.
 73  0.
 74  0.
 75  0.
 76  0.
 77  0.
 78  0.
 79  0.
 80  0.
 81  0.
 82  0.
 83  0.
 84  0.
 85  0.
 86  0.
 87  0.
 88  0.
 89  0.
 90  0.
 91  0.
 92  0.
 93  0.
 94  0.
 95  0.
 96  0.
 97  0.
 98  0.
 99  0.
 100  0.
 101  0.
 102  0.
 103  0.
 104  0.
 105  0.
 106  0.
 107  0.
 108  0.
 109  0.
 110  0.
 111  0.
 112  0.
 113  0.
 114  0.
 115  0.
 116  0.
 117  0.
 118  0.
 119  0.
 120  0.
 121  0.
 122  0.
 123  0.
 124  0.
 125  0.
 126  0.
 127  0.
 128  0.
 129  0.
 130  0.
 131  0.
 132  0.
 133  0.
 134  0.
 135  0.
 136  0.
 137  0.
 138  0.
 139  0.
 140  0.
 141  0.
 142  0.
 143  0.
 144  0.
 145  0.
 146  0.
 147  0.
 148  0.
 149  0.
 150  0.
 151  0.
 152  0.
 153  0.
 154  0.
 155  0.
 156  0.
 157  0.
 158  0.
 159  0.
 160  0.
 161  0.
 162  0.
 163  0.
 164  0.
 165  0.
 166  0.
 167  0.
 168  0.
 169  0.
 170  0.
 171  0.
 172  0.
 173  0.
 174  0.
 175  0.
 176  0.
 177  0.
 178  0.
 179  0.
 180  0.
 181  0.
 182  0.
 183  0.
 184  0.
 185  0.
 186  0.
 187  0.
 188  0.
 189  0.
 190  0.
 191  0.
 192  0.
 193  0.
 194  0.
 195  0.
 196  0.
 197  0.
 198  0.
 199  0.
 200  0.
 201  0.
 202  0.
 203  0.
 204  0.
 205  0.
 206  0.
 207  0.
 208  0.
 209  0.
 210  0.
 211  0.
 212  0.
 213  0.
 214  0.
 215  0.
 216  0.
 217  0.
 218  0.
 219  0.
 220  0.
 221  0.
 222  0.
 223  0.
 224  0.
 225  0.
 226  0.
 227  0.
 228  0.
 229  0.
 230  0.
 231  0.
 232  0.
 233  0.
 234  0.
 235  0.
 236  0.
 237  0.
 238  0.
 239  0.
 240  0.
 241  0.
 242  0.
 243  0.
 244  0.
 245  0.
 246  0.
 247  0.
 248  0.
 249  0.
 250  0.
 251  0.
 252  0.
 253  0.
 254  0.
 255  0.
 256  0.
 257  0.
 258  0.
 259  0.
 260  0.
 261  0.
 262  0.
 263  0.
 264  0.
 265  0.
 266  0.
 267  0.
 268  0.
 269  0.
 270  0.
 271  0.
 272  0.
 273  0.
 274  0.
 275  0.
 276  0.
 277  0.
 278  0.
 279  0.
 280  0.
 281  0.
 282  0.
 283  0.
 284  0.
 285  0.
 286  0.
 287  0.
 288  0.
 289  0.
 290  0.
 291  0.
 292  0.
 293  0.
 294  0.
 295  0.
 296  0.
 297  0.
 298  0.
 299  0.
 300  0.
 301  0.
 302  0.
 303  0.
 304  0.
 305  0.
 306  0.
 307  0.
 308  0.
 309  0.
 310  0.
 311  0.
 312  0.
 313  0.
 314  0.
 315  0.
 316  0.
 317  0.
 318  0.
 319  0.
 320  0.
 321  0.
 322  0.
 323  0.
 324  0.
 325  0.
 326  0.
 327  0.
 328  0.
 329  0.
 330  0.
 331  0.
 332  0.
 333  0.
 334  0.
 335  0.
 336  0.
 337  0.
 338  0.
 339  0.
 340  0.
 341  0.
 342  0.
 343  0.
 344  0.
 345  0.
 346  0.
 347  0.
 348  0.
 349  0.
 350  0.
 351  0.
 352  0.
 353  0.
 354  0.
 355  0.
 356  0.
 357  0.
 358  0.
 359  0.
 360  0.
 361  0.
 362  0.
 363  0.
 364  0.
 365  0.
 366  0.
 367  0.
 368  0.
 369  0.
 370  0.
 371  0.
 372  0.
 373  0.
 374  0.
 375  0.
 376  0.
 377  0.
 378  0.
 379  0.
 380  0.
 381  0.
 382  0.
 383  0.
 384  0.
 385  0.
 386  0.
 387  0.
 388  0.
 389  0.
 390  0.
 391  0.
 392  0.
 393  0.
 394  0.
 395  0.
 396  0.
 397  0.
 398  0.
 399  0.
 400  0.
 401  0.
 402  0.
 403  0.
 404  0.
 405  0.
 406  0.
 407  0.
 408  0.
 409  0.
 410  0.
 411  0.
 412  0.
 413  0.
 414  0.
 415  0.
 416  0.
 417  0.
 418  0.
 419  0.
 420  0.
 421  0.
 422  0.
 423  0.
 424  0.
 425  0.
 426  0.
 427  0.
 428  0.
 429  0.
 430  0.
 431  0.
 432  0.
 433  0.
 434  0.
 435  0.
 436  0.
 437  0.
 438  0.
 439  0.
 440  0.
 441  0.
 442  0.
 443  0.
 444  0.
 445  0.
 446  0.
 447  0.
 448  0.
 449  0.
 450  0.
 451  0.
 452  0.
 453  0.
 454  0.
 455  0.
 456  0.
 457  0.
 458  0.
 459  0.
 460  0.
 461  0.
 462  0.
 463  0.
 464  0.
 465  0.
 466  0.
 467  0.
 468  0.
 469  0.
 470  0.
 471  0.
 472  0.
 473  0.
 474  0.
 475  0.
 476  0.
 477  0.
 478  0.
 479  0.
 480  0.
 481  0.
 482  0.
 483  0.
 484  0.
 485  0.
 486  0.
 487  0.
 488  0.
 489  0.
 490  0.
 491  0.
 492  0.
 493  0.
 494  0.
 495  0.
 496  0.
 497  0.
 498  0.
 499  0.
 500  0.

 1  0.
 2  0.
 3  0.
 4  0.
 5  0.
 6  0.
 7  0.
 8  0.
 9  0.
 10  0.
 11  0.
 12  0.
 13  0.
 14  0.
 15  0.
 16  0.
 17  0.
 18  0.
 19  0.
 20  0.
 21  0.
 22  0.
 23  0.
 24  0.
 25  0.
 26  0.
 27  0.
 28  0.
 29  0.
 30  0.
 31  0.
 32  0.
 33  0.
 34  0.
 35  0.
 36  0.
 37  0.
 38  0.
 39  0.
 40  0.
 41  0.
 42  0.
 43  0.
 44  0.
 45  0.
 46  0.
 47  0.
 48  0.
 49  0.
 50  0.
 51  0.
 52  0.
 53  0.
 54  0.
 55  0.
 56  0.
 57  0.
 58  0.
 59  0.
 60  0.
 61  0.
 62  0.
 63  0.
 64  0.
 65  0.
 66  0.
 67  0.
 68  0.
 69  0.
 70  0.
 71  0.
 72  0.
 73  0.
 74  0.
 75  0.
 76  0.
 77  0.
 78  0.
 79  0.
 80  0.
 81  0.
 82  0.
 83  0.
 84  0.
 85  0.
 86  0.
 87  0.
 88  0.
 89  0.
 90  0.
 91  0.
 92  0.
 93  0.
 94  0.
 95  0.
 96  0.
 97  0.
 98  0.
 99  0.
 100  0.
 101  0.
 102  0.
 103  0.
 104  0.
 105  0.
 106  0.
 107  0.
 108  0.
 109  0.
 110  0.
 111  0.
 112  0.
 113  0.
 114  0.
 115  0.
 116  0.
 117  0.
 118  0.
 119  0.
 120  0.
 121  0.
 122  0.
 123  0.
 124  0.
 125  0.
 126  0.
 127  0.
 128  0.
 129  0.
 130  0.
 131  0.
 132  0.
 133  0.
 134  0.
 135  0.
 136  0.
 137  0.
 138  0.
 139  0.
 140  0.
 141  0.
 142  0.
 143  0.
 144  0.
 145  0.
 146  0.
 147  0.
 148  0.
 149  0.
 150  0.
 151  0.
 152  0.
 153  0.
 154  0.
 155  0.
 156  0.
 157  0.
 158  0.
 159  0.
 160  0.
 161  0.
 162  0.
 163  0.
 164  0.
 165  0.
 166  0.
 167  0.
 168  0.
 169  0.
 170  0.
 171  0.
 172  0.
 173  0.
 174  0.
 175  0.
 176  0.
 177  0.
 178  0.
 179  0.
 180  0.
 181  0.
 182  0.
 183  0.
 184  0.
 185  0.
 186  0.
 187  0.
 188  0.
 189  0.
 190  0.
 191  0.
 192  0.
 193  0.
 194  0.
 195  0.
 196  0.
 197  0.
 198  0.
 199  0.
 200  0.
 201  0.
 202  0.
 203  0.
 204  0.
 205  0.
 206  0.
 207  0.
 208  0.
 209  0.
 210  0.
 211  0.
 212  0.
 213  0.
 214  0.
 215  0.
 216  0.
 217  0.
 218  0.
 219  0.
 220  0.
 221  0.
 222  0.
 223  0.
 224  0.
 225  0.
 226  0.
 227  0.
 228  0.
 229  0.
 230  0.
 231  0.
 232  0.
 233  0.
 234  0.
 235  0.
 236  0.
 237  0.
 238  0.
 239  0.
 240  0.
 241  0.
 242  0.
 243  0.
 244  0.
 245  0.
 246  0.
 247  0.
 248  0.
 249  0.
 250  0.
 251  0.
 252  0.
 253  0.
 254  0.
 255  0.
 256  0.
 257  0.
 258  0.
 259  0.
 260  0.
 261  0.
 262  0.
 263  0.
 264  0.
 265  0.
 266  0.
 267  0.
 268  0.
 269  0.
 270  0.
 271  0.
 272  0.
 273  0.
 274  0.
 275  0.
 276  0.
 277  0.
 278  0.
 279  0.
 280  0.
 281  0.
 282  0.
 283  0.
 284  0.
 285  0.
 286  0.
 287  0.
 288  0.
 289  0.
 290  0.
 291  0.
 292  0.
 293  0.
 294  0.
 295  0.
 296  0.
 297  0.
 298  0.
 299  0.
 300  0.
 301  0.
 302  0.
 303  0.
 304  0.
 305  0.
 306  0.
 307  0.
 308  0.
 309  0.
 310  0.
 311  0.
 312  0.
 313  0.
 314  0.
 315  0.
 316  0.
 317  0.
 318  0.
 319  0.
 320  0.
 321  0.
 322  0.
 323  0.
 324  0.
 325  0.
 326  0.
 327  0.
 328  0.
 329  0.
 330  0.
 331  0.
 332  0.
 333  0.
 334  0.
 335  0.
 336  0.
 337  0.
 338  0.
 339  0.
 340  0.
 341  0.
 342  0.
 343  0.
 344  0.
 345  0.
 346  0.
 347  0.
 348  0.
 349  0.
 350  0.
 351  0.
 352  0.
 353  0.
 354  0.
 355  0.
 356  0.
 357  0.
 358  0.
 359  0.
 360  0.
 361  0.
 362  0.
 363  0.
 364  0.
 365  0.
 366  0.
 367  0.
 368  0.
 369  0.
 370  0.
 371  0.
 372  0.
 373  0.
 374  0.
 375  0.
 376  0.
 377  0.
 378  0.
 379  0.
 380  0.
 381  0.
 382  0.
 383  0.
 384  0.
 385  0.
 386  0.
 387  0.
 388  0.
 389  0.
 390  0.
 391  0.
 392  0.
 393  0.
 394  0.
 395  0.
 396  0.
 397  0.
 398  0.
 399  0.
 400  0.
 401  0.
 402  0.
 403  0.
 404  0.
 405  0.
 406  0.
 407  0.
 408  0.
 409  0.
 410  0.
 411  0.
 412  0.
 413  0.
 414  0.
 415  0.
 416  0.
 417  0.
 418  0.
 419  0.
 420  0.
 421  0.
 422  0.
 423  0.
 424  0.
 425  0.
 426  0.
 427  0.
 428  0.
 429  0.
 430  0.
 431  0.
 432  0.
 433  0.
 434  0.
 435  0.
 436  0.
 437  0.
 438  0.
 439  0.
 440  0.
 441  0.
 442  0.
 443  0.
 444  0.
 445  0.
 446  0.
 447  0.
 448  0.
 449  0.
 450  0.
 451  0.
 452  0.
 453  0.
 454  0.
 455  0.
 456  0.
 457  0.
 458  0.
 459  0.
 460  0.
 461  0.
 462  0.
 463  0.
 464  0.
 465  0.
 466  0.
 467  0.
 468  0.
 469  0.
 470  0.
 471  0.
 472  0.
 473  0.
 474  0.
 475  0.
 476  0.
 477  0.
 478  0.
 479  0.
 480  0.
 481  0.
 482  0.
 483  0.
 484  0.
 485  0.
 486  0.
 487  0.
 488  0.
 489  0.
 490  0.
 491  0.
 492  0.
 493  0.
 494  0.
 495  0.
 496  0.
 497  0.
 498  0.
 499  0.
 500  0.

 1  0.
 2  0.
 3  0.
 4  0.
 5  0.
 6  0.
 7  0.
 8  0.
 9  0.
 10  0.
 11  0.
 12  0.
 13  0.
 14  0.
 15  0.
 16  0.
 17  0.
 18  0.
 19  0.
 20  0.
 21  0.
 22  0.
 23  0.
 24  0.
 25  0.
 26  0.
 27  0.
 28  0.
 29  0.
 30  0.
 31  0.
 32  0.
 33  0.
 34  0.
 35  0.
 36  0.
 37  0.
 38  0.
 39  0.
 40  0.
 41  0.
 42  0.
 43  0.
 44  0.
 45  0.
 46  0.
 47  0.
 48  0.
 49  0.
 50  0.
 51  0.
 52  0.
 53  0.
 54  0.
 55  0.
 56  0.
 57  0.
 58  0.
 59  0.
 60  0.
 61  0.
 62  0.
 63  0.
 64  0.
 65  0.
 66  0.
 67  0.
 68  0.
 69  0.
 70  0.
 71  0.
 72  0.
 73  0.
 74  0.
 75  0.
 76  0.
 77  0.
 78  0.
 79  0.
 80  0.
 81  0.
 82  0.
 83  0.
 84  0.
 85  0.
 86  0.
 87  0.
 88  0.
 89  0.
 90  0.
 91  0.
 92  0.
 93  0.
 94  0.
 95  0.
 96  0.
 97  0.
 98  0.
 99  0.
 100  0.
 101  0.
 102  0.
 103  0.
 104  0.
 105  0.
 106  0.
 107  0.
 108  0.
 109  0.
 110  0.
 111  0.
 112  0.
 113  0.
 114  0.
 115  0.
 116  0.
 117  0.
 118  0.
 119  0.
 120  0.
 121  0.
 122  0.
 123  0.
 124  0.
 125  0.
 126  0.
 127  0.
 128  0.
 129  0.
 130  0.
 131  0.
 132  0.
 133  0.
 134  0.
 135  0.
 136  0.
 137  0.
 138  0.
 139  0.
 140  0.
 141  0.
 142  0.
 143  0.
 144  0.
 145  0.
 146  0.
 147  0.
 148  0.
 149  0.
 150  0.
 151  0.
 152  0.
 153  0.
 154  0.
 155  0.
 156  0.
 157  0.
 158  0.
 159  0.
 160  0.
 161  0.
 162  0.
 163  0.
 164  0.
 165  0.
 166  0.
 167  0.
 168  0.
 169  0.
 170  0.
 171  0.
 172  0.
 173  0.
 174  0.
 175  0.
 176  0.
 177  0.
 178  0.
 179  0.
 180  0.
 181  0.
 182  0.
 183  0.
 184  0.
 185  0.
 186  0.
 187  0.
 188  0.
 189  0.
 190  0.
 191  0.
 192  0.
 193  0.
 194  0.
 195  0.
 196  0.
 197  0.
 198  0.
 199  0.
 200  0.
 201  0.
 202  0.
 203  0.
 204  0.
 205  0.
 206  0.
 207  0.
 208  0.
 209  0.
 210  0.
 211  0.
 212  0.
 213  0.
 214  0.
 215  0.
 216  0.
 217  0.
 218  0.
 219  0.
 220  0.
 221  0.
 222  0.
 223  0.
 224  0.
 225  0.
 226  0.
 227  0.
 228  0.
 229  0.
 230  0.
 231  0.
 232  0.
 233  0.
 234  0.
 235  0.
 236  0.
 237  0.
 238  0.
 239  0.
 240  0.
 241  0.
 242  0.
 243  0.
 244  0.
 245  0.
 246  0.
 247  0.
 248  0.
 249  0.
 250  0.
 251  0.
 252  0.
 253  0.
 254  0.
 255  0.
 256  0.
 257  0.
 258  0.
 259  0.
 260  0.
 261  0.
 262  0.
 263  0.
 264  0.
 265  0.
 266  0.
 267  0.
 268  0.
 269  0.
 270  0.
 271  0.
 272  0.
 273  0.
 274  0.
 275  0.
 276  0.
 277  0.
 278  0.
 279  0.
 280  0.
 281  0.
 282  0.
 283  0.
 284  0.
 285  0.
 286  0.
 287  0.
 288  0.
 289  0.
 290  0.
 291  0.
 292  0.
 293  0.
 294  0.
 295  0.
 296  0.
 297  0.
 298  0.
 299  0.
 300  0.
 301  0.
 302  0.
 303  0.
 304  0.
 305  0.
 306  0.
 307  0.
 308  0.
 309  0.
 310  0.
 311  0.
 312  0.
 313  0.
 314  0.
 315  0.
 316  0.
 317  0.
 318  0.
 319  0.
 320  0.
 321  0.
 322  0.
 323  0.
 324  0.
 325  0.
 326  0.
 327  0.
 328  0.
 329  0.
 330  0.
 331  0.
 332  0.
 333  0.
 334  0.
 335  0.
 336  0.
 337  0.
 338  0.
 339  0.
 340  0.
 341  0.
 342  0.
 343  0.
 344  0.
 345  0.
 346  0.
 347  0.
 348  0.
 349  0.
 350  0.
 351  0.
 352  0.
 353  0.
 354  0.
 355  0.
 356  0.
 357  0.
 358  0.
 359  0.
 360  0.
 361  0.
 362  0.
 363  0.
 364  0.
 365  0.
 366  0.
 367  0.
 368  0.
 369  0.
 370  0.
 371  0.
 372  0.
 373  0.
 374  0.
 375  0.
 376  0.
 377  0.
 378  0.
 379  0.
 380  0.
 381  0.
 382  0.
 383  0.
 384  0.
 385  0.
 386  0.
 387  0.
 388  0.
 389  0.
 390  0.
 391  0.
 392  0.
 393  0.
 394  0.
 395  0.
 396  0.
 397  0.
 398  0.
 399  0.
 400  0.
 401  0.
 402  0.
 403  0.
 404  0.
 405  0.
 406  0.
 407  0.
 408  0.
 409  0.
 410  0.
 411  0.
 412  0.
 413  0.
 414  0.
 415  0.
 416  0.
 417  0.
 418  0.
 419  0.
 420  0.
 421  0.
 422  0.
 423  0.
 424  0.
 425  0.
 426  0.
 427  0.
 428  0.
 429  0.
 430  0.
 431  0.
 432  0.
 433  0.
 434  0.
 435  0.
 436  0.
 437  0.
 438  0.
 439  0.
 440  0.
 441  0.
 442  0.
 443  0.
 444  0.
 445  0.
 446  0.
 447  0.
 448  0.
 449  0.
 450  0.
 451  0.
 452  0.
 453  0.
 454  0.
 455  0.
 456  0.
 457  0.
 458  0.
 459  0.
 460  0.
 461  0.
 462  0.
 463  0.
 464  0.
 465  0.
 466  0.
 467  0.
 468  0.
 469  0.
 470  0.
 471  0.
 472  0.
 473  0.
 474  0.
 475  0.
 476  0.
 477  0.
 478  0.
 479  0.
 480  0.
 481  0.
 482  0.
 483  0.
 484  0.
 485  0.
 486  0.
 487  0.
 488  0.
 489  0.
 490  0.
 491  0.
 492  0.
 493  0.
 494  0.
 495  0.
 496  0.
 497  0.
 498  0.
 499  0.
 500  0.

 1  0.
 2  0.
 3  0.
 4  0.
 5  0.
 6  0.
 7  0.
 8  0.
 9  0.
 10  0.
 11  0.
 12  0.
 13  0.
 14  0.
 15  0.
 16  0.
 17  0.
 18  0.
 19  0.
 20  0.
 21  0.
 22  0.
 23  0.
 24  0.
 25  0.
 26  0.
 27  0.
 28  0.
 29  0.
 30  0.
 31  0.
 32  0.
 33  0.
 34  0.
 35  0.
 36  0.
 37  0.
 38  0.
 39  0.
 40  0.
 41  0.
 42  0.
 43  0.
 44  0.
 45  0.
 46  0.
 47  0.
 48  0.
 49  0.
 50  0.
 51  0.
 52  0.
 53  0.
 54  0.
 55  0.
 56  0.
 57  0.
 58  0.
 59  0.
 60  0.
 61  0.
 62  0.
 63  0.
 64  0.
 65  0.
 66  0.
 67  0.
 68  0.
 69  0.
 70  0.
 71  0.
 72  0.
 73  0.
 74  0.
 75  0.
 76  0.
 77  0.
 78  0.
 79  0.
 80  0.
 81  0.
 82  0.
 83  0.
 84  0.
 85  0.
 86  0.
 87  0.
 88  0.
 89  0.
 90  0.
 91  0.
 92  0.
 93  0.
 94  0.
 95  0.
 96  0.
 97  0.
 98  0.
 99  0.
 100  0.
 101  0.
 102  0.
 103  0.
 104  0.
 105  0.
 106  0.
 107  0.
 108  0.
 109  0.
 110  0.
 111  0.
 112  0.
 113  0.
 114  0.
 115  0.
 116  0.
 117  0.
 118  0.
 119  0.
 120  0.
 121  0.
 122  0.
 123  0.
 124  0.
 125  0.
 126  0.
 127  0.
 128  0.
 129  0.
 130  0.
 131  0.
 132  0.
 133  0.
 134  0.
 135  0.
 136  0.
 137  0.
 138  0.
 139  0.
 140  0.
 141  0.
 142  0.
 143  0.
 144  0.
 145  0.
 146  0.
 147  0.
 148  0.
 149  0.
 150  0.
 151  0.
 152  0.
 153  0.
 154  0.
 155  0.
 156  0.
 157  0.
 158  0.
 159  0.
 160  0.
 161  0.
 162  0.
 163  0.
 164  0.
 165  0.
 166  0.
 167  0.
 168  0.
 169  0.
 170  0.
 171  0.
 172  0.
 173  0.
 174  0.
 175  0.
 176  0.
 177  0.
 178  0.
 179  0.
 180  0.
 181  0.
 182  0.
 183  0.
 184  0.
 185  0.
 186  0.
 187  0.
 188  0.
 189  0.
 190  0.
 191  0.
 192  0.
 193  0.
 194  0.
 195  0.
 196  0.
 197  0.
 198  0.
 199  0.
 200  0.
 201  0.
 202  0.
 203  0.
 204  0.
 205  0.
 206  0.
 207  0.
 208  0.
 209  0.
 210  0.
 211  0.
 212  0.
 213  0.
 214  0.
 215  0.
 216  0.
 217  0.
 218  0.
 219  0.
 220  0.
 221  0.
 222  0.
 223  0.
 224  0.
 225  0.
 226  0.
 227  0.
 228  0.
 229  0.
 230  0.
 231  0.
 232  0.
 233  0.
 234  0.
 235  0.
 236  0.
 237  0.
 238  0.
 239  0.
 240  0.
 241  0.
 242  0.
 243  0.
 244  0.
 245  0.
 246  0.
 247  0.
 248  0.
 249  0.
 250  0.
 251  0.
 252  0.
 253  0.
 254  0.
 255  0.
 256  0.
 257  0.
 258  0.
 259  0.
 260  0.
 261  0.
 262  0.
 263  0.
 264  0.
 265  0.
 266  0.
 267  0.
 268  0.
 269  0.
 270  0.
 271  0.
 272  0.
 273  0.
 274  0.
 275  0.
 276  0.
 277  0.
 278  0.
 279  0.
 280  0.
 281  0.
 282  0.
 283  0.
 284  0.
 285  0.
 286  0.
 287  0.
 288  0.
 289  0.
 290  0.
 291  0.
 292  0.
 293  0.
 294  0.
 295  0.
 296  0.
 297  0.
 298  0.
 299  0.
 300  0.
 301  0.
 302  0.
 303  0.
 304  0.
 305  0.
 306  0.
 307  0.
 308  0.
 309  0.
 310  0.
 311  0.
 312  0.
 313  0.
 314  0.
 315  0.
 316  0.
 317  0.
 318  0.
 319  0.
 320  0.
 321  0.
 322  0.
 323  0.
 324  0.
 325  0.
 326  0.
 327  0.
 328  0.
 329  0.
 330  0.
 331  0.
 332  0.
 333  0.
 334  0.
 335  0.
 336  0.
 337  0.
 338  0.
 339  0.
 340  0.
 341  0.
 342  0.
 343  0.
 344  0.
 345  0.
 346  0.
 347  0.
 348  0.
 349  0.
 350  0.
 351  0.
 352  0.
 353  0.
 354  0.
 355  0.
 356  0.
 357  0.
 358  0.
 359  0.
 360  0.
 361  0.
 362  0.
 363  0.
 364  0.
 365  0.
 366  0.
 367  0.
 368  0.
 369  0.
 370  0.
 371  0.
 372  0.
 373  0.
 374  0.
 375  0.
 376  0.
 377  0.
 378  0.
 379  0.
 380  0.
 381  0.
 382  0.
 383  0.
 384  0.
 385  0.
 386  0.
 387  0.
 388  0.
 389  0.
 390  0.
 391  0.
 392  0.
 393  0.
 394  0.
 395  0.
 396  0.
 397  0.
 398  0.
 399  0.
 400  0.
 401  0.
 402  0.
 403  0.
 404  0.
 405  0.
 406  0.
 407  0.
 408  0.
 409  0.
 410  0.
 411  0.
 412  0.
 413  0.
 414  0.
 415  0.
 416  0.
 417  0.
 418  0.
 419  0.
 420  0.
 421  0.
 422  0.
 423  0.
 424  0.
 425  0.
 426  0.
 427  0.
 428  0.
 429  0.
 430  0.
 431  0.
 432  0.
 433  0.
 434  0.
 435  0.
 436  0.
 437  0.
 438  0.
 439  0.
 440  0.
 441  0.
 442  0.
 443  0.
 444  0.
 445  0.
 446  0.
 447  0.
 448  0.
 449  0.
 450  0.
 451  0.
 452  0.
 453  0.
 454  0.
 455  0.
 456  0.
 457  0.
 458  0.
 459  0.
 460  0.
 461  0.
 462  0.
 463  0.
 464  0.
 465  0.
 466  0.
 467  0.
 468  0.
 469  0.
 470  0.
 471  0.
 472  0.
 473  0.
 474  0.
 475  0.
 476  0.
 477  0.
 478  0.
 479  0.
 480  0.
 481  0.
 482  0.
 483  0.
 484  0.
 485  0.
 486  0.
 487  0.
 488  0.
 489  0.
 490  0.
 491  0.
 492  0.
 493  0.
 494  0.
 495  0.
 496  0.
 497  0.
 498  0.
 499  0.
 500  0.

 1  0.
 2  0.
 3  0.
 4  0.
 5  0.
 6  0.
 7  0.
 8  0.
 9  0.
 10  0.
 11  0.
 12  0.
 13  0.
 14  0.
 15  0.
 16  0.
 17  0.
 18  0.
 19  0.
 20  0.
 21  0.
 22  0.
 23  0.
 24  0.
 25  0.
 26  0.
 27  0.
 28  0.
 29  0.
 30  0.
 31  0.
 32  0.
 33  0.
 34  0.
 35  0.
 36  0.
 37  0.
 38  0.
 39  0.
 40  0.
 41  0.
 42  0.
 43  0.
 44  0.
 45  0.
 46  0.
 47  0.
 48  0.
 49  0.
 50  0.
 51  0.
 52  0.
 53  0.
 54  0.
 55  0.
 56  0.
 57  0.
 58  0.
 59  0.
 60  0.
 61  0.
 62  0.
 63  0.
 64  0.
 65  0.
 66  0.
 67  0.
 68  0.
 69  0.
 70  0.
 71  0.
 72  0.
 73  0.
 74  0.
 75  0.
 76  0.
 77  0.
 78  0.
 79  0.
 80  0.
 81  0.
 82  0.
 83  0.
 84  0.
 85  0.
 86  0.
 87  0.
 88  0.
 89  0.
 90  0.
 91  0.
 92  0.
 93  0.
 94  0.
 95  0.
 96  0.
 97  0.
 98  0.
 99  0.
 100  0.
 101  0.
 102  0.
 103  0.
 104  0.
 105  0.
 106  0.
 107  0.
 108  0.
 109  0.
 110  0.
 111  0.
 112  0.
 113  0.
 114  0.
 115  0.
 116  0.
 117  0.
 118  0.
 119  0.
 120  0.
 121  0.
 122  0.
 123  0.
 124  0.
 125  0.
 126  0.
 127  0.
 128  0.
 129  0.
 130  0.
 131  0.
 132  0.
 133  0.
 134  0.
 135  0.
 136  0.
 137  0.
 138  0.
 139  0.
 140  0.
 141  0.
 142  0.
 143  0.
 144  0.
 145  0.
 146  0.
 147  0.
 148  0.
 149  0.
 150  0.
 151  0.
 152  0.
 153  0.
 154  0.
 155  0.
 156  0.
 157  0.
 158  0.
 159  0.
 160  0.
 161  0.
 162  0.
 163  0.
 164  0.
 165  0.
 166  0.
 167  0.
 168  0.
 169  0.
 170  0.
 171  0.
 172  0.
 173  0.
 174  0.
 175  0.
 176  0.
 177  0.
 178  0.
 179  0.
 180  0.
 181  0.
 182  0.
 183  0.
 184  0.
 185  0.
 186  0.
 187  0.
 188  0.
 189  0.
 190  0.
 191  0.
 192  0.
 193  0.
 194  0.
 195  0.
 196  0.
 197  0.
 198  0.
 199  0.
 200  0.
 201  0.
 202  0.
 203  0.
 204  0.
 205  0.
 206  0.
 207  0.
 208  0.
 209  0.
 210  0.
 211  0.
 212  0.
 213  0.
 214  0.
 215  0.
 216  0.
 217  0.
 218  0.
 219  0.
 220  0.
 221  0.
 222  0.
 223  0.
 224  0.
 225  0.
 226  0.
 227  0.
 228  0.
 229  0.
 230  0.
 231  0.
 232  0.
 233  0.
 234  0.
 235  0.
 236  0.
 237  0.
 238  0.
 239  0.
 240  0.
 241  0.
 242  0.
 243  0.
 244  0.
 245  0.
 246  0.
 247  0.
 248  0.
 249  0.
 250  0.
 251  0.
 252  0.
 253  0.
 254  0.
 255  0.
 256  0.
 257  0.
 258  0.
 259  0.
 260  0.
 261  0.
 262  0.
 263  0.
 264  0.
 265  0.
 266  0.
 267  0.
 268  0.
 269  0.
 270  0.
 271  0.
 272  0.
 273  0.
 274  0.
 275  0.
 276  0.
 277  0.
 278  0.
 279  0.
 280  0.
 281  0.
 282  0.
 283  0.
 284  0.
 285  0.
 286  0.
 287  0.
 288  0.
 289  0.
 290  0.
 291  0.
 292  0.
 293  0.
 294  0.
 295  0.
 296  0.
 297  0.
 298  0.
 299  0.
 300  0.
 301  0.
 302  0.
 303  0.
 304  0.
 305  0.
 306  0.
 307  0.
 308  0.
 309  0.
 310  0.
 311  0.
 312  0.
 313  0.
 314  0.
 315  0.
 316  0.
 317  0.
 318  0.
 319  0.
 320  0.
 321  0.
 322  0.
 323  0.
 324  0.
 325  0.
 326  0.
 327  0.
 328  0.
 329  0.
 330  0.
 331  0.
 332  0.
 333  0.
 334  0.
 335  0.
 336  0.
 337  0.
 338  0.
 339  0.
 340  0.
 341  0.
 342  0.
 343  0.
 344  0.
 345  0.
 346  0.
 347  0.
 348  0.
 349  0.
 350  0.
 351  0.
 352  0.
 353  0.
 354  0.
 355  0.
 356  0.
 357  0.
 358  0.
 359  0.
 360  0.
 361  0.
 362  0.
 363  0.
 364  0.
 365  0.
 366  0.
 367  0.
 368  0.
 369  0.
 370  0.
 371  0.
 372  0.
 373  0.
 374  0.
 375  0.
 376  0.
 377  0.
 378  0.
 379  0.
 380  0.
 381  0.
 382  0.
 383  0.
 384  0.
 385  0.
 386  0.
 387  0.
 388  0.
 389  0.
 390  0.
 391  0.
 392  0.
 393  0.
 394  0.
 395  0.
 396  0.
 397  0.
 398  0.
 399  0.
 400  0.
 401  0.
 402  0.
 403  0.
 404  0.
 405  0.
 406  0.
 407  0.
 408  0.
 409  0.
 410  0.
 411  0.
 412  0.
 413  0.
 414  0.
 415  0.
 416  0.
 417  0.
 418  0.
 419  0.
 420  0.
 421  0.
 422  0.
 423  0.
 424  0.
 425  0.
 426  0.
 427  0.
 428  0.
 429  0.
 430  0.
 431  0.
 432  0.
 433  0.
 434  0.
 435  0.
 436  0.
 437  0.
 438  0.
 439  0.
 440  0.
 441  0.
 442  0.
 443  0.
 444  0.
 445  0.
 446  0.
 447  0.
 448  0.
 449  0.
 450  0.
 451  0.
 452  0.
 453  0.
 454  0.
 455  0.
 456  0.
 457  0.
 458  0.
 459  0.
 460  0.
 461  0.
 462  0.
 463  0.
 464  0.
 465  0.
 466  0.
 467  0.
 468  0.
 469  0.
 470  0.
 471  0.
 472  0.
 473  0.
 474  0.
 475  0.
 476  0.
 477  0.
 478  0.
 479  0.
 480  0.
 481  0.
 482  0.
 483  0.
 484  0.
 485  0.
 486  0.
 487  0.
 488  0.
 489  0.
 490  0.
 491  0.
 492  0.
 493  0.
 494  0.
 495  0.
 496  0.
 497  0.
 498  0.
 499  0.
 500  0.

 1  0.
 2  0.
 3  0.
 4  0.
 5  0.
 6  0.
 7  0.
 8  0.
 9  0.
 10  0.
 11  0.
 12  0.
 13  0.
 14  0.
 15  0.
 16  0.
 17  0.
 18  0.
 19  0.
 20  0.
 21  0.
 22  0.
 23  0.
 24  0.
 25  0.
 26  0.
 27  0.
 28  0.
 29  0.
 30  0.
 31  0.
 32  0.
 33  0.
 34  0.
 35  0.
 36  0.
 37  0.
 38  0.
 39  0.
 40  0.
 41  0.
 42  0.
 43  0.
 44  0.
 45  0.
 46  0.
 47  0.
 48  0.
 49  0.
 50  0.
 51  0.
 52  0.
 53  0.
 54  0.
 55  0.
 56  0.
 57  0.
 58  0.
 59  0.
 60  0.
 61  0.
 62  0.
 63  0.
 64  0.
 65  0.
 66  0.
 67  0.
 68  0.
 69  0.
 70  0.
 71  0.
 72  0.
 73  0.
 74  0.
 75  0.
 76  0.
 77  0.
 78  0.
 79  0.
 80  0.
 81  0.
 82  0.
 83  0.
 84  0.
 85  0.
 86  0.
 87  0.
 88  0.
 89  0.
 90  0.
 91  0.
 92  0.
 93  0.
 94  0.
 95  0.
 96  0.
 97  0.
 98  0.
 99  0.
 100  0.
 101  0.
 102  0.
 103  0.
 104  0.
 105  0.
 106  0.
 107  0.
 108  0.
 109  0.
 110  0.
 111  0.
 112  0.
 113  0.
 114  0.
 115  0.
 116  0.
 117  0.
 118  0.
 119  0.
 120  0.
 121  0.
 122  0.
 123  0.
 124  0.
 125  0.
 126  0.
 127  0.
 128  0.
 129  0.
 130  0.
 131  0.
 132  0.
 133  0.
 134  0.
 135  0.
 136  0.
 137  0.
 138  0.
 139  0.
 140  0.
 141  0.
 142  0.
 143  0.
 144  0.
 145  0.
 146  0.
 147  0.
 148  0.
 149  0.
 150  0.
 151  0.
 152  0.
 153  0.
 154  0.
 155  0.
 156  0.
 157  0.
 158  0.
 159  0.
 160  0.
 161  0.
 162  0.
 163  0.
 164  0.
 165  0.
 166  0.
 167  0.
 168  0.
 169  0.
 170  0.
 171  0.
 172  0.
 173  0.
 174  0.
 175  0.
 176  0.
 177  0.
 178  0.
 179  0.
 180  0.
 181  0.
 182  0.
 183  0.
 184  0.
 185  0.
 186  0.
 187  0.
 188  0.
 189  0.
 190  0.
 191  0.
 192  0.
 193  0.
 194  0.
 195  0.
 196  0.
 197  0.
 198  0.
 199  0.
 200  0.
 201  0.
 202  0.
 203  0.
 204  0.
 205  0.
 206  0.
 207  0.
 208  0.
 209  0.
 210  0.
 211  0.
 212  0.
 213  0.
 214  0.
 215  0.
 216  0.
 217  0.
 218  0.
 219  0.
 220  0.
 221  0.
 222  0.
 223  0.
 224  0.
 225  0.
 226  0.
 227  0.
 228  0.
 229  0.
 230  0.
 231  0.
 232  0.
 233  0.
 234  0.
 235  0.
 236  0.
 237  0.
 238  0.
 239  0.
 240  0.
 241  0.
 242  0.
 243  0.
 244  0.
 245  0.
 246  0.
 247  0.
 248  0.
 249  0.
 250  0.
 251  0.
 252  0.
 253  0.
 254  0.
 255  0.
 256  0.
 257  0.
 258  0.
 259  0.
 260  0.
 261  0.
 262  0.
 263  0.
 264  0.
 265  0.
 266  0.
 267  0.
 268  0.
 269  0.
 270  0.
 271  0.
 272  0.
 273  0.
 274  0.
 275  0.
 276  0.
 277  0.
 278  0.
 279  0.
 280  0.
 281  0.
 282  0.
 283  0.
 284  0.
 285  0.
 286  0.
 287  0.
 288  0.
 289  0.
 290  0.
 291  0.
 292  0.
 293  0.
 294  0.
 295  0.
 296  0.
 297  0.
 298  0.
 299  0.
 300  0.
 301  0.
 302  0.
 303  0.
 304  0.
 305  0.
 306  0.
 307  0.
 308  0.
 309  0.
 310  0.
 311  0.
 312  0.
 313  0.
 314  0.
 315  0.
 316  0.
 317  0.
 318  0.
 319  0.
 320  0.
 321  0.
 322  0.
 323  0.
 324  0.
 325  0.
 326  0.
 327  0.
 328  0.
 329  0.
 330  0.
 331  0.
 332  0.
 333  0.
 334  0.
 335  0.
 336  0.
 337  0.
 338  0.
 339  0.
 340  0.
 341  0.
 342  0.
 343  0.
 344  0.
 345  0.
 346  0.
 347  0.
 348  0.
 349  0.
 350  0.
 351  0.
 352  0.
 353  0.
 354  0.
 355  0.
 356  0.
 357  0.
 358  0.
 359  0.
 360  0.
 361  0.
 362  0.
 363  0.
 364  0.
 365  0.
 366  0.
 367  0.
 368  0.
 369  0.
 370  0.
 371  0.
 372  0.
 373  0.
 374  0.
 375  0.
 376  0.
 377  0.
 378  0.
 379  0.
 380  0.
 381  0.
 382  0.
 383  0.
 384  0.
 385  0.
 386  0.
 387  0.
 388  0.
 389  0.
 390  0.
 391  0.
 392  0.
 393  0.
 394  0.
 395  0.
 396  0.
 397  0.
 398  0.
 399  0.
 400  0.
 401  0.
 402  0.
 403  0.
 404  0.
 405  0.
 406  0.
 407  0.
 408  0.
 409  0.
 410  0.
 411  0.
 412  0.
 413  0.
 414  0.
 415  0.
 416  0.
 417  0.
 418  0.
 419  0.
 420  0.
 421  0.
 422  0.
 423  0.
 424  0.
 425  0.
 426  0.
 427  0.
 428  0.
 429  0.
 430  0.
 431  0.
 432  0.
 433  0.
 434  0.
 435  0.
 436  0.
 437  0.
 438  0.
 439  0.
 440  0.
 441  0.
 442  0.
 443  0.
 444  0.
 445  0.
 446  0.
 447  0.
 448  0.
 449  0.
 450  0.
 451  0.
 452  0.
 453  0.
 454  0.
 455  0.
 456  0.
 457  0.
 458  0.
 459  0.
 460  0.
 461  0.
 462  0.
 463  0.
 464  0.
 465  0.
 466  0.
 467  0.
 468  0.
 469  0.
 470  0.
 471  0.
 472  0.
 473  0.
 474  0.
 475  0.
 476  0.
 477  0.
 478  0.
 479  0.
 480  0.
 481  0.
 482  0.
 483  0.
 484  0.
 485  0.
 486  0.
 487  0.
 488  0.
 489  0.
 490  0.
 491  0.
 492  0.
 493  0.
 494  0.
 495  0.
 496  0.
 497  0.
 498  0.
 499  0.
 500  0.

 1  0.
 2  0.
 3  0.
 4  0.
 5  0.
 6  0.
 7  0.
 8  0.
 9  0.
 10  0.
 11  0.
 12  0.
 13  0.
 14  0.
 15  0.
 16  0.
 17  0.
 18  0.
 19  0.
 20  0.
 21  0.
 22  0.
 23  0.
 24  0.
 25  0.
 26  0.
 27  0.
 28  0.
 29  0.
 30  0.
 31  0.
 32  0.
 33  0.
 34  0.
 35  0.
 36  0.
 37  0.
 38  0.
 39  0.
 40  0.
 41  0.
 42  0.
 43  0.
 44  0.
 45  0.
 46  0.
 47  0.
 48  0.
 49  0.
 50  0.
 51  0.
 52  0.
 53  0.
 54  0.
 55  0.
 56  0.
 57  0.
 58  0.
 59  0.
 60  0.
 61  0.
 62  0.
 63  0.
 64  0.
 65  0.
 66  0.
 67  0.
 68  0.
 69  0.
 70  0.
 71  0.
 72  0.
 73  0.
 74  0.
 75  0.
 76  0.
 77  0.
 78  0.
 79  0.
 80  0.
 81  0.
 82  0.
 83  0.
 84  0.
 85  0.
 86  0.
 87  0.
 88  0.
 89  0.
 90  0.
 91  0.
 92  0.
 93  0.
 94  0.
 95  0.
 96  0.
 97  0.
 98  0.
 99  0.
 100  0.
 101  0.
 102  0.
 103  0.
 104  0.
 105  0.
 106  0.
 107  0.
 108  0.
 109  0.
 110  0.
 111  0.
 112  0.
 113  0.
 114  0.
 115  0.
 116  0.
 117  0.
 118  0.
 119  0.
 120  0.
 121  0.
 122  0.
 123  0.
 124  0.
 125  0.
 126  0.
 127  0.
 128  0.
 129  0.
 130  0.
 131  0.
 132  0.
 133  0.
 134  0.
 135  0.
 136  0.
 137  0.
 138  0.
 139  0.
 140  0.
 141  0.
 142  0.
 143  0.
 144  0.
 145  0.
 146  0.
 147  0.
 148  0.
 149  0.
 150  0.
 151  0.
 152  0.
 153  0.
 154  0.
 155  0.
 156  0.
 157  0.
 158  0.
 159  0.
 160  0.
 161  0.
 162  0.
 163  0.
 164  0.
 165  0.
 166  0.
 167  0.
 168  0.
 169  0.
 170  0.
 171  0.
 172  0.
 173  0.
 174  0.
 175  0.
 176  0.
 177  0.
 178  0.
 179  0.
 180  0.
 181  0.
 182  0.
 183  0.
 184  0.
 185  0.
 186  0.
 187  0.
 188  0.
 189  0.
 190  0.
 191  0.
 192  0.
 193  0.
 194  0.
 195  0.
 196  0.
 197  0.
 198  0.
 199  0.
 200  0.
 201  0.
 202  0.
 203  0.
 204  0.
 205  0.
 206  0.
 207  0.
 208  0.
 209  0.
 210  0.
 211  0.
 212  0.
 213  0.
 214  0.
 215  0.
 216  0.
 217  0.
 218  0.
 219  0.
 220  0.
 221  0.
 222  0.
 223  0.
 224  0.
 225  0.
 226  0.
 227  0.
 228  0.
 229  0.
 230  0.
 231  0.
 232  0.
 233  0.
 234  0.
 235  0.
 236  0.
 237  0.
 238  0.
 239  0.
 240  0.
 241  0.
 242  0.
 243  0.
 244  0.
 245  0.
 246  0.
 247  0.
 248  0.
 249  0.
 250  0.
 251  0.
 252  0.
 253  0.
 254  0.
 255  0.
 256  0.
 257  0.
 258  0.
 259  0.
 260  0.
 261  0.
 262  0.
 263  0.
 264  0.
 265  0.
 266  0.
 267  0.
 268  0.
 269  0.
 270  0.
 271  0.
 272  0.
 273  0.
 274  0.
 275  0.
 276  0.
 277  0.
 278  0.
 279  0.
 280  0.
 281  0.
 282  0.
 283  0.
 284  0.
 285  0.
 286  0.
 287  0.
 288  0.
 289  0.
 290  0.
 291  0.
 292  0.
 293  0.
 294  0.
 295  0.
 296  0.
 297  0.
 298  0.
 299  0.
 300  0.
 301  0.
 302  0.
 303  0.
 304  0.
 305  0.
 306  0.
 307  0.
 308  0.
 309  0.
 310  0.
 311  0.
 312  0.
 313  0.
 314  0.
 315  0.
 316  0.
 317  0.
 318  0.
 319  0.
 320  0.
 321  0.
 322  0.
 323  0.
 324  0.
 325  0.
 326  0.
 327  0.
 328  0.
 329  0.
 330  0.
 331  0.
 332  0.
 333  0.
 334  0.
 335  0.
 336  0.
 337  0.
 338  0.
 339  0.
 340  0.
 341  0.
 342  0.
 343  0.
 344  0.
 345  0.
 346  0.
 347  0.
 348  0.
 349  0.
 350  0.
 351  0.
 352  0.
 353  0.
 354  0.
 355  0.
 356  0.
 357  0.
 358  0.
 359  0.
 360  0.
 361  0.
 362  0.
 363  0.
 364  0.
 365  0.
 366  0.
 367  0.
 368  0.
 369  0.
 370  0.
 371  0.
 372  0.
 373  0.
 374  0.
 375  0.
 376  0.
 377  0.
 378  0.
 379  0.
 380  0.
 381  0.
 382  0.
 383  0.
 384  0.
 385  0.
 386  0.
 387  0.
 388  0.
 389  0.
 390  0.
 391  0.
 392  0.
 393  0.
 394  0.
 395  0.
 396  0.
 397  0.
 398  0.
 399  0.
 400  0.
 401  0.
 402  0.
 403  0.
 404  0.
 405  0.
 406  0.
 407  0.
 408  0.
 409  0.
 410  0.
 411  0.
 412  0.
 413  0.
 414  0.
 415  0.
 416  0.
 417  0.
 418  0.
 419  0.
 420  0.
 421  0.
 422  0.
 423  0.
 424  0.
 425  0.
 426  0.
 427  0.
 428  0.
 429  0.
 430  0.
 431  0.
 432  0.
 433  0.
 434  0.
 435  0.
 436  0.
 437  0.
 438  0.
 439  0.
 440  0.
 441  0.
 442  0.
 443  0.
 444  0.
 445  0.
 446  0.
 447  0.
 448  0.
 449  0.
 450  0.
 451  0.
 452  0.
 453  0.
 454  0.
 455  0.
 456  0.
 457  0.
 458  0.
 459  0.
 460  0.
 461  0.
 462  0.
 463  0.
 464  0.
 465  0.
 466  0.
 467  0.
 468  0.
 469  0.
 470  0.
 471  0.
 472  0.
 473  0.
 474  0.
 475  0.
 476  0.
 477  0.
 478  0.
 479  0.
 480  0.
 481  0.
 482  0.
 483  0.
 484  0.
 485  0.
 486  0.
 487  0.
 488  0.
 489  0.
 490  0.
 491  0.
 492  0.
 493  0.
 494  0.
 495  0.
 496  0.
 497  0.
 498  0.
 499  0.
 500  0.

 1  0.
 2  0.
 3  0.
 4  0.
 5  0.
 6  0.
 7  0.
 8  0.
 9  0.
 10  0.
 11  0.
 12  0.
 13  0.
 14  0.
 15  0.
 16  0.
 17  0.
 18  0.
 19  0.
 20  0.
 21  0.
 22  0.
 23  0.
 24  0.
 25  0.
 26  0.
 27  0.
 28  0.
 29  0.
 30  0.
 31  0.
 32  0.
 33  0.
 34  0.
 35  0.
 36  0.
 37  0.
 38  0.
 39  0.
 40  0.
 41  0.
 42  0.
 43  0.
 44  0.
 45  0.
 46  0.
 47  0.
 48  0.
 49  0.
 50  0.
 51  0.
 52  0.
 53  0.
 54  0.
 55  0.
 56  0.
 57  0.
 58  0.
 59  0.
 60  0.
 61  0.
 62  0.
 63  0.
 64  0.
 65  0.
 66  0.
 67  0.
 68  0.
 69  0.
 70  0.
 71  0.
 72  0.
 73  0.
 74  0.
 75  0.
 76  0.
 77  0.
 78  0.
 79  0.
 80  0.
 81  0.
 82  0.
 83  0.
 84  0.
 85  0.
 86  0.
 87  0.
 88  0.
 89  0.
 90  0.
 91  0.
 92  0.
 93  0.
 94  0.
 95  0.
 96  0.
 97  0.
 98  0.
 99  0.
 100  0.
 101  0.
 102  0.
 103  0.
 104  0.
 105  0.
 106  0.
 107  0.
 108  0.
 109  0.
 110  0.
 111  0.
 112  0.
 113  0.
 114  0.
 115  0.
 116  0.
 117  0.
 118  0.
 119  0.
 120  0.
 121  0.
 122  0.
 123  0.
 124  0.
 125  0.
 126  0.
 127  0.
 128  0.
 129  0.
 130  0.
 131  0.
 132  0.
 133  0.
 134  0.
 135  0.
 136  0.
 137  0.
 138  0.
 139  0.
 140  0.
 141  0.
 142  0.
 143  0.
 144  0.
 145  0.
 146  0.
 147  0.
 148  0.
 149  0.
 150  0.
 151  0.
 152  0.
 153  0.
 154  0.
 155  0.
 156  0.
 157  0.
 158  0.
 159  0.
 160  0.
 161  0.
 162  0.
 163  0.
 164  0.
 165  0.
 166  0.
 167  0.
 168  0.
 169  0.
 170  0.
 171  0.
 172  0.
 173  0.
 174  0.
 175  0.
 176  0.
 177  0.
 178  0.
 179  0.
 180  0.
 181  0.
 182  0.
 183  0.
 184  0.
 185  0.
 186  0.
 187  0.
 188  0.
 189  0.
 190  0.
 191  0.
 192  0.
 193  0.
 194  0.
 195  0.
 196  0.
 197  0.
 198  0.
 199  0.
 200  0.
 201  0.
 202  0.
 203  0.
 204  0.
 205  0.
 206  0.
 207  0.
 208  0.
 209  0.
 210  0.
 211  0.
 212  0.
 213  0.
 214  0.
 215  0.
 216  0.
 217  0.
 218  0.
 219  0.
 220  0.
 221  0.
 222  0.
 223  0.
 224  0.
 225  0.
 226  0.
 227  0.
 228  0.
 229  0.
 230  0.
 231  0.
 232  0.
 233  0.
 234  0.
 235  0.
 236  0.
 237  0.
 238  0.
 239  0.
 240  0.
 241  0.
 242  0.
 243  0.
 244  0.
 245  0.
 246  0.
 247  0.
 248  0.
 249  0.
 250  0.
 251  0.
 252  0.
 253  0.
 254  0.
 255  0.
 256  0.
 257  0.
 258  0.
 259  0.
 260  0.
 261  0.
 262  0.
 263  0.
 264  0.
 265  0.
 266  0.
 267  0.
 268  0.
 269  0.
 270  0.
 271  0.
 272  0.
 273  0.
 274  0.
 275  0.
 276  0.
 277  0.
 278  0.
 279  0.
 280  0.
 281  0.
 282  0.
 283  0.
 284  0.
 285  0.
 286  0.
 287  0.
 288  0.
 289  0.
 290  0.
 291  0.
 292  0.
 293  0.
 294  0.
 295  0.
 296  0.
 297  0.
 298  0.
 299  0.
 300  0.
 301  0.
 302  0.
 303  0.
 304  0.
 305  0.
 306  0.
 307  0.
 308  0.
 309  0.
 310  0.
 311  0.
 312  0.
 313  0.
 314  0.
 315  0.
 316  0.
 317  0.
 318  0.
 319  0.
 320  0.
 321  0.
 322  0.
 323  0.
 324  0.
 325  0.
 326  0.
 327  0.
 328  0.
 329  0.
 330  0.
 331  0.
 332  0.
 333  0.
 334  0.
 335  0.
 336  0.
 337  0.
 338  0.
 339  0.
 340  0.
 341  0.
 342  0.
 343  0.
 344  0.
 345  0.
 346  0.
 347  0.
 348  0.
 349  0.
 350  0.
 351  0.
 352  0.
 353  0.
 354  0.
 355  0.
 356  0.
 357  0.
 358  0.
 359  0.
 360  0.
 361  0.
 362  0.
 363  0.
 364  0.
 365  0.
 366  0.
 367  0.
 368  0.
 369  0.
 370  0.
 371  0.
 372  0.
 373  0.
 374  0.
 375  0.
 376  0.
 377  0.
 378  0.
 379  0.
 380  0.
 381  0.
 382  0.
 383  0.
 384  0.
 385  0.
 386  0.
 387  0.
 388  0.
 389  0.
 390  0.
 391  0.
 392  0.
 393  0.
 394  0.
 395  0.
 396  0.
 397  0.
 398  0.
 399  0.
 400  0.
 401  0.
 402  0.
 403  0.
 404  0.
 405  0.
 406  0.
 407  0.
 408  0.
 409  0.
 410  0.
 411  0.
 412  0.
 413  0.
 414  0.
 415  0.
 416  0.
 417  0.
 418  0.
 419  0.
 420  0.
 421  0.
 422  0.
 423  0.
 424  0.
 425  0.
 426  0.
 427  0.
 428  0.
 429  0.
 430  0.
 431  0.
 432  0.
 433  0.
 434  0.
 435  0.
 436  0.
 437  0.
 438  0.
 439  0.
 440  0.
 441  0.
 442  0.
 443  0.
 444  0.
 445  0.
 446  0.
 447  0.
 448  0.
 449  0.
 450  0.
 451  0.
 452  0.
 453  0.
 454  0.
 455  0.
 456  0.
 457  0.
 458  0.
 459  0.
 460  0.
 461  0.
 462  0.
 463  0.
 464  0.
 465  0.
 466  0.
 467  0.
 468  0.
 469  0.
 470  0.
 471  0.
 472  0.
 473  0.
 474  0.
 475  0.
 476  0.
 477  0.
 478  0.
 479  0.
 480  0.
 481  0.
 482  0.
 483  0.
 484  0.
 485  0.
 486  0.
 487  0.
 488  0.
 489  0.
 490  0.
 491  0.
 492  0.
 493  0.
 494  0.
 495  0.
 496  0.
 497  0.
 498  0.
 499  0.
 500  0.

 1  0.
 2  0.
 3  0.
 4  0.
 5  0.
 6  0.
 7  0.
 8  0.
 9  0.
 10  0.
 11  0.
 12  0.
 13  0.
 14  0.
 15  0.
 16  0.
 17  0.
 18  0.
 19  0.
 20  0.
 21  0.
 22  0.
 23  0.
 24  0.
 25  0.
 26  0.
 27  0.
 28  0.
 29  0.
 30  0.
 31  0.
 32  0.
 33  0.
 34  0.
 35  0.
 36  0.
 37  0.
 38  0.
 39  0.
 40  0.
 41  0.
 42  0.
 43  0.
 44  0.
 45  0.
 46  0.
 47  0.
 48  0.
 49  0.
 50  0.
 51  0.
 52  0.
 53  0.
 54  0.
 55  0.
 56  0.
 57  0.
 58  0.
 59  0.
 60  0.
 61  0.
 62  0.
 63  0.
 64  0.
 65  0.
 66  0.
 67  0.
 68  0.
 69  0.
 70  0.
 71  0.
 72  0.
 73  0.
 74  0.
 75  0.
 76  0.
 77  0.
 78  0.
 79  0.
 80  0.
 81  0.
 82  0.
 83  0.
 84  0.
 85  0.
 86  0.
 87  0.
 88  0.
 89  0.
 90  0.
 91  0.
 92  0.
 93  0.
 94  0.
 95  0.
 96  0.
 97  0.
 98  0.
 99  0.
 100  0.
 101  0.
 102  0.
 103  0.
 104  0.
 105  0.
 106  0.
 107  0.
 108  0.
 109  0.
 110  0.
 111  0.
 112  0.
 113  0.
 114  0.
 115  0.
 116  0.
 117  0.
 118  0.
 119  0.
 120  0.
 121  0.
 122  0.
 123  0.
 124  0.
 125  0.
 126  0.
 127  0.
 128  0.
 129  0.
 130  0.
 131  0.
 132  0.
 133  0.
 134  0.
 135  0.
 136  0.
 137  0.
 138  0.
 139  0.
 140  0.
 141  0.
 142  0.
 143  0.
 144  0.
 145  0.
 146  0.
 147  0.
 148  0.
 149  0.
 150  0.
 151  0.
 152  0.
 153  0.
 154  0.
 155  0.
 156  0.
 157  0.
 158  0.
 159  0.
 160  0.
 161  0.
 162  0.
 163  0.
 164  0.
 165  0.
 166  0.
 167  0.
 168  0.
 169  0.
 170  0.
 171  0.
 172  0.
 173  0.
 174  0.
 175  0.
 176  0.
 177  0.
 178  0.
 179  0.
 180  0.
 181  0.
 182  0.
 183  0.
 184  0.
 185  0.
 186  0.
 187  0.
 188  0.
 189  0.
 190  0.
 191  0.
 192  0.
 193  0.
 194  0.
 195  0.
 196  0.
 197  0.
 198  0.
 199  0.
 200  0.
 201  0.
 202  0.
 203  0.
 204  0.
 205  0.
 206  0.
 207  0.
 208  0.
 209  0.
 210  0.
 211  0.
 212  0.
 213  0.
 214  0.
 215  0.
 216  0.
 217  0.
 218  0.
 219  0.
 220  0.
 221  0.
 222  0.
 223  0.
 224  0.
 225  0.
 226  0.
 227  0.
 228  0.
 229  0.
 230  0.
 231  0.
 232  0.
 233  0.
 234  0.
 235  0.
 236  0.
 237  0.
 238  0.
 239  0.
 240  0.
 241  0.
 242  0.
 243  0.
 244  0.
 245  0.
 246  0.
 247  0.
 248  0.
 249  0.
 250  0.
 251  0.
 252  0.
 253  0.
 254  0.
 255  0.
 256  0.
 257  0.
 258  0.
 259  0.
 260  0.
 261  0.
 262  0.
 263  0.
 264  0.
 265  0.
 266  0.
 267  0.
 268  0.
 269  0.
 270  0.
 271  0.
 272  0.
 273  0.
 274  0.
 275  0.
 276  0.
 277  0.
 278  0.
 279  0.
 280  0.
 281  0.
 282  0.
 283  0.
 284  0.
 285  0.
 286  0.
 287  0.
 288  0.
 289  0.
 290  0.
 291  0.
 292  0.
 293  0.
 294  0.
 295  0.
 296  0.
 297  0.
 298  0.
 299  0.
 300  0.
 301  0.
 302  0.
 303  0.
 304  0.
 305  0.
 306  0.
 307  0.
 308  0.
 309  0.
 310  0.
 311  0.
 312  0.
 313  0.
 314  0.
 315  0.
 316  0.
 317  0.
 318  0.
 319  0.
 320  0.
 321  0.
 322  0.
 323  0.
 324  0.
 325  0.
 326  0.
 327  0.
 328  0.
 329  0.
 330  0.
 331  0.
 332  0.
 333  0.
 334  0.
 335  0.
 336  0.
 337  0.
 338  0.
 339  0.
 340  0.
 341  0.
 342  0.
 343  0.
 344  0.
 345  0.
 346  0.
 347  0.
 348  0.
 349  0.
 350  0.
 351  0.
 352  0.
 353  0.
 354  0.
 355  0.
 356  0.
 357  0.
 358  0.
 359  0.
 360  0.
 361  0.
 362  0.
 363  0.
 364  0.
 365  0.
 366  0.
 367  0.
 368  0.
 369  0.
 370  0.
 371  0.
 372  0.
 373  0.
 374  0.
 375  0.
 376  0.
 377  0.
 378  0.
 379  0.
 380  0.
 381  0.
 382  0.
 383  0.
 384  0.
 385  0.
 386  0.
 387  0.
 388  0.
 389  0.
 390  0.
 391  0.
 392  0.
 393  0.
 394  0.
 395  0.
 396  0.
 397  0.
 398  0.
 399  0.
 400  0.
 401  0.
 402  0.
 403  0.
 404  0.
 405  0.
 406  0.
 407  0.
 408  0.
 409  0.
 410  0.
 411  0.
 412  0.
 413  0.
 414  0.
 415  0.
 416  0.
 417  0.
 418  0.
 419  0.
 420  0.
 421  0.
 422  0.
 423  0.
 424  0.
 425  0.
 426  0.
 427  0.
 428  0.
 429  0.
 430  0.
 431  0.
 432  0.
 433  0.
 434  0.
 435  0.
 436  0.
 437  0.
 438  0.
 439  0.
 440  0.
 441  0.
 442  0.
 443  0.
 444  0.
 445  0.
 446  0.
 447  0.
 448  0.
 449  0.
 450  0.
 451  0.
 452  0.
 453  0.
 454  0.
 455  0.
 456  0.
 457  0.
 458  0.
 459  0.
 460  0.
 461  0.
 462  0.
 463  0.
 464  0.
 465  0.
 466  0.
 467  0.
 468  0.
 469  0.
 470  0.
 471  0.
 472  0.
 473  0.
 474  0.
 475  0.
 476  0.
 477  0.
 478  0.
 479  0.
 480  0.
 481  0.
 482  0.
 483  0.
 484  0.
 485  0.
 486  0.
 487  0.
 488  0.
 489  0.
 490  0.
 491  0.
 492  0.
 493  0.
 494  0.
 495  0.
 496  0.
 497  0.
 498  0.
 499  0.
 500  0.

 1  0.
 2  0.
 3  0.
 4  0.
 5  0.
 6  0.
 7  0.
 8  0.
 9  0.
 10  0.
 11  0.
 12  0.
 13  0.
 14  0.
 15  0.
 16  0.
 17  0.
 18  0.
 19  0.
 20  0.
 21  0.
 22  0.
 23  0.
 24  0.
 25  0.
 26  0.
 27  0.
 28  0.
 29  0.
 30  0.
 31  0.
 32  0.
 33  0.
 34  0.
 35  0.
 36  0.
 37  0.
 38  0.
 39  0.
 40  0.
 41  0.
 42  0.
 43  0.
 44  0.
 45  0.
 46  0.
 47  0.
 48  0.
 49  0.
 50  0.
 51  0.
 52  0.
 53  0.
 54  0.
 55  0.
 56  0.
 57  0.
 58  0.
 59  0.
 60  0.
 61  0.
 62  0.
 63  0.
 64  0.
 65  0.
 66  0.
 67  0.
 68  0.
 69  0.
 70  0.
 71  0.
 72  0.
 73  0.
 74  0.
 75  0.
 76  0.
 77  0.
 78  0.
 79  0.
 80  0.
 81  0.
 82  0.
 83  0.
 84  0.
 85  0.
 86  0.
 87  0.
 88  0.
 89  0.
 90  0.
 91  0.
 92  0.
 93  0.
 94  0.
 95  0.
 96  0.
 97  0.
 98  0.
 99  0.
 100  0.
 101  0.
 102  0.
 103  0.
 104  0.
 105  0.
 106  0.
 107  0.
 108  0.
 109  0.
 110  0.
 111  0.
 112  0.
 113  0.
 114  0.
 115  0.
 116  0.
 117  0.
 118  0.
 119  0.
 120  0.
 121  0.
 122  0.
 123  0.
 124  0.
 125  0.
 126  0.
 127  0.
 128  0.
 129  0.
 130  0.
 131  0.
 132  0.
 133  0.
 134  0.
 135  0.
 136  0.
 137  0.
 138  0.
 139  0.
 140  0.
 141  0.
 142  0.
 143  0.
 144  0.
 145  0.
 146  0.
 147  0.
 148  0.
 149  0.
 150  0.
 151  0.
 152  0.
 153  0.
 154  0.
 155  0.
 156  0.
 157  0.
 158  0.
 159  0.
 160  0.
 161  0.
 162  0.
 163  0.
 164  0.
 165  0.
 166  0.
 167  0.
 168  0.
 169  0.
 170  0.
 171  0.
 172  0.
 173  0.
 174  0.
 175  0.
 176  0.
 177  0.
 178  0.
 179  0.
 180  0.
 181  0.
 182  0.
 183  0.
 184  0.
 185  0.
 186  0.
 187  0.
 188  0.
 189  0.
 190  0.
 191  0.
 192  0.
 193  0.
 194  0.
 195  0.
 196  0.
 197  0.
 198  0.
 199  0.
 200  0.
 201  0.
 202  0.
 203  0.
 204  0.
 205  0.
 206  0.
 207  0.
 208  0.
 209  0.
 210  0.
 211  0.
 212  0.
 213  0.
 214  0.
 215  0.
 216  0.
 217  0.
 218  0.
 219  0.
 220  0.
 221  0.
 222  0.
 223  0.
 224  0.
 225  0.
 226  0.
 227  0.
 228  0.
 229  0.
 230  0.
 231  0.
 232  0.
 233  0.
 234  0.
 235  0.
 236  0.
 237  0.
 238  0.
 239  0.
 240  0.
 241  0.
 242  0.
 243  0.
 244  0.
 245  0.
 246  0.
 247  0.
 248  0.
 249  0.
 250  0.
 251  0.
 252  0.
 253  0.
 254  0.
 255  0.
 256  0.
 257  0.
 258  0.
 259  0.
 260  0.
 261  0.
 262  0.
 263  0.
 264  0.
 265  0.
 266  0.
 267  0.
 268  0.
 269  0.
 270  0.
 271  0.
 272  0.
 273  0.
 274  0.
 275  0.
 276  0.
 277  0.
 278  0.
 279  0.
 280  0.
 281  0.
 282  0.
 283  0.
 284  0.
 285  0.
 286  0.
 287  0.
 288  0.
 289  0.
 290  0.
 291  0.
 292  0.
 293  0.
 294  0.
 295  0.
 296  0.
 297  0.
 298  0.
 299  0.
 300  0.
 301  0.
 302  0.
 303  0.
 304  0.
 305  0.
 306  0.
 307  0.
 308  0.
 309  0.
 310  0.
 311  0.
 312  0.
 313  0.
 314  0.
 315  0.
 316  0.
 317  0.
 318  0.
 319  0.
 320  0.
 321  0.
 322  0.
 323  0.
 324  0.
 325  0.
 326  0.
 327  0.
 328  0.
 329  0.
 330  0.
 331  0.
 332  0.
 333  0.
 334  0.
 335  0.
 336  0.
 337  0.
 338  0.
 339  0.
 340  0.
 341  0.
 342  0.
 343  0.
 344  0.
 345  0.
 346  0.
 347  0.
 348  0.
 349  0.
 350  0.
 351  0.
 352  0.
 353  0.
 354  0.
 355  0.
 356  0.
 357  0.
 358  0.
 359  0.
 360  0.
 361  0.
 362  0.
 363  0.
 364  0.
 365  0.
 366  0.
 367  0.
 368  0.
 369  0.
 370  0.
 371  0.
 372  0.
 373  0.
 374  0.
 375  0.
 376  0.
 377  0.
 378  0.
 379  0.
 380  0.
 381  0.
 382  0.
 383  0.
 384  0.
 385  0.
 386  0.
 387  0.
 388  0.
 389  0.
 390  0.
 391  0.
 392  0.
 393  0.
 394  0.
 395  0.
 396  0.
 397  0.
 398  0.
 399  0.
 400  0.
 401  0.
 402  0.
 403  0.
 404  0.
 405  0.
 406  0.
 407  0.
 408  0.
 409  0.
 410  0.
 411  0.
 412  0.
 413  0.
 414  0.
 415  0.
 416  0.
 417  0.
 418  0.
 419  0.
 420  0.
 421  0.
 422  0.
 423  0.
 424  0.
 425  0.
 426  0.
 427  0.
 428  0.
 429  0.
 430  0.
 431  0.
 432  0.
 433  0.
 434  0.
 435  0.
 436  0.
 437  0.
 438  0.
 439  0.
 440  0.
 441  0.
 442  0.
 443  0.
 444  0.
 445  0.
 446  0.
 447  0.
 448  0.
 449  0.
 450  0.
 451  0.
 452  0.
 453  0.
 454  0.
 455  0.
 456  0.
 457  0.
 458  0.
 459  0.
 460  0.
 461  0.
 462  0.
 463  0.
 464  0.
 465  0.
 466  0.
 467  0.
 468  0.
 469  0.
 470  0.
 471  0.
 472  0.
 473  0.
 474  0.
 475  0.
 476  0.
 477  0.
 478  0.
 479  0.
 480  0.
 481  0.
 482  0.
 483  0.
 484  0.
 485  0.
 486  0.
 487  0.
 488  0.
 489  0.
 490  0.
 491  0.
 492  0.
 493  0.
 494  0.
 495  0.
 496  0.
 497  0.
 498  0.
 499  0.
 500  0.

 1  0.
 2  0.
 3  0.
 4  0.
 5  0.
 6  0.
 7  0.
 8  0.
 9  0.
 10  0.
 11  0.
 12  0.
 13  0.
 14  0.
 15  0.
 16  0.
 17  0.
 18  0.
 19  0.
 20  0.
 21  0.
 22  0.
 23  0.
 24  0.
 25  0.
 26  0.
 27  0.
 28  0.
 29  0.
 30  0.
 31  0.
 32  0.
 33  0.
 34  0.
 35  0.
 36  0.
 37  0.
 38  0.
 39  0.
 40  0.
 41  0.
 42  0.
 43  0.
 44  0.
 45  0.
 46  0.
 47  0.
 48  0.
 49  0.
 50  0.
 51  0.
 52  0.
 53  0.
 54  0.
 55  0.
 56  0.
 57  0.
 58  0.
 59  0.
 60  0.
 61  0.
 62  0.
 63  0.
 64  0.
 65  0.
 66  0.
 67  0.
 68  0.
 69  0.
 70  0.
 71  0.
 72  0.
 73  0.
 74  0.
 75  0.
 76  0.
 77  0.
 78  0.
 79  0.
 80  0.
 81  0.
 82  0.
 83  0.
 84  0.
 85  0.
 86  0.
 87  0.
 88  0.
 89  0.
 90  0.
 91  0.
 92  0.
 93  0.
 94  0.
 95  0.
 96  0.
 97  0.
 98  0.
 99  0.
 100  0.
 101  0.
 102  0.
 103  0.
 104  0.
 105  0.
 106  0.
 107  0.
 108  0.
 109  0.
 110  0.
 111  0.
 112  0.
 113  0.
 114  0.
 115  0.
 116  0.
 117  0.
 118  0.
 119  0.
 120  0.
 121  0.
 122  0.
 123  0.
 124  0.
 125  0.
 126  0.
 127  0.
 128  0.
 129  0.
 130  0.
 131  0.
 132  0.
 133  0.
 134  0.
 135  0.
 136  0.
 137  0.
 138  0.
 139  0.
 140  0.
 141  0.
 142  0.
 143  0.
 144  0.
 145  0.
 146  0.
 147  0.
 148  0.
 149  0.
 150  0.
 151  0.
 152  0.
 153  0.
 154  0.
 155  0.
 156  0.
 157  0.
 158  0.
 159  0.
 160  0.
 161  0.
 162  0.
 163  0.
 164  0.
 165  0.
 166  0.
 167  0.
 168  0.
 169  0.
 170  0.
 171  0.
 172  0.
 173  0.
 174  0.
 175  0.
 176  0.
 177  0.
 178  0.
 179  0.
 180  0.
 181  0.
 182  0.
 183  0.
 184  0.
 185  0.
 186  0.
 187  0.
 188  0.
 189  0.
 190  0.
 191  0.
 192  0.
 193  0.
 194  0.
 195  0.
 196  0.
 197  0.
 198  0.
 199  0.
 200  0.
 201  0.
 202  0.
 203  0.
 204  0.
 205  0.
 206  0.
 207  0.
 208  0.
 209  0.
 210  0.
 211  0.
 212  0.
 213  0.
 214  0.
 215  0.
 216  0.
 217  0.
 218  0.
 219  0.
 220  0.
 221  0.
 222  0.
 223  0.
 224  0.
 225  0.
 226  0.
 227  0.
 228  0.
 229  0.
 230  0.
 231  0.
 232  0.
 233  0.
 234  0.
 235  0.
 236  0.
 237  0.
 238  0.
 239  0.
 240  0.
 241  0.
 242  0.
 243  0.
 244  0.
 245  0.
 246  0.
 247  0.
 248  0.
 249  0.
 250  0.
 251  0.
 252  0.
 253  0.
 254  0.
 255  0.
 256  0.
 257  0.
 258  0.
 259  0.
 260  0.
 261  0.
 262  0.
 263  0.
 264  0.
 265  0.
 266  0.
 267  0.
 268  0.
 269  0.
 270  0.
 271  0.
 272  0.
 273  0.
 274  0.
 275  0.
 276  0.
 277  0.
 278  0.
 279  0.
 280  0.
 281  0.
 282  0.
 283  0.
 284  0.
 285  0.
 286  0.
 287  0.
 288  0.
 289  0.
 290  0.
 291  0.
 292  0.
 293  0.
 294  0.
 295  0.
 296  0.
 297  0.
 298  0.
 299  0.
 300  0.
 301  0.
 302  0.
 303  0.
 304  0.
 305  0.
 306  0.
 307  0.
 308  0.
 309  0.
 310  0.
 311  0.
 312  0.
 313  0.
 314  0.
 315  0.
 316  0.
 317  0.
 318  0.
 319  0.
 320  0.
 321  0.
 322  0.
 323  0.
 324  0.
 325  0.
 326  0.
 327  0.
 328  0.
 329  0.
 330  0.
 331  0.
 332  0.
 333  0.
 334  0.
 335  0.
 336  0.
 337  0.
 338  0.
 339  0.
 340  0.
 341  0.
 342  0.
 343  0.
 344  0.
 345  0.
 346  0.
 347  0.
 348  0.
 349  0.
 350  0.
 351  0.
 352  0.
 353  0.
 354  0.
 355  0.
 356  0.
 357  0.
 358  0.
 359  0.
 360  0.
 361  0.
 362  0.
 363  0.
 364  0.
 365  0.
 366  0.
 367  0.
 368  0.
 369  0.
 370  0.
 371  0.
 372  0.
 373  0.
 374  0.
 375  0.
 376  0.
 377  0.
 378  0.
 379  0.
 380  0.
 381  0.
 382  0.
 383  0.
 384  0.
 385  0.
 386  0.
 387  0.
 388  0.
 389  0.
 390  0.
 391  0.
 392  0.
 393  0.
 394  0.
 395  0.
 396  0.
 397  0.
 398  0.
 399  0.
 400  0.
 401  0.
 402  0.
 403  0.
 404  0.
 405  0.
 406  0.
 407  0.
 408  0.
 409  0.
 410  0.
 411  0.
 412  0.
 413  0.
 414  0.
 415  0.
 416  0.
 417  0.
 418  0.
 419  0.
 420  0.
 421  0.
 422  0.
 423  0.
 424  0.
 425  0.
 426  0.
 427  0.
 428  0.
 429  0.
 430  0.
 431  0.
 432  0.
 433  0.
 434  0.
 435  0.
 436  0.
 437  0.
 438  0.
 439  0.
 440  0.
 441  0.
 442  0.
 443  0.
 444  0.
 445  0.
 446  0.
 447  0.
 448  0.
 449  0.
 450  0.
 451  0.
 452  0.
 453  0.
 454  0.
 455  0.
 456  0.
 457  0.
 458  0.
 459  0.
 460  0.
 461  0.
 462  0.
 463  0.
 464  0.
 465  0.
 466  0.
 467  0.
 468  0.
 469  0.
 470  0.
 471  0.
 472  0.
 473  0.
 474  0.
 475  0.
 476  0.
 477  0.
 478  0.
 479  0.
 480  0.
 481  0.
 482  0.
 483  0.
 484  0.
 485  0.
 486  0.
 487  0.
 488  0.
 489  0.
 490  0.
 491  0.
 492  0.
 493  0.
 494  0.
 495  0.
 496  0.
 497  0.
 498  0.
 499  0.
 500  0.

 1  0.
 2  0.
 3  0.
 4  0.
 5  0.
 6  0.
 7  0.
 8  0.
 9  0.
 10  0.
 11  0.
 12  0.
 13  0.
 14  0.
 15  0.
 16  0.
 17  0.
 18  0.
 19  0.
 20  0.
 21  0.
 22  0.
 23  0.
 24  0.
 25  0.
 26  0.
 27  0.
 28  0.
 29  0.
 30  0.
 31  0.
 32  0.
 33  0.
 34  0.
 35  0.
 36  0.
 37  0.
 38  0.
 39  0.
 40  0.
 41  0.
 42  0.
 43  0.
 44  0.
 45  0.
 46  0.
 47  0.
 48  0.
 49  0.
 50  0.
 51  0.
 52  0.
 53  0.
 54  0.
 55  0.
 56  0.
 57  0.
 58  0.
 59  0.
 60  0.
 61  0.
 62  0.
 63  0.
 64  0.
 65  0.
 66  0.
 67  0.
 68  0.
 69  0.
 70  0.
 71  0.
 72  0.
 73  0.
 74  0.
 75  0.
 76  0.
 77  0.
 78  0.
 79  0.
 80  0.
 81  0.
 82  0.
 83  0.
 84  0.
 85  0.
 86  0.
 87  0.
 88  0.
 89  0.
 90  0.
 91  0.
 92  0.
 93  0.
 94  0.
 95  0.
 96  0.
 97  0.
 98  0.
 99  0.
 100  0.
 101  0.
 102  0.
 103  0.
 104  0.
 105  0.
 106  0.
 107  0.
 108  0.
 109  0.
 110  0.
 111  0.
 112  0.
 113  0.
 114  0.
 115  0.
 116  0.
 117  0.
 118  0.
 119  0.
 120  0.
 121  0.
 122  0.
 123  0.
 124  0.
 125  0.
 126  0.
 127  0.
 128  0.
 129  0.
 130  0.
 131  0.
 132  0.
 133  0.
 134  0.
 135  0.
 136  0.
 137  0.
 138  0.
 139  0.
 140  0.
 141  0.
 142  0.
 143  0.
 144  0.
 145  0.
 146  0.
 147  0.
 148  0.
 149  0.
 150  0.
 151  0.
 152  0.
 153  0.
 154  0.
 155  0.
 156  0.
 157  0.
 158  0.
 159  0.
 160  0.
 161  0.
 162  0.
 163  0.
 164  0.
 165  0.
 166  0.
 167  0.
 168  0.
 169  0.
 170  0.
 171  0.
 172  0.
 173  0.
 174  0.
 175  0.
 176  0.
 177  0.
 178  0.
 179  0.
 180  0.
 181  0.
 182  0.
 183  0.
 184  0.
 185  0.
 186  0.
 187  0.
 188  0.
 189  0.
 190  0.
 191  0.
 192  0.
 193  0.
 194  0.
 195  0.
 196  0.
 197  0.
 198  0.
 199  0.
 200  0.
 201  0.
 202  0.
 203  0.
 204  0.
 205  0.
 206  0.
 207  0.
 208  0.
 209  0.
 210  0.
 211  0.
 212  0.
 213  0.
 214  0.
 215  0.
 216  0.
 217  0.
 218  0.
 219  0.
 220  0.
 221  0.
 222  0.
 223  0.
 224  0.
 225  0.
 226  0.
 227  0.
 228  0.
 229  0.
 230  0.
 231  0.
 232  0.
 233  0.
 234  0.
 235  0.
 236  0.
 237  0.
 238  0.
 239  0.
 240  0.
 241  0.
 242  0.
 243  0.
 244  0.
 245  0.
 246  0.
 247  0.
 248  0.
 249  0.
 250  0.
 251  0.
 252  0.
 253  0.
 254  0.
 255  0.
 256  0.
 257  0.
 258  0.
 259  0.
 260  0.
 261  0.
 262  0.
 263  0.
 264  0.
 265  0.
 266  0.
 267  0.
 268  0.
 269  0.
 270  0.
 271  0.
 272  0.
 273  0.
 274  0.
 275  0.
 276  0.
 277  0.
 278  0.
 279  0.
 280  0.
 281  0.
 282  0.
 283  0.
 284  0.
 285  0.
 286  0.
 287  0.
 288  0.
 289  0.
 290  0.
 291  0.
 292  0.
 293  0.
 294  0.
 295  0.
 296  0.
 297  0.
 298  0.
 299  0.
 300  0.
 301  0.
 302  0.
 303  0.
 304  0.
 305  0.
 306  0.
 307  0.
 308  0.
 309  0.
 310  0.
 311  0.
 312  0.
 313  0.
 314  0.
 315  0.
 316  0.
 317  0.
 318  0.
 319  0.
 320  0.
 321  0.
 322  0.
 323  0.
 324  0.
 325  0.
 326  0.
 327  0.
 328  0.
 329  0.
 330  0.
 331  0.
 332  0.
 333  0.
 334  0.
 335  0.
 336  0.
 337  0.
 338  0.
 339  0.
 340  0.
 341  0.
 342  0.
 343  0.
 344  0.
 345  0.
 346  0.
 347  0.
 348  0.
 349  0.
 350  0.
 351  0.
 352  0.
 353  0.
 354  0.
 355  0.
 356  0.
 357  0.
 358  0.
 359  0.
 360  0.
 361  0.
 362  0.
 363  0.
 364  0.
 365  0.
 366  0.
 367  0.
 368  0.
 369  0.
 370  0.
 371  0.
 372  0.
 373  0.
 374  0.
 375  0.
 376  0.
 377  0.
 378  0.
 379  0.
 380  0.
 381  0.
 382  0.
 383  0.
 384  0.
 385  0.
 386  0.
 387  0.
 388  0.
 389  0.
 390  0.
 391  0.
 392  0.
 393  0.
 394  0.
 395  0.
 396  0.
 397  0.
 398  0.
 399  0.
 400  0.
 401  0.
 402  0.
 403  0.
 404  0.
 405  0.
 406  0.
 407  0.
 408  0.
 409  0.
 410  0.
 411  0.
 412  0.
 413  0.
 414  0.
 415  0.
 416  0.
 417  0.
 418  0.
 419  0.
 420  0.
 421  0.
 422  0.
 423  0.
 424  0.
 425  0.
 426  0.
 427  0.
 428  0.
 429  0.
 430  0.
 431  0.
 432  0.
 433  0.
 434  0.
 435  0.
 436  0.
 437  0.
 438  0.
 439  0.
 440  0.
 441  0.
 442  0.
 443  0.
 444  0.
 445  0.
 446  0.
 447  0.
 448  0.
 449  0.
 450  0.
 451  0.
 452  0.
 453  0.
 454  0.
 455  0.
 456  0.
 457  0.
 458  0.
 459  0.
 460  0.
 461  0.
 462  0.
 463  0.
 464  0.
 465  0.
 466  0.
 467  0.
 468  0.
 469  0.
 470  0.
 471  0.
 472  0.
 473  0.
 474  0.
 475  0.
 476  0.
 477  0.
 478  0.
 479  0.
 480  0.
 481  0.
 482  0.
 483  0.
 484  0.
 485  0.
 486  0.
 487  0.
 488  0.
 489  0.
 490  0.
 491  0.
 492  0.
 493  0.
 494  0.
 495  0.
 496  0.
 497  0.
 498  0.
 499  0.
 500  0.

 1  0.
 2  0.
 3  0.
 4  0.
 5  0.
 6  0.
 7  0.
 8  0.
 9  0.
 10  0.
 11  0.
 12  0.
 13  0.
 14  0.
 15  0.
 16  0.
 17  0.
 18  0.
 19  0.
 20  0.
 21  0.
 22  0.
 23  0.
 24  0.
 25  0.
 26  0.
 27  0.
 28  0.
 29  0.
 30  0.
 31  0.
 32  0.
 33  0.
 34  0.
 35  0.
 36  0.
 37  0.
 38  0.
 39  0.
 40  0.
 41  0.
 42  0.
 43  0.
 44  0.
 45  0.
 46  0.
 47  0.
 48  0.
 49  0.
 50  0.
 51  0.
 52  0.
 53  0.
 54  0.
 55  0.
 56  0.
 57  0.
 58  0.
 59  0.
 60  0.
 61  0.
 62  0.
 63  0.
 64  0.
 65  0.
 66  0.
 67  0.
 68  0.
 69  0.
 70  0.
 71  0.
 72  0.
 73  0.
 74  0.
 75  0.
 76  0.
 77  0.
 78  0.
 79  0.
 80  0.
 81  0.
 82  0.
 83  0.
 84  0.
 85  0.
 86  0.
 87  0.
 88  0.
 89  0.
 90  0.
 91  0.
 92  0.
 93  0.
 94  0.
 95  0.
 96  0.
 97  0.
 98  0.
 99  0.
 100  0.
 101  0.
 102  0.
 103  0.
 104  0.
 105  0.
 106  0.
 107  0.
 108  0.
 109  0.
 110  0.
 111  0.
 112  0.
 113  0.
 114  0.
 115  0.
 116  0.
 117  0.
 118  0.
 119  0.
 120  0.
 121  0.
 122  0.
 123  0.
 124  0.
 125  0.
 126  0.
 127  0.
 128  0.
 129  0.
 130  0.
 131  0.
 132  0.
 133  0.
 134  0.
 135  0.
 136  0.
 137  0.
 138  0.
 139  0.
 140  0.
 141  0.
 142  0.
 143  0.
 144  0.
 145  0.
 146  0.
 147  0.
 148  0.
 149  0.
 150  0.
 151  0.
 152  0.
 153  0.
 154  0.
 155  0.
 156  0.
 157  0.
 158  0.
 159  0.
 160  0.
 161  0.
 162  0.
 163  0.
 164  0.
 165  0.
 166  0.
 167  0.
 168  0.
 169  0.
 170  0.
 171  0.
 172  0.
 173  0.
 174  0.
 175  0.
 176  0.
 177  0.
 178  0.
 179  0.
 180  0.
 181  0.
 182  0.
 183  0.
 184  0.
 185  0.
 186  0.
 187  0.
 188  0.
 189  0.
 190  0.
 191  0.
 192  0.
 193  0.
 194  0.
 195  0.
 196  0.
 197  0.
 198  0.
 199  0.
 200  0.
 201  0.
 202  0.
 203  0.
 204  0.
 205  0.
 206  0.
 207  0.
 208  0.
 209  0.
 210  0.
 211  0.
 212  0.
 213  0.
 214  0.
 215  0.
 216  0.
 217  0.
 218  0.
 219  0.
 220  0.
 221  0.
 222  0.
 223  0.
 224  0.
 225  0.
 226  0.
 227  0.
 228  0.
 229  0.
 230  0.
 231  0.
 232  0.
 233  0.
 234  0.
 235  0.
 236  0.
 237  0.
 238  0.
 239  0.
 240  0.
 241  0.
 242  0.
 243  0.
 244  0.
 245  0.
 246  0.
 247  0.
 248  0.
 249  0.
 250  0.
 251  0.
 252  0.
 253  0.
 254  0.
 255  0.
 256  0.
 257  0.
 258  0.
 259  0.
 260  0.
 261  0.
 262  0.
 263  0.
 264  0.
 265  0.
 266  0.
 267  0.
 268  0.
 269  0.
 270  0.
 271  0.
 272  0.
 273  0.
 274  0.
 275  0.
 276  0.
 277  0.
 278  0.
 279  0.
 280  0.
 281  0.
 282  0.
 283  0.
 284  0.
 285  0.
 286  0.
 287  0.
 288  0.
 289  0.
 290  0.
 291  0.
 292  0.
 293  0.
 294  0.
 295  0.
 296  0.
 297  0.
 298  0.
 299  0.
 300  0.
 301  0.
 302  0.
 303  0.
 304  0.
 305  0.
 306  0.
 307  0.
 308  0.
 309  0.
 310  0.
 311  0.
 312  0.
 313  0.
 314  0.
 315  0.
 316  0.
 317  0.
 318  0.
 319  0.
 320  0.
 321  0.
 322  0.
 323  0.
 324  0.
 325  0.
 326  0.
 327  0.
 328  0.
 329  0.
 330  0.
 331  0.
 332  0.
 333  0.
 334  0.
 335  0.
 336  0.
 337  0.
 338  0.
 339  0.
 340  0.
 341  0.
 342  0.
 343  0.
 344  0.
 345  0.
 346  0.
 347  0.
 348  0.
 349  0.
 350  0.
 351  0.
 352  0.
 353  0.
 354  0.
 355  0.
 356  0.
 357  0.
 358  0.
 359  0.
 360  0.
 361  0.
 362  0.
 363  0.
 364  0.
 365  0.
 366  0.
 367  0.
 368  0.
 369  0.
 370  0.
 371  0.
 372  0.
 373  0.
 374  0.
 375  0.
 376  0.
 377  0.
 378  0.
 379  0.
 380  0.
 381  0.
 382  0.
 383  0.
 384  0.
 385  0.
 386  0.
 387  0.
 388  0.
 389  0.
 390  0.
 391  0.
 392  0.
 393  0.
 394  0.
 395  0.
 396  0.
 397  0.
 398  0.
 399  0.
 400  0.
 401  0.
 402  0.
 403  0.
 404  0.
 405  0.
 406  0.
 407  0.
 408  0.
 409  0.
 410  0.
 411  0.
 412  0.
 413  0.
 414  0.
 415  0.
 416  0.
 417  0.
 418  0.
 419  0.
 420  0.
 421  0.
 422  0.
 423  0.
 424  0.
 425  0.
 426  0.
 427  0.
 428  0.
 429  0.
 430  0.
 431  0.
 432  0.
 433  0.
 434  0.
 435  0.
 436  0.
 437  0.
 438  0.
 439  0.
 440  0.
 441  0.
 442  0.
 443  0.
 444  0.
 445  0.
 446  0.
 447  0.
 448  0.
 449  0.
 450  0.
 451  0.
 452  0.
 453  0.
 454  0.
 455  0.
 456  0.
 457  0.
 458  0.
 459  0.
 460  0.
 461  0.
 462  0.
 463  0.
 464  0.
 465  0.
 466  0.
 467  0.
 468  0.
 469  0.
 470  0.
 471  0.
 472  0.
 473  0.
 474  0.
 475  0.
 476  0.
 477  0.
 478  0.
 479  0.
 480  0.
 481  0.
 482  0.
 483  0.
 484  0.
 485  0.
 486  0.
 487  0.
 488  0.
 489  0.
 490  0.
 491  0.
 492  0.
 493  0.
 494  0.
 495  0.
 496  0.
 497  0.
 498  0.
 499  0.
 500  0.

 1  0.
 2  0.
 3  0.
 4  0.
 5  0.
 6  0.
 7  0.
 8  0.
 9  0.
 10  0.
 11  0.
 12  0.
 13  0.
 14  0.
 15  0.
 16  0.
 17  0.
 18  0.
 19  0.
 20  0.
 21  0.
 22  0.
 23  0.
 24  0.
 25  0.
 26  0.
 27  0.
 28  0.
 29  0.
 30  0.
 31  0.
 32  0.
 33  0.
 34  0.
 35  0.
 36  0.
 37  0.
 38  0.
 39  0.
 40  0.
 41  0.
 42  0.
 43  0.
 44  0.
 45  0.
 46  0.
 47  0.
 48  0.
 49  0.
 50  0.
 51  0.
 52  0.
 53  0.
 54  0.
 55  0.
 56  0.
 57  0.
 58  0.
 59  0.
 60  0.
 61  0.
 62  0.
 63  0.
 64  0.
 65  0.
 66  0.
 67  0.
 68  0.
 69  0.
 70  0.
 71  0.
 72  0.
 73  0.
 74  0.
 75  0.
 76  0.
 77  0.
 78  0.
 79  0.
 80  0.
 81  0.
 82  0.
 83  0.
 84  0.
 85  0.
 86  0.
 87  0.
 88  0.
 89  0.
 90  0.
 91  0.
 92  0.
 93  0.
 94  0.
 95  0.
 96  0.
 97  0.
 98  0.
 99  0.
 100  0.
 101  0.
 102  0.
 103  0.
 104  0.
 105  0.
 106  0.
 107  0.
 108  0.
 109  0.
 110  0.
 111  0.
 112  0.
 113  0.
 114  0.
 115  0.
 116  0.
 117  0.
 118  0.
 119  0.
 120  0.
 121  0.
 122  0.
 123  0.
 124  0.
 125  0.
 126  0.
 127  0.
 128  0.
 129  0.
 130  0.
 131  0.
 132  0.
 133  0.
 134  0.
 135  0.
 136  0.
 137  0.
 138  0.
 139  0.
 140  0.
 141  0.
 142  0.
 143  0.
 144  0.
 145  0.
 146  0.
 147  0.
 148  0.
 149  0.
 150  0.
 151  0.
 152  0.
 153  0.
 154  0.
 155  0.
 156  0.
 157  0.
 158  0.
 159  0.
 160  0.
 161  0.
 162  0.
 163  0.
 164  0.
 165  0.
 166  0.
 167  0.
 168  0.
 169  0.
 170  0.
 171  0.
 172  0.
 173  0.
 174  0.
 175  0.
 176  0.
 177  0.
 178  0.
 179  0.
 180  0.
 181  0.
 182  0.
 183  0.
 184  0.
 185  0.
 186  0.
 187  0.
 188  0.
 189  0.
 190  0.
 191  0.
 192  0.
 193  0.
 194  0.
 195  0.
 196  0.
 197  0.
 198  0.
 199  0.
 200  0.
 201  0.
 202  0.
 203  0.
 204  0.
 205  0.
 206  0.
 207  0.
 208  0.
 209  0.
 210  0.
 211  0.
 212  0.
 213  0.
 214  0.
 215  0.
 216  0.
 217  0.
 218  0.
 219  0.
 220  0.
 221  0.
 222  0.
 223  0.
 224  0.
 225  0.
 226  0.
 227  0.
 228  0.
 229  0.
 230  0.
 231  0.
 232  0.
 233  0.
 234  0.
 235  0.
 236  0.
 237  0.
 238  0.
 239  0.
 240  0.
 241  0.
 242  0.
 243  0.
 244  0.
 245  0.
 246  0.
 247  0.
 248  0.
 249  0.
 250  0.
 251  0.
 252  0.
 253  0.
 254  0.
 255  0.
 256  0.
 257  0.
 258  0.
 259  0.
 260  0.
 261  0.
 262  0.
 263  0.
 264  0.
 265  0.
 266  0.
 267  0.
 268  0.
 269  0.
 270  0.
 271  0.
 272  0.
 273  0.
 274  0.
 275  0.
 276  0.
 277  0.
 278  0.
 279  0.
 280  0.
 281  0.
 282  0.
 283  0.
 284  0.
 285  0.
 286  0.
 287  0.
 288  0.
 289  0.
 290  0.
 291  0.
 292  0.
 293  0.
 294  0.
 295  0.
 296  0.
 297  0.
 298  0.
 299  0.
 300  0.
 301  0.
 302  0.
 303  0.
 304  0.
 305  0.
 306  0.
 307  0.
 308  0.
 309  0.
 310  0.
 311  0.
 312  0.
 313  0.
 314  0.
 315  0.
 316  0.
 317  0.
 318  0.
 319  0.
 320  0.
 321  0.
 322  0.
 323  0.
 324  0.
 325  0.
 326  0.
 327  0.
 328  0.
 329  0.
 330  0.
 331  0.
 332  0.
 333  0.
 334  0.
 335  0.
 336  0.
 337  0.
 338  0.
 339  0.
 340  0.
 341  0.
 342  0.
 343  0.
 344  0.
 345  0.
 346  0.
 347  0.
 348  0.
 349  0.
 350  0.
 351  0.
 352  0.
 353  0.
 354  0.
 355  0.
 356  0.
 357  0.
 358  0.
 359  0.
 360  0.
 361  0.
 362  0.
 363  0.
 364  0.
 365  0.
 366  0.
 367  0.
 368  0.
 369  0.
 370  0.
 371  0.
 372  0.
 373  0.
 374  0.
 375  0.
 376  0.
 377  0.
 378  0.
 379  0.
 380  0.
 381  0.
 382  0.
 383  0.
 384  0.
 385  0.
 386  0.
 387  0.
 388  0.
 389  0.
 390  0.
 391  0.
 392  0.
 393  0.
 394  0.
 395  0.
 396  0.
 397  0.
 398  0.
 399  0.
 400  0.
 401  0.
 402  0.
 403  0.
 404  0.
 405  0.
 406  0.
 407  0.
 408  0.
 409  0.
 410  0.
 411  0.
 412  0.
 413  0.
 414  0.
 415  0.
 416  0.
 417  0.
 418  0.
 419  0.
 420  0.
 421  0.
 422  0.
 423  0.
 424  0.
 425  0.
 426  0.
 427  0.
 428  0.
 429  0.
 430  0.
 431  0.
 432  0.
 433  0.
 434  0.
 435  0.
 436  0.
 437  0.
 438  0.
 439  0.
 440  0.
 441  0.
 442  0.
 443  0.
 444  0.
 445  0.
 446  0.
 447  0.
 448  0.
 449  0.
 450  0.
 451  0.
 452  0.
 453  0.
 454  0.
 455  0.
 456  0.
 457  0.
 458  0.
 459  0.
 460  0.
 461  0.
 462  0.
 463  0.
 464  0.
 465  0.
 466  0.
 467  0.
 468  0.
 469  0.
 470  0.
 471  0.
 472  0.
 473  0.
 474  0.
 475  0.
 476  0.
 477  0.
 478  0.
 479  0.
 480  0.
 481  0.
 482  0.
 483  0.
 484  0.
 485  0.
 486  0.
 487  0.
 488  0.
 489  0.
 490  0.
 491  0.
 492  0.
 493  0.
 494  0.
 495  0.
 496  0.
 497  0.
 498  0.
 499  0.
 500  0.

 1  0.
 2  0.
 3  0.
 4  0.
 5  0.
 6  0.
 7  0.
 8  0.
 9  0.
 10  0.
 11  0.
 12  0.
 13  0.
 14  0.
 15  0.
 16  0.
 17  0.
 18  0.
 19  0.
 20  0.
 21  0.
 22  0.
 23  0.
 24  0.
 25  0.
 26  0.
 27  0.
 28  0.
 29  0.
 30  0.
 31  0.
 32  0.
 33  0.
 34  0.
 35  0.
 36  0.
 37  0.
 38  0.
 39  0.
 40  0.
 41  0.
 42  0.
 43  0.
 44  0.
 45  0.
 46  0.
 47  0.
 48  0.
 49  0.
 50  0.
 51  0.
 52  0.
 53  0.
 54  0.
 55  0.
 56  0.
 57  0.
 58  0.
 59  0.
 60  0.
 61  0.
 62  0.
 63  0.
 64  0.
 65  0.
 66  0.
 67  0.
 68  0.
 69  0.
 70  0.
 71  0.
 72  0.
 73  0.
 74  0.
 75  0.
 76  0.
 77  0.
 78  0.
 79  0.
 80  0.
 81  0.
 82  0.
 83  0.
 84  0.
 85  0.
 86  0.
 87  0.
 88  0.
 89  0.
 90  0.
 91  0.
 92  0.
 93  0.
 94  0.
 95  0.
 96  0.
 97  0.
 98  0.
 99  0.
 100  0.
 101  0.
 102  0.
 103  0.
 104  0.
 105  0.
 106  0.
 107  0.
 108  0.
 109  0.
 110  0.
 111  0.
 112  0.
 113  0.
 114  0.
 115  0.
 116  0.
 117  0.
 118  0.
 119  0.
 120  0.
 121  0.
 122  0.
 123  0.
 124  0.
 125  0.
 126  0.
 127  0.
 128  0.
 129  0.
 130  0.
 131  0.
 132  0.
 133  0.
 134  0.
 135  0.
 136  0.
 137  0.
 138  0.
 139  0.
 140  0.
 141  0.
 142  0.
 143  0.
 144  0.
 145  0.
 146  0.
 147  0.
 148  0.
 149  0.
 150  0.
 151  0.
 152  0.
 153  0.
 154  0.
 155  0.
 156  0.
 157  0.
 158  0.
 159  0.
 160  0.
 161  0.
 162  0.
 163  0.
 164  0.
 165  0.
 166  0.
 167  0.
 168  0.
 169  0.
 170  0.
 171  0.
 172  0.
 173  0.
 174  0.
 175  0.
 176  0.
 177  0.
 178  0.
 179  0.
 180  0.
 181  0.
 182  0.
 183  0.
 184  0.
 185  0.
 186  0.
 187  0.
 188  0.
 189  0.
 190  0.
 191  0.
 192  0.
 193  0.
 194  0.
 195  0.
 196  0.
 197  0.
 198  0.
 199  0.
 200  0.
 201  0.
 202  0.
 203  0.
 204  0.
 205  0.
 206  0.
 207  0.
 208  0.
 209  0.
 210  0.
 211  0.
 212  0.
 213  0.
 214  0.
 215  0.
 216  0.
 217  0.
 218  0.
 219  0.
 220  0.
 221  0.
 222  0.
 223  0.
 224  0.
 225  0.
 226  0.
 227  0.
 228  0.
 229  0.
 230  0.
 231  0.
 232  0.
 233  0.
 234  0.
 235  0.
 236  0.
 237  0.
 238  0.
 239  0.
 240  0.
 241  0.
 242  0.
 243  0.
 244  0.
 245  0.
 246  0.
 247  0.
 248  0.
 249  0.
 250  0.
 251  0.
 252  0.
 253  0.
 254  0.
 255  0.
 256  0.
 257  0.
 258  0.
 259  0.
 260  0.
 261  0.
 262  0.
 263  0.
 264  0.
 265  0.
 266  0.
 267  0.
 268  0.
 269  0.
 270  0.
 271  0.
 272  0.
 273  0.
 274  0.
 275  0.
 276  0.
 277  0.
 278  0.
 279  0.
 280  0.
 281  0.
 282  0.
 283  0.
 284  0.
 285  0.
 286  0.
 287  0.
 288  0.
 289  0.
 290  0.
 291  0.
 292  0.
 293  0.
 294  0.
 295  0.
 296  0.
 297  0.
 298  0.
 299  0.
 300  0.
 301  0.
 302  0.
 303  0.
 304  0.
 305  0.
 306  0.
 307  0.
 308  0.
 309  0.
 310  0.
 311  0.
 312  0.
 313  0.
 314  0.
 315  0.
 316  0.
 317  0.
 318  0.
 319  0.
 320  0.
 321  0.
 322  0.
 323  0.
 324  0.
 325  0.
 326  0.
 327  0.
 328  0.
 329  0.
 330  0.
 331  0.
 332  0.
 333  0.
 334  0.
 335  0.
 336  0.
 337  0.
 338  0.
 339  0.
 340  0.
 341  0.
 342  0.
 343  0.
 344  0.
 345  0.
 346  0.
 347  0.
 348  0.
 349  0.
 350  0.
 351  0.
 352  0.
 353  0.
 354  0.
 355  0.
 356  0.
 357  0.
 358  0.
 359  0.
 360  0.
 361  0.
 362  0.
 363  0.
 364  0.
 365  0.
 366  0.
 367  0.
 368  0.
 369  0.
 370  0.
 371  0.
 372  0.
 373  0.
 374  0.
 375  0.
 376  0.
 377  0.
 378  0.
 379  0.
 380  0.
 381  0.
 382  0.
 383  0.
 384  0.
 385  0.
 386  0.
 387  0.
 388  0.
 389  0.
 390  0.
 391  0.
 392  0.
 393  0.
 394  0.
 395  0.
 396  0.
 397  0.
 398  0.
 399  0.
 400  0.
 401  0.
 402  0.
 403  0.
 404  0.
 405  0.
 406  0.
 407  0.
 408  0.
 409  0.
 410  0.
 411  0.
 412  0.
 413  0.
 414  0.
 415  0.
 416  0.
 417  0.
 418  0.
 419  0.
 420  0.
 421  0.
 422  0.
 423  0.
 424  0.
 425  0.
 426  0.
 427  0.
 428  0.
 429  0.
 430  0.
 431  0.
 432  0.
 433  0.
 434  0.
 435  0.
 436  0.
 437  0.
 438  0.
 439  0.
 440  0.
 441  0.
 442  0.
 443  0.
 444  0.
 445  0.
 446  0.
 447  0.
 448  0.
 449  0.
 450  0.
 451  0.
 452  0.
 453  0.
 454  0.
 455  0.
 456  0.
 457  0.
 458  0.
 459  0.
 460  0.
 461  0.
 462  0.
 463  0.
 464  0.
 465  0.
 466  0.
 467  0.
 468  0.
 469  0.
 470  0.
 471  0.
 472  0.
 473  0.
 474  0.
 475  0.
 476  0.
 477  0.
 478  0.
 479  0.
 480  0.
 481  0.
 482  0.
 483  0.
 484  0.
 485  0.
 486  0.
 487  0.
 488  0.
 489  0.
 490  0.
 491  0.
 492  0.
 493  0.
 494  0.
 495  0.
 496  0.
 497  0.
 498  0.
 499  0.
 500  0.

 1  0.
 2  0.
 3  0.
 4  0.
 5  0.
 6  0.
 7  0.
 8  0.
 9  0.
 10  0.
 11  0.
 12  0.
 13  0.
 14  0.
 15  0.
 16  0.
 17  0.
 18  0.
 19  0.
 20  0.
 21  0.
 22  0.
 23  0.
 24  0.
 25  0.
 26  0.
 27  0.
 28  0.
 29  0.
 30  0.
 31  0.
 32  0.
 33  0.
 34  0.
 35  0.
 36  0.
 37  0.
 38  0.
 39  0.
 40  0.
 41  0.
 42  0.
 43  0.
 44  0.
 45  0.
 46  0.
 47  0.
 48  0.
 49  0.
 50  0.
 51  0.
 52  0.
 53  0.
 54  0.
 55  0.
 56  0.
 57  0.
 58  0.
 59  0.
 60  0.
 61  0.
 62  0.
 63  0.
 64  0.
 65  0.
 66  0.
 67  0.
 68  0.
 69  0.
 70  0.
 71  0.
 72  0.
 73  0.
 74  0.
 75  0.
 76  0.
 77  0.
 78  0.
 79  0.
 80  0.
 81  0.
 82  0.
 83  0.
 84  0.
 85  0.
 86  0.
 87  0.
 88  0.
 89  0.
 90  0.
 91  0.
 92  0.
 93  0.
 94  0.
 95  0.
 96  0.
 97  0.
 98  0.
 99  0.
 100  0.
 101  0.
 102  0.
 103  0.
 104  0.
 105  0.
 106  0.
 107  0.
 108  0.
 109  0.
 110  0.
 111  0.
 112  0.
 113  0.
 114  0.
 115  0.
 116  0.
 117  0.
 118  0.
 119  0.
 120  0.
 121  0.
 122  0.
 123  0.
 124  0.
 125  0.
 126  0.
 127  0.
 128  0.
 129  0.
 130  0.
 131  0.
 132  0.
 133  0.
 134  0.
 135  0.
 136  0.
 137  0.
 138  0.
 139  0.
 140  0.
 141  0.
 142  0.
 143  0.
 144  0.
 145  0.
 146  0.
 147  0.
 148  0.
 149  0.
 150  0.
 151  0.
 152  0.
 153  0.
 154  0.
 155  0.
 156  0.
 157  0.
 158  0.
 159  0.
 160  0.
 161  0.
 162  0.
 163  0.
 164  0.
 165  0.
 166  0.
 167  0.
 168  0.
 169  0.
 170  0.
 171  0.
 172  0.
 173  0.
 174  0.
 175  0.
 176  0.
 177  0.
 178  0.
 179  0.
 180  0.
 181  0.
 182  0.
 183  0.
 184  0.
 185  0.
 186  0.
 187  0.
 188  0.
 189  0.
 190  0.
 191  0.
 192  0.
 193  0.
 194  0.
 195  0.
 196  0.
 197  0.
 198  0.
 199  0.
 200  0.
 201  0.
 202  0.
 203  0.
 204  0.
 205  0.
 206  0.
 207  0.
 208  0.
 209  0.
 210  0.
 211  0.
 212  0.
 213  0.
 214  0.
 215  0.
 216  0.
 217  0.
 218  0.
 219  0.
 220  0.
 221  0.
 222  0.
 223  0.
 224  0.
 225  0.
 226  0.
 227  0.
 228  0.
 229  0.
 230  0.
 231  0.
 232  0.
 233  0.
 234  0.
 235  0.
 236  0.
 237  0.
 238  0.
 239  0.
 240  0.
 241  0.
 242  0.
 243  0.
 244  0.
 245  0.
 246  0.
 247  0.
 248  0.
 249  0.
 250  0.
 251  0.
 252  0.
 253  0.
 254  0.
 255  0.
 256  0.
 257  0.
 258  0.
 259  0.
 260  0.
 261  0.
 262  0.
 263  0.
 264  0.
 265  0.
 266  0.
 267  0.
 268  0.
 269  0.
 270  0.
 271  0.
 272  0.
 273  0.
 274  0.
 275  0.
 276  0.
 277  0.
 278  0.
 279  0.
 280  0.
 281  0.
 282  0.
 283  0.
 284  0.
 285  0.
 286  0.
 287  0.
 288  0.
 289  0.
 290  0.
 291  0.
 292  0.
 293  0.
 294  0.
 295  0.
 296  0.
 297  0.
 298  0.
 299  0.
 300  0.
 301  0.
 302  0.
 303  0.
 304  0.
 305  0.
 306  0.
 307  0.
 308  0.
 309  0.
 310  0.
 311  0.
 312  0.
 313  0.
 314  0.
 315  0.
 316  0.
 317  0.
 318  0.
 319  0.
 320  0.
 321  0.
 322  0.
 323  0.
 324  0.
 325  0.
 326  0.
 327  0.
 328  0.
 329  0.
 330  0.
 331  0.
 332  0.
 333  0.
 334  0.
 335  0.
 336  0.
 337  0.
 338  0.
 339  0.
 340  0.
 341  0.
 342  0.
 343  0.
 344  0.
 345  0.
 346  0.
 347  0.
 348  0.
 349  0.
 350  0.
 351  0.
 352  0.
 353  0.
 354  0.
 355  0.
 356  0.
 357  0.
 358  0.
 359  0.
 360  0.
 361  0.
 362  0.
 363  0.
 364  0.
 365  0.
 366  0.
 367  0.
 368  0.
 369  0.
 370  0.
 371  0.
 372  0.
 373  0.
 374  0.
 375  0.
 376  0.
 377  0.
 378  0.
 379  0.
 380  0.
 381  0.
 382  0.
 383  0.
 384  0.
 385  0.
 386  0.
 387  0.
 388  0.
 389  0.
 390  0.
 391  0.
 392  0.
 393  0.
 394  0.
 395  0.
 396  0.
 397  0.
 398  0.
 399  0.
 400  0.
 401  0.
 402  0.
 403  0.
 404  0.
 405  0.
 406  0.
 407  0.
 408  0.
 409  0.
 410  0.
 411  0.
 412  0.
 413  0.
 414  0.
 415  0.
 416  0.
 417  0.
 418  0.
 419  0.
 420  0.
 421  0.
 422  0.
 423  0.
 424  0.
 425  0.
 426  0.
 427  0.
 428  0.
 429  0.
 430  0.
 431  0.
 432  0.
 433  0.
 434  0.
 435  0.
 436  0.
 437  0.
 438  0.
 439  0.
 440  0.
 441  0.
 442  0.
 443  0.
 444  0.
 445  0.
 446  0.
 447  0.
 448  0.
 449  0.
 450  0.
 451  0.
 452  0.
 453  0.
 454  0.
 455  0.
 456  0.
 457  0.
 458  0.
 459  0.
 460  0.
 461  0.
 462  0.
 463  0.
 464  0.
 465  0.
 466  0.
 467  0.
 468  0.
 469  0.
 470  0.
 471  0.
 472  0.
 473  0.
 474  0.
 475  0.
 476  0.
 477  0.
 478  0.
 479  0.
 480  0.
 481  0.
 482  0.
 483  0.
 484  0.
 485  0.
 486  0.
 487  0.
 488  0.
 489  0.
 490  0.
 491  0.
 492  0.
 493  0.
 494  0.
 495  0.
 496  0.
 497  0.
 498  0.
 499  0.
 500  0.

 1  0.
 2  0.
 3  0.
 4  0.
 5  0.
 6  0.
 7  0.
 8  0.
 9  0.
 10  0.
 11  0.
 12  0.
 13  0.
 14  0.
 15  0.
 16  0.
 17  0.
 18  0.
 19  0.
 20  0.
 21  0.
 22  0.
 23  0.
 24  0.
 25  0.
 26  0.
 27  0.
 28  0.
 29  0.
 30  0.
 31  0.
 32  0.
 33  0.
 34  0.
 35  0.
 36  0.
 37  0.
 38  0.
 39  0.
 40  0.
 41  0.
 42  0.
 43  0.
 44  0.
 45  0.
 46  0.
 47  0.
 48  0.
 49  0.
 50  0.
 51  0.
 52  0.
 53  0.
 54  0.
 55  0.
 56  0.
 57  0.
 58  0.
 59  0.
 60  0.
 61  0.
 62  0.
 63  0.
 64  0.
 65  0.
 66  0.
 67  0.
 68  0.
 69  0.
 70  0.
 71  0.
 72  0.
 73  0.
 74  0.
 75  0.
 76  0.
 77  0.
 78  0.
 79  0.
 80  0.
 81  0.
 82  0.
 83  0.
 84  0.
 85  0.
 86  0.
 87  0.
 88  0.
 89  0.
 90  0.
 91  0.
 92  0.
 93  0.
 94  0.
 95  0.
 96  0.
 97  0.
 98  0.
 99  0.
 100  0.
 101  0.
 102  0.
 103  0.
 104  0.
 105  0.
 106  0.
 107  0.
 108  0.
 109  0.
 110  0.
 111  0.
 112  0.
 113  0.
 114  0.
 115  0.
 116  0.
 117  0.
 118  0.
 119  0.
 120  0.
 121  0.
 122  0.
 123  0.
 124  0.
 125  0.
 126  0.
 127  0.
 128  0.
 129  0.
 130  0.
 131  0.
 132  0.
 133  0.
 134  0.
 135  0.
 136  0.
 137  0.
 138  0.
 139  0.
 140  0.
 141  0.
 142  0.
 143  0.
 144  0.
 145  0.
 146  0.
 147  0.
 148  0.
 149  0.
 150  0.
 151  0.
 152  0.
 153  0.
 154  0.
 155  0.
 156  0.
 157  0.
 158  0.
 159  0.
 160  0.
 161  0.
 162  0.
 163  0.
 164  0.
 165  0.
 166  0.
 167  0.
 168  0.
 169  0.
 170  0.
 171  0.
 172  0.
 173  0.
 174  0.
 175  0.
 176  0.
 177  0.
 178  0.
 179  0.
 180  0.
 181  0.
 182  0.
 183  0.
 184  0.
 185  0.
 186  0.
 187  0.
 188  0.
 189  0.
 190  0.
 191  0.
 192  0.
 193  0.
 194  0.
 195  0.
 196  0.
 197  0.
 198  0.
 199  0.
 200  0.
 201  0.
 202  0.
 203  0.
 204  0.
 205  0.
 206  0.
 207  0.
 208  0.
 209  0.
 210  0.
 211  0.
 212  0.
 213  0.
 214  0.
 215  0.
 216  0.
 217  0.
 218  0.
 219  0.
 220  0.
 221  0.
 222  0.
 223  0.
 224  0.
 225  0.
 226  0.
 227  0.
 228  0.
 229  0.
 230  0.
 231  0.
 232  0.
 233  0.
 234  0.
 235  0.
 236  0.
 237  0.
 238  0.
 239  0.
 240  0.
 241  0.
 242  0.
 243  0.
 244  0.
 245  0.
 246  0.
 247  0.
 248  0.
 249  0.
 250  0.
 251  0.
 252  0.
 253  0.
 254  0.
 255  0.
 256  0.
 257  0.
 258  0.
 259  0.
 260  0.
 261  0.
 262  0.
 263  0.
 264  0.
 265  0.
 266  0.
 267  0.
 268  0.
 269  0.
 270  0.
 271  0.
 272  0.
 273  0.
 274  0.
 275  0.
 276  0.
 277  0.
 278  0.
 279  0.
 280  0.
 281  0.
 282  0.
 283  0.
 284  0.
 285  0.
 286  0.
 287  0.
 288  0.
 289  0.
 290  0.
 291  0.
 292  0.
 293  0.
 294  0.
 295  0.
 296  0.
 297  0.
 298  0.
 299  0.
 300  0.
 301  0.
 302  0.
 303  0.
 304  0.
 305  0.
 306  0.
 307  0.
 308  0.
 309  0.
 310  0.
 311  0.
 312  0.
 313  0.
 314  0.
 315  0.
 316  0.
 317  0.
 318  0.
 319  0.
 320  0.
 321  0.
 322  0.
 323  0.
 324  0.
 325  0.
 326  0.
 327  0.
 328  0.
 329  0.
 330  0.
 331  0.
 332  0.
 333  0.
 334  0.
 335  0.
 336  0.
 337  0.
 338  0.
 339  0.
 340  0.
 341  0.
 342  0.
 343  0.
 344  0.
 345  0.
 346  0.
 347  0.
 348  0.
 349  0.
 350  0.
 351  0.
 352  0.
 353  0.
 354  0.
 355  0.
 356  0.
 357  0.
 358  0.
 359  0.
 360  0.
 361  0.
 362  0.
 363  0.
 364  0.
 365  0.
 366  0.
 367  0.
 368  0.
 369  0.
 370  0.
 371  0.
 372  0.
 373  0.
 374  0.
 375  0.
 376  0.
 377  0.
 378  0.
 379  0.
 380  0.
 381  0.
 382  0.
 383  0.
 384  0.
 385  0.
 386  0.
 387  0.
 388  0.
 389  0.
 390  0.
 391  0.
 392  0.
 393  0.
 394  0.
 395  0.
 396  0.
 397  0.
 398  0.
 399  0.
 400  0.
 401  0.
 402  0.
 403  0.
 404  0.
 405  0.
 406  0.
 407  0.
 408  0.
 409  0.
 410  0.
 411  0.
 412  0.
 413  0.
 414  0.
 415  0.
 416  0.
 417  0.
 418  0.
 419  0.
 420  0.
 421  0.
 422  0.
 423  0.
 424  0.
 425  0.
 426  0.
 427  0.
 428  0.
 429  0.
 430  0.
 431  0.
 432  0.
 433  0.
 434  0.
 435  0.
 436  0.
 437  0.
 438  0.
 439  0.
 440  0.
 441  0.
 442  0.
 443  0.
 444  0.
 445  0.
 446  0.
 447  0.
 448  0.
 449  0.
 450  0.
 451  0.
 452  0.
 453  0.
 454  0.
 455  0.
 456  0.
 457  0.
 458  0.
 459  0.
 460  0.
 461  0.
 462  0.
 463  0.
 464  0.
 465  0.
 466  0.
 467  0.
 468  0.
 469  0.
 470  0.
 471  0.
 472  0.
 473  0.
 474  0.
 475  0.
 476  0.
 477  0.
 478  0.
 479  0.
 480  0.
 481  0.
 482  0.
 483  0.
 484  0.
 485  0.
 486  0.
 487  0.
 488  0.
 489  0.
 490  0.
 491  0.
 492  0.
 493  0.
 494  0.
 495  0.
 496  0.
 497  0.
 498  0.
 499  0.
 500  0.

 1  0.
 2  0.
 3  0.
 4  0.
 5  0.
 6  0.
 7  0.
 8  0.
 9  0.
 10  0.
 11  0.
 12  0.
 13  0.
 14  0.
 15  0.
 16  0.
 17  0.
 18  0.
 19  0.
 20  0.
 21  0.
 22  0.
 23  0.
 24  0.
 25  0.
 26  0.
 27  0.
 28  0.
 29  0.
 30  0.
 31  0.
 32  0.
 33  0.
 34  0.
 35  0.
 36  0.
 37  0.
 38  0.
 39  0.
 40  0.
 41  0.
 42  0.
 43  0.
 44  0.
 45  0.
 46  0.
 47  0.
 48  0.
 49  0.
 50  0.
 51  0.
 52  0.
 53  0.
 54  0.
 55  0.
 56  0.
 57  0.
 58  0.
 59  0.
 60  0.
 61  0.
 62  0.
 63  0.
 64  0.
 65  0.
 66  0.
 67  0.
 68  0.
 69  0.
 70  0.
 71  0.
 72  0.
 73  0.
 74  0.
 75  0.
 76  0.
 77  0.
 78  0.
 79  0.
 80  0.
 81  0.
 82  0.
 83  0.
 84  0.
 85  0.
 86  0.
 87  0.
 88  0.
 89  0.
 90  0.
 91  0.
 92  0.
 93  0.
 94  0.
 95  0.
 96  0.
 97  0.
 98  0.
 99  0.
 100  0.
 101  0.
 102  0.
 103  0.
 104  0.
 105  0.
 106  0.
 107  0.
 108  0.
 109  0.
 110  0.
 111  0.
 112  0.
 113  0.
 114  0.
 115  0.
 116  0.
 117  0.
 118  0.
 119  0.
 120  0.
 121  0.
 122  0.
 123  0.
 124  0.
 125  0.
 126  0.
 127  0.
 128  0.
 129  0.
 130  0.
 131  0.
 132  0.
 133  0.
 134  0.
 135  0.
 136  0.
 137  0.
 138  0.
 139  0.
 140  0.
 141  0.
 142  0.
 143  0.
 144  0.
 145  0.
 146  0.
 147  0.
 148  0.
 149  0.
 150  0.
 151  0.
 152  0.
 153  0.
 154  0.
 155  0.
 156  0.
 157  0.
 158  0.
 159  0.
 160  0.
 161  0.
 162  0.
 163  0.
 164  0.
 165  0.
 166  0.
 167  0.
 168  0.
 169  0.
 170  0.
 171  0.
 172  0.
 173  0.
 174  0.
 175  0.
 176  0.
 177  0.
 178  0.
 179  0.
 180  0.
 181  0.
 182  0.
 183  0.
 184  0.
 185  0.
 186  0.
 187  0.
 188  0.
 189  0.
 190  0.
 191  0.
 192  0.
 193  0.
 194  0.
 195  0.
 196  0.
 197  0.
 198  0.
 199  0.
 200  0.
 201  0.
 202  0.
 203  0.
 204  0.
 205  0.
 206  0.
 207  0.
 208  0.
 209  0.
 210  0.
 211  0.
 212  0.
 213  0.
 214  0.
 215  0.
 216  0.
 217  0.
 218  0.
 219  0.
 220  0.
 221  0.
 222  0.
 223  0.
 224  0.
 225  0.
 226  0.
 227  0.
 228  0.
 229  0.
 230  0.
 231  0.
 232  0.
 233  0.
 234  0.
 235  0.
 236  0.
 237  0.
 238  0.
 239  0.
 240  0.
 241  0.
 242  0.
 243  0.
 244  0.
 245  0.
 246  0.
 247  0.
 248  0.
 249  0.
 250  0.
 251  0.
 252  0.
 253  0.
 254  0.
 255  0.
 256  0.
 257  0.
 258  0.
 259  0.
 260  0.
 261  0.
 262  0.
 263  0.
 264  0.
 265  0.
 266  0.
 267  0.
 268  0.
 269  0.
 270  0.
 271  0.
 272  0.
 273  0.
 274  0.
 275  0.
 276  0.
 277  0.
 278  0.
 279  0.
 280  0.
 281  0.
 282  0.
 283  0.
 284  0.
 285  0.
 286  0.
 287  0.
 288  0.
 289  0.
 290  0.
 291  0.
 292  0.
 293  0.
 294  0.
 295  0.
 296  0.
 297  0.
 298  0.
 299  0.
 300  0.
 301  0.
 302  0.
 303  0.
 304  0.
 305  0.
 306  0.
 307  0.
 308  0.
 309  0.
 310  0.
 311  0.
 312  0.
 313  0.
 314  0.
 315  0.
 316  0.
 317  0.
 318  0.
 319  0.
 320  0.
 321  0.
 322  0.
 323  0.
 324  0.
 325  0.
 326  0.
 327  0.
 328  0.
 329  0.
 330  0.
 331  0.
 332  0.
 333  0.
 334  0.
 335  0.
 336  0.
 337  0.
 338  0.
 339  0.
 340  0.
 341  0.
 342  0.
 343  0.
 344  0.
 345  0.
 346  0.
 347  0.
 348  0.
 349  0.
 350  0.
 351  0.
 352  0.
 353  0.
 354  0.
 355  0.
 356  0.
 357  0.
 358  0.
 359  0.
 360  0.
 361  0.
 362  0.
 363  0.
 364  0.
 365  0.
 366  0.
 367  0.
 368  0.
 369  0.
 370  0.
 371  0.
 372  0.
 373  0.
 374  0.
 375  0.
 376  0.
 377  0.
 378  0.
 379  0.
 380  0.
 381  0.
 382  0.
 383  0.
 384  0.
 385  0.
 386  0.
 387  0.
 388  0.
 389  0.
 390  0.
 391  0.
 392  0.
 393  0.
 394  0.
 395  0.
 396  0.
 397  0.
 398  0.
 399  0.
 400  0.
 401  0.
 402  0.
 403  0.
 404  0.
 405  0.
 406  0.
 407  0.
 408  0.
 409  0.
 410  0.
 411  0.
 412  0.
 413  0.
 414  0.
 415  0.
 416  0.
 417  0.
 418  0.
 419  0.
 420  0.
 421  0.
 422  0.
 423  0.
 424  0.
 425  0.
 426  0.
 427  0.
 428  0.
 429  0.
 430  0.
 431  0.
 432  0.
 433  0.
 434  0.
 435  0.
 436  0.
 437  0.
 438  0.
 439  0.
 440  0.
 441  0.
 442  0.
 443  0.
 444  0.
 445  0.
 446  0.
 447  0.
 448  0.
 449  0.
 450  0.
 451  0.
 452  0.
 453  0.
 454  0.
 455  0.
 456  0.
 457  0.
 458  0.
 459  0.
 460  0.
 461  0.
 462  0.
 463  0.
 464  0.
 465  0.
 466  0.
 467  0.
 468  0.
 469  0.
 470  0.
 471  0.
 472  0.
 473  0.
 474  0.
 475  0.
 476  0.
 477  0.
 478  0.
 479  0.
 480  0.
 481  0.
 482  0.
 483  0.
 484  0.
 485  0.
 486  0.
 487  0.
 488  0.
 489  0.
 490  0.
 491  0.
 492  0.
 493  0.
 494  0.
 495  0.
 496  0.
 497  0.
 498  0.
 499  0.
 500  0.

 1  0.
 2  0.
 3  0.
 4  0.
 5  0.
 6  0.
 7  0.
 8  0.
 9  0.
 10  0.
 11  0.
 12  0.
 13  0.
 14  0.
 15  0.
 16  0.
 17  0.
 18  0.
 19  0.
 20  0.
 21  0.
 22  0.
 23  0.
 24  0.
 25  0.
 26  0.
 27  0.
 28  0.
 29  0.
 30  0.
 31  0.
 32  0.
 33  0.
 34  0.
 35  0.
 36  0.
 37  0.
 38  0.
 39  0.
 40  0.
 41  0.
 42  0.
 43  0.
 44  0.
 45  0.
 46  0.
 47  0.
 48  0.
 49  0.
 50  0.
 51  0.
 52  0.
 53  0.
 54  0.
 55  0.
 56  0.
 57  0.
 58  0.
 59  0.
 60  0.
 61  0.
 62  0.
 63  0.
 64  0.
 65  0.
 66  0.
 67  0.
 68  0.
 69  0.
 70  0.
 71  0.
 72  0.
 73  0.
 74  0.
 75  0.
 76  0.
 77  0.
 78  0.
 79  0.
 80  0.
 81  0.
 82  0.
 83  0.
 84  0.
 85  0.
 86  0.
 87  0.
 88  0.
 89  0.
 90  0.
 91  0.
 92  0.
 93  0.
 94  0.
 95  0.
 96  0.
 97  0.
 98  0.
 99  0.
 100  0.
 101  0.
 102  0.
 103  0.
 104  0.
 105  0.
 106  0.
 107  0.
 108  0.
 109  0.
 110  0.
 111  0.
 112  0.
 113  0.
 114  0.
 115  0.
 116  0.
 117  0.
 118  0.
 119  0.
 120  0.
 121  0.
 122  0.
 123  0.
 124  0.
 125  0.
 126  0.
 127  0.
 128  0.
 129  0.
 130  0.
 131  0.
 132  0.
 133  0.
 134  0.
 135  0.
 136  0.
 137  0.
 138  0.
 139  0.
 140  0.
 141  0.
 142  0.
 143  0.
 144  0.
 145  0.
 146  0.
 147  0.
 148  0.
 149  0.
 150  0.
 151  0.
 152  0.
 153  0.
 154  0.
 155  0.
 156  0.
 157  0.
 158  0.
 159  0.
 160  0.
 161  0.
 162  0.
 163  0.
 164  0.
 165  0.
 166  0.
 167  0.
 168  0.
 169  0.
 170  0.
 171  0.
 172  0.
 173  0.
 174  0.
 175  0.
 176  0.
 177  0.
 178  0.
 179  0.
 180  0.
 181  0.
 182  0.
 183  0.
 184  0.
 185  0.
 186  0.
 187  0.
 188  0.
 189  0.
 190  0.
 191  0.
 192  0.
 193  0.
 194  0.
 195  0.
 196  0.
 197  0.
 198  0.
 199  0.
 200  0.
 201  0.
 202  0.
 203  0.
 204  0.
 205  0.
 206  0.
 207  0.
 208  0.
 209  0.
 210  0.
 211  0.
 212  0.
 213  0.
 214  0.
 215  0.
 216  0.
 217  0.
 218  0.
 219  0.
 220  0.
 221  0.
 222  0.
 223  0.
 224  0.
 225  0.
 226  0.
 227  0.
 228  0.
 229  0.
 230  0.
 231  0.
 232  0.
 233  0.
 234  0.
 235  0.
 236  0.
 237  0.
 238  0.
 239  0.
 240  0.
 241  0.
 242  0.
 243  0.
 244  0.
 245  0.
 246  0.
 247  0.
 248  0.
 249  0.
 250  0.
 251  0.
 252  0.
 253  0.
 254  0.
 255  0.
 256  0.
 257  0.
 258  0.
 259  0.
 260  0.
 261  0.
 262  0.
 263  0.
 264  0.
 265  0.
 266  0.
 267  0.
 268  0.
 269  0.
 270  0.
 271  0.
 272  0.
 273  0.
 274  0.
 275  0.
 276  0.
 277  0.
 278  0.
 279  0.
 280  0.
 281  0.
 282  0.
 283  0.
 284  0.
 285  0.
 286  0.
 287  0.
 288  0.
 289  0.
 290  0.
 291  0.
 292  0.
 293  0.
 294  0.
 295  0.
 296  0.
 297  0.
 298  0.
 299  0.
 300  0.
 301  0.
 302  0.
 303  0.
 304  0.
 305  0.
 306  0.
 307  0.
 308  0.
 309  0.
 310  0.
 311  0.
 312  0.
 313  0.
 314  0.
 315  0.
 316  0.
 317  0.
 318  0.
 319  0.
 320  0.
 321  0.
 322  0.
 323  0.
 324  0.
 325  0.
 326  0.
 327  0.
 328  0.
 329  0.
 330  0.
 331  0.
 332  0.
 333  0.
 334  0.
 335  0.
 336  0.
 337  0.
 338  0.
 339  0.
 340  0.
 341  0.
 342  0.
 343  0.
 344  0.
 345  0.
 346  0.
 347  0.
 348  0.
 349  0.
 350  0.
 351  0.
 352  0.
 353  0.
 354  0.
 355  0.
 356  0.
 357  0.
 358  0.
 359  0.
 360  0.
 361  0.
 362  0.
 363  0.
 364  0.
 365  0.
 366  0.
 367  0.
 368  0.
 369  0.
 370  0.
 371  0.
 372  0.
 373  0.
 374  0.
 375  0.
 376  0.
 377  0.
 378  0.
 379  0.
 380  0.
 381  0.
 382  0.
 383  0.
 384  0.
 385  0.
 386  0.
 387  0.
 388  0.
 389  0.
 390  0.
 391  0.
 392  0.
 393  0.
 394  0.
 395  0.
 396  0.
 397  0.
 398  0.
 399  0.
 400  0.
 401  0.
 402  0.
 403  0.
 404  0.
 405  0.
 406  0.
 407  0.
 408  0.
 409  0.
 410  0.
 411  0.
 412  0.
 413  0.
 414  0.
 415  0.
 416  0.
 417  0.
 418  0.
 419  0.
 420  0.
 421  0.
 422  0.
 423  0.
 424  0.
 425  0.
 426  0.
 427  0.
 428  0.
 429  0.
 430  0.
 431  0.
 432  0.
 433  0.
 434  0.
 435  0.
 436  0.
 437  0.
 438  0.
 439  0.
 440  0.
 441  0.
 442  0.
 443  0.
 444  0.
 445  0.
 446  0.
 447  0.
 448  0.
 449  0.
 450  0.
 451  0.
 452  0.
 453  0.
 454  0.
 455  0.
 456  0.
 457  0.
 458  0.
 459  0.
 460  0.
 461  0.
 462  0.
 463  0.
 464  0.
 465  0.
 466  0.
 467  0.
 468  0.
 469  0.
 470  0.
 471  0.
 472  0.
 473  0.
 474  0.
 475  0.
 476  0.
 477  0.
 478  0.
 479  0.
 480  0.
 481  0.
 482  0.
 483  0.
 484  0.
 485  0.
 486  0.
 487  0.
 488  0.
 489  0.
 490  0.
 491  0.
 492  0.
 493  0.
 494  0.
 495  0.
 496  0.
 497  0.
 498  0.
 499  0.
 500  0.

 1  0.
 2  0.
 3  0.
 4  0.
 5  0.
 6  0.
 7  0.
 8  0.
 9  0.
 10  0.
 11  0.
 12  0.
 13  0.
 14  0.
 15  0.
 16  0.
 17  0.
 18  0.
 19  0.
 20  0.
 21  0.
 22  0.
 23  0.
 24  0.
 25  0.
 26  0.
 27  0.
 28  0.
 29  0.
 30  0.
 31  0.
 32  0.
 33  0.
 34  0.
 35  0.
 36  0.
 37  0.
 38  0.
 39  0.
 40  0.
 41  0.
 42  0.
 43  0.
 44  0.
 45  0.
 46  0.
 47  0.
 48  0.
 49  0.
 50  0.
 51  0.
 52  0.
 53  0.
 54  0.
 55  0.
 56  0.
 57  0.
 58  0.
 59  0.
 60  0.
 61  0.
 62  0.
 63  0.
 64  0.
 65  0.
 66  0.
 67  0.
 68  0.
 69  0.
 70  0.
 71  0.
 72  0.
 73  0.
 74  0.
 75  0.
 76  0.
 77  0.
 78  0.
 79  0.
 80  0.
 81  0.
 82  0.
 83  0.
 84  0.
 85  0.
 86  0.
 87  0.
 88  0.
 89  0.
 90  0.
 91  0.
 92  0.
 93  0.
 94  0.
 95  0.
 96  0.
 97  0.
 98  0.
 99  0.
 100  0.
 101  0.
 102  0.
 103  0.
 104  0.
 105  0.
 106  0.
 107  0.
 108  0.
 109  0.
 110  0.
 111  0.
 112  0.
 113  0.
 114  0.
 115  0.
 116  0.
 117  0.
 118  0.
 119  0.
 120  0.
 121  0.
 122  0.
 123  0.
 124  0.
 125  0.
 126  0.
 127  0.
 128  0.
 129  0.
 130  0.
 131  0.
 132  0.
 133  0.
 134  0.
 135  0.
 136  0.
 137  0.
 138  0.
 139  0.
 140  0.
 141  0.
 142  0.
 143  0.
 144  0.
 145  0.
 146  0.
 147  0.
 148  0.
 149  0.
 150  0.
 151  0.
 152  0.
 153  0.
 154  0.
 155  0.
 156  0.
 157  0.
 158  0.
 159  0.
 160  0.
 161  0.
 162  0.
 163  0.
 164  0.
 165  0.
 166  0.
 167  0.
 168  0.
 169  0.
 170  0.
 171  0.
 172  0.
 173  0.
 174  0.
 175  0.
 176  0.
 177  0.
 178  0.
 179  0.
 180  0.
 181  0.
 182  0.
 183  0.
 184  0.
 185  0.
 186  0.
 187  0.
 188  0.
 189  0.
 190  0.
 191  0.
 192  0.
 193  0.
 194  0.
 195  0.
 196  0.
 197  0.
 198  0.
 199  0.
 200  0.
 201  0.
 202  0.
 203  0.
 204  0.
 205  0.
 206  0.
 207  0.
 208  0.
 209  0.
 210  0.
 211  0.
 212  0.
 213  0.
 214  0.
 215  0.
 216  0.
 217  0.
 218  0.
 219  0.
 220  0.
 221  0.
 222  0.
 223  0.
 224  0.
 225  0.
 226  0.
 227  0.
 228  0.
 229  0.
 230  0.
 231  0.
 232  0.
 233  0.
 234  0.
 235  0.
 236  0.
 237  0.
 238  0.
 239  0.
 240  0.
 241  0.
 242  0.
 243  0.
 244  0.
 245  0.
 246  0.
 247  0.
 248  0.
 249  0.
 250  0.
 251  0.
 252  0.
 253  0.
 254  0.
 255  0.
 256  0.
 257  0.
 258  0.
 259  0.
 260  0.
 261  0.
 262  0.
 263  0.
 264  0.
 265  0.
 266  0.
 267  0.
 268  0.
 269  0.
 270  0.
 271  0.
 272  0.
 273  0.
 274  0.
 275  0.
 276  0.
 277  0.
 278  0.
 279  0.
 280  0.
 281  0.
 282  0.
 283  0.
 284  0.
 285  0.
 286  0.
 287  0.
 288  0.
 289  0.
 290  0.
 291  0.
 292  0.
 293  0.
 294  0.
 295  0.
 296  0.
 297  0.
 298  0.
 299  0.
 300  0.
 301  0.
 302  0.
 303  0.
 304  0.
 305  0.
 306  0.
 307  0.
 308  0.
 309  0.
 310  0.
 311  0.
 312  0.
 313  0.
 314  0.
 315  0.
 316  0.
 317  0.
 318  0.
 319  0.
 320  0.
 321  0.
 322  0.
 323  0.
 324  0.
 325  0.
 326  0.
 327  0.
 328  0.
 329  0.
 330  0.
 331  0.
 332  0.
 333  0.
 334  0.
 335  0.
 336  0.
 337  0.
 338  0.
 339  0.
 340  0.
 341  0.
 342  0.
 343  0.
 344  0.
 345  0.
 346  0.
 347  0.
 348  0.
 349  0.
 350  0.
 351  0.
 352  0.
 353  0.
 354  0.
 355  0.
 356  0.
 357  0.
 358  0.
 359  0.
 360  0.
 361  0.
 362  0.
 363  0.
 364  0.
 365  0.
 366  0.
 367  0.
 368  0.
 369  0.
 370  0.
 371  0.
 372  0.
 373  0.
 374  0.
 375  0.
 376  0.
 377  0.
 378  0.
 379  0.
 380  0.
 381  0.
 382  0.
 383  0.
 384  0.
 385  0.
 386  0.
 387  0.
 388  0.
 389  0.
 390  0.
 391  0.
 392  0.
 393  0.
 394  0.
 395  0.
 396  0.
 397  0.
 398  0.
 399  0.
 400  0.
 401  0.
 402  0.
 403  0.
 404  0.
 405  0.
 406  0.
 407  0.
 408  0.
 409  0.
 410  0.
 411  0.
 412  0.
 413  0.
 414  0.
 415  0.
 416  0.
 417  0.
 418  0.
 419  0.
 420  0.
 421  0.
 422  0.
 423  0.
 424  0.
 425  0.
 426  0.
 427  0.
 428  0.
 429  0.
 430  0.
 431  0.
 432  0.
 433  0.
 434  0.
 435  0.
 436  0.
 437  0.
 438  0.
 439  0.
 440  0.
 441  0.
 442  0.
 443  0.
 444  0.
 445  0.
 446  0.
 447  0.
 448  0.
 449  0.
 450  0.
 451  0.
 452  0.
 453  0.
 454  0.
 455  0.
 456  0.
 457  0.
 458  0.
 459  0.
 460  0.
 461  0.
 462  0.
 463  0.
 464  0.
 465  0.
 466  0.
 467  0.
 468  0.
 469  0.
 470  0.
 471  0.
 472  0.
 473  0.
 474  0.
 475  0.
 476  0.
 477  0.
 478  0.
 479  0.
 480  0.
 481  0.
 482  0.
 483  0.
 484  0.
 485  0.
 486  0.
 487  0.
 488  0.
 489  0.
 490  0.
 491  0.
 492  0.
 493  0.
 494  0.
 495  0.
 496  0.
 497  0.
 498  0.
 499  0.
 500  0.

 1  0.
 2  0.
 3  0.
 4  0.
 5  0.
 6  0.
 7  0.
 8  0.
 9  0.
 10  0.
 11  0.
 12  0.
 13  0.
 14  0.
 15  0.
 16  0.
 17  0.
 18  0.
 19  0.
 20  0.
 21  0.
 22  0.
 23  0.
 24  0.
 25  0.
 26  0.
 27  0.
 28  0.
 29  0.
 30  0.
 31  0.
 32  0.
 33  0.
 34  0.
 35  0.
 36  0.
 37  0.
 38  0.
 39  0.
 40  0.
 41  0.
 42  0.
 43  0.
 44  0.
 45  0.
 46  0.
 47  0.
 48  0.
 49  0.
 50  0.
 51  0.
 52  0.
 53  0.
 54  0.
 55  0.
 56  0.
 57  0.
 58  0.
 59  0.
 60  0.
 61  0.
 62  0.
 63  0.
 64  0.
 65  0.
 66  0.
 67  0.
 68  0.
 69  0.
 70  0.
 71  0.
 72  0.
 73  0.
 74  0.
 75  0.
 76  0.
 77  0.
 78  0.
 79  0.
 80  0.
 81  0.
 82  0.
 83  0.
 84  0.
 85  0.
 86  0.
 87  0.
 88  0.
 89  0.
 90  0.
 91  0.
 92  0.
 93  0.
 94  0.
 95  0.
 96  0.
 97  0.
 98  0.
 99  0.
 100  0.
 101  0.
 102  0.
 103  0.
 104  0.
 105  0.
 106  0.
 107  0.
 108  0.
 109  0.
 110  0.
 111  0.
 112  0.
 113  0.
 114  0.
 115  0.
 116  0.
 117  0.
 118  0.
 119  0.
 120  0.
 121  0.
 122  0.
 123  0.
 124  0.
 125  0.
 126  0.
 127  0.
 128  0.
 129  0.
 130  0.
 131  0.
 132  0.
 133  0.
 134  0.
 135  0.
 136  0.
 137  0.
 138  0.
 139  0.
 140  0.
 141  0.
 142  0.
 143  0.
 144  0.
 145  0.
 146  0.
 147  0.
 148  0.
 149  0.
 150  0.
 151  0.
 152  0.
 153  0.
 154  0.
 155  0.
 156  0.
 157  0.
 158  0.
 159  0.
 160  0.
 161  0.
 162  0.
 163  0.
 164  0.
 165  0.
 166  0.
 167  0.
 168  0.
 169  0.
 170  0.
 171  0.
 172  0.
 173  0.
 174  0.
 175  0.
 176  0.
 177  0.
 178  0.
 179  0.
 180  0.
 181  0.
 182  0.
 183  0.
 184  0.
 185  0.
 186  0.
 187  0.
 188  0.
 189  0.
 190  0.
 191  0.
 192  0.
 193  0.
 194  0.
 195  0.
 196  0.
 197  0.
 198  0.
 199  0.
 200  0.
 201  0.
 202  0.
 203  0.
 204  0.
 205  0.
 206  0.
 207  0.
 208  0.
 209  0.
 210  0.
 211  0.
 212  0.
 213  0.
 214  0.
 215  0.
 216  0.
 217  0.
 218  0.
 219  0.
 220  0.
 221  0.
 222  0.
 223  0.
 224  0.
 225  0.
 226  0.
 227  0.
 228  0.
 229  0.
 230  0.
 231  0.
 232  0.
 233  0.
 234  0.
 235  0.
 236  0.
 237  0.
 238  0.
 239  0.
 240  0.
 241  0.
 242  0.
 243  0.
 244  0.
 245  0.
 246  0.
 247  0.
 248  0.
 249  0.
 250  0.
 251  0.
 252  0.
 253  0.
 254  0.
 255  0.
 256  0.
 257  0.
 258  0.
 259  0.
 260  0.
 261  0.
 262  0.
 263  0.
 264  0.
 265  0.
 266  0.
 267  0.
 268  0.
 269  0.
 270  0.
 271  0.
 272  0.
 273  0.
 274  0.
 275  0.
 276  0.
 277  0.
 278  0.
 279  0.
 280  0.
 281  0.
 282  0.
 283  0.
 284  0.
 285  0.
 286  0.
 287  0.
 288  0.
 289  0.
 290  0.
 291  0.
 292  0.
 293  0.
 294  0.
 295  0.
 296  0.
 297  0.
 298  0.
 299  0.
 300  0.
 301  0.
 302  0.
 303  0.
 304  0.
 305  0.
 306  0.
 307  0.
 308  0.
 309  0.
 310  0.
 311  0.
 312  0.
 313  0.
 314  0.
 315  0.
 316  0.
 317  0.
 318  0.
 319  0.
 320  0.
 321  0.
 322  0.
 323  0.
 324  0.
 325  0.
 326  0.
 327  0.
 328  0.
 329  0.
 330  0.
 331  0.
 332  0.
 333  0.
 334  0.
 335  0.
 336  0.
 337  0.
 338  0.
 339  0.
 340  0.
 341  0.
 342  0.
 343  0.
 344  0.
 345  0.
 346  0.
 347  0.
 348  0.
 349  0.
 350  0.
 351  0.
 352  0.
 353  0.
 354  0.
 355  0.
 356  0.
 357  0.
 358  0.
 359  0.
 360  0.
 361  0.
 362  0.
 363  0.
 364  0.
 365  0.
 366  0.
 367  0.
 368  0.
 369  0.
 370  0.
 371  0.
 372  0.
 373  0.
 374  0.
 375  0.
 376  0.
 377  0.
 378  0.
 379  0.
 380  0.
 381  0.
 382  0.
 383  0.
 384  0.
 385  0.
 386  0.
 387  0.
 388  0.
 389  0.
 390  0.
 391  0.
 392  0.
 393  0.
 394  0.
 395  0.
 396  0.
 397  0.
 398  0.
 399  0.
 400  0.
 401  0.
 402  0.
 403  0.
 404  0.
 405  0.
 406  0.
 407  0.
 408  0.
 409  0.
 410  0.
 411  0.
 412  0.
 413  0.
 414  0.
 415  0.
 416  0.
 417  0.
 418  0.
 419  0.
 420  0.
 421  0.
 422  0.
 423  0.
 424  0.
 425  0.
 426  0.
 427  0.
 428  0.
 429  0.
 430  0.
 431  0.
 432  0.
 433  0.
 434  0.
 435  0.
 436  0.
 437  0.
 438  0.
 439  0.
 440  0.
 441  0.
 442  0.
 443  0.
 444  0.
 445  0.
 446  0.
 447  0.
 448  0.
 449  0.
 450  0.
 451  0.
 452  0.
 453  0.
 454  0.
 455  0.
 456  0.
 457  0.
 458  0.
 459  0.
 460  0.
 461  0.
 462  0.
 463  0.
 464  0.
 465  0.
 466  0.
 467  0.
 468  0.
 469  0.
 470  0.
 471  0.
 472  0.
 473  0.
 474  0.
 475  0.
 476  0.
 477  0.
 478  0.
 479  0.
 480  0.
 481  0.
 482  0.
 483  0.
 484  0.
 485  0.
 486  0.
 487  0.
 488  0.
 489  0.
 490  0.
 491  0.
 492  0.
 493  0.
 494  0.
 495  0.
 496  0.
 497  0.
 498  0.
 499  0.
 500  0.

 1  0.
 2  0.
 3  0.
 4  0.
 5  0.
 6  0.
 7  0.
 8  0.
 9  0.
 10  0.
 11  0.
 12  0.
 13  0.
 14  0.
 15  0.
 16  0.
 17  0.
 18  0.
 19  0.
 20  0.
 21  0.
 22  0.
 23  0.
 24  0.
 25  0.
 26  0.
 27  0.
 28  0.
 29  0.
 30  0.
 31  0.
 32  0.
 33  0.
 34  0.
 35  0.
 36  0.
 37  0.
 38  0.
 39  0.
 40  0.
 41  0.
 42  0.
 43  0.
 44  0.
 45  0.
 46  0.
 47  0.
 48  0.
 49  0.
 50  0.
 51  0.
 52  0.
 53  0.
 54  0.
 55  0.
 56  0.
 57  0.
 58  0.
 59  0.
 60  0.
 61  0.
 62  0.
 63  0.
 64  0.
 65  0.
 66  0.
 67  0.
 68  0.
 69  0.
 70  0.
 71  0.
 72  0.
 73  0.
 74  0.
 75  0.
 76  0.
 77  0.
 78  0.
 79  0.
 80  0.
 81  0.
 82  0.
 83  0.
 84  0.
 85  0.
 86  0.
 87  0.
 88  0.
 89  0.
 90  0.
 91  0.
 92  0.
 93  0.
 94  0.
 95  0.
 96  0.
 97  0.
 98  0.
 99  0.
 100  0.
 101  0.
 102  0.
 103  0.
 104  0.
 105  0.
 106  0.
 107  0.
 108  0.
 109  0.
 110  0.
 111  0.
 112  0.
 113  0.
 114  0.
 115  0.
 116  0.
 117  0.
 118  0.
 119  0.
 120  0.
 121  0.
 122  0.
 123  0.
 124  0.
 125  0.
 126  0.
 127  0.
 128  0.
 129  0.
 130  0.
 131  0.
 132  0.
 133  0.
 134  0.
 135  0.
 136  0.
 137  0.
 138  0.
 139  0.
 140  0.
 141  0.
 142  0.
 143  0.
 144  0.
 145  0.
 146  0.
 147  0.
 148  0.
 149  0.
 150  0.
 151  0.
 152  0.
 153  0.
 154  0.
 155  0.
 156  0.
 157  0.
 158  0.
 159  0.
 160  0.
 161  0.
 162  0.
 163  0.
 164  0.
 165  0.
 166  0.
 167  0.
 168  0.
 169  0.
 170  0.
 171  0.
 172  0.
 173  0.
 174  0.
 175  0.
 176  0.
 177  0.
 178  0.
 179  0.
 180  0.
 181  0.
 182  0.
 183  0.
 184  0.
 185  0.
 186  0.
 187  0.
 188  0.
 189  0.
 190  0.
 191  0.
 192  0.
 193  0.
 194  0.
 195  0.
 196  0.
 197  0.
 198  0.
 199  0.
 200  0.
 201  0.
 202  0.
 203  0.
 204  0.
 205  0.
 206  0.
 207  0.
 208  0.
 209  0.
 210  0.
 211  0.
 212  0.
 213  0.
 214  0.
 215  0.
 216  0.
 217  0.
 218  0.
 219  0.
 220  0.
 221  0.
 222  0.
 223  0.
 224  0.
 225  0.
 226  0.
 227  0.
 228  0.
 229  0.
 230  0.
 231  0.
 232  0.
 233  0.
 234  0.
 235  0.
 236  0.
 237  0.
 238  0.
 239  0.
 240  0.
 241  0.
 242  0.
 243  0.
 244  0.
 245  0.
 246  0.
 247  0.
 248  0.
 249  0.
 250  0.
 251  0.
 252  0.
 253  0.
 254  0.
 255  0.
 256  0.
 257  0.
 258  0.
 259  0.
 260  0.
 261  0.
 262  0.
 263  0.
 264  0.
 265  0.
 266  0.
 267  0.
 268  0.
 269  0.
 270  0.
 271  0.
 272  0.
 273  0.
 274  0.
 275  0.
 276  0.
 277  0.
 278  0.
 279  0.
 280  0.
 281  0.
 282  0.
 283  0.
 284  0.
 285  0.
 286  0.
 287  0.
 288  0.
 289  0.
 290  0.
 291  0.
 292  0.
 293  0.
 294  0.
 295  0.
 296  0.
 297  0.
 298  0.
 299  0.
 300  0.
 301  0.
 302  0.
 303  0.
 304  0.
 305  0.
 306  0.
 307  0.
 308  0.
 309  0.
 310  0.
 311  0.
 312  0.
 313  0.
 314  0.
 315  0.
 316  0.
 317  0.
 318  0.
 319  0.
 320  0.
 321  0.
 322  0.
 323  0.
 324  0.
 325  0.
 326  0.
 327  0.
 328  0.
 329  0.
 330  0.
 331  0.
 332  0.
 333  0.
 334  0.
 335  0.
 336  0.
 337  0.
 338  0.
 339  0.
 340  0.
 341  0.
 342  0.
 343  0.
 344  0.
 345  0.
 346  0.
 347  0.
 348  0.
 349  0.
 350  0.
 351  0.
 352  0.
 353  0.
 354  0.
 355  0.
 356  0.
 357  0.
 358  0.
 359  0.
 360  0.
 361  0.
 362  0.
 363  0.
 364  0.
 365  0.
 366  0.
 367  0.
 368  0.
 369  0.
 370  0.
 371  0.
 372  0.
 373  0.
 374  0.
 375  0.
 376  0.
 377  0.
 378  0.
 379  0.
 380  0.
 381  0.
 382  0.
 383  0.
 384  0.
 385  0.
 386  0.
 387  0.
 388  0.
 389  0.
 390  0.
 391  0.
 392  0.
 393  0.
 394  0.
 395  0.
 396  0.
 397  0.
 398  0.
 399  0.
 400  0.
 401  0.
 402  0.
 403  0.
 404  0.
 405  0.
 406  0.
 407  0.
 408  0.
 409  0.
 410  0.
 411  0.
 412  0.
 413  0.
 414  0.
 415  0.
 416  0.
 417  0.
 418  0.
 419  0.
 420  0.
 421  0.
 422  0.
 423  0.
 424  0.
 425  0.
 426  0.
 427  0.
 428  0.
 429  0.
 430  0.
 431  0.
 432  0.
 433  0.
 434  0.
 435  0.
 436  0.
 437  0.
 438  0.
 439  0.
 440  0.
 441  0.
 442  0.
 443  0.
 444  0.
 445  0.
 446  0.
 447  0.
 448  0.
 449  0.
 450  0.
 451  0.
 452  0.
 453  0.
 454  0.
 455  0.
 456  0.
 457  0.
 458  0.
 459  0.
 460  0.
 461  0.
 462  0.
 463  0.
 464  0.
 465  0.
 466  0.
 467  0.
 468  0.
 469  0.
 470  0.
 471  0.
 472  0.
 473  0.
 474  0.
 475  0.
 476  0.
 477  0.
 478  0.
 479  0.
 480  0.
 481  0.
 482  0.
 483  0.
 484  0.
 485  0.
 486  0.
 487  0.
 488  0.
 489  0.
 490  0.
 491  0.
 492  0.
 493  0.
 494  0.
 495  0.
 496  0.
 497  0.
 498  0.
 499  0.
 500  0.

 1  0.
 2  0.
 3  0.
 4  0.
 5  0.
 6  0.
 7  0.
 8  0.
 9  0.
 10  0.
 11  0.
 12  0.
 13  0.
 14  0.
 15  0.
 16  0.
 17  0.
 18  0.
 19  0.
 20  0.
 21  0.
 22  0.
 23  0.
 24  0.
 25  0.
 26  0.
 27  0.
 28  0.
 29  0.
 30  0.
 31  0.
 32  0.
 33  0.
 34  0.
 35  0.
 36  0.
 37  0.
 38  0.
 39  0.
 40  0.
 41  0.
 42  0.
 43  0.
 44  0.
 45  0.
 46  0.
 47  0.
 48  0.
 49  0.
 50  0.
 51  0.
 52  0.
 53  0.
 54  0.
 55  0.
 56  0.
 57  0.
 58  0.
 59  0.
 60  0.
 61  0.
 62  0.
 63  0.
 64  0.
 65  0.
 66  0.
 67  0.
 68  0.
 69  0.
 70  0.
 71  0.
 72  0.
 73  0.
 74  0.
 75  0.
 76  0.
 77  0.
 78  0.
 79  0.
 80  0.
 81  0.
 82  0.
 83  0.
 84  0.
 85  0.
 86  0.
 87  0.
 88  0.
 89  0.
 90  0.
 91  0.
 92  0.
 93  0.
 94  0.
 95  0.
 96  0.
 97  0.
 98  0.
 99  0.
 100  0.
 101  0.
 102  0.
 103  0.
 104  0.
 105  0.
 106  0.
 107  0.
 108  0.
 109  0.
 110  0.
 111  0.
 112  0.
 113  0.
 114  0.
 115  0.
 116  0.
 117  0.
 118  0.
 119  0.
 120  0.
 121  0.
 122  0.
 123  0.
 124  0.
 125  0.
 126  0.
 127  0.
 128  0.
 129  0.
 130  0.
 131  0.
 132  0.
 133  0.
 134  0.
 135  0.
 136  0.
 137  0.
 138  0.
 139  0.
 140  0.
 141  0.
 142  0.
 143  0.
 144  0.
 145  0.
 146  0.
 147  0.
 148  0.
 149  0.
 150  0.
 151  0.
 152  0.
 153  0.
 154  0.
 155  0.
 156  0.
 157  0.
 158  0.
 159  0.
 160  0.
 161  0.
 162  0.
 163  0.
 164  0.
 165  0.
 166  0.
 167  0.
 168  0.
 169  0.
 170  0.
 171  0.
 172  0.
 173  0.
 174  0.
 175  0.
 176  0.
 177  0.
 178  0.
 179  0.
 180  0.
 181  0.
 182  0.
 183  0.
 184  0.
 185  0.
 186  0.
 187  0.
 188  0.
 189  0.
 190  0.
 191  0.
 192  0.
 193  0.
 194  0.
 195  0.
 196  0.
 197  0.
 198  0.
 199  0.
 200  0.
 201  0.
 202  0.
 203  0.
 204  0.
 205  0.
 206  0.
 207  0.
 208  0.
 209  0.
 210  0.
 211  0.
 212  0.
 213  0.
 214  0.
 215  0.
 216  0.
 217  0.
 218  0.
 219  0.
 220  0.
 221  0.
 222  0.
 223  0.
 224  0.
 225  0.
 226  0.
 227  0.
 228  0.
 229  0.
 230  0.
 231  0.
 232  0.
 233  0.
 234  0.
 235  0.
 236  0.
 237  0.
 238  0.
 239  0.
 240  0.
 241  0.
 242  0.
 243  0.
 244  0.
 245  0.
 246  0.
 247  0.
 248  0.
 249  0.
 250  0.
 251  0.
 252  0.
 253  0.
 254  0.
 255  0.
 256  0.
 257  0.
 258  0.
 259  0.
 260  0.
 261  0.
 262  0.
 263  0.
 264  0.
 265  0.
 266  0.
 267  0.
 268  0.
 269  0.
 270  0.
 271  0.
 272  0.
 273  0.
 274  0.
 275  0.
 276  0.
 277  0.
 278  0.
 279  0.
 280  0.
 281  0.
 282  0.
 283  0.
 284  0.
 285  0.
 286  0.
 287  0.
 288  0.
 289  0.
 290  0.
 291  0.
 292  0.
 293  0.
 294  0.
 295  0.
 296  0.
 297  0.
 298  0.
 299  0.
 300  0.
 301  0.
 302  0.
 303  0.
 304  0.
 305  0.
 306  0.
 307  0.
 308  0.
 309  0.
 310  0.
 311  0.
 312  0.
 313  0.
 314  0.
 315  0.
 316  0.
 317  0.
 318  0.
 319  0.
 320  0.
 321  0.
 322  0.
 323  0.
 324  0.
 325  0.
 326  0.
 327  0.
 328  0.
 329  0.
 330  0.
 331  0.
 332  0.
 333  0.
 334  0.
 335  0.
 336  0.
 337  0.
 338  0.
 339  0.
 340  0.
 341  0.
 342  0.
 343  0.
 344  0.
 345  0.
 346  0.
 347  0.
 348  0.
 349  0.
 350  0.
 351  0.
 352  0.
 353  0.
 354  0.
 355  0.
 356  0.
 357  0.
 358  0.
 359  0.
 360  0.
 361  0.
 362  0.
 363  0.
 364  0.
 365  0.
 366  0.
 367  0.
 368  0.
 369  0.
 370  0.
 371  0.
 372  0.
 373  0.
 374  0.
 375  0.
 376  0.
 377  0.
 378  0.
 379  0.
 380  0.
 381  0.
 382  0.
 383  0.
 384  0.
 385  0.
 386  0.
 387  0.
 388  0.
 389  0.
 390  0.
 391  0.
 392  0.
 393  0.
 394  0.
 395  0.
 396  0.
 397  0.
 398  0.
 399  0.
 400  0.
 401  0.
 402  0.
 403  0.
 404  0.
 405  0.
 406  0.
 407  0.
 408  0.
 409  0.
 410  0.
 411  0.
 412  0.
 413  0.
 414  0.
 415  0.
 416  0.
 417  0.
 418  0.
 419  0.
 420  0.
 421  0.
 422  0.
 423  0.
 424  0.
 425  0.
 426  0.
 427  0.
 428  0.
 429  0.
 430  0.
 431  0.
 432  0.
 433  0.
 434  0.
 435  0.
 436  0.
 437  0.
 438  0.
 439  0.
 440  0.
 441  0.
 442  0.
 443  0.
 444  0.
 445  0.
 446  0.
 447  0.
 448  0.
 449  0.
 450  0.
 451  0.
 452  0.
 453  0.
 454  0.
 455  0.
 456  0.
 457  0.
 458  0.
 459  0.
 460  0.
 461  0.
 462  0.
 463  0.
 464  0.
 465  0.
 466  0.
 467  0.
 468  0.
 469  0.
 470  0.
 471  0.
 472  0.
 473  0.
 474  0.
 475  0.
 476  0.
 477  0.
 478  0.
 479  0.
 480  0.
 481  0.
 482  0.
 483  0.
 484  0.
 485  0.
 486  0.
 487  0.
 488  0.
 489  0.
 490  0.
 491  0.
 492  0.
 493  0.
 494  0.
 495  0.
 496  0.
 497  0.
 498  0.
 499  0.
 500  0.

 1  0.
 2  0.
 3  0.
 4  0.
 5  0.
 6  0.
 7  0.
 8  0.
 9  0.
 10  0.
 11  0.
 12  0.
 13  0.
 14  0.
 15  0.
 16  0.
 17  0.
 18  0.
 19  0.
 20  0.
 21  0.
 22  0.
 23  0.
 24  0.
 25  0.
 26  0.
 27  0.
 28  0.
 29  0.
 30  0.
 31  0.
 32  0.
 33  0.
 34  0.
 35  0.
 36  0.
 37  0.
 38  0.
 39  0.
 40  0.
 41  0.
 42  0.
 43  0.
 44  0.
 45  0.
 46  0.
 47  0.
 48  0.
 49  0.
 50  0.
 51  0.
 52  0.
 53  0.
 54  0.
 55  0.
 56  0.
 57  0.
 58  0.
 59  0.
 60  0.
 61  0.
 62  0.
 63  0.
 64  0.
 65  0.
 66  0.
 67  0.
 68  0.
 69  0.
 70  0.
 71  0.
 72  0.
 73  0.
 74  0.
 75  0.
 76  0.
 77  0.
 78  0.
 79  0.
 80  0.
 81  0.
 82  0.
 83  0.
 84  0.
 85  0.
 86  0.
 87  0.
 88  0.
 89  0.
 90  0.
 91  0.
 92  0.
 93  0.
 94  0.
 95  0.
 96  0.
 97  0.
 98  0.
 99  0.
 100  0.
 101  0.
 102  0.
 103  0.
 104  0.
 105  0.
 106  0.
 107  0.
 108  0.
 109  0.
 110  0.
 111  0.
 112  0.
 113  0.
 114  0.
 115  0.
 116  0.
 117  0.
 118  0.
 119  0.
 120  0.
 121  0.
 122  0.
 123  0.
 124  0.
 125  0.
 126  0.
 127  0.
 128  0.
 129  0.
 130  0.
 131  0.
 132  0.
 133  0.
 134  0.
 135  0.
 136  0.
 137  0.
 138  0.
 139  0.
 140  0.
 141  0.
 142  0.
 143  0.
 144  0.
 145  0.
 146  0.
 147  0.
 148  0.
 149  0.
 150  0.
 151  0.
 152  0.
 153  0.
 154  0.
 155  0.
 156  0.
 157  0.
 158  0.
 159  0.
 160  0.
 161  0.
 162  0.
 163  0.
 164  0.
 165  0.
 166  0.
 167  0.
 168  0.
 169  0.
 170  0.
 171  0.
 172  0.
 173  0.
 174  0.
 175  0.
 176  0.
 177  0.
 178  0.
 179  0.
 180  0.
 181  0.
 182  0.
 183  0.
 184  0.
 185  0.
 186  0.
 187  0.
 188  0.
 189  0.
 190  0.
 191  0.
 192  0.
 193  0.
 194  0.
 195  0.
 196  0.
 197  0.
 198  0.
 199  0.
 200  0.
 201  0.
 202  0.
 203  0.
 204  0.
 205  0.
 206  0.
 207  0.
 208  0.
 209  0.
 210  0.
 211  0.
 212  0.
 213  0.
 214  0.
 215  0.
 216  0.
 217  0.
 218  0.
 219  0.
 220  0.
 221  0.
 222  0.
 223  0.
 224  0.
 225  0.
 226  0.
 227  0.
 228  0.
 229  0.
 230  0.
 231  0.
 232  0.
 233  0.
 234  0.
 235  0.
 236  0.
 237  0.
 238  0.
 239  0.
 240  0.
 241  0.
 242  0.
 243  0.
 244  0.
 245  0.
 246  0.
 247  0.
 248  0.
 249  0.
 250  0.
 251  0.
 252  0.
 253  0.
 254  0.
 255  0.
 256  0.
 257  0.
 258  0.
 259  0.
 260  0.
 261  0.
 262  0.
 263  0.
 264  0.
 265  0.
 266  0.
 267  0.
 268  0.
 269  0.
 270  0.
 271  0.
 272  0.
 273  0.
 274  0.
 275  0.
 276  0.
 277  0.
 278  0.
 279  0.
 280  0.
 281  0.
 282  0.
 283  0.
 284  0.
 285  0.
 286  0.
 287  0.
 288  0.
 289  0.
 290  0.
 291  0.
 292  0.
 293  0.
 294  0.
 295  0.
 296  0.
 297  0.
 298  0.
 299  0.
 300  0.
 301  0.
 302  0.
 303  0.
 304  0.
 305  0.
 306  0.
 307  0.
 308  0.
 309  0.
 310  0.
 311  0.
 312  0.
 313  0.
 314  0.
 315  0.
 316  0.
 317  0.
 318  0.
 319  0.
 320  0.
 321  0.
 322  0.
 323  0.
 324  0.
 325  0.
 326  0.
 327  0.
 328  0.
 329  0.
 330  0.
 331  0.
 332  0.
 333  0.
 334  0.
 335  0.
 336  0.
 337  0.
 338  0.
 339  0.
 340  0.
 341  0.
 342  0.
 343  0.
 344  0.
 345  0.
 346  0.
 347  0.
 348  0.
 349  0.
 350  0.
 351  0.
 352  0.
 353  0.
 354  0.
 355  0.
 356  0.
 357  0.
 358  0.
 359  0.
 360  0.
 361  0.
 362  0.
 363  0.
 364  0.
 365  0.
 366  0.
 367  0.
 368  0.
 369  0.
 370  0.
 371  0.
 372  0.
 373  0.
 374  0.
 375  0.
 376  0.
 377  0.
 378  0.
 379  0.
 380  0.
 381  0.
 382  0.
 383  0.
 384  0.
 385  0.
 386  0.
 387  0.
 388  0.
 389  0.
 390  0.
 391  0.
 392  0.
 393  0.
 394  0.
 395  0.
 396  0.
 397  0.
 398  0.
 399  0.
 400  0.
 401  0.
 402  0.
 403  0.
 404  0.
 405  0.
 406  0.
 407  0.
 408  0.
 409  0.
 410  0.
 411  0.
 412  0.
 413  0.
 414  0.
 415  0.
 416  0.
 417  0.
 418  0.
 419  0.
 420  0.
 421  0.
 422  0.
 423  0.
 424  0.
 425  0.
 426  0.
 427  0.
 428  0.
 429  0.
 430  0.
 431  0.
 432  0.
 433  0.
 434  0.
 435  0.
 436  0.
 437  0.
 438  0.
 439  0.
 440  0.
 441  0.
 442  0.
 443  0.
 444  0.
 445  0.
 446  0.
 447  0.
 448  0.
 449  0.
 450  0.
 451  0.
 452  0.
 453  0.
 454  0.
 455  0.
 456  0.
 457  0.
 458  0.
 459  0.
 460  0.
 461  0.
 462  0.
 463  0.
 464  0.
 465  0.
 466  0.
 467  0.
 468  0.
 469  0.
 470  0.
 471  0.
 472  0.
 473  0.
 474  0.
 475  0.
 476  0.
 477  0.
 478  0.
 479  0.
 480  0.
 481  0.
 482  0.
 483  0.
 484  0.
 485  0.
 486  0.
 487  0.
 488  0.
 489  0.
 490  0.
 491  0.
 492  0.
 493  0.
 494  0.
 495  0.
 496  0.
 497  0.
 498  0.
 499  0.
 500  0.

 1  0.
 2  0.
 3  0.
 4  0.
 5  0.
 6  0.
 7  0.
 8  0.
 9  0.
 10  0.
 11  0.
 12  0.
 13  0.
 14  0.
 15  0.
 16  0.
 17  0.
 18  0.
 19  0.
 20  0.
 21  0.
 22  0.
 23  0.
 24  0.
 25  0.
 26  0.
 27  0.
 28  0.
 29  0.
 30  0.
 31  0.
 32  0.
 33  0.
 34  0.
 35  0.
 36  0.
 37  0.
 38  0.
 39  0.
 40  0.
 41  0.
 42  0.
 43  0.
 44  0.
 45  0.
 46  0.
 47  0.
 48  0.
 49  0.
 50  0.
 51  0.
 52  0.
 53  0.
 54  0.
 55  0.
 56  0.
 57  0.
 58  0.
 59  0.
 60  0.
 61  0.
 62  0.
 63  0.
 64  0.
 65  0.
 66  0.
 67  0.
 68  0.
 69  0.
 70  0.
 71  0.
 72  0.
 73  0.
 74  0.
 75  0.
 76  0.
 77  0.
 78  0.
 79  0.
 80  0.
 81  0.
 82  0.
 83  0.
 84  0.
 85  0.
 86  0.
 87  0.
 88  0.
 89  0.
 90  0.
 91  0.
 92  0.
 93  0.
 94  0.
 95  0.
 96  0.
 97  0.
 98  0.
 99  0.
 100  0.
 101  0.
 102  0.
 103  0.
 104  0.
 105  0.
 106  0.
 107  0.
 108  0.
 109  0.
 110  0.
 111  0.
 112  0.
 113  0.
 114  0.
 115  0.
 116  0.
 117  0.
 118  0.
 119  0.
 120  0.
 121  0.
 122  0.
 123  0.
 124  0.
 125  0.
 126  0.
 127  0.
 128  0.
 129  0.
 130  0.
 131  0.
 132  0.
 133  0.
 134  0.
 135  0.
 136  0.
 137  0.
 138  0.
 139  0.
 140  0.
 141  0.
 142  0.
 143  0.
 144  0.
 145  0.
 146  0.
 147  0.
 148  0.
 149  0.
 150  0.
 151  0.
 152  0.
 153  0.
 154  0.
 155  0.
 156  0.
 157  0.
 158  0.
 159  0.
 160  0.
 161  0.
 162  0.
 163  0.
 164  0.
 165  0.
 166  0.
 167  0.
 168  0.
 169  0.
 170  0.
 171  0.
 172  0.
 173  0.
 174  0.
 175  0.
 176  0.
 177  0.
 178  0.
 179  0.
 180  0.
 181  0.
 182  0.
 183  0.
 184  0.
 185  0.
 186  0.
 187  0.
 188  0.
 189  0.
 190  0.
 191  0.
 192  0.
 193  0.
 194  0.
 195  0.
 196  0.
 197  0.
 198  0.
 199  0.
 200  0.
 201  0.
 202  0.
 203  0.
 204  0.
 205  0.
 206  0.
 207  0.
 208  0.
 209  0.
 210  0.
 211  0.
 212  0.
 213  0.
 214  0.
 215  0.
 216  0.
 217  0.
 218  0.
 219  0.
 220  0.
 221  0.
 222  0.
 223  0.
 224  0.
 225  0.
 226  0.
 227  0.
 228  0.
 229  0.
 230  0.
 231  0.
 232  0.
 233  0.
 234  0.
 235  0.
 236  0.
 237  0.
 238  0.
 239  0.
 240  0.
 241  0.
 242  0.
 243  0.
 244  0.
 245  0.
 246  0.
 247  0.
 248  0.
 249  0.
 250  0.
 251  0.
 252  0.
 253  0.
 254  0.
 255  0.
 256  0.
 257  0.
 258  0.
 259  0.
 260  0.
 261  0.
 262  0.
 263  0.
 264  0.
 265  0.
 266  0.
 267  0.
 268  0.
 269  0.
 270  0.
 271  0.
 272  0.
 273  0.
 274  0.
 275  0.
 276  0.
 277  0.
 278  0.
 279  0.
 280  0.
 281  0.
 282  0.
 283  0.
 284  0.
 285  0.
 286  0.
 287  0.
 288  0.
 289  0.
 290  0.
 291  0.
 292  0.
 293  0.
 294  0.
 295  0.
 296  0.
 297  0.
 298  0.
 299  0.
 300  0.
 301  0.
 302  0.
 303  0.
 304  0.
 305  0.
 306  0.
 307  0.
 308  0.
 309  0.
 310  0.
 311  0.
 312  0.
 313  0.
 314  0.
 315  0.
 316  0.
 317  0.
 318  0.
 319  0.
 320  0.
 321  0.
 322  0.
 323  0.
 324  0.
 325  0.
 326  0.
 327  0.
 328  0.
 329  0.
 330  0.
 331  0.
 332  0.
 333  0.
 334  0.
 335  0.
 336  0.
 337  0.
 338  0.
 339  0.
 340  0.
 341  0.
 342  0.
 343  0.
 344  0.
 345  0.
 346  0.
 347  0.
 348  0.
 349  0.
 350  0.
 351  0.
 352  0.
 353  0.
 354  0.
 355  0.
 356  0.
 357  0.
 358  0.
 359  0.
 360  0.
 361  0.
 362  0.
 363  0.
 364  0.
 365  0.
 366  0.
 367  0.
 368  0.
 369  0.
 370  0.
 371  0.
 372  0.
 373  0.
 374  0.
 375  0.
 376  0.
 377  0.
 378  0.
 379  0.
 380  0.
 381  0.
 382  0.
 383  0.
 384  0.
 385  0.
 386  0.
 387  0.
 388  0.
 389  0.
 390  0.
 391  0.
 392  0.
 393  0.
 394  0.
 395  0.
 396  0.
 397  0.
 398  0.
 399  0.
 400  0.
 401  0.
 402  0.
 403  0.
 404  0.
 405  0.
 406  0.
 407  0.
 408  0.
 409  0.
 410  0.
 411  0.
 412  0.
 413  0.
 414  0.
 415  0.
 416  0.
 417  0.
 418  0.
 419  0.
 420  0.
 421  0.
 422  0.
 423  0.
 424  0.
 425  0.
 426  0.
 427  0.
 428  0.
 429  0.
 430  0.
 431  0.
 432  0.
 433  0.
 434  0.
 435  0.
 436  0.
 437  0.
 438  0.
 439  0.
 440  0.
 441  0.
 442  0.
 443  0.
 444  0.
 445  0.
 446  0.
 447  0.
 448  0.
 449  0.
 450  0.
 451  0.
 452  0.
 453  0.
 454  0.
 455  0.
 456  0.
 457  0.
 458  0.
 459  0.
 460  0.
 461  0.
 462  0.
 463  0.
 464  0.
 465  0.
 466  0.
 467  0.
 468  0.
 469  0.
 470  0.
 471  0.
 472  0.
 473  0.
 474  0.
 475  0.
 476  0.
 477  0.
 478  0.
 479  0.
 480  0.
 481  0.
 482  0.
 483  0.
 484  0.
 485  0.
 486  0.
 487  0.
 488  0.
 489  0.
 490  0.
 491  0.
 492  0.
 493  0.
 494  0.
 495  0.
 496  0.
 497  0.
 498  0.
 499  0.
 500  0.

 1  0.
 2  0.
 3  0.
 4  0.
 5  0.
 6  0.
 7  0.
 8  0.
 9  0.
 10  0.
 11  0.
 12  0.
 13  0.
 14  0.
 15  0.
 16  0.
 17  0.
 18  0.
 19  0.
 20  0.
 21  0.
 22  0.
 23  0.
 24  0.
 25  0.
 26  0.
 27  0.
 28  0.
 29  0.
 30  0.
 31  0.
 32  0.
 33  0.
 34  0.
 35  0.
 36  0.
 37  0.
 38  0.
 39  0.
 40  0.
 41  0.
 42  0.
 43  0.
 44  0.
 45  0.
 46  0.
 47  0.
 48  0.
 49  0.
 50  0.
 51  0.
 52  0.
 53  0.
 54  0.
 55  0.
 56  0.
 57  0.
 58  0.
 59  0.
 60  0.
 61  0.
 62  0.
 63  0.
 64  0.
 65  0.
 66  0.
 67  0.
 68  0.
 69  0.
 70  0.
 71  0.
 72  0.
 73  0.
 74  0.
 75  0.
 76  0.
 77  0.
 78  0.
 79  0.
 80  0.
 81  0.
 82  0.
 83  0.
 84  0.
 85  0.
 86  0.
 87  0.
 88  0.
 89  0.
 90  0.
 91  0.
 92  0.
 93  0.
 94  0.
 95  0.
 96  0.
 97  0.
 98  0.
 99  0.
 100  0.
 101  0.
 102  0.
 103  0.
 104  0.
 105  0.
 106  0.
 107  0.
 108  0.
 109  0.
 110  0.
 111  0.
 112  0.
 113  0.
 114  0.
 115  0.
 116  0.
 117  0.
 118  0.
 119  0.
 120  0.
 121  0.
 122  0.
 123  0.
 124  0.
 125  0.
 126  0.
 127  0.
 128  0.
 129  0.
 130  0.
 131  0.
 132  0.
 133  0.
 134  0.
 135  0.
 136  0.
 137  0.
 138  0.
 139  0.
 140  0.
 141  0.
 142  0.
 143  0.
 144  0.
 145  0.
 146  0.
 147  0.
 148  0.
 149  0.
 150  0.
 151  0.
 152  0.
 153  0.
 154  0.
 155  0.
 156  0.
 157  0.
 158  0.
 159  0.
 160  0.
 161  0.
 162  0.
 163  0.
 164  0.
 165  0.
 166  0.
 167  0.
 168  0.
 169  0.
 170  0.
 171  0.
 172  0.
 173  0.
 174  0.
 175  0.
 176  0.
 177  0.
 178  0.
 179  0.
 180  0.
 181  0.
 182  0.
 183  0.
 184  0.
 185  0.
 186  0.
 187  0.
 188  0.
 189  0.
 190  0.
 191  0.
 192  0.
 193  0.
 194  0.
 195  0.
 196  0.
 197  0.
 198  0.
 199  0.
 200  0.
 201  0.
 202  0.
 203  0.
 204  0.
 205  0.
 206  0.
 207  0.
 208  0.
 209  0.
 210  0.
 211  0.
 212  0.
 213  0.
 214  0.
 215  0.
 216  0.
 217  0.
 218  0.
 219  0.
 220  0.
 221  0.
 222  0.
 223  0.
 224  0.
 225  0.
 226  0.
 227  0.
 228  0.
 229  0.
 230  0.
 231  0.
 232  0.
 233  0.
 234  0.
 235  0.
 236  0.
 237  0.
 238  0.
 239  0.
 240  0.
 241  0.
 242  0.
 243  0.
 244  0.
 245  0.
 246  0.
 247  0.
 248  0.
 249  0.
 250  0.
 251  0.
 252  0.
 253  0.
 254  0.
 255  0.
 256  0.
 257  0.
 258  0.
 259  0.
 260  0.
 261  0.
 262  0.
 263  0.
 264  0.
 265  0.
 266  0.
 267  0.
 268  0.
 269  0.
 270  0.
 271  0.
 272  0.
 273  0.
 274  0.
 275  0.
 276  0.
 277  0.
 278  0.
 279  0.
 280  0.
 281  0.
 282  0.
 283  0.
 284  0.
 285  0.
 286  0.
 287  0.
 288  0.
 289  0.
 290  0.
 291  0.
 292  0.
 293  0.
 294  0.
 295  0.
 296  0.
 297  0.
 298  0.
 299  0.
 300  0.
 301  0.
 302  0.
 303  0.
 304  0.
 305  0.
 306  0.
 307  0.
 308  0.
 309  0.
 310  0.
 311  0.
 312  0.
 313  0.
 314  0.
 315  0.
 316  0.
 317  0.
 318  0.
 319  0.
 320  0.
 321  0.
 322  0.
 323  0.
 324  0.
 325  0.
 326  0.
 327  0.
 328  0.
 329  0.
 330  0.
 331  0.
 332  0.
 333  0.
 334  0.
 335  0.
 336  0.
 337  0.
 338  0.
 339  0.
 340  0.
 341  0.
 342  0.
 343  0.
 344  0.
 345  0.
 346  0.
 347  0.
 348  0.
 349  0.
 350  0.
 351  0.
 352  0.
 353  0.
 354  0.
 355  0.
 356  0.
 357  0.
 358  0.
 359  0.
 360  0.
 361  0.
 362  0.
 363  0.
 364  0.
 365  0.
 366  0.
 367  0.
 368  0.
 369  0.
 370  0.
 371  0.
 372  0.
 373  0.
 374  0.
 375  0.
 376  0.
 377  0.
 378  0.
 379  0.
 380  0.
 381  0.
 382  0.
 383  0.
 384  0.
 385  0.
 386  0.
 387  0.
 388  0.
 389  0.
 390  0.
 391  0.
 392  0.
 393  0.
 394  0.
 395  0.
 396  0.
 397  0.
 398  0.
 399  0.
 400  0.
 401  0.
 402  0.
 403  0.
 404  0.
 405  0.
 406  0.
 407  0.
 408  0.
 409  0.
 410  0.
 411  0.
 412  0.
 413  0.
 414  0.
 415  0.
 416  0.
 417  0.
 418  0.
 419  0.
 420  0.
 421  0.
 422  0.
 423  0.
 424  0.
 425  0.
 426  0.
 427  0.
 428  0.
 429  0.
 430  0.
 431  0.
 432  0.
 433  0.
 434  0.
 435  0.
 436  0.
 437  0.
 438  0.
 439  0.
 440  0.
 441  0.
 442  0.
 443  0.
 444  0.
 445  0.
 446  0.
 447  0.
 448  0.
 449  0.
 450  0.
 451  0.
 452  0.
 453  0.
 454  0.
 455  0.
 456  0.
 457  0.
 458  0.
 459  0.
 460  0.
 461  0.
 462  0.
 463  0.
 464  0.
 465  0.
 466  0.
 467  0.
 468  0.
 469  0.
 470  0.
 471  0.
 472  0.
 473  0.
 474  0.
 475  0.
 476  0.
 477  0.
 478  0.
 479  0.
 480  0.
 481  0.
 482  0.
 483  0.
 484  0.
 485  0.
 486  0.
 487  0.
 488  0.
 489  0.
 490  0.
 491  0.
 492  0.
 493  0.
 494  0.
 495  0.
 496  0.
 497  0.
 498  0.
 499  0.
 500  0.

 1  0.
 2  0.
 3  0.
 4  0.
 5  0.
 6  0.
 7  0.
 8  0.
 9  0.
 10  0.
 11  0.
 12  0.
 13  0.
 14  0.
 15  0.
 16  0.
 17  0.
 18  0.
 19  0.
 20  0.
 21  0.
 22  0.
 23  0.
 24  0.
 25  0.
 26  0.
 27  0.
 28  0.
 29  0.
 30  0.
 31  0.
 32  0.
 33  0.
 34  0.
 35  0.
 36  0.
 37  0.
 38  0.
 39  0.
 40  0.
 41  0.
 42  0.
 43  0.
 44  0.
 45  0.
 46  0.
 47  0.
 48  0.
 49  0.
 50  0.
 51  0.
 52  0.
 53  0.
 54  0.
 55  0.
 56  0.
 57  0.
 58  0.
 59  0.
 60  0.
 61  0.
 62  0.
 63  0.
 64  0.
 65  0.
 66  0.
 67  0.
 68  0.
 69  0.
 70  0.
 71  0.
 72  0.
 73  0.
 74  0.
 75  0.
 76  0.
 77  0.
 78  0.
 79  0.
 80  0.
 81  0.
 82  0.
 83  0.
 84  0.
 85  0.
 86  0.
 87  0.
 88  0.
 89  0.
 90  0.
 91  0.
 92  0.
 93  0.
 94  0.
 95  0.
 96  0.
 97  0.
 98  0.
 99  0.
 100  0.
 101  0.
 102  0.
 103  0.
 104  0.
 105  0.
 106  0.
 107  0.
 108  0.
 109  0.
 110  0.
 111  0.
 112  0.
 113  0.
 114  0.
 115  0.
 116  0.
 117  0.
 118  0.
 119  0.
 120  0.
 121  0.
 122  0.
 123  0.
 124  0.
 125  0.
 126  0.
 127  0.
 128  0.
 129  0.
 130  0.
 131  0.
 132  0.
 133  0.
 134  0.
 135  0.
 136  0.
 137  0.
 138  0.
 139  0.
 140  0.
 141  0.
 142  0.
 143  0.
 144  0.
 145  0.
 146  0.
 147  0.
 148  0.
 149  0.
 150  0.
 151  0.
 152  0.
 153  0.
 154  0.
 155  0.
 156  0.
 157  0.
 158  0.
 159  0.
 160  0.
 161  0.
 162  0.
 163  0.
 164  0.
 165  0.
 166  0.
 167  0.
 168  0.
 169  0.
 170  0.
 171  0.
 172  0.
 173  0.
 174  0.
 175  0.
 176  0.
 177  0.
 178  0.
 179  0.
 180  0.
 181  0.
 182  0.
 183  0.
 184  0.
 185  0.
 186  0.
 187  0.
 188  0.
 189  0.
 190  0.
 191  0.
 192  0.
 193  0.
 194  0.
 195  0.
 196  0.
 197  0.
 198  0.
 199  0.
 200  0.
 201  0.
 202  0.
 203  0.
 204  0.
 205  0.
 206  0.
 207  0.
 208  0.
 209  0.
 210  0.
 211  0.
 212  0.
 213  0.
 214  0.
 215  0.
 216  0.
 217  0.
 218  0.
 219  0.
 220  0.
 221  0.
 222  0.
 223  0.
 224  0.
 225  0.
 226  0.
 227  0.
 228  0.
 229  0.
 230  0.
 231  0.
 232  0.
 233  0.
 234  0.
 235  0.
 236  0.
 237  0.
 238  0.
 239  0.
 240  0.
 241  0.
 242  0.
 243  0.
 244  0.
 245  0.
 246  0.
 247  0.
 248  0.
 249  0.
 250  0.
 251  0.
 252  0.
 253  0.
 254  0.
 255  0.
 256  0.
 257  0.
 258  0.
 259  0.
 260  0.
 261  0.
 262  0.
 263  0.
 264  0.
 265  0.
 266  0.
 267  0.
 268  0.
 269  0.
 270  0.
 271  0.
 272  0.
 273  0.
 274  0.
 275  0.
 276  0.
 277  0.
 278  0.
 279  0.
 280  0.
 281  0.
 282  0.
 283  0.
 284  0.
 285  0.
 286  0.
 287  0.
 288  0.
 289  0.
 290  0.
 291  0.
 292  0.
 293  0.
 294  0.
 295  0.
 296  0.
 297  0.
 298  0.
 299  0.
 300  0.
 301  0.
 302  0.
 303  0.
 304  0.
 305  0.
 306  0.
 307  0.
 308  0.
 309  0.
 310  0.
 311  0.
 312  0.
 313  0.
 314  0.
 315  0.
 316  0.
 317  0.
 318  0.
 319  0.
 320  0.
 321  0.
 322  0.
 323  0.
 324  0.
 325  0.
 326  0.
 327  0.
 328  0.
 329  0.
 330  0.
 331  0.
 332  0.
 333  0.
 334  0.
 335  0.
 336  0.
 337  0.
 338  0.
 339  0.
 340  0.
 341  0.
 342  0.
 343  0.
 344  0.
 345  0.
 346  0.
 347  0.
 348  0.
 349  0.
 350  0.
 351  0.
 352  0.
 353  0.
 354  0.
 355  0.
 356  0.
 357  0.
 358  0.
 359  0.
 360  0.
 361  0.
 362  0.
 363  0.
 364  0.
 365  0.
 366  0.
 367  0.
 368  0.
 369  0.
 370  0.
 371  0.
 372  0.
 373  0.
 374  0.
 375  0.
 376  0.
 377  0.
 378  0.
 379  0.
 380  0.
 381  0.
 382  0.
 383  0.
 384  0.
 385  0.
 386  0.
 387  0.
 388  0.
 389  0.
 390  0.
 391  0.
 392  0.
 393  0.
 394  0.
 395  0.
 396  0.
 397  0.
 398  0.
 399  0.
 400  0.
 401  0.
 402  0.
 403  0.
 404  0.
 405  0.
 406  0.
 407  0.
 408  0.
 409  0.
 410  0.
 411  0.
 412  0.
 413  0.
 414  0.
 415  0.
 416  0.
 417  0.
 418  0.
 419  0.
 420  0.
 421  0.
 422  0.
 423  0.
 424  0.
 425  0.
 426  0.
 427  0.
 428  0.
 429  0.
 430  0.
 431  0.
 432  0.
 433  0.
 434  0.
 435  0.
 436  0.
 437  0.
 438  0.
 439  0.
 440  0.
 441  0.
 442  0.
 443  0.
 444  0.
 445  0.
 446  0.
 447  0.
 448  0.
 449  0.
 450  0.
 451  0.
 452  0.
 453  0.
 454  0.
 455  0.
 456  0.
 457  0.
 458  0.
 459  0.
 460  0.
 461  0.
 462  0.
 463  0.
 464  0.
 465  0.
 466  0.
 467  0.
 468  0.
 469  0.
 470  0.
 471  0.
 472  0.
 473  0.
 474  0.
 475  0.
 476  0.
 477  0.
 478  0.
 479  0.
 480  0.
 481  0.
 482  0.
 483  0.
 484  0.
 485  0.
 486  0.
 487  0.
 488  0.
 489  0.
 490  0.
 491  0.
 492  0.
 493  0.
 494  0.
 495  0.
 496  0.
 497  0.
 498  0.
 499  0.
 500  0.

 1  0.
 2  0.
 3  0.
 4  0.
 5  0.
 6  0.
 7  0.
 8  0.
 9  0.
 10  0.
 11  0.
 12  0.
 13  0.
 14  0.
 15  0.
 16  0.
 17  0.
 18  0.
 19  0.
 20  0.
 21  0.
 22  0.
 23  0.
 24  0.
 25  0.
 26  0.
 27  0.
 28  0.
 29  0.
 30  0.
 31  0.
 32  0.
 33  0.
 34  0.
 35  0.
 36  0.
 37  0.
 38  0.
 39  0.
 40  0.
 41  0.
 42  0.
 43  0.
 44  0.
 45  0.
 46  0.
 47  0.
 48  0.
 49  0.
 50  0.
 51  0.
 52  0.
 53  0.
 54  0.
 55  0.
 56  0.
 57  0.
 58  0.
 59  0.
 60  0.
 61  0.
 62  0.
 63  0.
 64  0.
 65  0.
 66  0.
 67  0.
 68  0.
 69  0.
 70  0.
 71  0.
 72  0.
 73  0.
 74  0.
 75  0.
 76  0.
 77  0.
 78  0.
 79  0.
 80  0.
 81  0.
 82  0.
 83  0.
 84  0.
 85  0.
 86  0.
 87  0.
 88  0.
 89  0.
 90  0.
 91  0.
 92  0.
 93  0.
 94  0.
 95  0.
 96  0.
 97  0.
 98  0.
 99  0.
 100  0.
 101  0.
 102  0.
 103  0.
 104  0.
 105  0.
 106  0.
 107  0.
 108  0.
 109  0.
 110  0.
 111  0.
 112  0.
 113  0.
 114  0.
 115  0.
 116  0.
 117  0.
 118  0.
 119  0.
 120  0.
 121  0.
 122  0.
 123  0.
 124  0.
 125  0.
 126  0.
 127  0.
 128  0.
 129  0.
 130  0.
 131  0.
 132  0.
 133  0.
 134  0.
 135  0.
 136  0.
 137  0.
 138  0.
 139  0.
 140  0.
 141  0.
 142  0.
 143  0.
 144  0.
 145  0.
 146  0.
 147  0.
 148  0.
 149  0.
 150  0.
 151  0.
 152  0.
 153  0.
 154  0.
 155  0.
 156  0.
 157  0.
 158  0.
 159  0.
 160  0.
 161  0.
 162  0.
 163  0.
 164  0.
 165  0.
 166  0.
 167  0.
 168  0.
 169  0.
 170  0.
 171  0.
 172  0.
 173  0.
 174  0.
 175  0.
 176  0.
 177  0.
 178  0.
 179  0.
 180  0.
 181  0.
 182  0.
 183  0.
 184  0.
 185  0.
 186  0.
 187  0.
 188  0.
 189  0.
 190  0.
 191  0.
 192  0.
 193  0.
 194  0.
 195  0.
 196  0.
 197  0.
 198  0.
 199  0.
 200  0.
 201  0.
 202  0.
 203  0.
 204  0.
 205  0.
 206  0.
 207  0.
 208  0.
 209  0.
 210  0.
 211  0.
 212  0.
 213  0.
 214  0.
 215  0.
 216  0.
 217  0.
 218  0.
 219  0.
 220  0.
 221  0.
 222  0.
 223  0.
 224  0.
 225  0.
 226  0.
 227  0.
 228  0.
 229  0.
 230  0.
 231  0.
 232  0.
 233  0.
 234  0.
 235  0.
 236  0.
 237  0.
 238  0.
 239  0.
 240  0.
 241  0.
 242  0.
 243  0.
 244  0.
 245  0.
 246  0.
 247  0.
 248  0.
 249  0.
 250  0.
 251  0.
 252  0.
 253  0.
 254  0.
 255  0.
 256  0.
 257  0.
 258  0.
 259  0.
 260  0.
 261  0.
 262  0.
 263  0.
 264  0.
 265  0.
 266  0.
 267  0.
 268  0.
 269  0.
 270  0.
 271  0.
 272  0.
 273  0.
 274  0.
 275  0.
 276  0.
 277  0.
 278  0.
 279  0.
 280  0.
 281  0.
 282  0.
 283  0.
 284  0.
 285  0.
 286  0.
 287  0.
 288  0.
 289  0.
 290  0.
 291  0.
 292  0.
 293  0.
 294  0.
 295  0.
 296  0.
 297  0.
 298  0.
 299  0.
 300  0.
 301  0.
 302  0.
 303  0.
 304  0.
 305  0.
 306  0.
 307  0.
 308  0.
 309  0.
 310  0.
 311  0.
 312  0.
 313  0.
 314  0.
 315  0.
 316  0.
 317  0.
 318  0.
 319  0.
 320  0.
 321  0.
 322  0.
 323  0.
 324  0.
 325  0.
 326  0.
 327  0.
 328  0.
 329  0.
 330  0.
 331  0.
 332  0.
 333  0.
 334  0.
 335  0.
 336  0.
 337  0.
 338  0.
 339  0.
 340  0.
 341  0.
 342  0.
 343  0.
 344  0.
 345  0.
 346  0.
 347  0.
 348  0.
 349  0.
 350  0.
 351  0.
 352  0.
 353  0.
 354  0.
 355  0.
 356  0.
 357  0.
 358  0.
 359  0.
 360  0.
 361  0.
 362  0.
 363  0.
 364  0.
 365  0.
 366  0.
 367  0.
 368  0.
 369  0.
 370  0.
 371  0.
 372  0.
 373  0.
 374  0.
 375  0.
 376  0.
 377  0.
 378  0.
 379  0.
 380  0.
 381  0.
 382  0.
 383  0.
 384  0.
 385  0.
 386  0.
 387  0.
 388  0.
 389  0.
 390  0.
 391  0.
 392  0.
 393  0.
 394  0.
 395  0.
 396  0.
 397  0.
 398  0.
 399  0.
 400  0.
 401  0.
 402  0.
 403  0.
 404  0.
 405  0.
 406  0.
 407  0.
 408  0.
 409  0.
 410  0.
 411  0.
 412  0.
 413  0.
 414  0.
 415  0.
 416  0.
 417  0.
 418  0.
 419  0.
 420  0.
 421  0.
 422  0.
 423  0.
 424  0.
 425  0.
 426  0.
 427  0.
 428  0.
 429  0.
 430  0.
 431  0.
 432  0.
 433  0.
 434  0.
 435  0.
 436  0.
 437  0.
 438  0.
 439  0.
 440  0.
 441  0.
 442  0.
 443  0.
 444  0.
 445  0.
 446  0.
 447  0.
 448  0.
 449  0.
 450  0.
 451  0.
 452  0.
 453  0.
 454  0.
 455  0.
 456  0.
 457  0.
 458  0.
 459  0.
 460  0.
 461  0.
 462  0.
 463  0.
 464  0.
 465  0.
 466  0.
 467  0.
 468  0.
 469  0.
 470  0.
 471  0.
 472  0.
 473  0.
 474  0.
 475  0.
 476  0.
 477  0.
 478  0.
 479  0.
 480  0.
 481  0.
 482  0.
 483  0.
 484  0.
 485  0.
 486  0.
 487  0.
 488  0.
 489  0.
 490  0.
 491  0.
 492  0.
 493  0.
 494  0.
 495  0.
 496  0.
 497  0.
 498  0.
 499  0.
 500  0.

 1  0.
 2  0.
 3  0.
 4  0.
 5  0.
 6  0.
 7  0.
 8  0.
 9  0.
 10  0.
 11  0.
 12  0.
 13  0.
 14  0.
 15  0.
 16  0.
 17  0.
 18  0.
 19  0.
 20  0.
 21  0.
 22  0.
 23  0.
 24  0.
 25  0.
 26  0.
 27  0.
 28  0.
 29  0.
 30  0.
 31  0.
 32  0.
 33  0.
 34  0.
 35  0.
 36  0.
 37  0.
 38  0.
 39  0.
 40  0.
 41  0.
 42  0.
 43  0.
 44  0.
 45  0.
 46  0.
 47  0.
 48  0.
 49  0.
 50  0.
 51  0.
 52  0.
 53  0.
 54  0.
 55  0.
 56  0.
 57  0.
 58  0.
 59  0.
 60  0.
 61  0.
 62  0.
 63  0.
 64  0.
 65  0.
 66  0.
 67  0.
 68  0.
 69  0.
 70  0.
 71  0.
 72  0.
 73  0.
 74  0.
 75  0.
 76  0.
 77  0.
 78  0.
 79  0.
 80  0.
 81  0.
 82  0.
 83  0.
 84  0.
 85  0.
 86  0.
 87  0.
 88  0.
 89  0.
 90  0.
 91  0.
 92  0.
 93  0.
 94  0.
 95  0.
 96  0.
 97  0.
 98  0.
 99  0.
 100  0.
 101  0.
 102  0.
 103  0.
 104  0.
 105  0.
 106  0.
 107  0.
 108  0.
 109  0.
 110  0.
 111  0.
 112  0.
 113  0.
 114  0.
 115  0.
 116  0.
 117  0.
 118  0.
 119  0.
 120  0.
 121  0.
 122  0.
 123  0.
 124  0.
 125  0.
 126  0.
 127  0.
 128  0.
 129  0.
 130  0.
 131  0.
 132  0.
 133  0.
 134  0.
 135  0.
 136  0.
 137  0.
 138  0.
 139  0.
 140  0.
 141  0.
 142  0.
 143  0.
 144  0.
 145  0.
 146  0.
 147  0.
 148  0.
 149  0.
 150  0.
 151  0.
 152  0.
 153  0.
 154  0.
 155  0.
 156  0.
 157  0.
 158  0.
 159  0.
 160  0.
 161  0.
 162  0.
 163  0.
 164  0.
 165  0.
 166  0.
 167  0.
 168  0.
 169  0.
 170  0.
 171  0.
 172  0.
 173  0.
 174  0.
 175  0.
 176  0.
 177  0.
 178  0.
 179  0.
 180  0.
 181  0.
 182  0.
 183  0.
 184  0.
 185  0.
 186  0.
 187  0.
 188  0.
 189  0.
 190  0.
 191  0.
 192  0.
 193  0.
 194  0.
 195  0.
 196  0.
 197  0.
 198  0.
 199  0.
 200  0.
 201  0.
 202  0.
 203  0.
 204  0.
 205  0.
 206  0.
 207  0.
 208  0.
 209  0.
 210  0.
 211  0.
 212  0.
 213  0.
 214  0.
 215  0.
 216  0.
 217  0.
 218  0.
 219  0.
 220  0.
 221  0.
 222  0.
 223  0.
 224  0.
 225  0.
 226  0.
 227  0.
 228  0.
 229  0.
 230  0.
 231  0.
 232  0.
 233  0.
 234  0.
 235  0.
 236  0.
 237  0.
 238  0.
 239  0.
 240  0.
 241  0.
 242  0.
 243  0.
 244  0.
 245  0.
 246  0.
 247  0.
 248  0.
 249  0.
 250  0.
 251  0.
 252  0.
 253  0.
 254  0.
 255  0.
 256  0.
 257  0.
 258  0.
 259  0.
 260  0.
 261  0.
 262  0.
 263  0.
 264  0.
 265  0.
 266  0.
 267  0.
 268  0.
 269  0.
 270  0.
 271  0.
 272  0.
 273  0.
 274  0.
 275  0.
 276  0.
 277  0.
 278  0.
 279  0.
 280  0.
 281  0.
 282  0.
 283  0.
 284  0.
 285  0.
 286  0.
 287  0.
 288  0.
 289  0.
 290  0.
 291  0.
 292  0.
 293  0.
 294  0.
 295  0.
 296  0.
 297  0.
 298  0.
 299  0.
 300  0.
 301  0.
 302  0.
 303  0.
 304  0.
 305  0.
 306  0.
 307  0.
 308  0.
 309  0.
 310  0.
 311  0.
 312  0.
 313  0.
 314  0.
 315  0.
 316  0.
 317  0.
 318  0.
 319  0.
 320  0.
 321  0.
 322  0.
 323  0.
 324  0.
 325  0.
 326  0.
 327  0.
 328  0.
 329  0.
 330  0.
 331  0.
 332  0.
 333  0.
 334  0.
 335  0.
 336  0.
 337  0.
 338  0.
 339  0.
 340  0.
 341  0.
 342  0.
 343  0.
 344  0.
 345  0.
 346  0.
 347  0.
 348  0.
 349  0.
 350  0.
 351  0.
 352  0.
 353  0.
 354  0.
 355  0.
 356  0.
 357  0.
 358  0.
 359  0.
 360  0.
 361  0.
 362  0.
 363  0.
 364  0.
 365  0.
 366  0.
 367  0.
 368  0.
 369  0.
 370  0.
 371  0.
 372  0.
 373  0.
 374  0.
 375  0.
 376  0.
 377  0.
 378  0.
 379  0.
 380  0.
 381  0.
 382  0.
 383  0.
 384  0.
 385  0.
 386  0.
 387  0.
 388  0.
 389  0.
 390  0.
 391  0.
 392  0.
 393  0.
 394  0.
 395  0.
 396  0.
 397  0.
 398  0.
 399  0.
 400  0.
 401  0.
 402  0.
 403  0.
 404  0.
 405  0.
 406  0.
 407  0.
 408  0.
 409  0.
 410  0.
 411  0.
 412  0.
 413  0.
 414  0.
 415  0.
 416  0.
 417  0.
 418  0.
 419  0.
 420  0.
 421  0.
 422  0.
 423  0.
 424  0.
 425  0.
 426  0.
 427  0.
 428  0.
 429  0.
 430  0.
 431  0.
 432  0.
 433  0.
 434  0.
 435  0.
 436  0.
 437  0.
 438  0.
 439  0.
 440  0.
 441  0.
 442  0.
 443  0.
 444  0.
 445  0.
 446  0.
 447  0.
 448  0.
 449  0.
 450  0.
 451  0.
 452  0.
 453  0.
 454  0.
 455  0.
 456  0.
 457  0.
 458  0.
 459  0.
 460  0.
 461  0.
 462  0.
 463  0.
 464  0.
 465  0.
 466  0.
 467  0.
 468  0.
 469  0.
 470  0.
 471  0.
 472  0.
 473  0.
 474  0.
 475  0.
 476  0.
 477  0.
 478  0.
 479  0.
 480  0.
 481  0.
 482  0.
 483  0.
 484  0.
 485  0.
 486  0.
 487  0.
 488  0.
 489  0.
 490  0.
 491  0.
 492  0.
 493  0.
 494  0.
 495  0.
 496  0.
 497  0.
 498  0.
 499  0.
 500  0.

 1  0.
 2  0.
 3  0.
 4  0.
 5  0.
 6  0.
 7  0.
 8  0.
 9  0.
 10  0.
 11  0.
 12  0.
 13  0.
 14  0.
 15  0.
 16  0.
 17  0.
 18  0.
 19  0.
 20  0.
 21  0.
 22  0.
 23  0.
 24  0.
 25  0.
 26  0.
 27  0.
 28  0.
 29  0.
 30  0.
 31  0.
 32  0.
 33  0.
 34  0.
 35  0.
 36  0.
 37  0.
 38  0.
 39  0.
 40  0.
 41  0.
 42  0.
 43  0.
 44  0.
 45  0.
 46  0.
 47  0.
 48  0.
 49  0.
 50  0.
 51  0.
 52  0.
 53  0.
 54  0.
 55  0.
 56  0.
 57  0.
 58  0.
 59  0.
 60  0.
 61  0.
 62  0.
 63  0.
 64  0.
 65  0.
 66  0.
 67  0.
 68  0.
 69  0.
 70  0.
 71  0.
 72  0.
 73  0.
 74  0.
 75  0.
 76  0.
 77  0.
 78  0.
 79  0.
 80  0.
 81  0.
 82  0.
 83  0.
 84  0.
 85  0.
 86  0.
 87  0.
 88  0.
 89  0.
 90  0.
 91  0.
 92  0.
 93  0.
 94  0.
 95  0.
 96  0.
 97  0.
 98  0.
 99  0.
 100  0.
 101  0.
 102  0.
 103  0.
 104  0.
 105  0.
 106  0.
 107  0.
 108  0.
 109  0.
 110  0.
 111  0.
 112  0.
 113  0.
 114  0.
 115  0.
 116  0.
 117  0.
 118  0.
 119  0.
 120  0.
 121  0.
 122  0.
 123  0.
 124  0.
 125  0.
 126  0.
 127  0.
 128  0.
 129  0.
 130  0.
 131  0.
 132  0.
 133  0.
 134  0.
 135  0.
 136  0.
 137  0.
 138  0.
 139  0.
 140  0.
 141  0.
 142  0.
 143  0.
 144  0.
 145  0.
 146  0.
 147  0.
 148  0.
 149  0.
 150  0.
 151  0.
 152  0.
 153  0.
 154  0.
 155  0.
 156  0.
 157  0.
 158  0.
 159  0.
 160  0.
 161  0.
 162  0.
 163  0.
 164  0.
 165  0.
 166  0.
 167  0.
 168  0.
 169  0.
 170  0.
 171  0.
 172  0.
 173  0.
 174  0.
 175  0.
 176  0.
 177  0.
 178  0.
 179  0.
 180  0.
 181  0.
 182  0.
 183  0.
 184  0.
 185  0.
 186  0.
 187  0.
 188  0.
 189  0.
 190  0.
 191  0.
 192  0.
 193  0.
 194  0.
 195  0.
 196  0.
 197  0.
 198  0.
 199  0.
 200  0.
 201  0.
 202  0.
 203  0.
 204  0.
 205  0.
 206  0.
 207  0.
 208  0.
 209  0.
 210  0.
 211  0.
 212  0.
 213  0.
 214  0.
 215  0.
 216  0.
 217  0.
 218  0.
 219  0.
 220  0.
 221  0.
 222  0.
 223  0.
 224  0.
 225  0.
 226  0.
 227  0.
 228  0.
 229  0.
 230  0.
 231  0.
 232  0.
 233  0.
 234  0.
 235  0.
 236  0.
 237  0.
 238  0.
 239  0.
 240  0.
 241  0.
 242  0.
 243  0.
 244  0.
 245  0.
 246  0.
 247  0.
 248  0.
 249  0.
 250  0.
 251  0.
 252  0.
 253  0.
 254  0.
 255  0.
 256  0.
 257  0.
 258  0.
 259  0.
 260  0.
 261  0.
 262  0.
 263  0.
 264  0.
 265  0.
 266  0.
 267  0.
 268  0.
 269  0.
 270  0.
 271  0.
 272  0.
 273  0.
 274  0.
 275  0.
 276  0.
 277  0.
 278  0.
 279  0.
 280  0.
 281  0.
 282  0.
 283  0.
 284  0.
 285  0.
 286  0.
 287  0.
 288  0.
 289  0.
 290  0.
 291  0.
 292  0.
 293  0.
 294  0.
 295  0.
 296  0.
 297  0.
 298  0.
 299  0.
 300  0.
 301  0.
 302  0.
 303  0.
 304  0.
 305  0.
 306  0.
 307  0.
 308  0.
 309  0.
 310  0.
 311  0.
 312  0.
 313  0.
 314  0.
 315  0.
 316  0.
 317  0.
 318  0.
 319  0.
 320  0.
 321  0.
 322  0.
 323  0.
 324  0.
 325  0.
 326  0.
 327  0.
 328  0.
 329  0.
 330  0.
 331  0.
 332  0.
 333  0.
 334  0.
 335  0.
 336  0.
 337  0.
 338  0.
 339  0.
 340  0.
 341  0.
 342  0.
 343  0.
 344  0.
 345  0.
 346  0.
 347  0.
 348  0.
 349  0.
 350  0.
 351  0.
 352  0.
 353  0.
 354  0.
 355  0.
 356  0.
 357  0.
 358  0.
 359  0.
 360  0.
 361  0.
 362  0.
 363  0.
 364  0.
 365  0.
 366  0.
 367  0.
 368  0.
 369  0.
 370  0.
 371  0.
 372  0.
 373  0.
 374  0.
 375  0.
 376  0.
 377  0.
 378  0.
 379  0.
 380  0.
 381  0.
 382  0.
 383  0.
 384  0.
 385  0.
 386  0.
 387  0.
 388  0.
 389  0.
 390  0.
 391  0.
 392  0.
 393  0.
 394  0.
 395  0.
 396  0.
 397  0.
 398  0.
 399  0.
 400  0.
 401  0.
 402  0.
 403  0.
 404  0.
 405  0.
 406  0.
 407  0.
 408  0.
 409  0.
 410  0.
 411  0.
 412  0.
 413  0.
 414  0.
 415  0.
 416  0.
 417  0.
 418  0.
 419  0.
 420  0.
 421  0.
 422  0.
 423  0.
 424  0.
 425  0.
 426  0.
 427  0.
 428  0.
 429  0.
 430  0.
 431  0.
 432  0.
 433  0.
 434  0.
 435  0.
 436  0.
 437  0.
 438  0.
 439  0.
 440  0.
 441  0.
 442  0.
 443  0.
 444  0.
 445  0.
 446  0.
 447  0.
 448  0.
 449  0.
 450  0.
 451  0.
 452  0.
 453  0.
 454  0.
 455  0.
 456  0.
 457  0.
 458  0.
 459  0.
 460  0.
 461  0.
 462  0.
 463  0.
 464  0.
 465  0.
 466  0.
 467  0.
 468  0.
 469  0.
 470  0.
 471  0.
 472  0.
 473  0.
 474  0.
 475  0.
 476  0.
 477  0.
 478  0.
 479  0.
 480  0.
 481  0.
 482  0.
 483  0.
 484  0.
 485  0.
 486  0.
 487  0.
 488  0.
 489  0.
 490  0.
 491  0.
 492  0.
 493  0.
 494  0.
 495  0.
 496  0.
 497  0.
 498  0.
 499  0.
 500  0.

 1  0.
 2  0.
 3  0.
 4  0.
 5  0.
 6  0.
 7  0.
 8  0.
 9  0.
 10  0.
 11  0.
 12  0.
 13  0.
 14  0.
 15  0.
 16  0.
 17  0.
 18  0.
 19  0.
 20  0.
 21  0.
 22  0.
 23  0.
 24  0.
 25  0.
 26  0.
 27  0.
 28  0.
 29  0.
 30  0.
 31  0.
 32  0.
 33  0.
 34  0.
 35  0.
 36  0.
 37  0.
 38  0.
 39  0.
 40  0.
 41  0.
 42  0.
 43  0.
 44  0.
 45  0.
 46  0.
 47  0.
 48  0.
 49  0.
 50  0.
 51  0.
 52  0.
 53  0.
 54  0.
 55  0.
 56  0.
 57  0.
 58  0.
 59  0.
 60  0.
 61  0.
 62  0.
 63  0.
 64  0.
 65  0.
 66  0.
 67  0.
 68  0.
 69  0.
 70  0.
 71  0.
 72  0.
 73  0.
 74  0.
 75  0.
 76  0.
 77  0.
 78  0.
 79  0.
 80  0.
 81  0.
 82  0.
 83  0.
 84  0.
 85  0.
 86  0.
 87  0.
 88  0.
 89  0.
 90  0.
 91  0.
 92  0.
 93  0.
 94  0.
 95  0.
 96  0.
 97  0.
 98  0.
 99  0.
 100  0.
 101  0.
 102  0.
 103  0.
 104  0.
 105  0.
 106  0.
 107  0.
 108  0.
 109  0.
 110  0.
 111  0.
 112  0.
 113  0.
 114  0.
 115  0.
 116  0.
 117  0.
 118  0.
 119  0.
 120  0.
 121  0.
 122  0.
 123  0.
 124  0.
 125  0.
 126  0.
 127  0.
 128  0.
 129  0.
 130  0.
 131  0.
 132  0.
 133  0.
 134  0.
 135  0.
 136  0.
 137  0.
 138  0.
 139  0.
 140  0.
 141  0.
 142  0.
 143  0.
 144  0.
 145  0.
 146  0.
 147  0.
 148  0.
 149  0.
 150  0.
 151  0.
 152  0.
 153  0.
 154  0.
 155  0.
 156  0.
 157  0.
 158  0.
 159  0.
 160  0.
 161  0.
 162  0.
 163  0.
 164  0.
 165  0.
 166  0.
 167  0.
 168  0.
 169  0.
 170  0.
 171  0.
 172  0.
 173  0.
 174  0.
 175  0.
 176  0.
 177  0.
 178  0.
 179  0.
 180  0.
 181  0.
 182  0.
 183  0.
 184  0.
 185  0.
 186  0.
 187  0.
 188  0.
 189  0.
 190  0.
 191  0.
 192  0.
 193  0.
 194  0.
 195  0.
 196  0.
 197  0.
 198  0.
 199  0.
 200  0.
 201  0.
 202  0.
 203  0.
 204  0.
 205  0.
 206  0.
 207  0.
 208  0.
 209  0.
 210  0.
 211  0.
 212  0.
 213  0.
 214  0.
 215  0.
 216  0.
 217  0.
 218  0.
 219  0.
 220  0.
 221  0.
 222  0.
 223  0.
 224  0.
 225  0.
 226  0.
 227  0.
 228  0.
 229  0.
 230  0.
 231  0.
 232  0.
 233  0.
 234  0.
 235  0.
 236  0.
 237  0.
 238  0.
 239  0.
 240  0.
 241  0.
 242  0.
 243  0.
 244  0.
 245  0.
 246  0.
 247  0.
 248  0.
 249  0.
 250  0.
 251  0.
 252  0.
 253  0.
 254  0.
 255  0.
 256  0.
 257  0.
 258  0.
 259  0.
 260  0.
 261  0.
 262  0.
 263  0.
 264  0.
 265  0.
 266  0.
 267  0.
 268  0.
 269  0.
 270  0.
 271  0.
 272  0.
 273  0.
 274  0.
 275  0.
 276  0.
 277  0.
 278  0.
 279  0.
 280  0.
 281  0.
 282  0.
 283  0.
 284  0.
 285  0.
 286  0.
 287  0.
 288  0.
 289  0.
 290  0.
 291  0.
 292  0.
 293  0.
 294  0.
 295  0.
 296  0.
 297  0.
 298  0.
 299  0.
 300  0.
 301  0.
 302  0.
 303  0.
 304  0.
 305  0.
 306  0.
 307  0.
 308  0.
 309  0.
 310  0.
 311  0.
 312  0.
 313  0.
 314  0.
 315  0.
 316  0.
 317  0.
 318  0.
 319  0.
 320  0.
 321  0.
 322  0.
 323  0.
 324  0.
 325  0.
 326  0.
 327  0.
 328  0.
 329  0.
 330  0.
 331  0.
 332  0.
 333  0.
 334  0.
 335  0.
 336  0.
 337  0.
 338  0.
 339  0.
 340  0.
 341  0.
 342  0.
 343  0.
 344  0.
 345  0.
 346  0.
 347  0.
 348  0.
 349  0.
 350  0.
 351  0.
 352  0.
 353  0.
 354  0.
 355  0.
 356  0.
 357  0.
 358  0.
 359  0.
 360  0.
 361  0.
 362  0.
 363  0.
 364  0.
 365  0.
 366  0.
 367  0.
 368  0.
 369  0.
 370  0.
 371  0.
 372  0.
 373  0.
 374  0.
 375  0.
 376  0.
 377  0.
 378  0.
 379  0.
 380  0.
 381  0.
 382  0.
 383  0.
 384  0.
 385  0.
 386  0.
 387  0.
 388  0.
 389  0.
 390  0.
 391  0.
 392  0.
 393  0.
 394  0.
 395  0.
 396  0.
 397  0.
 398  0.
 399  0.
 400  0.
 401  0.
 402  0.
 403  0.
 404  0.
 405  0.
 406  0.
 407  0.
 408  0.
 409  0.
 410  0.
 411  0.
 412  0.
 413  0.
 414  0.
 415  0.
 416  0.
 417  0.
 418  0.
 419  0.
 420  0.
 421  0.
 422  0.
 423  0.
 424  0.
 425  0.
 426  0.
 427  0.
 428  0.
 429  0.
 430  0.
 431  0.
 432  0.
 433  0.
 434  0.
 435  0.
 436  0.
 437  0.
 438  0.
 439  0.
 440  0.
 441  0.
 442  0.
 443  0.
 444  0.
 445  0.
 446  0.
 447  0.
 448  0.
 449  0.
 450  0.
 451  0.
 452  0.
 453  0.
 454  0.
 455  0.
 456  0.
 457  0.
 458  0.
 459  0.
 460  0.
 461  0.
 462  0.
 463  0.
 464  0.
 465  0.
 466  0.
 467  0.
 468  0.
 469  0.
 470  0.
 471  0.
 472  0.
 473  0.
 474  0.
 475  0.
 476  0.
 477  0.
 478  0.
 479  0.
 480  0.
 481  0.
 482  0.
 483  0.
 484  0.
 485  0.
 486  0.
 487  0.
 488  0.
 489  0.
 490  0.
 491  0.
 492  0.
 493  0.
 494  0.
 495  0.
 496  0.
 497  0.
 498  0.
 499  0.
 500  0.

 1  0.
 2  0.
 3  0.
 4  0.
 5  0.
 6  0.
 7  0.
 8  0.
 9  0.
 10  0.
 11  0.
 12  0.
 13  0.
 14  0.
 15  0.
 16  0.
 17  0.
 18  0.
 19  0.
 20  0.
 21  0.
 22  0.
 23  0.
 24  0.
 25  0.
 26  0.
 27  0.
 28  0.
 29  0.
 30  0.
 31  0.
 32  0.
 33  0.
 34  0.
 35  0.
 36  0.
 37  0.
 38  0.
 39  0.
 40  0.
 41  0.
 42  0.
 43  0.
 44  0.
 45  0.
 46  0.
 47  0.
 48  0.
 49  0.
 50  0.
 51  0.
 52  0.
 53  0.
 54  0.
 55  0.
 56  0.
 57  0.
 58  0.
 59  0.
 60  0.
 61  0.
 62  0.
 63  0.
 64  0.
 65  0.
 66  0.
 67  0.
 68  0.
 69  0.
 70  0.
 71  0.
 72  0.
 73  0.
 74  0.
 75  0.
 76  0.
 77  0.
 78  0.
 79  0.
 80  0.
 81  0.
 82  0.
 83  0.
 84  0.
 85  0.
 86  0.
 87  0.
 88  0.
 89  0.
 90  0.
 91  0.
 92  0.
 93  0.
 94  0.
 95  0.
 96  0.
 97  0.
 98  0.
 99  0.
 100  0.
 101  0.
 102  0.
 103  0.
 104  0.
 105  0.
 106  0.
 107  0.
 108  0.
 109  0.
 110  0.
 111  0.
 112  0.
 113  0.
 114  0.
 115  0.
 116  0.
 117  0.
 118  0.
 119  0.
 120  0.
 121  0.
 122  0.
 123  0.
 124  0.
 125  0.
 126  0.
 127  0.
 128  0.
 129  0.
 130  0.
 131  0.
 132  0.
 133  0.
 134  0.
 135  0.
 136  0.
 137  0.
 138  0.
 139  0.
 140  0.
 141  0.
 142  0.
 143  0.
 144  0.
 145  0.
 146  0.
 147  0.
 148  0.
 149  0.
 150  0.
 151  0.
 152  0.
 153  0.
 154  0.
 155  0.
 156  0.
 157  0.
 158  0.
 159  0.
 160  0.
 161  0.
 162  0.
 163  0.
 164  0.
 165  0.
 166  0.
 167  0.
 168  0.
 169  0.
 170  0.
 171  0.
 172  0.
 173  0.
 174  0.
 175  0.
 176  0.
 177  0.
 178  0.
 179  0.
 180  0.
 181  0.
 182  0.
 183  0.
 184  0.
 185  0.
 186  0.
 187  0.
 188  0.
 189  0.
 190  0.
 191  0.
 192  0.
 193  0.
 194  0.
 195  0.
 196  0.
 197  0.
 198  0.
 199  0.
 200  0.
 201  0.
 202  0.
 203  0.
 204  0.
 205  0.
 206  0.
 207  0.
 208  0.
 209  0.
 210  0.
 211  0.
 212  0.
 213  0.
 214  0.
 215  0.
 216  0.
 217  0.
 218  0.
 219  0.
 220  0.
 221  0.
 222  0.
 223  0.
 224  0.
 225  0.
 226  0.
 227  0.
 228  0.
 229  0.
 230  0.
 231  0.
 232  0.
 233  0.
 234  0.
 235  0.
 236  0.
 237  0.
 238  0.
 239  0.
 240  0.
 241  0.
 242  0.
 243  0.
 244  0.
 245  0.
 246  0.
 247  0.
 248  0.
 249  0.
 250  0.
 251  0.
 252  0.
 253  0.
 254  0.
 255  0.
 256  0.
 257  0.
 258  0.
 259  0.
 260  0.
 261  0.
 262  0.
 263  0.
 264  0.
 265  0.
 266  0.
 267  0.
 268  0.
 269  0.
 270  0.
 271  0.
 272  0.
 273  0.
 274  0.
 275  0.
 276  0.
 277  0.
 278  0.
 279  0.
 280  0.
 281  0.
 282  0.
 283  0.
 284  0.
 285  0.
 286  0.
 287  0.
 288  0.
 289  0.
 290  0.
 291  0.
 292  0.
 293  0.
 294  0.
 295  0.
 296  0.
 297  0.
 298  0.
 299  0.
 300  0.
 301  0.
 302  0.
 303  0.
 304  0.
 305  0.
 306  0.
 307  0.
 308  0.
 309  0.
 310  0.
 311  0.
 312  0.
 313  0.
 314  0.
 315  0.
 316  0.
 317  0.
 318  0.
 319  0.
 320  0.
 321  0.
 322  0.
 323  0.
 324  0.
 325  0.
 326  0.
 327  0.
 328  0.
 329  0.
 330  0.
 331  0.
 332  0.
 333  0.
 334  0.
 335  0.
 336  0.
 337  0.
 338  0.
 339  0.
 340  0.
 341  0.
 342  0.
 343  0.
 344  0.
 345  0.
 346  0.
 347  0.
 348  0.
 349  0.
 350  0.
 351  0.
 352  0.
 353  0.
 354  0.
 355  0.
 356  0.
 357  0.
 358  0.
 359  0.
 360  0.
 361  0.
 362  0.
 363  0.
 364  0.
 365  0.
 366  0.
 367  0.
 368  0.
 369  0.
 370  0.
 371  0.
 372  0.
 373  0.
 374  0.
 375  0.
 376  0.
 377  0.
 378  0.
 379  0.
 380  0.
 381  0.
 382  0.
 383  0.
 384  0.
 385  0.
 386  0.
 387  0.
 388  0.
 389  0.
 390  0.
 391  0.
 392  0.
 393  0.
 394  0.
 395  0.
 396  0.
 397  0.
 398  0.
 399  0.
 400  0.
 401  0.
 402  0.
 403  0.
 404  0.
 405  0.
 406  0.
 407  0.
 408  0.
 409  0.
 410  0.
 411  0.
 412  0.
 413  0.
 414  0.
 415  0.
 416  0.
 417  0.
 418  0.
 419  0.
 420  0.
 421  0.
 422  0.
 423  0.
 424  0.
 425  0.
 426  0.
 427  0.
 428  0.
 429  0.
 430  0.
 431  0.
 432  0.
 433  0.
 434  0.
 435  0.
 436  0.
 437  0.
 438  0.
 439  0.
 440  0.
 441  0.
 442  0.
 443  0.
 444  0.
 445  0.
 446  0.
 447  0.
 448  0.
 449  0.
 450  0.
 451  0.
 452  0.
 453  0.
 454  0.
 455  0.
 456  0.
 457  0.
 458  0.
 459  0.
 460  0.
 461  0.
 462  0.
 463  0.
 464  0.
 465  0.
 466  0.
 467  0.
 468  0.
 469  0.
 470  0.
 471  0.
 472  0.
 473  0.
 474  0.
 475  0.
 476  0.
 477  0.
 478  0.
 479  0.
 480  0.
 481  0.
 482  0.
 483  0.
 484  0.
 485  0.
 486  0.
 487  0.
 488  0.
 489  0.
 490  0.
 491  0.
 492  0.
 493  0.
 494  0.
 495  0.
 496  0.
 497  0.
 498  0.
 499  0.
 500  0.

 1  0.
 2  0.
 3  0.
 4  0.
 5  0.
 6  0.
 7  0.
 8  0.
 9  0.
 10  0.
 11  0.
 12  0.
 13  0.
 14  0.
 15  0.
 16  0.
 17  0.
 18  0.
 19  0.
 20  0.
 21  0.
 22  0.
 23  0.
 24  0.
 25  0.
 26  0.
 27  0.
 28  0.
 29  0.
 30  0.
 31  0.
 32  0.
 33  0.
 34  0.
 35  0.
 36  0.
 37  0.
 38  0.
 39  0.
 40  0.
 41  0.
 42  0.
 43  0.
 44  0.
 45  0.
 46  0.
 47  0.
 48  0.
 49  0.
 50  0.
 51  0.
 52  0.
 53  0.
 54  0.
 55  0.
 56  0.
 57  0.
 58  0.
 59  0.
 60  0.
 61  0.
 62  0.
 63  0.
 64  0.
 65  0.
 66  0.
 67  0.
 68  0.
 69  0.
 70  0.
 71  0.
 72  0.
 73  0.
 74  0.
 75  0.
 76  0.
 77  0.
 78  0.
 79  0.
 80  0.
 81  0.
 82  0.
 83  0.
 84  0.
 85  0.
 86  0.
 87  0.
 88  0.
 89  0.
 90  0.
 91  0.
 92  0.
 93  0.
 94  0.
 95  0.
 96  0.
 97  0.
 98  0.
 99  0.
 100  0.
 101  0.
 102  0.
 103  0.
 104  0.
 105  0.
 106  0.
 107  0.
 108  0.
 109  0.
 110  0.
 111  0.
 112  0.
 113  0.
 114  0.
 115  0.
 116  0.
 117  0.
 118  0.
 119  0.
 120  0.
 121  0.
 122  0.
 123  0.
 124  0.
 125  0.
 126  0.
 127  0.
 128  0.
 129  0.
 130  0.
 131  0.
 132  0.
 133  0.
 134  0.
 135  0.
 136  0.
 137  0.
 138  0.
 139  0.
 140  0.
 141  0.
 142  0.
 143  0.
 144  0.
 145  0.
 146  0.
 147  0.
 148  0.
 149  0.
 150  0.
 151  0.
 152  0.
 153  0.
 154  0.
 155  0.
 156  0.
 157  0.
 158  0.
 159  0.
 160  0.
 161  0.
 162  0.
 163  0.
 164  0.
 165  0.
 166  0.
 167  0.
 168  0.
 169  0.
 170  0.
 171  0.
 172  0.
 173  0.
 174  0.
 175  0.
 176  0.
 177  0.
 178  0.
 179  0.
 180  0.
 181  0.
 182  0.
 183  0.
 184  0.
 185  0.
 186  0.
 187  0.
 188  0.
 189  0.
 190  0.
 191  0.
 192  0.
 193  0.
 194  0.
 195  0.
 196  0.
 197  0.
 198  0.
 199  0.
 200  0.
 201  0.
 202  0.
 203  0.
 204  0.
 205  0.
 206  0.
 207  0.
 208  0.
 209  0.
 210  0.
 211  0.
 212  0.
 213  0.
 214  0.
 215  0.
 216  0.
 217  0.
 218  0.
 219  0.
 220  0.
 221  0.
 222  0.
 223  0.
 224  0.
 225  0.
 226  0.
 227  0.
 228  0.
 229  0.
 230  0.
 231  0.
 232  0.
 233  0.
 234  0.
 235  0.
 236  0.
 237  0.
 238  0.
 239  0.
 240  0.
 241  0.
 242  0.
 243  0.
 244  0.
 245  0.
 246  0.
 247  0.
 248  0.
 249  0.
 250  0.
 251  0.
 252  0.
 253  0.
 254  0.
 255  0.
 256  0.
 257  0.
 258  0.
 259  0.
 260  0.
 261  0.
 262  0.
 263  0.
 264  0.
 265  0.
 266  0.
 267  0.
 268  0.
 269  0.
 270  0.
 271  0.
 272  0.
 273  0.
 274  0.
 275  0.
 276  0.
 277  0.
 278  0.
 279  0.
 280  0.
 281  0.
 282  0.
 283  0.
 284  0.
 285  0.
 286  0.
 287  0.
 288  0.
 289  0.
 290  0.
 291  0.
 292  0.
 293  0.
 294  0.
 295  0.
 296  0.
 297  0.
 298  0.
 299  0.
 300  0.
 301  0.
 302  0.
 303  0.
 304  0.
 305  0.
 306  0.
 307  0.
 308  0.
 309  0.
 310  0.
 311  0.
 312  0.
 313  0.
 314  0.
 315  0.
 316  0.
 317  0.
 318  0.
 319  0.
 320  0.
 321  0.
 322  0.
 323  0.
 324  0.
 325  0.
 326  0.
 327  0.
 328  0.
 329  0.
 330  0.
 331  0.
 332  0.
 333  0.
 334  0.
 335  0.
 336  0.
 337  0.
 338  0.
 339  0.
 340  0.
 341  0.
 342  0.
 343  0.
 344  0.
 345  0.
 346  0.
 347  0.
 348  0.
 349  0.
 350  0.
 351  0.
 352  0.
 353  0.
 354  0.
 355  0.
 356  0.
 357  0.
 358  0.
 359  0.
 360  0.
 361  0.
 362  0.
 363  0.
 364  0.
 365  0.
 366  0.
 367  0.
 368  0.
 369  0.
 370  0.
 371  0.
 372  0.
 373  0.
 374  0.
 375  0.
 376  0.
 377  0.
 378  0.
 379  0.
 380  0.
 381  0.
 382  0.
 383  0.
 384  0.
 385  0.
 386  0.
 387  0.
 388  0.
 389  0.
 390  0.
 391  0.
 392  0.
 393  0.
 394  0.
 395  0.
 396  0.
 397  0.
 398  0.
 399  0.
 400  0.
 401  0.
 402  0.
 403  0.
 404  0.
 405  0.
 406  0.
 407  0.
 408  0.
 409  0.
 410  0.
 411  0.
 412  0.
 413  0.
 414  0.
 415  0.
 416  0.
 417  0.
 418  0.
 419  0.
 420  0.
 421  0.
 422  0.
 423  0.
 424  0.
 425  0.
 426  0.
 427  0.
 428  0.
 429  0.
 430  0.
 431  0.
 432  0.
 433  0.
 434  0.
 435  0.
 436  0.
 437  0.
 438  0.
 439  0.
 440  0.
 441  0.
 442  0.
 443  0.
 444  0.
 445  0.
 446  0.
 447  0.
 448  0.
 449  0.
 450  0.
 451  0.
 452  0.
 453  0.
 454  0.
 455  0.
 456  0.
 457  0.
 458  0.
 459  0.
 460  0.
 461  0.
 462  0.
 463  0.
 464  0.
 465  0.
 466  0.
 467  0.
 468  0.
 469  0.
 470  0.
 471  0.
 472  0.
 473  0.
 474  0.
 475  0.
 476  0.
 477  0.
 478  0.
 479  0.
 480  0.
 481  0.
 482  0.
 483  0.
 484  0.
 485  0.
 486  0.
 487  0.
 488  0.
 489  0.
 490  0.
 491  0.
 492  0.
 493  0.
 494  0.
 495  0.
 496  0.
 497  0.
 498  0.
 499  0.
 500  0.

 1  0.
 2  0.
 3  0.
 4  0.
 5  0.
 6  0.
 7  0.
 8  0.
 9  0.
 10  0.
 11  0.
 12  0.
 13  0.
 14  0.
 15  0.
 16  0.
 17  0.
 18  0.
 19  0.
 20  0.
 21  0.
 22  0.
 23  0.
 24  0.
 25  0.
 26  0.
 27  0.
 28  0.
 29  0.
 30  0.
 31  0.
 32  0.
 33  0.
 34  0.
 35  0.
 36  0.
 37  0.
 38  0.
 39  0.
 40  0.
 41  0.
 42  0.
 43  0.
 44  0.
 45  0.
 46  0.
 47  0.
 48  0.
 49  0.
 50  0.
 51  0.
 52  0.
 53  0.
 54  0.
 55  0.
 56  0.
 57  0.
 58  0.
 59  0.
 60  0.
 61  0.
 62  0.
 63  0.
 64  0.
 65  0.
 66  0.
 67  0.
 68  0.
 69  0.
 70  0.
 71  0.
 72  0.
 73  0.
 74  0.
 75  0.
 76  0.
 77  0.
 78  0.
 79  0.
 80  0.
 81  0.
 82  0.
 83  0.
 84  0.
 85  0.
 86  0.
 87  0.
 88  0.
 89  0.
 90  0.
 91  0.
 92  0.
 93  0.
 94  0.
 95  0.
 96  0.
 97  0.
 98  0.
 99  0.
 100  0.
 101  0.
 102  0.
 103  0.
 104  0.
 105  0.
 106  0.
 107  0.
 108  0.
 109  0.
 110  0.
 111  0.
 112  0.
 113  0.
 114  0.
 115  0.
 116  0.
 117  0.
 118  0.
 119  0.
 120  0.
 121  0.
 122  0.
 123  0.
 124  0.
 125  0.
 126  0.
 127  0.
 128  0.
 129  0.
 130  0.
 131  0.
 132  0.
 133  0.
 134  0.
 135  0.
 136  0.
 137  0.
 138  0.
 139  0.
 140  0.
 141  0.
 142  0.
 143  0.
 144  0.
 145  0.
 146  0.
 147  0.
 148  0.
 149  0.
 150  0.
 151  0.
 152  0.
 153  0.
 154  0.
 155  0.
 156  0.
 157  0.
 158  0.
 159  0.
 160  0.
 161  0.
 162  0.
 163  0.
 164  0.
 165  0.
 166  0.
 167  0.
 168  0.
 169  0.
 170  0.
 171  0.
 172  0.
 173  0.
 174  0.
 175  0.
 176  0.
 177  0.
 178  0.
 179  0.
 180  0.
 181  0.
 182  0.
 183  0.
 184  0.
 185  0.
 186  0.
 187  0.
 188  0.
 189  0.
 190  0.
 191  0.
 192  0.
 193  0.
 194  0.
 195  0.
 196  0.
 197  0.
 198  0.
 199  0.
 200  0.
 201  0.
 202  0.
 203  0.
 204  0.
 205  0.
 206  0.
 207  0.
 208  0.
 209  0.
 210  0.
 211  0.
 212  0.
 213  0.
 214  0.
 215  0.
 216  0.
 217  0.
 218  0.
 219  0.
 220  0.
 221  0.
 222  0.
 223  0.
 224  0.
 225  0.
 226  0.
 227  0.
 228  0.
 229  0.
 230  0.
 231  0.
 232  0.
 233  0.
 234  0.
 235  0.
 236  0.
 237  0.
 238  0.
 239  0.
 240  0.
 241  0.
 242  0.
 243  0.
 244  0.
 245  0.
 246  0.
 247  0.
 248  0.
 249  0.
 250  0.
 251  0.
 252  0.
 253  0.
 254  0.
 255  0.
 256  0.
 257  0.
 258  0.
 259  0.
 260  0.
 261  0.
 262  0.
 263  0.
 264  0.
 265  0.
 266  0.
 267  0.
 268  0.
 269  0.
 270  0.
 271  0.
 272  0.
 273  0.
 274  0.
 275  0.
 276  0.
 277  0.
 278  0.
 279  0.
 280  0.
 281  0.
 282  0.
 283  0.
 284  0.
 285  0.
 286  0.
 287  0.
 288  0.
 289  0.
 290  0.
 291  0.
 292  0.
 293  0.
 294  0.
 295  0.
 296  0.
 297  0.
 298  0.
 299  0.
 300  0.
 301  0.
 302  0.
 303  0.
 304  0.
 305  0.
 306  0.
 307  0.
 308  0.
 309  0.
 310  0.
 311  0.
 312  0.
 313  0.
 314  0.
 315  0.
 316  0.
 317  0.
 318  0.
 319  0.
 320  0.
 321  0.
 322  0.
 323  0.
 324  0.
 325  0.
 326  0.
 327  0.
 328  0.
 329  0.
 330  0.
 331  0.
 332  0.
 333  0.
 334  0.
 335  0.
 336  0.
 337  0.
 338  0.
 339  0.
 340  0.
 341  0.
 342  0.
 343  0.
 344  0.
 345  0.
 346  0.
 347  0.
 348  0.
 349  0.
 350  0.
 351  0.
 352  0.
 353  0.
 354  0.
 355  0.
 356  0.
 357  0.
 358  0.
 359  0.
 360  0.
 361  0.
 362  0.
 363  0.
 364  0.
 365  0.
 366  0.
 367  0.
 368  0.
 369  0.
 370  0.
 371  0.
 372  0.
 373  0.
 374  0.
 375  0.
 376  0.
 377  0.
 378  0.
 379  0.
 380  0.
 381  0.
 382  0.
 383  0.
 384  0.
 385  0.
 386  0.
 387  0.
 388  0.
 389  0.
 390  0.
 391  0.
 392  0.
 393  0.
 394  0.
 395  0.
 396  0.
 397  0.
 398  0.
 399  0.
 400  0.
 401  0.
 402  0.
 403  0.
 404  0.
 405  0.
 406  0.
 407  0.
 408  0.
 409  0.
 410  0.
 411  0.
 412  0.
 413  0.
 414  0.
 415  0.
 416  0.
 417  0.
 418  0.
 419  0.
 420  0.
 421  0.
 422  0.
 423  0.
 424  0.
 425  0.
 426  0.
 427  0.
 428  0.
 429  0.
 430  0.
 431  0.
 432  0.
 433  0.
 434  0.
 435  0.
 436  0.
 437  0.
 438  0.
 439  0.
 440  0.
 441  0.
 442  0.
 443  0.
 444  0.
 445  0.
 446  0.
 447  0.
 448  0.
 449  0.
 450  0.
 451  0.
 452  0.
 453  0.
 454  0.
 455  0.
 456  0.
 457  0.
 458  0.
 459  0.
 460  0.
 461  0.
 462  0.
 463  0.
 464  0.
 465  0.
 466  0.
 467  0.
 468  0.
 469  0.
 470  0.
 471  0.
 472  0.
 473  0.
 474  0.
 475  0.
 476  0.
 477  0.
 478  0.
 479  0.
 480  0.
 481  0.
 482  0.
 483  0.
 484  0.
 485  0.
 486  0.
 487  0.
 488  0.
 489  0.
 490  0.
 491  0.
 492  0.
 493  0.
 494  0.
 495  0.
 496  0.
 497  0.
 498  0.
 499  0.
 500  0.

 1  0.
 2  0.
 3  0.
 4  0.
 5  0.
 6  0.
 7  0.
 8  0.
 9  0.
 10  0.
 11  0.
 12  0.
 13  0.
 14  0.
 15  0.
 16  0.
 17  0.
 18  0.
 19  0.
 20  0.
 21  0.
 22  0.
 23  0.
 24  0.
 25  0.
 26  0.
 27  0.
 28  0.
 29  0.
 30  0.
 31  0.
 32  0.
 33  0.
 34  0.
 35  0.
 36  0.
 37  0.
 38  0.
 39  0.
 40  0.
 41  0.
 42  0.
 43  0.
 44  0.
 45  0.
 46  0.
 47  0.
 48  0.
 49  0.
 50  0.
 51  0.
 52  0.
 53  0.
 54  0.
 55  0.
 56  0.
 57  0.
 58  0.
 59  0.
 60  0.
 61  0.
 62  0.
 63  0.
 64  0.
 65  0.
 66  0.
 67  0.
 68  0.
 69  0.
 70  0.
 71  0.
 72  0.
 73  0.
 74  0.
 75  0.
 76  0.
 77  0.
 78  0.
 79  0.
 80  0.
 81  0.
 82  0.
 83  0.
 84  0.
 85  0.
 86  0.
 87  0.
 88  0.
 89  0.
 90  0.
 91  0.
 92  0.
 93  0.
 94  0.
 95  0.
 96  0.
 97  0.
 98  0.
 99  0.
 100  0.
 101  0.
 102  0.
 103  0.
 104  0.
 105  0.
 106  0.
 107  0.
 108  0.
 109  0.
 110  0.
 111  0.
 112  0.
 113  0.
 114  0.
 115  0.
 116  0.
 117  0.
 118  0.
 119  0.
 120  0.
 121  0.
 122  0.
 123  0.
 124  0.
 125  0.
 126  0.
 127  0.
 128  0.
 129  0.
 130  0.
 131  0.
 132  0.
 133  0.
 134  0.
 135  0.
 136  0.
 137  0.
 138  0.
 139  0.
 140  0.
 141  0.
 142  0.
 143  0.
 144  0.
 145  0.
 146  0.
 147  0.
 148  0.
 149  0.
 150  0.
 151  0.
 152  0.
 153  0.
 154  0.
 155  0.
 156  0.
 157  0.
 158  0.
 159  0.
 160  0.
 161  0.
 162  0.
 163  0.
 164  0.
 165  0.
 166  0.
 167  0.
 168  0.
 169  0.
 170  0.
 171  0.
 172  0.
 173  0.
 174  0.
 175  0.
 176  0.
 177  0.
 178  0.
 179  0.
 180  0.
 181  0.
 182  0.
 183  0.
 184  0.
 185  0.
 186  0.
 187  0.
 188  0.
 189  0.
 190  0.
 191  0.
 192  0.
 193  0.
 194  0.
 195  0.
 196  0.
 197  0.
 198  0.
 199  0.
 200  0.
 201  0.
 202  0.
 203  0.
 204  0.
 205  0.
 206  0.
 207  0.
 208  0.
 209  0.
 210  0.
 211  0.
 212  0.
 213  0.
 214  0.
 215  0.
 216  0.
 217  0.
 218  0.
 219  0.
 220  0.
 221  0.
 222  0.
 223  0.
 224  0.
 225  0.
 226  0.
 227  0.
 228  0.
 229  0.
 230  0.
 231  0.
 232  0.
 233  0.
 234  0.
 235  0.
 236  0.
 237  0.
 238  0.
 239  0.
 240  0.
 241  0.
 242  0.
 243  0.
 244  0.
 245  0.
 246  0.
 247  0.
 248  0.
 249  0.
 250  0.
 251  0.
 252  0.
 253  0.
 254  0.
 255  0.
 256  0.
 257  0.
 258  0.
 259  0.
 260  0.
 261  0.
 262  0.
 263  0.
 264  0.
 265  0.
 266  0.
 267  0.
 268  0.
 269  0.
 270  0.
 271  0.
 272  0.
 273  0.
 274  0.
 275  0.
 276  0.
 277  0.
 278  0.
 279  0.
 280  0.
 281  0.
 282  0.
 283  0.
 284  0.
 285  0.
 286  0.
 287  0.
 288  0.
 289  0.
 290  0.
 291  0.
 292  0.
 293  0.
 294  0.
 295  0.
 296  0.
 297  0.
 298  0.
 299  0.
 300  0.
 301  0.
 302  0.
 303  0.
 304  0.
 305  0.
 306  0.
 307  0.
 308  0.
 309  0.
 310  0.
 311  0.
 312  0.
 313  0.
 314  0.
 315  0.
 316  0.
 317  0.
 318  0.
 319  0.
 320  0.
 321  0.
 322  0.
 323  0.
 324  0.
 325  0.
 326  0.
 327  0.
 328  0.
 329  0.
 330  0.
 331  0.
 332  0.
 333  0.
 334  0.
 335  0.
 336  0.
 337  0.
 338  0.
 339  0.
 340  0.
 341  0.
 342  0.
 343  0.
 344  0.
 345  0.
 346  0.
 347  0.
 348  0.
 349  0.
 350  0.
 351  0.
 352  0.
 353  0.
 354  0.
 355  0.
 356  0.
 357  0.
 358  0.
 359  0.
 360  0.
 361  0.
 362  0.
 363  0.
 364  0.
 365  0.
 366  0.
 367  0.
 368  0.
 369  0.
 370  0.
 371  0.
 372  0.
 373  0.
 374  0.
 375  0.
 376  0.
 377  0.
 378  0.
 379  0.
 380  0.
 381  0.
 382  0.
 383  0.
 384  0.
 385  0.
 386  0.
 387  0.
 388  0.
 389  0.
 390  0.
 391  0.
 392  0.
 393  0.
 394  0.
 395  0.
 396  0.
 397  0.
 398  0.
 399  0.
 400  0.
 401  0.
 402  0.
 403  0.
 404  0.
 405  0.
 406  0.
 407  0.
 408  0.
 409  0.
 410  0.
 411  0.
 412  0.
 413  0.
 414  0.
 415  0.
 416  0.
 417  0.
 418  0.
 419  0.
 420  0.
 421  0.
 422  0.
 423  0.
 424  0.
 425  0.
 426  0.
 427  0.
 428  0.
 429  0.
 430  0.
 431  0.
 432  0.
 433  0.
 434  0.
 435  0.
 436  0.
 437  0.
 438  0.
 439  0.
 440  0.
 441  0.
 442  0.
 443  0.
 444  0.
 445  0.
 446  0.
 447  0.
 448  0.
 449  0.
 450  0.
 451  0.
 452  0.
 453  0.
 454  0.
 455  0.
 456  0.
 457  0.
 458  0.
 459  0.
 460  0.
 461  0.
 462  0.
 463  0.
 464  0.
 465  0.
 466  0.
 467  0.
 468  0.
 469  0.
 470  0.
 471  0.
 472  0.
 473  0.
 474  0.
 475  0.
 476  0.
 477  0.
 478  0.
 479  0.
 480  0.
 481  0.
 482  0.
 483  0.
 484  0.
 485  0.
 486  0.
 487  0.
 488  0.
 489  0.
 490  0.
 491  0.
 492  0.
 493  0.
 494  0.
 495  0.
 496  0.
 497  0.
 498  0.
 499  0.
 500  0.

 1  0.
 2  0.
 3  0.
 4  0.
 5  0.
 6  0.
 7  0.
 8  0.
 9  0.
 10  0.
 11  0.
 12  0.
 13  0.
 14  0.
 15  0.
 16  0.
 17  0.
 18  0.
 19  0.
 20  0.
 21  0.
 22  0.
 23  0.
 24  0.
 25  0.
 26  0.
 27  0.
 28  0.
 29  0.
 30  0.
 31  0.
 32  0.
 33  0.
 34  0.
 35  0.
 36  0.
 37  0.
 38  0.
 39  0.
 40  0.
 41  0.
 42  0.
 43  0.
 44  0.
 45  0.
 46  0.
 47  0.
 48  0.
 49  0.
 50  0.
 51  0.
 52  0.
 53  0.
 54  0.
 55  0.
 56  0.
 57  0.
 58  0.
 59  0.
 60  0.
 61  0.
 62  0.
 63  0.
 64  0.
 65  0.
 66  0.
 67  0.
 68  0.
 69  0.
 70  0.
 71  0.
 72  0.
 73  0.
 74  0.
 75  0.
 76  0.
 77  0.
 78  0.
 79  0.
 80  0.
 81  0.
 82  0.
 83  0.
 84  0.
 85  0.
 86  0.
 87  0.
 88  0.
 89  0.
 90  0.
 91  0.
 92  0.
 93  0.
 94  0.
 95  0.
 96  0.
 97  0.
 98  0.
 99  0.
 100  0.
 101  0.
 102  0.
 103  0.
 104  0.
 105  0.
 106  0.
 107  0.
 108  0.
 109  0.
 110  0.
 111  0.
 112  0.
 113  0.
 114  0.
 115  0.
 116  0.
 117  0.
 118  0.
 119  0.
 120  0.
 121  0.
 122  0.
 123  0.
 124  0.
 125  0.
 126  0.
 127  0.
 128  0.
 129  0.
 130  0.
 131  0.
 132  0.
 133  0.
 134  0.
 135  0.
 136  0.
 137  0.
 138  0.
 139  0.
 140  0.
 141  0.
 142  0.
 143  0.
 144  0.
 145  0.
 146  0.
 147  0.
 148  0.
 149  0.
 150  0.
 151  0.
 152  0.
 153  0.
 154  0.
 155  0.
 156  0.
 157  0.
 158  0.
 159  0.
 160  0.
 161  0.
 162  0.
 163  0.
 164  0.
 165  0.
 166  0.
 167  0.
 168  0.
 169  0.
 170  0.
 171  0.
 172  0.
 173  0.
 174  0.
 175  0.
 176  0.
 177  0.
 178  0.
 179  0.
 180  0.
 181  0.
 182  0.
 183  0.
 184  0.
 185  0.
 186  0.
 187  0.
 188  0.
 189  0.
 190  0.
 191  0.
 192  0.
 193  0.
 194  0.
 195  0.
 196  0.
 197  0.
 198  0.
 199  0.
 200  0.
 201  0.
 202  0.
 203  0.
 204  0.
 205  0.
 206  0.
 207  0.
 208  0.
 209  0.
 210  0.
 211  0.
 212  0.
 213  0.
 214  0.
 215  0.
 216  0.
 217  0.
 218  0.
 219  0.
 220  0.
 221  0.
 222  0.
 223  0.
 224  0.
 225  0.
 226  0.
 227  0.
 228  0.
 229  0.
 230  0.
 231  0.
 232  0.
 233  0.
 234  0.
 235  0.
 236  0.
 237  0.
 238  0.
 239  0.
 240  0.
 241  0.
 242  0.
 243  0.
 244  0.
 245  0.
 246  0.
 247  0.
 248  0.
 249  0.
 250  0.
 251  0.
 252  0.
 253  0.
 254  0.
 255  0.
 256  0.
 257  0.
 258  0.
 259  0.
 260  0.
 261  0.
 262  0.
 263  0.
 264  0.
 265  0.
 266  0.
 267  0.
 268  0.
 269  0.
 270  0.
 271  0.
 272  0.
 273  0.
 274  0.
 275  0.
 276  0.
 277  0.
 278  0.
 279  0.
 280  0.
 281  0.
 282  0.
 283  0.
 284  0.
 285  0.
 286  0.
 287  0.
 288  0.
 289  0.
 290  0.
 291  0.
 292  0.
 293  0.
 294  0.
 295  0.
 296  0.
 297  0.
 298  0.
 299  0.
 300  0.
 301  0.
 302  0.
 303  0.
 304  0.
 305  0.
 306  0.
 307  0.
 308  0.
 309  0.
 310  0.
 311  0.
 312  0.
 313  0.
 314  0.
 315  0.
 316  0.
 317  0.
 318  0.
 319  0.
 320  0.
 321  0.
 322  0.
 323  0.
 324  0.
 325  0.
 326  0.
 327  0.
 328  0.
 329  0.
 330  0.
 331  0.
 332  0.
 333  0.
 334  0.
 335  0.
 336  0.
 337  0.
 338  0.
 339  0.
 340  0.
 341  0.
 342  0.
 343  0.
 344  0.
 345  0.
 346  0.
 347  0.
 348  0.
 349  0.
 350  0.
 351  0.
 352  0.
 353  0.
 354  0.
 355  0.
 356  0.
 357  0.
 358  0.
 359  0.
 360  0.
 361  0.
 362  0.
 363  0.
 364  0.
 365  0.
 366  0.
 367  0.
 368  0.
 369  0.
 370  0.
 371  0.
 372  0.
 373  0.
 374  0.
 375  0.
 376  0.
 377  0.
 378  0.
 379  0.
 380  0.
 381  0.
 382  0.
 383  0.
 384  0.
 385  0.
 386  0.
 387  0.
 388  0.
 389  0.
 390  0.
 391  0.
 392  0.
 393  0.
 394  0.
 395  0.
 396  0.
 397  0.
 398  0.
 399  0.
 400  0.
 401  0.
 402  0.
 403  0.
 404  0.
 405  0.
 406  0.
 407  0.
 408  0.
 409  0.
 410  0.
 411  0.
 412  0.
 413  0.
 414  0.
 415  0.
 416  0.
 417  0.
 418  0.
 419  0.
 420  0.
 421  0.
 422  0.
 423  0.
 424  0.
 425  0.
 426  0.
 427  0.
 428  0.
 429  0.
 430  0.
 431  0.
 432  0.
 433  0.
 434  0.
 435  0.
 436  0.
 437  0.
 438  0.
 439  0.
 440  0.
 441  0.
 442  0.
 443  0.
 444  0.
 445  0.
 446  0.
 447  0.
 448  0.
 449  0.
 450  0.
 451  0.
 452  0.
 453  0.
 454  0.
 455  0.
 456  0.
 457  0.
 458  0.
 459  0.
 460  0.
 461  0.
 462  0.
 463  0.
 464  0.
 465  0.
 466  0.
 467  0.
 468  0.
 469  0.
 470  0.
 471  0.
 472  0.
 473  0.
 474  0.
 475  0.
 476  0.
 477  0.
 478  0.
 479  0.
 480  0.
 481  0.
 482  0.
 483  0.
 484  0.
 485  0.
 486  0.
 487  0.
 488  0.
 489  0.
 490  0.
 491  0.
 492  0.
 493  0.
 494  0.
 495  0.
 496  0.
 497  0.
 498  0.
 499  0.
 500  0.

 1  0.
 2  0.
 3  0.
 4  0.
 5  0.
 6  0.
 7  0.
 8  0.
 9  0.
 10  0.
 11  0.
 12  0.
 13  0.
 14  0.
 15  0.
 16  0.
 17  0.
 18  0.
 19  0.
 20  0.
 21  0.
 22  0.
 23  0.
 24  0.
 25  0.
 26  0.
 27  0.
 28  0.
 29  0.
 30  0.
 31  0.
 32  0.
 33  0.
 34  0.
 35  0.
 36  0.
 37  0.
 38  0.
 39  0.
 40  0.
 41  0.
 42  0.
 43  0.
 44  0.
 45  0.
 46  0.
 47  0.
 48  0.
 49  0.
 50  0.
 51  0.
 52  0.
 53  0.
 54  0.
 55  0.
 56  0.
 57  0.
 58  0.
 59  0.
 60  0.
 61  0.
 62  0.
 63  0.
 64  0.
 65  0.
 66  0.
 67  0.
 68  0.
 69  0.
 70  0.
 71  0.
 72  0.
 73  0.
 74  0.
 75  0.
 76  0.
 77  0.
 78  0.
 79  0.
 80  0.
 81  0.
 82  0.
 83  0.
 84  0.
 85  0.
 86  0.
 87  0.
 88  0.
 89  0.
 90  0.
 91  0.
 92  0.
 93  0.
 94  0.
 95  0.
 96  0.
 97  0.
 98  0.
 99  0.
 100  0.
 101  0.
 102  0.
 103  0.
 104  0.
 105  0.
 106  0.
 107  0.
 108  0.
 109  0.
 110  0.
 111  0.
 112  0.
 113  0.
 114  0.
 115  0.
 116  0.
 117  0.
 118  0.
 119  0.
 120  0.
 121  0.
 122  0.
 123  0.
 124  0.
 125  0.
 126  0.
 127  0.
 128  0.
 129  0.
 130  0.
 131  0.
 132  0.
 133  0.
 134  0.
 135  0.
 136  0.
 137  0.
 138  0.
 139  0.
 140  0.
 141  0.
 142  0.
 143  0.
 144  0.
 145  0.
 146  0.
 147  0.
 148  0.
 149  0.
 150  0.
 151  0.
 152  0.
 153  0.
 154  0.
 155  0.
 156  0.
 157  0.
 158  0.
 159  0.
 160  0.
 161  0.
 162  0.
 163  0.
 164  0.
 165  0.
 166  0.
 167  0.
 168  0.
 169  0.
 170  0.
 171  0.
 172  0.
 173  0.
 174  0.
 175  0.
 176  0.
 177  0.
 178  0.
 179  0.
 180  0.
 181  0.
 182  0.
 183  0.
 184  0.
 185  0.
 186  0.
 187  0.
 188  0.
 189  0.
 190  0.
 191  0.
 192  0.
 193  0.
 194  0.
 195  0.
 196  0.
 197  0.
 198  0.
 199  0.
 200  0.
 201  0.
 202  0.
 203  0.
 204  0.
 205  0.
 206  0.
 207  0.
 208  0.
 209  0.
 210  0.
 211  0.
 212  0.
 213  0.
 214  0.
 215  0.
 216  0.
 217  0.
 218  0.
 219  0.
 220  0.
 221  0.
 222  0.
 223  0.
 224  0.
 225  0.
 226  0.
 227  0.
 228  0.
 229  0.
 230  0.
 231  0.
 232  0.
 233  0.
 234  0.
 235  0.
 236  0.
 237  0.
 238  0.
 239  0.
 240  0.
 241  0.
 242  0.
 243  0.
 244  0.
 245  0.
 246  0.
 247  0.
 248  0.
 249  0.
 250  0.
 251  0.
 252  0.
 253  0.
 254  0.
 255  0.
 256  0.
 257  0.
 258  0.
 259  0.
 260  0.
 261  0.
 262  0.
 263  0.
 264  0.
 265  0.
 266  0.
 267  0.
 268  0.
 269  0.
 270  0.
 271  0.
 272  0.
 273  0.
 274  0.
 275  0.
 276  0.
 277  0.
 278  0.
 279  0.
 280  0.
 281  0.
 282  0.
 283  0.
 284  0.
 285  0.
 286  0.
 287  0.
 288  0.
 289  0.
 290  0.
 291  0.
 292  0.
 293  0.
 294  0.
 295  0.
 296  0.
 297  0.
 298  0.
 299  0.
 300  0.
 301  0.
 302  0.
 303  0.
 304  0.
 305  0.
 306  0.
 307  0.
 308  0.
 309  0.
 310  0.
 311  0.
 312  0.
 313  0.
 314  0.
 315  0.
 316  0.
 317  0.
 318  0.
 319  0.
 320  0.
 321  0.
 322  0.
 323  0.
 324  0.
 325  0.
 326  0.
 327  0.
 328  0.
 329  0.
 330  0.
 331  0.
 332  0.
 333  0.
 334  0.
 335  0.
 336  0.
 337  0.
 338  0.
 339  0.
 340  0.
 341  0.
 342  0.
 343  0.
 344  0.
 345  0.
 346  0.
 347  0.
 348  0.
 349  0.
 350  0.
 351  0.
 352  0.
 353  0.
 354  0.
 355  0.
 356  0.
 357  0.
 358  0.
 359  0.
 360  0.
 361  0.
 362  0.
 363  0.
 364  0.
 365  0.
 366  0.
 367  0.
 368  0.
 369  0.
 370  0.
 371  0.
 372  0.
 373  0.
 374  0.
 375  0.
 376  0.
 377  0.
 378  0.
 379  0.
 380  0.
 381  0.
 382  0.
 383  0.
 384  0.
 385  0.
 386  0.
 387  0.
 388  0.
 389  0.
 390  0.
 391  0.
 392  0.
 393  0.
 394  0.
 395  0.
 396  0.
 397  0.
 398  0.
 399  0.
 400  0.
 401  0.
 402  0.
 403  0.
 404  0.
 405  0.
 406  0.
 407  0.
 408  0.
 409  0.
 410  0.
 411  0.
 412  0.
 413  0.
 414  0.
 415  0.
 416  0.
 417  0.
 418  0.
 419  0.
 420  0.
 421  0.
 422  0.
 423  0.
 424  0.
 425  0.
 426  0.
 427  0.
 428  0.
 429  0.
 430  0.
 431  0.
 432  0.
 433  0.
 434  0.
 435  0.
 436  0.
 437  0.
 438  0.
 439  0.
 440  0.
 441  0.
 442  0.
 443  0.
 444  0.
 445  0.
 446  0.
 447  0.
 448  0.
 449  0.
 450  0.
 451  0.
 452  0.
 453  0.
 454  0.
 455  0.
 456  0.
 457  0.
 458  0.
 459  0.
 460  0.
 461  0.
 462  0.
 463  0.
 464  0.
 465  0.
 466  0.
 467  0.
 468  0.
 469  0.
 470  0.
 471  0.
 472  0.
 473  0.
 474  0.
 475  0.
 476  0.
 477  0.
 478  0.
 479  0.
 480  0.
 481  0.
 482  0.
 483  0.
 484  0.
 485  0.
 486  0.
 487  0.
 488  0.
 489  0.
 490  0.
 491  0.
 492  0.
 493  0.
 494  0.
 495  0.
 496  0.
 497  0.
 498  0.
 499  0.
 500  0.

 1  0.
 2  0.
 3  0.
 4  0.
 5  0.
 6  0.
 7  0.
 8  0.
 9  0.
 10  0.
 11  0.
 12  0.
 13  0.
 14  0.
 15  0.
 16  0.
 17  0.
 18  0.
 19  0.
 20  0.
 21  0.
 22  0.
 23  0.
 24  0.
 25  0.
 26  0.
 27  0.
 28  0.
 29  0.
 30  0.
 31  0.
 32  0.
 33  0.
 34  0.
 35  0.
 36  0.
 37  0.
 38  0.
 39  0.
 40  0.
 41  0.
 42  0.
 43  0.
 44  0.
 45  0.
 46  0.
 47  0.
 48  0.
 49  0.
 50  0.
 51  0.
 52  0.
 53  0.
 54  0.
 55  0.
 56  0.
 57  0.
 58  0.
 59  0.
 60  0.
 61  0.
 62  0.
 63  0.
 64  0.
 65  0.
 66  0.
 67  0.
 68  0.
 69  0.
 70  0.
 71  0.
 72  0.
 73  0.
 74  0.
 75  0.
 76  0.
 77  0.
 78  0.
 79  0.
 80  0.
 81  0.
 82  0.
 83  0.
 84  0.
 85  0.
 86  0.
 87  0.
 88  0.
 89  0.
 90  0.
 91  0.
 92  0.
 93  0.
 94  0.
 95  0.
 96  0.
 97  0.
 98  0.
 99  0.
 100  0.
 101  0.
 102  0.
 103  0.
 104  0.
 105  0.
 106  0.
 107  0.
 108  0.
 109  0.
 110  0.
 111  0.
 112  0.
 113  0.
 114  0.
 115  0.
 116  0.
 117  0.
 118  0.
 119  0.
 120  0.
 121  0.
 122  0.
 123  0.
 124  0.
 125  0.
 126  0.
 127  0.
 128  0.
 129  0.
 130  0.
 131  0.
 132  0.
 133  0.
 134  0.
 135  0.
 136  0.
 137  0.
 138  0.
 139  0.
 140  0.
 141  0.
 142  0.
 143  0.
 144  0.
 145  0.
 146  0.
 147  0.
 148  0.
 149  0.
 150  0.
 151  0.
 152  0.
 153  0.
 154  0.
 155  0.
 156  0.
 157  0.
 158  0.
 159  0.
 160  0.
 161  0.
 162  0.
 163  0.
 164  0.
 165  0.
 166  0.
 167  0.
 168  0.
 169  0.
 170  0.
 171  0.
 172  0.
 173  0.
 174  0.
 175  0.
 176  0.
 177  0.
 178  0.
 179  0.
 180  0.
 181  0.
 182  0.
 183  0.
 184  0.
 185  0.
 186  0.
 187  0.
 188  0.
 189  0.
 190  0.
 191  0.
 192  0.
 193  0.
 194  0.
 195  0.
 196  0.
 197  0.
 198  0.
 199  0.
 200  0.
 201  0.
 202  0.
 203  0.
 204  0.
 205  0.
 206  0.
 207  0.
 208  0.
 209  0.
 210  0.
 211  0.
 212  0.
 213  0.
 214  0.
 215  0.
 216  0.
 217  0.
 218  0.
 219  0.
 220  0.
 221  0.
 222  0.
 223  0.
 224  0.
 225  0.
 226  0.
 227  0.
 228  0.
 229  0.
 230  0.
 231  0.
 232  0.
 233  0.
 234  0.
 235  0.
 236  0.
 237  0.
 238  0.
 239  0.
 240  0.
 241  0.
 242  0.
 243  0.
 244  0.
 245  0.
 246  0.
 247  0.
 248  0.
 249  0.
 250  0.
 251  0.
 252  0.
 253  0.
 254  0.
 255  0.
 256  0.
 257  0.
 258  0.
 259  0.
 260  0.
 261  0.
 262  0.
 263  0.
 264  0.
 265  0.
 266  0.
 267  0.
 268  0.
 269  0.
 270  0.
 271  0.
 272  0.
 273  0.
 274  0.
 275  0.
 276  0.
 277  0.
 278  0.
 279  0.
 280  0.
 281  0.
 282  0.
 283  0.
 284  0.
 285  0.
 286  0.
 287  0.
 288  0.
 289  0.
 290  0.
 291  0.
 292  0.
 293  0.
 294  0.
 295  0.
 296  0.
 297  0.
 298  0.
 299  0.
 300  0.
 301  0.
 302  0.
 303  0.
 304  0.
 305  0.
 306  0.
 307  0.
 308  0.
 309  0.
 310  0.
 311  0.
 312  0.
 313  0.
 314  0.
 315  0.
 316  0.
 317  0.
 318  0.
 319  0.
 320  0.
 321  0.
 322  0.
 323  0.
 324  0.
 325  0.
 326  0.
 327  0.
 328  0.
 329  0.
 330  0.
 331  0.
 332  0.
 333  0.
 334  0.
 335  0.
 336  0.
 337  0.
 338  0.
 339  0.
 340  0.
 341  0.
 342  0.
 343  0.
 344  0.
 345  0.
 346  0.
 347  0.
 348  0.
 349  0.
 350  0.
 351  0.
 352  0.
 353  0.
 354  0.
 355  0.
 356  0.
 357  0.
 358  0.
 359  0.
 360  0.
 361  0.
 362  0.
 363  0.
 364  0.
 365  0.
 366  0.
 367  0.
 368  0.
 369  0.
 370  0.
 371  0.
 372  0.
 373  0.
 374  0.
 375  0.
 376  0.
 377  0.
 378  0.
 379  0.
 380  0.
 381  0.
 382  0.
 383  0.
 384  0.
 385  0.
 386  0.
 387  0.
 388  0.
 389  0.
 390  0.
 391  0.
 392  0.
 393  0.
 394  0.
 395  0.
 396  0.
 397  0.
 398  0.
 399  0.
 400  0.
 401  0.
 402  0.
 403  0.
 404  0.
 405  0.
 406  0.
 407  0.
 408  0.
 409  0.
 410  0.
 411  0.
 412  0.
 413  0.
 414  0.
 415  0.
 416  0.
 417  0.
 418  0.
 419  0.
 420  0.
 421  0.
 422  0.
 423  0.
 424  0.
 425  0.
 426  0.
 427  0.
 428  0.
 429  0.
 430  0.
 431  0.
 432  0.
 433  0.
 434  0.
 435  0.
 436  0.
 437  0.
 438  0.
 439  0.
 440  0.
 441  0.
 442  0.
 443  0.
 444  0.
 445  0.
 446  0.
 447  0.
 448  0.
 449  0.
 450  0.
 451  0.
 452  0.
 453  0.
 454  0.
 455  0.
 456  0.
 457  0.
 458  0.
 459  0.
 460  0.
 461  0.
 462  0.
 463  0.
 464  0.
 465  0.
 466  0.
 467  0.
 468  0.
 469  0.
 470  0.
 471  0.
 472  0.
 473  0.
 474  0.
 475  0.
 476  0.
 477  0.
 478  0.
 479  0.
 480  0.
 481  0.
 482  0.
 483  0.
 484  0.
 485  0.
 486  0.
 487  0.
 488  0.
 489  0.
 490  0.
 491  0.
 492  0.
 493  0.
 494  0.
 495  0.
 496  0.
 497  0.
 498  0.
 499  0.
 500  0.

 1  0.
 2  0.
 3  0.
 4  0.
 5  0.
 6  0.
 7  0.
 8  0.
 9  0.
 10  0.
 11  0.
 12  0.
 13  0.
 14  0.
 15  0.
 16  0.
 17  0.
 18  0.
 19  0.
 20  0.
 21  0.
 22  0.
 23  0.
 24  0.
 25  0.
 26  0.
 27  0.
 28  0.
 29  0.
 30  0.
 31  0.
 32  0.
 33  0.
 34  0.
 35  0.
 36  0.
 37  0.
 38  0.
 39  0.
 40  0.
 41  0.
 42  0.
 43  0.
 44  0.
 45  0.
 46  0.
 47  0.
 48  0.
 49  0.
 50  0.
 51  0.
 52  0.
 53  0.
 54  0.
 55  0.
 56  0.
 57  0.
 58  0.
 59  0.
 60  0.
 61  0.
 62  0.
 63  0.
 64  0.
 65  0.
 66  0.
 67  0.
 68  0.
 69  0.
 70  0.
 71  0.
 72  0.
 73  0.
 74  0.
 75  0.
 76  0.
 77  0.
 78  0.
 79  0.
 80  0.
 81  0.
 82  0.
 83  0.
 84  0.
 85  0.
 86  0.
 87  0.
 88  0.
 89  0.
 90  0.
 91  0.
 92  0.
 93  0.
 94  0.
 95  0.
 96  0.
 97  0.
 98  0.
 99  0.
 100  0.
 101  0.
 102  0.
 103  0.
 104  0.
 105  0.
 106  0.
 107  0.
 108  0.
 109  0.
 110  0.
 111  0.
 112  0.
 113  0.
 114  0.
 115  0.
 116  0.
 117  0.
 118  0.
 119  0.
 120  0.
 121  0.
 122  0.
 123  0.
 124  0.
 125  0.
 126  0.
 127  0.
 128  0.
 129  0.
 130  0.
 131  0.
 132  0.
 133  0.
 134  0.
 135  0.
 136  0.
 137  0.
 138  0.
 139  0.
 140  0.
 141  0.
 142  0.
 143  0.
 144  0.
 145  0.
 146  0.
 147  0.
 148  0.
 149  0.
 150  0.
 151  0.
 152  0.
 153  0.
 154  0.
 155  0.
 156  0.
 157  0.
 158  0.
 159  0.
 160  0.
 161  0.
 162  0.
 163  0.
 164  0.
 165  0.
 166  0.
 167  0.
 168  0.
 169  0.
 170  0.
 171  0.
 172  0.
 173  0.
 174  0.
 175  0.
 176  0.
 177  0.
 178  0.
 179  0.
 180  0.
 181  0.
 182  0.
 183  0.
 184  0.
 185  0.
 186  0.
 187  0.
 188  0.
 189  0.
 190  0.
 191  0.
 192  0.
 193  0.
 194  0.
 195  0.
 196  0.
 197  0.
 198  0.
 199  0.
 200  0.
 201  0.
 202  0.
 203  0.
 204  0.
 205  0.
 206  0.
 207  0.
 208  0.
 209  0.
 210  0.
 211  0.
 212  0.
 213  0.
 214  0.
 215  0.
 216  0.
 217  0.
 218  0.
 219  0.
 220  0.
 221  0.
 222  0.
 223  0.
 224  0.
 225  0.
 226  0.
 227  0.
 228  0.
 229  0.
 230  0.
 231  0.
 232  0.
 233  0.
 234  0.
 235  0.
 236  0.
 237  0.
 238  0.
 239  0.
 240  0.
 241  0.
 242  0.
 243  0.
 244  0.
 245  0.
 246  0.
 247  0.
 248  0.
 249  0.
 250  0.
 251  0.
 252  0.
 253  0.
 254  0.
 255  0.
 256  0.
 257  0.
 258  0.
 259  0.
 260  0.
 261  0.
 262  0.
 263  0.
 264  0.
 265  0.
 266  0.
 267  0.
 268  0.
 269  0.
 270  0.
 271  0.
 272  0.
 273  0.
 274  0.
 275  0.
 276  0.
 277  0.
 278  0.
 279  0.
 280  0.
 281  0.
 282  0.
 283  0.
 284  0.
 285  0.
 286  0.
 287  0.
 288  0.
 289  0.
 290  0.
 291  0.
 292  0.
 293  0.
 294  0.
 295  0.
 296  0.
 297  0.
 298  0.
 299  0.
 300  0.
 301  0.
 302  0.
 303  0.
 304  0.
 305  0.
 306  0.
 307  0.
 308  0.
 309  0.
 310  0.
 311  0.
 312  0.
 313  0.
 314  0.
 315  0.
 316  0.
 317  0.
 318  0.
 319  0.
 320  0.
 321  0.
 322  0.
 323  0.
 324  0.
 325  0.
 326  0.
 327  0.
 328  0.
 329  0.
 330  0.
 331  0.
 332  0.
 333  0.
 334  0.
 335  0.
 336  0.
 337  0.
 338  0.
 339  0.
 340  0.
 341  0.
 342  0.
 343  0.
 344  0.
 345  0.
 346  0.
 347  0.
 348  0.
 349  0.
 350  0.
 351  0.
 352  0.
 353  0.
 354  0.
 355  0.
 356  0.
 357  0.
 358  0.
 359  0.
 360  0.
 361  0.
 362  0.
 363  0.
 364  0.
 365  0.
 366  0.
 367  0.
 368  0.
 369  0.
 370  0.
 371  0.
 372  0.
 373  0.
 374  0.
 375  0.
 376  0.
 377  0.
 378  0.
 379  0.
 380  0.
 381  0.
 382  0.
 383  0.
 384  0.
 385  0.
 386  0.
 387  0.
 388  0.
 389  0.
 390  0.
 391  0.
 392  0.
 393  0.
 394  0.
 395  0.
 396  0.
 397  0.
 398  0.
 399  0.
 400  0.
 401  0.
 402  0.
 403  0.
 404  0.
 405  0.
 406  0.
 407  0.
 408  0.
 409  0.
 410  0.
 411  0.
 412  0.
 413  0.
 414  0.
 415  0.
 416  0.
 417  0.
 418  0.
 419  0.
 420  0.
 421  0.
 422  0.
 423  0.
 424  0.
 425  0.
 426  0.
 427  0.
 428  0.
 429  0.
 430  0.
 431  0.
 432  0.
 433  0.
 434  0.
 435  0.
 436  0.
 437  0.
 438  0.
 439  0.
 440  0.
 441  0.
 442  0.
 443  0.
 444  0.
 445  0.
 446  0.
 447  0.
 448  0.
 449  0.
 450  0.
 451  0.
 452  0.
 453  0.
 454  0.
 455  0.
 456  0.
 457  0.
 458  0.
 459  0.
 460  0.
 461  0.
 462  0.
 463  0.
 464  0.
 465  0.
 466  0.
 467  0.
 468  0.
 469  0.
 470  0.
 471  0.
 472  0.
 473  0.
 474  0.
 475  0.
 476  0.
 477  0.
 478  0.
 479  0.
 480  0.
 481  0.
 482  0.
 483  0.
 484  0.
 485  0.
 486  0.
 487  0.
 488  0.
 489  0.
 490  0.
 491  0.
 492  0.
 493  0.
 494  0.
 495  0.
 496  0.
 497  0.
 498  0.
 499  0.
 500  0.

 1  0.
 2  0.
 3  0.
 4  0.
 5  0.
 6  0.
 7  0.
 8  0.
 9  0.
 10  0.
 11  0.
 12  0.
 13  0.
 14  0.
 15  0.
 16  0.
 17  0.
 18  0.
 19  0.
 20  0.
 21  0.
 22  0.
 23  0.
 24  0.
 25  0.
 26  0.
 27  0.
 28  0.
 29  0.
 30  0.
 31  0.
 32  0.
 33  0.
 34  0.
 35  0.
 36  0.
 37  0.
 38  0.
 39  0.
 40  0.
 41  0.
 42  0.
 43  0.
 44  0.
 45  0.
 46  0.
 47  0.
 48  0.
 49  0.
 50  0.
 51  0.
 52  0.
 53  0.
 54  0.
 55  0.
 56  0.
 57  0.
 58  0.
 59  0.
 60  0.
 61  0.
 62  0.
 63  0.
 64  0.
 65  0.
 66  0.
 67  0.
 68  0.
 69  0.
 70  0.
 71  0.
 72  0.
 73  0.
 74  0.
 75  0.
 76  0.
 77  0.
 78  0.
 79  0.
 80  0.
 81  0.
 82  0.
 83  0.
 84  0.
 85  0.
 86  0.
 87  0.
 88  0.
 89  0.
 90  0.
 91  0.
 92  0.
 93  0.
 94  0.
 95  0.
 96  0.
 97  0.
 98  0.
 99  0.
 100  0.
 101  0.
 102  0.
 103  0.
 104  0.
 105  0.
 106  0.
 107  0.
 108  0.
 109  0.
 110  0.
 111  0.
 112  0.
 113  0.
 114  0.
 115  0.
 116  0.
 117  0.
 118  0.
 119  0.
 120  0.
 121  0.
 122  0.
 123  0.
 124  0.
 125  0.
 126  0.
 127  0.
 128  0.
 129  0.
 130  0.
 131  0.
 132  0.
 133  0.
 134  0.
 135  0.
 136  0.
 137  0.
 138  0.
 139  0.
 140  0.
 141  0.
 142  0.
 143  0.
 144  0.
 145  0.
 146  0.
 147  0.
 148  0.
 149  0.
 150  0.
 151  0.
 152  0.
 153  0.
 154  0.
 155  0.
 156  0.
 157  0.
 158  0.
 159  0.
 160  0.
 161  0.
 162  0.
 163  0.
 164  0.
 165  0.
 166  0.
 167  0.
 168  0.
 169  0.
 170  0.
 171  0.
 172  0.
 173  0.
 174  0.
 175  0.
 176  0.
 177  0.
 178  0.
 179  0.
 180  0.
 181  0.
 182  0.
 183  0.
 184  0.
 185  0.
 186  0.
 187  0.
 188  0.
 189  0.
 190  0.
 191  0.
 192  0.
 193  0.
 194  0.
 195  0.
 196  0.
 197  0.
 198  0.
 199  0.
 200  0.
 201  0.
 202  0.
 203  0.
 204  0.
 205  0.
 206  0.
 207  0.
 208  0.
 209  0.
 210  0.
 211  0.
 212  0.
 213  0.
 214  0.
 215  0.
 216  0.
 217  0.
 218  0.
 219  0.
 220  0.
 221  0.
 222  0.
 223  0.
 224  0.
 225  0.
 226  0.
 227  0.
 228  0.
 229  0.
 230  0.
 231  0.
 232  0.
 233  0.
 234  0.
 235  0.
 236  0.
 237  0.
 238  0.
 239  0.
 240  0.
 241  0.
 242  0.
 243  0.
 244  0.
 245  0.
 246  0.
 247  0.
 248  0.
 249  0.
 250  0.
 251  0.
 252  0.
 253  0.
 254  0.
 255  0.
 256  0.
 257  0.
 258  0.
 259  0.
 260  0.
 261  0.
 262  0.
 263  0.
 264  0.
 265  0.
 266  0.
 267  0.
 268  0.
 269  0.
 270  0.
 271  0.
 272  0.
 273  0.
 274  0.
 275  0.
 276  0.
 277  0.
 278  0.
 279  0.
 280  0.
 281  0.
 282  0.
 283  0.
 284  0.
 285  0.
 286  0.
 287  0.
 288  0.
 289  0.
 290  0.
 291  0.
 292  0.
 293  0.
 294  0.
 295  0.
 296  0.
 297  0.
 298  0.
 299  0.
 300  0.
 301  0.
 302  0.
 303  0.
 304  0.
 305  0.
 306  0.
 307  0.
 308  0.
 309  0.
 310  0.
 311  0.
 312  0.
 313  0.
 314  0.
 315  0.
 316  0.
 317  0.
 318  0.
 319  0.
 320  0.
 321  0.
 322  0.
 323  0.
 324  0.
 325  0.
 326  0.
 327  0.
 328  0.
 329  0.
 330  0.
 331  0.
 332  0.
 333  0.
 334  0.
 335  0.
 336  0.
 337  0.
 338  0.
 339  0.
 340  0.
 341  0.
 342  0.
 343  0.
 344  0.
 345  0.
 346  0.
 347  0.
 348  0.
 349  0.
 350  0.
 351  0.
 352  0.
 353  0.
 354  0.
 355  0.
 356  0.
 357  0.
 358  0.
 359  0.
 360  0.
 361  0.
 362  0.
 363  0.
 364  0.
 365  0.
 366  0.
 367  0.
 368  0.
 369  0.
 370  0.
 371  0.
 372  0.
 373  0.
 374  0.
 375  0.
 376  0.
 377  0.
 378  0.
 379  0.
 380  0.
 381  0.
 382  0.
 383  0.
 384  0.
 385  0.
 386  0.
 387  0.
 388  0.
 389  0.
 390  0.
 391  0.
 392  0.
 393  0.
 394  0.
 395  0.
 396  0.
 397  0.
 398  0.
 399  0.
 400  0.
 401  0.
 402  0.
 403  0.
 404  0.
 405  0.
 406  0.
 407  0.
 408  0.
 409  0.
 410  0.
 411  0.
 412  0.
 413  0.
 414  0.
 415  0.
 416  0.
 417  0.
 418  0.
 419  0.
 420  0.
 421  0.
 422  0.
 423  0.
 424  0.
 425  0.
 426  0.
 427  0.
 428  0.
 429  0.
 430  0.
 431  0.
 432  0.
 433  0.
 434  0.
 435  0.
 436  0.
 437  0.
 438  0.
 439  0.
 440  0.
 441  0.
 442  0.
 443  0.
 444  0.
 445  0.
 446  0.
 447  0.
 448  0.
 449  0.
 450  0.
 451  0.
 452  0.
 453  0.
 454  0.
 455  0.
 456  0.
 457  0.
 458  0.
 459  0.
 460  0.
 461  0.
 462  0.
 463  0.
 464  0.
 465  0.
 466  0.
 467  0.
 468  0.
 469  0.
 470  0.
 471  0.
 472  0.
 473  0.
 474  0.
 475  0.
 476  0.
 477  0.
 478  0.
 479  0.
 480  0.
 481  0.
 482  0.
 483  0.
 484  0.
 485  0.
 486  0.
 487  0.
 488  0.
 489  0.
 490  0.
 491  0.
 492  0.
 493  0.
 494  0.
 495  0.
 496  0.
 497  0.
 498  0.
 499  0.
 500  0.

 1  0.
 2  0.
 3  0.
 4  0.
 5  0.
 6  0.
 7  0.
 8  0.
 9  0.
 10  0.
 11  0.
 12  0.
 13  0.
 14  0.
 15  0.
 16  0.
 17  0.
 18  0.
 19  0.
 20  0.
 21  0.
 22  0.
 23  0.
 24  0.
 25  0.
 26  0.
 27  0.
 28  0.
 29  0.
 30  0.
 31  0.
 32  0.
 33  0.
 34  0.
 35  0.
 36  0.
 37  0.
 38  0.
 39  0.
 40  0.
 41  0.
 42  0.
 43  0.
 44  0.
 45  0.
 46  0.
 47  0.
 48  0.
 49  0.
 50  0.
 51  0.
 52  0.
 53  0.
 54  0.
 55  0.
 56  0.
 57  0.
 58  0.
 59  0.
 60  0.
 61  0.
 62  0.
 63  0.
 64  0.
 65  0.
 66  0.
 67  0.
 68  0.
 69  0.
 70  0.
 71  0.
 72  0.
 73  0.
 74  0.
 75  0.
 76  0.
 77  0.
 78  0.
 79  0.
 80  0.
 81  0.
 82  0.
 83  0.
 84  0.
 85  0.
 86  0.
 87  0.
 88  0.
 89  0.
 90  0.
 91  0.
 92  0.
 93  0.
 94  0.
 95  0.
 96  0.
 97  0.
 98  0.
 99  0.
 100  0.
 101  0.
 102  0.
 103  0.
 104  0.
 105  0.
 106  0.
 107  0.
 108  0.
 109  0.
 110  0.
 111  0.
 112  0.
 113  0.
 114  0.
 115  0.
 116  0.
 117  0.
 118  0.
 119  0.
 120  0.
 121  0.
 122  0.
 123  0.
 124  0.
 125  0.
 126  0.
 127  0.
 128  0.
 129  0.
 130  0.
 131  0.
 132  0.
 133  0.
 134  0.
 135  0.
 136  0.
 137  0.
 138  0.
 139  0.
 140  0.
 141  0.
 142  0.
 143  0.
 144  0.
 145  0.
 146  0.
 147  0.
 148  0.
 149  0.
 150  0.
 151  0.
 152  0.
 153  0.
 154  0.
 155  0.
 156  0.
 157  0.
 158  0.
 159  0.
 160  0.
 161  0.
 162  0.
 163  0.
 164  0.
 165  0.
 166  0.
 167  0.
 168  0.
 169  0.
 170  0.
 171  0.
 172  0.
 173  0.
 174  0.
 175  0.
 176  0.
 177  0.
 178  0.
 179  0.
 180  0.
 181  0.
 182  0.
 183  0.
 184  0.
 185  0.
 186  0.
 187  0.
 188  0.
 189  0.
 190  0.
 191  0.
 192  0.
 193  0.
 194  0.
 195  0.
 196  0.
 197  0.
 198  0.
 199  0.
 200  0.
 201  0.
 202  0.
 203  0.
 204  0.
 205  0.
 206  0.
 207  0.
 208  0.
 209  0.
 210  0.
 211  0.
 212  0.
 213  0.
 214  0.
 215  0.
 216  0.
 217  0.
 218  0.
 219  0.
 220  0.
 221  0.
 222  0.
 223  0.
 224  0.
 225  0.
 226  0.
 227  0.
 228  0.
 229  0.
 230  0.
 231  0.
 232  0.
 233  0.
 234  0.
 235  0.
 236  0.
 237  0.
 238  0.
 239  0.
 240  0.
 241  0.
 242  0.
 243  0.
 244  0.
 245  0.
 246  0.
 247  0.
 248  0.
 249  0.
 250  0.
 251  0.
 252  0.
 253  0.
 254  0.
 255  0.
 256  0.
 257  0.
 258  0.
 259  0.
 260  0.
 261  0.
 262  0.
 263  0.
 264  0.
 265  0.
 266  0.
 267  0.
 268  0.
 269  0.
 270  0.
 271  0.
 272  0.
 273  0.
 274  0.
 275  0.
 276  0.
 277  0.
 278  0.
 279  0.
 280  0.
 281  0.
 282  0.
 283  0.
 284  0.
 285  0.
 286  0.
 287  0.
 288  0.
 289  0.
 290  0.
 291  0.
 292  0.
 293  0.
 294  0.
 295  0.
 296  0.
 297  0.
 298  0.
 299  0.
 300  0.
 301  0.
 302  0.
 303  0.
 304  0.
 305  0.
 306  0.
 307  0.
 308  0.
 309  0.
 310  0.
 311  0.
 312  0.
 313  0.
 314  0.
 315  0.
 316  0.
 317  0.
 318  0.
 319  0.
 320  0.
 321  0.
 322  0.
 323  0.
 324  0.
 325  0.
 326  0.
 327  0.
 328  0.
 329  0.
 330  0.
 331  0.
 332  0.
 333  0.
 334  0.
 335  0.
 336  0.
 337  0.
 338  0.
 339  0.
 340  0.
 341  0.
 342  0.
 343  0.
 344  0.
 345  0.
 346  0.
 347  0.
 348  0.
 349  0.
 350  0.
 351  0.
 352  0.
 353  0.
 354  0.
 355  0.
 356  0.
 357  0.
 358  0.
 359  0.
 360  0.
 361  0.
 362  0.
 363  0.
 364  0.
 365  0.
 366  0.
 367  0.
 368  0.
 369  0.
 370  0.
 371  0.
 372  0.
 373  0.
 374  0.
 375  0.
 376  0.
 377  0.
 378  0.
 379  0.
 380  0.
 381  0.
 382  0.
 383  0.
 384  0.
 385  0.
 386  0.
 387  0.
 388  0.
 389  0.
 390  0.
 391  0.
 392  0.
 393  0.
 394  0.
 395  0.
 396  0.
 397  0.
 398  0.
 399  0.
 400  0.
 401  0.
 402  0.
 403  0.
 404  0.
 405  0.
 406  0.
 407  0.
 408  0.
 409  0.
 410  0.
 411  0.
 412  0.
 413  0.
 414  0.
 415  0.
 416  0.
 417  0.
 418  0.
 419  0.
 420  0.
 421  0.
 422  0.
 423  0.
 424  0.
 425  0.
 426  0.
 427  0.
 428  0.
 429  0.
 430  0.
 431  0.
 432  0.
 433  0.
 434  0.
 435  0.
 436  0.
 437  0.
 438  0.
 439  0.
 440  0.
 441  0.
 442  0.
 443  0.
 444  0.
 445  0.
 446  0.
 447  0.
 448  0.
 449  0.
 450  0.
 451  0.
 452  0.
 453  0.
 454  0.
 455  0.
 456  0.
 457  0.
 458  0.
 459  0.
 460  0.
 461  0.
 462  0.
 463  0.
 464  0.
 465  0.
 466  0.
 467  0.
 468  0.
 469  0.
 470  0.
 471  0.
 472  0.
 473  0.
 474  0.
 475  0.
 476  0.
 477  0.
 478  0.
 479  0.
 480  0.
 481  0.
 482  0.
 483  0.
 484  0.
 485  0.
 486  0.
 487  0.
 488  0.
 489  0.
 490  0.
 491  0.
 492  0.
 493  0.
 494  0.
 495  0.
 496  0.
 497  0.
 498  0.
 499  0.
 500  0.

 1  0.
 2  0.
 3  0.
 4  0.
 5  0.
 6  0.
 7  0.
 8  0.
 9  0.
 10  0.
 11  0.
 12  0.
 13  0.
 14  0.
 15  0.
 16  0.
 17  0.
 18  0.
 19  0.
 20  0.
 21  0.
 22  0.
 23  0.
 24  0.
 25  0.
 26  0.
 27  0.
 28  0.
 29  0.
 30  0.
 31  0.
 32  0.
 33  0.
 34  0.
 35  0.
 36  0.
 37  0.
 38  0.
 39  0.
 40  0.
 41  0.
 42  0.
 43  0.
 44  0.
 45  0.
 46  0.
 47  0.
 48  0.
 49  0.
 50  0.
 51  0.
 52  0.
 53  0.
 54  0.
 55  0.
 56  0.
 57  0.
 58  0.
 59  0.
 60  0.
 61  0.
 62  0.
 63  0.
 64  0.
 65  0.
 66  0.
 67  0.
 68  0.
 69  0.
 70  0.
 71  0.
 72  0.
 73  0.
 74  0.
 75  0.
 76  0.
 77  0.
 78  0.
 79  0.
 80  0.
 81  0.
 82  0.
 83  0.
 84  0.
 85  0.
 86  0.
 87  0.
 88  0.
 89  0.
 90  0.
 91  0.
 92  0.
 93  0.
 94  0.
 95  0.
 96  0.
 97  0.
 98  0.
 99  0.
 100  0.
 101  0.
 102  0.
 103  0.
 104  0.
 105  0.
 106  0.
 107  0.
 108  0.
 109  0.
 110  0.
 111  0.
 112  0.
 113  0.
 114  0.
 115  0.
 116  0.
 117  0.
 118  0.
 119  0.
 120  0.
 121  0.
 122  0.
 123  0.
 124  0.
 125  0.
 126  0.
 127  0.
 128  0.
 129  0.
 130  0.
 131  0.
 132  0.
 133  0.
 134  0.
 135  0.
 136  0.
 137  0.
 138  0.
 139  0.
 140  0.
 141  0.
 142  0.
 143  0.
 144  0.
 145  0.
 146  0.
 147  0.
 148  0.
 149  0.
 150  0.
 151  0.
 152  0.
 153  0.
 154  0.
 155  0.
 156  0.
 157  0.
 158  0.
 159  0.
 160  0.
 161  0.
 162  0.
 163  0.
 164  0.
 165  0.
 166  0.
 167  0.
 168  0.
 169  0.
 170  0.
 171  0.
 172  0.
 173  0.
 174  0.
 175  0.
 176  0.
 177  0.
 178  0.
 179  0.
 180  0.
 181  0.
 182  0.
 183  0.
 184  0.
 185  0.
 186  0.
 187  0.
 188  0.
 189  0.
 190  0.
 191  0.
 192  0.
 193  0.
 194  0.
 195  0.
 196  0.
 197  0.
 198  0.
 199  0.
 200  0.
 201  0.
 202  0.
 203  0.
 204  0.
 205  0.
 206  0.
 207  0.
 208  0.
 209  0.
 210  0.
 211  0.
 212  0.
 213  0.
 214  0.
 215  0.
 216  0.
 217  0.
 218  0.
 219  0.
 220  0.
 221  0.
 222  0.
 223  0.
 224  0.
 225  0.
 226  0.
 227  0.
 228  0.
 229  0.
 230  0.
 231  0.
 232  0.
 233  0.
 234  0.
 235  0.
 236  0.
 237  0.
 238  0.
 239  0.
 240  0.
 241  0.
 242  0.
 243  0.
 244  0.
 245  0.
 246  0.
 247  0.
 248  0.
 249  0.
 250  0.
 251  0.
 252  0.
 253  0.
 254  0.
 255  0.
 256  0.
 257  0.
 258  0.
 259  0.
 260  0.
 261  0.
 262  0.
 263  0.
 264  0.
 265  0.
 266  0.
 267  0.
 268  0.
 269  0.
 270  0.
 271  0.
 272  0.
 273  0.
 274  0.
 275  0.
 276  0.
 277  0.
 278  0.
 279  0.
 280  0.
 281  0.
 282  0.
 283  0.
 284  0.
 285  0.
 286  0.
 287  0.
 288  0.
 289  0.
 290  0.
 291  0.
 292  0.
 293  0.
 294  0.
 295  0.
 296  0.
 297  0.
 298  0.
 299  0.
 300  0.
 301  0.
 302  0.
 303  0.
 304  0.
 305  0.
 306  0.
 307  0.
 308  0.
 309  0.
 310  0.
 311  0.
 312  0.
 313  0.
 314  0.
 315  0.
 316  0.
 317  0.
 318  0.
 319  0.
 320  0.
 321  0.
 322  0.
 323  0.
 324  0.
 325  0.
 326  0.
 327  0.
 328  0.
 329  0.
 330  0.
 331  0.
 332  0.
 333  0.
 334  0.
 335  0.
 336  0.
 337  0.
 338  0.
 339  0.
 340  0.
 341  0.
 342  0.
 343  0.
 344  0.
 345  0.
 346  0.
 347  0.
 348  0.
 349  0.
 350  0.
 351  0.
 352  0.
 353  0.
 354  0.
 355  0.
 356  0.
 357  0.
 358  0.
 359  0.
 360  0.
 361  0.
 362  0.
 363  0.
 364  0.
 365  0.
 366  0.
 367  0.
 368  0.
 369  0.
 370  0.
 371  0.
 372  0.
 373  0.
 374  0.
 375  0.
 376  0.
 377  0.
 378  0.
 379  0.
 380  0.
 381  0.
 382  0.
 383  0.
 384  0.
 385  0.
 386  0.
 387  0.
 388  0.
 389  0.
 390  0.
 391  0.
 392  0.
 393  0.
 394  0.
 395  0.
 396  0.
 397  0.
 398  0.
 399  0.
 400  0.
 401  0.
 402  0.
 403  0.
 404  0.
 405  0.
 406  0.
 407  0.
 408  0.
 409  0.
 410  0.
 411  0.
 412  0.
 413  0.
 414  0.
 415  0.
 416  0.
 417  0.
 418  0.
 419  0.
 420  0.
 421  0.
 422  0.
 423  0.
 424  0.
 425  0.
 426  0.
 427  0.
 428  0.
 429  0.
 430  0.
 431  0.
 432  0.
 433  0.
 434  0.
 435  0.
 436  0.
 437  0.
 438  0.
 439  0.
 440  0.
 441  0.
 442  0.
 443  0.
 444  0.
 445  0.
 446  0.
 447  0.
 448  0.
 449  0.
 450  0.
 451  0.
 452  0.
 453  0.
 454  0.
 455  0.
 456  0.
 457  0.
 458  0.
 459  0.
 460  0.
 461  0.
 462  0.
 463  0.
 464  0.
 465  0.
 466  0.
 467  0.
 468  0.
 469  0.
 470  0.
 471  0.
 472  0.
 473  0.
 474  0.
 475  0.
 476  0.
 477  0.
 478  0.
 479  0.
 480  0.
 481  0.
 482  0.
 483  0.
 484  0.
 485  0.
 486  0.
 487  0.
 488  0.
 489  0.
 490  0.
 491  0.
 492  0.
 493  0.
 494  0.
 495  0.
 496  0.
 497  0.
 498  0.
 499  0.
 500  0.

 1  0.
 2  0.
 3  0.
 4  0.
 5  0.
 6  0.
 7  0.
 8  0.
 9  0.
 10  0.
 11  0.
 12  0.
 13  0.
 14  0.
 15  0.
 16  0.
 17  0.
 18  0.
 19  0.
 20  0.
 21  0.
 22  0.
 23  0.
 24  0.
 25  0.
 26  0.
 27  0.
 28  0.
 29  0.
 30  0.
 31  0.
 32  0.
 33  0.
 34  0.
 35  0.
 36  0.
 37  0.
 38  0.
 39  0.
 40  0.
 41  0.
 42  0.
 43  0.
 44  0.
 45  0.
 46  0.
 47  0.
 48  0.
 49  0.
 50  0.
 51  0.
 52  0.
 53  0.
 54  0.
 55  0.
 56  0.
 57  0.
 58  0.
 59  0.
 60  0.
 61  0.
 62  0.
 63  0.
 64  0.
 65  0.
 66  0.
 67  0.
 68  0.
 69  0.
 70  0.
 71  0.
 72  0.
 73  0.
 74  0.
 75  0.
 76  0.
 77  0.
 78  0.
 79  0.
 80  0.
 81  0.
 82  0.
 83  0.
 84  0.
 85  0.
 86  0.
 87  0.
 88  0.
 89  0.
 90  0.
 91  0.
 92  0.
 93  0.
 94  0.
 95  0.
 96  0.
 97  0.
 98  0.
 99  0.
 100  0.
 101  0.
 102  0.
 103  0.
 104  0.
 105  0.
 106  0.
 107  0.
 108  0.
 109  0.
 110  0.
 111  0.
 112  0.
 113  0.
 114  0.
 115  0.
 116  0.
 117  0.
 118  0.
 119  0.
 120  0.
 121  0.
 122  0.
 123  0.
 124  0.
 125  0.
 126  0.
 127  0.
 128  0.
 129  0.
 130  0.
 131  0.
 132  0.
 133  0.
 134  0.
 135  0.
 136  0.
 137  0.
 138  0.
 139  0.
 140  0.
 141  0.
 142  0.
 143  0.
 144  0.
 145  0.
 146  0.
 147  0.
 148  0.
 149  0.
 150  0.
 151  0.
 152  0.
 153  0.
 154  0.
 155  0.
 156  0.
 157  0.
 158  0.
 159  0.
 160  0.
 161  0.
 162  0.
 163  0.
 164  0.
 165  0.
 166  0.
 167  0.
 168  0.
 169  0.
 170  0.
 171  0.
 172  0.
 173  0.
 174  0.
 175  0.
 176  0.
 177  0.
 178  0.
 179  0.
 180  0.
 181  0.
 182  0.
 183  0.
 184  0.
 185  0.
 186  0.
 187  0.
 188  0.
 189  0.
 190  0.
 191  0.
 192  0.
 193  0.
 194  0.
 195  0.
 196  0.
 197  0.
 198  0.
 199  0.
 200  0.
 201  0.
 202  0.
 203  0.
 204  0.
 205  0.
 206  0.
 207  0.
 208  0.
 209  0.
 210  0.
 211  0.
 212  0.
 213  0.
 214  0.
 215  0.
 216  0.
 217  0.
 218  0.
 219  0.
 220  0.
 221  0.
 222  0.
 223  0.
 224  0.
 225  0.
 226  0.
 227  0.
 228  0.
 229  0.
 230  0.
 231  0.
 232  0.
 233  0.
 234  0.
 235  0.
 236  0.
 237  0.
 238  0.
 239  0.
 240  0.
 241  0.
 242  0.
 243  0.
 244  0.
 245  0.
 246  0.
 247  0.
 248  0.
 249  0.
 250  0.
 251  0.
 252  0.
 253  0.
 254  0.
 255  0.
 256  0.
 257  0.
 258  0.
 259  0.
 260  0.
 261  0.
 262  0.
 263  0.
 264  0.
 265  0.
 266  0.
 267  0.
 268  0.
 269  0.
 270  0.
 271  0.
 272  0.
 273  0.
 274  0.
 275  0.
 276  0.
 277  0.
 278  0.
 279  0.
 280  0.
 281  0.
 282  0.
 283  0.
 284  0.
 285  0.
 286  0.
 287  0.
 288  0.
 289  0.
 290  0.
 291  0.
 292  0.
 293  0.
 294  0.
 295  0.
 296  0.
 297  0.
 298  0.
 299  0.
 300  0.
 301  0.
 302  0.
 303  0.
 304  0.
 305  0.
 306  0.
 307  0.
 308  0.
 309  0.
 310  0.
 311  0.
 312  0.
 313  0.
 314  0.
 315  0.
 316  0.
 317  0.
 318  0.
 319  0.
 320  0.
 321  0.
 322  0.
 323  0.
 324  0.
 325  0.
 326  0.
 327  0.
 328  0.
 329  0.
 330  0.
 331  0.
 332  0.
 333  0.
 334  0.
 335  0.
 336  0.
 337  0.
 338  0.
 339  0.
 340  0.
 341  0.
 342  0.
 343  0.
 344  0.
 345  0.
 346  0.
 347  0.
 348  0.
 349  0.
 350  0.
 351  0.
 352  0.
 353  0.
 354  0.
 355  0.
 356  0.
 357  0.
 358  0.
 359  0.
 360  0.
 361  0.
 362  0.
 363  0.
 364  0.
 365  0.
 366  0.
 367  0.
 368  0.
 369  0.
 370  0.
 371  0.
 372  0.
 373  0.
 374  0.
 375  0.
 376  0.
 377  0.
 378  0.
 379  0.
 380  0.
 381  0.
 382  0.
 383  0.
 384  0.
 385  0.
 386  0.
 387  0.
 388  0.
 389  0.
 390  0.
 391  0.
 392  0.
 393  0.
 394  0.
 395  0.
 396  0.
 397  0.
 398  0.
 399  0.
 400  0.
 401  0.
 402  0.
 403  0.
 404  0.
 405  0.
 406  0.
 407  0.
 408  0.
 409  0.
 410  0.
 411  0.
 412  0.
 413  0.
 414  0.
 415  0.
 416  0.
 417  0.
 418  0.
 419  0.
 420  0.
 421  0.
 422  0.
 423  0.
 424  0.
 425  0.
 426  0.
 427  0.
 428  0.
 429  0.
 430  0.
 431  0.
 432  0.
 433  0.
 434  0.
 435  0.
 436  0.
 437  0.
 438  0.
 439  0.
 440  0.
 441  0.
 442  0.
 443  0.
 444  0.
 445  0.
 446  0.
 447  0.
 448  0.
 449  0.
 450  0.
 451  0.
 452  0.
 453  0.
 454  0.
 455  0.
 456  0.
 457  0.
 458  0.
 459  0.
 460  0.
 461  0.
 462  0.
 463  0.
 464  0.
 465  0.
 466  0.
 467  0.
 468  0.
 469  0.
 470  0.
 471  0.
 472  0.
 473  0.
 474  0.
 475  0.
 476  0.
 477  0.
 478  0.
 479  0.
 480  0.
 481  0.
 482  0.
 483  0.
 484  0.
 485  0.
 486  0.
 487  0.
 488  0.
 489  0.
 490  0.
 491  0.
 492  0.
 493  0.
 494  0.
 495  0.
 496  0.
 497  0.
 498  0.
 499  0.
 500  0.

 1  0.
 2  0.
 3  0.
 4  0.
 5  0.
 6  0.
 7  0.
 8  0.
 9  0.
 10  0.
 11  0.
 12  0.
 13  0.
 14  0.
 15  0.
 16  0.
 17  0.
 18  0.
 19  0.
 20  0.
 21  0.
 22  0.
 23  0.
 24  0.
 25  0.
 26  0.
 27  0.
 28  0.
 29  0.
 30  0.
 31  0.
 32  0.
 33  0.
 34  0.
 35  0.
 36  0.
 37  0.
 38  0.
 39  0.
 40  0.
 41  0.
 42  0.
 43  0.
 44  0.
 45  0.
 46  0.
 47  0.
 48  0.
 49  0.
 50  0.
 51  0.
 52  0.
 53  0.
 54  0.
 55  0.
 56  0.
 57  0.
 58  0.
 59  0.
 60  0.
 61  0.
 62  0.
 63  0.
 64  0.
 65  0.
 66  0.
 67  0.
 68  0.
 69  0.
 70  0.
 71  0.
 72  0.
 73  0.
 74  0.
 75  0.
 76  0.
 77  0.
 78  0.
 79  0.
 80  0.
 81  0.
 82  0.
 83  0.
 84  0.
 85  0.
 86  0.
 87  0.
 88  0.
 89  0.
 90  0.
 91  0.
 92  0.
 93  0.
 94  0.
 95  0.
 96  0.
 97  0.
 98  0.
 99  0.
 100  0.
 101  0.
 102  0.
 103  0.
 104  0.
 105  0.
 106  0.
 107  0.
 108  0.
 109  0.
 110  0.
 111  0.
 112  0.
 113  0.
 114  0.
 115  0.
 116  0.
 117  0.
 118  0.
 119  0.
 120  0.
 121  0.
 122  0.
 123  0.
 124  0.
 125  0.
 126  0.
 127  0.
 128  0.
 129  0.
 130  0.
 131  0.
 132  0.
 133  0.
 134  0.
 135  0.
 136  0.
 137  0.
 138  0.
 139  0.
 140  0.
 141  0.
 142  0.
 143  0.
 144  0.
 145  0.
 146  0.
 147  0.
 148  0.
 149  0.
 150  0.
 151  0.
 152  0.
 153  0.
 154  0.
 155  0.
 156  0.
 157  0.
 158  0.
 159  0.
 160  0.
 161  0.
 162  0.
 163  0.
 164  0.
 165  0.
 166  0.
 167  0.
 168  0.
 169  0.
 170  0.
 171  0.
 172  0.
 173  0.
 174  0.
 175  0.
 176  0.
 177  0.
 178  0.
 179  0.
 180  0.
 181  0.
 182  0.
 183  0.
 184  0.
 185  0.
 186  0.
 187  0.
 188  0.
 189  0.
 190  0.
 191  0.
 192  0.
 193  0.
 194  0.
 195  0.
 196  0.
 197  0.
 198  0.
 199  0.
 200  0.
 201  0.
 202  0.
 203  0.
 204  0.
 205  0.
 206  0.
 207  0.
 208  0.
 209  0.
 210  0.
 211  0.
 212  0.
 213  0.
 214  0.
 215  0.
 216  0.
 217  0.
 218  0.
 219  0.
 220  0.
 221  0.
 222  0.
 223  0.
 224  0.
 225  0.
 226  0.
 227  0.
 228  0.
 229  0.
 230  0.
 231  0.
 232  0.
 233  0.
 234  0.
 235  0.
 236  0.
 237  0.
 238  0.
 239  0.
 240  0.
 241  0.
 242  0.
 243  0.
 244  0.
 245  0.
 246  0.
 247  0.
 248  0.
 249  0.
 250  0.
 251  0.
 252  0.
 253  0.
 254  0.
 255  0.
 256  0.
 257  0.
 258  0.
 259  0.
 260  0.
 261  0.
 262  0.
 263  0.
 264  0.
 265  0.
 266  0.
 267  0.
 268  0.
 269  0.
 270  0.
 271  0.
 272  0.
 273  0.
 274  0.
 275  0.
 276  0.
 277  0.
 278  0.
 279  0.
 280  0.
 281  0.
 282  0.
 283  0.
 284  0.
 285  0.
 286  0.
 287  0.
 288  0.
 289  0.
 290  0.
 291  0.
 292  0.
 293  0.
 294  0.
 295  0.
 296  0.
 297  0.
 298  0.
 299  0.
 300  0.
 301  0.
 302  0.
 303  0.
 304  0.
 305  0.
 306  0.
 307  0.
 308  0.
 309  0.
 310  0.
 311  0.
 312  0.
 313  0.
 314  0.
 315  0.
 316  0.
 317  0.
 318  0.
 319  0.
 320  0.
 321  0.
 322  0.
 323  0.
 324  0.
 325  0.
 326  0.
 327  0.
 328  0.
 329  0.
 330  0.
 331  0.
 332  0.
 333  0.
 334  0.
 335  0.
 336  0.
 337  0.
 338  0.
 339  0.
 340  0.
 341  0.
 342  0.
 343  0.
 344  0.
 345  0.
 346  0.
 347  0.
 348  0.
 349  0.
 350  0.
 351  0.
 352  0.
 353  0.
 354  0.
 355  0.
 356  0.
 357  0.
 358  0.
 359  0.
 360  0.
 361  0.
 362  0.
 363  0.
 364  0.
 365  0.
 366  0.
 367  0.
 368  0.
 369  0.
 370  0.
 371  0.
 372  0.
 373  0.
 374  0.
 375  0.
 376  0.
 377  0.
 378  0.
 379  0.
 380  0.
 381  0.
 382  0.
 383  0.
 384  0.
 385  0.
 386  0.
 387  0.
 388  0.
 389  0.
 390  0.
 391  0.
 392  0.
 393  0.
 394  0.
 395  0.
 396  0.
 397  0.
 398  0.
 399  0.
 400  0.
 401  0.
 402  0.
 403  0.
 404  0.
 405  0.
 406  0.
 407  0.
 408  0.
 409  0.
 410  0.
 411  0.
 412  0.
 413  0.
 414  0.
 415  0.
 416  0.
 417  0.
 418  0.
 419  0.
 420  0.
 421  0.
 422  0.
 423  0.
 424  0.
 425  0.
 426  0.
 427  0.
 428  0.
 429  0.
 430  0.
 431  0.
 432  0.
 433  0.
 434  0.
 435  0.
 436  0.
 437  0.
 438  0.
 439  0.
 440  0.
 441  0.
 442  0.
 443  0.
 444  0.
 445  0.
 446  0.
 447  0.
 448  0.
 449  0.
 450  0.
 451  0.
 452  0.
 453  0.
 454  0.
 455  0.
 456  0.
 457  0.
 458  0.
 459  0.
 460  0.
 461  0.
 462  0.
 463  0.
 464  0.
 465  0.
 466  0.
 467  0.
 468  0.
 469  0.
 470  0.
 471  0.
 472  0.
 473  0.
 474  0.
 475  0.
 476  0.
 477  0.
 478  0.
 479  0.
 480  0.
 481  0.
 482  0.
 483  0.
 484  0.
 485  0.
 486  0.
 487  0.
 488  0.
 489  0.
 490  0.
 491  0.
 492  0.
 493  0.
 494  0.
 495  0.
 496  0.
 497  0.
 498  0.
 499  0.
 500  0.

 1  0.
 2  0.
 3  0.
 4  0.
 5  0.
 6  0.
 7  0.
 8  0.
 9  0.
 10  0.
 11  0.
 12  0.
 13  0.
 14  0.
 15  0.
 16  0.
 17  0.
 18  0.
 19  0.
 20  0.
 21  0.
 22  0.
 23  0.
 24  0.
 25  0.
 26  0.
 27  0.
 28  0.
 29  0.
 30  0.
 31  0.
 32  0.
 33  0.
 34  0.
 35  0.
 36  0.
 37  0.
 38  0.
 39  0.
 40  0.
 41  0.
 42  0.
 43  0.
 44  0.
 45  0.
 46  0.
 47  0.
 48  0.
 49  0.
 50  0.
 51  0.
 52  0.
 53  0.
 54  0.
 55  0.
 56  0.
 57  0.
 58  0.
 59  0.
 60  0.
 61  0.
 62  0.
 63  0.
 64  0.
 65  0.
 66  0.
 67  0.
 68  0.
 69  0.
 70  0.
 71  0.
 72  0.
 73  0.
 74  0.
 75  0.
 76  0.
 77  0.
 78  0.
 79  0.
 80  0.
 81  0.
 82  0.
 83  0.
 84  0.
 85  0.
 86  0.
 87  0.
 88  0.
 89  0.
 90  0.
 91  0.
 92  0.
 93  0.
 94  0.
 95  0.
 96  0.
 97  0.
 98  0.
 99  0.
 100  0.
 101  0.
 102  0.
 103  0.
 104  0.
 105  0.
 106  0.
 107  0.
 108  0.
 109  0.
 110  0.
 111  0.
 112  0.
 113  0.
 114  0.
 115  0.
 116  0.
 117  0.
 118  0.
 119  0.
 120  0.
 121  0.
 122  0.
 123  0.
 124  0.
 125  0.
 126  0.
 127  0.
 128  0.
 129  0.
 130  0.
 131  0.
 132  0.
 133  0.
 134  0.
 135  0.
 136  0.
 137  0.
 138  0.
 139  0.
 140  0.
 141  0.
 142  0.
 143  0.
 144  0.
 145  0.
 146  0.
 147  0.
 148  0.
 149  0.
 150  0.
 151  0.
 152  0.
 153  0.
 154  0.
 155  0.
 156  0.
 157  0.
 158  0.
 159  0.
 160  0.
 161  0.
 162  0.
 163  0.
 164  0.
 165  0.
 166  0.
 167  0.
 168  0.
 169  0.
 170  0.
 171  0.
 172  0.
 173  0.
 174  0.
 175  0.
 176  0.
 177  0.
 178  0.
 179  0.
 180  0.
 181  0.
 182  0.
 183  0.
 184  0.
 185  0.
 186  0.
 187  0.
 188  0.
 189  0.
 190  0.
 191  0.
 192  0.
 193  0.
 194  0.
 195  0.
 196  0.
 197  0.
 198  0.
 199  0.
 200  0.
 201  0.
 202  0.
 203  0.
 204  0.
 205  0.
 206  0.
 207  0.
 208  0.
 209  0.
 210  0.
 211  0.
 212  0.
 213  0.
 214  0.
 215  0.
 216  0.
 217  0.
 218  0.
 219  0.
 220  0.
 221  0.
 222  0.
 223  0.
 224  0.
 225  0.
 226  0.
 227  0.
 228  0.
 229  0.
 230  0.
 231  0.
 232  0.
 233  0.
 234  0.
 235  0.
 236  0.
 237  0.
 238  0.
 239  0.
 240  0.
 241  0.
 242  0.
 243  0.
 244  0.
 245  0.
 246  0.
 247  0.
 248  0.
 249  0.
 250  0.
 251  0.
 252  0.
 253  0.
 254  0.
 255  0.
 256  0.
 257  0.
 258  0.
 259  0.
 260  0.
 261  0.
 262  0.
 263  0.
 264  0.
 265  0.
 266  0.
 267  0.
 268  0.
 269  0.
 270  0.
 271  0.
 272  0.
 273  0.
 274  0.
 275  0.
 276  0.
 277  0.
 278  0.
 279  0.
 280  0.
 281  0.
 282  0.
 283  0.
 284  0.
 285  0.
 286  0.
 287  0.
 288  0.
 289  0.
 290  0.
 291  0.
 292  0.
 293  0.
 294  0.
 295  0.
 296  0.
 297  0.
 298  0.
 299  0.
 300  0.
 301  0.
 302  0.
 303  0.
 304  0.
 305  0.
 306  0.
 307  0.
 308  0.
 309  0.
 310  0.
 311  0.
 312  0.
 313  0.
 314  0.
 315  0.
 316  0.
 317  0.
 318  0.
 319  0.
 320  0.
 321  0.
 322  0.
 323  0.
 324  0.
 325  0.
 326  0.
 327  0.
 328  0.
 329  0.
 330  0.
 331  0.
 332  0.
 333  0.
 334  0.
 335  0.
 336  0.
 337  0.
 338  0.
 339  0.
 340  0.
 341  0.
 342  0.
 343  0.
 344  0.
 345  0.
 346  0.
 347  0.
 348  0.
 349  0.
 350  0.
 351  0.
 352  0.
 353  0.
 354  0.
 355  0.
 356  0.
 357  0.
 358  0.
 359  0.
 360  0.
 361  0.
 362  0.
 363  0.
 364  0.
 365  0.
 366  0.
 367  0.
 368  0.
 369  0.
 370  0.
 371  0.
 372  0.
 373  0.
 374  0.
 375  0.
 376  0.
 377  0.
 378  0.
 379  0.
 380  0.
 381  0.
 382  0.
 383  0.
 384  0.
 385  0.
 386  0.
 387  0.
 388  0.
 389  0.
 390  0.
 391  0.
 392  0.
 393  0.
 394  0.
 395  0.
 396  0.
 397  0.
 398  0.
 399  0.
 400  0.
 401  0.
 402  0.
 403  0.
 404  0.
 405  0.
 406  0.
 407  0.
 408  0.
 409  0.
 410  0.
 411  0.
 412  0.
 413  0.
 414  0.
 415  0.
 416  0.
 417  0.
 418  0.
 419  0.
 420  0.
 421  0.
 422  0.
 423  0.
 424  0.
 425  0.
 426  0.
 427  0.
 428  0.
 429  0.
 430  0.
 431  0.
 432  0.
 433  0.
 434  0.
 435  0.
 436  0.
 437  0.
 438  0.
 439  0.
 440  0.
 441  0.
 442  0.
 443  0.
 444  0.
 445  0.
 446  0.
 447  0.
 448  0.
 449  0.
 450  0.
 451  0.
 452  0.
 453  0.
 454  0.
 455  0.
 456  0.
 457  0.
 458  0.
 459  0.
 460  0.
 461  0.
 462  0.
 463  0.
 464  0.
 465  0.
 466  0.
 467  0.
 468  0.
 469  0.
 470  0.
 471  0.
 472  0.
 473  0.
 474  0.
 475  0.
 476  0.
 477  0.
 478  0.
 479  0.
 480  0.
 481  0.
 482  0.
 483  0.
 484  0.
 485  0.
 486  0.
 487  0.
 488  0.
 489  0.
 490  0.
 491  0.
 492  0.
 493  0.
 494  0.
 495  0.
 496  0.
 497  0.
 498  0.
 499  0.
 500  0.

 1  0.
 2  0.
 3  0.
 4  0.
 5  0.
 6  0.
 7  0.
 8  0.
 9  0.
 10  0.
 11  0.
 12  0.
 13  0.
 14  0.
 15  0.
 16  0.
 17  0.
 18  0.
 19  0.
 20  0.
 21  0.
 22  0.
 23  0.
 24  0.
 25  0.
 26  0.
 27  0.
 28  0.
 29  0.
 30  0.
 31  0.
 32  0.
 33  0.
 34  0.
 35  0.
 36  0.
 37  0.
 38  0.
 39  0.
 40  0.
 41  0.
 42  0.
 43  0.
 44  0.
 45  0.
 46  0.
 47  0.
 48  0.
 49  0.
 50  0.
 51  0.
 52  0.
 53  0.
 54  0.
 55  0.
 56  0.
 57  0.
 58  0.
 59  0.
 60  0.
 61  0.
 62  0.
 63  0.
 64  0.
 65  0.
 66  0.
 67  0.
 68  0.
 69  0.
 70  0.
 71  0.
 72  0.
 73  0.
 74  0.
 75  0.
 76  0.
 77  0.
 78  0.
 79  0.
 80  0.
 81  0.
 82  0.
 83  0.
 84  0.
 85  0.
 86  0.
 87  0.
 88  0.
 89  0.
 90  0.
 91  0.
 92  0.
 93  0.
 94  0.
 95  0.
 96  0.
 97  0.
 98  0.
 99  0.
 100  0.
 101  0.
 102  0.
 103  0.
 104  0.
 105  0.
 106  0.
 107  0.
 108  0.
 109  0.
 110  0.
 111  0.
 112  0.
 113  0.
 114  0.
 115  0.
 116  0.
 117  0.
 118  0.
 119  0.
 120  0.
 121  0.
 122  0.
 123  0.
 124  0.
 125  0.
 126  0.
 127  0.
 128  0.
 129  0.
 130  0.
 131  0.
 132  0.
 133  0.
 134  0.
 135  0.
 136  0.
 137  0.
 138  0.
 139  0.
 140  0.
 141  0.
 142  0.
 143  0.
 144  0.
 145  0.
 146  0.
 147  0.
 148  0.
 149  0.
 150  0.
 151  0.
 152  0.
 153  0.
 154  0.
 155  0.
 156  0.
 157  0.
 158  0.
 159  0.
 160  0.
 161  0.
 162  0.
 163  0.
 164  0.
 165  0.
 166  0.
 167  0.
 168  0.
 169  0.
 170  0.
 171  0.
 172  0.
 173  0.
 174  0.
 175  0.
 176  0.
 177  0.
 178  0.
 179  0.
 180  0.
 181  0.
 182  0.
 183  0.
 184  0.
 185  0.
 186  0.
 187  0.
 188  0.
 189  0.
 190  0.
 191  0.
 192  0.
 193  0.
 194  0.
 195  0.
 196  0.
 197  0.
 198  0.
 199  0.
 200  0.
 201  0.
 202  0.
 203  0.
 204  0.
 205  0.
 206  0.
 207  0.
 208  0.
 209  0.
 210  0.
 211  0.
 212  0.
 213  0.
 214  0.
 215  0.
 216  0.
 217  0.
 218  0.
 219  0.
 220  0.
 221  0.
 222  0.
 223  0.
 224  0.
 225  0.
 226  0.
 227  0.
 228  0.
 229  0.
 230  0.
 231  0.
 232  0.
 233  0.
 234  0.
 235  0.
 236  0.
 237  0.
 238  0.
 239  0.
 240  0.
 241  0.
 242  0.
 243  0.
 244  0.
 245  0.
 246  0.
 247  0.
 248  0.
 249  0.
 250  0.
 251  0.
 252  0.
 253  0.
 254  0.
 255  0.
 256  0.
 257  0.
 258  0.
 259  0.
 260  0.
 261  0.
 262  0.
 263  0.
 264  0.
 265  0.
 266  0.
 267  0.
 268  0.
 269  0.
 270  0.
 271  0.
 272  0.
 273  0.
 274  0.
 275  0.
 276  0.
 277  0.
 278  0.
 279  0.
 280  0.
 281  0.
 282  0.
 283  0.
 284  0.
 285  0.
 286  0.
 287  0.
 288  0.
 289  0.
 290  0.
 291  0.
 292  0.
 293  0.
 294  0.
 295  0.
 296  0.
 297  0.
 298  0.
 299  0.
 300  0.
 301  0.
 302  0.
 303  0.
 304  0.
 305  0.
 306  0.
 307  0.
 308  0.
 309  0.
 310  0.
 311  0.
 312  0.
 313  0.
 314  0.
 315  0.
 316  0.
 317  0.
 318  0.
 319  0.
 320  0.
 321  0.
 322  0.
 323  0.
 324  0.
 325  0.
 326  0.
 327  0.
 328  0.
 329  0.
 330  0.
 331  0.
 332  0.
 333  0.
 334  0.
 335  0.
 336  0.
 337  0.
 338  0.
 339  0.
 340  0.
 341  0.
 342  0.
 343  0.
 344  0.
 345  0.
 346  0.
 347  0.
 348  0.
 349  0.
 350  0.
 351  0.
 352  0.
 353  0.
 354  0.
 355  0.
 356  0.
 357  0.
 358  0.
 359  0.
 360  0.
 361  0.
 362  0.
 363  0.
 364  0.
 365  0.
 366  0.
 367  0.
 368  0.
 369  0.
 370  0.
 371  0.
 372  0.
 373  0.
 374  0.
 375  0.
 376  0.
 377  0.
 378  0.
 379  0.
 380  0.
 381  0.
 382  0.
 383  0.
 384  0.
 385  0.
 386  0.
 387  0.
 388  0.
 389  0.
 390  0.
 391  0.
 392  0.
 393  0.
 394  0.
 395  0.
 396  0.
 397  0.
 398  0.
 399  0.
 400  0.
 401  0.
 402  0.
 403  0.
 404  0.
 405  0.
 406  0.
 407  0.
 408  0.
 409  0.
 410  0.
 411  0.
 412  0.
 413  0.
 414  0.
 415  0.
 416  0.
 417  0.
 418  0.
 419  0.
 420  0.
 421  0.
 422  0.
 423  0.
 424  0.
 425  0.
 426  0.
 427  0.
 428  0.
 429  0.
 430  0.
 431  0.
 432  0.
 433  0.
 434  0.
 435  0.
 436  0.
 437  0.
 438  0.
 439  0.
 440  0.
 441  0.
 442  0.
 443  0.
 444  0.
 445  0.
 446  0.
 447  0.
 448  0.
 449  0.
 450  0.
 451  0.
 452  0.
 453  0.
 454  0.
 455  0.
 456  0.
 457  0.
 458  0.
 459  0.
 460  0.
 461  0.
 462  0.
 463  0.
 464  0.
 465  0.
 466  0.
 467  0.
 468  0.
 469  0.
 470  0.
 471  0.
 472  0.
 473  0.
 474  0.
 475  0.
 476  0.
 477  0.
 478  0.
 479  0.
 480  0.
 481  0.
 482  0.
 483  0.
 484  0.
 485  0.
 486  0.
 487  0.
 488  0.
 489  0.
 490  0.
 491  0.
 492  0.
 493  0.
 494  0.
 495  0.
 496  0.
 497  0.
 498  0.
 499  0.
 500  0.

 1  0.
 2  0.
 3  0.
 4  0.
 5  0.
 6  0.
 7  0.
 8  0.
 9  0.
 10  0.
 11  0.
 12  0.
 13  0.
 14  0.
 15  0.
 16  0.
 17  0.
 18  0.
 19  0.
 20  0.
 21  0.
 22  0.
 23  0.
 24  0.
 25  0.
 26  0.
 27  0.
 28  0.
 29  0.
 30  0.
 31  0.
 32  0.
 33  0.
 34  0.
 35  0.
 36  0.
 37  0.
 38  0.
 39  0.
 40  0.
 41  0.
 42  0.
 43  0.
 44  0.
 45  0.
 46  0.
 47  0.
 48  0.
 49  0.
 50  0.
 51  0.
 52  0.
 53  0.
 54  0.
 55  0.
 56  0.
 57  0.
 58  0.
 59  0.
 60  0.
 61  0.
 62  0.
 63  0.
 64  0.
 65  0.
 66  0.
 67  0.
 68  0.
 69  0.
 70  0.
 71  0.
 72  0.
 73  0.
 74  0.
 75  0.
 76  0.
 77  0.
 78  0.
 79  0.
 80  0.
 81  0.
 82  0.
 83  0.
 84  0.
 85  0.
 86  0.
 87  0.
 88  0.
 89  0.
 90  0.
 91  0.
 92  0.
 93  0.
 94  0.
 95  0.
 96  0.
 97  0.
 98  0.
 99  0.
 100  0.
 101  0.
 102  0.
 103  0.
 104  0.
 105  0.
 106  0.
 107  0.
 108  0.
 109  0.
 110  0.
 111  0.
 112  0.
 113  0.
 114  0.
 115  0.
 116  0.
 117  0.
 118  0.
 119  0.
 120  0.
 121  0.
 122  0.
 123  0.
 124  0.
 125  0.
 126  0.
 127  0.
 128  0.
 129  0.
 130  0.
 131  0.
 132  0.
 133  0.
 134  0.
 135  0.
 136  0.
 137  0.
 138  0.
 139  0.
 140  0.
 141  0.
 142  0.
 143  0.
 144  0.
 145  0.
 146  0.
 147  0.
 148  0.
 149  0.
 150  0.
 151  0.
 152  0.
 153  0.
 154  0.
 155  0.
 156  0.
 157  0.
 158  0.
 159  0.
 160  0.
 161  0.
 162  0.
 163  0.
 164  0.
 165  0.
 166  0.
 167  0.
 168  0.
 169  0.
 170  0.
 171  0.
 172  0.
 173  0.
 174  0.
 175  0.
 176  0.
 177  0.
 178  0.
 179  0.
 180  0.
 181  0.
 182  0.
 183  0.
 184  0.
 185  0.
 186  0.
 187  0.
 188  0.
 189  0.
 190  0.
 191  0.
 192  0.
 193  0.
 194  0.
 195  0.
 196  0.
 197  0.
 198  0.
 199  0.
 200  0.
 201  0.
 202  0.
 203  0.
 204  0.
 205  0.
 206  0.
 207  0.
 208  0.
 209  0.
 210  0.
 211  0.
 212  0.
 213  0.
 214  0.
 215  0.
 216  0.
 217  0.
 218  0.
 219  0.
 220  0.
 221  0.
 222  0.
 223  0.
 224  0.
 225  0.
 226  0.
 227  0.
 228  0.
 229  0.
 230  0.
 231  0.
 232  0.
 233  0.
 234  0.
 235  0.
 236  0.
 237  0.
 238  0.
 239  0.
 240  0.
 241  0.
 242  0.
 243  0.
 244  0.
 245  0.
 246  0.
 247  0.
 248  0.
 249  0.
 250  0.
 251  0.
 252  0.
 253  0.
 254  0.
 255  0.
 256  0.
 257  0.
 258  0.
 259  0.
 260  0.
 261  0.
 262  0.
 263  0.
 264  0.
 265  0.
 266  0.
 267  0.
 268  0.
 269  0.
 270  0.
 271  0.
 272  0.
 273  0.
 274  0.
 275  0.
 276  0.
 277  0.
 278  0.
 279  0.
 280  0.
 281  0.
 282  0.
 283  0.
 284  0.
 285  0.
 286  0.
 287  0.
 288  0.
 289  0.
 290  0.
 291  0.
 292  0.
 293  0.
 294  0.
 295  0.
 296  0.
 297  0.
 298  0.
 299  0.
 300  0.
 301  0.
 302  0.
 303  0.
 304  0.
 305  0.
 306  0.
 307  0.
 308  0.
 309  0.
 310  0.
 311  0.
 312  0.
 313  0.
 314  0.
 315  0.
 316  0.
 317  0.
 318  0.
 319  0.
 320  0.
 321  0.
 322  0.
 323  0.
 324  0.
 325  0.
 326  0.
 327  0.
 328  0.
 329  0.
 330  0.
 331  0.
 332  0.
 333  0.
 334  0.
 335  0.
 336  0.
 337  0.
 338  0.
 339  0.
 340  0.
 341  0.
 342  0.
 343  0.
 344  0.
 345  0.
 346  0.
 347  0.
 348  0.
 349  0.
 350  0.
 351  0.
 352  0.
 353  0.
 354  0.
 355  0.
 356  0.
 357  0.
 358  0.
 359  0.
 360  0.
 361  0.
 362  0.
 363  0.
 364  0.
 365  0.
 366  0.
 367  0.
 368  0.
 369  0.
 370  0.
 371  0.
 372  0.
 373  0.
 374  0.
 375  0.
 376  0.
 377  0.
 378  0.
 379  0.
 380  0.
 381  0.
 382  0.
 383  0.
 384  0.
 385  0.
 386  0.
 387  0.
 388  0.
 389  0.
 390  0.
 391  0.
 392  0.
 393  0.
 394  0.
 395  0.
 396  0.
 397  0.
 398  0.
 399  0.
 400  0.
 401  0.
 402  0.
 403  0.
 404  0.
 405  0.
 406  0.
 407  0.
 408  0.
 409  0.
 410  0.
 411  0.
 412  0.
 413  0.
 414  0.
 415  0.
 416  0.
 417  0.
 418  0.
 419  0.
 420  0.
 421  0.
 422  0.
 423  0.
 424  0.
 425  0.
 426  0.
 427  0.
 428  0.
 429  0.
 430  0.
 431  0.
 432  0.
 433  0.
 434  0.
 435  0.
 436  0.
 437  0.
 438  0.
 439  0.
 440  0.
 441  0.
 442  0.
 443  0.
 444  0.
 445  0.
 446  0.
 447  0.
 448  0.
 449  0.
 450  0.
 451  0.
 452  0.
 453  0.
 454  0.
 455  0.
 456  0.
 457  0.
 458  0.
 459  0.
 460  0.
 461  0.
 462  0.
 463  0.
 464  0.
 465  0.
 466  0.
 467  0.
 468  0.
 469  0.
 470  0.
 471  0.
 472  0.
 473  0.
 474  0.
 475  0.
 476  0.
 477  0.
 478  0.
 479  0.
 480  0.
 481  0.
 482  0.
 483  0.
 484  0.
 485  0.
 486  0.
 487  0.
 488  0.
 489  0.
 490  0.
 491  0.
 492  0.
 493  0.
 494  0.
 495  0.
 496  0.
 497  0.
 498  0.
 499  0.
 500  0.

 1  0.
 2  0.
 3  0.
 4  0.
 5  0.
 6  0.
 7  0.
 8  0.
 9  0.
 10  0.
 11  0.
 12  0.
 13  0.
 14  0.
 15  0.
 16  0.
 17  0.
 18  0.
 19  0.
 20  0.
 21  0.
 22  0.
 23  0.
 24  0.
 25  0.
 26  0.
 27  0.
 28  0.
 29  0.
 30  0.
 31  0.
 32  0.
 33  0.
 34  0.
 35  0.
 36  0.
 37  0.
 38  0.
 39  0.
 40  0.
 41  0.
 42  0.
 43  0.
 44  0.
 45  0.
 46  0.
 47  0.
 48  0.
 49  0.
 50  0.
 51  0.
 52  0.
 53  0.
 54  0.
 55  0.
 56  0.
 57  0.
 58  0.
 59  0.
 60  0.
 61  0.
 62  0.
 63  0.
 64  0.
 65  0.
 66  0.
 67  0.
 68  0.
 69  0.
 70  0.
 71  0.
 72  0.
 73  0.
 74  0.
 75  0.
 76  0.
 77  0.
 78  0.
 79  0.
 80  0.
 81  0.
 82  0.
 83  0.
 84  0.
 85  0.
 86  0.
 87  0.
 88  0.
 89  0.
 90  0.
 91  0.
 92  0.
 93  0.
 94  0.
 95  0.
 96  0.
 97  0.
 98  0.
 99  0.
 100  0.
 101  0.
 102  0.
 103  0.
 104  0.
 105  0.
 106  0.
 107  0.
 108  0.
 109  0.
 110  0.
 111  0.
 112  0.
 113  0.
 114  0.
 115  0.
 116  0.
 117  0.
 118  0.
 119  0.
 120  0.
 121  0.
 122  0.
 123  0.
 124  0.
 125  0.
 126  0.
 127  0.
 128  0.
 129  0.
 130  0.
 131  0.
 132  0.
 133  0.
 134  0.
 135  0.
 136  0.
 137  0.
 138  0.
 139  0.
 140  0.
 141  0.
 142  0.
 143  0.
 144  0.
 145  0.
 146  0.
 147  0.
 148  0.
 149  0.
 150  0.
 151  0.
 152  0.
 153  0.
 154  0.
 155  0.
 156  0.
 157  0.
 158  0.
 159  0.
 160  0.
 161  0.
 162  0.
 163  0.
 164  0.
 165  0.
 166  0.
 167  0.
 168  0.
 169  0.
 170  0.
 171  0.
 172  0.
 173  0.
 174  0.
 175  0.
 176  0.
 177  0.
 178  0.
 179  0.
 180  0.
 181  0.
 182  0.
 183  0.
 184  0.
 185  0.
 186  0.
 187  0.
 188  0.
 189  0.
 190  0.
 191  0.
 192  0.
 193  0.
 194  0.
 195  0.
 196  0.
 197  0.
 198  0.
 199  0.
 200  0.
 201  0.
 202  0.
 203  0.
 204  0.
 205  0.
 206  0.
 207  0.
 208  0.
 209  0.
 210  0.
 211  0.
 212  0.
 213  0.
 214  0.
 215  0.
 216  0.
 217  0.
 218  0.
 219  0.
 220  0.
 221  0.
 222  0.
 223  0.
 224  0.
 225  0.
 226  0.
 227  0.
 228  0.
 229  0.
 230  0.
 231  0.
 232  0.
 233  0.
 234  0.
 235  0.
 236  0.
 237  0.
 238  0.
 239  0.
 240  0.
 241  0.
 242  0.
 243  0.
 244  0.
 245  0.
 246  0.
 247  0.
 248  0.
 249  0.
 250  0.
 251  0.
 252  0.
 253  0.
 254  0.
 255  0.
 256  0.
 257  0.
 258  0.
 259  0.
 260  0.
 261  0.
 262  0.
 263  0.
 264  0.
 265  0.
 266  0.
 267  0.
 268  0.
 269  0.
 270  0.
 271  0.
 272  0.
 273  0.
 274  0.
 275  0.
 276  0.
 277  0.
 278  0.
 279  0.
 280  0.
 281  0.
 282  0.
 283  0.
 284  0.
 285  0.
 286  0.
 287  0.
 288  0.
 289  0.
 290  0.
 291  0.
 292  0.
 293  0.
 294  0.
 295  0.
 296  0.
 297  0.
 298  0.
 299  0.
 300  0.
 301  0.
 302  0.
 303  0.
 304  0.
 305  0.
 306  0.
 307  0.
 308  0.
 309  0.
 310  0.
 311  0.
 312  0.
 313  0.
 314  0.
 315  0.
 316  0.
 317  0.
 318  0.
 319  0.
 320  0.
 321  0.
 322  0.
 323  0.
 324  0.
 325  0.
 326  0.
 327  0.
 328  0.
 329  0.
 330  0.
 331  0.
 332  0.
 333  0.
 334  0.
 335  0.
 336  0.
 337  0.
 338  0.
 339  0.
 340  0.
 341  0.
 342  0.
 343  0.
 344  0.
 345  0.
 346  0.
 347  0.
 348  0.
 349  0.
 350  0.
 351  0.
 352  0.
 353  0.
 354  0.
 355  0.
 356  0.
 357  0.
 358  0.
 359  0.
 360  0.
 361  0.
 362  0.
 363  0.
 364  0.
 365  0.
 366  0.
 367  0.
 368  0.
 369  0.
 370  0.
 371  0.
 372  0.
 373  0.
 374  0.
 375  0.
 376  0.
 377  0.
 378  0.
 379  0.
 380  0.
 381  0.
 382  0.
 383  0.
 384  0.
 385  0.
 386  0.
 387  0.
 388  0.
 389  0.
 390  0.
 391  0.
 392  0.
 393  0.
 394  0.
 395  0.
 396  0.
 397  0.
 398  0.
 399  0.
 400  0.
 401  0.
 402  0.
 403  0.
 404  0.
 405  0.
 406  0.
 407  0.
 408  0.
 409  0.
 410  0.
 411  0.
 412  0.
 413  0.
 414  0.
 415  0.
 416  0.
 417  0.
 418  0.
 419  0.
 420  0.
 421  0.
 422  0.
 423  0.
 424  0.
 425  0.
 426  0.
 427  0.
 428  0.
 429  0.
 430  0.
 431  0.
 432  0.
 433  0.
 434  0.
 435  0.
 436  0.
 437  0.
 438  0.
 439  0.
 440  0.
 441  0.
 442  0.
 443  0.
 444  0.
 445  0.
 446  0.
 447  0.
 448  0.
 449  0.
 450  0.
 451  0.
 452  0.
 453  0.
 454  0.
 455  0.
 456  0.
 457  0.
 458  0.
 459  0.
 460  0.
 461  0.
 462  0.
 463  0.
 464  0.
 465  0.
 466  0.
 467  0.
 468  0.
 469  0.
 470  0.
 471  0.
 472  0.
 473  0.
 474  0.
 475  0.
 476  0.
 477  0.
 478  0.
 479  0.
 480  0.
 481  0.
 482  0.
 483  0.
 484  0.
 485  0.
 486  0.
 487  0.
 488  0.
 489  0.
 490  0.
 491  0.
 492  0.
 493  0.
 494  0.
 495  0.
 496  0.
 497  0.
 498  0.
 499  0.
 500  0.

 1  0.
 2  0.
 3  0.
 4  0.
 5  0.
 6  0.
 7  0.
 8  0.
 9  0.
 10  0.
 11  0.
 12  0.
 13  0.
 14  0.
 15  0.
 16  0.
 17  0.
 18  0.
 19  0.
 20  0.
 21  0.
 22  0.
 23  0.
 24  0.
 25  0.
 26  0.
 27  0.
 28  0.
 29  0.
 30  0.
 31  0.
 32  0.
 33  0.
 34  0.
 35  0.
 36  0.
 37  0.
 38  0.
 39  0.
 40  0.
 41  0.
 42  0.
 43  0.
 44  0.
 45  0.
 46  0.
 47  0.
 48  0.
 49  0.
 50  0.
 51  0.
 52  0.
 53  0.
 54  0.
 55  0.
 56  0.
 57  0.
 58  0.
 59  0.
 60  0.
 61  0.
 62  0.
 63  0.
 64  0.
 65  0.
 66  0.
 67  0.
 68  0.
 69  0.
 70  0.
 71  0.
 72  0.
 73  0.
 74  0.
 75  0.
 76  0.
 77  0.
 78  0.
 79  0.
 80  0.
 81  0.
 82  0.
 83  0.
 84  0.
 85  0.
 86  0.
 87  0.
 88  0.
 89  0.
 90  0.
 91  0.
 92  0.
 93  0.
 94  0.
 95  0.
 96  0.
 97  0.
 98  0.
 99  0.
 100  0.
 101  0.
 102  0.
 103  0.
 104  0.
 105  0.
 106  0.
 107  0.
 108  0.
 109  0.
 110  0.
 111  0.
 112  0.
 113  0.
 114  0.
 115  0.
 116  0.
 117  0.
 118  0.
 119  0.
 120  0.
 121  0.
 122  0.
 123  0.
 124  0.
 125  0.
 126  0.
 127  0.
 128  0.
 129  0.
 130  0.
 131  0.
 132  0.
 133  0.
 134  0.
 135  0.
 136  0.
 137  0.
 138  0.
 139  0.
 140  0.
 141  0.
 142  0.
 143  0.
 144  0.
 145  0.
 146  0.
 147  0.
 148  0.
 149  0.
 150  0.
 151  0.
 152  0.
 153  0.
 154  0.
 155  0.
 156  0.
 157  0.
 158  0.
 159  0.
 160  0.
 161  0.
 162  0.
 163  0.
 164  0.
 165  0.
 166  0.
 167  0.
 168  0.
 169  0.
 170  0.
 171  0.
 172  0.
 173  0.
 174  0.
 175  0.
 176  0.
 177  0.
 178  0.
 179  0.
 180  0.
 181  0.
 182  0.
 183  0.
 184  0.
 185  0.
 186  0.
 187  0.
 188  0.
 189  0.
 190  0.
 191  0.
 192  0.
 193  0.
 194  0.
 195  0.
 196  0.
 197  0.
 198  0.
 199  0.
 200  0.
 201  0.
 202  0.
 203  0.
 204  0.
 205  0.
 206  0.
 207  0.
 208  0.
 209  0.
 210  0.
 211  0.
 212  0.
 213  0.
 214  0.
 215  0.
 216  0.
 217  0.
 218  0.
 219  0.
 220  0.
 221  0.
 222  0.
 223  0.
 224  0.
 225  0.
 226  0.
 227  0.
 228  0.
 229  0.
 230  0.
 231  0.
 232  0.
 233  0.
 234  0.
 235  0.
 236  0.
 237  0.
 238  0.
 239  0.
 240  0.
 241  0.
 242  0.
 243  0.
 244  0.
 245  0.
 246  0.
 247  0.
 248  0.
 249  0.
 250  0.
 251  0.
 252  0.
 253  0.
 254  0.
 255  0.
 256  0.
 257  0.
 258  0.
 259  0.
 260  0.
 261  0.
 262  0.
 263  0.
 264  0.
 265  0.
 266  0.
 267  0.
 268  0.
 269  0.
 270  0.
 271  0.
 272  0.
 273  0.
 274  0.
 275  0.
 276  0.
 277  0.
 278  0.
 279  0.
 280  0.
 281  0.
 282  0.
 283  0.
 284  0.
 285  0.
 286  0.
 287  0.
 288  0.
 289  0.
 290  0.
 291  0.
 292  0.
 293  0.
 294  0.
 295  0.
 296  0.
 297  0.
 298  0.
 299  0.
 300  0.
 301  0.
 302  0.
 303  0.
 304  0.
 305  0.
 306  0.
 307  0.
 308  0.
 309  0.
 310  0.
 311  0.
 312  0.
 313  0.
 314  0.
 315  0.
 316  0.
 317  0.
 318  0.
 319  0.
 320  0.
 321  0.
 322  0.
 323  0.
 324  0.
 325  0.
 326  0.
 327  0.
 328  0.
 329  0.
 330  0.
 331  0.
 332  0.
 333  0.
 334  0.
 335  0.
 336  0.
 337  0.
 338  0.
 339  0.
 340  0.
 341  0.
 342  0.
 343  0.
 344  0.
 345  0.
 346  0.
 347  0.
 348  0.
 349  0.
 350  0.
 351  0.
 352  0.
 353  0.
 354  0.
 355  0.
 356  0.
 357  0.
 358  0.
 359  0.
 360  0.
 361  0.
 362  0.
 363  0.
 364  0.
 365  0.
 366  0.
 367  0.
 368  0.
 369  0.
 370  0.
 371  0.
 372  0.
 373  0.
 374  0.
 375  0.
 376  0.
 377  0.
 378  0.
 379  0.
 380  0.
 381  0.
 382  0.
 383  0.
 384  0.
 385  0.
 386  0.
 387  0.
 388  0.
 389  0.
 390  0.
 391  0.
 392  0.
 393  0.
 394  0.
 395  0.
 396  0.
 397  0.
 398  0.
 399  0.
 400  0.
 401  0.
 402  0.
 403  0.
 404  0.
 405  0.
 406  0.
 407  0.
 408  0.
 409  0.
 410  0.
 411  0.
 412  0.
 413  0.
 414  0.
 415  0.
 416  0.
 417  0.
 418  0.
 419  0.
 420  0.
 421  0.
 422  0.
 423  0.
 424  0.
 425  0.
 426  0.
 427  0.
 428  0.
 429  0.
 430  0.
 431  0.
 432  0.
 433  0.
 434  0.
 435  0.
 436  0.
 437  0.
 438  0.
 439  0.
 440  0.
 441  0.
 442  0.
 443  0.
 444  0.
 445  0.
 446  0.
 447  0.
 448  0.
 449  0.
 450  0.
 451  0.
 452  0.
 453  0.
 454  0.
 455  0.
 456  0.
 457  0.
 458  0.
 459  0.
 460  0.
 461  0.
 462  0.
 463  0.
 464  0.
 465  0.
 466  0.
 467  0.
 468  0.
 469  0.
 470  0.
 471  0.
 472  0.
 473  0.
 474  0.
 475  0.
 476  0.
 477  0.
 478  0.
 479  0.
 480  0.
 481  0.
 482  0.
 483  0.
 484  0.
 485  0.
 486  0.
 487  0.
 488  0.
 489  0.
 490  0.
 491  0.
 492  0.
 493  0.
 494  0.
 495  0.
 496  0.
 497  0.
 498  0.
 499  0.
 500  0.

 1  0.
 2  0.
 3  0.
 4  0.
 5  0.
 6  0.
 7  0.
 8  0.
 9  0.
 10  0.
 11  0.
 12  0.
 13  0.
 14  0.
 15  0.
 16  0.
 17  0.
 18  0.
 19  0.
 20  0.
 21  0.
 22  0.
 23  0.
 24  0.
 25  0.
 26  0.
 27  0.
 28  0.
 29  0.
 30  0.
 31  0.
 32  0.
 33  0.
 34  0.
 35  0.
 36  0.
 37  0.
 38  0.
 39  0.
 40  0.
 41  0.
 42  0.
 43  0.
 44  0.
 45  0.
 46  0.
 47  0.
 48  0.
 49  0.
 50  0.
 51  0.
 52  0.
 53  0.
 54  0.
 55  0.
 56  0.
 57  0.
 58  0.
 59  0.
 60  0.
 61  0.
 62  0.
 63  0.
 64  0.
 65  0.
 66  0.
 67  0.
 68  0.
 69  0.
 70  0.
 71  0.
 72  0.
 73  0.
 74  0.
 75  0.
 76  0.
 77  0.
 78  0.
 79  0.
 80  0.
 81  0.
 82  0.
 83  0.
 84  0.
 85  0.
 86  0.
 87  0.
 88  0.
 89  0.
 90  0.
 91  0.
 92  0.
 93  0.
 94  0.
 95  0.
 96  0.
 97  0.
 98  0.
 99  0.
 100  0.
 101  0.
 102  0.
 103  0.
 104  0.
 105  0.
 106  0.
 107  0.
 108  0.
 109  0.
 110  0.
 111  0.
 112  0.
 113  0.
 114  0.
 115  0.
 116  0.
 117  0.
 118  0.
 119  0.
 120  0.
 121  0.
 122  0.
 123  0.
 124  0.
 125  0.
 126  0.
 127  0.
 128  0.
 129  0.
 130  0.
 131  0.
 132  0.
 133  0.
 134  0.
 135  0.
 136  0.
 137  0.
 138  0.
 139  0.
 140  0.
 141  0.
 142  0.
 143  0.
 144  0.
 145  0.
 146  0.
 147  0.
 148  0.
 149  0.
 150  0.
 151  0.
 152  0.
 153  0.
 154  0.
 155  0.
 156  0.
 157  0.
 158  0.
 159  0.
 160  0.
 161  0.
 162  0.
 163  0.
 164  0.
 165  0.
 166  0.
 167  0.
 168  0.
 169  0.
 170  0.
 171  0.
 172  0.
 173  0.
 174  0.
 175  0.
 176  0.
 177  0.
 178  0.
 179  0.
 180  0.
 181  0.
 182  0.
 183  0.
 184  0.
 185  0.
 186  0.
 187  0.
 188  0.
 189  0.
 190  0.
 191  0.
 192  0.
 193  0.
 194  0.
 195  0.
 196  0.
 197  0.
 198  0.
 199  0.
 200  0.
 201  0.
 202  0.
 203  0.
 204  0.
 205  0.
 206  0.
 207  0.
 208  0.
 209  0.
 210  0.
 211  0.
 212  0.
 213  0.
 214  0.
 215  0.
 216  0.
 217  0.
 218  0.
 219  0.
 220  0.
 221  0.
 222  0.
 223  0.
 224  0.
 225  0.
 226  0.
 227  0.
 228  0.
 229  0.
 230  0.
 231  0.
 232  0.
 233  0.
 234  0.
 235  0.
 236  0.
 237  0.
 238  0.
 239  0.
 240  0.
 241  0.
 242  0.
 243  0.
 244  0.
 245  0.
 246  0.
 247  0.
 248  0.
 249  0.
 250  0.
 251  0.
 252  0.
 253  0.
 254  0.
 255  0.
 256  0.
 257  0.
 258  0.
 259  0.
 260  0.
 261  0.
 262  0.
 263  0.
 264  0.
 265  0.
 266  0.
 267  0.
 268  0.
 269  0.
 270  0.
 271  0.
 272  0.
 273  0.
 274  0.
 275  0.
 276  0.
 277  0.
 278  0.
 279  0.
 280  0.
 281  0.
 282  0.
 283  0.
 284  0.
 285  0.
 286  0.
 287  0.
 288  0.
 289  0.
 290  0.
 291  0.
 292  0.
 293  0.
 294  0.
 295  0.
 296  0.
 297  0.
 298  0.
 299  0.
 300  0.
 301  0.
 302  0.
 303  0.
 304  0.
 305  0.
 306  0.
 307  0.
 308  0.
 309  0.
 310  0.
 311  0.
 312  0.
 313  0.
 314  0.
 315  0.
 316  0.
 317  0.
 318  0.
 319  0.
 320  0.
 321  0.
 322  0.
 323  0.
 324  0.
 325  0.
 326  0.
 327  0.
 328  0.
 329  0.
 330  0.
 331  0.
 332  0.
 333  0.
 334  0.
 335  0.
 336  0.
 337  0.
 338  0.
 339  0.
 340  0.
 341  0.
 342  0.
 343  0.
 344  0.
 345  0.
 346  0.
 347  0.
 348  0.
 349  0.
 350  0.
 351  0.
 352  0.
 353  0.
 354  0.
 355  0.
 356  0.
 357  0.
 358  0.
 359  0.
 360  0.
 361  0.
 362  0.
 363  0.
 364  0.
 365  0.
 366  0.
 367  0.
 368  0.
 369  0.
 370  0.
 371  0.
 372  0.
 373  0.
 374  0.
 375  0.
 376  0.
 377  0.
 378  0.
 379  0.
 380  0.
 381  0.
 382  0.
 383  0.
 384  0.
 385  0.
 386  0.
 387  0.
 388  0.
 389  0.
 390  0.
 391  0.
 392  0.
 393  0.
 394  0.
 395  0.
 396  0.
 397  0.
 398  0.
 399  0.
 400  0.
 401  0.
 402  0.
 403  0.
 404  0.
 405  0.
 406  0.
 407  0.
 408  0.
 409  0.
 410  0.
 411  0.
 412  0.
 413  0.
 414  0.
 415  0.
 416  0.
 417  0.
 418  0.
 419  0.
 420  0.
 421  0.
 422  0.
 423  0.
 424  0.
 425  0.
 426  0.
 427  0.
 428  0.
 429  0.
 430  0.
 431  0.
 432  0.
 433  0.
 434  0.
 435  0.
 436  0.
 437  0.
 438  0.
 439  0.
 440  0.
 441  0.
 442  0.
 443  0.
 444  0.
 445  0.
 446  0.
 447  0.
 448  0.
 449  0.
 450  0.
 451  0.
 452  0.
 453  0.
 454  0.
 455  0.
 456  0.
 457  0.
 458  0.
 459  0.
 460  0.
 461  0.
 462  0.
 463  0.
 464  0.
 465  0.
 466  0.
 467  0.
 468  0.
 469  0.
 470  0.
 471  0.
 472  0.
 473  0.
 474  0.
 475  0.
 476  0.
 477  0.
 478  0.
 479  0.
 480  0.
 481  0.
 482  0.
 483  0.
 484  0.
 485  0.
 486  0.
 487  0.
 488  0.
 489  0.
 490  0.
 491  0.
 492  0.
 493  0.
 494  0.
 495  0.
 496  0.
 497  0.
 498  0.
 499  0.
 500  0.

 1  0.
 2  0.
 3  0.
 4  0.
 5  0.
 6  0.
 7  0.
 8  0.
 9  0.
 10  0.
 11  0.
 12  0.
 13  0.
 14  0.
 15  0.
 16  0.
 17  0.
 18  0.
 19  0.
 20  0.
 21  0.
 22  0.
 23  0.
 24  0.
 25  0.
 26  0.
 27  0.
 28  0.
 29  0.
 30  0.
 31  0.
 32  0.
 33  0.
 34  0.
 35  0.
 36  0.
 37  0.
 38  0.
 39  0.
 40  0.
 41  0.
 42  0.
 43  0.
 44  0.
 45  0.
 46  0.
 47  0.
 48  0.
 49  0.
 50  0.
 51  0.
 52  0.
 53  0.
 54  0.
 55  0.
 56  0.
 57  0.
 58  0.
 59  0.
 60  0.
 61  0.
 62  0.
 63  0.
 64  0.
 65  0.
 66  0.
 67  0.
 68  0.
 69  0.
 70  0.
 71  0.
 72  0.
 73  0.
 74  0.
 75  0.
 76  0.
 77  0.
 78  0.
 79  0.
 80  0.
 81  0.
 82  0.
 83  0.
 84  0.
 85  0.
 86  0.
 87  0.
 88  0.
 89  0.
 90  0.
 91  0.
 92  0.
 93  0.
 94  0.
 95  0.
 96  0.
 97  0.
 98  0.
 99  0.
 100  0.
 101  0.
 102  0.
 103  0.
 104  0.
 105  0.
 106  0.
 107  0.
 108  0.
 109  0.
 110  0.
 111  0.
 112  0.
 113  0.
 114  0.
 115  0.
 116  0.
 117  0.
 118  0.
 119  0.
 120  0.
 121  0.
 122  0.
 123  0.
 124  0.
 125  0.
 126  0.
 127  0.
 128  0.
 129  0.
 130  0.
 131  0.
 132  0.
 133  0.
 134  0.
 135  0.
 136  0.
 137  0.
 138  0.
 139  0.
 140  0.
 141  0.
 142  0.
 143  0.
 144  0.
 145  0.
 146  0.
 147  0.
 148  0.
 149  0.
 150  0.
 151  0.
 152  0.
 153  0.
 154  0.
 155  0.
 156  0.
 157  0.
 158  0.
 159  0.
 160  0.
 161  0.
 162  0.
 163  0.
 164  0.
 165  0.
 166  0.
 167  0.
 168  0.
 169  0.
 170  0.
 171  0.
 172  0.
 173  0.
 174  0.
 175  0.
 176  0.
 177  0.
 178  0.
 179  0.
 180  0.
 181  0.
 182  0.
 183  0.
 184  0.
 185  0.
 186  0.
 187  0.
 188  0.
 189  0.
 190  0.
 191  0.
 192  0.
 193  0.
 194  0.
 195  0.
 196  0.
 197  0.
 198  0.
 199  0.
 200  0.
 201  0.
 202  0.
 203  0.
 204  0.
 205  0.
 206  0.
 207  0.
 208  0.
 209  0.
 210  0.
 211  0.
 212  0.
 213  0.
 214  0.
 215  0.
 216  0.
 217  0.
 218  0.
 219  0.
 220  0.
 221  0.
 222  0.
 223  0.
 224  0.
 225  0.
 226  0.
 227  0.
 228  0.
 229  0.
 230  0.
 231  0.
 232  0.
 233  0.
 234  0.
 235  0.
 236  0.
 237  0.
 238  0.
 239  0.
 240  0.
 241  0.
 242  0.
 243  0.
 244  0.
 245  0.
 246  0.
 247  0.
 248  0.
 249  0.
 250  0.
 251  0.
 252  0.
 253  0.
 254  0.
 255  0.
 256  0.
 257  0.
 258  0.
 259  0.
 260  0.
 261  0.
 262  0.
 263  0.
 264  0.
 265  0.
 266  0.
 267  0.
 268  0.
 269  0.
 270  0.
 271  0.
 272  0.
 273  0.
 274  0.
 275  0.
 276  0.
 277  0.
 278  0.
 279  0.
 280  0.
 281  0.
 282  0.
 283  0.
 284  0.
 285  0.
 286  0.
 287  0.
 288  0.
 289  0.
 290  0.
 291  0.
 292  0.
 293  0.
 294  0.
 295  0.
 296  0.
 297  0.
 298  0.
 299  0.
 300  0.
 301  0.
 302  0.
 303  0.
 304  0.
 305  0.
 306  0.
 307  0.
 308  0.
 309  0.
 310  0.
 311  0.
 312  0.
 313  0.
 314  0.
 315  0.
 316  0.
 317  0.
 318  0.
 319  0.
 320  0.
 321  0.
 322  0.
 323  0.
 324  0.
 325  0.
 326  0.
 327  0.
 328  0.
 329  0.
 330  0.
 331  0.
 332  0.
 333  0.
 334  0.
 335  0.
 336  0.
 337  0.
 338  0.
 339  0.
 340  0.
 341  0.
 342  0.
 343  0.
 344  0.
 345  0.
 346  0.
 347  0.
 348  0.
 349  0.
 350  0.
 351  0.
 352  0.
 353  0.
 354  0.
 355  0.
 356  0.
 357  0.
 358  0.
 359  0.
 360  0.
 361  0.
 362  0.
 363  0.
 364  0.
 365  0.
 366  0.
 367  0.
 368  0.
 369  0.
 370  0.
 371  0.
 372  0.
 373  0.
 374  0.
 375  0.
 376  0.
 377  0.
 378  0.
 379  0.
 380  0.
 381  0.
 382  0.
 383  0.
 384  0.
 385  0.
 386  0.
 387  0.
 388  0.
 389  0.
 390  0.
 391  0.
 392  0.
 393  0.
 394  0.
 395  0.
 396  0.
 397  0.
 398  0.
 399  0.
 400  0.
 401  0.
 402  0.
 403  0.
 404  0.
 405  0.
 406  0.
 407  0.
 408  0.
 409  0.
 410  0.
 411  0.
 412  0.
 413  0.
 414  0.
 415  0.
 416  0.
 417  0.
 418  0.
 419  0.
 420  0.
 421  0.
 422  0.
 423  0.
 424  0.
 425  0.
 426  0.
 427  0.
 428  0.
 429  0.
 430  0.
 431  0.
 432  0.
 433  0.
 434  0.
 435  0.
 436  0.
 437  0.
 438  0.
 439  0.
 440  0.
 441  0.
 442  0.
 443  0.
 444  0.
 445  0.
 446  0.
 447  0.
 448  0.
 449  0.
 450  0.
 451  0.
 452  0.
 453  0.
 454  0.
 455  0.
 456  0.
 457  0.
 458  0.
 459  0.
 460  0.
 461  0.
 462  0.
 463  0.
 464  0.
 465  0.
 466  0.
 467  0.
 468  0.
 469  0.
 470  0.
 471  0.
 472  0.
 473  0.
 474  0.
 475  0.
 476  0.
 477  0.
 478  0.
 479  0.
 480  0.
 481  0.
 482  0.
 483  0.
 484  0.
 485  0.
 486  0.
 487  0.
 488  0.
 489  0.
 490  0.
 491  0.
 492  0.
 493  0.
 494  0.
 495  0.
 496  0.
 497  0.
 498  0.
 499  0.
 500  0.

 1  0.
 2  0.
 3  0.
 4  0.
 5  0.
 6  0.
 7  0.
 8  0.
 9  0.
 10  0.
 11  0.
 12  0.
 13  0.
 14  0.
 15  0.
 16  0.
 17  0.
 18  0.
 19  0.
 20  0.
 21  0.
 22  0.
 23  0.
 24  0.
 25  0.
 26  0.
 27  0.
 28  0.
 29  0.
 30  0.
 31  0.
 32  0.
 33  0.
 34  0.
 35  0.
 36  0.
 37  0.
 38  0.
 39  0.
 40  0.
 41  0.
 42  0.
 43  0.
 44  0.
 45  0.
 46  0.
 47  0.
 48  0.
 49  0.
 50  0.
 51  0.
 52  0.
 53  0.
 54  0.
 55  0.
 56  0.
 57  0.
 58  0.
 59  0.
 60  0.
 61  0.
 62  0.
 63  0.
 64  0.
 65  0.
 66  0.
 67  0.
 68  0.
 69  0.
 70  0.
 71  0.
 72  0.
 73  0.
 74  0.
 75  0.
 76  0.
 77  0.
 78  0.
 79  0.
 80  0.
 81  0.
 82  0.
 83  0.
 84  0.
 85  0.
 86  0.
 87  0.
 88  0.
 89  0.
 90  0.
 91  0.
 92  0.
 93  0.
 94  0.
 95  0.
 96  0.
 97  0.
 98  0.
 99  0.
 100  0.
 101  0.
 102  0.
 103  0.
 104  0.
 105  0.
 106  0.
 107  0.
 108  0.
 109  0.
 110  0.
 111  0.
 112  0.
 113  0.
 114  0.
 115  0.
 116  0.
 117  0.
 118  0.
 119  0.
 120  0.
 121  0.
 122  0.
 123  0.
 124  0.
 125  0.
 126  0.
 127  0.
 128  0.
 129  0.
 130  0.
 131  0.
 132  0.
 133  0.
 134  0.
 135  0.
 136  0.
 137  0.
 138  0.
 139  0.
 140  0.
 141  0.
 142  0.
 143  0.
 144  0.
 145  0.
 146  0.
 147  0.
 148  0.
 149  0.
 150  0.
 151  0.
 152  0.
 153  0.
 154  0.
 155  0.
 156  0.
 157  0.
 158  0.
 159  0.
 160  0.
 161  0.
 162  0.
 163  0.
 164  0.
 165  0.
 166  0.
 167  0.
 168  0.
 169  0.
 170  0.
 171  0.
 172  0.
 173  0.
 174  0.
 175  0.
 176  0.
 177  0.
 178  0.
 179  0.
 180  0.
 181  0.
 182  0.
 183  0.
 184  0.
 185  0.
 186  0.
 187  0.
 188  0.
 189  0.
 190  0.
 191  0.
 192  0.
 193  0.
 194  0.
 195  0.
 196  0.
 197  0.
 198  0.
 199  0.
 200  0.
 201  0.
 202  0.
 203  0.
 204  0.
 205  0.
 206  0.
 207  0.
 208  0.
 209  0.
 210  0.
 211  0.
 212  0.
 213  0.
 214  0.
 215  0.
 216  0.
 217  0.
 218  0.
 219  0.
 220  0.
 221  0.
 222  0.
 223  0.
 224  0.
 225  0.
 226  0.
 227  0.
 228  0.
 229  0.
 230  0.
 231  0.
 232  0.
 233  0.
 234  0.
 235  0.
 236  0.
 237  0.
 238  0.
 239  0.
 240  0.
 241  0.
 242  0.
 243  0.
 244  0.
 245  0.
 246  0.
 247  0.
 248  0.
 249  0.
 250  0.
 251  0.
 252  0.
 253  0.
 254  0.
 255  0.
 256  0.
 257  0.
 258  0.
 259  0.
 260  0.
 261  0.
 262  0.
 263  0.
 264  0.
 265  0.
 266  0.
 267  0.
 268  0.
 269  0.
 270  0.
 271  0.
 272  0.
 273  0.
 274  0.
 275  0.
 276  0.
 277  0.
 278  0.
 279  0.
 280  0.
 281  0.
 282  0.
 283  0.
 284  0.
 285  0.
 286  0.
 287  0.
 288  0.
 289  0.
 290  0.
 291  0.
 292  0.
 293  0.
 294  0.
 295  0.
 296  0.
 297  0.
 298  0.
 299  0.
 300  0.
 301  0.
 302  0.
 303  0.
 304  0.
 305  0.
 306  0.
 307  0.
 308  0.
 309  0.
 310  0.
 311  0.
 312  0.
 313  0.
 314  0.
 315  0.
 316  0.
 317  0.
 318  0.
 319  0.
 320  0.
 321  0.
 322  0.
 323  0.
 324  0.
 325  0.
 326  0.
 327  0.
 328  0.
 329  0.
 330  0.
 331  0.
 332  0.
 333  0.
 334  0.
 335  0.
 336  0.
 337  0.
 338  0.
 339  0.
 340  0.
 341  0.
 342  0.
 343  0.
 344  0.
 345  0.
 346  0.
 347  0.
 348  0.
 349  0.
 350  0.
 351  0.
 352  0.
 353  0.
 354  0.
 355  0.
 356  0.
 357  0.
 358  0.
 359  0.
 360  0.
 361  0.
 362  0.
 363  0.
 364  0.
 365  0.
 366  0.
 367  0.
 368  0.
 369  0.
 370  0.
 371  0.
 372  0.
 373  0.
 374  0.
 375  0.
 376  0.
 377  0.
 378  0.
 379  0.
 380  0.
 381  0.
 382  0.
 383  0.
 384  0.
 385  0.
 386  0.
 387  0.
 388  0.
 389  0.
 390  0.
 391  0.
 392  0.
 393  0.
 394  0.
 395  0.
 396  0.
 397  0.
 398  0.
 399  0.
 400  0.
 401  0.
 402  0.
 403  0.
 404  0.
 405  0.
 406  0.
 407  0.
 408  0.
 409  0.
 410  0.
 411  0.
 412  0.
 413  0.
 414  0.
 415  0.
 416  0.
 417  0.
 418  0.
 419  0.
 420  0.
 421  0.
 422  0.
 423  0.
 424  0.
 425  0.
 426  0.
 427  0.
 428  0.
 429  0.
 430  0.
 431  0.
 432  0.
 433  0.
 434  0.
 435  0.
 436  0.
 437  0.
 438  0.
 439  0.
 440  0.
 441  0.
 442  0.
 443  0.
 444  0.
 445  0.
 446  0.
 447  0.
 448  0.
 449  0.
 450  0.
 451  0.
 452  0.
 453  0.
 454  0.
 455  0.
 456  0.
 457  0.
 458  0.
 459  0.
 460  0.
 461  0.
 462  0.
 463  0.
 464  0.
 465  0.
 466  0.
 467  0.
 468  0.
 469  0.
 470  0.
 471  0.
 472  0.
 473  0.
 474  0.
 475  0.
 476  0.
 477  0.
 478  0.
 479  0.
 480  0.
 481  0.
 482  0.
 483  0.
 484  0.
 485  0.
 486  0.
 487  0.
 488  0.
 489  0.
 490  0.
 491  0.
 492  0.
 493  0.
 494  0.
 495  0.
 496  0.
 497  0.
 498  0.
 499  0.
 500  0.

 1  0.
 2  0.
 3  0.
 4  0.
 5  0.
 6  0.
 7  0.
 8  0.
 9  0.
 10  0.
 11  0.
 12  0.
 13  0.
 14  0.
 15  0.
 16  0.
 17  0.
 18  0.
 19  0.
 20  0.
 21  0.
 22  0.
 23  0.
 24  0.
 25  0.
 26  0.
 27  0.
 28  0.
 29  0.
 30  0.
 31  0.
 32  0.
 33  0.
 34  0.
 35  0.
 36  0.
 37  0.
 38  0.
 39  0.
 40  0.
 41  0.
 42  0.
 43  0.
 44  0.
 45  0.
 46  0.
 47  0.
 48  0.
 49  0.
 50  0.
 51  0.
 52  0.
 53  0.
 54  0.
 55  0.
 56  0.
 57  0.
 58  0.
 59  0.
 60  0.
 61  0.
 62  0.
 63  0.
 64  0.
 65  0.
 66  0.
 67  0.
 68  0.
 69  0.
 70  0.
 71  0.
 72  0.
 73  0.
 74  0.
 75  0.
 76  0.
 77  0.
 78  0.
 79  0.
 80  0.
 81  0.
 82  0.
 83  0.
 84  0.
 85  0.
 86  0.
 87  0.
 88  0.
 89  0.
 90  0.
 91  0.
 92  0.
 93  0.
 94  0.
 95  0.
 96  0.
 97  0.
 98  0.
 99  0.
 100  0.
 101  0.
 102  0.
 103  0.
 104  0.
 105  0.
 106  0.
 107  0.
 108  0.
 109  0.
 110  0.
 111  0.
 112  0.
 113  0.
 114  0.
 115  0.
 116  0.
 117  0.
 118  0.
 119  0.
 120  0.
 121  0.
 122  0.
 123  0.
 124  0.
 125  0.
 126  0.
 127  0.
 128  0.
 129  0.
 130  0.
 131  0.
 132  0.
 133  0.
 134  0.
 135  0.
 136  0.
 137  0.
 138  0.
 139  0.
 140  0.
 141  0.
 142  0.
 143  0.
 144  0.
 145  0.
 146  0.
 147  0.
 148  0.
 149  0.
 150  0.
 151  0.
 152  0.
 153  0.
 154  0.
 155  0.
 156  0.
 157  0.
 158  0.
 159  0.
 160  0.
 161  0.
 162  0.
 163  0.
 164  0.
 165  0.
 166  0.
 167  0.
 168  0.
 169  0.
 170  0.
 171  0.
 172  0.
 173  0.
 174  0.
 175  0.
 176  0.
 177  0.
 178  0.
 179  0.
 180  0.
 181  0.
 182  0.
 183  0.
 184  0.
 185  0.
 186  0.
 187  0.
 188  0.
 189  0.
 190  0.
 191  0.
 192  0.
 193  0.
 194  0.
 195  0.
 196  0.
 197  0.
 198  0.
 199  0.
 200  0.
 201  0.
 202  0.
 203  0.
 204  0.
 205  0.
 206  0.
 207  0.
 208  0.
 209  0.
 210  0.
 211  0.
 212  0.
 213  0.
 214  0.
 215  0.
 216  0.
 217  0.
 218  0.
 219  0.
 220  0.
 221  0.
 222  0.
 223  0.
 224  0.
 225  0.
 226  0.
 227  0.
 228  0.
 229  0.
 230  0.
 231  0.
 232  0.
 233  0.
 234  0.
 235  0.
 236  0.
 237  0.
 238  0.
 239  0.
 240  0.
 241  0.
 242  0.
 243  0.
 244  0.
 245  0.
 246  0.
 247  0.
 248  0.
 249  0.
 250  0.
 251  0.
 252  0.
 253  0.
 254  0.
 255  0.
 256  0.
 257  0.
 258  0.
 259  0.
 260  0.
 261  0.
 262  0.
 263  0.
 264  0.
 265  0.
 266  0.
 267  0.
 268  0.
 269  0.
 270  0.
 271  0.
 272  0.
 273  0.
 274  0.
 275  0.
 276  0.
 277  0.
 278  0.
 279  0.
 280  0.
 281  0.
 282  0.
 283  0.
 284  0.
 285  0.
 286  0.
 287  0.
 288  0.
 289  0.
 290  0.
 291  0.
 292  0.
 293  0.
 294  0.
 295  0.
 296  0.
 297  0.
 298  0.
 299  0.
 300  0.
 301  0.
 302  0.
 303  0.
 304  0.
 305  0.
 306  0.
 307  0.
 308  0.
 309  0.
 310  0.
 311  0.
 312  0.
 313  0.
 314  0.
 315  0.
 316  0.
 317  0.
 318  0.
 319  0.
 320  0.
 321  0.
 322  0.
 323  0.
 324  0.
 325  0.
 326  0.
 327  0.
 328  0.
 329  0.
 330  0.
 331  0.
 332  0.
 333  0.
 334  0.
 335  0.
 336  0.
 337  0.
 338  0.
 339  0.
 340  0.
 341  0.
 342  0.
 343  0.
 344  0.
 345  0.
 346  0.
 347  0.
 348  0.
 349  0.
 350  0.
 351  0.
 352  0.
 353  0.
 354  0.
 355  0.
 356  0.
 357  0.
 358  0.
 359  0.
 360  0.
 361  0.
 362  0.
 363  0.
 364  0.
 365  0.
 366  0.
 367  0.
 368  0.
 369  0.
 370  0.
 371  0.
 372  0.
 373  0.
 374  0.
 375  0.
 376  0.
 377  0.
 378  0.
 379  0.
 380  0.
 381  0.
 382  0.
 383  0.
 384  0.
 385  0.
 386  0.
 387  0.
 388  0.
 389  0.
 390  0.
 391  0.
 392  0.
 393  0.
 394  0.
 395  0.
 396  0.
 397  0.
 398  0.
 399  0.
 400  0.
 401  0.
 402  0.
 403  0.
 404  0.
 405  0.
 406  0.
 407  0.
 408  0.
 409  0.
 410  0.
 411  0.
 412  0.
 413  0.
 414  0.
 415  0.
 416  0.
 417  0.
 418  0.
 419  0.
 420  0.
 421  0.
 422  0.
 423  0.
 424  0.
 425  0.
 426  0.
 427  0.
 428  0.
 429  0.
 430  0.
 431  0.
 432  0.
 433  0.
 434  0.
 435  0.
 436  0.
 437  0.
 438  0.
 439  0.
 440  0.
 441  0.
 442  0.
 443  0.
 444  0.
 445  0.
 446  0.
 447  0.
 448  0.
 449  0.
 450  0.
 451  0.
 452  0.
 453  0.
 454  0.
 455  0.
 456  0.
 457  0.
 458  0.
 459  0.
 460  0.
 461  0.
 462  0.
 463  0.
 464  0.
 465  0.
 466  0.
 467  0.
 468  0.
 469  0.
 470  0.
 471  0.
 472  0.
 473  0.
 474  0.
 475  0.
 476  0.
 477  0.
 478  0.
 479  0.
 480  0.
 481  0.
 482  0.
 483  0.
 484  0.
 485  0.
 486  0.
 487  0.
 488  0.
 489  0.
 490  0.
 491  0.
 492  0.
 493  0.
 494  0.
 495  0.
 496  0.
 497  0.
 498  0.
 499  0.
 500  0.

 1  0.
 2  0.
 3  0.
 4  0.
 5  0.
 6  0.
 7  0.
 8  0.
 9  0.
 10  0.
 11  0.
 12  0.
 13  0.
 14  0.
 15  0.
 16  0.
 17  0.
 18  0.
 19  0.
 20  0.
 21  0.
 22  0.
 23  0.
 24  0.
 25  0.
 26  0.
 27  0.
 28  0.
 29  0.
 30  0.
 31  0.
 32  0.
 33  0.
 34  0.
 35  0.
 36  0.
 37  0.
 38  0.
 39  0.
 40  0.
 41  0.
 42  0.
 43  0.
 44  0.
 45  0.
 46  0.
 47  0.
 48  0.
 49  0.
 50  0.
 51  0.
 52  0.
 53  0.
 54  0.
 55  0.
 56  0.
 57  0.
 58  0.
 59  0.
 60  0.
 61  0.
 62  0.
 63  0.
 64  0.
 65  0.
 66  0.
 67  0.
 68  0.
 69  0.
 70  0.
 71  0.
 72  0.
 73  0.
 74  0.
 75  0.
 76  0.
 77  0.
 78  0.
 79  0.
 80  0.
 81  0.
 82  0.
 83  0.
 84  0.
 85  0.
 86  0.
 87  0.
 88  0.
 89  0.
 90  0.
 91  0.
 92  0.
 93  0.
 94  0.
 95  0.
 96  0.
 97  0.
 98  0.
 99  0.
 100  0.
 101  0.
 102  0.
 103  0.
 104  0.
 105  0.
 106  0.
 107  0.
 108  0.
 109  0.
 110  0.
 111  0.
 112  0.
 113  0.
 114  0.
 115  0.
 116  0.
 117  0.
 118  0.
 119  0.
 120  0.
 121  0.
 122  0.
 123  0.
 124  0.
 125  0.
 126  0.
 127  0.
 128  0.
 129  0.
 130  0.
 131  0.
 132  0.
 133  0.
 134  0.
 135  0.
 136  0.
 137  0.
 138  0.
 139  0.
 140  0.
 141  0.
 142  0.
 143  0.
 144  0.
 145  0.
 146  0.
 147  0.
 148  0.
 149  0.
 150  0.
 151  0.
 152  0.
 153  0.
 154  0.
 155  0.
 156  0.
 157  0.
 158  0.
 159  0.
 160  0.
 161  0.
 162  0.
 163  0.
 164  0.
 165  0.
 166  0.
 167  0.
 168  0.
 169  0.
 170  0.
 171  0.
 172  0.
 173  0.
 174  0.
 175  0.
 176  0.
 177  0.
 178  0.
 179  0.
 180  0.
 181  0.
 182  0.
 183  0.
 184  0.
 185  0.
 186  0.
 187  0.
 188  0.
 189  0.
 190  0.
 191  0.
 192  0.
 193  0.
 194  0.
 195  0.
 196  0.
 197  0.
 198  0.
 199  0.
 200  0.
 201  0.
 202  0.
 203  0.
 204  0.
 205  0.
 206  0.
 207  0.
 208  0.
 209  0.
 210  0.
 211  0.
 212  0.
 213  0.
 214  0.
 215  0.
 216  0.
 217  0.
 218  0.
 219  0.
 220  0.
 221  0.
 222  0.
 223  0.
 224  0.
 225  0.
 226  0.
 227  0.
 228  0.
 229  0.
 230  0.
 231  0.
 232  0.
 233  0.
 234  0.
 235  0.
 236  0.
 237  0.
 238  0.
 239  0.
 240  0.
 241  0.
 242  0.
 243  0.
 244  0.
 245  0.
 246  0.
 247  0.
 248  0.
 249  0.
 250  0.
 251  0.
 252  0.
 253  0.
 254  0.
 255  0.
 256  0.
 257  0.
 258  0.
 259  0.
 260  0.
 261  0.
 262  0.
 263  0.
 264  0.
 265  0.
 266  0.
 267  0.
 268  0.
 269  0.
 270  0.
 271  0.
 272  0.
 273  0.
 274  0.
 275  0.
 276  0.
 277  0.
 278  0.
 279  0.
 280  0.
 281  0.
 282  0.
 283  0.
 284  0.
 285  0.
 286  0.
 287  0.
 288  0.
 289  0.
 290  0.
 291  0.
 292  0.
 293  0.
 294  0.
 295  0.
 296  0.
 297  0.
 298  0.
 299  0.
 300  0.
 301  0.
 302  0.
 303  0.
 304  0.
 305  0.
 306  0.
 307  0.
 308  0.
 309  0.
 310  0.
 311  0.
 312  0.
 313  0.
 314  0.
 315  0.
 316  0.
 317  0.
 318  0.
 319  0.
 320  0.
 321  0.
 322  0.
 323  0.
 324  0.
 325  0.
 326  0.
 327  0.
 328  0.
 329  0.
 330  0.
 331  0.
 332  0.
 333  0.
 334  0.
 335  0.
 336  0.
 337  0.
 338  0.
 339  0.
 340  0.
 341  0.
 342  0.
 343  0.
 344  0.
 345  0.
 346  0.
 347  0.
 348  0.
 349  0.
 350  0.
 351  0.
 352  0.
 353  0.
 354  0.
 355  0.
 356  0.
 357  0.
 358  0.
 359  0.
 360  0.
 361  0.
 362  0.
 363  0.
 364  0.
 365  0.
 366  0.
 367  0.
 368  0.
 369  0.
 370  0.
 371  0.
 372  0.
 373  0.
 374  0.
 375  0.
 376  0.
 377  0.
 378  0.
 379  0.
 380  0.
 381  0.
 382  0.
 383  0.
 384  0.
 385  0.
 386  0.
 387  0.
 388  0.
 389  0.
 390  0.
 391  0.
 392  0.
 393  0.
 394  0.
 395  0.
 396  0.
 397  0.
 398  0.
 399  0.
 400  0.
 401  0.
 402  0.
 403  0.
 404  0.
 405  0.
 406  0.
 407  0.
 408  0.
 409  0.
 410  0.
 411  0.
 412  0.
 413  0.
 414  0.
 415  0.
 416  0.
 417  0.
 418  0.
 419  0.
 420  0.
 421  0.
 422  0.
 423  0.
 424  0.
 425  0.
 426  0.
 427  0.
 428  0.
 429  0.
 430  0.
 431  0.
 432  0.
 433  0.
 434  0.
 435  0.
 436  0.
 437  0.
 438  0.
 439  0.
 440  0.
 441  0.
 442  0.
 443  0.
 444  0.
 445  0.
 446  0.
 447  0.
 448  0.
 449  0.
 450  0.
 451  0.
 452  0.
 453  0.
 454  0.
 455  0.
 456  0.
 457  0.
 458  0.
 459  0.
 460  0.
 461  0.
 462  0.
 463  0.
 464  0.
 465  0.
 466  0.
 467  0.
 468  0.
 469  0.
 470  0.
 471  0.
 472  0.
 473  0.
 474  0.
 475  0.
 476  0.
 477  0.
 478  0.
 479  0.
 480  0.
 481  0.
 482  0.
 483  0.
 484  0.
 485  0.
 486  0.
 487  0.
 488  0.
 489  0.
 490  0.
 491  0.
 492  0.
 493  0.
 494  0.
 495  0.
 496  0.
 497  0.
 498  0.
 499  0.
 500  0.

 1  0.
 2  0.
 3  0.
 4  0.
 5  0.
 6  0.
 7  0.
 8  0.
 9  0.
 10  0.
 11  0.
 12  0.
 13  0.
 14  0.
 15  0.
 16  0.
 17  0.
 18  0.
 19  0.
 20  0.
 21  0.
 22  0.
 23  0.
 24  0.
 25  0.
 26  0.
 27  0.
 28  0.
 29  0.
 30  0.
 31  0.
 32  0.
 33  0.
 34  0.
 35  0.
 36  0.
 37  0.
 38  0.
 39  0.
 40  0.
 41  0.
 42  0.
 43  0.
 44  0.
 45  0.
 46  0.
 47  0.
 48  0.
 49  0.
 50  0.
 51  0.
 52  0.
 53  0.
 54  0.
 55  0.
 56  0.
 57  0.
 58  0.
 59  0.
 60  0.
 61  0.
 62  0.
 63  0.
 64  0.
 65  0.
 66  0.
 67  0.
 68  0.
 69  0.
 70  0.
 71  0.
 72  0.
 73  0.
 74  0.
 75  0.
 76  0.
 77  0.
 78  0.
 79  0.
 80  0.
 81  0.
 82  0.
 83  0.
 84  0.
 85  0.
 86  0.
 87  0.
 88  0.
 89  0.
 90  0.
 91  0.
 92  0.
 93  0.
 94  0.
 95  0.
 96  0.
 97  0.
 98  0.
 99  0.
 100  0.
 101  0.
 102  0.
 103  0.
 104  0.
 105  0.
 106  0.
 107  0.
 108  0.
 109  0.
 110  0.
 111  0.
 112  0.
 113  0.
 114  0.
 115  0.
 116  0.
 117  0.
 118  0.
 119  0.
 120  0.
 121  0.
 122  0.
 123  0.
 124  0.
 125  0.
 126  0.
 127  0.
 128  0.
 129  0.
 130  0.
 131  0.
 132  0.
 133  0.
 134  0.
 135  0.
 136  0.
 137  0.
 138  0.
 139  0.
 140  0.
 141  0.
 142  0.
 143  0.
 144  0.
 145  0.
 146  0.
 147  0.
 148  0.
 149  0.
 150  0.
 151  0.
 152  0.
 153  0.
 154  0.
 155  0.
 156  0.
 157  0.
 158  0.
 159  0.
 160  0.
 161  0.
 162  0.
 163  0.
 164  0.
 165  0.
 166  0.
 167  0.
 168  0.
 169  0.
 170  0.
 171  0.
 172  0.
 173  0.
 174  0.
 175  0.
 176  0.
 177  0.
 178  0.
 179  0.
 180  0.
 181  0.
 182  0.
 183  0.
 184  0.
 185  0.
 186  0.
 187  0.
 188  0.
 189  0.
 190  0.
 191  0.
 192  0.
 193  0.
 194  0.
 195  0.
 196  0.
 197  0.
 198  0.
 199  0.
 200  0.
 201  0.
 202  0.
 203  0.
 204  0.
 205  0.
 206  0.
 207  0.
 208  0.
 209  0.
 210  0.
 211  0.
 212  0.
 213  0.
 214  0.
 215  0.
 216  0.
 217  0.
 218  0.
 219  0.
 220  0.
 221  0.
 222  0.
 223  0.
 224  0.
 225  0.
 226  0.
 227  0.
 228  0.
 229  0.
 230  0.
 231  0.
 232  0.
 233  0.
 234  0.
 235  0.
 236  0.
 237  0.
 238  0.
 239  0.
 240  0.
 241  0.
 242  0.
 243  0.
 244  0.
 245  0.
 246  0.
 247  0.
 248  0.
 249  0.
 250  0.
 251  0.
 252  0.
 253  0.
 254  0.
 255  0.
 256  0.
 257  0.
 258  0.
 259  0.
 260  0.
 261  0.
 262  0.
 263  0.
 264  0.
 265  0.
 266  0.
 267  0.
 268  0.
 269  0.
 270  0.
 271  0.
 272  0.
 273  0.
 274  0.
 275  0.
 276  0.
 277  0.
 278  0.
 279  0.
 280  0.
 281  0.
 282  0.
 283  0.
 284  0.
 285  0.
 286  0.
 287  0.
 288  0.
 289  0.
 290  0.
 291  0.
 292  0.
 293  0.
 294  0.
 295  0.
 296  0.
 297  0.
 298  0.
 299  0.
 300  0.
 301  0.
 302  0.
 303  0.
 304  0.
 305  0.
 306  0.
 307  0.
 308  0.
 309  0.
 310  0.
 311  0.
 312  0.
 313  0.
 314  0.
 315  0.
 316  0.
 317  0.
 318  0.
 319  0.
 320  0.
 321  0.
 322  0.
 323  0.
 324  0.
 325  0.
 326  0.
 327  0.
 328  0.
 329  0.
 330  0.
 331  0.
 332  0.
 333  0.
 334  0.
 335  0.
 336  0.
 337  0.
 338  0.
 339  0.
 340  0.
 341  0.
 342  0.
 343  0.
 344  0.
 345  0.
 346  0.
 347  0.
 348  0.
 349  0.
 350  0.
 351  0.
 352  0.
 353  0.
 354  0.
 355  0.
 356  0.
 357  0.
 358  0.
 359  0.
 360  0.
 361  0.
 362  0.
 363  0.
 364  0.
 365  0.
 366  0.
 367  0.
 368  0.
 369  0.
 370  0.
 371  0.
 372  0.
 373  0.
 374  0.
 375  0.
 376  0.
 377  0.
 378  0.
 379  0.
 380  0.
 381  0.
 382  0.
 383  0.
 384  0.
 385  0.
 386  0.
 387  0.
 388  0.
 389  0.
 390  0.
 391  0.
 392  0.
 393  0.
 394  0.
 395  0.
 396  0.
 397  0.
 398  0.
 399  0.
 400  0.
 401  0.
 402  0.
 403  0.
 404  0.
 405  0.
 406  0.
 407  0.
 408  0.
 409  0.
 410  0.
 411  0.
 412  0.
 413  0.
 414  0.
 415  0.
 416  0.
 417  0.
 418  0.
 419  0.
 420  0.
 421  0.
 422  0.
 423  0.
 424  0.
 425  0.
 426  0.
 427  0.
 428  0.
 429  0.
 430  0.
 431  0.
 432  0.
 433  0.
 434  0.
 435  0.
 436  0.
 437  0.
 438  0.
 439  0.
 440  0.
 441  0.
 442  0.
 443  0.
 444  0.
 445  0.
 446  0.
 447  0.
 448  0.
 449  0.
 450  0.
 451  0.
 452  0.
 453  0.
 454  0.
 455  0.
 456  0.
 457  0.
 458  0.
 459  0.
 460  0.
 461  0.
 462  0.
 463  0.
 464  0.
 465  0.
 466  0.
 467  0.
 468  0.
 469  0.
 470  0.
 471  0.
 472  0.
 473  0.
 474  0.
 475  0.
 476  0.
 477  0.
 478  0.
 479  0.
 480  0.
 481  0.
 482  0.
 483  0.
 484  0.
 485  0.
 486  0.
 487  0.
 488  0.
 489  0.
 490  0.
 491  0.
 492  0.
 493  0.
 494  0.
 495  0.
 496  0.
 497  0.
 498  0.
 499  0.
 500  0.

 1  0.
 2  0.
 3  0.
 4  0.
 5  0.
 6  0.
 7  0.
 8  0.
 9  0.
 10  0.
 11  0.
 12  0.
 13  0.
 14  0.
 15  0.
 16  0.
 17  0.
 18  0.
 19  0.
 20  0.
 21  0.
 22  0.
 23  0.
 24  0.
 25  0.
 26  0.
 27  0.
 28  0.
 29  0.
 30  0.
 31  0.
 32  0.
 33  0.
 34  0.
 35  0.
 36  0.
 37  0.
 38  0.
 39  0.
 40  0.
 41  0.
 42  0.
 43  0.
 44  0.
 45  0.
 46  0.
 47  0.
 48  0.
 49  0.
 50  0.
 51  0.
 52  0.
 53  0.
 54  0.
 55  0.
 56  0.
 57  0.
 58  0.
 59  0.
 60  0.
 61  0.
 62  0.
 63  0.
 64  0.
 65  0.
 66  0.
 67  0.
 68  0.
 69  0.
 70  0.
 71  0.
 72  0.
 73  0.
 74  0.
 75  0.
 76  0.
 77  0.
 78  0.
 79  0.
 80  0.
 81  0.
 82  0.
 83  0.
 84  0.
 85  0.
 86  0.
 87  0.
 88  0.
 89  0.
 90  0.
 91  0.
 92  0.
 93  0.
 94  0.
 95  0.
 96  0.
 97  0.
 98  0.
 99  0.
 100  0.
 101  0.
 102  0.
 103  0.
 104  0.
 105  0.
 106  0.
 107  0.
 108  0.
 109  0.
 110  0.
 111  0.
 112  0.
 113  0.
 114  0.
 115  0.
 116  0.
 117  0.
 118  0.
 119  0.
 120  0.
 121  0.
 122  0.
 123  0.
 124  0.
 125  0.
 126  0.
 127  0.
 128  0.
 129  0.
 130  0.
 131  0.
 132  0.
 133  0.
 134  0.
 135  0.
 136  0.
 137  0.
 138  0.
 139  0.
 140  0.
 141  0.
 142  0.
 143  0.
 144  0.
 145  0.
 146  0.
 147  0.
 148  0.
 149  0.
 150  0.
 151  0.
 152  0.
 153  0.
 154  0.
 155  0.
 156  0.
 157  0.
 158  0.
 159  0.
 160  0.
 161  0.
 162  0.
 163  0.
 164  0.
 165  0.
 166  0.
 167  0.
 168  0.
 169  0.
 170  0.
 171  0.
 172  0.
 173  0.
 174  0.
 175  0.
 176  0.
 177  0.
 178  0.
 179  0.
 180  0.
 181  0.
 182  0.
 183  0.
 184  0.
 185  0.
 186  0.
 187  0.
 188  0.
 189  0.
 190  0.
 191  0.
 192  0.
 193  0.
 194  0.
 195  0.
 196  0.
 197  0.
 198  0.
 199  0.
 200  0.
 201  0.
 202  0.
 203  0.
 204  0.
 205  0.
 206  0.
 207  0.
 208  0.
 209  0.
 210  0.
 211  0.
 212  0.
 213  0.
 214  0.
 215  0.
 216  0.
 217  0.
 218  0.
 219  0.
 220  0.
 221  0.
 222  0.
 223  0.
 224  0.
 225  0.
 226  0.
 227  0.
 228  0.
 229  0.
 230  0.
 231  0.
 232  0.
 233  0.
 234  0.
 235  0.
 236  0.
 237  0.
 238  0.
 239  0.
 240  0.
 241  0.
 242  0.
 243  0.
 244  0.
 245  0.
 246  0.
 247  0.
 248  0.
 249  0.
 250  0.
 251  0.
 252  0.
 253  0.
 254  0.
 255  0.
 256  0.
 257  0.
 258  0.
 259  0.
 260  0.
 261  0.
 262  0.
 263  0.
 264  0.
 265  0.
 266  0.
 267  0.
 268  0.
 269  0.
 270  0.
 271  0.
 272  0.
 273  0.
 274  0.
 275  0.
 276  0.
 277  0.
 278  0.
 279  0.
 280  0.
 281  0.
 282  0.
 283  0.
 284  0.
 285  0.
 286  0.
 287  0.
 288  0.
 289  0.
 290  0.
 291  0.
 292  0.
 293  0.
 294  0.
 295  0.
 296  0.
 297  0.
 298  0.
 299  0.
 300  0.
 301  0.
 302  0.
 303  0.
 304  0.
 305  0.
 306  0.
 307  0.
 308  0.
 309  0.
 310  0.
 311  0.
 312  0.
 313  0.
 314  0.
 315  0.
 316  0.
 317  0.
 318  0.
 319  0.
 320  0.
 321  0.
 322  0.
 323  0.
 324  0.
 325  0.
 326  0.
 327  0.
 328  0.
 329  0.
 330  0.
 331  0.
 332  0.
 333  0.
 334  0.
 335  0.
 336  0.
 337  0.
 338  0.
 339  0.
 340  0.
 341  0.
 342  0.
 343  0.
 344  0.
 345  0.
 346  0.
 347  0.
 348  0.
 349  0.
 350  0.
 351  0.
 352  0.
 353  0.
 354  0.
 355  0.
 356  0.
 357  0.
 358  0.
 359  0.
 360  0.
 361  0.
 362  0.
 363  0.
 364  0.
 365  0.
 366  0.
 367  0.
 368  0.
 369  0.
 370  0.
 371  0.
 372  0.
 373  0.
 374  0.
 375  0.
 376  0.
 377  0.
 378  0.
 379  0.
 380  0.
 381  0.
 382  0.
 383  0.
 384  0.
 385  0.
 386  0.
 387  0.
 388  0.
 389  0.
 390  0.
 391  0.
 392  0.
 393  0.
 394  0.
 395  0.
 396  0.
 397  0.
 398  0.
 399  0.
 400  0.
 401  0.
 402  0.
 403  0.
 404  0.
 405  0.
 406  0.
 407  0.
 408  0.
 409  0.
 410  0.
 411  0.
 412  0.
 413  0.
 414  0.
 415  0.
 416  0.
 417  0.
 418  0.
 419  0.
 420  0.
 421  0.
 422  0.
 423  0.
 424  0.
 425  0.
 426  0.
 427  0.
 428  0.
 429  0.
 430  0.
 431  0.
 432  0.
 433  0.
 434  0.
 435  0.
 436  0.
 437  0.
 438  0.
 439  0.
 440  0.
 441  0.
 442  0.
 443  0.
 444  0.
 445  0.
 446  0.
 447  0.
 448  0.
 449  0.
 450  0.
 451  0.
 452  0.
 453  0.
 454  0.
 455  0.
 456  0.
 457  0.
 458  0.
 459  0.
 460  0.
 461  0.
 462  0.
 463  0.
 464  0.
 465  0.
 466  0.
 467  0.
 468  0.
 469  0.
 470  0.
 471  0.
 472  0.
 473  0.
 474  0.
 475  0.
 476  0.
 477  0.
 478  0.
 479  0.
 480  0.
 481  0.
 482  0.
 483  0.
 484  0.
 485  0.
 486  0.
 487  0.
 488  0.
 489  0.
 490  0.
 491  0.
 492  0.
 493  0.
 494  0.
 495  0.
 496  0.
 497  0.
 498  0.
 499  0.
 500  0.

 1  0.
 2  0.
 3  0.
 4  0.
 5  0.
 6  0.
 7  0.
 8  0.
 9  0.
 10  0.
 11  0.
 12  0.
 13  0.
 14  0.
 15  0.
 16  0.
 17  0.
 18  0.
 19  0.
 20  0.
 21  0.
 22  0.
 23  0.
 24  0.
 25  0.
 26  0.
 27  0.
 28  0.
 29  0.
 30  0.
 31  0.
 32  0.
 33  0.
 34  0.
 35  0.
 36  0.
 37  0.
 38  0.
 39  0.
 40  0.
 41  0.
 42  0.
 43  0.
 44  0.
 45  0.
 46  0.
 47  0.
 48  0.
 49  0.
 50  0.
 51  0.
 52  0.
 53  0.
 54  0.
 55  0.
 56  0.
 57  0.
 58  0.
 59  0.
 60  0.
 61  0.
 62  0.
 63  0.
 64  0.
 65  0.
 66  0.
 67  0.
 68  0.
 69  0.
 70  0.
 71  0.
 72  0.
 73  0.
 74  0.
 75  0.
 76  0.
 77  0.
 78  0.
 79  0.
 80  0.
 81  0.
 82  0.
 83  0.
 84  0.
 85  0.
 86  0.
 87  0.
 88  0.
 89  0.
 90  0.
 91  0.
 92  0.
 93  0.
 94  0.
 95  0.
 96  0.
 97  0.
 98  0.
 99  0.
 100  0.
 101  0.
 102  0.
 103  0.
 104  0.
 105  0.
 106  0.
 107  0.
 108  0.
 109  0.
 110  0.
 111  0.
 112  0.
 113  0.
 114  0.
 115  0.
 116  0.
 117  0.
 118  0.
 119  0.
 120  0.
 121  0.
 122  0.
 123  0.
 124  0.
 125  0.
 126  0.
 127  0.
 128  0.
 129  0.
 130  0.
 131  0.
 132  0.
 133  0.
 134  0.
 135  0.
 136  0.
 137  0.
 138  0.
 139  0.
 140  0.
 141  0.
 142  0.
 143  0.
 144  0.
 145  0.
 146  0.
 147  0.
 148  0.
 149  0.
 150  0.
 151  0.
 152  0.
 153  0.
 154  0.
 155  0.
 156  0.
 157  0.
 158  0.
 159  0.
 160  0.
 161  0.
 162  0.
 163  0.
 164  0.
 165  0.
 166  0.
 167  0.
 168  0.
 169  0.
 170  0.
 171  0.
 172  0.
 173  0.
 174  0.
 175  0.
 176  0.
 177  0.
 178  0.
 179  0.
 180  0.
 181  0.
 182  0.
 183  0.
 184  0.
 185  0.
 186  0.
 187  0.
 188  0.
 189  0.
 190  0.
 191  0.
 192  0.
 193  0.
 194  0.
 195  0.
 196  0.
 197  0.
 198  0.
 199  0.
 200  0.
 201  0.
 202  0.
 203  0.
 204  0.
 205  0.
 206  0.
 207  0.
 208  0.
 209  0.
 210  0.
 211  0.
 212  0.
 213  0.
 214  0.
 215  0.
 216  0.
 217  0.
 218  0.
 219  0.
 220  0.
 221  0.
 222  0.
 223  0.
 224  0.
 225  0.
 226  0.
 227  0.
 228  0.
 229  0.
 230  0.
 231  0.
 232  0.
 233  0.
 234  0.
 235  0.
 236  0.
 237  0.
 238  0.
 239  0.
 240  0.
 241  0.
 242  0.
 243  0.
 244  0.
 245  0.
 246  0.
 247  0.
 248  0.
 249  0.
 250  0.
 251  0.
 252  0.
 253  0.
 254  0.
 255  0.
 256  0.
 257  0.
 258  0.
 259  0.
 260  0.
 261  0.
 262  0.
 263  0.
 264  0.
 265  0.
 266  0.
 267  0.
 268  0.
 269  0.
 270  0.
 271  0.
 272  0.
 273  0.
 274  0.
 275  0.
 276  0.
 277  0.
 278  0.
 279  0.
 280  0.
 281  0.
 282  0.
 283  0.
 284  0.
 285  0.
 286  0.
 287  0.
 288  0.
 289  0.
 290  0.
 291  0.
 292  0.
 293  0.
 294  0.
 295  0.
 296  0.
 297  0.
 298  0.
 299  0.
 300  0.
 301  0.
 302  0.
 303  0.
 304  0.
 305  0.
 306  0.
 307  0.
 308  0.
 309  0.
 310  0.
 311  0.
 312  0.
 313  0.
 314  0.
 315  0.
 316  0.
 317  0.
 318  0.
 319  0.
 320  0.
 321  0.
 322  0.
 323  0.
 324  0.
 325  0.
 326  0.
 327  0.
 328  0.
 329  0.
 330  0.
 331  0.
 332  0.
 333  0.
 334  0.
 335  0.
 336  0.
 337  0.
 338  0.
 339  0.
 340  0.
 341  0.
 342  0.
 343  0.
 344  0.
 345  0.
 346  0.
 347  0.
 348  0.
 349  0.
 350  0.
 351  0.
 352  0.
 353  0.
 354  0.
 355  0.
 356  0.
 357  0.
 358  0.
 359  0.
 360  0.
 361  0.
 362  0.
 363  0.
 364  0.
 365  0.
 366  0.
 367  0.
 368  0.
 369  0.
 370  0.
 371  0.
 372  0.
 373  0.
 374  0.
 375  0.
 376  0.
 377  0.
 378  0.
 379  0.
 380  0.
 381  0.
 382  0.
 383  0.
 384  0.
 385  0.
 386  0.
 387  0.
 388  0.
 389  0.
 390  0.
 391  0.
 392  0.
 393  0.
 394  0.
 395  0.
 396  0.
 397  0.
 398  0.
 399  0.
 400  0.
 401  0.
 402  0.
 403  0.
 404  0.
 405  0.
 406  0.
 407  0.
 408  0.
 409  0.
 410  0.
 411  0.
 412  0.
 413  0.
 414  0.
 415  0.
 416  0.
 417  0.
 418  0.
 419  0.
 420  0.
 421  0.
 422  0.
 423  0.
 424  0.
 425  0.
 426  0.
 427  0.
 428  0.
 429  0.
 430  0.
 431  0.
 432  0.
 433  0.
 434  0.
 435  0.
 436  0.
 437  0.
 438  0.
 439  0.
 440  0.
 441  0.
 442  0.
 443  0.
 444  0.
 445  0.
 446  0.
 447  0.
 448  0.
 449  0.
 450  0.
 451  0.
 452  0.
 453  0.
 454  0.
 455  0.
 456  0.
 457  0.
 458  0.
 459  0.
 460  0.
 461  0.
 462  0.
 463  0.
 464  0.
 465  0.
 466  0.
 467  0.
 468  0.
 469  0.
 470  0.
 471  0.
 472  0.
 473  0.
 474  0.
 475  0.
 476  0.
 477  0.
 478  0.
 479  0.
 480  0.
 481  0.
 482  0.
 483  0.
 484  0.
 485  0.
 486  0.
 487  0.
 488  0.
 489  0.
 490  0.
 491  0.
 492  0.
 493  0.
 494  0.
 495  0.
 496  0.
 497  0.
 498  0.
 499  0.
 500  0.

 1  0.
 2  0.
 3  0.
 4  0.
 5  0.
 6  0.
 7  0.
 8  0.
 9  0.
 10  0.
 11  0.
 12  0.
 13  0.
 14  0.
 15  0.
 16  0.
 17  0.
 18  0.
 19  0.
 20  0.
 21  0.
 22  0.
 23  0.
 24  0.
 25  0.
 26  0.
 27  0.
 28  0.
 29  0.
 30  0.
 31  0.
 32  0.
 33  0.
 34  0.
 35  0.
 36  0.
 37  0.
 38  0.
 39  0.
 40  0.
 41  0.
 42  0.
 43  0.
 44  0.
 45  0.
 46  0.
 47  0.
 48  0.
 49  0.
 50  0.
 51  0.
 52  0.
 53  0.
 54  0.
 55  0.
 56  0.
 57  0.
 58  0.
 59  0.
 60  0.
 61  0.
 62  0.
 63  0.
 64  0.
 65  0.
 66  0.
 67  0.
 68  0.
 69  0.
 70  0.
 71  0.
 72  0.
 73  0.
 74  0.
 75  0.
 76  0.
 77  0.
 78  0.
 79  0.
 80  0.
 81  0.
 82  0.
 83  0.
 84  0.
 85  0.
 86  0.
 87  0.
 88  0.
 89  0.
 90  0.
 91  0.
 92  0.
 93  0.
 94  0.
 95  0.
 96  0.
 97  0.
 98  0.
 99  0.
 100  0.
 101  0.
 102  0.
 103  0.
 104  0.
 105  0.
 106  0.
 107  0.
 108  0.
 109  0.
 110  0.
 111  0.
 112  0.
 113  0.
 114  0.
 115  0.
 116  0.
 117  0.
 118  0.
 119  0.
 120  0.
 121  0.
 122  0.
 123  0.
 124  0.
 125  0.
 126  0.
 127  0.
 128  0.
 129  0.
 130  0.
 131  0.
 132  0.
 133  0.
 134  0.
 135  0.
 136  0.
 137  0.
 138  0.
 139  0.
 140  0.
 141  0.
 142  0.
 143  0.
 144  0.
 145  0.
 146  0.
 147  0.
 148  0.
 149  0.
 150  0.
 151  0.
 152  0.
 153  0.
 154  0.
 155  0.
 156  0.
 157  0.
 158  0.
 159  0.
 160  0.
 161  0.
 162  0.
 163  0.
 164  0.
 165  0.
 166  0.
 167  0.
 168  0.
 169  0.
 170  0.
 171  0.
 172  0.
 173  0.
 174  0.
 175  0.
 176  0.
 177  0.
 178  0.
 179  0.
 180  0.
 181  0.
 182  0.
 183  0.
 184  0.
 185  0.
 186  0.
 187  0.
 188  0.
 189  0.
 190  0.
 191  0.
 192  0.
 193  0.
 194  0.
 195  0.
 196  0.
 197  0.
 198  0.
 199  0.
 200  0.
 201  0.
 202  0.
 203  0.
 204  0.
 205  0.
 206  0.
 207  0.
 208  0.
 209  0.
 210  0.
 211  0.
 212  0.
 213  0.
 214  0.
 215  0.
 216  0.
 217  0.
 218  0.
 219  0.
 220  0.
 221  0.
 222  0.
 223  0.
 224  0.
 225  0.
 226  0.
 227  0.
 228  0.
 229  0.
 230  0.
 231  0.
 232  0.
 233  0.
 234  0.
 235  0.
 236  0.
 237  0.
 238  0.
 239  0.
 240  0.
 241  0.
 242  0.
 243  0.
 244  0.
 245  0.
 246  0.
 247  0.
 248  0.
 249  0.
 250  0.
 251  0.
 252  0.
 253  0.
 254  0.
 255  0.
 256  0.
 257  0.
 258  0.
 259  0.
 260  0.
 261  0.
 262  0.
 263  0.
 264  0.
 265  0.
 266  0.
 267  0.
 268  0.
 269  0.
 270  0.
 271  0.
 272  0.
 273  0.
 274  0.
 275  0.
 276  0.
 277  0.
 278  0.
 279  0.
 280  0.
 281  0.
 282  0.
 283  0.
 284  0.
 285  0.
 286  0.
 287  0.
 288  0.
 289  0.
 290  0.
 291  0.
 292  0.
 293  0.
 294  0.
 295  0.
 296  0.
 297  0.
 298  0.
 299  0.
 300  0.
 301  0.
 302  0.
 303  0.
 304  0.
 305  0.
 306  0.
 307  0.
 308  0.
 309  0.
 310  0.
 311  0.
 312  0.
 313  0.
 314  0.
 315  0.
 316  0.
 317  0.
 318  0.
 319  0.
 320  0.
 321  0.
 322  0.
 323  0.
 324  0.
 325  0.
 326  0.
 327  0.
 328  0.
 329  0.
 330  0.
 331  0.
 332  0.
 333  0.
 334  0.
 335  0.
 336  0.
 337  0.
 338  0.
 339  0.
 340  0.
 341  0.
 342  0.
 343  0.
 344  0.
 345  0.
 346  0.
 347  0.
 348  0.
 349  0.
 350  0.
 351  0.
 352  0.
 353  0.
 354  0.
 355  0.
 356  0.
 357  0.
 358  0.
 359  0.
 360  0.
 361  0.
 362  0.
 363  0.
 364  0.
 365  0.
 366  0.
 367  0.
 368  0.
 369  0.
 370  0.
 371  0.
 372  0.
 373  0.
 374  0.
 375  0.
 376  0.
 377  0.
 378  0.
 379  0.
 380  0.
 381  0.
 382  0.
 383  0.
 384  0.
 385  0.
 386  0.
 387  0.
 388  0.
 389  0.
 390  0.
 391  0.
 392  0.
 393  0.
 394  0.
 395  0.
 396  0.
 397  0.
 398  0.
 399  0.
 400  0.
 401  0.
 402  0.
 403  0.
 404  0.
 405  0.
 406  0.
 407  0.
 408  0.
 409  0.
 410  0.
 411  0.
 412  0.
 413  0.
 414  0.
 415  0.
 416  0.
 417  0.
 418  0.
 419  0.
 420  0.
 421  0.
 422  0.
 423  0.
 424  0.
 425  0.
 426  0.
 427  0.
 428  0.
 429  0.
 430  0.
 431  0.
 432  0.
 433  0.
 434  0.
 435  0.
 436  0.
 437  0.
 438  0.
 439  0.
 440  0.
 441  0.
 442  0.
 443  0.
 444  0.
 445  0.
 446  0.
 447  0.
 448  0.
 449  0.
 450  0.
 451  0.
 452  0.
 453  0.
 454  0.
 455  0.
 456  0.
 457  0.
 458  0.
 459  0.
 460  0.
 461  0.
 462  0.
 463  0.
 464  0.
 465  0.
 466  0.
 467  0.
 468  0.
 469  0.
 470  0.
 471  0.
 472  0.
 473  0.
 474  0.
 475  0.
 476  0.
 477  0.
 478  0.
 479  0.
 480  0.
 481  0.
 482  0.
 483  0.
 484  0.
 485  0.
 486  0.
 487  0.
 488  0.
 489  0.
 490  0.
 491  0.
 492  0.
 493  0.
 494  0.
 495  0.
 496  0.
 497  0.
 498  0.
 499  0.
 500  0.

 1  0.
 2  0.
 3  0.
 4  0.
 5  0.
 6  0.
 7  0.
 8  0.
 9  0.
 10  0.
 11  0.
 12  0.
 13  0.
 14  0.
 15  0.
 16  0.
 17  0.
 18  0.
 19  0.
 20  0.
 21  0.
 22  0.
 23  0.
 24  0.
 25  0.
 26  0.
 27  0.
 28  0.
 29  0.
 30  0.
 31  0.
 32  0.
 33  0.
 34  0.
 35  0.
 36  0.
 37  0.
 38  0.
 39  0.
 40  0.
 41  0.
 42  0.
 43  0.
 44  0.
 45  0.
 46  0.
 47  0.
 48  0.
 49  0.
 50  0.
 51  0.
 52  0.
 53  0.
 54  0.
 55  0.
 56  0.
 57  0.
 58  0.
 59  0.
 60  0.
 61  0.
 62  0.
 63  0.
 64  0.
 65  0.
 66  0.
 67  0.
 68  0.
 69  0.
 70  0.
 71  0.
 72  0.
 73  0.
 74  0.
 75  0.
 76  0.
 77  0.
 78  0.
 79  0.
 80  0.
 81  0.
 82  0.
 83  0.
 84  0.
 85  0.
 86  0.
 87  0.
 88  0.
 89  0.
 90  0.
 91  0.
 92  0.
 93  0.
 94  0.
 95  0.
 96  0.
 97  0.
 98  0.
 99  0.
 100  0.
 101  0.
 102  0.
 103  0.
 104  0.
 105  0.
 106  0.
 107  0.
 108  0.
 109  0.
 110  0.
 111  0.
 112  0.
 113  0.
 114  0.
 115  0.
 116  0.
 117  0.
 118  0.
 119  0.
 120  0.
 121  0.
 122  0.
 123  0.
 124  0.
 125  0.
 126  0.
 127  0.
 128  0.
 129  0.
 130  0.
 131  0.
 132  0.
 133  0.
 134  0.
 135  0.
 136  0.
 137  0.
 138  0.
 139  0.
 140  0.
 141  0.
 142  0.
 143  0.
 144  0.
 145  0.
 146  0.
 147  0.
 148  0.
 149  0.
 150  0.
 151  0.
 152  0.
 153  0.
 154  0.
 155  0.
 156  0.
 157  0.
 158  0.
 159  0.
 160  0.
 161  0.
 162  0.
 163  0.
 164  0.
 165  0.
 166  0.
 167  0.
 168  0.
 169  0.
 170  0.
 171  0.
 172  0.
 173  0.
 174  0.
 175  0.
 176  0.
 177  0.
 178  0.
 179  0.
 180  0.
 181  0.
 182  0.
 183  0.
 184  0.
 185  0.
 186  0.
 187  0.
 188  0.
 189  0.
 190  0.
 191  0.
 192  0.
 193  0.
 194  0.
 195  0.
 196  0.
 197  0.
 198  0.
 199  0.
 200  0.
 201  0.
 202  0.
 203  0.
 204  0.
 205  0.
 206  0.
 207  0.
 208  0.
 209  0.
 210  0.
 211  0.
 212  0.
 213  0.
 214  0.
 215  0.
 216  0.
 217  0.
 218  0.
 219  0.
 220  0.
 221  0.
 222  0.
 223  0.
 224  0.
 225  0.
 226  0.
 227  0.
 228  0.
 229  0.
 230  0.
 231  0.
 232  0.
 233  0.
 234  0.
 235  0.
 236  0.
 237  0.
 238  0.
 239  0.
 240  0.
 241  0.
 242  0.
 243  0.
 244  0.
 245  0.
 246  0.
 247  0.
 248  0.
 249  0.
 250  0.
 251  0.
 252  0.
 253  0.
 254  0.
 255  0.
 256  0.
 257  0.
 258  0.
 259  0.
 260  0.
 261  0.
 262  0.
 263  0.
 264  0.
 265  0.
 266  0.
 267  0.
 268  0.
 269  0.
 270  0.
 271  0.
 272  0.
 273  0.
 274  0.
 275  0.
 276  0.
 277  0.
 278  0.
 279  0.
 280  0.
 281  0.
 282  0.
 283  0.
 284  0.
 285  0.
 286  0.
 287  0.
 288  0.
 289  0.
 290  0.
 291  0.
 292  0.
 293  0.
 294  0.
 295  0.
 296  0.
 297  0.
 298  0.
 299  0.
 300  0.
 301  0.
 302  0.
 303  0.
 304  0.
 305  0.
 306  0.
 307  0.
 308  0.
 309  0.
 310  0.
 311  0.
 312  0.
 313  0.
 314  0.
 315  0.
 316  0.
 317  0.
 318  0.
 319  0.
 320  0.
 321  0.
 322  0.
 323  0.
 324  0.
 325  0.
 326  0.
 327  0.
 328  0.
 329  0.
 330  0.
 331  0.
 332  0.
 333  0.
 334  0.
 335  0.
 336  0.
 337  0.
 338  0.
 339  0.
 340  0.
 341  0.
 342  0.
 343  0.
 344  0.
 345  0.
 346  0.
 347  0.
 348  0.
 349  0.
 350  0.
 351  0.
 352  0.
 353  0.
 354  0.
 355  0.
 356  0.
 357  0.
 358  0.
 359  0.
 360  0.
 361  0.
 362  0.
 363  0.
 364  0.
 365  0.
 366  0.
 367  0.
 368  0.
 369  0.
 370  0.
 371  0.
 372  0.
 373  0.
 374  0.
 375  0.
 376  0.
 377  0.
 378  0.
 379  0.
 380  0.
 381  0.
 382  0.
 383  0.
 384  0.
 385  0.
 386  0.
 387  0.
 388  0.
 389  0.
 390  0.
 391  0.
 392  0.
 393  0.
 394  0.
 395  0.
 396  0.
 397  0.
 398  0.
 399  0.
 400  0.
 401  0.
 402  0.
 403  0.
 404  0.
 405  0.
 406  0.
 407  0.
 408  0.
 409  0.
 410  0.
 411  0.
 412  0.
 413  0.
 414  0.
 415  0.
 416  0.
 417  0.
 418  0.
 419  0.
 420  0.
 421  0.
 422  0.
 423  0.
 424  0.
 425  0.
 426  0.
 427  0.
 428  0.
 429  0.
 430  0.
 431  0.
 432  0.
 433  0.
 434  0.
 435  0.
 436  0.
 437  0.
 438  0.
 439  0.
 440  0.
 441  0.
 442  0.
 443  0.
 444  0.
 445  0.
 446  0.
 447  0.
 448  0.
 449  0.
 450  0.
 451  0.
 452  0.
 453  0.
 454  0.
 455  0.
 456  0.
 457  0.
 458  0.
 459  0.
 460  0.
 461  0.
 462  0.
 463  0.
 464  0.
 465  0.
 466  0.
 467  0.
 468  0.
 469  0.
 470  0.
 471  0.
 472  0.
 473  0.
 474  0.
 475  0.
 476  0.
 477  0.
 478  0.
 479  0.
 480  0.
 481  0.
 482  0.
 483  0.
 484  0.
 485  0.
 486  0.
 487  0.
 488  0.
 489  0.
 490  0.
 491  0.
 492  0.
 493  0.
 494  0.
 495  0.
 496  0.
 497  0.
 498  0.
 499  0.
 500  0.

 1  0.
 2  0.
 3  0.
 4  0.
 5  0.
 6  0.
 7  0.
 8  0.
 9  0.
 10  0.
 11  0.
 12  0.
 13  0.
 14  0.
 15  0.
 16  0.
 17  0.
 18  0.
 19  0.
 20  0.
 21  0.
 22  0.
 23  0.
 24  0.
 25  0.
 26  0.
 27  0.
 28  0.
 29  0.
 30  0.
 31  0.
 32  0.
 33  0.
 34  0.
 35  0.
 36  0.
 37  0.
 38  0.
 39  0.
 40  0.
 41  0.
 42  0.
 43  0.
 44  0.
 45  0.
 46  0.
 47  0.
 48  0.
 49  0.
 50  0.
 51  0.
 52  0.
 53  0.
 54  0.
 55  0.
 56  0.
 57  0.
 58  0.
 59  0.
 60  0.
 61  0.
 62  0.
 63  0.
 64  0.
 65  0.
 66  0.
 67  0.
 68  0.
 69  0.
 70  0.
 71  0.
 72  0.
 73  0.
 74  0.
 75  0.
 76  0.
 77  0.
 78  0.
 79  0.
 80  0.
 81  0.
 82  0.
 83  0.
 84  0.
 85  0.
 86  0.
 87  0.
 88  0.
 89  0.
 90  0.
 91  0.
 92  0.
 93  0.
 94  0.
 95  0.
 96  0.
 97  0.
 98  0.
 99  0.
 100  0.
 101  0.
 102  0.
 103  0.
 104  0.
 105  0.
 106  0.
 107  0.
 108  0.
 109  0.
 110  0.
 111  0.
 112  0.
 113  0.
 114  0.
 115  0.
 116  0.
 117  0.
 118  0.
 119  0.
 120  0.
 121  0.
 122  0.
 123  0.
 124  0.
 125  0.
 126  0.
 127  0.
 128  0.
 129  0.
 130  0.
 131  0.
 132  0.
 133  0.
 134  0.
 135  0.
 136  0.
 137  0.
 138  0.
 139  0.
 140  0.
 141  0.
 142  0.
 143  0.
 144  0.
 145  0.
 146  0.
 147  0.
 148  0.
 149  0.
 150  0.
 151  0.
 152  0.
 153  0.
 154  0.
 155  0.
 156  0.
 157  0.
 158  0.
 159  0.
 160  0.
 161  0.
 162  0.
 163  0.
 164  0.
 165  0.
 166  0.
 167  0.
 168  0.
 169  0.
 170  0.
 171  0.
 172  0.
 173  0.
 174  0.
 175  0.
 176  0.
 177  0.
 178  0.
 179  0.
 180  0.
 181  0.
 182  0.
 183  0.
 184  0.
 185  0.
 186  0.
 187  0.
 188  0.
 189  0.
 190  0.
 191  0.
 192  0.
 193  0.
 194  0.
 195  0.
 196  0.
 197  0.
 198  0.
 199  0.
 200  0.
 201  0.
 202  0.
 203  0.
 204  0.
 205  0.
 206  0.
 207  0.
 208  0.
 209  0.
 210  0.
 211  0.
 212  0.
 213  0.
 214  0.
 215  0.
 216  0.
 217  0.
 218  0.
 219  0.
 220  0.
 221  0.
 222  0.
 223  0.
 224  0.
 225  0.
 226  0.
 227  0.
 228  0.
 229  0.
 230  0.
 231  0.
 232  0.
 233  0.
 234  0.
 235  0.
 236  0.
 237  0.
 238  0.
 239  0.
 240  0.
 241  0.
 242  0.
 243  0.
 244  0.
 245  0.
 246  0.
 247  0.
 248  0.
 249  0.
 250  0.
 251  0.
 252  0.
 253  0.
 254  0.
 255  0.
 256  0.
 257  0.
 258  0.
 259  0.
 260  0.
 261  0.
 262  0.
 263  0.
 264  0.
 265  0.
 266  0.
 267  0.
 268  0.
 269  0.
 270  0.
 271  0.
 272  0.
 273  0.
 274  0.
 275  0.
 276  0.
 277  0.
 278  0.
 279  0.
 280  0.
 281  0.
 282  0.
 283  0.
 284  0.
 285  0.
 286  0.
 287  0.
 288  0.
 289  0.
 290  0.
 291  0.
 292  0.
 293  0.
 294  0.
 295  0.
 296  0.
 297  0.
 298  0.
 299  0.
 300  0.
 301  0.
 302  0.
 303  0.
 304  0.
 305  0.
 306  0.
 307  0.
 308  0.
 309  0.
 310  0.
 311  0.
 312  0.
 313  0.
 314  0.
 315  0.
 316  0.
 317  0.
 318  0.
 319  0.
 320  0.
 321  0.
 322  0.
 323  0.
 324  0.
 325  0.
 326  0.
 327  0.
 328  0.
 329  0.
 330  0.
 331  0.
 332  0.
 333  0.
 334  0.
 335  0.
 336  0.
 337  0.
 338  0.
 339  0.
 340  0.
 341  0.
 342  0.
 343  0.
 344  0.
 345  0.
 346  0.
 347  0.
 348  0.
 349  0.
 350  0.
 351  0.
 352  0.
 353  0.
 354  0.
 355  0.
 356  0.
 357  0.
 358  0.
 359  0.
 360  0.
 361  0.
 362  0.
 363  0.
 364  0.
 365  0.
 366  0.
 367  0.
 368  0.
 369  0.
 370  0.
 371  0.
 372  0.
 373  0.
 374  0.
 375  0.
 376  0.
 377  0.
 378  0.
 379  0.
 380  0.
 381  0.
 382  0.
 383  0.
 384  0.
 385  0.
 386  0.
 387  0.
 388  0.
 389  0.
 390  0.
 391  0.
 392  0.
 393  0.
 394  0.
 395  0.
 396  0.
 397  0.
 398  0.
 399  0.
 400  0.
 401  0.
 402  0.
 403  0.
 404  0.
 405  0.
 406  0.
 407  0.
 408  0.
 409  0.
 410  0.
 411  0.
 412  0.
 413  0.
 414  0.
 415  0.
 416  0.
 417  0.
 418  0.
 419  0.
 420  0.
 421  0.
 422  0.
 423  0.
 424  0.
 425  0.
 426  0.
 427  0.
 428  0.
 429  0.
 430  0.
 431  0.
 432  0.
 433  0.
 434  0.
 435  0.
 436  0.
 437  0.
 438  0.
 439  0.
 440  0.
 441  0.
 442  0.
 443  0.
 444  0.
 445  0.
 446  0.
 447  0.
 448  0.
 449  0.
 450  0.
 451  0.
 452  0.
 453  0.
 454  0.
 455  0.
 456  0.
 457  0.
 458  0.
 459  0.
 460  0.
 461  0.
 462  0.
 463  0.
 464  0.
 465  0.
 466  0.
 467  0.
 468  0.
 469  0.
 470  0.
 471  0.
 472  0.
 473  0.
 474  0.
 475  0.
 476  0.
 477  0.
 478  0.
 479  0.
 480  0.
 481  0.
 482  0.
 483  0.
 484  0.
 485  0.
 486  0.
 487  0.
 488  0.
 489  0.
 490  0.
 491  0.
 492  0.
 493  0.
 494  0.
 495  0.
 496  0.
 497  0.
 498  0.
 499  0.
 500  0.

 1  0.
 2  0.
 3  0.
 4  0.
 5  0.
 6  0.
 7  0.
 8  0.
 9  0.
 10  0.
 11  0.
 12  0.
 13  0.
 14  0.
 15  0.
 16  0.
 17  0.
 18  0.
 19  0.
 20  0.
 21  0.
 22  0.
 23  0.
 24  0.
 25  0.
 26  0.
 27  0.
 28  0.
 29  0.
 30  0.
 31  0.
 32  0.
 33  0.
 34  0.
 35  0.
 36  0.
 37  0.
 38  0.
 39  0.
 40  0.
 41  0.
 42  0.
 43  0.
 44  0.
 45  0.
 46  0.
 47  0.
 48  0.
 49  0.
 50  0.
 51  0.
 52  0.
 53  0.
 54  0.
 55  0.
 56  0.
 57  0.
 58  0.
 59  0.
 60  0.
 61  0.
 62  0.
 63  0.
 64  0.
 65  0.
 66  0.
 67  0.
 68  0.
 69  0.
 70  0.
 71  0.
 72  0.
 73  0.
 74  0.
 75  0.
 76  0.
 77  0.
 78  0.
 79  0.
 80  0.
 81  0.
 82  0.
 83  0.
 84  0.
 85  0.
 86  0.
 87  0.
 88  0.
 89  0.
 90  0.
 91  0.
 92  0.
 93  0.
 94  0.
 95  0.
 96  0.
 97  0.
 98  0.
 99  0.
 100  0.
 101  0.
 102  0.
 103  0.
 104  0.
 105  0.
 106  0.
 107  0.
 108  0.
 109  0.
 110  0.
 111  0.
 112  0.
 113  0.
 114  0.
 115  0.
 116  0.
 117  0.
 118  0.
 119  0.
 120  0.
 121  0.
 122  0.
 123  0.
 124  0.
 125  0.
 126  0.
 127  0.
 128  0.
 129  0.
 130  0.
 131  0.
 132  0.
 133  0.
 134  0.
 135  0.
 136  0.
 137  0.
 138  0.
 139  0.
 140  0.
 141  0.
 142  0.
 143  0.
 144  0.
 145  0.
 146  0.
 147  0.
 148  0.
 149  0.
 150  0.
 151  0.
 152  0.
 153  0.
 154  0.
 155  0.
 156  0.
 157  0.
 158  0.
 159  0.
 160  0.
 161  0.
 162  0.
 163  0.
 164  0.
 165  0.
 166  0.
 167  0.
 168  0.
 169  0.
 170  0.
 171  0.
 172  0.
 173  0.
 174  0.
 175  0.
 176  0.
 177  0.
 178  0.
 179  0.
 180  0.
 181  0.
 182  0.
 183  0.
 184  0.
 185  0.
 186  0.
 187  0.
 188  0.
 189  0.
 190  0.
 191  0.
 192  0.
 193  0.
 194  0.
 195  0.
 196  0.
 197  0.
 198  0.
 199  0.
 200  0.
 201  0.
 202  0.
 203  0.
 204  0.
 205  0.
 206  0.
 207  0.
 208  0.
 209  0.
 210  0.
 211  0.
 212  0.
 213  0.
 214  0.
 215  0.
 216  0.
 217  0.
 218  0.
 219  0.
 220  0.
 221  0.
 222  0.
 223  0.
 224  0.
 225  0.
 226  0.
 227  0.
 228  0.
 229  0.
 230  0.
 231  0.
 232  0.
 233  0.
 234  0.
 235  0.
 236  0.
 237  0.
 238  0.
 239  0.
 240  0.
 241  0.
 242  0.
 243  0.
 244  0.
 245  0.
 246  0.
 247  0.
 248  0.
 249  0.
 250  0.
 251  0.
 252  0.
 253  0.
 254  0.
 255  0.
 256  0.
 257  0.
 258  0.
 259  0.
 260  0.
 261  0.
 262  0.
 263  0.
 264  0.
 265  0.
 266  0.
 267  0.
 268  0.
 269  0.
 270  0.
 271  0.
 272  0.
 273  0.
 274  0.
 275  0.
 276  0.
 277  0.
 278  0.
 279  0.
 280  0.
 281  0.
 282  0.
 283  0.
 284  0.
 285  0.
 286  0.
 287  0.
 288  0.
 289  0.
 290  0.
 291  0.
 292  0.
 293  0.
 294  0.
 295  0.
 296  0.
 297  0.
 298  0.
 299  0.
 300  0.
 301  0.
 302  0.
 303  0.
 304  0.
 305  0.
 306  0.
 307  0.
 308  0.
 309  0.
 310  0.
 311  0.
 312  0.
 313  0.
 314  0.
 315  0.
 316  0.
 317  0.
 318  0.
 319  0.
 320  0.
 321  0.
 322  0.
 323  0.
 324  0.
 325  0.
 326  0.
 327  0.
 328  0.
 329  0.
 330  0.
 331  0.
 332  0.
 333  0.
 334  0.
 335  0.
 336  0.
 337  0.
 338  0.
 339  0.
 340  0.
 341  0.
 342  0.
 343  0.
 344  0.
 345  0.
 346  0.
 347  0.
 348  0.
 349  0.
 350  0.
 351  0.
 352  0.
 353  0.
 354  0.
 355  0.
 356  0.
 357  0.
 358  0.
 359  0.
 360  0.
 361  0.
 362  0.
 363  0.
 364  0.
 365  0.
 366  0.
 367  0.
 368  0.
 369  0.
 370  0.
 371  0.
 372  0.
 373  0.
 374  0.
 375  0.
 376  0.
 377  0.
 378  0.
 379  0.
 380  0.
 381  0.
 382  0.
 383  0.
 384  0.
 385  0.
 386  0.
 387  0.
 388  0.
 389  0.
 390  0.
 391  0.
 392  0.
 393  0.
 394  0.
 395  0.
 396  0.
 397  0.
 398  0.
 399  0.
 400  0.
 401  0.
 402  0.
 403  0.
 404  0.
 405  0.
 406  0.
 407  0.
 408  0.
 409  0.
 410  0.
 411  0.
 412  0.
 413  0.
 414  0.
 415  0.
 416  0.
 417  0.
 418  0.
 419  0.
 420  0.
 421  0.
 422  0.
 423  0.
 424  0.
 425  0.
 426  0.
 427  0.
 428  0.
 429  0.
 430  0.
 431  0.
 432  0.
 433  0.
 434  0.
 435  0.
 436  0.
 437  0.
 438  0.
 439  0.
 440  0.
 441  0.
 442  0.
 443  0.
 444  0.
 445  0.
 446  0.
 447  0.
 448  0.
 449  0.
 450  0.
 451  0.
 452  0.
 453  0.
 454  0.
 455  0.
 456  0.
 457  0.
 458  0.
 459  0.
 460  0.
 461  0.
 462  0.
 463  0.
 464  0.
 465  0.
 466  0.
 467  0.
 468  0.
 469  0.
 470  0.
 471  0.
 472  0.
 473  0.
 474  0.
 475  0.
 476  0.
 477  0.
 478  0.
 479  0.
 480  0.
 481  0.
 482  0.
 483  0.
 484  0.
 485  0.
 486  0.
 487  0.
 488  0.
 489  0.
 490  0.
 491  0.
 492  0.
 493  0.
 494  0.
 495  0.
 496  0.
 497  0.
 498  0.
 499  0.
 500  0.

 1  0.
 2  0.
 3  0.
 4  0.
 5  0.
 6  0.
 7  0.
 8  0.
 9  0.
 10  0.
 11  0.
 12  0.
 13  0.
 14  0.
 15  0.
 16  0.
 17  0.
 18  0.
 19  0.
 20  0.
 21  0.
 22  0.
 23  0.
 24  0.
 25  0.
 26  0.
 27  0.
 28  0.
 29  0.
 30  0.
 31  0.
 32  0.
 33  0.
 34  0.
 35  0.
 36  0.
 37  0.
 38  0.
 39  0.
 40  0.
 41  0.
 42  0.
 43  0.
 44  0.
 45  0.
 46  0.
 47  0.
 48  0.
 49  0.
 50  0.
 51  0.
 52  0.
 53  0.
 54  0.
 55  0.
 56  0.
 57  0.
 58  0.
 59  0.
 60  0.
 61  0.
 62  0.
 63  0.
 64  0.
 65  0.
 66  0.
 67  0.
 68  0.
 69  0.
 70  0.
 71  0.
 72  0.
 73  0.
 74  0.
 75  0.
 76  0.
 77  0.
 78  0.
 79  0.
 80  0.
 81  0.
 82  0.
 83  0.
 84  0.
 85  0.
 86  0.
 87  0.
 88  0.
 89  0.
 90  0.
 91  0.
 92  0.
 93  0.
 94  0.
 95  0.
 96  0.
 97  0.
 98  0.
 99  0.
 100  0.
 101  0.
 102  0.
 103  0.
 104  0.
 105  0.
 106  0.
 107  0.
 108  0.
 109  0.
 110  0.
 111  0.
 112  0.
 113  0.
 114  0.
 115  0.
 116  0.
 117  0.
 118  0.
 119  0.
 120  0.
 121  0.
 122  0.
 123  0.
 124  0.
 125  0.
 126  0.
 127  0.
 128  0.
 129  0.
 130  0.
 131  0.
 132  0.
 133  0.
 134  0.
 135  0.
 136  0.
 137  0.
 138  0.
 139  0.
 140  0.
 141  0.
 142  0.
 143  0.
 144  0.
 145  0.
 146  0.
 147  0.
 148  0.
 149  0.
 150  0.
 151  0.
 152  0.
 153  0.
 154  0.
 155  0.
 156  0.
 157  0.
 158  0.
 159  0.
 160  0.
 161  0.
 162  0.
 163  0.
 164  0.
 165  0.
 166  0.
 167  0.
 168  0.
 169  0.
 170  0.
 171  0.
 172  0.
 173  0.
 174  0.
 175  0.
 176  0.
 177  0.
 178  0.
 179  0.
 180  0.
 181  0.
 182  0.
 183  0.
 184  0.
 185  0.
 186  0.
 187  0.
 188  0.
 189  0.
 190  0.
 191  0.
 192  0.
 193  0.
 194  0.
 195  0.
 196  0.
 197  0.
 198  0.
 199  0.
 200  0.
 201  0.
 202  0.
 203  0.
 204  0.
 205  0.
 206  0.
 207  0.
 208  0.
 209  0.
 210  0.
 211  0.
 212  0.
 213  0.
 214  0.
 215  0.
 216  0.
 217  0.
 218  0.
 219  0.
 220  0.
 221  0.
 222  0.
 223  0.
 224  0.
 225  0.
 226  0.
 227  0.
 228  0.
 229  0.
 230  0.
 231  0.
 232  0.
 233  0.
 234  0.
 235  0.
 236  0.
 237  0.
 238  0.
 239  0.
 240  0.
 241  0.
 242  0.
 243  0.
 244  0.
 245  0.
 246  0.
 247  0.
 248  0.
 249  0.
 250  0.
 251  0.
 252  0.
 253  0.
 254  0.
 255  0.
 256  0.
 257  0.
 258  0.
 259  0.
 260  0.
 261  0.
 262  0.
 263  0.
 264  0.
 265  0.
 266  0.
 267  0.
 268  0.
 269  0.
 270  0.
 271  0.
 272  0.
 273  0.
 274  0.
 275  0.
 276  0.
 277  0.
 278  0.
 279  0.
 280  0.
 281  0.
 282  0.
 283  0.
 284  0.
 285  0.
 286  0.
 287  0.
 288  0.
 289  0.
 290  0.
 291  0.
 292  0.
 293  0.
 294  0.
 295  0.
 296  0.
 297  0.
 298  0.
 299  0.
 300  0.
 301  0.
 302  0.
 303  0.
 304  0.
 305  0.
 306  0.
 307  0.
 308  0.
 309  0.
 310  0.
 311  0.
 312  0.
 313  0.
 314  0.
 315  0.
 316  0.
 317  0.
 318  0.
 319  0.
 320  0.
 321  0.
 322  0.
 323  0.
 324  0.
 325  0.
 326  0.
 327  0.
 328  0.
 329  0.
 330  0.
 331  0.
 332  0.
 333  0.
 334  0.
 335  0.
 336  0.
 337  0.
 338  0.
 339  0.
 340  0.
 341  0.
 342  0.
 343  0.
 344  0.
 345  0.
 346  0.
 347  0.
 348  0.
 349  0.
 350  0.
 351  0.
 352  0.
 353  0.
 354  0.
 355  0.
 356  0.
 357  0.
 358  0.
 359  0.
 360  0.
 361  0.
 362  0.
 363  0.
 364  0.
 365  0.
 366  0.
 367  0.
 368  0.
 369  0.
 370  0.
 371  0.
 372  0.
 373  0.
 374  0.
 375  0.
 376  0.
 377  0.
 378  0.
 379  0.
 380  0.
 381  0.
 382  0.
 383  0.
 384  0.
 385  0.
 386  0.
 387  0.
 388  0.
 389  0.
 390  0.
 391  0.
 392  0.
 393  0.
 394  0.
 395  0.
 396  0.
 397  0.
 398  0.
 399  0.
 400  0.
 401  0.
 402  0.
 403  0.
 404  0.
 405  0.
 406  0.
 407  0.
 408  0.
 409  0.
 410  0.
 411  0.
 412  0.
 413  0.
 414  0.
 415  0.
 416  0.
 417  0.
 418  0.
 419  0.
 420  0.
 421  0.
 422  0.
 423  0.
 424  0.
 425  0.
 426  0.
 427  0.
 428  0.
 429  0.
 430  0.
 431  0.
 432  0.
 433  0.
 434  0.
 435  0.
 436  0.
 437  0.
 438  0.
 439  0.
 440  0.
 441  0.
 442  0.
 443  0.
 444  0.
 445  0.
 446  0.
 447  0.
 448  0.
 449  0.
 450  0.
 451  0.
 452  0.
 453  0.
 454  0.
 455  0.
 456  0.
 457  0.
 458  0.
 459  0.
 460  0.
 461  0.
 462  0.
 463  0.
 464  0.
 465  0.
 466  0.
 467  0.
 468  0.
 469  0.
 470  0.
 471  0.
 472  0.
 473  0.
 474  0.
 475  0.
 476  0.
 477  0.
 478  0.
 479  0.
 480  0.
 481  0.
 482  0.
 483  0.
 484  0.
 485  0.
 486  0.
 487  0.
 488  0.
 489  0.
 490  0.
 491  0.
 492  0.
 493  0.
 494  0.
 495  0.
 496  0.
 497  0.
 498  0.
 499  0.
 500  0.

 1  0.
 2  0.
 3  0.
 4  0.
 5  0.
 6  0.
 7  0.
 8  0.
 9  0.
 10  0.
 11  0.
 12  0.
 13  0.
 14  0.
 15  0.
 16  0.
 17  0.
 18  0.
 19  0.
 20  0.
 21  0.
 22  0.
 23  0.
 24  0.
 25  0.
 26  0.
 27  0.
 28  0.
 29  0.
 30  0.
 31  0.
 32  0.
 33  0.
 34  0.
 35  0.
 36  0.
 37  0.
 38  0.
 39  0.
 40  0.
 41  0.
 42  0.
 43  0.
 44  0.
 45  0.
 46  0.
 47  0.
 48  0.
 49  0.
 50  0.
 51  0.
 52  0.
 53  0.
 54  0.
 55  0.
 56  0.
 57  0.
 58  0.
 59  0.
 60  0.
 61  0.
 62  0.
 63  0.
 64  0.
 65  0.
 66  0.
 67  0.
 68  0.
 69  0.
 70  0.
 71  0.
 72  0.
 73  0.
 74  0.
 75  0.
 76  0.
 77  0.
 78  0.
 79  0.
 80  0.
 81  0.
 82  0.
 83  0.
 84  0.
 85  0.
 86  0.
 87  0.
 88  0.
 89  0.
 90  0.
 91  0.
 92  0.
 93  0.
 94  0.
 95  0.
 96  0.
 97  0.
 98  0.
 99  0.
 100  0.
 101  0.
 102  0.
 103  0.
 104  0.
 105  0.
 106  0.
 107  0.
 108  0.
 109  0.
 110  0.
 111  0.
 112  0.
 113  0.
 114  0.
 115  0.
 116  0.
 117  0.
 118  0.
 119  0.
 120  0.
 121  0.
 122  0.
 123  0.
 124  0.
 125  0.
 126  0.
 127  0.
 128  0.
 129  0.
 130  0.
 131  0.
 132  0.
 133  0.
 134  0.
 135  0.
 136  0.
 137  0.
 138  0.
 139  0.
 140  0.
 141  0.
 142  0.
 143  0.
 144  0.
 145  0.
 146  0.
 147  0.
 148  0.
 149  0.
 150  0.
 151  0.
 152  0.
 153  0.
 154  0.
 155  0.
 156  0.
 157  0.
 158  0.
 159  0.
 160  0.
 161  0.
 162  0.
 163  0.
 164  0.
 165  0.
 166  0.
 167  0.
 168  0.
 169  0.
 170  0.
 171  0.
 172  0.
 173  0.
 174  0.
 175  0.
 176  0.
 177  0.
 178  0.
 179  0.
 180  0.
 181  0.
 182  0.
 183  0.
 184  0.
 185  0.
 186  0.
 187  0.
 188  0.
 189  0.
 190  0.
 191  0.
 192  0.
 193  0.
 194  0.
 195  0.
 196  0.
 197  0.
 198  0.
 199  0.
 200  0.
 201  0.
 202  0.
 203  0.
 204  0.
 205  0.
 206  0.
 207  0.
 208  0.
 209  0.
 210  0.
 211  0.
 212  0.
 213  0.
 214  0.
 215  0.
 216  0.
 217  0.
 218  0.
 219  0.
 220  0.
 221  0.
 222  0.
 223  0.
 224  0.
 225  0.
 226  0.
 227  0.
 228  0.
 229  0.
 230  0.
 231  0.
 232  0.
 233  0.
 234  0.
 235  0.
 236  0.
 237  0.
 238  0.
 239  0.
 240  0.
 241  0.
 242  0.
 243  0.
 244  0.
 245  0.
 246  0.
 247  0.
 248  0.
 249  0.
 250  0.
 251  0.
 252  0.
 253  0.
 254  0.
 255  0.
 256  0.
 257  0.
 258  0.
 259  0.
 260  0.
 261  0.
 262  0.
 263  0.
 264  0.
 265  0.
 266  0.
 267  0.
 268  0.
 269  0.
 270  0.
 271  0.
 272  0.
 273  0.
 274  0.
 275  0.
 276  0.
 277  0.
 278  0.
 279  0.
 280  0.
 281  0.
 282  0.
 283  0.
 284  0.
 285  0.
 286  0.
 287  0.
 288  0.
 289  0.
 290  0.
 291  0.
 292  0.
 293  0.
 294  0.
 295  0.
 296  0.
 297  0.
 298  0.
 299  0.
 300  0.
 301  0.
 302  0.
 303  0.
 304  0.
 305  0.
 306  0.
 307  0.
 308  0.
 309  0.
 310  0.
 311  0.
 312  0.
 313  0.
 314  0.
 315  0.
 316  0.
 317  0.
 318  0.
 319  0.
 320  0.
 321  0.
 322  0.
 323  0.
 324  0.
 325  0.
 326  0.
 327  0.
 328  0.
 329  0.
 330  0.
 331  0.
 332  0.
 333  0.
 334  0.
 335  0.
 336  0.
 337  0.
 338  0.
 339  0.
 340  0.
 341  0.
 342  0.
 343  0.
 344  0.
 345  0.
 346  0.
 347  0.
 348  0.
 349  0.
 350  0.
 351  0.
 352  0.
 353  0.
 354  0.
 355  0.
 356  0.
 357  0.
 358  0.
 359  0.
 360  0.
 361  0.
 362  0.
 363  0.
 364  0.
 365  0.
 366  0.
 367  0.
 368  0.
 369  0.
 370  0.
 371  0.
 372  0.
 373  0.
 374  0.
 375  0.
 376  0.
 377  0.
 378  0.
 379  0.
 380  0.
 381  0.
 382  0.
 383  0.
 384  0.
 385  0.
 386  0.
 387  0.
 388  0.
 389  0.
 390  0.
 391  0.
 392  0.
 393  0.
 394  0.
 395  0.
 396  0.
 397  0.
 398  0.
 399  0.
 400  0.
 401  0.
 402  0.
 403  0.
 404  0.
 405  0.
 406  0.
 407  0.
 408  0.
 409  0.
 410  0.
 411  0.
 412  0.
 413  0.
 414  0.
 415  0.
 416  0.
 417  0.
 418  0.
 419  0.
 420  0.
 421  0.
 422  0.
 423  0.
 424  0.
 425  0.
 426  0.
 427  0.
 428  0.
 429  0.
 430  0.
 431  0.
 432  0.
 433  0.
 434  0.
 435  0.
 436  0.
 437  0.
 438  0.
 439  0.
 440  0.
 441  0.
 442  0.
 443  0.
 444  0.
 445  0.
 446  0.
 447  0.
 448  0.
 449  0.
 450  0.
 451  0.
 452  0.
 453  0.
 454  0.
 455  0.
 456  0.
 457  0.
 458  0.
 459  0.
 460  0.
 461  0.
 462  0.
 463  0.
 464  0.
 465  0.
 466  0.
 467  0.
 468  0.
 469  0.
 470  0.
 471  0.
 472  0.
 473  0.
 474  0.
 475  0.
 476  0.
 477  0.
 478  0.
 479  0.
 480  0.
 481  0.
 482  0.
 483  0.
 484  0.
 485  0.
 486  0.
 487  0.
 488  0.
 489  0.
 490  0.
 491  0.
 492  0.
 493  0.
 494  0.
 495  0.
 496  0.
 497  0.
 498  0.
 499  0.
 500  0.

 1  0.
 2  0.
 3  0.
 4  0.
 5  0.
 6  0.
 7  0.
 8  0.
 9  0.
 10  0.
 11  0.
 12  0.
 13  0.
 14  0.
 15  0.
 16  0.
 17  0.
 18  0.
 19  0.
 20  0.
 21  0.
 22  0.
 23  0.
 24  0.
 25  0.
 26  0.
 27  0.
 28  0.
 29  0.
 30  0.
 31  0.
 32  0.
 33  0.
 34  0.
 35  0.
 36  0.
 37  0.
 38  0.
 39  0.
 40  0.
 41  0.
 42  0.
 43  0.
 44  0.
 45  0.
 46  0.
 47  0.
 48  0.
 49  0.
 50  0.
 51  0.
 52  0.
 53  0.
 54  0.
 55  0.
 56  0.
 57  0.
 58  0.
 59  0.
 60  0.
 61  0.
 62  0.
 63  0.
 64  0.
 65  0.
 66  0.
 67  0.
 68  0.
 69  0.
 70  0.
 71  0.
 72  0.
 73  0.
 74  0.
 75  0.
 76  0.
 77  0.
 78  0.
 79  0.
 80  0.
 81  0.
 82  0.
 83  0.
 84  0.
 85  0.
 86  0.
 87  0.
 88  0.
 89  0.
 90  0.
 91  0.
 92  0.
 93  0.
 94  0.
 95  0.
 96  0.
 97  0.
 98  0.
 99  0.
 100  0.
 101  0.
 102  0.
 103  0.
 104  0.
 105  0.
 106  0.
 107  0.
 108  0.
 109  0.
 110  0.
 111  0.
 112  0.
 113  0.
 114  0.
 115  0.
 116  0.
 117  0.
 118  0.
 119  0.
 120  0.
 121  0.
 122  0.
 123  0.
 124  0.
 125  0.
 126  0.
 127  0.
 128  0.
 129  0.
 130  0.
 131  0.
 132  0.
 133  0.
 134  0.
 135  0.
 136  0.
 137  0.
 138  0.
 139  0.
 140  0.
 141  0.
 142  0.
 143  0.
 144  0.
 145  0.
 146  0.
 147  0.
 148  0.
 149  0.
 150  0.
 151  0.
 152  0.
 153  0.
 154  0.
 155  0.
 156  0.
 157  0.
 158  0.
 159  0.
 160  0.
 161  0.
 162  0.
 163  0.
 164  0.
 165  0.
 166  0.
 167  0.
 168  0.
 169  0.
 170  0.
 171  0.
 172  0.
 173  0.
 174  0.
 175  0.
 176  0.
 177  0.
 178  0.
 179  0.
 180  0.
 181  0.
 182  0.
 183  0.
 184  0.
 185  0.
 186  0.
 187  0.
 188  0.
 189  0.
 190  0.
 191  0.
 192  0.
 193  0.
 194  0.
 195  0.
 196  0.
 197  0.
 198  0.
 199  0.
 200  0.
 201  0.
 202  0.
 203  0.
 204  0.
 205  0.
 206  0.
 207  0.
 208  0.
 209  0.
 210  0.
 211  0.
 212  0.
 213  0.
 214  0.
 215  0.
 216  0.
 217  0.
 218  0.
 219  0.
 220  0.
 221  0.
 222  0.
 223  0.
 224  0.
 225  0.
 226  0.
 227  0.
 228  0.
 229  0.
 230  0.
 231  0.
 232  0.
 233  0.
 234  0.
 235  0.
 236  0.
 237  0.
 238  0.
 239  0.
 240  0.
 241  0.
 242  0.
 243  0.
 244  0.
 245  0.
 246  0.
 247  0.
 248  0.
 249  0.
 250  0.
 251  0.
 252  0.
 253  0.
 254  0.
 255  0.
 256  0.
 257  0.
 258  0.
 259  0.
 260  0.
 261  0.
 262  0.
 263  0.
 264  0.
 265  0.
 266  0.
 267  0.
 268  0.
 269  0.
 270  0.
 271  0.
 272  0.
 273  0.
 274  0.
 275  0.
 276  0.
 277  0.
 278  0.
 279  0.
 280  0.
 281  0.
 282  0.
 283  0.
 284  0.
 285  0.
 286  0.
 287  0.
 288  0.
 289  0.
 290  0.
 291  0.
 292  0.
 293  0.
 294  0.
 295  0.
 296  0.
 297  0.
 298  0.
 299  0.
 300  0.
 301  0.
 302  0.
 303  0.
 304  0.
 305  0.
 306  0.
 307  0.
 308  0.
 309  0.
 310  0.
 311  0.
 312  0.
 313  0.
 314  0.
 315  0.
 316  0.
 317  0.
 318  0.
 319  0.
 320  0.
 321  0.
 322  0.
 323  0.
 324  0.
 325  0.
 326  0.
 327  0.
 328  0.
 329  0.
 330  0.
 331  0.
 332  0.
 333  0.
 334  0.
 335  0.
 336  0.
 337  0.
 338  0.
 339  0.
 340  0.
 341  0.
 342  0.
 343  0.
 344  0.
 345  0.
 346  0.
 347  0.
 348  0.
 349  0.
 350  0.
 351  0.
 352  0.
 353  0.
 354  0.
 355  0.
 356  0.
 357  0.
 358  0.
 359  0.
 360  0.
 361  0.
 362  0.
 363  0.
 364  0.
 365  0.
 366  0.
 367  0.
 368  0.
 369  0.
 370  0.
 371  0.
 372  0.
 373  0.
 374  0.
 375  0.
 376  0.
 377  0.
 378  0.
 379  0.
 380  0.
 381  0.
 382  0.
 383  0.
 384  0.
 385  0.
 386  0.
 387  0.
 388  0.
 389  0.
 390  0.
 391  0.
 392  0.
 393  0.
 394  0.
 395  0.
 396  0.
 397  0.
 398  0.
 399  0.
 400  0.
 401  0.
 402  0.
 403  0.
 404  0.
 405  0.
 406  0.
 407  0.
 408  0.
 409  0.
 410  0.
 411  0.
 412  0.
 413  0.
 414  0.
 415  0.
 416  0.
 417  0.
 418  0.
 419  0.
 420  0.
 421  0.
 422  0.
 423  0.
 424  0.
 425  0.
 426  0.
 427  0.
 428  0.
 429  0.
 430  0.
 431  0.
 432  0.
 433  0.
 434  0.
 435  0.
 436  0.
 437  0.
 438  0.
 439  0.
 440  0.
 441  0.
 442  0.
 443  0.
 444  0.
 445  0.
 446  0.
 447  0.
 448  0.
 449  0.
 450  0.
 451  0.
 452  0.
 453  0.
 454  0.
 455  0.
 456  0.
 457  0.
 458  0.
 459  0.
 460  0.
 461  0.
 462  0.
 463  0.
 464  0.
 465  0.
 466  0.
 467  0.
 468  0.
 469  0.
 470  0.
 471  0.
 472  0.
 473  0.
 474  0.
 475  0.
 476  0.
 477  0.
 478  0.
 479  0.
 480  0.
 481  0.
 482  0.
 483  0.
 484  0.
 485  0.
 486  0.
 487  0.
 488  0.
 489  0.
 490  0.
 491  0.
 492  0.
 493  0.
 494  0.
 495  0.
 496  0.
 497  0.
 498  0.
 499  0.
 500  0.

 1  0.
 2  0.
 3  0.
 4  0.
 5  0.
 6  0.
 7  0.
 8  0.
 9  0.
 10  0.
 11  0.
 12  0.
 13  0.
 14  0.
 15  0.
 16  0.
 17  0.
 18  0.
 19  0.
 20  0.
 21  0.
 22  0.
 23  0.
 24  0.
 25  0.
 26  0.
 27  0.
 28  0.
 29  0.
 30  0.
 31  0.
 32  0.
 33  0.
 34  0.
 35  0.
 36  0.
 37  0.
 38  0.
 39  0.
 40  0.
 41  0.
 42  0.
 43  0.
 44  0.
 45  0.
 46  0.
 47  0.
 48  0.
 49  0.
 50  0.
 51  0.
 52  0.
 53  0.
 54  0.
 55  0.
 56  0.
 57  0.
 58  0.
 59  0.
 60  0.
 61  0.
 62  0.
 63  0.
 64  0.
 65  0.
 66  0.
 67  0.
 68  0.
 69  0.
 70  0.
 71  0.
 72  0.
 73  0.
 74  0.
 75  0.
 76  0.
 77  0.
 78  0.
 79  0.
 80  0.
 81  0.
 82  0.
 83  0.
 84  0.
 85  0.
 86  0.
 87  0.
 88  0.
 89  0.
 90  0.
 91  0.
 92  0.
 93  0.
 94  0.
 95  0.
 96  0.
 97  0.
 98  0.
 99  0.
 100  0.
 101  0.
 102  0.
 103  0.
 104  0.
 105  0.
 106  0.
 107  0.
 108  0.
 109  0.
 110  0.
 111  0.
 112  0.
 113  0.
 114  0.
 115  0.
 116  0.
 117  0.
 118  0.
 119  0.
 120  0.
 121  0.
 122  0.
 123  0.
 124  0.
 125  0.
 126  0.
 127  0.
 128  0.
 129  0.
 130  0.
 131  0.
 132  0.
 133  0.
 134  0.
 135  0.
 136  0.
 137  0.
 138  0.
 139  0.
 140  0.
 141  0.
 142  0.
 143  0.
 144  0.
 145  0.
 146  0.
 147  0.
 148  0.
 149  0.
 150  0.
 151  0.
 152  0.
 153  0.
 154  0.
 155  0.
 156  0.
 157  0.
 158  0.
 159  0.
 160  0.
 161  0.
 162  0.
 163  0.
 164  0.
 165  0.
 166  0.
 167  0.
 168  0.
 169  0.
 170  0.
 171  0.
 172  0.
 173  0.
 174  0.
 175  0.
 176  0.
 177  0.
 178  0.
 179  0.
 180  0.
 181  0.
 182  0.
 183  0.
 184  0.
 185  0.
 186  0.
 187  0.
 188  0.
 189  0.
 190  0.
 191  0.
 192  0.
 193  0.
 194  0.
 195  0.
 196  0.
 197  0.
 198  0.
 199  0.
 200  0.
 201  0.
 202  0.
 203  0.
 204  0.
 205  0.
 206  0.
 207  0.
 208  0.
 209  0.
 210  0.
 211  0.
 212  0.
 213  0.
 214  0.
 215  0.
 216  0.
 217  0.
 218  0.
 219  0.
 220  0.
 221  0.
 222  0.
 223  0.
 224  0.
 225  0.
 226  0.
 227  0.
 228  0.
 229  0.
 230  0.
 231  0.
 232  0.
 233  0.
 234  0.
 235  0.
 236  0.
 237  0.
 238  0.
 239  0.
 240  0.
 241  0.
 242  0.
 243  0.
 244  0.
 245  0.
 246  0.
 247  0.
 248  0.
 249  0.
 250  0.
 251  0.
 252  0.
 253  0.
 254  0.
 255  0.
 256  0.
 257  0.
 258  0.
 259  0.
 260  0.
 261  0.
 262  0.
 263  0.
 264  0.
 265  0.
 266  0.
 267  0.
 268  0.
 269  0.
 270  0.
 271  0.
 272  0.
 273  0.
 274  0.
 275  0.
 276  0.
 277  0.
 278  0.
 279  0.
 280  0.
 281  0.
 282  0.
 283  0.
 284  0.
 285  0.
 286  0.
 287  0.
 288  0.
 289  0.
 290  0.
 291  0.
 292  0.
 293  0.
 294  0.
 295  0.
 296  0.
 297  0.
 298  0.
 299  0.
 300  0.
 301  0.
 302  0.
 303  0.
 304  0.
 305  0.
 306  0.
 307  0.
 308  0.
 309  0.
 310  0.
 311  0.
 312  0.
 313  0.
 314  0.
 315  0.
 316  0.
 317  0.
 318  0.
 319  0.
 320  0.
 321  0.
 322  0.
 323  0.
 324  0.
 325  0.
 326  0.
 327  0.
 328  0.
 329  0.
 330  0.
 331  0.
 332  0.
 333  0.
 334  0.
 335  0.
 336  0.
 337  0.
 338  0.
 339  0.
 340  0.
 341  0.
 342  0.
 343  0.
 344  0.
 345  0.
 346  0.
 347  0.
 348  0.
 349  0.
 350  0.
 351  0.
 352  0.
 353  0.
 354  0.
 355  0.
 356  0.
 357  0.
 358  0.
 359  0.
 360  0.
 361  0.
 362  0.
 363  0.
 364  0.
 365  0.
 366  0.
 367  0.
 368  0.
 369  0.
 370  0.
 371  0.
 372  0.
 373  0.
 374  0.
 375  0.
 376  0.
 377  0.
 378  0.
 379  0.
 380  0.
 381  0.
 382  0.
 383  0.
 384  0.
 385  0.
 386  0.
 387  0.
 388  0.
 389  0.
 390  0.
 391  0.
 392  0.
 393  0.
 394  0.
 395  0.
 396  0.
 397  0.
 398  0.
 399  0.
 400  0.
 401  0.
 402  0.
 403  0.
 404  0.
 405  0.
 406  0.
 407  0.
 408  0.
 409  0.
 410  0.
 411  0.
 412  0.
 413  0.
 414  0.
 415  0.
 416  0.
 417  0.
 418  0.
 419  0.
 420  0.
 421  0.
 422  0.
 423  0.
 424  0.
 425  0.
 426  0.
 427  0.
 428  0.
 429  0.
 430  0.
 431  0.
 432  0.
 433  0.
 434  0.
 435  0.
 436  0.
 437  0.
 438  0.
 439  0.
 440  0.
 441  0.
 442  0.
 443  0.
 444  0.
 445  0.
 446  0.
 447  0.
 448  0.
 449  0.
 450  0.
 451  0.
 452  0.
 453  0.
 454  0.
 455  0.
 456  0.
 457  0.
 458  0.
 459  0.
 460  0.
 461  0.
 462  0.
 463  0.
 464  0.
 465  0.
 466  0.
 467  0.
 468  0.
 469  0.
 470  0.
 471  0.
 472  0.
 473  0.
 474  0.
 475  0.
 476  0.
 477  0.
 478  0.
 479  0.
 480  0.
 481  0.
 482  0.
 483  0.
 484  0.
 485  0.
 486  0.
 487  0.
 488  0.
 489  0.
 490  0.
 491  0.
 492  0.
 493  0.
 494  0.
 495  0.
 496  0.
 497  0.
 498  0.
 499  0.
 500  0.

 1  0.
 2  0.
 3  0.
 4  0.
 5  0.
 6  0.
 7  0.
 8  0.
 9  0.
 10  0.
 11  0.
 12  0.
 13  0.
 14  0.
 15  0.
 16  0.
 17  0.
 18  0.
 19  0.
 20  0.
 21  0.
 22  0.
 23  0.
 24  0.
 25  0.
 26  0.
 27  0.
 28  0.
 29  0.
 30  0.
 31  0.
 32  0.
 33  0.
 34  0.
 35  0.
 36  0.
 37  0.
 38  0.
 39  0.
 40  0.
 41  0.
 42  0.
 43  0.
 44  0.
 45  0.
 46  0.
 47  0.
 48  0.
 49  0.
 50  0.
 51  0.
 52  0.
 53  0.
 54  0.
 55  0.
 56  0.
 57  0.
 58  0.
 59  0.
 60  0.
 61  0.
 62  0.
 63  0.
 64  0.
 65  0.
 66  0.
 67  0.
 68  0.
 69  0.
 70  0.
 71  0.
 72  0.
 73  0.
 74  0.
 75  0.
 76  0.
 77  0.
 78  0.
 79  0.
 80  0.
 81  0.
 82  0.
 83  0.
 84  0.
 85  0.
 86  0.
 87  0.
 88  0.
 89  0.
 90  0.
 91  0.
 92  0.
 93  0.
 94  0.
 95  0.
 96  0.
 97  0.
 98  0.
 99  0.
 100  0.
 101  0.
 102  0.
 103  0.
 104  0.
 105  0.
 106  0.
 107  0.
 108  0.
 109  0.
 110  0.
 111  0.
 112  0.
 113  0.
 114  0.
 115  0.
 116  0.
 117  0.
 118  0.
 119  0.
 120  0.
 121  0.
 122  0.
 123  0.
 124  0.
 125  0.
 126  0.
 127  0.
 128  0.
 129  0.
 130  0.
 131  0.
 132  0.
 133  0.
 134  0.
 135  0.
 136  0.
 137  0.
 138  0.
 139  0.
 140  0.
 141  0.
 142  0.
 143  0.
 144  0.
 145  0.
 146  0.
 147  0.
 148  0.
 149  0.
 150  0.
 151  0.
 152  0.
 153  0.
 154  0.
 155  0.
 156  0.
 157  0.
 158  0.
 159  0.
 160  0.
 161  0.
 162  0.
 163  0.
 164  0.
 165  0.
 166  0.
 167  0.
 168  0.
 169  0.
 170  0.
 171  0.
 172  0.
 173  0.
 174  0.
 175  0.
 176  0.
 177  0.
 178  0.
 179  0.
 180  0.
 181  0.
 182  0.
 183  0.
 184  0.
 185  0.
 186  0.
 187  0.
 188  0.
 189  0.
 190  0.
 191  0.
 192  0.
 193  0.
 194  0.
 195  0.
 196  0.
 197  0.
 198  0.
 199  0.
 200  0.
 201  0.
 202  0.
 203  0.
 204  0.
 205  0.
 206  0.
 207  0.
 208  0.
 209  0.
 210  0.
 211  0.
 212  0.
 213  0.
 214  0.
 215  0.
 216  0.
 217  0.
 218  0.
 219  0.
 220  0.
 221  0.
 222  0.
 223  0.
 224  0.
 225  0.
 226  0.
 227  0.
 228  0.
 229  0.
 230  0.
 231  0.
 232  0.
 233  0.
 234  0.
 235  0.
 236  0.
 237  0.
 238  0.
 239  0.
 240  0.
 241  0.
 242  0.
 243  0.
 244  0.
 245  0.
 246  0.
 247  0.
 248  0.
 249  0.
 250  0.
 251  0.
 252  0.
 253  0.
 254  0.
 255  0.
 256  0.
 257  0.
 258  0.
 259  0.
 260  0.
 261  0.
 262  0.
 263  0.
 264  0.
 265  0.
 266  0.
 267  0.
 268  0.
 269  0.
 270  0.
 271  0.
 272  0.
 273  0.
 274  0.
 275  0.
 276  0.
 277  0.
 278  0.
 279  0.
 280  0.
 281  0.
 282  0.
 283  0.
 284  0.
 285  0.
 286  0.
 287  0.
 288  0.
 289  0.
 290  0.
 291  0.
 292  0.
 293  0.
 294  0.
 295  0.
 296  0.
 297  0.
 298  0.
 299  0.
 300  0.
 301  0.
 302  0.
 303  0.
 304  0.
 305  0.
 306  0.
 307  0.
 308  0.
 309  0.
 310  0.
 311  0.
 312  0.
 313  0.
 314  0.
 315  0.
 316  0.
 317  0.
 318  0.
 319  0.
 320  0.
 321  0.
 322  0.
 323  0.
 324  0.
 325  0.
 326  0.
 327  0.
 328  0.
 329  0.
 330  0.
 331  0.
 332  0.
 333  0.
 334  0.
 335  0.
 336  0.
 337  0.
 338  0.
 339  0.
 340  0.
 341  0.
 342  0.
 343  0.
 344  0.
 345  0.
 346  0.
 347  0.
 348  0.
 349  0.
 350  0.
 351  0.
 352  0.
 353  0.
 354  0.
 355  0.
 356  0.
 357  0.
 358  0.
 359  0.
 360  0.
 361  0.
 362  0.
 363  0.
 364  0.
 365  0.
 366  0.
 367  0.
 368  0.
 369  0.
 370  0.
 371  0.
 372  0.
 373  0.
 374  0.
 375  0.
 376  0.
 377  0.
 378  0.
 379  0.
 380  0.
 381  0.
 382  0.
 383  0.
 384  0.
 385  0.
 386  0.
 387  0.
 388  0.
 389  0.
 390  0.
 391  0.
 392  0.
 393  0.
 394  0.
 395  0.
 396  0.
 397  0.
 398  0.
 399  0.
 400  0.
 401  0.
 402  0.
 403  0.
 404  0.
 405  0.
 406  0.
 407  0.
 408  0.
 409  0.
 410  0.
 411  0.
 412  0.
 413  0.
 414  0.
 415  0.
 416  0.
 417  0.
 418  0.
 419  0.
 420  0.
 421  0.
 422  0.
 423  0.
 424  0.
 425  0.
 426  0.
 427  0.
 428  0.
 429  0.
 430  0.
 431  0.
 432  0.
 433  0.
 434  0.
 435  0.
 436  0.
 437  0.
 438  0.
 439  0.
 440  0.
 441  0.
 442  0.
 443  0.
 444  0.
 445  0.
 446  0.
 447  0.
 448  0.
 449  0.
 450  0.
 451  0.
 452  0.
 453  0.
 454  0.
 455  0.
 456  0.
 457  0.
 458  0.
 459  0.
 460  0.
 461  0.
 462  0.
 463  0.
 464  0.
 465  0.
 466  0.
 467  0.
 468  0.
 469  0.
 470  0.
 471  0.
 472  0.
 473  0.
 474  0.
 475  0.
 476  0.
 477  0.
 478  0.
 479  0.
 480  0.
 481  0.
 482  0.
 483  0.
 484  0.
 485  0.
 486  0.
 487  0.
 488  0.
 489  0.
 490  0.
 491  0.
 492  0.
 493  0.
 494  0.
 495  0.
 496  0.
 497  0.
 498  0.
 499  0.
 500  0.

 1  0.
 2  0.
 3  0.
 4  0.
 5  0.
 6  0.
 7  0.
 8  0.
 9  0.
 10  0.
 11  0.
 12  0.
 13  0.
 14  0.
 15  0.
 16  0.
 17  0.
 18  0.
 19  0.
 20  0.
 21  0.
 22  0.
 23  0.
 24  0.
 25  0.
 26  0.
 27  0.
 28  0.
 29  0.
 30  0.
 31  0.
 32  0.
 33  0.
 34  0.
 35  0.
 36  0.
 37  0.
 38  0.
 39  0.
 40  0.
 41  0.
 42  0.
 43  0.
 44  0.
 45  0.
 46  0.
 47  0.
 48  0.
 49  0.
 50  0.
 51  0.
 52  0.
 53  0.
 54  0.
 55  0.
 56  0.
 57  0.
 58  0.
 59  0.
 60  0.
 61  0.
 62  0.
 63  0.
 64  0.
 65  0.
 66  0.
 67  0.
 68  0.
 69  0.
 70  0.
 71  0.
 72  0.
 73  0.
 74  0.
 75  0.
 76  0.
 77  0.
 78  0.
 79  0.
 80  0.
 81  0.
 82  0.
 83  0.
 84  0.
 85  0.
 86  0.
 87  0.
 88  0.
 89  0.
 90  0.
 91  0.
 92  0.
 93  0.
 94  0.
 95  0.
 96  0.
 97  0.
 98  0.
 99  0.
 100  0.
 101  0.
 102  0.
 103  0.
 104  0.
 105  0.
 106  0.
 107  0.
 108  0.
 109  0.
 110  0.
 111  0.
 112  0.
 113  0.
 114  0.
 115  0.
 116  0.
 117  0.
 118  0.
 119  0.
 120  0.
 121  0.
 122  0.
 123  0.
 124  0.
 125  0.
 126  0.
 127  0.
 128  0.
 129  0.
 130  0.
 131  0.
 132  0.
 133  0.
 134  0.
 135  0.
 136  0.
 137  0.
 138  0.
 139  0.
 140  0.
 141  0.
 142  0.
 143  0.
 144  0.
 145  0.
 146  0.
 147  0.
 148  0.
 149  0.
 150  0.
 151  0.
 152  0.
 153  0.
 154  0.
 155  0.
 156  0.
 157  0.
 158  0.
 159  0.
 160  0.
 161  0.
 162  0.
 163  0.
 164  0.
 165  0.
 166  0.
 167  0.
 168  0.
 169  0.
 170  0.
 171  0.
 172  0.
 173  0.
 174  0.
 175  0.
 176  0.
 177  0.
 178  0.
 179  0.
 180  0.
 181  0.
 182  0.
 183  0.
 184  0.
 185  0.
 186  0.
 187  0.
 188  0.
 189  0.
 190  0.
 191  0.
 192  0.
 193  0.
 194  0.
 195  0.
 196  0.
 197  0.
 198  0.
 199  0.
 200  0.
 201  0.
 202  0.
 203  0.
 204  0.
 205  0.
 206  0.
 207  0.
 208  0.
 209  0.
 210  0.
 211  0.
 212  0.
 213  0.
 214  0.
 215  0.
 216  0.
 217  0.
 218  0.
 219  0.
 220  0.
 221  0.
 222  0.
 223  0.
 224  0.
 225  0.
 226  0.
 227  0.
 228  0.
 229  0.
 230  0.
 231  0.
 232  0.
 233  0.
 234  0.
 235  0.
 236  0.
 237  0.
 238  0.
 239  0.
 240  0.
 241  0.
 242  0.
 243  0.
 244  0.
 245  0.
 246  0.
 247  0.
 248  0.
 249  0.
 250  0.
 251  0.
 252  0.
 253  0.
 254  0.
 255  0.
 256  0.
 257  0.
 258  0.
 259  0.
 260  0.
 261  0.
 262  0.
 263  0.
 264  0.
 265  0.
 266  0.
 267  0.
 268  0.
 269  0.
 270  0.
 271  0.
 272  0.
 273  0.
 274  0.
 275  0.
 276  0.
 277  0.
 278  0.
 279  0.
 280  0.
 281  0.
 282  0.
 283  0.
 284  0.
 285  0.
 286  0.
 287  0.
 288  0.
 289  0.
 290  0.
 291  0.
 292  0.
 293  0.
 294  0.
 295  0.
 296  0.
 297  0.
 298  0.
 299  0.
 300  0.
 301  0.
 302  0.
 303  0.
 304  0.
 305  0.
 306  0.
 307  0.
 308  0.
 309  0.
 310  0.
 311  0.
 312  0.
 313  0.
 314  0.
 315  0.
 316  0.
 317  0.
 318  0.
 319  0.
 320  0.
 321  0.
 322  0.
 323  0.
 324  0.
 325  0.
 326  0.
 327  0.
 328  0.
 329  0.
 330  0.
 331  0.
 332  0.
 333  0.
 334  0.
 335  0.
 336  0.
 337  0.
 338  0.
 339  0.
 340  0.
 341  0.
 342  0.
 343  0.
 344  0.
 345  0.
 346  0.
 347  0.
 348  0.
 349  0.
 350  0.
 351  0.
 352  0.
 353  0.
 354  0.
 355  0.
 356  0.
 357  0.
 358  0.
 359  0.
 360  0.
 361  0.
 362  0.
 363  0.
 364  0.
 365  0.
 366  0.
 367  0.
 368  0.
 369  0.
 370  0.
 371  0.
 372  0.
 373  0.
 374  0.
 375  0.
 376  0.
 377  0.
 378  0.
 379  0.
 380  0.
 381  0.
 382  0.
 383  0.
 384  0.
 385  0.
 386  0.
 387  0.
 388  0.
 389  0.
 390  0.
 391  0.
 392  0.
 393  0.
 394  0.
 395  0.
 396  0.
 397  0.
 398  0.
 399  0.
 400  0.
 401  0.
 402  0.
 403  0.
 404  0.
 405  0.
 406  0.
 407  0.
 408  0.
 409  0.
 410  0.
 411  0.
 412  0.
 413  0.
 414  0.
 415  0.
 416  0.
 417  0.
 418  0.
 419  0.
 420  0.
 421  0.
 422  0.
 423  0.
 424  0.
 425  0.
 426  0.
 427  0.
 428  0.
 429  0.
 430  0.
 431  0.
 432  0.
 433  0.
 434  0.
 435  0.
 436  0.
 437  0.
 438  0.
 439  0.
 440  0.
 441  0.
 442  0.
 443  0.
 444  0.
 445  0.
 446  0.
 447  0.
 448  0.
 449  0.
 450  0.
 451  0.
 452  0.
 453  0.
 454  0.
 455  0.
 456  0.
 457  0.
 458  0.
 459  0.
 460  0.
 461  0.
 462  0.
 463  0.
 464  0.
 465  0.
 466  0.
 467  0.
 468  0.
 469  0.
 470  0.
 471  0.
 472  0.
 473  0.
 474  0.
 475  0.
 476  0.
 477  0.
 478  0.
 479  0.
 480  0.
 481  0.
 482  0.
 483  0.
 484  0.
 485  0.
 486  0.
 487  0.
 488  0.
 489  0.
 490  0.
 491  0.
 492  0.
 493  0.
 494  0.
 495  0.
 496  0.
 497  0.
 498  0.
 499  0.
 500  0.

 1  0.
 2  0.
 3  0.
 4  0.
 5  0.
 6  0.
 7  0.
 8  0.
 9  0.
 10  0.
 11  0.
 12  0.
 13  0.
 14  0.
 15  0.
 16  0.
 17  0.
 18  0.
 19  0.
 20  0.
 21  0.
 22  0.
 23  0.
 24  0.
 25  0.
 26  0.
 27  0.
 28  0.
 29  0.
 30  0.
 31  0.
 32  0.
 33  0.
 34  0.
 35  0.
 36  0.
 37  0.
 38  0.
 39  0.
 40  0.
 41  0.
 42  0.
 43  0.
 44  0.
 45  0.
 46  0.
 47  0.
 48  0.
 49  0.
 50  0.
 51  0.
 52  0.
 53  0.
 54  0.
 55  0.
 56  0.
 57  0.
 58  0.
 59  0.
 60  0.
 61  0.
 62  0.
 63  0.
 64  0.
 65  0.
 66  0.
 67  0.
 68  0.
 69  0.
 70  0.
 71  0.
 72  0.
 73  0.
 74  0.
 75  0.
 76  0.
 77  0.
 78  0.
 79  0.
 80  0.
 81  0.
 82  0.
 83  0.
 84  0.
 85  0.
 86  0.
 87  0.
 88  0.
 89  0.
 90  0.
 91  0.
 92  0.
 93  0.
 94  0.
 95  0.
 96  0.
 97  0.
 98  0.
 99  0.
 100  0.
 101  0.
 102  0.
 103  0.
 104  0.
 105  0.
 106  0.
 107  0.
 108  0.
 109  0.
 110  0.
 111  0.
 112  0.
 113  0.
 114  0.
 115  0.
 116  0.
 117  0.
 118  0.
 119  0.
 120  0.
 121  0.
 122  0.
 123  0.
 124  0.
 125  0.
 126  0.
 127  0.
 128  0.
 129  0.
 130  0.
 131  0.
 132  0.
 133  0.
 134  0.
 135  0.
 136  0.
 137  0.
 138  0.
 139  0.
 140  0.
 141  0.
 142  0.
 143  0.
 144  0.
 145  0.
 146  0.
 147  0.
 148  0.
 149  0.
 150  0.
 151  0.
 152  0.
 153  0.
 154  0.
 155  0.
 156  0.
 157  0.
 158  0.
 159  0.
 160  0.
 161  0.
 162  0.
 163  0.
 164  0.
 165  0.
 166  0.
 167  0.
 168  0.
 169  0.
 170  0.
 171  0.
 172  0.
 173  0.
 174  0.
 175  0.
 176  0.
 177  0.
 178  0.
 179  0.
 180  0.
 181  0.
 182  0.
 183  0.
 184  0.
 185  0.
 186  0.
 187  0.
 188  0.
 189  0.
 190  0.
 191  0.
 192  0.
 193  0.
 194  0.
 195  0.
 196  0.
 197  0.
 198  0.
 199  0.
 200  0.
 201  0.
 202  0.
 203  0.
 204  0.
 205  0.
 206  0.
 207  0.
 208  0.
 209  0.
 210  0.
 211  0.
 212  0.
 213  0.
 214  0.
 215  0.
 216  0.
 217  0.
 218  0.
 219  0.
 220  0.
 221  0.
 222  0.
 223  0.
 224  0.
 225  0.
 226  0.
 227  0.
 228  0.
 229  0.
 230  0.
 231  0.
 232  0.
 233  0.
 234  0.
 235  0.
 236  0.
 237  0.
 238  0.
 239  0.
 240  0.
 241  0.
 242  0.
 243  0.
 244  0.
 245  0.
 246  0.
 247  0.
 248  0.
 249  0.
 250  0.
 251  0.
 252  0.
 253  0.
 254  0.
 255  0.
 256  0.
 257  0.
 258  0.
 259  0.
 260  0.
 261  0.
 262  0.
 263  0.
 264  0.
 265  0.
 266  0.
 267  0.
 268  0.
 269  0.
 270  0.
 271  0.
 272  0.
 273  0.
 274  0.
 275  0.
 276  0.
 277  0.
 278  0.
 279  0.
 280  0.
 281  0.
 282  0.
 283  0.
 284  0.
 285  0.
 286  0.
 287  0.
 288  0.
 289  0.
 290  0.
 291  0.
 292  0.
 293  0.
 294  0.
 295  0.
 296  0.
 297  0.
 298  0.
 299  0.
 300  0.
 301  0.
 302  0.
 303  0.
 304  0.
 305  0.
 306  0.
 307  0.
 308  0.
 309  0.
 310  0.
 311  0.
 312  0.
 313  0.
 314  0.
 315  0.
 316  0.
 317  0.
 318  0.
 319  0.
 320  0.
 321  0.
 322  0.
 323  0.
 324  0.
 325  0.
 326  0.
 327  0.
 328  0.
 329  0.
 330  0.
 331  0.
 332  0.
 333  0.
 334  0.
 335  0.
 336  0.
 337  0.
 338  0.
 339  0.
 340  0.
 341  0.
 342  0.
 343  0.
 344  0.
 345  0.
 346  0.
 347  0.
 348  0.
 349  0.
 350  0.
 351  0.
 352  0.
 353  0.
 354  0.
 355  0.
 356  0.
 357  0.
 358  0.
 359  0.
 360  0.
 361  0.
 362  0.
 363  0.
 364  0.
 365  0.
 366  0.
 367  0.
 368  0.
 369  0.
 370  0.
 371  0.
 372  0.
 373  0.
 374  0.
 375  0.
 376  0.
 377  0.
 378  0.
 379  0.
 380  0.
 381  0.
 382  0.
 383  0.
 384  0.
 385  0.
 386  0.
 387  0.
 388  0.
 389  0.
 390  0.
 391  0.
 392  0.
 393  0.
 394  0.
 395  0.
 396  0.
 397  0.
 398  0.
 399  0.
 400  0.
 401  0.
 402  0.
 403  0.
 404  0.
 405  0.
 406  0.
 407  0.
 408  0.
 409  0.
 410  0.
 411  0.
 412  0.
 413  0.
 414  0.
 415  0.
 416  0.
 417  0.
 418  0.
 419  0.
 420  0.
 421  0.
 422  0.
 423  0.
 424  0.
 425  0.
 426  0.
 427  0.
 428  0.
 429  0.
 430  0.
 431  0.
 432  0.
 433  0.
 434  0.
 435  0.
 436  0.
 437  0.
 438  0.
 439  0.
 440  0.
 441  0.
 442  0.
 443  0.
 444  0.
 445  0.
 446  0.
 447  0.
 448  0.
 449  0.
 450  0.
 451  0.
 452  0.
 453  0.
 454  0.
 455  0.
 456  0.
 457  0.
 458  0.
 459  0.
 460  0.
 461  0.
 462  0.
 463  0.
 464  0.
 465  0.
 466  0.
 467  0.
 468  0.
 469  0.
 470  0.
 471  0.
 472  0.
 473  0.
 474  0.
 475  0.
 476  0.
 477  0.
 478  0.
 479  0.
 480  0.
 481  0.
 482  0.
 483  0.
 484  0.
 485  0.
 486  0.
 487  0.
 488  0.
 489  0.
 490  0.
 491  0.
 492  0.
 493  0.
 494  0.
 495  0.
 496  0.
 497  0.
 498  0.
 499  0.
 500  0.

 1  0.
 2  0.
 3  0.
 4  0.
 5  0.
 6  0.
 7  0.
 8  0.
 9  0.
 10  0.
 11  0.
 12  0.
 13  0.
 14  0.
 15  0.
 16  0.
 17  0.
 18  0.
 19  0.
 20  0.
 21  0.
 22  0.
 23  0.
 24  0.
 25  0.
 26  0.
 27  0.
 28  0.
 29  0.
 30  0.
 31  0.
 32  0.
 33  0.
 34  0.
 35  0.
 36  0.
 37  0.
 38  0.
 39  0.
 40  0.
 41  0.
 42  0.
 43  0.
 44  0.
 45  0.
 46  0.
 47  0.
 48  0.
 49  0.
 50  0.
 51  0.
 52  0.
 53  0.
 54  0.
 55  0.
 56  0.
 57  0.
 58  0.
 59  0.
 60  0.
 61  0.
 62  0.
 63  0.
 64  0.
 65  0.
 66  0.
 67  0.
 68  0.
 69  0.
 70  0.
 71  0.
 72  0.
 73  0.
 74  0.
 75  0.
 76  0.
 77  0.
 78  0.
 79  0.
 80  0.
 81  0.
 82  0.
 83  0.
 84  0.
 85  0.
 86  0.
 87  0.
 88  0.
 89  0.
 90  0.
 91  0.
 92  0.
 93  0.
 94  0.
 95  0.
 96  0.
 97  0.
 98  0.
 99  0.
 100  0.
 101  0.
 102  0.
 103  0.
 104  0.
 105  0.
 106  0.
 107  0.
 108  0.
 109  0.
 110  0.
 111  0.
 112  0.
 113  0.
 114  0.
 115  0.
 116  0.
 117  0.
 118  0.
 119  0.
 120  0.
 121  0.
 122  0.
 123  0.
 124  0.
 125  0.
 126  0.
 127  0.
 128  0.
 129  0.
 130  0.
 131  0.
 132  0.
 133  0.
 134  0.
 135  0.
 136  0.
 137  0.
 138  0.
 139  0.
 140  0.
 141  0.
 142  0.
 143  0.
 144  0.
 145  0.
 146  0.
 147  0.
 148  0.
 149  0.
 150  0.
 151  0.
 152  0.
 153  0.
 154  0.
 155  0.
 156  0.
 157  0.
 158  0.
 159  0.
 160  0.
 161  0.
 162  0.
 163  0.
 164  0.
 165  0.
 166  0.
 167  0.
 168  0.
 169  0.
 170  0.
 171  0.
 172  0.
 173  0.
 174  0.
 175  0.
 176  0.
 177  0.
 178  0.
 179  0.
 180  0.
 181  0.
 182  0.
 183  0.
 184  0.
 185  0.
 186  0.
 187  0.
 188  0.
 189  0.
 190  0.
 191  0.
 192  0.
 193  0.
 194  0.
 195  0.
 196  0.
 197  0.
 198  0.
 199  0.
 200  0.
 201  0.
 202  0.
 203  0.
 204  0.
 205  0.
 206  0.
 207  0.
 208  0.
 209  0.
 210  0.
 211  0.
 212  0.
 213  0.
 214  0.
 215  0.
 216  0.
 217  0.
 218  0.
 219  0.
 220  0.
 221  0.
 222  0.
 223  0.
 224  0.
 225  0.
 226  0.
 227  0.
 228  0.
 229  0.
 230  0.
 231  0.
 232  0.
 233  0.
 234  0.
 235  0.
 236  0.
 237  0.
 238  0.
 239  0.
 240  0.
 241  0.
 242  0.
 243  0.
 244  0.
 245  0.
 246  0.
 247  0.
 248  0.
 249  0.
 250  0.
 251  0.
 252  0.
 253  0.
 254  0.
 255  0.
 256  0.
 257  0.
 258  0.
 259  0.
 260  0.
 261  0.
 262  0.
 263  0.
 264  0.
 265  0.
 266  0.
 267  0.
 268  0.
 269  0.
 270  0.
 271  0.
 272  0.
 273  0.
 274  0.
 275  0.
 276  0.
 277  0.
 278  0.
 279  0.
 280  0.
 281  0.
 282  0.
 283  0.
 284  0.
 285  0.
 286  0.
 287  0.
 288  0.
 289  0.
 290  0.
 291  0.
 292  0.
 293  0.
 294  0.
 295  0.
 296  0.
 297  0.
 298  0.
 299  0.
 300  0.
 301  0.
 302  0.
 303  0.
 304  0.
 305  0.
 306  0.
 307  0.
 308  0.
 309  0.
 310  0.
 311  0.
 312  0.
 313  0.
 314  0.
 315  0.
 316  0.
 317  0.
 318  0.
 319  0.
 320  0.
 321  0.
 322  0.
 323  0.
 324  0.
 325  0.
 326  0.
 327  0.
 328  0.
 329  0.
 330  0.
 331  0.
 332  0.
 333  0.
 334  0.
 335  0.
 336  0.
 337  0.
 338  0.
 339  0.
 340  0.
 341  0.
 342  0.
 343  0.
 344  0.
 345  0.
 346  0.
 347  0.
 348  0.
 349  0.
 350  0.
 351  0.
 352  0.
 353  0.
 354  0.
 355  0.
 356  0.
 357  0.
 358  0.
 359  0.
 360  0.
 361  0.
 362  0.
 363  0.
 364  0.
 365  0.
 366  0.
 367  0.
 368  0.
 369  0.
 370  0.
 371  0.
 372  0.
 373  0.
 374  0.
 375  0.
 376  0.
 377  0.
 378  0.
 379  0.
 380  0.
 381  0.
 382  0.
 383  0.
 384  0.
 385  0.
 386  0.
 387  0.
 388  0.
 389  0.
 390  0.
 391  0.
 392  0.
 393  0.
 394  0.
 395  0.
 396  0.
 397  0.
 398  0.
 399  0.
 400  0.
 401  0.
 402  0.
 403  0.
 404  0.
 405  0.
 406  0.
 407  0.
 408  0.
 409  0.
 410  0.
 411  0.
 412  0.
 413  0.
 414  0.
 415  0.
 416  0.
 417  0.
 418  0.
 419  0.
 420  0.
 421  0.
 422  0.
 423  0.
 424  0.
 425  0.
 426  0.
 427  0.
 428  0.
 429  0.
 430  0.
 431  0.
 432  0.
 433  0.
 434  0.
 435  0.
 436  0.
 437  0.
 438  0.
 439  0.
 440  0.
 441  0.
 442  0.
 443  0.
 444  0.
 445  0.
 446  0.
 447  0.
 448  0.
 449  0.
 450  0.
 451  0.
 452  0.
 453  0.
 454  0.
 455  0.
 456  0.
 457  0.
 458  0.
 459  0.
 460  0.
 461  0.
 462  0.
 463  0.
 464  0.
 465  0.
 466  0.
 467  0.
 468  0.
 469  0.
 470  0.
 471  0.
 472  0.
 473  0.
 474  0.
 475  0.
 476  0.
 477  0.
 478  0.
 479  0.
 480  0.
 481  0.
 482  0.
 483  0.
 484  0.
 485  0.
 486  0.
 487  0.
 488  0.
 489  0.
 490  0.
 491  0.
 492  0.
 493  0.
 494  0.
 495  0.
 496  0.
 497  0.
 498  0.
 499  0.
 500  0.

 1  0.
 2  0.
 3  0.
 4  0.
 5  0.
 6  0.
 7  0.
 8  0.
 9  0.
 10  0.
 11  0.
 12  0.
 13  0.
 14  0.
 15  0.
 16  0.
 17  0.
 18  0.
 19  0.
 20  0.
 21  0.
 22  0.
 23  0.
 24  0.
 25  0.
 26  0.
 27  0.
 28  0.
 29  0.
 30  0.
 31  0.
 32  0.
 33  0.
 34  0.
 35  0.
 36  0.
 37  0.
 38  0.
 39  0.
 40  0.
 41  0.
 42  0.
 43  0.
 44  0.
 45  0.
 46  0.
 47  0.
 48  0.
 49  0.
 50  0.
 51  0.
 52  0.
 53  0.
 54  0.
 55  0.
 56  0.
 57  0.
 58  0.
 59  0.
 60  0.
 61  0.
 62  0.
 63  0.
 64  0.
 65  0.
 66  0.
 67  0.
 68  0.
 69  0.
 70  0.
 71  0.
 72  0.
 73  0.
 74  0.
 75  0.
 76  0.
 77  0.
 78  0.
 79  0.
 80  0.
 81  0.
 82  0.
 83  0.
 84  0.
 85  0.
 86  0.
 87  0.
 88  0.
 89  0.
 90  0.
 91  0.
 92  0.
 93  0.
 94  0.
 95  0.
 96  0.
 97  0.
 98  0.
 99  0.
 100  0.
 101  0.
 102  0.
 103  0.
 104  0.
 105  0.
 106  0.
 107  0.
 108  0.
 109  0.
 110  0.
 111  0.
 112  0.
 113  0.
 114  0.
 115  0.
 116  0.
 117  0.
 118  0.
 119  0.
 120  0.
 121  0.
 122  0.
 123  0.
 124  0.
 125  0.
 126  0.
 127  0.
 128  0.
 129  0.
 130  0.
 131  0.
 132  0.
 133  0.
 134  0.
 135  0.
 136  0.
 137  0.
 138  0.
 139  0.
 140  0.
 141  0.
 142  0.
 143  0.
 144  0.
 145  0.
 146  0.
 147  0.
 148  0.
 149  0.
 150  0.
 151  0.
 152  0.
 153  0.
 154  0.
 155  0.
 156  0.
 157  0.
 158  0.
 159  0.
 160  0.
 161  0.
 162  0.
 163  0.
 164  0.
 165  0.
 166  0.
 167  0.
 168  0.
 169  0.
 170  0.
 171  0.
 172  0.
 173  0.
 174  0.
 175  0.
 176  0.
 177  0.
 178  0.
 179  0.
 180  0.
 181  0.
 182  0.
 183  0.
 184  0.
 185  0.
 186  0.
 187  0.
 188  0.
 189  0.
 190  0.
 191  0.
 192  0.
 193  0.
 194  0.
 195  0.
 196  0.
 197  0.
 198  0.
 199  0.
 200  0.
 201  0.
 202  0.
 203  0.
 204  0.
 205  0.
 206  0.
 207  0.
 208  0.
 209  0.
 210  0.
 211  0.
 212  0.
 213  0.
 214  0.
 215  0.
 216  0.
 217  0.
 218  0.
 219  0.
 220  0.
 221  0.
 222  0.
 223  0.
 224  0.
 225  0.
 226  0.
 227  0.
 228  0.
 229  0.
 230  0.
 231  0.
 232  0.
 233  0.
 234  0.
 235  0.
 236  0.
 237  0.
 238  0.
 239  0.
 240  0.
 241  0.
 242  0.
 243  0.
 244  0.
 245  0.
 246  0.
 247  0.
 248  0.
 249  0.
 250  0.
 251  0.
 252  0.
 253  0.
 254  0.
 255  0.
 256  0.
 257  0.
 258  0.
 259  0.
 260  0.
 261  0.
 262  0.
 263  0.
 264  0.
 265  0.
 266  0.
 267  0.
 268  0.
 269  0.
 270  0.
 271  0.
 272  0.
 273  0.
 274  0.
 275  0.
 276  0.
 277  0.
 278  0.
 279  0.
 280  0.
 281  0.
 282  0.
 283  0.
 284  0.
 285  0.
 286  0.
 287  0.
 288  0.
 289  0.
 290  0.
 291  0.
 292  0.
 293  0.
 294  0.
 295  0.
 296  0.
 297  0.
 298  0.
 299  0.
 300  0.
 301  0.
 302  0.
 303  0.
 304  0.
 305  0.
 306  0.
 307  0.
 308  0.
 309  0.
 310  0.
 311  0.
 312  0.
 313  0.
 314  0.
 315  0.
 316  0.
 317  0.
 318  0.
 319  0.
 320  0.
 321  0.
 322  0.
 323  0.
 324  0.
 325  0.
 326  0.
 327  0.
 328  0.
 329  0.
 330  0.
 331  0.
 332  0.
 333  0.
 334  0.
 335  0.
 336  0.
 337  0.
 338  0.
 339  0.
 340  0.
 341  0.
 342  0.
 343  0.
 344  0.
 345  0.
 346  0.
 347  0.
 348  0.
 349  0.
 350  0.
 351  0.
 352  0.
 353  0.
 354  0.
 355  0.
 356  0.
 357  0.
 358  0.
 359  0.
 360  0.
 361  0.
 362  0.
 363  0.
 364  0.
 365  0.
 366  0.
 367  0.
 368  0.
 369  0.
 370  0.
 371  0.
 372  0.
 373  0.
 374  0.
 375  0.
 376  0.
 377  0.
 378  0.
 379  0.
 380  0.
 381  0.
 382  0.
 383  0.
 384  0.
 385  0.
 386  0.
 387  0.
 388  0.
 389  0.
 390  0.
 391  0.
 392  0.
 393  0.
 394  0.
 395  0.
 396  0.
 397  0.
 398  0.
 399  0.
 400  0.
 401  0.
 402  0.
 403  0.
 404  0.
 405  0.
 406  0.
 407  0.
 408  0.
 409  0.
 410  0.
 411  0.
 412  0.
 413  0.
 414  0.
 415  0.
 416  0.
 417  0.
 418  0.
 419  0.
 420  0.
 421  0.
 422  0.
 423  0.
 424  0.
 425  0.
 426  0.
 427  0.
 428  0.
 429  0.
 430  0.
 431  0.
 432  0.
 433  0.
 434  0.
 435  0.
 436  0.
 437  0.
 438  0.
 439  0.
 440  0.
 441  0.
 442  0.
 443  0.
 444  0.
 445  0.
 446  0.
 447  0.
 448  0.
 449  0.
 450  0.
 451  0.
 452  0.
 453  0.
 454  0.
 455  0.
 456  0.
 457  0.
 458  0.
 459  0.
 460  0.
 461  0.
 462  0.
 463  0.
 464  0.
 465  0.
 466  0.
 467  0.
 468  0.
 469  0.
 470  0.
 471  0.
 472  0.
 473  0.
 474  0.
 475  0.
 476  0.
 477  0.
 478  0.
 479  0.
 480  0.
 481  0.
 482  0.
 483  0.
 484  0.
 485  0.
 486  0.
 487  0.
 488  0.
 489  0.
 490  0.
 491  0.
 492  0.
 493  0.
 494  0.
 495  0.
 496  0.
 497  0.
 498  0.
 499  0.
 500  0.

 1  0.
 2  0.
 3  0.
 4  0.
 5  0.
 6  0.
 7  0.
 8  0.
 9  0.
 10  0.
 11  0.
 12  0.
 13  0.
 14  0.
 15  0.
 16  0.
 17  0.
 18  0.
 19  0.
 20  0.
 21  0.
 22  0.
 23  0.
 24  0.
 25  0.
 26  0.
 27  0.
 28  0.
 29  0.
 30  0.
 31  0.
 32  0.
 33  0.
 34  0.
 35  0.
 36  0.
 37  0.
 38  0.
 39  0.
 40  0.
 41  0.
 42  0.
 43  0.
 44  0.
 45  0.
 46  0.
 47  0.
 48  0.
 49  0.
 50  0.
 51  0.
 52  0.
 53  0.
 54  0.
 55  0.
 56  0.
 57  0.
 58  0.
 59  0.
 60  0.
 61  0.
 62  0.
 63  0.
 64  0.
 65  0.
 66  0.
 67  0.
 68  0.
 69  0.
 70  0.
 71  0.
 72  0.
 73  0.
 74  0.
 75  0.
 76  0.
 77  0.
 78  0.
 79  0.
 80  0.
 81  0.
 82  0.
 83  0.
 84  0.
 85  0.
 86  0.
 87  0.
 88  0.
 89  0.
 90  0.
 91  0.
 92  0.
 93  0.
 94  0.
 95  0.
 96  0.
 97  0.
 98  0.
 99  0.
 100  0.
 101  0.
 102  0.
 103  0.
 104  0.
 105  0.
 106  0.
 107  0.
 108  0.
 109  0.
 110  0.
 111  0.
 112  0.
 113  0.
 114  0.
 115  0.
 116  0.
 117  0.
 118  0.
 119  0.
 120  0.
 121  0.
 122  0.
 123  0.
 124  0.
 125  0.
 126  0.
 127  0.
 128  0.
 129  0.
 130  0.
 131  0.
 132  0.
 133  0.
 134  0.
 135  0.
 136  0.
 137  0.
 138  0.
 139  0.
 140  0.
 141  0.
 142  0.
 143  0.
 144  0.
 145  0.
 146  0.
 147  0.
 148  0.
 149  0.
 150  0.
 151  0.
 152  0.
 153  0.
 154  0.
 155  0.
 156  0.
 157  0.
 158  0.
 159  0.
 160  0.
 161  0.
 162  0.
 163  0.
 164  0.
 165  0.
 166  0.
 167  0.
 168  0.
 169  0.
 170  0.
 171  0.
 172  0.
 173  0.
 174  0.
 175  0.
 176  0.
 177  0.
 178  0.
 179  0.
 180  0.
 181  0.
 182  0.
 183  0.
 184  0.
 185  0.
 186  0.
 187  0.
 188  0.
 189  0.
 190  0.
 191  0.
 192  0.
 193  0.
 194  0.
 195  0.
 196  0.
 197  0.
 198  0.
 199  0.
 200  0.
 201  0.
 202  0.
 203  0.
 204  0.
 205  0.
 206  0.
 207  0.
 208  0.
 209  0.
 210  0.
 211  0.
 212  0.
 213  0.
 214  0.
 215  0.
 216  0.
 217  0.
 218  0.
 219  0.
 220  0.
 221  0.
 222  0.
 223  0.
 224  0.
 225  0.
 226  0.
 227  0.
 228  0.
 229  0.
 230  0.
 231  0.
 232  0.
 233  0.
 234  0.
 235  0.
 236  0.
 237  0.
 238  0.
 239  0.
 240  0.
 241  0.
 242  0.
 243  0.
 244  0.
 245  0.
 246  0.
 247  0.
 248  0.
 249  0.
 250  0.
 251  0.
 252  0.
 253  0.
 254  0.
 255  0.
 256  0.
 257  0.
 258  0.
 259  0.
 260  0.
 261  0.
 262  0.
 263  0.
 264  0.
 265  0.
 266  0.
 267  0.
 268  0.
 269  0.
 270  0.
 271  0.
 272  0.
 273  0.
 274  0.
 275  0.
 276  0.
 277  0.
 278  0.
 279  0.
 280  0.
 281  0.
 282  0.
 283  0.
 284  0.
 285  0.
 286  0.
 287  0.
 288  0.
 289  0.
 290  0.
 291  0.
 292  0.
 293  0.
 294  0.
 295  0.
 296  0.
 297  0.
 298  0.
 299  0.
 300  0.
 301  0.
 302  0.
 303  0.
 304  0.
 305  0.
 306  0.
 307  0.
 308  0.
 309  0.
 310  0.
 311  0.
 312  0.
 313  0.
 314  0.
 315  0.
 316  0.
 317  0.
 318  0.
 319  0.
 320  0.
 321  0.
 322  0.
 323  0.
 324  0.
 325  0.
 326  0.
 327  0.
 328  0.
 329  0.
 330  0.
 331  0.
 332  0.
 333  0.
 334  0.
 335  0.
 336  0.
 337  0.
 338  0.
 339  0.
 340  0.
 341  0.
 342  0.
 343  0.
 344  0.
 345  0.
 346  0.
 347  0.
 348  0.
 349  0.
 350  0.
 351  0.
 352  0.
 353  0.
 354  0.
 355  0.
 356  0.
 357  0.
 358  0.
 359  0.
 360  0.
 361  0.
 362  0.
 363  0.
 364  0.
 365  0.
 366  0.
 367  0.
 368  0.
 369  0.
 370  0.
 371  0.
 372  0.
 373  0.
 374  0.
 375  0.
 376  0.
 377  0.
 378  0.
 379  0.
 380  0.
 381  0.
 382  0.
 383  0.
 384  0.
 385  0.
 386  0.
 387  0.
 388  0.
 389  0.
 390  0.
 391  0.
 392  0.
 393  0.
 394  0.
 395  0.
 396  0.
 397  0.
 398  0.
 399  0.
 400  0.
 401  0.
 402  0.
 403  0.
 404  0.
 405  0.
 406  0.
 407  0.
 408  0.
 409  0.
 410  0.
 411  0.
 412  0.
 413  0.
 414  0.
 415  0.
 416  0.
 417  0.
 418  0.
 419  0.
 420  0.
 421  0.
 422  0.
 423  0.
 424  0.
 425  0.
 426  0.
 427  0.
 428  0.
 429  0.
 430  0.
 431  0.
 432  0.
 433  0.
 434  0.
 435  0.
 436  0.
 437  0.
 438  0.
 439  0.
 440  0.
 441  0.
 442  0.
 443  0.
 444  0.
 445  0.
 446  0.
 447  0.
 448  0.
 449  0.
 450  0.
 451  0.
 452  0.
 453  0.
 454  0.
 455  0.
 456  0.
 457  0.
 458  0.
 459  0.
 460  0.
 461  0.
 462  0.
 463  0.
 464  0.
 465  0.
 466  0.
 467  0.
 468  0.
 469  0.
 470  0.
 471  0.
 472  0.
 473  0.
 474  0.
 475  0.
 476  0.
 477  0.
 478  0.
 479  0.
 480  0.
 481  0.
 482  0.
 483  0.
 484  0.
 485  0.
 486  0.
 487  0.
 488  0.
 489  0.
 490  0.
 491  0.
 492  0.
 493  0.
 494  0.
 495  0.
 496  0.
 497  0.
 498  0.
 499  0.
 500  0.

 1  0.
 2  0.
 3  0.
 4  0.
 5  0.
 6  0.
 7  0.
 8  0.
 9  0.
 10  0.
 11  0.
 12  0.
 13  0.
 14  0.
 15  0.
 16  0.
 17  0.
 18  0.
 19  0.
 20  0.
 21  0.
 22  0.
 23  0.
 24  0.
 25  0.
 26  0.
 27  0.
 28  0.
 29  0.
 30  0.
 31  0.
 32  0.
 33  0.
 34  0.
 35  0.
 36  0.
 37  0.
 38  0.
 39  0.
 40  0.
 41  0.
 42  0.
 43  0.
 44  0.
 45  0.
 46  0.
 47  0.
 48  0.
 49  0.
 50  0.
 51  0.
 52  0.
 53  0.
 54  0.
 55  0.
 56  0.
 57  0.
 58  0.
 59  0.
 60  0.
 61  0.
 62  0.
 63  0.
 64  0.
 65  0.
 66  0.
 67  0.
 68  0.
 69  0.
 70  0.
 71  0.
 72  0.
 73  0.
 74  0.
 75  0.
 76  0.
 77  0.
 78  0.
 79  0.
 80  0.
 81  0.
 82  0.
 83  0.
 84  0.
 85  0.
 86  0.
 87  0.
 88  0.
 89  0.
 90  0.
 91  0.
 92  0.
 93  0.
 94  0.
 95  0.
 96  0.
 97  0.
 98  0.
 99  0.
 100  0.
 101  0.
 102  0.
 103  0.
 104  0.
 105  0.
 106  0.
 107  0.
 108  0.
 109  0.
 110  0.
 111  0.
 112  0.
 113  0.
 114  0.
 115  0.
 116  0.
 117  0.
 118  0.
 119  0.
 120  0.
 121  0.
 122  0.
 123  0.
 124  0.
 125  0.
 126  0.
 127  0.
 128  0.
 129  0.
 130  0.
 131  0.
 132  0.
 133  0.
 134  0.
 135  0.
 136  0.
 137  0.
 138  0.
 139  0.
 140  0.
 141  0.
 142  0.
 143  0.
 144  0.
 145  0.
 146  0.
 147  0.
 148  0.
 149  0.
 150  0.
 151  0.
 152  0.
 153  0.
 154  0.
 155  0.
 156  0.
 157  0.
 158  0.
 159  0.
 160  0.
 161  0.
 162  0.
 163  0.
 164  0.
 165  0.
 166  0.
 167  0.
 168  0.
 169  0.
 170  0.
 171  0.
 172  0.
 173  0.
 174  0.
 175  0.
 176  0.
 177  0.
 178  0.
 179  0.
 180  0.
 181  0.
 182  0.
 183  0.
 184  0.
 185  0.
 186  0.
 187  0.
 188  0.
 189  0.
 190  0.
 191  0.
 192  0.
 193  0.
 194  0.
 195  0.
 196  0.
 197  0.
 198  0.
 199  0.
 200  0.
 201  0.
 202  0.
 203  0.
 204  0.
 205  0.
 206  0.
 207  0.
 208  0.
 209  0.
 210  0.
 211  0.
 212  0.
 213  0.
 214  0.
 215  0.
 216  0.
 217  0.
 218  0.
 219  0.
 220  0.
 221  0.
 222  0.
 223  0.
 224  0.
 225  0.
 226  0.
 227  0.
 228  0.
 229  0.
 230  0.
 231  0.
 232  0.
 233  0.
 234  0.
 235  0.
 236  0.
 237  0.
 238  0.
 239  0.
 240  0.
 241  0.
 242  0.
 243  0.
 244  0.
 245  0.
 246  0.
 247  0.
 248  0.
 249  0.
 250  0.
 251  0.
 252  0.
 253  0.
 254  0.
 255  0.
 256  0.
 257  0.
 258  0.
 259  0.
 260  0.
 261  0.
 262  0.
 263  0.
 264  0.
 265  0.
 266  0.
 267  0.
 268  0.
 269  0.
 270  0.
 271  0.
 272  0.
 273  0.
 274  0.
 275  0.
 276  0.
 277  0.
 278  0.
 279  0.
 280  0.
 281  0.
 282  0.
 283  0.
 284  0.
 285  0.
 286  0.
 287  0.
 288  0.
 289  0.
 290  0.
 291  0.
 292  0.
 293  0.
 294  0.
 295  0.
 296  0.
 297  0.
 298  0.
 299  0.
 300  0.
 301  0.
 302  0.
 303  0.
 304  0.
 305  0.
 306  0.
 307  0.
 308  0.
 309  0.
 310  0.
 311  0.
 312  0.
 313  0.
 314  0.
 315  0.
 316  0.
 317  0.
 318  0.
 319  0.
 320  0.
 321  0.
 322  0.
 323  0.
 324  0.
 325  0.
 326  0.
 327  0.
 328  0.
 329  0.
 330  0.
 331  0.
 332  0.
 333  0.
 334  0.
 335  0.
 336  0.
 337  0.
 338  0.
 339  0.
 340  0.
 341  0.
 342  0.
 343  0.
 344  0.
 345  0.
 346  0.
 347  0.
 348  0.
 349  0.
 350  0.
 351  0.
 352  0.
 353  0.
 354  0.
 355  0.
 356  0.
 357  0.
 358  0.
 359  0.
 360  0.
 361  0.
 362  0.
 363  0.
 364  0.
 365  0.
 366  0.
 367  0.
 368  0.
 369  0.
 370  0.
 371  0.
 372  0.
 373  0.
 374  0.
 375  0.
 376  0.
 377  0.
 378  0.
 379  0.
 380  0.
 381  0.
 382  0.
 383  0.
 384  0.
 385  0.
 386  0.
 387  0.
 388  0.
 389  0.
 390  0.
 391  0.
 392  0.
 393  0.
 394  0.
 395  0.
 396  0.
 397  0.
 398  0.
 399  0.
 400  0.
 401  0.
 402  0.
 403  0.
 404  0.
 405  0.
 406  0.
 407  0.
 408  0.
 409  0.
 410  0.
 411  0.
 412  0.
 413  0.
 414  0.
 415  0.
 416  0.
 417  0.
 418  0.
 419  0.
 420  0.
 421  0.
 422  0.
 423  0.
 424  0.
 425  0.
 426  0.
 427  0.
 428  0.
 429  0.
 430  0.
 431  0.
 432  0.
 433  0.
 434  0.
 435  0.
 436  0.
 437  0.
 438  0.
 439  0.
 440  0.
 441  0.
 442  0.
 443  0.
 444  0.
 445  0.
 446  0.
 447  0.
 448  0.
 449  0.
 450  0.
 451  0.
 452  0.
 453  0.
 454  0.
 455  0.
 456  0.
 457  0.
 458  0.
 459  0.
 460  0.
 461  0.
 462  0.
 463  0.
 464  0.
 465  0.
 466  0.
 467  0.
 468  0.
 469  0.
 470  0.
 471  0.
 472  0.
 473  0.
 474  0.
 475  0.
 476  0.
 477  0.
 478  0.
 479  0.
 480  0.
 481  0.
 482  0.
 483  0.
 484  0.
 485  0.
 486  0.
 487  0.
 488  0.
 489  0.
 490  0.
 491  0.
 492  0.
 493  0.
 494  0.
 495  0.
 496  0.
 497  0.
 498  0.
 499  0.
 500  0.

 1  0.
 2  0.
 3  0.
 4  0.
 5  0.
 6  0.
 7  0.
 8  0.
 9  0.
 10  0.
 11  0.
 12  0.
 13  0.
 14  0.
 15  0.
 16  0.
 17  0.
 18  0.
 19  0.
 20  0.
 21  0.
 22  0.
 23  0.
 24  0.
 25  0.
 26  0.
 27  0.
 28  0.
 29  0.
 30  0.
 31  0.
 32  0.
 33  0.
 34  0.
 35  0.
 36  0.
 37  0.
 38  0.
 39  0.
 40  0.
 41  0.
 42  0.
 43  0.
 44  0.
 45  0.
 46  0.
 47  0.
 48  0.
 49  0.
 50  0.
 51  0.
 52  0.
 53  0.
 54  0.
 55  0.
 56  0.
 57  0.
 58  0.
 59  0.
 60  0.
 61  0.
 62  0.
 63  0.
 64  0.
 65  0.
 66  0.
 67  0.
 68  0.
 69  0.
 70  0.
 71  0.
 72  0.
 73  0.
 74  0.
 75  0.
 76  0.
 77  0.
 78  0.
 79  0.
 80  0.
 81  0.
 82  0.
 83  0.
 84  0.
 85  0.
 86  0.
 87  0.
 88  0.
 89  0.
 90  0.
 91  0.
 92  0.
 93  0.
 94  0.
 95  0.
 96  0.
 97  0.
 98  0.
 99  0.
 100  0.
 101  0.
 102  0.
 103  0.
 104  0.
 105  0.
 106  0.
 107  0.
 108  0.
 109  0.
 110  0.
 111  0.
 112  0.
 113  0.
 114  0.
 115  0.
 116  0.
 117  0.
 118  0.
 119  0.
 120  0.
 121  0.
 122  0.
 123  0.
 124  0.
 125  0.
 126  0.
 127  0.
 128  0.
 129  0.
 130  0.
 131  0.
 132  0.
 133  0.
 134  0.
 135  0.
 136  0.
 137  0.
 138  0.
 139  0.
 140  0.
 141  0.
 142  0.
 143  0.
 144  0.
 145  0.
 146  0.
 147  0.
 148  0.
 149  0.
 150  0.
 151  0.
 152  0.
 153  0.
 154  0.
 155  0.
 156  0.
 157  0.
 158  0.
 159  0.
 160  0.
 161  0.
 162  0.
 163  0.
 164  0.
 165  0.
 166  0.
 167  0.
 168  0.
 169  0.
 170  0.
 171  0.
 172  0.
 173  0.
 174  0.
 175  0.
 176  0.
 177  0.
 178  0.
 179  0.
 180  0.
 181  0.
 182  0.
 183  0.
 184  0.
 185  0.
 186  0.
 187  0.
 188  0.
 189  0.
 190  0.
 191  0.
 192  0.
 193  0.
 194  0.
 195  0.
 196  0.
 197  0.
 198  0.
 199  0.
 200  0.
 201  0.
 202  0.
 203  0.
 204  0.
 205  0.
 206  0.
 207  0.
 208  0.
 209  0.
 210  0.
 211  0.
 212  0.
 213  0.
 214  0.
 215  0.
 216  0.
 217  0.
 218  0.
 219  0.
 220  0.
 221  0.
 222  0.
 223  0.
 224  0.
 225  0.
 226  0.
 227  0.
 228  0.
 229  0.
 230  0.
 231  0.
 232  0.
 233  0.
 234  0.
 235  0.
 236  0.
 237  0.
 238  0.
 239  0.
 240  0.
 241  0.
 242  0.
 243  0.
 244  0.
 245  0.
 246  0.
 247  0.
 248  0.
 249  0.
 250  0.
 251  0.
 252  0.
 253  0.
 254  0.
 255  0.
 256  0.
 257  0.
 258  0.
 259  0.
 260  0.
 261  0.
 262  0.
 263  0.
 264  0.
 265  0.
 266  0.
 267  0.
 268  0.
 269  0.
 270  0.
 271  0.
 272  0.
 273  0.
 274  0.
 275  0.
 276  0.
 277  0.
 278  0.
 279  0.
 280  0.
 281  0.
 282  0.
 283  0.
 284  0.
 285  0.
 286  0.
 287  0.
 288  0.
 289  0.
 290  0.
 291  0.
 292  0.
 293  0.
 294  0.
 295  0.
 296  0.
 297  0.
 298  0.
 299  0.
 300  0.
 301  0.
 302  0.
 303  0.
 304  0.
 305  0.
 306  0.
 307  0.
 308  0.
 309  0.
 310  0.
 311  0.
 312  0.
 313  0.
 314  0.
 315  0.
 316  0.
 317  0.
 318  0.
 319  0.
 320  0.
 321  0.
 322  0.
 323  0.
 324  0.
 325  0.
 326  0.
 327  0.
 328  0.
 329  0.
 330  0.
 331  0.
 332  0.
 333  0.
 334  0.
 335  0.
 336  0.
 337  0.
 338  0.
 339  0.
 340  0.
 341  0.
 342  0.
 343  0.
 344  0.
 345  0.
 346  0.
 347  0.
 348  0.
 349  0.
 350  0.
 351  0.
 352  0.
 353  0.
 354  0.
 355  0.
 356  0.
 357  0.
 358  0.
 359  0.
 360  0.
 361  0.
 362  0.
 363  0.
 364  0.
 365  0.
 366  0.
 367  0.
 368  0.
 369  0.
 370  0.
 371  0.
 372  0.
 373  0.
 374  0.
 375  0.
 376  0.
 377  0.
 378  0.
 379  0.
 380  0.
 381  0.
 382  0.
 383  0.
 384  0.
 385  0.
 386  0.
 387  0.
 388  0.
 389  0.
 390  0.
 391  0.
 392  0.
 393  0.
 394  0.
 395  0.
 396  0.
 397  0.
 398  0.
 399  0.
 400  0.
 401  0.
 402  0.
 403  0.
 404  0.
 405  0.
 406  0.
 407  0.
 408  0.
 409  0.
 410  0.
 411  0.
 412  0.
 413  0.
 414  0.
 415  0.
 416  0.
 417  0.
 418  0.
 419  0.
 420  0.
 421  0.
 422  0.
 423  0.
 424  0.
 425  0.
 426  0.
 427  0.
 428  0.
 429  0.
 430  0.
 431  0.
 432  0.
 433  0.
 434  0.
 435  0.
 436  0.
 437  0.
 438  0.
 439  0.
 440  0.
 441  0.
 442  0.
 443  0.
 444  0.
 445  0.
 446  0.
 447  0.
 448  0.
 449  0.
 450  0.
 451  0.
 452  0.
 453  0.
 454  0.
 455  0.
 456  0.
 457  0.
 458  0.
 459  0.
 460  0.
 461  0.
 462  0.
 463  0.
 464  0.
 465  0.
 466  0.
 467  0.
 468  0.
 469  0.
 470  0.
 471  0.
 472  0.
 473  0.
 474  0.
 475  0.
 476  0.
 477  0.
 478  0.
 479  0.
 480  0.
 481  0.
 482  0.
 483  0.
 484  0.
 485  0.
 486  0.
 487  0.
 488  0.
 489  0.
 490  0.
 491  0.
 492  0.
 493  0.
 494  0.
 495  0.
 496  0.
 497  0.
 498  0.
 499  0.
 500  0.

 1  0.
 2  0.
 3  0.
 4  0.
 5  0.
 6  0.
 7  0.
 8  0.
 9  0.
 10  0.
 11  0.
 12  0.
 13  0.
 14  0.
 15  0.
 16  0.
 17  0.
 18  0.
 19  0.
 20  0.
 21  0.
 22  0.
 23  0.
 24  0.
 25  0.
 26  0.
 27  0.
 28  0.
 29  0.
 30  0.
 31  0.
 32  0.
 33  0.
 34  0.
 35  0.
 36  0.
 37  0.
 38  0.
 39  0.
 40  0.
 41  0.
 42  0.
 43  0.
 44  0.
 45  0.
 46  0.
 47  0.
 48  0.
 49  0.
 50  0.
 51  0.
 52  0.
 53  0.
 54  0.
 55  0.
 56  0.
 57  0.
 58  0.
 59  0.
 60  0.
 61  0.
 62  0.
 63  0.
 64  0.
 65  0.
 66  0.
 67  0.
 68  0.
 69  0.
 70  0.
 71  0.
 72  0.
 73  0.
 74  0.
 75  0.
 76  0.
 77  0.
 78  0.
 79  0.
 80  0.
 81  0.
 82  0.
 83  0.
 84  0.
 85  0.
 86  0.
 87  0.
 88  0.
 89  0.
 90  0.
 91  0.
 92  0.
 93  0.
 94  0.
 95  0.
 96  0.
 97  0.
 98  0.
 99  0.
 100  0.
 101  0.
 102  0.
 103  0.
 104  0.
 105  0.
 106  0.
 107  0.
 108  0.
 109  0.
 110  0.
 111  0.
 112  0.
 113  0.
 114  0.
 115  0.
 116  0.
 117  0.
 118  0.
 119  0.
 120  0.
 121  0.
 122  0.
 123  0.
 124  0.
 125  0.
 126  0.
 127  0.
 128  0.
 129  0.
 130  0.
 131  0.
 132  0.
 133  0.
 134  0.
 135  0.
 136  0.
 137  0.
 138  0.
 139  0.
 140  0.
 141  0.
 142  0.
 143  0.
 144  0.
 145  0.
 146  0.
 147  0.
 148  0.
 149  0.
 150  0.
 151  0.
 152  0.
 153  0.
 154  0.
 155  0.
 156  0.
 157  0.
 158  0.
 159  0.
 160  0.
 161  0.
 162  0.
 163  0.
 164  0.
 165  0.
 166  0.
 167  0.
 168  0.
 169  0.
 170  0.
 171  0.
 172  0.
 173  0.
 174  0.
 175  0.
 176  0.
 177  0.
 178  0.
 179  0.
 180  0.
 181  0.
 182  0.
 183  0.
 184  0.
 185  0.
 186  0.
 187  0.
 188  0.
 189  0.
 190  0.
 191  0.
 192  0.
 193  0.
 194  0.
 195  0.
 196  0.
 197  0.
 198  0.
 199  0.
 200  0.
 201  0.
 202  0.
 203  0.
 204  0.
 205  0.
 206  0.
 207  0.
 208  0.
 209  0.
 210  0.
 211  0.
 212  0.
 213  0.
 214  0.
 215  0.
 216  0.
 217  0.
 218  0.
 219  0.
 220  0.
 221  0.
 222  0.
 223  0.
 224  0.
 225  0.
 226  0.
 227  0.
 228  0.
 229  0.
 230  0.
 231  0.
 232  0.
 233  0.
 234  0.
 235  0.
 236  0.
 237  0.
 238  0.
 239  0.
 240  0.
 241  0.
 242  0.
 243  0.
 244  0.
 245  0.
 246  0.
 247  0.
 248  0.
 249  0.
 250  0.
 251  0.
 252  0.
 253  0.
 254  0.
 255  0.
 256  0.
 257  0.
 258  0.
 259  0.
 260  0.
 261  0.
 262  0.
 263  0.
 264  0.
 265  0.
 266  0.
 267  0.
 268  0.
 269  0.
 270  0.
 271  0.
 272  0.
 273  0.
 274  0.
 275  0.
 276  0.
 277  0.
 278  0.
 279  0.
 280  0.
 281  0.
 282  0.
 283  0.
 284  0.
 285  0.
 286  0.
 287  0.
 288  0.
 289  0.
 290  0.
 291  0.
 292  0.
 293  0.
 294  0.
 295  0.
 296  0.
 297  0.
 298  0.
 299  0.
 300  0.
 301  0.
 302  0.
 303  0.
 304  0.
 305  0.
 306  0.
 307  0.
 308  0.
 309  0.
 310  0.
 311  0.
 312  0.
 313  0.
 314  0.
 315  0.
 316  0.
 317  0.
 318  0.
 319  0.
 320  0.
 321  0.
 322  0.
 323  0.
 324  0.
 325  0.
 326  0.
 327  0.
 328  0.
 329  0.
 330  0.
 331  0.
 332  0.
 333  0.
 334  0.
 335  0.
 336  0.
 337  0.
 338  0.
 339  0.
 340  0.
 341  0.
 342  0.
 343  0.
 344  0.
 345  0.
 346  0.
 347  0.
 348  0.
 349  0.
 350  0.
 351  0.
 352  0.
 353  0.
 354  0.
 355  0.
 356  0.
 357  0.
 358  0.
 359  0.
 360  0.
 361  0.
 362  0.
 363  0.
 364  0.
 365  0.
 366  0.
 367  0.
 368  0.
 369  0.
 370  0.
 371  0.
 372  0.
 373  0.
 374  0.
 375  0.
 376  0.
 377  0.
 378  0.
 379  0.
 380  0.
 381  0.
 382  0.
 383  0.
 384  0.
 385  0.
 386  0.
 387  0.
 388  0.
 389  0.
 390  0.
 391  0.
 392  0.
 393  0.
 394  0.
 395  0.
 396  0.
 397  0.
 398  0.
 399  0.
 400  0.
 401  0.
 402  0.
 403  0.
 404  0.
 405  0.
 406  0.
 407  0.
 408  0.
 409  0.
 410  0.
 411  0.
 412  0.
 413  0.
 414  0.
 415  0.
 416  0.
 417  0.
 418  0.
 419  0.
 420  0.
 421  0.
 422  0.
 423  0.
 424  0.
 425  0.
 426  0.
 427  0.
 428  0.
 429  0.
 430  0.
 431  0.
 432  0.
 433  0.
 434  0.
 435  0.
 436  0.
 437  0.
 438  0.
 439  0.
 440  0.
 441  0.
 442  0.
 443  0.
 444  0.
 445  0.
 446  0.
 447  0.
 448  0.
 449  0.
 450  0.
 451  0.
 452  0.
 453  0.
 454  0.
 455  0.
 456  0.
 457  0.
 458  0.
 459  0.
 460  0.
 461  0.
 462  0.
 463  0.
 464  0.
 465  0.
 466  0.
 467  0.
 468  0.
 469  0.
 470  0.
 471  0.
 472  0.
 473  0.
 474  0.
 475  0.
 476  0.
 477  0.
 478  0.
 479  0.
 480  0.
 481  0.
 482  0.
 483  0.
 484  0.
 485  0.
 486  0.
 487  0.
 488  0.
 489  0.
 490  0.
 491  0.
 492  0.
 493  0.
 494  0.
 495  0.
 496  0.
 497  0.
 498  0.
 499  0.
 500  0.

 1  0.
 2  0.
 3  0.
 4  0.
 5  0.
 6  0.
 7  0.
 8  0.
 9  0.
 10  0.
 11  0.
 12  0.
 13  0.
 14  0.
 15  0.
 16  0.
 17  0.
 18  0.
 19  0.
 20  0.
 21  0.
 22  0.
 23  0.
 24  0.
 25  0.
 26  0.
 27  0.
 28  0.
 29  0.
 30  0.
 31  0.
 32  0.
 33  0.
 34  0.
 35  0.
 36  0.
 37  0.
 38  0.
 39  0.
 40  0.
 41  0.
 42  0.
 43  0.
 44  0.
 45  0.
 46  0.
 47  0.
 48  0.
 49  0.
 50  0.
 51  0.
 52  0.
 53  0.
 54  0.
 55  0.
 56  0.
 57  0.
 58  0.
 59  0.
 60  0.
 61  0.
 62  0.
 63  0.
 64  0.
 65  0.
 66  0.
 67  0.
 68  0.
 69  0.
 70  0.
 71  0.
 72  0.
 73  0.
 74  0.
 75  0.
 76  0.
 77  0.
 78  0.
 79  0.
 80  0.
 81  0.
 82  0.
 83  0.
 84  0.
 85  0.
 86  0.
 87  0.
 88  0.
 89  0.
 90  0.
 91  0.
 92  0.
 93  0.
 94  0.
 95  0.
 96  0.
 97  0.
 98  0.
 99  0.
 100  0.
 101  0.
 102  0.
 103  0.
 104  0.
 105  0.
 106  0.
 107  0.
 108  0.
 109  0.
 110  0.
 111  0.
 112  0.
 113  0.
 114  0.
 115  0.
 116  0.
 117  0.
 118  0.
 119  0.
 120  0.
 121  0.
 122  0.
 123  0.
 124  0.
 125  0.
 126  0.
 127  0.
 128  0.
 129  0.
 130  0.
 131  0.
 132  0.
 133  0.
 134  0.
 135  0.
 136  0.
 137  0.
 138  0.
 139  0.
 140  0.
 141  0.
 142  0.
 143  0.
 144  0.
 145  0.
 146  0.
 147  0.
 148  0.
 149  0.
 150  0.
 151  0.
 152  0.
 153  0.
 154  0.
 155  0.
 156  0.
 157  0.
 158  0.
 159  0.
 160  0.
 161  0.
 162  0.
 163  0.
 164  0.
 165  0.
 166  0.
 167  0.
 168  0.
 169  0.
 170  0.
 171  0.
 172  0.
 173  0.
 174  0.
 175  0.
 176  0.
 177  0.
 178  0.
 179  0.
 180  0.
 181  0.
 182  0.
 183  0.
 184  0.
 185  0.
 186  0.
 187  0.
 188  0.
 189  0.
 190  0.
 191  0.
 192  0.
 193  0.
 194  0.
 195  0.
 196  0.
 197  0.
 198  0.
 199  0.
 200  0.
 201  0.
 202  0.
 203  0.
 204  0.
 205  0.
 206  0.
 207  0.
 208  0.
 209  0.
 210  0.
 211  0.
 212  0.
 213  0.
 214  0.
 215  0.
 216  0.
 217  0.
 218  0.
 219  0.
 220  0.
 221  0.
 222  0.
 223  0.
 224  0.
 225  0.
 226  0.
 227  0.
 228  0.
 229  0.
 230  0.
 231  0.
 232  0.
 233  0.
 234  0.
 235  0.
 236  0.
 237  0.
 238  0.
 239  0.
 240  0.
 241  0.
 242  0.
 243  0.
 244  0.
 245  0.
 246  0.
 247  0.
 248  0.
 249  0.
 250  0.
 251  0.
 252  0.
 253  0.
 254  0.
 255  0.
 256  0.
 257  0.
 258  0.
 259  0.
 260  0.
 261  0.
 262  0.
 263  0.
 264  0.
 265  0.
 266  0.
 267  0.
 268  0.
 269  0.
 270  0.
 271  0.
 272  0.
 273  0.
 274  0.
 275  0.
 276  0.
 277  0.
 278  0.
 279  0.
 280  0.
 281  0.
 282  0.
 283  0.
 284  0.
 285  0.
 286  0.
 287  0.
 288  0.
 289  0.
 290  0.
 291  0.
 292  0.
 293  0.
 294  0.
 295  0.
 296  0.
 297  0.
 298  0.
 299  0.
 300  0.
 301  0.
 302  0.
 303  0.
 304  0.
 305  0.
 306  0.
 307  0.
 308  0.
 309  0.
 310  0.
 311  0.
 312  0.
 313  0.
 314  0.
 315  0.
 316  0.
 317  0.
 318  0.
 319  0.
 320  0.
 321  0.
 322  0.
 323  0.
 324  0.
 325  0.
 326  0.
 327  0.
 328  0.
 329  0.
 330  0.
 331  0.
 332  0.
 333  0.
 334  0.
 335  0.
 336  0.
 337  0.
 338  0.
 339  0.
 340  0.
 341  0.
 342  0.
 343  0.
 344  0.
 345  0.
 346  0.
 347  0.
 348  0.
 349  0.
 350  0.
 351  0.
 352  0.
 353  0.
 354  0.
 355  0.
 356  0.
 357  0.
 358  0.
 359  0.
 360  0.
 361  0.
 362  0.
 363  0.
 364  0.
 365  0.
 366  0.
 367  0.
 368  0.
 369  0.
 370  0.
 371  0.
 372  0.
 373  0.
 374  0.
 375  0.
 376  0.
 377  0.
 378  0.
 379  0.
 380  0.
 381  0.
 382  0.
 383  0.
 384  0.
 385  0.
 386  0.
 387  0.
 388  0.
 389  0.
 390  0.
 391  0.
 392  0.
 393  0.
 394  0.
 395  0.
 396  0.
 397  0.
 398  0.
 399  0.
 400  0.
 401  0.
 402  0.
 403  0.
 404  0.
 405  0.
 406  0.
 407  0.
 408  0.
 409  0.
 410  0.
 411  0.
 412  0.
 413  0.
 414  0.
 415  0.
 416  0.
 417  0.
 418  0.
 419  0.
 420  0.
 421  0.
 422  0.
 423  0.
 424  0.
 425  0.
 426  0.
 427  0.
 428  0.
 429  0.
 430  0.
 431  0.
 432  0.
 433  0.
 434  0.
 435  0.
 436  0.
 437  0.
 438  0.
 439  0.
 440  0.
 441  0.
 442  0.
 443  0.
 444  0.
 445  0.
 446  0.
 447  0.
 448  0.
 449  0.
 450  0.
 451  0.
 452  0.
 453  0.
 454  0.
 455  0.
 456  0.
 457  0.
 458  0.
 459  0.
 460  0.
 461  0.
 462  0.
 463  0.
 464  0.
 465  0.
 466  0.
 467  0.
 468  0.
 469  0.
 470  0.
 471  0.
 472  0.
 473  0.
 474  0.
 475  0.
 476  0.
 477  0.
 478  0.
 479  0.
 480  0.
 481  0.
 482  0.
 483  0.
 484  0.
 485  0.
 486  0.
 487  0.
 488  0.
 489  0.
 490  0.
 491  0.
 492  0.
 493  0.
 494  0.
 495  0.
 496  0.
 497  0.
 498  0.
 499  0.
 500  0.

